id,name,restrication
2a12319f-4822-4a90-b9b7-b7e18c07e2ed,Alyd,false
a1375020-cda0-467c-a5cd-3f9f2b10797a,Mptea,false
1d2354ae-749d-42d1-9814-6156a6b8268e,Ecnsgt,true
047f1b64-d2c5-4a58-94b3-d232a1a2bbc8,Wvlcyfoeq,false
f29e9bbe-2052-4d6a-88d1-c29bd3b1b868,Gknfnlzldcafa,true
c8062349-d2a0-4519-9bb4-bdbbefa3b6cd,Pzlyefv,true
b804c872-9030-4ef3-a834-026004a0bf66,Uki,false
127bbf6a-2334-4686-8cad-79d1cd3e0fae,Xxctwdzge,false
7f768c7e-5500-4bc1-b8d2-bcbf1537e73c,Obudaujjjrwjnms,false
d84f04e7-fc41-4f02-8199-3c04a3a64d29,Vlufnujmswydkqh,true
587f8a0c-0836-43f5-993d-d1730da501db,Hrmb,true
b9ab35ad-70e1-4b22-afef-d429da739b2d,Oakicadsalvbhm,false
5ef28505-362d-4323-b27d-501f9431ff06,Aemmyqmggdulv,false
a90220c5-8f3c-4ef8-95e8-ca30bc0ddbcf,Awegqdp,true
742a4d33-1791-472a-8a4e-5e4066949d26,Pzshlftbgtlkn,true
735f6fea-93a2-477f-b460-1ee90f9be00a,Farwjcefhyepwst,true
b5d56bc7-7ae3-42ad-8ec4-cbc742f819b8,Hmcjbgzxiouqkw,false
12347df1-2021-4f76-90ca-d2fcbc8a7e58,Nujxwr,false
707eeeea-9507-4f5e-a5ad-717c40ca9cea,Pmaobnw,true
409d985e-0df5-4cd3-af99-6e3becff3190,Fzsoi,false
b832ca87-ccb0-41e2-9205-d1f99989d9a7,Apmmatxcygaun,false
3d30f773-af04-4ba4-8294-d1b17f9f3072,Dwftnchozccwfx,false
59044128-cd13-4a4b-be02-570f09dafa03,Fbudqqjy,true
dd206444-7b35-4d67-ab94-81b061972a9e,Uxnfvxbnmrzks,true
3049a53b-bc57-44c1-b616-4122d2d2cd39,Gttx,false
c3e9921e-3c84-431e-9d9d-92e785616aab,Rxisygrwhjke,false
533ea321-1ead-4ef8-995e-330eb9ec2ea6,Acibjg,false
48ea0f6f-ba1c-43b0-bda5-56285a42c43e,Kqazuvyxuxtb,false
6cd4086e-5305-409f-8ce2-5da915feee35,Vxecv,false
3874c798-3bdf-4885-a97a-8ab1436558c5,Cnqvkoodhscrd,false
e3d4e2e4-95dc-448b-b60d-00e645d4d1c8,Hptgmcvhn,false
9ac6f207-00b3-42d9-b6b7-cc2be45909dc,Lskoltihjmqh,false
14aff767-5076-4f6b-9ade-2c0026524778,Hubkrjydgxocn,false
81e0fa8d-70f3-463c-a97e-2739ca6b000e,Cexb,true
b34ed3fa-4d62-42ec-83ad-0c172d2cebd7,Konbkjyzvitydau,true
fd38aaab-9109-4229-a126-8ee9892b0ce1,Ybiznrgjwbj,true
09982e97-befc-4daa-8d3e-f4211490a3d6,Mjfabvljq,false
4bcd2d1c-aa2b-4cc3-8023-2f159f7b302a,Pkzshfrjhwfa,true
df6f9b79-c48f-40b6-978d-acc55048825e,Neflqnhzdpfs,true
1fdc3ba3-042d-42d8-b0e1-e1d0c3d61850,Eeapipznwj,false
391a8543-e3a5-40dc-bd38-f6d04a9b9adb,Wbjeckfocc,true
2653a838-3772-4ac6-8fc4-3fef81a1c212,Ensyafuadenwat,false
d1de0667-a7f9-4e82-a951-af098b6f8d80,Nnbewqvpug,false
478f8054-b423-4f97-8c3e-5da9b40bbffe,Fiadtshouixo,false
3eabee7c-f455-442f-8ccb-b01da466b0c8,Rlw,false
69cf7237-455e-40c0-962b-2cd93597a594,Treegccm,true
c373d302-66ce-419f-a9d4-5a0b834f89e4,Lwhdj,true
c6cc4b00-937e-490b-a0ee-3079f6ea8bce,Sjdvwdpm,true
2682ba62-b8a1-4d51-aa39-e635866c13ad,Hqhgxv,false
b506f21d-1e11-44cd-bbc8-6fcecc7d7927,Uuy,true
722089e7-6c9a-4852-abbe-35ac4f653901,Pnluvxucs,true
b55d6514-dd97-4746-af72-9558e4391e62,Woenoczrrx,true
580e1150-26b6-49b7-ac1b-b1f4ff530636,Ryxckwkixfrri,false
7a6644cf-e9e5-4aa7-948d-b01da3552187,Wrqwofiponcvwq,true
972cbed0-c931-489b-8b87-892d63bfa62e,Zwobswrtfcjyxh,false
ba840295-1f03-4670-8dcc-d098a77f7eff,Hcimmdkgzyatjn,true
fb96fc18-fc54-4fbc-a01b-3905194b2f97,Wzjcrvhfbnm,true
1e82905a-ea60-458d-b55d-9bc334b876c4,Ylhplpcmtlx,false
3863b496-404e-403d-b4e0-f62e2c411455,Ledehr,true
ca566508-c281-46de-861d-a138500e06f1,Sarvvouzuyvmx,true
4e60ad50-0393-4349-9ad4-76bb198601eb,Ukavhv,false
5d60cb10-2a29-498a-aab1-17bcb0958b82,Lntcnyngnwcouu,false
99ee5442-1ad1-4618-bbce-d65838085cff,Pcnfm,false
b46f1fb1-da00-4189-ac6c-54c261168638,Mwyyqorzh,false
fdf322d5-bab8-4a4d-91d4-6fec73d25cbb,Cyqxxgq,false
bb582ede-f324-47e8-b614-a22e37b887ab,Dpu,true
8b7adae8-f728-40e7-83a5-1b55a47d9ca7,Buit,false
ffac3225-818a-4ef0-9178-81f0ec342a26,Vbbqtmkbhiyar,true
49064313-d349-43de-b0f2-78e813e468e9,Ypwrnfghobjaozj,true
0291fee6-c4fd-49d3-9205-0daa76346f4e,Yaeskcpb,true
a6edacfd-ee97-48cd-89df-55e4b54ebc92,Ugv,false
233feccd-d993-4907-92c0-40b42c39012c,Oce,true
c2baac5d-7640-4060-9312-b9389a2d54af,Naizjpcxnq,true
35864f14-07a1-4789-b72e-a0ec96e6893f,Estlevfc,true
91b96d8e-9624-4ede-bee5-51dfbe0d8219,Pbdukmsjdyys,false
a6a9e155-29fc-4d48-ae3b-dec3691b2756,Krdbhaekciwkp,false
7c49675f-3278-4e40-a128-6b78abe1880e,Xhzd,false
e868dbf1-b820-48b9-a56c-567be7bdc20a,Vveaguoqfcr,false
409a0013-2a71-4663-83a1-0bd0557e8461,Vdy,false
830e9a8d-3775-4894-b907-3122ee069b2a,Pjwmozyror,true
6e983403-76aa-420c-a41d-87741e1c5c63,Fvzbirl,true
41e35fa8-c12d-483d-8d67-dea56f2d2158,Boptwcfnfzlsct,true
f0e995d3-5bdb-4758-8969-c5d02f2455ff,Ddcxfewndonyhoc,false
ace60d9d-9ba1-495a-9202-576ebf2a7c2d,Umhrj,true
9f4892ae-e1ce-4699-8f1e-235fd0b49650,Stujppvazzgbpm,false
c213a2ee-103f-4b4d-bf55-75a05141fae1,Wvjtgbuv,true
94dfe056-b699-4900-b828-c881b08043d2,Pokioozouhdcd,true
8ebccb2c-bc26-4fce-bdb0-7b14dc21c68a,Iekmaqfxdjik,false
cb1f84c7-e847-4be4-a959-5f380bea4e66,Fttbgn,true
c5bae7cc-517b-4723-b8a0-fff9b37e5731,Dangzfjzmyd,false
f0ecfac5-f25f-48ad-a419-242621f938e9,Gdouh,false
fbb79560-fc35-4205-927d-440201ab9ec1,Ddxacrdsuobusg,true
5571a698-9f44-441d-ade2-cf0a977d04f0,Ycwayo,true
f41ab257-a838-4b5f-a1d0-cb90c813f26e,Xwjniwocijxt,true
13817555-ddab-4991-aabc-9acbe3c2604a,Sdumiinmdgxa,true
a82f2fd7-a180-4ed1-bba2-b0fa4a0f5551,Vqsfysbp,false
1d93481e-f35c-48e2-bc3d-fa787a45a44f,Vccqfqyfg,false
e7dfa5fa-4602-4ce8-a0ec-481589a81c15,Vnjrefmzw,true
ad653e20-f347-450a-af5e-c26592eb0f73,Zhkdhomt,false
7452e24e-05df-47f7-8f98-5fef03746abe,Xjufldrbvpfuv,true
6b77beca-0b17-49a9-88e9-0789d74f24e9,Xwqkdapyae,true
9c4a68ac-5a4c-4afc-9dce-e1ba1861668c,Umwilryhgkimwl,false
f3f1d752-eaaa-40eb-8230-ab0c6b3b5e70,Nrdjbpjduecghvh,true
8711a800-7c13-4f66-80f4-77eda2ef50b6,Gzqtdfsbjwibsj,false
522e4a89-9c45-4f7b-b8bd-6a2a8c12180e,Mhsl,false
104526d0-67a0-4117-8df3-09cd1a04fd45,Ymbn,true
30925ba0-297d-49e2-8403-a297a5dcb49c,Mtqkmkiuotmo,true
0034f37f-755f-4c5f-8236-e618636a4505,Lyzpxsotfr,false
b8be1f5e-921c-44dc-8457-73dbb411b252,Xsouzsldou,true
a1bf32b4-6ae7-46b7-84aa-3fd205d5d8fa,Pqcdzktejc,false
19466730-2f98-41a8-a072-f3e1a62af0b1,Ubvsfxkem,false
e141b7be-08aa-471f-9914-217fc913d3a3,Fhqefpbzqmqeq,false
d21c463b-3770-44ba-8479-ebd6012f9da5,Hdkhghxv,true
2ca16f5b-b5b1-4dd8-abad-bc46133f66c3,Fftu,false
1c8691a6-9bb4-40c9-965c-89399df8f499,Qnbjun,true
ffe5d407-e8eb-40cd-bb7e-3ae7f65e1be2,Anomxdjmkkoq,true
d6be8b6d-89a0-4604-b4ef-a08da901616b,Dabyns,false
76e14634-54d6-4b15-8b7b-d7b19cd4c984,Wloxbqvviu,true
b5ea2dcc-2c18-4351-a72d-a04dfd18e4dc,Irmczfxln,true
9cdba6b3-93a4-43f5-9fe1-d32f3b5f9567,Fuigrtynkbmdzk,true
98b8b06a-10f3-458b-80bf-5ce8a59785e2,Ffneukgdb,false
44098f23-fa2a-4e35-a1e3-91c21fb67c2a,Ujqokbzfdpfpil,false
888d3775-d3b1-4e0f-9f21-0ee56d30ac48,Kbcuauxwtgj,true
b7d9580a-8d18-4650-b5fe-1b3643c4c5cc,Hxjzvbtab,false
150c6a5d-d025-468b-a99a-5fc8cefd55ba,Raxziptikss,false
f76c211b-feb3-4738-bcaa-ddf97cabc9ca,Mmvbmto,true
5f188fbd-aa65-436c-9396-1d256c52b486,Mdenty,false
30813611-702a-441d-801d-4d34ac55a715,Hbsqz,true
b8e09c2d-3d57-4066-a3f2-4235fd2e8436,Hudusjumjviwf,true
9efa53b3-4dfc-46e7-854a-58abdc192697,Zftqbwci,false
94c3344e-12f3-4c9c-bc91-c0f0e99b6964,Ztbbejtquhjfbvu,true
b7c75200-f3f2-479b-ae5b-9a7262dcea6f,Aeeauspitfgxrw,true
e28a451b-ad4d-464f-ba52-2b8bdf31611f,Jcbmettsqqkiy,true
1784ab67-996e-4391-9a43-8e84bda0169f,Woxzsb,true
f28aac64-566e-47c3-9bf2-39832457c0a1,Pmtfsfuc,true
998a3ffe-ddae-4303-8ea8-63c03f9ba73d,Ekobbngsgzurcdr,false
a37ca24d-a681-4af1-8aab-0dc9301c7567,Dyszr,true
6b5b0463-a738-40de-8088-dc2fdae34d6c,Bzdmylnhhvttfsq,true
a4f23a00-7003-425c-a875-7baa8d5f83aa,Dxzuadyye,true
9cf5a21d-d102-47cf-bfaa-2dd03236d433,Hnrikpmhqnda,false
aeeb6631-bf38-4926-ad62-c71d4b8a1a28,Gsfkolgtpxcgm,false
784cc540-26d2-4551-ba26-ca1c9aa203fd,Bmvkljp,true
fe774235-a203-433f-a5e5-c5546cd28222,Tyj,false
bd5e03ce-28ff-43ef-bd15-756c982e5858,Zwaw,true
059cf716-0405-473a-adc6-a59da303efb4,Bjeasoicuimer,false
c9629037-7d1d-4813-9125-e45c324323df,Ufawe,false
25c29d53-ec0b-4605-9bde-54bb870e0843,Vtjvipnnbqiirdp,false
962d000b-8e36-4555-8c7c-7ceab632ac60,Zqtfbduejrdxluv,true
5f2e1819-da3e-40b1-a5f2-cd8da9b38897,Thtgqouuunyx,false
d3d02952-33e7-4bd7-a99a-9183c717ace3,Nfd,true
64a6eb75-5445-4fe4-a5a5-637ce4b84245,Ysdkpemb,true
43194014-8080-45e9-96e4-a206406178d1,Otrlh,true
b1ec5b72-703e-4cb7-9678-890f5c163a25,Xlc,true
3301bf6b-c714-4ef3-b35b-a561b487d460,Rpxxivmrpw,false
0ca02d72-2024-4e82-bfd9-244bfd2e3521,Ammpolhtw,false
d445d80f-e5ea-49ce-ab51-b6af29414945,Mgqicleyvut,false
7afe6cb9-65c1-4b1c-9e52-76455f331beb,Drdizllqssku,false
8e6932c7-26bc-424a-bb41-c417061e6bc3,Ylnurdbumas,false
cb78eb7d-059d-41ec-9680-07e9823bd6db,Elckkwjfirk,false
82b9cc6a-de5d-4e7f-bd4d-b277fce975bf,Wojjinpsmpw,false
57e2d0b9-bcdc-4629-b73f-f9df1c9923dc,Dkqwlgbrkesht,true
3192054b-8d72-4955-96ed-069405e33862,Imcsz,true
59851fd0-3204-4bb7-83c0-6e8173534cfd,Mzztsiubzqq,true
d9c79a72-7e18-4419-96f8-834e53dd35df,Yjuaocch,true
b57c9974-4297-45b9-b7af-dcd060bb10a1,Fulvef,true
34b979dc-3e33-41f3-8647-76607cdedc68,Dunt,true
000bcdbb-e4cb-46f9-9752-a0346d67c7d4,Yrlfqgbwumsvefj,true
8b52f542-7b8d-4940-9f23-47ab9047e701,Qzbwsjdoeyrs,true
d21ef28e-d0ad-485e-b35a-6c95d935115a,Dkthnxuqvsvmi,true
9d56a688-231f-41b6-8866-ae973cb68a1a,Rsxgndoojedityo,false
317cca47-a38c-4691-9ab8-a451fbf49c9c,Mfqfh,false
72d434b3-3428-4bdb-b822-432ef01ea518,Kdphxeo,true
3945537e-36ce-4a7a-a757-cabc36093388,Fmdmdyq,true
6aa26d5e-d783-4092-9304-296889e5ae96,Hnygiayd,false
8cdbf24b-3379-4c61-8349-ca1b5159b805,Orekukyz,false
7bbf9f0c-e7da-48ba-8532-2db06f412c89,Vcri,true
88b8b71a-837a-4ba5-aec9-0447c9d27ba8,Vokwd,true
6c3ef321-d94e-4140-b456-07eca713f556,Tqlyugzqafz,false
973a4fbc-a40c-4b5b-8b62-bfe6318ea56f,Xvd,false
a7b6f371-7880-4182-9a56-de9bb520d3ec,Mbknxbjzj,true
6f902a42-d8ac-48f9-8d6d-91da6e605e50,Krhxthffl,false
274b556f-5737-49d1-8fc9-fb56c3414b8e,Mnap,true
818bd6c5-d633-4d36-9ce8-fd1572dabdf4,Tjlcylpxeyzun,false
b2588825-40ed-43ed-a648-c1d9da374fe2,Mnqxxx,true
ca1ba045-0482-4de6-8511-56d793bcd191,Ommkpt,true
c00e1b81-98dc-4a75-9068-8d320a39a881,Dcvkpztgbogi,false
c0a9fc35-ea5b-45d7-b4bf-0e4115c7b364,Ojlt,false
dcb7b719-2759-4498-a4f5-9308e9a1bf85,Mruz,false
07a094d8-4322-4acf-8a72-2c7e443a182d,Rydyv,true
62a16976-61ad-4046-b235-8e6c5788b5ee,Voxkzemgpmia,false
ac7ec77f-94cc-4bff-b0ea-2773f83b5f59,Lcuuxynkcjshktw,false
c1ef83ed-63fa-4768-b914-4c67ea8326d1,Mwnzawltqkvkn,true
2f5b34b6-1279-422c-80d7-f3c881d13239,Trqxfqbpma,true
b013a215-e3ae-4450-b80e-1a2617c5b3fd,Zzekq,false
82605283-8112-4286-938b-5390e2c3442b,Ilmzlx,false
36369eba-bded-4a6c-b38f-d2950b17441a,Adpaeir,true
825ef592-462b-4e94-b5ab-13dae1108df1,Khufejixfv,true
0ccd13ea-2130-4304-b2d3-df4457750556,Jdhnurobg,false
e3c121cd-59c0-40fd-a76b-63541ce2b44f,Zjpzcebxnlrsanc,true
f12492d7-a3fa-4db5-a01a-561599b33b03,Zgjioelwzdmh,true
eee4fcb3-c441-4cf0-8b9a-d4fb75616d7e,Jpfpipkbpmobx,true
33dd7fe4-fedb-4b8b-9af6-663186d9e208,Phcpwidwiqfmo,false
755b6c3e-bcde-481c-8008-4f12dd75582b,Hnvamdnqencucb,false
ca07e616-11bf-4528-b5bc-45dda35d605e,Ytdq,true
822bc03c-47d3-49e3-a2e9-e90d23f1326d,Mtqgurkxwwaxj,true
f1b8a0ff-2121-4fb4-be09-e070601351ce,Zozndmnogpymmuy,false
512f2de9-44b6-43bc-b3d7-61ee950ed573,Bbccz,false
209f3b0a-8c05-4e19-aa3a-ea6dba2fbbf7,Sge,false
17cfba58-7ce7-4c58-b6ae-7d2633653a69,Lwarjszlsghuypp,false
15320d99-b7e6-4b20-b9b1-21c4da760361,Dgspmrcqjrvlc,true
376bd8ba-2c6a-4176-bc20-1a4a540e5984,Osuvbpybvfq,false
930b8cac-bce6-4285-a0b6-d7aac7b73e35,Wvtdwcfuclhl,false
e439cfe8-1f12-4c59-8307-cea912e1139b,Teirironftmdx,false
6e6d24fb-990d-4bfc-8c92-6ef762f34ae2,Agmnavbnki,false
2a396910-683b-48a3-9a7f-0bad1886f8af,Eovhbdhtfb,true
a2a334e9-1a0b-4e25-a051-51812da41232,Sklztsdyooo,false
b5d65b6d-e03c-459d-8346-8fa9705ebd05,Jfrmendlpiiqfi,true
df3ebdce-3344-4ee1-a6f8-0a5a26e7f2d5,Tvsfrdaxupgyu,false
932ec556-61e7-4d8f-9f98-1b152e31150f,Auvfvhes,false
59134ba2-3569-4c76-89c2-4bbebca45951,Uxzxihdge,false
7826cb9f-0e36-424b-b343-78ebca3fefe1,Ubksfbzyt,false
ba3fd19c-09a1-4fa4-9e99-4086bb2c5eaf,Oib,true
ef079f9b-b638-4810-ab0f-2610c70afe8e,Neudxzdbahvbwv,true
1bf68e07-023e-41cc-bda6-86c567392406,Jtyfay,true
5899c82c-edb6-4615-9611-e764c30c0f1d,Hzzopsxxcfcgk,false
7ce94191-9442-4ec2-aeb6-ac32113bbdb9,Llhossriviy,false
eb908668-f5aa-42c5-aa60-cc92e7d2f046,Gwtzubmywxb,true
aeb65c66-46d1-48ce-99b6-5f99b6aa0f8d,Xubskitxhkf,false
dc2253f7-84bd-438c-bc53-86bf5dea7574,Gdbzcenxkmtb,true
ea3a6d46-76b9-41f0-9d6c-1c1d44a78549,Hbx,true
b4c54e5d-7618-4218-8ca0-c8826e5bf68b,Ihq,false
daf06dd2-1ae4-450c-861f-9bbbff509e41,Gdujnpgmuxrki,true
94b7f9bc-0fc6-43cc-a364-1fad7de29090,Pytbeyiqfop,true
1cd05bf6-f8ac-4b9d-a4e2-3d099ba07ca0,Zkwhdvfonfbsqnn,true
0339a140-0259-47e0-a371-64d488cd2523,Tirscnrrxx,true
ed5c2ea7-703b-419b-9176-fffd39d1d709,Qttwihgj,true
f99c9223-a157-4a8e-a092-ae9bbc05e08f,Wschoiwsadxf,true
78bbe373-b29a-4cc2-aaa0-c0e93ee86cef,Devcjqakmsktay,false
b17b83ec-2097-419c-a7d6-917c5f15a360,Pfzf,true
e5335ddf-47d5-4a4b-8889-84e70fe17713,Vombns,true
abe07dd2-229b-4513-9e6b-a2be7741c5ef,Ehk,true
0e5587d4-5afc-4781-9f55-c01d30ddb94d,Faytfmck,false
9b868ae1-add2-45c0-90df-9a1540814dd4,Ekumzt,false
197d094b-865f-4c7b-9a1b-fb7ac09996f4,Ucuy,true
e6e4f87a-19f1-4a43-bc20-1449bf331a84,Xzoynoezr,false
15501419-136c-4077-9812-a3dc6936dec8,Hfzvdt,false
61a1a33b-cd20-43d8-a695-7a37144aca18,Jbhtuktzoc,true
2b9e81cb-162b-45e0-858f-f56efd2ac5ce,Juzbkjstwsxifp,true
296bd55c-0654-4cf8-b4ee-715ae274978d,Qtljhacmkg,true
e445b8fd-e3e8-49c1-83f1-271f61200282,Iryblyt,true
8c4ef72c-8708-494e-8f1d-85c2244d3b84,Vdhdfwh,false
3232b85c-082c-4418-ab16-7b83260622bc,Mvjvr,false
68e6342b-795f-4c74-8e42-38b41fe1d668,Nttmjjhhh,true
b29d07ad-30ff-4aa8-88b9-fac89a472128,Lbdmfoy,true
643cec17-0f69-4317-afb4-6c5ea251cfe1,Erybqzoiuqhjjtw,true
53c0a570-8ffb-4afe-b8de-7f0cc1c2b121,Bruwrpomgo,false
cf086912-40a9-44e3-a9f9-99e3ca3329f2,Amwh,false
89901cbb-1e12-46ab-953b-cff1601c9d6d,Cjpwqnruajj,false
671cd058-a945-4876-bf61-0ba6cd8f2481,Dkxhtritimkvmp,true
1bd03ac4-ff16-46ba-9e27-9bd42c36455e,Sfth,true
11f465d0-8087-499b-ae9a-6d7ddefccab4,Eqpajwosifq,false
374a4b1b-a49e-45cb-b7d8-b9016f7fa1df,Jnxc,true
0aa0a5a8-fd27-4aaa-a342-cb56e6fd7bc8,Jek,false
6f993240-c2d0-4683-930f-8400aab8fd31,Byogdtrudqa,true
e8fa1a2a-3390-4bef-b227-b151ad977a4f,Tqkf,true
3adb728a-c1ca-457b-a53b-416351f8b36e,Jqi,false
906a085c-ecf1-48f7-aba2-fb5e971e92eb,Lbmkkey,false
2077fd25-2b65-4313-b224-4b47505a21c2,Hogxib,false
1f9711e7-203a-4d3e-9a64-5c9c393a5c6d,Gtz,false
55574103-03ce-4be2-b1f5-83d0719844d6,Ssxhw,true
fb3e4225-b8d5-487c-a991-9b63b0eddfda,Zmkibpvsl,false
d34ec287-5ddf-40e4-82ce-785b4d14a756,Gxedcshv,true
d62ba11e-09a2-4a80-93a5-8995beaca71f,Cuf,false
1feb246e-81ed-4e95-a75d-94a567eb07b4,Wyzkjfwe,false
d927ab80-a34d-42d3-ad54-98ac8c1b7942,Ntqxvbodsjfqw,true
ce799d92-c65d-407a-8d41-33d5e508b296,Fulxtqafmnriliv,true
28c19341-5c18-49d7-9e93-0dc7e86d6906,Qjdcujhpnvc,false
72491fd6-529b-4cfd-a6ab-6b1758b6d10e,Fsgycq,false
2e38a1b8-31c4-4e2d-b064-322f15230a46,Nktba,false
c83deba2-b49e-4944-831c-c40387ce3acb,Gkxmipbd,true
621c645d-b474-4282-b880-c8de95a35586,Rkwyllsbjxutc,false
72c93f33-7eba-4346-8401-09b75eb7fb55,Vhkqnlzegpii,true
5e905248-aa2c-4ad5-b88b-a814eed80704,Rnacimimnvscx,true
69ef442f-ebc4-4da9-8e78-8b07ed565078,Bdfjjlbz,true
3d35f7bd-e9b5-47e7-87bb-3fc0e0358a92,Urrv,false
914ca091-0b42-427c-bb65-e8ae222b1b6d,Wdeefhyuxsdl,true
2eb90223-205b-4e59-b84c-e66249de2798,Eeffouh,false
2f92228e-0506-4793-994c-c8207b1eff71,Rpjjzcdcyyioj,true
50f0093b-a28d-4ed6-b7f7-f25885c4de9a,Ufqubmtsgfil,true
546dbc16-2a68-4981-be9f-7001f474278c,Meqhjdlitty,true
b2a70903-613c-4c47-8127-ac201f47dd47,Xphsuglzxjhnik,true
2ba095b3-a36f-4c15-acaa-04f940d1e6a2,Tttyrszmldxwot,false
f3abd20d-db84-43dd-8c45-dedf95b6e189,Udrclrlyhubcu,true
5c3a5b37-f2bc-47f0-9bb3-590c1a70b11c,Kivmqpydhiii,true
7f868e47-36f6-418e-9a04-2c41d4938279,Orwcm,false
574c1cc6-73dc-4af9-a336-4dad97b08fbb,Lzfoxrkz,true
ed74153b-f559-425b-8073-e15cb29665ad,Pfluxaztvvbdlxm,true
a214b3dd-1783-440e-bcc3-42810aea19a3,Llpximznsjb,true
9cb7283e-81c2-473e-8668-03cbad90da4c,Lxphbfyvreebpr,false
7ada4411-630f-421e-8443-4e4d4ee58e7e,Nlfqjmbbzo,true
464b6d44-2fe6-45a1-944a-ef6176d089cf,Wmtmqq,false
04e5ece6-155b-47ac-a5cf-435b72d23872,Mejqgiteoae,false
c0a2f23d-1e2d-4ac1-b716-581c43606b64,Idmqxwfxuibid,true
ce0eb782-6389-48b7-b85c-e63209a962e0,Tlbwlfotlnzi,true
d079de12-13d9-482b-9d61-2e7e0e9040b2,Aousam,true
7fff6bdc-6d3b-4d97-9fd0-6f2f89d8d855,Aydnswtjtvx,true
796fc21a-8ad6-4e1c-b042-9b5f0bc3e44a,Ukfrbrpudwriay,false
9c6c3032-12ee-4967-b99e-4b613a2a7832,Rnmye,true
1405964c-d60c-4429-bb0e-ecef70024b73,Ttbzprsufwyjrcb,true
4729b6bd-b35d-4001-b419-d381f04e23b3,Dppwoculrothwqr,true
d1b72e46-3cc7-44a7-822e-2a6b9d8fab3c,Wfyagazutg,true
9743dd87-5594-48b6-b650-242ad330d6bf,Umnrutpqhbdu,false
b58a1355-56ec-439d-863b-18fe00dc1ccf,Vihywl,false
e15f60fc-b8c3-46e8-8caf-6647467ce3f9,Uhivbntf,true
870e7d59-9c09-42e2-b66f-5fcd9bf5ef34,Xcl,false
68072359-8361-4756-abc7-91dd6fc2c734,Tupmw,true
b0b8e9b1-9dea-4526-8009-7eb0dd811b0f,Oxbtzbnsgqlljyd,false
ee716bc4-7221-4a6b-8116-814c90604d14,Iryfnbart,false
84500d05-2c87-4dc2-b5c4-866d120c1f81,Ijhispvxrwg,true
22f77257-3e4d-46d7-828f-1bd3041e1e77,Qljaj,false
4e4597b1-11d8-49b2-8eab-2abb0878808f,Pbiokaqgotduilb,true
d47fbd51-bc01-40a5-9592-5d88d4348702,Vsdjupjvoc,true
d5a91104-f136-47ae-8d3e-450a0b07a59f,Vhsm,true
dbf3f3b0-d464-4108-9ced-ca9f0998a284,Fkflrrruwqvlrrm,true
0829af71-8b3c-4dc0-996b-3b84a016640b,Meznqv,false
5b49977f-6c45-4aee-b976-69aa69249eb1,Dpikvdpvbs,false
3e047117-7280-45a9-bc54-dff8644ae6d8,Pkuxb,true
e5a05baf-4ad4-4f14-b761-f4e86bb5d211,Vnlfcki,false
51c4fb2e-133d-4812-acbb-564bf8a64ef4,Krxfllrvlcpax,false
21044787-93b7-4e71-900b-3c7f5ed7aa43,Jsxpch,false
3a716f56-9c2f-41aa-9293-81220a5b7707,Rpabboyjefd,true
63fb8074-57be-4e84-a990-bcf041bea531,Wdgxn,false
d364c3e2-3362-4bdc-bb27-2c60efa79379,Vhy,false
8cb05ace-9a46-4664-8172-06171b153e80,Kazp,false
31b06b88-0d9d-4308-a15f-91155a21affe,Ppxxqqixzn,true
0a87a062-fa9e-4871-839a-37b79f3e6aec,Evthplx,true
a86b1fac-d6a2-4865-9178-75c78fe13de9,Vckj,false
4859e471-7006-40bf-ab8e-3a9e5f7ac29c,Rypdbnoynxuqyw,false
f73b1ec5-a442-4adb-ba8c-292a41d2ce21,Kizwna,false
c61229c1-8271-486b-b737-d5329401bda2,Ljgvsfstchlyis,true
29359aeb-0e5c-4db1-b049-c67c7ac3b644,Hvzwwiz,false
8e7f8b0e-5ed8-4ee0-9e89-0e05bbf2426a,Ktxwxrkfbuha,true
babe7266-cd7d-485a-a34d-ff6fec8fc941,Qydgzjiczwnd,true
79b85de3-3828-41c0-9886-686dd9bbd6ee,Rqqa,true
5cad63bb-8da1-411f-a4b6-0851bd2ebf32,Iyjdytpvx,true
06221d4b-30a6-4c09-b641-4089fa4f37ab,Dfxqgsvzdb,true
9b8a89b8-0d64-485b-ab0c-1450bced8159,Ccqxwhlhk,false
f9a7ef7e-809a-47ad-bd76-2a1ee878bb6f,Kodbetrp,false
81cc3fab-ecbe-4896-9bd8-f1bec7e5577b,Uyxyfr,false
7429971d-ad7e-46b0-80f2-2669323e7e2e,Wlzfe,true
7ccea68b-867b-4362-8a92-33d969d88a62,Dptbkyogbmnl,true
7314685d-5172-468e-bb03-cd21245d0538,Vtdkjsd,true
3dad14cd-ae01-4976-b6fb-732ce941cc5a,Naqvfffum,true
8d92198a-a4b3-443f-ad0f-177660934a46,Uyqzwjnordydoat,false
40ed88fc-ef8e-4460-a9c7-9647b2f90b71,Fzdylgywxfzi,true
8c34f57c-4706-431d-bc97-780d0f47606a,Tcsdgnrko,false
8517de7b-1fcf-495d-b5fd-9e12f8e7b034,Jpk,false
11c86d4c-92db-488f-9c42-24e3ffd7daa2,Kvfmelt,true
bede5363-6df0-44bd-9fff-6814056ed9aa,Vqvdmyhaqun,false
149e6fb5-2453-4a27-830d-d7c8af2f1d63,Choa,true
c4566c4d-1c9c-4359-808d-ef4b0f29fcaf,Aykx,true
8a33a12e-a1d0-4522-a643-1eecc7034735,Paerdzwsbglcdtf,true
640ca68f-c392-45b1-9f1a-e0b7330a52ed,Fhcjlnpb,false
dbec981f-acfb-431f-84a9-d8ec248b467d,Zztmkyp,false
fe9d5b6c-d340-4781-ba0e-2e69d7c681e8,Ikdmsakfbw,false
b15b1887-7051-40f7-94d9-c7af2c9f9427,Cfkmjdsp,false
ed4d0aad-070e-4595-b708-1795b219d906,Emyjphzipepqtxd,true
d48d8893-d235-4525-9322-912a22e54248,Djjk,false
5c2dd458-0eb0-4eaf-ab45-bca6e5accb9a,Hnvyxuvhvnviujs,true
43b6aaf8-bc9e-47d6-8007-f42ab53fc86c,Vlojghvvuhexity,false
4b6e61ce-53aa-481e-9df8-08094eb15aad,Cawptxcrbm,false
d962b454-bde4-46a9-8a95-9aec6db865de,Jgzppobjegid,true
dfeab036-b21c-457e-82d3-a17ac8f0b1da,Mgdfvhuu,false
21e76f1d-8660-41e9-87ee-467a406b45b2,Jjialnuq,true
a2724774-1aae-487f-9b87-97065e0182f4,Hqwoxck,false
229201a0-1ca5-4c8e-a579-4b61f34b5a94,Bobvrcdk,false
6f24182b-b6e5-4df1-86ec-7e20b25dde61,Digpklbrprj,true
f53ac482-b549-407c-ae9b-31600c509701,Ylcsyzexnvhmsn,false
65b268a2-ac85-4c7f-b834-a6a8a694c650,Yjdczbmp,true
98955686-c17d-41b0-83aa-dc9590cf9e94,Lpmzfpzzhdvc,true
9a734a6d-1026-4ae1-8fc9-c98f4f68373d,Fgyzgxbcfv,true
b6504d1d-d1c6-4b7c-95ae-307c306aecf2,Hvfzjqqlg,false
ab06e404-b81a-4f00-893c-9abe2dd06a12,Wzdbsf,true
6ffcad22-720e-4309-a77b-ff1a613c7b44,Cypxtqnafrqyjjl,true
00f03327-e597-4be4-a9d0-2a0422b2ca5a,Jlkwfvxcfn,true
1fdb7566-c67d-476c-a1a0-c35c550dc29d,Xflmf,false
8c88ca36-7bec-4857-bb61-554106590e12,Cnbfbl,false
7d055d6b-bd7a-411e-b957-6c74a52261ac,Qecaqlj,true
bb6a74ae-c3b1-4db3-93c7-35e0051d5f5c,Fwsru,false
602e4a9b-bbb4-41ba-9c72-7a45848c87d6,Vcuwnwod,true
660c0414-fb6e-4125-b453-bf020ac39969,Evopuo,true
3b0b9f0a-df8c-4e39-be6d-e8ce21dfcabc,Fsyusu,true
fb8e6667-4019-4b6d-b367-40dad4b6dfa9,Hudjrnpnlalh,false
0e63392b-345b-4789-bde3-50973a056187,Bxkbhhhp,true
bcf36a1c-1215-4bee-bf6d-1e007ea29997,Oul,true
6cf36762-3a4d-4376-bd5c-2a006f03b223,Ecxng,false
b1f45b83-ccc2-4702-80e5-3d6b9d4d6a13,Sflhqqpow,false
6f23e516-9be7-406a-a4fb-bf92513c7382,Tabgaluwbxpa,true
bd1842a2-e951-438e-b555-f667885ce367,Ateoax,false
e6ad446a-4d2b-4b8c-836c-59b03d7da6ae,Fxdxvzvk,true
950d0628-32ab-4c6a-9f12-bb2245b5e8c8,Hbjci,false
bc5fbafb-f220-4a0a-b64e-91778ca75ed8,Csarrtylcxsrwf,true
87275938-300f-41e5-a6ce-3e05b661be35,Xmfkbozqat,true
82824f3e-f0cf-4444-8dd2-b33fd28ad126,Kzikagf,true
fa936fcb-c01e-4559-bc60-576301ffdd55,Xjwppojnoyzqi,false
a9464c03-44a4-4aea-a0a1-da55144a9d6a,Zbmhqrbjpxykygx,true
5e9c86b6-c506-4fba-b611-acfa274ad86d,Iet,false
b6b6fe56-2467-4381-bbfb-5e43dab88953,Ilqazgzyjkfctk,true
4c167dcd-5f80-4c10-b5dc-5df0e539bfbb,Jmp,false
15afe9a6-7f30-4d0b-a13e-16767d0794d3,Irkxoetcobtzvc,true
ee8477e1-fe02-463a-aada-29dce4907076,Hxdptmrouuvipt,false
5621b949-0905-4173-ada9-4f104a12a354,Dchinpwgen,false
5d3658c7-877a-416f-a849-926d3d033af9,Vffnubxmjs,true
94ea33e3-4774-4de7-832f-22ff4ad31923,Bpih,false
e4ac46ec-dd10-4da1-8bb0-0c28213e12f5,Mxztguluocbfyeb,false
fa6f950e-0a0e-428d-aa88-42e86879173e,Rjidfrsexuys,false
249e1f4f-7276-475e-a94d-b125987b387e,Dgwvf,false
bf45c644-be26-410a-a3ed-1462fad1aa34,Bbaoefwbjrj,false
c5c90344-3fce-42ff-b51e-033a95d6e08d,Tqivbygmgmv,true
6ee82971-b501-41ce-b73e-57bae0529f7f,Fcrnnmbmofvykmc,true
fd40bb7e-d197-48f9-ba08-4032077a662c,Vwvckn,true
a84ab7c9-cdc5-461d-9930-2d24d1cf6d14,Oqkkyxnfldlq,false
484b57e9-844f-4d85-b9b8-69a437fb2351,Kvcerphhbxsaeys,false
94b6be59-f3ba-41f5-926a-15b92dc63757,Asmx,true
1a03e886-6ebe-4519-9c51-01c861d5c6ee,Hlhkkvfuneamvf,false
8a205e18-0beb-4228-9eb5-4d7b12dcb7d5,Bmigjjrxtkzvd,true
3abc39af-f0e3-43c3-85b7-9cc52937c561,Foty,false
9a167903-8909-4cad-8f2e-7ff608e6de7c,Hpttmfyzlelpa,true
3a4a7b73-726f-484e-a90e-f8744244c694,Oghuwixsfhy,true
a0f9eaed-ea79-4aa0-8c32-d1f1aaf254c5,Lgaieyyr,true
919e969b-5beb-4bd8-9a6c-f93b1b273ad7,Jlozxhxiyqhvee,false
537842f7-03e5-4234-a85c-8a4fbf976c31,Ifnzysue,true
0e6e067d-ae02-4ef4-98da-87b5c62e0d5c,Jovktr,true
fe43b6b9-7d5a-4554-8116-cbe0d8f315d2,Qjeqteypw,false
8c5e5c03-d1d9-4bde-b98b-8124de87851d,Sttaneyjmjirh,false
c17bd37f-d5dc-4c04-88f9-6db0a8483eab,Eenzofp,true
82cdcbaa-3518-477e-a0ad-bcec8be107ac,Hspym,true
60db5374-ccf1-4c41-9607-4e87b8cd9653,Ibar,false
982e989d-8ce9-4c06-8426-e541d3c8ab59,Fqhhrpxxckc,true
d3bdfe6a-5894-435f-9348-300ea2c1951d,Wffjzdqhx,true
fad80976-a9e1-4f0b-9244-dd09a8a7b7be,Yaohqs,true
550e7fd9-9c7c-4802-a1c2-d120b15572e2,Zip,false
6f47468f-00b8-44d4-bc16-9c85cccd56a1,Orswrtjevj,true
1eef0f2b-983d-4671-b406-b31c7a61ee38,Bfacokt,false
14cd6619-13e4-4233-88e6-6dfb16f1a657,Smxsxfqjltibpw,false
fe354d6a-b315-449a-a21c-e1cfa1325cd1,Snp,true
8280ea24-babf-4599-88f4-681bfc188f5a,Wff,true
84034a2b-7884-4b7a-8037-b7899ebeffbe,Fhn,true
6d00753a-44a9-4933-8357-23a683b5ea49,Xlvkmqhntoe,false
06518ad1-7d07-403b-9c84-ccbd27073eee,Aksszdxoxgjiri,true
b16be5fc-0641-4308-8661-46ff4b2ac2a8,Pnqvtwl,false
c37b76e4-f4a5-4b9e-be21-a0d9f6099266,Bztvlsmttezvnk,false
a37d7d2a-cc34-47bc-822b-71fab25c8aff,Nsqmilt,true
5262b114-9ff0-44a8-9be8-09238feb81fb,Spuvwha,true
975c4b7f-5216-4188-a25e-ccaf965d3f91,Ougauyc,false
d11b07bf-620d-4665-b433-201c200877ef,Rlls,false
d5abcc42-3ce3-4d8c-b859-c9985c6843c2,Rzq,true
c2d4ec8b-9af2-402b-863c-6e124d2aa6b9,Cyjlfir,true
4cd4731d-d7be-4c09-b287-39970bd47156,Omqcidmtolpj,false
0dd22a08-6546-44ef-a332-21116896dd82,Wjhuttminsxgbx,true
22d5f073-3972-4b26-bf7d-5552dfda85ec,Mjanr,true
10609542-a907-4468-a563-7759bffbef58,Blttl,true
f85d56f9-6f47-4ab3-8a13-5ca5ffd515cd,Agsnu,false
7acf2019-92d5-43c0-b8d9-776a29e45bc5,Ekefodftvix,false
6c206fd4-82c3-4e61-915e-c9461bf4f7e2,Wfxxfceot,false
74773902-6170-4ff5-a9d4-4491e7caa1b4,Vjdydqp,true
34c93f07-b771-4a9a-8b17-619dd808239c,Ehpfvxax,true
e867eeb0-01a2-4ecd-b5d1-076ef044d978,Jqhhkhroltpu,false
cac41cec-c32f-42c4-8d2d-af5d8a9cb51c,Hnhwvrxc,false
b9740e14-1398-4e9f-988f-e17fe7942875,Zctiyhgivmhaejc,false
6d1524b9-0cb7-4d95-9aaa-7dbdbde8b893,Jreygwdhfyr,true
50382d64-0c32-47d7-8265-ab40a27d8d5d,Lcqivumhpvbjemn,true
5e1bcac4-8a56-4a2a-99b4-a8a8eec9b984,Ccwjlez,false
55510cbc-499e-4ab8-be20-2579a21ea831,Mksfbagwfz,false
321f4443-fa1f-46e0-9a84-dc5137ddfaae,Denrjtsakdg,false
39ce2e60-d278-4e52-a4b1-37469ba87306,Wxtxlhjpsu,true
2b8ded15-c6ec-46f8-8945-0703f57eedf5,Qzaupxvj,false
0bffec50-b319-4209-98a5-f1ff4f0d8ec7,Bmygdsybvzjmjv,false
6a4b95d6-d0f7-41dc-a4ac-e1b1fcda1bd3,Dycyeruf,false
e9cbac8d-2997-4107-a166-a89a60165b2f,Uwzjwdzfxirkgtg,true
5c0f883e-d9cc-4993-90d1-e3ca9f8b03e5,Kts,false
b2777a01-3f95-403d-8e80-daf9e66ddf68,Iuvoghzczcir,false
31a36019-14c1-495a-b104-41ea14128385,Iwtv,false
644e66ea-95d1-4911-869e-3a3fbd84e5ac,Iafklovcke,true
e4a84eb7-f73b-4390-952d-8dd9b5f4e4c6,Luc,true
7f662e78-0ed6-4354-8daa-05da9b66dd5b,Aafjt,false
a73367fa-849c-43ef-9cea-58fd54aba5c0,Qmlncalppxlksj,false
a21a5e87-2bd7-4ab9-a6bb-57f507219591,Jyyydsmormlmq,true
595f9b48-d8ae-4c7d-b05e-c2e089e4ffbd,Jng,false
c7503832-3fb1-46b5-87ee-c2a75599808b,Dzdnhni,false
ce6338a5-700c-44e5-a402-381091b74505,Zthap,false
e1a7c874-67e3-4037-b520-df5577c3afa4,Vibo,true
cfe653bd-9690-45fe-807b-79f3e6f27c5b,Qpjlisxz,false
24546e52-52a4-4998-bedc-196811aad59c,Qapnqq,false
af15bd15-59b1-490e-9284-fb6d481926ca,Edcjano,false
6a9e5df7-f169-459d-abee-3fe8857bbbe4,Cnrglmfs,false
63252962-317e-4c48-81ed-17f7d52e379c,Sjnoolhxxbhqbs,true
b4059ce7-0a25-4bab-83c3-47c637a0fd00,Wuzsy,true
109d8d46-4546-476e-b1f0-df68e0c223e3,Vexjyzjryxqixfd,true
3330c438-ac0c-4f1b-93d5-298021f54b49,Hzgrtmvcutbsi,true
39807b92-239d-4ff2-aa99-b769884749fc,Lcsocsoy,true
2d46ab14-2039-4357-9776-ff8a5d5298e6,Wrlagkqgqsjuvuk,true
94391009-be9d-434b-a409-72f058e35a3a,Netwjhci,false
607119e6-aea2-4770-b95d-0825c697b0e7,Rkxe,true
cae181b9-08ea-4ffa-896c-a3315fe8334f,Ldicentpqqrl,false
e7da13df-e224-47d9-9bf4-8f4efc0c2622,Oztimufiqsodns,false
c3c0357a-0fac-4665-a987-a7168f7432a4,Djwfelgzwoihyhk,true
f5f7676c-b7bd-412b-b829-af5b112adbd6,Zjdwuqntkjym,true
f6a53fc8-4f2a-4b50-b0c4-f1ed06921870,Jjnbn,true
f1168ecc-fead-45e4-9238-213a7f7e5487,Kujaycop,false
5165a5b3-795f-4d8b-9a57-c89c89941724,Dqixuycf,false
9623ee34-dd8b-4388-9110-e8731791a3d9,Sctjwnssaw,true
7396e809-8362-4d6a-a877-a747303c10d8,Exzzzdvorbrey,false
ce066209-5968-4dc8-992e-38cf77e10ad8,Jkxxht,true
64abc518-3ab1-497e-a9b5-9252d059c109,Qtagvbfauwyx,true
c4eba2d8-3942-409b-a761-d7cef439d3b1,Bqe,false
353bd892-ab19-4876-9d32-91cf5d37a3df,Aui,true
eb0f5758-0aed-4b66-b485-52394ae709ea,Hfrqutbeuf,false
821e31e2-d56e-4d44-be8d-800ad7bcb3c5,Xuihyrae,true
fbee403c-45a7-4b65-86be-181e081390cc,Pdyihkpziif,true
5d264658-8092-403b-8352-dd3ea3146599,Itf,true
33e381d0-5c59-4e1c-b7c8-135a33b46041,Reenhviwymujo,true
bb809030-4549-48ab-8fcc-fc0de7e9a7d7,Phhxhcxzf,true
d503bc8e-fd3c-40b1-ad15-23843b6bb760,Iqtjdfloylnr,true
f6427c96-9c39-46a4-8e6f-737cf9725842,Yhnhs,true
0da8e79a-6bcc-42de-a96e-33848ffe130c,Ttfwxrwfdtwowsr,false
b34074a0-d71e-44e5-bf78-a40a3a0f5251,Eetlpglntqdu,true
f5160f99-a97e-4009-862f-aa92a3e82733,Bdeozfjnvcyw,false
a3d36a6d-f4ae-4115-bbbf-c176a87a7e7b,Ierotjyotoovlkg,false
085126bb-2bd1-4663-a3a7-06d70919c025,Irdudloyqzmomyu,true
b10159f1-85e9-44ba-a214-fffa1b6b450c,Cphmxbxpy,true
d21cf83b-7bb0-41af-834d-4ef3c9019056,Qehhtvdizvp,false
1c5b6fb1-ad76-4dba-ba6a-b979cc6ad64b,Axstikgvjoa,false
eb7b73ef-411b-4c10-9410-fe7e998df981,Ocoboffqakkh,true
155afd66-34b2-42ba-8cc3-7766a124b9a2,Nepaiafrjl,false
3f1b2f7a-fabe-4ae5-8604-fec3abc8b246,Fots,true
b05b292f-2c23-48d9-af2f-88a98aa87584,Excnxqszlfay,false
4550beb0-fb08-4985-801c-42736b67e498,Huu,false
bf89e16b-8bab-4ed7-881e-00762848b5fd,Anahqwfqrrtwrs,true
0fadc1e0-832e-4f6d-85c2-0bfb234ac53a,Kvwdflaalooiy,true
e249420f-7687-4b8f-9f9e-2657dd29987b,Tmfgnvp,false
535a9234-ce97-428d-b080-60b99f506b83,Tnrhespo,false
c30c2588-2afe-4bbd-b863-af517066895a,Cevmvhllzdp,false
cb7a9d05-69a0-4c59-a80b-02e719d30d55,Ucrubaladpx,true
4ecd767d-034d-4e75-b754-c7fd3578b0bc,Yga,false
cf5b013d-1de4-4733-b3d6-05877c5b3b1e,Ojumwejigs,false
1d875114-fe6a-4e6d-8a09-2501fdc0d1c5,Mhuuiuxaod,true
5a268062-147b-4c98-9b4c-117ab6e6f2f1,Qwmfywsuypdkruv,false
734a04f0-ea68-4519-b7a4-4b02f6737af9,Lwsn,false
eb3ebbd4-0600-4be1-b54e-e8871a4a3d7a,Faafpxlgrzzm,true
4a2013aa-e9dc-4d4a-8556-194d731d5de3,Cqwbehrkcj,false
705627c4-ac8d-4b39-ac48-2cbe3851942d,Vekrjjqwp,true
b09e1301-899e-4ca9-8d39-da9d7f0af3f1,Xxexwjjqouaouf,false
0d4e9501-2b0d-4c70-9eb2-4efb999d3e74,Xbzliawlqlbals,false
41f01a20-13c7-40b9-8c64-3b14b395870a,Nlq,true
b8555119-f39c-4e85-9a11-6adc08dbf7ff,Chgzerdknjp,false
51949d85-73ea-43c4-b62c-7a77b54d0d13,Syctpkapaydsuta,true
9b16ffbd-77e8-467a-afea-e0800d0e0c3b,Bya,false
36be7c1d-b404-473e-929b-3a3348568cca,Tyia,false
9d4e47a4-000b-43d5-abfb-7ee786723a6a,Khjidwc,true
3c32b118-5b04-4042-b85a-058b8452b46a,Nheenyzrhzg,false
b24856a3-6bfa-40ed-aef2-ac49248ef081,Ajnisudp,false
70156d18-b235-4c22-bc6b-d31cd4081759,Mzonpxkwtszcwxe,true
fe0479f5-7c81-4dfa-bb88-3af9d177e842,Xqnyltpbjofly,true
0c9c7732-1f3c-46d7-a2e2-b0802864345e,Drwkx,true
6bfa625b-4127-4bc5-9683-0ee7afb4dbf3,Fzshsdrvtrcqi,true
8a6f0644-0f31-498c-ad8f-7b0df2388b02,Beffjnshbgwk,true
d1255a31-afe4-47ca-8bfb-8a30ed174f5e,Vewluudsn,false
c3ff6523-78e3-4f1b-adff-6dd8c51ea279,Zar,false
19896ddf-61a2-4bf8-befd-a679638daedb,Yfqq,true
6b438799-0123-4430-828b-4ee01c469f52,Ebjvbb,true
b3bb61c0-9176-48b0-87fc-bbbd0e360b26,Vleylavoygvioe,true
13147766-f73b-4413-97aa-7e644eca34f9,Vinp,false
bfb16c3d-4645-4a5a-816d-5ac2cdc50976,Nppalfyo,false
eb54455b-d813-4836-a276-2136b07b2a01,Vuxek,false
7eabf861-ad58-4884-a333-30b3c1ffde0a,Gprzppku,true
866d79d4-6e7a-4cb7-93cf-cfab9d530d5a,Tuhh,true
82e0fd62-ef93-4193-96fd-cc64b66a4c78,Hja,false
d91e2f72-0878-4a30-a722-a96b072b30c1,Ljegcbu,true
a2fb146c-9b93-4d77-abec-5b2e5a74cf37,Llxyvji,false
fea2f458-199f-4c12-a44e-275a839d8f99,Qchfzkln,true
38f3a1a5-1440-47ac-91e3-a08a5b5e50e5,Mvpuxzaxqf,false
55753387-4019-4bb2-9b6d-e943774188d1,Vrzmqbudcfrzqlh,false
d32e9abc-93a2-481c-a967-bb1c35ee53dc,Vjafbddkrhseam,false
facfbe8f-4b90-412c-a7c2-b34d902e9db8,Dyzuysfxy,true
88385013-d47f-4299-8dd5-68c814b086e6,Aawouisg,false
18c8bd7e-95a2-41fd-afd4-2a98eb41156e,Uchesf,true
51c3eac7-35c7-4620-bef8-46ecca8ee987,Onzrckcmnku,true
6db41ffb-4f98-41e4-b50b-94645d27b00c,Hohlgrma,true
d847b095-773e-48b0-a72e-dbe08c4550fb,Cepvrjpjyq,true
94317874-8c4c-4746-9f21-5aa06695c4bc,Qecdloasfb,true
ff77b4b8-3b5c-4580-adc5-977235e1bcde,Uoua,true
8dd4b5b7-e108-4371-8faa-c065e4377ed0,Xfg,false
814b1704-f4da-4186-a376-ea566d155404,Hhcnbxyttyz,true
7f53c35f-f91b-4f7e-921c-747786af3b12,Biqxb,false
16228d50-365d-4dda-bd2f-16c2f8fb92da,Teekrnobkovyvb,false
3bf0219b-499f-4615-ae8d-4397ef99daf1,Fjhaudhddgw,false
b2204d15-285b-4647-975d-6d501fbe16a3,Cxz,true
6dbcede4-5407-4d0c-a2ec-3151e8df38ad,Dhstyda,false
f06eaa4c-9888-4e8d-abba-b0c6388a12bb,Fbf,false
40649df5-9810-40ef-b033-172478a351bf,Kpze,true
e304a4d4-b5c0-4fe4-b9bf-cf3f7ab16f70,Silgdeh,true
41155609-842a-4238-9cf9-111a42aa6bf2,Dho,true
32e5a6c4-23b0-4170-9043-2fe6c6c4bc09,Knuieywasu,true
7fc1ecf8-cbb6-444a-a1e2-0a38a011972a,Mkrdbpya,true
691797a7-b877-47cd-bd94-6a7a2a484d4c,Fzyrocmr,false
caf7dac4-40e6-4df1-9be1-83037f955e6b,Xsbjhvudzdd,true
cb1dc706-ef31-4dee-b187-7da3be7f721d,Mokqjufuuhbrcc,false
8b013d77-d4e2-4ff4-b43d-2f93549e0b08,Suxh,true
4a78ee91-7467-4258-8539-559aebf56051,Esyv,true
d0d3d9a8-fca4-4bc6-8de6-32bb8f1565cf,Qkktnvcfbrmfpe,false
32d3e2d7-ffff-4825-abe8-06c8fed12d2d,Bqwtrwecdrbapg,true
d0b401ec-e140-495f-9952-904db4969f81,Ehwoudibkehpd,true
cdbb4714-d9da-4e02-8c50-7188d8845891,Ddlxcjykmyvjp,true
a5aefcb8-16c3-413b-b349-08d4e45ac9fe,Szheshsysn,false
d8dbf844-c37b-490a-8b75-1acfc307e8cf,Hgfwt,true
a33c1981-4619-4cc1-8653-77e357b4806e,Spis,true
aefcdb62-e44d-4cb8-bd45-b79657edd710,Udafhwczexufwr,false
93e25c24-855c-4afa-ba53-bc0d17b6c269,Ixm,true
cbcdca60-a7af-415f-9931-a315234d822c,Amgrxbizyktr,false
0b208457-1e18-4f82-915d-b1d60784a82f,Iuatjk,true
889fd24f-96d5-4662-99d6-f12cc8c532be,Omqppui,true
d7f24a14-4e5f-4147-a5ac-519d96a1c118,Gzcgzbmyyv,false
6a2bbf54-fa23-47ef-8913-ceb3eee8ba94,Aqwmjk,false
349f2c9b-d3f4-4322-b44b-59133fd0784c,Xpv,false
91ad768f-4d7d-43d4-b2f0-50a6173d2fde,Llu,true
6d171443-7a0e-4d42-a48f-1405f20a96a8,Ybhml,true
a9507a53-08af-4f81-876a-242112be4d9a,Womc,false
346ba39e-8183-4392-b6f5-290ed4e6d535,Xppuzcodrzeeuc,true
3a2bebd7-d2f3-4cd3-b9f5-f0ff14258ccb,Pajqrwdlqoccmzq,false
eaf10aa6-e418-4fb5-8613-9045bc60b809,Uybeaxfiytdhfsu,false
20b36686-832a-4f38-a8ff-9d0cec132400,Hshkbomx,true
807b2509-178a-4756-8b37-a7cdf1af6404,Pviqn,true
2c800ae9-2bb3-40e5-8356-99893d1dffc2,Lufjblzjzgn,true
61086ee9-1f82-4f90-827d-5d94a187dafd,Bwhcyzvljcllyot,true
fb885f5c-0839-4b87-a778-eba52f634df0,Czjkthxagikbcx,true
8996bc93-c44f-4122-9a8d-d35bbcba3419,Nzsljnjgil,false
d63c6438-1700-4fa0-9a4e-9e5b4a13ec0b,Lccsckjeufprsms,false
b047b36f-98d5-49a0-8e22-5b4e0c31d992,Hsfhwij,false
f2c3ff9a-3527-4f63-821e-24e79fbe44c1,Ubgqlflp,false
5be01d87-2fa0-4b20-a9d7-5ffe7eee0edc,Wvdeiohqswr,true
1bbac716-1d5e-41be-a444-3eb12ee71159,Vbdbro,false
41171da7-cc7a-47ad-84b4-28307ea807c6,Jlho,true
851bf65c-a295-4896-9d1d-2749d42296fe,Naqdqlt,false
cb8fd688-de5f-4612-b15a-63fa64227fdf,Wrhfmljamh,true
28d7d4d0-08c3-42d0-820e-42c28234fd8a,Unplyeskgykk,true
200cd8b0-13c0-4590-8031-16c51cf74c32,Vbfkyghw,false
5d0abd6f-772e-4d2d-99b4-75853fcfd4eb,Qngldyxgoyn,false
01613003-3e77-4552-a65e-aabd7dcb61cc,Qvwmfimhnbm,false
483fdd8e-a2b1-479c-8380-e6e3495947f0,Lpgccmjk,false
75c09af6-ac2e-4834-85b5-9d9dc9f8c7e1,Pmtruubsyhts,false
145eb0cf-7549-4e7c-89a9-577ae399460e,Fmnmp,false
f15f745b-1e6c-481c-912e-e0eddee487e2,Daie,true
3cbab409-a51b-44ba-98d8-4669fea1e22e,Mtu,true
eaea7187-4bcf-4c4a-90d7-c2f4a0979aa1,Anlzzzkhhkrr,false
8a1ea28a-a120-459d-b983-8b1ad27b63ae,Pxcpwdo,false
ceedf2d0-e262-49e9-a422-be2ed76509ed,Ixjiqudukyufbog,true
2bc65371-39fa-44e5-bda7-ef5d13e52c6c,Rcnkxkzyerclm,true
5aeab6bf-3108-415f-a33d-8ee630b7ef6c,Pyjbbyropagrv,false
0a7ea4a9-be6b-4704-a79d-e32db807e97a,Krxrgqhz,false
da5eb6af-abcf-4755-bd08-e0e972d07be3,Qucbsqmbrwz,true
badc258c-bfab-4fd3-84aa-e7261a5adc58,Sfxtzofguvws,true
0b008e74-f550-4f8e-86c3-2ebbc8d87a4e,Mxhy,true
5f70e741-bddb-4d22-b9d3-5a4f62a7706a,Chrk,false
4a727916-6147-485c-a6fe-e0ec7f6e427b,Eapy,false
126781a4-c8ed-4993-8cd9-3a8f70737de9,Godbsyankamenp,false
d603cf98-07ef-44c2-8d2b-2c7879b8ea6f,Fxzugxhvbx,true
bff14ecb-c5fd-4ae4-91bb-2d11c4be45ba,Csmmrlboe,true
e90c19b8-30c0-4a83-8d2d-3623e680485d,Mvufxhnc,false
4360ed09-ffb3-4c89-833a-b3a814a37ce9,Deirahui,false
29673fdf-671f-4ac7-bae3-9d844275e2cd,Zlavgjhhqjqcjop,true
9908b36f-f53f-4212-8384-a148ce037176,Xgpznvgbsjcinn,false
cc3f6dbc-0a33-4a53-b867-9bbdd757c4b9,Mlpcml,true
063bc9b4-8b33-4cf7-8204-cae5f0def125,Orekaqvkbbfar,false
ca5dfeaf-c643-4d82-a67a-a97525225a65,Vphbubpr,false
8d73184d-d5d9-4803-9493-005d5d7670c9,Ihkwxskkqfmuqs,true
d44e0314-7648-4a1b-a4c4-bf4a81efd075,Iao,false
dcee59f7-45c2-40e7-a14d-3c9605060e5b,Tscskersgdhpqda,false
a6806f57-2954-450c-acd1-91847bf6964d,Capqquom,true
abdb85ff-3efe-4b07-8c0d-fdc96fc4d7e7,Rdgljyz,true
1d74e7b8-af02-4400-a9ea-4a6d4fc443d6,Uyaighgnpnxonj,true
874454a4-4a7a-4421-a3a8-3b5de55dd680,Eokhhiobhrcn,true
110be828-019a-47ff-a390-cf00c1cf3087,Npxnnzxid,false
197764e4-dfe8-4cbc-a8da-29305f0d5c38,Zhgqqdioyhdefcb,false
50670e0e-a9b9-4648-8607-3f79de9b4a77,Vqfmguityk,false
a9c9ce2b-1c81-4e33-ab67-405c4741cddd,Xutmbnlfv,false
df964dad-335d-4a96-a6f1-2cfbe725e785,Lgbi,false
c65523ea-fee2-48f5-be90-90c85a0a367d,Ntfxoeyssthf,false
619b1547-3f86-4a9e-8933-17523396faaa,Cuydv,false
1d0bbf31-dcb5-4ac3-8817-526e408599aa,Bdguvehdjdp,false
037cb2a5-cfb9-40a7-a240-34bf89232079,Jttiuovsaf,true
69298c03-eacb-4dc1-a5df-49e6a1ee8ef2,Bmqhdbyervqbwfe,false
24eb5525-977f-4526-8fbf-e0a67c126b97,Nvlngdpuhynhbd,true
9a41dfcf-8c3c-4b2a-a426-45c9393cf458,Dhxwsyzirirecs,false
a312033d-32b3-4a69-9e76-5054cd38dd20,Lqivsgxzkrexcsq,false
5892b6c4-b477-4f8e-89d0-b598eac06e93,Zhtxiflivx,true
397216f1-8c02-4a13-aa39-049f5c6e947d,Czguvuppioznykt,false
3a50c54b-5a2d-4654-b694-f5d56d921122,Ayejpndxctjvr,false
91655bf4-7f25-4a1f-a92d-c3264e239c7c,Fdszwcxhyrn,true
78410bfc-f394-43be-9fa5-458129592728,Zkchwqonuaz,true
3f308c00-979e-45f8-aad3-9d8348dbbb91,Qyivcduggis,true
ba9af684-64dc-4dbd-909e-eb98df2925f5,Qbjn,false
b7ffd42c-ee43-4d49-8009-34aab62804de,Knfyzoywc,true
2bd2e566-f801-4949-aa8d-36c4892ea3df,Mtm,false
f4f3c8e9-b10f-4b84-9bd4-18ed282192ff,Qmqr,true
f7d1fc5a-a01c-4342-8959-06db1e9a25fc,Qhhmntmohhrjg,false
182ffcff-738b-4770-9c51-9e8310ad43e0,Kddifobtkm,false
0d68fa3e-a2c8-46fe-89e7-8699d41f412c,Cedbwqph,false
78e22be5-9844-4d3b-92b9-0adc6f78cefe,Rsolwgo,false
77426aa6-f008-41c4-9455-43828649f886,Bbp,false
db082376-4816-49b3-8e33-e2b56958b44e,Iqzucslbf,false
d99fbe33-c382-42b2-9753-d4c8aeba2d51,Lxjjdhokh,false
a7e6648b-5a7a-4f0e-b743-90a3d26b3fc3,Skofg,false
a818e929-4be1-449f-a030-f38572654171,Msuciktx,false
2da6c26f-c754-4941-afd3-57fe30ded0e0,Pfevjrg,false
8d2f54ce-a4c8-47ce-b8f3-324b57edf465,Vyzkxpojvccn,false
34be6263-bad8-45ea-9eae-39aac6fa8106,Ouky,false
032f3b8d-9fd0-4134-b99a-d6dbac36e80c,Xzknjnmmc,true
0fa586dd-6ece-4545-bf64-e2ebe60048ae,Pisuc,true
0173e61f-c663-46f0-a362-d95840d69203,Mtvdnlu,true
81b83ca2-eac6-4c1c-bcd3-9872c081d60d,Skejhswdfmucgu,true
117e9078-53ba-44c7-ab2e-76666304232e,Tigtifh,true
12dd9c69-9e95-4eed-aead-81bee4e56a8d,Gdujtzow,false
408ef5eb-0e62-47c0-9b0c-fcdcc0840ef9,Efnnlqpufa,true
5da1806b-da77-4202-b3cb-d5ba046040ad,Nidrsdx,false
377a01d0-8664-4e3c-a10a-3c5223045bf2,Rjvuqbimbg,true
7460f82d-cd8c-49f6-be06-e75434b8eab6,Cptzfscrbbvtg,false
15582454-afca-429a-b6b4-22ee8f821015,Ual,false
bb6994d8-db6a-434f-9ca4-fecc65dd12c8,Hyliprvh,true
b4e9ec17-fffb-4842-939b-0d0f673ed113,Rkwdmocrmpiz,false
564e6daf-a1d0-41f6-983b-8bb81ccb0e3f,Rrz,true
168ebe6d-8292-4e50-a074-02ccefbd7edc,Rurcajhjpknpleb,true
a7bb21f5-c665-439d-9585-89369888d3e5,Jlldvworombly,true
8f9ce293-f839-4b54-8113-a420964e9645,Uaxifsa,true
0b151f3a-8ed8-452b-a23e-4b95daac7c91,Cliggaou,true
ee278d80-7cfb-404f-996b-cc02cb5f83b0,Zppwrqryj,false
af7404d4-aeae-4f03-8365-3cfec942e5dc,Taoqkcffmxp,true
48f01299-e9c9-4f10-bcce-e136ce6164eb,Txodvsonn,false
1ea7f445-5ac3-44fb-aae9-59ba149c9e0d,Hmj,true
29e15f0f-3360-4e33-af2c-0e5b4c9744e8,Okaog,true
f168be57-1dcb-4e4b-aa5a-3eb9f578cfab,Ovsz,false
85c7d7d5-2fb8-40e9-9190-7ef98be92f69,Drvngzhzvll,true
fc479982-909a-4114-bfe2-8e2e98c98610,Ydiwb,false
40b93ee4-f155-4542-a68b-5f8ecd483b3f,Anfwgzhsvwxzga,true
60b5458c-e198-4778-8f04-2a1fdd0e0bd9,Xdwsjwdyqaejizf,true
75351e0a-17b3-4d03-926d-1199474c9338,Kmtmha,false
316fb3d7-3b12-4b3f-9992-fdb2df0d345c,Zvfwxg,false
00a61082-1fd8-4ed3-baf4-9e7d48e6b2e8,Ysisam,true
611ae2df-1473-46b0-8456-172c2dafb38e,Duklilwz,true
601f9835-e035-4bd9-8449-b28c6c5364b3,Mbvsndvsvvnwxuu,false
be3492fb-b24c-4e30-ad30-43d519e40093,Kgqhe,false
d423d07d-468f-408b-b811-f734a86789b7,Utzymynfa,true
3c4b8ebd-06e7-4e72-9b98-59c515747f27,Ewzaizoaxogliod,false
30e047df-83ea-476e-b29b-03e8aa279afb,Hjhxbgfthpx,true
7c8286f2-a95e-476f-aa09-7f10ced2b586,Aydnrbvkf,false
b19befc7-6ce1-4d9a-918f-141a7be2bc3b,Jzavz,false
9bc63fb1-eb4f-42e1-9223-383b4478fbda,Jbh,false
8fe21084-87a9-48a9-9a1e-d93c1b010db8,Nluoerzp,false
8f5624db-deae-424a-8382-14fa3347b00f,Feshaytwbrt,true
8b55a5fd-bc38-4308-b10e-30d46ffd414e,Uemwpqz,false
e744f13e-a2f1-4cec-9294-3e3b468a5ec9,Ufnesu,false
d0a45858-1e89-466d-aa03-6b0b742d02b0,Khikwh,false
d84579a1-f7a8-44c7-bfea-c4f355e5357c,Zqwfevypjdrdcqo,false
43c939e8-5bf2-4c72-8f01-2997bd266e6f,Iarvyaoiwtqd,true
0edfe861-a8c3-44ef-bdb3-e1f2e4a4127b,Kazmmrjgy,false
bbb8962f-b0b1-4da1-a967-400dcac09440,Vfhqjthzpna,false
dd063959-14c4-4675-9d9f-1a7021972208,Nspwb,true
404edfbf-9db8-427d-a4b5-3b9c7e85600e,Wuheq,false
a7f2965e-8bfc-40a4-b296-0f5b8f1eb788,Fuzwylkjvr,false
34e5795b-5762-4019-be53-157a589edff2,Hwbtiu,false
aa373fb0-4f92-45b2-9057-6558b3ebcedc,Lvhmkodsmhyi,true
27907e32-1bbb-4c0d-ad75-ccc229e62076,Qjbncmcqhbgnr,false
dfb9614f-cda1-43e1-9894-c88bb854d22b,Gpgsspiy,false
7aee362b-3093-4fed-903e-e7558a54e5a6,Ubfhsfajvzwbko,true
75df8eb1-06e3-476f-b70e-59b3f40a39b9,Ykbaxnswpg,true
5e0ff3dd-2c50-487f-adec-f28c55684766,Cryqratwjkj,false
f96f920e-d56f-4602-a4e2-6d8de524e042,Qdmifoqsbhm,true
be81c460-a657-4cf6-82b9-5635f2bfa5f1,Kgpptkt,false
e7ced00b-3f2c-4a59-9855-fe8af1609514,Zprew,false
12af5ace-aa2a-464d-b993-92dc4fb43b3e,Tsakbwlbrdiuiq,false
d7020e4d-ab52-44fa-8525-51ebb94c1c0d,Jcr,false
889be0c6-1122-483b-bce4-f49d490f2659,Obmjgibdpvsul,false
8c4ffab7-6849-414b-bd82-af3241b178dd,Cesqsvyewgwlz,true
bdc3bf39-aa83-49ab-ab25-85afe1916076,Pfmufot,false
1658511b-cdef-435f-8b92-b5ed5c377f4f,Oufpmzcxgqktcb,false
a2dbf415-08c6-47f8-b85a-04cb5c36dabb,Abybyybfszk,true
ace29d07-bd29-486a-b63f-c72fd295c1aa,Ugbewpp,false
664a00ee-d1e0-4e2f-bfb8-fa3e0983e0e3,Buevtdqi,false
3ca3cea9-2709-4ef6-bf82-cd244647bd25,Aotttckwdxlpmcu,true
4b1f19c7-9c14-4049-a89e-c3d667b77908,Tck,true
81d0b31e-5934-4298-bf5c-ba4e620bdce7,Gstylqoplg,true
8e83ecfc-cd9a-4440-ade6-84f6337594ae,Wtd,true
877196bc-e69a-4b22-a153-260fd52c38c8,Bdjwatm,true
13e3bc67-8dcc-4c3f-b350-8af0b3a11590,Hyc,true
6ef420fc-e3a6-47da-89c8-8a0b3d457137,Ohnkjefqbbgj,false
d3e0ccfa-b164-4e88-b068-85152a9647c8,Bsrtoam,false
856d90fa-ed88-4dbe-8b8d-8d0c05b448d3,Eqhgx,false
008c134c-9014-4acb-84fb-3e050047d13f,Bdqhnpyike,false
289def20-a176-45ba-a825-675dab629743,Jvbahbwuzamir,true
4521c0e5-0c0c-46a2-8ccd-cb803178f415,Xvygpchqlswyq,true
d5e0908a-56b6-454f-a3d0-e1b242853898,Gdaytlxm,false
885298d4-3da8-41f7-b8cf-53eec93a0519,Emdclpf,true
517c0974-84ac-454b-a45d-d692d7c16da2,Hpwng,false
b469bc6f-08bd-4526-8dc1-ae76158c767f,Rgb,false
361be503-b4ca-44fd-8be6-7258bec8d270,Nlxkyzdrjvutrka,true
aab724a6-8427-46e5-9ec9-6c90cef2bcfa,Ajeqepy,false
48c9b352-aa7c-4c73-83b4-87a2e349d0af,Jfmf,false
44600470-325e-460f-ba18-441aa03e8b92,Vsojkscxh,false
97ee8d63-0688-41c9-b31c-687d044f6d5b,Dbuizmvunvlpo,false
fd7de45a-0a2c-462d-8d7c-3184b16e07eb,Obtciumdykzigib,true
6d3063d4-79f2-4407-8f9e-61d472922059,Eskzrdjgjvsylix,true
fbaf49c3-3106-44b5-9716-67ead80c5f40,Eeqgskbslzcn,false
9692e897-de59-45eb-98e1-0176d0874c72,Ueuijewteagido,false
98c634e8-226c-4780-9449-86d028ea7f5a,Kbtjlmeoph,true
b7c692fb-c811-4b0b-8cea-223d38f4a98d,Ztgy,true
57ba59be-733a-494f-b36a-1a667b556163,Izz,true
a1638e3b-25e1-4bd1-a3c8-7bdf0e1ae1eb,Twmkppcatfigw,true
17e3d2ec-0832-4592-895c-0420070753fe,Yerljmkfebjtsbf,false
47a2097c-3bc0-49f6-8c4f-04fb74b270fb,Giwgsljvfytvk,false
b0ac093b-b411-4199-b378-41171a427319,Hmqmvfigkm,true
45824b2b-ac33-4cec-b5f2-643750ac4ee4,Smywydd,true
1e0b4742-fbb2-4d19-a1b9-557ab1b6afff,Krurs,true
8e27719d-fab6-4dbe-b67a-6d02fe65290c,Lhvaxfqqooln,true
05ef3144-c7df-4200-8660-922a1db37eca,Kukwjovzjfnnp,true
950ef39f-c7cd-4735-9032-a9b7d5c3034d,Ygjidzytzhebu,true
5ac98d13-cd1c-4609-aac2-2804b6ed870a,Jkawaft,false
7503bb71-c021-4c0e-a44f-e3453dd24388,Yjbnbrrdngumolo,true
8c9fe21a-2c25-47d4-ad4c-9cc037974a79,Eebx,false
a6cb1869-dc96-4841-95ca-6faffadbe305,Gbaxrimpgzq,true
a65a4a94-4ecf-41ca-bed5-b067b06edf4b,Wvtdwkfrozndi,false
3a5bfc88-7fd1-4e17-8e7e-12dba7265a09,Iuury,true
15180751-4930-4dbc-a419-19bf49f0c408,Qjsuke,false
dad25816-c909-434a-aeca-9fe27ef12bd7,Qxthr,true
713a920e-af49-41bc-a92a-02a0dd2aec1d,Slgqythv,true
52d59c66-e721-4b24-b687-53d5d74c267a,Rsgwnzq,true
4cbe38a3-7b4c-4cad-9ccf-b1d4faab9f1d,Cxkqhiotimivlxq,false
6bbc56b8-f38e-4d12-ac0c-598350bc50af,Xjqppepu,true
8e8d2672-2dd8-4aed-a71f-f9d9c7f93c72,Hqkysrfvthwwn,true
6c3c31cc-5268-4f8d-9264-71c3aa55dfd3,Nypblrv,true
b8f98508-b13c-4895-b0f4-55b30a5c0377,Ovwgyworso,true
707e8052-ecb4-4079-bb77-b3aff9a70bde,Ulkdck,false
25cbc9d2-eb09-4b25-a6a0-6d4d3b5dc868,Syogxjbknjnskd,true
e5ccab8a-08d4-4f23-81e4-e3293d66372e,Rrehfff,false
a239db03-e1c9-4131-b2de-b55cdf1debec,Llhvbunmpbm,false
771920d6-4670-4847-b6a9-7a4bbba3bc70,Ozgdzas,true
c91c269f-b9f5-4041-92ca-734b4310529b,Ssypjlrtlablztd,false
1e78f9e7-7802-453a-9a16-2313f86c46df,Pkzdjfpmpdumn,true
76647006-adfe-4501-9d9b-7081e02c7326,Ihppjiakbfc,false
14eea9be-95a2-47cf-ad06-d93cc52e612b,Kcyowpedailqxk,true
b30bd2f5-f033-4aaf-90b9-b05ed181535b,Nvriumkbuagr,false
9ea50e5e-683c-4edc-a05c-f267d3984d97,Zszphfrhzqs,true
a2d7d509-ca90-4504-9efc-969a3f628c56,Qyrezuqlo,true
b21dad3a-3364-48cf-9542-463457e23d6d,Lplcngkhkq,false
deab782f-5d49-4e70-b7f4-78c3d08cfb15,Sdpodrcfidz,false
c223a4a0-0e49-42a2-bd2e-5f184c9b18fc,Osw,false
c1f95da0-71e4-4ca2-9b93-8827b130bb7f,Wkuoeuwqxasuqsa,false
36706581-f8d3-4045-8866-4d362238b52b,Rywzkqrchapzj,true
a29991da-9995-4b6b-b6ed-fc760b813958,Cnrjamtzzin,true
1233376c-e5bc-4bab-af67-7e1b1597a5b0,Ltyxthrezg,true
91c1410f-4e03-4bde-bd11-0230b4eb54b9,Chffi,false
27564192-3354-46e9-a9de-ae1c6e2f3b41,Pvgzye,true
e13992b4-9a77-4381-ba0c-e4e3024663dd,Hfeg,true
f96c41c7-f618-4812-b946-adf80b36e8f9,Nuxzehqf,false
07a19250-5614-443f-bea3-013cd76e6181,Dwd,false
135d5bf2-b07c-47a9-8fc5-b1d809c1c3c1,Vmqjkyewxhxm,false
0d1fa0f2-cebb-41c7-b105-b3f461e06471,Qhiowajgglcmiaz,false
75053f76-f559-4226-a89e-91228af94ec5,Hov,true
edc41494-1d1a-45e4-8cee-107fb3f5a599,Zqkehgpkt,false
be57f3a8-dcd4-4c94-b1e8-63923f20924c,Eefvglabypo,true
63931661-daa8-4e8a-996a-5c68b78fb9ce,Rixkdtvalbfhrzw,false
c5ff6ccd-a114-41e9-8518-2afab4ea0ade,Dyizfyxcpg,true
009561db-46b9-4143-801d-d22187305ddc,Hkfddejaos,true
88bd7573-1a2d-4b6b-88ca-96cc4280520a,Apl,false
413980cf-ec87-4d4d-9198-a86d9765bb8e,Tavtgkvim,true
bbcf923f-f10c-4b82-ba02-c8ee6227cfe4,Einxsaqhf,false
c57aadc0-bd46-4acf-9c65-0b7e7a637e3f,Xlpshhfdj,true
4defa2b8-86b1-4943-b8ec-813001d4734b,Iogzomogdpxcd,false
cc4c86a0-fe65-4199-81ce-ad16a858d931,Bpzicbonofbsu,true
bce53f02-44a4-4783-9c4e-24b2c3e3d3de,Znc,true
bfc254cb-1557-4c62-923d-1dfb7cced2d1,Hshhgbtg,true
4d1471e3-f7b4-4798-94bc-a29ba4c30028,Uxfqyztbyehssi,true
c2398426-4dd6-4cff-80d7-238eb9053bb9,Pseyey,false
df72a70e-485f-4652-8c66-658832a514f1,Lbsjvzg,true
657a60fc-8228-475a-a047-88b677a274fa,Khylqk,false
f33d233b-fdeb-4f8e-a903-d4fed8acee91,Ngnhqf,true
a27f1076-9336-4a0f-9c48-1400fd9bf5e8,Mfgnlgzn,false
a5a238f3-e5c7-402e-8775-6111634fa72b,Fiisptleroear,true
995f0c58-0130-4dfc-becc-fdd824bbaf73,Etmp,false
e9bde316-70df-4a92-b0ea-1ca06ed1f612,Dwlnijdqpjhi,true
e5589f3c-cd49-4bbf-b975-3fd65bccdb67,Wmdmmslte,true
eeddb259-a8aa-4112-b4d4-662245587576,Hjkxequwlub,false
c55d9419-d435-4b18-82e3-61f160f21e48,Tbfl,false
006837a5-98d1-4953-80be-2be2a8d823a5,Sufcotb,true
38ae5c7b-be01-4be7-bfaa-832c53d2a0c1,Ueilerrzonnydo,true
28edf06a-c02e-4531-b291-c631a31fa4ea,Xpacqhgnh,false
f870e6a5-9d02-4124-85e2-5ce47cd78169,Ilhclbcnqm,true
aa1799c4-42d3-4f9a-8b59-601d35d2a753,Wiqxpjbnq,true
bf37fb01-fcde-45e5-87f2-11eac9c3b935,Iiavgklbbqi,true
65b86cf1-aa7e-43b2-944f-1a16d0556484,Dbtpkzp,true
015eb36e-01b7-4d32-ab55-93f748a8baf4,Abjyrjzkpv,true
71605b3c-4c84-4868-862b-4ee4b60b8f73,Jfq,false
4bc81f17-854f-4a1f-a940-69ddc904d059,Yxtapysmbflybr,true
19440192-5b82-4f5f-bb6b-8f5c1ecdc610,Uqusdphsekdiztb,false
7b7336cf-3b7c-4bbe-8547-c80913ed1abd,Ibduteu,true
c1210fdd-cb3a-4a6e-af2e-13c1dccb8a44,Kyonbavzv,false
2ddd5357-4c76-45f9-bd7d-b441c0c2f24d,Hdohlodvhqninbx,false
39c21dc1-db12-4449-8a8d-7ae37b23682d,Wukujuif,false
57af2bf9-cc01-42f3-9be4-c6aeb89457f9,Guftjsdwlczirr,false
c155d19f-1ae7-4f54-a43d-9e8fc9d10c38,Xuxchfif,false
607413d7-65c3-42a2-8152-671c8dd6c928,Ydjdzznb,false
0486debd-e789-47c9-af0f-27bb5f9014e5,Fkcogol,true
5aeadb2f-aadb-4bb8-be6d-3b52c7d2bbf0,Oulewxftlw,false
18891edc-9c66-4d8c-ae2c-18a56514afc2,Tiroiadvilohfnl,true
94339698-0012-4aee-9c11-5aa6d78245d8,Dgjnlmgmx,false
d9955ef0-7aa2-4c53-81ca-03bdb3b62a2e,Xmehbmuharlfr,false
08e27041-985b-4dcf-b639-c2fc29fc1179,Gxkdiupzy,true
9567209e-9e4c-4d58-b180-635c710b1eff,Jovxslfopf,true
625b1090-0ac0-4aa0-8877-6bc7bf6f6fea,Ntykff,false
7fc7872a-0ede-4da2-8d91-85cf4c99d150,Vzv,true
2c7c1ccd-6588-43c1-87a3-82c003131e0c,Pnxxtpcuijnccw,false
a4b00949-7357-4a76-a6c8-94111e817196,Dfkexykdzhgps,true
32896d3f-8f95-41fe-ac3e-7b5cbd1164ac,Wxnouo,true
2eb90314-6c53-45f1-bb5f-a945b0acbfc4,Ldfnnqugs,true
72951121-483a-4eb0-84d0-4fbcb850c8e0,Mhbype,false
14035eda-8408-477c-b9c9-587d71225e19,Hyxwks,true
3c3c9fd3-da6e-4ef9-a91a-31d25db99a2f,Llroknr,false
f2bd74b8-a398-4aef-bc2a-9ac1fd42b5d4,Mkqkosjiaqaeyvw,false
b7eef422-a63a-447e-a4ed-97ee1fa51085,Crdbdedd,true
524e942e-6f95-4750-a630-eba7571ad8a9,Tcubjyejdnf,false
d612b999-4f86-4da2-8baf-5060007416d3,Ddbebsjx,false
53189ca6-997d-46f9-a470-eec5151bed49,Yqside,true
21fff450-eff1-4cdd-aced-2b4d32534b72,Ulipehhnl,false
61e1c48d-3a6d-4e1d-8e94-d51b0f9bc78e,Kebozd,true
d42fbb95-1b6b-402d-b6d9-914bada56f51,Usmzkvhr,false
514faa7c-818b-46d7-a508-d4a9b739f289,Pxlvbjzeoeioc,false
65c33ce4-fa70-4545-8d44-6448722d3172,Uxbpxb,false
c33ffc1e-6efa-498f-b89a-3024326c5ac3,Kxxookcwl,true
643b09cd-e638-435a-a60b-2cfe0031435b,Fcmrmv,false
a76255f5-60bf-46b1-94b1-fb99412266d1,Cmjhoxtpebqf,false
144328d9-ab9a-4f91-b475-3427b94b8852,Iauufrklm,false
3d576581-17bb-42a0-abfc-b30f4eb865c5,Pyvnjgfsygnevs,false
2c181de8-019a-44ad-a36f-fdffacf3416a,Bgxauwskcvcubdz,false
2ea6d1ad-c88e-4b7e-9657-d701c572cde1,Jdgoo,true
b45cec10-e4d7-4830-afb2-20706fc3b54c,Iork,false
8616fd62-4741-4ded-9931-84a150271032,Ajzrvhxbdh,false
222af08f-dd7f-4d34-b572-19f1586044a3,Sycaxsys,true
a437596b-6873-4996-beba-3c83cbb37ee8,Aod,false
40fbde20-1410-4ec4-b09e-81f093a03009,Qdydrdnggyys,false
be84bb47-bb4c-4849-aa11-485367336189,Cqphu,true
0136ea26-cb5e-4d75-8d63-3780cb9e4e3a,Klgxftm,true
6dd4cd25-566b-4e41-9706-4390511959db,Gxpnromgk,false
4d08f249-4fd6-499e-9905-e0d350cc4ebf,Zawte,false
f52b5a95-8833-4f55-a3c2-52f56bd6fe37,Ejotauqhvrs,true
a527a85d-cda1-44c9-a9d3-1fbf17e3c0d2,Hmihchnpxyrywa,true
37c1248c-377c-4879-b565-7406fc78cff1,Uknqew,false
e83bc05a-fcde-4e94-a3b6-c0167487498a,Hjvjica,true
9a209a9c-b218-415b-a2c8-f4dc74b28e11,Smxnnhyxsrn,false
9ab2deb4-a9c3-400c-83c9-f72bd8dbc784,Fgtpdqp,false
ff654fde-3b37-467b-a71a-dbca178dac72,Pcj,false
5b2785f3-35bd-404a-827b-6faa49f88a1a,Pgsns,false
38ebbc75-4042-4170-b066-09583790a27d,Qulmhxrwwidwka,false
1f217c08-0ac8-48ae-9482-afd881a6030a,Aduepyzkwysx,false
7a9d8341-3875-4bb0-bcf1-7f9dd3b0938f,Gfvmuzenmuk,true
bf5ca4fe-4851-4d75-ae23-1df1657c4f21,Bkuducwuajoajf,true
5970c682-165d-4d98-b14b-1c8e6007103a,Pdrmpb,false
eebd4cd1-e4e5-4542-a109-3cc7a4085870,Henawyveb,false
b20e98a5-1d74-4bae-be53-a55ee7f382c1,Cubmzp,true
8837757b-439d-4b5f-889b-3cc95def5d60,Bgfauzluaiikklf,false
1805caa3-cf64-40cf-b328-fc415df08318,Wmupfwzkc,false
af4731fe-5748-4579-ab2f-939129f8840b,Qqylc,false
89b68bec-dc5f-4fff-bbe3-10d7da397d25,Okdlp,false
1cefafbe-b03c-4cc2-b905-517a38dfb9e2,Hodggnyqpr,true
67ed4bf7-1e9e-43f8-b42f-96a5a34bb11c,Bhisevp,false
99807147-26ab-4346-8a4e-ae9cd13127d0,Qyga,false
b440e1e4-e182-4363-8b49-a9d69e1b4e46,Lfrrd,true
776cae4d-014c-47ff-afd2-2b6246363981,Tjvdngnban,true
9185577f-2494-471b-b0f2-7bba468e9cc3,Rujypuxikgcnq,true
044fae54-eac7-4c8a-85ce-bf5988ea02cc,Cdaldweccktrf,true
38702962-fe34-427a-adb9-006e6137b7a9,Uuhzykevnutl,false
9261cc50-ddcb-445b-b07d-9ec62c830806,Sum,true
d7cfb703-efcd-40c2-a65f-5a8fd2d81696,Kqysqsuz,true
38a4a6d5-ce4a-4e62-bdc5-d6297cee8bf3,Tskqbwqik,true
96ec0226-9a73-4c62-afec-7906a5e5770d,Grryah,true
dfc4d35b-0a62-4e3f-a2ae-6ee65adba588,Dquewnf,false
f50af60e-dfb0-46cd-948c-56a0d01e88a9,Angeuktn,true
2fca4f20-5a67-42ce-9d96-f32df6975731,Xgblwxdccivhkqc,true
1c074c50-f158-466e-ad8a-084f2cafd0a8,Fclly,true
bfe271f1-3324-4b4f-8617-fc7eb56db786,Nlq,true
709b6535-a251-4d9a-ba9d-1256a9a7cddb,Tiyblvdwrbw,true
f291845f-de06-42fd-a2ee-dc4e8beaa4d0,Ghhfp,true
05ce59a3-beb6-4453-9c98-07c1ad30f86a,Sbeybhsj,true
4ebb9090-d37e-4f00-886d-9376006af551,Uptztfdap,true
794773af-ec4e-4a23-8a36-ce1ee2b9fe9e,Zbiduypdlljbgu,false
513e85d3-84cd-4a67-90c2-8758b4e6dd9a,Suktl,true
bae477ea-adbf-4a5b-a50a-2653265b928d,Hoxpwfmnafvjcln,false
7e893220-7c1d-44db-a5ff-e4ab4c893554,Ecrhuxmqvnu,true
2301204a-dfa7-4607-979b-b92053a9b3df,Zpsedp,true
38e0ef26-e32a-4973-a71a-82708fcefe8f,Dbw,true
36f7a5c3-0935-463b-8187-339db4830e21,Dzy,true
02bbd235-0096-43fb-8e76-ddac48e543d6,Vdiujn,true
ab66f740-532a-47f2-8085-507714985996,Ofylmbxtjghuqoz,true
c5f8dd7b-c445-446c-a763-73252355b528,Vaamoowwoo,true
5384f250-74e8-43b2-8212-47381aac3370,Kge,true
fac52d8e-52e8-4fd9-85f1-05308a893fd5,Zzbprgxqbuprgsg,true
5865848d-a775-4c2e-a6d5-c2729d652173,Snspoz,true
3369c540-3140-4ff0-bb44-4409bd7158ac,Hmsa,false
1ac26fb3-7cdc-4589-834f-6b61e5437453,Uzuhfcldfpwa,true
55e3a9ef-59e2-4561-9967-0886ecbd894a,Ckwoxsnsgg,true
30f0615b-876c-44a1-a72b-be2a7c4bd8e5,Dftncuvb,true
28f39ed7-aa5e-4920-ac33-a4946c33c96d,Undfzrgk,true
964a9314-4806-49eb-9014-ca0be47d72cc,Ejglzhu,false
5cb4f471-0738-4ede-bf7a-76adc54fd8d1,Gcxulpru,false
6568c92a-9a12-4889-a4d4-46d7ad75d2af,Ykmbop,true
8ff97353-21c7-42a7-899d-aa1360d72999,Uewasodivbjlmyf,true
dd4d2a88-5ded-4b4c-b4d8-866ed78f4f6b,Vmygreu,true
7fa31b40-d91a-4879-bc4c-2620131f6af8,Akyllailxs,false
286539ba-87b4-458d-9204-0439d7d46b25,Vbz,true
24b11a27-8160-4b67-828d-bea1b0c572dc,Jozbgmaacl,false
5b1c0e5b-9de0-48a3-ae2b-70c71100784a,Yaqlgpgf,false
04a38b2e-1005-4e57-a1b7-183516b8c2a9,Rsm,true
9bd93eb2-1872-44a3-bd35-b7f2f1d2afbc,Swtcnz,false
1dfd44aa-3976-42b9-8b0b-451aa4d9717e,Dbkjei,false
1f0fbe05-a005-402b-b5f2-f0a553c0883f,Bkskgk,true
76b7e5da-78a6-4e51-a12b-9d1a6793397c,Yvtfnwqslon,false
5d0afcfd-b810-4fcd-9ae4-117a741898fc,Wihpp,false
aecaf2fc-5dc8-4c09-a691-147b8c748e47,Pbyhglttonvqtnz,true
8e56bb7c-fd68-4aa8-9d11-b36596cae9eb,Pkzgoldhr,false
a47040c6-25dc-4739-badf-c1965118c1fa,Poaf,true
addf14a4-c271-458b-af57-ca8039e12058,Rvvg,true
8dc979f6-43ba-4a65-b3bc-1b6850528f8b,Onvslucdhqvtoxv,false
927cde68-a9da-4061-91e2-5ff18e44b4db,Ktirpshobw,false
f215155e-02b0-4fa0-aef8-e652eb040553,Kiko,false
2fb8d50f-60dc-4bc9-ba48-69078ba7fc72,Nswsq,true
e8d78027-58d3-4327-9bd4-909932923358,Pulkqq,true
d7dc64b4-a778-4dc0-9c3b-1bd0a548c2ae,Vabvyj,true
bfb0c077-f615-4a6e-8333-71171039da6a,Jnqysx,false
3d45342c-cc7b-46b8-9c23-cf1255a210eb,Cizj,false
cf6d9645-e391-4b04-b64d-3a850b62bdb0,Sottheyzc,true
bd3e1d19-cd9f-4a8e-81f9-fd0598bf6ed9,Wbtrqnabomwwai,true
f1404cfe-423d-4461-b298-99c74b2d6b93,Occk,true
ed9437e1-fb81-4699-b989-762d95a95024,Vmmxjecj,false
babc6b7e-8604-4742-8e49-86a5690c40c4,Fjtzgzyn,false
1b1f2d7a-015d-4048-9677-ecf16f806a0a,Ucev,true
aa5460e9-5a52-47d7-9a96-cfebc65e2c9e,Zeqtkfaybrzfh,true
877cdf72-f498-4517-a5bb-c10ac2eb2983,Pvfzpxlyvtu,true
d815f9b2-3d4e-43fb-9374-7ca7d59046a7,Zdsfivscaelnce,true
105ade29-2aa6-4382-947a-b11e37335267,Uys,false
4627f209-f7ee-4072-8657-582b8880beb3,Ttiqwngy,true
8e578928-a8e5-4d7f-a579-fab3fa58c8e9,Lsqfgumpcrajvf,true
2d788d83-fc73-40cb-b21f-1f745ebc5461,Clhls,true
13699e4c-430b-4b2e-8cbb-bc9512b7d6b3,Gfxfclyzpkkjug,true
c66be8c4-b8cb-4f2d-9592-77c004bb8b1b,Ngakwgkc,false
37ffd47d-3c2c-4173-9a88-b639df5d3452,Kifbqme,true
7f6830ef-e523-4e00-a58a-63ac461e70e1,Bnpofpod,true
0b7aac5f-99ed-4e66-8aa6-4a376d92f7de,Wlse,false
e0fb6b10-db81-4e35-a9b1-8007d41773fa,Zvuifxtmyxy,true
83edc994-d677-4eac-98f9-18da9b9827d3,Vubkqg,true
f43320d5-bdad-4c80-b9c4-bc1921bae186,Bkvm,true
f069d7c3-b5fc-4dd7-af24-5ed1a9262bb2,Wpd,false
a62dcfb9-43dc-47c1-856a-dc4c6af81a14,Nmjzhe,false
3ca4efcd-3fb1-4068-bf50-dd97e2a8cef0,Frorlay,false
fd7bfd2a-f9b5-4a39-b8b0-39009632fe20,Ibifbnt,false
9c860e84-028f-4d23-81c6-252dd0c3e420,Axqmnwoy,false
6831cbfd-943e-4285-bb75-edaf606f3c29,Bgnjfqdpdqwcnl,false
5f0d5c75-5747-4f0e-8bb9-f316539c70d3,Tmeszzqnv,false
25a797c4-2538-4747-a7e4-fe607c7d7372,Tlnqwgda,false
30d18aff-ace8-48e7-b8d1-0ff37a8a4dc3,Fppanqmtkfc,false
0409e59e-2868-45b3-a68d-0b0713cb5803,Dyg,false
d3e47a8a-ad41-4753-861a-5b8f25becaf6,Kxvq,true
fc22b78a-07bf-482f-9200-602233273ff4,Fhxayemffll,false
79b57365-5f64-4450-b98c-1ac4ec377be3,Kjypevahp,false
8b0b37a9-8f54-4614-9046-1886922c2b2f,Bgjx,false
58413e80-236c-4901-b5e8-b37c2f1fa6e8,Kwyjkijfhmttcsi,false
1959e146-ae39-4dd8-a6e3-9b778ef3b2b4,Wqaqduzbosvvbx,false
9adbd1a2-08fb-4613-8a44-7c03b99e73ed,Fqdokkdxxj,false
df891dcd-6210-4140-af69-f223075ca022,Ydwi,false
9f3c27fd-1045-49ce-a659-48fc194e7762,Xqaltbqymdsq,true
d3dd6af1-f043-4556-a19f-617c39386534,Wvezmtiug,false
706c0bc2-9e55-4e2a-8de8-65bbdf873b2b,Qzgkwxrtqcqsata,false
b99437e3-eea0-455e-9f70-ccbabbb5a8d5,Itax,false
d8e98f45-aa96-47fa-b431-ace9147abe55,Mddrbijppofibce,true
11e51927-5d2a-4d22-833a-11fc38b1d1ef,Sxeifbywvdfxu,false
8f825f4c-3bea-4e7c-817c-c55f02a7cf37,Wmry,true
56d04221-28a5-46a3-bb2b-ca3ef4922f90,Kvtpxdtotiiun,true
26a09c38-63a0-471b-be8d-2782c5244970,Ktlyazeebsgpg,false
4fcdd082-5599-44c3-a6af-b7c717822a24,Rnqdar,false
6fbb7158-13c8-4129-96d3-9fc56f2a8030,Qjdnmyfbb,false
a0ed862a-0c3d-4179-ba84-9bf248a675eb,Bdmvut,true
d5db5038-5fde-4bf7-acad-d5a0775dbf8d,Jhshaasv,true
41f64a13-88d4-49bd-8665-cc0dc013ccfb,Suh,false
cd6e0f47-56f4-4266-8501-7e40d116a1c9,Gxw,false
878c3102-e403-4e93-a3cc-4b8965ae69ba,Dlvejkuba,false
4597ff15-7316-4820-a6a7-e9bdf96ee444,Tgkogajsl,true
5a28f006-eb4e-46b3-b18f-dad7ae0e6d09,Drpmel,false
aa9a5831-756f-4fa0-a60a-71be620cad97,Lgcwnwbou,true
1a6b6def-b86a-4547-bbd7-328ded4c2e05,Jldkbnpvpnnl,true
a8abd1d3-2ca7-4c12-bae2-bfa35022f38e,Qvfmaeh,false
7da3a51f-cb34-4a65-a3a2-5d4f81c59ede,Onfopchgoqkr,true
31385b6a-9a0c-40bd-8daa-3c2250ddf0c4,Avylqgvntjsljz,false
527eb200-ebab-4f30-b186-af76a2de74e1,Mgdhd,true
56a50e21-f3e6-4a56-adb4-9a8a7411cdcc,Bngypvobthlwvo,true
d6f9b70a-07de-4dce-aed9-edb4544aab0c,Lzupbujlpi,true
b0e6ccc3-34fc-454a-a4c8-fd6db893ae59,Hzl,false
d9e4f90b-b0cd-4c6e-85b0-b1eeff5f31ca,Onralygxsphmdi,true
6ac2225a-31ba-411c-bb14-94617513cdb7,Mtomtixjfanfbn,true
f86e8d8b-518c-4587-884c-22517ed6158b,Awjkpxjioox,true
99711c41-bb2f-4fdb-be95-e3ae0900638d,Cld,true
1d7a419e-a25a-42d9-9a71-28a968a9813a,Nignrk,true
46bc7adc-4123-4a4a-88d9-7061f5969673,Ollu,true
d1f4345b-6426-413c-8e9a-f9c266c1f7ec,Syttyvelanhh,false
aeeaca99-3381-4bb9-bee9-9161e7c29bcf,Zexdeewfv,true
cbe70746-8c8f-4b54-9841-2ee5004b68e9,Npdrdzdi,true
81ba3dd0-1cdf-44a6-9886-e5cf32055cb2,Isvd,false
75dc79d8-0df6-42c6-84d2-8e747766d296,Kirifd,false
c3ac8dbc-3e3d-47de-8f90-66045a92e7da,Lhxrj,true
701f8f7c-2348-4c69-9dae-0aedac002ad5,Rcqkgurxo,true
bcd6fb57-f83b-41ea-8c46-524fe12f0ad3,Nuhnug,false
983a2175-2913-4d16-8b7f-1a48901481a9,Vopro,true
44cb3201-2001-4da7-bb09-5a5ca1244a17,Szxxp,false
9b78c013-6593-4213-9f94-15e79f899757,Nxtmedmgfd,true
c000bb0b-53c6-44e6-be6d-77c5442ed09d,Kqitokjj,true
249f41ea-bbbe-4679-b703-ebc883fb0343,Dykhdbptxzfc,false
2133ed3e-c0ca-4c48-aa70-c2dc8f25eb18,Oxewdphev,false
1483e996-bbb8-4312-bcea-6b28632ef13f,Rnt,true
8a5819a7-1a8b-44e2-a6db-5d4e390c10d9,Ybse,false
f8afccf2-f4fa-45cf-9336-7eb4daa55fc8,Vzduxfx,true
eb5cc32d-88dd-40c9-b169-4825e6eb0ef0,Kronzvazs,false
8fa894d2-5f13-4605-87a8-389cacbd4385,Mhtjxfqsgftdoky,true
f252e77f-a120-496f-a90f-382deae8013c,Pbngovfeb,true
d139c004-96bd-491e-8508-25b1be7759ad,Ceviyuu,false
491477b4-fd16-4e41-bb05-88438d3ccb7f,Izexa,false
ec5461f4-422b-4c7d-a580-6df175e69193,Ovvlysoklhardv,true
45727d52-60f2-4f04-875c-2a912ad5cfd6,Terfytlguyrxw,false
da40914d-76ed-4ddf-b381-d2ed7655572f,Bjo,false
2b72c546-6d7f-4864-a232-8a49c399d47f,Voxtgnmksfayfd,false
5746e2e9-1eb9-48bd-934e-75907293f8a7,Gzuipxlnzm,false
aa1091a3-fbc1-4dfb-87a5-cfb048a8cd1a,Vkoj,true
43fe170d-1452-4f93-af37-eb704c520eca,Acqryyu,true
a6409197-c421-4000-9a73-e9515a0700e5,Jflwvfbo,false
f42cd7bb-4735-421c-82d6-971400c20049,Esoqkjgmtgv,true
2c5b0f2a-d3e1-4313-91f5-588ce6d843b0,Ufqxwutl,false
229a8450-22a0-46b8-b261-df87a8e2213f,Tajxw,false
02604583-8383-4e59-b4cb-be4fcd684278,Sgqyvbfwt,false
14d68a0e-a857-47d8-b048-6a90e5c7f2de,Soaoglf,true
3fac21fd-b2cd-4c87-ac60-41434e2ca8b9,Ijhknmq,true
b592d357-1d00-42dc-80f5-9702920c91ef,Unwbvfbmczrjigg,false
41f325c4-60a6-4df9-80f8-6c945131adbb,Hdxgjh,true
b61e83fe-30cf-4ba4-b1aa-8ae7fd585f62,Csbucynpx,false
767729cf-5bbd-44f3-a34a-3d6c49ca1462,Pteevterpf,false
6a9f7d4f-e622-4057-b886-568c284b288a,Ghmota,false
70492894-1f3f-41c3-8cee-cdfc276b538f,Iyyftyju,true
4675f70d-dd39-4edd-90cd-ca5a625285fe,Ittbjhab,true
11c0cb19-fe90-48c7-9e09-f6352a15ad76,Hyp,false
34e0ff6c-a701-40c7-b437-938eeb4665fd,Ytddhxfnm,true
7f05c921-d9ee-4579-a97f-706ba162fab0,Prdsaerzvhzjae,false
d317a3b7-6998-4d4b-a7da-07697383cf88,Pseyugozklryyoy,false
9b8f6fb0-a1b6-47bd-98dd-d5670d80d015,Wnciedjmojudv,true
61ceaa98-9e57-4126-8923-e03c4e4d62b9,Rrgdozad,true
fb9f4506-5926-404f-9393-beed4d54bc25,Gic,true
e061969a-9e3c-4e5e-8f94-a43da5841d17,Lsnr,false
8b39fd5b-b4a5-4ab8-8d82-b255f763a4d9,Ljddbxpsldb,true
b10d599f-38cf-476e-8ca7-424be1f7622e,Syqsj,true
cf09d52e-07a2-426c-b459-91ac8631f52d,Lcraomiq,true
7d50749b-ac72-4d56-8c1a-f8edfb88ffb9,Kvwcioatsd,false
1584657a-836a-4c46-b16a-40f029cda7ba,Jktplfncbpdy,false
5a49ee04-3ad6-46b4-9aca-3ede64834db0,Xgx,true
cbd2388f-cddc-4f95-953c-aa04c62f6ed6,Alqbunmjtlqxa,true
82e401bf-6cb3-4f37-842f-56c625fef38e,Xmqqukw,false
9bb2cf32-d89b-4b19-8453-9a1cdb4bf29d,Poylgmghcufp,true
3f804ce2-bb05-416d-bdcf-0d43840e3530,Stjqlqxtqote,false
c76c14c2-b2ae-43dd-bff1-f7e92b82b5ff,Qyzv,true
8abcf544-b016-4316-ab01-6e44388176fe,Ebbtctiep,true
956a6708-3df9-4773-a9f0-523ae0dc60e1,Msijlmxj,false
d6de8a3e-d55e-4c6c-a35f-7c4c3905eb3b,Mnqpxu,false
57d9a268-faeb-4e9c-9a24-b6e10a0ef701,Wukgqrpnylxe,true
0ae4ba9d-c0f9-4251-9702-c1a2c7b3496f,Rbfrdwwh,false
86fb0263-25a0-4144-b0d4-9231d7c9f0f2,Trivptui,false
4efd6a7d-72e1-4a65-9c47-9820cee81ce3,Dccjvfy,true
039d76b6-15de-4e04-a2ef-b3cc85e4c703,Rxmhcnvtuuqyu,false
420c8e82-c94e-448f-9607-8761c6f1f365,Ynkefrqkr,false
436607f0-8768-478e-acc2-1e315dfd9a1e,Ikiizm,true
028108e2-bad2-46ca-899b-ba72f22f0600,Azluh,false
31dd98d6-31f6-40d8-ae1d-b36ca4ce6c13,Vpmsrpfbt,true
4e910319-45b5-41d3-93c1-5c8104b63939,Dfqv,true
575ecf9d-a97a-4bf7-85a1-a3d28eb5c22f,Japohrrucdgvdhg,false
1d07e91a-d9b0-41a7-9610-4b776f1b2251,Mgvw,false
65b7665e-642f-4742-8609-e793e6b1ace7,Prz,false
fde4ae79-c184-4c29-b8e1-dbb17ab25fba,Bukcfsr,false
50458204-2830-4ba2-8887-679a9853edd0,Tecdhluig,false
954c656c-70cd-4599-b75f-b27f6cebf843,Jtdeir,false
aceba003-1584-485e-9720-09da9aa5b3ee,Dmxdeknlfjy,false
aebed589-87c2-42f3-8559-4ac6679b58e6,Yfekotkjowsn,false
503feebd-a4f9-486e-be12-cc2c5b61ff86,Vyrpwns,true
91107d11-f6f7-4bc9-a07c-98e48e449ae8,Byjetgkkqxpxusm,false
1b402789-d633-4fce-92df-458276246330,Qmdokgdsnobeqi,true
5d63decb-09f7-4043-ae52-b60d4f08d96c,Obtcscup,true
d7cf414c-936f-4c1f-b67f-91bc86a6cd06,Uflpy,false
5300f10c-2006-48d4-8b14-be2c58f9292a,Txnssrzcutagcby,true
a08a8e04-adbc-4f9c-890a-c1643317651a,Osywrbyh,false
c8fb69c7-f2bf-426f-aaac-11bcc1b363a2,Icuv,false
288a939c-19e0-4bb9-9526-e5ebafea9a0d,Idzgxohenb,false
487bca4b-b107-4e71-aa26-722504bff910,Cmwrsgxylktzn,true
89f8a1b1-cab3-4528-92a3-2eca5a80d962,Yqqztsj,true
03293a75-ebf7-43d9-a534-47c8d8f35278,Hcai,true
9456f1ef-8ea1-4bb7-ada6-f68b9b18f196,Uuk,false
d27a4b7a-3f93-4c36-a333-d73fd49b1c30,Wknwqlbfa,true
19acd8c3-d337-4164-ac6b-ec5769f9ed3b,Sjhgenwwpy,false
c09b7f4f-1be1-4246-8548-9bae76847b73,Fttnkplclqbeicm,false
fa50ab48-2182-40c1-bc52-70626f8a7c9c,Okrc,false
e3fb4c4c-083e-4817-b615-68d4572e9782,Jvggs,false
f388d767-9a06-4ddb-8cb3-7a0b1c18a3e1,Colwnpsqgmvjv,true
f294fa10-a2ac-4ae2-856c-8d1f997ad8e0,Mtdymiehohlmrp,false
ce028a3a-9600-42a5-87fe-c4384b96e37d,Dzhwifmysbq,false
d0205f47-4039-4a31-8ff0-20d7ad8cf888,Dqoxrj,true
4e1789bd-5e06-4731-add0-4b1f487bdaa4,Rpcptzlqxiwlml,true
9f4dc416-7b29-4e54-9781-3f637a435ce4,Bwteykmgtyuxi,false
198dfde4-479c-4475-bdda-2d2b6e2e82ed,Qpvpco,true
b08b1edc-d15f-4adc-a1ac-10d79f4b897a,Khlzzlelfn,true
809d7d2c-8ad7-4062-b36b-bb3deb8a4da6,Aftspixyxlxt,true
1cfdce3a-48d7-49ab-a99f-8d14fcd5d579,Gbcfcmbg,false
286d4197-8f00-4464-843a-abde3f757728,Zfabsglvxvckzz,false
15b6f8e9-31f5-4176-a57e-0c81b503640f,Tptlcthgvcdh,false
58658f10-660b-4ee3-8e8b-7d7a6e950a58,Lketrbkuk,false
7b49c058-5d86-4984-a5a0-c3ed808bf5f6,Quwr,true
4a22eadf-457e-4d65-bd55-9061fa147d29,Qowltspjhy,false
d7889ff7-6234-4c08-a9ca-1787b3a7e844,Vkhcwu,true
dfcdf050-ae3d-4423-bc33-0ed1c0291a63,Cvnhwigzj,false
edf46d63-4eec-4092-af90-ffb8339c9f01,Daarpc,true
49130e9f-4ecf-4282-a3f0-59c82d6f08b4,Bywxqmsv,true
2c79b832-aa17-4385-9e49-910beeebadf9,Depcbzsvua,false
58da6b98-8f20-4df7-91ff-0be3f018c428,Mgifhiwnfyfrotv,false
055d55a7-39c7-4c79-bd41-3ebd1394a220,Dacyuerjvrbw,false
8b016f11-1605-4463-94b1-64b4fa8b6006,Ueokts,false
84ea386d-3b3c-4640-b9f3-d0fbcb44d0b5,Qoqbaedo,true
39d8eb74-b20f-4d57-acc0-069e1a0b2dce,Mopitirctldhg,false
340f3c02-78a1-43dd-84b6-24796f8aa9a0,Kkdyyrehbt,false
6e81933f-dbac-4efe-a376-446329151569,Myawcsens,false
310ceb98-96b3-4f20-beb8-4457eed52642,Yqzbpfurmklpk,false
61db69ba-37ae-4c4e-a7b6-c711af942770,Fdykzoifesdsb,false
d47f2b28-1943-480b-a177-ff688f0991ac,Bwhhs,true
38e1540c-2294-4826-95b7-0be5019fa6b8,Hkx,true
50c72848-5fb1-4857-bc81-6a522c480a12,Dgqvauauepkut,true
eab013cd-1895-494c-b0d3-f441c3d8e1af,Cqafugcxcdh,false
95a2fb04-2752-4700-bbaa-db6881520722,Ytfomnx,false
1c72c2fb-70b0-4683-b764-4a32410ec1ec,Nnrcdjcdvinqux,false
1030b38a-1e59-48c5-98fa-1736f19c5e80,Diatmh,true
8ca026f5-81ee-4a2f-9caa-223ad813f2ee,Pwdowienqyswykr,false
bda3683e-41f1-4ebc-9e85-a7e98f8ad5b5,Duiv,true
7f3267a4-92ad-4c65-81ce-9a4a74ae4bbe,Ewtyvgwtgwnawf,true
f13e0295-a9ba-41d9-a623-43b4cb42fc20,Uvaw,true
e5dbf172-bf3f-4399-bd21-7f57e9b1c67c,Ohsioayytpuvppl,false
516431f5-a5c5-4c48-9037-4ad842cbdfe0,Ukkdngduk,false
973dbeca-5f4c-4651-9f43-68e37cd5f07b,Tnxrs,true
abc125ba-0564-4e22-8fec-92d458531383,Gjvuxmrgz,false
64b160f0-ba9e-4a89-a506-891476f0bed1,Gcoybmme,false
90f273cd-5189-469a-993f-6aa2cf6351e3,Iiarpttuzsdfi,true
55d97629-dcf8-4366-b42e-b48fd00e56f1,Urbymircac,true
2b6bcccf-ec19-4c5b-b68d-da44d5e34321,Vsivdofrxt,true
a862d7b1-c984-41d2-8560-bf750639d7f4,Eywwzkpgofzd,false
b3ea2a9b-f93e-4d8c-a8b3-aa931442f80f,Kkjjcno,false
4969696f-6042-4a8e-a525-0ab340ef9d83,Xtccwriym,false
78efe64a-ce78-4707-a400-2c677dcd5926,Uxmdo,true
53c9ad71-d64e-4d93-840f-c2ad47044529,Onauzwqp,false
efd8f65e-4c06-47b3-b051-dd9164442233,Swwprrrorg,false
f0b0b1a2-97a1-437c-a488-674b6341f36d,Elugqlkjshl,true
cbe7fcd4-a0cb-4e39-9636-162a2e07a54a,Eadodytpoodmoo,true
cf353a94-79ce-48cb-8217-4c7600c42b71,Iwxmrjm,false
cf6608a3-52ad-448f-b316-30a1b19dc91d,Smzl,false
1d65d224-3dba-4fbb-b8e8-2c9e3afc4f22,Wqpt,true
72e5044b-70e5-401c-8be9-2f65347ed72a,Jrw,true
54d3dd7c-ae6c-4f6d-90a6-2fa115d6d006,Bhxmwigklaah,true
6f148e6d-afd1-43ba-82f2-4793589391f8,Bdmqtr,true
7e99a3af-aae0-4ff4-9e0c-62cab6503fef,Jktb,true
ed0bc417-658e-41ff-a696-a838a45e7ac5,Jjcmenqjjn,false
b95b4fef-291f-492a-a030-fe1da2f4833d,Alhxg,true
b7370461-fa4c-4f50-964c-c5de95438fcb,Eisd,false
ce808eab-3594-4cc5-9d9d-6d3192368fa4,Gtazn,true
16073ada-1920-4633-821d-c02e4531e30a,Mnimhycedc,true
540bd67d-4c6a-4fa7-b9a8-f094bc52157f,Gntshvuo,false
d044c69f-8c32-45a2-84bc-bddaec0f6802,Zpruzybcj,false
f3f8d9d7-ad12-49fe-98b5-faf55e8645fd,Ltkaoce,false
bbf895b5-ded2-421f-a770-8cbc801fed0f,Ywcsarpbjik,false
490b4947-899f-4e1d-91e0-d6d38f2318b1,Dxkfvd,true
8e1e594c-f5ff-4edc-8c35-30f0235b5708,Ktkhodrb,true
25aca0f0-c745-469d-8b52-873eb318d80a,Nebrvnczmxompc,true
22ba8a1c-9817-4266-9023-8423bb1a197c,Zkqrxfowxpcc,false
3fbe0622-7ac2-4861-aeb7-af49a3070d11,Vdbzebwsyjszp,true
2107a92a-1aa8-453a-8c7a-44dfc283e927,Xvqd,true
1af4a381-5c85-4375-9e08-c517d6cf78e5,Vnncpepmnrdyu,false
76639aaa-35ba-4ed9-955d-1307200ba6c5,Xmyr,true
90956da7-0e69-4f62-8c59-5f6cb8c4ed46,Algylrhtny,true
536c4936-4099-42df-b878-28f021d3e0af,Byzbumhco,true
6b195a66-3b4a-4b5e-80a2-6e01c0e51595,Pmfszjfbzvalure,false
90dbb339-cd14-4314-9136-3df0c95507fa,Myhcfcx,true
45853caa-a1ca-4f92-8c62-19bc4106bbff,Fylgoa,false
8974cda1-4b28-4fe4-86dc-2bb16fcbf72e,Ehxyux,false
7aa7de08-dbad-4b91-a441-fcb2dbeadb5e,Eltmb,false
f996e542-f1d9-48bc-8def-330cddb9c02a,Chr,true
de7e8d7c-5d1e-43bd-998a-f041a87e072b,Ppvi,true
c9ec4938-cd87-4888-9fb3-c695a701ff62,Hswak,false
49b12fa0-8896-414c-ad15-f4a9f13774c4,Ifzdbizzwxup,false
c98083a3-88c0-44f8-8941-48d16365774d,Yxasyyeeti,false
c01aafcd-a515-4431-9718-b9e06afaf5c8,Iocvnxmqbfe,true
fbbe77dd-c285-4750-a19d-882d01c165ea,Niveplcedl,false
ed097728-6c8d-4cba-ba70-dc4126034683,Ygkpbqrjtl,true
bd57a3dc-1676-4861-871a-73231c285956,Ecrmz,true
e5eb8526-5f5b-4643-bfba-7ea2a98f301b,Vjanzynjvtt,true
d3d04a7f-d6ff-454f-a0a9-137be49ef582,Otefpqhbiloksxu,false
2d054183-debc-4a46-831e-069ea181bd05,Aij,true
c9ca9e38-36fc-4f21-8ed2-189a6f00c22c,Jgnpsvfztic,false
aaa41b76-c899-4269-8a57-729964dba2b1,Bfomgadyryzvre,false
f573cccc-7e5d-4c9c-8f4e-72f5c6bc30ad,Zhhm,true
952ff6b1-0b4c-4a11-8b23-376e2e7d4a7a,Lycibar,false
f0ee74d7-8d96-418f-b709-eb516b46f9ea,Oebbobegepq,false
52e8e63e-e0e5-4088-b188-9f0e997d0928,Hhluigknkrnsqcd,false
910babae-12a6-4e47-bb6d-22d5dfa7a13a,Jaewcdczxizexr,false
415cf921-2910-4573-834a-d95fc067b921,Crqpbayiobe,true
107a0fab-3ba0-42d4-b936-d2092b71ef9f,Ynrfxzxp,true
1ab84467-5566-4706-9003-c49a756761ba,Pxk,false
f893222d-3053-4ea9-9532-52a3426f7e94,Euycwgudwgbupbr,false
3fe6b5ec-7995-46a2-bd74-ff2435b0b89f,Gerpsmudbky,true
57c05353-1b26-4c08-a0c4-291fea84c3bd,Tvidq,false
98e32d06-204c-4c09-899e-aa702301d217,Kbitji,false
16c65c34-683b-4c2f-90c2-589a386df9ad,Xissgwsz,false
eb6eeec9-4f68-4642-a9ed-30b3dbdf0b6e,Agwll,false
3827898a-ba66-4935-9b5c-443b0e39dcf8,Glccap,false
12f02b9a-5469-4863-8bfb-45d199fcc6be,Aviko,true
6d4bf727-a25e-423c-a54b-36f0ba6ca6c1,Oqsnfjxfpifpo,false
c44404a0-3305-49f2-83b7-b2abe287e502,Dcc,true
b340996e-63cb-49ff-aadc-3414f9c7c97f,Ietrjipqy,false
9a1ec0fb-8549-46f4-84da-83cd3b2feb61,Rcym,true
b8101c92-ff46-4141-bb17-5ace59a0483a,Xtxquso,false
d1f61101-e218-4aa4-a264-8f6ef631d686,Xhulyicpstrse,true
7102c478-2ed6-4e19-9a3f-c98439321be5,Dygvklsxivhbewq,false
a0883387-4fda-460f-beb2-cf8718821fda,Iev,true
d1ac1372-02e5-44cd-89ec-ee27c4364ae5,Icxgttrwyy,false
58e969ab-d38c-4c68-905a-3b91e861974d,Olwttqy,false
4a236ba9-adc0-4eb7-af3a-ee9613ce5fc7,Jlvmklqfunn,false
ec7eec87-428f-4266-b165-82f57c968cf5,Qsrknpupeojx,true
b9e0a0b7-16a0-45e1-ab2b-433a865c8594,Vmj,false
3f83bae9-92f1-4f69-8531-0c2e4f9a8799,Gkzzdrjbbiraqth,false
a6d72a5d-7a68-44fe-b211-d35ef3546523,Yyncsgvtobgzdry,false
f924637c-4071-49dc-9ed7-9977bf7e41c0,Wqzscjrtxlgm,true
05656da8-5619-452f-8701-f974e4c8d8c4,Keofuoxnvst,true
bf760090-37db-4984-a907-a4bda65fd5de,Wdiqpswbstbizdv,false
bef6d3c1-37b9-4fad-86a6-b6adf2eb1659,Qez,true
a3f37fa0-f517-4649-812b-bb00c2c88625,Jrnvav,false
ed3258ba-3dc9-469e-9dbe-aec5d2013c1c,Ciklbqiwjndknx,false
1933d851-6419-4f00-a22b-8389098c1130,Rsbis,true
58ed25d0-a565-4fa2-81a9-d6dd19c9134f,Potcosyhlg,false
c21e0f2a-f818-4dd6-8ab6-ab89643ecff6,Eyyr,false
1903fcda-4f60-4ad0-9373-75fbe3e5ebcc,Xgptizimlkgug,false
fecf90f8-d501-4e27-899e-66912239de87,Kkdcmsrr,true
adece135-5d75-43d8-8d19-edfee93d43db,Odwbepioj,true
cb0c505f-9cb8-4baf-884c-ded207eac75c,Ipklyzv,false
0c9f5cbe-3189-4b84-b0e9-ef97f7ff88e1,Wesfeoln,true
c4c4eb99-1c1f-402e-9057-5230b481507a,Nmfxiepppa,true
bab9cddd-1934-4e64-8c49-ccfc899f29ef,Udqcttbpsr,true
42e3e788-02b6-4fcd-a496-d5525884d22c,Gminsfcduogn,false
3f93e56b-7fb7-44c0-95f8-d7eda0bfaca3,Krtms,true
ddfa1641-e850-4af6-bd16-05a880872749,Brnjixq,true
d79ec71d-0e28-4ef5-a68b-a00974935fdd,Tfqjgifwoc,true
5a51d2f3-0306-4497-b815-4f8cc8765648,Fsspa,false
fa049fc9-3a22-42f6-9799-71a7c275c498,Mwfmjapj,true
1527e3f9-6223-47be-a515-4020bd6d3db5,Zurkuyqd,false
7ade8d06-45f1-4db6-90ad-c556dc8993a0,Revgvkslpcygm,false
76aa5b61-48e7-43c0-9989-49c46c42b36f,Exjuso,false
4df3ae51-f454-472a-ba41-bda172757c1a,Mshcykcazhkdb,false
ad9ad684-ed83-497f-a8e7-58bc03856f4a,Dducshemyvbwdp,true
c9519679-9d70-471c-9735-2dccd126e660,Paqdottkie,true
084627a7-6c45-4ff2-b9ab-0eb4371b9b5e,Iugmzzouz,false
82cad123-41d5-4d12-9bfd-417058a1a547,Rdlrwt,false
f073dad3-eb67-4916-a824-ed9177b10563,Hybkyghkonn,false
5a527f7c-118c-44fd-bc9e-598c8a7786f0,Oqrrblmckrsekl,false
c8a65ee7-ec01-40db-8b7f-ab00f318b030,Xdxas,true
2d022710-78d6-4331-8d44-169c4d8d7012,Llmtvdi,true
cc0b27fc-aa86-4bbf-8b66-427f9bcfd640,Rmtnzktsyvnhm,false
6d808455-94d4-47cb-90f6-06167f14145e,Udv,true
2048c0db-53de-45e7-a790-b3af4cb72289,Czrjnkacllkgvsn,false
c3bf058e-3c97-4697-8292-102fc8937d13,Jzofvuneulqhuk,false
744a6e81-fb03-47ac-a7d4-c9faea5ee3bf,Jaof,true
f7387fa6-5fde-4041-883c-ca2a053b713a,Xpvivczoaflvp,true
b67ae759-115d-43b8-abbd-4852f9f4aa52,Bqtnrffsnln,true
3815d7c5-982b-4230-8cd5-e5535a8cef99,Bfckwqrcx,true
2cf61322-cc8e-45bd-9478-31242e4d86b4,Doxr,false
523a5f1a-8202-4530-a01f-0268d855fafa,Dpaw,true
5923b553-6e1b-47e0-a0d1-c6f0e20d2205,Tjhctxgnwjbpgy,false
8a775a01-0dc5-4505-827d-ab716d9ae482,Nvxdeptyqcwrehu,true
2556316e-7583-4158-890b-e12615707e3e,Thlei,true
fd27dc94-41fe-4846-875b-7c53d6f359e1,Ylrvltvanfetq,false
bdc0f35c-c293-436b-b5a3-9e87b68c2802,Mwccvxj,false
7a1b7376-ba68-4182-96df-fefb1a8b0679,Ethjtuhwufs,false
2410acfe-7ee6-4a1f-a756-fa6233024680,Vpmsvaa,true
3cd24141-f235-4cfe-a510-e712be3d6844,Fwqzzhgkh,true
b4e4cc59-698d-4953-ab2a-69366137dac6,Wwwndrcos,true
2d8fcd14-9937-4352-adae-c25a777b8b0b,Dbciajnmkngxwnn,false
e71c6de8-f11c-44c1-a719-ca072629e9be,Iwuqyrgvfnzfyz,true
24fca1b1-9f40-4515-adcf-5f6e8618ec50,Skujydwchfmmkoi,false
235e5971-0f0c-4350-8d6d-40a734e64d35,Iqewzfubntpxja,false
39bfc429-4406-429d-a0da-65e0df8790ef,Fmnjlvrwylj,true
fc29b621-355b-4b86-9a86-b7f3409a849a,Tmf,false
ddeac39a-7051-4ea1-8fa6-70cb7447e7eb,Cqda,false
e5b7f378-12a4-4e9b-a01e-6cec23597284,Okvqryeiseufww,true
9f87c211-956f-45da-a257-bd9eb7b3476c,Cpalfypc,true
8f0bef33-14a5-42f0-a7bd-ed20041bc3cc,Tloc,false
cd4a3a1c-e6e3-49aa-884c-a814f6279f23,Xvplbhflhn,false
7e6b4283-e66f-44d3-aa5d-e7b889c44776,Dngdiyautd,false
f3ff2509-40eb-4f39-96b5-93fe5eaf1b3a,Hrycklznzuhmzg,true
882c442f-083a-4539-bd63-6bc951601215,Epdkoxzztucvpa,true
56573e99-55b0-48c8-b3e9-c81cec674731,Jjkldwf,true
199c9aff-dfe3-451d-9eb2-245966b2613e,Yzstzjzvbs,false
7d942a89-73f2-47ae-8d37-9d3ac07ffa96,Bqsvtqmqqbtfj,true
b4452302-bda5-422a-88fd-5b6d96d9b686,Pioknnvkvc,true
fbb0e9b5-b889-434d-8342-d2a3d59711da,Xmhdjlmuoke,false
922c9af3-a031-4dd4-bacb-9133f788738e,Oofb,true
23a63ac8-ab6a-4f6b-acdb-ada518a28c60,Lmqzwtykjdcfq,true
7160a23f-3282-49e1-bf1e-18341de57724,Zcrbmqlum,false
c4c565eb-c94f-4581-aafd-4fa9b80a2ca7,Klxhlfej,true
fc932df1-0ba4-44c1-9b49-997bccf5e918,Nfux,false
1f3f3b4a-0843-458a-89d7-a36abd9c71bb,Xqdteeqa,true
d36da95a-5ed7-4493-a340-e30b2d627dc5,Emuvgwxyqrwbn,false
60ea5c28-1fcd-4602-90ae-21cb915b81c3,Lalskqi,true
65017c7c-285d-44d3-be49-fe7a3bfe5f2c,Ikentcxrrxuj,true
62e80a12-6d32-438e-a54b-910d747f0f83,Xozy,true
58ef3930-46a8-47cd-8ced-3e0c51623408,Girm,true
8ab377cb-ef72-4e9d-ba50-129de4c9822f,Tgxmoqksek,false
f4a97399-c4ed-4678-8234-dc46a7e97e0c,Zdbwufbqpbgwjh,false
5af15fe3-a7ad-4318-9dab-fb8db1098104,Njegqheozf,true
a7a16e36-50d9-4fd1-ab1d-11a3b6000570,Jqyaqtejulpp,true
30bafcbf-947d-428d-af1d-fbfc0b74bb24,Mahmjxmh,false
1b247276-4d35-4be0-ada6-542dd6c60b85,Sxdfje,true
438ed05a-6171-4b2d-b4f2-e28fc675f7e6,Hvvcbca,false
f8d78596-ccae-42b5-bb7d-059d0abfeab3,Vtxhw,true
a8a58902-3a96-4012-8e57-b18df6541d0d,Hkcf,false
886263b1-cf69-434a-a6ac-3dd309b925b3,Dmuioc,false
42358b08-6ce6-46e0-b33d-a4fd10d091ff,Uvnt,true
b1db5740-2e2c-4251-a3eb-48077a0a4034,Bwkezdl,true
50c4ebf2-a3e2-4cd5-88c0-e81fcc7bd076,Mcregmwwenv,true
520e2c16-1922-45ec-a99d-9c586a7e0376,Jrxhbnukqw,false
ab355185-559d-4604-b78c-630551ed3c2a,Obweat,false
d7a04500-5cb7-4fa6-9a40-08bc935f219b,Kkzi,true
712edd28-1ef5-41f7-bee3-edcb2505dd95,Gxy,false
68d7a882-0368-4d53-9138-1001aaadc0dd,Xige,false
ac4c29d8-d6ad-4c98-81cd-561bb9f70fc6,Yjrgioks,true
ee7edd59-6063-441d-b9d2-0722d9604d5e,Stbjbpcexarrdrh,false
a3f9d4dd-25f2-4204-bc7b-9de8c13dd732,Tanhudxzveptl,true
0dc5a988-5e9b-4eb8-82bd-280c255ef94f,Udlndcyyssk,true
cc98b758-78f4-4277-bae8-b0a082437514,Znbvq,false
d3406b7a-f794-469f-b8f8-f45ea7fb7f31,Waygypf,true
27842c92-98bf-4a5d-954a-d4f98f024793,Xgviwrbwf,true
98c3afd2-9841-44e6-9c9c-271a008fffef,Gvfwzthxokozaxs,true
7b189228-69b3-4a4d-8179-6390d082c7a9,Naeapvs,false
dc599562-0803-4f95-a07a-7d299eee3c3d,Puwpnaugsttg,true
1a18895c-5655-4888-b022-a81842a64c3f,Oserzezcfiri,false
cbc20abc-ae66-4760-85de-70bdfa9f2b2f,Qvqdsorow,false
4e98fd14-56eb-4f8c-b549-a6d70ccab4c2,Ytzvxfuhgxxknga,false
e0de4692-d3f4-489a-bf54-d165af3715b5,Zfgjzkah,true
273a9478-8de9-481c-b05b-0f775ee1b8ea,Wdyxqtnbwl,true
13e5430a-a221-4065-a477-5050a81522f7,Rtslzmrpavb,true
051546aa-062d-42ec-a00c-13a52fb5563b,Jpaqp,true
ae9c9daa-7d49-44dc-8104-fbe19048ced3,Rtkrgzszbrq,false
0c47380d-ad7b-426f-8cea-9036b7f1d8e1,Zczvavzzqos,false
536eca83-82c2-4b8c-8596-21c2c1bc058e,Bdkn,true
0cdf3306-4ae0-4400-bebb-2ca03bf74914,Bnud,true
c7ee4408-f14c-49ba-844d-01924c071354,Ssllohorfzvo,true
19bacd62-0aba-4a0d-bab8-43546e2500d9,Hthiqpvnhtlhs,false
e2eb3bb3-b7e9-410e-b46d-441be1a3b9ae,Ssmomjegugmbgp,false
f48bbd7a-2ce8-4d40-9266-b78babbb51f3,Keufenoywgsy,true
77487055-2c1b-4c4b-acd4-a8ae207ac9dc,Yxeksgjp,true
09a058bf-9467-4dde-b404-5a1c7366a14e,Pxx,false
bc6c35c4-4f6f-40a3-a94e-44acc0794ed4,Szarkteumaoqj,true
fc4781e9-2066-4e60-b51a-a7a2b6174549,Vkrb,false
94caff77-44a1-4d10-a6a8-d55a1de500b3,Kqgwwbv,true
d4edaa13-506e-4156-9e49-7d62b4447b76,Zpjxvpkpdrwftr,true
4d4e69d9-0031-40d0-9c7b-b39ec6ece76c,Dpkp,false
d06dfcd6-d758-49de-bf27-e1b493ecc437,Ntzgnisaasqa,false
52fbc41c-7883-433c-8bb4-84760a3788c1,Ivmdfbifplmj,false
6acfeddc-57a5-4a1d-ba09-e91f5d3f09d8,Hxyjfgglr,true
4e344780-5170-4231-a44c-b121ae7dffcc,Notjyfkaalo,true
06dcaf40-b82b-4725-a91d-90306c638be8,Otjubltsmrcj,false
f994d4c2-ea38-4947-83a1-1471f5dfc659,Uipidjxtimptpc,true
63a71cb9-ffea-4b3d-a6dc-a3e2057e7c74,Yvegyzdtm,true
3862b6e7-52de-4d88-9664-f9fd5b6688c5,Krogrndoieedqz,false
1497119e-91fa-488c-90b2-21809aebd2b9,Kjxxapbhnjvweou,false
9b682995-3231-40a6-9d1b-cffb80b779ce,Qggcgtd,false
84b76157-35b4-4c67-994a-37133e05b298,Btlpmy,false
83e0db04-de19-4457-b02c-01e8c6538adb,Kgmgx,true
2942a261-e82e-4446-b3c1-d6e2ee8c2c0b,Qvxvjev,true
d3bfa920-4729-4d51-8212-288d0cffd25b,Nuciutyjsmtny,true
7d93dd0c-ff49-4e83-9974-c255ef0e1eab,Tadqevadd,true
6bb56768-4906-4ac7-b929-7c1ce92103fc,Qwvnxr,true
3bd6eb59-d5d4-4eaa-98bd-6d3909915e46,Nuboa,false
ce0e75fa-4d60-4d3b-946b-fe0536db5392,Vwgrdnicvpuz,true
7c47326b-bedc-442e-b8b8-7122c6cc3039,Vedvzgzn,true
400101db-9dbb-47ad-aeec-307f163620db,Tqknpdfv,false
615e979e-45a2-41d3-ac8d-ddc59f6e40f5,Nkttieatecq,false
cbd5d317-ae21-4477-877c-b0b87cccae56,Lnbpki,true
90da1e09-9b46-4fed-b17f-8ebe4c7009ef,Afowunxkrnoahj,false
87121340-2760-4d6e-8f92-77b82f5c6127,Fxaahkftdmr,true
7451486f-4858-45af-8136-116a56fe9d24,Xjgnixtuk,true
85ffbc03-5869-44e2-8726-6165dba660d6,Okxnihtfajvk,true
131e7b21-123c-4557-bd12-6047ebd20fff,Fpky,false
5714e867-0ccd-4591-854a-4a71264bfd2e,Hfsljdziklr,false
01ef34c5-bcf0-48b9-b57e-b53e7edcf46b,Wtflroncd,true
eccf3d4d-189e-4bc2-a2f3-6cbd6c9c6359,Oqhdeimfovd,true
a6bb5ac2-3e24-41b3-9541-18af09d1d19d,Uuotpj,false
0e290873-2594-463a-94f4-cfa28ea01f7d,Aapmajlhtjmcl,false
e4324e82-845a-41ec-b397-0975cb0a0d6c,Nqdsubzfjiumbe,true
06c39f66-187a-4b30-9272-944bfab7afdd,Yvycilpfu,true
c03fdbe0-20f8-40c0-afe3-7a05322e2c33,Tegpdsoa,false
cbac979d-46f8-4708-a4fa-6c4424ae607c,Sbwlsxzaq,true
c39a805d-c2dc-4066-a1d6-b40f4f37a1ec,Glwauu,false
029be2bf-937a-4104-a0c0-da3c1b72b058,Gquiddrnwxaelvw,false
19a8b5c8-6cfe-47e2-a301-e421fccccd37,Oqcldymvsyjgjwz,false
82defe8b-1333-4f0d-8769-f2c93a50427f,Gcj,false
11b32194-123c-47b7-a80a-82117f6c62ce,Zpp,true
f1fbaf92-43b8-4bd4-b689-1040d6f08dc0,Jcvxyf,true
3fc599f0-f817-4553-98e6-ef004ec49d33,Fzpalhhen,false
f6420c4a-8a01-447b-a476-fc4c33876e28,Ifj,true
2beac02f-07aa-455a-8b16-e1941fc78e6a,Sausr,true
6def183b-3c14-430a-a740-ae9f98039945,Ojdmcegduoajpx,true
4fee448e-8341-48be-96fa-fc5113142b41,Bxdwl,true
a3d31c71-ef0d-461c-ad99-1fa5a55be048,Epelbnbkwqgaew,false
a265262b-0e81-4562-8d80-300ac2a9bb81,Apj,true
79115881-6506-40c0-8fd3-d72617956c8c,Ohnenunfbs,true
03b0b0be-0cb3-4108-b659-0e15dc2f36e7,Japsewib,false
56d6a02b-2b01-4383-806a-89113a5548d3,Mayhw,true
ffc7b51e-84a2-499e-be06-dede2b753f06,Jacibkaajp,true
a9ce1a7b-bc40-47c9-8ec8-5c72042c0452,Wbqorsxjf,false
72fa2d4b-13b2-4a1b-b795-98f754143c36,Gfx,true
e9a60f50-d60e-477c-bba9-f20a94e8c96b,Hrghdcv,true
7a090be2-bb26-4787-941d-62f3c407666d,Vqx,true
78810cda-9525-4b9a-b505-33f61c53f79d,Icb,false
06fe8abb-2973-486b-aa8c-4228d83e76a1,Mkja,true
298719af-e903-4915-9db0-7b511f22452b,Osat,true
c69ce54e-6e55-4bd4-81c1-f8769ccc37a7,Innrhememjpet,true
ba6f1525-d1e2-4fe9-be94-59285a2dfca6,Ljdv,false
f7d2c76a-6831-44cc-9117-9fafb856a38d,Xmubvvty,false
5b950d8a-56e0-41c8-86c6-a7192345ab63,Cyknamghgjbjqsn,true
8035dc46-c375-40e3-be07-30833b89a475,Suqor,false
244addcc-5e31-4fa8-80c5-61eb23e3b7cf,Bcfwk,true
b67ce4a0-608c-4894-928f-ea9d73da5d91,Pxhfukvbgvse,true
9328a9ab-2d84-4163-9663-8739b50bc174,Zunmxfcpy,true
ad34eded-6e9a-48ef-a729-76e9c542b058,Hmdiayk,true
f6290d54-e4ee-49e6-a420-f36cf5bcec11,Hqpqlowdn,false
4acdc85b-0e0b-41e2-92d3-d08325effbb0,Zmqkoyd,false
52a1209d-5de3-4802-bb81-fe9774999062,Beyqy,true
8e56505c-f95a-4df6-ace1-64d2c1f757eb,Jiuyubkjlu,false
3a0ca31d-9c55-4316-aab1-935c8e55276a,Llbxngysjyrnr,false
6edd1d89-1e48-4dbc-a9ec-256321f669ad,Pjqirjxe,true
dbc23191-4274-4ec3-8441-93a88834cda3,Ravqujhhfyou,false
b8d9407d-46c6-4da1-975b-14e9db24ddf8,Swuppktpitbiv,false
1e1093f5-99ee-4707-8ee6-99525db8156d,Dgxswb,false
eb97238b-fd74-458d-97d1-e93b607b0853,Zbvikywlmaxdzi,false
9b26a0da-2c7e-4ec7-8365-9fab8aa3865f,Fkesqwvl,false
9ee265d0-f791-459a-beaa-45ac1e296f2d,Sbu,false
0a7927e2-6f21-4d92-91ad-9930b126dae2,Yiygl,true
25c64958-6cb1-417d-a50d-66dbad6d94bf,Jdrc,false
0aba867e-572b-4b69-87c5-529f3e5b2ace,Xxdmbf,true
561ce7c7-e106-496a-8476-70aea98b15bf,Puijbfzgn,false
69381e4c-dfa4-4790-ba28-7c04a7b62d80,Eebesscgfecduxq,false
07470019-9326-493d-b6e9-4792c7c3d431,Kmfpro,false
9e7e6222-6808-4945-842f-d021ef4466d6,Qortuwi,false
c2cebad6-c871-4646-992d-aba1f8bd6cc5,Qzxarescalf,false
e2861647-5ab7-43c8-858e-cdbf95b56ccd,Ttomcmqlizxpc,false
c73fb49e-9408-4e5e-b7f8-5c5c847b18a0,Tdj,false
0cfa7ae9-9ced-4234-86f7-c371f96f9937,Lfvrtcmjr,true
98c5eed3-4611-405c-bb24-000d73295c92,Xhhquynexv,true
a5cb7d8c-36e3-42da-a885-345897de5c4f,Ujkrexu,true
66238d9f-f235-4b13-bff3-20903bbb1d40,Nzmylncajbse,true
d0742bd7-c457-4ea5-b7ee-7b7c04a30b13,Vdfrnahuqvrb,true
0943550a-e42d-4d58-b0e1-3e5ab7b2c09c,Tkjlhgelrehhr,false
d7f38507-c446-4e71-a5c0-81188f5be455,Dtjqqv,false
7eca18c4-75b7-4d76-a1bc-e8413edeff94,Heqdpsfxxlbdfh,true
ba91aac3-1c1a-40b0-90e7-cc01fd259af8,Gemjolhgyiue,true
755104e4-81c1-4b9d-8873-64c4791ef7f0,Ceuyxq,true
f7eed10b-09b1-4d5f-9d25-b5084d61a43c,Posufziu,false
9820211b-018c-438d-b316-44ed5de69bfe,Iki,false
17cf9ddf-348d-4cf0-962b-ba01d9ee01df,Ltqpvpx,true
c0268c20-2a34-4992-993b-369bd9bb2605,Vzclcmbf,false
e973373a-b2c0-4c46-a649-7a5a2cb2f299,Gwpdpl,false
af2a4fbe-e88e-494e-8ddc-d8db24c07ebd,Yujib,false
ad68f806-9319-4d02-b88b-b29cdca024ff,Hnn,true
63f854f0-0534-4b7e-9ab6-91f8e892436f,Jkhjhgwyl,true
56373208-dab9-49c6-9e76-88d6493f1684,Xlyqt,false
1b37b679-bc69-47ee-9d1e-5c7d80936f27,Smjlq,true
ed8d047f-439b-43b9-b391-e597fd77a9dc,Siariyvom,false
cdc576c9-1307-4c78-a529-e80773a6f62b,Eagqmel,true
4b69631c-37c8-45a3-9a45-4b9a71a8a96d,Vtlu,false
ae626fe3-ec29-4555-94ae-4e44539c4947,Rffsv,false
5f89be1c-ee32-42aa-a217-2fa4bb0f196d,Yqurwbynncv,false
5f3604bd-605a-4379-a029-b01788f30aec,Wecj,false
d0f7dff5-1093-40a6-9933-e15bc6517def,Bhiyqocvmxrycod,false
40d047d7-7d06-4b62-8f31-4c58fbe2e203,Vfymyrdkmlh,true
adea145e-3c38-4adc-813d-32d13c1ec14a,Nzoir,false
e0bdc402-7741-4118-9916-74cf74fde7a3,Qcim,false
6cb52992-73bd-412f-bd36-8f6d7758cfa8,Ssyhnzzb,false
0d8e4492-a465-4f0e-a42c-b496b9b8ee3b,Ddwnj,true
854640bf-70d4-45ce-a599-bf7fb78f0355,Zzfnsfpg,true
2522b442-c2dd-4780-9a16-2954f11017bb,Enkj,false
de5cc072-f4fb-406f-bd89-c35d2bf0538e,Ezmgbqiqyica,true
67d1f74b-a20e-4354-bb26-a9136717b765,Ypwfe,false
21a60c06-a345-4f09-adea-ba8641ea66a8,Lbubpfixfpyu,false
51df32dd-399e-4e51-b2d5-93d96ef86639,Jofpxj,true
e3d3c4b3-1eb9-4cf2-9f7a-59407fe83b70,Bwzujajqqw,true
ed7f5c7a-6c82-4587-a06e-70a46983effa,Eviiqjvdvswjrv,true
124897da-06b3-4a55-99e4-57f0f36120e5,Olvvcxn,false
886be095-63e5-49e7-b41f-f56f62f8f313,Grydsgjvrbyynib,true
5dc607bc-f281-42ec-bb32-036445b148c7,Cwgjoxjhu,true
b7273d25-4835-4950-90d7-304cb4ac79ef,Zuso,true
94e5f5d2-010a-4c5e-9aa9-a0e2c208f959,Wazcusi,true
df14c0d9-8ec7-47b4-82e7-92274998fdc8,Dewzskng,false
63363c88-c300-4934-b213-cf75de612480,Ulddact,false
a1af9eff-c689-414d-a949-4820b8f5105e,Mhtzfzr,false
efed11ae-d5eb-4b1e-a62f-c9e2f375efec,Hvdacagezy,true
4775f6e6-aafc-43e3-ac1b-9ffa8c0f6c89,Opogshgla,true
3e68327c-21ba-41d5-9f25-b73697794295,Bzi,true
5bca2fba-bb38-449b-885f-de8260993956,Ywvoucquarqvo,true
a4d3af79-19d8-4bcc-b483-cf8a14a8db2e,Upyhofaoxftfx,true
629f5e8d-4ef5-47dc-8bb7-6fa3a7c89175,Epv,true
9b35f212-9495-4002-9c9e-f7b55dbd3808,Txyvplout,true
92ddf77d-681d-4c28-8c36-456c9ed2a947,Vgdmzwmqn,true
fded4393-afa3-4f1d-b8ca-188ae499b22d,Exskalgexnojvr,false
a3ddcf1b-bf6f-4f5a-8f46-16962098a55f,Zhxnncd,true
1c61b16d-575a-425e-85b2-8fec38de577c,Rbdpl,false
32a59c09-f98d-4dc7-b850-f457a7549a89,Grutylltflycpg,false
504b1e5e-79f4-4a6b-a819-cf114cb9e35a,Bwo,true
4491e489-b5a2-4a25-a38b-4259064f4891,Pdjzvrv,false
7c11f4d3-3afc-418b-a982-9fe057e0003d,Dsw,true
dde69f47-f164-4758-85fd-ea29a531c34c,Cxztcponulvjzoh,false
749611d5-fc50-4ca5-897d-fd26587837fb,Ebue,false
807372bd-0805-4cd6-9e93-58a2eeb3c110,Uuug,true
2a37307e-a766-4534-86db-e49778e0eef8,Hpkgliuikcid,false
229c3e04-8a18-4ff6-8005-06c7f5646a23,Qyzcjbyzx,true
19e9f806-3ef9-4fdd-b9f4-cb0937d4a19f,Tzoqkymzzajbm,false
d017b703-0ffc-434f-92f7-3579d56cd3b9,Frdprlftheyci,false
3b76f852-8a17-4d0b-9b53-baae79a8288d,Ntsdvnnumrb,false
e923d9d6-ca9d-46be-bc81-a5005c3a0468,Lhdpgjdp,true
5325746f-5d9a-4673-bb67-3b0514d64909,Jxhatntsp,false
ca185bc2-a73f-4f08-9f16-f4bfca988761,Qgvagdynzkeu,false
03725f32-9696-4957-96ad-192c04bab30d,Zupgrwcueftjy,false
7ed4b792-c59b-4c90-a285-4706170aa9b9,Gfbmlrtnw,true
ef184291-9d57-4a36-8d75-6df7bfe95b0a,Sdcia,true
4e01e12d-3d76-45a3-ae65-4f1c6c6e77c9,Sfmwatlbdzewv,true
8f819fe8-cee5-4985-b425-7ed803207002,Pvvyenwmbm,true
161fc459-b30a-4001-9ad7-47c8da52bb15,Zursjkvrsbitpjr,true
f62413d2-eb33-4a4a-ad3a-7c0f4cfe55c5,Umbkmxfrfq,true
74202c82-a7ed-4dbc-a8cb-817204e0dd87,Tjdkdplavtpigqf,true
e077eef4-6ba1-455e-8fc7-61e66dc3bc4d,Zni,true
455fec7b-02c8-4809-83f7-bb5098c8c2fc,Losbapezrwifx,true
47324bbc-1ea6-41f8-be1e-7e71379ad056,Szdmkophciuxma,false
6de3eadb-fad2-41fa-b708-c49ac2078e3b,Xfnktgdxikutki,true
5a9e5a45-2430-4451-bede-30b4508d1d7e,Hdqqfqpftadogc,true
7b927eb7-a2ec-44f1-b593-d26528f10b3b,Kqprpqt,false
de9ca2c5-6180-49af-ae7c-c33600b123e6,Fdxcjtjde,false
eb78249d-3d7d-4c48-8e72-99ec918dfa30,Kidklvh,true
42a2a807-2a68-45d3-aa95-ee44c1d17212,Nmjbbfwilgtd,true
5f20809c-6f94-4857-8918-dbc7d5e45bd4,Nxw,false
0c662d5f-3d01-45e8-b252-10cd5340df2b,Sfhaxf,true
92ef1f45-04bd-452d-a0bc-29f6f9a5b227,Lvu,false
4abebfd5-9222-4bfb-809f-13e535727e13,Qdsgwnx,true
3bc5af9b-0be1-46b2-9e00-a9121125b1c9,Cbe,false
ae13e422-9e61-4091-90c8-c6e673a58543,Gttzqnhnbvh,true
60d41259-547a-45d6-92d5-99928768368e,Gpgcd,true
5deb23b3-d96a-4161-aaa6-f0d90ed15831,Pywjxflzfukmcl,true
4d421b1d-84a9-46c4-a3e1-0e7bdf5ba6e4,Fltgwhlcm,false
b6ef6d85-077d-4ddc-a7f6-878fe5308212,Cvm,true
905244bb-be4d-4598-83af-e3c3ded280e3,Nvxvx,true
c08bc782-d0d9-4617-b39f-130ceb3df932,Tfwlahmfwrfzrkc,true
a00d8947-ae62-4a43-98f4-b25c3a18e927,Eok,false
2c1528d7-1c03-473e-9a23-2902c2800c82,Dwcsejebbscigb,true
3b11c063-ad10-4fa8-a188-cb646cb991fd,Jaaqihfo,false
aa9ecfb3-228d-4cfe-a90c-636a2f1bdb5f,Ucnlvkcuqptebk,false
ad66a480-6f3a-4ab7-81b0-6072b4a79b52,Hrivvigjl,false
46e596de-17e0-4b21-8b99-5f24a649e579,Oyhinev,true
bbbcfefa-a33e-4cbd-b914-e5bc4097536e,Zbulpqmbwbbzu,false
b23ab54e-5c48-4b0f-b409-8c4e30538b02,Vcebfusskljmx,false
5e12fd9e-bf44-48a5-a194-de4b80eac023,Dmuwvh,true
c702e09f-e20e-4409-b2a1-bff8b5aad954,Eiggqh,false
f938b32f-d6fa-4a1c-9b5b-065a4a496f00,Mclfpkhemsihjhl,true
a16bbbcb-7153-4846-ae06-8fd9fc95bced,Yvnedifatibpc,false
63c47bd4-b5b7-45d2-aac5-424e74946b4a,Njjksf,false
b8121cbf-9514-4681-bf35-a018afd536f1,Asvvredcmdqozig,false
e166dd15-d690-43a9-9cd3-b0ae280499eb,Ekymslssbaozc,true
fba4938e-b0cd-4790-a85d-819c4c98fd03,Pwkdvqpgcuvnsjy,true
2baacdbb-71eb-4e8b-b019-878c6ca546bb,Devdfrvy,false
5062d98a-d041-40b1-a839-e64608f5474e,Wgnmlkgkdcol,true
d759e23d-97c9-4f16-8e73-48cee21a07c5,Niwemazp,true
44e5603d-8dc7-45be-800e-2bbc69c15ba3,Hninlecbdcookbl,false
8af6457b-6c48-46d7-8235-e1751cee8bbc,Kjv,false
083ba919-00cc-4ea3-bdd5-56609f71dba0,Dxgwbz,true
5ff23945-11ef-4e3a-a499-1fb0f02b81bb,Ity,false
14a1f338-db2a-4adf-a870-de33358e6080,Dsafkshhqj,false
3480e5c0-cbd3-476f-b994-81d2c6d4a61d,Jdcvybnnoso,false
a9c19e19-f4d0-44b5-a805-015309c9c8f7,Ocha,true
b57f6983-f7c6-45d9-98c2-50ac24ad881e,Vysnzq,true
d6b232c4-93d8-4644-a414-25572ab91a63,Ampgcwjw,true
cdf7b830-a5cf-4db2-90c0-afaa1bb78c39,Zhguymw,false
c7b6006e-1bee-4e6c-874a-95af980a0b46,Xyvijh,false
ef958c06-6845-40ce-93e1-c63f0934c230,Vybtzh,false
d4a3417f-5aac-4b14-bf52-8952d6a68c9a,Buxipxpma,false
1be4be2b-6263-4403-939e-af95a35b1439,Hfycmdi,true
a527de06-bdf5-4ad6-997e-412a6813a04b,Vynnvzicqugwpb,false
3d4b0889-cf27-411b-87ca-a1675a4984d9,Adnoqiputxfzl,false
3f4c29cc-bd90-4af7-8fd6-bfbc77378730,Jbinpesdlhzqs,true
d4f0230b-fdbd-4735-9726-ef5600085a6e,Zudx,false
cb5a3f01-f10f-4098-9795-d57f940e45a3,Wbyixbag,true
0f88c980-7346-48d1-a7a1-eb06eb696c38,Sbludmtbnxaja,true
777d0a89-8354-46d1-85b8-f3891682c1ff,Ibpuvihodg,false
7078db4a-a0f2-477f-b6a5-859366c5f777,Cnsrsodmsfkprpq,true
e9f6a11f-4dd0-4fb5-aad7-81d4967a4d95,Qne,true
d97428a5-adb3-4069-b199-5a9de157c477,Khbo,false
ac6417a1-9090-49d0-ad90-e09142639b88,Jspzzkyojmqtf,false
137128d0-e1d1-43fe-b036-14d64071b9ff,Sjivzop,true
b5ad56a5-2569-4733-bf97-44d41c77b9fd,Maa,true
edec850c-d422-4d87-8388-1c10ab2e7302,Aasptnywowtng,false
4978bb47-63a1-4af2-bf89-40d129024b09,Uznatwuxgk,false
c2d17dc3-9186-4299-9958-27d90b770686,Zjxa,true
288d42dd-6193-4843-991f-f82a52f74924,Btnkfwznxbivinq,true
075a9baf-1f01-4f65-9c98-0de159c516fd,Hzxrqrqqptej,true
a57a8462-5acc-4792-a7d6-70310bc0e95d,Uxcxqi,false
cb975148-598d-42ca-975e-dc7e1b5e9a1a,Hoeytzzg,false
faf9b657-d74b-4791-9b69-a0ca9e1dfaec,Rhlhcmidyyfvev,true
30b0810d-30c5-4d0b-aa60-939d87d72376,Kbvj,true
ea0e55af-a182-4a8b-a6b2-ca5ea35d0657,Rnr,false
2a61bed2-b8b2-4e39-add8-a1bf355b6b90,Dlk,false
5349f2ca-bea1-438a-a663-0f8a614753c6,Pfungtbxg,false
00c7c0d3-e8d6-4563-b406-d10909b9369c,Cxlkovmfhdtpmt,false
4e20315d-6b79-4b09-b30f-de7f30e2e825,Qgpwvfzlqloeq,false
2884c20f-e82b-4368-8ee2-f4777a02d468,Lpcsn,true
6089c624-1c17-47de-819b-673ea2cd9e99,Fyjewxvhxhwbb,true
c0d8fd4a-9bb1-426c-89e9-88d37231e1a4,Yqkwdorosykebi,false
69ad2427-4bbe-451e-b013-13615a002fd3,Pcqnujsgrpgxb,true
feacc4d9-a72a-4468-834a-c2a4e0ec81ca,Qeqxei,true
60e22a1e-8f43-406b-9a14-eba6edb0a3e7,Snmueccltkt,false
4b945785-0a33-44db-ac32-d59bb191255c,Aqxted,true
8b1a9001-3130-4252-980a-e4aa4f4c2da1,Qtrcnzji,true
eb2f2a6d-bb7a-48a8-8c4c-d7603ceade28,Eslbzshkaevanwy,false
a0e2d1d9-ecbe-4722-b8f3-4c7e605d6635,Wwazrw,false
3fa8f7c7-0558-47aa-8b85-4f7b91f47e62,Epk,true
6a964f34-f6a7-4202-b881-ada7ed0a6700,Azywx,true
68e6d63a-295f-4ccc-aed4-ca91f601a7ee,Ifcg,false
6c3a9f63-9005-4274-ad4d-28747d241d56,Fpe,false
cf0094a7-c135-4918-980a-ce446c187a29,Alwocusfs,false
369c2d2f-cdb4-441f-b1d2-8a5ed7b60905,Lbgzkipbkch,false
602731c3-ff61-4e06-a88e-7ffc42710328,Nkbplc,false
b476c07d-9920-422d-98a1-5ef249a210b3,Upvnypaganefhei,false
07a85263-e0fb-4413-86b2-8a06b9301bac,Fuvbknd,true
b34be47b-2266-48ef-991e-59ca28746b7b,Zepziznrpqnxyx,false
acc7b6cc-9c5d-491d-8e5b-b463574d5de8,Hhwqilep,true
9dd4c9d3-d222-469a-8203-7b26d442fa3d,Osmlqbfgkzgj,true
92b45125-3557-4b8f-bb58-2c411b3c1b04,Eifzzqx,true
acf0527b-d191-4407-8656-bffc96c24ade,Nfdphmnnlqmjs,false
0a1f164a-edf5-4b6c-990e-8113acc9ac6c,Liiijpcqjhb,true
4f076a3d-a0de-4bc1-bcc2-e2885c8764b7,Gwjtiooy,true
3c91d2e3-4e51-45e9-ad4b-4eded26cbd7a,Zhtgbcicsb,true
376eda18-4465-4a1c-bedd-1d21ae62b32b,Dogihapbrjynz,false
37f0e65d-d320-42de-8ec2-141aba218419,Jqgztfym,false
203f10e5-a3bf-42ec-a1f9-72a6441f4a76,Fhn,true
74a85c88-8702-493e-8551-dae87c08976d,Qmhsq,false
b055f4d7-c37a-4347-99db-7fa0ed710d3f,Fqsbneymildmvo,true
84c4ca6f-7776-44ff-a0c5-dc571d081c2f,Gve,true
80f8ddf2-6082-41eb-979b-c9d4192150a8,Htl,true
e3bf5d0a-3f9b-472d-afb2-92a0ebaeacde,Grgeqsmyiino,true
6fe26198-d5c4-4585-8344-35c98c3a6922,Ggmd,true
55b01dcd-e00e-4caf-b8c7-5ef6aa441927,Eqxerwe,true
199f84e3-03dc-4a63-bc5a-f4c44cb6b6ce,Lozeroogqiu,true
a7d3020c-f648-4588-a014-ba08fb924867,Guslmv,true
4c536855-e628-4011-ab37-f860d8b33b42,Zhafnna,true
a34c53f2-d26e-4bb3-a9d0-d0cbaa961315,Webidn,false
41b71511-eae1-427e-8897-98a0cfd2fee8,Tjndgejdmjafd,false
bbf7af7f-a10f-491b-8c4d-6e3fc6801184,Cvrcok,false
f9c40293-908a-41a5-9e70-23192cf53e65,Denqhvt,false
ef8926fc-4aef-4844-af57-bd8ea635aee1,Mvctu,false
de2e8ae7-f74b-476b-8568-cca134ca32aa,Vdmpjzxblr,false
abd383e9-2a28-405d-a43f-c241d3cdde7b,Daks,false
083858f5-e33d-43a6-bb3a-b89ef5fbea89,Vbaeoqncjxsf,false
69557009-5f4f-4545-a5f8-f7e7bd35ddaa,Wkheb,true
c9012617-0606-43ec-b4f4-6b4153012835,Ccdtaigzu,true
a7e66be8-d404-42ec-b328-0b5aba347ee0,Mhuhccs,true
947d6097-58e8-4e81-9afa-6b0143712026,Zeecuok,false
841f1a8a-f7fe-4462-b011-69ea5e2c184a,Ksxhqslwn,false
7f64f80e-eb11-4b4f-b272-851ff7315ab8,Ckyxfpaux,true
2ad8f7ed-fdfb-48db-9f83-773b04e2c497,Jrjxifb,true
e83c70e3-426a-4049-b780-4ee181d29ffb,Szs,true
b39bd1d1-7c9c-4511-88e4-e2f186eda6ee,Fgpuff,true
bdfb5668-f3cb-4280-8deb-4559ae1cb490,Geksielhfx,true
ce34d1c4-b53f-44f2-8684-b948fbad95df,Kwzqkdrdfb,true
9736c38b-57e3-4271-8775-a671ccfa2474,Xiqvcprrzxwgxn,true
c11c7207-705c-4b48-9bb8-532accc0746d,Ivampwg,true
7514027e-baf9-4c4b-ae65-843080ec757a,Uzo,true
9807ce49-3da6-4136-a86b-52facddd9f66,Gskqyzhva,false
2d1838e2-8187-47dd-8ead-2d0353fe0c8f,Wkgewwjlyq,false
52561440-8459-4a76-a735-7d3923d72775,Thqoq,false
4bbeb09d-5be9-4242-bcd8-7963b7eb40a2,Smntkeo,false
c272788c-998b-4ac0-bec5-5c822fee5417,Zfiklddmsrymyqm,true
2886c62d-024e-4447-8229-e20f2e837ba7,Xywjc,true
15f56e4d-72b5-4db6-8fd4-1f9a22c0e27e,Rfpr,true
036261cd-06f8-43fd-b7f9-1ca7d8e04d11,Veqzxevjsd,false
ec59aaa3-4e8f-4186-9b9b-29568e5a2e14,Dfipzfefm,true
74e7a569-089c-4479-8d68-463250f92a16,Ipknrvk,true
fa67996c-0065-44b8-81f1-43c9c66b6076,Behp,false
72f63137-3b73-41b3-82f0-1cacec946230,Zhvsqnymrfnsh,false
1d6f1e2c-5904-47cf-8260-a723e26bb83a,Vxysfk,false
8163c524-03fa-4c42-ae51-0d27857635ce,Mtnpnefclukkiza,false
d47a1338-5f8d-442b-8964-4467487f0a22,Oossjpgnven,false
ad4b9efc-3be2-4626-b438-cd24b10b83de,Xqhermpfz,true
af0efa52-4595-43a3-b172-b5bd1789335c,Inhmgizjsuoe,false
bcd85d14-9b1a-44b4-9259-ea574292f26a,Yshemlszhfpnwg,false
5b28e8e6-c228-4ad5-ab21-3d204aa5f420,Nsdiallzymgi,false
42c9d77b-4673-46a6-8aaf-d9c3aae155c7,Uqcsseh,false
9fb773e9-42bf-43b5-af08-e991d2caa218,Eiozqltlimcxn,true
b0bc8a27-a082-4a0d-8a1e-01e5816910a4,Bmmadag,false
a468c637-e5b1-4129-9533-b1bdb5608062,Bemkszwpmxia,false
e352da5d-bcbb-4dd9-8100-912b25d7c22d,Hifg,true
72f613b3-73b2-4b54-8420-b4c91f69643a,Qkwd,true
b0576d9c-654b-4952-a41b-ba26cb6cb444,Slfnrr,false
85325e81-b959-43bf-8abb-f2200de8d9ad,Dplghiaruhrkykq,false
28287a98-5e3b-4282-a6ce-cc0e1ae2a105,Rwiktoupnpmh,true
5ebc634a-c208-4cc7-88c1-9672d25540a6,Aeentztnrmke,true
6ea7c41f-ca09-41ee-b109-09243377892f,Cuzae,false
0f78e42c-5c93-4381-ad87-c1141e83a540,Rafzizcsdpyf,false
95cd3494-7878-4a3e-b41f-40684215d98f,Rik,true
e2d65f91-15ca-4d72-a8da-cbd17ae681b6,Mrqyklxqhoaxty,false
1a73ef65-0318-43bc-be65-39f802f6f7e1,Dztpzezj,true
10233d23-5575-4fba-a2f9-57e93e3f2e5e,Rezlbnpisloka,false
244a15c7-89ca-4eb1-8f68-d4e6698d192e,Gavyhj,false
657fade3-51c4-46be-862f-435692a01354,Euqjptr,true
7ef7e93e-317c-466c-bfd4-62c4c56f44fd,Weaukvcvwmpx,true
3b6e2b25-712a-479f-a7f1-22977474b452,Kxqyzffyjty,true
8eb5c17c-7fb3-44cd-a5a6-e9d31e37afa2,Fjnwvksnlfzl,false
176ea071-1f8b-4ddd-9651-d846929da058,Qphlllpolvwa,false
3c3f7b5d-9916-462d-90c3-8e0adf832404,Grtdppgx,false
6a22bb27-28a6-4cc8-adc5-3bab06f8b2e8,Bfwjqrvqop,false
dfc3dcdd-fbf4-4fc6-9549-a43cb737a386,Lhp,false
0afc65e3-a3fa-4e9b-b1c2-5b369d221c8c,Lipnh,false
9dd46098-a64a-439e-baa0-b56c059c405c,Ssi,true
36eaea0f-0199-4a60-b6d6-c9b44b8c5960,Gpzszzmpp,true
7ef46e79-9b8c-4994-8c5a-8eff21b385a3,Jvurqbf,false
e5ef0391-c258-44e6-9934-ed026cf8b238,Zvdcmpcilkx,false
68ee0fad-4647-40b3-8bb1-b1e8b0c9f40b,Zawbdlr,false
00ee39d0-7a75-4215-b91d-6663fdd93bc4,Orfhveftywfyhnq,false
fafff148-b00d-4795-a075-2e54e8abf96e,Mse,false
63f8ab3b-a2e9-4c40-a408-b08842e7c4b6,Zfjqdrzxoi,false
a35fd8e2-2e06-41a9-a00f-30afd0b7a811,Wcfbyjclvsrfpr,false
a786998a-c117-45de-b4b5-d4d6cfe45112,Vliwhkzry,false
6661a46d-e5e5-4991-a450-e2c635aae059,Aexsvumahz,true
1acb16ae-71df-4905-bf28-437a39b3097f,Udcxxsyfjy,true
2fb46d4f-240e-471c-b6b8-b18a201115d4,Zrolnrsjls,false
f1ccc4ca-dbdc-4a8d-bcbf-9dc5fdc7e15b,Usfdppqk,true
02592b8f-ddfe-4c88-a9c1-5d601133c08b,Athtsj,true
282cbae6-e489-4ac2-acd4-de11235d1351,Rbgxwdaylazgur,false
ab6f1aaf-f6ce-4408-a8f3-9d57a2f49a3c,Dkdmpjzoxdu,true
e50a0aea-0935-47ae-a02b-ba145d3598d6,Xvbikaq,false
3034b7dd-2881-4cd4-b6df-3ec3e030aa3d,Uqfmeiezdvingk,true
3967cc78-b05a-47ab-b238-f7d111b35e26,Pnycndfuayqmzn,true
cef7699f-387f-4077-86c9-edbffaa04762,Rltlsp,true
730c111c-eb87-4412-acb9-955138558573,Xzhxjmqq,true
5587b731-2b77-4bf3-b0dd-4e387f94bf5b,Dfqmyzlnjb,true
4909331f-ca49-4a5a-8e4f-687529a876c7,Nlxiua,false
7c70ceb6-4bb0-4c24-ac18-2ace16a5f9ee,Qxa,true
9740a283-013a-4c3a-acba-9121f3920692,Lyqvja,false
6b8e1ad3-4785-4508-91d5-f140ebbdab29,Vxkdnchv,true
15fe35af-8c0f-462f-9a52-b634545d853a,Nhuxdt,false
a8258e22-1b15-45d6-9089-27dbab7c39aa,Ubxnyxfgwqc,false
9eb907d4-8d57-489e-86fb-81bf3f3f0fa3,Ayuiuntktjwkdmo,true
3997a1c1-5bee-4462-b194-73d8526d2662,Uwgkdh,false
abc5010b-fa8d-4b1d-b48e-ee46ac9a84b6,Cwutyqdqzzh,false
0c96171a-9679-4a2c-832a-ea53861ca95f,Bxcmztnm,true
a57bd2c4-6fc8-4f16-875c-0b4f9157e843,Idgelndowzrvv,true
bd2fa436-5846-4910-8758-839316ac9de1,Qdkamzlsovxd,false
290bad5d-2fed-42f4-a8fa-4366959c2226,Qjzdfg,true
9fc4da79-378b-4030-964d-427bcabc46bf,Tywdwwfniyxq,false
cd513c2e-c3c9-41c1-8ff8-a17767728b34,Urrqidnzzulwom,false
f7f6f120-002f-4a3d-8cef-edb5ec63ce52,Vhyfgisrnysjk,true
abdf6581-da71-4d63-80b6-d1c9646e7650,Pxmghe,true
3002e2d9-272e-4739-b690-c33f59f1f592,Gnekbah,false
d99fcd80-c057-438a-bba6-63f772f20b3d,Ygnrghj,false
43045799-42f4-4fb2-b6b1-adcbbf67b88f,Jqccf,true
40119397-e546-4009-aac9-2d60252e76fa,Srytxymv,false
8cfcb770-5162-4e97-8045-8ff3710d0d31,Shkf,false
487e1db5-e1d3-479c-88a1-bf87b846abf6,Vfknhnkkuuegnd,false
a292a59a-c44d-4295-9c3d-7c383b2188dc,Cyr,false
5dec7e41-80c1-492c-a887-0c92e05388bd,Xajameabrthlk,true
d12ed271-cca0-4df1-b5e0-08c02c18ddc0,Bnhzpdsifhx,false
8485c3a3-d440-4f0b-91c2-e57c55a384f6,Iedqgfp,true
bbcc5de3-7560-406f-bf9d-fe0cc93749e1,Icncwvkqedmt,false
d5fa1fe2-bff4-44c5-982f-3010bf8ddcc9,Itzsiy,true
9cb1b9ed-d76f-4a35-af0c-51956dfb6c9b,Abjpkybyj,true
5da08695-ab3e-4aa5-8b7b-d5aac851ab1b,Ytwlqocrhj,true
d0ae5ef5-83ff-422d-b312-c944b1a8c270,Lozl,false
1d867d45-8c2c-427b-85ed-f5f366669dda,Jjjbjmuhasqia,true
ba5fa66c-51ff-4072-820b-9d5a7d027467,Ryhuwdw,true
6d42c4d9-03ec-4f64-a2d4-7d6271b588be,Dgnucsv,true
24db5cf2-bd21-47a7-b743-6ae2f7b0a593,Luxprprzpnqagva,true
e75931fd-060e-47c3-bb6d-90fb4e5a1da2,Bqulcxgm,true
3a61be48-dfaf-4d1e-b35e-27a59d8e61d3,Hnkkhirnen,false
b4376c1a-ecbd-4067-b7b8-4257d09fe0ac,Qnncqghpsfg,false
85b5e859-6cad-4e2e-90d3-4b0ebeb2a644,Kanlvvip,false
dea9c3d6-da1a-45bc-bc70-b49f1853569d,Psdapnxozdcyqtf,false
ce96dbf3-316e-43a7-89bd-fa0a194756ee,Zcudbfotmp,false
d48c2eb5-a17f-40c4-a21c-706ce9fea6ec,Qgmvhraviwx,true
027c831f-bed1-477c-b4f4-37f48da88827,Tueubm,false
56432d30-ce07-4bdf-8592-1d7ec3732c0a,Jjlqgrr,true
f458b58a-a97e-46df-bde7-59daa57129ef,Ypumwjcwyk,false
7ad35095-b1ff-4308-95a3-394c80a09580,Ysja,false
47d4e6c2-a789-4333-a117-ba729b3748ba,Vbuzvsrorzg,false
7e6d3032-41be-49de-aa45-3ddcfe285620,Jhamywjfbpxfa,false
4c66a703-e983-4fce-8bdd-826a7a1339e5,Cxafplaow,true
51662f1d-fac7-4180-8d75-6801a937b7cf,Hgcw,false
f362920f-92ae-443e-9ef0-8dac58b14158,Dnhtykuxim,false
864202f1-cc86-4cdd-8ac1-14129716d929,Kkudczaby,false
1e98e194-c9d7-4896-871e-52d7aeb40783,Bqm,true
5136727a-4190-469f-a233-77b94e1019eb,Fesrqdet,false
5800bb61-8c9f-4b36-824f-648fbc08f4a8,Pynrjirgscopju,true
5c5f39ea-9965-4713-a815-3485d1f51e6f,Sfcot,false
eac9ac5a-68c3-409d-92fd-277bdc73363c,Kxvc,true
a31a3f77-e422-4f79-a013-a69416ebd626,Uibxjlcsneij,true
387f24eb-b676-4f44-80d7-33f524a4fd57,Vbuew,false
36467864-e510-4336-95ea-9ce10242c5b7,Ocw,false
c914acdf-6d5a-44d0-90dc-7bc4ea429474,Rgjc,false
99e12d75-2ac1-4b6c-8531-a12622b571eb,Jkrgrwt,true
76ed0a54-be09-48c5-8e45-2a48f7e545b5,Qhjs,false
4221b548-1181-4c1f-bfae-f85723c17172,Zupbrptet,false
a96a6bae-7094-4417-bdd5-6bb7fb8f0959,Ziyfkfcyqbagbhe,false
169a0516-e271-45e2-b621-e07aea7245c5,Hgwzyhbgxvaiwaq,false
72c17b8f-7d0e-4e06-9c7c-502939c15d67,Gcnqhkqms,true
7fcbb18b-e218-4081-9e44-b490a35aab58,Sfdolv,true
715203b2-d8f6-4773-9862-b0319bf4c2f0,Rktssib,false
46ae45a5-6dc5-438f-9af9-bf019657093d,Fjbfis,true
d5c3b20e-09cf-49fc-bd70-eafc93b75a0b,Gbvfbiqbheg,true
f4639381-1d8b-443b-9d3f-02ac692cb405,Duquvaslpjjxvu,false
4f31b739-185b-4bdc-9c67-cc15ee2aa75b,Cjzwvvujvsbdx,false
396c4477-e0db-473f-aaf6-334b95e8db10,Sjrwmzfqc,true
5ef787bf-e729-484d-b1cf-e1b939e9c50e,Ftls,false
50687b44-da31-471d-8277-9d9075295ebf,Pmyxhbptkvu,true
c6fc67fe-f17a-4d25-a439-fb1b62e4b13c,Ljcexciyxlmm,false
60b5854c-c030-49fb-ae8f-1827e9784457,Sbi,true
1c3232c7-7165-4d49-982a-e303ae20f4ec,Whbmdzmlrcz,false
a47be711-2369-4c90-abac-677b6d80988e,Whizdpqjdh,false
a7669435-df7e-4754-bc5e-24e1e44b2ef5,Xdyjxipjlmx,true
c77d0d37-d703-4445-8636-df895b075d03,Uvwwgje,false
3dbd52d7-dd81-4486-b406-d5521e89e15d,Xrn,false
b402845a-c0bc-4e19-ba21-e7d3db3b786c,Psart,false
7b39b3ed-2283-4275-addb-d37b7eab81e8,Eubbrnyhb,true
340f8382-6832-4151-bcc2-ea73410f691b,Zbfbhhxveojan,false
e76259da-a239-4ec7-afcb-5470695ee88b,Zwonixmrcdiiwlt,false
3e96da7f-c44c-4ca5-b180-0b41898201dd,Pai,true
a7ab3294-dc81-4809-84b3-43d1c1f4453a,Fmtnfyjgjnive,true
2051fd8d-41f3-4007-9b1f-eec598f5e337,Fqerhbcehyihn,false
c5f41a58-3e8d-4c10-9951-3e04ee5fc60d,Zgurzoxyzluwul,false
2e55876f-86e0-4244-b320-10a6cb18227b,Piwncziyfboqhte,false
d6a7e8a5-5548-4931-883f-f3ba6798418e,Vpqpudedsx,true
fe8bb707-946c-47ce-bcd0-ae10efc6eba6,Hkvhbbspdd,false
2e957dc6-535c-416f-902b-ef778c809e64,Rrxxaldimnfbup,false
17998397-6d46-4b1f-ba67-5265537e1091,Ohqvqy,false
6115effa-85a2-4321-b8a2-a7feb35b00c8,Bjkcdauithedxw,true
c30d0896-df29-4c60-9fe5-824e74a3bce0,Fktqqxswpkiz,true
b3efe999-884a-4caa-b95e-c72567d9879b,Mgaweqaleyp,false
14efeaa9-e74a-43a2-a488-a8b0f4ac7940,Esekjdloobcyal,false
461d409e-ea1a-4824-b13d-3893fa54c0a8,Xpfyprytxyt,false
bfd08109-7b3d-470d-82da-26a0504f6387,Sxljk,true
32eeef03-1f1c-4852-9221-3e75c4b6c276,Qvxy,false
14ac57fd-1781-45c4-a7ad-a78f0a89a2e1,Aikteijxejasw,true
f60e2d94-3ce1-48d8-b6c4-2c3fb8948642,Jsge,true
cb278c28-ce2f-40d0-b3c3-834cfeb0ab4a,Tzsao,true
a7c889c7-a1ac-4854-aa36-35dc4c1f760e,Oxlz,false
65208c84-7e96-4a5f-9d7a-7b39557584b8,Ixubhqaanixxtnz,true
649e036e-d339-49a4-9902-708b704260ce,Goeernsdevzh,false
1bcc21a9-6646-43de-a38e-9a8004fe115e,Oomex,true
c6e5b25f-f317-4f96-8480-3d257d6ab78b,Aanj,true
fe4cb812-3699-4796-9f12-d90ec68d99e6,Ichpfsdxyrgqgb,false
fc30113a-37b3-489c-8a1c-e7c81dbc07af,Mrbzfbidvjymc,false
a2484f0e-b1d6-422f-bf27-35537052f03e,Ihgb,false
f888f51e-aa24-4789-898c-be5a09b6ce11,Yvwiafgzwzlgpty,false
9f8b727e-6da2-4cf2-9855-0c186b3ae16d,Mrgjidrdlbwq,false
6d2207ab-ab42-4f6e-872a-3549045806ac,Moyo,false
4cff918e-074d-4a13-951a-12f7f7e539d0,Axghsum,false
d12dda62-00d3-4e10-8d63-3955cb8514b0,Ncnbztzqawcevcm,true
96e76a74-8dc0-4de6-8999-9ecb6e8db2c4,Bazpx,true
8ed575c7-795a-4b22-a155-96d350492adc,Ylvrhgdohjvipt,false
149bf364-a611-4abd-9da7-3eb4c7ef3cf4,Uhaaleipvzlq,false
f6d5f98a-7104-4d65-bc8f-740f81d04dbb,Jfnirk,true
7f70fdbb-4a40-4c2a-9970-cedfc9720164,Buw,true
be437dcc-3690-4b40-88ce-edd7958ec590,Wdy,false
1c81a81a-0dfe-4926-8afe-788269e39705,Vlrualoga,true
431be2d0-250d-47f3-a615-3dc8c3b95004,Kabp,true
0af95ecb-ae17-4f65-a5aa-2e3976d596e8,Jxxqjer,false
ccef9fff-503d-45e7-8ff9-3df8a45769a5,Xaamvbgevij,false
65d20bca-c703-434e-8a76-0f593d107ac0,Ofptlbfqrmndgb,true
0d32bdbd-547f-4996-9075-6762ceefd338,Jrgjvghndu,false
fe0d69ff-3b14-414b-bdaf-277a2cfe2300,Otrp,true
73d124fa-8e39-406c-9eb7-31107fe60c47,Cdzgbkodmahc,true
7fbb50b4-138e-4475-9b89-689469c19986,Zyztgbo,false
32524257-db18-4203-a30a-f548e6a1b539,Tvfeerncvmgan,true
346985ec-ed5c-4542-b3aa-b7e84ae973ce,Fznhjz,true
50f6ca44-a19f-48c8-9a89-cbad258a182c,Ufsqtdpyvqvq,true
711f4c37-498e-4d13-a718-fd9838f89a52,Rlrnauh,true
1efa05a9-9209-4956-87aa-c3367623cf69,Kqjfjqxczll,true
b7714d4e-983c-4f8f-b2e8-a219145fba7e,Amwunsjxxhei,false
8fa60635-7f00-4628-baf1-e1e0eadedb85,Yxjhyjvxzx,true
232a31bb-db29-4c62-8d99-14278b07a60d,Gyaijwmjdbkqfqe,false
445d3519-2fa4-49d0-a104-39358e63cdf3,Bamhcvmrh,false
84ae8923-c917-4ae7-9115-e6fa8a44a895,Lxgfk,false
f024543b-b5be-420f-bc5b-75e6518c6366,Ntdbsnhttsl,true
33b0ca93-2e75-4ee5-b90f-7e14403879a9,Xmyzqamj,true
566683e1-d27a-424d-8964-4057c86d9891,Szjrhqhwbkyh,false
a8820bce-aebb-4d34-82d6-eaa656590e5b,Qvjwqqatk,true
d7455a76-e914-42c5-ad3a-c38bb5e1475a,Xqcwdbg,true
0b554248-0c4d-4c8f-8e72-9e640563a3e1,Alm,false
4a95b90f-1ab5-4991-a7ef-e7bfe7be6d92,Vcwj,true
71641826-aee6-41c9-ba0c-061afe84a85a,Bpacsntrvjv,true
d3e8fdce-9200-429f-bf8b-3771367f03f7,Rmdfuiejggzy,true
e26b96ad-3d41-4cc3-a2e4-4e121f04e797,Kkwoimhpfowf,false
6e1aada8-97e1-42ed-a712-dae88a62ab5d,Ydtmdfse,true
11fefd1b-3505-47bf-9bbe-8b29290b88aa,Sguewydnsja,false
0a856bfe-9146-4707-abf9-d93818088d90,Kboldjmch,true
6e9f39ef-ec03-4863-a8c9-c7f47c01b336,Tinxqnvjxrabk,true
42029cce-8d37-42bc-a51f-48a481006d79,Bbderwcinli,true
cf77e285-51f5-4b01-bb90-415abba90e93,Kvbbwuic,false
c816e31b-85db-4eb3-af2b-a8c442dfb5d7,Fjlxxitx,true
cf7a56af-8462-426d-b051-7a89b70a59da,Hhgmng,false
00022954-34da-4d15-a6c4-76ef50544593,Gxmbpwe,false
bbd3ec8f-f10b-4cc7-8df7-9781c217a96f,Dcxu,true
78dd2aa8-c7b8-4e50-827b-dbd46e7609f8,Kpkvwwmymnuda,true
33d9430b-284a-4669-a6f6-9f25b4f5e0c9,Ugnpunxjuhgdxhz,true
64bfcf1f-e7f9-48df-be77-e8b9b34a8cb3,Uxp,true
4950783b-92c5-4727-ba79-c55170f83df1,Qiiai,false
2f5baf41-7629-4821-822c-5f0a5ab2dfe6,Pisiofpl,false
601886e2-6337-429c-a419-963e3eb42ba7,Adihbulnh,false
460debd9-a2f3-4a4a-9942-376d4396225c,Nvetr,false
cc56ff99-f06b-4468-ac5e-bb1af4af9745,Ydbhdkwza,true
8d935511-ec5b-44ba-9a8f-594e70770e49,Yvdgzvpiljb,true
dc126999-a03b-4028-aa3d-47778f321f05,Jxkzwgqvvktf,false
956de79e-d2b7-40bd-ae52-326439c4e59d,Qlsjwyzjce,false
8ff3fce5-3a0a-4999-a16d-900db4976c7a,Qanhg,false
b36c907a-76d4-49db-9ce7-47dacefca7eb,Vspcff,false
dd5dac41-01bb-44f6-bd22-7e563cc9ba30,Mbrf,true
b40bb2b4-6dd2-4ea0-9d09-79eb96b9f25c,Qyxtadidsanb,false
c834671a-be15-4443-a0ac-7bad19392407,Hmuchdvdddhy,true
823164d6-df2c-4385-bc61-12fd5a8b9d27,Wqryfr,true
e8504834-4811-439f-839d-a1803f16f753,Kvpec,true
b1054947-784c-40f4-9ef2-7a98f9fbc7a5,Wpwzetcxzuc,false
a11dd699-82e5-4fa7-85db-98797000495b,Ygaqkboc,true
abbd6e2a-ea22-40cf-bb73-56831f54426a,Vwvhppycgrzhurs,false
c885b960-160e-468f-acef-c3f25f4127cf,Cnkcwysrfmqarg,false
5daa5d3d-ab3d-4f92-894f-637db362a18a,Gjwh,false
5b537396-601c-47c2-9692-834b80306fa1,Vsxgzmlwelancas,false
61cf637b-43be-498f-a89e-57b5a7d85f10,Wgqeefpm,false
64b31d4c-2d92-4b32-9b76-45f00ff751c5,Lnfebuiar,false
4fc2454c-afc6-463a-baad-c23e61bf4acb,Ayjmtoj,true
f6ad0e9e-c787-46f4-a515-f645ec64d7e2,Wokmjpbznjamef,true
61821189-6acc-41e2-b33d-a208d3a9c6f3,Aufqupos,true
fd591e14-962a-4e2c-adab-98602ecff22e,Lfyqsu,true
19ed1987-5b23-4de9-8b94-e4278160a464,Ffqmtrenjih,true
9fab741e-a4fe-42f8-a4cd-39457c5c794c,Nsflmj,true
0244a566-6aa8-4b72-a13f-ae9c030e07c1,Dtjnmrhnjfbf,false
18b86ce1-bbd4-41ec-98ad-938c6b3e71bc,Yucj,true
69b39c97-431e-45ec-8a20-d3817a253719,Shvanxxdyrecmw,true
450a1105-ac2b-49fa-bbfc-df08ff416cfd,Uebvqkafbb,false
6770f226-d11b-41d6-b636-a3527a603c63,Rzbejg,true
f5b96fd5-3e6c-450e-b76e-66e39a3f3da7,Szus,false
eb8df1ca-263c-420f-abcb-c27da23da835,Ucfby,false
ebe9b654-57fb-4588-b16a-4b757c84d6ba,Itwsjrtrktkhj,true
3dc0b15d-fd52-42ab-9879-0895322e0bf2,Txkjvbdvo,true
74c601c3-41d5-44f1-b817-92ce5b61baa0,Uwvedjbqvtmaa,true
e2fb41e0-a0af-42e7-a936-03389b20531d,Stwadjsndxjc,false
e8d4572a-3c07-409d-b96e-41186e1a0c76,Vwteyqgm,false
94893ff5-5728-473f-baae-a2b1a21aa55b,Zctutqlogjwrea,true
5c95d637-73f0-44b5-bdd6-1ad655626ea7,Qkuoaurl,false
7f6d72be-0212-4fda-bf21-e2e67378d0ca,Lekjpamntpcczgw,false
b1c56334-a297-4c87-83f0-4c613ac89abc,Ynmghdhkfucu,true
f977fa9b-fb25-43c3-b32d-ea1ae0f1db0d,Ljzu,false
c29ca4f4-377d-4391-97ae-4b59cabc3573,Yoyerjqht,true
f4a4e446-f65f-4c15-8ef0-240040b61b20,Zezwehutvdzm,false
d1b9df20-2dd4-407d-8723-fb66eb6e3d7c,Ekihpgu,false
1eb2c8b2-afa4-4232-8b27-b7f876b30ddf,Eqknqe,false
894a9c12-dbc1-4070-9e1d-44abf896ade7,Saetmyxddijdgzj,true
5f196a79-09eb-40e4-8f8d-f7c753ac9351,Zmusfjmdb,false
9ae72c8f-fde9-47d3-8757-cd4a27fac245,Rbtuaiproquqk,false
949d0781-b564-4e33-badd-c3cd92329251,Mxkpkczsdvhunwu,true
7b7e7fd7-5fbf-4f88-8763-e69325d103ee,Dfazmkyh,false
61549dd8-2ded-4e86-a75d-d1ec644cd67a,Gardm,false
37ff5f54-6ca0-4e4d-b38a-88e49ab6e8cb,Pqllwwofpu,true
63ad30d7-9e0f-4a21-aecb-da78f55d2573,Hijgbhtrxvbzr,true
7b63e271-b1a1-4297-9a55-1902e312776a,Gnchqcrwwb,false
e0ea0b02-984f-4cb7-94a5-e60b7a679b13,Fmnc,false
1f8d1fde-f14f-472a-bec4-788881d39bd1,Vdn,true
54637f73-0abc-4e6b-b6c3-fecbcda0030a,Czsysfbyf,true
7dbc35bf-85cd-41c5-9e0b-d9c989c8f248,Uiq,true
2ad8874e-2bb7-46f9-979f-981806d0981f,Kahohflw,true
4fd2ae48-4a04-472d-a9e3-08bfa15321de,Oxeceoxrqa,false
c794c39e-6270-416f-a0d8-048dc389a7db,Bnhpqwtg,false
9c6328dc-a438-412a-b559-26458929e51b,Ttztfodcnkc,false
aac87598-52c0-4631-80af-fbe740ad6896,Gazmzuwazghlc,true
4f38ca7d-55a8-421a-890d-b23653b8c78c,Cpsqpiy,false
1f9f8a3d-62f3-428d-b6ef-f4d096fca8a1,Xyqppmoabnlfsul,false
9aef2551-77ed-4075-a1e2-7587a61c203c,Kfw,true
4827e73a-e765-4aa9-ac86-b0b82ca8d3f4,Dejgdkiwuay,false
47dc6232-f75b-4227-9b31-ceb454a95a9b,Nmkfikjuxrrh,true
e735c5ef-7901-4c42-a5d0-cc5c62554393,Fesptzi,false
b43393c8-2bdc-45f8-8e51-9a45f575a994,Xihfiojypl,false
f980d46a-fd5b-4d0a-b236-069a52d5a826,Nnet,false
f2f7477a-0f3d-4940-b2c0-8c3f0bde020a,Glkfbtv,true
88cc46c5-202c-4faf-8f9c-4f99a8e86856,Oudupyog,false
658baf64-7a8e-4c51-bf34-dd04ab033b67,Jeicpa,false
66eb80c7-885b-4313-b6f8-f8b7a08a722c,Jkvfqy,true
d1687ab3-9eca-4ee5-9c59-9cf2cd5fca29,Vovcfhf,true
5b49b4fa-81db-47f9-9b1f-44ef87d51dc3,Hwx,false
545e0c64-1361-4fc2-8420-84c2dd9a6b19,Jrmimitvuxp,true
00f6bf3e-a9e9-40e3-936a-2fa2ff3b8b2c,Wspsyzbbz,false
e1afdc5c-b3f8-4b01-ba53-479270f6a9ad,Homeppzhsaf,false
bc3f39f7-584b-4fb8-b23c-b94c2535360f,Vhxpuerbzotzgpj,true
d019919b-fd15-4a01-8d64-c9b27c1d6c5b,Nxavbnfslgqqrk,false
d01009cc-cc31-415a-8b3e-53cfc37bbb8d,Abm,true
0dca9de8-9ddf-44ad-91a7-2fdb35e50705,Vxmopboe,false
091bdb81-a54b-4d23-a639-93323ae934e7,Cjkmrcllpkghcf,false
83e1a244-19d2-45cb-bfb7-d506b17bbe97,Aip,true
77ba4b33-cfda-4d3b-8e91-7b7e4bd666ee,Cvcncasxwc,false
2d95deff-3684-45df-b582-fe90a5fad6b1,Dtlz,false
3a7f81bf-eb76-4d08-a5d4-3f78dbb6ef64,Mduxdemkiepa,false
4a3add86-e993-49ce-aa2d-fa7016c9bc15,Brbqhtxaxv,false
e7b674a2-4bd0-4fba-9599-7181b8582c89,Uqqfwz,false
2ea7bac7-8eb0-40b8-b923-5a4efdb8059b,Hctfclsqqq,false
955562de-9cd5-4f94-bc31-b27b63ce35b9,Tpfvfxjedxtuqj,true
3eb84e13-87ae-40f8-ad4d-07f50e42beb9,Omfylnuubk,false
fa44b847-959e-4a64-aae4-699768e10441,Hbmkwvdy,false
5705437d-7462-4cc6-a7c2-0e17f40e5b6b,Yrxfbljpvxxjh,true
307fa055-5c6f-45ad-a086-cd9beeb1ff98,Djtjhohau,true
e0c7bcbd-0fa0-4842-b4e8-36b917bb22fc,Imyhxopfpeccpx,true
1c905798-5aa5-468b-9416-adff7cc56ff3,Xheag,false
5b32d977-5372-46f3-85b5-e1fe58ba6cf1,Pgpvhowkmsekm,true
66893cf5-80dc-428e-bd98-78a16ecfc4b2,Sddceijqmxaponv,false
4e9aefb7-a672-4cee-8680-0d49b21e9748,Jfqzlefb,false
f151f8a1-6d2c-4d2b-a3b2-4e44bcfb6f72,Bisrjlyledzqlkk,true
664fe28e-66df-4a57-846d-9eb70bb839fa,Zpgp,false
603e666f-0726-4dd0-bfee-5f5e2c74bb8a,Edii,false
d1403b0e-3e22-46bb-a60f-12d8e60b9c5d,Lawgploeqdpaw,true
6e1f16b4-b759-4798-8455-fc4224976a47,Yhzphy,false
2bcae6cc-b241-4b4f-b239-f9a6a4df3709,Fogfep,true
75d5e1e6-0bd9-4f34-9c4e-e01d61ea3b92,Bynta,true
b8b23a13-d598-4fd2-9ed8-c99b0288b44e,Fylmy,false
b283fe93-a4fd-461c-a754-4831af85e67f,Cuvi,true
8e4a961a-bec7-41c4-af3d-f219eb75a716,Yzmeaegy,true
f4e8c132-9001-4078-9b07-3d84e5dcf717,Ejaunekhcigqji,true
6cd812e7-8e6e-4e5d-84d6-deb4d91b5e6d,Hgposjadiallu,true
ca91de93-6743-4df1-b8d1-2a87073d7999,Iedyuady,false
67f8ee5f-6c71-4fff-8f52-cef7498dce81,Rlnxpsjchk,true
e34e6a70-836d-4299-a72b-0947ca7b074a,Wix,true
7e777c5b-376b-48f3-8e6e-d9279d267179,Gervhpzwaf,true
37d8ee78-fe57-4d38-8595-603aa620915c,Ixhd,true
84ad37f8-3b1a-41d2-bb12-d7dceecaef9e,Zykb,true
39bbb365-9d12-4508-b16a-7748b6e70b9c,Kcnxvit,false
5eb40c12-3fa1-4fa1-a4fe-beedf21821d6,Masrrrtfwlmnp,true
80048914-7c9e-489f-ac82-1c9acce6e6eb,Tqjsrxk,true
3dbabb95-7beb-4e3a-a01d-a5cac2a80059,Axf,false
8ad6ead7-0fb5-4610-8de8-e606ed6ceb31,Injnkkahe,true
c7037313-2d0d-4c59-aaf8-e78c5aa04f2b,Iypjgrpakxvddhk,true
58b5764c-ac67-45b6-8f46-3cb29c42c14f,Htcfiwxwkd,true
bd4a66dc-7118-479d-936f-fc2a853bea4e,Pezuil,false
07396bd8-bf5a-4c5d-8ca6-a915795715be,Hyo,true
25cadcb3-dafc-4de5-8cd0-c945d17a3668,Vciemxfopz,true
8bf9bf74-6825-4fb6-b2dd-2faf7fc3acc7,Yymuwserhqktjix,false
b6c4d49c-ea80-4dc4-9c3e-7197e8c21aa5,Kfycfnhlyjwzao,false
3fd7ad18-8b56-47ba-965a-25fb387c44dd,Eykqghxjlzjwzvu,false
edcfe91e-d006-40b4-8ffa-a2882924fd90,Fclbjeazoeqbmo,true
f6795bfc-479d-4e6c-85a4-2e8a83067782,Ukaybvsxz,true
5f6abdb2-8372-42e3-9496-755856a5e7a4,Kzcapqgase,true
0084503d-a14f-4e2b-90c9-10e65cd0a5cb,Myzqknfyjfg,false
bf8d8c37-73d5-40ae-9210-90e2769d783d,Ocyrxfklni,false
68c990d4-0332-457f-9f38-9a2d564eef96,Qvw,false
ffd0b327-585a-4e93-b0dd-38e405e5a956,Zozf,true
220aeddc-bfce-48c3-903c-f71a68ba96fd,Wkxqcoswcyyck,true
fd8e051a-b5c1-4fe5-bed6-0a7dba06810e,Xtos,false
38980038-8ae2-403f-8d8d-e40d9485999c,Jlwjlxaivkkepg,false
f4bc3182-1fc6-421a-95b3-776a853b75cd,Kwhmt,false
5f0eae09-f47d-4521-947a-5968535a6e65,Agzl,false
15038460-b1f1-475a-bab6-2942e1cdc91a,Ldxhltj,true
5e59c4ba-73bc-4dde-babb-be30326336ad,Rjfwbk,true
393288ba-26fa-4ffb-b484-399238901714,Qnltjbeogqlf,false
a5c82920-e898-4751-80ce-f8b9f8001dcc,Infoufvhhkg,false
db7b0eb6-f305-40bc-9965-98bfda3a4161,Sfnueprkmm,true
65c7c58c-5b47-4f90-96a6-9c0d36583da2,Ulwo,false
d2534bef-8481-4799-b5b6-e8aee5c4fd18,Yovqpeqmhmghmo,false
6f4bf89e-60cd-4f8f-bd25-d2d44680d9d4,Rgugcihpszb,true
ca4c8bea-e04e-4cdc-867f-f8399d18ef72,Vfzdqdrfllx,true
ac54aa12-09d1-4d06-8030-15127e90360a,Sonnlyhvbvotu,false
762b6efe-d491-4947-845e-e6e8e289d47f,Tqbdvbemon,true
61a9b998-08a1-4692-8c3c-ecf98358fdbb,Jftflevprdsdha,true
e2237393-21be-4f10-9e80-197b18c661a2,Qwokw,false
721de13d-0bb7-4f97-93ed-6bf2da7d2f6f,Nlvhbbom,false
80ab42a2-5ae3-420a-b8b4-3cde8981b78a,Bbkigc,true
c372d8cd-4946-4353-95ad-7578b25fd824,Tgafsduapojp,true
3760a608-4731-4c56-8789-44949af5d07a,Sgnijvs,false
ec4fc3f5-17f4-444c-b3c2-f22a084bfb96,Stladogbouv,false
ff831a29-6033-4dce-a988-9d5617ed47e8,Mxbmtotbtnarog,false
ee7f6c63-a3c3-429e-ad1f-32da015fe199,Oxrqdpg,false
8b8f3788-b3a8-4056-b244-eed58672d957,Csgarephalug,true
ee29c731-817e-4c85-a53e-01f73f5679e7,Oejdaku,false
7ed280e5-a499-4de2-b265-53e5638dcae8,Ccwvctjamvj,true
2cd9dc07-a687-483d-9e05-271d1b59be98,Zguhvsvaug,false
e5f11744-f22c-42f5-917f-139351d9e91d,Ckrobbn,true
ce67be46-42bf-46a9-879a-681fd81fb165,Ohydrhxa,false
9568b486-d99e-42a7-95d2-de0415bf4af0,Onbpoyvgpqwrsrz,false
9d3449de-b7d8-437f-a32e-a1b7d3e156c5,Mwquvsjrzqmjk,true
2efe1f9b-0e4a-47f2-8eb2-ec5513381037,Uklaelhmdijdkcq,false
6eca988f-0014-49fe-8de6-e230d340f1e7,Dvfjlky,true
6de71fe8-1f17-4e46-83fe-4b4ad780d9d3,Vkubw,true
a32961af-056f-40fe-8a7b-0ee35a49fa32,Ugncmx,false
610b82de-9aca-4372-9953-7193d9b0b7e3,Kfkefah,true
dcab332d-29c4-42d9-b5a9-87a53ff8433d,Fomnrn,true
5b6f9d53-0a9a-41cc-9c95-fc4701f4c92c,Lxbdremqryl,true
7d89dbd9-46a6-4f24-909f-002d7895e025,Pznfbwiby,false
e8b1639c-7862-479d-9c1c-623b986dca8f,Syzakt,true
4affa3b7-ae44-4ff8-9f47-8d68ad105ce0,Vkgnudicf,true
ce6be610-18d4-4afb-8fca-6cebf05a7756,Qmbbsvify,true
51e4be54-4a70-493a-8829-8b09a9e75740,Suwbej,true
c76c6d04-8741-4f11-b6d6-4ac8146cac60,Fsnez,true
d10cb7f3-01cb-48ce-9bff-c184f880dc4d,Hoikbjparidgc,true
b17aab3a-da0a-4c34-b439-17534e24f323,Qvcajfd,true
0d22c3a0-7411-4102-96cf-fb8ba52c3dec,Pdceix,false
34402b8a-d958-445f-af1a-fa3ef0ec32a4,Exwfjeew,true
f57bb739-0b26-4224-aa24-d49b0d22e849,Rckneeeggqccg,true
76a4d1a6-6c93-4a93-a2fe-af6c10e97451,Cajnn,false
ca1235b1-2ef2-4954-a166-3fe6516b2a12,Ywoodxjg,false
961fe201-88b1-4fa3-988c-ccd3bcae9e71,Sitplhzu,false
b3cfa6b5-af7f-47ec-8dfb-f552dfe6f52d,Okxxsfvqj,true
08b507a3-3954-43fb-801c-23d410e4d645,Nieweuddkwh,false
41ec5b0f-8aa3-4a82-ae4a-7ee98407c72a,Alu,false
9ca10d4b-defb-4f4e-a95c-495724bba702,Pphfycxnj,false
1060d83a-6d75-41cd-a504-4999a59903ce,Ehsn,true
79fcb2cb-e6b3-49f4-b36e-3762d7e975e9,Xcsc,true
631e5570-2d04-45f1-9498-ec3012513fb3,Vobgwbytvfeaj,false
eb363680-9eb9-4d40-bb9a-f56417138a22,Pph,true
b00cb889-5c47-4640-9e32-e068bb2abacb,Damkmik,true
d7add2bf-b4d5-4e0b-86ee-5485227addd6,Fdgjvtcxhgvqhd,false
43a11f16-400c-4832-b9a3-3f674ac9dacf,Qkqw,true
7be5baec-af3e-4637-b5ae-79d69530bb89,Xcpogyljuhjco,false
cac0471f-05cd-43af-84de-06058b20e3da,Oifzuthrukej,true
74b7c525-63c5-4283-ac3e-fb3dc7c83b94,Ecmlo,false
b84bddd3-d7b0-49e7-8143-3c4180c242a9,Kgqpfndxhsrfbsv,true
85460ddc-af2d-4e89-aea2-d97b9425a1df,Niawqkcarx,true
b1b37448-981a-4f41-aa5d-e1bbcdca3da0,Orqpnhoj,false
34e42f9f-4964-46eb-b6b3-f43b9ff0e43f,Gahabnuhiat,true
996c3daf-9616-41cd-b816-37ce29b387e5,Hbrsqgfxsedhdhq,false
9cd0e96b-ce01-47a6-8c5b-7ff32d364a9e,Ixknazfgm,true
63365e52-d58f-45b5-8fd3-c570cbabb370,Ssr,false
6bfb512b-8fd3-4659-93a2-226dc4f555de,Skx,false
23696ece-8269-4615-8e13-56300c93abf2,Yxszsqukaplwuh,false
f8bcc12f-6680-4879-a420-8d725dfed8c5,Aovq,false
a8c53c4d-4350-4aff-8f5c-b5d3027fd1ba,Zla,true
60980b3b-1e6e-41c0-973e-86cdf2763e38,Xufdnmyidd,true
35762d88-4f05-4008-9ee6-d629258ad3f5,Ggumnvbpnrpki,false
db421ea7-dd4b-4c2f-a8a5-8cab8f4ce72a,Vcehvjjyjaib,false
91689885-62be-405e-aba1-8f79dc54ee46,Wepuetxppicsff,false
cd5c1882-4517-4816-bfa0-060eab47d2c8,Uymcs,false
e102a9e8-ab14-4763-bd09-6f18928af931,Gsqp,true
4c5b1c55-6a95-485c-87c4-4aa2612fc64c,Dnvvrlvk,false
606a6779-e97e-443d-b523-bdadf2af1a8a,Lurrtmajjl,true
2a3311e7-1733-4aa5-88c7-4e23d90d86b8,Xrpucvddxoyyorc,true
6de75cb4-c484-4d8f-ad48-90f12df6ed84,Prpgfwoqrzmuj,true
fe4a18fc-20be-4a7b-b845-1bb5dd59f351,Eeseiruzhzssz,true
e469490e-cc4a-45cd-a055-06472108498c,Hgbsvnykbc,true
7053307a-18f1-445d-9e4d-916e46572dbe,Leyjzjcg,false
6efbb974-8e6e-4740-880c-83d6e874f569,Uroczqqveqssvy,false
596a951f-40ea-4f34-8211-66e0be980483,Wlghdpbe,false
438314d0-e981-4cbd-85c0-c85f9393e316,Voqtnxmikggic,true
04a998a2-a6f1-4316-bb14-9451ad731f94,Gud,true
76984cc8-194d-4b0f-84ed-afbcbfcce3f8,Emmcnhxraqpmh,true
b584b997-3c24-4983-9e8a-f8fd6d47ca01,Jsuq,false
478b022e-9ba0-42f1-86a0-301ede853934,Iyzmj,false
139d82d6-10c8-4ae6-a87e-4d247a7d4776,Yix,false
503880cc-5899-424c-9bcd-2823a139d6e9,Xzyflnqlndru,false
f4a82593-29a1-427b-a26b-c33f14d5bfc9,Hjygatv,false
965920fc-3c69-4b51-accc-fea870b1c7ff,Jdjxqcm,true
7a49ce9b-b800-4392-ae0b-530f9493bd48,Aaqmtozftqwi,false
6d7de748-fe6c-4254-80b0-4dcf314be3ff,Zislpxsc,true
a395796b-7752-4cba-a118-47236d1936ee,Eqaeeazseutbihg,true
410dd4da-548a-4b7b-b7d3-988811ed7ff9,Bpzqqnsnfxx,true
8461f317-9990-4329-8661-ecf533df8502,Nuslj,false
19083a56-295a-40c7-865f-4e208f657e83,Rnui,true
347e6f0a-dba1-4e86-95cb-a0b86085f04b,Htm,true
cdd2c560-7a1d-45fd-992c-9ce507182498,Vntirp,true
28dc3967-9db4-4f1f-8aef-d25216c900db,Snykkwaohucbad,true
e2ad4b20-da99-4b64-970d-e88f3fda4e25,Azcupxi,false
f3556a0d-abd1-4254-8957-6c0128eb8848,Jaysme,true
e05e8a64-4e06-4ad1-8e5d-09eb988a603a,Fgzpcwr,true
77851202-4e8a-4407-8765-e1fa3c7efcfe,Dgnodcdbml,false
6572e89d-e9a6-48e2-b693-e97a93d73813,Ymbqgnroz,true
f2345174-86fa-4b6b-a43e-0a4471de09f7,Csact,true
ad9449dd-a1d2-479c-a6b0-87989310b164,Pljek,true
444e7608-b43a-4c77-82d5-0242083230da,Ulem,false
8cd04f22-411e-40fa-875c-9e0051f795d9,Szejghaltk,false
cad5c496-d095-45ca-9b3e-71570af39321,Fgvaot,true
4fa762da-638e-4b0c-b47a-ed80aa0c372a,Vlrvgksjofvzbdk,false
912de71c-d380-416d-939a-3fc24a20440d,Isqqxahryepankm,false
e11f57e7-4c34-488d-a61d-1f022984e3cc,Pxjmvewbyg,false
39298435-c6fe-4fae-a898-0ea8ed25819d,Bgzmzejlh,false
897b951c-ff63-4d9a-80ce-a977a5483efc,Uwc,false
a3a4ad75-312d-4552-a609-a978fd0e0fa5,Lldscnzivxfxx,false
52ce9d9c-89ac-4bf1-b2ed-6ec2acd84426,Ckdivegauz,true
76f5131c-1ba5-4ee1-8b0e-91372ead15b6,Kedesddkyvp,true
5922b232-6e5b-4562-9993-6afb28f4345d,Dxydatupfshjtr,false
e054f0d5-7d91-48ab-a41e-198ebbf4a561,Bxdapbxmycju,true
97ed4bb8-8df5-4db4-aa3b-d56b3187c081,Pldbpjfh,true
eb804468-9785-4c58-8922-f6d7ae0cde4f,Lbhxde,true
fff1679c-273a-468f-a11e-f83f8fbe036e,Ihfwsztydodjuyt,false
01b840c3-77e4-48ee-832e-7494f94f2d87,Oshoxeebf,true
8fb77939-ddde-47c4-891c-7707e9b2289e,Vmgizlxhvbwlcv,true
636d900a-cd73-40e2-bcbd-bbb261feefa3,Gykezjsnfloa,false
c9992da5-7ddc-4ba4-bfba-a6a5c1a1cf1e,Rmdnym,true
7fc15850-c62f-4151-a568-a319f4fb4dca,Bpudoma,true
4d8d262d-f920-4257-ab45-1ca2520d646b,Ponhwdrtg,true
c3495ecd-43cb-44fa-9d49-d3c4cd40e071,Pxvdrlmypl,false
39a7407d-4dcd-4e9b-8aea-3b6b0c5232f8,Cxa,true
15869a8f-26e1-43ef-b810-865b944b0019,Mctbdwng,false
996e4993-db17-40d2-805c-2ead3e995bf2,Torxhiat,false
406329c4-9ec7-4bcf-9e05-2d071bd71ef2,Ndczr,false
f3d17072-cb14-4967-b367-641a16761277,Oouwxxyhehjkxk,true
4df4698d-f920-4d5a-8b52-4e2f2a1bf3a4,Bzxejvst,true
108afd6b-3dcc-4652-8a1c-6c612f617820,Trzghmyg,false
63dd42de-90ba-4528-bb24-86b5771fdf6d,Tmgsrfab,true
a20f7ced-6ec8-4898-b908-5390b2e08d35,Zjghzfe,true
840867bd-daa2-4822-9d04-348d4f227e2b,Ltkpyd,false
6e75dcd3-3ad6-4363-aa9c-8169fdd6ebee,Ofylwkelo,true
8f6e6286-530e-4b52-a9dc-abf2d803a607,Jvtamuhcpqbb,false
47383765-4ab3-4ed9-aa6f-b0d9066feafd,Ewy,true
d3492aea-27a2-4b2c-b2d3-838d27494f8c,Ksnsinzeugh,false
f3d56edd-a4d5-4ea4-9035-80d33ccd5c73,Uqv,false
6dbacf4b-b015-46e5-a143-5d94c24845e1,Ogxyrwqc,true
cffadfb2-49d5-49db-9e82-522f91f0b250,Vdl,true
a4ac4723-6d7f-42d4-acb3-0adaea94f877,Jqqekcbuowhwebs,false
a34afa08-f4b1-416f-9828-db580b4c45e0,Bdyvqfrdtdrna,false
c0fc2558-9564-4d8b-ab28-2ca07b2d716f,Iryadqu,false
2bba69be-9805-49fa-b343-f783b092b46f,Ubxxyu,true
1fe72a62-1458-4637-b449-d176e736c073,Vlmmakpfvuicdr,true
0fa9be41-87da-48a4-bcc1-e8e73668a9b6,Sudlttjaeuhnbz,false
93ac9b24-038d-4d77-812c-8e9c90dc1297,Nevo,true
99bfd973-1c16-4419-9b91-4ab76479469b,Tqsvpoaootk,false
b2c7d3d9-e310-4896-8dbc-9f75107417bd,Rgx,true
8e6caa29-fdaf-48e0-8467-85813da8989c,Efalukzhfahvlet,true
fffa7e3f-d621-4bec-a8f4-139f656c8601,Jfiym,false
acf27110-4172-4a9c-9232-184cce81a146,Bavmnjjcxyvwpap,true
b12bb5a4-9389-4c33-80ee-c4456c69b68a,Gkim,true
f677c0c8-1090-4ad8-95e9-e4cb39745ad8,Trpqctedgzeurtp,true
e355adb5-0f50-4716-ac7c-7242fd006396,Fzmnrcvihpqrys,false
4c39e66d-6f20-498d-96be-75b1af557ee9,Inll,true
670dace6-17a0-4974-9f1a-1454639f84bb,Trqwedtwu,false
f1a111ec-950c-4148-9c9e-4e831de7d79e,Cssiebjurznmwh,false
d7786960-f288-4966-98fd-8702cc5e3049,Qhtivqyee,false
281e6880-2415-46f5-8781-449a9f4d4d90,Anmamfz,true
03dd681c-cced-4f87-a84b-894795572568,Vtszwwhi,false
f2245a80-6e52-4398-a941-a9c8e2a8a7ca,Huzncwyfdlm,false
ac288f02-aa5d-4d19-b184-d4c9c4a4993c,Qkproefnqjjmgz,false
b3f7b3e3-b7b4-4ca8-a32f-c598e845ebed,Pwdhrvby,false
994d5a28-0dc6-44da-88a5-d387527c30d2,Bfpciwijzjwr,false
40aa6961-b2ed-4b23-91f5-87bc21d4b8a2,Pgxhrxluidunb,false
9d2d0173-00c0-4cfd-9a39-fc050bd3f5cb,Pzktxwwwdvqpso,true
0405a1df-c351-4437-831a-b4ab1a38d4a3,Vchexgcwfv,false
fef7c3ec-a2a1-4757-baa9-b6e353d60ae5,Ajpoxqsmmfkiz,true
21b25699-305f-4dbc-86d7-403b6b72ebab,Exmk,true
f06a9014-bc2b-4241-9d89-e02aac74a11f,Mgvrvnpobcyci,true
e350ef8e-1938-4bf1-aef6-0c0f36614de8,Socsaovgkepgu,true
ed936dad-e043-4191-b836-c10bb953c19b,Frnextet,false
b96beac1-c1e0-4da0-b76b-517a340e8d5d,Wgqza,true
6184047a-c389-4846-9073-aa57b23e4dae,Wwd,false
81c48f94-e8bb-4f48-99df-df3bee45a93f,Rwaufokdavlst,true
6ca44927-e76f-4fa8-952f-52ab78fd38ad,Fwhqzvaqetun,true
6410dc36-63c8-4597-a3c0-f58301ac98e3,Aijhlcznb,false
8b200b54-7314-435d-95b7-7681d5f51f76,Qreirfh,true
d8ef6d83-3d9f-4b0e-b220-3f58801d3ebd,Sbyhzqr,false
a7396590-d538-4abf-acd5-d67d61d663f6,Pdinl,false
a1700322-f827-42ed-9a43-6d21125e0aaf,Nzgabyuo,false
8b399070-5bae-4af3-87ea-9a0c148ef8bd,Ixqnksvzimbb,true
7f124628-4b33-44ac-8748-6446b2f70801,Pkj,false
b2375a30-2f0d-4b40-af5c-9c272bea5c8e,Okvf,false
9ade6e3f-d358-4885-9394-9f542e70f742,Hsnm,false
1c5ec336-1e39-439c-a6e4-14a7bc4e8767,Cqogvinjp,true
f5dfccd7-b87e-4bae-8727-b26b9effc5c0,Jaoxv,false
f10767ff-48f4-4aea-9317-78a3174602f5,Wgtc,false
3459cdce-b0b2-48b3-a5c6-12b6a61fd4aa,Cqbdfdetmzsuox,true
f99cf001-dbeb-4903-a17e-a2f8d1288a2f,Ccxmnxegf,true
b27090c2-a91b-4cf7-b6b1-9085f4ce8c05,Soju,true
f410de6a-42e2-4b8c-ac27-a95961ef5278,Ubyfptofbxuzfyq,true
ad08cd1d-65ad-4e3d-8e47-60f72a16f899,Yvdol,false
6049ef7c-7133-4afc-ba05-0720414f2c06,Poomdwdmio,false
85d07af9-da53-4607-a658-b53ac821e64e,Bwkzrsahpdndxm,true
f086741e-192c-4b0d-8468-bb66d963f227,Qoogoptl,false
c83f9fd8-c7bb-4b90-af5e-90c24d45cb5a,Fyoup,true
9ce47195-bb3f-48b3-b54f-0edff49648e7,Iazbfhkdhztatq,true
1c2e95cf-c932-48c4-b9ad-020c51101a03,Vnoinilumpwuf,true
47c99c55-14b1-4661-944c-35725ef6cae6,Fohnldesap,true
468b97b2-f3f7-4b81-a794-9c84f72908cf,Lwcrdklbpwd,true
342084f1-2af2-47ba-ba55-f0ed55eec45c,Ubfs,false
18faf9f4-eb57-45fa-9743-14e374b54bbf,Hyklckb,false
782e20ce-a055-4d8d-9e5e-2774ecb2727a,Tlktsft,false
4b6f49e6-823b-4abc-b324-05ed473e86e8,Xymokhebrkzal,true
fafeab7e-ab82-412e-8dd4-a15326c2c28f,Wwsrlogfppwqj,false
19f024e7-cac5-4379-9b7b-11ed7dce12dd,Jvvfdckk,true
31f3876e-338a-416f-836b-e54f167544d0,Qgnt,true
e4e3600e-6832-4903-882d-0fc7c45d404f,Kaedfjrsmn,true
3fd4f775-fba2-4182-bd24-78db2fa91aa3,Zdmqn,true
b2aa2ba8-b0e0-4307-9259-7e48b3954649,Zgeyfibfasxvzy,true
ad943ba7-8aaf-4a01-b7d0-881a5d9a9fdc,Xwlb,true
1282ecc3-1fc4-412e-a0a5-846f69e6b31a,Yxfsbt,true
d16b8dfa-f0da-4e5c-a239-67a00ccb87df,Qnlcjlkdcu,true
8f19cd49-fb6d-4285-869c-5f5ae95c3a12,Tlspbzeowdixwqf,false
b0939a40-24aa-4a2b-834c-4b5dd8763a38,Mspmcsveyqpz,false
8d34f67c-290e-4333-b444-2e8b9cac681e,Azacpkc,true
949b137c-7d83-4480-9490-4d916fb78be7,Wxyfbrdnsrxl,true
638dbffa-54ec-4373-b7f8-65db9cc8e98c,Idmbednfzfnibe,false
021b4ed8-1f36-4e27-aa76-70e5052a0fbd,Cdbpjmwa,false
468c076f-d856-4551-b618-434304013d87,Hprcbwclewk,false
fff7fa1e-a5a9-4fff-a509-cda716933fb3,Iksycdsl,false
fdb0c0b9-2b9e-4cea-b87b-239dd0db9369,Ukmhj,false
d8099e90-e6be-465f-9efb-4f7ffb42a552,Vkx,false
67bd2cf9-3423-4c2e-a8e6-40d5e1c5ede3,Tsyqswl,false
3c14d589-865d-4bdb-a7ad-e156e6c4b661,Kznwcikii,false
8aad5dd3-ef99-4165-8250-9a0cd87ecc15,Fuqnhxgxgwd,false
c753c48b-a821-43b1-a0a3-40a71e05a642,Ula,false
dd6439d9-9a03-4455-95a8-40eb8c2d10c9,Yujgvpzvnmnl,true
564ae93a-6c5e-4ea3-9c40-d688e66a7fd4,Gblpdlgdflawtqc,true
6b86c06b-bafd-49ea-a9ba-ccdf6a8c8f08,Hvvurtogz,false
1b7a1a80-7fc8-47b5-be53-e1475d155dfa,Zkwyszpzvklu,false
a6f611db-bda3-4cfa-a00b-5032d8283cae,Xxvfzehqgxyslqg,false
3b9a85b7-9cd2-4dab-a6e1-de9d48ee28db,Bqzemlekhy,false
b0163197-d0c6-4761-88b1-86ca8254dc54,Aknyflytvjox,false
a6fefdcc-d55b-4064-9fdf-b1f796464588,Htrx,true
a1c6f45d-9714-4574-8afb-dc09d94a86c0,Fsiglwhzurtagp,true
eadd933d-bc8a-458e-a02b-6be27032e1ab,Xitjkfke,false
1fcc5007-ab81-4ca2-8dd3-92a2a5d3074b,Ifqsrtzjwu,false
abecdebe-b9c7-429b-8dba-cb62eece0fe3,Ctwdsaxtbteege,true
3679a2b7-2d47-4de6-973f-34482ce1fd29,Sumoftujzoyqezm,false
2107306b-b429-4db5-9168-12b0f9c04e25,Armttmvy,false
d2824b1e-476f-4ff2-87af-7f3c8c18ff8b,Ydvcfizpkb,false
d4647638-5c43-45ef-9b0d-8088f93cfe82,Wfgsukfpzecjgsf,false
75b8ab5f-951c-41bd-9070-23ac860d8c72,Ttnxxjcfumsz,false
1ec3b7d8-b648-4468-a1f7-c5d563c2b970,Nfvcrlxy,true
be9c9afe-6210-4682-9063-ef9b043e61f6,Wgqfzemnplqyfl,false
4f04a1df-00a4-4b18-9cf4-ebd32d598145,Qlqgocpu,true
6cfa944e-bb7d-469a-9b36-29d51bad462c,Jrof,true
98d0b04a-9807-4b90-885e-50723463e126,Szedsgihj,true
f5224043-f97e-4074-a449-3700b489217d,Ngaeopwcrom,false
cc015094-b4f2-4c78-802e-5b2389a63918,Mklterakbdkzyxr,false
fcfc051d-036f-440f-802d-5da13588720d,Fvkcczeap,false
40141351-cc5f-4f55-8be9-11bae89e2e1d,Ofxkuym,true
86bc7692-bfe1-40e1-8d64-a6439297f2db,Ihuxnpwpoxhozno,false
efb62f27-b5f5-4565-aa5f-897fa6ef4eca,Ytjejocvsgava,false
6a5d3816-e0f5-468c-8ed0-21745b3aecd5,Vmjcw,true
d9688567-317d-405c-b473-919e8fcc8ae4,Llu,true
a2060008-4db8-4df3-ab55-a3b2cfe7e142,Dadr,true
e4e8f793-d125-4599-83b9-8233b41ae28b,Aixsejcmgi,false
e7e14314-be5e-423a-a3a3-a3d25c097624,Gvqd,false
8ec3548f-bce3-4692-bbe6-fb8ed0f810c2,Jyzgehfjseeegj,false
e2351a86-de0a-45cf-8406-e008c7cbc5b1,Lgmowomenpfaab,true
b1a3e576-4cb8-4eb1-a389-2550a106286b,Yxwxymvpx,false
0d00c0a5-8e1c-488f-9bc5-4081d4b604a6,Kznedvv,false
0841f58a-1528-4228-9599-2f53a71c0c15,Ccl,true
724b1689-b12e-4062-b461-364baf35f58a,Jlnexwzrkifsg,false
87e15dea-bef6-44e1-af2b-23c7b2dd31cf,Uphcnfhtoqdy,true
dfc7158b-38fc-4622-a5cd-bdd7f54d915d,Aqlck,false
c87441b0-dca8-45cc-88d0-b77d4bf414d3,Cgqchwqb,false
682f2664-0f90-47c1-ad78-a0452d8d377e,Xjtserkf,false
0f27d66f-3a2f-4c94-874f-30b285f90851,Vgxtfemnfxqcyo,false
3538435f-be3f-4ef8-bdec-02a389a9acd9,Vdqzc,true
af409fa8-baa8-4f47-8620-e890fbead205,Yfnxmwf,true
794c9b28-d54c-4ad8-89f2-c71754b13e46,Jaeahylaklk,false
a0cb8a8a-744c-4030-b215-9d979608b5de,Ngbyhtjbboja,true
cdd62add-3b10-4fb8-976a-d4cd0d5e6ab7,Zitdtms,true
a004f60b-423a-4f2a-8926-a557c0f86e19,Boaydfdg,false
34c2eee0-f3c9-4256-b3d3-5284d78d3aaf,Zntwzipz,false
c3ba415e-4535-4746-8ec7-2d9fbf71a4df,Ymxtoci,false
514e9dca-2656-4e38-983c-381af18ae0cc,Lrwgc,true
3a33dd54-0fd3-4734-8e52-5160e0ba8eeb,Yxgihljnqag,true
4ad94bab-d125-4d3a-9f2d-15e6c8a99bfa,Mppnlz,true
ffcae0ca-edb3-4494-a784-15ebd6ec72c3,Kvsml,false
6afadf01-03b0-40a7-b6cb-5ef4b6f0f3c7,Veaoys,false
615e9620-77f1-4325-8964-47334bbb1439,Vofmepllqjbkpz,true
09943003-5727-4a11-a31f-111c9a6a86e5,Ufizgrsqdpwnn,false
b66355be-423e-42b4-a54c-41eb0d4a10ed,Czwwdxuwgm,true
1d68515b-3905-4928-89c9-22a1aa4799da,Hfhd,true
84bef3c7-091b-4710-8f3f-9d69b86f2472,Ofq,false
caa89a64-f847-4714-b152-ad0189e2adce,Aliqohqp,false
a2b1f655-3741-4b38-85c1-e3274c328fbc,Cpwgfuxhufvkxfs,false
07cd3580-304f-4030-a2ae-ca4f8fcb1e37,Fyacyw,false
b98b8adc-1607-49e4-9cee-8d3f925d5949,Nurrss,false
83671f95-4e11-4ea8-aa57-73a118093750,Qtecjopxnucvf,true
d7b98ea6-9069-4ead-841c-598e776357ea,Etsvhdhrd,true
a758385b-919f-40fe-8f9e-97e8f82848cd,Vhlfixpcts,true
68b8112d-54af-46e1-a248-b5085cef964d,Sktks,false
4ec07f4a-4ad5-4c1e-8a9b-f6647f43a810,Hhzcooq,true
a35e9d97-41c9-4d1d-93e2-5860e8cf14ad,Tunqkkwznoql,false
1761ebff-03e2-4e7a-ba2f-e0147867c720,Vggsrxyyfyfort,false
0dbc0454-e6b4-461f-8fcf-2e5c7b599996,Aemfkxgti,false
e9428e18-c217-4dee-aba9-c9078477514d,Zwlfbdwchtdoc,false
bc304fba-0d2a-4d22-854d-b6581fb601ed,Xthtfmqt,true
d57cb2f1-16a6-4dc1-b50c-97177534ae8c,Pkxmz,false
93746e1d-c9bf-4806-9c93-d40032bd0ad4,Gknlhivmnwfh,false
dcf4ff26-3e43-41a6-92f9-7f49c7da823b,Ngxcl,false
7e62dc7f-7908-4969-b9d0-8af0a1609d17,Nonefq,true
9f784a95-93c6-4e4b-9311-e06a0f331217,Ndpilcxtdpt,true
39d6e742-4ae1-4469-b360-49b42191d100,Upyzgjadoblxfpt,true
af7afdd8-0376-41bc-8dcc-1d5202442a6e,Cno,false
a288bcdf-a23b-4b19-9c8b-3d27421a2e7a,Nsn,false
b049becf-cb8b-47a3-879b-e8880f66cf2c,Pbqmgriiijg,true
b12675ab-45f5-454e-8c49-bfe28ee45c11,Mesicqzoogcbqj,true
a6961ebc-c9e5-482b-a3d0-6c256328a155,Guvhzhi,true
3761427e-0772-46ed-a29c-cbb39f7be35b,Wcy,false
85d8e0af-1fb7-4fa3-ade7-15359ab53460,Xhon,false
59954678-a697-4f11-8883-eafa28da5074,Kaowrf,false
2ea51086-c475-473a-9134-42af19191d88,Tnu,true
395a2fc6-90c7-482a-916d-34d346a439bc,Fiiwo,false
e89a3c25-22ef-43fc-8d16-832af283ba58,Efjkjjarmdhy,true
22463d5c-0a0a-4438-9324-ce94c5f2edc7,Zbblybwg,true
167d5ba2-5e48-4418-a6d1-bc2cc22f8e9e,Lsjxlksoy,false
bbdd3229-bb1a-4da8-b5d7-42789d831833,Puxcp,true
3ff68a0e-f027-448e-8cca-eda38cacad26,Siqdnaaoq,true
5912d1f0-d908-4a4d-af24-1e449cb215fc,Uhrxxblpszo,true
7b95651f-fc1a-4fc1-ae3c-572934cac476,Fglqp,true
80023e5b-aae2-4179-b572-efbcdeea48d1,Hsaaozfxi,false
2c4489b2-6deb-403e-987b-d1628d04bf87,Xzeamdiz,true
25cfa38d-f21a-43a7-90f4-9e8385a52922,Nrxvwkdpu,true
257668e9-8550-4821-b98c-16ed207543b7,Safrzui,true
da98c538-a5a4-413b-8acd-42bb35ea763f,Cbagyc,true
510bf7e9-7c1a-41a7-818f-5b7749b29aab,Hapnjyaztoofjoq,true
f343b51a-b483-48ab-bf6e-5d4559d04335,Cvzkov,true
a6865623-9249-4b71-9c08-116ca6bbcdf3,Ocfev,true
d46c8aa2-f505-4759-8fc0-ecf29eb5943c,Amozx,false
8f716042-a439-4c83-adc4-86b0054df545,Taqwytmvc,false
88323633-b29b-4462-a2ea-d277e6099252,Gvtqervvelhqd,false
dd16fb31-1bc4-42f5-97d5-bc6b48dec7f4,Ylgnkav,true
447e5429-4dea-4a46-843c-b9680836c5ae,Cscywrt,true
6233cf69-e923-443e-aa94-460906a01058,Rlqbioxn,false
166e601f-3494-4edd-aa0b-10b1151996e8,Stevbwtk,true
a79cf0e7-d078-4713-834a-c3fbc548d8aa,Nfszub,false
62c53d9e-1e45-45f6-afb8-b7b5021bdcac,Mhs,false
445b755b-8422-4549-a66e-feca750a1059,Udqlfyqeayexem,false
6e769634-2cf9-4785-8bb3-bd9007ad0269,Eac,false
6ce20f8e-76a4-431a-8dc4-9c65e44eca7b,Ddhzgztozce,false
0a643e4b-ea62-41f8-8925-f415f6370682,Nyrwibcfftqf,true
2bae4b55-a583-46c6-b22e-1d893c04eb1c,Dmaybukf,false
97df6a0d-c994-46aa-a946-52f9bfece2ca,Wvrubt,false
dbb1097f-6353-4274-acd8-c6409367fb08,Sjhpih,false
6d70c253-6c05-434d-9dff-ca803a7520ec,Zzsxsyxcg,true
7c1763bd-bd22-4049-859c-f958a4a22f8f,Kjflqmvibms,true
f017b9c6-b16c-41dc-a109-8af7958e9614,Oic,true
320801a9-ac6a-4753-b8ca-15d132f0c174,Femgz,true
af81b468-7067-49fb-beac-210b7584b311,Dypqhvfckgygz,false
1b4b2e3a-d8fa-4e96-ad85-485f5e473eb5,Xiogabmz,true
56583308-31e3-4d32-9f98-f6afa664a231,Yprgjndjbzhn,false
9fc4bf1d-8678-4f7f-8725-8218524e7e92,Fcuetsyrq,false
209d3b15-84f9-4f9c-97a8-3a73efa3e233,Swswvnpl,false
fb5c0ac3-3f64-405a-a894-8b8a5a3f6404,Ruimm,true
ed45254b-9fd3-4aec-aaa2-8fb05a57f325,Efklosry,false
af56c59f-2ea3-48bc-b05d-84ab4319c194,Zjmqlwry,true
885d10bf-bea2-44d8-b582-5a5090fda9f3,Otcrlyeibs,false
4ed6b24c-b553-4455-94a0-1dafcdc011f4,Fhgnjkmhb,true
baedcf7f-363a-4924-862c-f6b7b89a504b,Uhhvf,false
c5ee31c5-0507-43fd-882b-604689c2f103,Ozyhykgyfoemx,true
e727b1d1-b13c-426c-a306-8a36d93395fc,Flpgalf,true
57812570-cce9-4397-b89d-06ce4e1735d1,Bbpymxuwatehh,false
b442a645-432d-46ee-a588-dca195908b3e,Ctahmevlyhjbz,true
7396c448-14ad-4e27-bd29-673fdf01b197,Rsvjxvaqpj,true
f457ed1b-6a4f-4d86-8540-f821bc49327e,Tjfyyvs,false
38b46307-c644-42d6-a992-4b740d3de74f,Umfsvjyxi,false
f5ff90d5-c0a2-4c58-9433-46ce7c8a13f9,Cvwgu,false
9e108d32-d925-4497-861a-f23c8ff55ac3,Idqpdtermhwxwhp,false
cf73912f-a49e-4c09-8b31-2a4e03c2f777,Nbusgxawj,false
e089b1a3-a3b0-4c03-b819-99e21bddf79e,Hbwbqyfdeovfsf,false
3d2bb902-62b4-4a10-8879-e38b9eb06ad6,Vyqtccbvbuswpem,false
1bc17699-bd84-4596-8874-89ef62dcc904,Brulxav,true
e1778813-f2a0-4298-8fe2-5b58a8b7b152,Lozatyehjt,true
19d59931-7805-4bf0-a905-385f06f20077,Unnpk,true
dc15baaa-25f5-4033-9e3b-42c9855d8760,Pks,true
08131120-06a5-4426-8e4d-ffb5f3711ca8,Ewxonkwdktgfro,false
23f57d07-d429-4d49-a1ed-2d6bfb4f7694,Subuejd,true
71ed4079-4099-40f3-a1a9-186429cb6a29,Bptyucbwl,true
3a7b6d71-8aa1-4a6b-b03b-343792b05f56,Ktbcse,false
db068f56-09a1-4209-ba8c-de4397ed529f,Gtduj,false
c70cad9e-dcf7-42bc-9905-b4a673584763,Tusvxbrbqijuwyi,false
052f6b22-1917-4854-b114-df98bd4cb457,Xgryjhxq,true
848a9cff-192d-4bb8-80b3-397a865ebd1b,Ruciu,false
d796372e-def9-4e9a-9ef2-ee4243b521ed,Mddxegz,true
41757a4e-5e26-4261-bb4c-b4591db2a044,Npwwpmwzjctll,true
85dbcc1a-e1d6-4891-b32b-679a9a8eb29a,Dawrflykiplpkf,true
a33060d5-d061-42b4-802b-caf123b860ea,Sthbtima,false
c9febbf0-b4d0-4746-bb3a-8024e6950bca,Psqrzu,false
f5850053-b3d0-4d38-8b6e-970f2d15700e,Gzkxk,false
10d349a8-121d-46b6-922b-30e29b6308f3,Dnvupjpq,true
8901fd05-b76d-4930-9583-a75e355e3ac1,Ftvwvu,true
dda4387e-6a05-47dd-b77a-a5b368fd887b,Hnzissvqfm,false
3521b486-81e3-4f7e-9d16-13d1ea28253e,Cdmiyxct,false
2edbb65e-e615-43b8-b930-5372a69ce092,Dhjel,false
903d90fd-f808-4b3b-897f-f1f28ffd55b4,Unix,true
b220e981-15fc-4d9c-8683-66bbb02ae6db,Lzjwjn,true
2bdb2ed0-5900-4134-a9e7-fc6d7dadf068,Cyaueepuxgmpq,true
473b8a90-06df-4118-8c64-fb65847ce0eb,Odcmv,true
76a43fbd-3c43-4da4-a38a-14c5da5f9fb9,Byfgad,true
5f719858-39a3-40fd-b94f-70c084a14e0f,Xqrtpxqocwrwowc,false
d6e5dd37-6f1c-4858-b708-e3e20f8964c9,Fcercvmj,false
9e722e9c-bb2f-4a98-864b-01f40a6254af,Demdlqxiqtlwi,false
b1d82714-5e44-469e-b5ae-85da8ec7e27a,Hfygfguqskf,false
2a8dde72-0864-44be-8c37-5eb55ea4f84f,Plku,false
fc79db51-166b-47e3-b0e2-f1b4918666a3,Wwjkhytkhubeoa,false
75e52305-8ed0-4898-a258-ea61aab49f34,Npaqotv,true
f29fec75-32d8-493b-a0fb-d043cc445a1d,Fckwkif,false
afcaa620-3d50-4c74-bc8a-cbb64f70290d,Uaduxz,true
da407958-845d-478b-b472-51751f163c13,Yblyx,true
aac9a385-36e4-4b27-9c91-6f74a930072c,Qansfdwc,false
56edea48-5971-4035-832a-2c8738ec96ee,Dvyi,false
2ef59811-1ba5-48b2-955b-6a9ef163113f,Ccce,false
fa41fca8-e045-4607-a3af-1e46a91b8ac5,Dtyyovyrrpeyibk,false
bdd43df2-d560-43d0-bfd3-73d2c1199f27,Rbajoigjxuobdhh,false
df8e33ea-2f57-4909-b127-049534656bff,Artbswjzweal,true
e8cb6a8d-9052-4b0b-9063-f6dd68cc46b4,Xmun,false
0e7f8103-3eb3-4f67-bf04-073d77623549,Uwdm,true
471834d2-f0a4-425a-9164-b5fbb45b8946,Rwkjvcasryjigug,true
aceff062-8032-45c4-8bcd-2906006d18ba,Svv,false
9295d7a6-6b27-48d8-ae65-006d8dca6259,Sozy,false
818137c2-b775-4e70-9490-8058a52958b8,Exfuugbezf,true
3653aaf3-1c9b-4272-930f-72fab2cc03ab,Zawyjgofqvvpaa,false
7e2ad55f-ac6d-4029-80f8-ac142da17a03,Hmnvx,false
e92a37be-9577-45a0-a30b-0d9f711b848f,Vrgyjddsidwcxjp,false
f5029eff-8c17-4eb7-b8db-2cceed7cfe01,Fwwtz,true
de72bf4c-8408-4b78-b8c4-14880cdcd884,Erojrqyksjxtjjj,false
af6a3811-a41c-4391-aab2-5b88d6764088,Huirkymfukavh,true
5e9a3534-e3fc-46fa-bf0b-a1ca1533579f,Suwg,false
78d64203-65ad-4ce6-8dec-d3ff94de95aa,Pyqicwjgscagip,false
8835efd6-9df9-444b-9ef3-5c2e6915b4bb,Qgctgpk,true
064a323b-bbc9-4de2-8e69-7e9bc17d0d07,Anjhuoohdomny,false
d438a816-4866-4c5e-a8f0-bf5bb58aaf2b,Irlaefewcohrx,false
4abc75da-3b2e-4362-b57b-cbb8e778251f,Ocbbfbtxzgw,true
636c54df-6330-4d81-a50f-db3974ccd357,Yzdgwogkf,false
c0caf3e0-29a0-4470-97d3-121e9f6277ff,Vknmrstut,false
2465e674-68b7-447f-bbab-1a438f53cf4e,Fdlclg,true
2cae40c0-2bda-4035-b7b2-735bcbd167da,Hvnwgyoiijgbhe,false
b9e3f84f-6fed-4044-9a45-0c1add835098,Cxtistqljxyrzwf,true
2a9381a9-3ec0-414b-b050-d929dc11cd8e,Urbshqcb,true
1083afc8-1310-49a8-b085-a93cbc51f17e,Syciqqrqccdyqq,false
be385630-645e-4cf0-8ccb-8e341da52d1c,Pvetpkbh,true
de979874-1c1a-49a2-88e4-e4d0dad8ca15,Ejcxcyeozkkikck,true
2b8f553e-279e-4df4-a8b9-274493c618e3,Ykogpeuumvra,true
fb50094b-e880-4c2b-9634-98d7101880b2,Xskgxcmjcttqg,false
e63293c9-1c8e-490b-83d3-cedb5cfeb728,Pfbkvyh,true
5f6c2ac0-ab76-4da3-9748-fe131dc5f0da,Nqdpljgir,true
b5ec19aa-b811-4807-bddf-6df892836125,Hnldhdkhsua,true
9d4d1895-e3a4-4b2d-8ae9-5330c8dfba97,Owjfoxx,false
152fac0a-750a-49bb-ace8-4b852f3a95a2,Kwagndfy,true
a138af39-12a0-4084-a4ac-247447ce3ec8,Ykypdcmyeafnuj,true
9fb10512-eea2-4556-95ca-b671c715ba7f,Mkpad,true
b354a160-2481-4d53-a7eb-8fafb69739bc,Dttkuyfvcvae,false
05aacfdb-ac08-45fd-9591-226982a0467b,Zmhotxcwdhbkpjg,false
f149d420-bf5a-40a4-8347-8847d2f90607,Qrf,true
688f62d9-377a-489b-871e-1f520e97ae1f,Yrzujshfmxf,true
dbd8198e-07e2-4d13-b3fb-af24ae9583c2,Ikhomgufi,true
c1b2fa70-ffdd-407a-8fe5-267271f02bcd,Kbprcdwqz,true
f3077cd6-65cc-4639-a205-cea831bad38e,Ayjjqgtbch,true
a7a8a6c0-4eda-40ae-af7d-e1777c4d71ae,Apqqlzinxbaplu,true
83d94cf4-3dc5-4dd1-ac1f-c501d8cc25c4,Mdfcicfo,false
6cc5d325-5aa4-40fa-bd16-bf98ab0a0d22,Dypoqcpgottc,true
b2e3b5d1-25bc-4971-8758-d48f98a7e109,Ikpyyptfqnbxhe,false
c8750776-ef2e-426d-bc6a-b50c91bea8cb,Rza,true
692267f5-4fee-439f-9cf1-73d130133199,Duzknfnqneh,false
5bc46df6-3421-431b-a161-adec74ecfeb5,Dmg,true
a3e551cc-1318-4b85-99ee-f53b33ef03d9,Ptlblcdgghuijz,false
a64cc0b8-0b41-4ee1-a7ee-2a2e4e3c6cba,Miz,false
13fc43ea-8d56-47e4-b33a-c0f39f8fb3aa,Ujmqrdqjadytc,false
cda2065f-c79a-428f-b253-83204dc585ba,Pxcdmed,true
e22619a9-a4d3-4318-901b-662c3b89ec42,Vbfxalv,false
eecaedca-db0d-4dac-91d1-1238554bece5,Siajewed,false
407d5cc6-7973-4b2e-b72d-5f56680b0857,Wyicfapowisxwvt,false
185e9caf-60fc-4cb7-9ad5-550f75606944,Ylpj,false
c316db26-0ce1-411b-9952-fd9348cca71a,Tixberpwr,false
f157f3ce-8dc8-47f0-bf20-90198352614a,Tjxrgle,true
d40bb5b2-a7d6-4a17-9202-1553497ce3bb,Exvicuzhwajwmuv,false
aa00ed4f-b124-441d-aaa1-c152ccbea57b,Wkphlsws,true
489385c5-0e74-494e-8a7b-4025c824072d,Vqchbrbqfw,false
f510e5b5-04d7-464c-8980-657bb926ad78,Paij,false
8bc278bd-62a9-4c66-b74b-ad7dd235da74,Jjxydifni,false
b048335f-575d-4e66-a2d1-eab0af7db06c,Tviiox,true
1a0d4b2a-13cd-4662-b6c5-6f7b5f785bf3,Hlvrvlpftk,false
3eda06b6-cbfa-4cb7-ac55-f9e44b8e3e8a,Qyzilfg,true
2dd0321b-11b5-46dc-bbaa-f49c514e7fa7,Bzocgnagctcj,false
c88c5a1f-e9dd-4dc5-8974-0328b5ba90e8,Xpecnsgvnrddn,false
8c42cadf-5e0e-4240-9f00-74e5498d65b8,Lujebsrkmdgt,true
ef8714f7-6396-41cb-bfae-5d7ccf95a656,Vmumltbuowc,false
d245693c-d30b-4ed2-99d3-934463d5973c,Uabjoezfkwvkhc,false
9b1140c4-276b-46cd-a41e-586d6878d450,Gyfzgf,false
4a47127b-529e-4d6f-9db2-50a86901f199,Hdxyyjxroyujxgn,false
9b643c0e-0e13-4868-986c-b3d20cd93f93,Phxjzeaouhhg,true
6373f2f1-b08a-4983-9650-aeb44b198c40,Akngudggk,false
3605082d-31f1-444e-9cf8-02c53d3bd8d6,Iffhafxgju,false
34819a08-f0df-4786-bc92-16c0f2a68542,Cjsurvcfkmzu,false
d9d9617e-85da-412c-9925-460e3af21a36,Skvp,true
cba034a6-506a-4cfd-95c8-0315978517f9,Xxyaj,true
ccf046ec-8690-4afb-9e13-7d46f79f6bb5,Lzddjfp,false
7faedd48-5593-4a23-84de-8c783a46e278,Gny,true
d77c1ffe-1043-4681-8dc2-144fce0101a5,Fmakc,true
1e4f3730-2564-4803-a72c-4fe5c7498d35,Ppg,false
d9103177-f567-4f02-bd89-7318d9516d6b,Atjmjmwntgvn,false
804a1e63-e237-4478-9919-23f09a454ae5,Sgufkmcorepwwi,true
b19ce7a6-ed4e-4679-a0f4-44c31aa9e4cf,Htqieb,false
813bc25a-38d7-48ff-bb40-bf19ac733ac3,Odvgetn,true
ea7fe581-ca50-4a35-8f14-477dc6c14827,Yszlxgfo,false
9e7bccc5-ecf3-499b-8f0f-c0ec8cd8b692,Yfksqkfdffej,true
250fb895-8e72-45a2-a533-7c6ed63ff939,Audwk,false
e7a4e41f-7ba2-42ff-a6ec-d5d3decf1552,Vfpwymauwxphbz,true
a6f4fc3f-8185-4abb-85ab-f7f61f5b3661,Eqotv,false
7577fad0-c009-4cbf-9bcf-636bd3cae0c3,Kgcfvowmx,true
0149798a-da32-4fdf-be92-ce58748c4326,Owayoawysrj,false
ec873403-c962-434d-ad1a-cd646570b33e,Gglczq,false
69c30c74-4153-4e74-a868-4223d63c0c61,Ksaupq,true
ad0071c6-baa2-4476-a830-70c10a8ebdd5,Lbn,false
8619dcc8-9e3f-4957-b025-114b4892dca2,Uyudmmhbyvt,false
39b0fe2c-8a8c-43af-9e8c-5bf83bb26192,Qoae,true
4fe31729-7346-4101-9867-80498110f928,Fyojacoyopnmx,true
8ba04204-c3a1-44ce-9bac-f5eb953bc81a,Wynocypzhwn,true
524b619a-ae44-4dc3-8383-a81f8d620def,Pmnpyrghjibvyla,false
90336113-5acc-4488-b495-dfb49cd46f41,Icpe,false
d1e3247b-5dbc-4fc1-85ef-accf22d892f6,Ththi,true
594a56b4-f70d-43df-8e43-1398ddbd44d1,Jpsn,true
3a5e0b1b-2aac-46b7-a1c8-f45dbd291ce9,Raouk,false
377fc0c6-233e-4dc2-aa83-b0f6cf6f35f4,Geqgr,true
5d9cf456-8a58-4922-bb38-20e8cb8fe3fe,Wkxkcmnwzpq,true
bc030652-f54b-4047-967b-c9ac98d2d886,Rwndlu,false
79cd4375-8a70-49f7-b589-57ccad5f0334,Zpvymq,true
67ecfbe9-b700-4140-8c0c-51326f3ff22d,Jtmcloas,true
f9459253-7ed2-40cf-b3ad-cf27fc95968a,Utbasnlmr,false
a6db01a5-1053-4555-9f4c-a18314e3f0a8,Yeqqc,false
2f195d3c-aef1-4ee4-abbf-aff4d34bdc72,Gxdtdzbbplkvdjy,true
21a37bc7-bfb8-42ec-9246-d3ec21bd3a39,Yelprsxgospijw,true
09034c6f-5266-498c-8113-0d510444a99e,Yywhgzvihks,false
b734bcde-d418-4245-a2ff-c9db951562bc,Mvxwmcdr,true
57a67e9d-cb14-4ef8-adde-f0018fc7c150,Tqzhnzczzbcy,false
fd6b0ed1-92c5-4521-a059-4c9a630d556d,Fqrttpvey,false
c23ca006-39cb-477b-b43d-d323a2d1ddba,Kzz,true
8a7a6000-fca5-4931-98a1-5975cf5cf12c,Aduwhhfxwlrr,true
cbd3fa7e-81e1-4b68-aa74-ef13aa23bbb0,Yceeawondtgkyvh,false
307f7677-ac06-46ca-bfd1-165573c1f3a0,Hpn,true
416c3bf9-d10e-4762-8302-4c7b14f546f3,Hqnbd,true
2631bb12-c125-48c3-8da7-6ed6078b560c,Iwsuvqfomtlinn,true
cb0fe634-1481-4c17-bcf4-2f98ab8a91bd,Ztzdzggzvjmjgi,true
5da4cfc1-49b3-40c9-954c-b9575055190a,Cpyzt,true
2fcbdfee-6aca-45b7-9c0d-c5d603aadaa8,Jfnprlmq,true
f3784e0e-bb3a-4017-9736-85b9060393d0,Nigojkvg,true
80cebf86-2152-4a69-a28e-0a4e78059787,Qmvu,true
0900fcaa-ca46-48e9-bd00-728cf189a5b1,Pcox,true
bd7484ae-98e0-4749-9b36-0a6931e00870,Zkxxfvx,false
f8352102-b68f-4d3f-a062-5a5805389727,Pyqrthddcstecf,true
764ddd0f-0fb6-4547-8ed9-6d87559c7bab,Kcnl,false
83611e45-87c6-4195-bbd9-0456777892dc,Uante,false
c962d5f1-6105-428e-bb3b-0c9d8a737081,Smlmacetfovi,false
a2c29059-7311-4910-bed9-5165b156875a,Cqjddszflsg,true
fb7e567b-3c70-4516-801c-6530d48277f4,Zrlqi,false
cb2bf21a-9f75-4442-8751-f2f4fcaedb13,Ejbcdwfxaq,false
e8f753b8-97b8-46c3-a1ae-eaa4d4b6968f,Crzxsftk,true
f3c93700-3df7-4084-9ced-00b49a7f9852,Yvgheincxwswkzw,true
77578bea-5073-43fd-ae09-9ee99a6e9ab3,Iyy,false
0ad28667-a479-4255-af0e-1d0168cb024e,Bnbys,false
b43f91e4-89fe-4f0b-907b-e37776b4e8ff,Umojpbqetpjs,false
3feba613-b15a-439a-b51c-b0e5a00abd66,Qbjhturpgqfxv,false
19334005-1ec9-4e00-b2ba-a3f419e20ec5,Rtnfempsbsf,true
d6308de4-928e-4690-bb6c-6a6f72a73c53,Mnulmn,false
9a413254-dc57-4b43-acf4-dcb09497d01b,Mhjjtqhh,false
be27fd3b-f1b8-4515-8d3e-cb35a01fe530,Lappzeqjreviykf,true
fe1d4b50-7e52-433b-84f3-a8fc0337a51a,Grfzhtazlnrbum,false
68f7a7b3-54b6-4213-b515-8c2de975c6ed,Bwhh,true
02df2151-3729-4e91-b3cb-09951bd1f187,Atwsqmvjgilh,true
4b4de47d-14bb-4c42-890e-865733120e62,Jzye,false
337a534e-d366-4c29-9d6d-6cff7a940550,Sfyzfweneu,true
2e6453d1-a5e5-4a85-a0bd-07703670c496,Ajroccs,true
3d41d783-3484-48ac-9704-18bc3117a834,Nggvvf,true
93b8c661-75b6-4223-95ca-2f7c8cf9d801,Yrpifk,false
ad98752e-1054-4745-8c9d-c2f2d2c655cc,Xkuryogm,true
e2be4875-d2f7-4af9-9277-5d1d3df6095d,Ufstyw,true
749b9d31-64c2-4c40-9af9-a82a23b2af94,Xnxyfnsjc,true
7acf558c-aefe-465f-a129-b34a74e7cf0b,Yzqdiewbfcccbcs,true
3b665226-9310-4d2d-b77e-43f7afec1ce8,Nqospsspuuv,true
1825650d-1b38-4076-a146-d990cc937280,Kckjnzdk,false
9173707d-cff7-44a7-856e-d7711995b894,Wyduvitkizfn,false
f10f23a2-2c42-4c9c-9d9d-989eec95eb41,Qqomuzbyou,false
587985f7-3840-46f1-beea-56a84635b98e,Jbyduiictlprgoe,false
61176365-663e-4cb2-954a-17c7f26252b3,Gut,false
ce18878e-5a73-488a-bbac-d23f0468502d,Ezsxvov,false
eecb4a22-2c5c-44cf-b1d2-8895cee4610a,Pwvrdhpjzehswia,false
a0fe0e62-cc98-4c0d-a8c7-ccf706b606a3,Omkgctoy,false
9f20d8dc-1249-4f39-b296-64abf6668bc4,Dovvvphmoervodf,false
53be4510-f8a3-4eee-8187-0098843038c9,Wdvygdtoza,false
cbcc8cd8-e702-436a-936c-8013e53fa9df,Logmybuvxm,false
5f6290a7-28f2-4ed2-a65a-0dd535a5b207,Oseoubp,true
aff00574-d99f-4a17-b5f4-ba025d0971ce,Tblatmgj,false
b25c3396-c934-4fdf-8ca3-67d259e56d27,Zijwwz,false
9a1b1493-c8ec-4cea-bab9-fbb440d985c4,Qgyzsm,false
2354f7e9-65f2-4655-8e7a-598360da4123,Wxmhmh,true
5761e76f-fde7-4fed-95ac-2fbbac109747,Ipxvid,true
66077350-5922-427f-9eb4-56928254e756,Cjbwqahkbjyel,false
7a837548-2009-4cd9-9218-c789b38b2afb,Nujrswsdklz,false
f876e534-45cd-4613-960f-dfdc9bb86ee3,Lizcuqra,true
61714c86-acb4-42cd-818a-2f1535926778,Hsvrltelx,false
5ee0d983-2b46-4007-8c0a-68443c43f548,Nnzmqrbc,false
98dc049a-2f48-46cd-b698-48086009ad86,Ilopdfbjfgfo,false
a74da4d6-5461-4d2a-baf1-46beab2b54ba,Cummwfgfla,false
7443c426-7fe3-4f3c-86ab-e4b53da22842,Lljwtzckzqi,false
308c1486-8741-4db8-9e02-424405406e4b,Qydqcsqkh,false
21095593-623c-473c-8ade-c790e9897667,Rgzjoyqgha,false
99b6cc10-9f2b-4832-907a-39fbee7350a9,Wzzg,false
1e10b6ea-dba8-4c1f-9a93-72193f009c37,Npfkmcvrarudwx,false
f3db28fb-4a97-4a3a-9c3a-7a7911a0d2fb,Ttknnbzajromex,false
c2a4754d-7d50-4e3c-a408-0de815ac70a6,Cniwijhakwrnuxr,false
1c5804be-7ea7-46dd-ae81-0ac6fd375999,Htlcffldv,false
fafe4a18-a139-453a-a55b-33ef39ef42e5,Pxvdorheurw,true
70c7fbf9-f251-4a81-bf93-ee2e360d43cc,Spcjhmrayshzbn,false
2cb8ebe0-4fe7-4752-a861-51b6e7d8997f,Hmxlrjsscbjhnip,false
a48334a2-8dc9-4e62-b21c-5e146099a449,Odzmcoan,false
3c696a0d-ffba-4307-b52c-80048b073886,Dexxpkszrnfegt,false
667cc89d-231a-40db-90ec-3f53deafbd7f,Yqgupmzj,true
9bf80745-f87f-440c-afee-6d2ae10b547d,Chiua,true
dddec3dd-5e33-4096-bc4b-433c3481c2ea,Pnhscnh,true
1331230e-842a-4d30-a154-92d7ff84848b,Yrnzjiphhsgw,true
f7d160f6-73b0-4a35-9590-ad5bcfe603c7,Usdb,true
8202851c-8aa2-4f4a-a486-c3a12b86929c,Tttxazpzk,false
ada40af6-a89d-4a93-aefa-d7e30de91586,Zdmtv,false
04d0e910-ac1c-41d7-a90c-4c7db1b3204c,Ezrqetlawvcntz,false
99bfed1c-d518-4216-9e19-07d48b4886fb,Murlmgswgsdw,true
920f7480-9695-4e3d-94cf-c1a2974ba166,Ddhqpqfrzbgyxhl,true
817cb696-3756-4fb2-9464-4d8062f848e9,Spjnnpdgslg,true
94829aea-90b9-46f2-9ce9-2363110e3eb9,Yxpcgw,false
85828a6c-333c-44d1-9632-adb1726f7e20,Noebu,true
a7309bbc-573c-4dab-af9b-20758e54fe83,Tqqwu,false
106c6f3d-3ed3-43f8-9dab-3625ee6d4ab7,Nbhtmdvokgmakbh,true
06b1960d-76a1-4b46-9998-7df42849ec2b,Qbt,true
8853879e-a86d-484d-884e-4142aab8eb91,Gnnvjfnocecfc,true
a36307c8-ebcf-4392-99a0-5a54dd57f2c6,Fswtcm,true
8f412f08-b54e-4faf-9a04-3d350b5a3c04,Xycak,true
e2f202ea-193a-48ca-87b7-a375c20fc3ee,Snysejtwcc,true
c612e3fa-dc8e-40b4-962b-55c3830a3f1d,Mrpqi,true
10c68cff-aeb1-476c-961e-e5ced1162d72,Xdlgjyfyhbyr,true
75cb1323-be5d-41f5-9813-efc5f018bdc4,Wdjob,false
b87736da-d199-4e50-9925-dc7112ca2175,Hgoixjxxxlgyol,true
06a6d37f-81bb-4b14-b93d-7e3bbb7ad0a4,Byldismx,true
c487aa45-081d-47a7-9cad-308c5d8f423b,Uuizfzwwsaahf,false
d8e99cb5-f38e-4bba-98c8-7903eab88f44,Vtpb,false
cf854cfb-3bc4-4c43-b5d2-8f5b289c510e,Mtngve,true
f62c9608-d40d-4fef-9f89-ad2ace2eaf71,Hrtorfezgp,false
163af42f-f11c-4fe4-900b-eb4effd65329,Pflujz,false
ae19993f-03eb-4cf8-90aa-4bbd7b0c50c0,Xdtktlhblwvkav,false
f537baac-0730-4e97-a0e9-61d13c993aa1,Sfs,false
a7272844-9c5f-41a9-a92d-cb0e30aad43c,Uhh,false
181e2e1b-7627-497a-853a-cc20308c29f9,Mwdcc,false
a684b5ec-fcae-44a5-9657-3fe22bfff743,Pafysyleggcblwm,true
9587e350-801e-40bd-bcef-317fd1a2fe40,Pdqojkh,true
c1b3edc1-aece-40d1-9fa6-6c4dfb40b08f,Uzsdqnuxdga,true
a57bedbe-3b0f-46fa-b510-fa38751c942c,Qqaaiz,true
2a8ca639-6d0e-4908-bf5e-7a993b47545e,Rrcpzyjeifi,true
00df5af4-66eb-4b67-a0a2-e04af76451c1,Jvkhaixfb,true
e9db8ca0-e38b-4153-8222-4ba8f527a023,Aoikqtxblk,true
a0c11b1b-f94e-45bc-88cd-f3a994acc85b,Zyaojcbdkd,false
cdc02271-ffea-45cf-a139-326056e6447a,Dxmfuwy,true
cf69ab53-79c6-42fe-8d7b-f425b24541cb,Verpowd,false
0e901b2d-500d-4a65-b2cd-e9875b61d2d6,Pakuicubiblskkg,true
956b4283-57be-4afc-a4e7-e7a8f40b407f,Jnk,true
eb0e3575-8896-4767-b872-5f7b57ae0f8d,Osc,false
c8007ec8-6e4a-449b-b50c-ec5c815c1bb7,Emggb,false
f034cedb-4815-4fa6-8f98-fb152b5e8209,Moogi,true
e76c99da-dcf7-4b5a-967b-81a47e5b08b5,Ltbgtwsh,true
b026e070-e19c-4d62-817e-faea99077ec2,Rizywgdza,false
e059366f-3f6d-4810-9a97-8d8613df2e7b,Iowzbwumdfltnv,true
8074fcb2-38bf-4cf0-b6dc-12f218ab8203,Emkngkrv,false
b5460810-f189-4996-8b92-41018766def0,Ivhj,true
54fdb6b1-e9de-43a7-9c1d-86f131964660,Fmt,false
49e8b063-aec3-4ad8-94f7-84c439cc69ef,Wpemby,false
b7955fcb-e86b-4289-96f9-d60f763cf4e2,Nvmbdzwdwyfhs,true
c8061f49-b76b-4ed9-9fa6-68c911150f88,Taxqzrisarjk,true
f0b0108e-94c2-4a7e-a691-50b6f24711b3,Gkqnsbkf,true
1bb40fad-dcc8-4ba8-b91d-82365fb27b36,Mnzbgumkukfx,true
6e532c4f-a076-4c02-b824-8078631418f0,Cpxfsgug,true
19e07069-156f-4c96-aa54-076d570bdf3e,Laaq,false
9246d6e1-f7a7-46f0-8e1f-68e200f44d62,Pso,false
95fdf6d9-6416-4376-a824-cdc2dfcc3576,Hwhaqbz,false
3673123a-05de-4a80-a057-b8fc7b8bef38,Uocqcadd,false
a9af9aa4-00d0-461d-ba3e-aa4b8018e208,Ubpezpjk,true
76dc4789-78c3-4d5d-a536-0318a5ea947a,Gmfojxbizxukwll,false
0d7f8e20-a07a-41b6-9f8b-a697283561cc,Xqbwdppmpgoic,false
63a71346-f21d-4728-9a77-d2e07b350ab4,Gacwklb,true
e7bbd811-6a62-468e-84b6-fd99a00d0218,Yrlbzdhxtlx,false
a929792a-eb26-45b7-8c77-d16c194129c6,Ewonhocox,false
716bed74-cdb1-4e56-bb43-132934d639b0,Cnta,false
fd10a2b8-4ac7-4174-af34-4095649dcd08,Cetjwwsspuo,true
3a29a4f3-1677-4c86-81e6-49138e5f7984,Jbuucpxlhvssiux,false
875e0660-819d-40a6-907c-bb702f988c93,Cbx,true
fb3a6c1f-8ba1-4c52-8629-923d27460198,Aushjznez,true
6425151b-b307-47d4-b2a5-9d980253b175,Smqxmobjd,true
e11c9468-9166-40bc-b5f1-9b7e4a86b120,Lnoeuclgy,false
bfbf6f0d-8a25-4263-8f38-06ec4ba93a65,Ehoe,true
7b72dbe8-14ce-4cf3-bbbd-f7e803a425ab,Twrmmseup,true
5c350d10-7989-429d-9183-ae76da598272,Odiibdcz,false
8659c2c3-fda8-41f0-a055-0f980d88746b,Vrwumkyytynj,false
6806f930-d9a7-4e1f-9968-00513e82a095,Tbfer,false
9df8eef6-985d-43b4-bc10-178c301c0da9,Cspgizgwgq,true
e2a7fbcf-4b1c-400b-969d-2f8cfc59338f,Wvefwx,true
bcd3e8da-5191-4ed1-ba15-98edb630be27,Isp,false
769c0fe6-9c59-4f3f-a9d7-9f5a9d7f6ae2,Umtcfbh,true
0a96b46b-3a0f-4e2c-b29d-2f60b616f174,Bnnubcsl,false
6d7c4364-65a8-4275-b220-4d89d55ba2e2,Yznjvxbz,false
6a9eb21d-f326-45a7-b1be-5f0a2cdd96c5,Pom,true
46608a09-59bf-4507-b918-e08ec23b284d,Qjwd,false
c1b67ed2-d1f9-45b2-8f14-e1cdde89f299,Nxjtqts,true
29cb29dc-7961-4920-a245-e5f4e278a390,Lmcbwegp,true
adb71af9-8857-40be-a878-2defd5617a50,Gqcexwdosu,false
4ae41a3d-5768-4845-83b3-9fc1349c19ea,Tfpytzoawapo,true
b3ccdc16-d90d-4bcd-8e3c-4ddc20f8ca33,Glqyweupff,false
2f521bd4-c9b7-4001-9a15-2c4155f55af5,Xnuorjhddxc,true
a5e6dcb4-4ff2-47b3-a370-78342f4d5a0b,Jmqxubdichalifu,true
32f78bac-4da8-43c9-84cd-a73012b95dd8,Ftjaw,false
0c452919-26e5-4834-b511-be561030214e,Bkmcahlivmppvl,false
11623c43-84ee-490e-92ff-1bf634cba5d3,Qptqshf,true
b68f62fb-f1d3-43f0-aaf8-84260c6dfb2c,Lajhkoyxmujohei,true
3467012d-0ff4-495e-bb63-4623de62de88,Knjlvyftvtaa,false
ef3da757-42cb-48fa-81a2-69884b9c3f9b,Kiriqxwola,true
ecbab02f-0603-4fd9-987a-8e9070cfbe43,Ljfundogmiq,true
15d71d3b-3a9b-48ac-a1c5-466132464fd3,Csxyhqmpsqjh,false
e3ded620-7845-445a-b241-3dbe6d4a83f1,Zkmwrvevz,true
20b077f3-8e99-402b-af94-0412bef5dc9b,Uijkeuizkxzpq,false
7cfc9eb8-6f43-4ad1-a303-319d70a9a615,Ywqjyroveacbxo,false
f76b9620-80e3-48af-9181-0488196124e1,Dikad,false
7e67b284-0952-4a53-974e-82a4a469ae77,Avxehfrbzs,false
2ea6e342-a579-40e6-977b-c4f4b383a10a,Ivmegpdnjido,true
e2a928e7-a30a-4a4f-a19b-24e6aedcfd95,Jumkinonu,false
9e72bdae-79a3-4bb8-93f2-8b4d541aaf6c,Ezeck,false
29cc5ce6-cf58-4469-b046-7b4ce0032b29,Szk,true
ba550aa2-8346-4b0a-bbcd-73090439c03c,Qyrti,true
924ed12b-824a-4517-9868-189cdd1dc413,Ldaud,false
5b56571d-c5ba-434b-84e6-7b4525eb22bb,Ukcz,false
325a194c-738b-4a7e-a9e6-8ef6d3957869,Lkpua,false
6b2e65f5-ea54-48f9-9a0c-d838c69063c9,Fwwjolkr,false
73b2da7e-162d-4ea8-b408-2a2d46be393e,Srdnnaroaxj,true
6b4f4ebb-6199-4546-b926-afa05f708eda,Vgtwfkfdewo,true
dfa5b986-0258-4dab-9f07-4eeb94bff944,Cbsippsgmf,true
e5f264da-7d56-4a4b-a941-9044e322ce82,Dfevgxodg,false
93680893-68c5-4306-85d7-37d1c67932fc,Pooujgmp,false
a35c6960-6190-40c4-8d38-6d538a11cc80,Vqtuu,true
c1467005-0f8b-4624-9bbc-d83e0e4492f6,Lbuqphgro,false
9c30c9c4-ff8c-4716-b375-cba956642355,Nnriw,true
a1ce66bf-1fb9-47ce-8d7a-8070529be678,Kwganw,false
4776b160-6247-47cb-953b-b98ff9ac891f,Oaxfh,false
55db3c19-12f7-46a0-b61f-0e827469851e,Lwy,true
f4b2f051-a190-42cf-b495-fc8c06bf31f2,Zgkvgwothnvicl,true
f8aeffee-e9f1-4ff4-89e2-b37f815a92af,Mlgxfwehrsc,true
ec595e0d-a0d8-4adb-835e-4fffa6239553,Olklgeiwvxbbfm,false
49a33baa-11ed-4238-b85a-d5d82b7f7fbd,Phbtguzavzc,true
967af1ca-4dc7-4678-bdde-12deb6059f8a,Cjpsolxorkgyi,true
8445ad8d-7f31-422b-95e5-d3d3fea59f1e,Uuxogbsbeb,false
d97d55a3-58d3-4286-b8bd-f860b31301a9,Wllwrjtpzgdd,true
fe5eb053-39a3-41af-9e30-6d923cbfc92f,Bzzllkjmwnf,false
e8e5c553-3645-48c6-a4b7-f0837c628720,Poxqye,true
6298c63c-fe64-45d6-8d99-de26e9b686e1,Byik,true
60e2623b-b42c-4f66-b741-a41ea0f1b699,Vemqbc,false
83aaf7c6-27da-4346-b1a3-1d6f9fd71d57,Ymulyrouz,true
41643074-23e8-4584-a987-c012c89ec03c,Shdrejvcpdcbr,false
705e7a2a-3718-4d77-a7fb-5b98d38cb6b1,Sak,true
53a73230-707d-473f-a37e-8fc137679be2,Pncskdcdv,false
08fbcbad-2084-457f-bf40-800d5529b4ac,Rvxkkq,false
ac33f939-a666-43b9-a706-b1c3b512a292,Oscoksotzfwrkin,false
dfd95ae1-82ea-4582-b3f8-6e1612a6c5d0,Vkroqmtfv,false
8887272d-dbce-4573-81de-7ee613284896,Asisslemucvvzg,true
d9837e29-c4ce-4cfe-8377-4c8c43a55496,Fwh,false
0493d543-e26f-4aad-a0ed-d60b88979b7b,Ckcdpy,true
2351d3bd-b855-4de5-aa13-2a69490b53a2,Mvhyhqq,false
d5bc262a-6fc0-4034-8280-779c1bac3f08,Qschswact,true
8637dab4-8b9f-4796-9047-1f3f19ad3119,Nxe,false
a995900d-48b9-4ed0-b925-846291c8762c,Zivchxjbg,true
7fc7018d-8ab1-4368-925f-84674335a596,Usqplpukg,true
8f7cf133-da5c-4805-b0e1-b1c25526aee8,Xrmboeapjsmexi,true
a1d806ac-3a82-40ea-bb31-596e4271df70,Vyxkfx,true
891deee1-598e-4feb-9196-a8ec106b9511,Hmtqjnvlu,true
df1818f0-27aa-48c6-bd16-eb887af32260,Lhrf,false
d269e746-635c-407d-8f62-5add7eeb499c,Syozcifxatxoxt,false
92dad01e-bc37-4ab4-a648-826a698d2c24,Sri,false
8e5c9950-14de-4269-b183-e5508108d245,Rxvzkfclrshg,false
bf4e3393-28f2-4806-a817-44656c9c48c5,Dcvxyznxnadlxuv,true
04566aba-3c81-49e4-83c9-2472644d353b,Hiownjjc,true
b4ffd225-39ea-4c1e-b99c-b1c1bab32ea3,Lrrlyy,true
ade9bc0f-d05a-4f6a-917d-3c4a29d1113c,Xpkw,true
9a62cd58-eb44-4be8-9179-90ed5a3fd7c4,Nupxip,true
6c756b91-1245-4ade-863e-19d3301798d8,Ttgik,true
181715d8-4f26-4d3e-abff-26ac0f78bcd6,Epqcienevfum,true
70fbbaef-9477-41d5-8c66-3eda553f48c8,Qpnhdntcet,false
620c60d6-5ee1-4162-a60d-7e24b2a60e82,Bdsjpkixndkrgmp,false
0fdd13ed-e6c6-4d56-92de-fef73eb6330a,Vhbuxpayjg,false
0faee227-9c5b-487e-b7b5-ab996ef6b060,Xsx,true
137277d9-004e-4466-9602-e48c9db984aa,Vlneaoivxf,false
e6851285-e13e-4273-b474-3814e2ecbb6f,Dfbpqteg,true
ee374d91-15e5-40b4-9256-3112386e8ed3,Yaw,true
bb6cbde1-ffef-4ceb-a542-fc6753bf1552,Pslzgzczavxezvm,true
36128b6d-2d98-431a-bbb5-7359406d2e82,Stb,true
7b174de3-2c8b-4418-ab7f-705740949d05,Dwlodlecftx,false
b4948f6f-a759-47b7-91f2-b755ee92d4bc,Ktd,false
53b4d39b-416d-4563-ad17-0e0aca866a35,Dzxy,true
c783a129-9078-416a-8ed3-6de98b63b3c5,Xpwjpxdyj,false
3a39dbfe-6078-42c5-af31-926e64ee066b,Akziujiqfsknlv,false
2fbea20f-8d4e-49e7-bb87-885e6efd0dae,Gtzqyo,false
e1d03540-ac4b-4144-a7a4-a9d6dbafc611,Xmvelposyrfhi,false
b4cc31ea-4585-456b-8646-a9df2c26e26b,Wig,false
4d12a5da-5403-40f6-b21f-2bd412da4d55,Dta,true
cef93a32-29fd-49c7-b3d1-b00a20d05ae2,Umjxfvrvtoytpw,true
8774da19-d5c9-42d4-b0f3-f5e333c0ef2b,Moif,false
b51f88a8-aeb5-402e-ac7c-8689d58158cf,Wmdis,true
edd8630f-3d64-4fb0-990d-4a22b521e3d2,Umyqczchmhp,false
29d7f1ff-c135-47a0-90fb-ffa331edd3fe,Zbrytgv,false
39ddb32c-402f-453f-96cb-e9f831f974a0,Jjsaefar,true
e2ae2795-e477-43a4-9c3a-de70fc8f3736,Nvskmxavlm,true
69fb91db-2d85-4943-8780-f6ee53081aab,Jwmtmergr,false
fc220cb6-638a-46e1-a52d-163c41ae11d7,Anbpjdduriw,true
4cdecac5-8da3-41c6-aa83-6eeac7adaf24,Ghplznzhxnie,false
25a2f4bd-fe28-41da-ba4d-a9a1218abb8e,Crivyfpj,false
60db89fa-2bc3-4e0f-be3d-17eeeaa334b9,Trhnzzpe,false
a9f0097f-cff2-4108-a047-c46fbaa503f7,Vcv,false
535273e4-9691-480f-a693-9c2efc99e6a6,Ywpqjoe,false
5bcc4a08-3d6e-462e-9237-bb508dd42ec1,Ndmwnqdsojp,true
82184b46-f227-42c3-8442-c3d38a6e8c6e,Tzewfop,false
d0830b19-f663-4613-a936-f8d9349b6da6,Ivnbhmumfo,true
977b4f54-c2dc-4314-a45c-688b7be6fbae,Bqilhbcoc,false
8a84db5d-3e11-474f-abd9-30e9bcbffd9f,Omhtxvp,true
36f6a285-40e0-4ce0-a61b-652477f86539,Uuhqb,false
6fcaa360-db7f-413c-99be-b0c50f616da3,Sjikinvdvuo,false
1ed68dbe-1bac-450b-a4d9-5cb6eb5a4967,Faluiuuinzo,false
727fa88b-fa3a-4ea9-9e9a-6445f94f54bd,Uitfumys,false
472adf95-608a-4ab8-baf3-1720379ae2a2,Qrbo,false
7b8f74b8-8dde-4cd8-939e-ba1da2c13b57,Okmvym,true
7b8e15aa-f1f4-44f2-83f2-5fb5eb7e4b38,Diiefxyljupf,true
375a0d04-61cd-4db5-9e7a-68c41fa2ae2d,Esuiwajgl,false
f68adfd9-9103-4038-b971-dbecca2435fe,Gxcgima,false
52ef8f19-fd1f-49ec-bd59-f0c3c180bf6f,Lrlfcpsggj,true
e6e6006f-dd12-457c-97ce-00b229d9b3ce,Njbqdkkwky,true
7c906940-5e28-49e4-8e93-d6c7053c17df,Mdqwjwuzscdmdq,true
3dbba231-dda9-4a3b-acc4-8a9cb095ee82,Lzv,true
2fd454ea-52c5-4b5b-a13f-d3cce87dca83,Enzo,false
1534ae67-90ed-45f0-b677-eb0b593c382d,Dlnsrprrmateq,false
4234d573-3b4c-41ea-90e7-cd832f5a381f,Avvydbdiaembh,true
a5d048cc-8681-412f-9c3b-ea712c689abf,Pnipfiur,true
2613a579-c8a5-4877-bbe9-691e0a0a32c5,Oyhegcpenii,false
d785f8c9-1900-49cd-81ca-a05dc80ddfd7,Kipvwafbyu,false
cea5992b-d2f6-4bb3-95b8-5ecd05435e84,Sreth,false
ff888808-b6c7-4a0f-aaed-5f121f3736a0,Vvnphxezbcmnmm,false
2c4fc339-ab91-4f9b-9775-0b2ed5d9d1a4,Gkcumvhjcaelsj,false
020179e9-aa4f-42c6-a61e-a500fd6db29b,Cjwqbtkswehjk,true
ac661ca9-c46e-4430-87e7-1c4f7a681b15,Fqwluylorwae,true
e6c3d643-f7cd-4d1a-a8ab-b696a488217d,Kjcigd,false
56a87235-26e7-4e50-8433-399059d309f6,Ypbqolbn,true
da07abd1-5fd2-4975-9206-3d315e6866dc,Tuynyo,false
61f9de4e-15ae-4a2d-bdee-dbd5182656a6,Jgnrkgibfnp,true
b57e017b-1f54-4159-b70d-45ef82c1a38d,Uakhdyaegll,true
9b4b26a6-5e3a-442c-a2df-6ea8e7e2e8e1,Oiwwbqqdywdhfk,true
61cd83d2-705d-43ea-8876-ca96ae1576ad,Rvaagjaawrhc,true
9f5265f4-f8f6-4a7a-8163-d9c8f409f0ee,Lnfzpsrh,false
fe96bab3-d5a4-498c-af38-792b0b86cdce,Iashpplkolq,false
88ae808f-2c4e-4895-afdc-7feb9757eaf2,Wincfeeqniimvdf,false
f5025ca6-80fe-4d02-bcce-962b70f81c79,Pqzghqge,false
cc87a043-9752-4f4a-adf6-ffaacfb71619,Bntz,false
bf2de130-f620-41c9-b2e3-6677a518764f,Ppxsuiarpgdsx,false
305feda2-28c6-439b-9b74-84cd03211955,Anpjdf,false
5959c051-aff8-47ea-ae41-3dfc9f427bfb,Afv,true
90d56cf6-6702-474c-8eb0-71eb709f9ea4,Koyhroh,false
74207c72-1ec2-43ba-8d98-7e88f3c6afe7,Eoumomzuxes,false
7a195fd5-d594-4280-81e3-fafff6caa328,Snxq,false
1d996fa1-f97f-4cce-b2e6-24cc505b432a,Owwlh,true
888afc9b-01f0-4106-8060-deb56e20e575,Dlbnlzzx,true
57706d88-564f-448a-addb-29ae0c38faaa,Aplgp,true
e8ad3242-02de-476e-af86-35241faa3859,Vpnuzhpsqynkcgq,false
e53edbc0-9335-4a4c-bb55-b771677babb3,Mglz,true
aad4f523-d9ba-400c-b9a5-6d062b1ad96d,Onoipip,true
beacb7ce-e5aa-4978-bf07-395b4608efe6,Wjjc,false
ede55e94-2ece-41ad-938a-3e774e94419b,Wprzwypime,true
9717ef42-63b7-4b23-a022-61f7a6509fa4,Wizwlar,false
7a942ac8-618d-4672-8575-8b53b26b2efb,Anhhkc,true
b864967f-e2b6-446e-ba1b-1f9b324b05be,Imwk,true
1f648afc-f448-4c80-b55f-c8471c8ae2d4,Tlhypwzixkzhzk,false
4b1a05d6-42a1-4e51-9d5a-5bd630e4bb21,Fvirdhz,false
34cdcb58-78e1-48ca-98d3-445363436386,Jfolny,false
fcdff1fb-c23f-4a9e-9cc0-91dca384d3b5,Gfdqwndcphftq,true
7b78adbd-2d42-4a92-bfe1-cf353fe85e2e,Jrxkpflsflmcqz,true
28fa51a9-d45d-470f-a778-e8538211476e,Tgzbzlajaon,false
32cbaa34-f124-42d5-b4a6-d7f49d25d5c5,Gceayvq,false
da900a6b-81a2-474f-ba2d-1c8443f95a9e,Gcwktxunwot,true
8384a5bb-a6ca-4422-970d-c13c29292fe2,Xngc,true
4c47ff67-53a1-46bd-a803-d1dbc9414ae8,Zcfaokmbbru,false
67712836-da5e-401e-b3f4-b3b44aa1a0ec,Xmdosmf,true
dd7c18e9-344d-42c2-8c13-e05a7cf4c143,Pssodwz,true
adf08059-d685-42f5-b783-eb4d946f0b0b,Wayxnvwyazp,false
f4426dcd-2b23-42c2-95cb-41e4c6129c37,Yvwczluexczk,false
1cecf2fe-8bc0-4b34-b71e-66595738387d,Rqdffqktcqvjgzt,false
f70f8c6b-da07-47a4-9e80-8b28b610f011,Mknfjypncvbai,true
621d670c-6750-4cfc-9e61-009348fcc91e,Pnjiugb,false
b6f49046-b5ca-47a3-8969-83836fb97004,Ncrxcehbfdgmp,false
b6192617-032b-46f1-bd46-46fa45e918c9,Cfndfwasbcrmvi,false
334653ec-3815-43e4-be4c-94b671deb890,Zrjnyklirimpxc,true
440a052d-3f89-45fc-965d-6479bd02cef1,Fhtmtqkljmhlatc,false
a6776a0b-a146-4600-8b31-1ab896ee537f,Vxqwmyaihe,false
946d5727-338a-4ac3-8dd7-6e90161acc3e,Sodvavu,true
a099084b-e7f7-4ef1-9c8f-f50025d61884,Kwfi,false
48b4daa8-6d69-4760-aff2-0f0a2cae79f0,Jhbb,true
0aa89fca-63c4-40c9-a6ba-4fbf694d16fb,Msufdyilhjwsttx,false
ba6d7bb0-1496-4461-b13a-44b3784ffec2,Qbeune,true
74d5d2f6-a34e-4a5b-9043-6f68c293fb7b,Nrozpgg,false
47c9e4a2-8c96-4e03-8207-5b095bdb9a6f,Nhicuvikfqipk,true
632b9237-4dad-4cdc-875e-3c7bae316c2a,Akhdqjxff,true
f1fd3322-c7a3-4cbb-871d-6f0c5f665ebc,Hnmwtfx,true
88099280-df4d-4243-81a9-eec72d395ff2,Lkyf,false
119d6148-e725-43c2-91ab-1bf7b168d7dc,Idehae,false
68f86ebe-218f-4835-93bb-7af0ee50713e,Lafsekmkllqnckm,false
7f3ac48f-c345-40aa-98b3-7643f77a827e,Wvhkydzmbbjvo,true
fa056c7e-6827-48a8-9b8f-e0caef7d7012,Pnzwepg,false
b0befd79-d543-4100-8886-a177144f4fe9,Rsdhlynt,false
9275e953-46cf-4934-a024-8bf11044287f,Gqhpdzryg,false
a345f5d6-c1a3-421b-b3e8-ab7a5620cc85,Iaqrnuelqchg,true
893fd3c8-5470-46d9-ad6f-1f2b23237970,Chn,true
2b322e5c-8603-4ffc-8ade-6bc0609a67f5,Tdr,false
45221f17-8f37-4bfd-aaa0-97d985946d91,Yuhn,false
ff708471-ec31-4c72-9117-5a50713ed38b,Zyjsmz,false
e7b700af-eec6-42b4-9de3-27626773457c,Ugflpikhk,false
84594da7-f785-4b7a-afee-953ed25c3cbe,Ysfsmgvvtscbyl,true
7be67232-1ce6-413d-8702-bb955d66f36a,Jbz,false
ba78be60-bfce-496c-b1f7-097d87fcf32f,Elj,true
12cf77e9-9ee4-4f1c-9c68-6effc043d519,Czgrkwtxoxbga,false
b69aa0d0-9369-42f9-8bf0-188c4e464fd0,Onwbw,false
318dbff0-5842-4014-aea9-f0a206f03006,Fwkaob,false
4cf2bfff-f8eb-47be-912e-f64b5648ceca,Gapyelrvdbvu,true
3ce47eb6-bba4-43dd-bcf4-aadd13119552,Wovlglfifgzqnf,false
bc55ded1-013a-4060-986f-7ab0f89a28b4,Obrgctcpw,true
51bc0b48-1f24-4b70-838f-aa6092be9f75,Mfuxmlayerwqsbp,false
acfe81db-a622-4684-bc6b-6aa57c96d500,Dnuvfit,true
6e82de70-d6e6-44bf-b86e-0598b1071399,Mmgji,true
cd36b6e4-f665-4aef-86e3-88b2764a29e9,Hhqmjcuht,false
b8aa328c-2cc0-49c0-bf20-de7543ca64b5,Vnsso,false
c0f1b7cf-a6ee-4e94-859b-bbc4aa6e1fa4,Hiwmeafwq,false
72f8b94a-23ca-46fd-bc3b-c23181b3c3df,Qgpzkbiavidp,true
f25a1ca4-140e-49ec-b13e-9de044a361b3,Msje,true
fb7bef0a-6e52-46b0-a48f-34f2ffb9ae0f,Fcjrgof,false
2f0a0272-4383-4ffb-b62c-3970b08bd684,Fgsqis,true
64576ff3-f983-4624-bfed-94ef2c560be5,Wrocrjie,true
5deacf87-72a8-4df6-8f9c-5313e90ca4a7,Stulyiq,true
ded2a2c6-1dff-48fc-b211-e5e1e8f7a822,Fdpjyhlhjoh,true
32d98fcf-c5f2-4982-8799-be02eaf58e3f,Skfk,true
cf67f15e-2cfc-4d3c-99f3-cfca2f5fe8b5,Rmqmvqszwylbbbs,false
d1ccfd3b-e4ea-4f76-8c41-f0de8626d1bb,Jgrm,false
7e1797e2-f2e6-4137-8e33-1c5d8851604c,Ebxihflsqlge,false
02063cd4-9237-4326-9ef3-9b31eee70d66,Mhsgorxajjwic,true
510e072f-6298-4714-8f47-efa812ee75a5,Xlm,true
562bb2b9-9287-4d43-aad0-3e1676c44cbe,Gybhsmodtfxhf,false
c7cf4624-983e-4d2c-935c-8b005cadb50b,Wowj,false
6d988daa-8ae3-49ae-84bd-ac8283885501,Wqhzqaasvtcvzm,false
1497b4fb-21c6-407e-9bc5-1abf4ea915e3,Ycnlm,true
a24c3ee9-37d1-414f-ba61-4a5855951b10,Fpuxxrirnzriyrx,true
e67521b9-92c5-42bc-97a0-aaa1e99addb5,Nmkhipv,false
89d2a313-4236-4ce2-b234-66e89ec580c9,Hmt,true
03a070db-1095-4458-af53-01349b3e6dfd,Bfqnvjmb,true
51f8225b-2613-4bc6-986e-e5a1cd885d5a,Zxjwn,false
2f35bd42-0ed9-44f7-96bb-76633e17637b,Codfunwuwjnhd,true
22489857-d78b-44d6-aa99-700184858267,Nuodhndee,false
710dacef-7980-4ea6-a213-3af8ab2f4fd5,Sarg,true
e8fd7125-2a65-4014-9cb2-a10b0bbf2871,Upnpeombphue,false
409e4dcf-78e2-4ffb-9d43-b30ca6ab71c2,Elo,true
8f98b318-ba67-41be-b957-54505f3651c0,Roa,true
35f2191b-1a02-4cc0-9cec-f3c0e3d25461,Api,false
53409379-98bc-4cee-9750-11cd8d195667,Psazmwumxolec,false
08bf6178-ea92-4189-9ffc-d51bd6a7c068,Mdpwrd,false
8596b860-49c9-4061-aa42-a3e872f58e7e,Hmgvtlqstnrc,true
065787e7-c558-46e2-893e-e76864463cca,Btzruau,true
4d90ae54-783a-4f54-9169-a921710e204f,Tgtf,true
02d5f04b-718a-41b6-89e2-e485ab74ddf3,Aylys,true
93c4a14d-3f52-488f-9972-e0565b8085ca,Mimbmmpuolfofps,false
68caec05-be94-4781-93ff-48cd421d8524,Ntoqrcri,false
3de6d2b8-f16f-48d2-a4f4-72724be1323c,Rhdycrgysahrbx,true
2b13adae-cde3-4754-a977-5ffc117bf691,Uwb,false
3cc4c70e-1e5a-448a-8690-991b34f6e13f,Wschxpoidq,true
ae0c570d-9715-445e-b203-750b7696dd24,Lqamre,false
855dfd87-7e41-455c-99b1-557a2571fdb2,Iiyw,true
fb13db80-240a-48be-abc8-64b79d2fd370,Jrtpcewdqzn,true
05cd6667-d078-4ef0-84fe-c6d989e97f05,Isjjkdcbbgp,true
3d69bda9-9bda-4c20-8c1f-7672513af5d8,Uowqzldo,true
d232ebc7-88a3-406b-b74d-2ae80212339d,Xbezoq,false
f5569d6c-95e3-486e-bdb3-1fdaa34eacd8,Dtonnjkjs,true
556b8bab-b233-48c0-a291-36c2b5c6f267,Arvcicnorkxpt,true
a17b20cf-a1a0-4cc3-a9ad-2c2e151df2f2,Qfib,false
03c52de6-b57b-429c-800a-2b0a2dc2942c,Pldsxjnu,true
51a06323-be25-4f8b-9d5e-27e896bfc793,Zck,true
decaac6f-ef42-4718-a686-819717f5f6c0,Mnfnegxhktu,true
70dbaf4a-d43d-49a4-ac5d-ca6e25dc68ef,Ecmxxorhjwm,false
43412b95-dceb-49c5-b824-477abd2f1de1,Hqotawe,true
526a7c40-e899-41ce-80c9-59710ad8fa03,Patqm,true
b20be7b5-25b4-460e-9890-f7f8e22d9335,Tkgirkxiw,true
0c5ac5ca-299a-4bce-aaa5-c61659002cce,Jnbrqibzit,false
49ec876b-1dfc-4505-9cdd-6b938cd37b71,Pgmx,false
923edfe9-e169-4bff-a33e-cdf51b49ee9f,Dcwmddz,true
d105e260-ed98-4d48-bd80-9a5ee7026f50,Tnsrqmk,false
cc06c6fd-596f-4eb2-8d34-c9fd348dd77f,Bliopurdlvhztg,true
5a3acedf-4b93-4913-85c2-fb47af21c47f,Opcqrwkdri,false
5f8f5831-d677-4cb1-9e6d-18af45b57a26,Tlaipfxzahn,true
3f04eb9e-40d5-4deb-8183-5f801b7887ba,Vnoycptfpnpvj,false
a2937498-bb88-40f6-8f07-e40ffd1a8fd7,Jyiz,false
bde77129-bc8a-4988-9e0d-6dff1782bd4f,Qnpn,false
bf446b20-8b2c-4cb0-9703-8daaa08d244a,Ivyiwprm,false
d7d08b1c-f278-4238-a751-8c8affa891d9,Qbksmzqks,false
e7eff803-3e00-45e3-ac0f-14fb8e6b9529,Dwbisr,true
e3500da7-596a-4ef8-9be1-47b940560c82,Kubziqqavw,false
333cf125-aed0-44b2-9daa-3ae98bb05cb1,Qtlgv,true
c5f05c7e-2c8e-47e1-aff4-fb7c0c559672,Ykuxfz,false
0cdb9d46-5665-40e1-9e75-b5fbc732ce1d,Zegiropeghfr,true
c06c3265-736e-4f57-a004-f1511ab85669,Jgdpwhfxlayda,false
f101a653-7576-45d1-9aaf-0f93ac6ee5d8,Ftha,true
1081cfbf-7616-41b1-b0f1-6c713d9c15e8,Xidsbzttujf,true
5db0a8d5-ef78-405c-8730-ccdcc3378390,Ocswnwlolj,false
b0ece904-ebf6-4fd5-b4bb-e0e16488d349,Uttddbizrmwxd,false
808c14f9-3c6f-465d-be81-01306ea06a0c,Wlu,false
c1d28c9d-76b2-43c7-b52b-282ba35a398d,Paeprru,false
4d0134a7-4b20-4df8-aeea-00656e3e5424,Awkhkvltswnlpsk,true
6f393167-43e6-48df-b3f9-f1aa022521f1,Uonakgh,false
a74de3b5-9c8e-4a9a-84be-bb902e7b6401,Bjapeuskzcamijk,false
5f6fc798-3f8a-4667-8b0f-cc12bdf139a3,Zpf,false
4f7a962a-d3d7-4272-aa52-a907a575789e,Cynplrfpdz,true
ff407160-9d9f-403c-b08e-715510242cd0,Sundltnmkg,true
323a3b32-8710-47b5-96f4-7d7b95f9e1f1,Qgwicdauqo,false
80f302b1-2b38-4ef5-b864-ee84219ddcae,Yoiic,true
8690000c-f358-4543-b90c-9e86b4f17ba3,Bfydekcp,false
8124c1b9-04a4-4e27-bea7-4287a8fda39a,Tiqhnnff,true
8bdbde3c-916b-4ff5-9725-c383355d2004,Vzyaxjjua,true
2fe64ab8-791a-432c-a789-133c17be6594,Wbqorerzoatk,true
f8886018-44b9-4239-8e07-df74e7d44693,Lgyorv,true
990ab397-8e25-4ab2-b805-698fa5d881fb,Tyivd,false
838efa92-6a88-4102-943b-9be1f4892dd7,Uemtjwiqvrazm,false
f43a0753-8c10-488a-89f4-b5f7d5c09c0e,Mxdszd,false
11e0b72b-056b-40fb-bd85-761e9dd80206,Ntralvrlb,true
0159eaaf-5e4e-4d3c-8000-61e3c17760a2,Grstkjcuq,false
e69481a5-8c10-494c-8337-c26d7802a8e4,Ronck,true
e4d6a128-12dc-4271-9860-8a2c694af906,Vdigkncgitljop,false
b29852ed-ee1e-4793-90df-1b049177c89e,Hmjmworihiyedi,true
bbc4229d-8e49-4145-870f-dd8050a5b440,Iod,false
607875e8-2b85-433c-84d3-f9fb909ca4f1,Ixjuhs,false
6aaed1ba-eeec-482f-81ae-3d449da3d46b,Sffcauge,false
bb501ff0-25b7-44d9-b9cd-db2602725e46,Mpor,false
1e688d80-6593-4a70-b098-5ad68c2df9a8,Ikx,false
cab06762-efba-4ace-ab5a-e55b80b9bb8b,Diwrtckuztna,true
1f970634-00e7-43b0-943d-017dc3d9b017,Bcsurrdtg,false
ee932aaa-3213-4d7c-b8a9-b2615c97610a,Ywxvyor,true
c76feefc-0974-44f7-96a8-8215315b29a9,Uou,true
2eed99e6-ba1c-4fef-bc38-c1939b89f642,Ngoexqdmqepp,true
0ebe1e6f-be77-4aa3-8990-dd2f66eb9f0d,Pxpxyacbopssh,false
fc31e4ad-6c81-4e8a-86e0-91a7b9d1e09b,Iwbauns,true
96f91bdc-391d-4d7f-8b9b-4a5bdb3d0358,Lgoxwx,false
1f6b8670-720e-4df8-b32c-89f71541f187,Owzzceqwxvupb,false
a4b5e1e0-8c87-48db-a660-bdbe11c9e141,Fdhowxjdcwoix,true
045cfbc1-defa-497a-ae84-77f0aab4b322,Yqvwoqeg,true
9b5e57ef-cf0c-4b12-8c62-c71658c0570c,Shuurf,true
0197cdf3-4d9e-4769-88b9-c3172032d346,Awgigelvfplh,true
8357cb7a-7317-434a-ae00-82a648b4c14a,Obmsiuwdvprch,true
9d11a20e-7716-48eb-aa16-607df8f5d341,Vte,true
d0a08077-4378-40b0-b62e-e5342b674040,Uzgqahkzhnnrsj,true
f0ee6b14-f837-4446-b9d9-ef02ce7ee1b0,Fbxj,true
0fc1f1f2-4ea5-4b46-97ee-ddca7e522009,Vxeauuvaml,false
8d2da4f1-71a2-4f26-9926-9612b25d78fd,Axciu,true
66118c3c-8557-4e91-823c-0516f3b49003,Mat,true
33bf2b27-a5f6-4fc8-9ad5-bdda9b20e4f3,Vvlutlx,false
9d5e4268-3600-4d6c-9fbf-78754be36ced,Nccvgyxpgkd,false
caef8f1d-3d49-4d4f-8f10-969061584b10,Dyhcwx,true
cf1374ec-2f9b-4040-9c2e-95536e5e6bec,Sztkpjsrwygtpd,true
a74a994d-2acf-4851-b9d5-11fa9690b737,Vgqv,false
8bc16bff-0854-465b-b5b8-0cfa472c37cc,Alivhqitkcjhnqn,true
7718e53e-8ba0-4e50-a8b5-4aeea2ee5648,Qkwciyu,false
490c5c1c-b2aa-413d-8920-83095fa5547f,Cks,false
e73d29c6-c09f-4514-8db4-9294b963ed1b,Hixa,false
1b7c2892-0db5-444d-9d23-5f5b81c71ffd,Fjagxg,true
5d9a03a9-578c-47fb-9ab8-0371dd2b3596,Vmijbhsioyn,false
991b00b3-4c18-42fd-9094-d2b9768c9bf2,Peauqieuvu,false
313b489e-c3dc-44fe-9675-89172c21233b,Yhg,true
e519b813-6207-4a1d-9dcb-a744c24b953e,Yveeycktaart,true
ee57ecc8-fad4-43a8-826c-71a48c752304,Sliz,false
848d7e6b-e7b1-4c59-90c9-1ad49613cdc8,Pxzobful,true
6257ded5-5baa-4b88-89f9-99ef74b0579e,Hhgulnt,true
569081d0-927f-4ef3-b185-188024ad5cb5,Mnjglmqig,true
5dc43a91-5c38-4048-9d74-59fb7ad6354c,Pgvuufscs,false
fd06b7b7-9e10-4429-aec3-7c008a24e477,Bucqqbeywan,false
5175e18e-761d-494d-83ec-78264d9ac211,Oji,false
96520108-b854-41cd-915e-0c97a3f489c4,Rkfzakwaru,true
b9e9fde9-8aac-4b63-a6ea-f92b483363a8,Foaendqdrme,false
8f4ecc53-dbf7-4d16-9a6f-a1e35a6f632a,Vgxztf,true
3097621f-5091-4000-b442-fe14a10d0230,Xryq,false
d2ec144e-c2fd-48ee-97e7-f61dbe59373e,Alioaadatuvyoa,false
973e7a83-1c56-4e2e-b263-6bc26bb056bd,Delbtrixpt,true
820e352c-951d-4d54-afb9-d183ebb771f4,Agunqgzhsbxnpgz,false
127c4336-1320-46d1-b5f9-83d0853e72a9,Goyekna,true
5e4781bc-6ccd-4f53-b30d-67b263c70112,Gwqnaauhdfxm,true
5c2a54b2-2dcb-49dd-ac8f-6f5f55ecf87e,Htpurjgdghuwzn,true
f4bf40fd-eac2-4692-a316-c3d613a96bcd,Pnjlnm,false
a4225bda-8d03-4e40-86ad-82005f071deb,Jizninvnkiivd,true
9aa96061-0d91-49c6-bd24-9a43fab2edf8,Dlscwmfitbbrln,false
4dd29bda-a6a7-4422-9274-74348f1281f3,Iytjhimsxqwfze,false
be9bb5fe-a726-4a18-9fcc-fba83bc9e2ea,Sfqbxco,false
5e5145d7-7fa3-4edb-93d9-2f1750139d3c,Mylsypbxzoroenu,true
67c48990-5a64-480a-a8e2-ee32a8df9560,Qdiinwcn,true
aa298ebb-098c-4f56-a4eb-f474b4d76295,Tqnjzsa,false
14fa1996-0543-4711-93b3-9480c2e9793d,Txgibgwpmzkc,false
0687c9c6-b2ee-4ff2-bac3-6e76e75a25d0,Ngbutlpcodnuqb,true
e1315239-dc21-4b25-a853-61a9388f2d75,Xpgwbqijfqllxrq,false
8f466ea5-edf9-4802-b81f-860942c84caf,Mnneylw,true
7a0d0857-f0b3-4c23-b81f-8e4a2bd663ba,Jeupjmfn,false
ac33311e-5ef7-42b5-bd43-3234e41a00dc,Vgrpr,false
4ea0b9b6-a03c-464c-9b0d-38cd4ce1c647,Yslnjepqyljobb,true
d129fb4a-55fd-4287-a024-147dc43cc5aa,Onwmsbm,true
16ffe4c0-683c-4492-9385-821618fc164a,Tum,false
8e95bd52-202a-49c3-a1f3-c444c2c49175,Hgr,false
d0ca8543-3203-4fd2-a76c-b0b900654e06,Fdruvez,true
8c9790f4-222a-4f1b-90b9-d67a6b3d9041,Nrksbxtdrmna,true
f1ca071b-c4ec-4fb6-af65-2dd3f9126880,Yrbweee,true
35e8bff2-e583-4b14-ad81-6ee4001248ed,Aulpzh,false
eea3c8e4-d0c1-4c72-926d-35bd8dbad2de,Edahugsz,false
cf2ba7ca-f544-47fc-b46f-0304929dc20f,Hlbiqzz,true
2f1977e1-ad88-4dda-b589-55ed671ee239,Qyfu,false
179f4c71-831c-4990-9d82-a104f31d6cfa,Sryxrbali,true
a1ced126-60d6-4422-a06b-a272c6925365,Xhu,true
83d95481-e338-451c-a66e-1b8179f34f0d,Bcgbn,true
f605d832-3c9c-45a2-8a15-ad1f950d156f,Trqiannyecdlvh,true
4470e9a0-6bc6-45e7-b4be-926154d5ff25,Pvcuudnl,false
4097c860-ee06-4ded-b944-f1f0fcb01172,Zwm,true
3cc4a6e3-9ba4-4163-b637-d984123f1d18,Jddkfwmebjxdi,true
5e34ac62-d474-4c19-b1b5-461af28b8ce5,Xfkt,true
e27f6171-993c-4bd6-b3a4-51dd1d1ddfd4,Jfznnfjnrhew,true
a8073f26-a544-4bbf-ac43-d5649202ba93,Nnpec,true
3bb24372-1972-4173-9899-2ceb4815fc45,Pbfylvcjxs,false
cbc4ee08-18fd-4cdc-8655-8f0af7b7bcde,Anmzlazcyterin,false
22cb69ac-9051-4bb2-8763-77cfb21a8c6f,Skbdyhkfj,true
66f8ee73-9884-4880-988d-2762a2b544fd,Yrcqccfnz,false
e7830a3c-7422-4c65-867e-2ee8dd848503,Jsnckffcftzjg,true
30f879e6-8687-418e-9e33-9d82c010774b,Mshkrrjdc,true
39a349e8-6399-4584-afe3-5e3e7fd23d96,Iftf,true
85b2cae2-0419-47c7-8df9-5708ff083b66,Pjzt,false
01d8ef82-0f50-46a9-a75b-fba8b00ccaa6,Agnztlx,true
dffeb3a8-ae24-4a6b-bde2-9226bc56fb5b,Hhubowan,true
878382e8-afd7-4c6d-96ce-707aa21fbaff,Hwai,true
a12b0f35-0d74-4b4b-9974-3cd0eeba6426,Dhay,true
c823a469-18f7-4498-9f03-e82b01bc041c,Oxnl,true
690ed518-54f8-4477-8a6a-ab8ba41fc0d0,Hrwhz,true
8c3527e3-c4f0-463d-98f5-b8415fd12f86,Sympjzmd,false
f60ec03f-982a-4e45-bda7-fb6399c91687,Nbhwkrhen,true
a7ca15bc-a161-4a97-a08f-0b0586059ed7,Oectmenfofjkqra,false
70f0af42-b4a1-4b51-93fb-e08f634e214f,Bzwmclusnojaegf,false
7dac7b70-99c5-43b7-8028-30b86236713e,Keiqwzo,true
12e8b9ee-04ae-46f1-a164-0a8dca8ce31a,Wgxacmsxue,false
52c78579-1b6c-422c-b1ab-526b7f52d9e4,Obpkrwgp,true
20b1105e-3023-4c33-9c55-bca351adf3ff,Gzi,false
d1a1a35e-af89-429d-ae78-2d1b0173469e,Smjlcj,false
ed2b20de-9a25-4766-8cb1-df0d01446c25,Iwh,false
f6422973-bd68-4d58-8d16-1d4c2252fd77,Iopdflajsmvliva,true
913ddb67-9790-4452-836c-6a12a0f1754c,Bshb,true
27cff396-210f-43f6-a74b-5a96694342bb,Tkhwitmupbau,false
b6f19c49-044e-4bcc-a410-0fc973bcdd77,Mwleeymuukulv,true
cd9889ed-0676-4197-8de9-3f1127d5dfee,Httsbqyczzxak,false
463a07ed-983d-4b7f-8841-9c7ceba76741,Ngkegtpvaemshf,true
e4bfc69d-518b-48f0-9349-bd6d37e1b589,Goas,true
bb714987-bb21-4529-8fe8-4b99da4bbacd,Tlrfmg,false
e842449d-f62b-4c64-82eb-efb14983a54d,Oroiiajxxuxwogq,false
5fe2a01b-4041-4273-b5af-2df4ab5d9609,Sbxvvfi,false
ac2b5cce-0820-4c04-a396-2d09319440cf,Uwjdn,true
65531c9f-1e36-4a4d-a75d-2c66fc47746b,Rltqffh,true
55596f6a-2042-41dc-a09c-96b1fce1386e,Qqnbs,true
d4cad899-a7cf-4747-ab27-64ef1cc4226b,Ewltgruzrao,false
a9e4f18f-b9bb-4006-a6b6-edca07e6d527,Ktlf,true
5510eebb-6d15-4c20-87ae-9b8542ace663,Dljtgmy,true
18644003-ae01-4bc7-92e6-fecea8ffb711,Nvqipqutinor,false
c2e96ace-b584-4cc7-90c1-7da0c5ee7ab4,Qfqpujrqioxieog,true
bc9e56ea-0bc9-44d4-9d1d-bd4c7854f96f,Baswdcfvgw,false
47e1fe1a-5055-4a19-819b-f0c4eb972627,Plpadlluroo,false
a318231f-af18-41c9-8a9f-f0e2ce992e0b,Zuakvz,false
63317f7e-59c3-41ee-b1e4-81806d27c8cd,Qnwmepqixzricsk,false
e8c4c9a0-8478-44f0-9959-51f43e31346c,Fjdu,true
be8bbc68-36f3-430a-926a-65ff5af0afbf,Qinrtutvckecfc,true
fccc0807-6cf4-4b8e-9d67-4d1626ccdc26,Ptlkxxrwi,false
c0086e6d-3cc2-48f4-872f-96dc79df719f,Leemrzb,false
19369f9a-8ff3-46b1-92e1-2d030821e917,Lczusqtkef,true
f407d661-8761-4ead-b76a-68a6dac22f16,Pasyzuuhxmwdzet,true
9046c471-502d-486f-a72f-4d9f577f994b,Lryloaz,false
778f54ef-9598-4baa-8119-0b55b3707b9d,Kah,true
629dd0de-1188-48fd-bd93-a5fb35f9d075,Uvcvxjvp,true
6f45b788-27fd-4da1-95c7-c1ea4bddca69,Sge,false
8dd46ec6-64a1-4560-af10-c00ddddb0425,Jrlrijcksjnt,false
43471240-f025-4b08-a92b-cef244b07e2f,Bevt,false
d451ddf6-699b-4da7-9555-762f0203da58,Ojgpkydjod,true
7d271d3d-4e65-4ac2-9302-d0387b7515a5,Ggftstx,false
75f6b131-748b-4b90-9fb6-1a7b3bf1c5d8,Xbjmagnvnhzprnf,false
da2d5d7d-3632-46b7-8726-dc99b4439b0a,Msggksvbiyyxf,false
06e826cf-c94f-4fe8-b269-c604955930d9,Oxxzlxkn,true
69cd5430-6540-4330-a632-799dc75c9678,Aofcdxj,true
a60eee4b-26a9-42e5-bc1b-36750e28fb71,Wfd,false
ad52632c-fd53-49be-bac3-67be90918e94,Byyocnltxprxy,false
be092042-9a81-4d2f-bfb1-70bc40cb7759,Upmorsd,true
add545dc-bfab-4fe6-88a1-9cc25e8e26ee,Gxifzhogf,false
1d90dbce-f711-4c54-afa4-386e42cb9e23,Lez,false
758780b2-7c39-44ca-a64a-5db459641522,Rqzjvjoxvmb,false
567a4445-64b8-4c33-8493-e461000e3060,Brqu,true
4ec823d3-5ba7-4f4f-b966-d4fc79080506,Yyszlpwcrtnjdqh,false
38d9bfb3-9175-4d3b-998f-efe01d4e50f2,Qaqovjcguif,false
3a5e8859-ea3d-451a-84b0-b04ca84df826,Tzkjxeqdtcl,false
f0ddba37-946c-47ba-b46f-bfa16a7dd30a,Fbdqcnj,false
e8a89dba-aac2-4374-8e99-32cebb04a8c8,Ymuo,false
9aee23a4-fd6c-41de-ae8e-c6631f26ceca,Amwojfsu,false
696a057e-c093-488b-941a-1dbd58e2a2a2,Srfgiuqlv,true
6564c689-b74a-4323-8baa-25360968b639,Osmcqabi,true
9919a3a6-0c75-4b22-b2ec-fbb089b7e32f,Emnrgtyp,false
b51fcce1-3296-467c-a7c9-521e7eee7056,Sslaxkmpfzqhqnq,false
4008bc77-a855-4a0d-93e2-41d73a82c277,Prhmjqyvkmd,true
5f490f51-edc2-4ce6-a8b2-59b5f7adcc69,Utwgrjmr,true
c8be3510-7b29-4c70-842d-a9d2a2d9e9c8,Ofvhsvg,false
15deb7c6-c2a5-415e-a2c4-2b1a59ce69b7,Vsgqcrwgqoiz,true
0b9868a5-3613-49ef-b907-572c02bc3634,Qqpaupmjlsu,true
dd19340b-81c3-45bd-ae82-f11a1a420e35,Ykfnerqteawnyod,false
2f4aa7a0-f512-4d28-9fab-1b0f218b6fff,Sluyojvjefato,true
c54c7fb6-2703-4217-9b8e-ebe99e838ef4,Njaddxbekhe,true
dd3b2595-a4d5-4934-83e0-afab7cf6a986,Yuozcasa,false
70cd5e92-21e0-4aef-95ca-56d5ef88fed0,Urgqfyntfpti,true
229320ba-e99a-42e1-ae3f-3acd8279e70e,Zxfrfuqkd,false
a2662b5b-df07-42d2-97c9-fc5d9cef82b6,Hcltvjwjqflxgpl,true
c81e4205-aa7b-477c-aa73-cbf2bfe9fba7,Scuvxh,false
43a6efc8-0865-420a-984c-265081b0f7e7,Nbeyegmiwlqsncl,false
ead5c1b1-81f1-4861-a9db-c25c911f85f1,Bswafwgnp,false
d53f7075-33aa-4781-aae8-70f9e8dbc296,Nax,true
8cce359d-6a0e-4c2a-925a-9df72476ba0a,Okcyozhjnex,true
3785a073-ceef-40e8-88f1-13257b838ab9,Knbvtnn,true
3be3ff6d-0de2-4d22-bba0-6d394e4d3891,Rhvfwqzzjlfi,false
7150b592-03d2-43b8-a643-b0f928f8c713,Bwdnsmdpmtw,true
4a923228-c5b5-4864-9f87-afd57ded47fa,Mghb,false
9b71dc78-2eff-46ad-890a-9cbff633f63b,Npunhgitv,false
b274df5a-4264-409e-8706-7f747f6abbad,Fuuodg,false
f8a86d09-5140-4921-8964-5ca4ddddc3cc,Fmnnsevktdqamnq,true
2bcd49a0-4899-4509-ae68-8f9f19e854d9,Nwiw,false
744ad15f-e8bb-47de-83c8-56250cc1aa08,Fbywp,true
31f63a11-0aba-466b-bca6-59ec3761b64b,Venjbvhu,true
17d1efc7-813b-44f0-b524-1caedcd7f533,Uuepbjqd,false
05200281-079b-45d4-bc95-644950ddb843,Mdbentfmdgbfa,true
b119ef28-d234-44bb-bf66-c73e22de26a9,Urcfven,true
2ffe637c-984d-4fed-a9dc-5653bbd7ef05,Zqljuudvugtolu,false
dad3e72c-2df8-40a7-97a0-7e5d465eb1e3,Xchoxvnytbz,false
f57ec6c7-701d-4fa5-ba98-809488aeafaf,Vyymtezozdarpl,true
96f07e49-4b4b-4ba2-9108-ca2c9f784e91,Gtdzpqzybke,false
00213b98-c2a6-4202-9caa-3fb913e3d9c4,Neumn,true
75c8dbd4-811e-4913-bfb2-5443cff212b2,Ztjcm,false
096bf27a-709e-489c-9700-ce315f04767c,Unflp,false
d703de94-3971-4e1e-a7b5-9d40c6d52d64,Vcerzzlmtirmp,false
8f719b9e-4ffd-4064-bb97-2fe6af58633d,Biezvn,true
0c19a306-2119-4cb0-8122-ab452f51fddd,Gpxa,false
201dbbbe-f547-4f3b-8985-7ab075398122,Pjw,false
f48269a2-aad1-470a-979a-c27da5e53b48,Nmtgbjdiam,true
3b7899b1-83aa-4001-9713-27bbbf4e6654,Kaidqbyvpb,false
8346115c-f3a6-4ff1-aa1f-e0a07fe61ccd,Euhnomqst,true
e24b9579-3d50-4f5f-8611-8dce0eab9883,Dailspwvzzteb,true
4ecbe54d-5d0f-44c2-8120-bebf1444cee4,Wvwbr,false
a8f88f2e-e339-442d-a4b8-b47d1a399dd7,Tvexi,false
26400c54-9398-4ce5-8bdc-b8ae9bb1fde0,Epvzeuqqheqwr,true
1b075909-19b7-47e5-acbd-b395f2a8c971,Ufviic,true
9c1026bb-8f71-4733-adc0-13b01ce40051,Lticdd,false
eb4d4791-0f5c-4614-ac48-4a8498c40cca,Dxdn,true
326e9cf7-23ef-437c-8d3b-714693bb954e,Xzsfevdkq,false
3011be60-75f9-420f-840c-874f9a7c0a32,Gzupridbjxv,false
cbbaa4cd-0301-40cd-9a82-5920186d6c51,Bbedtjibcbljgaa,true
5972a8a4-9426-4e4d-88b3-0cd9a5f5fae4,Ifcpbzkshdsrphz,false
294f3d95-b330-48de-9e99-9f7e56cda8db,Kofcvuqksnhk,false
114ff681-da93-4414-af54-f5d9c968cb9d,Driadunsngq,true
5ec852e1-7594-4b1c-ba9c-f11be0e19b3b,Jrcmls,false
936d1458-0825-4d78-9c85-70c10ed4cc2f,Eydwodvcr,true
71c7621c-afbd-4ee7-88df-312105a4758f,Wourhicflxeys,false
b6d2b652-ef00-4979-b240-c2dc93dd37b3,Wmhlsccwrnqpc,true
5b4745c7-92e4-4731-a516-827b64a08ab1,Bhorpgwtiv,false
8d745b89-a47b-49c8-9a5e-27e0e5ad232a,Elxffn,true
14f1c2f0-27ce-455b-afb3-e6f3e66afd8e,Gpnwypvltcnplod,false
bea27ad7-2420-4fef-b80c-cb01512591fa,Astoyr,true
ae9d5e90-1580-4be2-a8a1-573f8fd83411,Oxejhqknztiwogx,true
838a6528-f4a6-4193-84dd-24a83b62fe3f,Ygnieaefhrc,false
b18853f4-1192-4cdd-b3b5-08c904229dfc,Xlpwbtrtl,true
a355d24f-3c96-41c7-83f7-d7b829edb4cf,Dndbvwbz,false
192c7ea4-ef44-4368-a7f3-afc7c42eaebf,Osuddxwsomxugcg,true
77ac26c4-9ceb-4d19-aa78-72bc2bed8b32,Coyt,true
554f86a9-d2b1-4e23-b0f2-eadd94e8979a,Apsmwikdl,false
d6e6df81-c520-4315-8a64-dca142e78a53,Many,false
76c3b9f2-3df9-453a-8dd2-4cb9f6f8c515,Rzkmibk,false
e42dc065-a26c-42da-87e2-95a9e800b0b5,Momnrm,true
fee2de32-4983-46f4-bab1-8026d9c1d242,Fflellkhqjp,false
f036c3c6-3ee8-4637-92a0-3f27cf9db5cb,Xtqrockgkjfokc,true
43424dc4-f272-430a-a0f5-fa7f2f83616f,Fxdjkvo,true
107ffa49-f71c-463c-8347-60ebf902b7f1,Uuzlosjgrgc,false
53dfac11-165d-47e5-9ee6-1630362efb25,Osl,true
5d861fab-89fc-49ee-b72d-8d705d4325ba,Hzegbgpyj,false
6a1eefeb-d6f3-46cc-977a-b247433d3985,Fmvcewpqpouzbdn,true
a3bbd2b7-2e90-4566-a13a-e638f9971ec5,Hndanx,true
09fb6648-dd78-4421-a707-6f553147b4a1,Zku,false
e1f5d141-2a5f-428b-bce3-6ad27bbeda03,Tpcspvep,false
949f7e6d-45a8-45a8-9bff-26564a608a36,Jxxfnduoya,true
8748b4ba-1980-4257-9d93-111e414d6f5f,Yqjtrxelno,false
ebf4f54e-ab8b-4a64-a93c-179421fd5b75,Wyyvbmivhvsazj,false
94e05ef2-1dd0-424c-94e1-7afad1efeeff,Ohtodgvhsvai,false
bde8973e-61d4-4149-a960-e7f423b07856,Pngozvo,false
bd4aedef-fbe7-4f7b-a8b0-f643508b86b2,Albubkjeuxswxga,true
4726355b-9bc1-44ae-b0f2-7489519c4b30,Odsuyabrdyqwvxa,false
563df1b0-ed04-440f-8e41-a3103ac749fe,Jlxdbmtuvrjeexx,true
4e99b155-0e06-45ce-993a-ab9f2dc4a3d9,Zzp,true
5c119d6b-a1af-4efc-84f8-c532aa6cebc8,Mkwcpvycqfwiew,true
306699ef-7403-480d-87ae-3a243789efe1,Oalxlzkjf,false
b20a7b41-ca36-45c8-b8e9-fba53ab636fc,Gttggqwzavr,true
1d25ae6d-f00c-4eb3-af59-bb1708824485,Qmqwwk,true
79d264c5-192b-4751-b4b1-b5956d1c3865,Wgdctwhtjn,true
3876deb3-c3f5-44db-8e0a-f1a4a21bcef4,Vlu,true
551d7a73-95fd-42a3-8f48-853885c8f2e5,Kltcjiqu,true
0ef9a60d-8cbf-45d2-87fe-680a38f0b7d8,Ashbbzpfusufoq,false
14336278-6032-4c68-8b91-819e3d5161fd,Onbn,false
322343b0-dbf1-4357-b007-07b4682a9441,Osdhzp,false
8541df5d-d6cf-4a7a-955d-a9b490fa6f09,Xmlwbtw,true
406e08d5-d420-4b33-862b-515a2fa5130d,Fibmvlvqtdsepr,true
94bedd69-27d6-44dd-832c-2a37350cfbf7,Daxuzhyvebmwm,false
b9b4665c-49d3-4077-8c79-7cd1220acac1,Ytsvhflwjyr,false
cdfb8385-dde6-41af-9481-7a3afd335a7c,Gzbucnkdrp,true
9fb03ab5-c4aa-4a68-b03a-40eb233084c1,Zdcnzaocwx,true
242bafa6-d5da-4c36-a0b5-3a2b11825de2,Bcngoupppd,true
03430491-bfd9-4365-9199-3cf36869af65,Czemgcq,true
45ce8006-139b-442a-a77e-eed5fee0b871,Cscjzbztozjx,false
37edddb6-941e-4fd4-ae33-02a7f08b85c8,Dzqzevle,false
78eb0386-9d33-4a31-a8ac-576386c4ee00,Vcemzdbbwnkc,false
a96a36ad-05f5-4424-bc5c-a882eba36a53,Jxepfrvl,true
de388963-c394-4b79-a497-c58e6f6e896f,Cslhetdcqpvokqs,true
a94cbffc-b649-497f-95b3-20a111bebbfd,Wschr,true
95b0a6df-6425-4715-a302-8522fa52ddff,Yhk,false
f8d944b4-c5d5-4c6c-8cc8-9196e3f71330,Lbzw,true
420f274b-d07e-4c75-9e84-2a5920cd4789,Odbxxrsmogourn,true
78224dfa-abeb-4bb4-bb84-f99252a37b21,Neijjantiglosew,true
d8ca3061-29a2-4db7-9e35-d8e3b3fa0ae7,Zjkfjnaiiajtt,true
d9fd9145-65d9-469c-ad76-005552af0025,Ndgwxjbhxych,true
a66ba9c0-3ad2-455b-9036-978d2e00d368,Gmgltaepbxd,false
4c56ff1a-be0e-41ae-8b8a-081b9c9c7a06,Dulnyxysotlw,true
568bc12b-b777-4a3e-b6b0-2b7d1fee01b0,Sisq,false
4b915a87-da49-4cd7-a962-357ba61999f7,Dzyyiwqbjbe,false
8a6c0fae-b97e-45af-91fc-6d79ceac0630,Lyqxhicbqmozleu,true
db424d53-0b1d-4b14-9f0f-947433bf88e8,Drxjrvzpe,false
b1621ce4-09bc-49ea-9204-65c85c268b4b,Ypkfzxvso,false
907420f0-aa2a-48db-8454-f951d6db07c4,Tqrkvmyboidx,false
441c5b40-6dc4-4855-8bcb-782c4d6cbe7c,Ptkkv,false
a008ecfd-1788-4af4-b035-34b3c208610a,Njghrbjhsz,true
541debcd-f1e8-4d6f-b4a1-149de229c030,Qtdnecheftgfgfr,false
009e46bb-c991-4c69-8cc5-a7dadf7afb85,Hat,true
4695d0c2-6dcc-4dcb-ae3a-dd8246fc4bed,Spp,false
927c48b0-6f15-433b-908b-2a7f9f664791,Phbwo,true
fd17fb44-492e-4828-9d0e-c449b90c2f4d,Mbnuupdestno,false
724c87bc-3fbd-4445-bed2-173d8f71c053,Gpfo,true
2e5e2401-87c1-47d3-831d-43497b465983,Pwkonwzquc,false
ee7c23da-78c5-4c68-b09d-43ca9b62dcb3,Iscjyoqmfaswlk,false
0f251b03-f89b-4cd1-b577-9957775cb1d2,Gchitbtcbqyv,false
e9314a94-ef23-4300-a320-c15f96577e96,Fhapxodbc,false
e988196a-21f7-4ac5-91a8-fe8577d2baa3,Bvlynpiepvbkawt,true
2f28a10d-ebe3-413e-bc61-097f63365610,Ccbukfnmryt,true
ab1e7757-dee7-43fd-88fa-c98850e3b161,Kifnz,true
850b3b83-ca54-4475-8e0b-e5b376c18c78,Eiikuumutwc,false
7b979aaf-aea3-46ee-89d0-cb4b9358944d,Ozurxoweqxf,true
d450cdd9-191e-4d09-b19f-494c3a3caba1,Penwoatlgv,true
13b28329-039c-4c02-bf3b-5ed8681da8b8,Zejfg,false
6fb1484c-bd0a-4cb8-a6fb-ef917eaaa46d,Uqqshfbxipurm,false
7bc7ef3f-1ad8-4f32-8b77-a0c62c6f0372,Hclapcaavp,true
59ff91a9-02a2-43cd-8875-7baa96979ec6,Mnwdweri,true
91a04fd3-bb09-4fa8-b392-056554e3683e,Ldzjivev,true
24f55197-08bd-4f0e-ab6f-90f622faf5d3,Anchnshqu,false
52bf8bc7-4050-483d-ba63-c33f0840a298,Gmvahnjvgbmmb,true
b4fe91b9-6b9c-4f9d-ac10-eace53df302a,Kjmagcnyly,true
d2133c2f-cc8b-4f3c-b395-dc5c5b25e38a,Igcv,false
54ebeebe-b38d-4604-a8d7-60642caaa15d,Gbdn,false
a4970ead-4922-400f-94e0-5c19308ed7f3,Hqldqscrtjnjalz,true
6fc7ebf2-2bd5-4b55-944c-50c95d393f0f,Oqolq,false
ea5b90cb-73c8-4c49-b31d-eada10f0dd0b,Ggufdu,true
3cfaf9ef-68be-470a-b6a4-41b9921bc2b7,Rxko,false
7fe13b5f-de96-482e-b84b-2d94b6bf5d08,Shre,true
ce67eabc-eea1-4f8f-893e-6850abf02d87,Jddll,true
f0e97c35-6a07-4a56-8b2f-89f1d9267cb4,Dfbzuopdi,true
9719d2cb-95ac-440f-b7d8-68141a57b6c5,Elqtyzr,false
691dead2-8a16-4819-8f94-168561ac5413,Xndsyxdzgjtpfmz,true
9e38cc58-5b1e-47ab-8069-b2b8bca1e10e,Johpe,false
3a4efcd8-2776-4c8b-8265-2afd88112fb9,Byryjxdoxwbqrz,false
d73d7d87-4347-4181-8151-9a0382032102,Sbwfbvaebecm,false
75c09ca6-f9d5-49b6-9ab5-5f839b0e61dc,Ncl,true
210851d1-78fb-4606-8e78-54f62c02ac52,Hmfjc,true
737f713b-c5ca-42c7-8694-41a93f8da66f,Emguohzxmffgfik,false
e38361df-119e-4b58-81de-ca4ef4e01059,Fymvcshiup,true
2f200001-d2eb-45e3-8ef4-f0fcab9c4058,Ekngoqhb,true
2d319705-b5b4-454f-8959-cf90d2f9a3b3,Olhvkihkkr,false
e2c795b2-73fa-4639-b867-1e82556b15d7,Xjdjcijibnru,true
1aac6cb3-86f5-4987-9e2f-b9dbc2f5a906,Cgvi,false
e9f2612f-1cf2-4161-a25c-04786a8bc6d6,Shibptrj,true
2d3b54ce-e602-43fd-83c9-3e837da42f4f,Ycoiutkqlzbvwi,true
98c3ce65-ac16-45dc-80e0-098354493e1d,Btsknvxnzqw,true
68720666-0162-44ff-865f-cd1a2ccec1f0,Sovcpllvdhjcg,true
a4ef8eea-d549-4930-9128-9636bb3eb473,Dlmdggdkiyqp,false
bedbed4d-45ef-4d11-9e29-4e85bb19c7fd,Sflpo,false
e7c579a0-0a40-46f8-8728-54c3ee9beb8d,Ocanpuqqnbhmbpe,false
66e212ac-f6f7-4faf-bfc3-ab3d38becb92,Skolydss,false
8b4b9f06-4038-48b1-9d3d-587c76e99f22,Ejv,true
28d38625-8ef8-4561-bdc6-53f1da6e135a,Ediylbde,false
52679c27-fc05-4361-b84d-e9538b34cc67,Vettmhca,false
47da928c-e151-4211-99b0-c32a16d4c6bd,Yikryzqvyvtkfv,true
4ce5fe45-5aae-4268-9b84-bc0f9e720bd3,Rlxerxfmoyeh,true
91ef6c11-3eb1-4f42-993c-0983081400d8,Wxzuis,false
32ff7ddf-ba57-4a6e-96d5-832fcf5d4672,Zxno,true
f93c6be3-c057-494a-8783-297d3306e97d,Bhrqbmta,false
6d2e073c-a91c-4c89-94bf-33f0f41e5765,Vjknjhnnfn,false
9ec12db2-fc13-4cb2-a033-10f7feaf63fc,Zbxirhywuvlgov,true
8e469ca0-c610-4cc9-b836-2885e7b77d77,Zshhjjl,true
1171d617-5371-4ee7-879f-3bc45fd1fc63,Yewj,true
64622696-85f7-4ba0-ac52-408f598cedab,Qxotompzdjuiml,true
38c89b52-e7d7-4100-8b22-ba288167f793,Kvaozpqqjb,true
2f240234-81af-44d6-b626-88e813888342,Ssjyt,false
4df73d66-3cc7-45dc-8e43-07e360aa0569,Zap,true
6301572a-7a06-42fb-abd5-2af315446531,Acbq,true
28eb7174-708e-44d3-8abb-4f2554eb3be2,Hqfsyxgjxshn,false
4d257aa2-afcc-4100-95a3-eff4cc13cd00,Olqvxl,true
876873f9-32be-41f8-a821-2033a457008a,Hfevcmts,true
9512b967-79af-41c4-bd2c-c83b58c714b5,Tqohsakz,false
0e9e0938-9fd6-47d4-af30-9afa52c9d323,Tsekzinmu,false
23e47a73-289a-489b-9ff3-80444a1cc4a5,Purtcddpfuar,true
b3e1db63-cf16-473d-b410-9044bb306854,Pidncr,true
c418aff0-f77c-4bc7-8e4b-87eac182f157,Anmwdjvd,true
e682b38e-cfe0-4ddd-8daa-dcd53bd52daf,Mvcskmjuktkr,true
b9633cf2-d214-4fb4-a125-2dfddfd4bba5,Hzag,false
fe0106be-68f9-4f26-a43a-5be51282b695,Arzgvqdoeoizq,true
daf59012-e941-452a-b940-64464e905004,Xrlbzbmwihyewr,false
f26815ae-eed5-4d3e-b3f0-7beb2ae2d4a6,Onosfepwxamyf,false
5501622a-221c-41a1-ad7a-242a9ee1da0c,Djl,true
253ed384-f8b4-4e86-a552-2abbe812634e,Ssuwnpeayd,false
5bfb90e3-c918-4a3f-9160-2780d465c8c7,Jworaevngqsg,true
e685a588-917d-4743-a684-4ff964a668df,Rzqgisibskqige,true
e735c00e-f47d-4be6-a5d2-bc8b1f265ec3,Cvcicvixt,false
af4d16d5-3b37-4e46-9a36-c54ade0f2498,Ramqzfim,false
d5598d2a-be48-417f-a569-19e2071518ee,Hhokyvtzllqqxn,false
b39620e2-c514-4d7a-b93b-624c13e2e300,Zxxzdfkljh,false
d60af1cd-e643-4d9a-a168-e017bafdb67b,Mwbfyciw,false
21b42c24-fe28-40ba-b115-f44326cc5d0c,Vkyuvs,false
4e72d1a9-24b1-4233-bff7-40fb6d3314b8,Bcczhcrmfgtmr,true
9943c101-4e38-4992-ab79-41a2b4474c9e,Vcwvb,true
12d7369d-091d-4a2a-a48e-766be19f5df1,Uwbzib,false
6320bbf4-5117-484c-a8e7-77e9af5b763d,Ylhk,false
751e8421-7543-4fa4-83d0-31325ff48d8b,Rvh,true
50e18c40-1e8c-4c1a-a232-3a93a47355a5,Tpjbrnuavosdiy,false
ff070a85-3fd5-45d4-a644-6ab64c2ff0f8,Ajchzfsissoyc,false
1ca6e4c8-1d55-4160-9ffb-7407c2b4cc57,Eltuoxwz,true
604c6d75-52fd-4dc1-9eb6-988cfc6c9d50,Rjecz,false
c30352d7-2e28-4f2b-ae39-d2d656935952,Esdknmxjapgfr,true
46e3a2ad-6f38-4782-a258-790481241c5f,Xjuf,true
671984e5-b340-4fc3-bd8d-e08913cf1424,Hwpfudocqepnz,true
8f702213-2a3a-4fcd-b0d2-8a0f39edaec6,Qrx,true
368bc485-4468-474f-8e57-ca19d0dc3c7b,Emmzzgrpic,false
f58f1f00-05cf-44a2-80ec-9604313b7d18,Tqoats,true
be240b1e-ef13-4e71-a291-6e8903f0b34d,Nugp,false
8739c7da-cf06-44b1-a7ad-27468658ed03,Jyxqfwlqbutz,true
c2bafee7-026f-460a-adc8-3e247fe26fdc,Nhwwvuuoyga,false
e406129b-5c3e-4f08-bd2d-e9d4292fde9f,Egvwb,false
30e4553b-7871-447a-8f2c-515e825fe86b,Ucxcoeibjcw,false
aa754982-11a9-4d63-af56-853083b25d78,Ztiihmzdh,true
5538e3c0-f2bf-4205-8ab4-a5fcb7fe64d8,Rgwhgr,true
56e2d2cc-2ba9-4d3f-a890-82375b2d0325,Yxfzkb,true
1cb3d790-b166-42d1-89c8-33d8a74de634,Ktrscbczybiq,true
0be32f29-619e-4147-904f-6467fce7fbf2,Inmcuhowssgf,false
cc569b87-3043-4dc0-8bb9-b9c5f19ee0ad,Dqujqcmoxxsqpn,false
035db1a2-382a-4728-9c51-9c0344e1ea3a,Lqpniyhotxkpl,false
b576e3b0-0350-400b-b84d-89cf6d607d95,Jsbwuqamzupyku,false
c3d2b37e-5109-4867-8e7c-6330da779bbc,Srycvotxoxn,false
2bd7e18d-2bc6-4fb7-88df-a2541a6dc410,Jhunblexyahc,false
7117c75c-f510-4239-95bc-f4638b16a604,Fnjg,true
928373b2-aa07-48a4-9cab-39c564e54a18,Evpt,false
67a7cb54-ee33-489a-9201-865c08eb4960,Lybkha,false
cbbc128c-768f-4f47-8281-a9e5fe67dd15,Wadckkmzsnldic,true
56c07db5-7772-467f-ae2f-b5101408bfe7,Uuvquejn,true
8742a117-76bf-43db-8c22-a905efc2a28c,Ubee,true
3fd339f5-ee89-43c4-abd6-7f2e754547e8,Wsrimiaz,false
820259e8-a2cd-4aa2-8918-5046737edf30,Bnrxiutwfp,false
cb720a97-a37e-4a46-bb94-f8ed5e083d91,Ifmmolriqmcnyl,false
fdc7b520-3ac5-420e-bd48-7c50997192b0,Bqk,false
cab8393c-613d-46bb-8eb2-e03956cf6ec2,Hal,true
b1ba0e0f-7237-4b72-8a24-6bc55217970b,Uhhsxiefhtvpxep,true
cfbe0a6b-80e0-4b36-aa36-260d3360da67,Yqje,false
a79b51e1-eecd-46cb-8364-4e46b4d5cdc4,Sjcycv,false
80736d98-050d-4e59-bb52-6878c19c30ef,Aapy,false
2152a497-2324-40c4-be1f-50b2c2833341,Cfym,false
e180986f-1cdc-47fc-98c9-11e19581c510,Sbgqats,false
fa51b26e-da4e-4b89-96f7-64a063cc3c75,Uwebk,true
dd9d4186-3809-4e4e-9bac-221c83510fe7,Ebjyqboahewkd,true
48612fb8-6150-4ce1-ae90-5542b4c81440,Uwmhzxeq,false
c20bc01c-126f-4f8f-955d-e07779c7f4cb,Onyvhseofod,false
5f9bab45-e1d2-4df1-afa1-c874329906fa,Fadzvmotmmfqwxx,false
25df136f-368e-4a52-b3a6-1ce1ee3b302a,Famuozbwjctrnvo,false
469f087a-b49d-4ebb-88ff-63deee1329a7,Mtjho,false
dca799a5-d40f-4825-ae38-7825ad68599d,Opfycfxpgx,true
27176d39-a4da-47ce-b8ee-b1b5b1507a37,Vlcymyajbynyuwo,false
7bc55cd5-f60f-41f5-bb45-56676ba32d1f,Klehpolmenhvkd,false
e5c5a046-7830-4891-82bf-7cfbbdbf6b05,Sbmrd,false
8559588f-f7ab-4649-afea-24cb98bc1e6e,Fkfef,true
93b37562-05f1-4a1b-99d1-a02f587226fa,Flobcx,true
924a4c95-bd7b-499a-af83-95b66ee7380d,Wrm,true
183b8d80-418f-44ec-9a23-b30615234bac,Ymxfpziaqkajk,false
5a13e489-e43a-435c-80e9-11fbf4036a4c,Iag,true
1d8f0b80-18e3-4e18-8612-9b35ecc7a1d2,Coaebbjoopqyes,true
3f5c11ce-ce68-4840-a295-872534a8631d,Ywmoqpd,true
cf015e0d-3e30-4bec-8dff-133ff702800e,Xumgme,false
2c2389ca-f2d5-4c32-84a1-8f2eb2842823,Kltad,true
b868b699-b163-4267-8d7a-5c5755d18901,Smmoyac,false
1e95b8b4-0469-4e12-aa86-23f709750b5a,Sgkjmesahzp,true
bf4c55c0-dc8a-4a4e-add1-32132f72cf40,Fvqsvfdmrso,true
61abeae9-0a64-45b6-a600-cca9a68eb6dd,Ddquiw,true
7dbf9913-1a5e-4199-89f6-1b09a1a9c3c5,Ith,false
9b5d5c0d-88a0-418f-a087-3a39788a3532,Vorrimmx,true
8e334e88-dffb-44e6-a49b-1900898d2bc8,Smzuutmdcrr,false
a04f45fc-faad-4dd6-8c5d-02aa7d5ec050,Vpvl,true
cd4f36c7-3f72-4c49-8dbe-ff00e0fa695f,Srzkniocytu,false
55f740fc-17b8-4d11-be6b-ea356eb91529,Ihohszifhtxrnog,false
dbd4d772-5412-4ac3-aa65-13fc82e74d31,Evd,true
51e03092-6fa6-4224-a19c-29245b454364,Gqnkgcsjxd,true
7912d0a4-6f96-45aa-b155-1f39a2ed55d6,Tavhywltaz,false
e7b4f385-f867-4d5b-b27b-03842ccafcc6,Qhtu,false
3c4311ed-13a8-4788-9644-cef1b20a79ba,Mvrafzmacns,true
06a5c303-d11d-47cb-8af7-d12238e754dd,Bgdjtx,false
de0df6ac-27dd-4ff9-99ea-19c3d7e2f5a9,Uspaozoc,true
452616e0-5835-4098-a153-098f8f5e178e,Imd,false
861cb90a-c489-486a-962c-7e239664e0c8,Lysqmgujnwsvse,true
7f3e17fe-6f31-4e82-bfaa-e4a6ff734591,Mhatwh,false
32ffd2e8-0345-4d67-b34b-abc7626de348,Scfq,false
fa30f8ee-eb6f-495f-8759-ef786d29e044,Wijrtpn,true
218f73e2-1381-4461-9429-4ffed5f60081,Hjbzollvjistv,false
1d45a4db-6807-4217-97b4-54aad239c593,Kvoxwgx,true
ecfcee27-6241-4f8a-840b-81b77e5667d2,Qskfjeldzgq,true
f801130f-0f8d-4c97-adf1-b3f068760d30,Fzehjzjft,true
45ce237f-30b7-40ce-adfc-fc19d4401175,Ahqntwqo,false
e3a4af6c-cb8e-4aca-8443-19d2d1eed1f5,Psaupxh,true
c94dd2cc-42c3-45ab-97fd-f4178c2bb9ab,Mqhtgiuovbscra,false
3caba1b5-3ac7-426b-811c-e29a294cee6a,Pvbcqkxlw,true
c046d06b-eaf8-4b6b-98b3-fa8400bdc813,Hcfegwjqwrhjju,false
25f88f47-5c3f-4a0e-b760-59bb1f5681e0,Xcqly,true
137957e4-eb2a-40f0-80db-ed14c63b6dfc,Rgasjhqzsnnzqkx,true
370ad1cc-6aa1-4b44-8499-648d0908da05,Duzjhpujwan,false
2ac92e34-2cf9-4bf4-ac91-742e65710d76,Fflhm,false
e0682773-24ba-4e80-ac10-b6f4112b0240,Ccxkngsh,true
de8a2967-73c2-4e23-9968-bda81862e99c,Omkqprtjocc,true
f70abd40-f313-4c4e-aa2d-831c51ea8fa3,Omhqnnhhf,false
03f31f30-be00-412a-a201-39de6f94d99e,Ndieacvvgjuu,true
af9f23d7-579f-444c-bd16-19544630140d,Fnkhzuakod,true
0f696839-11d3-40ed-a3cc-a56b44b1adfa,Yiqtsfepnsdf,false
4f808bec-4d8c-4be6-a477-8fba9d6efec6,Tyoxgjhuxiv,true
43108d05-69e1-472d-b281-88246a299702,Pljzdbcgdpn,false
d79f0eaf-20f1-424a-8f9a-53d8aebb30a5,Jmywkge,true
c967597f-3025-42a6-86a4-060913101284,Ybgprhsg,false
9650b0de-1581-4f9d-9290-6b2913b84a40,Fzwmh,false
a0a57357-8131-4316-9304-4304a2ef085b,Jxtaxv,true
15c2601e-91d6-4769-8145-fb48944d6e77,Xyxpbtkmzra,true
cce63523-4ebf-4977-841b-b471995c4fa1,Eybeojfhv,false
c92bd47b-8f2d-4e46-a325-7357c27ce3f9,Bcpfcc,false
cf0dfbd6-d88e-4d9b-b5e2-951db1558b6f,Vrrkhfnwfakm,false
b7d6d439-8040-42e9-b28b-dc78edc4b4c1,Ckztx,false
356bf0c1-cb80-4922-8e1f-a4554e28cea2,Ooimjyaxtiw,true
8241f090-e721-4d13-862d-385f0b99b428,Eizsr,false
9e788f38-b414-4220-96ef-783fd5956a9c,Wbwkrixp,true
75951483-a7b7-4eae-82ba-a492b1529577,Zdladeegay,true
635bb319-c286-4de6-8355-86f80573beb1,Jwyjynxldeh,true
ec2cb131-361e-4168-9034-01505dbf42e6,Ztlkweyowqpe,false
f24d9b91-5001-4a55-87e4-cf8dc3967d9d,Iaybx,false
3ff937c4-8ed5-4fca-8ef7-77b6eaf2b311,Fswtopyymb,true
d549439d-e713-433c-9cb1-45298ff3ebe7,Efyo,true
bc49c58f-12e0-495c-92a6-38f457e6d8a9,Nqdxcos,false
8870b19f-be58-4c97-8c8f-69f9fff8fe4b,Fjjpjuxfkxlvff,true
f350128c-b9ef-4f57-909a-c84f83f16603,Jlgolesefexc,true
b2439cbf-eecc-429f-a597-a3b7adeb3098,Wwxhob,false
e7682dbd-0e8e-4ced-8e46-ee60c3d7a2cf,Ohbmwhgd,false
a9211d53-60a9-4b75-84b4-7fbbee307a65,Elbn,true
d1258a78-d9dd-4262-96bd-3edc5c45b8e1,Afxyrllarbj,true
44cd709b-8cd8-41c8-aafc-a867eb390dc3,Ilirssxiqalqtp,true
66f34979-d76b-47bb-b1a2-f4aadf01fa8f,Yktgm,false
0243b82d-9ea6-4ec2-861f-f12f8cada0d6,Lrxvhxlmmffgp,false
4c930ddc-b990-460b-9ad6-e18d6cdd5c61,Riw,false
fb1f139b-1913-45d5-87be-aacae7a5fc7e,Hic,true
974eb7cd-b59d-44b4-b05b-7ace7e954f3c,Fym,false
37e39d4c-99ee-4944-a31a-5625315d02f1,Damfdo,false
d78eddae-0667-48a9-8560-d337d6b7b940,Fgktbukscq,true
59143bce-37f4-4b13-b108-4aff72e83c03,Meusqyjgf,false
346a584b-e6cf-4120-9a5a-93e715b3f2e0,Gotkv,false
e28f3ea8-41ae-4a14-befb-056a4bd4b248,Dgferfnygqh,false
5306d268-9145-4bdd-a50d-b92444809f4c,Ppzvz,true
6f0b12ca-db7b-463d-9d18-dbac7c10ec9e,Jlmwofcx,true
724c614d-0679-49f1-9a9b-27311c1ed9ee,Xtvmm,true
bddea820-e715-47a8-85d2-c7cee8ee3893,Wvb,false
7a0e4ad5-682a-4d0a-ae09-72c372014569,Dyrxkzptrlyqfy,false
61ee8f67-a7fa-477b-99e9-6e95c31000e8,Gvhbeolbbxvl,false
2f335999-fe20-4fb6-af3b-97719f1b55d9,Ketnozpvlgxl,false
0c32b3d3-9561-4fee-b2e2-5171f2ee7b2d,Awctscitmab,false
833f75ca-8a89-417f-a039-bebb8ed57f16,Viszonksiycvxo,false
0f3f9529-9cf0-4e66-bb61-274c9d511faa,Anlhox,false
bcdf557c-daea-4133-802b-248832e67683,Lhqeetakefqh,false
e9b13d54-9f97-40f6-b93d-10663c3528be,Qeodbouvjxd,false
1e97dd9d-98b8-4bd1-b0dd-7e75d344c05b,Sppgiunppdrlkk,true
d53ad391-ec30-4f7c-9130-c9b6fa238833,Rwgcgxpmhnfqa,false
b5f74b66-7380-49f8-b878-e97d902e74c4,Mpkmcw,true
d6b3ee2d-3935-4a29-8afc-5d1c059ab639,Sgdajnjfp,false
282e7160-3249-489b-9f36-d25bfdaf75b4,Zxstvujgqqd,true
b0d9aad6-a6c2-48d3-aabe-9e14527fbb96,Ojhzbbocuxoi,false
199b4247-7e03-4af5-a113-c8fbaeaaa73c,Hxfjhmb,true
c02b015a-d395-4189-8fc4-7742042eb5fe,Ivje,false
c0349a3d-9814-4648-a02a-6b783123a571,Nwtjgnm,false
52fdaba4-0b3f-452b-bf25-f8dda5f72b7c,Zcnlwsafhnynn,false
2af3ac99-1337-49cd-8970-ad9b88db1157,Dxwudilacqq,false
a400dacd-47ad-42b5-a165-89a487dec2f0,Dpsgbcvoawkjwat,false
b5da2fe0-b9ee-4ab9-b598-f10ea8865194,Ecxfvt,true
d6b7cebe-066f-4240-ac08-a374f7b1f5fc,Wnmagjkaydd,true
f791aa2b-9336-4c16-87a8-9aaaae65e348,Nrcagf,false
9e254f11-a95f-475c-a4f0-4bdcf00e2803,Uptraeqb,false
d0c204aa-0a6f-42a2-bc95-b5e75b9ab717,Qscqkfxtyuxy,false
fa997ca3-c6be-4fe7-a27a-d3f42a8b954c,Prvobahq,true
568a20e1-fa1f-4c76-8706-63e4dcf6ba58,Lstmyrrycyelyl,false
d82d51a7-d668-4807-b2a2-2e6495698258,Xrm,false
2c477672-983c-4bf7-a44a-e74fda2f0708,Sylgvpguvogh,false
d2ed168b-2c20-41c2-ac28-a6e6107af5de,Ltkutfjiuwllafb,true
a179416c-b5d5-4c8c-ba87-5e8730e7dc67,Hhufx,false
df502b70-f33a-474b-ba6a-c4858829f5ab,Oxivukhziquvozx,false
8ce1b7e2-8b17-4291-b01f-aa11f08ea6be,Xwbynztxllubv,true
0f53b192-bd4d-43c3-a737-43e20895e0b2,Cvn,true
be57abf8-dbe4-4230-a022-c546ca34c5d3,Vyzl,true
eceb479a-2415-4cd9-9d95-8e2147dc4fbe,Ihhykcwnyg,true
59cf3722-d76b-4618-bfde-ebf1493b9a6f,Knfg,false
16ffd9e5-dc2a-4f63-ae1e-fb7761550ebb,Ziqxialdlecr,true
c3940f87-8947-4fbe-9337-35b52a94ea49,Pzopqkiyalm,false
af80d9d4-2baf-4221-bbc1-e240db6a8e39,Jhvzbptxuqwfuk,false
f76a0744-ae72-4b7d-82de-2f670ab0c104,Aauumcom,false
0f3a1371-b1a5-49e1-928e-2feae7cfd669,Yoeqtaskbmsfn,true
e18bf270-f5db-4d23-a617-72d4fd89c6c5,Wbpghreoz,true
bfb78fa0-a987-412b-a271-92860e2c475e,Ndujudfocxsikf,true
d9906117-1730-40f2-9e1c-b83def2a5539,Zkoqzcbeb,true
b4542170-edaf-4f22-9da3-f05b75821932,Nptpjayic,true
66566886-a55a-4130-966d-5e1cc4b65778,Jkbgrvntcwtxosj,true
a1d9cb05-fb74-4e1e-9b9d-792bb1af3fe7,Oayqsqcdxluxnfi,true
893c54cf-04ad-4b7f-8915-93489731c301,Sfnehglatql,false
c814c00f-7475-4741-bffc-acbb5655dd62,Jiogi,true
adf462d4-2671-41a8-bc1f-b5cf6eac38af,Owrexxledclyeya,true
0dfd1ec4-0095-4191-af74-4dfc4758bb98,Yxmkjbqrnk,true
4281ac40-6f23-46f8-bc25-ed4feef37d28,Caxvlvpvqh,true
d47b8d33-b25e-421f-b411-5f60008103a0,Xxsqfymqz,true
31f83a2d-5fb6-4c90-b66d-c9bd7d405fb1,Uokvnuksnsqau,false
e23875de-4051-4b30-9dde-ea56566b44fc,Whpsf,true
3330fbc2-1430-4a19-921c-7609318be98c,Bmkvt,false
f055fa6f-2083-4458-9964-8577745be92a,Nazkkpgjutzfzm,true
b36db28d-fead-4fca-a08a-d1f887e7f67b,Dte,true
4776ae2c-ff85-4c38-8733-009704fab06e,Mvgyhimryb,false
cc73c79b-26ac-405d-80d1-2ae9f047a2fa,Smxpqkniiybdq,false
ee60764b-472e-4ddd-80cd-fe202f9f0a70,Lbrlgjmeacf,true
23b2dfc8-135c-4891-9e93-ae269d062c4b,Ecvqecarlmrele,true
62f12b33-381a-4d0e-a7b0-b3252574151e,Tvlmkl,false
5e129586-d48d-42d1-84a2-cf264e147c3e,Wsawthacjcjbpss,true
e8d94c08-bc5c-4da5-8fbb-515c36de8adb,Baivloxxp,true
0092d042-3206-4f08-9dc4-db3f03e99b38,Jbothh,true
7206e237-d8d5-468a-aea5-e414c74e4a34,Xpvemcoj,true
c602cbb2-398f-491d-acb0-29b45edf6b57,Raqjjhklkpgui,false
28001a5f-fab7-46fd-b755-b0454105f57b,Ywjxqxwjfltt,false
3a08bd73-e682-46d3-b049-c9b49960f774,Tzxb,true
150f5616-64cb-49cd-acba-ef056ec2f700,Tsfnayntkubpbay,true
0279a75f-f58b-4a72-bef5-78f101acc5de,Kqoxdguihjmxt,true
38b9fcab-83ec-4de7-98b8-01f321f6e913,Vfemckbdqc,false
4c94bbbe-23c1-4a0f-8083-9feacc59180c,Sujohq,false
36d20373-a733-449f-99a8-273e0da28dc4,Ogsdtu,false
163f15cf-d23e-42cf-a618-2ada57531baa,Arxkn,true
6d58f41d-8b8e-4948-9059-a8c64c7a278d,Jolzodbhvndqi,true
2537ae2a-357a-4995-b916-317ba2b15b0a,Edbnrmzdqygc,true
5534ff1e-c10e-48b8-87e5-7157824f1434,Byw,true
6e2d7da7-fca3-43d0-8a07-85ea77e3808b,Cmetynkmrt,true
3a21c47e-ff36-4fc0-b0c4-56fc6dc1e2b1,Cluwoik,false
030ca685-8483-4dac-a4bc-8c1225d57e94,Tsrsmcosylciyvm,true
9e07d0ee-4e2d-4849-a636-71615f90b9fe,Gxvuuzyd,true
7bc82068-8c6c-4cf8-b7ce-0322d1c54475,Ganfxmvof,false
a399e7ab-3545-4f1b-a612-4cf52d1e7871,Hbps,false
bbcdfaea-82f7-40bf-a66a-0d491d503fc0,Ryvlcnol,false
ea00c03f-30c5-4f8c-a100-8b5dafa05c22,Wjr,false
aef48325-a4ff-4977-9ce2-c4162880a936,Ytieyrryzbu,false
8e92958e-8048-41f5-a17f-742b0460db89,Gegvdxvkf,true
6b9a7d55-06b8-4c3c-95df-add28f645ebf,Wdxyhqg,false
65261481-1afb-4aa3-850e-b40f57098e92,Gkwigieotf,false
41a9b161-6b91-45ee-b390-64b738e51d51,Ukfcb,true
e16c8f84-8532-41c4-8528-bf09fdf4f683,Aqcglzgnnlgnc,true
14acfee7-7e52-464b-b5e9-accea7c77ac3,Rwjors,false
bec65c68-7e00-4866-bb37-4e32984d19bf,Mijcdxak,false
1d995df7-65ac-495f-b0f7-2f75b5127fd7,Bqiqs,false
ff912d0d-8c60-4372-bbb6-bc5358446ccc,Qbeisaqct,true
29cca052-8613-4502-a965-9a0b0de495f7,Zpolkb,true
f6d35ae5-796c-4a18-ba93-c28d475b1191,Bnixsscdytael,true
6c88503e-10e3-4c49-949d-733c90612ebf,Tnihwro,false
1a452ccc-82b0-474c-8da0-b35bf013e2d4,Xzgupvv,true
6fd6f70b-7873-43f3-b34d-092bd81edd4f,Tjvknzfjv,false
51b0ff1b-ef2a-45a7-ba7a-7d3f19ca8174,Njctzzvgazs,false
d1b0ac93-c27a-4fd0-9783-954144569944,Bajcnrireo,true
f668f49c-da68-43c2-8229-7efcc99459bb,Vbapqiqbzb,true
e411d7c4-a941-467d-8b78-665c318f78f8,Wsokazpbliq,false
8efcd66f-b2b7-48fe-9d57-5212f46b453a,Qmyzlbvtr,true
395d6b2c-1b08-4d9a-8441-a49254c33f26,Jkgofqjecunso,true
0ee7549b-0313-46a9-85ff-454ddc59526a,Ajbgdsfs,true
4d48a076-cfaf-4741-b490-738ba3ce9fcb,Mwaycyfitowfj,false
f5c8f852-3d49-4c61-aaf4-9b043fbfcfd7,Xqzzpopwygrjyd,true
9f21b796-ed6c-4238-8749-82fa13892a58,Ymuwo,true
cb23d0a3-87cf-4af7-a075-1c1c7530d0a7,Evke,true
31ceefb2-11af-4ed1-86e2-9f8c48c6afc1,Ctxkxytdtyzp,true
40eb27ac-a3b4-48e5-b130-9e13ec76bc02,Cdsnqj,true
9daaa6d5-84b2-40f5-90b6-8fdfd03b506e,Wjbze,true
2cb1709e-11aa-4d55-a5da-f9a9385af444,Fhh,false
c15764f2-fd35-4891-ade2-59f2c9f14d29,Ahjj,false
d47e4e13-e957-4e5a-8261-7a379b05c83a,Obwfcqsjowvyz,true
6303d88e-ab4a-45ab-87d8-8e59a0424162,Urzgpifqngdkhtp,true
29e1c147-b379-476d-906c-f0c27130d9a6,Yfidyrlyhrgkbp,true
f0bf25b1-1b83-4a4f-8f64-0a792e7adbaf,Zlbj,true
4d012705-55f6-4d62-9617-3fe9a87e6bd7,Rmfhea,true
f52f43d5-8570-4522-b6f6-da5a4e610c9f,Ybqq,false
137b2e4a-9b4f-4633-a114-b88d0bb97640,Wqbii,true
f286c4cd-8973-4611-9a40-889768c83f32,Xtuenkzev,true
2d9c110c-d145-4f8d-9a74-9ba462378935,Buu,false
7653d0cf-5297-4bd4-a044-de4a8119451c,Hgdisgagx,true
30e8d15e-55f8-4eaa-91b0-3c2e2feb2b67,Msd,false
fc5b6abd-6415-4ba1-8d08-22e23e5f6201,Yejpyssqtjddq,true
8dfcaebb-022e-4989-adcb-4639c8e61f98,Okqxpdxm,true
6a4e82a0-f011-4945-9575-372fba1cda18,Svieotp,true
d33c38cb-c91d-41f8-91a0-73397b0aa957,Nyeoorw,false
3b83f8f4-d299-4ec3-ae5a-f52d02e752fa,Cjnvcmxflg,false
4138313d-4717-4ce5-b8f2-055312bdb985,Wobkhjgmpdc,false
1aa70e81-f75e-446a-a6ab-b8e9694bbe30,Nxxvdf,true
e9d44d8f-15a7-4184-8066-44fcdd592794,Cvaatiyrznmkh,false
6fd89e75-1a09-42b2-b178-5d832f5e942d,Vzg,false
91e5a2ff-e5a7-44a6-9c7c-5bfe4dcfce41,Mxuauoaesrkugwz,false
80e6e591-0e79-4b3e-b8f7-0d22dae5fc81,Vloal,true
4516b7ac-8e1d-423a-8c59-83df12e07238,Ycbuuzpmcdgwmoe,true
5772c466-0bea-4dc6-ba4c-8da5de6cdb70,Jpsoiqyhslkmx,true
c02c7a8a-0943-4fda-873c-8c9d87b3e466,Epmznrbq,false
f03e8755-88b6-4e57-95e4-ca6673fad355,Wgunkkhgueh,true
3e788c20-7eeb-497e-9144-c2a6ca98a6ac,Dnn,true
aecf0ca2-9848-448e-9a21-170517944268,Zxfrkkud,false
8a4d97b8-f781-4b6a-9c90-6b218d6aedcc,Ogrwcxuybhiji,false
684fb8a0-4c4e-484a-b116-ac80aaaa6d11,Thmgzqc,false
e83d7e38-d6a4-444f-88d8-cde45d82425a,Ljxjgzjwfaabh,false
b900daeb-ef73-46f4-8179-1f2fb748fc6d,Rvoalu,true
0b9db890-9941-4a9d-8a23-8f04863f43ab,Tki,true
8372617b-859b-4753-b662-24ce0a41d272,Yydsytqcjxyiyh,true
aed8535b-4843-4be3-963f-513c69011949,Bouqkjfaour,true
3e826f2d-59fb-4fb4-93dc-29d1b1354c64,Xzh,true
4fc87ddc-311b-4b97-b71b-7b34c380762c,Wlqigxvt,false
4aaf5acb-08db-4d5a-88c9-2ef5b203b556,Mwqpipahdorau,true
6becfc9a-9442-4ebc-8934-b05c4caa8a34,Axrwtt,true
8876b1b4-efff-4e35-a1a7-81a56d1e4197,Xcj,true
f38de8a4-23c9-48f4-9f2d-2a9c69ee795c,Wtnjsgopoci,false
0e58b89e-94a0-42e2-81bc-0d144cd07978,Frdscifjulto,false
f82c6af1-7447-4020-8ff9-43ce3f2b4fe1,Suxfjznzohaj,true
7990672d-3e2e-4cb1-8957-83c417e2eab4,Rvhdyjxftq,true
c655c115-1f1c-4524-a4da-dadf6598ed70,Bxgreyuo,false
e26a5352-3a05-487d-a372-bf284348a163,Exhly,true
6c56aac1-c0a9-4628-b433-b8071a2bd941,Xyskz,false
11a775d1-edc2-4853-9461-4cd0becfde8b,Qvhussdn,true
51c9ea09-3383-4ec4-a01a-0eb2146f4d63,Kpfvicxjqcvw,true
28e02734-568c-4d2a-99e2-7574f0288b9b,Vjfb,false
26103a20-e162-47e2-94dc-ab406ec57938,Urmprjguw,true
cfc7907b-3a09-4795-bbaa-a5ffeeb7fe1d,Hxpsdq,true
5cc853cd-4068-42df-93e6-83129743864f,Uopjjgcvpcoxhr,false
90bf19a5-b7f5-417b-8190-a66caca6c238,Spasascciwxhaeb,false
27188518-c208-42e1-82e4-42f522b479d7,Jldlovgchlbue,true
b2bb8078-ddbe-4da7-acba-d95d1104ffdc,Xvfyiasqybbaxz,true
ace04e7b-80f2-4147-956e-5ddbbbcbdf4d,Ouclapdl,false
3b64282e-cc26-4ccc-bde1-6a2580ecb88a,Dkejbmzkarlxmy,false
e174bc3c-3269-40ec-8842-52d397aba7af,Wngpjrgzwjolhfx,true
3715e858-0d0f-4399-b689-0a2355be10da,Lmdnqqotkly,false
08e4297b-a420-4b14-9e03-78da39aa92aa,Vkewelixrfxoeju,true
e6ab06b9-91ed-44cf-b53b-d49baf1116bf,Yoiykg,true
ad9b1836-c5a3-40dc-aff6-da0324e598f7,Wfugbtncsl,true
7bdd1262-1627-47ac-a2bd-192c243d585e,Edlxori,false
c50e7460-df3f-4717-99cf-ced48f898661,Xatcfedac,false
32616817-8c98-45b9-97eb-d204fa3b9336,Jpcko,false
bd5934ce-213d-47d5-9e30-e6a0d2a19e72,Gkbvjtfnzvr,true
4ee66be2-82be-4157-ac53-7b641bebc4e5,Balzqujhxag,true
0384f9fa-85d4-4370-8e95-967cdeaf1f09,Cbpgnxbukyk,false
55037526-ad33-4af0-ad4c-4b9452ab1075,Xbbxlymxjxytxk,true
8f803567-f5bf-424b-980f-3c194b35100e,Vkz,true
6d865831-40c8-45ca-a6d1-a4c013159d04,Nmvkxgegoevh,true
a55e5fe4-e2ae-4cbf-963d-33dadf93b52c,Dpifkr,true
b306a277-ac92-42d9-abcc-81b6caf053ef,Vvdi,false
a9f1971a-ecb9-462d-a3f6-8d8ad04d08fa,Niztcdowm,false
06e1c96b-b8cf-4ef6-ab2e-7bc322c246d5,Daxmfffcxpmj,false
9a6a67b8-49b1-49ef-bc66-5a78d283c844,Uhz,false
e1e0bb42-3bc7-4e41-8dbb-fd1d5b65ab87,Roumdxp,false
1f9a95db-0c7a-4906-b0c3-f530277d6479,Mam,true
7906d2cc-410b-414f-8b9a-66b90295cd96,Lwgvahp,false
7ef5e17f-6602-4609-a756-9b13710f8ba2,Wvkuronz,false
7b2c942d-160e-4712-a2b7-ef3227e299d2,Gffljeeqbwboli,false
71d8aee4-5e08-439f-ab35-1c127d426159,Kymwaqvlies,true
c57628bf-3d14-4c66-98d1-f9032845865a,Pdmazasd,false
a2d97ecc-c30d-47ee-9fc7-6fb5bd5bb808,Xhgqiyvz,true
475ca106-95cc-432c-bac7-c19615a461a1,Voa,true
0a4da1cd-4d72-45bb-8ec8-84495be40259,Osola,true
41fcc7a0-9ed7-4e91-a5e6-6f86bd334889,Avrvwupzomckn,false
3cee1d62-e3a4-4640-b2d2-1401aba244e7,Uikxengtqbgjhn,true
dbe3219e-e8fa-43a7-8810-085d658d5975,Vtamvpn,true
ff3e6391-35fc-4105-a7e3-d9ace8804fda,Ihm,true
a39936ac-0a44-4c25-8d1a-4caf637e8ae7,Qmwgfhxmwuqweb,false
d1e9d726-3cd4-455e-824e-c519846ed632,Jkvbzjmy,true
20981700-a5d9-4b8d-b625-81e05e0705f4,Wsddzwtqie,true
5a9dcb1b-f496-4fbe-9e61-208b743365d3,Wwvlppkzqlevq,false
1d49de1f-fb75-4878-a9ac-71c886d86542,Bhivfsc,true
63b2d26b-8115-43e0-812c-38084006d6aa,Kkllp,false
080bca81-9374-416b-b430-f33c5479988f,Mvwlecdlpysqj,false
56fa2404-ac62-4b98-8401-1ee63b15a8d9,Dwnnsacdohluqd,false
57787487-2d97-4c19-a786-42a4b103f714,Jbsi,true
73a6b761-87ea-40f5-9837-b5f83078bb86,Spxflvtehqbcypu,false
6a428352-4055-4074-9e28-5c051cac2fab,Sjkwpfvp,true
004fe8dc-ce5c-4750-8558-1e11c072d6dd,Qdytockv,true
6829cfb0-b819-47bd-a7d5-b3a577fc105d,Jsfta,true
509a644d-8298-47cf-aa60-e1a92dd04a58,Xao,true
cf35a413-c145-4158-a6ed-33f328d61ddf,Ywclwqdyuzb,false
15c9a64e-9b39-4fff-90e4-777cab79b780,Fnx,true
1543b3e4-7778-406a-93f7-e42c857bb711,Iczfayhck,false
eb0cd0e1-0bc8-4d02-a5e6-3501514a48bb,Egylusnl,true
32820eb2-3338-4c1c-a28b-4453789f8267,Npmxxhp,true
e0938110-ece8-49e4-b3a4-9e7ff655509a,Mtmkrjvvth,false
c2ca814d-9120-491b-95ba-9ac0d10928ec,Hfaigfg,true
ad68da4e-805e-49ab-9383-927de9033637,Kiqwzz,true
b5210514-1c42-42a3-b374-87e8911aee70,Rxnfusyye,false
7daeb750-0af8-44a7-bdc7-1a28dcc9fc2e,Yfhnbvzmtqvj,true
ad6334fa-d68c-47a6-8752-774fabf6a57a,Lqvn,false
8a132b73-3159-46b7-b505-31fcf86b9b7a,Sedvvrowkbjebci,true
ae261283-0828-416c-a7c4-d1410180ef85,Qdyawpbgslhtdpp,false
3c50e233-9b35-4ce0-958e-1845bb87d876,Jredm,true
439b5ea4-0fa0-44d0-a6f6-74f216d7c55b,Ipyvhauq,false
9df20843-22e6-42e1-9b8b-64c9a0e978f9,Hgbpslzww,false
e29f192a-557b-475f-b7a4-ee98d6f83337,Zzvldhophkghgx,false
53d28b91-f800-47cf-a142-2473b5ef79a7,Gdlhpwsz,true
223d34d5-164c-479f-83f5-7168216b13d2,Tjsdlzupi,true
ea894e7a-5777-4dd0-8422-27fe8abb499e,Lrsrcoidk,false
512925e0-0d8b-4c64-9f31-a5f1097e2c79,Koiqiynii,true
caa8bdb2-125b-46e7-b08d-c97c29b1726d,Vrwbr,true
05b9cd85-7081-46c2-8f98-16e204c511d8,Jjgtjvq,true
52532458-e209-4d03-9902-0ecaa37825e3,Yhytg,true
498fbece-7663-4afd-95ae-a11c01eb1d09,Oejeepytyi,false
84b7ca1c-d56a-4fd2-9da4-fd5ebe07a475,Ziosnlrfiij,false
bf021208-95eb-4e2e-9e68-70086cbf7cb1,Rplwihzyhzqg,true
d690bb67-263a-4705-9273-0ba7dbd6af21,Drvhpdn,true
ead3822a-636d-4afe-8bed-61795e33edbd,Rjclge,false
5eaef337-c6a7-45ea-a9da-24f63d2c0dd4,Muvtkhemq,false
a499d63b-aa0b-41de-bd7e-9e1ca26fb9bf,Jgulnsav,false
c2c0404c-e04c-4e26-9c1f-889caf416340,Fvivkegvuxntj,false
7f57fefb-ac69-4d1f-b397-babad6bcc6e5,Rrlzypg,false
d114c0a6-0e61-4e1a-b44a-3ef7b2dcd1d8,Kqnm,false
aff44279-048b-4a5f-9440-d03312a38ac3,Gdnehyxnb,true
c5a336e6-fc0b-4c31-8ab3-304d4521a7d8,Vhhqpt,false
54d5c6b8-bcea-400e-80bb-5727826ae0fe,Ugupvpqj,false
5890d1f6-7b66-4c66-b9f4-2b772273c42c,Awkufqgqte,true
9bdb035c-bd0d-44ea-b33c-7b9a3116f31a,Oyechef,false
9916fb26-a8b0-4178-b866-ea749991e82c,Pllkvesag,true
6cd63790-77bd-40be-9c27-2ac65dc488ae,Hkvpfakih,false
5fdd6111-a124-4c71-8e0f-00023178e454,Bfzedny,true
8ac89556-46d9-4b53-9463-48030a3e9a4b,Babkdth,false
38403932-fbc9-40d8-af2f-01817ecd3edb,Zjhgqtgjpvmv,true
2cf4c5b1-2b78-4a3e-b1da-82c90079d962,Zvtuoavf,false
76053778-e028-448f-9559-26c9e783afa8,Lzbp,true
32be275a-d0dd-4dff-91ae-06e798603b37,Nsndgrln,false
87edcf01-68cc-40d1-bde0-c6d22321115f,Aervxgcdnu,true
cea2d9b2-f621-47c6-8836-18f6738d8272,Ngtvldn,false
3866de73-71d9-48f0-a2f8-dbca266f2d0a,Aphvsgywygwo,true
166092eb-6b7b-4b63-898e-63e27f517b42,Hdsypdkzvjuen,true
a9983f49-bab1-45db-9883-1eb551602eb3,Sanmhhfdipqed,false
7171100a-25cd-4f32-b236-8ccd83023eeb,Kzxydcuygleedj,true
f320354f-6513-49e8-bb58-550811e85a98,Pjpedkwlutxiuty,true
5f4d5898-619e-47ce-9aa3-550b1185cbc3,Ndeimgzus,true
e355e85e-3f9a-45b8-be98-e442ea3076dc,Fxbi,true
dd0f5bbe-5a97-47df-9171-28674ea15e7e,Xjc,false
7ad9ac15-0c6d-4f31-9d5b-a8fd33b79c6a,Nfhthjocyt,true
77d4a9f8-f40b-4f88-833e-1007984dfc2c,Jydjhcauraaqf,false
ed655f58-6998-44d3-98ec-d9151df0990b,Ngxdbfgw,false
bc15e526-cfb3-49f9-b9e4-952222c2d589,Utjygrlgqzmfrgm,false
05256687-a005-4b2e-82ca-579a2c14bc90,Utuagdob,false
0de6e5a9-ca9d-4dc2-b1a2-19a026603601,Ipeusxbqoio,false
9906495f-8b4e-44c1-ba74-ab644cd84bf5,Ezma,true
8c4710e8-7c9e-4f26-a179-12e71d757e62,Txyiswsxisswb,false
2609f196-61a7-45f7-a32a-fde2c818e98f,Scwfptdoz,true
2de8caca-817b-44c2-b1f4-4bd09e5ea03f,Exmbwwqbqobkndr,false
657a8610-9e3d-40e0-9eeb-475a75eddc13,Yvk,false
b852d3e4-e7fe-45e7-8b94-e61a21e557d2,Nta,true
d0d5c5cc-32eb-4385-a9d5-792e9acc257a,Ezq,false
4c636b08-84df-44e6-a8fc-9fd4f6f39612,Tpcotwxyu,false
5da66fb5-e0b1-489c-8e48-990733611139,Uyuq,false
953cfcaa-b6d0-43b0-94f5-020f62e2eb5a,Tomjip,false
06e9b71a-ff68-48dd-b214-c8ff00126212,Ysjyjjuyzavjd,true
d444156e-5fdf-4eeb-a167-cf5cd0c8e74f,Ehhtwihr,true
eca074f3-96bc-4a5c-9765-195085c42ec3,Uargndqjtiqhfst,false
a94f4da4-c2b0-40f2-8a49-0b0e1d1456e9,Lge,true
89c6b1a4-c796-406b-b92d-b0c3583be734,Qebskwwxpmcsgkk,true
3e0f5b64-6065-400f-a674-2a6f025cecf6,Zjnbmruigak,false
b9d35355-cd4e-42c9-8a99-86f916c9b43e,Toybimptqzmlsrk,true
a95aa9b3-76f2-47ea-b10f-97438bc3b7e6,Lvwgkmlcc,false
d9be0867-62fe-43ca-9efc-b8fc356d60bd,Lafgtvblpivnz,false
b724ff92-7b6d-4c09-acdf-02422bc2ea7b,Sejddrdqofzmmaf,true
a68e8896-4ebd-4ef0-b879-ab0e1d43ed7e,Bjrueppr,true
f1936c94-e245-4d2d-9fb2-54efd57411ff,Ucscgwuslpvdlp,true
d3db172d-3ab0-4792-a500-8b6709ba95e2,Pch,true
66b9553b-69c2-448a-b1fc-f809cdade688,Pshlupxnb,false
ad059b01-5f80-4bdf-9341-02386301d20f,Vtat,false
2068f9e6-20df-49bd-bf41-9ce182cd26ff,Dmrainhukrnvsp,true
e9608ad4-3b41-42bd-ae39-54ee0646b321,Dqpsp,false
2c09fdfd-91c9-4a3c-87ef-2f00b0866497,Dckzzm,false
f144757f-d2d6-4d45-93f1-cbd478b6ac9a,Wqmopbxivleagrb,false
e2b6b18a-91f4-47b2-bb10-61548431f6fa,Ptbkkoaxryioxr,true
3395d7c0-5860-4f36-92d7-2b8b0fb0ae43,Qbpws,true
989ea3be-703f-44c4-9571-ff08b0fc6bab,Wapw,false
ea62b893-09cb-4fb2-97b4-54f8f4353bae,Xclr,false
9a7791e8-b51c-47f2-9f4d-1f14d7441e54,Xpfsmajwwnixsgx,false
65197bf1-7dbd-4a4a-b477-304029516b77,Yrlqvmtplldc,false
deba0258-14c1-45d1-b4e9-0670185a9899,Uwwiz,false
1883d803-6e69-40ea-95e5-c5e574945560,Kcl,false
bb744a95-dd51-4045-b69d-45f868b85ad8,Ewak,false
e19b803a-babd-4d41-93de-36397bb374e9,Xeyzjbgxmmbsjaw,true
9c4c649e-9ba4-4a67-95b9-3561b6501713,Qtta,false
386a40c8-b694-40a4-914f-a4ccccc4cb9d,Eivxytldbht,false
6573a71e-b871-4106-ad3a-26cf81a43f31,Tgvypb,false
a2d4e329-d9d4-483f-9648-394b37071e85,Gpftylbqswmpzo,true
468d3b77-dda4-45c3-b5db-9ebb3ebcd2ec,Cwbzbu,false
cf47c6dd-2aa5-45c0-9ae9-dd565c06227f,Haaqd,false
dde282c4-c217-4a64-846d-9432038b1abe,Vpvks,false
fa857d8e-b439-479c-af61-5e230f6f2b17,Mqglatnesaaig,false
191d8cba-4fa3-41b3-ab41-ec1bddcb2596,Ofiesno,false
bae93aea-64ce-47aa-8bea-9edf3ed13ef1,Jqhweftkvvxr,false
2fe7a0a7-630e-470f-aedd-10f90510f840,Nzdobn,true
c4dcbbe9-df15-4773-9c3e-614a4b46a619,Hsgpyzmpxt,true
6f1e0fc3-68f1-47b0-a933-1697ff4b9eb6,Wgefpyupwpynr,false
409915ed-205a-4466-b9b5-57a7fe32ee2a,Oslldo,false
31b0599e-5312-402c-89ec-52e181cdb5e0,Ajvqhrnz,true
07ea25d6-cc5c-4645-93e1-202a9aa0f9a7,Gkfsrc,true
16be7ade-bc18-47e8-b5ed-22c0fc95f695,Cey,true
5a04fbeb-b844-4e08-a323-9f3c84da848a,Hyxmcuffwnlikk,false
75e19481-4263-43d4-a1c7-674fdb584517,Rbtxionylx,false
b6d6e5ed-e75b-4e04-aa30-7d19dfdcc54a,Mdjqmgoyl,false
9b68e8d4-4205-4206-940f-883ab1b78417,Sxn,true
2665d920-70aa-42d1-9695-3076de0ccd1a,Mfj,false
d34d3c2c-bbf1-410f-a102-34d483dd6735,Nctb,false
5c020a2d-c681-4969-83b4-07b940c1e1a2,Lbwpnindte,false
41074dca-cdda-453e-9594-a871bd3b2114,Dddinlfvhhrg,false
5a07de91-6c7c-4cdf-b5fa-5534a6122b5f,Bpavxji,true
b9f2f7cb-55c7-4947-ae80-4f90ae002a4c,Oomgx,false
3a58807a-e1f5-45dd-acd6-64781eb05dce,Xlbjrsdkyodzrgg,true
8328ea1e-e8cf-433a-b5bb-78587fa21cc0,Geip,true
1d919e70-e217-4334-9746-90d6dd59f7e0,Driyhcb,true
c1f29c67-e782-47e7-bed2-20dce2f57701,Zltwkroyrrptnxh,false
5d91c3fd-30ef-45a6-b0e6-e195faf9929f,Aqvrssx,false
7f427e68-6326-48e4-ac9b-a1912b213ce8,Eodxfnh,false
b673212e-5494-4f96-b9a7-6ef0e506bf87,Bqu,false
ae20d53f-42f6-4728-b0c8-24d175c83784,Ujvxdqdkjapx,true
1f338f9c-99a7-4b2a-9f72-8b24d0a024a1,Pgmnojnotkhoex,true
3cc700e7-a34c-4d66-a402-aa18e26ba78b,Pymzzjz,true
a78493c2-6eac-4e44-8470-4259f34ee3b2,Amwvueskewh,false
0c957fbe-d788-471c-96c7-745d005d2abc,Csndagkqfuac,true
77a4cf4d-f2b3-472b-98dd-f42068010d1a,Pmkpbb,true
cc1da3f6-65d6-490d-8adc-d4a96d622692,Qsawluwwt,true
f8d1e506-63e9-49b4-8105-43ef67c1886d,Xzgearwqdzfpt,true
ab191c55-8518-4b4b-a823-635b350e26fd,Itls,true
91b3fb2c-45f4-463e-a5ec-b123bb7f28d0,Eerfj,true
d4453966-96ac-46ea-aaaa-df825b486103,Btoapvwjlxxqjwz,false
89e2312d-a3b4-4ffb-ba37-ce94ed63367a,Tauqnbgjsjd,true
2f17786a-1584-4467-805f-506ee59984cf,Ntmycvud,true
f3df3040-df2d-4087-8049-6f13064dd799,Pjyllnqryphdnw,true
7a17733d-b2f1-421b-a361-5d99b6b28807,Jghuzevmupmnmcz,true
38b8012d-6cb5-4fd4-b35f-c8197bb13de7,Gvriidozjlqcjse,true
3edd0365-7c25-4f41-8c16-85a63340e792,Rockbjghezoq,true
16c4da2d-0383-4dad-9766-d6dcb844c1a8,Cgeu,false
68143e81-7f0a-4045-8bc1-436005f798b7,Noliubzeaisvxiy,false
d113d39e-128e-49d9-8ed3-f0a9b2b7efa3,Vkrwtfp,true
5dc42684-000b-446e-b056-1e13f4bcc3b2,Lkx,true
dbacb917-d226-4621-b9fb-883b68be4a92,Idvnvibvqb,false
e78da28b-10d1-49a5-8b60-e6305d77e851,Qxcmhrnp,true
138557ba-0fe7-43d6-aba9-896a22a04705,Qbwzcbjsaivtd,true
a1fa5d4a-d2b1-4b58-81d7-f3370cbb91fa,Yesooqd,false
19dc09cf-38b1-41db-8740-7b80de3e4356,Wpwj,false
948e56f2-46b5-4f8b-a9f4-3556de6e2ee7,Bvdqtnpxzuusb,true
3912f086-76d7-4b7c-a0dd-86788a8aa6a1,Wyndiwblxxvuwu,true
49a049da-8888-4268-94dd-51a2f807642a,Cohqrjwchudwo,false
0de8a320-4561-463b-875c-cdaf15e54ede,Begs,false
8f10ba8c-6d2e-455c-a3ba-12a076903306,Hpcre,false
6d243f4b-bebd-48b8-aac2-fd2ae69c11da,Gtr,true
a41a6a88-7780-4eb6-bfc2-91e24746fa0f,Crzcw,false
e18a55f5-5915-404a-806a-826e5c117c32,Fbklj,false
23d27d7d-632f-4229-84d6-60780316516d,Tkxizphvwxhkgb,false
d2f9d385-3a84-4bb2-a371-ed597843f03e,Gdrointncdsmuqa,true
5b414717-58ac-4b64-925a-015a67cebc9e,Ovd,false
99862a19-8243-4cdd-bc48-3b528633167f,Qovsu,false
31242f84-5012-46c6-8a08-7beb7da4f39c,Mythkxuqojq,true
c53756ea-43d6-45e5-bd58-449fcde78582,Jpwm,false
33891724-391b-4e04-9af4-e8c4643a78ed,Xrq,false
e23d0024-0ead-41c4-a544-6e6cbb92dd6f,Lah,false
0809df31-1951-4d84-af64-900b0a932195,Jpuxx,false
72cd0b22-bf5e-4f83-89fa-6c7b50fe9c8d,Vcpgyuwrfrcxtaa,true
3a7d339d-6fc9-4fa8-a9c4-ef23ec1b2c57,Hedtomaan,true
244d9917-919f-4872-8b36-f4b6bc82bc92,Nxasceae,true
e290444f-259c-404f-93fb-4244de966e3e,Dtvqdvax,false
eea4963f-515c-4846-ad15-cd59c1ccdc42,Qyhyuvabmkh,false
a4b21d33-75e7-4359-a001-3bc82b0fa302,Petlzo,false
f275a6e4-643f-4665-b7a4-b9b3d1e0f9f4,Yiowaugtptmvnzy,false
494ed601-1cc3-4b99-b5c9-796981fb93b5,Jfmmntnloz,false
9235ed99-7872-4a02-98e1-282a0b469e5b,Vsavce,true
ab3840e4-0648-4d19-99df-2542f583506f,Jjqcswjwthbe,true
0c00bafd-a2ff-4dd6-a180-6383d120de87,Czmwmiqpxa,false
f2c59fec-df77-4794-88e2-488d9eb89511,Tuo,true
dc9acc25-7de3-4d98-bb01-d8a609910f92,Gzzklb,false
99252379-64d7-4769-a307-72f268ef75bf,Vuh,true
7aa42be9-977a-4259-9a05-c3fac66ce37a,Wnzrszbtkxito,false
9220df59-748c-418d-a7fb-c00f9d69b15b,Ahaysnr,true
3e76f0ad-c921-477a-86da-b762742a042f,Stbfuzgdaslll,false
9a5a7b53-7474-4a4a-ba87-a0b7a76a58cd,Rokuhztksnu,true
63095e6c-27e7-4358-9dfe-01ce47eebf87,Mqdragsqztzrfch,true
814e1ebc-d775-4d4b-9e33-cc0d585929ce,Bueoyfrhvbzt,true
57e3c3fe-2855-4f35-8ac0-6d409730ada4,Fppokffxz,true
9a034f1f-1a22-4c25-8d41-40e3f463bb43,Qazsqyxwuspcb,true
a8260ce7-027a-40cf-9f40-c9bba4dd0075,Zxctvmncdb,true
e4ef526b-d099-47b2-872d-d84451ac141f,Blpdks,true
b40c683d-d03d-4459-b8fe-7c17e8ca9b64,Otumlwloth,false
3ba78f5c-5ff1-4cee-a336-c6737482d71e,Dew,false
487f0046-4bfc-4779-8336-481040b4474c,Zrgsvbnsp,false
f3f664d3-0497-4e71-bef5-c41873daf31d,Zjfhyfaoi,false
7cb6f081-38cd-4dbd-9802-49b37449ed6e,Arqsuiz,false
274ae0fe-0e7d-4573-a3b6-21ed929980a4,Amdoy,false
d1bf10a9-0204-4cd1-be85-5338c602e417,Tfujdcuipzsgo,false
5c4b3c16-e544-4882-b6f5-b812b8f1d1a0,Tsfqkxtf,true
0526a3dd-a592-4fd1-a2bf-702225764b5f,Epstglbc,true
b358ec53-2a4e-420d-99c7-926dc6bf43c1,Bcnkenjnb,true
de54db60-06de-478c-9e66-5c8a1cfae3f6,Ypxuvlbbslczjq,false
1efd17a6-59f5-494e-b5c1-c3bd1de21234,Onhzbpylgjwb,false
2d6eb3c6-8351-4cd6-b963-602815700334,Inqiichgeu,false
c70da4b6-60fa-43e5-b087-4616314ae953,Fwkwke,false
dc14ac2c-ef46-44b4-92de-d6771292c05a,Pidfyfjnfustrpj,true
b8131d3b-beec-4501-902a-a19f19678337,Afjxubhxgknzbf,true
30871cab-ba3f-4e58-8b40-c2bc73089fcc,Cfsatstwthdreck,true
155c831a-294e-4907-acb7-19a260fcc50a,Ium,false
03525452-79cd-45d0-ac53-f4268dda4071,Gjjobxhpxofoo,false
4fd02c24-6e05-49c5-a306-bdcaf0d5e0ba,Hisfnpyjwtdc,false
181ab377-7b6e-4210-804f-28534bbaf96b,Tadbzoxfogpx,false
6551c9c5-acbb-4347-93ce-120177be1bad,Iscwjdtf,true
cde90cd5-53fd-4090-8d98-2c3388689ae7,Ujwozzl,false
e59d31e6-4f1e-407a-9c27-50bcdc2565c3,Qgmruwwwtfk,false
511a8450-1b7e-491f-8567-735f5190b260,Wpgcpn,false
54ce055c-2928-4891-a572-5f326b0bc3e6,Nzsmv,false
637c215d-0128-4d96-b23d-8018c28a3d2d,Rmaoyotbu,true
2a3f3d02-bab2-44d5-9665-20287c8edf42,Lmwstuzxiyeel,true
30eaa8b4-d453-449a-9ea9-814a859363d8,Lksnajadasaxf,false
ebf8015e-cbe2-442b-9c13-6315740afbd5,Kevuozgwldf,false
5be665d8-c726-4009-bf86-47380d28b17a,Ulpab,true
992cfd01-7474-46f5-9b74-74afb881fd6c,Gqgsc,false
5a44d148-db73-4f4a-b02a-196ec4746385,Gicuhwcvzuu,true
7752066b-fc0a-4711-b2c6-4e51479e1c4c,Rwo,true
3e54fc62-91ff-44da-a327-7dcf1021cc28,Tpvil,true
2beee5f3-0fec-4ed7-9815-587b7e304799,Bmszizbljexp,true
1507bf07-4a9b-4dc2-8405-9c78248c0f44,Xyruewuhc,true
3b2691c8-5179-4854-89e8-15b2a576c295,Rtuoauakjjsskkg,false
8a8b67ba-2771-4981-84c2-1041bcb0f155,Upsiwhpooxdgoq,true
04554181-c1c0-4235-80e7-c7e1793e23f5,Vsdmp,true
f75730fb-808a-4fc3-aef4-4d20376f85df,Qkoowmyxkucq,true
5c963e3b-e4a7-4ff9-98b0-12fb1d8a46c6,Bkadyw,true
ff23beba-4ff6-4d29-8464-d173f200abf9,Rbwtudzjkf,true
235a3153-9e66-4b4d-a96a-43bfe935116e,Gyruoupojfywil,false
58dba273-9fca-43d2-a85f-e011faade232,Ymvd,false
bb133d60-1854-425f-a288-8201b743f754,Yfselujh,false
6e9f3d19-2669-4602-8d70-c9f94637feeb,Gpyox,true
49bf315b-502c-45db-a97d-df755c4ab778,Vmjafqmugyb,false
b152a355-7e10-49e8-b690-3a82363c9822,Umtmgounpx,true
9cfc697c-e040-42ec-8d64-72f5db8ef0ea,Msnldk,true
e3775c87-068f-4a57-8150-ab444d419f8e,Zeokryvqx,false
09c20f96-7efe-4083-8c40-ed8ee74c9916,Gsxbtynnarelaye,true
a6a5e04d-cfa4-4174-bf76-bf17d09ad751,Etqkcebfvf,false
c4ac4dbe-f223-4087-9da1-f7b697e49183,Vwftu,false
f6d1e55e-103f-4030-b11d-fb6eabc2cb32,Tnjf,false
32f0bd16-3294-49e8-b782-2c010e4751e2,Nnkcxjhsr,true
6f5c9175-5bb1-482f-af28-592dbb47ea1f,Jnbma,false
b5574a45-835a-4827-87f2-1c72c2cde32d,Liaicba,false
1ad47211-0e42-401c-9301-793d4804ff04,Qnpnewwnksqciwr,false
aa9a8e34-fa8e-48e8-a37e-2efac6817ed2,Xgdowaflqm,false
bb6ecb7f-5174-4d0c-80b7-7faab3fb42e5,Cxnqgemmjlzij,false
cf68d1af-222c-438a-b698-0581542a6c1d,Uti,true
f7475004-2862-4c75-80f7-3cb206f36bb0,Oys,true
a75d15f2-22da-4a55-a4cd-3da9aec243e0,Ubvgoauljlqvqev,true
596290dd-ff13-43c0-8722-86813fffcbd1,Adobxzct,true
12c25969-2bbd-49ae-8dc1-d2d6dbabb5d0,Ytvpdwgewitee,false
0b38591b-8cad-4643-9d14-c8c59f0f2540,Enxz,false
f281c94a-643c-485a-9cde-37f7099a7c06,Zlpcofgc,true
d8205b12-4652-4aac-b7ae-a54905e034dc,Tzfjbdglayhha,true
6c730bf7-d2e2-43f2-930b-6c676105d6ec,Qkynut,true
549a4ed1-b647-4cfd-9e88-9daae3864e56,Evghyls,true
8e6a1ba4-21ef-456d-9e04-e7302b9e04da,Xow,true
997fd273-25cf-4c8c-a618-ea31ba83f43f,Zpzurcxxrqifzwt,true
6921a38f-a488-42e9-b303-8adc70d86ba9,Rejzxuot,false
f84b1764-cdbd-4614-8289-e5eea05fa001,Kblom,true
92250ca0-fae3-4f6e-87af-809651e3d0ca,Ayhicvz,false
98b52186-0ff2-4c13-911e-76edcf3615af,Dejshozezulk,false
459f0b27-7c45-4434-86d8-8891532fe4bb,Ftognxhfaq,true
ccbf7502-59e5-4c63-b32e-4496c887dcd8,Mmihtz,true
110b507d-9541-4627-b16f-96f24bb09241,Xgxyzmf,false
49a89461-f9f9-4833-a81b-a3a25ce97c95,Vmyhawlxjugartj,false
2cc4aa4d-1e55-4920-986d-6592db556799,Igs,true
8cb12d9c-869c-48b3-b991-3e3f7099e190,Sxqjlkmgjvajq,true
2dfdc939-3841-400f-9fb5-378f2121f623,Eayxpkklla,false
ff29b5f1-d26d-47d2-bd68-a9210ebb30ba,Gwvajj,true
cd2341c3-6ab7-4566-bfa9-b6f63ce1335f,Suqlmqiiaue,true
ceb03561-7bf7-4142-b670-b12d3de323fd,Nuzmwqzj,true
76b6ed28-2923-499a-b153-36aad7a3706a,Fqaqeeprbk,true
fc999994-7fb0-4bc7-b70f-4197fb90e098,Mrmlc,false
9234ae5d-813f-4caa-b33e-42b80eb3ef7a,Xwkornvnrjsug,false
076b0946-9b7b-4c28-90b2-0839fc3165f8,Jaaapo,false
714eb505-1393-4329-98f7-88f1574c85e1,Dhg,true
ef2c85f7-a21c-41fb-9437-a61ea596f22c,Vahxx,true
7bff0f57-65e5-47d3-a45c-dd7d41b81828,Frdu,true
9b7c5bbd-ed75-47ac-affa-ffadcfc0b541,Lpwwjkf,false
908ccd71-a56b-4948-98a8-2c9514d27d27,Yvfpckbstlpha,false
a9137f7f-1df2-4e8b-83e2-635d85174087,Yklxmeadjraymo,true
e13f20a3-2094-4cd3-8ff8-76c995b40cb8,Dphtjwgpujrolfp,true
ed1dc1db-3c09-4e5f-a0d4-a27b49001ff3,Wyzrsaebt,false
d7f925d1-1dde-472f-bb91-ea0a3e1e0b0c,Xrnjim,false
4ef4d3af-b752-4d0d-8b59-c14ef060e6fa,Nvsqhpj,false
d7775b14-3dbb-477b-8753-ef1f6607d249,Tebnuzgqbiqcdf,false
3e8b6cde-fa0d-4b53-94dd-3611b54581c9,Pea,false
1497f217-a559-40dc-ad0f-0191df126010,Wimsvavj,false
9d3dacfa-e47d-494a-ace0-dbedcce80399,Wqrt,true
bebd5eb5-31a2-40d9-a5ae-8478ac43485c,Xudqnqurr,true
9ec60804-6a87-4da0-a9bf-c11e1dc888c3,Hwraotor,false
0b08fe55-38cd-44df-a7c1-55668afcfd5f,Iualhnxspiiru,false
1901c5c4-d0ff-4f7d-8854-83cefe0bf971,Bdnfchkmudewat,true
6051737d-f88d-4463-ae20-85cf2c086088,Khiobycsu,true
8159a502-e28c-452e-a9f1-0c3c01c10782,Wemwlmx,false
924bb11e-58e8-4f24-b5d0-6740fd614a59,Rpbfhhov,false
0297207b-0940-4803-9b5d-0eeff9ab352e,Ovxho,true
f67f09a1-627d-44d5-8ba3-da0b56da8673,Drq,false
e8e3738e-f92d-4565-b2dd-9a409ed5109c,Rfaupc,false
892a6530-809a-40fc-a8f4-400af20267a4,Vcuve,false
a45dc227-a67a-469a-928b-c6dc34552d70,Cem,true
7a5088bb-0d2e-4c1f-bf18-24c2a0b4f5c5,Hlldrsh,true
17970b72-057e-4d48-b6cc-d2cee02a611d,Jluseomnl,false
8c9b739e-2ef5-47c0-846e-c9d7ed01df97,Rdpeilyjczp,false
c67d5a32-a6b0-4fd4-bd66-5fbe244bdca5,Oxnvhavupddft,false
a47698c6-d0af-4119-b7a1-a01e844f4dcf,Uko,false
e47eed81-bf04-4c2b-a531-e83309f28928,Tswgw,false
69b19c37-06f9-4fa2-a454-62c38c1fd120,Rohomxugnxauf,true
2a785a0c-11a1-4555-bf55-b8579c7468e6,Spyqiaitrnjwuh,false
73a9afa6-6fec-4781-becc-a5f2aaa6a1fd,Rja,false
ab7b9544-acbd-4e89-b77e-f73f2bbed47a,Pkk,true
086b205c-f2d5-44fb-bbf6-57400c326c53,Ilxn,true
f22eece2-f60f-4de8-866e-22a6b902f537,Mftspa,true
09a1b81a-a69a-4ad3-ab1d-79de7545245c,Ngjnvmchbrhksa,true
a77d274c-c726-4cb2-8d83-f52e5d83c5aa,Ilc,false
45e9b33e-4f58-413a-a8c2-782ecc595383,Veohngbftyngopk,true
d2b9c6cc-cad1-4543-be06-d80a097f274d,Rxuuvshn,false
cf844668-71f2-4c85-8a7e-e509c557df4d,Yvhsfldbrnhtb,true
06a8ad56-a14d-4b47-9551-2c2f9e4518a8,Irlrdi,false
fa1368ea-57db-451d-bad8-ffade74a94a5,Mckppphoreoquxy,false
08bc4870-7062-4204-9008-42230cb1ab82,Yxjzm,true
7f407b23-f998-4e26-844c-d73897e1657e,Denpneghwasll,false
c1124c1b-392f-4f68-a536-954f95432eed,Sjufarpigmj,true
2994c66d-1c64-46d9-8d04-3d935e4f0494,Bwjcrovcdk,false
71c66c7d-a580-4d2e-a288-d5b6532a9e3c,Wwh,true
ba014bcf-ac5b-435a-b6ae-ceb51a5dbb8f,Aleqdexcnqs,false
89bf91e9-6a03-4c40-afee-04fcc65ee512,Fkglxduknf,true
faf55e53-9870-46a9-93eb-04d87f8e5b90,Qnaarzmtzeve,false
20c3bc02-a028-46db-80eb-8c1e064278c6,Mbrzmhexxw,true
d7be1cf9-78b0-4da9-948d-82611ee579bf,Rgbrrojq,true
b36f4ac8-f1c1-4143-a251-aa548e7d5a0f,Mikgsd,false
010719e4-3ece-4327-8066-5d7e6510431b,Hgjnfzyzmdpkht,false
e90e6e1f-a2d2-4447-a16f-c1afb529ef52,Kghpcfqgkrlf,true
05f4cb25-9543-487a-ab1b-e9148264095c,Tvgihkeian,true
582b3e4a-7b73-4858-bde1-88fdd1967b7c,Zhftmui,false
0bbd22a7-ddaa-4737-929f-84c730bdc0dd,Zrpkngmznpxdena,true
2499cb7d-b0b3-4b0b-8555-2da38223554a,Fdfe,false
6c7ee06a-893f-48e5-8860-f5cd2394ff64,Qspkomta,false
30b01639-f606-49d7-8462-15347c1e16e3,Ustdbajveupvdqi,true
ec40d11f-6d73-4797-b9bb-3176422595f4,Eufkczscynmkms,true
1e2b9d35-d1c2-4123-80ed-853f9ef2abad,Tmfwlgjwink,false
01b4eae6-c92c-41c7-8cb1-3cb6a40ee9bb,Bvesbg,false
a8c17a5e-23ef-4ee9-815d-ff012821648c,Jjlqcdnnaz,true
93d4b9e6-6ae5-4679-9b9b-e827dc3a4d84,Rgvedsklepfuo,false
d66dfa4b-1ef3-4c0e-ae83-3656642d3150,Cwpiartnstcpk,false
9acb9829-c1e9-40b8-83b0-5c7a803a1f87,Esca,false
288d5ec0-a3ee-4c69-8fec-9263c739100e,Xgmmdfcwgoqvder,true
a97b54ca-fe60-4fb2-8858-de1cb7cf48fb,Nls,false
49abd49e-4da9-46a2-993a-26d0e3e00dff,Erehyngubfvao,true
fe03a6df-0f2f-4405-83d0-4ca3ca233ffa,Wlwsj,true
850028e1-799a-4890-b2bd-d280e52356de,Mekj,true
7c079b1a-77e7-4e4e-93a9-7f94b6f56637,Lfjnxqdpbnsouw,false
e9d2d43f-f82e-40ba-bdd8-323eab232c6a,Flf,true
0fd50c13-a4bd-4cac-850a-843ba5605689,Zbykolaxkhzvn,true
2769922d-91fd-42c4-a12f-892bec0ade86,Hkmzrakzbcjljuc,true
af5dc7ed-02e0-4e62-a866-bf0f3cfd8a28,Qtctisjykzpxhij,false
5dd37488-af0a-4734-9350-8d494cbddc82,Ussb,true
9fc47949-e1d0-4f7c-81f1-ac22d06887f6,Hwlnkqvxrcm,false
29494fd8-af43-4715-b0d7-e31b1eaef695,Bqqaudjknbonfz,true
e3c60859-8395-42c3-997f-29279cdacdc2,Ctokvfun,false
14551aaa-cc4e-43b1-8cf0-bf7ee05ac8d6,Wup,true
cc3a9094-9d2a-473f-9dec-948bc7ac8337,Xcsebrqzwvrpvgl,false
fae297ce-2db2-4263-ba39-125e96347f73,Qqociumftzxzv,true
d187ebce-1268-43e8-8592-11a0427004ef,Kqdk,false
65ec4da5-48e2-42e7-8b0c-07acec3a3e25,Rgmczlbxhkll,false
f54c7db6-0c0d-438e-bdd4-17c225f375c8,Dwke,true
241d0b85-1ad7-44f8-88d4-851d3fe178fc,Sprhubyahstbj,true
c8e94b7f-b2ba-4a64-ab26-dd0c88378441,Fxwouibz,false
ff3050be-1479-422d-84cc-a46ac76d5bf0,Cbrrvxhxjks,false
f452cd57-dd75-4337-85dd-806058b49e06,Yzglamxbiolacf,false
192bf721-2f02-4727-8e5d-83066c74b418,Icmrycvugf,false
5c5aaaaf-8459-4f26-a065-2d071d362399,Sgnzy,true
49276e28-b1e4-4491-80ca-d97a6375b806,Caolthgjpa,true
e90f8424-a948-4bcc-ab1e-a6213d095065,Gybi,false
834cead4-8f99-47ec-9e02-1c7984259eed,Rlkrsrjdbye,false
907ac8d5-42ef-44eb-b15c-b59250a6b8b7,Txqzfeobrhh,false
d54547d8-3978-4e18-9520-8baf30a85ffe,Dkqfimhaw,true
967cd0dc-18c1-43c3-833d-70e6eaea43f9,Gniwfkryzamyhxz,false
c29d03b2-d051-4996-831c-d8d4fced67a7,Wkltkwc,false
7e8c4f72-d39f-4725-9f59-d9a44df7d1e4,Fmaloxgpyago,true
fb346461-a055-43bd-92e2-c4bebf12111b,Iank,true
4fe4d1c4-64bf-4908-84c2-6deb7a97bc79,Umnzm,true
2dc68de0-adee-44fc-801f-54711b4758fe,Vevsnt,false
8431415e-3bc0-4631-82c3-de831b64dadb,Bqhyekw,false
2f05d066-1af7-42b8-b1f0-a34bbb04716a,Zsdblxyvcnyeq,true
f15e9840-02eb-4996-915a-aca7d8305f76,Patrovafirw,false
a5ab9ec0-025a-494d-a1cd-92add0842a51,Qbyh,false
66dee47e-cbad-4725-bd36-e2ae916721cc,Qdlrlt,true
fae1d278-f89e-4177-b504-5ecebe81d235,Tcvrbi,true
876705e9-1224-48b4-b151-680d6e7c6e79,Ksllwnd,true
2ece682c-4326-4e9f-8470-e44942f29f0b,Ugipsl,true
777c4a70-b1f4-4c6d-907f-9032cfe24d17,Snfm,false
b19ece49-51d2-43af-b584-149adff989bd,Gvirp,true
f04b2449-3092-42f6-80f3-36c349109a2c,Trtvf,false
7aeaec5c-aada-4898-a746-b18f2812c098,Ilgddcnew,true
ef655a84-2066-4e34-a873-50a1357901b0,Dysp,false
2208f99f-6584-4c04-9a5e-f88680603f00,Jfj,true
c2f85782-361c-426c-b07c-fd0a2e233692,Lvsvxiio,false
0fa952b5-7176-4b4c-b039-ee0a59eecd1c,Uomp,true
e2a43859-d3ce-4298-b61e-d47221b65320,Vyp,false
2199fdc0-bb6d-42fe-a406-2b588f26508c,Kma,false
b69a23b4-1ac6-49c9-aa5b-623bc0da79d3,Yxvqseacwtawxqu,true
cb79d3ae-9c86-4f75-971d-2018aa257152,Omuksodrgwsfk,false
5385f97e-e5a2-4866-8a64-be71764bbfbf,Feubgrsoshjdb,true
d654561d-89c5-44fb-872d-36d43a537cf7,Ynekd,true
dc161761-315d-48d7-a9ab-8b416038f7db,Pxueabxtbg,false
e9f7d8d5-db3b-479b-9eac-6328afef1bcf,Okxqjtdwt,false
a238297f-bcff-479f-9bb1-278bc62ef961,Bjyptcjgq,true
5d31c4a7-0f4e-4a9b-990e-2a26dfb10a67,Cushja,true
9727bc3c-e8b5-4a62-963f-a60362463ba3,Ulywdiijpymucdr,true
63c27c9f-869b-46d9-aa4b-61b111f14405,Qkrrkcfebrnucbk,true
76ac7bf1-0f10-4b10-9d53-5009e9dda95f,Yhjtvbifslwnix,false
2cafc072-1592-42f4-bdc2-970c7aebd29b,Hymyvc,true
d1a9b1d9-101b-4d55-9165-1d00646b1cfe,Ijeubvkjwd,true
65f03960-5c26-42ec-8aae-a5867efa2974,Qmgqs,false
8cb1cb2c-ad2f-4c18-a229-fb17bb1c810b,Ukuopeazvmssvdy,false
c4ef959c-6c8b-4dbd-b576-89c15e0f6702,Hqugouetopjv,false
e6d32136-5e5c-4377-a2e9-81406ebe9be2,Dudgob,false
22d455ad-225d-4b7b-aaf5-b36a6b08b62d,Sqbjxfclkv,true
e770ac19-048c-465b-a615-8a1bb786d15a,Tms,true
0f1a75d2-9a7a-4274-919f-fd1efed62f87,Jltfiafounfaab,true
13bb01ad-6593-4c4f-8018-e23eef10a2b2,Popjuhnywp,true
7d8597ca-4146-47ce-8bd3-be5f3895be5c,Lcpdbqikfzrzshs,false
53d575b2-a990-48be-b85d-74522235b3c9,Cwzkfn,false
c9dd87c8-30b5-47cc-9940-a53a1c9df6b0,Ecxlvbupimku,false
5c1f6709-a5cd-4e8e-bb21-8430f6ffdd79,Nesqkphp,false
3c873738-3fd7-4067-ab72-228031e81e68,Erecqvylk,false
93529328-2edb-42e2-bc4d-4020a1395455,Symza,true
fc4e92c9-6a4f-4267-acc0-a7cbbcb65d83,Furycydmzez,false
d69667e4-9e03-4ae1-8d18-f8489aa11dc5,Ijxinsqpepvl,false
749b99a9-114b-4a88-9026-abc1c80efdf5,Viegtbsikbyo,true
1d27d308-dc89-4f7d-8ec0-c7fb3f80c974,Eompcggtbm,true
f77d3a55-0923-488b-a77e-00164cc0825b,Fbmt,true
90300cf7-bc97-4e64-bcb5-a742497a556f,Kdm,false
54480fff-1110-4c26-a673-1d743b2fc4e7,Hxjqkqjvcqddbf,false
cc4d7757-d8d8-4936-ac13-d8f79f43e046,Uacitas,false
83f11564-23fc-4d26-879f-8460cade81c6,Jdcjhyfdnismihk,false
aac3e1ae-a2fc-46af-944a-b67f82ac5b4b,Ozoegmxxpbipj,true
b76898e9-47f8-48ef-9c0f-6cd836163a05,Kbxieegg,false
be297281-eaba-457c-888e-c6c6d4f3fce5,Gzxuiyfsab,false
805c76f6-68f5-4639-a0c1-96c677942389,Vcouxqiywgcyvgl,true
617503f6-1506-4bf6-98be-40c91e850b25,Xpvglfur,true
52130429-f1e4-4f42-a8fb-64fbb3f33deb,Sfsnteaukzzru,true
a136005f-d695-4573-9d59-1be2a42daabd,Lbyhhntnf,false
ea855911-aa47-4916-abc7-5b5f961ddb36,Dqdhwzi,true
25e5ceac-31ec-455c-8c4e-526bed2e60c7,Xwqshwhbwuxmffn,true
ceef47f5-5645-45aa-9af6-e9845716348a,Ykbejaijewhehmd,false
faffabaf-a609-443b-aa81-31e60e0410f6,Ieobrlpdycituu,true
fc728f93-1440-4b88-a5c5-01b18294e036,Bhofhhnvlp,true
155a345d-5a00-486a-98ec-b2dd2e059606,Qrfjpwsknrdmpd,true
aebae551-db11-4f6f-ad1a-2362a142c909,Tgyebdqauk,false
aa9a641d-f52a-4e0c-bd4f-6f7741bf48d8,Knjaam,false
91e4e73d-e0cb-4ac1-9405-bc00ba3a2381,Tvnzfxbybxrczss,false
3e98a68d-f533-4003-a09f-7e439ef7af9d,Enyhdwfxjucnbum,false
db20a1f6-4a4a-4514-9cf8-a56e2b74626e,Qarrhxprfvfitbs,false
53845bec-5160-4cbe-82cf-9c045009ec1d,Hwpo,true
cb97046b-d85a-4a44-9b77-229a7dd0a3c6,Gzuzpx,true
3684c66a-8772-4e6c-a2fd-5d9502bf7758,Yxlvlqavncfw,false
461172db-feb5-428d-807c-06d1754f5cd0,Sixo,false
6f1b7979-77e6-4290-baaa-e17e899d1b51,Jhoibiu,false
b2ff282a-e222-46e5-9898-7d38fbb78840,Zxx,true
29e07962-cbbc-44de-9ec5-f64d7fe3bedc,Dhpmki,false
7da43ed6-b833-4506-92f5-8fb7772bbbdb,Vitsohrfyziapx,false
7376e794-57f9-4f59-b8c5-14f43e920725,Tdz,false
3ffe96c7-12c7-4b71-8ab8-48f86f50ff28,Omgbz,false
f5d6a9ab-b6ff-4513-9f91-c606162bcf8c,Ztomlf,true
96fd70de-887b-465f-883c-22826047bda7,Zodsqpgm,true
b7518947-8b0e-4cb8-a271-012a6902c40a,Sghfzg,true
0cfad6fd-b4fc-49ca-a5ad-d75ffbf91a00,Xchxcupmsj,true
bcfc34a1-bc67-43b5-92cd-bed93a250d66,Ohtgrujcpvs,false
5767b761-7073-4d76-8f9d-dde525fb1df4,Skxekoydgk,false
4f6bc169-012f-476e-a672-ab83fc21b752,Jojdyuqmgvafys,true
263cd940-58ad-43bc-b4dc-09f01f868110,Emcfiljvubjz,true
d34cd39f-5ac3-4ab0-9198-fdc449277b18,Cuhdzfjahvyq,true
d86c5564-858e-455a-914e-ccb7cfb2b1e9,Mylzpehie,true
c80653a3-e998-4181-869f-7eb8220d00e4,Jdmeawpp,true
1d6f33ee-9898-425c-b082-f6f01c90c082,Micdl,false
abb96a02-45d7-42ea-bd51-732056ad7fef,Eqeagdtxvhmzag,true
47e9d668-bd89-476f-8a5c-f2ed56c91b45,Bzyocu,false
382e34b5-4956-45b9-af41-440be9d174b7,Hhmdnztkcr,false
9daed035-e36a-4437-971e-b930fa2a5672,Ljmz,true
44b73ee8-a6f2-4d2b-898e-4d8769bfbc8d,Jlhjupc,true
7298b5ae-5fda-4933-a05b-ece485af00b2,Bxmoceqxx,false
60dcda7e-dc81-4fbe-9d74-e2385dfd034a,Arcgvmugelgp,false
44c58f82-375b-4be9-899a-7d77a46c8b70,Fkpntmfktjg,true
cc0612df-77c9-4752-993d-f5e9204178cd,Vpmqug,true
5e1d1fdc-5136-4c55-aec9-be82e9e8778f,Rgchenfhvzd,true
cf3b0e71-a798-4da1-8089-c76f554d47e7,Tpduu,true
319dcfa9-97d9-4eaa-8a8f-77677204eeba,Fplq,false
6d361c1b-c2d1-4148-afc7-03dfb7922ff5,Lqlnz,false
004d6f4d-9bf6-4445-9d7d-5c890cf5e594,Gxjq,true
0cb8d434-a1e6-4d9d-999e-afdd392b671d,Hwswayesyuuvy,false
45f4f09e-1656-4219-bd2d-c0931526ded5,Ocjyhans,false
e7d5c9a5-f66e-4c38-b538-135f82ae5ee6,Jwoanjrp,false
45da11a1-9b31-4fbe-a6f8-e393cc76cd29,Jwqsahxgzxgmvd,false
5ddc811e-245d-49db-8496-a23ef8c0db20,Evrrqezikd,true
91745447-7167-45c9-a19a-b62cc424b136,Fsyexgmyqd,false
ab8de101-c087-4008-bafa-c5879a582257,Zfcifkoz,false
10389c97-469b-417c-9d7c-e4e4743f7418,Rpyyx,true
b5523246-3457-4012-be84-f78264038d21,Iqjgvih,false
30d5a0a1-c9e5-4927-b1aa-cdd718e75ec6,Bjbjpf,false
74c88851-ca9a-4e8e-9ad8-a6bb6906ba27,Kkikgegdr,false
38775faf-7cc3-4978-8cd7-e59b4bf88d28,Dyurfjdrm,true
32ce1ca6-fcb1-4310-b68a-90293294047d,Xodpamudlmdmkq,true
9b0dd460-6c85-4788-b6e4-47898b83116b,Ydnyyvzkparat,false
5a9e4817-bb73-4e30-aa53-4ba0718b4f9e,Dnxdnziiudkh,true
ab45604e-4b63-4856-9c76-555bd4cc12ee,Amtqkonjhbmcbk,false
8672d28f-691e-49f2-8f08-5ae9f11679d0,Vpcyqkpptl,false
473cb15f-9fff-422f-adac-c3303d0f81d0,Qxofb,true
cc13984a-f91f-4c5e-af2c-c40907a16997,Manhnhs,false
25593f11-2fae-43a3-b137-6c81bc59b2ab,Useasxq,false
78fb105c-200f-4f6e-b654-18aaccb3304e,Pmedgnhvdlz,true
5faed828-1aaf-454e-99d1-649850f68d87,Hpoy,false
32d38bb8-b275-42f2-80fa-9500caa1bfa8,Dhge,true
26b15a35-08f8-4668-9f9d-e8fe4a41865c,Xcop,false
013680ab-5546-4544-9e4f-5a2c09d5c32d,Lrbwserffen,true
7976b023-6a5e-44d5-85b2-9f44dab35470,Tfqivpqq,false
b707792c-79ea-4065-a868-222810294abb,Yywguajrzgnxysc,false
269bc0a3-d26f-4917-a312-c697d9d3223a,Cdmw,false
469aca9a-c340-4b5d-b5d4-f31940d1a589,Kvujlcqih,false
482c4b9c-60bd-4b6a-81eb-0071091e6c53,Rafdmcwvxehpv,true
d492a00c-2a71-4b91-a4e2-83c5dca41835,Kcy,false
423bae1a-ba1a-4207-87e4-36bd30aba516,Rnedjvz,true
d8ab6cb4-96a6-4cc8-be65-3571a493fec7,Ihxge,false
13ff358e-0ad7-47f3-8b1f-6e607edfdf9f,Wctotldmrnzo,true
15415bfc-6076-427c-b813-63aac60d08ef,Wfmuhlv,true
543e5dff-3392-45a6-a6cd-e7ac186a2e62,Oecstbuigvnv,false
08de94c7-7c5d-4cac-a69e-f25b012936ab,Vgqsvtqd,false
efc8d79d-e54f-4f50-86e9-008550b62504,Xxiuxzckonodj,true
506f802d-5ebe-4346-b222-e73d1bb4aab1,Dfy,false
388c9088-a237-49e8-95e2-af094f4082b1,Cbpelthwqr,false
7d91c50c-fe93-45c3-bbcf-2b6ad049a57b,Hlustyxbwgfkpdw,false
0e78a66b-f427-4d14-8c86-e5c5f9a41875,Kjmuowkl,false
16949d56-ac79-41b5-b442-e44a47c72206,Ztkyyqidipngul,true
3ba25920-c0d1-4889-908e-1d24e961e6c7,Bssf,true
18d94a4c-c8d8-4c58-8ae0-b03e2f2f2492,Sdpw,true
8d8669f6-9000-45a3-a100-34ed822376ee,Tbjs,true
a55e8c12-7e41-42cd-b7a2-7c2ccc2c5826,Pssk,true
ef86c27f-599e-4543-a9ae-d1facdad474d,Pce,true
f0667504-f704-4bf3-903e-ee39b5ab34b3,Fxpvjhahsm,true
e175d713-57c2-4ac8-ab32-3ed9bbac53dd,Bsndoekhkwn,false
8375ff31-0194-4a08-9328-4859041cb5cf,Mucx,false
f776a25a-22f9-4ecd-8bb8-f4a93559119a,Aewgknjakajqutd,false
b6ab85c9-dd38-4b8d-a9c6-b148b011af00,Vvsxdigdoybrnlr,true
33623eb0-3924-4f19-a30d-9d932611ae66,Yfynmpuz,false
5f86c3a9-7ed9-463c-91e8-7eb7e73a12cb,Hexzitz,true
112d4cf8-6673-4aab-8217-4a959306b732,Gxijmfjtxfjh,true
e3d36b6d-3332-470b-8a8e-b3231f6f811d,Aqkoohnltfvao,false
778cabf8-db7b-4065-bd2b-bbe76b3a996e,Alxiimmwe,true
3d3944e7-97fb-4cf8-8cec-58ebeb5d8264,Gtorpqwda,false
c8ea14cf-cee9-4a82-bd00-63f3f982ebac,Eqfzg,true
ad83805b-2963-4749-9de3-1c515131bf4b,Kws,false
71b1102b-4e64-400e-b30a-e2d49f24d879,Wqpj,false
352448d2-63bf-4f08-8536-4b11a64cc463,Ewyzttf,true
8079bc22-52ed-4449-b99e-33f7ca13015b,Mjisjyynymuv,false
4db6dd52-a349-484e-8410-0d9f0167eaff,Myqnfqguby,false
09153e19-42ac-49b3-9bfd-ade5f490bebd,Ruyodaywgznk,true
330fc6cd-09f6-40f5-85f3-bb333c75c7e3,Tppnzjm,true
9773a902-8311-4937-86d9-010e9e483c46,Kigow,false
742cb22f-163e-4397-95e1-2f623b7ba34f,Eztyap,false
11736985-04b5-4d52-baf9-a12db87ced86,Ydwrslmwteo,false
bda9cf1e-a85d-4986-8c7d-71990225b82a,Wzuevmodn,false
27a110fd-379f-4b0d-bf5b-0dfb08b28bb3,Vvbgwcwkfb,true
f4878850-5a0a-4a0a-a958-bd46e24f0c10,Wdurtz,true
86be860e-5132-43b1-861b-9e769287d1a9,Lfxjbgrstqbejnj,false
e48546b9-2e40-4417-ad2a-2c91c2c5bb87,Puqazretf,false
a4e50170-4f72-4c4e-b98c-168df929cf8c,Xtet,false
ac070497-a34f-466a-949b-e19667f8727c,Ulvbbinnvsby,false
3f83b45d-092e-4811-8f96-6e9271de5e92,Cfryknhfyze,false
ca544ae1-0c69-4630-90ba-190624e3c559,Ipxzrnvwvnpva,false
d32198d7-cd40-4b6e-80f7-502b796bbee7,Womakwxu,false
b3278c2f-5023-4afd-bec1-17b838ebd9e1,Ecvcxbdbfhwg,true
1e4a6ca5-ba43-4b7e-8439-4b6089ca7987,Mijjdzoxlz,false
51702d73-56cb-4e7a-8555-cdb3d603065d,Tqi,false
98b2eac1-26cb-4308-88ef-50c34125ee71,Gtwhzfilrphmxm,true
368bd5d2-41e6-4d75-a6f4-7680a8bccbde,Sdqhnaqoro,false
39d10f34-1585-411a-8835-4d11e15e4ebc,Mnuoucf,true
696735ca-5714-4e6c-b11c-35e66969344a,Vnx,true
81a0f60c-f207-4486-a125-8f081e099359,Tezp,false
18cbc84c-1fba-4c70-950d-8ca360795751,Rdjwnbzqgwvzlw,false
f042bfde-917a-4abf-b50b-7eb179b82bbf,Ulftgjs,false
a1c91523-ab57-43ce-bc1b-e8804ba46e3c,Bzaww,false
89f3ac30-6c8d-4718-a292-9467157357a4,Fnouejcunqd,true
b1d2e3a5-419c-40d8-8af7-af01ecdb72c3,Umgm,true
a7cb2030-f3f4-4caa-94ff-657065c0c1c6,Ppprbupujjkisa,false
c5c6bdbc-3687-468f-8d87-419896038f94,Asmkwlfon,false
695bbd20-8f67-414c-9c5e-e61237dd37f9,Frvjo,true
dd94b73f-6fae-4b3d-8cc6-c467007c770a,Szq,false
10e43132-1760-415d-b27d-2a2cf00866b1,Kbifqjo,false
de85ca80-5a57-478f-af17-bed375458754,Hcxtfuaholc,true
9af9803a-164e-47af-8af1-d07bd8df8f2f,Ublijatkhbcny,false
bef02b29-a6f1-4de0-9373-303cd2fa83ab,Vxcsibx,true
a33f3b24-47f6-4361-a7ae-3867ff810c66,Qzj,true
a198651e-52d9-478a-95a8-0b4da2343e17,Zoragimukdpym,false
31033604-9675-4b8e-806b-9e4237a01aeb,Fsxdscb,false
efbd0428-6b6c-40a7-b67a-2408958385bb,Njcckkirhcu,true
94b635e0-d42b-4d25-bc59-7e9dd0a2c156,Dtsagjc,false
9a17cf3c-fd76-46f8-898e-2fafc665f11b,Arlt,false
2490a33f-97e8-4d75-87b2-a2a3b50f5e17,Jquoxq,false
76faa73c-a278-4844-a38c-492dd58a7692,Rsyh,true
c88020a4-f504-4dd2-8d54-e0bfbc69ee04,Sdubdtxdbcdysev,true
b4df93b2-10d2-4ae2-bbff-f08e81f526e9,Qschjcnydfqyj,false
3c67e768-8df1-4cec-81f0-9f97eab511b2,Sembhdabdtl,false
fa0084d6-478e-48e3-9cbb-090de2b5e743,Vshezeuskqlcshk,false
bc0582ba-3b38-4fd4-ab61-1015beedb200,Nqjbrng,true
f6be440f-f206-45da-aac7-34a295004470,Qnhacsp,false
456a49af-15fb-4410-a0cf-23ab8abaf08f,Cgurixfbjqn,false
0123c88c-6489-4472-8821-bf5393383d78,Hcjw,true
746fb145-567b-4989-83b9-3fa6472ce1ad,Sjs,false
0bbb49c0-f809-4232-9342-1485e7eff8f8,Hkvozzkejrxfd,true
08b59b55-33af-47eb-a892-0518fb373d36,Vchyawudf,false
c083e6da-d543-4ed3-a7fa-6811cb0b3be3,Amwjxpgkzr,false
46689ba9-6514-48dd-bc08-306dfba0a17a,Zpskmfrcioj,false
93095d7f-3459-43c0-9474-4786cba7364e,Itqmyzqrrir,true
6cf05a2f-7137-4f46-8699-cd3c3f49c804,Urpjfdulhoirq,true
f78f2c09-5506-4ebe-a6a1-b5f7ad3421ba,Mtfdw,false
25c2341d-1bec-49ee-b2e4-71be462e1428,Faq,true
74d6160c-1658-450f-aa1b-c3265238aba1,Bltzubdpanatkp,false
7b7fafe6-108b-463f-83c7-60e27c160b20,Njy,true
a832f1d2-9b86-41ec-b88e-4cc3faa4be3e,Glmbqn,true
ea165c43-c385-4a3b-96f6-7ff76f323a2e,Nlaa,true
09133028-898f-4d3b-9986-97c6d1b6e87e,Wxhoqdrliqusmar,true
3c6a4418-499e-4f1e-9b41-1dd4a269f412,Gvlmp,false
8ee4c63e-6f50-4ad1-80ff-192b40bc6aa7,Vpocsgb,false
f78360c5-f8dd-4ed2-961f-d0ed31267601,Kbaijzoigjhakl,false
eaa49d58-77d1-4b39-98eb-b53d17696772,Ozqilnetd,false
47b22433-c387-4ad1-a64a-652d990cb95c,Umhyht,false
d43d15b2-7e3c-4c23-b182-85e57deafa7b,Bvsgtnbup,true
5e4d3ce6-55a3-4f5a-bb46-9a8d9d94d971,Zzvavpemaqm,false
8b49d51f-c9db-4414-a9ed-63d0120a868e,Ftptw,false
3e98d99d-a0f3-43df-b391-dcfa821ff7da,Owsldnvgnko,false
cac6c5fe-965c-4bb4-90c7-313ad3052aa3,Nmjnxxkgxc,true
2f8beaba-649a-4cd9-bc35-5d01a8b83768,Ewzunjtoctfqze,true
211fa850-e7c4-462c-a7c5-c8297a191f20,Owrrty,true
6dbb1def-518e-4c0a-bdcc-71a3802a3f4b,Grykuvwhtwniyx,false
34313778-56ad-4532-ba0b-1f14ea808469,Ngtdbxujrl,true
b9328972-5bc4-420e-8a54-0f332f33a5f5,Fmdocciqoqca,true
04122356-d4fb-4952-baa2-ad7c5d2d3521,Zuujzdvrx,false
5381c0f7-7cf3-4390-b63c-b830f7832cc2,Ojwtr,false
fafa0c65-6c38-48b2-b1da-a8b80e55e52a,Ajhashelltf,false
a6fa5bb3-6443-47f3-bb20-789ffa4cfc20,Rgfwcheph,false
7967cff1-7e0f-4ff6-9583-5cad7825f06b,Ovkmnrdg,true
6595ab48-a116-4b7f-9d27-c354014507c1,Wfwie,false
bf6adf9b-ddfc-4d59-b893-1b3ba4f0f76a,Qqabgdyl,false
47d2bdc6-ff84-4335-b31b-94e8f4a9094d,Awlfjnnda,false
f2700785-8c71-432f-b0ef-f6c2b2beadff,Ctvpajpyohjdop,true
9b2d5a3a-a918-48ec-beaa-7b4c19c52ced,Xwhthhx,false
26e1c8a8-46e4-430d-9ecb-2a3b26690b03,Efxl,false
2b335f97-26a6-4a31-97bd-32eb9a489ccb,Aododslkruxazrk,true
1cec953c-b90d-4ecb-8b63-64864c1e4549,Qxpebnuddnsc,true
79c13d72-7045-43e6-9cdf-b21789c255ba,Xnvi,false
0686c405-963d-4ed8-a590-f30a247b6c01,Ecpwyuodr,true
61abb21f-1241-479d-aaad-0ce51f446ce0,Olaygudd,false
a7a8829d-fc4e-445b-bfc0-daf5ea976e6a,Ixafsdxaddjqado,false
ea6d9102-1466-440e-b044-5fc688191584,Fhkdn,false
40b1a164-5a0f-47ea-bb53-da5ee354d4a7,Rjhdtzqccjqz,false
e20bd543-2d9a-4f1b-a962-221f0120e956,Dicdpmnizhquon,true
4e7eb471-1f65-4fdd-a7bb-6799ccff8ecc,Jvpdiyrkpknn,true
7cbb79da-3b1e-4642-b655-68ea1032abfe,Hsovymoqhhbninc,false
245e6190-47c0-4a64-82c2-78b82ccf4a37,Sqlj,true
537298b2-94b8-4772-8d8f-36b7c00c1f3e,Hqovfdwrxhszjk,false
70a96509-a819-49c7-881d-6bc8a2750233,Tharcrmyse,true
b29d9ebf-664b-4477-8dcf-2bb71cfc861a,Ddtpkah,false
a0dd0b14-125d-40f3-ad59-922204c5706a,Nxsb,false
8211a26e-bc20-4855-9c54-c191a662662f,Hxcuffqjm,false
7512eb9a-627a-46a5-88ee-3353af32e72c,Pnzljmgwfguewuj,false
ed83fa4f-45b6-49cd-8c0a-16ee8d431378,Avfarkadgbal,false
75162936-e602-4d90-a063-211e8bdef14f,Iosaac,false
6024ae4c-9b96-4782-a1e3-ed6a53bd1d2b,Ockhhilqqjvt,true
14d30d82-e4dc-4190-ac0c-f5b27c1b2bec,Ocnlrrwkyxhj,false
b5b746a1-5b76-436f-8c26-56849b3b5475,Fosbffuykaxet,false
f1c90bbe-b6b5-4258-b3dd-ff81acbb8a40,Kfgzdpdui,true
3024ca59-0050-42d4-91a5-79d99998b377,Kuyrfgkzwahj,false
3c7d76e3-bbbd-4ecd-a76b-cc8ab591f32c,Vyfwe,true
98376cca-be4e-4e9c-a3d7-87100a750e1a,Mvtqwdjsbmo,true
b4381970-6d1a-4827-bbf5-4bbee13c2697,Ogeon,true
ea6a308b-4dea-4c3f-9c10-8378b798b001,Dqgoguzwxdpb,true
075484f9-0ab5-4f5f-a4a2-60478bf99f1b,Vscuiccvuvvuse,true
9aeaccd5-92e8-4590-b615-25cbc9b168ee,Sjcn,false
90332ca0-fc08-4bc5-9799-7afc9bdf5e2e,Ryznvqokunhka,false
12b63bd9-b4d1-4228-985f-30257f18df1e,Xecevkpcimhnd,true
f9845110-13c7-49cb-b48c-8a1a3ce9248f,Xzhbccpkrse,false
0e1d5373-a698-43e2-a602-a4d301eccf0d,Fqlkrzvtgzhtwsm,false
82a5f172-a364-4810-baec-d5b800d67739,Qvnmdzltfm,true
6ea647b6-2552-42e7-af9c-70bf7338aadb,Krtg,true
283b7392-92af-41c0-9c30-ec4db867bc98,Qror,false
3b6e02bf-8343-4b3d-98bd-a90866348c82,Qvxbe,false
1fe60641-1cc6-46a5-b859-003e813a4582,Ffvmgigbqyeikbg,false
76f69422-cf2f-4a8f-a9f7-5e859dc3a35f,Gznah,true
f692b43f-0eb4-4287-b882-abeb45acd95f,Acnajuzz,true
282227ec-c904-419c-a2fd-f35b662879bc,Fgbuxtgjgfr,true
8a99c8cc-393f-4025-88fc-615f0fd6bd62,Clhg,true
9edfb171-d97a-4f32-9f97-11dca2cca8ec,Pwbkblmdcgekyul,false
28c9fdec-330d-4008-a3f0-79878c0fabe1,Wgd,false
129ae0e5-851b-4eb4-b247-f397065013a0,Xao,true
823ac097-6e2a-44db-b73f-029ad60ff761,Nttyocfql,false
c533abdf-6c53-4a76-b645-7aae5fa029a2,Cadeeej,true
00574d18-cd02-47f1-9d1c-b5fd29679e8a,Cbqd,false
734bccd9-f161-41f4-9fc7-46d3268dcef0,Hsemjytuqxukt,true
47660dbb-4a6b-452f-be16-7ba8a7cb1d44,Lmzg,false
6617b8f7-30d4-4fbb-aadc-3b841f96181a,Ktrhomkmoenwis,false
98e0a4a9-73f2-4201-9699-0df43ae6ab65,Gsxjoqisksuhgry,true
5940b852-1c79-4911-9751-bccdd0afe536,Doragzlfroujf,false
3f08aab0-a6a6-447b-b4c5-60f649ef50be,Exfqfxhfjnp,false
0e005928-3a1d-4d4b-a6a6-22f2e7054e23,Notlbya,false
019541d1-c91c-4cdc-b229-4c7ca79a2fc9,Ifjxyfcwv,false
f045035c-1490-4438-8d6a-d58a570fb31f,Buuggmyqrbm,false
b7b6bb8a-46c5-4f35-be1b-652e649ced20,Evjpguilxou,true
14679419-d3f9-4403-8b1f-652ec87ff670,Wzmmytffhnugs,true
f08d8f6f-b296-4049-bb19-35d7fdd6f332,Ntkbihchh,false
aba2e25e-5459-4124-b2f3-fbfd82b51546,Vktojittciuldt,true
b002fe92-576d-4e8c-b7ff-777cb63ccf31,Wwrnzxnz,true
be5ccdd1-70e0-4055-a068-275aba3bbb4e,Lqqqtvjdhqykyxy,true
e633e7c0-f5d9-4a6c-a972-1a9009853c59,Wlwmtwdcazbb,true
46162e25-d13f-4bc5-9b8c-63eece464459,Azmjkrm,true
5148447b-7534-4aa5-98e8-2cd65f4f711c,Zoqirfqgl,false
c2eeff8c-f970-4322-99fc-1fc5040168a8,Mcpngb,false
35822fae-917b-48b8-b10c-67f0bc73bbf6,Hxhzesdqtink,true
e5551556-aed3-4864-96da-206d4dfc9576,Gflisjbh,false
3ba79974-7166-49ee-bc8e-1ed787e61ab3,Migh,true
da02dc24-ae52-437f-9742-1969a8725ec3,Lbywxysrevvmkpj,true
eda58046-f95a-4c34-b946-9d68ee066c41,Trmignrmfxfmt,true
89e51eec-3c3f-4195-a145-c84afbe41177,Xpxihw,true
936119b7-d484-4aeb-8c91-8058b12b4665,Oyqjoerf,true
ee96dd1a-8c97-45c8-b2f2-8c3f58a943fb,Lucsbyohz,false
3b65dad6-608f-47b0-b98c-a6df3ca7757b,Qqpgafifb,false
1e01f8c8-33b4-400a-a725-a961e04cfb35,Esopbxjg,true
bee181ff-d7fd-4e13-be62-0259f360f058,Uzjkfoz,true
1368c98b-3d8f-4ffa-a267-7ff2587f8dd1,Icgve,false
d92b3b55-6572-4616-9f48-090c246f0a0f,Ntxitjy,false
fc58a3bf-d968-477c-b002-129f8c512ebb,Idymme,false
ab73738c-9bae-4800-b63b-5d5a2cfda026,Dydoupmxpfgam,true
8a2fa1d2-254e-4410-b42f-62f042aa88cb,Tsjwk,true
dc106ade-1b33-4db4-b319-5e512e4b4819,Dpd,true
b48c5263-217b-4b19-8fb0-f220c41df15a,Xiv,false
365cb8db-c1cb-44d0-8f81-0e3cef830c3c,Rhmsgjzw,false
42a622f5-80ac-413e-9d8b-d94adebcdd41,Ujtsvjbk,false
c6150234-d44b-498a-87ee-d49886926f38,Kxnmdioreypfgte,false
37f74b6f-8928-4bcb-864a-bbf2aabaefc1,Pwyfjxudjz,false
8319b971-f50f-4bd1-b2e2-aa758639b33a,Sdtsnh,false
0dc579b8-168d-434c-bd1a-57057546df0b,Zrodrfrpxdvpoy,false
bfdf34dc-c0c6-480d-a280-1450cb60a88c,Tdsmr,false
c1a1f925-daaf-4630-aa97-f0d84a05fd00,Rdexakoko,true
36462a62-c574-49c5-aeec-46337d64234d,Bjrszrfqj,true
e6dba6a5-3b09-4d3c-82d2-cc1a0f5e718c,Mvdnklugg,true
f5d3acd7-c881-4842-807f-3c2b8b67b0dc,Jlirayslugjk,true
deddb6da-e2ad-4a14-89a7-e69a6bb621e4,Envfshatxuddh,false
ee6cb9be-7682-4da4-b7c2-637c9a86191f,Cpvvzweo,false
5e3659cc-935f-4678-9f46-b2d3a6b8c7c3,Icuogkstp,true
f4442f2b-130e-4cb6-a124-4bd84b8cbd15,Obsgaoqqoag,false
dc7fe6de-0bc2-49be-bf21-def1b77547c2,Zjdhj,true
d9792fb7-9df0-46a6-a4e4-ec19e17548bd,Xfvqppewu,true
ff805db6-93be-4651-a49d-b983027b9e0a,Teedn,true
3f9ac106-407f-4363-bf95-38951be64e9e,Rjlpvyjnj,true
ca6a9ea1-27da-4539-b083-e8e5516774c2,Fbohnuodrjuneb,false
e0a01271-5930-46df-9e6d-a87ba3ac93a7,Qamuniq,false
0d2146a4-f1b5-401c-9fa7-2b31caa89a7a,Nrwev,false
374679ce-852c-4459-ada4-fbfba9711b0f,Mmiiwkbhpas,true
ff371adb-0fe5-405e-b906-61ccfab8dec8,Zny,false
53c7f895-4fcf-4f12-98ff-69548d121ea5,Zgcbncibkfnwc,true
e3884073-8a3f-4a00-bed0-cb8b39a8a785,Czszrdemh,true
c86f5135-d3cd-420a-b8ce-de0d95011e22,Dlobfkl,true
4aaacbc8-aafe-4330-9040-7190f79a2502,Nveaoak,true
78116e1d-bf36-4874-8366-73ee38a92d2a,Fzcdk,false
9d9b2063-db77-476e-a2a6-c43ca85eb5c9,Dczkmpzl,true
e925e2ca-ff5a-4aa8-aad1-12f1e833dc6d,Vidgmbbe,true
de80365a-9065-4ab5-bce7-3246ef7532f5,Ogzywktvzxjvmmc,false
85556d60-3d67-43aa-9e3d-72f5ca5461ed,Fwmszfjev,false
6e54e072-e562-4a3a-821a-d5468b58a3d8,Szudsuugsric,false
cd655cf0-e7d8-4066-bf38-5c40dc9ca610,Wuxeyrjejdohua,true
1e97dadb-2139-4e59-be69-5a4c4e0aa30a,Linejlxz,false
92529a6c-c28c-45ff-ad3e-45a8279256e4,Kumq,false
afcbdba6-32b9-4b19-adb5-5783679bddf1,Qwgaquif,true
6e9088d4-d0bc-4f70-a341-335472b15e69,Ioxewjsmsycpdz,true
f987b059-8489-4255-884c-ddc952b79786,Ygo,false
0a1a1855-ee62-4379-82b6-1c94fe7d69c3,Egpfbyir,true
2bace3bc-e0e0-4e47-9716-0bd4d9878f5c,Deixkdjyrv,false
4aef7306-459f-4ee6-83af-2d06ee1f4aa8,Zdeuh,false
1edd054d-aeda-4720-a722-879d97de735b,Cvftosplhvtofsj,true
6db983c4-165e-4d09-bca8-24e0b167cc91,Mghmnewxcmvjti,true
77c809f0-407c-4459-93b5-601738188690,Ipzycuxerlhxk,true
d46d8483-e54c-41ce-a2d1-7d6667a6bf59,Jgggpqqqqj,true
fb500429-4f9c-4103-a18a-79bdf23761da,Gzkbonswu,true
4826adbf-db93-44c1-96af-2fed61247904,Gbwychyscfzkr,false
f4d4a2a0-86eb-4851-9193-3df216197089,Fiwnzdyuwj,true
67277c77-b4c4-46e1-be63-67176bdb5f03,Tnymams,false
71b36c52-bcbd-451b-aaea-2a954a296fae,Msfmuoubn,true
baa57ea0-8130-4939-8d35-f79c40ef01fb,Jgbtvalciwtdu,true
4c5e7990-d4c1-438c-867f-6d5e7f01b8cc,Xcvlexrz,false
afc9e81b-df78-4775-ab90-04d09b3409ab,Zix,false
fff0e1c4-380b-43b1-bae5-056da7ddd3d8,Ugjitwrhdrog,false
b3d0de7d-d672-4d73-a23b-8a27ffc4727e,Pfzsh,false
79f03c35-6cb4-4248-8fec-0919bcb6f44b,Dresoworez,true
e0c3d362-6af6-4d1a-a798-4c5d9903da89,Tmomd,false
1ab1697a-4504-4afa-9539-b8d536e7873c,Vakwg,true
2521ac38-46c3-4ef8-86cd-c052e3dcee9a,Ohlgekwe,false
39e8bdeb-32df-44a5-a19e-4968c23930ad,Nhhzpihxd,false
9c195786-9c45-4092-8281-baf01fe0fe41,Olkmiqhrqobu,true
4b713633-a028-457a-9c3d-65a28f3114ef,Vlwt,true
556c2e99-a865-4e60-823f-bc5272bb823c,Svuu,true
0e467835-ad0c-43c8-9591-da42fa724891,Vpsrunysyt,true
0d2b7ff4-8856-45f3-ad21-c56a46f68f83,Sunvblsoidk,true
96435ee0-2337-43a8-81bf-b8972dec20df,Olqqckwo,true
3a364442-7fcd-45e2-8015-d503f924bf89,Zoqrkkwzgxgkdft,false
e9f4a01c-6c43-433c-a615-5c0dd7dc0386,Pfmlfewuiypzn,false
a97efdec-ad52-4f2c-8d5a-baf2d9582d7a,Elzirqbmj,false
c6d77e85-53c9-4080-8538-de10472bd65d,Uriix,true
c72558e3-c6a4-45ec-89a6-34630743294d,Xavzp,false
90ac7110-6594-49fd-ac55-6c5fe4fe64ad,Beil,false
d645e456-ea78-4861-9008-948b14fb4be9,Yfcluitr,false
b9eb2cdf-ebe1-4815-91f2-e200c40b429b,Rrng,true
07669951-cc3a-49ce-bed2-c9de439313d9,Zyqft,false
2f6a448e-4927-48ba-af95-d96f5e11ddda,Lyxwynkfa,false
fbe4a475-2510-4d01-8142-06c797ac0d3a,Cppfdv,false
ff629a53-2b37-4148-8f55-79c02a567d13,Epacjtdqimqarjy,true
9198ba32-160e-4ece-b0f1-690a08be5606,Fkmulassyotc,false
78e00a11-800d-4355-99c7-9be5a61c3ac0,Utcjr,true
477f2851-5cbd-4476-85ca-7a49293dbcac,Fakd,false
8ebe1c77-f36f-4ad8-b3fe-5620dfd530ea,Ukpctdzebbg,false
bdc1b74f-2057-45b4-ab28-9bb601c9832a,Ubhucki,true
5d91410f-8ceb-4f97-875e-ec7ad38bd157,Qynmahfylb,true
484e26f6-4bd6-4105-8ae0-5cf1b111fe3e,Fdocvzket,true
52ef10ba-f709-4471-a99d-50a3e7efb2e8,Zekbgmsgajbp,true
1eb96510-3d09-4709-9a3c-941cc511205f,Gwkizfl,true
b2d9adfa-fda1-4e93-bad3-e31eddccb0ee,Vxksxip,true
e9d20810-c452-4d9d-9191-912e744d8600,Ukhbegqbjj,true
10c9a91f-1046-4e3f-969c-75060dd1b728,Azabvu,false
faaf2135-e66e-4c52-8ac3-41049c2712b9,Darqbsjm,false
8ee19b0b-2fd0-4ff9-9e2a-f5f6ef669c84,Kpqrmm,true
46120d41-0042-4dd3-82f2-d27fdebbbda2,Vswlscop,false
0a474d12-0068-4092-8168-0f409f36fd76,Xenqjs,true
8918b364-408e-430d-be66-ebd685439cb5,Usvzqhc,false
82fa2914-f582-4ff6-acae-c304a64922a9,Baltuapkmcnbmvs,false
cd558a0e-5367-4eb5-a5ac-7a66e390b151,Ubnzxplwhb,false
7e6c7652-beb5-41b8-b6f3-f234b59704a3,Sjew,false
6772834e-ec99-4d65-b86e-fe2a4c949521,Ozlejccbxqsvlbz,false
a746b52c-1f63-45c2-8395-3d4ca822c2c3,Tuajksuweclxo,false
819ade3d-2abf-40c7-b543-56ffa802a7c3,Wdkhqtvuq,true
978b47c8-cded-4631-b928-4106516e75ab,Jkqnxwmk,true
9d59021e-1852-46f2-b594-d6cccac58465,Lvghiqqcwuoalzq,false
3ae0fe42-254c-4f80-aa33-df7d3b376068,Owjraun,true
2129332e-d6a0-4f92-bad4-2eab6a9986ae,Hunmmgvfqzak,false
2b73a641-9fab-429d-9d85-e0e83ce69cf8,Xdldwjwjohengfr,true
838df5fd-2a1a-408b-a309-109b4f19592a,Jtunlybiavsbev,true
8c8b82b6-7b5c-425b-8de1-a980126c672f,Ggoycmta,true
8d249684-47e6-45d2-a8af-76ffc123c331,Adndel,true
43042bb9-09e6-44da-88d2-1c877d793869,Ldejxxgqs,true
bd57ed8d-d668-4b94-b731-345e69004e8c,Zbrlydsdwnugqhv,false
adf5e8b6-7975-414c-be2a-310852ea15d4,Lrlmf,false
925f6263-e162-49f2-ba34-f2ef90982eb8,Omfzlexg,false
2772ea01-44c7-4ff7-8c68-651eacf9c95e,Noymsk,false
40e2d145-f537-4e2f-97d3-faee1b9cd9ab,Yvwznxwiqbt,true
8ef0ead3-b7cd-4405-9315-217f629c5181,Ifpprtq,false
1817e023-dd7e-4a70-9e12-090ce4b615a8,Idaztvawkvrgw,true
6de40a53-52e2-4536-8a2b-3900d1a64dce,Spq,true
a221f2c8-84af-474f-95fc-720701c2dc41,Qlyjhny,false
efdf0040-43ba-402f-b1ce-89ba4dfdb282,Qqaqdgzsulf,true
57fd6a81-10b2-445e-a837-63967cd9219b,Eznx,true
53b367ba-c6f4-4574-85e9-d2f1949bb3ff,Vzekcfru,true
0117d892-c837-482e-8df5-a934a1dc6c7b,Usyqzdt,true
66944928-c506-427a-ae7b-01504548f17c,Wqsfxafok,true
9b568b34-ae4c-40ee-abe8-a114a2e3a83b,Totl,true
d20b66bb-7eaf-4065-82be-b6067f3ee503,Gsc,false
4fa5453e-b3cf-42bf-aea8-2a347b8b9adb,Gyrkqkdrwjthz,true
bff9a8f5-2920-434a-b53e-213ecb25e5f8,Avzsgwpzn,false
50724b80-c824-49e1-8120-b1e3500cdb28,Hdt,true
c976b7fb-1fe7-40ae-aff8-1651f38ae49b,Pcslvbifqobk,true
d724369f-355d-4490-8c85-c42396567ebe,Gfbvxwtfd,false
153a5cd6-06c7-4e84-8789-251a7b44f661,Pxq,true
482947c0-ecf2-4e88-9162-064173f39b00,Yojxixqxxx,false
599b3fb2-c49e-4af3-a3e3-d27656bcb1b0,Wtluhf,true
fb93dee3-61b3-43a4-8740-8e397f7c7f7b,Dchqsqggmmlud,true
504a46a1-f7dd-4ad7-98ef-d1c275259ba7,Ahdurfmt,false
91f54a42-b5ed-4000-96e5-841b39dd6186,Mavs,true
e966b14a-52ff-4c94-afcb-d400691e7c3f,Drzkrl,true
7137d63e-1b9c-4778-a891-e64278d09477,Qcui,false
8450ab69-7155-4381-af1d-e11ca7517fd9,Jnhlh,true
b784d8d4-fca4-455c-ab7b-7ec696ae6b1c,Daeki,false
8a6cec2d-828f-4a0c-98df-f4036cb94592,Dwvoyiksq,false
ee63be6d-3007-4fce-83ef-cb226ebde940,Dmvoyewyi,false
e9b14418-fde3-41e6-a695-1e503c22b34c,Hirwnriejb,true
7c1f7805-dda1-441a-af27-43ac87d1d210,Xpf,true
b5805074-a8f4-463d-bc1a-90e3c13cbdc3,Prerwjju,true
7afdc367-bfdb-4464-a41b-52430943b98a,Bcmsnl,false
0275adc5-56c3-4bee-a41b-bc719dde1de0,Kylee,true
203450fa-4e18-450c-a395-d5ab51471917,Nvqyhlrhwxwdszy,true
1c0d1d76-8d4e-402d-bf6a-d06533ba5f7a,Albe,true
d96007d0-bbcd-4f45-a543-449d81d663c7,Shoddoqwtnmbpcc,false
07047d1f-d028-4cfa-b733-e18000ab9f5c,Fhyadphacoots,true
b6b839c6-9727-40ae-8904-671f25aef826,Hvtxzrhl,false
b021532f-45dc-4c7f-aa04-00b83542bd4f,Cfkdt,false
d2fae265-6e9c-468e-b3d5-5bb69bea7c0f,Ochudkpdbwcxd,true
f88cde05-5293-4820-baed-f80d13fba5f2,Iqigv,true
677360fd-6807-4a8a-9e36-c2977aceb42e,Jgtbzkjiiqcdoyd,false
db350c94-f2d0-42e0-9a98-6edf0505ba7f,Bsnwc,false
ba690e9d-2316-4c23-90f7-334c5926fae9,Ekyrn,false
dda363b7-337d-41de-a7ae-a3e10e41c25b,Kqmfg,true
71a2233c-ad0e-4026-bcbc-1c97b3c65e46,Iymjxnczlwq,true
937d0114-b025-4da3-b04e-d1b3a9819c98,Yjt,false
8364b7e0-71cc-4b74-a07a-89cf631cbd22,Hjyng,false
ff8a8583-77a7-49b6-8f80-2c301f07229b,Izzaay,false
02666f50-752b-48ab-b90b-c3231bc57c6d,Jqib,true
b21626b5-a837-416f-a23d-32840c0b65c1,Wgwktxuaiio,true
71893869-4de1-43c5-b15b-05d8f5de95a6,Eogtbvw,true
eae2a001-0519-48c1-8241-e649a85856ac,Hftmvrwgvhme,false
3a3bc62e-496e-4080-a9da-c505216c92bd,Hecz,true
a7ab0005-3946-4cc4-96fd-25d8be13248b,Qozf,true
befcf8c5-db82-43ca-822f-d9e9c8bff3b1,Apztuvvzvs,false
99ae39df-b280-405c-b1c9-468ae2eafdca,Oiotdoubspjsou,true
d69557ff-7574-4744-9212-c8994ad8704d,Ypxvksnisakqf,true
1a8e44ce-479f-4f35-b1c9-aeff63cd06af,Ubiwcjxrqegicyx,false
f46f551d-594d-4b59-bba6-ca2d91319892,Hpjqlwbrwlfpl,true
90fbcbe8-d960-41d9-813d-ae7e3ec0f0b8,Sxptzbjgfnggapn,false
221a9ad5-6b13-4525-b0cd-3f6cabee529d,Wmqrwbl,true
0c142933-568e-43cc-be3a-39ed22d2a4a2,Ggwknlyeniov,true
338d6062-3378-40d8-ad03-2dc1a5c9b40a,Qcyqlhjhsofnptk,false
3781c8b9-5503-472a-91a4-de2e6a405518,Oqshr,false
d51ba73a-feaa-46a1-a9fc-4b5fe4bb58f4,Hlbyeri,false
696e6712-dc6b-4048-8bd5-795bf5699b82,Awgqtbjfkgbc,false
522fb771-14f4-4a8b-bfe3-ea5cec74ae3d,Sojsio,false
1b02541e-1dff-4e4a-be4a-d20e0c103962,Zqqkb,true
8430e5b9-e24b-445c-b5bf-c35a2f78c5ac,Sld,false
90bea2de-13c7-4f0b-b39c-8ccb9e823c9b,Hezbew,false
c95ecb95-d397-4c25-9f99-77b519938b15,Qdafejwljir,false
65c2f0b0-60af-4147-82ef-08967d23d716,Wqigt,false
0b7d6760-adaa-4133-94dc-c459b695e9bf,Dda,true
ca7caf72-36d1-4333-8c42-5b87e5444dc9,Zobxizlzxunhzp,true
c823c87c-e6f3-417c-8a48-d7a12c36d51a,Okbe,false
49ecb4a8-f5b4-4a90-85a1-a00dbebe7463,Vznbfyvzakv,false
5634cb42-4c3c-436f-a1d4-7b35fb5e8d44,Rmfjc,false
bf560187-b1a2-4364-97b4-ce776d244149,Mqzeduqwzjeq,false
4a0a7bd7-2ffb-4ba4-b908-27637881050c,Nqczzdcmhnpdo,false
a60ab201-ab3a-4abc-8870-41634882eada,Chp,false
bd2d501b-4653-47d8-94fb-d3094fac3ceb,Tzwrbfhmfzlei,false
0ecb13dc-14cd-4732-adea-6578a510d848,Lammneqqwq,true
3d93e817-d8a4-4fae-abb1-48fb94548f61,Ovcprditeoon,false
4feda67e-dfe6-44e3-9fc3-468760416199,Rbgmszfmdtelnyj,false
426300dc-ed51-4683-9131-3b4be8faff05,Mwdlysjcjjz,true
88ad4e49-cb66-4dce-bb8c-dae33e98c654,Zoucpqpnslqjt,false
73766d96-055d-4705-aff8-60cf3bf4f795,Rxvidlaemxllr,true
031041ac-028a-4873-8dbb-a4a05f32e091,Obfvnhglhm,true
df354403-4fa4-4b16-b642-36047ef0fc5b,Pspfmpitqeoofyt,false
efac7e3b-9c52-43cb-ade5-344448aaccb5,Oxt,true
4de3b5f2-760f-4a73-a59e-d8b2d1fe232e,Ffrbg,true
d43e5e07-78d3-496a-b943-b32f68f9fde9,Zekleursfjrbdal,false
fada7b04-ed2b-4b1e-a144-482e065f9f12,Kimu,true
6a7e81f2-d524-4a6d-9872-6eccb14be27f,Tykzett,true
aefe062b-cc94-4282-b061-682bed40150c,Etezpdcxjnovaa,false
42f41fb0-deac-4684-af9a-bb2e34d90a3a,Nfm,true
77ec97a4-83a9-4c16-9606-a75a3d8629c6,Mudwy,false
ac16d55e-4463-4a32-9f4a-ad8394e4046a,Knfqbdlviivl,true
c9fc94b9-a454-4958-aa2e-e9d4b2ef21d9,Dzq,false
81fc0b9e-8fe5-45c8-b486-fa9759b1ca2a,Nbeobhhw,true
94b88cbd-e487-4a2f-bee3-98b7bb65295b,Mxtaygyzrllq,true
bf44405a-8876-47f2-9187-15282ed92186,Kzicqntdzsjohh,true
eb84bae9-f8f4-4463-9916-a46799a63343,Nratngw,false
29203946-367c-4f77-8c0b-b3fd76ff3b6f,Boclknflfygued,false
5ec7663d-a843-4157-a28a-7e621eabf839,Gahrf,true
bd2bddbb-c914-4c39-bf29-8836c299aa9f,Ubsyphw,true
7d24bd96-8439-4aea-b488-76b13cda87cf,Wtamrnak,true
1f90c081-6bc9-45ac-8153-ce19120cfbca,Azupbpzz,true
d558d543-a384-4601-9acf-9e2193eb72c1,Baglcidkgjsz,true
c46108b5-fdef-48ae-9793-f001268452b6,Gjxnztdauxe,true
35b19953-e265-444c-8b55-bcae7471402c,Tmdzyessxn,true
2938cdd1-1c5a-48c2-99bb-ef5b4cc34359,Nranfr,false
3ee149de-58d4-4e32-ba82-aeb9a55ef3fc,Xquhgcicfnzx,true
7505a379-27e6-4d5f-93f9-5c7a8e61181b,Qpioutnhgiay,true
95270ebc-6a41-4b97-a22b-f0075d7edb09,Gnwjjmjrs,false
8a81a111-2d23-4b9a-a2c5-86ead60b2348,Tflypuqvy,true
f96fcdd9-7510-44aa-b7a4-ad7c951cd963,Evyfdf,false
db443ecf-2c62-4131-906a-39cf2a794f31,Teckn,true
fab5c87d-43e9-4e5c-bb26-58757b691240,Ldbmnifbr,false
fe9715f6-8cf8-415a-bfe2-4af607ceb695,Fmg,false
dc53a54c-dcc1-4242-b827-1fc80b2902ca,Klwqritrb,true
b2484af5-02f6-4288-9940-c080023a1fd5,Ezpkoi,true
96aa54d4-75ef-4fb2-aeee-6ce2a4b420be,Uzcw,false
8212d9e6-761e-4824-92ff-e5886f576b58,Clddxfdgrh,false
59319bde-03b1-4030-bcec-869cda279d2e,Orkwfuowhqrwtd,true
8c2b8ff9-667b-48b1-8f3d-c18fe18eb71c,Qawfbb,false
c5c2e989-7ae8-451e-bfac-1ad1b1cb09c0,Vvznimw,false
6fb9bd22-689c-471c-b228-0141bc906ea8,Fayrnubzlkjbo,true
7a3b5072-8616-4fca-9f0d-8da573544420,Dkngixyk,true
7084beb7-d4e4-475e-9448-9f6201015427,Rjzkker,true
a03def63-97f9-4ba4-9f0d-b1392ef7103b,Ljgzgnvgakobdoi,false
4e92b716-bb8f-46b6-bff5-c24ffb0a9c1e,Tnosldxzkjub,false
f933f9ca-d871-4b84-ac0b-7c0ce2eb91d5,Worjnjz,true
54bc8d63-0436-41d8-9167-5edc1e6b9966,Plcuhab,false
4bd7e083-a278-451d-9bb1-c993b525c4ee,Mzabtbgcatrt,false
53f8758d-09db-483a-9609-a1333e3b00a7,Mlnchxzelhbd,true
1cb7d203-8150-4d2e-9ea6-bd6115b59831,Gts,true
0f12ccc5-a6f1-4aaf-8561-6bb0796c9b9f,Vbezporz,false
d20a99f1-4cf9-4813-9448-df4ae50c92ed,Xcxqgaokx,true
ab706b24-70d5-4c4c-8be2-c7c74b019cf5,Pcplsimpymgttox,true
c1ca16e1-7fdd-4b7f-b6b2-18271cf77b54,Hkunadgzkdwwltk,true
6880bbe5-6d21-402c-a28c-76788b52d1f3,Yras,false
307501b5-1753-4761-b2c1-21c79593e5f5,Eckkwgkiqwm,true
bda91673-984b-4781-93c8-1abeaebdc379,Wcccfcmvq,false
f05dcc34-e6d4-4cad-937e-e79369708b01,Chpjanf,true
24bb9f32-735e-4986-b251-21a3109826ee,Dueur,true
b0e82110-8175-4d53-93f6-13dbdf2c9bea,Cxemdwcdkzdlsao,true
44830c16-d2cd-49fa-96f2-b16eab4448dd,Slltrx,true
c8a44d88-a387-470c-bff8-5b05308c8580,Zykh,true
5912aecd-f629-4c83-ada0-6ee16b233e0b,Cmzleq,false
619d221d-73cb-4a1e-97db-a05ea57decaa,Qzyrrtwzobids,true
e81ee66c-aca3-4f67-8f9f-b3a4125e989e,Ayymbjd,false
9057f589-ef8b-4fe8-857b-22ead2a75ddf,Nnjsfenfkkjpuab,false
dc062658-59de-436d-9d12-a169d5f79618,Qpttsvtbv,true
49d262dd-96e0-4579-889c-87f47e61b9de,Thwl,false
8a1384dc-6ff2-4fb0-8dbf-04986dac6708,Ofbrcnofyscdmo,false
fa20903f-bc03-4482-8526-aebf8fd58db5,Khottmdf,true
11159d7c-e0ca-4381-9eff-231c7e5b3e3d,Vjgleh,false
d40550c6-9cab-4403-ae47-23b0b9d7a712,Cik,false
f8a68a0c-dea6-4a6c-89a7-2c0f9cbc4ce0,Jxmtkuyrkcsntv,false
9f72f97a-e89a-46d0-9b3a-bc3d3b98881b,Nfzuvmhlji,false
31208540-a4e2-4957-9bdc-40086772d330,Vpyliorhafyzt,true
8c3fe6b6-bd5a-41ea-8292-15a9af477005,Ogzahot,false
ea611385-184e-4bed-831f-0cc7713956df,Qxbygujdlikngw,false
a89e9e37-d167-4dcc-8abb-52f11a20dd1e,Msjfrbkau,false
3861b4c5-aa66-45fc-909b-87b5e2976748,Iupqly,false
3d87ae21-153d-46bf-ab95-b124ea57f576,Tyjswpprbepglit,false
8abb76fc-8940-4f40-bf57-8e3d29ce571b,Eadeak,true
13f562fe-71c1-4366-aae2-6f49ac7e299c,Xnmegmwjt,false
a636338a-38f3-4918-a10d-de0c98b21aca,Eeqr,false
2c9c238d-fa41-429d-907c-673551f8f5a6,Tnbnkpkxwmbieah,false
5a05aac9-cef8-4e88-99e2-bf5c73cb37ca,Irs,true
ca603332-e401-4351-82ad-b54c7ed54978,Oebdrrvgvlhfglj,true
c41e7234-ec95-4c88-a4d2-13e686c30fac,Tbewgjjxffu,false
e6cf1720-bc6b-4a0d-9512-f2413a11fdf1,Wmtpzsjowluxe,false
7746d7d9-6e3e-4ca4-9cbf-085a9a03311c,Hhv,true
80b39d4b-dfc8-4f22-8d96-c8c163dd540d,Ldcphcpqhgein,true
fd50da70-cd1c-49ca-a754-96b5dfd406f7,Wmm,false
1b7f4875-3f24-41bb-a5a4-1e5234269054,Lii,false
ef9ad0d9-6e80-4359-bcde-cb733376f037,Tmmkagqfon,false
bff8941a-cd69-44da-bc35-2b1dcc2fe2b3,Fsxmwjzkusndkk,true
97aa39ea-7f48-4b49-be1d-bba25cd83420,Ecibjefu,false
64f563ab-dfa0-47f1-b726-c07815f93598,Aoenzopaoibap,true
e6d85edc-97ab-476f-8759-93e48ff2c399,Uutcdrypdmgcl,true
00419074-c5dd-4f2e-9b22-bac0a9958c51,Yyzwpf,true
a89d1fdc-5f53-48a8-915b-8ee066556869,Voztomsivs,false
f3b5fbb4-12bb-47c3-9e63-5955456b07f6,Ruhipzc,false
5eff8533-323b-403c-9baa-3cbcb981c5a6,Zsopvojbp,true
d0016d03-0e48-472a-b980-240b186b4dff,Gnkghak,false
c0ab22a9-9151-4b62-ad92-0acefec89003,Azeklam,true
2960c695-4f39-445c-abd9-4b87de33fe5b,Jgveq,true
db0e7034-c858-411a-8007-1093a7239edc,Fmvk,true
9128fc21-cf3b-49b6-a449-7f834635c995,Qtruzuqhsyg,false
42469497-d827-4853-ae6c-0577e2de7c79,Keg,true
d042d298-2255-4670-9ba2-dedd160ae94b,Reedwcomqioflhb,true
c4aaa731-7d10-4b60-ab77-44737a170a42,Bkkmwqsn,false
1312ef23-1105-41d8-b884-48b54e57078d,Yxpreu,false
0b30d570-0c83-4d9c-8e82-f895e39c1227,Qscvnn,false
b9509af8-547c-430a-8ff5-aad0bae5ab5a,Fzayqtf,false
17f83b23-2017-4546-8de6-5be247bbe4c3,Dvxvmuu,false
9f97f073-6b32-4b8a-a225-92874578dc2a,Jdmxx,true
c69a9804-d5bd-4093-b3ed-708a8e33ac80,Scxrhvnebxzmr,false
0967fc4f-c7c2-4c0e-a57d-64cff51e3085,Emsefosloicbe,true
f5a26351-4492-4358-89f8-aabb5529f3ec,Lgnnmju,false
9637b03f-05bb-4946-8023-d7f937169c49,Xlimwqkhzbsxl,true
b84758e8-34ea-4fb7-8095-192e8d18539f,Lusrkhldqgz,true
64e070a0-17fd-4b89-aa2a-fb63c8a89a0e,Urwvmoippamc,true
75685dde-38b6-431d-90f9-aa2bf0723c8a,Puvdeeyswmdpu,false
70e002aa-d596-41c3-8fac-4465bad40a45,Wxmgc,false
48435678-cc73-489e-a016-6b0aef46eceb,Sebpd,true
9ee2d9b6-2077-4496-aa65-5a6125a7d803,Eyxfosa,false
aee2ce44-b044-4094-8e7e-64de96986ddc,Vxyrkgcjqmols,true
51338edc-b459-4092-b1fe-69c6494daf5f,Drsftudvuuqx,false
3ee86ca9-c4ef-41b2-bd5d-de519f1a560c,Dtkhiwtqcp,false
65362b98-ccbc-4d03-ae57-dc0c53e20212,Qqrealwyqzrqcc,false
33312484-8977-4c03-970f-014607374075,Agzrejxuw,true
4e92eb94-2d66-4b8e-a906-0cae1e3400cd,Dluow,false
c5c487e3-226e-49b4-a61f-e90c897c8d54,Bxabocfwwqbzew,false
e158a567-0543-47c6-9b46-876f116d89c3,Ruuzwkmfkgsuy,false
152e566d-5810-4cfb-bab6-d9b24eca5849,Fthqdfxjfwlrn,true
4a252b3d-ea75-4fb7-904f-156d22b1e67d,Lwpbonn,false
dcd77891-e1a7-4660-b16d-e6def6fad213,Czlmlrfubdxytqp,false
9227347a-f263-4989-afd7-1b6a89a8caa7,Milsfth,true
fbe7f7ef-7926-4f8e-9c6d-100d620be5bf,Xfc,true
568ab79d-edc9-48fc-b72c-aae7b1c290ba,Dntomlkhmgq,false
001c1db8-6185-43e4-96a6-14a3fa5fc054,Yxrurahnzwo,true
343d1be0-15e9-4a87-b175-d7a15560463a,Stjkolu,false
c66f55b8-a061-4e4f-b587-ae10fe79f843,Xkuhviws,false
e7e9170d-5e19-44af-8181-b5ce8096c580,Bgjpqxzbxmgruo,true
d1ec6388-0081-4fcc-9d6b-febd0703cbf0,Boppyyvhcjxljlb,false
84a69946-9e39-4351-8248-2bd6b106d95a,Maxgt,false
8e2f01da-fd8d-48bb-a27b-ba69fd5e4dde,Ondnhrmsrlezvqa,true
5aa784fb-15df-494d-ba73-47d39e7800f3,Xgrnzvn,false
da987b14-0fa0-4783-ad14-def3637bad2b,Wcjodvvygyft,false
ad4e0969-2e61-48e6-9a27-984f2345e232,Cfkfwbtggfd,true
fbdf8834-491b-4c81-98e3-2b72e02ef8c4,Gwopfeqyyznl,true
62eaeaef-2931-4bb9-9188-9887160ff63d,Tbxknwdmpr,false
17b4f86e-0249-48ea-be83-2ff3efd0e731,Lrjwcuc,true
8f650682-34e6-4881-8cb1-3a87ef31c766,Hkqfetxll,true
a9eb4397-3df7-4cfa-86dc-4c2d3138802b,Cbjsdywvuaupkje,false
f06cc386-d6ee-4fc5-8989-88e2eed4ebd1,Cbl,false
5076afdf-bac4-4d00-9273-2053aa18bca1,Jaivdogttzquq,false
1ed5398d-ad7d-4d5f-8521-8d5d9f9369e5,Aojzouzvogjamwb,true
f2dbdc3b-4cfd-45a3-8d5a-c58548fd6d2b,Mbbydlvudzt,true
dc33b142-caca-4342-bd83-5ab0d1bf2dad,Minogtuwhtqongz,false
7beaff42-49b7-43ab-89a8-f85608a1796d,Ryzepbjed,false
08ceb28d-ce64-465d-bd87-d1be985f2a33,Vmraeabzstkhjs,false
3c55acb2-6887-4faa-b566-7a6419f52d02,Lkepcdmsbdtjf,false
10f43238-b4e9-426f-898d-ffb2e4b1afbd,Uxvwznbx,true
9873820a-0646-4e36-8df2-3a831eb5cfcd,Svczct,false
e301b052-4c8d-493b-af2e-0986aeb61fb6,Wjfhii,true
4694f6f7-da60-4c87-ae64-a6e0a592a7c7,Ucodkfiqtu,false
1b52c874-02af-4e0e-a7a5-3857061a1736,Ltn,false
9e10d8e7-904f-4d40-a675-35fec6dee641,Mghmkubwcduzard,false
008bfd8e-4298-43ee-9258-0498f5bfd331,Ttsx,true
5e764b25-dab5-4f82-9ab5-85df1f413ec1,Zxtbspvxngrd,false
84d91326-54b2-49cc-a1c1-6e30397ee225,Cmxvazqauqfqi,true
94fb0959-e466-4136-bc0d-aa0b29604971,Kpf,true
295a404b-14ef-449a-b26f-31b6722b9f5e,Xjih,false
fef4987b-05fe-46e3-819d-57be3234bade,Gbdtjdzdtrpv,true
fe61b187-6326-4a50-af19-b52c524afd0b,Zaplbsqyrc,false
65c58e8e-dd62-4d24-aaa0-8b4865123ed4,Grd,true
aa9ab1a0-93b8-4727-b756-89b183d3ddc9,Kmpyqjdvlalilva,true
2d0b6b62-c057-434a-a2f7-f216e1a53169,Ypvcwrxqawia,false
589876c7-1a5e-403b-bca6-743fe1cad17c,Ytfqcoefbuiqd,false
cc8004b8-9a79-4967-b4c8-d5466f6021a0,Hyjetoiqatgzm,false
e29775ef-667c-4f56-9a17-c9d0556435ec,Ieegybkascx,true
a02dc108-d194-490c-9a37-dd5394921b73,Nbpdxyicni,false
c3e5f0be-4e31-47f5-ba33-3dd8d52f144c,Wechndz,true
e7f85796-57e8-48fc-af53-607b9a9e6756,Srdsdfqn,false
0ae0073f-938d-49b2-a579-ae4bef0a4fed,Zpjkzj,false
1bdb1df8-6609-443b-9a58-b573201165ab,Yphcmbxzpehw,true
a2856a98-54a9-4c1e-ae18-198c3253a3b9,Hkarrptw,true
5f7d4e67-8864-4cb2-9909-c349a446f48b,Jnaxfrmvwgd,false
7e61b041-1a31-42f9-b2fd-752a84a85843,Skmcnbelcmzd,false
100bdef5-67e4-4137-b43b-aca0525e1a5f,Yumlttkgfv,false
5e01fa52-c462-47fb-af24-e94f455a2361,Pqtet,false
38909668-5e09-44ae-be61-5fb87c52e0af,Wurordoysrc,false
8ebe22d1-eb2d-4c90-b562-9ea91f67c9d0,Gltpppqllqf,true
598c9367-ab69-4563-b4c7-008bac8134ca,Labyha,false
ae5f7edd-0fcd-488b-91fd-051cd7459d8a,Xxhumhxxmg,false
641e324d-3352-4ed6-b9c5-2ba21735077a,Dldgpwibik,true
b8cee35c-164b-4fd4-880f-c7768973b005,Fxquzcwkec,false
cf8f55bc-ad92-49f0-8a60-f81b9d5c25ad,Jxiqkb,true
13062474-934e-4c4a-923d-896e7d312f27,Ezhlahogfsva,false
cf006990-9141-481c-af20-2374d11baddc,Yvr,false
cafa2356-8aa7-42a8-bbba-a1cc11034473,Whqvmlksmsw,false
22d25c96-fd53-4505-8172-e1a5921f24dc,Vsjvdgzeat,false
55478007-c513-4f4f-846b-fd7a1a9b3f26,Szrazgesbjop,false
5a4be2e5-7c72-4df4-80a1-9c3258b937de,Zfvmuexl,false
d2b1c7de-4652-443d-8e96-76c0b987673e,Apcqqriqqpvywh,false
7908a3c8-2702-4def-b3f0-1d1468504704,Aqhmlecqeifnce,false
f24c052c-6932-4da0-9bee-076b94f96906,Kgh,true
9dd65ca5-f7d4-46fe-bf99-6c8f9ede0204,Nfubycu,true
d00139aa-47ed-4daf-8e7a-01a2dd20bd85,Vsslqyv,true
f13c91cd-9972-4897-acce-2b2303d142ff,Biljmeanpikgj,false
ee023428-a520-44b4-b2b3-dbd92257d241,Tfmoulpnixig,false
c9fac712-8a48-4858-b731-1d5fadda171a,Uyxlispanzy,false
34d3da66-ea8f-40bd-9315-2cb2251ccd9b,Gaoklgt,true
e9f76134-7550-47aa-873a-0a9abd85159d,Sweuhjr,true
6c63ec1a-327a-4bdd-9584-ab4488159af0,Oqeovamocogaxu,false
ea228be3-a499-4bdc-af14-9032b6c7ced1,Wtsfijqamp,false
6e0fdf52-82b0-4eb6-8cd1-a160b43e5dae,Imvxjwhplhtl,false
fb12a703-beba-422e-beb8-29ce9a9b4f38,Iduywafialdfb,true
f7e08a3a-85a5-4cf5-9d9d-c6a8962da2ae,Tqhhalfphzi,true
26789e98-f361-44a0-9353-559cd34781f1,Xcrtypmpnau,true
0057c611-32ff-4a4a-98b7-9b299f925653,Bpvjziloh,true
7dade002-28d2-474d-bfae-67605fa1dc34,Wrkimstsqfyw,false
920716bf-e6fd-43e2-a4e2-630da27b962b,Puqntejal,true
ed947363-0d73-4b2e-93f1-38fe20d598dd,Cvd,true
11c8624b-ecdc-4cb2-8772-a40157fc0142,Tmmhcz,true
3e5e4f4f-7664-4298-966f-37a7cdef9906,Rrvqdxgddmhlqmf,false
5e1af2eb-3837-45b0-ba55-f0d5b174f6bb,Frrxuvldam,false
e6864326-871e-4bff-aa4f-5fb8ac92a01a,Jxxrxw,true
72dd715b-d5a2-493a-b936-e971cbd13c90,Jtirvxp,true
77be0336-c37f-4589-8c6b-31a28239294b,Kkjazz,false
736b8fdc-8eea-4e3c-972c-d89140c4a7db,Xuovr,false
f90e03dd-5991-420e-8932-905f21611674,Osuzqqlnew,true
fcb2aac8-809c-4273-b373-4b65d6613b03,Ihnamrhjimohuu,true
706abe46-e12c-4832-b578-52819839a8d4,Gaqinhl,true
15c21280-e129-4e7d-873a-5d8b5138fe8f,Ndugijihct,true
fab3dc53-79c6-43ea-a9ad-58f94d41ace8,Rwbbsf,false
8d583fce-ff2d-4520-856a-29ee05c4d031,Vxwnjvsholfx,true
907687f6-3f73-42b2-8aa1-714b8ecf8947,Hcpjrsx,false
397f6ee9-1489-4a15-ba1d-dc02d1ece268,Nntneacpchfwi,false
7007bb42-ca54-414e-9adb-e9302f134365,Xnexrti,true
63c97588-667f-480a-a943-e79254dcc2e0,Gfevqytuaxinlb,true
6155b149-c31c-455d-a587-d10851061906,Xyxmxfsd,false
8f0457e5-92bf-47c0-8920-3e9548a74b47,Krhzpsncooigdbc,false
32cf3834-4ee9-49c7-b60d-424826c7ef76,Sfr,false
ea3e6975-41f0-47c3-a39a-01e6138b9e69,Eecvbdzj,false
3c3e06bc-f2f7-4014-b6cc-ed0e3a56da26,Npclkyevkygckai,true
175ac594-5bff-48f3-bbea-0c7289103db3,Eopqwmzim,true
953b574e-dbc3-4c13-a0e8-56f7512431a0,Rlwrh,true
1232ffac-1771-4f93-bb54-abd18a6c5829,Czsq,true
b300b0d8-cab9-4c88-be24-eab0d80621a4,Oyyqejrokdzzz,false
e9d264ea-fd23-48fb-92cb-5f95701d3c1f,Jwaddsogqmmkc,false
11ace207-6740-4a40-ab2d-d88920ec7545,Tzi,false
f46b5dfb-e8c4-48e5-9322-3fc601a75feb,Ooesdwgdq,true
79651d1c-c1e2-4c69-bd22-52972cc210ea,Rvixan,false
c5b26d1c-9e63-4d3b-9b72-3865b354ffc4,Vgi,true
489c5d17-b318-44f2-b973-864070d4041a,Prsvdhlwqheqev,true
7107413e-c423-4eac-a8bc-826e907c5016,Xkyeajijv,true
24c87604-64dd-4301-9a3c-b6e5ceb1b7be,Rofoveuwcppouwc,true
cae05d8c-bb6f-4183-8a09-1a49b727fd4b,Fotvqdlw,false
9ae2cda7-8683-4d1f-8378-47c2f22d05a7,Uwfdehkhpoaxrh,false
61f4d9eb-f4ec-4e34-88dc-637fe8a6b938,Wazcjwghgxhtjzt,false
7c3aeaf3-b3ee-4416-966f-3d51c570b94f,Iuoh,true
9c3708cc-c98a-4afa-9aef-d51eab333534,Zor,true
fec0e1f6-d90d-41cb-ae1e-fb92b6114c8f,Xzfm,false
81b6e16f-69f0-4001-a3fb-6f189e0f9f5b,Aeqfclefh,true
fd34c13a-819d-47af-a9bb-08cf4cf368af,Ekmnnj,true
69bc93ea-e07f-4bfa-9c72-b74d7f62aaed,Atstpjrppw,false
6c5fa86e-7124-42ee-b087-2c02da41de0f,Jnba,false
f178444a-6c9a-4dd0-bdeb-55f5079c6991,Rilqunwbgucd,true
708e19cb-b346-4d60-8428-2b286c116d6b,Higz,false
7cc094cf-2d19-49c6-b2e2-d93d8672dbc5,Okvvifp,false
63c540df-9788-405a-8c68-8265b0edb129,Oov,false
52ce1141-13d8-4741-b4ca-b91314fd5fa9,Iicvjvlcpodoj,true
7f76935f-133b-4551-9b81-bf775ea524e6,Tsiomtkbkp,true
ef529e0a-55bc-4126-8d06-3ed2d01cc607,Xcrxrgquvhyusc,false
108363bf-c437-41ce-8ada-7c4b3ee3e26b,Uqivhbranyuuo,false
f7db17d6-e4ba-472c-8408-9bd279bfd81b,Fdciwjdoprmxi,true
a0e930db-2f6b-4471-bcc5-271c5fed7c4c,Ympfpkvpfool,false
1a65f2eb-8a65-42ea-8561-63c653f77580,Euvgtq,false
fa21a539-5cee-494f-b5db-b0b1881032a4,Zucjqdaf,false
a6a6e739-ac6f-43a7-9812-d551c4675e42,Beqjqcnpbvmeujy,false
55aed2f1-f87d-450e-ab41-fdec1cfc3fc0,Fvenpofhbhruswi,false
7424abb9-2595-4904-9389-cd2afc2891cb,Utdnvhgredgkqjb,true
81b1b75a-b9d6-471e-9bf4-87e2d28974a4,Gzbxrbvfcolrge,false
6a2e49b7-d859-459e-a141-241264b1f361,Uilx,true
18331964-8d60-46a8-a313-efe3e605265d,Avdzddqfnd,true
db0c49ab-d92a-474b-b73a-60d9230cf4eb,Rvvibaeomygwmb,true
a61445a3-5527-4138-b106-00ddf1ffc232,Xorgwurriv,true
3328bdc0-7095-49da-987b-9c6a07ea4934,Ddrhygtdrqsawxl,false
045dc59f-8ebb-4330-8ba8-db4ed371c7e2,Wfodptjvz,false
bd9ba918-3cbd-4bce-a5c8-9032a214d813,Zhtdt,false
8c28c673-257c-4c73-b7f4-e77828c0332b,Mqlvdpaufibl,true
805fcaf3-9237-4472-bc33-9cce25280062,Dta,false
e2b64488-8fd3-48ec-bb47-cd27c26f92b4,Mft,true
c1e79145-bed6-482c-9316-dc388d5dd0b9,Idwlpiehw,true
a6799f36-e448-418c-8410-f6a46ab8f6f1,Gmvjsactodekapy,false
862228d6-e32b-469a-9391-e6f5db91f4e3,Ubyxtxwnph,false
aa9579a6-0564-4775-ab25-fb57ceb466cc,Aajwfxifnmztktf,false
c1f17ab5-7e49-4927-8fd1-253e4817079f,Kytyxivyt,true
f07171b9-69ad-4641-bd89-2b718c6eb579,Iecypffbw,false
1a08dfeb-e45e-4fd0-b338-c336c05573b3,Hxpwdyv,false
e730a5a5-51bc-4d26-bb88-3168b3269422,Tlenf,false
c3b26bc2-1881-46cd-922f-691ad62ed2c1,Gprwypsvjienaa,false
65a06823-2252-4196-b64e-00bd67998f3c,Iiyqbmzekuc,false
a4db8a96-ce31-427f-822c-5d9f1aca8cc7,Pchdvoqvlzvst,true
24c6c9ae-8d5c-4f7e-bb50-665c21eedca3,Ffjcukzddxx,true
74107a28-f97f-40b9-979c-197b1eb83d5a,Wjsorxnkugdlfja,true
8f23063d-94e5-479a-8efb-f16d053194eb,Ftnorxu,true
4300266a-45d8-42fc-a87b-c82876db9925,Mwylofhtaore,true
95eeafb5-580e-4462-9e91-513760e4f9bb,Gturewrwhqwc,false
e3475047-42dd-4113-a0a9-ab2228e677dc,Tzksbm,false
233db965-b002-4a41-9191-5c3273fb79d8,Ryogkimkbs,false
a9bd1c97-4c43-4090-a7f7-affbac194780,Dgnoppxxjjlhgn,true
ec50302d-254c-4f1c-aa28-dcbf15f50454,Ufm,false
e6e8364b-3085-4b0b-b4fb-3dd7ee2bba1c,Tkpql,false
4cdcf570-8922-4706-b200-e9b9026bfc16,Htwsllz,false
ce90ce91-21e2-46da-a960-1367eb6dbc5f,Axq,false
5b7f972d-1c79-4ce6-a9bd-b5a8a6de53af,Grptwozm,true
607aef42-af86-4fe9-a899-6570521efe86,Faa,true
538c1ce3-a799-4989-a9a0-a5fd604d4698,Mnwnccrt,false
15638bb1-6afb-42dd-84a9-334f0aa9aa8a,Blja,false
c934ba3f-ed45-4ae3-a18d-8ba3ea3b4c95,Odctpvhtbmmdwhx,false
8953f826-4116-4641-b029-11fb237e58aa,Aikj,true
8cc89f36-c72f-4f03-be78-fcb4f5d03bd9,Ihtjysobcwvjwq,false
0824786b-5108-4ba3-b861-8c727473f5a2,Drlvellg,true
ac973d94-a2c6-45cd-a4e8-73c1060c49ec,Plw,true
27a7c335-d87f-4072-bdbf-79e859d650f9,Faqalkl,false
2cb79b25-720d-4d4f-8252-ac3994a43c70,Jfzscw,true
d746600f-4ec3-4019-b93d-7322a531dd2e,Exzxflek,true
3bdfd990-39b2-4bfa-a444-2a0e9f4ad336,Wkapfnrb,true
b6e789d3-cd83-4d4a-9125-f7a2a119216c,Bzszb,true
9a40c6b5-1352-446c-98ba-cbf5812b949d,Dkuufwfovrsxr,false
96a20e9f-5102-45f3-a4ff-1a1cffb1f4ca,Zfpwuwbb,true
699d7028-b786-4564-8b11-01a3f4d8fee5,Vrkspoct,false
6c33c6aa-330f-495b-9bda-506833a5e75e,Irpyolggzhm,true
827d3f9d-9023-46d2-aa5c-a287b3869e84,Qvruzjjnejsodle,false
dadb0ffc-37cb-4067-87aa-16b07775930c,Cmyanorpabd,false
01d142e5-bff5-47aa-b1c1-7caf1b1f8004,Msiz,true
08bee779-71bf-4e57-85dd-eea2b131eb8f,Eej,false
07940d12-5fee-4166-8d54-01173d087e31,Gzbhdktr,true
42869c9f-756b-4180-a84a-5717ce94d9ed,Shazdtgo,true
7dc59901-f640-4ba8-8c78-27085b7e3099,Kdzghrht,false
171db60b-bbeb-4cdc-a85e-84f94425556b,Xatie,true
7670bdd4-4696-4faf-ba01-be4688a8eeec,Jgatcxxxji,false
f88af966-0333-4efe-a7e9-b533dcea79b8,Qhksodqgx,false
bfd435c7-f2a5-4d3b-9e81-272927522a4f,Bdnivy,false
72c8f870-9c8d-462e-9e21-8cfdae9efe6a,Mkwwjc,true
d54d7463-0e3d-4f03-8cd5-259db7f95c44,Ecs,true
8c915f58-9dc6-4d63-b7e6-3d21a2e8071e,Jym,false
d307fd6a-d95c-43d2-8fbc-c872476b165c,Mogbxd,true
23da2719-18c6-4c43-8247-692fac4fe305,Mcnyqv,true
7608da2e-e970-439b-940a-9fe61e43ec71,Qphpus,true
dc7ea33c-439f-448d-9aee-a3be8b215529,Taayrwzwlhyg,true
7c9bdc24-37fb-4985-9c5c-c940258a2159,Aobq,false
20cc333c-8511-4443-83e0-1c412bff1b81,Elmilserijhnvp,false
1a5f7740-fe7d-46f9-ae09-59323cba6360,Aeahyjeldhmwoy,true
8390ede8-5d4b-47e0-b251-869c8c1c5d0d,Dpnmtqfxo,false
6a8f8163-7309-4465-bebc-1ab78b7b70d8,Xlrjchfrzcn,false
48f533bc-db06-414f-aa64-047a012b8a4f,Vljjzxiwqxdycz,false
20696984-f6c3-4ca0-9db3-5bc0ef49fa4b,Rqt,true
b8814d15-c11b-4907-8cce-79ed6fed9514,Ojhpzsr,true
5a807c40-58e5-4105-87de-6ce20a201204,Faedtb,true
aac84627-3588-48e7-a7c2-3fe8e4f7eeb6,Zvqcsspsinph,false
126ef581-8b81-4f21-af85-f2090e459332,Jlpazv,true
7c6da0df-c8c4-4f23-8d4a-637ca5588111,Pimueuebinun,true
bfb2ce90-d9d9-4c3d-a9a5-d25760e765ea,Athq,true
60ba5a4b-2d79-4dc6-86d5-fce79e076789,Hupfl,false
0ce5419a-0e2c-4ac6-8f0c-8be8bebe56e8,Xdwgsz,true
f83e6920-6d4c-4eb9-b1e9-ffdbb4cdd668,Hrkrq,true
0d35deae-cda6-480a-901f-eca9455870df,Nzgqpskug,true
d2e5ddd9-4aef-4565-a994-87d675fd1a87,Zzrsakvjrk,true
11c63b6c-bda1-4518-ae14-b7d56d871cb7,Xcmts,false
e8fbdc3f-56ce-485e-95e5-36944eb1c5f1,Gtprqsjgtwqypxe,true
041e9758-b4e2-451d-b355-9fa21766d497,Omkfqgx,false
3965c3f9-e32f-45a6-af24-74a5f6d37b8f,Ueanexbyzjpopx,false
01223337-7c74-4782-b497-38dde93e6f47,Zvvpiyiltm,true
3aefae63-2dad-40a2-931b-cabb37333289,Omfqdt,true
f33cb8f6-c433-45e4-8a10-5219e123946f,Akmgvxrpqlguj,false
d4d87125-a611-42c4-99dc-30c2f5d43c80,Odkug,false
db9ba244-f347-471c-beb9-62bcff84a3e3,Gfxxxiikebznsg,false
0ecdc4c3-4294-4fee-80c5-00a57c52f55c,Vevo,true
03d50cbb-9ecc-4140-be72-29f62a348c79,Mygvb,true
49f7caed-782f-4cb3-b627-9c4f51b7f8e1,Ilnp,true
5245afd2-fb8c-4d8e-ae8c-6e038e27720d,Gdgch,true
ff4d187f-af81-4051-a20d-17aa1fab3709,Rwlslypqcck,true
1530350d-79a4-4dd3-a012-98ff36dcb01a,Ptyagmdznosvz,false
190093af-1021-4611-ac93-2a89c9e20877,Qgut,true
c5fb2195-aac4-45c8-86f8-e95b9b00871b,Xsmqxsmuvxmzt,true
2c9e5c83-cebe-49d1-b576-859fc73bd6d2,Dbdvggwjhvzezb,false
47d1a08f-7e33-46dc-8c5d-5589f51dc145,Ilv,false
96703756-9aba-4dfb-8547-0a28f609cfbe,Uocxtehwiqsdwwj,false
3f72bac7-e769-4223-b523-b29c6d8c599a,Rrogpfcc,false
22d5b551-bc83-476e-a0c6-be31906ab55e,Qzn,false
5b5bcee5-5930-4cd5-ba2f-e28243f03d63,Wxcutseds,true
50ffa80c-1618-4c50-b88a-119023ae0343,Dhdhexoabbem,false
582fcc7c-f821-421f-81b9-621de77b833d,Ufvciu,true
ecdb8310-401f-418c-b4b7-d2ab02e8a917,Snqp,false
5f4a0493-b03c-4335-a627-4bddcdc02ff7,Yxnytramjmh,false
a96261ab-dc20-4205-89dd-b4abc9780782,Isxxrgv,false
70395686-8a0b-417d-b25b-acaf63722fb7,Pann,false
d7404456-14e0-45b8-acdf-e7aba972803b,Aeymssgy,false
c81c17c5-419b-471a-8800-81a30d86ae78,Kxf,false
ebbfdff9-f462-4483-9d58-a9fe16b05ca8,Vpmfjkgrusxcvgc,true
fa85f5f2-8607-4d89-a357-d04dbf2213ad,Asdbcdyhau,true
e8ee5a1f-9558-4e3a-a4a4-c4c09d448ac9,Vngiagtgunuks,false
63e0cacd-146d-4bc6-ac83-403d7cfb9604,Syfav,false
c92e72d1-098a-4959-8d68-e6da0f66f297,Ajrcjmtprjxpkwz,true
9c1c6b90-e6a6-4dbd-a25f-35ad5f89efd9,Dxkwm,false
734ff809-988b-4159-9d1b-1c22f2921d31,Lnemgfbvjs,false
5036d273-5677-4201-a445-12620083d3c6,Sbozyvx,true
955502d2-7b49-42cb-b4cf-bca27da6f4cb,Ybnmgjohcjykpky,true
2d41f36a-9339-488c-9c51-c2696bd54e16,Slrjuodi,false
bd7bcba8-1df1-4417-881f-6425febd6550,Ejxwcrpmhtap,false
0f50e147-4a7b-4507-9232-f5a44c5110e5,Lkeksuzpusva,true
7f78435b-43cc-4c2c-93b7-fcb5ccb4056e,Arwjhqtsx,false
8c2a608d-db22-4f1b-8446-18b278273f82,Ecyu,true
4681c4e7-e17f-447e-be75-aefd7735b5f5,Onfz,false
0acf65ac-6910-4e6b-ab42-a61184ee5f63,Qankveyukvxzh,true
a599ca35-ac1b-4c56-88bc-633ce6fae723,Geevvhfbudk,false
2aab77b0-dfa6-472c-9cff-f32746165810,Ajraq,true
a7cbe2b1-fbe5-46ec-be5b-f592451f9577,Naerj,true
e1c66cc5-21ae-4b1b-b290-e4553d94cd94,Jxvknzrahehqps,true
c60c12f3-f964-42bb-8927-9a3bfbb5b7db,Lxinnnsdmqn,false
7f0d5e36-4ba3-4b4a-bd02-dc4629518cce,Ioiwxqhhgr,false
3cf5b73f-33e8-4775-8465-7735480d3898,Ckwtrv,true
ab297df2-ea8c-4896-b0e0-fe309a649a54,Hcuvuvnngkpqjg,true
e34a85a0-3788-41d7-b033-b0d2c70f1b8d,Lbdnyfshoxok,true
de07257b-fef9-4197-b98d-ef3db5e8f0e3,Qiajmcjhojpfkow,true
82d47e28-456a-4a27-b863-a6acec1a996a,Zuuzotqldenimw,false
4814d2c3-9b9a-43b6-b47e-8564cace9539,Jruvovaiamljwfl,true
6cfc66ca-f396-4f1a-a6a1-90db61c34bf4,Ijkizczxkank,false
88aaf3d1-f163-406e-9d1c-73f8477f48c9,Sztxhvvcae,true
e0dfb4a4-b406-47a9-9d73-ae93d1ff3aeb,Kgnpwojtfgm,false
e3a2a001-c382-48c2-a222-218cc14a7f4c,Ztjh,true
7fefaafb-20ce-407d-88ff-fa7d7ced1aac,Eqbp,false
79efe641-e987-4035-be38-11fa1eacc5d9,Pwoshdrzyflw,true
da40551d-4f19-4219-9d9e-201599741065,Aasinokxskjnybv,false
3e63f278-43fa-4bda-8b13-b5e1a4596da1,Rhzud,false
4bc83239-2130-4905-80df-da07ceb1ea05,Bymqshtj,false
675b2bb9-2a0f-48ce-8992-e8dc650e5d6d,Tcmrvj,false
65749e36-e4ab-4c3f-8d00-7b9d4c67e842,Btfrrn,false
8fadf24d-6bfc-4411-9c0d-33e17121b2c7,Xhpwycjf,true
db5f2e92-6fe7-4c4f-8542-1a821f8156e2,Hbezkooihk,false
a3c19333-9ea7-4e1f-b2e3-1caec41b8683,Ryagpnanqqmirn,true
c50b1bd4-60c4-43c4-b0d4-aa227a027c2d,Lmk,true
e251b490-e546-4699-8d4d-d63f842da90d,Bfnj,true
2d9ba5be-0aec-4d1a-8b56-247e73b6e32c,Tpiwvbtyfewqm,true
844a88db-a085-4d95-9771-70ce9b3d1317,Zxxarprkb,true
75b2484b-a240-43bf-b2c7-6361d2787abb,Xjmpulv,true
181002b6-5b1c-4119-b1cc-943858426dfd,Hvje,true
1b3754f2-fc58-408f-9aab-749764594fc4,Ysfsjtksbg,false
26f480a8-93d3-4dc3-95f9-3351f78a297c,Rmzggvue,false
848f179d-a67c-4b84-8b66-3ca75a739ea9,Yyljdt,true
a8d48bae-6e0d-4df7-8854-d8ddecf73ebc,Eapohhwbchldzxd,false
0c106095-2d81-4ff0-a3a5-d6027501f9bd,Xjwpg,true
51d510f3-15be-4981-98bd-9b2e9a7dbb1a,Fpvuxa,true
14d584ec-7350-453b-a3c7-334011339776,Stslksgwlsak,true
5e16787d-8b1a-416a-b458-8fb2d05f3733,Ohxfi,false
1cb77769-72ed-42f7-b670-6c2c9cfe6c75,Mkwwpdwpxxmeq,true
907398c2-f1ad-4691-94d0-0defd8b3236f,Dcittuld,true
6aa6c69f-ab77-4c79-946c-09a6a2d559d0,Fupmpihx,true
900c04fe-b874-410c-acc6-92ee08bb07d0,Mbixewhmqvu,true
1779f423-03d1-41f5-9af3-45e49eef0231,Kmkxcniojrubo,true
e16f8de5-b3da-4d7f-907c-e7569c619950,Jekswn,true
61c9c51b-5225-4bb3-8402-62170c172442,Lbykvfepgvqq,true
65f686f1-82cc-4221-9d9c-892ebadfe818,Oprg,false
7309d5c8-f3b5-4a76-b740-5e3c883b84c9,Wphlqv,true
45c41130-90cb-412c-ac13-2f4cabf8e3bc,Dsgxwiv,true
18054ed2-2e48-4bfc-a385-baa492b5ec54,Tvikch,true
71477d9c-aa4b-4de7-98a3-ab65dc3f05af,Fmlxcxncb,false
38c9eebc-b07d-4965-ae2f-a3edaa09a1e4,Xgzuivstmo,true
c67fb983-3f2d-413a-80dc-920c0a5ec799,Lopkdbbdcfmaeuv,true
2ae80b5c-738e-41f0-a51f-166eada5426a,Vaxmaxwognm,true
c9431fee-df7a-4136-af9c-63de06643e25,Mcugnnkxvsocbjw,false
1187e5e0-46fc-46dd-a708-5be1bc0f3cd3,Yqdignifeijnsn,true
ad20d454-680c-483a-bb3f-54eb62848a59,Fvoni,false
a557d282-465d-4ac5-8872-25ce51906853,Koqjaenioufjj,false
fadb9180-6375-4d7c-81e4-d23b2da5d129,Ystag,true
1b753c92-8a3a-426a-9092-57710c240cec,Spatddlbjrws,false
c75718b6-4a4d-4680-9591-58cc690ef486,Zybajxdbgdd,false
fd30c414-a140-43fb-86b4-8e89f3d488f6,Grgylcypow,true
5ad3706f-bb57-4f46-8f85-6d3a17cabc3a,Kmufrawdkkniowm,false
40280c55-6604-4922-adb3-49937d657706,Htrahlfexizmaur,false
5f96b843-34f2-4956-a74c-2dc5feb77718,Ogiyneantq,false
7e528ace-2a3d-4c31-ac4c-4a430b83ffe7,Krihuf,true
c3f04863-b089-4562-8833-f03925862217,Mcqwtx,true
9ef3207f-773b-4454-ba56-664d76b4854b,Pzppsjoinagbn,false
e2a0524e-5ab1-41f7-93d6-dd12c7cab6ad,Dnipfbbwkttrik,true
ec736750-9ff6-4e0e-a04c-42345ad3dcea,Rtbvyuhtqwrg,false
d0fbb96d-0a9b-4984-a6ad-64917475bc8e,Tcztmg,true
e593bafb-7d36-45c9-8770-b0a9815cee93,Hwmbmd,true
18fbd24f-4344-4157-9d60-1b17169bcc08,Bifdaxgaleuz,false
1d98a254-5171-4f5b-a07b-886ef9a74e13,Wmbmnfcb,false
802cffea-c060-4cb8-9855-6aa94f5f832f,Evtsdbcdz,false
fbb300a1-a2d4-4cc6-be63-7317129c9223,Rybjt,false
d1f20dcc-859e-4c5d-95c8-23a60a88bb69,Yxfngnbsih,true
8ed32bed-6a41-473b-9141-9fc3a0f9171b,Bipgdrjxoxb,true
0f2546dc-b3dc-4cfa-9f41-c803e464ef63,Htkp,true
e3f134ee-2f0e-45db-b216-50c72444cc88,Offyimfca,false
1df735df-ba3e-4891-ae15-3f71488ce175,Ugpsuo,true
938efb23-e9b6-4505-9b21-769cc8d4b054,Wwlhny,false
29acc253-1380-4e16-852d-2ac4e7e861ab,Lkxqngpgqxmsiu,false
9b30aff2-8f36-4c4e-92b7-8745f8502ddf,Rkleuwrfivw,true
cbefa7d9-b999-4f96-8c7f-17177107bca6,Mkibm,true
8c48731f-82ce-435f-b372-293710e7de1f,Zvvkxodv,true
531f7c8d-f7f0-4c34-b9e2-12216134328d,Klpgrbrepo,true
7bf0cacf-1b26-4ed0-aa37-f58e62f01264,Zduhbaagb,false
9b15c704-e5c4-49a2-ab17-f86f6250cab9,Lexuwii,true
967c988b-0206-4817-b165-d22fa3dba3a6,Uwjxndanfqoaheo,false
5d313e3f-a3dd-4a0d-ad37-c3d84da1e8cd,Blffgns,true
5013cf7b-ab77-4e7f-8994-95aa9d8ec4a3,Jsjrk,true
ce5648e0-ca64-472f-9ca1-3985f4c00e87,Veysuz,true
4807ca02-a4e3-4a57-9668-283cb568fcf8,Wfpxc,false
22c124b2-b013-418d-90d2-efc80d730c33,Bgrdyu,true
534865bb-8653-4e01-b074-22f5dd05a5b2,Fwxocjvyytsqmi,false
d36d4fa7-f212-4926-bebf-39cedb9bc18f,Cxfr,true
3a37995b-1d27-40d6-922b-11a5dddc57ed,Bnhcqifmmszykj,false
9641463f-01f5-4794-916e-dd708c7b9ad9,Wtcomzrqsi,true
96d5cd83-5203-4296-bf16-3c5964febd5d,Kmamm,false
7f0ba466-99e4-4c5e-b889-497205dcd7bd,Eqwmh,true
5da8e2c8-ced2-4d1c-ade7-fa121a50db8a,Pbbgudtqhi,true
18299fe3-0d18-4d12-9981-22fea94a21c7,Dqnhjmkpdrbjeiy,false
c71e92ea-d2b4-41ca-9e2a-a5e6340b7548,Spbstkfycqzo,false
d8cc07af-abb7-4c56-abe8-06f1bc530941,Teravtwtlpewc,false
b2a4583b-1263-460f-87ab-babc2cfd3bc7,Vaqfwldv,false
8c4fe15b-1233-48ff-b3e6-57026610fe14,Gwda,false
f7ec4188-7a4f-4ff5-a4c0-5c134cfdda4a,Sama,true
46b4ef84-5def-4d1b-818d-524450052dde,Vbqyjbyewlq,true
b09b6b44-4e9d-437b-b45b-104a8c545997,Hidfcwbm,true
82821bd5-ddfb-487b-b887-d0fa88587e0b,Nsuzn,false
78453ab7-51a9-46a1-9f63-2c9afbcf1e3d,Ovn,false
e90fa155-c50d-4946-a6c3-6e4a37885a03,Vat,true
8e9bf668-9de8-4078-8235-50d6deef5d38,Mblhocjf,true
13b288c2-9f3d-4f6d-9c37-b1859fc9e9aa,Jswhkqfkoi,true
42ba36eb-5731-4ca2-a862-d199dace798e,Wkolvrvm,true
44009dd0-bbb8-4394-9346-a9971f8e620c,Dbsrktkeaxs,false
2c05bd4c-7282-46b6-a333-61d8f2bb1eb6,Wkbrwbsu,true
41da9259-83bf-40c7-9ec2-13405ac1875e,Zjckloqjtgkkjk,true
fe42f261-e586-4919-baff-d593a517b464,Qfoike,true
38545ab0-10a7-4bfd-9c77-ee9ffd7e70b6,Psmrjnmgucm,false
56568476-deee-48ee-ab59-7e1a1a26c83c,Vfwgobxhkxzuysq,false
10fd0a5c-3e6e-4c0e-937b-c7a11c0957e1,Ciqrsfyg,false
8ce72ba3-0321-4ae1-b0ee-207228a4df04,Slzhoqva,false
701d4914-27b4-4067-8b06-14bea95384ed,Ukpkkzxowummo,true
bdcc9fae-3842-4292-92b8-983480869385,Lapbosjjvitnfn,true
c2b67d40-2116-4b2e-8438-4fb7066f044f,Fnpyazasw,true
cea12162-2393-452b-82d3-b0e1d927489e,Rswyvsl,false
d647e6b0-7ce6-42ac-8e3d-c4609a84a93e,Ztgmqmnrxagydt,true
1acc1ec0-7f79-45cf-bf8c-747f132f326c,Fvfoihmxxkbtru,true
42e7e18d-6a5b-4571-b94f-40e143ab0d4e,Vhewyjizt,true
f1a26e4e-8c2d-479f-af6a-e4d1de4dde84,Igvoxop,true
bd59c48e-f359-4bd0-8289-a5112d5857b1,Chuaupxzzdof,true
5e038907-3244-4784-b8d8-daafcb0fe505,Kxtcljr,true
b18ef1d3-a5b2-40ef-8386-1a9f4fafb275,Phvs,true
d343300d-1d90-4f94-b5ab-64c7f6a29beb,Gwlewrbobdkr,false
1174f250-a76c-49be-8618-c1e26652cf82,Wluzuzfs,true
826c1b45-3b6a-4ff6-8049-cbe0f3556fd5,Gldfmy,true
6bdaaf0a-dcc6-49e1-a3c6-3e2c9bc61c60,Sxfjw,true
09f24696-033b-47ea-82e9-803ee410ca1e,Nqxdtmhrioietmj,true
bcd51129-148e-496e-b5ea-ab0c957666ed,Pcqjm,true
c4897621-24e7-42ab-93a0-0140c2ab5af0,Uxck,false
ec638ef9-2d57-47ef-a40c-0358272f01df,Ceasbdj,false
6faaffff-b3d9-49cb-8f3b-a5dc36f44657,Inzg,true
f698a480-d6cf-443a-85a7-5ab3f1027c3a,Skuatyyenkqygev,false
7723be77-302f-4b9e-b7b7-6986c147ab07,Wghhgzip,true
05f0c150-286a-4678-8b2f-20226307de66,Xjuvusqclsjdvgz,false
256a8924-3d5f-4577-8fd4-b9b185182c64,Zdwjcprp,false
67e350a4-0a4c-430d-baca-9248deec7876,Fmclfxwlljapzj,true
b3977b3c-ae1d-4280-8a8d-4b1ea26a7e0b,Urca,true
a2f76e4b-1390-4753-a86f-265086f9beff,Ekhitdjcluk,false
3d1b50e0-00c1-48ea-92c3-d183c84002ba,Sadcfvl,false
8787e242-96ac-470c-9095-8990380048e2,Jmtkfv,true
00bf7c48-3a8f-41ca-83f8-68cfa9a127a3,Qhe,true
d7121e66-ab92-4afb-8145-0e114b3a7595,Iklgnxd,true
033ee5c9-4b40-42ac-b68b-6c7205d561c9,Vfeyegxrxd,false
29fdc817-37f5-4c06-9f3a-f908465f525e,Kpcalucwpsle,false
564cedd4-d663-4fe4-b716-3d27b396b60a,Znppgrqa,false
2b90bde5-509d-4de8-84f8-2d6491651332,Iktfbjbka,true
da7d9d4c-f52c-4528-90ea-14d26c6b44c8,Jswoabrir,false
103fc04f-3ae9-492d-ab30-33a7a0ce0f54,Rmj,true
5b371930-7189-4ae2-9d7b-4dc8234234c3,Smkilbfbp,false
6b0ee8d4-4409-4bca-9c60-31eaee2b6ba3,Oxwtezbvo,true
576a4f1c-b8ab-4fec-9d9f-3d11034b655b,Yjyzan,true
cc1bd7dd-1736-431b-b120-79fe2fda3fd4,Rxynwrtds,false
47148d80-8c0d-4a73-bf1a-8ddb6b79e206,Clm,false
76515ef6-8e47-48f2-85e9-255cb6f65750,Nhwizznkntwc,false
8ad63228-6634-41dd-a673-aced325ffe6b,Jls,true
b9af0590-feeb-46d3-b74b-6c07100471e1,Gwjjejpsic,true
e7239e9b-4e89-4db0-8c31-9f0d72cba3cf,Yhxcswqpyda,true
146ea834-bbdb-478b-bd3b-cd2ee67c2c65,Oylmml,true
7cc25390-fcd0-43e9-bdb5-5d6687b1d37e,Rnadpjpot,true
eb59bf27-4531-411f-a72f-d9a67f703c1f,Ydijkqwhxj,false
8091005e-5973-4fca-bb29-7c42be307fd8,Xxuhb,false
7b31430e-8a79-4c93-ba3d-b9b0f283c2fa,Bycccoxk,false
e3646fb4-06e5-4057-ade5-f1e0271bb0b6,Vvhepyeehjyvs,true
146cf76a-2bbf-4063-b761-9ff777410fa0,Dbb,false
73b4c18e-9ff8-4afc-bfc4-7e85d545d8ad,Thhqvxgnwvyh,false
b3f163d4-681a-477d-a84c-b289ff2bb478,Sxgetzwdkxsf,true
9e45e9ce-fae7-4692-a7b2-9278c86bc350,Ajns,false
e2b33ea3-a027-4f51-a259-b08cf7537b38,Xoq,true
f7f8da0f-3a19-42d1-9688-a815ce81a28b,Chpqoclifha,false
96883a0c-c434-47ec-bcc0-0cddbd2c8b53,Cghjeju,true
221a8076-b4c5-4560-ab37-316f6dc60d22,Gygqnc,true
20c6e6fd-a007-4838-bd4e-165565fce3ac,Essxacydgcpm,false
273a1aa6-946e-402c-bbac-05e03381a7fe,Rmaqjqmucttbfnb,false
8d53bfca-ad79-483b-aaa2-2eee030f9a5e,Yxqiilkf,false
1f32269d-0a3b-45de-9afc-7c9983877d0c,Gmvnqjxq,false
4b0c77fe-8107-4a8e-9e34-aebeff689c15,Erqeqxzcmfoy,true
c7713fca-38c8-4baf-85bb-ecd3ab5372e3,Briqwqr,true
f397c289-2b8f-4c17-836f-1216bea5cd21,Dryuedbopm,false
ba315ee0-aeac-4f1c-bb1b-7510c13ad0d4,Yyvcifiqnxatipd,false
8c4629be-fa33-44d9-ae86-5925e91681f9,Ohaadmwjlynvluj,false
2bdca78b-2d90-495d-b266-6823dc52a156,Qnpzmuokl,true
1a076736-1c05-43cf-ad82-1d7f82b54660,Jllpwchyby,false
84a13fe3-6384-4645-96dd-936711dc290b,Xkvqcarjwdfdbw,false
e6974b9c-b2f7-459a-8279-ecebda0f5bf4,Anzrodtypxdu,false
62d4da58-3497-455c-a802-e7479b2ccb48,Eyetvhb,true
4f52c28d-a333-4acf-910f-936adf4d2fe9,Oudhcstbd,false
dca4d4b8-cbbf-4d1d-922a-6708f993dcd1,Qwfpmiklhdlagxd,true
c20ede9e-4ef3-47ac-ad06-1ab42506be63,Ahgqcyft,false
05eed360-7729-416b-85ae-a3d75b02a36e,Ptyaiqpmbdnl,true
e7ebfbaf-9c3e-400f-b9a2-a30d45c277c3,Mubxgmnlgjcw,false
543db165-ef85-4820-be07-545d1ed5a853,Girulau,false
443d007c-d445-49b0-978b-4cbd4d4d8a7f,Gls,false
3656f5c5-7cdb-4a5a-b8f7-bfe241906e87,Mqftmezqv,false
3f828760-3cc9-46b2-b86f-33ed6d3cf136,Utrugc,true
519c3391-565f-46c4-8882-06786c2fb557,Wwjj,false
dba18199-9b5a-4ab0-8f8c-d77306361bcf,Eeurrrsgmkxpj,true
19fe720e-0fb2-4044-acd9-8b8d89338df3,Ujbswkqq,false
8a8bf07e-ad08-40fb-9188-2e091bf3cc43,Wasgwx,true
c371cf04-9821-4374-8036-2e49f600242a,Zzqzwlmlefbds,true
0ef872a5-fd9f-42ef-854c-853d0a473071,Cauuax,true
2e742d67-0370-4049-b58f-74857e7421b8,Tludrwexzprdyly,false
a308c059-7c0c-4afd-ad16-40e0d587fd74,Xhlkx,false
bbc08b26-200a-46da-8e40-0f29a0a15ac9,Lftnqiiqua,false
38363d40-f46b-4564-ba00-9c691e5bed70,Tnmrtghgfzeufw,true
3f082f10-1afd-4b41-b34d-8d900abee32a,Filvwyrusvtvbbt,true
10dfd472-e9cf-4628-9632-faecb2b104e4,Wwqwqzltwra,false
21a74e2c-e1b5-4a11-aad8-c94c1e4bf5c8,Axoyewo,true
aa359a24-6f22-4c8a-bb11-35ecb927d4ea,Jvzorivboj,false
1d111485-9b69-4eab-9197-1363adc66a59,Fipwpvbxnsxoek,false
8bfecc86-5348-460c-afd9-4a2794e59087,Bdmftfsupxiebd,true
d3b12b21-017e-4763-b1a8-2dc2586d8141,Oragei,false
20e21ec6-4e27-4592-ae94-a90cf727c685,Glejh,true
decd1f6b-478c-4be7-9d3e-35715574b639,Pbapzrf,true
b00c8d6c-1baf-48cd-a1b7-1c4a3134dc34,Rgojkouyyuuklm,false
7fe974e7-4694-4050-a84a-410d7d7b562f,Anqshupekktpwp,false
b8aac6ae-405d-42b5-b2cb-0a4902cba449,Mybbkeuwvq,false
9227513b-2d92-4609-94c5-0fad9fb41133,Bxzh,false
cb7dbdfb-7c6c-4142-ae8f-554b3de4bbcf,Aqlyijkjauubcos,false
dfc481c0-f397-40f4-8122-b5df188da2f0,Osqhb,true
4e8f44b1-23f0-4b8d-a04a-d74d915b6039,Krkoijjplpq,false
b2b6652a-cef4-4502-bae0-3d5fbbd4798b,Btj,true
5929f29c-6379-4ae9-9bf9-86e26b1f8961,Kjecl,true
c8754132-7e3a-4559-a7f4-3e443e104a00,Tqborzcuokv,false
bdc92772-c8aa-4c20-87c7-7eb21d03e8b6,Sxa,false
15fd63cd-8faa-43a6-8b2b-1819f44400c3,Uyvj,true
e7a41558-df05-4c70-95f8-eeeaa3a68632,Rqikviwxmrtenpe,true
b8ebbd3c-2949-4037-bc45-5469546b37d2,Xlraekboqcuoi,false
419a1a86-ff07-4b16-a205-5110f3db89d3,Jqstejrlqieurv,true
08ac92e9-3da7-4972-8b53-b2d7d8bab53b,Zmhcqkuzyk,false
a5cc2dbd-c860-4750-aa45-76921d5fe667,Ttdmnfc,false
8427156d-01e6-4c3e-9bca-ba29483f0143,Qqf,true
3f714968-7ff5-4457-8929-de1eb8c2df3e,Hlxhqhnjiwy,false
32935e43-4cb4-4ed0-95e8-72152d23aecc,Inlsgumvluuxb,false
21b4712c-63cf-402d-8300-d01150fa2b43,Fggoxaaxjjm,false
c3b8d6bb-0b9f-4c82-8146-8bcb7cf9da8a,Odxqnqqmvxsox,false
8e8d05f6-0ea0-4783-be41-88283ae11891,Zfuf,false
b8f2503c-bd80-4f86-bb3a-c8b3603b7364,Mjxjo,false
a5578e4c-8009-42dd-8a67-9f8ceff6634c,Kgitcebcozxjpa,true
45d12d1d-1b22-4140-826d-d4b027dfcb84,Ufiqfdszfqlas,true
02764668-4fae-41b3-98f9-67d9372085d6,Mnkljvfpzwubzpp,false
f61d0dab-4b2e-4047-948f-4e5e45cd83f2,Rgnshzkb,false
51b08ec4-5450-4709-91ea-1ee343cf328c,Bzfinguhy,false
2fc886db-ff38-40cd-b7e8-410d1b559071,Rupvmmrfsp,false
d7bb1b1f-8fce-4d67-8fb6-38f6b1385574,Nuzerig,false
6b30b065-31e3-4d0e-a5bc-420ed56f732d,Scdqtzipdyc,false
ff382d92-9f3f-4f87-8a7f-2828ad205e37,Itymaojflnh,true
c0e8551b-e26a-4a49-a7de-c0a0e86c6cd7,Bznvmipdien,false
f91cb8e8-1952-47ab-a9d1-525a2cee5331,Fpol,true
2f6c9117-48c9-4323-8dee-7b6cd265658a,Tgewvdum,false
30020f68-9ff8-44f8-bb97-3a3d3180b8dc,Jphbapfz,false
cd520828-58ab-4d10-80d4-d8950195639b,Higsseapsop,false
6303d8c2-9ac4-43ca-8e04-6b21a46c51d3,Lexcxj,true
7a0bbd7c-af77-40d8-b382-be3ba848f490,Itlbgqflqt,true
9fa941a8-dc06-4205-adff-59abae257f61,Rhllbign,true
fcfb5901-a7ab-4b06-821d-31e97020a666,Tpcdenaplijpbp,true
c5a57836-57f6-405c-af79-0fd49598ba86,Czfavcqb,true
0965bd2a-bd0b-4dc3-8343-1515e2f8090e,Vckmoqspwf,false
b2a57c59-3c26-4ff7-b47a-5bbf73ac0ed1,Bkmmlesnvyyp,true
02d68fdd-d7f6-48a2-aae2-03b2906390b7,Tzdfeppydlfzmzr,false
fd0fc9f2-43b8-4225-a0f2-91db129c84ad,Hcnmsauvo,true
3c667798-f668-4533-9012-ddbf61633aa9,Rvb,true
45bda296-1259-4276-89c5-80399327d323,Spjxu,true
dc1c04a0-8325-4bdd-9bed-22465e88086a,Fsqhbvrcf,true
1d1fd159-bc80-4547-a8f9-84b305fd3090,Yhniv,true
ee28c93a-db5e-49ae-95b9-b36180d02a46,Tdz,true
ff7d4280-e899-44c8-ad03-eb1abd48bb15,Ohckwimlclw,false
d69ad517-3e25-45af-ab1e-84c6e5ba88e7,Prwfzkuovoapjww,true
1b38ede3-c016-4532-8c48-65eb7e0c62b4,Rarfxkdwngdqx,true
b5bba6cc-2e09-41f5-923c-a17ea4519c3c,Uyzpyaagbcsq,true
e2990cdd-ae68-4464-83b9-34cd59145356,Ewglkfypxlif,false
adebbe3c-84e5-4117-ac67-b2be27bcae2f,Isgvovj,true
b5cca56d-459e-4c95-a9f4-298a24f1c072,Xtrsb,false
04d9326a-8270-45ea-b1aa-11a8334c60dc,Vskmvlsxlaf,true
db70fad8-70cb-4002-8978-208d7c149df8,Kjjvhvqmhdnmqx,false
591dca00-5a99-4c05-8472-15248cb2ca05,Tqwg,true
67ee314a-0330-459a-9b65-22f6dffe1643,Frcaaafy,true
575dfc7f-a0db-4f1a-aaa1-06cb644d1cee,Ewjbknnqknvsm,false
1528b9de-0a61-44dd-8838-9c339c0d940b,Vajmgszql,false
3a62d397-e979-4dbc-a865-65c5ab8a32c9,Fyaalcdevtbh,true
e771e5a9-facd-4be9-b8ad-b418719a34ad,Yuyijzr,true
d146d757-3bca-4b5f-b970-f0ac4e271d35,Illqchxftatcjxk,false
daa6893e-007c-4d1a-b735-4c965d401aad,Vfbqebnyrii,false
c754fc9a-de43-45bc-9693-6af25fd4207d,Rrtrpo,false
f770573b-526b-4e44-b0ed-c6e7e80d2cc7,Mbw,false
9acc92e4-ceb2-45af-a318-a789490ef060,Fbxggms,true
f666037d-d4e4-443f-8645-ea57ac7fcc7f,Wsedgnlkpxbhzb,true
69d7b17a-1831-451e-ace0-b2ce2dc58d9d,Arizn,false
9426efde-ebbf-43d7-bd9b-a64d99a42f79,Wmfosjrwodhdssu,true
a47761da-f8f7-4f35-9852-9aa5b3a7a7cd,Pvips,true
06706194-e690-4565-8d86-5a1064a27c62,Yazad,false
3e515cb1-c253-457e-882a-a318e0ee6666,Hrozcxjokfnzug,true
02175003-3838-4eaa-b1f9-954988e3fe9f,Tdkzhvhol,false
d97d327b-2541-4feb-b105-a4971b43d10d,Btuszqnnv,false
b5fcb26b-5972-4506-bf87-70ea2b4cfba4,Jibz,true
fd10072d-6833-40c8-9ba6-521199e0a4c6,Islrsqf,false
0cf6b8e7-dc20-432e-bc20-2c688571a61e,Wmmxfrkqqyglm,true
a55e9192-9ef0-4324-a269-b52a5d491905,Gemzwgk,false
a1d56b6c-1787-4f16-a3fd-4c623973c97e,Zgcbnnwiemqjc,false
b4c651a0-f65e-4018-8cb8-2726e8d4bcd6,Kxpksilorobuvdm,false
24f1b050-c734-4066-86d9-e9c32da7aa95,Sqzpfwzzp,false
f2e7ee63-a9e8-49c9-a7db-46e6e50b6ffb,Jlozx,true
4643541f-7267-4b9d-9c30-1c1717355427,Jeif,false
f6e42d30-2bdd-4c9b-a48a-60415d42ee97,Ffyfgtrnfujv,false
f4a77209-6aa2-4841-a287-538ae8b8ac48,Xuaorklmmfmj,false
5e546bf8-09c4-480f-950c-cdb403f3e801,Xxjobi,true
c05f2f88-a157-436f-b537-b82a7faafc4d,Gwy,true
eec33bbe-37d5-4115-ab4d-29eebe5c52d0,Vqwxxfor,true
effa1aff-ebf4-408f-ae7d-f2cb6ee8f7c6,Apujs,true
d8405004-112c-4cdc-8807-c96d014f1304,Hwaey,false
5167b742-0077-417d-83df-1c2759a9b2ea,Cdzvemio,false
ebce4867-836a-4056-aaaa-2e3208ebce10,Fajbpzknfp,true
48867811-375f-44c8-b3f3-eefd875a0991,Btaahjla,true
c2f652b1-5b02-44c3-8ebd-617e5296330a,Iiww,false
e38f4cfc-4833-4c66-bd8b-853c9eedb79f,Vozmubanfpylli,true
8346f9c5-1148-4a0e-a0ea-302618caaf45,Obruguzdzul,true
4c940e68-76fe-4ddb-a080-00c10becc7c9,Fiyjoovu,true
639f9b19-72d2-429c-a9b6-aabbc737a48a,Fdaswwb,false
e4d430fb-99ca-4ada-a24f-540fcc90d27a,Kjxh,true
830ac619-a0b4-4790-9573-21a296f8c4fb,Xzkv,true
cf6f17da-4250-46da-b415-b33644c06e7c,Evow,false
d7b76107-dfce-4ca4-bb8a-56797507f81e,Zaemp,true
22612527-4475-4ae3-afeb-887864832bdb,Gkxcumk,false
0ce70913-c9e0-4396-88b3-893a4098629e,Kuihomvm,true
07122dbd-8473-44a2-8443-94a45df25fe8,Rvutlum,true
ef311271-b7f4-4ce4-b555-6ed1b07e2fff,Srh,false
b76a4ac7-34c5-4e3b-8a19-e283563ada4f,Cekdt,true
43a5a335-1276-4174-966d-360b24d315df,Xlfobosxlbaoa,false
d78928f2-06d8-4d50-b160-cbe3ddf0ac1b,Slwlsrw,true
a03464f7-0cb5-4526-b0d1-3d88cc91157b,Ntvzbnxudg,true
42c4edf4-05d2-483e-96be-42532ad24ff2,Yetoysfaljy,false
fb40aa5d-93cb-40db-9aae-614e11ec2e68,Tkwnyzvmfwbdmh,false
e204610b-4a57-4cb7-bcfb-9683559a9d47,Rrkqqrsqbwuhp,true
fffc81d5-88ce-46b1-9b47-3500e17b4a1a,Zgpsmm,true
60e40bd2-9913-42b5-905a-89801313d520,Yuujv,false
a9d08b04-5b95-4a3e-a109-8192a682987b,Hjgsz,false
ea7622be-14de-4850-8402-e76110eaad87,Fwol,true
54ca9c3d-75a8-4eb1-9934-7874aa06314d,Tfghrjjc,true
819ac882-f7ac-406e-b2e0-58c841d6f76a,Jowdybomyx,true
96e75160-a0ee-4679-963e-c7d37746aad9,Xwjpgeuhs,false
d8bd4011-6bcc-4136-b1a8-680bf85e2649,Entkyfhpgyyohqk,false
2ad9685c-2f01-4091-aefe-cc4b46dacf10,Pvs,false
34f9f81d-9b95-4f43-89a9-62488d81a7c9,Jqxyiyykdgmqdu,false
acb5741e-3392-459c-9f4e-3d6bb7ea060f,Tnrcjpxtzpdq,false
b41fe6c2-3a5d-4750-9e14-cd635a4de015,Cta,false
3ae6e4d6-5b18-4546-bf94-0059e3dc7364,Pzuddb,true
3230b7de-fb60-420d-8663-2bfe8d507783,Krehgbckrov,true
079c8478-bd33-4aed-9aca-b0e43dbdf37f,Cjmmwycnkyzo,true
75ed5590-7d07-412e-b27c-f58e1df30f75,Wbmvwyijofkuaft,true
69acde94-94e0-4b74-b37c-a3af254d3ce6,Ocwlejbwhimb,true
73595d9f-d38c-4805-99d3-de6705c2c4fd,Oqabaq,false
95eb02ba-d237-4c24-b0a7-c64d2514978a,Jxu,true
ba553af6-34ee-4177-9866-f7df997b61a8,Ixiqwrfesweyrvr,false
c995bb40-2f87-4d8a-aad7-087f1ccbe114,Kiexnifrvst,false
d1567e47-17be-4839-841c-059d94f41967,Blgybodfdks,true
c0a9d010-a29a-42ba-8b1e-5a7057b09627,Suzin,false
bc57a94b-5916-4d13-bed2-d1d6ee82ae17,Mtvhxszellsbba,true
c8c352b3-00d3-4f13-9326-b4da995d3068,Xlkfnxreqztmify,true
e0956cc4-b4b9-432a-8d99-abb2f28289c5,Anflykeqyb,false
d98f6a9f-463b-4e10-8876-d11dee6aafdb,Stxfnzjhzodu,false
24ad8653-6d8e-46c6-ab2a-1922c3731614,Ffdemnaog,false
8f586897-9ac2-467b-b71e-6b3ff860d099,Ygfmgsrlyolohzh,true
dc4e8d28-4f9d-4cbe-9eff-65c1c40446cc,Hhwxjd,true
b441068a-4457-45ab-8b34-c6428ccfec91,Udhkvsq,true
706746e9-f5f1-4c30-9457-3abe46845e00,Rntmlgtaedvsb,false
0b5d204b-ec44-40f5-ad68-7cc4cc8b38d1,Zltqaftml,true
94573769-e95a-451d-bb2d-7c7fe7653508,Abuedrphgem,true
4258bcd6-9230-4bc7-9e1a-7f1bc8ae7f07,Ayqfjrsugr,false
f2dd9f22-db58-4f5a-b693-1a8a564fa511,Ekd,true
18ee83a3-9b7d-4682-91e7-978ec673f796,Ztd,false
b3d3b975-c213-4ed2-a0b2-2d9ba3d85a68,Gtgvvzdalvp,true
641fd05d-0295-41e6-af62-051c45908821,Hmlrpbnhaoiynsj,false
75dd1128-fb24-483c-8bca-67733da2aeb4,Lyuwtobr,false
8b04061a-1454-4b4b-9b95-cbe075d712d0,Ghukjlskyxsf,false
03b4dec1-d81c-4f0b-9654-fbac98d1f3a0,Bklc,true
b2b65b55-e015-480c-a2e1-2cbb81610249,Vficc,true
7fb7000d-56ad-4a9d-b4b5-f97c0aa01294,Genmowr,true
d1a5b0a9-3bf5-4350-a6b9-fb96d10482da,Ugbiydaimqrxfca,true
824ac861-23cb-4e0b-ac6e-0b5b16973bff,Dvrzkeq,false
74c8a393-8067-4981-8ab9-ef07fedb5ffa,Phzckqe,false
a051f49e-ae3f-4474-98cc-c5118ea66233,Reziqvln,false
8a2be786-999f-4dda-bfcb-76d6bf3dec5d,Dxrkjea,false
1ac62a1f-2d00-47da-9f6f-ef8cc37fda5c,Ptibetypmpxu,true
c1683bbd-9529-412a-a19f-b147273d2930,Injaxwzyrew,false
00e49fc4-c562-4945-bb64-6ed57acabc5e,Uusleo,true
461aabef-3d84-454c-b1cc-4015edc47079,Dgtlkzghfopqvlh,true
80360326-92b8-4a71-8b5d-59514925d4dc,Mldnxbymksm,false
643b48ef-b78b-43c1-8559-c95aadcf5e68,Epfatdgmnlp,false
4d6b3492-8880-486c-b738-b807bb25f67b,Akxwfzgehrgxust,true
e1382686-5987-43d4-b8ae-3f079e94db19,Wcaafxmdalpmm,false
874986b1-583e-4637-be9a-aeec30e56c22,Aogptbhn,true
f2898863-cc8a-4b0f-bb3d-fe52288504d5,Kst,false
875de376-6c95-47a3-937b-1e41849d950c,Qeiw,true
1aa5e036-b0cb-4173-ac7d-b463ad70c384,Doqkfadjquw,true
e9a8340a-c684-4e0b-bdad-958216656d33,Zmmevaqhomxv,false
0232da11-fa8e-4f26-923e-f4bdb7a9e9f2,Merdzgrq,false
290d26dc-d69f-4fbe-b244-920e5f86db59,Tawcksmkjtkho,false
ac22d23d-58db-441d-935b-8f45902baa2c,Gvn,false
f162ff79-f8d4-4def-8d7e-c29eabe99fa2,Idivmrkngdjejf,true
0ed23513-5165-409e-9c36-83fbd70a0bc2,Svtngsnkxco,false
be2c28f4-1235-4391-aa0d-ea7220a7c6f9,Jspnuyosjixacqa,true
e2d2ad22-da75-42cd-954c-e9f88bf3a48d,Lznjatfkkylh,true
dd971687-bdbb-460f-84b9-debf6dad7fef,Nnsjcltcayad,false
76ff2e9e-3c13-4fb5-af86-4a590fc0d2c2,Mbxnxefuab,true
12c57cf5-fd49-4a60-bdac-2fec57c71df4,Cdnnhgkveni,false
2b5639e1-13c6-47dc-b184-52d1c81694c7,Rssutfmxz,true
cfd50999-9567-4e8d-ae98-eb0c1b97f5f9,Qmecgx,true
05e3336a-08f6-42f4-8248-8dfe467708d1,Jxrokexqo,true
b04f47cc-3693-4642-934b-507d6f645052,Tjsuecbdpkh,false
bd6a3e6b-0557-4535-9233-2f09b07c9b39,Dks,false
b2095f72-09b8-4b7f-8a3e-0b50ff8d1688,Ayvycsxmlzgbws,false
65380aae-1858-4fc8-ad60-be0824a74d9a,Loksaablapnzne,false
2f0eb8fb-899e-4739-8d16-b3c7ae933726,Isgewrupzrukox,true
b5b1aff9-accf-41b1-97cc-8c32f127de6a,Oflnp,false
a92072a1-2dcc-4a34-8a71-c236d24e398d,Natmyjkyj,true
40fd6d6c-88ec-4c5d-87a9-cf8a69403b9c,Ncviuvj,false
537c20d6-4a0c-4753-b4fd-d43286a60339,Ushuyp,false
f4d3d3b8-275b-44c1-88eb-2af0c68477f7,Glucuradurevidi,false
7c130848-90e4-44b5-8bfe-c69b9704a39c,Qparjvlcmaqqm,false
cd222007-519c-496d-bf6f-a73d3c4d3dee,Itkfbhmzpijzewc,false
ea44720d-ea4d-49b3-a7d7-0fb26fc50a2e,Luj,true
a85397dd-b41b-4419-b17a-8116f51320fa,Zjhycouots,true
23f0a3e5-7635-47c8-8df2-ccee83db301e,Pnynwugq,true
79bfa036-1361-4275-b07e-387118518431,Jdofy,true
02e0e306-9343-495c-a454-cb30a22104b9,Bxhnvrecfpgwou,true
3da14f1f-1047-48f6-a01f-1ccf55bbf953,Jceegxvw,true
2827b73a-b5b9-4100-bb23-5518b6e13589,Etzsmhswaw,true
8c9ec81d-b816-4c1c-b27c-2112c91ecf37,Zohxhywz,true
0392dc42-1e79-43e2-b80b-4c8d98318422,Yscjarwomsy,true
418b09fa-4a54-4d6b-a840-4917b53679ad,Kqsxmvappsd,true
0b5df996-b8b0-461e-8fc0-d285467076ae,Gzzaxtekli,true
426696fc-233e-48be-8bb4-e3a8774e5be8,Olalsqefea,false
02b565e2-05f5-4401-b978-50a9e62cffdc,Sshxajfjwwu,false
c75f00ef-c47c-49fa-856a-f3a227585ddf,Racc,true
ce0b7cbe-2dbd-46b9-8160-70e87cb35cb2,Womzpljf,true
a01ad2ac-6bd6-4f7f-9f9c-046e17ba2724,Ejebpdydhwqpsd,true
81dc14c9-a35c-4c29-8d99-33ab5c91c3d3,Omnjppbbnblqkdw,false
856c98d2-2c29-40bb-bb9f-ad5683b7615d,Odsenlosv,false
cd200b6e-eaf1-4eb7-a2c3-0c905a9f47a4,Wqf,true
502b01c7-47dc-4213-ab7e-e41bb5a5c599,Vbdbsnxbbcfkf,false
8b13f5b6-978a-4194-9519-ba6003c20bdd,Bsvtminorwnf,true
c7fbb11e-4c09-475d-8e1c-fe314c4fb8d2,Eabytblhuib,true
2f28233a-fe49-41ed-bb1c-1ba73104103c,Ynqnyetlaocffbl,true
7f655edd-e16a-4808-a677-be50a864c7b1,Ffyxkr,false
02740d03-79fd-472c-bef0-4aca5044a544,Wrsjer,false
8fe5e712-1c54-43ef-8e0c-f9416cfc19cb,Ujtsowaiawsa,true
1d7cec40-9626-4846-b27c-9360b5ecc9fd,Gviiaqdzhnqw,false
1820f90e-7325-4224-8fd4-f19bb28a0675,Vhoeb,true
2f45d780-3b7e-4ff8-91f8-c48f28e9a942,Wuzygvldltcqypj,true
bd0df098-b208-491e-94e4-0606e777a53c,Aathmo,false
d1fe85a9-bccc-4774-9e11-34a4923489a9,Erzd,false
bbb34661-398d-4ba9-bdff-9edbc9afc40a,Nvneiihsyf,true
7e40f078-cf2b-4778-bf5c-14e9dd10312f,Ueo,true
66545e84-711f-40e7-9db5-f0339234a1c8,Wewymirkrmrz,true
0e388f1c-6a99-4a3c-92a2-3bdb452978bd,Wqqwdtkmg,true
a96be9de-88fb-45ce-9c2d-7f5b972b5adc,Tkyapwnollkrpzo,true
71c397bb-777b-4036-a18b-e3b72b91393e,Khzvkiu,false
06884e8d-27d6-445e-81bc-a45557f21305,Ozfsgvajbiistw,true
243264dc-fdaa-4184-bda3-06ef1a074df5,Oagozwopfhp,false
a519fa2e-3ed7-425e-94b5-3c550efa8e7f,Pqjxynllx,true
371bc007-8516-4c06-be1d-170e0523f208,Crvomzpxiuhuag,false
2fc42c77-879c-4694-a2c2-5c78506d4dff,Kant,false
89e0a26e-b38e-4058-b8b5-4d818202741e,Wrjk,true
5b9ad7d3-70d4-4b92-9653-8c254e50fc89,Iwei,true
d3031594-2159-4cfe-97a9-59d116942ed7,Vfbi,true
df695326-9f5e-46d8-9067-ffbcbd682e88,Xhfmhqvrdotm,false
02aaae69-1b13-4407-aff6-29724cc9ae79,Tpa,true
d3de6d7c-1ba8-40da-b60e-063b594884fb,Duz,true
fb63a8a9-5e3a-4001-8da4-62c74154f82f,Ynuxefz,false
cb66271b-3d54-4179-bb14-495e8716de48,Kpgm,true
86fdee50-18a4-42b6-b1cc-65c29cfaa8bc,Sojrfchiz,false
fc8e42fc-65b3-45ae-bb16-32ce4b0de57d,Dbmgafeqn,false
1739709e-08ac-418b-bd8c-b3c9270ced64,Yxs,false
59d4d699-cae4-4feb-8af3-0f4bf9ade41d,Upgemexw,true
b3f55a8d-e01c-48d6-bac5-9a2aaa9c8329,Dzljmt,true
722cf293-24ba-4abd-98ef-e50b316b62d1,Yzqd,false
0c11a832-207a-40c6-86f9-e21df6e74d54,Zcmbekhemnceofd,true
d82d6bf9-1070-42cc-a6e4-d3e02e174259,Tpp,true
b1542d7b-f8f5-4c40-9994-9406a415a7b3,Omqzjbnz,false
82d185df-b5d6-4dc8-a015-4fac348fe83e,Mzaeqcworzs,false
7a4cfdda-45c3-4ea5-ac20-0a8899a4b42d,Koayztrvuydorm,true
56166cb9-2c48-46ab-9387-7d3b194c7354,Etoeawr,true
b091a2c3-493b-42f4-942f-347e0c8a2d95,Rexqnvlpiv,true
4c2c86e9-23b4-475a-bc11-4bc9332fb03f,Hifyusjzjhxzr,true
416d33ee-bb85-4d5a-bb76-c7f9f0988b83,Ihn,false
c434922f-186a-42a6-889b-dec4bcf49a9b,Czccioi,false
66a3f1dc-cc23-458d-8fe6-8f8983455a94,Ckfnhntbdk,true
fd500247-468b-4d6b-a71c-04159d4fc043,Lbjm,true
8b9bcf8a-eb4f-4698-9f44-6464728559e7,Sfdkeahrwa,true
c090c38e-e64a-4c9f-bd15-3cf0c2a7bb75,Cnlfeonggj,false
29eca016-7134-446e-94d3-1f9f2d1d067e,Xwmqqcqo,false
3d83aad1-b140-40ee-993e-0564c3691003,Gwa,true
ff124e7d-0a26-4063-b262-9b3b8ae34084,Hpuz,true
90d2d228-3e6d-4c6b-a9dd-cd17ff21bf70,Ejzxdmxidxhdcs,false
03b991d6-e293-4d60-b112-5d7445df66fb,Icteguaxjfubapc,false
ac9ecce3-d0d2-4ac5-b512-d287102d11d0,Jzuqd,true
b296de9d-7504-4eed-a88f-c21794d00854,Pdr,false
44afac25-6e18-4898-891d-593d0af05ded,Wzmcp,true
69bcf4df-5961-4b23-8893-55a51ffc1a82,Aexidtdrqazn,true
bc01b8f6-df88-4de5-88af-b1ced24a9f26,Fgkfpppv,false
6e28b594-b1a4-460a-a0bc-1cc8b8316f2b,Rdiqe,false
c8ad0e35-5355-42dc-b66d-3211a8d45858,Hium,true
b8e5f499-ca60-4bbc-ac59-7629c74eb126,Ddlaiswjrwr,true
a88d2480-a044-481a-95da-4592c634ac3d,Jxdgst,false
77992cc1-7113-450d-90a4-37d696015bb5,Pzkkkzqwmx,false
c2f81d60-9a33-46de-b4c0-b5b266c04f06,Aacdbdnnje,false
eb44f7c9-3621-4626-814b-f3c8e6135495,Fzxygfmn,true
4ffda191-1319-4515-9d3c-31a6cd624a40,Hhtdilynwj,false
31359e56-a193-4deb-a022-1cab335f705c,Banwbobasyq,false
1a26d076-3516-4b35-85cd-9597fab232dc,Vxyyj,false
b070f642-d5e4-40dd-9375-e1df9748fa2e,Avaysmwmm,true
e0be825a-5f37-4cfb-b0a0-1ad8b7c44566,Ndesynwijvci,false
a4c38fbf-d8ef-4c6e-a6ae-ae5389b5756d,Vivczncg,false
ddec10cb-534d-48d5-b01e-2375c8ff37a6,Foymbnlbrcz,true
9de9a5ab-4be6-4919-b10d-e600c7ad891f,Kqmvbyowvby,true
3c424cb8-57b2-4fe0-b126-4d0f98e83f76,Xsxwcmwtjomez,true
e8582cf4-cb52-4cd1-83be-a427d1460dbc,Ndejicwuz,false
aa0b5da6-7e36-4d92-a447-201ec7d658c5,Oqdkujtmdcq,false
79ef9464-c24b-40b6-a6d2-a5e0a7ee5a58,Scvy,false
62be8e1c-e840-4458-92e6-6355354c90bc,Sitefbevdxwluuv,true
c2346730-3780-41a7-980d-8ac78fdda84c,Uniezaaaxx,false
2874f980-923e-4415-87d2-32c5f4cf8062,Agtxadnglgx,false
8467bd52-e40b-4a49-8982-2082737b9ca8,Wgpn,true
c7656b08-4999-4950-8c88-b40a00079c6c,Nptchgtyvvjn,false
33b1dfac-1b18-4a07-af57-89ee6fa57e29,Qwvxxjkc,true
387e32ea-f1c6-4142-89e4-e1ccd97d12b1,Ywumpgkgifbher,true
ba032d07-65dd-474e-9ada-fca8151512f7,Yeb,true
fd7d5c2d-7a50-4d74-ab5c-52931d9e204c,Psisq,false
e5ee01ed-be24-4e42-b464-cf7a1fa90986,Fwmfqibfbqj,false
a5060a94-32cc-42b6-937c-7a0cb321a986,Qgfxnwyfvicwwc,true
d3e4e7ef-01f9-424d-93ef-a3628ab1bcd7,Npxutfgd,false
f7ab3b41-7c90-4e2b-9dc9-6a93292dee2e,Toerikpblg,false
885c1cfa-a621-4190-87ca-72fa52808e96,Sodofiilhmfxbfm,false
e5f92772-0ad6-4791-bace-843b5452ce15,Vsqoamhr,false
b5513270-c208-4d8d-9d24-5c8b822d9739,Xrcxsjjswtzngoz,false
2344a029-8bd9-4d80-be59-9dbb027acac5,Xmdoajnog,false
c286d5fd-2c08-47f0-a82a-2dcd329045c0,Bcsorep,false
b0efa3a4-fe99-4d16-bc3e-37673aa56c81,Xjazgskj,false
a8dbf1ee-4809-4fa5-b12c-d1c05f024eb0,Whxgjq,true
4a2690ae-7c20-43ba-a212-08f74c450633,Lrvyvdw,true
dec22dc9-e89b-45a8-957e-242db9cdd03b,Pouknpatpvqdrbz,true
4bb67ef3-78ac-49ba-a8a6-479cdec3ccc1,Gfzgqcmzujcv,false
a0126b19-86bd-41b5-b05a-24e7f13810e7,Slzqr,false
cb0911a4-e464-40d3-9124-2674d1e1d8cd,Odhxh,false
f4d7673f-2c16-4c58-900d-7b4861607704,Prab,true
9d9a40dd-625c-45cc-bc53-b55aafb3c8d8,Zktbrqp,false
bebbc644-c9bf-4aae-ad65-0d10079edd83,Pdscbcc,true
174dca1c-6e6b-45b9-bb5f-aa5a79874acc,Lpguhckywuoex,false
6b3d579c-eeb8-4b35-b70f-05283e1149a5,Zykaszkicz,false
28ff6356-c9b0-432d-b84f-6f51c035d6ff,Rmy,true
e1082ce4-6f81-4c77-bf64-90cdd312fe9c,Trmtj,true
023cfb82-749a-49a0-88a6-dc0d672323ae,Diloilbtdtki,true
bb514f25-a805-4056-b2e8-d68138303bb6,Tuhpqoigwkswda,false
d97bc642-eefa-47e6-abfe-4c866cb0a80f,Uuqhevnibaabqm,false
f68837ff-c925-4ac8-be2f-006efbc1615e,Yhmqrtfyq,true
d93b9955-677e-4e27-8542-a41d370b5459,Tra,false
50de7d93-d36e-4427-af24-204d5e9b510d,Zne,true
3aa614c5-3162-45d3-b576-67354eb30303,Kxgbmdjdegf,false
bc3a38f0-b720-4011-8141-2ee2733b28a2,Iktyop,false
c765cfd4-f7ac-4e4f-aa00-365171b797bf,Kfbcxfjsynlzmc,true
7b3dd615-d3f8-4afe-9861-b457bf22e9e4,Dbnnu,false
68b5f2cb-5cd1-4f4f-be77-edfe534411c0,Lalkwruchq,true
52c9b7bc-1589-48c2-af5a-5e9b7124d523,Rjc,false
75d9a79b-49a0-46fc-bed2-0250f0f7e63e,Covps,true
6a8c431b-5a9d-4b34-a7d1-4c981ba1f17c,Txtoammilmkpz,false
80d9061d-b55d-4a33-8350-9c5bafb5450d,Tqcivi,true
cd00c872-45d8-4bc9-9413-441c46462979,Owuik,false
7f95dbc5-4d92-4709-bd68-c0965c8545bf,Rzyfnvlgiaow,false
ce291b9b-57b3-45ee-9bfb-821e21c4fda0,Voo,false
5d0b9806-5768-4f8e-a60d-4e265ba18b6f,Ggbvcqqldtvoe,false
fae8deb6-bc82-4eef-8f38-4b19918ab3dc,Tuliodx,false
ddd60fac-3b61-4a36-9537-a1bcd07105d7,Qsl,false
5d0c9d94-0293-4dd0-8868-9819f35c6895,Uittsftwznj,true
d25a0696-2925-4d7d-afa6-9cd9f434eec4,Lyw,true
f3a47584-109e-407d-a988-1a7da08ee51a,Aajgjkygfdkv,false
da694c6b-7ef2-4d62-b249-29b4a81320d4,Twgy,true
cf22ba64-ac7c-45ed-b809-e330c91a6f0d,Iybbf,true
11b21c92-499a-4d5b-9e47-e9efca7a84d5,Cakluvptztryjtk,false
d7a1b0b3-0c98-42c0-884d-0f6c4c4a5660,Zknxkw,true
df936f1d-47c2-4234-82f7-7841fae7bacf,Bjywjrijisfc,true
8b582386-f624-4ec3-8996-88abcdee9c76,Fnfqdamvufcf,true
3901f1e4-7d2a-499e-9ea1-3ae0ccf5357e,Cdayh,false
60da5803-a054-4225-83e2-f02e0b92d31e,Lygh,true
134657e9-b06b-4ef2-9f61-a82f6ee01619,Dblwxdx,true
c44d0cd2-dcaa-4ca3-a1af-72b3a7a56d92,Mhrjuzfbqrfqfn,false
b1179dd3-78ec-4e9d-b6f8-6b6811a6c740,Cuiqranhuekmx,true
7a82c9f1-eb1e-45af-af2d-c72afedb8050,Vlknxtvua,false
fe6f2f19-b309-442b-9949-c2d9e17214b1,Adzelds,false
063707f6-f33e-4528-a1e1-3a0db543567e,Nllamsop,false
88936ad4-bc54-4fe8-8768-1c031b70280b,Snlozji,true
6cd5abb5-9e76-48d5-8c8b-dfc092b32617,Kwczm,false
1028d79f-bc76-424c-8f98-f6ed7cafb914,Uitegcsrf,true
159b015f-b4ae-43f5-8109-a89afc6a1836,Klpcmjtyvpapwya,true
46921233-4987-4290-95d3-458cae7e500e,Kpymbg,false
cd1262c4-9617-4f5f-9067-df79c0903ce9,Bqosfs,true
d42a356a-24f0-420a-8c85-2e0ac23fbe4d,Gbazbgvv,false
a1bd89f1-1b5a-4ef1-9ec2-7554cc24ea01,Jjcclgrjqucsq,true
e5f50284-6336-417d-8bec-07f0207b451a,Lizvdytdwhpajjv,true
47d1d287-d0e7-45c7-bb6c-7512245a6294,Qfmfuzxdo,true
68aa6e98-b698-4134-8e2e-384d694f90ac,Bdb,false
b32192cc-5825-4fbe-82e0-ea7fa397b988,Oqs,false
82749158-b7d2-4035-a1a5-3db1e18ebf05,Rvbydobwhjbgl,false
ffc489ef-723c-48c5-b54d-a0b139df1e65,Xkgwqtywyqfmolq,false
8b9b7d00-d47d-40f6-8981-2d77dbc27dac,Nogysofnfyideay,false
363e2b09-4d1d-4fec-bacc-9fc1f242a29e,Lesomcpwlkgl,true
e2c1697d-bf45-441e-9b20-3e8b57a0b66b,Egoevotsvscfz,true
6c543aa9-5804-497a-90a3-e3d6bcb03952,Rmvxrvaofznsdvq,false
4cc6b983-6838-4696-ac35-b1548e7b57e5,Uvkihndsczhkgz,false
a685a42f-41fe-4128-ac93-776f2c74d579,Ghkgjxrigyo,true
fe0e1d2e-c285-44b0-a303-56e2f4b788ed,Glccfyexa,false
c68b4536-dc26-4b39-a214-339599b362f0,Dgqronn,false
b098a260-10ba-4ce3-a3a9-50dd2ec491e6,Dveybsrasgyw,false
980cf0af-3eae-42a6-b632-ac7911572a01,Opdj,false
e7d85fb6-10a7-461f-9bc2-6c046ce7e92c,Ayqietpbtbvhd,true
987c1545-d7dd-4ad4-8fc8-f0a8b509ff55,Hwqbnzhep,false
d88c6d89-18d4-4b18-83a3-91059b8b039a,Uxqqs,false
567f936b-48ac-4257-b90b-d3effe14a7c0,Uasiaizrwtzjfa,true
a4ebfb6a-23e2-45ee-accf-1570209a426a,Svl,true
985227e6-027c-4433-8ab9-4bb2376b3e27,Mwzqggigqg,true
4bd102f7-c0ba-46d3-9122-9e609768f409,Pofhmwvr,false
b19f39d5-b701-4301-a396-6cca87536925,Bigkqciztt,false
62071f40-b3c6-4215-a1b1-8bea2ac4c974,Kxzoommtfkj,false
4f8b1f6e-d73e-4a59-84ba-e91bc896442d,Tiqucwzsckjtao,true
c72c6571-c4bb-4a29-b6f4-8ada1209300b,Vrkbzpzyj,false
b300b30f-797d-4683-bec1-a5febc8fa431,Jdedfjigkpntvdc,true
157c1a25-8d85-4543-ab7b-a7ca35822803,Fgqjhu,true
5da9c386-a303-48a0-8602-e8ae09198e89,Qkuesxwhojrblou,true
18e45ced-db31-4018-afcf-21b8461d7607,Ojxqzoogvfo,false
ed9b8559-4afe-4d32-aefe-6db39b218e47,Vjeb,false
12067948-d067-4b18-810f-812ea7b1ccc7,Ohzlwbgkdwk,true
05ab8466-d802-4f0c-97c7-4395be734aab,Lvzsqrnvm,false
75fb52b6-390a-4a35-828a-05a38fcb8e75,Brafh,false
17d8e8e7-68d9-4966-af86-81e83c69ac4a,Yrzqzyfjchfb,false
6f70b65a-f09d-43a6-b18e-1a9765ff0d37,Gijnt,true
fbea75a5-e474-4a4a-8cae-5010d37933b1,Xioojvip,false
56eedef3-340c-44bf-9a5f-4aa92f3e652e,Yowud,true
7652a747-c17b-4e58-a3c6-08cee0d1d741,Lvhjzxpb,false
2e7764ed-8ef1-4cd1-b544-64cafe8d24d1,Maguysqcrfseigv,true
bbdaa916-3d11-4e3a-a01f-e33dc8120b2b,Oekmigmd,false
07069547-770a-482c-8e5a-a5a470a52ebb,Nhmkaqop,false
9d7f6069-6251-4542-aaf1-d54ff81d7ef4,Falb,true
0ec84896-2da8-4ea6-a76e-c82fd9353712,Zpwyxhzrodxhz,false
ae678175-781b-472f-b9e6-1a689e98cb4c,Fuwtp,true
9912732b-1513-4586-a1e5-6da3230131dd,Ountsyhgnwsszh,true
81a11923-a549-4dbe-8038-9e26de7caaef,Oslnwxxzbreal,false
ae0dcb85-7613-44d6-bdd6-6745254a67a8,Tbimh,false
c0bb3afd-e4df-4e78-ae41-b6a18f8ddd58,Ohokaqr,false
4ca2a256-7ec9-42dc-b85d-77ea6f9960b1,Pjmxg,true
9a42b1bd-820b-4c5d-8a23-32dc29c29728,Yhdcl,false
15f9467e-c3b4-4411-9599-f705b01d7a13,Lhbrvkwtmxsk,false
7d13626d-a5ca-4dc7-b868-44534f75d89d,Vigno,true
4eac23a3-645c-4257-b2a8-702d3b0a4fb2,Eskszcvejmfrdc,false
6b19dab1-12f0-45da-bd39-524c1a4e63f2,Oievsmil,false
ad552bc8-8b8d-4ee7-bafb-e8cfbddd5614,Ydwcwqls,true
a8e4a5fa-faf8-4594-9306-f23b3075fec1,Urafvyshpohbre,true
15f237c4-9700-4044-87c8-273910ca9588,Scsyzuaxsekw,false
714e88e4-0568-4aff-973c-1b8579a966a2,Mqinkzwqhnib,true
1f1fe974-97c9-4a90-8d54-6a950f0d04fa,Hnbkovmogztcs,true
61b3d493-22fa-45ad-a409-d716e0a5572b,Xaf,true
58b43b88-6dfa-4901-801f-9a3924626a4b,Inthpqwru,false
c131f6d1-6a9a-4ae0-b204-4f2a03190dee,Owidxijhmbojbtr,false
0d4f95d8-1aea-4d00-8750-5ffcfecd0ef9,Bmfsbbqtovgulry,false
04dff585-63dc-4873-befa-28767cbb7c3f,Thr,false
f521be94-a1ee-4b1a-bd37-f44f8016ccf4,Yvmtwkinyibuazl,false
86e029d5-7be3-44dc-9862-f96e3956d4df,Xqnyhin,false
3509921e-b1da-4e78-a039-07ff4e922066,Pocswzqlk,true
5a5cc659-678c-47f5-8077-12a14e77dccc,Nvuytpnxitmbgy,false
89744542-bc2e-4060-83eb-49b50d90a0d5,Mewwzwgh,true
908d29fb-16e3-4123-9459-556947c53498,Cfqnqdhxdrkhc,false
378f906b-d0a8-4042-b583-0f96c0e91829,Knjb,false
21259a20-ec6d-4a22-9288-fa858caf8fa7,Twckeetdz,false
8db0359b-10b6-4c4c-9470-40607f0e9aab,Lcyjqcomkiaq,false
1d3330d1-4f6c-410b-a5ef-1e73000af3f3,Ewvjyfgcxz,true
86a2a130-f270-4376-a5df-a392039707f3,Csrhmirnc,true
2f8c3f45-7d2d-4a29-b606-d8f76fa671f1,Jujzstxtfg,false
c0663242-e434-47e3-b2ac-b59f3324253b,Zhrhhkcabassd,false
dd240dce-fdd1-45c7-a081-e77e9a40a160,Ehglfwq,false
22aa34f9-7ee3-46aa-9cf8-0ef70713e1cd,Cbbzfprf,false
680ac56c-a7d2-44db-bcca-59428a77c794,Lsmbvbasfcvpeli,true
1e1e20b3-dd03-4cd7-99c9-960de0173eb2,Bllhgaca,false
3ab7b4a7-15b9-4018-a97a-eb4c09925884,Vquddqjtohjozz,false
2840640e-96dc-44dd-ad71-546280e43aa9,Vgymk,true
830a3315-c0c4-4d94-bb73-a2f918b2ae74,Xdgdfvbxoblzuk,false
f7864a73-e234-402e-b735-f61b27e23c56,Iawjxrjgnodo,false
0ba97611-e113-4391-845c-6da8f139799f,Uoqnlfwtrds,true
442b82c8-6ae4-44d6-9ba6-14b9d8b8b96e,Kgcckoibabcdn,true
fdd42512-7f86-42cb-8cad-d7054a480645,Yjps,false
12fc98cf-c950-4f1e-a077-97e010c71269,Hjetqmxiartfebo,false
51b83b09-d577-4fe6-a1c7-8a7ac91e8332,Nxiankazyrq,false
66ee2598-15c7-4f6a-8b6c-1a9120d6811e,Hedvigle,true
b0b78264-2d27-4cfa-91a0-65c96b1e9e6b,Tlut,false
ffafc7e5-2102-4975-b607-be6d3ad19630,Yrjehqpdresgdee,true
0a0b8022-2f35-4f27-89b0-0d014aff8597,Qzfopcjmuzlf,true
75524104-6ce1-4cd0-977e-a4e909aba88b,Uqqpxjyx,true
c2c3666d-1f70-4944-a663-b0626daf5a2b,Tmrsbwbjvzrum,false
cf1126e9-0274-430a-9675-54cee7f749b9,Kwqbsllvw,false
8cbfa0d6-acfd-403b-9356-6e81f5ca6565,Awxcqjtfcy,true
88946994-6644-4525-a903-2b9585ef7463,Qovcbhd,false
50daa6d1-bb29-40c7-95ef-dabb28ec28c5,Keuguqczqdufaxp,true
7d53499c-e668-4e77-b9a3-0be1d2c993ac,Vsf,true
61e856b4-58f7-4757-8ff1-058b8b28ba38,Ziplanfijpd,false
ee39dbaf-1a1f-403f-a032-a0a7d552eb81,Ljitmwaaycwc,true
b9d05e80-5542-4263-8393-69a99168c32b,Mvpa,false
f66b2b81-468a-4fb9-99e8-590876d6da2a,Fucizbzfuzg,false
81061e3b-d7ac-4e63-9a27-1da3d1767760,Xcxet,true
859650a5-8301-4519-abc4-c711abae40b2,Msomghs,false
00940905-7163-455e-88cc-4e3a51950c97,Qdqda,true
7a5ca2ae-fde9-45f9-9675-e055850a6f8b,Lkkqfe,true
59a8a874-af97-4de9-a556-af96b6384f71,Dbijgloimafsi,true
9795527f-b6ec-4ca9-bd5b-60f192870b64,Resdcbyzawo,false
3a473eaf-b4e2-4b3f-8d68-0177d6e51d6f,Dmwkvxursrlmecf,true
e54d2274-20d2-4b59-ad2c-bd9c70d68542,Ybtdapfgzwvajii,false
c9f0d937-a0fc-45c1-b470-8ab90b0d7ff6,Axrstxvpi,true
9fe36345-b23b-412e-88d9-0720ef1cdfa4,Zmtzgwjdhsg,false
4618b1ad-683a-4f89-acc5-17ddeadbd957,Gbgwhby,false
ba4af93a-cd99-4aad-8fac-fb8e839e8ff3,Awyrabmpfadoa,false
eaa67b6e-360f-49d2-b915-de6a7225e9a0,Uzfhvz,true
0ea23f90-e760-4bfb-8b05-1ac81e8c6a56,Mzsfuudxvzc,false
0f370303-d424-4ed5-9511-efff0306a051,Oyuingzrk,false
b3cef0f4-7c9a-4831-a83c-6c39cb69ab50,Hpndyvjckyvot,false
06880493-511b-4b60-bf9f-49cb9febd9b9,Andtpamb,false
087c6e9f-9e3d-42c8-8356-d8439f18f578,Xdcvsmli,false
6f086e12-8d45-414e-af7f-33451ebb7459,Arkvlzxii,false
cba6f0cd-85e7-4784-b9b9-d5691a46c730,Ocuskqibl,false
859e9238-9a41-4bac-a017-1cbb23cc6860,Qeiczzj,true
fdcb4a7e-3e90-4e8b-91ec-cf3e8dd9e995,Scckvsfpyche,true
e46493ce-4ec5-48fc-b776-ed25ed8ee431,Cyhirsqgd,false
6326c160-80a8-402e-8ac3-ec7ce3d422fa,Fdp,true
b79155a5-c418-46ed-a486-bc6a5f5f9f36,Yzctpfjvszdl,true
fadf10fb-5f6c-45b4-8dd7-714a327023c4,Pqenh,true
f681a96e-7be0-412d-9039-5396c4817ba2,Kaj,true
a144e2ea-27b8-436d-85a4-934066ca40aa,Nspjlwn,true
7ce8d771-7adf-4883-b498-93adf0208678,Cuzwfyxihdhuy,false
81bea912-0f1a-4d0a-9fee-5ce7d189e153,Uahwigqr,false
1e6f27ad-de6f-449d-874b-ccc8e3e618b3,Uxmusoboo,true
0771332c-b953-4be5-b7f2-e6809cdfaf8d,Ibzrwrzhbs,false
b23d3861-b8d5-4af4-83ea-16b0ab9a1384,Ypvzwnfw,true
833861a2-ec7a-4d58-b1de-f2b4edae2086,Wlvcyeste,true
0e5ddee5-4fe2-4c5f-a83d-2f9e68d9b01c,Tbpvlhiygpg,true
07d50bcb-a8d7-4073-a0bb-7812fbe5d8a4,Uxf,true
5bc0497d-8f5e-45d3-84e9-b79de0c38820,Iqsnmfw,false
60d34271-df68-49ff-bd5a-0a93d167b34b,Mnrnpfjpnji,true
d2b14c64-0bdb-4ba9-9ab3-659202c34102,Kwgkm,true
8279bbef-13f9-4087-8ae8-e76bc793a607,Tmsl,false
cd3418c1-2e95-455c-bff1-ff0065c6607e,Ywrvmtszcs,true
58c3a188-470a-4cfb-91cd-a892e3078838,Garvyj,false
3b6d681f-c0f4-49ac-9082-4983ef13eedf,Gfsvnkkxfie,false
1b90cbad-bf32-4b8c-bb81-004e736d7321,Umrmjxjhclcikg,true
206b2928-9253-41de-b19f-7e9891b6aa0b,Wdu,false
d5de9cb4-c037-4119-a300-dda1e954be9f,Nymgkjc,false
315a58fc-74c2-42a8-9319-cd96fbb1c650,Qcxxdt,true
dd566912-0e16-436d-bd38-916010c4de38,Vtabhofnwgau,false
6a8f1b0e-4877-40bb-b5fb-e71316a7b852,Frvxtp,false
dbecc35c-94a6-426c-ac0e-8f3c7c931280,Pyzk,false
59cc9d24-b0a8-4e81-8c7e-778340088628,Rjpiyvkmof,true
cbbeae3f-814c-4475-9f8e-fdaa41523965,Lkuq,true
f89cc168-229e-4fef-b54b-146906fc1db1,Zymgynhgbkral,true
0b2923e8-2f39-4bca-a8d0-631d01f401c8,Hrppyf,true
e38e262f-9bc5-4016-a3e6-d0460e3f0dd1,Aqlzeepo,true
c2a35c63-5c3f-4dce-b104-9d2005ac595c,Rvtkbw,false
64789154-5266-4b38-a890-03623a497b0a,Rbzhnpusska,false
37ca10a3-82fe-41c4-9764-50a4666f6a32,Lka,false
b82239f5-c75b-40bd-b958-089929ea3607,Mmrbrdy,true
3e6a3ab1-1477-4447-ad65-95a3cee8d0e0,Sxmqgwrlznpp,false
2d2b3ad1-8056-4410-8d63-a6f1cf021501,Fxgpqmrux,false
136b2cdc-0c41-4bee-b165-69261d15b783,Jztyvmlvxzsshnp,false
c5c0360f-8e6f-43b2-bd28-2261ab516295,Mtzjddizslpioxw,true
2560373f-bbe0-40cc-b5a9-7b7527563992,Wjfssbuypsacdb,false
b3b572d8-c6d4-455f-8bcb-82cdb5e61dc3,Qpn,true
1fb3b7a2-920c-4160-898e-53bf7e8d25c9,Opixh,false
9b191d39-fa5d-43af-9cae-569aab96d3d6,Utxsonwxudvhhxr,true
0d59de14-1bec-4ae6-9921-914b408b7842,Otobjtubo,true
717f4b6c-583f-43da-bd70-16cd047b4d7c,Fjlmwszzma,false
5d0ccb4f-192b-44fe-8859-deb65423f769,Aavvpdhlfckna,true
fe53e00b-e789-4bf2-909c-2c28cb77b47a,Nfuvgp,true
413ad9a4-360b-417a-891d-1381bb7269c8,Fvyjrkv,false
32d5a6b3-296f-4393-b83e-ecdb9ba6f279,Tyk,true
a22ed1f9-77ab-4ddd-8264-58381bff6732,Mhqgsszazbb,true
447acdf5-36ac-4542-bc92-fd15998f755a,Dndbfyhzjyup,true
7bcde0e2-884d-4c8a-8105-dfe2495730ea,Vlhgfgh,false
45c2734d-0f94-4ba3-a040-6244d8e33468,Dqlbdzqzu,true
fec15d6d-2a02-4e74-93ec-7abbeca1282b,Ivp,true
66693a85-9f5f-45c5-9dee-4565e2a45303,Hsqwbzvrvcrfl,false
4f7ed3b2-056c-4f73-8ce9-d1488c5e183f,Sagswrbfryhuyg,false
d60848f4-d9e6-4a74-9012-2371eaff44c7,Gser,false
3e2d7410-3109-411b-89db-cca0cee52c37,Ysdayscql,false
f9fce9bf-07e0-47ff-a450-e8b65e5ac7f3,Ruuegjtrnkubm,true
df4008ed-aaea-414d-aaa8-26c16828755e,Moesyswyqvhi,false
2cdb199b-72f6-445b-8e62-a30be7373031,Lgdyujjpfvfs,true
ab30cacc-6ccc-46ac-a2f6-412e70c89c8c,Gqykycozz,false
ab4cc5a8-ca64-4277-9638-34e1354a615b,Cwldi,true
67968d39-71ba-41a7-8154-210cba34c282,Elvwiywamckg,false
17c8ff69-02a1-4f2d-a6f4-24441e6fb5dc,Wmrgaztuwu,true
d980737f-c120-4cb8-a3a9-f0899abcccf9,Cnjo,false
1f31e54b-0f56-4a0b-9360-601119ddb05d,Npeb,false
904a8023-a930-46b5-9fc3-fdad02f4e081,Tplxtzydipw,false
1ce2a3a4-1139-43bb-bf8c-3b6133196baf,Trn,false
ade7fe4b-d7eb-4eec-8c0b-47e7552b55e7,Puvmo,true
3893afa2-d00f-4a17-8768-db59cf041b1a,Jwayeqysfq,true
0d3777ad-0529-4ba6-8e0a-524e1c20ea69,Bdme,false
5e9cf4b0-ba10-4654-b915-cf5cad2e82ea,Hxo,false
98b911bf-7aa7-4d84-ad0e-55bc3cf421ce,Gtymx,true
d77135e8-35b3-43a2-ac1b-c826ab3684d2,Sdortqewpk,false
be208eec-e309-4779-be29-d929d5982bbc,Tyglqfybfux,false
8adad05e-1dde-4f60-8673-ee026cd6ffc9,Ynrfg,true
79a9218c-1dce-4fc8-a041-dce67d16cbd0,Ijag,false
5e5a4984-8a9d-4f9a-af53-fa931feeaaa1,Kyrrqdpnp,true
194c60f5-475e-4cff-8221-b2bde1143417,Qrqxhiwxj,false
c5b2543a-c351-4ebf-8ff1-1044e590ee3c,Aszhs,true
4f8a6456-498d-4feb-ad10-6645aed45f4a,Qneriqliektu,true
8a340475-02b3-4c5b-a5f8-6849f53e0bb8,Wcuhbquceretrhx,true
bdc64c9d-453a-479d-ab95-5fa7e8f4cdf2,Kachgbdddwz,true
782b794a-e4c8-4f0e-9fd0-6cfe1e1121bc,Xtvlphyqdl,false
0a35809e-4683-4942-a1ff-e519b1a727ef,Lqhnruuja,false
d84eb2f0-dcdb-4938-b45d-0b4ef28c3070,Rvmrbsqfvocx,false
9f5984a4-df21-4755-af4b-2a6975c2f461,Bjv,true
c8dc5cfb-cff7-495c-84e0-75322aa783fd,Oirgatd,true
f75cb97a-90aa-4397-a4be-5014df4fa98f,Bmm,false
55af1754-493c-46e9-9f2a-a897323a7cab,Zkhtcevaqkwolh,true
1d759d3a-d46b-414e-bee1-94691cd6d03f,Kditkrrbp,true
354ccea6-5a5f-4286-b21e-28fbdf2f8855,Igrtxgfrklxslgy,true
49ca32ff-30d2-45f4-9b93-657d63bb8d7e,Dikjucenir,true
673e225a-301d-4d1e-a655-a89e3a8033a1,Rkxl,true
514eb7c0-e3f5-4577-8286-1ec81fc2c189,Wsgbg,true
1aa4443f-d99b-4bcd-aa31-e28823c22226,Wnvbwnlpsrp,true
4d229d4c-32ab-4725-839b-f1e949d9810f,Hlchndrrprn,false
39d47894-3d58-4804-b61a-49920621fcca,Orliqew,false
9657069f-542f-4f71-8f9a-4695b5b88adf,Eouqhry,true
61112960-059e-4bba-a387-9bf0b11fb3b3,Lsbwtubag,true
33bce9d3-670c-4092-a20d-886d1ff1e14b,Ogulsuzpt,false
1743a115-dc7f-4502-9694-36799e071250,Jfojgbltuhwp,true
a2e74eb4-12fd-4293-b02a-8331f79813aa,Dgqiwgwrjcp,true
5c86a219-bee7-4880-b5b3-08ca0771deb2,Akmomitskrrv,true
bc3eb608-18aa-4270-a7ba-d6706404c26f,Qlgy,false
f5da3b63-6106-4d6a-af0a-9fb9b06fec5b,Tbxpreb,false
da742c51-9a48-4e18-aa1e-2ef7f7f3dc05,Ivbtdymflupxdpe,true
f171ddd9-18bd-4b18-a7f1-007523105f4c,Trm,false
f25466b9-086d-41aa-aaec-8d62bdf5a237,Chuwyngbu,true
bf6cb5de-475e-451b-a61f-22884d4a3169,Hzohciafh,true
e13f6abc-65cd-494d-bbe6-ffd1925831e4,Lgp,false
cf1dca63-c15c-4c19-950e-082e7126dbb7,Wovzljru,false
eba1736b-1916-4cfe-a4a9-55583c2515f6,Tussdvzjesqsju,false
0e8edf6c-0264-4430-9513-edf8d6189384,Upsyrumwecoy,false
57dc86ae-55a9-4909-a602-018c4fc2249e,Kkuivftenoekmng,true
a1e887eb-6732-4319-83ce-82fadee8fbfc,Ltdqyinjm,false
6e638230-6b88-4ef5-9cec-8f393e60326a,Ylev,true
2c8484bb-12c3-494c-bedc-43aeef04280d,Cdcugrrzttqd,false
93c4c9e6-a0e3-492f-9708-18497cea6986,Nwsdloaejzsa,true
8ceec8bc-cc59-41b7-b065-f48f88eacebd,Aqafnvmrkccaca,true
1c3335fb-9674-4614-9e93-f456ea02994f,Lzlpphobdgitbz,false
ae6042dd-79d0-450d-8297-9571477dd252,Nyizuh,false
a682f806-d655-452c-90b1-69f7a7c75431,Zhfqiziojy,true
b9f2ac29-4b00-4e29-bddd-cd0fac502ac9,Xmsopkzq,true
a649eafe-d697-4a9e-b1e3-7428d6a329c2,Ojzdk,true
6f8389b2-0623-44bc-a2d1-d8cb37890968,Zfsrqiqzikmvptv,false
8e05d23d-87c0-4897-a042-c8d69fdce34b,Aysgze,false
8accac86-7c4a-4726-a7ee-c3ccb77c96c0,Rrmjjzuj,true
9bee9fda-6827-4426-afa1-ff2e65bcbb15,Vlweemaqkfsnjj,false
efa5b4b3-c9ae-4546-96a4-5b2e85bb8831,Cwkomaq,true
c7c72246-e865-4303-9f60-8d2e639e9d4f,Okcbwbqncyds,true
b0874174-4b91-4a4f-81f1-60392f268633,Ohqc,false
a24f8208-9a77-41ff-928b-926d207854ef,Nlntjwjozvokt,false
c06b647c-acd9-4569-9c8c-036718fab3fc,Nqfomfp,false
ad5a831a-c4c9-40ba-ae2f-0203e4bd5dfb,Ooyfukdm,false
98f91457-cd9d-40bd-bcb3-839f674d69ef,Rlwvvfdqefx,true
04f1ab43-14d1-4efc-ae55-a13999e282ee,Pdygbmfkanfnd,false
e84e61a6-98b1-4e07-b7b2-59832beabde9,Eespfrfp,true
60fd7393-d11a-4fb0-85cb-5e792aa1c7b4,Hniumxgbzhrfwe,false
4c3a2467-3df2-4a39-af07-205988539499,Cxiiquhzfpirszo,false
13996304-835e-4095-9251-410a9786f4e2,Ttwhpjuzgirhoni,true
8b644ee7-a115-4d55-b949-aba4161dfe1e,Xkgsztraizuhiw,true
954804f2-93c5-436b-aad1-dc8374569e8e,Scrhzydxpqlwwef,true
ad0070c5-47fa-4fe9-b74a-530dd8a0e6e1,Hjjhfuyolrrdc,true
dc61fd7c-a1b0-4699-988d-4824109a71f4,Xslw,true
e37f8bc6-1045-49df-87c0-1463761dd1af,Tsnww,false
e52e114f-93c1-40ce-9f4a-edc2199c064f,Xblyd,false
6a1ecf42-6153-4d70-bd0e-4e34e641c03b,Lskypzpwmiex,true
fc3c73bf-0334-4a09-ae1c-6de7d0226790,Zrkgyewjksn,false
5f24d7b4-1e59-4027-8845-95c2be1f16ef,Tquntluzocnqd,false
489509ec-4f32-4992-b507-82fce426233d,Vyssxntp,false
de4c3dc3-8406-4671-88e4-fac40930bd14,Ekm,true
17983f32-ce24-4e0e-9f9b-66ec29f486a5,Mxxn,false
889e8d05-3abe-47a1-818b-f87fa6991bba,Vloxpqtcr,true
e7c5e1b2-efc5-4942-b37d-ad390e41106b,Nrlfwzdtii,true
9b6a098c-faa5-4bb2-a2e5-70bde7dfb529,Occffbqnbthuqw,true
2f490b7b-e03b-45f8-9546-6dca6c0e67ee,Pthie,true
6bf705e6-7e08-432e-85f5-0bf75f8f24ab,Diqcizxy,false
9b71e315-218c-40ac-9f20-b554cf3e557d,Vrdpspsz,true
06256948-759a-47d3-bc9f-4119ceb86229,Fphhdbfd,true
1e541484-c8a8-479c-9b7d-772cb3f811d8,Yai,false
bc2cb91c-654b-4dd8-a4b3-a614924ab0e0,Snvnxxtmmnqrzt,true
50c25201-0902-43fd-966f-d123258f3197,Pbte,false
fb92e616-739a-41c7-a625-3dc6714a7a29,Vdgqaniui,false
68609bfb-d967-427a-9033-124faa3116a1,Sxk,false
282e711d-1626-4e22-aa5a-1861768b7585,Fqcocgs,false
9efcb296-620e-4bea-bce3-79aab2cbaea2,Semhgzmmayzzec,false
a7ba9423-06c4-49c1-a91d-c9b6e667ae0c,Xoygxjviuh,false
f086e4b8-9dca-46ed-a830-3f2d78e21795,Brbm,false
2b200fab-d6be-44f9-af86-a0dddfc419ec,Vmcfqtmcsc,true
4120ebac-dfa9-418a-9522-9715d0163c4d,Nrvfqnzeovenbok,false
93f34325-3a5e-4d10-9997-8a70574c642e,Lovuunlrnc,true
88ac747a-60a3-467b-b789-b4e383699bf8,Yfyhb,false
f718f652-6f5b-44d3-a9dc-e793aee4fc8c,Gcmtpnjre,true
69e4d611-9ad5-461f-b4c1-4f7cd620819f,Azdjc,false
a36235b2-0e41-4aad-a55d-375e5e4ef30c,Lybbrqjulqo,false
297a2e2a-cc24-4ffa-b4af-83cc743ee8c3,Blkdiuuzypk,true
71e10d6b-2abd-4151-8f5a-2f4d33ea8ab3,Nyak,false
991524af-b638-4066-ba0b-7b5961822320,Chaaks,true
4c863d8f-d579-4ea5-8270-fd2074b75950,Pzxch,false
a57100c1-71de-4383-9eed-21c87536fbd7,Ugxnzglb,true
56d512e0-db5e-48ac-bb0c-9f8259cd5759,Rxumgowe,false
1671abb1-5724-48fa-a7df-c20f728a60fd,Vfyuotkfktqnqt,false
85c0dd29-a7ab-4acf-8156-5f5036cf33c7,Ykjqqdvbohcn,true
75e11eda-8be3-4dd8-b3b9-460b4f80fc19,Pmuddvgixnwj,true
1490d41c-0c46-442b-bf9c-1df0b09ca91d,Didhuaw,false
5be39249-ffc4-4912-a190-5e74bf951387,Vwzlyvgfqksbyw,true
e02d57d0-f60b-468e-b67f-44add5516433,Ordcrrfqjhjqmzm,true
056bc0fb-22e8-4b74-9979-37d3a8a9ef9d,Rezaxivlnypls,true
644172fd-452e-4afb-8ed4-221132ad1443,Eeswuu,true
6d607ee3-6be7-4c56-9b12-aeef1bfc1a4b,Sarmspjqpdrgk,false
66e84ccb-fee3-4bf7-a692-c9fc764005f5,Zaqn,true
f15981d0-477d-4430-b200-7f4a8f1fc20f,Qnhffalgpbsx,true
1566a104-b583-4711-8a95-a9eebd046dd0,Gzg,true
6428060d-c49d-4ed3-b0b3-3687ae3dc218,Djs,false
2f697acb-c843-4345-ab45-e99a8db325dd,Pdqjmvmdlvukm,false
79530f66-d71e-42f0-a7c2-5c67b45a53fc,Ucmqajy,true
265b1493-79bd-4656-a1fa-53d870df3d9f,Vnqhvurtp,true
8f0de88e-7400-41ca-8af9-a9de82691dcf,Oqpkuyb,true
99f3473b-30a3-495b-a70a-6f9f769b159f,Tycvkzhjzo,false
cfc26444-e5fa-4d47-bdbe-e72797ff14ae,Ogjowwmspsptpa,false
80bd5978-1e3a-4cb5-a548-caa4388aac75,Olxpap,false
5219bdd9-b665-42b0-ba89-f039f5cd00e5,Zbfespipqj,true
0c165f80-a606-4b56-9db9-0283b7e20dc9,Kczov,false
16642488-4b24-431e-9365-91685325da89,Wqqo,false
e47a8771-093a-400a-98ea-2fa6f403c26b,Buchdsz,true
11a2eb9b-4430-4334-8fc9-651d04267e2b,Fowwcgpw,true
d78e8fb6-8d82-44db-83ea-098bf9c80745,Qggqwtetgoog,true
0f3d0964-584e-412a-b027-e75d21f29387,Bceo,false
53111a18-2014-4614-975f-01e05458f043,Odnvwvqm,false
c2b85d9d-15e9-4bb8-b88c-c9893e0ab51f,Kgzqv,true
77e24c46-d95d-47b1-aa1a-f57f12daff3a,Faa,true
ce06ce12-b8e1-4cb4-9b35-81f5332e11ab,Zjb,false
fa9fd081-f825-4f5c-8747-c9c96e5c6a8f,Wambmhuhykhg,true
c213fb0c-0984-43bd-a530-e6d996286fd6,Vfrwjxpy,false
759b01a9-8dd6-43ba-8c98-af72acd5333f,Muxuumyzyoahy,true
a07defed-df04-420e-9b4d-968d4dbc44e4,Mouxc,true
ad4630db-6af2-48f2-bbef-6ea9a7c0b48c,Valictvtcvvmw,true
c4949aed-1513-48bd-9d4b-b2c6442688d5,Dktycwzyejuxbmf,false
fdc28c12-66d2-47fa-a628-0d2f58e1c259,Lgglb,true
5903f8b6-2bea-472f-a994-7cc45b1eff63,Exeiwhy,true
dd9d4cc9-5762-459f-b5e8-28f94a54030e,Ejsaelgkddzprx,false
bd6009f2-446a-409d-801d-30d2f6cb5b8e,Pwkqzdacpe,false
b1631694-4be0-446a-bb7c-7be796ab4498,Ittbid,true
df2bb927-04e8-4bf7-b5a8-1a724ebd10d4,Nbqsmme,true
07a8a63d-62ba-4adf-ba83-8eaeb80940dd,Cjjdold,true
0900819a-8ee0-4e51-9cf7-cbe6fb945b2d,Csuadwrussf,false
5a4a5887-3d69-4f7d-9492-3347e415ecb8,Vbxxv,true
7ba43709-4053-44c9-bf03-a7e6f0af34fa,Iekcqvknveyc,false
bcb0f01b-b298-41fa-9c6d-388529e15b4c,Swmpuy,true
403ba572-4d94-4c2c-99f7-9c0596c58f4a,Fwaslwvko,true
36f3812a-7216-432e-b11b-babba07873c7,Vygxslymldnpv,true
33ad3de2-994a-462c-9e67-0eae88e00b26,Lqphfpn,true
a3eef484-5d0f-4edd-a53e-2986373457e7,Dkbqxzwwrw,true
d3412217-4180-4879-8a29-eab930059ec1,Gruuqfgncs,true
41a61590-1f42-490c-8d16-551252eb5a9a,Adqljdjlbnhsvsc,false
c4da13de-e951-4a5c-8ce5-2e373dbe7e85,Bapj,true
fc8aacc1-ef91-41fa-b02e-e338fbcb2aff,Mxrztxqpjkx,false
ca472b4d-a193-4708-890b-397a11f48cd4,Egkucowo,false
397f0823-1c2a-4423-9d68-a2ab0021c329,Ogi,false
51167522-66c6-4498-8edb-f59cb10f3b54,Thubykkrbx,false
1632d116-532e-4c15-b15e-965868dfe0c6,Plb,true
c94296e5-b0e2-43d6-82d9-3affb457f9e1,Aukuybmscc,true
4dc34ccf-2ebf-4abd-87d6-eb240075f4bb,Scj,true
8bfa209e-d8f0-4ce8-bf47-10d01f0eeea8,Vskiyikduoxyprw,false
973a9301-5b96-44ed-af29-98c330ba4199,Uskdxtmhipazaa,false
48e71526-8603-4c0b-9b64-3120c8ce5be9,Ejsipyl,true
637bee1a-8390-4ee3-8015-8942b119a694,Dvoclupx,false
add3f5f2-36a1-4a22-a9fe-a3c3d33f91a5,Asr,true
6d390bf5-cc3f-487a-90e6-58801a33d5a5,Gnldjpvlligvth,true
c1943e96-9795-4308-a417-008ac7ba629f,Ngcyokb,true
9dc77dea-1cd4-4d3f-9902-32039e31a7ff,Elxtqs,true
a6fa8c85-1022-45fe-9c0f-83347e800e5b,Jxqxijprxyjxlfm,false
d255fd13-e239-42ac-be7d-55f46216aab5,Eifcz,false
597eed04-c6fe-4505-a04a-4eabbbe9a8ba,Zwhjug,false
26fc73cb-f197-476a-923b-0c7ffe0d3306,Jobhxgdfgd,true
122498b0-9182-43ef-ae17-7a0faae0d223,Pjvnnrefnnixrkf,false
ee852baf-d245-47f0-bad3-99cee9add0d6,Hzgh,true
030139bd-14b8-45c3-b71d-7000d3032265,Notftddml,false
b9a704b9-7128-41a1-863f-3d4cee89369b,Qbrnrjdnlwmvqz,true
de226383-596c-4f67-8eaa-58e950e9a330,Loqouwcrygowvuf,true
731830e3-7b52-46b0-8a72-ef96822a01e9,Bhwpsgbu,true
c6665224-a94e-491b-a01d-4b4507f56224,Hpzhmh,false
d9a6a89d-137a-42a6-bc45-a095ef7cb918,Achevnjw,false
265ee2c1-7fb0-4b24-9cf8-6df56c4062f0,Vas,true
54413a34-09ed-4acc-9b4c-e28429e3d147,Hnik,false
2fee3b94-ef2d-4920-98d9-22eb75faa451,Lpveygn,true
7abd7b41-98d4-47c2-bc7a-e53d81b7cb93,Lypqknjqjzd,true
cfdb53eb-bbf7-464d-a74b-c94b84ebd38f,Kubzntx,true
4a1586ee-1646-4594-9909-12ed14a9c516,Rydzeuzniy,true
1f18463a-86ba-4d21-84d0-89e24033acf0,Ivaitnhf,true
46245c76-70ed-4dd8-8e5a-b61d98c06ee4,Halkdcactz,true
e633f119-9caf-4187-a1bb-af1901680682,Uxd,true
35d86b9d-1316-4831-9ae9-3cba51f74275,Wwdmjzdtw,false
cb76d68a-944c-4942-b2e1-1572fc5d8500,Idwlrrgbofic,false
311ea808-d2b6-4954-ab30-88271642f52a,Uiezczcffuhriy,true
730b8e17-9477-44ad-a3ff-c13f1d3e3e45,Mjbxrswaw,false
aa27d4be-18ac-411c-9921-0a5680cf6422,Rrwihyogcsr,true
7a924085-5170-4cdc-beee-45589029c578,Hziblwzoyyvwc,false
a01808d0-91f5-4718-9eb5-f259c833516f,Zye,true
cc3332ad-6149-4593-aa03-115becc9548a,Ebcxlt,true
e8209a13-c88a-4553-b396-e746327f610d,Ivkdpmoqdbfr,false
ad3df4d2-07a5-4155-b186-3cfa04ef04a5,Hyvjjbc,false
fdb1e3e5-386c-40b4-bd93-ca47c60eb506,Bsgmnungngnq,true
f6d635fe-1e3a-425d-bb2d-fe4387e2af44,Csacrrroa,true
55c50ceb-4a2a-4d99-beec-d38385b1fa4d,Aoxepfteel,true
a6f52a63-9ac0-4765-8983-eca64179fb7f,Zdxvbnscoaphus,true
bd3b23ee-688f-4850-9200-b99f26732018,Jxggxqhodoaht,false
1aa9159d-74f5-44d6-b064-77f83153fcff,Dnfjy,true
302e0291-398c-485d-96cb-2c5c00df25aa,Ygq,false
7e34cf88-af48-46de-a9d2-99ca811fd522,Qbiejkcrsjtnpml,false
74a01238-c2f0-464b-959f-12429f5ca17b,Wpsjeqvrf,false
5b96aef9-d3b9-45d8-9edd-fc50c669f6ee,Yallwpnifvf,true
5f0e918c-2710-47f9-b472-a668a0c5efb2,Opogfm,false
aade602e-fcd2-429a-bf60-b2723e346c0d,Cxrizdmcw,false
4c5c9774-ee94-4d4c-86e3-df6a2abefa92,Tkcx,true
4e132a95-ec45-4f96-a3f6-12cf968f5ccc,Zev,true
ba2070e4-6af9-4612-a995-293802edb325,Gzaorgduirn,false
76bc0092-2834-4965-8b3b-4261c1b0bd62,Okmkkak,true
3dc53f3c-8f06-4aef-87d3-7f8bf0064fa6,Dmbmxtkzl,true
0054a1be-4eee-4abe-beb1-6b5d6cae4984,Rlz,false
27cd247d-2292-4aaf-8245-67a00d907e3f,Jogynypmv,false
3d12419e-31a7-4653-a477-ed81cd7b1c96,Fugzkoflndselap,false
dbd89b3c-15c7-4372-ac8e-c991447480ea,Dmvocbppkrkv,true
339683c2-2a6c-4d39-8bfd-cfa23bfc73f8,Rflmr,false
e6f8d9a8-8dea-4119-a1be-f809c243a65e,Vjmwflhpmhpbbl,true
cd3568e7-d4bf-499e-8b74-59b309648782,Eamhirnhtu,true
870f0ae2-eef7-4641-8e19-2d0a5f0cdd88,Ikabwmpgihnkd,true
f93370cf-f538-4c6a-a2b7-17206c480b1c,Cigvssflq,true
dea956f9-7cfd-4ee3-a1d1-845d41f794d3,Lblmrsesdqh,false
870adcc2-28ab-4782-b2bd-ad4716c320c5,Svfoqvrmemidq,true
fefc9e53-d245-42b2-b230-fc73e0152331,Qcbq,false
7aab850b-48cf-46bf-8635-940b48db3ccf,Okjysyrntc,true
44b983f4-ec0b-4358-8f3d-8bd78856248a,Xvg,true
c0d94e5e-e902-4ebe-8708-f31266c757ce,Epdkxwocxy,false
19a872e4-3ce4-4d92-b924-72b52b1d69fc,Nxmulnd,false
ffbc28db-eeee-41e5-a9db-853b88745807,Yzcjhdsatvwyca,false
94a26267-5172-44d2-a33e-9bbe97aac171,Icknl,false
8663fe0d-97bb-4be8-b29d-82749398f10f,Kit,true
12070442-bd41-4608-a74e-c8a22ef55b3b,Crutximbzbvpkso,true
56503076-493a-42e3-8015-5f9598612b46,Iovrnv,true
33c98da7-05a2-4a97-ba86-f164c46c4be9,Xvnesqeqnqjdpos,true
b43abae2-fddb-4170-9766-228fbc3d6872,Qiyqkoyjplkjo,true
1a3593c4-20e2-4f9b-8024-a591437cf4d9,Reztinuhqiyeorn,false
df1ec3a4-ba35-4a7d-bfbf-49606ef455cd,Umltsoaxjthukf,true
943fc72d-4a46-448f-8625-ba0af1bb3f2b,Xiufwla,false
1b848506-4989-44fe-bebf-1d7dcd854ae8,Dooqbaw,false
f4be3e61-34cc-416c-b619-17252666a152,Tqalmnobgqmlz,true
e1c260f0-f38b-4df8-958b-00dbe1ceecdc,Vwestylggentnr,true
8225b61c-c8d7-41b0-9121-af7de39fdb1d,Uxhwpxdlpdd,false
08dfb0b4-494e-4d49-a3ac-bdd35394fb25,Bacqfyiezj,false
61efd985-2b60-4f1b-9e97-364b4db6d4bb,Nyrtth,false
c2f89dc7-cdd0-40e4-bbce-086bd3a7a1d5,Atmlmowqvgjg,false
cf1da871-0f90-4a72-a9a6-a8bbe4b4f3d3,Moqhzzp,true
6c0994d3-a3ad-4062-8d50-613cfd54bedf,Mxghrvveeojjhp,true
82e36a41-1128-4cfc-8f12-356a0249c608,Vqgwinrlbjgubnz,false
2c4c67b1-045e-40aa-9273-0435d307b02b,Osrmflkxx,false
0ccac3b8-e91d-4360-914e-68c41183623b,Qjpcycd,true
c4647d18-6513-4400-b521-d6483ba5fc64,Hvnfhlib,false
c1690836-e092-4dc9-a329-b600ac3d698d,Ecolvsk,true
b1a6c117-2644-416e-b35a-e2bec4780629,Eyertgysu,false
c54377b1-febe-44bd-bbb5-86114c782aea,Hmisxqbhnkvmx,false
63dfe9b0-6f6c-4e14-b617-80538e953c4e,Xeuackcwfvu,true
a1c828cf-7e5e-4321-aeb8-0f226d1d7212,Uislohaf,false
13bc3cd1-1c64-400f-aaac-620f7701cad5,Bslzabcajgodmg,true
c23e3013-10fa-4de0-ab45-27856baf499e,Qmpgkd,true
1e0e4fec-33ef-4aaa-8808-4b5d715bb6e9,Zmtmxichtr,true
a07b98e2-0a6b-457f-8543-0b35cf3b97a6,Mbg,false
3f30508e-8c00-4d4f-b73f-a22bcec8f525,Oyvtzsaq,true
8ab61e01-17f3-4051-96c4-056548ef4b44,Xaydhyid,true
2511f1f5-9f62-4596-b493-fe23a901675a,Lwrjexhsbmouhgt,false
6c0a2870-c394-4868-b01f-6f2dcab1f064,Sehsunurtylg,true
28c01e28-5636-4493-83b4-98943e636483,Gaxeiv,true
47906031-c40a-416b-85fe-45a384882762,Taatygbvhekexd,true
fe9614ac-2121-42d1-ab2f-15ebfc570758,Xxogpkwg,true
5de84805-c0e8-413a-8d13-a388434d65cf,Cpmidqnumpxq,true
1d035c3f-6319-4baf-b587-76d8e30c626d,Eiebhy,false
f59eb514-f83f-4ce1-a222-c3d35c6f1dbf,Pzociu,true
9b72246c-6d29-4cd4-bbe0-3b0974addb55,Wxbd,false
5bcd8ca5-ed45-43e3-bb06-99b434803ab5,Bzuo,false
fc72123d-8f3f-40a9-bce9-3c213708956c,Najivapcnyytzp,true
2a8d01b5-8470-46b4-98ef-3876a39d0af3,Chwrz,false
3b123bf3-89ae-4d76-b390-1e936418d4c2,Nycqwik,true
d71ec26e-a9a4-48f5-bc08-47c20d7f4af1,Fiht,false
d8155f89-894f-4add-b3cf-e3649669b559,Wmnburzaeuft,false
9ee96034-078f-4e72-b7b7-5f74fa5f5fce,Qssvqrqmmdwrjjj,false
c060e86a-723a-4cd5-b4dc-e66d63cab845,Yzhf,true
49644b5b-48c0-4c3b-ad07-e80e5647bda7,Vmygmeqgrnpp,false
44201e07-f1ac-4d2c-98f7-d0ea5d8074b5,Msxwym,false
359b447b-2105-430b-b873-ed7cbd9a9484,Rnrimm,false
b44e0738-09f1-41fc-a073-87d9e77696f9,Cbgwgdipsvd,true
c4f527b2-4ec3-4928-8693-6a0a88d0b34a,Zuepi,true
05830cda-a7f3-4a7b-9a27-5ae6c1c3c3cd,Bhtsxaxvgrxu,true
3e2de2a6-35e1-4b46-b430-3cef8dd81873,Prangkdoiidw,true
54655644-791c-4685-b04d-860912ddae31,Ocwcvqkiye,false
35b30416-a2f3-40c8-b5f9-d1a9adac88fa,Rhwlgsdhbx,false
22e86201-4565-405f-90cd-d745fbfbc93e,Cemvqvqpc,true
5c05ad53-32bc-4cbd-a474-61529db6eebc,Ourqcpjogehhfbc,true
2dc4350f-9a49-41d0-8227-7b6b01dad8d5,Qkovc,false
80303780-25b5-477c-a36e-d486766cecb0,Empctwu,true
7a07e04b-d902-4b30-8939-44f3d738fd14,Fmjxwziac,true
fd8cbe31-16ab-4ceb-944e-cf9373c64b19,Gblblqgri,true
72ed8f56-7ac8-4574-be2a-b340907af876,Taltoxuyosywu,false
e8e3e1e6-1a3d-4fe3-bcb5-c803d3bbcf32,Nxjxmpalkeqfynq,true
83975c37-2bba-45fe-91f5-6bbb9dec41f7,Bieojatwbpqtoch,true
6bd823fe-1364-4f08-ac0c-5f563eacd980,Xyrslwsiqswxgc,false
4fdb1657-f6a8-4dd4-a70a-d5c20052b551,Prvqfwadujefmd,false
9ee0c042-ed21-4ebf-a1d5-84688e53c5ea,Xcwckhvxoxlpkd,false
12796a98-6c0f-4164-83a2-cd622ad5ec2b,Kxxahalraemit,true
8e5594df-df58-4ef8-b9eb-ba6f598fe892,Lrklkrcwvq,false
52f85477-3f3f-4d3d-894d-e77de2952e67,Cyzbz,true
e5064b48-0ede-4b7f-a4a3-7652fadcd412,Mnjcvkkuytdpfv,false
85079e11-42b2-45f6-b43d-924c27e22c95,Llr,false
6b5e3b0a-707e-43bd-8d4c-d922c247b112,Cppyqnamvbhvkz,true
b274e233-483d-4ce6-9d28-a611a7691e9b,Hkzahg,false
03520011-a1ac-4e40-817f-ddccc3d9eb9e,Zqmntfzk,false
6ea682a0-8478-412b-8756-02c673cb53cb,Cnqrgfmk,false
e634ccbd-4bd7-458c-837e-af93e1789fac,Agqvcqvuss,false
8e92d899-46fa-439b-ad6b-95e8161970f3,Llumqgwphmze,false
0c497954-0c5a-47b1-be2f-9025558ffa87,Uqonoulm,true
9a12c13f-378d-4e74-86ae-599d7956db16,Fvdawekk,false
505f48d6-204b-41d8-8235-5d794c47484b,Cvqxxryayvaep,true
319f3823-3601-43d0-9741-9fc1c5d7c1fb,Hhnvxiyt,false
f43c5653-dfa9-46fc-b20c-3031ed8d8dc2,Yjirv,true
023fab4a-a915-40e8-ab82-861bdce3e88c,Wcf,true
36676a30-ba2d-464e-ab91-6e45e48530e8,Pssl,true
8db08575-6abb-404d-93c9-d0d781fd356c,Shtedwk,false
a3500757-4456-4855-a035-fbff39391fea,Ctdofdhhwi,true
3836b736-fecc-4cbd-b2f0-f12c01b7010a,Dvhlbxymps,false
a3bd971d-2751-4d68-9d52-8aa8bfb0dfbd,Jit,false
18455079-953f-4d7a-969d-07f36a2fca5c,Smxjv,false
e2f8f72e-fb1a-4041-8011-a03bb66be598,Bqnswubfpjgwicl,false
0b724d24-bafa-43a9-a66b-c390dc606c3e,Ucifthlxhodkd,true
4c00dbe1-881a-4273-8855-adfc726376cb,Wdqeiyhifivw,false
dd66dd5f-cc8c-4eb1-bf6a-c16d0de4b74e,Gry,true
c8093e64-1a9c-466a-ac1b-c2f71020efb4,Ydvsscj,true
72a11748-c8b1-4faa-9b53-860cc8ef5dce,Icuwhvuligrf,false
acc63e47-581f-4a50-a832-f444ddbeb647,Srjund,false
4efdbc0c-06e2-4334-bc2c-5ff4817b483c,Kej,false
6fddea83-ff65-4612-86d0-03aadaee502e,Foedf,false
c342b14c-badb-45fa-a1b4-4907f4328dfd,Lyds,true
50f431ab-a260-4b1e-954d-6bdd6bf500c6,Zauyimh,false
8d3c7e8a-05ee-45e2-9afc-49df7f4d507b,Ubzp,true
7299ffc0-6d73-4ac3-a744-7c9dabc06125,Bcjwcre,true
125aba02-71d4-4b2e-b09b-128b8efc15d7,Qvcybkkgctazfgy,false
c14f313b-3668-495f-8bff-f59500063ab8,Ydw,false
dd95be37-952f-4054-806c-6ad85a015722,Mutgteyshcdwo,false
54120249-8d32-4e2f-b481-4f20cd86657e,Trhmrdz,true
dca9b7de-93ee-452f-9680-2d007bd55750,Obsgtalggqwjebo,true
73e46e00-d808-4c02-a44c-a3f5902919b4,Sbmioyplmdgdg,true
342d491b-2c47-4f83-a53d-0ce761f25f99,Iitvywpmamxwn,true
b7f2a38a-89d0-4e1f-bb02-9305e77ee3eb,Hunnzwbopbfyf,false
f8fd6c22-b277-4acb-9982-395ff6fc4910,Hfxzmkteloskg,true
605e122e-d811-403a-adb5-e62e213fc314,Fajz,false
6decbfbb-b30b-4097-86be-373ade16e72e,Lkfdawskltxlvt,false
c73c4345-3bf2-4042-8e2b-bd16b0fc4ef6,Cayzqvtfbs,false
10c2498b-116d-4ce9-a2aa-5e0058920358,Vlglvevcmszgprc,true
5f76d03a-ee5a-4143-84d7-95fa0808b8f5,Dloxphhwvftpf,true
71dd23aa-d40c-4827-b026-34d36b8a9c9b,Ozg,false
20a89b9b-511e-4f20-8f9f-941e6433c8d8,Siwbk,true
ad945ba5-d3ba-427f-8c2b-a5959d191009,Ncuwhvnopewuexo,false
86ffbca6-6b49-4846-acad-cded76ddd0a3,Alhfdzo,true
502c845c-5358-4497-b9cf-1913fc432392,Chlcf,true
6a64a84d-2ea9-48e8-acaa-ffe3e6c6a916,Eamhpnbr,false
a84d474f-3e98-48dd-bff2-9425fb630112,Nkz,false
426380a5-6921-4d93-aa3c-365b76da3c76,Czvy,false
a6418dfa-5627-4f72-944a-770b0a621b90,Uozzmowkzbjbj,false
18f0d7a5-6de4-41e8-9cbe-83b3e3771c02,Acjyv,false
3f3ec8d1-8c65-4922-b414-3ebdb4298e5b,Mocwxjrcfkrdjt,true
f402fd71-6bbd-4174-8436-ba6dec6a922c,Nasefkz,true
b68db3f6-2c4b-4433-baef-b3490edef6a5,Gwcyzekwyxnfe,true
e2a7aa36-d18c-49f3-ac48-b6aa2881c627,Eqxlquq,true
5811fd06-3a17-4151-afa1-15230f4860f9,Mjrvg,true
6a7cdeee-3271-4453-9d7c-7fcfebbb1b91,Avz,false
96440f1e-862b-4c11-9ae2-bd7bfdd2125b,Hqvxwaai,false
bbf690f4-2bdd-428f-875c-76a039b8f0c7,Fcbituwnffloqh,true
121374bc-85eb-43b7-812e-12fa08d4ea4a,Vtesr,true
ad214251-d6a2-40c9-acf3-303c724f4224,Btxnbrjnzdulo,false
3873f2ec-3b7d-49b1-85c0-7f0582bbb8f8,Aogoqtu,false
7b375d47-9961-4705-bbf8-2157d2b5717f,Ptzv,false
9a29f6c7-8d82-44f3-b288-fc65678b87d7,Eaentua,false
fb33170b-b609-49d9-bf0d-d15593dd2f56,Gser,true
d2aded2d-2cbb-4243-b64a-e6e609289667,Pyxm,false
9b793ad6-0c92-4e49-acfe-c6ecc4274da0,Nzayrmmfg,true
a0314337-cc70-46dd-9e21-249d99c89581,Pbwjmcjisn,false
b9df178c-48ba-4f39-9dd9-32dfc867e17d,Opwepxnohyv,false
4326b196-0de0-4270-ad76-af007276ff7e,Tfrepn,true
df539c95-435e-4785-9773-2d5655a58d94,Owpk,true
def73b2a-a774-4f54-b4cf-f48f9917c54e,Rcqttkgkpazrzs,false
1f9bc187-3de6-4290-a5c0-3523587442da,Uhjplwzmbq,false
3be1ed6c-8aa8-4b7c-aa20-88be6974dcb6,Ntjjmawwx,true
b1619ecb-e475-4277-8641-67ace4d39bb6,Owzrewwkqatmvbp,false
fb1544f0-5a40-440a-b0c3-f75adfb1ea67,Mohvx,false
404787af-74e9-4db4-85ba-748bd8a07dfa,Bjdkb,true
2f4eea1b-cbb3-4288-8274-0855cbc02aaf,Egyogbefpipdik,true
00328401-6a5f-4034-aa91-9d1980b699d5,Gkiremilkmm,false
d81c5dde-e3d2-4b5b-ae3e-793a2d63d177,Hyxnum,true
7d28df2b-c217-49e9-bbd9-a5ac33a41079,Ftk,true
71869dc7-c21c-438f-b57b-93683070c357,Vffwrbopcizkmg,false
cbbd7cdc-8dd7-4c65-8cb4-ee98f3a9935c,Xph,false
e7533ae0-e27a-42fc-b3b8-e45f192209c8,Yatrzpvzbqsm,false
5b1f4c76-b850-40e1-864b-c8030ef31630,Fqurydedp,false
4ed49ae3-05be-4ea2-ab29-d4bd9c1216ee,Qfarkjadnvtn,false
c5ccb0f3-fea8-48ae-a8e9-fd2f9b775024,Ejmt,true
bbc67438-a3a8-41d4-87c3-6b47fd46ab44,Bmjjgnttsk,false
51e351e2-9ddc-46a3-945f-fb734a9aef01,Vhayj,false
0c6c2419-c803-4e20-9ae8-4b6676fe468c,Ozmnncy,true
746be165-309d-480e-bc54-d85eb26d9815,Gkwn,false
0ecdcac0-5818-4b92-a59f-9c5c2914f465,Vbhl,true
c92258e7-b74c-46ee-a050-d0eb9e893200,Erlfjydjgy,true
788d7887-b234-462d-a518-4e29c832ecd7,Yaatkkmxnc,true
b26e7f37-92ec-4f77-a0dc-35781d304081,Dqvpraeylfy,false
2e59b8cd-e160-4ba7-952f-b90737c02e7c,Ozppgehbcusmmv,true
e29a63e6-22de-4f04-99be-272b4e91ebc3,Bqemqe,true
da725cf3-7608-4f3e-8f7a-c7d0d7549f69,Kcdzkqjl,true
ddabc190-f0bb-416f-be2b-4076e2c1a297,Hvuqdki,true
b0c0d5b7-3118-4e80-a69d-7764de9e550a,Viargb,true
321677d4-d456-4a1e-af88-f721f35fa4f2,Fbdhdhbx,true
a2ea106b-1e13-4482-b284-4f0c63ba80a2,Mjqhmmdigz,false
a27b4b74-2034-4b4a-b0df-90119429dfeb,Fqfflk,false
7048854f-2b46-4018-bb09-d36620e3ec86,Xreipvee,true
fe9b97c2-c62a-40d8-82ad-41378f257416,Wgv,true
b4dc4ba8-7e15-4e68-8f3d-f66e0ddb340f,Sagmezmrjr,false
2b058626-6ecc-42ef-8b54-a890afba5e7f,Aspzxzzyafckug,false
602d97d8-72f8-4efc-bf79-58e0aa46f3af,Lgalcs,false
d83e2a53-a583-4697-b70b-92f365dcb788,Yqudqt,true
92ed6dbb-09e7-4eaa-b9b3-44b0c9c391a6,Qocttby,false
eea3d91d-7070-4eae-abf1-fc3cdadae612,Zjfjjculvqfgce,false
b1d53cca-d775-4eca-848c-85dd749c41ce,Jjlqyxahuwjwv,true
122454c5-8b11-481b-8d53-74f15ec3edfb,Detb,true
9b8f45dd-a82a-47fd-9b37-46bf14b9e2f1,Vyeheftq,true
e13d0126-936a-4d3a-852c-55ab56bb6941,Pzua,false
3185d6e1-17a8-4ebf-87c3-0e7bc9d7cd66,Fvfvx,false
3f3da3fb-c3ff-45d6-bc2e-8002831b7fb1,Dihxoruvdvci,true
73589b46-0ff5-4693-a230-e92f12bf30fc,Gjgqnyvwkd,true
575c2f4e-d7a9-4961-a6fc-fdfe4a5197b1,Mxbwllf,false
aaaaada3-c308-4b8f-9aad-6b232ecfd0f5,Qltmolxgcx,false
4b29bedb-d345-4dfb-a876-7c4415ec2c7b,Vgnbd,false
7d7d2707-e05e-4008-8f74-2d42c6e66176,Ilgflitpis,true
98b175f4-ca30-4de0-9dee-c07ca9eb02ce,Sat,true
3c2fed54-3ac7-4b86-9382-865f324d2a5c,Ode,false
c041fce0-d1ca-43ce-b33b-08f650ff3b8c,Yfl,true
df6eecbe-5c18-4320-bf7e-ba5c51b7de26,Akk,false
0d3ae1af-be9e-4e62-9c6e-6615039669f2,Inqdlbccyh,true
59deb7da-1541-4824-9b05-840da218cc4b,Mao,false
05fde5eb-19bf-4697-89f0-e593bc8d56f7,Klash,true
8ced4ecf-3b92-41eb-88be-6f523ea0460e,Aqrimkild,false
3a018a62-a1af-424a-acd3-e42996ed2e8e,Pojxdacb,true
da205e24-231c-442d-9013-b101a02bf628,Igbgrhc,true
1503e8b7-7d56-45b5-9eb2-258612ad23a1,Tukdomephjt,true
9212cbcd-1eba-4fb3-b90c-fc1004e85fb1,Qumfry,true
d1b886f4-a2aa-45a0-9283-ec6bb604706c,Gtwe,false
6a82f186-6f57-4435-a1d4-c104141fd4b5,Navfvrk,false
e20f29d1-a7bd-4b16-bc87-c725c0e581fc,Xgofrihfhsxcvm,true
bb09cab8-daaa-43ff-9696-7ae1b40190f4,Nlcdxjftof,true
8962bf1c-af79-4fe2-81ec-57a35a299bcb,Nfhdvmgdokg,true
9bbe7bb9-c1e0-4f65-bf55-457b96901197,Jjzxq,true
5ebd5b0b-a2c7-4354-be36-fdeb6934a7b0,Wcngwmafpt,false
c53a76f0-593d-4957-8272-e0a9b1d5d087,Pacuajiobc,false
edebf7da-75c7-472e-81fe-6eaffeddc441,Nfpcj,false
b3f2f825-ebd2-4459-ad1a-58b6914dcdea,Pxikawj,true
b3aa678a-2750-4c90-984e-159a22a52c69,Ooamdeejpxuoqng,false
c02c845e-4005-4f2e-a7b6-605f85b45a3d,Nqqlpcmabz,true
6a2eed8e-1f32-4fb3-b4d2-c00806535db8,Isbsk,false
1b1658fc-a227-4c2b-a338-75856ea1e404,Bdmszzfm,false
8795a732-754e-44f8-b412-56a045c70123,Axhxksvkzqz,true
70d999a8-b7b0-437d-b8f9-1902d79e944a,Rjebnqps,false
c4058fca-e5db-4a9d-92c1-f64560e98733,Cyskqvttxdhs,true
8e6ab14a-0c83-47cd-84ef-96013e51fef2,Mhyw,true
35e6e1e6-5f02-4eb7-83ba-5e4839cedfee,Xjgcbxyk,true
71806ace-2758-4884-a7c2-04a80b2d1787,Rcxwaxpfdaaip,true
9748fc0e-4990-424e-818d-f46091e8ff7b,Cqhgqaisf,true
a93e6234-b77e-4a9c-891e-5d0902109829,Gsenykxrs,false
2250ebbb-f0d1-45a2-87dd-346c77d88936,Mtptutvoegchtr,true
e66d1e9c-c4d6-41ac-bb98-a8b1d9493446,Qbzxagqqnvmnpdb,true
a5337223-e912-4567-8b7e-85cb6cd685e2,Nazvttwd,false
7f07e20f-9888-4b45-8a34-ab34504d5117,Gojky,false
e6204f6a-ae14-447d-a337-a2fec41b2742,Kyonk,false
97e02b89-439c-4ba3-8dc4-27ce76da5087,Dcuhadruxymndu,true
a7859abf-ca5b-4f8e-a22b-7ea53c7a313c,Enjfhjcjh,false
d0bc2d83-1c28-4a09-9d7f-31e38190934f,Cjh,false
375e2ec9-c666-429a-adf3-ad4a29dedc50,Vtlm,false
3aae9ae4-93d5-4e38-bd8a-d3598f80683e,Aowffvbq,false
1525f20f-5fc5-446f-a2c5-0a7f79f5da4b,Sjtwmxhkme,true
2da90eb6-e3f9-4a3b-9ccd-38e5d52d963f,Chnqeur,true
a77d2a97-2707-41ec-ac83-cd9d53c9cc1b,Xxbmzndgav,true
442c9c4f-4015-4ea8-b7f9-1c05f99b2575,Tpfxkm,true
8b095456-7653-4800-9287-21e3864aaa22,Mpknfrei,true
fae59ca3-fcd4-4bbf-9af6-06b8cf091184,Lfrk,true
f1f919ca-6a54-403b-b462-ebc3190e7bae,Afsqozxijgzm,true
5f2587d1-5805-4e5c-a279-165f44dc2997,Thclxwu,true
f9788ed6-d8d3-4cb3-9b44-6bc3b99afc23,Imbfq,false
3c3b74ea-df43-47c5-a0d2-17a7075a8cd3,Someizbjmexhso,true
e31f8c62-554e-43ef-b565-3cfd9f93b5ca,Mdiwd,true
3aa261c3-8ab8-4424-ab12-6a362db25645,Zdvozzqv,false
3fd76046-da14-4e55-b248-e39c9df18969,Oqpudkohv,false
16da688f-3eac-4404-9b52-88ae1e69d7be,Rnt,false
6bc2e796-f7ee-4c08-ae10-6b1adaf802ce,Tlxvdvjby,true
bfd4c43a-a22b-4ecd-a419-3651052e3e61,Zfdaiaei,false
a6b0f87e-7285-41c7-a523-2d199a9bf5b4,Sxyltahcadexi,true
b300c0b1-f6da-4ee7-b32c-7e7413a9a9f6,Fcfyw,false
75dd9176-1f24-4c42-8090-1f47718a2c20,Fkh,false
b8a3bb1b-0db0-427d-b1a4-0e5fdd61ab61,Hlcgzsjhbryab,true
23b1c6d2-7ed6-4f5f-9c50-c899c2cf135f,Nkerbrspzvry,false
efda9329-bb00-4c24-b748-db7e6572dc5b,Igxznrqo,true
aff55e58-e4e2-47bd-b29b-4f90a33a0434,Ptzmuhrvk,false
7851eeca-2112-4f8b-9112-a70660dda5ca,Bprbcsbbvgiaed,false
4d69b87d-f76e-472c-8995-e8ccdbf31f21,Irofontg,true
7391e5e9-41c3-423b-8b0c-76665598194a,Cmjsqfzxmibspdq,true
069698fa-f70c-45e5-9cac-00cd9a9f2bbb,Rzotryop,false
74cd021e-1c57-4b7f-b23c-d6b72a256ce8,Blpfxeiwvcnz,true
dc034bc9-74a2-4b42-b187-6b85c60c145b,Xile,false
9fc208be-0637-42df-9f76-65b0d042d6b2,Zpualruxgkxfme,true
3236b35d-d629-4959-b46f-2ac640779759,Cgekkzahdsrmf,false
dc0824f9-0c17-486e-889f-145fee7b8c9b,Bpzmocm,true
d96a4cb6-d88c-4a53-ab42-f91f7c108e02,Dtvi,false
590dcf63-5f4b-4800-a46e-9096fd31ab12,Nvc,false
cbc4aeea-d375-45d0-92f1-b9017df36297,Auxleyjzr,true
82515ea5-63ea-4566-b12e-983b0084c9e8,Vrczxgcdfgqfz,false
5f6b7e23-a5be-4c00-9e37-b47023f5513d,Lyilnv,true
83268913-781c-4265-9764-0d27f508fb7e,Buwpr,false
bb76943a-b69a-4111-a5b0-5f5fe0c0385f,Qhajjwdhlcg,false
84028c8d-60e5-43e1-87df-c0939e8f6593,Hpdmjh,true
a0526009-2115-4d39-a678-844db13d00c8,Zlflabljur,true
4532b558-5e3f-4c47-99e2-c453b87f1523,Bzazanz,false
3872b706-968f-4103-bbca-5d68b84d7bd4,Yfogswpnwi,true
9c654e4b-99a2-4e65-abd0-2da6f0fc0a1e,Jvxqb,false
d6490edc-f896-4e70-b6cd-eec7f6bf28b8,Ajavxl,true
918e5b80-c856-48f2-a44f-b32c61f1a502,Boakyrtsoss,false
25709b99-a185-4aad-b332-3110f62c5216,Xucclxzz,false
7249182e-3ecd-41b0-af3a-f5197109a203,Lviaxhbbwqn,false
47a8f9f1-e3f8-47d6-a4c4-2bf6940bec2c,Gcxsxlnhxiwet,false
6238ac17-4ed7-4755-94eb-db20121506fe,Zmuzcxw,true
3817e620-72ae-413e-8dd9-15fdc4e58eaa,Hhlzytfkdl,true
c3a09c51-49b1-40ca-a95e-1df1a2c1a5f0,Xbblyzbfr,true
156c4768-3805-4b7d-a7a8-ecb1e85e765e,Mjsmwdpdeduekb,true
93b354cc-0607-4657-a519-55b5bd72ea18,Csvqrtlnfvqwch,true
f3aba276-f054-420e-a7cf-de464c874e14,Obgxzpbsqoo,true
aed93610-8338-4044-b4a4-eee2c605d4b9,Ehizvczg,true
a3572b12-be17-40ca-9f99-063889f0c7b0,Myw,false
9e50656d-9ada-4518-9035-18c81d04c49f,Rskxhfewbgodhh,false
dabfa3d6-9701-4c3a-bf92-660ddc14a32c,Qjfhgzcmfgf,false
63f22315-8c2a-4cd2-9187-0b75604b043d,Gexcb,true
83095c88-d6c6-4a4c-9e0d-c11686b62114,Qvoulykhwcyowm,true
4a6540a9-eb84-464d-ab59-63a12b4f2db0,Izk,true
2fb9e528-676c-41bc-8ecb-ca7b22486865,Xuq,true
b24c5ca7-802a-4777-82ae-e1949e5e87cd,Yvjqfdvlisdky,false
7de88635-dadc-4b31-962e-94d5bd340b5e,Zaidcgdcgrb,true
38ae78cb-f937-4093-a7d4-a75e91eb2287,Kelrsicwfjb,false
e62afdaf-d315-4342-a59c-570a189feb50,Mjpetvlreb,true
ad5ec85d-5cc0-4396-94e3-db78deb81e05,Xezfz,true
4a08fb51-36cf-493e-8821-962c14b30328,Eranhe,false
829cc299-7ba4-47b2-8d6f-9756f5982f97,Nai,true
77accbe4-e491-46ca-b8de-84355d977d33,Bzbnubvmhqmf,false
c89aacaf-87eb-4b45-a106-412adc5569b0,Bxzvsagvzaaxsh,true
c6f24ae3-9392-4d93-848f-e2d84ea3e213,Drdajuroihs,false
9a7221d0-5128-4186-8267-f0a4bafbae09,Jurlplbhsq,false
b5a72ff8-0287-45c6-8abb-3e474f5ca710,Ztiwghn,false
e7a533b6-2b2f-4ca4-80d6-e7a52bbdb52d,Ppfuantvbouhauk,false
a2ae8c9d-1e54-497c-94ed-a696b18b18b8,Luxdltvhj,false
d93a2e35-5ef6-420f-b20e-1e2522c4e7af,Efnbdqc,false
666124f8-a8e5-4228-a253-476fb17a6de2,Yvsa,true
a62844e8-5776-4f7c-a8d9-22cc4bdf6a64,Jtrry,false
7c6469a5-3b2e-4a8f-a185-7ad32a66dc75,Syflgmuyvxaso,true
a2f6a463-d2a3-4462-aa80-883089bcae1b,Rbfe,false
89426edd-2fff-4725-bc0c-3d754a761648,Gfkcrowa,true
6f1ec7c4-989e-4849-9070-8224223c65fd,Chrbambewxpopa,false
14ab66f9-0e08-4cad-9fd1-fb0f4bd2e2d1,Ippds,false
3c182008-a3f4-4fbd-9770-de132da5d8eb,Yprwcvvnmnhwgju,false
0477710a-e14d-4915-bcdf-6903138c95f8,Hgfaqziwgkt,true
f8aa8059-8cc2-4d13-ba91-c647b1f11ac3,Najjynxqpg,false
ac54df73-99a1-4d1b-a65e-f43e43637565,Zghot,true
8828aef1-b712-4cdc-8630-6d33fc7ea648,Orurjcgsnpjcazq,false
f2ebc3da-dd9d-4adc-90ce-87378f82cea5,Rghyr,false
42ce6c5c-6fe7-4979-8610-f1eb164e33fd,Iybhqmmkbwzzn,false
8a9bc9fd-be82-466b-b14c-e2dd62ac84b1,Bdmbdojuadjkpn,true
fd173e8f-7ed7-474b-88cb-a5f00a2fd6fc,Frdkgj,false
93fa96cc-aca3-477b-a4bb-c5cc5a5bdec2,Noraa,false
75f8139b-622f-4e55-bc2a-dbebc2a62f68,Vsagvdlxybjr,false
77ed565f-bc93-402a-ae38-7665f08edf43,Rnikgbizkkx,true
cee8b248-26d4-45b9-a96a-663e8ab59d26,Ryrvjlvkaagge,true
1051b704-db47-4116-acc0-16500a399023,Ebkikxevsexrxyf,true
5394d67f-0bb2-4b30-b523-f08b77cf332b,Uczvzuzpiuws,false
b8cabe60-f86a-4d83-9f84-85282f1f52cd,Jyagq,false
9138ba68-6e58-4c88-857c-14ab8291f328,Jbipoioudfnl,false
d6a7e801-e1c4-4221-b5b6-42b1741827de,Hzrmwlpgp,true
ca71d4c7-00d4-47ae-ad01-55a050823611,Icdlurvn,false
8a4fbc4b-71be-4132-b6a0-c31a7042b4da,Nmjrxgdvrxeg,true
8c790b11-f430-44bc-8635-7b744937991b,Qimbjaqzkjectis,false
d4042b6f-37a4-4537-8e35-3f56be264cab,Zwsowjfxhliqcsn,true
8db48d44-89a7-4982-addb-fc5ac2f437d6,Pijdjeaufa,false
ea4eb27e-adaa-41bb-9adc-cf0dc2b7f7a6,Nfwswvifsxmcyt,true
cb217062-139e-4842-8c19-1b168f5f691e,Fpmkt,false
82e08332-6e78-4102-8f95-a074efed258d,Xiqfeuktsfkyqvl,false
f4ba7f8b-c186-422e-8843-22d8b04b40fb,Wvdhbowveh,false
8e42c81c-9a34-4bc7-a6ed-01ec68e0a4da,Sjrbmoemxf,true
9d06cb7d-2d08-4e41-915d-847665221011,Qujuiatmf,false
e6988d41-adf4-4364-9a9d-9aacfae60c2e,Wxospuqhqkgju,true
363cf888-f176-482c-b6e3-4923ddee0958,Bxazydxc,true
7ca3114b-ba00-464d-890c-e4c7983aee76,Qizit,true
3d3d532e-38f1-4943-8dad-d16a3041d5d0,Eiujjgpkgucndm,true
5305f4ef-8f9a-4e8e-8acb-e12bd6844679,Cuhndullrzwdx,false
e3b64e36-a7a1-46b5-8eda-2864b016137c,Otmi,true
763347a9-f2ec-4a1f-adca-dd7caf5df7b9,Ses,false
57d23dd8-af19-4c97-b1a7-294c5f6b3ad7,Viudobby,false
7d8e0fe2-3dd0-42f4-885a-a458defa23ef,Sehodmeyx,true
46a5f78c-a5d8-411b-9609-fa7e98d9ff2c,Wbxrhdsic,true
2039d762-151b-40f4-87bf-15435bb1f5df,Ltuoorohc,true
d201fd8e-9649-4a6c-a414-b6717330b120,Mmmbyapjisy,false
d78d0885-7d05-4d93-a770-fc06142659e6,Ottkd,false
ab359b66-3627-40ca-8dae-87798f37eca6,Mjjsj,false
ba311662-ae94-4e6d-a7f7-46ae479536a6,Kzzw,true
9ab06614-6773-4ffb-bb1a-3d56b724485f,Gqlodzy,false
95349e77-b9b5-402c-8491-0de48f709df1,Ueky,true
664bcb56-727d-4864-85b1-6238830659c8,Uxmotfngcow,false
18d2cf10-1867-4535-a357-a65312235793,Mfgyez,true
afab99d2-5079-49aa-af31-99bdb61e4960,Rnwqbrbzviwfzsh,false
5bf39179-052f-4470-8d90-a6d6f20cffdf,Dkzglubadgnow,true
7d1f4196-113a-429a-9aff-aeabfb05cfea,Colizqaolpxgczo,false
d6127695-aab3-43d2-bfdb-94c8ad66baf6,Bqvavmyyvuoy,true
9b4e44e9-408c-48ff-acdb-3fe542e4de9b,Tsew,true
951e3001-33ba-47d9-af85-86474ecfb20e,Pymjnvsvpazsoz,true
c8c5d51b-5766-4df2-8d65-4bcf66563cab,Vhj,false
c0a4ce86-7a46-4284-be0a-33acc4bc6835,Ccde,true
f80590c2-d94e-403e-9e05-71957846b7ce,Mftrxtq,false
6130c340-8644-415a-8881-11d686889b5a,Ebmqobyicqkdpwe,true
e991955c-5526-4723-8b65-e1abe7f7c63c,Zibywnxfox,false
d510b581-e88e-46eb-81bb-4d881c033686,Hlcm,false
3a2ee20f-7d20-4421-a188-184d98afc785,Psitlbp,false
830313d2-84a7-4eaa-9430-d1bac244e0f6,Buwdogafwtr,false
71c496a5-71ab-439c-b197-1ca1ca4dbd76,Lbpkbo,true
53892a3d-535c-4687-a233-7467780193a1,Grheijqrluh,false
773ea58e-13a2-4601-b880-a9dabeb5cf09,Kfxszghj,false
706ea786-6d97-431a-8167-85796148dabb,Xopcxmtf,true
5671733b-1349-42d5-935c-234fd02f7f93,Azw,true
c04858bb-8494-4f4a-9e7b-be0a11781475,Rdixop,false
f803b026-930d-4773-8b1d-1617333b297d,Qzfhajmx,true
1cad196c-6f79-4327-be8e-0e0231024e6b,Agx,false
0c620f71-0083-47d7-871b-ab030b337e23,Gtwuq,true
f2437c36-4ec2-4a45-b6fc-36ab96ada8fc,Jglxcjakhjr,true
b3d81201-06df-4902-a2d7-2e82390deb1a,Qfggqhkzwb,true
af39ea73-4ba8-443e-8bc5-9a9e3f865295,Rdhfmbqjlrbrec,true
4aa6fd05-e425-4b69-bc3e-8c0b8f6854f1,Mxktnrcnwicehc,true
facd23df-3359-484f-8a37-310321f97105,Wloonfd,true
d9d697bf-0b5d-4326-8b8a-e47041017460,Nzevqxgqwb,false
7962c4f8-754a-4362-a441-cc63e3cd2891,Vsylnhnwivgqbyn,false
ee02eac9-fa9c-4d7c-a2de-18e174240754,Vqrkkfxo,true
f9915797-9f27-40fe-870f-8daa66d195ee,Iisbpeorhjd,true
69a1cbb1-37ea-4742-b0ef-0505e846389c,Wtkvmmdwnetnb,false
08a9ea7a-d125-4032-a9fa-65537743a617,Hwdtowvvncimy,true
991861bd-846c-4833-9739-188887385be7,Qefqrnqkk,true
7a8c04bc-4c77-4dcb-96f3-2a445073ba28,Sfhpztmeud,false
73548594-1026-42c5-b7ac-dc3ca6c97d72,Tlgashqnqycq,false
d08a64e8-c9d7-4c8b-bfba-569ff2732362,Ykjm,false
2e9ec6d3-fdab-45af-9ae9-1cdddae1ea71,Qqyhxpbwvakcc,true
1a705192-e405-4b6b-8eb6-e529d12a1a1d,Cqlntso,true
f8b71c51-5523-4063-890c-16d355fcb83e,Frdglkudj,false
03069529-c314-4586-8862-8e9e8dff182c,Fqlhthvgvgjjpe,true
8029a5bb-8561-44b2-9662-576d423408f4,Glgrzrwsj,true
62dae2a9-02ef-4016-bcd6-121f25a91999,Alnfhtqkhobtzt,true
2abb57b2-ffe9-46f3-8435-a871846e3647,Cwnvizlmwxfmcqj,false
624c35f9-9db7-481f-9a48-88728cd7cc10,Iyzkwkw,true
e0a9d163-782b-418f-bbf2-42f0c76f7e11,Bovlnmohth,true
76f7443c-7ea5-4ddc-939e-9ffbc6c6af18,Zusoevq,false
d1795a26-75f9-4fa4-b7ed-06c6dee9c3a7,Yygouqeow,false
d857fac3-47d8-4e9b-b2ff-b72dcce36ca7,Sgegpyljldqk,true
c47a0d8d-9dcc-47a6-a394-b9e03f8ce889,Mcygjlqlfmzzvka,false
f3ffba8d-0ee7-45ae-852f-7acd792bb227,Snexpwau,true
beda01c1-c431-4293-b530-bdb6cecb1bea,Mlxfk,false
6e173a17-b014-4756-a317-f31fbfecfad4,Hzljqk,true
8b0b6dba-eea9-4ea6-ae57-5632d0037a11,Zrnoqdmyarwbky,false
a2f42f4b-3421-43eb-ae93-e3737bb7d5ea,Gaizuaidvp,true
d442b74d-d654-4907-918a-062a9368ca43,Besmnanikk,false
8b210311-72a2-4d40-bf2d-d31de6180114,Vebwbybwsvvfbjk,true
9585ea59-f371-4b05-bde9-262224b362ae,Rul,true
fa584edd-e71d-4bf9-8685-0840f4bb7573,Zxphxzirc,true
3133c0c1-b3e9-4b9a-ac0e-000ed8e86240,Unikzhqxnvedy,true
707d1710-1be3-4f90-8b43-f682668b1577,Iwhdjttmkxpsr,false
9c4580ba-41d3-4855-9ad2-207f7dd7f079,Bbcax,true
520cb3ab-1a27-4cf5-9134-90e5a279599e,Kca,true
831bbf13-0880-4c98-9b0f-7a1c84ea0805,Vlfuomcghtve,true
e5ec6cf7-f0b5-4252-a545-1b124291370d,Mfnuvpvvcrh,true
267aa3df-fb92-491e-801f-122c2f8c4b7e,Knrcgifr,true
482dd3dc-f8f0-4191-bcd2-dfe60ac9e05b,Yyrykmchrmxupum,false
e53f3b1b-2d63-46e4-b021-1fda1fcfe8e4,Tqsgxuxx,false
83aba7e4-3a3e-4eac-a5bb-39a0ba083fdd,Afnxvyldr,false
484bcdc9-3909-49b1-a7e7-2ca84fee02aa,Fujarnhy,false
ce688a05-3352-4561-aa9e-b628bb09c114,Pnmjumiifnju,true
6f5c4a39-a1db-478f-bd33-107fbe666795,Gzmntotexkgy,false
8d4f58d5-bdcb-40a5-99eb-dfac6667b9bf,Rmnduhjwzmju,false
042ada2d-236d-4045-bf37-27031516ca66,Hktedumn,false
aeaa841f-d1ac-42ce-b2ea-491ced9ce360,Qzoiifzddyijmgz,true
d70ce98c-7fe7-4a7c-a5c3-df934e5b4204,Ilypwoknsbjkxbv,true
a857fa99-ced9-4b86-abb1-38d0a81dbbab,Gsa,false
df1fbf35-9369-4cbe-ae7d-aa95fc646416,Seqza,true
a249b414-10a6-46bb-8480-f521f98e9388,Tvbzxex,false
54c5f492-390f-485a-aa66-5b533ee5a8d8,Jnjltdj,false
c7c7ba1b-269f-459e-b5ff-287bf8450dc2,Bmurz,false
e36b2050-0d5b-4546-8a19-0e90a3455883,Wssqr,false
96029b74-6cd5-47db-a896-ddd65ea4d034,Xfohr,true
75310a20-a940-401e-aee8-895d057326fb,Fnqvengdw,true
d855a80d-e59e-4361-bd4b-d2488ac2d368,Abauopjqqimpvi,true
a67bafad-8aa0-4e8f-a8d8-b5f0ea9bc96b,Atphybxnyob,true
737a797a-4b14-4f7b-82fc-1cccf3a53116,Wdqcqazeqwhgajm,false
1ba602b5-c215-458a-8bbd-7f4de032e242,Sidepspzmcahpw,true
6aed34d0-6f74-445b-8c98-345d8cdc1285,Thkrspzy,true
d1e336ac-84f6-4c31-b5c6-5fe4055a7da5,Dtrcpkyll,false
1c9af9f4-6ac3-43f2-8c87-42a3fc8f08a2,Zjxuurkndrnaog,false
6a9db9d4-f39a-4399-85de-587105ce0d33,Flaxxupx,false
4f9a40d2-665e-416f-81a9-19511c296f60,Mcdnkwkli,false
ec442e4c-ef74-4fed-91a7-1999bdd88205,Jcmbnmhlv,false
b5f9ccf2-1fd9-4d35-9987-04306bf1f1aa,Qisaxchhnmaktay,false
c7a8be3a-0152-4e21-bef6-f2800c26f20b,Gdotqhtruxtoaf,true
90436033-e948-4a77-8cf8-c761ee96368f,Urgoxahzqpngc,true
2137b599-e545-483c-a076-2041fe8f00ba,Xdzvf,true
dff1670b-bd30-48a5-941b-0c08ce36a7aa,Rfxr,false
a928ef91-d62a-425b-a3de-3c84d4ef199f,Vyleepcajlxu,true
39f27685-3f69-49de-bbb0-dde79e48d46e,Ndexgwgwghyomvl,true
24514c81-5a41-49fb-b569-17aeb148430c,Igxnr,false
69eae4c6-d97f-4a8c-afb8-463cdbc42416,Xusoaaw,false
29687dfb-132c-4be9-a0ec-6375c527f8ff,Dmfsomldwfia,false
07f28ec2-7b34-49e1-ab49-b0178fd08e14,Blpuqlcd,true
cb55a969-2b3c-46b6-9276-6081fe59edd7,Owxkvfuco,false
172a8f8c-01fa-401e-a1af-73472e17f81c,Qdkg,true
116c7553-9768-4247-a6d6-78d10d9a681c,Ejrtgd,false
773ca75f-368d-4a8e-8e58-caaa6625b4c7,Oftnjjwcarm,false
c5c7a824-707c-4160-b297-1a2da61cb7d3,Iwnqrongatlum,false
28b35e2b-1e5d-4a05-83c5-6369a9ab5807,Wxhsztmqicaj,false
f1d5d84a-7f3f-4fe7-8ebe-49f967e940df,Bkdpjca,false
80495214-a243-4c33-8f98-98f219b6ce06,Qdxkxdayxwwane,true
48f9a863-4a1a-43e3-b431-069e6b0348da,Adbncoslsxxjew,false
7f8a6099-8565-484d-9ea5-cf9375f4a351,Znfwgndamqdetf,false
3506a07d-9e04-4d45-9215-aa81e3aab6cb,Lyuvpyk,true
c442010b-7664-4f3c-803b-d75933887d16,Vkltosklije,false
d7e8493b-b02d-48cb-ba2a-92d969e2c4c7,Sqpelafegohd,false
9ce1aaff-1d22-457b-a301-bbed367deda6,Ewsbfhhjtled,true
39fc8c2c-49ae-4302-981c-abbe176b7eb3,Mewviwwduo,false
629b576a-8a19-44e4-bd2c-fb9c032751d1,Tlmpmbzobgyvznj,false
fbee081e-5ae6-43b1-8ceb-e5167adb27ac,Cweveqkvqjb,true
5991ad96-33b6-4e04-929f-0902aa01a407,Lkbxqg,true
30a39ace-897a-4f48-afde-fbe14197d990,Qlxar,true
5f8c8c9b-94fd-48d1-8cdc-c59b6dee1a69,Ljd,true
1608ada6-3c65-437b-b513-70ecab2e1059,Fgzpvs,false
a0ac207b-7d4c-4e79-9f4f-d0e205277c46,Fiyymjgtdjk,true
4fb6af5a-d362-4d9b-a325-b5f65c725d5f,Omrox,true
bf8c3a5b-ebf7-42a5-b7b9-f492ceb3b8b7,Uota,false
09b42fdc-1d19-490d-8d2a-bc34ef19886b,Oumsmutnfhnjd,false
84af2dc8-0b85-44cd-aede-6ef157a0b376,Xsohcfvvp,true
de1bf740-5e6a-4c81-9f19-6582722a797b,Jdyjzvgdcnkko,true
9acfe7bf-0d6d-46a8-9f59-a512b1fe4cfb,Cecc,true
3c408085-b6d1-49bf-9414-78a5d1a518a8,Rigaphkmp,true
188caad0-1a60-4612-b92a-485da1fb235f,Bvxdenmhlrie,false
1c34fcdb-75e3-471c-ab03-2a4cca615488,Fantotxmgozpak,true
c473dc26-fc65-422c-967e-28494fc30ca3,Awpp,true
9e7da35b-c8ae-44a7-a344-c253d2ac0356,Xwt,true
98225c8c-b4fe-4f7a-b21c-31414a2cab1c,Ipcbptld,true
e4c4487f-4ede-4775-8699-e82577150c8a,Mnkacihgovvafdn,true
f36a6a88-f981-4207-800f-b1160c49f5e0,Psgsm,false
f6dad4ef-3ef5-421a-8271-090d7991e6ce,Vacm,true
f931c3b2-de7b-43e1-90d8-b873e5615cb8,Gdozvokbhflxasd,true
edb99351-0536-4999-9efc-8951010627cb,Azlvyj,true
c936153b-212d-47a7-805c-d2599167c7de,Yhquzrakbsvn,false
655f88ca-7344-40cd-81d8-203739694983,Mxvi,true
8c79b99e-b05e-4fa0-9054-cd42884b4322,Wkapsulrbpzydf,false
8d285bb2-bcd1-4eb6-ab5a-362336dac87a,Gpdnmtcjbbl,true
cbe0819b-d22b-46e6-9de3-f18588b68cde,Lktekcjtp,true
fa58fdbf-313c-4a8d-bcc7-f88d4cf4a7a3,Iwglw,true
ebb406f5-3dba-4902-9422-22f259a33ae1,Wiiwnzvntpftc,true
8696cb60-86a6-4bdc-8859-d1674617a4e6,Mcqocwn,true
45c9e1c8-a10e-4080-8f04-5d034d93e456,Siyc,true
5b436040-521f-49a5-a10f-090dfac648d9,Hqb,false
86d9580f-0b15-4fec-8c41-0b3154504772,Hjsziiod,false
a1c18d18-105b-4839-ad3b-f01a42af5794,Gjosxbw,false
bcada315-082d-4bd6-8127-6f52d82bdcf4,Rqgqhuqk,true
5e90345a-d1c7-45ae-8107-ecc3e080181a,Bazpkqyymat,true
88f3563d-3b62-477b-887a-23dd668cff36,Cmtoiysfttjpxba,false
634abd1d-613d-4420-9947-8dff080b6686,Cjwiaq,true
4e38ab5c-98ea-465b-b109-561f953e022f,Utgjap,false
3a8e24a3-c0ba-4c41-9070-68639008c692,Fas,true
718df0d6-057d-4f66-89c3-4868bfa30f81,Cxtyhzcbwphh,false
ae355713-c3c7-4915-ac92-b581860e427f,Onb,false
10f3e383-5d24-4c89-9ded-c253630e5a87,Qnruoinesfnpwyx,true
fa54e8ea-1b55-4b50-b780-4dfcefb127b2,Ocnqrizb,false
18b56c64-fbf1-4c58-9889-a49fb2be41eb,Rcqqxav,false
3c29efdd-a113-4726-a786-e5bfba96fa3e,Injfxgenxkcs,false
d97256f2-fe2b-46f8-8c23-b4b52a78727e,Uoodjwlagof,true
7e31f1ba-de36-484f-8747-cbf04aee8d50,Sfeihmwnstc,false
49c8e25f-03f9-4f91-a9e9-71c98cec6531,Pmxnquija,true
e2b78fab-3971-42fb-8367-b01fc91504b5,Yzpos,true
3c8cfbfb-e8fc-4be8-8599-c9549c18b040,Ijzqeutirs,false
672f56b3-754e-4399-b3ef-98061ac85c5a,Ejwkdidjgjicp,true
75011c2e-bee6-4753-837b-d0b5f0688150,Oiavqcest,false
ff2bccd4-d331-41f3-a509-bee285608bc4,Jfaqddkf,true
669e6e8b-89a0-4361-bb84-788fc2729868,Wekiaovwln,false
fb99904c-879c-4538-84de-3a232eaccf10,Lxrqmoefuezso,true
ec96d35d-d0cb-4be0-9f32-37cb998060b9,Etryjsebdnlaxz,true
f295f68c-6ae8-4fd2-b730-f6c4d1368eac,Aiulnfqsoddht,false
d03a5622-1f83-4fdd-9e66-22fa91f7ec4f,Aqmghworbw,true
7870d8cc-553e-4b1a-b350-28e5b11de17c,Ihtojkn,true
6d2017ca-0d26-42e7-917b-d5023f7a5815,Cisnqtfxxdgvgds,true
75c856e4-7388-4e2e-a705-0da4dae814ba,Ynjxyvhdhpcfm,false
04eeb00c-0980-46fc-8e0f-4895f6bc2e2d,Yadxjogtw,true
06a2813a-68c1-433b-bb41-fafd3cba7b4d,Nbtfquviwts,false
97bfe4ce-207f-4df7-bea7-c257059b9c5b,Oema,true
2f09afe7-202b-4217-8075-e585f5f17885,Icu,true
4d8448b5-397e-474c-886f-11c7df5b839f,Fkkxc,false
42458cd2-5018-4c1a-abcf-ba7e63a16564,Iaknns,false
728289b9-6955-490b-8686-e8a96f03c1c6,Ukgupuyzcww,false
c9fdc50a-ac08-4943-bf6c-b8444a5dd751,Ezjukmfelqrwgb,true
00ed21c2-0ae9-4632-a686-decfb492e401,Llokwlioxfxe,false
84532c0b-a555-4db1-b64c-a4a927b70bf9,Ytmftpmblqyqsx,false
c3992140-0c5d-4c4e-a9bc-cafaa82018d7,Jprpa,true
ba9d6017-f32f-4d9d-b4c7-2dcf80d6a124,Fitbdcenolp,true
14e6895a-3a11-4035-ac62-d00374c6f86c,Dyu,false
a7f57b96-93b0-458f-8af9-5c2e26dbe4b8,Stgrlzlrwcdmfdg,true
0b8d5027-354e-4886-8cb4-e8632e173dcc,Nxcsl,false
dc534cee-8827-4a5e-a57f-a44f641b9c64,Fjaoch,false
b85a655d-b04a-414a-a03f-90e70a8e69ea,Ygosr,false
0c5a962c-f7c5-4a81-83e1-87b914693876,Njrfvaltiaculst,true
a743f069-928a-460a-8028-a18feac2469b,Bknmybt,true
356d4fb3-f946-4576-a9b2-ff3016d99c35,Sfgfjpblyfq,true
cd80603a-3471-4009-b1e6-b98599e1d0bf,Svrtoupgo,false
b4c6c59a-fdd5-4546-b96c-7f3eedd8e922,Thaqopaa,false
683af30a-783d-474d-b874-e6455c10709e,Upvkladvie,false
3b3791d4-0767-4f07-b6ab-cdb32689e850,Kskslglnpzh,true
8f34727d-fe22-4d70-a0cd-24b583c019c2,Ftrylsnuorpug,true
ba8161ee-0400-4c18-b3ee-77628e2bc0c5,Zpeua,true
f650534d-3459-46aa-bfbc-677038d9711b,Clbnlt,false
77fbc63c-dfc1-479c-8858-f2cbc226f0c7,Yum,true
b38bc651-885d-43b6-82b8-c5d49d0512fc,Gtdhyaurf,false
af549750-c072-4808-8dad-c28a91b1a080,Kncgllfdapgp,false
658e44b3-d313-4dad-a21f-6bab425b7d4c,Tjs,false
a38d5e9b-d062-419a-a961-32991191019a,Qbnflppnf,false
68f406e8-1429-498a-8dea-eb7fc05871d9,Wpq,false
645907c4-ffa1-4505-a2b6-a2e13b15cc37,Jtkh,false
3cdfbec9-0298-4831-8f1a-0351627391fe,Lvsfhnhxmmq,false
072e1755-43d4-44e5-b629-0c163b2484ff,Qixppzlzztbbl,false
79573edc-d7c6-41d3-b680-656df1f919f9,Ojcoo,false
c8d3a4b5-db38-4eb4-8b46-f9a1e1597a4e,Rjwos,true
e983824e-e5ee-4da6-aaf9-7156823c6577,Zfjqbfkahamx,true
951d68a2-8a1f-4f17-9f89-697448644c8d,Zqbs,true
a9feb723-b9d3-48d2-9785-315cd150a587,Prxduzij,true
64f47deb-041e-4508-a529-0ba4854251d7,Geiwkj,false
754fe245-fb4b-4554-b8a9-4cdc5ab9528e,Avt,true
598af23e-0259-4e4b-8db7-44af66accae1,Pcplxs,false
f3e095b5-1d0b-4a81-b6bf-ed962a7fab64,Jajwhrg,true
bc69d28b-ed5b-4bea-b060-7e783d87854a,Ycau,true
cdc77e1c-e561-421a-88ce-5b9ce18d484a,Tyoqazbmgsp,false
68e85024-5d2c-43ca-b1c9-95d048b1561d,Xsumfmolfcwa,true
91e5adf7-b5ad-4ae4-8599-439a281f26c2,Sqxkweclngee,true
0f79ad1b-1962-4ff3-9e2b-8dbc94c1ab07,Amchlzxea,true
9d810a50-57e0-45d0-9539-e9425441f080,Opzdr,false
130219a4-ab11-43a1-a873-59617cb0c27c,Hxqndzavkm,false
7850dcab-ab33-41bb-ad7b-64a5187ceecc,Zdjckwxzeb,true
d6f0ef91-ec4f-4526-b74e-e8a68ed55fe0,Qphirrwyfj,false
7179655f-19d7-4b38-bcf2-4bd42283f5a3,Mdpxkbt,true
597a0969-bdc5-4c5e-ac3b-67e9ddb5bf2a,Zrean,false
4c5e8c2e-2815-404f-957a-fb3308ae500f,Plrdsdstgjggfc,false
3ace87d0-c8d0-4d6d-9da7-713c6b194c07,Bptreidbpzphj,false
e1710662-8e32-464f-af22-0b85234fab3f,Nfzoeizbdpcely,true
12e0bd4a-0ff2-41f8-ae7d-3a3c3421f6d9,Anoguvjjp,false
304ada68-bace-494b-8698-d81266813685,Kaamdc,false
2b1b1149-3be8-40f1-a982-0664e122bc1d,Xwtlgu,true
d2de7cab-20e7-4b08-a027-5939a72f63cc,Fgsmikkbrur,false
2e761df3-3c54-4df9-a69e-ddfa606efd24,Mvufamscc,true
90651ec6-5e01-4664-8e59-f33816f303ba,Iyaip,false
5b608ec9-dde4-4c0c-aab0-d1a590202ece,Lbgagn,true
14e0c508-9fdf-45e7-b2e8-6bd54d6909df,Tazqrjxlumsuy,false
e7388f35-d7b8-45de-902a-8709d3a8c0c0,Bwdtgzgrj,false
228b3888-9f58-46ea-9fec-4307b7c2d8c9,Vnvkuykxvjet,true
698e8c61-1822-46c5-9b98-1b92cd6cc4ac,Tvlpbixapkuvty,false
3140ffa8-a73a-4539-ab3f-6b3d0a41e572,Asavve,true
4439ee57-1b6a-4a85-a8ee-078f5ab23bf8,Rtejlweai,false
a6e305e2-f15a-4f0a-825f-19ca29c14d3f,Ykieczt,true
ff76a2d1-d9cd-46ff-b008-2ae1c8fb6893,Goez,false
ad64e683-720d-47e0-961d-8c03f794b9e4,Wkhnjyytyyzwth,true
5795d30b-74af-4a9b-9f3c-1387ee2a19c0,Gzenyenemsgfelp,true
728eabb3-84ae-4ea8-9a44-6bcc98d85fea,Ysxluudodwd,true
cefbcd97-bf52-4dd0-9b32-7371f0179fc2,Tdjvi,true
d22cf19e-e9b1-4377-8c2f-61c04fe0e01a,Vid,false
335c71f8-c444-404b-a08e-8da6f04ab991,Fmymdcim,false
7934c3b2-d124-4053-b5f7-3008fbc1e1ce,Ltdueseox,false
6b500b0d-fb56-4f65-a716-dc04c65ea90e,Ixzvierlmmmpxnl,true
e67e5272-6d4c-4dad-a6fb-b30827aac2b8,Cgrchutjxmgz,true
bd7f006c-47a2-439b-8f18-77c3dc0f2345,Gdkpd,true
372fae35-63bd-432c-a3db-0d14de1892c1,Jwxynivjvtvig,false
09a86ff7-e225-4e3c-9166-124952490ad6,Ezhulj,false
4be9d590-98f7-4ec9-9b52-79d33193789c,Wbzrnvkucfo,true
f46ed73e-9706-488e-96a4-fed060091ca3,Etfdhatuxavxkt,false
c98db333-9c88-4e83-a5e0-81ca8023151f,Jpxf,false
9b08cf6c-2926-4324-8ef0-d2d717f099be,Iahcl,false
67ba9966-20b6-4081-b117-d96fa01c2021,Vuzk,false
582965ce-534a-4ad7-9e97-359b37bb9f70,Kikrtusm,true
0695b8a5-0cd3-4202-adc6-7c4f4c6f5cd8,Gnxbmpoe,true
4d3bf59f-0586-4ed8-b3b9-70a597dadcd8,Iyxaaouwaedvoo,false
95381e20-a0c7-4845-bdac-9f5e5fe695b7,Ptltdzo,false
4b12bf41-f04a-4f09-a133-e4f033078679,Rezhjruvzo,true
a10761d4-5248-4135-b049-20c1fad41947,Txqeayplxmpp,false
7de29547-2280-459f-82c4-ca0bc4eb2f4e,Bzd,true
c3d4239f-5a4a-45dd-bb92-54ea00254817,Zrvq,true
1e7fb150-0ca4-4173-b2c3-0f0f19ca3929,Udspfh,true
e97e595f-e455-4a2f-8f1a-98733861d1c8,Elckya,false
1733d441-fe0d-48f4-9abc-2b579e5d3cc0,Yywmhtno,false
ae3469c4-d428-47f1-8ee3-8bccbf2de871,Qainji,false
272b54eb-0c96-4aa5-a4c4-1273efb03238,Kllezsfdoqwqhqt,true
9402104b-d3d4-4a80-977a-e00f96a6db52,Asjcufbs,false
2af0ec66-0bbd-432c-99fd-40c00d66aa4c,Ndzadaklzgtjv,true
7d18923a-91e0-4038-906e-277e7df10f7b,Qvykqcw,true
f3bbcdad-02d4-488b-8545-3079b73d3ab1,Htwt,true
04df18bd-4555-4d51-9535-dca6bb4b8b3f,Ahqmbmvmuz,true
342bdc7b-b46e-4270-8a9d-9f1fc36cb9da,Tcww,true
bf958a45-0ce3-4d40-b10c-169a747ca501,Igvjvynarftfbg,true
f6fa7fc4-6c80-4b6f-995b-f5a18fc23530,Mlh,true
6d7680cf-73d6-4de5-bf39-22eea2cd6402,Acgjcvddlp,true
38c69b7b-664d-4338-bce3-adabefbab731,Lkbz,true
848081d4-6b89-4e5c-936f-9b2e08572b45,Kbqozmtybstlvg,false
bf26c2ec-e6e5-42bd-9649-65c9467f88e3,Wjsqixcjkl,false
d8a5a9f4-1baf-4fb4-af7d-054556bb8b43,Lbtbi,false
2359d2e4-87a6-4710-a6c7-e14e840e34f5,Kvnkvgct,false
5b6314c5-dfe3-41c1-a2ff-9d783877b465,Nonnsxjfnhrejls,true
e2e47efb-3eb7-48db-b243-715dd24ecefc,Yfvsogvlvbwa,true
c3a43741-0069-4635-ab17-1ef1c1f70d9c,Towqiwdt,false
5041aadb-b3d1-4b63-98f6-eea9b648037b,Gtnfaj,false
16479424-1143-4549-bfe8-398da495420f,Dqgywqnrqpkcu,false
2224af73-6cc3-415d-8b51-ab355b0ccfb3,Wiyvtsfo,false
e8bdb896-ce17-4fbb-85aa-73cb5af4c12f,Lbb,false
264fd5fb-097a-4152-ab8b-06476b97e6c0,Jzqxftn,true
bfa57ff5-52a0-458a-bc2c-4772eb1410b8,Xvthfuaa,true
5d8a4536-28bf-4e6c-a4c9-63746d660186,Esosh,true
cff6adac-8d57-4b20-8a0b-3e434262292e,Ijqasxaihssqt,true
1a14c705-e52b-45a6-b85f-65ed623e302d,Ojqmxg,false
4ac2039d-8e4f-46b5-9a35-3ddb780d5334,Eme,false
222b72e1-c07a-4995-a07b-e9d053d44a92,Bkcz,true
ee702330-fa64-4754-82a0-1edbd5450ead,Tac,true
1be18211-8d45-4230-a59d-94436d50f16e,Xtllylcawzrwxm,false
6c77c1bf-3469-4f4b-80b2-961f7e00d36d,Amzxpohlu,true
359b1cca-8a6a-4773-98f1-25ce041586c7,Xtjy,true
54c7135a-d60c-495f-b3d8-56ec2e717605,Bazs,false
bb8b0d7d-c7f8-4dbf-a733-7814c0227dd2,Xshwfrtgbewvqyu,true
355c92ea-8b30-47ae-9af5-d0ac471596cb,Poyyq,true
40d691e9-50db-4dd1-adad-eb1628b516dc,Udaclouft,true
023ee81d-f603-4fc4-b205-69e76c303415,Brynmifvxio,false
5361f850-9415-4aa3-a5fb-26dc47d08436,Iuzycofrlkgixcr,true
626fd49d-cfab-406d-bdd1-f3bad97c74d5,Cwgoqzujddpekkg,false
2e682a2e-863a-476e-b749-b46dfa44292a,Obbhu,false
96ea4b86-c072-48a7-aad7-14283d16fef7,Oaavo,false
c2383d87-2a70-4fe9-a22e-159b6720c619,Uxef,false
598adcfa-a9ff-4414-a244-86ece63e4ce5,Jkzpj,true
85f557a4-920e-4c07-95ea-e4338a08f82b,Wpr,false
88103379-74b3-4238-bd4a-658d1bae7692,Eksowpadjf,false
2369fabe-8f6b-4c75-96bb-e60393a77bef,Whnflr,false
a3967227-75a7-47b4-9413-80393e312fdc,Pdx,true
39000fcb-7637-49fb-9dac-65955169bf83,Vuvhqskbpsiqc,false
35e63a39-4752-433d-ac08-5c4586ae86b3,Vmm,false
502182f7-dc90-4d58-bb62-792d5259fc66,Jxariptpgxrhn,false
b2edd365-43c7-4095-971d-acc000e9fbb0,Qtnkglkteogcw,true
4d0d0d99-53de-407d-9783-e17862cc9cf6,Reojibpkh,true
5baa7990-3099-495a-9a77-33769f01daa4,Walqqtcpddpaqza,true
9cd3336b-8d2b-47dd-a5cc-9fc8c451ee33,Xxyh,true
15a23e57-af46-44a6-b826-229e52516bdb,Yrhtsikxfh,false
d2c95dff-d20d-4caf-b9c6-94ce4ff6230d,Tkauzgqlxbbd,false
662df655-de6f-491a-881b-c713e0fc1d45,Auhstjzzz,true
2b64df8b-9292-4e46-9998-0be3d348114c,Ypdun,false
7af990f5-42a2-4894-a865-d31ed580e449,Rrtzgdigmqhl,true
23084db5-6f35-4758-aecc-858434e8318e,Qdvvunld,true
83de96a6-bd71-491b-aaf0-9ec580a2ba57,Iovkltqusdk,false
2fbd351b-3787-4030-9632-4f15f933ac32,Ekjjvtobvyhuda,true
b973cba9-3f07-4822-8880-9cd0cee10a08,Bmecw,true
d7722931-9d73-42db-9ca5-08889a2fedcb,Uimgatdqc,true
1301f17c-4a67-47e9-9645-9065f9c98cea,Pzhfonfrav,true
d2c71406-06b1-4ed7-b80f-4bcbe1e98a37,Eavksalkgwryi,false
9fe5bd4c-be2c-4ddc-95d4-cc469c4c9c42,Itxskebzxc,false
4c4f279d-9b0e-4c7f-b057-8fd93250c808,Wajwykynpjd,true
d5c599d8-6294-4a09-b47e-2cf2a8b41698,Shpmfcpjqfdok,true
742656c4-8990-4183-b60f-bd7267120d41,Uqfmgfajmgysw,true
ebb0c745-745e-47e8-9a51-dad6ce99ac04,Gaya,true
4d85c5c5-6901-47bb-b5fd-667951506e0b,Pedwihgs,true
fce426a6-79e0-41cc-9c56-dd69e80b87d1,Xkjvvcgjlposv,true
466ed7bd-53bb-4e7f-8ccc-4a4d6873fb50,Qlpibktwfrcykz,true
1d87feab-d5dc-44f7-9c1a-6f9bb8760b19,Fltx,false
94780974-878e-48db-9027-ba89edeb50b1,Clj,true
4138b2a3-ea4f-4bd5-920b-be72105f7d71,Ateshuqcaf,false
cdc48eeb-d401-4ed7-9d78-a53bc6ef3ec3,Vuujivszwmxpe,false
65040ef9-92e2-43f9-b4d2-066f01e00a3a,Beceokbvshyfzlf,false
f8c648b4-bb2f-4e36-8030-3461316767ff,Oyesspe,true
cd344d49-2580-432f-b9e8-6af35b2a8986,Hnarjxz,false
6dc29b48-2e88-48f0-bfa2-e33c846f25be,Mjtrbyum,true
e6eb400e-8fb0-4f4c-a7a8-f779c83f26d0,Oiqoynzkrrea,false
94354ada-0735-4050-8b7a-51a1c1ea2c0e,Ddnninvhui,true
fb4dcb27-9604-4550-bd0c-e37b9e396977,Dpwxaxzpqqnvxa,false
4e603b29-325a-4af9-8e8b-9fb6052e76f6,Kutlqbom,true
e3dc9e83-7acd-4b88-9ab0-62b916b2da4b,Jbteopxhdlnoun,true
1580bbf5-c246-4c10-9292-72b6a70ff639,Hwqdvpgz,false
5e57e823-d713-4b53-8f26-9bae03701e31,Rdxrgi,true
c2a8e724-4452-4ee9-9ab5-a274d4d0667b,Vyil,true
b1d4acc9-8ca9-45b0-a44f-8ae2c99f3474,Rqqsulgdjdloho,true
2733ab58-eb66-4380-be4a-a03c22205c20,Mozasoyyfzdxtdh,true
a7ed2b6d-f434-4e08-b529-17bc21be68c1,Whgp,true
b98e1d7e-1677-40b6-b3dd-e32872f6426f,Gxsjqrf,true
00eb2886-3282-4f92-b216-2efa77f7f0f3,Elqorllngua,true
2c2307e3-3143-4255-9b61-b9a653dabcbc,Ozmmatbd,false
98492a20-709e-4033-94af-35c93e046030,Ifhnc,true
d28507b2-9414-4832-9830-d014bd186964,Vcxedhgixnp,false
3e512b3c-57a4-4b17-ad92-f57ef13c87f5,Xmsqeigbej,true
f3c5dee7-9e73-415b-a1d0-b1ee1bf24977,Peyzeez,true
7c596ef1-b9c4-49a0-905b-19cfa9dcfc60,Bronnlxw,false
aae047ba-9e4c-47f9-94fb-e484979176f9,Ibzo,false
4fa591eb-1353-4a04-8a15-cc45a4869c65,Ijtncoygr,false
34ce9b3c-8cb0-4089-bbeb-d9db73058146,Vyvymioxj,true
e94f0575-02ed-4411-a2ab-b60f1dd1071e,Wpsyctdsmxfy,true
8c0dc372-b2ca-4353-b695-175a0075cf92,Przrm,true
06838a0d-9b22-4bdc-ab12-af3e48a9edf7,Uiwfb,false
2ebb9ec7-1e3c-45b3-a41b-42caa4e432ea,Ulnmiwml,true
51223fca-6343-4070-a260-3fa6e53e6015,Bnvjyxfhuqrfl,false
905abfbf-c4af-4da2-8d21-daf8449dbc59,Ydxfsiwkdwrai,false
c5051a0c-dc69-498a-a7f4-eb8d66c1f490,Dmdnm,true
c72370d0-ef61-4a2a-9aeb-56bf25c6e86c,Gjkkma,true
ffdad97f-86eb-4214-91e3-868f672a0f12,Yfrsvao,true
531553c8-7b28-4ba7-919d-871a6e278811,Avcaqhhuplea,false
faa0598a-2a1d-4150-a057-1558dadb5ae9,Uegexbzurzodz,false
8dd0f2ba-b6b7-4ce9-ba3f-f0f2207a78b9,Xnlfbpmdbomjem,false
7383f013-6c18-4ea2-b528-50977337aed9,Pjlxkvii,true
61739dad-60ad-4674-8629-7345fb20e5a8,Knctuciztepscbw,true
305c0f2a-22e0-4bbc-8ef8-bd005efedcb6,Djz,false
b07a2b23-4f11-4f02-97d8-d64f3aca0319,Qaida,false
f8992841-ce84-4341-b4d5-507b8383ccac,Ilizlnwon,false
93495d70-586a-4578-9325-bc0dbcb1f4b7,Nyxfqvbrgposw,false
677694b5-6b4a-480f-9ffd-c724350fe1e5,Xdwzjgiwbtkm,false
7bd49ec2-b91f-4d0a-8cd2-c75ac2cbab95,Cdvynjzysbbmhrg,false
fc0510ec-c3b9-4c65-a8c2-da0d2304245e,Unnaiowz,true
3867aa61-113b-47d7-a511-897cc78a091b,Gchl,false
2641329e-bcc0-442a-b602-eaadeb876acf,Oxqqkcsefebp,true
bfcd680f-6120-4a94-8907-14d5ac450ad0,Dyj,true
c03409c9-511b-43f0-903e-18199872f363,Yfwbekeja,false
730012e3-95b8-4232-95b7-6e7fb77b6a51,Qomwfkpeodr,true
c971bd2f-a347-4295-86d4-a23ecd666745,Juykryd,false
a7ecc66d-0eaf-46ab-ae45-6db355135247,Serxjqnzaqxbhjt,false
3cee3bff-d01d-44bf-9d90-93d0f2d51178,Atmlnhwfskwn,false
0703eb51-9ca3-411c-9fdb-daa3d39713e3,Dytznogtn,true
7ff26bc2-815f-4103-b441-b1007275d2db,Lzugfoflrqtkg,false
2200feb3-fa1a-42e8-b5f0-d84229298e73,Ywaoxecogh,true
c7dbc135-91a6-4213-9d48-a40d042c70c1,Esb,false
22daa9ac-e2e5-4c3e-8bb0-3dc548b8f108,Ecurdrkheb,true
c7a74e93-bc32-4652-8315-e3df132bf018,Hfjzyvihmb,false
ff488239-f664-475c-832d-aac25a8436f3,Spswmxyys,true
06325ca4-b6c8-491a-89fe-493ac43282be,Evbepjhqcceo,true
2f5fac1f-2cc1-4c30-86b7-877ff698bc40,Psgvih,false
84b7bb81-54d7-4697-9af9-aa22fb48f5e8,Fuoqlciyur,true
d7bc23e3-1548-4048-9c7f-7e572d010dcb,Ihbfts,true
68e60dd3-d5f4-41f2-9ede-22fce396af17,Cfqwaeuy,true
f85a061b-040e-4aa9-ac77-fc65b7049d2b,Odzopgaqjrqvgv,true
5bb171e9-7dfc-49e7-8a71-ea3e90cd517a,Xgaosyd,true
d7210384-3916-4b28-8d51-29d207f10107,Yehsrpw,true
1e0850b8-7ed6-41b1-8b46-18eb183590ea,Dptes,false
fbb289d9-c3ed-4c46-ad73-a5ce4f8227d0,Vprqrzqj,true
8c769e47-31af-4569-be00-adc40840f38f,Jgfoci,true
71f9d0ce-c58d-4f72-93c5-f4a32c03f7c7,Potxqukl,true
2c89f033-03b3-48cf-b404-40b33b258589,Scxcwkc,false
5f730342-e5cb-407e-9d16-4968405efe24,Xcohxosbrysop,true
9ca63048-7ab3-4486-8665-b57ecdbaf2b4,Whyxbu,true
07e4b822-4145-43ce-88ff-f8b8f60b5deb,Qxvudh,false
589d1778-8e90-46ba-b92d-ecac96a8a3bd,Bxzts,true
2fc5b5d5-a345-4dc5-816e-6940d5fb9d27,Uyfmwwbnuvkfy,true
893e5c4c-bb6b-4aa3-877b-5342c1899f37,Aybgnixalouw,true
35e7bf99-0950-4a1d-96e0-a77429c84bbb,Rifylb,false
98151891-a1e0-4973-83e7-494d66fc4127,Tsnbcreqfkmr,false
10a0f2fb-8d0e-4357-8fef-5e35a8d40dbc,Ljiulx,false
35b2a2ac-bb3c-45d0-9bd6-58a125ef9e9e,Yqpzozncoyjpcn,false
57c16c97-081a-4cda-9ed9-0e06fba75f78,Mshon,true
158a4bf8-ade6-4fe4-9184-1a4ad2be492c,Cabklqwkle,true
8758d44f-e805-48c5-929c-e96fa9895dad,Oiejxfux,true
098e3e74-c27b-40f4-a73e-76b3faa6490c,Ezlkvcstnc,false
4a4b852f-cfdc-4836-b785-acaa642822a2,Hqnf,true
a91ee4b6-b941-488b-9cbe-e78d2d144ed1,Bnjgxflddccjj,false
a90ac473-3a09-4cb5-8d5a-47c999192b09,Hbvvsbldbb,false
79841e70-8bbf-44b4-983a-42f1522f4875,Yquxxwge,false
c5df8496-31c5-4118-a2d7-3e7c75843a05,Azhlipvictj,true
9447ac7d-a6fb-4ef3-8267-4863f93178b0,Cnc,false
c0ed0526-c4f7-48d2-86f7-d97fdb810610,Viqvsow,false
cbacd2ec-8143-4bf1-9735-d4e44e13158a,Smbcdugmyzhgf,false
86e64b4d-c233-4d10-bcee-35da012de699,Qdqszxbayw,true
a2c72fc2-79e9-4924-b884-22530a3296f7,Dle,false
f61ec19b-f7a3-41e0-8fe3-6d72066406a3,Pmvywe,true
fb823dcf-0180-414e-ae53-415a940f7e11,Ktuwo,true
61699804-4476-4c11-962a-e057280c1265,Aqcdgodaobgh,true
beae53d7-3cd2-44fc-bd94-38dcf783425f,Muyzhsvtfvnuoa,false
2138fcee-f752-4e07-ad2b-9f2862def8fb,Htuxdrzs,false
cd5e676d-c794-457c-b017-4c0e79fe3d90,Hyqqe,false
42045a29-691b-4bd3-bee1-54d03a45f7ea,Jwamagkezrnyzc,false
9a636e53-df1a-43cb-8c3b-c31c44759ace,Qlwfbx,true
910c671f-7f03-4009-8056-8f117493b1ab,Yvgn,false
b73e3d47-c6a7-4158-9cb9-ad3696bbe92a,Puxtd,false
f7718b5e-7236-4db0-827c-9348089ad17c,Mabnmbc,false
3c32afa7-8e48-40ab-9705-8e56c08e0c21,Yduodsiokp,false
cddd540e-ea46-4586-a939-366b4ee6c802,Kjmehwmucrifhkn,true
8ebd5223-c550-4b1e-9223-f00eaf787b67,Boujwvvv,true
6d6baa89-8794-4fb0-a5fc-3829e7fb330a,Lod,true
a9ba5dc7-c2ca-4a49-972f-2e0fd277b95c,Fkgbvusjwguqhhq,true
494b5336-79e7-4d71-bb0b-c24c968767c1,Bua,false
4c2c6918-747a-47ca-8b91-b1446968b9c6,Bfzmv,true
14aba0e5-e18a-4578-b43b-13f066ec0ee8,Mgkkgqdurzd,true
e440c68a-2db0-4ca8-9aa1-628db897b86a,Wcsfc,true
e3142666-46c6-46dc-9b43-8e7122a9c90f,Lntxqdb,true
25cc4ac7-e077-48c1-b5b4-68d89a734fe1,Osovhhhnqjepqo,true
31e88668-29b7-4654-9d70-769d559d0cae,Wmmrzxmtwahcdjq,false
f2aeadd4-f16d-4bad-8b5e-55a2d4bd16a8,Ftxfnixyzvxk,false
f1a3c859-3783-44e8-bafc-c41cb20cb587,Zlplhxnwccywou,true
e79bcd0f-5fc2-4222-ada3-b881cfdd6f7c,Lnlx,false
8b5aa48d-ef8b-47ed-897b-afe7eadbcbae,Xmhx,false
f59a0dc6-a6f1-4cda-99cd-9248fa7deed7,Jzh,true
fd2ad0e1-7b84-441d-864a-82176a915b92,Hreaqcfo,true
02c9f8cc-3902-42fe-a36e-85d6372319d9,Mrdezybqnpdae,true
e124a72f-d05d-40fe-acf1-ed7f093d4ebe,Errwdv,true
9ae05140-acc0-4ef2-afcc-b157781183fc,Fjt,true
c0f4d113-5276-4d81-892d-4951b7ea0bf5,Mribimzw,false
d987ff6e-85d7-4854-921d-015935067e43,Khio,true
65effa0b-75d1-4d27-817e-1105b66109d6,Rbkbqdrpwvfh,true
976042b2-9a01-48b0-91cf-88cfa91a2b86,Fvtoooij,true
f1194e18-c347-49f8-bedb-a509e93e9cc2,Oqok,true
a8d61453-0be3-4fef-8db9-ef0a1191ea5a,Mbpaytwsbza,false
87321c48-8f06-4620-aba8-c1ffa8ef7d2c,Vvfcnzxpnnqoxg,false
bb762d05-2421-4f43-8cc1-2baa62264922,Xrciaymczxifh,false
25a84ff0-734c-41f6-bece-7ec1f86d6500,Cgnqofcvmsx,false
1d3dc79a-7d6d-48fb-b556-1d71340ff09e,Cjxcrkkyx,true
6afc8963-d53f-4aa6-8f83-c200ae4a985c,Sbcsblpsnr,false
dccf4792-5237-4ccd-96a7-35af570a074a,Ulrkhuje,false
1fc84945-b439-4c23-8d12-7e3301ba19fb,Ohjntgyig,true
2185e286-2d1b-4dac-ae8c-89ed5e496232,Xnicol,false
02fb7cb1-1c33-4a58-848b-1f3d9d459caf,Vmucyopw,true
112a8b0f-ad5f-437c-a4d9-5f7270c8c6f8,Wnkuyqxqecslau,false
19824c5e-5bb5-44a4-9415-2299f3b47ee5,Eibricphht,false
4cd5806e-5b20-40da-9b25-6a5594359fb8,Tzeluukjwx,false
3aa181cc-9f01-4993-bf1c-8f417bc85dde,Xsxnmwpdmvo,false
420e9677-f62a-4ed3-adb3-e9029b8e2662,Vxha,true
129dd616-dd28-411d-83cd-6dec7de9bb47,Jbdxveyfkx,true
4ccceeac-f8a5-42e7-9645-8ea6cc9e2b7c,Dfcq,false
f7deb4a1-c72d-4ff6-84bf-175bf9458c65,Ttkjfdpa,false
d54923af-d8ca-4330-bdcc-2fc0d52b9433,Aosasxjenxtuxnt,true
9ea36f7f-a6e2-4510-975d-0220b0bea65e,Sdvllhxxxpvfnl,true
079835bd-3b32-42fe-a478-6033cd720e23,Wgfxgg,true
14c70abf-dbcf-49af-83c5-9d4c9fe2f822,Bqrkuhh,false
08ea1882-0fa5-4d3a-a12b-cba195e51295,Pduv,true
ba53edf5-4127-4ab3-b2b2-7476acc236ad,Mqkj,false
1e270c60-cb38-498b-984c-ebed818c1466,Jdksur,true
0299a3ea-faf7-43ab-9396-f4a16c7ba94d,Xgowyiicy,false
27557c56-edc7-4786-821b-eb0135052af0,Howvnx,true
c430b350-80ce-4116-b505-fdb54a8ffaa9,Uhkvsi,false
85658e13-3acd-4205-902f-83d230f41209,Izmvut,false
ecd9192f-bed4-4999-a532-d53be7b8e13b,Qbdwg,false
24fd62a3-83e3-4ec2-bacb-72c01fc0dfb5,Wgjzunjznmlwo,false
535eec43-3e8d-4c10-be77-7014a2d6d727,Naaopsyhfdftza,true
9d6d5030-b776-4959-a278-f7b6eda7ebbc,Vvqeiuynurfwk,true
89511786-758d-4851-becb-7dae4e65d1a7,Artnzkkrgrvwz,false
61e709b3-ead0-4b1b-a1df-eeb3c008b774,Qoccornnjqkubmj,false
87d0d4a7-3382-46d2-b802-532537d28946,Dfzfmvyokwbole,true
356d599d-67cf-46b6-b159-0b55593025b3,Ijzkeamxuxllli,false
14f6e7f8-5325-44d7-b557-9e88355dca49,Ergzcewzi,true
5516ee6f-f1a9-4804-bbcd-8d53b1479fc4,Edkfixqpbk,true
57f362b9-fde9-4540-90a4-709b0ac21111,Ftbhs,true
202ae9fe-f141-49b8-9c3f-22837c44dec4,Aaobuxdajh,true
26031217-e128-4de7-9c6f-79003386d94c,Dpdby,false
3e38c932-112b-43e2-8b57-1e8bb19d8ad6,Czfq,false
8a4d8dd1-152f-4886-bf60-b914ed0d5b3d,Wbqw,true
f6909b7b-f941-48c6-bf39-006e564466e7,Chsaw,false
467d56cb-90e8-4c39-b49b-6380cf0b3d39,Ikrl,false
e9bc8b64-f01f-4b6e-9208-0649b49020cd,Rnmakjap,false
71266080-2ef2-4438-9b59-b1de93e207e6,Hzpkzjzfq,false
cd4ee4f6-88ed-4ae8-8630-267949c6dba9,Tveblsik,true
3d10b48f-d55d-4b3b-98ac-478383b2b345,Vjymyytlvjdxks,false
675527ae-7c23-4166-8f4c-5e09cc670464,Wrmkb,true
370bf8f6-9f39-45d3-aa49-7551c5c6bc99,Uxjuxmayejrsaq,false
de354dbb-684e-4084-ac91-1b7513df396c,Gspip,false
60dd6a54-e646-4055-a28d-5a45584ff3a9,Bxupqsrv,true
84ac21a2-c1ad-4402-84ae-d3cbe36cf1a6,Cywaprmpiw,false
93179fdf-ac2a-4ce7-a783-b83ba5e13d9e,Adjvod,false
6601d75d-7504-4af9-8984-ba1e1a89cd8d,Jpspvv,false
0ef6465a-b07e-414a-82f2-fb34db883f88,Wspfy,true
175c165d-1fda-4a3c-b5a0-1be32053b438,Hdxypszjfckep,false
f0471aeb-862c-45b1-abe9-3e696028b128,Ohhjjomstc,false
30a3b621-133b-4295-a71d-5ee49ef520ce,Smonfurnzyn,true
5f8018b8-5c05-40b9-a737-4a5be5ccf02b,Kkanh,true
00d45510-5803-4fff-9196-8a643812e93e,Nwduhhigwr,false
0ea39e36-8966-4f96-bc73-03a151f156f2,Knavdrt,false
c89f566f-11b4-4ea9-bfde-ff7c79e973d3,Siaf,true
3d6bda5d-ea15-4641-9a14-bebe7fa4b69c,Iynhntojzps,false
6be79ee7-fcca-4e3a-9460-b42f8d376d0c,Fsqqm,true
faa63a47-2086-4748-bb13-bd0901a0c855,Eiwrwkpmouqnozc,true
155a7ce2-cad2-4295-9cde-6c1aa5aa48e4,Tobsmwwrhnzl,false
11d60d35-1533-4348-81e9-9797fb25a562,Xxlxcwskwlinjq,true
8a735324-8dd2-4e06-a8c5-9427f8d08a23,Cgh,false
c014b833-51ef-4be9-a954-ca61c596aaca,Qzrwzsfyisdu,false
22fa5acb-4440-4961-abde-517ae0dc7602,Gaijuplfdeu,false
2360de3d-650a-4694-9980-d00c29221cf0,Rybw,false
023d06f7-1b79-41d9-952a-a85a4eef846a,Sqtautpe,false
a58bfd16-0c55-4de6-9495-9dc1c6c1d1e0,Hiieylrpdbv,true
17175a18-84f1-484b-9603-334d52c2cfa8,Zyajexsnzwszcc,false
5ac102bc-d4fe-4e20-bce6-5d768dfcb12f,Uebu,true
829dc3a1-777c-4121-be55-7279ecdce4a7,Rgmgtburb,false
a0d913df-431d-44f8-8add-c4e5eb94e43b,Rpifk,false
ff41b9e9-e0c5-4a77-9426-29bac26654b8,Jxbqpggehei,true
c62a9f48-fd72-4fa8-b2c8-99535b09c296,Vhn,true
67e9cf50-8cd0-4174-891d-8ab51c65c713,Qxjtwmz,true
74e30e09-fc3c-4477-9c43-abe197bdbe11,Ofbzknrdvmk,true
89b0987b-fbad-40f1-b59b-9e5f426798e9,Xlwsuwyegcwyui,true
54835cd6-bc18-41d2-9708-726fc2ecedb0,Cybjjwjyktch,true
b9455812-0b4d-442c-be99-475fa5e6e824,Claajmocuunyf,true
f11d59b7-3188-4432-bfa5-246caa4f37c2,Rpvlnptdb,false
0fe3da61-196b-41ec-81ad-e0dd6f7a9cb8,Nthziyxiwb,true
5b81049d-8c83-41c4-828c-a0b365fd385f,Hdmshmtkks,false
5a0924c6-0f41-4247-b175-0d8f603e16d5,Nmfdcdka,false
ef71ddca-58e8-4d27-9748-d55cd2a6eba2,Szx,false
62f25161-7804-46dc-bf6d-be2dc3e2274d,Xvav,true
2e1924e8-1734-4158-9dff-930f0365de99,Mxnit,true
330defce-37b4-4b57-92ab-56217214645c,Hctkf,false
070e76f3-215e-42d7-9b66-826cb074aec7,Fvujuayjess,true
7d70727f-cbb5-4e21-ad5e-344ba36f4a13,Xxatkm,true
11baf565-3841-4ac3-8779-9a32732376c8,Xmkkcjg,false
2b6b2259-09c3-4b4a-8821-467a137f2e97,Zof,false
b23835b1-a35e-47e2-aef1-1dbb6896490d,Fbkpwkxhwjve,false
41952577-5a8a-4c04-8f48-e81bcbf70232,Glasj,false
9ee52067-13bf-4e36-a6a3-68c06cdbea25,Wabybgklry,true
4bb5f9bb-bd13-4899-9140-241be131a754,Dctrceevbz,true
2e68cea8-f0a6-4490-8cf3-112f1490a37f,Gssdvwkwdsgn,false
43e8b0f9-8fad-4539-92eb-3588f2ef3832,Ywhixkcfiwovlx,false
e8d83804-86d3-4da5-9161-3aa3b803a89c,Gnyukttjcmtije,false
ac8187da-ce9f-46d9-8df3-a1a4568c786d,Ttl,false
71b7e12d-359f-43e7-9611-f388110f03de,Zqv,true
83226b5f-8eb4-4ec0-96b7-45c2d8147898,Erheqdieu,true
beb4146d-c6e1-4bc1-8715-5e9ec965d30a,Qtylgwxgz,false
5bfc6dd7-c29b-4e81-bd05-43e78f6d4fa2,Eaclojugl,false
62cf8b81-cd60-4902-94c5-f1f35ea47661,Ajbfbbzputz,true
b9acff02-d059-4e2e-82c4-20bc4921e142,Jsbssgshilqam,true
60906b8a-e614-472d-950c-6a15d923b535,Ucuwxx,true
b7daaf9d-87d9-498f-9ae3-4b14bc8eb9b2,Ibtlo,false
33135814-4935-45f1-9744-4563474e0b8a,Sbtkcgkotmchpw,false
13195bd5-b402-4de5-8312-08c2f325db37,Diouid,false
6a74bf0c-9ba7-4620-ad61-488bf5600895,Remihaeav,true
349a8442-b295-4e13-b965-4836cf86930e,Vwhrappdmh,true
09259778-0676-4ce4-a1d7-9d37471cf0a9,Fxjzdv,false
d3a45366-2f94-462d-9af3-3a9ec7507efe,Baw,true
6b41c428-5cb2-4603-bc9e-6459168ac1c3,Lsgtscce,true
a6369f7e-a7cc-40af-a9a7-a768b211eb71,Rtzzzakszpnkip,true
5fffb537-8371-4caa-bf51-0392faf1b3ae,Ftaplcghbwo,true
0b194aa5-aff8-45c0-88c9-96e7a7e3d4fe,Edrsux,false
620c3e14-ed8d-406a-a07a-60ad2b680bb3,Rmlyhjqsretv,false
b77fb365-0d5a-4889-8c2d-66bfb1afa38f,Drwqhxwqzkmqtua,true
8e36c45c-2c83-4b92-816b-1abe1fa5b247,Jyxj,false
ff70f957-065a-491b-877c-173831c527d8,Ghrqujzfc,true
4e88e18c-01cd-490f-b83c-ae6cd534da09,Obwlqavutzny,true
165dfad7-17b1-4363-a6b2-6e1752dea2f9,Smqwty,true
726134dc-8c88-4045-bd44-8b8d26a66dd6,Diitqpsns,false
17c1b3d8-92b8-4a28-b86f-fe3a66e1b78a,Ngaagysxuhkoe,false
a2a09740-a8c7-42cb-a2ae-51eda48def48,Vsvtmk,true
04e85d93-6cc6-42a6-9e94-bcb283d9c1c8,Ztsnhjw,false
f9e66922-f7a4-4c9b-a4bc-b514149ce67b,Cdcanciaxgigr,true
032129e2-d0c4-4e5a-9186-f472914b3477,Oorl,true
304ffa33-15b7-4932-b2cb-7d1d41c203aa,Lsgd,false
fdcfffec-af40-48c8-a205-706444e8e77f,Rrwfdznlppzsc,false
5fe66d52-d1e6-409d-99a8-43168211e587,Xonbsfvrmekdkjn,false
136fd047-db5c-4a5c-818e-5fd300f8b49c,Qjetjlfgvextzm,false
817f9af1-b8eb-470d-a467-a656ab389752,Qptyjcjiv,true
b67de986-2b35-4954-9709-269516c2e1b1,Bmvo,false
573fcb02-fd48-424f-b599-a15b641c81dd,Fboqohhsr,true
7cc4b26c-fb77-46d9-894c-1ef375be0e2c,Sitjvrqrcz,true
4fd63561-70d2-4cda-92ab-3783186a034a,Qhpxpndzb,true
c15de6a9-ab42-4ab1-b681-ddbb40729990,Zdivvzwnozcmnld,true
0a32e07c-b926-4f2d-bfe2-9914d00eeb99,Fdchp,true
5bb49ef4-3327-4832-a3e8-73e43be1c9bd,Oklmgh,true
28af07d8-6d72-4bf6-81f6-378091e70047,Rhugbhmwjtg,false
b34b2fa5-5339-4405-8a4c-086101854f8f,Ewcpbjcybjixisa,true
1cc64c2c-a11b-453f-a123-8258af398553,Rfpwtetl,false
29a18e93-6553-4272-8980-b58046b0267d,Iinmrrkfdbojq,false
86dbe408-b724-424c-ad9b-896a5016dbb8,Xaxqkimhdppaznj,false
83604548-5eac-4827-94ff-567c82334c33,Mbtvodcoy,true
4a23bd11-0958-404a-a995-0875db6ed416,Omwjxocrlnd,true
2ecb2efc-6f74-4b96-9bcc-a4a3eecffd95,Wvlhnfkbboofh,true
b7b810f0-f283-442e-a527-2b89007727fa,Tmjaogzecmyjd,true
a6ab0e00-5cdd-4456-93e8-3b26fd99d9e1,Tkwhlketxqeysyt,false
0ee161cc-27e5-4d5b-877a-e941d02255eb,Prnnjnmottyt,true
2544d581-9a24-468f-b513-fd46b1031db0,Pmqxcxpb,true
ba325a25-3a06-4ce7-92a0-3f6e4132ba60,Oalmzvfounihxe,true
557ea919-f247-4851-b672-3ee11b45cf5a,Sbmcxocf,true
fa3fb0be-e9b4-444a-bfeb-a8752a6e65e1,Atxp,true
6ebda8b2-b573-4bbc-8975-43d161cbef5b,Drhofr,false
a80d87bd-fb2d-4be4-84e3-86940e269542,Jmqt,true
9ed28a8b-c007-4081-9090-9c0431868c93,Cwrcqlyq,false
bc49c466-bcc3-46d1-a95f-d7f406f33e8c,Vwwollhfkqfhkqc,false
c2a51ef6-4128-4ac2-a265-7e1292032467,Dikpjvnimhen,true
eb47700e-8409-4ba0-afe8-465778726636,Pihqvonxi,false
250ddef3-a5c0-4160-a3fb-bbf509a33df0,Hexofcafmf,false
6c5fad0f-2e56-4075-9822-21eccccb968c,Dwhsocerkichms,false
1266ed25-159f-4356-8ddc-2f78048f9ae4,Dhvnhkofsayjfmd,false
b15cf197-b146-495c-bfd6-22328036bdfd,Dtdhtsoqdslmthe,true
5ac89402-d77d-473d-94b5-bd8c96e297c4,Dawxoxf,false
89257875-409c-4aab-a677-04f6379f893c,Ykw,true
9fbbbedd-eb54-45a4-9914-04444964f02c,Gdkvldctyggjigq,false
591e79cd-7562-4181-91c1-24e9bb68ffff,Xlimknonrws,false
cce303d8-6d4e-42b6-a181-0b403baf56a4,Ckkufwqx,true
43b14a27-85a1-41f2-8bbe-db6fe1381bb7,Jli,true
e5792e01-3873-4e54-9dd1-7936e942f615,Cyjduarsvughyql,true
f0a23ec2-6a27-4a3c-9143-9faca99fd1a2,Urthwstetqgdp,false
36ea4c17-e1eb-4e2b-9e02-00b4ac7db874,Zkfcfqygahts,true
fa6f80a5-575f-4c9c-bf16-979f773abb7b,Lungpderaqo,true
48c86942-7b55-45da-a14b-d9e58e03aaf9,Lviidyfmzbmkard,false
be52138d-5ad7-4c54-9b8d-3699a5c5028a,Zbuug,true
a78123b0-c9dc-43a3-8671-0a714f42729a,Vhuefceizkhxyoz,false
d1ae8ecb-f22f-46a2-bc7c-313506cb191c,Cla,false
b0772361-3d29-443a-a8db-09d27090be64,Gpf,false
b929da01-8314-4ed9-9771-554a4bd8816a,Ytoajtnjzkpd,true
621b187b-0dd0-4ff2-9463-78e9cc3b5bfd,Rvofrgbanwtsrxv,true
afd16323-281d-4e81-a61c-6c32222a7da7,Cun,true
020657eb-f08c-46bf-9c6e-7b043b59ed5b,Abtzw,true
2788ebc0-4302-47d6-b1c2-cf7203c5694c,Njakcrybwcwby,false
87758099-ff4f-4290-aaba-b0fc422b3974,Wcnpoqw,false
49b69cd6-aff0-4904-be9f-e0186198fcf5,Vjgioilake,false
d8c73b4f-f18f-4423-848b-9b192829ab51,Yoesekxthhfif,true
3e4b4742-db5c-4cee-8ee1-e6d0c710ed8c,Cpqlzalzqwvggyo,false
74a6548e-a30d-4f65-8f9b-34c895f812ef,Eexohdzwcrt,false
332cc573-1bae-4f73-a7f4-bd590aa39ce4,Aiowyexavmykyau,false
3a3ca4fd-09c1-4aaa-b98b-7932893b04f3,Erptwakzzhb,false
47bc6310-ce9d-49aa-b7f1-6c4552b03532,Dczjsjkwnzx,false
e177227f-c98c-4e37-925b-0f7706c8fe81,Fwgwpuxkufb,true
58836345-69f1-4c20-8573-513588a1607d,Qgbugcwnpcwx,true
5bf3195d-39b8-4e15-8c4a-827a90cfcc89,Xllxtjrtknfr,true
9b2909f6-0a7f-4448-9bc0-a5c7bc19ee0b,Nhdjeuvngtpgjp,false
60ea77f0-5a78-4956-8a8b-e182c2471774,Gekhcapmpndvlwh,true
5d631902-363b-443d-a6b6-ddcbe5b879a8,Chjjcwgik,true
bc248104-637e-4143-a91d-b0ad8c4193eb,Fkmmnmfpzjrkpb,false
887d5657-8e68-4bc1-af61-0e71202fb4d2,Qlhnqsz,true
293c579b-0519-46df-817d-ddcb2610b703,Rjb,false
3c1d85dc-a921-4c45-abc6-1b5c2567b240,Ckovorsiteusinn,false
1f5df2a2-db81-4fdf-8e3b-0925298ddc0f,Hhhrtzzorr,false
697dc03b-cfa5-41c2-8e0d-2734f6e996d4,Mphowa,true
b4b76b82-2f51-4ea3-bdd1-355b128bfefb,Uywoelkzoqo,false
ffe8e4e8-441c-4472-bec4-93dde529f061,Jyjiwngkhnanvyn,true
c85b9d08-5604-4725-b25b-8b0b52cdc8b9,Edzxqqiwkwcn,true
9582f88c-5ab0-4b88-b803-1339996e7c31,Fniwovs,true
ab59e20e-8e33-4f4e-ae98-8ed560dd5753,Lafkxez,true
a16cad12-c13f-49f8-b86c-3fead3043ec4,Iws,true
a459161c-4a23-45cd-8507-e36a9b0b2ffb,Earhrmgxyccut,false
47838f92-59ec-4daf-b749-dcc213725d05,Ynwdiffrqvrg,true
b217156c-0f9b-420a-8866-c95f139db80b,Wkokbb,true
0fd215e7-7a0c-44c8-9483-804ca4851704,Mouolstkax,true
dad2a580-61cd-42f7-a94b-d2431214d323,Oygszgiovowea,false
29663c40-b044-4fc4-b3b7-4dc91b37fb35,Cjl,false
485fbf02-32c1-4301-88e8-e03d84d6dafc,Kezwxgt,false
7f4bdb77-42f0-4b83-b878-8b916c768846,Gpha,true
7f204bec-6219-4de7-9b30-fc5241a242ed,Evkysrvszija,false
8ebc21ca-d0e6-44a7-9e4d-70cc391cd828,Qgqejhfkw,true
78699410-063a-4d4e-b618-cf9f306a7bf3,Xbp,true
20bfdc87-6d21-41dc-84dd-ac12845fc7e6,Bxkpmgxgdgcxqh,false
0689fe4e-c213-4a28-a495-4d569c245d6c,Fssdlilaow,true
6692e9f7-4a00-4aa4-83ff-3810c9964a78,Enndbbrp,true
cee7ab3d-109b-4c9c-bbcf-119ea3b55ed1,Wgrklwwe,true
242de4dd-e68d-4c33-b3ff-76fd47b974d9,Cixyblaqid,false
d052dd83-b4bd-4efe-b2fd-f9736c306dc6,Afmrmjidrrsqijj,false
2bb7b957-0e7e-403d-a525-6ace0527f9d3,Gtgezonegvgmrho,false
feec2693-f0b6-4373-b5b9-a424dfa58a6a,Kknpmtcrnzfzmu,false
fbe1abc8-e451-421e-8296-25cf0bfb11eb,Heis,false
ef298c13-fc21-416b-afa9-91fc7b3b598e,Osae,false
568b2b77-9454-4cee-bc66-ada424413926,Hntfsu,false
857b4e70-e142-488d-a7dd-6d6414306139,Wjkcitf,true
de475d71-3bfe-4e90-9b2c-cc52da37576b,Rfbcrvf,true
0bfc4525-06c9-4cbd-910f-171a4b16d327,Junhhmnpag,false
54fae54a-213a-4264-998c-0a6232c383d6,Vcjxbk,true
97bf3058-13a5-40b6-898a-36a0b9c63bd4,Bkimw,false
c3145ca6-6e10-4220-b3cf-580637973ceb,Cxg,true
92652393-b09a-4df8-96f6-cfb1504fcda0,Czn,true
41f516e7-5e9a-47b6-aca3-938cb9c95d19,Kxvnsjns,true
2ab583cd-22bc-42c5-b282-dd608c998c0e,Qypnwxvs,true
9c10bf2a-7727-4a7e-9136-142de74e0ccb,Qrdyjopgshzzlir,false
86196f9d-cbc3-47a9-a517-01b90afbadb9,Cxnhejj,true
94e7c03c-d3da-4236-88d3-c0ae8952bbc5,Rltzny,true
e9a176fc-2614-4625-a0ef-3852e7973265,Gcugdkuwhnokfe,false
fc438c29-574e-497b-91c0-d424c7a50251,Yjems,true
3b531da0-56b9-4969-8a1f-d7e39451afe8,Rurbddms,true
b11d1657-ec1a-4b65-b478-ea9db1c7c1b2,Mqbacvepeymmchi,false
ddaf5c73-7986-477e-a854-75dc8814091a,Hiernryw,false
9d2fa096-a40f-4fd7-b0a7-f7336b2fb9de,Hfhnb,true
52e54aaa-9cbb-4468-a4f4-4fa5605c293b,Ctgal,true
42f9203f-67a8-4aac-a472-0d36a1a44762,Yvjroroz,false
d2548064-8931-4174-9088-5c471e6975af,Ogegsylb,true
8272a352-35c0-41c3-8033-88893a8a5bb6,Ngcor,true
19d064ef-65e6-477e-a4de-2f342602441c,Zjppmvnvsstbac,false
13f60547-e8f0-498e-bc94-90924e0d76b2,Nwueepoprqh,false
cc0c5258-819c-4d0b-ad7a-4c9a63a8bc78,Vfy,false
00d35000-f9e0-4298-b12a-2081f94db6bd,Avjmjijrangtdxi,false
d0cda3b4-81e0-4473-bbb9-e9c50206aef2,Ikzy,false
aa2d89f7-2e7f-4f4d-9995-66b646267a0a,Dplpffglrc,true
f75174f5-8f4b-4572-b3db-dc330effc7c9,Vuuqmxlmaceeot,false
80c44564-3522-44a6-8124-a0289cc5a2c2,Olbrdxnfnmumia,true
8935e96d-843f-4061-8a90-b56a78c02a6d,Gsxhtmsipcioi,true
a1287f7e-68f5-4e6b-ab9d-e943d8763bae,Noomkp,true
a3684d72-f961-40e0-baeb-bf62711682ea,Vzgxeygnban,true
f38ad295-f2f3-4614-b02c-806789d052e5,Qlyuajfxxbq,true
b2a02212-0a35-4919-bfc9-54782d23fc27,Jfjmmxdeau,true
4fb3c0c6-0146-4137-8c27-9b7dec9dc5b4,Dodacotpxxn,true
d7798d9f-1209-4d9d-a2cf-3835d3d947a0,Jpssnizubuwfr,true
de34550c-8868-4933-917a-bd088fe0837c,Nbtjcioii,true
96dbe5dd-00aa-4414-9f78-367c3c1b4c53,Tjkllzje,true
2254a17d-5bb8-4f37-bea0-da9002d3a968,Cmcwpiahbxoayd,true
57ff0f8a-0257-49b0-9af3-f35f590014b9,Wdufhfgkxlmrv,false
e54b2319-e683-4eb9-8baf-e52b6f5501de,Ehcz,true
e03a35bd-63af-4fb2-82e4-94f8b933e71d,Bjnlsr,false
b11e84de-f411-43b7-b25e-aa7201cc5c9a,Yjexiucply,true
d68390e6-5a73-4549-a1ba-24a448c81e38,Sfkuskqaz,true
dd038751-e423-4907-9083-ac15892ea611,Mnemmjaayonog,true
bb8fd313-5a9e-4551-81db-fc8e194925e2,Tejtqa,true
c32ceec4-cfbd-43cc-899d-733653930aff,Kadjhxlnpnvao,false
260d836b-0cbe-455c-aa05-85dffa57ab3f,Gzu,true
1bd532d4-7805-4387-947e-690cb9138e60,Iokq,false
8660cc27-6485-43e9-8a98-fa47826719df,Wwtiwy,false
86de85cf-4758-4f0e-b77a-a7955fc92f2b,Vesfbmpvq,true
9dd161ae-d8f4-44f3-8ece-e6efcc849661,Rmxabqmhg,true
dff0a44c-bf5f-42cf-8a72-0b5ee11d1333,Rpbaj,false
ed960a72-1f59-4389-a9b0-ece681474b2a,Ejlgqhva,true
48f00122-8bf7-4729-9d66-f0dcc9752174,Rhnfwqy,true
f4b60e36-b1fd-40f8-8053-0c705ea405a3,Dgwfr,true
51df86d7-3952-4252-8ead-1b9876a03560,Elfrxm,true
6e44c7e1-71e1-427f-9f20-5dea17be02f4,Qqmemtvgz,true
6051bc7b-372a-41f1-8bf6-06924a884aed,Jizpwjixmkssoe,false
9b5bbb8c-4fd4-49e8-ab7c-6d1e03980fdb,Gxfjftvqogz,true
cf184a04-c560-410b-9435-8015913cf5a7,Odzdw,true
e8edc5b9-16e2-40a3-805d-72ef0fe35770,Jvjdoyn,false
38d726f8-349c-4d97-9491-c60f3c5cfee0,Kfibqzt,true
e6564b97-4959-46e8-aaf4-8260a05c8650,Svvvnxrmgsr,true
623806e7-ee8b-4d8f-ad26-d71eb4565141,Xttlmzeyqi,false
e9e439f4-7138-4c50-9bfc-762a8e2507e2,Hqwmxvha,true
cd8de52f-df10-42b6-8ba2-f6c23a5612e4,Exgcqdmeuiqwqr,true
20a60687-32a0-4017-b641-4abb70967704,Lhwgyjkomo,true
38b2cda3-2457-47e9-9eda-8607415bb951,Bodfklveuvpfcxe,false
614984f4-f0eb-450c-97b3-5f20cd1f5f7f,Uduktbgtzpaceel,false
003d89da-e586-45c2-a892-3478e8badff1,Yvwgfvvo,true
a3d25ad6-412c-4df0-aaa3-55e7bafd7e80,Kpohlkzybifwam,true
0780d07f-520a-4fa9-ac19-4e28778321e3,Zymezcwtgllu,false
7849f0ea-7c2e-445f-969e-6c9f9d3cd970,Hjlzklp,false
8d5cc251-4a39-4e10-b060-55e73ef29cd4,Fxsoejpcqekpr,false
b6c7070a-5242-40f4-b08c-49cdfc9941b1,Ulgcqicnfhciza,false
52e05342-abbd-4ea2-90e8-c5786f1668a0,Yirimpeybl,false
d36c3a82-225d-4c15-abaf-bdb7e7720b79,Zyefrscvinvw,false
7000abb6-71f4-4f99-8e6b-822f9607dd07,Hvr,true
afd30738-0534-4f05-82df-08e211f95236,Bgppkmptr,true
1494c610-c018-47aa-a037-e5a35f0ad0b0,Qstffhnvpmmat,true
0654e032-6dfe-484a-94ac-4c3b898bb57e,Rmtaeqp,true
44a933ed-f6b3-44d4-8ac1-d0685f6ebb59,Dqusehmjlkxsbvk,false
e2f6c728-c69b-4f05-84e6-948928308594,Dzdidnvsqanzvd,false
0de976b8-ce83-4299-b349-8efded2e922e,Lvdsslwmris,true
df74b751-6e20-44f8-88cd-143c63c792db,Awcpmwzoewli,true
09351cc5-1f49-4232-9e51-cc35dcd4e50c,Vfdzgdefgj,false
709e478b-9ce2-47de-a53a-57007c5078e7,Aspwar,true
72733c2f-99df-4641-85df-10f1d27a1ed7,Cgucawrdauxh,true
8fbb1ed1-d1d4-4352-81ff-499ff3e48c2b,Hodpaxofyg,true
6b496b08-dc27-434b-aff6-42e8c5c7e247,Hsuqmapauqe,false
af912da1-ea26-4ec7-80e9-2910e1bcce67,Ipxrmhy,true
2d0d8321-c5c7-4f53-8b05-e864ff3db57a,Pkr,false
c87861d7-f2d1-4503-be17-d52be88db0c4,Kbebnnwqcopk,true
1807e306-c614-454e-9c21-3833cb42dcd4,Zrae,true
02c0f2c8-b88d-4ed3-b9d5-995f19444ca7,Aqdcoito,true
846d089e-12ac-420f-86df-2a88b59851a5,Jwluduwtozwqu,false
8f273d44-0a54-486f-ba24-e01e9ec45d2d,Veitsvvvdz,false
fa1552d7-1abb-4ad5-b1ae-a0b73501295b,Bafpv,true
69d727e9-2511-4731-bad4-c8e46c64b312,Yesgwkymahcot,true
9010903d-0886-4684-af63-233cb9d647d2,Vnweqw,false
97527fa3-d502-458d-a97c-13f5a9923745,Gnrnsvijt,true
47e3bcfa-301b-4652-9518-739d5505e33e,Zwngozvwnkmk,false
87048391-68e2-4879-9ed9-11c0e02194a5,Cabcyftnrr,false
8602a3ea-ad91-456a-8dcf-f8ce60ee248b,Rwvcgydlia,true
004f698f-b5a1-4f82-9681-55a725417515,Qebhizqv,true
a62707b6-8e78-433c-80f8-b317eaed5195,Wwgwnr,true
9fc3b272-7550-4db6-80f5-98ecd73ef1a7,Axgevvlevgtks,false
ef4daf8d-16f8-4cbc-a16c-182c74243309,Qvibrqpc,true
b3ba19f8-6f8b-4f1b-94e9-7cfa2f553ef7,Vvscthhxfyufkx,true
814a8caf-8da1-4be8-b8d0-e36e7a80f881,Lybxkajm,true
57d9715f-46a4-4830-b76c-a7d2546cc97a,Nvxi,false
91f70153-2e77-4727-8d8a-dfa83daad636,Yjelbectogpby,true
b489bf8d-95c2-4fd5-82c4-a7c07a30ec3b,Vjopa,false
84a15568-526d-416c-a9be-75ef04b08599,Mwpgzoissepl,true
ac72c88d-c524-4b96-a563-e465f2d46771,Che,true
d0448d33-fb05-4e47-9f1e-118982b1af0e,Riftgqppzfgu,false
739a78a9-3af0-4548-bdaa-956dc0029526,Vkyco,true
a18455f6-f0ed-45a0-a9ad-06a2e3334e95,Jvatwfgxrk,false
a7d65859-2cf9-429d-98cf-5ae7f8129745,Fygwt,false
5b7d91ad-062d-4d06-9105-922667b2b38e,Wgeetaqywoujph,false
b3def7d3-6037-42a3-b26f-caa4cd1b4c01,Rye,true
d152bb15-3bc5-4b25-a713-125255cd2863,Brznan,true
2f6c4671-08f7-4409-847b-46d87ed36a39,Tlmfipahrb,false
f2c8cfe3-1d58-47ef-bce4-7dea49782fab,Jmibimgq,true
8e649714-1fbb-45c9-bdac-f64392efda27,Lbrjbktdecnftr,true
dd22df51-654c-4930-92cd-635cfad4c280,Jgfxpopze,false
c7968648-9664-4e71-b05a-26c3d7fc2cd2,Lmdaanv,true
82c65e18-e780-4587-a9de-d4adfc1ed20f,Sixmwkgjhozq,false
c4ab9cf7-5a63-45f8-bfc7-1b31b929c311,Gnmndymriwbd,false
8d14a86b-aaec-4770-9e74-6dc3b1572f4d,Amwcqvqpkudugb,true
b39c8ab0-5cf1-4120-9434-f57964ba9932,Bnbc,false
2253e7b3-63a2-444b-9bc9-b103908a25dd,Cbhdstmviqeph,false
56fb67e1-b42a-403d-b6b4-da32f65ecfa9,Rpv,true
7018405c-a9a6-4c56-8f37-f92ebdebd548,Rfbanqijmmrfa,false
378e3384-1a71-4295-bc6f-d52ac08e30b5,Eteaqbawvqstmi,true
96a63811-75d4-44cb-a4df-cdecc20ef0b3,Kwriokuwzsw,false
6e095b4b-0768-47fa-9ae6-ad34d817fdae,Xdxwjaqslsi,true
739e2f22-89e8-49e0-acee-e1028362e5cf,Uzeplyf,true
8eaab95b-5631-4b93-849d-7f27571f594f,Mfjeawtkqofaugh,true
146b438f-62be-4048-b1f1-53c73e3dc014,Obykzdom,true
4d0088e9-7156-446f-ba91-a308de96261c,Anvxrho,true
0846dbde-ff13-44ac-a011-397e61569703,Uqyftmhsoktgoj,true
4fad8b89-3f78-47fd-995c-4fdee2f30896,Pckmmuz,false
4c95a958-de57-442c-a094-406c7c57bc5f,Fhamvdwdmcty,false
d742c4c8-bc19-40c6-a98a-37e5b7d956d3,Daljsllbrep,false
03c43f73-4d79-460a-8931-c2f1a106f882,Insdr,false
3a1386dc-614f-4df0-8c3a-09b228c1cce2,Bhsskhbjdtxsn,false
2ca79cf8-bb21-4574-8b20-9ab1ace46198,Qtvzzwver,true
0b4216fb-e7ff-4db3-a537-d6ce9fcc2fb7,Qizenh,true
19f1210e-b0de-4bc0-ba92-66b9808a8a9b,Yvyrqacfxvs,true
96d4d82d-c09f-4c43-8f77-c74c7be66753,Yvtpfgbmrylov,true
ffe2a80e-eee5-4ee7-a068-01b529c92e63,Fmhgjqni,false
1d427938-2a2a-4385-b91e-ee6d3576011e,Xwc,false
f3525875-4c67-4fd5-b719-8985e5c9f8a5,Xnmnzmywhey,true
31032175-69d9-4527-a627-720e582b1e76,Tlanwyg,true
70500e0d-448f-4937-9767-792e6894a846,Uaavbqqyk,true
72251889-f38c-492a-abe9-2bd3be801304,Thuq,true
ed76d66f-c817-4377-b48f-46e319d1900d,Ors,false
d6251f74-be3f-49e8-b577-793b8fd2160a,Dptlhdxdqpo,true
6716cca5-0074-4894-a876-faf279c438c8,Bprkzyxes,true
0e52527a-09ab-4cad-b486-7746ae5e231b,Gupgpijpcub,false
4a8c2206-9939-4f2f-b3dd-e538cd47460b,Qubmwtnjleipd,false
05837033-3f19-47cf-9975-6c6a04e7303b,Uyzf,true
2a29cd3f-70b5-4476-aa50-c5c8b7734c5f,Osmfafbvbp,false
0611d487-4f8a-42c8-ad80-dff0fc7ea7b2,Olace,true
a5ff6aef-e6d1-4bc4-917d-4c3884a1b991,Yqmjcvasjpxra,true
8d3e039c-ba97-451b-bd05-d7fa14c84caa,Cfgsaxotyyykkbl,false
52cbe709-747f-48f7-89ee-f1bf32014920,Wuidpvc,false
5c362df2-794e-465c-872a-e15a139170cb,Shlrdn,true
dc662e82-0ecf-443d-8a22-521360477f90,Vpzzlxv,false
add61120-126b-4148-bda5-1e4af70fe09f,Kwc,true
defa1000-af3c-4102-ae19-8f870f8f7756,Gaold,false
1da6c955-6bec-4eb5-a14b-661840ee55b5,Exjob,true
03d720e7-837f-476a-a384-85277ab2bdea,Uhedutvqfgez,false
44a3a3c0-3772-47b6-abd0-514942d530a8,Iuxkigolycbohng,false
6724ba34-0385-4201-92aa-c354ea3b307f,Gvqhqvevw,false
50768c25-d0f9-40db-8886-ca993089f443,Jlkrczo,false
a1f8e7c8-0dc3-4ad3-a405-135bd5ab4652,Ooirxkhgsni,true
dc9f306f-1c24-4cc4-8501-f84bdad6878f,Vsfkpnksqbxvv,false
c4f6b686-e027-490c-8e86-96a7ca88e1aa,Lqejm,true
ff877dbf-3f4f-4ebf-9a96-6820ef193715,Qnjut,true
95b0d643-0ab4-4b95-8d3e-fed26ad25cd7,Ercuesslreskz,true
4e3c93d0-1b5d-4a30-bef6-45021f21f592,Otcusrdfn,true
ed144c35-59bc-4d3a-8edc-7f11f6fa50a4,Xlciozfrvat,false
ace36872-2fbb-4e3d-b505-d45568dcc84d,Vwyus,false
a326e20c-cbbf-40bc-8cc0-8c69b37c7d92,Pexdt,true
ae6a5d5f-6c9b-4dd6-bc41-d834f664ee49,Hzulcfn,false
add93cb3-586a-432d-8418-a686cdcb87c8,Wrhjchglxsf,false
d8614572-a113-4f7a-8a41-4dbbe5097f91,Tqsullremumo,false
2c01add3-d384-43f5-b30c-c320aaf54ae2,Gomjsap,false
565da290-196f-499f-8aa2-249daf7d6419,Ibrwua,false
9e481ac1-1f5c-4457-bbdf-3565301872f0,Bgsxpq,false
546a267f-ba42-421d-8fe0-e45795dc4ef0,Ivhglspoqor,true
3738c4a4-f9cc-4f7c-b75d-557225803b87,Ecuvxaibl,false
ead11565-1dfd-4078-a14a-438f16d4e91a,Itboex,false
5e4ae2bb-df20-4691-a7fc-619f8e5fe157,Dvkuqwxilmrwbs,true
40a17916-e00c-4460-9433-622b1bd7f1b0,Qxysiwcn,false
4b61e9ce-89f1-4ec8-aea1-390042aa5c16,Zkyecxykjlbimq,false
6e74d3f7-cdd9-4a7e-ad8f-aea15ae4449b,Iabcnqa,false
28428813-3964-49b1-820c-9a9bc5462a23,Pwb,false
f093c816-fa16-419d-b591-46585f9b1580,Vqoilvn,true
da61f4ce-b4b2-4767-9fbe-7c378e99e9d2,Zzfvdkxytmoz,true
b85c8be0-c7e1-43ed-b35c-23713b11e3ea,Qfgrxj,false
b999fa2a-f770-45e5-8674-a86d43c672a3,Ouljjthszwnsjjr,true
911f4e36-5bda-4f44-870a-eeeca53fa4b0,Osabzzaxh,false
5a165090-c87f-4d9d-943d-76b211eb744e,Xpyfvpjwlxt,false
fa661272-bf21-4736-b7e3-9338ca7451e2,Zkhgbrrfsyziz,true
bc96feb4-a2ac-40c8-9e62-d8a6c0e4fdc7,Yozy,true
015e7fbe-9eed-4626-afc6-60fbd4a733db,Zkzsldwvqztl,false
972cbf7f-007c-4df5-aef1-03a6fa47a6fe,Etqsuc,true
a711b2bf-405e-43ce-a4fb-cb44c421396a,Nzreaof,false
7bcb7776-dab6-4b4a-ae81-61f912f0f596,Eizd,true
b90fee0e-33e0-45a4-b41e-df1bbefd3c89,Iypzapzrc,true
da5546fb-5582-4711-a5a4-32b90965afee,Jbj,false
db9432f9-aa32-4b0a-a2b5-7b2ff2eadabc,Ikq,false
433ad724-9784-4d55-a991-30052b4e6c41,Irabbfv,true
483d973b-aa9b-4c7f-80ca-70a00330fb3b,Hhgzzy,false
872b425e-d7a5-48b5-870e-bf8c4b13c760,Odtkjtcqlw,true
a2536490-c7fc-47d1-ac9d-bf92a8b860b0,Kwncfuhd,false
13d2c696-a738-4f06-889a-50ebf4ea92ab,Fhokwar,false
df5ac678-41e5-4893-9461-418f68d02b2c,Rza,true
3ead2cf7-4f15-4b1a-9d7c-690041079607,Rlrlgtt,true
0f3336ac-de5c-446d-856b-5b24b5a195ad,Jyu,true
2ebf8880-0f40-4679-8f38-f52eeace4ae6,Mluwzauzyd,false
87540526-b6f0-483e-98d4-46ba6a34d821,Iklulwyedpym,true
b496ce95-cdeb-4b26-92d2-e80e6039fa8a,Qmvztfjprwhatf,true
6b191316-a76f-4244-8391-72217a94833e,Ljyhjqzo,false
f559bbaa-8ab1-4823-8065-02a91b36221c,Xctqwvwrh,true
11c0f834-8146-4202-9a35-fbe610d5c053,Qjov,true
ea0bf188-8cfa-4ef5-a8b9-eeaef4c192c1,Viwyfyzgvgncqsw,false
56b277a8-d181-4295-b59e-5bac87fe65b9,Ecwiornnuhdiz,true
d8936d4f-eaef-45ef-b514-655c9797704e,Dqjbpincpotfqy,true
e4b107a8-6765-4a78-8574-831dba5a13c4,Hxuvhx,true
4ffb285b-e8cf-45f9-b7e1-14603f0a8245,Wszwoemex,false
2b6e2170-f6da-4373-abc1-09b7218dd5a3,Snoatcqsigwukr,false
23074b22-8e75-456a-a886-65fe2a9e720c,Lbaytarkcu,true
b90db3f2-8967-4454-a1ee-abe5229a6bc2,Pgkzuhaclyqvzcc,true
475b2d3a-3fac-4f8b-af89-23de91cd17f1,Vytxlnbxt,true
74d7c39a-e7fb-46c2-865a-ca9103181d25,Dpcssrcxebsduxn,true
73a75ce6-4acf-4176-8d74-0273dddbed13,Yaewtng,true
9fa34387-7c56-438c-83af-2ec7b7ce4049,Sukolma,true
a3828497-0d66-46de-a854-38c60c04f6af,Klhekymi,false
5bfda2ef-5115-4db5-9785-bcf362c6a7f6,Kunv,false
bf7f07fd-a402-4235-a9c3-5f29a201908e,Uuhmus,true
8beb78a5-1769-4173-91c0-21ff083d1237,Buhau,true
d2941328-0260-4368-9931-662e3357f3f1,Zpma,true
5ac49107-d848-43ab-9e22-25d08d3be7fe,Aizallva,true
04cdb101-a4ce-4d7f-9761-78c7bc839d7f,Ifxjhmyf,true
4a9c8908-adc8-4066-96c3-1ff8d8f54a5c,Rvxscdqlxjndiz,true
fcf73919-330b-4924-97a6-ca1ed96841d8,Chjuy,false
0674f9d4-67f9-4401-a855-e05b04fdc75a,Galqizirpziiyxg,false
b139e2ec-5052-45c7-9108-9c0ffadb3723,Ybivwzhibpqe,true
d5e64459-f92f-4bcb-8af1-88be3376032c,Uhpgkfpfgxos,true
dfe171d3-ea50-4965-bb6b-5d585ffece63,Bzyah,false
b81fd5f8-3323-46ba-bc7b-ec56cd31b8a2,Smdn,true
fab64889-1ad2-4f2a-8dbf-c0e80b1a1e34,Fuq,false
bf2edbc7-5dc9-4ffd-8717-e57d025c45f6,Dsrpaurcrba,true
6d2bf585-2897-47c7-9b44-ae86c9e6cb7d,Jzjncu,true
c7544e41-ca28-4e06-a595-50458b116774,Ixkx,false
927570d1-4bfd-40b6-b79e-a5174d888a50,Nqgkpuy,false
89540217-ff53-48f4-b41a-ef736658768c,Jervcpig,true
b9ee2e4b-8e98-4828-9f23-135a6f51bbea,Qgdg,false
03cd22fa-b5cb-4d7c-a99c-35321d3c43d0,Hntgqzjdpcdien,false
4bebd933-6f38-430f-967d-6c684098d698,Ytgautjoeaynle,true
7aca8258-053e-410e-ae45-b7c217fb70e9,Ybdpt,false
ac3cd203-9977-4c12-9dd1-8581af8bba7c,Swa,false
256022b6-4a2f-4cfb-b982-de1fc9f93d42,Xczmgsncwgfhhj,false
5c1380cf-3554-48d3-9b93-24e7eea3ccf3,Fpxza,false
d8c52907-0f5f-4f6c-aa14-082a41efaf43,Ibabnpyeky,false
c5a850ae-12c4-420c-afe2-674775b80f0f,Wmyvijavqeur,true
989e3f72-6966-4bf8-a6de-cd4939c67f8e,Upi,false
d9be9f7f-bd9a-4f2e-83b3-e6970530bd6e,Ntw,false
80dcbfe4-0955-491c-8848-854437248b28,Fzssmdowkcwl,true
cab05a9a-bc41-4eda-bd41-5041c393a113,Szwoaxkovjblhhr,false
9daeec6a-189e-46e9-87a9-46f8600b4743,Yimnpsefmf,true
4dae990c-4712-469b-ae1f-cb42867e2784,Ihcfo,true
feadafdd-22b0-46cb-be54-218e63facd46,Rcjpqyx,true
389e3224-d8d0-4fe4-9b31-0386df8aa3e3,Mvfxma,false
0d3d9b9f-3a55-4140-81a9-550bb2292d75,Xmvcdebi,true
915f4981-6ca4-4a1d-bcf9-a408d484ccfc,Fztisusgztwm,true
80d4f0cc-4fed-4121-a794-468394a1e643,Spvmoswt,false
2037704f-c6c3-447d-b390-e5c6b3cc044b,Snzhjbzycwayyrr,true
0396e810-0d8c-40cb-8d1d-f4b0db23b5c2,Yqzb,true
9af336be-4590-47c2-9562-c988c04ff259,Vvjcfe,false
31bcf906-51fd-4720-b490-35c20660f035,Gcfjosuacysfkvd,false
c12b131b-9157-41ca-bb81-f96208e04332,Vaiumdsoqx,true
c1877450-8b44-4b7b-942f-e92a3599a7c6,Kzauhefcdspua,true
d79d2b23-7804-43e8-a56f-69adadcb3228,Lhh,false
3ece69ce-c8a8-460a-86bf-b4417912779f,Hpapdqbbsc,true
b72598f3-9de5-4daa-a166-83f73655ff45,Tgrknycq,false
68425f91-3400-47cc-a2cc-7a469c4d95b7,Oskvkcj,false
1ba55ebb-769f-4420-b6b0-9af33a80bfe9,Sxbzwyxflqwtysj,true
f9fa4c26-2256-48d2-b232-970ffe723ed0,Odxomwgllz,false
f1968d7c-e8bd-4cad-b655-d1f16d8f7649,Inc,false
91786463-e604-4ceb-b985-df82b054ad60,Waijfreho,false
131bf056-7c3f-4db9-8498-f3c0b278c3f0,Aelwxzjydniazd,false
9a041078-c044-4688-a6fb-9df87fc33fe3,Nnnminjtiow,false
bd968645-b96b-490b-a271-026ea1523a62,Stoah,false
514a709f-e9a8-44b8-a793-179b205b2c46,Rababc,true
e8dc8906-a18f-45f9-a458-ee4cda5c25d2,Nhakljylldccb,true
df0a7e8a-900b-44d6-bd9c-814ab39d3f84,Jnh,true
8c2b6966-16f2-46c2-8ef7-047d84bb82a3,Rym,true
d519d7bf-8e3c-4f3a-bb2c-f5592bbb4efd,Oncemumgdgrxl,false
727e926b-1004-4c08-a825-51d5c11adac8,Tbkam,true
600a4d50-2fab-4f39-ab79-482907deb85a,Yppkh,true
01169c86-e278-418f-adbf-5fab25f2f43f,Frrfkvt,true
264dc13c-ffaf-4108-b2a7-8e9a954a5a79,Gikzubukcx,false
d8ce83d5-3c84-40b9-b485-cd5174c04c09,Enyb,false
c93c2e66-8c00-4950-81fd-ef7a9f2148e3,Dafbqq,false
7c75f4b4-930e-4b11-8ae7-4f6b3c4abf9e,Jztsqrj,true
453f6748-4fcb-41fe-bd32-6f64b46da600,Tcadplorbgsab,true
f88b9158-2913-41f7-bf36-65c71f425d00,Efbncukcwayfug,false
ca8be241-6973-46b0-97b1-a92c19271536,Lrcm,true
35c8b1cd-fe6c-4bf8-a961-390b13ae049d,Majlszjnmgx,true
11412a78-f615-4774-a299-c66b33407aa0,Bzrksdtfel,false
d730bd7f-a27a-4b98-9de3-4a32b18d8ada,Pko,true
6f274e0c-ac91-4b28-92cf-2c4edfbc6738,Hkj,false
8758dab7-0d88-4cfc-b17e-277230a7600b,Qmvgwrdxzssqh,false
98aa5e7d-85ab-4725-aea5-bbe9b9957fb3,Vvpndmfi,false
40e2434b-65c7-4f5f-b975-ed7aa6ccdf56,Xfvsukm,true
e9c33597-c91c-466d-a544-10804fd9b800,Lgmivqcxchs,true
ba13a9fb-f315-4905-9b40-1e1b83d4d0cb,Gqmsbsrgoybk,true
1adff0a3-294c-469b-a986-1bc483dfbdcb,Ddqjgwcglvlnj,true
746c8798-f3cc-4607-ab60-d477738b88c0,Akv,true
44815465-1d50-41c6-ad65-8e19d00c73da,Kotsfwcfmumey,false
9268609e-c713-4729-909d-1c640b96c07e,Ttsl,true
68cbca22-d991-4b29-a27b-50455b56442b,Ruqgizag,false
e86d00a1-f1e4-47d0-acf7-c919c00b28e7,Xytf,false
55c16581-d172-422a-a3b3-cabc343d5d73,Kunipzd,true
392f5c64-e2bf-45a8-84ce-f2bf2a054e97,Wyuzrfr,true
1d2675b9-f6f2-44d5-83dd-787af436600e,Fukivt,true
7ac74155-36e6-4d37-966f-8fe74d20a6a3,Jglxolp,false
244fac5c-0777-4d8e-b429-91aafb68e63c,Dxluqyhhzoecr,false
209ec071-2927-4fc3-8382-c3eb93af37e3,Zuasdujtwmbzppf,true
d119a328-6fbb-42f4-809b-730a1d123d11,Ievcdfqelsbmb,true
713e6115-ea8b-4cc8-a8ec-147f7c76f736,Mdapd,true
dd9b790f-1d8b-4b73-9166-9a3f6be504e3,Qxjsaeosesjksm,false
09caee5a-9ec3-4c14-abce-71f850dcdf18,Lucrtcibn,false
8df6284e-9259-4f7a-a2ea-94353151ed0c,Tllzu,true
8e8f123d-0ab3-4c84-9a8e-cab2eff21e74,Umovleeboencya,true
ca2c3e3f-9f68-4691-b608-4a11c1f0dc8e,Ypzzjwob,true
1189a0b7-1536-477b-9fd6-42920291b3c1,Yngpedbowdmvnfe,true
bbc69424-7ef3-4125-abf7-1e758fd93deb,Jfiainbe,false
85f05fa5-8c0d-49de-ad83-974a71b408d8,Hupxjbinrdsae,true
6fc685ef-7ed3-475c-9f99-8744c661c965,Cpaamxoatukslj,true
cde8e61f-1f47-407c-8102-d2407519c68c,Pteegrabshk,true
bcafd95a-fa4b-43bb-b6f7-b30ce0e5ddfc,Ollmkgqply,false
831e8570-4cb7-4ff7-b5c1-e74b19af30c1,Ixqoluhqodnj,false
d8478fe8-32ec-4052-8443-e3d1e4794172,Lirimbbgornazm,false
ebe1359b-2c71-41f8-aca0-baa38214a59c,Vridhx,true
1567aba8-c2c7-4078-aad3-d45309eb2008,Yzllrumvme,true
70706246-0221-4fa8-9f04-4e0fc5672252,Syapenhpqnbxtl,false
4415b9e2-f94c-48e1-ba0d-9f2d1441f9f7,Kcwslnurtavs,true
5355b28d-3c2d-4208-aaf1-0355f13baf7b,Pxipvyiayx,true
90d22686-e698-4ad7-9e93-63b45dc6cfa2,Tzp,true
772da6f7-2777-4a52-93c1-7cc8ad7365f6,Oxbsmyt,false
c9aaabe6-52a9-4df2-a45a-eea341c4a3c9,Yyamhk,false
402ecd9c-7786-400a-aae8-6c3f2c0c5947,Esupzyzhxctieoz,false
17451714-91b1-4900-b3c9-0dd1ac559f83,Rhhkedkyxt,true
8703210b-e376-4656-9970-bb065de786c3,Onbpgspnr,false
e08fdf43-7614-4e1a-879a-9fd3fa54cb49,Jtnbudo,false
0f242b72-bc98-4449-afb8-a1bf7ebda543,Tqfxmxneivwzue,true
e5bdf1a9-7cc3-4562-a4e3-a7d62e680b24,Oukkbed,true
ccfcc86a-084e-4cfc-80a3-900f20fa1ddf,Ksljjzqmblhcoq,true
90b5e9b2-0ca4-4700-a3e9-0b8750eb2edb,Cbooqcuggrek,false
f3401727-8d3a-42ea-a139-56a81baf4f4a,Keybyvsmkn,false
e1e18074-e11b-4e20-b273-055bc6ae47e5,Iwhfdaahy,false
e6815195-fdce-4670-be96-eb22c66cfffc,Czc,false
8be156c4-47f6-47db-8916-d7ec62b26cf6,Fwok,false
06b872e0-2d95-4918-9989-a3dbde23fb0a,Vuofkeoilqzlfc,false
7bc4b1e4-f6a6-475c-9f53-8c8213c14194,Ovyodtzmmb,false
f002b270-6e1e-4190-bb0f-3d7a0bcd04b7,Dqenutnhfoffhe,true
8ea043c1-19fa-4339-9def-cf55ece621e5,Jjlofaiuhzq,true
14f490b8-2880-44a2-9c79-dc4012ab52b0,Yzewhtlyhzoa,true
aa9f0963-63e9-441c-a7c9-e09be9b2cfed,Gpyypooahmssly,true
2822f7e0-73b5-4a2b-bc96-d3add93a3363,Lbb,true
55c08ddc-37a4-4829-b18a-29bcf851adaa,Azwvxosloya,true
ce39fe23-9164-4485-a7a1-4d77b036c21f,Kmqzpunggdznp,true
2d0c5c77-06d1-459e-8033-1c3735a27087,Ttzlrs,false
1eec4e0c-72d2-4dd3-8e8b-c3d0a7021f0c,Tflevjlyv,true
d2c813b6-e49f-4258-8d32-19a026713b46,Pdxzphrjrtq,true
987ab8a6-cd22-4caf-9bb4-0aff21041213,Mrsqomlsfupcl,false
62dffb12-1e21-4760-bd25-90e79b1b0859,Hshzjzjofk,false
a57e7f0e-ecf0-45ae-af18-b09d116109ad,Gctgbitkgma,true
994744b9-9503-41c4-afda-5bd0e710fae0,Ztimyi,true
fdc3b992-1acb-4b08-a98f-a4b4e70dd795,Zhoysyvhivfqvi,true
c59c0a88-fd13-45eb-86fe-c1204e1592c6,Yrvaipnnuktrjw,true
562e16b8-9a44-4aa2-9801-7e492491eeff,Fmmbrjnr,true
e157bbdb-aa8d-4587-b559-d79a1fe3a98c,Axxfdysg,false
579ac038-29ee-4a25-8912-27d0a3bdbef9,Xeiulg,false
d0c69a94-f392-4f83-99d7-b9e1019b896e,Gcf,true
8bb3ee90-e197-480d-9975-30b0fded3488,Qhfpxybnfys,true
c4b0b7b1-97df-40c1-ae32-a3f132829ac8,Xpgusp,false
25fab924-13e7-4d15-922f-7b78ebfdf708,Vcwkussjb,true
3164550f-2d63-4b9d-a467-fb128f1459d2,Xlafvdlgznvxbgu,false
efaddb23-6df7-465c-8cd8-625473743a67,Szlmoah,true
f4fff10b-7f82-49ba-8f23-139f9bafeb58,Jupgavnqkmlpzs,false
5b88f393-8739-4275-815c-4c4f341f2128,Emqnvcvsyuirm,false
ec802bc8-fb30-4f3d-9362-1bdced9eb03c,Ytyayaalzjfbg,true
f87aeb7d-ab01-49a0-9b9e-215611b8342e,Alnty,true
be26f694-d2cd-423b-b7b4-fd4995aece34,Uayjyvwzzqt,true
7458d066-dfdd-460f-8413-e8c60405a9ed,Qyvyi,false
9504cf85-d2e8-4d89-8fa1-541a7670040b,Alrckhwcl,true
068caa93-eda5-474b-b55f-6fc849517a2f,Iftkgtxvca,false
7ab627ba-6c86-4bba-965e-26c82bcc66f5,Ljrkqteurd,true
22d79294-7fac-427b-a34e-f9a998913347,Gfnnb,false
5220924d-2087-4cd0-b583-659af01bf370,Eibqiter,true
41a51d66-5dd4-4b22-b9a8-57b37f6261ca,Ichkgarhfxkfw,false
a417a094-56fa-42cc-ae33-8502c859c596,Gyvmncq,true
22918059-34bf-46f9-b948-bc888f62c126,Vcmuqtzggmfaotl,true
573ecd2d-40d1-4801-a139-2a46d0a09592,Plkfluwvvtc,true
f4d66ae1-b9a0-4034-93ff-ec31308804cd,Agvoeekqqe,false
bf934a26-bbec-40e8-b7dd-6fae72b26953,Jhywtbpfvbrs,true
31e63e42-723e-4e5a-a294-2625df9b13f7,Xrzi,true
94fe48a0-e74e-49c4-a912-873a348b8bd7,Tjn,true
9f605375-e970-4d21-84e5-d0e15b9ce1f5,Ykzozbb,false
26eb68d3-41ca-4419-a082-c8654f3c8bcd,Hownn,true
e2f976c8-9abc-4b4a-a22f-5ef6151062e9,Oxgcbdobr,true
1fc086a0-2050-48c4-92b6-1fec8f44dba0,Kgtaf,false
4c1f0bf1-8305-4bdd-be57-e47bc64a31c0,Mhjuylaqudr,true
8da827d2-b24f-4dc5-87f5-c63004652c92,Igewgeeykzw,true
7b39fa62-3539-4ef6-ba05-86dabbafd58c,Wgrakc,false
36c93b04-1f2f-4c65-9d02-e3cbc15fdac4,Uviyz,false
089d82b0-6df7-44d9-8dd3-27e032abb644,Gdcjvhi,true
c9cc59db-11e2-42e6-9661-70274812ebbe,Hoedzo,false
94e01c70-72f9-4134-b90c-450baa3e445d,Tuxzqzuclkwja,false
412b5429-e176-41ab-b90c-f043b0d69690,Ywmpczlgjow,true
6ec12025-5a88-48e7-88bc-e2476b6d58d3,Kckplo,false
7dd818cc-fb42-40a8-8a33-8a152411eaec,Fawrkwoadahunj,false
ae64d04e-8125-4dd4-a9fc-06d6a43e6071,Fnrafunytchtl,true
d80b2e43-4679-456b-8a2b-2175017bdc8b,Kldnpbmyol,false
f5d26c66-2b79-4ced-a0ff-405e8c555f26,Zeegftqccbrtxu,true
c3df04ca-9426-4e0c-80bd-b65db9a06a4c,Uhsswpmbumkbxn,false
528ba2fa-00ca-4c69-b8de-27f47d45c547,Jnyjzn,false
3dc4ab7d-fd44-4a43-b115-55e467e26912,Lfaqibmwh,true
ea1b82fa-671e-49f8-9669-c209e8eb68c9,Iswlmf,false
49d829bb-bca6-4275-9722-58fff706beb1,Iapzgqd,true
3ea06bc1-63b7-4bcf-b0b9-ced82b26db32,Gjb,false
73460861-2174-400b-91cf-98664963ae1d,Hgcvkxpjiiup,true
1103ddfe-773a-4a39-b53f-3cb2d05d6fb0,Vfmbigvoqjejrb,false
38c2fa7a-bf90-42b6-bd57-0f734cf213fd,Cmzdqizu,true
435e1c22-637c-482f-9f95-0588257e6a31,Qhuxzb,false
3b153852-45d2-4230-aa61-4edbfc3e7be1,Ezzmmmnmnbk,true
8228e77b-1c1a-4b5b-9a15-2204ec0ff5b7,Puigfnjn,true
0ac91a15-4824-4ad9-9d8a-c5eb84a87d2b,Cmlicnwvxnblkgj,true
aa0c0c23-6655-480e-89bb-5e9324fdfe22,Ncjelsetueaygol,false
fa189f9a-6668-4920-ace8-63ff4a98fc6d,Deleavqfn,true
add03c0c-372c-4c10-9e1d-36a3c732ed85,Vbziipqnkf,true
e2030aef-65c2-4f9a-8992-2447607373c4,Lzdbip,true
0750de50-5751-434e-8b4b-997caece2a88,Aokbqvkg,false
0e1b5376-6d1d-4a76-b6df-018aa29ce666,Kihdbczfgxdnhk,false
caf71fde-abc6-4840-8353-04bb6f0c2fc8,Cfcamubqojoq,false
644ab7aa-faaa-4937-b284-70d4ada3e5c9,Gywzuulboztl,false
5c147d3a-608a-4ff9-b0ed-a09381adfb1a,Niimtypnlrw,true
d2a630da-cb2f-4352-ba4c-873963c46ef0,Nnpmrd,true
9fc1ffa2-425f-4645-9a91-6f9b1e3707ac,Xaduuotvrgfq,true
930f7487-0eb9-4bdd-b44b-6e2fb1cea12a,Gfvdklwgqhn,true
ed3edcc5-bdbd-4290-ba33-1995d9551adb,Jhdruek,true
aa52dafe-ba1f-45a6-b61f-14de062b9fe6,Voric,true
a8a3c2bf-76aa-4722-9045-93d33f0891bb,Opvki,true
951b5618-0b48-4378-9611-5ed61751c33b,Qnwaxmyj,false
c0aa0ef8-a5a9-442d-a930-c0469a1e514f,Veplktmga,false
12a14438-ecea-4e28-8cab-944075759685,Cclfh,false
50a4afa4-96e7-4f31-8ea1-4f71d1cec916,Aumrroqr,true
b4a60488-2289-4745-8570-4db860d810ad,Buhq,true
d6b95be2-98e4-4473-8402-696baab68f73,Awggr,true
56330257-abd8-43c0-b87a-11c560cb6e4f,Vyrngwlcys,false
8f04a73b-2863-4891-af83-bcbc8862b64a,Hqaba,false
da01d6b9-7c74-4850-be38-8b8e14d9e1f2,Wvnmrxg,false
fe752b6c-ee58-41ee-8b7e-0ba1d0fff4b0,Mqcuwl,true
1c872484-dbe5-4877-a66f-af815cb1789b,Jes,true
3bf2430e-f6f2-4253-ae5f-76ac25272243,Yffkjggngjetn,false
3c5c5b8e-023d-48d3-bb37-7487eef2f522,Hzayg,false
7d67b2e7-6f9e-40a5-8ad2-9616b0a34d42,Yckicviykdm,false
9f96db7b-81b6-4718-b6e3-c2bf937dbacc,Ueaqaxbxv,true
d9a6b588-ae4d-49ff-aa51-84c8a2d01a39,Wodknobfiua,false
b5f9ec72-2a1c-4e3a-a523-9c3e558688ab,Eqmxklut,true
c40d5f65-1bf0-4a31-81a2-748d10cdf904,Fbhffgl,true
e04dde7d-e986-4074-8e05-b4b8b79a02d3,Xzbdkvd,true
4ba18a36-f3ea-4895-8c68-7ec98b96a7a3,Twyildles,false
cf15dfc4-5da2-45b7-8496-8ee4970b28ed,Apzoffltfrrayz,true
aa0c0faf-e6ff-4975-8753-d21668edac7a,Tob,false
7c457517-1052-4eab-a9cf-5567419a2c08,Qilibxn,false
fa654119-3027-458e-9f78-36d007a53bb5,Rzthdxtlpa,false
df99a867-2d15-4cf7-8c5a-904f45001bad,Tpklcqdvsxunwf,true
c33cdc72-260e-46a8-8101-adbd10a5d001,Zfenjcpsjr,false
1009a2a5-0744-4a4b-acc3-118cdd07d7cc,Qdarh,true
acbcff5b-cc32-4ab0-a2e4-079d04545bb5,Xcxjmamuh,true
48ba4f24-70a1-4a3c-a62b-0bb2e65cc43d,Hgevohqayjfoiu,true
c22c9893-990b-4d68-b57f-a5eec1f90356,Zvm,false
c35518be-fd89-4a99-b0de-2643c9df12e2,Ixhygnvbwtwe,false
60fde731-2cfc-4048-99ee-cf0d6d14a8fc,Nssfinwwarkji,false
9429c624-7df3-4bbe-a9ec-454919bb3a90,Drxkvbzdtjrryu,true
7c36b574-64d1-412d-a9c7-0081824c9dd3,Fyfvcmugy,true
eef0f1de-db12-4030-9d05-294c6a36766f,Rwnjvuo,false
e1a56ca6-60f7-4c72-928a-94761c6d9305,Pjwrvwaokur,true
0972163d-7084-462b-95bd-3211696474c9,Vdwleekckoy,true
c7945339-b28d-474d-b913-c24ee6f333ad,Iok,true
8b09af4a-8c1b-4d2f-b816-e9a20b71ea11,Swtisbcmlivw,true
47ff0cea-b91d-438a-96a9-3f23885dbefb,Phbpdflfzmq,true
98779094-6e15-4250-8de4-9e957273f148,Osizouxambrsd,true
734d26b7-55d5-4e7e-84a1-d94c5cf72463,Gnplhn,false
b50203d3-9e75-4242-a9c8-0b29fb0b5346,Otkgcgmu,true
44c5b3c4-ed7a-4fd5-a09d-9f04cbbbef9c,Gbgwvlnom,false
c3ec173e-85ce-4b21-a52e-6dbbbcc48889,Xvbxkrqur,true
cee2dda6-ff80-4659-84d7-b1fa316b7e30,Vaem,false
57d20815-8fe8-4012-bde8-2a9cd64da11f,Xaaixdwxcdbn,true
117560af-8fec-4f4d-87fa-1e27401d865b,Elscakbbdmtumk,false
1539b2fd-8c65-41f5-8ff9-0ff20a987c2e,Yfaezogwchmftu,true
bd57c0c0-abfb-4f85-ab49-763742c274d9,Aqhaiygdqxihx,false
616f6ab2-fc88-4250-943e-eb93c41bf0e5,Nbzewjkgaug,true
828e3948-b263-44e5-b504-76b96cf11dd4,Mnxpgfxpyzre,true
af669dff-aef5-4860-a856-49dbcb0ded49,Ucxfyioq,true
fd4f8bd3-a085-4d7b-983b-ed819ab5b478,Iebwczf,true
8d00a488-2340-4fb9-95f4-cab7cb287203,Klefgebmrrips,false
d2df8dec-9c47-41f8-ae38-cec333733122,Igdmkjwt,true
57905d97-cc34-44e3-bc0b-98fad95775a0,Rgsbnqr,false
0ca91713-b37e-45cb-9ab6-644f8573e112,Dda,false
049945ca-4dc2-4962-924a-b31108027013,Silizmexelafr,true
62cf3be9-98c2-49aa-8e81-5d42d30e6e03,Ekdceqsakww,false
55adebf8-05e5-4fea-b2f6-948229b813ec,Bsixrspyhxnv,false
083df4d3-cbb4-4c32-9dae-782585fc55db,Gkykoortz,false
e1a3a13d-22d5-46f2-a656-7bcad1f171bf,Shtyxaayfmeecl,false
fc4cc579-af65-453d-a479-8bfae4e7d8e8,Tdpcdpymh,true
75e8a91e-89e1-4575-a091-3dc083ba2960,Kiymwzl,false
4382625d-6d28-4374-ab38-890b34873af7,Gmrdcnxaw,true
749b083c-45e8-4a20-8fa0-86ea80e07177,Fetrh,false
cfff35fd-fec9-4263-8b1b-2f21320e0097,Sbcnxvoybzsi,true
8e43f35c-bae8-4d99-a139-5d08b04cbeaa,Qtpbceg,true
fca24008-42c0-44d1-b841-ea2277da25b0,Rporznodyqoboi,false
d38105df-731f-4786-9d59-d92d1c5432b2,Zjdkve,false
fce0043f-c259-40fc-81dc-baaff5069d0c,Cyvwjavt,true
7d96f557-2408-4866-8e49-bf737cf3fc41,Hek,true
42fca261-681a-4238-a21d-baa6c432caf3,Thzhyrdgd,false
06cf364f-bc06-4f45-bb4f-fffaafd994bc,Vncxtb,true
19d06bfe-7d4b-4f84-a2aa-21979f288874,Yvvspqxindylyud,true
cdda3b02-40c4-461a-9e2c-0df9eeddbdb2,Lwub,true
0f95e61d-f51b-4321-9018-a573cd7077ea,Vsckayv,true
18fd06a2-f796-4059-a4d4-84cdf72a4e28,Frbczjzkerghzp,true
6e8c6a99-bc2f-4970-a145-80f7772c465c,Nzlpvxj,true
7e8de78c-62f5-4935-9476-2d78dcb701d8,Vtquxwdavhazv,false
9a623ff7-347b-4d70-96b4-ef54d44c1967,Zbzsfxey,true
3a0ee9ee-93ec-4e6a-8d40-ebbfe210533b,Gpzoqsespar,false
19bfd13f-284c-4cc4-9cac-b3e8fb933763,Eofslfpggacfkhe,true
1c66cffa-29ae-4f3d-b47f-874c6d2ce324,Yamsvo,false
b4aa8abe-8204-43d8-815a-1583b7492ea7,Aavnmngjmwllxcx,true
b87f140a-c14c-4d18-8676-46649b9d4aa3,Sktgedcyalj,true
543b7a07-4f9b-4b5f-baa4-d3c6c1ff4696,Lxxcaedawofcvmt,false
52b491df-4f18-4776-8e7d-6aa1b8ae3ff3,Whocqnckrmlh,true
f6bee0f9-d887-4003-86ca-db551942efea,Jjobbqsuhhwb,false
5f8312af-83c4-42ca-b01d-ef5b4b46e3c7,Mxdglcnssgfjhwf,false
676aa3f7-5f85-4c16-9c49-3b3ea84fd3df,Cbjcxz,true
d0c8c1e2-b3fb-4b17-b63e-a22a2f65ce64,Etdwgouubwrxvg,true
4c6480ce-fb7a-40ba-b782-c242cf30b300,Nzt,true
05ee9608-3244-40fb-8963-87749df42ce5,Zmf,false
29c53789-537b-4b64-a22e-7a6c0b10e163,Nscnhgnuwwwzszi,false
3d02f570-c660-48d8-bbb8-efb0ec0acfa3,Eovbw,false
ed1c210f-5157-4dfa-b68b-e6d3bf8111b5,Wxrlehefg,true
617632da-5b15-4174-b8a1-5e0e6dea5d3b,Zehuhwppathlvr,true
5484b8e6-3aca-472c-850b-c93cd9f244a8,Jfebdtuucxqaer,false
61af4dbe-76b0-48a5-a879-17df49b11674,Asrdi,false
018e5a23-ebae-4725-996b-5af7d3e94ab2,Wpp,true
10c04a59-9280-4ea1-b679-3584eeeb626d,Vbediubn,false
cecfa77d-6a8b-4f57-af90-2e6275ba82f0,Cmgjhen,true
3b50a9b7-8d33-496a-bfe1-f30ecd4b93c9,Ckffkyvzgojrw,true
12c0742c-c733-4a4d-a964-82cff9051010,Cuft,true
be360044-a9d3-4644-bbba-53dfbbb32971,Obosdr,true
f4c036b2-24ed-4cc3-bcb5-bee5174dc865,Qbwenqwqst,true
4421b58f-f54f-4cc0-bc62-766cce65d7c9,Nwdqkmqzspmkwn,false
f56cb918-e75e-462f-9453-b1289eac6f48,Wbqmcqzfqtksvqp,false
8eef5deb-450d-4af9-aac5-9f791499ba57,Qlxnndntmto,false
0cdb2e20-1582-43d3-8286-90068914c293,Qvndybzutquibyi,false
9be32274-a4fe-48dc-9698-c6531a729657,Rwrdnlzn,true
3a04b038-12d7-4086-8f68-8ea13e869e13,Oqf,true
8d9faad4-60ec-45aa-9c4b-62aab3199274,Mnadtqscxfqhfs,false
0851cfdf-da99-4168-98b7-eef14bb07ea5,Fiuj,false
81f55bc6-0e65-4870-930f-94cc7d219aa3,Mqcafa,true
cf86e046-c8ae-46eb-99a8-fcffff796286,Szriiydjxewyc,true
cab79d8f-f52e-40fc-bf5e-c48cf4159fe9,Rnogltukgytddv,false
fcfd899c-c214-4176-8320-1bbf4371a1b2,Bjxmqotnbc,true
c26e1c55-4cea-479a-8ed0-e44ac061612b,Xkbxrifsrilfe,false
2496f6fb-4835-49fe-8b5e-b00c7f609933,Eupzoeiqxhyw,false
69a2e8d2-f829-49a5-ad41-bb23e3c2c75f,Pwxjwd,true
9d47b659-6aa3-4814-95b1-fbfca3289c82,Hyefljl,false
43fa85e2-9529-41e0-b0b5-e73f538533c8,Qpojqgfxhm,true
4529c31d-a561-4b8a-bcac-f23ba3264a34,Guvygqfbocwkwmw,true
cfbb0d1a-db38-410c-9e47-a19561204649,Wbfu,true
3f02a499-402c-45d2-9072-0cf5b4b69ada,Kftv,false
e78f105f-112c-48b9-9f71-f2fccb3e5d91,Tvwtsnidef,true
995dd2fa-6a5c-4013-af47-3bc543a86cea,Hnpinbklqnosjpp,true
18edf4e7-e199-4d22-9ef1-ed4432a809a5,Fjdepn,false
10ffb071-3ace-4945-9b1c-ef58b9982207,Wavcdsbyaccqb,false
4bad09c6-bd4e-40a1-8ed9-848874ac79e1,Jqygiei,true
17310196-2fe9-4220-b70d-94df1dc81c90,Kqsmfaddawwgttk,true
837d6a31-6271-4d46-a60b-0f3b8cca2a3a,Blxk,false
27d33a32-68ce-4f5d-baa1-9151d4056e82,Isihdwsqlxmpc,false
c9851ae5-a4b1-415b-bf2c-d2180fd5c23a,Vtefjp,true
bfd63fee-947a-4a31-b65c-10d3ff0f51f7,Awmvtspk,false
d0de6836-63e6-4961-aa86-f17c8c5f1130,Xshvlwoqvwgnjbl,true
84198e9b-0da5-4cb2-9eb6-673e1e04f3a3,Xwhy,false
ca800158-0ac6-43be-8af5-39d0a8ae3491,Ssyobsjb,false
5c0f362d-e1db-4cea-a0b7-dba1c610730f,Quf,false
12a00480-c59f-4cc2-9d4a-d77cd42ff542,Smyunfbansum,false
a481612b-13bd-4ca9-bfd4-c10b711590f1,Chzjjai,false
8584b6c1-8daa-478e-b472-74ad34587f61,Oowqlfrrqqqdgh,false
8c4b05db-340d-482f-a3a7-84d37524ef86,Lbley,true
ba530260-37a3-4736-af28-03fad7d5a39b,Ohsyltulerkg,true
7c7d960f-6ce8-469e-9f40-36af6ffdd314,Ufii,false
73729da7-8d47-4afa-ac3f-9af71810edff,Qoyucjyvuq,false
a35494d8-e7bf-4665-b8d8-a7fc3a7ebdae,Vlxfspdvnhsss,true
4367fa61-f798-4754-a611-322b92ee6075,Bjpzia,true
600317b7-4db6-41e6-8a31-75484ea38b2f,Mscpd,true
444f5c6a-8e73-4c3b-8a9a-2f3af2093268,Zgzaeqqyussr,false
3d1f0885-d546-48db-a52a-52a6337d11bc,Fufldhygwbxu,true
4283362d-8abe-4935-b0f8-97ab7d3528d4,Gyttejpix,true
cacb4354-f698-4421-834c-41d8f20d7511,Isff,true
3a6ebbd6-2b67-40f3-af52-cf584d355880,Ksgbmddjvadvek,false
d157cce3-e46d-472b-88dd-4f0b84169a58,Dnlbzuo,true
6c511dd3-410d-40e0-a4ca-04b4af882ff2,Wmduqfriqs,true
fb313d52-e706-45b3-a2f4-53220f7e311a,Nleatjkdjhjmm,true
9102018f-9e38-4834-a6fb-2e0454274f85,Pre,true
6edaea53-789c-4f91-9c3a-ef4030af31b6,Bklsanx,false
361443c2-78e0-49a6-9504-6245e29a100f,Xrheqnu,true
7cf4dca3-7a6d-4dee-8158-d724f2ed9f4d,Oxhlbafmd,true
3e295446-d268-48e8-872d-22c64563cead,Tncphdfbpnfz,false
5ba6a625-3e72-4776-a8ee-08946c4ade92,Hxzlvziredcks,false
1efc1064-9378-4a54-a3f0-2a2a8bd52f85,Tkeli,true
87b0a18e-f675-4252-b1be-c735f8207986,Mceqidntt,false
b39dd0d0-8168-45f9-b3fb-e2875cac6629,Fyccov,false
1c3ba7ff-a130-4437-a016-a38af457e7dc,Cjesrurvyhmnmbi,true
9aad9a79-3620-4fd2-b969-5ff6790148ff,Lgopwxlawmp,true
ab775bf7-dcf1-429b-8053-be4b96b80ef4,Asyefyhwsqdfrm,false
e249bea2-525e-4852-abe9-9ad90f745b9c,Byluxngwlnryd,true
ad6a1c03-8f94-452b-9202-20b9af7b5421,Efqbhsuynfa,true
764d9624-9294-46ae-872c-ec60c4fa6341,Pucyadiiqs,false
c6716177-14fc-4519-95c4-81ecb622964b,Nqkcnur,true
6d38306a-3425-40dc-931d-d721f5f77fcd,Ohyhlbatjqit,true
de16128d-0ec1-4e3c-bc75-41e39ae06831,Hnwua,true
aab130da-64d5-4f71-aace-ec938dd26646,Ujieqevafvx,true
ca6d8f8d-f82a-42f3-b4f9-81a332a51463,Xqf,true
9916e70a-6f78-4a7b-b4b2-e0f9e3736f90,Kwwvdw,true
b36c03d2-3a89-4bd4-8143-a60c47c40dbe,Lfg,true
6dc8f35e-e1f2-4dda-9e39-ee767495557f,Fakmfsrcbwctse,true
0fcbd116-759c-4c3c-ae64-930d49a2f227,Norlykcyofcbmof,false
6c7ac0b4-832e-4c0b-a728-fa51cadd6a58,Cfj,false
9ce99027-68d9-46bc-83c4-3b989d17a1ab,Psbddzkopzf,false
06c29025-d6fc-488c-b452-a9565ab62326,Dlhymbfjmjxwjys,false
63d06602-9544-45fa-9d9c-4882bc9a28c3,Rxzufaeekimbdxk,false
13dc3ba8-a98d-4598-8db7-9179ef10a257,Oyr,false
bef5bd2e-f429-46e5-b94a-2c78cadf952b,Pjglsthwqpmvxb,true
ff2c33e2-4abe-4e92-b518-64729b98e05a,Rgj,false
5e028528-ee05-4b91-92ca-881cdd3bdd69,Mkrwj,false
1392a4dd-df93-4032-adf1-052df47d1617,Uewdarba,true
b74f1573-21f3-4b2c-b1bd-64b53c1c806b,Pctzcbk,true
0e16d3c7-bb65-4218-8733-6d91c5841ae8,Hqlymmhapo,true
4c74cddb-0302-4103-b727-ef2e945b6adb,Xjtyxpqrlty,false
73d79772-3e95-49f5-9075-c0e5073a235d,Fryubtc,false
7dd05dd2-2237-4861-aafb-e0eafbd139ef,Dumhkugnmbnbpyx,false
2bee5b93-445d-4aa9-8a01-feff826a0ab8,Ymdgsmoqesfvw,false
64a0c89f-0aea-4c35-8371-d6f895448aef,Uslmc,false
ecb6f020-bcdd-4713-8f00-c66fbdedefc4,Tiblggit,false
6f4f0eb0-3d8a-4d6b-b382-534b1d51db61,Uztaekh,false
8d9936c0-277d-4e02-9767-d10f626e57dd,Gjqupngloqb,false
70a17e2a-bc69-4da5-ad0e-d2bc1ca41e60,Jiybsh,false
11158a9e-1184-4ff0-96a9-3326bbe798f9,Wvqfsnimnv,true
e11cc10a-b991-48e6-bb2c-383430046e44,Ihkycd,false
0386c64e-c54b-4fa1-8555-2c4dee293096,Wkr,true
32e86e7d-850a-4f6d-84ef-c9df31a9edae,Piqi,false
892ae57f-eecf-4f5e-916d-2a19dedc01b8,Wuemnrig,true
6359fb43-fb92-4911-909c-7c92524406a3,Hkwntm,true
ce6bab78-c116-4669-8525-fa099033ec84,Lrenm,true
e7d82111-74ec-423b-bb84-2bbb95539ed5,Uvixhm,true
773a91d4-661d-480b-a273-643af9a68309,Mkuztntln,false
9b54d911-2729-4e2e-b70e-5a9c0a2437db,Bohzmsyyotwd,false
e81f0555-d13a-4129-bc11-fd943ac1e82d,Xjs,false
f81929c5-ecb6-48de-a7f3-e6f1d1d3182b,Geixvvpft,false
defb29b5-b262-451d-96dc-e910c9618b31,Hwmhwengn,false
67cda3aa-772f-4220-9cad-f922d618c882,Ycqmqvjaoczy,false
cc0ea6ae-7c0b-47a9-8150-938ebf5cdf45,Bazokemidv,true
bb016b6b-4167-4d84-9422-f42dddcc1a7a,Get,true
5c389e93-c5be-455c-b18a-77bfce1fc372,Xilb,true
269a5165-8585-482d-ab11-71899fd74eee,Lmhkobdq,false
c04b468e-6351-4151-a157-218769ad4154,Qxgpsmoig,false
15dc0381-abc7-4b5c-9d05-76cf8d3ed27d,Ygtl,false
0ff4e2e4-016c-4f87-ab45-afa2804232ad,Vaptbbdpwlfwjv,true
a34faea8-d1c1-4455-8941-6547c9307f25,Uzlsi,true
73748b5a-22bc-446b-b298-3649570a3e49,Hmrzcwnbeg,true
00b8f91b-1ea8-4c87-8e2f-3f325a9d046c,Luocmpgojhcqodz,true
2ca1b5c3-ab93-42aa-aba4-720c6546ba37,Bpnwtqnannplpvj,true
891ac121-2d9b-424f-8d56-3be48d3be4a1,Goebtaengkflmug,false
0139ec64-458c-4588-a977-f0264c8d234d,Eytidhrkyenzmxq,false
e7fe84b8-05ad-48b6-ae5b-62c138595320,Whm,true
4aca219e-fb01-444c-a78f-028c7fa0d837,Iegtzlxymvkmjjj,true
ca838c77-5848-404f-888f-7dbe5f73eac7,Nattin,true
d8aa29f7-4112-4177-aa2c-f1db1bc6cfcd,Icckhkbiiqv,false
a1bc8d6e-2c5d-43ca-bf8d-919a76357b3c,Jqvodxdpewd,false
d3cb47db-928b-42ec-b46e-3e2034c5571e,Vfmutqp,true
425db07c-8c59-47c3-a8aa-02e64fb1fd60,Vsnro,false
2ae7f848-d277-4b8f-a293-396b86804c35,Zgldnribrkprl,true
2666eb8d-6ddf-4341-8afa-b5bf5ba6e8fe,Cfyystx,true
1bea4118-3461-451e-8524-79e764040b96,Sff,false
bf60ca1a-1f86-4be1-82fd-10f855495265,Zclrxhgnamjemg,false
d69a5a05-5cd1-4ca4-aed5-f64bed60a69a,Ikehtiqr,true
55d342f3-c1db-4804-9cb3-471fad7b1eb4,Hxwlpytokb,false
746165a6-a859-46eb-b43c-1567e582dbb0,Wuy,false
f623d896-c4a6-4012-97d4-7732053a196d,Hplamys,true
af0a69af-d44b-4e4e-abc8-9eb248e3606e,Odaswhvzasi,false
4dbad11a-fb72-4e91-9e48-4f4c0afd102c,Fkjmn,false
cf3c6fb4-7781-4dd9-8429-93968b46caa5,Wrijleclxkwbap,false
27c5c36f-b6dc-4759-ba2b-6a50cedcd093,Kaakkvsqlmom,true
9b3e804f-edd0-4412-8827-611da02a44bc,Lkq,true
24e6a915-8993-4fe4-ba37-2b17a07f08f5,Trpcnyxnz,false
217231fe-eb54-4fe3-a820-bd60310dd2f4,Ahmgpvdvnid,true
88d11815-bee1-4380-91f8-e0267c888df6,Ybmhvbossqe,false
cd6b0895-6798-4b27-8c31-f9426c3f4ce1,Kiyfgwofiih,false
a4e39557-0a8e-4d65-982f-1a4b290d46f1,Iccyuyhxonsq,true
a7fc294b-5afc-470a-ae4a-0dddafab7e95,Myrclgrqxiofjl,false
8fd6a38c-7879-4b82-9465-f41b5e9d12fd,Wdivytvkap,false
34ec4ed4-13d3-4daa-b638-8c5fff1c1c3e,Wbxsjwiwutoehw,true
b932bdec-bf89-4a54-a36c-8d14b49ae26a,Tzdgvc,false
3f8c6f6a-429a-40d3-9b35-3bb32b9bf6d4,Msezpiug,true
ad177d93-6f46-4b8b-ae9a-16d3c2ad71af,Jwzegvbtslma,false
6d3b6e62-cbb5-426c-b5ad-4338237a2bf4,Vdlzbzamcwwcy,true
e29beed4-176a-4215-9b8a-2cf710e7d2d4,Dpfozqkixkxx,true
b7cf847f-bf09-4a84-b6f7-2feeb6eb9631,Slgfxm,false
34db42aa-d406-4c64-852e-fee0a7e8b83d,Pqaahaa,true
a4cee4b5-6982-46b3-b386-efca32464c86,Gixjktkzyovslu,true
55fe95a6-6e42-40cf-8a5c-6cc6a0e028be,Gzzms,true
e13580c6-8afc-4113-9b8e-5ebffde0a37c,Epittffe,true
3614a344-7474-4d81-bed0-75938e518876,Abt,false
5aaebeec-3b15-431f-aad3-f7ebef91ceea,Cfi,false
ad49cead-060f-468b-81a1-b2c1855310e1,Crovpfgvkzsb,false
7db2c0d0-a103-4796-94d4-0d948f5eb753,Ipczr,true
dae91ecf-b27d-4782-87c4-1edaa3696f05,Nbzhvd,false
dcf826a5-ebad-40d2-8dc9-0b2deb084fe6,Qvid,true
376e83ea-3a66-4312-a504-6f2f10bc9870,Pluibfi,false
18ceb44d-4248-4fd8-ab3c-0c59c096b961,Kjdokzcmotxo,true
2df65c0d-82a3-4927-bec2-d717ed3a51de,Qjqptnqybco,true
6d29b760-6939-40d4-ab06-e0453e55886b,Xmhbvh,true
aa8d9ede-f77d-4ef6-9392-53f57e02b020,Lewxxlviriag,false
e254df4f-d068-4880-9acd-776c7452a975,Mvmncvwgww,true
43084cde-a9cc-40f7-b5d9-28acf73f5580,Covbio,false
ca5e4709-3393-4fb7-991c-0589fe5c4faa,Alqepvqwclafw,true
b1b0d550-5874-46ec-9650-3fd49c8e8c7b,Dpahq,true
e6001167-6acd-44cd-bda1-e5c6dcc148b6,Rwzcvcm,true
778a031c-a35d-4e43-96e2-ca80a36d56b2,Lvbqeagjkau,false
7b07856a-11dd-4277-b414-bf48018ad712,Xoudioaqonyv,true
721467b1-87a2-4d09-a370-21c0eb8fb76e,Ueqqhxz,false
3da0fe19-591b-48da-985a-6f2f9625f0e5,Abpam,true
8a09f705-df20-4901-b7ad-4f5d335ab013,Teocwjxoxd,true
18d7f6bc-f933-46c9-b472-f822faca6569,Fmccifn,true
23b9a7b3-41e8-44cb-b667-26cc18c8e575,Owzkg,false
ea49ec06-9fc8-4724-8976-c3ef7d4cd6d8,Znmgkz,true
e65cfde3-369d-43e0-bcf1-698253baeefa,Aqpycnct,true
0c0615fd-bd19-4c11-a7d7-9f029ccbcb8c,Twdib,true
0ac21a8d-7854-4dd3-9bbe-97a315812aad,Ygjzuk,true
cda5abb5-42e7-45f6-8a98-cf2ea023bb19,Ohg,true
dbcc8deb-f3df-4eb7-9037-03931dc37163,Njuphvh,true
54ed546d-015d-465a-bd2a-9656f611722d,Uzoguueg,false
825e1ab7-6354-40d7-a42d-4c50219421b0,Jjmjctkxiq,true
5ec06d37-9cad-4e69-982b-b840eb97c824,Rhdyhtntjt,true
f5051e99-c76d-4353-b690-2747d1af7c0c,Mljzemebqd,false
ecf058a2-f190-4784-b08c-9afa8d484a67,Ypgzewinrzqqc,false
cd34b38f-ad86-4d09-a888-613986582976,Zfinjgiszw,true
7bcd2a71-87c5-4d3f-937a-77a5985de06c,Qjzylcqqdnebjkx,true
660b3d71-7c44-41ed-a531-9a9826913840,Cvdmemmeo,true
c20781b3-d58f-44d8-8814-8b9ce5030e60,Tikhybgxonnbj,false
c4fad96e-9c74-4bbc-9951-c69e37c065ee,Gcywckzgqwt,false
acee49d1-3ccb-45f2-88ac-c592ef5193ea,Jifjcuaxpjpihrm,true
6016ef6f-5987-4839-ba71-f65fb90c630e,Dodxammqxf,true
fa004d77-056d-44e8-9070-555aa625404a,Moyaqcxbjhvizf,true
33e10764-bf2e-4d63-94ea-8ffb1f0e9240,Chgchszqddgkadf,true
2b10f7e4-9ddc-48e7-bee7-8c968551fb41,Glrygj,false
390c82fc-f14e-4d3f-809b-67c8c7d2ffd0,Sthtw,false
605aec8d-c763-4ccd-a53a-dbb2ee5304f6,Soofpml,false
81464e1f-07b2-472d-bea2-543eba0aa32d,Rguzcjfjgvmmee,false
6a2c950b-9624-43c3-9c78-4f7c4f25e1a3,Vxsycoo,true
e9541819-f49a-4908-9603-a7bda416811f,Mumjrsetzcnybzw,true
a304a67b-c549-454d-b587-215c6fe6727b,Kctvmryyc,false
2a666701-d68a-458f-a40a-4a6978ce4bf2,Ryez,false
4d3680f7-c8d2-44d9-856a-96661da7ce6f,Spqclepwcrmos,true
f690cae7-4dab-43be-bcd8-aebb84932420,Gfvdlc,false
c276102b-0610-4a3a-8e66-38ceb677e523,Gebiwwsqwqmsl,false
b9db99a9-1254-4970-a128-a4f470bc0dc3,Jgplr,true
11209823-e17a-499a-8869-3aea0f92ff0a,Obefut,false
1d730160-d9e1-4c68-b668-e679b1d0c604,Dndg,true
787e3719-3381-4e7c-8518-9c1feaf0b18e,Bvwtludwgogatk,true
6fe7a69b-83aa-41f1-a466-f49157dae4c9,Vcvuxivie,false
f99585e4-1a40-42b4-b1d5-df95bfe996ae,Ksmnyktwb,false
1de8268b-ab3e-4706-94e6-57369135d11d,Ybjveuoksepquno,true
bb7b9f0a-1c91-42f3-9ea7-c7c7a10b476f,Xzarnbguuuads,true
3bfede2e-7f72-4c57-a544-572d5aef6453,Kpspbavnlulbpba,false
f4e7a174-ba0b-41ae-bc46-2645fe34ef7d,Osj,true
9fdcec47-1f4f-453a-8caf-fd0185045176,Ixaoruqtpqjc,true
69e3fa60-1d39-4581-9443-e18b149fac1a,Woyjlxbvxzcto,true
c51cda74-5075-4d49-b8c8-43472d3ad183,Klsegfeohhhan,false
8d7e7bc0-c454-4f4f-ab7a-4638a8e73082,Jomogh,true
b7a5882e-f4c9-4b2f-8921-07cff1b8965e,Dzf,true
29bcbdd9-3c4a-4c8e-83c6-3579db73a2b3,Vbc,false
dbc638a4-dc56-4633-b268-dfc3cb5f8238,Bzfapbknwbxgije,false
a76f84f0-12d5-45b3-b29b-a06b2ed7e3dc,Cld,false
a25b23c4-d3f9-4000-b5db-71c02067b7c4,Fdkyajxawwatva,true
bb074275-af96-48cd-bde6-728a2bdb37da,Znnojj,true
4e229016-3e5a-45fb-bf8e-3c0d1c8cc22c,Wuqdtyzdiibhk,false
017dd681-9ad5-4cb0-88e9-48e3bb18ecf4,Ehvjwonywe,true
336b0501-0f53-412e-9a4e-8f831880755a,Paiznti,true
b8d48f3e-33ca-4a02-a5a6-7b354e3ee841,Ddgotyrxgcwii,false
1fbed09c-d3bc-4263-abf3-2b278fc39936,Iqmng,false
6b643d63-ed56-41eb-9f63-6454e9a99057,Dwns,false
4232b405-e30a-4957-ae39-0cb95163d3bb,Qwicsbltalngcgd,true
33807e4d-8ae7-42ba-a5f7-b29c6974d635,Mbwhuy,true
6bf634fc-ee89-4595-859d-d8e4814fcf5d,Khnmzw,false
221ed73e-07b5-4213-a6dc-2c68722b8930,Krph,true
99202bc9-faa4-4913-bc64-3d34371ba39a,Rsbpjjjrlfnbrs,false
e02541df-1dc1-4ad9-9493-ce149021ee14,Koidlhapmm,false
83b80a9b-6eee-4dbe-960a-4bae1f2e884f,Qrngpbqcbelqjbz,true
a04bf4d3-1850-49f3-8285-24dab8b685a2,Fpujfehoe,true
30d4bc40-08f6-44e2-87e4-fb92cd8a2687,Brelloyjueedus,false
21539054-ea8f-4e45-a9a2-54dfb251ae30,Zxskkjq,true
75401d23-0df3-4c9d-9b65-80a8faee7702,Ahxxvhkfcfty,true
32671506-78a8-44c2-ab99-9f84446d8a04,Evfgnaejgviem,false
b9cbf167-95a0-4c72-946c-12f3c6c5d5a2,Xahowhrbttjtoj,false
4477c873-3dae-4f2f-ad6c-6f2b023ace7d,Fybgkqjwcgtw,true
084b5cf6-27ea-4f19-bd0d-9ba1979d4f5b,Rohedejaogu,true
05a7b9a2-9ac6-4cea-a249-45cd9289f027,Govjvlaul,false
edd15c91-544f-4e60-8a7e-70092f37d00a,Hlppo,true
3f198c8f-be2e-4039-9eb1-55face70ee0a,Kfllmv,false
6f22e79f-ccee-4c82-ae10-ff831a5ee715,Vnfoxanuuiq,true
4074662d-fe1c-4eae-8786-45be21d08768,Shobpwckscfbu,true
a859fdac-0bd5-4b55-b4cb-084b27962b7e,Itvoixksyxgdqmz,true
0784f897-89ed-427c-9174-40512e7f847c,Lnctqnwitqnnf,true
d5df480c-5d1c-42fa-b89e-f41c8e841633,Csukxthr,true
65e2a802-55af-4383-975f-f075a4a65bc4,Reamkvbjx,false
70cbedc1-a62e-4edc-8a7a-6b3dbd6ac246,Ojfgbqi,false
82e5eb0b-a09e-43eb-af5f-c2902f18efb0,Uyhefaoqpkehn,false
948986aa-5aed-42ed-8965-3b0a8cd40a78,Tdtrqqsmhv,true
7652ad33-9f39-4739-879d-87e6e1cf1983,Ycoodncicjd,false
13b56e14-a3dc-4ad4-bb38-61032f207374,Rsnebbmxmpvy,false
204cbe7e-ffdd-4843-a9c4-35e7ad7d8e45,Alobui,false
1766031b-125b-49b1-bd06-3d2e7ffb022e,Lkxahwjfb,true
6ab2e69f-797b-4c7d-bd94-3f8bcf012e1c,Ssmsjvqekb,true
8b1a9b67-d7b0-45ad-b7fc-c032268a4404,Dxzkho,true
968e7bd0-bcf6-4e51-8647-6f1ba7f31c9b,Uhfcq,true
188ec9d7-1927-4138-8b5c-9aa40129f8f0,Krxzmzsiw,true
83f2004d-7e14-4cc8-9943-6460f65b6bdb,Sljprcgllsucy,true
3c5d8dab-b694-4798-ae45-ff0bcc50c51d,Rgjyqdvgxrilwpc,true
8c5f3e4d-b3a1-4c5d-83a9-a1740a70be6a,Ahxvpmgzgpg,false
87422d31-9652-4bf7-b129-e22a641998b5,Nmu,false
d3aa9219-6fa6-44fd-ab40-3e74b688d501,Mbpkpuy,false
b5b653ed-43ed-493b-afd8-3b9a5cf99b01,Ztfderisrvu,true
84b2c841-ed02-4747-870d-225699861f15,Xnstgt,false
77df8089-9856-4f0a-8619-0a727fc60ef9,Djnpukuvjw,false
cf2fd7d9-85cc-48ea-ac30-d2fec225cb37,Fbfodicajuaqw,false
861dccc6-27bd-4e82-b553-601f4f007620,Wuwch,false
1027e4f2-c5a9-4364-bdbf-7204849c5579,Cuiwqqqadwwmk,true
c5b03f05-40dd-4a78-a160-5b94d96aab85,Bka,false
57ea7d1d-af0a-4609-9a55-ed8bc45abee5,Vbvobjpskdoqqke,false
ed69cd83-4e5c-4906-a709-f22f76b73faa,Wwuu,false
5091c46a-ac55-49ef-a955-0d163a957824,Kkruenih,true
0a693fb5-842c-4dab-b178-e060d44e5cd1,Jothotfpsvigs,false
01d89ec1-a1f4-407c-b678-1df88c00d5b3,Njficjiw,true
7b426d9b-b983-444f-b04f-fc692697bae5,Yxozhxnav,false
e5dc47aa-d607-4ae7-9448-0e8d51155bb8,Zguatizghcarevi,true
ffa04c3e-85c8-4d4d-833e-c664af541297,Fvqhtcc,true
7a77aa2a-ad23-42a8-824c-70dab28e2df0,Igsfadfkix,false
4cdf8eef-a8cb-4b59-8277-0c9a7571c3f2,Rzmifbluaagbnrw,false
3101a483-b204-42b1-90bb-55007ad1ea27,Fzlobtz,true
dc45d0ae-43b5-4686-9a26-d2a1c8cc4703,Gqjmopd,false
9808b6a2-1647-48c5-bd8d-43f6f462a022,Iwyti,true
a6aa7f85-783e-4bbb-bcc5-4a48ced2bfe7,Emrek,true
c018d3d0-c97a-4139-a0f7-aa8e6f8f23b0,Nmdmskirmx,true
bc5492a1-6d00-4d0e-94e0-40883c64e68b,Slziftja,false
c283195f-6196-4860-b8bf-39c17eefe34f,Ebspqqlar,true
4516b7f2-c4b3-4577-99cb-68a47a386de9,Pbopgsadwsgj,false
fe01f4d7-f20f-4853-83f3-85436d062409,Ocparcnzegi,false
2c872c31-8238-48bb-8c08-bc804b0fb014,Hmyjwwvxqinqfd,true
8c8c1b5f-92cd-4636-a9ca-932a2ac40d91,Blxzht,true
dff61e6e-77df-4f2c-9a7f-c831bc557557,Cvafm,false
c77e4406-6162-4439-a69a-7f282c30e455,Lhfzphayjz,false
7e9d2540-4211-41c1-bfef-89c424ba7567,Wvkkdutfmpvzvp,true
ad75538e-c8ab-4e90-9b4f-9bd5d053afac,Chyjlirictlchu,true
7815eb08-7d35-4f0f-849b-6d8539fb4e0a,Kqlldylvj,false
3591d4d0-e9d8-4eb6-9f2a-1777702afc36,Idheddyobjwuh,true
5c601e8e-21de-4a2f-a8f1-9acd1c7c3ac9,Dnuhmzujwbwu,true
667393b1-600d-4a2f-834a-149d9fb3f0d7,Qifvhyhzbvdni,false
9a9a97e1-6821-4a1d-8230-f0408876a069,Cwaeat,true
0de11409-5733-4bc6-a112-125807afcc27,Dsaknjn,true
eb234700-e6b4-44c7-8672-aa445d733c19,Ghoyjbmucimypj,true
0db0afd8-492b-4b85-884a-933518db0f26,Rtbcsclbcvxgane,false
ceaf7600-34a6-4c0a-9402-91f91d0585df,Goyeecqsix,false
9e22fd96-782d-423c-a1cf-2a7b5e1585db,Dnpavozqimeae,true
7c3e3b3b-5bac-446b-8b65-62efccadfac5,Tpqycijecvz,false
8d3f6bf7-165a-438c-b6de-0f3150f3102b,Jwebqklikgptq,true
b5a7c19a-7c24-42c1-98d4-80759574f6c6,Skc,false
08ad8432-cffb-46b8-a427-f2c955fd908d,Urgmxlobo,false
2c3cd5a4-39d5-409c-822d-dfaf7c298374,Qdfyqsnn,false
f7b2c6c7-8c19-4dc4-9115-86d5f34d126a,Bmiinwvhan,true
80b16ca3-aac0-4262-8cd4-28401f128eb8,Jkyguopwml,true
8fa01073-3a45-42d4-b028-bff1bd8fc11b,Saw,false
110980c3-a2ed-433f-9367-86ce8b362043,Mvzomcc,false
316dd193-1854-428a-83b5-05ea43ecaa1c,Cagazpdkhngq,true
73832748-e043-400c-b2a0-896fc3629946,Rngmpfkngvi,true
fbc495e0-6fad-411e-adef-83e566cdc41d,Qdapetnkddrnzz,false
027b90aa-a403-47a0-844d-abf7d1be4f8c,Ywnrlmssucsypjz,false
812344e9-11cc-4322-8502-dc906084968a,Qxwjpcwopsqvid,true
d6d06a94-deab-45f3-b7d3-ea3fee6e22f1,Xyuusliytxio,true
51f9d016-541f-4dab-9213-41972f9b669e,Dpmfqerpipdnvny,true
2bdd1663-ecfa-4a95-b0bb-148b34096198,Lqbqrny,true
dbf42dcd-77e1-41c7-b7d7-6a2b4170fed9,Kvvxlfzhufttqpl,false
41db0ae2-ee0b-4931-af0f-3a4cbabff64b,Rxdn,true
70170d93-a736-4b13-9e10-ed80836a1686,Unuxcuriy,true
205ed56d-80b9-4305-8676-635f27c726d3,Ohplfcqcdlj,true
ab257fba-17c9-4454-bc2f-07e94ef854da,Pyuvd,false
5ef24645-ff92-4247-b6dd-c166f21af0fe,Ctdtvpv,false
563ef78e-5046-4568-9c2c-fc5c7b84b594,Tdgkxohef,false
e96fcba5-8d55-4981-9be1-c93ff5eb1435,Ekorqfaqdmcpr,true
9f60d06f-66eb-4a21-afbc-a6e97ab7ba0e,Jllqdazwxnzazri,false
0cf03669-8264-468c-8ddc-15debcb43bcf,Hmjvodqdxyg,true
98924ea3-323d-4f78-8a82-6e0f96c36985,Kjsf,true
a890b2e9-10b8-496c-85d8-c9af18a31e83,Vqdcuefrctg,false
22bacae3-9d55-4ce2-a970-2aeea66f8ab8,Egyjjsbfhp,false
da35a80b-28fb-4ce2-85e3-735d746f669e,Mwjqh,false
8203c938-5854-493a-911a-9d2d2568381e,Yuvgwclvjirzcau,true
22a44d1d-f74d-4cc0-90f1-165920c2b917,Laarafm,true
aac329d8-6e60-44f0-b739-6dc3a13492fc,Tzcywcfbcei,true
6a999c15-0f0e-4d9d-a7e6-59e9a8c29feb,Mdpvjjcuh,true
28fe5b11-7803-4f85-afe8-a9211d2cda4b,Iikroxth,true
b00c07d6-0c32-4515-8c29-f57421d353e7,Mpl,false
c642baeb-af32-4a7f-8977-af482b740e66,Awygy,false
3d87d221-fb41-452c-9ecd-47f9bdffc474,Vosrtzhhwyyg,false
e5a72de6-46be-48db-b63c-b3a210286d45,Hbq,true
3f3c8991-0615-4d47-8177-c264d0adcd34,Itp,true
4991cc82-a0fa-40f4-9dd1-95865e950eb9,Mrszgqxw,false
2342289d-bb49-410b-bf05-06b97159fd3e,Cea,true
418b151a-0a6d-496f-98fe-71ab27548015,Elkaohizrggfnku,true
7fa4713d-efe0-404c-b062-e857f21a41aa,Zovgdightwzjcmd,false
b285a163-b668-47e7-bb8f-cfbb36c9db63,Vfxjkrhe,true
3b87c779-bfa7-4c02-9454-6154a981c78c,Ofvvzkkiu,true
63a62f4b-0fa7-4168-adf6-78fdb744b9d2,Mrdhftqftpwfx,true
ee4ea662-b87d-4889-b5bc-ad948aa05dd2,Htnrf,true
fa61cd42-24b6-494e-b877-9e5b4d6b2fd0,Shsdge,true
7440c2b0-4590-4db9-8439-ea0a1d6d8c0e,Hpfskh,false
c0386347-d4f5-49e3-8649-20c83a6b801f,Kiifw,false
f21897d7-7df7-4408-8c85-1e7113e4c707,Lkvzjxhdybaly,false
377ac1d9-18ab-4662-b23e-bcdc397512fa,Bglcwuasggj,false
1ceb3978-2439-4188-83c1-e65224b0e6f5,Nlongmofbhdpymc,true
0f554b8b-7456-435c-a0db-d1ab36801551,Svyftdpxsy,true
3f7be9de-92bf-4969-8156-632923f666cf,Bpczmzeh,false
7afa8e64-ab67-4a64-9172-714c4bc91645,Hmhmeucvqys,true
07b4b021-8d19-4610-bb9b-6da805c8aba3,Ojm,false
f3a6d186-e7d2-4b4a-b62a-f73462e1dd69,Ixfc,false
fe4aa95e-a154-4118-8330-11bfe91cd140,Jzchkuxhzn,true
f07a4639-a1d6-4f2e-ba1c-4c684c5c549a,Mxng,true
022ad8db-1014-4ca9-8b3c-a38b1b248cc3,Bakiohlsz,true
ce7f9a5c-5d31-43af-ba60-bbb5ef3d4ffe,Nmqlx,true
ae2abc3a-2b32-4e2b-8dd2-882a2a97d764,Ola,true
615ca322-abc7-490c-8981-a0c83f17ca5d,Fxnpvwmmzafkqie,true
13491b43-4a8c-49a9-8931-29f9494b2ac1,Krfwicqd,true
534be148-9bb6-485e-8727-ac5cd335782b,Sezqalbbl,true
5c5cbce9-6f45-4e02-b955-5ec5191b3a0e,Awahggmykh,true
3bdba44e-27ad-437d-a754-e267af6b5146,Uelawz,true
0d0e97fb-dd81-4734-8eac-00786c59198e,Ytlswbd,false
f728d88b-fc29-4441-b324-637b9c51f5be,Kfutci,true
04bcafbd-7c55-4f51-a260-dfae9febd468,Vbkqo,true
90e039a6-9995-4687-b820-548e8d2b1014,Wtkuvlp,true
03cbb27d-3ddb-4c23-899b-5fc5d2fdeebd,Apfmyxlhnl,false
8e6ac742-aa32-49a6-a680-1991d8be7698,Phb,true
fce68998-7175-4fa4-8b08-c3ea8c9ce3e5,Ntjcul,false
bcb05137-41b3-4bc4-b401-39681cece358,Jzijpgdy,true
66911bb3-3748-4c31-9793-36e8761dc1d4,Tqizhguow,false
d9520285-a57e-491b-a5dc-d3e4d302af08,Pdnzu,true
ba3d0350-1089-421d-b853-6a12d27248fa,Awe,false
f25b34b9-b601-429c-bd4b-c41887c2e1ae,Psh,true
83f5529f-b386-4c30-ae0d-45125865fd5d,Wrvmxbezo,false
86070b09-f899-476f-b0b9-b837a6374ed7,Calqsdpnqk,false
347a412b-fa3f-4854-9bd4-ca33a8d89b1a,Kxczbl,true
c099465f-8cc6-40ee-8dea-e1675973ff18,Xzqu,false
e7d5cb8c-29ec-4845-8faf-d2ef6b1e3561,Swcyelqosgtpn,false
c98a792a-4c8f-4648-a976-0d4d0cb6f537,Vsbgofwwpauoo,false
dd8d01e4-1993-46cc-b0e7-e609a139aa09,Dqzgdjhvsj,false
2f49870c-8941-42a6-be25-221d930fa526,Auqxgckuv,false
e1c33ac2-b9c6-4935-8d0d-0d032c7b0838,Dhenbx,true
cf8fe668-4363-4bdb-bfc8-5db4fe981a19,Yfzxjnbiayjbhp,true
3a5124e0-7f72-445d-a7a0-5c9ba3c6ba48,Chlhlwoudgkw,false
ce2e4ad0-c067-4e78-93f6-4a567286b07c,Mqzunnvwdmawvnl,true
eed3b0db-dcfa-4805-a171-71594d3abad3,Ehkiggyz,true
5b8bac28-f2f7-4706-bfe6-45db4ed4d19c,Dcbbtxr,false
84864ae6-c2bd-4ad1-a91f-a00ec675b846,Ninxwubcljal,false
88fb1b76-b5d9-4e0c-8438-bb49b8faaa19,Cocyhhzqkhbba,false
0724a12a-776d-452b-8ae4-813160074794,Tje,false
347a100c-b943-43d4-9f67-e97326416130,Ipkqecw,false
4e2f0015-cf65-478c-9ebb-4e9a92f1ea51,Axtcea,false
dbafbdef-9fbe-4a90-bbc1-f9fec1485b8d,Obomw,true
594fa8d7-487e-49b3-b241-9e414894dc19,Nkirnemxloz,false
326e8cca-0010-441a-8f40-9c68b71bc2c1,Eryjtohzblshm,true
bf79d80e-6e71-418a-a22d-1d3e68bce15f,Okchzm,true
3afc10b1-170d-40f2-b706-9291e3702be5,Yhfynyg,false
062ee537-8571-4bce-afe1-190e4aface56,Nefaic,false
0c12d3bd-7bb6-4558-9c43-d07a2073f6cd,Povqqfczpyimg,true
c5a3488a-891b-4b88-91fc-39348d24df07,Ejfc,true
cd1b7117-c051-456a-9ba7-f982a3b73ff7,Szy,false
9c44b6e4-1200-406d-9113-e2d213732178,Isrbeatypl,false
7d655154-006c-400f-bd96-e6a14c5477b9,Vebfq,false
6b9d7c29-f9fb-410e-b18a-e648cef62848,Rbykeama,true
c2e13247-7304-4941-8d60-14c1adc7114a,Pxf,true
9e5469d5-17fc-4cf6-a590-7914fd1fe513,Zhiq,true
0898fd72-65da-467d-8d22-b7d05935b8ca,Lqpnu,true
45b06fb3-2728-48a4-a0cc-39d800bf7d10,Odmm,false
76deff98-cd18-4754-b2bf-5d2ba9434e91,Qqlrbgwkm,true
ca068321-e0f2-4d90-94c2-7c05624b3798,Ttvfltbbxg,false
790e57f7-0fe3-4136-a0f3-8ea9f48d4fa3,Tyjyhpl,false
f163f049-5815-490a-924e-2d46453b4c37,Wvaehxgthce,true
42f0f49f-3065-4b72-8def-4b9c453328f3,Xjotvnhtp,true
f6552373-8f0f-4a52-8fa2-5c6e3f39f335,Cxgwdvtdngtp,true
64f8d411-48ce-4027-9ced-500743f5f298,Fgxnjvd,true
7b5db120-7915-4bb6-851f-afd2e5baa3a2,Jxsqjekyauqqnlx,true
8074e6b7-206d-4235-8a3e-63f80610bb53,Lwod,true
444bae1d-1149-4d2b-8e69-50bc4c107ce5,Ayjbzbgbftot,true
5bf80604-b259-435f-8ad5-6e8d559ed936,Dyow,true
00c47be7-b62a-4785-b39f-a8087bf365de,Hfbzdmqahd,true
fa4c4f7a-0c7a-4790-933b-189f323caac9,Sbagoglykhevi,false
d65c9bc3-f28d-4b0e-95fb-93c5e3c2842c,Sdmoyd,true
1238b891-a863-409f-bebd-7243af273600,Jekcyxbxmae,true
97758c40-56cb-4bea-b256-9d9e672d64b3,Ksllksqmjwi,true
ab82ce06-3d7c-4ef5-a84a-af0427131389,Phyprifr,false
16bd5ad7-e969-4bcf-aa96-212bb227afa7,Qmsq,true
6845fbba-2855-4bde-94cf-6286d7d9bf4b,Oelwwemsqd,false
f91ca255-9ac5-4f08-9a9a-597c29c6f887,Zoep,false
058ca11a-02ce-4a9e-96cb-a3d0d912e814,Esrjxybggqdv,false
ec46345c-b708-4858-b79a-26eb1d53efa1,Ihsthabknigbelu,true
2a77c0d0-7b7a-457b-92c8-305d325007be,Vccjkgxafuzh,false
eca7ee7b-345f-4233-83ff-a974d6f66158,Eezlinumdyw,false
744927fb-1a98-45a4-8c7d-6060c2484fc3,Yezvv,false
0be37f19-9076-4cc6-b9a2-e2e6bdbd1430,Wrptnimmbkgdtq,true
b4538614-d9ba-4fa3-a6a6-56f70ac0762f,Tuymzmh,true
b138ab1f-fe84-45c3-95c9-e19b39bdfd8f,Kfvgc,true
00645a19-2fd6-44dd-bc25-564f06aaaf99,Xvp,false
e9a98591-21db-4bc5-ba81-c48027756506,Azcuf,false
11ec1c4f-fafa-4832-9908-0ee7b50b8cd7,Fsbnkqiupc,true
bf27d4f7-e622-4c74-b313-aacd585468af,Nzthyqvut,true
d80f0296-c273-46fe-b779-45b65116369c,Pvdsqmr,true
1f008ba9-4f2a-420c-8ca7-d22eff5a432c,Smnxqjmlkw,false
7644eee3-389c-4342-87fb-5a266ca18fdb,Fyqsm,false
fc3c9c2c-5fd6-49ae-8398-1f93a19ac6ec,Ainyn,true
3327046d-6fa2-4e86-872f-823600673b21,Zbdweyuwwnzgy,true
cd875c61-25a3-41a0-bf68-92e794531523,Vckrzwdkv,false
5a84ce19-bd4d-4ce4-8ea1-ea9d8ef64791,Rrhvbjqxqfjeet,false
4e7f3d90-1632-4717-8336-cde55df044b2,Mczcrjcfaxclh,true
a419a956-68b7-405e-ab2b-71495e162ba6,Qaf,false
f284dc8d-d5d9-4fd9-8d13-3366aa69a6b1,Zudmbuuxflljjxf,true
b486f9bc-7f12-4936-9587-6118831ae259,Ebjx,true
c56b6dd4-6bb9-4bdb-89c2-6e3a1af27f3c,Stx,true
e33bee45-7372-4e7a-b1d9-c1019fb6ae37,Rokbfqefqcdeya,true
d1042519-eab8-495a-94eb-9826b7368580,Nrkddij,false
e9b741c2-fdee-4a9a-a8d3-2a12886e7db6,Subvaf,true
63358155-5497-467a-aa89-f2a9ea844319,Aii,true
b23407b3-c0be-492e-869a-7648517729c6,Lfcgbifhikxts,false
ab7135a4-d673-4fa8-8127-47643d579d1a,Usekbqaocgcyd,true
4f89207a-7bcd-4389-a795-9673a1c9fa77,Gbfqpnonqbly,true
3cb016c7-b6bd-46f7-83d9-11832dde67a4,Wnloogmgqhgq,true
66623d3c-9a4e-450e-bfdb-241cc61b9d5b,Mbuamtni,false
6baa81e1-871a-4d95-a100-1dfe6f0bc5b6,Smqkodek,false
662a5898-30ea-4413-89ae-754516656f68,Blqypczsn,true
ccd51de6-5e8f-4912-b054-f02367385161,Pnxdb,false
da099fbb-adea-44d2-98c7-b62cdae0b1f1,Mgvzwoip,true
afe1b274-9170-4ff6-aa0e-c540f1491d78,Wgoddbvn,false
05fd527e-b58d-483d-a833-8502eec78873,Gfponllk,false
0af03051-72f7-4cf8-a0bd-b82f4b2965a8,Fdpecafug,false
1080d1d5-f01a-4787-b341-1fe15c75b223,Pzzhtiqdkr,true
44f73f4e-b16c-494a-bb2e-373c72c90bbd,Gvdlapyzot,true
67b90b4d-0e4f-4f59-85c9-7bd69c58b625,Xrevogrbhzuapm,true
400b4a20-8d4a-4cfc-9342-67924ec0751c,Gcwmrkeoooyd,true
e6bf8d80-ae41-42d7-a383-ec0c45762f10,Xxrsunjw,false
be941202-bde2-4229-afb6-d2eb586acb79,Yve,false
a51f1b91-7001-4070-ae98-1b5477323d13,Wfmqgfrzybxtkaj,false
f5370466-c895-4ea1-b900-7ec27074977a,Ksyjlevfpkmhews,false
bef4bb9f-d43b-4aa8-9568-8ebe0f787a75,Rsv,false
6e1f7607-f47e-4169-880a-de1d3dfc2edb,Jbcqtnxwbvrjs,false
0ddac99c-7994-44fe-9151-e68e1bef5031,Fkhiowawdq,true
1880ad09-a546-4029-ae68-f6598085dcb3,Xhigbpjoix,false
e08f7071-63b7-46b2-83fc-8edc7a32a16f,Uvgngpujxmobdk,true
1f985b96-13b0-4708-9e91-d7f5636ddf0c,Qdnl,true
5ee2a4e5-36b6-4131-bc4e-d785c230734a,Kwzibsubsj,false
86aaa1b3-d55d-4fcd-bb6a-cd0171af01a6,Szusrpue,false
b46d162f-d390-4310-a5f4-e6dd7b1e676c,Ihpgnwg,false
8fcb6ab5-b204-41dc-8ef2-16328ba3652e,Jmcbebwjfhldg,false
0b373a49-4e89-434a-bd6c-4adeeb07a6c7,Nqnbcxf,true
e0ed7640-fff9-4e3b-b649-57e8c080d892,Wdgusroy,false
cc6bee2e-84bf-4752-b808-fca4dc64235e,Efynp,false
0c864eb2-c64a-4e62-8dfe-6ad00e8b0745,Wdmgjlvxwjjgtr,true
cc39160f-d1fd-419c-897c-ac9eee9dc80c,Olp,true
7a222caf-a104-44bc-a368-3832e62e16fc,Akudvpxgvb,true
b85d4c2f-cf5d-4d87-86aa-871e78cd6ed2,Gpxkxyikb,false
9606f82e-38d0-491b-b15b-0aed4b32ce2b,Ightgsfnsr,false
77f186f0-27a7-48c2-949d-fb64c0c7dae3,Asheeq,false
1c49b49b-680a-49b9-adc4-ffc34bad1dce,Kofge,false
6d6b5f13-573e-48e5-8b82-8930df9f7908,Xgz,true
09aa6f3c-3dc2-4d84-a5e7-c1a7ac5c7a44,Oyurggvfyodekvg,false
38c3a3bb-5582-472c-9719-ae6df854ad82,Tprjwctvbyf,true
ef9a2f7f-2ee9-4db3-8b40-b4c6ee1770ca,Wgxxj,true
e5ca66fa-3354-4007-bc7b-60215a3f3eb1,Havkbl,true
7c2170ca-83f0-4135-ba09-97203bce1cc1,Imtzcgznllpeaql,true
03a8c022-5e2e-4246-86ff-cd583d2bb8dc,Qmofen,true
024fa512-55c4-46b1-8596-94371237806b,Kuksrpgioblbazj,false
980ddfec-0f1f-4fa4-8ca6-45da0cc142d9,Ebburijoolba,false
dc6a4a97-eed6-4224-8597-d4209aa6b1a7,Fasq,false
b96da580-e90d-4dde-997a-d3ae84697857,Glpbfv,false
39aa9630-8ad7-4b48-a4e8-526dbcc6999a,Zrztiginfmm,true
ed63c5b8-85d3-4ba0-8fdf-35722be0c8f9,Txutijfhuqqoq,false
bfe84a10-8b20-4a74-8b04-18da35c53364,Iatcldexez,false
d5f5a3e7-5acc-4b7a-bf32-2910b625d113,Fsgn,false
9bb3833a-c6c7-490e-a31b-22a317c31f05,Jikx,false
96e4da3a-3c6e-42ab-a389-1a8472a2f40e,Audcvqfnufshyw,true
33ec6ca6-0962-4eaa-b289-c69afd706db5,Cjrlconufv,false
3de6bd5c-851e-4baf-8f53-9605bcf0fe9e,Ztfebsxwrwi,true
ca14c69d-08e6-4b8a-ac70-8589d17a6d6f,Lnxftlayqe,false
fa9ca13b-94d8-4963-82b9-e81b2a1e1223,Snuhrd,true
1cd7287b-ff74-4579-ba01-3846cdeb4b0c,Gucqyuxgff,true
c3414228-5aa4-4e64-b013-d607df1613a7,Cggmqftmop,true
f3c98fd5-e227-4b63-83c4-3f20a6271122,Kyrwiwociqjbrnj,true
f3fcc97a-17d5-4b4f-aa94-e182789cf051,Ncaucq,true
c55f1b2c-9f68-44cd-809c-ae02d278787f,Zlzjodjapu,true
79ff8bf3-c63a-4d1e-9d82-88ff1ce52f71,Slphvephk,true
5a5e7106-73ac-43c1-89db-f086d38066b0,Ycsrmgkr,false
f4e7bb91-6daf-4a07-85dc-e1802ffa3814,Vfuyzjwjpkwi,false
5074c112-cc79-41a5-b123-717a1508b2b9,Hpgcqr,true
89adae79-54ef-47ca-bc09-bdb937790f73,Zkveexwdt,true
b3e7166b-b136-47c5-88e6-4807371c2ae2,Qguauwnx,true
e2f00f46-bd3c-451b-8722-f1ea0a70d1bb,Stfaaexxft,true
846f0da4-9ef5-4724-83b7-c7e78fa48a95,Fzybigtvajbqw,false
6d68357f-7063-4a47-9982-3268f6cfc8f3,Qatwkjzaopc,false
c4d57a1c-041d-403e-bf1d-14a1046542a7,Fzllaj,false
490183aa-6b4c-49d0-be4c-af9f012c0408,Nvmw,false
761edf7c-61db-48a3-a333-35d9a2fc5b3b,Rxxy,true
efab9dd1-2b9d-44b8-aa00-e7e07e7d9909,Yszwpnjnqyphkca,false
c350a43b-7339-402b-9a68-29b101166609,Thjqxfgbpiacqs,false
e97b7cc5-3707-4f90-a503-6529002f9943,Bmrel,false
e1599f55-1f52-4337-abd7-1e13756e7b99,Jvlgvclg,false
f6e1c541-bbab-4a92-9da8-2cb7411c72f2,Cqswjbz,true
8b612fc3-2a5d-4e72-9f0a-0b39e46095d5,Uaktgucmylrff,true
ef905885-f788-433a-92ba-fb16fa59306c,Khki,false
2040f03f-b90c-4391-b7eb-fddb07e12c97,Xuqq,false
724d50c2-a5a8-4b45-ab2f-b66d9978196c,Ftdvxxtrdnlah,false
f6ab89be-8b3f-44bd-99ca-e5a01d39c842,Otpiim,true
8a6da13b-7f1f-4b01-bc00-3956089b8140,Won,true
7fea0e1a-7ed5-4b00-a4ca-0fb2e76a3c10,Kouwykyywk,true
06f731d7-f2b0-4323-8be9-d2895ce398ff,Anbgyflnanhfl,false
bce61117-bec4-42fa-b64c-5fff90ce9680,Oiqhlty,false
b9954f5a-841f-43b2-a1b6-6206fc53d80e,Sxedyjufs,true
125c3674-a79a-4b1f-91f4-4ae2675c90c1,Vgnjq,false
2f2226e9-b8ec-4ed1-9ebf-a628bab0eb7b,Jykgfbkb,true
136a9eba-50f1-4eb3-b16a-ed50b0474a6f,Ccl,true
3dca5955-fb52-485f-a1eb-af0a4e557c89,Ftwwtvn,true
c0a8faf1-71f1-47c3-b6af-23373e95467a,Ygmytljfamib,false
a3f390c0-ce43-444f-b906-2b5863f43f9f,Cijjzwkripnh,true
820a887b-6ef8-4fa5-b076-fb85963cb0a1,Zadjt,true
1a5c7ae1-ffc1-49f4-be08-497790252fa7,Syqxa,true
57a6b954-5338-4b1e-9132-2d0abc92b7bb,Buhahtijr,false
8f6a79da-24a1-4983-a237-4e053c45910b,Dsbrdsf,false
c01c9284-9df9-46ab-ba5e-0025b4df2bea,Fjc,false
bd75fa4d-ad55-407a-8356-b769c6aec923,Iugyitxmfmgrl,false
6ca28bb8-3c9a-4ad6-9f2a-f4896d08818a,Zasibfnehkah,true
ef157fca-c3eb-4acf-ad89-3eaa603480e2,Ownxs,true
a19c00a2-3441-4ce1-9103-226640032024,Zwtkpnn,false
b05ef7a7-46fb-4f99-abd4-b39a51b24ca8,Iadbczztsbpv,true
b4fb872b-fffe-48ab-8ca9-45ca6bcc0c95,Uwtfh,false
5f6316d6-7b04-4b8f-b972-4013089bb7ba,Vmsnoougdfew,false
3adb7aea-b6de-42af-aa02-3e7b45755b81,Lib,false
388701d7-f5eb-443c-90ce-932c29843b09,Gobtqry,true
29f33d4a-f1d0-40b0-82e7-e756edea67b9,Heogpzc,true
19f5fde6-03d9-414b-8e98-301b1fbbd9cf,Akikdxyivvfowgl,false
d5afdd7e-4054-4b52-aacf-b42f86f16c98,Cwdwoblfblrxp,false
979e2836-6408-407c-9acf-4bc662e7cfad,Belvxdvqgruzsar,false
8a0ba183-4a38-4390-ab05-293c09c340f0,Vlbzkv,true
f7c1626a-74bb-490d-be20-b8fecd5488ae,Bnuaypixxyasvdx,false
5523f9e7-6325-4d15-95f8-6a2e5e3dd486,Wbcxpf,true
8b5b147b-702a-4a41-a0e1-1e3e360737f6,Kufzomfgyokp,false
3a0eff35-3c2a-4259-8de8-d1daa9b46dc1,Whdbzkdmupso,true
ae547c73-bdde-400d-abc3-bbf508ea6a1e,Pogdqqsswgrpj,true
f977f1be-da9d-44fa-a199-39a839903b14,Psed,false
ea16488b-af67-4d6b-80b8-69bfe42b5cbe,Asjau,false
f9c59530-8754-4f70-a574-a37ad22910fa,Biqboestxgdip,true
85b15d97-a447-4003-8fe9-15b6e79b4aa3,Lloavhaposwlq,false
7b139495-16ba-42f8-989b-0bab3c338207,Yvl,true
33d8730d-d04a-4c87-a723-6accd31eaa98,Xsmpq,false
cfaf1e32-1c67-434d-94c0-48cb2b1a254d,Ejnryswtqsfxnm,true
857dced3-3514-4997-ab7b-a6ace10c17a1,Kcon,true
31f5ea83-d9da-4513-b464-7a8e27b246cf,Xxduaqfsadg,true
cffde477-1ea8-4fcf-95ce-2ec95c19b195,Xykclgjxzccb,true
e02115d4-93b3-4f75-8be3-80a05c2a0ca1,Abityxitemmu,false
3c570e87-8b51-467a-9a03-5dce9925be3b,Vvoufzlem,false
17dd7b0e-cd37-4e0b-bcae-39b9791a503b,Bjrrecz,false
da9bb07b-4650-409b-a0c5-9c343add4391,Hmehxrgnfcxrv,false
b814cab0-f490-4145-a983-2c6afd50fbaa,Vabptghwwhwlbp,false
cefcadd7-7154-4b46-9153-7820d03fce3e,Dru,false
50083380-41f8-48cc-86eb-5afd0edfc1ed,Qgrrpibt,false
db28d968-3e60-450b-bf59-365b347309f8,Dsnuvzagvmbf,false
e025c8cc-d0eb-4385-8aea-468a758a09c4,Ylwscmqznqzbldb,true
109ecbd6-7793-4c65-b202-57d8f64bfb96,Cfelow,true
1d9a020e-f4be-42fe-8878-fa98959c8263,Bkehylgfoc,false
b4684d3d-fd11-4885-911b-175c896f647b,Ejqxaonuenwlz,true
d1a6eb29-5838-4668-9633-5ba0ad5e8806,Qfuxxtpunk,false
5f75ec4b-384c-4424-8492-5f9f476fc24d,Zydlpchxujr,true
cdc772a7-76d2-43ba-ad7a-e0f07a5a2861,Nbomfrd,false
8a8dc5be-256c-4759-a604-bbde1beea048,Bgx,false
1810dc85-22e5-4099-931b-00508f7659d5,Tggnvajhlgytjg,false
3dc3ec4e-ee71-43ea-a832-20c0e677d8e5,Abjecwoo,false
fad509a8-2116-4090-936f-3846862276bb,Uggsseyajtcke,true
b024bc74-a6e7-43e3-8477-47167428a8bc,Hxjupnpawejw,false
2de8eaed-0f53-4185-9a27-585eb681a04e,Fpzmndulbfxi,true
31e22ab8-94a0-4cc2-b18d-a12a96057ffc,Sfhzbslzxyv,true
8fb9c14e-987f-4690-86b2-2e4ad4e1a02d,Cevfekeixqffli,true
807d481e-7285-4f36-8961-730a0a8f3891,Lodwqxgaih,false
8f78811f-4df2-4722-bec2-80c834f060e1,Luhm,true
7e6b418f-6bde-432f-ab1e-63cc6686e4a5,Tvmwnxixcwool,false
fdf1e9bb-0072-4f5b-bd2f-a770531e826e,Och,true
54f5b847-268e-4994-9c4e-7f42801fd32e,Rgdt,true
3d80fbf0-123c-428a-94e5-b490854cd959,Azufz,true
f81bc4e0-c98f-48d7-9132-7810e3959a4c,Kzabfzfx,true
f3c66ddb-4532-40f7-b8f3-2fe9067a75d7,Xidkjxmux,false
aee4caae-46c0-4502-8d3e-ac14f38ef08b,Goehrrmfkzli,false
116543a7-4e49-407f-8b4a-16d4e75bda2e,Brfia,true
7b9d48bb-4c6a-449b-abcf-55e3cec5eec7,Jxjmilkp,true
84c8f57b-85c1-427b-bf0d-16e5202f7ae4,Pav,true
e87a5fc4-0f80-40fd-b27c-80168aa9c1d0,Wcgiupcqkyxh,true
39a7acf4-6b98-4494-a4c6-e60e07807317,Ccrbmwiryxeuqs,false
f532aad9-bc61-4c97-9e60-2ef02c489a06,Oga,false
c1291a4a-e9c4-4267-87b1-e64f409d0204,Bkqqg,false
a55bd4e8-bd59-48ea-ad5c-ffd21a707d09,Xjvnpnhdmovhzp,true
578bb7e8-e7ef-4ad1-87b8-eb1df68a8cbf,Iyriwkp,true
0c966b01-5597-47ef-9e7e-863e59982d25,Grtsu,true
19803d88-d27d-4398-96ec-495317af72fc,Rklp,false
6d11390e-821a-4d22-8611-50758f1d571d,Wozhgwqatqjdd,true
06e894da-6d11-4dc2-9575-382d61f27fb6,Slgbxieqj,true
a4bdc0c9-1304-4851-bc25-e078a854ecdb,Vviozulhfxxlv,true
7d1386a0-a130-43b7-86d1-8441674d69f7,Wsnnxglijvqy,false
1d2e9883-cbc1-46e2-9810-c921e589680a,Hudvjc,true
0bfe67e8-4be4-4d06-a25b-1f234dbe873c,Ejcfy,true
335423ca-a2d3-4c3e-89e2-bb93f61522da,Twyrlteacaed,false
7ffc0e6b-f810-4f24-af10-6a67cd73f650,Gmstcngrhjxkxqx,true
58db5235-16c0-4a42-b6e0-2a76042f06b3,Ncqdubk,false
87d91293-9181-47ea-a877-7b0c15296f6f,Wzsduit,false
7f8905a7-3a07-4969-ab98-030281b2e75e,Sbhzezgw,true
70d38fd8-a8ff-4f2c-83e4-e2de4e570128,Tiktvcxlve,true
e6152c99-96ae-4470-85ce-1d541c84a1c2,Fxndoyjubylhe,false
e1cf6f2e-dd83-44ad-9961-8ce4f4ff2079,Qdslgrrdka,false
f2ad1553-d3b5-4b2e-b96c-07b624899449,Grkcv,false
2ceedab9-70c5-455c-b571-5e901af0700b,Pwmcjjiqek,false
dd06ef94-2fad-4df4-9c25-76c7eb72bcbc,Mwjo,false
5077df82-41f9-4666-a939-3efacc8e536b,Vitnw,false
f1c72f79-b177-4c0f-87da-198fa2462aa2,Wvnzknttx,false
e18527bb-91bd-413e-aecb-bdf914b30e2c,Ilecsq,false
d9234300-7ca3-46a6-947f-007db0cf4dcd,Xkvbvykblyxfrqh,false
be7b81dd-a9ce-40e7-98fc-a31068a07823,Dlkafztzzqsri,false
3e7a6a92-0e2e-4f72-805e-a717ac190b9e,Jrrjhnbxsommr,true
eda3b1c9-a482-42be-98f0-b734352142e6,Zai,false
bc59c392-89fb-4b8e-996c-c73359c99042,Yev,false
d50e1b25-4ab9-4167-93f0-706533fad9bd,Lqqqhny,false
1cfc1ad3-eadc-48e6-b2e0-75e4eadced9f,Oraxamprwlyu,true
cb68acee-fb03-4cb9-a2bf-9a80ada123ee,Iwkvzk,true
f0f746ce-ea6e-4830-bbd5-9c9f7dee6163,Nbib,true
a5cae22e-95a2-428d-81b6-55d1e1d3c1ee,Wfmsdhpzlpgu,true
5165fd2d-6d60-44ec-b46c-5b26c7c32d41,Dngozn,false
767e795f-bf65-456b-9dea-807c4bd4612d,Gyjdjtpelh,true
f4a3a1a8-6d80-473f-a5ff-161fd4b381c3,Kmpggdv,true
fd5615f5-7ecc-48bb-bb85-e02b759297d9,Dufkzh,true
5a06d0fd-33c2-4c12-b6c7-a0c1041f3374,Zcszsybwhbsq,false
1a6e4ea2-d4a1-456d-9085-ef09827205ea,Wlgyuy,false
376f4867-a9c0-4510-a57a-ead734e9f2c7,Tsoyajnuzzspqi,false
846c57b1-732d-4023-8a66-4b6288de24e3,Xvugsoeyvz,true
01f14cb5-e095-4321-91af-c63e2c05cb68,Psudh,false
b9031e5b-bc51-4162-9c26-845bbcffe72c,Bsiullo,false
fce45f7c-6df7-4a77-b085-563771e25922,Nqjcbojnjreyx,false
9d24788b-4657-4f5b-969b-f66e990bfe69,Jhh,false
3cbcde87-84d0-40eb-94f9-74ca5077723f,Rsvubrmx,false
b0ecbb3d-6f18-4f61-8bb3-dfc5231662d2,Lumhyu,true
86e68884-c0b6-4751-8cf2-dd19affa1432,Ccvjx,true
7ddc4c94-beba-43c6-a6c0-a1e0d0b571b3,Abeitwyxef,false
15e1d858-e002-44a1-8c71-a3453a0188f2,Jxepqdlxbff,false
b7cd1652-a4bd-4d4f-9223-3681f1cbf7b7,Cnfyaxh,false
445bcfd5-5931-40fa-a5b1-033904b68dc8,Sfmgqbruzf,false
354629c6-399a-42d2-b700-a4bd34604c38,Ysjfjzvjva,true
42ffdb19-0bdb-4282-a478-6f445da4ec38,Njtkdzxdicdbk,false
bf74fcc9-dc6a-4fa7-8dac-f77824f5e618,Iwyrtorwwzxn,true
21a6e0f3-509a-4eee-9b76-6de6991c0d8e,Cplvlsjyctqk,true
d613c836-f6f0-4327-8ad0-16f22e65cd14,Fusnp,false
3381e92e-24c3-4503-8d71-ff9220c61c09,Rjtxcxvjpiiys,true
2fa03217-5a12-4685-905e-ee7b4cbef388,Ladsveflypiy,false
d27ecd05-483c-4ad5-bd88-8621b77652a7,Syjdjpzlaerqc,true
4b51bf09-27c4-499f-be75-10919e95761d,Gtf,true
5357fb12-788b-4ec9-b946-6ecf688494a8,Oud,true
db43f8d8-9258-4a03-ab89-c28b4ef18428,Kpoettwsymj,true
6d7d4333-f662-4326-9309-71415ae70ace,Mvmguwb,true
364483fe-b9ae-4d97-b61a-46c86413ed76,Ryn,true
4c8eae9b-ea1a-436e-bbad-8c1ecad78919,Wkv,false
725c2971-9455-45b7-ac4f-03c1074716fc,Gffmccgpwfp,true
486e4dab-d68d-4b31-bf5d-23716d4431b6,Kgdsqjwp,true
7a12bcca-7fc8-4549-a7f7-78cdf1510110,Qnndtkmtgrqagbg,false
01ad700f-c6e9-413d-bf00-7170d00c67e9,Usimjqzzuduy,true
ab6161b3-505e-4241-8191-2750e510a6d3,Zzm,false
80d43e97-77d0-44ef-9743-0111ed9481ff,Uquszw,true
196ea6b2-e30d-4d6c-9de1-8fef95b6704c,Yjfxv,true
c74ab409-954a-4976-a816-11f2668ae77b,Rohaugxl,false
5012f3f8-96e4-462c-8570-88e0c02fdecf,Hosg,true
38d9ed2d-69a4-4bf9-890e-55aa68816ea6,Moaunludrzn,false
eaa44ed6-e460-48ac-9beb-89185a9b30b6,Sindrl,false
d8a968f0-1842-44a7-a48e-859345513761,Iwzoonlejspau,true
de56ac63-a207-46a5-939c-7f5a4efe7315,Ltnkuuzekhvgcaa,false
5cbc7994-9327-4c70-a818-381ea27ae38a,Doappcipa,true
7aad8477-3310-4a9d-9d95-c8db937b53d5,Zlbjqaq,false
45742038-b105-41e0-bb81-2dec405c4526,Ggeclrena,true
57377cc4-38f9-4214-a127-b0a97237fa9d,Nyrp,true
20c664fa-f6d2-40df-8ead-602970bd4622,Qzrwcpdbrekcmlm,false
c9db0894-6233-45bb-9645-84a102ff1ee4,Zjrngjeijdf,false
62ac6a36-97c4-4cae-8087-11c8141e857f,Mwhrod,true
b1516171-97c4-4d0a-a8c5-4a7106d6e097,Mtffwjjrwbigi,true
2877b7bb-39ab-4949-8f85-e5011e3dee92,Lwtjqx,true
a8f2db31-192d-4ca5-bc78-ad2d7c9d050e,Psngvbim,false
9da294b6-d252-4be9-91c5-dc7915ce4858,Abvvob,false
4c95596c-4c2c-466f-a2cd-f65cab82504c,Ujiit,false
adb63fd3-3027-43c1-80cf-44aa201c6493,Eynkhpudugaw,false
25c9261f-a59f-4823-b5b4-a410254333e4,Odehtxkaszty,false
5550ba6b-a6e8-43d7-a8fa-0815eedcdfb3,Ohck,true
d2b725da-4589-4692-8897-e65197443f65,Zybsigrogug,false
f0d95fb4-7a93-4568-afe2-678af42022f4,Eyqewkbmtkgunff,true
84302f91-77a5-4cdc-bc9e-6b1dbc0c37ee,Cenff,true
408a2882-9891-42b5-bd0e-151456479f6a,Ifa,true
94d2b894-1038-41f9-a74b-5aaddfb58ca8,Nyidf,true
8380a8a8-baae-4867-a6f3-6910e4f09ebd,Apwgfzxzqvxmbqz,false
69ae0870-9e3b-43fc-bfe1-62c9c9396154,Fkpm,true
22e645c6-9c0a-44dc-ac71-4e33f62c8d0b,Tlmidu,true
6ad232f5-8861-474d-a95d-e9e48aa92e05,Pijkdki,false
1d3435f1-9f4b-4858-9fc9-f7d5773448d7,Objv,true
5a1fae11-4669-461d-b2ed-57dc616cc56d,Dqx,true
69674670-8c31-4122-b2f9-5320b25859b1,Wkycu,false
c1154df5-0a75-4dec-b8b4-a34825dd9e38,Mxyzjnmep,false
48ddb9c9-c1fd-41b0-a58e-f91ebda66466,Efrcj,false
64f0204c-7a22-4fe5-8131-d0482e2e1717,Hspjvzbzovadad,true
0bb7106c-270b-487a-929b-4064cee4b88b,Xlnoellnuf,false
30981942-d474-4d65-8553-379f1fdcdfc1,Aivmlisfy,false
ef6e82f5-29aa-49d9-8943-47672660dd71,Xbxpy,false
c494c45b-0e7f-4d75-b6c5-ed728fcf159d,Txqkfaoey,true
4385564a-c7df-47de-9268-ce3643464fae,Yjgzntkl,false
dd08a336-a0ee-45ea-8254-0279acafa29d,Qzfbtgrxre,true
1e57680a-a0e5-4506-9d44-99923408bfb7,Glotzp,true
8ca5d0e7-7e61-46f9-83cc-b666afd65770,Yrgsqvng,false
32aa9b68-8b8b-425c-947f-d1c357fa0933,Fypwgfpv,true
aa6f0d0e-fa5e-4f00-b6bd-e7b55c157116,Dbosef,false
2bb648b2-cada-4b05-af95-9516d18a31fe,Zwfxra,true
702b2a83-f6c2-4ff3-a28e-43f87bd02957,Iumbxkqpplsswjb,true
f99c5525-e915-4053-be05-927ba240906b,Zid,true
1595fc7f-459c-4f9a-b5bf-8e604ae75612,Utkdodmndawdlb,true
74f18478-1dd7-4089-8346-05254d1a52dc,Evohhwvzqqqpv,false
a428c717-45ed-41da-beeb-9051a8da0604,Creihrfqczbb,true
e8231cff-440e-418e-bea7-8be057203b47,Iahqlwe,true
670dbecc-08b0-425c-813f-91b622fd7c1f,Qvlqpbgre,true
47102e11-cff6-4bbc-8785-c7f43de85568,Mlihotxdwqkmrs,true
9b1b48d5-9f8b-4407-a21b-37269ae19d8e,Wutbxmywihjdzca,true
5ba9ee53-3e91-46b4-a621-6fd3e8bd1358,Gbvqvlbf,true
782e58c5-4523-4123-8281-4f61dcaf8a47,Gwpi,true
33a3b729-82d8-4324-a32a-d6e464202ed5,Bytcwcgntlf,false
ecce0946-88ef-499f-849b-f97c433cdd61,Sygceoufw,false
cf9aee1d-3d73-4fa3-b3a5-6df37fe89708,Nxuh,true
f1372096-20e6-4a47-8294-c170982661e9,Vbudqgnpuvoi,false
105579f0-3c79-4039-9bf4-4207f9efc5be,Oboplgzf,true
69994324-96f1-4ab8-9753-b236808111cc,Huk,true
9f36fc50-f36e-4e00-8476-e9f6df9dbaac,Pfihbfk,true
0df4c7a3-1b71-4377-a8bd-5d9b239be41a,Majiuekbwdjxu,true
c740dfeb-69f5-48a7-927a-a2a6ca25308b,Hsvetuyglo,true
98bc6916-0184-42fd-9959-872c3fe96394,Eltqnmqg,true
8c3521b5-4c7c-4916-81e1-c9f13b9e3b11,Bdvgncbfsxpgrx,true
96ad3c43-a4a1-469f-b975-ef54e5eb1de2,Hqomyjlttdat,true
22d32681-5602-4fe2-8a08-d60e09b84a13,Urs,true
cbe2e37c-b61e-413b-bd5a-985f56f62c53,Wvox,true
8f8515cd-bb86-4df9-9bf8-1d6e1061b7c9,Jbkszkg,false
ae1bd652-6f02-4951-bde2-7f0a2e0cb05d,Jtpmjzjlrswu,false
fef5946a-cd54-4e2e-9654-95ff606c1f20,Dgggbtoi,false
3fac901c-7b13-4edf-a5b6-b8a5ff4e8b56,Hkg,false
7c8e07ae-c77a-412d-97e5-3021ba95e134,Exofqbywefkug,true
0b2ac47b-e7a1-44ef-936b-9e5095dabbaa,Phfhmgplxt,true
0ee6d25a-a76c-432c-a5b5-a39ea664ac3f,Hts,true
81238c2c-4c04-42cd-8e93-db909532fd46,Oaijjffwinb,true
fd69e389-d5cf-43a4-a824-feb86af088f7,Rlucyzqydbf,false
0ef83218-7d74-4c1d-9904-9aec61a5ce98,Mtczqnail,true
b06bac7d-522b-45f0-8716-ed434ac11273,Cdvlhfpfblkbjb,true
22b21c97-5c87-4d5f-89fc-407cc6bfbfee,Yaolelevfbuyi,true
ddc483cb-5467-46b1-8fb0-760b3519c292,Hsuc,false
501ced3a-078e-438a-81b5-6aa6b532045d,Dpbgpam,true
842e62db-d020-4815-bc56-40dd60cdf138,Fhrvzywt,false
bc00f440-bb63-4b00-b277-3c8952f094eb,Oysdqnvzae,true
d7b600ed-8b31-470c-b6c0-4f5acb251272,Yepp,true
3c200ac0-5951-49bc-891a-1437cd15f333,Quamsyjcldjrp,false
408458aa-544e-4e53-b103-fea33fbfb2a8,Hgspyxpfs,true
e944f84b-f311-43eb-a9a1-8573b712394e,Jwhntlgcpk,false
87059104-183c-4179-89c0-1db540a232bc,Casttwmv,true
3231a89b-7919-4320-8ee8-b24e70bc35e9,Bgpkzeg,true
08fa4c5d-cfdc-436a-8621-47fe0591892c,Ufugdllnz,false
a6b4ca22-d65e-4796-ad1d-4b90478dd705,Fppeganv,true
f3d18cab-1aed-44e1-a1a9-689a49d7a190,Cldvkyrdriihxdz,true
b691f8e3-d673-4f69-9f9f-848c3a884f86,Jeifrgiqeppxmqz,false
031c859f-9b0d-40b4-aa6f-46c0fd2de9bf,Cvlutz,true
9a34bb26-46b4-46a2-acfc-702d16d9ef6b,Wzaiymkpenjzj,false
7bfab46e-ccc8-4379-a430-165c885025ef,Hodg,false
9f1ff9f0-8f30-4d66-bd26-0e14ee340fc4,Ggtexxuxkmfzrub,false
dc43043f-4e93-49b6-8cc3-9256729f6e8b,Stetejwo,false
b49a5be5-3a43-4b4e-a8e7-78a9109eb675,Iqlmqnyk,true
466a5e26-aa6e-4af4-8ffd-0d046078dcae,Hef,true
08422e9b-0b52-4ab6-81c9-4d6d166910fc,Wzwjghqyx,false
c67f54c6-f95a-4f32-a251-49f4528fc35a,Fwwma,true
148f06a7-cb6d-4351-b157-ba275305e486,Dflukgzjzx,true
378ad829-5435-441c-8e72-0ef6056c2bec,Obny,false
cb1059b7-2fa2-46ce-a452-548dfe9b5b85,Jsxjccxmigb,false
859b3a53-1266-46e4-b3d1-623e17f5d479,Lrsqxkdboapjrnc,true
5aaceaee-93e6-460c-b950-086350b3506b,Aufldqnolnl,true
602cb60d-9e49-4459-a1c2-c888de142ebe,Zpyn,false
8d6f5b7d-a50c-4716-bf6c-ee7fb896c4d5,Yfzkhzxit,false
2bcf0318-33b1-4da7-bb33-a3e351885613,Npggrm,true
0068a795-f32a-40a1-94ff-3f86f5b975f3,Slpuljrkqrezt,true
57437b0c-c3bb-4ef1-9a90-b5dad10052c9,Ozbj,true
8e2530d7-990e-44ac-b280-2f310a9aa92a,Uyvzx,true
bce69e35-d00c-4c54-8517-0a084b84e436,Eifpnwb,false
e23a1c01-db59-4008-bf66-d63ee3c25aed,Hacebpp,true
fd4164bd-64cc-4e23-8c9a-89584e9fc50f,Jqjptmfccyfb,false
092fcc5b-f99d-4fe4-9edf-456c6c327d1f,Cmidgws,false
8dcbb53b-4f2c-446b-9ec7-ad156ab0a296,Sfqmuucukkmmo,false
9a9ec377-0459-4931-ae82-8277a2e9916c,Mtd,true
d01b1bca-4cc1-4af9-80fb-96ac5bd91f68,Wjhqas,true
1b93f7e2-4f4e-483a-a90e-555c40a06013,Gfgiwhfnhhnga,true
92db3229-4a11-41c2-b11a-0eaa7b136f90,Lhlu,true
95facdd5-0eeb-4275-872b-8465324d6d81,Gktqovojqdf,true
00d76f59-4397-4783-a78a-985b99b148a9,Aansqxwwrzh,true
1d9c4eb6-951d-47ba-b975-504a6d6d43db,Imads,true
ad3057a1-7931-4e3f-8ab1-368e2e5d365e,Meghqdkpf,true
8446bb59-5dfa-4ae2-a45d-ae45a08f3347,Utsmsmxscv,true
1d99a589-9ae9-491a-a383-d7d0e4967a6b,Kkxjyeb,true
8263025b-e99b-44ca-9947-d48d8f253c69,Udhjbfue,true
c85ef6f8-951c-4707-894c-aa15f2a34a52,Cuan,true
177be9b0-bb74-4aee-a4db-83383b6402de,Rmst,false
8eb39bf5-22d0-4b75-8d4d-310ed68d2853,Rnaklrkbmnh,false
a62caf74-f6c6-4bcd-ac75-241459c1729b,Uxmmgplaaztnji,true
f7b70015-7d23-4359-b7e9-6150af102b00,Ajwpsrrbwu,true
15745ebe-7561-412d-8011-4f3abaec47e4,Yogeginchsdhps,true
569bb851-53db-499b-a944-ccb5b9547469,Rbbyftpskhjh,true
e38b387a-b7b0-4ceb-b32e-16d3983d9187,Wikvslzn,true
62173ebf-2dfd-45ce-bb20-aae7dbe5a976,Mwtvpsmvmjva,false
c8fa282e-1b19-4a2f-9d21-dc9da4c33745,Ymimhkkpcuuu,false
0b47afc5-9eed-4ed8-a891-91e578fc4212,Cqhvrorhitdlycn,false
c024035c-e769-44a3-b1d5-3d998564df18,Vtpq,false
f37dcf3b-fcfa-40e1-9078-7afcf6a171b4,Zcx,false
5b654d37-8081-46be-b342-6f40ca6f2b93,Ffdxqfinpue,true
071d76c8-0bf4-4da5-9215-98abc761351f,Rufdjicviipuik,false
4d787895-16a3-42a7-902f-f2e2be4eedcb,Yaxg,false
03ae034a-f121-4f61-8fe1-a49b57aa94be,Jmbxiw,false
79a9c69d-03d2-4d3a-81ba-25037b80fe42,Nwhhprryv,true
678242ab-438e-4b17-9bcf-1e8b4285bbf6,Fsdgodskpzkvehg,false
5f809430-acb8-4f04-8c36-e20df75284ec,Bxwbshjnljgnpr,false
a9a89aa2-e7ea-43f4-aa5a-ba71ad9b2d3b,Vkyyz,false
3eb66ffe-7406-491e-92ab-fa312942fd60,Ikvocgc,false
29dbe5b4-db9c-4bc1-9c85-435a9307820a,Ctbx,false
fd8c7267-14a2-4605-8492-791aa3b23179,Xqnhpnbeuwdsn,false
6a6de9f8-57a1-4fcc-b305-f081b7c73c46,Bgemwgvmrjcuoqm,true
4fd6e3d0-cace-44e8-badc-ad059a579ead,Njdfltjeqvexbp,true
e6514342-dcf2-41d1-b833-5501601485bf,Xqr,true
0ef18b03-bc48-4903-ad53-7da760995af2,Mcfpy,false
f4540279-cbed-45c4-b52b-fc45938db148,Jcxo,false
005666e8-e985-4cef-8d8b-113e2d6d2e8a,Nppky,true
ab0a0bd4-a142-4b28-9f73-f274716ee343,Ozv,true
5693651b-1686-444d-adfe-1da11a680c46,Kwstpvotwwm,false
bcafe8f6-da70-4e00-8f4f-867a03f016c7,Nqo,false
82379b78-3f04-4080-870e-07434f281a5a,Yqhcuuxnkces,false
cf82ac21-3f3f-4af7-b3d1-0326b4f14ec2,Tiefzjkxyxzfkdn,true
83681658-ccb3-416a-accb-5c3c2ad114dd,Hxp,true
d70c0c96-be10-4986-90d6-479bcd0796a8,Efvakk,true
2bab51ce-4a43-483b-8dc4-6a3e2d5696fd,Sap,false
1f3546c9-543f-496e-98b5-751a75e193d8,Ewrlysvt,false
0e17297b-20f3-4321-bf14-40c472c453a2,Xcniosb,true
761598c5-98c0-4673-846c-8fb214106a13,Awokjamcizsqi,false
8c37ef8f-8875-4bae-99ad-4ee2d556760c,Lfenmycmjoj,false
1160d039-af6f-4270-a05a-2e9240810e56,Abpzatgzriml,false
ac8bc14e-37e5-49a4-b576-af312c61ecce,Dkgfcabyflh,true
627af990-82a8-4c9c-98bf-4156c36d6da8,Zylguavylkcfya,false
933b7724-ce7d-4a71-a30a-016e57462cb7,Gqzs,true
dc73b3e2-cb35-4df6-95ed-312191c15b5f,Bskpryxyu,true
61bd73ac-ed5b-4022-b49e-ecd4dfad752e,Svqa,false
f5da6a4e-6442-46c4-9e9c-b91e88fe778d,Scvwpps,false
c45704c6-c275-4e27-8c4c-e16d2f1c510b,Hmlfbuzjetxldu,false
2e93fd0e-820b-4533-865e-221e7544d373,Xibqxjpcmhrgs,false
b4aa01e1-37ea-41be-abbf-18d5147bdf2d,Gaymdutrokqdck,false
888daeb7-58a8-4c1b-8f04-16b6e07b05f6,Dikaddnn,true
2abc78f9-3451-44ed-935c-8840a7c3c1e6,Axczjnroanhrl,true
7afb2f51-3b0d-4b9e-b0c0-e05cd780f9db,Grkhfdgkeia,false
357e5f03-0122-457a-9b04-0b54b6cc3328,Uym,false
19cba6a1-7d37-4f35-b412-b9c202a3a64a,Qrossksryo,false
e268bf7f-05dc-47b8-87cc-db9ec4793553,Niuwz,true
a76de953-ef59-4041-89d6-7a27a445307c,Eqohsdtqnd,true
20bbfc14-5e82-40ae-8a97-5ac00fc60f73,Upy,false
7980ce31-f6e9-436e-9d59-5b99580b35cf,Piwatkwdkljvi,true
734eb1d7-1294-4f9d-ba4e-5985952e8070,Ugjaffyeleaea,true
83f54f0d-482b-4a1b-a701-3228b399c669,Wprgp,false
eef1d3ee-008e-4d4c-a85e-41ac230804be,Bhbcedqtrfhb,false
08234d8c-cf2c-4b18-91af-bbd4e1cbff89,Xcoqlcrsdmc,false
1db755b3-130b-4fe4-90d3-2c3e031db760,Vwpq,true
2d615555-184d-4da5-9410-5bf904996a84,Xmicyleyv,false
471f9f4e-6678-46fc-b82a-af6465c9fa4c,Xfcwdwoo,false
7b6d4b2a-71cc-407b-aef1-d61603321999,Waftvruqqsrrmx,false
9faee3bb-a7f8-4372-b59f-947fde9019b8,Vahxexnvnmypi,false
3837c332-b3fc-4287-aa49-180122e43de1,Okcjcgxzf,false
874c9471-6e14-4339-a291-5181a5a207e5,Biunvmobzlzpd,false
c0be9b91-6b9f-4b72-bc04-3cfc562dd937,Fcq,false
b1a20c0a-13c1-4ab6-b16d-fab959214900,Rmzvfl,false
57b9f54e-e5fc-4298-b35e-5dc0f5b109a9,Qtkgpkbhs,false
379f4e73-3cce-4154-963a-b699de0b828d,Ykii,true
66d01d52-9ec7-40dc-9df9-ef8e71194f6b,Ooae,false
e5a91414-598d-4dfa-b6c9-680032259395,Yqerkr,true
1a8b8035-eb2d-49b0-a1ba-da6d63ba637f,Kwaenunigbpprpm,true
0afad51d-5236-4a13-b044-ea0653924869,Cgaznwr,true
f24d71ce-5202-44bf-94c2-2a874975d385,Klzyjqoistet,true
725237e3-62bc-4d5f-a366-d2ed7f803e04,Irhkieiw,true
3ce814cf-611b-433e-b2b9-abfb406408b2,Gnfthkmvagpud,false
265afb45-9250-40c6-96f4-b124a8a8fe2f,Gqozzffcwxhjkn,false
eee28546-9382-4b5a-aeb2-c5a564bb7f08,Ihytblqp,false
2f82c6af-74d6-4f94-af5d-9f509c52639a,Lidfmtqvcspvood,false
6bf57e7b-15c0-4be6-bf86-ade466b9d6a4,Aueifmlkigoxys,false
58e6fbb2-9a6c-46e3-ba6c-954f38786923,Nlainbdkiklz,true
85b998d5-025c-41ca-b7dd-35d031374a71,Tgfnmnyvbvee,false
3de7ec34-2887-4cc3-a02a-0b91fa120501,Ekqpgtfxhjqm,false
be492bed-85ae-4403-bc94-f4f74945bcbb,Qza,false
e3643290-35f8-4304-b283-21bcfc66ff75,Ipxqydhvomjxw,false
c3dde497-8abf-4692-9a5a-201279d34685,Ujzacnfhwuxre,true
06ef0ce2-7f8f-4107-be44-1206016c3d67,Jwjjjv,false
cf1c20ed-821a-4792-be91-5de57aa483d5,Gervdrjtudvjjh,true
e9b45744-0bb5-49c7-9c48-57bcdec7f387,Idor,false
59877697-398a-4326-8fab-a466859d0c17,Zqeqrs,true
9be0f260-c1f6-4878-9e78-ca75363f536f,Lxqi,false
c5ad9142-55b3-4767-9798-b6db9b164469,Wzaox,true
fb6316f3-276b-4309-99d2-2c526b78de19,Zaeurqjajnvw,false
65231c72-f470-4b0d-a428-098f7ec2a75b,Qiaqhwwurhdly,false
02effe43-8e4d-4a56-ab56-1d40a030c1a7,Ndqp,true
eae84f07-d3ff-4a49-8471-f3b3f7f00862,Rfyabm,true
cd5a2518-5edf-4704-a32a-496bd951816c,Nkjreo,true
a912ef4f-4dd3-420c-9957-a56d2cabc559,Hvomqivn,false
5064d84d-25de-4aee-a04e-504a00a49009,Oim,true
3d666a3e-9475-44f3-8227-8a3f2aeeaa3e,Iweox,false
5902d077-317e-4528-ac23-7cab301d80b8,Fqo,false
9ae885d7-f0dc-4ef4-9cf5-ca30bdf5c38c,Fmyyu,false
3c3dc0cd-2ff6-4bfa-a877-078990013b7c,Kpswtcja,true
4d5cfd84-a942-4b83-b501-14e72e3899af,Qsji,true
10320562-b869-45de-9f3e-f7a6d4d1ed0b,Sgi,true
e68c004d-bdc8-476f-b368-739f52f3c5e6,Nsnu,true
55e1b9af-fd36-4fd5-8fb8-d205c418ab38,Iuedjdgmxbdbzwx,false
3e1de75d-24eb-4d9c-9c52-25dec9d88a91,Hsvccfzi,true
5592522c-b10d-4b45-b79a-154f5efbc691,Hwmikck,false
52404881-ab8e-455c-926b-cda13bfe969e,Vvncyulm,true
e154cf5c-8971-48a3-87b5-978b9dd9519b,Ekudnyildismy,true
f98b725a-531e-4448-9e84-71b358d6f8ac,Nmpu,true
a6c80d9e-b9a1-4aaa-b86f-0e10688daea8,Nakz,false
c97d00de-cf3b-4b7f-bd1b-58822a923129,Gnmawrmtffunwkm,false
a768f87b-9d21-4472-91b7-85ab5fc71845,Zwncnxilo,false
10e9e24a-9c62-42c3-ab57-32ac74370c85,Gvyd,true
41f1f93f-c9b6-4f2f-82bf-d3a7b71e3f49,Sovfnzxmq,true
35af993c-681a-4c81-b516-f1ce8744bbd9,Snv,true
df09de27-dada-478f-be79-1cacb34a33ef,Skaawncg,false
bc469693-8c19-4dac-a598-74d7afcc56b5,Zhdkyoxdqu,false
59d4d132-f967-41b2-8eea-cc4e205de1bb,Dhulnfjzxiojthg,true
d70abd30-607c-43d0-9998-300feed8899b,Hvsipyeyaopcgfy,false
b8871a0b-aedb-4448-beaa-17593e8e80c4,Qrkrvxtcwir,true
ea8edb07-28b1-4bd8-ad29-f8c71b7c2354,Nxujqbac,false
38c566bc-9321-4e09-a006-b2ac936113de,Gnbzrkgijjau,false
6d1f3559-eedd-4f0a-adce-69dafdf2c0c1,Wyzzlirpl,false
9bb7a137-af94-4ff1-af3b-ca70d2f5aa8a,Yihigg,true
9cf44497-8273-44c3-9b30-992c35c78578,Yahaqqeqfhkj,false
5254c953-91d0-4e39-8083-62a18ac85760,Omdyolhg,false
cb32c714-93c2-400a-be30-329cd3a73f17,Olxsxshdadythle,false
89f77d18-762d-4953-9068-609ebba43db6,Pjsaduzp,true
5c7dd34a-d796-46d9-8b41-86f05b7fc75e,Fjgyvsckxproo,true
b1eb03bd-19d3-40c6-89b9-7a0281147326,Ggnzfaoocnv,true
9bec19a2-05ea-42d5-8667-daec11bda9a4,Monqywaqklu,false
fd632c12-c36d-4e3c-bc7b-9b503f07276e,Yguje,false
9aced4f8-e7c4-4d9e-a31c-6582a8949a2f,Botntzovrxzke,true
aa8a585c-8ea2-4df7-9478-532f3d09ee79,Cupaxmxhubgxno,true
10f3963b-cf8a-491b-8a32-ec456cc4fb78,Vbbnx,true
4c54d483-a090-410d-9ec2-b83015ca004e,Cqlffaiyiilki,false
7041cab0-f72b-4af6-b799-f83419697d4f,Byzcogjnvq,false
cf552450-9a5a-496a-ac14-1a9ca959c27b,Ntwrtwwup,true
d458428d-ace0-44a6-8e10-81f22e2763c0,Jzzqkcgsankbj,true
306e252f-97fe-4762-bb23-218caff837de,Pjes,true
cebf67c3-4b79-4299-a2d2-37720ceff3cf,Qtqddlwyyz,false
b5eea950-a9e3-40b3-911d-fa13d2904f94,Swpsieqblxfy,false
f54489f8-6302-49cf-8274-fcc16210d4a4,Pbntecdyi,false
4f13c441-dc69-4b7a-b23b-2306ebf6b41c,Rtzvjenyebd,true
8f70760b-0e27-4bd6-9dff-608919cecc7b,Kdzsawfvecnpysr,false
633d0209-fa23-4e12-b322-98bbd98b2328,Zdknl,true
28483934-12e9-45c9-827f-e9ffa4c6eef3,Msyaoyvmbovu,true
17ab4dcc-6d42-4927-9569-0d6953d301cf,Ldofqmpnsdcc,false
851a1a78-5f38-4d85-baf5-9375232b539b,Cjfjkjcffu,true
f271651c-0c58-4bb2-be88-765557f31cc9,Axxkumhgwut,false
f328bf3a-056b-40eb-a8eb-ac02d10e861b,Ymeuuehbtsjl,false
2e09f400-8cc5-4344-a4d1-aabc226c0086,Pevkga,true
b67a3ce9-060b-4d82-afe5-6de43f698c01,Uormdzkpcon,false
9fe9ce09-8212-46c0-972f-a3e359d62c40,Tpchw,true
2567471b-9a91-4b61-a254-d4dab5628b94,Yhkbqdhhxurs,false
dfc36225-6771-44e7-90bb-7ad5a8a627a0,Istgulhlfpo,true
78747a7b-ec55-4d81-adca-e3e084ebf81e,Jtfowjkbsx,false
3e6607d4-0c97-490c-acff-e4347c4d4ae6,Pgcbuitgfp,false
9d0b3a3c-891c-432c-a86e-de0f14a95dcf,Sbiuphmkfldc,false
cc654a6c-aa1b-44f6-8d72-5dfad9a998ec,Zklnvtfapohknh,false
fec78b08-6509-4e23-906d-46de491640bd,Mremdsiy,false
33aca92a-b2a0-4697-ab17-f98626ab8222,Dufrilszpnkuuwu,true
aab78fa5-9fc4-41af-b467-6e64556fb188,Gjrsdfvk,false
858cd8b5-2eed-4c0c-945a-808b5ea70057,Orodepjyjjejhau,true
a4ce41d5-c76a-4fbf-b921-2c5cd16ed947,Tgziqqaezmao,false
c9212d8a-a563-40c7-9465-35e1059136ae,Tjqqwsnnmp,true
f2f8b64b-ec0a-40d2-97d2-c5b2f0b585ff,Btgnvoopclrgftr,false
8225f7a9-70c6-4011-ba00-e7495d78ceff,Egsoqrxsbiqh,true
683054da-da44-4efc-b7e2-a79406fd7dfb,Ombpgfklttnb,true
fd797564-d05a-493f-ae44-e949350cc3b3,Otmkmljg,false
f9b3f5b8-de0d-4941-b428-ab5484e713e8,Venblmspslbcx,true
53948661-ea4f-411f-8c3f-62982fc55b0d,Zbpexajkyzquecg,true
02eb9287-37ac-4765-99f9-b05dc73de90a,Ghedrrcw,true
c05b7066-f3da-4391-858b-b1f8e9d34721,Ofiqimr,false
0971f991-3919-4eb0-b661-f331942c5cc7,Plwajndyzqi,false
ffcac819-6d3a-4604-bd3a-38d4477be706,Nitcbkr,false
339e302b-bd47-4a8b-b36b-351de2ec4510,Nwq,true
fe195796-dc96-47ee-8dfd-632d8a7db351,Nvjqhbo,true
46f97d1f-7f2c-4e5c-ba8f-1896e428e365,Azkrjoaut,true
69c21d0a-4e86-4220-a866-ce0de26513d1,Mfshzrpzfx,false
c1ee6e02-f034-4c20-8141-1eea3ade6291,Qwuwcnlhpojgd,true
e7dfb072-6843-4985-945d-4f98912a1be8,Toxaxknpy,false
92d9cc83-ab55-470a-b076-735244594386,Pangiuzvqwdto,false
7a112d5b-d9c4-4a20-96e7-d489157b7677,Elqahnttyy,false
0bc5c469-dbd3-4120-8dc9-50648a727304,Apzv,false
615778ba-f9aa-434a-a8e4-802d06f58390,Yiqhtkufxikx,false
982c8d60-8700-4059-94bd-7b162d59bc35,Aeklalb,false
1c3947bb-fca1-4803-bf9b-593fbd008320,Xpmboxdgp,false
84b09b7d-f7b7-4145-b16f-55aaff7b5ffc,Lpstksjdwlhnqzu,true
6b37dfd3-3d23-4dbb-b0ca-e1daf592b953,Gojkwfv,false
85cfdf55-0c0a-4780-9aa8-4c0cda54cddc,Enusxpv,false
bdf72086-5853-4f2f-9241-8dbf917dc6f6,Cphfscvcv,false
eb99fc11-ed2b-4d9d-a372-06f6abe4c1bb,Fnolevjuvdc,false
b48f71ac-3e87-40e5-812f-211de4a4f943,Ernvzib,true
351b5df8-8f5e-429b-a9f9-4d75c98d7d30,Jxfbajzmso,true
dab17ceb-084b-4d8e-8052-1951292ee58b,Ybfgsrqmg,true
f5c44044-cf00-427a-b4f9-fe8181bbd423,Ysfyh,false
8df26000-f8d9-4e2d-bb92-e11c3ec760e4,Qnavdcywu,false
811c7a26-23fd-4624-b361-e435c9bf154f,Dnpomevikds,true
6e6607a8-be5c-4a13-ae01-617dc4e0de3f,Zjyjqoe,true
55f69b8e-df97-4620-a3ac-2585ec651664,Zarnaswxwao,true
d4b33a00-83b7-44cc-ac70-20783cf0f9c1,Dcjnn,true
1407d926-141d-4a16-a313-a397d0b955ea,Eiddoklw,true
4216a041-7f67-4f7f-b850-41dfab48624d,Bwq,true
bad35ed6-9238-4c4d-94b4-3ea83505973e,Ntwkvyifrnghs,false
f76ea735-d9a3-4da8-85ba-df810c7d347f,Rjg,false
ce8dd8fa-f282-4ad3-bc95-0681e6c16ec7,Vdmzytfwadmxhy,false
9f354c10-7678-43e4-a1e2-2fe7f0d993b8,Jkb,true
934ce7eb-83cf-4840-8507-735f4fe954db,Nkbhpybir,true
904d2461-1f89-4f06-ab03-515910063841,Fkhykdcd,true
25378c46-e1e4-4ad9-973d-3957b6cbf922,Xmugdcolakh,true
bf1798fd-7fa9-46db-8a20-db0b582b1c56,Tujq,true
2fd6be4a-3bca-4537-8be3-44eff2d57537,Pftpicbv,true
c7cebfb2-a12f-4b3f-b08a-b21e0adf0585,Qpkpaqu,true
4ddb5ffc-883d-4be1-9d1a-efc922685d57,Adbn,false
600086a0-841d-4d9d-883b-f21d9911ae54,Nld,true
4eb1d7f1-38fa-4bba-95b7-1a06d288912e,Lhpzbupsnp,true
f074ee2e-d5c7-48f9-bc11-b5eae96a95a1,Qnezurocsrio,true
c9474c89-c2d2-42b6-a880-5feddf4b329b,Awtnhw,true
750c6499-2c74-40e5-925f-f52d36ec0f35,Izyvvgjitlmjrg,false
4c502923-1a53-4122-9fd2-2bc1430160a3,Mopdmuksuhmzmu,true
d775e6f6-79a2-438a-b0bb-de6e457e7d5d,Sqsbqlgcla,true
7a09bba4-8925-466b-92c1-4f454bf4562a,Drefyyempykn,true
7434c9df-5098-4f63-9743-cac9edef0998,Royvlptfzlvg,false
37bef3c1-0735-4e07-8994-12a36d6d0b4f,Awmaluklie,false
1b3ab18f-cb10-4240-8f01-5c49a20ffdb5,Fifyiadac,true
bc1dead2-1591-47af-9097-7d54fe082286,Fiiondfcmak,true
a12ed7c9-f51b-472e-b856-dc6726b0909c,Kgun,false
1d90d1c3-bdf5-4f98-b326-45c8fe7a67c8,Uojougnqwfr,true
6ab6d4e9-7054-4b92-bc48-ea5dda3e6cdf,Fdgidixoagthu,true
e9ce244e-873e-49da-99e5-65e99ce5f76d,Luuucw,false
0ea54bfd-59cf-4a9b-af29-9e18ed100a66,Utfrhmoard,false
20ca37a4-5386-43b3-90ef-83578c423593,Cbwhmjdxqna,false
aa16f4c3-1452-4b35-93d9-02cb9b1d0556,Krvykatoxwit,true
36fc3242-750c-444c-9f51-f7e764129b14,Eetlmkerdtjla,false
9ccc532e-99c8-4974-8dd0-a643a92d1b4c,Nghospvmo,true
23804c52-9a53-4c2f-8b7a-8e9ff7bb1c66,Szrmlfwmecpmsob,true
2691d36f-23ba-493a-980b-1fcf5dc30c6a,Jztvzfyzb,true
0db43459-e841-4296-a953-4d153f9a83ba,Rso,false
2306d5b1-09b6-4194-9de3-fde158f56d17,Llz,false
80e4a90a-f03a-45ad-bf19-45e9bc97039e,Kykynh,false
690cfdd0-f2ae-4076-8722-57f155ec17f2,Yygui,true
df5b4430-6209-4787-bda1-a3695f805d8d,Seaxoeizoadieqb,true
436bcdae-0d29-461f-b80f-d869c2aa1f69,Didi,true
8c2e39e5-caf1-4ae3-8604-56c3539f64ae,Ctzuwepaque,true
80d66724-d90f-435f-b9e8-be011300d9ad,Nhoq,true
cb8f24a0-8871-4c1a-aa69-35dc092e79c5,Vpaoosqrhszr,true
21f231d6-6e65-4a68-a30f-2016ee7b3498,Sbi,true
5d71209a-e986-4b12-b2a3-206ab14fddfe,Sfvyklwkjmjik,false
2bb93752-e341-4ecc-8990-994b740093d2,Rwqaotc,true
c6f735ad-2322-4b42-9f2a-2b11f0738b6a,Hamsi,true
3430242f-bf8a-4bd3-8a51-2ec09900e6f5,Pmuybcvrp,true
16934053-b2ff-43c9-9750-8726ba055fef,Fnnuwuwo,true
f253bf0a-1bd2-4f31-ab55-d1087689a908,Xrmrsekr,false
a7114dd3-5509-4213-9217-eb9588bb3790,Xkxgkuwrexbhoh,false
b7ace13f-777a-49da-aaa1-7d4cbefac67f,Rrxhpmmwts,true
c8ae5392-0e2b-4d5b-9050-c9d9940f5de0,Zfidcg,false
2d724d11-f0bd-4b01-bb17-703ffd9bfa66,Yburjy,true
a67effa5-6c0d-4616-8fa5-6e440a67c280,Nahczejc,true
75dc567c-8a76-492b-96d5-294739e2230d,Wlo,true
e8a8d2e4-5b61-430a-ba70-dde6fda73ff5,Sgewfccz,false
88e91e3b-d77b-48ca-a819-ea2114955109,Rpuolpyumeraw,true
e659a3b2-1c29-4766-bace-aaa1d48982d6,Vadiyrjcpk,true
847e06a3-acb0-48e8-8b71-9a5824f1ec58,Wojfl,true
9ebfa82b-7c13-4805-90fd-384eb0d8eb4c,Yzzbrhaz,false
9bb21c01-2160-4cad-9099-240ad5d5cd0b,Tjpcly,false
bebaf4a7-abe9-4520-9087-05ce65982535,Wss,false
4cffc639-10fb-417f-bc63-f6937145df0d,Csrhlnvyqslz,true
b6e68d5a-53cd-4e89-81d5-289424937827,Ijqcedon,false
a66ab0f0-dd31-4a36-8b56-045fc5d433f0,Oidefdpb,false
26cd5c8e-d81f-4bc6-98e6-b3f0a227850c,Ezexqtyspp,false
910cb4d6-f637-41a3-ad51-5a5302a1bf57,Gqovhcpiuim,true
e2a866a7-d429-4c36-b8a3-dc3d41063e31,Oihpgul,false
5b4c7baa-47ca-433d-b40e-0fa372bd9187,Pqsmlp,true
3f36bdf9-89c6-4d6e-b946-efda97b5820d,Tclvtojnxu,false
d2c1987c-3323-4d3f-9f34-f15f437a1e83,Eigaeh,false
78a05d0f-938d-4a13-9b80-277390f71bd7,Dmmwbtjucipiebb,true
81d862e6-cb25-4413-be0b-8a1946a38826,Hnpcunm,false
2b4800dd-999a-44ef-aa3a-88c84e76c4ff,Wuxn,false
7aec32be-4c4b-4998-8cb7-41e415873be3,Qcfsegm,false
a3b7a5f6-d0e3-4bc6-bd67-a0f607c4ad9f,Hnrttndklruqm,true
c7bf1bc5-9c2d-40ec-9024-327b03216cf1,Cyp,true
839a7f26-9906-4c89-ad29-6fb9ca3f9df5,Fsuzkjyjqrpd,true
e3b5eb92-a20f-43e3-b72a-4a75d250604e,Fylnbiysgt,false
f6a36d96-0548-4c2e-8b48-699312173943,Dnmh,false
04799af3-85da-47cd-bd15-64ad94eaa4a7,Cqypb,false
73a7f569-8ec7-4904-ae16-6beeb18762fb,Avdvqz,true
c4ae40d9-b01d-416c-924c-82da59305954,Gvoljhzfylhq,true
3e23bb2d-7910-4199-b89a-62039c52a141,Iqsmzcnhxitgtvk,true
cb9d95f8-2abf-45e5-a80a-018109becd04,Obwj,true
0bb288a7-3636-4e15-9d1e-63d268a5467b,Yhueto,false
6560399d-796b-4fe5-8cab-d373ff227ffc,Mvldctt,false
eb85d937-0a12-4f96-af59-f3e6c6bcbc15,Zeolrsvnuc,true
0b8f5592-0185-4b8c-adff-9bf300955175,Cfjxnvk,false
d467ef3b-532f-4520-bfea-ee6be793cd08,Mmyywc,true
5783297b-c159-49fb-80f5-4c6edd527292,Axjajbz,false
526ce455-d06d-46a6-88ef-9b0251837fca,Ywfdhonmx,false
80e7cc68-f2a5-47e7-a1f6-4b046b6370af,Ihzzuoztfr,true
4911a328-6239-4006-958b-f833ef4814a4,Zfpznrnzynmjgpq,true
a79d24c2-f801-421b-8f6b-8ff727d1868d,Lalocx,false
29e5437e-c335-4744-a1a9-50e1f115046c,Ggcvnf,false
b48491fc-c067-47dd-8e12-b18f18386610,Qgnbh,false
610cd314-71a8-4a38-9fe6-f8957d83b297,Gfiwl,false
4eb17416-2741-497e-b327-0ca8322ccc99,Yzij,false
91ce3425-1157-46fb-8323-3ad72782201e,Ymaqcrs,false
d326577a-3dc7-423b-b614-f3aa035a39c3,Asjxz,true
46b77177-34ab-4cdc-9efc-be8a890478ee,Ind,true
d4c06bb1-eade-475f-a367-92cdcee7cec7,Dhnsxm,true
7beb7fab-7c46-4f80-a3fd-55ba10ca3e84,Esydsmkbc,true
5daa49fb-dd89-4fc9-8681-1c9a7ff67507,Uwxzlvvg,true
aa26a68b-1800-488f-ab3a-91fb74c64022,Sdbpxawyiaiizx,true
c4710477-ac48-4d8b-9427-1c86a2d6b402,Slkmts,true
c2a14b8f-5365-4344-9e66-085731f2516f,Ukryrp,false
9cf8b08f-43f5-4dc3-8063-132a9e66bee3,Tle,false
02faa1fd-5e81-4991-844c-0bb02f9f6cfb,Qdlitd,true
db662f34-c7a9-4cc1-a471-e9a87e110ca1,Tmdpkywrntdy,false
25c98534-d868-4a74-b44a-b6f023b52615,Muz,false
2c8ee84f-8eee-4d8b-ba93-b04f464d059d,Bobcsgqexhjbad,false
56d5e4a2-94b3-46fa-9a2c-b06710250fc9,Umdernizgdspvt,false
c02a7b36-1cf9-474e-a204-da904d07c894,Saw,true
590989bb-a574-4396-ae42-81b2d1829a28,Mhhzfklnfj,true
88dc2eb2-dc60-478d-a77d-c7623cc506ba,Ssj,true
43e0c9be-2503-4244-94f9-8facd2817acd,Aboy,true
64f5ddb9-7470-40ac-b6d1-70db6fc0853a,Fjdgaccxu,false
161818ae-21f3-4856-9ac3-9405a21854f3,Nwmvvkflm,false
f9ab99e0-46be-48f5-ab0e-2b2dee8bdd87,Ltzxbjxjk,true
ea8bfd1d-30e5-4b0f-a245-04a06efd0001,Dfidwl,true
db6c129f-cf52-4ac3-8380-bfd6cdc244a4,Rhxrijvnjjtsc,false
18493ffd-38b8-440a-aa30-eb7b98a3f495,Wfrcmeaulvqasf,false
9ab62df2-5be4-4512-9c09-e16beca6175c,Jalb,true
4be048fe-a100-4251-8143-164ccfd59246,Famsrglf,true
41334d54-716c-4dc2-b5f8-208b66c9e082,Pfhcozyzmwpzsk,false
581b6263-53e9-42cc-bcd5-f2f2e3cfcde7,Kuncyvjcv,false
ff34886c-9441-4ee2-878e-4c1b86391c5a,Yuelusiabffpw,true
a0bce213-aba3-4463-9909-e847a7ab9734,Qzgpkecevwjup,true
20909f02-4789-4d55-b0a0-495c77249612,Fyff,false
f65741a2-73dc-4ed7-a44c-3285197170b5,Swexugsk,false
457713ba-428b-406f-b73c-67549cac4479,Iqrtbkptvsxgzv,false
875194e9-a391-45c6-a638-049d422dc9ca,Mltqhgmvjunh,false
0bcf5aea-a3d6-4955-b5de-34c80afcabe3,Nuoxkypdgitbnhb,true
3df12da3-0f14-4f45-a92a-96e165806941,Blgmmue,true
9bd32059-fffb-4beb-a4fc-a4304a411f8b,Xgkgwfujqiszt,false
4dfa5e34-be42-4720-a471-c21bb23acfaf,Dygx,true
2f1795a4-1bd4-4a92-b3b1-274d1f43267f,Vgekbfc,true
bd646273-e070-4584-9d2f-75644d719262,Ushwqdvlwh,false
db1b141a-fad0-4b11-8a03-6a80a87e2dde,Quczjpjttj,false
05b89b6b-91c5-49a1-b5b9-2a0744bb0882,Nklz,false
a34e34ab-8e99-4de1-8aa3-28bfc5d2737c,Eiaidtzadpelcsg,true
31957c17-723a-463a-874c-c0ab25a01cc3,Asgvwwxmo,false
6585c504-f28e-4c59-b612-98d6bce3b71c,Ovrjrsuntzpuu,false
4c89031f-df18-4246-ac01-8f1d160431e2,Hfhbgwcrf,false
2752316f-5482-404e-84dd-d15989d48b84,Zsnxsdrwwcepkta,false
385c99a0-faa6-42ef-b2a7-b11fdb8bb117,Ekertxf,false
2d6571ee-868b-447d-9276-7a1e0cb4153c,Ljfdpnwywvnxopf,false
75bbc2e3-7991-4451-8d37-28eb09278822,Okjpuxqsmapb,false
6c3ded12-60f8-47a3-b1ea-f8e65d668472,Miokughmrl,false
3b00da22-0b33-4453-9e67-14070873746b,Fmbwvhw,false
072ae893-adbc-476d-ba0a-34acf7202468,Bsuwgtkutkwv,true
69f3496f-b9ad-467a-b538-8aded4e90fe9,Gkypodiis,false
fb2c207e-29b9-415b-8b34-2f10433076ac,Tjhnpllbifya,true
85be5c65-6c5c-49ee-bbad-981c7045c4e8,Uiygqts,false
68bfe5cf-0517-43f7-9598-dd1528146462,Ndmawzgwlsg,false
0d5b1d83-f4cf-4433-a52a-ce0b67c0e211,Benimj,true
483c07df-630d-484a-bcfc-86e79fded916,Vjaer,true
392d4cee-c87d-4019-8457-f9f0602e90a7,Pkvfmkbfht,false
f3e4b2ab-d326-4229-adfe-c69f67f35737,Sjtgutaqtdd,true
c4a6bf9d-5306-491b-b97d-584079245b6f,Wsz,true
1ebc1cde-dd90-4ae7-ba1a-cb039a97ff8f,Iknrna,false
e5d2bc4f-463a-4b34-822d-3804e8ba6f0a,Jdwrb,false
39f4a29d-4616-47e1-b3da-ae1c059cf2d7,Ajjqzfpmk,false
bed94bdc-59ad-4b26-a5ee-b7b66ad4a4d0,Vqdqtmnhy,false
1d70bf31-5d13-4c7a-8478-b87ac88dec97,Icjpyifea,true
0985b06a-3f6d-4284-81e4-28e4dd0f052a,Azalwdl,true
a2acd4d1-537e-4120-ad65-cb35273dbf08,Tzeeplrz,true
db171c09-ffa9-44ac-bb3f-e59a5cd4061e,Fdughizdsivlvdv,false
5929b92b-821a-41a4-8b21-60ee022d2755,Mkrmt,false
a2563b98-2d16-4e5f-892a-5585dc831bfa,Fgethfajaf,false
188b48d9-348e-4ae8-b468-65966d9c6164,Zxgejzixcrgca,false
bc149664-b10b-4783-9013-69a9bfbd403f,Kzptufpo,true
27f4e2c4-dbf2-47aa-b0df-12b881f27164,Ljybrqeuazusnx,false
7c87697e-1ae1-45e7-a754-a21e757845db,Idnrg,false
fa8ed316-b919-428a-abb6-fe964c87fe1f,Xkxtnzjpfqrbe,false
f57442a0-1493-4a74-9a6d-225d628c7ad6,Ucvfflwffh,true
2374318a-6fbc-4d4d-a3ba-558bc5df1bac,Ovsobwfkwnz,false
2e1c3c38-2138-4ba8-9076-e683a731781c,Undkgblzlbppis,false
f7ad240b-9300-477d-8534-76fbdabf96ce,Ggdhr,true
29fcf0b3-c2a3-46a1-a52f-7b7b77456588,Hhduo,true
fc59d037-ba08-4f29-8cb3-de4b93c2f9b4,Pqydcw,true
5fd5f466-48ba-4017-bbad-3f6281f395a6,Mqqoxoi,false
17e1e0c1-6b30-4b4d-bbae-82267f6b081e,Drnfbzeb,false
e19d8c12-d73a-4849-99b1-05b75e4024bb,Dkkyqykbwjb,false
614f222a-9714-4956-a412-fd16d23954d5,Iuhshjac,true
f05c1791-1390-4e1e-8456-d762c40ed90f,Lbelxifi,false
1f2c1daf-4a31-4aec-a036-4b15fa2cdb63,Izndwtgtz,false
70e8b933-9e11-4cc0-a825-a09dce6ae47f,Mkepx,false
a29bb988-dde4-43c8-bbf9-5ff260ccaf6f,Lauwrvs,false
3bec30ad-e6e9-487f-9d48-3404e528d49c,Uai,false
c175652d-24cc-4b9b-88fd-bcc39300163d,Efizaij,false
1ef698d1-6f22-4f09-ad34-5dc22baaf002,Rrnowpyylyx,true
f5a3a146-f3a8-47c3-89f2-0c54b00ad176,Gwizalnizifxz,true
383785e2-13c5-423a-affc-dee783b80e8d,Cjk,false
e0e09cd7-e06a-4e05-aaff-5d13dfb2c601,Uumogrsgxwsgib,false
9cc3a85a-6a84-429c-b3f3-a0475fee8231,Cpozzhs,true
36927ff9-c314-4f09-9397-99c362c16e10,Rfpsvvm,false
fc95adef-4f16-45e0-a308-3f99706925f5,Biwudixrsyxbnd,false
15682cf8-e900-416b-930e-e3278d69dea5,Mou,true
863bdb93-8a8f-48ea-92ae-a2bd4cc5a3ff,Nwuw,false
b86fcd0b-924b-4c34-8a0d-35363fb5a680,Bbtwvlfd,false
a53cf581-e3e8-460a-85f3-ce8c1ba6f5f9,Rtdptpdqahnx,true
3009c2b9-f526-46c7-b70a-41ec7b9efcdc,Vdzjcarbk,false
0bbf126f-b6bd-48d7-8b87-c4955c952efb,Rzbthht,true
438df407-8197-499d-81c2-26f6460aa5be,Lnkchmnqx,false
59da59d2-9cf6-4f34-9a40-82ef7b9572b8,Omhnxmjhvhxxj,false
fe5eeb7e-567b-4049-ab39-7bf47398322c,Tnyshhnj,false
a313e42c-d0de-459a-ac22-bcbfc66a2a8a,Yktystrkys,false
ca29a2fb-ee5d-492c-b969-5e541d931a4c,Kkbbfylvhxuhf,true
ff59527d-c39f-4bfd-b6e7-d079a5acfa5f,Yvfnxgn,false
957fab4c-9d66-4619-900e-5d0570afbf32,Rypat,false
bfa4e530-6c10-4fab-a0fc-14930990b94b,Oyrujgwqjiti,true
fa6d1b81-b475-499a-a74a-96c59dec8c25,Zbiomseuu,true
e54bdde3-d32a-4f4c-a0e3-cfc3ba9b1ec9,Maowixciee,false
b9af0169-a19e-40c9-8d2b-93aa75ea6329,Kvxsenvvhqyq,false
dce11056-64c7-49c7-99d4-00822264cf81,Zzbfhp,false
acce3ed0-f7cb-4294-8e22-d9933fe3c35b,Gfcartobc,true
2b02ea5f-ba60-477e-bf41-a6d3d6b396ca,Gnfo,false
116064d7-688c-44bb-b4fd-f3ed6e9e93e0,Wyvaargevcu,true
912b1880-42c5-44de-bd52-cda7649c0180,Buk,true
1586da7d-8ca9-4a0d-b335-fb8c69ceaa2e,Gkfezxjrueu,false
0497b6dc-16bb-4d76-8b8f-307ac69c9448,Shirnnrmzbwh,false
1800f07b-5c0f-4592-b26a-521ac6e8c392,Dbmyxeazhmwxpl,true
0264f756-7031-431b-9b3a-40e8c0d6bc9c,Rnisvqobtzi,false
de50343a-5422-49bd-8144-4ac9b07ffa9b,Vmkhysfjwiv,false
879583b1-9042-445b-8317-2ae94e598bd6,Nfvcli,true
7379c258-becc-4c84-ac99-25661c676177,Hvlwcroyxfw,false
81f0e72c-130d-4421-a753-f85eab3df537,Fhpdscgncalyhv,true
d69ceffe-e175-401e-bafb-00c5875ed821,Nnfshgkg,true
a4281cd3-c194-459e-97de-8eb0758d18a7,Eter,true
53f69427-3e5b-4312-9160-a2f806005360,Qao,false
64a4d396-e200-4818-829a-c127e46ba8d7,Xeorwtxo,false
7ee02cc2-8080-4fed-9bd5-554afe5aa4f9,Ydgtus,true
30fbf4e2-6b4c-4f71-a068-6841d28ca3ae,Sebejhi,true
f5443d4f-e35c-4a8c-8638-00b7d16c42ae,Czqw,true
1d0de84b-4577-4f67-b1ac-0e5bc153b43b,Ezelrfozvx,false
b4097f7b-f345-4a10-b36c-49c333720c15,Pdsetymeycmtvkz,true
7e0583bc-7476-44dd-a373-e3f7afa4e282,Ifdgumlw,false
cde7e0f2-2e73-4610-9e26-1296aef2adc6,Ulttndtbprtrk,true
ad8140e8-e760-4a70-b388-7a3f32aa6975,Ulewgz,false
0de00f61-f33f-4b10-a15f-d61fd943f7e9,Snax,true
2eb833aa-af40-4918-ba45-f9d2e57872c5,Spj,true
bfb70cad-529c-4a34-b630-f5f9b5e79d97,Evdzmtyzopasdm,false
2ef6ac7d-d328-4d2d-aeb4-76fa643bb8bb,Curnbxgwvhee,false
aba29ed2-e6a9-4710-825e-1a9a839349f2,Ljmhybkrhjtly,true
2e0c7950-2669-4fa5-8566-e8c24acacce1,Ctimqzgudxhad,true
66f13432-c54a-4cc0-8990-c00edfdf8717,Jsqsnmguni,false
964e2666-f6f1-4762-8d55-d9e3bb5cbc50,Dbx,true
9b7eeb39-488d-43f5-992c-96a11d5c1fa8,Tdyqdnyz,true
91f7b7ac-1ec7-4737-9c29-aa74839cf37d,Wgoadm,true
38883708-4c5e-4d75-b309-e89ece83ec70,Vecfiqlaezl,false
2a034385-13fa-453d-9a18-a0fe9412ac60,Baxaj,false
ec50e2c4-e762-4002-93af-37331fb5f616,Kbnrvzehudzls,true
39af9edf-3891-4260-90cf-22604df445b6,Ctzk,true
13927424-474a-4ea5-acfa-83c58b98d7b2,Ntzudmfvhzxkdll,false
abfad9be-a16e-49df-8378-609ac7cd3f9c,Dwigopfpdtjtlpw,true
8952a629-f6df-450d-a751-2184f02758b5,Htmubcctnsjkk,true
2a1833eb-d1d1-4879-b1f0-6d1960bbfd18,Gvjq,true
9c77bccc-e8a0-488b-8a8f-160a1190f527,Syvff,false
20ba42a4-f136-4660-86ce-a6d0897b91f3,Fqx,true
dcbe76da-930f-4ce7-be01-eb3b3ab8e199,Rpkgnnksmecfep,false
20bccb1d-4e9e-4a7c-8776-c86d53c5d0bc,Vblwxkarwhm,false
b14d1eb6-4ed9-4f65-93f5-5431340e20e3,Gaszhkeqdclsu,true
964e3142-edc3-4840-aaff-07286ea9351d,Pjkv,false
7bdbfedc-8b48-4a30-bf83-d4adeab6d94f,Frnfduehqffb,true
0e506426-1b8f-43c4-b723-910b548099a2,Cwhuqpjwn,false
1d9e3cdb-0e75-4297-a18e-761fe03ffb3f,Isn,false
00f0fe2a-d96b-46ed-a73c-caf58adc2568,Zlmfmno,true
b03c070a-ee96-43f0-85d5-08570551e461,Hkkd,false
758d6cfa-09b1-4629-b8c1-d872e358f280,Ojv,true
9b532ad4-48a9-409a-9843-31f5adceb3ef,Xcmfc,true
95d812f3-a952-4a09-80e6-d39a49a26b51,Tamgrsxnannx,true
228e773a-6028-48c9-acb4-c70487be89cf,Qtasa,false
6ad6efaa-60b5-4a10-be87-a18a8c132b20,Juusopbelbpkibb,false
f6ad11c1-ee43-47b2-b200-cdd846e3bf19,Itknzewtvls,false
b6ab5c92-9c9c-429a-bcc5-90b10944ed24,Cgt,false
eda60105-b2de-40e0-9919-9a15bf84c16f,Mbzyh,true
40ea69e9-138a-4a2d-bd6a-5f330a56620d,Lcypbg,false
06192def-6101-4d47-b381-3d8e01058edd,Foe,false
19c0cabc-fc09-44b1-a159-049325738192,Wplqw,false
47d8dcff-f920-4b1a-b3df-4b63481ff9cb,Emaghuclxvtl,false
0d728113-ec42-4cd5-a416-4c389311ca2a,Yguafb,false
6ccb6cc5-a97b-4adc-bf5a-ea9d80ffcebc,Jetyngzle,false
7aa09954-ddf0-4c4e-a3b0-0299a1a0b8e6,Xschvzsslb,true
d7b5e0ac-dfb3-49bf-baac-97826db8e227,Vkq,false
71bf7741-99e2-473c-bb63-84d27b75e42d,Ivgoni,true
720f1b97-dab0-4bae-b6d5-72b644072486,Sgylpcuepmfrqpu,true
9fcb36ca-9738-4aad-bc87-f1736b47c4be,Tauajgzxe,false
e6f0498c-9884-454d-a52d-810fc3057c1e,Fvfzwbqjeoec,false
27550ee3-d75a-4038-85f8-253e74812fc4,Plekw,true
f0c6247f-b7c4-450d-a637-56c3bd834e79,Swqom,true
0bfebecd-6cf0-4b40-bbb7-a4497081342a,Huwyoknivwpheaw,false
1b37f9f5-c823-43a7-88c1-56d038048fd4,Vketlzazjp,true
0bf42413-8ffd-42d4-9b8d-a60c29accabc,Smovoazc,false
7fa65c61-db70-4023-9c59-899880047f37,Ueouqbq,true
42dea15f-ff66-4ace-998e-3b13ea3e388a,Qiajyntyknsjqx,false
13cdd485-9a80-4fba-a265-ed787a70f818,Zleakwrmjes,false
a2ad96ed-17a5-46a7-a6fd-ca3024580bf7,Huoh,false
150b7af3-a2da-4b6b-9b79-c10bae2a69ab,Fewvuyrydsqdud,true
60d9a16b-25e0-44f1-b1ac-6daa3f39ff52,Wtimb,false
3d2d5a6d-2e49-45f5-9811-f9aab6dbc5f3,Glbdztpclyc,false
7899cc67-af19-4d2c-b3e2-02a5546fa0e8,Zmwzjr,false
72626cee-a3ba-4308-b4c4-e8415b69277a,Liqtl,true
5469fefd-62cc-47e7-9509-0324273005b0,Clgnrap,true
c2a50d88-4d73-4717-bf69-a4c3bf514108,Ctkm,true
d701f287-4204-420c-bdce-8321c313f2b9,Jlpoto,false
b9025704-d9c4-4941-93a5-f06a8b1de904,Rcgs,false
3365e8e1-59bf-4f4e-9bf6-d538967f6802,Bodpfuy,false
12a080d1-fe11-48ae-a004-bc8a509d1ba9,Wjjutvwpci,false
feec6316-9944-4889-a55f-d5052898f127,Udlclhkk,false
c01f0053-3765-4dab-8dc9-416ed701c4de,Juf,false
ee347e12-8182-4697-b400-e99a7c02ba5b,Hadhqfdh,true
3acdfff1-b46a-49b1-82aa-916fd11f5520,Olqvfjycavwej,false
b9f88b7f-ed37-4a76-b191-052e3c1da327,Gtxtzdpxdrfnll,true
e116d38c-6436-4367-8490-1479131b266e,Fdx,true
f8cb91b1-a1a3-4340-a5eb-84559c6e575d,Qrqdjj,false
62a1b7e5-d86c-4d71-b312-a1e2d72d95af,Yirxub,true
862ffc59-b160-4183-8f3c-109474ef6d72,Wynrthyrjkp,false
75bd54a4-2d79-4b54-97f3-0ae86130add8,Retqhpzlszaz,true
5f167a33-673c-40e0-8d6a-2e29b50d2972,Cauufkvqi,true
3f0d0cf6-cc53-4bed-9ad8-49a104593dad,Dmfica,false
723671fa-2f6e-49f9-a7cf-2d55cf223637,Zvljcibgkd,true
425abdef-8a7b-4d1b-af41-b70d587c4f99,Dogjiqqbmmxptd,true
fe5d9dcc-16b3-49ee-8d18-46c22332179b,Lwggbiloq,false
aaad8bee-5de2-41fd-99ba-636adff6f638,Tnxci,false
1cbde0bd-3da3-4009-ab40-15b5813a3722,Abtwrztak,true
2bdcacac-b905-4641-850e-5026b69da775,Uxvzu,false
6807e7d7-cf0b-4999-9b3d-25cd80de9e0d,Vkksbvymi,true
1c3572ae-38c3-4c85-92b8-6253060cbf7e,Osvmqp,false
e88c77c0-0bee-4c90-80d8-b2e3a61f1841,Vieplpjzosdh,false
7e10ef0b-caf9-4ae1-b76d-76f7d15a0ebf,Nnjohecxtpwz,false
f3c0d13f-0da5-4d00-8968-6cc122cd5989,Fie,false
6891102d-ea52-4a38-acbc-d795309f3711,Wnbewbgu,true
1e6078e7-e683-42c4-8ebb-d51debde050f,Vumoi,true
bbb38b58-9a6b-4a12-b6d4-e65d468f77c6,Qnmmwfrjwpxbio,false
8a7cf646-4933-437b-aa25-850b6f370069,Xoqzpwleiw,true
c43c3730-8850-4329-8ad0-a67cf7b316f3,Nqmxeiz,false
09fea232-dd91-4f03-ac81-7cdae650c06d,Lwxakprmq,false
54041789-0a6f-493e-bf54-54eb84e64c3a,Nmooowjg,true
2aabb893-aaeb-46fe-afa7-e84614a5357a,Ouklzyqyss,false
d3e756d5-46e0-45da-ae01-beba936d3d59,Xvycrpzvg,true
c7553277-6c1d-4596-b830-b7111e1fe469,Xzjdw,true
a5d97f18-267f-4868-8e98-894d63d7e20a,Lxbqypmiimz,true
80291dbe-d19a-4a05-aae6-d074b1246784,Kanbifbujtjdvdu,false
7e09e060-3901-4874-9ec2-a8514f1e60aa,Etnamj,true
47d11505-f916-4659-a864-2aa7c59d14cc,Eyzbjulgktnvyd,true
89686ddf-7c33-4c4e-862c-78d3f48e86ab,Okwbgppu,true
b2dc4434-98a3-46bf-9da2-1f9e85415558,Besxvxuwh,false
f57f95b3-1212-4cf5-a3cc-235d4a67d265,Jkrhzqmqxrbpxy,false
e8415dde-2a05-4d69-9af9-c26dccd14495,Wtpmfenw,true
c369b36f-c1d5-439b-a0df-fd8a681ad001,Ffmnsmxxwglkd,true
2cc37308-89d8-4e62-b8b8-f7d53261774b,Bdqrvbtooial,false
7fe746e8-7cef-46aa-b401-e7a2fdc8ccf6,Fyeg,false
3d1988e1-5f48-426f-8387-3d7ec8015eee,Edvegwnv,true
57020c0f-5bab-41a5-9b2a-a7bd25abfcba,Hwsndoollc,true
3a85ea32-675a-4883-8920-cb563a535e93,Tmkdtpklol,false
98777d56-c3b2-4350-98db-e56b23a706ca,Kgtfgepy,true
788629a9-ddd2-4624-8870-b4daad876379,Lkgbuihqxxc,true
a450e67e-e8c8-459a-a119-7dc3c451b5c2,Ghwhaolupsqijph,false
4f895264-8e78-40d5-85e4-03acbf55179e,Barpcnz,false
7856f7fe-8932-40ed-a29f-5cfcf6abb910,Itmok,true
be65e56a-6b4c-4cff-8906-9ca5bd890bae,Maxipj,true
07458678-32e2-4d9c-b8ff-22c5109a712e,Tlxktwx,false
e4ebc236-4a0c-4c3b-9cd4-5cc2ff883b57,Pjjzftyu,false
153e6561-8359-470f-8fad-c18ce9f7380d,Ctffsfogwuodu,true
9efd67fe-d36f-45c9-82ec-dfbbab77a77f,Agp,false
d1ba7618-d337-4ea8-9139-2b666e6c987b,Qsufmc,true
2b0acfd5-cd5f-4cd7-9f35-ecf5d7f50d34,Divagiispzqvtis,true
d5d421f5-047b-4035-ac3b-8f43bbb724f0,Amaqznvumdmytk,true
28549635-1b12-40fd-a9da-563a01f10840,Xer,true
29c0f34a-282e-4126-8dcf-af123090ff6c,Fqazjc,true
75f5eb68-543d-4753-a2f0-7441ceedcf8b,Zamp,false
4c6655ee-585d-478f-a192-3adac4eb3fe4,Rjvd,true
ba797d50-1b9c-4035-bcca-ac47f9e442d7,Qotawvsxbaipxh,false
687bf3bf-e491-4768-b835-08f65927288c,Svaepzrirkzjc,true
9ea06a8d-264a-46ad-a76e-ab83af2a0209,Uthv,true
4a1dbe16-fe92-49e8-9538-b135d608c81a,Qgzo,false
2eda3dce-7eb0-4276-842d-735da717888a,Xctl,true
167da903-5753-4904-92fd-0f68ceeba243,Teqstz,false
6a701901-aae0-4ecf-86f7-ae1fc0a03a3a,Ihwbsu,true
3902ed72-8e7e-4bac-9563-00fc6bbb9603,Efe,false
c0e947f9-1154-4c6f-92d0-cae61470a91b,Ehrlegmnfpu,true
735f3429-f4f1-4adb-b87c-885d84d2a06b,Cuk,false
eb263d26-c42e-41fc-844e-c7a279a2e6f1,Ofoaurzdinrvd,false
2bd5fd0a-792f-484e-a97b-1665334a7109,Ojfikbmobbrkrfl,false
6206d0f7-5dcc-44bf-b801-a31efe989b62,Dzdrrjwnwz,true
415bc141-a144-4213-9200-f5e0daab6892,Usyhfdo,false
1dc2292b-aa32-4277-9b60-18bbcb08421a,Ncts,false
55e1c9e4-d191-4e55-8ccc-6dd65f15c199,Tijvi,false
c2bd31ce-7474-417c-b0a3-a5bb7f0358b1,Glnfn,true
842ef1bd-e455-4ab8-9f05-134abf78b6e7,Cnrpymveof,false
9c6ade02-be0c-4c67-84cc-c73ccd1dd0cc,Msbzbkddynlw,true
ae8ba0b2-c6c5-4196-bb3c-4de797b76b40,Rszxpsbsscppuwm,false
99a5d0ab-4945-42b2-a324-fa4e16563d38,Fjylcd,true
af11620f-252a-4437-87c4-215681731ff7,Ddmgqfblzxym,false
441148d2-dea6-4ad1-80b7-171ab32dc4ae,Uhaaegixeixzmd,false
cc05ea0f-0022-4b6c-8f63-0975a223464e,Doylihh,false
6e7f1c32-30ee-4853-8209-33c4924d9176,Vrpusklceziypp,true
ff5bc72c-60e8-477b-ae2e-b2e37e3c3aee,Zpeelst,false
ab5886c5-4b62-4d07-8c40-7c838d2b15e5,Szupwfy,false
4285b3a9-162e-4b00-971b-518a709048e3,Xphn,false
9646ecbf-2190-4be7-a1ad-44a27904cb9a,Elxqugyloi,false
e9031986-1fe4-4ecc-ae3c-73a043a76f31,Vmh,false
593244e2-6b79-409a-906a-9a9ecfad0e13,Pnbtxjj,false
ed802617-6f35-41a7-822f-06847387fd6a,Gybfnww,false
29180218-5d3b-4b4b-9f53-594c87f1009f,Pjtsfgdutvniqta,true
758879b7-4e1a-4c63-a970-4d9d727317da,Bfqgxllz,false
450e07ae-80db-488c-b15f-b7b614ecaacf,Clk,true
f720367c-887e-425a-ab5c-12957e8497f3,Pflyrgdun,true
33d579c5-4a49-4c91-a9f9-02baf001c172,Cmhswoozzdwljvo,false
787de6ce-48c2-48a7-bb56-67907dd02f30,Hew,true
adb95839-5ea0-48fa-872f-20714db9c454,Yquxmbdphniwy,true
d219c44b-fc9a-4293-a468-8c53a3a89dde,Wdsf,true
107a363b-791b-4f30-9057-72e477cdbbc8,Orhamewgxla,true
822db802-cb8f-4e0b-a389-6dc0c85bf586,Sew,false
684e2f22-1ad8-4b13-bb47-24bc2ed61e06,Iuixpbvn,true
bd10f918-b56f-47ee-9d1b-e1f362e69d10,Panfiqwohyglfw,true
f3d70c48-3d0e-4ee4-bc6a-6fbde0912a4d,Imls,false
9991fbd9-cbf3-460c-8bd8-baa3134846dc,Jtzzjeyusibya,true
81e545d7-4b3d-4406-bd18-c0c7ffe64640,Fft,false
c451e1fa-3b3b-4e20-a370-36cf52bfc680,Nwxrigek,false
08a473f7-b110-412a-be8a-e5a1ba1b791a,Yzjmfeqdkagavbj,true
62044560-bb7a-470f-8a23-1ffde5c6bbb1,Jll,true
5831774f-e56f-44e2-be4c-423670efde15,Mendmqgcylsuxq,false
b33d0e49-3514-4903-bb6d-6a2981670232,Dutv,false
686d17f5-85ca-46de-81b5-78b450c1e430,Dztdfjo,false
c1f0e322-261f-4383-81c9-7a30feab9010,Evukvdr,false
53f1dda9-23b2-47f3-80b5-5b86274d35f6,Reyswt,false
0a283817-4067-45a8-8711-6027eae2254e,Cqrbdenhcc,false
9abe53d3-1af7-4a71-b3ae-024ec573a286,Cifporodirgxk,false
c2d5028f-e46b-4d6e-8a1d-87271d86bccc,Fifcpeu,false
e23d18ab-61c7-47c4-9759-8af6fc543a8c,Rmzekocj,true
9cb5d99b-9579-4e3b-9570-b9b46871b759,Wrshephridnths,true
4d542304-db57-4e30-b4ba-b94c68c3664e,Ezpuvfbqvv,false
fa51cc9d-b00b-4b09-b57d-2f2db4d743be,Yaepnzfv,false
e83429d7-77d2-4d99-92f5-e4ff9091cd6a,Qkhxvrmeqkhzrp,true
de361271-46e7-43f9-b9b1-7e0f8116e1b0,Lzzmerszlwkwur,true
3a75ecb7-c02c-403c-b4ce-3129d575766f,Axdpwbt,false
7c7bf67a-47c6-426c-8e56-0632fb24e2e3,Tyqnpngqkzfto,false
0d10d577-a3d6-426b-8a92-9f7d5d37b79f,Hzzfsotk,false
8515816a-12df-4fdc-bbfc-9db4195225d9,Xeekgeiukyra,true
d8fbfa01-d8bf-4d14-8ba9-f3c4936802a7,Eaoliozk,true
3af76dbb-0337-4512-8528-f9d945ab54f6,Lqkajlnxecdmxa,true
756494b3-8196-434e-9698-0fb13e72c11e,Xewkxmqw,false
6904cdf4-cdb4-4484-935a-ba383ff42c1e,Mjxczaenpktr,false
be8e4e15-9088-4eab-9ed3-5456061b4603,Vsrxdwlyh,true
31db59e6-4b74-4201-b14f-2d060c062fe8,Syzn,true
729e037f-44f7-4c4c-94c7-4be0c6f5180d,Jwgim,true
49c0db24-8dad-4f6e-9741-3e864be315e0,Igoxapxcsilqu,false
751e4665-f0d0-4821-8f3a-d44e8cc85475,Oqvzaghr,false
72f15e21-f26e-46e9-93bc-a0aa51ebc5c0,Wzzyav,true
cd68bacf-9e81-4002-81d3-98b764316c11,Losadptxhiummnc,false
6f4f1893-4c6d-4c77-adab-928241abdef3,Fktwzizt,true
936d5e32-5fac-453e-8176-c795759cb280,Zuvys,false
d82d5e70-8ade-41d7-b9c8-d3ff39062ed9,Zjbx,true
254de3b0-2613-4d47-80a4-aa7fb33b6dd6,Tiyplhkpodqr,false
7e525ebd-f37c-494e-b42a-2e43600e51a8,Ctyzuki,false
3346c5af-107e-489e-b5d1-79487bbd207c,Ktg,false
f9a224ce-f840-4751-bef5-764c0fc0c451,Ebaiqdgdvg,true
592ee466-f76b-4892-a19f-f2197f37b013,Brfltq,true
ea33df57-5ddb-4128-96d8-f9c615b1b4b2,Xnoboeqz,true
cfb85c26-5cee-400d-970c-f2f1b5a2b53c,Mualcceisjju,false
2e74ece4-880c-41c8-af30-1601c5f508dd,Xxihu,true
dc883257-49b6-4b1d-857a-c7487d42451b,Mqhozfqj,true
76e1b730-60b6-44a1-a05f-ec494c2ce632,Ujtcyioxyq,false
1d3bd3e9-add9-48b4-916a-e44f0dec384f,Rhxcrwiazly,true
1ae6abeb-8deb-4add-85c6-4c9bd064dae2,Qgyaedsjyazmcg,false
1239e6e3-f9a0-4844-af19-0ba031053d7f,Dxx,true
cadcf371-ccc7-4cc5-8027-c417c60afd31,Rnbrmcwysm,false
9999e652-242c-429a-9e18-52cc4da035de,Qwgxds,false
88132e12-30f2-45fd-935a-b405e9c779be,Nanxccspjikchwl,true
00df6410-9249-46ee-84f8-460132b996ab,Lyhwfrpb,false
eed16427-ed26-4988-8b21-a751d4393376,Ruoza,false
f7ed720d-8281-4fb9-bbb1-2aa7d2841396,Lha,true
dc8fdbb3-9a6c-49d3-976c-d6a3863ec6ec,Axysjqkjy,true
27fe56d1-7ac1-434a-9471-f0d9d347d240,Npxetmbhhwmr,true
82e3b135-d421-469b-9873-a60abb09f6fe,Tqtpnpfp,true
a4294ba6-e8ea-40fc-b16e-68285fb52b0d,Dnpnsran,false
4af96fd6-daef-4fed-bf3a-4995700f2cea,Ydulaupwvhprkb,false
ee77879e-1efd-46b9-b467-9b4c38c4d1c1,Vcydjnrdduywi,true
8239c840-7d77-4300-b5f2-6cff0c18562b,Hiobbvl,false
34f51003-0e3f-4c15-acc7-bee6b598bb39,Bwudoulhskc,true
bc7d4c56-8f1a-4af7-bc1c-e434a4ee0fc1,Fnzv,true
f33ead6e-2130-42f2-bbff-5706586fa8e4,Rmuv,true
f0f9ba5e-9b8b-4c2e-9c6d-4477e832872a,Mhwztrnsy,false
3cce3eb0-41e5-4908-ab12-afe5027db7fb,Iaimxmqpuhiqy,false
cbb2f402-01ac-4b79-815f-5bd83650cf62,Qsssccksehgiw,true
b196bb09-d1e1-41bc-bb37-b29de180e820,Rzwfjbka,true
58bafc9e-b3ee-48a3-ab01-e5ff72b57819,Kwbhhgxqrmma,true
c5c94147-4cba-4e72-8575-77a378406881,Zhbmmxyv,true
555754ab-b884-425a-b119-242972cd0070,Yfjkfknrmrjp,false
1447d816-61ed-4d20-8425-e041ff52c246,Zsktdqpfasofylk,false
8b07cdda-2a34-4cea-8250-4f0c1e4d70a3,Mczuu,false
cd1ac8c7-62aa-4775-8d72-e86cac7b15db,Wkevskbwadixh,true
26615313-061e-4dc5-87bc-bebc2af53a4f,Fnczmonpz,false
7126cd7c-ddb4-4d21-b3d8-7859e7899a4e,Nwfxgkbcp,false
d1946046-4da8-446c-b97a-efd349a6a4aa,Paxlkpzjrmgbzk,false
9de8f109-a905-4a2b-b2fd-aa6c3b59f086,Gdluoo,false
cf05cd98-4fce-4ff8-a46f-3840817ced11,Gjdddi,false
1709b342-83c8-4168-8989-545e59766955,Fhbzhjnqqjt,true
2b24e87c-47f0-4e9d-8108-f68e1addd3f5,Zml,false
17ae70b9-63f9-40d2-9e15-9d79aa4dffe7,Esyacrz,true
a50aa7c1-03ed-4926-881f-9ec6ecd66cdc,Ugpvfvietvnmru,true
ced80c63-ef0b-403d-82f2-40bf44788de6,Hxdzdjiw,false
3dee2ee9-5de2-4352-b797-e83d51520f59,Iql,false
cf56cc2d-c3c0-44af-9440-b1192b988520,Menvwrnhgqqm,true
eeaf6d6e-93cc-447f-af3a-22444260eb7d,Zdioaxyityb,false
bc38a990-291a-4724-87b0-828f87236bdb,Ganbkhbjtp,true
71ba492c-0ccf-4d0f-b221-1c7aaa397e8c,Lyaaysiu,true
6ac97472-183d-4a05-bc4b-7224a395578d,Hdec,true
45a67cb3-2a3f-4e70-a024-43dec9572c7c,Tmhivjisovgz,true
a556b77b-98e1-4f44-85e5-5dc7f307ca86,Ftnetxb,false
174546a9-da83-40b2-a37f-330d8d2ff80a,Aiqtaq,false
74f5c89a-2da0-48f5-be18-74e9585d552e,Xgkyphq,true
39090f0d-f851-4eef-8f1a-9cf029981806,Fdkjhimpxpdo,true
ae004b3c-c059-48c9-b456-7a6179204393,Lilmkgcdsztjati,false
6883fb68-2a74-48df-bec9-ce25aebbe482,Crcugltkxxonj,true
6992d0b9-38e3-4e01-8124-8dc14f032f5a,Fbstoxviulf,true
eedeac4c-fa4f-49d0-861a-281e485696e9,Finqmj,true
24d14e09-0fae-427f-b64f-8dffbcf7624c,Ztnxeskl,true
42cfed0c-3848-4d51-8954-5df7f5b95218,Iuoadbcr,false
d5929982-589e-4383-9e47-7c24766e3765,Zfdvcbtnlmqlsmv,true
0afeee85-2b61-425f-bb30-dbc291e7d7ee,Wfhvooxdvcw,false
4dc2ab30-50b6-44be-8a8b-4d18112af7d4,Bmojtyj,true
dd1a6dc4-cd14-47b1-a50f-327fa1910d4b,Vacfbqzqmri,false
ee69dea8-aee7-4c7d-b570-17bda8c728f2,Szhjguqvoahek,false
5a8e4ed7-716f-4aa1-af56-1c70c2291a55,Ghddr,true
edba5759-754e-43e2-a3d4-fb1fac09fa8e,Bip,false
df142d2f-0f28-485b-a3e0-a40317ec117e,Kygncd,true
d3c65157-5dbd-42f5-9307-362155f57907,Zyjyphcnpwzkvhp,true
bce2e3d7-e077-4ab1-8020-d21d3706b0f8,Eulmladsusijoc,false
1fe172aa-252a-4c08-9575-7ea692b5739e,Hsbypifhypqj,true
7438060f-76d2-40a8-92f4-bfd85ab77686,Tflbswssvjj,true
6cc23de5-249f-40a3-b8cb-e4c3b78dafc3,Bmmygoqzeyboedu,false
0302a6d1-9c14-4ec9-adad-31254690a0a1,Hobar,true
7df6c550-5d7e-4d15-bd40-384322d12618,Unixsgrzemx,true
2b84dc53-be16-4089-8330-8a27f8b02f44,Tdelhg,true
3f8fad71-f1f3-4346-aa6e-e4c5b1806671,Yseffruplpyrdc,true
beea1300-20ef-439e-9695-5ef4e131f6d2,Spthcxo,false
ca36d4eb-a72b-4e03-bf36-fa530cb2cf60,Apwdctptle,false
114cdd7c-8445-4141-a744-69754d86cfc0,Taaebwofncdjmiw,false
547aa389-6b34-4d8e-b854-35879ddf1f5a,Gpblrzyh,false
2c0db6f3-997f-47ba-95e0-13d03f0fe7c9,Gpcgaos,true
e1c960a0-0a8b-4565-8448-cba8dd00c02b,Jlyk,false
283216c7-415c-4e4b-a491-35783ad939ec,Ilynbw,false
940b49b9-e0aa-4257-b6aa-4a0774c18c7f,Yub,false
8091525f-305f-4321-8305-4cd7d8225f93,Ivpucelrkb,true
ba405a7c-b545-4b17-8931-0df04882d8c7,Vdyamoxm,true
9cc135ca-2aa9-4ace-aa84-dba1a0de6ea3,Bjuqnzllideei,true
7617d126-6a49-4359-84c4-221ddad7d5b3,Jxtfcszyjt,false
6990b555-a777-492d-a701-c46d62e8bf1d,Xaghmdtgp,false
1db06a7a-f34d-40c7-82f1-ed3847ab3105,Nnt,false
e732c36a-fbdc-4ac2-bb12-7528aa0399c7,Ruu,true
da9715dc-8afc-407c-bb27-aa6ca375507b,Shkli,false
ac846a2e-1774-4a55-8fa2-f06b6e22b497,Xud,true
44b98c8b-3e32-4cb3-86dc-8db3c421c3a2,Szxtm,false
95926e02-6b40-4a3c-aa5f-485d389a9bba,Ezbhwjbyowei,false
4b687403-5805-4eaf-8141-0d7b64ff701b,Kdvksh,true
793d8cd2-f882-425b-ad12-3c2a77d4b416,Xqyolzg,true
12b6cb5a-c54e-476a-8511-23b63f23ac97,Kficbkuzysx,true
33d554e3-f740-4e25-8b29-0be9e9aedfa4,Dydcpcmbaiyg,true
01229ea3-48fc-4d7b-8b20-13bb116e0e43,Fslxipzulurc,true
beb55072-2f85-4194-ad37-717ae46a0468,Xumwuxgneu,false
6074f6db-c4c2-47f1-968e-778e6e80d351,Inngoityw,true
2d64c39b-2a4a-4500-bf52-f6c9d37817bc,Zck,true
b72e863c-6bb5-489a-9e5b-d7beea80d205,Jvwywgqtwuv,true
802b9c25-0b15-4628-b97e-018f2f9beec1,Wjwzfpjaofoo,false
3483056e-7e21-4ad3-be1e-07e3baf12ba4,Kjcdfz,false
efcca9b4-0cec-4460-bb4c-12ae79d6d6f8,Qdpxhcpkwnps,false
db1ed7e9-c5b9-4606-bc87-c27d3e79829c,Dsqzx,true
78d705e3-4d2f-4f1c-881f-85c40d77f200,Fmliktqugwwry,true
c72aee5e-ddad-42bf-aad0-be60c22e48d2,Xvmrzkskzajgif,false
2e25e610-f9ce-46fb-8293-538d9b030975,Sck,true
9f49fc1b-b34e-4688-810c-9bbb9991a9c5,Mdndlk,false
c2aa5e6d-1872-4b37-bcf9-284619aba635,Gnuhaqamayzvh,true
a519eeda-84af-4224-b7d5-eb96a376e00c,Itudcwjfpskidxo,false
2c41fdbb-ee01-49f3-8155-f6d26835875d,Ppictbt,false
3c82dbbe-f5fa-4eb2-ae24-54884364d954,Xgkqsej,false
0e0d620b-daf0-471f-9c60-4713783aaf4f,Vcyxf,true
f027973a-2206-472c-8f9a-921420b263ad,Fwjizwpordgysz,false
54ef5745-a4a1-4e59-9e78-137a37c14246,Iecfbkzxqmd,false
089475d5-572e-423c-84e6-75a3252701a8,Bxb,true
f3967319-7a83-4ec6-812d-9c66746686d9,Cnrfifgdvkf,true
1fa8a14f-8f6b-4e5a-b847-35cd37abd28e,Iydr,false
e22e19dc-7cf9-4b09-b8cc-e36dd4f4fcb3,Phap,false
6946266c-8b9a-4bb3-90b3-234c21413e9b,Tcpdfhjepxburyd,true
ce56764e-9677-4523-a585-2116825c44ee,Vvjftjux,true
58a06222-b33a-48ee-9827-606b4e868d1f,Uhvgqe,true
b28ddad5-ccf9-4b70-95cb-5a05240bcc38,Ubuiiloswsmo,true
7f4af3fb-6012-4683-8b31-563a9fffbd50,Rdhszsfblz,true
dd3d4be0-3e91-4bda-8438-9d77c3b7401c,Ztcmw,false
40406091-9604-49ef-92eb-0ad761b2c6f1,Vjxgxdmna,true
a4021168-bc6d-40ac-be49-066954d862ad,Uicymfzzqtxn,true
7762537d-ab40-4b92-9628-2acc349d94b9,Toyryxypva,true
dfcc7213-59b2-4d5c-a63a-2ab617a166ad,Eepxygm,true
e84c40e9-2f8d-4b00-8093-f39679864821,Ghgtjleckwe,true
09de9d06-bb79-4264-ac1e-d1b28dae4211,Vsri,false
5aa49a26-e099-4784-b2f2-29041e6f2d47,Xntibcpwrchge,false
90813c88-928f-4e15-9ee3-d993f3062fd6,Eqvailgwovudtrl,true
a7aee5fe-040c-4a9f-b8e9-e6a9f32d11e9,Fvjceb,true
3572efda-cd13-473e-97d2-e1cc9c2005df,Rdnq,true
3ad5117a-292c-49bd-b29f-67313976e19d,Vllfzty,true
a7e2bb58-de99-4e97-b7b7-d1120ec2d1b6,Pceozkwlkizrac,false
55429b2a-6248-4f7e-8516-fe0d0064cfa0,Ijhx,false
f3434a0f-cb03-479e-8d50-acf1dce1592a,Qaqwrm,false
8e402602-799d-4ea1-ad65-4c7fb837fd86,Sqovfttq,true
655964d3-5ae7-41e1-a391-a0f89fa2363a,Alkgapxiqlrf,false
5e7bd919-ef98-489c-90b4-eda4a9d80318,Fxsl,false
bfbcdad7-a41f-4d5a-a647-9d3294760b6c,Mlytfrdi,true
4eeb3000-304d-4c22-bd93-b6106766d306,Gcfzckze,true
9610cbb2-ceb8-42e1-9a64-b18bcd1ee320,Iiilgxy,false
fd207ccb-ae28-476c-9b1d-684e32ce02b5,Mmn,false
79e7c8d3-091b-430d-9641-4e76f0d401c1,Doawqmamkwcnkwc,true
7e9540f2-8ccf-492f-a9be-49f2943a4488,Lutzbvvfz,false
764b6b99-0a64-4b9f-ac9d-94113c5d210b,Nusiebee,false
5bb8df16-0246-4701-9e3f-1ea2709d0a4f,Tzrmxoigwjmksqk,false
a5fb2fe2-ad08-44b1-9a99-efbab6d7ae3c,Myfu,false
3f1a2dac-33bd-4673-8c3a-5f1f5629365d,Jevnbmybmpmbc,false
16460bad-bf48-4c09-9069-3c43a21055cf,Dplnctvt,true
9fa81a6a-fd42-4d4d-bfbc-3c81942400f9,Sab,true
d9d68221-f74d-466b-bdda-d6842251dcca,Enqkeekqzww,true
8d62cf65-8ecd-45e1-8e52-7d85668a0179,Jhdsuasvylwsjb,false
2ec8c78e-a1d6-456f-87c6-ac9fbbe24cf6,Qprgdkcijd,true
97d1769d-b841-4300-a1e9-9d7e80398485,Nneatr,true
9150234a-6f8f-4b98-b3f0-45ba46f94744,Iqjnqupmvox,true
7bcc37ef-af59-43c6-a3ca-3e2a72f462ee,Nkjdvszb,true
cba84780-40b6-4504-8c50-21a751030b34,Ixiiqbxadgpeze,true
5a4e9d1a-eee1-421b-ab4e-825d1e93070f,Tfst,false
987bd665-f29f-4ae2-9340-d13bb4be142b,Xdr,false
a903d8d0-6b6e-41f3-96fd-ae3b6f2b92c1,Buybx,true
1ee1cc1e-b0e8-41cf-9e07-cf048d03b905,Xtzxe,true
c736e361-165a-4180-b324-cf4a6c280484,Gmjalnum,false
bcffe616-ec08-4e0c-b8d5-d88e19b31168,Shdqxnxaot,true
b624ade1-12d0-44a7-83e6-8fcc0ae8e4d4,Bbauzkuqyhkdnle,false
6cb0f5b9-5c71-4dc8-b669-7280f1fab76c,Dcgoabiu,false
faf891e3-9d1e-417a-8c23-b9a5a66358c9,Gtmmmxnjsrto,true
8ba13cbe-7582-421c-8168-5b45b265fea0,Zmoekjrmw,false
d9399002-c420-4eb2-9c37-43dd397b9658,Dtzklhcvovx,false
4efdab8f-5e0e-44b5-9b4c-e77c073f73c2,Yrnlpmvlh,false
d02c90b2-4605-4f29-b2b2-41c3856fbc60,Soyvuimfsbaaj,false
c13afcab-87dc-4eef-9793-afa43acb2d8c,Vlkdv,false
ec4723c0-ea8f-4924-90dd-9a677559880a,Fayvybc,false
f0bd67ff-5f99-49c5-b132-7c6053dfb3a6,Vfkqmvpw,false
5470a8fb-4c3d-4bc4-8ff4-05d8b0f4afa9,Mdltiew,true
303aea3e-199e-458f-b41d-9253cdadeb0d,Kldibbauznbygk,true
8e718d1e-8a5e-4c04-9527-bc9575499676,Ksbcbpo,true
5ac34460-d8fa-4ed1-b97e-0eb5459d9aa7,Aflj,false
56a74425-582d-4a27-8a48-13979a3ba570,Bugbmsf,true
c57c6cbf-9a7f-4f69-99ec-44306e5ab4d0,Uwwkvceaf,true
68f1ce95-fc05-4dc8-88e5-5c261528a9b7,Bffdoru,false
33f40e40-9174-4973-a0b7-5d792ed2539e,Pfgo,true
e901537f-e28b-4dab-a18f-f6da64dbe58e,Tdrvrhaz,true
af198c01-e711-4368-a7af-b113178931df,Yncassu,true
bf1f6604-1cf4-49e7-af09-3296792831d3,Aaka,false
4cde0140-32fa-4fec-b1a8-6aeb1d1083f4,Lgpudgyjxaucf,false
09e627ca-172c-459c-a433-d1800d23f85d,Sthzdveicetv,true
48dbd198-e751-4bcd-a59d-8c1d2d8c1e54,Rdsbbrrd,false
954e8305-aef3-4e9c-aae4-978633e1f7f6,Fmyojeeplcibm,true
c6856f54-a363-4f5a-9d4d-9723c6b2487e,Qczkmevt,true
a581f87e-588c-4880-9ea9-c804d692e877,Nlipn,true
fa58390d-9c0b-4214-92f9-a828e0f4c50a,Ycwmxwrtl,false
f49a79be-f52a-44ca-9dfe-25ffbaa63f95,Uytuegejo,true
4b6cb801-d9fb-4288-8bcb-7bcf5dd5b48b,Xiwisscf,false
4e99e800-22b5-440c-88d0-89c1dcbd2a0e,Knntedkl,true
a3553293-db08-4d6d-a291-dace31900a81,Ewqnhukwdcfbd,false
7be047cd-8b79-496a-97ba-38554773680f,Zdzixpowcdqc,false
6d52903e-1c5e-457b-97d8-f4f715a3fe0e,Sjg,true
1f73d9db-8649-4aca-815d-05ebeeb2bd0f,Sru,false
77bd6a2b-75c2-4169-b6fe-dbadbc2a97a7,Pfwfbni,false
9ec9a2da-c04a-4910-a8fe-13980ac32731,Gkxucfpopwbvxsv,false
23780b6b-1c2a-447d-b2f6-7c1c7f70497e,Ptyejnckbdyv,true
8138a2c7-2b08-4b19-a2b3-8230d1bfdbd4,Tco,false
afe9e4f5-571c-4470-880a-d0a182ae29cc,Hcciaz,true
e6beb331-f40c-44f6-a179-a06b25542e38,Cyaua,false
7f41657c-8053-40da-b008-9c4285ed3be5,Hijpfpyveaarsa,false
543474d3-d18d-459c-889e-86c68ef5a320,Gnj,true
d1cd8456-49b5-4235-9e60-e025e7f13ae2,Swbiohbrnmcyx,true
4b50bad6-0160-44a9-b286-7db64f5980f5,Qwjklrzhywthqng,true
c56a0ace-f617-4c5f-8d35-7b7a0384aff7,Rehniwbipdjzb,false
fe2a8fc3-4d91-4e39-a935-6964209cd449,Rnwemjydovq,false
67feeb99-3e3b-4c47-9b47-28117279ac31,Jgvcabqeczfkvr,false
e3b26c08-a5f5-4d1a-93f5-a2c5b4bcbb40,Rjnyojuyrrhw,true
d8bee29b-7124-4241-bbb0-33bfdebe305b,Cebzpwiedsmdmbd,true
ad99c9c9-1a61-43df-91ea-cad649ea27f7,Fediurl,false
048e9c37-461c-479d-8b09-81f349cf27cf,Htzinvunpat,true
f2bb7e9b-0f09-4a7f-be0b-a3458a6d11db,Zndexo,true
2d531930-907e-4078-a030-0a1e435180b1,Xtk,true
713e654b-204e-46bd-a409-a44643d93366,Wjnqtp,false
e881d7fd-2ca0-459d-8b67-ee4d83450176,Dhysrdzue,true
dc11db30-b1c4-4cdf-8fa0-1e981a1de04a,Whljrcb,true
1f88c494-2ea3-4ce3-828d-560476c05462,Zsjauggumuqos,false
7e1ea769-98f3-4917-b5de-449c01e7f638,Wxwsqusz,false
1e8021c0-773a-4fef-bb70-b5ef2edd907c,Zvxbsyaxjddtuj,true
699c3c6f-8a0f-4fd4-95a0-c2f552f2b829,Btsolcpn,false
3a1aeaf0-2a42-4fc8-bde4-8851a42ed735,Plh,true
73425b05-c52e-48d1-9b8d-e98660acfb8a,Wvfplde,false
2fa08f17-6b98-412d-8f06-3988d5cbfdef,Hwwlvqzywee,false
9ccb3d13-b0bc-4372-9d8c-44662a952e60,Ikasxjahckqsa,false
b7793b63-952d-4c81-a4ff-c872ec052307,Jznwvpyjtwqiv,true
9b71be2f-0b75-47e1-b1d0-715df5152f4d,Rynurfjhmnavjg,false
ac8a9a7a-9793-485f-a3e5-66bd62c84f8b,Uedqui,false
4569fdf2-803b-4e79-b367-13255d9d8310,Sjd,true
c0950183-9967-42bb-93ef-0685bb440239,Pgoohr,true
111a02e8-206d-4fa0-a3be-2547dfc9421e,Xeceduaokt,false
cf83936f-a63d-4184-95a7-4360ebfc0239,Myibs,true
e4141802-07da-4016-898e-340b6dec6efa,Dabli,false
727ac89b-fea2-49b0-9092-d91f3a2ae5dc,Hfzkrftpaksu,true
ad438231-b3f0-4955-80bc-e0fd4c275386,Itwydcqfnyraxiv,true
a59258e7-bae8-4f33-bd88-b3581eed3730,Nesfhntez,true
f79c5875-d753-4391-8f75-903dcf1c9e82,Fms,false
81daf940-7e8d-47cf-8b3e-77003926426b,Pkzatkmvjre,true
cb2d2cad-a54d-4644-8174-0caa88a58a8a,Mcuhnvywy,false
1915ded1-bbfa-4db7-9aa9-7815221280de,Lacbfzdoq,true
a2a26f4c-2cc6-4208-bc3d-a4413558a4a1,Emtjxuyt,true
b90540ee-a2c3-4332-9645-f867c4e75573,Rnuqlni,false
92b97467-cae8-4521-ab02-639a7ec26320,Zfvkkwfravcvvwq,false
9fd3ede9-2b65-43ff-85aa-7b7a168aa987,Vztbszutqrdyks,true
2fe9dbc6-d540-4407-8906-4c2aa1dabeff,Pmwdyhidwqsu,true
fe417e4e-65c2-4e01-b126-408a541c45be,Iepxy,false
dbf170c1-ad57-4d43-a4e3-2e420b5fd727,Okfjq,false
397f3b9f-c196-4212-8077-a082bd96fa77,Ttu,true
fcd6efbb-5e3f-428d-9686-002d7be14310,Kfiqmrgximwvaw,true
d733c8db-fa73-4208-99f5-f4e0c39e874b,Ypvqszdu,true
5fc44ddd-75f9-4550-81b8-b6e4d050a933,Hpbhorlwha,true
30de16a1-707b-49b2-af36-2eb574089f7c,Madm,false
fc12c51c-9e37-4da2-a6be-f0bc80b36e56,Yfcpuhdtivvpp,false
501a1f87-507c-47f2-826d-5ccfed8ce2e6,Ytqyatwmeeqxz,true
bb109f27-12fc-43a2-bfbd-b12296bc2405,Yxqxwbkbkm,true
a9c9791c-2a2d-472d-a1d5-7931c7937019,Bhllz,true
79c9fc01-2043-4b82-bceb-d5a16b3f1425,Jfbcphuhcbuuib,true
4aa3aaf8-abf4-43c0-abca-3c1c548bd162,Jisflmdcuoxvqax,false
d884b1c4-a3e2-4948-984c-95a33e56ae65,Uibipssvfuqa,false
6e0b15e6-ab8d-4cba-b127-826eb2a993ee,Esta,true
7706c8ad-e3e9-48d0-9a14-9afff685dd41,Sie,true
581a1dd4-49af-49f3-8345-02a09708553d,Ohvhstkfteadrmf,false
5a92d7f6-ce79-40d3-a35f-1d5770e82879,Cjos,false
3d61e797-9c16-4fee-b2c4-575a5ebf275b,Czugpmjbysi,false
fc023012-ffd7-4cfe-880e-af37221eaaf9,Zpesxvkpkwqm,false
7cfd5c6d-9092-4e89-a089-a2ef07ea862e,Pqofnpqkpxhpy,true
cbeb1cb8-d06c-4488-aa05-3e14edc80e44,Pyhzruxjxtf,false
00aaa7b6-3947-42fc-a807-7279cc83baa1,Ycayk,false
dc1b6153-0abd-4f93-a661-8b79f41ebb6e,Zxyakerjmw,false
f0483530-5577-4e4b-bf5f-f956d76604db,Ypbbhsswugw,false
59cd9af7-49fb-4bf5-94d8-19829093c112,Gltxvngbl,false
70507f45-697d-4f88-a618-13db2a069774,Lbaba,false
177d99fe-6b44-4350-af2e-7fb026b5fa52,Yvcsrbikkihmz,false
d7b7c22f-0887-4589-9895-f08230c16b66,Egrhrmjcvgqybs,false
207da6e5-7cc3-4bc8-b614-cd32c5a33b13,Iatzydshqiyrqt,false
38498ba4-6458-4d1b-9e0d-68ce53fae0c1,Nozi,true
f495eb27-d868-4cbd-9151-6fa2da96569e,Eswuoeckacwuhh,true
1ec9fbdb-8400-4848-892d-9da1cfb03ad8,Srennkagk,true
5dea6fce-d7af-4cf7-91d3-8af67494653a,Bolqwhkkwjrcmm,false
e0a729be-b6f2-4189-9fa0-69b4be4991d0,Zcu,false
b7a9b0de-e8b2-432e-8143-11d148c56747,Mzuypsqradbeoyc,true
70a02744-b29b-4e28-af07-f6be13fab149,Rumpq,true
305fdab5-b0fc-4a47-b593-9cb46efdb793,Nctv,true
b4b8869e-6d2f-49b8-b5b6-810ebbbbdcaa,Jsyakisikvqh,true
312a2140-1a12-488a-8c23-a5721efeabfe,Kklo,false
40496f75-90d5-416e-bccc-22b9011f59fa,Pildo,false
67073da8-a2b2-4a51-a4e5-245f7ae449d0,Ljz,true
b8f2cd03-5702-482e-9cc4-208e5d4edc59,Yoynqzyszhtrq,true
b008bc1e-8bf2-48ec-9408-ff81d9a6c432,Tswfxpc,true
15daac61-43af-46cc-a166-de64935c738f,Mzwauczc,true
ad345207-8b2f-476e-bff1-72c0e1675fea,Ucdyhiarmgluby,false
6ce27c70-d840-46a3-a0bd-f1e821f3d018,Vcjaiiotxwrxg,false
e0f53045-ad59-4379-a310-43a8a580a15d,Jeqwpv,false
a4550059-2271-4e4d-b471-4aa1e14f69ec,Radtmp,false
3d72e661-f404-4efb-894f-84569c635bd8,Uzdiya,true
6ff01675-9f28-4ac1-981f-602a5e9f4e92,Cggbmfyjivi,false
58c3c8e2-7b9b-43b9-9419-e6692540829b,Imprnce,false
01854aab-5677-49ee-891d-04bce959d0d8,Hetvzwdhivlzni,false
708bdc5b-28f5-4b00-b36e-f64804ae2372,Lmtiqydum,true
e1122146-1a74-42a1-810b-4911b805fe8e,Eupibqutdq,false
d7b7cd94-1762-4484-9178-daa552d2315c,Ltawncbqisgd,true
4c0a6e1a-6cfe-4744-9edf-7079b8612d56,Cckoisyw,false
e3dc09dd-9b41-484b-b099-f89c9ff0288d,Mqzwt,false
