id,name,restrication
8a0ee291-71d9-44b0-ab4a-13c380489f5b,Kyvneerriic,false
5daa52df-68c6-487c-a25f-fa192c1f06a6,Rod,false
7b7491f2-4229-4f79-88f1-d9c07216ac53,Yxpudtrohpfrwqd,false
0db52b29-f2d5-48e7-b76b-cb48cd7e2d99,Sldelljlmtbko,false
255f0ea1-1c2b-4a37-858f-2cbbe555011b,Goviorjrrxtxce,true
1763ba97-da7a-49f4-9276-3530de728456,Dlyaq,true
d265d2c7-7a09-4744-9b20-a4de3b5c0457,Ggsrpvzidkeopi,true
8009a86b-02a9-416f-9c5b-e170fb31d52c,Jzvdb,false
cb6a9cfa-42c9-4374-bef5-db8e2986fcba,Pcdryvrcedai,true
3f9d407f-b53a-4163-afe1-ce985c7e5955,Ngkdp,false
784a1cd0-2add-41ed-bf74-834f11ec2b11,Lnjndwynegur,true
1a542ca1-7fe4-4abc-ae51-9ba5dacfdcd0,Wegxhyoj,true
b12396e2-5ec7-4d44-9775-e689435e7c73,Hzklpkqygtj,false
30734fe9-8676-4102-a255-abcc9255fd83,Pkijb,false
a874ede8-dd4e-4c53-838e-35bc4f976ceb,Gnfvvymd,false
1c676bfe-468c-47d0-a876-746ce6eed59c,Hpiraow,true
ddeba626-bf2b-4402-8014-c2a369e12767,Wwg,true
67e3914e-2710-4e98-acd7-04a50e6ed457,Mjglizv,false
5ad7cf6b-983e-48ac-9981-0d279d815912,Doatge,false
b6ce4357-b867-4fca-814d-fc40aa19456c,Xbljg,false
f721a4db-8b3b-4115-bbba-3762c538f4ce,Upgavyeaotydzlh,false
1d8888f8-061f-45e5-8a1b-cd7fb278f338,Xzoxmsidbzgy,true
5dd88c5b-8ea8-4e0b-a5d4-de5b4be400c2,Gmyvfenfubvuhrp,false
ad10882d-d951-4d5e-a0a1-0179f2e12206,Guoy,false
fb9c4e70-7677-4306-b085-b1bddaaaeaf0,Cxucfda,true
0d38feb9-ecd8-4712-b49a-a301fea9627a,Qgk,true
bf398a5e-06a9-4179-837c-80b064fe3b97,Yefxevtajgzihm,true
33ec14bd-05c5-4ddd-985c-86b87993d24b,Nsgfwnhusggfpwe,false
0226ab5e-98a9-4ec6-a36d-be2688e2a2f1,Ucepxcrfx,true
7b430854-05ba-4a3d-8eff-fb358be84a29,Jwgqnldi,true
4712a9db-4ee8-4800-9226-61ae02481438,Hiyjlynmkrxsy,false
57c07b7f-df8d-4697-b170-bc2390e5ad8f,Gboao,true
bd0024bd-a2ff-4030-82ca-946a27fe27ca,Srfwgryazuxeu,true
87bd2bce-3b31-4aba-9c06-c3e1d4a2d068,Hyjhdknxne,true
718b8019-0d58-4744-a634-846cb2d26a27,Faaxfbztxzz,false
b358c0b3-8d34-40b7-9505-1fd9253df0ce,Obcgcrxhtgp,true
4140866d-cdc1-4ea7-95b2-15a011cb6a9e,Eqw,false
8d7697a0-458d-4ea9-953c-f9a65fbd5acf,Lijsrfdpfba,false
1bb8d438-36dd-4709-b4aa-5acbdea2975b,Chbwlpu,false
a5e51bec-8f61-4c42-9b7a-cdebb0ebc657,Gcmjimhg,false
45135fbe-7091-4616-9f78-f49b7c790926,Clzbjlynanvqfi,true
fcfe2517-9d32-477e-a124-7c14339e4b00,Drsvtzdr,true
c6d55adf-165a-48fe-8dc6-8b192978ee72,Nljyvanads,false
d188d8b2-1b48-468a-9e52-00ddca76d8f6,Englhsagdx,true
0b110b55-f58b-416b-bc4f-1cf9a12650f6,Ocex,true
295785e9-efb4-45a7-baaf-ae1174ed2c3d,Psugolheyikddmn,false
6f78a834-7918-447d-8183-ee5cfe8dc538,Przxiahpyinqlw,false
ec44e8be-5277-4648-a520-b14db92413e7,Ucevs,true
fe583d1c-02d0-45e1-b144-3a95bde0472c,Spfjypljwlfs,true
f5c8bb1d-cbc2-4da7-8afc-91e0ff79eeda,Comcaopns,true
8831787e-903c-4ee5-adc9-5952ad7837e1,Eniswualpup,true
51dbadf5-ddc6-4636-97e8-2975d34ec2ec,Mcxddo,false
c6f1851a-f1e8-446b-8364-d4134ce2f2ea,Bvo,false
a9f4957d-9e10-4f2c-b611-d4032c3017a4,Behhuwfia,true
469f3d69-956f-4e62-a49b-ad225c9b7e8f,Hcw,false
ff5a3f38-af21-4888-99a5-db054a63e475,Sktqbmiug,false
8b8e550d-36c8-4892-8899-c8e8e9881fdd,Wskygh,true
0128e1ff-6f74-4b8c-acd4-b3e2a7e5f434,Sbpeyuzf,true
078650ea-ea97-4d1c-be8d-50be0fc7e989,Zjbctis,false
9e173336-3eb4-434e-9044-ba398fdd9c32,Clyuexmugjfu,false
80bdd726-7b51-4032-ad2b-be192413325e,Zkksojyothdr,false
03ebf8ff-a1a5-4402-8d82-8ab37da328cd,Hwmcuv,true
d8dbdacb-b5b2-4cd2-8dd4-e4e96a52473e,Xay,false
bba24609-ac15-4440-bab4-12c7b5a18517,Uowlannp,false
8e39fcc0-6d1d-4b32-9791-895ba51e6f67,Tsgvahazigibqi,true
2eb09920-13c4-42bc-9835-81a4b8d11070,Bzk,false
59d80424-7bf5-40cf-a602-396459780027,Zlepqcvayfrci,false
cc9ce0ca-ecb9-465b-b6d2-3d5b5337c3d5,Obdzjb,true
9bb2b0ca-039f-4e92-ada8-4c555be070c6,Gtyl,false
e44b92d5-be31-43f2-b875-2e7dacecbdf5,Vryyqmicbhxvwha,true
9077d780-576b-44a6-b14d-273be892cdc4,Lamgrpsr,false
d02ed350-4938-4a1e-98d8-03483bf52cf7,Nilubtbhow,true
422d7933-9c97-40ae-bf24-b07f2ba139f3,Aayuyvlvped,false
7762efab-3d66-4ba5-99bd-4b902c75252a,Hirfahftpzh,true
e87255ac-2d51-47e7-b166-1af1a371c7dd,Hpaveicoqmhbrpg,true
06a51367-916a-4d7f-91bb-3728ce42cd0f,Drcto,false
199efaa7-a4fc-4671-bd27-b6bedcea930f,Zdvvkmsr,true
f7085ad3-477f-4ea6-bd2d-3716d97bd36c,Ursyi,false
d4af2452-4179-4561-b7ec-6e8f50798bf2,Hoakxoppyi,true
97c23e03-8551-4cab-bd5c-24bf3b641bde,Lqtpaffiavg,true
ffd6eaa2-1fd1-494b-afb0-38c1e1ca0c7b,Jipzrnxrznk,true
9ccb7897-0493-4847-858c-d1bffa2661c0,Jshmtdcqnihluvo,true
470c4bf3-7fb9-469e-b762-f7852d2e23ee,Lgshidubzjztt,true
763ffc85-854f-4180-a4e6-d90495c32dce,Kopeursvsb,false
4aec0cfd-dcea-426d-9373-4936965e4fff,Uufwahisuxct,false
f171e5a6-352c-472d-b2c2-d35d7c8786c0,Qzrqojyjknsnoe,true
bf640b7c-f800-4836-acea-24655a10e5d6,Jqi,false
1b6d0483-f09c-4da7-a6ca-89b3cd423cac,Lvtppopr,true
7c075983-9605-4f29-a16f-5d11f77d6ff8,Wadtifhoirbdaxf,true
3c87aa56-4879-4e77-b954-99c92a043fd0,Dyyqtvejtddoe,true
d3162bfd-bf4d-4ac9-a596-f0344b1b85c1,Hkor,true
5967aa16-8b55-47b3-bb43-9d48b6601ef9,Tpfoz,false
337dba9e-bbaf-46b1-90a6-4490f3acc6c9,Ahwthoerxucltdu,true
a27ceb98-2423-430d-862e-407b9b5d8102,Emeqiqe,true
080bc548-3c01-4966-90c3-af795ddce946,Njctkoepnfqhcs,true
d9bcf6b3-be64-4d0b-95c1-2629bfefe0a8,Die,false
64305c52-6889-47e5-85ef-2d5379eb6add,Hznnbxbpovilp,true
71bd5a75-bf27-4989-9a38-dfbed310849a,Khs,false
611cc9d9-0210-43dd-9398-15baac78c652,Wwbl,false
483e03eb-0377-4ebd-b5d3-5cf25567caa2,Hrnbzpxepycc,true
33b5e40a-0dd3-4079-aaa4-95182f2771eb,Rnjmlvziba,false
f34d6515-d1fc-4a53-bda7-9cc36bc2b16a,Patcddlwwchhs,true
fb6a7b99-c44a-443b-9a7f-c1885a0142d4,Sctel,true
fda418cc-3216-4fed-b875-e73f43731949,Ovo,true
1308b50c-aaf6-4aa2-8ced-4bacb6cfe751,Hldcijympabhghp,false
d2db9eb9-3b6e-4e5e-910f-d55ea8cde7a1,Mipcbvamzu,false
41e9db39-3107-473f-844f-0c5579c18656,Jgcfemky,true
48ad088f-3a6c-4367-bf18-99bf51f42de1,Xqhlexbposyprp,false
2f9fa786-a453-4097-b8aa-02c6e88d597f,Qfnnklncp,true
eae51cf1-2afc-41e5-82ff-47b4dfd75fb1,Padcbcl,true
0e109d0d-215d-4165-9a9a-fdc7590e15f1,Iucxsjrwb,true
10b62935-a8dd-4020-aa34-badd92854bff,Kytsgtgol,false
01752bbc-16a7-4345-988f-897c003ab1c6,Hphz,true
391fcd67-058c-4bf2-8582-c7069a33c75c,Xvsdakvegmx,false
2a10313f-6a2b-4bfe-8e99-5671b87caedc,Uyhsvnm,true
72ecb86c-8bb1-4c5d-b794-1c1708c5c01d,Ien,true
09a753c2-1d89-4ad5-b57f-93e3847cc0c2,Nan,true
dfa278fd-5031-4326-b009-ca3295dccf5e,Pdl,true
031534b3-9da0-4fb3-8dd0-8f01d31e264c,Blogysqp,true
c90cd2fd-1e53-405e-8ca0-0bc38627fa01,Waprfsubrngyx,true
65875482-31c8-46f1-a01f-5760f6e1e147,Qyu,true
ddf8be40-0e0b-4b35-a55c-588179cf9f03,Vjajmcdfdta,true
b22e1414-086d-45d9-a7fb-608fb10d6239,Lyszfpft,true
09f686d5-e158-4814-98ef-2097ed93b253,Jvhsgwhdiuh,false
193821f0-7860-4299-8b86-dee7bc2b4384,Blhxxaowjthblo,true
a6d8a797-617e-4679-af5f-c34bfd4685c3,Klteltlb,false
917adbc7-58c3-4062-b800-0900607d11ea,Etn,true
edb0b2a3-abc9-41e3-8819-15de53c15d71,Sanoiehpkiecq,false
42321481-b601-4033-ad64-b68b00bf6c81,Ktghipypkvynu,true
00bbfbf7-604b-456c-bcf0-e56c46d184aa,Bjfnpmofi,true
206f7cc4-4f53-4330-890a-0dd126259231,Babxswculye,true
ad7aae5c-99bc-4216-b1f9-cfad7dd8aa6e,Etsdhzrrpizuom,false
93b6b7ab-2ce9-40a4-a170-9701ec5bc019,Fyu,true
01720206-ca8f-4be9-82d7-2518342f0d17,Nxsziqnz,false
9a2b5cd3-1b0e-4365-804d-1c30d5ddbcfc,Waoz,false
908bf975-0dca-4659-a1f5-c1423a57e21a,Fwksoeiaieana,false
25c955e4-3d51-4aad-ad6c-dac28c980f60,Orrzxwdcelfasu,true
87690938-141a-43c1-a423-789b024f86fa,Wgmoulhbkmwghp,true
22a55712-7e52-4ac0-8a1c-abfedcbd2e3f,Ecqydrdenkbony,true
37ba15f4-3a62-4e7e-9cbd-58fff8824c37,Ytffdkqoldthlj,false
14cf38cf-8758-47e4-ac4c-580a4dfdce31,Muffvo,true
c9f47135-dac8-4335-9b93-c13902d5538b,Uitbpzpflcabssr,true
c4b6fdfe-06b8-435e-bd80-00caed189b6b,Bct,true
84be163a-9818-4e15-b3e8-e94e7af074d4,Trpekjwidt,true
51bf4537-d84a-4bc3-9801-df3687fd459b,Qdvljf,true
f2068752-b672-4705-9c2a-544e1bc8eb7d,Cwfg,true
f42123e5-1015-4f2d-b03b-947eef861866,Aeqmtyvlt,false
468ca022-6750-47d0-8e23-6990fb11ee23,Ctaiepgklbqdgxt,false
e73ba5f5-aebd-4999-b7fd-60774a800756,Loiuoaif,true
ad0f8f96-91fc-4bad-8f64-5107b4859d51,Zgdeakbjot,false
a7e0b8f0-784d-4de5-aa7f-ca1d68cb956d,Fdtpzyqodndqc,true
c40bc072-dc1a-49ca-ad22-40da04987580,Iexcmdyrneagjz,true
1b536a03-2c24-4c01-bee6-463f59ee8a6f,Aoovl,false
e830fcf4-aac2-4fb8-bb5f-f5815c722982,Zapnmnyargo,true
300a8486-7a40-491b-8a66-6325fbf03272,Bpsluizcphjv,false
9fe6b855-e713-4f2b-8393-3a2411429b05,Anvhjsfhivbl,true
f27ca756-0e46-4444-aefb-eadd517d1a19,Jvfbvp,false
1570464b-3843-4e0b-abc6-642b676b057b,Urgjdiembzled,false
ea0da38d-f66c-44c3-8d8e-3108e3a0db99,Wfmntvsm,true
58fe79ce-531f-44ae-a594-07e26d2a5531,Vasoygwhjt,false
6b051b46-b181-4a84-80ec-dfcdd5b65ebc,Eqi,true
f4e99808-3fce-4ed4-9de0-267bab10e68e,Ggjnugdypa,true
584319c1-1ade-4d22-ba6d-fb3c534ab43f,Djiustlzdxaxptf,false
afffb37a-3f72-431a-9773-fa7d7b810004,Zfjocwtmlldpz,true
3fb89729-b794-4c21-9f29-4d156ad757a2,Mlzpfneclmupbbp,true
2dd52977-3645-4b88-99ac-7c8f6a7c27b4,Injacddoj,false
2b5a63a0-22a7-47fd-ba3d-3acf051d1be9,Ceroxannhg,true
185d7044-5c90-415e-ba95-6485ed39341b,Cxvbrwmzqirp,false
19e44bee-cc46-4319-a71f-e9c47cbf5f79,Hmnnqqxa,false
77091558-dafb-4bd7-936d-da87ee5f5c2c,Agjqqv,false
c5814d6a-9b48-4413-90da-9f4567841ead,Xss,true
17a607b0-ffa7-42f8-8328-95ad8154fd70,Npuwkftm,false
02964ed1-890f-41ad-a1f8-89c2f668456e,Obriyuwjl,false
141fcf63-3b20-4c85-bd00-f42739c80d13,Wus,false
45811bd5-59ac-4cd4-bdd7-456d6325a7d5,Buaqjse,true
4a45129c-97b8-4be9-b14b-40cf97e09bf9,Rhzhivsbu,false
bb563cfa-ecf1-4991-be82-c732c0771cdf,Opecgbg,true
06da721d-a5f2-4135-a294-d871385735a6,Mxupkye,false
b9c282ce-4ed2-4259-8b02-f65db34ce6d3,Kvzpyohocnpja,true
1ca8127b-9916-478f-a96f-5331e864f357,Cikipxx,true
e680351e-4f8b-4b15-b618-21fdf48ccc1d,Kblv,true
5fd5b83b-e422-4ed4-974c-0ed137278c72,Ddaugm,true
6127428d-b549-44a2-9a50-064454bf93fc,Macwmhtkjtcsw,false
b9e69120-cde0-4d02-aa38-f5892fd477a6,Fxh,false
bc5a7281-7a2c-4f70-9d96-6f540c455fd5,Wltfubozjier,true
591e6125-6e00-440f-a71e-b0e256dea936,Gwdznxqnmr,false
844f7eb5-5ddd-4119-bf16-3df9e48c4abd,Ivz,false
25b4b7ff-9ebb-47df-bbd2-f1c1105e3791,Rwxeqkf,false
6ebbd58d-5207-48ca-8321-f201c8949780,Hijadxkjb,false
6f467c88-f0e5-451b-86de-a10670270532,Jqmp,false
3a6246be-c37d-4760-944c-ed0e89eee18d,Tbrjbs,true
ccb64a0e-ac21-4d63-8f5b-00a35ff5f063,Fqhlnhrmk,false
28f27042-7117-4103-bee5-c704af36bd9c,Wemiuujmbi,true
13966470-5476-4042-8853-939d4b161799,Mswhzn,true
4c226a98-4e79-447a-bdb3-0d473c54f0f1,Eezabyqdsvd,false
1f43efab-258c-4661-bebc-db5789244efa,Zwxhjevautozvfv,false
83059f5f-6345-46d1-bdf7-5b44c2322de5,Jwghmgav,false
460d8c1f-5774-448f-a438-21663f007aa9,Zgickjtxhrzcdbs,true
51bef33a-4a8b-46a9-af9c-267f2615e562,Szusoohopaw,true
20bb3c40-cafe-4ab7-980e-b92bc65e864b,Wdfg,false
d09566af-a823-49bc-a612-84bcc7f3f5df,Pdbyljanh,false
8c98a11c-f618-42d4-8223-3262d0358114,Hhabdkqvodmq,true
ea279ba3-6926-4fc8-8032-47be92e9ced7,Zenujggki,true
0bad9c3e-18ae-4494-a2af-61eda11ec8f6,Oafotgfabygqjm,true
7c5edb67-ad8b-44d6-a9c6-85cd8b2c5e74,Ikyxdizraqx,true
5de69a82-ab95-453d-8f74-abb84c21e064,Cgxzyjbgce,false
df44efdb-4e9b-48b8-bbd6-b79579bacb70,Slcjoyvhjpms,false
6b6090bc-e21e-4ac0-bb22-923d49d99252,Asnjx,false
fe616f99-1399-45ec-8432-20a7a8a32a9a,Hmlbsxpldtpcrf,true
321c6319-4006-4a64-943e-b62d73effe9a,Zkiwqcv,false
1a32d43e-0684-4410-b29f-d48a35d89976,Qutoqb,true
af1ee1fd-a323-4b5c-8324-0862e05d8104,Uoxqmqryvjzlnjm,false
ea73e097-01eb-45b7-a42f-649dcaa1d1f5,Yuvppiidtmu,true
1fe97db7-e6e4-4046-8c3e-b7bc77445818,Gvtqlcoytc,false
9f07b70d-83ce-4f3f-98e4-f897340797aa,Ucyuggzmvxinimc,false
af3010da-b09c-436b-b4de-b5e9f097e003,Khrzjn,false
6c05c93c-a3c4-4688-a4f2-0bdd74daa16f,Jyyanxz,true
e0b7088b-c4af-42fa-9b94-54ee23dabad3,Wjqrsmrrweycfqq,false
5ca2851c-9789-455f-b515-b61bf958bc0a,Syhvzyxntqud,false
20194af8-4aa7-4ea7-b580-3f5b27e815a2,Qhpca,true
39bb0580-94ed-4e73-96e3-49df843d89b2,Czeilipgf,false
f38b6499-db6b-4917-9df2-c9accd765d1f,Nizcflalwwmszem,true
4a41572c-6e5e-4ad8-b811-443b61a25d49,Dhouxisjrcm,false
dd9af595-c389-40b7-b506-c3d002e30ffd,Rdastp,false
a30268ad-444f-443a-8341-8e122de7c020,Uplsuyalc,false
be4559f5-6399-46c1-b449-ccca1ecc3e19,Mwhhbjb,false
94e5e0f1-8a80-4e02-a33d-e8ecbf8d57ce,Wkhupanwlo,true
2fa703fe-9727-49ca-b463-43fa265dd527,Icnv,true
5b5d984d-3143-4b9d-a8e5-4c90191ca63d,Vukykkbkmyr,true
edaece6f-3dc8-4859-a5cd-3dd96b5a8f68,Lukems,false
826aaf49-4695-43a7-a2c3-f94053e7822b,Mrjwcjvkol,true
1432fb5f-84ac-4c45-8159-1b351f4e06f6,Quianbnknerxziw,true
c4176103-19ec-4ba6-9cfe-dbe9e3afb7d1,Yzadzoh,false
5f09012e-9c01-4e92-9006-07229912a73f,Ifetrybgds,false
1a7b563f-4d3b-4e0c-8f94-5acc2feba9c1,Ggyv,false
2589d35a-f49b-4e5a-8578-1f868f566af4,Bgbcroah,false
72acdd9c-f008-4a9d-9d7c-2b9f352dd5b5,Gbbobbpuoxaotp,true
9d3fbfff-6cc1-459a-8d15-6e07e60bcd7e,Pmfqvczpdzhp,false
fb108ead-fe88-4e0b-9ab6-ebd84a804c79,Twh,true
da084899-ee0e-4ad3-b696-13aaedcd4c20,Xpxjduqiklonqid,true
d51ac092-2e64-429c-9009-a4d20ddae520,Bhad,false
7a56e21c-1529-460b-8898-081630af68ba,Ckbtjcbxvslcrrq,false
c5b8cfaf-8032-44e4-bc8f-39607ca75c08,Fqluacn,true
efd9a601-c399-4d65-8c65-e108a1178d77,Bwhvxmskdqduybc,true
eb9eb0f0-2299-456c-a533-b385258605c1,Rehdb,true
fda6bfbf-7de4-4387-b21b-0415f02c8f4f,Cjgsbnlb,true
4d4ae5c5-4891-4680-9aa0-1dbec1b2151e,Gifwgtmdcljjqt,false
c01d242c-e3a3-40d2-a899-c48395675c09,Udisc,true
36ec0aa1-d293-4b29-82b3-fd807d109e48,Ymaetof,true
9c6654d5-b249-4ebe-8d9b-69ee322de8c7,Udeago,true
b4630508-303b-42e5-8c7e-c443191ddb31,Abefusi,false
73c78fc6-615f-493c-ae82-c745053c180d,Asy,false
8c610659-b96d-4e46-ac11-23275efceaac,Qhnvbpfcq,true
a2f26319-604b-4576-ac93-ffb5ba5806c1,Wpgxcbkeosigprl,true
9fd3ed2b-01f3-464d-8109-3d67cefaf744,Gzqqacoclhuvdfm,true
defb1298-010e-46cd-bf72-6954eb091c91,Artbn,false
c5c2eb29-8483-4971-8b43-95d76b7ec994,Znewvs,true
1906b54b-ca8a-42d3-8407-3870f0992e4e,Anfytjpyvursakk,false
456de1a5-127f-4f28-a82f-c5d9829504be,Mjbw,true
000845c1-139e-49e7-a236-ca16466462ae,Zukvaqfbpb,true
263a3104-b8d5-4045-8eb0-c350b802d260,Xqckvzdkfz,true
f2aa1005-caeb-4b8c-94cd-5619031f4c1e,Zrydckuk,true
b592439b-7bc0-4f24-a3c1-58c4d954a23a,Rbdgthdkk,true
5e89a5cb-3187-47da-ab2f-072034307119,Wvbepqq,true
9a6f96a3-5f4b-4ac5-9cf4-74f9b19db4df,Thcvnxa,false
fb9cdd47-9b5a-4832-94d0-87bfc7674d99,Adiwqhutaot,true
09dead05-6896-4606-87f1-7547a2e4a5e6,Chtoeeo,true
ddb617ed-1c90-4cd1-8a3c-4f88faa229ed,Qhxtxnglkjpfyvp,true
7ae59c67-2111-4630-8a24-ba54cd5cba7d,Yozucij,true
9d13fe07-26f8-4da5-b20e-09072bea644c,Qgkytid,false
4031b701-1087-4ad0-96ce-70c0057482a5,Mzq,false
f69dee9c-5e85-442d-a061-c2cb6752d587,Xakkehhgt,false
4b096387-abe0-459c-8581-790aeb81a2dc,Lvfuuozt,false
0443edc1-6153-4621-8025-6d4a63a3d753,Qvzzab,false
841c1485-1671-46e8-bf17-17197f17132c,Qlpyxdlils,false
7f9ab45d-43ea-401d-b306-28137554d72a,Jsgjvbifqk,true
2b059c02-e9bf-4399-8619-647355616f81,Traajhh,false
2449352f-7580-4319-87b7-8ab883363513,Lsodyz,false
cea0d33d-31f2-4f7b-abec-ebcd26bb915e,Eii,true
0195076b-1fdc-49fc-882a-16dadcb0f567,Ztooaaoaqatec,true
46a59c49-0d5c-414c-8f46-bce9322df84f,Powqqfdazaufwr,true
421243df-4ee9-4eca-a26f-661e31b7cc61,Asquksc,true
8d9d6220-fa5c-4c53-9211-d675b4d8df51,Hiatb,false
858e35c8-f219-457e-84d3-0153f4b98aed,Mqwtd,true
903acf26-85cf-4faf-ab92-948eb06327ce,Peq,true
b54a0202-86ae-4c85-be8b-99c729ffe5f3,Mivsnemgyeu,true
d3ea0e5c-d260-4c2b-8b2c-50784e90d77e,Cgnyafullqe,true
d1d6d929-f42b-48ff-8128-6b7d265353b7,Sztshglybplmybl,true
ba034272-a0a2-45b9-951f-a40714950800,Zfkhnibtv,true
378e7162-34dc-4ce0-adef-f08da40a5325,Plirrvjemyend,false
507d9c32-544b-4530-ac3d-564837ad1baf,Yrcdjfxyfkpn,true
d9a63e06-79df-43e9-b433-3f4d66e3956a,Ijw,false
1bf94f21-8e44-40e4-b657-832c7372e7a1,Relmzuy,false
6d06071d-dd74-4048-b16a-3990e2dc213b,Cazqyoxpw,true
c9fb8e46-8195-4be6-a83b-03b3f1f8f440,Xzddtfj,true
803b708d-bacb-4461-9048-41d1ffac342a,Ezkh,false
061ce69c-749b-4d1f-afc6-c01a8e75e0d5,Upcuxo,false
c21f4759-7c2d-4ae2-b537-3b3ca47a4d35,Qaulerawqso,true
b1b6b9ad-bedb-4652-af1e-f89edadb058c,Pdtgq,false
06a2d4f0-08ee-4a6f-ae93-e1065f71780c,Dtqweymmg,false
95b2dc43-822d-4b91-9d61-bf9f582cec4b,Xojdcdncz,false
b41d0887-e281-4e57-827c-5100aa81b068,Goxlhltldxby,true
c263296a-3d2a-486e-9d25-faec79573253,Oilycamhhjngqww,false
8c460443-96d9-47a9-8fd3-892131b629cf,Soyfx,false
25885b9f-ea26-4509-aacc-53db6bfd3d0b,Kuypmxx,true
6fd04940-ea2c-4e5d-aacd-07a9b34da919,Edckpcrszfygh,true
aaa48875-07a5-4976-a1d0-82b759569674,Pojdvuhjjqzm,false
c41edab6-1fbd-4a1f-b260-6a254627e031,Qpwwyzpzuicnnib,true
99862431-4db8-4f87-a315-b22dca78a484,Hzywpzyjlood,false
1799bc86-b76b-4a30-b6e3-1dd299657b10,Wbmjzhslcou,false
67a3b888-ce38-43a7-a2ec-dbb278999ee1,Vvvr,false
a1abb080-6eda-45cc-ae90-a63fe7ae0bd5,Fvwrcddjcvqgif,true
b075dd4c-ccdf-489d-92c3-5ff99025f122,Urizwc,true
3191e56d-d4b8-4c1e-ad79-cfc14dbf17fe,Sifpfjsbp,true
dea76ce0-9a6c-4ff8-9692-94d7a65f4536,Cpxydgedqdai,false
0d322abf-3c17-4305-844c-76b96985a1dc,Mnbcubzxtzff,false
9cbcbce2-ec68-4b3b-99e1-2a94826e59ff,Nirabl,false
3e21caa7-29a1-4c55-a828-3c676ec70974,Lgxrv,false
c5861d8b-6e6c-4394-9c54-4734244382dc,Pwjrs,true
185f9ca9-fb43-4c81-848b-bf9fd6a04a61,Qcapx,true
b9227e6c-cad3-49f2-b720-9d966d96a567,Pqnlxhbdamffgk,false
d42cb8c3-d62e-4ba4-8e75-f2e458c2719e,Iae,false
ed5264f8-68f7-4ba8-89ab-5c11cc4751e6,Uazqrbafcbceu,false
902a5368-99ae-48eb-b4d9-f9ccc3c45f2e,Sbph,true
5200305d-433a-469e-b4e0-485492c6f65a,Xmsxtsbtbjrp,false
796b289f-a624-4419-a939-5fb48441021e,Zpkb,true
3e7a2b3d-3c31-4159-b9ca-7cbdb4d4fe59,Qubdnobzel,false
65508de8-1745-4027-9bb9-6ffe0a2003a1,Mpq,true
d4348faa-fcc1-4a71-b8c9-90aaf6f552ca,Ntizhzzzwe,true
f6442d1d-4b7a-4355-bd3f-9c56b276e461,Ktcxwcsmjohrobp,false
37568ece-73af-4075-b701-e3347fc9d328,Sjrtallo,true
4db1b416-3183-41a1-bf11-49f0269ecfa4,Fhetlhxuipowqc,false
fa3be5eb-2ef3-4d8a-bfbd-e59a276cd14e,Rpjux,false
298fbaeb-9ec6-4428-8ca0-02c5eb7a93eb,Ndyzzasgugaqfpj,true
6b5fee83-ce32-4a69-9d87-4dc856c6561f,Olnyhhqfidkylb,true
b6753af1-2512-4da4-abfe-605eb80a6f61,Jem,true
6e971591-dd70-4b38-a3eb-0f4f77d1f8b2,Xdbmlmmjwg,true
b386b8f7-1f92-4ff5-90d3-54373de8bf21,Drdydndngz,false
66d6d99d-9023-4cc2-b602-d762b8ababf1,Sozd,false
47ba7e40-6d4e-4865-bed3-cb7fbe1cac2c,Unrtgunsuzb,false
65cb6e95-82ad-4750-b5f5-a8b1459823be,Ogjz,false
b94c0ab5-9114-4008-a7fc-942f5528dc05,Zqjudoohclk,false
73f8982c-eb64-463c-947c-4b6eb69c1253,Dsbsxuhjypqv,false
4821acfa-0496-4a40-a36a-9011f7bba49f,Hpcabazko,true
f45f273f-38bf-4d64-a1a0-058e7d3a47e4,Fgruigkmi,true
62ef5ca1-5423-4ba3-a902-8feab08ad6f5,Dpnyifsgrye,false
7d2c81af-73b3-4827-90c9-0f66e8a5f31f,Octwxwarvmbdh,false
c943cc80-daa2-4fcc-9453-0677a8cb0d50,Xknkllqita,false
3287cea5-10ca-42a1-a102-d109c1b0292c,Xbwwszuaaiu,false
63575c9f-4af5-4194-9116-16935176f86b,Fxzgmvjcyqyf,true
dda27a10-9d4d-4de7-b29e-5df9bd6af6a0,Rexh,true
de365956-a7a8-46a1-9054-478c08b7082e,Drms,true
4b09f391-26c8-4972-99f3-65913b4ba495,Afxwbfuyxkv,true
05e7f1f8-1be5-4d15-aa1b-5e88b5aab576,Ncazo,true
5b8574f4-1c8d-407a-bf4c-63bb5d31ed57,Nlixxfhjxomye,false
9a6eca3b-2845-4b36-b0f6-eb664752852e,Hdgjsz,true
c7cb10b1-462f-4866-8d97-a2e35099e8c3,Qtwevn,true
7936350a-d0a5-4914-bd24-00fabe114366,Muajvawx,true
badeaa7d-b705-454e-8fb1-9f00af4377c2,Olebbvdcxtmno,false
46b33a7d-aa28-4601-9f2b-7112ecc3e946,Mjdhejy,true
3a66af21-4979-4ddf-a5b6-b4c688e17c24,Ptqwzpj,true
1bcc421d-b066-4c93-a7b7-bf58aa9c4396,Qvmyzhw,false
fa49d0f1-178d-4854-afd4-1f3ec9a174ef,Kbagc,false
4498de82-8942-4cf2-af0d-deae265853da,Kldjwkyz,true
f0cfc0c8-73f6-4e65-8e4c-a880649bbf30,Ectxe,false
3fd35a0c-a467-405a-bb67-e0884bbe91f8,Bwoghmgdipfvyfb,false
a5578160-72f4-4595-80fa-7f583b880bdd,Ryhawqtgph,true
0a69a6fe-4d33-4a6b-9ee0-a77d907abf70,Pwrg,true
28f7605d-d917-4e8c-839b-698128a5a4db,Pqmrdukjrowveta,false
8711d729-6292-4ef5-ada3-2a4e32c48614,Xlhdfgjnzvxq,false
709d510c-99d4-4472-b64c-ceedff02a1c6,Zzsbl,true
f2ddb99f-5190-4346-b5be-1aab6d0456bb,Qhatuzrmpkklus,true
bb530395-3912-470f-8d30-7dc117c74dba,Pknalu,false
e0bcdbc6-0856-4441-b926-982dddf1cb33,Xnebrxr,false
79c91a5f-7e93-4b92-a51e-9980292c5118,Ttfipstxyjir,false
78938263-379a-4dd6-b461-c2cdad9bf4ca,Uibdfwqv,false
6567941e-534c-4b5c-9a2c-96d257763bd3,Yfbtbsucvb,true
fecefd38-0d1f-418c-b8c1-cc058cb738b7,Bzttushcgk,true
8ebe92fe-7693-423d-a15d-0c3a3328ace6,Jmpjg,false
621ade40-3643-4652-b6b5-c08476af2f1f,Vgwerohk,false
c6df9864-eb3a-43f1-a104-f87e7bcfb543,Sjjv,false
237eb943-31eb-4728-92b6-ab7e723b4e5e,Wcengsffavywr,true
c9a3af44-2758-412f-be74-1383feb5699e,Vlgbhgistvme,true
8d7f6c2b-330f-4a79-9708-4e4425c2ff02,Inoggnlnfu,false
b9723ba3-5e00-46ed-8fb6-06bdb00dd5bf,Mdosz,true
cf35f540-8123-4cb2-ad51-cbfbbdc09070,Dwzhmkir,false
7b094a57-a693-4d5d-8c75-ddbb34bbc42b,Xgovaytny,false
cac9fa76-8fbe-4251-8d41-f9378ae733ce,Osusc,false
2c14d100-b80d-419f-8400-1b482ed9bab6,Cqybbvu,false
521a06c4-fb1a-4a9e-b90d-47ecc63228fe,Olyacse,false
368baf06-793a-422d-8e37-53f850e0b12b,Iepvhmavzdth,false
5cbdf719-1330-47a2-a3e1-1355950414ee,Hwfckzczcn,true
77048865-9e65-41f3-be5a-135ae16d46dc,Oaktcilkzsm,true
461041a4-a4aa-4043-9f08-b0c1d0782f95,Pgul,true
c8dd28ad-2cb2-436a-9936-a17029844591,Tiwddg,true
c6ab7a4d-2021-42b5-867a-152c67486f2a,Tnlakhcjzxolf,true
91ef213b-7142-494a-b11a-832b50855519,Hbgujog,false
c7e66eab-306b-4fe3-a869-5a8db8968a8a,Fzlx,false
992a48eb-03bd-443e-a4cc-71403baeb712,Hvajnkfvekmw,false
eb0d558e-5fbf-4ba1-8dc6-8ffddcb3a167,Rrymgmcnmjg,false
c8a19101-bbe6-4a8a-b6e0-7780a2922baa,Simyqbpazbnk,false
a606e5e8-04cd-4b49-a186-df833d49b2ee,Hsue,false
27e46e85-61bc-4d9c-ba54-d3191f9668d2,Tkmxfuuasldus,false
357946f0-d304-4cfe-ba8c-8aded9003189,Gtx,false
f56cb946-a54a-42bd-a7e9-009ff65f092c,Ltmwiktobvvfgoy,false
c4d6ea2c-9dd9-490a-b8e8-fba076c78796,Sdlmuu,false
fa20a1fe-62b1-4605-9872-e6bf31ec72b1,Ztzmld,true
9332c7fa-edd0-4ef1-b19b-492dd8ad3433,Ouhndvh,false
8ff91b6f-70af-4447-8a6e-c6abe8a1d547,Jkagf,false
bda3730c-e023-4299-b3b2-2a5a49d7e2b5,Xhotolpj,true
79fef1b9-8c93-4c7e-ade0-a2722d22f9a4,Mzigweqyntrv,true
ef8fc68a-1cf3-41c7-b45b-ba48759427cd,Gzyawjugwmy,true
179d7380-fd74-4eac-b4e6-98f8cd2111a5,Ikqy,true
fe90a8f1-018e-4a93-a2c2-89510cd123f2,Asgiljnfieriej,false
737592a2-a8f5-420c-b883-df99c83e6c4f,Ufswyscqzfpvmc,true
53bd7798-ca52-49db-a507-e54fcf93128b,Ljxwko,false
84edc4cf-1958-4c29-a6f3-74c8ca1b16f8,Scwofmmenrumao,false
23e62b61-06ec-4965-b72a-749d3abfa448,Hwxrmjghxw,false
622279ff-52ee-43b9-be76-63a06033b564,Ewfl,false
b34d64a9-4e6a-453e-bf7e-7a860e591ad1,Wlkzhaxdmuodab,true
38f6eefc-c66b-45b7-b6c7-505b38666d59,Mcrusuoir,false
273a1ba6-c1df-4f17-807a-39b5044ad62a,Yhfulnck,false
11fb592e-c4dc-4741-b0d9-4dcb5062ae0d,Eygkv,false
7583451c-2e50-46a6-bfa2-ed6726a96de2,Onzclxcb,true
5319188e-cc0a-4612-9f97-4f06710e5201,Mnvecckztifbbuh,false
d9d704e2-5117-4e22-82d2-6dc938cce615,Qjfcxeyxdkp,false
56b608ee-8f17-4da2-8950-5322e6eff87d,Dpeubabdledjkmj,true
84ce8da5-9bb0-4ecd-a3ff-a79a6898b2d6,Ftqxlvgtpgmxt,true
fd9a89b8-ac8e-469d-aa46-06eaf2264221,Tzbcjgcmxs,false
91285bcc-a23b-46c6-8c4e-9160df632903,Tna,false
b886e13c-2a35-4070-8204-01c17c9ca479,Mhhw,false
53f074ac-9467-4eaf-937b-4170711c3f72,Aycrraphygfq,false
dce3eb62-387d-42c6-bb54-8ed8cae1df9a,Cvtroewm,true
6ca64f33-2716-48c9-8687-891d3ef8f558,Eezl,false
54fdc13f-446a-4d15-a5e4-1660088fedb0,Jzr,true
57c1a71e-f2e7-4ab1-8f37-bd6d3cc8bed5,Qvw,false
470a4050-cf73-461b-ae4a-b25c03935cc5,Ggwq,true
1f1628af-d770-4c38-842e-d9d5178170ac,Tnujxtepjsi,true
3c138375-df64-4bb9-9598-40aed37769ac,Aocfmsaply,false
fb0cbbad-91a2-4939-bf43-ae9c7d70042e,Coeebao,true
721e3ea4-c5ab-492b-98d6-1e44cb875851,Dfpbsnwuvjsgle,false
4154b1df-ed1e-40c6-9e0d-a2277cb93581,Ztqqcino,true
155d3c44-9ac2-4f4a-b8be-02830305f52a,Uogsffd,true
0017328b-90d5-42a9-a553-78aea5914134,Hlngyi,true
a32bbecf-718a-4aa5-849d-24bcd7b7c2d4,Xqfiqo,true
51e4dd05-6ffd-4496-9030-1096649eae26,Pcp,false
fac65be1-3a97-4012-9188-cc90c4d1fab3,Ybalu,false
50bee09a-8988-40c4-932f-950ff8286636,Tvtlovnmrlgrc,true
d45d0487-6f39-4c07-82ca-3fbc6bec552a,Cigvmsn,false
c9b7ca05-32c2-4500-9125-cc3633ed0dbe,Oddorb,false
9dbc54c2-c4fd-4c42-ae8b-f02d0d6506c5,Razbjgupjef,true
317fc1b5-038e-4f8a-9859-a2639f3d30bc,Empxefjkmvu,true
b9cc1daa-22af-47e2-87b0-be06fddff96c,Lvuoc,true
d1ce7e72-a8d0-4fb8-8cde-05c219fed918,Rspnpzrwwml,true
c44f904d-ec23-47b0-8c9d-210c8d0a7b88,Edqumxxp,true
26f73179-2047-4d55-8091-7d26c2331d83,Nrzswqep,true
a082c939-6911-4d27-a3c9-521b75d073ad,Aokkvdsmoxy,true
0ef2012f-c92a-471c-9f4d-4455c7d3bee4,Dvxvdzddd,true
8fe4d576-0e05-4313-96da-8ebfa499d9b4,Lncdrchitqdvii,false
906561c1-505e-4d87-9878-51e3c21fcd4a,Ainqtsp,false
595e4d71-67d3-49b7-9425-cd0b8d0f918d,Bmenee,false
23410904-28b7-4080-8b65-218524f4f6dc,Hrjklhqrflfuqv,false
f61d7041-fd4c-486a-9cef-301770918adc,Nfdpnxghtvb,false
31c0a8a7-b17f-4fd3-aee7-e12771041f33,Besz,true
2efa2354-5f91-4329-831b-bdf6add70a14,Dzmbu,false
fd1cc6a8-2948-49c9-9b02-c8016c3db8a6,Dzgkxjjibw,true
02cea6d8-3178-4687-ae04-aea2486f2a75,Erkp,true
30909e44-80aa-4bec-8c05-b742215c8ee6,Nkyyyiqv,false
66e0fe49-2a9a-4bc3-8ccd-834058fb37fd,Oiobdapxqjszi,false
e4d3189f-981c-48e4-ba82-a7c86abcd44b,Szvgpjdg,false
66117ae6-8f1f-4d36-ba4a-de643c3a1339,Zajgnlinrhick,true
c28e941f-753b-406a-83c7-3c1cd41841a4,Zrhxnofq,true
76dff9a5-b17c-40cd-987b-d667287c284a,Gqgit,true
ea8e29e1-5146-4631-9112-8edce269663b,Fdxsiqi,false
16adb769-a528-47b6-9c72-3eed8e2c9ee0,Txmmaskwgiw,true
66cc5629-2108-4cad-a4a6-f5c42da17c4b,Fiagzqnz,false
0e37dd08-932d-4900-b7a7-bdbded4e0870,Ctjqxybw,false
55a7152b-4a5a-4cb3-90e0-3d5adb0f416f,Ptuvppymbpbhje,true
f1133d3d-363a-4085-aa1d-a8e36286ad69,Figal,false
eaf66895-51b0-4d7f-9154-8ad3daee1971,Gfmmarii,false
6a4054c3-249b-450e-9d0a-549e2e3cb144,Nbhqgviknckr,true
4747a294-69d1-47b4-9ee1-3c9a968f091f,Cuychsdbz,true
2d6ed47c-0da2-463c-9e5d-04738c051787,Tzhotygfurauqia,false
6863c0d6-8eb5-43dd-b7b0-b68deb5e44a9,Wzzgzpkdhbqc,false
8d2a87b6-aaf9-4159-bfc8-36fe4a154d14,Ouwoivefv,true
5500c956-31b9-44e9-bfae-20ff4fae58df,Jfvzapfeoct,true
e2117ea3-93fc-4fc9-bcde-1a638a2d7c09,Ieyoxbpwhtjxo,true
ab17ff32-867e-4925-a2d0-fb0664700606,Pmxlkgndxjm,false
77b77cfc-2094-4d22-bfb5-69478e71803a,Ogqfoadcmtp,true
88387497-e364-48c9-8657-777730ebd094,Skaguc,false
dac999fe-61fd-487f-99c9-52028db1bbdb,Ojny,false
bcfc5129-57ba-4aa2-863f-15dc51ba3d3e,Hjqtoxjc,false
a0a152c7-1dae-435b-aa90-bcf2e874a79f,Kwkiym,false
aa6576a3-6097-40c2-8487-e7ec4b6791d4,Evtakguiulyyccc,false
4ccb69f6-32f0-40e2-a951-2f1899d61fb2,Uwvkiirbmyrhnje,false
f8b0cd15-7415-457e-9700-d421ba3661fa,Tdrbppksr,false
baf075d4-3653-42bc-9054-7d8009496380,Mygvqlqsjwlu,false
156e5fe5-cde0-4e37-9b09-05a160a5b2fc,Zhjoyrdfio,true
29e34803-d7e3-4c19-b030-3dcaab69221f,Ajua,true
e3364b34-b0dd-4065-add4-4a4def81ae08,Agyho,true
d16d7b89-16cc-4128-a29e-5a988d860735,Qqlel,true
40c76ab9-78d9-400e-bf9a-b073c11d9bbc,Dxrowwoa,true
4cb3e5e1-7049-4368-a9c6-00ee73f427bf,Qfkfrucozxt,false
9db7cb49-4251-483f-91c5-dd40609d2754,Qzkbqvlzzrqd,false
fac951bd-265c-4603-b45d-08a59ea90fcf,Jdtwvut,false
e01b1b1d-a58e-420b-b4d4-9676ee71ef61,Jvoowkwtqmt,false
bf97cc40-a67b-4092-9f07-706946fac634,Msmqe,true
d655b202-ee95-4566-a3f5-822942ba4824,Xqg,false
dade21ad-6d1b-4246-a168-e4d84cffbb31,Hogwgcoexzo,true
08136ce5-2090-40d5-991a-6ad57076e472,Dhdewlxitaraum,false
fcd35a3a-1f70-41e5-acf6-430d9e670cc3,Yobh,false
99cad3b1-9209-4cae-b8c9-38636bf553cc,Txxnrffesiqcu,false
3e34e1b3-c388-48d6-9b14-f88127874cf9,Txbxxfjiam,true
ba864f2a-5a79-4c94-8372-cf49a068d0a3,Sfmivcmlx,false
43179fc9-1f0b-41f7-86f9-106dabddc581,Mvehrmj,false
e3eb74f7-31cb-4a11-bb2e-33508add46c7,Lkjwvpjeh,false
65e8654c-c106-441e-9247-c990dc955bfc,Pbzthy,false
652be77d-bbd6-47fb-9e67-7ee0b7abd64b,Zcys,true
1bafb167-0884-4155-be67-984d30c245f6,Wzbcrimtdumv,false
0c39f30d-23b5-4e22-a2ab-03fb834163c5,Nrtyrtzbnc,true
c6c23640-2055-4375-8b7f-6cc9e28d3cf1,Guvqv,false
8d27bbd5-7722-433f-8dda-caaff9e134f8,Miyupeowt,false
f0421d38-f22c-4353-9aa4-a7a25e75fd59,Fkieudqgqck,false
382813ef-9b56-4cbd-b8af-80c3de2fb498,Dtpmyqbwky,false
c245783c-e7f1-4fc2-9e64-5cab4980c83b,Mvzmrfyadmkzn,true
43f900fb-2108-45f4-a4f1-48c39a9b6a6d,Ikaowoh,true
6e85c62d-9f4c-4590-91aa-e06056fb0e80,Zjultuzjfmamfrb,false
b38a8851-5e4f-4016-baee-703fcde57b13,Dmncqcqkqjjrwt,true
0c99d120-1433-4a5e-bd03-19b012c63f6d,Zubyye,false
8d6f1650-cb30-4a92-96d2-df2b28967b7a,Vsdngqvtr,false
dc1cce3a-4a08-4b32-ad75-fb20ef64a1c8,Norwdcirtrezq,true
2ca4cfd3-8f8e-41c4-a278-d5f2ed05a51f,Fpkvatynbabkka,true
0231276b-566b-4439-8fc8-a6c9a179d339,Amfjhqyp,true
e01b2122-b463-4161-8574-99221e971c9a,Mckkoyr,false
4f79a729-890f-45d8-9dce-ea5e47e58ad8,Omkgtvxnnqdcpok,true
db1951c7-65c4-499a-8570-3fec873217b1,Chisxuxy,true
1e715f8e-51ae-4492-8a8e-ed2b2adb36ab,Oit,true
a14bd6b9-3ec2-4d78-99f2-85340db4ec79,Cmwnrditvkstxu,false
e068a31e-75fe-4420-a97e-bac51d765342,Ipgkujsqhfxsnf,false
de56b8df-8054-40a9-8c86-eaa036b7c5c0,Gfgzsokalxjtc,true
055aef0f-bff2-4e41-b4c3-6bec1b8f3238,Bjbj,false
e5a966e9-ea9f-403f-9154-efc0423ab5bc,Jkwxx,false
f20220f3-7147-4fe1-91ec-f054820e9ba6,Eljz,true
6d44a5c3-f964-4314-b829-5f3df3354944,Qivugzzfwqoljby,true
62bf1728-4f5c-4e90-8ed7-ec3a257d434d,Cxwxye,false
1b16a1e1-c892-4f9e-ac68-a898fae70ae9,Yiqedhzg,false
6fa7a4f3-5191-4dc3-95d5-eb9fa18cf8df,Lnaxvfygdzcic,false
1829e595-6762-412f-a80e-471b7dceb3e3,Vvhalrqcgfr,true
b6393b59-a96e-4cb8-8632-b56a2307feb5,Omfebsch,false
faf5876f-2cbb-4655-a956-24b0ae78c214,Bzbccpn,false
b3e489c7-330d-4025-9f20-375a2cd227d9,Pqrfwbvfmx,true
5a9766dc-997d-4840-bc9f-e0f4b3575f8a,Uzfq,true
66b302ba-6409-4b87-badb-c6a0e1c5f3c2,Dqilktaidibzkww,false
2dba94f5-a836-4145-bfe6-62198f147ee3,Sjcvomzrkexovw,true
74d4d138-0504-49aa-851c-017274a7141b,Eukleuvnyopltr,false
6764eb65-abf9-4aeb-94ed-e8e2a6dde9bd,Hruvy,true
63b07350-a0e3-4c1e-a78b-dc52665dc068,Ndvjtmjf,false
1f9ff4f3-e8f8-4ec9-8df0-bca5eb2866ee,Yrzwiv,true
a6915806-12d0-4276-8702-8adf6406cb50,Jpvdjrlqbz,true
464f50ba-77f1-4212-8267-ce01b7de4d07,Hqumbettxsled,true
b3999ac3-ccae-458c-8279-0007cd57bbd5,Pyzbst,true
1a09e8d4-9f3e-4dda-899e-45f86d90999a,Kmu,false
76c794b8-3350-4cf7-a022-8791901dd7c4,Dmvn,true
c01f2cc9-cd18-46dd-93e1-34128b7dbb8d,Yxjmgblbwfvhzww,true
57286e64-820c-49f8-918c-e4142bc730c7,Wgfoavkkejhhas,false
81d8ce22-e635-44cc-a0dc-ee75db748ac9,Rihwufjwsjonkgl,true
c36196c7-4b9b-457e-beb0-e560c8701150,Ljowmddfuecwvzc,true
e033713a-a3c4-4f68-ba13-f9d32b53a4e2,Clbjxtibjh,true
e8b710d1-204b-4a77-a366-28cc87342293,Rsrztk,false
63aa6f63-b28b-474a-9506-cf4f7b3f7042,Myioqwyelyuqnab,false
6097df92-7fd0-441a-92bc-4e275a3c8cbd,Tvyarvw,true
271c2dcf-d303-4863-852b-7ced5cfba8e0,Irtybgmddiojnxu,true
5b980a56-0848-4f35-a715-e271feab0fb4,Pwxojuqdxybru,false
440d1e9e-8242-4ac2-8fad-e88a8a4b1c76,Oie,false
7bf3c8c7-b390-4d8b-942a-2982d744eb6e,Twhectvsahyvwl,false
9703063b-065e-40f7-b531-4879a2d75132,Lfsijnfepqh,true
24eb8033-0625-4fb3-983e-e7f1bbbb0d7e,Rdhc,true
a90fb0ce-618d-4a4b-bbba-a308abdf96df,Agfvladyp,true
a4567fb2-0b98-4725-87ed-9b6119fad79c,Frmnptpufu,false
52995bd5-2e74-4b88-821d-0b9ad13e45d6,Ythley,true
050e7e9d-8b01-425f-9182-17a98a5fe536,Llnpdxzlsfoxdp,false
9de2ec2e-676a-498d-b4d8-e778a29dcb97,Cisuepftkhx,true
726e941b-db17-4ac9-b449-2142059621ec,Bmxtufewb,true
9aadac9b-b1a7-4047-9eff-0dba92178344,Oqs,false
551ddfaf-459b-4df1-aa6e-bd007d9ff333,Nykasab,false
d844755b-9876-4236-839a-65dd3adced30,Fpz,true
84ba9b6f-ecd0-4aef-8ec9-a27779c957fc,Bhoeogjio,false
2c1cb65c-76b9-4032-8785-1a9910ea73eb,Qfzmvyhrwlkrtm,false
8c443497-fd10-4a52-b84f-86d2e150be56,Ttmmdosnuhco,false
fedebc1a-ccb9-4177-8922-586873e1c554,Ekouekvzv,false
1df29edb-8ea3-43b0-8883-db624251ed36,Nxxvpgjec,false
c3224fa8-a07c-4042-9979-c055c8085d02,Dbamjlcaodrr,true
25c2ab0e-bebb-41ea-9220-cc47f7f622ba,Noxbduydffjxj,true
8119a379-3fc3-4812-ac43-ae3210b78ce0,Jrhbrw,true
f1e35887-b769-4ae5-ab03-cc0a09629215,Kapvffkxxu,false
4bd3b23b-0a56-4e22-a0cc-60d55747be64,Tozu,true
4194e7f1-4a61-46a9-9a96-b6fa9b9f6767,Hwwalfsjfnu,false
4735bbbf-1717-4f80-861a-0320aec12ec1,Oojfzx,false
13a58f72-e76c-4810-ac25-42543970fe93,Tjhlayogie,false
302bdbf8-7d4b-4d88-a990-538cdf634ea6,Mqntlehefdmby,false
7ccdde4c-1c48-4667-8b74-39825644d386,Koamc,false
69f76909-60fc-4f54-94ed-7800243caee0,Udjxk,false
e6bbddc4-6f0d-459d-b30d-646b14894aa0,Xqjghbproky,true
b3311e35-dc6c-4a51-949c-9b7ae4a4fa0c,Vndbvghysc,true
3b73863e-5d82-4539-8774-f170e9c21e69,Gyfwdkyipgzcbga,true
cb704962-71f1-47b0-a29a-1cc2a530aaab,Kwwpatikzz,false
26e3cacc-d233-4017-aafd-ada19f581ebf,Rnyxcp,false
c3599418-ba64-49e6-b06d-a568e3834dc9,Dcnywq,true
942bd41e-2844-469a-af34-016e3089dcf9,Wdesuc,true
4e00dfb4-d7c9-407b-b19b-0e092b21637f,Feamhwjtjbi,true
f3dc8839-0e60-4fb1-b6a5-77d7847e34eb,Xeozocyunjnc,false
7174a4f3-f3a2-452f-9944-c25c169fb987,Lwfoferuppadvi,false
089c5efe-eb4b-4f5a-b227-3622746fa7a9,Oqjeyutcdnkkokl,true
b1ced42e-e863-430c-9a26-f384d8e76ca0,Euvtbyriydifn,true
5461dcfd-a62e-42bd-bbb8-cd9d8a1b6ece,Uqnobshtr,true
4afda387-d373-4e45-8aed-17e3bc456626,Epzwrlo,false
a0025b02-146d-461a-b8b1-f18d1d1c4b46,Ecwyk,false
1bb506a7-2317-4a02-9f02-da02f84b77c7,Nnuq,false
7df8a25e-10a5-4c89-b00f-99f9f9e98dc9,Mscg,true
2195a824-b0b2-442a-8100-3fa500d45ced,Ssnfxo,false
c148e83b-303a-45ab-ba42-447b35be7c4d,Khkvw,true
048dc15a-2fa4-4e1f-bec7-d21be098fa59,Gcddieiojb,true
b084deeb-c13d-48d9-b7a9-6eff7a907605,Xuxegnsptumujv,false
f68d929b-5014-4d23-9417-6b6db0bb6e67,Vgrc,true
b272714e-a75a-43ef-9223-0b8db61dcdcd,Hhovwkmzm,true
7e9e2570-5a4c-4fe5-98fc-549b643d4814,Vjydf,false
71e5a74f-a1bf-434b-87e1-6619b892d45b,Xxepcloxbcb,true
f5e5c797-dfe3-4b50-85e0-8e91d2070dae,Wencmddjmtpsp,false
4bcdaa77-ddcc-4bfd-8b86-09ab17813a08,Rofaqevet,true
320aaf1c-9d64-4b3c-96bb-006a3d915d3c,Lntldskwd,false
6ad46758-da8f-4fc0-8c74-7025b368a1fd,Zceauhbxr,true
95697726-3b9b-45fe-9fc7-978344eefd45,Jglps,false
4c6686cc-1949-41d5-9818-0b667c083d85,Plidbflbzvk,true
5e9b6e07-58c2-4ff7-98b1-e8b98db9fd45,Prc,true
9139fc02-3a6d-4589-b820-dbea6336dff6,Uypxvldedeyrv,true
b6baeebf-2758-4baf-9dd3-d759b8949d6a,Zuxqxz,false
45899eeb-3a46-42e9-96b2-23102c92ae2a,Iwilikgec,false
9f73ed11-d75a-43b8-904b-02010dc0b712,Tzfuewdritrq,true
e2d57142-828f-487f-82de-5e14558f75b5,Gbwwy,true
e172d1da-928f-44f3-be47-617f9e3a17f5,Gyfgt,false
63ad96fe-af7d-4181-87b6-84b31366c2e3,Mfuq,false
5ae8c6e1-a30e-4a11-b075-38e89eaf2c38,Mbgxxoepkt,true
b0801112-72be-4039-89c2-7e7406129f3f,Zxastafnajbr,true
cbce3621-4884-4f88-899f-624e258e4773,Rwwxlicx,true
046411f2-8d99-4af3-8ca9-f6fde9461028,Szbaduzbhq,false
81fe9978-927a-4c70-8b12-281ef646944a,Xitucdaqtqwrpcn,true
f6492cd3-32ad-4f6f-a330-3184469596dc,Wszjksufyqburo,true
570bdfe9-8e20-4324-89f9-2546c74769d7,Gcmtecrxlruv,true
db851c3e-68be-4061-99b9-ff0602f2e9e1,Vpxltb,false
90e7a3ed-36f8-4aec-bc08-78ed0347ea27,Pcsubdbmcuzc,false
b8c876a5-59fd-4583-a1c1-deb05808f0fb,Hraskppqrk,false
15660b7a-82b3-4cbe-92a0-305afbb0604c,Ohwkdnflj,false
01e97fde-bcef-4d5b-b7fc-e5a97f5cb004,Wzlojfwfkbov,true
18fec137-9051-472e-b6bf-b236e914f776,Bdxxcyhiiwhoev,false
8d9a16b6-e63d-46bb-abf2-619f66407348,Cibofdl,true
f78aa16a-de0f-4c2d-bf4f-064d35569296,Eerlpmfqvlvkb,false
b76c05c9-43e2-4812-a602-78fdf52313c1,Xezg,false
5806c1e6-49b1-469b-a09c-2c386e3cb1eb,Kujowx,true
d78a281d-e971-4314-adea-efc115b2ce9f,Yakbuvqtkk,true
cf73c1b2-5e01-47c4-99b3-021479f247e6,Ddhnxrssufmg,true
36dc29e5-d128-4305-b6b3-b7c8a64b0048,Hyl,false
f1421f31-39ef-49c5-8193-de31a71d4aca,Eufpnf,false
c5f8a40e-ee0e-4c18-98c9-11e55aceb88d,Wqi,false
b14b4d8d-b0f5-4217-9019-82b242ddbfcc,Quqbzufryhmzsdt,false
5700a3c2-b2c7-42b7-acfb-a47b36e18cd8,Rcn,false
e3747c69-6573-42f1-b83f-5af3434c160d,Ltdguhmnf,false
aa10f852-e7c9-44fa-967f-c6d1608b34be,Ozbbtqfzyx,true
94acf95a-f756-4edc-a0e0-557668db8366,Psxb,true
97568261-28d7-49a5-abe4-72817cf360fe,Dxhmgk,true
2786b067-5399-45c3-ad48-1e7f6bbf4ca2,Kdvzwlif,true
a01807ba-94b4-4e81-827b-704b1b3a4353,Htfao,false
73dc7fe9-184b-4d7d-82ff-1e1921b55e0e,Bopxk,false
a0446d10-32dc-4eae-908e-118489d210be,Lqtwodjbf,false
cf5d83c1-4ae4-418d-b773-51beb693a013,Xjkqvxkcqgn,true
1cf3c269-036d-4428-b0b5-86bad70e8dde,Nwgrgseu,false
cfeb11fa-75d5-4d49-9305-d51be005f512,Bzeypoxpcbkmm,false
ac2177c2-1023-40e9-a1b1-46c66f4694c5,Ubazngukoim,true
0030574c-9d3f-4282-bc93-d6e3fe7455cc,Hiwcljkteujwzjr,false
b175ba85-2f2a-4eb5-8669-eaabf8407982,Dhiapaqtryqrm,false
bd3da603-6367-404c-a130-39615371ee6f,Lgxa,true
46dc3330-1c69-4b30-a725-64012616a57e,Eboredjuu,true
6c2af1e6-cbc5-4088-b75e-346086a0383b,Oseycqgqit,true
e04be26e-9df3-46ff-bb4c-6566b7d092d6,Ldxb,true
e06ace31-01fa-4bb1-9776-986698f51920,Hlteyemsdrnxw,true
9199bdd3-4029-436d-8fa2-24b3c01d1e7c,Dht,true
7a207ef7-e7e0-4ca1-9a9b-50c6f1270bd5,Mjaaesb,true
d1344456-0413-421b-a3c5-8c069a439b52,Rpm,false
9ea65ac8-fcb0-44a4-ab95-0d6e66dfe512,Juewdoauctfitxk,true
566b7042-5e97-4a93-ab46-3fb63763cc97,Tuqyolycbqk,true
7dd9df17-8f4b-484f-9bb0-5a5e63ed7ce7,Syqlqupqpal,false
db3f9f6f-f161-45cf-9965-0635a7ea5d28,Sihirvwg,false
5aaa51d7-9a13-4b06-951c-34b6915d8096,Jkfmejuc,true
e44281ac-0d09-4742-9a78-8b21d7fce477,Ahptgzorn,true
7ccafd48-308a-4842-9616-e95c3a693df6,Hatljnykasxl,true
7a89db15-c03f-4991-a780-4d0da0b12f4f,Yekdydqctahis,false
4703b0da-963b-4aee-9228-6c03e840615d,Mswcjuesscoc,true
b7c78237-3f30-422a-a337-c9528181b3b1,Adecgpmiyctu,false
975e8944-0549-4712-a1bc-618cec4f467b,Ggp,true
9f8d5408-8288-4e8c-b2f1-484a8164e0a7,Hdydrpry,false
578c190b-8044-4a5b-92e0-8378098d7040,Bzggfh,true
41d36858-adc8-47d0-8054-bd07a33c11bf,Wegordozmrhc,false
99b303b4-4a9b-4113-a43c-578f3fc28e0c,Tyfcn,false
d2f51d85-f7aa-4a4f-a95b-c022324ef6e8,Fumruqoohhhwxz,false
825885b0-9c07-4ff1-83a4-b66a66ab1995,Ooew,true
84d433eb-478a-4303-b04a-85fedc18d86f,Zur,true
8742630e-27b4-4940-8f51-b6ec619af214,Mnlgzribujqx,true
62515850-9640-4458-aa30-03a014d1abc4,Qiq,true
5e2810cb-8ab4-451c-8aa8-9120243f582d,Zekpupmmtwfd,true
08375d89-79ac-4db8-b4fc-14458f118655,Qwem,true
1baf1e36-a6cb-4086-80c8-fd9edf47cc48,Phef,true
cf976ef0-a3d1-4a52-b418-4508b20bf91d,Chicbtsia,false
8af73b1e-436c-4c5c-961d-dc17a2abf639,Neaoaf,true
8cb327aa-62f0-44ab-9b09-76fbecbd27d0,Fmetfnfriyiqgrb,true
aa4566a3-47a0-45a0-a9f0-a78704acde56,Qxjtah,true
6a0eebe3-a430-45ad-8f2e-4b4970896556,Ydqilucmizkczy,true
b7ee351b-23d8-499f-a301-0ad5aa2cda6e,Fmwhwbdimymfen,false
9b87ebd6-a6ef-49f9-bfec-adad850a625f,Xfmcn,false
e0162b3c-be74-4b1e-b65f-110e50bcb294,Kukb,false
6fdf29f7-29d6-4abc-9cc9-baf6100802b3,Qvu,false
2b84dcf7-02f3-4692-afe7-6fe052991220,Bjyhe,true
48571aac-7bc8-44a9-9e06-2b373654d8c4,Quca,false
485c9c5b-e263-4fb4-95b0-94f58f401ac2,Oqtupietfqz,true
80d757db-0163-4c94-b41a-676e04ad0403,Bwrxlvfvrv,true
73eef854-229c-4a47-9cba-fd6b3fc6f408,Fugfr,true
d6faaa60-3bb3-41ba-95c8-cf769e937db2,Jdmqqyylrlg,false
daca992f-4a0e-4da0-98ae-b230f3d042af,Xmnhw,false
c63cc76c-0905-4497-afa7-f9cfd79771d8,Mguxn,false
50ac1fb3-4b58-4982-814d-de9241f40aee,Dsdwqyymdqt,false
8f595443-908a-4281-8057-58e64406d1ad,Nmjbdkkdytiaya,false
440fffc4-d99d-41fd-a3ca-cab97e0900b7,Vrvzg,true
4d48350d-e199-4147-af70-6d1c0f54c889,Wrocpmlkl,true
716f9edc-325e-4fd1-a7d4-3e03db7fd411,Inptqbs,false
cbad0ab8-08c4-4ed6-a05b-d938e01e037a,Kybj,false
c3d4d696-6c5b-4d56-a7f9-a8b5bafce5ef,Avnn,false
c8005194-603f-4863-84bb-9c9d1b6671f9,Mcvnefl,false
fafcf1ff-a75f-4741-ae86-d3999945911c,Piezgrhwdoncoxb,false
1df030ca-f0b6-4b93-83ed-9eeb4bc4a42d,Xxxzhcotunsbzrg,true
da21a71c-e41b-4867-9a3c-db88b8c4f78c,Qsrvxymdqzqlqi,false
c91b023c-80e4-48c0-8079-0e187feb20c7,Criyjwahldhzd,false
6104f477-decc-4140-b464-22aac6c3c09c,Tncqcigvxmzhisd,false
9d0c52eb-6009-484f-b3fc-fb08baba7f69,Qbqgvzvj,true
f8c10f6e-8f6f-4d08-9700-d09aa7402cd4,Zdux,false
a9ec81a5-1dd1-4da7-ac4a-4e80d9de907c,Meedavwbjkxyf,false
4d7a8df4-48e0-48ad-bef7-0b876471a59b,Enpsjm,true
94df6048-0357-454f-9ec6-7a545366219f,Hna,false
bb87a2d6-0462-4d49-b28c-0b885e0848a5,Hiw,true
64cdaab2-e270-4ba7-a602-fa55e91192c7,Armdjamgtmfsj,true
1240df17-f65b-4a87-acfe-641590d6557d,Gfejrub,true
c68b77a7-1afc-455e-80f8-70feccb6bf08,Qcf,false
24a10888-6e7d-4957-ac0f-519d718f37ad,Tmjdysjplm,false
c0102653-e422-4d68-8101-73d30b852473,Kqflefvmnrm,false
3c334274-16ce-41d9-9026-8846c6f092be,Pttrbudcpco,true
58db6881-3e74-4ac1-8b1d-9eff88349c5c,Ffcvkdgc,false
3cd11a41-d93f-472f-aabf-b179adfd2ccb,Nsapbpgrmrabh,false
2cb637d2-5917-4d52-940b-61313fa07dfa,Nggkbrbosr,true
4ea22635-9313-4375-83ea-b880cbaf1a3c,Tbbulhsfciki,true
4793aa0b-ec58-4ea1-ab24-b301db6c0806,Cgjwywevl,false
915ba8c6-d8dd-4c43-af5b-f208d001708f,Lhdrsptrs,true
b078fa94-dfa6-4058-8b3f-37562107366c,Fgnij,true
5d2c807d-e0f2-4dfb-9ba8-46ddc42b2e95,Bwueg,true
9b900e37-80f9-408b-b420-d3908415928a,Fvrbjdjekj,true
9418f970-36bb-48da-8fda-f198daaed971,Nabdkmnckor,true
b8869060-305b-45c5-ab9b-f73807541f4b,Gtahimvhvzi,true
eb99af7d-a813-4a0b-82bd-31dfe44334ca,Hvqkxrhzwm,true
2c047c3e-00f1-43c3-afce-b72bda5cbc1e,Dpcedkxqekrczua,true
181dc517-0117-4c7a-8f84-ca8121deaa48,Fixehxe,false
f3ba0972-acda-4c2a-bf74-63fbac01414a,Lda,true
03913c2c-561e-43e9-a904-a422a7ea373c,Azm,false
ae523359-4bfc-4a4e-9e3c-c5f4acf5be03,Eqfkqqaluf,true
35c001b3-1e7d-4540-a141-05229fc697b6,Qvrzb,true
60e8ae44-4649-4535-9360-f3ae57300eb7,Ttjqmzah,true
255fe243-21a2-4a80-b038-7fbfe03cc5f0,Himkvyzc,false
e9cc656c-7bb9-473f-8a9b-e384c5ec6f8e,Txtgbc,true
8908e541-5d39-4ea4-829a-021669685ed2,Oeekhivn,true
b5a7ad62-3598-40cc-9208-665b51246732,Nuhgsovzbsvf,true
7a0d22ff-af4c-4fa1-bd76-ca64a20fded2,Afmggmg,true
bf83a9eb-75f1-4e69-b362-fee4cde8030a,Vbodu,false
87d10329-f6fa-4b4c-882f-1977bb674bb8,Lnyljnd,true
60de245a-b33f-4d03-8fd8-5e7cee81c57c,Ccbhuqjag,false
580c4755-9ca0-42b2-94bd-799541b3c507,Xirkjmbvdcncv,false
b79c27ce-9c74-4f03-8307-c92a748dd526,Djmiexi,false
64472cdb-791a-4f3e-b1ca-ac9c8a786a39,Sllmocagtd,true
d9329dd8-1358-415b-9b50-7e0008d59ab8,Efwapa,false
ab996986-ee6e-4ccc-b8c7-d40a9188a431,Cxcyqybkdhvmpqj,false
9114c14c-a972-4cfd-a2bb-16902baeeee8,Thspeynylxr,true
e188ae2b-52be-4c27-836f-9ebc7242f498,Uqlnzjbavmsyz,false
d6d9d350-1f53-461d-8f51-aa2001f3142c,Rlmmxjhxtkowsfy,true
5ba1bdaa-789b-4323-8583-e3b2c3682604,Fnwflsxwzwgjq,false
07a16690-5a9b-491e-8b8b-78c6af2357e4,Pjebjruxsz,false
75662742-6af6-4758-919d-65939e36c434,Hsanjzdpm,false
2b60f94d-3af9-41a1-a8b4-2075f327e6dc,Xmkbwa,false
bec07c3d-d66b-415e-b366-c0192b097a84,Rghxywsfob,false
2635f18d-01be-4b17-ad9b-65b7589768a1,Tzcbgkyzbm,true
673c164d-c447-4a20-be7c-e940b5046a25,Fwfclbmnyn,false
49a7cc14-8fec-42a8-8c66-ed8c7c1928e6,Jmhlny,true
6ce3fdda-67a4-4755-8315-29162b7bbdcf,Hxthsshydui,false
e9d4dbb8-542f-47c8-b3e4-2cb3c21b9bc3,Hctfuflcrbndv,true
0dc22ecf-80d6-4044-92ba-dc9deb5fe577,Gearjl,true
17ecc35d-335e-4d35-9562-1d80913871db,Hgfykq,false
f495562f-e9d1-43e1-9632-5f312153554b,Avifvjsxj,false
6631a549-b991-443a-9856-2bfc8c82f5ed,Earlwaxzqbp,false
e0b4192e-f9ef-41c7-a2a5-50719227979a,Vzkb,false
6b77b48a-e77a-4e79-8310-f1874e9e75c3,Cxcftxqrgxynvit,false
98da15a5-b27e-499a-84b8-45faeb01f863,Tjfhabpghlbaak,true
c613efac-d50c-47b9-b733-68ec2915ae46,Ybhabkhyols,false
3bb691eb-c6b2-48c1-bad8-5e0e199123a5,Ncyvd,true
766dcf4e-6d58-4dad-802e-f5f6404f8475,Ihmndouaeuhnfy,true
a7fce612-a0f3-4b05-914f-847d89399e65,Tawem,false
f12a2b4f-1dad-49b2-ad8e-2529c590eaa9,Hagscasdlxo,true
a7953577-9337-45eb-9167-bd9923db00c2,Dzo,false
ea38e71a-307c-48e6-aeb9-8e62d0ac789c,Medzbsfrr,false
89722ace-a2c0-40f0-942f-ea1af289f103,Izbwyvmqlmenzgd,false
7c15351d-274f-4a30-a66e-c284b56112f9,Hetomywazojhi,false
0e2c1423-6704-4b0e-9a4f-9ae638355b99,Ujtkpz,true
1f8476a7-c93c-419a-b2be-5ef70a0634ce,Vfyi,false
079882ac-3aee-4599-b4d9-b5c777309635,Zphjurgshbwpkm,true
d81af219-e5e7-4339-be9c-d67e4fcd2119,Otoep,true
19eb9db9-c220-43e8-84e1-f9ffba2e3d2c,Rczgry,false
0a466aec-1733-4c21-98aa-db4cd6579866,Wefzmxuf,true
ee3ea5ef-c92c-40b3-8a85-364df3500299,Jlwyirjibgljcb,true
3db3caf9-bfa4-49b0-8db8-748db5cd9b1c,Vpy,false
20e052a7-c2b7-442d-aba6-b379d586cc24,Rdfnxxdbmfvw,true
8cdefc14-12c1-4697-8797-cb8447411e0c,Dwcqp,false
390c957b-9f1d-4799-8cdc-c8d078f8859e,Mwcb,true
04260d41-6647-42f3-8a04-a5efe4a20872,Oiuydkfqxcdstg,false
3ff57c4a-5319-40af-b38d-aa23d851a36a,Lal,false
2d1405a4-8671-4b9a-a0c2-0709fda47d66,Kbycv,false
d479ac86-9e40-49cf-99f1-996d6c627ba6,Vthwixi,false
c8f34315-1b22-4df4-8ea7-9e81ccc1022e,Leoobcvreun,true
5e69b1c2-1001-4f22-89d0-ee8c4835daee,Gvkrk,true
de7941b6-c136-49bf-95ff-25932fe26def,Ftos,false
96c55dea-1043-42cd-829e-9fa492ab3be1,Ipvvhohcjhhje,true
2e961207-790a-424a-844c-bfba09340808,Mnmivqdvfif,false
1a142582-c3d3-491c-a532-709d35cde590,Rhkm,true
bd35d668-c384-478a-8fc5-2cdb84881dcd,Ugijzedidaptd,false
b0900be1-4a40-4d44-8a98-ea87643db5de,Adugiml,false
be837eaf-37c8-4e71-8fda-a502e75f8b0d,Gkjedpx,true
4e6a574b-3d7a-46e4-bde4-179f015eae00,Tcbrxmnnxqcjlpc,false
fd52c353-e6f3-45af-bddf-240118210ecd,Jlnubtzcljfihfq,false
1bed5269-f655-45e6-8682-374c7cdf1e36,Tzcnvmwrrerg,true
ce988588-7467-4cde-af71-f6ea55cdba65,Tuncrrfzahmzdh,true
dfbb17d7-a71c-4ddd-84df-52866dbbf341,Wukcpdkrs,false
8673c9c0-5f9a-45e4-9f30-65166439cc43,Cryswacxoflw,true
65cf3bad-4c9c-4157-88fd-55770035b260,Ggaroijf,true
3e133a07-1bbd-4419-a37b-2a60e61828a6,Kocqdvzayoj,false
c53a21b3-6e61-464a-93a9-c2cfe69b2245,Faimazjg,true
087c37b3-74c2-44f8-8225-bc5647a128b0,Dyuemfzzu,false
af32f659-cfdc-40f1-ba80-0130945a3290,Vrrceb,false
9c1cb636-71e1-4b16-b62a-f8c3a67632de,Hglznnodtybqvop,false
6bb6a90c-76c1-4f27-9f59-ad56ee5f2a87,Aldnsrvrusckhq,false
50f2def1-0b61-4199-9fb5-13d54c11a239,Mmopong,false
d7dd6511-1ca8-469f-9e70-15e1bf5a8e2f,Xtxda,true
0c73e4bc-fc82-40dc-90e1-17cb5dd38994,Glrorxdzhe,true
f491b40e-0562-4e24-a3b2-4928af1ba29f,Dozqiyxwxrv,false
9b6b7e27-0bbe-44c2-bdf8-f7ba1f191a6d,Cleqoos,false
2b9aa1a5-178f-4625-aca2-68f98175bff6,Skkkucv,true
18b3f28a-fd31-4d07-b88d-0300f07f195c,Mcoeuhyee,true
39361c41-a427-4e9b-b5be-2dcf9ac4ffb1,Vkiwwtfhycwx,true
38dee965-e3c3-456b-8a7e-d8957d6147ce,Ftvoihvt,true
aa7eb1f2-64b5-4078-b3cc-f14f2eb8073d,Pjqmcqrjdgqucfs,true
336e63d4-2b2a-45ab-bd38-6c730bd65304,Ifdkwsibhzfovky,false
94a23a01-a9a5-4cee-9994-5f6e7712865b,Pqqjpjs,true
b02985b1-1279-4a98-8e02-a594c76b40ed,Ywyfnchiac,true
fcd7cb78-20c4-4a75-bf45-5f66e9af9249,Grswjpkvdmxgs,false
48266f00-33f2-41d8-a4f5-82223a92e824,Bworqjh,false
15eb5d11-244f-4d83-989e-b1c18799618c,Cxljvra,false
111a8d67-bb43-4b71-abd5-91ca8c073bee,Cmx,true
54b69a0b-6104-432c-805a-3a42f027db09,Yxtwelseprqh,false
5b3416a6-9a31-46d3-a600-02974fdf29ea,Cvqqladckepj,true
1edbeed8-fa6a-452e-9bcf-5d51890db40a,Hflnmjxaoa,false
9dec2030-c5d8-437b-91fb-a55200f41849,Wytagqmhgvnw,true
0cea4cf8-dc3a-4295-b2c7-7c4fa5ffb0d9,Ezbfwyiorcvb,false
3a91f2fd-9026-48a1-aef2-519a1c89b5b7,Qdtxv,true
abab2466-7172-4c3a-bde6-a590c25b6e00,Swhya,true
301b0f82-8505-4f4e-8b80-61352ab7363d,Trhuarr,false
a8818128-daf3-4067-ade9-82f12551e67b,Ijitgnqrvx,true
510bad4a-f143-4b0e-ad78-18e24125df88,Vwpmklpfferkegr,false
8426613e-4ea5-477d-875a-5324d9cbb807,Pfunohg,true
987abbf7-5a35-41b5-8401-118afbac690b,Cjqwlpqbofam,true
a2b19154-d53f-43b1-a3ce-8607bf4fe75f,Qzvubmqsoz,false
0f7496a5-c347-4c2a-9320-7da817a29a6a,Dcolojvyca,false
8b3a8aa8-2df5-4379-85f8-dd5c01b04ab5,Ohnydehwvbssp,false
f442e3a7-3ab6-4da6-a72e-81537c6efddd,Jvvyog,true
1a8e29ba-b77b-40d6-8fcd-35384a674da7,Tnlezfksdi,true
ad065194-744c-42b0-8b39-974bf351cef7,Dwdq,true
9d1f9b01-a153-4642-b5f6-2d6855915831,Hjjvzeroalu,true
dad3366a-5874-452b-842c-d44c7e06733a,Lbjktbuzlxjtj,false
7651291e-c176-470a-a9ec-3a729f56e70c,Vdgfo,false
37720dc6-fc31-4cd4-93e5-259fe27420ce,Zvpprdtxpix,true
2a45217b-feec-45ef-9740-da2568b6ea6a,Vyiznatlbrfr,true
19605b6a-d003-4d05-842c-ba794f84b07b,Nrjtxkokess,true
b97640ed-c5ac-4a5e-a97b-616d328824d9,Volrkvjk,false
5629b535-e56b-4a1c-b437-0b452d1149cc,Utr,true
3e746f70-935a-4492-93ae-8bd6e1dd0cea,Tqxej,false
602ae0f7-deb3-4014-bcca-e811fafcee55,Gixjue,false
4dd3cc10-b69b-42d2-9bcf-8b67ecb65b0f,Iapbinr,false
1f8b328e-f93d-499e-ac26-59808d8a8bf6,Uaqb,false
b9cf6b88-28a6-48db-b540-8deb03751745,Kawl,true
7c9d22ff-05ae-446f-9bfc-81137b9c971b,Wbedi,true
efc9b567-292c-482d-8c82-3994f9cb10f1,Khrnbkljwdwzco,true
aefa8bdf-6613-41db-98b3-53fdc08d8a9e,Xdcbzqdao,true
032d628d-3875-4ba3-927e-431dfc324311,Dwffq,true
a2a2df82-ce13-4bf7-9714-a9a9e1c40c3e,Oaekkwbddrgoh,false
80168bd5-5074-4f74-a597-9c8864ca0333,Bpnvzwubcclquu,false
e246fcbd-6575-4a61-96d8-6311bb093a28,Jvcrsectpuuh,true
cc759a29-7d26-4765-8314-3ee9cfd7ac6f,Vniewipjuayskug,false
5af80fdf-e6d7-4f00-be57-f9229bce2e2a,Sqwlqhjhsofv,false
0906a8ae-6957-431a-8263-d63a1bbc8653,Tatvbycro,false
5a226ce1-80f5-46e2-a024-32ab4c9be494,Kokfccp,true
ecdf88f1-d175-404a-86c8-cb13dc44ab20,Vmpbnly,true
a3aaf628-33cc-4430-b087-5a44b672eafb,Krlmekssfmxnbgb,true
86cea658-a46b-4165-8edc-d4e67e3563ec,Afzwy,true
960a6e2b-2a18-4970-b6a3-0dc1ecc5d7fc,Ffzljhxep,false
f45543be-f232-464e-a121-acde4201f77c,Cftxvqnaxtf,false
23da44f0-1805-4fbe-b9ad-f9a1d3b05d88,Dmkgfj,true
8ead3832-dd13-4968-a800-26c1a4a3e8dc,Mjtua,true
35a5e1ed-1eb9-4547-a92a-e7aca138b5eb,Sxkueqkx,true
6c00ced2-f925-4390-bb02-5fadc00e2405,Lcvuwabqx,false
4d57ecf0-807f-435a-b824-778eb825502c,Opdtn,true
9f0baca3-71f4-4c07-ae81-f5efe4bce15b,Scvztdyem,false
ec3f7f1a-7710-4fbb-a36c-eff51926fa7b,Bwd,true
126e217f-22e0-4965-8561-eccd29409b5f,Axgnnjfvuq,true
21c7c403-c166-4cec-95f7-0cf54f346fa3,Uktvv,false
20e4dc0f-4807-48a4-8444-3752568b1b0e,Fabbveqaguei,false
9c8d7419-464c-49b3-adb6-71cadd3d12e8,Pmysp,true
bcabfc6c-ba35-4973-9b4a-6c3027002a47,Lhixcw,false
89a52f2e-45b5-438f-aacb-5d5c8b1e6f41,Qxbmmxnamlc,false
b5fb2585-bf88-448c-b0f3-a4e3a8381304,Svaz,true
a6084e28-6230-479a-bb67-ff56eaea043a,Swrcd,false
8d162d0c-4e38-4919-9e72-c4831ad15f32,Ftt,true
09d6eccc-5814-485e-b606-acd19587e597,Pimprayl,true
22489892-9307-4138-9baa-e30ce87e5367,Hqubuavz,false
4add7573-ab23-45fb-ac34-736071dba32c,Xhrhqvnmdqwx,true
f92c5388-363a-41e8-869e-19d887d2cfa3,Wivsgafwxcshee,false
48b5efcc-6dc5-40d0-bf33-56605f6f86fa,Zbpxcbagy,false
f1dd1145-802b-4170-a2ce-23308d369860,Pbgcgqaw,false
8e4bee25-eb7b-4d3b-99e5-77e72c42e15c,Hbylxr,true
a4904ccc-fab8-45f4-bf11-bfedf2d153a1,Atdzuuvulgh,false
b7cce633-e395-44a8-8165-b3f34bd83fe9,Ofysadavfwqrqd,false
862ecc9f-f3c9-4c7a-8886-7259080dbf7a,Mgqcoaeshhrj,false
7b1822d9-db34-48c2-90ed-b1d5f9aa3cb5,Pqvxnoqfexydd,false
ee570201-15cb-470e-ad9e-e6affde7df0e,Usnkrfdokcg,false
9789510e-06a7-4446-a16f-26b6b4414da5,Uhqvjmahdt,true
8df74de6-3b56-4e58-96ed-f14b28836089,Ibowlgjhywbqdny,false
81c415b3-0f0a-4fe6-a6d3-34e4dc8bc9f8,Dgbnesa,false
8185d959-713a-4fdf-82cf-c24b61d08aa6,Wdshzpptldmz,true
90c1f3f7-acea-4e7d-9b61-e83c0cac381e,Zgp,true
94dbbb57-0fc9-4dcc-88cf-9e52773205dd,Nvlfyzjm,true
79dec441-3ff8-4c40-8b49-e4381b5713df,Tubwxsc,false
63582496-c548-474a-bc07-1bece602e886,Ocqfty,true
efb85c76-91b7-4276-8874-8b237d386bd8,Wpj,false
db9ed447-656a-4268-a511-8571c5bf04f1,Bqiei,false
77877448-4ce5-41ed-b58b-f44ebbd1bef6,Bepuiydhsd,true
dda82099-201b-46e4-8b03-712bbc2ef1ea,Aigsswnv,false
f007f41e-7390-491d-8f89-34a030e1998d,Fnawqpmcclj,false
3eb9117d-11f5-48d5-a4c7-c0178a545d29,Peeiwyqsdlfmmn,true
423ee8dc-8631-4465-99a2-8a34aeb01059,Voge,true
2429b9c6-7f16-469c-a0a2-5d42273b9e92,Ivc,true
41720681-eb83-4e31-aace-7c5e48f706e7,Ssnqjbnzag,false
887d8c72-40b5-4d88-b2c5-5caa80a3806c,Iuh,true
c527510f-b8be-4a93-94c0-35c876a48b70,Oyrgskbogqzsf,true
def3ad89-0800-46a3-b8d5-85060f9d8347,Ewqeuxv,false
0237f9ee-97d1-4147-ae94-4646be340322,Doctpb,true
4cd430b9-d299-45b6-bd51-721511090cb5,Szkld,false
1348060a-20fe-4bd8-849c-d068a4d3e474,Xxpxtgtgsup,true
92cd7687-7e51-4fa7-89ea-152c9c6977da,Fjuw,true
82f0bd59-d57e-4fed-a00e-390165e9c94f,Fppqs,false
0af5e699-3586-4e76-bd59-af3da91463eb,Sphyiu,true
159d7917-a498-4335-9a08-c76daf5e0dd5,Ghiz,true
b9cd4af7-427f-436e-af5b-d8638e5a8be6,Wzjsozfxphpmdpe,true
b276d309-f4bf-461e-9375-5e74071dc98a,Nucmjpfi,true
fb773538-5371-40ef-8749-66897f101c84,Vhfctkzqcg,false
1327a353-3124-402c-89c3-215f95d7e758,Owyaexy,false
d69557e8-084a-481a-ad9e-89e44143eeea,Emqgafwjmy,true
ce189335-e8df-41b7-a866-01cd5e9512c0,Ywbnq,false
99aa3673-4989-4af7-b428-6e241c06d461,Ljbntl,false
394a618d-40c5-406e-b6db-36d3cf4eff18,Dpxqhx,true
760f1700-0340-41b1-a649-4558cf930118,Taveew,true
9ab1dcce-be95-4faf-8cdf-f0f3823f5819,Mfy,false
ad9d69f6-ad1b-4170-947e-c4a565d1b08e,Nlbhhabf,false
7fb476be-1dbf-4d82-85f6-0e90da2220f6,Isbyoxksdzudbx,false
10607c30-d32f-4476-9108-c1d84b443c02,Cqdhixasapwwef,true
145752eb-685e-41ed-9793-f0da82a47c7e,Wacfvhyo,false
c18883a9-72e1-45a8-8039-a7342cb30799,Fkjqnbzh,false
0ec8dd60-33bd-46d8-91af-499275cd78b7,Taufjmmagxppiwe,false
2c919e46-97d3-4044-b43c-f3a61c3ff0f7,Iqcy,false
1fd75e87-dd0d-4858-a363-68bfae62a61d,Jtfaxrc,false
c519a6d9-5857-47ae-b7c8-5034df34a2bd,Edywazitownuumi,false
b1789c14-2d82-4c17-8e0f-595c055749ff,Lwokrlwo,true
dc05b398-f009-470e-8152-5240a9ae7ffd,Tgbjatxpsvpx,false
ef1a53d7-5fd2-46db-a635-3b2a495dabcc,Eymbhwgv,false
34ee2ae3-3e64-4d76-b4b4-d1384f9b5baa,Iwuozenrfimdb,false
c5a426d1-0a93-456c-8780-b8b22fef3f6b,Tpnaz,true
c71d14e5-9411-473f-8c33-e1b10737d0f1,Ecgvmtw,true
a287de95-28ef-4558-ac0f-559305ac17d4,Ulur,false
73643122-22a0-42ba-b446-d4e55d0629cf,Bdhrnngeawvlc,false
8745b92f-cc9a-4810-b8f5-e57e1c0d7f18,Qeutq,false
2f1f0eb3-fbf4-4b0d-8a22-34719651abf3,Ocul,false
dcadcea7-6aa4-4602-b8ad-31718319ad6d,Yeaqzhvqzxqda,true
8852d750-5654-402c-af0a-27cd5361d594,Ssyv,true
4d80e1d1-4371-4fc7-90a0-dda3279be36f,Zlrq,true
062c7fa2-f521-4bd4-84fd-92030389181d,Allaczkomvlaf,false
25d5b6ff-3628-4a0c-ab70-05a33851cc03,Axlitwjfza,true
487e405f-1852-4b3e-83ac-0555e9fc79d1,Enzovhpusno,false
7570fc62-c18b-453d-8f83-d76fc264f21c,Esshqmuiutlyy,true
5a10b8ba-ff86-48f0-8a9b-dbfec0435375,Tcxmtjatpxns,true
6ffcab22-f28f-47f7-9b3d-994f77679fad,Kfqcornxgnhe,true
83ff0d8c-6d9d-4ba1-ae4c-5b20323378c8,Gqqdoar,false
de75c269-28c1-4e79-87ac-32136bfc34ff,Jvsanqcgw,true
e2c1ea49-44d2-4317-a5f5-8243cba69508,Uxqe,false
b6b4694d-4d2e-4dcf-b69b-32e96008ef6a,Wxzcprobwmo,false
d9aa442f-7bca-47ef-98f1-5cedf590ca1b,Cudwxyfcvz,true
132fc142-b59e-4d86-902b-0a9d90c0bb3b,Nvkmf,true
081b47ca-4586-4e86-b8a2-208a9c786cc9,Rmxhbdfmkiwdkty,true
0dfc177e-d908-4d67-9a8c-b57045649338,Uxhcttsxg,false
82bc22c9-a391-47b0-a1f3-cdc5bc46a50a,Oehinrghxflwdr,false
40ac1d16-3722-47e9-9f42-53e96cb8c752,Mhawdggs,true
621c7288-e7e6-4fda-be97-5ed8dd97d570,Fkyziabqfcft,false
58bd2b8d-5c61-4dff-92d9-4c7a1b32fe1b,Zzx,true
d2fc3eac-030e-4b3c-af6d-018e88544e08,Varjrdnx,false
b7947245-61da-470d-8c0b-2289afc8df44,Caqbyvvrhevklr,false
205b2c85-7fba-4207-8df0-753a7d6f34d6,Tlmryeiynu,true
58972d0f-5998-4252-a35a-57685cb1b35a,Cwltyhwfegtvdp,true
c2bc48ab-1059-4aac-8817-060634f49d79,Ipshxeiv,false
1716ae0a-7630-40ad-853e-71d1104cae10,Wxpifuxeyw,true
8a8af6ba-bc5b-48ff-88d6-9356bd1d1f9d,Gof,true
88e62268-c373-498b-8664-f30548bba594,Nbcdrydmh,false
b0e5ecbd-a11b-4196-9ee6-9c1c2499cf55,Xaqpyamw,true
0b0951ed-6702-444f-9e93-172647e01570,Npaxzicbs,true
ea417db9-4d51-4791-88b2-29c98ff0286a,Jngtmacaznu,false
9f90fc42-8a5f-41de-9a75-5eb7d5b6a887,Dtoy,false
83ed3e46-491e-4cfb-8c73-0aa07d86b6ea,Sevjkbg,true
4666f12f-835b-4932-b78d-3c689f2af1e3,Gdff,false
c367b546-29f3-4f39-95f0-03db73704a2c,Jjvmfx,false
22338269-8a17-48c6-8c2b-8e59de0ad632,Ltqggih,false
5f62b16a-5adb-4711-87a5-2bcdb0abda26,Cxrwadhe,true
f46c8b32-2660-45a4-9805-301012115da2,Ewwdtxvfzu,true
ed5f45fd-f7c5-4d18-b860-52c07b515652,Tdnqglk,true
13cf715f-4d43-4f73-a71b-715a8825081d,Loimmjyt,false
a1e21532-5cfc-4b2f-9326-62527dd8fd99,Igergxqnebiigrh,true
6b8eb28d-edcc-430c-b9af-4249030f72b7,Dvbbslvrstgpz,false
ad574d32-3779-4722-a9ca-a4ce6b6e4e18,Lqpd,true
2353d0d2-2739-487a-a051-f47fd40f0313,Qxcbyylmwismud,false
885098e6-f568-4a83-860e-e07c7d71f0a2,Pqdym,false
e82fa3e9-f307-41bf-a953-7aa04c53d981,Abhaigns,true
05970e25-1870-4d90-ae9e-a3572d5af955,Hgerbwsjwkzixj,false
24f581c2-236f-48dd-9909-b533e5a64748,Jjefax,false
6395da8d-a2f7-4038-a1c4-083080e1bdab,Qwrtudmwfv,false
826366d5-2637-45ca-aff4-9dec934a3607,Smrusxwtjexwwi,true
b85bba0d-5657-4d60-9361-690f47a2a01b,Zdlupfm,false
e1396c9d-4801-4c36-a7d5-398d5d9883c1,Dvqxdsf,false
5181807c-bdac-47bf-a492-fe9de7793a4f,Sdwco,false
487e38ad-3d98-4148-94a1-ff320b6574ae,Wfqqm,false
cbe1abc0-5873-42c6-be95-5d17164e0df3,Xkudmiquutvil,false
f6ec3d3f-f0c7-48d5-9137-442340356036,Dauoakroacsj,false
57ad2431-a712-4f0b-9ae6-7770a4178290,Itruwxrmtdajvb,true
1b9f2215-48cd-4a3d-8fc6-4298ebe0bf1a,Einfwsbufwjnwng,false
c7c32a68-ab00-4949-8eae-d55352e39ac9,Siasmxvru,true
9788b627-8867-4d3b-9d45-9cfb89fa96ee,Kkkvnynwm,false
f1d7e35c-05c6-44da-81c5-c242922ecae9,Ynwksk,true
7de20342-bc15-4af6-a10d-cf302ebf9cf8,Tvln,true
5127fcc4-2b71-49d5-97b4-00c4a11d7cba,Saqxet,false
43e49bb8-547b-4380-8700-6d156985d5de,Qshqgygeemw,false
c5a24b91-1a69-411c-adaf-1506c02ec704,Khtze,true
7f8ce790-e522-4033-a60a-37b5d91fa96e,Rxxuho,true
b95e879e-f3cf-4055-9550-72587d17fd69,Xnshfh,false
13e59f5e-a03f-41bb-925f-ee4a877b342d,Ddfyhjnpq,true
c49eaee3-97ce-45cc-9b4e-f5dbae20c0af,Flmqabpiwrpry,true
b0ecec13-3a75-4077-a1cb-91a9b055ec52,Qchnrwf,true
cb272ce2-1bba-4650-8dce-acf7c39fb98c,Xfs,false
fc716bc5-264f-4fa0-ad78-4c6ad7e6f8e6,Gruls,false
652de570-97e8-40f9-baaa-257593d020b8,Cmobz,true
3b112e27-a1ee-44bf-8865-248685d47043,Mzlsfdeiy,false
bd4fc2d4-2e9c-4a76-a65b-3e1d459ceceb,Dopwix,true
dc4011dc-430e-4d83-b1a3-69864e2aa1e5,Degrkjcitmazs,true
49e22f6e-a77f-4d3d-a4b4-2df899118a7a,Qpdvqgpmmt,true
bc155def-e57a-413e-99c3-7f9b5af97a43,Mjuhnh,false
afe0807e-c9be-43c5-90e1-3c69788d459e,Nsyqnevbwecl,false
85ced5a6-9d68-4f8b-8b88-3b79070c582a,Ujygzkhuakdil,false
2f8be354-fef9-437a-967f-5e589b061292,Gzma,true
5d0b5fc8-5455-447d-9d22-89773c1183a4,Iigmeqvcdbxwig,false
e59d8881-2412-4bf5-816a-eca6ebd38e49,Osvbxucf,false
8fb25ef4-d4d2-4f57-8879-4cd747872dcc,Poiq,true
a397679a-60ac-4daf-9b46-50207674db6a,Xgmufkqhjp,true
d7e645e1-0a59-447d-8f5a-009b0582e6b3,Qplzvwjrw,false
f5c48509-6e61-4a22-88e0-0b8451ec8639,Tbfaatyeo,false
28ad8de1-bbf5-4006-b9de-dd5a7c57438f,Ilzyoxfmuia,true
88ab5476-efaf-4bed-bb17-47e324e426da,Iwcj,true
b17fa2b3-7976-40c3-9faf-c047341ba3a4,Hmxru,true
27664609-db40-43c3-a924-6479ae815d84,Qqyyvswyekdss,false
c2bc0516-c316-4647-8415-054f6045f0c2,Qfwpfyde,false
eee367c2-728f-4ac3-825a-fdf212ab3288,Jhqnjvsucibtv,true
67f452cf-e3b7-4509-9039-3c468f3fcc82,Pru,true
4c60b2fe-81b8-4c4e-89d9-36c67bd87044,Rnw,false
ee2e0421-e594-4aca-93a7-592ce17a6a81,Twkpxtqeoqodcpa,false
9def91f6-21b2-44f0-b245-5a4c5738c30c,Tpapvuilxl,false
4fc5028e-c86d-4496-954d-c6c378de2f7a,Ajlwiexwth,true
37262e51-2105-4ecc-9263-20899dc1945c,Yhb,false
045d8dd1-31df-4c38-bddb-2557d500c0b5,Eihd,true
2f9f47a1-7bd5-4abd-b7a1-6b15ab708449,Kqomvhjfth,false
bc26c3cd-b4c0-4d5c-9a72-504f7657fb40,Wwlno,true
dc8fafaf-6a55-4199-ac7f-848fd7802fff,Ibgi,false
cd0cac53-79ec-4404-8c62-c82f9a324570,Yazlbwhtzprra,false
f0221e43-2c0c-448a-bd5c-77c21c5b69ae,Xkicsijwuqcu,false
eeb3810c-217f-4dd9-b1f5-b339d97abf67,Ume,true
7cf81ac9-cf49-41d4-94d4-ec0b71b4183b,Kekcggs,true
6e03935c-a3e7-4b4b-9109-25c20ac5daae,Xdcmdrzkyzoqr,true
d0f01a86-51d9-4149-bfe2-6a527526672d,Vgfsokujgluk,true
57e80b1c-5108-4ebe-8a2b-80db038da450,Qurjrwsdwpq,false
ad38444f-c17c-42ed-8391-aecc607dc8a9,Qbfm,false
742aa697-5377-4ffd-b37b-9c0d6749f1bd,Hzrweifi,false
0e7d4fa6-0b14-4c7e-acc7-1b1f910de162,Phwkeljkattnemd,false
67794383-730d-4959-b483-e139109c2d7b,Sdvktjfrimc,false
cec2a71b-d91a-4177-b334-4cb4b9307c74,Mastosxpaitwfi,true
ec326277-57ec-48db-8db0-a75c4dd41b1b,Qphnj,true
23b43a9f-4b1e-4d1e-9183-898d4cf67ab0,Nrgyojst,true
79314dd9-5db9-4f60-83ee-6bacde708373,Yrueepmppvd,true
31be5762-a314-4287-aad5-04a7dcc6a5d5,Ilcdxacyr,true
3168ac06-5efa-474e-814c-e8bf41599e33,Gfrgkfwap,false
a934c1f2-cfe8-4ca0-b4f1-da60b2604168,Lebwfbtorbnb,true
dd4c1965-ed9f-4093-bdda-ead04e81b9ab,Fnltccc,false
37ffc19e-571e-4c30-8608-7c959705cdee,Pvp,true
d81c8d48-a3c5-4d5d-bf29-ef2893462f22,Ucdq,false
41328b10-744d-4198-8825-34178a6449e9,Pndzfp,false
9b65377f-5b5b-4937-b1e5-03bdd37f9563,Ibp,true
bf1edd10-11fd-4009-a1c6-a03cb78aea6c,Ortakrfdytxq,true
2a6e068e-141e-422e-9555-40fd8565e395,Gpyvtodcynhvcm,true
aeaece52-ebc5-49c4-9c95-a58f60144a22,Qftknqeyf,true
cca2e991-1f30-441e-9ac8-38058c17db67,Hsdevn,false
da5d588d-77bc-4936-8dd8-0c587cbe6bce,Jepjb,false
fd276a48-0f76-43e3-a6c3-9ae9d6d099e0,Jurococrsng,false
01e7893c-3ca2-4b3a-b92c-9545ad479c25,Wluywmkwk,true
f552698e-7e13-4113-8060-722e35aa7754,Ydfhdmklgxfo,false
17368f55-0e11-47fc-89c8-24325a83a53f,Hepuyk,true
f9fd00ab-151b-47a0-b9a2-86e8a1b0d8b5,Wuftobbhlcjm,true
5e5f3d0d-0859-4979-a0ff-7917e7a467d5,Lqwawycy,true
1f7245ee-ce08-40a5-978d-ced37bf09881,Rcpdtnkcmbig,true
a04fbaed-99e7-454a-8049-9acfd5483083,Zsnsxrflleuxg,true
51da9096-aadb-4b89-99de-22bfdef4ce88,Eirxwub,false
a18511c3-912e-4079-a9c3-b0ecf8072fe6,Dnstru,true
a1397a5c-251c-49a1-bb45-2770a11e9877,Mbqcbhm,true
b0d4af15-9cfc-4879-89ab-42cebf45412b,Tvhfopfaosvw,false
9b097d5b-e244-45d9-9b0b-61280d59c5e2,Ovvoog,false
a46f5901-987a-46e2-a93c-35900304b85c,Uatnithslpa,false
af7ef0c6-53f6-4c91-9b4f-6b23d91a1bd8,Hwonke,true
253d17b0-a6b9-4296-8cb4-264dd8ac82b7,Yfm,true
470b3ad2-7994-49f1-bc4d-a0ce2c772d21,Kjtovlnpwqf,true
e632943a-4343-4c13-a2c1-09d297609e17,Epehoxo,true
0b3c87b6-e0ae-43d4-add9-da2f98db4ce7,Elvuyvonttrqf,false
2d1a30ca-11da-44a6-920e-e16eb1199a0d,Jqxkugwmvwiwafh,true
69cbe1bc-8196-4e9d-a8cc-28359fe6df6f,Jpgupacktsiom,false
2a72707f-5461-407b-9c12-6e460cb7edfc,Fxjtixaez,false
6b3dc2d2-0a6a-40a0-882e-25341c5f5d4b,Ayclseadicjkh,false
644cf312-3062-4f2a-a10e-b7b4fd270226,Pvhxmwsqkwirmx,true
7bdff190-defb-401e-9b49-61c089fb5ae7,Xthx,true
94ea0ee3-7df6-4bcc-b36f-a5e88e7f338f,Bbangcqblzijp,false
3b3d87ac-6eeb-4ce5-ab19-b527f08f7792,Kkeaxzgcungxuxm,false
dc94b58e-8b5f-488f-aaaa-d096b5849a11,Hay,true
3b2a764d-35d3-45c3-aef0-0dbb8d4286b5,Djuo,false
5d89121c-5143-4b24-8a64-e49614231db4,Qxfof,true
5830dbe1-ed49-40ff-8171-93fa1271f3b1,Nokkzdsala,true
2710d6f8-81e2-48d3-b0c0-8c6363c32edc,Vovudht,true
47f26660-f300-4f1e-90fb-fccb921288cf,Pagnndlauvme,true
38bd6070-23ba-4fab-aa3b-57b566089689,Cdp,true
d530297b-b52a-4647-9daa-8dd0b2cb64ef,Zrvxdqckjgkqsp,false
ab8d026a-34a8-408b-a64a-3a915668f5ee,Ecjswoe,true
e2cba03b-79a3-4efa-ada9-09f305146b2d,Vda,true
cf1657d4-41e1-4f4f-8241-ebf3595e923e,Aelhsrjdgxrpu,false
c4b40d7f-4e40-4efd-8ab4-823fd7dde263,Nqryuombidk,false
aec035e9-9a70-4ea3-965b-e7344a2f8154,Keeozi,false
4a07f16c-17fd-4ed3-8ece-16793c3b7a69,Erugb,true
136b824b-d336-4057-9b82-70797e869808,Nwgjdgnnjm,true
44f326cb-a4ad-4fb3-b882-d3f1fbdce850,Ktdtgzpmiwljyaw,false
f3b6052c-0031-4f82-ad9f-63b1a078ce8e,Pdzdllmg,false
4b7f47e5-c9fa-48d3-b5ba-e5abdc479052,Rqwpm,true
96eb974f-0237-419f-84a8-e8945af5eb95,Pisnqlkxnvg,false
0b3b73ee-1472-4793-8fd3-a34b429e05a8,Hfiph,false
99647b3c-9fca-4ba7-893f-313fbec05016,Zaaukfxg,false
08802e63-7b76-4d65-85bc-95d777133cd0,Oma,false
59fb96b0-5ce9-4e0a-b179-f870b0288dda,Piuniasddf,true
a94f4a33-abb5-4a3b-88fa-75ccf494038d,Rwcdfqygzkxk,true
d75122f7-64a3-428d-ac79-45244daba8a7,Qoecgwsetgeny,true
1931eef8-f2b9-4914-a8f1-5bdfae5ad618,Nggx,false
a2364be9-644b-4b43-ba63-4f96bd6f3c84,Mrsfomkvogtlfbc,true
583a2a41-aac4-4573-9e03-75a9412420d0,Hzofynidh,false
5ae64b04-743c-44ae-a2bb-a97ae70c8b79,Aqsywfoqn,false
62aa9a43-fc0f-4c0a-ac3b-30e174950b90,Fhwrgchvnacgf,false
c1fe49f5-4d86-489b-b99c-c0df12cfdb9f,Cunkbeua,true
7c13818b-80de-445e-a5ca-71bbfe592403,Phzikspiqpxhawt,false
e0885aa1-9a67-4730-8d56-9671ed31c721,Qjggqrcun,true
d4ad42f9-d569-4149-835f-6e5ffa79dc13,Cjvkiajetwvjstg,true
9bb22390-6fa4-4b5b-8316-ebb16f94fefe,Gcy,false
33099a0e-82fe-4ea3-96aa-bf8f51c6b392,Zrgwdfccvxklyx,true
050ba3ea-4eeb-4b70-8e41-e6aa4b8734f4,Magdbusf,false
8a1b8793-9bc8-4100-b802-c2b63ab9eda4,Wvyf,true
3d1473dc-def8-4f2d-a2f6-9d01b66a1f2f,Bkunqarf,false
81169ef4-24a4-4bd6-8b19-bce7acadcc52,Gwiyzkqctsix,true
e9fe72dd-922c-4b0c-aa05-10c89c3b13c7,Icx,true
abf930ab-7f90-44e0-9624-adb71a98fcfb,Aqisj,true
dd3e6445-4794-41f4-94b9-d7d9f266b666,Hos,false
2e754fe0-4c48-49f0-bef8-874140fa30ac,Dubbmbwozo,false
cf5b68a8-8277-4333-9487-2d817d1ce454,Fvc,false
a0aad04e-47f9-4fd7-bcfa-5624067e0a29,Olgjoqcccqjez,true
50fc446f-f749-4cb5-8908-9aa01f1363e5,Oevekio,false
6c39f7b7-3aca-461e-90f3-c189492486c8,Xbkkkkru,true
e2947246-ba3b-4700-a4fa-fadd2884aebb,Bpsdzuxmbipajbo,true
5b2300b3-71f0-4719-9a1b-c6fb9b86f8b9,Ieqgek,true
0e6c39b0-5f4c-4fdb-beb6-197d77553580,Uwvngkfaoajlgv,true
39f14f3c-e1a3-463e-ac6a-925271d7300f,Tava,false
1f32b939-5959-4750-b240-5a9f0452c534,Fxi,false
b2eacc77-fe67-48f2-b7c9-bff6c3be426c,Jawhiit,false
64150342-0828-4f59-b92c-09f5d97b083b,Jfmhis,false
0ad98e3d-23d7-4840-93e0-f4eb846bd6ae,Qfsdtub,false
70f06df3-5fe6-4027-9b38-2db40460c67c,Aikfaxddtxaeeyd,true
b3076978-f6a3-4eb3-9d2c-2e624df0dd58,Mxtlmwmjlzxgl,false
6254109b-3acc-4a48-85fc-4aae602e3735,Xbshwgnkx,false
569b3937-e7a2-48bf-a180-e0d4df7955dd,Bslksttcwrs,false
293681d8-a873-4821-ad9c-5c196284b6c7,Tawrikxmcrtg,true
0d76601a-d5e4-4909-876e-3c29619330ec,Prulcgrlcplq,false
f736047e-5134-4088-bd9d-3e0b0342e3a8,Oqztkshlzebsfb,true
4baa1e72-a114-48dd-8338-16631a3b404d,Wecthlxkotyvhn,false
21a429cc-bded-4d06-b269-a4f4d667ac71,Cyemsn,true
2ea85244-df62-4dc3-b168-485f19ab0ab2,Hrvmjphc,true
98869d02-b90b-4746-9c78-106fa6e1e1db,Eqbosq,true
e0c8bbbe-77ed-4bd6-877c-2cac46dbcb6a,Nhx,true
c9a9a4d9-af42-41e1-a8e4-793ec1921e86,Nuyf,true
2adabf00-d825-4b57-8e6e-985dd04ec45b,Anbfqnfrqzijdk,true
f874a723-4a38-4929-9eb2-c089156812d7,Gyu,false
f19ddb3f-2573-4ec8-b7ff-28dfb2f17f1d,Xmhlsdzt,true
41bf9d04-2f9e-44d5-b28c-d1c17d2b53b3,Axodosuxsrielgz,false
853125b9-5387-4841-b6d4-45852b938843,Hrkpbhcvt,false
8f9f3588-44ba-4e49-9383-ad7eb84141c6,Pkbhspybosr,false
2b73f59d-f9fe-4344-8bcd-c3e1040ae401,Xxazcusajqyki,false
6e9ea4b6-b704-4293-878b-76de6664a90e,Iips,false
8c85d386-9606-4b2c-84c3-ce5dd2fcbb8d,Vqqa,true
ec9caaaa-59e8-40b9-8b0a-9575e2cc7aa5,Pnt,false
ffc1a5c3-68ca-406f-9af1-d2a44392c9a8,Oblbppvpxsqmnir,false
d4c60a58-0a41-4d7f-b4c4-2129fd7880c0,Vimdqggaudek,false
7f3851e8-d3e6-42a0-9cc3-3e9cbaf0b262,Crmxhhfqjofh,false
2b3cdd01-355a-4cc1-ad29-33089b66ada2,Lcl,true
cdd68199-d1e6-40e4-81ce-5e6536871c01,Fjexyivrooqk,false
5e12e13d-3c31-4363-aef2-baf0098368c8,Xfdszajwfcc,false
4f1fcfe4-5472-4f67-9db4-a5539504d9d7,Ldrywohvdubl,false
23917e36-0ece-4b9a-a324-dc35ba028634,Goa,true
d3a4f780-cf43-4a49-b5cf-6407d6f38471,Tcafhvmktupkl,false
7e76ea83-489a-4dc7-931b-c5966c03e9ee,Swnmcsaeolf,true
75e85aa5-accb-4806-9ddf-864c498001be,Lnxxiugtc,false
babaf5d7-4a55-4dca-8599-1784217cb05d,Ytvkpzrvzsgwer,true
f0aa9941-a9f9-473d-bd6c-6e4d083fd8a8,Jcksnayakqey,true
97fa5e5e-fe88-45ee-9552-bcbe0e71e576,Udu,true
9a2db7c2-2298-44f6-a459-02ece2d6ab3e,Opprzeio,true
3a1387dc-3c5e-40cb-a0af-3614e0ddf584,Rkvye,true
734b5e73-d396-4981-979c-9703b83f15ff,Tdbuza,false
d6313ed8-34a9-48f2-8aef-6172d36794b8,Blhh,false
1fef412f-8e51-4c00-bda5-25cbd50dd43e,Euqw,false
bc25c478-0a46-43cb-ba45-3429f54117d7,Khyetepfffvg,true
90079f2e-27ca-42d4-ada8-32d7b2214084,Eaulnrsgjitgmd,false
c17899d7-fd18-45c7-9282-98a5ec37cabe,Rhquyg,false
c2a3ab4c-6650-477d-b2d9-f58ab1e5678c,Kqreqcas,true
bfeca501-df4d-4b73-b129-dda383a43b51,Tid,false
818cf108-bdf1-4a29-b8a2-b696172471fd,Bdpjsvlko,true
9bd2aba4-421d-497b-a395-488fa6fbda7e,Emcujjsyqpf,true
55495188-bd3b-48c3-b691-dcb64dafd09c,Qywkjqgfzv,false
b7c9d223-b483-4edd-ad9a-d6b281b6af94,Wrdhvebd,false
15406d5f-5ef9-4565-8925-394f72d55de5,Mcbhjgng,true
32220275-f495-4efd-960e-cf075771cc81,Qmt,false
fea01bab-a462-40b9-a0f6-7d9e4bcca705,Wfuprzxdaxtmemq,false
aa774c91-3022-4003-8de9-59c9359ae112,Wpwrvqzac,false
e8c0f9fa-5777-417d-8952-c560cf57aacb,Ticzaxudc,true
dbb5f46b-fde2-4c6f-bf18-ef56663a329b,Oaiaxgrme,false
704e2f38-7662-476b-8d99-6efe88ac0b6b,Lec,true
89fbcdfa-abdb-460f-93a4-b0fe18a98c67,Bdevslxqml,false
23657cd1-8d2c-4424-b6f4-a1b6edc1a818,Uhlphiy,false
77c340c4-6db7-4178-983f-1feccbefbd7b,Wxxxk,true
68647bed-5e9a-4e54-a228-8146da45af9c,Kwtb,true
459e5a8d-be69-4cdf-b8ee-3156f0c5aa24,Jgbi,true
38c37f50-85bf-42d4-a77d-1ecb10359044,Qntjcgkrwilvmkh,false
4ac5c5e1-3eb4-4563-a008-fcdc39d7fb35,Sqhmaqghd,false
707eb85f-07ad-4c13-8066-f01bbfbf9a44,Ocuho,true
24b282c7-46de-4df6-ba0c-48baa50ba9c5,Bjedjpdlzb,false
e1f180eb-0b37-4c0e-84bf-71942c84c2fe,Vxdfmsybxqog,false
303c34ed-dba6-4bd9-b39d-9317610674a0,Btvt,true
1656ae5b-4ac3-4a82-835a-f0694f961264,Bqc,true
fd8c3402-3e95-4ec1-8cf2-d7862a08883d,Yvtbv,true
30ae5ec7-4952-4eca-abec-fa93e748f594,Xgqjp,false
4978c5ce-1f31-44bd-bd65-a4d6f96b2653,Uifbhamuvz,false
aa034001-0e95-4131-80fc-78575d4a667b,Rjszcqncwqlyy,false
f98b5886-ab3d-4032-beff-e98c4ba092fb,Izmlytpqfgf,false
108df12f-eae0-4535-92c2-bb9fc6c04608,Jrbct,true
2fe8b403-eb9c-4d2c-b4d4-9fb8c2d57082,Hug,true
7fbc2fa3-2056-4a13-af15-8296cc6198ff,Gvkuv,true
5cdd72c4-b5ff-4348-9640-ff1e9bdacf2e,Dimgkkqlflbge,false
0c29a777-0ad8-4ac4-82b8-e31b871fa25d,Prbmluvbsprxy,false
138fbc48-12f7-4e8d-9c86-6df8159596ee,Bkafuncoctdzdv,false
a642584c-9f18-4128-b67a-27073d5bb441,Kloan,true
4a15fcda-0ae4-40b9-9dd2-caae5c1ef96a,Lsikoxcftkvejm,false
6b5fe659-1c65-467a-9f72-d7855042bae5,Exycgv,true
97708951-a121-44c3-acaf-dd2c212c3f0e,Kdtymbpqic,false
dc2dfbed-597b-4612-949b-75599d85d23b,Benepyobjhvz,true
a6081197-f7f1-4e47-b1b6-f616dfe15096,Imqbbyr,false
c630c6f3-713d-4ba2-a3d2-a7b8d6ea3a4d,Eratmw,false
c9c690b2-d05b-448f-a1f0-b838a164fc74,Ybospwwijjlbkg,true
bea2efb9-110e-47b5-8e3d-f9ebaea5a083,Aelsiihdslp,false
239c704a-43d3-4cad-8e2a-2a1f4641dc2d,Pgpyvy,true
a080c655-fcd0-44d1-a10c-796d25ae590d,Kyfry,true
7e03af01-5a3b-4d88-8553-233944e4e1e7,Wtyzwv,false
a47a3474-6eb6-4019-8bd3-77e793e52c24,Cjnsj,false
d5dbbdfa-f11c-4e3f-a2ea-690d070fd677,Wroaq,true
73420c25-3c9a-4175-91cb-d194608ffc0c,Exhoxyjtbbw,false
7f48f2f5-12d7-4d86-8c5e-56a42bcd99ab,Oupvwzdfr,false
16b23a60-0db3-4f82-811a-ad0015f951d6,Yfayvhblucbm,false
a8ee35b9-ea66-4a29-b18e-64fb545f6ad3,Rfyqobxckkiwga,false
73acc9ec-5f2c-4965-ba60-5d1af65179e4,Bdjmslrqhq,false
b1c2ed06-57e4-4373-a325-2c9ebbf20b1d,Fxcedxmdyzzovy,true
8a3c1247-8644-4e7a-a737-0212497bc68e,Eaeuxweptzcuxk,true
26feda15-8c40-4334-99a8-495c6168d78d,Rdpn,false
fea0f90e-4591-44f4-8e0d-706a9ca8aa2d,Hpbtoshz,true
12f54b2e-490c-49fd-b67b-fa002279dd9e,Vmawtjbbzt,false
dc9b695c-951f-4a1d-85c0-69ab092fd71d,Lwzocbaspnhrct,true
00de3b6a-a543-43e8-8294-cca82529c052,Pjzrw,true
977ac871-eada-44df-9664-418e0bff5d96,Ebwjij,true
64c70d8a-e9ef-4878-a417-17ce7f0f1351,Fzyslcjr,true
5e1e8ba2-4aae-4d8a-b644-7a682b3093ec,Achhqxbabvfsqqa,true
79c1210c-a2ad-40c8-a200-aae129653807,Bqqy,false
aea8dd19-417f-43c1-8fce-c0c5328496b3,Tjdpxglfvugxmpx,true
b44312cd-d2b3-4b73-a033-c53188dc5e51,Kcgs,false
34bf2fa3-90ec-4a97-a804-0a4382574225,Ohwsi,true
12f87fdf-3a17-4e96-bad6-ca9ae8542c73,Avdpougoxdsx,true
d7549572-e17e-42ef-8bfe-aac40bb6d285,Reefhmivaia,true
9266df49-33fa-4c4a-b6c1-0ba320b610af,Gyymmqfgvxjxowb,true
350de78a-ba7c-41cb-9855-219c7936e6e1,Dajbodokrrggns,true
e0863b3d-89cb-4668-9c6d-8adbda8423b2,Feul,true
2a5d8412-b02c-45f9-a1cd-75ae19ad705d,Whqtspwkde,true
55529800-cabe-409c-a683-87d41fca923d,Tilidj,true
2665e9ec-982d-4500-8d32-db3b90e84671,Csc,true
3e0e0a83-af02-499d-9747-7ca9b6f21c03,Hilxtwa,true
d3ddd1c5-66ee-4275-9115-aa707fc73903,Ahldejohkgetz,true
757bb787-f035-4f6c-a789-09ec4808e11b,Nqdojx,true
663148ca-8b20-448f-bd0b-c97d4c6d7a72,Izkowi,true
8a3cedc3-83d6-45ec-893c-5d4c38390550,Xijhntssosk,false
ce35498d-d9fd-4b82-b018-eec409ed7dd0,Wum,true
0063ecef-e650-4ef4-a618-23ad4213ba71,Kazkq,true
43ab4ea6-e89f-461c-a258-a07198618b81,Chgusgfs,false
c66e8c01-b1da-4237-b531-f7b5d0e51e1a,Vvlcgubtpjtqnld,false
6341409d-d245-4a6b-a804-8d287ab5d4c6,Djxuuctr,true
ac9a46a0-2778-427e-a0a2-a99bd8676e8f,Ztfdrknz,true
84cedd05-d6ac-4d9b-aa34-f2d6f5b5a7e0,Odcbyqysu,false
e3c3951f-393e-42cd-b427-05de3673c4c7,Uyxu,false
45c240ee-a3c5-434f-8dd8-8a8b323ec5ca,Njlbfgdjvtpbi,true
2923d0ee-66ea-4abc-b3ad-f5b4b431a7b4,Sjqglxwhru,false
5b483eec-1241-4b70-b1a5-9441ccb11725,Qwsnkqhewn,true
e957ff0a-cf8a-4f0e-8d28-c8e109f3c19f,Oagsh,true
6e535081-77fd-4b67-a114-990b3864e169,Zzhb,true
e5e41696-ccb4-4282-bf4a-c693134203b7,Oqkvo,false
1c8e321a-418b-47d0-9f2e-c83a85322c2e,Tsxesnssoq,false
561b11b4-c63b-45d8-9854-0de9a196168a,Dyeryqg,false
d9091824-2df3-4321-ae8c-2be1236e75ac,Wrlszeo,false
bef0b5d1-f0d5-4c72-9314-1c4d04610628,Txvexrterdgalt,true
8b6bd151-bc0c-40d3-bad8-327a3f0c9cdc,Jawandw,true
faf65421-31da-42ef-a00d-aeb9a52ab9d6,Vnxj,false
0995a634-9bd7-45fd-9566-07e01777113c,Zksiqjgm,true
0f381eea-c4d7-4ebd-9c9c-122cad0245a6,Upqat,false
c4af1399-8a4d-4d09-ba37-5bc1418c808c,Dkwthoxreid,false
33bec6e6-bc62-4e67-b68b-fa177fe42454,Pbpye,false
3e39979d-2805-4341-a76c-2ff4cbfa1fd0,Isz,true
a3037c7d-070d-4efe-9d77-ae3be2d475a0,Jvqzvubevt,true
08b00590-ddf7-4ab8-b078-a43703585470,Nfmewgvykypy,false
52d4002e-2612-4c75-b225-657736dd6bdb,Ucqklezyfyh,false
e07c5141-edab-4654-a493-b03baa5a62aa,Xbrmqzuxaneq,false
5199ffa7-e72d-4f22-98fa-ef1df7812dec,Qtaqctdb,false
f0ce8df5-6b87-4a39-8272-83523a551787,Yuaontosqlgrq,true
f84d9563-a81c-425f-bc21-876b018e7178,Ufjukrsyyrk,false
5183b36f-04bf-4ead-ac52-eb15abc1f036,Mzfrfralxc,false
07f1a4ad-e591-4022-b083-276b8da85466,Fjfzw,true
9542c2e8-8feb-4192-a914-6d90c2e3c989,Rnjgcpuytzsufz,false
e7854a35-4772-40ea-9c23-50e1f449651c,Fnydgr,false
38d93235-92cc-46bd-a053-0a4530932265,Qoevp,true
e6dbabcb-c1b3-4f58-91d7-51e35b748088,Ast,false
4f756456-f542-411a-ab66-996ce5045b81,Qxjffzofmwrpzkl,false
cb8e21bf-1deb-4aa6-93f8-3b6aa6d363e6,Cmgufwa,false
436fdefd-b83d-4c11-b804-eeb3117aff09,Lurkxwane,false
7e5310ce-2ca6-4254-bed1-ab59754f9416,Cjgwwzimys,false
ddd03e61-9c44-4da8-982a-3479492ce03c,Eorvfpgmrkbufs,true
efa80e93-62b8-4f27-8477-d960fd3ecc9b,Buuu,false
be744cf4-d842-4f65-9035-d6f5915e15c6,Qoxdxq,true
6251f669-9ae1-4d00-a8c7-56a77ec03ea5,Soyavxcjwbwlmi,true
ddca69fc-5c1a-4d4d-9315-dfc0d069a9fa,Dxncmrolxjsdn,false
74580f7f-b7b1-4cfc-90b9-4f81316f5fd5,Rtpsqufgegajsq,true
7f6b7bb8-9956-41d7-927a-87ed7d67768b,Qdiyukjiim,true
d31d49f4-b55e-4f83-87b3-54a13a0103aa,Enpzhdrewpq,false
d1538d14-9aa7-49a3-9931-53642039396a,Gvofxm,true
282bb15b-9abc-40a9-a61e-762f02c762d3,Cxkleqpsxxqrslr,false
27fc231d-b116-4918-b178-0cf71cd96c93,Xrzjijmhqf,false
98cce995-a17d-4a4b-bb00-804079c552bf,Tihxix,false
645a3064-65af-400c-abf7-0c0175df70d9,Opkwditf,false
1de1d1f4-2bc9-4636-b937-ca52fedd2c77,Bsdhhbarvahual,true
b99f5d03-1d6f-4d11-90fa-d1a70456f513,Ihcbewsnmdzwnk,true
43b9d099-b765-4e10-96d8-6c51c5253a9c,Bjouce,true
4c825cfb-113a-4cc7-8a6d-4fdff44106b3,Jgwir,true
7fdbc9bb-436b-4126-bb69-7af31795b333,Yyooukklnji,true
4a0d69a7-6737-426c-ae0b-816b3a57d2c1,Vvhyfuwr,true
8c8edd65-7a6f-4884-8d08-fe24f6992911,Gihfe,false
1e94295a-2ace-4ca0-9239-4de9adfe9537,Vhcuprbyge,true
473a021b-d3bd-42cd-9ef6-2cc8acc8d7ad,Atxdaqphqvzmk,false
a3e0ffc5-76d9-4dba-b77f-a1fc7aaf5ca2,Hosexgbjpw,true
9a3f5ae9-30b0-4d32-b21b-3cc852ae9edb,Rrjke,false
d9b70d48-4de2-4087-8462-554bc41ca442,Wvugaikqlnnjdg,true
6261cba8-0392-4e1e-9e70-cb88891598c5,Mkedktcurorlct,false
ccfe5012-4894-42bb-88ea-d42c1a19171e,Rhwtkdwh,false
ac98bdce-fd56-49fa-b2d6-45a51fd54c6b,Bgucnegw,false
732e57a1-cff4-46df-9317-5f5ea9e53ea1,Hvezuninwpxjxm,false
049599c5-9432-4671-9e33-6030688122b3,Vubclptarod,true
f4efbce9-560b-43f9-a483-bfbeec7af0da,Jqzdgfb,false
d398ff1f-1592-4ba9-9c8e-f19ccc49bbc1,Frzujenazuo,true
25bc9df4-19e8-4856-ac14-c4fa82744649,Dccgxjgckwid,true
f5bd7d0a-6735-41c0-9b39-cfa6c6360c56,Ctfwoeifkyrjkuh,true
c40cc135-b575-4d48-bbfb-ac51e06e6e16,Dhknvwq,false
a1a9ee9c-d93d-4eba-b1c8-d925bb27a502,Rqrlxedyjbb,true
6c7d6fb0-e381-4997-8def-d46177949df2,Rrgfgc,true
3bb90201-37a2-40ce-946d-583974112fc6,Hyoavpvf,true
b36dd5a8-f13c-434e-b4ad-2eb126f76e99,Kgp,true
98133991-1712-4140-b1b4-a3211deb95a8,Upsubdcfztlcc,true
acd02a09-30ec-41d5-88da-75e201d50152,Dwzpkuuiqltx,true
8746595e-468c-47ca-9dc3-24b527c9b38b,Uounfqhhxyakvn,false
feac2c55-16b3-4355-b0a3-91ebf48460a7,Otdrg,true
7a9c7153-ed4c-4496-8e1b-563d3aea2da4,Hxivwcxsiow,true
506ab993-cdab-4da0-9132-046b09685158,Osqxpqjtthwpgc,true
b5fce56a-9457-4106-8475-ac31bee219ba,Atgxfl,false
07baf9d4-e1fd-4957-b654-0912118c9434,Xox,false
94125eec-25f8-4b40-9778-f74ea8432d05,Rcpywqkzcstgjss,false
5b87cd6f-bb5d-4040-93ec-1badcb2e4b70,Gccotuxjxl,false
066227a8-31b3-4788-ad71-2061871c89fb,Qiceekrylhgy,true
ae715868-1692-4a85-a9db-f26282a9fe1e,Yupirvjsdsn,false
6f6c5f90-fc53-433d-9fa0-d5ec3fb196a2,Ydwozuozkqvdslg,true
1b37b4ff-a933-4d79-a594-38b09352ac03,Ipcbthjihn,false
b0f430a1-0df3-4339-ae14-078babca85bb,Nahogylburdsy,false
394cff0c-bede-4c59-9d6f-aa50abfe8b25,Kjnithnf,false
05702fbd-abc5-4302-ad2b-83ca976605f7,Clnmfycpk,true
e921bb48-e1c2-4e99-95e6-dfb02a1f5b03,Tctofgfvf,true
5f3c9bd5-a9fd-4e49-829f-e31ae538a9db,Ruxtdzbiytdwjca,true
0a2a3662-cd2e-4c2e-aa74-5c22125709b4,Eujaegezbl,true
288d0773-ea5c-4a67-8423-741419020c5d,Rbulriennzio,true
359003a2-d4b0-4099-b066-bce7e3be296c,Oxbxbvizpzu,true
0a2aaaa1-e5a1-415c-8eb6-00fa62254c98,Qdjwyqilgoaek,false
7ab9f4f4-3402-49a3-b3a3-31c9256f2cea,Rehbnzrkltlwusv,false
8453d091-99cd-4043-a7fc-66bebe3a6c48,Uztevjvcmj,true
480e99b9-0355-4586-9117-020175de51a2,Slgtitbvsx,false
831f5e55-0d28-4b85-99f4-b2760756f280,Yxabxvato,false
b8f3665c-072f-428b-81fa-cd48dc2bcfb5,Jtczxgejrivoy,false
21d9fde1-1fc0-4031-94f3-1afc7151d557,Obzkrlcxt,false
d7393c04-d47e-4e17-8756-70ce22769872,Szniqqqt,false
6f1dcdee-8b5d-4876-8759-78cb42780e23,Mlqt,true
25c8972e-014e-451d-a862-2af1e371f7b3,Uxmvulwftdhnjg,true
30abdeb9-fc4e-4225-a557-6f5159e08245,Xjycmixtc,false
5ac84522-8eaf-4413-95e4-ee66992ed71f,Pwiolz,true
98d29ee4-0db1-4f2d-bb4c-b8b77ce2ae46,Zrui,true
8db95609-fb8a-41c7-aa02-8296d6aa84bc,Wsfhzi,false
e4032a97-5c80-4dc2-b532-c1379014b949,Alppcm,true
c69f9403-8e15-4ed7-9933-42eac36dedf3,Hhodpz,true
012dd9b6-f1b4-44e6-aac2-48769365058e,Podemmbqqzp,false
438031e0-3630-4f6f-8f5c-b7a4703d948f,Wkrlunwwbirfw,false
c84a6f96-0620-4166-bed6-a9cdeaa5e6cf,Dnrdvlwslrkmxk,true
a8f51550-934b-40be-84bc-2d220ce0cc5b,Dezwmnhulpgpzns,true
8282254c-2c5c-4ef0-b48c-f58abba8a992,Iueyyaiunmpdto,false
38dbabad-0f33-41d0-ba17-0c1fe6cee65f,Outhqfsffynpqj,true
ed8d8584-819b-43a4-ba06-eed3acf6a50d,Mvh,true
e541a920-a4d9-4747-89c7-8e81b3b3098b,Cplx,false
a8f0338e-2117-4b1c-bcb6-6e7c0e17fb5f,Tfg,false
d4455673-31bd-4574-ac6e-06261f718df2,Fyoxeljvgwpu,false
df8ff71d-c9df-4315-bce0-8e2aad57e458,Vgjqtehqitvziha,false
e70fc2bd-df64-4438-b5cc-3adddef1209b,Yrubbyxc,false
ce8a0579-7076-41f2-9eac-762a5fd6e620,Qfcynpnysncy,true
f12d0f60-036d-4e60-a7ba-e4c2222b400c,Ubgrgyrjphaaog,false
390ed3c6-206d-4545-95e0-f76a57868dc6,Tud,false
146da5bc-e0c2-4d1a-ba0a-32621af18c62,Ocrdbooeoe,false
a11a99af-b5f1-48da-8754-cfb1a7d51f05,Gogjtklsuxvhgdk,true
a747429f-2923-4294-acf2-49cd46d6d3a8,Awwzexwsq,true
1653936b-e6d8-4e26-a146-49edf52165b8,Wrncbwa,false
d8b5fd93-5efe-430a-a17b-ddac2842a086,Yfe,true
91c6b72e-f773-4e01-a197-7787f46c31e0,Wkkfpmsszklv,true
0013d0e5-5b87-4cb5-9271-53bb7ced5135,Qrlrqvz,false
30a87c4d-9d77-4c57-8f43-c445a4d6adf8,Wrtvibwbmecng,true
e276d24b-49a6-499a-a5f2-7038728d70c8,Grjwzkzwryrposl,false
d162727c-82bd-462c-8e02-5a744d24079d,Qsoknnqxxubwknj,true
d1a1b8ff-8907-4c27-9bf2-5ae72539216e,Lmhhcvj,true
e555da21-fcbf-44b7-a11c-2c2bc5b16026,Vaganvtqfchcjiv,false
b7026c2d-e99c-4b6e-8d3e-733998fd08a4,Mhnghbypbey,false
f6662d2d-277d-4c46-bc96-759ba68a84c5,Vijpp,true
4bd554f3-2c0a-4164-8caf-428d857268ad,Qdebq,true
311bc504-2094-4bab-894d-069c821bd253,Yvmzzcqnyywg,true
01f2c425-1f1f-436b-b2f4-166595e0db54,Mwgcl,false
2c24041c-03a3-49cd-a999-1bff58946934,Wajiwwn,true
871c0a3f-f8bf-436f-be87-889d815db719,Upxhggitx,false
ffb9a2c0-fd9a-4936-a57c-4ac5c37cd26d,Gty,true
8962b742-3f11-4bda-adf9-45eefcadfa82,Bzqrnozin,false
fc171627-a3e5-40e3-b8f7-5a2a27608d62,Eza,true
b4bc54b4-86d1-4597-8e7c-8d16d29be218,Jhgqnktglvz,true
0fdbef8d-edcf-412f-8dd8-0d0fff0067f4,Fhnsroptvsuvk,false
492e969a-9153-4665-98bf-37256d8f454e,Pgr,true
a4fccce8-45e2-4164-836b-c1644e8373ad,Opiku,true
884a8e6d-2e37-46d9-8000-13a072933616,Mcrypsknjhg,true
ffa6d5d4-1367-4b1f-99a8-378cd6e8f6b7,Mcxbn,false
3f17bbcc-ef36-4575-82c0-2b3d29fe9728,Dwvjrabqtpkar,false
6b90c040-a033-45a1-94d0-9458f2fc52dc,Bfcujhjom,true
77849375-2c8f-44b6-afef-78ea98fb4acb,Ydfnbtevuuhcdyw,true
82162828-2dff-4b82-ac35-b5fb61e8f2f9,Igwnyffelpprqu,true
2d814a3f-4888-4c86-8cd6-1448aa00216c,Kxpozirqjxzx,false
47acdafc-3633-47a5-9b46-e57bd9fcac35,Chsvhp,false
5aa76aec-5b4a-435a-bde6-8a861a61dc88,Oaagwtja,false
8fb873ab-2510-43b8-bf27-b4c84d10581c,Znn,false
7223456f-2865-4a06-891f-302ea1407d74,Nwzplyncsrobr,true
3effabb2-8822-407c-901f-afee93cc25b4,Fqlybxe,false
b72d5b2f-a6e3-4a0f-a40d-422d58dcd34d,Kcanxnmqyx,false
0eb0db9d-5191-4374-8bbb-bce78af5b274,Ggugzutntqkojsi,false
6f94194b-724b-45a4-be60-5e6c827db355,Ignyzwpufizq,true
56937d98-8e53-4aef-9dea-aa92763a21d9,Zbvkdfq,false
d034af65-3dd3-469d-ab50-c81e13ac2db7,Mprsdkju,false
a86c53a5-5f61-4903-a849-90bde3981bce,Vnbua,false
eb4a4c6b-f8b1-49ce-9e3f-20bc2d9a2b53,Emakqy,true
361d8297-da30-4895-ae41-c52e9a05e219,Jngnuvd,false
f3586e37-1109-4999-99e5-804462881155,Gstz,false
6e9f2a15-179d-4e9a-a2f9-7211bacfee45,Ymim,false
2d1be5d1-55fd-4fbe-9cf4-ba834aebad0a,Myfrl,false
ebb6373d-3721-4e70-adae-721ec878018b,Cwroy,true
b5e0ca2c-6752-402d-83a5-f3d9c8efea52,Cjytltny,true
26c3d39e-9695-4755-b94f-aab1ced2e96d,Ztxttqqm,true
49afdde1-0893-42a9-894d-35ebd565dccc,Ieuqwzarjvnipv,true
39234b6d-2732-44de-89ac-2508205572e4,Enmxzvagchk,false
925c946b-96c6-4f21-833f-5b4da44f8139,Vaurbbltuhlessi,false
6b26bb2a-909e-45cc-b350-3a53ece3d090,Qyepybuy,false
3b772311-6a75-482b-99d5-ccd9a41a3af1,Cwu,true
2e62830d-8c33-4596-8614-eb0be63aaf1d,Iipvcw,false
fbb70a8d-9c97-4333-ac9e-af9879343132,Eyadbx,true
81b7049e-8147-43a2-8bb4-e3e65513b3c1,Yrxmhmqdyavoc,false
4ffcebfc-76a2-45ab-8343-055c58db5daa,Erstbrpv,true
41a389c3-fc8f-4ff2-89aa-1d3d3be40e1c,Yglynyqr,false
cd95700a-270c-484f-9ce3-0e3726c92529,Khmcsuvljzkvsh,true
40d4aac9-300c-426b-a06e-526ff19f8b6b,Znevlaybwuerbc,false
ba8473dc-988a-4ea1-8022-a9ae234d6b70,Gpnpsevhmpcvhjy,true
2d01fd2a-4cb9-482c-8893-5b2aba51c2cd,Oya,true
067ebcad-6522-4507-9b29-47b9e3a4759f,Byswdbx,true
bc03e54e-beb8-48ea-83e0-57534f224246,Izk,true
fb9a70a1-ed9c-486a-ab9f-8a058ef2a794,Zmxkbletko,false
42110aed-fed9-42e1-99f1-1110f1fd0b23,Pwgaaf,true
0c0f0895-0e54-4197-9fb7-f3fda6fd035a,Zfbhbfqq,true
b4d510cf-8691-4dac-af7e-6980d81ed0c9,Wvxhvr,false
ccf98736-cfc2-46c5-a8b8-82c788ea18b7,Apbflvcmbgbyk,false
642b671e-d236-4ce6-8609-1b701554b376,Tnltej,false
77c0c8f5-aecb-47ca-a3aa-8a3347d99565,Beqzhmggnjcw,false
5180f5a8-7933-4bc6-8ae5-dded1cfdba6e,Vqpqsjja,false
b1bdfa17-f8ad-4c3f-91ba-eca2644226e0,Swfhhxxjvs,true
da223dc0-6536-4c27-884e-3dd8f7c2a109,Urvfeepnqmn,false
8ace0f13-3301-4306-87c0-57cf1e722a8f,Monsgow,false
055b6361-4554-484a-b580-83de7c93f8fa,Qvojxc,true
212e2d13-4222-4a64-9bdd-a2f1b426ee03,Ywxsppw,false
0a240c16-d836-4d92-ac4a-22dbe8941b2f,Ybbijcgzuzknimg,true
2674ec05-6f16-4156-9d15-58103f89f6ed,Msnvqnjv,false
ee57a962-e9f5-4bec-8b99-963acd47b938,Prlrylsywgdgpp,true
a06f6660-7a9e-471b-b5cd-1bddd93094ac,Pnvowandyizjrxr,true
f49f53b1-a0c6-4372-a871-ab5184a4a5e9,Xybhxu,false
dc28f78e-8603-48bb-b582-4aa837b7fe7f,Youfarb,false
c2ca3f74-8405-41e4-8ee8-65166638d27d,Iyjjfvvterre,false
b645b749-c829-48b0-a4be-512dd8bc23e1,Yjfxn,true
7174c56a-50da-4474-a576-82d1b87757db,Hiikn,true
c425ff57-48cf-47e6-b1cc-5943e87a1647,Tlwpwwqyc,false
b52ddf1a-863e-417b-aace-e2a0c02e0668,Xeogoelvvd,false
37bd0848-e349-404c-bfb1-473c9df0da3e,Hiaro,true
c61157d2-31bb-4e65-9feb-f12cc0e961ef,Gqpepfxnceeyfd,true
79897a24-308f-42df-9cff-74f300b2b2b3,Lvzwcrzvkfxgmf,true
35b3873a-661b-4330-b22f-7d718f1ac676,Rklrxredarirqef,false
638be8bc-6d69-42a5-a7be-b06aedc10e23,Xtivm,true
aa9ad79e-a1fe-4d45-8bb3-f36c9fcd5e06,Rgmxdbijij,false
cbcd5653-996e-4960-ade9-a1d887464578,Izly,true
f584834d-5844-4b83-938e-14c8c6918fd7,Zikoihphaergkmn,true
aad78326-c4f8-4ce8-bd95-b02ff4872d03,Qbqgkzjgxtzr,false
bc703901-96e2-40f8-ac3c-ebea743a4013,Yurbjuxslczqz,true
265063dd-f6dc-4ef8-a48b-ab55c73d50d6,Ilp,true
74c6aa2b-3dea-42f3-9b3a-3044018e3f4d,Agxszmododnunfb,true
d720dab2-1a30-408f-959b-298d51134850,Yjmkrhtu,false
3784dbdd-bfcf-4488-84db-c28d7840b19c,Yzh,false
c0f8e6d8-b1d7-41be-999c-0293f83cee08,Htjosspm,false
522a5dd9-f73b-4f33-80fe-557892711f39,Ndnxui,false
8d0457d7-89dd-4287-9401-900023ae542d,Rbvcskfo,true
b30e9659-4c42-4a5a-b23f-b9d6803f3f02,Aggzpgxc,false
051ca643-8d92-4178-a35b-bb9c54522594,Tnvcjmootaykf,false
04b6365c-341f-4bf1-8aa6-127a6c279eba,Jpmjmrannh,true
357d151c-f514-429a-9aa6-fda27c2f3a54,Duoakfwpusea,true
a96bc1ce-2870-442c-a20a-1d8e55648fea,Lebrfrhdd,false
b5b1b4b6-2d0a-4abb-a469-4b778edf5327,Tiwkaqrqetz,true
2e0b1ea4-1095-4371-b401-d0e707a575fe,Tqthqcw,false
9c16937b-32c4-4de9-b0ce-1c4010ba31ea,Aztoufsi,true
0fde341b-6504-4d81-9748-c10b191f8d2e,Smdbfndn,false
73b60c5c-5ed7-4f91-a5e8-72b79d391eae,Mec,true
2b840a43-3664-43b5-9e4d-ef4a12030270,Iknttbk,false
2716e599-38b9-468d-a763-f250fa0eb1e8,Qwbunw,true
62da7767-26d2-48ff-a0be-b46541621943,Lqoitvrtgaecv,true
e50180a0-f0ae-47d1-8ce6-1f25a465d148,Nkkiw,true
68fbf18e-9357-491a-b40e-868085fbd391,Zfoztnvwoo,false
f09fbe1f-1c0b-43f3-9412-44f067ba3e85,Uloiaeofi,true
37ffd534-88d8-493e-83bd-2a0ce6b746c7,Jkotugw,false
5de2b035-a0c3-43f9-a102-e864a3f49419,Cvbbnlzapzhp,true
56c1bc45-d5da-4811-a610-caae080eff91,Vfgfgkccvtqak,true
168c930e-734a-4c10-b214-a1de595341f4,Yuqypnommjtimmt,false
cc9ced56-6c8f-4cf9-ba9d-7ddfdac05f3b,Nynsjlaskzj,false
fff065db-c8d3-4d8f-8b6c-45633020ac97,Sksjmyxlnvas,false
d61cd700-d445-4a5b-ba4f-7157c31ad41d,Lhlishnqubn,true
df37b41e-377f-4f54-8ca1-b8f5a50648be,Vqzeqgyas,true
daae1ebc-2793-41fd-8a31-ef016aa8c3ce,Gik,true
12c5ea05-235d-4ba7-8a7b-82275010970d,Ahfcqsiwsgyru,true
f131e4b0-1012-4fdb-a2d3-7767cf63244b,Zazhqdnyonmb,false
fc8f263e-7a5d-47f6-8f82-66e8459b3d39,Vmijnxfpg,false
dbbc63f5-5a7c-4cb7-bb66-2d860998dba2,Efygr,true
9ef7db9e-2892-49a3-9c63-a113aa6f41c3,Qpfcfaiebjznpa,true
954a11c6-8e54-4fd4-8436-b7ed22df0641,Orsesnfgx,true
fe2d92cd-db8f-412a-aca1-e247cb3b11fa,Jafbuyktr,false
d28995b8-00e8-4c5a-8ea7-59a978ca298c,Jdvrhzztgtk,false
98c903b9-28c1-43df-8220-f9620aaa8d37,Cfjtbmt,true
6a75b9b7-9c9e-4f9d-88d8-37a91ecbf744,Yawmoxcodmvcsp,true
6051bdb6-98ad-49f7-a81e-b7990704f5eb,Gazbamnbrhrngjq,false
f3b765c0-5576-4b41-8e18-dc3c89d0689e,Ourcdvpdmuir,true
4205f98b-2209-48f9-901a-d3169fdf9a97,Jjcvwersbhpd,false
8b4c9ed3-91ca-4221-b16f-a66599485447,Lsfea,true
2959ad46-2617-4c8f-8957-ca1c766b567b,Abi,false
8d83024f-fb30-41e0-b7d1-c2dc6190c5a7,Zmbkpwayb,false
cba8ef5f-3c09-4699-8eec-3ea24a2016f0,Fyyjkzliwl,true
a610b3b8-63e5-43a4-accc-bc9a958ebac2,Qadsexofw,true
edcdef96-1d29-483f-92fd-8b2357e4affa,Isncrbz,true
dd259907-2612-49b1-b9d4-cc713982bf20,Tvmgnk,true
b7165448-8e96-4f4d-aff6-46fa0e951653,Zpqiugfhgw,false
db3a8c54-c017-44ab-bd61-94825f893012,Ytuivcyuo,true
562d9b0a-5ea9-4f92-b362-7d61fa3d561f,Ombqkuqyjwhoy,true
2f3f5ccc-0534-4cc8-a70a-bbe4507fa6ef,Ancul,false
7ba2488f-2275-44d8-963e-063d134b6c42,Ggofygymuypsnru,false
6a897aa5-2146-4f15-a3a9-0c4febdce34a,Rhibxlaee,false
3ee38e6a-eab5-4b72-9db0-4d87f28a41c6,Xzvaunqz,true
69f0244c-05bf-400c-ad14-0b940cd99c7c,Bcywiul,true
5a7f3f12-1adc-4eaf-93b7-49cf80554796,Cfsnchnn,true
8dcd3017-acaa-4474-a057-3f296367e809,Hqzloshogh,true
b0b35fa2-3495-4d5c-a66a-82d278543958,Rgzdbphuoccryu,false
829d80a7-69d2-4b00-8ffe-a80d3f7cd6ef,Whyjfu,true
b5b0241e-7f45-4071-a60e-f7fa9b21fc96,Bbdfmwtvia,false
8243b09d-0976-47a4-9067-cde8cdfafb2d,Hxhikgiicgoj,false
4018c9eb-9e8b-4e91-870f-16bbfbd367ce,Mmcbfuacmfiv,true
81360b41-9782-4213-b9e9-d07bc9fdf0cd,Rxpbldgi,true
093971f9-2db2-4761-b471-8ffb88a642bf,Kpw,false
7f973a0c-3361-409e-8f31-0aa1efc8e225,Dfveygefuhsu,false
008d271c-e4e1-45f2-ab63-1263412995ba,Rkalhwpb,false
b2683ba5-6b2d-4eb8-ad14-2ee0ce440fe7,Qtmcsltjfhgzqmv,false
ac644d25-6c65-4e41-9359-7e23f449f6e6,Ichkysekl,false
e5a2d81e-98b9-4a07-86d9-9cd025c70fe2,Dpq,true
87cdb210-d91b-4637-b74d-e7e11cd120c2,Upihfqhfbqalo,true
72ab9534-a278-41d4-b78a-a6c23a2a3281,Rmorjsktu,true
eeb63d9e-cd64-4230-9ada-add2cfc8e976,Dnrxby,false
06860403-ea3d-4cdf-a04f-62258feb41ea,Cxe,true
6432c307-0fcb-44bb-a2b9-7ec9cdd5d516,Syf,false
30f5045b-3ba5-498d-87a1-58dbabb708c6,Idux,true
92c99fe7-ddd2-4155-950a-9b8b2409d12a,Ffifeuvprstjmn,false
3f3f93ad-ab1e-4d7b-bf69-29c84c6383ec,Hqlottfvxizh,true
d4d5b0b0-8ab3-4c93-8609-ff94f1594f72,Ygsthmtpiotdsnw,false
4e7aced3-90e8-4681-aa04-060c57d0ed05,Ntnvjouruz,true
e75e9387-6dfd-4991-9b5f-1f744ded8ad5,Wxvlj,false
0753c5b3-9a0c-4fa2-8802-1ca705389814,Ekjekqyephzjr,true
2f29e0b5-71bf-4cf1-99dc-4ef0fef683f5,Cucmnj,true
2e1177fc-f273-4a27-9344-e0eb656bb2b6,Pydttplrzolyghm,false
b22122a3-119b-483d-8ba3-56f7114f4265,Yzyrlmv,false
dc76d4b5-87ad-4b6c-9a36-d0c7617cdb86,Mavgxwyulc,true
222bc071-89cb-4181-bd13-f9d204719c11,Iqiconlrgh,true
77b5a0c0-9e43-41d7-92bd-920bc52e3214,Rrxzshmdfwhh,true
23583ca7-a184-443c-98bb-063b196abef6,Abfegladlyuqm,true
b79ef794-fe3a-43b1-b36a-708b08c1fdd2,Wydp,false
2cd10c39-9161-4ff2-9a69-a78bf5b1c163,Yfmebhgextuxb,false
dbba1397-c91d-45a1-9487-94691fd55386,Utvdrk,true
b9d5d5a9-672b-4a60-baee-8c7ef02bb445,Hposflbkzetslf,false
0592c347-4755-40eb-be1e-dffcde5e4ab3,Dgc,false
36186bcf-0267-469b-819a-825e6c310163,Hbxi,true
b3740189-f795-4158-aaaf-e56ee34bcd47,Ripdkvbfbz,false
7f964501-19c7-4f93-9883-e97ee5de2239,Yjkvvbmywnfkynj,true
1d75154f-6d73-470f-a38f-810a3593b637,Jpzdrivgynkgyj,false
998b326a-4b92-49b5-b6f8-719dc1a03886,Tfebemyegxfqnbv,true
78323c1b-a1a4-4ba4-91d0-70b17311288c,Titpoat,true
de27da0b-c36b-40e0-9c07-5a34efef4150,Nsodibqspp,true
b9f07b27-2ec9-471c-8287-b977274f072a,Hgktvpjqmkvnqft,true
c35973a4-6ac5-4a33-a74d-726967ef903c,Qto,false
ffb1c00a-5101-4560-bc2e-faec8f7ab4d5,Bhy,true
155f6d97-42df-4abd-b999-f2f6ef5fd879,Iva,true
fc99ac8e-d67f-4d85-af3f-4088152c24aa,Wsebysqnbiuc,true
d7e5a043-b855-4205-8231-cd21e08835eb,Xylusuwe,false
c9c4e58b-0548-4498-b7d9-2a19340b778f,Jjtry,true
c3b8fc08-ad89-4d68-a215-2cf3d075886b,Hrgplmekhztf,true
be47c0b5-dbe4-4b72-ac98-1d6f14131e5a,Qymtjmmpfntj,true
a73bf24c-c804-4341-b780-4f81e682a12f,Xwedtkltolk,true
9293d3de-2169-4ca9-b481-e5cd37acd4c6,Svluvvzgldlmjfm,false
fb20b035-22b6-4796-b59b-8e750c80e1c5,Isogf,false
e229f7fc-2ed2-44c1-9510-39d64c1ffee6,Gcj,false
3d0e2b80-2fb9-48e2-9771-9c2611ff21a6,Qdroiupnjmf,true
5e7aca5e-fee3-42fc-a61a-1e1342fe3ef0,Armsccgnevrvo,true
196da017-460c-4fc3-bff0-9c1873de583a,Amvxzxhsg,true
7d7db8fc-2de6-42dd-a352-b004da72c403,Hwrxh,true
fd787bfc-f701-4b1c-a7d6-4fb2efa05d7f,Gyutidr,false
467bc33e-23b1-46d0-8a14-b765231e7bbb,Gnghnixpimg,true
39f16a67-fcd1-429e-84a7-36158b26e9e2,Oin,false
51ddef00-8750-4c82-8f10-f0558ac71285,Rzy,true
03a81bd7-3cfd-4cb0-8514-62c030c04f3e,Xmlylzfbkkyi,true
e6e8f4fc-235d-4a91-96bb-1d16936d2df7,Hcpzznpbarmsxz,false
72c83775-8383-4d13-a461-36b65a4434a6,Ypworgyaswhn,true
b50da85b-3a25-47ea-9553-b1768cb22dc4,Ntphbozqzc,true
00206730-324a-4d39-8df3-ced926d27d23,Vntjqpykizgt,true
fa1a533e-56ef-4a8e-84d5-d442a2122d30,Gduwtgukhbvjfns,false
bdeaf360-4337-4171-9fcd-41177d534e2e,Eqwy,false
942951b9-24d7-4ccb-9112-c05b26dd79ac,Rvyhdggwy,false
08d326ed-dae8-4ed9-97ae-a9b355ab94c0,Vfinqc,false
c6aebf85-d432-4450-81d4-655232e1db66,Ufvqsxgq,true
1c793ac8-d743-42fe-b348-6ab67cf78244,Aee,true
8f0d0fb9-280f-4fd9-8bba-022ef2b1c53f,Mdfcdhr,false
8bb9c65c-b2e2-4f99-a4ba-8df18d7edfd3,Tvbfsoua,false
89be60ca-f75a-4081-a29d-041b90699da7,Oaoylzfsjuqqq,false
874820ff-0caa-4a25-b75e-6244b7105ea1,Pko,false
e569631b-f1b2-4179-b5da-b03665f61afa,Hxqta,true
06da6e78-d76d-48e0-a3f0-2689fccd383e,Ksavrruiseri,false
1a342ae6-405f-43c0-93de-de3d9e275bfc,Ybmxztgdz,false
30545770-e573-4b13-a84d-991b635d7d71,Neihnqua,true
c3c94355-215d-4689-b60e-149c9206ecd3,Hvjuhm,false
4b1d33b3-aad9-4311-a4a4-4cdfb0bd50a3,Suqkbozsosgdfq,true
a19cccb1-a448-47f1-99fd-39820c9a4634,Hfxfabexrkjawx,false
555a7173-550c-4c71-b51e-5e19c5aab8e8,Gmlkddtpfcvqs,true
05758396-8405-465a-92f7-978c7211254f,Qxokpz,false
73c21eec-391e-4436-a0cb-404c394239fb,Kyuwr,false
5ff6c3d3-23d0-40a3-94c5-f25bf2dd3dd2,Ccgjljcacp,false
36ebe21d-9c93-4ca7-9fb8-3967f51287c0,Cwifbamkzyl,true
9d7b795a-3aed-4dc5-b209-98aeedcd1c09,Tapgxngwo,true
8e5d3b20-fd30-457e-9790-5fc47064e057,Ajegfpkqsw,false
b683a5eb-9e23-4831-aee1-1bde7b2079a5,Ockpoqdsaaus,true
f46b461a-bfa4-4f98-81c2-51bb9647dc2b,Pys,true
9da4fcee-5be6-41df-9925-08a560adeedf,Tgnldodhen,true
47761554-85f6-47bc-bedd-eeb02c1d2124,Czrqz,false
7edaf185-07c9-49bd-ba56-fb10ff7ad174,Bybuaza,false
680ccc40-5ab5-4ab0-97d4-80a4e81d3020,Gvluweprchtfibk,false
232ee81e-07f3-47eb-a337-0100f3a0149c,Zzlmmg,false
aa9962a4-958a-4dac-b9e9-591db9248f93,Ayevuwljmjl,true
ce3fa39d-3c27-4352-9291-e325b4ceba75,Tccmihym,false
979643fb-8a80-44ed-8032-3709aa50cb90,Cocgesakyutouqz,false
4dd9ee43-f346-40af-9372-a7915427b73f,Vvywkazdffwbmtv,false
796ea934-5477-40c8-8752-c58559c4e6a1,Ilzqhqgzeaxzcvf,true
340bd00a-be40-43a9-8f53-3c4f2bbb0396,Jacf,false
234efa7e-232f-47b6-beae-965d683e5123,Mmhdgvwucyzdeag,false
518164dc-2feb-4f64-8b75-8e250b256d11,Rppummfy,true
141bc7ad-9480-4b9f-b4eb-a8bd713149c3,Aaybjbwxnpksy,false
32ae5bc6-1cfe-4afe-b766-1e055e5cf6d3,Qibryiygot,true
afd4b818-d3b1-445e-a146-3d8e53302874,Bbhsicbvycqhvgq,false
796cfd3c-6db6-4dcf-b6aa-453ea39f2cc5,Sytejpdqveqsr,true
bd1e74f1-b27b-42d3-8a8e-89a2597b6362,Fhsbqxmzsn,false
f8f74917-7c03-431c-a06d-687a266f406c,Jmejbbhar,true
795f38cd-8d95-41c8-b070-9171b0c11be3,Uittla,false
ce466013-fd2b-4846-93a7-ac6bdacb2fb0,Dvwfaimbx,true
8ac3b9ea-0c67-44a9-9aa4-784de370c8d9,Zgzcvfezszsooz,false
bb8fac31-27e6-4549-a399-58cb7d0b5fbd,Djlqurybclonis,true
9155f313-6f52-4443-9f36-6b3a12054304,Hohoybot,false
9e9ff5c6-0302-4681-a079-15b7306dd3b5,Cxzpyy,false
dae3edd9-2177-49d7-81ac-4e506bab3bcb,Lwkv,false
8984be77-32fa-410a-a91f-783c08a0473c,Khhq,false
e370040b-9ecf-4240-891d-64f832d04108,Nfmoieogpwl,false
3da7db14-cbd5-47cb-ac1e-b9b3b5632c00,Xjgxeh,false
38f88b42-888a-4c20-8330-4723febea7b3,Meneuafjdg,false
a828bf90-f6e5-47f4-b9f8-a01f27eee922,Hwxnzbsrvzx,true
e4b5bab6-3209-4ee8-ac82-849fc5f7b3ee,Okmjxps,true
84d04d15-1e79-4aa0-890a-4b4f5a471177,Hkfe,false
60b754b4-2a98-43bc-bb85-dc0555be0e9c,Zcvictr,false
80d88666-731b-4252-a51d-2ed4c9b7fa7f,Zzgmqevrqtffkj,true
9494d7fe-56c6-46e4-b066-e184b19e84ac,Mfmycby,true
06aa162c-fb87-43f3-bf80-e9dd54e263ce,Sdosbjusckkun,true
6bb23fe2-642a-4f47-b2a3-0d886937a431,Gilujqw,false
4f6b9c59-d71f-4ccf-b20b-4aa7c78eee69,Dclvtjyfqjxrars,true
93d33fdf-a2a3-4e43-b452-11536c31f845,Tfdqhbazdsjif,false
43f170c2-b115-490a-983a-ec118b2808a5,Dtjhw,true
40334838-3fde-4301-957a-fcd9b77c76c5,Dnkbimlziojgwix,true
e33f86a2-3cb5-4a19-acf2-61fb4e2e04c2,Avg,false
61a8cf32-f2f7-45b7-99a7-42382dba3e39,Xinjizo,true
250ec714-fa33-4744-a904-6bdf59ad95e3,Wtuump,true
1109a424-69a6-4267-937c-e7cd3521fd20,Hhzitrdnd,true
ea4a0c51-918e-4d96-a33a-d976b1e3260e,Lewr,true
22988f43-7e2c-4a91-b312-a0d31c10be0b,Skixtmonrplmgs,false
b6d36a89-f469-4eb7-abac-d934646b7c51,Mqsjdggjf,false
90d27c52-3076-48c7-9dd4-83aafbce3e0e,Hjy,false
cad6a99f-1719-4c69-84b1-630c281e2d04,Aonthkga,false
27340a8a-cb07-4743-bc4e-7a76b9cbd120,Obnluzpbxvj,false
d5c410eb-d8cb-4c8a-bd76-3569d9e89e4b,Cikkxx,true
08654af9-de85-4c91-8430-9cf9bcc3cefa,Xaeivmyrcasyy,false
41e9e0e1-d77b-4d26-aafd-622d206f5d85,Fflnlhi,true
07e4e2ff-3274-4e9e-8885-bfe0378eddad,Sishfgiddczh,false
0860d06b-c96c-4215-80f7-7872b11debd1,Tradl,false
50ef9448-313b-4ad8-87fb-5454d78cfe10,Vqt,false
927e5a96-5271-4f75-938c-fcd028aaceda,Xdgdqtyyi,true
ca4f0c78-94d6-4d4a-a00f-346ab1847754,Anwxdhhen,false
6ece6ea6-8fa1-4a8c-b97f-cd0bd6e6e1f6,Qtwgoybc,false
10ee848f-24ef-4e31-8594-a8e3802ea2ab,Nosw,false
dc2933a4-2a02-417a-be34-a4923246135a,Bfzfzfhnbpysk,true
3c54af3b-0d2d-4f13-ab82-dd247247c16d,Heye,false
6bb6d087-54b4-4b1a-adca-df7072b21b76,Udalweofpobn,true
1008ab25-9009-4785-98d5-4baaff15d106,Nvinbd,false
e1247e58-a69a-4b97-8232-ab41803e5ff4,Cpinsxocsg,false
7996e58f-3558-4fd5-bc27-137b87306db9,Ularbpltdjcre,false
3ab8a4d4-5087-4d1d-aa2d-003fd39dcc9c,Bjsnptysulmwyeu,true
86945195-7134-49d3-b37b-5c308e835323,Piaylnykifq,false
8da2c31c-3a1b-4116-b0bf-5145beb5c8a4,Enebkf,false
f95a90f6-4399-4d17-b9d9-6159356d1aab,Utvprzqkgut,false
0a652614-b3ec-4d5f-9ee2-c245a8bfc0e6,Dlcoxefqb,false
cd616526-5c7d-4e64-80d1-f25a21faad14,Lffhfaacsz,true
e3fad08f-a658-4923-be6b-8291981fc3d5,Bqon,false
e3983f65-e067-4d1e-bcda-3cbfec13b94c,Vhyktnqieswwa,false
71fbfdf8-275a-4a79-af8f-cbc6e43982d7,Bkvoblxrd,true
1177c8d5-a301-43c4-a9bf-12a37894c0d1,Efbmdpyspo,true
3c7f70fe-3745-45ca-a3fa-69c597486886,Onbovavxmo,false
15b66897-b515-46c6-94a7-91dc06f5255b,Rreze,true
2ae564dc-7a3d-464c-a145-333c06270ddc,Sbfi,true
309d7d18-28ce-48b1-8b84-e1dd3bde9529,Srznt,false
7beb64b2-b202-443f-a35b-981af384439c,Zddjedm,false
c3549ba6-4b68-43ca-bdd7-eba7f14fe569,Zfxjwjvfasbops,false
a1225a37-f5df-4694-a5f8-ae47d004eb7e,Bsczrtnlqiwz,true
395e727d-2f68-4fe9-99ff-069df888d875,Hxskrla,true
31e04529-bd27-46bf-92c9-701d9217b6e3,Hovtvtibqaicj,true
99591723-9670-4072-b26e-f7d3d76ccc5d,Sjjduzkup,true
1a0f5b40-b354-4c5e-b35c-b914bfaad9af,Rcapdeujichjjt,false
caa97e2a-281f-4502-a84c-5fcb999b2f24,Unasuqexxjubj,true
897a34ab-a5ad-4b77-bdea-98ce7845cf57,Ekfeeihmcmh,false
24a510a1-72ef-424b-83d2-caee84ce7009,Qvnsnhnxvtgmgme,false
cfdf7c65-dbb5-4a6e-a238-faae455ccacd,Ohrhqxtohqgiho,false
3ee0d717-0b25-4fe4-a440-79b4fe234abd,Pyfm,true
6128c33e-f1bc-4578-9c4b-8725602be3d6,Ltafpurgba,true
99f389a3-5fb0-40a7-9cc6-31643d65ff9f,Rvqaxzf,false
e720fe81-519d-4c87-b520-5d62d618ec6d,Sevlj,true
462ebfc4-c425-4714-8ac6-934daffe2c63,Aiszvitghofdyqw,false
dbeb4b3e-9c59-4fe3-a234-54b9e8f4caaa,Qyq,true
c432ba11-0426-487a-93fc-8c3a93ba29f3,Ymm,true
f335b939-67b7-4ca1-9f16-9e61539d44e4,Jynyix,true
7378eb5b-c7ef-4610-b588-46f71f6e9e34,Jombdme,false
11f6b448-2507-465c-80df-e32fcfd9b274,Itainbff,true
61d8979d-7132-4b09-8e5e-f50f80565ee9,Smbmzgvzqbwp,false
db30258a-3ef6-4629-885f-9faa356c6d04,Stpuappatzf,true
9053fe65-b063-40b1-ae1d-18028aaf00a7,Ejbdybc,true
388eee3d-7595-46ac-8e74-9a2ebf077391,Mqjmzbnxfyit,false
4c766ed6-ba2d-45c9-9fb5-2df75b822e2d,Yhqvrcrmd,true
052e5077-c93b-4464-a458-174e628305e0,Dmnuxkuexia,false
8bbd37b2-e631-4d45-a20a-2df6a6d4df2d,Evrigempwcemd,true
49174500-7d82-4112-9f41-0dc78b5522a9,Kutsnvwwyzzgg,true
2162ab1d-b4dc-4108-9245-6c678b408330,Qbz,false
07196567-6d3e-444b-a58a-c34d324ce3d1,Jcfnzixbjrgov,true
5f9f7062-e92c-44dd-9bdc-bbd53e440b26,Athfawif,true
6c085928-855b-491b-bc1e-ec73ab2d5e49,Dvp,true
2bfa8eaa-2041-4871-ac0b-5fbf20610293,Kusmsfcsnqmg,true
541635f5-d22b-49c0-85ca-241db9200454,Vahsnbskqn,false
9fb7990a-33c1-4309-8b14-f5da396bf08d,Cghik,true
e3f1689c-5fc7-4fda-b005-6b909f683b18,Zcijzmsfqtf,true
f6889e34-7d9b-40be-8f89-33eff7af35c4,Fruhftncyfjlb,false
d60a0155-6de9-4a21-9265-7423b46cc2f0,Hcnzgi,true
89cbdd0f-e4bf-479c-925d-769fe82a5d78,Lij,false
141c66d2-1f05-4421-a98a-09d2d75b8e24,Zgvkkknzbnzyidu,false
92f3de1f-aada-49d1-b133-9fcaa0ffcff3,Kizvvdeevx,true
32c1452b-2f8c-421d-ac67-659deaa081bd,Koaygxjm,false
9d7098c4-592d-4405-8fb3-3b51564491f0,Mdpfjf,true
a30f5572-8632-41e9-9a5c-2035cebeaebd,Xheixgibnqbios,false
808a0ed3-d3bf-472e-81e5-4b044d21f931,Tlqssrgb,true
26a8b371-3f6a-4fbb-968f-a48bc8846186,Llzfmk,false
ab0bde0b-32de-4cdb-865a-c851a47a0b40,Chmr,false
f82cbc84-5269-4358-8533-1bdf62425c1e,Nbexisren,false
baff5b8a-183f-4eab-b4e7-0d417d001a14,Bzlksogawnvgd,true
73b00c7b-b56e-435e-b445-b6500b9c594d,Jtpce,false
7bc42d35-0a7f-4203-aff2-d355960a47ae,Xhyaoij,false
15dcf141-b3bd-4ed9-ac1f-ea28f05bcd62,Efdshlhdwvrrcvg,false
2277fec4-d007-473c-9b15-2dab1c3c9de9,Rilalkztnmwmed,false
b354b4f6-0d56-48ea-ac5e-f67b0ac4600c,Vykcaazkwskwsn,false
1d3ba098-6bf7-47dc-b20c-bba50788a2bf,Qzaoca,true
4152b40e-d095-468e-94e7-870fe028f0ff,Hwiovss,false
019ec94f-33dd-490b-96ba-7e4327cb7e5d,Pnjxwwfp,false
5861746a-fd78-42ba-bdac-2fc686a1f850,Gyplatrutmfuba,false
0980c616-6847-4187-9ba6-0d756a282dc1,Drirc,true
5baa5825-dd81-45c2-97e8-fcdbadb6f412,Eonnmrecfdpr,false
81425535-4fd0-4e77-8677-6988f009fd66,Iazitirudmdjvw,false
98872c14-d88c-4a3d-99f3-3fa2dae627ab,Fqkwvbfj,true
e3e44470-8df4-4492-bb40-55cfa9b18dda,Ltfjvkrufo,true
5a816e4f-d61f-4389-9854-ce090a7be1ac,Wibxyxmetckyf,true
71b97d88-c241-4feb-8d6c-91a2f90c5f37,Kou,true
11898ec6-e4a9-4909-8dc3-481d25175993,Orjzjptomjfdt,false
70cae4df-4f99-4f33-84f4-f203fd8b85ec,Ovoevdigokbp,false
603bbda0-5768-4fb9-9f4c-26a6d6a0d607,Itwyjwk,true
1a145ea1-040f-41de-b5b5-72feebb00c94,Ptsmnqumdapjw,true
7cc28f07-7cf2-4594-b39a-bcedfee00430,Ucujn,false
cb97c7a4-08f2-4220-be30-46dbbe7923f2,Oelbvpbrfkmjogk,false
359507c2-bb73-4526-b3ec-3bff050f3d27,Bljbvfmiwt,true
14bb4994-79dd-4d5e-8523-3f5bb7d1a35c,Htl,false
4291a287-9b58-4d81-b73e-564eb49ffe61,Tqwsgnadsyzav,false
835ee8d5-f3bd-4569-9120-e48f97ec0f8f,Ygvwikawzcw,false
2c9224d7-051b-4bc7-abc6-1c457d6ed5cc,Rrbvzxxvr,true
befa4e04-c908-4e69-9c30-361eb4ed59ee,Egueqvmkoyncver,true
8409d51b-2337-42a5-884e-624ffbd55efd,Spiz,false
058ab49a-bea0-412a-948a-c87a4e30b2d4,Gtxwdqnqi,false
9ca6647f-2b98-46a7-b967-0635115acecf,Drolvqcvbvygusu,true
6ad9ae3c-e0b8-472f-9191-0c2c4f9668e3,Mgkasbbpc,true
8f16f4df-4df5-45ba-8cba-1f7ee30f385d,Udcaiiqpjmb,true
40c728e5-c083-447e-84e3-3381f5841db4,Zuoebbatjlcsu,false
38051bb5-b7d2-4cdd-b0aa-26fdd298dda9,Jgplpevudt,true
a9562295-cb37-4fdf-bb52-f9c36419f7bb,Kgfrpleii,true
89b7a000-3df3-49b1-96e0-49310f9184ac,Eanediosue,true
c2d6ff2c-d207-4f68-807d-2746d25c783b,Pibhcr,false
a108f945-df01-46e4-8bf6-02356e337cbb,Uqfkf,false
c7986ab8-1cd3-4e2a-acdc-568cc45949e6,Pmcepivus,true
8930196b-c7f5-43c1-bc11-75489c22db23,Phmhgex,false
4a5f9b82-c658-47b6-a13a-68dd73e3b4e7,Mqyk,false
ce171be1-02d7-4321-bc08-1f7d6fa46970,Ziyz,true
bf7e7070-707b-48a9-a72a-101274c9b7c1,Xmlhzv,false
f1623001-ad99-4893-a55b-064e41a19b58,Nhiuojcgep,true
f3145a0a-19f0-4769-8ddc-f8559a96befc,Lurzgelanq,true
eef06f54-c882-470d-a34b-09a60d6df20c,Afxrsnvoshzjqun,true
200ec3f8-8267-4735-8bc1-630f6cf11b47,Xdddrjrf,false
5038b563-b9d9-4738-a727-722f2adfe028,Lyspnu,true
93c64317-4705-4f36-8ace-a2395ae5d26d,Swubas,false
51495c11-e68c-4363-8ca5-655a0e81bc06,Ultdraenlqot,false
4488874f-6615-4d30-8249-9f86587b00ec,Ytdpoxtj,true
d2d531ed-ee74-4730-94af-8cc9e505bdda,Efarjyzlgc,false
02d9305a-f97b-43be-97df-2826db6c9bc5,Zpeitcwcwnl,false
8e86f0cb-ee8a-47c9-ba6a-f037d0ec3ad3,Ndmeneqogml,true
f94a9be7-e39d-46f9-9aa0-2b614e857299,Jhfysinracch,false
a5f27dfb-c352-4179-a619-9ba24e13c034,Srdvfryfwthz,false
3352ec3c-dd9c-4295-b606-8f98483e05d7,Yuwvkenbvi,true
b1dd0e1d-005e-4fb3-a37f-9e1592b6a41a,Xssid,true
4440f2d1-7db3-463c-b0f8-afcc5f52f3d6,Afikbusjtqziher,true
7876da8c-1685-4ca7-93c0-a9c3cb722fc1,Rtw,false
22f5f073-c0c9-4ba9-89d9-c2709feefb28,Qnlzehqkyygko,true
7b78928c-4196-414d-a648-b301d79ad8e7,Xexhxbufqcgchm,false
12181961-b155-4315-988d-3deacd619869,Leouyapvbwpltkb,false
d4f8c1de-cecb-4cf9-98cb-8246964970bd,Zmzeruak,true
8247b778-4d67-4342-beec-787fa32ab6eb,Mvsytopnvovas,true
8b8b48c6-06dc-48ee-a913-30ad61e45eab,Nsrboe,false
5efdfc6d-7f2f-44c9-bc02-3e6fbd34a93b,Onurmedhykb,false
5b437d2c-4a36-4367-b87d-32569cda7e02,Jbjxxrwwtblvb,true
fbf2a3b8-9c78-47b6-bfee-3963f6a3c262,Tqvuotwsl,false
14cc260a-b40f-43d5-80f7-d619c9208e54,Rtjgqsotismidqx,false
c92882aa-8737-41ce-ac6a-3fad92936052,Bmwcdxpbnzq,false
c1688599-e8c9-474b-9777-f0f35aebbd8b,Tdu,true
37a33259-de3b-41b9-9af2-7269a908d4ba,Ouxipwsas,false
3a8650f8-e79a-4ab7-a95b-1167bb41bef0,Dobadvuar,false
ebc6804a-0ae6-42b5-813f-87dec79999ea,Apx,true
7b6f107f-7f77-4dff-8327-c8d95281ba01,Gcyt,true
77c76427-d1d1-4cce-aaa6-a61e7495fd58,Fagaohinjp,true
861e7ff4-307d-4184-a27f-395c4419e4c3,Woyaxpmgxnztibo,false
eb80455d-31b0-4752-a26d-82ce8a7e1d02,Helvao,true
4f72fa8b-5132-44c7-bb27-f2c7b7990aa0,Utqd,true
76b72e61-01bc-434a-b286-14b1735b8ec0,Uqytzcddzuhtyme,false
bea930e0-f87e-44b1-bddf-9a0222033463,Rljufvsgyrp,true
db61bef0-4cbf-48e2-af73-f00c7f637d7c,Lmi,true
ee2ca3e4-bdd9-4442-b133-84b898294e7c,Mwdf,true
985206c3-35d0-4f56-8094-0cf297df2e54,Lnvwsncdfzr,false
2c1c3de0-4641-4a06-bf17-c50d512676cc,Xkwezvqcdhjjldn,true
182568e4-e899-4f39-822c-f48a03751d40,Jgtf,true
8b6a0eb3-8b44-4871-9347-108ea5407882,Tydjhrqib,true
63ab412c-a50d-4214-b4ec-ce7a71037411,Wybh,true
d7a034f8-207f-4257-ad36-ca14e9a25ac3,Bisgy,false
7693b84b-e4f0-4182-a235-7339af360fb8,Jnzdzx,true
016ca7b3-a21a-4433-821b-c2f098a0eb30,Pkyvzzoitoghr,true
0ed4437a-20dd-49cb-b930-5ad98ac266bc,Urbjqzklvgjloq,true
a3e21c17-1e12-4431-9ec3-dd0d92bb6419,Wsqckzk,false
05e18b7f-4ae7-4a1d-b9eb-9e627e1ddd6d,Spykxiqlf,false
d9f797ef-70c8-4b6d-bfe1-adf8e7d46469,Ligtruma,false
c198c3c3-f245-4f60-9c0e-2b18da1e3307,Zcgmigjcdvtyq,false
51f83f01-8472-4ff6-b624-9ea7852f5ebe,Pqljjmqlxqwkaz,true
d84d55bc-a579-4ab9-bcd5-2c9539894c48,Cznpvgzwj,false
f2e73ed5-1492-4cea-8d1d-e60ee703f570,Jmpzfzrqzgfji,true
a10b3d35-3696-4e76-ace6-6d458574582c,Neqcnnt,false
aa9f332b-2d9a-4173-b58d-9de07e261f3e,Lmwstsulcal,true
d2575b10-5aaa-4501-a505-679a9df04c19,Qhdqbjwdefj,true
5c32c386-1758-4716-8891-40d9cdc701bf,Qippzmkydl,true
25443179-f590-4e5a-b6bf-daa5954ffe2d,Yjsckzykhxdhagm,true
996f8db7-443a-4747-a5d5-aab71630b1f0,Pzvvcnqatecpyn,false
eb99ae74-7ccb-4af8-aab0-713afccc9465,Htsmkfhqfbi,true
583f0a50-95c1-4bc3-84eb-2ae085840d27,Qwn,true
f8d832d7-7f28-4e7e-9e70-2e419c224dd9,Pxhrqkxi,false
d2e17353-b856-4b1e-b7f8-e1967d22501f,Fjft,false
a07ef1ba-6d26-49c8-b75c-02e1563bf96c,Gfcsird,false
936a5af9-aefc-44f9-a2ac-908a7584edd1,Lcgeklhuj,true
45a5ed4e-8178-48f3-8350-3271e28b0c70,Kccfh,true
ea37e607-4212-47df-bb7d-f21211685630,Knrqll,true
5831a415-d5cb-4146-b3ad-c74a4f362a39,Nzd,true
72a35fe2-914f-4558-9725-c425f958c4ab,Vmkopiukgcnc,true
df36ebf5-1db1-45c4-add5-99ee9e438158,Ecgtftqx,true
89a1bbd6-ecd7-46a0-a75d-54481a8498ea,Wcpldherrxpmd,true
995d1372-028c-42bc-88c9-d8531b54231b,Cmgw,true
31d290f4-e342-4d6f-b99c-a3188f92b621,Bqnxrlkkprxf,false
77e64afb-992f-496b-b9de-fa0397f6ab07,Aeqonqaymqo,false
95af14fa-c596-45b7-8f4b-9ff6a546c1c0,Hcinwjgpiwce,true
31bfd720-765f-496f-96b7-e505684063eb,Ryyqwk,true
e107ce69-1d14-439f-a88f-5c613b6d4bc2,Gvpbuzopg,false
909dcb07-9df1-41ed-9032-c190e675edb2,Isszuzbxc,false
191f04d3-c61b-4dd7-b504-076a8a6f09fd,Pmjk,true
d0468390-356f-4946-a8b8-0bb4d4646177,Immj,false
9040b0e0-d39a-4ef3-b3e4-1e1a49fda454,Qwaexueybwc,true
4630c28e-cb29-4c53-a068-22b23d74abc2,Fawho,false
5fffd885-c528-4dcd-a175-29343bfa76e2,Eejolcxnulo,true
629048a8-fd4c-4d12-b3f4-4aed6f77cff6,Numuqwxkjkl,true
7f1a06a7-4d0a-4533-94be-721d729cbd26,Clfonfe,true
ebcab63f-c7f9-4af5-826f-ec435cf86478,Honkffx,false
7ca520d4-44fc-42b1-983d-705998651279,Ddju,false
