id,value,time
57c5b052-18f9-4637-9781-dbc8a130ce42,Ziksalgiglq,2024-10-11 04:15:03
0f84e28a-5275-45ff-9bc0-f78400c86d4c,Mvqdqe,2024-10-12 11:18:54
05378582-01c2-404c-8af3-14bb91545352,Fnkzcxfsyjic,2024-10-10 03:09:53
e612e832-cbcd-44af-ad7d-042d0ecf13b8,Ifqttmwstmdo,2024-10-31 16:09:05
82f14c78-4aad-4a4d-8c52-8465eab590af,Vremkiinmzg,2024-10-16 10:19:13
bfbc0631-3e0a-48b4-8ae7-476f559d9a51,Bprkwvrdkuvb,2024-10-24 01:47:16
eab4c16a-2ef3-4f82-ba04-bf6c32bd0d4e,Ddawc,2024-10-21 08:39:17
07a0b6b4-3483-4309-b155-9ac76b9d6269,Tsuzyifqtsx,2024-10-16 12:14:51
5e832202-0926-4e1a-9050-071d0e4848b8,Guiiouxpytjq,2024-10-27 23:54:39
7bec7a91-61d1-4ea6-8874-1460a27b6877,Butdvwobmpnnpq,2024-10-24 09:24:12
6d1799d9-8ed3-48c6-b22a-19cf08785ae6,Dzhucwgmyiu,2024-10-12 10:56:17
2ee6e093-3527-4573-b2e7-9295e909731e,Aicstsffhfi,2024-10-10 15:57:18
6f5443c6-fb72-462d-9881-c1d3f9ba405a,Olmkxmriwdmxb,2024-10-11 08:15:10
f90256db-9bfb-4916-9ebb-f66a31c994ae,Gabtzba,2024-10-16 06:05:02
1b8f876d-e09e-4d78-b2df-b324397eace7,Vzvpkmhaxnkd,2024-10-05 11:14:55
ee369f13-2910-4a7c-893a-3ddfb48d5a48,Gmvhuctyzwtvfrh,2024-10-27 04:44:33
7def1882-3605-4675-97ab-0b49327a80a8,Ydrzpdpacic,2024-10-13 13:11:44
ed1d9209-b66c-457f-b062-913fbcdd443b,Jttdoakrceg,2024-10-24 07:41:12
649d46a0-162c-4b6c-a72b-2535b52b6c9c,Ujzdsn,2024-10-05 20:37:23
c08fab0b-dfc0-44f8-a6fd-284fe5f55388,Qjuos,2024-10-06 13:48:44
144fc5d7-498e-495b-b754-b292832529e7,Lgmrpsjfe,2024-10-26 16:52:36
aa5ce8e7-c1b2-48cb-931c-667669f1d794,Gszrocitx,2024-10-29 17:29:22
8cf0001f-b2dd-4ead-b39b-6580ca00de7c,Vdpgyzsyzgipwgj,2024-10-26 02:36:55
58ac6616-a87f-4585-b985-764d99ca2e6d,Exkssz,2024-10-02 11:02:03
36e50979-5180-4ff7-b480-22c951846d26,Ssdbpilhcdc,2024-10-15 01:36:32
1f0cf013-8c65-4361-929b-c4e2a8c1a6d1,Qrvqkxs,2024-10-07 13:43:00
ff9fc7bb-6b0e-4e63-ae58-4f41829caa4b,Lgaihyexjpkc,2024-10-07 03:36:35
e645b4d3-ecd8-4e4f-af93-59ef94b4411c,Nqxosemqdfrgzfl,2024-10-31 11:35:10
f226071b-bed2-4329-9a3c-4efc6bc84453,Fvfbemwajvyrclt,2024-10-28 11:29:51
ebfa52f9-6337-4c0e-b1e5-0431195214a2,Llimzcyywfkbis,2024-10-11 00:57:49
1057f815-a219-4c7d-9615-96c8a3325d1c,Hnthqhocpqvnojb,2024-10-20 02:51:02
1e366814-28a7-4a74-b616-72e4a28cad60,Eqcptegrkf,2024-10-07 11:47:43
3e04aebd-bd26-40b1-b6c8-fa15e345b8f2,Nuldxovxvedg,2024-10-26 20:30:58
a5b29c94-e106-4100-a7fd-feaaf7b97633,Gzxioa,2024-10-18 10:06:05
a626a355-c8bb-4d59-98b9-d39c59bc8d46,Kdgynhwxh,2024-10-22 21:46:02
da335fc7-fe85-4fbc-a2c6-e91906e9eab5,Oghdiswhzuomh,2024-10-17 18:24:46
0d524772-36ef-4c26-b498-86097bcf2557,Hiexvxrxhmb,2024-10-11 09:40:35
b4fee956-3c1d-46da-badd-56c3104a08df,Indvelrg,2024-10-30 07:44:52
a5f9b0dd-be7a-4671-8143-47c6aefc7047,Kjtxjvohccgdimy,2024-10-25 01:48:52
f90a6c57-856e-4381-8153-fb26e2d4be45,Nhewwoypjnh,2024-10-19 03:37:32
24d004dd-a4b8-4bbf-8854-518f47aaa349,Dxpsvyb,2024-10-24 12:17:10
21b641d6-edbb-4b69-95e2-730b93f206c9,Bhqbbz,2024-10-14 18:12:58
5e8001cf-2d4f-4cf8-b02d-d787fdad37b3,Deiqpoupy,2024-10-01 03:20:46
37f9227c-a4ff-4350-8620-42d0c8460be6,Nqxffskw,2024-10-04 07:03:15
8f741e11-6486-4eba-96b4-d302323e56d7,Ncvfzlxxowdeh,2024-10-17 12:51:54
a4987c75-f040-4562-b272-78d28159ca8d,Yjqlfjmns,2024-10-25 16:17:22
cac335a5-5d3d-465d-b83e-0316762dcc1b,Ygdpgzbof,2024-10-02 18:47:51
420dd9ef-3c34-4e69-a666-9f233f515817,Xripzqnx,2024-10-25 10:58:17
0de8299f-1642-4889-af6d-b756f4844c81,Iwucqbupcdygsl,2024-10-30 05:13:56
c06c5abf-f9c9-4d4e-be34-7744267e1b5d,Cteibvgxcnux,2024-10-23 17:31:47
fdece8d7-7b63-4cf5-bbb9-c0778c6ad093,Xgsifs,2024-10-13 12:01:11
33ea8fb4-07ec-4a10-b736-3fee3e77fe62,Fvlvepa,2024-10-18 20:22:19
cb766d43-0452-4fa3-939a-43e897341a42,Silbiredkcp,2024-10-16 18:44:34
7e3ceaec-b37e-4ecd-ab5d-99f6a591b64a,Iryjo,2024-10-27 03:51:01
14155889-1ae5-4e88-9279-ff5473b832c6,Bzfczqmqwyyrf,2024-10-01 22:52:27
ebaa880f-453f-40a3-a3ec-0c706f7707e1,Uryjcorbhtcriq,2024-10-20 17:32:14
bfd69854-b1d1-4a23-aa7a-3fdf474ed3dc,Gdxrekdidfbz,2024-10-22 01:59:34
0f7c8ce9-2efb-47df-97cd-39455ce55234,Arrgbvbdgk,2024-10-18 03:46:06
5bd96296-86b2-462b-a362-73bf50ec7074,Vclcbdmpuovyvm,2024-10-20 12:01:02
0d9d60e6-0e64-45de-83fa-fad7ef25741d,Qmrvqjafrcf,2024-10-04 22:48:47
0aa29cd1-232d-4b86-a1ba-5976cdf4c55a,Zwwlephfafpn,2024-10-14 12:19:04
b14ee9ec-ad3b-44b8-8724-b87912263360,Amfwwjjuwqkxm,2024-10-14 08:36:06
60c39945-c107-4111-8db5-62f55fefc4e2,Vegijhrnwo,2024-10-02 01:55:08
81808883-7ac8-46ea-92cb-68aacc5d1d85,Vsgajkotfzyhpa,2024-10-03 00:48:00
189fca11-ced2-433b-b637-df2365fdf592,Zqlqzwxttrqr,2024-10-23 00:47:31
2b210765-d8e8-491f-9d7a-3f32d25c0af7,Qxbuxjw,2024-10-18 10:01:40
e51fcf1b-dbe8-43db-91c8-cf647d4b1bdf,Eodvlp,2024-10-29 13:48:03
94f686b9-7fbe-4a13-88d0-3bb4bedde27b,Runrtv,2024-10-26 09:39:33
b097d466-2729-4cb0-bf13-86cc77347ece,Ebusyso,2024-10-24 20:43:19
b4070ed2-a93e-438b-80e0-72eb984ee97a,Rfkkang,2024-10-06 09:50:48
3e06eb2b-74c6-41e9-bf27-09ac4dff80c1,Vnhxqcfahmwczqa,2024-10-06 10:07:58
18e8708b-8770-473d-a8cb-74f65e561864,Bvrsvfxmrg,2024-10-04 04:11:06
975052f3-674d-4aa3-9b3a-d29da9536e91,Lkufjcdcturhmx,2024-10-12 12:10:26
07f34da6-4831-4ca5-8457-76cbbac08b69,Asqqrtpqobmk,2024-10-29 11:57:55
100218f2-c90e-4977-903f-605885425165,Watwbtuuvvw,2024-10-05 06:40:23
37bace63-0f87-4e0c-93ee-6ed557ab41ae,Feyqdtg,2024-10-03 09:47:37
d562f672-2c02-4647-8d74-77866d025531,Lcqrzrkllbk,2024-10-14 00:49:10
4b68e02b-8bc3-40b7-84b3-37d3aa7b26b6,Llwyv,2024-10-15 05:10:48
651affc2-00ee-4d4f-bbf9-84b8d7f4c353,Hdkdnzizgdckoj,2024-10-05 08:09:20
91f84643-10f5-4366-91f1-30f28c74f9cd,Mialupseukut,2024-10-24 09:49:32
761d6da3-77ea-4aa9-abb3-ea0c6892363b,Yqzrjfspqvfiyb,2024-10-01 11:34:10
c4d234ea-522f-457c-8518-aca49b95e672,Vaqhjajcrc,2024-10-16 19:05:35
2dc82b14-4b89-4334-8344-964920f07a51,Ippipajpbeqttqo,2024-10-12 03:46:55
4c607d43-5c30-44ee-8e48-095f3b9d7351,Mhfyin,2024-10-15 22:18:17
3e01aaaf-75a6-4610-8861-205eba420b84,Rfzboscu,2024-10-08 08:19:32
6bfbf21c-5517-4e04-ba24-5642e2b06995,Wlgoctz,2024-10-30 00:56:20
dfd05b65-1cbb-41c9-944b-09d9c6f43117,Whacmorepjddhb,2024-10-05 21:16:15
12ae1369-6124-4a4c-884f-205059a2f1a5,Teroeuen,2024-10-06 04:26:24
455a0a7f-83f4-403b-9c95-be19ea16e24c,Vidnlupsj,2024-10-19 02:52:25
006f8e71-8895-43ab-b488-e5991ac1268a,Ydajeepm,2024-10-15 18:39:06
284c96e0-738e-4ca7-9669-8fe176aaea3b,Vtsqnguhjjz,2024-10-06 10:45:20
8699d323-a5f5-4b90-b1ca-200bb86c90a8,Msmwyoqzgf,2024-10-01 02:31:47
615af6bc-0249-4c0d-8f55-856ecb325576,Faiib,2024-10-09 14:30:21
a12fa88a-5acd-4c30-a5b2-7fad36032089,Fadjlfwisipk,2024-10-25 08:29:21
d43c1c2f-0dd0-415d-bdee-15c6ad373952,Mwwvvnslfn,2024-10-21 18:20:49
611ced61-7dff-45e7-8b08-8416122358af,Dfdudwbesdgzztd,2024-10-19 23:28:58
fe55efad-8ee6-4de4-8ff7-c7a7b8d16490,Todqnjaok,2024-10-29 14:49:28
56e120d0-a58f-4e71-928b-dafe27d1f431,Mxzfzmxmsn,2024-10-17 02:28:17
44cce3e5-4d27-4316-b194-24d45195e581,Nwccypixidqkp,2024-10-22 18:54:41
97b05bc7-c4e7-4ac5-bc0a-ef66d5076543,Pbxxt,2024-10-23 21:56:18
f0e163a9-9697-4375-bd38-0df5695b4bd7,Pzicatagvuxnz,2024-10-09 05:32:48
3b8614ee-4bc6-4c43-a408-f559eccfb717,Oyzriqackmau,2024-10-31 13:06:30
221bf5b1-9f78-4d5b-bf7e-4c85a32ed4cc,Dookcmyitihwmk,2024-10-07 00:05:28
d8f5e638-168b-4d24-9ded-e8f068957bde,Aptopoyokqxg,2024-10-13 17:28:51
e3220318-da9e-44cc-a25d-e868ae782b4a,Bakfmfqqkhods,2024-10-14 10:39:23
229a9dc7-c81c-4f3b-9115-2ab336fbfc73,Kgzkogie,2024-10-01 07:35:51
8f46396b-b2d6-42c7-879d-82dd7453c150,Mayjulppowknnp,2024-10-10 03:11:27
302e59fb-8e16-4434-88ea-4e7d20eaa0b5,Dhycnamofwhwzht,2024-10-22 09:29:57
87cf84ad-aeb6-4e01-b28b-94c343c20580,Zzygoudaepeqp,2024-10-30 08:57:26
80a063c3-29b1-4b03-9e3a-e83e1e6e48d8,Sjrjjyadxj,2024-10-03 09:39:25
844dc386-e907-4890-8434-a9f3702c6034,Eaxyo,2024-10-19 20:40:54
4a3bd824-a7cf-4613-be7d-e7e14500b3f1,Eyggnhjtrdxdgh,2024-10-23 11:33:00
e1ebada4-9772-42a4-9682-49e4b7f180a5,Ozftee,2024-10-01 04:46:04
5727b04d-f7cb-4fe4-a90f-29dae05aa43f,Fhyxmamapqrijt,2024-10-25 08:53:10
a251dbbc-74ff-4498-9877-97869c52bd86,Qeyluyxwnydmcws,2024-10-06 14:01:50
c569e6f3-de76-4288-a502-8fe70a3c7237,Hocoxt,2024-10-20 13:05:59
170c3b59-0f31-40d9-ba08-1e24daa523e3,Wyjstxw,2024-10-10 16:13:14
c9214a89-3be0-492e-8cf9-35995faaa77e,Nhpcgaa,2024-10-24 03:14:13
072b7ee9-9fd7-4aa2-920e-76bad414ec2b,Xdqlf,2024-10-27 12:57:30
649de764-eaba-451a-bf05-9b8162bb521b,Pevqwpzsblh,2024-10-02 22:45:27
928f0ce5-1321-4f99-b550-ed364a4d8917,Hmfdraguq,2024-10-20 23:08:58
b17a2a3b-84e7-4bcf-a755-5a99df744045,Gqrtpuy,2024-10-10 09:09:44
cc4154c4-c790-478e-9168-d5f3d30be2f4,Rdpfoytfe,2024-10-21 23:37:00
7032e416-1e40-4458-a495-517435af1a9f,Kbnskxkjmv,2024-10-17 08:33:49
8454a9bf-17ee-4ee7-b1a4-e84c9acfa1b3,Ocfrhhgb,2024-10-16 02:47:32
57e0fa3f-f610-4a44-9b31-f2eafc0f7d6c,Wjwyosfj,2024-10-15 17:49:03
185bf25d-d7db-46f2-8f41-f1644b6a6d57,Cforozchwnhxdrz,2024-10-13 05:46:40
d1d480d3-05ba-43a3-9832-dc0a23a16136,Pcrfleboranl,2024-10-08 05:24:21
0b139aff-315a-4c3f-82df-cd134f74d7a8,Hmlnihwvrclohq,2024-10-22 02:29:48
98b2c705-72ed-47da-a679-74cb9c4a07bf,Jgqdedjzkue,2024-10-25 10:23:38
d81e44d8-9e9f-4b8a-a573-d86170ca6448,Gwetp,2024-10-31 21:00:58
5b8de24f-8bbb-4efc-9136-0721f4bfc159,Ldaakdmci,2024-10-15 20:30:57
f7fe0d34-d517-47bb-9bad-637d577b247c,Gychmpthd,2024-10-11 18:09:27
0fe7493e-fea2-4ac2-89cc-a1ef38dee023,Rxxll,2024-10-20 07:12:26
f2324f46-42f6-43b8-b802-4159165df4d2,Ffefy,2024-10-23 17:31:23
888949c4-f368-449f-b74d-b9cfa3207af0,Thbztsvvdswcsf,2024-10-02 17:26:33
d5e4d1cc-e6ad-4111-848d-6c7383e6fe13,Hzfrolyfcfb,2024-10-31 04:36:37
a603ca82-7b8c-404f-965b-d11371567af1,Lhojpmswbde,2024-10-11 00:24:06
a85089e9-b154-43c6-90f2-6d767c37ba8d,Tlqvxvdvega,2024-10-31 07:28:43
18aa607f-56ad-4d6e-b65f-6b4b27ed423e,Nexozysatpbfbl,2024-10-18 18:56:25
95277dcc-13d6-41bc-ba66-559e130aa506,Cljuiok,2024-10-02 08:39:09
2741b1f5-6a73-4974-89a0-49855ed5d88f,Awoabkodqhpfax,2024-10-19 17:03:26
ddf85ab8-65e4-4a23-bb81-a02e28b3defb,Elnomqnmbtz,2024-10-05 04:24:59
4dd0649a-0914-430c-99ce-0c85cc16b22d,Otethjgfcuv,2024-10-26 11:08:16
617504ed-8b1c-4057-a1a4-a123327aeb89,Ragmkbkln,2024-10-27 14:51:22
9e9f6bf5-8d32-4cc5-8292-dc16864fda0b,Ghjsdyi,2024-10-11 23:17:57
43ae5070-2168-4486-a688-e05ecadcc64a,Lvnuoxl,2024-10-27 01:42:35
740cb913-fed8-4e2a-8c2e-9420cd079110,Ombvdpb,2024-10-12 19:23:02
c18a24f5-6d00-4070-b3b6-d78b2e850740,Obketraujndvixs,2024-10-22 23:18:38
04a7a5fd-47f2-4786-ab3e-c6152dd94b64,Pkmiwy,2024-10-01 04:59:34
6d796b5c-ebe1-4621-8701-c8974beaeac8,Xswfnd,2024-10-22 15:28:43
6b480761-9dca-45ac-8bc4-a134cadb3122,Tzwavbzmqgutztl,2024-10-24 11:15:04
5759c71d-4d05-445b-9fde-0c1d14cbfb5e,Xwnhmtv,2024-10-23 18:26:04
0a7d926e-f274-470a-9754-4f6a39e6a9d2,Vnyvciqjmsd,2024-10-22 14:23:39
e5b45f1e-8fc3-4213-b602-4101a65c5836,Ixfmyuuctyf,2024-10-05 23:24:26
0544948b-15a8-4643-bbef-684f84644505,Grmkxhmiujxoobj,2024-10-14 05:03:59
546a8cf0-5371-44d3-842c-1040de8ecce9,Rbrspt,2024-10-30 10:25:05
7dd9897f-638a-4be2-9925-e9bf11a993fd,Yayoaspvu,2024-10-01 00:12:50
3b1f166f-b811-4920-9799-0051924e0a5c,Axejvvnhohczr,2024-10-20 16:54:58
e77bca32-f885-4875-8cbe-207e4d8deec5,Iesffbzfdmlt,2024-10-30 21:11:27
182ebf3e-a20a-4f64-85bb-6f7d1b3a5f47,Dyicqyd,2024-10-25 21:26:13
cffd999d-393a-42b5-8803-3df666acac04,Wrtlbn,2024-10-09 23:10:05
e5878d08-a6c7-48c7-a77d-57219bcebe5b,Eegljpxbsmnyhr,2024-10-30 01:27:23
987a17c5-2064-461c-96df-ad34ec03d393,Gsnlohyhz,2024-10-17 10:36:21
d83a5c27-ecb6-4cc3-95ec-a4620cc6a7c3,Ajkxc,2024-10-30 18:22:54
b47b1612-7266-425f-96a1-8100411131c7,Nzbkrtvr,2024-10-21 21:24:56
138a977a-0064-4a5a-873b-87f25e38fbd4,Ioomzbuw,2024-10-09 21:05:31
0a31681c-0b53-4cd8-9b91-f3a7875a1532,Pkpfyqlrkblgjce,2024-10-15 22:09:26
c72bc470-aa45-4a72-bd91-06d26e6ee6da,Sfcflp,2024-10-02 10:23:22
d70f32c6-0bef-4b88-85bd-95ad551661fa,Ghwdp,2024-10-22 13:38:17
915dffcf-2344-4323-abe4-32a69ccc64cd,Dydnlzvkbcjwdff,2024-10-03 01:47:41
5ef3e1f1-df4b-4039-afd2-d17a02053fb7,Qtvrib,2024-10-25 08:52:06
f1de739d-8dd0-4a45-8c24-acfaaa57ea90,Mmyjkapsoqgv,2024-10-03 02:45:09
e2e92825-1ef1-458c-9edb-b8b4fa47d162,Wyoxbw,2024-10-05 14:51:02
9e8a2407-912e-458d-9468-94cc315f40d2,Qioxougqaqcqc,2024-10-09 13:18:32
98ca3d47-f2b9-46c4-8e18-b3459175acd9,Gbldwpbvn,2024-10-02 01:43:51
fd7db37e-4210-40f9-860b-c78b07b99243,Hfnco,2024-10-07 12:06:36
63ef87c5-75a6-4723-919a-7df89d11f5e9,Zfcbgdckvokunex,2024-10-09 15:55:27
f629cb1b-9398-4715-8efa-405221429471,Khxoiegr,2024-10-08 08:10:17
d6acd471-9319-4190-999b-efd55fbe43e2,Tllukx,2024-10-27 15:39:54
07daa127-b9bb-4dc3-a329-01898d0593a7,Wwqdmix,2024-10-19 12:11:00
3dd58e60-eb7a-4832-8783-334aadbcbe8d,Zmobwvytevine,2024-10-22 03:20:08
ec51c7b7-5dfb-49a3-aed7-b256cb8d6939,Hffhyq,2024-10-07 01:49:42
e7731a83-20d7-49f8-b627-3a7a2b939073,Wbnjvwgk,2024-10-30 00:28:31
c94f641d-5918-4b97-ad9f-e66741315675,Jcemesngfaey,2024-10-24 05:59:34
0caf62c5-c859-4049-8412-12e7d866c896,Maekpdlyzynpnj,2024-10-28 22:22:12
87b36d8e-36cc-437e-bb1e-f1a6541dbed1,Rowivpw,2024-10-10 22:03:16
f99af29b-53c3-4dbb-90e7-842c2a9c157d,Puktiqd,2024-10-28 08:42:17
d155a120-0c5a-4c6f-8f85-c990ee16fd81,Ariefhryu,2024-10-26 07:21:30
e8cf23ff-a343-4a70-8c33-236bdf4bdc88,Uzczuzcj,2024-10-26 09:56:11
e494575c-d385-4579-ac6f-16b044c72dba,Fpuvpibbhh,2024-10-18 03:30:40
620eeed8-b770-4f0c-9927-ecf12578702d,Daybffxvsjij,2024-10-10 14:26:18
5f3a79a6-adce-4d5e-998b-3920dc163dbd,Ycausuigzefbw,2024-10-23 01:09:38
6dd39754-289e-4d0f-a513-516e5cec87b8,Jzsbnmozmp,2024-10-19 16:27:47
445afffb-7af9-4ea8-8d35-a3a8d8473afe,Seaphwxjd,2024-10-28 03:15:25
4a2b49b6-2a63-44f1-9230-68f23353b413,Ovgicx,2024-10-19 09:08:55
687ee372-db67-47e6-b1d2-cf38338a0f1d,Ygyzrmpjiwakc,2024-10-29 00:13:56
5800e198-953b-49df-8a32-7d80c5304869,Tvzqxi,2024-10-07 14:32:33
f2ec87cf-623e-47ce-b9a1-3042ce14a820,Gdiciqkzfavymp,2024-10-22 23:09:05
ba168fb9-a754-4196-ba40-310265c0136f,Omqwfge,2024-10-08 10:34:59
d79b53f1-153a-45b1-828b-1231a414287e,Zwnwlnvfcwhcjtu,2024-10-20 02:56:59
e94de3e4-8558-47c4-8ba0-b0127f320d55,Akwbwpdreblmnnb,2024-10-20 08:20:34
e6952b86-8613-4ea4-8977-99a5a1c4746d,Luqgk,2024-10-06 01:46:45
b9e9e38f-06fb-45a5-ac6a-d9b96835d9dc,Hvxibuijguytyze,2024-10-19 00:00:50
fdcaed18-8070-43bc-811e-ebeed2d8630f,Irpgk,2024-10-17 01:08:59
c02015e3-b1cd-4f87-9f6b-ab4a8f8be87d,Arnpytw,2024-10-22 14:08:21
cb207eab-4245-4b0e-8ac0-f2080ef5341e,Hngcjibbftga,2024-10-27 17:50:40
55ab67e9-656c-4db1-bb55-706485d5b495,Gifudi,2024-10-05 19:51:03
7c314cab-3335-4921-830e-bb99a5ee2ab2,Egxatkuw,2024-10-31 21:10:16
f8fbcc80-be44-49c6-a57c-b5e29206f409,Sbkxlmx,2024-10-04 22:45:41
0482049e-26ed-4cd4-bc90-d44d6ede3a34,Bkkwqcg,2024-10-19 11:00:23
b29828e3-73d8-4ea4-9217-bfc1147e2a00,Qqphtfsatjeqs,2024-10-19 16:56:28
8a2af608-2d68-4f40-806a-f0de888ac9d2,Gwhjqq,2024-10-10 22:50:43
acf9ea92-88e3-4213-b216-6dcc0e8f7a71,Xeoxlcx,2024-10-01 14:00:40
d320539c-a317-4cf7-aa87-351e613c92ee,Nhzaz,2024-10-31 08:44:24
8186acf0-5bdd-4a7f-a9ea-98c1830d552c,Iqsszbucbnm,2024-10-30 09:59:28
0931c50f-0fda-489c-8a81-6679cc4305e8,Spijufzadylhfg,2024-10-11 06:36:01
e16b7a74-0bc1-4c6a-a68a-e0c2d7e4c7c3,Samsoqxiwjxx,2024-10-09 23:26:54
c4d41b99-e6d2-4c2e-afa2-abd5ff4f5e93,Omtqnyzy,2024-10-01 16:12:51
8fa86129-3869-4c3a-9b1e-f304222a94d3,Wrvvpkfx,2024-10-05 20:29:29
ffc6da87-fc5b-42ad-b7e8-aaeeb15d0b37,Lscdooegd,2024-10-04 21:14:52
b4012a25-4b2d-4221-a85c-4029e7389ff2,Mvigvhowya,2024-10-25 21:02:06
77054821-2bfd-4237-afeb-d4fc0390d782,Bivuhbziamyzy,2024-10-07 09:51:59
585cbea3-49f3-4642-9dc4-aaf0d3b369ba,Goeuuhziwdzqp,2024-10-02 03:10:17
818c25b6-ccdc-442d-934c-ac3ce8c3fc43,Tmkscyp,2024-10-17 23:39:45
3a03f3f4-290c-4ae1-b208-8615a6050dc1,Dlctjcribv,2024-10-23 04:16:42
9607a5f6-d281-4350-a166-79d89ec68772,Mxpmsdykynty,2024-10-22 19:18:06
15f23a2e-b846-4134-8edd-cb7f5b5f9e33,Wmihnxuqreyu,2024-10-04 08:15:03
bd9d0c20-46f7-4c5a-8163-1a0a31ec6c7e,Ihodyxp,2024-10-14 00:49:22
e77c3403-c15d-4456-ad99-7b76cec00618,Mhkdrfzav,2024-10-15 22:29:40
3a9e08d3-5f4b-4689-9518-6bc2975496ea,Ohmvi,2024-10-16 10:52:23
510eb8ce-d5ff-48ec-95d0-66f20e3d2f7f,Ggianlilp,2024-10-01 02:14:50
d139a3f6-8ded-458a-a0fa-778dfed28512,Btifcryvhpxl,2024-10-24 10:13:05
23e1147e-c45d-40f4-86da-893fc6bdccd1,Wnrvfsetcioqo,2024-10-26 11:38:56
bb280bd5-460b-4e7c-9f66-fd3f8691ade2,Uugijtvugbaaowf,2024-10-28 12:17:07
bb069ef4-8379-4bff-a7b7-9883e817a5fe,Hfnlvwc,2024-10-15 03:27:31
789d1ee7-b7b0-4bf2-93ad-8e85a8a0b393,Irztsto,2024-10-14 03:44:16
92d82a5c-4094-47da-876c-255937949e76,Dlwspyucibbghty,2024-10-12 01:14:40
a2aed03b-4b8e-4cbb-84d3-af1661762eaa,Qarmqtvgqcol,2024-10-31 23:14:03
62b43861-4b7f-4cef-bc8a-ac50858f21f6,Rjdjnubx,2024-10-23 21:56:33
33da3863-e683-48d2-a1e4-04f2723fa1ce,Sqszixkudsv,2024-10-14 08:44:35
4963c1ca-6164-4b40-99cd-f3e4bbb76aab,Pnihqqnqywva,2024-10-25 02:53:31
a92c806c-40d4-45ba-9888-e932b9ec004e,Enhmohxijvk,2024-10-28 18:32:13
e8b585a8-373e-44c7-9e70-65d4564b02d7,Vweetjr,2024-10-30 15:16:04
feedcf0e-f4c6-48c2-98af-3c54d2838027,Smgcxqdrqyvbuzz,2024-10-17 19:40:08
a82fe71f-6e14-4f62-bdfd-13e1ab8b86f9,Hirozkk,2024-10-31 15:07:50
526e0502-eb5c-457d-a6e5-ba928d2a0244,Iwqaceq,2024-10-28 14:37:28
d599e26b-fd06-46d0-aeff-f4cd6fd10949,Xjjjdiztns,2024-10-09 09:28:08
44b56d0f-94e7-4e1c-96f7-4b1d68b6712f,Oogdl,2024-10-07 19:33:06
aad29fda-5a23-41b7-a2fe-90a7863fb8f0,Agzwljoazchdv,2024-10-31 18:24:33
cccd3cd8-01f8-4f44-b93f-d1a1f1bccead,Fkfxkrfiv,2024-10-28 01:41:13
6e0c2ac5-c45c-492b-b48b-449ab5d7420a,Ndvalajgnsyoy,2024-10-04 16:24:01
a77e9cea-faec-433e-993b-52fdeb9858dd,Jffxshwszd,2024-10-21 01:51:46
e93a1e7d-d815-42fb-8027-59b1baf9ead3,Lsdsctj,2024-10-09 00:06:23
a71be6f4-9d73-4461-9c6f-ced7bcd55ac2,Isibg,2024-10-24 03:46:26
84c87248-5e5e-4108-b5db-ee77c0fc4c83,Keamcmijh,2024-10-05 09:22:16
6de0d4c2-d2f0-4fc7-bf83-b0786e406523,Nmflmsmjf,2024-10-09 00:36:52
6ed3f21f-c8e3-4847-909c-174173bd9cd6,Xfvzxdy,2024-10-02 13:04:42
4af1b21c-fa47-4681-a562-f803e845e435,Phtwevjpcagwbhg,2024-10-23 07:33:24
aa6f3ac3-2e3c-4ecd-8bd1-cf1703dfb009,Ijbiyrxvo,2024-10-27 01:13:33
20c0b773-4c31-4928-82be-40805c7e995c,Lgrztey,2024-10-05 18:08:31
f1b2ae79-5a2a-4db4-a66c-4fc7d5c61cc2,Tkupd,2024-10-06 11:25:37
33259b66-d3fd-484b-9790-5d19aa8ec7af,Gdrdx,2024-10-24 14:42:13
93752f03-2d29-48c6-8f20-215cac1df21b,Rnhimgqxfjehedo,2024-10-09 15:38:06
3c7e6bf8-066b-40c8-875b-83926ff4c82f,Hbaazrztec,2024-10-14 06:17:16
72701200-c38b-4ad2-8eba-6e157bcede13,Iioavldqpuqefx,2024-10-03 13:09:29
81faeca2-b0a6-4ea8-8b8b-9173f7c61097,Caepj,2024-10-16 06:01:13
71171d90-d2a6-4493-a7b4-e7156c180041,Dqzinwtwydine,2024-10-01 19:21:33
585ce2c3-134f-4cc9-b746-130a4a52f76a,Pfqlggkqq,2024-10-15 05:40:44
a49a1636-791f-40be-bca3-e61161f8c849,Jbhxiiw,2024-10-25 10:17:12
a5414c2a-3d1a-4fee-b238-8f7627d9763f,Qdnaasbsu,2024-10-05 09:39:15
0fb966d9-b03d-4e65-ad43-3514e513e684,Ijrjgshmvnssa,2024-10-25 12:41:24
a5d56ebb-0b88-4066-a493-5bb63d7c4d1f,Vmbplbrtvta,2024-10-03 11:02:36
53ba916c-051f-4403-96d1-c572955036af,Tgytgzsj,2024-10-31 05:19:45
6a4d70a6-b833-4b5e-81fd-91af6c3dd0dd,Eqbgqmhggtdezoa,2024-10-06 12:03:44
887210d0-7fe5-4c05-84ea-5bd6d33f245a,Qwugiudwusmxghm,2024-10-30 11:26:33
f9e7635d-e6d0-46e4-a34a-3c31fa08b4ff,Ncqdbwsgqtisxkm,2024-10-04 23:40:33
2a1e2034-83a5-47cc-8de5-d9eeef11cb27,Bvmaghoiebtnud,2024-10-31 22:10:53
1774d217-0a16-464f-b96b-c182b53ed4fb,Gfghhlsvnzqfhp,2024-10-09 08:22:33
1d83e3eb-90e1-40b0-9148-5fe3a82ffd0b,Sivtz,2024-10-11 23:45:52
2e4bac6f-d350-46a1-86cf-5c1c7ef5ab32,Eztktphuiluwuj,2024-10-13 22:22:32
d5ab8742-c16f-4419-9ceb-1a711215f6a3,Cuyrnucdbx,2024-10-16 22:10:44
364a4f20-7538-45b9-96a4-829a06ceb559,Wgarsfiale,2024-10-04 11:35:24
712e68d5-cc3f-463a-9a0c-affc5ad90278,Pnlfayazhjvsnjx,2024-10-02 19:15:58
61651b2a-c99a-4568-aee6-5d8c07f1513e,Wyvqaw,2024-10-11 11:51:56
3a7c59c0-55f3-4baa-92b1-0952929ed873,Abahcx,2024-10-17 07:48:41
3081716c-0a6b-4d30-8d27-e57309e975b6,Zgqnftjpxluids,2024-10-18 10:15:03
5eda8bf3-ecc1-453c-baae-a663dc8633e0,Lnlkwjmobcml,2024-10-28 09:25:04
d19be2ee-4680-4cc7-9265-6ce92f499d5f,Oywhsvck,2024-10-13 10:01:07
1b6674d7-04be-4b2f-b6a4-d2b2c06ce905,Bnopyyubof,2024-10-31 16:02:20
80470583-5dbb-4c0a-8436-c2fdd7f62867,Amizmubqfflk,2024-10-24 16:02:41
0be45028-b190-43cc-9b35-5631e0850cf3,Vfqzjoag,2024-10-27 00:01:04
83392a3e-ece5-4168-bf18-82c6f5e3ac9c,Pmpjcuwh,2024-10-08 15:15:34
f379f524-c575-4315-9249-7fe03bd53d4f,Kpgcnnztoioyj,2024-10-14 16:48:09
1740e9d3-a052-45a1-9d67-61e5bd7d05bd,Seaqgrbzyfvtoft,2024-10-21 05:07:03
002e2d5f-a235-4b06-bd96-05cb1a192a2d,Whlpjoorb,2024-10-02 09:48:18
e47f27f2-afe1-436d-8b56-3a7bf674b697,Huyfxtdf,2024-10-30 10:09:30
e6f2dc3b-5872-4b6e-a42f-3cc68039e96c,Mvipdhq,2024-10-27 19:51:55
8e3c52b6-f311-4862-9859-c36ab199840d,Byzsgvplhs,2024-10-27 17:32:22
3af2d975-fd58-4822-bc0f-eaf7b4df301c,Pcitsao,2024-10-18 06:19:36
c7d782d9-2aca-42af-8f3a-e4ac8f7edf67,Ncojcnfjyvvughs,2024-10-15 06:27:52
dced8f92-a7fd-4636-ae65-2afda89b6044,Xfxvhragbfmke,2024-10-11 12:06:01
9732d3c5-59dd-4be5-abb2-884b538c5531,Vffbhhppmajb,2024-10-26 10:39:43
da5a705e-7e1e-4450-8083-db447c6453af,Mpwbtsxsmgnl,2024-10-29 13:51:21
55b00e7c-9b0a-407c-9f61-0ee27a9afee0,Xljavynqflq,2024-10-14 09:14:20
7b89f64e-1f03-4dc0-8ba8-6e2499bc89dd,Hlswbn,2024-10-01 22:31:14
f91baccf-fd5f-4fcd-a2f7-b3e15facbfbf,Wriswgze,2024-10-23 04:14:01
b2c791da-e902-4fde-810b-8a7232bf78d3,Agmufefjtjja,2024-10-07 23:27:40
adecec53-ae01-4899-8c37-c2fe5c1aad3d,Pjopczgeatvqn,2024-10-23 18:20:40
f02af099-db52-4f0c-9878-c245ea316fc8,Qqkkp,2024-10-12 03:36:50
c605a5fb-442d-409d-b2fe-43a159aedeb5,Sbwqs,2024-10-06 12:40:32
59730ddd-ccce-4172-bf9a-2969b4bfe8b4,Wftodpbguyb,2024-10-19 21:21:52
2a82d394-698a-4637-a660-73ec0f9d61e1,Borip,2024-10-08 01:22:04
ef0fa1ac-0b03-41cd-ab34-f2912500aeda,Jumfadwfrc,2024-10-26 04:03:00
c7b823b5-280e-4c83-a331-303c6fadb9e1,Ncygsexsziy,2024-10-01 04:49:08
39922095-0957-49e2-864d-ca32c4324940,Gcvksu,2024-10-11 11:17:22
a228e60c-a07e-4c41-b87d-2ad723e95f04,Bntmq,2024-10-19 05:43:43
b40e2da3-d99a-4d16-b87a-29b7c2dc5d4f,Zpbnbiozaez,2024-10-21 12:24:02
9649c0fb-88db-49be-80b1-44542dc3f752,Rwkkzlhv,2024-10-26 02:17:41
5b746351-0783-46c3-9c53-60bbf6818942,Gbaqpxfka,2024-10-24 10:18:30
0b83c492-13d6-4f8c-a1e0-44ce75aa623a,Liflmvg,2024-10-23 10:28:46
dd8e56e9-cff7-46aa-9bea-e76af3fbac92,Rxngmaxzwwgwjzn,2024-10-15 10:48:06
3dd02617-d7a9-409d-b58a-713be286ab7b,Lublgknb,2024-10-27 06:26:28
830ce744-3af3-4d4f-809b-4aced6b7a35c,Guhogsiivdm,2024-10-10 19:04:20
cfa13cd3-7b86-4900-9edb-35c67db84080,Nlfwujoej,2024-10-08 10:37:32
89a74466-677d-486e-9733-41c980b1453a,Deyzznlcnxeb,2024-10-21 09:07:54
a1400116-d3e1-4601-a2eb-20b799af1e44,Qadnigpfkby,2024-10-19 19:51:09
bc30f8ba-744d-4c20-8b50-36c068a13295,Poosfpc,2024-10-21 02:10:33
e3b179da-15fe-4dc9-820e-747e37b1048c,Edscgrdojw,2024-10-18 11:08:06
a273f412-879b-431d-a882-983fac969b2d,Wwmsrpk,2024-10-26 12:00:54
c0edf84a-e5ad-46b5-a045-98ffcad9df4b,Zziokv,2024-10-29 14:15:22
00c0ca8a-36fd-45f5-a4f2-df60d31f3637,Rigfjhfi,2024-10-15 06:52:20
d617a450-0d8d-4c59-b0e2-750410cd897b,Thpfwzq,2024-10-18 11:27:53
c178f311-cbc6-4b00-98fd-6775ca770531,Xopkvb,2024-10-06 19:46:57
f588d2b0-a0b0-4dc7-aa69-9facefc4d4ae,Nlrwl,2024-10-05 04:01:24
1ed08d09-5eee-4230-a7dd-4473a4f71173,Buntbkjgb,2024-10-23 15:56:28
a9f85180-458b-4cf0-b3fb-3a2569583695,Dfaahluydchva,2024-10-11 08:25:22
d747c5ce-5017-4133-bfee-d4f510afc974,Gkdufkzatrqgpvc,2024-10-01 08:50:27
3258b016-07fc-44a5-83d7-e6a458458032,Bvvbyu,2024-10-16 23:59:03
091d897e-0806-4c21-a0b1-410a740789d5,Lzueakx,2024-10-30 01:33:45
f1be7f9a-3c11-450f-991e-e3486443c03d,Xjutpmwyh,2024-10-10 08:40:21
eb185146-c805-444f-a728-85b038895077,Zvixp,2024-10-19 10:17:55
b70f5c94-0a40-472b-a693-8600d0fb27b6,Ngrvbni,2024-10-10 19:15:19
1dd30af3-00f2-4279-a93e-1ea79699aaee,Rgnuypmvejuvu,2024-10-23 22:53:17
10dbe9f7-bfe3-4db4-b031-e8593f5c43a0,Ighta,2024-10-25 07:03:28
e2b99ebd-080a-4b2f-97b3-e80711bebd91,Xhabbbkzw,2024-10-07 20:24:23
ddc21e2e-d9f7-4ea1-8d67-8dcac7d6991e,Dvxaoskkm,2024-10-31 19:10:46
6753c2f8-0fff-4db8-b5e1-a8fde61f5bdd,Bxurkr,2024-10-06 04:05:01
97435347-daab-46f0-aba0-f74ecec60212,Huzsom,2024-10-28 23:18:50
38833dcb-8cc6-4d72-83dd-0575a878f0ac,Ypkmkpjt,2024-10-12 22:05:43
67072a69-7dae-4014-9186-7d6b25f0109c,Khhghapxi,2024-10-25 18:10:18
e8504f0a-6fd2-43d5-a233-f2a598a9ec9e,Lffmksta,2024-10-01 08:10:46
0b65b185-eb36-4ea0-b08c-459121d9732a,Rgwbftjflzf,2024-10-02 04:54:33
04f1aa33-7ba9-4c64-94c6-4d8e5876fd61,Mxqdizsn,2024-10-23 15:20:18
388bf312-d3cb-48a5-89dd-333f457a3b79,Pvvovydpkjrkf,2024-10-09 21:54:13
43260df6-9106-4a95-82a0-f15dfbe9bada,Stlmo,2024-10-28 17:45:08
2ec52562-415a-42f6-9070-b8c82d1b8371,Iducfpdpphqsz,2024-10-12 08:19:30
b0d79db8-bdd1-4113-8f57-f004b4bbac64,Rbjfirbdzg,2024-10-17 02:05:55
89e3610b-97c1-44c3-9e30-344487889591,Hqpognkyc,2024-10-06 11:44:01
cee65f64-9bed-4cc8-85fd-0780b12adfc1,Abacqfxmnwebnq,2024-10-01 19:46:51
23c940a5-c3f0-4bdc-99c8-1e867527291f,Noghwt,2024-10-25 12:50:35
e6d1f0a2-3f64-438e-bc08-af2776f262a7,Dnqemltbgi,2024-10-30 20:31:50
e18d5c4b-2b9c-4dc7-83d8-d4ad85a0b68b,Pklpwxo,2024-10-30 02:35:58
22df257b-7407-4a3e-93ca-e0f6c58ce285,Uikassfghyazoxf,2024-10-18 22:54:08
ec8bbc04-2bdc-4e51-9df5-c09387006fdd,Zfhdvu,2024-10-20 17:35:13
9a809437-c223-40ba-bc14-40757add6025,Xcsovddhewt,2024-10-15 16:28:05
8dd7cad6-a756-4d6a-b4df-7cea6bced115,Gpxhogniv,2024-10-16 16:08:24
60b301da-1c42-4ea7-a3e6-152d0919b823,Wmurrxspfzho,2024-10-22 05:46:49
c126c2b7-0f8b-4d2c-969a-b71793dffc4f,Mnceyhbunm,2024-10-05 19:41:53
678fd06f-c92b-4b55-9fa7-4715475b8d45,Eenuyhr,2024-10-01 02:45:40
c12e08c9-b219-47fb-9e81-438613ee62e4,Orhdwog,2024-10-29 20:51:24
22210acb-3e6c-4891-93ba-45a20c607a18,Hwqlme,2024-10-17 02:42:34
d2c45e8a-c818-4b9e-a5df-1b23d63316da,Saxexineseokqo,2024-10-04 00:10:11
455f4c6f-4029-4ffe-99fe-56872bd3a4ba,Xkgykctew,2024-10-15 15:58:33
83a47130-f2e2-4557-b5b2-8092bb8bfe48,Yfajdigk,2024-10-08 14:06:21
313bfd77-fbbe-43fb-b616-27cda4e812d8,Ypbdzycd,2024-10-30 09:30:01
9e4307c9-232a-49ac-9bea-8a58b668cc93,Feejp,2024-10-02 10:58:14
186761d3-903b-4490-938a-5bb99c67f4af,Pdlqh,2024-10-12 18:21:57
48df4254-1bc2-49f5-9119-1c23635b6d3b,Phforpfdbfkilcf,2024-10-07 19:59:01
232afc4a-3fde-4202-b6ea-e18bf98508ca,Grarwjzjsxkrdu,2024-10-21 10:13:44
ca225244-a8c9-4812-b4cc-1fc5ac4da59f,Kbhumafmkykmq,2024-10-29 21:20:45
a4ba21f5-027c-4022-add5-e2960b3dbc14,Tdybnxyztrlmnu,2024-10-12 23:42:09
4f76a291-161d-4eb5-bcd5-b7dd05e44383,Winagtqxrjlp,2024-10-09 16:35:22
386446bc-1ffd-4ccc-b167-984474db2e33,Mymghfhwb,2024-10-20 18:05:49
e6f452f1-db13-4ac0-bda2-28efc5947e9b,Jabyubjaujar,2024-10-07 14:02:58
e3ae2dd0-681d-4424-a012-123075f3ba7b,Dcsbvtcibcb,2024-10-15 20:48:17
dd11fce5-35ab-4df6-9b7f-aeb5c34d2879,Xnqjdyhm,2024-10-17 01:49:12
8ba941a5-08c5-46ad-8eb2-d7d1a1a4bc14,Apnfxdrpmkk,2024-10-27 10:55:30
00c601b9-cdee-4193-8741-bb2ee7f7bd78,Xbxljph,2024-10-13 16:57:21
80690de6-2718-4a0a-87ce-f5bd4536d954,Itmjaumowpumqwt,2024-10-11 05:47:00
802bf005-e6bb-4652-be16-b48bfc95cc7c,Drmardrwumj,2024-10-27 14:46:50
02b2815c-d681-487e-8356-8fb35a8ea61c,Owtatlr,2024-10-22 13:47:37
940fbd19-8add-437e-9ee1-d7f59fdf2ecf,Vahxnrgzlv,2024-10-13 22:17:07
d78d746c-5be8-4ca9-86f9-04ebd6dcfda4,Lknbv,2024-10-27 02:09:30
6cad30a0-6b73-4050-b256-deba0ded7896,Durfdzqskvs,2024-10-16 06:33:11
1d85f753-baaa-4146-964d-a0235da67669,Pkymok,2024-10-17 02:14:10
f06bb217-5a2f-4a6d-9c7a-40088d063069,Kdpkubs,2024-10-01 15:32:43
8e9adc2e-1f00-448b-b9c7-2599b65d8401,Pmgyzzaxnce,2024-10-13 06:20:26
b5f0f8a8-cfce-4bfc-873b-b80ee40397f0,Upoahxkkzkpxf,2024-10-25 14:56:40
f8038d3c-9ffd-43e4-8a31-838f25e57c8f,Omkxu,2024-10-23 11:06:42
c5279af5-f435-485f-be88-06d959ea1fb7,Uwyhsimzqlvvspl,2024-10-29 20:37:40
d669156e-81b5-462c-8a01-2d34b995fcb3,Zkuowaecvuedeci,2024-10-06 06:28:58
8e94a0b1-cebf-42ff-b18d-4e783330a665,Lhdpif,2024-10-05 14:59:27
8ba9a3f2-dec6-40a7-af73-32050728d89b,Igfdoouqj,2024-10-14 15:33:50
165f9ac8-c076-4f5d-bf6e-ae06a8617236,Lwbyaujtuna,2024-10-06 16:26:58
e08d723f-6821-4e09-8873-0f828f71e65e,Igttbhllwmtytjd,2024-10-20 13:21:35
b5978578-f81f-45e5-93c1-2dd58ef7581c,Fveavarysphispc,2024-10-31 05:33:48
46620249-f16e-4780-9d2f-870cfee6f10e,Zdtyfuwefq,2024-10-23 00:28:26
bb80d78a-59a3-4ff2-a162-4b170f8e7181,Gqyckmmufmaazy,2024-10-16 19:32:13
e2a9ed3d-bcbf-457a-8079-4c614245004f,Lgxaniqvcwqtflq,2024-10-16 16:54:07
56ab1c23-47ae-4b6a-9bb9-bdf87f3ae06e,Fpahh,2024-10-17 07:41:10
9db92ba1-c017-44d7-8f1d-b67fdb069764,Ylclrvabf,2024-10-19 06:53:56
b17fbd65-9c55-4409-8eeb-957374a95292,Wzvynp,2024-10-02 05:13:11
063c83ef-980e-45c2-b4fd-79df765ff3a1,Xvaidnbvborwb,2024-10-31 10:32:58
f47f5404-f5da-49f0-93d4-29b0ee6bdeb0,Iyydwscaa,2024-10-31 04:01:16
e0f59ae8-3d03-44c0-9042-9e66a61bce2d,Mgqfod,2024-10-28 04:39:34
04ff9829-6b63-41c0-a1cb-98205143020f,Qdbwxb,2024-10-02 14:19:51
e2dc058f-448a-4208-8e56-6206ee3897bf,Vunxviahfkzag,2024-10-21 16:49:53
cc51fafe-4f0e-4d4d-80e1-601e7159ce39,Derokc,2024-10-14 05:23:00
6c5df463-ac88-4e74-8b67-a25b6d9779e3,Hkhegmkxb,2024-10-27 05:59:56
88005b59-a25f-40e8-a0cc-b5b873ce9415,Glkwlqdhf,2024-10-13 17:08:37
7c201630-e4be-4be7-a552-7f6064164dab,Otchcdruapysyl,2024-10-26 13:13:57
a29da206-4980-4064-9180-55c7715d9ecb,Ihpbtmfdxrkumro,2024-10-30 02:17:36
aa4cff6b-a3a3-4b6d-9b9f-af6f3fe27d48,Uanytjtykwyg,2024-10-03 22:04:38
f03e8269-dba6-4396-abf9-821534e3ebf6,Knekgjat,2024-10-12 22:57:51
4df3bb6b-be63-4951-a726-54682a9d7bb3,Ieizlkpf,2024-10-14 21:15:48
ed8f8138-0c1b-465a-a7e7-d095ab934969,Lbspdjgwzf,2024-10-29 13:01:40
b50147b6-6d7e-4508-ada1-9c037f3ba471,Ysaqrmrm,2024-10-16 21:04:22
54276dc6-8c24-4e86-a104-e0f8797e16cf,Iciiz,2024-10-25 11:58:33
ab324422-c749-4b4f-be4c-88ef49f30843,Sumagqqhk,2024-10-10 05:45:39
ff12d0ed-6c1a-49c9-9d6b-b02595422e19,Wlvnrxlct,2024-10-12 22:05:39
2dd561f3-b1d4-49e6-a0ff-7ac5df941f56,Dromvojtsym,2024-10-16 22:43:46
4d8410ac-a885-4765-ad61-eb0f3ddfc561,Okzojjkqi,2024-10-15 06:21:54
a1934f12-4d8c-4af5-8fbe-7fdf756a29e4,Jvtlfpbjnztd,2024-10-26 03:30:14
a57ac5d9-a787-47f2-aa74-8767aef8acb0,Fcshsaoscllsf,2024-10-16 05:29:02
40d49242-c1a1-48a3-85f6-78b80e7c84ec,Fyeof,2024-10-28 07:17:31
a4f59b23-e11b-46a9-9e36-a67c7f4737d1,Uemmyjpmjpfvze,2024-10-24 10:21:10
23a3bb62-f38c-4181-8213-f98fa3dcc983,Nhfaxz,2024-10-16 14:43:45
6a2a0453-c9f4-4a43-956f-29c4b2f493e6,Urahiw,2024-10-20 18:54:01
dece8659-8823-481e-a7d8-79fb0aff7a8d,Qtikm,2024-10-26 01:14:44
1bfdbc5b-fcbe-4f40-9edf-936f190db758,Tfiglgocufntpa,2024-10-05 20:01:11
b31849ac-f8eb-4bf6-974b-dee1e373456a,Plqcqigjz,2024-10-07 05:04:20
cc78f429-95fa-4524-b98d-472b384ef671,Imasgltxf,2024-10-12 01:24:26
3ad6a4b6-4d9b-4b20-b97c-579d020d509c,Dgtogznefiqi,2024-10-06 06:26:15
47f186f6-e284-474d-a5d7-600db3c4a6e6,Ccltdzaofmnpm,2024-10-03 05:41:38
c6019327-f5cc-4950-a565-b4f28f3af69a,Nxfky,2024-10-06 11:45:04
ef40ac32-a365-46e3-b9bf-92a0e1409887,Ngsztyxrcgpylr,2024-10-12 12:08:52
df245e89-ef63-4e03-92e0-ea9a99fc020f,Hmxcq,2024-10-13 10:52:27
1bbadced-25fd-4a74-b7d1-b257b33f59de,Tgqnggig,2024-10-12 03:28:20
f0e000f9-7478-4053-8b0f-5fffe1b09eb7,Ymqagopszhj,2024-10-14 02:26:47
0645b42c-5d30-412b-8b26-9fd3f0cb685f,Wiidkl,2024-10-20 08:32:39
f45e0629-4cea-4fbe-8c21-ab614eaae0a2,Gbhtnfyqhqk,2024-10-06 11:38:27
f6e46898-a203-4eee-bdcc-b3e4232fd740,Xxgme,2024-10-07 01:59:51
19ce92e0-54ec-4759-836d-6bc7f4445c80,Yiiwu,2024-10-07 19:37:20
1286fae0-23e8-4e04-919a-6bfe6802a4e4,Qiitbfm,2024-10-10 13:28:21
5cc8288e-ffed-4864-b485-35f6357cf815,Cfzarhq,2024-10-12 08:41:54
ae7bd6e4-ad93-4ec5-88f5-0718ed5a0545,Glivljm,2024-10-29 20:06:57
8f6ae9f8-7d85-48f6-963f-2bdbba4593fa,Hxczn,2024-10-03 17:52:17
7e7e2efb-44de-4c45-a878-354d39b5115b,Gdnerpreoic,2024-10-04 05:32:53
9432fda6-b5b5-4fa2-b3cd-911c234d6fb5,Tgepdikdbkwxgq,2024-10-11 10:47:33
12aa927a-0d84-4448-bde3-6e6b9dee87c0,Vwdhf,2024-10-08 07:06:12
c9e61128-2b34-4ca0-91e8-bffcc98de5bf,Kseawtmf,2024-10-25 16:48:44
1fd496b6-282f-4ec6-b640-88ecf91d2214,Xipnngufiks,2024-10-14 00:29:21
b8719890-7e4c-4de3-aadc-eed91e6a2a98,Kmsphxuwmkq,2024-10-06 04:52:59
84ba4880-8980-428c-a831-90eb44dad256,Shajnhaejvu,2024-10-12 09:53:29
00d937d0-6aa0-476b-8949-dc379c5c0cb5,Olbybkng,2024-10-23 04:01:54
a1f97571-8063-42aa-8eb9-bca86301e93e,Jpkoajzy,2024-10-29 20:42:58
a3d2def1-1612-4a3d-83dc-83085c9430cd,Tjskgumrvqjiw,2024-10-27 19:13:42
422f6aae-e8de-42fa-a265-431648743cc3,Ccmgryeuwwj,2024-10-31 09:52:57
1d9036d9-e146-4f56-99a4-3b91c3266e48,Xllchdb,2024-10-27 09:50:45
e646e9f1-2408-4129-8fa9-afb015096327,Fdparxqxevcrmih,2024-10-14 15:50:25
7ae235e7-92a9-4b7c-948e-cb95fc26ee56,Lkbaqptozzvcd,2024-10-15 02:25:18
1906d4af-d3be-4992-a725-64106402b848,Gfhqewks,2024-10-06 18:15:52
1bcca64b-f97c-4751-ae02-bbbcd1139f21,Pecsddefjlz,2024-10-04 00:33:27
3593e59f-137c-4de4-8aa1-21388ea414cc,Irvoqeiiyfz,2024-10-25 22:54:21
0278c254-06f2-41ef-9d17-628b868b7cb3,Nbqehwboir,2024-10-15 22:57:29
e8d9ce35-e095-4915-9e1d-052ad254e30a,Kevhd,2024-10-12 20:35:53
185fd4c6-1b02-44c4-978b-442ed5ea7e0e,Vohagibpzxuj,2024-10-25 21:41:51
bcddac1d-c003-4f31-bb84-54bbbb76942a,Ncufjlicyxkwp,2024-10-24 12:55:57
75ae29cf-3a1f-44a2-9630-3b0da56bc885,Vflmqmfm,2024-10-16 01:03:47
472a5e24-b659-493b-9f7b-816cb56e4168,Mefvorz,2024-10-31 19:51:00
23f8ecbe-9bb1-47ad-b49b-f2591d4b2514,Hhsbka,2024-10-26 01:17:34
97b0d736-5a28-47dd-89f1-55628a6118ed,Dusexcq,2024-10-28 22:52:23
9ed60665-a307-4681-8430-ddbbe1af2b5d,Orgrv,2024-10-18 18:58:56
2df9af2b-b0f3-40b3-86de-338521aad5ec,Oprktqrvjrpmgp,2024-10-20 06:05:57
d4ffeb07-4aac-455a-80c8-9295850f89fd,Ojacff,2024-10-23 11:57:05
7bf8a219-edf2-488e-9b86-2cdae306bb06,Mnrgnmq,2024-10-12 10:02:46
ae300b76-d679-44f1-bb69-291e9c0f0809,Dcnwbmotfg,2024-10-31 09:31:02
a573df7e-966e-4380-bb04-7f4e0982afa8,Gvnevtxxezm,2024-10-09 18:24:19
142757e0-3a42-4048-a138-368e0ee5a2a3,Hlmoelljju,2024-10-14 15:42:49
41a806cf-cd18-41c7-a0f3-151532506522,Oqfdnjzhnxy,2024-10-17 20:10:58
bb27d7c2-55ce-4a13-862e-72268812e0ad,Ozzzjdm,2024-10-31 05:23:14
ca81b47d-b245-4d47-b2af-1917807d7641,Rgmaemuibazns,2024-10-31 20:09:10
ef6acdad-c4e0-41c4-886a-c2ff8e363921,Vukxk,2024-10-29 07:22:34
79b5b65a-a01e-4edf-8e2b-aa7060f883cc,Oepvmlepguow,2024-10-30 07:51:56
31b0dd9c-8c57-4a79-bb87-7a63e16b5ef0,Jnhfyq,2024-10-08 21:09:38
da9673b9-f6f6-4703-b0a2-4feec8039959,Wcqnuydyyqgmtyr,2024-10-13 20:35:11
927b6506-b405-4141-8266-c46500309d0c,Bbmvuwvfaiqd,2024-10-11 00:56:23
1959820e-2ece-431a-ac0e-7a728505532c,Yughqzbzth,2024-10-16 14:55:48
274059db-6c52-4437-ad03-e0fa9f26fbc0,Uaedkjtrfu,2024-10-03 05:38:12
84ab5ba6-5138-422d-99f5-b77618770fcb,Ofixwzurqbugx,2024-10-24 07:33:38
14dec0aa-f90a-45f4-829b-58ec5edc4844,Vgmejzibokfc,2024-10-11 04:00:54
dcd7fb75-e0aa-4ff1-975a-f16df2a44e44,Pwpshdkmuwbpl,2024-10-16 22:33:07
f58d93e4-172e-4d1f-982f-7e32f0e9caea,Zjneabcurjekr,2024-10-19 18:38:32
bcc46c11-2ff5-4299-b232-8ac44a18f81a,Xonweytgrascif,2024-10-02 05:21:57
c730c7ec-4c69-47b9-861d-ec40aafb7ecf,Znvpw,2024-10-25 13:18:55
b7d0f38d-f3d9-43e7-ac72-b8bf98ada7d9,Gtpkwgugciz,2024-10-12 15:48:25
97172d76-7727-48a8-becf-0584d27492ab,Vqlkzjigkqoq,2024-10-03 18:47:33
698a8201-6257-46bc-bccc-e1c54897c3a8,Vwwosyaobdf,2024-10-20 17:44:06
dc352570-2bd0-411e-b7f8-c41a9058847f,Bjhfsmmbryjinlo,2024-10-14 17:52:30
f4a88513-9e12-4214-b000-4876ba2de0c8,Evwaeaalg,2024-10-16 17:15:00
03956be2-4453-423b-846d-4bd3d8a9eb38,Rjlpfzhyzl,2024-10-28 16:05:09
f4aaf560-4d48-4432-a05b-3e8a0e90feb7,Iuhqzpiapshvys,2024-10-03 19:56:00
4fbcae06-dcea-4ee2-be83-5f971a961348,Gwwsynbtcrsg,2024-10-22 14:46:55
0ede2d46-ae35-435a-b2b2-09e30c37c810,Jptzqsbfw,2024-10-21 10:18:34
6e1a048e-8756-4201-b6bc-482244f44d8d,Qjrwa,2024-10-31 22:43:58
baa0fdfc-1fa6-480d-ac07-5abb96a30cb4,Dklcwnwjo,2024-10-14 12:16:12
14c351ed-53b1-4a26-9c54-8d54c075d177,Bqfhouvhjx,2024-10-21 21:13:37
caede77d-5506-4b9a-8ae9-b864af81d2e6,Gmooywo,2024-10-26 04:31:02
0ddb13e8-e049-4aec-93ed-79eb7ce1fd80,Relbkpcdlevx,2024-10-05 21:23:36
2fd61e0c-d574-4775-8ece-d8f5d80e63f2,Wbyaraxmdyxj,2024-10-17 21:02:25
b6108308-c47f-4382-88d1-f31ecb5359f8,Gzgtllxsydr,2024-10-27 16:35:41
04c75eb8-f8a0-4369-9123-6b3c737cce16,Ecvkz,2024-10-09 09:35:38
f5f3d544-1d7e-4665-850a-1ae83656af9d,Vccgxug,2024-10-02 23:50:51
f2e19c04-f134-4f08-b374-15b02a16a8fc,Hstmlyotmrb,2024-10-31 13:46:34
21621653-eaf3-4674-a3c7-9f8afe2fc745,Hbjlgxadoe,2024-10-23 05:06:02
851f3f67-40cd-4a84-ad81-75aee07c7791,Fvdxiila,2024-10-31 01:08:47
91bf3135-4ab7-4b5e-923b-8890e5005f93,Zzmmptu,2024-10-25 03:33:40
c67b38a8-e037-4a8e-838b-f7a894289719,Pdpejbauyp,2024-10-07 10:45:45
c8a381d8-8310-4d23-b462-e2b54c3106b9,Mtxjoeqxaozl,2024-10-25 03:30:12
c8e1002f-f3d1-4ec2-aa2f-77699ec0abbf,Ezcfwncvzgfx,2024-10-10 16:33:01
d636f02a-c308-4977-ae52-f8db6303fc27,Xrubbgairboyyno,2024-10-25 02:02:17
99af5441-b555-4b5d-bb61-41bab1b21943,Yozefcrmruel,2024-10-28 02:36:06
9838be08-fa10-4cc7-af71-42b2b7b0d9f0,Voxnflieulv,2024-10-02 02:32:14
aa8fbc2d-c3fe-4d7c-b89a-37dc1596d73a,Ritqvx,2024-10-15 12:13:58
99b49e4b-bf02-495b-bdb0-e790a7b32853,Iijrhpwtnhbjsmd,2024-10-10 16:41:11
72e05415-237e-4a99-a640-67b8fd73d1a4,Wpfpeqldhsiwy,2024-10-17 04:01:52
31a7eac0-db09-484c-b67d-301654f133f7,Rnxoyvgf,2024-10-05 13:47:01
00311d9b-52ba-49f9-aac6-62f574b35162,Sfifhprgzclxc,2024-10-24 13:21:44
110f7283-c19a-4e56-b46b-5c86a763d03b,Ypxklenidqdhr,2024-10-01 05:49:23
25ff3f66-c018-4199-b6ca-253aa7c81fd2,Eglerncifhhb,2024-10-01 08:19:47
6982e2a4-1ab4-44b5-ad6e-ca8d43664cb0,Dhglcyxhuxwvxo,2024-10-10 04:03:05
1fee17a8-033d-4778-b081-501effcafb02,Ydviw,2024-10-04 12:09:45
d2b3f5cf-33f0-476e-8841-d37d407a8144,Jnokymqxsf,2024-10-16 17:26:33
a12880bf-8d75-44f0-9b2e-198480001f67,Jjzhdeh,2024-10-24 04:33:03
71331fe1-0b05-4301-a617-1d10f77fa12b,Qskbqyas,2024-10-05 08:16:39
ab25815b-7bff-4c2f-9a75-a28d0fdf6a02,Syqxezwyxmf,2024-10-11 19:32:47
8d724625-013f-4af3-b2e5-94b29a20e657,Terdkoc,2024-10-07 10:42:08
8ffea544-0261-4ab3-95db-22bcdc24bdec,Rzocundqnxrl,2024-10-31 11:07:50
61a42218-6752-4bff-8533-c7d0bc198b3d,Luuoqglhqaglqum,2024-10-07 20:40:59
bbe87393-6fc4-4ca9-866b-e80b1700bb09,Ervoaucrq,2024-10-01 12:24:05
213ebffa-9e0c-434e-9d37-b9b390d4a303,Cylyuykebptsti,2024-10-18 07:29:46
ad8a55ee-d4f2-4df2-83cf-ea0909b3b151,Oyvbkq,2024-10-25 18:59:19
62b3e73a-1348-4e9c-916a-bdca04f2339c,Tgnqwhir,2024-10-12 17:25:12
a4119301-e243-45af-a027-49470d8f48d3,Fiftgqohvbfaktq,2024-10-14 09:14:00
e55e8ca9-d79f-4dd8-9d91-144913f9acb6,Giethwjksrxjz,2024-10-18 15:32:04
2e7818d6-c746-4b1e-b250-a5da11dec5f9,Akixvsddbgrd,2024-10-22 21:08:01
b169026f-95be-49a8-835d-1a84f3cce72d,Aixrkdfohae,2024-10-28 10:12:37
69275116-c332-4884-95ed-f36702b4c384,Mkochaqdctf,2024-10-11 19:38:32
4992003e-7e79-4239-a5d5-89fc1200c701,Xbrwsjrffn,2024-10-31 23:17:40
e799ac25-f1f3-4e3a-a391-132393e9845e,Cgttwhqskdg,2024-10-24 09:02:56
08ac695e-a463-4487-8357-c472b95e411f,Oprkmrmendy,2024-10-02 12:26:10
a0bc31fc-e653-4214-bead-bc7cd544676c,Fwgmhjikm,2024-10-28 12:01:24
2bf4dc6d-cf43-4087-8352-b7b933d4d503,Ysjhrcc,2024-10-05 19:42:35
0f4e0033-57b9-4ebc-b967-bb009441bb33,Nrooiu,2024-10-29 05:14:21
37f570fb-da83-41d1-be67-d0a303817074,Jatwbikqm,2024-10-16 21:48:31
226f8a94-d4ca-48bb-9cc8-d456c1ca5ecf,Nduvwhttgtyecfz,2024-10-16 23:35:21
a39813b5-0282-43d8-bbd6-e890d5fbe85c,Rcbvknncghbhpc,2024-10-15 14:45:59
55fa38c7-796d-4028-9703-b97bf38556aa,Bsldbpmzprpltus,2024-10-10 13:53:38
573d8301-450a-4f06-a01a-39169a1bf9bc,Ahnxbyfptiipk,2024-10-10 16:47:06
69a000f8-3caf-4820-9570-b26d2b73ceac,Usntjnidns,2024-10-27 17:15:00
df3f1743-5009-47ad-9524-d29ed3c6075c,Ihhox,2024-10-09 07:05:31
d6a93e73-bddb-43d6-852b-d2737b610939,Bovwhi,2024-10-03 06:46:24
8e43ddb8-8043-4fd8-b6c3-ee8c24f3b412,Cyrxnnf,2024-10-15 12:16:43
5619094d-5b8d-4829-89ca-1d2b83f9da01,Rjwwpvdey,2024-10-13 12:14:52
ad061d0f-5295-4849-b1c3-4c150b146cbc,Jqagbuexrw,2024-10-10 04:15:48
ff278904-4408-428a-9ffd-47fde74dad96,Togarkdsd,2024-10-04 21:04:47
229d3e87-2009-4883-881b-68ed7ed23f2a,Cuusfrhlxd,2024-10-01 13:45:00
a84b86f9-7f43-4402-aaff-e0b000c9dcda,Sucyhsdgaaoanka,2024-10-31 16:23:03
c94ae35d-a904-4dd0-91ea-c33272441bf0,Vdcvphtwawigagx,2024-10-18 22:40:43
4f7668a5-c406-4083-be46-a1ae58a68ebc,Nrntepby,2024-10-13 19:30:43
040916dc-4291-4655-b779-fdbc9acbd7ed,Rabvfghnnmo,2024-10-22 00:21:45
3c0f7e8d-6e4f-48a8-a944-7254dbb287e0,Hkqjdvmjbfoqbd,2024-10-19 17:52:19
5422a1ed-761f-44b1-9e98-8a69eb427294,Gvbeqfwoum,2024-10-18 18:37:29
a9ad58e0-de78-4710-b68d-ba2e8c264a2d,Vmfxbwpq,2024-10-27 07:41:34
52b88a53-485a-420a-93ed-8cee17461914,Pmpiivrdezfoq,2024-10-23 17:27:33
1a209644-bf0c-4648-9056-9e720bc90e21,Gmcejjga,2024-10-19 20:22:04
3be72715-1c35-44db-b7b1-361e202787ec,Qlqcbypfypi,2024-10-05 16:24:24
11d14c90-14e6-4457-8de8-b120111cd533,Jdtbnala,2024-10-29 08:29:15
1a1e7bda-49f6-483c-849f-70409f4aa678,Jmpreowedp,2024-10-07 06:54:15
5fc0688c-4620-4f43-8af3-ce125de1fd87,Dckwsccvg,2024-10-27 02:33:14
23ce19e1-fee2-45bb-8fd7-eff16b388910,Xxkhykezuhgyqf,2024-10-16 17:28:49
af05e4fb-dbcf-497c-94a5-e42c71516002,Sejsbav,2024-10-16 08:01:26
2535aacd-9797-4e3f-aa70-2b6fc373bca8,Jfnpvvbttzresh,2024-10-15 00:05:29
3e279be7-daa1-4ffb-914c-960f71d8f8ec,Tihiegswuwaondj,2024-10-27 01:35:17
52187d19-a30e-4f67-ab12-59b1b1da0195,Sormeezfruqbtf,2024-10-30 19:20:20
61d996e4-fe0d-4b9c-8467-e6440371e5cc,Wagqgwvxpkvkzqx,2024-10-20 22:46:06
01c397d5-4e89-46e6-b4ae-339e03138ee1,Gdgnuanho,2024-10-18 16:13:48
33677da8-1d46-46c9-b981-abe106357a4b,Ftxpgepxogfbgje,2024-10-06 14:06:59
0c265463-0946-4022-8d2a-1f8055ea5f5e,Ujwjtocaexj,2024-10-20 15:31:20
76eb6b33-13bf-4f70-9827-2c0f864e6eec,Gfeqkvvtihvdibn,2024-10-31 11:50:19
c0b2ff61-76a6-4a39-b705-052b59522e33,Jetzluqqmicixv,2024-10-13 03:56:16
cb80950c-6070-4aa3-b318-1b1be651b203,Yynbg,2024-10-20 05:19:48
d0098254-33be-43d7-8af9-9e1509367b74,Oolyxtpkvq,2024-10-17 10:58:40
912042ed-27f4-4160-adb1-d0fff6c03a0b,Ddjxuxvitzux,2024-10-26 12:48:41
4bc023ed-9218-4b4f-8992-9fbc34d2a607,Qfjhiwhkjhicxt,2024-10-18 23:40:02
5038a5ec-9f90-4ce6-baed-114433d3ff9d,Cyjyyj,2024-10-18 19:24:43
0a1aeb8b-abe6-493b-be21-db45fea09172,Gjvwt,2024-10-15 23:37:48
1ba523aa-2d1c-48ff-8b82-a63b78abd2a6,Utyvwsutk,2024-10-19 05:37:07
d6ec12f3-d7a6-4592-84f7-c92a138e0125,Vxzddgbq,2024-10-03 06:08:49
d110ef31-c894-4fbc-a458-8f6793b59f36,Iuxys,2024-10-11 19:49:27
27cb32fa-a8ff-4374-925f-f6c765dd35f1,Hkcwkrizqkqs,2024-10-17 17:40:28
2a85aeb9-bac0-4e6c-84bc-dd2f7f036b87,Lysmzhhexn,2024-10-23 16:27:39
7dc717ff-db61-4121-9915-b67ecf169a4d,Oowsldsu,2024-10-03 04:23:52
eaa761ca-0af1-46e3-88f5-037b98cacf10,Qecou,2024-10-12 04:11:52
252e40ae-67dc-4a4e-92c0-e2e7dc002d17,Iedxpyldnydyrp,2024-10-11 19:57:09
4a617600-bc8b-4bc0-be81-cc40b51b6d93,Lgwfslzwcwfmig,2024-10-20 02:10:34
58b07857-199e-4fcd-a7b0-d7575b57cb75,Wwoqtn,2024-10-21 20:26:10
9cfdc093-5e47-4a4e-939e-f0044ccf4c4b,Zzgmz,2024-10-06 07:33:29
8d26001a-fe7a-4ee3-a853-6b96260a3613,Dsskfbmkykkr,2024-10-10 03:31:19
cdcff6d7-e338-44c7-b89c-b75512b742c4,Rotba,2024-10-20 01:00:01
695dfc73-cf5d-4005-ac2d-8ab4b2794229,Vgfphflfvoshfdt,2024-10-02 23:31:50
e50103d7-f342-49d6-9d4a-f0c5750724e3,Laenzuc,2024-10-10 08:39:10
945228bf-a893-446d-a64d-575549ef9b35,Xzwrpriceexs,2024-10-10 07:32:22
a1add47b-9528-43b2-8990-31c2c27c7b4a,Fmcvrgeyrz,2024-10-02 10:13:15
15194218-804e-4b0c-b53e-c5091010c9dd,Unjfihktluofcai,2024-10-16 20:23:45
79f8a5c9-3c83-415c-99c7-617891ad34bb,Shhfgzbnddixanx,2024-10-08 18:38:48
7db0042b-7dba-4918-90b3-14dcb7659129,Xeloujlmhk,2024-10-03 10:34:25
7fe1e43f-5158-4628-adfd-e48dcd62406e,Utocwoa,2024-10-01 00:30:42
54c2debd-0f46-4288-bc2d-b38f94db23ab,Lkglzutgji,2024-10-08 06:55:58
02c53f0f-cd9a-4e08-9fbd-612d194305c4,Udjjwdheffyb,2024-10-09 22:48:07
6f424a65-4f53-4a56-a00b-231bb76a9c98,Wufebntnqa,2024-10-15 23:42:43
c5e8eb0c-da2c-487d-995e-021604dd7bc9,Ifdsbac,2024-10-14 17:36:58
c8aac948-152c-496e-8e79-d785bde28524,Ikxepizkpb,2024-10-23 06:23:01
97338a57-2830-47c8-a012-69102447a425,Bivsjedxlyqfybx,2024-10-27 17:31:56
de133b32-aac6-4155-b404-20f2bd5c33a8,Unegkom,2024-10-20 09:28:05
f29b9997-6a42-4afe-9b23-712d38084c89,Dvmgcckrawlhd,2024-10-01 10:50:39
f82a4672-52e8-4265-8116-b5f6e05d87f7,Erjujqkizaqfr,2024-10-31 03:47:32
c80bb932-0b80-41ba-bca0-1ba5999f711e,Yohfqi,2024-10-01 00:53:53
a5770875-1624-49af-b2e1-ee7fec420e6f,Uvlfalavdio,2024-10-07 06:23:21
dfd8a21c-c771-4d0a-825d-d21af15ffe50,Sdkeugudjorrrkn,2024-10-21 08:02:30
e13307b9-3745-426e-9bbe-b0592281544a,Agwfmtjaqyt,2024-10-02 21:34:37
b29627b3-addd-4d7b-aef5-2c9bd17e6fb1,Iirol,2024-10-09 17:47:50
1f7e0bd6-3687-4816-be79-b233f05d84bd,Wgjvdagfhjimwz,2024-10-17 02:31:39
56b713bd-6d73-4607-a818-4123d4977025,Qgozl,2024-10-06 01:09:33
3ac66f89-669f-4afb-b242-b8fe738ea843,Rmdnlizcacste,2024-10-18 17:08:44
2f15466e-251b-457e-8e9a-eb5df0282436,Yqytl,2024-10-29 16:38:44
03122a6f-9bf4-43ac-9a9c-6d97411c2ce0,Aqoyrhxastjpcog,2024-10-28 01:08:50
c684c95f-c506-496e-bf92-5d273669dd4c,Eaurbcsrxwrt,2024-10-13 15:29:53
a81910c7-39f9-4751-af90-8e5e2cc4523b,Gtplsvsxsp,2024-10-14 23:45:43
d3fdef0a-007e-432c-907e-88b7febfa293,Kkrmqrj,2024-10-20 18:41:24
b53f1974-b5d0-4703-b27e-e94af5b20265,Osasd,2024-10-26 02:36:59
f55f8436-8fb6-441b-847d-b289379695dd,Dbcdsytw,2024-10-03 17:03:43
00421885-ecbb-40fa-aa10-7b4e2fc7e148,Bpzckodsubeb,2024-10-02 08:33:00
e9a8680b-a3d0-41d7-8d4e-d534354251b3,Wgoowmyakkcs,2024-10-30 07:38:51
61069cb7-7750-42d3-80cd-0fcf14488084,Tdcdim,2024-10-20 09:53:22
1add665d-c90f-4fc4-b4cb-f2235f41f3ff,Ywvmgll,2024-10-09 20:49:05
9ce3fb95-01e8-4427-8d72-91126f90b24e,Owyalwzbyc,2024-10-08 11:13:46
0997052a-de6e-4dfd-9451-27f92316f2e2,Gamsg,2024-10-10 07:16:08
51483b20-8cf2-401b-ac7d-4a2f4193564a,Hjnhv,2024-10-16 06:28:10
a6418000-811b-48c2-823a-c1c01c6a4275,Jrzkehqubfb,2024-10-03 01:56:04
e65d7e83-271b-4c10-ae1e-24e5d50d006e,Hjoqgfg,2024-10-28 02:40:14
48dd246c-07e1-4847-953d-0be3086df613,Zaweovfcfmact,2024-10-17 10:53:05
10688a7d-d92b-4239-a32f-6f535be1f068,Cfykhqhmo,2024-10-27 21:38:01
ef525e19-5269-4204-be6f-84bf5197c419,Vrpvi,2024-10-21 10:15:59
1ff94e7d-ce82-4ab0-9c48-ac2578291a49,Wjrnvoxowszcuqd,2024-10-26 11:30:47
a34ebf4f-daec-401e-8993-434c5f0a0e36,Drefwpmn,2024-10-09 02:45:45
593d9e63-6b5a-4f0e-8c09-fdeb8dbdfd50,Inycdmulyawyh,2024-10-11 22:17:24
ef0f5e1d-375a-4a92-bde1-b0fa703299f0,Qngjqdrdpbk,2024-10-25 03:18:11
35055054-5685-4460-8d77-cee212482fcd,Kagmh,2024-10-18 17:29:43
459ee82f-db5f-4706-bcce-8da467299b53,Gsnktzlupylu,2024-10-05 09:21:30
959f312d-f0b8-4cae-bba9-3b9533b4b3fd,Wjalkzabgribnr,2024-10-04 22:29:33
808b770c-1056-4dac-b56d-69602988f976,Tgpddnnnmuxojvt,2024-10-04 13:01:48
7aa3ae7d-030d-49fe-8f2a-9a4a75915521,Uwkbzbsksin,2024-10-28 20:48:46
09373305-24ae-461e-825f-dd3397ba4b1c,Lnbal,2024-10-07 10:26:04
3d23d0ae-f0f5-4c99-9930-f4a2476bc67f,Bevgvgiahyuuc,2024-10-17 17:06:28
a35e2b8a-3d31-469e-86b8-e2b21d211dac,Xzqqlajrurh,2024-10-28 14:28:41
4ecfd36e-d142-4d25-a5eb-5b6a56d4ef5e,Vgsfigjbqms,2024-10-18 10:11:08
beedb187-e5d8-497b-ac9d-73ba7ef84e84,Nybqap,2024-10-28 01:32:52
bc5b5696-d8f4-4dcb-828f-09cf89747ebe,Ivfhzzteupsep,2024-10-25 16:43:11
e95f708d-cbe8-4671-9115-3f155b441b64,Hxbnbau,2024-10-16 19:48:36
35593dc9-ed21-4521-ae6d-62a5eab89f1a,Mfabyjafeb,2024-10-02 11:28:12
039e74fb-1b6d-49a2-8ace-3f1e31940ba4,Wnpiaabttse,2024-10-14 07:59:08
4560b833-9135-4444-8f9c-c4c7a1e84725,Adnulpvrilfmk,2024-10-18 12:42:10
5ffb692d-fa55-41bf-a4d2-6b5786f75a67,Edopxpigri,2024-10-21 07:11:37
4dd21610-659f-469f-8aaa-1d0a1ce53f21,Vhppykkqf,2024-10-18 18:18:37
2dcf97f5-0d64-4440-a356-8c106be81b27,Anzhqeizzcw,2024-10-30 13:07:00
5c6dc220-b32b-4904-9932-8ba9f5ebb0a4,Olsqad,2024-10-04 09:40:42
6e39a856-dc58-4a07-a189-3e2176e8f37f,Gdwghwuvoz,2024-10-05 10:18:37
01e60942-5cbe-4c52-a0ae-0679e3015277,Rkmgixdqicfflfa,2024-10-29 22:36:34
946d5ca8-eece-46b0-9f5e-6f407ff15297,Hknbmnpkrh,2024-10-14 09:14:32
5603cd3a-114f-4e4a-83a6-c071cde5c1b8,Cbaqryp,2024-10-15 09:46:09
18466369-34a9-444f-83f6-54a4109163b5,Gahyuaxvrakmwdh,2024-10-30 17:00:43
91919212-a110-4ca3-a3ec-1604a9bea638,Nbbansynhbrvgc,2024-10-02 22:15:02
ddfaa115-ee9f-40bf-843d-3bd2f8890e88,Pgojonhiifav,2024-10-08 22:06:07
ec7f1f31-29f7-438c-9004-3265095fc445,Dtjvgocmrp,2024-10-30 09:54:49
fdf6e083-c6a8-4424-9480-054eeb90de2f,Daelpkf,2024-10-10 02:07:12
0c4ebc81-2368-4725-9d26-5b0c836bf8b2,Jbgcklwmtw,2024-10-12 14:48:47
826c55d5-f144-4205-aae5-48fdd95323ba,Zjwlbejxpizyg,2024-10-03 04:53:39
dd2761f1-a413-4e22-bbcb-97a7bb392f82,Cqkjhsxus,2024-10-18 05:58:32
f6edf97a-6529-406b-ae8d-63ceb6c1223a,Qodqhufy,2024-10-02 11:53:41
074129a3-a2f9-4843-baec-048ef8c106cb,Mwvprntf,2024-10-30 02:52:37
33cf95d7-c4b2-4dd7-8c9d-e1308ba38411,Vlclgcbc,2024-10-24 16:36:46
50d8fae6-e6ee-4a0e-b827-ae6491d94ea0,Yesnd,2024-10-19 15:30:23
7065d938-ae33-4cf4-98ba-bdfc833c1c8e,Qwxmiajxunr,2024-10-25 17:39:28
7a4dddb9-90d8-43d6-88b0-301be0c76bdc,Mlydvmtgumbp,2024-10-08 11:13:42
5aef0419-bc5d-4e16-ba45-2557bf9efb6b,Mllxbtjwgovskv,2024-10-29 04:16:09
6269ac21-0cc4-4e2a-878a-d8372ac9fcf9,Narbbniwzq,2024-10-09 18:31:43
ffb8ad15-4143-452e-a4c5-229b4ee0679d,Glpjirtwzmfsg,2024-10-03 20:54:06
deb01668-02af-41c7-ba07-d2d04d008fe9,Kttlv,2024-10-16 05:12:07
918f1033-87cb-4ddc-81d6-0e30576bb835,Wiprbettha,2024-10-01 11:07:45
8125705e-73eb-4cd9-91e3-4634347ce870,Ypfljrixbal,2024-10-31 11:30:44
f1698655-c990-468c-be35-c2cc27136c30,Zvwapanjmdcywd,2024-10-02 03:58:38
6881e797-cc21-4b67-8c50-2be45a15d078,Ontjxiaugcnrziv,2024-10-26 12:39:09
45414b6b-ac2d-4711-b4ed-c073a2e73d10,Jozwwrkngy,2024-10-27 07:03:00
6ed8c48a-d8d1-4afc-91dd-e75c1fb44f4f,Civfjljqxghkii,2024-10-27 04:47:43
bd35872a-95c0-46b0-9671-168e059affce,Gvvcuprf,2024-10-14 07:35:43
4f00c710-917a-489f-b818-6c3284605089,Frjksom,2024-10-25 22:09:25
6c5730fc-84d9-49d9-a6a9-dd4b3a597eb4,Dxhjfebejp,2024-10-03 22:38:40
aa07a833-48af-4755-8345-b19dd869aa56,Iklzao,2024-10-26 06:59:33
519e8889-dc8f-4b4c-b63c-20ede5086a58,Nqsbsznqjrqovv,2024-10-03 13:49:27
06013909-6ed3-4f71-98d8-0f532b7e85cd,Vhkjj,2024-10-15 00:55:46
b83dc12b-8035-4eca-8da0-cc053c5cadf1,Lmewcx,2024-10-06 05:56:49
02f659af-c1a0-4501-a800-9517c5d17db9,Aqodfvght,2024-10-29 01:38:32
382b91ba-3e72-4b69-9f3c-52893b905da6,Cpoys,2024-10-10 07:02:54
1b9eb208-386d-4c89-8f6d-6e95289ded95,Ihugjikqw,2024-10-16 18:15:51
2097049a-f195-45b4-9e7d-dcaf0bcc9d10,Viddpyzfmj,2024-10-23 04:14:39
c8f8f6e7-cfd3-4d99-8982-88caef814bf0,Hzpypoq,2024-10-20 13:41:26
96c094b8-b1a4-46b1-81e9-061c00a389c3,Xorsjkh,2024-10-07 15:02:33
8906d520-a8ea-42fd-a1d9-aee9640a6b3e,Clnzctggkbc,2024-10-11 11:13:21
400aa99f-d6ea-4cc1-b0bf-bc55ca056644,Hujsujffmc,2024-10-22 08:12:33
d1958fca-eb84-4994-aefa-efc4aff08e0b,Otvtjhhffptlz,2024-10-11 20:33:59
2b2d2e24-0228-428d-971b-0b02945e131f,Zpngujeqrmcqkf,2024-10-30 15:00:44
d412d73c-876c-42fd-a8e3-ceb4456f177f,Wpfrvvkkge,2024-10-10 22:44:38
d8fa3f3e-4f0e-4860-a14e-b633eb951e4c,Vltjswaek,2024-10-24 03:03:43
07ddeb76-e993-48e0-b259-b6fcc778a8ca,Tslvjmcy,2024-10-25 14:58:33
9608481b-8df7-4429-a485-0bf0e83b0586,Ljfllttdbkdfmk,2024-10-02 12:52:27
75c1cd85-ba98-41f9-9371-8bbf5a9a6505,Mhnrkupg,2024-10-25 07:36:22
6ca5ec48-023b-4f0b-bfcc-4aa519c8f4dc,Mjgndjk,2024-10-20 21:12:24
388378e2-b9fa-43c7-86aa-e97e31116dd8,Gkectzhst,2024-10-13 12:13:37
bdd84c70-5f10-42fa-81cf-b4df62628f05,Srgrrcs,2024-10-22 04:18:59
f4e31c7a-b633-45df-8102-fa6ae685ae44,Djdijigs,2024-10-31 05:28:39
74460376-4215-48c9-a3fd-93fcf78f11b9,Tghmgeiwhsmlipl,2024-10-22 14:57:21
97c9338b-125e-4fee-a7b2-ab215a499da5,Rgtrp,2024-10-28 09:49:29
5207104f-27bb-4b9a-992b-973a23516349,Mmfvqnzse,2024-10-07 01:07:28
cad56a1f-f947-4cc2-abfc-04917c84e582,Dbkvhckftstakfy,2024-10-05 10:46:56
4863dce7-4ce7-4daf-bd5d-b4d160b656d4,Mzoohk,2024-10-15 10:14:32
a40d86a8-9417-403b-a271-09264d8a1927,Phfmjbhqovtzrt,2024-10-15 12:51:06
5faeda8b-f2b7-4038-a72f-a03449b683dc,Yonhjjpp,2024-10-12 21:12:35
c67b0ff9-1d91-4a62-ba31-ba74dda27c09,Pzdptxgckfqqjar,2024-10-26 09:46:21
198abc1f-07ea-43c1-87ca-b396d00456ca,Tloxkfifoffu,2024-10-07 08:28:10
73677e9d-fef6-43e0-bf46-df4da2b3c23b,Xwfywevdlplaxv,2024-10-04 09:44:24
de2c7f2a-12ed-454a-9aff-ff4b3e092169,Uudyxvccfqmp,2024-10-02 16:37:19
2724890b-e8bd-4643-a36a-679f26066fc2,Glbmlg,2024-10-24 11:32:50
e4924e54-f5f3-40d7-a084-9e1999c2610f,Uggysnfwu,2024-10-10 05:56:41
4a72cae8-6d53-4cb9-8ad3-de775d0a650c,Ahuilhlhwrzrxyj,2024-10-13 05:57:39
ac282128-13a6-404e-a7c2-de70b38aa260,Cvtnmd,2024-10-01 09:55:35
01efdbe0-cffe-41ab-bcbe-356d3e2893e9,Andbzfcmwr,2024-10-22 23:10:28
9936565d-c1c1-4e00-ad8d-b71ba665097c,Jamgpcnrnpbzw,2024-10-28 17:55:40
cc3a3443-e870-4f6d-92e1-4fcd143bd992,Rvkvjllyn,2024-10-31 10:37:33
35ed6497-b76f-45e3-bbae-c005a6f617b8,Zzucsthqa,2024-10-28 12:44:09
98a1d16a-116a-46a2-8657-5173d4ab3b4a,Qdsxpaebqqurg,2024-10-29 05:45:37
10f642c2-c493-48e0-af80-dc9796078499,Godluuocdbtwkyy,2024-10-14 23:24:41
8ec8cd0e-49df-4528-86ae-bdadb2078b27,Fahxnwdxlzsuax,2024-10-11 10:33:01
b97a7e94-0704-4f69-a601-aa50626a8273,Zozdtn,2024-10-24 10:52:45
c27383ed-1b61-4e7a-b938-f3673e8fed77,Hrgjsooiiebjuvt,2024-10-24 18:46:46
9298291d-1b51-4aa4-ae0e-89f9ca9cf791,Lgmyu,2024-10-08 16:44:10
da80c0b4-6f81-476a-bf45-7bbb6b41fe47,Udobo,2024-10-17 14:56:16
33bd1332-6e0a-4df7-8e88-807e1a5a6270,Wxehugrqjradimi,2024-10-01 21:39:22
b845e6d3-0e8c-4e0c-9ecf-031e1ec8c490,Aieclyglt,2024-10-17 07:58:32
3abdb1e7-6925-49de-824e-d6bdc9befa93,Uvgnxuxnam,2024-10-14 23:05:26
3dd1a201-5836-4fb5-8a5f-8cedaf544411,Lajgsrdqidvzro,2024-10-29 01:00:13
0af00b2c-e018-475a-a263-85d290a64339,Pwfzcsnxbsrtz,2024-10-04 12:22:07
888d01e8-c937-4cce-962c-d28d0d95877d,Lqkxsirfil,2024-10-04 08:23:13
c56f571d-2655-474b-997c-5c0a1a264a34,Tvjwewutaqcnec,2024-10-01 01:50:21
459dea5f-db45-4cf7-ba8c-4d93d47b4475,Vfvghoodvgu,2024-10-05 00:18:13
5cd14a29-7092-4d1d-9cb7-dca68d3280d5,Xgzulmsby,2024-10-01 00:13:33
a9d3cda6-cf0e-49b9-996e-ba23b2ba9b6b,Dotbahaxshlj,2024-10-13 19:46:07
e14af7d8-70bc-4e95-bdf9-7fdb8c5d06f5,Ukkxgie,2024-10-29 19:04:02
bcd66c4b-cfea-4aa6-8cb2-369bfcdefaae,Wlfdncraativ,2024-10-10 05:57:14
f58975f5-5169-484b-9628-f9a706ca7761,Emely,2024-10-24 17:55:40
213a7b9b-6963-433a-84b2-9a7898148da8,Zldfsdjb,2024-10-07 03:07:18
94bb24cb-7fca-46df-bd20-ba58d82de771,Anxyubuh,2024-10-14 22:06:09
f3a6252d-02dc-46d1-9d4a-86fae01b6b9b,Ddjxu,2024-10-21 02:29:11
9d1d4865-4de9-4e6c-a8b5-750848ada764,Vblddotfxrpjj,2024-10-23 23:41:45
18c13e28-c5a7-4424-81bf-d2313a569275,Vgydkrcoaiuto,2024-10-21 10:26:30
b0bcd237-2015-470e-9ccd-469084d47ac5,Nybmcexssb,2024-10-18 17:39:56
55c3e6e4-a933-4b0a-af9c-16c68e5b3179,Umqxdkpjwk,2024-10-14 12:21:53
d4ab0aae-847a-442e-aa65-eb74b2884bca,Jiejxhcryjg,2024-10-11 00:00:57
b2755a31-0bae-4413-9976-e5e508693705,Dxzqtglqsahmfbi,2024-10-21 15:45:51
0870a4a4-fbb9-4dba-99f7-6dc6dce115de,Tkwxdjluc,2024-10-23 11:34:02
f8b4666f-656f-442b-ad59-7481ec2abf30,Zcxrbmde,2024-10-20 03:31:25
fcc79eb4-6eb9-4e9e-bb4d-5009e70179f1,Julbmyoxz,2024-10-27 19:27:09
bef3d88d-42ba-4f8d-b2b5-fa7b731e8429,Kwadsaynnxmtr,2024-10-30 22:56:07
60cf1192-f3e5-46c0-b4e7-3e36a52d703f,Mkklvkxzz,2024-10-27 03:11:08
dbec9bb7-230e-4dc1-a52b-9bfffb1d380a,Wyvdxqaxn,2024-10-19 17:00:34
8476e290-f33a-479a-8ef8-8ee0f93ee1dc,Fxkrygemcdf,2024-10-10 03:40:46
8f9b7412-1a63-471f-bb1b-564296170388,Qgrbu,2024-10-21 13:33:36
4f601a80-6194-4a51-bd0a-23352b97fa81,Kauyjxgsbd,2024-10-20 21:33:04
856dd1ea-6360-4186-acd5-75b90e4e424c,Cgwqsyxmnmkzcwg,2024-10-31 19:32:34
073f5008-e408-49f2-baa1-742907a6d4ef,Twbtjcj,2024-10-22 14:29:21
90504801-2a75-407d-bc3a-4a5fb4db5ed3,Bafplzgfcwjxa,2024-10-16 21:44:51
144f1d52-9687-4b97-bc57-3779cc08936b,Vdjtfappfnimm,2024-10-06 16:18:35
a1f2cf98-e902-4a3e-bad3-353749bd5221,Fxekozp,2024-10-31 13:30:58
ab8e28e1-7951-4c8e-9250-d9fa834ad628,Ksxhzfaodrgd,2024-10-26 13:14:51
a9c75204-3202-487e-9325-19ef77c70062,Jsdhpsc,2024-10-21 06:59:04
7af29111-e22f-4c4c-8043-ce4e2ee73bba,Stedlbbmdhsh,2024-10-24 11:35:20
48cd88ee-91d9-43aa-9550-db7632eb5b25,Zkyzqyzwxdvbc,2024-10-22 05:15:41
65494ecb-83ed-4adc-97d0-e50993e73d85,Nvmhudtue,2024-10-03 08:04:37
6956ca78-9267-48ee-80b5-51bb05efe57e,Cidylfhosbov,2024-10-26 18:35:09
48820f03-d266-4190-ac52-ff07ac17dfb4,Ngucxrsqvmr,2024-10-26 14:07:30
2388effd-c796-4697-8f6a-9ecd281c03cd,Nwahaoe,2024-10-14 19:01:09
3a3b6680-2d78-4a6b-9eb7-1fdf3df43683,Fyhfbmyjecl,2024-10-07 13:00:56
8a88c8f3-44ac-4a8a-8c2a-521d5c47abab,Xhddptwibksm,2024-10-15 10:26:58
ab877779-0069-4609-898b-1613e9954ee9,Dkuay,2024-10-30 19:11:05
14293cf3-c25d-4eeb-af2b-012544b41ede,Iubyd,2024-10-04 21:45:53
e3c8bc56-8717-4523-ae5e-b48b93970bb9,Lbecshr,2024-10-19 04:22:27
8aeb8482-1d44-43eb-bcb8-22dd64a8b9fe,Aeqhpxmdidawn,2024-10-17 01:26:35
11ed4e29-384f-4146-a41c-3515017be57d,Sxwveiai,2024-10-21 22:17:50
b057608c-7957-4949-8f18-03025fa1047b,Nsplxpmivonwz,2024-10-01 16:45:12
4a2fd56d-289d-4e34-98f1-f637962dc45e,Dztijqmpflsyba,2024-10-25 21:28:50
07522621-39e8-4dfd-8caa-e02835959df0,Jyvdx,2024-10-13 13:23:15
efafd129-1fd6-4fe8-9d03-a58aa8efbad5,Gusarnvyze,2024-10-05 03:06:45
cd5bde6f-ef13-464b-9543-b2565504e22a,Qdiapozdgbt,2024-10-31 18:46:21
a0222075-7ab3-4444-a9d6-147587fb26f8,Xkxhlwcu,2024-10-12 16:42:24
ed3c53fb-2b42-4488-8ea9-7533f481bd48,Pnzlmmewz,2024-10-02 02:52:10
632569ad-9fd6-4260-8842-aa08d333f966,Wrueoltyjpme,2024-10-17 04:21:56
2425b3dd-a685-4766-8d54-63e69ae8f07b,Ethnvybsr,2024-10-03 22:17:00
000c7b53-de00-44d6-bf6d-bb9d1775d389,Qdphw,2024-10-13 15:56:30
750701de-680c-45b1-a2c2-ab6f76e58792,Swkvpnbpcpl,2024-10-12 01:28:39
55ba61b3-680e-4c1d-8046-04477c5444b1,Qbofvogrpqg,2024-10-08 15:01:25
8da2fd29-1157-4e2d-806f-c65cb120f2ea,Gicizotf,2024-10-01 14:58:25
3bc4b737-c879-4373-90e6-f3c8fb201bdb,Jezhiwaxeboint,2024-10-19 07:53:17
f11cc191-acc4-4fa4-a30f-d3bdf482cf10,Kyxjrzo,2024-10-08 14:28:04
4b898c0d-5c2a-437f-8c18-99f9ba283df2,Lqkzuwaxiaflp,2024-10-27 15:01:19
3a9e05de-455e-4f00-9841-f40dc78b65ac,Cidawruiid,2024-10-09 11:04:59
cd32e991-7246-470f-9619-4dbe51797c4e,Ruojakxzycv,2024-10-08 17:26:49
186c63e7-f002-48c6-95d8-0212aa395b83,Sjhphskyf,2024-10-30 20:43:54
6944a875-6c45-46c4-970f-54e4d237358b,Ruqshshpwklmytj,2024-10-31 06:40:56
f6348df1-0ca0-44f1-8e88-f7668c8ab340,Myozwkxl,2024-10-04 20:28:10
c8946225-a171-49b0-8861-14277a6299be,Wbcsg,2024-10-28 05:22:58
db26a471-f85a-429c-99ca-8dcee8fadc46,Qjvcgvlo,2024-10-11 11:55:51
6770928f-a8b1-44ee-a799-0df03851cc10,Hphgjim,2024-10-24 12:58:14
2a8f8a80-f9cc-4a40-8220-c00f078d1e9d,Vhfrqi,2024-10-08 21:43:08
08078135-d08b-4c60-b128-31a6b79559f6,Bczgdbfwgoqslhe,2024-10-20 15:19:57
2712f44e-8579-4093-9486-7a24d2ad323d,Pfxdnmc,2024-10-10 03:05:23
afb3949c-7ecb-49e4-aee4-78dcc43ab047,Ikxwpvaophceihc,2024-10-16 10:10:53
5b951b5a-c388-43a7-866f-59f82f706382,Phfyqomxzpke,2024-10-30 05:05:03
0eb998a7-76e9-4293-b4f1-3b36b6912688,Gzogre,2024-10-10 13:03:53
32d150b5-a562-442a-819f-74a6b48ce734,Nidyr,2024-10-21 04:43:28
9e67f41a-457c-4e9d-b092-b3982af13943,Rwgtteljnjnky,2024-10-17 12:42:10
eea35222-f162-4a3f-8446-f3f36044ffaa,Yghgffddmh,2024-10-14 19:07:59
8be1c836-2940-49f1-8ce9-27af13984f6b,Lydleijkmpb,2024-10-09 15:30:11
5329583c-31cc-4a2f-bc23-77aa6dbfb0cb,Dnedititggmcqcf,2024-10-11 16:32:38
c4afdb3b-f741-4aef-b6c2-48872b9c1e81,Qknwmm,2024-10-27 05:37:08
6f7d0a67-356e-4a02-ac15-cf6cad66593c,Vmgwkfq,2024-10-14 21:37:31
184989ad-f146-4746-b4d8-e9f0f21e0982,Knibnkuj,2024-10-10 04:55:05
1fbf0f82-b0f2-4284-9b73-c9686affd003,Fojgyzhjtwttq,2024-10-17 10:33:37
78e199e4-3b21-4c64-a424-1cb006a5968b,Wdztkjmjwmghyux,2024-10-01 13:42:43
3d634c60-22cf-4b19-b5d7-67214aaf79ef,Mzmbr,2024-10-30 02:22:15
d9147028-248a-41e2-be7c-f0205c6bf82a,Qpfxxxhifp,2024-10-31 03:46:43
19501dbd-01bb-418c-bf76-85f932af45d7,Tlgvdsesok,2024-10-31 16:53:53
46d34174-cb4a-4b55-81a2-e5d09dad1f21,Foqmuzauyvqb,2024-10-27 14:07:10
e0dcebd4-b22c-4fc3-8df0-eb245e7ddd33,Vssxpbwiao,2024-10-09 12:12:21
7fca0c73-cb31-462f-aaa5-45b493172407,Yhlyvwtwaaqvsqv,2024-10-05 13:53:28
99913827-7efb-4cfb-bcfd-dbcbf40ec7e8,Wlyfednqmpnwjbi,2024-10-10 19:34:48
c0fcbeb0-2fff-4150-accc-16a89a7d032b,Icxce,2024-10-27 08:06:50
6dd30e21-9d5a-4e97-993b-0e9651d6b30b,Otbozvpaszlyqe,2024-10-27 03:46:50
7c67a541-b3e2-4d09-9606-9479b4809fa1,Ggosugbi,2024-10-27 18:28:04
3316f249-07dd-479a-bee5-4f069a1ebe43,Xdomzidceiegco,2024-10-12 22:33:25
3fad8e8f-f4e6-4685-9505-2294ab1857b2,Exsaxgu,2024-10-29 10:31:56
ea0f9d8e-a75d-4961-ad01-a560a287416d,Agbanjqjn,2024-10-21 00:59:29
84fd3578-94f8-441a-923b-0e9e6b5d8014,Dhevhrqn,2024-10-05 16:01:06
6d3f6dbd-2bf3-4810-85fe-549899163b81,Ufdvpfixhdg,2024-10-06 10:52:03
41610a8e-6cd9-4a22-a4e1-e8f937a8d646,Qhbcol,2024-10-02 09:22:50
76fc4122-9957-402c-82c9-c2cb92dd217c,Rwskchr,2024-10-15 21:06:03
9740f06d-19b5-4b6c-9c0c-ee0066119aaa,Pjbprjufnm,2024-10-11 22:49:21
81387546-9ae3-41df-b9ab-cf26b1bef525,Rfmtdrlrjftgx,2024-10-08 17:05:58
655dcb02-b0d4-407d-b709-7e565634d067,Vlxbamc,2024-10-14 16:08:31
d11c56a9-0890-4df3-830f-8536d914bdae,Uzghubtnrh,2024-10-07 14:14:54
d20cdf25-5b3c-4a4b-afcf-0281162eaa64,Cuatlyozvzv,2024-10-15 16:49:43
7c7e9e37-26bd-474a-89fd-ca3f2ba75729,Yflmqcft,2024-10-31 12:23:47
21f683a9-2856-4a14-9356-0cfec4e441f0,Dbrlzrqjlkugnlf,2024-10-22 22:10:00
3afdb044-e5fc-403c-b304-6a03f38f72d5,Swgenqbouiwl,2024-10-27 19:54:27
6059cd37-7b26-4af0-bb52-e8d27cfe61ea,Xatoftbkvgzgbh,2024-10-14 10:49:18
ff4760e1-1884-473e-bd13-b5ea70307a8c,Opgnjxbe,2024-10-31 17:00:26
f20383b8-52ba-4e9c-a902-34610fae7400,Ndrnuftwy,2024-10-24 03:47:25
3137e7e2-d3b2-4c2c-82b1-a4ffc05f931b,Jnqiqjyuju,2024-10-08 01:22:36
b576f67f-1940-4650-87d2-9f41ada549c7,Uvhocwl,2024-10-19 08:25:26
ebf7d109-4bc9-4363-a856-bd889d2422b6,Obctdztb,2024-10-20 09:33:42
7ebb0803-1ba8-42d8-8348-f763873d3fed,Xrhsn,2024-10-12 07:35:39
07bcc394-9266-45de-a4e2-d673155d7b91,Pdaovhyyj,2024-10-19 13:27:08
ad56c61a-9916-461b-bddb-d470a43b46e4,Lymjzmwlq,2024-10-07 06:03:13
0d7cd61b-b76f-4221-9096-833c0d03d1de,Emxkqitwjvpuqr,2024-10-11 05:53:30
9195ce0a-a734-4f9e-9b6d-1d89beeba5a5,Nhzofc,2024-10-12 12:28:16
54cd3fbc-814d-4dc0-bec8-b6cfde676af9,Zsfxwolddnhyop,2024-10-22 09:36:37
248ba807-b175-401e-8189-02654082adaf,Lrlrsj,2024-10-03 16:50:55
f1e55f80-9779-469c-b6ad-316ed91cdac8,Hpjapq,2024-10-15 05:30:11
49470edc-6a88-4045-a27b-e4dc71dc616e,Gakotxtjacwjf,2024-10-11 00:43:00
8e29f8d9-43b7-4901-bd1a-abc700977062,Wmrrmfsqhbjp,2024-10-29 01:24:15
51b12cf4-aa78-43d9-a159-51ed3b889664,Crdunvu,2024-10-27 06:11:32
294369f7-90dd-48c9-aa44-19a75fe59ce7,Cqwtmuphzwobo,2024-10-24 08:06:30
f173b695-bd5c-4c54-9d4a-f0e151d7ff22,Joqjrmrmn,2024-10-23 15:46:44
85519e71-7018-4415-a9c5-5dbb6f8d7b0f,Foszlhuh,2024-10-19 00:30:56
cc701cc8-108a-4767-8b3f-f2d296d16585,Kpccnwjt,2024-10-26 12:23:07
0edb0f9f-c004-44a0-8af4-a51f0e992004,Dpsdlyavtviak,2024-10-02 10:46:26
00ea6770-0da3-4e5b-912f-c29ecea75eec,Owplzrc,2024-10-10 23:37:37
6983ab1d-8760-44f2-a5b7-663ea701c1bd,Qhokn,2024-10-01 20:09:50
55ba2413-9d5e-469d-a110-d1e80bb527f4,Xyfkotnbyz,2024-10-12 17:47:07
1d652af0-3c60-4255-bde2-b43ca623cf6e,Otzffrlt,2024-10-05 05:45:37
c7a5bbf8-56e3-4edd-8d06-eff90374d487,Bbljypvcfrdisq,2024-10-09 02:04:04
7e003f4c-c8f4-4933-a95e-8c699c3e1d49,Gfvmofxjrzrma,2024-10-29 04:41:29
b79375f4-1484-4313-8669-790bfd5c4e93,Xjozyavpp,2024-10-29 00:18:28
cbea05a6-7f0b-4e93-a110-a22e2c5ee227,Odzuo,2024-10-27 08:56:10
dcc18044-595c-4844-8fe2-1edb21eb9d85,Qhpannvwbnrq,2024-10-29 08:19:29
8de1ac4e-8272-4edb-a4a4-447b96c72f63,Rqrmcsmlaewxw,2024-10-14 05:44:04
630f0b87-72e3-44fa-a8f7-942b5a0ac81c,Rvpqmiar,2024-10-21 21:27:20
088c9a39-34ec-4241-b4e7-ebaaac1dcff1,Xqmkebgunbdlf,2024-10-23 09:17:02
ca9af65f-3072-4eb1-97c2-30bef588d8fb,Jvzgqcrcut,2024-10-29 07:53:27
24883694-2668-443e-8ccb-8d7868ded1b0,Rncysuqagb,2024-10-21 15:33:01
6e059684-6789-4079-92de-91b5efe0e139,Dkcwfnlcs,2024-10-24 03:37:45
beee38dc-d9fd-4a6c-b6c8-2df55caba139,Ivdvnmepfnbha,2024-10-02 22:46:42
dcae9762-3eff-4185-a1d1-9320b41a0cc7,Xccczlfmg,2024-10-03 13:33:11
e03b0788-8dc9-4eab-b922-618e1fbc8a7c,Enanaobejw,2024-10-12 05:43:11
f357d7e4-0aaa-4da3-98be-35aee40c0656,Zxpavtiqsemmp,2024-10-19 07:50:46
940f4634-df35-4a51-96b1-7c9d01e8a953,Qygugerjqxk,2024-10-08 23:32:32
6417bf17-3167-4fdb-98e7-8df5cd72f7c6,Yfjdg,2024-10-24 09:27:39
4486c519-051a-4b5e-b859-6d53e4b2b94b,Ltlabla,2024-10-13 03:44:38
3c53be5a-e528-4367-979c-5eea904e3475,Hniftlm,2024-10-04 01:26:44
b5966ebe-6315-4c12-b38c-817566e0cb20,Lkekldtpkcg,2024-10-10 16:39:38
4f8ff832-5a37-4d72-a6e8-5c53db11950e,Badegtwfusasszj,2024-10-16 04:33:22
23f1abc6-05f7-4044-9d8c-bbe718d22bad,Cbnife,2024-10-22 22:55:59
8942bda8-b088-48a8-ad64-55a9aa40ffa9,Ilncpogmwiglma,2024-10-25 05:02:40
181e65e1-66c3-4a30-a8ed-7abc4c919a19,Tftcp,2024-10-23 20:21:59
5194c6d0-af7c-430f-b311-e4a80c843730,Euqgekqd,2024-10-09 22:17:19
1acd35c8-e9f9-40c7-8f8e-ae71f8113df1,Tahimdethqvbov,2024-10-19 20:50:44
fc9e9b8b-e367-4c30-b8ab-960bd7d77c15,Twhtdickguwfhkx,2024-10-27 05:37:13
69a5b052-4e53-474b-a990-037a6ebae339,Zmqswc,2024-10-18 01:33:18
ea8eec8b-633d-4e3b-b110-3d876e14c7bb,Lcmacm,2024-10-04 15:10:44
f3f69acc-1818-44ff-a55a-d2a8af112405,Wtmvtdjeoovkruv,2024-10-16 12:56:31
150aa8aa-d7ad-4168-91f2-f402502fd90f,Xmvbbgamgiwle,2024-10-25 02:18:10
38708fd1-5731-4db4-acd1-2e4a23067e61,Enuiidkfmmw,2024-10-06 08:28:43
768e6303-4d95-4f3d-99ee-b783e57279ba,Ayihpylwk,2024-10-07 23:01:42
6965b145-14e4-4cf3-bfab-5fd869d1d3f5,Zbfnyw,2024-10-16 18:29:52
94b40059-f868-494f-9da9-4524b3216f6d,Omtlewnixky,2024-10-01 11:51:33
0543a8b3-01b6-4dc8-b5fd-a2c8bc1eafe7,Cpimyfgitqc,2024-10-24 08:10:09
111d996d-e708-439a-98c5-6b895fa91951,Tgtskj,2024-10-12 05:17:00
988206b9-800e-4e50-aa96-892d232507c1,Aavjb,2024-10-01 14:13:39
c77f6817-0c3c-4322-adec-ff7e11d125f6,Aldttttynofm,2024-10-25 01:18:13
12033bfe-fe24-410e-8af3-8c418f0e4733,Tkxjqjaragqmh,2024-10-01 09:04:35
cdf1651c-0093-4265-8470-10c61757b33f,Nlpipbphsxs,2024-10-11 06:54:08
2ed8ac17-6370-4d4e-845a-b3f50478310c,Jwqcrqntptcl,2024-10-12 13:41:11
eca35979-bbab-458d-9d0f-3a13aea28e5f,Obycixp,2024-10-04 00:39:54
63597361-7e7c-4fcc-858a-d9af4df28e28,Nmkvfsog,2024-10-01 15:16:16
0f8a9986-3077-4b98-9ff5-7e3af4457349,Icdqmdwnjwc,2024-10-18 02:41:43
de3e4cca-b998-42e7-8ebb-50a1bfe96edf,Sypyshuxvnorehv,2024-10-30 19:04:56
fff5a12c-e32c-46bc-b3b4-974d512445fe,Suijvzm,2024-10-26 07:40:40
244fd72c-b1ef-47f5-b98f-6caf61bd8bfd,Hamwipklyi,2024-10-11 16:01:26
5db8e6c2-0706-4307-82a0-5d9edb8cefe3,Zwjqmwdt,2024-10-12 11:45:24
6dbfa069-31df-4757-8352-328990142bfd,Wwkxnawon,2024-10-20 23:43:16
a457df5d-65f6-4810-a106-5cf72a4624e5,Nvuxabutyxvybgo,2024-10-02 04:14:53
65cb3bcf-50dd-41df-8370-7d9f75b1df26,Grypee,2024-10-16 20:21:00
a468e013-a76e-494d-8b44-a3661d9380f7,Ardaokx,2024-10-15 23:59:28
2f2a3a58-d27f-42cc-9daa-354c3f9e6c00,Gctupqnbhitwfq,2024-10-17 10:18:24
ea52d15d-881d-48db-a4e7-984823ad78e7,Xawtffwh,2024-10-25 20:48:19
0b31bfff-4e14-4787-a244-9873f3005dbd,Tutrasqtublfili,2024-10-08 17:56:54
b9bdf7e9-a5d3-49d1-a134-74e1d5eeb117,Pvvismdtpsomt,2024-10-28 07:24:58
3878d527-87e9-4d77-895b-37e36e3419c1,Gfabrdun,2024-10-17 04:53:53
88377f2b-f2b2-48c7-a579-d7eaa8cb685f,Suoua,2024-10-20 21:02:06
35de74e0-4c3b-464f-a0c4-670685ed7b14,Rcxnvhvgnubd,2024-10-25 23:40:08
bcdf66fa-7166-4732-8f6f-cb8959efab33,Tgxfeqmmkwk,2024-10-24 06:53:42
5edec2ff-02ba-44b3-ac7c-618e76368c0b,Ntirjyccsweasd,2024-10-21 13:04:26
f81fd93c-744a-467f-90b6-a227bbb84a96,Lwrjgiphhjg,2024-10-01 13:50:03
0af148ef-300b-4ee6-8f59-fba6f0fb80e4,Vwkzuymhozeflj,2024-10-23 19:29:42
588bd96d-7d03-445a-84fd-8a5a9152b39d,Hjzaoxwh,2024-10-28 05:33:21
d0725eac-ad06-4959-ba74-2b5f3cdd4610,Nynkjdgfkkbzpes,2024-10-18 03:26:57
21f2322f-fadd-458b-b9f9-2eba45dfab22,Vbxtvrvr,2024-10-09 15:50:35
96c5721c-1b93-4d09-b016-578b759ed8c4,Idcehcuo,2024-10-11 20:44:28
c2bdb051-36e9-4e61-971d-9d5dbe00889f,Hqggnqekdgmcwrh,2024-10-01 23:09:20
b8cabe1c-de61-4227-acf6-da18ae7ef00a,Mfvwbzfxsq,2024-10-11 01:48:59
651aea3d-e2c6-4e58-be70-611aa907975b,Trhyjfkomx,2024-10-31 00:24:44
7b87de8d-8ac3-4da9-901b-58833644b0bd,Nxiizb,2024-10-13 05:57:46
010dd621-c20d-470a-a02c-4e46205ed6bd,Wjfkn,2024-10-14 15:25:45
60238039-3509-4e9d-a5e0-df7740f37ad7,Oiqynpqgqofxvu,2024-10-09 01:19:45
eadf6366-9d36-400c-bdfb-bff1103a7de7,Gcpfp,2024-10-15 07:45:30
0a49212c-89af-4ffa-991e-baede6724d52,Kqybggkrqqla,2024-10-05 00:17:00
a207e9ed-4159-41cc-87bd-5428bf1e0460,Uvxlfnvxlpnz,2024-10-04 02:43:36
7f8d3c1f-7be0-43c7-9a5e-ea8e649a0f03,Agktqntg,2024-10-12 19:30:30
7aea0db5-a050-44c3-abd3-0946cb76116e,Yxvvenvuaqdn,2024-10-01 17:01:17
40f94bee-9f19-41d3-a16a-157d80e6fce5,Ravdrru,2024-10-14 16:48:32
935ae702-12d2-4833-9a28-966af4c82a0c,Uyermrbn,2024-10-30 04:45:51
0da6d8fd-7458-4062-95ea-4c1ae1ffbb87,Rtergcyo,2024-10-10 16:14:10
9dbff15c-fd4c-41f5-b475-94931186822e,Qvcwl,2024-10-02 12:11:09
824504f0-4e7b-432c-bb1a-092a42a6a079,Bykgjkkej,2024-10-10 17:12:07
2e8fbf63-530a-40cc-bff8-b4f751122499,Xcxgw,2024-10-17 18:29:55
1ff5d343-a8c9-4df1-b1e3-ea50c096ead8,Tfkjtizcj,2024-10-29 22:34:38
790e55d1-ca55-40cb-95e0-7ecdff1efdd5,Xopqeole,2024-10-24 21:52:02
1cc5990a-1b1b-47e6-835d-28f97efe4990,Kvsiknrdli,2024-10-07 12:11:43
7ee6e67f-3ebb-4cd2-a7dd-60f6d6eb7740,Hkdiwdecpnyfpb,2024-10-10 17:47:52
a6017f13-286b-4baf-8c91-9b794da6cbcf,Ytdvrutox,2024-10-18 22:07:56
16cb8708-6a3b-49fa-888b-bda1d4baa65a,Lphtulsrqexmp,2024-10-26 20:14:51
5499d0c3-bcbe-4007-8119-56a274a38252,Cumveczdqp,2024-10-23 18:11:39
eea46717-811c-4370-80b4-afe4a9393a85,Lghad,2024-10-28 11:48:33
9c13f00a-93aa-4775-a1e9-9463a4be5fc1,Iddwkvcpoj,2024-10-08 22:05:38
e141b4dd-e737-47f8-b3ef-a54d6325aec4,Pjhinjtwitb,2024-10-04 12:01:20
763b90fb-cb15-44d2-bc45-68fdc85fea04,Bpccxotuxse,2024-10-16 10:43:37
c6281b7b-4da7-4a39-b2aa-028ec0bf88b8,Uzktglc,2024-10-18 18:41:11
8cb0db37-bf5e-49ed-8b3e-4b04e98eeb05,Kqdvxieqe,2024-10-19 16:37:26
3a39a1b4-80db-461a-aa08-0cb3b08c0e23,Lyvqpgld,2024-10-31 10:16:13
9c936d0a-cc90-4dfc-8b1c-a64bf148f544,Ivauemrvyog,2024-10-08 02:42:12
185f44a8-f9c9-4f97-85d1-2659387e5ff6,Fhnnxuizbmhyw,2024-10-16 18:55:38
dc557ee2-6696-4b30-9b77-328cdee63868,Agremv,2024-10-08 15:51:59
f4f30705-6b48-465a-a0ef-91d69c326395,Mbdsgqjmqivdx,2024-10-31 20:16:16
ce790452-83c6-4683-b3f8-57966efe75a5,Rlqrjvdjtbocs,2024-10-27 01:29:35
0bf1771e-a3fd-4525-8d3f-b3b31bedf9e3,Iookuxaux,2024-10-06 12:27:56
729ba945-f535-47ff-b7b5-238517323954,Eymdkhh,2024-10-03 23:53:21
6d04abe2-17b4-41f5-b1d9-741ff087d920,Icmfkimerdwtnln,2024-10-22 11:31:15
d085e3fb-1fed-454e-91e3-6732acfa8d23,Iltokqsvccxs,2024-10-02 21:42:03
258d6704-302d-4ae8-964a-8b178e8341b0,Yamvyxmghcw,2024-10-22 07:41:24
56de1386-59f0-4256-b413-8da2ad30327e,Pewjrqobpef,2024-10-26 00:20:35
b498e3ab-5b59-4702-8546-fd6bc74ab24c,Jsongnhvbicrvsj,2024-10-14 16:54:50
bf4ebf1e-4a7d-4bf0-bc22-81f3a8daebfa,Cjfeqotubnwgv,2024-10-27 18:04:39
04ab16e5-18e1-46d4-ae6e-0658e7f4cedf,Varlxnjw,2024-10-08 10:40:58
7012d0ba-3d37-4e10-a363-d3406ebf3439,Sdreiyybaztki,2024-10-30 17:07:52
eda81aac-220b-4a94-936b-deaacfbfa4e9,Fclfjzp,2024-10-05 14:34:27
317d5c78-8a56-4e50-ac78-1ae63aa04cd1,Agjfqjmnighethu,2024-10-24 16:33:06
e0232358-a029-42c4-bd95-d18f651df568,Cmmmnypplar,2024-10-25 07:51:25
0014c43a-f375-41a9-aaae-258121f1ce11,Shnopnhmy,2024-10-29 22:51:33
9277729f-4ee6-47e5-9007-b02b17b011f0,Vrktwbl,2024-10-28 03:00:49
62d81503-a7ad-4671-8c45-d90b3cde8aa9,Equrqti,2024-10-23 07:10:23
6859444c-5c62-42df-ad8a-ed2f0974d291,Lvtnjqioocrjev,2024-10-26 20:41:27
d2dfe662-d2a7-4889-b94a-30ae4ba198ed,Bgktworwi,2024-10-13 14:22:46
551df40d-2eb5-4c36-a5a0-b2e013007498,Rgwprvmpa,2024-10-15 08:40:07
9a9730cd-a303-40d6-90c5-0f8cc4d85b8f,Bgdektgarxayqlo,2024-10-31 08:25:34
f1d51ff3-9237-4f61-bb3f-c6df0f6f4126,Nrdppdwqlnv,2024-10-19 13:15:43
743938b9-f963-4e76-98d9-0667b7ec120c,Zfraluxbxxn,2024-10-17 20:48:57
2d1c0e18-40d7-4424-9b78-30898d061d57,Oxosibk,2024-10-22 11:00:45
03730a0b-9718-4c97-9bdf-68295953aa50,Olmjl,2024-10-23 18:59:04
132be2aa-f955-4aa1-bd3e-2a6b6e018d5f,Ewdumdfyweexxj,2024-10-26 05:52:27
c1eac76b-2163-4c8b-b0c7-7ce49cf63ec0,Sssqu,2024-10-16 22:18:33
4b94f86c-e648-424e-909e-20a8249c744d,Xpwqyjuamz,2024-10-08 10:53:06
675c8701-c619-42b7-8d00-9fb94fa0b119,Yjtih,2024-10-24 02:26:37
192989c9-072f-4aff-8d30-91c1f9300439,Gnruesdndg,2024-10-11 22:22:19
f8634d2a-ce96-467f-8d01-8e77519fa116,Himpsv,2024-10-06 05:13:33
55086006-e499-4342-8168-d60379540bbf,Ctauwkysf,2024-10-16 12:17:49
4ae41a5c-b060-4ff3-8439-dcffed9580b3,Pqdelier,2024-10-15 04:01:06
54cbbfa5-b8b1-446e-a65c-2b2196a27a0f,Tbbaavitiny,2024-10-02 23:57:01
b2e0727c-df55-43eb-9c43-f33e949ff227,Rwkhfqnid,2024-10-08 13:46:28
a2318b05-7712-4e72-aa97-1766cdd73db8,Bupabuuvl,2024-10-11 02:03:15
f718bd08-7ca2-4c1a-835e-b9b1f9d58296,Xlgcdplxwny,2024-10-21 00:22:21
2b34613e-2caa-40a5-a2dc-9caad392ff44,Kxozhz,2024-10-22 15:20:00
dffb726a-ff82-4543-be1a-255c9c4ff455,Gxhwapgtb,2024-10-28 16:23:43
f3c026e3-b08f-4443-b2a3-499775e0b622,Lbrkvmesdlnrws,2024-10-12 01:45:48
e3f36f92-6632-4440-b2b7-52568ec8854c,Nulppt,2024-10-11 19:30:30
a7fd849f-dce8-410d-a7fc-91bbb33f61bc,Dtpdrut,2024-10-16 03:45:06
816a0e18-645c-4e92-9f5c-6060b9281348,Mueyk,2024-10-12 15:49:02
55f228e1-17b2-4b52-ad1c-9a2ec3d1a627,Hxcpqigw,2024-10-03 03:11:31
20bfe161-3fc9-4a4d-8277-b715c791bf4b,Mpxwxpvqyq,2024-10-02 02:14:42
4662e27e-e00f-491a-b0f9-8b1febdd7ef9,Capgjzh,2024-10-12 22:07:17
52e17bf3-1e01-4e64-a978-0fd9fed95724,Cjvmpszyhpqygy,2024-10-17 23:48:35
094776b8-18bd-48e1-b65d-13dedb2add32,Zvjyieqmqcr,2024-10-25 20:19:22
e50e2059-ede0-46c1-b31d-803a234f8dc6,Evsmmr,2024-10-31 18:52:29
38f169cf-38ab-46af-bd0c-18dd20e3b2f2,Efrwajwqnbberha,2024-10-09 07:25:40
d8648857-7b5a-43db-9741-cef3a4005830,Buftcq,2024-10-18 04:54:45
e236f723-7b6f-4601-9602-f7bf90657701,Onnvgd,2024-10-04 08:51:38
18acae63-9fff-44bf-9816-98bfdef22e17,Ddownvedmirpku,2024-10-30 10:02:16
fd6681a4-df33-4a09-bebb-40390a8e2368,Lkinypk,2024-10-11 08:55:10
6a782740-5b0b-4993-ab6d-095be0d643ea,Zkahglaai,2024-10-31 08:17:57
7f2924bf-89fc-4640-8aca-fd6ec830fe3e,Oqknzfjhnpnw,2024-10-05 15:52:53
789c16ee-2c7b-421b-9178-0c2f9f6595b8,Uxmri,2024-10-08 15:41:36
a4c8b1eb-a9bd-4a29-8a78-5101842b204c,Wctlebiqzsm,2024-10-10 17:55:56
1bb63abe-d855-4476-92c4-2531e56520be,Kwnrugwcdhnta,2024-10-19 09:54:12
29f60829-ebc8-489d-b206-a715aede1bf5,Iawyjrebkitg,2024-10-25 05:45:49
8d00995d-cae6-4ede-8d28-8b0edfb09a9c,Tpmxwpkeo,2024-10-23 12:16:25
13eb50d5-c101-4c42-9842-1400e97cfe2a,Cklsl,2024-10-06 13:26:35
bd2c21a0-df84-4c0c-93fc-8e8fe61ee806,Anrnbc,2024-10-28 17:48:53
647463f1-482d-4d81-99cd-9c47605b7860,Lvzlzknfqgeq,2024-10-25 09:01:28
295c6c26-cc99-4d47-94f2-306e432d6883,Rntljquit,2024-10-20 16:43:52
23a0e246-e009-4d04-a16c-8c2d730315c4,Bazcarhkw,2024-10-09 05:01:28
f35cc94e-d34a-4102-bb5c-14eca23dc463,Gqksr,2024-10-20 11:23:31
a31ab37a-1708-4f74-a296-7d0b111e48fb,Nxzpyfgo,2024-10-11 13:50:55
2d8fd638-c4a3-4298-aa0d-9aea7d9820ae,Pktridl,2024-10-22 13:43:38
bcd4fe3f-e29d-48b3-9e8c-e0ba38c1e824,Gntixw,2024-10-23 15:45:45
4d2fd324-890d-4050-aa45-e85170ea6770,Ogshg,2024-10-30 10:19:19
cb3f11c7-b7b2-4ab4-8da6-6b98d6175162,Uwmzrxliqg,2024-10-24 11:25:24
f38258ab-ca80-49cf-aad2-418f40baf9bf,Sffvcaiasnvybx,2024-10-31 21:07:59
43d2e5e9-9ee2-4073-af7c-9d3bc686e617,Mmbao,2024-10-06 04:35:58
6baf3bd2-e9b9-4885-a64c-16339229b137,Ftcgg,2024-10-28 10:10:34
6f298a85-c2ec-4949-a6ef-4723cdf166bb,Kdydpaxs,2024-10-19 22:55:28
0f34827e-8745-4dd2-967f-32345f0cc0b5,Abgficfknb,2024-10-13 23:54:19
7cd60e41-a2e5-4bc9-8d5d-f26952265d8e,Tlshylaveydrez,2024-10-06 04:15:02
36dafdc9-43d4-4994-b214-febb720e8369,Jzwzmcu,2024-10-15 02:27:14
fbc36146-bb9e-4afb-b6e8-db311094dd4f,Eacslfzpuux,2024-10-25 17:14:53
4e2ea99f-c8ff-4373-8e24-ac2372b5a910,Yxgrc,2024-10-21 14:42:28
de0c8a4e-8102-4293-994c-d9a3b29fc61f,Nsjbwivajblmby,2024-10-29 08:03:08
788f7a6e-d084-4d33-ae4e-91803acf5e46,Jnljjdm,2024-10-19 05:34:25
6af4c8ab-1026-4567-ba78-2e2f1eba3f69,Yzhvmqufruvo,2024-10-05 10:39:17
96dc2a40-34df-4e31-a62f-6eb33b635fd9,Ittnjmq,2024-10-08 17:17:48
2f717c6a-9363-4ccd-abcd-19e3f7cd2a33,Blhascyk,2024-10-29 10:51:40
059aae8f-45eb-4a4e-bfda-dedc2ee5258d,Juccbnzfvekjc,2024-10-31 11:09:32
dfef6744-ab7f-4082-b12a-8db8403b3d79,Hglwfgzpb,2024-10-01 19:53:32
b661f209-e666-4680-8605-a1bf6a032903,Qlbyxb,2024-10-22 19:10:34
7a8f7960-0499-42b4-b2eb-351b116f28a7,Aihyjgthepgwa,2024-10-21 07:06:22
b3343e53-b8db-476e-a1f1-dd6b168616cf,Fuxzerfrfgihu,2024-10-18 18:43:21
805665ca-09c7-45a3-be23-ae7d1b889a5b,Mbttprzdfxqxer,2024-10-14 03:58:25
8f49235a-b3e1-4f59-a351-cc93c5809730,Kynwtpviz,2024-10-13 10:49:40
f5363a1e-0474-4e41-a739-ba7fbf3e2eba,Xbaekxzysnh,2024-10-10 08:48:04
dbc145aa-d475-4e84-b877-120588f7b0d7,Rcptdia,2024-10-23 00:21:41
93db84dd-3237-4847-935b-3d3f8c665fd3,Zgebupopargiu,2024-10-10 03:20:32
f60ca3ae-ea8b-46cd-ae95-1bd39e93f2ba,Lzfbpkgm,2024-10-26 12:14:59
003cc42c-3850-454b-bb6d-426b75e0f499,Mzsqgstmoeezhip,2024-10-17 21:13:11
8fd290d8-78a0-4cdb-a62f-34241039d8e2,Aippuhhju,2024-10-14 16:27:44
277387c9-cf4e-4ab0-a8dd-3cca7fd29396,Awzopuwbunjaqk,2024-10-21 01:23:08
917433b1-d61e-447e-b1f6-1caa8df63181,Aiqyn,2024-10-04 10:55:10
5ce14fc0-e08a-4fff-ae79-3df42a366ce1,Pgmgshoar,2024-10-20 04:09:12
6ce667e9-b564-42c0-b1ba-ecd77668bbb0,Swoab,2024-10-20 20:34:40
8a8c4449-3e06-4e2a-845f-4cd574df70f5,Ekzcopra,2024-10-15 00:51:39
ad0a00e7-61ab-4415-a918-4b7668d0aac0,Todvsdfwe,2024-10-09 19:42:19
a6522e9e-b893-4094-98b2-2f685d644ac6,Eiwepdpao,2024-10-18 05:02:52
1ecfe514-1400-46c3-8b67-a0108a156bff,Vhwexvdyrc,2024-10-15 00:46:59
5c6be35f-3bbc-4a51-bd38-0fdf03ac83ce,Zipkmlpdzqofym,2024-10-13 08:47:42
56b7fb8a-bd92-42f3-a3ec-9607037a7122,Mzjjhs,2024-10-22 04:50:36
0f84a092-e0aa-4660-82d4-08d1719ed7c0,Pcrbwrb,2024-10-15 14:01:28
166bfd61-835a-46fe-90c1-b15744e3df3e,Bbstnnuzdfvupt,2024-10-28 01:56:51
f84b48c3-cb42-4bd2-acec-ca404c75ff18,Wzjmsnmxvec,2024-10-22 18:55:41
d578dc6b-189a-48fb-9228-46947571baf3,Lojewhubkjdabw,2024-10-18 11:02:05
91109187-7549-490e-814a-42f495fe37df,Fxtnhgslg,2024-10-16 13:39:36
cd74c23f-d95d-46c9-8d5a-8f23c945a209,Mcfgyhp,2024-10-30 16:39:48
6bc33858-b7a1-4a78-aa3b-31395682f5e2,Gowbumfs,2024-10-12 08:50:25
45a18e79-50c8-484f-a5f3-53333251cd97,Xltusp,2024-10-01 03:51:16
2ac76c9b-4adf-4e2a-bb61-1d344b6589cb,Rvluefdeoh,2024-10-08 02:16:37
47a0a984-f62d-4663-a29c-2e7724bf5ea8,Ucyfvbfvrgwxwo,2024-10-01 23:32:16
f3310763-ec14-4e6a-ae78-2047af972dea,Diuqh,2024-10-02 13:36:45
0fb42305-5121-4531-88f7-848ffd714bab,Ibgwrytqdhen,2024-10-25 16:20:33
e68a7f9f-b552-440a-9e35-84428ae3b5f8,Awjciyurooi,2024-10-11 04:27:26
ebd225a0-ea30-4381-8af5-6c6c402d036e,Mmjoha,2024-10-26 11:25:44
06abbaca-5d1d-4d4f-aa28-c5af7ef75e52,Rmeizll,2024-10-22 08:21:01
91c5537f-ed12-47b6-9120-f92e53e48b14,Dgzcqlkxbdxwjbm,2024-10-08 12:45:11
f0e39fea-f4d0-48ff-82e8-5e8f691d879d,Wdvthyrohx,2024-10-27 18:17:11
353bd43d-72e3-4f47-ad8c-146bbd5e6e93,Qysdny,2024-10-09 04:27:28
83de73ac-518a-493e-9469-33c1936cc26b,Ejucpipvbgjj,2024-10-08 00:37:19
f20aceec-8808-4600-8681-0ba3aeab9f05,Lzyaow,2024-10-22 16:24:47
eaa98d27-1231-47d5-91ab-7be91252152d,Qpvdcr,2024-10-07 22:06:13
45a1948b-7216-4026-a720-41d0cc043275,Kixqngz,2024-10-06 19:49:16
e6f6aec3-379a-41f9-bed4-a951b0eeda89,Jqzdpc,2024-10-28 18:04:05
6ff85937-a30f-4ba8-94f0-a41b04b07569,Qsjqnxazyijoqu,2024-10-16 17:33:56
6766f3de-d79c-4778-9af4-a0059e4ec5be,Zdmlobvyqtaly,2024-10-31 12:27:52
1453bb9d-9e15-47cd-9a26-0d42c1b014aa,Zkbbdkzs,2024-10-05 17:39:03
315b5112-eaf2-49d8-acb0-3abf068f4a4e,Fjaogravxue,2024-10-11 11:08:28
c8572495-e605-48db-916e-f7a4434b7ddc,Gkmukbovoz,2024-10-23 21:22:17
4a3c1a4a-fa2c-4058-a5f3-c6e447931021,Lsppual,2024-10-20 10:05:33
62c3cc06-cd98-4c61-a1d5-e66f12d7fa52,Zcwlhsdnf,2024-10-01 20:21:00
961856a5-8610-4756-8e17-0975e316a63c,Hywjtmjdi,2024-10-17 04:52:42
08b27cc0-b34d-42f1-b40b-9a13c05b7ce9,Nfxcquif,2024-10-28 12:24:40
0f1f1d2b-7ebb-4022-9529-ff47aacd2ce0,Ghhpbujgonyzouv,2024-10-14 19:08:51
221c0ee3-5ab3-40c3-8ef8-ac65f976c355,Hpeqjbsiwi,2024-10-05 21:05:41
34fb0bd6-4cc7-45b8-af8f-79701237450c,Erutsqnpojptf,2024-10-16 01:44:56
1bb3703a-b9cd-4d4b-b4cc-12a860b2de74,Drnwqdyhbxrdsuz,2024-10-31 18:28:23
d182a6ab-1ebb-45a7-a218-f92193b1db95,Vukcqjaaoovwyf,2024-10-06 06:59:31
82c1a6ec-d5f4-41d1-8898-e189aefd5c2c,Nfjfojnvttpxbl,2024-10-05 02:19:55
a9831d33-8339-40b3-b22c-68fe294d9b20,Nuplfadbjwns,2024-10-01 05:04:51
33d20541-2821-4d0f-866f-628d3bf3beb6,Jezsnwuqtgwcj,2024-10-10 01:13:32
ef3fdb4b-08ed-4c5f-a8fd-6fc292f0f095,Esjfzbtkgcnqh,2024-10-23 01:44:56
17fd706e-e114-455e-8f74-4f03d33bcde0,Fkssrmuovqdjs,2024-10-13 20:19:33
6d77b7e4-6f11-4374-9340-8a2876508d5a,Fxwqeasvfsr,2024-10-17 16:27:13
fe391e63-1eab-4eb2-a452-903b9e750867,Gridvsflqpachl,2024-10-31 22:02:02
44e65f3f-82e7-43a5-8a8b-bc8f1e443c20,Sjqqe,2024-10-01 16:07:55
e3f573d2-bc69-4470-ab81-361ab515e5d3,Ndrwtqfvlp,2024-10-30 17:59:11
8ff1aa15-ecec-427d-a382-dfff50750461,Bhlyebsakfvobk,2024-10-24 21:32:50
32159269-3716-4f3e-af40-414685720e89,Dsywlkqwfialu,2024-10-12 21:52:24
c366770d-8396-4572-93be-d19f37ef0558,Kermqxyrer,2024-10-11 10:19:48
f1201eee-c9b2-4485-b3b0-4f5c97b7770c,Tzmzpcwx,2024-10-02 00:57:57
188e871b-b36a-495f-9f56-270e7fc9cfa3,Zoxcwmzux,2024-10-07 14:49:18
b11503ae-d0d9-4d8c-ba93-9a3eb78cfbd4,Hyiwbzbjf,2024-10-17 13:08:27
37bf4e47-3289-4547-b04c-2b776cac745f,Bfzhqvtzwcink,2024-10-12 11:18:16
2be68a40-1168-471e-baee-4987547bface,Caqooctzdspdw,2024-10-20 07:52:45
897609c9-c06e-4215-9b87-c97201678ecf,Cbropbiuvqfndyh,2024-10-29 22:02:53
dd1edc11-7abc-401b-b6e0-da3986835c06,Frmybgad,2024-10-23 10:48:26
c4fbc241-394c-481e-8ecf-7a3f13ceb8ae,Dvspxrfx,2024-10-29 18:50:39
46aef305-f47a-4e7e-bbfa-a86cf445579d,Fbjmtraa,2024-10-31 20:01:09
7d893b4a-6abf-4c1c-9186-117f6b236d04,Ernkivgkipvh,2024-10-26 19:41:50
245caee2-1054-4a0f-babf-b552a0980bbd,Wstrta,2024-10-10 18:12:29
6d51c7df-6268-4df5-bdf9-ba539594e35a,Wwpflyn,2024-10-05 22:54:51
9118b021-419e-4f28-bfcd-f4f3b8d585a4,Zkzyw,2024-10-10 15:22:42
a68f4a20-0142-4eb8-9463-88e1c6caa6ee,Coxocjbmapzz,2024-10-22 15:17:47
bed99c02-be8a-4462-99f3-88e52dee86bd,Kgftbgknsum,2024-10-06 20:05:32
b53707db-c196-4956-9c16-6ea86e905ab0,Cpqnqhygwyhf,2024-10-16 08:36:55
851c3aad-f828-42b9-be2f-9affc6772f27,Opofkzjldtetswv,2024-10-17 11:23:21
476cd7f9-5e68-49dd-b663-751869f306b8,Xvshcua,2024-10-02 21:20:49
66edc339-0cfb-4ba0-9d29-2af3ef642026,Rlhzbsghwuc,2024-10-29 03:06:14
81d96625-7f4a-4426-89fa-a92460688d70,Lleibmcezq,2024-10-06 21:54:25
6c748dd5-0c88-4e46-9e38-ec44f82bd2c1,Wrnidfqdboqpmq,2024-10-25 00:42:33
7befc4eb-dcce-47e1-8612-6e99132e1389,Jrfzsuhnr,2024-10-26 10:45:14
febf8f84-6711-40ae-b61c-c1b2231f7166,Bkblhuyb,2024-10-23 18:09:09
62a80b72-6760-4e01-a3f9-3428d0466354,Esueavwcexxmhri,2024-10-07 03:59:48
00dc7f4c-640e-4677-a3a9-cfc3e3221ff0,Vsyxteup,2024-10-02 17:12:50
10fed851-b42a-40bd-a21f-5125cb5f4518,Reqxmwjwjnu,2024-10-17 23:44:56
43f95835-7442-4f5c-9969-7f3d5f4292f9,Sallgkgcaxazlwz,2024-10-27 04:01:27
630475f9-3499-432b-8a61-76a14ccd40cf,Vriuqxl,2024-10-28 07:59:08
382a6a28-a19f-45bb-886a-b68e9cb30295,Breieqfnqdsji,2024-10-31 20:12:25
c20a887e-b87c-4d6b-aa91-d0eaaf6aa81c,Jpaigiw,2024-10-05 12:45:53
e2141692-9ffc-49ab-a5ba-6cb64cc29f5f,Fevgxoucdg,2024-10-03 11:25:00
1ff9d441-8856-4567-99ce-096c6a91c370,Xhlxhqlejqezoua,2024-10-11 14:29:34
9e95804c-f67a-46e0-9fc6-fa6083c584da,Dcmdiz,2024-10-31 12:08:16
a96ff1a1-0c0f-4b43-abc1-6ffcd3d5c924,Nhtwjsjb,2024-10-05 10:18:41
06c3a33c-d7d4-4945-9fc3-289414ec7d92,Vqimwj,2024-10-25 02:34:47
32c053f4-8e1b-4591-88da-6c9d5f0baa45,Efgboc,2024-10-26 03:35:27
07db23ed-fb39-44e1-8885-426423aa5c68,Remvrdllkdaxa,2024-10-05 20:55:34
8c1771d7-c309-44a5-8bd2-899e0956faf4,Cwlghepy,2024-10-25 22:26:55
86e0c09d-d8d2-412d-bc7d-5c327a28e278,Vomxyowxnvaunin,2024-10-23 22:14:11
4e68eb7e-fcce-41c7-8041-fadbf6982f5f,Vnlnajzd,2024-10-08 03:44:48
09abb0ac-2c06-40ac-bcdf-94fa285fbfc5,Tspisxtpzts,2024-10-11 23:33:52
71e6c444-a090-4438-a27d-afa47baf85f2,Rkrwftvze,2024-10-28 19:47:01
1a15993a-9143-4541-82a3-5803a22e1829,Appukrznceexaib,2024-10-14 18:27:40
0ab978b9-f88e-4c0e-9718-6ae8bb799c15,Qvvgfxqon,2024-10-02 05:35:09
b28b2390-32fb-4be0-8371-9cd49d2b7ad7,Rqndhszr,2024-10-26 14:40:15
09e0a636-30a1-4c18-ad71-bba8ae376b9f,Fzjmmgqajnhobsd,2024-10-17 22:53:26
e4d72b86-9dfd-4631-9921-5666260ba386,Fntywdpkxiyporj,2024-10-18 15:14:45
8d54383b-d2be-422a-9b7d-d3710e2143d2,Hqgpeoyedlhtkf,2024-10-29 05:27:25
c4b91f8a-57dc-4440-a7e9-12fc54b2f31d,Imxhe,2024-10-07 19:32:38
db501deb-bbd6-4eb8-8f80-db1d0393840c,Cefre,2024-10-09 11:53:46
bb52c89c-c8a3-4ffb-9298-70f1148ab8ea,Nztkcktd,2024-10-13 20:04:07
2ef2db51-2de9-4ef4-abfd-fe726f8f8c97,Wxumwiov,2024-10-12 18:59:44
30ef07cc-1845-4a75-ae19-2e9584085c69,Nsqyx,2024-10-13 08:13:18
23391406-7584-41f2-81a0-820b032f0e05,Xlxpp,2024-10-13 17:30:43
222a7228-3a20-41cf-b700-d29f45399d92,Efyryxfv,2024-10-22 18:22:31
1d5ca134-eff2-445e-9019-539beec8ae31,Evwkaptg,2024-10-12 22:40:39
bcc22d45-3567-4266-b9c0-eb030a68fb48,Idoekqtuyyzs,2024-10-11 05:59:07
bf60f623-e0d1-482f-8419-d4b0fb7e572f,Jqnviz,2024-10-12 01:56:13
79cc0e4b-ca8a-4b11-a9c0-48cf16c5757d,Wpcuyjdjkflu,2024-10-23 18:26:10
20c40be7-976a-4dac-b792-8cb94d6351e3,Wmahncfumxf,2024-10-04 22:58:51
ab8aebc7-b5cf-4b00-a309-726d4271c989,Taqafb,2024-10-08 13:32:45
e0a3b99d-d861-4f99-8b39-fb06c27f139b,Fcfszwxwkokzch,2024-10-06 22:04:34
b4c7b689-b0f7-4dd9-92a2-d40ea84d7481,Tzbge,2024-10-19 08:05:19
085f8b14-3f47-432d-995d-93013772816b,Pbtxhrla,2024-10-28 16:09:42
52a12e0a-2891-4e8d-9db4-9fe46d00eee0,Gbhraxqlaj,2024-10-30 01:28:44
2f53c3cb-36e7-403f-9c13-ed45c817ac2d,Twalpsjjcsgi,2024-10-08 17:14:38
9289dd28-bb2c-4385-b7f3-de6eaa547f83,Zabbzbq,2024-10-14 11:35:26
40af9104-528d-477e-b3f5-d61adc2b904e,Vevywqvvah,2024-10-29 05:34:09
224682b3-d9e8-41db-b7e7-313e41d7b42e,Wlvmqravpxrajwi,2024-10-07 15:38:27
d4596cca-c7cd-4f63-89a3-300882fc3398,Wvuzmqtuebtyfyn,2024-10-31 23:09:28
0d9a4c8b-7c96-4561-bd81-0f6247e68f35,Jfaosdf,2024-10-11 06:42:40
d3499951-4121-405e-bd1e-e01fe8311b0c,Dhvcbe,2024-10-07 22:46:42
06ec885c-5cf4-4041-9ad7-a386fa84f424,Dhomqlbclunxj,2024-10-28 05:56:28
2039812a-bee2-4084-9dec-1f94757dae55,Dtyon,2024-10-07 03:40:09
531cfd48-a466-4886-9cad-02f7fa7fd96d,Fmecnnnqo,2024-10-29 01:23:18
a7583275-3ba3-4b0e-a62a-e06038337b16,Sroseeyydoj,2024-10-12 15:53:22
214c69fe-9e1c-4f64-bd9c-e15b3ce358f2,Zounomammywl,2024-10-02 13:17:00
7560e591-caeb-4813-b9d0-4a161190514c,Njdetgafpjaxezo,2024-10-26 06:27:38
c3db30e4-3e28-47e6-ae2e-4043b9dfd6e1,Jvplaaciglgm,2024-10-28 18:30:36
921bf9b8-10b3-46e9-93a1-5dc2b4fd1e7e,Slawoaosgbjc,2024-10-30 06:38:04
36aff29c-f699-4f4d-8908-b9b0d052dc7c,Miprufjot,2024-10-10 06:19:57
293b62b4-4ac7-49de-9323-fa2fa17ce4ba,Ntpjswvbk,2024-10-17 19:39:58
dda17afd-9e3f-46b9-a6b5-558e154c9145,Hdifdwfdx,2024-10-19 22:08:45
598fb25f-decb-4c4f-b5c2-7336db51d162,Cwwpa,2024-10-03 23:47:45
cbde39a0-c93a-4e3f-8f23-adf559275960,Hjniuyrommnjw,2024-10-26 23:29:41
b6431171-ac17-4c14-84d3-95345e04ae58,Hpzjns,2024-10-25 01:06:13
f171fd0c-2275-4948-a5fc-db893def8f54,Pxabsayvdqmgvjl,2024-10-11 12:26:47
86312201-3a5b-4de7-8664-80c253973184,Shnkgccvmhgqaup,2024-10-24 21:14:46
313d5e50-3e4d-4550-aad9-a8e36df26b5b,Gopyair,2024-10-07 15:02:17
cd48a5dd-929d-4e1a-8ffc-b881c5760cfc,Khisnvjyui,2024-10-27 01:26:10
5596273f-db44-4cd5-afea-e91cfe11b719,Dizjvznpxk,2024-10-01 11:49:49
6cd75797-37e6-43fc-9c14-94539d00fb57,Itwxbebrld,2024-10-28 03:20:34
becbb7db-6afd-47cf-a63e-c0ad0a1df878,Jjsafxfnwmg,2024-10-03 10:58:05
ab86caec-b337-4ab4-8cfd-5104cd4f7c5e,Dhwzozblyp,2024-10-25 13:28:17
adb17c21-f428-45f1-86b1-2ab2a8881c52,Wglywsnvhuurv,2024-10-09 23:21:56
93f675a2-c679-458b-998f-0e78ab66596f,Tdrxleamkqfo,2024-10-25 04:55:16
74f7b366-e3ab-41df-831c-1dcd174eb6f2,Fygfvvv,2024-10-28 14:43:44
7bfadb8f-28fb-420c-bc95-1e0934315141,Asxiubigm,2024-10-10 07:50:13
b5a2c043-af98-4562-8566-1b91e0fcdc8e,Dvamvmrw,2024-10-20 21:06:14
91a9f0b7-eb87-4d1f-9204-2644310a1eda,Wgbbba,2024-10-11 17:57:38
53118287-283a-47d0-b76a-0cf727663de5,Dyxbmvzxxpblzo,2024-10-04 13:30:48
14bc0c97-09c4-4274-a151-03651d6dcd5c,Tokzunfo,2024-10-26 14:24:59
817b5277-64d9-40b1-b4ab-5d3ec7dd1d5c,Hrcdxvfwrfcvmcn,2024-10-14 21:02:04
82526c77-827e-4663-8d75-9c97a0c3f620,Cyhrcutxiyhe,2024-10-05 00:46:16
b3457d2d-ff5f-4e2a-887d-30f98738f8f4,Llmfakc,2024-10-25 02:14:23
e20a069b-9f9e-4bfe-956b-d80e806d975b,Ajgsxizaixns,2024-10-22 14:15:14
1a0a3546-c288-448b-90da-2a3702612d89,Yiibxyusjcuvnvz,2024-10-04 15:53:44
ebbf1a43-c46a-4c12-8823-2238cb5825e9,Xydvxvhctaa,2024-10-31 00:24:55
b65b7a54-0c7d-4682-b454-538123afc6cf,Mcoabomitjmpp,2024-10-03 20:10:35
370fb11f-7060-4dac-855c-3aec60019be0,Uogycqqfjbopip,2024-10-24 20:22:07
04f521f6-5bf6-475c-9851-1c3facd6c9de,Gkaufokfwy,2024-10-11 05:13:43
1fd91327-f6a0-487d-8fb8-cf347470c1c2,Dkpkelcnam,2024-10-28 20:39:18
3d2b9bf9-30e7-4ae6-8d4b-38b082c48ba6,Lfsrnqytzwyboet,2024-10-05 03:15:08
a90098f7-1710-4b99-a7fe-86e494b15e02,Aufigfcx,2024-10-04 20:50:19
e68e5665-562b-4264-850d-3a81959914ab,Wgltaafwrhnl,2024-10-17 00:51:02
b8e6d55b-6d8d-44c6-bec8-e0d955c77adc,Hdqbyf,2024-10-15 04:14:18
256915b5-f533-4b48-871e-d37dbb9c6c5f,Rqyqhca,2024-10-25 18:22:10
04c7f5be-887f-4095-a83d-fdcdf4bf5b2f,Ucmetkemtctbg,2024-10-29 03:38:42
b184d7b1-8441-4f3f-bc25-d546dcf648a8,Nwfugrz,2024-10-12 02:17:53
2e850a93-dd72-4848-a6b3-c60c3e7d5d8d,Vygwhecpwhym,2024-10-22 02:48:40
7a32ea32-9b8e-45d2-aa03-56b1ce71b9f3,Jonqqqgldcpmxse,2024-10-18 00:22:44
1d7facf5-97ab-4bcf-9b43-53cef270146f,Ctnsipribcyjcm,2024-10-26 17:18:27
4278d286-cfcb-4e88-b9b6-7127fb62a054,Auivadtkvcfgzt,2024-10-16 01:55:18
677b88d0-a2b6-4f59-b702-21205487e251,Bsttuoghybx,2024-10-20 01:20:50
3069c7e8-897f-4529-bb24-83eaeaf4bc5e,Zwyvouzlgvil,2024-10-21 04:39:48
c3631ee1-c97a-45a3-8acd-44f84e778b6d,Xnrcnjbrndxiqj,2024-10-02 14:49:22
d474c2e6-33e3-4139-b215-ce5ff3ca3857,Avzqpea,2024-10-06 01:57:08
9af6daca-bfeb-4490-a4bb-361940e2b10c,Nmrep,2024-10-22 16:04:53
a3bae907-4002-40cd-b4f5-11fb963b014b,Dxookevcrhzv,2024-10-04 10:30:35
23764309-d349-465f-bad4-544d92652d37,Jlanivinzylqad,2024-10-28 05:51:19
23d4c2b8-9eeb-4320-8933-69ee1251479d,Mleoqcwmapgwgll,2024-10-03 22:02:32
d1048934-4339-4535-8e68-f4061ce6755c,Aekepyqinyha,2024-10-21 09:21:41
8605f5c6-c0bc-479b-a787-c5a287c0ef1d,Npqsflprifvpvot,2024-10-30 13:01:12
ce2029b9-ef14-4e48-9a27-9053ef4ac1ce,Hgnevvz,2024-10-26 02:52:53
3667352f-ef43-46e7-830c-126864485f73,Tzuxwjmupcb,2024-10-20 15:59:26
ef544ff1-e8bb-449b-a6dc-753eb2608dd4,Vqifynnixripma,2024-10-28 21:54:19
8fbe9c0d-8b3c-4ec5-ae90-98caabeab401,Zvawounzzwbegd,2024-10-10 07:03:44
248d95ba-567f-4cc7-be9f-7125361a076f,Ebxyxdmsmbt,2024-10-22 19:59:27
a18c9582-722e-4161-94e6-4e7eae37fc1b,Tvxpvbjcjh,2024-10-06 06:55:31
aac33204-8bcb-43aa-a3eb-7a26bd2b23b0,Iyabm,2024-10-17 20:18:22
1a2b834a-87c6-4857-92b9-5911da1cc195,Kekduujbohii,2024-10-11 00:32:27
20d84515-a5ad-4e0c-8e52-50e6383e0f63,Qoojjaocbja,2024-10-15 14:03:58
11971378-ac72-44a9-801b-20ba03fd030d,Ofpomwczh,2024-10-24 00:50:52
c2e6bf23-bdf4-4d2f-94b0-7969c12c7d9b,Nhllizxnrzk,2024-10-06 16:48:07
712f63a2-0b53-4dc1-8725-7995094af657,Ndtmlhzg,2024-10-27 08:34:20
0824de1f-c02d-428a-9e28-b329333e57db,Hsyxiq,2024-10-15 02:37:53
7c65c7da-3b8d-469a-8c76-94d7b7a375dd,Joyzlhcmzno,2024-10-09 02:50:13
3740cbae-b6bd-4183-b446-3c64e5e485dd,Naqcokgfd,2024-10-19 11:51:37
a2105c96-3e16-4b87-9b48-f064481948e1,Kjdnqzshnguxttk,2024-10-06 11:36:55
d745e304-c37b-46f6-9328-b9b452d38f15,Htqibeirghcdfq,2024-10-25 09:00:01
f7d706c1-8c82-4b5c-9346-35e097682b38,Cizkqcailvtkhin,2024-10-18 03:38:51
19575975-12b1-4977-a1e0-a532a9a71eeb,Rixbci,2024-10-19 09:35:22
1983d578-b62e-4c48-9a68-f24f7624d65a,Rayqwflhvwfyei,2024-10-27 10:36:34
90c524e0-02b4-427e-9613-34fa76e2f71f,Qdkerxqd,2024-10-13 14:38:51
52ef3e0b-b622-4485-bf70-7d969ebe027f,Hkmfcdgict,2024-10-22 07:00:17
1d501bf2-70ca-40a7-9a98-a6b3bcc2ef7c,Kbahku,2024-10-03 05:53:45
6662d471-f25f-4cc9-9aff-9e4cd88964d0,Qdjhzim,2024-10-09 09:42:44
a097cba6-e54c-4a9f-97c5-158bd5c9b875,Lgdwyiwelr,2024-10-02 17:02:12
02c89dc9-d172-4da7-8c68-70321a87bfb2,Jxgjoatez,2024-10-11 02:25:27
07e5fee0-fbea-4421-938d-9c5e11d92d8a,Rnynejfa,2024-10-12 11:52:52
aea3e92a-0262-4be8-8dd6-a1e4f69df9f2,Ocmlk,2024-10-08 03:34:40
87c0b78e-c286-45ca-87a5-53f9075997e3,Wicdquo,2024-10-21 01:54:46
af5c883a-702a-40ff-8d36-883fdc378dd9,Lapfpwsy,2024-10-02 11:23:22
a07bb759-203f-4565-86ea-8f91998796a6,Uqzdbapzaxor,2024-10-27 15:45:25
bbb18936-fc6f-4fa4-af14-6f9fd9a4dbe7,Atszkh,2024-10-23 02:03:46
84caf36e-ea5c-427e-bdc6-38dc6c694d87,Hsvpybcc,2024-10-22 06:54:35
1c3957b5-55e1-498e-82ba-2f51b0d5df34,Dvsookitdcyh,2024-10-25 23:47:57
b5cdebd1-ed49-4345-a213-fdfa056ac547,Ysobtqeoxpr,2024-10-14 02:18:16
24e10452-1384-43c7-84c4-64d469f4afc1,Kchbd,2024-10-05 14:32:24
2d757c87-6d33-4a0d-9cb8-49aa3eeac971,Nkevwdvlbo,2024-10-06 20:04:42
8edf2ca4-d060-44a5-9922-200429229342,Zcwkpp,2024-10-02 09:08:51
1ed636a8-70a1-4dfe-9b4e-3d52352c8dd4,Jhqkdzpwu,2024-10-21 11:36:51
e35ac766-6924-4da6-acff-f99fec1ee5b3,Vyhntvpj,2024-10-08 02:56:54
4f59a15c-6921-48c8-ba53-45c2c5fe64aa,Befnwcp,2024-10-09 21:21:20
869f0570-b596-4b63-8e85-812b1c7e548d,Gbxtakooe,2024-10-23 08:40:29
7359edf5-fe84-4795-bf95-b80e88f83571,Bawoqjmptkpsma,2024-10-17 01:47:50
470862ae-5042-4a89-9c42-67548ca8855d,Aokixlanspxw,2024-10-17 14:54:11
e7bf8a03-0588-4a09-a383-2125f04c3295,Bnxuhwmiuanv,2024-10-09 20:13:53
8234e70c-616e-4852-ad7b-62eb84450240,Pkwdboxwacuwdgh,2024-10-21 10:37:03
1e7ef2da-d36a-4343-8dfb-e4a016adbf0f,Uvjuybtrscjqpyv,2024-10-06 05:06:55
13d2faf4-2066-48ec-a199-60481f7d9904,Hxaggieaibcj,2024-10-30 05:22:45
f1a6098d-b52f-44f4-8ca8-21db660023b0,Gtbwvngngqb,2024-10-26 01:47:03
2e106887-aa1f-4850-9baf-ded4dc49b9bf,Etyzczpi,2024-10-24 16:49:03
a14c55f1-ee5c-44b4-abe6-c2481daae6d3,Chindgbmrbeshw,2024-10-05 14:28:22
26122aa6-750b-44ba-b895-d15812c2bd8e,Syiogpupdhwlkl,2024-10-02 04:36:19
c63dd6c8-f2d8-42c7-ab24-abed39296885,Zcryfgmatr,2024-10-31 09:33:55
1a925c86-8059-4f48-a7cc-917b1cd9772f,Gknyzqk,2024-10-03 10:00:07
9f32dccd-d04d-48cc-a765-76fb1f45c8b7,Dpgqjqgrusksdr,2024-10-07 05:49:44
b42a0554-0405-4d0b-b7d6-c96afbd2abb1,Jpwggsqy,2024-10-27 03:37:48
1d90bf5e-0e7a-451e-8d2f-8fc9812415bb,Navjpmbvaykbey,2024-10-13 13:55:21
6e5e1cd6-bd86-498a-b69e-b5ae207323eb,Wkoqvtojetjr,2024-10-03 17:53:31
2d40e2c2-3e45-47fa-8275-8960ec8faff8,Legwjty,2024-10-05 01:20:50
296bfe0e-ec65-49cb-a241-24c5d0a8e803,Eczlzrjwmnilr,2024-10-28 08:20:13
9d4f5b3a-ba89-4259-8577-9e91e31f217c,Xweizasoeu,2024-10-29 21:47:08
9dea38fd-1acc-4d6a-990f-30df87c9af95,Rymfyfklquzow,2024-10-15 23:04:03
82528215-de50-4012-95c2-0c64d3f88dbb,Cnuhbjaisqfeg,2024-10-02 14:27:27
3778f48d-ffd6-403d-818c-4b0461abbedb,Hjcefkacsm,2024-10-11 09:17:13
e83c3212-2112-40d5-937f-559857d91fa6,Dfixvpllugbke,2024-10-25 02:36:44
3eb8fbfe-65d1-4600-95ee-c511d201b056,Ydeqfdhzm,2024-10-05 09:29:37
33000fde-237e-4c26-b63d-3d100764ece1,Gxnmjhpqbbvk,2024-10-06 20:35:44
6ae1756c-0a4e-4cc2-bf99-25161fcf0643,Rxvqohzhh,2024-10-20 00:34:23
3848659c-ff9d-4ef9-9df0-6df4c0a2e951,Rtnimmxrvgnm,2024-10-28 01:44:57
6367ba8c-eff1-41e0-a25a-cd004b29391b,Inwukquonb,2024-10-12 03:22:27
18acf34e-eb9d-41ee-b400-99e2a1a02f93,Urhjvpgmx,2024-10-09 17:22:10
368901b3-acd4-4bd9-adaf-dae173ce0350,Tpemxynlyowa,2024-10-12 08:34:42
377c5852-8b48-4965-8863-d81f8d2cfc60,Kyvzcqtwmm,2024-10-22 05:56:03
07c81e0c-632a-49d0-afe5-bb6042a0a3e2,Emuygnns,2024-10-09 15:31:41
f81b4b1e-e784-4d4c-ac5c-3e839b06d58f,Paanqwejuigwjn,2024-10-11 12:12:05
ea0f91b4-dfa9-4dd4-bda0-d166470e4dbf,Btpchfbtmtrvt,2024-10-22 02:35:15
0bd19a7e-4d42-4554-ba2f-74f08f2dce4b,Wrggbyhprlhdqkg,2024-10-24 01:59:03
c1efb667-d35c-4b59-ad84-dfa455a4288a,Wekghdly,2024-10-23 06:51:24
7a3fa8d0-2e73-4a77-b96f-e24cdad47277,Ualesd,2024-10-16 00:52:32
84aeb598-eb46-4e03-9506-91d43b26e905,Szbjsqdfjpdc,2024-10-27 14:11:59
efa7c893-fb2e-4854-acd7-7585964bfcd0,Gywtezokrunissx,2024-10-18 17:29:34
42254c5d-4d72-4577-88f4-4abd55b15ab5,Gcidyf,2024-10-01 20:53:22
04ec88a5-776e-4d2d-b818-577dbd934e27,Fbevrjkl,2024-10-17 06:13:52
1b15926b-e4eb-4ee7-8a6c-0a94909ca9f8,Rcmttawzla,2024-10-24 20:46:48
fb70f995-052f-42b7-a0f6-b820a73ffceb,Hrtmluvmejo,2024-10-02 05:42:02
0980b8c4-1615-40d8-9c70-00a1364497b5,Gvosuuwzhhvhp,2024-10-14 18:59:36
68841916-d0ba-49be-9d15-62f1dee6738f,Roopnwjs,2024-10-12 20:01:46
8d1d627e-9205-4252-b1a1-57d0b8188c3a,Eahsizcbsi,2024-10-13 21:27:24
f8c15388-28e7-4180-9993-4670858b9932,Wexdwpurgosurob,2024-10-16 13:18:14
2c09088a-e98f-4a92-876c-1b6f1975ccdd,Zyppwerxdkvwd,2024-10-30 09:13:56
fc9ef41c-1f6b-4281-bc83-14bc056cb3a2,Caxpjw,2024-10-01 20:23:26
cf6a4501-c2b6-4b13-9415-be25306f8c62,Tnafw,2024-10-03 09:16:49
6b03c082-bbe3-4ca2-a1e8-126b15463d69,Hpmbqktwcdm,2024-10-19 17:16:53
acd1d0e1-28da-4481-976c-2169940d8688,Nmfeaev,2024-10-26 18:26:10
0ceee9d0-2c34-40ff-9786-0579d9c64853,Ngfsbmxqiv,2024-10-15 09:58:23
1d52ee79-0a84-4bec-a0a9-ec48127f183a,Dggvg,2024-10-15 02:32:00
af0e401e-4d84-4548-8bcc-e683a3520d52,Mkitnaijwpy,2024-10-06 14:15:36
f8d4defc-7909-459b-a0fe-933129f1f271,Cqqiezlerwz,2024-10-26 10:38:35
6e128786-2141-43f9-b66b-f38127138a00,Cczlmckttcaoiwh,2024-10-23 05:54:04
0ce9aa50-6067-4811-ab3a-40e8171417be,Upbztprq,2024-10-25 23:09:59
137b2d7a-4016-42ad-ac15-7beffbe41f7f,Dbaeesr,2024-10-01 10:37:03
c7480c6b-1dc9-4168-8013-ccbfc650100d,Thginbutkpuoip,2024-10-15 20:54:13
1a173522-80e0-4ef8-9a14-fd6f676a3071,Nnbhrwrzmsdvijc,2024-10-18 07:50:57
6f2bce4f-1f53-4f08-951f-cb52932f6fe8,Kgjhzn,2024-10-03 17:11:14
69bf7249-b886-4f63-97a2-8b25b8d42e07,Dxmcclxy,2024-10-25 05:35:29
63c9a4a7-ccc0-4100-adc9-a96b37f71a19,Twywjvtosmf,2024-10-27 11:16:17
1857df78-c0ad-461f-b364-a1e7ecbe3dba,Lpgkqt,2024-10-07 18:32:32
6037e755-8eea-47d6-85e1-e8c770b48aed,Glfvhdzqbiwtjz,2024-10-23 06:11:58
5a1e54e2-5699-4e1a-8df1-59ec5f4a3e90,Cxqdbvlizfkpjgf,2024-10-11 18:03:21
bc0410ed-2fc4-42c9-9f3f-a59e81cce066,Wcbzf,2024-10-29 06:47:02
1776de6d-45be-4a9c-864a-3d104486dcfd,Sdoivnpt,2024-10-17 15:47:15
5111213f-f2fe-4c20-bdd6-16f76e3be7c5,Wwxbnitwd,2024-10-18 06:37:31
f3e60e84-98ed-4a83-ba0d-93fd8204f561,Fqsupateiq,2024-10-23 09:39:26
7ac7ffc5-e225-45f0-96df-e7e062f027a5,Kaohmybsig,2024-10-01 00:59:07
13d015f4-443d-4488-8abb-a350c8e3316c,Rptvawpbpuoqux,2024-10-25 22:41:14
ab5a64d4-e353-4081-a7dc-4ca640f0db10,Xcemwesdwfne,2024-10-28 14:32:33
c7c08578-9455-4c04-89c9-d58fcfbcf048,Efkszghgs,2024-10-18 21:08:32
968242a8-d07b-409d-8826-03da7242fe3f,Vpendtwfkb,2024-10-27 23:45:53
e55a649b-7fa0-4ff4-ab9e-48405adbd584,Pwfzljxw,2024-10-03 15:13:20
205b4f56-8ce8-42da-859a-b789479d748e,Lfhzcgpmctofat,2024-10-14 05:10:32
8eb761fd-9296-4abe-9ab2-5e80d4f14774,Vlqzbxkgogxs,2024-10-21 08:33:45
730531c4-e28b-4eb9-8e31-43504ca61f68,Yxbwdnnpnxjbw,2024-10-07 15:26:35
5d84e4ad-8f5f-49a9-a3b7-e754fa8e1115,Xoiekuuzytxpvo,2024-10-29 09:36:12
65d042aa-cfb4-4879-b75f-1712bdd23b0b,Fjhjbk,2024-10-08 11:49:21
11c0483b-8288-4509-9018-53c724f87a89,Pozrb,2024-10-02 05:28:32
e86d7c1d-a229-4fab-bbf0-ca48c9b1c453,Npuyibduplczaq,2024-10-23 19:50:11
91e0bed9-a9b2-419f-9b5d-a5ce1da1ea11,Zkdkxfxb,2024-10-22 05:55:33
8fd3be9d-c3f6-453a-8698-d2e4e02c0258,Kwezslwxfviqxf,2024-10-26 23:31:41
d93db9b1-ac70-4c98-aa56-83e3c0bfb026,Adrfu,2024-10-27 17:04:21
3961b134-f666-49c0-a39e-15c926fb5e22,Mnfqgyqr,2024-10-22 02:49:22
3b904b1a-54e5-4344-bc55-407ec5b54c9e,Cnrwcsmweeil,2024-10-24 06:07:43
63c76950-a471-4bda-87a7-1ed007cb7c4e,Shtezardqbkt,2024-10-21 19:15:46
234f753a-a5c5-487d-9f3d-47fecf8ccd82,Qgppfaxrcpi,2024-10-30 14:31:31
b2f33da8-b0cc-4080-a47a-6ba21a27a0e0,Gcytpnlwyjtx,2024-10-02 20:26:02
d29466d5-e76a-44db-ae62-75593345ca00,Djycvfsiymvtzq,2024-10-22 00:37:48
0d1e14e7-ac6e-4666-9cd0-91ccac20ac7a,Kpjfv,2024-10-24 02:08:14
24099f40-9e89-420c-8e50-a2b1dc85d570,Djyhnnbameh,2024-10-26 02:35:59
1d1ff375-d40b-44b6-948e-623b7da0eb12,Swtqunxmyswma,2024-10-20 04:08:58
8628187c-9987-4f22-862e-67e42680ac6c,Qqkuzqllwwko,2024-10-25 19:47:54
4c3deeae-2603-4ff5-9aa0-ec0e846a3594,Sdyopvi,2024-10-03 00:41:45
d6d30722-fbc8-42a6-a975-8440ac9bad2e,Ibptiqwwiv,2024-10-01 20:49:34
dff750da-ebcb-4d7a-b8b2-8e7da7ac1a58,Citzosqtibjiim,2024-10-02 15:49:47
8bed1dd1-ab4b-4b30-9a2d-a2b970f177fd,Rtrmfte,2024-10-23 16:29:03
c95af00e-6cbd-4e62-94e6-a3dc6c06763c,Tlbbmtxp,2024-10-13 08:16:23
eb3eaa7f-ed68-46a6-9599-fee1813584cf,Lgiiozzgyxihd,2024-10-04 23:09:15
c1428b3b-fd50-4782-8397-45014b268d71,Oaigeffyqpjmv,2024-10-09 17:59:04
a8fc5046-c1f5-468b-9781-e96f99a3a5c8,Rsbragkor,2024-10-18 23:48:33
5761b24c-2915-4854-a8f4-2c38e89a5338,Bsfyib,2024-10-24 15:08:09
e03b7a10-b88f-4d6d-942d-a1a2691f94e5,Srvixfpwyztkmfv,2024-10-30 22:55:15
21a7b4dd-2d6d-4705-9194-57aad564d46b,Fjqgkxyz,2024-10-25 15:00:13
cfd5f176-061b-4e6d-8fed-c6a4a6dd1aa8,Umchcancm,2024-10-15 19:30:38
35547ccb-f94d-47bc-a070-352b9d13b513,Fhjvutmt,2024-10-07 03:03:55
eb346259-81e2-4639-b296-b8b33b69c15c,Ctutxwjlwhtio,2024-10-27 16:48:55
c78b51ff-54d7-4cb3-bc28-0af6f3461ccc,Aehwuxo,2024-10-16 17:28:25
5497f1a4-658c-4509-ba2c-d339bb3e8a5b,Yacdp,2024-10-06 22:26:29
52c4e8c7-48a5-4898-8f04-370c4bd98f09,Gdazk,2024-10-14 10:59:40
3c1062d4-6d7b-4f44-878c-4448485b8ebe,Fbofawcguvtvvr,2024-10-29 04:21:22
566bf7d5-8f4a-4caa-ad1e-7e6c70441f9c,Gytrkvpgfkb,2024-10-11 21:36:06
9690e352-d4b4-4971-bfde-0b8e4c3745ff,Cbwhepwgcdcupap,2024-10-30 07:03:07
ee8dcda5-4c6d-45b2-872a-190150bd08e7,Actpbed,2024-10-21 14:00:38
806dfd23-1c9f-490c-a586-82228bc31a3e,Tegzioknnb,2024-10-10 14:59:55
ac589000-3348-4acb-8254-d0f16bde0d4f,Eimwjzbyqm,2024-10-09 02:37:25
6d88f497-3289-499a-88f7-1dd32882c095,Whnyqhoxoe,2024-10-09 00:12:42
3c3d4909-a5e9-4d3b-8186-2258dbe47089,Ionsuzr,2024-10-22 21:14:33
4c607bc9-3511-4e26-b853-1e9c1b003ec7,Hugvxcjj,2024-10-10 17:40:29
700df8fa-960b-471e-b483-7d9c356626f3,Cgndwa,2024-10-03 18:46:08
a5fda75d-05e0-4644-97ee-3dfb6e048acc,Tzethtepfill,2024-10-13 17:17:43
e4e2a200-a573-4920-baf7-0a7885f6731d,Ssyirmj,2024-10-21 02:26:01
9ff42d76-6532-443f-af26-93c8d4153493,Iuqxvjlftmfp,2024-10-15 04:37:20
b7545fb6-c0a8-41e8-b5ac-d050cf75acdd,Oebquxwyjrjp,2024-10-31 19:15:50
c3b6cb67-cfec-4474-92f5-4c2ed74f6944,Kzjgjsyvtjc,2024-10-15 07:54:11
b79e5c96-9fb6-4267-90d4-9523ee8a7e35,Hymsjyg,2024-10-21 00:01:02
c7528d99-1631-4efc-b8e2-88f5e5b51b9a,Plblw,2024-10-14 00:09:26
54ef46be-56c6-48c8-b9bb-82c29b243cc2,Bgtjso,2024-10-03 20:57:06
11907d59-cd02-4471-a9a2-727f5c31998f,Eajnmv,2024-10-06 02:27:24
bbfe3bed-4b89-4c11-82d0-300fcb109da9,Gahnjqk,2024-10-20 04:02:55
d56d0472-4508-49fa-9fae-e42ba6954cbb,Lgmrqxhyt,2024-10-23 16:44:48
abd640be-50d4-4774-9c6b-14ceb251ad74,Bnbke,2024-10-31 14:03:43
3cd415b0-3213-48a2-adff-10782d5f8468,Drdxhjoeckii,2024-10-01 19:19:31
9922905a-9a11-414e-8eef-79ea8e45b817,Odedctospivrda,2024-10-14 22:27:50
ed5653f7-638b-4224-84f1-86fc7bd1875b,Alckexdniuho,2024-10-14 23:08:16
5010aa03-d26d-4f6a-8f2d-42353cbf9a26,Cdoxjrutlj,2024-10-31 06:34:37
a13c8d0c-5205-4158-b4bf-6efefd2eea36,Kfyzojrtn,2024-10-04 11:48:36
9a9e096b-c86a-411d-979b-08c19fd323ab,Viwqpidoxtigau,2024-10-25 09:21:30
81214cee-eff1-43e4-be24-b0acc996fe00,Zmjngqqptm,2024-10-14 08:02:53
c1116cbe-85d4-48c9-80ce-9834c3bbae2f,Xvvgsyyowddzzo,2024-10-03 03:37:14
c4fa5d06-5cfc-4b1e-a1cb-d07c1a1e7ba9,Opnki,2024-10-07 00:03:46
e32211ef-de6b-428f-ab51-b431fce400cf,Czzclzc,2024-10-09 12:30:32
147faa95-143f-46cc-8b59-440bf2d86d04,Gwxpfonbfovd,2024-10-16 04:20:41
c4c338b4-468e-4b7c-91cf-77f55290a99a,Bsldjbmfvhiir,2024-10-16 07:51:15
7a2ab931-21a7-4eef-ae45-96f605439df8,Dnvwlg,2024-10-13 08:57:50
6e56bacc-8ca9-48ab-aaca-10c8f1926e87,Lhnukd,2024-10-22 15:39:14
9c7b2777-d0d2-49aa-9e4e-b3c478e71a39,Totbul,2024-10-02 17:14:33
d0de8f56-7d2c-4542-84df-1b59e528bd06,Pwuvjdvncu,2024-10-07 22:02:29
773499f8-960b-4dc3-956c-bd001e7387ab,Njkobewbzf,2024-10-21 06:02:37
a3293861-fe54-4a76-ad66-7a71d3d12408,Qrksh,2024-10-13 01:50:48
89f0f4e5-ce2f-4107-869c-5193393ea99c,Grzmasklveysbml,2024-10-31 11:22:03
58bf28b2-5a5d-4490-a551-1ee296361b46,Xfenmk,2024-10-23 05:27:52
4b0a095a-f82c-4953-8676-721a60ac302b,Lxjvixagaweldg,2024-10-11 20:09:19
9e25d2fc-1813-43a5-b37c-69fc6e8648a5,Tnmsapetivmgdq,2024-10-26 22:56:27
ef5b2023-45f9-44aa-9ae0-9ba6d8c356e5,Cmhhyeh,2024-10-31 14:32:07
f1d0d607-cf3f-498c-873c-1dc9893156a6,Dbyfdoyroptuw,2024-10-21 06:58:39
3aa391c6-7c85-4cd9-acad-9dfe15c17082,Giavqsfqochdey,2024-10-04 07:51:44
6f4fc91e-bec5-4758-9340-b0802bf7fbb7,Aoqplpivy,2024-10-30 13:56:47
ec5c37ed-2fac-468e-a115-22281072c604,Gntzsbcxmgmih,2024-10-10 23:57:12
28e041e2-d2be-44f5-9f2e-3d3e46d2989c,Mjypm,2024-10-18 02:14:42
52418053-8bfb-4a74-91f0-a998b25c7bbe,Uqihifzktsta,2024-10-14 17:35:33
4216fc7b-b94c-48ea-8aa0-8b568e6f3948,Congiebxgzophjz,2024-10-07 15:07:24
4dabb6c8-c633-41f0-a28b-af9c86d808b0,Onhgif,2024-10-16 21:10:21
a01a5844-4e96-45e4-af3c-3684a993bb23,Pkipaqzw,2024-10-09 05:53:48
2d18ba41-b967-403f-9e84-cd11cc72ffc6,Ztiwag,2024-10-24 07:40:31
8490eaa3-15d8-4b84-ad2d-7db773f4ca9b,Lhpvxegxiqj,2024-10-27 20:34:30
1d409846-7fae-4d6d-b4e6-35fbbe82ecf6,Oazqzctitdkx,2024-10-27 07:56:30
41ca4fee-0b74-4f13-9d95-04c67544ee3f,Iqzijapedxtv,2024-10-14 09:19:43
f5937bb6-9c29-4da6-af11-59d2ab985b36,Jtlgsrdzorilp,2024-10-09 04:48:54
cea2edef-1adf-46f5-b8ee-6dea918aa6df,Bmoxsjv,2024-10-29 16:19:07
e9139d5e-6132-4526-9eb1-729c435f64df,Jkiimdn,2024-10-10 12:03:20
4b10fb7b-fe83-4c4c-a8e9-f3dacb2edd3e,Cadxji,2024-10-06 15:27:28
57eac18c-dda1-4960-801a-c112347ba6f0,Xvsqaj,2024-10-05 13:24:07
e367d2ef-644d-4d14-afde-b1838b5853bb,Lwihfjcdcmsp,2024-10-23 21:45:13
8154179c-4421-41bf-bc6d-5268ebb5c066,Yixrlle,2024-10-01 21:21:19
4470cf29-58e5-45aa-ac7f-2802316ac9a0,Mlbqscpkzjh,2024-10-08 03:00:54
80747666-4567-4b71-b3e4-a796dda6d723,Wgmhtktpcpfa,2024-10-21 22:09:05
1181b6d5-848b-4433-9e9e-630de8665e7e,Yphcvzluywlsdtx,2024-10-01 19:42:49
c698daf0-6460-4c7f-9723-668004547532,Avscpsxzjigu,2024-10-05 05:48:53
87fbab94-38b4-4713-9746-8e4313b16b04,Gjhsd,2024-10-28 05:39:43
32df6c64-2368-41ee-be4f-7824f0961847,Dqmznk,2024-10-20 21:15:33
9f29615e-c363-4622-923f-94faee04db9d,Bwsoythqlsfcoea,2024-10-24 10:56:47
ea4f82d1-f3f0-492a-bf62-e22db412f6bd,Ubkwodshz,2024-10-10 07:59:28
f9543e35-917a-4a97-9b39-82522641212e,Ymowx,2024-10-09 14:32:09
cfcaacb1-ecc1-4810-84cb-d9fa092e5b9e,Znyaeu,2024-10-03 07:29:53
f5bee5fb-c5b9-4e39-90e7-1ce77c70541e,Hmjtushjrvkdtd,2024-10-17 14:07:31
17967cbf-0557-40f9-8c7e-42a84b44d14e,Lecstiuox,2024-10-13 11:27:21
ec6d003d-a127-4c66-a528-3be4dd15e7bc,Lkbnzjvkwvnkelw,2024-10-14 23:31:16
92af95e1-f6e7-4eec-9ab6-18026dcc12a2,Tapbugids,2024-10-20 05:10:15
68e1e373-1475-4ecd-abb6-d50cab3b08cd,Mtcscfcmhtg,2024-10-27 17:45:26
d60765ba-e045-43bf-9874-9aff22350d3d,Xfsdidmjoamy,2024-10-17 23:03:04
33bafd30-66d9-4abd-a9f5-372172b7a4eb,Kysxysytn,2024-10-29 15:04:45
19f57f32-2b72-4091-a888-2d4b908e5f24,Oktlkeldqkvptbe,2024-10-23 00:40:51
d0f68315-ab5e-43be-8136-51a900f6504a,Pggkbh,2024-10-29 23:38:15
bd39aff8-e044-4d1a-bb52-3f6e1859f7f5,Lijpdukmr,2024-10-13 19:48:23
5139fe71-b84a-45fc-96d6-2305bd9a2dc2,Eliaeahy,2024-10-21 09:28:24
7e617b99-705c-4503-97a1-047109ab6eff,Cvjhurckq,2024-10-19 02:21:20
f0280c0c-fbb9-481c-b070-b6ecfee840d5,Bqhfpzg,2024-10-30 01:10:30
7c86d3d3-b456-46af-8191-2de8761c534d,Mzeyhogqfr,2024-10-03 16:54:23
c9783b9f-d204-4387-9098-83cbb4bb965f,Tgifi,2024-10-28 13:13:29
c614b7c0-0b10-446e-b200-9b8b500ef227,Wpqhqbeitc,2024-10-13 04:50:03
56f2e586-63fa-4fea-9bb3-73ab9be8a7d7,Kbfwrsnducjyb,2024-10-06 17:21:17
c108707b-f3c3-4ff1-8143-661b519fa907,Rgxrgfqthhi,2024-10-19 05:45:27
a020201a-61b7-471d-99d1-ac8b8560530e,Qtzrcajl,2024-10-01 10:06:53
f3a4e67e-adc8-4831-9848-e0dbbb25ddcb,Mhgaty,2024-10-16 23:00:49
0b4b362e-9fc4-47f7-a140-bec24e352cdb,Fppft,2024-10-21 15:30:19
3f8b98da-5a61-430e-a020-741f66893504,Ykbyedlxxeoudc,2024-10-04 06:32:21
3d40f600-9bf3-495f-a3ed-ce8c7c75eee3,Tpkvexa,2024-10-05 08:46:53
203f2a37-c15c-46b1-9591-1113c31eb69a,Fxfvkooaulflat,2024-10-14 20:16:56
f692c069-f8bf-4e4c-9a83-28b3ec03115a,Dhkaumpds,2024-10-13 22:43:06
19557a68-ce9f-4788-82db-b2d80fddb03a,Zrmfvjrajhjkp,2024-10-05 03:08:44
65f1a723-5070-4245-86ac-67ba5e58782e,Ggyxuqo,2024-10-04 19:39:15
dceefb90-9ba8-429d-8f59-7d6a1e6cdcf3,Yncvwjolebkgzvf,2024-10-11 02:15:25
9a9cd203-7b01-4054-a374-b67a16a67c41,Iyzowlqgvfagmq,2024-10-09 02:53:03
84608c2c-75b7-4f5e-9945-da07f8798748,Jazrvejf,2024-10-26 06:50:44
d8899813-8373-418e-b981-3235d55e138c,Zcxiqsq,2024-10-18 08:41:14
3867fc6d-c331-438a-b3ed-1c4333339629,Jolvyhrc,2024-10-10 11:49:21
50ecb95f-5ed0-4ba8-a534-ee67742bafcc,Bfefcuubalyd,2024-10-31 00:21:17
e764e349-516d-4425-8a58-8a7e4741fb18,Ogaucoanyhz,2024-10-12 16:28:33
ed57fb9c-3c5b-40f2-aaae-c3d56218573a,Fkgucqrgqalzjf,2024-10-23 06:53:09
2d496acd-609f-436e-888c-e396e7ec77d2,Toaleswkarzc,2024-10-16 23:53:50
b3b58cd0-cbbd-495e-b6af-d51cf41e9562,Jeneizrs,2024-10-29 12:31:54
cbb4342b-9577-485c-be50-ed3c8724191c,Rdhncmmxf,2024-10-08 11:16:46
9bdcfd7f-067e-452e-8129-b69c95725bc0,Baaxrleenrbra,2024-10-26 20:59:29
5bfd9439-ad64-42f4-84a9-f3b929339e32,Teiztbhtdcsqfo,2024-10-14 17:45:27
f1828f82-77b6-4ffb-b89e-0b37ccdf82ef,Qptyxmvrlvbetz,2024-10-12 17:34:36
cc34d956-d1f0-4c95-b7b5-b1e46924c1ac,Pkhvbryfnbdevb,2024-10-04 02:40:07
4c120d83-7b18-4b97-86d1-3e89e8533c14,Xlycwjb,2024-10-21 08:03:59
48fa520c-407a-41f7-8e3f-6895472ef337,Nfhboi,2024-10-21 21:09:05
1968d1dd-ad58-4cc9-9780-6ea2c2071d4d,Lwystygjof,2024-10-18 13:25:42
e3b44758-9e01-4355-b551-ecef00a9dfcc,Orrvhpevgzjfd,2024-10-28 06:42:57
49291e33-1880-4075-8dd4-c8dba301b0c9,Hvlaxjkaz,2024-10-29 07:45:53
92399f69-09f8-4118-8a20-e9c00b9954e9,Nldveimar,2024-10-25 03:02:37
83da340f-b1dc-467b-99f6-6d1ecaa872b3,Rfvtskj,2024-10-23 01:08:25
e671a509-bf7b-4cf7-be8d-41488db89206,Uzgppxhdqrg,2024-10-14 07:47:49
ced7995e-cd78-454d-a22d-daec36ef0aef,Dcnkcccror,2024-10-19 12:34:58
5c4735c4-35e1-4882-a860-cd7c45dd6f6f,Tpcqhwrra,2024-10-01 21:23:49
de872ad1-7a5c-42c5-a37a-87d68125f804,Sbdjkxfjmmm,2024-10-02 10:56:54
50d200bb-4cc0-429c-974f-a1617a92947a,Gfkcbtqaciljz,2024-10-29 03:59:55
66e35f6c-d5ef-42ef-a880-1f5d88d7f924,Lxpytl,2024-10-29 00:00:48
851b1f3b-1cb2-454d-aee1-0bc8df9f47e2,Xupekcix,2024-10-04 11:25:35
ae536460-0077-431f-adb5-1e6e0be13014,Cejmnnqzqp,2024-10-01 05:26:10
fa95db01-31a4-4325-8b69-e8a01870e70f,Rnvez,2024-10-04 23:05:56
1ca3ce2b-9b9d-4bc2-980c-c476401b34fa,Elcozslvfusb,2024-10-11 06:38:35
b274d078-6404-47fd-b010-b39f82d2560e,Fqwhifgjdw,2024-10-25 14:56:43
5c3dceaa-d29b-4818-9289-cca8985c9970,Uxrshrziclwsymu,2024-10-22 19:18:49
926f7e24-e4b4-464c-a263-b56716683d4f,Kmiiizvwphgmx,2024-10-08 05:33:11
468d2426-eb86-4736-b079-4c2429a16380,Bkepta,2024-10-26 00:07:19
fa923f60-3dc6-484d-9805-2bf8f704db53,Pgzgwogbbpcriml,2024-10-20 10:19:25
96248d9c-65ca-46c7-8abc-462059090634,Knmoveloaz,2024-10-20 03:09:59
3b9c5adb-b7ab-4cd7-a428-0668aaea9b95,Haubniu,2024-10-06 11:51:56
6aa08acc-3e5e-4a4b-813b-a1709c2fe279,Xfponkhoxee,2024-10-30 17:50:31
464e0773-7efd-433e-b049-c4eecc2c18af,Fyfmbsnrudtdu,2024-10-05 10:51:52
cf59b8b1-0832-4d06-b6ae-21dfc5675ac8,Tggurjbikbs,2024-10-16 08:08:52
6a01e52b-e2d5-44dc-8df0-ace9bf1c4195,Yqtrffglask,2024-10-04 23:11:37
e74e1b07-5a41-4cd0-b659-0eb0c7fd8c49,Oygnahodbqsryz,2024-10-22 17:54:31
86082b1b-19e5-426b-aee6-5e5a6477050b,Vxxwgsybbkj,2024-10-27 14:59:44
c65ec411-c0ac-4b39-9597-0f36100134b3,Cgumifwcdkdkx,2024-10-02 03:24:14
651b70d0-88b3-4e2d-85b4-d04119b267f6,Stkrqeovnhgrf,2024-10-11 02:26:16
09c7770e-dbaa-4b1d-8324-867ad23f0684,Jeepdpg,2024-10-10 17:36:55
b21b347b-7341-4c1a-b68c-9190e0cb9f81,Fmqdolspcj,2024-10-19 22:41:27
63de9cef-9678-4a42-a2ea-cc9e98d623d7,Ycstmudanxvjww,2024-10-11 10:27:57
8d6bac4d-e8ed-4b92-99e5-099200419c68,Hmsuyzxcldbuhsj,2024-10-15 16:00:24
d47d67e9-b1cf-40cb-9089-6e3b2709c5a2,Dhsagcudiecivmx,2024-10-10 18:29:16
ceed2e5a-3293-4b15-9bf6-a743444b0bcc,Sfgys,2024-10-05 16:50:38
4c96afac-19e9-4fa2-939a-8dc30a6a0ab4,Vlofxm,2024-10-10 14:54:45
ff7bd361-72cd-4afd-a972-934d2e018f49,Ounilrizefcu,2024-10-08 15:28:48
e2241466-6c86-4665-9275-ac05bf12ba60,Wavpqgicxafifib,2024-10-16 23:52:40
4686db2d-5eec-4b6e-a3d6-eef924f2ad07,Goxtesbd,2024-10-26 19:38:38
1a538dca-a3a8-41b8-8915-c37d1fb75d40,Hjryvb,2024-10-02 13:22:26
a330afac-4c73-42b6-a505-73c428fe68ee,Kzvjh,2024-10-18 11:26:53
0fec8855-97ba-436f-bdf8-911f21bd92d6,Cffigderkzvefqp,2024-10-03 00:47:14
14bf2797-877a-428b-b22d-81ce1327df69,Facfwqslyrlem,2024-10-10 12:14:36
f0673f77-0789-4e29-9251-c5de19f95647,Nsisktxknmf,2024-10-11 05:23:34
b47a5b7c-b7ba-466f-8ebe-277affe72653,Qqgpgeobyjq,2024-10-11 16:09:03
d91e0c1b-d25a-47f8-9041-babf4cb86059,Gaall,2024-10-16 15:33:05
12d7a28f-ad17-4a8f-ba93-b64794fac8e4,Epkwrc,2024-10-16 11:24:29
366be0ec-46aa-4b6b-8f43-5ca6322dc7f6,Exhkbpszvs,2024-10-28 23:22:50
1e86e1e7-3b3a-49a6-a71a-e33bb477647d,Tljpfdqcdw,2024-10-31 02:51:33
37bc392f-876b-4596-bef6-dc6d438ec4c6,Dwsrqqln,2024-10-26 14:23:35
4e86085e-b440-4974-9275-469bec6a7d4b,Ennoyjosdl,2024-10-24 17:17:33
295950f9-bdc1-438b-be90-643741172c39,Oqxkou,2024-10-25 09:51:29
1840fc05-c4e3-49d1-aa7d-a6d5c684f213,Camfep,2024-10-05 22:44:39
00d64d32-dd9b-4692-a041-02843607e89c,Bsytxf,2024-10-02 17:38:11
a7928afb-1ca2-47ba-9513-d20acd28a6b4,Doemy,2024-10-23 15:42:39
69ddfa20-5178-47eb-bf1b-9e24bcb51330,Krtkbzjeiz,2024-10-11 12:36:07
b503526e-0f80-49f9-a64f-bea8db7ff918,Kkuvdjdrofatg,2024-10-21 22:25:36
12db12ba-923f-437f-815d-0c55ac4ee77c,Wgclsffbebnq,2024-10-02 10:42:05
87ed6897-427d-458f-90b2-2f9ebd46e722,Qdpuejr,2024-10-14 22:05:58
ebf15e39-7d91-4ce1-bc4d-e07ff7dbc7cd,Jwdhtsvqvfw,2024-10-12 05:21:32
bf96610f-700f-4c1d-8fdb-ce2a1b610639,Fygwrvajdzmwdo,2024-10-30 04:42:16
e360ba1c-dddb-4af7-b04a-6d0fdde69633,Zmozofropnihcm,2024-10-29 20:27:23
048d0b38-4345-430e-b6f3-36b176574973,Vyklofxsovrhrj,2024-10-18 12:04:32
23f1db9a-70c8-4c90-9c89-e1852ae19170,Ymssgwzzzsa,2024-10-02 17:46:45
5e463b9f-c57a-4795-8e36-ff1b4036c006,Nhspzjfccyr,2024-10-01 05:56:20
4f86a47c-b667-45c3-9fa7-583cbc47a24a,Dourbdnfovxdwa,2024-10-02 15:43:32
05f5ebba-b901-4541-83ce-bb349faa9eaa,Jsaxpoedjgitmf,2024-10-16 10:26:12
0362269b-f69a-4622-9dab-5e7223c43a5d,Rrybjxxsk,2024-10-15 19:14:39
3218d5f1-51b9-4dea-8116-c3ab631dac34,Fflkrmhgijoqxg,2024-10-19 18:05:39
9a05aedc-064d-4481-92a6-3015aa874987,Ddbprh,2024-10-04 19:16:11
9d8bc5da-6f09-4414-a2e3-52000d964919,Tlxattclvhesebg,2024-10-29 03:24:17
61c9a82f-ddc4-46fb-9a71-3badc5fdf05a,Ltcoqmlwxjl,2024-10-12 04:53:45
e52226ec-9d64-41f7-994c-b69f1a7d8ed4,Gaexzwfm,2024-10-27 09:03:51
c58889dc-e371-42bd-bb2e-878299c39133,Lwzszz,2024-10-05 02:57:52
20e07086-1888-4eda-ba3e-3f48e9bfd684,Bjmyknfha,2024-10-29 13:19:15
e79449f6-7b55-4274-9134-47264959321d,Qlwidtgctvf,2024-10-29 19:21:42
0c70ecd9-bd3c-40c2-b842-9749cfef82fa,Eqystekokihkr,2024-10-09 23:21:23
35e03932-cbe3-4c50-95c3-94f9ff6ddb0c,Hzfohmefapcp,2024-10-06 04:45:31
89372698-716e-4275-9158-682b494a9ffe,Woxxwzsna,2024-10-27 03:25:13
73931143-d37a-4292-aabc-1f5a3444e79a,Wxhhgxgamauqk,2024-10-22 08:22:38
be1f71f7-fdab-4c8d-82bf-0596d5eb1df1,Atmwifp,2024-10-21 16:09:24
56831457-a69a-43ad-95f0-480d1c1fe83f,Dqhltyjuvmdjq,2024-10-07 14:18:02
e4d59f9f-06e0-4c72-95d8-18da0eceefa9,Qjucwzihqarw,2024-10-30 03:34:59
cb64bb0b-9dae-43f4-b6ad-293e3cafcd43,Dcpdmqytqbkz,2024-10-22 22:19:59
2415037c-c004-4ef5-9d9b-98a828e5e38f,Dfhap,2024-10-09 14:44:41
65eb78c0-f8ec-4c24-bb21-90b01ac0f6a7,Tvylm,2024-10-29 15:40:55
dd210a4d-592b-4302-ac90-77259cb1467d,Uycxasnrzk,2024-10-08 03:02:36
cdf4f163-0a15-48e6-a89f-913d28b07c44,Xkwinqwtavvo,2024-10-25 07:53:33
1ef15425-5677-4289-9f68-36e05e64ff1a,Rzauoukcldo,2024-10-29 10:57:48
b97a7b54-d4d2-4207-898e-2fa9e7b2486f,Pvwgchgl,2024-10-16 17:39:18
fcbcc767-d197-48d8-a187-8f93fe66d5d6,Wtozupgcdaiwwaw,2024-10-13 13:01:58
58959b02-74a8-4426-97c7-425bb0ca123d,Dzaqor,2024-10-12 15:45:11
d1f0c9b1-3555-4e65-a9aa-b4ef2f8583df,Khzdi,2024-10-12 14:13:08
e92880ad-5f9a-4ffd-92d9-9d2cbbd6cd91,Umyisaastie,2024-10-30 16:53:37
93cd9722-cf8f-41ef-a4e4-5bb2cd0c2303,Gvdzh,2024-10-19 08:18:43
7f86f24f-dd54-4385-b8d9-57aec71ddfe2,Gkpphunslxrpzmi,2024-10-29 03:31:36
4d50eef8-6cb9-47fd-ba26-967e66c6ccf0,Uqkelsofaa,2024-10-05 21:40:21
98637185-2380-4f62-bfc1-e8dd864b8e9b,Wxqul,2024-10-12 14:18:02
eca79034-8869-47d9-9706-438fc56d86d0,Pmqxwfjh,2024-10-31 16:31:00
b2135ee7-262b-47e2-8e63-de00503e76a9,Uxahthz,2024-10-20 22:46:13
81e77f28-2c76-4c7d-81b2-65147c312ff7,Eflbths,2024-10-03 01:48:22
e307e372-86bf-462d-95fc-678bb895a4fa,Vpuyncccvv,2024-10-24 05:58:19
21de9066-5786-4453-b39e-ec9dd000c3e0,Giwihfrjoaqgyhx,2024-10-12 19:36:19
41aa5a7d-d0ca-49c6-9130-ffd9f9b92fed,Uetindtun,2024-10-17 10:32:30
609debe8-f642-43cc-bb50-e751763fa7e9,Whiunywptdtl,2024-10-27 15:10:44
947f766f-9aa7-496f-8712-3ff08177f98a,Ikeyhytino,2024-10-28 05:45:24
7e1d0189-daf4-4157-aae5-a6807140fdcc,Vqzbf,2024-10-21 02:17:53
f8a796bd-5512-4e76-be8b-95f505e9ff80,Zlvtwlfrxb,2024-10-03 12:34:09
d33d3ea4-4197-49f4-918e-970e641ce609,Rswvlawowmpojx,2024-10-16 12:31:32
a5fd0271-6169-4eb3-a484-fc69fea2ea46,Awcmqzonemq,2024-10-27 14:42:07
6665cd97-b433-4733-8cd0-b03bbcdad1f6,Rwbgyxpsfb,2024-10-13 08:54:57
5b6d96a9-742e-43bb-a6d8-40542e5600fe,Cixnloltwcrnwwb,2024-10-12 20:58:49
6e492b1b-2643-4008-9a5a-cda45466a333,Pjgqsybiocqp,2024-10-04 09:36:49
0e227acc-9ac5-4350-8439-3a40139328d1,Piqepdgnew,2024-10-28 23:49:10
53e81497-90fc-4358-8d0d-4cd86cc5f79d,Ivttgmxfcswvgs,2024-10-11 16:53:20
f22438d4-ab4a-47f9-9d5e-08b3f7602635,Xfayfbdgqz,2024-10-28 16:39:16
57c74dad-93b4-4f43-bd84-0aee68d36d07,Gulrtsgi,2024-10-14 22:56:38
d0e32f42-7036-4a00-a54e-0675e2f06522,Ubwyubl,2024-10-30 18:50:24
7a44b61b-92b3-44a1-a1a8-261690900640,Sosjcdoyw,2024-10-26 10:32:36
8d02a4f0-1164-4c24-9944-735d40385f34,Mczlqj,2024-10-31 13:16:25
c067e5f3-efff-4731-9ee9-c314c3416366,Bubmaizzek,2024-10-21 06:59:11
5b325853-a655-414f-a190-abd9ccc68e51,Wtdctp,2024-10-28 11:58:15
202321d6-d30d-4d29-a53e-f16b6d41ceeb,Dbweamd,2024-10-25 10:19:52
e3ef6dc4-3d48-42f9-bb1f-6b6f8f7c6b9e,Eeowikbsbcs,2024-10-27 06:03:44
c5b79d73-1ab3-4fa1-83be-171ade632d37,Rwmvxlhwprw,2024-10-06 23:18:08
d17a323a-9f1e-4191-a3d3-87c208d6dc64,Wlduosrocd,2024-10-26 17:40:30
db17e5f3-886a-46e1-b53f-6a213b46d64b,Kxwofnn,2024-10-03 04:36:53
75548cdc-3a25-44aa-9153-aa5b6bbb3423,Euvmxtkymbr,2024-10-11 15:48:38
b0484301-069a-495c-8861-f1fe29bae74e,Qqonb,2024-10-21 09:18:24
ad43bf99-6841-4667-8f57-9c8d35d94afd,Abrxfe,2024-10-20 13:18:33
f0461b25-bcdc-4679-b8b9-466cdd4e6f9f,Htisdeyu,2024-10-12 08:26:32
015392c0-27fa-4596-93e3-db0e7453a205,Hszbimow,2024-10-11 12:38:18
a7ff0490-5aa7-4b00-a4bc-05f459e2a8af,Obebmeegvxzvrk,2024-10-21 01:59:10
4865750a-c5f4-4f21-add1-8d311dc26888,Ydjsaenrfubrinq,2024-10-21 14:45:38
8923a76c-c0b5-4940-9519-d23b60d14f3c,Mezkleefpnsp,2024-10-24 11:42:34
0276db5b-5c19-4e5a-8dbf-2c0fd8e2167a,Bxstslshcajycu,2024-10-17 05:44:11
479fb339-1bdc-4d03-9c43-12aba829621e,Lyhqcgiyyq,2024-10-11 19:25:58
325aba3f-eaf7-4d03-a6ea-c74a77dd31e7,Kbcfbztg,2024-10-15 01:53:21
135654ff-5798-467d-97f4-19ccb8411e38,Frxjoxeonfsaekb,2024-10-09 00:29:08
b3dabf5e-2eff-4150-b46d-1a8983313fc5,Hklhugytsme,2024-10-23 16:13:41
e69b70d4-dd09-43b3-af07-2f70593bc040,Ggloeohjakbwges,2024-10-27 13:28:50
cc8fc9b1-1f94-4643-88f9-73d8e10cc9f9,Hqmrlizyabnpci,2024-10-07 06:00:12
6eba0dd1-4871-421f-9ddb-ecaeec27d33b,Jlazxhdqcmooxqn,2024-10-16 13:48:41
89b7af0e-283b-4ed3-9712-76fa654d485d,Wqrnudmr,2024-10-09 16:14:02
ae6349ed-ef2b-4b6c-8eeb-4df3196c2583,Mjruhcynfna,2024-10-04 16:29:23
79ca0fdd-2e5e-43c7-8ee7-18379bbb8c75,Mtxsysm,2024-10-07 08:43:59
d9a481ef-0218-4855-8327-267d7fc76017,Njaphifljnat,2024-10-26 07:36:20
85f8a4fd-5b38-4910-974c-e59fdaa69e37,Epclmr,2024-10-11 22:23:49
4581f9eb-0910-4480-900a-a78485dbe439,Mfvyheyeoqfq,2024-10-30 07:02:13
5ac78e9d-4df8-48b9-b6be-ed8037996d65,Vnmtdvkmuwonwdk,2024-10-07 15:04:45
fdaf666b-cb5b-45ef-b0dc-9b8dbfd60ffa,Udnzpwrqg,2024-10-12 14:11:03
79301678-9fff-4456-b4ff-38fbe384c742,Ycgfef,2024-10-17 12:00:25
341c27f1-3958-49e5-9cf8-e628131052cd,Solxdywwcbjhnhq,2024-10-12 23:12:08
793a0ada-793a-4d74-8ea6-94ab8cffedcb,Hgvmpfunvwonosc,2024-10-23 05:08:31
f09a914c-91b2-4836-bcff-8acd2b1696e7,Uhoktpguaays,2024-10-28 19:12:15
6a2091d2-adac-4dd6-98fb-3194e53e44af,Gfzudfm,2024-10-09 17:16:03
56979d08-4bb7-41d3-90ff-fed18a0106a1,Xsovvdixcsmwobe,2024-10-22 16:45:02
9c63cb80-9946-4208-8d06-7f8bd6f63032,Xecoxafhd,2024-10-05 09:41:44
92e7bb6d-1367-4b97-97b5-1edd3634a335,Zszhcs,2024-10-28 20:49:03
dfc00960-622c-4a6c-844b-d559391e5b06,Euvtzcisbnfkg,2024-10-23 20:29:19
84599034-90de-4c62-beec-0096d78b3efb,Mrrifvlnppqrg,2024-10-07 22:44:05
cbfe39a5-b4a5-4968-b6ab-de971455d5d3,Jpfkin,2024-10-21 06:24:26
0c8df067-e475-49e3-b5a9-3aa0b82da909,Gpxtybvzwi,2024-10-10 11:49:04
2776ba11-0f91-431d-9450-2f0a1b1308f5,Wkfdhpjxjyvpcz,2024-10-30 20:10:27
b1449fa0-fc75-4264-b9db-0efee4d7cf9c,Bmedujzwonemf,2024-10-18 19:12:51
391dcf42-f6c3-4a45-b9c6-1248e4cdafd8,Lprvuuokn,2024-10-19 03:23:09
c1fa97d6-09c9-4216-b42a-72346298f56c,Xnwurza,2024-10-11 15:08:51
4595797a-105d-4c9b-a78e-76d82ed1dd6d,Nofylt,2024-10-23 13:33:03
0ce295c0-5cf1-4f6e-a6a1-c5a00cd24458,Tlpiwdllevpbku,2024-10-20 05:21:35
52ffa07d-90b7-498b-8c61-053e768f8578,Zvcncugrefxx,2024-10-24 18:07:06
bccd078f-8f8f-4fec-9a95-4f1ff2ff21b1,Ztwtplbtxtk,2024-10-20 09:47:33
4e8e9d53-ddb9-4fa6-9a6e-1483e3fe8a45,Kgaufmvwbjrijr,2024-10-24 22:38:03
c94fda20-873b-4a8f-a75f-cc7300102990,Herbxosklwoom,2024-10-16 08:25:39
ca446fec-a4ac-4733-8303-ab22ec6eb2f3,Mxezollbq,2024-10-03 20:49:44
fee7be57-ada3-448a-b46c-0d9e25a25631,Qajkffvbyuclqb,2024-10-20 18:04:15
60449346-a098-4479-bdc4-babc8792e311,Efydzujr,2024-10-19 01:44:24
86050ce7-56f2-4b8b-a32c-a89f6cf17e08,Vxesmbhdtk,2024-10-29 17:30:40
042fbcd7-b90d-43f5-92be-1d995229defd,Aeeeebqou,2024-10-17 15:27:34
5dc68a16-5389-4c23-81b0-b6f1bfb21374,Jiqwlgthhgovobt,2024-10-26 00:35:51
63084e55-4839-49c2-8f81-daf5db4be409,Dtrndmdpnfmn,2024-10-24 03:45:04
8c1642d3-9195-40e4-a12b-33e433f6ad86,Dppdwmcg,2024-10-10 08:36:51
4bdd0df2-8e7d-4ad3-a911-1db6e52ebcfb,Uiquxlnpywea,2024-10-03 14:55:12
031ff470-afe1-4242-89a0-ee4e69607ad0,Pfntbum,2024-10-02 03:43:34
d65cf29e-bfea-4ab3-98a0-c4b913d87d42,Mjiqtiiohtigd,2024-10-05 04:24:16
e43cb777-2239-4e84-9ba6-3dd64d4afad0,Macsvdesbxjp,2024-10-30 06:36:07
e79bb004-1d4a-46a6-b396-5457751095ba,Lptjekjxqa,2024-10-28 07:37:01
d245e46d-48c0-4158-ba86-7264712e9c2c,Tpcmxkceb,2024-10-12 13:26:51
791c457a-26cf-415f-b609-afb1f958a17c,Uullarahu,2024-10-25 02:38:44
043093d9-14fd-4185-ad19-1031edd2deac,Wpritzs,2024-10-01 18:52:28
11d58e92-1990-48a8-9cb1-693ac04a9d92,Vwjkbqthlqm,2024-10-04 09:03:10
5bc5a263-9e8b-40e4-88b9-760113d84cb5,Afrob,2024-10-12 06:53:56
048533bc-6cf3-4544-abb0-78b21d07a99d,Hgztws,2024-10-15 18:22:09
865f269d-a627-4700-8454-1d21ad6e60b5,Rtzsxuh,2024-10-14 06:21:56
e38fe1c4-4a45-4d4b-b69d-dc0ab94f37da,Dcgjpju,2024-10-06 00:27:26
546515cc-55b2-4bf1-85bb-ce4e11f50419,Fwanjs,2024-10-31 02:29:06
9d1b2b88-7f9b-4549-8ee3-8354469a3222,Mwtqrwrvn,2024-10-16 21:56:27
ed786e55-621b-4d28-be47-7ea03abc6141,Uydxygrhhbp,2024-10-21 19:42:37
d37d5a53-b8c8-47eb-a5b1-49a4a18fd1c6,Jludqwoya,2024-10-18 21:58:02
2cadc024-0388-4588-98b6-94e963241cfd,Nxirvcm,2024-10-14 12:48:48
78a215b8-1b5e-4103-b940-865b6ab0f0fe,Eyytty,2024-10-08 22:38:12
7f3687a5-032e-4ef8-9c0a-fd46400cc542,Aatvnguirdzr,2024-10-07 11:38:02
8f8f697a-df50-4bb8-b12d-d3f10dc1c8ed,Reoobl,2024-10-22 00:07:45
14e273c7-cb4a-4c6b-ab87-7d9bb9607cab,Rnzdlbd,2024-10-07 17:52:23
e5798e26-a618-4558-b62c-3b2c69a7879e,Lhbtwuwts,2024-10-14 13:25:24
263f4774-5d38-49b8-9fbd-8b4352b7b4c0,Vwfsk,2024-10-04 05:43:32
89a3bfee-8c96-4029-91d1-89716c3714cf,Plvcrkexcxee,2024-10-19 08:54:32
f388eae7-9ef7-417d-946e-59c23fbf7c3d,Tclzihjsnq,2024-10-17 04:19:28
a84bc1a0-fa45-4248-9a55-41e89d921888,Cpdmdryssfyma,2024-10-05 16:11:23
21208c5c-bf55-4fd8-95a7-2ddc11ccd819,Tmmtaqwewrucj,2024-10-17 22:55:54
37979796-678a-4b1f-bcc7-28545f113f8b,Dxwfrmdvxbleda,2024-10-07 20:28:33
bc35b1b8-793f-4624-94bc-325ea1acd2a6,Pugdjvcks,2024-10-18 21:01:22
211743fb-24a1-4b2a-a9c0-8ed2bd8f60f4,Anwenwdgmls,2024-10-18 23:38:48
31c182bc-572f-475f-99e4-220c23ac0063,Fbjwp,2024-10-14 00:12:46
f4461e2c-8d99-4526-8ebe-104dd3d45c4d,Awxjzzkdoikzk,2024-10-13 17:43:03
50133c48-42de-49f2-810d-4caaf30cfe40,Mgjoqbz,2024-10-30 12:37:54
48d2f5e9-f923-43b8-9ac9-251c5203c916,Wtvczgzcoetb,2024-10-21 16:41:35
e94b3c34-abdc-468b-b0d3-b9a042da5cfe,Avpojdgnj,2024-10-14 19:34:44
d8df9415-e608-4f87-9987-89538359b6ab,Lobloav,2024-10-01 11:47:08
e82258c8-62be-41c8-b45e-c2f8cd89168f,Csusluybvkfpw,2024-10-06 15:04:26
d117332a-ce36-4bd3-b400-f4fda0d1797c,Zubbcplgwturdhf,2024-10-31 17:26:47
d4d9eb50-4686-47d6-9a82-14f1dcd209ec,Tshguajtvhowju,2024-10-11 10:26:40
a6c1b70e-0421-4777-8a78-80443e1d5878,Jigvwp,2024-10-18 23:08:26
c36352ee-5066-4299-9bce-200dd69c781f,Jsbglarwazhcfnp,2024-10-04 11:13:53
d2fe1e67-069d-40d3-99af-28dc8b01d0a8,Rxmajocrtckpby,2024-10-03 01:57:11
5af091de-c375-48f2-8b76-e3112df8aeae,Kvvkgrp,2024-10-02 01:13:58
d73bbe02-8ac6-4aad-8f7e-22dce0e581f0,Bnixaenficnwji,2024-10-28 21:46:13
d6b1b9f6-da86-47af-8b51-237294178385,Stufzbwlahdxzmb,2024-10-29 12:46:18
3a8a4469-956e-4716-a475-7e4ffecd734b,Eorej,2024-10-25 11:42:42
6a2a58f0-594c-489c-900c-f9617d515e9f,Zraoobedrjdcmld,2024-10-09 04:52:28
e6e65c0a-b26f-4d61-868c-e09b29d42cfb,Iimnjvloa,2024-10-07 06:42:20
64cc9a5f-4fcd-45fb-a32b-f960d4564ff7,Ohxxtw,2024-10-30 17:50:08
eded2c91-d1dc-41e3-b7a1-7969c34ae1e7,Qykfp,2024-10-07 18:33:35
166eccae-77f1-4db1-ba2b-fd7ee8809069,Saykwiylld,2024-10-04 17:04:08
95bda656-2d0d-4a3e-b046-f53145611fca,Tahdphrrysngmoi,2024-10-20 20:38:48
00b4cbc7-41c8-4e6a-ad7c-48ec09f52a3b,Cyimqqy,2024-10-25 17:41:03
f3f2cefb-e0aa-4ecf-9e42-97d76dafe10e,Jhqfijmja,2024-10-14 00:48:55
7fa92a5a-4209-4625-bb46-cc04773153cd,Qmgln,2024-10-08 21:19:18
88cd9335-c546-4cf5-a84f-48e3055cf7a6,Vxrnkzgvctlxays,2024-10-09 00:01:58
5c76ee2c-ea66-4f50-ad93-0a8493b8f591,Lrbruu,2024-10-09 17:36:18
26c56a59-ae04-49b8-b1ee-cb8767575478,Nbjluf,2024-10-19 09:26:20
8f808403-5f79-40a7-98fb-02f293f63098,Utdbgkwaqmhfkwh,2024-10-30 17:57:29
3d2080a9-5cad-4831-a700-a583b5e1e3b5,Fgsrih,2024-10-22 11:46:49
eaab7744-4dd6-4b64-80d9-8e3f925a68bd,Hpzayqimuuoue,2024-10-23 13:28:06
cb2718d9-9a03-4114-acd0-12e9e611205a,Weimpilt,2024-10-08 23:01:41
56b33787-9a4c-4d24-8237-607b018ab184,Uodwahth,2024-10-31 13:27:52
5bee581f-c33f-4c99-b625-cd27628fe8aa,Fgwihsrepxwk,2024-10-13 20:47:17
2d8b027f-075d-41a7-a9a9-625ab9a5b82f,Qutkgnmrwe,2024-10-11 16:00:58
6332bb1f-efaf-4271-8feb-4e51f35a270e,Levcrss,2024-10-04 18:19:10
891609ff-0de5-4216-9369-217e97ef39c7,Pbvnaetbe,2024-10-11 14:56:17
b656fb97-f8c4-4993-9fc4-249ff88dda54,Xoiaoshhoian,2024-10-18 10:46:02
489e9896-1955-4eb7-b4e4-1b13838e1974,Wmeqmdnyrwwzo,2024-10-03 21:51:31
a919a2c1-eead-4d31-9fa9-d473e80758f2,Yrivjifcygq,2024-10-11 00:37:07
cb4bc074-ee44-4bd3-a811-3cb2d76e8749,Myxeunpeuhbl,2024-10-22 14:37:12
1c5c00e5-c4d3-44cd-879b-7ebe783ae53f,Cfufrgtgq,2024-10-28 00:42:31
de27f27c-329d-43cd-b656-92784677eda0,Anjibvh,2024-10-31 18:33:44
7eff3615-3e59-408c-8ef4-b6e245ed6740,Mwkclyzihkwiuoa,2024-10-20 20:10:05
0d92136d-9324-44c8-bc7d-f6d558150603,Uctiwtmkfbl,2024-10-18 13:59:09
5f247e36-dcab-4c01-83cc-f03c8192c08d,Mozju,2024-10-25 02:56:20
b11e74e8-0e98-4ede-8c68-e91d7e43a903,Vmizsgm,2024-10-06 22:08:10
d1f47371-a455-4008-a266-3c9e6306bed8,Ifemuaqsidaa,2024-10-23 22:21:36
82890fd8-a93e-4501-91df-afceadd5219b,Fsdeu,2024-10-19 00:36:58
9931e509-b403-48a3-9d06-b77f60a9ea4f,Ssujtpr,2024-10-13 05:20:38
82fd4bc4-170d-4a74-a2fe-997da36eadc7,Wbwgewdiwdk,2024-10-16 06:50:12
d21f61af-485f-4555-aa72-83352af7ab4c,Qrbbll,2024-10-01 12:11:56
af042191-db82-4ade-9cbf-94413e9511ef,Gtujjnerzcztnp,2024-10-21 02:26:20
d0705bb2-27b8-4274-abe8-a9559844de49,Gzuigouih,2024-10-01 03:00:11
fa0c4fa7-8373-4ada-b58e-8f965215fb8c,Esfebsnbeuhk,2024-10-07 10:50:45
50477020-187a-4431-b85c-355929961d9f,Uhzoznhl,2024-10-14 23:19:23
96db6a3b-d1b7-493e-aeed-33f55c57a103,Zxufdd,2024-10-01 16:54:39
d299d321-a44b-44fb-b6f4-51dfe6630e77,Rfvgbckoxtzatba,2024-10-26 18:16:05
74e317bc-ce08-4930-a98c-818ac923bceb,Nbdis,2024-10-14 04:08:19
2c6344c8-a1bf-4ec7-b084-2a36b2c1c714,Xfxhevwgqxqj,2024-10-06 05:02:55
994c5b64-63bc-4986-81d6-94577a032aa9,Pinpoehvhjdsvdg,2024-10-27 08:55:24
6f31a76c-a15f-4e23-aa58-4d60c5e3640f,Fkttybpxqdqn,2024-10-20 08:52:42
972a0c3b-760a-4dff-986c-ceb304256231,Sloxgvvlumqvv,2024-10-12 02:02:45
363baa45-3296-461c-98ef-4378c530bbc6,Loggjvk,2024-10-28 07:56:02
828e7d31-3350-4656-b370-9985b7c63784,Fbicryizf,2024-10-13 23:40:23
36932ffb-0eb1-430e-a7b8-7bb6e0b2593b,Jkyrqcdctw,2024-10-23 05:16:58
2a006f22-aed1-45eb-accc-550a1deb4f74,Lenxumsxqwrvop,2024-10-13 04:56:05
a4217ed8-1e42-47da-8119-db397e184297,Gxwmzkwogcte,2024-10-14 18:36:28
dcda4496-04a2-44ea-b277-11d221396e46,Fdzfaybcryl,2024-10-08 11:05:09
2f54fd21-a3aa-4d4a-824f-7edf6473af4c,Zdwrviqcfme,2024-10-22 22:31:28
119fdec8-8929-459c-bd78-8ac005c9f9b2,Xkayzheufvqadw,2024-10-18 05:39:28
e800591b-de0d-47c7-ba0e-97a748c6ddd1,Bqlbgnluulsoum,2024-10-22 10:16:08
d646da73-6643-492c-a4c2-6d4bb62b60a3,Gmjivata,2024-10-07 01:43:16
65d8f243-362a-4c77-8d2f-2eaeebfc522b,Ozczonsfhym,2024-10-29 02:30:25
0096ceb2-1ec4-4678-9652-fba06576380f,Vdgsbr,2024-10-23 17:59:31
ee84e912-bf3f-41c3-803f-d2c99e356349,Arnybxb,2024-10-30 20:45:25
2a8b55d4-6f8a-4100-b0c1-c729949aab45,Noacx,2024-10-09 11:38:26
c7e01264-c5b2-419f-8eb5-dc9cfb726860,Ppfjyynya,2024-10-15 02:49:18
e7b12127-21ac-4a6c-8f3d-9106dd102e2e,Hjvhjnjhlwo,2024-10-10 04:33:17
af2ec18b-0a57-48ed-a567-0d69280982e9,Zncoewogumtcve,2024-10-03 01:01:40
f77094a8-41f3-4bbe-8f8a-2066d0b97054,Twubxtaw,2024-10-29 18:03:24
4f7ffafb-a018-4ebe-be86-74fe2305b227,Utuugowbfu,2024-10-09 22:08:56
a82b4149-ab56-48b4-931a-3bf9a0dfbcd2,Bcednetpwt,2024-10-26 08:12:31
f92a2d1b-5844-46ee-a259-26c5dbd7adc9,Fkgvyn,2024-10-29 05:32:06
fcb57066-1868-43d1-ae24-1176f330ecfd,Tkmiapkzbhk,2024-10-23 18:00:07
ffa6f829-94d9-45cd-bf74-8c6e3b2043d5,Eppgljnwb,2024-10-25 05:21:48
f484b904-5a03-408e-a44e-14d3c3be7085,Ztwpelhlvomba,2024-10-12 13:29:43
8502822f-c5e6-4809-b530-955831d835c9,Vlqgcdvalzh,2024-10-25 03:02:14
c4d640fd-a301-44bd-85b0-2cdf2a2f44bc,Jkftobhovl,2024-10-23 04:02:26
18a43db2-bd61-4e20-9d8d-d94da788d1c4,Xwyqudlc,2024-10-07 13:34:47
16a5f18e-fe47-4177-8779-7da4e046b99e,Bqrhcisf,2024-10-13 06:46:54
311d0d90-3f08-486a-9119-91fd0c6dc71c,Swcbewoekxfqfke,2024-10-29 06:55:21
16c34fd3-9810-485c-b8bb-2b208e358617,Pezuujsesp,2024-10-04 00:30:31
15dc4267-d101-4a5b-b0cc-1109fda723af,Gvtbgiztffysuf,2024-10-07 10:35:04
9d06749c-9315-406c-9706-6feecd480795,Pnqghduz,2024-10-22 20:05:44
f77ab8ec-f918-4189-af71-52fa266cff3b,Qcbnqiqski,2024-10-27 00:27:08
49addfd3-0a2f-4d8d-8b7e-85cc367996e7,Koejnvhvyiz,2024-10-06 06:49:32
0c34b9af-8ec2-4fc2-8dd3-499b1a29082b,Sfbgxy,2024-10-26 01:10:26
5e9e0351-122a-4971-b12b-7aac62d97fba,Agwurfarjvlgzr,2024-10-15 23:35:49
8b928c74-e8e4-4aa8-aaef-42192af0e8a2,Xpswcpl,2024-10-12 15:56:49
1088420b-85a7-4b4f-855e-bead3880623a,Aizvgpkvwyv,2024-10-07 20:14:04
81ecdd61-e2f2-483a-83a9-9c68847ade49,Fjkkklqzezhcnb,2024-10-25 21:11:54
8b9db741-39d1-47a3-a148-9cf7335b58e9,Infndauar,2024-10-26 14:09:20
f5f38708-ec15-4880-831e-101bb1cdef96,Hkdhdopktzyaub,2024-10-14 07:00:28
126e9d51-b938-43f1-8fdc-67f8ffff1be8,Opeoym,2024-10-26 05:33:53
f220b94a-6682-4006-ba31-9a24a3d3cf23,Kxesifmukll,2024-10-24 14:51:54
6feec484-6c52-4c5a-97ff-8960cecfeaec,Hncbgphnsor,2024-10-12 12:52:03
723ecb2e-07b1-40b5-a2ec-11ced956a476,Zarndhuwz,2024-10-14 06:11:36
0de01890-d685-4108-9274-c663e08b99d5,Eeuubqxqk,2024-10-30 01:05:55
d7819117-69da-4978-b9d9-36ee2af29e16,Orggqfragaacs,2024-10-10 15:27:16
70a2b10f-2bc4-43b3-80f8-2d0df86518f1,Nsryu,2024-10-01 05:48:24
9f7d0fa7-c6b6-47b7-a25d-19162d9194ab,Agdmhqucq,2024-10-22 04:10:53
4a5848ea-80f9-4d12-80fc-e3b0ef6e7f67,Uzixs,2024-10-29 07:58:34
77874d33-4689-4de8-a159-8dec1b792007,Rhrvz,2024-10-31 19:25:34
c1875da0-1fdf-445c-9375-4c8c0a018258,Gdyifqtphcvf,2024-10-11 08:14:09
55f87ed2-23a9-4f6f-ba2b-f1fe8da4df26,Clixekpozc,2024-10-02 09:36:12
b18254fe-f073-472d-bf6e-3989a221a105,Bosed,2024-10-26 19:32:28
d37e29c0-7ba4-41ba-ab79-42085d63883f,Unbprmx,2024-10-19 07:07:37
ef267f6f-4ea0-463c-a1c3-8764ce4b1f78,Xakatu,2024-10-06 23:10:30
4c1f9615-79d8-4dc3-9303-3cca2f7f3791,Ixwqcarejqs,2024-10-28 07:22:38
bc79c349-b237-4c8f-865f-99334477a74a,Mxoiw,2024-10-17 08:41:20
e0035512-909c-452d-aecc-d8dc8ce15dbf,Tbsnfxpwqtiy,2024-10-30 05:30:56
bc8b37b6-f72b-4533-9ee2-19f39af40d13,Odripizagulx,2024-10-02 20:55:47
52d3156a-48d5-4d3c-966c-689f819d8493,Qloirglgmpjxkc,2024-10-22 11:58:54
13b7d91c-9966-4d6c-9144-c481313bea51,Rnigpfhfliy,2024-10-02 06:39:03
2c2aa8af-4cca-4aca-acea-f360a78a66fb,Mamunjgy,2024-10-17 11:49:33
9054f67b-0100-4089-a92b-f4fcc4a16b63,Fbynim,2024-10-21 03:04:35
ea05c674-441c-4dcf-bfa0-17ea6cc4d09b,Xtnwed,2024-10-03 10:56:08
d31cd7ef-17f2-424f-a13f-ea345ade13f6,Tlzociccvb,2024-10-30 22:31:17
bbea1f06-1b73-4a9e-8829-40bd95a41896,Obqxnas,2024-10-24 12:58:43
5ed37e2f-cd18-4774-90cc-d79f8ef36073,Ugqlexlnrtw,2024-10-26 03:48:55
31c8f72a-42da-4888-8287-2cac9c28c71e,Stkdrtmdsheons,2024-10-29 14:48:00
cb87ead2-844a-4030-a066-deda70d093b0,Ijvww,2024-10-28 05:07:44
b41022ba-065f-4c2a-99f9-29c242a049c7,Xvsnwfhumk,2024-10-23 06:35:10
592982fc-cbf4-40e9-a644-d5e675c53dc4,Mzjxma,2024-10-01 19:48:57
fef73c59-a7e1-424e-b8fc-bc6d094e211a,Aipeft,2024-10-11 01:33:39
b342dcb4-da3d-40cf-8461-732c4d3d6ea1,Qteex,2024-10-15 06:45:49
474711ea-f417-4d53-843c-e88b6eac333f,Zmynpsbd,2024-10-29 02:30:31
9edc3ad5-1cef-4bde-b246-3aabb89de9f4,Lrrwsenrruf,2024-10-26 14:43:19
c857389a-ed1e-4164-9007-2da20ea28cb8,Gacsibrcqtkysto,2024-10-01 09:38:25
9a096af1-309e-43b4-9094-e2bdf37ae036,Pfkoxiuce,2024-10-18 11:21:17
7bf7f2d3-e870-4ec1-bc13-197fbd607fba,Eonbbhiy,2024-10-15 00:01:03
fc2b4822-b577-4d28-8f2e-1784000cfbc8,Wgbkaa,2024-10-04 20:54:09
a7235fa6-20c1-4a5e-aba4-106d20803c9a,Obzpox,2024-10-29 23:19:59
0cc04deb-e1ea-44a8-be1b-acc0eb845c5a,Iiwznfpk,2024-10-28 16:06:45
5e9be8c8-5474-4e4e-b19c-424b76e44c6a,Wvcodmegszeplj,2024-10-12 08:58:26
f0a6309b-0e8d-48d0-b081-9afb156827eb,Paageqkr,2024-10-14 19:06:18
996f632e-ce00-4165-b69f-74c0dd482023,Snvcohymxtag,2024-10-23 20:31:54
fdf37c98-a445-4423-95b5-ce45f2c8c5e5,Mokuwt,2024-10-01 21:18:45
dcb5a863-274d-40b8-92cd-833532cdb5f0,Zxmltixkguzjdn,2024-10-13 13:40:24
09b7875b-8aa7-4793-a1de-e30ae13cf994,Wxtzydjlz,2024-10-04 08:35:04
5c81c3a8-e1ea-438e-a9b8-34579ceabd93,Estkhyiqnquybs,2024-10-29 13:06:36
adebaf68-6aae-4656-a630-59b4b7232de6,Mhikhwqpqg,2024-10-30 13:05:38
074deb2a-6c77-473e-b4c6-a117a221ca24,Rmzdmeqpftzitc,2024-10-04 17:17:12
717d7b62-1a12-42a6-b858-e65cf9e25c5d,Mtgyg,2024-10-02 03:41:53
25d7b683-e570-4508-9d0d-ccf3eab70489,Tdibbzgpexoo,2024-10-27 18:15:12
565d03fe-6040-499d-af5c-ea0ae7fc4868,Qxsohhhyvm,2024-10-13 17:43:42
39e7ab8e-62e4-4059-811a-6dcd89e66aff,Amguoemvsd,2024-10-17 00:27:37
c1dc8c08-aee3-481d-99e9-4b94b59c12ee,Psaqisxdkm,2024-10-14 00:16:15
ad5ea4ab-33ca-4bd8-957e-65c888a874a1,Mqdkf,2024-10-12 19:54:54
771b4836-a79c-4149-8ec2-206fa7a35320,Abnyrlvgfd,2024-10-14 20:52:26
216346c3-4e01-462f-a6da-eed8cec1adc7,Ywhzxnygjisl,2024-10-20 08:27:19
2bd5cf54-9170-42db-83eb-b481d0a0f507,Xxyuewlxi,2024-10-11 14:12:57
be037a74-c49a-4bef-8dd1-4a20b9ede836,Svcscwobtgoo,2024-10-15 03:04:02
adcde178-a54c-48dd-afee-b54c61a758a1,Wlyyoqufmynjidj,2024-10-28 22:51:14
4237ed10-9e67-46bb-9f6e-0576d5b764d9,Xqfllijbrtkku,2024-10-02 16:32:12
3ebb8b46-0afa-487d-8362-80aae1ba44c4,Smulmkjao,2024-10-20 02:33:28
0c9de9bc-0c78-4312-a450-5d2ee39ecbcd,Sidrclkqpxvcfpm,2024-10-16 11:52:27
f59f6798-04c5-4ca6-901d-b5798f1392c8,Ubwoatxlp,2024-10-04 16:36:39
f69ecd8c-9e00-4636-8de8-3763f5482ac1,Vmflts,2024-10-09 00:24:22
cc9bc482-b34f-47e8-80c5-b6b100887ccf,Wthcjkjdu,2024-10-17 14:40:58
bd74f57a-5f97-4b38-b4d7-5c7701db570d,Najvt,2024-10-07 07:51:01
0396355d-92bb-4e27-9bcd-88c12cd4f8df,Ocukgbny,2024-10-04 05:32:20
ca44a114-1496-4e5c-8f93-a99a6a959418,Wyurwdvlbbnrs,2024-10-07 00:35:43
ae7c1177-b005-4769-bc90-4cd2acc4ca09,Kjulm,2024-10-08 01:51:31
a61605c5-bc0a-4797-840d-28a3206288d4,Lmaaglptrfvqrmr,2024-10-27 23:37:50
1683530c-0c56-4ab7-b84d-00250d7e2847,Myfpuogpjpwyo,2024-10-20 08:25:00
25c41c4c-185c-4b8a-9d90-b55a696b5c3a,Wmlrtzvfqucnk,2024-10-15 04:05:01
32baafb3-5d73-4c83-b986-39dd11ac4b17,Wpirzl,2024-10-02 16:47:15
5aa45149-ab5d-4ad8-acf0-f49b5019f312,Ayxnfoqwjko,2024-10-17 22:32:32
8b3a8582-70e1-43e4-8a6b-b49622bf2505,Tpfdfocanwgzch,2024-10-11 05:37:32
9212b5c9-5ca7-4c6c-99cb-72fc9b8947a3,Crlxo,2024-10-07 12:22:52
c9ae63bf-6ac9-4c68-aaad-d0cabd19066d,Krdltvqyluqq,2024-10-30 04:12:39
76441ad5-1745-4371-97fe-d730588f86f5,Muldcpmgu,2024-10-23 21:41:11
f8f796ea-104e-4ee4-9592-783f19fbf8e0,Dzvafasyjftqwm,2024-10-23 08:26:00
5d2a20a9-b1ee-4f04-a897-c580539fb172,Fvaigizvjm,2024-10-23 21:29:04
d286aaeb-86f5-4795-9225-5a1578cd0633,Wkzarehljzmal,2024-10-08 10:20:06
68985ed7-550d-47f3-9a8a-7b96a6e1615a,Monskiurdzskq,2024-10-20 20:39:16
128ecd22-6263-40f1-9a18-3112a0d5fa76,Uidkrocydbe,2024-10-09 17:36:12
161eeebc-2f91-4744-8649-9a89bae3c277,Ttphggbgxvwzln,2024-10-30 06:37:26
c4d7dae2-0a6f-4aff-8c40-74653abe9b52,Zzrdvpkeyosl,2024-10-20 19:14:36
8ff5d222-e391-4ee9-8eb6-c33d428f015a,Zpvnmo,2024-10-20 12:48:13
6d44f43f-2c99-4163-9d24-66a9261a93dd,Obrelfgfvky,2024-10-10 03:39:43
0bfd576f-b46c-44f9-9f0f-468b8de5a5e3,Bxymvemqydx,2024-10-14 20:05:00
b09b21a9-2117-4144-9a41-b6e773ca77a0,Etfomzdeqhgyxld,2024-10-02 01:18:30
957f828b-273a-4622-99c2-38f58d201336,Xqefby,2024-10-17 02:53:42
52af1894-415a-4bce-846d-5fa40d7cfad6,Nmwpfwyxl,2024-10-22 10:36:55
6134a8fd-696a-42b6-a250-64f150a6a3a6,Zpydtigkb,2024-10-01 11:28:28
4d6949c2-8f91-4af3-963f-de72458ab955,Stgvzlfskmsjc,2024-10-06 18:40:29
e110e8a2-0a67-436a-878d-f2b17ee6dea9,Vcajj,2024-10-23 14:00:47
b44fb678-db1f-49fe-bc44-46fcb51ae078,Ugulhkxtgwy,2024-10-07 11:57:00
1b199591-17a1-4061-a4c7-43f62553c7ef,Vaetnchntyge,2024-10-04 02:18:50
1a22ad4f-0d59-4e8e-8ce2-c2136466af44,Zuaitb,2024-10-23 08:40:10
4c9bb784-acaa-4b94-a9ec-d0ea48251033,Ikpgnvgygmrf,2024-10-01 17:37:54
a9e1f13a-08e3-4715-9a06-874e6dae755e,Scnooe,2024-10-17 11:08:53
714dbf90-b7eb-49a2-925e-33471e72d603,Xgmktotdiw,2024-10-28 23:49:37
46b86278-5929-42af-81a8-7bcc1b697f17,Gtqytkiard,2024-10-12 01:21:22
1aa6178e-cab0-4d87-8c28-b378303fc8dd,Gvisuvfavkdq,2024-10-15 04:04:15
91937d23-6b37-44a9-9d65-27165474a0b1,Qytwzqvkltyekjp,2024-10-16 10:17:10
42128926-d5a9-4896-8454-9fb39065e79c,Wfvajbru,2024-10-26 04:03:39
3aefa824-29ec-4bfc-8cd5-1dc83f003296,Ewwcoicac,2024-10-11 02:51:54
a82fba9f-4b3f-42f2-9f99-9924fbe6fc9b,Wqcxvr,2024-10-29 07:30:47
d3ae9e74-7eaa-46d3-b128-36f25f4b4f16,Guyckiysajgzway,2024-10-05 16:43:15
dcb13503-6fef-479c-8cfd-6e9952cbdb7a,Gwsgsd,2024-10-29 21:17:08
e3a7d9db-9850-436e-bb9a-f81dd083f54c,Opakjf,2024-10-25 15:25:23
114c278c-7cbc-45f3-bdd3-8635aa9c8655,Gczcenxsosvt,2024-10-04 18:48:56
1173e39c-3b9c-47aa-93f1-b651269bf922,Njlvlpbdkqtcxz,2024-10-02 23:58:36
db4aafa2-c7c5-4436-a8bd-53bc5ae991ef,Fqasegpb,2024-10-09 14:12:00
c63c5bb7-c94a-45b3-ad13-0bdd274ed24f,Lnivss,2024-10-07 10:06:32
1d4d165e-4446-4945-82cf-b5f0594d48ce,Lkwahnfrhrjsi,2024-10-19 16:25:29
ff2ab3b4-5d36-4fd5-9957-eae2d968b0c3,Hzcxwh,2024-10-16 08:20:51
2b656d41-c09d-4359-8cbb-3ef00037df63,Zssamriqyh,2024-10-25 09:42:27
1d773dcc-784e-4f70-9e7a-8baf5a5b1223,Meftvf,2024-10-01 05:06:45
c8c8b73d-1e52-40d2-98bc-35644ed0ef4c,Uybcpoi,2024-10-05 10:54:41
9572724f-7969-4599-b8af-2411ca54e99d,Vwjipinwghjtj,2024-10-21 07:52:33
e0c2b207-0704-4a90-921e-6014ed9c89dc,Zvrwnxkjbdh,2024-10-29 07:40:40
c822d8e7-339d-43d2-a6e5-01c24b9ce4b5,Idwlvzafwse,2024-10-12 13:24:31
cb532396-c22e-4b3b-b1cb-67f0c59fb703,Irbwtmar,2024-10-24 20:50:11
1dd02a2f-20a1-43aa-9178-88e2d186b4d7,Jpvpykggsswvsyz,2024-10-24 15:39:31
8b924629-7c3b-4726-877d-d2877a333935,Hgslwgwr,2024-10-22 06:00:08
b14e23ee-8cb6-429f-bc88-b143cb76dca9,Izyfnzan,2024-10-08 16:55:03
cfe4cac6-77bb-48e3-8699-a4fac7f03e48,Nvhcbtklxnxlvxq,2024-10-15 03:03:38
3548a28d-715f-4420-8efe-0b4ae0e59694,Cijyvoaoyetocrf,2024-10-15 15:52:04
81d109e1-d567-4ada-81e2-e123245ca331,Qdyljgtif,2024-10-25 18:40:46
7dbe93f6-7431-4445-9900-d4981c0e77ac,Dbmgrvmixkuf,2024-10-14 04:28:01
22a80544-d4ec-4457-a5e2-398cd564022d,Xpiarjwdeskegcz,2024-10-26 02:03:54
26ec239b-1d82-46a4-a427-2302b7709f15,Llkiv,2024-10-10 15:50:46
402baa41-dae5-4484-9cfa-da752be4cc0e,Wvkfdrpkley,2024-10-05 10:04:30
14cc1cd2-88b3-42ed-a646-82a4f15657ef,Xgapuympfqvtsi,2024-10-23 22:22:27
cc353b24-f391-4770-b0ba-9df5001032e7,Kigptawzlkyobb,2024-10-13 04:12:29
6aaf20de-43b1-4eaf-b427-842f72ff9b55,Axgcbeg,2024-10-08 23:16:22
c1630501-409d-4bb4-b65f-b2302fe96f48,Rkvbuwvklmedwn,2024-10-30 01:39:06
04c5a8a5-04d7-47d0-a3c9-705cb9e28481,Odabfnzalcf,2024-10-03 11:01:43
f2e98952-e8c2-44d5-a11b-f412f948482f,Icrhurei,2024-10-23 02:22:05
91e290c0-5e5d-4ec3-9f9b-03764afcd45b,Zexfnksaxltl,2024-10-12 11:30:48
e6b66543-4c2b-431d-ac2b-fce9348fcf1c,Cojwjufftxxvyk,2024-10-02 15:34:06
57878bb4-741f-4d14-83fa-d6d1e15b37e7,Pkwqekw,2024-10-20 15:21:49
3b26b04b-acaf-4974-a15d-3dfde8be38e2,Thjzlgglci,2024-10-30 17:33:31
015032ef-4965-459f-aac5-f1e682bbdfa9,Utiacfxk,2024-10-08 12:32:35
bdc16014-c1a9-4700-82ba-4b23a65858f2,Fprcffnifvg,2024-10-16 18:39:21
3aa8c175-74fd-4bc7-bcc4-2bddcf04a3be,Kapkpafwpy,2024-10-18 06:36:09
d4b533be-a7ee-4fa8-a3e6-0c4c969b6f12,Dvfksveojfm,2024-10-14 13:10:54
30c0279d-0f42-4623-91fd-6ab7be3b4bcd,Qnebnjg,2024-10-09 11:38:41
1a0cf3fb-5550-481e-bc7c-43b93078aa6c,Bwytxzjarjcx,2024-10-19 20:15:53
31942227-ff2d-43e5-b644-edc7dcbc1ab0,Nwcwmvzuogqioeh,2024-10-21 09:39:10
08190078-c6c0-464a-8bdc-dce62fc02203,Pwvli,2024-10-09 06:49:27
146faa06-c370-41ee-a4e5-de75470e712f,Eazcnokw,2024-10-19 21:14:57
5176ff2d-ec1f-4d08-ad8b-20873ed0442b,Iwqylswmitkqcvr,2024-10-04 23:03:50
4f3eeed7-ce82-43fb-a625-7954644fa633,Xuhbjhvrpip,2024-10-08 11:37:27
31542bc5-5af0-455d-8859-04c6a3dd2bb9,Wsnkexmmpvrsjiq,2024-10-30 05:44:23
4526c59d-fbe6-46f4-932a-d34e804ce5a5,Eltqnydaqzj,2024-10-22 22:12:54
15390702-c222-4e7b-9cb4-84e8332d061e,Povyzee,2024-10-02 21:22:53
75c8be33-a9af-4381-8185-218c4c50438a,Oiowwgdc,2024-10-16 00:30:56
99042e5b-e19a-4bab-899e-f00fae7459c7,Ltjuxgsibwsuw,2024-10-07 18:51:47
7167aff6-8f24-4187-b33f-87892a749a63,Wdvtwc,2024-10-04 02:21:39
b2022c14-e827-4592-93e4-8ae46640984b,Yyeaiehnpmlc,2024-10-19 19:09:41
abc30588-4fb4-4c87-974c-d23d1019204c,Yztoner,2024-10-31 12:58:38
30b4b5ee-3b78-4301-baf3-3a3890e6b043,Rtpenrovyzguww,2024-10-19 22:39:02
be5c715f-c888-422e-8872-7a6c20a928fe,Rexpdotepinxv,2024-10-28 03:29:40
62602d97-3f42-4544-934f-839dba65ab96,Esqhbfylofndjii,2024-10-14 13:13:48
ef524cc4-01ae-417f-9bcf-257ed8123d07,Vmfczmesxmzufq,2024-10-10 14:42:10
96ff7943-7bcd-4673-a801-5cc8b0992dce,Sxzggmlnfmw,2024-10-19 10:21:25
b2e2bf26-3e91-475a-8e63-27b917f64f38,Cfkpzz,2024-10-03 00:44:43
59ea5569-ac3b-4353-9bc8-df823cc66748,Bydcwnclxj,2024-10-06 08:40:31
3b3076ac-19d5-4c1e-bec1-b6eb6d6c6e5c,Nubdrhup,2024-10-28 13:44:08
8341f8fc-d529-4762-b2fe-11d0205b2149,Gdwyohxcapxdn,2024-10-08 20:51:28
d030a631-9b09-445b-bd9f-076f90d45b12,Lsuvlxerrc,2024-10-31 11:00:52
57f59005-936d-41b6-9770-22edff1e9c14,Eljmyfzovcrz,2024-10-31 07:21:03
834a4a3b-811a-4266-9c1f-bcd499a28a25,Tbgozba,2024-10-17 03:35:54
f546be06-87ce-4f43-8aaa-cdb1a41ddb1b,Vhpoelue,2024-10-06 04:25:09
0aa3854f-bcf3-4188-b4c1-ea410e573c55,Exismwvcs,2024-10-07 09:36:32
a00cbe54-976a-4110-8e6c-909877a5c9ac,Jnkadzsfujfd,2024-10-26 23:51:17
695f9043-ef17-4edb-8824-3f0c3f3bd9bf,Pyddputgfauwt,2024-10-23 12:10:40
7f2b9e2b-b58e-4474-800f-3aa283f4f9d8,Vqnjublggszsht,2024-10-05 03:28:07
fa38267d-f2a0-46e0-a13f-cdcf0208649e,Etqaegwacpmhd,2024-10-22 02:01:31
35503028-f770-4614-b263-6966c6f18dd4,Ueptymqw,2024-10-15 04:06:48
a1864451-4c6f-4937-9572-e2eefebcbdd9,Niohitonpjbg,2024-10-07 18:47:41
442fbf0c-6871-4be6-b9ba-94f929d28a04,Edzxrw,2024-10-03 12:22:18
213c9a03-11f5-428b-9bc5-0ffe99fcf475,Wfqagw,2024-10-17 18:49:49
95b17a9f-2be6-4422-9515-0cf0ae113f96,Awacevbx,2024-10-25 13:11:21
8993ae7f-0256-4527-ba63-b0cc9e6ff417,Lnntr,2024-10-10 21:16:42
86b67db0-65e1-4716-958c-7ac5aa4b4d53,Lhegvmbg,2024-10-25 00:22:39
f9ad3e36-4785-416f-acc1-6c2ee69c3db8,Xxltyr,2024-10-20 08:42:42
d94be254-e95f-4f63-a818-ed03f8308d18,Agijucewbamlw,2024-10-31 05:39:34
f113434f-f3d5-43e4-9b5a-639d8a32ba3c,Huwtblgxzyqyfz,2024-10-02 15:40:31
ed8d2df3-f3f6-45be-8f9c-10a33215e8c7,Yqpcuou,2024-10-14 08:53:30
b7357e2f-e23d-4459-a172-9830e4e958c3,Mksbnghigbhndc,2024-10-28 14:57:50
d0db4cce-802e-4645-84d2-b280a9a7c09d,Wnrzlip,2024-10-01 19:51:24
44192b47-6643-4073-85e4-683b22e8d236,Sviaohvdm,2024-10-12 11:58:24
4bd88f39-b576-47c3-b1ae-30678e7ce11c,Nfxkalo,2024-10-07 08:36:30
29e519c9-682b-471e-a5d1-3e5fc74872c7,Ajotukvevvhfm,2024-10-31 12:30:43
7889c326-6f44-4e32-881d-20efe4259a9f,Ffklz,2024-10-31 07:39:20
ed11982f-24a1-4721-9311-3170fc3885a9,Xbllkfvnuxohlft,2024-10-05 22:05:54
672b195b-d757-439b-8fa9-600a5be170c6,Lugmsruy,2024-10-20 14:38:26
0331dda4-b1e0-434f-92e0-2e7281152c6b,Dvnpcblifbi,2024-10-19 04:41:17
3fd28f00-639d-4ad5-afb0-8a04d27f5e7f,Dfonduwcwsig,2024-10-30 05:39:41
95b11899-fce0-4a11-a59e-577fb16f0c97,Jscldqhzhqwgn,2024-10-16 05:03:36
32916d02-5968-464f-9bcb-4de2dc9f5365,Weyhhvegtpyqcc,2024-10-18 19:00:07
49ebfb2b-a1a6-470d-befa-fed761b8986c,Sjybnsjlr,2024-10-01 02:55:27
ed93b341-8744-4ae2-a66e-f9632c91b763,Ynfufpeidwv,2024-10-27 08:16:01
8394c047-5c7b-4a7e-9094-ec6861f09377,Deddae,2024-10-17 14:32:01
e7196e7b-2815-4097-b67b-b9c8b38da423,Tunhxzndjem,2024-10-04 03:02:42
7737b419-7ab9-40e9-8350-254d0d790d9d,Ijhxvggvhh,2024-10-29 20:28:02
fe022009-181f-4fd0-92de-dc2bad56945f,Mkornaggvmqvuu,2024-10-09 10:28:15
cc02ad81-fe22-444f-b822-d23f271c7c77,Qsqzppth,2024-10-08 19:47:47
8767e3d9-074a-44ca-934f-e6fee3ed0ac0,Jtysixaia,2024-10-07 07:31:59
fe64d36e-2576-4563-84b3-d1273f3457fe,Litjzfykbxbuu,2024-10-28 11:48:35
a84d936f-0d88-4b16-a1af-1faabecfc917,Klrmytzvnx,2024-10-14 16:44:39
6f8b2db9-4bf6-4295-8b4d-5b20276b1d5b,Xvaazibswys,2024-10-27 02:28:15
a55d8605-309b-4621-b2a5-36947ec3c227,Gcslptargznxomq,2024-10-07 10:57:18
91a9ab18-1266-40e0-bdce-9a0577f58dcc,Cspqhagpmbuw,2024-10-12 00:28:58
d580d057-d91c-49d5-a5bf-47405358d956,Dtruofs,2024-10-19 01:35:44
28316f04-3f6f-4990-98f2-bc9a1e78b6b6,Ttxvwx,2024-10-06 10:38:00
8cd5ccd2-07c7-4139-9860-485eeba106dc,Qrbec,2024-10-27 21:44:49
8fc2acf8-44cd-446f-a64f-5d7745e7d068,Urutwhn,2024-10-23 08:09:39
ee091b48-6f89-445f-b195-c727995d5656,Izblgfumvabyq,2024-10-20 23:43:34
feeb4a70-a7e1-467f-ad56-f5236e902a16,Nqmsrhgysqhwp,2024-10-27 04:15:00
5c0a5b90-fd6d-4c42-b3a9-ac82e19d1752,Plmvgexgrsppg,2024-10-06 18:17:29
81e1b1c3-4674-4830-b9ba-5b924e00c32f,Pvteiqh,2024-10-09 00:51:44
b3ea7a2e-9777-48f7-ba4c-0cfe14135817,Cikpsctn,2024-10-13 01:08:44
24594c25-dea7-4c38-aecb-990d3cfed67a,Murii,2024-10-24 04:27:57
93b94eae-729d-4961-97ac-fa62fac3eae9,Rhbbaehcdmzqha,2024-10-05 20:21:02
91b34341-2414-409b-beaa-4dfa68588c04,Jxiqs,2024-10-04 12:19:41
312faa3b-15ae-4d01-a027-7db908c0f146,Yverr,2024-10-12 21:39:35
44626917-34b3-45cd-8e67-9ece858bc815,Fdlow,2024-10-07 05:58:26
648658af-12d2-49c7-88a3-115dadef6a0a,Imxmty,2024-10-07 07:12:33
9131c693-9ec4-4a39-bec4-1b646560a2ef,Xthnsy,2024-10-20 08:40:00
d461cda5-4802-4d36-bf7d-c321121d6e81,Wfzuduo,2024-10-12 10:06:37
c0274492-2af6-419e-9202-7da3b6ee5611,Uicbnzjbuwurazn,2024-10-06 10:59:58
4fb6c75e-b829-4b2f-b86a-52da9b2027df,Pxsdkw,2024-10-31 23:33:56
a5fd1a6c-da73-4517-b6d3-285942c4d354,Oxxdhj,2024-10-01 20:30:15
cab31299-6348-4f19-aa4a-6da9873430d1,Bjnkcfancttvx,2024-10-29 10:03:18
046484a0-2c46-4142-8b9d-b3aebb424848,Stmwua,2024-10-14 18:54:26
6f2d1151-74aa-4c2a-ac38-9cd3101eba44,Kwxhxv,2024-10-12 08:54:09
cfedf9ef-8af8-4806-88dc-4c7fc59656b6,Bufwsrfrgoafc,2024-10-21 11:43:30
79b9c120-8d39-4a16-ba30-23638aea70df,Iwcyerohxynf,2024-10-18 03:19:21
cd78bd25-0198-4638-8211-e4288386f207,Zpxkqdjcmuftt,2024-10-11 17:52:24
9df59f61-8536-4806-bd6d-7ad7b3e7a34b,Durdz,2024-10-18 23:35:36
bf192dfe-4ed9-4a74-908e-e927de0e732d,Bstbdfbprib,2024-10-28 17:06:31
8da75f7d-b450-4c1f-9366-6fa439eb805d,Jqnsvvxbhs,2024-10-18 20:30:38
24bff3c2-6e62-45c4-89b9-7e6cefb1dc72,Knnkruyvmnkdpp,2024-10-07 11:51:57
7a800cec-f359-48b2-a75b-3c467c3a1b37,Ybhqueby,2024-10-03 04:36:45
86796fd5-225a-4e24-822f-cdabaacfec20,Hehyppidydxzru,2024-10-11 01:18:16
666929a1-2668-483c-8150-39a8438019f4,Spbyytfolbapi,2024-10-10 10:26:16
4f418cc3-2483-4983-af35-33c58caaaf05,Dcrlydfcdawpa,2024-10-06 11:54:19
153fab41-d270-45e2-87dc-3e0337352d11,Hpugxukygcjxth,2024-10-05 19:58:43
5647b28e-883d-4a1d-adeb-9894add80558,Ewopylfaqb,2024-10-29 07:39:57
1e83d8c0-4a0e-4371-ba4e-b0e3e740c0af,Dswttkyhtnfv,2024-10-05 03:54:14
ebf361d3-f5cf-483f-a87f-6a75a1f1f139,Glrckdgcie,2024-10-28 12:46:08
91181ddd-aa23-4df3-b9f5-72ff0af51994,Pnngdqw,2024-10-20 05:43:50
c1ed65a8-bcf4-4ae7-a46a-b88604912928,Wdhvwblejvv,2024-10-03 12:07:43
85be8624-9e99-43a2-bdd2-e034785f68fd,Ixxfxpqox,2024-10-07 07:05:30
4df9b210-1b46-4d38-9b0c-19a65ca27022,Mmolsuml,2024-10-25 10:35:49
4ecd3b24-b21a-4a6c-bcd4-46ea0ee21975,Pifskkkekklwqn,2024-10-09 23:06:08
378b3740-e829-4a7c-9afb-a0836e31ed92,Avdserrjwqqypyn,2024-10-07 08:24:17
b71fdf87-a606-4f1d-b64c-5624775c49d6,Tfeyuaxxqrbu,2024-10-07 10:06:45
847886a8-353a-4e37-b22b-7981ad178c84,Lrhlbx,2024-10-23 03:39:19
46bee594-53c7-4071-b5de-5376f5770902,Fysxwlrfofbpn,2024-10-06 16:11:20
8e0b3e1e-79e3-461b-9b83-cb2e79d623ff,Htxflbyckzjz,2024-10-01 22:25:36
030c3e10-8bb5-446d-82b7-3cdd3b333518,Rdyayvseso,2024-10-01 04:12:40
ae24cbc6-126f-4e35-ba6c-09f8b779d7e0,Koauktpvbeghftz,2024-10-30 23:55:12
249a9cd7-127a-466a-ac75-269a4199d808,Bbsyakamuhzjpx,2024-10-30 00:11:07
3bb9428c-d4e6-4be9-a172-f60a20489c56,Pcefyohjiucpy,2024-10-06 10:11:32
7ee5c366-1862-4a7b-8686-4203bcd3207a,Cbxzydbrgwfd,2024-10-18 01:36:15
88d6116e-38fc-4ba5-b72b-00cd1bd4412e,Rrchub,2024-10-18 10:39:31
b93294d3-7bfb-4663-b66d-d185e0197e56,Iiphccazmpwm,2024-10-25 14:53:08
9f9685d6-68af-4e62-9cd4-114b38fa37cd,Zahsfcu,2024-10-21 02:25:05
c92207a5-ca8d-4bd3-a6f7-8cb32211cef8,Fwcrdqrcryxjms,2024-10-29 21:20:09
195575b5-1e51-4a33-bdcd-d492c0f0df6e,Rpjyrtyx,2024-10-12 22:15:42
2f56609b-d3b6-476f-976f-bf29687baddf,Mplkj,2024-10-31 14:08:35
a57340e2-36f1-4ba6-baee-9a5f79dc9842,Hqcwudeh,2024-10-23 00:04:08
2f6a2199-a892-4b42-89ba-8529787a427d,Pmbguccpuxddt,2024-10-19 16:06:37
0459a6c0-b4a3-49f0-bfd9-3b025cd8a024,Wwwwkdytmn,2024-10-07 03:59:34
72c96f8b-94ad-4a51-80fc-250527688a6b,Qxgcred,2024-10-18 16:07:49
3f4b497b-c495-43d2-ae6b-e595dcbc59f0,Arlogjdvsduha,2024-10-28 02:27:24
d9f0b3fb-3b23-447e-a6f4-6861bd1626a2,Mjekbv,2024-10-02 11:42:20
838fb844-27be-4c43-815a-56ec89f2446d,Mpnbnr,2024-10-09 21:20:46
c3e43ec7-b200-44cf-aa21-2e0371d00cb8,Xmupl,2024-10-19 16:40:36
e3116bd2-fa94-4f55-ab36-115077b72ee5,Zwtqtg,2024-10-30 05:16:11
94a98773-7dbb-431b-8e35-ae4159484027,Cotvifgif,2024-10-26 01:03:27
94452ab1-57a4-48a9-b967-84e6abe1c4e6,Onoozeuv,2024-10-26 21:57:29
6b41a328-7b48-49d6-a848-e744c97dedea,Eetybelkeffqhb,2024-10-18 05:24:43
09199076-00e8-4ba6-9ca4-6608ce7979b7,Uwfwwo,2024-10-13 12:23:49
ac2ad0f2-f45b-4c84-a156-dc2251e03c28,Qdflm,2024-10-11 01:49:02
d5c3ed0a-f82d-4cc0-8200-0037fbb1b4dd,Wjscxnfpi,2024-10-03 00:21:18
63297ec9-75a8-4d55-a424-cca1fe48967d,Piwzrxttzr,2024-10-09 14:11:46
9692e492-1aa8-4441-ad69-bf78c9c80407,Iqmxswsw,2024-10-18 09:57:36
adbdb422-e61d-431b-9d0d-d0441b98e33f,Zcvrdkm,2024-10-25 10:39:35
13d20244-b94d-4e9e-be71-880df2b3aab1,Bylut,2024-10-02 09:17:07
de9197ed-7d45-40c9-8a8c-554199070d66,Uhpjjmk,2024-10-23 03:56:23
bca96e74-df18-4a7c-b8db-769b590d0db9,Bnnblnusahgcei,2024-10-04 06:32:49
a8b807ed-664a-4f74-898f-af434483d4da,Nomydiklhpp,2024-10-01 20:21:09
2f288c86-f1bf-448d-8ff7-9e2b2a74d3a8,Jqcfb,2024-10-27 15:12:42
a4a3dd2c-f221-47e5-8b82-16dbca72df00,Lqrmkhmjohgb,2024-10-19 02:47:42
7d3648d3-b509-4d6b-b1f9-e051a080fc0b,Efhlolsvytghktf,2024-10-05 10:21:46
38df8b0f-bf08-4b2f-9e3e-e2b67e91ee33,Knyhhj,2024-10-13 01:34:57
603d3515-213b-4c66-af05-a69e0f8f9b10,Uqytkcl,2024-10-18 18:09:13
3205c969-2ef3-43c5-ba55-3601b8c16088,Bsjngfms,2024-10-24 21:06:22
268131aa-4adf-41b1-bdfb-0df597567b10,Kpmdkrpcciqpy,2024-10-17 00:47:42
e52bb36d-9019-48c2-b705-f69554139017,Ogkzishamqtcpx,2024-10-25 11:09:36
4fb69d45-611f-4589-9d67-222dd6fcb9c0,Zwwoiiac,2024-10-03 21:00:53
abb0b8a8-65b3-4bd2-bd71-ba9828d3fa1d,Pxjnaltpahymunz,2024-10-17 22:13:44
5858cdf1-cac7-43df-92c1-31193bee55fa,Nkplnxw,2024-10-21 06:22:05
cbd3cd90-c037-4dad-b467-ec2cce976c01,Fsqwlk,2024-10-20 18:15:59
d167a858-ba7f-43be-8467-adad8ff74934,Wjfqciqf,2024-10-05 18:33:28
f4884b4d-611a-49ef-8b38-cdc94d70befe,Ussdk,2024-10-11 21:03:20
1dc89fa9-2047-4fb7-84ee-49d0d4aa33cd,Xcrvdxfmkwuoywy,2024-10-22 17:32:50
02e54ace-9fe8-4625-81f6-9953faab66fe,Ereraimnc,2024-10-16 17:41:21
b7d3cd8c-968a-429a-bd68-ffe890447127,Tnzmoigqgbjtt,2024-10-29 18:25:04
62486ed3-995d-475a-9148-f77966fb4baf,Gabmj,2024-10-22 00:39:51
14f7eeb3-2db2-47ee-b470-7ad6a5d8a35c,Ffldidcvw,2024-10-18 10:47:07
fbc4195d-0ddf-4d03-8589-a9a032b6aef5,Lpxss,2024-10-07 19:49:04
2066a4f1-e6b5-4d10-8b69-69de83a9d611,Hynbq,2024-10-11 02:09:22
2a269a47-2bbd-43ed-a767-d24df683f4cb,Iohjjuumaovnek,2024-10-19 04:26:50
1b0cab3b-189a-4af9-97b0-2d12490de8ff,Aiunnkjclnnapy,2024-10-08 11:04:22
cb353dbf-0ddc-4d94-98dd-2ee2582aabed,Punzfbnecojsifl,2024-10-31 01:06:47
006a2248-9878-4ddc-946c-54b519c725e0,Sywlpch,2024-10-18 00:58:37
0014b772-8e80-4fc3-a2d9-1acec75a92f0,Rwfir,2024-10-13 02:14:45
2236123e-f286-43c7-a678-94f1809bd661,Ojmtmeu,2024-10-28 20:35:47
29a85d2c-6e37-4423-a409-83c4ee2eee21,Snazpsxdgciy,2024-10-31 13:42:06
d4c58689-af0b-470a-a1ec-07b2971fd8a8,Abfmoattzh,2024-10-06 13:28:05
52b96649-97ad-42cd-9311-bd5be9f64f5e,Rrjyksnslfafm,2024-10-06 05:22:38
530a3bc2-ca9b-411e-858a-a6dc76127f0d,Pinzce,2024-10-14 10:29:52
e7586a25-b9fd-4144-8b15-1867d7e669fb,Zqlgbg,2024-10-29 07:17:45
89ae3bec-946a-4833-a370-1cd6d5cbb4cd,Zjbzwsdgksufqcq,2024-10-15 12:08:59
8bad0680-dd7b-41bf-81cc-47bf8a80b382,Xnnmfz,2024-10-21 11:16:18
2c47f98e-ddf7-4032-912d-679c37f6b58f,Mipghbesl,2024-10-29 09:38:29
6efb35a9-1894-4d7a-bd67-e4d5f45de53d,Gsbnbztbw,2024-10-08 23:24:11
38744bd1-4d1f-4326-8fe3-f95b2d02b149,Hdrtwuzx,2024-10-29 00:25:36
146ba433-92cb-404e-89e3-a79046dc0309,Kaooydpgl,2024-10-08 11:05:38
872eda26-731e-41bf-bb2a-40b636815afe,Uxjphu,2024-10-19 06:18:15
9193ef27-8317-4e3f-982d-f2c019d7766e,Dguarisbo,2024-10-29 21:28:28
9a7a1e09-848d-4f41-8fb7-ba62f48cf367,Csiytrwmzreb,2024-10-05 06:30:01
4761cf01-30ac-429a-926b-6a03e0b23777,Bmyrinsmulkb,2024-10-02 09:18:09
6ca841e9-99f2-4cab-a0d1-82cd27de406e,Ugvhevv,2024-10-13 17:40:27
e10095c0-e9c2-4608-91dd-394913dfe77e,Asseobb,2024-10-03 14:04:02
2bba66ea-e88f-44ce-95f1-9cecc07a6f1a,Qurym,2024-10-07 17:15:37
7e22aa80-a6e7-47db-8f5d-a3498cbf7e93,Wuyboqricrrnx,2024-10-16 14:57:16
054bf041-bd3f-4bfa-a062-6d59b5ae273b,Huorfduac,2024-10-08 23:50:26
fb5554ed-0202-4f9c-b5b6-9b6a1d1c47fb,Neuqcm,2024-10-26 21:11:06
66b91ec7-198f-4299-bbbf-2eab8643ef5a,Gkoadx,2024-10-10 14:20:45
c15917a4-a48a-47f4-bcaa-e25b0a263ca2,Nfsaleviyvodhmz,2024-10-28 10:33:42
d46e1f8b-7cd0-4b02-a5aa-638616a8f541,Rqxckwywsm,2024-10-08 17:31:01
a477dcaa-eafb-4ec0-8709-1b4a5c091f1a,Ijprlhownqpxk,2024-10-04 20:01:02
061b3262-2d80-40d5-aa41-7a330ec8d3e5,Yjnzdt,2024-10-07 23:36:35
3be0e4cf-492a-438a-ae8f-f88ef0d6742b,Soxzuhemnub,2024-10-04 08:00:06
fccabf9c-87e1-4b4c-ba9f-223f79cd02a4,Hrctsiwxk,2024-10-14 23:18:57
c7b2be8a-f946-4128-b5de-34c6c2f4e1bd,Alakleqvmhwnlff,2024-10-02 13:25:05
fccd8a89-106c-4767-8a19-147eccfe9a62,Jdirvy,2024-10-30 12:58:17
9ae77c88-5b61-4461-94bd-dc8a6151029d,Wbhvgsdgvvilnlz,2024-10-22 13:39:32
940a4de9-4f56-4cb0-9358-5eb066329201,Ovonjorkdthtrmf,2024-10-29 19:45:20
3669734c-099c-4a44-8a42-addf0e7ebb1c,Fiieelxgrpld,2024-10-17 15:56:28
87febd4f-1f11-4d59-a7ff-f26f01704b52,Agokquqjkvbehu,2024-10-05 13:35:08
0e1ceb24-75a8-4529-a7eb-fb1db4765f4d,Ethcnjnez,2024-10-28 01:44:52
3cff6862-3e49-43dd-b40e-3ac7f41ab072,Tlgzpzxhev,2024-10-02 17:39:53
0b47db91-577b-4df8-88d7-5b3f7065c25b,Wqksnfa,2024-10-11 04:42:12
f782ff70-74a1-4a5a-9e09-66106f2856b5,Mxlzzqauy,2024-10-10 15:26:11
6c94ecac-672f-46fe-af8b-6cfe5beee4d7,Sahqnotl,2024-10-14 14:43:52
a075d1cb-6389-4a55-8d08-15d6dd5aa61e,Ahnkw,2024-10-26 01:08:52
512581bc-36df-47ce-9e42-2e18b2251b29,Dttcdcxyb,2024-10-10 00:44:09
f48d7fa3-bb04-41a9-8169-b7e0fdcd464b,Ezelt,2024-10-09 07:20:57
fe7f1e3c-735a-4c57-9564-090a0c051f34,Hdsgnbjgx,2024-10-13 22:31:01
b3e1d461-c24e-49fd-b412-475706997f85,Uzenym,2024-10-28 07:05:58
b053d242-9db8-4ec8-91b4-3b536b1a326a,Lvjfqa,2024-10-17 12:24:29
de2c1678-6293-4210-ba44-efa973ddd7cc,Xvzxgoqjzgddl,2024-10-20 22:05:40
4d3ba35e-3d4f-4f25-b952-58191617dd1f,Kpofnyz,2024-10-11 08:41:36
4219ddf1-ee6e-4ef9-9271-d8f5fbe8af76,Fbevisuk,2024-10-28 22:18:17
1669f70e-b82f-4738-87c7-3858560f6957,Eblxdcevwonhcdv,2024-10-20 01:22:57
1ee456ab-3b42-490e-b228-d53e030f0800,Awvhmuslp,2024-10-26 05:52:16
a18ddf8d-8891-4e46-b917-1ed834a857d6,Qzywpyrhkyyhze,2024-10-24 04:07:13
ee8e6cb1-5ee6-462b-810c-37a1890f87c5,Rapuiircsuqcnf,2024-10-27 02:29:54
4fd5aa18-0a46-4709-ad4e-10520549ebeb,Cbbdz,2024-10-06 17:40:56
8655036b-07a0-44e1-b1a5-51e91e0c7f79,Kauizcrbdw,2024-10-01 21:01:47
fcde337c-e826-40c2-b882-ee3267dddca5,Dshqkoumbio,2024-10-11 08:19:03
5ab3823c-f2b4-4706-b3a8-67aa29ff45fe,Fnqpp,2024-10-25 11:51:50
b00b42b8-4351-432d-b822-3dde0cdacce9,Gbqae,2024-10-14 21:56:13
9ba20ec4-b071-4093-a3ef-8966051f8ed9,Bljjedsuhcvgs,2024-10-06 14:59:40
4218507d-8684-4709-9cb7-2455bc3bfc4f,Wiwiodmwxthzq,2024-10-28 06:05:04
5b92b634-e3b9-4986-8a1e-7aa779885cff,Pdjtij,2024-10-30 23:02:19
9476fa10-832e-4517-83e2-01d7b48d97e7,Nepqsshaxrgn,2024-10-19 13:45:54
c3b25328-a2fa-4f03-99cd-b4469cbedd0f,Obuskmzhwqt,2024-10-15 01:27:13
9116780c-0709-4660-864b-683e3974da67,Jxcjuypygnaqs,2024-10-22 02:54:36
c9eecfca-19b0-46d1-abec-f01fbb5e3115,Nfdrypg,2024-10-15 08:38:14
5b26d58e-8a94-46c0-9229-93e731cc8484,Zgvabprqmgsmbzz,2024-10-15 04:02:56
4cab4312-4307-4f5b-a746-eb02d8f1662c,Ceyyoouiacktlz,2024-10-06 03:38:31
d285eeb6-fbfb-4280-a96a-4b24c4f87511,Denbepcplgsb,2024-10-28 11:15:41
948c6326-0712-48f8-9534-e9143b82bfa6,Xtzkzccd,2024-10-04 07:43:22
a2a16c19-9d97-4f42-a675-1bddcea811c6,Jnfbr,2024-10-24 22:16:30
fe2b8a2f-9167-403a-8330-83fed0b996df,Orcrrqdmpikcw,2024-10-27 21:20:22
cdc83b72-05db-45e4-b41c-5ae025fe9d27,Kaqzdtiwtyhnxz,2024-10-28 04:20:35
837d1a3b-63bd-4dc3-9947-5bff460af9ba,Smegaihxgh,2024-10-17 03:42:18
97978bab-d5ce-4c87-8c88-c1ff2cf84be4,Pdqxkbhuwaipa,2024-10-23 22:48:36
5be09831-4584-4b3d-91d7-c08f753bee8d,Dpmhmvx,2024-10-06 03:05:27
368ce7b6-a080-46f1-bde5-1a15f1fa4ec6,Bgyzbwj,2024-10-25 08:34:26
ad14a377-ebf8-43d5-abe9-7f77aa9f6af2,Kiirjagbjmzc,2024-10-08 22:24:54
55115136-3721-46b7-a299-898b7ed3d11f,Ivfdrmfreom,2024-10-11 00:49:19
f7a9306a-d5e5-4166-92d7-e5e511ef5dfb,Jqdjxmzhx,2024-10-07 18:15:57
bb41e781-5431-4d91-9100-c01f7a5cf071,Itkrerotjv,2024-10-15 15:09:11
54118b38-2258-4f4e-a7c2-9a9a3da5f1c2,Wslqt,2024-10-12 18:53:45
91bb922a-e4b3-4e8d-8e61-55cda902530b,Bufcuvmkyrmu,2024-10-08 09:54:24
cbba85ff-76c9-4de4-b7d3-01ed37991301,Casvanehkz,2024-10-22 02:24:54
d65f836e-3665-47b5-bf4b-d39b0a786a74,Lvmcqkydxqr,2024-10-22 07:16:49
666b736b-edfe-402a-bccf-a5028146217f,Dvxepdotujzm,2024-10-06 02:39:15
a411134c-efbd-41d3-b241-ef6590259546,Ilhxhaxreqbvc,2024-10-04 03:38:07
27a234f9-b451-4233-84b7-e71542008262,Sbboyseskfmdm,2024-10-27 05:58:47
a97896d2-2f9f-47ed-a06e-b76aa2345d2c,Krwhy,2024-10-29 22:52:35
93506995-21f0-4090-8ef2-6a3e95ed4b83,Mryhmwejt,2024-10-29 07:57:52
9439b4d4-4117-4ed7-b63c-51f1b978c8e2,Xzqbytjbnzojdw,2024-10-08 10:24:08
0b2fad0f-4f5f-4e05-b29f-8006a9df8a1e,Lyqhilg,2024-10-21 10:22:49
e4176f8c-fdde-4e6c-bd95-7bea11447b3d,Xzqjuatqazmrny,2024-10-05 06:12:49
64eab8c8-08f7-4120-8295-8d5efc98ee27,Edmyrlejlzo,2024-10-10 05:56:43
a7cd5c10-078d-44e9-983e-be6d962889ab,Tgjisrjsq,2024-10-16 07:56:16
761da570-999c-4e1b-91d2-72db9f5c29ec,Odooulivhnyh,2024-10-23 10:55:50
f1ed408a-7248-47dd-8051-166c9227bbfd,Tcbuttgk,2024-10-11 03:28:24
3f457ed9-e1c2-4a63-8970-0555aafdc5c7,Tsgxynalhasy,2024-10-06 20:34:51
3227b053-5584-4c89-901a-a169115d3484,Mxnoi,2024-10-15 01:36:46
b7f2adaa-c24b-4b20-891b-7de7255d1bae,Ffbeav,2024-10-16 09:32:09
03fd9cde-fd70-40bc-99c3-9b4208ee631c,Ishutbyamntl,2024-10-30 04:21:00
9dcc397e-733d-4be6-894d-f4975c91eb30,Antuejfvtl,2024-10-12 08:07:36
dcc0aaf0-934a-46b2-909c-1603f41f8583,Dykacp,2024-10-22 09:54:47
9dbfe310-0ad2-410e-bffa-6915efbdea2e,Sqvvfcz,2024-10-15 10:41:30
98032ce7-c7fb-439b-ba45-84478a6abbf6,Pzwfhklcpf,2024-10-04 15:47:13
d618d051-96c2-4e64-a65a-fa662b3819ce,Jggrrqigwev,2024-10-01 14:56:15
4817c620-7454-49a2-b5bc-974863c346ea,Ugebepfcijosrk,2024-10-18 14:47:45
dfbb5ee4-446a-4630-8913-aca3febe9e49,Gqxjictimfyi,2024-10-13 15:25:06
10a6d2db-3282-4fdb-a0cc-b8668c8ba61c,Tnuinej,2024-10-18 09:16:20
10e7c17c-f842-44ce-96e7-beaf3cd4b8a2,Tpbpujxzjihfhkw,2024-10-01 12:50:16
d1a40db9-d3a8-4963-9587-dcd5ff047bca,Befckcl,2024-10-05 18:08:12
984205a3-2104-44b2-b2cf-49bde25c0c25,Ramhkyk,2024-10-01 08:05:03
e6e40c1d-c668-450f-87c5-2daf05dc239c,Nffyysnzpznma,2024-10-21 20:06:36
44e6acbc-8d29-44e6-a8d9-309a49db2293,Ueaofz,2024-10-31 13:11:40
ec2b4486-d9ed-4e55-985b-839fedeff893,Qfajeltspitu,2024-10-08 23:45:32
8febdfff-0edb-4af9-988a-3ed7b1d3bcd9,Hiscwctuhrqw,2024-10-06 02:51:05
d6d0a437-596f-44c8-b7c6-68db4e1dd5e1,Cltnbetrxrtc,2024-10-05 12:20:23
7996e7fc-3f70-4b17-b915-068a241bfdca,Drvbvfpu,2024-10-14 12:40:15
883cc276-a534-4427-b245-a6120197718f,Dkupcqhyvwt,2024-10-27 09:25:43
07e7ade8-90df-4785-a098-58e4073d7e45,Hrmqjglxkis,2024-10-27 05:03:49
1ab178e3-3454-48b5-94a3-8940f2cb9698,Gcxjathppqv,2024-10-04 16:34:22
43239185-1486-47c9-867c-7455c614505f,Fgcvndicjdlfeka,2024-10-08 14:54:53
72ac021f-3a49-4b79-8e2c-f8eab3fb931a,Fpgwbwy,2024-10-10 14:56:08
232c6627-9ffc-4880-8dfb-efd10bcb1025,Zawbzuv,2024-10-30 01:48:20
b2002a5d-3103-44bc-beb3-e52294dacf0c,Jipscdbzqx,2024-10-12 22:02:49
38caf6db-83a9-410b-be36-33c3d771db83,Wmcwxoxkeqh,2024-10-26 05:25:30
d109506d-e4c4-4a74-a88f-5c36d88483e6,Bznpuugorytn,2024-10-28 19:14:09
448d7e56-b0a4-48c6-8b79-e48cce555984,Tksqer,2024-10-27 11:05:53
db5cd95b-5886-417e-a6e7-e5dcc7bf52f0,Tiiknl,2024-10-29 16:08:27
240da03c-05c6-4dbb-9381-99ddd375e2f6,Fnmltsimgoxxsss,2024-10-09 08:03:42
239b8e45-b74c-4c09-816a-fef342fdce86,Nfnfpotsk,2024-10-29 17:37:17
2a3c9813-f462-44ce-a24c-1ac9a7cdd124,Fwmtduu,2024-10-20 20:20:53
fc828065-07cd-4457-ac44-0e1e6154ea07,Rfylrqcg,2024-10-23 05:23:06
ed6c8546-39ec-4c75-af2c-404170180cea,Phhqasvgi,2024-10-20 14:40:46
c6a6fc55-b27c-4d91-b051-0ab7f6b91730,Mwcbb,2024-10-11 03:08:50
d6da67b1-eb0b-4a3e-b1b2-0df8bac801aa,Moodkoyqjitx,2024-10-04 23:16:58
94060097-84e1-4bf2-b5fe-12d67647441a,Vgrhyzfkc,2024-10-21 00:06:40
560c23f0-1b2f-4ef6-973f-1f72e8fbc1b0,Vzljzdceh,2024-10-08 01:14:14
7e160086-ad01-4e12-93d4-42adf7be8820,Nnjuopqdv,2024-10-04 21:06:57
de295ad9-fc81-4b51-ae9b-e18fe4ec8d08,Xwpqx,2024-10-22 02:33:15
5e10d93d-b67a-437f-a9b8-6148f5a1b891,Wzhgqsmjrscx,2024-10-23 12:57:03
58711708-0fdd-4df1-928e-3a52bcafa233,Wnefxycmjsmiqe,2024-10-11 20:37:13
af73f5fd-bf42-45b4-b3ae-e7902fde3f35,Iwtvyxl,2024-10-09 17:05:54
15a9ced6-3095-4d8a-b84a-de20dbdaacfd,Ecwjjudcvo,2024-10-20 20:26:42
830d79e8-09a2-4a3a-9bd9-e1be064189eb,Hqczvoqrduwqbll,2024-10-01 22:21:33
35179004-eb01-413b-9d67-67938091a4d9,Fsfipvutkcjlm,2024-10-19 15:48:03
7059d4a0-8aaa-4ed9-988c-ae998b284373,Wrtswdxtx,2024-10-03 06:52:05
e1b1e1cb-4f40-45d6-8a06-e820089ad87f,Avynbf,2024-10-12 00:10:14
4231b98f-82fc-4402-99dc-dd23f983c9b2,Obyqlmjzarzmuem,2024-10-09 06:32:41
cbc3f8b1-7b18-4600-906c-f9a8ab8367c2,Hbprystm,2024-10-25 19:41:54
b1acc204-292e-4560-84fc-1cdf2288e568,Dhxtqskcqgfdxnk,2024-10-03 22:17:17
0dc08a01-9311-4577-8bef-296efd7bd857,Nqivyvvlmwvsfn,2024-10-11 17:03:38
95d72735-0a15-475d-bc8e-ab73600410fb,Qqrtpwf,2024-10-16 23:11:49
5f65d862-54f5-46aa-b1d2-7d2f6950c274,Mdtdxaowdt,2024-10-04 19:58:01
e5798603-2537-4635-904a-32d9f365c0c8,Ljalutuiikk,2024-10-08 18:43:53
43247d61-3953-4c94-869a-0100f8d0b461,Rsdrsuhnpby,2024-10-22 08:40:54
3cb9239b-4d7d-4045-852b-b55609e46d29,Nmihvxhdv,2024-10-28 02:05:47
19278ed1-d21a-4647-ab86-b6bc3b4e0870,Rsiunbruup,2024-10-03 00:51:40
59a2e974-1266-4a35-960e-2a4fc4bb0903,Wwhinmynzeo,2024-10-21 20:46:12
ad34a5dc-3450-439c-9cc8-930a39e20143,Zbjbi,2024-10-28 10:35:05
852529b4-0118-44f7-b544-2baca1ab6c39,Admxtae,2024-10-31 21:42:50
fdcf0679-af1a-451a-bc58-32f94d530851,Pifnkj,2024-10-01 02:52:28
45af5fa7-aa0e-4634-9002-4aefa2e07e00,Xtcggqn,2024-10-21 03:23:37
67856852-3eb9-4e64-8b06-b0caece34310,Hiqnymvlptst,2024-10-27 02:17:05
933a2c67-5970-4cea-aa96-920bbf660a14,Ithinwdom,2024-10-04 15:19:31
265778fe-b417-4175-bdc4-155154910d8a,Skgrqhsj,2024-10-04 10:26:17
18eb6855-90d0-47d4-97e1-d44de0772e49,Pjxxtjxujlg,2024-10-10 22:02:18
d916bfc5-df85-43bf-816e-6ca5a079d595,Hemiipt,2024-10-18 17:52:28
08d552a6-cb9f-482d-a1e4-8140dac28bda,Wyaogz,2024-10-29 06:22:22
fdcdd4ed-759f-4da7-8764-a2e926001b54,Pyxvugdijwazauq,2024-10-20 14:48:58
3272e16a-e0ad-4f3a-8412-46b656b7540f,Cvnbdo,2024-10-01 04:50:15
3166376f-28d0-462f-9527-4a1912391de1,Lvosxbaitjc,2024-10-26 13:23:38
685881e6-1b76-4c9e-ba8a-c06053db1384,Lbinuax,2024-10-31 19:40:39
ffca30cb-74f7-4276-9352-a43629520a0b,Tlngxvkwlqauz,2024-10-13 07:12:06
6b6dd73c-d41b-43ee-acaf-165afabbfb89,Irocb,2024-10-30 16:42:29
20c71112-4851-41ae-ab30-013cde0efcd5,Hcccwht,2024-10-19 19:27:12
573291df-fd7b-43b5-b7e3-da23521f2e13,Fhohcuyz,2024-10-30 00:40:35
edeb2e36-5b4d-40a9-acce-89c8aaccc260,Vlmxmyvlvy,2024-10-11 01:04:28
d92b28c6-9fae-41d9-b8fa-2696741d9921,Whfispr,2024-10-01 16:50:52
ae994c6f-5512-4f86-b3a6-32b6706df33c,Ttsgnyiecmjkll,2024-10-18 21:18:19
b541d02e-7c57-46b9-826e-7d02ec2c69b6,Leifjpdudcfhx,2024-10-01 22:16:15
138a2fcc-4d7d-4d3a-9d8a-9ee17d0ad439,Gdkljejum,2024-10-10 15:26:05
6571192e-b208-4b96-a493-a979b31e319e,Gkslcbhifrjr,2024-10-05 20:42:21
dc12293a-aab2-4f4e-8948-ea8d46946ab1,Ccitakdacjezlwo,2024-10-09 18:37:20
a8c35751-8791-42dd-807a-25eaf9924ed8,Ptnrhbkfkqh,2024-10-03 03:37:19
48deacba-a13a-40d5-8224-3da306641708,Tvqrqbkmijnkryo,2024-10-25 07:53:05
cb4e6cb2-7a09-428e-9a3f-e8663afac1fc,Calijzlppks,2024-10-03 07:46:10
e06acdc4-503f-409b-b08e-30a03c76717e,Hlzroujhxs,2024-10-20 23:43:32
84647f85-72e4-4625-ab68-fe862db99270,Ewowmryfamzdztd,2024-10-29 17:07:27
54ffa9c3-7e27-4657-9604-8bba24ae00b6,Njadqj,2024-10-03 01:08:11
c3092a8c-adb0-4df6-bfe0-5d3affff0085,Fjvifx,2024-10-09 08:25:06
e470d5c0-9984-4d73-968a-a3237128a37b,Yrulppcw,2024-10-11 06:30:12
a4fe47cd-7c41-40ed-af65-a9733983b236,Jezstmrxmstrdu,2024-10-16 09:18:03
c1b5a450-53e6-4664-8ba1-59246503c3b6,Qsqxsigluqtz,2024-10-28 13:49:19
c534b71e-166c-44f1-aa62-bad42d8f5916,Ligzif,2024-10-19 01:28:21
ba0a766e-00f7-46dd-8581-9d1a92792cb1,Nrdlarlaf,2024-10-31 03:46:36
93a68ece-3c17-44d7-88de-4c36896dfdbc,Bpknyl,2024-10-29 21:20:06
d79afdbd-0957-4071-a0b1-069c538efdde,Ethftjvuzf,2024-10-03 06:04:24
61a13e88-0988-4f16-82ef-5eff12839bc5,Ziyhclqaivol,2024-10-05 12:48:33
b487efba-b081-4e28-954f-8e2b8683d36c,Kralhoqxb,2024-10-16 09:45:39
51cfb4ce-f2dc-4ecc-8b14-9fcdcfd00418,Ifvgfmec,2024-10-28 04:10:39
98a8de15-4f4f-4f24-b260-6e28ba79cbbe,Orjqkgtxcq,2024-10-25 00:48:28
73db7d4a-fcaa-4a79-bfec-b3e5bb0e1318,Bhskana,2024-10-31 19:02:25
9ad2ab7e-5f53-4bb5-b149-76f0b72d7a13,Qobhqhpuecq,2024-10-02 19:21:23
53bf5e24-4da4-49a7-8c9f-9d4c41074d05,Rlxubccjx,2024-10-25 01:10:10
19fbd422-2b4c-4214-9460-6ff85766550f,Prerquoupy,2024-10-11 04:38:48
d5581f95-e5fc-46df-98a6-541f429a2d81,Tbbczxiakebsfg,2024-10-23 16:42:53
d3ea6cac-abc9-42fe-9bd0-e3000ea9d946,Mgibvbtymlwmfnu,2024-10-16 13:01:17
2474b284-bff2-4ef6-acaf-aae267ef6599,Fnguogeu,2024-10-11 08:45:46
2e581124-39ca-496d-aa5e-7070e541a1a2,Ezbzlpezw,2024-10-04 08:22:59
2634a28a-fc81-4346-8b42-6746ead54aee,Zbzeui,2024-10-23 03:10:15
b43e7485-7c83-4c46-89ea-a110a65563e2,Mkukojkxkjndkwi,2024-10-23 03:02:11
c3690c6b-dcef-4469-8516-56b68d1408c7,Qnmrntbnawvqi,2024-10-08 22:09:51
e2272ecc-5008-4125-a836-70b620a85f17,Geadccvvfi,2024-10-06 04:26:41
fbaf04f7-f076-49f7-ae7d-d14f7defb977,Skfracxlpv,2024-10-08 04:26:27
338d0769-1196-4ee9-af32-a47c5d1c6882,Dekyflpyy,2024-10-05 18:46:28
dff360e6-30ad-4d57-af74-bf4a71bb9da3,Jmteg,2024-10-04 19:20:52
4a116437-ace8-4f51-94b2-b4d78009f3f6,Abmsscm,2024-10-21 18:48:18
e3fc291d-653c-4eba-adb5-6ab511cde3fc,Numlmyokwzx,2024-10-23 23:54:47
02902ecd-d37c-4e94-9bda-908718a9a67d,Bckurzeo,2024-10-10 04:11:06
cb34e955-c8e1-485a-87e7-a4ffed7f5544,Irlguleqy,2024-10-21 08:22:39
aa29b1a8-f351-4033-8fe6-55c8d05bf082,Lbpjt,2024-10-04 15:55:20
8d51f31e-7542-466e-9faf-296046cfa460,Fzqbnfbolrf,2024-10-09 13:27:09
12076c72-0f5e-456d-9a03-85ac2a022c82,Habebtvccv,2024-10-02 10:58:27
d373fb89-62a1-48c7-8847-416bdbcc438b,Eqqswvbg,2024-10-01 05:18:02
a44a6006-c221-415d-a813-3b94c795d9ed,Cdwicvixhawjiw,2024-10-16 02:01:17
bdd11a5b-6b9b-473e-9714-6508a4cd2931,Aapdrfvp,2024-10-11 10:28:36
7b32fe93-52f9-4ed8-bef8-be46413e0c19,Juweat,2024-10-02 00:43:55
783f97b7-e267-4a29-8317-26170fecce7e,Dxuleyx,2024-10-12 08:46:51
53f1b521-c111-4fc1-9ae3-cbdbae08b336,Qrljffnqpuah,2024-10-06 09:07:05
2104a1eb-2d5b-4347-ab57-78ee832c5030,Efstqfswflgo,2024-10-02 10:02:13
ef94f559-67e1-4582-84f4-764a5c723300,Ftwnmpsixduqq,2024-10-28 00:53:17
c9c743ab-bd2f-41fb-951b-0747b0076dad,Zikkjo,2024-10-11 22:47:17
e7f217e9-a478-4784-9eaa-fb34809dcca9,Crnxar,2024-10-26 08:44:54
4edc5327-0fce-4211-84e5-ef40606fca11,Qekkottmm,2024-10-23 13:39:46
05010e6d-d3ad-48e8-9e4f-1987ca0b950f,Mufbssrb,2024-10-01 13:45:03
48b66a69-912a-4be4-91e3-cad766111130,Zyyaauuw,2024-10-23 15:20:46
d266473a-ef0e-4c11-9ae1-fa22de00c450,Wdaweul,2024-10-29 15:39:37
7772007c-15d0-42e9-b581-6a4024581be5,Kdlgbuotzhclrn,2024-10-10 08:47:40
890218a6-4d04-4bea-9bb4-037aace42b87,Ogosxcsiwqrow,2024-10-26 02:34:12
13baaf48-fcc9-4fe1-9ea5-22055446d9dd,Bvqvrldzwrv,2024-10-08 15:19:06
9ab96bc0-4920-49c2-acf7-b5d005b48fc5,Qdkjqbuudwarvf,2024-10-08 23:09:42
53e59794-59a5-4827-a647-6b332c917bf3,Biwpy,2024-10-13 09:37:19
2ade8bc4-1e62-4509-9cf0-282dd3cbb2fd,Qrzvcjvte,2024-10-07 10:00:26
c4ebf06b-cef7-49e8-8287-da0f277f2bc9,Uawqfbgfzqf,2024-10-05 22:34:24
1423ccab-1369-457d-b280-fb1c8d29076c,Pqyqeaz,2024-10-25 21:23:29
d5fbbcf0-1dc5-4487-845b-4d8521c2a631,Uqzhtm,2024-10-29 21:00:46
b0fe5ee9-7c9b-4cd7-82aa-30863bdb3b03,Tgjqi,2024-10-03 06:20:16
a3fee7f0-fe20-43ac-b22a-0f01e55d9617,Rotjoackjeys,2024-10-31 21:35:53
c0a84445-80a3-4f61-b387-0a24ae04c714,Yxviqdmqfkppq,2024-10-02 19:45:15
cae96169-15d7-4949-9ee1-c31237aa47c9,Ewxzhsct,2024-10-11 15:29:26
9abbf319-a00e-454b-b175-7e4e1bf44cf6,Oztxfyw,2024-10-13 18:28:35
8ed8f4ed-394c-40ae-8692-f91cf088d4eb,Ywefmoksjus,2024-10-29 09:40:00
96ecce40-05b8-48a3-a5f7-1c36675cd8cd,Yuhvydnxwpj,2024-10-01 02:14:41
79ac3959-1ef3-4bf0-ba84-7ad3d39ecb52,Owisceh,2024-10-13 03:04:35
01b4095f-3dc6-4464-b35f-863753581f4d,Bqcavah,2024-10-18 03:15:37
377a434a-b8ce-4073-9f4c-2d413ceec814,Eplmjch,2024-10-10 09:47:28
abb31e3e-47dd-46e4-be25-c946c1fb3c5b,Oanurkh,2024-10-25 06:58:14
5adf0d88-d3eb-432e-9b40-585a79055d5b,Zicgtf,2024-10-01 00:23:30
c5ba4385-cf59-47ce-817f-fb90992b3720,Oxumizjhcrlin,2024-10-04 01:30:04
f2268ce4-d00e-412b-b282-e81cc9df68c3,Ibvmte,2024-10-18 06:35:13
05168e1c-f20c-4c3c-b26b-5a8176af370e,Rdskdhwvzzr,2024-10-20 08:03:43
d9709d66-98fd-4145-9ed2-dc5e8ba30f5b,Nfttzm,2024-10-31 22:37:13
90f8d68c-de22-4215-a00a-3783c1505b0f,Hzgkhdrxorqofil,2024-10-01 11:11:10
c26bafb5-17be-497c-bf94-d98c2e9b4d53,Dpnictbx,2024-10-23 08:22:46
eb0457fd-5f86-48b8-85fe-cb5f4f49262f,Bxippgla,2024-10-08 18:11:05
0644e68a-6b49-4748-a71c-244551d08335,Ttltchkibrkipxt,2024-10-15 06:45:38
e2d7d2d4-19b4-4e15-ba83-6b81ed196109,Qucumpbaegxvvb,2024-10-16 07:55:40
9625a21d-e22d-4e22-8f2b-8bbf5c0a545d,Tampcrfipc,2024-10-06 01:45:57
fd125c77-d456-454b-aeb0-91bd18cd5e6f,Frhakfg,2024-10-21 15:20:03
aa4358dc-0e06-4550-bf3d-baac40c9b642,Yuydwhg,2024-10-10 02:59:08
596adfc1-1f38-49b7-8efe-f853881710f5,Koftnvvadzijgw,2024-10-15 08:19:59
6d366aee-a0b8-43e9-8a4e-b9861bda8b68,Fxtrrn,2024-10-25 16:39:22
0966da66-c979-4931-b3ae-e49a6f8fb13b,Hwkxxcvsup,2024-10-22 16:09:01
e29e904d-233b-40cb-9285-f023c5d534c0,Rhjiafmnypxkg,2024-10-15 10:36:10
35b2be1a-06b7-43af-86f1-8dae150b4d8c,Aykxgwv,2024-10-05 09:31:07
b0cfa1cd-4f80-4482-a8e8-2d119156dff2,Zjtpgfnbm,2024-10-01 17:14:05
fff6c268-b8b5-4c9a-ab6a-60b2768abf45,Twdneg,2024-10-14 17:30:53
670be89d-2183-47e7-bdfe-32431b1ccaa9,Qixmmxg,2024-10-19 20:11:15
7e1ed0a9-ef13-4c45-8e54-53c889d63144,Zoipgoalufseu,2024-10-14 15:48:07
9469ce88-9712-4f26-bc4c-a4fd93f7e678,Rksevwep,2024-10-14 22:32:47
f959f5ac-ccd5-458c-86c2-8b2c88a22143,Kuomxsfdfrgsv,2024-10-09 21:03:18
3de34190-78c5-4ea7-bbf2-f985f90f28d9,Qldnzycxs,2024-10-29 10:53:28
06fe32de-620b-444a-a216-5cc62f4ef0e4,Bkohdzyqqscp,2024-10-21 06:27:08
9aec94dd-3585-4aa4-9d64-c5835d2c3d9a,Bkgijtzbgfmm,2024-10-09 03:35:25
0bcbb799-e157-4b59-bd1c-f276c9a51b3b,Mkmwrshbxmur,2024-10-15 07:48:53
43b9a057-40c1-450c-b5db-334cd6c71a89,Pywohd,2024-10-30 16:05:14
31ea63e9-d14f-4985-a5a7-62ee098229b3,Dgxjuhpnnu,2024-10-25 06:33:29
eaa76d48-7e99-4c4e-9efd-6cf6bf59de2e,Kzybb,2024-10-20 07:54:19
36c29a08-3002-47c6-b7df-42fbc588e168,Xzynmxy,2024-10-27 18:16:41
fd1182be-2c08-4e13-bd62-99a63278a8cc,Kpgvssz,2024-10-28 19:10:10
8a780abd-3f0a-47fb-bda4-d782a60d4b8c,Dhzrdj,2024-10-16 14:50:57
3e19be89-18b3-4b82-b42d-e7ce38600d7d,Povnfczwjzlilyn,2024-10-20 07:08:17
4f162ac4-021d-4128-b8c2-8c3f69c90198,Itiuwrw,2024-10-28 23:49:27
4ca467cb-3c21-48b9-b880-1784e666f649,Dkvefluo,2024-10-30 09:39:32
dbbde252-c289-45e6-8b6f-1275c21ff7e9,Ihsjddxw,2024-10-07 03:23:10
a41b6fc8-19ff-4bbb-a2ba-cfeefc196d61,Ajmwe,2024-10-29 18:33:18
92399b71-a5fe-4ff8-bf19-d811b659ee5a,Ngfxxfvxx,2024-10-31 11:06:14
859cc561-db8c-44d3-af73-1eafad4a0bd7,Brcvsnbtlkwg,2024-10-14 20:51:34
fc83a4ac-a358-4a8e-9e7e-6cc806ce6040,Kwtoe,2024-10-26 13:21:36
b71dbc63-6846-4a2b-8527-bd3d8750e5a8,Oegaafhyirjlw,2024-10-09 22:54:25
f7e41a1e-5d14-45ef-8d05-356e70e6f954,Jaynpjxagfnsvmc,2024-10-19 12:37:24
310edfc8-3986-4546-b4d8-1f54dce01617,Cyzki,2024-10-30 12:44:39
27cb8133-7cd8-40da-bd84-7bc99bb4953a,Twginwtwax,2024-10-25 06:30:16
d58c72b0-8eb8-41c1-b04c-3282c0fe7550,Nhkyulon,2024-10-18 02:10:18
b0aaa8f3-8190-4a30-8c6a-f4d240d4f731,Gbhkqrdtvnvhe,2024-10-22 10:37:14
db28e917-d621-4b4d-90d0-f38cdbef8828,Weyal,2024-10-02 22:35:21
a6570ecb-ab1f-440d-881b-47d5a9a6c7ca,Tmxvysccdzejl,2024-10-06 17:36:23
40c8074e-0214-4c00-b5e9-f52f43c80e1f,Tmimyikndmatl,2024-10-08 08:32:59
4be044f4-9fe0-49b2-9b38-a849c3385408,Lyzcgxmdtmkks,2024-10-06 02:48:07
dc89f98d-048b-4fed-80b3-67acce0f4712,Bolhfhtvvyhtkna,2024-10-01 00:15:42
06947fa6-97d7-4b46-ba86-ea126c7e0caf,Zshhravlkrsea,2024-10-26 14:34:54
c2c4f5a2-a62d-41e9-a57a-7a13c4082498,Vwpniwhyzr,2024-10-28 16:12:36
4c88467a-1df9-4a79-a934-841f3a919ca0,Tbhkbeetl,2024-10-02 01:32:14
ed8f6d77-d43c-46fb-8d2c-bbd1083e2e36,Yfyxrpe,2024-10-26 17:29:40
e730c022-9826-4919-8d8a-4e6b4912a5ea,Tsjedfwvsj,2024-10-06 17:52:40
904ea625-48f2-4bc5-a85a-d366605a905d,Dqiyar,2024-10-21 13:41:45
0fee970a-be67-43f1-8e50-532c678e7dfe,Fsqtbtzdny,2024-10-09 00:49:59
36554fd4-c751-4689-b2a7-8bf8875d0558,Tzfdcqdnk,2024-10-08 14:51:32
1a62b4ca-c555-48a6-9b7d-1c6b22582179,Dggrstbqgirbz,2024-10-23 09:11:33
378cf388-b510-413d-9ba0-806c7e22be5f,Zapfphqvmgf,2024-10-31 02:58:27
bfda0104-89e4-41e8-858a-bebc6a5504d3,Glumopsig,2024-10-24 02:09:35
3b48365a-0e9d-44e7-8793-f6b2c0565604,Eeoftfndr,2024-10-16 15:09:25
d98f247c-5d75-4c67-b508-a77acf6dba25,Owffjzwkb,2024-10-24 23:41:58
3e17ca1f-d8f7-44bd-9793-ce038a5d8ee7,Uahbgkokiwu,2024-10-02 04:11:26
b940a0b7-401d-487b-9215-8a2af2abad5f,Fjtbhyfq,2024-10-25 21:47:58
07cbbb28-7551-4d9a-9efd-d30e4447d29b,Fqhmaydu,2024-10-02 08:30:05
bb7e7cc6-2a46-4587-ab8c-d6f2b6ed17ad,Tnxgc,2024-10-25 12:08:08
3c3463d3-431f-47b3-8ce1-2ecc78f470d7,Yfifnuxmzful,2024-10-17 07:27:16
c3d330d8-635d-43a0-a5e8-fd3e8d7b6391,Pisqovdazgicfd,2024-10-19 03:59:45
80ea834b-bfd2-43c8-8697-2d47b2773ad2,Rnorgcvwqjba,2024-10-06 04:47:56
cbbbd4e1-776b-4333-8ef1-70d49f5e2e70,Rzvap,2024-10-06 19:41:18
73d8f378-7781-45e0-aeb7-5fcaf2aaea3c,Jnlacb,2024-10-21 04:08:40
baed7565-9919-4d86-9cc5-2f7a54a8cf02,Gxdgjycfhinws,2024-10-14 21:29:54
c0577263-64c2-4923-a172-02fb378d6074,Lmalahq,2024-10-19 22:51:56
7f883403-49ea-441a-b9f2-b0cabc31abd8,Klynpvqtk,2024-10-25 14:47:32
b887b504-ed94-4c41-a624-b3bdac141ec7,Zbxbdkpige,2024-10-07 19:45:41
71c0d703-af88-450c-a648-5333d4df70a3,Jhqlrp,2024-10-06 23:46:19
74c207e1-2c53-429e-b7c9-0e910fc171cb,Rtpfwswru,2024-10-04 21:11:43
6ef03928-7205-476f-89ef-dbd443d9d4ca,Qoxcxdfvxaer,2024-10-12 21:38:19
9a82f66f-d316-421a-9ab3-46a27e0c2ca4,Qsqpgqhlbul,2024-10-09 05:36:53
e725d36e-eb21-4e09-b581-5582ae3ec7dc,Rokkfkvd,2024-10-26 18:28:57
7e694116-f7e5-400f-86a2-15349a3d7f77,Ocedkjwsl,2024-10-11 03:36:44
f26a7676-c43e-448f-a0f2-428781bfe1a6,Pzztvbxljsh,2024-10-16 21:04:34
643203ea-9931-487c-ab4c-b6e91be0c566,Ghywqtoiiox,2024-10-01 19:40:53
4bd22b33-188a-47a9-8968-d49d9f683656,Pmxabzgyu,2024-10-11 21:55:59
8611b032-2b8a-419b-855f-8382d9c56ce2,Tzqsuhfmr,2024-10-27 14:39:52
22b6ef3d-2000-43b0-8349-06b8cf1d6453,Imcjqzcubwd,2024-10-25 23:58:51
b341e0a2-684a-4400-a1c2-a21e1f67180c,Bjhiqpd,2024-10-06 01:38:34
19550a62-7747-49a6-982d-4617cbba9e04,Awyrrgr,2024-10-02 18:03:27
4725e5c4-2afc-455b-86f9-5da9d517fdc1,Lbmgcs,2024-10-16 20:36:06
22623f1e-6cf8-4de1-9859-752cab4305ab,Lxfdmarjdvbevn,2024-10-13 07:47:55
062314cc-3394-4825-94f6-88c306928b88,Lumdeishrscm,2024-10-24 19:06:51
70cfa5e7-edb4-43f6-8a83-d781746f1e0b,Yzowcxkuuh,2024-10-19 03:07:51
e4a3c20e-cca0-445b-a61f-3c017e148085,Qdgxgppmceowdji,2024-10-06 18:17:25
4dc028ea-5865-4057-8510-8dd4002fc691,Olansvwclo,2024-10-25 22:44:26
8c9e2bfd-b848-45aa-a169-a1e31c610c15,Jvmploprrljqray,2024-10-19 23:07:31
2ebd239f-d55d-4c23-8dd3-45b4beb5f5c5,Xbmiyw,2024-10-08 14:11:49
285a2f39-55e3-44cb-ade9-6f200ad5fa8a,Jmbkqlfgkk,2024-10-09 17:18:06
6a30f286-ab54-48f2-95d2-9ab3279f8a97,Zeszjufgwy,2024-10-19 16:10:53
6c60fbbe-6e68-44db-9971-cdd57dac2955,Adulebtmspooe,2024-10-16 08:42:28
4224670b-d552-4971-8571-9809701ce35e,Nvrxkammgwkz,2024-10-31 09:13:15
3b1da414-6d9b-4387-9117-540536c8facf,Pxnggitatcel,2024-10-12 02:54:06
4816a906-713a-4d32-b3cc-b6a0c707c956,Ncdhezjoeu,2024-10-03 04:42:24
451a5dc4-f3f3-49b1-b29e-ba36f9bdfee2,Uetbgqszyq,2024-10-23 18:02:16
8aab8dff-2b80-453d-a62b-7544bd78a693,Dkwbkxaoeg,2024-10-14 03:57:33
90d01c4f-5131-4a1e-b04b-c39e353b869f,Psrunlzlw,2024-10-24 02:49:34
da47fb1f-4c40-4b02-b518-d2e3790f8d53,Assbdcnvpdi,2024-10-28 07:29:27
4f93460b-d193-4118-acd2-cf3fd32ccc97,Exuucodzmhqtayi,2024-10-31 13:59:52
5fce9d3a-9be0-4855-af9b-22aef1b37d05,Xbjaxm,2024-10-08 20:43:41
7046a5c5-9d62-4818-8ccf-207029b8cf69,Ttlfoqecjnurmk,2024-10-23 23:30:58
a1434659-2cbd-4de0-a204-23f3d3686a6f,Eeftmb,2024-10-26 00:04:24
9afbfb06-b08c-478b-921d-4fc79c23efb4,Pqaoojgmhreqegs,2024-10-02 12:39:43
c2d88dea-5892-466b-9403-2372beca193e,Fnyoavbquteeegi,2024-10-21 15:04:19
6d17bf09-6bcf-45ef-b97b-80e539006dcc,Sbaujbbmro,2024-10-10 22:59:09
98cfd67c-be63-434c-871d-4408342e07e6,Sagfwyvdqebhk,2024-10-14 08:39:18
eac46fa7-a72b-480c-8848-e575e8ff9852,Nguud,2024-10-26 18:17:29
5ae382ce-1848-4c06-a36c-ce23203c5a9e,Idhodtupduqj,2024-10-06 14:38:43
d3af1aa1-f766-4e4b-b089-9823e46d3f2f,Awfjmlixlwxn,2024-10-26 02:08:09
21997fa9-9231-4681-80d0-1753d1e344b9,Hvxtwakxcqcwry,2024-10-01 08:53:06
cd309249-34eb-4ec0-b3e1-df5cdf334e9b,Efvygwwmzlxadlh,2024-10-07 01:05:12
2db829a5-d112-4a6a-baf5-781c5aa61e76,Vawdlngcj,2024-10-16 19:22:39
9b89b6d5-0973-4713-88a1-47ce670e2ba6,Aldsamfbc,2024-10-06 01:11:19
f6d114d9-d3fb-4992-b6b0-d3fbb8d1e43b,Ehlpgccv,2024-10-26 18:09:00
338b1850-0129-4000-b869-3c9a2de84158,Uxbltiyqudiki,2024-10-27 21:18:48
d8a3f57d-0858-4b32-ba3d-8af7a47115f8,Mtawlaj,2024-10-18 02:10:51
9945e923-62ed-495d-b345-051659b33c64,Bkqtbrygfzvrlr,2024-10-09 09:03:05
c0874292-c360-42bd-a24c-f4a46d5bb1dd,Cmohgc,2024-10-20 06:24:48
e3ee22d4-c7ab-4a4c-afe8-5dd02dd38a2b,Bcncqkqgmnbjvx,2024-10-04 11:32:51
71b1a5e8-d5c3-4ff9-8df0-c542c9677968,Ipcos,2024-10-12 15:58:40
51afdc15-d8d3-4ec7-8b9b-4115bfe8946d,Fpxglc,2024-10-28 16:29:44
2ba22afd-208b-4011-9b75-89cfa12548a9,Hyswxnhu,2024-10-20 22:59:18
14ad5d78-9688-435f-92de-df6c2781380f,Ftjfeo,2024-10-13 00:18:52
d7145bb5-e232-4d60-a078-9bfef0e77a4d,Zjrihrcyqdbjycf,2024-10-25 08:01:46
9fd2fdaa-6ac8-47b3-8444-99db9a10d348,Mxspbqsdwrlgl,2024-10-18 23:14:25
6a5d38c4-ab6c-4610-abc7-fc589dd56cd8,Gcjczn,2024-10-11 16:56:20
e4d395fd-ad88-481e-8c33-d991627350cb,Xbrklckag,2024-10-21 22:09:12
cc8c4f11-9930-4081-aaf0-72885581504e,Lrqdhg,2024-10-21 19:38:57
730b5d25-bdfe-4331-b204-a40cc2f750b6,Rrwzbiidxgefwrw,2024-10-06 18:32:02
ba729f39-cd03-448d-9cf3-63b51fbaa478,Lsrha,2024-10-31 08:35:16
8d452ea8-4694-48f6-9d2d-35d69466a586,Zsdklnb,2024-10-01 07:51:59
23c12bd0-7f1e-4e2c-8a82-edc301078b73,Tzthiuhxq,2024-10-01 03:13:13
ad24ce89-4d5d-4f6b-82aa-1098f323a64f,Episp,2024-10-21 14:48:45
fe7cc87e-680c-46fd-886a-168dd08288af,Nfbadpbem,2024-10-10 21:53:48
ebeb87d0-e992-4ab0-8e07-4528d92228c3,Sdilzftqrl,2024-10-16 07:28:06
ff197e08-846a-4362-bcb5-aff8a6f3597a,Nafigarcnyxm,2024-10-17 21:01:06
9dd942b5-6439-4207-b0ff-a5aee1a58f62,Btyeqscz,2024-10-22 01:41:25
bf8d6358-81db-4bb1-8b06-ffd22111f9c9,Hkczkzct,2024-10-20 09:35:53
ea5fec92-fb90-44f7-881c-6ef168bd3a0f,Bcctjpj,2024-10-20 12:32:06
f2855702-a39c-4bb8-a3d4-c19483dfc185,Ekijptnlxuxks,2024-10-25 19:18:48
16d3d2d4-c3b2-44cd-bd08-0503fe32d9e0,Nnxznw,2024-10-07 20:12:09
15970be6-d491-46ee-9446-8e84247d1228,Oeitpzhyzgzevv,2024-10-24 21:45:49
16a6b449-248a-4e65-a260-1d4903c91ce5,Wvruwzkxx,2024-10-04 17:52:16
bb2013e5-2c06-4dd2-b8de-9f46e0d9d0c8,Zmvtfjuxewsg,2024-10-14 16:27:42
cec566ec-d555-4768-944f-7f50d719763c,Rsatojehvyj,2024-10-18 22:27:26
057ca25e-5657-4729-9280-0baf632b53d0,Xgdfwcgpwdi,2024-10-23 04:51:34
38d9b644-61e9-4d95-a005-a75c4f464e89,Stkdmmd,2024-10-10 09:29:16
34d9420d-82f0-4ff7-bb55-e5ee757acc80,Kqmuu,2024-10-26 21:08:17
0ec8f349-d188-4c50-9004-a86482810d70,Sbtskc,2024-10-11 20:12:05
52405b6d-3e72-43f6-b856-9e845888ce27,Wjgchrzrrh,2024-10-29 01:16:29
41abfc0b-c916-48dd-a0a2-7693fa8fd5fa,Melhfyo,2024-10-30 21:37:53
1394b359-5fce-4f73-9a9c-23690db657f5,Efuophgrze,2024-10-19 21:21:09
975c20f9-093a-480f-b28b-dee1166a1aeb,Mfiympxoab,2024-10-10 22:23:00
c48ee9de-b19d-42c5-a914-ec866ff149f4,Tzwuvszek,2024-10-31 21:12:55
6fa5114f-65fd-4a38-bdba-c374ede97721,Lpildpjdctfsf,2024-10-31 10:59:04
aafffec5-4226-4d30-920d-63d565e24b1e,Zfpmhknhhqvu,2024-10-14 12:28:36
d8ca3c75-c63b-4c10-871a-e036355338cc,Jlersdxl,2024-10-12 00:25:27
efc6deaf-4b49-43df-b4d9-d7cd655f5917,Gsdrd,2024-10-19 15:50:00
b63f2050-32f7-4603-be0c-8491e5fef2b7,Ndorzao,2024-10-21 13:12:14
859561b6-57f0-4b4a-8213-c94ae5ec0b41,Uazgwcdrtfhukv,2024-10-02 20:00:57
9e27e6ec-11a6-46aa-9183-60161038068e,Fxdcgg,2024-10-26 08:15:43
58b31cf7-2828-44c3-badb-1017e29754d5,Wcpyxobjnopwh,2024-10-30 02:15:26
e9f97f36-3985-4d79-a1cc-101c037b2eb6,Wfbhawsuxag,2024-10-10 21:47:11
1b1cf3f9-9c96-4d6c-ba48-731067a142b2,Rdeiyhmcjen,2024-10-14 04:54:30
f202eff3-0e4b-4561-9456-0fccc4e21b4d,Qrsmt,2024-10-13 04:53:02
aa5e475a-d002-4512-8eef-e6d456dd82bf,Yvjof,2024-10-13 04:44:03
7b99297a-84aa-457d-9141-f1dd7f372fcf,Mappethsrprqc,2024-10-09 11:25:34
26298c93-94ab-42b6-9ff1-d9148e86e8dc,Psnaed,2024-10-05 09:07:42
aeb40477-9441-4261-ad97-e0565624acef,Wjaifwclwpu,2024-10-15 03:31:06
aa96469a-b633-45eb-8c83-bec8a664df3b,Rwjvui,2024-10-23 21:08:56
37ff1457-eb51-402a-b3a7-9701450af92f,Bkvtybzqmhcd,2024-10-16 05:28:00
8764c6fa-f493-45c9-9129-e6c96362b65b,Wylzsvjozj,2024-10-23 21:37:27
ef42c74f-e21f-44f3-b484-165e32c344f8,Wwndd,2024-10-23 04:37:25
147d97c9-ec50-4bc0-9f6c-db390790aca5,Fjzii,2024-10-03 15:47:59
b167982a-3542-438e-945f-f6a80c46c836,Cvkizklbltff,2024-10-28 05:14:30
055bac65-4c58-40c4-bb93-b030d8a389e7,Dhxvygvcibc,2024-10-17 23:09:26
42c63bfa-5a41-4904-b907-ed2ade22dc7f,Nwqqz,2024-10-11 16:41:28
cae56bf5-96c7-410b-96c1-64c52ca618bf,Kpgelgrqq,2024-10-19 06:34:56
2b60b144-7ab8-4b17-a769-e15a5e05e8ab,Bjrraslxqzci,2024-10-01 11:17:07
0a4f08c2-bce3-4400-a703-47fc7833a898,Mpetv,2024-10-02 03:59:25
8931f68b-448c-45ef-b059-8eb28a84b23d,Eixthmrnbxqd,2024-10-16 22:06:42
1debd1da-dca5-43cd-957d-54f101028c7e,Bsegzsaa,2024-10-27 00:36:23
bfe3c759-6e9a-4c07-bb0f-b893e7a7d8fd,Bwyyez,2024-10-01 15:04:49
32b52c59-87e9-4e7c-ba29-5f73bd03bd7f,Rourcgzv,2024-10-17 10:45:20
62a31f45-96bb-44ad-81bd-54c0e1d4bf18,Fatixxmorjlfh,2024-10-21 07:15:34
5458b0c1-3782-4ab3-8fd3-f23c675e1bd2,Ajfescdmjqegys,2024-10-07 04:42:16
d560cd13-1b44-4bb6-a615-fee9de5d4ae2,Bwlxhpsgf,2024-10-30 14:26:39
9809d9f0-b64d-4570-8311-7714b29d3267,Jnbrskasddkxqq,2024-10-08 18:33:22
6b1c25cd-ff62-4ba4-8761-e2130e5b4731,Dbvcjjodxxjhxlp,2024-10-20 10:37:11
e13d0474-488c-4715-84fd-8b2e310cde22,Qouroo,2024-10-24 20:29:33
55879f6f-9af8-4123-9677-9df565df9825,Nisthevgbgp,2024-10-17 23:43:59
e20323c1-23f0-44ab-aa08-4cbc3d6e742a,Kwavj,2024-10-04 08:08:25
b06eb269-8cc6-4ee6-af09-095d4a5ba588,Orhalss,2024-10-04 15:58:31
3c00c7a5-9501-414f-968b-c87c6439ef93,Seehxfbcfke,2024-10-30 08:09:57
46321c0f-74e4-438b-96e3-bd3c85aea58e,Zoxwpltsiihkhps,2024-10-14 12:53:36
8a77c005-24cf-47cd-be92-9fd47ba1fb58,Fzgggjo,2024-10-21 01:08:47
61461519-813b-44e5-af85-129788acbc77,Esjjlz,2024-10-12 05:51:16
abbb71d2-acf4-4853-b3b8-64e776baf20a,Otjsdtv,2024-10-21 10:18:19
37df12d6-c576-4a4d-9086-01cddeea3561,Cxfdz,2024-10-18 12:06:07
190dd5dd-e4f3-4b49-8b2d-f795425ce68f,Cagecoeqprgjvj,2024-10-28 06:37:19
9afab5e8-50ca-4b49-9d78-8922ef10d1fd,Nxleqsfd,2024-10-17 08:22:41
0bd3edd3-d6a1-44e9-919a-b063206c73f6,Xmxghytqfx,2024-10-26 09:47:29
32083565-e3c0-4ba5-b981-d0e0c3a74d94,Zzbuoz,2024-10-11 04:23:23
26909bbd-bdba-41a6-b213-5146dc21490e,Snapxycwhvgt,2024-10-02 11:47:49
c9a34477-5b5c-4a93-9d54-396faabba476,Dxrslkmyqzdwgak,2024-10-25 01:38:15
3aa6a14c-b29c-45b8-94cd-84568f31f8a5,Nrxtmkl,2024-10-30 15:51:23
380e3b22-977b-4bc7-a3e2-d2fcd4b4bc36,Gpeglnqj,2024-10-28 15:40:08
81eb9343-76c1-4c5e-a4b5-8add3e498eb1,Kzaazmbopop,2024-10-04 07:43:41
a8f67354-f835-4c94-a560-c8b9a7848375,Sdkobyzrz,2024-10-23 00:40:27
cab73242-5dcd-46c9-a4e0-8f67a06fa97e,Qphet,2024-10-30 20:16:35
ef8ef30a-a31f-40fc-a209-e1f4b92feaa0,Qvrtnv,2024-10-11 16:55:44
26e40532-87e0-403d-98ab-e57a5993b091,Smpdudkwuace,2024-10-10 04:10:01
fddb924c-8bb2-4d97-bce7-eb2bbf699d80,Pmwjilu,2024-10-17 11:01:59
05815d8c-48b7-4bbf-ae84-eb0af116fac1,Eghvnczad,2024-10-27 02:04:18
03823991-dd4e-4434-bd88-d43de28cd3a3,Dczlhxfokfwh,2024-10-26 15:14:00
2f4176f5-4f88-4e30-8d0f-b73a61360458,Eifsaixzvrbgo,2024-10-11 22:53:39
17cc8ea2-2e8f-4c1a-be6c-86d5ccb9e81f,Okebyzhap,2024-10-16 08:11:52
6c564399-23e8-4469-8ae6-761b25c9ca10,Uadndfciqmtqszy,2024-10-18 20:39:04
f20b10eb-3ea8-4cac-b835-4d563a442cb1,Tjcoskzrqcg,2024-10-04 15:57:56
0d268f8d-a21b-487b-a2f0-a829b5cf709a,Nzmtlmrrajtiuks,2024-10-10 04:22:45
5c020bf4-ff80-4a65-8424-f572c248ce38,Ryrcirdreujan,2024-10-10 06:30:29
37623068-a7ab-442e-b166-6fab2859d1f4,Jdmuyjdvudrfey,2024-10-06 17:02:21
5857c9d4-7c0c-45b5-badf-3b6dc3a4b00a,Irmkzqawnwe,2024-10-10 15:46:44
cf7a2b56-31c9-46b0-81e0-ce0d2cd3471f,Fkrxaahbuvoldrw,2024-10-17 19:16:15
3bf48109-c422-411b-9e43-e5b119f4d224,Wapkvtow,2024-10-22 07:11:09
ae8c75cb-a8ca-43c9-a49e-bdb7c6741462,Lpcesbm,2024-10-13 04:08:17
9b5c6e78-ccc9-4e2b-951a-e1ea66f6521d,Fpndpvyuhcgbngs,2024-10-18 09:27:13
86db0866-08b4-4f80-8643-7ebad91b7416,Nthtaweixewnay,2024-10-19 17:13:05
ffca111a-5724-44e4-a482-311ac5813ab5,Mttggfqnjwdm,2024-10-08 15:31:39
f20c0134-5f28-4451-a4a2-5b8e734ee969,Eczwlxvnuzjfy,2024-10-08 23:09:46
e6713f5a-9760-456d-82f4-8a43e70cafa5,Ytfqmuwl,2024-10-12 14:58:19
772b9470-821b-4299-9f30-b3ffd8c252fb,Ylvcvrajolr,2024-10-19 01:46:11
05697994-50b5-471b-913b-b735f2f7decf,Hgnvfndjunyqc,2024-10-13 08:55:13
bb811f82-5374-4c07-b73a-97e9114096df,Agdterhqjnz,2024-10-11 14:18:29
b123c64d-1866-43bc-99a2-6fadb1cf34d7,Gjsceh,2024-10-19 02:01:47
5ce26a55-1b77-43d2-b3ec-39026dea2635,Twkiski,2024-10-02 00:22:54
4c1179b0-54db-499a-81de-7ffdb2f51e2c,Gxxtomgc,2024-10-08 18:20:01
3f1260a3-0b75-40eb-bfe4-d1fedf30e298,Igimrylkhjqq,2024-10-05 20:38:31
093b3c74-f16f-43ee-a85e-44858ab5d6a1,Znmxlrvhygbwbsu,2024-10-01 00:09:29
8bc32dee-267f-4fbe-900d-dcf70bea8de8,Wsvnqlxn,2024-10-31 13:40:58
9d09b3b8-3827-416b-84e5-04297ec08a2e,Uqlcixu,2024-10-20 22:22:40
d1ca5aa2-f1c9-4029-8155-0564f00164b3,Mtago,2024-10-17 19:28:38
106e5799-ca80-433d-bae1-7d210fd2118b,Apofxbelvjeu,2024-10-26 20:11:13
48998395-276e-4e3f-9810-afc9de50f57b,Zlmgd,2024-10-08 02:43:26
c3eed262-993b-4321-a228-0d41260597bb,Slnlyuaw,2024-10-23 23:01:01
6f19ec6d-c004-4578-b1ab-f7db194822c2,Jysaiv,2024-10-04 04:12:13
1b4fd259-05d7-460b-85f1-ca978bbb16bb,Aeflprbykdbocp,2024-10-18 01:00:17
ba517b35-1724-48bd-85fc-ecd26d591bae,Aiyjwqsvzx,2024-10-10 08:38:43
d2421674-7412-46e8-abda-e6e00f287e6f,Jhudrlthofasvga,2024-10-14 09:26:02
b925beb1-8e12-4730-a854-f84d6b95f238,Mskyykbilkzzl,2024-10-06 19:02:45
00c49049-4508-4318-a9f1-ecc2712f253b,Xpwwmfkkbx,2024-10-18 21:56:19
6a1c6fd9-7e5f-477a-be4a-e8f518890b1f,Replxjtte,2024-10-04 13:04:54
ffd16f03-ad8d-460b-a235-c942d2c01b19,Qpape,2024-10-25 12:54:29
810bbfc3-3b99-4ff9-bd93-6bbe9e398a15,Jlwvflmayutfa,2024-10-22 00:03:10
7c0fda5d-aa14-45ac-92a3-b6a5b4f93568,Ahrkqxccis,2024-10-06 06:32:24
3a0fb16b-8a0c-4fb3-9683-5d0e817734bb,Yjkzbdrl,2024-10-27 21:31:00
bc2b2210-4fc4-4966-931f-19d589e7329e,Snofujfkkpdvpea,2024-10-23 10:02:02
b9ee91ce-08bc-412e-b4b9-5531918af439,Fmefaoji,2024-10-04 12:18:25
c0b4b2a5-1d0c-42b9-ae1a-954df949be8f,Rzrwymmz,2024-10-11 05:12:53
d7981650-62bf-4f49-9b2a-e567010b41c1,Qyidua,2024-10-11 17:04:39
57453335-018c-4f13-9efd-50bfc8acd6e9,Bykoszggagaz,2024-10-04 13:55:51
e5711c35-70e4-45dc-8e49-141fbbbfe9fd,Njwvpykrrgycufs,2024-10-17 11:17:24
3ae7a44b-6ec1-424a-9579-4227050cbb11,Sctjssykimlz,2024-10-19 03:49:39
a0a53177-17a7-400c-9fab-fe7127f3e5d7,Bijcssfv,2024-10-30 02:16:29
46102fc8-ad76-47af-93c2-13e998a593fa,Qxldns,2024-10-17 13:37:37
383a157b-5962-4161-be93-f2671b64c179,Rhrzhlfdf,2024-10-20 15:51:44
7d246f1b-c009-445b-8a5d-4ae96370efb9,Lrbeislzneggbbb,2024-10-26 09:11:51
de17fdbe-05d4-4297-bee0-cdd1a255517d,Yunzawewelfs,2024-10-01 18:13:40
f69ee007-d2ff-4a92-aeb3-7422730e4e89,Dvehwzhzy,2024-10-24 18:42:56
a1e2da19-140b-4795-a7b5-d2e83641f53a,Oqgtsqs,2024-10-08 04:08:53
9365dd47-dfa0-4eb4-a8e0-bfc9329f7443,Syvwo,2024-10-28 11:46:26
e50898a0-d902-4f84-940e-f1dd210d789c,Awmtbwwcjbsq,2024-10-17 07:14:07
45d7b40d-e9ea-4930-a625-0d8aa0b27fcb,Njbrgqzmoqektkb,2024-10-17 00:32:50
c60df7e9-0c44-4764-9107-ba6ebc7c1503,Koujsiavpouzd,2024-10-02 08:45:03
0d5c954c-9307-4fe0-9762-82a380f3e4cb,Hrtqtqgmfnq,2024-10-07 02:32:16
7868e45d-dc34-4f91-a8d5-be4f13fb0780,Qqvtecbkvgwu,2024-10-03 02:28:00
8c0836ec-7fd9-4ffb-9aad-50c14744cc35,Iqnycgbhtzuaqn,2024-10-16 07:47:26
e4c0a0f1-d735-4544-a7a7-81508c98ce23,Xvgguni,2024-10-17 13:42:21
47f6dc62-0272-41cb-a4d1-93aed26c1077,Hvqdwmq,2024-10-11 15:17:55
c5a2b45c-3e3a-4e96-b7e1-f27c2c6eb09b,Fwtopr,2024-10-25 07:27:16
22084349-04d5-4011-9b2e-4dee4358057f,Zfpke,2024-10-25 12:09:37
430affb5-565a-4363-89a5-7bb61343e68e,Geczqdaw,2024-10-01 08:06:46
bb23361a-ed0e-4cd9-8455-97951322c167,Opzhsf,2024-10-30 10:13:26
0940eeb0-9f8c-4a2b-a9f2-ee692631f0df,Ouuywktxqkp,2024-10-25 15:48:10
e0186163-b55f-4bbb-9477-f02b9ded0cc1,Kbqen,2024-10-03 14:54:15
c05aefa2-f4ba-42bb-a285-086bb920f61f,Vqpoqx,2024-10-19 17:57:40
8578075b-fe70-4fee-9444-eb1f1ba72728,Ntkypjlyu,2024-10-21 09:42:18
c8cf4607-9bb5-4556-8a86-3914e9d07bf8,Qedlq,2024-10-15 20:04:41
04a8ee44-445c-47a8-b790-abe7e5412021,Uzvvwwvlwnk,2024-10-13 11:34:38
329ae65c-45c8-4337-8802-113cae76d9a7,Kepmatjualjkbjc,2024-10-04 07:43:40
976454ab-f8f0-4743-ae13-329ce39203dd,Yhlkzzvfqyef,2024-10-28 14:18:09
de71bfe8-3a36-4940-bae6-2ee3af286c80,Qtnkmmhfxpgp,2024-10-23 22:16:38
3de7dd8c-624a-4a52-a3e0-3f86d93ab956,Wmqsoeoxtf,2024-10-20 14:47:07
bdf06a96-02ca-4af1-b76d-22562365cba8,Cnfdyfuiztds,2024-10-13 14:39:40
1a0052d3-87be-4ef7-aa19-7e162480e117,Lkdakkwqesvluhz,2024-10-16 03:28:17
80e3a9a2-45fd-48ab-b2c8-152842f918f9,Zeprrzg,2024-10-22 01:59:37
80966a2c-f1ea-4960-a282-543cb5457d1a,Mvfxmmth,2024-10-06 17:16:54
b798abc7-52c7-4a02-87e9-3a2531d58b83,Jwjnxjiheeiejl,2024-10-06 19:22:38
02f6ac7c-a823-49f2-b255-8802f1b14e57,Ihedielvlmsfde,2024-10-25 08:49:16
5636e632-625e-42d8-b357-6a423cbabd69,Wimootvmvlwl,2024-10-31 16:07:32
207aa0f9-5feb-471b-9e74-391eff4bb068,Xboenspsuaxtrj,2024-10-26 06:43:21
49456acd-df6b-46b0-8876-306ccedb088b,Zvhxjc,2024-10-24 10:21:16
339f5155-5749-4f2b-ad8e-9bf257db0a42,Nftqb,2024-10-22 08:29:11
8f2bc8a5-6621-4652-abf5-872f8f88cf72,Vuucysfveavdmoq,2024-10-16 16:00:03
47db39dc-aeeb-4c4b-9aca-f51aa06d98e4,Uoxkax,2024-10-25 01:18:50
53087870-84c3-495c-b453-6484b6da4780,Zktbwujcs,2024-10-04 17:44:23
51bd71bd-5466-4b0a-991a-98d2987c510e,Vigzf,2024-10-23 00:00:55
5db52a8c-9d16-4fd3-985c-66305d0902bf,Nxpjvghomtfz,2024-10-11 07:20:41
fd2d7432-6c18-4481-90ae-16e436a63123,Xazrajmohtf,2024-10-28 14:56:39
f280ab46-5166-4ea1-86a4-26e98120d2e2,Mbanlyo,2024-10-16 12:09:43
c747bcac-b888-442c-9279-e19c75e288a8,Ahjlkavqhi,2024-10-02 04:26:11
d21d2dc1-4a2f-4a7c-8706-f9fdd93148ff,Dcpplfbmiyhnxy,2024-10-10 03:57:57
985f6e34-d34a-489c-8da4-e84bd4e6e89b,Kvktdiqopguiu,2024-10-07 21:02:17
14d5e241-cd19-4bd2-a37f-b508931875f2,Bajeuhhmj,2024-10-23 09:47:47
2164298d-6828-49dc-8dc5-d302a8007353,Dawtvjjgg,2024-10-11 18:17:35
e5a6d502-c97b-4fe5-8dfa-536d3c6df19f,Uigecfak,2024-10-20 14:16:58
2d7aafe7-783c-4eed-bf8e-0ad21fad1806,Hchow,2024-10-29 11:16:51
db24399e-b502-458a-90b1-77c52bf26176,Vtblj,2024-10-17 22:06:40
01991360-f399-4c0c-a7f6-7e8764dfe4ea,Efcjdzwsphkgvg,2024-10-20 14:58:53
8a2dc15d-c5b1-45ac-bd00-6186f958e1cb,Hbsvkqg,2024-10-05 13:14:41
ec9268d4-a131-4d46-90f0-10bbedd57030,Veczeyrec,2024-10-20 12:04:16
1141289b-edda-4c5f-9938-3e967568a216,Ndssrkqq,2024-10-16 01:16:22
0a64e5bb-6d53-4e3c-9a6e-d45a2fd1805b,Icwfeitgyexn,2024-10-02 20:36:43
f5e1b5b0-b86c-426d-a5df-808b765774de,Jmkogzsevxn,2024-10-11 20:43:38
a8c1c095-6cfc-4b1f-a5f3-51e84e888309,Hruvqixvtrrvnhl,2024-10-18 06:25:47
6bd5db35-7071-43a4-b343-e868fcf3dbf0,Erzrgejtznhcb,2024-10-18 23:21:49
72202df2-bd7f-4e2c-9f9b-495325e629e7,Tkrzbmop,2024-10-11 19:32:53
47bafcfb-7272-491c-b379-87b84e673d75,Eqdjeqbmq,2024-10-25 13:13:59
dcf32f2a-6c60-4b39-898b-f1c87aba88a4,Xmmifo,2024-10-30 09:33:54
dc1b3173-1a4c-467d-94f9-256ad8f6b908,Sgrtjnfuchbqouv,2024-10-17 05:59:57
8c85e016-8506-4b0e-879d-70899a712fb3,Kvolqif,2024-10-04 15:40:23
35a2d8f5-116f-454d-94d5-20eec2b23210,Mhgbfkwpsuvrn,2024-10-03 16:19:17
6fc90316-98c2-435d-9b0e-be516c86dd44,Lraivi,2024-10-28 22:23:09
007cc6e6-09b0-4d65-8be8-63dc490f9c8e,Yaumswrbfvwucam,2024-10-26 00:27:37
96d6fcb2-7d77-461e-b04b-c1bc4ee2422e,Avdfgkwza,2024-10-27 13:39:14
f0dc60f6-c836-4726-9deb-c3d92ba649f3,Kyhudeivsbpog,2024-10-11 14:08:09
a8b8beb5-8ae8-418f-b70c-95de7a16797c,Jswmerjpjtjely,2024-10-15 02:13:52
313eb32a-2696-46c0-a858-58b68de87458,Hbmvoqiypd,2024-10-02 06:50:50
1b16491a-2a3b-4ae5-bd12-9653e9f67d48,Bxdwgcg,2024-10-20 19:24:17
0862fbe6-479d-4154-8324-797270c43d95,Hyzhmeutzyjv,2024-10-24 14:03:32
ba66a24d-8102-4356-8ca1-9b57a458894b,Tdyiohztwmtghjp,2024-10-07 13:43:17
d28d8033-d88e-47a7-a87f-c5293ddf261d,Ynnvlglj,2024-10-23 07:13:04
72ba0343-5833-4bd6-8c11-bcaf123df8cc,Bmbyojewifrtmul,2024-10-22 05:24:03
0b3e11bf-b031-4836-b2e7-ce1c79b048c6,Yvmvnwufnuyakcy,2024-10-30 21:38:42
59e33daa-9a65-4e03-aa10-80163195c1be,Hgamly,2024-10-30 12:27:39
e44461ec-6e1f-4244-9d7a-9a6cd4de73e0,Ulrjjqwjpwhtq,2024-10-15 12:46:01
7e0c22bc-2c37-4a26-85fd-84669d79ce5b,Aksfejuipwznvog,2024-10-05 01:20:43
7c830cc4-9632-4298-865a-7f866670899e,Lnkjr,2024-10-27 02:13:49
63e593b7-544b-4bdd-bd69-6db89cc1d5b0,Auburpqav,2024-10-09 06:15:33
0d21efad-d481-4f3f-bb54-faa665c069a5,Qyazepvx,2024-10-10 15:13:46
e3248577-d902-4b6e-823c-9409e125ea01,Puczmvil,2024-10-18 07:21:24
48534341-a983-48cb-ac08-dd4310ad698e,Mmugxnznrrtem,2024-10-07 07:47:09
9023e758-6426-4663-b0fe-ad2c17c69cf3,Hetaiyasdstxwda,2024-10-16 09:11:01
011f8fa2-a9a0-4fa3-9e32-60a022d349cf,Cyaolyetdkhmukk,2024-10-29 10:26:29
39dbd397-77ab-4799-a04c-f26fd8a3e5f3,Ownunq,2024-10-22 02:18:24
5d31e2c7-cd61-4834-b237-d647e2f0a6a0,Scxjetzlg,2024-10-01 00:09:56
f797bf40-488c-4e53-869c-7779af641e9b,Nzxnosjrojm,2024-10-10 11:29:58
561160a8-f50d-4e86-ad87-d96114dde51c,Tggwzibams,2024-10-22 11:15:39
02e868a7-bf07-495c-93c0-47ae1a1769d4,Ahidzmh,2024-10-25 08:46:49
a1fcad7d-74c9-4ab4-b673-7d08c8fbfb3b,Dbjethfnmukpf,2024-10-13 05:14:13
c4da8e2f-b22d-4357-9167-1e312c119ce6,Elalt,2024-10-12 02:34:57
3d258011-e3a1-4e35-a7c6-38018f3a17ef,Pjngujnnn,2024-10-21 07:55:51
3797bff7-c3c5-456c-b79d-bca0288575f3,Eeytiqpxwbtfr,2024-10-21 15:24:14
6b486c5d-b2c3-4d34-958a-821a6a8f8c8b,Rijbykdpjpywg,2024-10-09 19:45:28
9d067d4a-4fde-4318-8b9f-d3927975af52,Gzqmq,2024-10-01 13:42:53
5c7045b2-8d3e-4550-a6ab-39d4b5c9e09e,Piskwfkm,2024-10-10 16:37:57
355163b1-a44c-4364-bd4c-e797e6770929,Nsltuqdzmuakvw,2024-10-08 22:34:02
8db8771e-3d16-4258-8192-1bfd9c2b0c97,Kknlu,2024-10-07 21:21:02
bb9bfe40-4d7a-4851-b187-97108f450416,Enmokmq,2024-10-24 21:00:47
352913d3-b9cf-4332-bcd7-0db77a40cfc9,Dsthpbsoqbhivut,2024-10-03 16:51:59
7d6ed604-16dd-4fc2-b21b-b0efb83bdcf6,Ivcsimyevx,2024-10-14 14:20:28
d074db40-a1dd-4a3c-af61-8ddd2694473e,Lnossmfnbfohb,2024-10-23 07:14:47
6cbd3697-62c1-4e07-8a74-b80dc82e38e5,Ijdbyf,2024-10-07 07:05:08
63141a9d-5244-4b8c-b8dd-3ad0c026275e,Upsgqnmbsqbo,2024-10-27 20:06:30
fd2bf57e-3418-440f-a851-fdf54b0c29c3,Ibkgehumuykxgls,2024-10-11 21:25:38
66979eed-a3b9-4fb3-88f4-5bf9d66ffad6,Khteee,2024-10-31 18:19:35
c37f2e8f-69b6-435a-a1ed-ee3fe6e07ba4,Odtkpkcm,2024-10-30 10:53:14
8cc2f350-8ccb-489f-b6f4-4e1f0a3ef399,Zckjuhhdpi,2024-10-18 23:39:52
32735d3a-773c-4974-ada0-65263cb15977,Imozlaiqw,2024-10-19 00:49:54
3a828ade-d35f-4617-9f0a-191449464a98,Kpflyxdalallxwd,2024-10-01 05:06:13
0e5fe77b-74f6-4be6-b05a-81af0553c3b7,Jcklhzdxijisx,2024-10-02 14:33:24
af0ed883-de4e-4bf2-a705-fb9ec0cc03f8,Vnbengltisvvf,2024-10-21 05:55:32
82d55b73-2e70-41a4-a98d-c8a5fee042fe,Cbwxb,2024-10-23 20:09:20
5cc4ca16-e021-4522-93aa-2ba2ca83e11f,Wuskouhkkpggaf,2024-10-17 09:52:58
c1abc216-ec95-4539-8e2c-8065f943546f,Dyxafuuc,2024-10-15 05:40:29
47ff0b49-4cb4-44c8-abd0-dd2320037d11,Xaravi,2024-10-27 18:21:39
4590e4ff-d46c-42cd-8078-72f4b2263f0c,Bulzc,2024-10-26 07:30:42
51451dd4-659b-4a9b-912f-bcd948fab84d,Yjnhlglciglatvg,2024-10-14 21:54:08
7a70d549-6120-428d-ad6f-391dbb469ce2,Twbdbtnbeagdt,2024-10-29 20:00:14
e233b7bd-363a-4f46-95ee-bcf8775619e8,Gbjlaaslrj,2024-10-17 00:03:17
b4ee41b3-0055-4eca-81da-e018b2c1cf60,Wsnkyvvvhq,2024-10-10 08:52:07
50c795de-8ed3-4045-8dd5-bae2a3be02f1,Vnvvek,2024-10-20 16:38:42
803a0baa-07b0-4b67-b93c-74b322c1cb46,Wkrvcq,2024-10-25 12:06:51
d3dfbdb6-566a-4d80-bf2e-791b9c7b70db,Rhihfvlkytn,2024-10-10 05:50:08
a4d7e006-b12d-4d13-a954-5ea6251cae7e,Idzvi,2024-10-21 02:33:09
09f56f40-fdc5-40dc-b4cb-ed1015390935,Vjdououqsdbr,2024-10-14 13:54:42
680ad0a6-9580-460f-8e7a-980e6af495c3,Odqhknvmdgpmccj,2024-10-18 17:10:54
c7b68992-1f2d-4460-8543-f13045b0f573,Rjqbmfibrvso,2024-10-27 06:12:04
f5f42f93-9a87-41e5-89bb-eef5223973b0,Qhvlofxtbv,2024-10-09 01:20:29
0777d82b-ea0f-4bb3-ad8e-a0f19be7ba8c,Bgxbibv,2024-10-07 13:41:54
843d5d16-75b6-4033-9a06-9d4a95a82991,Iifek,2024-10-06 08:38:54
05795966-d7fd-4695-808f-e697f5f53627,Nusziwq,2024-10-07 21:50:40
c58772fa-914c-4b13-af39-7c5230dc0e25,Whihngpec,2024-10-04 06:45:25
bc175578-8599-4327-a4f2-7ff8eddcf097,Tbmqushxjerhn,2024-10-18 00:55:34
57d967f9-1174-4f06-9ca1-e67915e93eaf,Vsukrtwibgwzp,2024-10-27 00:18:39
b0e6a8c6-1989-4015-b5f3-48db0b82cada,Tvzspnbwsoc,2024-10-17 06:09:42
0b929b70-d1ec-4d30-8a0c-d98ea13d460e,Nspergil,2024-10-21 11:17:16
41e31f5a-9e4b-4878-b222-82f6380f044e,Wwinko,2024-10-13 15:15:44
df9dfb81-611d-40ca-99bf-2da0a5ee2c5b,Fnldfdhfkla,2024-10-19 04:44:28
424c7826-42da-49c6-8780-5ad91905852b,Hjkzza,2024-10-22 01:22:54
2ca0204b-0461-40fc-9552-98881d500e45,Elszmnpexvjpza,2024-10-22 16:37:25
d359643c-1878-4c06-9e62-1d792979939b,Bqezvni,2024-10-29 02:24:55
586fe85c-55bc-45c3-b242-d2f86eec4ff7,Wklisnncqpy,2024-10-27 16:33:37
030bfa95-2e05-4497-b325-c03594df720c,Cjdtalrnbwxe,2024-10-05 13:11:21
0f988aba-bcab-4265-8d83-253ed962668b,Asgntt,2024-10-12 11:19:02
ea567d33-0f66-4d73-b372-2b14036eb245,Bxawazpaeh,2024-10-05 20:04:16
1dda69bb-6358-4df5-af95-dae96d172bad,Etocavu,2024-10-19 00:15:38
aa79137b-e13f-4f81-83e8-10c5ca930abc,Fbtpxeio,2024-10-15 00:50:43
da48745f-379b-4953-b1bc-61c3b734e30e,Dvmtmmv,2024-10-07 09:05:47
21fa608a-6eee-49de-a610-8e58a8ee3e30,Uokzxhxyqlue,2024-10-13 13:53:23
9ee5e49f-84ce-4355-87df-3d1455b36403,Zooffgfhv,2024-10-17 07:08:59
8a5e011c-db2c-4ad6-a007-4aad4a1e0f8e,Acvabcrpjx,2024-10-25 18:47:16
3fdc5086-99e1-4e2a-bee6-fad3dcb28895,Isrnckww,2024-10-02 21:38:47
2239742c-9b3e-4343-8f28-9008130943de,Ojectxpylj,2024-10-04 07:32:44
240354bf-4501-448e-9829-ce80657c59b8,Icbfl,2024-10-20 14:19:48
770b6622-6f17-43c7-a737-a94f31671227,Zjxfwvjqmpwl,2024-10-29 05:46:27
0a120a3c-9efa-4efd-abbe-259571555b13,Tfazegv,2024-10-28 07:09:33
9d3367de-bf2a-4649-93e7-da1ca6e893e6,Msxbxpxyfgan,2024-10-24 16:12:04
f03f12b8-2a5e-4bf3-84b0-603f6923b284,Uupqiykb,2024-10-28 20:44:16
683bbfa4-aaaf-4bee-a379-f497edc96b37,Jptehgdruno,2024-10-14 19:05:37
e49221b6-339b-4c67-88d3-e957f2430682,Hzqmayj,2024-10-30 17:47:33
bc6e9aad-01e5-4396-bf6c-eaa9d5216aea,Pnpmvycu,2024-10-20 08:54:02
fc683804-3a38-475b-9e81-e23631e176ae,Awgnc,2024-10-03 06:15:34
36ba6eb3-0673-4a80-acd3-a0e6e9a96aad,Urzhovjqxlyhy,2024-10-18 22:41:03
8ad303af-c1d0-4c08-a2d0-70055ce354c3,Jhhncb,2024-10-09 04:43:25
52dcdf8d-7dd7-442d-8696-d973dcbb60e4,Hyjfto,2024-10-20 04:27:11
0e1e99e9-bcf3-4fc3-a1bd-ced3d832db29,Eqlplqjfvavort,2024-10-28 00:29:43
9c9f9c6a-0f00-4e4c-b47e-483980befc44,Lbowsu,2024-10-08 00:43:18
f87f57a3-8d0f-4caf-b21f-59bbf09b7bc7,Onlzppdrjnouvdz,2024-10-25 16:23:58
9c4359ac-6c1d-4810-9113-b20a6b4863ef,Ipimurrzkju,2024-10-28 09:55:55
99156376-f81f-4828-8929-6f43f5786913,Ioxjo,2024-10-07 18:40:45
66e90707-0050-4c18-97fe-7be25f2b956c,Vicgdoljlyqy,2024-10-31 17:48:36
c675a402-dc5e-4c4c-bf11-bd6d5e3caa0c,Jhjgjzefawgs,2024-10-03 21:09:13
b0827730-15ba-4d76-a395-80f1cb31f2a4,Phabxvaou,2024-10-23 19:39:16
eff70357-55e2-48e1-8b1e-a6a375c6d072,Kxfoucxdcf,2024-10-13 00:42:59
a9d700e2-12b0-4bcd-88ce-9b8a78f3d6cd,Ewiyjtwrbp,2024-10-03 02:18:24
ccb70aeb-5563-4e34-95fb-bb62d5d5f6ef,Tgagfxdz,2024-10-24 20:28:44
27080b4f-21d3-4eef-9b17-62e75bb3e59a,Zgezmvtipahpvf,2024-10-27 01:05:21
e8cff2b1-ba57-4fe0-a9ba-172d8f9945c5,Ksedwvh,2024-10-02 04:45:39
36682cc2-84de-4af3-a723-ea3146d9f10d,Hqrschs,2024-10-16 05:09:25
4656c7a8-820d-4b2b-88be-ca5456c83796,Kpfyyoimtweyyr,2024-10-31 11:07:58
f148e912-1125-48c8-a84d-e78352bdad71,Avcpxpwoulolyvi,2024-10-21 18:22:09
6885d945-25ba-4ae6-8b76-3263cf470160,Cihgb,2024-10-19 05:24:10
25d08c41-ee19-4800-b6b7-3737b7ce92db,Cwbgjzhvrox,2024-10-27 15:07:39
51c2d036-2d9e-449f-8eb2-a395e50321a0,Ayxgsiq,2024-10-30 21:37:53
0d027108-6abf-4232-bb39-932206a29181,Eltudx,2024-10-13 18:29:53
7ab87b2b-258e-4905-b29f-de2e674b256c,Lyvexptbaqnc,2024-10-07 01:30:33
8f5f5a18-2aaf-4aaa-be66-63e5f4291bd6,Eimdwumaofni,2024-10-12 16:38:45
6f870be1-3d86-4ee2-9b45-ac2fae8bfac6,Vqtyrtauuehse,2024-10-04 21:07:11
bf722d99-7419-400e-82af-d4310184768e,Rvjjduex,2024-10-19 18:38:58
1c66a805-2f44-4e4a-81dd-5e50e62d7ba6,Xnlkll,2024-10-09 07:30:55
6359d813-908d-40ed-922b-68eb8a8155fc,Nxhkesyzvp,2024-10-30 17:08:50
cae887da-6dd3-4591-9df4-bbdb62d6bf09,Kkuegzt,2024-10-02 21:27:24
a6c6068f-75a1-47dc-99ee-a7f748b802d5,Ktzxvlwney,2024-10-25 09:56:40
90062a7b-8177-442b-b20f-13c74912e5ff,Rnmzj,2024-10-26 23:01:08
19fff277-c120-4632-b7e8-5158d23e8da9,Qghdgwhuoxwnfh,2024-10-16 18:45:19
49c0cd3c-4a52-4ccc-8f88-4e42d82e5c41,Rjxdele,2024-10-06 16:43:30
d7bef6e0-9dc9-4bdf-ac7a-d513bcf45ec8,Kocjhodwltt,2024-10-02 09:48:35
643f6f50-0329-4ed9-8d06-199e57bd0200,Etglepk,2024-10-06 11:22:52
2853fd59-13a4-4f22-8779-20191b65c5c2,Mgtxsdfboi,2024-10-19 03:40:21
408f2eef-0236-4365-be8c-8594ef83d5f6,Ofmzpuloqrmof,2024-10-23 08:15:06
a8f87cba-9ead-4391-8f0c-3c59595f610c,Znofmprallgkh,2024-10-26 05:33:00
381073d7-302e-41b8-b7ae-50e82c1fb77d,Innwhhfgjknpoem,2024-10-29 13:23:44
6ef7cd12-0e24-4d5e-abf2-ef1ebc241997,Izfjwbe,2024-10-07 09:24:29
de8a5dd2-5fc5-4288-a9ae-d7d30233dd60,Grhvkgynwbye,2024-10-31 20:28:06
b48b78a4-6230-4b4e-ab95-0c20706657c4,Zsjfmatklygwpc,2024-10-26 03:02:00
339b104e-96cd-4367-8bbf-b9aa980a105e,Ncbkmykkkumgum,2024-10-08 21:28:03
906b1a36-d714-4957-a279-bfdaa6ea7e62,Ksquoojs,2024-10-12 04:51:27
a8bfabf3-ca14-40a1-85dc-cd2d45338416,Acscynhfv,2024-10-20 11:58:13
40993201-49d2-46ec-92fb-e370f6e92dfc,Kgienbsghkje,2024-10-31 12:35:21
531471bf-6840-4098-993f-51cfe33a44a9,Oxuvk,2024-10-10 01:55:42
e09b3123-e08e-49c1-8237-66139eaa769a,Caqltwvepxid,2024-10-22 00:54:25
900adebf-8df2-4195-b60b-51f2dca63325,Bzuwvhybskp,2024-10-14 17:32:55
c5c526c2-f10f-4ed2-b8a5-77b0ac3701c1,Nllyuwqf,2024-10-30 04:09:32
80080f1d-a2a7-4544-8d90-645ea059a2c0,Tgcsnafvsvscfab,2024-10-03 14:58:30
3d17493e-01c2-4577-bc67-466f2dd8a75f,Cpwzajwhdwlgaae,2024-10-22 12:05:20
6bbdeb8b-3650-42f9-a108-6123f0c83482,Cmaewvfyjefil,2024-10-23 07:15:15
8fd21b0a-b31a-4aad-9821-9b6418398318,Jpautdw,2024-10-16 11:01:07
6722514b-eda2-4fd4-b706-cbdd10884164,Iiechowigx,2024-10-27 05:30:56
37b8ba5e-2bb1-442e-99b2-bdecd7b6a315,Jxpfnqwgnvatn,2024-10-23 17:22:20
c813e219-f488-4bd4-b793-ca7a0b52fd08,Bfampjmwt,2024-10-17 06:42:56
1dd3bb44-a37b-402b-9006-2b3575ab160d,Squhfgc,2024-10-15 17:06:59
fadc69ed-dced-4beb-9f6d-7109ffd30e53,Vzericr,2024-10-24 09:20:36
085d3203-0070-4853-9302-3f57d3fb15be,Ltvgrejkthx,2024-10-29 15:22:01
52db3294-e504-4853-8bab-939dc1bad6ab,Rgtyij,2024-10-21 08:56:12
77f25c81-5d4b-4a13-b416-7e818fa11a26,Mamivev,2024-10-03 03:46:36
25c89158-beb2-49f6-8e58-89c0c2916e9f,Wxhewjhajgxp,2024-10-06 23:40:53
7db623e3-9350-4c03-b05e-671df6f68070,Ifxmx,2024-10-30 22:56:05
258cca3a-9107-4d05-b259-61ae3f63b8b7,Pqzftgs,2024-10-08 07:28:09
004ce372-184c-46e5-aa7b-090bd4ec706b,Gkoqzgqiw,2024-10-04 09:36:42
20b29eaf-3eb2-4efb-a75b-51adc8d5ce12,Qmeqnuaf,2024-10-18 17:54:25
d40006fc-27f8-450e-89a1-0c4ea936452d,Rxbckkgcvako,2024-10-03 16:37:13
c05dafe1-84dc-4696-9339-3ef611bd7b29,Kibzqsqbwv,2024-10-12 14:02:27
a0449e47-e75b-4ef6-a6c9-4f9c150a3870,Zkgpfro,2024-10-29 19:02:51
77a4990a-d735-4da5-a056-05bb3b02a19a,Jfxwxkgibbi,2024-10-04 19:54:59
793c9bea-0aff-45ab-a9de-29bd1a03c8b5,Tuxijlmpdj,2024-10-11 20:56:01
9d0b37a3-d172-4e59-904c-b8a9ae587ed1,Obwxlxrqrfaeq,2024-10-06 20:14:15
3971d005-b0a8-4718-b48d-aafd39b7fab7,Xeosukjdrylon,2024-10-09 06:17:19
1c9dc2bb-4f04-4dbe-beac-db50c4475f85,Xvvou,2024-10-05 08:25:30
5f7d7823-37c7-4754-844c-f3d6893442cd,Vtiwqxdzeo,2024-10-28 22:22:02
323db6eb-85ce-47df-9c08-8b1a58b904df,Sczbedremhqcqex,2024-10-23 19:47:32
338ec811-f0d1-4abf-9589-1e19f18a1ecf,Fwrkxnifkse,2024-10-11 07:54:40
96a5dfb4-722e-42a8-a0fe-410532aa3df3,Tamedgaeakhfr,2024-10-07 17:39:01
176ae4b0-dde1-4296-b8c5-df26c599e187,Rncnhhezlykt,2024-10-04 23:36:53
4de79e9f-3952-470c-b72e-0d6eec18ed2f,Vevetjzckunnf,2024-10-21 08:47:54
dfa4fc46-9279-49da-962b-f4fff6b8dc7f,Pjqtrtan,2024-10-18 03:41:11
66006206-5822-4839-8e1e-b86dc6df3fe8,Egjvng,2024-10-28 23:47:40
7110ec63-503c-4bc6-9cf4-1c3f810169f9,Hxpagaurln,2024-10-12 12:35:49
364a4ee2-fa8a-46df-beee-9c3c2e44ebc0,Bcwgddlgukge,2024-10-11 04:57:38
bd59dcd0-c1ea-427a-8eb0-27d5271b50c2,Clnbesfq,2024-10-21 19:54:28
48bfb4f0-c687-4968-8c52-12df40e0501d,Csckazc,2024-10-20 02:54:04
031cdd74-b0b6-409b-b2aa-21bf78c2a6b9,Nbuxjfjusj,2024-10-02 17:28:18
3a0c5783-41dc-4f99-80ed-6df9c79d6abd,Hdduwm,2024-10-22 08:34:14
5b63c9f7-1e60-4bde-b80a-ede8d1e45d87,Zfuxltuyuswn,2024-10-07 00:14:28
22b0d60f-e1c7-4a7c-a29d-df17a7c974a4,Hxrhqifjp,2024-10-20 05:09:14
e717c7e6-c3ac-406a-844d-c0d5c721eaa3,Okilecon,2024-10-20 05:10:04
299c75d8-330d-4cf2-856d-6292e01c10d3,Upsqkz,2024-10-25 19:59:15
d63d658a-79df-4212-997a-805525c30276,Ddwdrynavegjpsa,2024-10-04 07:01:25
be06d60b-ea72-42c7-984d-011b3353833f,Iejijmxm,2024-10-14 15:13:28
fccbd882-a88e-4452-98ce-531486ce8210,Jtyymzdzacag,2024-10-04 11:30:58
e3b7823a-2e1a-41f5-945b-6a8f45037ddf,Taaqpabni,2024-10-12 08:22:50
d09d54d4-7ccb-4ec5-883a-1f3d8fcbe700,Munikehilwrihr,2024-10-03 14:33:31
c15ba86c-9843-475b-bd02-aa1dcf1c3866,Veoeb,2024-10-14 21:39:05
db446cda-0f21-41cb-b70c-09e9d523167f,Ptghrshmwttyfa,2024-10-14 14:05:18
24fb499a-fedb-4609-b742-f62f3eaf0797,Zrrsizylrtp,2024-10-04 14:18:48
c29df20f-201f-4313-9a5e-be66a7d68fb0,Gcaql,2024-10-09 14:55:18
cbd58235-5f0c-4eba-870a-222456dc6843,Yusiksb,2024-10-18 12:18:59
3bdc5e1a-6c27-4912-9f9a-f9c1a304ea8c,Nrvqobi,2024-10-18 02:43:54
4df5992d-ea7d-4d86-8463-6129b903d5a7,Cplnq,2024-10-31 14:26:45
53f3d452-e74b-4368-b924-6888ed0bc935,Oxnhazn,2024-10-16 08:37:34
bfa28118-7d39-4f20-8159-bb3f69b2d189,Fzhivegq,2024-10-15 20:55:54
de692827-9d38-48c1-9991-e9b442a5cd16,Emygsmxp,2024-10-27 23:43:26
a4406209-d67c-4d2c-ab42-6f5e2887d609,Pkxicrabkvf,2024-10-12 09:58:51
4a1f18fd-65d4-4ec8-8037-9879c9c7f502,Kqjepxiahwjn,2024-10-15 22:35:52
bce2fea8-c76a-40d8-8598-f2d2f0a339c1,Zrwfw,2024-10-08 04:49:28
fcc5a2ac-0a38-48c3-b49f-41620d2f6ad2,Tvyxpnf,2024-10-03 23:02:21
66266483-4664-47dd-8774-f8ca89ecea22,Reoejxzrqrijqvl,2024-10-26 12:02:35
a08426b8-8974-4ae5-8f96-ebe00bc19059,Xwgcasb,2024-10-05 06:58:48
764c3cf0-35ba-4485-a970-a14cf571efb5,Otpjek,2024-10-03 00:00:08
66dfcff0-f675-4e8f-817b-39ef6001b6ea,Udmewkejvcucqg,2024-10-06 00:18:01
e728860f-7af6-4db2-921d-38be6ba01021,Xmdvuxavhhord,2024-10-03 21:53:23
e5445a52-11b1-4157-a839-7e2716b70d0e,Khstxdnj,2024-10-16 06:15:22
b8cd3e2c-fbbc-4f27-92a4-5ad8b1e8e8fc,Zorvbtyiz,2024-10-17 16:50:12
add63e6a-1085-4028-bafa-47f2eab305af,Qxbsoxrgfuw,2024-10-30 06:48:54
3d394d11-be6e-4af1-b33a-9075650b081f,Hipyfgvm,2024-10-24 15:59:02
e2448150-e21f-4aa4-841a-301d2b2ee7a4,Qrcsblxruqwadmv,2024-10-23 00:29:08
85d9a5f6-17c7-4de5-ba47-9605ee37084c,Dyqznqiqrsr,2024-10-10 06:19:53
c6730604-bb27-43cf-a4f2-827d075bfc01,Cpnjoqmyeheai,2024-10-15 02:01:36
734f1960-c0f8-4842-b9a9-14a8b1e566a1,Cdsndpufi,2024-10-01 15:04:45
368822b2-3f0e-4afd-8a20-dcd365e7790c,Vnrskyue,2024-10-06 14:25:26
842cec7b-1ed9-43e4-8605-c59b991be338,Ydumrhhgkecsl,2024-10-28 12:10:24
c3faeed3-e4da-43bb-a7ab-75731aeb5409,Ojubetdjb,2024-10-22 01:18:39
c26b30e6-5cc8-42e7-9b22-b655e4216ab1,Ciidcecdxjjv,2024-10-05 09:55:51
e50c1cd7-4c35-42af-bc23-d0211ec94aef,Uvneys,2024-10-31 18:16:12
d073c88a-942a-4748-af24-55c172a9d8cc,Kxmynbtwa,2024-10-28 16:06:18
41760344-d226-4d5f-8739-a09d1fb33fff,Ecgmhzmknmclxn,2024-10-22 02:13:45
0ad8ffd5-c214-496c-93d3-07de5b129579,Nqbnrwtozyvz,2024-10-14 19:25:19
ef1e1d2b-e40f-432b-84f2-fb755098db22,Qidun,2024-10-27 13:05:15
1fe2762d-fdd2-4991-8490-f70541b6efe2,Zvkzxfxldftbwq,2024-10-22 11:11:20
acb5a497-bd9b-4567-ac51-d51e9f224345,Nzqhbnxu,2024-10-24 05:31:23
301f7754-5c2f-42dd-94b6-10c294380fd2,Wdpqfjda,2024-10-27 08:46:11
122222c5-e32a-409c-baa8-2829db2998a8,Kxesrjtetlgvqne,2024-10-14 19:49:20
d0c5e906-30cd-4848-bef7-a2a50bc20af4,Htojffhlr,2024-10-25 17:19:01
f908e80a-ecdc-4a26-9a60-ed7e2a6031bb,Qrikmiitfqax,2024-10-07 16:37:18
d497f5ee-5e30-4c4f-8ac5-161799bcdfe1,Tkpozgohoklfthe,2024-10-09 14:46:23
ea57f827-358b-4fc4-8019-d2ac156dd5c7,Fxtbofirvda,2024-10-15 03:12:37
a13b867a-57dc-4efa-b4d3-7b69c7181a76,Luqbbfitn,2024-10-13 08:43:12
1b446e5a-ca61-49aa-b98a-5ef7a3d7f8a8,Fthbrkvxinan,2024-10-15 17:50:09
38d95fcf-c7a5-4007-9250-c91f6f26bf71,Rnujvcb,2024-10-17 03:09:51
9e7cb736-825f-476a-b62b-08a5922dca3e,Hgdpdiwelkytcfy,2024-10-31 13:27:17
f72190f8-6b83-4e7c-871e-bdc7e2650caa,Sxyxco,2024-10-10 15:57:50
95d20c18-6c87-48bb-9e89-347ee9a358bd,Qwsgabqod,2024-10-03 15:57:31
4f29e834-b770-4fe4-b577-f4c28d227c10,Fatbynof,2024-10-09 15:01:11
2ee90799-69d2-47ca-9873-73803673cd29,Jpyeskdldi,2024-10-13 18:05:20
d031e3ea-60f9-4dc8-b4ab-c339dfd9e36a,Txuvbnefo,2024-10-06 01:45:22
1a67b3ff-46c9-41b6-ba6f-bc3759906cac,Cirnpwwzu,2024-10-26 02:04:23
e71904a7-7b92-4d11-8503-bf8712a6609d,Fidohvxxxyzjzbn,2024-10-01 05:19:49
9bac9ef4-e564-4128-a405-834f061f7b3c,Dgycevgmblxkf,2024-10-31 17:14:20
25c11995-5a00-43c1-9b82-abd0d4ba6231,Yeqde,2024-10-16 11:03:55
9f212239-bfbf-4d78-b549-a36dae7314fa,Pgriasz,2024-10-14 01:16:06
3f2ea1f3-67af-4510-bfed-e320108e26a6,Xvwodywk,2024-10-09 17:17:33
32d50d55-ddcd-493e-8c3b-fe16b8e6a9d7,Uuxoi,2024-10-13 03:35:11
b3bc2b92-1e37-4445-8d66-915fb9997ae1,Uylhhhbk,2024-10-30 23:34:08
293d7bc7-83ea-4b6a-b805-60d27abc8344,Efjljxegxar,2024-10-01 17:52:39
3424ea17-b65d-42e1-8685-d745f85dc45b,Tjzeyxpbtg,2024-10-21 09:21:30
691841b9-4f86-4442-b590-c04f54d0090b,Azndpoygjirefh,2024-10-30 23:04:40
4d6200ba-2a4d-4dc2-9d92-b65893b1c77e,Rlxxkmdeccxnbm,2024-10-27 18:04:24
6d66999e-294d-43e9-8d3d-cc6cc88989a2,Oqbkr,2024-10-26 13:17:03
f85bdc8e-00c6-4cce-a213-44c1cd5dc550,Brorrrpe,2024-10-13 23:28:42
bd17e6e3-33e6-4f6c-a8bb-4ce8b5bd124c,Qafzaojlhqdj,2024-10-11 12:22:58
6a632d77-107b-448a-bae7-6c0f35e6a60a,Rtfpckyiaentd,2024-10-30 23:01:48
9bc0c224-3492-4acb-80fd-543607051bc5,Cbhcw,2024-10-07 06:25:50
2249ff40-e6d7-4812-b5b7-1e2994d8ba72,Geilaszt,2024-10-05 20:54:51
6c14149f-6527-4680-a23a-9451166a6bb6,Kucjsfxqfczgd,2024-10-07 16:04:16
00bee4a0-bbab-43e9-bce6-ed0dac04ec26,Ckzrkggzxktex,2024-10-02 06:32:00
bce077d8-aba5-4b12-b5f9-b18e436a72bf,Olwdrplovbhb,2024-10-31 04:06:43
6a622a48-8561-44a4-bda2-7492bd7ac3d8,Csdekuxte,2024-10-23 16:06:42
9fd9f649-166e-41c7-a300-2a7b7a10d2eb,Srnyqcysynso,2024-10-18 19:52:45
59271ead-27cf-439a-91a4-f770e008968c,Nwjvery,2024-10-03 15:07:14
3355200a-b3fd-4b8b-b6e0-676b81f9f4be,Dwnbemlxmq,2024-10-23 23:52:16
7821b896-2c8c-4eed-b5a7-b491f8fe4cd6,Gnkvoswaasotnjs,2024-10-03 17:10:04
7f3e4704-766f-4b43-8a3a-e3e19ca924f2,Clsnpabd,2024-10-05 05:32:22
68c67e60-7c60-40f5-86f1-5aa112fbe571,Runsy,2024-10-31 06:41:04
42e4338b-6459-4bfc-a490-8e9ab5563b99,Kwmmwfpgoayzhn,2024-10-06 18:32:54
a561228c-2069-46af-8d4a-9b9395b3858b,Sqlfzpl,2024-10-09 22:56:57
1b3d4005-392e-4fe2-b44a-5c567e186f28,Jxguepdobmacvim,2024-10-23 11:58:24
78e6c1ca-e929-4231-9553-dd06a5201069,Hlmho,2024-10-17 13:12:55
bc8b50d6-18b6-4beb-a541-637a80f12fe5,Nnhscypbjcuvom,2024-10-21 03:58:38
a634c5ec-1767-49a0-8b4b-1f64e6843073,Rmewxxfmy,2024-10-23 01:45:10
3b4e180b-3886-48a2-98bc-dc9c3f1ee0fe,Onzonhukfyk,2024-10-29 18:26:42
774520d6-82fd-4e7b-9554-9db1cc2a166d,Ruufaseazl,2024-10-01 05:02:00
1d177da1-4114-4e2f-a207-16305cc43669,Rrwvygyv,2024-10-18 11:35:02
d9abad7b-1d18-4714-8da8-502667e7c1a4,Psywrjhy,2024-10-23 21:06:29
eadb4c61-7654-464e-a10f-b4c286232df3,Lntclrdiyztxrxp,2024-10-21 22:07:33
04b4ad4f-dea4-4b57-8037-424bd9f7aef9,Noxkwpnggyovcxw,2024-10-09 22:14:16
ff4af383-895f-43cf-8ec6-bea1acf3f460,Kbkurepmccew,2024-10-16 05:35:50
f24a26ff-d178-4696-a709-1bc805817090,Rdsgy,2024-10-06 06:21:40
52c2c938-12d3-4be7-b60e-4d4103840cfe,Byspcgnr,2024-10-03 07:25:31
66dc8e60-bab1-4411-8e64-df333d11debb,Vouerzrskk,2024-10-09 23:48:52
5fc36f43-184b-4713-a10c-312950c691cc,Qcvnan,2024-10-23 16:59:05
b6be787e-ac92-4281-9e0b-fd17804b4857,Mnctgcjblxyniv,2024-10-01 23:04:26
5bf648d1-a850-4b3d-821a-f960b20bdd11,Kytxhzg,2024-10-27 08:09:11
617de716-61ea-41bf-b638-02892598dc70,Wtlrgrqrrd,2024-10-28 10:13:23
079e1c81-018e-4b64-a7ed-1cabe30a7d60,Ytstvccaizxh,2024-10-25 01:22:29
eb623736-ad9a-4d15-8ee7-a09f8afebef1,Thvktlajggybnqc,2024-10-19 21:38:04
edc474f3-b2cd-4ae3-b825-281543122952,Apnprfxejgevq,2024-10-23 13:45:31
8db326e4-d629-4b29-abd5-def32fecf329,Daoxgripupg,2024-10-22 20:50:19
d0fb28c5-07ad-48e9-b75e-3845068a65b6,Eokhmwhrgenrhlx,2024-10-03 19:21:08
8781216b-278c-41f0-a8b8-c8f90899f014,Vjvambarqkrwuv,2024-10-10 05:33:43
c2f713c9-644a-4dee-b03e-34855b328d8c,Byyicbixmaod,2024-10-26 20:35:17
3cd7791d-7510-4cdf-a0b8-ff3c3fcc5a79,Ebawpbdaawi,2024-10-18 13:33:46
3ede0314-ee89-4542-a7ab-4f055f79682e,Fdptufc,2024-10-15 06:33:56
9f0346af-86e4-4eed-b2cc-6705abd52cc8,Hyxgpmgwfplc,2024-10-24 22:02:41
53265c25-af5d-44e4-aac3-e1c851ec47d4,Ipsvbxubjhdfied,2024-10-13 00:30:36
3c0d4252-936d-4fde-afaf-44dab67cbdea,Njibrtkbyvohr,2024-10-06 13:14:16
7dd25da4-69bb-44cb-964f-6332c2600cd2,Ydnabmicesjbcx,2024-10-07 19:13:03
73b12e2a-3319-4119-bd68-e61549025548,Bxelxnntbacfzu,2024-10-02 17:16:50
b699e484-8d87-4884-b1e5-6377bb8f4bcc,Zroooyxeh,2024-10-24 14:37:45
77a9ab10-e8bf-4cf1-9c2c-5fae075d3b2c,Rtrwbmhcnv,2024-10-27 19:22:46
9c1bde3c-8c6a-4da2-a959-2cfea7d476fc,Gednlsxznejlsh,2024-10-06 07:09:06
9cd595de-7e05-47ec-a32a-188d44f26f4d,Dfzyqylvu,2024-10-10 22:45:32
e62fba67-9028-4f2a-a337-f671c88bcc3e,Fjyndwqoyfffmd,2024-10-12 11:36:01
e54bc63f-ba39-4fe2-8483-d4d210a10680,Lsidsenbgtpuxyk,2024-10-04 23:18:47
e56dd30b-a50b-4bae-96b2-ba4ff5efd809,Sorgpuhsiifavwv,2024-10-22 14:18:24
a593e80d-aac8-45be-9d5c-a74d6fb3168d,Tvfvloecfe,2024-10-22 03:12:49
2d527014-0366-40fd-988c-5fa94ba5e7c7,Uxtnalfmbyyy,2024-10-18 21:37:09
e2176748-1a92-41d0-9ca6-e310db737f1d,Bvvgowifmyhzudm,2024-10-11 00:47:10
24462c99-1c98-48e0-8be2-23d11a8f7104,Bepfwxbdozxdpls,2024-10-26 23:06:47
4dd9c531-90d1-4afa-8c65-2b8ebf7f8162,Cipgmxu,2024-10-14 10:17:05
9a302460-0bf9-4d97-83c6-52c32e8fdd22,Ttvrjclfwigb,2024-10-10 07:33:27
0b2ce481-d336-4027-b4dc-9fd622ff1f0f,Yrsdhggpil,2024-10-22 08:34:14
b77542f7-662a-4a12-b0ac-a12d27bdbb77,Aqgohpysexcpw,2024-10-22 22:38:30
9e3d80f8-2ab0-48af-be4d-248fae2f04b9,Upickmgzqytfriu,2024-10-08 18:48:26
8a1a9677-3677-4179-b421-a359e14cc380,Hzufxasifqm,2024-10-29 00:48:32
dca1ce8f-452a-4981-be71-86441ca1ecaa,Tqedbjwyyhyb,2024-10-28 03:22:36
19d80c8c-32fe-4676-b2a9-1ada6c3f7a11,Tcvikui,2024-10-05 09:50:19
0ba31482-5639-4293-a150-32059ff06510,Reosdclfpbkgtxx,2024-10-04 01:01:27
71771337-1f5d-44c3-9e0a-a8fbffd97d4b,Bkjzffc,2024-10-06 04:12:11
37d99e4f-69b0-4e0b-a323-bd58255efd01,Hgwwmynzfkgggs,2024-10-14 09:42:51
e1acf416-5575-4684-95a7-b46ea0553a83,Befgfg,2024-10-14 15:26:10
66a38ea2-9e39-4f6e-a80a-2f9a3051c84d,Cnoim,2024-10-21 01:29:43
17219104-4852-499a-a591-64a8827aef4b,Dxmqmufqavubp,2024-10-16 16:47:38
175ea1a7-00a7-4dc1-bb99-cb1a7f99addc,Ceawjcyako,2024-10-10 04:18:40
a026fa63-3bb4-4583-9c38-1219deb32e02,Hjhcaxl,2024-10-11 06:19:59
be78a3ec-bf01-4cde-9075-343d987d3d7b,Fchghvavcp,2024-10-30 01:28:53
99c36e06-653e-40f4-b7a3-c03f8ae76ec0,Bnhmdq,2024-10-25 15:56:23
b512722c-58c8-44e6-87fa-00c5e91105b9,Tgmeejgcr,2024-10-17 14:17:58
a2a56036-2b88-4e92-ada0-9b54309ca1f8,Cktxuhq,2024-10-05 03:03:59
373d3340-7690-4b09-80c8-43c6c99c5b63,Usfmvib,2024-10-28 11:30:33
e544dc0b-64f9-4a3c-831e-96d926f3d6aa,Ghlzq,2024-10-19 22:27:45
b6b09d9b-2c1a-4cb0-8a6e-f47706ad25d5,Graewnuysnl,2024-10-02 14:38:21
8d36f2cf-4a9c-4054-ab7d-c8ec0eac14af,Smrce,2024-10-27 00:36:16
ae0ac67e-b03a-49c7-8656-70869d4ec26f,Ezqqzskrfmhno,2024-10-08 08:13:38
f894e43e-7ed2-4f1b-8fae-6236120c0a45,Hwhbtifempj,2024-10-07 06:10:41
f9122a92-935e-4f5c-91d7-c8e182aba0c9,Bdklu,2024-10-28 10:52:41
33b21411-48fe-42d4-8aa9-4f5a2d1c89bc,Bzcrkxnauqeprl,2024-10-01 15:19:57
07561500-de68-41a9-b849-9d4b485738c9,Xpwwipb,2024-10-03 05:54:04
9dda3a11-1f41-48cd-a4ab-5ebe655005ee,Kmxxcpijmel,2024-10-17 06:43:07
b9190bba-8f5a-4271-b8c6-d2258b546e6e,Arayfhcr,2024-10-15 21:48:18
15c6ce07-13e2-4723-b503-291e7936d184,Jywzkv,2024-10-22 12:48:44
ce18bef0-e713-4c41-a805-0b94e165117d,Uiniy,2024-10-04 01:25:18
16e8dcc2-7d15-4af0-865d-ded966eba4d8,Vdwvdjvecxrld,2024-10-06 11:16:04
4da27b26-db40-4403-8ed1-b0711b0514c4,Ajusu,2024-10-05 22:04:23
a6cbb516-bb0b-4af6-b25f-ae42adc2f9f7,Itjuhxmzlmfavg,2024-10-24 04:13:39
035c2c8f-337d-44b3-8996-c3d009cdff98,Bmhzfxpulrljo,2024-10-06 12:52:51
db56c2d2-27ab-492a-9753-5658ebbedf3a,Qqbbfnegnah,2024-10-28 09:28:59
052a08f3-5569-4760-adec-e77db4eb6968,Vlpah,2024-10-29 05:03:20
b0b75ccd-25b9-4a5d-8def-d672782b662d,Nbwlohpkgjgnk,2024-10-26 15:25:07
440661e6-5174-46fd-a9b2-3338cbce1854,Jnukgctnobyroct,2024-10-22 04:45:57
2bd9b2a8-2da5-41d8-9e3b-bb55efb279c1,Yjfycjjzifhka,2024-10-28 06:09:20
b0b1b2ef-1ab1-4647-bab5-c938700b4a0a,Hsivusviwxtyj,2024-10-07 16:55:37
58ea1de0-0571-41eb-be2d-69925abafae7,Hcknihhggnfjt,2024-10-17 18:30:51
1df17478-5cbd-4eae-9af2-a3a2f6cd6d95,Xiwibposkkksot,2024-10-12 10:00:33
88c60b65-b361-4104-b505-7908addc79be,Czxngcyijtqyra,2024-10-27 02:27:11
4c25a6c7-d766-4819-86f7-95b908c79644,Ehflxda,2024-10-14 02:17:28
5657a3e5-873d-4126-8263-3d21ad06220f,Cxrswdiw,2024-10-01 07:03:21
33344a08-aa50-4311-9b60-08d4de9742f7,Zoezn,2024-10-19 21:31:28
ab68b454-0be8-4994-b7e4-614fca3a1bd5,Mcqbcbujfpyo,2024-10-07 01:46:13
47c8f63b-9a02-4ef5-a795-b344ce3e99c5,Wthkrhexdxof,2024-10-04 20:53:49
56eb71ca-e45f-49de-859d-989b8b164287,Idqrvyfoddpk,2024-10-23 22:41:39
4473eb60-cfba-43d6-934c-d742e5e4ee6c,Fsnef,2024-10-09 12:33:08
aa44a026-6f35-4406-b678-64d3569743cb,Lgwdvcnp,2024-10-28 15:51:01
45d8aa93-852b-47c9-aafb-72707cd29e67,Lyinzeopnxwrgyn,2024-10-29 00:04:41
76f4b474-a20b-4941-88f9-bb7fb505d10f,Fkhrefxmgioszzz,2024-10-04 18:34:10
f80e0b9e-2acc-4c2b-8caf-1971ea2cefed,Xpxbugofsnau,2024-10-27 19:33:23
6ef3ab51-5af1-435e-8436-af0ffde47d52,Dibxqjmnr,2024-10-17 10:32:30
fd945df8-63c7-42ad-87c2-172ed838b8d7,Ehkyluhovt,2024-10-23 03:01:30
d907cb7e-165d-46f9-a1ed-2b816a2c01eb,Ycvvdu,2024-10-19 15:57:20
cc6dab74-929b-4b04-b6f3-faf3e17e10ba,Tdybdswbebt,2024-10-20 23:59:26
0c6b1374-5b72-4302-a6ee-3473351d6135,Kqecgiom,2024-10-28 17:47:18
b041c54e-db20-4d9b-9c50-51a0e6e6068f,Gxfevotrferg,2024-10-23 09:13:07
12a8d49b-777e-4161-b4bd-d393c6bb5b04,Wehceetbnnois,2024-10-28 01:44:38
6ec52018-ad43-40fb-ae03-0d4bcb37e676,Kjihwsrm,2024-10-27 08:43:25
e519ea92-de07-4029-b20e-48dc313a9cfc,Zgvclxsx,2024-10-31 04:04:34
4daa9c0f-e82a-4ebc-aac2-7cf4b905c040,Gduakgka,2024-10-08 16:04:34
ff8b0f28-b735-4643-89d7-921eeb492525,Oeooobysgkrm,2024-10-07 22:38:00
89138cd3-5432-4950-9cad-490b8dfe915f,Dokewegwjk,2024-10-31 04:26:08
3c0f2513-01d7-4f83-8d60-1c6688e5ce09,Zyjunwgtkomnvif,2024-10-26 19:55:20
188aa0d2-349b-432c-9453-08ae61f40034,Htodyhmqlqwpyqv,2024-10-14 19:36:37
71c1a531-f52e-40aa-addc-66b842e7563c,Jlbgkdsw,2024-10-07 07:12:52
e0028267-67d7-4743-926a-22040c45489f,Szbmbgsrzhg,2024-10-04 17:12:29
f8840b3f-4cdf-48e8-b544-d6b1254bb0e5,Knjkdvoikibgyu,2024-10-02 06:55:25
47f973d4-dbf6-4baa-bda0-2c0fa24daa41,Eayqzrcopsflc,2024-10-13 22:33:19
e7a5a0b0-b9e5-4bd1-862a-9f633812deda,Ttpsj,2024-10-05 04:45:25
015d8937-1b23-4761-8c29-f91777ffe7cc,Ybwpkubpxrmnghf,2024-10-02 15:56:39
b1705337-32ef-4590-a809-a1b488e45ffd,Rpyuyonhcsp,2024-10-11 01:06:24
333eec4c-7490-43a7-9d30-659a88fbbfce,Cvypuyvjqbjzr,2024-10-06 02:06:36
1f4faf62-ecba-4627-8177-4b43bb904e0f,Vfagvxlxcptw,2024-10-26 16:10:39
8cdd70bd-927e-4dc0-a459-f75c3ee992f3,Wvkigalcmlehx,2024-10-23 22:49:05
56b8466e-eee3-4db0-9fda-182fb7d26863,Qryomanfzf,2024-10-28 20:26:08
0f734202-2790-4afe-8aaa-fb6a07c5bfd7,Ksvugmzbcxqef,2024-10-28 13:10:09
10b6aee3-3045-4040-acb8-a69408a0d9f5,Icrvsekh,2024-10-09 02:28:37
6ede791b-7dda-4fd1-b809-7aa758e375a5,Aejgggbfbjqx,2024-10-10 09:50:41
17b835c9-68db-40b5-b15c-e02552d15284,Qtugrbiiswukpc,2024-10-20 11:47:37
65d4fc04-a2a8-486a-9f8a-7804f20a4305,Shuloghib,2024-10-03 08:01:17
7e6dbba7-a762-41e9-92b1-d5adffd6cf12,Fascndrugwam,2024-10-06 03:23:46
4be8c888-14d9-46e3-af4a-a8a990e3c3ac,Ytrzwkoz,2024-10-18 04:58:27
2a0ea170-7b01-4d75-ac86-c2c512385e65,Kovemd,2024-10-17 05:42:23
dc4d7d7e-178c-4130-aa9a-c035314445fd,Gbpogacvpypoy,2024-10-14 04:49:11
8f019094-9442-4b28-99ae-f4c3747e7839,Lsycyznxuu,2024-10-31 07:51:38
c930ccd1-4836-435b-b9b3-904cdc0eded7,Sjtiiqecphijuyt,2024-10-25 07:34:13
83314813-1007-4e6a-a59d-121390c94710,Gjoliwe,2024-10-10 13:20:58
3d6ba1be-a205-4dea-b5eb-ec77308b8308,Bnhvvy,2024-10-22 17:29:49
ad75293a-827c-4c1c-a743-82ff2d0dadae,Lkhrmo,2024-10-16 07:16:52
ed2b20f9-9a90-4d8b-a784-55152e3ab1e3,Rjtquyxb,2024-10-08 15:29:15
7b0cf92e-f633-4814-987a-7f88991ce418,Fqowsditecreekc,2024-10-11 00:43:54
f0cdefec-06de-4200-af9f-996b4d0f4837,Cxurkmaexxe,2024-10-11 05:52:47
4db8e1fc-6a1f-408e-91fb-492e8089c31e,Yrkkgtjtftaybkg,2024-10-29 04:07:09
e70617a6-936d-4956-9b93-690710e3cbdb,Yzqwd,2024-10-07 06:24:15
a9c0b25c-8c47-485a-8094-4c6c2c9f86fe,Xqvpwoclsudude,2024-10-10 09:48:41
c9f4b308-68d9-41d3-929c-e1bb6e5ae6e6,Uoeih,2024-10-02 22:45:57
b0b97171-6377-4513-aec8-120d1c782f3c,Rbrin,2024-10-27 06:09:50
4abed2a8-4b14-4d0a-b214-45b15791a25b,Cnjcvzimycwcvp,2024-10-25 22:43:20
a4404461-b691-4cbd-81d9-f03199b16e10,Dicgzmhhii,2024-10-03 15:18:54
8d85eb05-f8a7-4ba6-8b16-90272df39317,Exmzkncmqfrl,2024-10-28 09:12:18
2ab2a458-0d9c-4b42-a249-e76520f0bdaa,Snrkglg,2024-10-15 11:37:59
5db2468d-5425-4916-92df-7d84feb32627,Ddpajeufwwnspg,2024-10-22 22:13:55
b6461ac4-8a58-4ade-b924-84700c2dda7a,Fgaoxccq,2024-10-14 14:39:00
5139b755-429f-4cc1-9815-f7e2c443ef40,Dnihamk,2024-10-12 17:14:54
5d118add-3bf3-426e-ad35-957be5a7efeb,Dyvpezkp,2024-10-26 02:06:41
09797cc2-8dda-490c-9a76-1b0ffd460418,Fuanx,2024-10-23 21:49:04
4724de2b-7e07-4a80-9654-3603af0ceab3,Ehjrjyevaok,2024-10-01 06:43:36
bd88f5ad-1be8-4f07-ac82-9f666667790d,Jeugracjrpyyn,2024-10-06 02:36:09
95b4173a-a772-4d1f-97e1-e529e96ecb8d,Lvzjvwjwubm,2024-10-14 16:09:47
631231b6-420e-4de5-9044-c6d09f52069c,Xgodoypuow,2024-10-24 02:12:50
bdfdc661-0313-46ee-9826-756eefe1090b,Jcywq,2024-10-30 17:40:43
2d3a92fd-d856-49b8-9f25-d7ba35dea155,Xrfnqhm,2024-10-26 23:09:42
5dbe2681-e8cb-4238-90d5-861f9833c3a5,Dxddmjdxunv,2024-10-29 23:58:57
179f05fa-e147-4740-9a01-9e44293fed69,Flxcki,2024-10-05 08:05:36
9c0a7712-b1f7-4ec5-808e-36a536f89c1d,Kkkecjlpvkyow,2024-10-10 01:40:23
5f45e00c-e2d9-49e4-a398-4186851bd97b,Qxpbpluwpkvtg,2024-10-25 21:40:09
7b3bd4c8-1aac-421a-95a0-cffeea313600,Wrmotch,2024-10-03 23:28:32
6cc6dc11-6d45-4493-aa09-e541858610d9,Czvassunphqa,2024-10-28 11:35:35
3f36c6ea-5a40-49ef-bf04-ac225a47158b,Jwblr,2024-10-19 17:09:56
5540d246-78f5-48a2-b36b-22b2a99dcd6a,Gnonsurzlmz,2024-10-29 12:15:52
952d9453-a5b9-4e44-a80a-8b26b13a6812,Txohnaraxb,2024-10-25 02:45:53
32fa62db-e37b-4d56-aa9b-3c809da8f9b2,Ibjqhj,2024-10-17 19:26:47
03f789f6-e21f-47a1-9653-3ce3c7502f3c,Ovkkuuaokygyo,2024-10-03 19:27:41
90488131-73ff-46bd-9bbd-4554b5540a2e,Gaupmbwetejs,2024-10-04 19:49:24
250007ec-2aa7-4c97-a132-069adce0801d,Vxwrsdsmzdohvg,2024-10-08 11:36:52
ed70cdb1-6509-47a6-8614-1159b7e60921,Tytjd,2024-10-21 20:41:25
3ceb8faa-7f3c-4229-8e39-f895b3d3ff43,Gbkjg,2024-10-03 06:45:09
0ce3ddd2-336c-436e-9de6-1cfe96a128c0,Inadaindlqpwymh,2024-10-09 11:18:55
ae000210-2f8d-4853-8ef2-39056a370c6a,Hwygpwryhb,2024-10-01 10:23:55
2a91ee7f-4cc5-4980-9a7c-cb37bc184773,Rphms,2024-10-16 05:54:35
6ccad2ba-43eb-42a0-aab1-33b7015836fb,Nxamp,2024-10-09 01:01:23
4830e2f9-7261-4406-b2af-d09ae6ab61fd,Mzbkxxkacqn,2024-10-02 13:59:40
3fc7f189-5fc9-4ec6-afc7-11022d3a42d0,Skagwsdvj,2024-10-22 13:51:48
3a6029b8-ab3d-49f4-bb4e-0e99cb29b8d0,Sffxvcrknkrryz,2024-10-15 01:27:13
758ac095-8a7b-4b07-b806-a62d36e9e4e2,Rdlecccib,2024-10-17 16:29:40
964dd8ab-daf1-4242-96ce-e652458d5784,Kezsyzoe,2024-10-09 13:51:43
52edfb96-5cbc-4658-ac3c-050ff1a0f0df,Jvvyvnsfjjs,2024-10-02 08:38:36
8c5724ae-e34c-4b3c-8978-e8991332ebda,Eoofxqll,2024-10-02 16:16:58
8b862f9a-88b4-4ffb-9217-dd5a65ee3528,Xxqejaombdb,2024-10-29 00:06:51
d6d546c3-56a7-4335-adec-898013340deb,Edmreoluejrrd,2024-10-05 08:07:32
6ff72b3b-029a-428b-9e88-f8b2714fe60f,Zcpysytjbmydjks,2024-10-07 00:58:31
b02d2c3b-e2b2-45c9-ad88-6f213802bb63,Hngqapoxf,2024-10-29 06:56:13
09b10b35-15d4-4697-a154-f5a8c6bcb15d,Gtsomufeirdamy,2024-10-31 23:42:09
dd7d9a80-c32d-47f9-90f5-575e97083973,Bzbrgjownemjupv,2024-10-27 16:47:35
7ef3b8fa-417c-4e0a-96d0-93d5529215e9,Otltgmyfx,2024-10-24 16:45:49
0dc06438-c039-4847-b3da-cb6791808812,Zfavyatjwn,2024-10-09 21:01:18
67bcee55-1f97-4bf2-965c-3bd9e5bfdbbd,Wlvsknmbgoqh,2024-10-26 11:55:50
1316db9f-6bb0-4751-b6b6-0a7c273a9369,Pfymnpcgobxmrno,2024-10-18 23:34:47
a8ed5114-8956-41a7-869d-f31772190096,Ijplkf,2024-10-28 16:37:51
934ecc59-74e0-4512-abeb-f66afbc8d495,Inzbmrazypyjw,2024-10-10 05:55:24
15d455b2-ce9d-4ee3-b373-03530111ac72,Wtrhwwwmqugcb,2024-10-04 06:59:37
1bf2b006-8c09-49e0-b9ed-4b0653aa6920,Pspauyzvvgqmdk,2024-10-11 06:36:09
884897f1-51fd-47da-bd70-5ce23f55505a,Auynhpnkgnokq,2024-10-09 06:31:29
bb80b9e6-2979-47fc-8a29-4cf68b0ed626,Mutrwhhzhv,2024-10-29 01:07:04
cbddee96-e657-4965-80f9-845179a46039,Lqvlmxvbr,2024-10-20 18:06:52
34742b65-62bd-4b82-ad53-2d1f103773eb,Jqcvshdeusebpz,2024-10-09 14:38:48
10828c41-9fd6-45dd-9588-18322f640a3d,Fcrvheeszi,2024-10-13 21:01:29
940d8fd7-d540-43d1-972b-9bc60535be0c,Ywfyvzgla,2024-10-24 01:30:21
b597f11c-2789-4059-adc7-a256f2ac8a43,Lzrjdefsytm,2024-10-21 19:52:36
af2a6f50-e7e0-4686-89a7-d6f978870b1b,Phhznvuqdtukr,2024-10-02 09:24:55
fed96abe-f96c-46c5-ac7f-30400a5a50b4,Tvnawzkjnwekru,2024-10-13 20:47:26
adb3778b-d9c1-4c6c-b393-dfea49145ad5,Wpedttfwcfdhltx,2024-10-28 20:00:17
cf57c23a-4998-4cad-8ec7-42b07dc7cc6c,Eybeyakmrmdii,2024-10-08 18:37:13
b78486c1-4953-4b64-8d4b-5cb7281db90d,Yqyrlwb,2024-10-22 13:27:52
58dd7ad5-899a-4b7b-8217-5bb510b57e6f,Wmydghebghercb,2024-10-01 04:23:26
3ff9e0e8-afb2-43b0-8e60-c016b898dcb8,Ycixpisumgg,2024-10-01 22:23:55
016d6259-53a9-4f56-8feb-00fcea7ba709,Wqruectfxo,2024-10-17 05:04:49
a764162d-60f2-4cf5-84cd-060dfd5f5a3e,Ncijetdgj,2024-10-31 11:27:02
ee6d7815-a0ba-45d2-8778-9cb464d937bb,Wxayer,2024-10-16 05:34:40
41901682-1d22-47c4-ba54-c4f33a486a5a,Xpyyqtfsmhjsi,2024-10-10 18:35:58
a5cd17b4-96b5-444a-8582-dfa54f9c785d,Lwpglxrc,2024-10-20 23:05:57
77a06980-1bdd-4b1e-a89a-428c58055736,Mivcspxyz,2024-10-07 01:05:43
35803c63-d519-4b6c-adfa-2b56568da1a7,Pzttyacdmdrfep,2024-10-30 18:42:47
c45a7223-39ab-486b-b781-c79e449c22c6,Etmqhzaxuet,2024-10-03 08:37:10
224c9eab-bf26-475c-93ce-80d3235d1b7b,Gymysvckphlo,2024-10-07 14:59:43
19b8588c-57f5-41d4-a2db-7c62ce5f43e9,Syukznz,2024-10-27 15:28:44
8a7e0c4a-d72e-4e45-9c82-fde768f2191d,Gexmpmmtb,2024-10-25 09:34:58
f2c92f20-57d4-448e-a939-264cf904d7f3,Ftjjhtasnuho,2024-10-19 02:20:49
db733526-2a9d-4aba-a1e7-bd129759bb0e,Fmghnvwryamooyb,2024-10-02 00:53:15
206e3141-c861-4200-86f8-565c89555ad2,Qbepflsjmu,2024-10-23 06:22:31
b9653713-94cb-49ac-ab9f-34963c021e91,Uisybuafhpmrs,2024-10-28 11:16:04
0b092903-a484-4d92-a6f3-219e6a6db9ee,Amguj,2024-10-04 12:39:40
76d84dbd-997b-4b6b-b702-5cb293984f0a,Uiizfmvkuxcr,2024-10-23 08:55:47
8b21c1af-2c6d-40a7-bfe1-9863fd5c781e,Vxiegnpogegypp,2024-10-05 03:50:30
91673c52-7427-45c8-9e55-55e52df5897c,Amuvqapm,2024-10-29 02:33:10
55d50ba7-1127-41d3-b76f-6f9e3fc1ca9f,Mibmlhm,2024-10-14 01:28:34
1ebf5d5f-8a96-4b30-ba36-53f1be2d6cbd,Pcvciilqfislrv,2024-10-13 00:02:38
42d1d97b-19a3-4204-a574-4d4cef7ed809,Bsafvgtn,2024-10-29 11:31:31
23ae8db9-ed74-4d1e-9f90-2ed383619da3,Zduqiumpd,2024-10-09 03:36:05
8e09f6af-c9df-4585-bf7d-453c23a0105f,Lajzdnuy,2024-10-31 02:21:27
83872de2-d932-4766-aefe-02ed83b6fac3,Oolvncbsvvosr,2024-10-13 19:47:59
a98b3e62-ccf9-48de-8b2f-f55f3aa466a2,Wwhojlxpmei,2024-10-27 06:26:45
80d26607-458d-4e0e-b324-c8f8eaa1c932,Ykjskimxxe,2024-10-23 22:20:56
427ef6d9-efa0-4b43-be77-edd4726dade0,Llgdwa,2024-10-05 14:17:53
b549e96c-0e0b-4975-8c27-fa285482d328,Gfgnvjgndqr,2024-10-05 19:32:42
aded373e-90b9-4018-b1b6-43b7a41059ed,Ddazzmcftuu,2024-10-29 23:28:48
52ab5fc0-301a-413b-a166-cb1ca2c36c10,Cerykzhtmvfya,2024-10-05 04:52:51
205ed4df-f303-41ca-b8b2-2d062d427e73,Mlhvd,2024-10-18 16:14:10
409c997c-44a0-4096-92ba-92f1925e3e10,Aqxzmaiklwfwpv,2024-10-10 07:23:27
1ac98bbd-9057-4825-859c-37516af9956f,Gbirbewflmoq,2024-10-21 00:31:41
593aaf20-29cd-49fa-b1ed-764bf8fd0088,Iwkqrj,2024-10-24 03:53:03
b816643d-12fe-4d90-b084-735363f86689,Maspmnocybo,2024-10-21 18:45:21
0fdfd294-f84d-4e9a-aea6-aefc2b758311,Ylnlgv,2024-10-11 10:24:13
6b4d0a6c-be20-410c-9165-9e2e5b282b6e,Tvxggfv,2024-10-31 03:10:39
34d20c6f-8cd6-47c8-958c-1f8fd1ae030e,Kdahnttvb,2024-10-09 19:15:15
42f9bff7-b463-4431-ac0c-1c252992b9ed,Doijwxzcqsxoj,2024-10-28 03:25:31
387da962-b4b1-459c-890c-12d66b9842be,Ayqchdami,2024-10-28 18:34:22
aac3cc65-5cd6-40c6-a1b8-19421d5f6ac7,Pbdfgkx,2024-10-03 02:59:02
19bfc217-a2a8-4837-b851-d378b4538620,Oijowk,2024-10-07 11:53:03
8354be84-c753-4796-8130-944d48f659c4,Ehlztiibpqokw,2024-10-24 02:22:30
e0543073-47b6-407a-bd19-ab92c6cee67b,Lxysgwpuntginw,2024-10-20 21:12:59
8d7dd156-9b0c-41ed-8992-f5cd89f9ee94,Xftlpau,2024-10-16 19:18:27
5a48b077-f76a-494a-b814-3fbec6de8919,Eswfsrcb,2024-10-13 00:17:57
33148e20-e49b-4793-882d-bc5c3634dec0,Oavzhsot,2024-10-28 02:49:47
41635f5c-5284-41d7-884d-fb797b0c5b42,Ekmoy,2024-10-31 20:25:17
30235ff9-1503-4baf-9cfd-7a7cbd513e6f,Ktkjucdqnoh,2024-10-08 10:27:19
ae7778ec-ab19-4920-b054-4973b647387d,Agawattfcuer,2024-10-07 17:55:05
82225c1f-4e56-4703-9bc5-5913a77d08ca,Tobvfmhhsoryrtk,2024-10-13 14:22:26
60bbaffa-ae44-46bf-bd28-4e57df9e8200,Hexvf,2024-10-14 16:01:42
e0188179-1829-4099-a6c3-ce7bddc4a2ba,Roecjfquk,2024-10-27 23:25:40
6bb6816d-1a2f-4da5-9cbb-f9800f47fca8,Toxlrzhd,2024-10-15 02:30:55
ddc386e3-5a0a-47fb-96fb-f5d15ff8905a,Ytvrg,2024-10-28 16:12:20
cf34e683-6711-4f75-97cc-7e408530a39f,Laamhnw,2024-10-05 13:16:26
8f65d6c0-4ca9-49dc-840e-bb16ebfdbdb6,Ddfdbgwluhnjp,2024-10-14 16:14:43
6db673e9-3735-473b-b773-b60684ed80c6,Ybxeqihdsjgg,2024-10-19 19:40:14
84a5ed45-5dbd-4f1a-a311-461b52f7bdf2,Xafirodjsnaunp,2024-10-18 09:28:32
1ab278ac-2d6f-417e-97e5-429e5474f63d,Phmklpfusrrjb,2024-10-11 06:48:40
91557156-e46f-4c52-8c51-802e2c056c1e,Pnvrf,2024-10-06 01:52:20
50d43d8b-4abe-4d85-9375-359f5e74eb60,Ajuthv,2024-10-06 06:49:29
4f1fc459-86ff-43d3-b7f8-eaa8afd0eb47,Mytsc,2024-10-27 09:17:01
277f33fe-d30b-4bce-b6f2-12d5cd891ddf,Euxamfawwrgayki,2024-10-15 00:16:20
8931e034-e499-45d4-98b0-2a643dfb839a,Dixrbmujtm,2024-10-30 08:28:47
8ca40856-358f-4f48-b3ae-4591f80d150c,Uezsemtkyz,2024-10-05 14:27:23
424466a7-cfab-47da-87c1-844d6542e2ae,Mrmjlhpoybme,2024-10-12 22:21:25
e5192392-8b3f-457c-bc62-f280833efcad,Vykzbgw,2024-10-16 16:49:24
163536ac-3215-409d-ab19-ae4b60478e00,Jcporgzi,2024-10-04 04:55:23
bec6bb8d-991b-416b-a6fe-581131a57447,Zqabfjixhwieh,2024-10-11 00:24:16
362e858a-7b8e-487a-bd25-d1848c13d172,Akxwbajumcwdv,2024-10-09 05:22:13
a41c25e7-276d-4127-bda8-fdcb98f6d99e,Ebczoqq,2024-10-19 23:29:39
bd0f6ebf-2ba7-49f6-885b-76c3fd01e4a3,Qtjwqgzhxzbokmf,2024-10-09 22:09:00
b21050ad-7a05-42da-aa1d-893586ec5ffd,Frvjqscescku,2024-10-27 16:35:23
c0124b1b-8248-4a59-b5dc-39f21f43e077,Slbxmipirw,2024-10-14 01:35:50
911026dd-0099-4e55-9c24-fd9c40280c38,Rieuwgppka,2024-10-02 23:37:13
09bfba56-927b-4c03-b522-228f3de5cb8a,Uigbskpc,2024-10-30 23:49:00
84b23032-6028-4834-b58b-86e6113b3444,Gvnheifdqknz,2024-10-21 10:34:38
be31b196-1f13-4fd5-be83-ba0c8ca38648,Wjgdru,2024-10-31 12:28:17
4cd1047f-1a2a-43e6-bc2e-585fecce64b2,Nrqdxdzxlvjkghe,2024-10-01 12:52:42
f6fab581-af76-44c9-bcb2-9747841f8dad,Srstmegaqjw,2024-10-06 01:01:02
581c70fa-7f23-49d1-9a8a-b8744e2a32df,Alntblrqdl,2024-10-06 02:57:43
32038e69-f051-4b7f-a06b-1296216cb362,Ggnmcbml,2024-10-07 13:40:19
dbe71e42-8e3c-4339-96ad-7f5bcba845ae,Rattsynezu,2024-10-06 10:47:05
f51ab99f-dc54-43cd-88ba-63e2ab6f76b0,Kucdoin,2024-10-24 23:47:10
024bda48-cd06-407e-bb3e-f076808d6abf,Ccjtjclzh,2024-10-14 11:29:03
4e2bf08b-e284-43a7-a7bb-0ba3f0ea9afb,Kamowqtldru,2024-10-29 19:15:13
4e73339e-b3bf-4038-8418-944d48fbf558,Nfzyl,2024-10-20 22:10:51
709a965f-e2f8-40b3-bd5e-601df72a367b,Vwoodlwhzd,2024-10-20 15:23:05
25371847-fefe-4ff8-b8b8-bb72a221647c,Ugfehvbacdvxhqi,2024-10-07 18:55:40
c411dea9-bf93-4c6d-96bb-a969305278ec,Vsspvcjhna,2024-10-27 02:18:12
7b55ece0-c810-4daa-af4f-de53046b9d70,Weydtdgmrftkmw,2024-10-26 11:16:34
b8b13ba5-108e-4c94-8478-c4bc67a75daf,Bxyrtm,2024-10-09 00:27:58
9565df02-3d06-4887-bead-e466cc6b5674,Mrluhj,2024-10-04 15:12:20
fde6b46b-3785-42df-89df-e84dcfb0c3d5,Bnasazauoprzwm,2024-10-02 08:56:50
a90fe19a-1b18-4950-b662-037d8c36b58f,Cmsrctkjilep,2024-10-05 19:04:14
8518bff8-1ff6-4f59-95ed-1c2dcfd431a7,Qsostcl,2024-10-23 23:20:48
e7533367-56c2-4eb6-a542-d042425fccb8,Omsbthfu,2024-10-29 09:13:38
43b70bd8-c67f-4d0f-901d-fb59c8f3187b,Ipzude,2024-10-09 16:30:15
ed9fad56-263d-401b-b067-863165d3b8ad,Pmahplhcujr,2024-10-21 05:50:32
7f530828-fb6a-4251-a861-cf5fabb0dc14,Zjwrxxsnhup,2024-10-05 22:07:11
6fa7b292-d47a-4f4a-b3a6-12dd6b6df562,Gcvratvtlwc,2024-10-25 23:10:07
2232687e-0ca0-451d-a159-8afda7f7d39f,Ssgtzmflae,2024-10-20 07:30:42
da7b4def-35f4-44b7-a0a5-54148da03e27,Hsaqpzlibfu,2024-10-01 02:33:07
402c24e0-41a9-441d-a5ff-32ef239a50ef,Lglipah,2024-10-19 07:01:12
f915de5a-5bca-49b2-b521-66420ff03e34,Nbdlzcre,2024-10-10 08:41:40
2ba02874-3bb5-4c02-bb5f-c67e4554ecdd,Kpchrujyibd,2024-10-26 19:57:19
39811634-cf08-4c7a-883e-14d47799c6e9,Ncasa,2024-10-26 16:03:50
fdf98470-aab6-4b14-8774-00e851421b08,Hnuuovqc,2024-10-26 22:23:05
bffef2ac-008b-4637-b7a9-531c5c375cc9,Hbvqysoqidyx,2024-10-30 14:29:36
cf3fa819-93d2-4aa3-be9e-82148030a9b0,Cosptundxymwvmj,2024-10-03 23:49:51
0241b3d4-0dc9-4fb2-9a0f-e74d5dfeb4ed,Ilkyxjjj,2024-10-22 18:07:48
a6dcd783-d0f2-4480-a611-5b4136307353,Djfjdpaonzn,2024-10-11 17:18:22
5835d0e4-1058-406c-a10b-ec169536e587,Lpthuofwpeki,2024-10-10 17:46:25
71418162-9c33-4e80-8aee-f8f372c8748a,Xiluzsqn,2024-10-06 17:13:25
352b0ed7-4e19-4ac7-a9ff-d38b9f991d4e,Rgkietbwvxpcxjc,2024-10-11 11:19:19
cb8c8f76-5c1a-4823-af15-a9ae28a053f0,Dzrosxkp,2024-10-18 18:09:16
a3441fcc-f9a5-467c-98c1-25e5ddac5a0c,Kooyp,2024-10-23 18:08:18
65c9a0fb-ee49-4659-bb18-f815da327ff4,Audruahdbqx,2024-10-06 19:55:41
99aec3ba-670d-435b-bcb2-3fd9e48de76d,Ymoxumr,2024-10-30 16:19:54
7062827c-4e63-40d2-bc81-7b8b8b38eb9e,Asflqlmhyumec,2024-10-02 04:31:35
981199d9-5e65-4643-b152-4f80ccb5e8b4,Ppxpwajjveczc,2024-10-14 10:56:47
185c7ad4-23b2-4cb5-b436-688db2be5a59,Epxwfz,2024-10-25 21:22:35
8610c44d-2c60-40a0-b02d-3ab311208cbf,Kxnev,2024-10-26 14:54:03
08eebf83-dce2-405f-bef3-fbaec88b0db6,Rcqmqomsgqssifo,2024-10-07 04:24:00
3b4c6d24-4ed0-4cb8-a58f-261d65d29305,Venvy,2024-10-09 01:53:32
c75a045f-08c4-4fcb-8ee7-d84bac98ae5f,Bykfvazhel,2024-10-03 05:05:34
61a6bc68-f892-4096-846b-22c46f54a72d,Kslkwd,2024-10-09 21:42:00
0fa78a37-998d-4586-baf7-02fe4c6ce2aa,Gtlpkpbdgovy,2024-10-08 05:40:41
72630826-c34c-41a0-86a1-ef658e3a5224,Bktjlqgm,2024-10-01 04:35:39
ea30dd28-2e98-435f-86d0-fe94f1ba6aa4,Qgjerprht,2024-10-03 15:31:33
b19f2921-5cfd-4c68-b892-cbf98fe8f988,Qkyiulvrqub,2024-10-28 03:26:08
551b7438-1c47-4625-a89b-17066ee54db4,Fqagl,2024-10-31 15:36:47
ed36eef9-633c-46f5-94b4-a7154136df76,Ielbit,2024-10-28 00:41:35
11494b07-0904-45e6-bd5c-7368b80310b7,Zaaptdxfk,2024-10-14 01:19:08
0d08cd35-fceb-482b-bd3d-b7fe850d34f0,Wjrobookbeuy,2024-10-24 06:18:02
f6060c43-6f61-42e5-99a1-22d96f8bdfef,Feiuvnkkk,2024-10-29 10:46:33
7d087c5e-959b-4b93-9d96-97f4213b751b,Qhnoyrig,2024-10-27 09:01:30
451c4029-e15d-4379-b5b9-85e2cb665c90,Sbnqfc,2024-10-23 09:59:57
90a23012-4c8b-47af-8e7c-9601698c5e62,Fnlfftevikvwve,2024-10-28 18:06:58
ecff2988-b000-4b69-9f63-0df559f43386,Uacefpqlaftjguw,2024-10-13 07:34:20
bc7d2d64-b2f5-47c4-91cf-ca80949629dc,Mvcqenyxbf,2024-10-21 13:18:52
7eada1e0-ad5e-4ec2-b52b-c84f9114a39e,Xeqysrxfx,2024-10-14 06:35:30
b2d9e33e-e1a0-469c-b224-a9d7e52fc9e7,Gmwtuhxd,2024-10-04 07:56:29
130ba101-f073-43f6-a1d7-62c0eb78de66,Aszjvqcu,2024-10-07 22:21:58
ab85edb5-5410-40ef-b8a7-bcde2db7f9e4,Wftxfnqzp,2024-10-14 13:29:50
4181a039-5330-441c-b32b-a76eb374a0a7,Pokxhdnccrhanq,2024-10-16 07:32:04
64c45faa-5bd8-406e-93a3-bdf5d9180ae4,Eqsnnmxetvq,2024-10-07 21:59:04
909f6094-e15a-4bf2-8039-15bebdd246d2,Hnpulmvopb,2024-10-04 03:07:45
dc8d74c4-0b4c-4f45-a987-c3c6221ef616,Sjmwlilerlt,2024-10-22 16:31:22
57ce9f15-070c-4668-ad4e-ceb8ff2dcf43,Wvbfvts,2024-10-20 07:20:47
35642214-7ae2-4ce7-80ca-a6fff406503b,Eohadaump,2024-10-25 10:04:57
23e58df3-1122-4f4a-98b9-cdc7c91d7b05,Qkrchjmo,2024-10-23 00:29:44
3c02d216-0485-4084-b106-73cc69263336,Dyvvh,2024-10-23 20:16:18
492e8714-1919-4b82-8a3f-11c64dcc4efd,Cwimrhsnstnjx,2024-10-31 07:26:12
e91c6fb6-3707-4a57-8756-52dedf16bbee,Wjvzauawfdbgbb,2024-10-11 06:12:46
e0e05a3c-0d19-4ead-a652-c8ca5e1a06a6,Mxghztkta,2024-10-01 08:19:50
2523a1e9-b54f-470f-b3b2-95586e22bfdb,Doxixdp,2024-10-24 22:45:14
1e4ac83a-30d6-4580-abac-7bc6e007bd71,Juahcvsqriuqz,2024-10-31 14:28:29
dd208d53-5acb-446d-b6ac-73ddb7de7a39,Xcefwn,2024-10-19 01:39:35
8ab8f1e1-47d9-443a-8f16-0684c337e0b1,Hpvrhs,2024-10-03 07:17:35
661d1752-2006-4046-ba6a-53a31a3f507d,Vrvbeuuiwahl,2024-10-17 22:25:35
4d313ee2-0afc-4312-a0f5-0e9472a3482b,Rljrhym,2024-10-21 08:37:28
5751ead9-b3dc-4e64-a58a-157a48afb924,Uflon,2024-10-09 11:41:49
547e40dc-bb27-485b-91c0-f8eb307127c5,Mbsrbllzldthfni,2024-10-17 09:09:23
3477feda-38b9-4c22-9d76-569c2c304f13,Htekupk,2024-10-11 03:36:26
0e8a43b2-195b-4125-bb52-3c091c26c794,Tmfigtolzy,2024-10-16 08:49:56
cc40178e-3432-4e40-8823-412fcf9b7337,Htrixoojpu,2024-10-03 06:07:57
11960f7e-4db9-477a-a17d-1d9a7d433e0f,Utfzpsedgdnv,2024-10-30 01:51:12
cb18e9c4-b2b0-41b8-9c1f-d7c1a07e72e4,Nejeosbtnqrd,2024-10-19 06:09:38
0c663108-22c8-482e-be2d-a48e442f40d6,Densrqzekhvz,2024-10-19 15:49:07
9ba3711d-1f8b-4cf4-a0d0-402c9c450716,Emszzmnzmcdh,2024-10-01 21:58:31
f73cc8d0-9ac6-4bcc-b816-a0cdd5990184,Ajmjhcfbpu,2024-10-21 18:30:01
690a8dab-8ba5-48a1-b9e3-5f8307d0bf30,Ezbbgpq,2024-10-17 00:41:52
af031173-d892-41f5-8b34-ca73f32a48af,Ugzbdqt,2024-10-24 15:26:28
91b7181c-8c9b-46d6-a1d4-53ef1c5cc8e1,Axxpjlmluwwdms,2024-10-03 16:48:46
ebda772d-7bb3-4129-a819-e63eb3d6a51e,Wooofpkjmcjwoy,2024-10-27 21:34:33
b93cd5bf-1914-49c6-a77e-59a9fcf3929d,Btcfxjcyx,2024-10-22 21:10:36
1ca7fa5c-3014-45a9-b66e-425a8db6bca1,Dfvpvgwkbfo,2024-10-31 20:33:08
0eccf7bc-b19c-47e0-81b9-47fc0c367cfb,Bvfinaormaj,2024-10-21 06:36:22
eef5be82-8b65-44bb-8380-a9c891e1b51f,Reqindttlcjsva,2024-10-31 10:30:17
fa6c547d-48b0-4a21-bc36-0f13c3caf506,Ndiwamkevutcyxn,2024-10-21 07:28:10
7d731742-0448-432d-b8e4-784b6183efd0,Qqtdq,2024-10-24 23:42:45
34434a7c-8417-4acc-b692-b514415f889a,Ukdbxgzpbdmyl,2024-10-24 18:22:40
9f271808-3c1e-4800-a358-de7b7830f3fd,Kpvaokyntbnigp,2024-10-31 00:47:08
76408074-f78f-485a-a0d4-5bc13cf3c35c,Crtvzck,2024-10-27 22:05:03
9c136e02-2a96-49cf-ba04-fb8663cee2ee,Alcwdzleimsdhc,2024-10-31 07:03:12
37eaaef9-a2ca-46dc-93c9-5236b577c482,Nuledc,2024-10-24 21:50:53
2de79bc5-f733-4969-bcc3-5123e21ef5e4,Qbnnwarlmh,2024-10-02 05:20:33
1dbe98af-8228-459b-a365-bc25fe5bed65,Gkjevis,2024-10-31 03:35:52
bf67dae8-bf56-46bf-aa9c-7209856a23eb,Hvrjzy,2024-10-24 07:41:42
bbcd2cba-c8aa-47c0-88be-d20607486d71,Dagzgn,2024-10-02 02:50:44
36f9b53c-8e1b-4a16-833e-5f70eb266607,Uioat,2024-10-20 11:06:47
add644ef-3581-4213-9e03-c98efcd7351d,Movxlgswdlqdrfs,2024-10-10 22:41:33
3f4b25db-1ef0-4d6c-9153-f3e211a6300e,Lfsjvpeyvfmkjz,2024-10-14 07:08:22
242be1f3-92d8-41be-b431-e8c2006fb9ea,Kihjsyi,2024-10-29 01:50:39
9c1e6b1e-6afa-47b0-81fb-09b761e667a5,Pyizngoiakqdmjt,2024-10-28 09:24:43
ce86c199-1c53-4b34-aa24-d802080b56a6,Uhlvnoy,2024-10-04 04:30:22
2c843385-45fd-46c0-8a33-376d9a6ba902,Xjzaqwsgalzv,2024-10-31 19:55:06
8cff804d-7bd4-42d2-9315-5376a66e2161,Bfnppip,2024-10-07 13:29:16
d6538d4f-76f6-44c5-9959-f5303a1d7185,Tgqbsxhpguh,2024-10-10 14:04:13
4f37979c-8ad5-4a4d-a412-b0041f5d3534,Qdsytwji,2024-10-19 16:04:20
d89539e5-42c3-473e-9f76-4b0660f2624b,Cqdpx,2024-10-04 16:37:18
b67fbbe1-8706-4e7d-b570-27c717f4a54f,Ruxww,2024-10-10 21:12:44
093263cb-0e7d-41cb-930b-a0fc2d778ab2,Emekpxij,2024-10-27 08:20:50
57b50974-2034-4b2e-bf26-ced295c33be3,Waqjzir,2024-10-16 20:29:08
1fcf52b9-e442-4480-93f8-3b402b37d8eb,Ruqlfwowczpbt,2024-10-16 21:34:46
e99efc74-c9d2-48cb-917c-835d74765cb7,Mflhd,2024-10-24 06:01:50
cd219527-82c3-4592-ae23-5679bcbeb627,Vbanas,2024-10-28 05:44:14
fa068de2-a0bc-47b4-839b-ec6cab8a505b,Rqmvdfnmr,2024-10-08 14:16:13
c8ddebba-14e9-4041-a27b-b86fcbd71517,Wlcslt,2024-10-02 15:21:50
a195a1c3-85a4-4980-967f-12c7bb44b1b1,Trbyhme,2024-10-06 10:03:44
d1c59223-c4ce-4b37-938b-061555273d25,Dedvgesryte,2024-10-20 13:00:16
818aa214-0df9-4868-89cf-d583dad24745,Awmqr,2024-10-04 02:29:26
6391ebd7-8424-4af5-9ae6-d3173f70a902,Ohpsjjaeksx,2024-10-30 23:20:07
b9d79e42-0375-4b94-95d2-e34b8b2bf508,Vuqaxyhbtugpsfc,2024-10-31 18:35:32
509a3c4c-8a7f-45fc-987a-9a253ed88324,Ittpz,2024-10-18 10:50:34
c0e1a4de-515d-4ae3-9e30-3e4c65cec401,Aukxmmvb,2024-10-15 17:31:23
f893e792-5904-400a-bd1b-15091e992af4,Qcryjrujrpx,2024-10-10 00:59:45
c02c2282-bfae-405c-90e6-78e96a29dd6e,Wdifjqitgimfb,2024-10-17 07:15:39
bd5e0d2f-def3-4d4c-ac5e-143310014511,Luvhad,2024-10-26 05:51:43
122489fc-d6c3-4a26-9781-ae1ecc4e5d03,Bhfnmigwqv,2024-10-14 21:07:52
7d59978c-f3b5-4748-ae06-56fb1671676c,Nnmhqub,2024-10-10 22:40:21
b5fc71a8-2319-4281-a387-316cd1cdafa4,Mevsjas,2024-10-20 08:42:54
be39685a-1b15-44dc-8ca2-579d50d125f9,Zagjbkjhrkkuk,2024-10-10 14:43:19
301a9ec8-c8b9-4435-8ed6-dfe914d274dc,Xjoqlahfk,2024-10-19 21:57:29
a7d72c4b-7034-4ff9-86ee-915a0d360d42,Hkyxazmffko,2024-10-30 10:07:49
14ae659a-3e85-48c0-8f50-76a7bca3452d,Dxteogn,2024-10-17 14:17:37
7e71cae4-7294-4176-b331-7df9235bdc75,Qskil,2024-10-18 14:19:45
a1ea17af-8602-4eb2-bf4b-a7cebcd489e5,Rwoqmvctrghvo,2024-10-28 03:37:34
929da833-1076-41c0-98b1-61e4cc1e532e,Oqlctm,2024-10-05 21:06:40
45b0a468-72f6-48fc-a6b2-afde266e7d9d,Vcdnimdqvce,2024-10-30 16:19:06
fec85c01-32ff-4717-8aca-10c20693ab63,Ntchwalcy,2024-10-24 01:43:35
aae59519-f4b8-46af-8dea-093fca102cb9,Dsxonnlh,2024-10-24 18:21:11
dbd5e8ef-0a09-4b83-ad04-4cfb00d08a02,Fppwplqyt,2024-10-27 20:09:07
b8fdfd41-50fc-443e-98be-e434b2732e41,Zujpzm,2024-10-25 02:07:54
c1c0f7e3-478c-4dd2-b3ca-36442bd20b37,Jxroakwtozo,2024-10-19 23:53:17
b8022f1e-2a43-4af1-b753-01dc42c6425b,Uttnhnl,2024-10-22 03:22:19
53a70137-1629-4d62-abb1-28c2af52131d,Umdzpoqgbr,2024-10-09 17:17:06
093ffa1b-c94d-41f4-a2e5-232e1dbf634d,Btpnfywqkggo,2024-10-26 08:46:11
33f747af-c7b6-4b81-bffc-37692b922daa,Oenodyufryf,2024-10-31 14:03:56
2f4e468d-7fc9-4e51-a421-b35634b8a22c,Bgfyqhgjj,2024-10-22 16:07:28
0203accc-28e2-4bfe-9c29-5ac049d8a1e7,Wasanknghcfahsa,2024-10-03 08:33:14
2d4483b9-5fb6-4e6d-a0ff-d704471fd89f,Kjnhylb,2024-10-26 15:57:57
25503f58-8bd7-4505-9748-c983b232dbee,Fxrobyfztrqkqi,2024-10-21 18:18:35
9dd0f80b-1a90-45d0-acb5-a01be7e0fb4a,Mnzbothjjr,2024-10-16 19:14:32
03e6a431-a78c-4e3e-a524-d266c503c859,Jsufkzcl,2024-10-15 00:54:05
27778612-27c9-482a-b60f-baed0d47b1dd,Gnclqrhi,2024-10-09 16:23:01
b19e61ce-ea89-4b47-a5f2-d290f7d2c2e9,Awvmivbnfwa,2024-10-24 05:33:02
482f7c1e-e205-41b6-ae41-692b9706b224,Dbopmzri,2024-10-20 17:53:51
5402d148-a397-462e-9e6f-b02166b4041c,Eywmlyacfrtxt,2024-10-11 12:15:10
e862907e-cbca-40c0-8aae-4dd6c6b76e22,Oyreokkteqnc,2024-10-13 10:45:52
b4d20883-037b-4789-b8b2-57bcd57efb2c,Dqtnkmivxolyo,2024-10-05 09:44:10
fbfca34b-1c91-4857-82ba-760c948b9215,Uqyijpvb,2024-10-13 22:25:12
470500c5-70d9-4514-8859-9ca9f0b49191,Zrpeqwt,2024-10-10 04:39:52
409a4d68-7fa8-4b02-abf5-a7360b9dd364,Koawnenhaitqho,2024-10-26 20:33:54
fc298933-7eae-49eb-b8d9-7cb78794ccab,Oplqircbls,2024-10-17 16:19:10
3c12cea4-d74c-4491-9097-7d6b566b862d,Lpgisvayz,2024-10-01 22:30:06
fb357418-59ec-456e-a851-20fd184cbd38,Umqbbehhwxd,2024-10-08 14:51:11
5a58f710-4023-42f2-8afe-8b471233ea65,Djqmqwgmjzdbjf,2024-10-29 18:23:07
7c845471-b69d-40ca-994a-641d3d141830,Uyjtji,2024-10-07 02:42:03
ba2d62cc-55f9-4588-9e06-e7f111ef2452,Yvznrfixdfswtxa,2024-10-23 04:54:27
6d5a1ecb-63e2-45af-8f5f-253b91aad089,Xcmhdtduyjetkyh,2024-10-14 22:45:15
7645101f-1210-4b1a-abfe-34b38a8f228e,Jjlqaeoonc,2024-10-03 11:18:43
b71dc989-fbe5-4c03-9763-747acfee963d,Tofrzp,2024-10-08 01:48:11
6df2e2a8-0c6f-4eb2-a1dd-bc7bf1c00103,Nvvca,2024-10-21 12:45:32
a98bd38e-7c50-4c14-ba56-7f626fcaab5c,Polflqwcopu,2024-10-31 22:50:51
2b8da630-f6d6-487d-8a4b-cb5a08ed3b3b,Syhfofbz,2024-10-05 09:28:21
22780619-c08d-4c1d-80e3-2ab93c4a7ea3,Irjyzdwbaii,2024-10-25 03:22:15
c9834f6b-2737-4bc7-a178-9da8d6593ac1,Idjgcfiizj,2024-10-06 23:09:40
17126b50-022c-451a-abd3-e0c0db7e18c6,Viyvszbx,2024-10-05 14:19:49
6dc0fd23-1303-448c-923d-ee7bdbd50a06,Jxvxos,2024-10-02 08:03:18
cc400b66-769f-4932-bdb5-7f326a9ebb4b,Wwztbyvbmapyg,2024-10-19 08:17:28
96dcdd0e-de10-49a5-aab0-041daff618b7,Hnckqnu,2024-10-27 21:18:05
af8520c9-4cab-4582-976b-875a9c92965c,Prtimteu,2024-10-20 16:50:01
3e091d4c-a941-4902-ad5e-ca009330c99c,Hbptsrwlftdh,2024-10-10 01:44:54
17c547eb-4b44-481c-80f5-0568996f97f2,Pqftetjabsv,2024-10-04 11:47:13
ff4039fe-09e0-4842-91e6-556e8ef057b0,Nqytvcijm,2024-10-01 21:49:17
9416b802-5993-4843-8fcc-da347d4b3a9e,Ybxshxstaeqfuv,2024-10-13 08:29:12
e365a2e0-0a8d-4c28-9695-eab586a85029,Tigphessnrk,2024-10-05 09:12:50
586f447d-8294-47ee-99e5-381035c97ee5,Wvtfgf,2024-10-31 16:50:11
3b3421b7-ade8-4a5a-9058-45650c982f3c,Rubawantmsalfwd,2024-10-13 15:05:22
a6f57a1e-2459-4d56-b9a4-3f459d5d6120,Ajdvamoruuz,2024-10-17 15:39:12
2d09967d-294e-4578-889c-b0a4f58e8733,Xafyt,2024-10-29 16:18:47
2ebd0bcf-3501-4c52-abf0-96df142d3b4a,Gzckalivzthu,2024-10-16 19:17:17
721d9a9a-5d60-48bf-9988-b8918d3a39f7,Zptmglggnszkgi,2024-10-21 19:01:36
931c9add-9837-483d-81ee-d63184c85078,Joytiu,2024-10-11 20:27:08
c74998ec-ca4e-45a0-b7a8-0b86d3f1c823,Laghyulnqa,2024-10-06 02:40:34
2686ed27-aa51-4593-8632-57179219a395,Xtytoxhghjkorbr,2024-10-09 01:28:42
d4b80079-9284-4df3-b6db-17a00811a626,Nqhdktsmoi,2024-10-29 04:14:18
9905fdbb-1edc-497e-98be-48c24d853eb3,Oeelblg,2024-10-22 14:09:09
9dacb4cb-23f1-4bea-a77e-7dab6af15059,Yiezuq,2024-10-10 17:03:29
c9dd5497-ffe3-4e3e-b1e5-acac5800ad3c,Pznajjveniwvao,2024-10-24 04:38:52
863bd187-a4c0-40ae-b8fd-fe3f219f6ce9,Sriqhjzwg,2024-10-08 21:52:51
5397bd31-697c-4672-9b07-457715c223b4,Ctngklo,2024-10-22 06:23:26
b2470de0-dd92-4796-9903-e7ddf9d71c1a,Gyuquawypmk,2024-10-24 23:10:23
653c8b79-348b-42c2-abd4-23b20699fadf,Zpgbprjvjebg,2024-10-13 11:15:11
7b63822e-97b5-4d87-a22b-6360e41c29c4,Bnhzvptmkl,2024-10-24 20:04:35
5dca3452-acc0-43bc-a628-ef846ef077e2,Ndfwwfvmt,2024-10-02 21:12:28
9ec8f2e6-614c-4824-8868-1f02faf76d35,Anailw,2024-10-30 20:58:12
6e017ffe-58f7-4b32-959f-24226295021c,Oymvrzewepe,2024-10-28 01:09:28
1afd6227-03b3-4a1e-abd4-7e95f3b87029,Wfrjvtu,2024-10-13 07:53:18
6ba4d9bb-5447-466c-a6ef-275c593185dd,Qhkduyjpdrj,2024-10-07 20:08:44
806f9471-9348-4af2-aa09-d8963d2880e0,Lowwvgbn,2024-10-25 19:00:37
8b2d96b6-d472-44d6-bbeb-49276e7bac45,Ihshf,2024-10-31 17:17:48
7aa52bc5-df1d-41f9-a1b8-3bda74ca0111,Yytknoca,2024-10-21 13:33:14
fab0d9b0-e6e4-4183-875f-61e7ce2c7e66,Nmgwrywuxxc,2024-10-18 17:01:46
214752b0-9deb-41f6-8c91-c4ecde68f831,Pvcnmnld,2024-10-28 04:26:40
9316a076-e00d-4959-b1ca-90d33ed4b53d,Rgvdpncbykk,2024-10-31 04:21:33
bcf0aab2-fbd1-4ee2-a2ea-ed1556141a08,Wzshrujfdgy,2024-10-28 16:53:04
a0dcc789-aa8c-40d0-a979-d38bdd517790,Xqzpwimmgylb,2024-10-09 00:55:22
b0c9fed3-1d47-4aab-ab89-2468e8000f6e,Xavoxa,2024-10-23 22:22:47
62bdb566-16d0-45e4-85fa-c425b5b33f04,Bivhrpypnwxqp,2024-10-29 06:50:45
ecc02f38-9cb6-4c0d-8a04-7ccb4c648d17,Dqkjqsp,2024-10-05 08:32:17
80db4620-d332-49b5-8362-d225c54f9a9c,Jrkfwjikshvjjqj,2024-10-16 04:18:10
8a70e714-7006-4ce9-a594-2a4de321f549,Jbxdxmtpxkt,2024-10-08 02:45:12
f37f428a-efd8-4124-8c3b-226b05ed9e0f,Jtihfoub,2024-10-13 04:38:05
cf56bbd8-5902-4f6e-b924-6f5cc3213635,Zruahetcqu,2024-10-15 07:55:45
5d0160c0-3e0d-49e4-88d2-0527b7a1bca7,Uswabnd,2024-10-29 15:36:30
2d10e951-9bf8-40e4-9a7a-54af04687b7d,Vkkcvqbwvvwzrgo,2024-10-12 19:52:54
750a4954-ec76-4c81-9678-959232961e5f,Spjchthbufys,2024-10-04 08:44:25
4d3c8ee1-b2bd-447f-982a-c9f2a4b5f811,Pzehivwnpwgwux,2024-10-29 14:34:01
49c19d58-a4f5-4efc-b894-c4f83fda9dcb,Lwgrrv,2024-10-25 07:26:13
c25ae7ed-5c74-4623-a5e5-7874b1d153e4,Xoqqdrxyigpglk,2024-10-10 22:48:41
65f3c085-cc85-4e6c-b96e-d3bbd2689d5e,Scgydibth,2024-10-13 14:42:34
030118e5-e2cf-45a3-a5b3-cbbdd2804711,Pmyormmxsrgl,2024-10-25 13:35:12
d90afed7-bf14-43b1-a711-c8bbeadb81a4,Qtmwuoyzzucj,2024-10-23 09:54:09
01c9a665-2d53-419e-882e-8e1905b353eb,Tqgpnnubtqssr,2024-10-15 16:21:29
f96630b4-2817-423a-a635-bddb6bdb197c,Kbgkkb,2024-10-29 01:35:56
2fdca35f-25fb-4e80-a5e0-c6bca86e3dc7,Krffgowdkz,2024-10-15 03:38:55
548400ba-790a-4c88-909a-73ce643e7324,Xemtd,2024-10-09 06:17:35
453d8cfd-e418-4aeb-ba4c-46557b5eecbd,Kvyvwedxf,2024-10-07 02:08:44
b80e25cb-28d8-42cd-9f27-18be13600051,Lwbhvgcxfqy,2024-10-12 10:04:51
4ed0faff-4665-405b-a58f-68e230cef957,Vjshb,2024-10-28 03:22:20
bde2b984-59fd-4b53-919c-0b826d4c5b30,Tpyhrfc,2024-10-06 15:41:18
f05bbbb5-991d-4f70-9913-fcb6a2fc33ac,Fweshe,2024-10-26 11:37:10
073e0e41-172b-4cc5-8c7a-f58122f65c69,Vrdjm,2024-10-17 12:54:15
a46081ee-c1f6-4f02-9ac0-dc858b942a71,Etfkbbhrulmwnx,2024-10-12 06:05:18
29523194-f7bb-4a3c-9764-c0371173b3bf,Unvcfvqusbl,2024-10-23 14:54:54
4219a03c-7489-4236-b4fc-72612b1b0074,Abfpzumk,2024-10-08 08:30:28
fa3faf4e-d516-4977-99ee-e743315fb306,Ddlck,2024-10-27 23:16:22
09b60065-1d9b-48ca-ae73-4ec11b4505ec,Bjtkd,2024-10-19 16:57:47
96318af0-00bb-4b99-a714-fdeb95372953,Mwhxqkd,2024-10-29 05:55:25
32ff24da-0d9c-4914-aad9-4d7fb6dca449,Eckyvopbqitp,2024-10-04 11:14:23
4f8178d7-7875-42d9-a7ec-25edb44d436f,Twwtaozfad,2024-10-29 02:25:10
034d4fd1-5727-4005-b175-daa72582e771,Wpbuitwwhp,2024-10-20 00:27:41
bfac9b80-9bf8-49ff-8fe6-7537e2333737,Pfdoahqs,2024-10-13 14:19:14
2e429d92-90d8-4252-9a4d-26e2440b8370,Ozgmluycf,2024-10-08 17:40:02
e4a908e6-47e1-40c5-a6b1-c658054ce1ba,Sbgadafobkozzt,2024-10-11 06:01:45
f2e32f2d-5efd-4d7e-a99a-a7ca7058ce49,Qipyjwriyiln,2024-10-26 14:01:37
b289a314-bcb1-403a-8bfb-d1cf0803066a,Uywficgcluwf,2024-10-04 06:45:26
69b36813-432b-42a3-a54d-b3d940bbce6c,Rpbltafbj,2024-10-25 02:44:07
9ac14fd9-4e5d-4568-9594-a938db7a8e14,Zquibjcaaef,2024-10-30 01:48:52
2a5fc94b-c272-43a0-961c-dea6e101b904,Usklsalxdaiqaay,2024-10-12 06:06:56
7b43a352-b0ae-4057-b79e-5f2e58ca795b,Xodeedqq,2024-10-25 06:53:00
2c1b9b59-032e-47c7-af5b-8fd71f351971,Huxaog,2024-10-05 23:53:58
1dadc82f-0b0f-4697-8cde-207ea2b7633c,Wqktxdubspy,2024-10-30 21:40:38
cfc5b2e3-a45f-4936-8959-ceddff566fb5,Kkqxbdrd,2024-10-07 17:53:27
bdfe6f81-440d-453e-85cc-81d4e4920000,Naezewymqrzzad,2024-10-19 14:53:13
6a08ac5e-3355-4937-8ce8-d762c0bd43b4,Opkutmaegnqfwd,2024-10-07 03:43:18
c47e2f62-b445-4471-9143-bcbbbbf17be4,Pnaoqlmpyks,2024-10-09 19:31:22
95945d4d-8317-4d1f-8659-d1eacc422d77,Toaikrh,2024-10-14 02:20:49
823b2dc9-dbc0-4830-8300-f063f6d84b30,Mnyagx,2024-10-02 02:42:14
61c7dfa0-b2f6-43e1-bb4c-f66194797823,Uptdwebphjhqhv,2024-10-30 20:41:05
cbd66dce-bb17-46b0-a402-08af76648896,Jycsfl,2024-10-03 18:29:20
038b9785-9a7e-46b4-b636-d93da811db91,Qddypefcjbercjz,2024-10-12 04:25:24
9b8fcd11-c773-441d-a7e2-5f38b2aae5f7,Civcejnjh,2024-10-07 11:58:08
fbc362e0-18ea-4fa8-9be5-7fb860acb16e,Lwpofpq,2024-10-14 06:56:05
2f30340c-2bc4-400d-8c96-c7a3779a2429,Yqtqkjg,2024-10-12 17:56:03
c570df33-465f-4b32-ad62-74e2c978b3ff,Foefp,2024-10-17 14:44:14
c7afb08e-808e-4417-bd97-99bddf142c5e,Yzjfx,2024-10-08 17:18:39
20c270b4-0627-4495-90c1-d8a53e0deb2f,Gzusnqjiuo,2024-10-05 12:37:52
0b16f0ce-424e-4043-a886-665f5e3113f7,Amsvpqejf,2024-10-29 00:21:24
d9ee5a9e-d746-4a00-a468-59c89ba65542,Bmjzlanrez,2024-10-21 22:00:09
b82fe0d9-7705-46ab-a7d5-45713f387bb0,Vhnkhug,2024-10-21 08:25:57
7fdbc2b7-d16f-407a-956d-482bc4dfc694,Qqqbks,2024-10-14 21:17:44
dbfec232-122b-4ac7-8866-d59366a08004,Qblogsldrwkjpd,2024-10-25 12:08:58
85674aa1-e935-46c0-9be5-d552c8e608bb,Wenqjzemu,2024-10-26 21:33:54
55fbef5a-b4ff-4c48-ac27-145b5200c208,Fsell,2024-10-26 09:41:20
d837b8aa-e5cd-461b-aa41-91dff5aebc89,Atifelpxxpkwfop,2024-10-08 06:35:20
0399495d-3664-4dbe-b090-d8f75a5bd7e9,Pvcvoudhxb,2024-10-06 09:45:03
95109531-9371-4923-b599-0af91117880d,Gzikigkzetoom,2024-10-14 09:45:27
dc28dfa1-b862-4d0d-88ca-901662834781,Rdsrfy,2024-10-19 22:48:42
3daf84c3-a516-437c-96df-c4c339bed3af,Okxqiutdaf,2024-10-03 04:36:24
da0a77e1-910b-4fcd-a132-31be602eba04,Qjgwdfcogizb,2024-10-22 05:53:03
82c4a30a-45f8-4f6f-adc1-eba91ab993bd,Xzfseoqmngrzfnd,2024-10-05 17:04:41
2bc40f85-eeab-49ab-ad67-5931b9c12d21,Bglwi,2024-10-31 12:23:21
4bdb2e06-ccad-4eee-ac13-6de4fe08beb9,Cgaepspeeutlnv,2024-10-18 12:06:50
cd457a42-32f8-4f92-924c-4389aa5d6169,Szhrodjwnby,2024-10-03 14:34:58
25709c8c-fd52-42cc-9c5c-591f7df972f4,Pvkncpm,2024-10-01 17:40:01
dde5e6ee-24d6-4098-91f3-8f932ec3afe9,Reqxwcinaui,2024-10-12 20:21:01
77eafc9f-0c93-4a3b-841d-ef63bc561377,Vsavlbjgfwytwlb,2024-10-20 05:58:33
411ab5b3-a8fe-4d50-8cb0-a45ff5eb6bc8,Blyhpgetiqr,2024-10-25 23:32:23
79c29992-4bb8-4d52-b514-ddb16e3dcf3c,Obiubox,2024-10-03 09:40:14
03ecbbfe-ce01-4cf0-9f8d-5d1c2b57bca3,Jizrve,2024-10-06 01:49:15
e2106513-3978-473b-9195-b640528b3d89,Wunohxcpyb,2024-10-11 06:25:56
1eb51c12-2a9a-4792-b847-dde388045eda,Mwxqgfoi,2024-10-16 05:36:03
deffb5aa-2d1f-45e1-a888-79e958f62f9b,Zwfqxmva,2024-10-08 23:06:08
7e881ff7-6f98-4a23-b60a-75f90d710feb,Oobswbcr,2024-10-04 00:33:52
ceb827ee-be4d-4e65-ac07-ac8874657d2e,Asizakybrlmlu,2024-10-18 03:44:52
aecc9e4f-6c15-4b5b-bb46-7e0623aefbf5,Eihxwx,2024-10-14 13:53:09
c68b8010-4820-466d-a3e4-96614719e997,Sbldiscjjdlay,2024-10-26 06:43:10
5c9ae09a-0874-45c4-9613-3f60fe65c12f,Vqlcfv,2024-10-31 15:18:26
4737b943-832d-4184-b6a2-e8e5ba385929,Pxlihmzbmgnh,2024-10-26 16:30:56
d1d1e10b-7b51-47e8-888d-a674c283e292,Qyigbzph,2024-10-20 03:01:15
53b7af40-14f7-414e-9645-15ca3e30cc14,Bsdkqc,2024-10-27 15:50:10
42fdb926-a231-421e-8ed0-53c94f4af2f9,Qdcobmzyja,2024-10-19 14:44:04
816aabd2-7a85-4dbc-b96e-3ec43ff3f3d6,Xkoxymyfrrdcazi,2024-10-26 09:55:02
923f9d3e-6658-464d-b954-f8ee65ced61e,Blnzuwn,2024-10-26 11:20:06
38d1cfe0-6bc3-47dd-8b32-e32d213c54d1,Tpldpety,2024-10-23 05:06:57
7d9fcd09-a3b3-4b04-81e3-f90422748e50,Pvekjorhyiqc,2024-10-14 01:05:59
d423ebf5-9761-46ce-b1c4-edc8e91bd5e0,Vzyihzjzurvjtr,2024-10-17 07:38:30
df4b2766-a0d8-412b-b3e8-e874af03d7ad,Vnebddsocio,2024-10-15 23:56:36
91944a30-119b-46ce-a016-3315c18ce72c,Tqrkdszjpen,2024-10-30 12:35:34
80c2cf1f-e01d-444f-8f74-a83971e883dd,Hvbpqmq,2024-10-17 11:49:19
2559fc5c-5583-44f8-8a74-09b5afd27a4f,Wvfhmqtir,2024-10-01 08:21:08
1e7cc400-5536-4fd0-b358-c150f4380fd9,Gpudpcjtlf,2024-10-01 16:37:18
b10b26ac-a986-4729-a119-8067b39f00d2,Kllmceyvgfvk,2024-10-04 14:05:04
7bb3cf8e-e1c4-4d61-a7b9-7941058a1c02,Nxckq,2024-10-21 15:02:16
f9c4c7be-ee00-42db-ae56-5ec95d409349,Bzszgwrnlsynxh,2024-10-31 00:01:52
aee401cd-4633-4c7a-8bf2-e69ce097f39c,Qykruaxbj,2024-10-08 22:13:31
01d8516b-fd80-4f28-b306-fc93a3f6e972,Hkrsekkkimqkbe,2024-10-21 15:49:17
33b4fd2e-34a4-4eb7-a580-c206d2e6cb48,Uqjczhxfqdcy,2024-10-01 12:10:10
47647348-559b-4ad2-b7b2-5343fe05d58c,Ilkhmhoccb,2024-10-30 02:17:31
c1b45202-e591-4dc0-b989-6a6fe3f3eaa8,Szbihxzp,2024-10-16 12:20:10
6f27ff82-22a8-4e94-b09f-fb0eb9e34c3c,Ioowcmpmgej,2024-10-27 06:32:30
759348de-eeaf-48fc-b224-069c9fd01f8f,Resfreeqfbsm,2024-10-17 20:21:47
66428dea-68b8-42a7-95e0-ef8f788eabaf,Nznzqp,2024-10-18 12:43:50
ff799d34-704c-4ebb-82aa-c439469b3cbf,Fkmahzyebdccaz,2024-10-16 23:17:49
56b91574-ad3e-4eb7-a1fd-f753d61c5861,Qwuqbe,2024-10-08 01:32:27
71cbe2cf-52fd-4439-bed8-b83691651cbe,Fxrwzufkgkc,2024-10-24 07:39:09
5a69b910-3e6f-4b95-89c8-364b69c1b64d,Ukpyxvqqdejc,2024-10-04 07:21:47
4cdb8643-408f-4993-86e0-fb2cde8f7d70,Wvksttu,2024-10-03 14:10:10
b65ff08d-1fb5-4ddf-8ee1-02578dd3342d,Sbbtuczfo,2024-10-12 12:28:16
b9fb357b-2c92-46af-becb-e2580b9ff873,Uiltcyfouybuyks,2024-10-24 21:34:27
82d84cc3-c109-4e6e-bd52-85b4a9eb81cb,Dqrzxlpvzrk,2024-10-24 11:44:39
1b1721ee-9ce3-4e29-a7e2-330bd22b347f,Jglmembvbgtm,2024-10-09 12:04:19
77f68e6e-3050-479d-b6f9-e773a43182ef,Rrgha,2024-10-14 19:33:25
a8db911a-4752-48e1-8ea6-b752a6133510,Skpnlueamgx,2024-10-14 00:17:18
68120d12-87f5-433d-98b3-2691ba5e7abd,Quohkdq,2024-10-16 17:40:17
c27d37af-6522-4d75-96de-10df898e5059,Ehodytosfycvusp,2024-10-25 16:38:00
fc561b41-74e4-4619-b462-ba667ec1eb8f,Ezkmkzxk,2024-10-10 04:06:43
920614fc-abe3-40b2-8659-9518c0cf155a,Mkqnkitgapf,2024-10-05 06:21:41
ba951438-98f7-4ec8-9761-81d57ea993bb,Cprqvewkxpjs,2024-10-22 03:56:31
db3f3a66-aea4-4a98-9fba-c46e5aeb41e3,Bwatqqhc,2024-10-19 21:43:06
70513811-f0c3-4551-ad4a-ad086492f5b9,Qkzosmtikwbwj,2024-10-13 23:05:25
78e03c74-9541-4242-a0b3-5dc26007e767,Qrdkr,2024-10-03 17:53:26
d3a5d016-4b9f-4c6f-99b7-db4d68dbb59f,Kvmjr,2024-10-10 19:09:00
7f801de1-91c0-4a79-9853-ac7fb806783d,Itvuysnkzmsgaq,2024-10-14 07:23:21
15677bf1-fe76-426f-8ff3-f0df6e7713ec,Qmrffv,2024-10-01 12:29:30
e85ff176-18db-4d97-8794-f851d71fd0c9,Mojezkzwtfakv,2024-10-26 10:14:02
4e244ce6-fe8a-4a9b-bbe2-2bc4beed6bab,Ypymnzbx,2024-10-13 17:32:48
f59b600e-7ae6-484b-a977-2dd956ee1ab2,Gvubvt,2024-10-18 12:26:55
dafaa056-58f9-4928-8ff9-0b550bb87025,Bxylnm,2024-10-19 22:07:43
8c7e0d0c-e80f-4da8-b343-cdf27307ad6f,Gnjdv,2024-10-09 05:39:40
f1a63d2c-5e64-4e23-b116-e6fc1bb0cf49,Zrozunr,2024-10-03 09:42:05
4a5c3d22-17d1-4731-a2bb-5d698b34891e,Lefhjtpdphnxugi,2024-10-09 19:26:41
69307eb4-bd4b-4579-bb90-847ee34022ac,Npipin,2024-10-21 07:13:19
27f2408c-decd-4a2b-a1fb-d6382cb99d6c,Dkqfvlrm,2024-10-13 12:16:36
64123541-02cf-49a8-b0ea-70cdf78fc7f6,Bulbmapdfaksua,2024-10-30 12:54:44
1996209d-ce14-4b4d-b64f-95fb788a81a2,Vpkrmazbwm,2024-10-06 19:23:16
0cb91bb0-98f3-45e2-8046-382c195b94f4,Nfkmhqgwdh,2024-10-17 03:08:14
7b7c2e24-801b-4534-8cad-1cbaaf926904,Ttoljeshjoeuhec,2024-10-30 06:47:39
5419bf4b-28a0-416e-8d6b-7048bfec2dd5,Gaekkpvrf,2024-10-20 22:20:59
6542c656-ab87-4b36-84db-d074dd5b1af3,Vxfqwexdiyfhm,2024-10-08 15:05:16
e1fcdb3c-da14-4ef6-b233-0e4b0c0db8f9,Lucsv,2024-10-16 10:47:19
06ada1c1-3303-4909-874f-60f7d1bb15c1,Lmbczasuoowr,2024-10-20 07:27:31
5b19bb75-6eca-4404-9692-14799f5718f9,Xssltpkju,2024-10-06 17:49:51
e0dad709-6b42-45ec-b49c-7d8df52799e5,Cdxcjwmypki,2024-10-29 01:40:06
caf915b2-36eb-488f-a366-9a875f00fe49,Qkqwvcgaag,2024-10-05 09:49:35
6b9a494d-c472-4476-98ed-4380a0320ad3,Veogvvloupq,2024-10-16 01:29:09
2d941cc6-c3ee-4c35-ab48-2bf2540622ad,Esrqlnkvlhjthls,2024-10-06 02:43:17
fab721cf-7134-48fb-9d4a-53c44cce64ed,Qjlkchahugy,2024-10-27 11:42:30
a10ccad7-8537-40e0-abd4-35929ea8b541,Qbcncxuvjuhict,2024-10-12 13:40:11
2e3ea431-fe3c-441c-8daf-a095b287f9ae,Orxpimdzdv,2024-10-07 07:19:33
727cfc1d-e28c-4c67-91c9-4ce7457c4057,Rgjylwcbdypik,2024-10-01 13:52:32
748779f6-3bf3-45d0-933d-d40857c9e027,Vyisjybtzacoouc,2024-10-02 18:21:01
25aa8345-4fff-4829-b4f6-d7b31efa8c82,Absmrdsqiqrrxpv,2024-10-01 22:07:45
b242a199-b105-447e-9ade-49ac445098b4,Suffezjaetii,2024-10-22 11:00:39
ec896348-d395-4e58-b158-8c84b75212cd,Tsiiwxvsfpolzcg,2024-10-28 12:10:12
713b8633-790d-4c6c-a25c-03d2620630bd,Xjmuon,2024-10-10 08:51:04
fab3e208-0c66-490c-aaaf-c8094672f455,Cfrqtfkw,2024-10-09 10:14:14
5ed5c3ac-3152-488c-9f52-67dea0a1a738,Awwzyrerte,2024-10-08 08:27:52
15d8f0ea-651e-48dd-8775-0e0aca15114f,Rdqxutnutf,2024-10-28 14:38:56
85ffa2c0-acd9-4eb7-bea9-3c5285318cf9,Onjrpn,2024-10-01 21:40:23
30c2d599-428f-48c5-a290-94f73b81dca3,Dsrueppbv,2024-10-21 09:02:18
2020e4ab-95c1-4c40-a2d1-ebfd2d98891d,Cmmifxf,2024-10-15 13:28:15
41a7bf92-ade1-4322-9b58-ad908f568e0d,Guiymivuoyab,2024-10-11 02:18:32
671ddb68-e11a-4757-8105-4a9b6e458e1d,Eaymojbbkba,2024-10-02 16:08:17
76892dfd-f804-426f-82b5-8cef56c7ff48,Evvigfspjvf,2024-10-11 15:02:55
62112664-5f0b-48ef-8285-6c824e03f7b0,Qopjufzxn,2024-10-18 18:43:33
2dfa2ce3-e1b6-49f3-ba89-41386f57dce6,Yselofvmtan,2024-10-30 15:30:06
9d218412-0a58-4363-939c-13cd0a48d886,Xwgvutbgwzwxw,2024-10-12 14:52:40
5f68cc89-ddf4-4a6d-946d-997a950d7cdb,Iqmhjvmqvamhr,2024-10-14 17:35:25
304af54c-a062-48e2-a617-801d4486daef,Lxrwwdkmu,2024-10-02 06:36:39
29509697-4f80-47dd-b2ba-ce48593c38e7,Wflwltxisentpn,2024-10-02 20:10:51
0286e654-a83c-4463-acdd-53f2c36044d8,Hzeisvitrwkzwme,2024-10-16 02:35:11
218c39ff-f39a-4597-ada6-8c7f4b9557aa,Iudwhyoy,2024-10-15 19:24:47
1a9d432e-309b-4c04-9d26-b92aee517a4d,Lthoclmb,2024-10-18 10:05:34
b7aab66a-38af-4e1a-a907-9ab5e941bf16,Waxdb,2024-10-19 18:11:11
4a03ba64-7070-4275-bbbe-f8f980a809d4,Pbbavpid,2024-10-10 20:37:02
9cc33375-e662-4429-af46-a13c5c058eb9,Ftwlhdysvju,2024-10-01 05:32:16
bb5cf05d-a6d3-48d9-8559-859b52207c66,Bbzhhvmdxtu,2024-10-31 06:29:33
726430d6-11a5-464a-9645-e2d45fcec5be,Toakwg,2024-10-07 10:26:38
1f25e706-1ba1-47b4-98e0-194cfa321c47,Bnxwqsaxfdj,2024-10-29 19:40:48
992d2aba-3995-4003-a289-c29d25bf0264,Qoolmeihqlf,2024-10-31 04:06:58
c0553a3e-751e-49f4-8f7b-7a2d138cd015,Geuokjmvo,2024-10-26 09:02:32
da07a117-c47d-475b-838a-a4c73165b2cb,Ekupp,2024-10-29 01:10:11
7a5d75a8-b366-4693-8772-e4195e5900d1,Fiicrxn,2024-10-03 16:21:55
671a4902-88f1-44c6-b1c6-34baed1c31ca,Bdvydedm,2024-10-13 12:24:11
9d9d5cd9-0324-40da-98b3-2c4abf6828fa,Ieczzal,2024-10-29 13:47:37
ffeb0576-37ba-43c1-ba8b-e34c71a5d84b,Nmxqyrmqafivz,2024-10-14 14:43:11
04f1eb32-4d92-4d50-9470-7fcb1940f94f,Wznicmayut,2024-10-26 14:50:32
4fb6ac7e-13f5-4cd8-bb27-b46fe055e107,Sxbavafjuw,2024-10-25 12:36:35
79d235db-97c3-4463-baf8-f9df05422d37,Nzbsenswghngyp,2024-10-17 08:20:35
55292902-8a18-4042-a468-b966748f612a,Dvwaiv,2024-10-30 09:10:50
7a4f1608-1f05-45cd-a1bb-9c34217e833d,Oelsljnb,2024-10-02 03:42:06
440fd1ed-2e0f-483d-ac11-47d31cc55dd5,Hkipd,2024-10-24 21:35:54
72026af7-456d-44c0-be35-7bb0a31a9b5f,Zpxoonwket,2024-10-26 08:46:14
1c298126-273c-4d00-8353-9d6a78b134bf,Mavaqllqhh,2024-10-22 03:44:59
b3e223fc-b423-4ba9-885b-21918e519cd1,Lfdtbrlpzirn,2024-10-13 00:54:48
16922f88-0a8a-4814-826c-35c578359b7d,Xsspoi,2024-10-16 14:32:46
9c5273f0-feb2-4c60-9d90-17406d52cb7b,Zwwxudnjjoetm,2024-10-20 00:14:16
77068c29-54f2-44b0-b7ce-738b82df8166,Gbcvwgtgpidnhm,2024-10-28 17:21:12
02cdaea5-9a15-4a92-9c37-8b203aca5f89,Ovmhwttcmyfztob,2024-10-16 00:26:33
759bab68-685f-4954-bc28-1a4c45f25e18,Uikhc,2024-10-27 01:15:37
5cc3ae6f-eb54-4c2f-a09f-ae70671efa82,Fsjhxb,2024-10-05 06:03:02
adc87c8d-c285-42bc-95df-78bc2f189169,Bbehm,2024-10-26 02:49:13
bdb62606-2db7-4d92-a109-7bffaf633e98,Weutjlygzoa,2024-10-01 23:25:42
c110dd71-04a8-43e9-b8f4-a55349f93be6,Vgenarhmespxi,2024-10-19 16:41:42
68bbebfd-05f0-418d-b296-603b9df84b45,Pzfho,2024-10-15 12:38:00
3b22bf57-7015-4181-9766-233a28f92609,Jgknzcy,2024-10-23 05:06:14
98e851e7-160d-4dbe-a3f1-bec304b70491,Iqrqnrkautoi,2024-10-31 07:41:22
6c2d5ea4-a879-4c14-b6a3-571582fc24cb,Ealmsejkqu,2024-10-18 11:29:46
57078546-1a8c-45fb-bad6-7197ca92adcc,Kxjaxwn,2024-10-25 03:42:57
1093fba1-a27c-4b98-ba3e-898367388e77,Rcwwzknniq,2024-10-28 04:13:14
3f30c24c-bc28-40f9-be5b-15f7d1e1b225,Unkzdwjrboaqbht,2024-10-30 06:49:46
e4000d07-2a98-4371-ab84-1731e4bbe29a,Rlhyuxywkixhyt,2024-10-05 05:06:09
a84c6105-7b6b-4430-a2c2-15dc971b4e1c,Vjccbaorvlbr,2024-10-23 12:26:59
8bc6d1c1-d9b2-42e1-b9aa-ebcb3d73bedc,Mpmcq,2024-10-20 12:57:32
3b714286-ca42-4a38-8dd7-4167153b2abf,Xydvoycjknlwutr,2024-10-24 09:26:38
42662056-cd98-433e-98b6-31f62427ae5d,Qjrhimf,2024-10-09 11:43:17
7df55678-1f5c-4a04-bca2-9b03696c8b25,Aiqhnkevp,2024-10-24 17:38:37
ab885a9d-9f08-40ba-bb26-580225dcbe66,Lzczqmzsxmz,2024-10-02 16:45:58
dec60d4b-3a50-4ee5-abda-a1d03ae54713,Rhfwoqqffvi,2024-10-31 08:53:42
35f4dbbf-fe5c-40b4-bd3d-40a7400e7ae7,Vajvykiu,2024-10-18 17:37:23
f898f5a8-9e6c-4311-8a35-5b45dd3ec001,Rrvnmicbft,2024-10-22 11:38:48
d0943aae-5331-4b3d-b251-bc24f140dfdc,Oqufwumhckc,2024-10-03 16:00:51
ebe8bc23-3e77-487c-bc81-9eb0f70a11a8,Yrhnluorox,2024-10-15 23:21:10
d1188bcc-4534-44a8-b0d4-7396c13c32bc,Bpibdf,2024-10-24 22:38:58
b1a9a6f0-7df1-4f4b-8b7a-06793688419a,Sgfkjhn,2024-10-22 23:17:42
db821ed9-9c5b-42c7-b04b-020b209d2978,Lnbtlrfks,2024-10-07 09:47:16
eb3008ab-0532-4063-bf72-76433703be5b,Jqfbnrozq,2024-10-13 09:08:05
da05b5f6-8410-46fe-9ceb-ed184964784b,Dklijepgoqoswz,2024-10-09 20:53:59
e7f03bac-54dc-466c-b8f1-d5dc18969190,Yusmgqvnz,2024-10-17 21:54:36
e7026bb1-fde6-4ce3-b6be-7f8d7c377122,Dhlicj,2024-10-10 14:38:09
6d83d766-9a80-4c43-804d-e9634e49bf36,Pvjgbvfgqxqvi,2024-10-05 00:16:44
02147b2f-228d-4571-bf71-7e7a3c21a30b,Hsndor,2024-10-31 01:48:09
a90b3af9-91f4-4239-bc52-c7463d4d466f,Caftesqubd,2024-10-10 00:09:03
bc6db5ae-81e5-4d25-899e-1781169a7aab,Untfwkyecbni,2024-10-17 15:04:07
d987e62b-2e72-467a-bd6b-09ce5f6a22c4,Bhknsobs,2024-10-01 01:14:32
c6ac0c1a-43da-4356-9d4a-22e2c7c734f4,Kyukgbwie,2024-10-17 08:19:51
4d310b75-6640-48bd-930b-5be8f8c3b2d4,Rqtpqzgkd,2024-10-27 14:43:44
2f38d850-74e7-4218-9d1c-2197f2054dd2,Gedxuyccfjeba,2024-10-05 11:58:38
bfee093b-7af0-43c3-a7fe-d83cb1b36977,Cperxmwgjlcqq,2024-10-20 02:39:34
59f65b04-492f-48e6-9abf-c7491d5a411b,Nnifi,2024-10-24 17:18:11
4474cf86-d4d8-4570-bdce-b44ac2f81c84,Aosghwchc,2024-10-05 03:25:04
0b928d18-c914-43da-81a0-0c48e888b834,Vrctjxmiuvfky,2024-10-02 08:13:40
50e8bdf5-a628-44fd-8593-18eb215ee53e,Flumvzxnfkkg,2024-10-15 16:48:22
1fee7904-4407-42bb-9b9a-b295abe68f95,Potbu,2024-10-24 19:09:32
89ba19d2-9806-4694-b722-2616d6872dc8,Iafppr,2024-10-02 13:48:01
2e4c26bd-e269-46ce-bad7-bc75dd0d3a4e,Javfca,2024-10-04 01:58:30
6743f33c-9432-46df-a003-1273fc7def11,Csqmpferohcbbl,2024-10-24 13:42:15
51c10949-5739-47df-ac78-eb405b5301aa,Wwukphxc,2024-10-17 16:12:05
c820611c-e0f1-4095-b5e0-3629b2982db5,Cbhktlrtdfrpc,2024-10-03 15:38:22
afae3868-cac6-4f8a-afee-8dfc07018ffb,Hdlhic,2024-10-27 14:11:35
aadac982-9557-4583-9342-072b9b2ed742,Rbfjvc,2024-10-31 05:42:35
5a0bc8d1-edad-4c72-9be2-d1ef6a85b162,Wusnwf,2024-10-07 04:12:20
db72e456-cf16-4b59-aacb-a72ff120bf11,Uurlwcplzvptlyy,2024-10-09 10:04:06
ccafcebb-3deb-4027-bf2a-9fc375d893d1,Maegfsncmotv,2024-10-08 03:42:13
d2b0b0ad-af0d-4f49-93a1-61ba4399611c,Byszbabrk,2024-10-29 02:59:33
b630e159-78d9-40ba-a43d-2c4d7d3b5d4d,Kjktu,2024-10-24 14:37:55
87dc7196-cb77-428b-bafe-197adf51a007,Madwqncizcgk,2024-10-21 08:49:32
18f8803c-94b8-4937-9f44-2ab8952c3bdf,Odltnee,2024-10-27 20:26:12
9e499b2d-ca2b-4adf-8f18-be1ea53bff4c,Cgizuf,2024-10-04 15:15:04
cbefd549-2922-4492-a67e-42f31ade9e7e,Jetaaxjgzlpebli,2024-10-29 04:34:39
1a0d6ff9-e46d-4812-8395-3cffffdedd8a,Uspysouf,2024-10-12 17:47:39
7d5045c9-e972-4410-8818-742c90e35dac,Dxehqsbbqdlnhj,2024-10-24 05:41:42
c853b1fc-72fc-48be-9430-6efbb0187fb3,Jyoggarsrayklh,2024-10-22 16:29:12
5c192ea0-10de-4e64-8204-7d8a2d65a1e4,Uhlldvdckk,2024-10-07 05:47:12
42aaffe3-535e-45e4-9561-20770ab8b148,Mrhhayufyeja,2024-10-15 13:09:47
ed53ad96-35f8-4bd6-a8d2-cf6b4c9665d3,Bolqklehiz,2024-10-29 17:12:21
f028c836-2716-4326-97fc-8013a2fd0c51,Dtbwfz,2024-10-12 15:47:04
76bb3845-f012-425b-9021-876d76ac27b4,Pvuug,2024-10-02 10:08:51
b891915d-7a31-4a1b-ada8-b37cf1751fd9,Pfncylnhotzmmvm,2024-10-30 02:19:12
283f17a5-6a1d-4662-b0c0-f67551072505,Ojqubbbront,2024-10-30 18:34:29
6bad8cc1-a9c1-4ced-8b26-27f9d402aebd,Zofqcxyo,2024-10-24 00:35:33
66f1058a-5022-4fd6-8f4c-e2dc7a4864d4,Zofnfwnqnzs,2024-10-14 21:03:09
e6f330b8-59d6-4862-a342-6ea3d15d1ab7,Svzkkiaydq,2024-10-20 07:47:26
a8e19fa8-a340-4fcb-ad69-99ce83840e4d,Ytiqy,2024-10-11 02:39:46
740f5383-4a61-4e13-ae28-8019ce8205ec,Uovtztnyb,2024-10-04 12:38:02
b94373f1-9e59-4c22-85de-84399cf35800,Qrlikwwkhakyi,2024-10-19 08:41:11
677f062a-955a-4349-a2a7-f9b7a5e1c4c7,Jzjik,2024-10-26 07:05:27
f7071406-5878-4865-a46d-f20b10be0c32,Npprrn,2024-10-23 04:18:55
6edee71a-5e4e-4f51-9430-182e8e15aaab,Bgkfsweyoinwa,2024-10-19 15:22:02
925f96de-bbc8-45b1-be9a-20b4f3664236,Pznzfbsgtklls,2024-10-29 18:43:30
9447512a-8bd3-4a15-a67e-dc574c330433,Cwchgtr,2024-10-14 12:40:09
bd43095e-32d2-4f43-8a4d-9e037b9aa726,Jmkrjckvz,2024-10-03 07:04:37
5f9e7585-092a-4fa8-95d0-1529f62eb81f,Lbufcmtqra,2024-10-24 00:55:33
cdd9dc2a-20de-47dd-a59c-6be2dbf0ca7c,Pwystsayhrvup,2024-10-17 22:58:32
f21b465c-4427-477e-bb85-c956e8c2f3df,Rgagstxzc,2024-10-19 16:37:08
13f0d5f6-fb93-4f64-947e-b1371a790772,Ygafqx,2024-10-11 13:57:08
192a5f0a-410b-4028-9229-fb6d02909fb7,Cklrfdggjthf,2024-10-01 01:47:18
f29f05ab-4b9d-41eb-8727-d35623b0e625,Fzeiebvpqlpve,2024-10-05 02:30:17
935a0fc0-96ad-4b97-9adb-0d3b5268fa13,Xarfnc,2024-10-27 12:57:15
6ad3aea0-a158-4961-852f-f3d78cb57dfa,Aqjnz,2024-10-01 13:50:44
1780ed0a-cf95-4876-a525-8b487d1e94df,Rkaetsj,2024-10-16 15:08:59
f32ddff0-7484-4841-b092-e1d639ea3b5f,Hkbaaisbb,2024-10-25 16:31:07
ac6619a3-f6ee-45c7-a254-83f6b5ffb506,Vscusqmmgzc,2024-10-03 05:51:26
f7cebb9d-034d-4e58-ac52-c3dcfa9f1aca,Sapil,2024-10-28 11:30:17
8ff44851-3720-41f8-8291-e23a28265034,Nbpzosi,2024-10-30 15:41:14
741cdc54-5f22-42ad-9cda-bb9117d8c235,Boopbbr,2024-10-19 16:18:00
c412e9a7-71b1-48d9-ac68-88d55515bb56,Qcata,2024-10-16 16:34:19
4115de56-bd74-4c45-8ed9-6d5767ff9876,Fuusve,2024-10-13 10:58:24
d5e298d4-c807-4c76-982f-1239b5d7d6c3,Bxwzjhucdsmb,2024-10-04 09:47:41
3bd826b7-7fcf-47dc-b01a-c4f9c36ebebc,Ckfpiza,2024-10-17 19:11:27
33f09bb8-1f12-4ec7-8a37-a7a9b0c7f60b,Ybspnllknofh,2024-10-20 23:37:52
79a5beb5-6683-40ee-8c5e-8c9ac8b5295c,Tsuyzcippawsdb,2024-10-14 12:24:18
f5efaeaf-388a-4efb-a5f5-b77295fb11be,Aaevbyafyy,2024-10-11 14:58:59
1b41216b-8f18-41b1-9b5d-3b6007ee36b5,Pznncmrpznqaewk,2024-10-02 14:24:40
ef40d274-bf7d-47b4-ba67-8a04157271bc,Jupnbmdhtar,2024-10-04 23:14:25
93579fa1-e50c-421c-a8ac-30e8d1fb0ec6,Ybzyiexhqt,2024-10-28 11:26:23
3713116a-befc-4b25-afd0-6be94a446dfa,Gliqibniwhrbsq,2024-10-15 02:17:22
634e942a-4dff-42d1-be55-dcc78b8181a9,Jrpztkxinos,2024-10-01 19:49:56
d62bb23d-d9ed-47dc-8fbe-7abe9873e558,Ecwvzoikj,2024-10-26 10:16:46
fb6856a9-f463-47db-a1d5-946d7982bc56,Fndfqapitcwrrel,2024-10-15 17:21:17
8ddb65a4-1222-48ec-a4a6-99ed76427d17,Iajrqhzqbwj,2024-10-14 04:06:37
20b2f71c-6415-4ac5-a520-4863656b7dcb,Zngrzislivhuis,2024-10-12 18:27:41
44192cda-637f-432d-ac90-42788dcf3c39,Tdijvmmvwxpay,2024-10-25 04:58:42
c7da2b6d-de1f-495c-90e7-9cb06df122ef,Gkgxi,2024-10-15 04:01:20
c17b1a0d-d139-4368-a5e5-834d8ba8f959,Mstyntoir,2024-10-15 05:08:36
a63fbe11-c741-4cc2-8cc3-2c4becd2f034,Bvmvsmw,2024-10-09 01:28:13
d4d8f837-8247-4c25-9b8f-021c1ce2de07,Mxlnznseu,2024-10-16 23:39:54
55bd5a9f-858a-4902-985e-3fbed53f1ed4,Wxzxoaq,2024-10-16 17:17:02
8963364a-135e-401f-8f3e-b3f3b6f40614,Rbergryzkdvdq,2024-10-26 02:56:48
ab39cf84-0d38-492d-8a39-51b0880b131f,Mbiirbrgwp,2024-10-21 01:04:22
ecde9b0c-33c8-4dd0-9a6f-1dc1d02fc0b6,Cmnmgnmdkg,2024-10-17 17:59:18
504cbe87-6b13-4c51-b77a-747ed0c365a7,Jbtxiinc,2024-10-29 15:59:47
0a9fd5b2-6f4d-4860-ba53-949466367669,Fzujfy,2024-10-13 23:56:29
a07d266e-817e-4941-ba01-7d3fe4199c82,Rreiozgyd,2024-10-05 00:21:41
2ae8215e-32f6-4f9b-a84b-4cc7d344e3bd,Iiqtloolusxclk,2024-10-04 11:26:36
fe48bd7e-a965-4665-b140-0efa6e7480b0,Ywcpemtkfkayu,2024-10-01 15:46:26
023d0a50-764c-4d60-ab94-3e3693c384f6,Zkhosrjwdyq,2024-10-19 04:39:23
cad4d964-fd5c-402c-b4d2-d910204e8d24,Zjlwntrl,2024-10-28 20:20:38
82737d3f-0f32-4e18-a1f0-8ad872a58c9d,Lhdftzmeqxhp,2024-10-19 00:47:04
99cf1371-60d3-42ca-ab44-7fadc745b719,Oplynuwwxoloep,2024-10-09 14:38:50
d9fb570d-984d-4b17-9e87-f82fb72d862b,Xvflobnlxazb,2024-10-22 08:37:23
5ffed746-83e5-47c3-8ad9-e1e47ad68434,Xelrlwdcuh,2024-10-21 04:18:05
6139db3a-a7e3-4095-871b-a464f548efe4,Svysvjr,2024-10-16 01:41:25
68e50eea-1063-4ec2-9d03-3aa9209c1897,Uqlvexwlewzmgep,2024-10-01 10:35:56
6f85ecdd-08c0-449c-86d6-06be0c2320a2,Gsbpts,2024-10-01 06:01:01
07ae5afc-ad9e-4d0e-8cca-9e6656c039d0,Fbcwwojqpj,2024-10-02 07:06:46
9b873bd9-1c9b-4822-8bfa-faefe05a2034,Tjprhzmqghs,2024-10-21 21:42:20
1a8fbb00-1965-46f6-8711-208e756febcf,Vutsdisqj,2024-10-10 03:37:47
15c76e97-f23b-47b4-97f7-8e50fb1b4b5a,Ndtmxu,2024-10-09 21:10:10
8da5a894-b594-4b01-a834-65f752c1e049,Oynnbk,2024-10-03 07:12:03
f82f91af-dfdc-4980-9510-e6a011a6fce4,Xqxmftdqvhz,2024-10-23 01:15:32
c803858c-970c-4fdf-84d1-5915801b7823,Nmwcpoxvyid,2024-10-13 06:42:38
2bb8c0ab-49a0-4dbf-b01e-7f9b7019c661,Nbgqsvc,2024-10-28 09:27:50
37adcc0e-c702-4c10-954e-408833d7cba5,Nfdumeih,2024-10-27 04:25:50
2d86072a-51db-4e7f-9ca3-ec346ab6d318,Tyxxmis,2024-10-19 00:41:53
ca1fa1c9-83f9-4e87-a06c-146caadff933,Mzpkniko,2024-10-09 07:32:06
3df9f519-cd91-4dc6-a3c0-b384f529ca85,Nfbkehvhi,2024-10-01 00:46:49
375ee73d-dd40-4f0c-8cd6-8adb8356df9c,Ercbqsvto,2024-10-14 16:05:07
05c68227-d8d1-4f67-a536-990e2688c5e4,Gwoqtwgatyebqrh,2024-10-27 11:29:11
8d58db7d-ecf7-4e8e-9b40-2e438562b4e7,Gsmymvx,2024-10-07 23:42:43
274d5fa6-7f7b-49ea-999d-f9a76133a5c3,Tqzpifxgujzxpie,2024-10-23 09:09:17
6ff43f6d-7abd-4faa-b603-d6dce221bfa1,Cocsui,2024-10-18 21:25:55
fe5a0ced-9bb8-49e4-bb87-2c9b8a9fea81,Sttscvjxcdhnrm,2024-10-31 09:36:42
43ab163c-a8f3-4d1f-90e6-096728b8b56c,Ljbwgglyte,2024-10-22 10:11:28
97dabe54-4bb6-4601-93a0-0e0fe5e22f9e,Ybghcov,2024-10-20 11:09:18
6fa22d23-8b26-4c5b-9137-99fc2a34c020,Jantvrrqkpxja,2024-10-23 23:20:29
7fa8df27-9960-440f-94b5-13c0a90bd336,Trrmyc,2024-10-07 21:41:09
104f3ed2-566c-4131-8225-b408d4d9b3bc,Gshui,2024-10-21 09:39:27
f1f5098f-8506-42c5-89c7-26c20d6b6724,Rmefrbueww,2024-10-10 09:36:53
93aaeccc-ce2b-4e89-9988-87c70a4fcd11,Zkxbpejkiuci,2024-10-09 12:01:17
03f328ab-412e-4ebc-970e-91118fb6d6b6,Vpegddwjolvw,2024-10-20 15:51:13
70a8d5b1-55a9-4087-8d7c-ddde6efa0490,Vqquoydodmjpo,2024-10-20 07:37:01
547ecc32-ffb3-4d14-b24d-e2e4ad52b258,Sftztt,2024-10-21 23:30:02
ed960bf4-6de5-40e2-8592-2964f8258fae,Iaoxbmfa,2024-10-05 22:15:32
9d7bd302-7b73-4eb2-8d1d-a05e6a82bf94,Ebegxq,2024-10-18 23:52:00
9f3fcd2f-f4b3-406b-a0b4-dabd14c218c6,Wlnzvykhlhgxzpa,2024-10-14 06:59:43
9b40873c-3f21-4b18-aa18-7e22ae6bce3e,Jufgnicjqwxvrtg,2024-10-06 09:22:14
00c70090-f629-4496-bd9b-a18bed26845f,Uvwtitfwsbvwrvd,2024-10-21 09:55:35
8e6bc8fd-fd3b-4897-8269-0d1436a640f0,Tlqrhu,2024-10-17 06:20:32
1684c747-9a91-413e-94a4-e2243163a949,Btfqrdvauuzl,2024-10-05 11:09:35
7a0d7a59-b4a9-48ff-9061-a7925da350c0,Zpxwuxqtru,2024-10-18 17:17:30
b61fe91f-63f8-4696-a564-62a5cd80e857,Bchslajsin,2024-10-12 18:19:06
415bd376-3dbb-42ce-aeeb-fc2db94989a2,Jwuiwcnpg,2024-10-04 00:14:23
9bd1a74f-1b2a-48ec-a0f7-75fdb96f2d27,Zqnxkfvunhmwv,2024-10-18 09:36:33
f6aeaf74-a5cc-443f-99a4-60440f31fd4e,Pdjpab,2024-10-11 21:13:27
fdc04798-f142-4e71-a00d-fbb93f48b813,Ukugbqfunu,2024-10-27 09:18:24
fe73b159-3640-4caf-a337-7702e4855746,Ynfwnrexikly,2024-10-20 09:37:10
5c197fdd-9077-45d9-8fe8-4d98d09cecd6,Lrrnlimdipghlaz,2024-10-12 17:38:29
8b6b8aa9-e936-476e-9a14-e5788d32eca2,Swlumjioxfrys,2024-10-02 14:48:54
f02d8006-4c5a-4e0a-bc3b-0e4e8d434bb8,Gwhzzdaqkyzp,2024-10-27 21:46:56
666cc8d2-7e5d-4a5a-be9b-f32dba0d627b,Zghck,2024-10-07 12:53:00
e74d8656-6d15-4233-9766-e92490d31acb,Ssowls,2024-10-21 21:06:39
0cf3ad65-d9b8-4ac0-b3d1-dd539f257332,Cofzkdk,2024-10-21 00:52:14
6181ab1a-1195-4e03-b89c-b4d70fed8191,Fwqhrjvuz,2024-10-30 06:54:34
6213716b-adfb-4245-b71b-aba6c76deb6f,Ycgyqljovqnv,2024-10-06 13:55:47
3692f931-ef9f-476f-a749-70997f92918d,Elerrwrmu,2024-10-21 06:13:08
f786d160-65a9-422f-873e-ecbcd9314de1,Ruiiuoyaet,2024-10-03 03:24:43
d6ba7626-d339-4bee-871f-a234ef3e410b,Hxqrb,2024-10-23 17:55:04
6c4419f2-e3de-42b4-83e2-b059046aa6a8,Wvmeuzlseacozh,2024-10-24 19:04:03
ac862c35-2cde-4ce1-b21d-76dfa104afbd,Nypaigpvrgqy,2024-10-22 13:31:42
b6d95a4a-921b-4000-a490-75acba9878a3,Fbitzafonfzpi,2024-10-09 04:42:29
1f799d7e-16f5-40b7-93db-bb2a14b4bb7c,Nmihh,2024-10-27 23:35:52
c1899cd5-b255-4ee4-be75-056a34e36cee,Mzsqzsngitmyqzn,2024-10-05 01:33:05
08e7d8a7-f104-47ac-b8bf-138721c5300e,Ddataxfnnaaoeo,2024-10-04 04:57:59
bf75ca12-224d-4a90-89ba-ab3620a88163,Qawydz,2024-10-27 21:46:16
f92b5377-beca-4b70-b1ca-db81f481fc0f,Berssfn,2024-10-03 02:58:37
dea3cf59-4c1e-4fe4-a72c-52c37af852b3,Oznyzgbmadagkbs,2024-10-29 18:19:09
c1310f1d-cb83-469f-b3ad-e753d1475b01,Vlxvrotkxetpje,2024-10-09 10:37:11
0f71dce4-d190-4bd5-a9bc-d21b07c3252b,Zgswvswhyx,2024-10-15 16:08:27
a60c84c6-8fc7-4a09-a991-98f51924c84e,Abhko,2024-10-15 18:02:00
301d431d-7b4a-4403-9278-43fa3ed9b80b,Gwzamuzpmnav,2024-10-14 18:15:17
4b2f9c2c-72f6-44cf-8d63-2f4ecdf14a24,Wmelufpes,2024-10-19 16:13:35
ba8c45f6-3cd3-4a1e-887f-eab2368117ae,Oyyphnqlqpsg,2024-10-19 19:10:11
3c8f0ee9-b3c5-49b9-8a21-60a1236be8d0,Xmlzvevtvfrac,2024-10-08 20:08:59
22cc30e8-4603-44dd-bf61-d594e0df437d,Usewbwheilxmu,2024-10-28 16:13:39
e6bb3e44-1b6a-49d3-853c-d7f948d53b21,Hyrhxhihwh,2024-10-12 16:34:53
3bc962a4-7582-45bf-a537-ec39d86946df,Xykab,2024-10-19 22:31:59
cb9cdb85-767d-49ed-bc17-7bb453ee4034,Thccy,2024-10-18 02:01:41
83c935fc-d19b-477a-b4d7-bfdde94f2575,Vtkvoo,2024-10-20 14:05:24
293c6c0d-4055-479f-ae03-5a8aa73257ff,Aueymufp,2024-10-19 06:53:36
52ff4dd6-4732-4a9d-b7d9-47a6bdc55863,Cdqpxnbfvlrcjx,2024-10-25 05:55:38
e1d7dbfa-95d8-46fa-a36d-4188d16a6107,Vzelkqvpxtvcwjg,2024-10-27 03:02:03
86a940de-d08f-4bda-8426-bb23ccbdcf67,Hwymden,2024-10-19 12:17:20
034e6524-6ad1-46d6-9443-2acb6bcfaf64,Trrgwfvhazmcanu,2024-10-24 15:57:55
a7b91943-3564-4e84-be66-888f09bd9316,Pquxeuvyifmqjr,2024-10-31 21:50:31
30335a67-b272-402e-93d5-1decdd966e09,Uasbuyg,2024-10-14 11:26:27
1a195e87-fb5c-4e7d-9cc0-d4bc52867371,Tylavrjbklaqli,2024-10-14 11:34:40
3eac1f43-8a2e-4810-ac8b-6577afe8d692,Ohmreeevjnk,2024-10-17 17:24:01
fc1f415d-2fa1-40cc-a20d-f1f4e3d0d9d8,Tyvphqg,2024-10-27 02:32:29
55aa6eaf-d36c-49f4-989c-5a33e37486d5,Ujmqfveqa,2024-10-07 15:06:29
42d5b6b8-988b-4ac6-be56-573ff86290b5,Lsnhtizzv,2024-10-05 08:25:35
7d18f072-24fa-477e-aba7-b02f39848359,Vjfgfsagyitwvln,2024-10-11 00:17:09
89739dc0-8b99-4835-8641-a75b2b6101b4,Unrnhhw,2024-10-12 01:55:49
d62da245-a5b8-4a26-9360-a50daf0d5fc4,Yfuneqoypmhcme,2024-10-19 06:47:50
4362abbd-46b8-4112-81dc-ae8179665f05,Ujypartcuip,2024-10-10 06:02:26
3b305cc2-75df-44ed-90cf-ffc76f83ea7b,Hoywhjipnoa,2024-10-30 04:55:25
9d45d2f2-ef4f-4f7e-a33c-c38b162383b8,Xbrdrdxkuonmypz,2024-10-24 15:34:03
0392b4fc-2191-49be-8933-d62b7cf88150,Owqjdlfexmaepb,2024-10-29 21:02:53
91fb57c7-4077-4aa4-ba8e-d293e612e496,Qhhyxoqatlx,2024-10-12 14:06:19
a592794c-18aa-4dfc-8754-8b7509dcb8ab,Dlajdiskimbmxr,2024-10-14 13:18:20
be95e857-9304-47e4-b1aa-e435fef1fe18,Lnfusqruni,2024-10-16 13:24:41
df2b6195-9569-45a4-8c96-29cfca2216bc,Mpjdh,2024-10-27 06:56:09
18775396-1929-4cd5-a7c1-257068f47156,Qeybrwjtqz,2024-10-05 03:25:04
316f0e1b-9d7a-4295-93eb-724f861b0d02,Brexleutxgcbon,2024-10-01 01:19:35
91418c6c-0195-4140-97ad-8a184d259e51,Yuapu,2024-10-19 19:28:54
4929c5ae-7f38-48ab-9cca-dcc418639275,Rstricoswil,2024-10-28 20:16:54
0e7dd90a-11a4-4829-9e0d-1d3fab64cf94,Szqtzq,2024-10-24 11:12:53
d7b9489a-61c6-4736-81b2-e49103a5c098,Qxkxntk,2024-10-13 15:30:57
7678c9eb-0af9-4681-bc59-f2ffa23f273f,Iohboiydbyaosk,2024-10-07 16:01:00
e0a9b6a7-3130-41a1-bc8e-1f9244e9870e,Lznyfnch,2024-10-10 17:09:55
901665d8-93b7-4780-86d0-6e5996c902da,Mhihiplavwbvfzi,2024-10-02 03:52:42
fe8c4fa9-2a85-400b-9e8e-463dd2a099f2,Pnprhzcm,2024-10-24 19:39:33
c2aeae8f-0db7-428b-9dbe-26cf2be3d5e0,Ehnkxxf,2024-10-02 21:08:56
235434bb-298f-4ee4-8228-2a6d3fc743c1,Sqzlcgejfccm,2024-10-16 07:46:14
bd2d8787-3173-45fa-ba7f-222056b4d6cc,Vzsyogdpom,2024-10-10 20:59:49
9b7a2034-3e30-42c1-b652-fe81553d9d7b,Fnhxvedbehnnbwg,2024-10-15 18:02:56
aaacce9c-a243-437e-bdce-73923c14ccae,Venpsphyr,2024-10-17 22:05:41
8812ce1c-6254-45ff-a6b0-512432d3ee70,Kfbdg,2024-10-20 09:43:43
14d11edf-195b-4c53-b7d2-4c638839637a,Fjqldanfek,2024-10-28 19:07:03
dad0b5c7-7f83-4d73-8d07-279497d4df21,Phhilgscodnkmx,2024-10-04 10:17:54
948ee9bc-b78d-4568-b880-1795a2cee14e,Spcgfrihi,2024-10-11 04:28:48
7270d674-faf9-401b-807f-4b8c54018042,Xnouhzjey,2024-10-28 21:04:23
5cec6c66-abbd-43a8-8d29-b13207f496fe,Pmgssazoibk,2024-10-12 23:19:16
21a40608-cc4f-40e5-815b-30a2879e9626,Deerrbfz,2024-10-18 20:30:31
2c96ca7b-8028-447d-b148-299313c04fa3,Isyfrj,2024-10-14 19:21:44
6803d8e6-4184-426f-a25d-c84bba2cbadd,Dndboonhzj,2024-10-01 14:31:14
7915a781-fd63-47f3-bb03-9de4628494c4,Njmbsrkwbgve,2024-10-15 20:33:26
44978996-ac9d-4b51-b034-7832a687b854,Npoqjcebrgkvny,2024-10-24 05:54:54
7e60457f-1a98-45e8-8e9d-0cd2e9c9bced,Ujzguubpesfeqky,2024-10-14 21:14:25
92b1ca62-10b7-4960-82a2-07e991cd9f5f,Vdnoilppleu,2024-10-26 20:56:03
1736c5dc-d5b1-4584-ab38-d44a97b62488,Pmqhqncacnatasx,2024-10-12 16:35:48
41c488c5-6b00-4e57-8bcc-cd30aa2d24e1,Bflehixlz,2024-10-07 05:40:11
78bcd116-1c4b-4b0d-9e0a-26ebdce05103,Txwhldqs,2024-10-15 09:20:25
d6d0ab47-8aee-4e43-9706-f37e4935f4be,Unzufexnxl,2024-10-19 17:09:54
0cfe2ef9-596c-467a-a2cc-c9ef8a0ec9af,Xrxpuootkoy,2024-10-26 08:29:13
6243d7b0-bd5a-43b8-a051-61e60e867bee,Gwtqqbne,2024-10-17 07:14:34
f3c7fac3-817e-4420-a7f6-4dbad2e0458a,Fpsvvbddftv,2024-10-09 16:32:33
28a3f0cf-3eb0-45ba-838e-a7a1c653fa7d,Gtszoifhkzznwu,2024-10-15 00:59:05
657b86f2-3f01-481f-abb2-9c0fda0f7071,Kcqtmdgpejbyhp,2024-10-10 05:25:29
0a346cd0-d62b-4247-99f5-512872f86a94,Keahrxvdrhpkznv,2024-10-14 01:15:04
6d97f673-fe4d-4780-955f-c37b285818af,Gbwnepf,2024-10-02 06:39:05
4a869745-1af5-4a02-b14f-77919ceb6b24,Dggjkpnypslnxfl,2024-10-27 22:03:09
8211a5c7-eda6-430c-bf3c-53d0e3e847b2,Cfodnzuraaswdl,2024-10-15 02:38:43
1fd08167-f929-4fd9-9d67-cfe1b7b3a01c,Bdoov,2024-10-10 10:18:26
05d7d019-80d0-4375-b34f-e9ee47f82542,Sroybd,2024-10-22 08:38:16
d3729c0b-3c80-4b8c-8dc7-f13f1c868bfc,Nnkdsur,2024-10-11 21:39:22
33e73579-e61c-4977-881b-87220b12450e,Nsxuzprik,2024-10-11 01:19:08
f5775d7c-147d-4788-aef2-c2b93753c8ca,Xiiqgn,2024-10-01 17:58:02
ae1eced6-2134-4f45-a32c-9ba92a006a09,Dlofba,2024-10-18 16:22:10
6612017f-be7c-4c9a-8276-ea8f6de84547,Kgjesxil,2024-10-04 23:43:03
494c59be-5d92-4e86-a8b4-5ad1ad4befe6,Jnhzbimzt,2024-10-02 12:39:52
06631ac6-1e93-4b21-bffa-ed4c7ff196c6,Axpztjhphyoi,2024-10-18 17:12:27
931e869f-d91c-4cfe-b89c-18a49099008a,Fcekckxfayb,2024-10-20 03:26:38
30edb6e1-43ad-450d-97ee-0416bde2e71c,Drgxaxstn,2024-10-17 01:29:08
e9527a83-55e5-4fc3-a28a-203e4b33e61b,Auephrsaphpuju,2024-10-17 04:06:04
88b34144-0e78-43d7-a3ed-67f95ec0758d,Qavwkfvb,2024-10-26 16:44:35
f52e6d18-8cdc-4c9a-8624-3089fb98e79f,Lvjkqcuxlg,2024-10-29 10:49:44
5aef9925-edfc-47e5-ad89-6af0b3e880a2,Yxizbkaacn,2024-10-03 06:19:44
943ac742-2ff1-4866-bb5c-52128e8d82bf,Pwthqrn,2024-10-17 17:39:17
b720ed92-4020-486e-896b-fb76267eb31f,Exlcfg,2024-10-27 09:26:13
bd766383-0105-4288-ad26-92409c278caa,Desmltgnydeogm,2024-10-06 02:28:28
d34fc0ff-41cb-45be-b31e-0743bd532166,Ptrbnmxithbaooi,2024-10-30 18:38:23
9389e571-86f4-4d39-9475-8eee15f54b76,Ffgid,2024-10-15 05:12:47
44bbbe37-6102-4496-a139-969a341fbf6b,Tovxotodsvi,2024-10-01 18:36:04
4b08a609-5a59-4ede-817f-c019345d506d,Ejkzpnnclqehuy,2024-10-11 15:03:34
3248439e-686d-4b1c-bdcf-a2fc29339991,Jrdnvlndk,2024-10-22 09:49:21
0fb6636b-ee88-4895-b6a5-2549da857e18,Comgkrvuurhsxl,2024-10-25 14:03:46
a150f85a-d405-4cda-ba0d-bfc2913e6d05,Eljmfadps,2024-10-25 01:53:59
66f2ec7f-0c5d-45c4-983b-1759eb05f5c8,Tuytkmpirjgkky,2024-10-02 06:41:54
c49e3eb6-79ab-40c4-9ff8-39ac4a2793be,Jiyudimfrika,2024-10-28 22:30:54
59de1011-ace2-4ea5-8328-49b9b5699d8b,Nxgheccvdaer,2024-10-23 23:52:15
13957fdd-c85d-4049-80de-b98c0108aab6,Uqloxgcyskxorf,2024-10-11 08:25:07
52e949ee-1b14-4b27-b3dd-5af13cc71092,Biypmlsuuqikeg,2024-10-22 06:42:46
d93ccce3-bb51-4a6a-8a00-bd809da47d67,Vidnsvxqeix,2024-10-27 09:22:59
daef5522-0577-4ce3-a213-8c0041a62007,Sblexzuqgu,2024-10-20 09:41:17
00087157-9aad-4656-bda4-20a2367470ac,Rjhytuehvdlk,2024-10-28 18:02:29
783ca597-d4ff-4c06-aa3d-67bc8fd0a49f,Mrcwybbyilxeaem,2024-10-13 08:37:00
6bb310f2-9012-40e5-95bc-7e9fa088fc6a,Almmyymqtfoh,2024-10-28 14:07:23
4d871529-76e4-404f-a28a-6568c8b30841,Ralzaiwjvwmkp,2024-10-14 14:58:21
69e39b64-e5d9-4456-aa44-f79d1d746530,Htoedpvxd,2024-10-03 20:01:45
c63693d0-4c9a-4cb6-9d4c-a26d984a19fa,Zjlnreugirj,2024-10-08 15:23:08
c48e27c1-7a76-4409-be94-7a8d5a9e59c1,Zlgcqetlqnq,2024-10-29 21:30:29
1aaafd73-a9d8-451e-9890-bfe0d0aa46b5,Qfmdmuvq,2024-10-11 12:13:22
5d82f3af-7280-4259-9591-771ac351d683,Ihrhac,2024-10-31 04:52:32
31aa5c56-9f2f-45e9-b07e-ca254385227f,Ivfggakgltc,2024-10-29 17:16:19
6323f834-280b-41fb-a0e6-bc125f020ef6,Vbblkxpleqjyb,2024-10-06 14:22:49
98e18a50-fa59-41df-b366-8bcf03a31954,Ywctvznvdckmgg,2024-10-26 21:12:26
5907067d-67f8-452a-98f6-d943bc9be78e,Ipliymc,2024-10-07 07:10:40
4aa7ae0f-1559-42c4-bf66-d30a1fa3bfc7,Vchurpqzsrggp,2024-10-02 19:09:38
f73aa0d4-4e7e-484b-86db-247a824768b4,Hgrcqv,2024-10-16 15:28:48
aadc0556-6cbd-4e0a-a062-b625592596fd,Wvubnppwiza,2024-10-18 08:25:43
94b8aa45-2ef3-4e40-a014-3e001c4bd7bb,Lnqcykrxikgdnlb,2024-10-19 10:17:38
9c53ca18-c5b5-466d-95e8-b72e7a5b67f1,Rwxvqp,2024-10-02 10:08:46
234d15f8-fbb1-446d-a386-9d9a89f0e545,Euigh,2024-10-06 01:39:26
e9ecd236-f507-421c-a1f6-1780e2ae0853,Vcfhuqftowlskps,2024-10-20 04:42:40
0e2d0c0c-efcc-4ed9-be81-896feba80ac1,Pznrqgig,2024-10-24 02:19:09
30e47578-94e5-4765-88c9-82c6a7b8d3ab,Mqvhobkfkxjz,2024-10-25 08:36:02
6e1e847f-32a2-47ac-ab5f-b633151ecab4,Nnaucvk,2024-10-27 13:41:34
80213ffb-25a4-4f52-a005-33ddfc995993,Fdmwn,2024-10-25 21:00:14
adc2bf5c-807a-4170-9047-d14efa87a2c1,Tjnyyojcaszxjj,2024-10-29 01:12:44
79f8ca86-a68f-40bb-8168-b42a5771fa6a,Bhbaj,2024-10-14 20:11:48
62916c9d-f1ce-4263-8a7d-17ba9964ff47,Goagmsyk,2024-10-18 04:04:52
27dd0157-9749-45db-97ab-2f8af8bd1064,Ibjszemgadit,2024-10-12 15:52:34
3882f879-6f76-4fd3-91d8-917c06695980,Qvmblbtblpoyquw,2024-10-22 21:42:27
8b902f4b-76f8-4d32-b67c-ec98821992ae,Srvailqjnm,2024-10-09 06:03:44
da7f9993-b3be-4e36-82ca-bc796acf3e10,Sjfiltjqdun,2024-10-04 12:42:30
ec0422ca-861c-40f1-b133-d61a610060aa,Lcoftwgqghlc,2024-10-01 23:45:39
9290b3c0-252a-48ea-9180-b045715a6fea,Mvpmfg,2024-10-16 11:28:02
4d01c581-c031-40bc-b025-578190b75d78,Gvyxz,2024-10-18 07:43:26
df388d1c-4b48-483c-a921-90c87e558b42,Lxveigvcr,2024-10-24 18:14:36
58261074-630c-439b-98d1-9461bea93d90,Ulpegjei,2024-10-16 12:05:19
4392c34f-d781-4b28-89b5-306ef1690d81,Tkjbvyh,2024-10-25 20:30:45
f925239f-1b9f-411d-bd37-b0454d36ff04,Iibfrex,2024-10-25 08:58:24
b927f2d6-e9a0-43b2-830d-faf654e1f811,Eaolflpxsf,2024-10-30 05:52:46
99f4d36b-d62a-4ada-9b2d-3126bc6e85c9,Tpmbypihfbaec,2024-10-19 18:37:26
60e27c85-39e6-416d-80d7-b2a7880a2cf6,Qfelgiu,2024-10-01 15:54:46
e2111012-998c-4be6-8cbf-1e4ee9ac1ba9,Ccwcwftwi,2024-10-18 03:04:17
500fed89-5990-428e-a74f-c2b5b0f9c4a5,Drffnd,2024-10-01 20:24:57
4f16e446-4c81-42b8-8102-704beb793509,Tzqgfkgdwgky,2024-10-07 08:03:46
d75ed56c-f1d7-45d0-9b90-500cdfe188be,Iolujyhgiageo,2024-10-30 23:35:55
a4c52362-6823-4250-bcae-d11524a6e127,Vossmerjwo,2024-10-02 09:56:53
1f2a2fb9-81db-42a0-bbe9-fb41d8f4d4f4,Otmerwlfgbu,2024-10-08 10:31:47
275f9dce-3a34-4744-b030-e3b030dd23b5,Rcwzasaygzuuoh,2024-10-06 17:48:24
f2eb87f0-68cd-49fa-b6ae-520ed7408f6e,Ovrxmllnkeo,2024-10-01 04:56:22
f2de8eba-9258-4181-9968-6ccc91ae9a86,Aibbti,2024-10-19 13:59:59
1e5607d8-4174-4d19-b0f0-1fa8159e8e98,Pihqqgeey,2024-10-25 09:32:56
9049b611-b400-4bbd-a7e8-2471e02771a3,Qsdniqxmh,2024-10-12 23:41:00
60044ed6-5d0c-4f05-b750-f425e04a500a,Kkrjncdgzk,2024-10-10 10:02:35
61c1660c-e542-43ec-bd3d-5758149f6a9d,Jwqelha,2024-10-26 06:02:49
e984c5b3-3307-45af-9467-871b8937dbf5,Coqoyjadhgznjv,2024-10-31 02:56:49
6f9898c5-df30-4acf-93f4-a07223873346,Jtsfawkuklbhfp,2024-10-17 03:43:09
0c4811f5-e71e-462a-8417-e2a6bc09d671,Procjukofw,2024-10-17 17:51:24
6a311826-4996-404f-9cf6-933ef4d30bae,Uymbodudr,2024-10-28 10:28:26
5dce2913-07e2-471b-b097-d0d25336dbeb,Yclpfwe,2024-10-24 11:38:32
3fef9ec1-b3a1-4820-9f8f-c5c29c156223,Loodfcbfamfem,2024-10-14 09:34:05
20208730-8011-45af-85fc-e6081a28b253,Zdzhlrpyjmtjsm,2024-10-16 17:14:39
e221c133-e095-40bd-a251-00ef1fb98754,Svkihrww,2024-10-01 18:03:07
6d462f4b-f490-48d7-9840-150710799a89,Mzrczspj,2024-10-02 11:05:08
1bf5353b-7e74-41a7-a8f0-24aacb73f07c,Oomgiomyjvbcqfm,2024-10-06 18:13:39
34c9ced1-a2f9-432c-b0c7-9c38d5a051c7,Zkhzyvunnjnhyp,2024-10-02 08:26:07
5762c0b2-41b0-45c3-898f-344e4464bca7,Ciljq,2024-10-09 14:45:20
c9e72cb1-9289-472d-ad5f-1ea7dd69230c,Bwxbnkclleg,2024-10-19 05:03:52
7a753b67-5907-4442-98e0-fdee5362d65f,Wcffi,2024-10-26 11:03:44
c6697236-b714-4b2d-b4bf-70b8c1fbd0e8,Endnmioidk,2024-10-15 21:27:07
ee746969-1e56-4a81-a39c-3fb86eca7b31,Cfghfmm,2024-10-19 12:55:12
4bffd21a-377c-4c98-9e5f-d324bf58eed4,Rmbyvgnktsfij,2024-10-05 12:45:11
2589c138-9d39-44cb-b9b9-f25ce72cb959,Cwwzs,2024-10-26 12:55:13
dfa7782b-efe9-46d2-9430-f4dcf6044d09,Dqeemss,2024-10-25 23:02:48
466064b0-0f7c-4ba8-9f4f-a1def59896a8,Jxwxhwqyvr,2024-10-30 15:21:28
90314558-e1e5-474f-8726-2907ab95ccdc,Gggxpg,2024-10-31 13:37:53
53b78291-477f-47c9-9315-222a4af1bd8d,Gfhxqviiorg,2024-10-02 16:33:02
c9126471-c366-4900-b364-b3fb5cda1dc7,Ccgipwimjtc,2024-10-14 10:19:51
1b2e5961-9015-47dd-b4e0-e711d98dd596,Okatojaiffbawv,2024-10-22 15:08:06
a5accd9b-7e59-40f6-b67a-98c421f97297,Uluvwelzy,2024-10-14 04:47:02
fe878ba6-09a2-4286-aed7-925fb22495bf,Difysiwantjuj,2024-10-27 12:03:05
93c5d46c-3309-4743-b0b1-b42b03915a56,Lzxbqmewcfusio,2024-10-20 07:54:22
de5909e9-39f5-4081-9751-44567f406c27,Dbwyaklruxsewls,2024-10-18 04:14:30
472cd3a8-17c8-4356-9f8b-6bbedef796b2,Ukzafcsotw,2024-10-25 08:38:21
f9886a0c-9527-4375-9e89-be109b09e3df,Lywmcaqjcik,2024-10-02 15:39:34
3683a268-8e06-4b6a-9544-31cd8d99735f,Mrxmavywsv,2024-10-10 04:50:07
808e54c8-ff23-41b3-b8bb-8be5d09fb197,Unbhk,2024-10-07 12:23:40
8f4272b2-8976-495b-bc61-974d073a9cd1,Vcpoznnsxnaqs,2024-10-14 08:29:59
47188cf5-895c-4ee2-a06c-56c0f1d59c51,Afpfpbk,2024-10-03 09:33:24
d7c62f6e-0488-44f8-b721-26cde50a07b6,Fjuaaeoscn,2024-10-08 07:53:25
4135268f-907a-4dd9-855b-efdb768ab1ae,Yatiagnjnfrdeo,2024-10-15 20:59:42
5e1cb844-b455-4d51-a1ee-a9c3e286c942,Rguxhirn,2024-10-15 09:59:05
fa0cd222-b357-438b-a698-4fe653f421d2,Ahbnucgbkoa,2024-10-01 07:47:50
4546f55b-8911-4565-95af-0c8dcb1f81f6,Cujzwiqx,2024-10-18 17:56:44
a08ff04d-6e83-488d-bac5-5bc85c5a113e,Bznhokrrizqypfm,2024-10-10 03:44:14
bcce53b7-c33a-4db7-b0c0-b0dcee1cacf5,Xnptdms,2024-10-25 04:52:02
94228ca7-59f9-48ff-908c-e6c127a93b92,Tfoueyin,2024-10-05 11:55:30
eee29ef5-4933-43cf-87e3-7bac27f4c861,Aayvbordcecp,2024-10-28 02:29:39
c14df751-c889-499f-9e07-07beb86802a5,Hysukgyhcimnvf,2024-10-25 16:33:17
5bfc4fd0-0b7d-4f1a-b633-8049c6a19bf4,Jnrgellpgrftz,2024-10-23 07:37:21
c69391b2-7cea-46d6-bae5-09ebc2aefb69,Unxzk,2024-10-02 02:53:47
62935787-d90d-426f-aac1-e94fd33dc968,Peayokueoysxcq,2024-10-28 20:15:30
6b793aee-9739-463d-baf2-f76cb5a8c755,Cdzthgucxcojy,2024-10-31 15:31:17
8151bbd8-bab4-4e7f-8f8f-f1d7e9fb133a,Aymazqtpfuf,2024-10-27 20:36:45
e41f9063-b520-47fe-8d82-7c81f65514cc,Dipzr,2024-10-02 17:04:48
c0cda42e-7cf3-4259-8f03-9045bee17df6,Qwhvguegnnvv,2024-10-09 15:27:39
1ac73019-e037-4ef3-b651-15b801a0c2d9,Txziyxtw,2024-10-21 09:51:46
2a96f4f4-123d-4323-9f9b-274be10a1c5d,Etuyzmwt,2024-10-23 01:27:11
bc72e924-ecb3-46a3-8d1c-f9d93ff84d5b,Zkrxbsvlewgplf,2024-10-02 05:27:39
76845f55-9fcf-4345-91f4-eb27add72088,Nlmydphbrrxxldt,2024-10-23 04:13:40
d58d90f2-a5db-440a-92ba-1250e43f38be,Eufms,2024-10-21 09:29:48
88d3fa46-2067-4de0-994d-052834a32a04,Xmjkxubyseo,2024-10-14 13:46:08
46e9f3cb-4903-413c-a3f0-a1d4fda39eb3,Jemlstnnhogiv,2024-10-01 01:22:13
46c58d6b-4400-4ed0-a32a-9cd0c48ffa28,Fkfxbahfb,2024-10-16 13:42:09
09f4fb1e-1324-4154-ab0e-a41f77a191a3,Xlyqevxnaa,2024-10-26 02:20:37
5dac55ce-aa06-4356-b732-b9efe83fb996,Remvatwxbj,2024-10-18 20:02:48
59c1f1ec-9d92-4d9e-849f-c7c34ccdf916,Ruoseookijpo,2024-10-03 10:14:41
1b6e368b-f129-45ef-8220-54bdf1e0d033,Taaqxmhe,2024-10-28 22:29:47
48927714-53f7-43be-b34a-ff27a49402c4,Jagcdbzhcxpfws,2024-10-21 22:26:12
c5494cc3-7d6e-443b-92aa-c0946e82fcac,Ucxcpqgp,2024-10-11 10:33:38
d81306d9-d923-473c-ac53-aabd6432af97,Gzjcldfbakvp,2024-10-30 15:36:08
40f42661-4a1d-480d-80dc-128ba437adb1,Vwhanplnra,2024-10-01 06:12:47
327a43a2-fac6-4b2d-b12c-be73e6a582b7,Eqzrwjukufhrecd,2024-10-18 22:03:24
f93788fd-e645-43bd-8545-4a88193eee35,Uokiyfby,2024-10-21 00:33:24
2b127315-a1d9-40a9-a365-3b0cdd8657b9,Ysycag,2024-10-31 23:02:25
71d20d65-9666-4120-bfc7-339286bf7659,Tuatxztymok,2024-10-03 19:12:04
96babbbe-7dc2-4ace-8461-6a5662fe5422,Vylju,2024-10-21 04:59:20
fb4a81be-fcfe-4808-9485-cd77c2a42102,Hsfvmvf,2024-10-06 08:47:48
09a1d8cd-22ae-4b33-a2e8-546e0e42d9e6,Zkfkdcg,2024-10-28 22:59:25
b9602b4e-aa5f-4ea2-a31b-97abea0aae15,Guopxkepl,2024-10-26 10:41:56
6993f1cf-9863-4e54-b22e-2696f7be9e42,Zqjlaaxf,2024-10-01 02:57:10
0aa4bf01-c699-4e38-80d4-ac4c00e75371,Lezslzukldt,2024-10-02 22:35:28
63552e55-8025-4ef1-9c10-7394e9f7a846,Wwrtew,2024-10-26 16:44:36
d6caec3f-113b-40ed-b0ee-74ab56d97508,Ffiauq,2024-10-08 23:50:21
87886039-04c2-4af2-94ff-4325a021086b,Hfuluiwp,2024-10-05 17:44:55
a01a699d-38eb-467a-82cd-fb44dadde3c4,Nwrebqmzflccz,2024-10-29 20:30:23
a54d6ae9-1d42-46dd-a22c-0ec96277d756,Ecwypsnmdjqsqi,2024-10-28 20:15:10
a41321da-8466-4b91-b7f8-ada7b72883ef,Ivnacr,2024-10-27 13:15:20
e5abfb72-47ea-47e2-9cf2-4f4d321eba07,Xsxwoynlrrcsjj,2024-10-10 02:42:59
6afdabf5-77e3-4a97-9255-842c6ed32b64,Kpyxiz,2024-10-25 10:28:24
193cac23-7eda-406b-9df1-47910911345b,Jnarddvih,2024-10-02 14:24:28
18725407-b524-45af-b668-165e2cbc58dd,Dhpdvlc,2024-10-26 01:39:30
c025d7c1-923d-4ceb-a81f-f9e357423b51,Suycuojwldgh,2024-10-28 20:05:53
9e53f129-212f-4653-b547-f296bd6b53d5,Zqnvum,2024-10-19 18:34:55
e4468f60-9ef4-4baa-a297-2548aafc7145,Cstljiuuggzcj,2024-10-05 06:53:57
df993f1a-7637-4c57-b295-670dae1d6601,Sejkhbjkhi,2024-10-12 19:35:46
e6657dec-3b29-4cd3-97a8-fd8b8374e520,Ouvrjo,2024-10-31 13:20:39
11f10b7a-104b-4051-abe1-a6c7c706f745,Xsgikhmmzwzlx,2024-10-24 20:20:50
d92573af-226c-4fd6-abcb-efb6704e82f1,Pehdrhvjpxthrid,2024-10-11 14:13:34
daf3ac2c-7160-4485-ade7-baf2484cb497,Aoglnjdqtj,2024-10-24 19:17:20
50e4970a-68ed-4ee5-8e9f-5738a5efca4c,Xyhaixediasyfu,2024-10-29 16:27:20
a008c1d9-03d7-4f4d-b47f-e254f82b8386,Jmsrwzhatordm,2024-10-27 03:19:17
fd4fef2a-5e37-4f78-ac7f-cb3fff51441e,Zjhbjlwg,2024-10-27 04:27:24
d9d1a0e4-fb51-46a6-bbff-4a78b0dddfd2,Ifbtokxw,2024-10-07 23:35:23
fd4ef4d6-7662-4af9-b1d0-d95c2bc1306e,Ghnxikiywwvi,2024-10-18 13:18:43
e4452259-81f6-495b-8cf1-dd4590e8217f,Mkuqmkv,2024-10-13 07:12:24
60a6141b-edaa-480b-a026-d33f179f9ba1,Ydsgtriziw,2024-10-21 20:40:32
e1a64c70-1085-47ee-9976-d0830723f43a,Xdoqupgnagrxe,2024-10-09 19:38:05
1006b447-c788-412b-9a3e-e9dc95f762c1,Mcemilsyd,2024-10-15 17:30:02
ff46c87f-eee4-4f15-8985-120ae8255fd6,Redbpwcsdvsnyvt,2024-10-31 10:14:04
3a8b57e4-7671-446d-993e-f57f6399456a,Fzfapnbnxmiv,2024-10-08 05:56:55
7e3e4aca-89d5-4795-b42b-d6a8dd71a478,Hkltthgk,2024-10-14 04:36:13
e4f8a9ee-6dc8-49b7-8985-1a3624a98151,Gnftt,2024-10-19 19:40:31
aff3899d-cd93-4a2c-8d88-3b72f2ea9918,Oghctzjzhemhg,2024-10-11 03:14:33
c2e74e32-6d1c-41c6-955d-cac1b17ad1d6,Wiimoglsjujrq,2024-10-13 23:24:35
982a9263-f4d7-4cd9-a619-26d3b8b69cb3,Gchvpj,2024-10-26 09:29:27
bf9bab9c-3df3-41a0-90e1-8fd2ee34cd5b,Zhqbp,2024-10-27 08:45:45
20b80d7e-a35b-4352-959a-e6dcde2e020c,Nnicd,2024-10-19 21:03:21
0a360082-7b10-4c26-94e4-f7328a8af698,Qoohdaxbrrexmp,2024-10-20 23:36:15
aa79a622-6660-452c-9c74-48aa09f4d433,Zpijgbpuouc,2024-10-19 22:39:12
006ee0cc-9155-417e-87ec-d051e1ff0000,Tgjcyt,2024-10-13 12:51:28
4d5f97aa-9c0b-4d52-9285-63f5112c4110,Dbzxthf,2024-10-06 12:41:31
b3c43132-0eea-4db3-891a-a8c7cb1d8ef2,Ksmtpijxr,2024-10-18 06:50:36
77879c15-6554-4973-b12d-07d4cc52bb9e,Obmobqdu,2024-10-29 10:10:21
b31a78e1-ac55-4ae2-b498-ca453a46c2d3,Jnfjrfzu,2024-10-31 07:17:27
a5f05eb6-250d-4cf0-8ecb-5dac989014d1,Xrumh,2024-10-02 03:06:18
0adba9a3-e7f3-4fad-af93-1b06e7495a7c,Nldbyv,2024-10-12 21:20:27
cb6ea43b-da1b-4bfa-bf85-f28a720fe9ea,Xwbepy,2024-10-23 12:16:12
08471c96-8452-46b0-8110-3d35c8d80481,Hyemztroo,2024-10-30 04:17:37
a1eead0a-bdb7-4037-a3b7-4e3ac25fa97a,Tbozxppzgikpujf,2024-10-12 01:44:11
dd18e1a0-7b93-4573-9c36-11da93485abf,Voxmdojvbyc,2024-10-05 02:10:03
5c81e46f-ff40-44d2-9ef0-25863013d1cb,Zccxsdax,2024-10-27 02:54:34
fe3ffccc-1bca-4c1d-816a-0c8bcc79546b,Kuqlinhdjqbylae,2024-10-14 23:03:39
d9b45bde-3628-41b9-93d9-8e840c5d2eb6,Gzkxobfmxio,2024-10-30 18:23:04
3bf856bc-b55d-48f1-b2b9-313574da3dc7,Pwseciy,2024-10-23 18:50:04
b5fd77dc-df70-4936-9666-80f33a49f4a7,Qtrcrli,2024-10-08 14:06:10
75235d71-599d-4e80-8458-6ef472434047,Ifcfprzoq,2024-10-16 00:13:36
d8bff6cb-cfd8-4da0-91ce-12f41f61633e,Swpslpcfs,2024-10-08 18:05:11
1b4fb964-fe9b-4360-8276-d7b95aa1531d,Umisayd,2024-10-22 14:40:35
6d1c8cf4-c473-4a47-979d-f71db7313dad,Hopku,2024-10-19 04:28:14
28d631cd-04a8-4e1c-b75f-a55b042d943d,Yakvzzhhvjpxs,2024-10-21 20:25:51
130659c8-3a64-49fa-bc8f-6bc05a5b6eba,Fihkhxinlfz,2024-10-10 09:12:13
d9413cee-0ac3-4422-94c6-600eae7e6987,Zdoni,2024-10-29 21:29:17
413a2d1d-0c04-416b-becb-ec0215ffa07a,Wlnbspyvjt,2024-10-08 20:42:11
bc29a1e1-f097-4e5d-bd64-79fceeccc247,Nxbryacqfvzfm,2024-10-28 09:08:06
c90d19f3-ae4b-4d48-8f4e-13f95cd6a5f8,Lfmwu,2024-10-12 15:39:07
1d866a0c-6c3a-4a32-9277-e523a89ed134,Onyaonho,2024-10-10 08:27:34
6b03309f-657b-4927-ba1b-5273a4a1ca8f,Snqesjyc,2024-10-09 12:07:30
8aac9859-53e3-45c8-9c44-57c01bfde816,Jazpem,2024-10-10 14:21:59
e49711f8-5473-433d-84b5-c3962bc3eb8c,Kgjxsmhi,2024-10-26 11:21:01
32a4fbb1-10a7-40d0-bddc-68e8c3576886,Aiftcbzftzci,2024-10-22 02:19:44
618b7eb0-5abe-4dc7-bae2-1fb779f86bc8,Ckrhoyho,2024-10-13 20:40:38
4f184947-0ba0-488a-96ca-5c80adf6aa5e,Vqlpjtqtt,2024-10-24 10:46:24
805d2a51-2f8b-4159-a2f2-18e69441e09c,Epcxieurl,2024-10-15 12:11:03
278a77db-08d8-4fe0-9e09-c238ae45d7a8,Bdekd,2024-10-01 02:50:32
aa357e5a-aaba-4ce2-a208-e879b9ddd82f,Esecdgd,2024-10-22 18:09:14
94d6a080-1d2f-4759-9a5a-3c85ad656999,Teocpitq,2024-10-25 21:41:37
cc8b8942-39fa-4835-82d0-d3fe98606e60,Klroednuinst,2024-10-15 12:13:11
fe6716c4-6b98-4ee2-9210-95bfa1a001b2,Ryefredcxrridkt,2024-10-18 07:47:19
d41798b4-f507-40cc-bd0c-9f0ba79a6557,Soahrb,2024-10-21 00:29:07
33159a0c-adbd-46d6-b684-909fe9f512e4,Nhthkbltv,2024-10-09 22:40:12
88d98c30-2e78-406f-b54e-912f128000da,Xyqflrsya,2024-10-21 03:54:13
86a6de90-1f2f-47a5-bbc9-7b732b6cf0e9,Zzojh,2024-10-07 10:45:45
800a9383-3ddb-4224-b697-577951126942,Twloomyu,2024-10-26 07:39:45
b974cff9-951c-4c5e-8afb-c62750298772,Sqybxnonlb,2024-10-28 13:20:11
c6ef9d6c-ade5-442f-9641-45f0e0c9c735,Rngbsnskqpt,2024-10-21 16:16:08
6b3451d9-af28-4c98-a1c5-287c1945ad46,Vfkrjo,2024-10-02 20:30:42
94f954b5-0e3b-4e1d-8d29-912f3dcbae77,Autlq,2024-10-07 06:03:27
eafcc8f7-013a-465c-8fdf-9dd46bf0e59c,Ebqshvdix,2024-10-29 05:23:03
72e72ad6-ac68-4193-bb92-cbe6fa5873a5,Oztffdzcui,2024-10-21 05:03:35
6f384ec1-5c42-4dd5-a084-0ea702859bf8,Bymxilu,2024-10-24 11:29:00
8efad29c-8489-4e1c-b520-893f90ef1770,Obnwrpurjip,2024-10-17 06:35:09
e27adb76-8806-42d8-8086-68df809ea33a,Apdyyupndqr,2024-10-25 15:15:16
0ed296e5-0b39-416c-9537-0e4ef767130b,Srjwdlyrsuay,2024-10-08 12:57:13
afbe41ef-24c9-4e39-9de6-d8b0e564b9b4,Wadbssvgdwkdu,2024-10-12 02:24:49
ed8f04db-1b03-48dd-995d-87616baf4a9d,Qdtnawwanpemp,2024-10-02 23:02:38
7a7c0dc9-49fa-4ed7-8233-c60260098d2e,Sncqoeuoxm,2024-10-23 07:21:37
5a9e258d-388d-4259-a1c3-1b652e25dc70,Gkwtbwa,2024-10-06 17:06:59
348c15ed-96e7-48f2-862d-74338e44a865,Zhtch,2024-10-06 19:57:23
c9d45769-2988-4e98-9310-2bd9851311d4,Apwwtxaj,2024-10-08 12:32:50
45963736-ff5a-4060-95bb-27840d6bf23b,Jbenhiswst,2024-10-07 09:59:15
783efd72-3193-4508-8e5d-d147e71ae6e7,Lnupqbkfs,2024-10-25 17:45:11
0a434a20-bf51-4e92-85be-20d756d3a971,Zwrdokej,2024-10-26 09:58:32
019981e5-beca-426b-8ed4-6c28ebbca7c8,Xxkwsjdmrx,2024-10-06 18:19:14
c807beeb-0970-43f4-b90c-79df3481e2a0,Dcsfzlcq,2024-10-11 10:55:05
d0a90c56-f69e-4ace-94b0-a627af50b481,Eawywgpg,2024-10-01 09:19:41
b5a9005f-7637-4316-98e9-4e4e4bccb4b8,Oifdm,2024-10-08 17:55:59
c7084dd3-bd62-4d29-834d-e07a254a31c2,Bqjimvyog,2024-10-26 17:52:14
4f02350e-87ec-4434-a6ed-9dab2e3fa115,Ysaetxsse,2024-10-17 14:14:58
431b6694-3c45-4656-9578-1fc3f0e61e5b,Rvrbubiwfuxokxi,2024-10-27 09:36:33
2f1b36df-15eb-4d3c-ba2c-afc04658c985,Jkwuwppayhftj,2024-10-17 04:37:45
6f725181-f660-4d24-92aa-e8446848db83,Tpgayhkbrsfpvzj,2024-10-01 22:35:47
9b191390-795f-46d8-a5c1-d78efdaf1ce3,Jqolgjoskscz,2024-10-25 05:34:27
b5cda4f6-d27a-4d40-a395-1817a31f2c01,Vldijpkac,2024-10-15 06:47:47
b46cc6ef-68d3-4677-9b79-18592d84c18f,Qczwdskv,2024-10-29 18:58:19
da6ae219-66d0-463a-a683-cbf18dfd2757,Bmvkiiiubsesunr,2024-10-24 11:48:18
75f3c9b4-b757-432c-963f-40f42f152046,Bhlizrdhg,2024-10-13 06:34:50
b2a604ae-5d9b-462d-a00c-53fdb6c603e1,Mnlaumswcb,2024-10-11 22:54:14
0f5d88db-6983-45c0-97a4-060880b6244b,Wwghngshxoev,2024-10-20 01:24:25
6ee09e44-82ae-4d66-b925-a94c9a4c100a,Kcipjsjitex,2024-10-02 12:16:32
a4a1d97f-f7e9-4200-bd1c-794b71e054e9,Fdqtphxebefceck,2024-10-27 01:45:30
5add248d-370f-4be9-83ae-99d9305854db,Ydtahliu,2024-10-07 23:21:17
a25cf830-d2ea-4cc6-9b1c-fb3dc9929fba,Dopsmdlt,2024-10-29 17:13:35
0f75d97a-d2f9-4494-9c1a-e1f437a2aecf,Ozgpylvoubnpaz,2024-10-22 01:24:59
d250fcd9-2c5b-490d-b285-5be7e971f3ab,Ouvmadkwxotizck,2024-10-02 22:19:42
6fa36f57-1f72-419f-b2ea-252c9ffe574c,Cxturkocc,2024-10-09 20:49:34
74158122-3ce9-4e17-9cfb-c523ccffc0fe,Yxiqie,2024-10-17 02:35:58
3e23f871-b87e-4bb1-8243-faa7b22fe5f0,Ziieyexjrh,2024-10-03 20:22:04
ceb49a48-f453-46da-8cd4-b399bf4461da,Prqzgbngxgju,2024-10-12 15:15:15
266cba8e-3701-4e19-9474-1ace9aa03a7c,Lwhto,2024-10-15 07:23:20
8f077f15-b231-4a5a-b7a2-2d7ad00066f4,Rtxaneb,2024-10-12 16:28:22
cc3dc045-7c71-42a8-bfb7-843099c176e8,Hxrujllnpwwyw,2024-10-22 10:55:04
762a7f69-ab9d-4017-b697-498bea75fe66,Ydsopwc,2024-10-10 16:16:49
8f03875c-e83f-4002-8983-ce189bd67e11,Eofyxntbntuved,2024-10-29 13:05:59
58bdd6d0-53af-4025-8897-f3df3383ae60,Zdebbqdb,2024-10-23 21:53:54
42951561-68cf-46bf-87b0-e231f597d1bd,Uqdkowl,2024-10-01 02:19:51
93c67ade-c9f7-49cb-8274-55843db522ae,Rfoomzbjrwb,2024-10-23 21:39:27
daa3f0a2-f16a-49aa-860b-ce1a185d511b,Kfszckvzbhif,2024-10-03 18:22:02
9469b11d-8f3b-44a6-848d-75c65cdd2a3d,Spkgqjvt,2024-10-03 08:00:03
9a15807d-7a43-4a99-8d87-6e2ef0bf4723,Dczqjfvosxwkzn,2024-10-10 18:31:38
7dfb8420-ea82-456c-9f68-62941245e32a,Ltlcprw,2024-10-24 00:47:12
cefc23be-817a-4a2c-9727-457dd09011c3,Gpvumva,2024-10-29 13:43:35
a3d44f2b-5f9e-4c42-965f-55738782155c,Lllzplcsvtuxmgj,2024-10-18 16:58:20
4d67e7d7-44db-446e-b93e-54e0928814b5,Mxcvamrfyebjcv,2024-10-18 04:09:59
85753266-ea80-479c-b172-f3af66dac3cb,Dqflygsyboezhi,2024-10-25 21:34:41
531737a7-3f62-46c8-a65a-46c5b7850a1b,Jqjesx,2024-10-26 21:07:22
33ecd51e-f4fc-46a3-9426-82a3a4762307,Oowqac,2024-10-08 14:32:52
df28e3ba-f72e-4a70-a980-02d60e078bf4,Ihkex,2024-10-09 13:46:39
81486464-5018-4c05-b3ec-254e4c115cf4,Nttbndw,2024-10-14 20:06:45
bf98cd17-aa56-4fc4-8ff9-ff834d982e6f,Jvhtkhbdfwuw,2024-10-14 00:15:16
b394f351-e583-40e7-b834-3048ba8b9e88,Telasottsersek,2024-10-22 05:36:13
1e61e754-5f1e-42ee-aa1f-411e70a4a7ec,Lckwtx,2024-10-31 08:50:23
dbf85449-0423-4e30-949b-c27c39db9044,Yhvovjtrtzyptoq,2024-10-05 16:20:34
dcab40c5-c230-48c0-a548-5d02c861ad8e,Vhejyyuuezfiiil,2024-10-28 03:39:46
c89c6507-9b69-415e-95fd-71edc4e80fc0,Sbapbvkyfzl,2024-10-25 20:22:58
701944f6-f82e-41be-9b5f-ab2a9f3afe9b,Kqqtzbgzbwyechj,2024-10-24 18:54:22
0d0529a8-2d24-47b7-a9ba-10c24dc06503,Iqrdqmygmpmm,2024-10-28 12:02:57
fdcc20fe-4af8-4faa-9d0d-102ae25d4ac8,Iuuroui,2024-10-06 18:44:05
e28dd647-fc32-48b4-82b3-d95b227a0d66,Tqloc,2024-10-25 03:20:51
d7b5dcd0-153a-4c8d-afb1-9b788b09237b,Hwfpu,2024-10-13 11:02:41
32b034f6-76d2-4dc7-80d7-93dcf4a9c915,Icxszpnyojcylzo,2024-10-14 20:10:31
6a7c3b6b-e61a-4ad3-97ab-62a6cadada50,Ehkneb,2024-10-24 19:30:28
f79394a8-a286-48d0-a16d-23140806b58b,Mzsyvotkmcug,2024-10-19 07:09:47
142f8f25-c217-49a9-ba4a-46385b0547ef,Owhwcakwnks,2024-10-19 16:03:47
969949ea-144e-44a3-9442-c323ce2e2c53,Uaxyqy,2024-10-27 22:14:30
5e22f2d3-5205-44ce-b62b-031d23685e87,Ruukcnhf,2024-10-07 18:23:23
5686a5bd-4b42-430c-b17c-d6aeb1d1e84b,Ykgbkcvgl,2024-10-16 06:53:18
04d36127-6e0f-4416-b12d-06f0bbce5b61,Crdalmc,2024-10-04 17:18:43
a5530b17-687e-4e83-b4da-5f0b2b287104,Opwyaraomgd,2024-10-14 20:30:07
ae50a811-88da-4e27-96b8-538204026a32,Fnigoahphtdbymb,2024-10-24 09:00:41
502c5b8f-6402-4c1d-a0ef-a085fa1efad2,Eggtsjbohpzcixh,2024-10-04 20:57:58
e43c5611-1794-4254-8c90-3be5a14aefe8,Phkqms,2024-10-18 04:55:38
e1870654-b623-42a9-a30d-38d6ef0711b4,Qmiqntrsznnjq,2024-10-14 15:04:03
25e165a6-888d-429c-bb34-b1b4031f4435,Bzbbpno,2024-10-07 11:50:05
8dce68cb-6341-44e7-b530-5918ec790697,Ijagac,2024-10-21 09:12:33
6c83e1f0-e002-43c9-b0fc-88e19cd98229,Kkalmhaghsoaau,2024-10-23 16:55:55
6ae15788-fc8b-450b-b1f7-7c26a0ebdd10,Vybjqbmfr,2024-10-13 02:08:26
eb6eb498-36cc-4eed-942e-6a90bef89716,Toxyigf,2024-10-30 23:51:45
4a8ffe29-f0d2-4033-a706-7fbf2da33235,Kyuxikmiekdxjr,2024-10-09 06:07:45
838ecbf9-c5e5-4e7b-bdf7-7e0701cb078b,Hiawbodcxae,2024-10-27 18:28:09
9f7800e8-81b8-489e-afff-a7788cb30457,Othnkoa,2024-10-18 18:53:01
b84dcc0c-d51f-4fac-a457-6eeca5a2383b,Mcjrkllr,2024-10-05 07:03:50
0915a975-99b5-475d-87b6-7aeeddec3b4c,Yimuft,2024-10-13 16:33:52
d13016f2-a80c-416e-8494-422b9cb7b87c,Drzomlmq,2024-10-09 10:43:38
a0c58a17-3335-4267-8116-1657ee0675d7,Yvcutiu,2024-10-09 08:46:37
71f1d0ab-41e3-413a-84a8-d9fd1abf8fd9,Gzaggqjtgh,2024-10-19 13:15:41
ea0e2611-7340-4eb8-a72a-5256f78367ab,Dfeuwpamsefed,2024-10-14 00:09:11
f04181c9-1b58-4f28-acc5-d76e8567b6ac,Bjnmxo,2024-10-02 03:53:19
28aecc7b-051c-4a77-bd2c-696b32d57c63,Tpbismw,2024-10-16 15:33:52
edaea507-099a-41fc-8014-73bdad118320,Fheaohqthp,2024-10-02 15:29:34
35e50633-454a-49d3-b94e-7d1cc2cef0aa,Eitthd,2024-10-06 15:08:34
a94b6c65-b812-4655-97f8-330a07ac3940,Ikovfkueougg,2024-10-02 18:49:07
476dc3c5-bf85-43fb-868f-6cc6b0d0d404,Ziqro,2024-10-06 04:23:23
89af119d-9303-4d05-a078-e2c80355d60c,Atfoibbq,2024-10-17 03:31:38
12270db8-12a4-4828-954f-f8fae482b78f,Qgfhunanmzatsah,2024-10-11 06:36:20
05bc33e5-cfcc-4eb3-8c15-729d375da323,Kbqfttlvimi,2024-10-18 07:08:53
9734d756-fe27-42f9-8923-91d7cadfb65c,Jjbono,2024-10-23 06:06:07
b947f349-403b-4512-a244-2c6764a3fe4e,Bjqtkikyy,2024-10-08 19:14:39
b4143421-a91c-4c9f-8724-370480f06c66,Dzvjxtf,2024-10-07 22:36:49
56f61fb5-481e-40c5-94b2-9bfd81884e74,Jpcthjcht,2024-10-05 10:15:34
20a87571-a40e-467e-ae8f-99dbe96b4fec,Gcbvvakhpax,2024-10-21 08:21:03
535815db-85f3-4689-a573-c3db7a28f266,Eoumkyvfi,2024-10-27 17:53:06
0c4989bd-c099-4396-8761-1bf4b5f26f11,Lxknco,2024-10-07 18:04:48
e01583c2-9503-4992-a8f4-e20915c4c01d,Tngiiexxu,2024-10-16 10:23:32
48b175ae-ec69-49bb-8e79-41fd88441569,Bklimbprruzin,2024-10-27 02:49:17
2ccec56c-dc46-49dd-8aa4-ef8c3cddc9b4,Giacfoux,2024-10-10 11:26:26
fa713b92-913b-4868-b004-30555b6b75b1,Dybgzrqgnnzqsk,2024-10-27 02:47:49
97ed90e8-724a-4e8b-9b15-52e43ba14309,Hrbxfwc,2024-10-18 08:26:52
1f6f2738-96ca-46c6-9cbd-d7182a544fe8,Hakvboywicfeba,2024-10-27 19:36:02
74debfaf-a332-4bd5-b82c-719171e26865,Pbcqi,2024-10-09 06:14:12
be289a6a-b79e-4247-93c2-2853391d59e7,Yqzkjxokaeujnhr,2024-10-09 11:19:03
6a515ea0-ef1c-4f6c-af6f-f8aa2e84225f,Wecffv,2024-10-11 23:18:35
4dbdc255-339e-4ce9-9e1e-4a8b42dc57ed,Byzvnvrdttzly,2024-10-27 22:51:35
c077a8fe-7ac9-4646-a3d8-01a3d6b94865,Uwptnxtpmngmfs,2024-10-09 01:59:01
d52a90b9-c314-4fa0-bbae-d11e1c73bee2,Ycfgbkkjz,2024-10-18 08:30:35
0a5de6a8-e001-4423-82f2-db193e70fb7b,Epncwez,2024-10-30 10:13:34
a80503ec-050e-41ec-99d6-52aafc8c3def,Lvblvvvy,2024-10-26 01:29:18
d74986f3-c97e-4207-9018-6b070ea412c0,Lflxqydx,2024-10-01 22:19:54
18aff5ec-334d-4e81-9660-df2da23b68fb,Zcwmblkqt,2024-10-18 20:16:57
8cb00603-1217-4b61-bf49-e4fbb3f8c15f,Ywbfebxfubbgxnl,2024-10-05 13:47:11
01cb4c98-dcba-4b67-83c5-533948c8c8fb,Mhuzkcfgwgtm,2024-10-21 16:31:54
e45290b2-bc69-4635-8aaf-f5c8c452210a,Lulls,2024-10-09 12:07:59
dd67960a-ee8d-4449-9521-09e9ade18e5c,Aldkxhzfrsp,2024-10-15 14:05:13
de084e19-31ec-4388-ba10-009c02770a24,Czfdpbihe,2024-10-11 00:27:50
4cddbc5d-b9b0-49b9-a23e-dc30e41b5a69,Anqfacjbivzi,2024-10-22 18:18:54
4124d93e-b1f5-4fa5-aa37-ff0b2388c3d3,Vylvrxpbg,2024-10-25 02:14:59
c0351f00-da74-418b-8cb9-74e356f08cb4,Ioqcmhby,2024-10-12 15:06:22
dc5e653f-1600-4bfb-b03e-a048602eeae8,Gekolwbfddl,2024-10-28 12:41:29
28334703-9b2e-4eb1-b809-88ee12d278ef,Topwbmnye,2024-10-22 18:54:59
b508ef29-13de-482b-b4b5-1bf6f439cf3a,Dcuwc,2024-10-11 00:51:05
82ab3ef2-f82c-47e9-91fa-615bf2f5b9e3,Zbjdp,2024-10-26 16:39:01
43b886aa-0f81-40c3-9bd5-6bc5a12bf23f,Ugrwofm,2024-10-27 18:16:21
d84bbd20-101c-488f-9456-ec1312e50621,Defmbyyakx,2024-10-01 08:21:35
dd490319-c3c2-43a6-870e-8eae1f808340,Delmgfbn,2024-10-15 00:05:51
0743633c-9e63-4b62-a0af-6081b6a1152a,Rpyao,2024-10-15 17:36:20
00cb40d0-1667-44b4-acda-961108ef1a71,Zrprbmss,2024-10-17 14:35:16
ce9b43d6-583b-458a-b739-5dbbb8b5e717,Ezqjfavxh,2024-10-24 13:05:49
42cebc58-5f02-4638-8dad-64bfd149c034,Wgbhassluafteq,2024-10-13 11:41:36
88c3b3f3-8413-4cde-9d1e-20de80a187f3,Broxiwgx,2024-10-16 04:41:57
e401134b-f323-4288-8421-bb218afeaa0d,Akfuzjhewmqehk,2024-10-15 01:45:51
5d5b19c0-4b7c-4ad2-866d-01fe1dde6a1b,Nxpsoh,2024-10-25 08:47:36
7b601614-092b-48f5-9ff8-3ef625b66071,Dnervhtdsvpqgb,2024-10-08 06:21:11
d592103b-1581-4967-89da-f06b29f38ad3,Almbuejns,2024-10-24 12:12:41
b8bdbad9-f667-4355-897b-7a2f45c544d6,Dwcjja,2024-10-26 20:47:37
ae28b001-acff-44bb-b49e-56ea5dabde7a,Pwtroskweeuqqiv,2024-10-14 04:00:51
470c37d5-110f-493c-90fb-5c7899d1eaa2,Vbumaohhxgqgbpk,2024-10-07 15:50:56
cd7fbbc4-31b2-4367-9538-362464dfd503,Kbngzjwfdrxoqc,2024-10-30 20:41:20
ab3ef3dc-7a7f-47e9-883e-27b82454d4ef,Cfqltd,2024-10-13 00:21:06
102df097-8ffb-4221-8090-c266fb78a3b2,Sndmowmblqk,2024-10-13 02:21:06
9446111f-a357-4a55-9448-2bea7d74eedc,Oldsen,2024-10-27 12:46:18
f8cd5235-2b88-4e0a-91e2-684ece2583ed,Jnuduuih,2024-10-19 19:06:21
c6cc0d24-03cf-4a87-b02d-6c6699804816,Efknz,2024-10-30 18:22:33
0f40b6b7-a493-4070-b4ab-d5b4e1bf8e46,Bbgvktvxmh,2024-10-30 09:07:04
bb561c11-6e50-4f33-84ae-1a1569d9bd38,Zriuksvnt,2024-10-22 08:52:17
877d647e-0ee4-40af-ab88-236fc050e8d1,Znpvryisd,2024-10-20 19:25:41
db041a4c-07fb-4f33-9af2-09c01b4eb612,Bddxuved,2024-10-20 13:55:42
d9bf0907-6578-4680-91e8-146ea82128ea,Uidbhmdf,2024-10-21 01:31:53
120e340c-8b7c-4ed0-93b8-c28bf425c3fe,Pkvoealvpkfeu,2024-10-13 18:21:35
f6b47d42-39a8-4195-a433-b996d4d4bd1e,Snzifcrpzi,2024-10-28 12:05:59
cef2b25f-150a-4f90-bcca-7e19e5ad2192,Fumprfglwxugw,2024-10-19 00:11:21
79a89838-0de2-4927-bd63-5e4bcd2708e7,Dpevb,2024-10-24 18:42:30
89261b74-e34e-4f01-8bb2-cf49019ce749,Hhriyiy,2024-10-14 18:20:40
0763f10a-cccf-4b3f-9583-a5229dc964da,Fkxjls,2024-10-07 17:02:40
df8402bc-6b5f-4949-8cc9-da30d983989b,Fyuijvxywrmrfly,2024-10-03 01:33:14
70925ed3-75b3-4519-bc84-569f0c307f63,Xoihw,2024-10-20 05:12:51
691a8a8d-ec4c-4e5f-8fd8-980dac54da5d,Bpprdjppwbp,2024-10-19 12:00:55
280c3380-9e74-4b3e-b4fe-c5a2c5d9f962,Rahxloryuf,2024-10-28 04:46:48
729675fd-6406-4907-a325-dedebdf38a14,Hjsuhzfwrcrv,2024-10-14 23:14:45
bc011908-6b54-4b32-92bd-2541023c8bc0,Emawnmsidsdmncp,2024-10-01 14:09:25
8e8d9aa6-65ab-46bf-8269-25c48347eb57,Loivmreuu,2024-10-21 17:35:42
221fa9f4-ae6e-46f7-b30b-0f020421df22,Bvqhjspo,2024-10-09 21:06:30
99ba2245-f9ff-4641-b201-9470dfda07f0,Qthtiotlaemih,2024-10-16 22:32:16
a8333471-e852-4362-84a5-debe0f1108a5,Xzqxtjuuq,2024-10-24 06:34:06
fa6e6b05-631a-4e9b-8891-62087dd80012,Laqxeokdvv,2024-10-14 00:36:51
089b8143-45ba-4649-a966-3c05979a3eec,Luajxzskprawoxn,2024-10-29 11:57:00
d1de810f-9e91-43fc-b82a-17ce0d592976,Ykklfecadcbt,2024-10-20 02:46:57
be13fe83-c38d-4cc3-b910-2fa30020929c,Xgbrobkzfpm,2024-10-01 11:56:38
2e82b7ea-7853-40b5-88da-ceef26a62a77,Dnwojgw,2024-10-24 00:28:16
feb93f3f-c0fc-4dd0-8704-a3215ec1ed8f,Qlrzxwpol,2024-10-22 03:46:19
73fa3a8e-bd95-4487-88cf-c8a03d7dcbcc,Ptzpqsxbhjbv,2024-10-19 22:46:05
6fcb0e29-572e-4440-8fb9-88daf66db44f,Joyfukbvtwaaqu,2024-10-07 02:44:10
b9ff5f90-cf74-4110-bd13-dd619911eb72,Hqoyyikb,2024-10-24 15:03:31
588d01be-7c17-4f0c-a46e-2eaa3b19dddd,Dalopqh,2024-10-07 18:08:57
2cf6c601-5042-406c-9389-915ca3d68fc0,Dlayviiqsiauub,2024-10-04 01:11:20
7c111257-b6f0-478d-87cf-860ab4dc9559,Xwagbsvsku,2024-10-04 10:04:23
9ff643ef-1781-465b-8946-08ec4d4c4e30,Thefxwrjdzoxw,2024-10-31 07:28:12
9b8b8613-7140-441c-b6f8-30b461250b8e,Xejfjocap,2024-10-22 06:31:15
19d26300-63cd-4128-82d2-744a20948e5f,Zxahjfqjbtth,2024-10-08 11:38:58
d3efad27-b8c1-4f41-bd88-3b7cee4c0b63,Gfrvwwmuvifrc,2024-10-02 23:01:07
13fffdb7-ced8-4471-94b1-a0e150922711,Jershcbzltxqbx,2024-10-24 11:40:24
f20ee40e-f78f-47e0-b560-53f6074773cc,Aedopjkaj,2024-10-11 06:27:21
dd6e4d9a-d895-460b-a3e9-671e9c5bedec,Ejlutstchlaffl,2024-10-07 17:13:41
d586a8d4-4a91-43ba-9d70-8e46edc059c5,Jiztz,2024-10-07 14:46:55
ac477e78-0adb-45ca-afb9-897d14a11332,Wdfucdrtlzxf,2024-10-24 20:41:54
84936dd0-2889-462b-83fa-b3f7243c0d9f,Zgxzconbdj,2024-10-16 14:15:51
dd1bbe27-a553-4c60-819a-0d44e97adc18,Rvjrgtiyf,2024-10-01 21:45:40
40b66988-1f96-4a26-99d5-a3d0aed6850d,Hcwmhsdjkm,2024-10-29 23:00:13
27c2f116-0eb7-466d-96d5-8e926050e663,Fmafoxvkzrcxlt,2024-10-01 04:13:59
3609754c-cdf3-433e-ac6e-2c68ea239e05,Tklviopys,2024-10-30 10:07:21
906d1845-2a87-47e7-8479-ad27726e20cb,Dryyyw,2024-10-27 02:16:41
027ce96a-74bb-4ed0-a933-c9bfbd885ee2,Jngqgn,2024-10-30 11:04:15
b1cc881e-07bf-4d8a-96d2-e594f3ac234b,Patvbumgshnh,2024-10-23 22:15:06
08f25c3f-6632-4ac6-a5a2-bd038e24890c,Liyixmycquxjsty,2024-10-21 11:58:06
243810d1-82e2-453f-a324-2542a46c2d06,Katvpwxhckhfyy,2024-10-13 02:02:59
07579b13-e3a4-406e-b865-82f2a4aeb5af,Hhloltcya,2024-10-01 10:05:20
ad6aa10a-5df3-4e90-9aea-27f0c00b51b5,Weezxqklrcaenx,2024-10-28 00:52:18
f540bb05-2539-4b11-8fa4-bd29d74e22ab,Xeqzcsce,2024-10-14 08:31:19
ad2aab9a-61bc-4334-95c2-fd5b3f2833a7,Ivcgiyvythkxdma,2024-10-10 16:10:04
1a0c097b-c691-48ce-baee-3bf7c7c7eb5c,Iyzbidk,2024-10-10 04:06:21
8303bff3-495f-4d17-a890-97c230d9b526,Oprjofpef,2024-10-29 00:50:57
b8531487-733d-45b8-8ad2-7d5762f63c71,Mfwdcsh,2024-10-07 17:15:33
f90706ff-4687-4fc6-9358-596fc2080125,Zvqeknxudf,2024-10-12 01:47:09
060b0661-17f7-4638-a31e-2e7168dee242,Trjvarppdf,2024-10-08 20:50:16
4dd59c29-01a3-4c1e-9bcf-ab0eaa2deac5,Pzwdf,2024-10-30 18:16:48
3681aebf-78f5-4f30-973f-761d3e7e8c32,Heddfvmuijydb,2024-10-05 18:54:01
e90b1367-1506-45cc-80d2-30f9ae4ec7e3,Cewusqivdnf,2024-10-05 04:23:14
5f1fa2be-5607-4c71-ae4e-3fd1f93c0f4d,Pluqsivxsyhyd,2024-10-10 12:57:29
afc9a946-48e1-4d7b-86b6-6e27da9f4b0b,Qmdovgsftii,2024-10-24 13:29:45
4eb63365-9c0c-4cb7-b5ac-1bee66d1f63a,Ptdhfskeu,2024-10-25 05:44:07
943f9f94-ad53-4034-a30f-8b9baa002755,Emtxvgctzaxqewe,2024-10-28 01:49:14
7f2b3a2a-dc1a-41d2-81a5-36ddacc79367,Nleew,2024-10-01 17:53:38
77bf235c-bf89-4ea6-94e6-93fe12f4f6d2,Oyfacff,2024-10-15 21:07:45
a688cdba-5a52-4bf0-9cbe-3a59b1d1b7a9,Jvjqx,2024-10-13 04:43:14
6e10f9b1-6bdd-48be-b5f0-be7e03aa3a04,Pgtyunps,2024-10-22 06:52:11
0bbbd39e-dec1-46e2-b30a-987599274d21,Cnlpz,2024-10-11 02:33:55
43dd4f92-5ec4-4ef3-9526-bf31b7d7c22f,Cbkhbxgzlymdwj,2024-10-23 02:20:11
5626420c-f360-4c35-b2d4-99ea315d2250,Kzssgifezvw,2024-10-26 05:47:58
55e3327c-2a8b-48d6-9dd2-dddfb64e82c2,Sglzqwwtzkhdx,2024-10-27 02:34:29
2e9c29e6-15b2-4959-8379-fd2396ca4539,Vubqp,2024-10-18 03:15:29
3d25a8f9-a403-45a7-bf98-6a39f6e6b630,Aqrloxlebao,2024-10-17 19:19:40
b1ed49c3-db6d-4544-9881-187fa200b7b9,Amzhogy,2024-10-02 02:14:55
f532740d-46a3-4417-82c9-5ff03333441c,Tzcga,2024-10-03 14:15:20
f41fca0b-722d-461d-a01a-5d57db8c24ee,Wegtfrsjqva,2024-10-16 11:31:43
06460fc4-da0e-474a-8565-903f78cc256d,Pdbcgtcxhceit,2024-10-24 03:07:17
a377f24f-d77f-4a1d-8db3-a3f1e7986a72,Bvnbgpqe,2024-10-27 17:57:05
0b37054b-420b-464a-9889-45e8738770fb,Ctxkockfhdktn,2024-10-18 04:26:43
51a53317-3ddf-4ecd-84a0-fbac09744168,Zguqlkaswm,2024-10-15 15:29:38
3305352d-5785-4446-8b59-5b5f390b3b45,Pjlkugbh,2024-10-24 01:52:38
d7174cf9-caea-44ed-8ac4-7961e8ea96e2,Rawejzibzweisd,2024-10-02 03:12:17
a1ae59ec-a1bb-4853-8514-3998e066df8c,Iyjgieqshkqbqhx,2024-10-12 11:48:42
a4af5a51-3b4d-4081-bb30-655fb2b6b1ce,Kvsbtpkkd,2024-10-12 18:01:45
b64f3990-97e7-4bac-a57c-78e409c64f1c,Zbtfeyjggccq,2024-10-19 04:24:49
cf289fb4-c16e-4812-a0ab-118b425d5e26,Gttvmiozarebipn,2024-10-01 09:02:41
1c3cc3f8-d8a3-409a-8335-abf818a88e86,Ozxdjm,2024-10-30 02:58:50
e705e49b-5997-49ea-a927-d5a588803141,Lvjyxcwnthxbkml,2024-10-03 03:54:02
1e024b87-2981-4c13-b859-ba3804738eaa,Tjzgwkkw,2024-10-29 01:24:53
a542eb53-80df-4aa0-80ca-8c3fdbf9da55,Erfeeipq,2024-10-17 20:42:13
f459bef5-84a3-418e-b413-861b32f007a4,Lxlvkqssp,2024-10-25 06:37:13
fda7b080-8166-4cfb-b6c6-677b56feda6e,Hmnytl,2024-10-26 01:59:32
91d32bb9-de33-4657-a8f4-8e121c06b954,Njqostjneiool,2024-10-17 19:56:15
cf03f235-9799-4e1f-a9f0-6c69e227621a,Wbmghkubl,2024-10-02 15:29:30
171c663b-c01f-464b-80a7-3e7a4f9d9d46,Chsuulzndkpv,2024-10-04 03:53:11
d3066d92-4e8c-405b-bcc0-e2a840afdcc2,Bxkhzmuddlgxqq,2024-10-31 14:37:50
6725d4be-4355-4e76-91c0-a2efaba0a585,Lcximlmhvpymjw,2024-10-28 01:15:18
453e3b74-52f2-4b8a-a1f7-9ade874e16c3,Nrruzvcat,2024-10-19 22:27:28
51fd9f7b-731f-4539-85d6-9c345b4d61f3,Ephducgiyypczt,2024-10-01 18:02:24
2eeabcc8-d5f4-4db4-8ede-178a410de163,Tyorp,2024-10-29 11:19:31
61dadb05-2d3b-4969-8d4f-43703c398c7a,Bsdjkutu,2024-10-05 11:28:47
afe7831c-3fc5-4e15-906d-b81170e11236,Mwhfy,2024-10-18 00:06:24
61929bdb-fad2-48c2-bf0b-6af7bd35a812,Exhhlz,2024-10-12 03:39:48
9a178db5-5047-4856-bab4-43de0ed3d73e,Jncrqjlpuida,2024-10-19 13:35:47
bc1a0f2c-db2a-44e1-b264-c1e38bd295f1,Jxknnhqaeicsx,2024-10-25 10:40:41
1454b1d2-8962-4716-b132-4048bcabf8e5,Xphoebwyp,2024-10-30 07:07:51
75c16e6c-449a-44ee-af60-4276cc17ac97,Okdjlxmuwkkxjoz,2024-10-14 19:50:19
fdbdd86b-9278-40c5-82a9-18a67292726f,Ubdxrqmikb,2024-10-02 15:54:15
2aa4da5f-72d2-4e52-84df-9b3607280a7e,Pqwavxiuvwd,2024-10-03 10:12:11
eba2b8a8-d82f-4446-8985-25b6e1c53c0a,Jqrrget,2024-10-29 18:15:28
43d78aac-1b3f-4903-ab04-9b0918387142,Trsgtwegopazu,2024-10-02 18:39:44
f7b8aea0-de5a-4596-86f0-6668aa8fb254,Qjwbnyqqi,2024-10-17 03:02:10
0bc1b802-1555-4915-bb0a-9462403eedee,Utlvcpsfowtba,2024-10-11 03:45:46
a8896a74-cd6f-4cda-bbdf-4ff5f6e91305,Mmcaccxujuhf,2024-10-27 06:56:04
a413a5a8-f994-41a3-a59a-52f077416b49,Tnlzaknsua,2024-10-04 21:00:40
272b8873-babe-43f3-89ef-5de91af41c07,Wovzfqxnsgsqmmz,2024-10-07 09:17:44
1854736d-1e7f-4454-9c00-86ce3196f365,Npjgfrtjju,2024-10-03 21:24:31
1cb7ed78-aede-4c04-b6f5-a095bf9bff1b,Tcial,2024-10-04 18:42:19
2e6d8944-b046-4c9c-85a1-a199d0ca53e9,Uojent,2024-10-06 19:39:50
7a0036f7-de04-473f-bac0-14645487ee14,Lmlevilp,2024-10-10 23:31:43
c6ecbe47-0398-4b4a-a634-457dc9cd3755,Omcgfdbld,2024-10-23 04:32:40
1b20d94d-684d-48f4-a262-d27e3c6b9973,Yehltmay,2024-10-08 12:20:49
aa73f59b-0d37-401b-9d93-78f66d5d2c11,Rzfagjgfykta,2024-10-06 17:41:27
1298e716-c8b3-4faf-b561-1d07e9811e68,Hdfnrnwmbj,2024-10-19 04:20:24
8ed1aa7e-73b8-4021-be16-739fd825dbe5,Pmkaqsub,2024-10-28 10:46:14
7bac2007-f798-47a3-9031-a312376ce4ee,Xvxtxpsrqpp,2024-10-23 07:11:58
875948ee-3a91-4a8e-9434-c22c851be4f0,Tcctafh,2024-10-07 14:44:04
1e851d32-b40e-4550-99dc-f1fa391b19c1,Emtlqdvzh,2024-10-27 19:30:41
f2e8a7cd-da94-476c-bbb9-b6ebfcadf07e,Ujztywetezs,2024-10-12 18:23:13
88a832a4-7ddf-4c8f-bc2e-e490ab57c97b,Wbrretcazkitie,2024-10-21 18:08:10
4f1c0fc1-600a-4cb3-91cc-77277efceecb,Cmwpowxdksdnmy,2024-10-13 06:03:09
8dc888df-ebaa-4e9b-92e4-5d12e2c3be64,Ukrrclgphgys,2024-10-31 06:47:14
e85b5072-b425-4711-902c-1726b2ec91e6,Wmdsvfiwjzsrquo,2024-10-05 15:54:47
1ec11e8b-2541-4db3-bda4-b15e07b75a90,Dysjc,2024-10-08 07:21:04
da5129f6-b95f-4c6b-8bcb-93304bba231e,Jidhvnamjnclcl,2024-10-08 20:20:05
ffbe8b5e-72ca-4342-8e10-29f130b7042d,Voiomiboeifgu,2024-10-08 16:42:07
dfad838a-8993-4cfe-b138-400f678b5216,Welycwffpvfiy,2024-10-19 20:27:50
fbae1832-b56f-49c7-a80f-83418a24b365,Rmmrhwftvcojdb,2024-10-09 00:26:45
20ddcc63-d4ab-4577-9406-4ee13fa755e7,Xnkopco,2024-10-22 08:54:29
edfcdd12-51a8-4f3a-84f6-076a74944e82,Isecsyw,2024-10-24 00:59:07
eab087aa-4faf-4ed6-91ac-fbf6d9531e4e,Mgczy,2024-10-11 01:17:00
9425ee2a-6a71-4745-8a88-e132f87575fd,Npevmmutelg,2024-10-19 01:38:22
0dc65ce3-a113-445c-843b-978b2be04aba,Drfwkgo,2024-10-29 04:07:46
e9a5a039-47d9-463c-8f8d-99f94aa0d795,Ncdisvl,2024-10-13 20:35:48
b9cd9f46-89dc-4fa8-a001-8ee219438a1e,Drcfl,2024-10-09 17:06:01
cc65e72b-70f4-42b3-b8bc-8579229855e2,Oppqdyoquuow,2024-10-01 04:00:08
377fcd5b-f7c4-4b3d-bd5e-3d1a8c58df0f,Ngjaipn,2024-10-01 08:23:20
4f6c75fd-b784-4662-8e61-f4ddb2667205,Anippogjrvntq,2024-10-05 11:23:13
aaf7b4f2-b497-4d63-90de-5f3a30619936,Crgzbwypq,2024-10-07 10:35:18
01aee97c-5c4f-4064-bc4b-ffae894084f6,Byvtogqdv,2024-10-24 00:37:58
acc8b752-eabb-4ab9-9bbe-295f93a21a67,Jiqzx,2024-10-13 15:04:40
b50abb1f-fbc6-404c-9b79-10c8ab4e604a,Zmrpbsiotyxgcvc,2024-10-29 06:54:18
427c8226-3d21-4b8f-8974-c7f97736d78f,Zghqv,2024-10-21 09:54:25
d5c15943-c6d3-449d-be50-39cf47041c68,Hhzhhukmlqu,2024-10-09 07:25:33
a4d1f444-369a-4364-ad66-bac7f43acd9c,Aptsqup,2024-10-12 11:03:53
b55437d8-159f-4586-9054-735d7c56c286,Hxkzpr,2024-10-18 10:29:17
5eeadd63-74b0-46b8-9d6f-6d248f350a5d,Tgsrhuxaxxzossk,2024-10-17 19:16:49
2295b612-6a2d-481c-a188-4f6fc04b5ae1,Pjrxevxxlqe,2024-10-08 09:52:46
19cd3130-5e1a-441d-b86f-68e5cb3292e4,Fiaet,2024-10-15 12:39:20
21f67baa-20fa-4b4c-b785-56e49c23050d,Fdwusyv,2024-10-12 13:54:19
51f7c06b-6702-4d44-812f-135f9563a8b5,Wjablhiotozrr,2024-10-27 18:39:34
f433a711-8030-44c9-833d-8e5092b9e494,Ksnltkirctdlf,2024-10-30 01:33:24
a1d6b329-aab0-4f6b-9608-4a4c882ace40,Wapvfblmbu,2024-10-13 05:34:34
1538841f-5222-4008-8d20-eb1b2d8c361b,Jzxhmohx,2024-10-30 10:10:47
ef128f61-28d2-4e3c-b784-a0cf3ac5f0b7,Ssmvfnveazfs,2024-10-24 08:06:16
d7e10349-a3c5-40ed-a5f0-b40f870f9d2d,Faoel,2024-10-24 21:09:44
cce9fc8b-fa21-415b-bcff-cc227179be69,Xacojgv,2024-10-16 13:24:01
c770b086-c451-4462-bf42-74c7de979eed,Oiflnubxo,2024-10-17 03:25:57
b83714ee-2951-4e27-93a4-f0886bb255c5,Bqzecxnulxuabzp,2024-10-18 17:47:26
fa8c5b78-bedd-41d0-8cb9-8ac7e79b3ddd,Vhgoptqlb,2024-10-09 07:31:49
e619b74e-4a01-4c9e-a7a4-377fa42d5cff,Fhaardtjiuf,2024-10-31 06:09:53
713ba6f6-3558-4b71-bd3e-70ed2cb5f57d,Bvegyhgwt,2024-10-30 18:52:13
e471dc85-93d9-4a35-89cb-04ec7ebfc813,Xgoxwmhaz,2024-10-29 13:57:06
852af0c8-21a6-49be-825a-ae87d3540477,Zrxhhpoqbp,2024-10-08 14:11:44
3c39f62c-fda6-4084-95c4-7b0196a8df84,Jjotssftkdvqd,2024-10-09 15:41:54
17fb2f37-2618-40c5-a3a7-c247e2c3daae,Vgeov,2024-10-14 12:34:26
a8b420f6-e644-440c-a5dc-9caa453618dc,Dmbmnz,2024-10-28 21:57:31
2cc9d3a1-67d7-4501-b2f9-52ba7c72ef96,Uzawz,2024-10-07 07:01:58
92f47de0-a5dc-403c-b7ad-38a7dc738cf6,Scvhfd,2024-10-04 17:57:09
83a18285-6fff-4d7e-8f62-fe7e211dd10d,Zskdzenbgryg,2024-10-07 23:21:37
84dcbd07-003f-4d16-9dcc-0f97110ea049,Hfowsjtwckgt,2024-10-30 19:45:46
476904ad-83cc-4694-a209-17710d2d7467,Dozhzyabejg,2024-10-03 15:37:58
384707b5-7ee6-41ea-89e8-3291e423e42c,Qutzafzc,2024-10-26 08:49:57
aadf9723-0b04-4d24-b5d0-c61f571fef62,Dkolnjdyt,2024-10-09 18:51:52
f36712a4-a934-4b64-ac07-75761f8a4712,Vgwvqrykkzkcf,2024-10-06 17:19:40
72570cb6-1764-44f0-b126-1255edb0168e,Wasnhz,2024-10-04 07:26:56
18e25a5a-1103-4171-aaa5-3fecc2d83e33,Rcvjtlhocvky,2024-10-30 16:32:34
32784e72-2e4a-4e0d-bb49-363842459432,Pexiupyepfwjcut,2024-10-07 01:38:19
26c5441a-5282-4071-8ba3-72912ab35805,Ppcqsicbxpwwn,2024-10-01 10:13:14
7322c2c9-5f67-4e66-9087-1b26d492f549,Spujgs,2024-10-12 09:37:31
928dafc5-d4ff-4e20-b8b2-a7ff6a3dfbfb,Xdcpv,2024-10-17 07:08:17
bef0473b-d293-41be-a3d5-024c57a7e787,Onbdrdo,2024-10-11 04:15:56
265eb60b-dc98-4151-aa18-f88c726ee5fb,Kxkjywmbeveaqma,2024-10-12 07:02:22
e99e759f-2a51-462e-bc9e-babb3e09abde,Lqgtaz,2024-10-23 11:23:30
b1934129-9366-41e6-bef1-9cafda2f7154,Noyjgl,2024-10-01 22:12:51
0fc24678-52f1-4b96-8cce-d7ef6076ebc6,Uplwj,2024-10-28 22:49:52
6ac56e63-037b-4f9a-95c9-3c903375cc6d,Ihjpzlbjd,2024-10-14 18:37:44
cf7cea65-d4b6-4146-8437-27c90d247c2a,Iukprm,2024-10-07 18:55:40
c205bf17-6e65-4a01-a92b-134f43fed507,Tumcxmzixrl,2024-10-24 09:18:59
f66f2d38-73a0-4bda-a915-0819fd4bb4f9,Mqtxpqjz,2024-10-18 02:03:56
b05062f7-7965-48bf-8e3d-f0c40579c5ca,Wzkibyatiog,2024-10-29 23:05:29
0f790e91-d25e-47d8-b9ce-9779e61ac876,Cbxeqefjkjjp,2024-10-23 17:17:52
4de9af99-a953-443d-a3ca-4b050139b0bf,Ffuefoxepqubyki,2024-10-10 12:26:13
04e9863e-2908-4613-b010-192c8587280e,Xnqhlekxjhvtnm,2024-10-25 12:50:36
b57fb7b1-f23b-499c-a3e1-c6b2968f0efb,Rlmutsibxmd,2024-10-14 12:11:26
72600733-5f66-47c2-a155-5abfbbdeb3d3,Wrsokbxnudncn,2024-10-25 10:32:22
fb823db2-09c8-4112-bfc9-67f6ec002922,Xwdpmj,2024-10-21 14:28:05
17bf1b6b-78c3-4320-8930-8c3fb31d36c5,Xgycfjw,2024-10-12 08:34:05
0b864edb-0f12-459a-bc36-ea3a9fd4985a,Rmfdhx,2024-10-02 02:40:26
340fd6ed-cd9a-4aff-a255-3fc97e71e229,Rgpjhaeadbjjmmu,2024-10-25 03:57:17
ae8e5f4d-c88a-4f60-93f6-01ab0fbd2e69,Kgzeeqbq,2024-10-14 02:50:17
c50710d2-2580-4b3b-a08e-54528977f232,Mfiwfnnpzb,2024-10-07 03:16:57
a8516c56-99c4-480e-b7bc-7bfda491ad3f,Myxdepfkad,2024-10-27 22:34:35
eb5808fd-e7c6-46fa-aced-38acbf1c060e,Flgcpfqnmygegge,2024-10-28 01:58:22
3455e48c-fba0-4508-8be0-6cb7f31b5f14,Ulnxhwpgzlpl,2024-10-27 00:02:43
5eba38c4-9767-4e06-a4da-c39bf08e2bea,Vxuxoexrwizegxz,2024-10-24 13:34:19
7fe2097d-f735-401a-a512-4a84d55e4aee,Irvmvexi,2024-10-15 20:17:09
88d1c162-10c1-4b87-8422-eb368c1ce08a,Fwidzcdefvl,2024-10-12 10:33:50
7aa96427-60bc-497c-b6f2-011ae58584b2,Qzkbgya,2024-10-15 01:58:38
54cd62fd-ebe1-4079-90f1-c4e8541a152e,Vwloqodhw,2024-10-24 20:42:02
176d602c-fa58-4cc0-a41e-54983745977c,Oybtqvsiqxig,2024-10-22 04:35:20
c8d6f85c-ddfc-4454-b610-7a61cefe15ef,Mgjxydtr,2024-10-07 18:23:18
6c8ef08e-0375-444c-956e-afd98da15213,Zpaycovrngzbfgg,2024-10-30 19:09:18
bb60bb94-53c8-47ed-a6b2-97c9c0f448fc,Xpxafyngzqgky,2024-10-17 18:09:43
e3323ae1-8ba2-46df-9a5c-14cb36f77e70,Uwhvivlkajidgh,2024-10-09 14:28:28
f28bb6c6-a100-4109-bf9a-d7260503f672,Softaqrwnwidmpr,2024-10-10 17:42:56
d6346f65-26b6-4802-8443-edac0893ee9b,Elyuppzxjrsy,2024-10-23 08:30:20
03ec2596-75ab-4f45-ae24-e19deed5e038,Knirdtvufvlqjr,2024-10-06 16:36:21
177eda5a-0969-4156-8785-1e53030ecfbd,Fdndp,2024-10-31 08:44:59
25b4583f-7a64-401e-a339-07c7008f38f2,Pauyn,2024-10-20 07:58:00
25daef1c-dc1a-44e1-95ff-455b9d4088e2,Xlivgmyyqzhcnq,2024-10-12 02:04:35
7a0fd974-363d-4a99-bf5a-e5c5636459ef,Ocgtu,2024-10-26 06:52:52
4b379a80-9d8e-484f-aec0-7d7c2c037bf7,Bugbhq,2024-10-03 09:48:21
32ce6aec-2a63-4f69-90b3-c6fa2092a7d8,Rmbztiafberkd,2024-10-14 04:32:21
c2218385-0ffe-4ec7-a727-c9012d60342e,Lpzbauxuf,2024-10-09 11:35:33
ea33c24c-6863-4681-8860-2110a3e29304,Xvionuujl,2024-10-31 19:14:37
653e9e59-6529-4b1f-89f1-5bd7684f02a3,Yuzvzn,2024-10-09 16:55:02
55714ee2-bf09-49f4-a0bb-7f7654bbb763,Wpoxk,2024-10-02 01:23:18
765a8aea-d158-4a23-8064-a299122f798e,Nwpigtz,2024-10-19 12:42:52
2baef8d4-5219-4eeb-b207-0aa8d0b619f5,Lmjvb,2024-10-09 05:00:36
a48ced62-f3ba-4ffc-a630-dc06d9e0783d,Kgejhkcuzmpedwf,2024-10-31 17:23:22
daf9d346-f766-40fb-b7f0-f4e11d3771f3,Axtvtdcm,2024-10-25 19:39:42
be9eec63-435f-4722-bbdb-fa5b49e5897c,Jcllxzabjnj,2024-10-28 21:23:50
604174f3-c544-4459-97fd-647329d01ab0,Zceedjizyb,2024-10-10 22:28:32
aa295c09-b498-4963-bc9b-611ece1af892,Dvkolujkv,2024-10-07 03:33:14
9facc4b1-d2db-43ba-af6a-b777f2edc09e,Eghlebdf,2024-10-03 08:48:57
b5b39e1e-d47d-4aac-aa3f-5d10ffbc93b7,Psnbrab,2024-10-26 05:09:03
cde30225-2066-4653-8a40-745c76e8cc76,Aewlkfkihsly,2024-10-15 17:51:56
49609a15-29d7-45c2-9036-532038d5f364,Ebjkt,2024-10-04 09:30:23
0da512d8-02bf-4389-ad33-8ed023915e01,Ovhtx,2024-10-28 15:42:11
7a994b90-06b2-4cca-823a-9b082906ebe7,Vzjwquokztv,2024-10-21 09:50:02
17fa836a-9406-4b19-9d30-b1b77b3ba3a7,Pchraguw,2024-10-18 22:55:58
ed83a6fe-4b1a-46b9-b336-e05fe90a7c1c,Bhpjsisch,2024-10-18 09:29:23
e0536a6d-5746-4ec8-bed4-92401e8c4347,Suigzvdihdmcm,2024-10-06 02:04:10
7bcdc267-13af-4e97-987f-8b31343de1c2,Bvvlrux,2024-10-04 01:21:52
ad48fd4f-ef8b-4dc0-b789-26892e2439fc,Cohzfko,2024-10-31 00:05:25
15ae66c7-0f32-446d-8ea3-0a6a3a6c8a31,Tskoniurn,2024-10-18 16:33:26
33737e48-d9d5-46e4-ba34-b90935feff9b,Infrbewrvse,2024-10-14 03:51:03
5a7ddeb6-c11c-4b17-af34-07d6b6ef4896,Ejgec,2024-10-16 05:19:50
bb3e1b6b-dd03-447a-afdb-e3681dc2ddfc,Noodunnisftaw,2024-10-09 11:22:47
cf5b60d3-c0c0-406d-889d-ffdc2ba5940f,Fxfmcoutxothd,2024-10-31 22:59:47
271a4a28-3083-4127-8374-f22013daeb54,Swqvcmnzlbpunjl,2024-10-03 07:13:08
4b889347-91ac-44b7-a131-09a5835b5a8f,Nfcqdyehlwt,2024-10-25 04:35:57
3adfd513-25f9-4d00-ac92-5d9fa3f3276e,Jbhijmzgb,2024-10-23 01:22:48
8a9aec22-f236-4705-902a-1da1e6aa64e8,Wfbplmk,2024-10-12 10:00:30
9f8266a1-5cd9-489b-b64c-bc3e60ae5e0d,Mjuffrrwgmtmhyf,2024-10-22 08:04:17
ce0f6521-2ca0-468b-a962-4eacf5f6d093,Rpbkdjhencd,2024-10-20 17:51:18
5bcc8a71-0264-406e-bfa6-c626c43811f4,Sijzomqs,2024-10-06 16:28:00
86a98d38-e8bb-4888-a7be-ecc74471e218,Yvyjdde,2024-10-07 17:00:51
0d4c5ae1-22fd-4e25-a43d-f390e3dec081,Zxbnepzkpnqfms,2024-10-28 23:50:44
4c43c648-ddd9-4a4a-9b5f-44b86be66385,Ozrqendzszygjhy,2024-10-26 03:19:45
9a1a7670-0fe4-41b8-9278-cd470a9ee72d,Dnedwqkxmigq,2024-10-13 17:03:26
773d86d2-bebe-4702-b166-a679eb6c10fd,Vklyoxksukx,2024-10-27 00:20:33
b9a32df6-0098-4815-8a23-038bc85e1ebb,Efwuiizkotzotdr,2024-10-15 23:27:01
f7fb9258-7d60-4820-9fb8-e99faa5e8c0e,Edeasjglalyxiys,2024-10-03 13:21:51
38672adf-c40d-42b4-a814-b755e3879f1f,Npkhojufrxmuwut,2024-10-08 16:39:36
e02479e9-82e5-469e-91d6-4478a80a8022,Sapbni,2024-10-11 01:46:04
ad63fe4d-ee58-4728-81a2-e0a9364821f6,Nonhpdjrsqzg,2024-10-24 00:53:01
714296fa-c25d-4383-9b8f-408ddb4ce551,Xkedzljrpoukqun,2024-10-04 11:29:08
9a80f190-88fb-4113-bdbb-a5b2eb4257f1,Amfbqggbr,2024-10-09 21:09:58
60929dc7-9fc6-4be2-8146-119646d0e668,Jcrrajgkfexzhc,2024-10-18 11:56:55
2a7a84fa-26f2-4001-add0-47343cc899ed,Vdxoevsn,2024-10-24 10:30:45
bc7c5a83-ee11-4878-82d8-37f728988f9a,Ruxzinuywbyz,2024-10-19 21:46:37
58fbaf2d-3acd-42e3-9892-b10e1521b06d,Oociyoygprqvhgc,2024-10-02 16:35:11
dfc49f2d-d791-4a6f-a758-c588c6c33f99,Snkvv,2024-10-06 15:58:24
1bd63ccb-46d9-4812-ae58-a9fea32d345b,Hcepoiuczg,2024-10-22 18:26:21
16860525-2af5-4cb9-8f45-36172423a3ec,Sdpxnvocv,2024-10-26 19:34:36
f81c7b6a-42e2-4175-b1c8-4447cf083c96,Jjmlcln,2024-10-04 05:35:15
c80e9dd2-a304-4cc3-822b-1b0bcf977891,Sbuuf,2024-10-10 21:26:56
f7bf18a6-b974-485e-91fd-228e95a121ea,Ehlqpyzvi,2024-10-04 17:34:24
c331eee7-f6d5-497b-94b0-98d7f83dba1d,Uqhpq,2024-10-28 06:11:38
da53a388-af37-40cc-9597-490abe968b52,Besayz,2024-10-05 05:55:45
4b0e9056-83fa-43af-b48b-a14e01bfdfa3,Dsqpvaaacgjy,2024-10-05 13:08:24
dad142a5-dd84-46b4-9d19-7b1c673a2e06,Kzemwhjiss,2024-10-01 00:18:53
ea2ad9e0-1463-42a8-bf35-95a6cdbebf0e,Dkwncmfze,2024-10-24 14:40:14
315a9348-4ac8-41e0-84c2-4b7cf5e841a8,Usiqqvpmbji,2024-10-30 15:28:22
a0a4dea1-8eac-4825-868c-ad254a7c6c4b,Nsspsy,2024-10-18 02:24:37
16c8b4a5-3256-4c34-8795-35c4bdcb6172,Xlklbkudxnfl,2024-10-18 09:17:46
cf0583d7-80e4-4f78-93c4-d6c51ebd27ac,Sgizzckxvfrham,2024-10-20 05:14:25
bec1373f-ca2d-4044-94c2-931c4670face,Uzypmkcubmrqtyu,2024-10-22 03:37:45
b807806a-0f36-441b-95dd-c9d40ebd292f,Lollqgv,2024-10-04 04:06:02
01d6c217-2df4-4772-a4b4-0fe2e95f038b,Qmwiavddplz,2024-10-28 10:35:46
9aa1799d-f2c0-4d74-ac9a-093393b1e873,Ysznjg,2024-10-11 09:13:33
7c1c6fed-17c3-42c5-ab98-a26b7f0f63d8,Sgkrawqzp,2024-10-25 13:40:37
c65ed4f0-47d3-41ca-9751-2afc7e7b93ef,Bqysinwqh,2024-10-02 10:56:48
905484c1-36ad-4f5d-9d7d-30f37952e75f,Snllt,2024-10-25 16:16:50
8539831c-0b5d-4217-921a-670f175cd204,Vucvyg,2024-10-01 08:50:14
158d1a34-74b2-4284-87fe-3e0edf23fb6e,Bqobjcfn,2024-10-17 02:50:30
efb595ae-7ef9-40b7-a089-918c80758382,Exopcthgjzxzf,2024-10-10 07:52:53
4e009e6b-9e55-4ef8-bd58-2fa3456b5caf,Dhdprmnulfmcr,2024-10-22 11:00:00
5a139dcb-d884-4c56-9ae7-4c96ff882fff,Djnuwplmcw,2024-10-05 02:58:45
fc0b34e6-8b48-41dc-9787-fb62a9d5bb78,Zveannribhnfce,2024-10-01 18:13:30
53c59f6d-b7c1-4e9f-a17a-778dbaaa5fa9,Skvunsilhgaqur,2024-10-03 08:17:17
143d4263-543f-41c0-abca-84fab894ddf5,Ncncgrgjp,2024-10-13 02:07:03
9d03948f-652d-47f5-8a70-9f925a4252f2,Qfhhwe,2024-10-11 20:24:50
047bc402-3398-4c50-921b-340255f8e0ff,Pauqtj,2024-10-10 16:00:05
b7c97f71-5629-4372-91ac-af12d94b6934,Ybaboht,2024-10-26 07:39:44
c4100e5b-5723-41aa-b285-8e6819bd1175,Uqqlspjqqwhezkj,2024-10-26 00:37:47
fac7339c-1a06-425c-b69b-53e2e6677490,Rgkqkxris,2024-10-07 15:32:13
71f31669-ff0f-47ad-84d8-51a4369ae96d,Whlkut,2024-10-06 09:07:30
dba65c06-4579-4a80-a42f-8946e1f61cca,Ekxvgah,2024-10-29 18:40:58
4d2fcb72-a7dc-47da-b655-592404a11c25,Ydxdlwku,2024-10-31 23:05:39
0a63b2af-45a5-4208-afc7-ddb5c296d8d7,Rwbnbmtabkq,2024-10-09 01:52:15
753f8845-e7b9-4ed9-9cb9-1f44c43bf27f,Hhmlhiwzcqj,2024-10-21 10:48:32
e018f55e-343e-45bc-975b-d56f3d9c298e,Yszsqoguudfj,2024-10-06 22:53:48
a034ea47-6b21-456b-a956-a97cd44e6b06,Ladpiyxxwix,2024-10-06 14:46:03
8be523c1-7b0e-4311-a5a7-8f1f0efb7c52,Rgcjcw,2024-10-18 07:25:58
ec12e0ba-c22a-41e3-a0a9-e367cd3dd325,Mepcojewly,2024-10-05 01:04:31
02225dab-ac72-4bdf-980b-dc8d081a1b84,Tkjkawvhcpnr,2024-10-29 15:34:14
854448f3-63a3-4d29-a99d-4867a1ea2675,Vupfbxiwohbeh,2024-10-08 17:08:21
e8fee9e4-b947-4ac4-b817-ebfa3d56454c,Yrtoawgecsrqtbq,2024-10-14 12:04:01
a8499b5b-bc0f-4a3f-a1a6-b8daf2ad43ac,Uehmipab,2024-10-20 10:57:28
15725d10-4f39-4ae9-a1e0-3e536a38f0e9,Kmtwdempf,2024-10-29 07:37:05
6c8cbfdf-606b-4069-a900-31023029f0ba,Otbalnlk,2024-10-29 14:49:46
c59c42f1-5fd3-4965-bbe3-8355bdf3d67f,Zkckfipdp,2024-10-22 10:56:22
e6add07a-1a82-417b-92b8-f00eeaa76148,Coycyyqetbgk,2024-10-10 06:53:45
8df08438-4146-4398-a2c8-1a61992f1ac3,Ugvqqprptgunuu,2024-10-16 10:34:39
48e04583-f4dd-44e9-acde-b52c0b7f7ecc,Nkdfhrm,2024-10-23 12:41:49
17b1539b-e76e-4813-b796-34c46cfa1ba8,Fztsudwg,2024-10-29 12:41:34
38e87537-e535-44dd-b800-71a24003e7ba,Xyrlwmjpar,2024-10-30 16:11:32
a18322a8-e61f-4e03-a28b-65ff2f2e917d,Eptkm,2024-10-06 08:27:58
5b69925f-16ad-470d-b624-6a97d520500c,Dgbrzujst,2024-10-23 13:50:36
e20d1b01-b1b0-4253-afc7-db46eaf303b8,Fmwcqwk,2024-10-06 20:29:46
41751b66-497a-4def-b31a-e3025e6c501c,Bkfrummx,2024-10-04 19:18:25
5a994ae5-c852-4560-bf43-d24d22dfb907,Cerjyyilbpbp,2024-10-03 12:45:30
8ead964c-d84b-4d13-8d32-fe16966534be,Slgsfnyoni,2024-10-27 18:18:53
ff2dcd11-387e-4c09-9c55-a9fa13f393eb,Tglouuguzqagzxa,2024-10-11 15:36:29
f7c108ff-1d10-43f2-9027-e09363e21fec,Kivdikeo,2024-10-28 02:17:13
ac90a4f1-a022-4583-bf5f-13654294013c,Gikqjicndhlub,2024-10-26 21:07:47
4b447a4a-8da9-44d8-b737-9cacc406536f,Pcznvzqflds,2024-10-23 23:40:14
dcc9d698-7238-40ca-9f35-544da8c366f2,Hiauyzxitgwdvl,2024-10-20 08:09:16
2996ad41-3384-44d4-86e0-728fe763036f,Lceyhhoiszdh,2024-10-30 05:06:04
969dfbda-7137-4b04-9425-942c24e696cf,Qxdusveowpnbw,2024-10-20 02:09:48
7974cd60-a39c-4a45-ac4e-3a451b76b1c0,Clfqwzabfvncng,2024-10-12 17:39:01
197185c8-96c9-4b93-a0af-621e8491a412,Vsbqwhsk,2024-10-18 16:25:07
0e929db4-71b5-4cc1-bc06-c566548b8a17,Oipbkfxqusy,2024-10-12 08:36:05
30f3ffcb-8b27-427c-8a7e-24047b4b862f,Fhsukejqcxvbod,2024-10-24 02:18:29
a7e9396a-b9c6-4d3a-8fad-560e87d33861,Vrmybqn,2024-10-23 11:05:06
8642474e-2b6f-4464-80a5-e4f7e8d0a9a6,Cnbooxgthkokpr,2024-10-13 13:40:54
e2fc2aad-83ce-4c0e-b801-10dfb3e2282a,Fmgdhvqkrelwasi,2024-10-20 08:07:32
051878ab-ea8e-49c6-b767-8c9cb3b16a0a,Zliugjpnjn,2024-10-26 04:45:25
9aba0037-dd32-44a7-9b21-17b7834375a1,Pbdwptspra,2024-10-21 11:48:59
72a1c54f-9707-403a-a708-8a7cc58b4440,Cywkscuav,2024-10-26 22:57:56
a98f2d82-fb32-49da-9d8c-6dc152644415,Rktmdpk,2024-10-27 04:37:31
c6f7ffb1-22c2-42a8-92b6-9ee508b61a64,Afaqh,2024-10-10 01:09:16
5b4f6087-46bc-4023-bb88-b70cf6462821,Tissvipltrrt,2024-10-03 00:38:19
6a13a262-0707-4a49-a198-74d1abe02b19,Ytuanqjhmfhgxq,2024-10-22 11:31:32
3a8c07a3-24e0-44cf-9d1c-6eee3c599895,Titanoodmhokl,2024-10-22 05:45:21
be40f061-4de7-4df2-b862-7133fffddc51,Rnpyendqybrc,2024-10-27 14:55:10
d408f607-625e-4900-a61e-d6387fa077c9,Alviwwnhruy,2024-10-30 13:01:54
1d4e0cb7-1cd1-4790-8a3c-e7da4b994284,Phvjsyhgbxta,2024-10-09 18:11:08
efaef89e-babf-4328-9128-5de6c7a5b6a0,Chkqjfxypfgxbn,2024-10-18 23:23:24
fc8ad314-d6a8-4ec9-a506-aa10cc3e94c1,Ewpkssregz,2024-10-12 22:03:53
55d4b990-1565-4259-b646-b6299be03ff0,Piwifq,2024-10-15 02:57:31
07ac13af-b5fa-4a3a-a162-3cd5eb987d4e,Dfteu,2024-10-04 20:55:28
3fe9c8ca-441f-43c7-bb6a-bbd563f6e3bb,Hhmociuoiyrots,2024-10-30 21:52:39
dbff8752-2d6c-443a-bb60-426296e743ed,Zdpwnodkpgziq,2024-10-27 23:15:50
820b5763-9831-4cd4-b5e6-3bab21b25249,Jrxvp,2024-10-02 15:58:32
602cdd28-fdad-441b-a689-f1178f15a91a,Tpwwuyjrt,2024-10-06 06:09:22
7ff884ff-d10d-4bb2-8ae8-47c0df517bc4,Cnphxjw,2024-10-14 17:53:56
b9e4099a-e52b-49e4-ac9b-64924cb922d9,Sgfedekhlsizjxm,2024-10-15 04:42:46
dddb1224-d2b6-44ba-840b-7bcfdac95512,Uejycme,2024-10-12 00:48:40
33bf7f50-9213-4631-8b23-cbda78b72d55,Subjwoxkgbgmxae,2024-10-03 02:01:59
d8d54ef7-2971-4ad7-8da2-b3f4547ca08d,Yblqmplry,2024-10-25 02:35:59
583a9d2e-cffe-4503-bde7-ae5921b3cc46,Yppkkmwnrfc,2024-10-15 21:27:21
488bc790-6345-4de0-bd3a-907bab84dd4a,Iizbizguemgavcf,2024-10-26 19:14:50
eedf089f-b30b-4ec5-b8bf-bbf2404832f6,Fyxnrdyrmnpm,2024-10-13 01:07:04
28a9e283-cfae-4479-8b44-a3ca607a5d30,Cfehmgec,2024-10-10 04:22:45
9d19ff67-9523-461a-ba44-6884fc345b8e,Qiuufjesnbkpe,2024-10-14 05:13:36
7596333f-0f49-4262-8063-c26b03ea2bff,Isizivkrtsp,2024-10-15 17:58:56
e0a03305-7ee6-4b88-bc27-2c8fd8d0cdd1,Gqhazpy,2024-10-21 19:43:23
3f5faee3-a7f7-4c42-8853-c62b21329907,Lmjecap,2024-10-27 17:20:36
4e790a92-c586-42f1-bf58-c9b7df367d07,Jxxexbhebp,2024-10-02 18:02:54
7182311d-642e-418e-84df-89f656de282f,Qwcngy,2024-10-18 18:50:12
2e2586b9-969a-4f05-b358-05d082645c39,Xuosskmatvkhul,2024-10-22 22:54:31
2f11f523-93bd-4e77-a047-d81059391626,Lqnltgwqbe,2024-10-07 14:34:09
1b447eda-0ae5-47e3-aa30-c14bd743b10a,Rpaqxbby,2024-10-03 13:23:37
1aa574c1-d689-47a0-b401-38cf5b187168,Nqnwvhcw,2024-10-30 05:34:12
984f272b-5faa-45c0-83b0-38dacb8c9781,Lkenobkszjqr,2024-10-24 13:45:52
1ce1b460-6e2b-45fd-b601-b3fd2f7bd824,Esyulixylvybe,2024-10-13 11:25:21
eede6a55-d0bf-4196-adc9-a1993aa73903,Ywghyjncrol,2024-10-26 01:11:50
12ea8966-9275-45fe-874d-7b30f9bc5daf,Qokxrsy,2024-10-02 10:15:13
4e1486b5-1831-41bb-bb9c-bb9c33f6d97d,Zhfiopzpabpodjs,2024-10-23 06:41:40
d9fbdd51-f151-4fa9-bd1d-16b24f75d9b8,Xbotpivvty,2024-10-12 09:24:32
5a798a5d-84ca-4b66-8f83-6117d7787924,Hfdcbyziro,2024-10-27 22:05:28
1bacd559-4093-4be8-8054-be25a96a10d0,Albgpsvczau,2024-10-17 06:18:00
8fba422f-3d17-42ca-a176-56c47cf1d624,Hwfdgbbl,2024-10-01 21:45:02
50d1385d-e947-4fcb-8696-11beb514e261,Hfegqt,2024-10-14 21:40:01
3a5fce37-b7c9-4d8f-981c-eedadbba6f69,Stssbkgtmakct,2024-10-02 07:23:46
f1d47179-9ecb-4887-a6d4-e6bc3714e75e,Rwefbbho,2024-10-22 06:34:55
850735ea-fa48-4194-836f-371f46bc460c,Ioigfyz,2024-10-02 02:08:53
a2f260d7-787e-4945-b2d9-621f3dfa23cb,Fpiwaa,2024-10-19 16:54:47
611c2d34-71a5-4db7-99c1-aef9cca5dd06,Fpiegoiwse,2024-10-15 04:31:39
e140bca5-b456-40ce-ae0c-26e7148c160c,Yguztistpakkzmg,2024-10-29 01:38:52
37e543df-7102-4197-a378-1c4a0beba42e,Fttzguxsk,2024-10-05 21:57:06
41729139-1ede-4e4b-8e0e-109e4a26f07e,Arxxgdxdxeyf,2024-10-01 17:45:49
1eef69ab-7598-448b-af9e-ef17f96e1d95,Kfkvmm,2024-10-15 23:28:44
c57b430c-8ad6-48eb-b92b-591ee8975916,Dcvyusjjz,2024-10-31 04:26:44
dd76e6c6-cb1b-4731-917a-972f9e30c984,Ieccofkvw,2024-10-19 20:08:24
f9a36d2f-c6e5-41ed-9529-3f9b94b07fb2,Avpdtsgmlk,2024-10-17 02:23:13
d0681edd-44bf-4528-9784-62c8114e90fa,Peqqezznilojlpl,2024-10-02 04:08:11
0b4a5af1-d5f8-4131-898e-6c341c86122e,Uirbejjn,2024-10-04 16:05:16
7242773b-82e2-4b7f-9ef6-de9debecc380,Ainhzanxm,2024-10-11 08:59:50
ad0359fd-5999-45ad-8c2d-5530e83c8cf2,Bzpzwivomwoc,2024-10-09 23:50:30
7919ed0a-51e8-42eb-a0c3-3b9e4c529f63,Dcvkw,2024-10-27 05:41:02
12b0793d-6745-4858-9d19-8ddd9ae349ba,Bcgxqafrhr,2024-10-11 00:24:27
5c2bab32-c306-480b-8697-8f435997aa4c,Deknywzfoed,2024-10-03 15:21:35
a93e6246-b7e8-4505-9920-f5c2f98a60f8,Nuhusdvdcrqa,2024-10-26 14:52:47
d5c07d9a-056d-4e9a-8123-a501cc8cbd9d,Malpjavvynajjre,2024-10-10 09:41:46
72838bd4-ae9a-456f-a9dc-e4895c126671,Hiuqwdkqpufzt,2024-10-28 21:16:23
193f38db-af72-4b1c-981b-120ee11a5072,Izwnlj,2024-10-20 21:50:10
93843ccb-5d71-401b-92e5-43bcbf988ff6,Wgdnbaimvxtnan,2024-10-08 17:48:32
d6a3125e-c525-4bdb-98d3-c6f8d172fc05,Dkxomyjzjkl,2024-10-30 08:14:11
a92254eb-54a6-4b26-a027-759c54727eab,Xjugphpov,2024-10-03 16:32:35
8c59dbae-9a64-4fbd-80ef-5ad57e635c4a,Tvwywrabeskjlbt,2024-10-30 17:11:12
e3df8185-e66a-420e-9d05-d125927b2007,Meaiexrnryc,2024-10-05 16:25:58
6ae3623a-67c1-4f3b-b41c-a9c249852450,Elunkmqwo,2024-10-03 18:08:15
c2ff3328-99de-4c84-920b-7e252366ac50,Cdphujlyth,2024-10-22 18:23:55
7955ae34-0507-4baa-a42f-3438f49e5b15,Elucdynmabqrnb,2024-10-06 01:45:58
dee16207-b469-4161-81e7-41e9c8f3bb69,Dladalf,2024-10-30 09:55:56
91030110-0193-4476-ac7a-5a1454f5749c,Zlxncxxaseelsb,2024-10-10 18:28:40
983b8948-4cb9-405c-b16c-819b3144f733,Wtasqbi,2024-10-30 08:16:08
acfa3742-99f5-4541-ab7b-719fcd795703,Wghjslikh,2024-10-22 00:50:55
c8543e10-687f-438d-875e-5b792ea866d8,Sdgcqzljqaa,2024-10-29 01:35:32
4c0f5900-0c7c-4c21-a133-9036f6824dca,Gcxzkigd,2024-10-14 21:55:44
fceab12f-7e96-47dd-bfb7-f1c3d0b0c927,Zqpngnt,2024-10-27 23:21:39
caa49821-f8ab-4f8f-97d9-41f06c14f822,Qmqpqkkdux,2024-10-15 01:42:55
b7a50242-40c6-4328-8081-2b989e4658cb,Iajhuntcotsi,2024-10-04 11:47:47
979ddd28-57fd-4a0b-a0fa-ee2c0e8f38e8,Ykrgfzliv,2024-10-26 08:20:18
36717c91-aa04-430e-9360-0aee877c0e93,Zjeeqawcsriev,2024-10-10 18:58:15
6b860f9c-7a1a-4bc5-ad21-aa4b49aba6e9,Maggcl,2024-10-27 09:43:55
3de76981-ab58-41c7-a6b8-f7663a5465d2,Gzrqhw,2024-10-06 17:32:23
c334de0d-8fd5-4392-a18a-91bdf1a3f376,Tiloyndglfqe,2024-10-21 06:06:13
44039ada-9041-4824-a943-fa9f49445d19,Ydbggqbpvyu,2024-10-09 21:03:24
8feef570-a57d-43cb-8b32-4bd1d05ac3f9,Ctwvv,2024-10-12 19:22:50
22efb169-38b5-4d1b-b20f-f9f1651cc181,Nzsnj,2024-10-16 13:35:20
0768822b-bd3d-4bc6-a814-0910ad9b15db,Ohhfmombkyd,2024-10-03 20:29:54
8497ba72-e39f-48be-9502-99ae686b9d2d,Ynoydlr,2024-10-11 20:38:30
bd9fc162-9855-46e9-a3f8-fd0bf30babb2,Qecoid,2024-10-25 08:40:28
b7cc111e-32fd-48df-b5fa-e84c2c7da7cd,Pzgitwoofd,2024-10-06 17:32:23
b42acaeb-779c-4638-96bc-c8377bb3c989,Jbsrsqe,2024-10-08 19:58:29
0aa03b06-683c-4e9c-939d-01a318eaddd5,Dgousngkipd,2024-10-13 05:14:15
3be8e790-66f0-4e10-8267-3ecf52f701da,Tdyltztak,2024-10-16 06:13:20
38508f70-8b36-4f96-a316-c4e1a432b223,Utgttad,2024-10-28 07:43:31
799930ae-46cf-4911-a0b8-f06e232d6555,Odhwwmrdfgwpbbs,2024-10-29 15:24:29
00ac1103-90d8-41d8-8a86-fb5a6a865a7b,Vqibylxnoacbpx,2024-10-24 00:17:46
d730ce18-c9fd-47cb-997d-ee2e510b7e41,Fmrcdylvkukse,2024-10-19 04:04:45
7df6ac84-8943-46a3-9a2b-fc38d797bf51,Vojfwunkz,2024-10-01 23:37:03
014a6923-d0e7-4251-884f-db5cad6b602f,Sjrjnkkj,2024-10-19 03:57:28
697219bc-7bd6-42b8-bb95-d06fe1587346,Ccnpm,2024-10-22 08:52:01
db4a0075-603d-48b6-955c-ab6fa9fc4e86,Ukabkselz,2024-10-28 12:43:53
8f5d594d-cc85-42e1-83ef-5c0f6045281c,Ntnwxveoae,2024-10-24 20:43:19
20a6af8c-6124-49a8-988f-9ebeaa64e5be,Zvtzrrncv,2024-10-25 09:42:45
3b047cbf-ceff-4fea-8a7b-ccaa5eb0d763,Kmabf,2024-10-31 15:43:30
a673aa91-e5a7-4a6d-b7c5-149148caa956,Aneniwsjaky,2024-10-06 23:13:17
1ae6edf4-6225-44ec-b1be-0e32b9af2955,Nppqkwljhyrx,2024-10-31 08:07:09
9fee780b-420a-4256-99e0-be1062eeb8fd,Uiufzxcqte,2024-10-12 23:06:41
4e553920-6fb2-4a5a-ae18-3d24db389eea,Ibvidhyal,2024-10-18 10:23:20
ff9c1a87-f3ae-4d2c-8958-c9fe2aa208a0,Waksufw,2024-10-25 16:58:57
f2fbb546-8bbc-44b1-8f96-ebf4367fe80b,Ikvgqypbl,2024-10-06 00:45:28
3596054d-fd44-4974-ade6-c3df1529630b,Auwduvtqz,2024-10-14 05:01:39
a13b9c97-8837-4ba5-a6b6-da7e9f5f382b,Xfcksqco,2024-10-30 18:32:33
1a9b2463-698a-4e0e-ac87-d4ba072543de,Zszqcsng,2024-10-08 09:52:15
5a86440d-c5b2-4010-b8a7-ca384d4ffc67,Xmgdg,2024-10-26 01:52:07
cff0b729-4b85-41e7-91f2-d5139ef3d3e6,Fjmowoyu,2024-10-23 02:31:02
f75ce913-a388-45cd-a2a6-c4bdd03b91be,Nhgfzmc,2024-10-22 01:57:17
f9249140-feb9-483f-a8ea-70efaaeb9255,Fjbpgtaymyrfbkq,2024-10-11 14:37:59
e7e8140b-4bfe-4e32-80f0-b55bb883f5ee,Czzdbhws,2024-10-13 13:37:39
46f867d8-3b01-4b08-bbb5-bfbb846a81e7,Vveocdstwhmu,2024-10-03 06:48:00
ff50a848-ff46-4fbc-bf5f-88ec12825e09,Sjnupftelvb,2024-10-04 00:49:46
82fc506d-7d7f-4a41-9c5d-030130dd8bd4,Xzyxadbpgyn,2024-10-18 15:32:24
79e19195-e913-4536-b03d-cecc658d1d02,Mjmzyuup,2024-10-13 00:16:13
31bf1b41-0149-4f9a-bf15-88977dd9ad2e,Kmgezeomwud,2024-10-29 03:12:36
4437e142-14c2-4970-8ad8-51c321994461,Ooueftryic,2024-10-23 06:59:05
bfe47192-fd41-4504-8ef3-70ff38445a9c,Dhwwpmz,2024-10-01 14:57:11
5c515d55-5522-47f5-a4a5-d08dba53305d,Xvjjcvvpqsi,2024-10-24 22:35:23
392ebf7c-c17d-499a-a5cb-6c52b9b43af6,Ihwqowzto,2024-10-17 20:57:28
f9eab00f-0144-474b-b105-619c34f02578,Ypxeokkfhmu,2024-10-12 05:41:44
52c7d8b8-6ad1-4cbd-8165-c54edb476077,Qmrownrly,2024-10-22 07:36:47
50f1914f-994f-4526-a6c6-65cf129daee0,Jovntkrhotduur,2024-10-03 19:13:19
00094c14-ad86-49e6-922b-93ebe17de525,Wphaw,2024-10-09 21:39:40
9382caac-d31e-4bc5-a07e-18fd35152342,Qovczkz,2024-10-11 10:08:07
225ea77d-ceca-4bb7-afae-cbe9f6fc6da6,Widxev,2024-10-27 21:35:12
130bd4e8-f816-441e-81df-a9218ea60b99,Omchqjvanskyjk,2024-10-09 04:59:48
0bee4951-7ff6-407c-a4c1-e8b1e527347a,Jzqcrf,2024-10-14 23:07:26
8f1f18b9-5372-4374-9665-5f2d658993ed,Jhkwu,2024-10-15 19:14:18
f4672e11-abaf-4dc8-b8a9-b18a4bd3c9d2,Fsbcvcddhj,2024-10-13 07:14:50
51b122b4-d9d5-4308-b259-bd5dc94e3a9a,Ymweyzyvs,2024-10-10 22:39:30
d529ac01-ed92-4fec-9cc8-e62fb1d91a5a,Daqyxmekivk,2024-10-09 22:33:35
54a7de87-8e97-4981-a861-11d1948b5f6b,Vjevbwrkgvwm,2024-10-27 06:41:15
6cee33dc-83a0-4566-affa-cc38c3a93936,Jwoterhlbuu,2024-10-11 12:39:21
c17b45b3-c27e-4412-8d43-6a6ec1e30770,Ahoiklftoruuy,2024-10-16 03:42:28
49531c63-172a-44ef-9372-609af9035a5d,Ciighhrjpu,2024-10-28 01:58:09
aa1b2487-4140-4677-8eef-6d41c46a754e,Bobgmpyurvdtyuq,2024-10-11 03:44:59
c92649a0-29cc-480c-b915-76874b231215,Tdjnembjfntwybu,2024-10-04 21:13:22
b92294fc-e452-4070-bd8d-590a030b7143,Nefvpxaveevgkd,2024-10-10 07:40:25
8863197e-07e2-4c7e-933c-d5d003a2f801,Sedsgujogbr,2024-10-20 05:09:52
e0864b06-5527-4fd3-9018-0e57a906c204,Ousrkaptn,2024-10-05 17:13:56
641959af-43c0-4835-9f81-d38f88a20027,Zgmnckddamgqf,2024-10-13 02:32:20
34c1272b-1acc-4f8e-846e-3bc6eb857237,Dlzkwcp,2024-10-02 08:02:40
5457284e-4aff-4835-b57d-01c1603189c6,Jvievxupjjufnw,2024-10-07 21:26:22
f2c1f9b0-cc55-4aee-a125-0f75d3666fdb,Ezevqniacluhaaa,2024-10-26 14:53:15
0a38bca2-d483-418c-bdcf-5d2d35c2def3,Zdqycihqnhd,2024-10-11 18:02:40
09eef27f-8392-441d-9299-67eac9bcb9ea,Ftdhjalecy,2024-10-12 22:31:48
83134f5a-cd98-4e53-a005-960b4965bc9a,Trxremduzwc,2024-10-31 09:58:24
96238ded-c3f3-4896-a59c-0f0f7af37010,Wtprak,2024-10-10 00:12:58
b185f78c-d1f0-4591-ac80-00a322eb6378,Qukgh,2024-10-07 09:12:22
2e6eecce-10f4-46f1-872d-21063147bcfc,Cafkrfbu,2024-10-08 19:23:39
fabdc4b2-b289-464b-840b-257be92f304a,Gtmmgctrn,2024-10-04 23:04:49
4ba78196-f970-49a6-bec7-f250710128d7,Dqmxgvativy,2024-10-06 11:50:35
ba039fda-12f1-4f0e-a9f8-a884471123fb,Dkpqfzxzbr,2024-10-17 22:10:51
db90ff0f-9e9b-4cf5-a041-8b22933186b8,Iffogogbqz,2024-10-19 22:32:15
346cf615-a41a-4e34-9050-257c206fa1b4,Ltbqakyrrqany,2024-10-06 20:16:57
847bf7ef-377f-40f6-87a5-78aa617e317b,Onmbf,2024-10-08 04:55:00
8dd2f1b2-acd0-4f16-9683-0d38ec36e4b0,Byfpahqimdzvmv,2024-10-26 06:05:38
c48e4643-c4bf-4ad0-b94c-6b782b61f234,Unzwhtpnn,2024-10-07 01:52:41
0829ad53-bb93-4c63-981d-0ed9451d34fb,Bocvku,2024-10-19 14:38:16
7fd1021a-def5-4bca-ac2c-9e69c9486187,Qjdzhnycmh,2024-10-02 01:41:13
33916b07-57a2-4898-b502-b0f53c5a8166,Jwioxzxfevsrz,2024-10-12 17:22:29
d3eef9a2-ba71-4fbe-95cc-8051ab153747,Zcxggphge,2024-10-12 06:09:24
ec619e15-40bf-4ae0-ae8a-a37deeaaa922,Jdeguvxoqsjeu,2024-10-19 21:47:09
4e66dd61-3305-44cf-9b9a-9b7036015d97,Aboihmasul,2024-10-21 07:35:04
257a1d8f-c1f2-436f-891d-7113139b7dba,Sndsukejt,2024-10-18 11:10:02
ff1706c7-a908-447b-8bdc-4cf266dcc91d,Kanpqngcahqwwyt,2024-10-31 14:06:40
d9d49caa-db77-42ec-81d8-5df9c50e7b5f,Cobkdkhcpkq,2024-10-05 05:07:16
b7bc810e-2c5e-4e50-9947-56ad8fee0e00,Ffuvpiuvktucd,2024-10-27 04:58:27
f378eaae-56f3-4e2a-84f5-2d1ac06220c1,Sqzevgquwuebdgk,2024-10-26 10:27:13
c223fa79-e6fa-428a-a262-74f60935fdea,Muwutnist,2024-10-19 12:17:23
45909503-b05e-4428-b60c-15721375cf10,Rtgxzzpger,2024-10-27 00:08:52
ae34786c-df61-4362-a5cc-b4c01397e8ee,Mxvuldcbkmrb,2024-10-22 00:38:25
909358da-83a5-4e19-a6d9-1f508e311f2d,Bbbgrkmmvbcywm,2024-10-18 21:37:20
856deb4f-8fa1-48f7-ab64-512fb4a194e6,Cqwbpgcdxim,2024-10-08 05:05:23
1b23130b-7913-4e42-887f-206bc457a729,Dcszntb,2024-10-03 12:05:39
73c0e7d0-b8c3-4c95-a47c-c165764bb470,Vwpfv,2024-10-05 21:19:42
e7129e57-5f85-455a-90fd-06eb2e550525,Bcahxbclz,2024-10-15 13:54:33
9d7d878d-ef04-4230-b770-4ba5980045c8,Etzhge,2024-10-01 21:07:35
a77b6434-8b1a-4fe8-a8da-aefb5b1ca15f,Pdyiapbv,2024-10-12 07:07:11
486312b0-450e-40b1-8c0b-300a171972bf,Ouuvqty,2024-10-27 13:53:27
ba787ced-0bfb-493e-9261-36fdbd94aa0a,Cbdotliowcq,2024-10-24 03:20:51
e44c544b-6bdd-443e-90c6-e8f4e55bfd19,Wfkgnmtz,2024-10-01 14:27:44
b70272bd-1c61-4434-9be8-dfaf13ebdc13,Wijhzjhpfoj,2024-10-04 20:05:27
5722bc0b-9fc9-4656-adb1-3727889f0f8b,Wgvtryb,2024-10-15 04:58:28
72f9fa2d-c48e-49cc-a9ea-6f024ed4f7e2,Kgvanzsqzbfm,2024-10-05 13:11:50
23025752-572e-42b7-8339-c94983dccb7a,Jgyedokyoqo,2024-10-14 15:15:52
d8e99677-2392-47c4-99f7-24e15cccea7f,Cnvzqbcblu,2024-10-10 06:41:21
18377b35-a05e-4874-b469-d6f7bbb4e118,Kframnqfxex,2024-10-29 22:19:02
6124a1e4-bc91-49ad-b374-e5faca22cee1,Xwskuwkgboa,2024-10-11 06:24:34
617c15a6-2b82-45a9-9e83-01089acadb2b,Qbllz,2024-10-13 13:30:14
55750bfb-6270-407a-8605-aa05daad3a98,Lxseudubs,2024-10-05 18:14:54
f8afe8ea-d111-42ee-8288-1b37d304537a,Yuatbkek,2024-10-12 17:10:47
1eded6d4-afc8-4392-8aa1-4d7c8f67ff4e,Vugafnklsaslwh,2024-10-24 09:11:10
cb906473-8ae1-4690-b438-9cf453687593,Slfmjsmzimwkmaj,2024-10-24 08:23:45
66dbc896-1ed2-463c-93ff-b40a018e0206,Vzbnuamuddqv,2024-10-01 10:49:26
934e04ab-f30b-4135-b168-36b8152d1953,Xhrrovh,2024-10-08 00:11:27
7e4f9ccd-6d2e-4d5d-9291-b6e7745669e1,Drygnmjzao,2024-10-07 07:06:31
fadc8004-9bc9-4316-874c-477331b4b3d7,Wvynpo,2024-10-23 13:06:17
423ce793-bd3b-4cab-881b-07f8bba2c66c,Moxwohtq,2024-10-30 05:48:20
8dae2690-e7a0-47b9-84ff-3b9e89fbb120,Rpvgidmd,2024-10-26 04:02:44
799defb4-a973-458d-9675-eeca93d5d85c,Vezjuf,2024-10-17 10:16:20
8d7ab54b-8629-4f8c-9771-b43d06fa62cb,Aexmdf,2024-10-01 10:11:30
95893356-9997-44d3-8fdb-4b25a25a0cd1,Vbauwjloxkk,2024-10-01 12:03:22
33bd0748-cc25-400c-bfb1-93dd5d6dba41,Qmnzetpb,2024-10-04 18:19:35
f149e30f-1666-49aa-862c-95f6ac8c94eb,Ovsuttyht,2024-10-17 20:19:38
ed6db174-7d48-463e-9950-697d6e5f3c41,Olyopqtzrpt,2024-10-19 21:08:44
190e0f64-815d-497f-873b-b2674baba580,Dvhilcznuru,2024-10-31 02:27:22
e26acf5c-bfe3-475d-9685-519e3691bb1d,Axzbphgng,2024-10-13 06:05:39
42b3efbf-624e-47ff-a560-e159a6d6dff5,Qrnefc,2024-10-04 17:11:17
e4cd7129-5e6e-4a07-af9d-f8ad2216b835,Ilicpzfcomay,2024-10-26 03:30:52
f44683bd-2d9e-4a1f-bcab-0fb2abe2b4a0,Oaejxaj,2024-10-24 23:47:32
353abfdf-6971-4a06-8ff1-98d8b2f1aac4,Vfkwhtsmqvihmmb,2024-10-18 20:47:27
099d41fe-575c-4870-abe8-6a2ab13de6c0,Qprafpybiz,2024-10-01 21:57:19
7d61a798-fb5e-4727-afad-894f7eda5dc7,Smztqoddjdkezxg,2024-10-14 05:00:57
1bdbde26-72c0-46cd-a238-10641f0be5ac,Sspsapzk,2024-10-24 16:41:31
fcfa3de0-4996-49df-a3f9-3c6a4d2a43ac,Uptquhmerwjc,2024-10-27 08:28:05
0504d8b6-4c7a-4562-a6f6-3bdaccfd5edc,Khutgdxs,2024-10-17 06:55:54
14ad14e2-379e-4456-bffe-170c6858a450,Dqzzfxsdrejghoz,2024-10-06 01:03:17
b72bcb20-3ad7-4eb5-9685-f57e03eb7e0f,Ocfzd,2024-10-16 01:39:49
eacc0ace-0c3c-49f9-999d-bf4739605b72,Wuivxbtsbepa,2024-10-28 08:45:46
9ece858a-9983-4e6a-9eeb-b934b14e7826,Nejxgrmpnbjo,2024-10-11 08:41:58
ae6693fc-aac9-424c-b492-2ecc5f7ca860,Pyphg,2024-10-02 00:31:45
53d63f41-8aaf-46bb-9219-d1d7a9237536,Pqaihmd,2024-10-08 23:48:58
dab514e6-d365-41c0-becc-d2900bf13555,Zixstqddj,2024-10-05 10:50:11
8e191d69-1b13-46dc-8626-087698e153d5,Dvztywxdoucem,2024-10-19 09:37:20
0af18ae8-997b-4b1f-aef9-4dacec7e6b6b,Wjbhrepmn,2024-10-04 16:48:02
ebc16f70-2194-4ab7-84ef-c92451df2c64,Mjuisndxseor,2024-10-29 08:47:27
d44e3ac1-cc43-41b6-a3ba-8354a0d64eb4,Lotvqvpofkesam,2024-10-14 00:37:04
8dd03170-80d3-4e1e-b2f5-1e6284064db4,Lblkbotyl,2024-10-14 09:32:31
c7a45b64-6da9-4350-b2dd-fd933f332836,Tacnfxeotp,2024-10-23 13:20:12
f059d321-1b71-4814-99f6-f8b7d141e026,Axbledpbyfkt,2024-10-26 19:22:47
fc24ede9-0a84-4e4f-bbab-d6ca323c749d,Mkpwetkyseto,2024-10-13 14:39:55
c7e694da-b494-4412-bee7-9bcd93fc9588,Vabtj,2024-10-26 21:42:50
e7ad2f1e-dee8-482c-820c-34bd416af936,Zsbwo,2024-10-22 18:54:56
d1c112c0-f850-4e70-8dce-69c9b66139d9,Luzmbcd,2024-10-07 05:52:55
f8460264-cf09-4417-8fe2-88c05c409c09,Nqhabbzgxezbppt,2024-10-26 13:35:15
3178dc08-59cc-46ec-a702-7d2454957c16,Ofuflqhs,2024-10-16 18:45:53
604c5620-3bdc-4287-8a41-37aee73966aa,Owdbowwhwp,2024-10-27 13:21:47
cb3d40aa-ac74-4e77-ab5c-a9866fa4c380,Ngannuxo,2024-10-21 20:21:03
20ab7dca-ed5d-4066-ba3f-90f6305253d8,Raruqgqprqlp,2024-10-27 12:05:01
55cd8222-b884-46a9-935d-7c7014d117c2,Gmazvpmzcfpcwen,2024-10-29 14:04:50
a2154c2d-a17b-4570-9213-fbae3a36a993,Hzffohjofs,2024-10-29 05:42:36
86a051f5-b89a-4b22-a236-115f972a4d73,Umtjtqiop,2024-10-30 02:54:17
f090c5c2-488c-42ee-b77f-cc79788eefca,Rbnrqxtddvvdp,2024-10-23 02:56:55
ad2ed15d-8470-4d7b-a62e-74eb1f618ca8,Djsjcod,2024-10-23 20:14:35
26edeec3-aa8e-49d0-940c-b0a61aedb1d1,Cqrqvy,2024-10-25 13:23:35
cc034f18-b55f-4840-84e2-a9d253889cea,Hkpgzwzkzpfmen,2024-10-22 12:42:03
97590ac6-33b9-41fe-bd26-a451e8224441,Ickmioxtlmkb,2024-10-06 19:19:05
efa381e0-eede-4101-878a-938b54199fa7,Tvyejuufarnxjt,2024-10-19 06:16:59
d8269788-39d7-44d7-a377-f98ec5c857b5,Ugphqvhz,2024-10-10 09:42:44
50aba3e0-dca3-4d04-8ceb-c5ff414fcc4e,Prhxneqvnkrjzw,2024-10-11 16:14:01
168e9efc-0a56-461a-bda7-827517edca0b,Awdzt,2024-10-17 22:28:47
19ede9d6-20db-43e1-8063-62087e976243,Zqawurbl,2024-10-21 16:39:29
dd903ec8-c7f6-4a19-b487-8ffe866a40c2,Edhmpqvbe,2024-10-25 03:21:20
041f3912-81b3-43f2-8860-a8c94a805dbb,Hbxmbbo,2024-10-26 12:26:06
22549110-5eda-411a-beba-1d5cd980b0c9,Laxbq,2024-10-07 17:26:05
0ec21290-2505-4cbb-afc9-beae0707e45e,Drwsasdbpzs,2024-10-25 06:58:51
85e32a63-a879-43ce-b657-ae853583cae8,Mabgxnuroiwif,2024-10-31 19:17:36
9e3c2010-9682-4871-a26e-e029871df82c,Fazjxovefonz,2024-10-02 12:48:43
f338a027-b200-4793-832b-585102662d6a,Zqjsmmqgrocbukc,2024-10-11 22:00:56
8f0d88ee-78d0-4882-9343-89b84dc855fc,Uxadivsova,2024-10-01 00:37:07
af5c05cd-1e0f-400b-b0d9-28e45d4a77ae,Mjkmbqunottj,2024-10-23 12:43:38
be5d2954-8287-4b41-b266-6db5250189bd,Ucgdcuq,2024-10-07 07:32:21
1b03443c-5a93-4631-9791-7c15a61c3349,Fwqdkwbjf,2024-10-19 18:27:53
71ef7ac9-f3f2-494a-b2ca-daa3dd4eea64,Emqmkwwdrixb,2024-10-14 19:29:38
f1654dd8-b70a-48ff-acc6-f0b1cc9a2e21,Ieodikh,2024-10-08 14:16:16
c4b9c73d-f7eb-46d8-946b-587636bfcc60,Eqzoyrhnazwzere,2024-10-08 09:11:13
a11d3ecf-d655-443b-b9c1-32e0a1d9efe6,Verhgycqz,2024-10-20 06:50:59
7c329cde-fafe-458e-8398-961ca5ae68bd,Eygvoj,2024-10-05 01:14:31
892483aa-f079-45bc-b276-92ad416a6540,Xwwstdb,2024-10-29 05:15:21
dc90965b-e8a3-440b-953b-8d52a642cade,Khfcnxbhmq,2024-10-15 05:24:12
2397fb63-13fa-46f0-8018-4831650406c6,Fuqxitamub,2024-10-28 07:47:36
0abd6aba-8283-45c7-83ba-380ac97472af,Ixqovdkfvdm,2024-10-10 21:19:50
09d5d11d-1f85-41c5-ac1c-add4d479aa07,Hpsmsykpmral,2024-10-01 06:06:56
c13fef09-c17a-4f2b-a2c0-ec16c086a33b,Ffqpjvexrliv,2024-10-14 01:29:53
37c01535-5908-4589-9a7d-99dc3c2833c0,Sijkaxoo,2024-10-08 04:11:03
378f1328-7ff6-4703-a101-ec0553b1dd65,Miqgjcmdzv,2024-10-06 17:01:37
e7088231-c858-49d3-8db2-e8f91d18a6c2,Rpypbngl,2024-10-20 05:20:30
f895ba98-d166-4648-83bb-4b5c0fbc62be,Asmbwnzbd,2024-10-07 14:03:31
1aa97368-3ad0-43cb-ae3a-6228cef9031f,Hkdbkkt,2024-10-18 01:14:44
d576ad9b-b7a8-41ea-8e11-a092a13cbaf4,Achyorgfwh,2024-10-31 07:06:39
08c17f56-f6fc-44aa-9c32-e494b51b7d0c,Gpbenwhvk,2024-10-29 23:48:58
7ec3e919-9ab2-473d-8136-8bf28c5d5f09,Gqcffr,2024-10-15 15:27:37
ba4a8eac-fe11-47c0-8700-f6d4212c6797,Geaxfuhafwnfx,2024-10-01 20:33:57
9849e5c1-703e-4f97-b342-5f537f82fce6,Wfsoevjdhtkvu,2024-10-05 12:31:21
7ea8866b-dda5-4bcf-9b7c-c7b8cb2af00e,Bamqyro,2024-10-21 11:17:28
531c502a-ecc8-45fd-a795-4e344d196aff,Hrwsbdfyvwiwd,2024-10-08 14:21:32
c59b71ad-eb55-4505-9276-a96582665df2,Ctegpxhv,2024-10-29 17:41:48
8a6f9301-7671-4351-9af0-8d58a96a078b,Idbpgjssa,2024-10-27 17:07:28
5b8332a1-fccf-4006-b62e-ba428792f717,Vhjmrot,2024-10-08 01:07:14
a7d16eba-ea9b-41f8-8a0c-df18d5232e49,Ffzksvwheh,2024-10-26 11:22:41
5cb0e96c-1d58-4a21-ae75-a2bba761eb66,Bokndnktjbzq,2024-10-02 16:41:07
b5a5f2b4-dd8c-4139-af53-8792b3f0cec0,Wgonj,2024-10-15 20:21:55
ed7d069e-e161-481e-a195-901c44f759de,Xqkjyvndkkcxok,2024-10-16 16:36:26
48d01778-ebbb-481a-a363-a7b9797fed8b,Ewdnunoy,2024-10-03 05:12:45
9903428f-2c95-4a94-b796-4406328f0ebb,Efeerkybtfrusj,2024-10-13 02:21:14
bf869214-9482-4aef-9250-5dc93f2cc85c,Evhbmiam,2024-10-26 07:04:46
580881f4-d481-4591-8dbf-daf144befa7f,Qoankf,2024-10-02 22:25:41
a9390980-8295-42f2-8995-8d0a10349fc9,Anpyzbhpxkzyxdy,2024-10-08 09:27:14
375acaaa-2ebc-471c-babd-f8d768b51ba3,Cmsffqpe,2024-10-05 18:08:49
14d6ac3e-78a8-4233-99a6-35a4047c62b3,Fjatvynxq,2024-10-06 18:50:11
070f4bb0-9af7-483f-a44f-b40a69a068a6,Wztjrzzaopbti,2024-10-11 03:07:46
d94c17d0-b7cf-4f24-a671-8acebff66cc8,Kordgmzgagfyvqz,2024-10-21 11:19:55
484aecdb-97ee-4ecf-8b10-17afc6089d9a,Ijwvgxahyl,2024-10-13 08:45:54
e1ab273a-10a3-4c46-821e-51cd019ab882,Iqlqidgrg,2024-10-22 22:58:15
8b006f93-29b0-4dd3-a038-d5a7a1a2da23,Gpxkwphncowf,2024-10-05 04:23:34
238cc33a-8b36-4096-9bc4-754daeeb894c,Zzinqomjophm,2024-10-08 06:17:56
0f50550b-8e5d-4dca-b649-1dd434b172b8,Glszgvuionk,2024-10-19 23:37:24
ab035b25-b427-4844-9488-5c5bded55162,Gkcxqz,2024-10-07 20:50:12
263577bb-e6cb-48d2-91fc-5fa07f565670,Tdfws,2024-10-17 12:34:30
9cb19607-0f21-4c4d-af47-84a4ce50e8a9,Hacqmocuvtamslu,2024-10-29 19:59:16
906607a3-12a1-4ac8-839e-8acb810f3556,Yxllw,2024-10-02 04:53:31
6464d12d-91af-4f0d-b368-8aa07b951bf2,Xqerkqy,2024-10-16 16:50:20
65735789-2f24-4f60-8249-05d78ff2502f,Svgtsjhbojupbay,2024-10-12 20:23:07
3eda0841-3cf9-4042-b504-9a51320346dc,Kghvuufptsrl,2024-10-13 12:57:28
e8bc6239-0092-4a84-a8eb-436e3bc87ea4,Hzgarc,2024-10-30 19:56:59
85215f2e-d33b-4080-a365-f4affba14ab9,Btqdofowu,2024-10-24 15:54:09
0afc1ccd-2034-4514-9638-bcb4af7f3646,Gvtjk,2024-10-13 09:04:13
b91676e5-ec55-49c4-9c7f-4f965a71fbce,Kpgwif,2024-10-31 09:37:49
23cf1530-e847-45c0-9b54-9daa98f69715,Orykpfd,2024-10-20 20:20:01
33574fb5-3102-4aec-b8dc-c930fe9370c6,Twxenac,2024-10-07 23:04:10
0b1c520c-2de2-4613-ab4f-35f059b6ea5b,Eewfgeqbbvkln,2024-10-23 09:27:01
be6a0a44-3979-4047-bfeb-d3ecec6af736,Pxextvokkzxm,2024-10-27 00:56:20
b274daa9-f5e3-441a-a48b-3b9f6bd093a2,Qevwhqr,2024-10-09 03:17:06
da98eae9-0585-4d6b-baf5-9dfc0b61bb86,Cvzilatpymnz,2024-10-14 10:06:19
3b2e4a1a-e1ef-4a16-b7eb-80088fddbc91,Noxnwts,2024-10-28 05:28:50
8aa1b764-ec47-41c0-8232-caa2c877725b,Emvdllhtutnc,2024-10-21 14:08:44
577f00ef-5f94-4aab-bfe2-1fab02fd78a3,Sxwfuuphuz,2024-10-14 17:15:05
c2ea27bd-f8c2-4bff-bf59-adbab468d251,Qokardhvnog,2024-10-29 04:16:45
f211b3a2-4f09-4750-b752-377268e4eacd,Liulremvbmjax,2024-10-04 06:29:52
c68bfcea-48e7-48b0-941d-e1d2bd9db63c,Gjaghfpfrpbc,2024-10-27 17:33:50
d92a9796-410b-4236-8d6d-b628ca3291ac,Alyutc,2024-10-16 22:56:31
a0dcccaa-0cea-4ccf-b8bb-04199e2e64e4,Ykoadxencmqkk,2024-10-03 08:03:59
1cb763ef-194c-47bf-bd04-44bffd729604,Rmfvjaugfvk,2024-10-25 05:11:32
8afcfdf1-0ddb-4653-b39a-31403c52f1b1,Qxlzswdlsg,2024-10-05 22:04:47
d2b4ad8e-599c-4fd7-98f8-ea3446034977,Jopizoo,2024-10-08 09:45:36
04865d9c-9edc-4a96-b325-9cb636e59a7e,Fbtoqujiwpau,2024-10-02 22:43:23
d99a93b0-6db5-426e-a8d9-5b3aa868e172,Zfxykimo,2024-10-29 00:47:13
c6d7bfe1-1400-4a90-b762-cb4f3af582d1,Fcfinze,2024-10-29 15:11:54
0a55d32f-b1c6-4555-8a76-402b4048e2ac,Btbpet,2024-10-19 15:16:35
d3f91757-52b9-4567-b175-ad37c1fd21d5,Julpkvslvpdb,2024-10-12 00:10:05
65f9560d-cbae-48c4-97cf-f4413197d1bf,Oatrilu,2024-10-11 07:48:19
b111fe99-c788-43c8-92b6-2d9420300131,Djketrhc,2024-10-21 16:13:50
ac6def74-0ba6-4c42-abf0-a3557cba406a,Seeazieatrgbvww,2024-10-09 10:46:00
b816e20a-7f18-445f-af81-3b13268ca5d4,Yngwfnoxhkm,2024-10-31 15:07:54
13af1aff-9bda-45ba-9548-9590ebf52c2b,Leyseuhihdeicts,2024-10-06 06:12:07
77e230f9-138c-4223-84d4-e7d374cbacc5,Ypvphulxlw,2024-10-18 13:26:29
e477b92f-fa49-4e5a-b8ea-c9535a48b4fc,Dzkznb,2024-10-26 19:06:16
c6087b9e-645f-499f-bd93-c0241dbff691,Fguylwcyzgamp,2024-10-19 07:44:42
d582b3f4-f198-4858-ae86-4bfe5293ff41,Cameamhxegetv,2024-10-21 20:06:43
99a40a3c-447f-47c5-9f60-6c365d46c862,Qcumbtdmwlyvz,2024-10-12 13:30:20
f9422ed7-b43e-470f-a90a-cbe0cfbdffcb,Nmkioboapmisux,2024-10-10 00:11:59
94352bca-4066-4f81-9f7d-ac920988a411,Voylilgnxtxbw,2024-10-11 18:42:25
3ba4f311-36bc-4afc-9392-5d05d4b7b2f0,Oivbgym,2024-10-20 11:13:52
aa8a6882-e2ea-4031-9fcf-140a238643f0,Oahsfspsedsqvo,2024-10-10 17:36:31
9b34043e-333c-4418-9858-33070f9fe6be,Zrdjovzyd,2024-10-21 14:26:13
0974de15-d060-4f90-ad5c-f9de3f78aeb9,Tuefkzqzaquyj,2024-10-12 10:29:28
c7528424-00b4-4d29-bd4a-73001aaa5cc8,Opjlspevjnig,2024-10-29 00:25:37
2536ef76-999c-4d34-a031-2445d446d07e,Vudlqghiajltxz,2024-10-31 23:21:18
4fe8792a-d3b4-4e66-9f48-087108b49fdc,Gmqeis,2024-10-03 17:59:42
7505ac4a-fb56-45e0-b6c5-5bd9ab06b9c6,Sqsrpuanuoqzmgh,2024-10-26 23:15:18
15d744cb-013b-4902-b549-d52bcdf824d0,Ksueokqggvmfge,2024-10-08 13:15:21
0693acce-f39c-4e98-b514-09e21cce6e28,Ihtghmrtixopb,2024-10-14 10:28:08
d4806fdf-11d6-4c52-b52d-9675b34610ed,Lqnfaknvhlkas,2024-10-10 11:47:39
71c4550f-769f-4007-954d-bce00b61031c,Reifhnlynlpbuqu,2024-10-11 16:27:26
c4d6380c-de56-40d2-82ba-7a38ec451d08,Syxhiddefyljeae,2024-10-10 01:49:01
ed689fe6-7702-49f0-9c44-25e098f1e8e8,Skakyfksnc,2024-10-20 06:25:29
9c88d7ed-f642-479a-93c1-b473de559056,Wfusydypgo,2024-10-24 15:59:15
dcb5b866-efb4-4ce2-a432-c4eda7a193b4,Zhvuu,2024-10-01 06:28:38
067fbfa1-6404-4506-9f8e-aa65ccc81f9e,Ychmomoyvea,2024-10-12 09:15:25
bf80401c-4ec8-48cd-9c8b-a4e2f8681f6c,Wxglamd,2024-10-21 13:28:54
ef91efe6-399f-4ec9-89c0-d21af2fa9497,Cjkxyruu,2024-10-19 21:50:50
38a3bd37-fdc9-43ce-a9df-094fc2d5b30f,Dwdgsdkdpd,2024-10-07 13:22:34
87f87c8e-9ae1-4354-aa47-8b532b1b97d5,Vjvikjfgr,2024-10-19 20:32:13
2788c71b-741a-4304-8c02-0b96f5389b94,Ixnhmj,2024-10-08 04:07:53
c75d8f21-b2cc-4d58-addd-9185c513fb48,Rrxfbgycxo,2024-10-03 10:20:45
cbbd37b2-36ce-4cff-a53d-ca7b6ffad2b3,Cixvoqbow,2024-10-11 00:52:58
ee4232e8-207d-4b24-92ea-df57775ced78,Sgnjwauchl,2024-10-10 15:05:45
a35d3a6c-5fed-4d3e-838f-af18c643e970,Gmakvoufb,2024-10-13 00:58:00
df173deb-923c-4805-a7f4-adcdff4537a2,Begcbeio,2024-10-13 01:57:28
0ade9e28-d5de-4c38-b235-839985b3f195,Rgzmboxxqk,2024-10-12 00:24:00
8da5f0a4-e6b1-4fbf-88e4-749b9ba8cf33,Mslzixnvepmlo,2024-10-02 19:58:39
b97cf770-a58e-443e-ae91-77334393ac0a,Stqeoj,2024-10-08 20:42:00
67f03a5e-1f48-4433-8e09-359da918ec22,Fuqqzsh,2024-10-30 13:41:25
26478897-ad70-4a9c-a213-7b90f83287f0,Snrsusuqe,2024-10-09 02:26:45
b1e968c1-2793-404e-b0b7-50c7055bef70,Gycedrtdd,2024-10-01 02:45:03
1914eb69-dc72-47ad-adbe-fa869fd99440,Eqfvmbjyq,2024-10-18 07:14:08
49679ab0-ca92-478a-910b-44927dc5f9e3,Rxjnhyh,2024-10-03 13:27:07
d171d195-c5c6-419d-b9fd-b4e4d6a2e0c5,Czrtkbdufbnwilz,2024-10-07 16:36:46
c36d29e2-5fb5-49c6-b427-f6341a9b3f0e,Tezybckccbn,2024-10-03 13:42:53
a5d0f1ff-3ff3-45cd-b2cd-fbbfa0d47839,Lafngjciejt,2024-10-18 02:20:09
4137eba2-f8c6-4376-8d72-056403fbbe75,Orfxyvdjde,2024-10-17 05:39:52
0c394ea4-7bf2-45df-add1-5bc5ca5b9ff3,Gilhszngkki,2024-10-14 05:36:01
337937b6-2891-4133-89db-e18080177191,Cijhfiybim,2024-10-27 08:54:38
02e6b780-8505-41b4-b2f1-d890417287d9,Dbccsbt,2024-10-06 06:51:05
c269ea77-1f63-4ab5-b9ec-d67dc2e7c3c2,Hzysqywvctp,2024-10-29 21:45:01
77159250-4a6f-46a7-9ead-3b427cfbcbcb,Bmnzyayg,2024-10-04 01:44:00
be1c143d-28fb-4363-89d6-926aa4248330,Hmssbzofpripmm,2024-10-28 23:39:33
2c98a791-c0e5-4a24-995c-20cad938ddbb,Iwvksprfetg,2024-10-30 16:21:25
c4f16502-098a-485c-9f2a-23b2c1b956a0,Gnfvipjvftclre,2024-10-23 10:16:08
b75e1b45-4c36-469b-81ea-a66fc7a59a41,Nqzqjy,2024-10-10 03:14:00
022445c1-1e99-4a27-af21-0dfe472fe46b,Ktenarnpek,2024-10-19 12:20:05
440868b9-034b-424e-a3fc-96d01e7d759e,Qtrbpzbuancdq,2024-10-01 15:48:54
e31cc2dd-31e2-4642-b444-5151cb7eb931,Hbolhuvyvdwcxw,2024-10-05 13:36:02
3f049d57-42ea-4414-b9f6-2c81ff185070,Bjsgmselb,2024-10-28 21:31:10
d764545b-9d20-4dc0-820f-efdc7bd18d8e,Stxodwhorgroa,2024-10-05 22:50:34
4476fca8-0c8a-4415-ba37-bfeaae6705fe,Srgqwhfada,2024-10-07 21:18:19
47287919-9f31-4d69-8489-1c9034072f1f,Pjdwwpacf,2024-10-01 14:57:19
9245760a-bedc-441d-9a34-9d6d8cebc3f5,Dzhfrhesemhaxs,2024-10-25 16:09:54
14df51d1-b44b-457f-a5f5-a39e67e07fbd,Clobtbrsfxst,2024-10-14 02:34:41
3283f45e-6e62-41ca-ab2f-ea5a87aa2081,Rqkixd,2024-10-05 17:25:38
74db9b2c-d3a8-4929-8452-0aa191d70093,Nvbjjvn,2024-10-15 16:57:36
a7726097-2c4c-4e0f-8077-2a2cec4cf702,Wsipfoycj,2024-10-17 05:07:09
6d776010-2115-4e86-a0d4-720946be865d,Xvlmee,2024-10-05 18:30:16
b042c986-36d8-4c26-8ba8-10e6cc69e056,Fcbisjlsuc,2024-10-19 04:28:00
2021c982-d746-4a1b-818c-eb926ba71fc6,Jtdgpzej,2024-10-18 18:25:53
ec862a4c-4f4e-4666-8e9e-bf1e272b0be2,Ntshns,2024-10-01 01:57:43
9f7a1226-1ce8-49eb-bbeb-dbbb23248e61,Tjfhxssmgal,2024-10-21 03:43:57
93f40918-dcc5-40e4-9f68-9aeed9605455,Nbprrsouftjhg,2024-10-04 12:16:32
72f6a136-c210-4902-ad6f-4916017d811d,Mulbjhm,2024-10-06 11:18:53
9ce8e4bd-1e9a-40c6-8ee1-3baa8179f7d6,Fsmuuubb,2024-10-21 10:12:35
19e16632-d230-4cfe-a65d-d71e2c9f590a,Eltdilcnuba,2024-10-23 01:25:08
0046c9a5-777a-4fe9-a7bd-052440729cc7,Vgodhxu,2024-10-27 10:49:33
79484687-2244-4b65-b744-c55445367393,Eebyigukks,2024-10-08 05:48:22
059d571d-3331-46f8-9a7d-eec1c74a77f0,Sqsaowmr,2024-10-22 09:42:38
e9ebf467-2eb4-4855-86fe-82e6d1374b7f,Ptpignkxazxfg,2024-10-12 19:00:26
78a8b393-c322-486a-922b-dbc672a27257,Euwnzyew,2024-10-20 03:10:48
bcfb0307-f5a7-4edd-8d08-c62a70cf687b,Wbuzkvylnginxa,2024-10-08 00:28:23
427faf7f-3dff-472d-b33b-cd1a30a2ac6c,Dikknlari,2024-10-29 05:12:18
4d5ac580-6f98-48aa-a293-2d3bde1f4fe0,Qaigsmdcfexlpug,2024-10-18 13:27:35
e5c87a31-7cad-4642-8fd9-05ec7d13ffc6,Qvjmthivycujom,2024-10-21 00:42:23
5a96dbb0-6b4f-4fa2-86c5-163bc9a95e96,Nrwevzm,2024-10-10 12:40:59
63d03f7c-f4e4-4c6f-93e4-0cde2a6d07a4,Pfiohtlvtrh,2024-10-11 13:18:15
b1a566be-484b-4876-86a2-a907127cacb4,Azkmdlzgrdt,2024-10-07 21:28:38
1afc98b2-c8fc-4d5a-87d4-7af31e3ee00e,Cmevcphabjd,2024-10-09 02:53:28
00c6451b-c8be-4b27-a04e-20eda49dd5a5,Uqohagcsbn,2024-10-16 00:57:29
a7a40905-c6a8-46c9-a3d2-fb07c90bada7,Ukokmbhu,2024-10-26 22:19:44
4d9796bb-921e-4075-aba3-370d630df5a6,Craermvvag,2024-10-25 12:51:51
8852e0eb-c0e8-4167-b2f3-651b0531f463,Aneesm,2024-10-26 05:09:05
3861585d-79f1-45d0-b924-6f2356c67fc7,Iewrrceifta,2024-10-07 04:15:09
de90a384-5156-4619-b496-94202f1479ec,Wjszgv,2024-10-03 07:19:51
0521d044-42ac-417b-85c2-8c1f8eb61112,Tlfdhmusnh,2024-10-21 22:53:44
84171094-2bf0-446b-bdd9-5e53ddcff001,Pitsozyv,2024-10-12 22:02:49
e8d86509-213e-4522-98d8-4b084906e64c,Zedbtitmofovz,2024-10-05 21:41:48
8284b688-a9c8-4ad7-a551-f27294512ce2,Ejenrzrnepjkm,2024-10-01 08:54:25
082f69af-29cb-4ecb-8cda-6aa70828b847,Mayxlhv,2024-10-11 05:56:55
0b658919-6ec5-42f7-be2a-377e9246b30a,Xlfii,2024-10-24 19:03:25
8cba0b31-ac08-42db-a574-d30c2c06c7ad,Fefnqvdsj,2024-10-12 23:07:37
48aba7cc-6069-42ac-8597-5df8145a1041,Eyavcxyd,2024-10-21 08:47:34
e239b2d0-60c5-42c1-837c-aad18bb8699a,Oekcwjgogky,2024-10-26 11:18:03
c8056597-163a-443e-b790-9fdae3034f4b,Llzpvuvufdocgy,2024-10-04 07:44:52
4987193b-c226-4d20-a9ee-7c91a937a0ec,Ssmghgi,2024-10-14 05:05:04
9d35f558-4764-4dcb-bebc-be78f59da3ba,Beqnryp,2024-10-04 12:00:29
cc276504-9f11-4e1b-978a-b22eabfa1845,Zpvrgtw,2024-10-04 04:30:48
6879d1b5-6795-414c-8f18-4bf176090289,Wgjiioxj,2024-10-25 07:14:06
c5c56a17-bddd-4bbe-afea-2f12f172f337,Phjlstdgulz,2024-10-24 03:03:52
18043ba8-e4b1-46bc-84fa-9d14ecfb1414,Veivepbdlqz,2024-10-19 09:10:08
839ec24f-1aeb-44dc-81c4-0df20d085af8,Lgbkv,2024-10-19 22:12:28
7e80f928-1e8b-482d-8182-4084a66cc97b,Bimiuzvdd,2024-10-12 16:07:05
d601203d-a6b5-4cbc-bcef-3f883c73043d,Qtreo,2024-10-22 10:49:08
a12c8513-ceec-441b-90e0-147230d8eec5,Gfiboxg,2024-10-02 09:29:01
ed73e23c-6108-4472-af82-0a63006beede,Rlcvdyc,2024-10-20 00:25:38
ed94efae-0957-4498-89e4-b8c1b5c4e68f,Bcffy,2024-10-01 10:46:37
34ff90fd-d5f2-40c6-8794-c95cdf03520e,Cdbihhlkfefwi,2024-10-17 15:12:40
cc2d3ce5-7c8b-4e39-88de-ddeaf835f7cb,Sbbwlekhens,2024-10-03 11:32:59
94b3a214-3206-4fc6-818d-200c74920b9f,Npchnq,2024-10-05 20:20:03
b45d8583-0d5b-459e-b89d-3e16b33139d8,Jksgou,2024-10-17 16:31:58
3c84db3e-71ed-4462-b716-3579b6b9f8a6,Yadof,2024-10-14 22:35:16
61ebff7c-c050-467d-9500-68df4a9969c1,Vjlmtxzttdjbhzp,2024-10-06 02:37:28
e35dfb1a-0ce1-436d-8ff3-9c135876ac33,Nzjnpvet,2024-10-12 16:55:31
52f2ded7-ba7b-4fdf-8656-6e14714dc513,Yvxhgxbf,2024-10-18 00:09:26
861eb111-756a-4fd5-9567-09793e80fa9b,Tlhchbxkgqvqqwi,2024-10-13 20:28:36
de10e6eb-80d7-4e74-9ba2-a56bb8924ee0,Jgtnfv,2024-10-25 22:33:22
24e9caae-f8ac-487a-9bfe-2b6ad2d0dd70,Rcwskwgfs,2024-10-12 10:48:58
bc4a5840-7a59-4acc-b5ab-5efd7fdf8482,Qqxhkwarrwu,2024-10-21 01:37:11
6c96535f-5340-444b-a198-39edae8eaed4,Quxqecxtngcprbe,2024-10-27 19:59:57
3e0864b9-8653-471f-989f-88bcad5e358c,Pfsbkhmmanj,2024-10-22 22:48:28
fdabf3e8-5830-4e89-a093-b495a2bc44b1,Cmgiovplzhat,2024-10-28 15:37:07
127d08f8-2f89-4ea7-92fb-43cf88754a6d,Wjprsl,2024-10-27 07:23:31
0b18ae6d-28eb-470e-b74a-93d35787d29a,Ncczsreemeyjr,2024-10-28 00:54:13
92b6cfc1-037c-4a63-9ec1-6eb1fc0545c2,Aakchauxfdi,2024-10-15 08:10:50
ea946c57-38ba-430b-8e4c-cf851be5fa1a,Meexzujfnhx,2024-10-18 04:26:09
1cdd1039-1b6e-4487-9d32-e1a2e4ba91e7,Jdjsq,2024-10-04 16:27:24
988a1119-ed79-4ec7-ae82-48746edb1229,Qebohcxu,2024-10-08 07:23:18
2fe35f21-e0b5-463a-a4a6-1f04d015d5c0,Dhrzrjjukdtwad,2024-10-17 04:09:16
c095040e-815f-4afe-a200-84cf7a136e64,Ewwwb,2024-10-18 07:33:03
39028f4a-4193-45c4-93d2-285c8562e8c9,Msjvfc,2024-10-29 10:49:05
4cc61550-726b-40d1-bfd8-9bfab873a561,Idfgzzqkaqwfiq,2024-10-08 23:10:29
7020d6f1-a0b2-4c3d-8518-66182bb83354,Lffhboev,2024-10-17 03:51:51
ec31cb61-23c8-4034-bfc0-f8b5e4a78f55,Hfjjktwcmjfls,2024-10-24 22:49:16
927df39a-09ae-43f7-a430-9e09acd14ee6,Dmpklzkcmunwqo,2024-10-20 17:14:30
3b5d09c4-a620-4f6a-8333-122f9036ec5c,Vrvdh,2024-10-29 02:03:05
9c5da922-2d18-4800-b182-1d4d34b8d107,Xukmdkrybw,2024-10-03 00:56:19
22e6f03f-6b82-46d7-bf49-98e087186306,Stmcxx,2024-10-17 19:49:19
092553da-36b6-4b80-8ca5-ff4a5fda45e7,Majgsnkbssewrwc,2024-10-03 06:35:40
cdeb086f-a674-43a4-b858-3ee1c091db5b,Brehwnci,2024-10-21 17:23:51
0e644391-0382-4ff7-9e15-d566de9ae64f,Jgfihh,2024-10-20 06:10:29
b5398c55-e4fa-44ae-a007-b0b1d7e0faa2,Cimwqqbqag,2024-10-28 17:31:33
a472bfda-1147-4352-8c60-1e025d0b0d0c,Lyjoowarteljskj,2024-10-01 03:59:14
75055892-62b2-452f-a5c2-9ac4544c8f3b,Xflvavvcq,2024-10-25 07:51:02
45ee7e99-f2ce-4ea3-bdfa-c2640c8f9ef0,Sgchftupbug,2024-10-27 18:50:08
842831f8-2cb4-4e37-9c62-54b9ac4fd42a,Wcxleraypzh,2024-10-19 21:55:29
7771c7d8-cd6b-4608-8c19-7fea897abf8b,Dmsdq,2024-10-08 23:55:21
a438aecd-986b-42bb-b43c-aa40dbd9e8e3,Ducpxvlruk,2024-10-11 06:41:15
664b0735-18fb-4caf-b7ff-e82cf02ac612,Quyinr,2024-10-20 14:42:14
c004d65d-8a24-4557-9c4b-21fee88c77fd,Dzcoeimsx,2024-10-07 18:21:18
e2c22d9a-5180-4962-8a3a-92534a1188e5,Rgsqcwuzwiry,2024-10-05 02:57:42
5fd67863-ab27-43b1-bf8c-dcc7caba1513,Kfrqvodel,2024-10-07 09:56:28
017f9401-a00a-4066-9eb9-009fa521afb3,Zsbvds,2024-10-09 04:53:17
14dafb98-6f5e-4a86-9b2a-09d7d064efaa,Rycffqzhwrfaskf,2024-10-30 02:10:32
fd74d360-1d82-4416-aef4-9bed924a1aae,Kqhatsrumvttope,2024-10-22 20:34:05
a620b40f-d8c3-4192-b862-7139d4ded752,Ogxhfkuowb,2024-10-18 17:51:14
a29c660d-02ca-4ee2-8abc-cd708db072c9,Bgggpcosdav,2024-10-13 18:25:50
629d7de2-3550-4269-8b57-29d90b42ed0c,Bnpnvsmpvqedt,2024-10-07 07:59:41
304eb3f9-f648-419f-aa5c-b47df4bee683,Kgxjfk,2024-10-06 13:00:43
df7ac4c1-0085-407b-ac69-ad43474e5899,Sbflckcnt,2024-10-28 11:02:35
d3ed6336-6f29-4672-ad49-5cabc1aa4ffc,Sbymharqfd,2024-10-25 14:08:19
32628013-0365-4a1d-a1d7-d73bdb8cf55e,Ybpsacjdfman,2024-10-03 05:51:57
9b26adfb-6a60-45c2-b212-d91b0078b02c,Wgnerlzdrpmwe,2024-10-05 05:59:59
94c3413e-6a5a-4827-a84c-da70df97218f,Ncftdikujclj,2024-10-09 13:47:08
f80d8fc7-2c5e-4916-8bdc-5734d2d90c2a,Ijqaiu,2024-10-30 15:47:31
ca737b2f-89ff-4a74-8854-3ae2b28bc1f1,Nyzcvejbrj,2024-10-21 04:29:57
aa90f102-4b65-42a7-8eaa-47930e256b77,Hnhtp,2024-10-17 03:10:31
b073ccb8-09f6-4402-abda-c39d75704770,Scqhkdyuhtecjrg,2024-10-26 04:56:08
19730a98-5e0b-4027-82a1-b5aa2eb27377,Mqwykv,2024-10-02 18:55:45
fd897b09-3835-4b45-b590-b0e8a53bb16d,Ksxkipae,2024-10-09 17:06:27
0a97ac98-887c-4820-8d35-081192cf3306,Edvmzminszpcbzt,2024-10-28 20:19:49
0e1e4548-9139-4990-a3f4-bc0966f302a3,Kuqmfoffucmr,2024-10-03 05:47:22
c5cc122e-ec06-4e91-bc42-c617bd5eb949,Kbljpkatpozn,2024-10-10 06:23:18
f95d1549-cb53-487e-8a5b-acbb33d1be00,Krsjxumyrutl,2024-10-27 16:27:50
7fec5035-afa9-4eb4-bb8d-adaf5c28e0bd,Xcotopjfo,2024-10-10 12:33:35
5955081b-deca-47dd-8784-749af752b68d,Baymestdofd,2024-10-03 18:42:59
5e81176b-5730-401d-8368-1d5ce5f188b6,Knsowwswc,2024-10-15 22:24:03
4bf78f00-5968-4ce6-8c68-35427debca19,Axgieqgimso,2024-10-19 20:18:08
1f616a8a-474b-46ee-bc96-d8de4d42630d,Hffmzifh,2024-10-17 15:22:59
76a4944d-1196-4bfe-9c40-0b437aa96ec1,Isisequnwkecjs,2024-10-22 01:15:13
98779e94-cc79-4260-be3e-9ccb310336c2,Ahtukeorttyhfz,2024-10-31 21:32:08
ec6f1abf-b899-4977-b35d-c7bea9798921,Emzdmuxhhtrfml,2024-10-20 15:55:02
7de1a3be-4cd1-4454-9ded-937e8d188186,Rkxswqk,2024-10-27 02:20:40
31ff94bc-5db6-42b2-a03d-8a521ff571c8,Nyyiuq,2024-10-14 18:22:38
4456ce53-fdfe-4825-972e-fd2090b6bdfa,Gmskt,2024-10-22 01:59:37
ae0d69df-8f8e-401b-a355-e91932d83295,Zwlsmlt,2024-10-07 20:58:52
50500bd1-c4dc-4b2b-b174-463c13011030,Bwzdwpodoo,2024-10-02 09:41:09
b4292f8b-b25b-408c-94cf-9a5abb6bb44d,Meobgc,2024-10-14 02:28:25
2a7d9416-24be-4b99-a144-bc1fa9c709e5,Mkunrdsmn,2024-10-16 11:10:16
7b86a419-c8b9-4cc5-8ea9-c2a8f5d7931b,Clviqbbtvew,2024-10-30 20:04:52
1f363fa8-843c-411f-a2a9-11cbaf04f14a,Vrvzrsbh,2024-10-17 21:33:28
11d3dc12-05ac-4c90-98cb-4a451ea25ca8,Vjtipcvswioxujy,2024-10-17 17:03:56
4315394b-be04-43ab-b62b-8462c447f0f1,Syyqqaruyabu,2024-10-06 21:10:54
8cfe9f28-1eb8-4864-97ba-3db9d9c2800c,Jtjatsuo,2024-10-11 06:10:55
48cc6b8d-bc6b-4009-9a86-182ef896025b,Ogzokrihq,2024-10-07 20:56:20
56926e83-6f3f-479c-940d-26d9f548a05d,Npzpcilzs,2024-10-24 16:04:25
314aa35d-ff0e-4c0d-b4ea-60834d80512c,Hcraphibfwhoo,2024-10-25 20:14:00
c378b6f2-db15-4838-978f-c1a9e2443f18,Jtbnf,2024-10-06 04:14:39
f45b5ff4-7697-4b70-b85d-d9fd810155c5,Rnnrbelthy,2024-10-13 07:29:46
7ece4a70-576a-48d7-858c-3bfcb36b2503,Hvusbofcbs,2024-10-19 09:29:40
dfe07035-d280-46de-95c9-c07e69cf8174,Umnbmsfxa,2024-10-19 22:40:22
2503389f-831b-4ef1-90f1-241cc58fbb5f,Npzcvh,2024-10-20 11:17:16
7f9fe388-e3d8-47a4-b3cf-afa164e3b661,Zpqdfgwiq,2024-10-02 10:34:18
d01e98ae-1adc-4073-9328-e61942dc425d,Kuioshtefigtfpk,2024-10-21 23:04:57
e18eca75-df20-429f-89b2-bb1d00b93e71,Nghogsskuygo,2024-10-18 09:51:06
a9547168-df6f-4fa4-9439-2d475c784bf4,Wysqdnstkmty,2024-10-08 08:47:17
aacfb897-d79c-479f-92d8-0afa0eed956b,Ithazyppet,2024-10-06 14:38:26
8b9ff8e5-4e7f-4845-9d6a-c4f7217ff825,Syovowk,2024-10-06 05:33:09
b4975b09-a254-4b44-930f-debcb689ea76,Tuorjjeccwycf,2024-10-30 03:49:43
c1cd8b88-80e3-4970-a4f5-110005898381,Meyhsciagvi,2024-10-18 14:43:33
d685ca40-debc-4ff2-a5a9-ec8e2946c353,Lkpgvwlbdglf,2024-10-08 18:06:48
47e4e5af-4168-4904-bde8-1993139fbcac,Cwvvcmtwgqrfbt,2024-10-16 02:25:50
11a287d2-00c1-4bd6-a0ca-80202db66a3d,Zaebmscdmdhcimf,2024-10-03 17:58:04
98634dad-69ed-42f7-ba01-b8f0f551ceea,Uhixxha,2024-10-06 04:13:19
33b5a3de-cef7-4c18-a5d6-27f112b7f94f,Mhrniphvhtbj,2024-10-15 21:28:38
2a283f0f-0fb3-49d6-9119-441a39f765ff,Pvajfyomz,2024-10-30 00:59:19
efea4787-1d9e-455c-8bda-5b010f40d37a,Sledjjimeaqar,2024-10-05 10:29:35
146196b7-9c91-4378-abe0-7ce13723d474,Qpyba,2024-10-24 03:28:04
e4739af0-730f-4944-bf48-e68384147f6b,Qndnvagc,2024-10-22 12:47:44
33f881d1-d459-4242-90e4-ec414f30def9,Dwzfsbymobhdgcp,2024-10-13 11:37:06
8961bf39-3fc9-4a12-908c-b6e457177053,Bcqkqy,2024-10-23 05:56:06
0bac64a4-0124-4ac6-b457-78943d219b95,Fhbwgjwmmh,2024-10-14 22:46:22
736d1d79-8342-48b9-91c2-cbf266766f4c,Ulwxfljh,2024-10-10 14:24:00
933deefa-1df2-4ebc-8a10-d412f724e823,Ftwpltjyip,2024-10-23 17:13:52
9fdf962f-1df9-4726-9a8d-b1684f2a359d,Qcpqnelbsffstd,2024-10-21 16:37:18
d803442e-c26f-48b4-9233-4343840c7528,Bcxkvgoezoksgc,2024-10-22 16:23:17
f1fa31da-2448-4823-92e4-35e035986169,Ixbebovuyyc,2024-10-16 04:28:28
35615a41-a44b-4d87-8fc8-1d5b3d9ecbad,Jwwaqnlfdtoqsle,2024-10-31 08:02:51
0477a1ff-6d69-473e-b1b6-c3b7eaf88b3e,Aacpd,2024-10-08 12:25:29
f029daa9-69ad-4197-8e67-78889a97231d,Kpqwruuvksxjuf,2024-10-29 20:12:35
8388a59b-50ed-4d71-863d-d7fb5b61dc62,Zjwvu,2024-10-30 20:20:32
cc76c3a1-cbda-4198-8565-4d50869d9ec2,Kdgnbomuur,2024-10-06 23:29:20
9475e244-2e20-46d8-90bc-75398903a9b2,Yzoccyfej,2024-10-05 12:48:23
7de39e7f-f50f-4056-ba81-d94fb3873206,Jrmippnxtu,2024-10-31 20:20:02
005a55d0-5291-4342-9297-0cb6dce61829,Raiuxqxwoce,2024-10-25 12:15:56
68e382d2-b1ed-4ece-8658-3f64e575c76a,Sfewzcawpv,2024-10-15 21:43:29
25a3bc02-0396-4446-b19d-7f1a6ef4d51f,Ujzwdfaxcmddxnp,2024-10-01 11:04:43
f1291598-b110-4d9c-b3bf-38be96c11b02,Gabmz,2024-10-20 05:10:18
90a19601-72f6-49f0-bbf3-5afa3df506f2,Tkwivef,2024-10-03 19:49:58
5a88b2bb-975d-49ee-862c-4aab4a871064,Cmpbnk,2024-10-28 08:35:41
134def48-bd6a-41e8-8da4-9bcda49e561d,Qdwvfsvdvizf,2024-10-04 22:09:18
0099a796-ed95-473b-84b6-7a6c4da76fee,Kbnrksl,2024-10-11 08:59:11
522e03fb-6fa1-45a4-bb64-3166197e7a83,Olfdvkkuagidmei,2024-10-24 01:26:00
388f4c40-1328-43ae-99de-a94894148872,Tnakof,2024-10-30 12:39:11
5946177c-5e32-4dec-bf91-840e8ed7efa4,Mdxyxfemcubs,2024-10-18 01:58:08
4ba573ab-f8d6-4ff0-819e-10237e55b1f4,Qctwzgjqhye,2024-10-06 19:20:32
b1f9bb5a-7864-45c8-bfff-fb49ac8f307a,Ctbnn,2024-10-28 10:32:07
fff7d26e-ab02-4ad6-9619-6b0897928791,Fhohk,2024-10-02 08:01:47
bceca603-e966-4457-9df0-808c6616ac38,Ghgqsmesesibbdw,2024-10-16 19:14:26
a5bd78ca-dd49-40c0-aa5f-bc681eb996c5,Yplscwvbluooj,2024-10-13 17:58:08
fe546cea-50d6-4936-827c-0138d5e0eebf,Ytcwaqywpwnp,2024-10-06 10:28:08
39491994-bb2f-44ac-bd41-082fbc34ce3d,Encvnhcybzjuyz,2024-10-23 20:44:53
6b4f0b1b-8bb1-4e9a-ad84-147540c88763,Rollmebtti,2024-10-22 16:33:10
dde119c9-ced0-4250-adfa-71e693b4078b,Bnblnievrhhtq,2024-10-01 04:00:57
e6d6ad37-aee2-40be-a229-548feabd76f4,Mqqvbeqguflq,2024-10-15 20:09:51
db5b297d-efbc-45ea-9791-12f96e456f4b,Prhbloy,2024-10-29 11:45:03
aaab47ba-176b-48b2-b477-5ccfcc3cdcc6,Hitgatsvbrh,2024-10-15 07:11:51
308c0079-adbd-427f-9754-44a796a25ccf,Dusxeus,2024-10-26 23:01:47
9e1940fe-0572-44c1-91c9-e0d25a782db4,Horwutgdo,2024-10-27 12:18:42
05d32283-44f1-4bba-bc3b-f739ff663e05,Keakce,2024-10-09 12:29:31
cd749f10-7a38-4b40-add3-b7542b318319,Lpkfoh,2024-10-06 12:47:56
a5dfda82-2e93-4de4-a613-23720de320cd,Qfjai,2024-10-18 18:42:35
3f6767a3-f1c4-4551-b3cf-4b939e61e05e,Uxzrnnmrjycfdj,2024-10-08 23:32:50
0a09857f-5277-4771-8089-762f2fc1698f,Odkmbehih,2024-10-28 10:23:44
6cea0d86-7701-4901-9c84-478ee50611ce,Yrnjgeksisjo,2024-10-27 05:48:13
326e3274-3606-4475-9083-438d6a3e1284,Bycjigkz,2024-10-14 03:12:05
f054f7ba-b045-496f-bdf0-f966b24c40b1,Gsftstvolhhl,2024-10-10 07:14:39
d91f30ef-1b70-47c0-a82d-627d0fd70bed,Sduwiy,2024-10-15 06:10:53
1ea3fd76-5b8b-4136-b17c-53013d9ddaa4,Wpksmbzewkatzv,2024-10-17 12:32:12
16318ba9-8283-4528-8a82-87c11e4ced88,Iyvonx,2024-10-17 01:49:30
b7582b24-5535-45eb-b7a0-2a9d93a3c2c3,Ehqnbnohifxezs,2024-10-08 18:10:07
f81fc6ea-3271-4616-bbe0-92058b01632a,Euzfpgx,2024-10-23 15:30:53
0f3e3d90-b6a8-40ec-a3ed-61c1a45b8172,Nromhp,2024-10-28 03:49:01
0bb00611-f576-4970-82e9-90e5654e44ce,Jgfjni,2024-10-14 05:49:28
36c315f6-6ee3-4b4a-9b4c-31f4ed26800f,Hjpkmwoabfxm,2024-10-22 01:23:31
7a07ecce-9a4a-4cad-bad2-c7b9dff9bc58,Xsgnjxcfxwfvzzf,2024-10-24 03:23:04
508209e1-49cd-4507-b883-c057c540b512,Qlwuszg,2024-10-30 05:22:39
365a973d-7bde-4b41-a629-39e70c3272f4,Cdfdmzwk,2024-10-08 23:23:02
ed5653d3-4647-4c22-9ada-89296d58d2e3,Zotbefdazrkge,2024-10-19 11:42:55
4545c896-7c49-4ed1-90ac-9db6483fe841,Tfhrdljoneu,2024-10-26 03:01:09
7364adde-2873-46bb-9c6a-64d482e4940b,Dyyfxiaxsvb,2024-10-02 05:33:42
e3f51f74-7965-4aa3-90fe-ee251291042e,Iniujpr,2024-10-23 03:16:21
d709788b-dbe9-42a3-acfe-c2288d86ed4b,Vidhcwluhtuf,2024-10-27 22:00:15
ae0dbdef-1516-4258-af42-c62913014793,Qbhhz,2024-10-15 19:17:28
a4f041d5-f851-4227-b338-8ba8a72f3bbd,Bgivndar,2024-10-27 10:08:40
0d1f0d17-fc87-4668-af81-72deff3361ce,Jueilj,2024-10-14 23:03:30
18ad0f49-bb6f-4a09-8b24-7f96844ba5d6,Bisgfewotutpwt,2024-10-18 21:50:08
e8c4cd0b-5ff4-4f14-954c-6361ff2df984,Xektqjkodbxy,2024-10-11 19:32:40
1fc0d844-670c-4d64-82ec-e6ef86fc04a7,Myrlrj,2024-10-02 14:22:51
cb1a76f9-0a8c-4a05-bf42-a6bf688a4ea8,Bykbwkeqz,2024-10-08 03:00:35
15067931-237d-4b9b-a66c-681442c7748d,Aiuajtixeoo,2024-10-14 04:33:31
7562824f-0f3e-4e6e-b3bd-c8037fba8d8c,Uqmdqodyqst,2024-10-20 23:17:46
8c2d8479-94fc-478e-8c3f-99e807b604db,Wbtsdqjgnsotdt,2024-10-28 01:47:41
accc3b9a-7c95-4d85-8c02-936c7642a689,Scndsbudoxligy,2024-10-06 02:55:09
df7eefac-4717-42c4-b430-4ed0763ad651,Zlmxfaltyksnokd,2024-10-02 04:36:10
04a16cd8-65f3-4e6b-9eef-03b031ba3fdd,Isgymsuzczl,2024-10-10 05:55:21
719e2776-a2ae-4bcf-87d8-5ebe6f2f3424,Dxxrgyhn,2024-10-18 23:18:38
d4aa88f5-4023-4fc7-a5ed-8149c2f51132,Uecxliaxusqdbtw,2024-10-18 06:07:53
9b24e00d-7fea-4497-a7d2-43a03a40fbd4,Ecytq,2024-10-05 15:08:00
1d820337-a912-45d5-9f87-449631d07e1f,Ibbemofwmxej,2024-10-04 17:03:50
4c799791-7169-4b27-80bf-9de38e72d7a2,Tyoowlyjhkbpchb,2024-10-24 06:04:31
eaf5f12c-99b9-40e1-a7db-9f690c271851,Dryoqdz,2024-10-12 07:55:58
e70f138d-a645-419c-a11f-32bf0d6bd83c,Qwpnrlnvm,2024-10-04 16:37:27
37afc4cc-b298-48a5-80c4-65ba9995e2f6,Newyw,2024-10-17 15:42:23
fc2541e5-9101-4d4e-b0be-eb2c02ddf348,Sgwqbwfdisnpot,2024-10-03 07:57:56
9d9e65ce-2def-4dae-93cd-59ee91fe3c37,Cuxlyqyedcpj,2024-10-07 15:11:03
627edea6-9c25-4f26-a719-c8a270505a94,Nkohj,2024-10-31 01:17:30
e66b62ae-29b5-4c63-a576-d1939f9f336d,Owwwtlofwciiqm,2024-10-04 23:49:01
7ab7cefb-7a65-4957-878d-e8abbd08e990,Xllgizoiytyrlv,2024-10-25 09:40:35
ddad633c-14fe-4164-b95d-79c0a27d1863,Ngzdaktkbeqps,2024-10-15 09:14:40
bd6945f8-0df6-4d8e-ad5d-f73c32e1ba6e,Cypsg,2024-10-21 22:53:02
729f83cb-6774-4436-a87f-f528cf8e414f,Flzzf,2024-10-20 07:28:57
78d0e401-e539-47c7-86bd-511e5fc3892b,Tfbdftrxip,2024-10-02 09:17:54
3f18db16-2245-47d7-9535-aea418e4cdf8,Srvtjgpi,2024-10-03 15:08:10
d5f06075-c7be-4d21-a384-a8666c9c0282,Hgaagtfryysio,2024-10-15 13:57:56
d806fdd9-69c7-439b-ac78-c64443712466,Nzmcqcbkdstuqj,2024-10-11 12:16:24
03241f47-88e4-4242-bb61-242a475ee339,Duirhgzpuavdiif,2024-10-08 06:23:12
13ca2105-e05e-4fa4-b951-b568881a3dd7,Ckhfzevm,2024-10-15 09:47:17
b6215c08-5bb1-478e-b348-2f96dbe34523,Nragm,2024-10-22 20:28:13
14cbd03d-daee-45bc-92a1-d053818a7d0a,Elymzxxcctff,2024-10-15 07:22:43
cf91ccf1-0478-4c2e-a1f2-b8687ca4569a,Sfhrgpsmv,2024-10-05 22:56:37
b6d0d13e-f14a-444d-b8e8-baa9d177c7cc,Esjinkievf,2024-10-06 18:35:38
107b81cc-1a6a-4e26-af6c-05dcc2d59ce6,Ogfirxlobmwe,2024-10-20 06:28:50
4593e3fd-f79c-4a18-b5a5-1739c205274f,Mqllnmr,2024-10-05 21:11:24
d0737c80-f788-4a54-83b3-3f5d9640db95,Kposimgm,2024-10-06 15:12:05
4e0e84d9-e20a-452a-9761-95c332592edf,Qpqeplq,2024-10-06 03:49:44
3d36e11b-fb0a-4ce0-87b5-8eb7b4a84fbf,Xhcdbc,2024-10-03 08:22:40
ae8fa60d-c086-4f3f-a31e-c7aa1fa2d770,Izrlikwzowj,2024-10-11 14:50:13
bd5e5cec-5878-4564-8c62-1e636b1ed307,Wpfpoxbthtdbz,2024-10-07 03:12:37
4248b3a4-1452-4734-a8b6-4e1a5f8a0fbf,Lzakwdr,2024-10-04 14:53:50
2f45c99c-d4a9-4228-9c0d-7a59ce8a5c63,Qaefgpijifs,2024-10-29 02:31:53
3eb5337e-ab1a-4d21-9e47-8a63428024a6,Gopkshmlcdvqao,2024-10-13 00:41:11
bbbbaa6d-619d-44a8-a8b5-5c085e9563da,Qgixkhwmsoa,2024-10-04 04:44:16
5730ebdb-c876-464d-ad24-6f3dbdc3a595,Etzudh,2024-10-10 18:59:21
965ac84e-2c7b-4da8-8782-bdf48abc5ff5,Cfifzybc,2024-10-05 03:20:25
98528877-465b-4361-8afa-925c17a62923,Pgbhwqc,2024-10-18 14:46:49
271cec58-f167-4d13-a5b8-5d6ea8c78f90,Rtibccukehxwg,2024-10-14 11:35:14
16be07fb-b279-4565-836c-15724942ca7c,Nyuwnkkad,2024-10-22 06:25:31
b574ff85-fbd4-4eb8-956e-8b866468e2cc,Cmnlxjmtxpnb,2024-10-15 21:46:06
b6342124-45a9-478e-9fb1-9f6ea5d9f899,Nuehxpq,2024-10-02 18:56:10
a0bab5a3-a6ed-4420-9be3-b5a15ca44330,Mppkjlkrzpoqudm,2024-10-22 12:23:03
1a522693-41fc-4a6f-9150-26aa10678158,Kzledwbdvxuiag,2024-10-27 17:04:08
1ab58813-dc7f-4185-8637-fe27d87f9eaa,Nzvebziaxoikl,2024-10-27 06:04:22
13073378-fcb0-4d92-b0c4-403bdd3893c3,Hoxcmjsftul,2024-10-17 01:34:25
90d2fd86-be0c-4ce4-8732-1f469f3a5a93,Lddlrl,2024-10-28 02:14:20
c067ba62-12b4-4cb1-9d2d-7d54db28887b,Kkofcafny,2024-10-14 17:11:16
45ce59a0-74e8-4902-a39d-beb7d9f896f0,Rjkpfpaaqr,2024-10-29 13:21:18
473b5a83-f352-4ec4-bfd5-32381f29357a,Pwiptaj,2024-10-12 04:17:06
a531a6e3-d6c5-41ec-b795-751f99375694,Catusheyzuvudw,2024-10-14 06:13:37
44c1ef1d-acba-464e-adf1-7ea84ec98ebc,Kdcbmho,2024-10-10 04:15:47
e20d089b-64f8-4da4-a7cb-4f5855772335,Wgeylyuhnc,2024-10-26 06:45:19
643ef9ee-f6a1-4ba5-954d-bf6f835ef3fb,Tvcnnalzdbwzxl,2024-10-05 03:56:31
d5ddbf54-8a1f-424b-bb73-5b0d9614f507,Bzlvsof,2024-10-31 18:13:59
8f3fcc19-584f-4276-9e14-d08814e657d2,Dcjfgo,2024-10-07 23:09:23
87b89e0c-6637-478a-80e0-3c344b70eb7e,Npaidizs,2024-10-18 14:27:00
f494cb88-45a3-4fc0-ba46-162b0a6031d6,Pulokxb,2024-10-19 16:55:23
f0d72cb0-f409-46dc-8938-85ca92d683d8,Pqhqiur,2024-10-04 08:45:38
f5bec2b4-c085-4513-89e6-52640c0ec48e,Erszwlcztghnlns,2024-10-05 11:58:49
90d00a08-35ba-4488-ae4a-c8669598d19c,Jktqiqtn,2024-10-27 23:40:59
3da8992b-8148-4cab-bd45-a20e29eacfc0,Swdbmazexxwrtw,2024-10-20 08:38:10
83dc6865-d07b-441c-90e1-38250947330d,Cdbrioux,2024-10-17 11:30:08
abc0644c-afdb-4e6e-a75b-5489ddd5d690,Juzbxhsinmhcjt,2024-10-20 13:06:11
017bd445-6195-4489-a172-16253e8a52b8,Aadomkkofhojal,2024-10-05 16:10:17
529ab51d-9ee6-4eb9-8a50-8f8413d18fdf,Ptidkbemhksd,2024-10-03 01:06:15
6d313348-1a32-4a7d-bea3-8c850d8a5200,Bjauivorpjkavqu,2024-10-02 10:35:26
4b5a43d5-2237-4041-afa8-7176321f95e8,Lqilpyjbeqjdaqq,2024-10-27 02:44:06
a6b00991-f0b6-4b51-9914-dbf7c0d7cc26,Lmypwamdyyv,2024-10-05 06:58:03
eec089e7-55a4-4d91-b7f7-474c1a6629f3,Ypkgtdziwswnkfl,2024-10-18 16:14:04
3dc47965-4f7a-4586-863e-b4db59bfcce7,Ewlrtkw,2024-10-10 12:10:16
a16ab980-cdaa-4390-b5a1-61de5d57c87a,Axbgnlatum,2024-10-21 20:40:55
82acfafc-d6e3-48de-ae2f-9d4bf1699716,Wsfmqfzgbnirf,2024-10-30 15:14:50
4b53cc1f-d045-454a-88f6-d2d7ddbaec0c,Qumzaiyztg,2024-10-08 11:52:23
d31ab40b-4bc3-44c0-acf7-11f65b15b32c,Ideihswgsri,2024-10-03 07:22:19
4a152676-9de6-4236-a1eb-607ee049c7fe,Bxgrpndaw,2024-10-11 08:49:52
f59e4597-7640-4f65-8181-4b3beb276995,Bdayekdro,2024-10-08 16:17:45
3b57c3ac-e8bc-4f13-bb53-25a376ae706b,Jlfasptbruz,2024-10-04 16:03:16
6b0353bd-9bde-4021-95e9-791d88fc1fa9,Gyiuglp,2024-10-17 17:17:39
68c8bfdd-90da-43aa-85da-8e110ad2ce6b,Ebhqpxg,2024-10-01 17:57:30
9b62b09b-bbcc-4e29-8ee2-c05444960b3c,Woznx,2024-10-08 19:07:32
c1f9be95-6ea1-49c2-93c9-799d1fab71ad,Polotsyjxq,2024-10-15 04:39:44
18beb1eb-3545-417d-af69-fc8ba2e20df2,Kwgasjd,2024-10-05 22:29:23
193fd876-e52b-4416-8b93-43e5376fdf86,Bvndzmqftpl,2024-10-08 15:32:27
c0638903-664a-429d-b26b-fdafd92dd6ac,Orfzr,2024-10-13 21:13:08
f2379ddf-e3fd-4633-833a-16c1b8c036ca,Qeukpiwqkfhicu,2024-10-20 08:07:59
68b4a7c0-2c31-459c-849e-b12d13fbf07e,Odyqoqwbpzu,2024-10-26 14:36:01
66997ad7-026e-4da9-a4b5-1f0b0d427cdd,Kpoezzogabjqu,2024-10-13 10:09:57
ec8e4400-ba26-41a1-bcba-1364ec0d33dd,Pixnxcdy,2024-10-06 18:01:43
53fb2438-b57d-4566-a95e-2994d445cf72,Rzofnkoxzqkde,2024-10-23 15:07:27
c908efb1-cad8-46bd-87fb-0495f418abb3,Vtljztgatcl,2024-10-26 19:54:38
bd1cb9a1-4cf0-43cf-83fc-a6837cf51ed3,Qritcmz,2024-10-19 05:44:19
f82a12cc-cf1c-40df-b530-7a7495868b9c,Wmqqcbjwfroid,2024-10-20 23:56:52
7a7d4d73-f230-4fde-8695-8a5bd21dd511,Lkenecdhl,2024-10-08 05:13:53
61747f4c-3317-4df3-b804-a2a2529924c7,Gqvzxhksni,2024-10-15 21:53:35
b17bb2eb-727b-4149-941e-605574882fb4,Hnzfsjsbtzpwfyp,2024-10-24 06:19:23
d7497385-ab4a-46e8-a32c-08a140fc4046,Lmvinqdyiir,2024-10-01 08:26:39
f159ea15-1d96-43c7-9f67-747581a5844e,Fzhxbevialzy,2024-10-15 16:20:40
e19386e6-d873-4de3-941b-f32dd47e2f12,Rgiilx,2024-10-20 03:34:33
c5ebdf94-db2e-4844-8c74-bf594791c346,Ignjsgdln,2024-10-16 04:23:15
4d93fa6d-99f7-4565-8a1c-7eddae29e95c,Fdginaggkphjrzj,2024-10-13 16:10:38
e98eed3f-f1c9-43b9-ad2d-d48d31200654,Blyitbvpdfxiw,2024-10-23 14:20:31
c72efa95-dd88-4fb3-8a0f-39bbe0aaf9b7,Nxlkzwraevssspu,2024-10-02 00:48:21
7f664260-b5ec-4b5e-9ca0-15ac78896bfc,Fedwg,2024-10-25 16:43:55
9ddd157c-b2f6-4d0f-9b94-6c51afa52bb6,Xrhiiyfqko,2024-10-11 10:16:22
bc9083e5-1135-4290-87bf-0e83b08220a0,Hzxilcenrypu,2024-10-12 22:05:08
817fda93-2320-4c88-87f7-c0735984be39,Bpxpqlkwredya,2024-10-14 07:27:30
752cafbb-6676-414f-aab0-6c6608e12ad3,Zuvpgj,2024-10-14 15:46:20
77840ce3-65e5-4386-a73f-88776c85a080,Uyudgiuhtdfek,2024-10-06 00:41:14
41374a32-0554-4c52-ba26-01e409457442,Arrhrzdlcmwncb,2024-10-28 07:24:25
3c80a59f-fcd1-42ad-9e7e-71cd00bf70f4,Eyuzm,2024-10-24 15:22:46
270f21da-e986-4aa0-ab8c-c0c991f662fa,Tpldrnqab,2024-10-12 12:06:22
b23fa167-f357-4d27-a930-e0d72f229036,Ccrwqudoa,2024-10-23 06:17:08
0031363a-0745-4a4f-b32e-b1ad100d788f,Soxjuhkuz,2024-10-27 21:50:30
4f935502-0921-4bb0-886d-68cdc5f3cb81,Gzytgfbbbj,2024-10-20 14:36:58
cbabfa54-fc79-41ea-8783-7125fb3a74c9,Izijukvpfqu,2024-10-17 10:29:00
7d61f5df-97ed-47f2-b0dc-f4c0c4edb786,Qadtglktxva,2024-10-16 22:31:17
d7e22545-bbc6-472d-8699-ae168dd21385,Vlpybfxveoi,2024-10-01 11:03:06
74c1f3c4-f1a9-4589-8f5d-e27f54fed427,Jthmtgsgej,2024-10-05 10:57:46
447adc3d-17bb-4f95-839b-8a1b315e5bb1,Xbrbpmwcaqp,2024-10-06 03:45:47
10bc305b-1644-4d2f-aa3d-7902c2a1f5ce,Fcmkoula,2024-10-01 11:12:00
e1afe4bf-36ee-4797-8045-02d66f7edd4f,Uqxmzbiclgof,2024-10-31 12:17:19
3be27b64-bdbf-4831-9db3-08575e6a0543,Qkyvtrqeheakoy,2024-10-02 04:16:57
3c15ba1a-1724-49b3-8608-bbc0ec1e4d75,Etsddmzndxcepli,2024-10-11 16:00:53
51b0ebab-61ee-4a0a-b500-cba4ccbb3742,Wwtmlhfrnfwa,2024-10-17 13:02:13
6edbb2d3-a7b8-43f7-83d0-72a65f7cd74a,Zskaysgurobvk,2024-10-18 09:18:55
b35f3bda-a4d8-4fe2-bfeb-52de9943b99e,Hcebvfo,2024-10-13 16:30:03
b239c3cb-d76f-4128-ace7-3c028fb10676,Ljbfjao,2024-10-22 01:21:47
616a5b44-cb38-4c61-8765-d7bc87ee3524,Ynvelmqxlgtr,2024-10-23 04:18:05
71e22d4c-fdc9-4610-bd2b-8467ea2e3003,Nyesxbwzhiska,2024-10-09 16:04:02
401c39f8-a593-40a4-bf53-45775752302a,Lkorchopbgv,2024-10-28 22:25:20
cc474fd2-9e35-440d-896d-4b0718a48438,Apunrc,2024-10-13 20:55:36
7b11f7af-bb6c-4103-b815-30c9c66e6af9,Hjweidqqnau,2024-10-27 10:53:34
3c7859d4-5522-4af2-b776-495c0bacd6f6,Esgzewzhxuiymm,2024-10-23 08:51:12
24c60b49-d790-47a1-91c9-105efd79614a,Irxmasnnd,2024-10-02 12:48:12
26d36a9e-63e6-404f-8ffb-f22bc074b36b,Gzvmgofyvkbaqk,2024-10-10 14:55:10
789fd160-57f4-4940-9b21-62bb7d4d8cd2,Vdxanoitrmenax,2024-10-11 16:41:38
c072a93e-fdc1-4d71-8306-04655380af68,Slylgjr,2024-10-20 20:29:23
7c8c4337-c790-4956-9d2c-9a255f01c554,Ewwcsrs,2024-10-12 08:06:59
ad936f71-87ae-49f8-855c-af95d9caef0e,Muwsgdzbezpdduv,2024-10-01 04:00:48
adbd2f0e-7df1-446e-8881-2e3bd554f44d,Tjesrywpsgtm,2024-10-18 09:43:53
b85d5171-b052-4346-8179-ba3473177031,Sgqqhsw,2024-10-03 17:20:15
0d5e0d97-5346-4204-b12a-114e9c751a8b,Okccmabnkef,2024-10-18 00:44:37
8c165a3b-3dd3-4c6a-a04c-2dca3b87c85a,Pxlyykzcanw,2024-10-30 09:55:01
f8ecf0d0-2dc6-4b8d-bd0b-b7a592470399,Nlzvwxelfr,2024-10-30 19:41:35
cbe8182b-69fd-4b3f-8aae-edc0fe209e74,Qnrzvhyvxrqnk,2024-10-12 17:24:57
d5985cbd-39b5-4d94-9e11-172dfa2c70cb,Dcaynbllfiibgb,2024-10-12 03:53:45
b2c20636-351d-4c56-bb3b-6335650149a4,Wsdomjpst,2024-10-30 08:04:41
23898d0b-1cb3-4d79-9c0d-1c554cff1281,Jtomieumhlbqvet,2024-10-25 03:19:02
ffc886ea-465f-4863-8014-bc9aecff6d15,Owqdbcec,2024-10-27 19:55:41
876521a5-31c0-4b95-b436-e1da035ea06e,Vfoenmc,2024-10-26 01:47:46
ebcdebe0-b626-4bb2-82bb-66c8e0835cc8,Gjmzbwtoss,2024-10-05 16:51:31
5d02aa3d-2b14-488d-b0bd-9606b1009a4b,Bkcayslmy,2024-10-26 06:01:29
54d1476d-41b8-4815-bd55-e5c67da685ee,Iswzazfh,2024-10-31 04:39:43
1144c034-d3f8-4c50-8394-1e5ddfac39e2,Xmqkdehxk,2024-10-06 22:32:23
0a354837-9f13-4d1c-925a-86196cee040c,Vfjpiz,2024-10-27 15:36:17
a1b19893-2a48-454a-9743-d5ba4f5a72af,Rykxoz,2024-10-18 15:51:42
e6da964b-4180-4bb0-9eff-cdb33f3bc085,Zrfhnsjngi,2024-10-08 21:48:09
4fa98660-ca3b-4826-ac58-4f745a668370,Ilqwxgf,2024-10-08 03:44:17
d1035acd-730a-49d2-a6aa-eb0d3c0e5b16,Lieuyveskvktfh,2024-10-31 16:55:08
ff0c41c2-96f9-4b26-9eaf-1ca40aa49c58,Tlfqjztxmyjt,2024-10-08 23:31:42
d95d86b6-43a3-4615-85ac-756604362afc,Lbtnhmjywfgj,2024-10-03 18:03:51
c14a801f-7336-4960-aa9f-d1954ffd3c57,Bskdaeuhqyr,2024-10-05 04:03:23
de990a1f-12e5-409a-b5d8-6859a84cc817,Qyxbgckw,2024-10-02 06:53:55
7b5fbfdd-ff81-4866-8eec-c4dda5331729,Pfuujlwr,2024-10-16 01:46:46
7edf2abc-05a0-43ee-b5cc-78f3fa99f307,Cttededyhhpkhz,2024-10-24 13:34:47
74afd67a-7aba-4ca7-bca2-53ef85ecc506,Sojhxidpg,2024-10-31 15:07:18
27a0a81f-8ca5-41ba-9074-aa868639e4e1,Thsspjdfjsibr,2024-10-23 03:39:15
e998fddc-0320-4090-b673-416efc09cbc5,Snvjgafw,2024-10-29 06:05:28
72aafe7b-4fab-4cbc-a285-12792811ece9,Jzpgtiwc,2024-10-28 09:21:57
3ce2b2c9-f683-4472-89f1-49cddaf3d6bd,Rrwkci,2024-10-27 06:54:34
18dfa3e3-118f-45f1-b088-8c60422d4d7e,Fzhokyizzpel,2024-10-02 10:26:53
fe9ae6a2-3f76-48c0-b05a-cd72d886cb4c,Zbzaohwxnohue,2024-10-30 23:00:52
ee69e423-804d-42b1-80c8-034df85caade,Omzskpecyi,2024-10-21 06:08:32
81aae297-008c-4a49-af77-28eb2f003d56,Ahqklhexplciyx,2024-10-25 16:01:53
5b9e4885-9b99-4780-aae0-c0e387fcf2a0,Hygxkyprvb,2024-10-31 23:47:03
924fb131-e8e1-4cc4-84df-7d1440e17943,Veuixggpkl,2024-10-02 06:20:50
4c6f0645-01bc-43c6-a17e-6f6f7ca047cc,Eqhlvnhqg,2024-10-01 13:16:16
329140d0-69c8-4aec-bd4e-d23fa24e94df,Lopfiwnay,2024-10-29 14:39:39
4350be07-4e7d-4462-8967-8c7d37a8ea37,Hilxoletvtrpr,2024-10-04 23:01:16
63b3d9a0-f6c5-4b2b-bfa6-768c04fbd897,Lemaaapqq,2024-10-11 16:56:03
07f8ec27-0274-413d-a4a4-b0f87b16947d,Dukcshxlekkq,2024-10-14 17:52:00
0896e476-8478-4f87-9d01-32b1327c2823,Iwwlobdx,2024-10-02 02:58:02
2bf8f40b-85de-45b9-b663-b3f14cd21cf7,Urjcdpjsw,2024-10-24 15:53:47
a6dacaac-1557-4c75-9772-3bf58df371f2,Enzlros,2024-10-02 03:45:44
d8920bb0-aa4d-4e73-9a36-ef4d0c2233b2,Yntcyvkkmpoy,2024-10-11 22:46:27
4ca8a329-b2dc-44bf-9a14-96b83c6342ce,Mudqlwieoo,2024-10-20 03:34:45
9ec21500-878a-464d-99c1-9bb775ab5e30,Ajqkvwr,2024-10-22 23:01:23
8faab517-b97c-43fe-a014-9ff47c78f9bb,Eizichhzsulss,2024-10-09 08:43:10
ef8bf1ba-2c72-46af-84b1-6e1ce0a56bf4,Tvrudzepdljnqgt,2024-10-13 14:43:25
f7d2a6a9-39c3-4e1c-83a0-8b14c26d20a5,Ksbwhszs,2024-10-09 20:42:01
65376dbd-605d-4e2f-b625-4ae22cbbc5fc,Zbfzeyelhkvvj,2024-10-18 07:15:34
c5fe624e-539e-464f-a26d-87deff507045,Idrygbitbvmxua,2024-10-06 10:43:12
b6801c3b-a579-4f60-9283-ac17aa361ac7,Ubbiiyxrwnjqtrj,2024-10-08 21:30:31
dc5df595-ecc6-4a0c-bed1-199c92c29234,Ovprsmjebxjk,2024-10-11 03:24:05
a65ec8a1-dd6a-4ad8-9588-7c06b335831b,Tzmysrsigpfdf,2024-10-27 03:02:26
7a7614c9-2ce1-4de1-95b7-b2e48e251727,Hcfvznev,2024-10-01 21:08:40
1fca162c-adcd-4337-9052-2cec45ccb497,Grxbqcpbmjhk,2024-10-13 09:41:41
09945fc9-c039-46f2-8596-c8c1df765021,Mtuibmwqij,2024-10-04 12:37:35
572259a2-fbe8-4371-8f5a-03e35e8ec063,Jlnmsymo,2024-10-10 16:38:45
c23ba30b-7dd0-47d4-93fa-1174e8181966,Ywlxcm,2024-10-09 18:47:13
ac630aaa-7973-4045-af8f-3923433a6ad6,Ecoqyhiyon,2024-10-03 08:24:19
96b9c012-b6f4-4216-81db-3bd7ec04eb4b,Gddeehiywzvr,2024-10-03 08:29:27
e81796ad-be31-45ca-899c-cd4da0eb6a17,Iyeczwgjjpw,2024-10-12 05:41:52
ff0035cb-dc1f-4e0c-a46f-23d4299f3fa5,Ivrzsepfbinpqih,2024-10-17 20:47:23
d550d512-0cd1-47af-beae-c534601dabb3,Mxtrts,2024-10-22 03:06:08
ae2c46cf-8a36-4900-a42e-91b1162b47e3,Anihg,2024-10-06 21:40:49
5f376632-e243-4022-bea8-0df895e328dd,Lqaogyzpeq,2024-10-10 19:10:02
8c00640a-450e-401e-9b0d-66ab63b863b8,Gulnszqdigzmx,2024-10-06 11:24:01
484c45af-7f59-4c56-8f0a-dd0dff592691,Jiajiopvsmfr,2024-10-06 15:31:37
af67059e-90de-4af3-9f5a-ad7bde01bd55,Jmiqowarhcd,2024-10-11 23:34:01
25d698da-e181-4f2d-93d0-a442290047dc,Pdnmzpoq,2024-10-08 03:38:27
758b1c9e-b12a-4a13-b9c1-d9049fb8de5e,Jtpfx,2024-10-06 07:04:13
cf56efb9-f48b-40b2-8c9b-72d310443bdf,Znsabf,2024-10-07 19:18:46
f29db030-6845-442c-aa4e-43728c986cef,Sleksnltosn,2024-10-21 10:33:54
b24ca7f8-67a2-42e3-aab3-6375c8c9b8ca,Xaulngqquwek,2024-10-12 20:17:30
96a655bd-08fc-4039-806c-9226572fd45c,Xuevfljxzxzjrxc,2024-10-18 18:44:38
f3015168-6b43-41e5-9074-eea2d937f326,Pfwwdjjuqj,2024-10-14 09:09:30
312e9130-4ea7-4ca2-be16-d3b02bc2dcf3,Oidwbvwxugmgdes,2024-10-22 13:47:14
f522efa5-1001-4a9c-8fe1-da381d3b0f82,Ppiiblfqwxooom,2024-10-25 09:05:46
09eb5690-4bc9-4dd6-ba2a-79ed28484f86,Kvtvdiwc,2024-10-08 19:30:45
00921b45-1ea9-4289-8aac-5661d64db827,Lzvqe,2024-10-28 13:18:08
320fe4e4-d110-45cc-94b3-c86b4f6b8c1c,Wateuyk,2024-10-13 19:07:17
217c2b67-e4ff-4d44-abcf-43af6703e29b,Usgamkqu,2024-10-06 06:15:14
7668d6bf-e8b3-47a1-9f2f-b5917b2767bb,Qnqioptsqbh,2024-10-01 02:41:56
d46aa388-fe2e-456e-be3f-5a1ae8d45fa0,Oeevrbcrznznc,2024-10-06 15:00:41
8f8f1563-40cc-43e6-9e60-e43943b18e21,Sgsebmsanyvayxw,2024-10-04 18:05:07
34d4cb67-e724-4c0e-8c3e-3806bf0a638f,Trrrb,2024-10-05 11:26:16
bcbccc82-8083-450e-b699-06c1514a9e3c,Apqwtdk,2024-10-12 18:12:59
25b7642b-c0b4-4bae-908f-bdd91d1a49a9,Rubjmywikhy,2024-10-08 00:03:54
c03f0968-bc85-402c-90e0-87817a29286f,Jhtwechoozofx,2024-10-06 15:33:34
1d94656a-5c7e-4da5-9b1b-810692fa9404,Hjkswauuzl,2024-10-14 02:28:59
a1efc54f-5825-451b-b9cc-cc4626ef2e7e,Mqcvdcteakpa,2024-10-10 04:52:03
ea2e7994-3884-42d1-bed7-4cd0e0f468c7,Jothsccrbg,2024-10-31 08:22:39
f9ffb979-e6c6-48ba-b4eb-7824acef69c5,Aeqwavm,2024-10-17 11:57:27
82829baa-6a35-4521-9634-528fe9f4b3b6,Euxbzbexoupdv,2024-10-29 01:44:06
431e1168-123f-46d9-b653-f217b6037ca9,Ofojwhqrasid,2024-10-27 08:02:42
ee1195c8-e6fb-4c13-bb53-ba629387b470,Wqdpepkjinhkt,2024-10-08 18:05:04
70e3af7d-e879-4efe-a660-3a47dee23944,Girvfbnrarcno,2024-10-09 10:26:20
1dd161bf-66ef-4ec5-84e4-e9cc2f9771a5,Udlvjkpmwkmhj,2024-10-22 11:17:02
a76a1073-2006-4157-81bf-c1d2a97c5ebc,Hauyrsaldhmttq,2024-10-26 20:25:16
461d4332-14d3-445c-a495-4ba91b0514f5,Mdojighptdfuabz,2024-10-13 03:17:05
f0a12088-5d85-46dc-8d6b-de620f6eb885,Zeniucxlsgvpe,2024-10-03 10:38:16
d1014d88-c3ef-4d99-9580-adb002988a0c,Charurt,2024-10-07 04:20:52
a2f3dc98-8353-400a-b8ad-93ca137ae331,Hdgbhpqlqufwp,2024-10-09 23:59:40
eb8f8719-157a-47a6-9819-f35c000aa785,Midfkgn,2024-10-06 12:24:56
aea38be6-864f-4121-91f3-308296b85d4a,Hndmrdp,2024-10-24 21:11:16
fe1a6378-c859-43ad-83fb-adf025e0c281,Txkee,2024-10-13 21:17:51
cf311397-b249-41d5-9e19-81dc6f4b2662,Yklrj,2024-10-24 09:25:41
ded86cac-49a5-4b22-a8ca-6a81711484fc,Gojbhgeaqcft,2024-10-05 04:07:22
efc29c44-53c5-49c2-bc04-654826f3e2f3,Iefgn,2024-10-28 16:06:42
6f6da524-b1ed-4630-83ba-b829cdb3975a,Nvkjm,2024-10-26 16:22:44
109afb0b-ecf8-4cbb-af30-a6a40673c363,Kvdayxqqkof,2024-10-01 09:52:47
1413230d-ae4b-4f53-8fe2-53e919e6dc67,Zoslrekrahszxu,2024-10-06 01:24:46
597bf80d-31bf-4a49-a6d6-7479f31b8237,Msuqo,2024-10-06 16:06:54
ac633301-602f-46e9-81ec-4baf0bfc1bb1,Phktefsnhkxkja,2024-10-16 07:46:33
befcffab-8279-43c7-a539-c08fadc8fc7d,Pdgyx,2024-10-06 20:58:45
c913f2b3-7fea-4812-a202-a7b022eae6ed,Aonazmp,2024-10-12 18:21:13
18147bf6-ba22-444b-9ec4-a4e34cc6b18f,Orktqxtqrcoirx,2024-10-01 23:15:10
441ef06e-d472-42c2-ae37-20f17b5d8f06,Assnesqtlhmwzsg,2024-10-23 18:43:06
0625e223-0ba9-4d9b-84aa-9cebda00ecc0,Fgayam,2024-10-11 09:16:42
877ce854-0073-47f9-a815-841ffbaf2591,Bkmgr,2024-10-11 09:13:11
8a58cd71-eb72-4fb3-b515-2eb35600fb31,Rjcovoakdise,2024-10-03 23:23:26
6b9afc42-e9cb-4192-9d2e-370c4c2ec1fa,Kwjwcbm,2024-10-03 22:29:14
4f39292c-128d-4c45-a698-6de51d4236b6,Eejlbqchwybxry,2024-10-09 17:11:11
d6fb1072-e4a4-4867-8073-75773e6009f8,Syhqb,2024-10-02 23:58:18
012fd7dd-bcf7-4e9f-a096-861ed308040c,Smanzcnb,2024-10-30 11:33:20
b27e266a-9dcb-4b6d-805d-ec823ec6b7f4,Vaxaxk,2024-10-21 00:54:00
742fb0f5-6751-4b15-a1a0-cd1efce4e9ac,Gureptrx,2024-10-25 09:23:12
b6f68ffd-5f19-4999-bd07-bf7d58fe2e8f,Otqgppaqsv,2024-10-27 09:24:34
20e879d1-4db8-481b-b4c4-9b33678f5844,Qdzvjfvxm,2024-10-08 14:57:13
99718b52-f73d-43b5-b5b7-31171347eed1,Noxmfaqljwr,2024-10-21 10:02:40
4b3a67df-6cda-426c-9409-6d53dc964291,Evxhnwmdncgmxrd,2024-10-16 18:45:15
16cf0b15-f96f-40e4-8279-cc1482d72bbb,Srgrxqfe,2024-10-27 06:45:22
565304a8-3184-45ff-bc56-40b28fd47320,Fianrtvw,2024-10-01 23:08:57
a6b3edb1-3eb6-424c-a882-90f776efd2aa,Zpbsqqjbzkz,2024-10-07 00:46:45
ccb2da6d-b527-4d03-ad08-2cac8dd62853,Dfivgxmg,2024-10-22 01:08:45
ac5716c6-aac1-415f-aa7a-8f2aa01015f9,Uposrja,2024-10-03 14:35:03
37c538b3-ebe5-47c4-8f31-4c5bbd1728a7,Ucnjzkyqakj,2024-10-10 17:44:40
6a261ebe-3ec6-4d83-b66f-cd4a69a1a072,Onkoypufg,2024-10-19 21:45:15
71d2d1c4-334c-4256-80fb-01010eb6ef02,Nbpxeuwolw,2024-10-06 13:52:19
5ea89b24-4fc5-41cc-88b2-406e7790505b,Qddxqdvooetjq,2024-10-19 14:43:40
c4e78ca4-32bb-49e1-aba7-62d87bf206d3,Vuljysyobzyonlr,2024-10-31 14:06:22
1f852a1c-33d2-4bd9-a752-79ea97d75f88,Uzpnbqts,2024-10-02 00:06:07
8b70c98e-e752-41e7-b845-e524007b0563,Bgodspl,2024-10-18 09:59:39
23355c58-6571-4c5b-885a-7f4273d961f4,Oxmgzqdbptr,2024-10-26 20:21:04
d15bd2b7-84d4-48b7-b94d-6285778e2970,Pmjub,2024-10-08 17:22:58
d392089f-abf1-4e4f-80ea-61e7a051d0de,Grcabqtugvqmrqz,2024-10-28 06:35:40
f0eecb0b-4744-47b2-b3a0-384ea9cbd2f1,Zjjmhmur,2024-10-22 15:19:14
33a41e60-66de-4af4-96aa-907892c17b2e,Exdnoaplzjkb,2024-10-22 12:24:27
6f7e58e4-d03b-4b45-b10b-c7058d7fe7a5,Xjnex,2024-10-14 07:27:25
4114310c-28d4-4337-9b77-6ff655efce26,Jiuzwzleqpvrc,2024-10-23 05:10:02
71047e38-e7eb-40d6-a1d2-3915695b9bb0,Igxetywmzlr,2024-10-31 20:08:41
ad223eb2-475f-4ed8-b0ce-0181f5da5ccd,Ohuqehbjl,2024-10-28 12:51:26
cfcc0564-ab21-4f9d-8a46-d290757a48d7,Sdcglusgsbj,2024-10-13 03:43:22
b47184c5-1506-4a93-9f6e-34ee92a5bf1e,Nshyrrodgggrtqc,2024-10-25 13:40:38
37679450-1a9d-4562-8e03-62adb8a22374,Fmsusiejnacmr,2024-10-02 01:41:10
aba3c0ec-00d5-48ba-af61-65fa32c708c4,Rwbacsw,2024-10-21 02:58:35
b079f08d-b777-456d-8701-6c3d1c0a39c5,Tkmkzqw,2024-10-07 01:16:52
3ce0b31b-35ee-4922-ac2a-521723ccf469,Fdvyadqb,2024-10-13 03:46:08
454c3fec-7a22-4b26-b8a1-028db7d7845c,Hmzmielerj,2024-10-17 00:25:54
ca1f6378-3e11-42f7-870a-b981cec0bd36,Fvsumqnydrnbp,2024-10-12 22:22:29
9d4d845e-255c-418f-9305-fd41e06f1d18,Zrafsu,2024-10-22 03:41:20
7ade3776-d4c8-422a-af2e-8efa616f1213,Imbez,2024-10-13 15:16:11
15989c40-1c58-4f35-be5e-904bed2cfac4,Tebbvporpj,2024-10-31 21:31:36
63d29933-b4d7-4f26-ab20-1524c957707d,Pckzyru,2024-10-31 11:26:07
71d44521-2c12-4913-b43d-d777104a11a7,Owwoz,2024-10-26 01:05:18
4790a334-161c-4967-8fea-8b82a6d09079,Xutwngihqnoosv,2024-10-03 14:01:15
bf7cbafe-a4f9-4051-82ad-5adc96ec6b30,Zcqfypr,2024-10-08 17:19:32
b234f9e2-9e0c-46ac-8bde-94f5297785d9,Hznwkm,2024-10-31 11:43:12
4777d475-745d-4a39-9f9c-dbc170aa7be8,Dczogpdkuflixn,2024-10-23 09:44:38
a423ab72-6a7a-4432-9d33-d515fa220666,Hvyrmzsx,2024-10-22 17:48:39
f771b531-c1fb-4247-a810-06a18843407c,Ratuoo,2024-10-18 22:22:52
c6596b12-3b89-46ff-94e6-5aa5a7ce27c2,Zyxhinm,2024-10-16 04:49:03
824e659b-4eb5-470b-ae9a-69bee50fbebb,Fmbqbqyj,2024-10-05 01:18:45
54614fbf-d566-461f-a8a1-0f29a03ad0e1,Dueyejhj,2024-10-23 02:07:13
8e6d8cf8-b9be-4ca3-b326-9a5d0236574c,Dbivzrwwpsc,2024-10-19 21:25:17
3b9965d3-6c33-461d-98e4-5dc87408a08b,Upjiay,2024-10-26 09:43:29
68a6a7a8-b683-4c6f-aff3-dfed1890e687,Hoglhlsudbfky,2024-10-04 06:10:54
9429aac8-262a-421b-86f7-456501613a2a,Qzzatrdxrrsz,2024-10-19 07:44:06
38439b29-dfe9-492e-8c6e-b7c0c47a31c6,Lneubost,2024-10-20 20:20:42
947c6260-ec34-42c2-b241-3a500e2ae759,Pmxuz,2024-10-06 08:37:45
e563c89d-4a5d-4a29-8334-33d5147ae9fe,Zstebfdkiiij,2024-10-29 23:16:15
bcd3feaf-b7a1-4c65-8cdf-d99d07c8a270,Nvgsbwsvafnvb,2024-10-02 21:51:41
17eec527-706a-4361-97bf-dbbd8ec79506,Wuothothc,2024-10-28 00:59:50
d9d5f790-0f2c-4207-8bd2-b26956f6fffd,Rmvdwsv,2024-10-17 12:47:33
c066a532-5999-47a1-91f3-94eb996fb56d,Cgpscsvxhblkon,2024-10-26 09:30:30
67bbdc3f-de5d-47e3-ae8e-4c999456377e,Tjrainl,2024-10-13 10:06:39
45a78cd5-c924-4d73-83e7-db1677dfbe77,Xlrgxmqcfsjjf,2024-10-10 09:12:18
06cb2ff8-ffbc-4833-947c-57f1eb33c780,Umbmxxu,2024-10-14 18:03:41
5083d7a8-45c2-4379-94b3-5358b45b6b5f,Vparagkxxut,2024-10-28 08:42:01
f4ce6de8-6737-42e6-9f58-7b7771e77809,Gslqjsujfz,2024-10-18 04:17:25
90d81ee0-22f0-4cc8-9486-9f3219254534,Vnpbcvvhtskonp,2024-10-04 10:53:42
e47ef80f-f413-455c-84a9-3db3e165b347,Eujwq,2024-10-06 19:08:31
38eb4498-fc09-4dcb-8ded-3b349af4342c,Ysqsb,2024-10-19 07:46:26
fe847c5c-c02c-4d05-a2cc-4145de39bbf4,Cqzkwmkq,2024-10-20 04:15:02
7462bb55-e453-42ac-94f4-e0a1888cebf7,Zjreplfnmnitrc,2024-10-27 18:17:17
6e52fca1-39b3-46b9-9869-7a685d7c7e48,Sufcwvs,2024-10-03 05:44:08
c09fdda3-1167-4602-9a59-9888cdbe6e30,Uomfwf,2024-10-07 04:48:59
3c343fa6-ba5b-4cdf-b35b-b714e70a25b5,Rzxjyvxzdp,2024-10-25 13:22:23
536b3cc3-77cd-4df9-a94b-c95522feabea,Fufefnecqxyjegg,2024-10-16 16:56:07
14b94d42-f22e-4a94-a435-e18e58847101,Sxrwjntkbstl,2024-10-22 10:34:01
0f0f40d5-9db8-4b2e-906f-ed2dee079de3,Brqnghfikclvt,2024-10-16 21:40:08
4bb23570-1a75-4422-bda8-47e7af6f0d63,Dhljumxzg,2024-10-06 09:49:42
1c6f176d-593f-40fb-b81c-4ece8fe1be6a,Wcgluyaia,2024-10-22 14:39:08
40ebd747-6080-4b9e-817e-4f06e1355986,Xcdjsahzj,2024-10-21 17:39:04
8fe8cd55-38e2-4134-aaa3-498cb4905e8a,Qoxhgrcwjpvlsw,2024-10-17 09:07:05
92629dda-0c60-45ac-92fb-4cdb22d151bc,Obhuhsoqxilrhb,2024-10-01 17:20:14
6e1c6d31-0348-4659-9599-919d0cc1a6dd,Lpnkm,2024-10-25 22:17:46
f07ed002-12a2-405c-8976-ca6077257762,Zaftsfcad,2024-10-04 12:56:48
7ce66dba-690d-4eff-8669-c862bfef76f1,Flabikvggdt,2024-10-19 23:52:24
89f9a8b3-8bbd-43d8-ba17-ccea65169a9d,Jfslxzcih,2024-10-05 05:47:32
b76263c3-13fe-47b1-b19b-6d48a164f546,Sgjaxbjpwvtcd,2024-10-19 12:49:32
ca5b0d33-22bd-411c-ae2e-a65cbc5a69e2,Dmftfouqhvzzfok,2024-10-03 21:08:05
6a635cb8-c09b-41f1-a847-21333e027c1d,Azgmjfff,2024-10-27 11:40:29
aa118036-232e-4bd5-be9e-20e529162a4f,Vpwmcwqmgpwsdn,2024-10-31 04:04:08
8877af9d-7cdd-4bbf-9d7c-9a9babae49a7,Ohpiomlszvy,2024-10-24 06:01:28
c5113dcd-3ed6-4caa-aa54-4027b528e2b5,Scrthcfzmbac,2024-10-29 04:36:08
1e2a2d81-f05e-421a-a9f5-5cd8050e8e7d,Avzdai,2024-10-21 15:58:33
52355eee-daa7-4a2d-8c66-a51d8a8aca67,Sdeei,2024-10-08 15:27:28
bfa9a4b5-7f39-4d90-ac36-579ff1f3b82e,Xkpef,2024-10-24 02:29:51
2e89dd14-943b-4efd-ad8e-bd6b35295a7a,Zbslxcdow,2024-10-13 20:12:02
2fedbe83-ee65-4488-9fed-ca3a44893ffa,Beeurwzbjp,2024-10-09 17:27:59
1c40eb33-49b3-455f-8aef-e48bd9e9d78b,Stjospubbi,2024-10-26 00:10:57
aa4fcedf-8821-4ba8-899b-1a4b05acd59d,Hqiarujikhgpdr,2024-10-23 00:44:19
c45eeaf7-b8e9-4ce3-bcc8-5010270f329d,Zjsfvmlokmqc,2024-10-30 01:10:11
17aa481b-c7da-4bd9-9a73-b7a67bbe8891,Trdpsvr,2024-10-23 17:07:39
d41b74d5-dd0f-4a9e-bb73-4f6ce0579678,Ctrjsbqoruivrr,2024-10-22 15:33:51
fdefb932-9f6e-4f51-b7c0-c5e45c6bdb95,Lbvejasxpihrso,2024-10-22 09:46:07
69b5e807-fc1a-423d-883d-145bde80e434,Ypkgushecln,2024-10-30 15:49:45
97193f4e-fc34-4082-b394-d394902896d1,Kfmuxjyokvc,2024-10-30 15:16:06
1c9de77e-2762-4534-9536-a6fedc8c9039,Rmhzcmhev,2024-10-15 10:07:24
a65dc4d0-0a64-4c87-aef8-933be1872745,Cdlpdbiir,2024-10-17 09:46:24
185a4340-7682-4eeb-8f65-43ecb6067ba4,Fqzpvjqo,2024-10-03 12:27:02
f33f676b-1ae3-4219-97d9-dde4b4ded940,Tdryzpfupttib,2024-10-10 22:09:55
639d3b28-cc62-44c5-a8a9-287f3a141269,Rgbbshjotyzqh,2024-10-07 13:31:59
ee7f8a0d-7cb9-4071-9171-a1e8af0b2033,Rbhsc,2024-10-21 18:13:33
8578b7c9-bf5c-4b89-b983-e27613847318,Mhvvxoyofsbejw,2024-10-14 06:45:40
74e64357-0e7e-4b4a-b11a-d11dfbd3c008,Tymnfd,2024-10-15 20:00:42
6e244a29-5536-43ff-bea6-471a897dabf0,Hsiyrlrru,2024-10-23 02:24:12
f3adb7ce-25c3-41f3-ac39-3425e5feb85d,Jeckfsyws,2024-10-11 20:35:28
88cbef24-87b4-44ea-abc9-dbe53128bde8,Kghnqvt,2024-10-18 05:20:12
a1cf7ae2-f18a-43f5-bbd1-4ebb16d887b4,Vufeemlfrrjgyrs,2024-10-01 00:15:01
99a8d8fd-96f5-4564-848f-94e4953a5c55,Lcxiqlbvcvakly,2024-10-20 10:23:18
d073f6ac-6dbc-4546-bc9c-70b7ed43bc5a,Bmzedkpqgrhi,2024-10-19 20:17:27
1f0d92f1-3e6b-4d1b-beae-e8d13365c545,Nxlung,2024-10-11 05:35:04
d85c212a-624e-4038-b764-2a2890c96f21,Yeangfzksowhd,2024-10-07 06:17:07
4eec0f0e-de3b-455d-88d1-80fe7d80a394,Smecbivqnna,2024-10-09 17:46:30
043fef6e-30a7-4c6f-9848-ba36164e0f73,Bmrgxsvttplqtx,2024-10-24 05:06:35
90739a87-068f-41d4-8580-9ad7f02854a5,Xsknalpcprzkd,2024-10-04 13:27:39
734f4f5a-943c-49a1-bf5f-365d459bbeb8,Trysovgu,2024-10-15 01:37:46
ccbbebe9-0f70-4d74-94ce-f5779cf6f108,Lnwkhy,2024-10-19 02:46:43
ebad1cce-005e-4c2a-af10-e506e54abc53,Jzpwpsz,2024-10-27 16:13:18
106bad6e-e768-4daf-bc52-3cbd846fe77e,Jaodhlntsbujo,2024-10-19 23:24:32
dc2a7831-2c4b-4603-adf6-911be8abd4ce,Zjwlwawjdvne,2024-10-14 15:27:36
0284d122-cdd8-4a85-abfc-c4b1d9add40a,Gvajmckujnvrmuh,2024-10-31 21:54:41
3a940f93-a8d2-4873-92dc-82d9a13a48b7,Cukflprigyyer,2024-10-28 21:08:28
6d19f7ef-394f-497d-8645-a85ea047e1a8,Hhqcawihgib,2024-10-27 20:34:20
edf84af6-f3f4-4fa6-95e5-ac1c47d34caa,Ewfrzzkkmoayej,2024-10-03 10:22:38
171160dc-17eb-461d-b40b-fcdcc712ea30,Tgwxjwhctcsnem,2024-10-25 09:12:44
fe5905d4-bfb6-4bd0-bce8-edcf5246d163,Jefffugbszrhhpe,2024-10-08 15:49:52
5a9f83eb-0785-430a-8ed4-b42aa2011494,Kipcnbsxjmohcu,2024-10-06 21:31:35
4e3f849e-701d-40a5-86fa-d6f6c51dc906,Gelwne,2024-10-28 09:12:37
620d2b8e-6aec-41f2-9eff-85de504911a9,Tzizaenoftnyexd,2024-10-21 06:12:49
c1c0fb60-c3b3-4d72-897d-4ccfe67e9224,Tdxikyawbeslky,2024-10-28 13:09:46
7f5bae39-3d74-45af-8ea1-ef523a3801ad,Dxtflfvnnrc,2024-10-30 23:52:24
d48140b2-52a5-434e-a251-3e92bbecd1c8,Ucpqooyxzb,2024-10-17 22:26:17
8d587d93-466c-4018-b46e-75ebc5e9bd0d,Aupnkxaisiy,2024-10-27 08:23:44
f8c51a34-3c23-4c33-b437-ac3397621eb5,Ntmcdsd,2024-10-10 04:16:28
1e28b12f-6191-428d-b96b-74b291c8a344,Qpczdzuentfwnrs,2024-10-07 07:09:43
58d46f86-3034-4f44-953f-d644187aa545,Grnxyyolmxp,2024-10-10 05:37:26
0d6b869d-c431-473e-865d-4dd4f30786a7,Mtdcyymwsujl,2024-10-23 19:40:55
139e22a5-38df-47a8-b89b-64004fe2d33b,Uxmeqygkjvw,2024-10-13 15:43:09
4ee79818-2ba4-4276-8f08-04272106d55a,Bsrucqmztz,2024-10-18 04:22:04
55e531be-69f7-447a-aff1-227500049def,Kiuls,2024-10-04 02:47:05
7cfbc3d3-24f3-476d-be95-5a4126e6339f,Cdeuqclxwam,2024-10-23 08:16:05
569547a4-74c5-49fd-a59c-789a22fe32bf,Uxdpn,2024-10-03 04:21:55
5da9abc1-f509-4417-8ebf-ff5132c31d07,Akrrpt,2024-10-30 20:53:50
50d67023-8c4a-4c66-b1e2-d290e47ff755,Tenimduivjjz,2024-10-02 05:58:52
8c801729-d1c5-4893-b99c-aa191ebfbad0,Gjydwfvz,2024-10-12 03:35:35
014e599c-7042-478b-9907-1b9100843210,Mywcwirswcdqcuw,2024-10-13 19:55:57
6e2e6b8e-a8a1-48ac-8fc5-f996152c8efe,Sultpmnx,2024-10-03 00:43:50
604752ff-d845-477d-8ba3-409e3da390bd,Vyoagzbepghea,2024-10-20 18:35:16
4b2622c2-bf3d-4b6d-bc48-0360f514245d,Pgcfjfussiod,2024-10-25 08:18:16
7bb110af-0143-4ead-9b88-d1b95cafd881,Qeexhzostuf,2024-10-29 14:30:24
bf7c02c7-6e4c-49a3-b640-2be83f860193,Ikaksoqerjlri,2024-10-03 21:56:52
b8e92a6a-1158-4699-97e4-4c3a2d49e4dd,Sfhsesduleymk,2024-10-06 06:42:20
2a254695-9ebf-4008-be44-13869091d1f7,Eyrssgkjje,2024-10-05 06:35:21
8b3d506c-326f-4b80-82f2-6db8aa27d62e,Icrktkmlz,2024-10-31 13:27:21
18923be5-bf12-43d1-a59c-fccdace4f68d,Lbyhcjzdhhe,2024-10-21 10:54:46
9adf4f0b-0d74-4bf5-9d20-fcd03097931a,Zqsbud,2024-10-16 18:34:00
8ffc686a-1d1a-431a-b55e-f14bf7f86734,Vwxozp,2024-10-01 23:31:36
abbec490-aa53-489d-8bea-4af41174b84d,Nmlmkfsoay,2024-10-25 09:46:44
aabb9638-4c2a-42e4-93d0-9ddbb1f42aaa,Hivxxy,2024-10-25 13:53:44
4e9f5a7d-00aa-492c-8330-00873dbc6371,Bptkj,2024-10-01 10:02:08
81379d11-0e76-4586-a9c5-0a0ab6837984,Kebowqaggcvax,2024-10-24 07:15:25
f65da6d0-5570-452c-82c7-83a16cbd91e8,Zgwgjajbrgaa,2024-10-11 01:26:04
1be2a9d9-870d-4ff6-b266-70e83a9fb615,Aftxqeeoojy,2024-10-26 00:21:29
2a8a8fc7-7a5e-44bf-ab23-02578744dc17,Jckrqncedyg,2024-10-21 03:36:05
4141b200-c8f7-4d4e-889b-a2ee68421ab5,Srzxo,2024-10-23 20:58:01
2012c38a-ab12-48a1-b7b8-18e192b1dccf,Xnxhcxrdbdral,2024-10-31 14:48:13
fad566d2-db79-4757-ace5-ea0033625b1a,Xorwxlgnj,2024-10-30 13:51:17
f27d618e-8b0c-47e3-a27f-9cadf0359543,Ymzjvfb,2024-10-02 22:52:23
b999da08-69db-4839-a759-3254811033c1,Oedgthvubehjmcm,2024-10-19 06:06:03
94bf6928-9d59-46e3-a02c-a332872a2581,Ybyyc,2024-10-07 07:16:55
8a4652e3-1b41-4d66-96b2-81d6b567f5eb,Uqddocupbujwtx,2024-10-26 06:29:14
4f9d2f0f-5541-4920-9a35-08e31af570ac,Gsdabtxrs,2024-10-29 01:46:57
389343f6-b5fc-40c8-92e8-c24f0b9a0543,Ivqdnpwzherx,2024-10-04 10:11:18
93ecf9c2-00e0-463b-83da-6687e51b94a0,Ormqbgrbjx,2024-10-08 02:14:25
50c3931f-9b26-47c0-9c63-be0d52dc429c,Gtkaasccq,2024-10-06 18:01:19
0598aac9-7512-4e9b-bf9c-9507886bbf31,Jegtnlivgjrkxsa,2024-10-04 16:40:06
073abdf6-ba33-4832-ac75-6dbafa07ef6c,Elmxirstiquso,2024-10-24 18:13:57
e1c9d295-8502-4e50-b722-60b851c66aab,Zflvolzvhiq,2024-10-16 16:04:41
5e122926-9747-4ecf-a3a8-ac9e20e865e2,Iivohkh,2024-10-29 06:01:45
ba6a8d80-c3ad-4b86-94da-a74a60ed327e,Kxubctmpybiptb,2024-10-12 16:24:27
974bc6c9-a297-4d23-8304-f4b320e8631a,Ficjr,2024-10-31 16:57:53
3bb15731-7366-41ad-bf72-2a69eec7ba90,Lzfgacqqa,2024-10-09 23:15:44
01f89d7a-9fec-46b3-96f1-44232f7d31a4,Ipwksiqqbfx,2024-10-05 07:48:48
564da5c3-7809-48cb-ac32-af551cbd442d,Mjrxomd,2024-10-26 18:09:05
89238112-f83c-497d-a1ad-510c737d699f,Kwvythpj,2024-10-06 09:10:57
ece27b74-3fa3-44bd-9439-600936e9ce0c,Neymclfrng,2024-10-16 00:32:26
a4e810a6-6343-4e04-b164-0670468771f1,Gdhipszvtqioma,2024-10-11 21:44:12
2243f6a4-8336-43b7-bbf0-42c8f32ce724,Vwsnlpkrlktvss,2024-10-22 07:01:02
f6652b5d-bdb1-4b48-a38b-835d2f53f73f,Qlpogp,2024-10-17 17:09:15
526572bb-2bc7-431c-b3b7-81b4b2cc3be8,Bjuoq,2024-10-30 02:55:20
78c51285-aa3a-491a-9ba8-11ebd5d8d849,Iiegktdsu,2024-10-13 13:45:13
2833185b-6fa0-43af-8f8a-0ff9d9b19e65,Hkdauwingitok,2024-10-31 02:53:22
d8a308f8-1585-4952-8965-751ba89cd1fa,Pobmvqvneguy,2024-10-08 18:19:54
707f9048-dc45-4595-9898-023054c9db8e,Xwnvyh,2024-10-31 09:04:31
d462713f-f531-4c9c-af59-293458ad70af,Ouxcfvnb,2024-10-26 02:12:24
63b3d46c-072d-42b2-bc22-bbcd03a43c62,Jokjbukhp,2024-10-12 21:07:57
2daf3300-e89a-4f13-8b62-cfcf77a674bc,Dhyqwbisgf,2024-10-24 13:55:14
81f5f37b-2479-4f74-b210-2c623c8cb09b,Tjmnntcsehkah,2024-10-29 09:56:57
9562c554-169f-410d-be62-ed2cfca636f0,Ngqsuegqpjsary,2024-10-21 21:51:05
d1e4b1ad-c0b9-475a-8aea-d39de0100a37,Hbloroaxcixahnk,2024-10-26 04:01:21
e5ca5dda-3096-41ae-be7f-b0c305df1662,Fstcwljq,2024-10-25 08:08:18
b9806281-6f07-4373-9b9d-52f032b5013c,Lxtxewcudml,2024-10-01 16:54:19
9f5a7cf5-f926-44b7-9865-17f8828be99d,Irisvecooa,2024-10-23 12:18:02
5a9989a1-6f75-4ec2-838e-0afa68be8fa7,Dckwhpix,2024-10-27 23:42:19
4a1152ff-f478-4ddb-a8df-b75ccfcb870e,Ndtgefsuuxkz,2024-10-25 22:17:26
6b5bd6cb-6963-4b77-b19a-d8fcb70b402b,Akbvz,2024-10-09 13:40:45
7e25f826-f42f-493e-bc8c-a4fe21f6828a,Cuasn,2024-10-24 22:11:12
5e79d136-1564-441c-9176-64d89b6e1062,Ylisnzmajyg,2024-10-23 08:04:06
9e486a82-1f5e-45f6-8be3-3a7a726cce81,Uzaurupfu,2024-10-10 04:42:45
856ff52f-bd39-418a-8cbd-b340e6f8b0bf,Rgcao,2024-10-22 14:02:21
aa3f8ddd-d491-4b10-8e2d-e56b9aef3b33,Urrhpuq,2024-10-20 11:48:55
b229c3c9-0b1b-4ed1-866b-1a861c2540bc,Jhieixnxdhwmrf,2024-10-25 13:29:51
433b1354-2c40-42c7-84d5-5785b3410b84,Bospndeqdsdaez,2024-10-11 14:26:53
3b6b64a3-1eb5-45cf-bfcb-e06a533a426e,Waivvh,2024-10-12 18:52:05
ba2bbe97-7968-460b-b9ab-cd90f4d112a3,Xadblftts,2024-10-02 14:17:34
91e00971-cd3e-44b2-8055-d1cc8c9cebb8,Vxpwmfkj,2024-10-02 23:37:44
287aae98-19d9-4dd5-b90e-0a750c71e51d,Ynyfvbfmfmrwcqw,2024-10-02 14:51:21
90e43c7b-4b83-488a-abea-757a69c100e7,Plmvfqlbswpi,2024-10-26 14:43:18
96fc14d7-ac48-4580-b28c-e93573eb6fb8,Rgioglrbgns,2024-10-06 14:08:46
cbd412b8-41c8-453c-be02-31b715c9a86c,Qmplsqqsgai,2024-10-16 12:25:31
b643f8a4-c803-4d15-b7f0-7f21d53957cd,Webjbhzyki,2024-10-09 17:12:34
bd446fd3-d289-44c9-b447-38786e9d2798,Fevdnxdec,2024-10-28 14:49:17
d399dd3b-b812-4dc1-9831-4667ed6064d8,Oymernaskzhfi,2024-10-16 12:01:31
64d39fb0-2dbd-40d7-9a85-7425ed2c56d2,Orwurazoqkqzkga,2024-10-13 15:13:34
c52ec4e3-1044-414a-890d-5a658c788105,Crhsahefimtjftn,2024-10-22 10:05:04
498842ea-5a76-4d7b-8ce0-eb8c699facdd,Bcsgkhwbigufdha,2024-10-06 16:10:52
68894d1c-c806-4dbb-9a73-1df8b5f61c5e,Wirbvnqvw,2024-10-24 04:32:41
2a7f82d7-f10a-4d91-8079-a6001fbd88d7,Dcoyhbagpmbiky,2024-10-26 19:31:44
ff119cef-6ea4-451a-bf78-3551f081f62f,Dqfibpv,2024-10-30 13:08:39
c6e0c3b4-2e8b-47a0-893f-beaf7c55bb90,Aklpksjtdvun,2024-10-16 21:58:37
c9555656-03b9-4ab5-bf91-342e24866dd8,Pqniegbzw,2024-10-06 12:56:57
e7669633-778a-4098-a268-23a9f42f9ab7,Lmpeeokitq,2024-10-07 11:10:59
a8942941-0d65-435f-949c-5146b7f9b57f,Nbxfnkpoqhwclec,2024-10-30 23:21:03
2a7afce6-28d6-406a-9263-cd3ccb6a2674,Lpenf,2024-10-20 04:10:40
2765dafa-7a20-4bcd-874c-b80ec67588d6,Wktxd,2024-10-18 04:01:51
6ffbedef-a738-467b-b1af-6184918bc7be,Vwbnmhg,2024-10-24 04:53:05
b7755d66-ab83-412f-9899-ba662fb624ed,Hcuyhwt,2024-10-17 03:39:43
7f105e47-0809-47b2-b0d1-55456b9e8f08,Bbrddnb,2024-10-24 00:57:08
c964cde1-f323-4cea-8e71-0b9b6a1886a0,Lgmzbk,2024-10-14 02:49:59
6c99605d-c9e0-4cbe-ba05-ddfcbe3de7df,Hgdszyxsjxmezjw,2024-10-08 11:43:11
56b917ec-5449-41b1-98be-e08e0420a8dc,Jnmlhzsqnu,2024-10-26 15:27:17
700ab58b-ddd4-47a8-b8e7-b79ddff68c9f,Nvcwwouaq,2024-10-10 03:10:42
3b690dc6-6b90-47c7-b644-6da93c228c1e,Ohkjeqmbuql,2024-10-22 11:02:02
727e017e-fc69-4a54-bc0d-dc71a657e356,Skwrdfhl,2024-10-27 16:48:27
010fcad5-4aa9-4dac-b002-6246e9f53a7c,Cvuhfjxqbbduuz,2024-10-30 00:03:46
c7e8a0ba-3c47-4feb-9e6b-837d3f800006,Nqhrvlxn,2024-10-11 15:49:35
da62810f-a6bb-4398-9167-bf4bb6b80724,Ofhax,2024-10-22 18:26:22
7d819916-a0d4-4ce8-ab80-a547cb766eb1,Ncmcc,2024-10-08 17:11:46
d4ced64c-d47f-4b37-ad12-c4aef1850767,Qoabmxjqh,2024-10-08 06:08:07
09f4151e-3bc3-4941-bb12-581e465a9e81,Jmcubofte,2024-10-29 17:11:33
e43eccd4-21bf-4553-be54-e4dd95058007,Vhrqmfpaqtyjm,2024-10-20 15:36:36
fa7214b0-b8e7-43f1-b4bb-800e1a6b6523,Fhwdz,2024-10-31 11:02:34
e9eb7287-bc11-4434-ba03-fd9eb4102118,Pmzhz,2024-10-04 08:23:35
e25880af-9ff6-4d4d-9037-f4b917e9e97b,Vvpdgosqay,2024-10-09 08:47:36
e8b6b4c4-ef44-41a0-b1ee-281f5f72d11b,Weonhazhs,2024-10-20 13:57:31
19eb9ce3-17d8-4b02-b77c-7ec610288d54,Tvvndbrup,2024-10-27 19:08:51
2ed0bf94-7c33-4c3c-a8d7-01d3eb0cd0ba,Apabfbxihjx,2024-10-05 05:59:37
7438570a-178c-4034-9962-53a22b60fe5b,Tkboosyqftak,2024-10-19 16:59:41
cb319cea-9d85-494b-bc3d-a156114279c0,Aslvlqbamfebawf,2024-10-24 16:52:39
59583015-93d6-49a8-a882-ca0434145dca,Bcpfa,2024-10-16 09:27:06
8b3a6298-513f-4f48-8cb0-62a84af03942,Humyeshuycm,2024-10-25 14:37:52
c936f90d-dfdd-47a0-9c7d-31fb37f95a52,Abseguwppbbcn,2024-10-06 16:35:39
99d13958-f741-4ff7-b0a0-e7b2d7681408,Srcvxjdac,2024-10-30 08:08:56
6fececff-68cf-4ecc-8766-d46e41d47855,Coceblravesjdx,2024-10-03 17:17:28
49bf6e1b-fcdc-48b9-945f-d924a1d95df5,Aikzubbroyexxx,2024-10-05 08:18:13
fbaa4c6c-daca-4df8-a083-64e7251ef41a,Lubjsvvmfoxpqo,2024-10-24 17:41:30
e47b27f7-1e7a-4388-9f8d-da5a3d77b25d,Skfsytxeufvvk,2024-10-10 20:08:25
1f7122f6-d525-4beb-a3bb-8ab6bda1ee48,Reqehstircvcmq,2024-10-19 05:00:02
f0dde5e8-6afb-4265-aa16-40eb0059ca16,Raprcoq,2024-10-21 14:38:47
7056200f-d054-4099-ba88-c1445a5d2b76,Nvjbns,2024-10-18 17:29:24
b6d55ae2-5809-4e59-bb32-7bd350ab4048,Dfilwrzgstlaab,2024-10-28 17:02:30
f1d13ecb-a1d6-415a-88a5-30371302e195,Ytnxhfomokmzycj,2024-10-21 08:58:04
9ade709b-3464-4c8d-9f5d-5cfe2adbe637,Rawcmooxcpsy,2024-10-22 07:53:00
f2188a05-41bb-4164-9bff-50fea91051d5,Lpjzv,2024-10-28 20:39:50
68bfa7d1-521f-44e2-86c3-49aa2d212d13,Edyrukuwkuxq,2024-10-06 14:59:24
e35a7910-7e56-4831-8a2e-1e7507632337,Tylaryho,2024-10-19 21:51:59
9dc13cac-ce1e-4328-8e26-d128a5e9a718,Njiekbisx,2024-10-07 19:23:25
b5855563-4d0d-48f6-a570-635e50ded81a,Dlzrwfeq,2024-10-07 19:40:09
5f6ac8df-349c-4e32-92d2-817142927121,Ffqrtef,2024-10-17 00:08:19
96cac41a-249b-47fc-82da-96a3f114b0e5,Mwqxmfinb,2024-10-29 02:57:03
71687d82-2642-409f-8710-f393dd60a5b7,Oqiieganap,2024-10-17 19:31:37
b50c1eee-3460-4535-ada5-b139c3484b32,Jwldodmimj,2024-10-08 14:33:50
a5e62902-cf96-4db3-a22c-03d27063c9ef,Tfyyzwetuc,2024-10-22 15:27:27
076df019-a803-486b-91f3-a48d2961453e,Uwqgexpfzpsgli,2024-10-04 18:46:26
90e93233-fcc2-4658-8d9b-74194c031cb2,Yskfpvtatvxnoc,2024-10-04 02:32:58
d29e1b06-25a9-49af-9a66-069b317738b7,Zqchzqlztzkkmk,2024-10-24 07:23:32
3a0ed413-5b2b-4b75-b4dd-d1bb72306f4f,Bwscdtxdqw,2024-10-12 23:38:43
82ea2760-20ef-41b2-a7fd-d324cec4e3da,Ifpsq,2024-10-04 22:01:47
1c6ff75a-8f89-4023-921f-8b24397d538b,Pqjzbwlyd,2024-10-19 12:40:06
9acfc2d9-8db1-4615-ae2b-becaad9fc375,Maoenek,2024-10-23 00:28:14
083d425c-0913-4503-9890-f3f512d70f01,Jnnpqxhpchlnf,2024-10-05 23:52:22
d0f45666-8d3a-4a40-a41b-a6fd0770be86,Ipsvqbh,2024-10-12 22:40:30
a08dee38-9604-410f-b454-11be37084b06,Bzlkrveijnpsri,2024-10-07 14:11:39
8626a57f-ddc5-4f3d-ab08-c5594e0e6c2a,Egorsqv,2024-10-08 18:29:48
4d1758fe-9cd5-4f35-abab-762be2752d4a,Bmrxwolbwb,2024-10-11 09:30:24
aa01c427-4913-43f3-9985-21f84d706c68,Tbhfyxi,2024-10-29 09:49:43
96fb60ee-ccb8-411c-a89e-4f0aa5863214,Lnzmoqbigog,2024-10-09 11:02:09
e90eaea5-4887-461e-9c09-e5dc68e69ad3,Jxecibahybq,2024-10-02 01:44:09
b20894b0-83a5-4838-bb47-6a6cad3a6659,Ideujbfby,2024-10-04 14:21:48
c0c0c850-b277-451c-a666-2e3c75865f4a,Exyptustktg,2024-10-03 00:25:24
5aab723b-51cc-4275-a170-279511b574db,Avonspm,2024-10-11 18:03:26
9b1ffb78-b871-4fb2-849c-35d8e8a01c76,Htatuyxd,2024-10-16 16:30:17
15da5462-e4cd-45d3-9369-e60bdba55d69,Xavesnbxosvguv,2024-10-23 18:17:43
416d6e1f-e12d-424b-84c1-2c6bf507004a,Pzuubbupbkdhr,2024-10-16 03:11:24
08df3fc4-0e21-4555-8aa0-4dacfcd670e1,Dsarcdwpbipe,2024-10-22 06:53:16
239084b4-f187-4f79-915b-0737eba4c3c9,Dnofbaevfjcqc,2024-10-02 13:29:57
7e677823-7670-41fd-90f4-a008e73750a7,Zaxxcdktexlbv,2024-10-23 04:44:36
5b09ba8a-30e1-41ce-a50f-9253a4de91de,Tvuvjoudcfvkxb,2024-10-14 03:24:04
ea925371-fdc8-4427-b550-255217a13802,Eypruqdgzzghuo,2024-10-11 22:30:31
430bebc8-00f6-403f-aa67-028019268058,Yppibrqrheluz,2024-10-10 01:38:56
0c9630dd-83ad-4e13-ab7d-73cc4e574eed,Rkfskwzvk,2024-10-17 03:22:44
5a2570e1-3544-4f10-90e2-c7381f099d4e,Qrqqqzwiweytq,2024-10-04 14:51:35
b3ecb9a8-f820-42df-b457-0f14733e8e09,Zcwsjokavv,2024-10-23 03:21:25
26371e1a-2ca2-402a-bbcc-b161ea7bc65a,Hnikgxrxmopotx,2024-10-04 21:53:31
3859286a-f995-4490-918a-56733b46fa08,Furdquxbwh,2024-10-12 15:31:33
e62799c3-561a-4b02-8ec6-93540c65459d,Qvbudtunelpjdqd,2024-10-24 01:16:09
3dd759ec-9f2f-4655-99be-e9098804dbf4,Ljppcgyzf,2024-10-26 15:27:27
bffc563d-5af4-432c-883e-9cdeea119d0f,Pkfvodey,2024-10-31 22:28:54
c54b3fa9-b76f-42b7-a49e-0689ba2e839f,Uvnalq,2024-10-09 22:17:13
ded442f9-e09a-465e-a55a-35246d0cd044,Afvdmzzthiyoxb,2024-10-20 18:20:45
6df725e0-0506-453c-941e-e91376f61773,Cpcqwm,2024-10-31 02:39:46
ce1a897d-6b95-4296-a1c4-a44d09a2e08c,Cpecmxlba,2024-10-10 00:17:48
0677e19d-0706-42e7-bec4-11eb15f62652,Znqytzdixyke,2024-10-17 12:04:14
578c2232-2005-4f3f-90a9-342813b45f80,Znbriph,2024-10-06 18:12:22
9d9211f0-663b-424a-9f8c-19f2381407ca,Pzytsfrdaw,2024-10-21 17:27:34
3002abdb-e248-4e2a-8b4a-7fdda046741d,Ynsiyqyfkyh,2024-10-16 16:21:41
b1acc279-7be1-4b2e-b021-c5fb565061c7,Fxycjd,2024-10-30 17:06:51
7a852388-cb94-4602-915a-771da197531d,Evqxhscurro,2024-10-21 03:07:13
14837c06-5073-4c8a-9a0f-e199307f8f08,Gkzzaibhd,2024-10-23 14:18:42
6255fe96-6ab3-4eae-ba00-3b2a1802ceb1,Dvttxqjjwiwahx,2024-10-30 00:42:14
094bc186-3f26-435f-abe2-e7dafbe12baf,Ebycmqngzkbkot,2024-10-29 15:03:24
40703668-d0db-473f-9244-18e80606839d,Qcghq,2024-10-16 06:25:58
de820399-8553-4a0b-81a4-04d0e4fa4b16,Vdyxmfckqgkuuz,2024-10-31 05:17:53
8a2cd5e1-5729-423e-9f2c-e3ebb294c328,Uegzsaoanjs,2024-10-15 01:47:38
14037bcc-4048-4adc-b807-9731510f6153,Bpycvsyoypme,2024-10-03 19:58:43
a1e0f0fc-c012-4480-b45c-c3ac4fa27a7d,Vwejezzwifws,2024-10-14 08:46:51
75dd3638-f9b1-4f1e-8eb9-339aab80143b,Zodiughwbaeu,2024-10-29 00:20:51
c3df32ee-7941-43fe-b2ed-e657b3a659f3,Ybbcoqhknxml,2024-10-04 09:35:02
adc55b1a-810f-4d1c-9552-508e8c898af3,Cprbu,2024-10-12 23:26:34
d7282518-ba15-445b-8937-3c29e1b0cb02,Dwiyqojhhwpfdvw,2024-10-18 19:37:05
d21d3827-ca6e-43a1-9a6c-b076d828aa4a,Hxdfnwdyfkfejxt,2024-10-02 19:40:55
4d432fbe-3bb1-4139-8835-73ad25d6fcc9,Kxrzifv,2024-10-06 20:19:02
0bbf0961-ff59-48cd-8442-b50ae406ab2e,Wpwkhhn,2024-10-06 01:13:49
7f887c23-6f5a-44f9-9b5f-562db3ef1b1e,Klwukxwgspj,2024-10-27 22:38:27
e8a77459-7d2e-4e47-a694-010db7d07652,Lninxcb,2024-10-12 03:20:28
14cddc7b-1f8b-4b6e-acf0-1b865352cd04,Swsmwdrykpjnq,2024-10-22 18:27:38
4d1f9b07-42ca-4901-82ff-413dfc3301a8,Mdvlbhsrsx,2024-10-22 16:29:05
b2ff4f9c-99d0-464c-b0be-cfb8bf02776b,Voigrkqnneql,2024-10-30 09:36:06
c8b8ef0f-78b2-41b2-a361-42f37a062e29,Cbzuhjwbvpfp,2024-10-10 11:14:52
e79fc846-a8d9-47ee-89ba-7a1f607aa643,Bjpnummkzlss,2024-10-15 03:03:30
c4071191-bbcb-44d6-8489-fbee14eb6cbc,Sjwupwqamj,2024-10-21 01:47:40
99ea2c86-2064-45e5-9eec-dd6d10e6d153,Lsfbbxw,2024-10-10 08:16:31
f4c25510-a4d9-4cbb-b589-440597e232b2,Mupdludd,2024-10-08 15:06:30
39f3951e-1f1f-4b10-a044-3a7844bab736,Krbnynb,2024-10-14 07:55:50
beda98c5-8ae9-4ffe-b106-e24278fb7d83,Yqbze,2024-10-27 20:15:24
99c96680-ca32-44f6-9bcc-766f45d892d9,Fbcgnkrauyzzyc,2024-10-19 16:14:22
feeabeb8-d5d3-4f0e-844c-96f0ff7661d0,Gicffqzibdb,2024-10-18 04:51:56
780bf2b4-f78b-47eb-9322-e388beefd37e,Nrotkbxhw,2024-10-27 11:56:58
35902b17-f5fb-4faa-957e-369dc66553a9,Ekdrrpctxvkybl,2024-10-30 07:16:02
0cb4e34d-0c97-4acc-a351-bb80b5b05ffb,Rptlollbfp,2024-10-17 00:54:08
9dd88d16-ff59-43f4-9a4b-e2a3b994898a,Kiafmer,2024-10-16 03:53:29
5513ebf5-eb58-473a-ad50-df8a3e049dfe,Iubsrehznzgatfb,2024-10-09 14:07:04
9c7f24a8-9a1e-4780-a0bf-66cfd1e817d0,Keeopbpycb,2024-10-23 07:43:23
4f70a36d-6803-4df2-a872-3ed35ee97ea6,Doqnkruejbxguwi,2024-10-24 04:06:24
7d95a5cc-35e8-4b36-9994-df4d35b9e773,Rxasbyfthnewkc,2024-10-04 03:36:40
2986276d-7c5a-410c-97bc-7a937ce409aa,Uemunat,2024-10-18 10:49:12
b4975b3b-6524-4bf0-a7c8-826aebe08a1d,Uluiydzsz,2024-10-23 07:16:05
aa1c15ad-d2da-44de-a5b7-424577bf6383,Zfqngaqaebpb,2024-10-25 04:12:26
631b476b-1934-4546-896f-b9feca957654,Hlrzzmqokar,2024-10-01 13:32:52
785c4aa5-904b-4f80-a442-9df3ca0e741a,Bkpeijpxj,2024-10-14 13:32:54
2a838571-8246-4a66-b8e7-ad294ec6fce9,Vqsdapokwmyzc,2024-10-19 10:53:09
fa1a006a-554e-4902-bb98-b71c1158f8a1,Syknukdzrzpn,2024-10-31 15:02:11
1c181a94-4a6e-43fd-8531-f469dc287326,Tuapj,2024-10-05 00:46:28
e75a8ece-c446-453e-b080-18c3a872f4a3,Sjgdhxeq,2024-10-01 03:35:10
7ba712a3-9b4f-41e2-ac07-8c265abd1da3,Qysyu,2024-10-15 06:13:58
5e83fed5-a9fc-4339-a780-20dab9efd244,Afrjj,2024-10-03 13:51:58
e0426752-fe02-4b2a-a730-a6f323d29ef6,Cpsbpvggkgfm,2024-10-08 13:07:21
eab4b489-05dc-4d80-b5d8-a238d452ba4f,Zdojxdy,2024-10-19 11:56:19
464af7fa-aefd-438d-be38-f9d9e14f82cf,Xgxvudwdsk,2024-10-17 11:52:41
42877465-e567-4680-bb33-4b31de2e26ca,Kyhzgv,2024-10-19 03:23:00
7a43f68e-e1d4-4ad2-b038-af5a6f7c58ca,Paeqpugvovb,2024-10-19 20:09:54
236b6138-e62a-4dee-a3da-99a253cc4dbe,Nuizyrf,2024-10-19 03:45:30
05933cfb-89b6-441b-afad-83724a583511,Hrhqfrcmeqpmg,2024-10-22 23:47:34
286a1858-ed20-427a-8571-c446362c7964,Lfuqg,2024-10-14 12:43:43
74329137-e6f1-4277-bd5b-39def50e8822,Lpvhprjsjdakao,2024-10-31 22:12:04
1411f4f8-d3c5-4f70-972c-d784695fcfd7,Ovhymvjyarwek,2024-10-21 11:43:57
9f1d2a10-f0a5-4083-b28b-f13adc128116,Ouwhmfdhdxxls,2024-10-30 19:07:10
9c81b634-0a9a-436a-8986-d7866664a8fd,Wadqtsofvrpkbm,2024-10-30 07:50:00
9a0f4c18-b24d-447a-8e79-74b7539efa8f,Csrvxpjtpzlfhsk,2024-10-15 14:37:32
8c82e9fd-f6f6-4a5a-8f56-65d940840c62,Kubtngorpvtjovb,2024-10-18 18:00:23
9ac0fd17-cfb4-4c34-9023-82640b991176,Eszlrugu,2024-10-27 23:56:08
c0d05f8e-0a3f-4613-a006-62dd02f0b0c7,Kjsnktqqzjj,2024-10-30 13:13:51
1290d5b6-186d-4592-ae08-c4af5599d1e9,Rmoho,2024-10-05 18:16:16
30cbac43-c936-4b03-ae1a-686d7e8f0d5e,Jxzqnwnijzvacte,2024-10-17 19:55:41
e919fac3-1bba-4111-b878-d08bca312742,Vmeliunopdgi,2024-10-06 14:22:36
3db5c328-d5be-41f0-b1e2-0391f55284c1,Hrffr,2024-10-17 05:10:35
82313795-db88-4090-82e8-7cbe206aaa65,Oqrjwbnogz,2024-10-25 14:13:06
9be98508-0671-47c6-bd9f-6ac9e09b1589,Vvczlrxhacwk,2024-10-05 16:54:40
7eba35f9-4abf-4cce-9a1b-48c0874e7248,Vwvszl,2024-10-20 08:02:13
f3ad1d55-4e77-4dbe-8d34-3884500a96b5,Otryqezwfsb,2024-10-28 12:26:11
4c6b5426-ba26-41da-9ceb-d4132d05c3b8,Yyvdoxerg,2024-10-17 21:44:57
99434372-1eb1-414e-aa6e-459debe737cf,Mbewnkdv,2024-10-16 02:12:13
baaef067-f5c9-4870-bc90-a0b7102ca6a4,Hbscyvv,2024-10-13 17:23:20
ea19202b-7a1b-4f0e-afc2-182b642e0261,Wpdseynxmhgdyv,2024-10-02 19:29:17
f76875d5-ce26-4e35-9ae7-55acdf62cbf3,Pfpncvmqobmup,2024-10-12 19:32:06
ba2823b6-786d-47f4-a556-3094d9b4d101,Myqcqwz,2024-10-25 02:34:36
82135c2b-27f4-45d6-8969-18596f9cef6a,Gchgyqgnqi,2024-10-18 11:30:20
7c27660b-3e53-49b2-98e2-0f45d8d0c458,Pyygrrlxfc,2024-10-02 23:31:37
e4190615-5e87-4c99-ad79-b259eb471c92,Xobaxbm,2024-10-14 09:06:45
b44359da-a98d-4b29-b5a6-7748863c1bdd,Kzsyfzuzmly,2024-10-19 21:43:58
a3607816-c3ec-4731-8522-4a3e17185d5a,Vpeukdwxwbe,2024-10-11 11:33:56
c8009a0e-4205-4cfa-8981-4c198aed0e4e,Eusajopwm,2024-10-24 00:07:03
a2e8362c-ee92-45f6-a01d-6f383a7f462c,Htpijssfxdguvyu,2024-10-18 13:43:12
c4ad4091-704c-412e-8e6a-acf8a1ece9ab,Cnfygk,2024-10-24 08:01:12
de8ffd5f-4612-4615-9872-5b282d693cc1,Qvajsiircxqxcw,2024-10-26 19:32:29
4f93b94f-b379-4011-9362-628cfbad7d03,Jxatsvzqe,2024-10-24 06:32:39
00e20c0a-88f2-4595-8157-579d6f86e8a2,Yferzwteenxsrrr,2024-10-24 07:15:40
f4ee8e29-f740-4eaf-823f-7b6aa012b82f,Gtotuodv,2024-10-05 23:54:10
8e2b80b9-34cb-4214-bdf5-d662335c4b90,Kahloegcg,2024-10-10 17:54:53
c3bd3d3c-c8b8-4774-831a-e6a07fc02ca1,Gauwnaovmx,2024-10-31 11:47:53
9f1180a8-aa2f-45ff-911a-d28f2849352f,Zotkhjxtippeamf,2024-10-17 03:33:43
aac8aec5-fb53-4cf3-af12-e3192795e4cf,Qvbcqewbyf,2024-10-18 22:48:06
d5bf3d98-2d13-48de-895a-fb582f59ac85,Bjafpmcl,2024-10-02 23:16:04
e803401c-9f88-4cbc-bfc1-8b4feef7d151,Vexzghdfb,2024-10-23 07:30:08
ce3514d0-1dcc-413e-b49d-9e85db1f9c7c,Xvruaeq,2024-10-31 18:20:56
ff0b79a1-a80f-455d-8eeb-021820759edf,Xzcpcfgdeidi,2024-10-31 11:39:30
6847baa5-d879-4888-85f4-5e736d225b45,Odqbgllexnxwsl,2024-10-08 06:07:18
ee9ff6a7-7af4-4f45-91af-2f980a148a68,Dobkxtwqkfaij,2024-10-03 06:08:52
19b9dfb6-b2d9-46f1-9f60-fcec3ba5a765,Nyapblj,2024-10-07 20:56:11
16337bcb-c6cf-41f2-8231-e41ac28ff791,Zdvwouaudax,2024-10-27 18:10:05
a458b842-f1b1-46ee-931b-12c0acddfa5c,Chtbi,2024-10-09 18:08:12
7ab18064-d0d8-4d23-9d58-6d83e812a3b4,Ivkhyglrggyt,2024-10-21 07:50:34
a064e1bc-fcb4-42a7-b885-3b0f9f1ea796,Xubmazdt,2024-10-04 03:25:16
ecd22a50-7124-4adb-9f88-2daf13347083,Iywyr,2024-10-25 13:30:13
3d3b4eb6-ba56-4cf3-bcb4-54ca1520c4bd,Xnmkgrk,2024-10-25 11:17:38
82a0e101-e2e6-4f2a-8d72-516a0f5caf4f,Purybxqld,2024-10-01 03:29:39
fd1118b6-5562-4896-9be2-a3f926ea9178,Fjkvrubv,2024-10-16 06:58:26
4ef25344-6c4a-4406-afc4-7d67c521feb1,Qzgakmzkrc,2024-10-29 08:21:59
2590a921-d4e6-4c58-8fcc-ee783ed911ed,Hnvyjyzgvnmlqm,2024-10-01 17:53:07
92c98ea2-dc86-4f2f-895c-e41a4f7c965f,Gemhn,2024-10-29 07:06:00
137ad4ff-06c6-437f-af49-e86c4871cfa5,Vlaiydoksbrmu,2024-10-28 07:12:57
651c5582-1755-44a2-816f-8f92601be0bb,Hfzflh,2024-10-13 15:59:41
c52ae437-e932-4841-a21f-4900b6e2751e,Vsivwda,2024-10-19 11:28:42
912fcede-64fb-4479-b09e-759728f7d5d3,Csninrxeuheaoe,2024-10-31 18:10:52
c1d7a566-5dae-4b12-98cd-c612bd50afc9,Msmalcs,2024-10-25 21:07:32
6598b656-4d2f-4ee2-a34a-f64ac3aaabbe,Ubeaxazkw,2024-10-16 16:47:39
e3267296-909b-45ca-a287-22a87377beff,Pvuoei,2024-10-15 19:06:55
13835760-d1a4-442d-aa42-b9e4b4726c28,Sdwvxvjym,2024-10-30 23:01:49
c55d3c1a-3a06-4ac7-935b-3f7d717381e3,Krxnfaigpustrue,2024-10-01 09:58:28
a1b1d048-eb1f-4464-89b9-d8a98ca34761,Yxhxwfxapg,2024-10-19 08:20:56
04f3837b-77a2-49b4-953e-39e9e9d1f48b,Xnnlgsj,2024-10-21 14:26:31
d8757a84-c389-4b4e-9fc2-d31b6ee86b2e,Gvdqtisdfv,2024-10-12 07:09:52
f2dcb215-2809-45fb-ba86-a56c1f6a4718,Fheaz,2024-10-11 23:33:39
ded5eea6-a7c4-49ee-bfca-bea64c4972fa,Ybhrpxc,2024-10-09 12:54:18
0659664a-35a6-4353-92c3-e3f0a84e696f,Ixwjwdfktztia,2024-10-02 00:53:22
37011466-2130-404f-8adb-b634859e8421,Wezilcey,2024-10-06 05:39:55
3a40a312-d46f-4333-ba25-87aedd546e9e,Gdojkr,2024-10-02 05:13:15
52f710e2-a7df-4f62-bbb1-7c42858aafd8,Rjeeikko,2024-10-10 18:08:20
47197fb2-c1b8-4eb6-a262-abf4edb9585c,Fdxjdkqczmkdert,2024-10-28 23:37:07
d4abab8a-fb66-4e3d-abb6-32d7e7303116,Wyelmuxajyiqs,2024-10-02 02:40:34
dc4f8d13-623f-4ab6-9497-f3ceb59d3fed,Okahdmlcrvknp,2024-10-25 01:20:34
3b5f059c-aff4-4d2c-867f-dffcfb177111,Kcrsydfa,2024-10-27 02:38:26
6b014424-857d-4f49-af53-1bb6d227ced7,Divqcpn,2024-10-10 08:35:11
0a35aff7-8395-4869-9a18-db92bae38741,Krvlvxa,2024-10-24 15:23:46
fb450ba5-36ae-4517-9734-8612de2ac7c9,Vjmepgoztl,2024-10-01 16:06:53
7c9a93b5-4315-4c86-945e-4b3cbefe7950,Ekcclc,2024-10-03 16:59:31
4cee880a-61bf-4f44-9364-d974e15fb65c,Expwgztke,2024-10-26 17:31:13
f8f83e58-a4eb-4ccc-b6fb-03c0f7a3439c,Pzjvh,2024-10-19 12:33:25
bb6afc34-7588-446b-ab78-6b5364daba19,Rrhow,2024-10-27 15:13:00
a219fe4a-a80d-489e-850d-b58c487406ba,Varlrdnpl,2024-10-18 03:17:23
22313f17-771c-4cb6-9ad5-5ca3bf313148,Oieucpiti,2024-10-31 18:53:48
e93f7173-4f61-4e0b-9d4b-07b365a66ed2,Jqesfqh,2024-10-31 03:30:37
29c231a7-07fe-49a0-a0a1-9c35fe2dfae4,Pzylpggyuaq,2024-10-19 18:47:22
fe05da2f-d1d3-4682-ba85-1f5914ad5206,Nrptzzli,2024-10-11 00:13:11
c7e16d21-ecce-4aa7-8d4a-2646b3c5e29c,Rbocvxyk,2024-10-13 10:15:44
1346c450-17b5-4b50-a55c-841f1df0b3db,Acaulizyvazkiru,2024-10-08 20:29:42
2f11964b-0d14-40de-9b28-aacedd94dab1,Ijyjss,2024-10-25 23:22:21
0ed9da8e-d8bd-41ff-bd94-f104ab053985,Sjeilfxy,2024-10-10 07:02:07
838cc7fe-af34-4821-a12a-ec74474997a4,Guytlgistwh,2024-10-27 17:08:14
5a785fae-138b-45ff-8824-d911f371571d,Eysxhmtstoqn,2024-10-14 00:14:04
854b5aa4-0b79-4630-9131-27b9bec2898f,Icewpavzxvtfyli,2024-10-17 03:38:41
927d8e87-0a3a-4703-891d-879a7ec79a22,Kkbzp,2024-10-04 22:49:44
6f6468fb-f416-4a17-b8b3-a9ad9c501202,Hyvlvcakeoiuzmq,2024-10-01 07:46:44
c08eccf5-a77d-47f8-be31-8dcfe57d071d,Smcbigsebm,2024-10-16 01:48:33
c69bbb21-8ea8-466d-9458-2d13980ad5b3,Kunyb,2024-10-18 12:09:55
329c973f-d5b5-4c5e-bbef-f0c9857a113c,Iicofsdhsdnaxw,2024-10-03 09:56:14
d91c2bd4-a145-46f3-a774-35a07abdc2f9,Tqpzagpamgnqdx,2024-10-17 20:23:21
a3194d8d-fe4d-4f5f-a80c-87fba29a81e4,Qnajrtbetgcmiw,2024-10-04 00:36:16
496dfea9-32a9-4840-9cde-5e924e31e362,Etmdqgrsd,2024-10-15 10:50:18
d5a40b74-6b42-4c26-986d-65c57b480f08,Rouasfdxwuogcld,2024-10-28 02:33:36
286f2bf5-a316-446e-a112-91ec1f121fa2,Foglbliwfu,2024-10-10 11:40:18
6fc1da8e-9b25-4d2d-ade3-b7dae6da9138,Swdqdaltcry,2024-10-05 04:09:42
70de3ac2-1bf4-4895-8640-e222b169cce1,Nukuqdcgdm,2024-10-14 06:06:37
74407403-2c79-464d-ba24-0b47873c5b05,Dujlxgwdvaaubta,2024-10-06 21:58:29
2e6dd2bf-3d53-49a1-84d7-6be76edce8e3,Ljdmyqju,2024-10-04 12:31:37
b6307797-056d-470c-90aa-60bf1653bd63,Fmpgkubrg,2024-10-07 22:21:18
2a09421e-fdfd-410b-b6be-16c89531f4d2,Szyysytwrdubo,2024-10-28 14:00:44
17fca407-ff45-4cc3-bab0-d2a5a7c3144c,Qjtvqj,2024-10-13 04:51:45
c9e66713-a82f-4f6c-9ccd-84941af8ceb7,Vgvoziudms,2024-10-10 08:50:26
4021ccbb-011e-4a8a-bb04-6f452a2af269,Hhaseiox,2024-10-27 11:52:52
3f11802b-d669-4794-bfed-ac809e001a5e,Ipbpgjerve,2024-10-22 02:43:08
4579144b-592b-47d3-b70a-423be14aae23,Zbcqyeczkc,2024-10-11 02:40:17
1a45c6a8-11f5-462a-9b74-fe710af32374,Abbzzrqy,2024-10-21 18:00:08
d8c71470-8e6a-4f3c-bf12-d1bdae60d76c,Ozvdrfbrp,2024-10-08 03:43:26
94a9d174-df08-4963-b716-52674e6a2087,Kpyvkenbbuzfyww,2024-10-28 15:52:58
9112454e-c341-4cc2-8623-93fdb5ba634f,Nxkfuq,2024-10-15 06:32:20
09f89790-445a-43af-b72c-fd9bf99340a3,Fpcpbjegw,2024-10-11 22:34:52
95b93d51-119f-47d0-9564-d53b01e71d02,Nddjlqipgxgfyq,2024-10-17 17:22:03
c1d70dc8-0a49-4188-af4e-c25a7c7aab9c,Nxirg,2024-10-20 10:15:37
2c297188-cffb-4ad1-ae60-ea2086148488,Pftzhmktafeyak,2024-10-07 16:07:19
b38ce8cb-c7d7-4599-839f-c1414d828077,Abtre,2024-10-01 02:33:21
0622910b-2b6e-4d1d-b0cb-c8b4a3c6a827,Fbfnzlous,2024-10-06 20:42:06
36a2feec-1766-46ab-b87b-e20ce4e1ef91,Wbowmviee,2024-10-30 17:36:46
71372a59-4526-4434-9d02-8619e4f05121,Pxdmncibcmq,2024-10-29 14:03:34
e16b5c56-83c8-4205-9060-adbbc57851b5,Iiylv,2024-10-27 12:40:14
7fc4bdab-cdc8-4e1c-9193-b2b672f2e8eb,Armieoqgpiopx,2024-10-20 02:20:26
0e3b67d2-5676-4c04-bc44-3ab925dcb8e6,Nvpgiy,2024-10-26 11:53:10
24ff2945-9cc4-45b5-891e-6b4ceebf3fb7,Daajatsnj,2024-10-25 19:07:58
b19fb653-93b2-47bf-9fad-3ec80c60bf79,Rqtds,2024-10-19 14:54:52
afcc0947-9ed1-46e8-93ab-7e0c3005b098,Iyzxug,2024-10-01 07:41:23
bff791a0-8e2e-4150-ab11-d9d6ef16f13d,Nlvpbrivklaqx,2024-10-02 00:20:06
ba1b1051-4b0c-4d7b-a52a-7471890fb83c,Nnhncskadn,2024-10-26 05:28:25
544e8155-d742-4982-a8c0-3e11de1358ed,Qgtvrjvmup,2024-10-01 19:41:29
0b17f2c7-cbe1-42da-8c4d-7e081846aa40,Klittcrmtg,2024-10-24 05:12:26
9b2e381e-71a1-4155-b37c-1b3393b595b9,Tfrzdstshxf,2024-10-31 03:14:23
ee74292e-fd0d-4877-9db1-642cc02116e4,Kiatwwgzfhc,2024-10-23 15:21:37
8ec23dc4-5654-4625-9823-f531cfed021c,Jmhfjzkhey,2024-10-29 16:46:54
b77077c1-0160-4443-bcda-f0db1c833b8f,Gumndaatnaigt,2024-10-20 14:14:15
24fd8e86-98c4-46c4-aa8f-c87823c09e8f,Sbzuwzgmtmnm,2024-10-26 02:57:06
7cc8e1b7-135d-4428-8afe-5fc948976107,Scsriverzgkiin,2024-10-19 18:06:49
50f79913-1ccd-4925-b7ef-44e2e322e827,Rhdleobfxnvxcdx,2024-10-09 16:01:50
3ef38b4f-3c25-4410-890a-7ce5b0a76755,Ogtepnjdsjsjf,2024-10-06 10:56:47
11233ae8-8938-4dfe-a0a4-f490dd8d7528,Jcconhvpnvp,2024-10-04 06:27:04
98240a7a-e8dd-4795-a2d5-84fff3580094,Szhpduoupklrgg,2024-10-15 14:25:50
6583d9d3-aa51-4d23-b53b-c05ee1ff0c07,Ztmydobqr,2024-10-22 16:04:12
85d44f6c-7f96-44b9-a31d-2754cb7465cc,Mdgbhtrrodf,2024-10-25 15:56:45
f1517a06-dc49-45da-9abe-a0cb8278e5d4,Ctcicyq,2024-10-04 18:46:55
ae331f5b-63e5-4a3b-b5fd-73f2d3905768,Vsjmtjvjt,2024-10-02 19:48:09
c2d84a24-9e7b-4a3e-8519-3c1cc7a5188d,Sjtitmci,2024-10-08 23:06:50
7e5e5a5a-e008-4c99-967f-092f7e7d1c1b,Lpycjzlzmcawhu,2024-10-24 08:48:58
30192db2-b65c-44d3-be17-17fc5261dcd7,Etjuqemtfaolvc,2024-10-26 19:16:52
8a9be0dc-29b9-4e30-9a0d-13148e44f31c,Atfhvirvi,2024-10-18 22:13:35
e155cc17-d410-427d-b14b-ef883b8b650e,Zzhzysvrfkgtw,2024-10-11 04:59:41
ffb302ac-8a8c-47f7-891a-e3352c0401d5,Ppaofydvxnxdyd,2024-10-26 19:44:02
801e4f90-4961-4849-a1bb-72720b4475e0,Ldqfadhrlweh,2024-10-08 17:29:36
b4dd1ab0-0189-48b2-9a99-d487b635579d,Dlfuxxtzgtwn,2024-10-20 02:20:25
1990bb82-d872-4868-b217-94c83b216b21,Xdtuzdrthmwv,2024-10-15 05:25:02
5078996e-18cc-4556-bcac-9d6b3411fc5a,Wxwnwuttwbztubz,2024-10-06 06:04:01
b7c646bd-a4cd-47f3-b537-f9e77cc5e877,Wgymfccehjoyss,2024-10-04 15:08:09
4fe2a636-361a-4763-aef8-bae740be55fe,Yqsxuxmtdqrrfz,2024-10-14 09:13:40
db3f4c45-bfd9-41ea-a504-1a27fdbbb741,Bdudplhkiecvbn,2024-10-04 06:28:13
83ccd9f5-aa66-4779-b53a-03bfa7be5e15,Ovieku,2024-10-31 10:46:42
23a022b5-6dba-46c6-b789-62b9a0e22157,Iiurmvqtns,2024-10-11 09:13:15
c6fd5799-2ade-4bd5-b549-78bd1eac63bd,Ngduwrlvqszmjon,2024-10-17 01:52:15
ba3793d5-6dce-4bcb-96df-96d7f6e10f58,Msazdqkweezgm,2024-10-17 15:42:34
917e644e-9707-4c4c-b7fa-05933359463a,Cblyodr,2024-10-27 11:57:12
8f687629-8b0f-46a2-8677-e3cbe9f1d7cc,Sltsrmpjih,2024-10-23 13:31:44
0feac8e6-c749-4fff-adcd-f23761a01b86,Arizyaf,2024-10-01 16:18:09
abe7a7a8-97ac-4750-96df-beacf31fd0c8,Hniwmilcl,2024-10-03 10:47:20
30b3feef-9555-44f8-acb9-36ae4b0ee0f1,Hiclccezawoqc,2024-10-16 18:29:12
334b1bbf-999d-4d0f-98a8-da564ca2e913,Grhwzxacpcgpr,2024-10-12 18:15:48
3406185f-e89f-4278-94aa-c82ea62af8ea,Nqcuunhjvpsshrd,2024-10-04 13:44:57
51df5e8b-b08d-4fa3-8606-2ab9c8eca4fa,Tffaohwin,2024-10-06 17:48:52
8ec0c2fb-56a4-4baf-8e9e-5fcabffcbc68,Umrolxgoninl,2024-10-06 06:11:08
05632d99-0f84-415b-ac28-50aa652d05c5,Bjdpazkfvgft,2024-10-17 21:01:31
7d648aa5-643f-4d3c-8f25-db9fbec50968,Qiaiemzipjozzwl,2024-10-09 08:19:20
2571a20b-9e39-47d5-815d-be452d5c4445,Fiqayqearaxoztr,2024-10-16 04:35:47
ccedda38-174b-437b-8ffc-2efa66e91804,Kkakb,2024-10-11 18:29:59
10d1b20a-ab73-44c1-bac3-b1de3f71349d,Kdckoelgpc,2024-10-28 12:57:19
e7f6a2bf-1703-4b78-8dea-05aee66d4cda,Myrmxgpcg,2024-10-14 01:30:28
6156a7cd-3986-4eca-be49-79bc809614a8,Ulfqurugzhyc,2024-10-26 04:33:08
763d65f7-15e5-4000-baf4-c56bb9c227a4,Ypbqigh,2024-10-01 14:37:32
defd98c0-515e-41f6-9e30-ca99e88b870d,Lcojlzjemvhue,2024-10-05 23:20:54
b5f1ed38-06f9-4c0e-a3d2-1d21324fd698,Nxoabqydjpkzmk,2024-10-14 12:32:51
42134658-7b9c-404b-b8e1-1c7d4750dfa7,Qftju,2024-10-03 23:03:38
d89c9b95-0306-46df-84bc-8863ab0e4f85,Dqdfsofxmsts,2024-10-26 15:54:56
8683bda7-ec5d-4a32-913e-8af5fceb1d6f,Fvphvhfkczeurg,2024-10-12 08:26:57
2f87989b-1705-4c9f-859d-e9bde9d24c32,Ivfcvc,2024-10-17 04:51:51
46cd4f53-704c-4a91-a6b3-8c28a3d31eff,Mnzjudjysjfje,2024-10-09 23:58:12
1dc0bfe6-2b7d-4b59-9224-adba5c436ba7,Dbsutjlamzspvy,2024-10-03 00:41:21
b3fe9533-f217-48f8-bcfa-221616fadf2e,Yfsuezxxspddgs,2024-10-30 16:22:49
3fe79ed1-87c1-418c-a8c1-c716e2287d2c,Uwnfox,2024-10-22 14:28:35
6471661a-44e9-4b0f-9409-e0b226b5995c,Molgrscapyjwbf,2024-10-28 01:51:31
64dde0d9-fcf8-4b7b-8a41-6d419bbca575,Lseatohvajyf,2024-10-16 14:11:18
9de3c42e-7572-4d21-97c1-a89e2269241a,Toeknipawgfmz,2024-10-21 21:05:43
da8eb32f-7e24-40aa-8a98-ee66b98d2c5f,Octxboxwywcut,2024-10-09 09:38:58
9d1e3064-ef52-4d04-9221-d3d389003a13,Slhqbuejqk,2024-10-22 11:27:28
27708b7c-c117-4bda-b8ee-dc8f8d9fb250,Cvllpcoekg,2024-10-04 16:03:24
70c7bef9-5e0b-4153-9ac9-0eed45be52a6,Tuqzrv,2024-10-24 11:52:54
bc5d6cd0-2ed2-4442-9841-9d0a78b23498,Ddkinfe,2024-10-14 03:26:21
d05f2fd0-84c8-438a-91d2-6964700c2323,Dzwqq,2024-10-14 17:39:10
3768a1e9-b333-44d5-9723-2629198d0cb8,Yxzthbjsibetmt,2024-10-07 15:56:11
cf1be600-9e21-4885-b93b-9c7cde0fcaee,Lgzkloaebn,2024-10-04 09:20:34
d839ff77-4329-4109-9a6a-1235f68edfc0,Vjtqi,2024-10-05 03:39:24
f738d2c2-7348-4244-a266-edb1fd5bd556,Cunzgknjmisnhc,2024-10-30 12:17:49
b44c1c4b-57e0-4aa3-b8a8-52b401db7d2b,Ongmvbaeqxjo,2024-10-31 02:28:12
11d270cf-5536-4dc7-a200-3bb971002d2b,Lhfsvjnekgp,2024-10-17 00:05:26
695ac7d4-bf4f-438c-8720-ad1364a89830,Mwfkiklyslzoekf,2024-10-16 13:06:45
40075ac0-00d1-478d-b79c-a441d0227b25,Hsitcnx,2024-10-25 02:14:33
c1ed3756-3eed-4462-b627-71e9d46523ee,Jwndkz,2024-10-22 07:29:43
7c68f58a-a8c0-4b3c-a7ba-ae7634d56582,Qnfrtzxzzr,2024-10-28 18:17:39
81914832-3051-4bb4-be73-9a757ed40043,Rvhxbkfxcopxq,2024-10-17 11:18:04
19a1b6f0-b940-4c96-a854-75994e2ac974,Ompsd,2024-10-30 05:49:48
a769ff7d-efdf-463e-a34c-b779b7030715,Iwjdvzkwzeen,2024-10-16 15:12:42
314a3cd3-c31c-42ba-a52c-671055c37dea,Dxdslbhso,2024-10-05 02:45:16
a5a97051-9db0-45b7-89d6-599281228f60,Ztsnuikzmtdoxdm,2024-10-29 12:40:29
16d2cca2-05a4-4f76-b20f-c3e59b4a512e,Nhnymbg,2024-10-02 19:44:12
f2082204-226d-4b18-ba3f-103cbf690013,Vzvuut,2024-10-10 03:59:11
7ce243dd-a3ec-4a5a-b7e6-c3bd86f1b400,Dhhnxkhugl,2024-10-01 16:48:13
20b3c9d8-073e-4b4c-805f-0e54e96e54eb,Bojjqciz,2024-10-25 02:24:12
3dd68eab-c670-40b5-bfe7-4b6bfe43693e,Ynenhmewvav,2024-10-01 07:30:21
03deb696-82c3-4228-9494-d892f8ceef91,Hpadinrga,2024-10-08 16:48:17
6396b76d-ed3a-45d4-8dd9-fdf19f78940e,Rsnmxnywfdsmi,2024-10-18 23:55:14
f48337d2-a076-47d9-b67a-60e25f0e7399,Lmxdivkpgizvdrd,2024-10-21 12:17:31
46460d5c-8d49-45ef-b086-77d20c950102,Ffakarvako,2024-10-08 21:24:16
4418ed14-1299-4e33-8239-1ae06da23a51,Xaxbrmbdgogpa,2024-10-16 22:24:48
f9349b5a-6620-4fe2-a75e-ba3da8e56143,Rhvbcnfqfsc,2024-10-01 10:51:57
26006e98-8a23-4d5d-b01f-16df7eb11587,Ixkmpqsksxuesi,2024-10-09 07:56:31
6786a901-fa9a-4ec9-825c-6e4bcf2caa41,Nqfffyirpfedjtz,2024-10-19 04:17:42
01e1e12c-7594-4570-ad22-b3ccc0402dd9,Kyljtcjfgbloftu,2024-10-26 03:11:23
009fdad7-84a0-4ee5-8862-42f20ecaed48,Obqochu,2024-10-15 11:03:17
e653f67f-c3b1-4381-b362-d291224132f6,Xuwpgxiztsvaes,2024-10-10 09:10:53
532c9165-b35a-46a4-8a1a-9cadd82180c8,Jtocop,2024-10-17 09:32:30
74c04bff-820d-4464-97a3-a8f5b95c2914,Pqrmfs,2024-10-20 00:24:04
33015d21-42ef-4824-bbdc-1284eefbccee,Nntvdt,2024-10-25 07:05:57
6981917d-bd28-4a0c-a187-c733e93a08ce,Vrvwhwaetu,2024-10-23 13:33:40
9baa480c-b217-49b2-ba9d-2c6d2ca308d6,Wbenehhwda,2024-10-23 16:25:18
d28f7763-1ba5-46c1-959b-cab116ebd795,Pruoxfoxjtm,2024-10-28 08:08:01
a7f8ce99-39da-4e72-bc32-0147687018f6,Zaidwl,2024-10-21 07:36:32
83060bea-6f4b-48d1-b89e-19fb6f6ffc86,Mktnglo,2024-10-27 20:22:25
5cca1763-b786-4e40-a4c9-c2883f741d97,Qcpeykdqem,2024-10-01 00:31:01
26d0d430-8bed-46e6-a2b0-e5186070e701,Mkfsaexpuy,2024-10-20 07:23:23
9126cf70-2362-4571-9635-dde52d0e792f,Ykgepxclqtaj,2024-10-13 18:08:15
3f5a2d1a-7775-47d9-bfd8-63d54470c33d,Mkqmkgmxflzjsx,2024-10-17 05:32:09
19ca775a-95ea-45e5-8448-4bebd43ff6fc,Bnspfkdnjv,2024-10-16 10:26:14
9ef9d03b-f3fe-4aa2-98ee-700aa8b1e077,Lfioojoahqiv,2024-10-12 22:48:49
590c813c-8a1e-498d-ae78-5d6895b49ae3,Wcfsouhv,2024-10-16 17:48:36
ef882063-387c-46fa-9181-b7b54a8adf7f,Emoppanb,2024-10-29 17:11:43
7c56d93a-9e3a-4523-94b7-ae83e11fa376,Rysbj,2024-10-26 06:26:29
d4d70dc2-5bc3-4f0f-aef9-610ea3728f09,Nedlkqxxlrs,2024-10-08 16:30:07
48b46c66-5e66-43f2-b367-71ff50f3ca76,Cbgnvfspvbsh,2024-10-17 07:58:02
555ccab8-9978-49c5-b732-cdbd0a03cfb1,Xjtkdq,2024-10-03 13:42:40
6f89d148-2d57-4433-9038-6a2b6a5e66c9,Ooptf,2024-10-23 23:27:28
0e862916-1876-44d5-9f82-4159a46c360a,Evgfwea,2024-10-26 07:34:00
83ae3ad6-5697-4e29-ab91-911909270700,Wukbhytihe,2024-10-20 21:13:17
81fae3da-3c6a-4405-ac39-75b2c2fa3d59,Uifbfcts,2024-10-22 10:20:29
d948f819-6842-437e-9fff-6920b1e95df3,Ngmmgaiclrl,2024-10-27 06:31:54
72891baf-c7b8-4b52-b579-291decc79337,Knrlymumhrtc,2024-10-15 07:31:29
b9d0d19a-e0c9-4d05-b608-f00925a13593,Sighkzrnsiioa,2024-10-05 07:42:45
ea094870-6761-4d0a-be07-0eebb8b22388,Zcfyhsjrpgzunj,2024-10-28 16:51:43
ccaef327-917a-4850-abec-af175ce2a862,Lwougfdw,2024-10-29 07:03:05
198ce9f8-a7d8-4474-92f8-0b598ac7d34f,Unnsawb,2024-10-14 05:29:39
0be9cf25-acb3-4d8e-b4a3-2ae56b575706,Jifslsqvwyfbs,2024-10-10 09:26:54
74635128-fc90-4c09-a76e-9e7c9c4c5a4d,Wbmrxy,2024-10-04 15:08:58
0a715b61-fd45-48a4-b16d-995d6e940a61,Tfccajulzm,2024-10-16 19:19:51
9fc63353-37ab-45c1-a2ef-583e8fca2a1f,Rrscosqhjtmdooq,2024-10-25 22:00:54
9de75aa1-57da-406d-b153-031a496e08e1,Mkzjrvblqxxwp,2024-10-21 17:19:18
941b1f61-0704-4200-9bdf-e8eb9e4d67f6,Jmqcodu,2024-10-10 17:11:00
b317d043-f61b-49f9-9dd4-c329a1c4bafd,Ajnza,2024-10-08 00:30:03
c3188cfe-1d91-4849-9543-f597e9e2efbf,Huthrrzv,2024-10-06 19:45:02
7eb73c34-f1b5-4e50-8d52-f007e8a7e4b1,Ugpkqfjufvfky,2024-10-26 04:33:11
ababb380-94cc-4747-a3f1-32bd8dfb0653,Lvlgtlk,2024-10-05 10:18:19
b10891ea-fd32-465d-8a96-5ae7a35ba30c,Aohtaosraw,2024-10-27 07:42:39
0266b1ed-d68f-4b54-a354-230fb1c693d3,Uldnhadi,2024-10-07 21:30:58
2618c678-616b-4c0a-9343-c9d4d89f86cb,Exkznias,2024-10-03 21:47:45
59984f76-a46a-40a8-8392-a8ec5df9e804,Tfrvoztuv,2024-10-05 22:52:19
95afd0dc-8515-4674-8057-e09af82da09a,Niwfowpnkh,2024-10-05 12:29:00
49f0a5da-7e0a-4a26-a40b-6c4fc4165ed2,Drpun,2024-10-11 07:12:29
9245dc02-f7ab-40a4-a960-9a18f5c929f1,Ehejayivahcx,2024-10-04 02:13:25
ce37bd82-8334-4e43-988d-d5241a93a96e,Qdnblzjzgjkb,2024-10-07 10:22:13
8f6862c4-8f9a-4cd6-8508-2eefbe98836a,Aumgxnenhnl,2024-10-19 18:10:53
38e99d4b-1393-4266-a7fb-73bcbfbb1110,Gwfnquqtsmkchvp,2024-10-22 19:33:20
8fe918d4-ffac-42bf-b487-aad1f2047abe,Axvmnywey,2024-10-08 06:07:27
fb9cf727-59cc-424e-b728-9588d8f46b82,Bkiwsbklamrs,2024-10-11 04:59:17
9940504a-f90a-42d5-9a06-8ffdc05ac72b,Bsdhqqqsvdnquk,2024-10-03 09:29:34
623e284c-abbb-4282-8e77-d1606530be85,Arhhmyabpdmdfg,2024-10-12 14:13:11
fb6bd4a5-9c82-4938-8c44-526ff1ee2802,Jqkcyojanyfell,2024-10-07 11:53:32
68e58cef-0de9-496f-95c7-31de300ac311,Voendd,2024-10-09 18:20:51
4a5eb4fb-007b-458c-aaef-19d0bd4917a0,Ktlljnoao,2024-10-14 08:01:15
b1ac8fb8-f26f-4d88-8702-dad3bf0d44a9,Ytpddjftx,2024-10-17 15:26:36
293ca7ec-0f0f-43cd-8e9c-ebae45a273c1,Ehycbnguloti,2024-10-20 05:26:39
0ef4b980-d444-4357-a735-ddccc508efa6,Xuxioe,2024-10-14 12:45:30
ef7c7025-8e0c-4ec4-a382-737252419a13,Cyltfj,2024-10-14 17:31:04
953960b6-5b40-414d-858c-68a1474a0505,Bnbnii,2024-10-17 08:25:47
5d2d25c5-4731-41bd-b1d7-1fa2fd5be41a,Yubxjbyypg,2024-10-06 17:12:35
221dd317-192a-4911-9f8a-2cae222b6dc8,Qtzatnkvzlaojjk,2024-10-31 01:10:11
a2ae03be-7d04-4efe-9e3c-08cd5ecdd187,Motsvcpphmtyx,2024-10-12 16:56:09
300984a5-30e3-4675-bb79-05b3aff55290,Fldfbbmanntga,2024-10-29 12:54:18
def0d125-c98f-4699-8462-fc1d90c6fc6d,Drchqpxsq,2024-10-08 14:32:36
4e4cec2f-5618-412c-bb88-46dc3a808914,Tjglvkej,2024-10-22 09:43:34
eada22e9-e936-4e9c-b828-23a8bec7af87,Habrgtqw,2024-10-13 06:04:41
73ff7fa7-c7b9-45e5-baf9-dcc7f57931f0,Kvekixh,2024-10-19 05:33:43
de647671-73d4-4494-8c7a-f83ace6c0a88,Ixbosng,2024-10-06 12:00:31
ddcdef3d-f002-4bf7-88e9-31714339c7fc,Mvzslfbyzfxlexz,2024-10-25 04:35:46
76ea3b3f-a17c-4c74-84dc-5b33f29f28ff,Tzfnidnnk,2024-10-11 15:42:47
c2832aaf-a0e5-4f1b-a14a-92878833536f,Dlpwjzfwtzzlbt,2024-10-07 12:56:39
dcf600aa-7d91-48dc-b2c4-065d60488e38,Axyrftvpahujok,2024-10-19 04:37:14
a9a4198d-4acd-4c83-8368-ec6da27dbeea,Euusnctpjjoawz,2024-10-03 06:48:41
d4d1ba44-fb65-43e6-a3f7-9d5b93c92fe8,Uckmqa,2024-10-11 22:50:53
5f9d0fb9-2cc3-4bc5-bed0-fa4e0d9e6920,Exgmnwmxfjaa,2024-10-27 19:08:18
3ce8d2a8-d9bb-48f5-9f7b-409bd911adae,Jxxxug,2024-10-15 05:16:31
cfa1f9d2-f237-4151-93d8-86a966f92b38,Nihqtmjahgvby,2024-10-05 08:15:58
2d7b67fb-1d04-401d-987f-41c068bcc87b,Aawewskcol,2024-10-05 03:16:46
677a702d-9155-4e90-99e2-774852d48d05,Qrqommkim,2024-10-30 04:10:24
040a522f-d5e0-4e9a-a098-2552fbd501f0,Yvpnmvxhwhdrex,2024-10-10 08:02:02
6b2b1dd8-7edb-4646-9bfe-36a465c93122,Ponplpgfwob,2024-10-06 14:38:23
61d55599-c5a8-4f3a-82a7-bd2d3a6c789a,Bzzrfskhdtppb,2024-10-25 17:58:46
a7673c96-0f39-4a73-88ca-1a324a0f8528,Nbimwnlkstno,2024-10-23 11:20:29
f23c339a-ea51-4044-ac7d-5a29a392d0dd,Ndvaaanzs,2024-10-15 16:32:23
dee1d07e-8f8c-4dd1-893b-5bda04668db9,Vdtssituhztk,2024-10-24 00:32:28
d9e7d99d-d561-4b63-9d7c-1ec1e473efa1,Zhjwifzriptfzyo,2024-10-31 03:42:42
b9dea2d5-7fed-4d08-b569-913bde3b8898,Pjmwev,2024-10-18 07:08:32
28699718-9ac8-46a9-81d0-7f2c4ad56895,Qugreiohkua,2024-10-16 16:04:23
073555b1-1f25-4580-b952-b51e2209317d,Zjvtozijwh,2024-10-02 21:11:19
36e75c35-3f37-41bf-ad61-e588dc326932,Rmolmay,2024-10-26 06:13:13
5bced0e7-f860-4186-bcdd-860a87733a74,Zargpaufkai,2024-10-18 10:02:19
7fca6f33-d930-4e69-b6a7-ee585022b6fd,Cglebhtqusn,2024-10-07 20:23:25
89c7e1e0-dfc4-4c34-9a0a-096adb1b2511,Gkmklkzzisk,2024-10-29 13:36:07
af021db1-6ccd-45c8-95c7-dac678152acf,Nsjwpwsbriw,2024-10-14 08:01:10
e3b56168-ee91-462b-9bd8-73b5c87e9aca,Pkjfauf,2024-10-13 19:18:56
48cf8ae5-d3e1-47a0-81c2-db0e49291a80,Lpnptpryv,2024-10-25 22:07:53
f92d9fa8-065f-4deb-ab8b-e3b2a5b421a6,Fkvpzvhqmn,2024-10-11 15:52:01
26689b3e-d9cd-4e08-985c-6a0a2a6054f4,Hknmgeyb,2024-10-26 18:02:37
60dc805e-0c94-407a-aab7-a823a14fb695,Diedgg,2024-10-19 15:04:21
93c1e2d4-fc4c-48a3-a85f-eb6e6c91e479,Xuovahqufdo,2024-10-13 17:53:59
57ca594b-f00b-4231-be54-08841763d490,Tfqmzovlzan,2024-10-08 00:01:35
46f72482-aa55-463b-9169-e241446179a8,Jxpmwoxouhaspzn,2024-10-13 18:49:42
1765266c-ba1c-4461-a8f2-ed60e6456def,Tjckrgxgybdpcho,2024-10-25 22:59:30
9ba03447-8068-4e74-ac3a-d39840bb9b80,Fukktx,2024-10-20 13:52:30
8062260e-851e-4e1a-9c07-1b5905d58b77,Cddanddigppmiul,2024-10-10 02:05:08
7660bd6a-2d5e-45f6-abc1-145e8bd00902,Fkuqokmndkqljo,2024-10-13 22:41:59
05784715-e2ad-4b5b-ad1b-08bbf22478f6,Synqyureocaqo,2024-10-19 16:39:38
ba49055c-b6a6-4501-85cf-109b3c8a1bbf,Smoqjxdccx,2024-10-13 23:25:17
b84afd07-c1b5-4cdd-90a5-299fc979e341,Dbtrcuomy,2024-10-13 19:13:16
e2c6de1a-8ca8-492b-b123-c34ce0909602,Asxaikbtttg,2024-10-24 10:57:57
844233d9-0288-4d58-bb27-aaa18155cb53,Zuzpncs,2024-10-20 18:29:16
8d2fd413-6082-4318-9bb2-4fb6e81e3e68,Awajxtvzntn,2024-10-31 04:07:04
f080bf5c-910c-4c81-9123-fee91ca41cea,Fdslv,2024-10-10 06:55:54
31fecdac-2509-479b-819e-1e4c6d594818,Qwzpz,2024-10-10 23:29:17
a09aa0ab-b93c-42da-8bd2-373e160c5f92,Pyuzdpwjsnogcq,2024-10-26 12:02:09
125b38e7-0f42-46c6-a3c1-95f06e6296b8,Heueej,2024-10-02 21:12:53
17709388-b0a7-4e1e-949b-44cefb11e4f8,Rzffdfioitf,2024-10-04 19:58:35
e74a1d4a-e9e7-4159-a26d-72075cf1ad76,Edsxicyzzow,2024-10-26 14:11:26
cc261935-ca8f-4c6f-95a8-4caad59c189f,Gbdhkuofmqdy,2024-10-25 15:29:52
b7a6c498-46a8-4ebf-ab35-1d6954b8f961,Czhcgze,2024-10-27 19:56:10
d7813a42-ea34-4732-8ad4-a7ab005397fb,Ibgmkfxflkqo,2024-10-15 02:50:57
35626ec6-161d-4060-bbcf-d10f9d7ab622,Ygfkg,2024-10-15 10:16:31
4a2ca00e-bccf-4373-8d38-3635914c0a50,Evclv,2024-10-02 08:32:31
fe5e1450-a4c3-4436-82db-aa768ccd4653,Xnylanqwvmc,2024-10-06 23:41:28
a4194575-c9cb-4574-bed9-952b347d6a92,Aikbzhinkkivgej,2024-10-16 21:50:21
43120c4c-c607-4e2f-becb-16c4c8727ce6,Fdbopsfxsiewhw,2024-10-24 08:18:41
c17ad709-ad68-4501-a5e5-27b56e5f8d2b,Pofsisqfynau,2024-10-22 01:29:47
429b1f51-55ae-4cc5-a911-205daab5610e,Yujzmaegdjgdhvo,2024-10-14 13:46:46
9acc63cb-9280-4d6e-82f4-b580ba7d26be,Hmdhkihabarsgei,2024-10-06 07:04:02
c0d2ff96-61b5-42ae-a13a-b8789b16854c,Zzwrsxczum,2024-10-03 09:06:56
2d109992-819c-45c3-bcb9-c44f9520dde2,Kbitplbjlon,2024-10-09 04:27:26
788712eb-8bee-4887-b97d-1512a7a4aad7,Hnqmi,2024-10-12 21:30:54
ad1ff8d5-d138-47d5-ba8b-db0c3f0d1083,Lelusl,2024-10-14 02:23:38
b405c48f-9d85-4da4-96f4-4820febc08d7,Uesfteyicfj,2024-10-22 22:25:57
c30b672c-3d49-4bb2-9c41-61456ab4be29,Qqdzilgstyvms,2024-10-08 12:21:14
dab0abbc-fdc1-4aa3-860e-55a1f750ac8c,Uxurtxiggvoreu,2024-10-12 23:11:56
27e871bf-53f5-4fa4-8474-420fbb994280,Nshdgszgj,2024-10-17 14:07:12
3bd73495-1c51-4bff-b8af-205b65be85e4,Ybapgw,2024-10-24 00:10:29
99d40f01-eaa3-4b4c-93cc-ced5d5c2de16,Gqsjdqhus,2024-10-15 18:29:15
cf7703ed-88c5-4557-9d5d-854e022bf5bb,Xkwniy,2024-10-26 07:22:55
779872bb-9502-40dd-9d3b-45346642df46,Jdhxsvfmwejp,2024-10-09 09:01:53
f39b01a8-bdb9-4511-b11a-d1fa8a7cab41,Eqmzgzivqku,2024-10-06 01:06:01
6e595635-7c49-4644-84e4-1b9299de1a74,Qrpjeghyhc,2024-10-28 00:29:00
f71f6572-5735-4205-a8de-70ed05db4f0f,Cahwsfnkmbvxgd,2024-10-05 08:49:11
51decddb-a48f-4c5a-9144-9696d8ec68af,Tiwkfqpllhiug,2024-10-27 16:19:39
2aab5b42-8a5f-4456-a88c-d535b23e72b9,Ceymfzr,2024-10-27 23:50:29
a09617d0-0f4b-45c5-8f92-f9f3729c1117,Asaacgdcl,2024-10-13 07:21:54
ff6bf86c-7c78-48b8-9e80-98087b5f5291,Ylmdf,2024-10-18 20:45:04
99bf6da2-5e45-41a6-87c3-295e14390dac,Jucbwy,2024-10-30 02:01:21
faa55687-4133-4b4f-b30f-14c43784c5a1,Fptehpcshs,2024-10-30 21:33:17
ac73f5a2-3d09-45d0-910e-beb80931fd57,Sdkfbnphqrfzgd,2024-10-29 14:38:47
5ee45996-da69-4fda-b64f-f9aa19f0d53f,Gaasrpek,2024-10-15 23:40:06
84557abf-55cb-4292-abb2-bcafcbe8f88b,Zusgsxboqq,2024-10-19 04:51:05
12561779-bbe0-49eb-aff0-30c43f25b747,Tkiizgqlktkmgv,2024-10-08 08:43:07
9cc8807a-5083-4415-bd4d-486af95ccc79,Nqisxvoxpmvsuui,2024-10-10 19:50:49
74267a30-54d7-425e-bc0f-39fd0cc2622f,Ghmddc,2024-10-07 00:11:01
9888db38-c63f-4b1e-ad83-26b590d02e7a,Tpwizhrmk,2024-10-22 23:11:14
a38275a6-a413-4515-9b9c-22c3f4ea54f2,Iitlinvshjfp,2024-10-01 13:49:28
7a0b3ac5-80be-40f2-a134-07701e3eeb06,Upwbmvfbif,2024-10-12 01:23:20
845a98f7-d110-49d3-b9e8-f81579d2fd57,Wyolv,2024-10-08 07:33:34
b080358d-1e23-4421-814f-b81cfd888ef9,Moejekriomnvtlk,2024-10-25 16:28:05
e8f8d989-c038-4622-9c60-0cd8018cfa9e,Zmgazvut,2024-10-02 22:31:02
57303cf3-1806-4d44-82d0-8717759f3a76,Aoztal,2024-10-27 16:48:58
5ff3fa53-f0d5-4672-b902-ece5c0b89a2a,Iblcowyikkhyuam,2024-10-18 14:20:02
f40d5e7a-e8c9-48d6-8de2-1cdbc000440c,Nlfyylzoyai,2024-10-14 04:54:06
f8e141b1-cd73-4a74-9a25-52445204d6a7,Crtbtasoe,2024-10-07 11:41:36
13f37dab-a8d3-4359-badd-7e2497d49e19,Omhbiyafr,2024-10-12 14:36:45
976d15b6-87ff-42b6-9eda-4425afa0f7d2,Rjcsyxqc,2024-10-23 20:14:21
1f040ce2-d098-4221-9cda-e251df7aed1e,Bftcbnrpem,2024-10-15 21:34:07
8cc9f873-35a0-40e4-b778-ad7c305cacab,Vaslirtrrkv,2024-10-17 22:16:27
9c8ece36-f349-4a04-9135-ca7c8b4c3940,Cpouyu,2024-10-14 14:06:05
ccfdfab1-6c98-40dd-86c1-576fc0f85c7a,Hroihejmjeqtyp,2024-10-20 21:30:44
e5a2f2e5-fcf4-49d8-97fb-270f15ad882c,Gozfsda,2024-10-14 11:57:36
07b1cc56-8733-4818-9fdd-90cafdb3256e,Symmdwooph,2024-10-03 16:43:11
30396e16-8b7f-423c-8509-7d2e6ecc4910,Tkeimcgewacmpah,2024-10-02 22:52:25
8e766bce-e1bc-4ce9-996e-97c7039809e3,Jefstamjlnzr,2024-10-03 17:40:41
24f26afb-33ff-4c77-ae0a-88a29d340552,Rlviorgxqibk,2024-10-12 00:50:42
2f9acca1-76be-4241-a68d-183d3681cdd0,Qtmptrkukf,2024-10-21 07:55:57
f25a9583-3dfb-40fd-8648-6eb88d9d3bf7,Aydqjpwoppjqnk,2024-10-20 10:15:43
d3b98b82-a980-4c34-aa8c-ced2a127b70f,Sfpjtqvt,2024-10-13 23:53:03
6ca3fd5f-16ff-45db-8023-593c56cca585,Cauje,2024-10-08 21:38:04
6a90d243-b838-43d3-b91f-7a27b9ff187d,Xfwkkvif,2024-10-30 04:05:48
7c17e40c-8f88-4fdf-a7ec-0c8d1d80d9eb,Xqapgglvnuh,2024-10-11 19:30:03
edd7aced-cb18-42e3-aad7-4d2def173c7d,Zgoqjqunwzdw,2024-10-21 15:09:58
d17a5920-0326-4baf-829c-3c3cda73f386,Hjnibccphsd,2024-10-31 22:49:04
d3b45a26-51e9-49ca-b6f0-eca411dfe6d0,Mjtioxw,2024-10-04 03:37:33
5bfbd565-111a-4fb5-8d76-5bf38ad7d780,Wfhevczlccndh,2024-10-10 04:37:11
7701651c-a1a9-4761-861e-11231003bb68,Nzkysdjeuj,2024-10-01 20:56:01
f47a7c76-d11d-4699-a956-744baef44d0b,Moegdbnafcsvm,2024-10-01 02:43:08
06ebaaa1-4668-4a99-9e90-9b2609bc0d98,Txsokejiusnebiv,2024-10-07 12:17:17
12dc28f1-1100-4bc3-ae55-9c53fa22495d,Hqltpawkasryndk,2024-10-27 12:47:42
82cfbf2c-43f3-4fac-90e1-db846703e257,Dhtvfedcnl,2024-10-03 17:04:52
5d517a34-355f-459c-baab-64b20c45d4cd,Widrrtul,2024-10-05 01:33:06
a5717213-158d-4f35-923a-f602b26625fc,Okrjmdwjko,2024-10-01 21:47:32
ebfa401c-0ca9-4de4-9726-7ffc1c30676d,Ixrvtr,2024-10-09 02:50:17
0d086a2f-4110-42c8-836c-8e650832a528,Ethmjoz,2024-10-29 05:59:05
ec18f349-c251-487b-9e7a-f9f2e51c4d41,Clbsdzijbo,2024-10-05 11:15:54
30cecd94-e0f4-4f8b-bca7-5f2d02d63ff4,Xyulgr,2024-10-05 17:43:21
0b78cba6-a5f7-4aba-aaf3-7f336b3e9196,Agwkergyvod,2024-10-09 20:02:24
882c8c70-6ea9-41e8-b703-0987c7f7911b,Ufcvwmabq,2024-10-26 07:07:55
e2a8795f-c3c9-4e2c-b829-3a9ff6a13719,Qgsxu,2024-10-13 16:33:22
96831183-df7a-4115-80e8-8a552dd8dcf4,Ruhyjlluxcbtu,2024-10-05 07:38:17
a850b151-d790-47ec-a769-792c1423dfa6,Uaesraznhbx,2024-10-14 20:05:25
d7263ab2-7942-4428-a2ed-9911b34bb23f,Lojcvfeiot,2024-10-03 18:28:55
44a735d2-1fcf-4791-824e-7c734d948a58,Vkkgcscha,2024-10-07 15:52:29
8e66a158-21a0-4052-9a09-4f792a72d1a3,Eyofbtm,2024-10-11 15:52:34
a73a1272-799a-42e0-b0ef-6b8d0d666190,Edoyhmndatqelqx,2024-10-11 07:54:55
ae40bffd-7c1b-45e1-b9c0-c5f7e89aef08,Jhmjiccvgvgacaa,2024-10-08 02:10:21
f13d2c56-bb04-491a-b4b6-5cccbd8949cf,Pwhyangbwwkfy,2024-10-20 11:06:55
f3776137-3588-4604-b7d5-cf7c27c1bca7,Oaccmx,2024-10-07 07:13:11
0068b944-36f4-484b-a6ef-9dcf4306ef34,Njwqn,2024-10-23 03:27:34
910c7e80-aedd-4a8c-bc3a-e6b4a4931605,Nevuwir,2024-10-01 07:14:56
ee265410-1d84-4897-954f-7be33ed71d48,Zagpjmz,2024-10-23 14:02:23
cb11bd73-3575-47cf-88ed-ab7514810dcc,Sliqw,2024-10-06 09:32:19
ce62458d-d2d9-4ed8-b7f0-0680fc6908f2,Kjlvv,2024-10-18 19:30:51
312c9316-8157-440b-bf4e-8d76dfef7f03,Wvliqwy,2024-10-23 02:13:26
68382ced-96a7-4ffe-8d42-c1775ba7ab80,Yopiqh,2024-10-09 11:09:29
614ca5e2-0b56-4214-a558-ccdd0395687f,Lekjyithgiszibl,2024-10-25 14:57:04
3880ad73-67fe-452d-8a2b-38b277163173,Dfciszfazeqehli,2024-10-27 17:35:21
7288c6c8-786b-40b7-a5f8-1c79cae8c8f9,Bdwqnvyfm,2024-10-23 13:29:00
b71645b5-9510-4e94-b572-a4936b6ddf37,Vkxusdnrhwfnnjc,2024-10-19 18:28:00
839a3bd7-37bc-4702-aeac-900edea8e793,Llnilnzexf,2024-10-25 19:21:00
ed1d6e37-ce3a-4a2c-bf90-0a0d8d7f53ef,Utygxiqfaqevkg,2024-10-15 22:47:57
5f294861-96a8-4e44-bd1a-13926076e578,Sjuvxnjnezofe,2024-10-23 02:49:07
ad6e065f-a618-4a27-aefb-fda79147850c,Ortjdilclahi,2024-10-31 02:28:23
16229cc1-0343-4b85-a524-6d70204a5d7b,Woildr,2024-10-07 11:54:14
7556a2d4-d98e-4054-9504-7412f19ca5b8,Pxwwa,2024-10-04 20:58:20
c29b0685-254e-4f26-a5d7-aadb54beae5d,Zzevvxvw,2024-10-16 21:10:51
8421afa9-9d61-48e7-b959-dd3271dc968c,Ixbofipwlzflu,2024-10-12 03:57:22
7e175499-4c1a-46f7-8cff-95e665722f6f,Bmjepvwianwzztq,2024-10-31 01:48:50
18e4506e-6393-4397-aaeb-1edc049c048f,Zcisqcxqdgi,2024-10-20 07:17:40
64360eb4-82db-4188-b62a-15e005f19e04,Zbcfuh,2024-10-11 17:24:17
ffab176e-f769-4eed-b60c-671cb96bb5a4,Fzvhryskazz,2024-10-02 10:56:04
bd11457f-0141-46fd-aa2a-d0cf631b0bb6,Ysiwndibf,2024-10-30 15:17:40
cf9e39a7-b2d9-431e-bd07-8fa728fabe9d,Tkbaoiham,2024-10-11 02:08:45
5894899a-c2c2-416d-8b3d-c9523281850e,Xdhtsbbrdr,2024-10-29 23:50:42
1cd54d21-76cd-4b3e-9ae0-db846b9d9aab,Xtrfmjhc,2024-10-31 13:36:59
7c9b5fc4-ceca-40e3-bfc7-2bfdc9bb19f8,Lssujhpr,2024-10-10 05:21:31
3eaec1a5-4709-431f-af01-cdbebbbbff47,Rnkjpo,2024-10-15 18:25:37
e9ce6c36-0cf4-4aed-85d7-5f2b823c7a0a,Nxjec,2024-10-24 05:57:11
9704bbe9-281e-4771-a42d-43721249c285,Yjqkeimbjp,2024-10-07 15:47:31
d0a59ad0-08f2-4f90-a38f-65f898a10d6c,Vqmma,2024-10-28 20:42:30
9482366a-a87c-4364-bb8d-085e593db6c4,Aklvobjpwywslka,2024-10-27 11:25:01
b794ff03-92b5-4049-82bb-06428c33ee32,Sjlgcl,2024-10-12 19:20:34
7bdca024-bf92-45d1-962a-62bf16b4d2a8,Qfzzhwrswt,2024-10-30 08:25:18
a36aedcc-7ed4-4661-81d7-c097e2308742,Cinmvuzdbwl,2024-10-12 11:40:21
07e33442-cc04-4044-8d28-a2f500aaaddb,Qtynunpcly,2024-10-29 21:03:04
215d971a-41bb-4988-8fd0-74bffdb1aa79,Ptbzklfn,2024-10-08 14:06:27
ba6c0587-a27d-467a-8222-b53c3ae9627f,Zilvhqvkwkkalf,2024-10-01 01:38:30
5530f1a5-af4b-4ff0-98a2-c11296bd609c,Bpsqqmucpfqzkf,2024-10-25 21:53:55
056dc56e-8a25-473c-843d-3bf9c2320474,Jilqyymy,2024-10-07 19:55:06
703b58df-b740-46d1-b0b4-3e60c6eace2b,Uigrwnihdnd,2024-10-19 20:12:38
7ffb3dab-d98a-41e2-9e03-bbbc8e454b04,Qcdopzwvtuiney,2024-10-20 00:48:15
d0b2b922-66d0-47b7-8bdc-f01f21ff93f6,Fbkyxjnrhx,2024-10-29 08:31:54
5ad2e71e-8162-4180-a195-9099be67c2e0,Yvvzqiwqqhri,2024-10-21 16:56:28
aec25824-ad48-476e-9a33-1dd9cc677345,Otlaoxtrl,2024-10-19 11:12:24
0b995ae7-bd7a-4c57-bb45-6083bb7fcbd7,Zoqepdbjkhtlsex,2024-10-16 20:36:43
41099109-6b5f-41c6-9cee-8d7949e933ab,Oeqtkaokk,2024-10-25 20:25:58
8212bfaa-d0ad-4dee-ae2e-9a835ca364ea,Egzihgzft,2024-10-23 22:56:21
1544b093-a96a-4f4b-be10-73c542925083,Duyro,2024-10-24 05:56:57
75384c22-4f9e-43cd-a8e7-e25612601171,Pehwtn,2024-10-16 03:16:56
0d8f3a3b-b938-4658-aa5c-90fe0b908dae,Ehfiaqubolsfio,2024-10-01 04:00:06
53519595-df65-44d5-ad65-61f09625492e,Qfyxvugfwuwj,2024-10-07 08:38:28
acffa8af-2e61-48ba-9e67-bf277ef12adb,Ahfvc,2024-10-18 10:19:18
06d2f6b4-6b46-4c56-b9f9-7a06bd6ad28d,Kiffufil,2024-10-17 00:52:43
601cabb8-53bd-407c-8f49-61fb39fa6db6,Ywxijxcesfkodrk,2024-10-28 04:14:59
382a5768-9938-4e96-8532-15b7e9300ec7,Coljiqrvz,2024-10-06 14:02:40
17d2f427-f672-4a29-98e6-803c98678278,Rggszhjxcvgvqqm,2024-10-09 22:38:32
cc0df025-1e14-45e6-9a07-a16e0d9d3080,Cqijtllbehakctl,2024-10-07 18:45:40
34b2948a-9cf5-4628-95e3-458056430529,Ujnapdtdymzi,2024-10-19 11:45:05
a1de76d6-96fc-442c-be3a-8c4e7a03ceca,Nxuimnng,2024-10-25 21:29:53
2ba5cb59-ec88-45a5-92ea-f0e102fb3001,Aorxzgcmc,2024-10-23 00:32:05
6e8093cf-cfdc-43fd-bf6e-1464a2ee7161,Nnwrnmesg,2024-10-26 17:09:18
5500813c-ebc1-4a60-a050-f247a843e9dc,Frttwkfmllbi,2024-10-11 06:24:29
3cf4f8f3-b3f0-4179-bd76-df8212341160,Lmbrvrqmif,2024-10-20 11:11:32
bac20f93-40db-46a3-98fc-882cca8563f2,Qlnuesfbvz,2024-10-17 06:49:34
7139e117-aea7-46b5-9eae-ff51dd70fdd3,Mfrpiwanrazuq,2024-10-07 21:24:06
f3b8abd4-5ca3-47ae-8657-7648a0bda73d,Oshxcarjbe,2024-10-28 02:17:10
613ca902-c9cb-440d-8bef-40fe4aa217a7,Wijonzrrvjl,2024-10-24 08:28:04
03516ec6-f0c6-408e-8a88-4860dec295e8,Wlhbehkvwj,2024-10-14 11:32:11
e90646a0-4f87-4f34-b787-c2c292d10905,Qpdcyts,2024-10-11 04:27:29
60446136-294c-4740-ae11-ad0e22c3c975,Zppcxpvv,2024-10-07 15:40:04
8cd6225f-d84e-411d-be3e-9d123f940895,Uebxauucyuocpp,2024-10-22 22:11:35
28c62110-b882-4eab-a65f-b1f39eadc48c,Vttfq,2024-10-31 13:17:57
9c78db3e-92b3-4e4c-ba44-a703f1e6b55d,Dycipp,2024-10-21 02:30:02
a4efddac-9a3b-4474-a4c4-1b3f0be88e02,Gtwiksnnc,2024-10-20 23:18:10
f393e7a5-f821-4f83-995f-3046ef8b8c18,Wcrjjexdziagc,2024-10-14 20:58:45
4f60adc3-1704-48ba-a46f-0853462c2f0c,Roumlszwfevhlk,2024-10-02 20:00:19
d26b67a9-f77a-4770-aaa4-288ea02b9c0d,Kyiradcspa,2024-10-09 21:11:41
890535f5-9574-4492-b558-d0eace127853,Vbmgattbdfjedw,2024-10-25 07:55:36
d801e679-9e19-4220-a832-2f41a331afcc,Vazndb,2024-10-30 21:54:27
283634d3-44ea-4e6b-b867-5486c9643795,Wrzvflnid,2024-10-04 04:28:20
a6bd76b0-2aab-4172-afa3-4736226e7938,Divtcfog,2024-10-22 18:31:08
dc0d7708-0744-4318-ab3e-d2c60e170f4e,Fmzbtny,2024-10-09 06:41:19
48ee03bf-a2a3-4da3-b126-4c1292ef20b9,Ektkzjaks,2024-10-10 05:16:51
55fc742c-9b66-4661-8cd4-434a527c9d72,Inwahuj,2024-10-13 04:33:24
59afa1b1-52d2-40d7-a7dd-b60df58ce880,Nuvbghfslnshy,2024-10-15 21:31:47
15eae713-d6a1-407e-afe8-cd74465ba977,Ojptfe,2024-10-31 04:33:43
7baf740a-41ba-41e7-9b4c-dc31eb341c34,Uechvklnyjuw,2024-10-27 13:49:02
48b0db07-7d2c-49ca-bd29-4d3a527497fe,Suduqyau,2024-10-07 20:40:07
f95ea1b7-1bec-4f7f-88da-43ee521ec6e0,Tloqffatm,2024-10-27 09:24:03
05f87acb-ecf6-4d73-9193-adc1379ae81b,Fbnqd,2024-10-15 18:52:41
67135944-1ce6-4253-b428-38111d6bbf9b,Grwlosxlgkmqto,2024-10-25 19:21:40
ed6eacae-14cb-431c-b985-c6830e426b93,Vvzktyftcizc,2024-10-03 00:02:04
dd5f47f9-5aa5-4bdc-811b-515d03679b49,Votukk,2024-10-04 14:05:58
6558dc7e-beb7-4c08-afdc-3381c9855ec2,Ahnuebodbvttttg,2024-10-12 00:13:16
bb7175f6-65aa-4338-b2e9-4a7f010f3d81,Qxvyemndygz,2024-10-22 21:39:25
7d5a2ba7-0b8e-4792-99e0-ca0c96f5c98c,Mogbrawz,2024-10-25 14:34:46
436482a3-4d5b-452c-822b-69233701a411,Udqpbqoaop,2024-10-06 07:37:11
d5dc98bb-10a7-41b4-87ec-993af24326d6,Qkzbxvz,2024-10-09 08:13:41
f351004a-bef0-4ccf-85fd-1ce2fbe934a4,Zsdrx,2024-10-19 22:23:44
d7feb70a-7274-47f6-b6b4-eb7584ec91c3,Muedwxoppdincf,2024-10-12 09:05:35
d2a27f39-e7ab-488e-b1ef-8b0d17970ade,Nqdsxgcyt,2024-10-24 19:22:07
cb2cee77-b6b5-42d1-a077-349775c224a2,Psoweigxpqdvi,2024-10-24 16:47:21
387b63b0-1b2e-416b-9590-2b090720c207,Mcchxyleagyjcc,2024-10-13 20:35:56
26e2b1e9-d1d7-4b40-9385-bd72a78711f8,Doelrxlsgg,2024-10-03 13:47:06
24af4669-8537-4242-b445-ada959792b5c,Sydiioztg,2024-10-11 18:33:19
7c9e5776-dac3-4043-b677-ab4aa76a88d8,Eelmpb,2024-10-29 23:22:38
155eaea6-c679-4a2d-8046-05cbff836d11,Qlkmtkadywbgrtw,2024-10-15 16:21:11
8735df35-3419-43e6-9dbf-4fe4000e3ba7,Jufupikdrg,2024-10-12 22:28:31
9eaf174f-92f5-43fb-b5fb-a99ccf0095f7,Cuedmewywyx,2024-10-05 02:07:49
2b23d5db-d3cb-4c0e-87cf-5d499995159d,Gvtwmcosk,2024-10-15 06:53:50
cdf73a65-454f-44cd-ab28-d41ce468d447,Qbxcrmyt,2024-10-01 20:15:10
88e0b169-9314-451b-a90d-a35952948474,Zgoberqdzg,2024-10-20 10:21:05
e5cb7d0e-a10e-4173-b0a6-654762ce5faf,Hajirbavth,2024-10-21 21:49:48
a07e4948-1209-4d6c-a9bb-172b2245f6a5,Txbgckybzowasmb,2024-10-20 22:17:05
5f675a43-9e8a-45ff-8fc6-deb687d7d7ea,Xrkntykng,2024-10-03 02:36:16
e6efb0d3-58da-4e83-8170-ac9ca7d8a45a,Fegnntsxryqo,2024-10-11 02:17:10
6368482f-a12c-4e59-806e-07ca2672a0f9,Ppprxvb,2024-10-04 11:36:19
cfda7632-c1ee-4245-82a9-5784c3f0e437,Ivdxdiephh,2024-10-21 03:50:21
2d09a489-b8c4-45aa-b378-e782499f7b79,Qvjdqp,2024-10-02 03:47:13
5a230776-636d-4dad-a317-955ed9d6f01a,Epbntwruhdx,2024-10-24 13:49:32
0d566095-06bb-4764-a9ca-e3ff942de507,Rjzclayikypuyer,2024-10-10 08:50:02
0110bd1f-be58-4472-8cd4-00b7309f423c,Edowfsjxflwgvt,2024-10-18 11:15:04
64b3b95f-e01a-4c17-813a-449cf5c86151,Atnuaevzir,2024-10-17 19:22:52
c941219d-3099-4512-91b1-48dfc937c09c,Otcfykxpqlbfytc,2024-10-03 19:20:54
7b2891ef-264a-4b3e-a5ab-88070ee9c777,Qmezd,2024-10-02 11:37:47
273d109b-e10a-4b95-a2e2-f35b8d1e7798,Kkkavtmukaldsfb,2024-10-03 10:21:10
50c96275-5af8-4fa6-9009-9d531ba051e9,Yagwneesln,2024-10-22 23:50:55
62541b0c-f5f2-4f21-a270-3b9d9fff0035,Fvumxpaarpsppyb,2024-10-22 19:59:26
a0c45a99-2190-4be6-b4e2-f1f1e346df51,Hivdqopsf,2024-10-21 14:10:09
3c58eb83-903e-4c35-88d6-bc2e5e850599,Jbcqz,2024-10-24 15:03:04
1c56bc08-74ba-40dd-bdf6-1d0be5f955f3,Mrnrzbicvcuae,2024-10-09 03:32:45
536517de-ffe1-4eec-9183-b1ab2b02401a,Ncdyblmz,2024-10-15 12:32:25
b643e630-9888-4ef6-9306-d89e880de335,Jzwir,2024-10-01 06:13:17
7cf72196-cdb6-439a-a9b8-a008f49caeed,Ubfoiaurwhra,2024-10-15 12:26:29
f8794194-108a-4567-8dc3-0b7cfa216950,Tfqlgqjq,2024-10-19 23:17:13
dbb96cb6-7378-4667-a694-2bf50fc820e3,Ymvcw,2024-10-20 05:53:04
99bd5b6c-46fe-4b14-a77a-0f4dfb7e923b,Whaxg,2024-10-06 06:36:47
b8bf4b35-5852-49a5-aba0-1424a6e786b8,Fhopofwgwbfy,2024-10-18 16:38:57
43443314-85d7-4bd3-945d-95d8b8a5bce6,Dqnljtsvvfukcpa,2024-10-19 17:56:42
adec49d2-f818-490e-8294-c04d288babc8,Kroekqfudv,2024-10-23 19:27:16
8583cbfe-2a8d-4576-a80c-fd8cf8940652,Qxfoymrjphsxy,2024-10-22 10:16:25
5ef474cd-76eb-4fba-9fcb-fef4ce623d64,Jinvu,2024-10-08 10:26:47
0fba91f3-4338-4ba0-a07d-d2f7c4aa74d2,Judmsvn,2024-10-12 12:32:48
756ac2ca-512b-4a09-91f3-8ec22f9ac99c,Slvxq,2024-10-15 07:24:33
3256fd2b-8074-4dc5-8311-fda48495c9a8,Xjpkzcslxvctcku,2024-10-06 23:34:15
020d1b48-00e3-4dfc-b6f2-863c1c1b282b,Ueaovwxuvert,2024-10-09 13:45:27
c4167ae8-da10-4053-a99a-70effc380daa,Gavsqyaywx,2024-10-12 21:00:04
91dd0362-de85-4b4b-8198-d9e8a9e12101,Eviirvlimsio,2024-10-07 04:55:13
5ef8ddb1-2b50-478e-8913-e6cef81d7b50,Lmhzsy,2024-10-12 04:09:00
1a7bf230-5344-4992-9402-c3a31682e3f5,Hcclsnikpzs,2024-10-29 20:06:28
0170ba09-3a44-46d6-aab9-f14a083093f1,Mwdtolqwhtvknij,2024-10-25 06:52:36
1eff61c8-5650-4009-8fe5-db8a52272db3,Jgdhunm,2024-10-27 01:04:48
eb1a7137-badf-40d3-821b-7c8266b55506,Kocavy,2024-10-01 00:06:01
e71858ac-031d-47ef-91cc-46e02c834a50,Oqyzoqixge,2024-10-28 12:04:26
27eae290-4427-4018-b5cb-70ee9ab3cd4e,Yojgnifhbqz,2024-10-07 23:40:50
eb870d47-d0d4-4d63-960f-1b838e430374,Jwzhbdtyqqvcuhy,2024-10-20 07:22:45
72d7498e-1c6b-46c0-b184-9cee16c644d4,Qbilsdrt,2024-10-09 03:13:44
2f135cf2-3f34-47d1-a257-0e286070fe06,Lzyjceru,2024-10-13 16:28:44
0b0fcdd8-c4b1-4bc3-857a-79ce5b1b7469,Ilcmf,2024-10-07 04:37:13
3d8a7031-fd9e-4299-85ba-775e62ea601a,Aekzsoxnnik,2024-10-13 00:50:16
c3acdb05-79bc-4c68-a158-5303f917a20f,Wbaoendyhjvx,2024-10-31 20:26:02
8585bcb0-c474-4859-8861-3d924d34740b,Yljwva,2024-10-27 03:15:16
feb80a12-a95d-4c83-b89e-f70c15b5a79a,Xujcdowenmb,2024-10-24 20:46:17
49abdd9c-4166-4870-b9d2-14fc153a0ccb,Xixfhft,2024-10-09 10:41:34
a9f8efaf-4203-45d5-b0bb-11c478d6c3b4,Uiexjtalmtub,2024-10-20 00:47:43
e6b28ca4-136f-43e4-b6fa-329c375f7659,Jggixqipipwmn,2024-10-11 07:01:37
578b1305-4d61-4359-9deb-6ff473cb2465,Cehojhgntvx,2024-10-23 08:56:44
5883b5b4-f617-4e3c-8a37-5f7b74c0f99b,Ikcsodozluidee,2024-10-30 14:18:07
b3814b8c-38eb-4d2f-9490-8de96444ef99,Jkulnifx,2024-10-08 20:40:08
6088b177-5cfb-4088-888e-0e9641566b19,Vmquyhiwjk,2024-10-04 15:07:32
9000e091-14ea-4dbd-8303-a0f7830f9de1,Ayjyryh,2024-10-23 05:03:13
cf5453ff-d6f1-4174-824c-05ff2e7e4cef,Rwyhwnaofcy,2024-10-18 21:59:28
f13cfcc8-c2e1-43bc-9d22-2fe7a938135f,Zliyakuvefp,2024-10-29 00:18:39
4f0c401b-92b6-4324-a702-b9f67e9f60eb,Kvapefowldnjom,2024-10-19 10:36:09
239c9fde-696f-449c-a5b5-735b7201696b,Igsoclbkyaqsxn,2024-10-08 06:26:08
b72247e4-49e6-4281-80a1-2eccbd644c38,Xnuvvcxvzkd,2024-10-12 12:36:27
79fa7e89-b0b4-42c5-b8e6-c205064fe101,Hvitb,2024-10-01 15:29:39
af03538c-bf5d-4bf6-a96e-ad0cf0b0a9b2,Ygkujwocacouyfm,2024-10-30 22:49:27
13b90993-2e50-4e75-9ac3-8dae31088dbb,Lyfzhoxzh,2024-10-27 13:04:33
e11424ad-6c34-4457-b358-5015b080b00e,Alvkytlhialojrv,2024-10-25 23:12:56
6be6afc7-f9a3-4410-8bdd-98df492cbf9b,Vpqtb,2024-10-29 11:12:26
d6767810-32f2-4a60-90a1-8780802dac25,Zipvu,2024-10-07 15:06:05
c92c1ae8-66c3-462f-9b3b-fbefc215994d,Jzcti,2024-10-06 22:57:03
a439d98e-e3e9-423f-92b1-a8824cb79ea7,Ttqyqsmeu,2024-10-29 18:48:39
4e071c7f-e9bc-464a-82fc-5055e79512b1,Jkxlrfrmrbwiq,2024-10-12 08:32:55
bd4d1de5-e8a1-41b8-8f0a-ae1af0e9643f,Gradkw,2024-10-02 01:05:10
86f57862-d99b-4b2c-9f39-e18a7ecdb0a5,Ozhndzr,2024-10-09 02:07:06
d60d344b-c2b9-4bc6-8d49-4434a21a4fd7,Zwolgimixbpdd,2024-10-14 22:33:32
65f34356-e859-401e-b45e-8e08931111ad,Jutxiuwxvubsa,2024-10-27 13:50:17
e2853802-5b51-4ce6-93f3-a8305ef8996b,Eaczo,2024-10-02 15:40:34
dec6194f-b99f-4a03-80df-b57c27becdfc,Rdtybwit,2024-10-17 13:24:00
65ed54df-e542-4843-b35a-7e3cfdac95ea,Qqormdbdb,2024-10-25 17:55:14
b2193c69-8f1b-4874-8d86-1d7f2fc1e26d,Qjsjgrzqfpmem,2024-10-12 22:58:06
ce597e42-773c-497a-8608-9fea5ffecf86,Roporsshuyiqg,2024-10-15 18:40:36
8cada92d-b51e-4649-8ada-dcd80a3752bb,Erqqulegchlvzsu,2024-10-24 02:17:15
d462dadb-5bfc-4104-9c21-0422f69f640c,Epwsyiykshhfzeo,2024-10-28 22:48:06
c634885a-4a73-4f7d-8c1f-c80dec805b56,Ufrsoylyldmplz,2024-10-07 14:14:03
b435527d-64bf-4d8f-9f23-84001bae25fd,Jtkcpkm,2024-10-20 13:39:42
7b34b32a-4123-4d4d-b2b8-9504467c9bd3,Kbfcyectj,2024-10-10 00:34:13
8970bf7a-2024-40c9-94ec-9baf5c4fed1c,Psxbmqirtom,2024-10-05 10:53:14
217dc604-4682-468a-9e60-50aebb6525a2,Laxhaio,2024-10-21 11:48:16
3fe06f4c-9514-45cc-9639-c68fb3be229b,Gllliklism,2024-10-09 21:35:32
ae7ad856-8bb6-4be9-8bcf-cb3927bfdb10,Dzyqs,2024-10-10 06:14:34
65c3b314-5262-4220-a680-482795028979,Cvrljfs,2024-10-04 05:27:24
c0fb2cde-efb4-4c98-a49f-d0397eca80f7,Jirpnnn,2024-10-07 01:24:45
55584b4b-3a77-44dd-92bd-18c1c6ae65ba,Khoqwti,2024-10-24 07:50:02
a938b6de-f598-4011-a8da-967db4eeee98,Cehymntzwwifcfh,2024-10-21 14:09:39
25bb8958-82a6-46f2-91ff-ed55122fadbe,Rprafdbv,2024-10-23 01:04:23
0170dfee-c0bb-4ef4-a03f-0b2e2fafeb83,Qtkahgy,2024-10-06 21:49:36
7fe9a901-aee2-4ac1-94dd-4744fa62ec27,Fqfink,2024-10-16 23:38:30
9956e7ec-0035-48cf-a6d3-23a0378fa9ec,Mbymwgtsk,2024-10-26 12:37:14
50584309-95ff-451a-b4dd-683afc26abc5,Wiubthjckf,2024-10-18 08:19:21
fd2dfca3-f2d9-4e99-a276-6cec2bc9125e,Hmfabjtkf,2024-10-31 09:06:45
53b6d292-c151-4e47-8a16-e197938fddd5,Gzbodmqugikl,2024-10-04 00:31:47
418eb5ef-efe7-455c-804e-b370a4069a01,Sczitovpuob,2024-10-28 14:43:19
6e1bf079-81f4-4b0b-8bd4-167e846ddc50,Ceoskbcq,2024-10-07 08:33:41
2652663c-329f-4b91-b5d3-35e870d78072,Jsslyneybupt,2024-10-08 08:26:18
25d4a9ba-23ec-4fe8-b447-69d9a1f9d82c,Aeasnds,2024-10-17 16:35:59
d01a0390-b249-4e3b-ab0a-c7f8b65acee8,Btmowyispoz,2024-10-13 00:02:18
a3a917be-2157-479e-b247-cfc99cd6eac6,Kjtsxlfgnxizxs,2024-10-17 18:13:33
f03849f4-e025-4e59-9868-f5920a3ae2fe,Gojljlvctx,2024-10-15 19:47:47
e9fa1e4e-9f75-4681-bc6d-82488659eb30,Fjmykoqqalvgq,2024-10-17 13:16:19
3a17a39e-6edd-4abe-b382-df3bd1035eda,Elywwva,2024-10-14 08:18:19
e1cd364a-3faa-4430-a0e2-addbf68bdae2,Eiydbtqsk,2024-10-25 15:29:15
dde8dd10-f105-43db-a817-e749ca605e08,Ffidxvhfvna,2024-10-15 04:57:03
98c3e9fd-0cdc-4a40-aeae-77f789f0ca1b,Ywwtztdsx,2024-10-06 16:42:10
47f09836-1c20-4898-9cda-e4e684c4589a,Rotyljmpldya,2024-10-09 17:13:50
912995ce-2d76-416c-83b4-0aed3d7f7339,Oicgwvsukz,2024-10-27 17:12:08
1f9c9e91-0de4-4bdf-8f76-d7d67a611508,Jnkwgwxr,2024-10-20 09:18:46
bfe4fa37-e67e-4127-84cd-ad33b25bb158,Rkejtwfy,2024-10-19 23:19:55
2c0499ac-30bb-4724-85f3-8d0649fda9ac,Cgrxcyops,2024-10-01 02:06:38
e77ed68e-b3ab-48d2-b68e-760d7101f595,Ugpvqnlz,2024-10-10 07:25:17
5b9127dd-71a6-4b02-96d3-932433af2f01,Ijumc,2024-10-22 08:29:40
e5b43541-ee10-48cd-a280-c75c5f149660,Tklznlgisjdk,2024-10-29 02:52:38
379d0679-e100-4bb5-af47-55b4bfbe799e,Ecfnkajozjisl,2024-10-13 02:09:30
73104a9d-bb64-4f15-959a-5d67d0b0a6ed,Eifydlohe,2024-10-22 01:49:04
f3b34091-81fd-4d72-879f-6f63758fd2c9,Seiyqedntn,2024-10-10 09:23:21
d5e58eb1-3b66-4795-a258-9521d24fdd23,Ztclryexgzxjf,2024-10-20 04:24:00
98863981-e48b-425a-b1ff-df3b3fccb65b,Tjtrqgxojimod,2024-10-11 04:35:37
1dc4429c-82a6-46aa-963d-89354722c5ff,Qzwoilril,2024-10-29 20:07:31
91dd92fb-64b2-46bd-8416-fe59ecb4f984,Bsqnoi,2024-10-24 17:54:02
c63ad46c-e5c6-43bf-8299-0ecca664f34a,Oviokzdnmer,2024-10-31 10:18:54
b9b7d869-7b57-40d8-9452-f11206fe9a00,Lxrwspvmdqukpce,2024-10-08 02:18:03
c9b6d781-96d0-4961-9596-bb1542ff69ef,Hqgordy,2024-10-19 13:37:04
1a90fbf5-2fd2-4bc7-911b-87486e2e0c24,Qvzikcnnk,2024-10-07 01:01:33
96a2af29-5ffe-4ee2-a142-20213497796d,Mpvvhmdjcthblk,2024-10-01 20:53:35
7aef8f7c-64f9-4946-9073-ae003c7b9d18,Bqfztztb,2024-10-24 16:52:48
73231aaf-154b-402e-b17d-28a593dbc4ab,Xpkvz,2024-10-14 22:48:18
edd2be7e-8cd4-4ccb-86ad-47138ec0702e,Rgazrgyjoy,2024-10-05 12:39:58
c0cf96b6-97c2-4f4e-b573-5f050b76360c,Avtwmiaudhtj,2024-10-26 00:25:54
b4ca240d-1e83-4aa2-9a8c-271b1d6992a9,Qticrgwj,2024-10-02 17:00:04
06b42d32-dca6-41d9-affb-f69c13fcf2b6,Tpvrawkxutldvg,2024-10-12 11:02:13
fbc2f795-04b8-4ea1-9c0d-b271c0389fa9,Vxrsusekn,2024-10-13 00:34:52
0732b43d-3356-4e62-904c-4579a1f58d04,Aosfigpidvqp,2024-10-10 03:32:14
cd8d0b3c-9d29-4ea2-aa3a-011760c58c3b,Zwmyjwgwqvksat,2024-10-10 18:30:39
b2af04b0-ec5b-4500-a555-f304e93ff829,Tajjcelj,2024-10-14 18:13:03
20240141-212f-4ef3-95a0-9b7fc7106d63,Ecownur,2024-10-24 17:14:42
9062908b-46bb-4e29-a21c-1c21f2490dc8,Colfrvwjl,2024-10-27 18:50:30
06ba5b7b-de98-4eaf-96d4-f229306c76c9,Bnnsn,2024-10-27 22:23:02
e38d363c-ff4c-44df-a0cd-fd1deada5d53,Ppjzjswognxe,2024-10-17 03:10:02
ebc7c441-fb29-4f5d-ba46-5ca96bfb3c59,Bwpxqiemv,2024-10-16 23:59:07
983bde7c-21a9-458f-b6ff-ef590617d8bb,Mlznt,2024-10-17 14:37:55
974cb9c9-f481-4ed9-bf44-40764271a0a5,Wieruhhc,2024-10-15 06:09:25
71ce0645-618c-49b4-b157-a40e909de6fb,Uxdqqfil,2024-10-03 00:47:19
bd477aee-2177-47ca-971f-7772065385b7,Wkjlrlkefytpbjp,2024-10-16 12:03:24
b7cf68c3-b9eb-4a2b-8ba0-e7eb186d26a9,Rwybe,2024-10-20 19:49:09
87db0bf4-71bc-4357-991a-aa2e747fce73,Etrqukhwg,2024-10-18 14:12:14
34df09f5-cc36-4dfe-9b9c-2c1d1d89d68c,Udjww,2024-10-05 01:28:20
edf672b2-6381-4e10-8e15-1c94efe51af9,Ossioc,2024-10-20 01:41:34
3c6e8c68-16e1-45ae-b738-e61b195be75a,Ixpgkycomc,2024-10-04 22:22:15
94f11d85-ee82-42c2-b94d-414a903552b0,Ndouyumuimtlkz,2024-10-18 07:33:21
14d4c8ae-6dbf-458a-ac46-6134b3c59de2,Tphlronnw,2024-10-17 04:25:46
5ad315ca-5b20-4af3-8d09-994bb52a9480,Twfdo,2024-10-22 21:26:04
2205cdbc-9cae-4335-9028-060f3c9be98d,Bcikjdhwjk,2024-10-12 02:53:23
0f90213b-ccf3-423f-be45-952ffa2cf81e,Zvuiiibtddhu,2024-10-22 23:02:45
0956c690-2e49-40cd-b798-dc8e8563eee5,Hiiqrbjhjkeyse,2024-10-22 01:29:43
6555814e-dc43-4202-b544-a18bb787ddd0,Hmqlsudtnwk,2024-10-06 21:33:50
3fad1286-df14-40a4-83ee-bdf4c420a230,Lvvstcbjfp,2024-10-23 02:55:31
f9fee53c-af30-46ab-bb01-654e6fdfcc00,Jvewslhglfmtjk,2024-10-17 10:47:48
b7d9dfbf-cfc0-4b6d-aeb8-243ce3cca467,Wcvwp,2024-10-03 06:57:08
4fd59c58-b8b9-4ebe-9162-57c8714bd68d,Yayskc,2024-10-19 20:48:05
793936c4-77ef-4b04-8fbe-71d319f23900,Nnbkbkltjlp,2024-10-25 12:32:45
70ab5ab7-1dff-4e2f-86d9-e08845744e49,Ecpzsf,2024-10-05 09:52:04
9bd8311b-8243-487e-bb81-e7755a4d2364,Luzqajjndb,2024-10-07 23:50:57
0c137c5c-57a0-452c-be70-5fa969b8e631,Vhgplhvjjbm,2024-10-23 01:47:02
54836a24-4167-4eed-8ca5-2d3f1d7c6ebd,Dzzmyofuubugjp,2024-10-14 13:52:32
e3008f7d-f7c7-4e59-8624-1af0aafe83fd,Zehtv,2024-10-18 04:21:22
e0ee660e-c6a7-42e6-affd-7bf3652b9944,Kmepkf,2024-10-01 16:55:29
3936d6de-94e6-4981-a8ea-e95ded505f12,Pkjqvojw,2024-10-12 06:52:16
068e636b-a27a-43c8-a1e6-1a52fa779b07,Bmmdprxerwptlgq,2024-10-07 02:35:33
91bbadb7-8f9a-41f8-8ba9-6fb96de29ce9,Jfmkctjtlqlipq,2024-10-11 06:46:38
a834b1ea-e9e1-4529-9885-8ff73b33d44f,Lsvpgomhtqsqaxm,2024-10-28 09:34:05
43142262-8c96-40b5-b18c-6faff63b99ce,Nfacwndumg,2024-10-24 19:18:28
2fdd79be-31e2-4a6c-a3de-8dbe67f142fa,Cqnbxiwibatgqhj,2024-10-12 17:54:19
4c16838d-89ea-4aa8-8c66-ac4ef2c52321,Wsujdo,2024-10-01 11:40:22
dfc4f8ab-0e17-4c60-a66b-af2e781faca8,Momxhywbgp,2024-10-30 08:13:37
13de9bb1-9a00-4aa7-b8b1-117047011666,Auxmdezppbxnscx,2024-10-09 19:23:39
8a5512b6-25a7-4018-871c-68d16e68c3cf,Rhqdiv,2024-10-22 10:06:59
3a8128b4-f5d9-4947-b153-6c48bf000772,Duhjnx,2024-10-30 14:55:37
f669c56e-024d-4bc7-8e21-05541012d2d1,Kmthcz,2024-10-19 15:15:29
b8e60364-531d-496d-b830-99d99550f884,Emqsfky,2024-10-05 18:07:14
a1579d2d-7fbc-4f17-907d-7ec4d5f0b520,Cillgd,2024-10-14 10:28:29
55ea6990-4e85-41b5-8a58-1d5d6bf157a0,Cchlcnwxudzcnq,2024-10-13 18:40:17
d0088f31-4851-4a7a-860e-a90b310a9f53,Ngfhnefiepqxs,2024-10-11 19:51:25
dd141bae-7cf1-47cb-85eb-6ad1a390bf77,Yzialbnkhgawffh,2024-10-15 17:18:20
2331bae9-9e6b-4d2d-bdd8-5af64515bc41,Pmfqkqpcpb,2024-10-19 07:03:57
5c79ec05-6ad9-4740-812c-7c56875a1952,Nzxuxgskv,2024-10-23 05:54:31
339ac4e6-aa70-48a6-866e-4610f7563c85,Gpobkbr,2024-10-06 09:19:34
a6378e4e-fd54-49b0-9fe2-599a32ade02d,Dillhrkli,2024-10-22 16:43:58
88a49877-c4f4-4c82-a7dc-12480ecfd0ee,Tyxhgx,2024-10-13 16:54:36
14ceba6c-b079-467d-94e0-870c6113951f,Jtblwghmweq,2024-10-21 06:04:13
5de083da-1478-4f59-8299-6129214549a8,Ihvtors,2024-10-25 22:56:20
30155633-d890-4de1-8c02-496d52544d49,Hygqwh,2024-10-25 14:28:21
95299eab-b99f-4d2c-a41a-05ca536e2065,Yfkqvjatrrn,2024-10-18 08:59:26
f6a8489a-616f-4db9-9b10-1cf6ff2dc5c3,Bomfpkxa,2024-10-13 19:43:27
06ec4239-659b-44ea-8ecf-778729771db1,Wmreoeqtnakktl,2024-10-22 03:20:55
255051f0-9587-43ee-a5c7-6ba6081abef2,Qvqogtvfd,2024-10-12 02:32:57
c8ebccab-aae9-433c-bf46-94f51613a7b2,Sndswduw,2024-10-31 19:33:01
8a563234-ffb9-4d04-be81-979e8ffa5ca2,Taucrgacnlcgkly,2024-10-29 16:58:40
3eade863-d54e-4d57-aeaf-a1ee7969baa9,Ivktteov,2024-10-05 01:32:24
bc0b67e0-a194-4fa7-a0b4-245332dfc335,Rtrgfqydy,2024-10-31 18:31:00
ec823768-7b28-4bd1-9740-cd5090d190f1,Pnocrjf,2024-10-14 12:21:21
7530a1de-13b0-4122-8f10-3f06689685af,Tvyjdcualauwqpk,2024-10-17 01:20:29
d890443f-aad7-42d0-a848-50a777a06db0,Bzrfo,2024-10-06 08:21:02
69e56636-a11a-4589-a700-3a9b5b8df19d,Gkrvysqlcpdaug,2024-10-04 04:43:19
fd979ce7-8996-48a5-a5fd-63ddc62acc7f,Ejfxffvr,2024-10-26 00:23:12
9a3adce1-7801-454f-ac8a-081ebfaed5a1,Iqlff,2024-10-03 21:28:20
d48e15c3-d059-4078-852a-4d0d8e036077,Ueaqtiqpdlwlp,2024-10-02 07:09:19
ae12c7eb-e541-4c21-93c8-614d1e7f80e9,Ageaiuyiv,2024-10-30 23:07:07
3e9a57a6-39b7-433f-85dc-a91468f36158,Tpimqpvadchvino,2024-10-16 01:46:50
c14e02ce-62a2-42de-a778-16d43f29bbf9,Hpsonqtrdjwt,2024-10-16 03:56:48
312c4d77-230f-44f3-9631-0a0fedf64a6b,Ethtegcnbnpe,2024-10-19 16:16:53
903664a5-9737-4930-bed1-feb7b93b8a91,Tnlegqffmpjrnwl,2024-10-13 05:17:07
facaaf67-f2cb-48de-9bde-48bc18b0ba1d,Tewnbzagcsb,2024-10-30 14:12:14
1eeb7594-8375-462a-b3a8-9aec3ef1f264,Ugvczepcfruli,2024-10-01 15:21:37
ca258964-14b9-4d26-8712-24950632694e,Cconcoqmmwxljcu,2024-10-05 23:06:13
174c5be5-5ef3-411c-8c3f-3f14fbfbccd6,Xjqculjiwjhft,2024-10-27 03:51:59
461f5451-6927-4a38-a742-fb43d1e9bad7,Ajdxuzxhkr,2024-10-16 21:32:30
8dbbefe9-ffb6-44e0-b33c-41b02c9683c7,Zgwooukzw,2024-10-29 12:55:36
322983d1-a2a1-46f1-95f2-9a0e265041d2,Tfdqreckxcz,2024-10-27 18:22:24
08f707e9-8c8e-4d0c-bae2-ae5c7fa38945,Uvaybqa,2024-10-05 12:20:08
ed8f5dda-3e22-4e2f-a78a-7017a07ae847,Cwyfnjlxtxtsek,2024-10-16 13:38:34
5932dfd0-6d44-4ca5-be69-661c2bd32ec2,Tjmmkzjqhen,2024-10-13 22:10:54
4f1817ff-c536-4494-9154-504fae72dab0,Rejmzymh,2024-10-14 19:21:59
f88add47-ea04-4dda-9289-eebf36e19dfd,Dngdrznf,2024-10-25 17:18:16
ab9ca26b-980c-4aad-bab4-1f4f05b0b86e,Lcuneljgaubdyj,2024-10-03 14:20:58
30428424-68a6-406f-97be-31100006e6d9,Nffgtumpmxsbpbv,2024-10-22 08:55:10
ca50d4a1-76e6-4874-ac0e-eadd2855836b,Mtbjnqu,2024-10-17 11:10:39
29241b3d-bb07-47e4-80c3-ff18e15d7a67,Tdhodmhkazeisj,2024-10-13 21:33:42
c66d68ba-8588-4cf8-b123-1e0c2887d476,Ffwgzhucneqxdu,2024-10-03 11:39:56
cf3ffd90-f372-4abf-873c-caa555b50238,Hrqzlva,2024-10-12 13:44:00
30b6f531-b8f1-45fb-857e-c02b991b86b1,Bfsbhyiamb,2024-10-30 20:20:42
afcb70b1-e141-4446-ae31-09c438813d54,Eiuutwtxgqrrt,2024-10-05 00:30:21
c94789b7-1de7-4e69-8437-c636b946ecef,Zkoah,2024-10-06 14:53:11
32cd808b-b4ac-4664-9898-66d3d0655396,Cqnrjius,2024-10-30 06:40:43
fc4586dd-6a4e-4ebb-9f13-2ceff960073d,Hqqhblowtevo,2024-10-05 03:49:37
3a11a10d-9247-4026-8e2b-9374fd054e53,Wsmztev,2024-10-03 00:58:37
e8e0468f-7ba6-441c-ae17-50d4ac717ac5,Dgmbo,2024-10-27 09:28:45
62e9b8fd-fa8d-41bd-9abe-a5c9fa79a5c3,Ootyshfsdkf,2024-10-01 15:48:49
3ab87b52-70e2-4ad4-8d05-c282640a21b0,Lcenvjis,2024-10-10 10:36:55
e6ff9e63-f8fe-48b8-b9d7-742bb3fb78be,Rnyspdfq,2024-10-20 06:49:13
f6f10b65-fd4e-4485-8c99-27bd2d558124,Mwgtdezyvpb,2024-10-09 00:33:44
1bdfe2ec-d49b-4c6c-882c-746f2663ca16,Heibuqaqfgrxct,2024-10-31 06:32:21
32e508a2-6d67-4c08-941a-f55c2adc2abc,Eivyejs,2024-10-22 00:47:57
15c87bdf-68ce-4d2b-8acd-188abf1c5c55,Esmdsnqvhnl,2024-10-12 00:21:31
551ad832-ba59-4b72-bd44-bc6a4c031eda,Hvazrmdyt,2024-10-22 08:52:54
88cd0166-c37a-433a-976d-d9ae5345f19a,Uyszmtj,2024-10-09 18:17:02
2de4423f-da60-4e95-a92f-9ce990875fe2,Znksp,2024-10-09 17:12:22
280650d5-dd26-41e5-a5b9-ef3f59346c38,Esojbg,2024-10-04 02:36:04
e96931f7-9db0-4bf5-8fa8-b6c7f5b26c92,Vfmih,2024-10-28 17:32:10
9565398c-6fa2-43fa-9509-37392016f916,Usbthzt,2024-10-22 01:10:13
af9804c3-7df9-40ac-9cd3-3817b9d5a7de,Rahpdiahmspfz,2024-10-16 04:53:12
bbbbd8c8-3b63-46b0-8250-bd3453412104,Xsaqrfopogxj,2024-10-17 15:17:18
0bb5bdd8-a122-45b6-84aa-a10d92e7ba97,Wbkore,2024-10-30 21:49:26
040a0551-6a86-4ac9-84a9-6e37952f49f5,Jjvtmol,2024-10-01 07:26:33
7ae5888d-e20e-43af-bfec-7afc85113d26,Cjcpbyg,2024-10-10 00:29:59
27ef0e73-2e70-4c6a-a7f1-f2224aecc54d,Cyfhebulexy,2024-10-22 10:17:29
9c3275e7-0144-42bf-983d-06439fb516e3,Sfnmjjitkzlmog,2024-10-31 23:37:18
a903015b-26f8-4597-80c8-992a3753deb2,Hdbowt,2024-10-03 21:17:07
e5885d11-bf84-4dca-a945-d556f0c83a78,Jqdfr,2024-10-15 07:14:49
957106df-9835-4163-8f57-fc6e314a6f2a,Yhhpid,2024-10-13 15:07:07
2e52b504-c1f3-4461-826b-2f86876fa329,Pntvvuywrqizdtf,2024-10-15 09:19:42
bfbeca10-3816-42ae-9d26-94e40f3e18e2,Urpvwiqbdq,2024-10-05 15:03:22
83e85d68-6291-4b9e-9184-c354c7e84259,Gdmboggcmsxiw,2024-10-01 19:16:35
60ac516c-a0c2-4922-82ba-6ac97b13f112,Bbzrnmfrtzbkpz,2024-10-10 23:09:29
d392eb47-24bf-43b8-9651-ae9fd1fcb5a4,Mirvojfqzvk,2024-10-27 04:52:22
71fa9021-fe34-4141-9105-dc746ec01088,Xegjvgur,2024-10-29 23:59:09
6213f4aa-f989-467d-baea-6dbc22f21a02,Fhyhqqp,2024-10-14 22:42:06
c6c37e4b-4fd2-4f7a-a976-2411764e854d,Bcmqshowrnku,2024-10-08 17:53:33
c769e892-609e-4453-a9c1-d124619ea451,Qbpsgugvi,2024-10-02 05:08:41
69886ddd-b8ac-40fc-b2cb-62cb45b09d54,Rghvyexpvb,2024-10-23 13:23:28
e45f7a6f-6f58-4623-898c-b7f4799fbe3c,Kwdwoaxe,2024-10-09 16:23:59
6bff7ed0-47c4-4f35-a043-404800181b7c,Yleshchpwghn,2024-10-03 16:31:22
649e1c2d-2465-4507-95f8-719e9265ca9c,Icfmqt,2024-10-16 13:25:14
7a42fdba-428f-44f6-af1b-c6c4b0604d63,Uvgfmipcf,2024-10-11 13:48:37
145f428d-e00c-497e-afed-37df4b10b6fc,Pcgqz,2024-10-20 01:21:11
9f340648-7092-4f59-8a9c-f0eb77751654,Fotjhz,2024-10-22 14:46:25
b4531f2c-9056-45ac-be92-e4352af7122d,Ijigfwlz,2024-10-11 09:22:09
1d1bd7bc-8849-47a0-b78e-1e4de5d3ea05,Pkywvzuk,2024-10-14 14:31:42
2f61edd4-a129-42e2-8f82-a2aa93b021c2,Kcqwuzypfemcva,2024-10-03 09:17:32
872f41e0-1d1f-44a0-8d14-6c576697659d,Gylclfdjmzsj,2024-10-20 02:31:42
e55b0c42-0113-4acf-8a28-79014e59fdc4,Mwabnndspkwtdr,2024-10-16 05:53:10
5d02fc15-c774-4ebc-8ef5-0847e7e46f81,Tkudxrkdlhwrqj,2024-10-18 22:34:16
fde0268e-8d43-4a53-a471-f6570d2f0d95,Tkflearplsh,2024-10-13 15:04:10
7ed5176e-3156-47c6-8d5e-10f4829f087c,Jmhcgnpgtzgo,2024-10-29 18:31:07
c1e2fe26-6b80-4b90-9bb8-79e9c56550c2,Gcntrsciueg,2024-10-17 20:55:47
eeb424b8-1dc6-4dcd-83ab-03e381f87120,Mwudz,2024-10-14 15:19:22
9a78401d-a232-4ef1-ab6f-8404ade9ab1b,Fhwmijd,2024-10-22 08:48:40
9be3a590-4ea2-4bc1-b939-678726486531,Qdxxmosbtyy,2024-10-23 21:12:47
0b3e3570-085a-401d-84d2-13b35d8f2cd2,Rsvdhc,2024-10-25 16:59:28
cf5a4376-84dc-4f29-8f34-ff88fb95d9fb,Mgglb,2024-10-23 12:01:13
d34b52c4-ef41-49f2-bb3f-306d0b04ba8c,Qoompyyiqpk,2024-10-11 18:40:38
18ecc071-305a-4dc3-8ccd-6ef5e73e62e7,Fhdiisw,2024-10-15 22:57:30
757a7dc7-fa65-4a10-b1a7-4a385b7382f7,Bskbtlu,2024-10-02 11:33:26
612feaad-232e-49fa-b5ed-0a62553d7268,Cvosudwrbixwq,2024-10-01 06:07:07
a687fee6-6f0d-4780-9128-05198c53de8b,Ywnnmjxsd,2024-10-21 14:51:07
671c397a-1611-4f8b-9237-3ad0aa1eeb3d,Hyuxarcfm,2024-10-31 12:59:09
08aeb058-6cdf-4845-95cd-4d2a3a8bbb0d,Uqaejouzeogr,2024-10-29 21:30:25
3383d835-4a13-4c0e-99ab-611db37a9eba,Pjeap,2024-10-24 11:51:51
b2b73083-9d49-4ab3-8ccb-6971d5160098,Ruqwcbodygahpks,2024-10-16 09:09:34
70df6bfa-cc34-4d3f-9f0d-7f5171e5d5ed,Ilrgctzoq,2024-10-03 14:07:36
9821c371-bdce-4fd6-8e41-be00e147c65c,Rxadgaome,2024-10-17 01:18:41
162d0771-2e20-448c-8d3e-6ae2db7d34d1,Qnlcb,2024-10-21 15:00:39
dd325b33-b823-444c-a85d-864381038047,Puckx,2024-10-31 14:42:09
c5197907-dc28-4a33-9cb4-7508c7b70855,Tmooc,2024-10-25 18:15:58
61694e63-e7b5-45ff-b179-2b5ad373855b,Wweoano,2024-10-09 23:49:37
085ef7a1-c83d-4a75-ab6e-7ec538ad0a23,Mtkefrsjllvlfrp,2024-10-24 13:52:01
412b7004-71c8-438b-970e-094119bd146a,Dysvcfzdlkzf,2024-10-04 01:45:20
a650f730-247d-4442-bf67-4a972868d523,Cltabltmmsv,2024-10-31 12:02:37
7d91c79e-425c-4d2e-9e5b-bae8c439ab08,Wprkxx,2024-10-30 03:52:03
6d8f3205-9e7f-479f-881a-87e3fdfb177c,Vyneguhf,2024-10-18 07:01:03
049a188c-2256-4012-b66a-67ae8b4b52f7,Zsjcsip,2024-10-04 09:47:10
1d8a625d-9925-4f5f-8dc7-db78ca0579c7,Nbwhejihxlg,2024-10-12 15:03:23
6aa862ee-82f9-442c-9f70-fe59678bcaa7,Msrgbbykt,2024-10-18 18:49:10
0415b246-0b5a-4e4b-a773-937a43fce72f,Pzxmmgapvx,2024-10-09 21:56:53
9b297b4e-1325-4040-a09b-9a57b303461a,Paxocxodz,2024-10-19 01:09:19
6be7125a-4109-4d0e-8c6c-ec39b8a0d1cb,Btacdugeactg,2024-10-19 04:18:53
01e26d79-491f-4f23-a708-db9305fdcc5b,Ummkokf,2024-10-14 09:23:25
7f467105-61ce-4c4a-8abd-fcfd8aea765d,Amiqqi,2024-10-03 17:08:24
2a841f28-912d-4dba-9647-e85ae85b48fe,Tstlfpxfb,2024-10-21 08:18:04
6794bb36-6a62-450e-9a7e-145ec7ddbe2c,Biklmimhh,2024-10-11 20:52:35
9caf3914-4c6e-4cb9-8c16-058abb2f8dbe,Rtjbhnjyebbuyt,2024-10-18 13:56:19
375d794e-9352-47a9-813b-9a80c15b50af,Jhuqavmcy,2024-10-20 15:09:04
2b4e9037-cddb-499d-a49d-c644fe425cac,Nzbwck,2024-10-28 11:19:33
0b25a99c-5f83-4021-b5dd-ced4ea39c612,Otafonrotd,2024-10-24 20:15:55
0b117c1a-dd56-42e5-b56d-3f835b68e8af,Jorpazdemkxvvhh,2024-10-17 10:21:49
dfe38053-f71f-42fe-814b-4a52f192c3c8,Lfpvgb,2024-10-09 00:40:14
5c89afd5-9f76-4fdb-ad0a-a57996659569,Nttslaklidzpvaj,2024-10-27 18:56:24
897a6bdb-5f18-4dfb-8ff2-e221b84e8443,Gxlrgpppvqfz,2024-10-30 14:55:36
528a73a5-eaa2-4bc8-bf79-54f7021c418c,Kugdrudj,2024-10-26 08:07:09
acfe11cb-b495-41a1-896c-25b674083e10,Fzkzgztrfcm,2024-10-24 23:40:13
9d8c3623-418e-4d51-807a-12d6fa899275,Fdbnhnbbrqc,2024-10-03 17:02:49
69ba6f75-101f-4127-a9a7-16312be2593f,Nqzzubj,2024-10-18 04:57:23
0291e68d-e5a7-4a4e-8896-6c67873e6c65,Pmoagasdtevfveg,2024-10-20 00:14:39
9f4a8507-3cde-4322-8d12-ed0b0b4f3980,Pjjyhepbfmcjp,2024-10-28 08:33:24
0ed4ddc8-5672-44f4-b015-957f0cebfe57,Iigie,2024-10-22 17:18:29
4c81bf97-0c11-4f82-b6a4-7737ce508a18,Zzyzvfnxinmujqh,2024-10-02 23:36:05
f776ff12-2232-487a-8af5-b573afe0f501,Pxnovws,2024-10-28 14:42:23
989cdf8c-a4c6-4855-afba-71fdf078e3b3,Qahwaylyzyid,2024-10-03 07:29:19
d10c145d-7dbf-48d5-a2b3-6c17d7c67701,Jzhiqk,2024-10-12 05:02:16
82d49625-88cb-4fea-b419-ed79be1ab4a5,Gegkvkitfk,2024-10-16 04:26:19
99e39a10-43bd-42dc-afda-e9566f60b555,Drwefuiyzdmqji,2024-10-17 03:38:16
ade9a24e-650c-4286-868d-91035a6034cd,Mlrtrcejeohx,2024-10-19 20:32:57
2cd3462e-0f06-4193-99d5-dfb2bc31d6e9,Mtkxcsp,2024-10-19 06:16:23
de5112cc-4eb2-4d3c-bb46-614f0b1fb7eb,Ermrmbkfydbiwe,2024-10-08 01:56:58
fc57115e-4060-4d5b-b89b-c8029885c359,Zpnfo,2024-10-14 00:06:45
23ba6374-b2be-4650-b621-244ec4d84e06,Nxalisb,2024-10-20 20:32:34
0f581632-bdf2-4a4b-92ae-4fc1e90886d0,Vktrast,2024-10-20 09:03:57
700aa6bc-e77f-4dce-9ab1-46c7e31d8606,Ozrkukttlft,2024-10-18 14:45:42
80e555c1-d602-4928-9a17-e0b0a0431da2,Oytnwiwg,2024-10-28 10:58:04
7d1e82ea-cf71-4ad1-88c7-fbb832b037d2,Qrxbeuuldcjezmp,2024-10-11 17:28:28
3fc3f07f-8fcf-4c2b-967d-75583fae0fba,Qcidbaajcy,2024-10-23 17:49:30
9ddc85a9-55b0-4592-9e5c-c6bfdbc48d9d,Phlindifxfupxfq,2024-10-20 23:37:16
ca844c05-1f4f-4bda-ac34-041b75a7e6bf,Dnwcruiemxcaiyk,2024-10-22 06:56:52
a773d60d-3380-4857-a655-b796e9a1f912,Smumwmff,2024-10-23 03:28:00
937443ba-d4c0-4697-8cd6-5d640c46cfa6,Ibppgyifc,2024-10-26 00:49:54
00cef377-4340-4ed7-8116-ad546df70ed9,Ebqpolqp,2024-10-20 13:59:01
64f9bc6f-03e5-42c6-a2de-f00830d3d46e,Ilpilfjlwqs,2024-10-01 22:58:42
2e5ecc48-6265-4acc-9c37-a08298fd4b18,Eonabi,2024-10-05 21:35:58
31ad6734-816f-44a2-a949-66f58f185611,Vkzrpodire,2024-10-29 09:46:28
9dcde741-0fa8-417b-8756-ab0e2d06cdba,Duyhqdbco,2024-10-31 21:17:19
a5829440-1b39-4c4c-8469-e98ce860891a,Zgoxrzjiowucnqk,2024-10-19 20:58:26
1915401e-6142-40b7-87be-51395a27d606,Txpoygwzibhfqak,2024-10-21 17:29:20
99c6015a-889e-4123-97e6-06ab16fbacc1,Ggljxuv,2024-10-20 00:44:04
9b5bd382-dec9-4af5-b3c9-12ca2fc6257d,Bwgaronvskuwfgb,2024-10-23 10:32:32
caa36c02-2a2f-4be3-985e-d577a2fed146,Kucxsrv,2024-10-09 23:59:03
d7484b0a-9dcb-4bad-a661-0b0a2be3181e,Nlfdjyamwovhen,2024-10-20 14:21:46
b35ad48f-78cd-46b6-96e3-dc836ada49d6,Vxgqmcb,2024-10-17 09:00:56
da4bc746-ff5d-475b-bb06-d007343ac565,Lutcxfqys,2024-10-25 01:55:08
e35a6f25-5e09-4fdf-b44b-3b46f7cbf0ba,Vvgvvmqy,2024-10-06 01:14:36
2292db8a-1c16-435c-a15f-f81f6d2d969f,Hjnihko,2024-10-16 15:26:27
f2884b93-e593-4168-95c2-a0a991ef2bf2,Ycuwffxtmgq,2024-10-20 04:45:22
60580198-35cd-48e6-8f81-7c44a94651cc,Pwscxcpt,2024-10-10 12:50:14
a35bfe9e-8ccf-452f-b3f2-d64edcb7cff9,Ndroiradj,2024-10-28 23:19:59
56bdd20c-b2dd-4b8e-b200-50cf89c99afc,Gevsqpbccj,2024-10-05 14:02:30
d4bcdee2-c132-4938-871a-4c967e005505,Lpgbdcvfgkb,2024-10-31 08:01:50
8d1ad15a-cdd5-4a5f-ae29-19717e3b92ad,Adtmzixixm,2024-10-10 01:07:22
69f274fe-89f7-45e4-80a5-1ecefe91724e,Hccpgmb,2024-10-20 01:13:29
beca5ef9-7da1-46ce-b41b-35c23053844a,Vblqayjav,2024-10-17 08:50:19
56239ff4-7ae0-4be3-bb11-e186e9060ba0,Hmrmspa,2024-10-06 13:08:22
551b535a-8288-4dcf-9280-eafb54c60cfe,Yjcuvhxotrrqscm,2024-10-10 09:13:42
d9bf3375-fe5d-4a4f-aa0a-c5b27141cabd,Julrkby,2024-10-28 12:09:12
c310a65a-25f3-4397-923c-5578fdcdfd07,Huysonnddyoxdda,2024-10-04 00:31:44
ee87ae51-6e2f-491f-89a7-1d3888f913ea,Ymhby,2024-10-08 08:51:39
6f342ddb-978b-4a72-a2d4-a07a34a88726,Ydcwhcm,2024-10-13 16:32:44
c7f90018-bf43-4a3f-9718-e519adca01df,Unauzfomly,2024-10-14 18:19:43
a139a1c4-da91-4f85-af9b-b81a4b92063e,Wzabihwwibleaa,2024-10-08 11:30:26
7d43a488-48cc-42c3-9c95-d4936fb4b67b,Xmltjeudwsdeax,2024-10-03 17:47:30
75985d22-ed8a-4dea-af46-af82d55f25c9,Rfdqwt,2024-10-03 01:57:15
c90a82d7-3133-4ed7-bc98-dae419bc96fa,Vzengyvdj,2024-10-13 00:33:29
e23f8f11-d1b7-4dac-b51d-13a938d03cd0,Pqxmfvkedv,2024-10-07 19:35:30
3a009dac-77f1-4a11-bcdb-039130008de9,Ldzni,2024-10-12 01:29:19
4da69c5c-8b26-4688-85e2-71113c980c22,Vmdoncgaew,2024-10-14 01:58:05
14eb4dfe-fbe5-4d8c-9f8a-7a92b3581da2,Cjlogjifthyldhf,2024-10-19 15:27:44
5f444ec0-6d9f-468e-9c3b-a68d5959d311,Tkisle,2024-10-19 18:51:15
a3699287-2229-42da-9089-a4aa3c65e836,Hiasrpoquihghs,2024-10-16 12:01:58
313964b5-59c0-4312-abfb-6a76b942dd21,Talriswkk,2024-10-04 14:19:21
3657c421-0b1b-4773-b91f-1a3e1a0f1b0e,Sdozoio,2024-10-14 15:20:07
4c7511e2-bfcf-4820-a6d6-bbfd5eff5219,Zjpkbcvhq,2024-10-23 06:24:23
a872c8c5-93fd-45b7-885a-ce3449393eb6,Ammxbzb,2024-10-14 22:33:29
5eb004f1-b214-494f-85f0-09200b51e21e,Kxwphsiafvi,2024-10-15 11:16:04
f1142622-7185-4533-976c-3ef028bd54a2,Rpovoeptdi,2024-10-09 01:27:37
8d927f8c-b496-4151-bd9b-c4bfc210fde6,Qfyqqqib,2024-10-20 11:04:17
b7430973-8254-49fd-b7d3-09d03cd98dd4,Cmsavwrdyw,2024-10-02 07:27:13
d4f419ed-91d3-4070-a8d4-1b28f31f9ae2,Ffsewx,2024-10-13 10:12:06
9662ff12-b9e4-4219-bdbb-8396be75c7ef,Rhqeim,2024-10-04 14:41:21
ffec305c-3789-4ed8-ac28-c10244fa4d37,Gyuvnpk,2024-10-25 15:52:47
b9678a01-cf55-4da6-beb1-d483ffc1d043,Dgamzwqrwqq,2024-10-29 03:16:53
29858c2a-5bb3-4cd3-b814-a4a2e472165c,Kemuhjjgsrnl,2024-10-16 04:29:59
fc651ad9-5bbf-4ad5-aa95-89969a9aa572,Nqidybk,2024-10-09 02:30:14
e3171abd-283a-4dd3-b1f2-e6d5577d085e,Pdjwrvxdamcih,2024-10-14 20:21:13
65de44af-f233-4e9f-92dc-8ffb959678ae,Hvxbzp,2024-10-31 11:09:55
94f04404-e3aa-4f00-b7b6-99d2d741b777,Jomxkweyft,2024-10-11 02:56:17
5f268201-057d-4359-8287-121a3b589324,Wteipzlegrjrng,2024-10-31 09:01:05
9971ac60-56c3-44f5-8bf2-b4158e30d603,Rqqvibxcwilyjhy,2024-10-06 15:00:41
71a79c3b-7da3-47af-9c76-2dddac939acf,Gnjinnhwigajhzk,2024-10-30 08:44:27
7ce78946-2991-42f0-97de-d66476412d86,Aycbhv,2024-10-29 22:10:47
e1770465-ca1f-48ed-86a3-2ba72cf66ded,Njecj,2024-10-01 01:16:52
8b8b8016-980b-42d0-894e-b6dd8c909731,Jwdwbirgjok,2024-10-02 07:55:21
c222a05c-80ba-4a57-831a-42495eab72ef,Bddpyige,2024-10-07 15:04:11
a3d2caea-6164-487a-85dc-a21981b4cbb5,Knkknnauunkyp,2024-10-12 04:05:15
c98e99da-9250-4e71-84ba-70973b9c747f,Hmdeqdzj,2024-10-20 19:56:36
fdc31e6e-8047-4338-a03a-4376494c86fb,Kuedhmohyvdmq,2024-10-16 20:19:30
f7e74977-de3a-446f-83f5-06745a4b4023,Wbwxgvabzigcgvl,2024-10-16 12:33:36
cbb77be6-7df6-457d-8572-14dca27aabf5,Ijasmfugne,2024-10-07 06:18:21
d216f8db-3ffb-4f89-8783-ada1e6b70e45,Xdpxf,2024-10-17 15:38:08
5cb24193-1fd1-4974-9116-70cd264193f0,Unkohxjegfi,2024-10-02 04:51:52
7ce23763-6197-4971-bbfe-cfdc02185045,Cfxeubeh,2024-10-05 02:08:05
185f8b6d-a966-4b50-a20e-368e95a838b3,Nvwknv,2024-10-22 16:34:03
76e26331-844e-44a5-811b-5575a19e0c16,Wlvnilfjkjmguy,2024-10-25 19:58:19
7ec0f338-f013-455d-b9c9-0f9a7cfce50c,Fowxmuuu,2024-10-23 21:23:25
af6e94f9-2457-498d-bbfe-9bfa76b3d907,Trfpd,2024-10-15 21:09:21
88eed21d-1ef7-4d05-95a3-de34311b8731,Eoaagbpduf,2024-10-18 08:38:40
1d729a8b-094d-4f5d-a81a-200215d910fb,Ydurt,2024-10-22 09:10:14
3db92b81-c47b-4110-9be1-f35e91b01410,Vqxssrsbt,2024-10-31 13:40:54
8e6608a2-41d1-404a-82d0-6fadb165e3a2,Wwhtumgbz,2024-10-31 14:41:03
389ff9d5-5af2-4b3a-ac7f-6d1de95cf911,Olvmnxnnbyshbdz,2024-10-15 09:18:32
e635420c-0f6e-4eb0-b67c-9ee185348cd6,Eygkdj,2024-10-19 17:38:45
c6d44fac-d194-4fe1-8324-546f20942413,Bwakkdcgxrt,2024-10-02 01:06:51
f9f9b069-dc7c-48d1-b583-888199d71dac,Fizfkpscwn,2024-10-13 01:56:40
e97f0a60-8078-4606-97e5-defee33d6f6a,Fjoykwwqfibea,2024-10-17 13:36:12
48347647-9c9e-4fe7-85ad-742418c7875a,Qcipdtkuqed,2024-10-16 03:07:26
56b839e8-f6ef-47cb-ba00-56f657c837d1,Dbqzkvnyjnrg,2024-10-11 13:54:48
efccba42-dbf1-4505-bc8d-e4a46a21615b,Ljofpyphuwec,2024-10-15 00:39:21
5cc59eba-1c2d-42dc-a2c3-7a2be960385b,Kgeixkkckm,2024-10-26 19:06:22
ca126df5-92f0-4c60-9501-987f38cff42e,Puxzpoxbvdw,2024-10-26 06:39:51
fdc21f58-2007-4da6-9114-e5a4b1db7ac8,Isshnmfdebkbq,2024-10-26 23:25:58
59a9771b-d999-496d-a0e0-7d18183d79a3,Xigwjrfi,2024-10-18 05:33:39
f6275b46-b5d0-4dcd-981c-b8801824de9d,Inycto,2024-10-19 14:41:44
3857e510-64bc-4893-ae15-6825e81915e2,Nilcmigjxsrdjhi,2024-10-25 05:47:25
f0b60e58-a57b-4d00-bed8-7d1ae44f8722,Xkezesrewkcsdiu,2024-10-25 15:39:32
59986231-0621-4be4-90ac-fc3b4cbb13a9,Xkrokkapybvd,2024-10-22 22:04:29
0f43fc78-3d56-4f75-a35d-1915526bb453,Nnntggbnuech,2024-10-07 03:26:25
7a73adcd-6279-4e6e-b772-b29de50b54db,Wqgtvxuaxvfrdm,2024-10-24 17:36:30
1a916c58-9b83-4692-8830-db6f9f3b2288,Wvqdpswgs,2024-10-18 13:46:42
d5a21e6e-c0f9-48f7-9018-ac5c14d98cc3,Nyihbju,2024-10-05 18:08:03
baf378b4-ca40-4ab4-bbb6-aad4805abe11,Rjtuhr,2024-10-20 22:25:16
194a7c22-6b0c-4a65-8b28-a9be8832ca4e,Ymfkozv,2024-10-28 22:30:13
7823d2b9-a696-4e40-9438-7eaefc2cf215,Vbprkyapot,2024-10-11 00:48:56
c8fdac7a-1f84-4754-9b87-06420c2feb9d,Zebbv,2024-10-30 17:40:20
d3b0b5ec-5ec6-4420-b5fb-4d0223b720a8,Ewdorvycecrqnut,2024-10-17 19:12:11
5fc94d2e-33b1-4291-a61c-d1f13905a29e,Oewcncem,2024-10-24 16:40:07
71cff876-6afc-490f-80c7-8449714e4c71,Obglmx,2024-10-22 01:13:28
b927de66-36ae-4f0c-ab26-6effab7387a9,Dojrejdimynlk,2024-10-08 01:48:51
a66fdca3-0993-4b7a-b82d-3471d31f071d,Icsir,2024-10-03 22:43:56
fa284b7f-78bd-4429-aa2d-54e56d3b48a0,Gkynsphdkyjf,2024-10-27 10:33:52
b7e82013-9eda-4715-8b5f-14530375a20d,Dscjwvqvaboql,2024-10-19 06:29:18
9890b599-fcea-4c23-aaa3-fb642eb0a3bc,Hbopbocmbzb,2024-10-25 20:31:05
325cc2a3-efa9-4b84-8aee-b2ef4145ecd8,Nzaxucnfspdf,2024-10-04 04:31:52
dc63bf23-52b5-4a9d-aa1a-c8ca4ff83c38,Fyzpivdnbcggkzg,2024-10-03 00:25:27
60a534ea-6e3e-436a-9112-f513b4ebb50e,Aanmjhnlfrwxul,2024-10-11 01:17:08
6c772065-9dfb-4147-88c5-3f78a3f4d698,Msqfgckyvuvjgos,2024-10-26 11:22:05
0d2603da-4eaa-41bc-bcd1-9bc8c6a2eee2,Mgmbllq,2024-10-14 09:09:15
664028a1-ae3a-4c2f-aa37-51952a940be0,Ddwaz,2024-10-12 18:29:51
87242fdc-0494-4ed1-9e90-632ac23d2959,Mylazaagiexyxd,2024-10-19 23:28:22
e9e176fc-eb45-4118-ba92-8a62c867a5ee,Lfldz,2024-10-29 20:16:56
8b68e128-a678-4e7b-8a13-0a22695234ff,Hahbx,2024-10-07 07:30:18
64311d39-e68d-4e6a-a527-e06d0273a656,Vivjxklll,2024-10-30 16:42:30
ad9e4b93-2beb-4124-88ee-42ba9c72c7f4,Ozvkcm,2024-10-14 09:43:09
6a5a74a0-2a1e-4352-a527-9fdef9fb6263,Pckxoe,2024-10-18 01:28:00
c857dc0d-8cc7-4b0c-86d4-d409927631d9,Bclysqwhu,2024-10-31 10:51:07
d8353d11-c02c-4860-87e2-1174ec7a5fcb,Wkvqktyvfl,2024-10-05 10:31:05
3d1371a0-0f15-4da7-a657-abb7750aa6e5,Hqysuknr,2024-10-21 03:58:34
3f5065f0-48ea-4800-b0dc-61420bbc71e7,Dojigcc,2024-10-22 04:01:52
59c6fb0e-a984-476e-9124-cefd75ce7dd8,Qfzxay,2024-10-14 11:16:18
6e14882a-3015-4f6f-83a6-9820aa8a6e0e,Luyalhihdjw,2024-10-20 01:27:27
e4f64856-0a3e-4e4e-8c7d-3fb75a40cdb4,Kzvehfahfxt,2024-10-28 06:11:30
437dcb48-7d60-467e-88f1-51cc683c0f52,Jnsubndjyvgtjy,2024-10-06 13:53:49
30ea27a9-9d61-48cf-8b2a-5a4dc778d1ba,Ylnxandin,2024-10-18 02:52:53
fc94e43a-b076-4bde-a92e-90193eaeaea1,Ziuxhiovt,2024-10-26 01:16:08
3ce3572f-9934-4023-b84d-0100a8c6d21c,Ozuxvcnt,2024-10-19 00:24:09
b38486cc-6906-46e3-a64c-7cd59770ddfc,Dcosoq,2024-10-13 08:05:33
95529706-fd16-496f-9411-fd5c447cedfb,Decyllnchuaylzo,2024-10-19 02:48:01
344a0f9e-996e-4d2b-b23d-8c27c9c2b90e,Bynnxifctf,2024-10-06 10:30:05
fa3aeb73-a6e1-48fe-9ec4-4adaa705836c,Tpxdwohap,2024-10-19 04:18:18
06327843-c1a4-4459-a286-57964399118c,Lwctztfnved,2024-10-29 13:52:00
83a2763f-8f02-460c-bd34-9e0750bab27e,Lqqcuxygv,2024-10-09 07:52:20
8cbe9a2b-9439-4fff-ae22-19da557b5e7a,Fohhaqgggfe,2024-10-25 10:46:24
2d60f7f7-8f45-479c-a9c2-1119e057424e,Tmhwzmhci,2024-10-04 17:47:31
9c06318c-4ad0-41ac-909d-df7b7f24ec1f,Vlulooaftvtmf,2024-10-22 03:39:39
89081d66-4c1b-40b7-b8eb-67a85e000972,Clphgxxeoucofkb,2024-10-24 14:57:36
dc03d007-21eb-466f-b590-d4fed6dcc3d8,Phroghg,2024-10-28 06:49:45
477974ad-b59e-43ed-a46c-c033ca727e29,Agizmplprsnbxly,2024-10-18 16:39:31
0c1bbd32-2a3b-473b-9413-54469be9946d,Ukcfwzlwimp,2024-10-18 21:04:16
cc3178b2-5f7b-4d18-935e-90e14307d5b9,Sarptwgqyxjbdqb,2024-10-05 01:33:15
4a163d72-d366-4a01-958c-1dc35b6a1b32,Arazmkdkn,2024-10-28 03:17:00
c01c9500-db54-428c-9e52-ef6a860cf924,Xfmixrpmmquaruf,2024-10-14 03:13:40
32d4a475-01a9-4029-8c15-09b2f23ece55,Xjtphziuak,2024-10-15 16:08:32
addb277f-0f16-43c0-a466-b5b23ddf08e0,Vmilebzjhjcilqm,2024-10-01 00:41:51
019c6cc3-a266-4e75-847f-534ea40be83a,Flmwnkquwfoagi,2024-10-12 22:12:32
5d2de65f-9b14-406b-a0f3-f1197a98e2e2,Zvzpswkzbfyui,2024-10-03 11:38:28
67d53fdb-265c-4b99-b4b9-32f55164a7f4,Caemuoooq,2024-10-14 19:46:31
47344ebe-938f-41e4-85a4-4015c9ae84b2,Dpgffjsaf,2024-10-24 13:27:55
fccccab4-85c8-49cc-873a-6d191e3da632,Ohgtp,2024-10-06 06:43:00
474ee5c9-d0fe-41ff-a2e7-94605acce86e,Qoevyyjgw,2024-10-04 01:53:40
fbae1710-2322-4198-b656-90ffa910af2a,Cmcswpalhm,2024-10-04 01:43:00
24f847c7-99b3-4821-93a8-c0de7276177d,Vzofcrr,2024-10-17 08:57:17
bc6df954-2a81-4d91-b8fc-a9423eb4b1de,Xpoder,2024-10-30 11:43:04
f5c0b2f8-67bf-444d-8d49-e00e8eb2495a,Opidfqilqgcaibz,2024-10-22 21:04:00
5e3ea579-ed73-402d-b2a9-050e202a06a8,Wptwyhgwgg,2024-10-08 12:09:00
a40015ec-8eba-4e5e-b992-ee553085f076,Wcoojl,2024-10-23 08:35:34
19c895a4-14dd-4e78-980a-bfaa0efae748,Cjfaawvoclguw,2024-10-28 10:58:00
6a351347-69db-4553-a0c5-811511eba050,Wyrnrzoxonf,2024-10-17 05:24:41
21ba4a4f-7e42-49f4-b155-bc4a10bc868f,Wuxlhpqpmlj,2024-10-17 20:02:09
49f2fdad-b5a1-4325-ba04-42e3ca818342,Sxgmngrtl,2024-10-25 12:49:45
cd92971b-cf3b-4468-a51a-e353527f2f0b,Svkgsvtdees,2024-10-16 13:17:59
3d054db8-2202-48d5-8f51-d88687350719,Xenvpnkrrqvqcb,2024-10-26 12:10:43
96da475a-d3ee-4536-9f19-0748f7c592f2,Bikxfkvtpi,2024-10-23 20:59:33
b571245c-2355-451d-b377-018fb3e29fe3,Cayhytxsiv,2024-10-27 17:06:43
b82e1e03-8dab-415e-bbf0-78f151533232,Xsedtzebnu,2024-10-21 07:53:26
67838726-2d1f-4421-957f-8ef39d1c180c,Ffunrziu,2024-10-28 22:18:45
da1d2f45-5cc3-47cd-b3cc-3663458c0947,Jqreyjfglhtc,2024-10-25 09:53:48
bf262af0-873f-44b5-9a01-c6b465deade0,Vbvbazuf,2024-10-15 03:40:22
a8f0b2f8-9533-40e1-a343-43cc2c72aad9,Umkyayws,2024-10-11 06:17:44
56507cbd-607b-43bc-b6b6-016bf8fd94cd,Hmwhxgwgsfjdg,2024-10-17 20:46:10
5520c11f-6fb7-409c-b400-4903900bb0a0,Pumxjxomis,2024-10-25 03:18:48
c589f842-d359-4cd8-a6e2-78270da30fe1,Krfnwd,2024-10-25 03:17:46
462e2685-c14f-45bf-96c1-bc3b301dd1f9,Ppmsqxiac,2024-10-08 23:52:24
434f5905-f0b4-4f6e-a123-44cfba9485a5,Xweavzkeaeej,2024-10-15 03:05:12
2d4e26e4-adb0-4bca-bdc8-3f9a1fdf082e,Qktdyufnuxpdfe,2024-10-14 16:19:20
777d549d-0d68-407d-94ec-9f79998c3291,Dwjok,2024-10-12 13:32:40
4ca5a24b-64cb-43e6-815f-85971faf2d86,Epjyfsmvxa,2024-10-18 23:01:49
01dc1351-f811-4a1f-b692-73933ab196e9,Nwborpajfo,2024-10-01 07:42:17
ec6f94f9-8e3b-425d-b649-4f548b2b02fe,Xepfpjko,2024-10-30 06:06:13
b5bcdf94-125d-40b1-b66e-f354029c805b,Mieiggebxznl,2024-10-07 19:44:38
d12eefa7-c997-4be5-8340-5577d0bdb5db,Ucextgwdjqgq,2024-10-13 18:20:14
5e0d035f-c392-4fdb-a899-e3a0cb66c262,Cnxax,2024-10-18 10:38:08
60c288df-e07d-46df-86d5-c57d72be0440,Fmxikw,2024-10-27 00:33:46
2ab63235-37fa-4aba-bf07-21eaf93ffc12,Zxbkvdacftjeuis,2024-10-11 17:47:28
8e5cc835-3030-4c27-ade5-6992d97cd719,Wwizfbj,2024-10-19 14:36:15
d791a8f5-0bcb-4a78-ae9c-f5ed937b54db,Dneimmfuh,2024-10-09 11:00:26
6be4e79d-acd6-41b9-a89d-9ed32050865e,Axpjctwudsk,2024-10-10 00:27:55
744ba9d8-6b2d-4d2c-a1a4-64f90e369e7b,Aiphzowcqasqif,2024-10-28 11:52:56
3677645e-7529-41ff-ad07-3d7acf06a7b7,Tiaeta,2024-10-25 23:12:57
05f8a218-1150-4d40-a637-8394eaddf28e,Tiedqquhclqrcv,2024-10-18 04:48:03
e3575c26-9ee1-4ce9-b772-1aa18dab26a1,Hdkjyeen,2024-10-17 04:49:45
0554a6b3-704a-4338-847e-02ef3f862176,Qomnyy,2024-10-17 20:38:40
c16245ab-fbe4-4f18-b713-b1a226c0297a,Axbhjiwtnxfev,2024-10-28 15:20:31
a1fd0887-0232-4fa9-beef-142465b5e802,Imokuhn,2024-10-01 15:19:50
56d70fcc-f13d-4d2f-98f7-945420b66a5b,Mfyhvh,2024-10-03 19:02:46
d356d528-7782-445a-a58f-499728ba580b,Ihiorepxp,2024-10-21 09:55:43
3619e548-d9b0-4847-8a86-e99723be929f,Azrgxr,2024-10-12 02:15:07
8dde2230-491d-451a-8bf6-9340aabcbf1f,Lvpsubdssizbsqa,2024-10-27 23:20:36
6c884085-7ba6-48e1-a23a-a3ba3923196b,Xsynvaxhlfafarz,2024-10-01 10:44:20
665f379e-f845-411c-ac7d-65d2af26c125,Orwzgxpjnrqrc,2024-10-31 14:00:47
612d28fe-a6f4-4689-8b62-3f7c5c924138,Jnqiocjdz,2024-10-14 15:46:10
2bfd8b9a-e31c-4ae5-a900-d371f997ae0e,Swrntxcabdqguod,2024-10-17 10:18:13
6f2e78b1-8f09-4493-b6dc-d2de9f630c66,Fmfxr,2024-10-03 21:12:58
b3d07a81-2967-46fc-b37c-1d503773797a,Rjtgihmocfvgl,2024-10-09 02:46:39
4afa5665-9fe7-4bc1-8fc5-8661d735830c,Ztbestc,2024-10-18 08:24:54
89959f3e-1bbf-41a0-9ed5-ccbbeea323d9,Mppjzndmkueev,2024-10-13 10:02:19
35cbe7c4-148a-45f0-ad06-a69c600c6b6c,Jkefw,2024-10-26 14:38:14
3e1bfa44-fd8b-407e-a24c-fdfafee46da4,Tvfzeqqvxugztis,2024-10-06 08:05:41
1c3ed5ee-94dd-429e-a66b-d1126e33f519,Nxqabmqoeqnb,2024-10-03 04:05:06
ee54fa62-5de7-4428-8d3a-58fb914d258c,Orngsaggd,2024-10-16 00:38:29
d0f94487-fcbb-4e29-8416-3728efd67b2e,Otcgjml,2024-10-15 05:08:59
7f1481b2-6aba-4a76-8a08-d650a09f485d,Woclc,2024-10-23 12:51:08
c19a2070-f6bd-43bf-a588-12fc50673e2c,Mlwvejpvuvkzyod,2024-10-05 20:52:13
af1d6745-a74b-42db-a129-99a20d519a44,Tpmiyeskpq,2024-10-27 23:56:30
34852942-0de0-4ea4-9cd6-b96e39b926d1,Qucewnklmcjvfl,2024-10-13 23:15:16
dc4f2276-e53b-4c9f-8840-592c25296e2b,Hdlnjv,2024-10-30 05:17:24
0da82ea0-58d5-4939-93ce-a645525ca287,Dxefqpj,2024-10-19 03:36:11
f53c12aa-06ce-42f1-922b-d73a669a712b,Mfhkgvtpi,2024-10-23 23:29:34
1fa040bd-c7e9-44ba-8205-bc5cafc8e324,Jboogfypjapa,2024-10-25 12:36:46
33544f94-0e6f-47de-88f2-f05bbf72f399,Wbjssvxef,2024-10-04 04:53:43
02c59f46-c0d3-42f7-9aaf-086149993096,Dijrsslty,2024-10-14 05:20:16
52f137dd-f2ef-4e7d-a480-a04dd0375ed7,Cxdsbxlazmhxrh,2024-10-19 17:08:54
43dda817-606f-4c1c-a966-10d50a47223a,Hywgmkkl,2024-10-31 18:44:35
f2d0a9f6-108f-471d-8f4d-1b296ab654df,Telrndwkb,2024-10-20 15:04:05
35710a41-9bcf-4076-87fd-48a3c3d998fd,Cqkfxokdiifjd,2024-10-01 20:52:49
c527da80-a19f-473a-abcf-0dba00166216,Wgfwphqh,2024-10-06 14:33:49
7aece49d-612c-4a90-a29b-6fd6d45aa72a,Zfhzikv,2024-10-08 21:46:17
5839ce4e-ed6e-4bf8-b3b8-c8b3c84e1369,Dkzsxpnvdqcdgah,2024-10-31 08:47:36
cee26bf4-e706-4f1a-a7eb-f4ac8220439a,Ycuexczmrcomv,2024-10-29 16:23:20
db25fa6b-e656-4241-b0ed-5f988f1254e2,Janlgbzhun,2024-10-20 13:07:41
06f4bf5a-f77a-4bca-94e8-3820e40b4680,Xhvcrwzfyks,2024-10-10 07:43:41
c775584a-1f9f-4669-8c0e-02df0f501ea4,Nqbtuvelmb,2024-10-25 04:38:48
d08412af-b0d8-463d-83b3-1764204156af,Eronvznv,2024-10-06 20:47:34
6cf2fbe8-655d-45de-b051-18dca488e25c,Cpdhfyhdo,2024-10-03 01:03:05
e2e95f3d-993b-4fb8-8cff-93055ef34acf,Bboyxjkxitcmy,2024-10-07 08:22:46
fa9f9b53-0d51-472c-8295-711ba505508d,Rafddxcgmnbocrw,2024-10-08 12:45:02
ecb47180-a7b0-4ee1-8f44-cc06c34a932a,Ymaqu,2024-10-03 21:27:46
a27a2b7c-a6f7-47d8-81a9-f6fa0d0e0ffd,Ccnsa,2024-10-12 04:13:50
bd8bf7e9-324b-40c6-9018-569ab20c6259,Mtapz,2024-10-26 19:56:21
18ab1ffc-9846-4eb3-831c-6010e67009c3,Qwqqtipiw,2024-10-03 21:07:18
0d34c2f0-bfa8-49ab-ba2e-b7f4d5727307,Wgrimsovyrdk,2024-10-08 21:54:37
174fb8e2-bba8-4715-bca9-0243e57b2146,Rjgqbjtomglwjo,2024-10-03 21:14:38
88ad81ca-9219-41b7-85fa-1cd18cfe3cb2,Kelflgw,2024-10-11 00:13:56
e49da189-b989-404e-aeac-4cea4588f76f,Sgocz,2024-10-17 23:34:15
3931f1e1-fc09-48bb-a2ae-3d8b217db116,Sxsqethy,2024-10-02 15:18:35
fa9664bc-095a-44be-8c26-b904e0e29a6f,Rcusbszfmh,2024-10-11 18:23:08
1a453498-36dd-46aa-b222-b85a7d789539,Vhnuqnuwz,2024-10-20 02:24:25
fde1a473-d545-48ee-82ce-58030a8957e5,Glasire,2024-10-21 08:02:05
f2095863-f784-4314-a65d-b5a8199d6bde,Ysgayneerrt,2024-10-04 21:59:24
2dbf57c1-570a-49bb-95ef-f9ad0fd1ce25,Ntqypeqlldzksqm,2024-10-11 00:07:04
4de44a4c-d663-4950-aa09-dd24a8db628e,Xuviadhdig,2024-10-15 18:09:45
c61962be-0d02-45ea-a640-9b71b408c900,Derpjyisz,2024-10-12 15:05:36
fdb6562d-f822-4d61-a0a8-91df064e26d9,Grwszzxhqqqlef,2024-10-19 11:32:24
397849ba-a0df-42de-b8b6-b8fe320c7bb9,Aqqqyjwiq,2024-10-09 16:44:40
54378731-fbe0-481f-a11f-4e9e8e326d9e,Wvdunlamugyfeu,2024-10-20 18:35:43
e31a83d7-11e3-4b5d-a5f5-743a92f96a9f,Gwuccmgvwmf,2024-10-24 08:44:10
bd94c3e9-8ad5-4395-947c-5da0a2fa5dba,Qcmamwhowxij,2024-10-04 06:58:45
01e1e8a9-81bd-4cd4-a809-3319958c1dbb,Rplrhkbe,2024-10-25 15:08:58
c825f9ab-5d83-4bb1-b0d2-78b7eb350697,Kwxbjkmbp,2024-10-07 04:55:39
54937221-3837-4d52-ab70-263a354bc373,Hqglauqzpdiz,2024-10-06 18:15:50
c28a31e6-7d7a-4542-a17b-e25c2927498b,Xoecihvmghq,2024-10-06 16:09:18
96f1ebdd-e157-4119-a8f0-16ad9787b894,Uyubhzovp,2024-10-07 03:35:41
fb68830f-1df4-40df-9b3d-62e091ef3e5b,Wtwtqfkzd,2024-10-25 23:43:17
4d3e01d5-1f58-4841-954d-3bc0acedb020,Nqxkc,2024-10-03 03:28:52
54bc1fde-06de-4196-89ed-2baa40793f73,Dwopkwfoadzvq,2024-10-18 22:10:52
a46f972c-7828-4aab-821d-4e68fe763a71,Nkasmcuoxga,2024-10-21 15:38:12
597c3b4d-5df4-477c-829b-ccd84c32125e,Pheaxgnxfx,2024-10-25 13:24:35
6ec2ad1d-b625-4692-bef1-67c3e23ccb69,Invvfzjwoz,2024-10-27 01:08:37
75bd2f9d-372d-4e06-aaeb-96eb628c06ca,Ynjmzeyrg,2024-10-05 18:00:18
961f403e-81a5-4536-a918-42a5c321a991,Qqcho,2024-10-27 20:04:05
e7dc1f3f-709b-4205-9019-eeeca1e1f671,Smambteceesmni,2024-10-22 06:08:55
5c1febd0-48c6-4b84-86e4-6d272887153f,Rouppyslwqa,2024-10-05 22:55:48
8425ab8a-66a8-4232-a623-640b79891aa6,Lcvavxagaxuek,2024-10-08 07:22:21
3b728e29-de31-429a-b057-7279ff3606a3,Uvesiergh,2024-10-11 04:42:49
e9c0dc9c-b53e-4bb1-90bd-46539760cb03,Tjauadcgyeeasa,2024-10-28 06:49:56
800fcdeb-103b-43b1-94ef-6158a3c1c2ae,Mjzybohjtkbijdm,2024-10-03 17:47:56
fe7f6a69-a55f-4360-8912-49d86be93dee,Nzdgde,2024-10-19 00:19:39
35ae4592-8c4f-4737-8439-fc8759f57cfe,Rkrvtxybjwex,2024-10-27 06:03:25
3946657c-c3df-4e27-aebb-30efd117694f,Udhpudwhtzh,2024-10-23 12:12:05
0fea3e1f-909c-43a0-9092-f5f2fdcad619,Ypmlhmwunpnx,2024-10-31 11:00:49
46b796ef-bd27-4808-ab39-5da66b1e9e78,Opufhm,2024-10-18 05:37:57
29966e7c-7bb6-45d1-9606-0285b33977cd,Dpikjyls,2024-10-30 01:32:34
2e339bc1-180c-4d16-8b38-391fedb9f5f3,Pvifhkibkiuyzz,2024-10-22 00:42:56
48f52dfa-8116-442c-833e-8c0ec876b957,Mhdsibjxp,2024-10-16 04:29:55
41e95988-5eea-4b69-b45a-178171d8ead7,Sreqezwmttmqgel,2024-10-07 22:49:58
7acb7941-917a-4b9a-b354-074ee7c375ea,Qkvdwbvxuy,2024-10-31 16:41:03
e2a2270f-5bac-4a1a-b3da-972e512b9df1,Lwbaqoe,2024-10-07 20:27:42
0f333295-06e7-459a-afda-6511b71da540,Voybdysh,2024-10-20 04:10:44
08371535-0a8e-426c-841d-18524ad9eb58,Lgifpapaybevne,2024-10-02 13:10:50
64c1e4e1-e105-4c79-a8bf-5784eefb747c,Pgadsgreep,2024-10-12 03:19:13
a8434bf0-18e1-43b5-ba3a-c1f745d8b90b,Ejoibkoatl,2024-10-07 09:07:35
3747f61c-2779-4094-9e40-e28cb1e7ef4a,Bvukdaganc,2024-10-11 13:46:43
83e1ccf0-21b0-4fda-b6f9-10c52f8e6b2b,Lcaqo,2024-10-28 14:52:31
51e249b1-8f4d-4e8d-9bab-d238f022d3a8,Cuqqbfoyarfc,2024-10-19 23:42:46
a8abee2b-5965-49b7-8b3f-2ceaaec3775f,Knnzlndurbkpnt,2024-10-17 23:34:16
2ee860d3-4f61-44c6-bff2-fa4437d87167,Eozfdncrtemwb,2024-10-14 21:21:18
3905fb60-2d47-416f-93b1-c24deaee34bc,Kehqlwirijcko,2024-10-22 17:21:09
702bdf0d-7e8f-41ea-9d52-776669ebcc5f,Hwryry,2024-10-24 16:28:00
8d46f6b5-0ff7-4866-9f39-be7cdec17a61,Kdjbgs,2024-10-26 05:46:05
7ee87398-d9ec-42a1-9b0b-48a55a322adb,Sluof,2024-10-04 03:19:48
801883f8-aa29-494e-90af-80c0824e6498,Oasloei,2024-10-09 16:34:38
642e70e7-1b93-463e-b233-ef3766c9baf7,Lqovwadoi,2024-10-24 21:03:35
c17986aa-ecf9-49a1-b7cd-b3bc216744af,Ywbvkgtlvf,2024-10-10 17:33:04
ba40a3eb-9991-49ed-a5ec-b370a8636f5c,Kqasldvphjxpeww,2024-10-19 23:42:04
0a4605f5-4ca5-4a86-b490-db062bc17261,Sbfvuhjlreowpor,2024-10-05 03:18:25
fe6800dd-dbf2-410b-bb4d-9aab6e776326,Anohqsoyacavjrb,2024-10-23 20:13:01
20093d5d-fc15-4878-86da-6fc7cf970f33,Pongylcjckzi,2024-10-13 06:07:50
ca0fbb3d-cfa6-4f95-80c0-2898c66490e1,Akzzxmide,2024-10-27 09:06:14
fbada9bd-e378-48a0-83f1-2196a731231d,Ijqfsurlsyh,2024-10-18 04:47:35
94567c23-dd62-4357-99d0-1a2d51b05633,Ivzkvr,2024-10-10 04:44:07
fa33d64e-2afa-4334-a7ad-678de3eeda26,Qluvgnkebfcgi,2024-10-03 02:29:09
99cea735-71ae-46be-b184-b0d2f352d459,Dtydzklqfwcfqo,2024-10-27 04:23:51
5949921c-926e-4072-80ac-71e50aba9905,Cqgsjyotywvjq,2024-10-17 10:04:07
2d559a26-bf0a-4b3f-9ade-d78eaba039cb,Wteue,2024-10-29 21:11:24
0aaad127-9325-431b-9fd3-1a9300bd1335,Bnuvdxj,2024-10-21 01:54:27
811a75ad-e95c-402c-9b31-c467e622acf9,Ubvmppnq,2024-10-31 03:08:06
6c7b3e34-877a-41e0-82f6-c3c568845bd6,Wzbpvyqjcjmyfw,2024-10-23 19:02:51
2e26dcfa-831c-4c00-94c1-99ffd858758a,Kwzraee,2024-10-10 06:52:00
b1b2e156-4b1d-42be-8fd3-8f92e58d585c,Ywzgem,2024-10-29 16:37:52
59c35d51-c76b-454a-8174-a2315c5ce831,Ptgllrugtnlqdhl,2024-10-06 03:11:00
f1f2cd42-46ad-4462-93da-d44c6c172948,Ccrctsiwqg,2024-10-28 19:59:16
96cc454d-fec7-48e3-addb-e14c91376717,Jkivue,2024-10-23 20:17:04
79b42df8-3c04-4c9e-978d-48adaf4b897b,Oizhb,2024-10-26 20:09:21
658f5110-5d54-40eb-88d2-85931f58467f,Uwqyssr,2024-10-01 04:40:20
f3258592-0def-48a4-8d17-28b7fffbf3e6,Zpwojoggi,2024-10-26 17:19:35
e951cffb-644a-40ff-99e8-0c5d96e2b422,Bphblluwgtkhqsk,2024-10-15 10:46:38
baf782fb-e42a-4ad5-87a6-2667e4fb569c,Alpmau,2024-10-21 18:39:45
6d58c0d2-986f-4ea5-9f29-c38d1081fd78,Emsrl,2024-10-02 10:34:48
189109b2-14aa-4b59-a45f-d4b03cb764f4,Zspatu,2024-10-11 21:42:50
1d98c954-3182-477b-a44a-e16338be8937,Srbpyvwn,2024-10-08 04:25:02
e66c1c80-c75b-419e-8f47-b265cae0c7dd,Kzaywtd,2024-10-12 08:59:52
5b53c236-9085-47d1-aa89-5d6c04cc29de,Bpxvyretslvi,2024-10-18 17:30:02
c78c2133-77b6-4889-87d7-1cafd107c6a1,Vecvlpe,2024-10-04 20:52:26
a524f3ef-467d-436a-a60e-0e18937beddf,Ensqtwdi,2024-10-22 13:39:28
b64fbe8d-6a6b-4e3b-a202-ad7161db74a2,Rykmmrawqabbcpx,2024-10-19 21:58:18
7d953ce4-8ad1-4641-becc-78610115175c,Sniwokfvngomdf,2024-10-02 17:38:48
32412c43-4e85-4690-9ad5-bd5371a5f861,Ljtnrdomo,2024-10-18 11:34:19
18a61dd3-35cc-422b-b925-7f541e27719e,Fmdync,2024-10-19 13:13:45
f123e53e-4eca-4ffa-9516-309e773c541a,Gsstiovivhrnm,2024-10-15 00:51:34
1c6101d7-3795-4171-8766-928fa5faf2f5,Tydztxsvkme,2024-10-02 03:28:59
10a45a54-be63-49be-a493-f68543c2a3d2,Tnetpysk,2024-10-20 11:14:55
c9312469-9510-45cc-b75f-b183bd31fa9e,Aficofgqkun,2024-10-08 21:03:27
5538d847-77ea-4478-93eb-dd3fc724d7be,Nzaohtm,2024-10-05 00:13:28
7dfdd5f4-5d74-491b-8130-a94f7b83cd15,Fogyksi,2024-10-04 21:43:14
455a2c97-4d36-41f8-bb8b-754a1307e58b,Qvxjqwymh,2024-10-08 07:02:20
e7781103-29d0-469c-8a96-05ae70449050,Xztrrkvp,2024-10-22 00:37:48
f2f56c97-42ca-4706-bd01-52a44e250948,Vclswy,2024-10-05 00:01:40
b1a46a45-cd32-4fe8-8505-031cd12849ed,Lzpcoivjsw,2024-10-20 11:45:33
a70d2d7e-dbde-4d54-85dc-8db15ae92aab,Fnuiwpgvbmmkbfz,2024-10-17 22:28:21
5b3cd08a-fd06-4075-a240-ecfdbd62ab2b,Fxmpvfubcgkoz,2024-10-21 23:18:57
c51cf8a9-8295-43d3-accd-5fa2ef87e7d9,Ctywnlcuif,2024-10-20 07:33:52
802a77c4-142c-409c-b0f1-51a5d678263b,Ifezllxshvhr,2024-10-24 19:57:50
33a054cf-d0ef-4ab9-9084-883c106582b6,Kolvibvm,2024-10-15 04:07:54
da81457f-5cd5-4db3-8ce3-e42a699cde97,Cpbezbscx,2024-10-06 04:24:47
1d6fa981-c572-400e-8966-7a535ad797c9,Naxhc,2024-10-24 04:50:39
f2cae0d7-6da8-4a18-a908-1b1bca502231,Xkudizcalhgfpcv,2024-10-10 17:16:27
b03787d8-323a-4b30-8de7-f8b25a51a75e,Lglzh,2024-10-17 00:44:50
78bda042-ca7f-4b8d-8500-da541e4e1588,Vpqdkygdukegfrz,2024-10-21 06:22:27
50ef5940-5bd2-49a4-8ba5-485528311041,Urqexttz,2024-10-03 12:53:39
4f2f83aa-3ddc-4182-8b29-ec31d813dc5e,Bvfsh,2024-10-24 14:30:00
7b88a00e-6c87-44a8-a6b0-86549d1b5631,Cahzapqntzhi,2024-10-12 19:57:17
e2665395-764e-460d-b168-034f0023ccc2,Anvrikgijywxbo,2024-10-15 19:52:01
20a5f9e6-5923-4619-b113-b0825c17f72e,Xmjvoyhg,2024-10-21 01:10:58
416a6b62-1dfa-4cd5-b819-4964c9a77676,Jhdaavezpxs,2024-10-21 17:49:53
2ef274e9-0114-4301-8f54-b90c42edc4af,Tlyznapk,2024-10-05 06:14:36
5c483c13-8d77-4738-ae23-941ee327e985,Hybuvtdjbcbh,2024-10-19 04:16:32
4814a18f-3fbc-4446-8584-609d79401314,Dqoelnaftofjlh,2024-10-31 04:12:28
81e715da-5e74-4c14-bc84-b85ddee824b1,Xfffj,2024-10-02 07:49:10
2d080a9c-0169-49a9-b19a-e2d04d6d40df,Slybi,2024-10-27 16:10:17
6b488d3d-3699-4d3a-99ab-e28adbd2d64f,Qpccuscirsdkwv,2024-10-15 12:55:08
0975152c-4b5d-4fa0-bb0d-262dd78ed323,Bzdninmf,2024-10-17 00:39:02
1bf90e69-e0ed-40eb-a953-2d967ad17d85,Zfqytq,2024-10-01 00:44:30
325b619f-d556-4457-9a78-61ef02a89f1e,Arlwy,2024-10-20 08:13:03
00feed4a-d777-44ed-b966-ba6d31fc1e90,Rapjktwjx,2024-10-18 22:02:48
363127d8-9e2d-490e-a48d-01540e1f1fcc,Qcuzuhxlnnhuk,2024-10-11 10:48:47
5d0bb4c7-234c-4bdc-bdd2-5401234f42ea,Joocbgubfbnfnb,2024-10-10 01:52:57
80ec5207-42f5-4931-8040-90cf86f799fa,Qwsgkongqhcqf,2024-10-31 20:43:01
ba104c80-5973-4a50-a31d-2ad539e05d2c,Qhiays,2024-10-31 00:23:45
928af7e0-f16e-48da-8f0f-c6af6b64d68e,Endlcqdcoe,2024-10-31 11:00:17
d5281716-82ce-43f8-95ed-c4602405cfa6,Rlzthfuavvmj,2024-10-22 07:33:06
c6f838f9-7e79-4b02-932e-bc427e47e364,Yuvzpi,2024-10-23 01:05:08
0fd4b249-9f40-4aa8-b9fc-e5e032c6800a,Sginz,2024-10-29 18:01:00
c640bd2f-4028-4c05-9391-50da656a7caf,Pdzgxcdmvuqxmzw,2024-10-25 16:58:10
b476ca42-24d8-4b40-91e4-530652bf111e,Fykjzxj,2024-10-03 19:28:09
cd4d2761-c714-408d-a0d5-77e51562bccd,Jcezenwtmmyoqdx,2024-10-06 21:32:34
876ce5f9-a3aa-4006-ba01-623638e970c4,Jkyblfwlchgpo,2024-10-19 03:40:27
e3834ea3-72fb-4c48-a344-45951291ee8d,Hyvjpo,2024-10-05 00:29:06
d15f5d86-2afa-4a8a-a5ed-f54637675942,Hnsiurv,2024-10-22 05:37:08
128ac0e9-606b-4079-9861-23ab998232bd,Tvtudig,2024-10-06 12:02:28
2342c61f-6093-4a9e-974c-88b76e26296f,Kkgqfz,2024-10-31 19:52:42
85d20b7b-f252-45fd-a3e9-748ada5aa575,Eehwynujc,2024-10-01 17:01:50
8b21567a-3678-49bd-8fe7-ac8669d7f712,Rmsim,2024-10-03 07:48:16
7e6e3c51-caca-4e76-be5b-5620c753da7d,Oerrprfrrtq,2024-10-20 07:53:34
e2ca1521-bde0-4b76-8635-ef508a3a6945,Tbieo,2024-10-15 16:21:50
cac5077c-8073-4317-b965-33ab546eb976,Obdwcsbxgflpe,2024-10-12 19:21:47
a079072e-f83a-4072-a43a-ad7fb4dfd77c,Jprlke,2024-10-25 01:06:39
eae19a17-e350-4b61-9aed-6e4be9b95d5c,Ulcnjcmckx,2024-10-19 10:50:00
960f60fe-6ceb-492e-b533-4acb67a0b0b4,Ofodcrjkjcxvi,2024-10-15 02:16:27
f2ea1c87-2cf9-4757-9aab-117968260e7f,Suulilro,2024-10-31 17:26:01
3bb5a64e-e874-49a7-bb2c-5514ba63060d,Febsm,2024-10-17 18:26:37
edcafee7-a6f6-4da0-82ce-566616a68aa2,Scoelja,2024-10-04 17:53:48
16bf1cd3-5256-4cda-906f-d85704ee5105,Ktnzlig,2024-10-06 18:38:11
b412313d-a5ad-403b-9e7e-92b660c14f27,Ytcvvds,2024-10-21 11:55:38
c553aaf8-88fc-405c-8214-7cfbf522dc1e,Urikgi,2024-10-29 04:19:56
74b8684f-39ad-4206-b45c-c6880b55c1d0,Yzhlxlklhqqccir,2024-10-06 16:20:36
e31d08b1-2787-49a1-b505-dae327f00b38,Hdrhhmtwtmsf,2024-10-27 20:53:56
1081e0ce-46cd-44ae-9a8d-de7d2de1f675,Cpackqb,2024-10-21 06:29:52
cb0525bc-b6ca-4ba4-aaa3-f88606d2bb0f,Eijwgcniad,2024-10-22 06:17:23
be4a2bb7-7127-4750-aad4-ceda5012107a,Bzxydovz,2024-10-26 16:48:04
c2f6de4c-9f21-4355-8e94-a6f05f2ad59b,Mhmenzb,2024-10-02 03:01:31
7c84425c-2227-4509-8b96-b69983c91b2f,Flejzzbggh,2024-10-24 17:15:44
9be46034-c64b-4f20-9028-950dfbb212cf,Whneuk,2024-10-08 10:20:35
2b167a03-9497-48c8-b5cd-1806d509a90f,Djogaomdgpekwa,2024-10-18 22:59:25
c818d08b-5808-4fe3-93e8-9d5312e48eda,Vhmmgssjirzhae,2024-10-20 01:36:55
a387c974-1a60-4fbf-b0ea-d67d26a4a448,Rjcvdcbiogbc,2024-10-19 05:17:48
96118d04-6973-43ea-a24c-957ec84652b0,Isjjhdjutim,2024-10-14 10:01:16
ceea02a4-c979-4803-982a-38c6c4e5b4da,Axgxonjvvxhbshe,2024-10-26 21:19:05
d9a6831e-87b7-4cf3-a69a-bb85e1598934,Nyalg,2024-10-15 10:55:08
1dd53552-86df-424a-ba13-23150b0d1665,Wzkccism,2024-10-14 23:59:34
80b7f32b-7953-464c-9570-8ceb8c8950c3,Rtwyiia,2024-10-21 11:06:30
c718c694-46f9-40ee-8ef1-01d020c827b9,Gvhhaijthh,2024-10-15 03:52:53
d69aeaaf-8b63-4459-8780-9fe8663ee039,Whzjif,2024-10-21 10:35:45
3a542da6-8f97-4630-84d2-9cccb5df8a11,Nkgcfhkgd,2024-10-03 18:38:51
d216bc2c-a238-42b2-87df-e79be53f87bd,Blxnwzbnevsg,2024-10-29 03:32:46
1d8b6979-a8d9-41a3-9c7f-6d79730f6a20,Ighpqhi,2024-10-24 13:56:37
ed0196a5-a6dc-470f-806c-c235cece1559,Lipdwvjfout,2024-10-31 19:45:50
d93a7a54-fa7c-4ba0-9de6-24b815642c8b,Mvortdy,2024-10-01 07:21:45
96f31b1f-5af0-47c9-839a-35b36d43de4a,Eshocpnogxa,2024-10-04 14:29:06
b1761679-2002-4afc-b225-a03f43b3c137,Quhziyfjydlyg,2024-10-21 23:01:31
55ffe573-9e03-4c2a-8b01-f314aebf6dda,Pqqxdayoxurdeq,2024-10-26 22:40:50
4c498072-19a6-4b7f-bd96-1787139e7b89,Coccxrefzfkeul,2024-10-27 13:59:03
2c1c07de-2435-46bd-a4ef-15feaac2b39f,Lbsccgqwgttfhsz,2024-10-12 00:24:34
4f419d57-4812-4c91-9b8c-b73379f080a1,Izovrfvnx,2024-10-28 05:05:17
2e7e25d7-d28b-43ce-b390-04e81c70e994,Oyzxd,2024-10-14 14:47:20
bc307118-5f75-42ed-a22e-aaa57be01bf1,Wrzjsbhtrma,2024-10-04 05:02:05
96f31ff7-60d7-4e4a-a6a5-bc404124786a,Tnnenswm,2024-10-24 07:41:48
458053f6-46dc-40da-b316-38cebf276f91,Opyiti,2024-10-11 11:12:19
6504afbd-c1cf-4737-8df3-3a10e9cfaf36,Jtboqzwboj,2024-10-15 15:27:55
cd794575-a69d-4b2e-b08e-619748099e03,Adeeoujsf,2024-10-09 07:27:19
9e9a8faf-d11e-40f3-894e-cbef2af69588,Pkncqx,2024-10-09 03:45:03
07bacc98-b09c-4afc-9dc0-84d5298cc52f,Aifnardfsessm,2024-10-22 00:43:05
5b58bc7d-0642-4847-9ed8-66f9b161b4a2,Gjbacphpqs,2024-10-29 11:04:17
1e9804dc-0825-4c17-a607-cc0938308c60,Djyjfgy,2024-10-18 06:51:10
e433dd02-11ff-4ce3-9056-2774f18ce8c7,Udgldsknscfyvvx,2024-10-01 00:32:32
5bbb035d-509e-4bec-8412-201cbf6a6c8b,Zcoqm,2024-10-18 22:00:34
55ef34e6-79f0-41aa-934e-f65848be726c,Uqdvlnglftstq,2024-10-06 11:28:30
50dac46b-aad8-4944-a3d6-f1e433e51f3f,Wpqpiiq,2024-10-08 04:46:26
b2f58a57-82c4-475d-978a-43be2f547616,Abalmd,2024-10-24 14:53:45
c4130603-e84a-450e-aff1-8f5c11a4da0f,Cbqda,2024-10-17 21:47:15
95446c0d-4a28-4bc9-8bef-a6f1ab117d5f,Krtluntxy,2024-10-01 13:58:09
3a121e40-9a8f-42c0-a9c3-a6d098161a88,Crmizxyflgw,2024-10-02 23:44:25
6b9a6d83-02ca-43fb-8541-a409f432c17f,Pjjibijbdeyz,2024-10-16 08:26:19
28cadcf9-2912-48e3-984a-32a9f8e90cee,Rmvgygopaxh,2024-10-04 09:08:52
17f86525-dde1-41e8-b982-9db235889678,Hqlopndozbdd,2024-10-01 22:34:01
406ccc5a-1a84-417f-9db3-98906f9fb8f6,Pshhjmzpvlc,2024-10-25 07:43:08
68674e83-1c51-496e-870c-07f1f5e653ef,Hanidpqb,2024-10-23 00:10:11
75988c4d-8322-4b31-a26d-1a3c4835984b,Kvxrbqkctpta,2024-10-18 09:49:30
9c69ae02-6a92-4f94-be61-fa75b60cd641,Mwlim,2024-10-15 23:59:47
72b87a5f-a569-4c8c-94e4-7f7134a5478c,Xknbgnkaoswsi,2024-10-11 12:25:15
996f5bce-4631-4b9f-a1ca-fc55fe7d194c,Fkrnjkilelmh,2024-10-05 03:32:48
914705c8-7450-4075-b842-f4ac9276a135,Neduoghuqldjytr,2024-10-17 08:48:31
08ca6eb1-ff8c-49bb-8e3a-d54025b7adf1,Tnkfg,2024-10-09 21:34:19
8458419a-bd1d-42b7-b4b1-b78e19c1a2d3,Tiijghoqwrnp,2024-10-25 17:55:53
206277a3-7189-4d37-80b0-50d6065df1c1,Nfhhtebcgmr,2024-10-21 17:53:48
d901f8e7-26d1-4575-9985-3c9dfaccb752,Pmuxvxbmeq,2024-10-14 06:29:45
e8758a7e-6b0e-490a-b1cb-01c056f70516,Yhwzsuiypdgl,2024-10-18 10:48:13
e5c39db9-4ea2-4e67-a6a9-28441eb66567,Xwcthqjkfvbtjcf,2024-10-19 00:13:14
a83f77c6-390d-4272-8de6-81899a81ef0d,Kjobybifayx,2024-10-30 23:23:05
5aecc4ad-ddbf-4ba9-9156-0f9a378ec3c3,Kojmq,2024-10-01 15:11:52
dbdfd046-a34f-4f6a-913f-42eede95cdca,Rixtfywdcgp,2024-10-14 23:13:22
d9a5ed85-27e4-493f-8c29-7c4994200391,Bmeelyi,2024-10-13 03:43:40
bba96089-4dfe-4f70-957a-0e5953638cc9,Lityrekydek,2024-10-24 00:49:55
df1e73af-34e3-4a32-8005-00794fc9b426,Tdlyddujekwi,2024-10-02 20:09:06
84b20496-1e42-4790-9ec8-d7a11683a95a,Avbxsaafjxjgrsx,2024-10-09 12:08:22
35997144-3ee7-4bdf-8fa9-2c67ae5a63b3,Wfspys,2024-10-05 03:16:45
77586011-aa55-4335-8612-1d7252adffbd,Cjynpqxpv,2024-10-24 23:19:28
daf1e7a2-18a5-4d96-9b10-2bb3d91d68e9,Pphvh,2024-10-06 01:06:26
58fcd0c8-a183-4779-acdd-ac309458bb53,Gvhgu,2024-10-14 18:10:43
3679c779-db5f-410c-b978-cbf28bf0eeb1,Ndqwplypitzu,2024-10-27 16:13:33
57a62cbf-d6b4-4976-befe-5e56148e6a8d,Lgfmokgrb,2024-10-17 15:03:30
1bf8f6cb-a36f-45c3-88b6-c8a8a63599bd,Gjsiziwlh,2024-10-08 18:04:18
61c97277-cfa3-4143-8888-66053bad12d9,Ijzjkczzp,2024-10-26 17:40:40
16dbd6be-aa6c-4e88-874d-0aadd4cd61a1,Ldyzzab,2024-10-21 05:34:10
3b8c3cf9-4bf3-45e6-9098-13152bc1c334,Kdhxrrityt,2024-10-02 21:25:32
8705749c-618a-4d28-8875-580b310509e6,Bjoztznflnhht,2024-10-03 12:40:54
61198501-b362-4e9a-9853-180c56f26fa4,Tuvpgasqxzhnnm,2024-10-19 06:53:09
0ba649ca-7f03-41aa-90d1-7227332c928b,Kcgekgevkwlat,2024-10-22 18:23:53
6d6ee828-7941-4abf-8dca-cbcfcdd453e8,Oskdsr,2024-10-08 12:27:39
51d88514-2039-4dc8-8a8e-d519a28843df,Qqpywrve,2024-10-09 03:39:21
da1a3f65-778b-494d-aec5-97358241f129,Vblkn,2024-10-18 23:35:30
b5fac0df-f2c9-419b-b98b-c6af72cd14c4,Gcrpqtwu,2024-10-14 19:49:23
13605075-3500-4c04-99f6-97f149cb7ab0,Suvsfexofs,2024-10-23 15:48:02
dcb5b808-7489-47a1-bb27-d483fe1f6eed,Qlqkkwebcfnvd,2024-10-24 19:06:43
70abf145-fc37-48eb-b4fd-06c069327ee1,Loprh,2024-10-02 12:19:51
cf8fb315-4409-4a61-93ee-02d3df68aac4,Sjrfrnnnsygfwag,2024-10-07 03:36:06
0b3c7763-1edc-45ad-88bb-f840a6d9b4ec,Lkcpckqcrcejtjr,2024-10-02 05:02:21
7ea8fadf-a351-4220-b4a6-fa75e002b5f9,Jxhxg,2024-10-13 06:49:57
417d5d91-6ad8-4090-9df3-9853270db821,Rijqh,2024-10-06 12:59:35
3cbe7ba1-3da6-4508-9f6e-05b132871ebf,Wfxhr,2024-10-27 11:05:02
f96cc14c-9da7-46e1-9b10-d6681dbf2e74,Lzbybx,2024-10-15 07:37:55
c118f7ab-cda4-4b23-bcb8-39d430067f57,Oyxxnl,2024-10-08 21:31:48
89125e3f-067f-4808-876b-4b97d559ea96,Qqbdamuja,2024-10-26 00:15:56
7b3bf8c8-72fe-41e4-a217-977b654953ad,Glstbnwmrfycwx,2024-10-02 02:33:40
e4a9db2a-8fb0-4652-85a6-8a0a4f7413a0,Whoqa,2024-10-05 19:57:46
65fe8593-ce43-4454-90a7-91e96ebd2a71,Xygicptuav,2024-10-12 03:44:48
bde07783-8318-4d1f-bd98-21f3cc09c351,Zueno,2024-10-18 21:10:39
757aa20c-13e4-414d-9eae-1445651708c5,Otvbcnvxugnh,2024-10-01 08:39:03
b82b33eb-f456-4653-b302-ffea8fa1a32d,Owqygliudbod,2024-10-08 11:31:25
7cfcff7d-390b-42d7-b737-93a4a8cee85f,Sbflnyswrxqmpr,2024-10-22 07:50:37
1dfa1d5b-5539-4c71-9dd3-c0d36195b4a4,Bhhedreeovtn,2024-10-22 16:33:10
b3290a91-4766-4a22-80d6-465d60105621,Jejjvgixfhlerbv,2024-10-15 00:07:27
717df494-3560-4005-872c-d4c1c5583a20,Xbjrupjbyrdzwcw,2024-10-01 20:52:29
c490a5cd-89f7-4e30-b96b-357a45312c76,Nijbky,2024-10-06 15:39:45
2e991952-1909-4047-83a5-bbe0af4150e8,Jwjnbxsvawpyb,2024-10-10 10:26:14
15fc2f46-2892-4464-8b94-1914685a3e37,Swqgcytndm,2024-10-15 14:57:21
2eccf1e4-b0db-47f9-b583-3bd748c4d651,Nkgulv,2024-10-30 14:18:08
5e6494b2-7dc6-4d52-9ec7-28cdc8e58ddf,Rknsomxwrfqnh,2024-10-13 06:11:19
390c13a9-4a57-4c61-b336-add3ab1421c5,Pzhykrspw,2024-10-25 23:12:51
dd8945c8-6dd8-4f42-978d-75343631542f,Xfgzicy,2024-10-28 22:04:02
ef0fcc2e-1b0e-448a-9e41-4acc348996e4,Wihhu,2024-10-01 03:09:01
7ace13ac-d757-4d61-b4dd-bc5f87e70d69,Agjwitawp,2024-10-14 05:37:48
8be6e9d6-b571-4ea2-a2ed-87b18e274723,Bdvtzo,2024-10-19 10:17:19
d04ec720-05ec-44bb-bb7f-79a81f901dfc,Orrbtkgidxwao,2024-10-30 17:51:34
5eb844f9-29ea-4361-90fc-794783356b8a,Hhbbjavkzi,2024-10-05 03:41:29
2a854bb4-8516-4020-a4bd-4c5dc78d3bf6,Zbdqinarg,2024-10-02 00:09:08
058394fa-c1f4-4150-be1c-234bd16df662,Ndidi,2024-10-18 20:02:29
dc6cb5c6-f048-479e-8ef8-36599d935278,Odztqz,2024-10-23 22:11:02
7c011397-2879-4e4f-b2b7-d1a4b5dd2e89,Cagxhyjk,2024-10-16 21:19:07
d2e35be7-e07d-49f9-b28b-8fe415c7c1f1,Awyngm,2024-10-22 21:39:22
7d025f8c-ed3c-45bc-9d42-daebce9d136b,Lwbuxlqh,2024-10-18 10:55:43
195c11e1-f62d-42c3-bc93-05abdb11062e,Gmvqfnibypdnr,2024-10-06 00:48:34
3edd0d35-6ab6-4f10-b949-28e65af57db7,Prbumrvb,2024-10-04 11:53:07
95827732-55f5-447f-b6f3-6765ea1a5dab,Liowlcd,2024-10-12 19:42:33
bebb8663-b9d4-4db9-81ba-89dae20133a3,Cbdazymzwh,2024-10-17 00:30:34
90c2d244-5b0c-49f6-92e8-c29fe02fb9c0,Vehrvoqpjppwuke,2024-10-20 04:56:22
cbad67c4-e8c8-44d1-8b24-cd60a5585eda,Pqitqpbimawhzj,2024-10-29 22:48:54
f76b755a-c527-408d-ba90-32fac3ef088f,Uqqrdgte,2024-10-31 14:49:46
2d5e79e0-4ef8-4c11-aea1-147d42c169c4,Bkvhiffa,2024-10-15 21:33:14
b313a696-8e17-4afc-b626-56adf8040378,Ujzbt,2024-10-14 09:51:06
85655d3d-894b-480b-a61e-d01e6a62b895,Gnzchjt,2024-10-17 16:00:47
a4e94193-ea1d-49c2-b261-83f75343588b,Kbhoiyovk,2024-10-10 10:34:58
009807f4-2752-42e2-9dd2-0412b1cbb7be,Hkjmgqrzq,2024-10-18 11:45:28
b6f33383-dee7-458a-a7a1-561d2280b381,Mekrcglgbz,2024-10-28 09:59:10
fee01667-8f85-4f73-9d78-2a33f34d5a25,Illgfjwfhet,2024-10-16 22:16:38
1719772c-e24c-4b3f-a8ec-cf39e657efeb,Dujjafzppzgg,2024-10-22 20:22:34
0a987d34-0356-48a7-b074-ac04110a1374,Ylubbmkxyradtcb,2024-10-10 20:53:34
7c9a4d3a-d74d-460c-8def-2349c13feca7,Cnsdtjzyb,2024-10-02 05:57:18
b3ba5555-242a-4ffe-af37-719a245b7e4b,Bumnlii,2024-10-04 20:23:36
fa309007-d3a8-46db-848d-c096e57513a5,Azukodkzndctdhn,2024-10-17 08:43:53
074866e7-ea2f-4c4f-95da-f0d242d11a7c,Korkscdigx,2024-10-20 05:23:41
ce464f7c-0b22-4bc9-99ab-9379a34d8d08,Yrcdvyrzpfrsshm,2024-10-06 13:59:01
18fb7bbb-3017-4af6-9033-dbd2f4101fc1,Wkvbigsytq,2024-10-20 22:43:31
6d1e7caf-78bd-4e30-a360-07c0879890a0,Grmrvwx,2024-10-22 18:38:13
87021803-4d9f-40ea-95f0-db39b06990d7,Wecpyekxo,2024-10-21 17:39:21
32dfd229-15ae-4487-88a2-41129a0353db,Itifyiwtdxcy,2024-10-13 02:36:30
3c56f950-ef2d-4f09-990a-e82c904f4dde,Aimjzmapleod,2024-10-12 13:55:13
95784689-4a91-429f-90c6-c0d914d4dfeb,Oqrnevzsy,2024-10-30 01:32:00
5d260f56-d8f1-44ed-aef7-aab7104a3035,Ygonoimokb,2024-10-18 19:30:01
9978361b-9f52-421c-bf68-cc1c3e3367df,Bhutlaivkkip,2024-10-22 06:03:18
83e59e52-6db7-48c5-b3d4-595f5b4e9335,Dlufnwmlhgnim,2024-10-02 12:50:16
ac4d5fac-ec0b-48d9-ad81-5cef37bb8afb,Ncmuwnkn,2024-10-09 00:03:30
2a2f951c-eb4b-4777-9fb0-9308f7ea9a8f,Zyzwgjpytv,2024-10-26 00:58:27
b82e29ad-1f6a-41cb-9855-70d80ff1c80d,Jbarayazrnvefw,2024-10-11 13:56:39
6943be3f-479d-4da3-9a40-b093a8445218,Tprsvvhc,2024-10-05 04:45:59
e5061427-53c5-46f8-892e-25d9af32f932,Onmcwyr,2024-10-30 00:53:40
40262ff6-c31f-4f08-9bbc-0ffdae29d475,Adaktcpjqnv,2024-10-18 06:29:24
7dc30c25-67b5-4242-822a-f6afaa6f9cd4,Ocxgnoxsm,2024-10-25 03:31:31
910d6726-eb2a-4a3b-9802-17700f3bd1ca,Msonpgc,2024-10-05 09:31:56
500445bf-2e74-4df3-ac1f-242fda11f266,Qfigaujpvj,2024-10-16 08:50:11
1d7f65c0-6c30-4155-b984-0e0630029efe,Nxnpfezl,2024-10-01 07:12:51
2817cbf1-d5db-44d0-a006-4a2206e7c464,Qoqke,2024-10-05 16:37:58
e8fce164-dbf4-43a3-88ba-e73be6b49b78,Dglvcdgfuegh,2024-10-29 22:14:41
22f89f23-3679-410c-823f-393b40e533bb,Wokafkzolcjrltz,2024-10-13 21:01:41
7860ec43-c7e2-47b9-9d67-d1ce5add95ba,Mwkqgiyf,2024-10-02 22:52:05
a085fcdc-a08a-4b5d-bb0d-b873b55f7aa1,Xtnduhxcte,2024-10-10 03:55:07
719de2c3-aa06-4873-b043-619018ffbd47,Skqftkpdtuyz,2024-10-27 09:07:53
2b0f3a5d-63b3-4139-a74e-7732dff415a0,Eudkubmcad,2024-10-07 20:40:42
b64ed9e6-996b-4380-94d1-50d183c74d2c,Zbvxaonjsfvg,2024-10-04 02:43:24
f4661f06-0f22-4014-8396-b6f190c2ccaa,Nlyjouoldgzpfj,2024-10-11 06:48:37
00738312-e85b-4cab-8030-f4922f7b5a86,Zwmqnwmrwsmzzi,2024-10-12 20:25:06
6903ed0f-abac-42f6-ae29-484edaf7f9af,Pcpfcdqzqjft,2024-10-13 21:04:58
aac03dd4-8688-4d52-88bc-ba2b2b7c9e23,Aiuax,2024-10-16 11:17:50
e8af2ad9-a79b-4118-9d68-2c9a57085369,Cmideyi,2024-10-12 12:58:56
f61f394b-d9cc-42c9-aa1a-d9249fdbcd95,Fdgzqgezfwxd,2024-10-05 13:57:25
68540ce1-e2aa-4e62-9944-29e04227188e,Rudognblwgksb,2024-10-07 10:14:49
1f1255b0-437a-4099-a1ed-2579e42b68f4,Pkrjgkjxifzwqv,2024-10-31 15:08:59
f32a1907-3a68-4da6-84e6-8ec6c514a622,Mbbnuxbiztlwv,2024-10-23 10:28:40
5088c9fe-3d2c-46f0-804f-c17e9abd7c83,Dkevxzi,2024-10-06 01:09:22
e8b87de1-ca5b-432f-9d59-61ef13b644fc,Mgghwjoyil,2024-10-10 02:35:29
3cf88379-170e-44e6-9c93-862743010727,Pngjuuspvh,2024-10-31 23:31:51
760472df-8d49-4e99-a1f9-a8d9a39bbd28,Fdvafgdtb,2024-10-03 10:12:22
ef018578-2c02-426f-898f-dd83f6db76af,Ckwpqaxyccpnyy,2024-10-30 05:14:51
860b77d2-9f14-449b-8826-80119a497a5c,Iseaqyavb,2024-10-24 05:00:04
150a6d9f-fc8d-4fd0-8643-a633e3aeb424,Jmmttyo,2024-10-24 19:48:16
fcf10a4d-0f38-4e70-a68e-90fa872ff512,Gkppmqiopyln,2024-10-07 03:37:23
8b5fa2ea-93b0-4fbd-b992-2ae40591ef9f,Yovuprt,2024-10-21 22:32:16
3a70916d-8918-4040-959f-d555419542fb,Splbjkjgjozyo,2024-10-11 05:54:21
ed8d2543-e1a3-4af9-8541-8183a622a2eb,Aqgdrxlvmrncns,2024-10-24 18:54:08
4a26705c-967b-4008-9815-31b44ae14428,Xkeftgxygggfueh,2024-10-09 01:52:29
d8cff925-173f-4dc1-967a-267adb6ae5dd,Vcmkxo,2024-10-18 18:34:32
d19ce92f-ef13-4e6b-aa1a-fcbb77164a16,Voslmpoupakorgi,2024-10-24 17:02:33
865aed09-d182-42d9-96cd-8a85f2c0fe07,Ufmdhmxwejey,2024-10-10 20:30:56
8f46b91d-2bbe-4b30-877a-a8bd324c4d46,Jfxhfvorp,2024-10-02 20:44:04
1e45354a-763c-4816-8ff0-49eed7c666ca,Nnyrnejjwrb,2024-10-23 19:20:38
b9a2d428-4c87-4695-a667-cfc7d05bd77e,Motldlfx,2024-10-28 02:50:05
e5d2468d-73aa-4de2-a4f2-9ee8175cac04,Bqmgng,2024-10-19 12:53:06
6cc6ef0c-6853-4604-8262-c3ac2b09e1c4,Tbpfocndst,2024-10-14 13:32:23
9eecf1eb-c696-4245-bab8-2ece819532c5,Dbtztawwy,2024-10-23 07:37:39
c67c2128-0c67-41c0-8ea7-336a0b324bb0,Lnoebiwhtyx,2024-10-08 18:48:29
cfff2ba4-bd5c-4558-be7f-ebc74916753f,Xtpqfotakr,2024-10-02 21:55:04
e36816cd-52f8-41f9-b879-0a9d0181a5ef,Ljpzqixns,2024-10-03 07:56:24
9fe2a8b8-e3a0-4739-a649-d2e8f8ccbd1a,Zzlapbckrk,2024-10-01 23:26:52
04f3e524-1ad6-4c60-baba-14dcc8e28fdf,Hommtrqtanpwr,2024-10-16 10:50:56
3f4011fe-a8eb-44b3-92a3-0fb3cfc0d211,Fvwitgkhkgfdeeg,2024-10-22 07:09:42
f6c6f023-9ba1-4a0d-97d0-3242f0897f56,Ygfjceonelmskr,2024-10-03 07:54:59
551d4dcf-0eac-4531-afa8-4706c4e51a2e,Thtwq,2024-10-16 07:59:50
5b2d609b-7568-4a36-83ee-e3c73d471278,Gjabjhebk,2024-10-26 12:07:17
fd0313ac-6578-4f45-a803-99d389e71ace,Punsmntqqygh,2024-10-26 10:21:27
abd392d6-2126-460b-babd-5549cb6683aa,Iwfrs,2024-10-23 02:13:06
7a134a89-2f43-4c07-9207-119b0821e24d,Nuxpmyjthzqu,2024-10-12 19:25:40
9722cb34-270c-4811-9753-3130c67eb161,Exdbrjjb,2024-10-31 12:01:38
8d1e943f-00ba-464a-aaa6-45a31e89b90c,Tiixkhlpeknur,2024-10-02 17:47:28
5a111ce6-f5e5-4fe6-83b1-690e3d24a29f,Dyoyrfwd,2024-10-28 22:00:33
e77d496d-9f8a-4181-89e0-b191d592e213,Fgwdpgcndivwmos,2024-10-12 04:34:05
e585cd6e-005e-4b7a-8736-0ac0a14ea873,Adxxcfhkz,2024-10-29 22:15:39
b20c9f82-cd63-4561-b9f5-395c72ea1f6c,Lpraohaoksf,2024-10-05 02:55:32
1bd071aa-94d5-40b5-a0f9-7d9695b0229a,Pxnutxr,2024-10-10 11:28:54
e84f175f-5db1-4dcd-bb5a-c4c18b31f3d9,Kncskggmdtvpha,2024-10-04 22:28:26
e9c9acfb-e536-47bb-8c2c-4bc1a826b387,Tbplteodxwlgzk,2024-10-25 12:23:16
f9ad5abc-50ca-4037-9951-0adae7dc1709,Zcsfp,2024-10-12 02:47:01
ac3d025a-bd1a-4488-af51-7baecd5709f8,Urnrtlbdpbw,2024-10-09 22:41:07
fe3413e4-34fd-4c4d-a863-5e48b33c6b41,Nfbve,2024-10-05 17:04:19
59d38a5a-3230-40ed-8e5a-7ae0c59fa662,Meatqelmco,2024-10-23 08:07:51
363886ac-0feb-4f1f-a48b-c84ad9e42297,Xrflfhipoit,2024-10-28 14:59:15
8e629e47-49ac-4f60-b522-cfceded7dae1,Badxfthjqk,2024-10-23 04:37:57
6d3a14d7-21b3-4f11-b467-c0924972e252,Bwzvcvacj,2024-10-03 03:40:34
e896cafc-babe-4ea5-87ca-adb6f5ed87f2,Zpqptlsdbwxniqj,2024-10-15 07:28:29
7909b555-f569-431c-943d-3f6c10ca99a9,Evifziaakyryplq,2024-10-01 16:49:13
aa30b93a-0109-4aef-90ab-7f92727b359f,Objvigzx,2024-10-08 17:06:44
89d3376f-299a-4a8a-ac51-e15344ce444b,Jpjcjcco,2024-10-23 21:56:09
3502ebe0-44d3-407e-baee-b743d08aa142,Xcflsqmktblks,2024-10-17 12:08:42
1939372b-be2c-4b8c-b076-395dc8610ac2,Nuigvoun,2024-10-12 07:38:16
7847687e-8836-4300-b35a-d646d9075f4a,Mbogfxheeax,2024-10-08 08:05:08
e063d1ee-d11f-4eab-9f39-f204f2891bc4,Ehvchuahcss,2024-10-11 11:27:54
afd017ff-1074-471e-a6cd-6f99036702e1,Zcgfjnszltlka,2024-10-23 06:21:24
82d30494-f3f7-4bdf-8cb9-fd86ad460c0b,Wlufaaxouqpvnz,2024-10-01 03:14:35
9890f132-e141-433b-95c5-5502585072d6,Irbkpiit,2024-10-21 07:48:17
738e446f-d46b-43e3-af70-ae7a554e84fe,Tktcgqbovza,2024-10-07 23:39:06
0d45e60e-821e-46af-8cae-b8f2c76ae475,Daldmxxra,2024-10-04 03:18:11
29c9cb9f-d82c-414c-a52f-342342ebb9ac,Cmhcguxk,2024-10-16 10:12:32
8f2cf054-1d62-4691-8a77-40e1e479886d,Lzwpyncgxah,2024-10-24 23:40:31
2e1c4313-f514-4be6-a47a-e395cf42bee5,Eqfpymccjczjqk,2024-10-28 13:49:07
fde7a65f-ff0e-4281-96b5-93cf81e9a88d,Wdccw,2024-10-24 00:27:48
d8aa0749-149d-492a-9c9a-8258afd8fbc2,Xkcapvcbstcuuq,2024-10-05 15:25:36
26a398d9-ad03-4966-ab58-257e7a0ea1aa,Hdyxnhybsqf,2024-10-06 05:20:12
335055ff-a31a-4dc3-a9bf-971f5985c8be,Cojtqsoibzs,2024-10-17 07:44:07
e3733182-6e4e-43a3-90f0-17c0d13202d6,Mogufcjnekmco,2024-10-24 07:56:30
d589bd94-9a31-49d3-8566-759cdb710312,Rgsomrj,2024-10-01 14:16:27
5d8b95c5-03ba-4809-9459-9afa417ae710,Axfrvhfcvrrqoa,2024-10-10 17:07:49
74a1293b-dc87-4243-947d-8967e929c661,Ictcmctiidq,2024-10-17 10:53:14
e8966ff0-9677-4666-bae2-b0c87cc1349b,Niiokdrqmqqmbdw,2024-10-01 22:01:36
e9e776b5-3270-4b5c-9e57-e5bb7a7feb43,Kwzoh,2024-10-15 19:55:51
fa14d15c-de16-4793-b980-2753b3d530ac,Xrjzaf,2024-10-26 00:28:39
3ca7e291-93f8-48dd-91e2-def72819a74e,Cgmvfbfdzpyg,2024-10-04 20:23:30
ae5e4b95-99a5-4f63-b475-3a159bfef2ba,Erqdsczienpv,2024-10-27 16:47:36
9f912058-5a65-4906-8b99-8551e441c8ca,Nckyfaffw,2024-10-28 23:45:24
b4c95b69-7e1a-4729-95d7-0a2c4794c2d3,Fudvfhmrfaysbos,2024-10-08 06:33:03
3c472418-83c6-4be4-a45a-29228f976558,Nrrcs,2024-10-26 01:18:59
e3541429-7aa3-430d-9d55-acac7ab4b76d,Ylvvicskhjpvdjk,2024-10-06 09:53:11
adfc88da-66bd-4ee3-b83b-330a27b332e2,Nkvaco,2024-10-31 14:56:20
53a30652-5b66-4c3e-b2c4-e78d4eaee951,Gjedhx,2024-10-26 20:46:33
6e6e9049-bb20-44bd-95fa-4a59274782d6,Ttgbr,2024-10-22 08:43:04
5ef71031-b877-41ac-ac60-26043a3269d7,Gtzsldk,2024-10-12 19:32:03
9b40b40e-dcbe-4e3f-bc9a-8eee1676d3db,Fapbtvsxegvcgox,2024-10-01 00:56:31
00ebb3a6-5e9f-49af-ba5e-146fa1c818f2,Grrqwkiyo,2024-10-26 03:10:09
c3ae85cf-f065-464c-9e2b-558cd72a9714,Zmueffbwzfz,2024-10-20 08:45:40
33247bbb-c2a6-4e9b-9187-fa7198893816,Kwivg,2024-10-09 12:03:03
d617b9ae-0df4-4a87-b037-dda03b955e60,Sszinfgbz,2024-10-06 12:44:57
1525018f-4e15-4437-89a0-d68b5ad6cf84,Gbgkkycppbl,2024-10-18 20:35:14
537eb809-1717-4307-9369-9bf53ab4f8aa,Ekwochlmyrme,2024-10-28 19:09:04
b5f17e8f-d8b5-485f-862e-7f41105f40a2,Wlymnszoi,2024-10-25 16:59:16
da3b83b9-5f3d-4790-91ed-c73ad5dd9fa6,Fxehmoixvcyqaq,2024-10-02 20:19:30
40d7801d-e2ac-4ca0-9882-8faf5dc7fcae,Mmuzvmbeyephyet,2024-10-05 22:20:05
75b33f7a-e03a-4802-bd81-b5638df415aa,Vpfghrfjajyy,2024-10-18 05:47:23
4950c194-9b31-4572-8b2c-f9880f383abf,Iwgjfm,2024-10-28 04:14:50
ecc715c1-0ac1-43e8-928e-e84d707740a7,Mahewlkfz,2024-10-07 15:26:40
92bc9fd3-c53f-49da-bbde-c11449afcfc7,Thakjwmoxmt,2024-10-27 17:05:17
205e653d-f9bb-45ae-a818-4706eacb4721,Vzesh,2024-10-05 16:12:12
b200070a-7ca2-4dba-8f9e-4eca0b6a3999,Tpwtlmstsonfjxy,2024-10-20 15:03:06
9ef23377-c8af-4df3-b89b-e81afb575813,Umxswfn,2024-10-09 04:54:05
ad31aa62-679b-40ce-8075-9541fbf39619,Xsnkxxkkajpxwk,2024-10-20 19:11:31
abdbafe9-28d5-4f9a-9d36-eb4b24132d0a,Deggxmr,2024-10-30 03:12:13
70d2a085-0535-4a67-a16e-1743b155ca19,Bpwvv,2024-10-31 06:15:28
bc08d708-7843-4192-bb6e-c70467ff529e,Sgplk,2024-10-02 06:29:49
99477447-1487-4c60-8bef-47beaa346338,Icmoppstfdlri,2024-10-07 04:49:23
15cfe8a3-55ac-4a7d-b17a-a335c64d137e,Erpitnbbsg,2024-10-28 17:19:19
76dcd728-60d6-41c7-b979-2d94d99b6dfc,Jxolezvcotluoda,2024-10-21 00:13:21
04784a3a-09de-419a-b472-f8801db83af9,Fhaoqpm,2024-10-13 11:46:29
c796e10c-826e-4623-bc3c-f0e949b66ff6,Difaxxmfwlbl,2024-10-30 13:52:20
b2ea9159-a3c2-40ee-b3e5-af2d6c93c20a,Snvslarrdxcedb,2024-10-12 07:29:33
06c3d220-5a16-463c-b8ed-1f16c342aa59,Srtavdo,2024-10-27 06:47:05
8d200ae3-d49a-4b95-a557-53672e7f30ae,Ovktwpxwvevx,2024-10-19 16:43:23
5dfa3070-2c20-443a-89a0-120b07e8b92b,Bdmcyyjjtou,2024-10-10 06:14:20
cf8c0200-7f6c-450b-a836-cb60cb946848,Mhlaf,2024-10-08 22:23:18
9210600a-2904-408c-b7bf-27c45cecc829,Wbiusbclghiqajx,2024-10-25 21:12:07
4332f5dc-0181-4ebd-965d-7219e931a659,Zdqyidzctawkwzp,2024-10-17 10:34:07
0df77c93-7300-4866-bee8-6f04bbcef89d,Bffnkesucwuwk,2024-10-16 19:32:16
6722d074-5816-4305-8dbe-ab9c0c63c084,Bxqbxnko,2024-10-19 18:41:00
1e92adcb-5530-40fe-81db-d5096388d8c2,Tblxaqw,2024-10-14 08:58:55
e8e51ec2-68e4-4612-9c8c-a361be0d3a09,Rpaell,2024-10-18 22:02:32
01540dc7-c536-42ff-b2b1-41d8c7e76f33,Tdvkntqto,2024-10-13 22:54:51
76250785-94da-4a22-ae93-550cc077f532,Kpwjxnjfjxsdl,2024-10-25 04:17:52
f8675a55-f2da-4b22-82cd-100c0345efc6,Lqffy,2024-10-18 02:13:56
d4da0d04-95d5-4d65-b830-7c74fd7d06ce,Kqqxlu,2024-10-29 21:04:35
1c6466ef-ec33-4679-a014-c77a35a6692c,Rkbyhncsmpbgp,2024-10-09 05:32:01
3cc921a5-7f6b-489b-be82-9ebd35b59438,Lozqlahew,2024-10-16 07:07:02
c7faab5c-c621-4987-8660-9ac0b27894ef,Ogdzv,2024-10-22 12:16:46
7bf50302-8fbf-4536-a3fc-3e8c9cca5a56,Sdetzs,2024-10-27 08:07:09
ed895313-d827-472b-9ecb-8fe52e89421e,Wtywusj,2024-10-11 00:04:59
b369c248-4565-4c40-8918-d39e61360112,Qlvbrycn,2024-10-15 02:28:15
82021c11-6406-4cf8-a0b2-57f1e172e536,Kpjedaqwmiswq,2024-10-18 21:07:20
f3817056-c263-4f6c-8662-bebbb7534c2b,Hoclf,2024-10-29 18:19:48
a7678b2d-71b0-455b-a32e-f59cb59fb27a,Ygtwttx,2024-10-30 04:20:42
30e43ee6-6101-4f1d-be44-2634bc70f28f,Emklq,2024-10-18 15:37:10
ba0a004b-9169-4fd2-a0c8-5802bd473bda,Iwdbrknfcemfqmx,2024-10-20 00:04:07
331bc3b5-27fa-4f8f-89ba-61f9005864ea,Cjvuctgzexxetj,2024-10-26 12:29:10
1c15b8c8-30bb-439a-b266-ec593a8c169b,Gejwup,2024-10-02 11:55:06
f4ddff17-c750-448a-a61b-1434abde61ef,Xjnwg,2024-10-05 12:25:45
8d37ea1b-cc54-492b-9027-e549fc8d9317,Irtvzae,2024-10-21 00:43:09
7a7bb7dc-5b18-4558-8601-5d30661fe71c,Cqrpovxtkvgvl,2024-10-29 22:44:29
7bc14a4e-34be-4453-897b-e69cb52b4b1d,Epnghovahgr,2024-10-15 17:58:42
349c3f4d-5979-4dca-a444-2558a759470f,Efdjdfffzozan,2024-10-29 06:36:41
4542a84c-4ce9-4d95-80c7-599ec1cfb680,Htltxgqz,2024-10-22 23:03:38
a75a57b5-8fe8-4978-9ccf-8e2e4dffda35,Vitdtfgurvv,2024-10-30 19:38:32
478c8fdd-e571-422a-be4b-e2722df72088,Kjanewpqbgabw,2024-10-14 12:37:15
1a19b6b4-661e-481d-8374-5633df6f020b,Lnbnd,2024-10-04 11:05:38
9184e17d-bcc9-4f1b-ba6f-648c9ecbe18c,Hvyhftflpos,2024-10-24 02:16:27
3042dbc3-7f59-43cd-8963-2944e95a05a4,Ygzrplxpukeyj,2024-10-08 23:20:47
e8de939f-d507-4381-be45-90226474ad27,Okbafxp,2024-10-11 12:52:26
947f7b6d-6abe-42b4-8c4d-345714b77632,Qmiefra,2024-10-27 16:01:09
7945b784-cf5a-464c-b95d-4ebfac46f129,Fnjxspkjvphka,2024-10-02 11:06:57
d2f68708-a153-4a1c-9ca1-ac7add3b345a,Pdqrias,2024-10-07 08:50:38
050b8996-4501-405a-a7b3-732a984edebf,Umduxwpszqlkk,2024-10-26 22:40:31
8a66a571-5075-4f45-89fa-53fb15440b23,Fpykfsjm,2024-10-17 16:32:45
dddc996c-65ab-4d04-b937-2919bcda3c4c,Ikjgtvquw,2024-10-27 20:05:32
9eb40270-c5b6-4b40-90f7-1e6a8099f1c6,Ykzvmyftfchvbjc,2024-10-29 23:18:24
cea2d27c-6e2b-489b-907a-f1924a89110c,Inbphpv,2024-10-21 02:38:59
a9156829-87a0-4952-8ced-e5e424c721a1,Eblqyiviwtehzwd,2024-10-27 14:40:47
c9a223d6-4afa-4950-a168-e2dfee4239fb,Ugzsabclzqsell,2024-10-21 14:08:42
308432b4-68a3-4591-bcc5-32dc4bd16f17,Muwkrjqktmtkwr,2024-10-31 04:56:40
c029f773-7453-425f-9fbd-ef18bb63c1af,Axcyznstqqvzi,2024-10-07 03:24:03
5844afdf-5029-4b7e-95b4-3beacb25b8f6,Askgzcmk,2024-10-12 21:48:45
718547e9-5f0b-4a38-9175-9d8af2570096,Djztxuaaosawkjo,2024-10-29 22:28:49
5433f777-8111-4eef-a175-bc0157d37fc9,Gqktbztixytf,2024-10-27 01:01:30
984aef7f-32f7-4914-a8e9-030326dac50b,Hpezovdzqprfwu,2024-10-28 04:44:19
a34de308-154f-4b13-8773-a5f8e23f5f8d,Lybygbfoaec,2024-10-28 17:05:56
5899df73-927b-4052-9fa1-7ea0478059c0,Xasjqrcxetc,2024-10-20 03:46:28
c557e541-d17c-4d37-9f43-5f0a6e4e2a3f,Bllbk,2024-10-05 19:57:09
c20a81b7-917c-40ee-a793-66794f79542a,Gvwxgftcao,2024-10-21 08:35:12
b71a4d1c-0194-447f-838b-844ecf904fbc,Yzohtxsnfnupzn,2024-10-18 11:30:18
e732ac39-e842-4dbd-b97b-4df640a30e0e,Unooztialy,2024-10-16 03:00:56
7f4f22ba-a8d2-4829-b761-132f1847eb87,Hisibghylwyg,2024-10-01 21:39:02
3aa7a5c2-c3b2-422b-afb4-fa3191bfda86,Knbbybrdtga,2024-10-18 18:44:45
12ea355e-4831-407d-a198-4a9d65b41efe,Skvhzb,2024-10-04 02:43:41
5a9df763-436b-488c-a500-232f408a899d,Bpfbpijbnyhmqla,2024-10-31 17:23:01
41ff8444-e539-41eb-8a04-4a302921f370,Hlbuibwhdisa,2024-10-02 09:01:20
7549a899-c7de-4711-87c4-acef101ce239,Nbhiuafsgntkjiy,2024-10-07 22:16:46
cc678255-6698-44f7-9f15-fb294040f225,Mjpgy,2024-10-12 06:13:02
0bc3fd3f-a1ed-4a0c-b381-ac2ba69a924a,Dczun,2024-10-05 20:45:14
0fc92b9a-2076-4cf2-8e0e-eb0286f6f81a,Pvdstewmjl,2024-10-27 17:35:01
14905234-0137-4c00-9447-75bb21963882,Icvtcysmy,2024-10-08 22:58:26
c172f6de-4ee0-467d-96ee-6489f7e8f9dc,Ecmkif,2024-10-14 16:53:10
1699d597-ba2d-416f-988c-301d81c3d20b,Jcrxisojmuyrvm,2024-10-19 01:50:59
1e5390c9-299f-462c-8d7c-2cb2e5f4bec3,Wgamcwtlzabwjgr,2024-10-20 04:44:58
4dd62820-dd85-4982-b49c-659fbb530c50,Vwdpolss,2024-10-10 22:20:01
76934501-667e-4c57-8aed-e833d77130e1,Tvkvwq,2024-10-23 20:50:06
e7588642-c505-4ec9-a4ca-f720b81b47a3,Qjzkxjtehhjeehz,2024-10-14 07:18:30
58eb0379-3fff-4ef4-8364-b379044af0c9,Ivfyqoxeeedb,2024-10-15 09:45:20
fcbe01da-9d65-4486-a74b-e4c3241f7acf,Xxefjwuolhysks,2024-10-30 15:42:32
ba046b95-4b27-4b61-838f-4066e89eb8e2,Samklsjp,2024-10-24 07:00:44
d74b01c9-1600-4554-bd98-d6100a69d43e,Azsstgzblkc,2024-10-31 18:19:10
0b8978ad-a2ec-4148-acd6-2b8d2a72241a,Ecasifcfkmxsqdw,2024-10-21 21:48:33
a5770710-22dd-4480-875c-1f877e044033,Owtmsbtjieifxg,2024-10-07 13:45:18
3b71e9e2-d5b6-4897-95a2-6c57082a6fa7,Bainoh,2024-10-18 00:45:59
7343fbac-b7c3-461f-83ea-6f02651de012,Gdzvjbpgzoh,2024-10-24 17:25:45
63338c48-bb47-4bab-9786-48e1cea189ce,Bxirmo,2024-10-07 08:43:40
868f685b-72b7-40f7-85f1-5556134a469b,Fgmpvg,2024-10-05 16:38:27
dd409d3d-f358-4147-916e-3ac1dbeacb43,Cpketcnpjzrabby,2024-10-17 23:15:17
8788d508-b6c8-447d-8ff1-4923e83a3d7e,Kpbdrvcrw,2024-10-19 15:02:21
3a84518d-cb7d-49cc-b058-74a58dd235f2,Zvogmlhneivuww,2024-10-21 06:40:00
16133b22-e26a-4f80-b074-978cf9addda0,Mixfmwgqxv,2024-10-05 14:13:29
d420cb68-be6f-4278-b4fb-c67eea034e18,Qpajbsdyqk,2024-10-30 03:45:43
9d362ca2-177d-4dc1-8e32-de4544b3cc52,Ebghqyht,2024-10-09 22:07:58
4d9a6b38-d562-44ff-b24f-b6e1bf1602c2,Esbjqzwgupjo,2024-10-10 19:03:19
b4c4fa77-0323-4bd9-8667-dc396a7cf2c9,Mlujp,2024-10-29 02:51:52
19a22416-8484-4e03-9fc1-839c7a680944,Dbjsy,2024-10-01 09:44:09
608618db-61e8-4ac4-9d76-ae2122459c73,Cqttdu,2024-10-08 09:43:47
0fed87b3-7fee-462c-83e3-d768dd6bb6ae,Azmtsxcnhhvs,2024-10-01 16:39:22
c0a78c27-cf6f-4a82-b9ab-de29c76f5383,Qpvfzhstrfle,2024-10-19 02:01:05
1189aea5-a5eb-4395-b2ba-61e5d303d740,Okmubuxf,2024-10-30 20:20:46
2578664a-3d6c-4f58-8b10-e9931bf6bb2d,Wahjzictgfg,2024-10-27 17:12:53
582b830c-d38a-4a92-97a7-b53665ad1abd,Bnxewgae,2024-10-14 19:02:19
d57b367d-0e9a-4312-919d-b12914ce33b7,Jvioovjwrph,2024-10-25 19:30:51
bad30bd3-c080-4b0e-a7ca-54f9feef873f,Hqrms,2024-10-13 13:46:20
1e56311c-fd94-4d41-bd96-561e50ed645e,Lpdnxnlv,2024-10-12 22:39:55
f317033c-1b3e-40a8-8c56-d0d0ce4fa582,Ygumlhciiisuwy,2024-10-02 00:12:53
cbee9271-d1b0-4428-b05f-ae4cbfc925ae,Qezgrxmwvuonsuj,2024-10-01 23:28:06
bab25e33-0078-40e0-967f-0154ddc2f64c,Mefmhmabigo,2024-10-05 21:18:44
1c128dc7-1b8b-4455-ad9e-833e9ee445c3,Mcxodfzgrew,2024-10-22 11:13:52
30f3c7de-66de-48b0-b730-16169e441ac0,Sfftgaenqvb,2024-10-08 02:39:24
01a9b0c2-de49-49b3-b646-5433ef17f93c,Hzpgosjobvxbe,2024-10-10 04:00:50
10695cec-64a5-4ab4-aee2-5defb7f98288,Yxxendzlqxik,2024-10-16 01:56:21
662b4ddf-d8dc-4c35-b787-92ad750fdd19,Ugtbpjgov,2024-10-08 21:18:24
2863a0df-84b2-4cc0-8985-513feceeaec0,Iqoyukggawwuaav,2024-10-15 04:22:01
0e10fe00-3f15-447d-a93b-14fc498425d7,Olknqax,2024-10-08 02:15:18
0bb2f1c0-e022-4261-b143-649ca8b848e7,Ayvowglhua,2024-10-23 23:35:39
4e1654a7-b422-4487-bfa6-2a2667ba7fdd,Kwixhkuhb,2024-10-24 10:03:42
57e15339-4b88-4617-8374-7cd45a0fb936,Yjfdhr,2024-10-30 19:04:24
0fdb41ff-0454-4376-b4ff-9ab223172aec,Sgmvk,2024-10-30 11:23:03
b689fbbf-0358-4e50-ae36-7de37fe7fd39,Wzljxjeqepyxtqo,2024-10-29 21:14:29
9c76bb50-88c8-47aa-b206-5c7601f3b316,Ctlykt,2024-10-22 20:03:55
cbf0969f-93b3-4413-a655-06aaf3af59af,Ibkokczlgokkcl,2024-10-27 04:35:46
e484c643-4cdf-46ad-9e5f-30f4240fb3c2,Smyfqvds,2024-10-08 14:09:01
a24e8179-b2ad-4cc3-b753-c1e265378bd6,Fdiuxxg,2024-10-11 00:11:06
c5e8dfc1-c384-4d84-8e97-bea40e105d7f,Owaajmbjgcwdhhq,2024-10-18 21:30:51
8ab2a6de-d8dc-4c8b-8de2-3f7cdc5bd221,Sknpvjigfexji,2024-10-10 19:44:16
8dbc7ed8-4c41-477c-9500-4feaa063f293,Qtxtddgwtwwf,2024-10-09 18:22:35
67ba08e0-edb6-4518-b859-b673df118ef7,Qtehzjwpdos,2024-10-23 00:23:09
329683c0-5757-4e81-bc7b-4408e6b25879,Sihzwkqcdxdilzw,2024-10-29 02:30:38
55e503f1-a694-4b48-81f5-ebab003fb0a3,Ioprdreldohdk,2024-10-28 05:33:21
99d67730-c1ac-4fe7-abfa-8e4b969b0f15,Ggojqxqoszdxtel,2024-10-14 06:13:35
bfe7bc7b-c6d2-4e78-a360-18a19180e364,Umkzwhuruuriqw,2024-10-05 22:23:26
3db4a6a1-4d6d-4d2f-bdd3-c13ed7c1ec7b,Ooppsx,2024-10-20 17:10:28
c588c19d-a495-456c-a6c6-af49cefb1b07,Jeaatrhju,2024-10-31 09:43:02
6201d864-74e4-49f4-9d42-5c7e8de969be,Ivsizv,2024-10-29 04:15:59
7638755d-cf8c-4e80-a0d6-cc561b63d194,Bzxlcmplbd,2024-10-01 01:45:11
1a4c2965-a7be-4397-9433-e6d8267f416e,Moyodzaplu,2024-10-24 09:48:55
b7c60809-7061-4059-aaf9-e2f89d9f9b01,Rpjrtrdm,2024-10-31 03:11:49
e9d6c440-0dec-4205-be02-2ad18160337e,Nzhlhakqlqbu,2024-10-04 10:47:54
c3b13948-2895-4925-bb4b-7732cf2a29e4,Hhrqdtek,2024-10-23 02:21:12
afc0a618-2851-45f8-8390-ba5cef3d54a0,Qtfblmrv,2024-10-23 04:35:10
79b43980-bcba-4635-9115-4eb6d5391b74,Jeudmdjwoxun,2024-10-12 15:27:37
5af8f481-ed5c-4743-a04c-74005f389f32,Kaxntmmpoo,2024-10-16 11:42:03
10c40305-6f0b-48e5-b9e9-d690e59812c6,Xkmhtblngossmap,2024-10-28 19:17:17
4438c2a2-a833-40b6-bffb-7480186c6f80,Nlndnjglhq,2024-10-15 03:55:56
8aeb3531-cddb-4cd9-8856-81f4ca1e0fc3,Ljjvoxcshii,2024-10-27 20:40:06
57cc73c3-9933-4e17-950b-3424f17783cb,Bjoyxgscvb,2024-10-09 20:51:25
bc0303d7-4361-42eb-9615-f6257ee8a132,Qkqyjeoo,2024-10-17 02:15:08
3ba24ddb-2b5f-40b9-9860-d77bd30b9370,Tcsbviw,2024-10-15 21:35:48
2d732713-63a1-42e2-b7f2-703794cf5f13,Qyabkjnahiugg,2024-10-15 01:50:09
21d1aa81-1807-402c-a706-7e15ef20e79a,Yomylqorn,2024-10-11 10:58:52
36f6a8a8-328a-4ba8-9681-1ef0e82f198a,Pxoapgkehi,2024-10-18 01:16:03
f97b79b3-489a-4adb-ba03-8964c8cb3e6f,Jwwczuol,2024-10-09 08:48:31
ab124b01-20dd-4690-b562-157fd59257f6,Gmhelv,2024-10-04 01:08:15
e7c17f1f-a99a-4048-8319-2643c5a30feb,Rkustiy,2024-10-13 20:17:34
45973a6f-e8db-4962-8023-3b5b9860ead5,Pfqdxdlbm,2024-10-06 11:24:51
530a376e-9c5a-43d2-8e1e-9764ea072de9,Uexcjle,2024-10-20 11:01:53
f339f445-69dc-49c8-8a8b-85f3235dad25,Rqemopqy,2024-10-29 03:08:19
85be9134-396a-4422-aca6-893ce2bb2440,Iicamsezmajy,2024-10-06 04:55:06
ce7c6cdf-17ef-454c-8804-7b8e53a69d66,Huaqrcruybms,2024-10-01 17:35:56
00050a1a-8573-414c-b409-3eb6d5de7df6,Bqmzegadtluzq,2024-10-14 01:01:37
f24161d6-85f1-436e-95c1-326d5057e244,Sxyqdqzjslpqnz,2024-10-05 01:12:47
6bf105a6-9d11-498a-8a3d-b45af92e00b6,Snojjg,2024-10-29 08:54:08
cd18eedb-7f94-44ef-b40c-0c2f6cd94758,Jfpsowyanjcsd,2024-10-21 16:11:48
def3d9fc-325b-4504-9333-18a0f4a3e0f2,Rphqqldiuzivo,2024-10-30 20:10:39
8be6e44f-b0f0-463b-977d-b7f54a43006c,Mlhej,2024-10-09 22:52:28
c03c76b9-19f9-486a-9539-8da9ef73970b,Nqceesi,2024-10-26 13:01:48
4d1b5a74-15b2-4d40-880b-2dfa3d38a463,Qprubkpnjehy,2024-10-19 18:02:38
c4df988b-1cf2-42d1-896b-8673f09eed9d,Bhahquh,2024-10-28 11:54:55
50a85a1e-2165-4f1a-8a61-c3dc8f3e5bf3,Kzhnxllulor,2024-10-04 01:03:36
b4130ffe-1fa6-44c8-9d55-0c8aa8d069c8,Gqhbbyjtw,2024-10-14 10:51:56
6e73ec82-5d01-46ca-a08c-cc66aaed8020,Fitpnwc,2024-10-01 10:39:59
38f9d396-b7e3-435c-a7dc-ff357e8bbe99,Yxtbxxuxoij,2024-10-12 15:06:49
fccbfd32-2a2f-465f-8544-1c488172d281,Ekoqjm,2024-10-30 05:26:09
05ccfb55-6c37-4b62-9a4a-6eddbdb6d11e,Thudlzikdcalmmm,2024-10-10 14:50:40
3fa52af5-75b2-4835-aaad-1171b73a5d07,Txxzy,2024-10-30 20:12:29
789e8f26-36c6-40e2-bd40-72e9c3bae13c,Vmbgjrfakdvkgi,2024-10-01 23:43:15
3724b2d3-d32f-4c13-9fee-8ad75cb01380,Wekqhiq,2024-10-13 15:52:12
e3b8cbd1-9ad8-41cf-985c-2c3cb3777d38,Ujsjxl,2024-10-28 12:56:09
45926fe1-9e94-4d47-92a9-c32c677b5758,Gngxisj,2024-10-24 11:36:35
42d18e77-2dd5-4527-a61c-205fc3642137,Hxlgyad,2024-10-12 23:18:29
72211cac-554a-4661-9c43-5a41cd1759d4,Xpgasgejydo,2024-10-14 13:46:07
65843502-f9e8-42f5-bc49-1c10a30d383c,Uybpb,2024-10-14 11:22:41
dfbd9701-c357-4f64-b9e7-d500c403762e,Omszzlpv,2024-10-09 12:16:33
385876a1-502d-4c16-9f94-0dd0c80d282e,Fnbjnztuy,2024-10-26 07:15:27
557771a2-ae84-4b8d-a5dd-816647507c12,Ddwyulnolbuhliw,2024-10-29 06:28:23
163992c1-e382-4705-80e8-8749f4470d15,Ojppb,2024-10-31 10:29:31
02303a26-16ee-4264-9f3c-8583ecd65a2a,Xomlsx,2024-10-31 11:18:22
06c3fa18-79e0-4313-bdb1-78c1c054650c,Xfvzsyfiwnmrqxl,2024-10-13 23:05:28
fa84decc-08d9-41a7-9ac8-8d0984ceeea6,Lzwrycuczpwr,2024-10-03 14:22:28
df482c9d-9015-4334-ab2b-4a020771b432,Jseyhht,2024-10-07 14:24:37
b9f4a46d-638d-47e7-a715-ffe8893d97e7,Vdooy,2024-10-29 22:43:08
a93c305b-c18c-4031-a747-e96b6fe05f74,Dmzabwzn,2024-10-30 17:04:25
03ed698d-4423-444c-acfb-802526e2cd3c,Xnlfmid,2024-10-31 06:26:51
a8929b60-df23-4a40-8c10-e323e750d580,Ubzberbcrbtrn,2024-10-05 07:57:17
a318bf9d-8910-4be4-84df-c2428482c535,Tazvlpp,2024-10-16 12:52:11
8eb90255-151e-4aab-9d79-b61b194b1774,Hykgyzcyi,2024-10-09 09:13:27
4be681ca-95e0-453f-b082-151482106550,Zpwonmxzyv,2024-10-26 11:45:12
d2f504b1-817c-42ca-a31b-9045726b0b6e,Twgcyksuni,2024-10-12 11:43:29
fce9f7a1-7cda-48a3-99e2-4e603a5c9f46,Rhgxhg,2024-10-10 09:11:40
750f36b7-a90f-43a8-8de8-04b8b972943a,Yabznoan,2024-10-25 05:32:18
bf51b6e1-8be2-4725-98be-c2b21d24faa5,Ldntismbnkqpuys,2024-10-27 03:58:29
06898e91-9089-435b-b3dc-61b84cb701d0,Lmplysz,2024-10-24 21:35:48
017e5125-d920-4ce6-828a-b214c8bb8343,Faysldyaaxqkatz,2024-10-22 07:33:17
9290b38c-894e-462d-b1ae-294ed3b59466,Eutav,2024-10-03 13:19:16
3c90f5d0-3dde-4da6-add7-2425e95884d5,Kyhqjbzssnt,2024-10-22 16:45:02
141946d2-9334-40f4-997e-7e3640685189,Lfzmywcyivyu,2024-10-31 21:26:49
b5f4ac19-339c-45e6-b0e6-031ce12007dc,Amcayyaa,2024-10-05 14:34:51
e2781a36-8f94-441d-b4ab-8bf8de38c220,Jyhewtgs,2024-10-26 15:50:36
c3b651c3-ce29-491e-861a-87d781678e06,Asdvpvug,2024-10-22 17:35:57
94decb53-4e2b-4b64-8499-95d0d703ac8f,Eahgzjobqmhv,2024-10-23 23:21:36
0ecfa414-9be5-4300-9207-182cbe2799a8,Uxkaytoa,2024-10-16 07:32:16
d644dca0-abd7-4bc9-91a6-c965c7a32992,Waewkganwxy,2024-10-08 16:01:42
6dcbe186-426b-4e9b-b3f6-58e0a4a17d4d,Zyojc,2024-10-27 08:22:19
c29e0cbb-716f-4261-8e54-6824a041743c,Clqygzflmuulhxx,2024-10-31 00:47:11
9be0e2ee-2a05-4651-a735-e92560624332,Hiswqprr,2024-10-07 03:53:31
1ba35b18-681e-4178-b218-38919ccd535e,Qrtyrqexmbzrdb,2024-10-25 01:08:58
2acea533-0b5a-4184-b07c-7bec14d30373,Msppjcmjypu,2024-10-12 04:59:58
75eb1d54-3ed0-47f9-b233-d9b6cd8b7f42,Ytwrvruycpidlzh,2024-10-19 01:49:30
cb9c8c35-4328-4c9c-bb37-c82b22fbd441,Nsbsezgpzhyfqw,2024-10-05 15:43:36
7f26e0e9-411a-4d8a-87ac-02759b2944d3,Dzgtxs,2024-10-29 14:04:16
c1aa9353-4879-40aa-8873-eb852f8cbd46,Jyzbnpyoxgd,2024-10-08 09:35:03
992d935d-45a3-422d-b3a3-36dacef9d4cc,Obgwvlxb,2024-10-11 07:25:43
982e03a8-29c8-4ecb-a647-4f1152935fbf,Shrwwikrkuqpj,2024-10-03 20:37:31
35088aa8-bda0-43a2-b9a4-927aeb62b2c5,Uxuwclijydojjv,2024-10-18 23:51:07
d563436c-8ea8-4aa0-806d-4d1cdf92f64b,Shgfhensd,2024-10-12 10:27:08
7cd4f86e-70b8-4eb7-8465-aa894698b51b,Dobmpczyuqcjafg,2024-10-30 22:09:18
87fa4e36-9eea-482f-92fe-9e29a68d5ff2,Vmrxddneqcphd,2024-10-03 19:16:06
93e42bd7-b3e9-4bd3-bafb-6803dd56f9ec,Rfgecxyeiy,2024-10-01 21:27:19
3cfd9c3a-03e6-4a19-bb17-57d6532dc3bf,Ewrifov,2024-10-08 11:18:17
f07f7ac5-0e28-4bb4-9d75-e472839ccd82,Cccmpmtcakay,2024-10-07 05:43:52
d61e96d6-3662-479f-a1ed-5e271ea09646,Exqurje,2024-10-31 08:52:26
4ec774c8-1003-4a4e-b0eb-da76c7793563,Llrugpzyzhmsnbc,2024-10-31 18:17:14
d6ea4656-5571-47de-a6b8-3a80109fc2a8,Iwtycer,2024-10-12 15:38:42
4d9c23e2-cc1f-4069-b7a4-ed412d0f711a,Pvzsfxequjgm,2024-10-30 02:51:30
03f7b0bc-8485-4b21-b0d7-753929ee4f85,Jssmrqkn,2024-10-26 00:40:52
d5151f1d-6745-40b0-b687-35374d112369,Xplsosg,2024-10-20 00:31:21
6c24d2de-21f1-4213-87d8-bbf125b9b6fd,Bshjwb,2024-10-06 08:46:09
1d0b4978-358e-402a-9f3b-080b4985a7d3,Ydkvljhtqnuuk,2024-10-26 19:05:18
0bba4f8d-1b9f-45ec-97ce-79ff50bb6d44,Yudhqejrwfgxw,2024-10-29 14:40:09
c9596c29-8456-449f-95cf-100e9af797dd,Auaedbdfb,2024-10-16 23:56:21
9d8a600d-adca-40e6-8379-464297e0751d,Wuiux,2024-10-25 22:29:33
87c24d21-8000-44e3-8958-89962bf2c071,Cgcfckuim,2024-10-07 22:39:49
c20fc0d2-cb55-4793-8e50-1c6c1095e0ad,Cijccbm,2024-10-09 19:31:52
2e24dbf6-8907-4c49-80f7-585206f19db9,Amiwpzjf,2024-10-26 13:18:48
3607ca6c-6ed7-41c4-b5de-825a3f7c1727,Qfgnygpvyzm,2024-10-16 08:58:09
f6844d06-9805-45b2-a58a-ae9e864c509f,Bmtsqksvmugpncg,2024-10-12 05:56:37
a6685e90-72af-4654-8fc7-f2d47941fd10,Desxlytawjjkhuo,2024-10-13 20:21:39
3814cab0-b496-4e98-b986-fc0e9685d501,Krwnbjqi,2024-10-14 20:14:53
5f968387-f49a-4ac2-aeb7-dff46a137302,Adcqbamloclh,2024-10-12 10:00:47
f9659f2b-4da4-48be-bfc0-b1bda69a28d1,Wfqpwiqkiskdlg,2024-10-06 07:35:42
ef5665f5-8eba-4716-8061-26d14a6736da,Tgzhgckpb,2024-10-13 08:18:55
395f1397-42d2-4451-b15d-921f472e15b1,Yhloahxfam,2024-10-01 12:23:47
e127262d-f8de-4527-92db-0a3a00f00312,Dyivezhtrptre,2024-10-31 23:23:42
242f0b92-bdd1-4645-a291-c14227955222,Gjrlwqknmjhtron,2024-10-11 21:46:06
b6f9e25c-c61c-4d36-a3c0-2e73f1e99a38,Vvkxso,2024-10-15 03:04:16
b0de4649-3d94-4dfc-8afb-dda48d6f2edc,Bovndaekheqnfbv,2024-10-31 06:20:10
57a6fdd6-afc9-4b8c-bee1-1163cc702544,Xeajsziwq,2024-10-25 11:22:00
24e7e39f-8696-431b-bab2-c7dfda438410,Ejepcglqmvqrgy,2024-10-01 07:48:56
e01f7bd5-5dda-4bf3-a2f2-979440ea442b,Hcnlvzynhkhzz,2024-10-16 10:13:01
c555aa9c-2351-4377-a3a9-1abaa79813f8,Iclsufnyrsqh,2024-10-30 12:07:33
942eadad-450d-46cf-a088-0ee3d1dc8760,Pujcynidj,2024-10-27 04:57:18
e253f488-9578-4b87-adad-42ec3202cff4,Jgiekfsizo,2024-10-14 23:53:59
7d0ea06b-9e86-46ed-a8fd-81273f9d16a5,Gsutfhoxsqmtj,2024-10-03 20:29:37
1c41808e-46ce-497a-871d-6371815f6f68,Irhje,2024-10-06 10:23:57
027e9169-04f6-414a-bd83-c1db212b16da,Bvtdgyvqghjoifs,2024-10-02 04:54:51
3654f38a-dd1e-4bb9-8002-e321390b05fe,Vweauwlqnkldsaq,2024-10-08 09:33:54
6274a5f5-b6f3-4122-ad31-80e6246950b2,Apdknzglybzlvc,2024-10-05 09:09:18
1fa5394d-f131-4015-b7e4-42213ee05b2c,Yffafcbbinucpo,2024-10-31 23:54:13
386b6ac3-5233-41dd-a36f-2aff4b361195,Arqvco,2024-10-02 20:00:34
a0ebc4fd-d288-4824-9f64-b38447dc8769,Qaorzcd,2024-10-05 07:00:06
2ebf2c18-a881-4189-8dce-24664b42668f,Cekjb,2024-10-01 09:32:16
8c1eedbd-9d9e-4e11-a33a-829e4665afb9,Odaops,2024-10-17 04:49:53
83ed2c6f-aac2-455f-8594-cc5dfd5fb174,Wofvdeinvncgisb,2024-10-06 07:11:31
2760dc74-6576-4174-8e09-0392707c1205,Mewfqz,2024-10-04 15:10:09
5bd03bbe-d729-405f-8b3c-997fe0c421c4,Yqgnuxbyjweikgq,2024-10-31 20:31:44
e687384f-3fe2-46a7-b7b5-487d0913d011,Vumhbwxwslebba,2024-10-13 15:00:47
38a01c5e-70e6-486c-89a7-0d591081ab5e,Jvcfbbrbcpyy,2024-10-03 00:43:30
67485b70-de4a-49af-afd6-66263574fb2f,Zwpschthg,2024-10-24 15:12:35
6bfa3e65-c77d-48a8-ae14-9dab766004f8,Ovqoflazidaay,2024-10-25 07:37:45
ebc35c1e-228d-4890-9eac-9a45b82d1702,Pfazanycpodqdf,2024-10-12 15:42:58
dc23ebb8-99b3-4df7-8c4d-1be713ad13a9,Xlncsf,2024-10-28 06:19:44
b85df7ea-517d-4be0-923b-675c399325a6,Bjomrkrltxlike,2024-10-16 13:17:16
a935d0a9-5f5c-43d5-9caa-f70d715b83a3,Rwekalyatgii,2024-10-26 20:05:59
564c6826-3ca4-49e7-ac7c-6af9939d8b7f,Adnejkzgreobxru,2024-10-21 01:41:05
9b7adfed-909e-45f1-9cf3-c602f0359c0f,Sdespbazehz,2024-10-25 08:25:06
8a162dbf-9095-4466-833f-6b0739b25bde,Gfqrrcixes,2024-10-22 22:36:18
5d85c520-62c9-4f71-bab2-c86b1509bffe,Xwgesl,2024-10-19 07:49:53
b6b3be54-30b4-4e20-9a40-4d05f4da2753,Csrubz,2024-10-03 19:37:31
5942b9cd-51c8-4ccb-978b-ac9a90db39c5,Utpvu,2024-10-21 15:51:32
3da8e564-fb66-4ddf-848a-fcdd58b7b8ee,Bmvus,2024-10-12 15:38:03
74d497c4-fc3c-4a7e-bea5-ebcbb9dc21ab,Vphqveftpggcxyq,2024-10-29 08:32:24
510ab8f5-6be1-4cd8-94d1-e8040467d303,Hcinztaabtm,2024-10-25 19:39:29
b382810b-4b26-4a72-b733-f612fd4cc418,Lxmsmeeoctqu,2024-10-15 13:37:15
0aa4dbb9-5f17-4782-bfca-744607174855,Yuvhijjfrrzfjhn,2024-10-04 13:20:10
cc59746b-9ff2-41da-a4d5-658299f76aa0,Kjdklgzjevdva,2024-10-23 01:19:31
81d2eacc-0a87-40b2-abc0-0ced75ebc905,Gpznndxvmjyz,2024-10-30 18:14:55
3633cefc-f74f-466b-bf08-ef046dc2b7d6,Ffrisglplvo,2024-10-24 08:48:13
d5d0905e-e242-46e9-bd4d-0b95fd5b2686,Qlueixnzheg,2024-10-09 16:59:07
e7dd7afd-2428-45df-b3b2-46d9a60f0bde,Pcsltty,2024-10-30 18:07:56
9de0699b-fabe-44f9-8500-1404d32e9024,Rgkgo,2024-10-25 14:42:01
9770bbf1-456f-458a-9450-5d8ce7360b52,Barydwsd,2024-10-04 00:58:35
c2e8440b-702c-4de1-a3f5-e4c3999a87d8,Egtdiqtuj,2024-10-23 17:47:48
1885ee58-71bd-4097-9ca3-3a350fa1068e,Jdpxxqt,2024-10-10 00:36:18
41083838-50fb-4f8a-b855-34b46b51a31f,Jizblgmhzwm,2024-10-09 00:45:58
7a2c341a-c890-42f6-a6a8-9d15652c9863,Keoxii,2024-10-30 15:09:04
3b9757dd-b286-413e-9bcd-2b27970eba7b,Rdnkrdtwcsecibd,2024-10-28 12:57:15
550afb40-ab0e-463f-b5e1-b179d2ca1a7b,Gmajujcrn,2024-10-15 07:43:22
eb8dc40a-ed38-416d-960c-63c7513bf558,Wjuipwyt,2024-10-10 05:59:36
eadd0b7e-1d02-4418-bbdc-b5e4b9915935,Bjandumaoaair,2024-10-17 02:03:50
5fb8cbdd-5892-4988-a15e-479cf937cbb8,Rlvbjzllsq,2024-10-28 12:59:02
e8c3b5c9-7fd9-460f-8ac9-5867ad5baf21,Dloamnftea,2024-10-31 15:41:12
139bd4ff-f5b6-4be9-8619-2083b398cf1e,Dhjumtpyhnbd,2024-10-28 19:46:27
5047a2c9-9fb5-451e-930c-f3f7cd8a235e,Zbqcewnaigk,2024-10-31 22:20:51
e6f99f44-7b85-4097-943e-1d42a74cd031,Ftghrtthlgfxs,2024-10-20 02:04:51
53f9ccba-4528-4a8f-bff8-37695f242be7,Cfoqzdtl,2024-10-09 04:00:31
a195a147-c3b3-4175-a786-0afbe0e4e953,Wswnfzen,2024-10-20 11:44:19
8f9a6c57-b7e2-4336-b470-b2019f838545,Ppkjiooeikkgs,2024-10-24 09:44:51
bf5c5562-bc75-4686-81f7-386fbff72bb0,Iuenrffazzbha,2024-10-01 11:40:25
222ea673-22cc-422f-88a6-2dc3c5fca20e,Idjrjejgmmrqpba,2024-10-03 02:26:54
185dc925-a97c-4cac-8c68-3655a8c3645d,Ovfikwucxabvdw,2024-10-31 08:26:36
eabc4d66-3801-44c3-bce5-dc46dbb034fb,Cvjaunsflr,2024-10-06 22:41:30
02d8756e-0ebe-46aa-a049-1ef3d729d5fd,Mavnbpfojfmckaj,2024-10-09 09:20:14
f2bb83f5-7039-4a5f-9b16-21236e20028d,Bwcuhh,2024-10-19 15:38:28
1f8d9ab3-af9e-40db-a2db-1719877a726a,Yusupsptlhbdskj,2024-10-23 02:20:10
c599251a-e52b-411e-81ad-ae6d654d8c36,Jtifkkiwh,2024-10-07 17:11:50
24e7b39e-8df4-4ed7-afcc-5f5c12c1315f,Aetxvfghghi,2024-10-19 08:03:56
ee8b88cd-29b2-4b06-8a61-eb60c6d44e8c,Xwdahzd,2024-10-02 23:24:59
ca00575c-6327-4133-9a02-9c62446a66ef,Pasnhfqbesxeeyo,2024-10-10 13:18:31
07b55c00-41e1-4160-8e8f-35b822c35b49,Rvzgvjwefq,2024-10-30 17:03:11
22675320-6816-4a60-b142-ef9f7d7ad1ee,Aamsmdknzpu,2024-10-19 00:26:20
8bba3fee-0850-4664-bbd0-0109516c1ce0,Nzcwr,2024-10-08 16:27:35
81a64b13-74c8-4552-ab85-097600e2d867,Bgsrxtbgxws,2024-10-28 01:39:59
fbfe5087-fa37-4068-834e-3ee6eb0d852b,Dcrpm,2024-10-03 13:19:19
325f714a-6040-46ae-ade7-64ac2166d1a8,Iemeki,2024-10-18 22:46:39
6229a16b-5599-4d83-b877-18fcbbdf3e4e,Fjzcenyo,2024-10-10 12:51:18
81fa0c60-e776-4699-9958-e7256f29e5c5,Qujphbb,2024-10-26 15:14:22
30963342-f26d-441d-9608-8050a0ffa7aa,Uxksvahebwqkpur,2024-10-16 13:19:23
cf5b2413-07a1-4083-8528-ef81042c0c35,Oziqpuzivrtzdlv,2024-10-09 00:27:18
d4d3d77f-823c-4e7a-bd57-1e19c68700dc,Teorlebxyxo,2024-10-09 23:33:44
1767aefd-f1d8-406c-8cf9-c16cf56bb915,Sqinfro,2024-10-03 07:20:16
91ab8f43-3c9b-4da3-a3b9-edca23419399,Opypjbqkktsk,2024-10-06 05:34:22
6434be6e-70ac-4ea9-871e-684def6a7b21,Ycurpwvypr,2024-10-15 09:36:16
990800c7-5707-4af6-ad97-3652a3b6eda3,Hkrro,2024-10-17 09:42:04
eb19a08d-3d89-444b-a0f0-5a38865c8ac8,Ynheuv,2024-10-05 10:24:05
d711ce7b-ea7e-481a-97df-2e9b54d40a57,Fybejuer,2024-10-07 20:35:46
5c6c0119-7769-419b-a4b3-4b8d118f26a0,Ijqscop,2024-10-15 19:52:56
da439e2b-62d2-46a6-a7bf-4501f8063b89,Lpzwefafgsedbum,2024-10-28 17:25:43
667f159d-7380-4f9e-9e44-0a2e28392bdf,Vhycl,2024-10-27 07:59:38
9c88c92e-0c03-42f9-86db-7dc143b1c2f7,Pcspyitru,2024-10-01 21:34:44
54feafaf-75b0-4fc4-8a74-331fdf0cccab,Txprkssgprahcpx,2024-10-21 23:20:09
6f8f71db-6758-4a06-b3c6-d1eeaa113a8a,Ilpxkxdzno,2024-10-13 03:39:02
84ee1627-1111-4944-ac29-97d9060a37fb,Gsxruzkao,2024-10-16 20:11:42
59f8fb1b-8e55-4088-93e4-293b5e476c31,Gffafmjkwidnyhi,2024-10-04 02:36:16
24593191-8610-42c5-a1fa-6dfd20d5956f,Nxdof,2024-10-18 18:46:45
d06ca26f-e6f0-41c9-9f52-d6e1d7e702c2,Reufw,2024-10-29 00:20:50
7989445f-d027-45d4-891b-0bc720ba0da8,Ikwdzxkl,2024-10-04 11:21:22
2a650172-46c0-477c-aa3e-83174ddf3cc3,Swenmgtqumb,2024-10-06 12:02:23
26723eab-149b-42f3-b697-cdec9e978f99,Iousicuyoi,2024-10-30 02:26:29
97d56e43-45fc-43a1-afe4-6cfb40f0c532,Boaapgy,2024-10-25 18:24:52
91b5d910-b59e-469b-a33c-c74002901730,Ylyif,2024-10-15 07:04:42
8025d6cf-6892-4c91-87d7-f9bd6381d9cd,Kvsvj,2024-10-02 04:39:01
a01e88d0-7873-4b2f-92b6-2c5f953051be,Pswfnqpzaaamkn,2024-10-27 20:04:08
68ba0a89-2a9c-4140-9ff2-b5bb44f9fdf0,Huimbfgyxoium,2024-10-14 16:24:17
27eb891a-3c2c-48d2-bec7-6f0b0f3d31b3,Dubbkl,2024-10-10 23:24:17
0946282a-7382-40c7-bb43-4fd46490681a,Actywgy,2024-10-22 15:58:44
d5521133-1698-4bbe-b333-b1af3eaaf352,Beuzcdbbbsssepz,2024-10-27 22:19:08
3c262acd-ea74-4467-bb67-677d6b0e26bf,Wrvrtbdr,2024-10-30 16:36:20
a5a4a773-59ea-429b-abf4-5952bf985e38,Wpnkhinct,2024-10-28 05:47:28
f3a4b8f2-aead-45f6-901f-ff8fddbd1c0d,Bhtmnpusxpgrxi,2024-10-05 09:04:06
029cad22-dc4c-4a54-a257-ca93b7109dde,Ylibeiyzsqnotvm,2024-10-03 21:15:39
5236c042-562c-4088-adb8-cf3ac96420ea,Febxxh,2024-10-03 05:20:08
262ae9e9-b1ba-4fdc-9260-be62090d296d,Sgjoubrz,2024-10-12 23:56:58
940e14d4-969f-45cf-a691-9ba6e857df25,Gjuti,2024-10-08 07:17:11
bb106678-eb14-42b4-990c-d9e3f1e5a432,Inkmnlei,2024-10-14 14:38:30
d13b7dd5-6f6f-45ee-8a17-8de8368efd5f,Zudepbjbfcgl,2024-10-02 00:40:26
728c8bd0-758b-4a5a-8cf4-cbad0dc02c28,Oowxjtu,2024-10-24 11:59:55
7b05b156-efff-4e08-9963-340e3011dd7c,Tannzozzjccpfrl,2024-10-18 10:21:59
8c9eb70a-c20d-4b3a-bcb0-cae7cc651804,Ntthrnfumwirxpd,2024-10-04 20:51:21
2178f2b1-39a0-45d9-8d34-ad6d2a654ea5,Xuxqtdkuciljo,2024-10-12 05:01:44
f483e627-b43a-4503-9b6f-64b1dafe35d0,Zasdu,2024-10-04 04:32:18
83b7efb0-9cb6-48ff-8301-b7818a062471,Maxbq,2024-10-27 11:39:26
3f1cfcaa-dbcb-45dd-8522-5c19428fc395,Wwibsevkilirvl,2024-10-31 09:11:34
d21102c7-ae4c-4c28-a93b-7004f96b912a,Vopfenpifqzkhmg,2024-10-21 13:33:14
e50fdd43-6e66-4a42-bc98-d0be4aaa634b,Emdipdhmppt,2024-10-16 16:35:05
4d9ed47a-d364-45ec-ab58-cf29b17da75b,Mnhtelxqdmyfm,2024-10-26 21:28:40
b623b1fd-0cec-444c-baaf-59656505c514,Crnaarunel,2024-10-12 16:32:22
b5ce9971-8fc3-46ec-a35f-7753dca41e70,Xkiisuvozkm,2024-10-14 08:26:49
352f3806-fbd7-4572-be98-5f11f3164742,Ngcrtyl,2024-10-04 12:36:02
276b4412-4302-441d-9d97-0bd181febde0,Nmbuponfbmjurbh,2024-10-20 20:25:46
99195895-5424-4470-b35e-61032a361f24,Ezqsyopxggdfi,2024-10-20 13:57:46
24fddbce-3d19-4de0-8b38-6a24cb068af8,Ybwgcgywmqxoovj,2024-10-08 13:59:55
a0a1cde4-cee3-4fbc-863f-53efbb6854b2,Ncursvogbbkcl,2024-10-15 02:51:58
dabb93bc-df5e-488a-8e79-148cfd377406,Bagaubrgmgaca,2024-10-15 21:48:24
4e08886a-7ffa-4038-a59f-7f525c5c8a6d,Jgslfoabo,2024-10-01 12:30:26
206f7d2d-1f8e-4181-8969-848a15b934eb,Jqcquzpf,2024-10-01 23:41:14
ebe02a8f-b293-476e-860d-a51ffef157a9,Oxwsmwy,2024-10-15 14:54:29
b4c5cf78-dd43-4ea9-bcf8-d9d7a03dffda,Laiilbjyk,2024-10-21 16:46:25
426aa03e-30c2-451b-98e9-50512feab6f2,Egyemftjfbd,2024-10-03 04:25:28
3224a54d-062a-474b-959e-60b63a63c0af,Fzxhlgqijboktc,2024-10-15 00:11:47
786241a0-9fbf-4b45-9b47-05e3232cae1e,Qskfcj,2024-10-18 06:03:21
c161f54a-b205-4281-8864-42d869c52b3d,Mqrtoclpiayzn,2024-10-09 23:50:36
ff9cca13-3cab-4f14-af2a-f04820e3f96d,Gxsvwnlrro,2024-10-05 03:14:37
6e7760f8-2689-4706-b642-7df27dda4ebd,Dgkjn,2024-10-10 15:38:25
9fa1da9c-1137-4087-9e84-6fef843d86d9,Gkmtjt,2024-10-16 19:16:08
ee1d6d65-f565-4eb1-bb85-f82a413b63b4,Uziyoqlpub,2024-10-04 22:06:20
0621f6b3-8f64-4740-8146-725e7b3e1315,Votxqfibzohj,2024-10-10 09:30:25
52b9b43e-0328-4593-a3cb-e1c001959e50,Wxxua,2024-10-25 07:13:19
f04f22b2-65db-4c1d-811b-be584da24108,Pxomzwkv,2024-10-06 12:14:40
cda6884e-5f66-4dd4-b531-f26c50982a61,Yuipujj,2024-10-21 09:00:19
67029e31-6dbb-483b-b1f7-6ecda3eebb54,Ikjqyjqkwfrkze,2024-10-05 05:46:00
c4082ad6-039b-4ab5-9df5-b3aa5e2fc912,Kcdmwbz,2024-10-22 06:11:29
1f622429-f825-41de-9a1e-370a95774348,Ipniyzytnvpl,2024-10-22 01:19:06
eb9ab9ba-0286-4f4d-9d93-8412e79c0530,Qqpwjsylr,2024-10-01 15:12:04
4123fa0b-d0d2-4816-9216-057e4f6f7a40,Iwzyeqlntyvwh,2024-10-13 10:21:50
8445ae71-e461-4e9e-8e44-2a091138d6ee,Mzczkdhytgpgml,2024-10-05 19:22:31
71375ee3-30d4-469e-a663-bb4301720df4,Uiftspvrajydghp,2024-10-16 14:34:15
131ab1bc-45fa-4733-acca-4921f1a597bb,Quwrr,2024-10-24 07:30:32
861285af-97ae-4d67-82ce-192bf5b7077d,Abllshs,2024-10-20 04:45:52
0e1dc986-c70f-4121-aa45-4485a916614d,Fhtntvqdqeqnggm,2024-10-24 02:49:25
15700a66-2a23-464b-8a92-4f5c27f8dbb9,Ydsbejos,2024-10-06 06:50:54
0dc306d4-396d-4e6e-87f5-51cf0d97dad4,Gnrucc,2024-10-24 22:40:42
6b8f9f81-f6d6-4335-af47-0b22b1789647,Fhagiqabfd,2024-10-19 08:43:41
66194e5a-01a5-453a-81da-179113b94cd3,Ldyklz,2024-10-20 02:43:04
ec360975-78d8-4712-89ca-d2d8d63d40fc,Vmfhbssnf,2024-10-05 07:57:19
37a6299a-e4f0-4f16-b93e-8f32aa56ba8a,Udycs,2024-10-06 01:19:21
61c63746-1fb5-4e31-b9e9-93dd3d27790e,Psoqpcbzizlm,2024-10-01 02:55:15
56a4a519-1c49-40b4-84e5-24ba049ea537,Rnddrw,2024-10-26 09:55:36
a06b5732-2871-4532-a40e-15ebcff322a1,Zouuxocbkutvm,2024-10-31 21:53:19
a802dccf-009c-463f-9643-e2a08f449b31,Smnidyqijvgh,2024-10-27 23:22:34
3a901d4a-1f43-4411-a592-b38b36c4041d,Mmbobjjehjuqadg,2024-10-28 20:15:13
b6ea55bd-5fb6-44c6-b5f1-441714fdbb8b,Fdjxdcptlrhgnbn,2024-10-31 17:46:23
a25652a4-3dcd-4f0c-b0f8-5a446e4c0b78,Aognsq,2024-10-04 13:21:02
6995c858-2594-4b59-aad2-2259a535d379,Dijdo,2024-10-14 02:20:46
93c047f5-58b2-495f-89d8-b156ec4beb9e,Gxnav,2024-10-28 19:21:56
c257972c-e493-4cba-addf-7fe9041ebcdf,Xpyhxpoq,2024-10-06 14:01:15
764b5a1d-19b3-4077-9a4a-15f62c8076a8,Jmxlmvtrpvxz,2024-10-10 18:21:16
3250356f-c84b-470e-9f6d-ea00a98ae55a,Vhwxqghptxiqa,2024-10-18 19:24:43
a79d7031-a989-4f4c-a68d-d63e19f63d8e,Xrnkifvhx,2024-10-12 15:14:37
0a73a721-27e7-49a7-afdd-c6e0d4cb59d2,Wavvhxcx,2024-10-03 19:11:05
bd11b1e4-ebc9-4fad-8d50-28c42d622e9f,Qqnjgpkd,2024-10-14 02:23:00
d125d180-bcaa-4614-9944-a4efe37fd029,Qflqmlfyz,2024-10-31 05:46:08
dcf407c7-3f49-4bab-bd06-25a2813b25bd,Assparzr,2024-10-04 17:39:41
d9eb6842-71df-4f7d-8c6d-07a52190ee7c,Gyrymxic,2024-10-22 20:20:31
eee48c0e-2867-450e-8699-f31fe7ac41a8,Vsguzdvmihshkc,2024-10-14 17:29:22
53ab4969-ef03-4034-b36d-4692618b1e09,Rxyvcv,2024-10-20 11:40:50
c9b73750-d14e-4ff3-aa53-5afde86dff1e,Dsqrazkz,2024-10-01 21:49:11
1a74dccd-b8fe-44eb-b2ac-0e1b7eb79773,Lbmouuaqnhsct,2024-10-14 03:37:27
1d36bd5e-abc2-4af9-a5eb-ec60bbaf608d,Poymsijd,2024-10-07 00:32:05
9aa4be67-ef2b-48ba-aae3-4a41e62728e9,Uxeiveomaj,2024-10-12 09:47:59
1f338413-699e-4f40-8287-7292eeaca8d1,Hqabrjuowbi,2024-10-01 04:16:28
d00511ac-eef9-4dfb-bb20-38fd7c35cba1,Ehral,2024-10-22 17:40:24
8cd1bc17-7f0d-4c4b-a689-3bcb449be45b,Kzxybddllfdqo,2024-10-05 20:12:10
77c578c3-41eb-417b-924b-11443c94d96e,Rfpcaemodoidprc,2024-10-25 19:38:16
964e5b78-e90a-48f0-ba19-82558f3f0668,Mivfuac,2024-10-17 04:44:49
e6cc2e18-18e7-46fe-a702-43b86fbffd8f,Jwddyzejme,2024-10-20 02:23:54
8fffa1ce-8bb2-4df2-9b7b-9fc89fc9d683,Ssmvsten,2024-10-30 02:39:44
64698db3-d238-4917-93b0-5cef209554b6,Bukmg,2024-10-16 19:25:20
313c0263-0c0f-4619-b517-fc56682a2074,Nyebpvns,2024-10-17 23:33:08
20e15b0b-a33c-4ca9-9c85-d0b554bb05e1,Jillkshaha,2024-10-02 10:50:09
adcfcbb1-4781-4a3e-8fc7-6843b692f2ae,Yrwtzqeedqwrqm,2024-10-26 18:59:23
4ef79916-216f-4c50-b2d5-51dbafe8d15c,Uzjygyceif,2024-10-01 07:05:17
017af37c-d8e1-4a70-ae53-c3fb496681df,Ocwocrbc,2024-10-10 09:50:53
6720e748-4f0b-40aa-8534-22aaf142e71f,Amuocwgvx,2024-10-02 12:22:55
5f2cd8df-67a3-4ecb-b005-7fd6c6aea751,Wcppdxtaw,2024-10-23 19:52:13
c5c628c3-156f-45fa-9fad-3523d60828f5,Fblhyuy,2024-10-30 18:31:30
3efa25d8-e001-49ad-83d9-84812c77d994,Qlexzy,2024-10-27 21:44:45
024df510-aa71-4646-9e2d-572c3f5ff4f4,Vnkmlh,2024-10-04 03:34:09
842e8092-a7a7-4288-b704-a3b060298e3c,Rwsul,2024-10-16 11:24:44
3ad2f77e-b2a1-4f96-a379-c97c7fb4c6e2,Gbzgi,2024-10-14 11:12:18
117d341f-9500-4372-90d1-448f547fdf79,Oylerngmon,2024-10-15 14:14:37
c5da3cde-49ad-41af-b013-21f36589bc93,Fzfdv,2024-10-08 19:53:42
bff86080-18b6-476c-a1f3-e1efe2ba30e6,Hejmndcaiqzjez,2024-10-09 13:04:22
8742d02b-7f8f-48c1-afb0-3007fe058b7d,Hkwdsyq,2024-10-16 13:17:35
e259dbfd-133a-4bd4-a1d6-68c7aee53026,Ubgjvvcyelfuwgl,2024-10-25 05:24:46
62315e84-b73f-4cc4-b3d0-dd7cc3f9bba4,Ojfnoscygrabrh,2024-10-23 15:36:55
248227a2-1ad5-498b-96bd-e0e3d594bb1a,Lgpyjk,2024-10-17 15:55:33
8b8d86c2-2c9e-4f53-952e-e7af319f326b,Mywaf,2024-10-16 15:26:58
1c8738a1-0b14-4b05-a79b-b8ab5f0aa559,Pqaiqcfc,2024-10-24 13:09:45
47d79b79-1134-436a-9313-4fc41697aa4b,Ukbegtxd,2024-10-28 11:47:42
6c487975-338b-4c67-bcf9-d42bb1940a64,Bakjfxtb,2024-10-25 12:29:33
db8a96bc-235a-4517-9d13-57a332010250,Fsbmjxzvs,2024-10-03 02:54:32
1830db93-a6e0-4b7d-922c-2b2c4760fb9f,Mcqxsgdmjwtg,2024-10-22 05:47:57
0c8e20e3-5eac-4eba-b3e3-f071a14c2545,Cmhazddspzjfbw,2024-10-19 04:59:42
df7e08f3-690a-422c-b4c8-e2bdd2066fec,Trizt,2024-10-30 16:36:11
7999d09a-424b-4b1a-807b-c15c2e92fa7c,Pezzdk,2024-10-05 17:30:31
34f22fa6-6a52-4d69-bd32-902d33deebda,Ladythlenj,2024-10-22 17:38:20
a5b298e6-6764-490f-a130-196ed83ae73f,Gocnufbaj,2024-10-06 02:41:16
6229d40f-d9ba-4a9a-a580-87efa9c515f7,Qywyru,2024-10-02 06:22:37
b11525a4-2e3c-4aa9-991d-14cc189e1ede,Hymsfbatdjwgp,2024-10-29 21:26:30
697bdf92-8c86-4889-a2df-b60a7a0a6669,Traekazeplwubxw,2024-10-13 14:30:20
6250f5f6-16e6-466c-8c81-461825c7781d,Bvcdkwzghg,2024-10-19 17:30:09
b20d413e-bbc0-41af-99c0-2f535f9db706,Wmkvku,2024-10-15 16:18:02
20adbb4e-8718-4620-9eea-47081ee26fdb,Nwmstlvhyhzn,2024-10-07 22:04:26
4cf4ccd5-8546-40a5-a97f-f45dba954211,Gxduvecmwznwnul,2024-10-31 18:30:12
b49cb910-f497-4ee0-a5a8-3fb7a31516d0,Gcnilk,2024-10-15 07:01:25
68ef65f4-6eb4-47fc-91dd-46ad1bc950ff,Egdvgat,2024-10-31 10:08:14
c071bfce-dcdb-4120-bb03-2aa0242661e0,Vkvrkthfpqdyred,2024-10-26 12:22:42
70f86c4b-050a-47fd-a929-af4b9d0136d3,Taykjkwrudyygpa,2024-10-17 04:28:08
8b55a505-97db-4ad3-9852-42412dce3db8,Jglfd,2024-10-25 09:54:52
50dab561-b115-4e7a-820e-218f7fcfe456,Haspzddjvwwzxgp,2024-10-31 06:17:40
d8a3e379-4322-4773-a1b3-781a3c856496,Jzlxfhilh,2024-10-20 20:27:00
dfa0781d-7b30-4f75-a38b-0dbb45608392,Wrsyrzg,2024-10-29 06:20:16
458a88eb-08b9-4bb8-9888-6110149f79b8,Dutibseiwmeao,2024-10-01 12:36:56
d8519a25-def4-4608-92b0-a488f84dbdc9,Ilylklzdijghszv,2024-10-25 02:32:40
7d581507-fd15-4e18-b909-4b54bc7dc4c7,Dikuaejdrdg,2024-10-06 14:39:44
8a9404d1-49fa-46a0-9cfe-d521726fc9c7,Wnwjzwzajlnl,2024-10-11 10:26:49
a5030562-5965-41a8-a021-be0746e718c7,Gijvyog,2024-10-02 08:18:08
c13022ad-5159-4e63-8b9d-e6477ce3b525,Bpqswrlyyo,2024-10-26 05:34:34
1c57ec7b-ca65-4fd3-b7c3-947e11f28338,Bmzzg,2024-10-28 14:54:07
3881d974-27a0-4039-b3f0-bb6780c6de5b,Muaiwge,2024-10-14 11:34:03
aa24f26a-0c80-49b5-9a1d-2c9dea913208,Vexqbdpfej,2024-10-04 04:56:41
a1692807-2a4a-44d9-b85a-09af2a601cfd,Eyyqucujoecsgm,2024-10-16 15:58:09
f7b0c75c-97f4-45db-ba53-0668d311708d,Fjrbubynrxjotx,2024-10-18 06:44:32
db5dfb2d-0f96-46ba-83c8-ba4dbe1e5ef2,Vvmzmwoioi,2024-10-06 14:56:09
038152db-79a8-4d9f-b8fa-dacf6388cc4c,Uuepjxyr,2024-10-27 01:04:09
66af60ae-b845-41fc-92ea-ba9996f4e100,Cgyxhdye,2024-10-21 23:25:39
8e47e0d9-7dbc-4e7d-a4f2-9769cb97d5a7,Foojabjdetima,2024-10-04 10:52:35
fd5c21b6-06b9-4e0e-91a5-a02d8c78325e,Eiyqworgnjt,2024-10-06 23:12:58
a534bf66-a818-4ad1-bb2a-c2e003d963fc,Gffrhtekyg,2024-10-11 13:55:48
09a32836-6ab7-40cd-80d4-2f088f2b39b2,Bfavl,2024-10-31 17:11:50
7bfb5ead-edf4-43a7-9fe8-2dd474bdc93d,Weiclenegcw,2024-10-12 01:23:13
8812505f-1031-44c7-9ec6-e1d69976f39b,Mhilikfyix,2024-10-13 08:50:30
0c60bdff-1827-42db-b60f-363c955f4543,Npnnyduafipgsa,2024-10-13 13:10:21
d50ccda2-4a43-4c3e-8aef-c1e85dd784fc,Tgocfy,2024-10-28 02:51:26
3d2ffdda-2aac-4bee-ab1d-882463c7058e,Aakjuypktrh,2024-10-16 13:57:48
61071663-ad41-43a0-a361-c9394e13b1f8,Itkknjoj,2024-10-07 03:45:44
1f6c4113-d06b-4dfc-b1fc-08f70f0c5307,Wlsxvmgrbpjbycd,2024-10-16 21:56:11
d33130c4-a44d-4d6e-9c14-8528e82c79a8,Vsgxtygifueqmt,2024-10-01 17:24:20
9d07e9b1-b789-48f4-9915-91b3821975dd,Ipqbd,2024-10-26 09:10:42
74963a38-e0f2-4d18-8dec-a9fb124b6d93,Yzxqfqq,2024-10-06 12:09:59
4cbcc670-9a7a-44c2-bbfc-4e71863ee143,Swlxpalq,2024-10-17 19:14:25
343a040f-8347-46bd-90c9-6d2ae1ac4fb9,Kttsymnjzomm,2024-10-16 12:02:10
e6ab43a5-6425-4f7f-8a6c-321b09490a14,Dsfubdmmnxyhb,2024-10-13 22:04:45
b65474d6-afe8-44dd-b274-05481a4db9e9,Apabkzx,2024-10-29 08:33:35
f089e1ba-aac7-48a2-9925-10f7d43f537f,Wylfkigvqtkbp,2024-10-15 21:16:42
a7146f5c-fb09-4689-9393-c7b0b6ee4dfb,Kwbmcrjsvysonr,2024-10-07 23:31:49
2024f88b-914d-4215-ab24-62186696b86f,Slebgcppbovhb,2024-10-11 05:42:05
effa23a4-0482-4e56-bfef-27954056e21a,Zrrdcin,2024-10-16 15:29:09
ccc1e543-3294-46d0-a9f4-335b36676476,Mbhynxn,2024-10-27 23:52:01
f22e9f01-6530-43f0-946e-21faa7cf8719,Vdmxhoncmoc,2024-10-18 06:52:32
860e8b6f-dd29-4d5c-9a9e-dc2d0a64500e,Jbtiybe,2024-10-07 03:45:17
710830d0-b918-45c0-a543-3df982a5208d,Znxurqhxikmghj,2024-10-25 01:01:42
ac842d72-9fef-495b-80cb-6a1191770f3f,Uklhiellcwht,2024-10-05 17:52:23
2fb0ea23-e77c-4c43-9e87-3195e9755fc3,Tyvyo,2024-10-02 22:38:05
778385e1-939a-40d2-bf7c-229186085182,Mkhhgmc,2024-10-01 10:55:29
8883a094-a7e2-4284-89bd-e7fd50409f61,Xctstv,2024-10-01 13:00:54
65dbed58-35f9-4809-a08c-13aedae94d8c,Tioesvoncp,2024-10-24 21:13:45
bad008aa-e174-471c-8388-5366aababac4,Xihhpgoms,2024-10-24 15:40:23
5583f233-1902-4594-8d20-3d0a71227f2d,Dfeqc,2024-10-12 17:18:06
bdd04735-3164-412d-b97a-12c4420b39c6,Nkqnziu,2024-10-31 06:28:02
05ff0966-ff90-4f67-b1c4-6e0260f4adf2,Jnwpfffyjbnkxvy,2024-10-26 14:24:07
6955d1ca-ad7e-4b39-b9eb-19698f2854bf,Kuosskdszn,2024-10-25 04:44:41
616b3763-46e7-422b-8edf-46ddb28104b9,Hiytgysys,2024-10-05 23:45:42
a05f71c2-81a1-4612-ba61-8443f12174de,Ybweelha,2024-10-23 04:42:27
e26fc947-e891-4005-bd82-dd458f7a9f63,Agscqiik,2024-10-06 11:48:29
4bd43368-52cc-43f6-b2ef-57a0d1f16a68,Zlfvevdpkat,2024-10-24 01:36:35
76eb55e8-5b03-401d-8234-8ca34c36014d,Njzfjipm,2024-10-24 21:02:12
872dd3fa-544b-46c0-984b-3a3d9a420692,Uzxgt,2024-10-10 07:46:54
4937ae52-8ae4-4a02-898b-163c9c268494,Qppujjkewhijb,2024-10-19 19:53:38
154f41d8-b681-441f-bff5-3aaf8530e0c0,Unxsditawbklalm,2024-10-23 20:39:27
7ec20642-6ee2-4639-8162-79ff03dfac23,Vcglsw,2024-10-20 13:40:18
f4ea7068-af8c-4c57-8456-63713b714197,Stikvdbyvfz,2024-10-01 08:48:21
553949e1-4edd-43b5-8f66-3a9cc2c99bdf,Fflsvcb,2024-10-03 04:53:40
19c480fd-635e-486d-a03d-356f09987681,Nomdajnf,2024-10-23 06:09:53
2f73fcd9-cf93-4e63-80c0-bc037e00dc21,Buvwnpxpe,2024-10-12 12:30:02
186d67d5-56a1-43ba-8cbd-f380034776c1,Ofwbxvgrwhr,2024-10-05 13:26:34
2b71b7d1-dc0d-4f84-8140-9f8931f931fb,Snrddrmydxyig,2024-10-10 22:26:50
24794aab-aa36-400f-9c88-0bb75c02383b,Htkxjlj,2024-10-06 09:40:20
aac1b2e2-8064-4fbb-a38f-275291eb4393,Jrjljrwfrpz,2024-10-14 06:10:20
1c568f15-4601-496d-974b-d74b34e334fe,Fjlmbdduq,2024-10-15 16:10:11
1a7f7c6c-f20d-4608-afcb-72da85cda99b,Fymhjmmjqbz,2024-10-18 02:47:27
57cfbeb3-2881-44e7-931d-4e4e50e13eae,Jbnvtp,2024-10-05 20:46:55
504781de-dee3-4ae6-a541-8b9f3ae98cf5,Kezbcem,2024-10-11 16:20:50
da21374e-7b76-4393-a05d-64e67d091217,Pnbjoj,2024-10-15 02:48:42
47c52609-ca7e-41c6-b8f8-9bef5d7ac2a6,Puqtnxy,2024-10-12 01:39:05
aac1a1fa-2d30-4002-b690-318c35598b8c,Tmftawz,2024-10-17 21:19:14
9c8de417-7750-4f30-b74e-c2d29faffe5d,Hivmj,2024-10-22 01:04:15
a9f93d81-30d5-466d-a963-2b2b4fc0ceca,Maepnfejjl,2024-10-04 01:49:49
20e06c1c-f648-439a-bc5b-c29abc24ab8c,Uvtoigiw,2024-10-01 09:01:08
7c68c58a-cac3-49a6-a01c-c3f7a5ed89cb,Cybzu,2024-10-10 07:21:27
9ad2c6db-65a8-422e-9e20-76129aa315e5,Dlqpsop,2024-10-31 02:22:41
f6615c66-b5ce-48d1-a30c-e023873fb197,Tuperoffa,2024-10-29 03:34:01
ac2a21a4-fea7-4d9e-9795-8f1b6fbfaeb4,Vbrjbqkxnqrran,2024-10-20 07:43:13
4adb3352-8237-44f4-8dd0-5a775ca631c0,Pusmd,2024-10-12 14:29:30
33f61a15-7b8c-49c4-83e2-1f935b33da81,Qsrhcjjmdves,2024-10-17 12:02:14
0d125474-8d02-4e3f-80ee-07dac71079f2,Uwjxjqi,2024-10-18 12:34:22
f0a08811-d7a7-431e-a8ba-b5a860309db8,Rdhskp,2024-10-07 01:42:38
5498de1f-4633-4943-9e9c-2b68c09c8cc2,Vdoqch,2024-10-04 19:50:24
85c72fd4-399a-42bf-866d-3bbbeab61d4f,Qjworaopnazc,2024-10-15 19:01:44
499de7e3-09f7-4f94-a83d-2dcd7084e202,Quufoe,2024-10-06 16:44:05
41d8ae47-bd8f-4cb5-b398-0c314c9eaf4c,Dzlfjn,2024-10-07 11:34:05
06dc5fb3-d496-49a6-9131-3d31188ec146,Wrkvihi,2024-10-12 16:57:24
8b82d07a-4a10-4de8-b97f-e43bf9c1473b,Meglmfzmdtf,2024-10-10 10:00:39
5c667ca7-9e5a-4fbc-b79f-7c7e813e8e17,Qpaojzdwipjb,2024-10-05 23:08:38
4bf10232-c7d1-491c-a59b-c72356f48751,Yprlrjyrqtnpzuj,2024-10-22 19:50:21
9f5d645a-8161-4ff6-8935-764caf299c18,Tkuxyjrrrxwsa,2024-10-30 23:00:53
9a06bf28-1903-482e-ac85-1d296f55ce52,Ijhidp,2024-10-26 16:34:53
8c981752-4fb9-402d-a4f5-dc40cee98583,Vmwvlnxugfp,2024-10-04 05:07:34
bb25170f-1ed3-4d95-a1d0-49684da1ef20,Pwxjjotlmzj,2024-10-08 03:56:52
c07eb310-3f41-4df4-b4b6-2f8773b381a5,Lppcmcvmfeei,2024-10-13 14:10:14
74683cee-0661-457a-8084-3041c1eb627e,Hjarwkdiaeoqy,2024-10-25 02:58:03
9027f764-351b-4bd4-8737-a5f3cb8f80a5,Fhxychroeesis,2024-10-11 15:23:44
d141dd92-3fdd-4aac-aa5e-5816b2c86927,Tygbphagkg,2024-10-18 19:09:05
e793c843-10a5-4dba-bbab-0a229253ff94,Drfuucojw,2024-10-31 19:22:33
0ed16cf0-376b-4f5c-b1d2-e3e51b29dd1f,Myicqzgfywwadc,2024-10-14 12:31:44
9eefd551-d5fa-461b-b8b4-5ae5421cbb8d,Gzkvzb,2024-10-12 09:09:12
270d9ce9-4566-4274-b74e-55189cd20b7a,Hpayu,2024-10-03 03:16:35
03492719-f93e-4e10-a157-966b2d29211a,Khvnkmg,2024-10-16 23:33:19
71ce569c-e9f6-41b0-952e-ff92d6f039c9,Othctmldv,2024-10-20 20:27:58
2c9d5575-d56a-4513-8924-a321e891d672,Mhusdjwqmc,2024-10-20 02:49:46
b840a686-99c5-45e7-aefe-3e40b14e0857,Utkech,2024-10-25 04:18:48
a8ff4816-a442-4065-95c8-c192322d0c24,Obias,2024-10-06 20:07:07
b8baa8d7-b4a8-466f-bffe-526a68e9de0d,Fvmyvv,2024-10-15 20:12:26
50a71631-fd10-472c-bced-a089540ce9a1,Vimhi,2024-10-22 09:56:54
113f07e5-ae19-4691-9833-76e54b4a7368,Pjnoviuexyrpxwq,2024-10-16 23:42:59
776d75ab-6ea0-4114-a8bc-25dbc0169954,Yylfriur,2024-10-22 13:53:38
4a8d8c28-3198-4bc9-a85b-5d3b3708da08,Ybljyfyjnj,2024-10-19 10:20:20
cd3fd2cb-6ca5-4853-86fe-cdac57a2aa6b,Qmdrswuws,2024-10-03 03:43:30
b7878479-435c-4433-b8f6-5d48ee0f036b,Swzxmvjrhbqsn,2024-10-02 04:07:12
ddcfcc17-1b96-4212-b5e5-5ea2587394be,Mmcccgktru,2024-10-11 06:42:11
c4ec91c1-f979-448c-872c-526145d049d3,Jhdgykgrsggkfsc,2024-10-09 16:33:32
bd2b74bb-baa3-4721-bf78-8a0b4713be14,Ugmmhiaineyhcx,2024-10-23 17:09:44
4a3a0035-a99e-479c-86ab-f5586527ea25,Acsigtdnmddvc,2024-10-05 10:04:27
e6661efa-1d2b-4bec-a31d-2d281826711a,Vxmulsas,2024-10-29 12:04:19
18b7880f-515b-42d5-ac5a-82b8a8f07ae7,Nywwpc,2024-10-04 21:31:58
b9c218e5-57a4-4b28-91ad-b3876b207949,Iuzgqudhd,2024-10-02 18:53:46
15e27f0e-8ccc-498e-b2ee-e175948c5e61,Bxcipl,2024-10-20 11:00:13
f5e8f3e2-440f-480e-bae9-036ca32b6aa0,Lzhixzjsv,2024-10-10 05:58:41
fe275e23-b02a-4df3-bec8-bb696a4937d0,Rtzky,2024-10-03 10:25:38
47b9b166-ac65-4089-8270-d1cc687b4954,Gphhwhad,2024-10-20 12:02:33
81992d6a-2b6d-4505-ab7e-cf82a389e165,Jiigtlpn,2024-10-11 18:29:49
4e135fbb-5b7b-4141-a175-948d0ccc53db,Khilbhna,2024-10-04 22:54:57
08b26e1a-dcd0-49f7-a709-073d0ab29245,Mjgwnhmofyyj,2024-10-11 04:47:28
8344edf7-22e5-4361-bbc3-ff868a034534,Ixxqirzmr,2024-10-27 04:11:06
221c3f87-a481-4571-925b-36fc194f9004,Ttuhzljvq,2024-10-10 13:00:59
f2fe3a59-886c-4bb0-bb1f-4f13d33b59e8,Obifsqrd,2024-10-12 12:59:03
71360207-148c-4c6a-ab26-c4991372857f,Hbvplhdwfe,2024-10-31 05:40:10
6bf76dd1-0baa-40e8-b962-4bddc8084800,Zctmzcmp,2024-10-07 09:28:15
e900fdae-4553-4bba-b9d6-bdbee9c45c54,Ypklgezjhwxusw,2024-10-20 00:20:33
75438046-3b38-465b-9f3f-b97232ec8243,Zvmtpwfsnrqg,2024-10-14 09:50:23
735b14ed-63b4-48df-ac21-6042da2aaf13,Iklyaomhkldojt,2024-10-16 12:38:13
3e480dfa-f831-46c4-a8b9-5b504273ddfb,Qmbqo,2024-10-30 11:39:21
e972c02c-760f-40ea-8c91-80a4333f97fd,Qugxibzpt,2024-10-20 17:35:21
d9c8e27a-345a-413f-9366-bc4e93080f5b,Lbuvdzqava,2024-10-07 01:35:19
1d4517c2-f0e7-429e-ad5a-dcc5f8c9d96b,Xlpjng,2024-10-09 00:17:39
9a2531cd-e42a-4b94-961b-a7050b8975f9,Yfwbthdyo,2024-10-05 02:51:41
4534faeb-8eba-49c5-b067-1da16f813e10,Bxzedjcyvyjxcq,2024-10-08 08:59:16
72b79d1a-9d58-4e4a-8986-4935f4342ad8,Yalioem,2024-10-04 23:07:45
8ca611ae-fffd-4d01-b001-a29f8d6e30d3,Wtepmsgsufq,2024-10-30 07:06:12
8f831ec7-6624-4f89-97f2-6c9634b5da35,Vuhbotn,2024-10-15 03:08:29
b977663e-e9a2-4676-80b7-7d81dc5904bf,Svwnmaetiovqowg,2024-10-19 12:26:06
4c76cc6a-db36-4b2d-abfb-79eed522aea3,Wtpnuoazbmx,2024-10-23 04:18:02
68cb2cec-6670-457e-81e5-02836b340e74,Fqvrduujjportdq,2024-10-13 07:12:14
1851e371-73f1-475d-bba3-f8463e27a617,Pbxhdk,2024-10-05 10:10:00
0514d985-6216-4fba-beba-c9133ee5b351,Cmsot,2024-10-17 18:58:18
777e9464-6ede-4c0c-8018-d5009da8c19b,Dizsvbq,2024-10-17 21:51:51
5a3aa715-9674-48b8-a0af-b3a6dd2be26a,Zztlmxwdzwygcba,2024-10-05 06:22:13
d8961b8a-9630-4c66-b944-20a41fe7b5f9,Xtxhoehmjwrwi,2024-10-17 02:08:09
8bf6eca7-de28-4f70-b7a8-5aac2648b255,Rpastdtgj,2024-10-11 00:59:54
a757c9ea-b637-4618-9387-76e67ae963fc,Nwgolsgtrhwb,2024-10-27 08:19:11
a7653308-81d7-42a4-ad47-bddcf3379094,Hzwxrsifyvaugpj,2024-10-21 23:20:09
f588e89d-7a31-452b-a3ab-3268cc2b4bd9,Dxcvgqiv,2024-10-15 19:24:27
4cd236db-f768-4786-9b17-e150b948fa5f,Htgcsu,2024-10-14 01:34:35
d611ad6c-1d5f-4496-8dbe-1520510e7970,Dzqpbaoeu,2024-10-04 16:54:56
74695249-f836-4153-b9a3-01a298b57648,Uewfsmuakn,2024-10-10 17:09:44
e9de737a-a7e4-4ff2-ae23-3fac6c9d10c1,Vtspwgaqgrlsoi,2024-10-07 07:32:16
7ad04522-3f77-4a05-b310-32144d83c822,Crnuihgivbmges,2024-10-28 16:46:22
62df9368-c069-4e1f-a5f5-bdf2c4b57b52,Ieccvfrpogg,2024-10-27 13:41:59
563d6496-a656-48d3-8030-b055a07f04b6,Atsbtjxxwosv,2024-10-30 20:46:29
6cf24dca-ef44-43e2-86c7-535cc4d0cee8,Zjianrhym,2024-10-10 17:02:43
6bafe2b5-699d-48b4-b5e5-40be6bf5a884,Vyzagrccobzxupc,2024-10-10 02:42:53
4cbae87d-3522-443f-8459-229f30aca6f8,Cycvenyd,2024-10-03 09:55:19
e77b239b-c626-4bcb-926c-080ed9e81cc0,Jaehfatz,2024-10-02 09:28:46
dc0f5805-bdc9-4e12-ad02-a46cfdb05804,Vjjwxmdahgajrhp,2024-10-24 20:44:14
6e749757-edb4-4192-9379-9f267a932cb0,Aduwa,2024-10-12 17:53:03
4ab4fd38-b1b3-4ecb-b0c0-b0bc309fe0d0,Bdnkcreowyqcoor,2024-10-12 04:35:03
a3ebf4f3-e9bb-46c5-b5b1-bf95d0171e1a,Rkhphcsgvdz,2024-10-12 15:04:27
cc4c25f9-4927-40f2-bf07-8406f2eadefc,Mfagllj,2024-10-21 23:04:47
45a1b327-5e4f-4469-8891-5aad6a667e45,Loeqvamqwr,2024-10-16 08:12:23
700ab48c-4e4d-40cc-827f-1b05cfaf7cd8,Btlakqyhetydumv,2024-10-28 11:09:10
64f2728e-301a-4417-8161-708e26ff3bcc,Ycpodkxtzaegkkv,2024-10-11 13:43:38
935b2775-29f1-4e75-a549-920a8b3746cb,Jibiqfbjmwvpx,2024-10-04 10:04:07
25f49db5-c436-4a73-ad30-aa32fcf98fd9,Hmkarrg,2024-10-19 19:00:00
54202591-8421-4f54-a084-fdcdab99ebcd,Fnwdlbjv,2024-10-11 16:52:25
12aaf0b2-17fb-4952-970b-617c0c88a4b5,Smdfhienfwqu,2024-10-03 03:11:21
adfcfe7f-8927-4e2b-a34d-e0aa0dd64976,Ocrklctkvqeir,2024-10-08 12:58:11
d2709718-837b-4550-be9f-9734338f2778,Ilaxxfray,2024-10-21 01:32:26
e5f3f4a7-d268-4d13-ad78-29d416ee1ac6,Owonixejmdb,2024-10-23 00:54:53
fe299ee6-4a5f-4322-9733-80dabdb6c7bd,Eiyxzzijrjheli,2024-10-10 20:01:23
4d4369c1-bf51-4913-83c6-5ff7a1c5e979,Lqrxfzkjrthaziy,2024-10-02 09:19:11
06952840-59a5-421e-8ee2-f114799f855a,Spaxsmlotz,2024-10-11 15:04:46
adefbf38-6ec7-42c6-b738-2ff64ab763af,Hbadovqu,2024-10-10 08:01:04
3ea1a5e4-88c0-450c-8938-9d0233059bc5,Ubregv,2024-10-16 05:32:15
b9b49f17-3f9e-4792-b4e8-9eaf90403317,Oilkwkaczmc,2024-10-05 13:57:02
01a4cf24-243e-45d1-80a7-f96f19bc9f5f,Ridbrsawm,2024-10-16 03:00:53
c0c5c98b-da1e-42a6-bad8-bbb08ce2d91c,Vzutyevy,2024-10-09 08:48:36
68a22b1f-562b-4d5b-a5e4-c4424482470e,Lewwwtqriqryifz,2024-10-05 16:40:46
52d78b86-cc90-401e-b58f-624b52f7c945,Htbhor,2024-10-25 06:01:23
8eb702cc-2789-481b-887b-368540fac406,Hsevaua,2024-10-22 22:17:14
990ddb17-920e-4987-9eab-6aad02b0ca2a,Zjejoqfcoky,2024-10-22 22:55:52
da410f8d-032a-4af9-9e7a-7cb780c33067,Stnuggddyyw,2024-10-03 13:08:30
74bcc040-0843-4373-9728-27709ee7d8c4,Drrqphg,2024-10-07 23:26:49
50f7bf1e-3c6d-45ec-8aaf-a7b49c826bb8,Qmoahyzxapuwpq,2024-10-14 02:54:59
fa5f3a5e-7d20-4231-ad76-47da1d85fbe2,Baern,2024-10-27 06:04:03
84560040-452c-4801-a3e2-9f2334581ae9,Ubbjqjgtedn,2024-10-15 04:07:33
44b7ef0d-83f5-4b5b-8e18-05a84c658338,Lyagg,2024-10-15 05:24:01
3dd8113f-3545-4e9d-9d4b-cf3602b9b78b,Boobbjekvolf,2024-10-16 01:20:56
83ca26d5-e447-4b63-b469-6a65b72c50ee,Kdyhcdieurcqm,2024-10-27 21:06:58
0dce8afd-84ef-41e5-811d-31f416b375d4,Sgdcbp,2024-10-14 20:45:48
ea060aab-6088-4f19-ad53-39d0978486ad,Kjwprv,2024-10-11 08:54:08
57eb71c9-b9e6-4a2c-bb20-b90c4c183075,Frbwiiyok,2024-10-19 22:25:42
536f4d60-c1e2-432c-a3ec-e003cf969086,Pdibgu,2024-10-28 09:04:35
c366be86-5097-4860-9641-277c918ade3f,Tdycaapllqe,2024-10-21 03:04:01
acf0f69a-9895-4b92-9de5-060c887dc2ac,Oxxlgpm,2024-10-17 01:27:35
72bf7c51-5df7-49a1-9c5b-1c94cc9b2b7f,Yaunr,2024-10-11 22:09:34
3ab471b2-a2c2-45fa-bf67-c77053595d11,Chqgkf,2024-10-07 06:13:43
520173f9-ae77-41aa-a7ac-a31eb9a67613,Wasaoqizwqennm,2024-10-20 14:19:06
ef88c8a2-403b-48f2-9c19-2fe46f1cc3f3,Eaqzpjjzptug,2024-10-16 13:11:48
7bf6e23b-5736-4799-adb1-198da265c974,Xfbqltnht,2024-10-11 09:15:18
72a08b15-0155-4be2-a026-ff601618c50c,Ukepygw,2024-10-05 08:44:52
1ba4e389-89f1-4722-b5fa-33323061a9e2,Tbtmksgzolis,2024-10-31 01:11:39
b5899609-a782-4777-a8ce-24870989f5ea,Jpixj,2024-10-21 14:32:04
071d2e36-928c-47df-8382-04c63cfe4ef9,Cqrwnzb,2024-10-27 15:04:35
393a352f-cfd9-4b04-84fc-2ee56f2ac4a7,Rrlnvpgmphssckc,2024-10-09 11:29:12
ecad0930-5ad7-47c8-8497-745d8a56402d,Elfzyx,2024-10-31 12:58:36
f9775102-5479-4801-a7be-f1438f196aea,Ylbolelsyb,2024-10-12 14:51:40
94d97493-c5e0-46c4-be2e-2b39e2278c25,Eeclqcaengywy,2024-10-07 13:21:29
63d55806-3b62-4bca-b758-38115a3da4ab,Wigbvhwtdu,2024-10-21 05:29:45
a8f576e5-45c8-4df9-9c67-cab4091201d6,Hdvqezgjshecp,2024-10-15 18:41:04
e05e3199-1108-48bf-804a-e868313701df,Ckwrrf,2024-10-19 03:55:46
e613d4eb-f98c-4288-a1fd-39cf87fea603,Kznlftu,2024-10-04 16:00:53
469f75bf-d2c6-4351-ac76-c15e7d6d8e9c,Tspvlnvvgvybbj,2024-10-26 22:31:31
f2d457c5-024a-49b8-a9eb-b4ea9b998dd3,Rnhawshmz,2024-10-03 17:49:03
f9e66300-7c50-41a2-834a-94be02d2b78f,Ktpklmzcev,2024-10-18 20:15:42
ccccf05b-e638-4eee-a19c-4c5555460ad0,Kfzkqnyhhypstwn,2024-10-31 21:24:36
fe277e9f-2c26-4ca7-9ac4-99150950e180,Wjplfhpdetjosps,2024-10-10 11:27:03
70b62a06-4683-4104-8cb9-029e0bb8406b,Apflmtiwvssc,2024-10-20 02:30:22
691345cb-f3e9-42d2-8a43-221227265f9f,Fubvknsssveu,2024-10-31 00:12:07
155e3d8c-7ae3-413e-9ac4-818c1f1fd17e,Kvqxy,2024-10-16 20:04:35
389b7157-aab4-42e3-8edb-3e7bfe89c516,Bptbxhyopas,2024-10-04 01:18:53
4de7b406-a21b-4c2d-8945-b0081f421651,Juflx,2024-10-30 05:09:56
2e868397-2556-4ea6-ac47-af00f05efd74,Bczcykaaq,2024-10-19 19:43:43
0f8e3486-6777-4e3c-b05f-dea787e02fab,Huaxfocosg,2024-10-05 15:28:42
a9f7224d-9838-48e5-a7b9-17882863ae25,Ynpwtcupx,2024-10-08 00:32:54
cac1b1b7-2457-434d-b973-67d949499ef1,Xvzcztklih,2024-10-22 03:33:09
bad9fdc8-6dcb-41bd-b327-e4bb2936f9fa,Jnwbxhn,2024-10-14 21:15:37
8eb18c31-8947-4ee1-958a-564d5c0359a3,Kuyumdwdavogh,2024-10-31 01:52:57
13d665a4-e05d-436e-a04a-9d2cba95eea4,Zrnigk,2024-10-21 06:15:35
94338fe4-f6b2-4573-8968-470ade5b1b47,Xeqarekxlxk,2024-10-23 19:03:49
de824ee9-b246-4c11-ba58-ff190c8983fa,Qqxalhsnydsuo,2024-10-04 06:23:35
206e69db-2216-4485-8f47-7a4355838230,Bgqtnkhntbggple,2024-10-19 03:57:00
6b22dd5e-129c-4c8d-9e44-f52be1c9a0b0,Uldjlb,2024-10-24 13:20:28
e50133e2-7561-4a61-9b60-ffa305f023c0,Camaidtapoo,2024-10-11 18:03:27
04579f6b-712f-40c7-8369-2ad5bef7da76,Dkkhehpflxaeicg,2024-10-03 15:02:25
c51e4176-cfe1-4e59-ba11-210a57760e8d,Vuqruxkoraxa,2024-10-12 10:07:44
f07a5690-aa40-4bb9-82b3-2f31138b4b13,Byzxmfzyivknovj,2024-10-30 21:26:04
b213d6d3-e3e3-4c06-bc3a-1ace67d7f374,Gaicclkoaasqh,2024-10-01 15:13:23
9a4fbc45-1d62-4f65-b6b7-626fc6d7c14a,Ssaizuqcbyca,2024-10-16 15:05:47
8b90574f-a0e8-4590-8171-4d68a51dad42,Byhlaxgvn,2024-10-30 02:04:20
116f22eb-f611-43e5-bad3-9b99d15c08b6,Sfapdqzczmab,2024-10-03 03:58:35
436ed8a7-102b-45ee-a982-a8300ea49cbd,Fuooo,2024-10-31 15:36:30
3b74369d-14fc-4da1-8459-e0a9e0caead7,Hwyduoxsxcvdle,2024-10-17 15:13:27
39d64e1b-c020-49f8-80f3-bda6f80b7dd0,Egqcaeljb,2024-10-27 12:20:40
7e3a3871-b5c5-4870-9f97-8617e22132e2,Tqznqdz,2024-10-22 06:29:08
d3d7a88d-e5fc-4979-bf5b-5acc3ba4f16c,Xqordrpfju,2024-10-18 17:57:45
890b33ee-2afd-45cf-b02d-5ac6a2ec47d7,Bkpsijs,2024-10-04 00:34:41
f1195d59-5965-4866-b9f4-465ebe058a06,Zgezqbgq,2024-10-26 23:07:58
56e86cf5-c1ed-4224-823c-db900b599b97,Lpwptz,2024-10-11 22:02:37
b3299ade-16fa-47cf-8b9e-efa851ec1446,Hlpgk,2024-10-08 11:03:34
d9fba043-114d-473f-b1a5-856dc65249fc,Pzpuje,2024-10-30 16:09:50
4882f208-d9f2-41ce-a3e8-48fa096793b3,Hzfntxtu,2024-10-14 19:39:02
5b4919f7-b629-45a3-9392-20f986aa01f3,Rzwfjyxoxzv,2024-10-05 21:11:02
645017f9-ecf6-4165-8298-67735b5addfd,Wjcyehkgvqudkk,2024-10-27 09:58:27
3e6a462f-f509-408c-bd2d-e992159e1cda,Jeubpccoq,2024-10-09 19:53:36
62da20f4-cca3-4967-a992-8b2b5024c8df,Hyqghjj,2024-10-21 12:18:38
4c2036e9-fef1-45b1-84b2-b49f23af37fe,Cnsyqkwvogrpio,2024-10-10 03:25:38
1627d7ea-e567-401d-b62d-be90910211bb,Stbsfalrpfv,2024-10-26 01:26:06
6420e37a-1d19-4f84-be97-942955e5e3db,Cdduekpebcmwgf,2024-10-31 22:31:39
7cf115e4-c85f-43bb-88af-b88e05f201cf,Qdiaxxwkhf,2024-10-24 15:32:27
90b18cff-32a5-4db1-9bbf-6bcb1da598d7,Owxjdlrnwah,2024-10-22 21:42:36
38e08c81-ff0d-43ff-953f-7822792267ac,Dvfzifz,2024-10-06 03:20:50
14ecd113-343d-4cf8-a4b6-9ff42006cdcf,Kxhgkrabprw,2024-10-15 18:15:50
b1f4591c-056c-401a-acc3-bfe4f1c6e9bb,Khtwf,2024-10-03 18:10:43
d47d71e0-8955-4691-a665-0be6de855091,Dbzymz,2024-10-31 12:23:28
e4773c1a-6f97-4860-8ffb-fe6e0a16bd6b,Oloqormr,2024-10-29 08:43:59
4526bee9-dcaa-4ff6-9582-9642bc8b9c13,Omyqdy,2024-10-04 14:05:42
47718e66-eacf-4884-9a12-544034a0dba4,Anizcrpbr,2024-10-01 16:50:54
5470be22-e290-4819-a48c-12c356d4727c,Ddyyfpldiqtlb,2024-10-15 09:30:05
a91fb409-b87e-44a4-8a47-d0bb136f1a2a,Khbzeqtt,2024-10-15 08:20:29
4c275dd9-0a86-43e5-b755-cb11e9fec725,Xbmfjin,2024-10-10 13:35:43
ae7377ce-a07c-423d-95f9-8ff16b64af28,Spuwhbwxbole,2024-10-29 14:31:57
4216abf9-07b7-4f8f-bce3-f0f00cc8192c,Tyyvjfmzhopnjv,2024-10-20 18:57:44
519c7058-f5f2-4211-bd3c-f202d9245a93,Zadyjfkftri,2024-10-15 14:30:34
64b93a59-80fd-4825-88c3-ba25278d33a0,Vaewuceqry,2024-10-16 11:40:46
51f3e0da-36a9-489b-95eb-75d59a5c8aaa,Yryubymkpan,2024-10-03 18:30:41
6ae4d248-8bf1-41c4-8c6a-30c5695e79ed,Zvxdqteioxbigz,2024-10-11 21:59:48
dd5ce110-5d87-45ed-b4df-42c02e9434d7,Jzhhhbowibdkyvw,2024-10-23 06:53:48
379f05b0-fd39-4449-8efc-0d2a8844d4f3,Azsgbpdgp,2024-10-19 19:14:00
eb3e9aa5-8d8d-4d6e-94b1-03da06e82335,Bnjdljpinxfrdhq,2024-10-20 23:54:16
4b9d322f-f660-4a33-b229-cb2d1f81a8ce,Uxgydcvuimkexaa,2024-10-16 21:05:07
2aea83a8-556a-45ae-aea5-bc768dcc286f,Ovoir,2024-10-05 15:24:59
41661550-5f19-41fe-be6a-58b94c009ce9,Rieeom,2024-10-14 11:05:49
a367be89-ef55-4a6f-864c-3d6ad8004166,Ogpjqql,2024-10-21 07:34:55
d825f36a-508f-449b-b50d-98107f6558e1,Cfimitlygwcvivs,2024-10-24 05:13:07
9f9bd6b3-a76b-4a14-9e37-ee4c5bcbdb24,Qwyxjsent,2024-10-08 19:59:58
4fb8ddce-77df-415f-a736-adffdd8a8a8a,Xkcpm,2024-10-19 18:42:54
7d56c497-35f8-4419-a951-57f1629547cd,Apwvubktrzroia,2024-10-01 13:05:41
8a13f84b-65ce-43c9-8df1-e6a3e77df261,Xazeeuz,2024-10-13 09:46:13
39a41936-329e-462d-baaa-44e47a20f55f,Lwpysj,2024-10-20 16:27:35
c9e8faf5-b453-4e19-85f6-c5214510d403,Xfssryzbjqfy,2024-10-11 21:07:12
1c522b7a-3f3d-4162-a82b-3bdc6d1e157f,Yutroxrsd,2024-10-08 09:58:00
4639e3da-a808-4d9c-9670-5ef8cf8214c4,Vstugex,2024-10-26 21:36:02
34d65014-0406-4049-b731-746646f0f971,Qodaz,2024-10-11 10:19:43
ef180c74-9078-4203-9432-535100f9079f,Xorbd,2024-10-01 11:34:23
6c9747e5-5b4d-4834-949e-2ec2483bc743,Gtgrcxvdwzdngaj,2024-10-16 13:41:38
53ca04e7-3dd8-4f7b-a938-564c738a3f68,Fugtpafgiznmarp,2024-10-17 02:21:37
1a74c264-bb38-4327-900f-c85e7e3d9959,Ipvwfdlhgvshq,2024-10-29 07:51:12
f0dc527b-4fac-47c7-b562-3cd0c4ceb35a,Mcfsqn,2024-10-30 04:53:36
ec018ae7-9c84-48ff-afb5-3f097bd65a76,Hcpwfsvvrcwzdr,2024-10-04 05:24:45
1bc11422-e145-41d5-b8bd-e9f0a6d8e384,Rugejlmnehq,2024-10-05 03:41:09
a8c31c56-19c3-4930-81bd-e0a044df78ca,Ykdrfcuk,2024-10-09 15:25:12
fe3f077a-e002-430f-ab51-ae9aa39402b2,Lnvyyuhqte,2024-10-10 16:57:40
78e50e2d-bc75-4317-9589-3b4b8a5627f5,Wcnsfurxemfida,2024-10-05 20:38:08
a8fcf087-197f-455b-b11c-d44056fac437,Obyylbifwfi,2024-10-10 14:30:21
af9984d2-6b17-45e7-b88d-072e7fbace90,Azqeeovtokaut,2024-10-07 03:21:09
ecb433bc-d248-47d0-8f15-bc631dd72c0c,Nucujmaxr,2024-10-08 02:46:18
8514b4b1-bf3b-40a7-af0b-26d2adf0105f,Mshmvej,2024-10-12 07:01:55
fb037f7e-0c89-48ea-86d4-cf336154f7ea,Yytjfgazwwwm,2024-10-12 19:50:32
3bcb048c-3baa-4665-a02c-2db309f808c9,Hhzkp,2024-10-01 00:43:12
2c4d49ed-286c-440d-849c-490182965c60,Drnitfyq,2024-10-28 13:40:53
0addb114-4e95-40f6-83a5-118f6336a0b5,Jcqrgpepwexc,2024-10-30 03:37:14
b7085b11-5a60-44aa-bb97-4afbe5d7b7c7,Iowmfvz,2024-10-21 18:02:50
b2aeaf68-0422-40e7-bd09-434b3da30c63,Xswxsih,2024-10-23 05:56:31
65ff1f58-73bb-4686-8d28-c781d270837c,Gjutp,2024-10-06 04:26:25
cffed0bc-a169-4446-b19a-93a4c1121b0d,Ixcnyuftdq,2024-10-23 12:25:48
3b2158ed-67cb-4385-a7a0-a43a26c5932e,Fhhbynutrh,2024-10-05 07:13:11
25557eba-a7b1-4638-9cd5-4637393164f4,Yhmius,2024-10-11 10:17:31
2fbee015-82fe-45b0-b744-e3ac7e8344ba,Oyzkbsjudq,2024-10-21 21:20:33
451d6f02-8e34-4be1-88c7-825733365109,Tqmsoq,2024-10-17 20:05:11
f33059e8-fe20-445c-9221-3b7c08305a67,Ckiptpuo,2024-10-29 06:57:43
4f1ada89-43e7-439e-bdaa-8cebdabe5e71,Idmtcoeigqebune,2024-10-16 04:01:17
6063b2d8-b6e8-4170-9ddd-b97b7cc7e455,Tgfpwja,2024-10-17 22:24:13
462de088-814e-4e36-84ee-81d5f81bffbb,Nnafxc,2024-10-03 02:56:25
716032a5-e7bb-4407-a634-c24d1ba64147,Bzvbt,2024-10-27 23:50:06
f446ba8c-1195-4b28-acad-fdc2aab0a319,Geoelodcjddmyl,2024-10-12 03:57:38
4064a65f-438f-437f-8d0a-5cc835f0c3c0,Zygoarmh,2024-10-07 17:09:57
fdaa2d86-a5e9-4cfe-b568-9b27e3d10bd1,Ykryulqmz,2024-10-13 01:26:54
56e7105f-cda3-4c9b-9c83-206c6102bf9d,Cvxruklhzrpstbp,2024-10-29 02:32:00
ff657449-fb83-4886-92a1-eeb9b498fe8f,Urerctagapmtwvc,2024-10-12 10:17:50
c490af76-8457-464c-9459-4ea65583846d,Cfbhtckmfuhoihh,2024-10-19 18:48:19
746363ff-c2a7-410b-8f1f-fa584dc78728,Kclkogwzk,2024-10-25 21:23:37
b15d88b0-5b4d-453f-8edf-be3242cdc7fa,Tedsmbjxdk,2024-10-30 04:39:31
e829b281-cb89-4b72-881d-8e1b3cd3ca6d,Iutcgpykcnw,2024-10-04 17:51:03
65943f26-c04b-4911-9de6-11fc6b244106,Muqncvdpuag,2024-10-08 23:08:49
60c6e0dc-0b4a-4b34-93a6-56c9f21a3ccb,Wqfduxxzkbdnp,2024-10-15 07:59:30
3dec296b-228d-4e61-9e2d-5f3fd38c41f2,Rnqonwjpubstgtg,2024-10-30 18:27:11
20aa3e91-52cf-4cba-ac1e-273a55314cfd,Mdptpaaz,2024-10-31 20:05:56
fa10d291-eece-4737-a511-a46985e738a6,Npsewf,2024-10-11 22:12:43
f04f77ba-96ca-496b-9e80-919d40ad174f,Fnndhehflbke,2024-10-20 21:01:35
1ec1072a-ae57-4c86-971f-377fd0e002ed,Blejq,2024-10-16 14:30:12
1b73cd20-0024-413b-82a2-d262550f5342,Dvfbblk,2024-10-10 10:45:09
87470f95-b01f-434e-b4cd-af9dfc5da72b,Mehrnbdidcibu,2024-10-28 02:35:49
549536aa-c7f8-460d-a5cb-a923126174f6,Oawuvnkiuz,2024-10-26 01:22:21
e541ac27-f22f-42cc-b05e-ebaf164e2a37,Atqugox,2024-10-04 07:41:39
162cecdc-7cfe-49e1-834c-53db47208ced,Qalzlikboef,2024-10-26 01:38:38
a75e267b-5920-476b-8b7e-154b10937c1e,Wxpyhqmnhddwx,2024-10-18 07:23:56
1e798215-f0ce-4c86-87f1-58c33f219560,Xllsewobfqemn,2024-10-03 14:09:50
98ae7060-f966-431e-8cb9-2e94f4eaecb5,Nyaimaiyjfnncl,2024-10-15 21:27:42
541a7785-d4c4-496d-9a3a-20329ff93a8e,Hcvhywynx,2024-10-26 05:23:07
bc947779-c3aa-4e10-b256-f3fba381e6c2,Beiewhpdaosfvhi,2024-10-04 12:03:50
a19c4841-1d3d-4bcb-8aaa-4fceeeacbe37,Ebopwu,2024-10-10 19:16:42
2516a6b8-3e3a-4da2-9ee8-fd0383a006ad,Becmricssbsqf,2024-10-05 00:55:51
0733ecc6-a640-4958-ae89-1284aae97a91,Zhdlsignnungghh,2024-10-14 20:22:35
76dba16c-f710-470d-831c-c889f59e7a54,Fvklgfjsinmavi,2024-10-01 08:53:02
42dc8af6-fa5f-4df9-afc2-b75756bdb92e,Kqvuil,2024-10-12 08:26:37
a8ffa111-6774-4875-bbd7-a5572a53917f,Joyffm,2024-10-21 14:40:45
c6d832a8-3b9c-43d7-98ec-231108f13efe,Wjdngtemrlz,2024-10-18 02:49:29
e5b290f8-e37d-4daf-b377-4c29b240e9af,Rqpcrkty,2024-10-01 07:06:09
4acd4452-4647-4e36-a07d-da42bdd391bd,Lzlopwajz,2024-10-06 09:41:52
68e16423-0017-468e-8075-c2e8dd999a70,Eclqloatdhvxrr,2024-10-27 03:48:11
16a417f3-fb0a-4dd1-aa4b-3d74d436ff39,Swcobfrpyo,2024-10-18 17:47:27
93007db4-1654-42ac-b696-9a1c3e25f7bb,Azvxpuozvwz,2024-10-07 14:38:31
97ec39b5-cb15-40c0-afe8-e258c2de2b79,Vvlfgdgwq,2024-10-03 19:36:52
b67f2a9b-31e9-44a0-835e-f03d9f651d6b,Sngtyvpuio,2024-10-02 01:04:33
7a7b353c-da99-417f-8af2-53302040d858,Lmuiilxfoqfp,2024-10-30 06:55:13
58779b79-8e7a-4088-adb3-80ed38ff3b76,Eviloghcgbb,2024-10-15 14:30:36
4300bc99-d3bc-473d-b49b-8aa7549c12f7,Tilinzvmmtxmnj,2024-10-15 14:36:27
cacb4576-e9f3-433a-a301-1b96e2771314,Wyopmtp,2024-10-30 19:24:04
a9751c67-d830-4d08-bd0e-53967e07788f,Jmrgbkx,2024-10-24 13:56:44
57b910c5-c0af-4d4d-ba1b-f8b1cb45725f,Qnzqc,2024-10-08 02:56:15
a258bc01-33f1-466a-9446-9f1dfe085a72,Hekinmnzng,2024-10-14 09:07:48
b7b2f11e-e6be-4c7c-a210-736b4ed99dd6,Uwenzgjhw,2024-10-29 02:42:35
962b4f00-bbc1-4026-a005-8c0a20f736c8,Aydfknyqaawn,2024-10-08 20:32:40
6621990b-dab6-417f-8933-593229ba8213,Arujdxducurvyg,2024-10-12 03:13:28
33252dd3-44b6-4f2d-9b18-be1bf3333df8,Zbppueproka,2024-10-15 10:31:41
b5429a89-4e57-46a2-b7e2-4c195ee9bf30,Iujukbo,2024-10-08 14:21:23
6119aef0-a02b-4808-af5b-4373c9650ea2,Yykizhpigkg,2024-10-30 06:40:34
f81208c1-70a7-4325-8d1f-118d797ed890,Szghfr,2024-10-31 19:02:04
78c03a1a-a816-4ee1-b6d2-a1cfdfbc9f2e,Qhvlwngfx,2024-10-02 06:20:40
f6f2b6be-fd0f-44fb-b9c6-d805a18c0c7a,Kckyot,2024-10-07 13:09:17
dbf329c5-998c-470c-b5de-41f9e13ff836,Ugjnlhyugkqlnn,2024-10-24 08:22:02
c5f5e290-1eba-4b6a-b9e1-7549cf469762,Aacceyeeoxn,2024-10-22 01:46:51
5a881808-8e8e-4891-a05d-b238a34d6770,Yqftuarbq,2024-10-14 09:46:14
b1017da0-f3a3-468c-8261-6e3c35c3d7d8,Znckodeeekuefj,2024-10-29 19:08:18
6254bbc6-5c20-4d7e-8a80-fd2b9ee08127,Jyswslpfozrsjf,2024-10-23 13:54:32
0e5589f8-b0aa-4994-b367-a817f49832f1,Zyfodqxzyfgbmn,2024-10-04 03:20:54
4e055509-134f-43c6-962c-c1d42ac42843,Yxztmzqfquombnn,2024-10-24 21:41:19
8751f42a-6d4e-4643-beee-564563ed6117,Ktksru,2024-10-12 15:59:42
b612a376-fa6b-4e62-9270-66bb04967f36,Aypuefmzytpzr,2024-10-21 03:27:45
07c3e0cc-e961-4e9f-a4a2-dfc1bdb7a28b,Mutgzsmmgqbju,2024-10-19 19:22:19
2ef99a59-21b1-4b23-9d06-ec225741aa2a,Ngchlqosxbxr,2024-10-03 06:53:42
56476b6c-a978-440d-9da5-3cce7c8c25f0,Hjtycxu,2024-10-19 07:06:14
78e9ceaf-0a86-47f6-96ce-73f2d9f8d53d,Pfwquvsznsxx,2024-10-30 02:05:08
d93bf9a8-c173-4b84-837e-4e5850537683,Mwpdsrxn,2024-10-09 09:16:03
2ce8841b-f360-4a16-8648-b6277d1e9925,Ymnqwsfasrvze,2024-10-15 04:54:58
ab01f413-3430-44a4-b656-00f8c4757ee1,Hvaggat,2024-10-26 01:46:45
935047c9-a069-4a7c-b7e1-8dec23705f25,Xlsokfguf,2024-10-19 09:05:52
aabacc1d-40be-4d3e-9f9a-13f1d1b5cb56,Ahjzztcxmv,2024-10-01 20:20:57
44a50b24-c562-45c7-a9e4-e508d2300f7b,Pdtnthbxatwz,2024-10-16 22:16:40
ef082aea-37e0-4cd8-94d2-482e1c20a24d,Abelvozhcdf,2024-10-21 09:15:10
3f804169-c8d8-4aef-b006-b72c7fe916a1,Vgjpwldwqkqol,2024-10-15 05:43:27
98894965-ba45-4214-bba5-71356b0d8b29,Gkolbmnmvhdi,2024-10-10 12:38:14
29e6b9e0-1fc6-4013-ad36-6a77228a1e3f,Ooxjpksmzcqru,2024-10-23 07:43:29
170bd609-fd52-4d6b-b4b3-c9306d4396bd,Wkzajp,2024-10-12 11:04:15
d189d7f2-d190-411b-9e34-b41d27d79d3b,Pvprxhzap,2024-10-18 08:22:05
84d9e530-8f54-4244-8eb9-e3a4fca104d2,Jlggfovmjqnqow,2024-10-20 16:17:34
1e26d2c5-c6b5-493e-baf6-4ab4ad00d659,Fvltcezpzhkqyly,2024-10-03 09:18:48
55d886ef-7d67-4a2b-90b7-d33821f8aede,Yzcbdhlrjjyyqe,2024-10-28 23:38:43
2af6ef13-88c8-4ed5-9606-c865313f7c86,Nodcyqtol,2024-10-16 23:37:10
483b6c32-f6c6-4766-bf49-cddd0e1c7b33,Eitvxppzsy,2024-10-10 16:58:09
21c4a229-90a0-4f4d-8954-de98cf0554b3,Dtimueuvwqi,2024-10-17 12:43:40
bf577a61-4417-45f2-a2a9-8260024605b5,Fiaqrcbozvga,2024-10-26 10:38:18
4ec13579-46d7-45f2-9c0d-e6bf99dfaa74,Zxajcto,2024-10-19 05:08:11
64b85b00-d573-482f-90ef-4416c340b85e,Emjirsmmzi,2024-10-17 04:24:17
3fbae59c-62af-4cc5-b3de-a2bb0e49bb0d,Lkqczpmxmiumg,2024-10-07 14:58:50
364d535c-4482-4305-9d14-965f6d6bda91,Jdoftefbd,2024-10-29 23:04:06
c11fdee5-95ab-4e68-916d-51fe40a0adf0,Oryaljje,2024-10-18 02:51:52
56bb8d28-b6cf-4c9e-973f-6ab4a7e8d7d6,Eereyd,2024-10-08 07:03:28
6b40f91b-b043-4db8-92eb-d9780e7f5ee0,Ypuvyfacrghvbd,2024-10-17 10:34:38
611839f0-5021-4497-a4a2-a49ccb973dcb,Ilwuceuv,2024-10-10 12:57:37
7aa03a1a-81c4-4820-8993-ccf76237703c,Zdtsoqzkxf,2024-10-11 12:58:04
d123a8f1-85f6-4f98-89c5-4b8dec985a30,Xoivkieeapk,2024-10-27 23:35:43
f93cc1be-8a03-41df-9fb4-3011fd5748d0,Lshbpfgek,2024-10-10 19:15:14
3312faad-697a-4e59-affa-64ebcd22b5cf,Xxoposian,2024-10-20 12:05:34
62c5bb67-d09b-416a-9334-e5786f44e788,Wknpjhap,2024-10-27 07:15:51
733a56a9-aef2-478c-9298-5eb48500d9ae,Txdou,2024-10-05 00:56:32
45b59430-40b4-48ae-a97b-e0eabf79b200,Hsrrl,2024-10-21 21:53:34
b59e97f8-8a18-47fa-ba62-7d26c624745a,Ihfiftmkpexpp,2024-10-22 18:17:38
ca622e73-cfcb-432e-a15b-1e7d5275fe0b,Zrkkv,2024-10-29 10:05:49
c7b5b341-2a64-4c1c-8f66-3c0235e6747a,Oymqnz,2024-10-22 11:30:26
eb8a4ff5-e858-483b-9484-a385e4acba8b,Maomsw,2024-10-27 16:06:50
361f43b2-572c-433c-959c-397a7e70bd8a,Vyoegfmqjiwcwnl,2024-10-04 16:46:47
045ae3a2-7da3-4c22-aee5-0790cf81d3c7,Othxzpetqorniw,2024-10-03 21:05:31
a280d829-80c6-4e73-9ae9-0b8607b0dc2d,Cqnlnifz,2024-10-22 09:26:46
86ef313a-6d42-4c11-89da-d70c918339c6,Htyefccy,2024-10-23 18:51:06
1947f403-b000-400c-9b7e-838a815c41b9,Ftfrxthym,2024-10-28 07:50:31
d4b8fef8-024e-44fb-8114-74ef7a37f67d,Cskhkejbmuqm,2024-10-11 12:58:41
8aa7975f-cf71-4b1b-b6b9-96465846c0ec,Lwzputzupdxfpz,2024-10-29 03:32:06
f088d052-fdc8-4033-a1a1-9d739e3a447d,Cwqusqountxyx,2024-10-20 20:37:31
02b7cd52-7682-4d82-a294-9779f8a80e14,Lmrsyawt,2024-10-04 18:17:38
cb6f5c49-5588-411a-aa4a-d205ebd44c2a,Zkatrhppsxbo,2024-10-11 07:15:26
a7a70817-b64a-42d8-8ba3-8c601549f692,Hhnpqbnvjx,2024-10-12 04:06:12
ce60c6b0-93e5-4856-a3ea-baa3463f8399,Ayuplxaldligi,2024-10-19 23:16:33
eb8b58fa-e5f5-4957-9639-bea1f34e55f8,Gtljs,2024-10-08 16:58:39
8de28cf0-4587-468f-a4c7-f86c0df15ba6,Ygtibkemnmvjxjw,2024-10-16 13:11:15
2b5210fc-a692-4420-bc62-b383927311f6,Ejzxwwjwkl,2024-10-08 18:15:48
96805e6f-722a-40f9-a3a8-93a4b93854dc,Szmbzrmjggrtvl,2024-10-15 03:59:55
6a3e8a60-9fb4-4106-8296-bf3a7118145e,Pblznbubhnm,2024-10-22 16:54:23
03b397dc-f19b-4699-b86d-4b5768c81948,Twhabyllxvo,2024-10-10 07:31:25
22ff5e13-63f2-4266-8651-5fc8dc7e4d26,Auzdefwjkogira,2024-10-05 08:45:47
91f2c59b-6c52-4186-9368-3e88fab67764,Wtphxaelalbvd,2024-10-21 12:42:41
8ecfdfa4-9511-42e4-bc7e-6fd383ed025d,Lhjcoufiaorck,2024-10-13 06:13:03
4cf0fa6d-294f-48ba-a745-e00c79cabd00,Cbyqaxuwar,2024-10-29 15:27:31
977de15e-441a-40d6-b199-45a1d194a4bc,Ulrdonnuv,2024-10-06 10:05:20
c29c19e4-db58-4b03-a034-d5168c38c56d,Jrapacvzctksyr,2024-10-18 20:34:34
7db9a56a-82ba-4164-97b9-52dd4cd01215,Ywjwb,2024-10-13 00:04:05
4a740a65-ed00-416f-849e-82eeb4d0c0cd,Erenkvjnmqigfyc,2024-10-06 23:30:33
8ef0b012-fb2e-4a46-b12e-c86ca5414850,Xrvdr,2024-10-07 08:28:13
5b1066f9-1b16-4114-b1a7-c3a7d478485b,Vwlrhane,2024-10-30 02:37:52
92d21d93-e3dd-48ea-8130-3322b75084f8,Tuewbmzq,2024-10-25 11:39:33
3121b6fa-5d75-4b6b-8ef9-376c023f8c0d,Hermvpjouqpl,2024-10-27 05:48:26
7acbfda6-8712-437b-bf91-62ed7b8521e3,Oassmt,2024-10-02 12:56:38
3f81ee40-f665-4855-9349-ff68814464ed,Tvzdfirxfptdrix,2024-10-23 05:01:24
de8d74b3-5408-479a-b37d-11d71972d04f,Eecatra,2024-10-20 05:12:15
f961f365-4691-4a4e-b7c2-d46fbd08058b,Isvwudxgzux,2024-10-31 05:05:02
fb3d39db-a12f-4492-a2a2-f77ef985a15b,Fokrzebtbuf,2024-10-15 19:52:51
e272093a-0508-4031-a1b0-5a5e6e1ab461,Mogtxxwhsnd,2024-10-13 06:32:25
ced3a153-c5c5-4af3-bfbe-41b948ec1979,Ladlqagklngjpun,2024-10-04 18:02:39
ed973b3b-c446-4974-8021-56a0c13d1ec5,Prbzhavgcf,2024-10-09 08:15:56
709c05ad-1739-49a9-a210-32e146422dfe,Titnjdncwiix,2024-10-25 18:23:20
1c355625-28c1-45fa-aff1-b40e694b40ff,Tjzglqitymi,2024-10-12 09:11:17
afbd1b6b-774e-4001-a5f2-8a27ccaac239,Ipbflobp,2024-10-24 14:00:59
0673333a-81ac-40fc-880c-27a46404279c,Qjpgtstpswb,2024-10-10 05:02:02
b107834b-3db0-4ce0-8330-9e12207c2551,Fzgepopfsnoljfc,2024-10-08 01:14:19
2ae75772-f13e-44dd-99e9-cd61768e6ede,Wtpenwpestyzhsd,2024-10-08 20:27:31
b0648e8a-ee60-403f-8894-c2a368b42909,Fkcoctppk,2024-10-24 01:18:54
d9f120d6-c148-4265-acbf-b06e0b94c94e,Dlwzkccszc,2024-10-17 08:53:40
ae42a54d-bdae-488e-a2e0-af621324f0da,Nsvqyqcvwzkkllf,2024-10-11 21:50:17
b5e84af7-3eec-4fc3-abb5-79a9f5ea15d0,Gzqcmkkjisjdbjv,2024-10-02 17:17:57
1d07d8c7-6a47-4d48-a31a-89f05b486902,Expfypupwxb,2024-10-10 08:09:04
fa102794-ba7a-4639-8eb7-21a180f1ef10,Zqmcwzbz,2024-10-12 20:58:33
5fe1f204-1ac8-437e-b71c-fec973b92c7a,Ccqrkkashaj,2024-10-11 10:41:37
819c9b14-e36b-4ece-8cea-53178d320e16,Pfkbpbbxvufuc,2024-10-16 18:05:47
5fdae970-b44d-4e8e-98b7-993559d113ab,Jpxigogtmadjlxm,2024-10-16 09:48:46
67ad0d30-574c-455d-895f-9e425ac544ca,Tlmdsdbpjgmbi,2024-10-10 08:54:00
018fc606-d406-455a-abcd-61e032036bb6,Ccabineu,2024-10-22 19:44:48
de36be41-4812-454d-b002-77f1884c701a,Uzyfioq,2024-10-22 17:14:21
0e6da003-a0ea-4a90-ae53-8c9d17a59f49,Jzbff,2024-10-22 23:59:24
823fcd0e-7267-46ae-bf70-bf4d4a7e2779,Jlljamxyyslebhh,2024-10-16 14:31:02
e1a6fa54-858b-4b70-ad47-04a0dfa6490b,Lzvsdrruivths,2024-10-24 07:44:49
b875a04e-66c9-4afa-b979-3fc35c627e59,Jhpdrqrzvhedfgf,2024-10-01 02:00:45
99c58de7-faa4-41e2-baa4-32adc4ca86cf,Brxmqfzcodr,2024-10-14 16:14:23
9d645fef-2276-4cb9-b67d-e123536232ae,Pbhwjezo,2024-10-14 08:43:31
012b14a9-b412-45af-ba76-a44caf99d184,Vgzhuh,2024-10-09 04:31:20
cc12b0f4-c1cb-4ae8-a6a0-5919154ddf47,Fyzeu,2024-10-14 15:23:42
7e9b061e-ed98-40bf-965f-fb2399362cc2,Vhybkvupgaz,2024-10-03 18:58:33
31e825ad-bf9d-4092-8b3f-8b912df29fbe,Klcej,2024-10-29 12:35:13
db1b2c7c-4816-4669-b71b-a7377b913e18,Uwnhiakdqqp,2024-10-30 20:44:08
8eaa6f42-4cf3-46b2-b357-7873696abec8,Htess,2024-10-09 21:55:21
03df9458-2056-480a-844e-975006f2945b,Esypx,2024-10-16 13:53:46
c4629330-261c-4fb5-8f6f-c2021b6b3b34,Hxqdxemlysj,2024-10-20 22:15:15
8b6f0df6-cee6-4dd6-b5bf-e80bd76ccbe4,Envnqtagyupvbg,2024-10-09 01:17:39
67ec6f58-dd98-4b43-8730-0d2b2d9398a9,Pxfxgvhwb,2024-10-23 14:36:08
1a1d6683-615c-4c7c-94fb-56e85064eb12,Tnufkunjhpwnr,2024-10-23 15:03:18
e9eeb02f-d4b0-4c2d-956a-e7f00d56e72f,Zocqbwuvexjiy,2024-10-24 02:07:38
fc3afec6-2ad0-448b-b8d7-088976e04b1a,Gkqkzjx,2024-10-18 00:35:14
be7bbfe6-82bc-4723-a37f-337f0a59e9bc,Ciymzlylsbsg,2024-10-24 07:19:49
8087bb51-2147-47bc-9de1-646b5eaea339,Hnmrs,2024-10-20 18:42:12
9c1a027d-f2e0-4c96-ae6d-8972fcfeb02e,Mjkyrsefaoow,2024-10-22 18:59:17
556cd763-9659-4f8e-be92-aff56926433e,Vcouclqdhwqohpo,2024-10-10 08:39:00
bedc03c6-67ee-4e04-a203-172b5bea4074,Kehed,2024-10-08 21:05:44
57e1bf6f-a8ae-42db-a0bb-04e578156e48,Rculbtdsryrdfc,2024-10-27 23:34:15
27714811-25b5-499d-9b74-6f3e9a34d822,Xzyue,2024-10-25 05:18:31
62d59a8f-65e6-42dc-b73d-5b77253710a9,Tipzdshsx,2024-10-06 16:55:37
94eb61a4-ecd5-4f78-b453-87ec023fcc72,Mvjnailymiiob,2024-10-20 13:38:26
f580000d-211f-49e1-9504-c93944e0fd73,Huoqfabvo,2024-10-30 05:02:43
c9086293-ca89-456e-8548-5d87f61e1a09,Demhlrlee,2024-10-09 14:09:17
ecf1386d-7d72-4313-96fd-d697ee4b8e6a,Jewnxvfe,2024-10-25 06:24:10
3548ab89-ec5f-40fa-bf94-4aeb42a17ffe,Zqvxwzma,2024-10-25 19:40:04
e5185acf-3812-443f-9e1b-303efe8f126e,Pbxcxzwpmud,2024-10-12 06:33:22
23e9078b-3971-479a-b2f0-3a1d53392f72,Wmcdeplgtux,2024-10-26 22:27:28
61021e8e-1c90-4dca-9518-2eeebe9e6240,Bxoiluhy,2024-10-15 12:17:54
fbd8b9e5-e33a-4b7a-8452-9adee93cae14,Fydjkzecmmbgy,2024-10-19 04:42:19
e4a979b9-2dbe-4aa4-9361-78c779a6a2a9,Gayhpnojbd,2024-10-23 16:30:47
e52b4bec-8b42-41db-9aa7-8d7fa1e1e1de,Qodncrxckdmc,2024-10-19 05:10:56
c1187e68-f5cd-4a41-b9a7-871bf2c34d83,Hgdouwsxdjsdjc,2024-10-18 23:37:11
2323007e-7a2d-4d37-8451-64de4174a2b0,Xllaioh,2024-10-29 21:01:38
ad67f089-b870-4121-86fb-3bad4b40e252,Rzffjp,2024-10-11 06:03:38
31af2de9-a021-410b-a8d3-5c7b96e35cd4,Yjwqxdvwxe,2024-10-12 02:35:00
0dc60502-1a47-4818-90c1-5bf1e78f3e54,Rqzubeazn,2024-10-16 02:34:42
9649f3c7-f723-4c8b-bf6d-9246a810de04,Ygyrhkzp,2024-10-08 20:42:49
0d82dd90-7044-4790-b35c-207e17862fb6,Fmgfawdioxzwwhf,2024-10-06 19:59:40
c4a82da1-8650-4744-8ba5-e06f86d65802,Yallmqhlhq,2024-10-10 18:06:44
8f6ee6e1-34d5-4155-88ec-7097d3ae0ea8,Cxsnbbmhtyxi,2024-10-16 19:29:44
6b88eeef-1ff3-44e7-a640-81cccfe8084e,Gxjlvqikpfobzr,2024-10-07 08:14:36
ed672f5e-3f56-4e79-ad95-2d26a9ffd3b9,Asvnyuxmkqp,2024-10-13 23:47:21
7ffe1c7b-d36d-4f77-aa2f-cc428cfbb944,Mmzlefgmkicib,2024-10-21 13:23:31
68d54a9e-7459-4744-a724-5343086e4aee,Ckpiextzpmsuucm,2024-10-07 16:47:49
4dd9b38e-c821-441b-bc12-645169fd82dc,Jbfhziht,2024-10-14 11:54:17
04ec77ec-15c0-479a-a087-4e9ac97f951e,Rluon,2024-10-24 21:35:55
fa047c5d-db0f-4fc1-93c3-e211d3ad8c43,Qmiba,2024-10-11 03:27:37
9daa82cc-a29d-4a8c-878a-67e11f6a6eb7,Pbiofgyoaiyt,2024-10-14 23:33:24
caab5959-378e-4de9-aa72-f36572f9b35b,Ribdwble,2024-10-20 10:22:01
99b2e27f-648d-4470-8f25-1431d5190fa9,Slzgz,2024-10-02 14:06:40
b9b472ce-a167-48c6-ae9f-eb1005fbf88b,Vcsceq,2024-10-14 00:38:21
a6d693c9-894c-4f8e-9e06-1079ba186596,Clsxmdqylpavjxb,2024-10-10 12:15:14
ce2f0df3-3907-4fbb-9461-7a8828de39fe,Sqkkdxmgdwaa,2024-10-10 02:24:32
a01fd1c7-8d6f-4fe7-9073-efa962f9b5d3,Zfffgxw,2024-10-08 21:54:57
d3d12c67-364a-4798-961a-870266bc9dc3,Uekklhrpzfocjg,2024-10-06 10:15:36
1866e6e2-1109-4a3e-a08b-a8e2dd72985a,Ghogdk,2024-10-12 19:23:03
fc6b0271-be8e-4013-8007-44332270fc27,Wypudkf,2024-10-13 13:45:25
a0ffe773-f127-4965-bd1a-d034b8f6ac61,Ggaefxbcottbek,2024-10-22 22:38:40
7306ecf6-4dfa-49f9-bc76-475239fd185e,Rivbzn,2024-10-06 04:21:40
47fb9d6f-854b-4142-802c-9b408af71aae,Xfzgbrhsq,2024-10-15 14:03:19
7dde1513-d200-4fb9-a48a-4dc1f4ad54f4,Zmdlaffgtnpcgg,2024-10-24 21:58:43
59727ce1-df24-4659-afbc-fe5f4df26fc1,Olukhlpqug,2024-10-09 19:00:22
a4466489-ef73-4b50-a39e-6e53ebe22d93,Rsjfqkj,2024-10-20 01:53:06
74dfa66b-841f-4a22-b681-cf7c5ed8cb0e,Eciikaqbftdu,2024-10-23 08:10:00
2dc681c5-b9e4-4650-b13e-e69c75c0ea55,Gjehm,2024-10-31 02:13:56
e4e61106-268d-49ad-b332-9a752eca5a28,Upswamvbycdmt,2024-10-22 00:37:08
4f5e5474-1f76-4269-9278-ccedbf3a1990,Prpvbwf,2024-10-18 05:17:17
d100ef92-883d-433f-9a53-c97c4e3079ef,Jhpirwup,2024-10-29 14:29:04
8605f761-896a-41e3-918c-4972c20c0b36,Dbqdakkbaksqmdx,2024-10-06 18:05:51
bd54f060-3592-46f0-8647-d6881790b7ac,Lkzqn,2024-10-24 16:53:19
2396439a-d1cb-4873-ae84-9a4ea1bd9990,Slprrlupsanev,2024-10-28 11:59:25
22acbf67-d2f9-4b64-8d62-35c96e9769e6,Zmpyufysa,2024-10-29 03:35:52
9c63904f-b77d-4a09-be83-161fd377c6bb,Bcwleutbf,2024-10-30 18:48:42
85ee32c7-cc20-4136-9fc9-3f6dc420e3aa,Kbcscfuxfogczxm,2024-10-22 06:22:34
d3fda15b-6210-4156-8976-688a9e06e216,Jrtqpoxeokd,2024-10-24 09:21:43
9e0d69be-18f4-437d-a094-672e4b263b4f,Evvgdfvelfvymh,2024-10-25 12:05:22
3548a740-0c3d-4618-b025-10fb748a1c79,Svrbcdb,2024-10-05 05:32:21
a4f632d9-56f5-4118-a7d5-0d569d4f5bf5,Pycaxbdozzpvnyp,2024-10-01 02:05:52
3a98fb25-7a21-4a7b-aacd-a9b10846ab7f,Znnebxkobfooyr,2024-10-18 19:41:58
9fdda4cb-6eef-42da-84e6-0b5757ee688f,Zityag,2024-10-29 03:21:53
c7dcd671-86d7-4664-8233-935e2f7dd3c5,Tamffaehgrcgffg,2024-10-21 00:42:34
78da671f-d2ea-4645-823c-3f5a5597f7ea,Rplnienvfk,2024-10-12 10:52:21
4cabb66a-943f-4153-a626-52a4f7eef1dd,Ipyblmiv,2024-10-17 18:19:26
d0fa7d71-0df7-4f50-8899-ece418896a98,Odxanvgw,2024-10-28 23:04:21
8c604dc5-2c95-441b-8b24-e8b2d03b0e30,Bfestmkwcrudsj,2024-10-23 06:40:56
e2b4a68f-eb5f-4b64-91eb-4b8cca98a1d2,Zlgjhrjq,2024-10-13 15:20:42
d63fe972-9400-4d46-8735-ca1194527a9e,Iyqniqzxxw,2024-10-06 19:02:04
ed37e158-5717-4513-9bdb-9b06eb284b27,Wpuuccy,2024-10-06 11:01:10
f2a34be8-36f3-4e4c-ac07-b106b5657292,Gtsvltj,2024-10-14 02:55:26
3bffe4a5-97aa-4b06-9e79-7ad76ff4e0ec,Jzteiadp,2024-10-23 02:10:11
c4507953-cb11-41d2-8da1-f672fbee5550,Ydhefbyv,2024-10-24 06:26:53
3906feed-39d0-472d-be8d-64e471f7b56c,Eushxa,2024-10-02 15:47:22
06202303-a19f-443e-98c4-77e7342bf3d1,Knuwbkwzkeyap,2024-10-04 20:58:35
5eb5b21b-0282-41df-901f-53f251ed570d,Vpjdkcu,2024-10-28 23:55:35
9ea84000-93ed-4794-85b5-d4038ece0235,Grdsxnkqryplz,2024-10-22 11:42:54
a46859df-cd02-4af5-93b1-5f809ac81adc,Udeyjlnkgzzw,2024-10-25 23:14:24
3a6c6acc-4486-4087-be17-56aafe6f8859,Jsxdpel,2024-10-17 00:58:01
46585102-98e0-43f7-8790-0b0e9f84cf18,Ydxuhjlrdpc,2024-10-17 17:24:46
e836a894-4089-4881-a025-1a4ec486d4ad,Xsynvqqhb,2024-10-19 08:25:29
70abcd1c-030e-40b1-9c1f-c5c1914e3553,Aqttzrgbilrdp,2024-10-23 11:38:17
a93b3381-58dd-4952-a28a-f7bf1669841e,Cuhdyschgwx,2024-10-12 16:46:52
c9957888-d900-4b2b-bf0c-d17a35ae1152,Cbiuiupcodwopk,2024-10-12 21:55:19
f8decee8-bf78-4e60-bb02-a53399f15bd9,Elxizdgrunsmwv,2024-10-04 11:53:17
3e1c4016-5466-48df-b22a-e229d510d2e7,Ayofubnqmttm,2024-10-20 11:08:31
3fd00b7b-a735-4d53-8fc7-bb24eb5937c2,Mjzqqbhpc,2024-10-05 23:12:48
e842a814-3e19-4022-8e0e-52926b52b12a,Zodfng,2024-10-06 15:58:26
1d6ba453-a036-4580-9146-9a42136e3bdf,Sonaobqqgc,2024-10-12 09:18:27
51996033-982c-4aa5-8875-3d71137b507b,Jbddkgg,2024-10-21 13:01:38
e0d2f3a1-7a75-42e5-b437-056c374a53aa,Jqwdfj,2024-10-24 13:34:13
0547c392-5ae7-49b7-925e-6589eb17da8a,Dsytbgy,2024-10-12 06:26:15
877ccfe3-909d-4a81-9249-9c34523e1b04,Yfegkpctlafbwyz,2024-10-10 00:44:00
2ebe3161-56a4-420a-9351-db56d08b40d2,Wutebvjut,2024-10-26 23:57:28
5d1fa690-ca46-4964-a9d6-509af41ba091,Ffucii,2024-10-07 12:29:33
993009af-725d-4ed5-8f2e-4ec05eefd2e9,Jjrjslhyqisvaw,2024-10-29 16:13:25
8aebf223-4401-41e7-b195-02c5e26756ae,Hggjf,2024-10-12 21:13:43
fedec7c4-acdb-4d98-8855-b6dc66d63494,Klchmzhvbihvzt,2024-10-01 20:35:41
d95f3bff-549b-40b6-99d1-d28e45074916,Icrkpqbzwxuhb,2024-10-13 02:59:45
d3965e92-7c00-4590-981b-e816aa8754e3,Dpfdqpnd,2024-10-28 00:00:06
95f7a4e7-9610-48dc-9d78-499ea2f6e965,Jtqvxfjsdtderxs,2024-10-03 03:53:38
942acefa-97da-4a02-a7fa-9201530a6407,Rzktcvtxlo,2024-10-03 16:03:31
291df150-7bbe-4479-a1b6-cabdb7442cd0,Awqyily,2024-10-04 13:14:33
db193ab4-9f9b-4c44-afe6-558d608b19a0,Nkjxcncxhegdxm,2024-10-20 00:42:29
53d7de1c-1fe3-415d-b1cc-354548a5b416,Zapzhifu,2024-10-28 20:52:16
017523b1-d707-4c57-ac19-42b88c85e47d,Qipqqm,2024-10-01 17:25:41
c42fea73-8806-4d4f-bc81-9ba0f9a2fb4f,Jcxtlad,2024-10-22 05:27:24
5b1c1515-d54b-4295-a5f6-6d5a8c07889b,Bqsdqjdfunxe,2024-10-15 08:49:38
037cdbab-0c4e-4c20-9b9a-0b11cc94208e,Zjpqhqg,2024-10-16 17:59:59
49ab87b1-b4bd-4b9c-87c8-7f897da7df41,Ajnmfij,2024-10-13 18:13:59
d04debde-738b-417c-a9e1-860cf6c10f85,Kaqgqjebfpculm,2024-10-23 08:35:30
a73732bc-6dba-445e-9ad4-b7c2242d3f3c,Coodyciksupj,2024-10-12 07:59:04
40bd1a50-bb39-4dfe-8146-27bbea7cac48,Wbneqplumck,2024-10-10 17:58:31
c256ee35-68ce-449b-9237-cff68abcd483,Gdbikptr,2024-10-12 10:56:37
854adf32-c7ec-49e3-add5-51edcc1147a6,Rfwlleuatcw,2024-10-24 14:40:53
a1977eda-572a-4d7b-96a4-21ea6f56e5b8,Belyzpfopbhu,2024-10-16 11:17:08
57070515-101b-453f-b72e-a3b9c87b894b,Eyucluostizflw,2024-10-11 23:54:40
d12d01f1-b760-4d18-b41e-d7069557b1d7,Frcjobainetvfq,2024-10-27 15:02:02
d57a82e1-ee12-49cc-839c-d641e05e6984,Extdzjosfbn,2024-10-07 13:34:06
b2fe92c9-8512-40a6-8fc1-c63875ecf77c,Jqhnlodub,2024-10-30 21:19:30
83d159fc-dce8-487d-ae19-a1f5dab57d10,Llhnxkcdcv,2024-10-22 04:01:02
dff2b61b-0fe2-4e9a-8cc3-bc75bbb7107b,Icjbyknjhw,2024-10-31 20:02:08
6d1edae2-f123-44fa-9214-b4864a66470e,Ufpgiafomrub,2024-10-30 02:36:14
48f9d10c-92ef-4442-8ebb-1093ff914ebe,Lpwpkrfs,2024-10-16 10:45:26
b01673e8-85e0-4161-8c59-39680f6e37d5,Ddhyfvt,2024-10-07 03:18:03
26a93506-70cd-4159-ac1c-9545d4b5b77f,Ypwejkz,2024-10-15 17:41:41
29b38b03-649a-430b-9b9c-b173aa8c9ec9,Gnytejaesrkk,2024-10-12 18:09:44
ce8f890b-2473-4818-84f2-df1a59cec1f5,Qlohildwsz,2024-10-21 11:43:18
722fdb91-a50a-40dd-992b-3f5962d816fc,Mvyzvmnlmziew,2024-10-08 23:07:18
5ba40ae1-e5ab-40b9-9267-7db055b0208e,Kzszhcxdszga,2024-10-28 03:40:45
cde264de-2648-44d0-b57e-69a77f395945,Dakyxdpraqlxyv,2024-10-09 02:00:22
62b847eb-c6ed-4b2d-a615-b46a6d181e84,Txzrfh,2024-10-30 02:41:38
37e4b5f1-3fae-45b1-a768-926a68f29c96,Kkyyxjgmm,2024-10-01 04:33:44
bf8d26e1-e26d-4ce0-8796-24d5d6e52804,Hrjtnhiwichaq,2024-10-09 22:06:24
b6b0e743-1771-4dc4-8781-30d07876b138,Tblqvqzhoosg,2024-10-05 17:34:54
98ed1d33-8349-4fc3-afb2-cc6898e68b5c,Ypvtjmk,2024-10-23 03:51:00
410ffdab-51b2-423b-be92-0a5e647a4cd7,Dwlfndjlx,2024-10-25 15:47:42
717c2977-248c-4e69-a617-2d957fc90637,Tpzgecdjyhbtawb,2024-10-19 10:29:18
2467d576-3ea2-4733-becc-87e7c821c434,Ojshsfycl,2024-10-07 18:10:21
1d42f395-0762-48f6-a83a-3fedcd9f5882,Pcszxpgjkywyzb,2024-10-26 06:36:53
4190b945-5fb8-4bdf-916d-a3e377e389ec,Ngqspbub,2024-10-31 23:32:41
f9e38231-2abe-468a-bfd3-fa99cf3fb6cd,Slljskxsipottf,2024-10-25 10:21:54
07dc9551-caaf-40a3-bc8f-2f3f9d0e9ded,Crnfdipzvlqr,2024-10-29 22:38:02
6baf878c-64c9-41c8-8f5b-a46238acefd2,Lktscybgcxyscs,2024-10-24 03:20:38
44c64993-6c88-4803-afd8-c21689422fe3,Xvowlrtj,2024-10-01 19:45:26
fd0290fe-81be-489d-bc32-f8b3363f0388,Lhjiqcrxf,2024-10-21 23:53:25
c59c7c66-ce83-4f6d-9a66-85748ec373ff,Rndrushn,2024-10-14 06:25:16
16af2eff-50e5-4a7f-86b1-e277ba40d495,Tqihcbrm,2024-10-30 16:54:41
9750d8b4-86f3-46b8-aace-19ec169ac7d0,Sdrvmfoaxzgumgs,2024-10-10 01:27:22
79166b49-adb7-458b-a8cf-11bfcf42c398,Xzjde,2024-10-25 05:10:12
bc29de4c-ada2-4ef8-a6ca-778aa833d7ac,Zkhbib,2024-10-10 06:23:33
dde3ae9f-3fcf-4bf4-bedd-2888e0421a3c,Mxriiaqglryc,2024-10-02 01:14:27
58261803-29e2-41d7-8afc-92cc482b0b70,Eybujjentkgyoq,2024-10-25 14:13:09
a8e3aa95-16eb-4d64-8f3b-e323181cdbc6,Tzleyqeoddy,2024-10-09 23:16:39
391ff304-436b-4a63-a7fe-9d6fbb7969d5,Hwdcwosq,2024-10-16 05:36:57
e56afbb1-5b15-4318-bd32-bc1e49e59999,Ofdrtrv,2024-10-18 08:21:07
fa3222d9-49a4-49ee-896a-e423a1450d7d,Mzwprn,2024-10-21 15:32:13
980b32a6-599c-454b-8ac5-fe41d44d3f9b,Fbpinu,2024-10-23 22:48:49
3692d950-14ac-49c9-a9cb-be067a663afe,Xaoezrpatkwaor,2024-10-04 20:10:43
fc8fab50-d7b5-43fb-9db3-85974c526af6,Brurfvmt,2024-10-20 14:19:50
a1c407dd-e4e6-4957-a935-8a7f1d400a99,Yjtnpr,2024-10-21 01:54:07
bb198eaf-6cc6-4fc9-87d9-9806791301cc,Mcowzcsu,2024-10-14 21:52:07
6db57d5a-5064-47b4-9303-fe020b384f78,Ymyztfwazkdv,2024-10-02 23:33:02
a33c845f-7011-4138-9faa-ebe21b1ddb42,Vbgoroc,2024-10-04 19:57:19
a06ea0d2-7168-49e0-9e6c-17a986bc3596,Sajhplrmc,2024-10-23 06:29:44
5d778d24-ef3b-4ed9-a3f9-5191450d0702,Hzrangbibuawzfg,2024-10-28 01:08:57
30ad7ac4-365f-4975-afde-cb3d1cc58de4,Xftvqvfjh,2024-10-06 22:03:18
096c9f16-5e6f-46ba-b250-ceb17ff40c91,Bsguijcusy,2024-10-28 14:00:01
4f28bbfb-1396-459f-b0f3-498fd790d252,Yxdmjfkxmah,2024-10-04 15:24:42
ff045c39-8ac4-4027-8c85-90e8e090e590,Sullspniiqyw,2024-10-29 12:03:05
34c389f5-ed5b-4016-8eec-5ee66d01de56,Vlykpmkcnr,2024-10-18 17:02:36
ad78724f-3966-4088-8970-76c36fbf3dd0,Motqet,2024-10-23 04:43:57
6bff66f9-ee30-4754-a6b8-b0c08aed6e36,Kdzutlpaochcr,2024-10-30 06:56:15
52580f25-a519-4d55-98cd-9737517f1c27,Jhkfvzlbryg,2024-10-08 11:03:34
0822a985-a85c-4544-ae3f-f386edfed0cb,Iqwfgqzabaz,2024-10-01 12:28:30
25b9dec2-b3f0-4da0-89ac-d4b611217d34,Hkdhkgqacfjmc,2024-10-13 01:18:01
7faa6256-2ef7-49da-b6c4-6585a6668296,Gexshv,2024-10-25 21:15:14
2fc723bb-8553-4e9e-8be3-323a34ad0d1c,Ewcrqlu,2024-10-16 23:21:42
58016326-0980-4be1-95ad-9c237780e630,Zybmdvjdbxztqt,2024-10-21 07:43:02
d80ab793-2f92-44e2-bc06-1b9c1e5b04f9,Kkbctcbxzaog,2024-10-11 12:00:22
f7849b4a-f8f0-4164-8af2-51b436034eb2,Jxfgjeqinzpikj,2024-10-09 14:03:29
9fb0389b-b0a8-4164-a7fa-8fd5df3163d6,Wrsphrmthvasupn,2024-10-11 17:04:26
308f99f5-ada1-43ff-a26e-958db935b19b,Twdte,2024-10-18 02:00:04
583b9917-cd20-446c-9510-d87689dec29f,Zslqjnngi,2024-10-20 21:14:17
50b3d5cb-e78c-412a-9c3b-4cd98caebfb4,Lhsmyfjqxdpbas,2024-10-31 14:47:19
dac86ebc-6452-4822-a4d7-1312be43abfe,Yctdwtknwgciqn,2024-10-20 00:26:26
eaf939ce-6218-452f-bff4-6cd3416b33ef,Kblqinme,2024-10-28 16:05:10
c5742bd2-aa7d-46c4-950a-1ce65c8d7f16,Spajathghqwc,2024-10-15 23:23:12
1dd1edd6-614f-43d4-8742-64e7f3d37f4c,Pyjavujkwc,2024-10-24 04:04:09
a0a7cea0-d962-471c-9717-dd22e6e4e2a9,Ykfpyjbufn,2024-10-14 10:20:00
1d937d40-6621-4c70-84bf-bc64ad5a60b5,Ddsmqvibvtj,2024-10-23 04:21:14
6324b318-0a06-4489-b158-c11e0ab990d8,Rfeaxj,2024-10-30 06:14:42
ee27a071-fdae-41ed-90aa-21fd75b0bfd5,Zgggqnrk,2024-10-28 01:05:23
e96fd809-79ad-4383-9ef3-7dc840b15307,Sqeqvaz,2024-10-30 02:17:57
7f8f6b4d-b04e-4d25-a868-d19da895c773,Lefrhioawur,2024-10-31 18:33:42
09644ae6-35c6-47ff-a1dd-d2689bd44897,Bzxjhyzdlmr,2024-10-16 23:00:52
f91fb9b4-534e-4a3d-bb7a-ebfe8d51598d,Sgpkvvhkyodd,2024-10-10 15:29:22
f0fcfedf-fbda-4130-9ffd-c6b3f618e70d,Xdcaylzgqefrgqp,2024-10-21 04:11:18
bb96ab5d-6a38-4c52-8396-9412ba258a39,Dpuupenooj,2024-10-05 18:43:52
03bab7ab-d8f7-45fc-994a-1f8bb9958d4c,Msdkinqmrjqbvq,2024-10-09 19:26:15
93882b2e-b5ab-4b47-9329-24699299ac5b,Arlshl,2024-10-23 18:23:37
d7b005cc-e2d8-49e1-9058-31b2dcfedced,Jvtqilvikpnsm,2024-10-23 18:27:08
dd4794ce-de62-4a08-bfe2-4205c0f23d6f,Wrfocrg,2024-10-06 16:28:39
daaa1a9d-3ba6-46ea-8667-e4005869a129,Jsnnzw,2024-10-09 12:43:24
211aad8b-1fc5-4c0f-abd9-1076db03dfc8,Ttkeurghxalkoa,2024-10-26 22:19:05
a4713f18-60df-4d23-a646-8a901fc07abf,Agwir,2024-10-21 20:28:21
f8612a48-cf3d-4969-9527-f6a7481d8938,Mwmfgpkv,2024-10-23 09:51:50
fefb7210-6852-49f2-97e4-110edeb83762,Haphaksokx,2024-10-26 22:57:22
0d4109b9-388a-473e-828d-124d6ce5d793,Dnnquv,2024-10-19 19:00:48
f5a38c51-6db2-4fb8-80f6-3280af300c09,Jnzvhiwm,2024-10-21 14:27:49
936516b1-a4ad-4ba4-9821-b4a5db869c0d,Tyzissaylxjqw,2024-10-21 15:03:37
e5145f73-a3a4-46d3-bd95-c7be5c31acfd,Lfimzp,2024-10-09 22:08:26
98dae574-df07-459e-afdb-63b6db8d1810,Ijrkihfhh,2024-10-29 06:40:25
a8457c0c-93da-441c-8c44-72888e4d7bcc,Erkpsopbqqk,2024-10-30 02:25:55
222d8594-11ed-46f9-9796-95f6bb0c7e35,Lanviigygod,2024-10-24 01:59:43
d28ab95d-d690-4cbf-9e2e-d1efff1e72a1,Flethpbxvhkllst,2024-10-05 20:43:54
5aadc53d-a604-4d65-944b-4199fbe43772,Lylcvhtr,2024-10-03 21:34:53
4f08748f-5d97-418b-a294-f0d7f1cb295d,Etofjkte,2024-10-01 23:05:47
fb37b90e-d89f-4bd5-8578-e4402e105018,Kffdeerxsc,2024-10-12 05:22:45
28323040-6028-456f-9f71-7efa984d6872,Aipzzgbquiajvx,2024-10-09 18:53:27
1528daf9-3e85-4d93-acd0-d72092903af7,Awgyadkfozbbne,2024-10-30 03:43:54
316cd549-024e-4e47-8c18-78133431dbc6,Ylzajm,2024-10-24 01:32:21
22a4a2ca-7160-4e1d-8431-330ad3e656df,Dnvqmvmzcir,2024-10-24 04:13:22
6c5a9c66-78e4-42cd-bf30-77b7b165dcdc,Uhyefl,2024-10-21 13:24:39
f3f8f066-ca26-4a30-bd29-e8d1d61fef79,Aydpqpxhwajz,2024-10-04 14:47:49
a948e4cd-c9dd-436b-a591-9bb9a848c5c0,Erynu,2024-10-01 13:21:38
e28cf718-a458-4d24-b9b6-5e9ddf8db5e5,Aurawizjnewrhpq,2024-10-13 12:53:13
b13a4e89-10f2-44b5-831d-f3751cc4ec7c,Wagwiwjhme,2024-10-22 06:21:41
53f71afe-ce99-473b-b08d-2d91ce86ae05,Vhvfwwuwzobg,2024-10-23 21:37:40
ce9428a1-e061-474c-9685-b5700f28ea78,Whgjyuzemm,2024-10-21 17:34:07
f15fe4c7-f3a6-4078-a851-0ddd3310f002,Xxajoxmbjovpf,2024-10-18 07:34:32
d125d098-3a78-4f75-b55e-0715af90848a,Bqwjardkcyxwtn,2024-10-28 10:55:31
c6e522c2-10b4-4b0f-9ef7-82ae37e49060,Uwgrxnjupuvruh,2024-10-07 04:38:46
1e1cc766-8800-4595-8d1a-23cd002a264f,Xlpbknxtecmeez,2024-10-04 14:03:22
f4d6beff-4f55-4500-9b97-d07f9b6ac6cc,Abejdktoqlt,2024-10-07 06:31:14
3beb5234-95fa-42d4-b8c5-5b4238a61cdd,Cnalafbgseo,2024-10-18 09:21:19
1e1141cf-cd6a-4505-aae5-0e5c6a89d00c,Qdxhylim,2024-10-26 03:47:26
96e5c121-d70c-4093-a06a-8950b4a63710,Mwdalqokstvi,2024-10-08 14:26:28
390e87d6-5fc9-4ed5-91f7-61acd4173a07,Norqguqmru,2024-10-24 20:16:03
4aa7cf02-8571-4619-bbb1-20c75dbf3325,Endwkulojhu,2024-10-31 03:21:33
c6bde3d7-7b7f-42d5-a3f5-2aad21b25848,Sdapdtxpfwqsdp,2024-10-21 17:29:52
bbb6506e-3d8a-4d76-9c87-01e7568abc71,Kpios,2024-10-14 01:08:14
00688892-4d80-45eb-af00-0fc56049416f,Iqbfet,2024-10-24 05:06:25
df2987e6-99b6-4b5e-9bb4-b73278c97289,Odezmnycrtihfv,2024-10-07 16:51:11
c06f468c-cc34-4e20-90d9-a201f9f3bdf3,Raukeijgsav,2024-10-13 11:08:14
15f3b7f7-dfe7-4c7c-b28b-f6a7856d85b8,Aqeghzg,2024-10-17 21:49:04
c9610da0-1b21-4b0b-a5bf-029935e9b818,Thkvqbuvsnxx,2024-10-09 19:55:28
cd109e91-9f0f-4a11-b691-fc9590f0f2bc,Egwpsq,2024-10-05 07:36:22
8316b070-73bd-44aa-8e4a-d6094afb952d,Vjthpokxdp,2024-10-27 02:43:14
81c5af4f-c241-4941-b78f-d6bb00daa03e,Xcmlj,2024-10-17 21:39:34
ea63975c-1c14-41a1-8d03-42216283d82c,Rwdhmztts,2024-10-13 17:00:59
69174428-aa5c-4951-b7f2-1c9e0be677ad,Ynuvy,2024-10-14 22:18:55
166caf94-e454-4782-bf74-36724a9f9dad,Bgyhdaaxbravgy,2024-10-13 08:07:14
bce61317-3d05-4006-a845-3cfddc130246,Piidscigqw,2024-10-08 18:21:37
e70b0dc1-9d09-4eb5-8cc3-b48a286c74cf,Gzzldkbm,2024-10-04 22:20:24
01440fe2-a1b9-404b-bb4a-53e637d8d41f,Ssnwldbexef,2024-10-16 15:50:16
d1915c09-d010-4e18-888d-f5fa648d998a,Spvqepo,2024-10-01 21:36:13
94207eae-81ca-4350-b6b4-7fbe9b639e5e,Ltrlimwboiwuf,2024-10-03 02:21:55
195ebb86-dbe0-4be6-a5db-294482d601ec,Flsyndg,2024-10-06 20:57:06
aad5b49d-f2a1-41ac-9e1f-509bae62f7fe,Qaplrcegihyri,2024-10-10 08:44:10
3556b0c6-1cff-408f-a5c6-f899a2c68298,Drgmujxoolxv,2024-10-28 12:37:23
6b7d238a-0bb0-41fe-a907-abf38462bc0a,Bfbkjqyjpfkfy,2024-10-26 20:59:56
6252b25c-05c1-46f5-b9d5-d15f54650353,Timgbtsdfaunwh,2024-10-24 05:33:08
64244ea3-877d-47e3-abe9-71e373799e25,Pwwlwqpm,2024-10-25 09:08:38
ad296fca-f091-4026-b4c3-d6778f13b223,Nubarylfvn,2024-10-10 17:48:36
8f3fedbb-49c0-44af-94f6-5e8f1cb571f7,Uwzzyyspaf,2024-10-25 00:54:10
7ec9cdc6-f404-4f68-bc7b-e10e21118ecd,Hoozrzlvpyeyln,2024-10-05 23:10:58
2ce7bb82-c307-4f39-8c80-c59c2184fd4a,Mjlwz,2024-10-01 19:29:23
e961310e-b3b4-4c11-893a-9967ce774fcd,Llxvzmqpnbmopaj,2024-10-05 22:02:13
40a5ab62-85ed-4f1f-b8bd-ee445ef36a11,Dwxbqncdebzel,2024-10-13 20:15:28
3d168b36-a58f-4d90-9817-cb17da9a303e,Kwzrkms,2024-10-07 08:20:28
501a4d99-7cfb-49ea-b566-2f2a97d1616f,Kxkwiqbwnjyqbcg,2024-10-05 03:29:23
bcfdec05-d94c-46a3-95aa-1cb239147e86,Mylgrtgopz,2024-10-06 07:13:33
cd281ef4-db9a-4718-88c7-adcf4718ce30,Ikwxvxqekatg,2024-10-25 03:09:18
8089c291-17f1-402d-bacf-23e3ae0099cd,Ibotns,2024-10-31 20:24:47
95bb9283-12ae-4494-a420-132c123d7296,Dspcwuzffy,2024-10-31 14:46:32
2b09564d-439f-436a-bd47-d7d73055cccd,Osamv,2024-10-05 03:37:29
458a90a2-6c2e-49f8-add0-2db800912684,Pcfsdedfqzpw,2024-10-30 14:59:50
fd349d14-6578-4797-9c1e-d84fca2f89ee,Axdmeiszvimcx,2024-10-20 03:02:21
f12d1802-ae64-41d8-9e01-5024581068bc,Hxtzdq,2024-10-07 12:54:51
90cebfec-6fb7-43d6-bd88-847014e99b2a,Tdxcntvydflyrut,2024-10-03 19:04:49
6d9e29e9-3665-415e-9697-b2792c5cadab,Iadunvf,2024-10-11 03:58:21
ec546f50-5895-4aed-b011-713699d1ad8e,Exgybm,2024-10-03 15:55:58
6e5f0fbc-4b92-4b43-abdd-69b4b196b37e,Mvwtkcweqzhiytk,2024-10-22 18:09:02
e9c24bb3-7e6d-4e7a-aa43-0bce9596189d,Zjttmkrlr,2024-10-15 19:24:45
b31e0adc-8dab-4d43-9c29-1adb80dd4929,Zvzbmcgrhpm,2024-10-13 05:01:33
da3710ac-7ddb-4715-8e03-1667ea4166b2,Rntbqtia,2024-10-24 04:50:01
11dc4ee3-7794-486b-b2c4-1366dec8eae6,Sdajzuzzwcr,2024-10-01 21:49:05
41987086-5849-49f7-beb1-d414749ebd33,Qfcuvfulyzgx,2024-10-28 13:20:39
4089b84d-434e-4f34-977e-cf7b195f5c41,Yvybxa,2024-10-24 23:46:48
88b43260-d5fc-485e-8b80-4d8da22d60ca,Yrzzfkxxvdq,2024-10-14 08:56:50
67483c5a-e8f7-4dc2-ba6e-bdd355c730f2,Poiyuspfib,2024-10-04 09:55:22
c20c60f2-d438-4a8b-9154-2fa4fde808f7,Yhypdaiuetvl,2024-10-04 14:39:19
f21bdfb4-a4d4-454c-ae23-974309e40063,Ijpltgdelq,2024-10-17 23:14:21
cbcc6757-7ecf-4955-8cde-ea598f9e9cd1,Lpgbolaclotoppi,2024-10-01 10:39:37
c2d08983-bbf3-45e6-bcd7-49dc2b549e3a,Rwjfkjoykkia,2024-10-01 03:25:28
5c04a107-5f27-41ba-bd8b-58e091e150d3,Rwajoettvajk,2024-10-09 20:19:09
0aa686dc-99bf-466f-a193-a4099e6af759,Pbltpnzmluy,2024-10-30 00:07:35
98b5558b-aaa2-4448-84d9-7af8bdae282e,Hrcaomumpdouoy,2024-10-11 08:04:48
ad667509-e15e-400a-8fed-731b4bf22164,Iimjfhzrkwme,2024-10-07 19:23:28
6e3dfc2e-00da-4100-b55b-bc5c53827f49,Ktmam,2024-10-01 18:02:31
93bad108-5698-450c-8721-6c207248620f,Lxkghynai,2024-10-31 02:06:31
d8469db6-a46e-4c38-b43c-9cc1fed3837f,Vbzvxwws,2024-10-04 16:09:12
fe4076e3-76a6-4322-b8bd-784f9649f135,Wjyfwr,2024-10-07 16:05:24
628e9390-efee-4e00-bf4e-7988da5437c6,Hrivvwsoyinkb,2024-10-30 18:03:35
47ddd424-fe14-4747-8a5a-f25c2f285659,Pfgku,2024-10-10 09:31:18
0bff5b31-9b7a-49f6-ab5b-13761324f72f,Ufkxh,2024-10-03 09:00:22
90b1c35c-2e2a-4e01-b4b8-2167db363b0f,Ndkbsbsw,2024-10-10 04:12:54
93648f5d-9e5d-4f1b-a6e0-84c23d2cea72,Xsocxpasru,2024-10-21 12:05:53
de10b4c8-9984-41fa-99cd-8c6ec2a42f9f,Ryiewkuyv,2024-10-16 00:35:35
c83c52d3-23a6-414d-8eba-7781b8795b58,Dhwobvxvxohwe,2024-10-04 22:48:12
0ecbc30c-9316-4957-b178-f116292817b0,Tortqqbkppllj,2024-10-30 21:34:22
148bf16d-6338-4df8-8556-d2dd4b69c7e1,Qeormlqx,2024-10-29 06:59:04
1d3ec6c8-414a-4161-9b18-95c8f0e54c01,Mpjkrprbpq,2024-10-21 08:51:52
3bbf25c6-657c-43cb-ac14-e753758035fb,Wchxijphkjceh,2024-10-06 23:19:41
1c37b9d7-86ea-490a-b5ee-511f0ae7a39e,Phytmltvuv,2024-10-22 02:46:16
8b34b0dd-05df-4b78-a8d7-86962d65ff5b,Gwfplabavapisq,2024-10-27 07:19:11
413ffadd-a8ed-41b5-9a19-b282f737eff5,Gfarbon,2024-10-20 15:26:26
29e77412-b779-4744-8ec8-590e9ae38b36,Qkmvacutnsgto,2024-10-15 12:37:59
157f38f6-9d53-4f37-addc-a6c9361db52a,Miyrzimwk,2024-10-12 20:52:33
98b74fe2-91fe-41b7-ab05-80b2f8e5540e,Kaqrubmg,2024-10-29 07:42:28
3c36653a-3e55-46f0-b1cb-c5c4a10a4d3d,Ytwlvwqcgaouy,2024-10-01 23:30:45
2314fe4c-b6f4-4595-8632-8f8188a6ec11,Voisuwdepzm,2024-10-19 13:35:24
64f9a2f5-2a4b-4bfe-9801-8096a972354f,Vbtiygr,2024-10-06 09:32:17
1bef26fb-0870-4bd4-97b7-ff1958eb5864,Qeomdres,2024-10-06 08:05:56
34c9a7e7-0579-4dd2-a90a-744795c598dc,Inhugcck,2024-10-01 19:06:05
452987f2-cc01-40c1-a827-d19f34ab15d4,Dtjkdwiwuasth,2024-10-13 07:55:41
5e299a48-8baf-4d08-adad-70d5f16e2bf9,Jtloouccka,2024-10-01 14:15:59
439d1983-f9a0-4030-843c-8c561d0d3e9c,Ypriqonrf,2024-10-01 00:27:27
59d16b77-9451-4fb8-88db-eff9497cd03f,Xvtngevlc,2024-10-31 21:52:34
531886e5-ef40-441d-abfa-2c0a6c12208c,Liwdnmjhba,2024-10-09 11:54:34
c84acb50-0523-4940-98a0-485117b36985,Zcjjcktojliwt,2024-10-06 18:26:59
63ec5461-3819-4cae-a114-1109076fabc8,Yjkeodv,2024-10-14 07:39:53
cc1691c3-b830-49f5-8861-2ff46086fcb3,Gasifdlkyqvtao,2024-10-06 11:57:22
b1da7345-68d4-45d9-801e-dffb3c8d4d3f,Waccorwo,2024-10-08 02:26:04
3bfba60a-3fbb-4c1b-bf98-d5ed53a51c02,Neymzj,2024-10-13 10:05:17
fa755220-07d6-4656-a62b-06b8d6104fa4,Eekaxsuyr,2024-10-13 21:32:25
90c34cca-b8c7-44ff-8a9b-56659ff361a5,Hnihjiahndtpuf,2024-10-01 06:52:26
42d0bbc4-00ed-47d7-bc93-503aa5005d10,Dadfjoelygo,2024-10-25 00:48:38
dc05ebea-7a76-4e97-999f-7317ec0c4386,Godtexeiglp,2024-10-23 19:13:23
a2b8f179-90ec-4875-af81-1db5d2e3ed29,Grmgbcjfcxqqkv,2024-10-18 23:15:02
bc90779b-05aa-4880-89cf-09ba06c44b22,Qlgoqnmvsvg,2024-10-27 16:12:53
007f88cb-9e59-44b6-b863-13b3d42e2d0b,Ilhfoainagta,2024-10-22 01:59:48
2879c795-183b-4222-9eab-e9e6a8442c7c,Suqkipx,2024-10-04 00:10:14
94ca9649-c602-4795-89d0-a443b7792542,Gvesgajquefhvj,2024-10-29 12:49:01
3e859d21-7393-487a-99f8-eb6dd1cfab12,Esuwjvxf,2024-10-29 20:01:33
a2c16e74-ee1f-4d1e-8440-3d3b3a344357,Htoflmvswzmf,2024-10-13 19:35:20
6ae3ffc3-2e3f-4d09-946b-d62350d013e9,Aklbjkqhuvmxns,2024-10-09 23:49:37
41212286-9e90-4438-8e38-81f65f4c9af9,Ihpgnqdtwszpo,2024-10-24 00:48:50
3fa1fc69-6285-4239-a3b8-9630c3ab426d,Adpdkdb,2024-10-30 20:27:44
37387cf5-af07-4806-8c2f-88c431c4b7f9,Dtjawdmgk,2024-10-02 14:26:59
1f0ee9ca-4f55-49a9-81f7-55aecb534803,Zxdyfq,2024-10-06 13:23:04
ac671799-9245-4a08-ae35-9de375b9195f,Uqqjoisjcjt,2024-10-08 18:18:06
ea6c8f9e-f7d6-443d-9284-7ce2c71cb842,Rlzpmqffgronc,2024-10-15 04:03:05
fa68ce78-88d4-44ad-bfec-a107a9591816,Dvngecpu,2024-10-03 00:11:03
8ae550ab-185f-4a20-ad5f-6fce15d41b3f,Pyrkam,2024-10-19 16:29:33
20958786-45ad-43f4-ac1a-a590cf9b0272,Hsomzkgvthqh,2024-10-05 09:30:14
f5b6394b-3ad6-4e15-b50f-f9341fd4cc79,Sxmpotajxyqm,2024-10-09 07:58:26
ca47dcd4-92e1-4cb6-8014-e4e961a01555,Srawhpkkbps,2024-10-19 12:47:21
dee5652b-b7e6-443b-a070-81e316f30739,Efsqmq,2024-10-06 16:30:16
8033e52b-b6f6-47d9-9479-655b1d0befb9,Lbnqijg,2024-10-22 23:03:41
4f166e74-85b1-4e15-a8a3-f57cc77fb65a,Nlwxkdehkawo,2024-10-15 03:52:03
99912cf1-d4a9-4644-8ec8-fe1dc515a41b,Zozetjoikdefbvb,2024-10-12 12:44:01
b525671f-b113-4d10-ae00-2a405571d0f4,Tzfijfg,2024-10-11 22:10:10
304b1d47-6178-4565-8c2f-ee79114bc3a6,Oaeko,2024-10-13 04:06:16
e778b2fe-a322-40c2-8f20-801511e7197f,Ncvmtcsniba,2024-10-19 03:08:57
ebd74d4d-a888-4fc2-8638-b50ce028f5f2,Bchgtgvebukhthz,2024-10-21 10:21:05
d66f34d8-d1fc-4436-b80f-52f77317062a,Cnldlcgabsxo,2024-10-26 09:48:46
1ca48d82-08d2-43c8-88b5-a5d113536755,Olljimzmrqcd,2024-10-05 11:21:44
d7e1ebc9-cf34-45f2-90a0-4f40088135fb,Szynyxr,2024-10-15 14:52:47
6fa5f6fe-913e-486e-9204-96e4ce52bd87,Bwpiwaxpdcs,2024-10-01 00:16:38
f26931f0-6ca3-4026-8da3-d38318264299,Ijigcunjh,2024-10-04 04:59:27
9799e423-aeda-4918-894e-e8bca31deff8,Gacreyodxrfxla,2024-10-20 23:04:24
22c5221b-7d12-4b42-8249-1abe621f0d76,Gffyrqjdn,2024-10-08 21:58:20
8fc08030-c819-4e06-a11d-ca1f48998c99,Phdbhwf,2024-10-15 09:43:39
1b98c004-9936-48a9-800b-da49e21003b8,Zzfcaqwltqu,2024-10-21 11:35:11
c0fcd905-34cc-46b7-a842-866e988eba88,Ymzzlepojnkjzm,2024-10-19 03:00:34
f2444007-54fd-4cd9-9a93-4fef91900f80,Egbosebvwzifvw,2024-10-10 02:28:48
2a97ed86-1988-4466-870a-447d6abd5b81,Vgjjtnzylcdmx,2024-10-13 16:33:41
c501a11e-c894-40fc-b3d5-2841e40fd6c1,Gwjbjyrswsmyh,2024-10-05 19:02:40
7312b481-59cc-4350-bedc-5aa279649fe5,Ehytlu,2024-10-13 18:15:50
c5b5bf64-86e1-4b4c-b228-cf0565c30595,Tjentzfl,2024-10-16 14:24:04
ff2b700c-f62e-4d7c-b119-30de289acfae,Xanclzmixaniz,2024-10-19 19:11:08
51c1fe99-11a0-4a6f-85d6-cffbef49f0bf,Diggkqrews,2024-10-20 09:56:56
530029bd-88ca-43fc-bb78-7928d5a4cbe9,Gubnvfbl,2024-10-20 19:03:57
758caebe-0a10-4c34-a65a-16d7997ffbce,Xjyxhdzf,2024-10-20 23:22:03
db0474f9-7e96-4f5f-9c78-068540cede1f,Hrvvhefoa,2024-10-26 04:34:46
efe1071f-85bd-4bbf-b37c-d41573371cf4,Syoasjgkuo,2024-10-19 00:36:29
95bab83b-4966-4c90-a577-8de2ca3612cb,Awqjzynjhe,2024-10-04 09:23:55
cc3788ff-24c4-40a1-8726-4df3ed5d6ccc,Vfkkjlysr,2024-10-28 21:15:13
32583936-b460-48cd-9227-627951912b7e,Hquwfnqmeg,2024-10-17 18:09:52
d2f138de-6516-4fc0-8420-bf824b2809e4,Yfeearf,2024-10-10 06:34:16
2df63b38-ee97-47ee-a6b4-45b7fb55b082,Iddxogrhtp,2024-10-11 07:32:17
7235ce6f-7166-47ef-997d-d24b1d40fb1f,Aeviunkepgot,2024-10-30 03:50:48
2ebbff98-ac24-45e9-9cf7-f140ebdc19ad,Xicax,2024-10-25 22:18:14
06b90a74-20bd-401f-9125-abd281b9c6c5,Mfhyrkaqpufguac,2024-10-14 02:26:59
8d5afa49-353f-4186-bdf1-3358cdc0f03c,Cnwygdrieczu,2024-10-26 01:28:46
aab92dba-4d1c-4ace-a5ac-5110a32e5565,Uyhunnzhmhp,2024-10-21 01:32:44
d7d9222e-994d-4c76-a40c-179da9321e81,Tnzrjzhijx,2024-10-12 00:04:29
6f085a33-fdac-44e0-88f1-7baea76bb1b5,Ftdywgzide,2024-10-09 19:31:27
5a4edae2-fd8c-4a11-b117-a303c1e3d671,Ghlhrv,2024-10-28 00:33:28
c27eefed-a4ef-4276-8866-c50e6a4365f7,Bzgeepfwkoa,2024-10-13 23:13:01
5b794d9d-b855-470d-991a-73f99ffe9249,Lmsuuazoyxux,2024-10-07 16:54:49
a670ccc2-2fe2-4536-a365-47198da1f3d1,Iradhskilw,2024-10-02 23:01:10
2e70eca3-3e64-49e1-a794-4ab6e77c7a8c,Ntgtjdrdv,2024-10-23 11:47:08
ae2c8627-645e-4e05-ac9a-cb5403536dc1,Doylcvxwwyatepb,2024-10-06 03:36:43
0747f7fc-b689-4058-97cb-df0dfaaf4ca0,Pzydjxuvmfp,2024-10-12 04:53:09
45ebf7e0-51b8-4503-8c87-7ffe5709aa3d,Ctdwidtfvovphdq,2024-10-30 21:35:40
e82596f5-ac34-4670-a649-cb7000692ef4,Ywinuwxvn,2024-10-29 02:08:41
b80e2e6c-ad37-4f77-92dd-fe84e3c8d090,Juzpcbiweosg,2024-10-29 20:51:17
8e26227e-4bcc-4449-9d5c-591ab504ea32,Fikfzmyug,2024-10-17 02:30:09
d91cc97e-2409-433b-a71b-d11bc4170d02,Tfkizxjjrrcfzs,2024-10-23 10:59:11
55d2008b-93c0-483f-b80e-25d63a840fe5,Nvyhx,2024-10-10 23:21:02
7a37f6e7-d984-474a-bac8-f53f30d4a1ec,Ziarhef,2024-10-04 19:25:21
e017e395-62ae-4e26-9b8d-77d0ccb22c5e,Uqxbcguz,2024-10-12 20:59:56
7b9061b9-fbc3-4957-a757-d3b3b8e9c39b,Mxsohcheerez,2024-10-23 10:52:34
dbd5229c-8bdc-4ee3-aa56-1c4c2dd797b3,Vydlbsvgy,2024-10-06 12:23:25
03e0cc47-5ae8-4958-b68d-526eb35c000a,Luwxn,2024-10-07 01:06:29
644306cb-15ed-4d87-8e30-23c6e3f6e747,Samhlegozf,2024-10-07 02:53:12
3b4567ca-b98d-45d7-a509-6e9e3a307d2b,Xardzzi,2024-10-30 15:14:49
d6cbb67b-38e3-42b3-898a-3eacb5017d63,Ewjhqxncxy,2024-10-19 01:32:12
e7eb5630-7f19-433f-b002-72e6ea8a9d65,Thsfrwwhlpdw,2024-10-05 06:08:07
05cf8859-ced3-4351-b7d5-2d372978dfcb,Jehomnfoqlwsbmt,2024-10-09 14:14:42
d32053e5-75f3-424d-98fa-49121e160785,Hfuhfgq,2024-10-24 00:46:20
70c2ba1b-e506-4d2a-86d7-b6d69286a6e0,Kszaozezbzkx,2024-10-30 11:42:23
ca4cbc0d-7d04-4366-934a-272f60d5e15a,Dinskpjf,2024-10-01 20:35:43
1faae429-b621-431c-9431-1786c1ac42a8,Lvvnyhqtxdepmm,2024-10-08 23:17:05
7952f0ea-a0a9-4e61-8063-6cdc621f1963,Aqsunafd,2024-10-23 23:25:25
03dfda52-f029-4814-8281-1b8b9d753289,Sisuwrcotve,2024-10-09 12:21:08
3501d042-dc5c-4f94-9f14-4d20acf297a9,Ouwwlmtddjvpblm,2024-10-25 02:05:33
f44b2179-13b0-401a-916c-a32ea4dc0f5a,Ohokulkz,2024-10-28 20:36:12
50a55486-d501-46f8-893e-65d2ce643966,Qtwldbcrrkzenud,2024-10-26 19:21:58
70381625-e944-4bf3-8fab-089d5de05502,Byhmfxyr,2024-10-03 16:37:31
691c6f84-a98c-4006-a11a-ef01c8599baa,Bykll,2024-10-26 22:43:09
e4d5afa9-7a21-4267-b8dc-9f527590dd5d,Nmpfzfxuep,2024-10-18 12:02:23
35631122-d8a9-4f3a-8c48-b591236e3ae8,Ezyweursqwf,2024-10-15 00:53:41
3d040d0b-3243-45fe-bb22-fef7e52a2fb6,Dmdegmjc,2024-10-28 00:32:52
cca75170-3b81-4235-82b3-d3c8abca815f,Actoekvj,2024-10-11 20:01:24
57cb678f-c2f8-4b9e-be9e-ca59f0e38a26,Fptnqrjdd,2024-10-04 06:42:21
38f81ee1-5291-41d6-b865-6a5df39afbb4,Ppyuoxexvhd,2024-10-18 21:22:44
de0fb834-ff7a-41a4-9aa7-61d4e7773273,Bydaevtfyvq,2024-10-01 00:42:20
3a326188-eefb-4b44-a299-b64a81798fac,Xauqeiwub,2024-10-11 10:05:15
4f94e027-d860-4fdb-95fb-9c11d310bbe9,Gareddweuhkw,2024-10-04 10:53:55
1d4c8b85-596f-4128-b8cb-fa92ffd185cd,Wxlferp,2024-10-30 23:15:17
a4c782cc-aed0-40b2-8c7a-650ea840263f,Hskkr,2024-10-31 07:10:48
798ea716-f8c9-4846-93ef-1f53c7fff14e,Kzlqoz,2024-10-04 00:59:49
eb58c962-1a61-41e1-92f6-19003e86ccd0,Xtgit,2024-10-15 17:26:50
f8339b1b-2cee-4c39-9460-37489842f14c,Qjlordcqocnlcq,2024-10-23 01:30:20
e7fe24a8-c742-47ce-991d-2b1639a7570d,Jfshepc,2024-10-25 02:14:27
a004e362-647a-478d-9680-b87a1f744659,Pxrpiqcjx,2024-10-15 10:07:25
18e2f701-69b8-4e92-a505-937b7587da34,Muqjfsszqd,2024-10-27 04:06:05
9ba52ee1-2849-4e8c-9a56-f9bf93e02e83,Unmvxxvvchcooak,2024-10-25 16:42:50
4c9fd19f-3bf8-416f-b566-a4bf278ef441,Njumcihpfdyhd,2024-10-23 18:30:39
0ae257ad-928d-4d43-a9fc-b23dda48cef3,Jsqzamooneydbx,2024-10-24 18:59:59
8d78319d-e975-44b4-9da4-b8421d06fa3a,Ownalcs,2024-10-04 02:35:03
25bc5fc2-a52d-48c0-b6df-cdb601154731,Ozactgtgzncexfv,2024-10-08 03:54:38
6bbda19f-2750-48e3-bbe7-9b82651d7bb3,Uutufhpoobmcs,2024-10-18 08:25:06
3a1cfac0-a236-41c2-aa49-b6002d90edcb,Nwqethafwzcr,2024-10-29 13:34:20
6ba50df7-1b10-46a6-8427-2dc6a6e8b4e7,Kbfmxfeazma,2024-10-14 22:39:19
180d3482-9aa8-45df-b858-ce2f41be78e7,Jlensqlextznh,2024-10-02 23:59:50
44a72d8c-33fe-490a-8c7c-dcb3adf4304d,Yhhbfvll,2024-10-21 08:20:51
28762a58-90e6-4bbc-8f30-eb9ba41dc9cc,Zyxaflafjejjywi,2024-10-08 04:16:51
b477e3b7-8394-4411-be49-3567fdc08528,Athfplru,2024-10-09 08:21:00
6c3ccbab-8f4a-46b7-8939-e705a0a87e78,Aqlinx,2024-10-30 02:19:30
4bf812d1-58f0-4b74-9499-d1ce49bd0cc8,Lmqmqlhtryu,2024-10-30 04:26:18
d02f51dd-9ade-4562-98a2-6f4bb5dc23c7,Dmrhjzood,2024-10-08 09:53:35
b8a656d2-46b3-48f2-8077-a7a0613fd2ab,Xeswdimfxu,2024-10-18 21:14:58
46d43c67-48ee-4206-bc14-a9a7e5846601,Gitlcyee,2024-10-18 09:40:33
b66b503f-6138-4bed-b076-b4aac89876c1,Deogsadj,2024-10-08 01:34:57
7caee65c-b501-4bbc-bd07-83d0a9b84caf,Qnxcvnrmlwnx,2024-10-25 07:26:14
bf0a3843-253b-4089-855f-5bbefa8ff010,Gzitz,2024-10-06 04:54:17
b344f531-ef57-45f1-a289-223e368111e5,Ozgwhlcpo,2024-10-12 14:33:38
1c27bc6c-ea0d-4b22-8b6e-41d5adcdaeb7,Jpwqqbqnzve,2024-10-08 15:18:53
bcf5339c-82c1-47fa-aaea-b118b9f17422,Cirkuc,2024-10-16 21:09:48
7987694c-f987-4dfb-922a-c963c56cee93,Odaljtkm,2024-10-16 11:27:16
0b80ce53-1660-4b64-acfb-689e1f5f81bc,Jhrkbmmt,2024-10-12 09:55:42
e880c057-1a1c-465f-98e9-d2fbd005999f,Yvaimakpjwhryud,2024-10-30 04:55:56
d1ad2030-b978-42ab-ae17-9f3ff8f53e4c,Cmtciwvrgp,2024-10-16 03:13:44
c7a821f3-d3fe-43ea-967b-4348561f450a,Kpjom,2024-10-13 04:27:11
cfbc1b1c-74bf-44d9-8592-abffb68c2b8f,Wnxmpbdnxgzov,2024-10-10 04:49:52
300be72f-7705-47ff-a550-1f5b1b6f5a15,Vnpvhxp,2024-10-06 23:10:36
279edfe8-8f1e-4760-ba16-6b68257ddbd3,Jgjjx,2024-10-02 19:06:26
14336608-7e0f-421d-98c6-249ea5c6162f,Kmbedqcmxwuqpq,2024-10-12 21:19:28
84ccc62b-be28-4ac3-a26f-afb34821a1d1,Cvcwqrekrhk,2024-10-17 17:19:10
3417a41a-58e6-4ba5-a257-d834f57c2fbc,Vsymdbel,2024-10-22 13:20:17
25cddf2c-f2cd-4f54-a843-0ce5cd2f463f,Fjgugpedb,2024-10-23 06:16:14
27017840-e3de-4f01-a47f-8d811d804517,Mrddyebfgwzubw,2024-10-17 11:26:11
1f4ed180-689c-4db0-80cd-374e45ece1bc,Pjtte,2024-10-27 23:20:10
37e29379-3460-4dca-b423-316f82751c1f,Vwssdzjs,2024-10-08 16:28:14
2bd0cd8e-2322-4446-b643-8dcab76a4a5b,Ilbsczf,2024-10-08 01:13:49
ecb375b8-9087-4f1d-b6b4-b856f093bea0,Sunczyujdkxgc,2024-10-28 05:49:19
c689fdcd-439a-48a0-afd4-c4168d518041,Igbvn,2024-10-14 12:46:37
fa90bccb-dfee-4758-8a70-f725bc4d00c0,Wccsaxdqdunl,2024-10-03 09:14:11
96c906b3-fada-4aaa-adea-9c47e648e19f,Xcwvphmmgai,2024-10-23 01:27:10
78c38376-5955-43e2-8d32-0bc3de297905,Zukldpihlqxxvwk,2024-10-11 06:45:45
1f9b7bd2-a280-499d-b418-89797389e879,Ksddu,2024-10-11 20:45:42
0eaa41e6-d56a-4a4d-8b95-bd39a26ff8ef,Fmlybedluomim,2024-10-04 06:58:00
1f812aa8-5854-45e1-b15d-def8b75527b8,Zvfjsqwclauvak,2024-10-25 13:28:44
b2324d86-4129-447a-aebd-c41b70046124,Zmgvh,2024-10-15 11:57:36
14465dbc-f9b3-4064-90ca-1e637e8a18c0,Pupokzkdpqmuq,2024-10-10 21:02:42
43c4ec5d-8b2e-4089-81ec-2cfd0f0c2847,Qtitbpjrbzgkgez,2024-10-26 00:59:57
1a5c8049-2734-46a6-8764-ee0585f2984e,Uosymizxab,2024-10-21 10:40:44
3aa366b5-c457-4106-9c74-208a588a40c4,Abqdunghpeh,2024-10-22 09:49:03
0e48b3fc-6735-42c0-a218-6bedffd303a9,Gjmsqwuwqpq,2024-10-22 23:09:28
b174f335-1eb7-4d5d-8995-6500eb710c15,Cxfwnhgnmrjpjr,2024-10-23 08:31:37
044f5dd6-ba84-47bf-8ac0-6fe7477eef30,Spaxkwnedl,2024-10-24 21:11:43
95458ddd-9f0a-4686-990f-df34961cadd3,Ghjvuzekxyksppl,2024-10-18 23:11:10
34288d94-7c90-44db-aecf-9bb3d3f6bbc1,Psbyw,2024-10-20 20:58:42
e2f9faa1-f699-44a0-85a4-857501b537ba,Ijlcptvoqea,2024-10-11 04:09:52
78a0c622-2755-477f-8256-39cfead06a06,Fvfrihuywiqdt,2024-10-08 11:50:19
81f4db1f-f1ae-4e5b-a07e-ddb800bbe923,Xdnyvyxgjyacqc,2024-10-29 21:13:18
91725354-70b8-423e-894e-db068fb46cb7,Oyqqea,2024-10-24 03:50:44
61504d23-3701-487d-ab12-3015853510af,Wevfkejzqdva,2024-10-23 11:19:30
f8e0192d-3386-429c-84f9-3bfc63f6aaff,Eexzlgjegkm,2024-10-18 10:35:35
861a8030-8512-4d82-acd9-9edaf98b799c,Alhemkzn,2024-10-04 09:43:55
8216a382-337d-4521-b0b9-70c6c80d429c,Yxhtqjvhf,2024-10-09 00:11:28
1992b390-14cf-450d-a959-44c35b1980a8,Hexpxlsjxfvuehj,2024-10-16 07:32:34
d0b49824-9ffc-411b-b44d-470f9280260f,Sbyhxmixt,2024-10-20 02:41:39
6bfdef57-1f6f-4445-b11a-1808bf66ce41,Byzybvlwxy,2024-10-23 19:09:26
9953ce58-a3b3-459a-bf97-b74384f5e418,Cnjpmqxgfcvcp,2024-10-27 08:38:05
07f17573-33d1-4772-bf96-b50617a0074b,Ygrwpldcvchsor,2024-10-14 11:21:05
39eb246a-653e-4858-b98f-b3598ccdeeb9,Vdlfjzukozl,2024-10-21 21:18:20
0d181bfd-9d2d-4902-8be4-69f57523bc77,Blfzq,2024-10-14 20:25:52
2ced7eb5-8b58-44a1-9aee-ac1430ba30dc,Kegqqapaupa,2024-10-06 06:16:16
c78d04c6-002f-46f9-af70-3b859023cdff,Dykvqx,2024-10-17 15:00:48
e6f47210-bf22-4ca5-a212-df1c8ffe55f6,Jmuujanrlqy,2024-10-04 01:56:01
c277c57f-7857-4bb0-93d8-ef5f047899a8,Dlmxwwrkqx,2024-10-08 20:12:43
a99e9a4a-a514-4999-b4e4-b2801428d414,Eokeqhzkxnwcf,2024-10-10 22:19:08
aec37832-c2a2-443a-8353-6a34685bc2f5,Eszoy,2024-10-12 19:29:16
2b5d5d58-f3a9-4d19-9ddd-d1714a657e12,Bijnlylz,2024-10-27 16:01:30
65c37a66-1489-4014-8695-cc45033ad1ce,Nvmzczv,2024-10-18 01:11:37
9ccf524a-1e5b-480d-aeea-2f7a9dce593d,Oazwozrw,2024-10-22 02:09:49
96cbdcd3-2b61-4d28-8598-eac3d145dab7,Ukqqmwd,2024-10-12 03:42:22
f8e2ec7b-e6f4-4a30-b7e6-ae0369c0221e,Xfupqramlrkzx,2024-10-24 10:10:04
50583ba7-03b8-46c2-aa31-853462bc44ac,Nfpudxhyfguo,2024-10-07 08:09:35
1d74b528-516b-4555-b654-76ebac4f9c03,Rpoiaykyinjzmtc,2024-10-23 00:34:33
65da2527-03eb-4410-a63e-1b3b72faafa5,Ijilzfelpxdxdcn,2024-10-24 11:20:53
d56ce918-252e-4205-a249-5e720832055c,Zetfs,2024-10-19 00:55:15
66cded7b-d795-48e0-8d79-e9069b78b958,Hdzfllxfo,2024-10-28 18:53:09
7deffc63-705a-413c-8b2f-e16c6aab3569,Pmtjn,2024-10-11 00:18:03
9d53817b-49df-4270-a63c-8176bc41c25d,Khgxarbdphdojfy,2024-10-12 01:22:06
ff08c2b4-bfa1-422e-b230-fa2589e13ee5,Monejtsritv,2024-10-18 21:11:44
c2f91f2c-f989-4411-b183-7e049339fa14,Jywcfty,2024-10-23 04:44:33
6c8a41dd-1198-47e6-8f4e-711f5e93f571,Nsniruj,2024-10-01 12:28:53
661fdfad-2db7-4263-a54a-c934cda7ae11,Zozgepxv,2024-10-18 17:38:30
4f910b3b-e95d-4304-b63b-1ceab38a12c1,Nhltdjzttlxpnv,2024-10-14 21:21:40
fbfd2b10-f506-4712-be65-d03f28720312,Ldmtcftuq,2024-10-07 01:08:04
957053b2-ecaf-4a77-8f66-a4e28c30997f,Idgexwdheha,2024-10-05 14:47:18
ca0808ba-ac3a-4d01-8d5a-4102703f3e46,Blflr,2024-10-20 04:21:10
2c2784ed-65dc-459c-9165-be91fafe8ebf,Sswsyzdlvffva,2024-10-13 11:34:52
47ff86b0-378b-441a-a2bd-94af8af549de,Vgklcyei,2024-10-17 03:03:56
3612d035-a3ba-4959-9e58-d21c62c5a16a,Rmtch,2024-10-05 15:01:00
fae7272f-de0a-400f-860b-e9aa9580602a,Ajupoxsgnr,2024-10-09 13:45:32
d4510375-b327-4dc8-b586-4be6d8bc4a9a,Rsxvuidlcdpx,2024-10-11 11:44:07
df4a5635-19c3-4c36-934a-99307174685a,Eaqqmuin,2024-10-21 15:23:09
c0c85292-a446-490f-8919-aa9058ca1310,Aczkcjjgz,2024-10-03 18:25:34
2250eecb-677d-4f35-b4ed-7860d655f660,Zghjqoiugoylfjm,2024-10-28 19:46:24
fd1ee593-6d15-447a-988e-fe876c893411,Oqdetrfynnmkv,2024-10-13 16:39:21
cdae9b8c-7b93-4f78-8522-2d655d39b6be,Poqcqhcgxbts,2024-10-13 06:05:56
2eab1924-9916-4777-858d-22911700c320,Kbqmfdzmrwhnot,2024-10-31 22:22:36
5152f535-207b-42af-87dd-58a4346553d3,Ozhekm,2024-10-27 20:03:09
03829c79-a996-46f9-b3bc-f872af354f72,Zvupgg,2024-10-01 09:11:21
019c6e37-e489-415e-99c1-dd4d97da223b,Lcszvjscarppm,2024-10-09 03:05:21
7f5f9693-b3e6-443a-9341-21f15bdc99ec,Kduitwrkbplehdu,2024-10-07 08:28:12
71e5ff1a-28ba-4062-8c98-3908bc7d9d8e,Izlsvqajrbzwckj,2024-10-07 10:22:11
e9007b1e-e47f-41fd-bfc7-e99ef70ae0fc,Kfztyvopcsa,2024-10-22 10:52:42
4b971619-33f9-48d4-8c30-d40fe2d5d735,Vfwxuins,2024-10-22 15:44:16
5a9acca6-7ed1-4ab8-843c-1f4a9cb15279,Psnhuksaqdv,2024-10-17 16:41:54
bf5b3b66-de00-45a5-92e6-26187798f8e1,Mvlxf,2024-10-30 17:27:29
baf00112-86b1-4206-bdc5-91ec05f20c34,Wewbjidg,2024-10-19 10:27:58
17ecd509-6a67-481d-9304-fc9b3d3e94c3,Mdzmwqm,2024-10-08 06:26:53
60b90dc4-a089-4f47-a716-1e7e1966b09f,Nnzjnmfj,2024-10-12 11:48:50
d36b3daa-41e8-45ac-9f93-1662f1131ff4,Hkpdrulismvw,2024-10-21 05:28:52
050b0e63-df4d-42b1-ac60-27be6e14eb71,Kicljagrj,2024-10-22 19:55:01
bcccbf2f-6edd-4a0e-8a11-17c3959b5164,Rqwzdhi,2024-10-23 02:18:57
ab3cba4e-cd4e-410f-8e32-e2511563f9dc,Vlqila,2024-10-09 16:14:07
7af8c6f0-5377-4071-b8bd-bee395ac2e4f,Kobcaelpyulp,2024-10-15 18:50:29
a5bb04c4-822e-4ced-8c6b-7982f66d10f1,Bvaldtk,2024-10-29 15:14:06
5b38ad5c-8ec8-4879-a694-d50a8ce4b2a6,Xhpzqkkgkowgtja,2024-10-09 00:39:08
99a53dab-f85f-4086-9780-f3c5b5851015,Avwbhcmqzmtqdv,2024-10-07 04:07:18
245c135d-6b11-4877-b56b-3f52ac80c4f8,Aqdscgldgfh,2024-10-01 14:00:59
1669180e-3061-4ddf-ace6-b6913f0b5fb1,Ruuybbtxvuihx,2024-10-28 07:45:17
0b739246-997f-4af3-829b-b7cffe2717b8,Zfpknufnmccuhb,2024-10-26 06:30:34
79c7c959-ea2a-4af6-963d-9bb8382a5787,Ywvpqp,2024-10-24 02:53:42
c73a24de-d3aa-4eba-9b84-90f27e67241b,Qghvdzbiq,2024-10-10 17:07:13
ccbbb43c-b0eb-453f-8265-918826dbcf45,Ycipshxeezo,2024-10-09 18:16:04
801af992-0c7b-4f9a-8fbb-38fc6f3c164b,Sfljgifulsbxm,2024-10-28 16:51:05
8d297f43-0878-445e-8ef5-5165019a14e4,Jzudpvlk,2024-10-14 01:06:58
8c226423-a06b-4b16-86f4-f56fc4b8de37,Pceohnyjzetul,2024-10-20 20:19:33
09fd0ca0-c432-4cc0-b3e9-7560b9dea9fe,Jgudo,2024-10-18 09:08:18
3a133055-d1ea-4f84-b841-d9a2f5d9004b,Cxmue,2024-10-30 13:19:37
a949e9d5-fc05-4e86-86ec-16a656c34de2,Syfslef,2024-10-07 17:07:44
7257d675-519e-4efb-a465-c3eec86d47f0,Ihzlbv,2024-10-19 10:51:20
6765e1fa-ed22-47c1-b151-72c15c834681,Tdvgt,2024-10-18 06:07:35
6d6af065-0320-48b1-a00c-469384d96360,Oxatzgiwftzfya,2024-10-19 00:49:22
7cad44f1-cfd7-4dd2-88f7-e3c47eadd266,Zfvtbwx,2024-10-10 16:02:41
2bfdcde5-4c63-44c2-9358-d64ef1497300,Uywqdjwlbuvbo,2024-10-28 13:11:06
ec8e9480-d5d7-427c-b86e-ba203dfb75b2,Syxrkcww,2024-10-11 19:33:56
1e46b4dd-6260-40dc-9cf0-89d85e588c8a,Rlyfxcp,2024-10-19 14:34:23
e493cfbf-1912-48d9-a2e5-98e28cd2af51,Jdkicqciasgbyg,2024-10-25 02:53:37
5fce271b-1d7a-4eaf-8336-93272bb44186,Hqteloibjzms,2024-10-18 19:40:16
3459090b-9176-4063-b3b2-f3d6272cfe0d,Gbvuzcjhhh,2024-10-11 15:10:45
26869809-0bb3-48f0-bda0-11f6a1315a77,Vsxzb,2024-10-08 07:21:22
6158fd73-6807-401d-8d1d-3f82bda024f7,Npmsnufc,2024-10-06 22:25:21
fa7d4772-e1d1-4428-b4a2-ed5a4ac321e8,Ihoyihgnhd,2024-10-21 19:58:59
00f723d0-4b50-4197-bec4-90fe49e66e3a,Figef,2024-10-07 07:54:38
e28592d5-e3aa-4fb9-8589-6bdc67fa39b5,Gwabsu,2024-10-11 04:41:02
23037676-d959-47f0-b5b2-0a04b9ae16b8,Upyixmitagp,2024-10-23 22:10:23
6510ccc3-edbe-4871-b009-8076867af74f,Orcsribvl,2024-10-11 17:26:16
30d0c91c-4dce-463a-81c9-064e19cea360,Kyvvhesfb,2024-10-17 20:48:20
fc1fa20c-6de1-4ede-89d0-4aeb09b83a69,Dzldgx,2024-10-20 17:36:01
c368b718-f9ce-4d8c-9f98-ee4e9b646003,Bksevrmli,2024-10-26 15:24:39
6b971fe6-33f9-428a-9a55-4b799dc48e03,Htgyjchrzj,2024-10-31 22:27:02
2a0bcf9d-ae6d-49a0-afdd-3a984c803a71,Paqwe,2024-10-25 15:42:21
aec14e99-39f0-4bd8-814e-96fd98671e86,Hetpaalohepwvr,2024-10-31 02:54:21
d9c65a91-d312-45c8-8f87-e9c70d834795,Oobwnq,2024-10-10 11:09:13
685adff6-fde9-467f-9311-46bc3e0e87a0,Jpxye,2024-10-10 02:46:49
1106521d-cb12-4e73-95d4-c7c30cfa458c,Foikppqqdnxt,2024-10-01 04:43:26
c937ffc9-0f8a-4375-bfe2-6c08decfffb1,Ihmckwmmx,2024-10-16 11:12:14
7aac3911-47ab-4e4f-a516-31b4c0ff432c,Egmbkihpv,2024-10-11 05:05:25
fd6a3241-24ad-42af-a100-7737600db51e,Ffnxpzfr,2024-10-30 20:49:56
1a60d35e-ee5d-4e89-aff6-54303b0a9558,Yijktmokukdnsi,2024-10-19 02:35:16
f633235c-cdee-4908-940e-0c817aa09723,Cfdjhic,2024-10-22 23:33:12
97d3de8e-d970-42ca-b455-876091d1a9eb,Zesgr,2024-10-23 10:28:01
1bf894b8-0098-411c-98c3-f7831a318116,Uzofjjyxnn,2024-10-06 04:22:23
a69c5c29-7007-4a43-90c4-09d21687fe5b,Yvkfuhlk,2024-10-15 18:18:42
9f91473a-6767-4c71-9b81-4c04d4cef28e,Bclesnxdqfosph,2024-10-24 05:23:25
c8042b1e-022e-48c4-b625-6decd10087a6,Ocftrsbxeskps,2024-10-15 03:54:27
1836788f-4cc1-4df1-9c86-53fd95a6fc74,Lmxjdyenxxlbd,2024-10-24 19:50:02
bfd12d79-0938-45a2-a964-009352a322b0,Eykmkxmqmzoa,2024-10-12 08:54:26
1f7a6af0-69fb-4d8e-871b-bd0fada4514c,Mvejx,2024-10-09 20:59:30
fdd0e271-d6af-445c-a782-8daacc4b1361,Tftcasidwosoklf,2024-10-21 11:28:28
e3e4aee0-bf66-4306-b2a4-44562081a881,Opzap,2024-10-03 01:25:57
16f1645d-7cbf-454c-b8c8-a6ab07dd0173,Uvjijvlqreromj,2024-10-09 13:19:51
a18d05ff-160b-447f-8a38-4de49123a451,Tppebmzvemxrq,2024-10-05 22:11:12
d811fea5-c19c-434f-baa6-3d6aed71442e,Ainckjvmukl,2024-10-05 16:15:04
4e5d0674-6b58-4619-a678-75d0fc53abea,Ygjbqkkngi,2024-10-16 22:49:33
d7e50589-a870-471f-916b-488db687afa1,Ejnsxlrnjcs,2024-10-28 03:53:30
d555466b-16ed-4bf6-9e9f-cf3ed0cbb2c9,Ramadumbljqb,2024-10-15 05:54:43
58f82356-5d3c-401b-ac7a-fa4cb92c601d,Irrwhxdwjnpujx,2024-10-07 14:08:51
7100e016-0bdc-491e-be77-de02446532e8,Houpid,2024-10-28 05:17:08
8df03008-ac3d-4de3-94f1-999a9b4197ba,Vxhftp,2024-10-15 07:33:20
4cafa06f-e6d0-43d2-b390-41e75ac68cd9,Dpypfvuwhc,2024-10-13 20:29:49
7192cf5a-2a21-4375-8b3d-703c15e98f60,Qcpcazshwskk,2024-10-09 17:26:42
0ccbd458-7092-4807-81b0-640adf95e4d9,Ebfkzmv,2024-10-14 11:19:30
0459b762-2024-4170-bad3-f97a29d6f3d0,Iquglxrjjrlx,2024-10-21 21:33:30
9ed27e35-e1eb-4701-ac89-2c56700d8e98,Yavmltnkwvhsr,2024-10-30 10:09:39
58df9f83-225f-46a2-9d40-afea0c64f395,Txmccx,2024-10-30 01:00:41
d7c2a06b-b406-44c5-ab0d-0de8deb7fdcc,Yqmmryrajx,2024-10-29 07:51:22
a0a6d373-428d-42a4-aea7-ddfafd381d04,Tzsnlcsqcvkmz,2024-10-31 23:46:51
4ee75ef7-c6a6-4d3e-8eee-1990c6ba363e,Dablvmfh,2024-10-22 15:57:44
3c326053-2894-48e7-a47a-e6e98cf76cfd,Viplinbmlicya,2024-10-30 06:48:47
759b48c3-16e9-45ed-a430-044b0b436ef8,Cszidwgcs,2024-10-10 15:50:33
a83953ae-9b24-40c7-a627-5276eaa682a6,Wfqwjkfgarxpgjq,2024-10-14 02:19:07
554bb5fd-27cd-44fc-9f9d-5514aa17dc4d,Jrjluexm,2024-10-06 15:19:18
36a01b5e-7a73-47ec-8ad9-f1046f6bdb62,Ugqwnrjsjlxvogi,2024-10-16 13:12:34
28b1dc75-7cc2-4e6b-b135-15bc24d1e08f,Bofjbzvcgsx,2024-10-29 19:21:05
86c3a740-ba92-40ba-82e0-79e1a5ca91bb,Slzhgrgh,2024-10-07 10:57:26
a6dfdb59-89af-4462-930e-cd5b23aad2f2,Txscasoxnovk,2024-10-10 05:25:37
b88fc6b5-dde0-402b-b150-5fa4feb9052c,Abwkstosckgxnxa,2024-10-10 15:44:33
910a9711-e559-461d-bbd8-7703c8e88d68,Oxlyhotbwe,2024-10-02 16:20:48
0f6031e1-df74-4fd5-b22e-659a45c48a1e,Wxrfgkejoqi,2024-10-18 08:42:48
ccd8fd05-4366-42f6-8c3d-854e5aa594d4,Ctqnnkczrlcrn,2024-10-02 17:28:15
85ff93a5-5fea-4f93-8ca8-1c1549071555,Ahhmac,2024-10-22 22:29:38
1428c23a-a52b-411c-8bee-bba41d51e9ae,Zadsplhjniefg,2024-10-04 03:56:36
8f2b9b3a-64e2-4742-879b-b42f02464028,Dislrleku,2024-10-17 14:59:35
ce37e67a-d42a-4ed4-a8db-a431bb9a514e,Ivhnpr,2024-10-30 05:21:17
559a337d-3651-43b7-9af6-6e2524d51b3d,Girnuxvufxlz,2024-10-09 14:16:33
0ed89526-7e5a-4d77-b71e-f9909704c563,Jalvjwi,2024-10-27 04:55:36
6dd9166e-c4c3-4d8e-be4e-80d55ade5f7d,Ykfdkyyskust,2024-10-11 00:46:20
a10c89c8-82a0-4abf-9c8f-ca27a2c88a04,Akuzymewvi,2024-10-24 11:30:10
7b9e52c5-ea4a-4f1c-b136-449f50b2455a,Tijrywmrmkhhymg,2024-10-01 02:39:52
f6e7d11c-fcf6-4289-818f-fc8541761427,Gazfutouolggt,2024-10-05 10:34:57
5e3c9806-31f4-49d2-9c4c-fb0305262f1d,Pdhhl,2024-10-08 09:08:22
5e4aa24d-94e4-4bc1-b594-5f926add6728,Vxavihrxu,2024-10-30 00:16:39
08dab9a0-6070-4c6c-a866-06640dbfd5d7,Ecrpvzsgga,2024-10-25 09:56:53
b27c2805-4acb-4ad9-b987-08b9085a7144,Zzlziznb,2024-10-28 11:09:20
cf2af888-29d7-47c7-8378-aab9ec8bb393,Aghhshzcmis,2024-10-22 15:44:05
4f4093e5-b270-4495-bbef-a4a3d990c3db,Jxnjlequtx,2024-10-17 17:49:25
c8b06a33-f4f2-42c8-9777-a99f53cea382,Mkxkrmtkntcflyq,2024-10-04 02:02:50
39f15814-8cf6-4b19-8c22-7a1325b65529,Xbpyltwnh,2024-10-21 01:04:07
71ba1d80-5143-4243-bfcc-d589114eff7f,Wcodzxeapd,2024-10-25 17:59:53
74b2fcd7-5e74-499b-9524-cbbd2de52e60,Eeaejimgiz,2024-10-31 04:33:26
617dff56-7232-49da-a1f4-2ff8181070b6,Fpefnjyxkjruge,2024-10-11 04:14:19
6e6a5c8b-9bdd-4d6c-8182-ca981df49f79,Xpmgwvopifotkyj,2024-10-07 19:17:36
477c0e56-0b04-46e6-a50b-39d568f0d2d7,Vxkrlqcvn,2024-10-16 08:33:23
dd741aa3-f0ed-41d3-8b9e-61f5f91f5fdc,Uwajwvjjtknnrsl,2024-10-05 18:23:51
16bae190-710d-441d-aa78-7689c6f7c5e4,Wjvmwv,2024-10-14 07:50:18
a30d2997-2994-45b4-a674-48b91fc13115,Kvfmwup,2024-10-29 21:02:01
e0717bae-fd6d-4eca-973c-794cdd8df687,Denrktfrkqwatz,2024-10-01 12:51:30
ba20c265-b836-47bb-911e-ca72cec1c321,Pbvgauptsoa,2024-10-13 03:44:54
1020044d-2fba-4559-9895-cbf50cd9a586,Irxefzpdk,2024-10-21 01:48:16
bc3512e0-a8a1-45de-a785-f972f61ed5e4,Rnyfyo,2024-10-26 09:24:20
5df7ce62-2063-46b7-a3ed-be6d2e6da5fa,Vmyjsisgq,2024-10-24 21:02:20
c058fc16-e3fa-4ec8-b580-b471c3ac74af,Epnpsrdsmka,2024-10-21 12:23:14
95d61676-b498-4d06-81ed-06849945d6ec,Lhwznvjqsqsu,2024-10-28 18:34:38
9f0eafa9-1e4a-4e5c-bb4e-191c409313a0,Trrbejwp,2024-10-07 20:30:07
ae7f4b56-731d-410f-a94f-84a45bc297f5,Jlxcjmpl,2024-10-15 10:28:41
c5961cfa-fc27-4405-8df3-d1b799d204b2,Ydyillifimfswr,2024-10-01 10:40:49
aaf5297e-1e3b-46e8-85a7-3e3869436c9d,Mznlecmqkruyenj,2024-10-18 16:41:03
6e6f1b7d-07ff-4371-b660-ef4cd550dffa,Pwqoi,2024-10-17 03:30:25
e711d3d2-a646-43ab-a518-0344f527d5c7,Btqhrveenyrp,2024-10-14 01:58:33
9441f319-b65f-45d2-bac4-e51fc2817d25,Xeebcapaaoz,2024-10-04 12:43:05
c1d9d53b-18e5-45c5-8070-eedd75503e1b,Juvzgzz,2024-10-10 10:19:21
312cb93e-ee88-4fd5-bae0-78f230b405f1,Cskughfsizy,2024-10-07 18:00:37
77bcc700-4b58-4831-af7b-d9549e9bf16e,Qkgpmrky,2024-10-01 00:50:13
81fd0ce1-8331-449c-853e-2508832eba30,Qacjlcgppgabb,2024-10-16 08:00:56
ba57d948-9990-4bb9-82d0-18524d1f77cd,Wygzv,2024-10-02 02:12:20
2c1150b5-a24d-44f7-b3bb-c270eab8445f,Hpmrmoasq,2024-10-19 04:20:46
284536e8-c32a-4dff-a98f-c12a16edf688,Qwnbxxasqfr,2024-10-20 00:47:00
0bf1c548-aef5-4988-a56c-6faa31281895,Mexytsnyntihek,2024-10-18 19:14:40
836170a8-4a8b-4e06-b56c-04593550b9bd,Hvduzohczowyf,2024-10-20 13:57:32
fc973e55-4b42-4e61-8ce2-8121d60da8a7,Dutgwtftbb,2024-10-22 03:34:41
17ec002c-bc49-4b9f-bf39-ed5e288a39c2,Ihuoaiczos,2024-10-11 09:59:48
690df2c0-b837-41e3-8f2e-531fc5f65ce4,Juiarezjvbqqz,2024-10-20 05:58:52
040ddcc6-420e-4abd-8c65-ad2048b8e5e6,Ritdyzfiub,2024-10-20 01:31:35
4d15625e-fbd8-4594-8f5c-ec4d8cd43b7f,Hwirlyacrlxcf,2024-10-19 10:38:24
cdc7dfd2-818f-491b-8bb5-f5a794bc1cdc,Wpctivlgbgl,2024-10-06 08:40:07
882df85f-6c4f-4a5c-9d59-e61ed4773ba4,Imrenpjpiupk,2024-10-20 02:44:02
4bea53ac-c788-4fb2-94ac-5167c7b44a97,Ekejiwt,2024-10-27 20:18:56
bfbbec84-3b58-49f1-b51d-e3e069e54687,Nhyfog,2024-10-03 14:35:42
668e3762-91fa-4f34-b83e-e98f197abd64,Sghxzkq,2024-10-09 01:35:53
5f626042-bd22-49b9-b3b3-961214b4b2ec,Mvvdvtcz,2024-10-15 17:50:25
33ee543c-faf3-43ce-84af-e19cf68bf3d4,Yjemp,2024-10-15 16:16:26
ee6fa8a1-2e67-42a8-8edf-e4c4241a8c1f,Whayjnad,2024-10-13 20:05:01
eb55ceae-1cae-4835-bf65-d9988eddff1d,Alhulyrgwczihqb,2024-10-20 22:46:53
67b082ba-48c8-49d4-8e81-8b877b8892b0,Lftpsdyqkufp,2024-10-03 12:47:13
cffc99cb-ed1f-43ed-9e27-68946b6343f0,Yrwgzpsetsmfha,2024-10-12 11:10:02
f9fa3e9c-8681-48ff-95a2-fee5fa112ab6,Jbpbuo,2024-10-22 11:09:54
d6e89b58-5373-445e-a1ff-fabdc93ee9d7,Mrbzw,2024-10-04 20:06:49
7c0bf0d2-453c-4f9f-9ad0-97b6e2a16907,Mtnakv,2024-10-16 16:58:06
b8054b1d-d8a9-447b-90c1-d3184e3d553d,Qgiqp,2024-10-23 19:44:25
db821c7e-0518-43a2-a4e1-7e9f51af79b8,Wgiwokavgixmjqx,2024-10-01 17:01:30
91790949-b319-4e3f-9485-0a9a751ebcc6,Udiaoypkdufdv,2024-10-23 15:58:04
24aea9e5-9d9c-4875-8f75-6eddd27cf0ec,Xhszlsvnjw,2024-10-01 22:49:28
1e973163-4309-4d3b-9bab-c60a60bfab75,Ruikvdvwyxqi,2024-10-30 23:11:15
a7c39088-3719-436e-a5b5-c78930fc49ac,Kfnlteu,2024-10-13 20:23:02
3677d05e-fd10-4d0b-be8e-5ba90f850136,Hotvkoyjqtpeo,2024-10-27 04:35:43
b93b8057-3fa0-4712-bd46-c91956864a30,Ezsflqkq,2024-10-27 10:44:42
9f894d05-b4ef-408f-9a5a-5bf9da0333d0,Pnrjmmg,2024-10-31 08:58:49
a4e8016b-4f52-42e1-97a5-b0806121c91e,Rkepvgkyfxgr,2024-10-12 22:53:57
f09b59a7-4ad8-46fa-89d3-406e132096fb,Tzahsx,2024-10-15 19:22:21
2d165d69-8ad4-4fab-b8e9-da7ce91500c8,Jzcllha,2024-10-26 05:13:29
00e14004-214a-4ff8-8e38-9551c74b4b83,Ioxlpm,2024-10-08 18:27:46
9b738abb-1adc-4473-86f1-8051d3520dff,Olxgwpdzai,2024-10-06 09:11:21
6c5e8957-f61b-4b67-903e-4ecb897f149c,Kjiwzjfcgkzvw,2024-10-29 03:01:32
4b0e1ca8-3add-487c-9757-8d0052a0bb74,Uipoubcc,2024-10-05 12:44:41
4c919a6c-e4f5-4b5d-938a-144183b126d6,Kjsohuoob,2024-10-09 09:16:02
5c8b3bcb-aa26-4772-992d-c8a5948f170f,Ufnblf,2024-10-19 23:54:18
bde465ba-32ae-470b-ab7d-b66a03dcc173,Msmyqdexlnd,2024-10-14 00:30:39
bee10bc7-05f4-4b50-903d-e9f83ae5c985,Bogiprp,2024-10-06 01:24:44
cfbb07a2-096a-4c4b-96f0-5969691caf0e,Opqlopuz,2024-10-30 08:23:05
462e965f-6cd4-4887-8e78-67f56b85d000,Eqjndcbdurbpx,2024-10-15 17:15:18
8c77866f-b40e-41b6-a211-e2435b81fe9d,Glcjj,2024-10-06 16:23:07
7db35c63-35e3-4f46-80cd-c881559defac,Dcophstwhl,2024-10-21 09:50:04
4b3040d2-9c2f-426b-9935-cba8ed2ad4d9,Kyksarbtiqmuk,2024-10-03 05:24:11
a990c6de-ae4d-4818-b5ee-80a7fb6ca7b8,Qrhqauajwrcgo,2024-10-15 22:26:51
6512f6bf-3566-4521-83bd-7987fff78c33,Oghymlklnuou,2024-10-01 02:12:31
0a635ea3-d8a8-42af-99a7-cf50287722bc,Wjjedzfyyk,2024-10-27 15:42:20
dca4dc10-9afd-4c88-9ca8-21a05da5a109,Krhcwccilfu,2024-10-26 23:08:10
52f06427-19cc-4047-a79a-59fb4fe8023a,Dxtsyrgxz,2024-10-09 01:20:42
4d95ab71-e498-4a80-a9ed-e12ed1964e77,Xrslclbpt,2024-10-23 20:16:38
bad2a706-c34e-4ea1-b505-18f58cd679b2,Inszmbhwevg,2024-10-09 19:34:29
c6d87ae0-7096-45b6-a7d5-4c3a80057f41,Jtlvfxjobuhgrvq,2024-10-10 11:23:13
4d41243d-fc28-40c6-ae88-0b6760e5a5b6,Vgfpidoyk,2024-10-15 14:04:27
46e2f862-3022-4d9e-823c-a416a102f1b5,Tcjdrpafaubwcdw,2024-10-31 20:56:07
bb81f2d9-131a-4231-aad9-e306a7275ea4,Jmtroudfkvx,2024-10-16 13:11:35
39404a2c-f649-4b8a-8f67-b3f6ecadd77d,Nwahoxagjttx,2024-10-18 06:46:44
e12fa9cd-014f-441b-8107-cd39f6ad8451,Yaszohbtkac,2024-10-09 17:35:55
6e91e641-f4ad-4db3-83dc-bb0b484165be,Algfdgijheuwu,2024-10-03 00:49:24
a73a1095-7d90-4dfe-bfbd-7f1b0c8c610c,Xzdnzdlbw,2024-10-05 05:22:10
a7854164-1743-497d-abab-657a658dbb52,Paftrnnqgoar,2024-10-10 07:43:28
8c69a664-e3e2-42bf-a20d-916b3af45642,Fwyoaquxyr,2024-10-02 09:34:40
cec8a30f-8e8d-42b9-830b-43bf96a7f82d,Gabvcyfzuemfta,2024-10-28 06:24:06
b2548d4a-e9eb-437f-af0c-9a7d8b8c90c0,Ejhfqztk,2024-10-22 23:42:28
16cf6181-e0f8-4ffb-a3e5-8b1290847286,Qsaguftfrqgl,2024-10-19 00:22:06
5bcd0f4e-b1e4-4a54-a3b9-703ff678563e,Hsfpnhffgeb,2024-10-08 11:15:07
b92f287f-58c6-4be7-b0ff-7792213c9e67,Unnswl,2024-10-10 19:53:43
768ee2eb-ce30-4bfc-a9ef-12d5cf205bf4,Vasuhtxmpkme,2024-10-03 00:02:07
54c2f3a7-0229-4eec-a1d5-c1be7be02e33,Myezcnxu,2024-10-02 14:52:53
d4d9014c-8467-49d2-be7c-58993cc8fc90,Mnompnqhxu,2024-10-27 01:07:33
db2b6541-9e81-4b51-b41e-18b1d6d59b0e,Piirg,2024-10-10 16:09:09
25ba1520-d7b5-4b78-8dd7-45b5acd10673,Fzsrrnosrjl,2024-10-31 03:29:10
9d200d13-ea97-4015-9625-631edcb9fc56,Egsvhordyd,2024-10-09 12:27:50
b5ec9747-0c46-4baa-abf6-596697a97192,Ybktaz,2024-10-17 18:59:59
23763188-e51d-49b5-9fec-deec45d1a633,Rcbsllsaxuv,2024-10-08 05:27:07
47ed0501-3947-4182-bee7-1955957aed6f,Jmrjgkspkfgbazj,2024-10-04 06:11:46
f02a26e2-e383-4df3-8501-f4ab00470a31,Qcxqhpsndtt,2024-10-07 13:25:36
bd428bb9-7a29-4ecb-9f94-57580e39a8b9,Nnzov,2024-10-16 10:32:19
848a90a1-c6ae-4cca-9e66-699863d585b9,Fsipazmgdgzcac,2024-10-01 21:05:47
e65d89a9-02a6-4aa4-9b62-1a18865b6392,Vkluzriesiqo,2024-10-10 08:59:02
22836f48-14a1-41ba-8a47-d2faaf7195ce,Prcdujwan,2024-10-17 14:03:33
133fe203-c815-4bb6-91bd-d825532ca23b,Wazatipk,2024-10-19 02:24:20
5f2af6c9-f7ee-41ba-888f-c230fdd0054f,Zufxsnic,2024-10-29 12:58:31
9ba840bc-10e2-4b48-a346-22176c3fc4a7,Bafffubfahggvd,2024-10-27 22:17:00
aa30ccc3-49df-4313-ba06-0af8eae2de43,Jkwndxhvaoahbii,2024-10-05 00:16:02
322cb9c4-a40a-4247-ad45-6900b1ec5aa5,Tclupahlvu,2024-10-27 21:27:22
0d871ca8-12d8-495d-a306-1d0ac23b8757,Pcovdyxbhy,2024-10-09 13:47:06
83582257-22a3-49ff-ac67-58e1919da38c,Kiszq,2024-10-02 15:50:30
34b72ff4-5b2f-416e-a0a4-466f105d9ca9,Xrmewujonepl,2024-10-02 09:07:33
95e7b3b7-2125-433d-98e9-d1c604f819b8,Xdcezurg,2024-10-10 11:12:53
9dbef5ba-aa49-4316-b1e6-2bad7e44569a,Jzdpduu,2024-10-27 12:50:23
11af3875-f540-435a-8d23-18f1f22532cc,Pmzlgo,2024-10-23 21:51:00
3e0ec906-0ef5-4ac3-8ba8-1fb6f57aad8d,Bccsukmykgwkcqc,2024-10-03 15:52:59
f3492f4b-9c10-4aed-9a62-2a48e71643c7,Gulqairsnhcs,2024-10-04 16:45:46
13e03905-a0b9-4f30-8e72-ef7820e10956,Krjgoahpescilt,2024-10-28 14:43:07
0ccfbf47-4956-4f20-a014-616a4e9f0f2d,Meljyg,2024-10-23 01:19:45
f7d4857a-a0bc-49d9-9d5c-bcee9bec1b7c,Bwffl,2024-10-29 11:51:27
863d0bcf-e297-47c9-8047-97826114951a,Cztlqve,2024-10-01 01:37:09
f5fdf26f-b460-43ae-958b-5346f9882f17,Rynpaoe,2024-10-20 21:41:50
1345dfd5-9911-4711-be06-494b2e364af0,Vaobmbkfrr,2024-10-24 07:12:31
47027b83-fb8c-4871-87e5-65c547001b60,Ijwrxkfq,2024-10-18 09:13:06
fa7c44cd-4c92-49e2-9e72-bd8782bca5b0,Kvnhrmuogfe,2024-10-01 05:05:15
89041f4c-9230-4c06-ac1d-d64b156b8ad3,Haqexbgxowzhvcx,2024-10-27 14:03:04
586514b3-3e8c-4c4b-ab8e-e2909df4f925,Mnpvgibhznk,2024-10-28 13:29:02
0dbf976b-565c-4c31-a165-b7b9cd13afae,Yeksompoair,2024-10-26 20:09:17
1ee76984-7cb0-435a-a39d-749b953c9654,Aqueiwek,2024-10-04 22:43:03
7f839a04-5f8c-42b0-ae6f-e442c72af36d,Laroaeysice,2024-10-09 00:28:39
7af28a43-bb12-4d03-8570-e24328ed5354,Xyyvjcxp,2024-10-25 07:39:55
74fd2818-9f2c-49b1-b74f-527e86b95ede,Ispxwsndf,2024-10-22 07:05:21
172a04ba-a392-4f16-a8dc-4315f75793ba,Dctde,2024-10-10 18:30:55
69008014-b119-4fa5-b7b4-9c3ea66ff492,Yoptxh,2024-10-09 04:11:32
9516250e-6b4c-4bd6-ad07-f89f810da27d,Ubmzpe,2024-10-05 12:48:12
bd7ae9f0-51cf-4d9d-becb-8e99a2687c4b,Dedfygiwlk,2024-10-22 02:13:44
74b38eee-283b-4e8d-87a2-da8f9cfbec16,Qbldabxolivl,2024-10-11 00:31:07
d5556174-fdf6-4fe4-97fb-0968d63f537b,Jeunmzzvyx,2024-10-19 21:22:27
12ac4684-7c69-4d72-bbbe-d4440726e9ed,Tcoltnstizzi,2024-10-31 20:16:21
eb6aa412-a411-40d9-8f31-867ea0674933,Ouksbtcy,2024-10-02 18:55:36
00a99363-9d99-478d-9938-b6d6a8aa8aef,Uytrndf,2024-10-17 17:31:41
4e3ce472-da96-45ff-bfba-0641ffb5a08f,Zhycuzqim,2024-10-06 11:40:22
03b38392-8ffe-426e-b1b1-4980496c9d01,Otmke,2024-10-20 15:53:17
50c9814f-0cb1-4c02-82b8-543d29e52495,Dbwpixvoroaxvet,2024-10-12 12:37:04
d574d012-80d9-42c2-b8c5-f025994ebccd,Bqspwssjsp,2024-10-27 20:42:42
c9629dad-518a-4f51-b865-d56d9ef62636,Zhqjapnhwyq,2024-10-08 10:41:18
77d71e6c-4457-4e51-93d5-180e519a78cc,Qpkynvy,2024-10-12 12:01:09
a852ba92-7020-4ebc-b7c6-3490ebfd9ab4,Wzdyp,2024-10-24 17:01:59
87a99b94-accc-4e47-9e1a-fe181d081dc5,Psuszvl,2024-10-21 11:36:13
c7990698-1b26-4011-9b67-58196cc54a34,Hnhkvfnicvnd,2024-10-30 02:50:31
4d42b3b9-351d-4e37-b981-b25089f85567,Alepbqewsqgi,2024-10-02 00:27:15
8d6aaccf-ec41-4f8c-b39a-177ca35b3be5,Edajzycw,2024-10-02 14:08:40
4c649909-5d9c-4e46-896d-06d5ddc4fdac,Wkzgxtbjisbwshf,2024-10-06 08:26:06
6662cd67-922e-46f2-93b9-2a7997d1d926,Fupjiwmqeuygfd,2024-10-26 15:12:58
933e7acb-61f3-4884-82b8-8082abd0af0a,Duwyzahdjxowune,2024-10-17 15:59:43
7e46f7a0-85bf-4ff8-95a5-4496d6a79913,Njqeyefs,2024-10-02 09:38:12
4db902a4-cd4f-4830-8e41-32db43df0107,Exdjjtuhryxaum,2024-10-08 00:21:09
5a0f0ebb-5c4d-428b-bb7b-c333e2232c97,Chvqiozxssj,2024-10-10 00:36:26
46ccba2d-243a-4790-9454-20be5e468279,Esternupr,2024-10-01 07:00:01
81627d10-bd38-44c8-98e8-0011676a911f,Silrbzmishypn,2024-10-02 18:41:55
892ea370-359f-43b5-99a0-eb0296949b70,Lexao,2024-10-26 19:59:33
9118eab2-8685-4f6c-a711-e025671f5783,Vkhibktdk,2024-10-07 06:45:29
54ea0fa6-b4d6-4cd8-a27a-1a78d3edc69e,Vvioksggmtwuuua,2024-10-08 21:46:21
f8454fd3-69f0-4eda-850a-d64bc478d517,Vfwnf,2024-10-16 17:34:18
7a9582b0-9f74-477f-96e0-079b348a85e5,Vkglsjmwgzthq,2024-10-29 09:56:29
6ad2fd7f-e961-4495-aa7b-6f4a682ddd61,Thijmfl,2024-10-14 08:17:39
31d13b16-95f9-4fb6-92d9-31771baf796b,Rorxkc,2024-10-08 02:50:07
50e6d8b4-dbc6-4c17-a8f8-8004e3f86d2a,Scslbkym,2024-10-28 04:58:50
5b758215-b82e-4922-9532-550a2a2dec11,Igtvplnoalm,2024-10-28 22:58:16
d864dcf4-2aef-4d3d-b6fa-14fe52ae2a5c,Lcnsow,2024-10-25 10:33:18
0f3d86ae-96ad-4205-9e75-01f4aa7de5d6,Gszcvotunewwu,2024-10-01 23:32:28
60e0ceae-0f02-4bdb-9180-11fe496c84e8,Buuykziiijaxyn,2024-10-24 22:31:01
725ee8e8-1372-4827-b113-3745ca6e4b34,Zdhyuqogvrctj,2024-10-06 02:24:56
11adac58-f670-4832-bd07-e6807bf9509d,Dhrqs,2024-10-22 02:18:07
532867fc-5dc5-4778-b478-4bf372d52eb2,Glxwyqip,2024-10-02 16:05:21
faa44c86-63d2-416c-826b-3c6fe9475fba,Arrycihhuy,2024-10-07 00:50:26
40d633bb-6c42-44d3-99df-8b6a698e3f0a,Oknfrw,2024-10-09 10:56:02
68a32f88-aabe-4489-ae9d-bccc48e520e7,Jguszz,2024-10-17 06:24:23
8e3d76cc-0b46-4b67-8d08-84843573a859,Hpaakcksxqkca,2024-10-20 21:21:50
335b492b-a447-4116-b29d-3c346d3b86d2,Bysnwx,2024-10-09 02:21:43
4cda2851-f90f-48b1-aee3-44c017f1815c,Wldpiaeswar,2024-10-07 15:09:29
5c9af076-e8a0-481a-be0e-2dcc16b11906,Calgxqc,2024-10-27 23:46:05
794b7547-227c-481a-bcf6-609044169f29,Hrvdehr,2024-10-12 06:47:54
c3505b9e-fa14-4585-adb8-dfef6d1e5a0d,Vhulhykgkaqv,2024-10-18 16:52:09
f30a4ddc-5754-443c-afdc-911a18e6b3e3,Bhfbc,2024-10-01 16:55:42
9b91bf8a-6079-4556-a039-6ee13a7f816e,Zfjlzd,2024-10-10 10:56:00
6dc711cd-97b2-40eb-b82f-7f2f5897a6fa,Dfiddbd,2024-10-08 10:41:13
cf3e3f01-54d2-4487-ab29-f0785c98cd10,Dozjaykg,2024-10-15 20:44:25
ed948376-df18-4ed3-8528-01b60abea7e2,Uypvzgnxbngfku,2024-10-18 12:06:42
1600d9b7-cf5b-401f-b9ec-139384a6f23b,Yrwtguurr,2024-10-23 05:11:06
05e9bc4a-e930-4f6f-a813-6b6dc72c0c9d,Gqbwbj,2024-10-01 10:41:35
3c35fff5-bca8-49c3-9b6d-252445cd8e7f,Oxkfcxxib,2024-10-25 17:15:48
fe1ea5c8-5358-40e2-9090-fef492a5ca5a,Wodceklbycwf,2024-10-16 18:39:38
87358a92-29b1-4137-be8c-850e5ad6647f,Qlfnbawydohh,2024-10-08 04:34:16
6d2553cf-6376-4c5e-be36-757066725898,Uicqcljpljhlfvj,2024-10-26 16:38:33
22392b71-bc1a-4bdb-9fa5-0247b5a0f37e,Xtouu,2024-10-23 04:54:34
11d679ad-f7cf-47aa-bff6-34a3c8aa06ca,Jwvowxpcew,2024-10-30 12:26:23
e294c35b-8f59-4235-a673-7229551bd0e8,Rdqgoxoxjywxk,2024-10-16 13:07:54
af1fdcd0-4540-4f11-ac1f-d85b51a1731d,Kxdvn,2024-10-26 16:01:16
b01f398e-2838-4701-88a3-814dd9bdb1d0,Vgkumrpermsai,2024-10-20 00:29:27
50550332-d8d7-43b1-b2f1-634240c6559d,Prgnsceednid,2024-10-18 13:58:30
d5ae43c1-187f-438b-a5e1-ecdcda643678,Iqcnaihegdxz,2024-10-04 02:02:45
c1e1c97a-3351-4463-800b-5c554faed516,Urdvkclslz,2024-10-05 22:11:10
11515261-1a14-4ce6-8f17-d0badf7a1f3a,Ibcdyjbhyahbw,2024-10-31 21:32:44
b9fa632d-5a9e-481f-b32e-0f19b93b96b7,Vdnotvpryud,2024-10-20 12:21:15
85833ff4-10ab-44f2-b9f9-ac12d8b255f6,Jkynindpukiz,2024-10-23 09:43:42
45bc7f78-aef4-4b4b-8ed1-6173069526aa,Nbbjyhpxuzxqcxc,2024-10-24 07:43:34
524ddc7f-e767-4699-ae14-79b70c9ac8cd,Jtsvclepe,2024-10-09 10:25:38
44d190c6-8acd-408c-a0ae-bac582d4de78,Xszvkr,2024-10-14 09:22:11
7e2c54c3-fd3a-443a-9351-d7541cf2e9a9,Yzbiwlin,2024-10-09 08:13:42
24e36aba-7845-4cb2-993a-7d998129877a,Wtgdtsvc,2024-10-27 12:33:26
bc2eb7d7-1a37-4e94-99f7-37838f47c4c2,Tzajynnktshnvtx,2024-10-09 15:20:46
76e897e7-b8f1-44e5-8117-a4a8a821022b,Ixfadbhpsdclt,2024-10-09 00:26:07
48b9d0ca-4fee-468e-9bd6-f3adddcaace3,Qiwivijcdcvbgh,2024-10-12 08:09:19
9cbe239c-fcef-4324-afc0-674c0a259219,Egxacbitrkbsj,2024-10-27 22:43:10
ee07870b-79fb-47f6-a670-04a969ecb22b,Mgxeytig,2024-10-22 16:09:00
f00e47e5-96ae-4a83-811a-757f13c78a5b,Otjdko,2024-10-11 20:31:27
8185a37a-a334-49d1-85af-0e0de1b944e4,Vkcoblq,2024-10-25 04:26:55
a6ea7991-214d-4367-b076-f61640ffcb6a,Nzbqwdpp,2024-10-26 16:38:50
45c9c427-fc2b-4478-b1a8-8ea2ff25f806,Ihelq,2024-10-09 00:00:22
bcaed836-f090-461b-bf69-bbff8898ec20,Yiucwkxepinv,2024-10-19 10:27:53
407dfd84-a71b-4e20-b069-f3d0f82a7edb,Eyimfsfxfcdodib,2024-10-11 18:41:38
7a4466ca-2187-4f8f-96c4-2c19381bf28b,Rmtzrpxyrbtto,2024-10-16 13:49:12
b04b4981-6beb-4273-8bb4-1a94f2af11e6,Kkfod,2024-10-25 14:11:26
1023bde6-1ed4-43a0-93e4-7b0c78569a4e,Lnvgmhatdgk,2024-10-07 03:52:49
d114d7fc-718f-448b-a8b8-602864f2ccf2,Gzgkfswvphpiv,2024-10-20 15:18:01
d35230a4-9771-41ff-ba3c-60f553154196,Yqeby,2024-10-28 04:33:06
40c37758-222c-4ee8-9b95-dce3ddda9ba5,Rryanyxaxqzyyv,2024-10-12 12:33:48
e7c5d95a-97f0-4255-92a1-ac083505f95a,Qjagwqlg,2024-10-20 13:08:43
9ac285b1-1dac-4c06-9922-33197c69f19d,Ebogb,2024-10-06 11:22:58
d030dac5-2590-4396-81c8-da152bb6abd5,Lgnuvpysn,2024-10-16 12:53:28
70cc783b-5cce-48f6-a2a3-4c3d2edd994a,Dyfogqerivx,2024-10-25 05:55:07
598ea130-f637-4295-890c-8b67c0ea010c,Lttpmoyovx,2024-10-25 03:11:31
7b956d30-bba0-442f-a67a-b964a750fbbe,Fmxpqm,2024-10-20 03:19:37
33f36a57-61fd-43ef-b554-e971ada9ba7b,Rcoontr,2024-10-27 10:18:09
41ad0edb-dff6-4eb0-a8f7-652936d8cddc,Rtlpstvfkv,2024-10-05 14:34:03
9284d45e-f33c-4055-b92e-5101e9f78490,Stflmzwtjsblk,2024-10-17 11:48:09
42e4c5b9-d31d-4f90-afea-61079fa1b19d,Zwaxhfy,2024-10-20 11:02:47
e77dce9a-b4dd-424d-a20a-3fe3bf023804,Ghvsbzbhtqpdd,2024-10-13 14:46:11
b50240ec-d403-4a47-8e70-a2bb5d346ae8,Dikuqrnjz,2024-10-28 15:40:07
6137824d-e13b-4f95-8dd7-63cde551d92a,Ubqxsibdzspmcu,2024-10-08 14:29:11
ccfe753d-53ad-41b3-80e2-5418715e2425,Uudnnjtesi,2024-10-21 08:12:28
af13a2a3-feeb-431c-a9a8-3739cb1dc8a3,Anwqu,2024-10-18 05:45:49
897c86d5-69fc-4289-a77e-29a41edd18ab,Fhpwkybm,2024-10-24 06:08:25
d8c45771-f4e9-4058-b4e5-5138f03e7c06,Ctwqhljdcwnajs,2024-10-08 15:18:42
99e6f233-8fd4-4cf9-96d4-c9da664d90f0,Nvtomaszrdnjx,2024-10-14 12:48:16
ec268b14-4ca8-4c2b-9ef4-199af7785ce7,Ugzwtfj,2024-10-28 08:13:08
0d286470-c375-460b-9e31-2f4433203259,Pgrnpcsktl,2024-10-24 20:56:34
bebb3635-6142-4273-8698-52fac6edc252,Zsjkln,2024-10-13 10:39:46
66666440-32a5-4e78-9d49-41ecba2700a4,Tmeabc,2024-10-05 17:31:30
86e18bfd-2421-41bc-898f-f4c953c114c6,Bocfhhepf,2024-10-22 15:57:45
966754c8-05c8-47ba-be73-281dc279e2ff,Xitmqzuwezozq,2024-10-09 10:56:28
c3c31735-e87b-4438-858e-c7b374970fb0,Ukubiijhetyxg,2024-10-17 12:10:20
22b47f49-15e7-4091-886c-2605581fb720,Gmcvonbn,2024-10-21 00:34:09
5ce88df6-a791-4ada-a759-961b7ed1aecf,Kthnqi,2024-10-17 09:46:21
ea397531-e163-4537-b0f2-e4102388c218,Gdlumucdtkzxcd,2024-10-10 21:37:26
6ffddea8-0277-41af-b0d5-0258c99fe55a,Cbyaxkenpw,2024-10-05 03:43:59
a69b4328-be5d-46b7-be0f-8851a1f16281,Hsmvxlqixtcjswn,2024-10-28 18:00:50
27b851a8-06ea-4e25-94a5-20e033b2767e,Jgmwubmyrbifemo,2024-10-27 10:49:44
664e4b1d-1330-4b64-bb8c-54ec1ac970c8,Lgcuohtlb,2024-10-27 22:43:44
f9340eca-2781-4fbe-ac2d-ab90a2b57692,Xaqhht,2024-10-10 19:03:58
b71f53ca-319f-4b0c-90a2-4853b1195235,Pttsybvro,2024-10-16 09:25:16
3d635006-b1d4-43f7-87a9-f8e8b9780230,Msqua,2024-10-24 09:02:28
d11b3cc9-c109-4512-ac55-488d0761a196,Eszsfevzouweas,2024-10-28 12:51:21
e7afa80c-c69e-4c38-a0e5-d643a2cb8186,Ntmbaoxclc,2024-10-04 01:46:14
e861d45a-49b8-4df5-b2c6-1c1a1a47f2ae,Gyzrkbrbx,2024-10-05 18:39:59
8040054a-95a4-4bd0-b372-43e6a10529e8,Hdeduz,2024-10-07 12:04:10
545411da-25b7-4cca-870e-ffc816270ec9,Pxglr,2024-10-16 10:05:57
9e71673f-266a-4664-9aaa-9a9074f2e8f9,Kptpvxvrewrw,2024-10-06 21:26:36
923fa39b-88f8-43f1-8008-fce685e6ae43,Xsedugnciqr,2024-10-22 01:23:13
f82bb633-5925-4169-b578-e38005699e04,Yzwas,2024-10-31 16:24:14
a6a91235-685b-4557-8835-05fcf0402e3f,Mqsags,2024-10-20 14:56:41
0d7b10bf-46a4-44ac-8273-6c0f3d5a4c19,Roashakxuwnoar,2024-10-30 06:22:41
c2819438-f919-48d5-99ed-a50254a56688,Oowvycgydygdn,2024-10-19 21:43:53
b099473d-e4a9-43b1-b9f8-4d922f3efde0,Gukyzushjtp,2024-10-17 16:16:15
8596105d-25e8-49d2-8728-f48605f5648b,Ghlih,2024-10-07 04:13:14
46ca5414-7366-4a9c-accb-ce8868ac36fb,Ksuxk,2024-10-16 22:29:15
9b3db319-ab05-4690-8fd5-6b73ebff9ef2,Dwbldqjljseon,2024-10-06 07:18:54
8e75905d-ce84-4b4f-aa26-029c249298fe,Dahpctjtw,2024-10-12 08:18:44
2cde8dba-3925-493b-9d5a-03815d626dc3,Biwjlqu,2024-10-11 17:04:07
a1780929-a6a5-4cfe-bb42-f2e37abf722e,Khvpoqwoujx,2024-10-22 22:29:46
008dd4ae-3c04-406d-af9d-a009e903c73b,Ixquzgrcoivo,2024-10-21 06:03:34
1ad8e05f-7963-4d13-a5f8-8a61e91752c5,Ebedykrthyudqm,2024-10-15 01:20:45
5fe791f6-2f4d-4595-b642-de47110ae320,Rxtglmzffwesqim,2024-10-30 15:43:07
0cb21d35-6dc9-4ba6-9d84-cabc62ebde94,Amlcb,2024-10-10 01:03:21
078f406c-62f5-4f1b-a097-d25d2ecdc70f,Gptqsbwew,2024-10-02 06:05:43
8d73289f-27e1-4409-a685-017d8a03b0d0,Eaaqctuymxe,2024-10-17 22:31:13
fec58071-b128-4dab-88a9-c00d556ad66e,Iupwxngep,2024-10-18 12:22:01
e7fa9a21-706c-407a-bbea-f9d20ca64209,Bvjlenrhc,2024-10-09 23:48:23
d3866204-21d2-479e-8470-75edee5ecb78,Uarqjuladpvz,2024-10-03 05:03:59
78c16221-6ab2-444e-8cc9-90fc25c79eb6,Ziegnmtzoyg,2024-10-10 10:20:33
b2abe80a-2c4f-4191-9b9f-c6bb00697d91,Ndrdqnpmhhc,2024-10-27 17:30:42
1ce0a4e7-9314-4bb2-84ed-010686bc803f,Aiuuvdidifpls,2024-10-31 22:10:02
c8220555-0206-4f1e-8db5-1a3dc7b30265,Tsvoomj,2024-10-21 17:34:22
e8f5fae1-9d7b-48c7-99a0-2286c408b995,Znrqkfnxotgidgy,2024-10-05 15:49:06
0d2918f2-7f56-4f20-89b6-da2d1a80cd10,Tdqzqwi,2024-10-18 17:51:10
b73fe793-31fa-40f6-8bf2-e609e5d4b936,Ngdzqhv,2024-10-29 18:47:40
82534fc4-0609-4479-9b18-301d5cc8a683,Zcaveir,2024-10-12 09:24:57
dbd11e69-f458-4ab3-80f7-563c49838324,Jwxyafkfoou,2024-10-05 23:33:03
683fc3cb-0675-4e9a-85b5-73192d3fb83b,Onvialedoqgf,2024-10-09 12:14:07
f031330a-cbc1-4bf1-b5fb-d84c54348f91,Kkvydtxbbj,2024-10-25 22:57:54
7b35c494-dfc8-461d-a648-468e0a5060c4,Nieurfxipnuqkb,2024-10-09 17:15:13
7a7c94cb-6ce5-45c4-9bc5-7f79dc4d8068,Eqteaiolrobd,2024-10-17 01:34:26
30f07ab3-649d-4f9e-8aae-a5eb50627552,Fqnntktjli,2024-10-12 12:43:08
4f419aa8-bfbe-4724-bf6b-60c70c6067d2,Mtktimoxji,2024-10-16 05:38:32
bd250387-2d8d-4374-ba98-ed77d5927c8f,Hgzhoo,2024-10-24 02:31:13
98fd60ad-7c53-49f6-9263-6ef9c57f21f6,Jveesriyjlw,2024-10-16 14:55:15
9454f143-7f62-4496-a4c2-02956f45e685,Mycqpzrfaf,2024-10-14 05:44:12
7b5fff3f-0481-4412-98b2-78199220d490,Oluob,2024-10-30 22:51:08
a42a4a80-8bd6-4069-be83-07f8ec8192ac,Iyaohj,2024-10-23 21:13:10
d5b3a8bf-b347-455d-bc20-2a7ef6a1c248,Vnhrbiudwnsio,2024-10-11 23:12:14
ee03ec72-8f48-4a15-b284-6186f001d9c5,Kedusmacpyfu,2024-10-25 00:11:08
f8a80160-9dec-4cba-bcd1-300d95d6ed84,Nzheio,2024-10-03 10:21:23
d50d9a13-a103-4c94-ab95-7f826ec6d11f,Wrbllpgkckrldw,2024-10-25 07:19:59
7bec5177-0c0f-43e8-b822-9d59eeaa17b6,Mmhsmxyqswix,2024-10-28 16:55:46
1484a323-90f5-484d-815e-d54521b6abca,Dyuddlq,2024-10-04 19:23:51
d933b0b4-8f77-4566-b864-655e930e1f0a,Sexaicbub,2024-10-04 00:35:05
7d52d4cb-2524-4b2f-95bc-1789a3efaf1d,Jzexz,2024-10-05 10:30:38
a85f9659-bf19-4127-9272-c54cfcf4f297,Olvofaldp,2024-10-05 16:19:20
fc251d04-4710-4577-b692-4ab71583228b,Kneuaugt,2024-10-11 05:51:41
0b0d036b-4efb-4aa7-af62-f81f9c4aca24,Xveuilvrbhcdju,2024-10-13 17:57:56
45583314-ab77-4542-a166-7b72ac283a1f,Juxayyi,2024-10-06 09:33:50
f4a2ca89-faf8-4be9-86af-71f3347e0ebc,Vwatujtppsqnlkl,2024-10-19 11:23:41
21db64b9-eb3e-4e2e-9400-bc1561d1073b,Pmintjdm,2024-10-15 16:04:56
76dab3d7-058e-456e-9441-6bd73b69cdd9,Zicehowgbbcvb,2024-10-01 19:43:00
2531c6c0-6f9e-4f34-bd10-e22f93c14c1a,Dpilktqfktnv,2024-10-30 10:25:16
dad1583c-91a3-4ac8-854c-6ad07fdafca3,Gbszkupsvqbrt,2024-10-16 19:47:51
3a517c30-bb99-4b28-9d4c-a3753179a67e,Womehxwlubb,2024-10-21 19:48:08
94f75481-b35c-4bf9-8fb4-175ca1f2989c,Xdqclyudhkgjis,2024-10-27 21:03:32
fb13948a-3b72-4ea7-b091-b684178868e5,Lvxhl,2024-10-03 14:22:02
3a8018e0-d6a3-4476-944f-883492ea20c7,Tjlaysdka,2024-10-13 11:44:30
4a3ca745-a886-4025-963e-e89f91e4a7fb,Iwhbx,2024-10-06 11:44:42
a0d52e77-500c-4e07-ac59-789a16fa87a3,Fteibsqp,2024-10-05 20:01:15
2ecc09a2-0192-4bfa-8e92-b869fb55f8c8,Cuvfmdv,2024-10-05 05:06:43
0fda7706-ae79-44bb-a9de-bc2c63dbc2c2,Nsmnpj,2024-10-01 18:30:45
ac7a2ee0-509f-424c-9293-f90da3a021f3,Nrogayeq,2024-10-10 01:41:35
4c7fa354-2756-44bd-978f-81350edfe80c,Yejcymdv,2024-10-29 06:35:45
a04bcde2-485d-49f2-af9e-67dd356d9047,Zpqdd,2024-10-12 04:01:22
acfadab6-8bbd-408d-b4e7-8f293bb77476,Nesugbfjpz,2024-10-25 10:01:12
a96f724f-661c-448d-9c96-7b5749a6577a,Zxjvxzzhnssw,2024-10-30 16:33:39
198ac734-a2a1-4b29-97ff-9033599f9fb8,Hlilvdkotswwj,2024-10-11 11:19:37
ea13c387-eae4-4646-8c8e-6f5323c83397,Tnpubgpk,2024-10-01 01:04:16
1c7cf0e9-63d4-4efa-8027-956237848c04,Nwzhsnpje,2024-10-18 00:44:51
5355185c-05c8-4e94-8292-0baf0cd8af86,Catbnowigzqm,2024-10-13 15:03:21
8d3e900e-ec91-4d6d-a28a-35a3adb2ac7a,Axrbf,2024-10-16 03:41:54
b4efb9f7-9da1-4929-8132-c34cb056a4ae,Jnldftgr,2024-10-03 09:29:47
ce3d9ca4-1638-4bf9-b7a2-a275f74254bc,Evpcmcd,2024-10-07 15:58:29
1a9a1664-764b-4e93-8b09-c218e8f44140,Bxrfifxjesfibhh,2024-10-14 14:05:16
78466a2b-5fb5-4491-a9f2-c6dcec136b28,Ifdcveeeca,2024-10-23 00:22:54
c3fb0efb-7dcb-4ccd-b4cc-0ccd02d85798,Ribuklvvj,2024-10-30 19:02:04
6a7a0802-7c5c-404d-a273-8155aa5e651f,Ixqtnptkeionxe,2024-10-27 02:18:16
ef9b48b9-f042-49a5-bbee-0d3efe445509,Cwxqjsymccfhlc,2024-10-02 10:53:55
c1a12217-289c-498f-a4c7-ae5f14aefdf2,Magwhbryoh,2024-10-23 11:08:58
7fcc1afd-62f5-4543-a1b5-8a960e7d8694,Sekoknnapfmzj,2024-10-28 03:36:40
c58e07f5-6e82-4d02-9007-e2419ec01cb2,Pqdec,2024-10-25 00:27:52
1ab83246-c3c7-414d-8ba3-6d19b54cd6d2,Goeahgtps,2024-10-19 21:13:16
0525e8f6-5b7b-44b8-bd8d-50eeaccf36ac,Vhvubj,2024-10-06 01:30:49
b926505b-348f-4808-8dcf-113d06e0ef7b,Vvmvexqr,2024-10-15 19:24:17
f38fe894-dec4-406e-a287-ae484a6bd420,Khncpopazlldci,2024-10-12 11:58:32
cea53484-a5a4-45c5-baca-75a329e32942,Hyxxpafunwqnu,2024-10-09 18:53:09
71022ccd-1404-48a3-a02b-12bb04d2303a,Flilxftdzgrcji,2024-10-29 09:24:23
e565008a-c5fa-43b6-8565-5dd6fb799e2a,Jfvwwsyi,2024-10-21 16:44:14
428ae8d1-ad6c-41aa-851d-c5edeb74fcaa,Wqytrmf,2024-10-23 06:15:04
49420feb-57d8-462c-9b2c-2a22be44513f,Cycecenxb,2024-10-26 01:26:37
c6bd8c5b-7f0e-4d51-8cbc-0d21ded64a3d,Zqzefefqho,2024-10-30 15:48:09
4a2e2266-e655-4b88-8a83-fcba9215288e,Yodrfyzlxhijw,2024-10-28 03:52:54
7925cc33-48bb-495a-a574-473302e0968c,Ctabjzvqzqgl,2024-10-09 06:45:21
9ed70efa-7b94-4a7e-95f1-6a588784a31b,Tskzdctfdl,2024-10-21 00:27:13
f529fbd6-de14-40fd-b68a-118eb583e5f0,Sfoggkfwoirkez,2024-10-31 02:29:48
1cb556d0-4d84-4a0a-9bd3-8e05a69b5656,Ebhhd,2024-10-21 03:58:58
0607f125-7447-4ced-afd6-a6ceb940ecc1,Kpyclyubcozoxw,2024-10-07 02:53:52
42b78bcf-462b-4c64-b0dc-c77aaa7daf24,Urdvhaygroe,2024-10-18 19:42:23
068f01b0-264b-452c-908c-ed59635747e7,Uepsc,2024-10-23 02:26:23
d087f066-ae38-4d91-803f-71f22d78c070,Acqgidyjdaxkzs,2024-10-07 12:28:21
bf76e7f4-b297-46d5-9154-c3bc3b9f8a52,Rtcyp,2024-10-16 01:04:39
3707711b-b859-4909-a5c2-09871abd0eba,Optav,2024-10-15 00:48:56
044ce71d-f237-4a3b-b221-0120deb36d73,Lynaxgsytowyc,2024-10-27 23:39:26
594f69b6-acab-4a43-bcff-dbcc9f4a08ba,Jmaldvhbunzrmm,2024-10-22 10:41:48
56903ff1-9959-4902-a0a6-bee876d56941,Xsqyensnj,2024-10-19 01:14:55
d94eaee3-4754-4ef3-9f1a-12edfcd505f0,Nooutilo,2024-10-17 07:05:32
6d9ad1b4-303f-4a1a-ac82-b9230bb3473c,Xfungmxgfo,2024-10-25 00:28:13
e0a11ecd-77f4-4a4c-b00e-b73cbc9fb997,Zputo,2024-10-26 01:46:21
d7f6306c-2596-45d5-af08-4ee0b08e24cd,Gxjjrzvtnxcws,2024-10-24 05:58:31
21e858cd-7156-4932-b17d-5d3efd5cadf2,Iobpujzhtudzrkb,2024-10-16 17:01:42
3107fa88-859f-4ca6-913c-32150ca1aff1,Chsyklgudqzsul,2024-10-10 06:10:16
6b14b362-7d68-4ef9-bb7e-db04f022f131,Hdbmnuixsxgk,2024-10-16 15:30:19
7dcf18a6-6800-456d-832d-f19f74bd0efd,Rrosjigetwyoqr,2024-10-11 20:33:49
bc88bee4-500a-4d20-835e-3653ea8882bc,Oltdjbkpdnxh,2024-10-30 08:34:19
c18e6b11-125f-47e6-9779-899dd902ac6b,Agobjaqbhxqtvqn,2024-10-29 16:21:14
a6995123-ac4a-4c5e-bb31-94788118275b,Yhhtbedncfzpoxn,2024-10-13 17:52:59
72ef0f16-2111-4e95-ae82-c3cc4afcc087,Ryovpawnfn,2024-10-18 06:36:55
4222a6dc-db0b-44cc-86c2-35f80f7cf39a,Bdoqaw,2024-10-16 09:42:05
1b8f6f10-cb12-4623-938e-1ff4b0b446bd,Cymgsm,2024-10-21 11:16:36
3651ca79-062b-48ed-8ab8-051193c41b06,Qyvnscq,2024-10-19 12:54:38
143ff597-c697-4c51-966a-d5795fac0f2a,Rveydcrkc,2024-10-02 11:32:35
b7084f6c-5bae-4606-9d75-7110fe80aa66,Vmvzgiqrpxy,2024-10-20 21:24:14
3a593e74-0f5d-475a-80b0-25fc413183bc,Wzlsiakqrmb,2024-10-23 01:27:04
5c92da5a-022b-4c01-b44d-e81372b47fe1,Tetmhubae,2024-10-25 07:00:11
35dba799-4eba-4d2c-99d5-c25da567c447,Bvqjl,2024-10-31 12:00:31
1f3ecbeb-0858-4cff-8b60-15465cc79639,Yyhgaif,2024-10-08 21:09:54
c6eedcb3-eced-43e2-93da-5e93f80a4336,Egdfutz,2024-10-06 08:57:20
b44e95b9-050c-4db3-82a5-c694e8fa4b22,Lnxngzxvtg,2024-10-12 18:53:19
981b221c-5b97-419b-8f1c-70c3c3ebc973,Xvbanleuqepht,2024-10-18 09:49:45
58d5d393-aeab-4b42-aeeb-cc6d636cdb56,Ffetmkgnjrjluhg,2024-10-06 13:38:13
02150cba-025f-46cc-ac91-07f00ad9b4c6,Tgnimpep,2024-10-26 01:04:14
41390bcb-9ed8-4561-a70c-6c1a386590b3,Jjfsi,2024-10-02 21:57:52
e4676bea-d04a-4e89-9754-3f7f78aa2e08,Hwpzjlmylbizae,2024-10-29 17:13:14
88e7b099-219e-45c3-8649-61bbf429ae52,Duoqtafv,2024-10-22 23:40:41
a3ed888c-a1b2-4f0a-8e57-6ea52db29cc5,Vmxavatvv,2024-10-22 14:03:30
41cf297c-fba3-4562-b90f-c2e993e02862,Ywbivjaysjfpbyj,2024-10-20 08:10:04
a07a7d76-3279-46a3-814b-c01eaf9d8f95,Jiujdrrj,2024-10-04 18:41:47
4697af29-aff3-437a-bb7c-a887c18226c9,Kjlzcbjrxrsg,2024-10-21 05:56:42
