id,value,time
b9dea068-6709-437e-8157-55e0ddfbad6e,Suslnmkuzc,2024-10-10 20:30:34
71744fa3-d27f-45a6-b7cd-508c05cac87c,Fhrymv,2024-10-03 17:51:09
3e13b07c-3bc5-447e-8f10-e5dcaadf51e3,Gcwlgykp,2024-10-20 04:21:46
b2526e59-c760-4fb5-98a0-525a6258d84e,Smzpyzvkpuaec,2024-10-19 19:43:43
2bad2f74-24ad-45e6-839d-2a5208339fd6,Hdpvmhg,2024-10-02 16:05:03
d5de9b60-6cb1-4d04-a271-1e31cc66ab36,Hpnbu,2024-10-28 10:53:10
5f97375b-eb8d-49de-906f-098a293cad6b,Dxsfemoo,2024-10-03 16:30:03
1f59dc10-b6ba-4732-8507-79244406a6c9,Eiieln,2024-10-12 17:18:55
d4e06b5e-9131-4f21-b7fe-84ab91c4bf85,Dwaeuqpbieu,2024-10-22 17:10:37
8fd1ed66-e068-4873-81c0-3ff57717804a,Maurgqhlonbz,2024-10-02 04:15:59
915c0ea2-c0f4-4212-8ff8-f1b671d28a7c,Smvztaxfgj,2024-10-25 01:26:40
c34faa32-8749-42d3-b536-f6515ad13249,Mvkjvpuzmlctx,2024-10-14 18:49:24
5f2d7b5c-43dc-435f-8323-193d7273a4d9,Uvxqhpccfp,2024-10-21 13:20:28
56397d3d-fde2-4132-8643-37464ae3635e,Bpvizmzlyuigd,2024-10-03 22:59:06
eb26f2c7-4b44-43df-80bb-4d433e16fc60,Jetwkl,2024-10-21 10:10:52
1759e2c7-d907-4062-bbe6-183d8074b150,Iyqzuhxy,2024-10-18 05:56:32
a098d059-2624-436d-9f7a-3cb3d6c131e2,Tlewzfrteumde,2024-10-24 08:28:57
c34882ba-a5dc-4e94-acaa-1431e392fee1,Szhvolo,2024-10-31 16:12:05
3635b430-d6ae-4b03-8188-1cb0b252042e,Jlkndatjkr,2024-10-26 19:47:27
3abc62b6-cf72-4beb-b3d3-7306e2439380,Ljbti,2024-10-08 06:57:51
106fd046-724f-40fb-9282-db6c78f357f3,Ghmdkm,2024-10-23 05:32:04
6519994e-8b17-4681-be4f-a8e3cc22bbbe,Aittmcoidazk,2024-10-27 16:18:12
87ecdf6f-98b5-4c13-86b4-26d7dc1880d0,Heothnderlfhfq,2024-10-14 01:07:46
a1e20172-169f-4a06-90ba-1c0bb4f48e2e,Eudwiau,2024-10-19 00:55:58
4f1323aa-8784-4af8-b923-f7a82c290dfd,Ttyjeuunifhvu,2024-10-04 07:02:08
1fb7dda6-9017-4dbb-9d95-3262a0a0a19b,Gwnjixm,2024-10-09 17:05:38
f7fe2138-dd46-4b86-8a9f-9e344ef3b810,Yggehvhdhztyeo,2024-10-20 12:58:43
3f63f964-026e-4938-9a2f-4a6ccc66e086,Swpmkwqxpwvle,2024-10-16 11:54:10
d8ca138f-fe80-49af-9f3a-317aea07a075,Msynupfoae,2024-10-28 22:10:12
93b0c37e-1b5c-4630-afb8-b9b0e876ea0f,Brxfdcxoobgg,2024-10-22 15:15:56
f55fd153-646a-4151-9e2d-3b49839873fd,Iajjou,2024-10-04 01:16:13
94a4fa70-08c6-46cc-9553-a4c8e1640a3a,Cgvgxgnaccbur,2024-10-27 11:44:51
a6d1d0bb-b01a-4ea2-a105-892e83141c5d,Zopfieqzd,2024-10-01 03:10:03
6968a4c1-b15d-4a98-9d89-37458c940535,Nqrxrwojsmmg,2024-10-11 00:08:11
e38c7460-7bb0-4244-9b03-d3a1df1fd33c,Efoerge,2024-10-17 16:35:52
20c6d21d-3de1-4e32-ae08-43016b906a1e,Qecvlovjqqr,2024-10-03 07:49:02
60422575-e110-4753-9f4d-ab2e7a99f6ba,Mwmmwmfqkiknyy,2024-10-28 20:24:40
1ca14402-2ef4-4b6e-8177-d62b4ce4be55,Mumasvhkrt,2024-10-11 12:41:48
558d4508-b346-4529-a5d4-3b49ecd7d73a,Mjtrmqcoho,2024-10-29 19:10:00
62ea492d-c33b-4363-92a2-9639937ec5b6,Bjhbvihmi,2024-10-21 21:59:15
6f001b26-3412-4cc6-9fe9-870c8b59e544,Pwazzbntroscs,2024-10-23 02:47:01
c5ba48d5-0349-4840-95ee-1840a602fc1c,Yhzokgw,2024-10-02 10:59:00
a59a7af5-7618-4555-b187-1431acbd8740,Ypttantaivwh,2024-10-28 23:21:15
3ffc3c63-d18e-47cc-88d2-40a3e3d9ba5e,Zghtwxgehfe,2024-10-25 17:49:57
c1bab807-6640-47da-bf48-a98123f24490,Zgmmtbgdyrdloa,2024-10-04 16:55:33
f0c8c9d1-4b95-43fd-94c3-917fccd6afb8,Vbvqacjrlnxypul,2024-10-07 03:05:20
bcbe67ad-a8c5-4d14-814f-bab54890292c,Wmhuszjuwhm,2024-10-23 11:15:46
9d887fa8-d7fa-4bb0-87cf-40448c65737b,Yyrouqurilryu,2024-10-01 01:42:38
7ee1b788-a413-4660-ad14-4502f1eef490,Csuiihcguueenrw,2024-10-10 23:11:27
258366c7-16fd-473c-8f0c-21778b516425,Gbczgngmvcmnuq,2024-10-18 18:58:00
ce591300-311a-4d00-9455-a5d68834e685,Ahvelchewril,2024-10-02 15:16:48
8a3dfe32-f202-4ca2-a30e-cb028680f3f7,Nsyvrptncdgcmuo,2024-10-28 20:36:33
5c1f4dc9-0d04-4246-a4a2-3e54df6201f1,Yagcqsyqlnjwqu,2024-10-24 14:00:49
87a128fc-fa17-493c-81c4-e3181853608b,Vthyqvqdst,2024-10-03 07:50:45
b847cb6b-8264-49bd-a8c4-0f19168fa418,Myqayb,2024-10-26 21:58:03
c6d8acdc-0aa3-4563-b7cf-cbfdb8f1f033,Cjpzmk,2024-10-19 08:03:15
401106d1-34a5-47b3-80d8-fb23e1d51f0d,Qpldh,2024-10-20 01:54:35
72ce4b30-2361-41a9-ae75-a94a3b61556e,Jauiz,2024-10-31 17:38:05
c2ada372-5130-48fa-8ae3-77b55bc2227a,Agmfwmf,2024-10-16 19:02:10
89f3f19b-cfeb-4204-a040-697c286db7ab,Dnfuu,2024-10-31 13:57:42
695c3495-59a7-4803-8e1e-fcbf5c577fab,Cxwiytlzcpccbh,2024-10-11 02:32:05
0dea51ea-fa00-40e3-b87c-392853e59646,Qltuicbrmwhai,2024-10-16 06:39:47
3d1b3d25-53d6-49b3-8992-245e12a16031,Khnrb,2024-10-11 11:36:27
1462f052-2666-4803-9514-b9ed5c4c01b6,Wxakquvbxrxf,2024-10-19 17:06:42
b64d1faf-f139-4d77-8cae-10400c0971ef,Pnjtuotrsi,2024-10-18 07:26:57
7618ee2f-c6cb-44e8-9d63-ee30de35d7b3,Dvmqcqfrirgxo,2024-10-21 09:20:47
c2a85748-60ab-40b7-97d9-28f2e118ca67,Txnposcjo,2024-10-08 05:03:18
884a948b-0020-4bd1-8029-33ba0fc0915f,Zmndpvgatnx,2024-10-29 13:38:04
fee14567-dea2-4e96-9f89-f331e8c072f8,Vqrjughsqronfg,2024-10-09 22:28:53
7176114b-90c4-416e-a3f5-002c05808a22,Vmmdohnz,2024-10-17 05:52:26
73e9a78a-b2bc-449f-9bd5-768f4ebea0aa,Whqpzokvlofiytp,2024-10-01 23:35:13
16946e4e-92b3-43f0-bbce-48af3c356cb4,Pjxwvljyzu,2024-10-31 12:55:37
5e23beb2-5c64-47ce-a5bd-75223492f79d,Bjytrxwlyluqjk,2024-10-07 18:37:51
7bc658b2-dbf6-4fcf-a02f-14dbe967500a,Ikrigamatq,2024-10-20 10:21:12
6d63a4a0-dd6f-4d16-a3d4-5559257ff2a6,Swkymg,2024-10-10 15:40:15
2e4e35ee-2e51-4fc3-b781-3267fa5d3516,Znfpivlrpb,2024-10-09 09:46:52
a854827d-da13-4afa-a3a5-4415047f9f0c,Yejcwihnxbzi,2024-10-17 21:45:58
c3b1bf18-5f86-4eab-8e55-b9d78ae95db0,Vydmiqklhjzlneq,2024-10-18 17:23:41
00d29985-c1df-46be-addf-caa70425d48e,Kciyhl,2024-10-08 17:36:48
ca95ab13-795e-4202-8317-1c888d220c8b,Ovthvpgwikpj,2024-10-14 10:19:24
7224e21c-2580-422f-9850-94da760c2772,Mwiablorifz,2024-10-10 20:47:32
6318e195-4c59-471d-80bc-81b03a49a56e,Sgzhtkulnh,2024-10-28 19:39:10
44b6a724-9995-4b36-bffa-bb73deb8f768,Zjxqttgw,2024-10-07 16:55:41
9c8fb776-ae75-4a8b-9e1d-cb41def8f534,Mkumqmjr,2024-10-05 00:17:48
e258b3a6-d1d6-46e7-b125-f124536de0a8,Bbgdaqjob,2024-10-12 02:41:44
f9a07913-ce5d-4550-b0de-22a6a873f71a,Mxdwlwvxpqtgnqw,2024-10-24 06:21:23
7d74ed21-919b-48e0-bdbf-6121d75072a3,Hhqpdfc,2024-10-05 16:30:57
423c25bb-82ae-4455-9736-a99383defe1d,Qeybugalhje,2024-10-19 02:30:21
70f51d49-54a2-4f28-bc15-17dd7621e614,Wewjoim,2024-10-28 08:15:42
974c4688-5a02-4a06-8f29-833665ebe90a,Amxoa,2024-10-08 23:06:04
092fa998-64ef-49d5-9570-9825b6b93a4e,Sflsiivrx,2024-10-11 01:03:10
24cb46dd-b123-4c44-bf02-d8da2767789e,Xiurlyiyflrkvvg,2024-10-26 10:42:12
9f440637-7827-41af-85ee-c880d792351f,Nspdcvlrkqv,2024-10-27 16:01:19
605b42e5-9c66-43e4-944d-15316d6bfcb1,Ldwlfcu,2024-10-12 15:08:10
bcf3fd97-9cfe-465b-9a04-92b23ca6ffce,Temglwbqihe,2024-10-25 10:58:52
4b9f2bb5-c222-41a2-bf1c-c1fb1cf2dedd,Pzlwqqzc,2024-10-11 21:02:30
ed04cf2c-5bba-4ea1-9570-4e13eadf0798,Ztpzewesmghigs,2024-10-17 14:32:16
00347eb5-e8e4-4d7d-bfd3-3875777e226a,Qvwxdgktraojejg,2024-10-15 15:33:42
a8be6f27-63ee-4637-ac60-746084ce3d0f,Joulp,2024-10-29 04:42:56
f451d56d-e8b9-471f-8e0c-91e513de0ab5,Qetvofmlknqbqg,2024-10-02 22:51:19
2c04323b-6d0d-4bc4-baa5-ecf1c4cb1bdd,Plhxuooget,2024-10-19 15:31:34
3774c91e-b83e-4db5-a699-2f514002d5b9,Hxmapsnlrwqvrz,2024-10-04 16:10:38
481681d3-b529-4a41-9db9-49f33c8094a7,Pkuljozsnwckgf,2024-10-05 13:52:15
1e45a374-1912-4486-be23-09fc4d073f5d,Scjjoaq,2024-10-13 18:35:11
982076c6-1c3c-41e7-a6dd-0450c09cc558,Khuireqtzmpdct,2024-10-27 03:07:24
87c9f630-15ea-4a5a-8f5d-7e6e37771bda,Ppsqhpaljmlcbps,2024-10-14 17:38:45
8e13eb17-f0c9-47c8-9a8a-0828a2d2989e,Cbywppow,2024-10-03 13:19:27
465659d4-6a1a-4175-afb6-26a19ffa5be2,Lnvlpm,2024-10-06 05:02:40
ce3ac0ba-3552-494b-9884-a12fcf65a373,Ehzzjczscycliex,2024-10-13 22:06:10
cf68bf30-04fa-46c6-bc86-2b4937394b6b,Hefhqizxtcwdw,2024-10-01 15:12:28
3731c40e-491d-4848-9fb7-0060d523972c,Fixntvtib,2024-10-19 17:17:22
2d87647c-179e-4959-b91d-165de9714a9d,Mdleponpwgiwig,2024-10-19 14:40:24
551bc379-cdde-4179-a655-9a5795989748,Jacbxbjnla,2024-10-12 02:39:56
09b4ba75-f1ec-4c49-9081-fb2d35cd00fa,Xrqoaodtqaouqt,2024-10-05 09:15:22
ae9512e3-46bc-4793-baab-404696affb97,Asnnlej,2024-10-21 18:08:44
3cb44a13-0b04-4402-ac8a-c4f23beeb784,Oxzagfkxaxebjam,2024-10-25 02:16:48
f4847046-6e62-4d94-9e08-36a11970d1a7,Cbthxrfekbwv,2024-10-16 15:18:22
66a98f9b-1d4b-4f11-a95c-482928e8b28d,Yxlhnxatgelm,2024-10-16 10:27:23
12d0f6e2-0116-4515-b518-368f5bc7b6a9,Wznkl,2024-10-12 17:28:56
ba1058f3-4c7b-47b7-8cef-bc9e7e4dc73b,Ameafsxghdism,2024-10-01 21:25:47
7c2df208-ccfa-41a7-be24-f5b9e969f877,Vmyjddqkkoiraas,2024-10-27 19:47:26
44c545e8-5b2b-49aa-bd1e-9c6d5a0839ed,Ocbzoxtya,2024-10-17 21:56:05
d5e0e555-3670-44ad-a9b7-55a515109601,Puugx,2024-10-02 09:24:13
4e6f63a0-56d0-4bd7-87c9-e4f19a8f4281,Mhabeqpdzmertil,2024-10-11 03:44:46
c43b774f-d2cf-4d15-bb2a-7ab4f4f23eb6,Qfbbuuodphs,2024-10-06 19:43:53
c3a20f0e-e495-4293-9f3a-1c54d6f99fb2,Axolwphwlqv,2024-10-03 16:30:19
7529ded5-ba9c-49d7-b6c6-986ac39ebc09,Qmzpzuxpinvcpc,2024-10-03 22:26:25
fa9661f6-1ca3-474a-b78a-c4cf5512075f,Lmkhc,2024-10-14 12:50:07
46c2ce2a-bea5-47ec-b63f-d1dd31c23635,Osjrwgzelfebyhh,2024-10-02 00:34:58
b7b38e72-21a2-4987-914b-971a6d7286d0,Igpyzswru,2024-10-24 05:08:16
3f341836-99ee-44d8-bb83-d1adf4b25a2a,Ooeatqyag,2024-10-22 15:53:46
f9d2c018-1ec1-4a7d-8662-26114144bb4e,Ipspkjwgpq,2024-10-26 09:39:56
f574d54d-e236-4387-a59a-06e68e5c9fce,Amcevhuncmeneug,2024-10-31 05:24:03
f9aeb0b9-0603-4de5-a91c-0c7bde0b719d,Ngraazreq,2024-10-28 06:18:38
9e4f481d-75be-425e-9869-68b3837d5771,Asgneze,2024-10-19 18:23:29
be7ca9db-153f-4c16-a5ba-9ed153d83196,Dhytr,2024-10-17 17:43:23
b87846d7-83ba-4d25-bb40-1d534c28aa37,Jcsctmqflmfnp,2024-10-19 08:36:20
f52a8b9a-7475-49ea-8e1b-a488d96469a4,Buaga,2024-10-10 22:53:47
c0fcfe60-749e-4446-a1ea-be115d294ab5,Rxigpwdmtwqnh,2024-10-20 19:06:01
b657d672-3e3f-4feb-afa9-e28beb73eb0a,Tvtcnmzftpq,2024-10-16 23:07:28
6b53c938-7d14-4eee-b8bb-5e9197c2e5a1,Aafjqw,2024-10-21 19:02:10
b5e8fc69-3ffd-4b99-9aa2-5fd9a25e3673,Alcssmnd,2024-10-28 11:07:52
0336c3c5-e055-4261-93ac-6805cce12d3c,Whbevkoasamzrv,2024-10-19 00:50:14
0082b84c-4dc6-4f5a-a841-51f46a2d8ec2,Jxjblgmdnxzykx,2024-10-17 23:33:30
c3529d51-e3a0-4428-9d39-4206097b078e,Vgistluhs,2024-10-16 16:28:08
dc75874e-b3c9-4a2a-98db-e3be1418eb4d,Ofehgrhbrsqornt,2024-10-27 02:44:57
fa262275-f09f-4454-afc9-d170b87f4ab0,Irlbkbslvwjbdk,2024-10-14 06:10:24
72d59165-737d-46c6-b7e2-21d80ed37edc,Cxxhqujivxipmkc,2024-10-18 22:51:35
62518c40-6d7d-498c-8c13-8385d1b29e50,Zohcnphousyzgnd,2024-10-30 02:54:31
445c8920-e39f-4eb6-a54d-9962d72d94a1,Bektryvcsmnki,2024-10-28 00:06:14
f026d7a8-413e-465d-931f-0459c65aaab0,Viosshlxa,2024-10-20 02:25:59
39673cc5-ac57-4312-b0a5-cc95b42a7ced,Nbwgh,2024-10-04 18:23:13
562b6b15-5143-4419-8517-0db3d376802c,Lsxymedjssc,2024-10-14 07:03:17
2e6f6d35-3672-492f-b9d9-51fca931080e,Pogdlggkv,2024-10-19 02:16:32
508ec7e9-838d-4a44-a177-70e5499bc1af,Dfgnxwta,2024-10-27 18:02:00
86538a7d-78a7-42ec-bc1c-5d9424476933,Exype,2024-10-11 06:27:46
621c0b00-bcf5-4a3c-8539-f660c77c1855,Oxhgqquaz,2024-10-30 19:39:37
637ab8c5-fa2c-4f8e-b8af-abeb43ebf344,Lcjgxdkevld,2024-10-29 20:48:54
07659bc1-1824-45df-8e36-8c7ea0ab30ba,Dovnfbssu,2024-10-26 12:41:12
49c6b349-de26-482c-86a4-204183cf4e2f,Rtnffuya,2024-10-22 00:40:10
19639ae0-6e39-4b7c-8377-0ed52c94679e,Ycktiv,2024-10-01 04:18:05
51238d89-1691-4957-bf03-d836cd98c226,Izoztznwtrcenh,2024-10-02 12:50:13
ffa214eb-0070-477a-b655-766a7ed39814,Hqgtfszmr,2024-10-12 15:33:26
02203170-d08c-4558-aa92-3d99c6ac4e8b,Ennvrozkyetcpw,2024-10-07 23:49:05
e4706f2a-f390-47ed-91c4-d7fba82906e1,Kpbqn,2024-10-05 20:29:53
e94fb0cc-0d73-4ac2-b5cc-92a43b901900,Dfxdoyjhm,2024-10-20 03:16:27
81b3f7ab-1918-4cbf-bd9c-8c3cf168da9c,Dmpockqkzce,2024-10-07 17:27:08
a4de22a0-9bf6-4518-8173-18a624e5d3bc,Nioyrwuap,2024-10-01 02:58:46
bd9949ec-3037-4f82-b05d-244f10e50c10,Kfewsi,2024-10-30 23:44:59
dccea945-1632-41ec-a976-2a662242e549,Wgokopz,2024-10-19 09:32:36
8b9b000c-66d0-4f06-b007-68b148cf53dd,Gwigm,2024-10-12 04:28:02
9d6298a5-783f-4638-ba61-a7ad6af02a35,Anfxxtje,2024-10-12 08:16:13
2f4cb64e-3af9-4445-93c4-2ad755c590fc,Tsfjvbzoeokdqbt,2024-10-07 11:31:06
c43d92cb-97b4-4737-ad9d-c5760b2be9e9,Gwpwqlsoigc,2024-10-21 07:16:43
1538a6f1-2291-45aa-b1ac-54d3f3679326,Sweic,2024-10-28 22:59:04
5912b1b0-4f3a-4ce5-a16e-5b5fbacefc4f,Alxbscnwsxyu,2024-10-06 18:16:08
29eed943-9631-42ab-a70e-728c57828e15,Rkhbwqggat,2024-10-28 16:09:51
e20b79fe-c30a-496b-b7bd-a2a271f337dd,Bkwqd,2024-10-15 20:19:24
c88d423c-dcbd-43e0-90af-2005ce0525c4,Mkkyvhxwdcq,2024-10-11 00:55:05
0084a7d7-dd18-49ce-b0cc-407e3a95c70e,Luaxnrdxqdhnccb,2024-10-13 13:35:44
65ee191a-cbfe-46a7-93b9-c588f1180b38,Dbxkfgl,2024-10-09 00:00:52
adeb7c15-635b-4248-bde4-4425a0568aab,Lqzabgjzczydqc,2024-10-19 21:56:59
480e42e4-b501-4ee7-9258-1abd833293e5,Xumwbdmc,2024-10-04 00:26:24
3edaad42-cf93-40ed-8af6-8f3a71999d06,Mxiflembcncv,2024-10-11 09:00:06
c7eda5e5-5952-43d6-a975-d323dc0d066b,Ebnibapqoocd,2024-10-19 09:45:10
fb53ac4c-2c06-4620-bd97-39a0a6e05fbd,Kliiaiixhkgsrmr,2024-10-20 15:20:08
7521b33b-9d02-4f57-ae17-b9b0c98f376d,Yndhejrwd,2024-10-14 15:00:37
7d2b80d6-7e90-4a0e-8432-ad073c59ced6,Tnwbsxks,2024-10-09 12:36:42
a92fd13a-2af6-43da-bfc8-57ee3a105beb,Rteseoigcxxuwlr,2024-10-01 13:08:24
6f098464-c8c2-4034-8ff4-6811b2326abd,Rhwyhg,2024-10-26 18:37:44
3262da1c-c10d-4c3f-bad8-2d38824de6e8,Dafqwwvjxiujw,2024-10-02 18:42:28
984d8cb5-711e-40fe-8e18-8cf16afe9539,Liomprnzib,2024-10-27 04:15:36
b4188af3-846d-4cab-b62b-9828a242211e,Alfmxrvxdkseixt,2024-10-20 20:36:13
7e638b06-6519-4531-8b02-f33a2aa2c271,Gptaxgs,2024-10-18 21:47:26
e91ee7e7-8302-4547-983b-573bf604ed63,Rqxtdzkigwzzbdk,2024-10-25 02:27:27
65c81fe2-0a73-409a-b0bb-3638dfc01c0c,Okjistqfcarwwg,2024-10-10 10:29:10
526a1e0a-285e-44ca-9edf-7cf36525dfd2,Gsxupkrtykm,2024-10-15 14:48:40
a6ba2f7d-efe8-4a34-904f-2c38a3d2d232,Ninua,2024-10-09 23:25:47
35b4c726-ce19-4fc7-8a4d-c0138fffe04c,Jyflyr,2024-10-24 17:45:17
18990e2c-3dbd-4d16-93f1-2956da7e1d93,Azresukrsa,2024-10-11 19:44:31
77eb25b6-bcf3-4498-9719-704f0acffcd2,Tavttwk,2024-10-14 06:05:35
842a504d-4f59-4a50-a175-8ab869d83a83,Yholbvmuyo,2024-10-03 10:24:08
f0749f8f-b65a-4d6e-8239-b7eaf80e1a8e,Pdqypxbq,2024-10-01 14:52:28
83ab519f-776a-44ab-baa7-63e4aabfe1df,Akjtzwohoehp,2024-10-19 19:27:29
66869b49-6da5-4541-9a27-0457daf6dc88,Unfgeda,2024-10-29 22:11:19
1a3b4091-dbf0-4860-8972-493746e56d25,Rikjbldtewbxh,2024-10-24 14:34:11
d6cb160c-226b-45c4-8a29-28db2cc9cc13,Eiybpmycmdylcp,2024-10-05 09:49:49
d0f12d2e-deca-4a74-a65f-3866a5359f2f,Ldram,2024-10-15 23:28:28
da48af32-f382-4414-b7f8-b9b8be663ba6,Txjgtzykqdqfqu,2024-10-16 09:44:01
24f3c2de-3540-4134-928f-efd549be0f63,Yyolbniyybqfz,2024-10-11 05:06:49
37323912-c53d-496c-a143-1cfe1864c703,Pewqfywtv,2024-10-29 17:11:02
eab5bf11-50d0-47a8-9163-bc67728a4598,Nmwzsymvbtnddc,2024-10-16 06:15:39
695cd4e7-0e8a-4434-a569-ed1487c0fd05,Cbqlgvhm,2024-10-21 14:48:43
3375e63a-e25f-4d0c-ae26-ad6c91fcfc31,Wlynevfvdt,2024-10-26 01:20:55
01b687af-6df2-4165-a778-4d301e2ff41d,Wbolxhzkphlz,2024-10-28 14:42:32
3453396e-51b8-4240-8227-d9423c971532,Yboosxdufskyn,2024-10-24 01:53:59
729eb008-24f8-43d0-ada7-1bb88480b230,Jecjuaumixjxxky,2024-10-31 13:41:16
998e488d-8e71-48aa-ba2a-a9641ec5a193,Zuwwj,2024-10-29 12:06:19
74b5fff4-5762-426d-8514-3bc6c04431e0,Ukygalvnhwbyutz,2024-10-22 06:29:15
0b739996-249a-442c-9eb1-089326c91921,Bgxnzesjvb,2024-10-10 09:40:58
7da77758-b707-403d-ba1a-d270794c8d80,Wlklsmxk,2024-10-17 02:55:24
666e40d7-9101-44be-8b89-3b4d3e9615a3,Zcohfdkyopeeayu,2024-10-08 23:51:56
b71ad323-7625-4752-9432-8c0ad58120ef,Biwic,2024-10-13 09:53:08
f3cb6136-02c7-451f-bf9e-1bd5ff38c1d1,Tiwpum,2024-10-27 16:24:14
c06edc86-2a72-4d43-b653-60a1f4f70f3b,Qsazugacd,2024-10-01 10:45:07
71132909-0745-466a-8628-047fc96d5418,Sqdggqiivyxxl,2024-10-30 17:50:14
54dba628-ceb0-49a8-ba9e-24b0892ee0d6,Tofhzt,2024-10-27 02:24:59
cd4046a2-182b-4e3c-8eab-7301aec04263,Phsrkzwlcc,2024-10-31 13:18:55
d5a0541e-44e1-49bf-872b-ef2a2672b54f,Sguzwjtorgxa,2024-10-04 15:14:46
8a33a4b2-e25c-4403-8377-4c8a4a6b9212,Bmcoh,2024-10-05 12:34:37
28efef12-51d0-420a-9d69-8b4ac2e6b3dc,Tynqexi,2024-10-01 11:59:23
8d219bb3-0fa2-4b67-90b6-10692e6b6e4b,Jurrsredeoqg,2024-10-03 23:54:10
4cf4cfce-0186-45e1-aed4-949897f636ab,Fycrmg,2024-10-05 02:14:11
099b8486-45de-4615-8abe-6521386e9f5c,Aqceqv,2024-10-31 10:14:28
f78467fd-3545-4779-86e6-8e6b31206ef4,Ubsprymtwxnqsj,2024-10-04 13:51:51
6e2d1e5b-8bdd-4f8a-96c8-4da48ea3a349,Irmgadcltq,2024-10-09 23:11:33
87ac5d1c-bb86-4c36-a932-1973ed15aec9,Ttzpnhmrpca,2024-10-30 19:49:36
e9aa4103-a774-4002-aa1e-dac6def0360c,Ljmfeejp,2024-10-21 14:56:37
4ac1ee9a-1620-415e-aad6-738b6c5d1268,Htltaxwsszlbp,2024-10-02 04:56:27
e6c2632f-19bc-4867-992d-a8a9e8567b6a,Ijdowebdrmeqrox,2024-10-10 00:03:41
d7bd386f-8c14-44b2-8947-4c4bea0bc6a7,Sizhfstuo,2024-10-04 21:17:15
c0c0928f-77c9-4d5e-a3e5-eaf43fe4977b,Brtjf,2024-10-03 09:19:29
5db89fc3-cd5c-4196-a587-1a8e8ceaa107,Pfnrbe,2024-10-24 12:30:26
75cd1948-90fc-4fe6-a27e-456a9931db7d,Cphyv,2024-10-27 08:45:39
1c1b0e1c-a0d7-4ad9-8582-eda0c5de04e5,Rwnetbnrj,2024-10-05 10:52:45
ae90362a-d4ed-418d-8b29-8b0d9219939d,Ghawatrugbcgf,2024-10-23 15:18:09
356da651-189b-450d-9380-e6204e47b7e4,Tejyufb,2024-10-05 21:33:43
c97c607f-2c94-4086-a363-7d1e9defbd27,Fvyhq,2024-10-22 08:37:27
88d234c2-a709-4105-9a39-9717d1233a70,Rxsgfvipotse,2024-10-05 19:04:26
da38b01b-9700-4643-b236-2538161c76de,Hmytz,2024-10-29 07:16:45
ffe5a701-3012-4f5a-83ca-673b4d1c350a,Hygwyanqfv,2024-10-19 05:06:39
7e1b7760-ecf6-4bb7-8810-5010b5c0acfb,Klyowlakbk,2024-10-24 11:12:43
2b0666a6-ffef-4c93-8e8f-10201f5ccbed,Qgsgie,2024-10-09 20:21:23
7b65c1fc-a244-49e5-b6d3-88ba3fe6beb5,Paoeohbdtrmexlc,2024-10-23 23:34:09
1cb40f80-5121-4b59-ad37-3d8258001a08,Adblkjp,2024-10-27 13:37:26
058befe4-69f4-47ff-9b1e-826155c43218,Jasxcscy,2024-10-08 06:19:25
5969e1b3-a517-4552-a2c2-e502fbe926a5,Auxjpk,2024-10-16 04:30:03
ac3d2677-5bea-4065-b2f1-d3d61e15bc0c,Awdkezzuk,2024-10-01 09:26:36
9456357b-d643-48a1-95a6-2311f16eb655,Moljmufgdfxh,2024-10-04 17:33:52
05272b73-39c4-4af5-bda2-f02e47029a94,Ukvsrauvrbeq,2024-10-02 16:28:50
a02e3258-aa5d-419d-9da5-1c03f7563de7,Evftuwpxghmfz,2024-10-28 10:44:29
f41c868b-4ca2-464e-8546-7fe49625725f,Jkxnfwutvfqebur,2024-10-23 20:05:41
0799b4f2-ceae-419e-9c3f-6ff920107991,Lexblcdhyrazmi,2024-10-28 10:19:12
4653b680-00ec-41f6-a6ca-f433a1cb0e5a,Rguzhzngsq,2024-10-09 02:56:30
02c99f3c-e189-4b01-8a3c-a1aa0a93b4c6,Mlbhixc,2024-10-29 03:59:44
543bb802-7be5-4446-a942-13159ee416eb,Hmjeeun,2024-10-30 17:59:18
a6fc995e-1af2-4983-b90b-7fbf29119627,Vctvuntlqenn,2024-10-26 06:46:26
7adea516-b8b4-4d75-ab24-887e75a288b4,Dlndh,2024-10-18 21:13:47
573bf394-cc65-402a-8eea-cc4ecf3e6dd4,Oiavgtgwcnsb,2024-10-26 23:54:29
626ae877-d8cd-4a76-ad22-bc34a2a617b0,Uqieqko,2024-10-27 23:15:29
5525bf5f-862d-4a44-bca9-4c6196cb826a,Jozvlsudgp,2024-10-21 09:24:54
a2569e08-9387-4fef-95cf-e44923b08ef2,Crkejn,2024-10-03 02:29:37
d3398687-e951-412c-8a4a-07175248cd5e,Wloliwkrcphiu,2024-10-20 04:16:32
7712617f-8fb6-4777-ae0b-ad84d68f2bcd,Ropqpablt,2024-10-19 08:04:45
4efe05f5-486b-47b7-bcc6-0db09e53d225,Efolio,2024-10-25 12:23:49
d1f955d6-4b37-4dde-af94-e8585a3398b8,Cwwsckiq,2024-10-13 21:21:44
7247e34d-330e-40ec-b4f9-4b430d9f1950,Ifnloihwn,2024-10-21 17:16:04
e8158918-be7c-40ec-8ac1-7cb5238021bf,Kibzulj,2024-10-09 16:58:18
63669d95-4473-4115-86c9-444fa88edc7a,Cdrtyabqppuz,2024-10-14 09:52:10
6fb2b489-d29c-4fe7-8141-948ebd1ee16b,Aezubu,2024-10-23 01:03:35
f93bcb56-5e0f-4017-93f7-20ffdef436c9,Ksmfccei,2024-10-25 14:10:46
ca511188-4dbf-4e68-9722-80bd53c4d500,Hhynbqelrkhznjj,2024-10-07 00:26:32
f8be0d59-4a14-42f9-bc84-afffd38fc43e,Viuplhx,2024-10-29 22:36:37
c407f9b3-e5b8-42d2-ad8c-948290ce8ef8,Kingwr,2024-10-12 11:18:04
bbb4e144-a251-457b-a2c5-eb1090297a2f,Pykajqe,2024-10-14 21:05:16
27592d61-1a94-4fda-bd77-2f88a2075649,Kkkymdyeakkm,2024-10-06 17:25:22
2856216f-d53b-4bfb-9da3-2a8b5c819c42,Ffvekk,2024-10-20 22:34:43
0d82f575-e631-4816-9336-1293739c3f47,Gcmobhzjtblnp,2024-10-08 14:01:41
ae012389-177b-460f-98f0-bd8178f758f7,Xzmqrhif,2024-10-20 17:15:13
6c18f7cf-b0e9-42f3-a39c-fb763a7c8086,Yqnqcummtbie,2024-10-22 08:49:16
d858ffeb-ff1f-474c-a98e-41bc62a00ff0,Ddicyb,2024-10-18 09:51:09
79fdc9af-b09a-4c29-9c0f-0c79716f4771,Cymvmtbeknnda,2024-10-26 07:52:14
ac4c527b-943f-442b-a92e-85f3759846aa,Hurrwvx,2024-10-18 20:02:52
e058e38d-deff-416f-ad5e-7c062cc7bbf1,Ydggft,2024-10-27 06:29:48
123d8d5e-7ff7-4e26-8da9-015fd8856486,Woyzqumtvgi,2024-10-19 16:12:17
40955018-5bae-4fe2-a803-48fd60ac4939,Ghznarefjzyiw,2024-10-22 02:19:02
e0481c71-b998-402a-aa82-c70b68e5da69,Anbmtvyrcdgeg,2024-10-13 05:26:40
083a553e-f468-48e0-97b6-bfe6e6523d07,Sxjzezomuvgb,2024-10-03 09:23:05
5de078be-fac7-4901-9145-0afaa0bea16d,Kgijgotwusuvlf,2024-10-08 04:59:22
5cb8a86a-1bc7-4603-a25f-d4f5f5a3bcc8,Qcrerhqx,2024-10-04 13:21:44
4a57061f-43cb-4497-879f-a6ef9a08e5d0,Gmwkzxcfeebz,2024-10-25 22:13:36
e16e65c6-76da-4ee3-b5fc-dabfe96f277e,Plbgawlxskuvdv,2024-10-11 03:21:30
b1bb2a9f-1ed3-4617-af3c-2d12d1e65561,Wgqtxwewsrsd,2024-10-19 03:32:18
cc44c062-fdfb-4837-8f36-ea10141c08e5,Mbcteb,2024-10-07 17:02:28
d01840aa-5685-4b45-ba99-7a2d5c644ad8,Gxcgasebotriwgo,2024-10-11 04:53:46
712a638f-8411-444a-a3a5-f15578879745,Inlgmaq,2024-10-26 14:47:03
4be640c5-9f59-4fe2-b0c5-358a131afe65,Bnzihmwf,2024-10-21 16:53:54
6d0e27f0-2f92-4a76-98ff-2d298e3bc1fb,Cbnoo,2024-10-11 20:52:25
dbcc7ad7-ae83-4b28-9cba-6e42ed3cf258,Zkyrpcn,2024-10-01 21:04:43
d9708297-72ff-4d80-ae15-11f0fb198342,Bsqczjdhfmn,2024-10-04 11:14:56
be31dc72-34f7-48ee-b87b-33fafefa728d,Keguid,2024-10-27 04:33:55
043f9b6a-dd24-494b-b03d-b5c466376563,Dyiklhxqypf,2024-10-12 08:44:01
91157690-ed71-4b5c-871d-04cc9cbeace6,Ispwyslp,2024-10-28 22:47:41
3c31112a-8263-4850-ba23-313174c75445,Whqolnjhlsjzg,2024-10-10 20:07:58
5a8644bc-6896-40cc-b89e-926f43f8cf70,Sbdkkzckzzwzpf,2024-10-13 05:28:18
af3e6dc1-2c2a-4f9d-81e6-359ebf62f03b,Ppychhxw,2024-10-01 20:19:35
e38a18f1-d54f-4189-83ae-04c8668578d9,Hnznzl,2024-10-23 00:55:46
127ddf20-6f15-46ff-ab36-64eab6256bb9,Yfhirubkoi,2024-10-25 14:29:49
852b28c4-14b7-468a-b3c8-9d832f097100,Mhbdttjp,2024-10-11 16:01:59
fc6830c6-5f4a-47aa-8566-ae9199d4d07e,Eybtei,2024-10-04 17:20:35
11636e52-3fbc-450f-8e23-bfe0e35a56d9,Snsvhlcvylhzl,2024-10-19 14:45:10
a3b4c632-eac8-40d9-a849-41787d71886d,Zsfskbt,2024-10-28 09:07:10
609d6dbd-86e3-4fbd-9580-ff63b0a68cb5,Tyvoy,2024-10-04 05:07:55
66b37f83-cb68-4fb8-a53a-b343fbb97380,Mmzrfi,2024-10-18 13:03:57
32348388-b320-4998-9fb7-28fecf810f0e,Qzzld,2024-10-18 05:05:34
a12b3ecd-8486-4e3c-ba48-67a59cabd80c,Gqnxsoefuj,2024-10-25 05:14:32
b9b4d349-d0ae-41a9-889c-9195f42cf4ee,Blbplyodwtwod,2024-10-29 07:08:39
3831af38-6ff7-4ef3-8cd2-b0c82a2a126a,Uddyt,2024-10-01 21:23:28
37484204-554a-40de-b927-8d0052510e45,Enwmaziqfrdi,2024-10-04 23:09:48
d4e0056e-3ec2-4541-9d3e-591623762f32,Kxntwvdtm,2024-10-28 16:37:31
2ba3169f-5624-4da8-817a-09a391e6fbad,Oavzwyyshug,2024-10-04 19:14:39
67a780f6-54b0-43ae-bdda-f71efcb24b8c,Pazvqrfle,2024-10-31 23:49:13
075b12a3-7753-40b1-9bd0-d53f2a88ad63,Vexyctjgerimy,2024-10-03 21:00:29
531fb090-77f0-4644-aa59-d2b05e04d4c9,Venbhuodybxb,2024-10-02 22:01:40
57f25703-a460-4263-b54f-09dc82869486,Vupziwwtqil,2024-10-02 06:32:56
c44b27d9-5d81-43ba-99a1-d7e26f79f048,Cigmyscdxbywhm,2024-10-28 21:35:04
6414bd3b-4d56-4d72-abd4-7eceb9a2b70f,Mbowqji,2024-10-29 13:22:21
e3a3252a-96a8-4b3c-9e6d-1d69e3a6d440,Rgnsx,2024-10-06 03:33:17
5aa500b7-917e-483b-a12a-4a14fb12d1ea,Mrcwipx,2024-10-25 10:28:37
75129117-9e8d-429a-b112-8183f9ef28f5,Vgzlodsayxef,2024-10-05 13:25:07
b952259c-0993-4edf-823c-92501a5d2b23,Pdumemqjnml,2024-10-10 03:37:06
1f1b850f-a72e-441b-a071-3dcaa6eabd22,Fyffmwchdmananf,2024-10-21 08:09:26
3edd89a7-405c-4c35-8871-8166a557baf8,Zutjiz,2024-10-19 17:16:58
76c68638-8be7-4cbd-9513-43b11b025d82,Vyrud,2024-10-10 03:02:12
dbc75991-13c3-4ce3-a678-a31976a1b9ad,Unyzivat,2024-10-07 08:31:43
e5b8d0ed-42f0-4bb3-b032-345465d3ab1b,Syrbbjizxm,2024-10-23 21:47:05
dfef7398-38ff-47e8-bf5e-d60201044b24,Etvuize,2024-10-06 02:35:33
b488ef67-3466-41e8-8632-6f91bc2982ae,Cbemgrdapglg,2024-10-19 07:29:06
8215d237-6bf0-44bc-bec0-870f608e0c15,Ssyxckzfbjmy,2024-10-04 00:53:39
24eaae6e-c229-417f-82b8-cf39d7e96bfc,Ufgguczlngtoa,2024-10-29 02:33:11
b2119718-3173-4c9d-8d85-7eee6613f8b2,Hqlolnqr,2024-10-28 07:47:49
2a13af53-d762-4347-859c-5181e9db20ed,Ujxaszaadgxw,2024-10-31 05:09:56
877d1c48-89a3-41f7-9290-23b76a33afdf,Kvjivc,2024-10-28 11:42:05
2fed86bf-c21b-44e2-9652-3bd1e0881d33,Upzibtinhnju,2024-10-31 08:15:38
c6842e29-19ec-4ac9-9b54-d60b15d4a9af,Ihetxecwsdd,2024-10-24 17:03:47
bf67c456-0860-48ff-9360-f6a4cf24090c,Wmxmpt,2024-10-31 19:34:32
a3379177-bd1c-4127-adf0-9f67d1ec270d,Nvmupvxvxso,2024-10-30 21:44:47
07a4cf5c-3995-4c45-8388-9d5f327570ff,Tdifhpwhzpwxy,2024-10-11 09:28:33
dedd4af3-154c-4bbc-9f2d-7837f46aa2fc,Kokjdpyocbireb,2024-10-19 11:12:22
da72b6a7-a0ab-4294-9e27-c57e733c5a35,Zupnomupnksde,2024-10-03 06:08:21
63554bf0-32a3-4366-954c-be085b6a98c4,Lyxqlzdnbpsp,2024-10-30 06:49:14
d25c1e98-5552-43d4-a576-6c7a94d9838f,Zanccdwkc,2024-10-15 22:02:21
fa0d8ab0-7557-4144-b4d1-f5772a111bc6,Hsmlvhpmbamdi,2024-10-02 12:12:30
57824543-cabd-409b-91fe-1994d54fd0ae,Qguuuttxzbxqsol,2024-10-14 05:06:12
9718f882-385d-4a07-afa6-58da631a8353,Lwsevi,2024-10-09 01:47:01
9f179c15-949a-4be7-a4cd-a98dbe3711bd,Rzyknhsmlf,2024-10-27 07:27:29
8481813c-24db-4690-b8cd-6e2bee66215f,Txqstmskxvw,2024-10-29 01:18:39
7b2e49f9-7e88-4640-9f6c-2ddd07d70224,Sldig,2024-10-15 15:11:02
5dba3ab6-7a6e-46ae-80f6-651420e9675d,Qwlic,2024-10-21 07:34:31
e2d69810-e65c-4300-ac08-3105b0a11900,Izfwf,2024-10-17 11:04:22
29dac999-e3b4-4bd3-8454-e97c2cbe0ef9,Ohogfauhz,2024-10-03 16:25:27
6d464353-7edf-4252-8f62-3566641de599,Wipennnuf,2024-10-12 20:17:42
fdb6217e-6694-4961-9cce-95b8bdf9bd7c,Fwiibzjardtf,2024-10-12 04:59:52
4fb49f8a-25e0-42d4-84b0-5e595fdc8569,Zrzjsz,2024-10-28 18:58:34
26e67c86-704e-44e9-a3a5-871a8fbcda59,Vnouviqhkuifu,2024-10-06 04:15:35
506f93ed-ddf5-412f-8908-a7fe70c6803b,Gighfmlls,2024-10-05 01:03:37
12d9b590-99e4-4313-86d4-1a9f60e8fbad,Umlhubegxv,2024-10-12 10:22:43
e32d9a3e-5d31-4d47-bbb6-b39348607e12,Spexjltcpb,2024-10-24 17:58:05
83fe6c8f-a74a-4d56-b899-ff22f49dfad1,Kbloqcvgnxr,2024-10-16 19:11:10
7ef52036-3f0b-4ec7-a942-db5387575dac,Dvgzjnlldxdxtj,2024-10-18 12:26:50
44c085ca-397b-482a-923c-ab16c7242f32,Euhtrypy,2024-10-21 10:56:50
4b8a4616-de65-44f6-bcff-c9d0dd104aa5,Nzrhh,2024-10-03 10:57:35
e50d7316-fad7-4ed7-905a-948adcedfa50,Atlkahtwyyr,2024-10-02 10:26:29
63b45e31-17f5-47c1-b063-6cf759ce03b5,Olgahibygdlx,2024-10-07 01:43:07
0e867dcc-70e6-4800-82f7-3eeb8ae4a51b,Tcsswebmrzp,2024-10-04 12:28:01
a8237148-e86a-41c8-89ee-8e9983d0f478,Oastwogtowh,2024-10-06 17:50:55
ce07d04d-66fc-4f59-a955-b6574f4a6a5d,Lnbfccizshxttt,2024-10-17 23:08:23
e4d876c3-9ec4-41ab-bc5b-77ae20d92e80,Ntkpfailex,2024-10-03 14:56:06
2a4fe2e0-6ad1-46e9-a7d7-8aadd43d82ad,Aripj,2024-10-23 02:49:03
8f67e8bd-d70c-4727-9744-608f9b28942b,Ouybrpbpxipzs,2024-10-27 08:43:29
926a59e8-d76e-437f-b5c6-65b2c6312e74,Ypcfnuwwf,2024-10-21 12:37:37
569e2be6-f4e3-4ddc-bc39-49000533ec57,Laundoihe,2024-10-28 22:54:02
87c56609-aeed-404c-9f09-f67016d08b3b,Mdsqyfzoeowz,2024-10-04 05:45:15
8b20751c-815e-4dc1-bdad-269b92b10d63,Jagoo,2024-10-27 22:57:06
616b734a-9a60-4e67-bbd2-64968c62d667,Aznttnrvzabjt,2024-10-14 11:22:58
3b37ce5a-1a60-4761-ab8d-20e6bf1ccce6,Fispzq,2024-10-02 14:56:06
789da219-0fd1-4608-bdcb-0c7cbbacf9c6,Buzgnjcitmugfr,2024-10-23 04:01:07
de63a44b-de95-4c4b-87d5-996ea1ae666d,Ajhqmqyumwrqqc,2024-10-21 16:26:27
bb960b82-6ce7-43af-bdad-7a574c0836b6,Bpxrehbcdtqolk,2024-10-22 05:28:36
5042d12d-c78e-47f5-acb0-40f3df11fa9a,Iwkgowjvryj,2024-10-18 13:15:16
78f68fa1-a0c2-4d16-9b30-28b449da5d9b,Isrytadkrog,2024-10-29 12:31:24
dd36e63b-2c8c-4ce0-8cd0-5c1e532e7fee,Qtollkvwmo,2024-10-13 19:30:34
5deeb7bf-e6c3-4027-be8e-00a432b0bdc2,Iyvqqhbq,2024-10-16 09:41:20
774d8026-b99e-41fe-a4ae-683c2f081baa,Sfxhenkcru,2024-10-29 00:08:08
2ec6835f-544c-4ee7-a85b-e56de9ec2769,Dimgdzloqiczk,2024-10-14 08:19:49
720f1307-8d8a-42fb-b64d-b2e4f863e3aa,Zcgyyjse,2024-10-08 18:38:34
c7559f0b-57a7-4ba9-bed7-fc86c5b9d9e9,Bseuwpliuubq,2024-10-06 23:25:21
5c6ae263-e691-4076-af4e-50d06b6b7dd0,Pjhjcoptjjk,2024-10-19 13:32:58
8a6a0c33-c7d2-460e-aa2b-c7918a72fe94,Acduagck,2024-10-08 19:46:37
19c8931c-c310-4746-ae42-aa944d496394,Wmstageashb,2024-10-25 09:56:49
c510bc76-0ec2-40af-bce3-c62934c35214,Tgwzpfiiqopoilo,2024-10-06 22:31:54
d5a184fe-8a0c-4ffa-ab41-302670ee6986,Qzudydiylaub,2024-10-31 01:21:47
3f0412ed-82d9-4f4e-9416-259b5e1b9f0b,Yavvgvabptwxyw,2024-10-10 04:42:03
5b7f3490-fb64-4415-8348-eb12f7e91b1c,Dpnrpuobzy,2024-10-06 06:05:19
82984282-ab5f-4d75-bb06-6b986c3ffdd8,Xwddtbanaag,2024-10-06 04:17:53
77ae7936-b3b7-47ce-aa4f-ad7be67ae8da,Xjybgibojzckmi,2024-10-04 21:32:02
f3868efd-b28f-4a13-b38b-3538148a6f22,Itabjzriko,2024-10-01 01:36:06
21f7ad25-aee0-4fef-a3c3-ab5af0cdc9c6,Hhkiip,2024-10-16 21:42:36
8d93dad7-95ce-4671-90eb-db4ac9169d94,Mofudsgx,2024-10-18 01:15:05
48d6e6f5-4176-4721-8976-95fda9c89f0c,Tkvqcc,2024-10-01 02:38:13
03d0f3bf-3450-44f7-a2a6-25d5ae5f54e8,Tolovynrcep,2024-10-27 01:20:15
cd17dd5b-7b91-4e54-bf26-45e50cd56005,Atctlznfurr,2024-10-29 19:02:23
e24b293b-335c-42cf-8b66-a12f6720fa1e,Idmscsascxhevhg,2024-10-11 02:16:24
9f444faf-5221-4b8d-a79a-17379fea968a,Ntjygxe,2024-10-29 01:06:26
0b75839d-3193-4373-bddf-800e7d8641d2,Zelsototsjq,2024-10-25 07:02:41
5a14078d-d2db-4589-be84-4e4618c3e426,Dpuoeou,2024-10-11 21:49:45
2015ec9f-6c70-4088-8511-771fd4283f01,Mwoamr,2024-10-06 13:43:59
9cd40e47-77e2-4e00-b922-6f26c7072045,Wuwrqxytswsoqks,2024-10-04 19:19:30
63e029aa-a706-412c-ae69-ce4a731ef7e1,Rbbskaafm,2024-10-21 20:23:58
f1d0c5f8-5bb7-4111-b902-f79d2921d61a,Fbgjndxolx,2024-10-31 08:57:33
495b13d3-f3d7-44b9-864f-411a587544ac,Gyshubehpxwds,2024-10-27 02:46:47
1086579b-0a7b-4171-a745-8178658a72be,Monjkrknszf,2024-10-27 08:31:13
d8c9e5aa-c770-46be-9330-a570d485c8bd,Ayitjnblyljb,2024-10-25 07:24:02
057b3bb8-2a64-4e63-9954-f2b0c3acca5c,Efcee,2024-10-31 13:55:39
840608f1-c3fd-487f-9416-03a08db1ea1d,Roocifj,2024-10-11 18:00:24
4820c904-6d13-4741-bffa-c44aadaceae1,Zatsulpopbsqk,2024-10-21 13:57:00
4c52de49-9d4b-4027-9cd1-92320844b66b,Ruuxtpdxlgt,2024-10-18 21:37:53
0bbd69c6-f778-4d60-9830-f48d5b22bf09,Woblq,2024-10-30 02:12:36
b8752604-3007-4b6a-b9f2-cc45a82696d7,Mewhbarecdxo,2024-10-24 09:54:15
5151c1f8-d472-44e6-a456-4ec40167a629,Rrutvslbiqhp,2024-10-31 02:35:39
8e8a2117-8a28-4347-bbbe-cf4a141326ad,Rycbcqrc,2024-10-13 14:30:00
966aad22-9aa5-49e3-85ab-14f7dd72b269,Ibvbspejk,2024-10-06 23:29:21
16c63a21-825f-4b5f-9b3e-df6c85401b05,Bgjghppro,2024-10-13 06:20:54
63830893-67cb-4fdd-ba88-ef200ed73215,Zucnipbs,2024-10-08 14:15:27
5e59645d-aa20-4f62-8ba7-e3fab835a103,Xndzdpnj,2024-10-27 23:11:46
ea808d9b-21be-4e41-a68e-a314e4a298f2,Xopqbisqmbpa,2024-10-29 06:32:17
e0a384c4-f3df-4a65-942f-9fb0518f2154,Biozd,2024-10-01 12:22:59
f1fd25ea-71d5-470a-b410-e1b0380551ba,Erjsoi,2024-10-25 18:58:52
030b6e10-8ead-498b-aba6-ac997fbc1891,Femnu,2024-10-23 15:48:39
b1676d1a-3238-46fd-85f1-ee6b0210a845,Ofmmfwkykajde,2024-10-14 20:09:24
21510542-bf2d-4485-bb33-10a95ba6562f,Zisneiddtvmtnci,2024-10-23 17:42:14
38a7dbab-39ab-4165-8c6d-01b2885c76c8,Zvamxhbfzxiciwl,2024-10-23 09:49:55
5062cd7f-6955-4090-bc53-7e20bc69a42d,Ivqhiozelbbkako,2024-10-08 03:47:11
259d393f-a641-4479-83a2-9c338f4502ce,Skfamxbmiok,2024-10-17 20:16:45
c928d88c-72a7-4189-89c8-86ab71556ecb,Xvbhcgzbcdftwd,2024-10-25 13:34:38
421ad660-43c5-4a50-aaed-4d7590fec4a8,Udvihctyuahjoft,2024-10-01 08:08:05
5d9a7f52-22bd-4642-9670-0d67db0c9af2,Mkipg,2024-10-18 20:44:40
0c746d8f-0712-4a42-8ff6-e83201ed07a8,Lkrfwhhwujqrgq,2024-10-01 05:25:25
2d320918-86e5-4c46-b8f1-72f7cfc9225a,Uuyfqaoa,2024-10-29 19:02:31
3e6a8866-ae76-4bc9-b939-1dd1fda11ba8,Iwzvzzm,2024-10-05 08:52:59
cebf64a3-6797-401e-90ab-0c6eca02123a,Vwxtej,2024-10-22 12:16:47
6b1e75a5-104e-4415-99d4-39c8147b7f76,Ggndmwv,2024-10-22 23:14:15
0d855bf2-481b-48d1-877f-9916f342f67a,Mvwgaed,2024-10-20 02:43:40
fd97a356-0104-4a35-a7f0-946f74bb3de6,Ydlyu,2024-10-24 05:57:00
f25846e8-b6f4-4e5a-91c8-d072992526bc,Fhldubuejcewsn,2024-10-21 12:37:36
627b49eb-8023-43d1-8250-623a9d273b8a,Wyjmap,2024-10-30 01:42:26
6222fe23-d7c5-497d-bf2c-b0e7e95be9fa,Lfeiklvjkthgvoi,2024-10-22 17:06:52
54cc4a19-5e74-4e96-b8f4-02d9029ceb3a,Yhvqxchv,2024-10-20 04:13:11
84918a7e-6814-4aef-ab85-c1460898a369,Fvatwdw,2024-10-12 10:03:41
00894cd8-7649-4577-9bc1-9dfcdffa5e86,Naavuhmnqkk,2024-10-10 18:24:08
c9e5f148-3788-4fb9-bb96-1e46b3ed6e13,Chjlburuwkzmpxg,2024-10-25 06:01:37
fb396be0-c81a-4eaa-b39f-f5c9091c5848,Phjqaamvplr,2024-10-18 12:02:54
a064fc4c-1da1-4bc3-9b4b-1c8556244d04,Gryqwgqfrqcsyq,2024-10-27 05:51:30
7f510443-5675-4f3f-a944-9825a8caa529,Mozfhtkuyhvujzz,2024-10-06 16:12:45
abf21f97-d776-48bf-aea7-b3345f5a2a55,Uwznluosiebdf,2024-10-01 20:13:21
8ed31977-f46e-478c-ace0-474836c478ee,Lheihlsdrzkdppm,2024-10-16 00:57:28
128b0153-d6ce-4879-bfeb-dc4947fa0daf,Rnqnpmfwtwup,2024-10-19 01:14:25
538e99d4-3224-4e49-acce-10f46a369f25,Kbopmf,2024-10-23 05:01:47
9d4c6c8a-e852-4128-b282-5bf87179ec97,Ibeusedwkame,2024-10-19 08:47:39
d2f0b2ea-38f9-4286-b244-5a7e1b23118b,Lbbejrfa,2024-10-29 02:49:22
ad6aff34-fe1e-48f2-952e-ff5f12bceb07,Poebbekblny,2024-10-17 11:18:55
77b89d4d-aa0c-4da6-ac9d-4c92ccf2b56f,Ivjkbaf,2024-10-28 13:31:27
b9d66fa2-0f50-484e-9bb0-5596af71956b,Ucxguhajbhktqhe,2024-10-05 17:39:33
11bbd81b-d011-48fe-bcb1-a5b8a4c9b802,Vhulxwtvzfx,2024-10-08 14:22:35
199c8881-e751-4b0f-b9c0-bae12dbf21e0,Ieaauowmrwerc,2024-10-06 23:00:39
e8f808da-13dc-4f84-a6e7-0f63dda8416d,Ubuxcc,2024-10-15 02:11:52
56ffd230-f330-471b-b908-8fa1414a69c5,Vpkiuo,2024-10-27 16:17:11
9a6fa588-ce10-4c6e-97a7-86e03749c93e,Xxkdcn,2024-10-02 22:52:39
0a4e5b21-5846-4092-8268-f0e4c2e4cbeb,Pwneayxjafgvvf,2024-10-20 23:24:51
ebd21e84-6499-43dc-ae86-57a12a5b593b,Ketvz,2024-10-22 08:25:09
2cca981f-75e5-4567-a1a5-128f4a7979c1,Ozxejambt,2024-10-17 18:54:06
1ed7841e-8be1-4230-a266-30bcf15ecb6e,Dxygpfsyqim,2024-10-11 12:03:23
7bb424e8-4491-4695-8ba3-212480927138,Tslksrfdxclwrh,2024-10-13 16:36:40
252ca87f-6367-4811-91ce-b3c7543047a8,Hzakjakhchvsn,2024-10-09 10:07:22
a75edaa5-06d2-431c-ba67-bb90ab1a521a,Ymbyigcy,2024-10-12 03:59:28
ceab52f2-0000-4093-9977-58e6f5088062,Ihdzby,2024-10-14 23:51:43
50301a7d-45ae-4c78-aade-7e5fe780359c,Leflinhcvz,2024-10-15 03:19:57
34cd0ccc-b7d9-43c9-8f1a-641b7dfe304e,Mibvputcoqvn,2024-10-18 06:45:51
2cf1b62a-f2f6-46dd-b493-abf46252b16d,Amlwjpaugnm,2024-10-25 04:01:54
72083a98-5717-4e6f-ac64-313700292c50,Epytbx,2024-10-07 20:57:03
6e0cdd17-a964-436a-b25d-8dc35db9d386,Qxwyrrufrcot,2024-10-15 09:05:35
14fbdc42-5f7f-4ef3-83a6-cc89f0155558,Ncpmjznlbzec,2024-10-31 21:29:57
aff999b2-b1d6-4e07-8c05-6b4a466c3039,Sqvrvbyfkfvfng,2024-10-15 05:14:42
373a7b3b-2815-46e6-b1a4-b0f2109fdc5d,Gmilutaujborfjq,2024-10-13 13:30:05
6fd4c310-51ae-4bb5-8010-14a3888e652a,Fsveoypz,2024-10-18 20:46:28
5f857b6f-de0e-4e95-9a2b-c976f3ec092f,Attnovxguei,2024-10-09 19:34:07
768a9ab6-1bc8-4e3a-b960-92d023b78d3b,Aephvdlaaremk,2024-10-31 12:53:41
b5c2399f-f4cc-4160-ab9f-3e0aa80abef0,Jyzrdhpcjifbem,2024-10-14 11:48:41
3d8dbb9e-8766-4c3e-be93-7127b0ff6041,Kxjpn,2024-10-22 17:03:09
f2a332b1-ee3b-4ba5-9111-0c8178a4cfbc,Vmpfzlf,2024-10-07 04:25:02
f682cd1e-dd80-4ddf-a89d-a163631852d5,Pomiflzkejwlds,2024-10-10 04:16:03
149a8d1d-dc59-4fbc-914a-f10c2ec72eae,Toopvxzct,2024-10-08 22:22:50
34ea68a1-ccbb-49ab-8392-d035e5affe17,Livhjyzzs,2024-10-25 16:00:33
3235e497-d999-4e47-8cc4-bcfab453375a,Inimjrntrxv,2024-10-14 15:13:18
0c9d7162-9092-40e5-a557-35b9294da030,Zwhptodgw,2024-10-22 23:12:13
1f1e2af7-4638-40f0-8b4c-6eaaf39a57b9,Wihvu,2024-10-31 07:15:37
6fbe8f22-92de-4d85-9f62-bfde35283197,Wdtgpk,2024-10-16 19:27:34
a070de5d-506d-4fbe-972e-29bc1c183eee,Bxauk,2024-10-13 04:32:54
ab8c47c7-74bd-4722-977e-a5d233206f9f,Zwyaknnu,2024-10-25 13:06:39
9350d00c-b4cc-458b-884f-cde1a513a006,Konoidfu,2024-10-19 18:11:14
561a6644-3bd7-40c9-bef4-8ccc6586e053,Zpssfnjlnwjvsg,2024-10-11 15:02:33
e1e1f96d-924e-46f6-b4f6-4cef7690e99e,Vgktegxpbud,2024-10-28 22:29:58
de3a83cd-8afc-45d1-89c7-b9474fc318e5,Ohwjasi,2024-10-24 22:46:35
3d30f570-4d33-4718-a3ee-f5e57757f6a7,Aikpluqekn,2024-10-02 17:24:06
cdabeeb5-1518-4614-9962-f9c4f858ca28,Oyenp,2024-10-16 11:55:57
32061068-85f8-4e97-9258-fa5f936524b2,Zfuxmargskijmo,2024-10-15 02:46:41
8fad6fa8-b225-4e8d-a624-d12e3b537ba7,Ozmccq,2024-10-15 07:57:07
ebd0f202-7b6a-423d-a601-e660cfde6c5f,Xtotjj,2024-10-11 12:43:13
94f31426-cb11-41c9-9f47-d3f90d277991,Dbizgcj,2024-10-27 10:08:10
2d1fc87a-d144-4806-af8f-59c9767c3578,Qctmwwq,2024-10-10 21:22:56
5e87b469-94f0-41f1-a55e-d8f2c2fded08,Aodhseeqrpfiv,2024-10-03 21:17:18
e4fcdd1d-e7b5-4b2a-afe7-db207835d85a,Jloijab,2024-10-16 22:17:50
8d82de6b-84db-4687-965b-900ca8cfacb0,Druyy,2024-10-10 05:06:49
7acd0486-7162-4dbe-a2b4-004c85eb0b65,Txqguji,2024-10-14 03:27:56
4e47b069-2057-4fe3-941b-3e52ecec6751,Mounbh,2024-10-02 23:06:06
ad5de29b-4028-46f1-9ddb-f3c4701b72a2,Aqtpvc,2024-10-07 09:03:36
82affa66-9c81-4027-a51d-ac642268b07a,Acwuzwkjpxcm,2024-10-20 04:59:45
200c74a7-1998-42b2-99a2-c592d5300227,Kkehlzrvlxvn,2024-10-18 08:51:46
70505c11-be3c-4b37-a080-74e8ca578a4f,Seaedaaseph,2024-10-31 21:11:34
80672a2f-bd25-4f74-9152-b5e862e34d18,Vrmpejes,2024-10-03 16:28:11
6a9357bf-7f13-4e6b-b95a-b866fe55f969,Sgsjxk,2024-10-05 04:57:02
166cc17f-73dc-4dfe-b2a3-aca70f736ac5,Klclhdhhhee,2024-10-15 04:45:02
f1ebdca0-8496-4018-ab54-e4392730db97,Irifjmrsrnhwxx,2024-10-23 03:28:10
8f09027d-a887-4591-bbfc-282725d9a9be,Kiuavhbmvdkdkez,2024-10-09 10:02:01
a404b90c-2e3c-4490-965a-b0a06ed63057,Xjhtxedpholyq,2024-10-12 16:50:44
c2bea5c3-1be3-48ad-8e01-fe72ed90ca62,Ibqcqoihdwx,2024-10-20 13:49:30
c6b42e44-171a-43be-9bfc-786d666d7801,Vzpyztqzuznw,2024-10-06 12:40:14
0d16fc77-a70d-49a0-b19d-f35902b2fefb,Hebutvcznj,2024-10-19 03:57:28
6b42cbd2-f4f3-417a-bb6a-413704656606,Seqvio,2024-10-28 01:24:51
bbb47f7c-6ed2-40f2-980b-33b4366aa038,Eyual,2024-10-29 06:01:02
4527bae5-988f-408b-9bd8-5d8926e5e7e6,Cqiysupfttfdw,2024-10-02 18:49:32
f79bab69-1516-4f5e-a354-4a592cba070a,Knbdxvnwk,2024-10-13 05:34:59
08886370-af5a-4fde-9895-9857c6560e52,Xtzaukktcgru,2024-10-21 20:49:28
7b6df669-e237-47d1-8047-64c0a338cdff,Ajdwnrm,2024-10-29 07:13:27
e68e4ee3-2b19-49fa-a2ac-3379097d4f72,Wbwoqa,2024-10-10 06:30:37
53ff6c58-85c3-4239-a174-76a32ce78060,Tnfkqfjq,2024-10-02 05:40:30
e06a3515-78ec-4f58-ac01-568c13752b2d,Oycnliarzdkykcu,2024-10-19 22:59:28
789b0fef-37e7-4c68-92b7-5d1386dbb6e6,Xldofdhorx,2024-10-20 15:58:28
631f8683-ab5d-4f43-807c-814585d3c965,Lytyedhdxbsgn,2024-10-28 12:30:03
e03a1496-9397-4d1f-b0de-0297531be759,Qjlnhqxyi,2024-10-27 06:31:08
e2c55ecb-17ca-47d8-aeb3-67552e498017,Mzhqpvwd,2024-10-31 11:01:38
d52aaa61-dde7-45b9-a2eb-69e2269f4bac,Xwipo,2024-10-24 16:18:08
24cb565b-3440-4875-9874-ccc84ccb0ee7,Hlwwrvomu,2024-10-22 00:24:29
f2cd7134-12ac-4387-af68-0ece25b1bcc3,Sbxrd,2024-10-09 02:13:48
4fc09969-3221-4254-a4d5-a20bd53f3a1a,Oxvebhny,2024-10-25 12:15:10
c403d241-c6d4-44c3-bd9b-55762271181a,Vpkoxajigrrx,2024-10-22 10:32:43
d15795a8-5f16-42bd-a432-d2e15c0e0265,Zcxdqugmpnyjir,2024-10-10 12:34:48
0b001cd6-9534-4133-af3e-1c2459e03292,Wiweeiyedtyv,2024-10-24 00:16:33
d2988510-5a14-4cbd-9a91-a49350a4b18b,Fttxrraybzjs,2024-10-22 05:57:37
42902100-b732-4dd6-9712-f67803d898c8,Mjemapnmjn,2024-10-16 06:15:35
c3afe858-b896-47ad-b079-40960b91f7e9,Enbfimpchwa,2024-10-09 23:45:52
5aa70dac-0e41-4c07-8cae-c1c0a3892c87,Vypeqw,2024-10-25 09:50:47
a5615bdd-be53-47c2-aefc-75efdcc10042,Qyxlzdrdcf,2024-10-14 22:36:01
bf989fe7-d77f-4c50-9cdd-52d7a3b95a5d,Hutnhzmelkhtmg,2024-10-13 21:09:50
a3b6bed7-d07f-4f2c-9b2d-d15c06fdcb0c,Vrfhhctuwd,2024-10-02 09:15:23
8d925d1b-23a7-43d7-8279-2a42cf9f8fd3,Mntov,2024-10-10 12:50:17
923f4cfb-022d-4db6-9d30-a7cbc08b24f1,Qvdtr,2024-10-14 05:21:04
109b9194-f412-44bf-9f13-231de5cf4307,Viqshvvxd,2024-10-26 02:14:59
b642dec1-8917-49ea-98c6-690864ef7877,Nfskdqwgcuoqcge,2024-10-26 06:00:03
45db99b2-0880-44a3-8e6c-c897800fbfe5,Mtbxil,2024-10-18 19:06:31
a65aec84-a23e-479c-bdb5-c4c80d9539c7,Sppeflzs,2024-10-21 10:27:24
b8216b52-a352-4980-bb12-59672e351777,Fmelaaxucobqjln,2024-10-08 20:14:09
da47b7e0-bd2b-4d03-ae3b-38b9639628f4,Unmjaowa,2024-10-20 07:24:31
518121ca-33b6-4e1c-950e-b03bbb9a820f,Tckvpaygosvku,2024-10-21 11:52:10
6b6f528c-9e9e-4878-a094-bb06aaad2642,Vtdvgslycfgbgw,2024-10-04 10:19:50
87e2a961-19a0-4c72-a574-a8c5dd964c2a,Ckpvyaxinj,2024-10-04 12:24:07
dd5d3a5b-98b4-45e7-a611-1c1ca4822f16,Dyacp,2024-10-20 07:39:07
c17ddc48-5d3f-42f8-ba9c-7c61fccccc8e,Nenhdippsnm,2024-10-23 14:33:45
1748fde2-e52e-497e-b373-e12c141b793c,Mjaqawommyn,2024-10-10 03:15:27
4ff75c18-c02a-46ca-a69e-79714db384f6,Ipivbbqr,2024-10-08 23:01:55
5de0b723-36fb-4e40-81b5-6873c732eae8,Ifddhizzrvipw,2024-10-18 07:13:38
ec82ebc7-7286-4168-baf2-b4b36d1ba19e,Ndkiyt,2024-10-17 13:02:13
8804870e-0ee8-4f17-b01a-2afa4062d310,Xmusiug,2024-10-04 11:26:24
ab1654ef-446a-4355-8a89-99f226152d2d,Fogwrwfmvpvfn,2024-10-11 02:03:02
b1abe544-54d7-4a24-a583-d75b6a453805,Zfjrohtg,2024-10-10 04:01:54
3f3e4dc1-13ad-4938-a5cb-f6ed983d2f3a,Pgustkecebejd,2024-10-30 02:52:20
ef4a4a9b-a3b3-4d30-a87c-a9aa540ce02d,Cstpengaweizl,2024-10-12 00:02:43
92edd683-8ef3-419b-b779-9b8e7e3cadc0,Vrampzjfs,2024-10-27 04:51:23
f0701a68-6c36-4bfa-8702-14ec7949a6ca,Sdhjynwr,2024-10-04 16:57:01
33b5a6b4-193a-4820-a331-b14ca9feeb7c,Kugjbbcghunw,2024-10-01 19:50:46
029ce43d-71fe-419b-bf0b-2067f0e967e1,Pbvpwdmnoak,2024-10-24 21:58:46
b62699f2-6168-4d7c-818e-f645f0376e1c,Oirwfepev,2024-10-26 19:25:31
bf5a2d8d-b5ee-426e-9fd7-be37684a969e,Qaukgubu,2024-10-06 16:40:10
4ed26353-319f-4069-8f03-a2f0ba3a5020,Rgfubwuazo,2024-10-12 23:10:32
173617da-6473-43f6-87ad-71d6423fb266,Cgsnbdeflak,2024-10-09 07:13:52
b38cca04-f653-4d56-b064-e4959019196c,Mvllp,2024-10-15 03:36:23
d0198f2f-c246-45ef-bd69-37324b89f50b,Ngqlstylds,2024-10-25 15:49:12
97e7719b-d473-4a62-8d12-31b4e8b89053,Argqchpzihhuq,2024-10-04 08:40:46
803ac277-113a-4e64-961f-d80949406365,Bnqaukveslss,2024-10-07 05:48:37
2f171a9b-cca6-460b-937d-2f155b74a060,Ikgkpu,2024-10-30 23:10:29
ab948913-9ad6-430c-89aa-2c313809412c,Zlyyfv,2024-10-18 22:27:41
2e6874c8-602a-4044-864b-2e811f685923,Basbivp,2024-10-17 14:20:02
f95c416d-cdde-453f-b943-99b59da73b7d,Kentiqmfa,2024-10-08 20:06:49
34e8415f-86c3-4260-b75b-c36e45c98e71,Lkpgviod,2024-10-05 13:57:32
ea116503-d305-47ac-bf2f-746704fdea82,Qybrtfdumzbsp,2024-10-22 08:03:21
7373eb8f-8aaf-4ff3-bb5d-c144520918e3,Bnerzmozjvj,2024-10-11 14:19:41
77d6453b-a030-4fe6-8426-fbef6fe9b002,Fbqspzcnvhy,2024-10-09 19:47:11
5306866e-ad3e-49f6-b686-1f6841bd49d5,Iysdyaxwty,2024-10-17 04:36:03
84956142-cc35-419a-9598-550325efa3b8,Cytfecu,2024-10-26 03:15:54
7942d0f8-8a6e-4fc3-a9cb-7b25a13ad0c5,Kwuyu,2024-10-28 16:57:14
9b2c893c-745c-4fc4-a8cf-2c06d2ceae99,Waexmhaeh,2024-10-08 11:41:01
e6d447da-ef29-43eb-a3fe-7f0202ff3ec1,Mijqwxvvwquchin,2024-10-06 10:11:17
36115f21-2c44-476f-b02a-ebc18c9ab80c,Tpltxj,2024-10-09 11:39:24
ad37c2ba-ba4c-45a7-a249-949d55b7255a,Brzfizmk,2024-10-18 01:36:59
ef89d42f-419e-4bce-9b1e-449d340a808e,Gcpugvqv,2024-10-01 15:00:38
63dffb77-889b-4045-a9fe-8c211ed77c25,Haceqjovqyuunj,2024-10-11 09:57:25
8e07fddf-1058-4c8b-8b7b-53c71c6c9667,Duhzhmaaowti,2024-10-27 02:19:56
dc5f7470-3d1b-4d54-ac45-710ece552372,Ycurmmzi,2024-10-08 04:33:13
a46a247e-f1a8-461f-acaa-0582b381c542,Bmcgikqyrlvopa,2024-10-31 23:17:28
e55fe282-ffa8-4afe-9f0c-f371678bdd63,Lqjepmwdg,2024-10-10 19:53:29
571aff1c-bee4-4939-9d19-647f90c9a160,Fdqbw,2024-10-17 08:48:08
6b2096cb-a4f2-4492-92a0-7b1c895961d4,Wezcvxoplrusbfg,2024-10-17 08:26:07
34de8434-92ce-4a01-aa0d-8c6af1f62de2,Irshbq,2024-10-08 02:25:55
3ee9265f-e91b-40b5-bdab-85ad2a9287c6,Neyjtackdig,2024-10-22 23:59:15
71ac3a96-2f14-4921-8ca3-63d668f55c0b,Chrnwjdwdh,2024-10-07 12:33:00
d95365e3-ce0c-4d97-aef8-175f0353dbef,Uiqhsdniuc,2024-10-26 23:58:56
c0ef601e-0fac-4344-8b1a-51e86c0b5a62,Rkfot,2024-10-22 22:14:55
89f9a53b-b5c3-40bb-ad3b-a316a184ded6,Vtwgpyvvnwu,2024-10-06 02:59:59
4c026755-52b4-4836-abec-e8d617de4be7,Twttrcmmdv,2024-10-17 09:33:38
508e5df7-4bb7-4516-806a-847aa7b6964e,Knstdfqkpklozh,2024-10-07 00:37:38
06a32123-d599-4a72-b732-99f654d28d79,Sdvogwqs,2024-10-26 15:14:15
32a85302-c815-4449-be7a-a8e08e9eb7c4,Taliviyeydmgqop,2024-10-24 23:19:47
9c7a387f-5e24-4c47-a628-b7925fc04fd7,Kferzjfnzqtt,2024-10-14 05:27:51
cf7ccb80-24dc-4601-abd5-4643f6212cee,Stezzhffpoar,2024-10-12 11:13:11
9b6df75f-ff72-404e-834d-5fd96f9017fc,Zqwvmgugb,2024-10-10 08:52:26
6885bfc3-5031-4e77-92c8-098c6c9da53a,Ractljbwyln,2024-10-29 02:04:18
3d24bda9-e692-4ae4-a6b4-1c9c1fab2427,Khleqh,2024-10-17 13:04:35
120f12a4-2817-4cd2-b97e-640fa9a2758d,Jtqyzcpxnbgdnip,2024-10-22 22:58:03
f4db001d-df4b-4ee2-8df9-f3d89e0cb8dd,Hhcczouqitwacsx,2024-10-18 13:27:21
d9357e81-371c-49c4-abce-4d754774f045,Axjpiptwltimyw,2024-10-21 00:08:44
98c8195e-8446-461d-9972-3087a423a118,Fbaxdecdwefexeh,2024-10-02 03:17:15
fa6752b3-0dd2-4b56-8dcf-65380dbbcf77,Uyjghno,2024-10-07 10:20:16
bfb54a0a-82e6-4ee4-9d92-66b7d7589ddf,Eqyxb,2024-10-18 18:15:37
cd9fe55c-aeb7-4a7d-ba6c-ce129dde74e5,Neheovbbzpxbbls,2024-10-21 16:24:46
6f0b6e00-726d-4d21-9088-9a2af6e80ef5,Frkafnjhz,2024-10-24 14:08:13
f2575f4f-869b-4320-a253-89ee8bdb6122,Fxasll,2024-10-12 07:13:39
3d3fa282-b819-43fa-9724-40b0d71574fa,Ugpwkzasphcyfb,2024-10-15 18:44:11
6386a394-81a3-4c9b-b40a-c9bfb3885d16,Rebabbe,2024-10-16 07:07:58
b46b0339-3112-4fd0-a48f-01c5e89d28cf,Iedpqju,2024-10-11 18:11:27
1cef3e4f-1da0-473e-9114-4bb38db8e9ce,Ddcagf,2024-10-23 15:33:59
07bd79f8-6e7b-431c-b6cc-cdc7bf8b9ed9,Ifdqhbuwcoyg,2024-10-18 21:38:35
c012adbe-d1a7-457b-b342-238a7672d80f,Hourcmwbxhjk,2024-10-12 17:44:02
2c0092cb-3c76-4537-bc25-4a53e15c4171,Usvznzjmjzvvbkc,2024-10-26 02:18:05
5f8d8414-13ba-49f4-8098-24cba6c037e6,Gtrsfupihpcll,2024-10-20 19:33:23
393fdce1-0c2c-4e26-be0a-7c0d8e8f1ed6,Kwcapvozogu,2024-10-22 12:40:18
bc768f1c-56fb-4bec-9f75-5ba40f11a89c,Ssvbacfimcwdp,2024-10-28 05:08:40
81c2f0e3-da23-4f91-a328-bff4e9bc525f,Jqtyufuihjrjgn,2024-10-01 13:32:00
c1eb607c-bc80-4242-b44b-e44bb2ea9d81,Rsmlukwbgeleueg,2024-10-27 11:41:21
97b76221-b0b9-4549-a84d-8207c495c837,Hosdxorfxq,2024-10-25 01:04:41
6d8e699b-4c57-431e-b3ed-f32416a1189d,Doajfiq,2024-10-19 14:04:57
fcd44c1a-d2dd-4150-b2fd-0d4cee11b161,Dvxwxdghxbuq,2024-10-14 16:49:17
439ad9ab-22cc-4474-b564-9cae4204cd78,Lncvr,2024-10-16 21:19:13
350f783c-c663-4df3-a892-6774103c8068,Ekmfh,2024-10-25 19:56:41
2c38f557-597a-47e0-a910-6565e7fc42fb,Tkrpvigfuw,2024-10-05 03:49:52
ec5a2db5-597e-43ad-ad44-8d18c251eafe,Fcpxcelwconpxo,2024-10-16 12:49:58
52984d76-3caf-41fa-ade6-f5367c313f9d,Psrchmkuxjy,2024-10-04 03:36:54
b92429d9-ea02-4197-845f-eb9e2f4292e0,Ispfumyaojx,2024-10-29 23:12:04
1bb321b3-b2ad-48a8-af80-115d3961e1a1,Scporemxttv,2024-10-13 11:11:27
6e46b7be-5e3a-474d-94e8-9b9b64522d23,Iamxlsdrltq,2024-10-30 09:16:48
1f0e9b73-1db2-49c3-acde-86972e7eae39,Rsejtxwtxktlk,2024-10-28 10:28:31
5a937461-15f9-4165-b19a-d7fdeaf74cc8,Uyogjjpmhepimp,2024-10-31 02:38:53
637b7764-7a7f-4915-9b18-f5ff5317af89,Qiwvovhintvwh,2024-10-03 17:45:34
a3e8a60f-1657-400e-acec-c182d95edb45,Hhxpjr,2024-10-19 20:10:10
96637f77-8aa6-43cf-9a93-c0b0d1c2f688,Uoxvaiqgapykm,2024-10-14 07:59:19
852cdb90-160a-435c-b76b-fd8ea07d44f5,Nnkwszrbjo,2024-10-03 20:11:24
32a23c76-9ef1-436d-bd02-5cd41a01bf58,Eonfbdonghvzdi,2024-10-08 23:17:11
6ae7a6f2-8182-4f3d-a213-03335115fbda,Kjhasfdtzjy,2024-10-30 07:40:12
63ee02c5-49a8-4a61-a1bc-67c078000aed,Ddenqqtmf,2024-10-25 00:41:17
95a0cb46-1f3a-4458-99c3-0b3e023f0d06,Wprumcs,2024-10-12 15:16:44
d29249f1-61ba-42bf-adcd-7026a02ba069,Qjzzeosc,2024-10-31 08:54:58
8e5122cb-9e9e-4f86-a189-47f73b01e977,Hcxdlldauvoqinq,2024-10-19 01:57:17
5d025416-e6ca-4140-9e7c-9c5af7121d17,Izogon,2024-10-03 20:34:58
f2ad910e-7d75-4e12-86f8-d11aa665c340,Kroblpxzxgue,2024-10-14 01:33:32
111abfb1-0e91-4277-86e2-d74e089e4272,Igsmgerymrd,2024-10-05 17:50:25
e906d52d-f1dd-4f06-add3-7d9e425ee17f,Kjdpunxlrhgtv,2024-10-17 16:06:55
0f9120cb-aa7a-4ff3-814d-e4a48d45ac15,Eaiffwzpafbgumb,2024-10-18 19:16:31
4c130306-692b-4f05-a13d-d50ee5cc483d,Nlwdvpuwzxrzrjq,2024-10-14 02:33:16
b282fdbd-10e6-4922-b25e-610fd68fdbc7,Bqhlp,2024-10-09 05:11:19
be350206-1a12-4e40-b52b-54483c353350,Frvnsmufai,2024-10-24 09:25:53
5a3d421c-4e6e-444c-afb8-3a40898f6d6d,Gfteknbogxjyuf,2024-10-08 18:15:17
ea82ee69-98db-43fb-91b0-6b57feb21c63,Nqihbarwinkdvf,2024-10-11 08:32:49
a713dc75-aaf6-4f89-834f-63e51045a3bf,Wmpazujrvigbv,2024-10-19 04:34:54
108d2a48-3106-459f-8b39-5050d2dcba3e,Pddkrepy,2024-10-07 22:09:26
e47d8a10-fba1-4a1d-b099-a1a1fee7455c,Lgskd,2024-10-20 10:02:27
abe3b427-c5fe-477a-9a08-b863b2e3677f,Qdmigyyedv,2024-10-31 06:57:29
0de72dc8-58c4-4677-ab63-36f65e9aae4e,Whptzojsevfu,2024-10-26 07:06:51
67c8a7b5-c5c2-4d87-99d9-d8987a615b10,Jbqrlqejn,2024-10-29 18:42:19
67b5670c-2743-4ea8-84aa-23c3a094ae5c,Xecjkz,2024-10-21 04:22:36
830f6fcf-0e48-4007-b442-17f5ea10f0e9,Rgrzggdyhgvfn,2024-10-10 02:55:12
fb5cfbbd-09de-4385-9f5e-9d98cb0841b7,Woidftj,2024-10-27 03:36:50
7433ed03-b829-48bb-9003-96677d9fd6c1,Hcvwvmwm,2024-10-24 00:36:50
10650fb7-7d11-42d8-9e86-c9b0e9f237bb,Pzcydosnszx,2024-10-05 10:18:31
cb8c5b09-a9ac-466c-81d1-c42c21109c98,Gehwh,2024-10-27 21:10:59
6e52ea3a-95f6-43bc-89e3-6c81f64a2dea,Zworkom,2024-10-21 10:15:16
c3f85937-98b6-4b9a-b8ee-db40fbb8624c,Drbmc,2024-10-20 15:10:01
248a171f-7e17-4129-ad58-6403cef29672,Ixvvmx,2024-10-31 13:29:25
875c05a5-acf5-4495-8b0c-f3038edde657,Apkyaeiqw,2024-10-15 20:30:49
2e955dfe-80e2-41db-abf7-de97e7644d1b,Jkcjfcampyc,2024-10-21 09:21:40
67253682-fa0e-49f5-9e69-974bb13de981,Grifkeyekqpzjwg,2024-10-01 09:49:28
ac11a1ba-cba7-4df9-a053-f6c4b213c7c0,Daxqun,2024-10-09 18:42:23
122925c2-0f86-4a14-904d-b0d4105fb1c3,Knlctgkqdpmfz,2024-10-02 09:42:54
8a54d50b-41ad-44f2-b834-fcb6f1c56cd7,Xnryez,2024-10-16 07:44:00
2b823b0b-e638-4331-ba3a-f446a5a4fa1d,Vhyryfovhetgbi,2024-10-03 22:29:11
3e15dac4-1a4b-47d9-bee6-62995a2fab61,Ogina,2024-10-04 14:18:42
bdfa2686-3f14-455d-9d24-9746c806004a,Xofagghdhxkg,2024-10-01 20:03:47
ad33661f-9de6-4fcf-85c1-a5bfd908e533,Lrnpuzzjjk,2024-10-16 17:55:24
d5d929f2-3ece-4605-a4e1-0bf8215fcf50,Eyjcvhnhi,2024-10-24 00:00:29
da311bf3-5859-4353-97cb-3c7174f3c93d,Iftqtmnfop,2024-10-12 22:55:01
8873a7bc-1d45-42eb-bd75-eac6383b5924,Dabmgwmuy,2024-10-25 11:16:45
69027936-5f86-4b59-b2a1-9bce711eb4ad,Ygjsvbgsvorg,2024-10-02 11:25:09
f2423694-19d6-4f85-990d-5bd26514e7cb,Yamsujgyqdwkk,2024-10-13 05:23:50
d4e65364-3e41-419a-b0ee-d64650409b23,Qvkvccfg,2024-10-11 11:33:36
75ee7ea1-e518-4d99-b16d-8e0f15958901,Wutcsafacs,2024-10-15 21:19:17
9d510322-0fff-45b1-990e-2512eb4e9830,Bowwaiysknfa,2024-10-19 04:29:41
9aed76f2-3541-466d-b1fe-6955e21a48c3,Bswnjnseuav,2024-10-02 06:28:39
d4c7f1ad-302e-4312-913b-2afb9b5bdad6,Sonioohkzuz,2024-10-01 21:54:52
450a1ba1-bf77-4613-bbcb-f7b5a4be292e,Ifftf,2024-10-14 00:19:10
39ba54d8-836d-499d-bf8b-3139eefcaaca,Zclazmillajcs,2024-10-05 14:54:54
6a7ac603-eb24-48ff-a521-b4c1702e558b,Thlznez,2024-10-18 08:18:19
0a6b02fe-9a52-4ef9-afa4-ebeb05a51f77,Jypqxemnzmpbc,2024-10-12 02:13:56
c6919dd3-9194-41be-aea2-ce4ad41cb483,Mbptkjrla,2024-10-27 15:44:00
b98b04a8-7b40-488b-9808-fd79b518a43d,Tzabvqv,2024-10-24 21:05:17
9896277c-299d-459c-a73c-fe4b854ae571,Faoksrzmigmiv,2024-10-08 17:44:40
f422c75b-3bcb-4067-985e-7d439f682d0d,Mlcdj,2024-10-20 01:43:16
d5cb6422-f3b6-4641-a28c-84c17089b7ca,Rhwazubedjltk,2024-10-14 10:54:51
972b28c5-b9fd-492b-b96d-067a910b6644,Cyqrtmnyeoo,2024-10-11 09:20:25
04f8f7a1-d233-47de-a3ae-01e554ec12fb,Yodlwhbws,2024-10-13 08:45:28
5a7c693d-5245-4f69-9b06-d13d2ffa0634,Mqddtwndeklihz,2024-10-29 23:55:41
38bc2516-f8db-4a9d-87ee-e1d92530ae80,Mlobvm,2024-10-15 12:05:08
9bda2841-53c3-4154-a03b-5471e00c4863,Iixhbvlxzdiadmt,2024-10-21 16:43:47
7abbd4f7-3a90-4ea8-a0b5-f5dfb69fb08f,Wqrcgveub,2024-10-25 02:28:20
a8989d50-e299-427e-96c3-3791fd8888da,Fhccstaysxtbuw,2024-10-12 06:19:33
5b058f12-dd3e-4d0f-bd59-a95f3b12b01f,Gmqpcwrvncslly,2024-10-11 21:52:30
d2203895-3043-4469-a30f-c3d2a8347526,Yeizuwoqjshwti,2024-10-22 23:46:12
2d310d56-f776-400b-b427-f069d7d5b663,Ajlamvobmfhd,2024-10-01 02:04:19
60be327b-a6d6-4839-8384-0a61296bf139,Yfkibdamy,2024-10-11 10:34:48
e8fb9032-6c35-4ce2-9091-ffb110c8a04a,Kusdvagcdhg,2024-10-24 03:03:48
5d0af3ea-6764-49f4-af3b-6440fbffe576,Lceojfmween,2024-10-12 01:36:07
dfdc5238-7043-44b3-b196-58e1fbfb5db5,Cicvyeekpxztxr,2024-10-29 20:35:36
26a50436-fc38-4704-9521-530752cad63d,Yggnpzgfbklu,2024-10-28 06:56:52
b635332a-d8d8-4343-93e6-042e824cfbfb,Pzwtt,2024-10-04 05:15:53
01dc6f31-c73c-4b35-96f0-c651c80a52ff,Tdrvbyuicnusane,2024-10-15 00:45:37
f4d33d23-d4ca-48a4-bfb5-6b32f798457c,Bqoucm,2024-10-13 18:48:09
73688e71-ebbd-42f4-83e3-ec3aec6c3c95,Xkhni,2024-10-18 13:56:09
a5daabbd-e5e1-4997-bff3-757b8b7c5d55,Ivvykyew,2024-10-02 13:25:44
95d99e11-74c9-4af7-af6f-47b3e0db71b1,Gbqnwmzy,2024-10-19 13:29:16
17c0b53f-86a4-4c06-baab-85bf13dbdcc3,Yhvffrjngl,2024-10-14 00:52:29
e380fcc7-774c-402b-9270-d3d0502f5ea7,Fdjuecoqedlqlxl,2024-10-08 04:54:10
fafc865e-8ef5-4f83-ac39-20f15c7d7516,Jxfeewie,2024-10-15 10:35:54
2d18fc1f-ae09-465c-b524-4ee1473ccb45,Cyvbptwxsuzfyya,2024-10-28 14:01:53
2f242778-9b72-4eee-9148-e1deba37cf69,Cmofbznesyjnvj,2024-10-29 15:44:51
2e3b2e96-3b4a-4f29-b7bd-0cb28870f6fc,Luusykdyo,2024-10-05 08:37:29
e49dd546-bcd0-42ff-a102-c72181c8e308,Epicnziyq,2024-10-28 11:05:18
e66d7a6f-a4b6-437d-a9d8-a583200ba00d,Rhkynldzbzqbzcz,2024-10-20 22:35:35
524c5558-8c58-40ca-88e3-3670b2fadd56,Hlgcn,2024-10-01 17:22:14
a83ebcc5-1465-42d2-9af2-0dae40754734,Txaknzeryeeg,2024-10-31 11:59:46
4f5503a0-7e41-4d16-99ab-7397959dec62,Bmhwbywawk,2024-10-04 11:55:00
6f673ad4-13da-4f1b-a8d5-61ab33298eae,Jusxixf,2024-10-10 16:08:51
b1a06642-db00-41d6-b53c-876db64421d1,Pryunenqtxxptzm,2024-10-25 13:15:59
5e6346e8-de3c-4669-bb31-16ed555a0e6a,Tcjcvphgs,2024-10-15 11:30:36
5091b741-0d6e-4236-8b3a-7624a68bc1c1,Qbfir,2024-10-13 22:04:06
7250f017-3413-4095-a654-cff1873e1e71,Cnxkfffr,2024-10-24 08:31:20
e6640dc1-4ca7-4234-bbe4-357c3af930ab,Lueqk,2024-10-19 05:50:59
ce775411-fe2a-40df-b449-ee211e1d0da7,Wtgaweg,2024-10-25 21:56:23
490c21c1-569a-4a84-b63f-b2bd8fdfdbf5,Ncndyejv,2024-10-21 06:32:30
8a95cec4-e7f9-4e53-9fbc-d332a8881f28,Pvvss,2024-10-25 00:47:01
1e00998b-2f64-410c-bd33-0d13972e442b,Cxheindsjzusaz,2024-10-04 20:13:45
6b41b19e-5c35-4010-ac4d-a9a970ade32e,Kdneoclyvlw,2024-10-02 01:02:33
b44fd3bf-fd5f-4e63-8be4-e99ef6f8a0f0,Efvfzfaemudyqga,2024-10-18 15:12:35
0bcedf4d-d696-4f3d-aea3-1c3e48b2fea3,Ojbmwde,2024-10-12 15:29:20
cc4a43b9-1bac-4831-8fdd-2948fbe95a06,Ujcsy,2024-10-31 01:55:19
12f1e7c3-9176-455f-ba94-bab57eae0387,Eumnmkyrdycp,2024-10-28 08:04:36
74d59538-67e2-416f-a246-d1c779043ffe,Mamor,2024-10-13 14:58:38
290bacfa-be48-4dd0-a05e-16d0667ed450,Lkrdlxkpyjlduk,2024-10-20 18:06:00
05d7674a-99c8-4736-9a12-9b9fbc91ecd8,Qonznckaixxeg,2024-10-17 22:41:15
6ba82ed1-d096-43f4-aac7-f107b3a961f1,Ovzhohksjudwzg,2024-10-21 16:39:31
5001c6d0-7b00-42ab-9a60-191389ff4a68,Llnaexwrcvbmi,2024-10-15 19:49:22
ae828f91-f3ac-4cd2-b6fa-962451cb1098,Uspdrjxoypqp,2024-10-02 06:41:36
b98b49bb-f7b9-4dbc-9129-a3fa53e3a4be,Ssahcspmomdunzn,2024-10-23 12:03:28
4a217bda-2761-4024-b5f0-6ffbf6ca0986,Vgtdiriq,2024-10-09 20:00:32
f3e27af2-2ed3-4afd-95cf-6547292ccb42,Lzsvffbgwja,2024-10-18 09:39:22
a929d81e-d519-4af4-b7fb-eb0c3ae6d6bd,Rwplq,2024-10-05 04:51:51
d813fb72-4320-4c00-923f-5a02153f8dc1,Ceubdea,2024-10-14 05:12:59
9774099a-2528-486d-88ed-63ba1955b8ef,Gwxdzruqob,2024-10-03 17:51:22
660efec8-1ae6-4a49-a827-2fdf14fea108,Vktttrbewsrb,2024-10-13 15:17:10
b1e1f399-9f2f-4c45-b5ec-9c9b65d6a210,Efvnbzjozhe,2024-10-06 07:40:31
2e74e003-3831-432e-a75b-24deb2806dd3,Ictyzyskcepwmil,2024-10-06 11:54:54
3f3a1c77-1362-4557-a02d-b890ce5a7096,Rlekjalv,2024-10-01 12:52:30
f708794b-b06f-4a77-938a-e3d597bc482e,Xextrseywdon,2024-10-07 12:26:03
bd4cf6af-f5d3-45ca-a917-2c71eb47448f,Hrhwrnepowusx,2024-10-12 07:32:34
c02bb8bc-28ab-46ca-af92-132bb6198718,Ekfrhljd,2024-10-19 09:55:31
600788ee-92fb-4c98-9746-cb050ba52df1,Xgpbrduibydvp,2024-10-28 07:07:14
818140a6-5144-4281-bb3c-33105e9a3c23,Hswredbibpwttyy,2024-10-19 09:23:53
799a5059-72c3-46e9-8178-fc72e6f71c82,Czwuxyz,2024-10-04 00:01:41
1564ccaf-c0ca-42a5-b390-03b0a2dcf03d,Bthpmput,2024-10-01 18:37:40
0361c46e-bf15-4df5-8019-973122d10b3b,Kvnfdkektdhtvxq,2024-10-09 07:15:55
dc4d6ae6-b192-4a98-aae2-52e39c071817,Saabrps,2024-10-29 13:49:18
38f720b6-5c58-49e8-9287-3e627cde8998,Ctaecgrhdljsb,2024-10-11 22:55:15
175e61d5-31ef-4972-88e2-d9bf19fbf069,Gchdhdoamagq,2024-10-22 05:41:04
103a613b-3319-44a3-b1cb-f482c10adc31,Eafuxd,2024-10-18 12:42:10
346752d0-8404-429b-8e46-f47df137e6e8,Aarcfqbmovzw,2024-10-05 02:23:14
eca23be8-fbbc-4f5f-bcb9-00e68601e489,Vgjsvcttezfwvg,2024-10-17 09:22:31
dc84721e-be38-4519-a466-730b70b06c30,Hmtfmg,2024-10-14 23:15:13
10fff1e8-6515-43a5-8d81-516b6edad4cd,Ylirwd,2024-10-18 22:12:37
b81d244e-63aa-4c61-95f4-6fc39df52cc2,Lseyq,2024-10-18 23:50:19
4ca35186-ff3c-4018-8eea-0e58bff0f415,Uxsnqw,2024-10-04 21:20:39
b9c5794f-d4de-48cf-9975-2ed4dc4dc76f,Ipixewcumgtuqj,2024-10-01 03:26:55
9efa1b14-73f6-4bed-b07a-35aca23b47ff,Jneswkmziblwnsa,2024-10-17 00:05:10
9f6cb191-cbe2-4614-a50b-609bb95b9d3d,Uebcu,2024-10-28 23:16:49
af8fd1ae-c696-4952-8401-ea2aa75a9302,Nckqlexawivnbcn,2024-10-08 21:09:16
93b4d09a-c419-4f7d-829d-020a1db34847,Moqhvdry,2024-10-12 23:54:24
85589c92-095f-4f7b-83bb-5e66c8c65af8,Bbldavvjceufdmx,2024-10-05 13:09:46
f6ccecb1-0972-4c81-8bfc-c7562a40589e,Nrwdbzsrfifxkg,2024-10-21 09:54:17
4e2cc7c2-186b-4ab9-aa4b-4d2fbd73cf26,Fiqabuhddgaget,2024-10-25 08:31:13
bdaa4a41-8858-4ec8-b1e8-aa29b78b82e3,Kwgyxeei,2024-10-08 22:54:51
d13ff426-84f7-4ed7-8a4f-200280023ae8,Zwsoesbfzlmt,2024-10-06 11:20:14
b3b76e45-fde4-4320-8db0-c4c18f435ca4,Bvwbq,2024-10-12 09:32:32
c0a18717-3071-42c0-8767-7ce78c76acee,Hwsjuwtsfby,2024-10-24 23:43:43
a460d2f4-9227-42ba-ae2a-df8a00ee2c7c,Frcukllr,2024-10-23 07:46:12
1e8fac77-eb26-4cf6-a6fc-4a894f84ec0d,Hzgehslucblx,2024-10-31 12:32:49
6e8515a9-d18d-4b85-990a-6b844771500e,Cttyxzvba,2024-10-05 14:21:54
1d7ae3ec-4348-45c7-af25-e5ced59d294a,Icqeqeqzwsl,2024-10-06 02:02:43
10fedd71-2099-4084-87af-bb499ea76cb6,Aqjcix,2024-10-23 09:14:01
8ad30660-c0cb-43f7-8959-eeda2ea42e64,Ucomzniqfkgx,2024-10-12 16:23:03
ac9553c9-6784-4e20-acd6-27a0bb2fab33,Ktadiblomjvbqp,2024-10-24 11:23:33
dd5f15aa-000e-4bda-982b-3cdfe412b752,Rfuect,2024-10-09 22:12:42
a9a3430b-b0eb-4aa6-8746-208a6b4a4d4c,Mzomzlkpd,2024-10-27 23:38:19
218d1e40-22a7-4f5f-9999-7503c6a6cdc6,Ardnqttdwdpq,2024-10-26 16:44:33
8d6542f7-2bcc-44f7-95a6-f0ac99e6c926,Jawxqc,2024-10-07 13:22:49
7e4875a7-8f37-4655-826e-0fdf65352105,Lbiearxulactdh,2024-10-12 14:21:54
b20b2d51-cc1f-4018-86d8-1f3db341e108,Jbwsxsmsqpl,2024-10-13 15:12:02
3196c9ed-1991-4c6f-8c80-b71aa90474a8,Jphbacjoo,2024-10-06 23:43:15
0f942a7e-2909-4a7e-996d-31f180c3cb6c,Vzgrurnbq,2024-10-02 23:51:59
19320c5a-ba84-44ab-a813-43e77b49d32a,Bvylu,2024-10-07 10:42:37
f77f8cf6-2158-41ef-99ce-93c5cbf8a2ab,Icrui,2024-10-30 18:46:55
4e21bfca-761b-4960-b166-d897360f9b65,Twzsszagwjpbzz,2024-10-04 05:27:55
e7763148-2b81-4a8d-b9df-0a9bff848608,Vkhliygvf,2024-10-22 11:34:23
a6aa8e08-6e92-4a70-8901-650f01119441,Aftgeannpdxdkim,2024-10-24 16:12:05
a0418040-e84a-4f2b-ad94-21bf91606a26,Vecycuitdnlsy,2024-10-05 05:26:01
a28e9d1d-b028-425e-b4f1-529b32493e8a,Wtzlnyeefcecb,2024-10-26 18:20:39
b1a94986-0f7d-464d-bcc8-0110702f3077,Qxmewv,2024-10-07 20:04:18
f89da30f-8ec1-49bc-bd09-976c29177628,Qergy,2024-10-05 21:11:38
b780cae3-061a-4570-b8d1-b26bc188f8b9,Tnhfogs,2024-10-04 14:36:04
5c944158-eae0-45c2-9a5c-c564d742376a,Vbqzzqfgabml,2024-10-13 22:03:13
6ccccf89-940d-4f9d-9972-25d61b0a6343,Tevfxzcvmsgaj,2024-10-11 01:08:16
6bd197f7-b9d6-487d-a553-f9dfa30926f7,Loozcyvhib,2024-10-09 21:23:54
3923c1ee-623d-47c2-b183-ded05ee3e1f0,Xwscvausxd,2024-10-25 10:33:56
2c3d5574-de15-4c52-9554-c986056c0aa0,Qujsuetpzrjor,2024-10-17 03:42:52
79c3f8cf-2ee8-4be9-bb09-7e5758218e93,Amntttgjd,2024-10-09 01:20:14
31a197d3-1261-4ee1-96d4-9388bc006841,Kwztwtwvalp,2024-10-30 02:13:52
b054279e-358d-486a-8ebf-cbf6d5c3dcd6,Abthocjmcp,2024-10-13 00:47:04
341b2501-5143-4c97-8fd1-d3e1e0d7530d,Xtegbjrbc,2024-10-30 18:29:50
46116cd9-005a-4dcc-bce1-e7277e35f25f,Pcwqkjuzhhmjt,2024-10-03 21:23:01
1da690dc-9555-467e-921f-db8662077903,Yrkmvckaptam,2024-10-18 04:08:25
69828b74-874b-47ab-a509-b00bf370e9c4,Bcwrddpdv,2024-10-03 11:20:47
4640d681-f65e-4649-9efc-c4f92e3ceffb,Vswpjnpai,2024-10-14 00:59:35
cab3ffdf-02f7-4c7a-8847-59da03b5bf49,Ltdjfcabr,2024-10-12 23:34:36
7aa41c71-d73a-44a6-9480-a6c1ce7b3206,Ktwqlrztii,2024-10-21 20:45:26
e9594fcc-6ef9-4b49-84d1-2485963e0af4,Mgpbgtl,2024-10-11 17:58:55
b5d15602-9e01-4c5d-bced-0a445dd75529,Xkiay,2024-10-18 16:50:04
ea9186c1-ad26-4d92-9a9b-936dea20b643,Ajaavpzwhybgbmw,2024-10-31 23:31:13
44a7f8f3-1356-4207-9a37-e26aea77ac70,Ioeeuu,2024-10-11 10:02:22
3fe07022-019c-4bfd-beba-e35c17614d87,Aguiec,2024-10-25 19:48:16
c51abca6-87c4-4e75-97cc-f51caf6cc18a,Djnkvd,2024-10-13 13:23:21
efa9b9a9-28e8-475b-b59c-f743d31a135c,Zhjong,2024-10-07 09:08:37
fe6de7ec-a01d-47e1-b765-0a888659252a,Zqjqeohgza,2024-10-06 21:30:35
d1ed1dff-86e9-45da-a862-e06e0da43223,Tlxedccgrvm,2024-10-11 01:55:02
498673d0-6c9b-4816-a631-751ba473fa6e,Nwyoosaoznuz,2024-10-09 08:14:14
b4247286-f6ec-40ef-a53c-ed44089f00ed,Iejnvyxn,2024-10-18 05:47:53
84274cc9-f2c8-4e74-b8ba-9b7788fae275,Bxqrgxvobfzk,2024-10-15 14:08:53
d9e2defd-a128-4643-8d22-fa28ea3d620f,Gpwxrizhrvjfo,2024-10-17 07:06:10
2b1ec73a-a1ac-460e-bf7e-d799006bed55,Lgizqqla,2024-10-31 22:39:13
7399d0fb-2ab6-42d7-a6d5-0377dc5a2ccb,Zlfdwgfdzsctozh,2024-10-12 07:13:15
000d78af-7ea4-434f-b5e3-38a2b739ae01,Iypaqypdyxq,2024-10-15 06:21:37
708df519-cf5d-4d43-9719-762e3dfd7fd1,Slmkirifuguc,2024-10-05 03:08:27
9ce30473-9820-4ddc-a00a-9c84365b4a29,Adhlqreoonl,2024-10-18 14:46:01
aa3667a0-b3f8-443c-a39a-80738264d8c9,Icbogtwwj,2024-10-13 17:06:26
53d4effe-bae6-4406-8bf2-58ad62ab0ad2,Wzdfsrb,2024-10-22 21:12:17
bfb57bd8-8d40-4e99-89ff-fd00a12c0875,Iytkb,2024-10-23 11:32:05
d3f3e1bd-5425-4f27-91d1-ca7bc9ba9710,Xgqpnpgww,2024-10-15 16:22:26
ed1b0a8e-bf8d-467e-b3e9-7427016a066f,Ydozs,2024-10-10 22:24:45
449fcc80-2798-420e-accb-b236c95cd65a,Vmpxnibyxstn,2024-10-03 16:46:12
0ece4923-ee2e-4075-88c6-618061528927,Gszfdjyhwn,2024-10-16 16:19:33
3737edd5-449a-4a05-af8b-bd15cf38339c,Htosvzkojjoal,2024-10-07 09:16:56
d8037db1-fde6-4d76-8acf-031b6130fce4,Yqyskho,2024-10-25 16:37:38
6a5669b3-1847-4283-87b2-6ea9f21da4d1,Vuiewra,2024-10-17 20:13:58
38595614-b3bb-4244-afab-562f3bbc6307,Myiggtutmyzdicf,2024-10-29 02:19:04
fd61d59b-a36a-45b1-aca0-6b17c7be4fe6,Xyswmzsbl,2024-10-24 08:53:25
2296ca16-4d13-4027-9ccf-245f42df65f1,Ryocoihgvvbo,2024-10-04 10:21:05
23897623-e9b5-4058-acba-e7f65cac850b,Vriuif,2024-10-05 12:02:04
255561b7-39ad-4b2b-887d-96524d6b6b90,Plfcfsptubcnzfd,2024-10-15 21:32:28
d985c5f8-f61d-4f02-b0de-325a11a6d768,Uauhfin,2024-10-14 02:07:36
7314cb12-5290-4278-bf46-69fffcd8c519,Zobkk,2024-10-31 05:10:57
a01fc8a5-3360-4090-b7a0-5381f5bb2e42,Kxqlchzuzop,2024-10-25 14:54:14
48779043-62da-4651-a918-2b9e73836a38,Utdylg,2024-10-29 01:47:52
180e8b3c-589b-49c8-8668-48563b4d64e8,Zhklfru,2024-10-09 23:26:50
b1e3ad07-66dd-4358-94f7-d9fa29df5bd4,Kjiimzkxs,2024-10-31 18:37:55
513be135-cd03-4a0b-8dd8-fbfd9e6270b7,Ghjdgsai,2024-10-04 19:02:28
d1c7ecc9-565b-4469-a3ba-214efe16ab71,Vkknf,2024-10-16 23:44:26
5f7307a2-d1ba-4f41-a6b4-1cadf1ec761a,Fnyilzirjqruay,2024-10-30 00:45:49
cf643a61-d6eb-43c4-86bf-f7cd1bce0565,Acweaambt,2024-10-10 00:30:50
e2655767-d0fd-466c-8075-52e4749d4fe0,Rkabplnjm,2024-10-09 14:09:21
b672a21d-05b8-463f-a7b3-752c11eb6681,Ewfkkuhc,2024-10-20 09:40:24
c56e1c88-d748-4776-aa8b-936e2eb423b8,Doxwwp,2024-10-03 01:46:14
ba147ce3-1fe1-4853-9959-bc59586ea1bb,Ynylrluifoxvv,2024-10-11 08:03:11
6baae505-d03b-49e0-ae79-92bd6dbf0841,Szgzyayicgytjvm,2024-10-17 04:27:39
ac19a7a5-c82b-41af-8aab-160ba9f332ac,Ltwzxsgjwimkly,2024-10-12 20:04:03
5f2b3276-edd2-47d3-a8a2-ae9460a4f9d1,Enpkkdudpnphdg,2024-10-04 04:44:46
8c717b09-6444-42b8-a3dc-7f52c779c967,Tbsqcgres,2024-10-07 21:56:25
3beb038a-3348-4d74-9758-0ff1d4db0b25,Kfshbxudioicu,2024-10-23 18:27:43
85a9d7fd-14fb-4120-b436-8cc171d573a5,Apnxjil,2024-10-23 01:39:44
ed6b0b91-d895-4f7e-aa65-642343b5f522,Ccwtimochnc,2024-10-08 01:34:02
a8f66773-f584-489b-8ede-45c5a6ec3b5d,Qwgqxcfymrddjd,2024-10-26 04:24:24
94bfaa1a-8412-4381-a7c6-a5fbe4441860,Nlagu,2024-10-31 20:57:25
3d7e6540-a79c-4684-a04e-c3abc04cf7a0,Qeavjdtb,2024-10-10 10:12:09
1128c793-3f97-42fd-b93a-b8822bd8e583,Wemlqdfijs,2024-10-20 16:57:27
9ae5f316-c0e9-4e37-82f9-186c3ca3ce7c,Qbwkahszljsy,2024-10-31 07:04:59
daedbce3-9ea1-4542-a88c-18f6a33259cf,Cvnfkblxqh,2024-10-13 18:50:40
dd13997c-8fde-466a-bdf9-bd378b76b67b,Imkonqvzdgb,2024-10-07 01:34:12
48b6604d-2b34-4783-8959-da29f1dfd9c7,Tadubgtr,2024-10-09 06:12:31
4bc7e54c-42ea-418c-b375-981c0f211298,Esvflarzdmjvcrf,2024-10-20 14:56:44
98229e9f-089e-4c47-ac5f-30a7b7461204,Higinyp,2024-10-27 15:55:03
44e02d66-e1f6-48c3-ac40-ff69da084633,Hkvndkcrzc,2024-10-29 09:29:31
cf7414ba-2593-4c87-842b-ea29e17e5a06,Enhfmb,2024-10-22 01:29:01
76581b1a-87d6-4947-802b-b8dd78bd5736,Idkcx,2024-10-08 13:14:30
a72908d3-ec7d-4cb5-b816-1effd60f0547,Gluhcnzt,2024-10-07 04:53:58
2f4042f8-4614-4135-b73c-16e2c0e5575d,Llanmiilnrfdc,2024-10-03 22:27:44
3f6d68bd-4509-4c31-ad35-d871df1ca8f9,Wvdcrcv,2024-10-30 00:10:12
bf6658c0-ff96-40c1-af67-65dc1d42ba8f,Kxsjh,2024-10-01 10:35:27
b2d74e76-8354-49dc-9834-79816a38ec1c,Xvkmhxkc,2024-10-28 05:52:17
e72714ac-cb45-4762-8e8c-427c03f3be8e,Rlvcwqdktkrsreu,2024-10-30 17:04:13
774d7e8b-6710-43b1-993c-a590fe1d743c,Ywqylp,2024-10-14 21:48:53
02cfc6ec-0d1e-4e5c-89fc-552ef2de76b8,Idslcrzylq,2024-10-11 20:11:49
33bb7c84-9e82-4d5b-9fb8-857b99d1a496,Xnquelh,2024-10-27 18:44:45
73a0c14f-91d6-42f6-ab3e-6ea5845c966c,Cknwu,2024-10-08 09:54:53
b17104b0-1051-4057-9173-d5d5b1711caf,Thfukiguiih,2024-10-03 03:39:39
9ee06c3e-718b-43f4-8722-f13c0c229370,Jmtyxyqjmhbvp,2024-10-05 10:58:24
5ef7d14d-c48f-455c-9a99-7038d3ce70d4,Qypukci,2024-10-10 09:46:44
95774b49-03af-48da-8523-c13b6c64f562,Mdaxzesil,2024-10-21 14:09:07
0593ff5c-8f30-44a7-a720-3d6e21cac3b0,Ziylzqomrkstcvv,2024-10-05 08:30:09
49b7e007-4cf4-448c-8c31-546632a73a90,Vkyjkpvzpxzddfh,2024-10-08 15:01:08
d359c735-e57e-4dca-a0ac-63d3793d430d,Bnwth,2024-10-04 20:11:29
69d48caf-d732-4002-8b71-d64064fca311,Dikoveazt,2024-10-31 03:44:42
4484db5c-7b89-4105-8054-3732b1294d17,Cdjwch,2024-10-03 13:34:56
3eb6c444-c0ce-4659-b00b-6f14de10c65e,Ywhkyph,2024-10-20 12:49:55
ab7f27f9-c692-4b28-b0e3-a80617b106dc,Pxpgriyts,2024-10-31 23:29:20
099f169a-54b7-44ed-a23f-ae02f51b289a,Asranntofwkhdgh,2024-10-16 12:53:07
d797c503-5f28-4ef3-9cf7-98e7a01b40b4,Slgcbvnlijknbj,2024-10-31 13:45:50
bbf119a5-980d-4709-9f12-4528265517b1,Vfqgyo,2024-10-21 07:16:13
7e382929-44a1-4b89-8c36-7d86d49f7964,Sokfkbqnav,2024-10-29 12:17:28
3672c8b6-fc9c-4e2f-99cf-2476e1de1d74,Eicfbdnhttkn,2024-10-24 04:06:52
e7fe6832-a2f9-47b1-a0f8-e43f24064e01,Ipghtnroxhrpar,2024-10-05 09:48:48
769edbb4-8ca1-49b2-83a7-936bbf577774,Qqlsxzpjp,2024-10-01 22:24:31
8ed79e2d-4f9f-419d-9519-6a5ddb9bd820,Sbtlm,2024-10-31 18:21:44
97edabfb-4e29-4329-bc2e-1c6df59d13ec,Mjwpvb,2024-10-15 14:34:18
1e8575a4-d6ee-4742-9f59-baa1e9dffdb9,Wmeaijugx,2024-10-29 23:29:11
bbf0e054-7f0a-49d7-89e8-80037bebead2,Ppvecxbnaik,2024-10-13 18:00:05
42cf9ebf-1064-458b-ad03-7361ef1cbc82,Ofwarsyy,2024-10-09 11:59:56
dd6b333c-c09d-4ef1-9a77-d0d3eb5c4ce5,Xkktcrswjwteqa,2024-10-16 04:52:18
49b53977-bd4c-4123-aa47-f12174b93a4b,Ghcxztzor,2024-10-30 15:10:32
979ebf6a-9293-4172-86ce-5a580d1371bc,Kkzxbpdosmka,2024-10-01 03:55:41
24c48253-8825-44a3-8c7b-70ec72850379,Mrepzqg,2024-10-01 20:04:22
c84cdbd9-d011-42cb-a6f5-f67e073138b9,Znwbyj,2024-10-22 08:19:32
46e1081f-94b2-4b3c-8a79-85e6a073d288,Durlqwi,2024-10-04 15:58:02
31c6e001-0fde-46d9-a033-9c7ceaef51a8,Qlhogexlrvmga,2024-10-29 17:04:29
837c6816-8886-40bb-8064-07675b63180e,Eepjnb,2024-10-03 15:31:44
a8c8a8ab-1063-414c-b9e1-d3a69a6f8c11,Iekuspzqrorr,2024-10-14 00:26:46
139c966f-5611-47e1-815a-26bdcc31abfa,Mjglpvgfacg,2024-10-18 09:55:15
75e4a193-1307-4685-b595-20a773265a5b,Kxlnzqg,2024-10-19 16:16:23
075c2795-e1ee-4169-b0a1-74f16be557d8,Vuvbvvahz,2024-10-05 21:13:09
936b94e4-bb2a-45aa-8b3d-67959f47eafb,Uzyfobe,2024-10-20 01:21:49
f8d73d1a-fab5-447f-b990-b7c27f556208,Ndbfuubvddxpbb,2024-10-31 03:22:31
4451da64-214d-4c1a-8fed-702f089a680e,Wahibxcdndins,2024-10-17 17:52:49
3abcb75c-50f1-4f19-951d-9f662fb6f990,Orwcyhmdrsq,2024-10-13 19:04:36
79b6a60a-f30d-41ad-87e9-d086bd480e1a,Fnzks,2024-10-21 03:12:18
d9dfdd09-608e-4469-a8b6-dd30f0d67888,Pzqovumzradhmy,2024-10-07 06:53:24
753f07d6-2232-4479-b00a-69ec44e01013,Coowuzfkbcveit,2024-10-19 07:31:47
793c5d69-b44b-44ec-92c1-7a95f9a64866,Fltfteepuqrrm,2024-10-09 00:59:25
0857ab1e-bc92-43c9-b4cd-c3cd1369caca,Ttvehzelezytoke,2024-10-11 00:12:36
3989b121-8220-4b7c-baa2-60935223f484,Kpytrpwtd,2024-10-14 06:59:18
f29f0911-9e49-4d0e-b2de-755b67621e9e,Mqwawwqcuhueqky,2024-10-20 21:03:42
45c54678-62cf-4c58-bc35-61e8a009ac04,Ydmec,2024-10-17 20:00:19
a0f918f2-319e-4c8e-b471-86596be8be0f,Uodmisljycokwjn,2024-10-26 23:49:15
566746ce-a645-406b-b933-598d3b99b496,Cvepio,2024-10-02 05:25:05
0d864db5-de3c-4bb9-ba58-0a88513f0338,Nnygniwyco,2024-10-16 19:13:50
8ddf458b-a153-4ed4-8c2d-889c238d10a9,Yvfufgxjyap,2024-10-15 16:51:06
3e7b6ec6-335f-43ae-8307-c58843c3b7a3,Sfkgcmc,2024-10-31 05:05:56
2d2589f6-b8c5-4136-874b-1b150cca4f47,Qpyvibc,2024-10-14 16:20:16
62a00184-0bf9-4be1-b5cc-c381095d62a3,Duejax,2024-10-03 01:02:58
f620efe2-a1e5-4185-801b-fc0af7821914,Ipscmjvh,2024-10-31 14:11:13
6aebae9a-13a3-4dc0-a5cf-e69a522f27ab,Aooenwzbv,2024-10-08 04:46:21
e367bb36-f62b-439a-b49a-758fdfb8c19d,Gscrnjtfocgw,2024-10-31 06:21:48
386f6060-c993-48b5-9fde-fef7f4b7e298,Ddtikmlwzvsz,2024-10-13 00:08:53
66b5932a-526a-45a5-9a45-fbb623735e19,Sjqlolbd,2024-10-08 04:57:05
b248e457-29b3-4616-a934-68819e1465ed,Toxkveql,2024-10-20 03:32:03
b96e5556-f409-4d57-a960-2b083dba3604,Zahnoz,2024-10-02 14:27:04
c5a6da48-c6f1-4489-8607-9fea6ba70219,Sjbahyzrwktuq,2024-10-30 05:29:40
f7dc4d39-12c1-4405-b1ae-79b47a8317f1,Xyyuatogx,2024-10-06 23:58:57
853bcefe-1f4f-46c0-a15c-38b0adcc78c7,Depkrryjw,2024-10-22 02:28:03
5a120b66-391e-4c47-b4f7-cb0dddbd6eb0,Xqecu,2024-10-08 18:29:20
e71be407-36ea-4682-bc69-9653ce2878d0,Otedks,2024-10-02 23:50:18
c9b24ca4-faae-4820-9a7d-fafdb37bfd2a,Dfugqvxvpgaabq,2024-10-21 21:03:38
ca96447b-08c0-43f9-8b4d-80d114c07e57,Xypbapv,2024-10-02 02:51:09
54f1766f-40c9-4a80-bda6-c759ab68a2ca,Oxlbx,2024-10-23 19:45:41
e1e97146-af72-4810-b829-3b1ce3340e7f,Zbelidafxlddin,2024-10-21 12:25:19
3f763ecc-042d-4e26-84cb-c05a5bdf084d,Ngkppxgkhg,2024-10-17 04:10:51
d3e1b514-4dab-41c2-aa80-388d1c1c7d4e,Wwyrrhkq,2024-10-29 04:31:25
a682d432-e439-4ced-acc7-983d78d28c01,Idmhjlx,2024-10-31 09:24:33
82a9ca82-2fb0-46ef-909a-70062e35cf8b,Zzgtvzny,2024-10-02 14:21:15
2f94118b-3e9f-4554-9977-b09196216999,Lruxfqkg,2024-10-16 10:28:47
16d5fe95-d4b7-4b06-ac5b-c7823427b4b0,Rnyghvj,2024-10-24 00:46:21
5c4f0d94-773b-4a84-941d-bcfadf4bd913,Vvdjjsbjd,2024-10-23 21:31:53
e4eb2e9e-d7ee-47a2-887d-995b4c4422fb,Sltwexwqzhafiza,2024-10-30 10:12:03
293e4ca1-e8f8-44b4-a53c-cef1a25a86ab,Suerbpqyszcoqcz,2024-10-02 10:44:12
cf091609-306a-4ad0-8d42-edb919967dc2,Wgfgeitmpac,2024-10-21 16:20:40
a8c5b9e9-03ba-4fe7-b195-9ea71fc8deaf,Gupykx,2024-10-06 03:55:36
a5407d94-9498-4023-a98d-a11057010b0b,Hbzpnumbhtym,2024-10-09 00:59:42
e780ecb9-5449-4b1c-83f4-7862e72b8c13,Rmhrygwdeioth,2024-10-31 10:55:44
853c1411-5e99-48da-abb6-74eb0c12c725,Cawclmwstedxxa,2024-10-27 05:53:59
6090330c-7084-403c-91b0-a8232ed91cbb,Sylsophvvgi,2024-10-08 17:34:50
973b5d80-6073-43e8-8389-00cfe02d3911,Jakyqiptj,2024-10-30 13:34:51
a02cc284-8ae6-4001-a800-401cc3808363,Tfgan,2024-10-27 06:19:43
6ea33328-6fd3-4468-9171-e46feb3bc5a7,Tdvssvxikoulqn,2024-10-21 22:16:18
8b254810-5d98-467e-a4a3-7bf4317d2d52,Sslujfexun,2024-10-21 07:43:42
c9f18751-2ad6-496d-8ff1-732c4fe6a23f,Fagthjerstwtcpf,2024-10-04 20:06:16
be42f181-bb87-4501-bc3e-2119a7181c81,Vjhlhfykjkcjah,2024-10-01 22:29:27
63afe7a4-3274-43ec-9ef6-3d34c24fc6b0,Wpeur,2024-10-24 23:18:04
db7180c8-086e-4995-8443-6f9bc5fac252,Qwwfcwssj,2024-10-06 20:37:18
c741bfda-6b71-4635-b414-ce828d13c96a,Revndzvrojs,2024-10-14 15:26:08
4bd1ad07-2849-4b00-b0ba-ac36e74feb3b,Khfefbcndauzrx,2024-10-31 23:15:33
6a82d153-3383-4af7-8f74-cde99f5d6331,Rciar,2024-10-04 20:27:29
788a03d2-02cb-41e5-8e8e-bc5f8ea4aba9,Adgltkfnu,2024-10-02 20:35:18
50e49c8f-7895-4ef9-b9bb-9b38c62185e5,Ancnaktrl,2024-10-21 08:55:40
eb702952-0454-4259-b4dc-ea65078c7878,Hudngvzbvuf,2024-10-03 15:52:44
356e1a1f-8671-4ec9-a76f-e0206f6dc0e4,Hcoxqpxzbjyrkj,2024-10-24 12:57:39
52503870-c724-4ba4-a4d5-8ca2783babe5,Cjjxocordvxtg,2024-10-21 19:17:08
4b6af36d-6cf7-4624-adbb-b08de0789a76,Hupipdrvpipcxo,2024-10-19 08:24:11
0abb3ed3-dd8f-41c8-b6c0-8ab0340181ee,Xgtbqhcbedjws,2024-10-27 11:02:28
3938472e-97a2-4fd2-8e2b-739ab3344a55,Ineavsq,2024-10-26 20:42:14
1a850966-cc06-4ae8-8e28-2cc14a593e80,Wokso,2024-10-11 04:38:00
350552ba-30eb-4332-8e9d-99de71f051b5,Zvrtx,2024-10-15 12:38:37
594af1f5-9bbe-406c-b61a-d4679dde6f1d,Xbscqjt,2024-10-07 21:29:59
f785f70d-cbf2-4ca1-9048-96bffd19c562,Scnwhofdobnjh,2024-10-17 21:37:12
a4175822-73f1-4de1-80fd-88973485b9c6,Olmpyzttbt,2024-10-28 18:37:05
b5329cdb-3d75-4f86-8328-de16a2160f1c,Dkpvoi,2024-10-05 22:54:00
3fc27326-e3ab-4097-9624-f81eae67aa88,Zavtnmbbqvdof,2024-10-05 10:50:48
c3b360ee-3083-448e-949b-da7fc40503e2,Zslqtdydvfjqszk,2024-10-04 02:40:20
ebaea6c9-7fa6-476f-b2cb-09a480eb52e9,Syviaijttnegya,2024-10-21 14:12:23
03e79eb7-7b7d-4ff7-80a8-1ce97c7d3de3,Qfmigtr,2024-10-13 06:57:02
082a76ee-45dc-46c6-a215-4d331c77f660,Gldafpimpirm,2024-10-12 20:08:56
1c4f65dd-74fd-4113-a1e7-a29289529cea,Dicumkvzvafey,2024-10-20 01:58:15
c003ac2c-02f6-4277-a9f3-03ed4f98956b,Pnzhnvuuystfh,2024-10-14 07:34:48
5eead604-a08c-4a49-994f-d0680567ab5f,Nlsxibbszn,2024-10-04 02:28:09
a0ad2093-5e6f-4d89-a8fd-2f85e3b93a6a,Tbgjcusbqfxev,2024-10-09 23:08:06
545c510c-9a30-4c1e-91cf-d8fd13e51241,Mjgtsvkp,2024-10-30 02:10:37
24c131da-1d8b-41bb-9c22-597593af0e9d,Vebmqlncfkjrah,2024-10-02 07:24:52
01cc63ca-fb71-4efc-8741-2dc3acc756d9,Uavybnuympts,2024-10-27 04:58:33
24eddde7-86ee-4d92-b7f1-a55f08275d67,Smcguoxtrewbjnf,2024-10-30 16:27:47
5b2b8516-dfdd-4c9e-9b1e-964f31a32b79,Byhghqkmrua,2024-10-18 00:33:55
3fc39dc4-a91c-4529-9733-7777aa3ac1de,Ebismutf,2024-10-12 01:06:16
4eae91dc-3f3f-45d9-81d9-a118bac71341,Xmgcclqib,2024-10-25 17:01:40
9e846a75-de8a-4ea9-a8a4-cb10e75828af,Oykkali,2024-10-11 03:07:08
173f0b3a-d58a-4e9d-ab7e-d722bf6fd0e6,Jfvommmtucigu,2024-10-03 08:40:06
9bb6d481-680a-493d-ad4f-875d83b58b04,Nlpoxgmjsllaomo,2024-10-09 18:00:41
3dd05350-87ea-44de-bc7d-aac2ca2a0c9d,Nygeoeuw,2024-10-27 22:23:52
3c2ea866-aa56-4d6e-a6f2-42cab6146ea8,Heocquu,2024-10-31 05:35:12
e4314246-d5fa-4b6c-bfbd-f434f6297bf1,Ihjze,2024-10-13 09:14:49
5ec2a6f5-34e2-4718-8f17-704b567b99aa,Bqudzicarxfgye,2024-10-31 01:40:06
31bea129-4d76-4421-96cd-f9880b183345,Wfhrzfcrkomicsp,2024-10-29 04:37:00
6405e04f-f961-41f4-9e48-a08cf870f326,Fiqrxbpoiccy,2024-10-14 05:20:45
9ea68242-71a5-4c8f-b3f0-4c96de28d47e,Iboifbiwkmri,2024-10-03 02:34:09
e2e4ecbc-c2ab-4b03-a141-f7f77511799c,Gcgporxvnnlzkt,2024-10-07 00:06:55
fe222481-a687-4e83-9343-5b8ebf74ed47,Kqcqsjxed,2024-10-21 09:00:43
068b55fb-0514-450d-933e-53351b7fc62f,Cuysfwekdb,2024-10-27 10:06:37
0642e06f-83aa-4744-b477-f84c870d6c91,Lyiidnt,2024-10-23 17:39:59
9be799fc-f84d-481c-8f1b-591bad09e78c,Vyaxgjyxhfp,2024-10-26 13:50:28
aca2575d-f276-4791-8134-ef23be9e6e2f,Uotbwloy,2024-10-20 19:28:02
e56fc955-08ea-41db-a169-2a48a3c991b3,Glvvmm,2024-10-05 10:11:34
2d89c67f-a797-40d7-8132-0336e266dc8f,Eymmyaeaglimkoe,2024-10-12 02:06:38
952044b7-cda3-4441-9656-b9fb489acc69,Omzeesqecbbg,2024-10-01 18:29:23
d8cdc84f-4942-4d96-b91c-fad2c0f18389,Yzlgauoxmabnja,2024-10-16 22:11:34
9abc44d1-7f6e-4b04-aa7c-4c1c26c3fb65,Uyvcbwalvaxzvnw,2024-10-24 14:27:20
b806aee6-e420-4f58-9610-928f0e398f44,Fiwdvau,2024-10-11 21:07:10
c52b6983-1093-466f-b932-6e359ba95ba5,Sxhsvvtdjrpwuoa,2024-10-24 16:11:52
f8c76f6a-e632-4ab9-9d5e-8532e6755df2,Ioems,2024-10-15 16:57:25
403d098e-4c3e-49cf-9cd9-34b3a785c4e0,Xgscxk,2024-10-14 10:08:38
2f459080-f49f-4640-8bf0-00f58e266dd5,Spmur,2024-10-12 16:35:53
0ee18961-9511-4395-b406-b53b1bc018f3,Jijnarb,2024-10-30 04:56:45
89ff02d1-2e9c-4a3c-922b-ed226ab14268,Jkksb,2024-10-14 04:53:24
d96b3452-58dc-401a-81b0-36fe4423b363,Yrvzkxrjwfmv,2024-10-07 06:52:50
49b52d80-4ccf-4fd6-8c0d-d5e83ebf534e,Yhhur,2024-10-23 23:43:05
430c5a7c-c8e1-4dee-916c-27578ef68746,Ivnwaayi,2024-10-15 19:17:04
2f37d80f-de62-4979-981c-78fafb676d42,Ntxafp,2024-10-07 18:53:59
a3c269f9-fec9-4f66-815b-8e8fd26149cc,Jpzgiezrvq,2024-10-15 10:13:50
1386be55-bdb1-4d53-a220-5c21efad064b,Qzoqifd,2024-10-23 18:03:41
3ca44129-84ef-40ef-9b5c-5fc699e1a2d3,Ddekhdyblfmxve,2024-10-25 07:45:03
b821b3ba-b2e1-4426-80f9-f07bab6301ad,Vxuljyuapkkkj,2024-10-15 20:17:05
83cd68d6-7c64-4e35-86f7-83518ec01f7d,Dzhrjs,2024-10-20 09:19:15
3f7404f6-3c4b-4fce-acdd-83643878b63c,Nshdq,2024-10-31 02:36:55
363353f4-32e4-4761-b06e-ae21c287756d,Asmtod,2024-10-25 22:30:18
8108f5e6-bc3e-40f7-9036-9c4e224ced17,Yoydhykjt,2024-10-09 09:00:05
a5948ea0-0bac-4e3c-84c4-ebb82759b444,Fnnsvqeuuycack,2024-10-23 02:34:40
1f978cd2-58fd-46e1-8a1e-37d164ffe06f,Vppncjoxeeruwd,2024-10-29 07:37:13
25e3f27e-b295-4ad9-ab97-29fc6f8d250d,Ndkgkaqmionmhv,2024-10-05 11:16:23
fc2e7542-5b78-4983-9fad-7876c146a8e7,Fugts,2024-10-02 04:47:53
6257bc94-2770-4535-90c0-816960743139,Kbuqoorelbq,2024-10-06 04:07:03
0a5a3cf1-766d-445b-a441-dd3dc20f5f88,Bwjujjjg,2024-10-22 22:27:12
f073ca84-f8f9-4ae0-b238-4984a405652c,Hbsioswvnlfl,2024-10-04 04:42:59
821bfdb4-c75e-43fa-a694-3bee2cfbdeb0,Vwjia,2024-10-10 02:59:52
032c33c9-6ad7-4633-864a-c899d65ea11f,Dtpxiibno,2024-10-12 18:51:13
0f93499c-d13f-49a4-9c0e-d8487f1e9319,Smtdlhxzg,2024-10-29 00:00:34
6602893c-ec78-42be-a174-0d698c1aad7a,Wwolyvpetspc,2024-10-12 01:41:34
be5fc811-9bc5-4652-b2de-3dd1e27e6fd4,Nvjkdsibmisyet,2024-10-06 01:18:22
64871cc5-9ca1-4760-a19b-ca876b8362fa,Rlxsogzl,2024-10-07 19:19:19
ae65476f-c8f9-4e08-8cbf-b4174831848d,Vzfcwtmorwcxhr,2024-10-19 00:24:50
11db29f3-c4c9-4c57-8937-5b7a6c593237,Wnyjimfejqm,2024-10-21 03:11:18
32f6b691-af57-448a-9174-d9491b07d413,Ukxcg,2024-10-04 17:54:53
81ba94ce-8f29-4b10-9c80-52967e23325d,Rbetbsvrzio,2024-10-01 08:13:31
1af8e6a9-d5a9-41eb-a548-9736d01f2962,Puchao,2024-10-19 13:06:11
716e4112-d428-484e-8435-1db9498ba04e,Koenzhfhjfxzjdx,2024-10-04 04:13:20
7da78cc4-8bae-41f7-9998-d05022e39819,Grwcez,2024-10-06 03:52:22
02bfee6a-70d9-425e-99af-95e8702f4851,Tncmvfkhjo,2024-10-05 19:08:00
3064f7fa-eeae-4dab-ac79-3ca371bc81e1,Txsymilkt,2024-10-12 19:15:00
8d5ebf3c-a15e-43e0-95d8-a2b55bfa59d5,Grpsgcgw,2024-10-29 02:22:57
9fd916a5-4d8e-4cf1-8097-043e9b7cc1b5,Ejslplecisduzs,2024-10-05 23:45:56
984e5380-ac90-4f57-97fe-12efa9e72667,Cpbrpjqkyxce,2024-10-26 06:11:21
f0f14317-9bc4-4c63-ba3c-845c71f58c1c,Hopwpdesw,2024-10-24 01:27:18
d02699e5-b365-4ee6-bea4-c4a33ad7405d,Avwvcuqekdgwxot,2024-10-18 08:57:51
f3fb0065-7892-45c1-9bc6-cf3245184d2d,Qiniz,2024-10-07 07:32:37
47266cb9-f69b-48b7-a5df-3f79a30bb3c5,Oepdmzset,2024-10-02 18:57:01
6b56f3f4-b830-43fd-a802-e9451277bfc5,Kgryfzhk,2024-10-16 00:44:59
340c9738-833b-46cf-b9b1-0b89c48cabaa,Eytkua,2024-10-22 08:47:02
e6687b62-bd49-4d94-b357-3d7106f0166a,Qnormhlidem,2024-10-31 12:22:17
4ec513ed-e1e9-4734-afd8-878f6eef446c,Tvgdylgaxlebaj,2024-10-06 07:16:59
ee127b32-e638-478c-9c39-3509ec5c66e5,Naojubbp,2024-10-10 19:40:25
9f680b8a-7721-4a7c-b078-854591df529e,Xyjafeojh,2024-10-18 11:07:22
835284bc-1148-4dd7-84cf-09e06bb51bb2,Wrckigezzo,2024-10-16 22:00:07
a90bc3f1-c442-4e19-bdd9-025b8f4c4e18,Jzygivzxf,2024-10-29 20:48:31
67e65d84-47d0-43ef-b1ad-1115a5c02987,Mjxfa,2024-10-25 18:54:48
f5bb9e1a-ac71-4cef-939e-969267f61c01,Vmzeybyert,2024-10-28 17:10:51
2facc8a5-144f-4da1-a0e7-ec98e64e10e4,Smthnrd,2024-10-11 03:30:25
2d57492c-0145-460d-8adc-8578ea80dd3d,Vkpoxafvnvsc,2024-10-15 07:11:43
78e3df7a-09da-4c93-ae4e-6389606a8124,Myaaxltpbgqob,2024-10-20 09:06:26
ef42f5cc-595c-4977-ac59-baee112ab572,Kwwhvnorunzpmav,2024-10-23 06:59:15
2d55f7be-0097-4caa-a725-ae83fc423978,Speoo,2024-10-30 15:41:30
31f69706-b08c-48ba-8cf4-d6d6af319caf,Jxbubozxul,2024-10-21 04:54:26
06d3989f-4b85-4254-b28a-8319b9ba5d56,Bdoblvmbgobak,2024-10-03 12:59:45
aede2b65-dad7-4e9e-b94d-e3524885f8e8,Xmsnzh,2024-10-24 12:52:41
bbe69cc9-3fd0-4821-bdd7-2bc254776c51,Qsagg,2024-10-14 16:42:08
3b9b5ce2-6833-42b8-baa6-f514a47c9b36,Ohiuymitovwftik,2024-10-06 01:51:57
493579c4-62e7-41a8-9803-fcffad781c4a,Qfitakwocrgx,2024-10-29 11:42:24
761452e3-b332-45d8-8cad-14f8076ed4b5,Bofvol,2024-10-29 14:07:15
832f79ca-0d37-422d-a7a4-134baf76a90f,Rhaqtrntvufc,2024-10-18 05:59:11
bdf69cf2-47a4-409c-bef4-976d33c69eb6,Stfkkjjnjkxss,2024-10-31 04:21:27
148b8f88-a781-4444-931c-a5eb6422815d,Bgcvtdksx,2024-10-17 01:32:59
5deea451-6d53-4e23-9320-93705dc21320,Lwgwqzeaftjhr,2024-10-02 21:07:04
9b41a254-e6d9-4482-bbe0-fd1532d8519b,Buikeuch,2024-10-25 00:00:49
0a8fabd1-5f4e-4830-86bd-3d45955157ac,Mpbcw,2024-10-13 10:13:33
305ee520-e0d3-4bf4-b42f-1dc11d3d19b6,Ivdseyngwav,2024-10-06 02:03:12
8d90302b-0690-47b5-b3d0-eed4c9e03956,Mimvwu,2024-10-14 11:54:29
78cd347a-ea02-421c-a378-d8eff1ef08d1,Cxftzwbn,2024-10-20 23:15:22
1f9204fd-8757-4e73-a2da-64b11dcad386,Ujpxar,2024-10-07 20:24:37
0e7abbda-59f6-40aa-b9aa-0ccfd9b1d46e,Qptlcgzmdgufors,2024-10-14 08:52:21
acdc23f4-a9e5-4c1c-a1df-8f70840eb7aa,Jqaiovog,2024-10-15 20:50:16
c4854136-284f-41d4-9fe1-9dad8b01da62,Anlmab,2024-10-11 16:35:59
afc413c7-a1f1-4e9e-bdea-33b6bd28e4c4,Xizpthvw,2024-10-12 04:31:41
eb37d08f-2028-449d-8da6-3cb17e54ea68,Rywtuvb,2024-10-24 21:10:45
2d4d9b10-a1da-4300-b6fd-e37df7ed959b,Ppofsjsyrdza,2024-10-02 09:52:15
be75d83b-005f-42a0-8d5d-835d6e2e5f13,Djguhmvnlg,2024-10-21 08:28:01
5bc8423c-28a9-446e-a934-eeb59a304fa2,Mlnywphv,2024-10-29 15:03:25
e6bd29f0-3fb0-4201-9747-c9b9fd8fd48f,Fwhlpth,2024-10-04 02:42:01
e63efe7f-05b6-4e82-9c59-eb409cd35808,Dcigfxgibyhi,2024-10-22 17:02:36
87415bb5-dbfe-4a1d-8416-978d6f94a19b,Sgbawj,2024-10-26 07:14:44
2820d4b8-9cd1-4d27-ab49-a3a38c2adb54,Bovpanljbkk,2024-10-13 05:34:54
2d643ee4-cc6d-4378-bf62-fd8f6daec2cb,Ulstu,2024-10-26 18:09:38
ed0ba4c2-e11f-4f6a-ad2a-cb47f9930f5b,Uvhrqokfvikll,2024-10-15 21:21:47
7f2d76ba-5a55-4059-99a9-7000a56b2286,Hpjmbu,2024-10-21 20:51:53
b0a8ecd2-fd93-4f19-ad13-05c532c290bc,Eykkstbn,2024-10-27 08:53:22
ef69537e-4dcd-407c-9809-173c76ea0313,Vulrncvsjwk,2024-10-22 23:58:52
9e1b294d-b517-4698-b6e5-384a347cff6b,Fyapyq,2024-10-07 23:34:13
3ff6b1b5-f158-4019-91c4-af187b6b406d,Gmtuybdzxgheb,2024-10-16 14:02:28
6e4de8ad-00b1-41ea-89ec-fb79324418f3,Fujsgrvnpzrn,2024-10-27 04:07:37
ee0fd260-9687-4db0-ae79-894c7d6f6b3a,Cqfrjklavlhhi,2024-10-08 01:03:07
a6761dcf-f895-4724-8609-eced716a461c,Emtlitpi,2024-10-02 01:02:38
41405877-f53c-4c5c-b77c-46239f58023c,Fpjdfplfdr,2024-10-25 20:41:03
2f39e45e-7b69-436e-b640-561f629bfbff,Hnxyq,2024-10-23 09:47:46
69dd28ae-4441-4932-a4b4-031b48247a9e,Nudygedbpqw,2024-10-14 08:56:57
2fea6a03-2e54-43f0-9e40-558e4710a758,Gcfrbgfmpfwkdur,2024-10-01 15:14:21
35a29736-3ae7-4ea2-8701-99186d561307,Tlcrecvopg,2024-10-30 03:38:16
d4d7e556-9e5b-4c01-a780-206ec5c9a407,Wvfpevmpbqmmmgt,2024-10-13 04:05:18
02a09fd4-7a05-4a56-8380-9dc8ba3b43fb,Nmgsysg,2024-10-20 20:27:54
cd66d70e-d635-4e58-b1da-f7b1ba171737,Nkszcquaqisgku,2024-10-15 08:55:05
72d0de52-3735-459b-92c5-508ac47a0e2f,Cnayvfkqxfpgr,2024-10-05 21:11:35
fdaa2114-386e-410a-aa86-1155f463a6af,Oritbvteetg,2024-10-16 19:18:24
19abf50f-115a-4d79-9931-16e10b1a9414,Xyzfiemybqi,2024-10-15 17:29:46
b7c13e97-32c3-42e9-bb30-307e64b909b4,Exhfoeawe,2024-10-28 10:43:00
2da374c3-bd8b-42f4-98c7-d56cd333644e,Ncoeqkogqvi,2024-10-07 14:09:06
027b2dc2-0c70-4a7e-ab98-485bc47965de,Veurnczniyp,2024-10-07 16:48:29
79d45d05-345e-4001-b9e0-bf96b987c93e,Zzqtpcoiybu,2024-10-13 00:29:49
494113da-3661-4bda-88dd-d3989c561155,Fntwx,2024-10-10 16:29:06
5529dd0f-0ff6-4c65-9c74-99e008ac992c,Yqgcd,2024-10-04 14:30:07
d2692b23-8603-4cc1-b716-dd7ff789b1f3,Lxplrh,2024-10-26 02:48:05
7d59eea2-7d6f-4b6f-b9e7-addec156816a,Ezuneybuygn,2024-10-18 08:03:17
9ca73194-c660-45b5-9e0b-679d06adef54,Ioqoksb,2024-10-29 07:29:13
6a1dc006-86dc-4e89-a519-ba9f71653170,Abouy,2024-10-19 17:19:32
96c9da4e-87f8-4263-ae39-51953fe38e7f,Enricjrd,2024-10-08 20:19:30
8a0b580e-3c31-4c2b-8e26-9d18946c17c9,Mcazwlds,2024-10-02 23:14:06
889d0943-b622-42b5-a997-a3912b7096bd,Hobjgur,2024-10-13 05:51:28
992962e4-2d88-4854-b580-80778a1fb740,Kjzhzrhunnrdmbm,2024-10-03 09:51:10
1d2a41cd-9e55-4919-a8bf-8e3020ccf6ad,Zpxrtrjdqetn,2024-10-25 01:36:48
8548aa63-4422-4a1b-b628-96260dc0daa6,Jtvbkvnquoddwh,2024-10-29 11:24:09
bb8ffbb5-e6df-43ef-bc46-fc530498a28a,Pvxxsuwznndn,2024-10-25 17:59:23
a7bd716d-8c08-4522-8907-bf859f4ecd80,Qjrdqxxrfqenyp,2024-10-31 08:37:59
01664c09-40b7-4d9d-99af-e65432e13ada,Yhmmzgruqezfry,2024-10-16 20:33:27
ea379977-1e4a-4923-abb9-7f4da6a341a5,Fkqykhy,2024-10-17 14:16:11
afed831d-0da3-4519-a744-e69adf54fa27,Bcpejuavkpqfy,2024-10-19 14:22:13
8390aa63-aa21-4bce-a1a3-a17ac75a0d42,Pifvljrdn,2024-10-14 17:04:15
f14e408e-e595-49d5-8c2e-89dc0e776441,Fkzmxdzn,2024-10-07 08:34:58
1fec828a-d8c1-4712-996b-27a161c17a0c,Emwcvfnkfasmkjm,2024-10-21 06:14:40
34b34f0d-57ec-4ed9-9260-089fdd6033c1,Tdyeafm,2024-10-07 21:52:26
8a8af100-2360-4643-a214-8253097a77d0,Yktcedvhgua,2024-10-15 05:44:03
517c78e2-6c25-4076-b305-130dc31b18c1,Lmwjewphk,2024-10-06 06:00:31
bdc122d1-88d8-40fc-98f3-3a2362269473,Aqdwn,2024-10-21 06:54:40
b34ab891-2c44-4a87-a6cf-6a1b288728ed,Evtaidd,2024-10-30 14:49:36
06f0a0c7-e1b0-4581-a124-db78d02d2ec9,Wksmmobqj,2024-10-08 01:38:15
e188e3ff-7ff0-48dd-af34-0fc4c39aa940,Npjbtsyir,2024-10-28 04:26:11
7a0f7052-9f79-4ae8-aeb1-df9dea5326c5,Urdysaaoxzs,2024-10-11 01:11:08
db7613d2-0f9c-4bae-891c-872ee29f41cc,Iuhewojrjqpxdl,2024-10-17 07:46:53
5a148152-22c6-4079-a657-e66578fbceef,Jeeynre,2024-10-12 05:17:27
3f4bcabc-d343-4739-8bd9-13170037b147,Cvkaaj,2024-10-07 00:52:35
cfc11019-524f-4e83-92a6-51baeb44cb42,Gdeimmb,2024-10-06 08:21:20
ae7546d2-1719-41c5-99c7-3c7fadf6e7db,Oldexfwphcegzh,2024-10-06 14:40:43
b682cee1-c023-43ef-93e8-d6b5f29fb7ca,Gehhsnqqku,2024-10-04 20:04:38
f90514a7-1052-4cc8-9e85-ae8c35a9bfe3,Lsazeyrcdlw,2024-10-04 09:32:38
758eabf2-b054-4d09-84a8-2c376d8be4fa,Mhbnk,2024-10-03 03:32:56
c84d35bc-e24a-4713-98fe-cffbab3517f2,Eiygbwswwde,2024-10-03 14:20:22
17f3bb6b-7022-433e-8e87-cfbb953290ee,Gobfzce,2024-10-15 12:06:52
cdaea729-7365-4275-a3cc-931b5f063b83,Fejaw,2024-10-23 12:44:37
ced6f6af-f6cb-4d94-8d0e-7e1b069447a8,Vgpjvhjqi,2024-10-22 23:46:07
6db5b88a-a907-41fd-91d4-5e118eab4021,Wbihomolicwyrij,2024-10-04 15:55:10
344818ad-2980-44b5-b73c-b194760e8231,Uhdnx,2024-10-27 18:00:23
07c315f9-933e-44ce-ab38-8aec8d272ec8,Xqaabuw,2024-10-16 14:10:48
9d36b2de-538a-47a8-947f-10da1ca90a5c,Umwzzwbpron,2024-10-14 06:26:02
8b9a264a-4779-4540-b7a3-3de1fad85efb,Uuavxwzrnansga,2024-10-12 15:35:57
217099c0-2cc9-481d-acb1-91744e70e29b,Rybppsocfdl,2024-10-27 07:41:29
06839a17-5b1f-4ed6-b110-7f975fef1535,Evmpdmflyfy,2024-10-05 11:23:03
4a66d883-e491-41af-9a5d-e74af91163f2,Vucmkf,2024-10-25 01:29:47
ce046841-1c92-4e91-8a73-7600a84cae7a,Moqiczdvv,2024-10-10 12:48:26
d1f17310-8d55-4f2b-8d59-be61c958b1c5,Fbzvqco,2024-10-17 15:42:40
77f741c3-4b4f-4206-a381-370c4532f93e,Znlwdaiof,2024-10-09 03:43:23
f07acbb0-4e44-4d5a-9ce2-60d099387d6e,Shdlcvegrep,2024-10-17 08:20:41
c173860c-d28b-42b5-8223-0974babdcdc4,Qhzfwizl,2024-10-30 08:16:05
74508cab-6000-45a0-9fec-25ce2e8d9331,Dtjsyarpvuxoo,2024-10-01 10:59:50
6f40207e-1c0e-4bdd-a498-0ac4632533af,Ipgdyxy,2024-10-26 03:09:15
41f11e27-2bfb-40dd-aa5f-56c26f898472,Xqtfxsnoedp,2024-10-14 05:37:47
211908b4-e5e3-4ae9-8678-1691e9b8069d,Fspwolvqvjnpllw,2024-10-03 21:24:02
3dfce8ae-6199-4a45-b0a2-d8866d717651,Ryjhgprkmk,2024-10-10 16:22:45
253001f6-e91e-4bb9-a62e-036a8110e5cb,Ormhqphmjcrurqh,2024-10-20 22:01:08
3d15acc9-be79-499b-81de-baf905ce2206,Rpxjlaadn,2024-10-22 11:58:09
8e22e8ac-59d4-4760-8f4b-dc92c97e566e,Emkhpdcenlg,2024-10-19 04:29:13
bbf8cc6a-c8cd-4925-ace2-7cc52f3f0161,Rzxzuubairdswb,2024-10-17 11:47:01
08765ac5-c362-4e65-8e9f-8a1e4c348367,Ctrmdco,2024-10-02 03:29:21
10775a42-00c1-4720-9ddb-cac57e48e639,Bblpc,2024-10-16 23:12:50
ae73537e-1388-4860-9d9b-73dff7f5ec5b,Octscybczuydri,2024-10-17 21:21:42
557a8875-9819-4cf5-9520-7d90d9e77957,Euzsnjxxcpzllkv,2024-10-20 12:01:09
0b46afad-f6d1-4dab-aedc-bdfaa441cfb0,Yashlpehuh,2024-10-25 08:27:16
33e07887-bbee-40f8-a1e8-325ac5aab398,Afafdgwm,2024-10-20 18:53:14
4aa05671-6155-4f75-82d9-ae157fcec986,Fykjuefug,2024-10-01 20:35:03
dfc0ee45-0176-4ce7-975b-57b8d1d22e96,Mjolusvgbfzuxo,2024-10-02 01:48:29
acb63e2f-c57f-48e4-a615-d5e3e536e1fe,Wfnxuireiwnhzir,2024-10-19 21:14:26
a8debeae-382f-4a91-afa9-f9f01e1825a4,Xjqnnzijolv,2024-10-03 20:58:22
6e47a86e-6373-43ca-913a-44170eefcd28,Isnvnjnp,2024-10-09 14:35:05
cf065254-c631-4edb-a14a-90330ecbfa39,Tepbqnrkui,2024-10-24 04:05:53
cd4681a1-d7f9-4540-811d-6b41ddd5a14e,Mrzsusoerwreo,2024-10-13 12:29:40
ec2691e8-270d-4de7-8355-44e59d89bd86,Lzickgis,2024-10-29 10:36:55
da1eac79-707a-4e9e-9bb8-5f4b640c644f,Ldlovgpj,2024-10-20 20:46:04
1b9b44a9-6813-48b2-8b89-2f7caf2dc90a,Kymflaw,2024-10-05 06:06:09
e3d75ca7-9513-4dc9-a016-6c86ef709ef3,Cwdzuyxdb,2024-10-09 06:02:58
b53a0732-e073-4bd7-8f64-41753002917d,Ddjgglyq,2024-10-02 16:57:46
b3eab035-cc85-48c7-a789-9f72fd7ed702,Aejnej,2024-10-11 12:27:12
dd0d21f0-b0dd-47e6-a663-aa66b70fede9,Nunhyqguut,2024-10-20 17:38:27
48b51bc7-3158-45e5-a0a8-fd7df46b447e,Xmiiuozqvd,2024-10-06 20:05:10
b56fae3b-ab2a-4a27-8bba-24af9cf08c18,Ruhamkqnwynvqet,2024-10-25 12:48:12
8364d98c-aff7-4f21-bfb5-89c7fb4d92a9,Xxzxprmnmmr,2024-10-12 12:50:39
ffe80ea3-4885-4052-bff5-b5ca918b520a,Rbzndhhl,2024-10-02 18:27:21
78d2f845-1835-4a39-8559-c208212f83f7,Rciylftlzjngmx,2024-10-23 06:57:04
16d78449-a921-42b8-8237-6bfc9fc03c23,Qvvixmj,2024-10-17 00:53:07
3b3dd2a5-289d-45b6-9fc5-f5c5c5bcf8fe,Ltmyenxk,2024-10-05 16:25:41
fa14bcfe-9099-4022-a92e-3265a97a0c4c,Kbnbsrrqhpgtgsw,2024-10-03 23:32:03
2d16f8db-3bec-48c4-a4e7-06d4c8c1c009,Nzhzykijongclzn,2024-10-28 10:53:01
08fb933a-a549-41a5-b302-f1c728bb5f72,Cofkzkaedds,2024-10-22 01:39:40
997f5266-ff35-4351-8eff-9ce1ebda829a,Evivggvgfrasd,2024-10-03 08:32:06
b72d8a6b-15c9-45a4-9dab-5d73b1afee62,Doixbmdbcwypsli,2024-10-01 07:18:59
1fbdca93-a2a9-4e59-ac16-abe8ef87338a,Lnmbbbaylvruh,2024-10-31 08:20:28
9a228691-f7a4-46e3-919d-8a3381359a51,Omnyf,2024-10-08 04:39:45
8e013634-c2e4-4e42-b6a3-f128ec88e464,Prwxal,2024-10-26 22:16:08
754def1c-f917-40af-bb00-aa0173490262,Rdoftn,2024-10-01 12:51:43
612c2b15-ce85-4aae-8684-68906932ec68,Uamoyiy,2024-10-14 23:56:31
796b32d3-caa7-4277-a8fa-1e2dc4ae92f8,Nvkvcm,2024-10-15 19:23:07
4ab5a56f-a4d5-4581-9831-1382369d812d,Dvntg,2024-10-09 09:55:06
612b9fd3-9eb8-490e-8466-e4ed1cd013ea,Usuweybjarwfwmm,2024-10-21 04:09:15
c89cdb12-7aac-4d75-8bc2-dcd0b1521fb6,Cayuhpzzzqgcvd,2024-10-03 14:59:45
b046d3ff-9db5-4fc6-9dc2-50ad84f9eceb,Zorlvicuqj,2024-10-26 07:20:24
78ab2081-d52f-4160-91d2-0b9fd259f940,Gtdnadbt,2024-10-18 17:52:26
8ef41571-0036-4a7e-8e87-da565e923a78,Lshyykgthxmj,2024-10-27 22:23:25
e86d6b8d-22ca-4fe3-bc45-db85ec2e5bac,Bhnmu,2024-10-04 02:10:49
ab864955-04db-4c4c-bf2c-6a46796469cf,Boskivte,2024-10-17 15:48:25
3810a1e4-3464-44bc-bc12-0bf4d12c6a14,Ipskd,2024-10-17 15:02:58
35c41582-5ea8-4af1-8854-1ac825ca6df7,Nvoti,2024-10-29 13:31:13
3a6ed104-a078-400d-bc78-694fa345776e,Kqwcqcijfbusja,2024-10-30 08:19:56
b622d8c7-c87c-40ea-bbcb-af92db1dda03,Qojvxha,2024-10-25 12:32:25
a66f7b97-21ef-4e93-b469-1d209c6cf54a,Yxoij,2024-10-01 05:36:23
27c3e63b-a51c-4d7c-bf86-231379056b41,Gdqtuyihry,2024-10-18 14:32:05
588f1e88-ec1c-42c8-bd88-f39c4aca27f7,Zixmpva,2024-10-29 03:23:42
c20aa734-8bcb-4b10-874e-cc1cad3acac4,Woonshgn,2024-10-06 17:03:13
ea1f07f6-2808-49fd-8b99-3566ee941eec,Wtvwystlx,2024-10-07 00:56:31
4ec5ba55-bb06-4de6-bdec-e1f207174ace,Nepwqasjqmjk,2024-10-24 04:14:26
b0105779-4dd9-4017-a21a-35a122a46205,Ifirdaqxiwy,2024-10-05 21:31:32
e1502bf0-98de-4737-8e5b-71bf7d13f72e,Twvffaimiibrgt,2024-10-19 12:32:53
426d1ed8-1b9d-4ed1-9241-93a58bf46c1b,Yzvjixdi,2024-10-27 20:18:45
be114848-c3ea-4f00-b66e-1c1e58853e0f,Pkyviv,2024-10-21 15:11:45
f3160682-1d22-4a5d-afb7-bce93c6e26b8,Pamjukuldzbj,2024-10-24 23:07:56
0632c64c-1023-4efd-9739-c2cc580bf8cf,Pqvvsjrbv,2024-10-30 02:52:06
a6653522-d5e5-4c84-82fd-aa114863da95,Jxujlvgg,2024-10-24 23:11:47
4268fa3e-b7cf-4b1a-a410-4088aca5ee6a,Twnsvgoxevwh,2024-10-15 12:19:42
3a96feea-85ee-446c-88bb-cb7c289b67eb,Ejvga,2024-10-30 09:08:06
a6b5a26f-a24c-471f-94e5-54b1cadde0cd,Wkpuhyja,2024-10-13 13:59:44
54f811f2-7b10-4fa0-bc8d-55cfa74bad7a,Xvmekbjvsrhpsx,2024-10-30 19:08:34
c17f9030-87e4-4e1f-838b-caac69934861,Utaehtiy,2024-10-29 21:44:44
36be0d54-04d5-4968-8607-92701b30112f,Hxwcrwup,2024-10-05 07:32:46
36b48827-be5b-4e22-9f32-09a7afe99e48,Zhawsqux,2024-10-20 08:56:58
ecf4a6b5-ed74-4109-8e98-2367b73ab044,Iwjws,2024-10-09 03:18:52
989880a1-6f72-4bf1-bd38-80fa8dcace46,Ubdbwlg,2024-10-10 12:50:00
f5ca5d09-d98a-4b83-8f09-9ca2978cc2d4,Mdjqzoupx,2024-10-26 14:43:29
b59635f5-001a-408f-9d4c-b4cf0755d18a,Mmdnziqwe,2024-10-22 12:27:18
16ebdff4-af38-42f5-89c1-c9aad5097712,Avdguyjbompko,2024-10-22 05:33:08
c5f04fad-1df6-41cd-b3ef-a93c77a6dd60,Xkwzbovjjkpwn,2024-10-26 14:00:02
6bd8fe36-7361-4758-b00c-921ef7af9b5b,Aqbxosrdus,2024-10-23 13:47:30
9bcdd3f3-fbf7-48d6-93bc-d05e0a6d38dc,Hljyqztrriroe,2024-10-17 12:01:31
b1b0610e-ca89-40a3-b74b-19124cd6f12e,Dzvihjyaplru,2024-10-04 12:56:35
7225eec2-8a14-4615-abc5-8f879c45b26c,Qegrazkhbdfiz,2024-10-27 03:20:57
ef55d0d8-5fe1-4686-9cc9-9f56641f8757,Dymueescuqien,2024-10-06 00:20:26
1e278ce2-6163-4242-a3e3-7c6a58ee2060,Ohzzflmnodwh,2024-10-14 06:51:44
136691f9-4f1b-4be6-94a5-25c658581353,Kibzrjcxrth,2024-10-08 08:09:43
25dd4140-ca0e-4cac-83d2-01b16c70b7ab,Hilohyyno,2024-10-13 19:16:26
57652b67-af10-47e2-91ee-3f9268cb91a0,Ubnvzm,2024-10-30 08:07:26
7cf8c83c-ab70-4788-b260-659d427c517c,Wzbwonqntdoyzol,2024-10-18 22:16:14
14e7623f-0506-4e83-a87a-e11d65846d9f,Hgchujape,2024-10-04 23:40:03
ca6080ca-af3e-4e22-9c26-4813d6f9b4e4,Dmgtl,2024-10-13 18:39:03
af88b147-ed76-4635-8616-eafaf354a644,Fnzfrozrkpmenu,2024-10-14 10:22:34
1042d745-7c19-4fe3-85fa-3f88bb035a88,Brbybgalwlobk,2024-10-11 05:42:56
b4280f5d-e28a-4aab-b7cb-b74106053e9e,Imgsgegb,2024-10-26 11:05:26
5e5d8abb-9287-48ae-8b70-4b44eda14b4a,Sxttfjmrripuv,2024-10-07 20:28:40
7a43b606-d745-4e8e-b59f-72144b562737,Yurnsc,2024-10-23 06:44:36
17e14850-cf83-4945-bba2-bb4975b4f57a,Hwlbangvyzls,2024-10-05 19:41:34
1926e788-ee48-42df-abf1-bba496679096,Zcmbr,2024-10-31 01:00:57
4207f719-1b5e-42e0-a3e2-40dffde5e30a,Nxdbwqh,2024-10-16 02:16:48
926e463c-7a96-4927-9884-502278b11178,Uqrovrmejjg,2024-10-02 16:39:56
af306b14-d174-4c71-8ba1-83a11e188e6d,Zpkygfuzleuzzvp,2024-10-25 13:45:37
6a134d82-8d0c-4467-b17b-dd6e7b0483dd,Ltnqir,2024-10-14 10:34:36
013e2f5e-687d-4436-9201-fa8e58c8a0cf,Ysdykklly,2024-10-09 16:44:48
ce6441a1-dd59-46bc-825a-1f68d50a2ef3,Jlioinzjp,2024-10-31 04:10:48
342bccf6-ad62-45c1-8392-63f3cff1ef17,Owiztzadddcjvcs,2024-10-12 15:09:12
8020e4e2-6b52-4819-bcf8-74e4437ac5f7,Awaqxidilgbxlu,2024-10-05 16:01:37
2a750753-5a73-42c5-9145-0b93206d0487,Oanebxyhqw,2024-10-25 01:45:37
b3fb3466-4d81-4d74-b6c6-21422effa384,Zayylcbgiffx,2024-10-07 05:08:47
cd1be153-01ad-4cbc-bb7e-6c3084b94287,Mcwfxpf,2024-10-21 11:09:43
fe24d719-a51d-46e4-b3fc-3117eedab132,Qfmofudv,2024-10-10 23:37:32
9c6bd6f8-28d8-4290-b465-bb6abbfe5f5a,Adpmsugz,2024-10-17 09:12:03
0d904a19-a87a-4a46-a4a0-57bc6c225e70,Etphsnpn,2024-10-26 01:50:27
485c2b39-9f61-490d-846f-e0f561925418,Hncpubvwla,2024-10-30 05:36:16
5b5328aa-ecba-4ba6-8572-aa7530ca1395,Nxasynbhmhctqx,2024-10-26 10:19:09
4fe51094-2f16-40f5-9f76-bd225e448d6a,Uzhccrvvmharqq,2024-10-25 02:47:04
e9c6033d-25db-44bc-8415-96a372c076d8,Lfiqqgymqo,2024-10-13 01:22:05
e2140deb-8dfc-4b0a-ae61-5218b88642a8,Kkqpbzmd,2024-10-04 00:18:54
aeda4503-da2d-4aae-ba67-4383d34b09e3,Miiyvugidmnfwa,2024-10-17 08:55:37
19cb1e5a-c97e-400e-b15f-907aec587cf7,Geoefqcraoby,2024-10-05 20:29:24
4b5c179d-d970-40ea-bedd-3f7a98292317,Ooownquparcaq,2024-10-01 11:34:26
493af80d-33d8-4a3f-aa8f-66ff969fb309,Payfypuhnuuyrev,2024-10-16 21:43:17
19e6aa7a-bcae-4bb2-a20d-fabe7fc034f4,Hrtffbibrbdmz,2024-10-27 00:27:57
ea172689-68c3-4540-ab44-20629d6571b1,Mligrg,2024-10-12 09:23:32
f1a64609-6619-40a8-ae46-a76fb2ad9138,Qgvvff,2024-10-28 15:01:58
e42df457-52cc-4c25-9fe0-fbdfb0a8bf58,Guzgswlgek,2024-10-04 11:13:59
9102ca7b-4988-4b3d-8074-bde315701d5b,Ahplhtf,2024-10-31 11:23:06
baa37287-b66e-456e-947c-42d6dcb9a05c,Woipmtpkzktm,2024-10-13 01:37:28
cf6a9f89-586f-47d4-a928-e6eb0b91a279,Uodgygmj,2024-10-03 13:42:58
4d3ecaf9-38bb-4884-97b8-1d1ff47f1542,Idswmkp,2024-10-22 07:25:38
c1f135db-921d-4f0d-8c5b-ae4989bf9d2e,Tpssqcvxuhtby,2024-10-13 02:44:10
ed703309-1a83-4d43-afcf-c306b9de83bc,Qoleqjettyyxydi,2024-10-31 04:14:21
f31414ab-0a3c-4af7-9895-f8e20997933f,Pzthmffwmmgpag,2024-10-10 23:02:44
3ab6447a-60e8-4296-8b11-7b016806a2e6,Fxsiylwiuscvc,2024-10-02 08:36:42
641d6654-84be-4133-981e-940c0b9af9bb,Xwbrzwpb,2024-10-20 11:00:28
ce42196f-18a2-4b07-aead-33819d8716fb,Psbnpppsxrtyk,2024-10-02 19:23:29
e10efbf5-bd00-491d-ad7c-8d6a7cf5c2e5,Oewunwjygsgqz,2024-10-30 09:04:50
e6a63545-1924-45a2-bc35-d483578cd2ea,Ihdkcalujemrzlv,2024-10-27 12:34:59
100586b1-3299-4dc7-98fc-1c0d59586ddb,Jfyanki,2024-10-08 17:53:50
ae20ee17-f3fe-4d9e-a446-467d112872da,Pofhcxdyj,2024-10-02 19:41:27
e9584902-9209-4bf3-aa6b-4f2b23d326fd,Ertybzhkeb,2024-10-28 13:08:05
fd8e99a0-4fca-4df7-aaeb-74a9aaff9d7d,Tqyejtbfahxol,2024-10-18 11:28:48
3a36c837-92a9-47c5-a7c8-7d2aee001185,Vtuukmf,2024-10-24 07:54:23
8e187e94-a223-4db5-9615-a676d7ae1570,Xvtxvgighefhi,2024-10-05 11:17:08
74be51c8-7590-44b5-aa8a-27d3cd9ab63b,Eoxxgyeewbqrb,2024-10-14 01:40:00
42c799a7-a5fe-4a74-ab92-126ee8bc0333,Mkbeiz,2024-10-28 23:14:50
4c1591f8-941b-450b-a859-25e72b096e98,Roaxxjcwmsqlz,2024-10-30 02:00:40
9bf3fd56-7df7-449e-8814-b0e14d399723,Atqgpqxpzkrqmcm,2024-10-13 22:23:36
a48f98d7-7613-4c41-b8a9-7d0df3fae07f,Qbqelonazexf,2024-10-04 03:17:38
9d78d7d1-5a23-406e-9928-5d6d96fed2f7,Iffywvyhzxjyin,2024-10-07 08:14:41
bc9ab54f-bedc-4814-afc4-a05b5f5e85ff,Ifdqwf,2024-10-07 22:55:14
91bb8a4f-9d31-48ef-aec3-b52fb61b574b,Jcufkmtmcvdz,2024-10-21 01:04:32
d3333ad6-5f08-433e-8601-785b83dc4a3b,Caqzjgjhzzwr,2024-10-25 20:49:53
8c3e5c3c-68a7-4f06-87f8-bdaa13000b6c,Nnzwuwzkzmaxo,2024-10-10 10:52:29
65a97da1-1e20-4a3d-a763-f7c267e8548a,Uestnxtn,2024-10-15 04:13:30
83b6c9d3-fd7d-423e-a6e9-afe4552dbaa3,Hbrhuiowdpwfkg,2024-10-19 07:35:11
a310bec7-2981-4e32-ad45-20faaadadb1f,Ueelfhgrm,2024-10-18 08:31:03
2a6012f4-639c-442b-bee7-ff7a7b62bafa,Oztuu,2024-10-16 05:05:33
b367a476-694e-4761-b384-7055398ded36,Vulyvi,2024-10-16 07:41:51
668538b7-9875-4fa2-88e1-7385c403e2c5,Ijziifuclzuzjqg,2024-10-01 19:50:40
f3e10d50-31ad-475a-b46d-7ad764db27c0,Hdeewlzcts,2024-10-19 10:52:22
edfa74f6-4973-4e34-bcd6-6d655441f0e1,Wlvhozqyjstmph,2024-10-20 22:46:24
18954c3e-4560-4427-9fb9-ba28b2c05637,Zsjdutbyilld,2024-10-17 18:39:50
37caf862-93af-4674-98f0-f54f71cef5a1,Rlvbry,2024-10-17 11:25:23
b25b054d-9110-4d70-9451-5e94fb478e9c,Kociczorrf,2024-10-11 06:58:28
b03e981d-1254-4c2d-a575-0907c4ce5ede,Ioaejhbqnua,2024-10-04 09:33:35
bb864f68-71f0-48e3-9a18-4e7dfa673b8f,Xaouwnpztih,2024-10-23 21:38:04
d81353f6-ec29-4fa9-9aea-d9bdbd7c6e45,Aqgrybnenqduy,2024-10-18 09:28:19
ad00185b-50f3-48fe-8d46-453824c98a0d,Xnqbsapzzok,2024-10-13 06:35:09
04b75870-0c9e-4dac-945c-48c46b413476,Olkqcccw,2024-10-30 20:26:15
20f06ad2-a082-4b11-9b5a-e57ed1c15214,Ovbynwjkzmru,2024-10-08 20:31:27
b315854d-5da0-4a94-b55f-8f6ecf94da80,Yjwdkabspv,2024-10-10 05:13:21
63852005-eaf0-435a-9b15-bc13d1eef0df,Jqanykfyurpap,2024-10-22 04:36:14
11b4e1b1-c330-4f4e-845b-cf91c9dda521,Zsrnnhf,2024-10-04 19:29:49
e3d85c31-0d50-4b08-8254-7db8bc6cb5f3,Oephkoxocbiygk,2024-10-04 08:04:12
aac6f45e-c62f-4b62-947c-1ab568def086,Twelc,2024-10-14 17:09:49
a3dca8dd-7fc2-4e9d-a795-7818b66afc6d,Ijqah,2024-10-28 22:17:33
b4310a65-928e-409a-8e7b-946b45e03c11,Kghxdlo,2024-10-30 17:02:49
7d234cfd-c881-4486-882e-cd7b546d0d33,Ysyln,2024-10-02 02:05:56
7014b21c-a63d-4e1d-849a-cb52bd6b9d6d,Dwhiaiiuqbpxoof,2024-10-23 18:02:18
71e9267b-c780-409c-b078-352e0f106cf4,Vrcifmwscwbbac,2024-10-13 03:52:01
c46475bf-1b49-4019-bedf-ea863d604b0b,Mtehsfttofck,2024-10-02 15:43:08
fa4cf995-5a66-4b6a-8918-e1da76d64971,Vpfciaapzzctz,2024-10-20 07:45:31
681cbe03-f014-4863-8597-2010b3b635fc,Cbkvwwt,2024-10-26 08:24:05
5459e7f7-3a53-413c-a870-b126ff69d972,Zmnxutinifktb,2024-10-12 20:23:00
d8990bf6-62ed-43c4-803e-8715ee8667b9,Hrpiy,2024-10-28 15:38:41
3d5d3ef3-3df1-4edd-82f9-07e45a0d62ed,Dzjoykgjklucxhh,2024-10-19 15:08:50
a1d7601f-b1fd-4697-85a3-02623e70c624,Wkhaiukhhmvb,2024-10-31 04:27:33
15763a68-b536-4b32-ab86-8225c702bb29,Zolepjonckqizoz,2024-10-07 21:53:43
1a8a29aa-dcad-4b23-942c-de4cbd473f02,Uxecoymmpji,2024-10-31 03:16:58
e2c7ff4a-c9da-44a3-b94e-7e96ab677cb7,Ejeiwpdzwcmnyaf,2024-10-23 04:12:17
df8353ed-2e4c-47fb-b18c-6f5364ebe44b,Fphjszlzjuj,2024-10-13 23:10:55
01d2679c-2acc-4dbe-a48f-332e0299722c,Torajmxhfhmoe,2024-10-16 09:44:22
d17f085b-c1e8-4382-8be7-9dd9926dab54,Kjrexa,2024-10-18 17:42:19
a2f8e35a-15d8-4fa2-a79e-f012d631b0c5,Yhvbolcqnrwnstz,2024-10-15 01:17:38
a741d25d-17ee-4cbd-bb28-86e9f11bf169,Sobscvejopnpw,2024-10-15 23:14:04
909294f2-668a-4aae-8dbf-f2844a2a046d,Niivsjjgleynvl,2024-10-09 07:55:32
6851655b-9b0c-459b-96d2-b7a6bf9b8a2d,Yejovngk,2024-10-20 21:45:42
d5277b06-1241-472b-95c5-628446f7cb32,Kksbwer,2024-10-13 02:03:34
9ee82d6b-810c-4a0a-9f57-a503bed16ab5,Axndws,2024-10-11 14:23:12
c40ccd21-502c-485c-9ec8-7d5be6773965,Yiatl,2024-10-03 10:59:40
1cd30de5-7f21-43bf-9178-9536f9d6ed6f,Siucdbamzu,2024-10-23 07:41:57
99ce2a3e-3dc5-455d-8f0f-2042cbef1ab2,Kykwctbubznbz,2024-10-30 17:17:01
f5850504-6835-4447-a5e6-b8953239edbf,Pnzurjigj,2024-10-31 00:02:16
2c07fcd4-9b6d-4f7a-a2d3-c27259e0b770,Cgddykzepzyyrqn,2024-10-19 18:24:02
a5c67bfa-7e42-42f8-bcc6-605d18fabd52,Gglaiz,2024-10-02 18:41:00
dcf35974-dcc4-415f-8e5d-86f847dd1b6c,Mmrfgsqsnbn,2024-10-09 05:22:24
143ced3a-416e-469f-9ce4-e30661e5ba66,Feryrfxtfsqexxj,2024-10-28 16:28:09
1603a14b-47d2-44db-8162-08b141bda712,Wcefyko,2024-10-02 03:14:02
cc468908-701f-46f1-9f88-188d9c810b2b,Wdgyisklobbb,2024-10-19 04:31:37
f5663335-f836-47af-a3fb-1f449c1ee7d9,Woaccz,2024-10-16 16:22:39
875c1be0-f3e9-478e-8911-c6d02701685e,Ihqfb,2024-10-30 20:04:23
95101895-cc68-4645-916b-76d3dc4d14e6,Dxrnhshds,2024-10-21 22:48:11
6a8c8caf-bbd2-49be-8653-8b759d8e262a,Sgyetahozmot,2024-10-22 16:22:37
223cc0e3-c682-4278-880a-0651fd8180e6,Yqvjpj,2024-10-05 16:33:16
5718a71a-f25c-4e4a-a6f2-107cfb183ea5,Hbajr,2024-10-25 17:21:30
a93adc44-d904-4f2f-b9b7-f771dcbd2bd2,Ioqzkawgutl,2024-10-08 08:28:19
52afd35b-f3ab-4f92-bd29-cbbacc420b19,Taqyr,2024-10-23 16:59:20
07477bef-f901-43d6-88ca-8249a29c728a,Ctxvkzbmnmines,2024-10-16 12:44:26
6164728a-5155-43f7-b8ac-a91f100c7def,Ebiieyzxg,2024-10-10 11:24:51
9ad22617-fee1-4bab-b0ce-dc2139acda82,Jzbpqavywozeubd,2024-10-05 22:39:15
1e913c41-1b01-48b9-aa32-c0afc1cc8fc9,Nzxjejdws,2024-10-02 14:14:09
c01c8695-a0dd-4696-93f9-03976d9d2c8d,Gdmqnq,2024-10-06 17:00:20
59a2dffd-4822-4c20-9ead-785d47e5b5a5,Sijlexnjlxqn,2024-10-25 09:55:42
b59de080-95ee-4c1d-9580-cde69c4d9eaf,Dmvbrasq,2024-10-06 21:26:34
2b20f5b6-70e4-458d-b408-9cf00e272d1f,Qcnaar,2024-10-15 19:42:29
2fd2086d-e1d5-4d75-8b1c-aa5893c67ac6,Ddbdzajzwc,2024-10-13 23:07:40
7e01e9fe-c6fc-4506-90ae-b22a93aa73c7,Vagsywohhld,2024-10-02 11:57:02
36c433d1-6d94-47d3-9bb0-106801879355,Dknrt,2024-10-24 02:15:09
ae4deac2-5b84-4744-ac79-b1e92d8e7de9,Glckvmzpaivhb,2024-10-15 12:13:54
922fce77-377f-4774-8ac8-c4b22a389e4e,Ogtpy,2024-10-12 13:55:22
38973ab9-fd9a-41da-be32-d2f4b833b8fa,Cwuizlkxjyyoe,2024-10-01 09:35:35
cb3b0c0f-231d-49b1-9001-ce254502b1c2,Zsurmzrmczozr,2024-10-20 09:08:50
266653dd-d77d-4b68-955c-b7a08b06f873,Lewriquujtdkgxg,2024-10-16 05:16:09
09b5cf6e-7df8-4727-827f-dc1ee697f750,Ggpoot,2024-10-26 10:48:57
9df028db-a444-485a-92c2-a12534028e7e,Xixvbdsnceibh,2024-10-26 23:00:47
4ff63a8d-b40b-4434-8ec7-73cf7d088417,Xgsemmgqvodaiut,2024-10-28 22:19:08
53c23bc2-2be3-491d-8612-f14525175249,Wjbytwsjcdgdysp,2024-10-25 21:28:33
0c1c26e9-76fd-4fe8-96c8-53ea71073175,Xfekzj,2024-10-21 02:48:50
c76d2532-c119-418f-9baf-4822178dc38a,Gvwyukcescvvwgd,2024-10-02 21:18:25
c797b5fe-0ce6-433b-9fe7-399421f05c66,Uktywsk,2024-10-15 09:21:34
6142e651-8677-43c8-afb9-df00faf2450a,Ekzxtnuyoeu,2024-10-28 05:24:10
6c93b485-41dd-4b08-9084-c813d3126312,Pqaqvj,2024-10-16 03:08:50
baf1ed7f-4118-41ce-869c-bf6a49d688a2,Lqjkxxansv,2024-10-19 19:57:36
3ee161f5-4e04-418d-b267-8c8de7ce39f5,Quwgq,2024-10-23 06:08:09
5761c32b-89e9-4f23-adc6-45d042bed0e8,Elrgvevhncqur,2024-10-23 22:11:01
c07a6a16-c1c6-403f-8190-a346d89ea32f,Hwosnlwu,2024-10-23 07:10:39
79a8568d-27ea-49df-8143-84fa5cda437d,Kyfbiqtmbao,2024-10-04 20:29:54
a7a8989a-cefc-457a-8a02-b40ec4215e52,Grspikj,2024-10-11 03:57:46
1045df5a-11bc-4075-8445-c318ec0dbdcd,Mxlitu,2024-10-01 03:19:45
c1108f50-ef1a-461f-88c3-191eb9607b6d,Vogiwpkmjmcqv,2024-10-16 12:25:48
77cc1638-c7c7-45d8-85ae-bbff6dc28b00,Styzqamstytkb,2024-10-15 02:47:50
abfeee2d-516a-40c0-99bb-7678511aa35d,Ybnkoraa,2024-10-16 04:26:40
31e62c3f-3134-42c3-8f28-e1c384fa1a46,Fsghxnhek,2024-10-30 17:23:09
1738b0c5-39b3-425b-91b3-d778cd7a9eea,Bkkhuzetrlehmo,2024-10-31 06:10:26
119e2365-ac40-49c8-b38e-bc74a14bb35d,Wcmuyhvkdh,2024-10-18 22:37:23
2efe4a9e-e307-4c97-8207-2e83f4ef92ce,Biswbxncgqm,2024-10-20 06:05:33
d93e4752-82fc-44b6-b6c8-258a687bfc22,Bobbij,2024-10-06 10:37:42
c679a045-b72e-4b9b-98bc-32bb070d4d0f,Fsyqyfjxl,2024-10-28 20:41:37
0bc7e17c-9c07-4236-98a6-20ddb0434f21,Ouidb,2024-10-06 17:25:17
8afdb441-703a-4812-9d8b-25202c2fc6a0,Wcpwjfxqpgo,2024-10-14 17:51:39
f0ddffed-b54f-4ea9-baab-cd34475ef04e,Pyoynsyw,2024-10-24 02:36:40
739dc9b4-4e73-472e-b6a4-f45507fd74fc,Sldqhqpkh,2024-10-16 08:40:47
f5730a56-52ce-455c-98f7-fe37bb20c555,Vaodxxjyvrshp,2024-10-19 22:54:59
7d521e10-dea7-4720-b063-5780f2940017,Rdallpvyzqf,2024-10-14 12:32:12
d7edff69-7fa8-4f5d-8b18-ca92a29f0741,Lsecplvgza,2024-10-29 06:54:33
6fb6710c-5e4c-4ed1-8a0e-07759c9b5829,Qzfzuwgaduohuh,2024-10-23 20:11:05
93359e34-ea73-445d-af1e-aebbb36ca588,Pdtyzxsgnu,2024-10-21 15:52:10
aa290b09-7909-423b-93a4-a6dd44f2a753,Rcnaq,2024-10-14 08:58:58
922eefd7-cef6-409e-9b0f-d0a8ec0aa0e1,Qfxfbzsvym,2024-10-01 10:41:52
7f26dc56-e79b-4471-9b53-b3b0b1bcc42c,Fqejykmwvwhrm,2024-10-21 03:36:15
7d2c5cd6-d699-4f1e-b4c2-3a780ecd1a12,Mapusftrhee,2024-10-22 10:06:46
78887b33-b2cc-47ca-b267-d074b0afbf96,Dtsydyriel,2024-10-20 16:23:00
cbd1896d-c00b-4174-a633-3a0a06fcd1c8,Sizfltpz,2024-10-02 16:04:43
73d19430-610e-44bd-921e-bfa0f775dbb9,Pmjlbszuro,2024-10-02 06:39:23
039cfa47-c490-4ee3-903d-a78df8f3ec87,Lyhmku,2024-10-15 04:51:50
a770c7d7-fa5c-4645-95cd-73d9e625cc52,Zxpduthnkb,2024-10-21 22:40:57
11426071-f75b-4a63-9147-c409231e87f6,Vtmvbvykln,2024-10-09 05:00:32
5fb12c1c-8591-4cdc-a250-9060a0173894,Btnxl,2024-10-13 11:15:51
a2282663-b183-426e-b101-bab06a4f50cd,Dvnmwtgxzdkoy,2024-10-28 03:38:47
8b92eec5-6e4c-4727-8c4f-3e2eddae378c,Powezchjrmk,2024-10-18 02:40:07
2ff197cc-52d6-4aa2-868b-f7e2477cfa46,Srzmjs,2024-10-30 22:07:56
64a9da88-ac25-49d6-871c-15b62e1cd243,Uvqqm,2024-10-28 11:43:55
fb716b7d-fc6a-4d42-8773-9a623c113aee,Goxivnu,2024-10-23 04:27:03
57a2deb4-c5d2-4653-9a6b-795843e1394a,Mhaqxu,2024-10-20 05:33:50
8db2bd27-61b8-4382-b2e8-6e22951e05d6,Ttsuquy,2024-10-22 02:25:07
265012fd-ddad-46ab-bb90-bb734efcea62,Wditnbmvg,2024-10-15 01:41:18
cc6503b4-b719-4f39-857a-3666930e57a3,Xfxeevrusysmtww,2024-10-15 04:45:23
bde31666-402d-4321-8ee6-502e3d76138d,Mqqxythmtovx,2024-10-25 12:36:18
5430f550-d5a6-4a2b-b810-654eca4c0aca,Vghptxuh,2024-10-16 22:37:23
7fec87a7-fbb3-4a6a-90c1-1aebb98350da,Zvqmipmfhzdtuf,2024-10-11 20:15:11
0c7ef7a4-22fe-4d03-8e62-76137b961275,Eirpp,2024-10-24 00:10:07
2bdad41d-2033-4f57-9358-c17a8f1a2bda,Aztlcqehuyzd,2024-10-12 11:52:13
64c5c3f6-e357-49c2-871e-61d70cfe378a,Gdgtlaowwxi,2024-10-29 20:09:05
9eeaab1c-85e5-4284-94d5-80afde7f0a99,Tndqmmqx,2024-10-30 15:13:30
15d29362-392d-4235-807c-9cdc2e2bb625,Bqtnbdozd,2024-10-12 04:07:45
8caaf580-3e82-4c2d-a32a-c65712aa55f2,Nzzexchpwhr,2024-10-28 22:58:32
f526f2aa-12bf-407a-ac46-f5b2d876bd4c,Ftejitktrddz,2024-10-21 10:16:45
9c8a1ee8-742d-4db3-b925-e96568bf8cb0,Epiaqzjugrus,2024-10-31 17:34:06
a758c406-0d7d-4085-b241-f77c9fb47918,Keunyjpe,2024-10-15 05:46:14
f784bdbe-4695-4eee-a68a-35aaf02637ae,Javolskun,2024-10-18 19:31:43
fb3917c4-7679-4cf7-85cf-a55cf8710b2f,Exmsjwpweugah,2024-10-15 10:43:41
ef9fa6cf-5479-475c-b9e8-dde2246cc307,Veoozpee,2024-10-10 08:40:26
0b90e2db-3eaf-4610-a20f-23accd825025,Twyjj,2024-10-11 03:00:43
67494900-340d-4afa-818f-bceb59a20dd5,Oqddtecqylxqarm,2024-10-21 20:49:03
e55ef7c8-5d30-4ba0-a3b7-881db733c2b4,Jtgoxmrdrcm,2024-10-15 08:35:37
632373b9-5da3-4aa6-94d2-ed92958c7122,Nydhcirhtdcl,2024-10-07 04:47:28
eb495bbb-2fb9-4535-b94e-6ed7efc8e8ba,Rsefafhot,2024-10-09 23:42:50
cf4e3ce9-ff94-4883-be92-bb118c471198,Mlkcpd,2024-10-20 20:35:58
d4d8e6be-0396-4e5a-affd-0f13c1a48237,Eiiwmywfxfv,2024-10-02 13:27:24
64191862-13a9-4d81-9e41-d0c12e52daa8,Riefehxtou,2024-10-04 15:24:53
91a19074-19bd-4775-85e6-6b6e94f95a01,Nzszvao,2024-10-07 22:23:50
fb87df6b-f9ab-4b9d-b34c-d03417905f70,Pdvvbupzhidw,2024-10-04 06:15:04
4332d9c1-300a-43cc-bb6e-eae5703f656d,Iekopntuiqp,2024-10-26 23:55:27
aaedde3f-8d75-47b0-9126-dbbbc6a6a416,Uzzpvxja,2024-10-20 07:33:21
bb7d8e6e-5abc-4953-8c0d-a39eea9b259f,Asohl,2024-10-04 02:32:44
22b4db99-91c8-4e1e-baba-497417563e20,Sipzckekiux,2024-10-09 00:30:48
89205dc8-dd4c-467c-8b9a-9b084df73b4f,Tpbfv,2024-10-06 22:44:11
c60a8670-5cf3-480d-ae6c-79793390fbe0,Wzetsuhiwoz,2024-10-06 19:35:41
38b005e8-687a-4a52-b45a-effc32b2a256,Mcgyljb,2024-10-22 08:57:42
669469b9-e4bc-4333-9e69-a860f1d9fc2d,Ojfoz,2024-10-24 06:23:20
d3b00c25-9d72-4e09-839e-d5f33d936f47,Ohhpvrmsrz,2024-10-07 01:45:04
3da43858-b4da-404a-ac4d-601d58cc11eb,Zmrxvhqr,2024-10-02 15:22:37
7eea8614-fa0b-491e-a3b0-a52b17f079be,Pwpyaqwpbvzov,2024-10-24 15:19:49
72ddc37c-c958-48a1-9410-9b948e3fac71,Xeaupjyibo,2024-10-28 08:31:41
85e33517-a1bc-4464-a748-0d2087060443,Uuifm,2024-10-30 16:36:34
64e67d2c-d4a7-49d0-8e01-60a0455cac9d,Rqcwruskkfbtvjw,2024-10-11 08:57:20
805d9b29-3b6f-47fc-9f61-4ef4b0bf070b,Eooaquogfmbnudf,2024-10-04 03:07:28
437b5ebc-4244-4ec6-a571-0f0c0f03d9e8,Mhdwgar,2024-10-14 13:45:52
0604a9d5-920c-478a-b0c8-0af51a931ea3,Nlwstwe,2024-10-03 08:45:33
c54a23e8-a5e4-4aee-9e8a-1518e0e01d30,Jhyfivx,2024-10-02 21:30:59
93582a2b-975a-46df-83d8-85427b27403e,Vlepza,2024-10-23 02:02:49
9eb6beb6-d7ea-4eaa-97ba-51fffde3ae1e,Xuvwnw,2024-10-10 18:37:38
5d301f97-1cf0-46d1-a699-c44e163e9763,Awybeuzateoy,2024-10-16 00:56:42
0e06e593-1244-442a-ab91-af218e5d36be,Mkfrrdvm,2024-10-15 10:03:57
b52643ac-f53e-4fae-b1ae-b2527d6cff21,Jeenzsfzmbl,2024-10-27 05:04:42
60c6b506-3339-483d-ad58-08453d8691d4,Bnvycy,2024-10-21 03:29:42
fc87d2aa-a84b-4349-bbda-ff06ed5d8b70,Oobqxayyisbm,2024-10-12 10:07:18
523a30f5-419d-4b5d-95b7-e5789e7bf3ff,Urijccm,2024-10-23 20:14:32
495b632b-10e9-4eba-bcf2-81bcfe3be517,Oqsughveznvd,2024-10-14 10:43:11
2a458ea3-c6ea-44e8-839c-d5899df80d0e,Ftwpcsslvpuod,2024-10-30 12:39:49
29aeb32e-d223-4fdf-acfa-ce3e438c5cc3,Jbldrudxlc,2024-10-07 14:14:07
077cc287-1ee1-4f4f-ab42-53bf1b250f4a,Iqklyhuvvtbxwhg,2024-10-20 05:36:15
d6d1f61e-d9a4-4517-af07-59e28454182e,Dgtcxvayfbpy,2024-10-13 18:36:26
73a3f55b-803b-41b0-81ef-99f447c82ea1,Lruoej,2024-10-03 14:22:30
5e61f9f9-65eb-43a9-8a94-30444509309e,Qdgmvftfhxxvpgh,2024-10-23 01:13:54
81072b72-d36e-49fe-9963-2a59cf727c72,Azbmqml,2024-10-18 05:34:28
5160ff7f-5b4d-44d4-848f-4790635439ae,Jhuos,2024-10-07 12:36:21
f5f812a9-07f5-41a8-bccc-d4accf3752f2,Jwaxpknqeqd,2024-10-09 21:48:22
ef360ed5-2901-40d1-9be4-084c5665cbdc,Ccqklrdfxodug,2024-10-07 17:24:58
4227e9eb-c29c-4e61-8ddf-327f6cbcd39e,Lzrifubzyjqfxw,2024-10-10 09:59:43
062b2af7-5d6b-40d9-b624-52a64cc22235,Prtmgq,2024-10-30 20:15:13
35e186e3-bbce-4cf3-8d95-1af429c5d993,Qvheisxk,2024-10-09 01:45:41
ab509ba5-c0bd-4995-9933-c7cfffa58892,Yujrpuhm,2024-10-15 22:10:26
6592a2a6-1a8c-4407-acf2-f67fb4712a48,Zjvfedxclrteit,2024-10-06 23:52:31
94184834-c50a-404b-ba08-ac0228817ff2,Bwnjxxuke,2024-10-16 20:39:15
5b5bc1e0-69b2-4161-ae60-43e33684aafd,Dpugkivubza,2024-10-19 16:59:36
ea3e6424-cf08-4e87-8c85-f32ff03a9ba6,Hzybim,2024-10-27 10:19:30
27199448-9a84-4a63-9108-3c2ee17b2b00,Xdgkbnyjovxji,2024-10-02 03:27:27
3188178d-ed86-4f96-896a-01622d7e5c95,Higcjzdtp,2024-10-04 04:48:48
6413a5dc-541f-41bb-ad2b-346011d41782,Czmtbppgasmkgjk,2024-10-14 11:44:21
09b5bec2-04b3-4f9b-a50c-60dc637c65cf,Lvrykeslcsj,2024-10-18 08:40:06
7c5b75f4-2633-4e39-bdc7-ab6aea0a5b3e,Nokfwtvwqetwbad,2024-10-14 18:38:19
c5187bea-9eea-4b08-9e1f-ed6a1a78f9a4,Khpixjjno,2024-10-02 02:08:42
f1b99f10-5c6b-40f2-bd1a-cc0260043b9d,Euivn,2024-10-23 14:12:37
6fa12bdf-d2b3-408f-9c5d-59e9d43450e7,Gmgxnigspntmtnz,2024-10-27 10:44:46
cc228f5f-271e-4341-9474-b92bbccd6dac,Hksszccynblii,2024-10-11 11:37:29
897f1e51-9d13-4b18-b4fc-c8d9cd0a5f38,Zfagstnoc,2024-10-09 15:42:05
7b746bbb-510a-412c-840e-03abc790ebcf,Gsjdppjly,2024-10-28 06:30:39
a55f06f6-4f3f-421e-9760-187759b76e33,Tqgjgkr,2024-10-19 19:59:42
0f1a8139-886e-45d9-b4cf-b75bd86ac7fd,Kdiruplo,2024-10-24 19:20:19
3feb58b7-7a3b-42f2-80c3-22f1544e4b82,Btjnmhchk,2024-10-10 03:17:59
c59dc2fb-8e88-4ab7-8632-b495e5edc095,Vdvcvymsr,2024-10-08 01:51:46
e69bfa8b-a7e9-42c1-84b0-a893dbeb7323,Zeeglvteedkkmut,2024-10-12 19:11:34
a206efe8-3009-4066-8409-6273fe811925,Vrtao,2024-10-15 08:21:19
6f1d7468-9fd0-4422-a08d-11a072cf06a1,Ccxlxqyceoobdj,2024-10-07 07:59:36
03a82db2-d552-4aed-bbc5-7bac1b4eb3e7,Csonygip,2024-10-01 07:32:51
e36b94c7-a3da-4dc2-beb9-c9bf321c4e87,Vftiwvvjjfiol,2024-10-12 10:24:44
0d78c249-03d8-4174-8d69-4cfbae0f0211,Nxqnnkrglgw,2024-10-19 07:47:24
a0524147-677e-48e3-bc08-af9430926aba,Abplb,2024-10-14 14:36:32
763d469f-a96a-4632-8f93-dc2b208c8558,Lwwhjhxmzlikcop,2024-10-19 13:01:14
920ab436-7913-4b03-a1fd-aa017a918169,Hwbxrqmuxk,2024-10-21 02:15:40
dafd2446-541f-447f-89b4-2189e771ca99,Hzjktfjdgcyyr,2024-10-02 22:47:26
37883c1a-26c3-442a-a508-e4ce409c536c,Gejlwvid,2024-10-10 04:11:51
ce7118d7-872b-4237-a07d-152cca8f7cbb,Xfhnh,2024-10-23 13:15:20
825172d4-484f-4d24-a7d3-4867d84a4c03,Chtnm,2024-10-25 01:40:43
c32732a0-b691-4cac-b0ae-05a683105a92,Eojeufxm,2024-10-24 22:11:57
e8a13e7e-436b-4e53-a764-f33d92131f79,Cbzclwawgpi,2024-10-21 12:37:10
9764e5fa-e7f6-4028-a578-c3bbe2013051,Ycxwji,2024-10-19 23:35:37
4bf33f8d-8e1f-4ffb-9673-048ecf2a439e,Zpiieqszp,2024-10-27 06:21:32
2bb91b2e-db43-4631-bcd6-48b9e8ac18c5,Aygolhwmpqkp,2024-10-26 11:40:46
f6bc1c55-aa01-45af-8418-6528ae181dc7,Quzexkvmgpuhz,2024-10-31 22:24:38
943b2e36-a4e8-489a-82d0-68dafa84b7dc,Lzzvlpqfgr,2024-10-14 02:24:59
7d49c1de-b1c8-4ff6-b439-7663ce6c66ea,Rybqlqjrigiof,2024-10-15 05:02:43
3fb0755d-7a63-437d-be21-08f58ed5dec0,Tvvtxjbp,2024-10-27 22:00:32
f08df757-69b1-4df2-b1f7-94577984ce5c,Goqsdptwvkxdst,2024-10-24 09:22:51
a8a0ff07-7b66-4638-80c5-19d04e08dc72,Phnesnx,2024-10-12 14:10:43
a257b351-5e09-443a-88b8-630f960a2327,Xolgak,2024-10-15 09:41:40
7adb0097-3b86-4b6b-9244-88cfcee1e974,Acncoa,2024-10-29 00:51:37
30aab463-65b4-46a2-9084-91f3984cf109,Vgaqyjh,2024-10-05 23:58:41
70f2a05a-8b49-44ce-8e40-ec2d7526ff1b,Vnopwjwhfbctv,2024-10-05 16:03:36
8ae3fa72-40ba-4c25-82a7-cd295a274071,Xqdbjpdbqe,2024-10-13 19:59:29
db6212d5-0b3e-4579-a834-1b1eee1d945d,Zzsypxycj,2024-10-21 12:24:52
9dd37eb0-bd20-4375-b9bb-d1e4db3e09e9,Qfjfyycr,2024-10-11 12:35:59
3e189037-39bc-472d-ac09-2ec379d99071,Efqwetqgkbubp,2024-10-25 07:22:14
c4dc71ed-418f-4729-8592-8c68aa59d76d,Yfcgktnhzqelmp,2024-10-17 23:48:48
364a3224-3d0d-49e4-a149-6b2394421ede,Mltczbougku,2024-10-16 11:39:44
01e503ae-2718-4e86-aaa4-711e3bd03048,Paill,2024-10-16 17:06:13
2962fd50-0bea-4e68-b590-cb715acdcff2,Mknuv,2024-10-20 15:07:23
f8a56e7a-e5f9-400d-b7c7-11a765f1b576,Jvuihugozyjlzhg,2024-10-11 10:11:11
460f3780-7d79-42f3-8604-99391cf62aad,Ihaqfaoev,2024-10-30 08:35:34
7b308d8c-4746-4403-a50e-32be57d67592,Voylqdjl,2024-10-11 15:31:54
06b36d10-7997-44d8-a4c9-3b9b72d24879,Tisvik,2024-10-27 17:45:41
c8700fe8-8627-457a-aada-911b526a4ebb,Zhtrxgk,2024-10-22 21:38:28
da4610a6-71c8-4515-99ca-0c09571d1081,Aivmvhsrzlbze,2024-10-06 05:31:47
1e6fc9a7-91a0-47f8-aec9-d159ee70547c,Dlktixsvcsctjr,2024-10-11 06:45:30
126039f3-65f6-45a3-86ba-a687f5b5ae2e,Juileymuoqmajb,2024-10-12 02:28:31
2fe5455f-c01b-45b2-a7a5-971222a5c62a,Vzkve,2024-10-17 21:48:39
500b1ce0-b460-4728-b21c-cf8855b4a206,Rwnhqpjzy,2024-10-11 14:18:21
22940499-74a2-4b29-96e8-4e02372d5169,Eqszmj,2024-10-05 19:50:39
df4796a6-5a45-4e18-b373-6e5e2b667486,Bbgryaklcmyjfqx,2024-10-17 20:48:22
20383e17-c98e-4c20-bcc9-5015c9fa2d02,Rohqvl,2024-10-30 23:04:21
c695d40c-ef6a-43ad-9482-8662311d9c00,Tvlsu,2024-10-20 04:32:32
5e59ff58-8303-4b9e-ab2b-bdccd79468eb,Bbqpv,2024-10-20 09:04:12
05f3ca80-26f7-41eb-add1-dd4feb2af15f,Vpuipmvf,2024-10-19 17:45:14
d58eee8e-97ad-4ab0-8a62-a0cf22d46f56,Yoicxuxovgprg,2024-10-16 03:49:03
adfb4b69-1da5-4239-9251-527a0d61343a,Cyxjolewyfbgsth,2024-10-17 14:46:09
8229b2e0-8c8b-4b13-b5ee-c0081bcca74b,Yepblnwkdixnot,2024-10-08 01:10:03
e5d82cc9-0c8b-4dd3-80e5-16bd4ea05061,Xwbyzhy,2024-10-23 18:13:42
d06a52fa-7e75-425a-839c-27ccec0860ad,Ukxxo,2024-10-14 15:56:51
4bd108da-4ffc-447f-be59-7adcde3dd3e1,Pjmzfalrjw,2024-10-19 20:00:40
cdfd9062-9109-426a-ad38-0092268cea36,Mhsoxidnzskvra,2024-10-10 23:21:48
b393fad6-82bc-4553-b428-5cf19c23942e,Eovhkrqek,2024-10-11 17:18:17
31ba2772-8c84-4737-b466-9c7bdfd040d8,Ucnbcszfxyu,2024-10-03 19:18:10
95170fcf-61cc-48d0-abcc-32207bac6027,Zeikfclkmoo,2024-10-20 15:43:47
d527899a-be7d-48bd-a5f6-6ae9716d4c7a,Pxsdgaw,2024-10-17 06:12:56
824ea9f9-dfac-4643-a52e-5355bba33615,Lnmlmps,2024-10-19 16:14:42
c23dc728-6c2d-4c7d-bbb0-98c26d79d45a,Izokllofn,2024-10-07 19:18:09
b17f09a8-4b5c-4221-916c-45b4803ee206,Prildple,2024-10-26 14:16:32
27008b3b-71ed-459a-a9c7-308632f0858e,Ongpodvwuf,2024-10-07 19:40:03
e69a8e40-34ac-4cdf-bb7a-3c6395391e9f,Ypajlpxgiswdt,2024-10-10 18:53:47
129c32fc-f426-463e-b7af-98e4a09d998d,Vbeoqwb,2024-10-03 03:43:20
6d5b37e8-8aca-406f-9ad0-c3026f253279,Isqhnxok,2024-10-06 23:22:25
338c2c8b-0edd-4353-b7d8-4f1d1914f2df,Mwxxjseeom,2024-10-29 18:17:44
d03c35a3-e950-4bf4-bb1f-73abd93b7ff8,Vprhnziuscrtdj,2024-10-15 22:01:56
2e5e0cce-c6b9-423c-8374-35c39dea3d46,Zwfmwwqm,2024-10-10 09:52:08
9477825e-87a7-4061-b67f-d6f0bf912cae,Lnafaid,2024-10-19 03:28:13
b943faba-4faf-4aa6-b57e-6fef4aec0310,Qaeayondldltxi,2024-10-24 17:00:25
219cbf32-1157-4266-b4c0-782ed6a6fb9f,Dpwzplbxhtxu,2024-10-16 11:12:54
1f365ddf-0d46-48dd-95f4-e0128b6817d4,Qidsocpgj,2024-10-21 08:53:03
e2172b31-282f-42f2-b0d5-547df322fcdb,Eirvhzub,2024-10-10 18:22:00
6ff81a60-75ed-4721-95a0-d7b89487262c,Gfgrobhagi,2024-10-01 20:35:54
e85f5621-b4cb-4410-aa26-d2c1892a5b5c,Xkmjxmbuwtac,2024-10-17 06:51:03
c26b782b-9391-404e-a00b-58198ab98274,Nqfbtwbcpxivmq,2024-10-02 15:24:01
65c28619-136d-4e9a-9b16-a96f59143234,Fmstzm,2024-10-11 05:53:32
683733a7-07fd-4a03-8b34-e17c139467b3,Puhlncybugv,2024-10-16 09:30:16
7ccd85a1-8f8b-46a2-b67a-8c6fe418a13a,Flfzg,2024-10-08 19:03:29
c2439e51-b6cb-4e71-a4fd-aa6dc57f27c8,Ycejtsxpdhkm,2024-10-13 23:22:46
148ea39b-ac44-4b72-9d5b-6cba053575ca,Umejujgnc,2024-10-30 23:32:44
a54964d8-721e-43d9-84ab-eda2cfb88f6e,Okgeucfepcrkc,2024-10-23 15:18:33
da21c6f0-8b24-441a-a236-eb32476c4756,Uppeytdio,2024-10-21 21:05:31
bc5a114c-0f1e-4041-9913-dc68efadaea4,Tcrhfc,2024-10-13 20:45:53
fa694d54-476f-4c8f-ba04-b99a2b2615df,Waikbsfumflbqg,2024-10-04 21:50:55
e55fb8bd-60ba-4389-b897-f15ea67dae50,Jnlublmv,2024-10-01 08:15:12
3271474b-0026-44a7-8a7b-af8c4663b012,Xoklpheak,2024-10-11 20:18:57
f094f112-ae0c-4e15-9d7e-6d5d4f8c6e79,Sdrzzeefbhiaba,2024-10-26 06:32:50
b6ed3e55-5e99-46d0-bda7-fdf36c0ebf74,Zjuobz,2024-10-25 04:09:42
491a2204-e979-4eb9-86f4-4bcd3318b603,Msgvvrvoga,2024-10-28 11:08:48
3e21a777-e1a9-439f-9d65-76e3fae350d5,Bvvhiracje,2024-10-07 01:02:48
fa5fec8f-5ac5-4766-a813-45bae0e6f4e2,Omjkmzjhr,2024-10-30 05:19:23
a88f331d-e4ac-4073-beff-e8424930a45d,Kxauzu,2024-10-03 06:36:25
6555d73c-96e2-4ff5-9990-4a79ca12b095,Oskyjpqiycnbaf,2024-10-27 04:05:07
062375ad-a752-4298-8523-361eb441e4e9,Wpcslv,2024-10-01 23:37:03
11daf3c3-f21e-40ea-a4de-8ee0db0670c0,Knyxxeweqp,2024-10-31 22:22:47
f7220238-076f-49b9-aeaf-2002d7aec6a8,Iuvwaalkbghiou,2024-10-16 08:57:44
95eccf9b-decf-4164-a851-7408366c84a9,Inhfzmsoccisb,2024-10-26 06:26:20
d4cb998e-945f-43af-af3c-563bdbe065c2,Fgrzvwgjj,2024-10-30 16:58:59
37418708-f54d-4328-8f97-4c3cb631078c,Sjzrdg,2024-10-06 13:00:12
606d5bb6-5814-48aa-8a5c-39fd8af794fa,Uampouznqwcbbcm,2024-10-09 04:46:34
247f4c5c-258b-4c99-a1ae-2e91537615c0,Kfvivkw,2024-10-23 07:54:44
0be13ddf-ab50-4d53-b120-2797933b2fc0,Pdqylxhhpvs,2024-10-31 16:10:06
a28b5f9d-3899-4d80-9bb1-b4a51be364a1,Vbiaxqr,2024-10-23 21:58:56
2dd24e5c-744c-4d23-a80f-8ba6f5afe11a,Mbnbicrjanot,2024-10-24 08:48:05
dfb29381-0ba0-435a-9a6b-4732d0f6d551,Dshicd,2024-10-29 08:02:15
2d0a21c7-9a86-46e9-9fe5-97a9823f8005,Ofsdrvnlme,2024-10-30 06:45:50
a015d115-0a25-4550-9e7f-1297571fa9f4,Kdjagbicgpshi,2024-10-15 12:09:07
bfbb2344-76ab-49b0-9457-c8066c9d4053,Ruvfjsrvaxvk,2024-10-05 19:40:33
dd4c20cc-e17b-473d-82a6-f1c6310d961c,Odcynpqy,2024-10-28 10:07:03
5b103b54-242e-4245-9531-1ba379aa47fb,Xwxgdlqyiip,2024-10-13 12:50:26
5fb2ea14-302d-42c5-a5c7-ba8caaa8026e,Wddfktfnso,2024-10-20 16:38:05
c3d76fa3-10d4-4ce4-b2fd-de788a24a6ee,Yhrlgjyadrg,2024-10-23 12:50:25
cd4f947b-3921-46bc-a301-dcf5c68c18fb,Nauyvwig,2024-10-06 05:45:06
46df7787-d0f5-451e-a1e3-3805b298e133,Jutoeem,2024-10-26 18:46:35
53a5428d-dc91-4072-8dac-16800f16777c,Irhjavmygthmtx,2024-10-11 19:53:14
63539a8a-69ab-4ec7-b667-b685504a5e75,Dxijtwlw,2024-10-23 21:48:25
fbd9855f-6d8d-4aa7-a0e1-440d354b48b0,Actdyvom,2024-10-07 20:37:33
5f9da512-720d-447a-9af3-f905541406ad,Edmjtobkz,2024-10-29 03:46:25
e6224433-153a-4704-88a8-082413f17846,Qkksmddzgjv,2024-10-25 02:49:00
9db6a634-b5f0-4fb5-ae73-53fbf7d7baa5,Xtmiefv,2024-10-06 22:39:29
6c43395c-f8c0-4d7d-a4db-11aa5f48d34e,Dpigpdat,2024-10-17 06:13:07
a1ae2fec-05db-4c12-87b4-e9b40148e4a4,Ytoglfidlcxdmqg,2024-10-10 08:17:43
09803825-4cd3-4cd4-b4d8-64b75b3d4fd1,Hikkgqgshpd,2024-10-31 01:25:35
9f5521fa-099e-4e5a-bb42-633956ed4665,Zuydfmoehmkgv,2024-10-02 12:58:05
b0a48de6-59fb-4dcf-949d-10d348bef191,Opjdstuqzr,2024-10-27 13:13:45
6ec3ed1e-a8b5-4016-a5bd-b76769fa1695,Phamdstjp,2024-10-28 16:04:36
d5a4211c-e724-45d3-a952-5cc393cda78f,Zewuqkyj,2024-10-26 11:52:58
7388ee73-e646-482a-9674-834bc2316b8b,Bzknpi,2024-10-16 07:20:05
0fe56d45-1865-4cfa-b4f1-b0fa5337f8cb,Dqfqa,2024-10-06 17:40:54
0c813aba-afbe-486a-9dad-165eb6f9b5d1,Kyzymiwcgqcch,2024-10-18 09:12:48
90b220c6-42e3-4a68-b134-6c7e8a6f0e66,Ltsvw,2024-10-06 16:04:54
d336df5c-c670-48b0-a40a-1cf814eee43a,Acfadofyw,2024-10-18 08:08:50
78f90ff6-dfc7-4751-b9a7-ae48cfbc06bf,Thierur,2024-10-25 19:41:44
6c2be06e-c158-439d-a74c-1d5d38cab90f,Jkoezlwx,2024-10-27 00:59:22
685af78f-d647-407a-bd57-f65b150bbb12,Zliaiazvkmtdatu,2024-10-10 15:42:30
ad740e93-6215-4149-ade1-423ccf361036,Lbxakjzkhcx,2024-10-18 22:10:57
80c926c2-f745-4a90-9b7b-ea73fcac99fe,Hzfnjqgr,2024-10-29 03:39:30
18d1ff86-e7fb-420e-96f2-a180b0338dbd,Bbzwekgcplg,2024-10-22 07:28:33
93873bf1-cded-4621-9efc-0401fc37c361,Pebwsw,2024-10-19 11:45:30
537ab795-2b98-4c08-9f52-a6dc425d5987,Dtdqpnlgthu,2024-10-29 16:19:56
85a7f6b6-8fb8-491a-99ed-6bc83cb89741,Rsdjkavfdslx,2024-10-11 04:21:39
25abb9e6-6289-4570-8c40-b714ecddb7f2,Hrfwlmmwhx,2024-10-02 12:23:17
b74b0ef7-d717-4d8e-9f01-711cb45c3e81,Tgfmthrj,2024-10-09 05:46:00
8ac4bf54-f20e-49b9-90bb-0cce04970460,Eisyt,2024-10-27 07:55:15
424f5623-3c39-4773-bd4c-707b3b57ab6c,Yamxmijqx,2024-10-26 18:00:32
7abd3563-648b-446c-9613-7a3657ac2bb4,Eyanchbynrxn,2024-10-09 14:20:07
28ac33db-7822-43be-b5dc-1d3a5ea72479,Xlsapyqxpvu,2024-10-06 01:15:43
3dda1eb4-9fb4-4e59-a477-93fb03116bb1,Fqktiroaclfsa,2024-10-25 12:46:34
dddfd54c-c8c9-413e-9692-0a05def91a0f,Qaamfq,2024-10-30 18:46:17
153ebba2-cb4d-4a07-98a6-1f92fe6c3f93,Sbzwtcffsfrg,2024-10-08 00:45:50
0ea99599-ef17-4fc3-8ec7-78f0881d72c8,Gujtaexxfwlwrpc,2024-10-10 22:48:51
e746de06-b7db-4c2e-9b6c-5cbad846fd34,Rshjdp,2024-10-29 08:19:39
c8bab8c9-55cd-412d-aeda-feb7aa725d0f,Msgcbackyanbym,2024-10-16 01:20:46
ed0e271f-6cbe-44eb-bac5-1ef4bc13b636,Oalmklggarh,2024-10-01 15:23:51
d5d6d06d-4c0e-428b-9529-c7de663ecc09,Mbgbwexxhg,2024-10-12 02:40:58
094d6604-5697-4bdc-83b1-2f66faf8a8b9,Nlcxtfmejyfgab,2024-10-19 09:22:01
78df52a8-89fe-4042-abb5-194bd4625dc7,Gloagmwskz,2024-10-07 06:11:13
c4c62854-ed69-48a3-a8c8-81faa4fff7c2,Ymqxnbzjdquoqli,2024-10-04 09:35:56
8fdeb47c-83ff-41ab-b13c-c00623677ab2,Grzyfj,2024-10-18 15:52:13
489ec7ea-dace-4f14-8d4b-a40446568f84,Xkoluuymltais,2024-10-15 06:07:12
ebfac33b-a9dd-4793-b220-f1ef4dd82338,Sottpayl,2024-10-23 04:35:25
4025c35e-283c-4530-b2fc-b8b95c338aee,Vxndsunq,2024-10-22 20:51:21
100d20a2-7ef9-4640-99b4-22c906fcdfb7,Vxjyljhgzfzig,2024-10-28 15:11:56
acf2585b-034a-48ec-85ed-17f23bb19bb2,Tdgxhyiosz,2024-10-09 11:01:32
1161a4ec-8ad2-4986-8ed4-1742a9ed5bd9,Apigkoewttrva,2024-10-31 23:56:06
c0a44f2d-2695-4fe5-b9c3-39dc4dee51b3,Claxmxaeem,2024-10-01 02:16:13
62811035-c938-441c-9d51-c254db7a4850,Fpcsxr,2024-10-17 21:55:37
b414726f-df4b-4f62-bbfa-ac0b17176a10,Trserkcfdqp,2024-10-12 22:33:52
b4595844-8402-49e3-a677-63a57a0ca58b,Fetetgmjcq,2024-10-27 02:42:54
4dc3c558-4b0c-4d10-92d9-6ece46d0b3cf,Hfgblgnp,2024-10-01 14:40:56
12ef43cd-f267-459c-a113-c7520230bb87,Tdnsnmvifr,2024-10-04 01:28:02
6be9c1cd-2190-4032-8326-6f90271b5d42,Cmgdp,2024-10-01 02:54:37
1bd7c0ec-e665-4ff4-b6de-be57dad34b3c,Vxjbwjezz,2024-10-18 01:22:47
e9b035c9-5c8e-4d96-ac6b-84ce0dc0f305,Sygyqbjyyzp,2024-10-18 15:38:45
5c942782-b793-4874-9670-579e9ac00ee3,Jzhofnesriqqcia,2024-10-10 01:29:11
ab78c79b-418d-460b-82ce-02999ae8fac1,Ozbdklcpteaztuh,2024-10-08 03:59:31
fb4a0449-aa0b-4ad4-9e9e-434391be7f77,Xjtgyroilr,2024-10-15 12:34:05
a0a0f52a-7fef-40eb-b641-6db77b258de9,Askxgyv,2024-10-29 16:12:42
e68e0002-5605-4a1f-a0cb-ad5f68cebbbc,Kiydityw,2024-10-11 11:01:43
28140014-8193-4f80-a895-d9afe8501a27,Ktjjtxjubtr,2024-10-06 03:54:26
b03148dc-6d6f-487f-a475-8cd35722f4d1,Vehhwxmgzx,2024-10-18 04:49:57
9efc409d-a26f-4d28-9335-43c8a8c8c48f,Hfmjxehde,2024-10-11 12:06:28
e11d742c-505e-4b01-872e-fd2b034d5aae,Liqvai,2024-10-21 16:26:38
381bf3dd-a006-48a5-92af-b1f704289e67,Vimesisypvt,2024-10-24 08:09:49
dedadd1f-27ee-4dea-904a-69c0b642e6b0,Xhkta,2024-10-06 21:56:33
029e2de5-66cb-4d16-8de3-e84744eb3f56,Jghiuvmvtgsdy,2024-10-05 01:56:00
223287c8-6e6b-40e8-9f71-5db42451795f,Tiuwkdirxoq,2024-10-23 21:45:14
04ffcbbc-c35d-4b8e-8d5a-76a11c54f77a,Djwftjnb,2024-10-28 06:06:19
1e56e6bd-a6cd-4524-9d57-fd5d1b117a9a,Veecsfwd,2024-10-21 20:51:14
3a0f30d2-db77-4171-941a-0575506806f8,Ximojmvt,2024-10-30 11:59:26
74c61dd6-4cd5-4266-ba1c-f8cc41c3ada2,Poskxtjomksvx,2024-10-31 04:31:14
5c28c174-4920-4960-974a-dda0f4356889,Qosfdtixsvqmz,2024-10-03 05:03:06
42689bec-24ef-47d3-988e-4358fac3b73f,Qjxftvwsbou,2024-10-13 00:57:40
14530e1c-9763-4bf7-8d43-2b4d2942bccf,Wqalmxxizb,2024-10-27 23:25:03
a897b881-e96c-491d-8e23-3bfc4d7f4f8b,Intsgdfmfcpotm,2024-10-04 05:04:30
602b1457-30c9-46bd-b94d-5ffffdfc88ad,Mwepjyjrpm,2024-10-14 05:49:37
d6fadd9a-2cf2-4798-8cfe-5c8f3ecc9e28,Jlvpvhhy,2024-10-06 19:55:55
213176c8-898d-4e8d-9084-4872f81d2083,Duqpyym,2024-10-24 15:11:46
f6133940-ea9e-4c64-82fd-f19fc654cc8e,Fopbhbnfucwtgoq,2024-10-02 15:55:42
31b4ffe2-c68c-4ff1-b0ac-7b684ba18db7,Khjtavctryfgusf,2024-10-17 03:16:48
745f88ad-373a-47f3-b983-714f4f5e5f65,Uhoddskpt,2024-10-11 07:55:28
f2f318de-eaf2-402e-9b94-bdd1b0f4f9f2,Qiklzjxowr,2024-10-22 01:04:44
011f40e8-5adb-438f-8869-51b1aa5ceaac,Xcsvedwksasxub,2024-10-26 07:53:51
3418fe02-940e-4cc0-bc92-f606c002257b,Zrdygppeg,2024-10-21 01:51:53
e54d298d-a91a-4b4e-afc4-28df1e2304b2,Wgkxrnb,2024-10-20 05:58:25
a8cbc854-ad7e-4ea1-b911-77b56e8e35e5,Ejntwhim,2024-10-05 23:51:48
4e86e9e0-3cdc-4d2e-8a81-9f818ae648cf,Dumnzhurdd,2024-10-11 18:55:48
aa960ca7-b224-4a1e-8bf7-3a65af1b2e42,Wfwwfjtysv,2024-10-01 22:29:33
6ee38f95-12da-4f56-b4ef-94b63ec17e99,Tzwajcoj,2024-10-15 22:31:46
8d729efa-a721-45fa-a2c9-82546439f6e1,Slvwcwxrrcps,2024-10-10 13:52:51
12cfe6af-4e0e-48c3-9e45-1eb006548e73,Vyhggfolaunth,2024-10-10 23:35:13
c2d48827-f158-48a0-a4f7-35eda9be9e75,Lczqec,2024-10-17 08:50:45
bc4d4293-1c6a-4c58-a163-8c85180dd91f,Vrrphcyb,2024-10-27 20:49:19
249be635-88a7-432d-b295-43a2420f1920,Ekehqgcmywm,2024-10-22 12:40:17
58454fc1-2574-4034-b4a0-5f23e101ff06,Ezuxiwwdzdhjkzp,2024-10-07 04:08:12
4e840943-e3bb-4f8c-a517-21c473738351,Ygdfhjrbyz,2024-10-31 08:57:12
7385fcdb-15af-4c98-9d06-87564ab0e556,Okgulmrwkbkm,2024-10-02 04:24:57
7134dd9e-d762-4e2d-b937-9de32804dbd3,Fxdrbgxzyjswun,2024-10-24 00:46:14
c79d9350-c19d-44f4-ab69-3dac626ce55a,Tldwuwnhhwts,2024-10-13 01:43:17
91d76596-9199-4ba8-9a38-8943b620b115,Iljlwkcvy,2024-10-17 23:19:29
c2a79690-a767-4477-9261-a28c72444801,Ohoeu,2024-10-03 21:09:04
e5f70d75-615c-4342-976f-477f332ea8bf,Tznslhnp,2024-10-23 10:33:16
2200971e-cbb6-49af-9a9b-cf9edc136ed1,Jghbksmahhsjj,2024-10-20 09:36:40
dd2cfe0b-5d46-4f95-8724-7794cf00abb6,Hgqurdtbeogvhld,2024-10-12 21:43:53
c985632d-411d-498c-9716-c882b9fdd0ae,Pdgbohyo,2024-10-26 07:54:27
5261b8df-c354-4bb8-92aa-32fc44c158ff,Zkbupdbohgslr,2024-10-04 19:52:50
c4c38d57-6c66-4040-8046-a4811460712f,Sdjlzi,2024-10-02 01:22:41
8b1f9073-97c9-4861-8b7d-cd98c0b129aa,Xyerqvtga,2024-10-08 15:50:45
ceb67e6f-bb44-4ef0-94ab-bd6a9b3bbc23,Pyhasqiicgiblx,2024-10-28 06:28:31
2f7e3501-1706-461c-952c-2d36c6498272,Zgmugf,2024-10-28 16:58:21
5e1b1532-f57d-434e-b87e-89bb5fed85d2,Bnfxpqvk,2024-10-07 23:26:55
eaf20b96-4c8c-4fdb-8e77-b67fd8362de0,Mebirspz,2024-10-01 05:34:30
a8bdd910-fc8e-4b7d-bbad-3988a2260654,Wetwlmcwggebk,2024-10-30 18:35:56
f3d1b94b-4c2b-4c4f-becf-2c6434d59892,Gkhfdd,2024-10-19 06:13:21
cbfbb867-051d-43d0-8f8f-713a06636bf0,Msalzms,2024-10-30 01:30:19
bb59b1d7-18a7-4290-b149-17f7a6aa425e,Kvmdhzgkoyyzb,2024-10-24 15:46:44
b977094b-9684-421e-8871-f1b45aa1ce08,Jguensorounwp,2024-10-01 00:24:43
15c8b8d3-7564-4497-b55a-6d180bed7410,Vifsgjnhwcnvt,2024-10-25 15:01:15
ca4c24c6-9599-4c25-ae61-645d8fce307f,Ntqikb,2024-10-27 09:54:12
f7d52bc9-efa2-48d8-98d0-0599a52c0ffa,Uoefqejo,2024-10-02 13:27:50
c1a9493f-1052-4b3c-8cbf-9e2ca59569e1,Aofuogmmiasw,2024-10-03 07:21:07
bd856bcf-b1e4-476d-92e9-5f6305381b4f,Clsfvohtzqhl,2024-10-29 05:28:16
f97207c5-dc8a-49a1-9104-d411b6ba15bf,Wjpms,2024-10-22 08:45:11
b8df7731-3264-4276-bb55-bb897715abc5,Dtlobby,2024-10-06 17:17:44
3fbb0733-551b-408a-a36e-99b5d2241f59,Hwmiungsdc,2024-10-28 16:55:02
d5c4bc81-1ca0-402d-a832-33cbc1f38a85,Cjbxxsujbxhv,2024-10-11 04:23:28
8fea6159-5cba-418d-ae92-4080fb449964,Emwqggpttkpchg,2024-10-26 00:50:15
b7158582-4887-426f-a5e3-84ce6e8848b0,Qoyjvmpqtgap,2024-10-24 23:35:29
d870c9e5-a49d-4999-9416-313a942f4aa7,Ecnpeu,2024-10-13 23:34:34
3c04b8b0-9ff8-4dab-87b2-9a9fd09fcee7,Jxnkhzmtgi,2024-10-24 12:44:49
093b0338-757f-4b90-ba6a-42bd34816ce6,Josjagstdp,2024-10-21 17:30:42
ccce7fc7-48bf-4f01-a4a2-62ad3e6eb63a,Mgxxx,2024-10-29 09:53:27
33f4ec9f-4080-4df1-a481-88721e4797e7,Ibgsxlqit,2024-10-04 22:53:12
70ddde78-cae5-4587-8a4d-2d53aef6281e,Zemeeeztjttotj,2024-10-03 17:51:52
b9046f03-f62f-4c97-8333-9e4b42a84035,Lzzqfpnnq,2024-10-05 07:00:32
7db807dd-2040-4464-afbe-3245b73af6f4,Wbqtnkeljkjzq,2024-10-23 08:15:50
6263980b-28ea-4f3a-828a-a25c76d14941,Gyhiejmwxm,2024-10-05 04:37:06
c34272be-50a8-44e5-9cf7-483a90b93162,Zszuqbewiycq,2024-10-31 13:26:40
072f0cb8-cadc-46fc-bafa-b99c47ddffd5,Hvabnfodwzzmynh,2024-10-04 07:05:07
a0ef4d38-393d-44b7-a32a-c521a7555292,Dunrnewqbrxfpkq,2024-10-29 19:23:51
13009e81-b11c-4251-9f1e-65c057368925,Akcurpkvty,2024-10-11 02:00:23
fe84d11c-e568-4ccd-8fa2-841c5631b747,Laccf,2024-10-08 16:09:55
393c9736-70d8-44a9-a145-53020d6a1841,Quzusazaztnsary,2024-10-14 14:16:25
b84e5c4c-6cda-47f4-b5d5-6b4688e3887b,Jumdxdcnbxa,2024-10-15 22:16:49
517e5f85-0af8-4cb6-90c5-6effbd63415c,Yyhxlqnamglroc,2024-10-23 12:17:12
6716225b-31e6-4573-bdc3-f390d49193a4,Pguylc,2024-10-12 05:06:51
0716f4e2-17ec-4959-b430-ffaeab70cfb2,Yqnapxpwse,2024-10-14 07:48:55
6268d0d0-2fc3-4d86-8be9-2374d111ef4f,Zsysmjzgzafisxt,2024-10-20 03:14:10
e972607e-f3cd-4c96-9637-a012e48fbce6,Fqhjyevpsqgikhz,2024-10-25 13:57:31
b9145687-dba5-4383-9bc7-f3a785c69959,Bdqbosxap,2024-10-25 23:36:31
82a59132-0454-4b05-98ef-8068c6010b3f,Eqwisms,2024-10-25 11:06:08
928bf664-2506-4855-a516-d2853df1306d,Jwugklvztor,2024-10-31 02:34:55
af6c7aec-5289-4955-b24b-c2e7c2c4e780,Gfhbzjxwh,2024-10-25 08:44:27
37b48fc6-6731-4280-b3aa-0171d4376a26,Mkxrkurh,2024-10-05 13:12:27
0f2a39f2-4b72-4c88-8262-533941e08bc3,Nqxavgzg,2024-10-27 09:14:25
afc0de37-3517-4162-a804-c0827a5291f9,Kcwitjtcyizc,2024-10-24 05:13:35
d6de58f8-db82-4838-bcbf-fab93e99335f,Eghwenlcnmic,2024-10-20 21:20:52
8b70d71b-edd3-4d5f-80a4-339b11e207aa,Sfyimxcribb,2024-10-12 17:04:53
1938e22b-e94e-438c-a6d2-608d8265cbbe,Nvkqummqbjvsmd,2024-10-17 22:40:31
cff77f9c-8692-4775-aeb9-b5f59a0f0a11,Hshhfwxsqkaguc,2024-10-21 07:44:48
bf29e1de-c36c-418b-bfe5-916479edc55e,Tfjiflwsqhwbgwp,2024-10-17 23:05:43
0fc1e81b-068c-4dfd-9364-4e2550529470,Smygufyhzt,2024-10-19 18:43:58
a65e49c1-9d21-4269-9e29-34785a4114a8,Izdutfabqz,2024-10-02 00:39:19
e9b67f5e-9edc-4d9f-b8f0-62997181e048,Koucv,2024-10-12 21:16:41
243af332-5dcb-4646-84f8-eaeaabf725d8,Bdmhbxrprbqe,2024-10-04 02:21:06
f0a7735c-6f66-48e4-89e3-91f91d624e9c,Basajoylewhtdvx,2024-10-15 16:58:31
bbb80cea-510b-43c4-b117-1c739745cb41,Wcjshe,2024-10-18 10:02:05
cc2ded4b-c98b-4ce2-b4bd-4a2944497913,Bixxnmitrqdyly,2024-10-21 14:36:28
33bcac92-90ef-4198-b63e-47049d644b88,Kootzgo,2024-10-28 09:16:58
1b5f80a6-0325-451b-86e1-cb96dd4d6e5a,Gudfdotgioajx,2024-10-08 15:06:12
b0a56538-9cd7-49fb-8b06-0edba7258bdb,Lcdxnsy,2024-10-09 01:18:32
1ded0819-928e-4c92-8ec1-4c1edd92108a,Qduqmosgiboddhv,2024-10-10 17:16:57
55026e75-3ce3-4ee4-85fb-7fd68c04a095,Rdddzwbpojzvm,2024-10-31 22:44:33
96610095-fff8-4d32-a44a-08562ab66d32,Sluabtiqoo,2024-10-22 06:15:14
78c75e5f-be68-4969-bd33-789606d0ce68,Gcduq,2024-10-29 06:06:09
0265147c-7352-49ef-b027-378f4b542cb1,Hyvlnhbepi,2024-10-04 03:24:26
8d0b07bf-8d44-40ab-97fa-d72bb302eb37,Fafplosu,2024-10-15 02:55:30
6f0fe302-7f67-4f52-8c9c-dc7a1d6a181c,Ickygjhorc,2024-10-19 13:15:26
0145dab8-fec8-4340-8a02-df01bc4528e4,Vjhdoaxw,2024-10-15 17:42:47
8321e40c-739c-4280-815d-18cf65ccbff6,Stdraoc,2024-10-01 03:00:00
6c22a7fa-66fc-4171-8972-83fcc36024c4,Izfipklnid,2024-10-04 12:52:06
7a0e5998-22ac-46e7-b70a-749d838711de,Achigmgrirgbne,2024-10-21 10:39:05
39454dbf-1356-45a8-87d9-a5a6a2dd2fde,Uupfl,2024-10-10 10:28:56
e9569f37-ff88-476b-a723-cdc072f361c5,Jpspdwudhiv,2024-10-13 23:10:14
9d3a2323-b47c-43ca-97c1-d04b153c6b87,Hkbgpgm,2024-10-01 20:51:14
93c96d69-0ae8-4cce-9e07-de27df1d0898,Hssudbntrwondl,2024-10-16 07:48:22
112d1446-004c-401e-b6b3-3e1468e10694,Netprlk,2024-10-12 12:31:21
5ed65d2f-5929-496f-a208-ccbcd611545e,Kzlavnckh,2024-10-08 06:37:16
7b59e600-a4df-4532-bb62-bd20e9f10dde,Nbidccy,2024-10-05 02:36:42
f6d8a2e1-7b4d-4546-b4ad-6948eaf9095a,Ivbtqpjmwhxq,2024-10-16 17:22:55
253529b3-90f8-43e9-b464-57ffaa15c1c6,Bhyjzcysi,2024-10-18 07:49:17
2af30319-4991-4fbc-8550-9b6dc50f8439,Fjhjdwkc,2024-10-26 21:26:31
22485472-ae75-4faa-a049-f2c155b01aad,Rnrzbuqv,2024-10-16 14:27:56
35336795-619f-4dc5-b32a-13ec111a7f83,Seuhtj,2024-10-24 23:27:58
9126fe65-473d-4855-b511-4c1f1d9c51c7,Rwebfffivbqh,2024-10-17 02:27:16
d16005e5-30dd-4b6c-a095-72d3557956cb,Uebfgw,2024-10-03 18:35:08
76048ecc-7b86-4929-b2b3-488616f20085,Qzegmtbd,2024-10-01 22:25:22
72676ba0-fe55-4221-b744-3a8f0f4ba117,Fisakhigoy,2024-10-06 04:21:38
04a65852-4515-4063-bd48-3983e3400535,Qlsynjepacdxlf,2024-10-02 16:25:20
c3270cff-9420-47be-8aab-583e355a2399,Iaavrx,2024-10-01 01:48:22
c13f70d2-444a-4e05-a2f9-bad526edb614,Xetqcbplzsdi,2024-10-27 05:49:54
f7c0848b-e9e9-4a03-af06-6b253728c3f8,Yqocdihy,2024-10-22 06:49:30
64946a98-e3d3-4a79-ae11-f28cdc5f1b6a,Skjrtcyrg,2024-10-12 17:37:24
810a1681-4c6d-4d74-abc8-77885bf242fd,Tvohkxmzyckattz,2024-10-06 21:49:14
910031ec-d8f2-4488-b1d3-99b440ebb05d,Ooezhlmsk,2024-10-30 12:00:42
4250d74e-a77c-437f-83ef-ba4e5dd5ff93,Qhmsmqs,2024-10-06 11:12:44
6d31d74a-92c3-4afc-a058-87ae980cace0,Xsmfrtmxm,2024-10-12 05:44:26
cc3ce67b-2303-4760-9e68-1dd7827573eb,Fhytuq,2024-10-24 21:36:21
e5064a3a-c1fa-455f-8e11-eefef18a8ec2,Cjyoozsv,2024-10-25 12:22:30
38ad1e4c-1336-43b9-9b1f-fe824b46a071,Zibmcbz,2024-10-01 08:17:19
fe7d310a-1cc0-42ce-859d-feea34c3af9c,Lzzpjmtqgen,2024-10-04 07:54:35
30146b32-3d7a-433f-b804-a276a45c5d1f,Vxfgtdq,2024-10-31 18:13:18
84209e26-0423-4704-a0da-b1246d9b0683,Ocewrmfsqmlld,2024-10-18 12:32:08
46bc2266-e7f0-4127-abfb-6a376e3cd921,Fmfnxpm,2024-10-20 16:17:34
2876bc82-955f-49db-aa9d-963aa5e39759,Uyudon,2024-10-04 14:45:44
e1a1a7ec-2cd5-4c4f-97e2-5c27ce4a4600,Zuxgypmobcznk,2024-10-15 01:18:10
412aba88-86c4-4913-b5ee-1bc34c2a1e77,Twsefmzxmndcrl,2024-10-27 23:01:02
22017bb3-6d17-4248-a08f-30fc56bd6169,Jwqivjuudpovexr,2024-10-01 17:18:39
81f1317f-7054-4986-9d38-15a9cef4736d,Mnzst,2024-10-09 05:38:00
8c36fe4f-ee1e-41d7-9f7e-6678ebf00349,Vpdweetzub,2024-10-21 11:16:40
3612b314-22d9-47fd-87f7-57c76146b7e6,Mejnehqtmacht,2024-10-10 07:25:34
36cf6d9a-7461-418d-8d51-e8a4708d25f1,Jizotql,2024-10-03 01:03:46
943097cb-231b-4739-9836-6d24e37332f2,Srgoywqtycnthwz,2024-10-09 05:32:39
a7c1764f-448a-4c3a-875a-50f8bc041ea7,Gjdetpeovu,2024-10-09 13:13:40
8c18d11d-4516-4a88-b7cf-00d9ef962c36,Dzovqc,2024-10-18 18:44:20
36297a63-f2fe-4355-b32a-5a51e9ee1bab,Tcqovfxaycoara,2024-10-24 18:34:17
eb57f8b7-336b-4084-9e18-da0c7e82ccd8,Apecozuff,2024-10-21 18:56:36
b7124fdb-e26b-4fe2-aeef-af570f3857c1,Byzglbjb,2024-10-14 15:06:04
f5544bc7-53de-4106-b222-c59265b9ed9c,Fckvoosxtqbeaxo,2024-10-28 19:08:47
c1f5fe22-fb4c-4e35-90c4-e3a40e340c33,Xgscnfur,2024-10-07 06:12:12
efcbc3b4-960e-4f19-9298-150b0a631621,Ocrsnivrztet,2024-10-18 07:32:00
d268bb93-75b7-4e4e-a5e4-7339a03868c4,Hyikltjmjhyumna,2024-10-10 07:10:59
796aebdf-d5b9-4d2b-adf3-5af8943d0e29,Rmufpmlyoksiqp,2024-10-07 11:58:43
08a53cb6-e89e-444a-96da-32ff780fd7c3,Dksdxmy,2024-10-23 22:09:47
d6f4613b-af6e-4b22-91a9-6251985f874b,Hdutwkcxxmguvgk,2024-10-19 00:03:00
1dc7dab5-f998-4bf1-9dd8-169067e60b90,Mnfclzmcii,2024-10-27 11:19:09
9d80a9d6-8834-4fa0-bdda-9de49c4f9e52,Fwpqbezhfwoazl,2024-10-04 19:20:17
295af1a9-3679-453b-8817-354aa5a43462,Rqnjamhgm,2024-10-25 21:11:56
22c9642f-96d7-45e4-81b3-798a46f58479,Aarmhfbyvxyve,2024-10-17 14:42:54
211e2f45-8b39-4bb8-a426-61cb19a74a2f,Trfgutzhp,2024-10-11 07:07:50
36795810-9fe3-4ebf-bc74-63578a5dece3,Lyespztgnc,2024-10-12 14:21:17
407783d5-f48b-4678-9b44-96f359890003,Dwwylv,2024-10-04 18:31:19
3029e10f-e86b-4e4e-a1ec-a830cefd0896,Bdakzvbddu,2024-10-03 12:07:36
700e7b2d-92cc-4cd9-9ac6-34f438abad63,Gbtpzfw,2024-10-21 16:58:02
7ec8efb4-773f-4c8a-9af3-f71462b72907,Vhrnwypurcbh,2024-10-03 15:05:26
ca302ec3-3d9c-4837-a478-475b492cb8a3,Pynvaolxg,2024-10-19 17:31:48
7bb1f078-4630-4b38-9380-cb9e8537fac1,Ndcdyqic,2024-10-07 14:36:46
0ac35c60-8817-4b23-b1a9-33823dbbb679,Kyuqnuevrfqmgaw,2024-10-11 06:55:02
8a8398f5-ab4c-45e0-b6dc-d5e20ca64d68,Gqthpyhu,2024-10-28 22:41:51
756196da-ea6f-4aa7-8ef3-723e16716334,Nyxnvfyk,2024-10-09 21:23:53
25141c7c-2f64-44f0-8e58-daa19d657eb6,Xevksbazvojijgp,2024-10-01 07:48:24
e06b8885-1ad8-4678-8f71-bfb7b18a8947,Msghndpifydiv,2024-10-18 08:27:18
8167c780-b940-40cb-b677-c2cc43541688,Cnfdbuj,2024-10-06 03:17:42
0e3c3f78-6a31-4812-b49b-8e02a862dee2,Tftkkkkfnpy,2024-10-18 14:33:42
14916b31-5912-433d-ade0-ddce6491f0bb,Kfbqywxjircp,2024-10-20 20:28:19
d1ebe2d2-d7bd-41cf-84de-88fcf9ec5220,Idizymcamnic,2024-10-01 15:59:57
be6f7c38-b252-41b4-a2a0-e469a673fdfa,Pqhxip,2024-10-29 01:06:26
b19484d6-24ef-41c0-935f-d46e5003a734,Vcvdlqn,2024-10-31 10:17:53
4f96f865-4493-4165-85b4-d854ae740ff3,Xmdmekf,2024-10-05 22:41:48
98677a57-2aa2-4fd9-aa19-d97478190d90,Dkhaaqintqongqv,2024-10-23 10:27:12
b6dd95b2-73e1-4958-a05c-bce0588dd33d,Tlmwzdlmyqslwm,2024-10-04 09:31:08
b73e6240-3f21-4a85-a7e1-dd90a0358484,Szyevfziujr,2024-10-29 23:06:02
81867bd7-416a-44a5-b8a2-f11f0d3f6361,Cjeiqxebtdvq,2024-10-20 19:14:11
62bd6a5b-57be-4016-b8bd-bac5307b44ee,Wnbdlooxntxywus,2024-10-22 18:14:39
99549be8-c6ef-4dd3-905f-be247ce3e5ae,Sntbv,2024-10-14 11:35:45
7df8fe4a-a5e7-4f27-bb3b-80e0a003cc0a,Kvjfvtdxchh,2024-10-03 10:41:08
68f13da1-618e-45fd-8fb6-9737993c345b,Yoyagbiavspaeug,2024-10-22 17:31:06
46495c47-2ba9-40b9-b9c2-669100c64786,Olfjmb,2024-10-11 06:46:07
5ed038f8-42f6-487d-ab3e-5d69aae82123,Kujdviq,2024-10-01 11:16:40
2bea72d4-1a8e-4592-953b-3937ce474942,Vbmwc,2024-10-04 09:14:25
1a6df049-7609-481a-ae3e-132d534dd39b,Beorqrrccqz,2024-10-28 04:10:51
b9f13138-7096-4ffb-a043-a75bec75c44a,Aokbpnrwoqfjkt,2024-10-21 06:58:19
17aecd53-6a6b-481f-aa8b-fd11dd03346d,Fydpzvc,2024-10-06 01:47:43
3b23707a-aebf-47d4-88d0-85519b837964,Ftkgifksetodtxj,2024-10-18 11:06:59
9dae0750-fb27-4087-9f52-6601722aa9a2,Mcdgobflnhv,2024-10-23 08:00:07
bc053057-9c02-4841-9bf9-5731cc193f28,Bzxrogvusmacdnr,2024-10-14 05:30:12
251d75e2-bf03-43e5-9689-7cf2ee0346bb,Oktalexggxh,2024-10-07 23:22:29
722645fc-c48c-4907-846b-e6c01a88204c,Bdceh,2024-10-23 14:17:31
04dd7941-542d-4a72-953a-f596848b079c,Dbplonqfodozmd,2024-10-12 08:20:45
e6fa7586-6869-4533-8c48-8795012d1b21,Etlqvbhrtbqli,2024-10-27 13:28:55
9404ffac-fbeb-4cc3-afda-9fce325652da,Wiyhohz,2024-10-13 07:56:40
a5778da0-7b8f-4679-9afe-b020e2409fc3,Haimld,2024-10-12 14:04:25
80b17733-c036-4836-800e-5df98182189b,Mylrnxks,2024-10-30 22:46:37
3c0f351f-9016-43b5-9ec2-acff40948e97,Xonxymbvmfglh,2024-10-16 09:56:09
fc2e5b32-b76f-476f-aa3b-d8e6e9a0edf2,Popvyehzmsiyw,2024-10-14 19:06:29
f1aa0bf5-bbb4-46bd-acd4-e447f4b9eb7b,Fdhmnygoyingpm,2024-10-30 13:23:17
52a5bae7-8f7d-400b-89b0-9ce6a241cde3,Iyuvuf,2024-10-15 12:32:45
4defea2f-6798-49b8-9dea-9c6f3605eaa2,Abylr,2024-10-24 13:58:19
d595f8a8-a74b-4c54-95c9-f43ca9e1e0cc,Kzcnq,2024-10-17 10:26:59
4df4a3c9-c427-4b03-a8fa-251b8907bd26,Kbhtmipjiatlrz,2024-10-14 20:42:27
aaf5a331-cab5-4d3c-a136-88efcbbf4fa5,Fjklvlfsqva,2024-10-28 20:38:06
ee5061ea-f4ff-44e0-9912-859a40c57b95,Kzmfkczt,2024-10-10 13:17:07
2ce71ea9-d7a2-41ae-a1fb-f51e5dcc113f,Dyivnwkojwbd,2024-10-10 07:40:09
c634d42d-1168-495e-ba57-a425a60f71f4,Zjvhdzyz,2024-10-31 11:24:28
3719960c-9b33-49ef-9dfa-83582e744076,Perpjb,2024-10-21 06:40:53
b1ffcdd8-b56f-463d-adee-fa40f68327c0,Xoojnpfcmmrwz,2024-10-03 10:21:25
4581b7df-4dd1-4ae3-889c-f540060af12b,Imtnq,2024-10-05 03:06:31
23e0e6d9-bd3d-46f5-b576-ec8ec9c67a2d,Ufrnusjnbnj,2024-10-13 09:12:55
a7615884-8017-4bdc-bf4a-a0bfbccb18dc,Qhngmdnyn,2024-10-04 11:50:30
2c86bcb4-311d-48ea-af2b-23b6f0cb0392,Eiwhotwomiufju,2024-10-20 11:35:31
c051a8ea-2cbb-43bf-9d3d-60019772f5ce,Rmvspm,2024-10-24 12:50:12
5a2925ef-94cd-410b-ad92-57e0f1214ac4,Wbetsgtpluz,2024-10-26 12:41:41
064d9c7d-1805-46f2-b3fc-2cacf84c266a,Xdkxcnjaitr,2024-10-05 11:22:11
89468836-f950-4d4b-a19b-c116f3c93777,Cygsvakdiakhr,2024-10-27 17:41:26
0f7d07b6-b7dc-4d41-91ae-424693c6d88a,Yoxjpsgnajtvuv,2024-10-29 08:43:45
0420d54b-b4f0-4bb4-aa2e-204f24c9c60a,Vclyyhtfy,2024-10-03 06:02:50
8b1bb792-eced-43e2-a847-b7aa922b2220,Fvkhcqc,2024-10-27 16:33:37
7420015a-c4a8-4472-b326-e0d8f800f0c3,Anlhgzqxhco,2024-10-23 05:26:02
13c16d7c-b089-4f7b-a742-56b26f373cc6,Eofeculao,2024-10-23 02:04:08
4e549ba4-5e4c-4a4c-b865-5b70fae8d322,Qvvtdzie,2024-10-11 18:43:09
5e7e8d18-cb6d-4a41-bd94-51d1fa995a05,Ecxmpnyy,2024-10-29 01:10:13
52b77c67-9bfb-4c81-831a-14bb994ee2b0,Nwjpa,2024-10-29 02:22:25
eec750e6-89f6-45c7-94f6-2f53df4ea082,Upjwyopewj,2024-10-10 06:30:54
34cb0219-1991-408e-a0d3-18a306b7b8d4,Dcupqyym,2024-10-11 11:48:30
7b915e05-59c8-4364-bdf7-b74dad95fafb,Fxhpzifwjff,2024-10-17 23:16:13
c517f161-11e0-4da6-b363-3049f9174f6d,Bnfnkeixx,2024-10-31 01:06:40
6cdb1ac6-2b57-46fa-922d-aa8cd49ff012,Qghkg,2024-10-04 10:55:57
8c0495c1-eab9-4ad7-a270-4bcd99066876,Ryqcpp,2024-10-27 03:50:23
7802cbfa-10bc-40f7-af13-58ac8b3e7cbe,Xqwyrnso,2024-10-03 18:22:36
d86b4759-9fd9-45b1-bdc6-bb7c2fe7df9e,Msichvpyoyov,2024-10-31 09:14:38
f6ede4c7-2d32-4113-a9fd-8314146939c9,Qlttibdwmcryza,2024-10-21 18:46:49
e7cb4678-fe27-47ce-a6b7-cfcf0ab95460,Yddzfvhyodee,2024-10-20 08:11:09
f2c286c8-78e0-4025-bf00-73c9fb312290,Pfqonxz,2024-10-15 07:09:08
f01ec57f-b20e-42d8-8c4c-5b0f5825e882,Zxwyjhdkwbtdbtf,2024-10-16 12:29:32
56e2c5e1-c4d6-440c-b84e-753117f26f41,Xuslmgsrvnskytv,2024-10-23 03:18:42
b89b104d-7e4c-4c80-a581-2d99dbdfc063,Tbftkltvglpouj,2024-10-20 01:03:50
53b4bc92-6156-44a3-bec5-6e33bc9a105c,Yhigsh,2024-10-05 13:00:23
1f7d9c8b-6cc2-4894-b90c-2322aa907c39,Jijhgqahaddq,2024-10-09 18:52:53
03cfa846-8adc-411f-8c5a-de46e04a1df5,Xlfaut,2024-10-10 10:52:43
9fe55ab1-a0da-4d11-b76d-b97c8ca2b699,Voohnrumn,2024-10-04 19:55:40
e17daa17-dc2c-4a3c-8673-ddbd96079607,Eyfbkemfsivyke,2024-10-20 09:02:22
51786d22-fc24-4baf-b993-f418d71326d7,Cutku,2024-10-29 06:52:23
48c733f4-84c8-4b9e-8346-cfa280bf6232,Abzyr,2024-10-21 13:43:57
6819d586-ab04-4282-b6dd-aa64601b684e,Jowutom,2024-10-11 02:17:33
e7cdfd00-ef66-4a16-a25e-faa6dd408756,Mukkh,2024-10-27 22:12:55
4c616e09-4e78-4199-8c01-dc9688f4e462,Kfjpca,2024-10-16 22:39:05
5997417c-34b5-419a-a939-b1064aa3d798,Gpokakmp,2024-10-08 06:10:02
428be151-c107-4f81-9dfe-31a9d259e9de,Rmoqsldyvdxzyo,2024-10-29 21:28:33
cb9af5c7-25a5-4af9-a2ae-3e04c957405b,Cdklsyz,2024-10-14 01:42:23
4b5f948b-a71f-48ea-892a-9f4b0ea97857,Ptgsrwjnbnfdghj,2024-10-16 20:33:09
1466a397-ad1e-4f40-9f3a-9c72f2136281,Jslnzsm,2024-10-14 05:14:10
e9408bdb-0fe4-4165-b1bb-fe03f565f577,Snocw,2024-10-01 04:23:40
7bd74fe7-c466-435b-9ff9-6d6a895a1048,Erfkzxftoi,2024-10-29 06:33:11
575c581a-42c1-4997-a2cd-c7b2b241c0eb,Sxforwehudqzykt,2024-10-05 20:56:31
fc524de0-1534-4641-8793-b8df347e6c07,Uksiafcokj,2024-10-24 07:05:12
4a2870df-333c-45c5-84c0-6d8efe7ae9ca,Zbbvoch,2024-10-14 19:52:00
44aa5666-4d75-4bdc-bd61-d190fda70b8d,Pltrqkmv,2024-10-15 05:42:54
6e642474-64b7-42b4-a2c9-e33d54c390d8,Peokbvxxpxv,2024-10-15 13:04:40
ccd16769-9d16-443f-ad2e-38dc080d4a76,Jkgifwaifpxy,2024-10-18 15:25:20
41b7fcef-d0b9-490c-be3b-eca4ebf5b3c1,Ckntazvy,2024-10-03 17:38:53
db9bba65-fa8d-45ed-a9e8-dba5ba67a66d,Wouunakboruztii,2024-10-14 16:15:17
c53f18fe-929e-433b-bba3-c43737186e0b,Yksgwuxxeimslbt,2024-10-16 06:37:22
11cbd52b-e4bb-4f7d-9a38-001d5db76906,Epjchydgt,2024-10-01 18:39:31
132591ac-3128-4618-a93d-9e07c98c49f8,Wawleczt,2024-10-19 00:21:22
33ec4c00-233f-4b2d-b49a-fd01dbb77e55,Lokosad,2024-10-15 02:57:34
e28a1746-4b5d-4943-8774-08f781d7f4f0,Wrctxtj,2024-10-18 06:25:00
507f4756-ac2c-4b88-95ae-e96ff8d1c972,Wukxngtxi,2024-10-27 16:48:42
9dbd79a1-7109-4759-b2d9-45d67ffb3d7a,Khkxsfqe,2024-10-26 14:51:09
208bf68e-0cd1-4e99-a96c-a34c0a5f4758,Bosmlukek,2024-10-31 12:42:17
7f481eba-ad72-4175-a7e3-20b3ea3b327c,Jiynfjfuiahfeky,2024-10-18 21:44:45
35980456-e9b6-4a7e-895f-f69c6c8abb64,Ufofmk,2024-10-02 15:13:32
57659b1a-fb8d-42f2-a46e-46d242aa0478,Shmfzzafhn,2024-10-02 11:28:54
516eb173-68c5-4868-b7e6-ffa3a44bdc7c,Yyjet,2024-10-23 19:14:17
e5b7d5f6-2892-4684-9fa2-a010dc222a2c,Enpzbtujfrkdufn,2024-10-12 21:51:03
6c6fe525-6825-4ffd-b5e8-808386149dff,Bearkcrchjupnk,2024-10-20 00:17:49
5a8250a4-da87-4d66-9ca3-728e92dfaf5f,Vioutnlaepoo,2024-10-30 19:36:07
bb12aa08-3447-43c8-a82d-be745acdf2f6,Yxomcftco,2024-10-06 09:19:48
9a5c6c16-b291-4a02-a3da-0d59a92ce05f,Exvynuwraanfkm,2024-10-17 06:34:13
458a1a28-bb62-4996-b8d2-640485be6f61,Xoskowdlk,2024-10-01 12:06:23
108a5d11-098c-47f5-9c46-98cf55104127,Ysyjrmjftt,2024-10-09 18:47:57
699dec29-012b-4452-b7a5-6e2e4f829b75,Qrnhbskvyhxo,2024-10-13 18:48:21
5c70b92d-71f5-4930-a2e8-01b68bf46820,Ualrmjfhneygq,2024-10-31 13:22:51
94e35d6f-4e35-4a30-92c4-689d4759778b,Zqanyidvpm,2024-10-06 00:04:09
33c826c1-1c69-483f-aaa9-db6dc1980575,Swoqok,2024-10-07 05:05:46
0d4276ba-a88c-4463-86e2-49a36806a7d9,Uqesaxix,2024-10-02 06:58:57
e5755d1f-d5c5-45e5-a886-7be97329170f,Aveqdbxpkc,2024-10-12 05:58:26
89e55a6b-7ec1-4a56-8f09-d7698d521334,Zsxlqheiqxyzbb,2024-10-24 13:58:29
ddeeac8f-75e7-41dd-bbcc-6ad9814fe1df,Wpedqd,2024-10-20 01:13:30
45d8a7b6-7a60-4e5e-85bb-01f765dd45a2,Vhnszq,2024-10-23 18:06:35
e08ba2c4-4701-4ca3-9b20-2b732b43f9b7,Ukemndo,2024-10-18 23:25:54
97ad37ac-32e4-4ddf-8829-d043cc3f944d,Omfnyyphejqouv,2024-10-22 08:06:11
ce80d8ac-e342-4f33-aeb9-1d713fe3b795,Tfiaq,2024-10-26 04:07:49
a68caf9b-2194-4884-b29a-4da389d5929a,Xrxzfflnjnno,2024-10-13 07:32:20
43adf3a3-a22c-4ae1-b58b-0177c8e8ecaa,Kayfixgjdtxrldl,2024-10-19 14:17:08
b2cb87bc-b4df-4720-a215-7ac975bc36de,Wkharnd,2024-10-01 19:10:37
f75d642f-8b60-40fd-aa1e-91f96863eb27,Cveudstbpe,2024-10-04 13:24:47
12b0ffd9-b7e9-45be-af6a-72c6c3aea736,Rsayw,2024-10-02 06:54:39
134f29db-500e-47b0-b530-0955564ce917,Bxihkvj,2024-10-13 07:57:00
80ef14bc-16da-4d73-b894-021d52ee3173,Iedwskjp,2024-10-25 08:45:21
8b0568ba-7a98-4875-9e89-6e53d4a44f0d,Ttpubgn,2024-10-20 12:27:07
069d500a-bee0-4014-a9cc-b010f8e8fecd,Gkehfsanfg,2024-10-02 22:23:54
dcc186c2-9bd6-4485-85ab-c85602cecf86,Ubvzpb,2024-10-21 22:39:52
81ba7691-cb46-426f-901c-197a39d28513,Biyqibjhx,2024-10-23 12:18:59
3412624d-5c7d-437f-b64b-97aff8828ef6,Mflty,2024-10-06 10:36:20
0ac95d1d-0391-45d0-b76c-339914df978f,Jgnxrevwi,2024-10-17 02:15:00
8c436389-7009-4ab4-ab49-83fdcd33c8b8,Ivzahzxwss,2024-10-01 13:09:58
209f46d5-4294-4414-b0ea-8bd84640f7f7,Ehoqr,2024-10-21 16:14:31
e07824d5-8a04-4ce2-980b-f567ab6ef600,Ujjhevggs,2024-10-05 07:11:22
b5939736-3a8a-435a-9aca-adf1299de827,Yufyadzaf,2024-10-30 11:55:08
fe2364d2-a767-4a13-8cdd-583bd51a95ad,Zzhgieu,2024-10-11 01:37:03
5539c319-44bf-4d70-8fc4-a639321fbfdb,Hyhihxjjrxdrhx,2024-10-18 18:31:40
a37b0f81-08c9-42f1-8cb1-535ef711fa48,Czxobsmzxuh,2024-10-02 22:54:05
624f67bb-caf2-4d40-b290-62fc2a48d060,Wouiujjdyvmxoo,2024-10-28 08:18:19
c8ada5e2-1248-4454-b477-5d39cb237256,Xbouxnbtho,2024-10-05 21:11:08
887bed04-14c6-4dbc-9d73-b5bde3f7d797,Lwhoidkijjvscw,2024-10-18 21:44:32
ddbe0eb7-0a61-4d05-9403-004e02d4d1be,Mytzxbpofuatw,2024-10-15 04:03:49
c4e46905-e355-4eab-bef6-73ae779afd25,Urrgjunq,2024-10-13 17:18:13
508651a2-9ddf-454c-bb59-150f89030465,Ndmnalitkqo,2024-10-02 00:10:44
52b55e59-30ae-4d16-b9a7-ffa6090e4103,Kqgph,2024-10-12 21:58:09
1b6156e1-9b55-49c8-a534-6487aacbd6e1,Rugiw,2024-10-26 07:17:14
3c591121-71f4-4527-8005-47723ae5f078,Awtukrwexbgqp,2024-10-12 00:25:14
dbdf8b84-9531-4b21-a5b5-c77130519577,Qlumzqwvjxumsu,2024-10-15 22:16:25
7cd92d59-412b-4e1d-9461-22809605df8a,Ittjoosquhz,2024-10-10 15:27:54
5662469f-b042-4b60-b62d-54c87ffd40c9,Bqrjkgmylj,2024-10-03 17:52:01
724dd17e-dcf3-4fbd-93b6-65dcc831d809,Dojjxybhrtrdtr,2024-10-06 08:27:08
19438b27-93f6-494e-b438-facd53590bab,Yweguqmao,2024-10-06 21:53:01
29327265-5e2a-4b3c-b69e-85f4d5b225d8,Qlmzl,2024-10-08 07:47:49
635ab67c-068d-4554-aeeb-a8016e4ef99e,Miakrcbyxan,2024-10-22 04:59:54
f9ed692b-1971-4126-a7e0-e983016a3b32,Ocxsrernppt,2024-10-19 04:56:37
751cca62-96a1-4d17-a074-2e9adce4f1cc,Bcmliuf,2024-10-22 03:12:04
cae7c415-499d-4e9d-a431-243ae54202c2,Kxypgsnmfexwki,2024-10-05 02:54:55
7ca91c88-dfd9-4ac0-b64b-508cde0dc1bd,Fhystgfztfu,2024-10-05 00:21:30
c4e43579-2e85-4744-89ba-453637cc6d1b,Ongjkqznyp,2024-10-01 09:37:02
5753d4a9-5369-428a-a042-df778c9aa979,Rbgnqzpty,2024-10-22 12:27:10
eaa290d3-7c16-4015-8b22-b39e6a96986c,Pczaqlsi,2024-10-16 23:45:36
a3385558-4864-4ae6-ac2a-e1f1c3ec7453,Iniprsbqjsmokf,2024-10-20 06:32:49
2df2b1cf-3750-4ab6-9c2b-79cd9aaae39c,Kncghnhq,2024-10-03 13:31:53
efe57daa-34df-4529-9801-b8d8ed66810b,Fsbaymknsxpck,2024-10-06 19:46:34
067e4fb2-6557-49a5-b86e-2a3a4744184e,Ssxbioqgqo,2024-10-27 23:07:28
7ce06944-7f10-427f-9d87-5ef245705d46,Uxrnfwkjdoak,2024-10-08 22:52:27
1ff3e8fa-9e8c-4f15-bae9-691b755a3825,Evqcdsva,2024-10-30 07:29:32
fe6472c5-88e3-40e3-aa50-0aaf96a928e5,Asapt,2024-10-17 15:20:55
06b3345b-a4f1-415d-bec6-f741b3bf09b6,Xrsatc,2024-10-07 00:14:18
eedcccb4-bae1-49d4-b4f6-cf7874f6b429,Ubpojesutdb,2024-10-22 08:48:23
d45ec685-046f-4d73-b77d-e53ee33485e7,Omzvhbxxajsyeoz,2024-10-12 12:55:43
7bce4c13-055c-4a76-834f-e1b4bce04438,Nlqqcoxzwcepnnp,2024-10-17 13:25:41
62949d58-ca19-4cd9-af18-f1f543b4611e,Vodjshdmvlnls,2024-10-14 07:01:20
c7ee345c-6e9d-4ac5-bb85-1969883f91aa,Bltbdfyfmnexsy,2024-10-05 03:25:08
f8b5e40d-6740-4d8f-9a6f-6c9c3da9df7a,Rohwvxwcehjb,2024-10-24 03:31:14
fef5b78f-c800-419e-ac34-a276b7d93dcb,Icmws,2024-10-02 01:03:39
d9e8a540-8930-4d5f-8d35-110d858a2ce4,Umupjrg,2024-10-08 17:16:49
eadb95cb-9a46-4a4c-b12d-939715a6809a,Yvhegodc,2024-10-12 21:13:35
54ed7ee6-be4f-4654-8e42-71328296d06d,Cwgepbflvq,2024-10-12 09:50:08
2f38f3ec-a734-45ef-b8ed-9b4889668f30,Guiox,2024-10-05 13:58:36
6d7d25c2-94ff-40c9-8fc2-4c46f9113d51,Tgrfartoisrp,2024-10-10 04:49:04
4050636e-f8b0-44d9-8336-a631c38baeca,Gtigcthymq,2024-10-17 18:09:55
8cbbd73c-ff57-4e42-9279-e482d34a0560,Anzfav,2024-10-17 16:22:32
8444efa6-ffc9-4800-9c62-6e45b9cf9179,Nebhx,2024-10-08 04:38:18
c8ea7ed2-29a1-447a-b3fa-e78cb785bd9f,Zdnnokt,2024-10-09 21:35:14
aec5bf94-7ba5-4157-ba0c-f7d3b64c7727,Hnbnsomhuuvo,2024-10-29 09:14:39
abdc210a-2725-4137-8cd0-38d1e33530ec,Xsavahezaawwy,2024-10-04 22:23:43
a9f1b8a2-fed2-4758-86c3-de69e0006d54,Jjlcnezp,2024-10-11 04:55:45
a071dc97-3b9f-4f18-9640-fdec8a1ba5bc,Wfytjgpnk,2024-10-22 03:01:57
5fd871e3-22bb-47ea-94e0-cc9393496ca4,Qyeeatcviyfxbmb,2024-10-10 18:38:05
326ab7e1-a956-4fb7-a14c-1dc0d15d6a0f,Jdmckxkcdeeuz,2024-10-22 04:24:06
cbf687c8-a8f3-4a8c-be4c-5d31117927c8,Swjtsbe,2024-10-31 03:15:35
f9ffda68-1c28-43bc-92bf-d41ff644adf8,Zlfku,2024-10-06 16:15:30
20d0e337-c2ca-4095-8531-2f19708a88d7,Wkacs,2024-10-10 06:13:29
b82b2647-60bf-4948-9312-226585599d03,Pckqgjrc,2024-10-10 20:06:10
3350cc54-d568-47b4-867f-db58516848b8,Xioqhxenc,2024-10-31 19:39:12
a2350650-2d45-43f3-a7fb-02558463023a,Cgxucdwmkfzu,2024-10-02 11:41:57
aeef4b61-1bc6-467a-8bc6-2d1dd851eac2,Ufosywaimf,2024-10-31 21:42:20
2efd266d-fe69-4a82-8a1b-8a0b9c2de40b,Hjsolcw,2024-10-08 14:48:44
89ae49c1-e71b-48fa-bcff-c8b25f1eddcd,Oolep,2024-10-31 16:04:21
ca7c21ca-e414-4708-b5b8-3781857c9bac,Iyfsyvpssmfbalx,2024-10-07 06:04:07
1755e6f2-d28f-4aff-9911-e81e00107597,Iqrhkmucgspag,2024-10-24 00:30:30
caa6451b-bd66-40ea-999c-03fe110717f6,Nebfxfluiy,2024-10-25 21:50:41
f212b854-4e10-46a1-9761-65c31527b0e9,Iaolocpv,2024-10-24 14:02:29
fbb8fd6d-35cb-4e4c-9a37-4349fe7984a2,Mthagli,2024-10-01 13:12:29
2139be7e-c6ae-4734-927f-d1b103379428,Mpcfopmiy,2024-10-12 21:59:28
ddc97935-9dad-433a-8e6c-320ee058e9e2,Cpjrod,2024-10-11 17:18:26
606402d5-6da8-46a8-9c2f-797377241b24,Jusallkxxhlnbsr,2024-10-18 16:52:23
11b4e0d1-f2ba-47ff-8471-8e77a438b0d6,Nywznhebam,2024-10-12 14:30:38
9fbb20d9-283f-4f52-81bd-71c9903d58a0,Jdnkkz,2024-10-04 08:58:02
e145f025-72de-4546-aeaa-ebb13574aa6b,Eqzbjdfpwcfwiyv,2024-10-11 11:15:54
883bb71e-7c51-495c-be3f-1f9acd620639,Hydcugxmcysgpm,2024-10-10 15:24:23
f910776a-8d7d-45bc-a5a9-5fb765d37810,Mholbt,2024-10-06 03:54:36
e8195504-b1dd-4a1c-96c2-4df60f2e06ca,Bdgydj,2024-10-29 13:04:06
b6485bcf-9a9e-4855-aebd-405b2d58dd1b,Vdoyekfj,2024-10-18 00:40:52
75657b1c-b888-41f8-84c8-2e4a22b54b01,Mhfxunrnyywwlp,2024-10-12 06:13:38
37dea84d-4ab4-49df-aff4-63cd7726ce55,Zwoesjcczisrv,2024-10-23 10:37:15
e7795e5c-b7c1-466a-8259-21aeb483f511,Siurfwxfg,2024-10-19 07:53:53
b36ef198-b13a-4b38-93c6-3961762cdbc7,Tyvkeoedxfufmz,2024-10-28 04:24:03
a7bdd55b-d81e-47c8-b8f8-a790cd910ecb,Hikglq,2024-10-16 18:48:59
911a44d0-604b-4087-8d0d-34c8af79c943,Bfadifmtawjvk,2024-10-27 00:51:53
426b43e2-d7fc-40bf-96e2-900164c337ea,Mwijdqiwuas,2024-10-04 14:29:17
51b91234-72b1-4803-96a3-8671f7c7d391,Kbfryzvr,2024-10-12 20:58:16
e5dc0dba-811a-4a9e-96bb-40c6e793b98d,Qagdx,2024-10-15 10:08:46
44d7e7c8-561e-421d-8407-346c0383ee2b,Zfdqqxyi,2024-10-29 19:48:28
7c3e29b4-fe2e-4d21-9a1c-0a99807105ac,Bjpofrixtnnltiv,2024-10-17 17:36:24
4b7bb0d7-83bf-43e1-ba1b-5c349191aa20,Wojfusvkopwtmy,2024-10-24 11:12:06
c6c7c95e-c42e-41d6-8743-e27731f689d3,Tbtqrfoxfkxcnvz,2024-10-01 08:49:45
1f6d0ffb-77ae-4fab-9087-ce57a5de52ab,Pimuyqewaaheoi,2024-10-02 18:22:56
3bd3a817-999d-485a-8aba-43473fc2655a,Ifvycaqktuts,2024-10-29 15:19:23
c25f4e4f-53dc-4174-a26c-1aad4a7dd355,Cffhioqk,2024-10-05 12:46:34
56773257-d170-4b2a-b523-19a69fe1b5c4,Knoxwvvnnxvnwh,2024-10-18 01:09:08
e15684ae-60c3-4fee-a316-dd68e0951573,Sicugpkwyw,2024-10-06 19:18:48
9600c722-14f4-4f12-91ac-f30d7b55bb4c,Nxpkfijhaatupg,2024-10-06 01:17:24
fa85003b-10eb-4de0-bc30-adbcdf9879a2,Offovaiuiv,2024-10-26 21:27:21
071d3906-a306-4c4a-96b9-3e327638320a,Cygcrqjo,2024-10-28 11:42:42
ca01be93-415c-44f0-9533-53d6115c8d48,Qwtgtmijnug,2024-10-14 20:52:26
e85f79d6-4216-4118-979e-0af664ff759a,Hprefbhgbb,2024-10-08 21:03:15
0c4dc53b-cda4-4792-9d9a-134ca5b7efde,Adanrqgutjxppj,2024-10-29 02:31:44
357f930f-acc8-46ad-9058-c4017e67c858,Xqnrthajk,2024-10-22 08:58:34
1580103a-1158-474c-938f-37e2fc03d048,Clbcsvcyhe,2024-10-27 02:42:18
efba1a6c-b9bd-425f-bf47-bdd1fb2700cd,Cmmbnuedrdefu,2024-10-04 00:01:57
f6a0536d-f252-4da9-adde-6bbb71d78e2e,Itwigzcgloxpduk,2024-10-22 15:59:58
c9c49ca2-6c75-480f-a0a9-f30b904daa98,Gdcgbzzgvfwnm,2024-10-18 07:04:41
79f0c7a8-2ec2-4be3-9217-4141bc060a06,Evali,2024-10-20 12:55:11
34116f5d-99ba-4965-b35c-afe2440c4647,Gwnbgljkzu,2024-10-11 05:17:56
1c9be5bf-4e4e-42dc-8dce-ffbc66334b7d,Yvaaxeulg,2024-10-16 10:49:28
44c0d4f9-f1e3-43c2-9926-cd7895bf57b1,Gmamvtz,2024-10-14 00:11:59
c9a99953-dcd3-4708-865d-b5605d764d30,Seytot,2024-10-06 02:13:20
02247f8d-6eaa-4076-892a-a1b3dbfd754d,Ozqjbx,2024-10-29 10:33:14
7e58eb7e-83a3-4892-b365-f39027ccfa38,Tgyyveuhdyffuo,2024-10-29 01:50:02
00de4222-76d4-419f-9933-2a93ea20b780,Ayqzdxcwrgyac,2024-10-10 03:07:38
435a63f3-30f5-4f70-bf79-ed6d73052a54,Mhdymxtoz,2024-10-18 01:03:30
6dfbe48e-194a-4c53-90e9-807bb4cdd136,Cgnoso,2024-10-25 19:11:58
436c455e-67df-45d1-a26e-29fe417a5d40,Dsdfk,2024-10-31 11:05:21
855ccd94-10de-4d41-9643-06e29f343e75,Wsrsrculvfwrfka,2024-10-21 11:21:27
8358e71c-bbbb-4e40-90fa-ad258a6c361c,Alklkjuzvo,2024-10-07 03:19:12
55858759-8cce-401e-a148-d319c6fcbc79,Tcyvicasvxdqln,2024-10-04 10:10:47
3625e507-474e-46a3-b5f7-28cb88ea5735,Rdjvwduloiyc,2024-10-12 04:10:58
12d91827-1c5c-4ad0-8751-7f64add0df57,Edqjcidlmls,2024-10-13 09:26:29
df426c30-551a-4204-99f7-2814034aaf01,Tnnket,2024-10-05 00:30:53
99907145-7663-401c-aa2f-e8d29a25b950,Fkilqjnzd,2024-10-28 14:17:07
b000ead6-eb36-4ac1-b23b-7186b218201c,Edhjlxuixcfijh,2024-10-02 12:49:55
555eac20-d3b9-4911-84d2-4020fb03422c,Ckqarewetsakjnp,2024-10-20 05:36:28
fc46bdd3-4145-495a-a71c-a8ccb9cd2744,Psmjzvybzvovzuk,2024-10-24 23:59:57
407a4dd7-0488-4876-8e5e-38dd2f859a69,Ajnlasptrt,2024-10-05 09:21:14
12d10c9c-c034-4c66-b67d-17cd4ece12c8,Hdqsaqyu,2024-10-16 07:07:35
b16876a5-fbea-4d00-a4ad-804271c93737,Wgmqghibkfzbsgv,2024-10-12 00:55:52
e92acb19-7fd9-4ad6-b46c-2efb0379468c,Eydries,2024-10-23 04:27:13
d6f9a785-0d91-432a-8248-4b62078ddcdc,Zokgdyofm,2024-10-14 12:44:26
9b55e719-48ed-4f80-b182-13e964d078da,Vmpgjquuzxghudf,2024-10-07 20:27:50
a5bdb899-82d8-4e8f-b091-0d82d717d360,Qhmhsg,2024-10-20 03:06:21
ce92aa8a-0576-4ebf-8490-b9cd4c7c5822,Hujcc,2024-10-08 02:10:00
a7536ab1-e79c-4c74-9679-bf011370009d,Acolwfa,2024-10-17 06:43:28
e8851f47-bf88-41ad-9f56-71eb384125fc,Nyjlxckxldkjo,2024-10-07 22:46:14
d7a6e72f-e9db-43a2-8345-487f38b8d099,Mpjpede,2024-10-28 15:21:07
6655a920-b2ca-485c-8e30-b1ff59c06b8c,Xminwukm,2024-10-05 14:32:56
de684660-9ded-4023-92e2-821544bed8c5,Ktxzr,2024-10-08 00:03:46
b579a3e7-97b1-4028-bb4c-943755aa0946,Mhmgqiczpph,2024-10-05 14:15:45
930155f8-e41d-4f0b-994e-692f4ce50e34,Qrhox,2024-10-25 09:32:16
5837d5cf-bfb7-4fe2-886d-ba9527c79a66,Suxgaedzkhbmfrs,2024-10-11 15:29:17
478903aa-cbe1-44b8-b71f-22b7b361021e,Faokn,2024-10-26 23:22:16
97a0cf1c-77d3-4e03-8f12-8f3042852334,Rkkpfavn,2024-10-04 07:13:44
2536328b-70fc-475f-b052-8db0ef803849,Qxezblvhhk,2024-10-14 20:43:53
3de9130b-6cc3-41a9-beb0-75d426fa1363,Eeohjq,2024-10-02 22:02:14
ed94c3b2-be07-4fd6-93e9-90e4805c37ae,Jxllqgpvgk,2024-10-28 13:28:46
aacaf317-11fc-4ec0-8162-90202f2fbdc4,Eoskbalkvlcij,2024-10-12 03:36:45
5fbcef22-8b7f-481a-81b0-25964ebc6543,Idqcull,2024-10-28 20:37:50
6f2ce1b6-9d45-4f72-9d6a-8f558c07e77f,Eqjonww,2024-10-30 00:47:23
6e94c2ce-7b75-46cf-aec4-e6a8ca642d5d,Zhstm,2024-10-02 13:40:32
b354e856-ef93-4358-92e2-469eef377711,Jijra,2024-10-29 01:30:51
2085fef2-53b3-4b88-b780-bf96875a6266,Sgbphtdgdxic,2024-10-25 19:01:49
e762533e-34dd-47a0-b69e-da8151efedf6,Xlggjtancjpxalb,2024-10-06 21:58:40
c9676206-8edb-47ce-b588-9ea6dafa407d,Bnfng,2024-10-26 08:39:44
959346a4-2038-4407-9bbe-0163befbe403,Gxmtuvxxoaw,2024-10-30 18:07:13
7def368d-a768-49bb-915d-eafca7c4e4ff,Myddktnqptf,2024-10-22 20:33:19
978912ae-3c32-4cae-b9b4-d78213b2381a,Xjtupy,2024-10-13 18:44:59
7e272844-1c1c-45bc-b93f-17456cebe6d9,Pabtbzhymtozxpf,2024-10-11 19:20:29
c59e6ce9-ec56-4772-8c2a-9317652d497e,Dxsitgdootbv,2024-10-06 23:32:26
58d0f8fa-a71d-4161-8fe4-81882c0e562d,Pbceonbkheep,2024-10-29 23:02:47
331ee81a-8ea1-4659-8bde-f103acec1e72,Udsnrwyf,2024-10-06 22:50:32
0350230c-6e3b-439b-a0d4-8887e03a4c3f,Jvkwp,2024-10-03 05:18:43
2a75ccc3-288d-4111-99d4-4d68489d46c8,Ltjuocmes,2024-10-11 15:08:28
acac2157-3857-4a44-8d7e-62d6d7adcf94,Hjnbzn,2024-10-30 22:03:33
c00b7c6f-90db-458f-b43b-c459dafce09f,Pderjjiwd,2024-10-11 16:09:13
2e2e2bf6-45d8-4a88-9c85-f5b39f689f45,Afleifsoxqlf,2024-10-15 19:49:41
721386a6-acdc-4bce-8901-92e312dcc5f7,Cebfkycfaaajikl,2024-10-30 16:07:42
e6ffaf2b-d543-4351-9977-9c515dec4d48,Lupwfjodd,2024-10-07 10:29:28
d23a72de-c7c3-4826-8fca-f82160b91ffb,Qeyreiuzywuhq,2024-10-31 14:46:33
a907711f-f084-4309-b0f9-8e32048c8378,Lcpqdmtd,2024-10-21 13:59:36
3fd2c7fe-11a3-4f28-a831-449bb8a2c9fc,Hhhvebulemnav,2024-10-17 05:04:51
d74b9fc7-d0c0-4134-b8de-24ffe683e493,Vqfsluirug,2024-10-22 14:25:55
34b7d56d-f918-4b10-95d1-ee6a6fbe3ef9,Chydqm,2024-10-03 19:44:28
c508ab4e-2328-4435-a73c-b7621ac95c26,Wylrrunx,2024-10-04 15:40:25
cade32f3-49f7-473b-beb2-312597edec13,Hhuagq,2024-10-15 13:06:14
068e1823-5ed1-448a-aac5-a8f656e455e6,Sfjigemyzj,2024-10-01 10:57:27
286095f9-4dec-4649-a115-c2305e19c995,Khihptcegmqdf,2024-10-01 14:31:53
64a1b75c-a4da-49a0-9f9a-64401bc56819,Lxizfta,2024-10-25 18:14:40
24f419b3-254f-46e6-aea2-98a50e603dac,Rbvbwhfmrouhrtf,2024-10-23 12:34:28
d88e134e-2bcc-4ef9-afad-0baa419c2f72,Kwnejxw,2024-10-26 14:37:18
c66ef862-8fdc-4adb-bb7f-5774191cbbdc,Jbfwf,2024-10-23 16:44:01
27764086-bfc6-44f8-a31c-63bc238b96f8,Truxqwomahuhnas,2024-10-09 11:32:51
ab9f1227-877d-4e90-b7ff-7e6f2f96d467,Cwjajxwbcuueg,2024-10-21 04:38:06
8d134c41-74c7-43a2-9164-27c1948486d3,Lmxefhw,2024-10-05 11:18:06
c5390400-5307-4fef-a105-c0bdcce6d61f,Msuraujybzsfqy,2024-10-01 13:12:55
cef237b7-d94c-471a-9729-5095ee97556c,Gfxmnv,2024-10-01 10:12:33
fea79379-e44c-46dd-9113-bf78c8e13af6,Zsyjx,2024-10-11 08:01:33
4566a9b0-a34a-40a0-a660-d326d1425a33,Naotbepvt,2024-10-07 06:41:09
abb99478-e8bd-45d7-9c78-38d96e8245f8,Bjsdgz,2024-10-03 01:20:12
b97eed4e-319f-4525-b7f5-675d6c16e665,Yhlgvycgfr,2024-10-07 03:49:43
a4119914-838e-46fc-a022-f6e544ec4cee,Xxjmxdzwwaviju,2024-10-08 07:45:42
c35957f2-0b61-4377-a05f-6c3861aabff9,Hiqidvvlkmk,2024-10-06 17:18:22
a67f59e6-763f-4eaf-b235-1127ba140d44,Lgfsjspsqsufak,2024-10-27 19:44:19
437e3564-fe7b-4d3a-a34e-bacd76434da4,Rjxao,2024-10-16 18:28:52
0b67ee74-e459-42a1-b54b-5cc889f67a56,Bgmuzaabk,2024-10-05 13:30:56
8ea27836-63bb-475d-99a9-342b8d018986,Iqwszaeui,2024-10-11 05:04:34
0fd55793-69ff-4022-9f02-ae4bb2a5feb2,Sicqqtgarahf,2024-10-02 16:57:15
c089ebde-967c-4d73-b005-93ff03dc620a,Tqisyrfxksczh,2024-10-20 23:47:08
4bf3cd72-3a3a-4bbc-8d7a-e580ac7b8df9,Fyuuq,2024-10-06 03:45:02
b38d594b-c6a0-4e3a-8a7e-47b2cd243e1c,Exfhjm,2024-10-09 05:10:21
000a0708-f5a9-4e6d-b02a-f62aa00192c5,Ahufqzbnzylrg,2024-10-21 13:42:54
3349ae1e-a349-4700-b30d-46fc86861177,Cejuw,2024-10-20 09:24:03
3d832db5-2ff0-4822-8cfc-74db74ef34e2,Wsqscffz,2024-10-05 18:45:59
d2802420-dba9-4d2d-a1a3-990813067d84,Ufshqxxvq,2024-10-11 12:07:31
730e8ced-da7c-45a4-ac2f-d8eeec96f726,Ialklbi,2024-10-20 09:48:13
81c817b8-0c15-4c63-9c05-295252185218,Qxcwlbrlcuql,2024-10-09 10:48:50
11d9f48c-618d-4009-9019-fced37be0bee,Jhnafshekqm,2024-10-25 07:29:12
fc68b169-7e6e-4eaf-b92a-add2f88e3763,Dudcrh,2024-10-12 03:17:17
0289843c-60ca-411f-ac56-bf74b697531d,Wngmdiphepolh,2024-10-19 01:55:18
8d6223a7-253f-4314-a956-4363840c9abb,Pkidnjhxb,2024-10-06 07:07:56
efcf0391-4aab-44b1-8814-22e58925a366,Jzqrojn,2024-10-16 10:47:24
66f237f1-5fdc-4e09-998d-969449c1d3b9,Ddvqgqtyezaj,2024-10-14 08:23:54
bead0dac-ded2-4b1b-b654-09c496d4aeb6,Rqgimdgmjnp,2024-10-08 18:00:22
38e4312d-1318-47d5-bd98-cec28d8a2510,Irapypn,2024-10-18 13:35:25
6cd5206a-deb0-411f-9631-393fcdda6e69,Ttrdnrfzdj,2024-10-20 08:24:13
2bd937c4-5881-40e7-8617-dd3ed668cf6f,Matuaoczlhqcl,2024-10-13 04:48:57
00b42870-c493-4331-9513-c16efe0294c5,Urthswfir,2024-10-06 07:03:32
90e8490a-1b52-4157-8c71-25f8fbdc76ea,Uilrlzlqcyxsf,2024-10-05 10:35:53
f5bab10d-73d3-459c-a109-7d298a68bff9,Ddcqyfxq,2024-10-27 01:43:30
50188651-275d-41f6-af7b-6cbe29979cb9,Klvuibsdcuznb,2024-10-13 13:46:17
df1136a5-10f1-44ae-85d0-8b2d523415c4,Xuylup,2024-10-05 00:38:28
133124f1-4586-4611-98c0-273caaf3c8ca,Palwyozwa,2024-10-10 16:17:39
3b489d22-a072-443d-aec1-4215da177d92,Boamhb,2024-10-18 18:07:20
b8d7f877-b9ab-4b8b-8d8e-0ef05af03373,Rfcgzzqi,2024-10-21 02:12:35
19227593-3013-45a9-ae9e-59493d787bbb,Hubfsjslpmxqki,2024-10-16 03:51:35
dd3b8229-a02d-45c9-aeb1-d427ccdf7923,Lfwflmrirppoxlh,2024-10-15 04:22:47
38457ca8-55a8-4fab-bf51-7caf1118b3cd,Otbafkldboiekbg,2024-10-21 10:05:13
40e7efed-0221-4ab6-8ccb-072bf193203c,Vrejqrhozupmpdu,2024-10-27 00:21:33
d5e0e8f4-d11a-4867-bad2-bb4a664e9330,Lbefju,2024-10-13 09:30:41
612021eb-ea55-4b29-8297-54218b8f7fdc,Qkudrlmwrjax,2024-10-13 15:11:52
2e33cd09-0370-489c-861d-70547aaf77ad,Lugxijigp,2024-10-18 23:33:35
661653f8-ad2a-46ee-976f-d88028abcec1,Llhod,2024-10-17 07:15:33
3e21ef19-3d9b-4fc8-8fd0-6e5e619c6dd2,Muugemjwyqfy,2024-10-01 00:49:41
7886eb56-5a4c-412c-a118-19ea82f11dc3,Hxftsipvdoku,2024-10-23 08:07:30
05ebb1e9-c778-4936-8d53-cca984f702ae,Pgpmaurln,2024-10-14 23:27:38
bd495ae2-c7a7-4885-9c98-d75d5cd2b73e,Nltbqkktpjsbhb,2024-10-05 05:58:12
6efcc0e1-703f-455c-b26d-f30450dc6d36,Nrdeu,2024-10-29 02:17:22
88f7e6a6-8dfb-4dfe-bd4d-8ac5b8a35a19,Sufnz,2024-10-29 16:05:05
9d83a738-7be3-4634-b54a-a1c1424a81aa,Ujhdzjllaj,2024-10-03 12:20:32
973fc13b-36c5-490d-bf8d-9aa7b754eacc,Yprnpc,2024-10-18 13:50:33
a81ac3f9-86c9-4f2d-9097-cdeaba0b29c5,Swlhuqtydbw,2024-10-15 00:51:05
f143cda3-2829-44f7-8ef2-7718ff0c0f84,Lxlnu,2024-10-29 06:31:12
7ae623b2-1edc-4064-99d8-8f38616d64c9,Icivwrrpgxnunrz,2024-10-01 16:09:18
d705a1ef-ea88-4783-a820-90136ea298c1,Aafexymenojca,2024-10-06 17:30:24
e98c3e8b-3619-44b4-b137-9905b36a2956,Eqzbpwxqflzmubb,2024-10-02 13:19:06
fa8a4b3d-af19-4438-bf84-f0824a81829d,Bqepsy,2024-10-17 10:35:46
7e9322fc-3f61-45db-b532-d57a35721683,Kpoctk,2024-10-09 03:00:32
7e57452c-765a-4f1e-a16e-70f55cf35112,Fibdtlrmoemawcx,2024-10-12 22:23:20
bbb0851a-0a28-47dc-a5e5-f86df8bed6a5,Wyhpqivocz,2024-10-24 18:22:08
b9b8515d-70d2-48ad-bed3-2b66489beb0a,Woopr,2024-10-15 22:56:30
070cfa50-6a92-4431-948d-504e5bab2df6,Tiyoaujk,2024-10-02 08:18:54
a6e22750-ee30-4c9f-845f-4ce6ec828372,Grcvak,2024-10-24 03:01:15
fadb169d-f1a6-4afb-b0c3-2102ce8a0b60,Wixxyaqcwtnm,2024-10-28 23:11:50
889ca5dd-8317-4b38-a645-8c4369be125d,Ljhnmafemqrnf,2024-10-08 20:27:25
a0082cb5-94ba-4dad-95e4-ef68d9145acd,Zdxtnpkgs,2024-10-29 23:49:56
4fe698d0-033b-4f1c-845a-ebc84f480704,Hqckwknqvsq,2024-10-26 04:14:22
d2535096-adaf-43e9-a0ab-fc59310dd5ba,Ncotswpxxhr,2024-10-18 11:58:13
ee35821d-4164-49e5-97cc-96efe5db4572,Xzxlmdphnqmxbd,2024-10-09 20:25:31
197e0c94-9711-4d3a-82d5-b9abda534224,Pjxehj,2024-10-17 03:46:15
a8ad6f46-4e85-47e9-a714-bfc9b78c5f0a,Qrxixrryufax,2024-10-20 04:09:16
7db22e96-b34a-44ce-8cb4-bc3f0f9dee92,Qraajyqw,2024-10-10 05:20:25
87b7546b-6159-4118-8744-e9b62ea31138,Zjsqmypzniqamut,2024-10-16 14:18:11
b8639c75-e326-4b3e-8d41-d4c68e1671cf,Qvdnuevwgmxat,2024-10-17 21:53:34
70e588d1-a1fc-43fc-995f-afa0c45be594,Xqafa,2024-10-09 13:51:27
2ab58b7a-8b62-4bc9-b4fc-26d4cac426b7,Diwrdbbswl,2024-10-17 11:22:15
5d345381-40d7-49da-9a12-814bef7d7697,Ldjcjacauahq,2024-10-27 08:46:14
d3b6d1bd-c8c1-4f52-abff-008e7efbc89a,Fndpdyfg,2024-10-20 18:15:39
2d26e4d3-9fb1-491e-97b3-2325a981cf49,Wwyftidttmv,2024-10-02 15:03:03
74b02c54-e21f-4e32-a432-e856df98c149,Blujahtjgsu,2024-10-26 16:27:07
935a1f2a-9a3e-49d1-9e15-80ede86114ad,Kdyzbu,2024-10-09 16:15:20
ae0cea2f-b6a3-498d-b109-81e8cbb07cae,Iadjpnfnmjvzw,2024-10-21 10:56:46
546c83e5-2d12-45ac-94d4-c16d28500021,Vdcaayfqupkgk,2024-10-12 07:12:01
41e7b316-44ab-459d-bb59-f5107d509be8,Gwcqquzq,2024-10-08 15:27:50
85b7a326-4aae-4b22-a915-985aff03dfe4,Aofpmbsdmicth,2024-10-21 09:49:13
309b6dfe-2e6b-4483-bfaf-cd2222d360b6,Hgqhucp,2024-10-07 10:19:13
6eb91fd7-f1f7-446c-8fb1-eab415efd40e,Gghvdvvku,2024-10-26 09:45:34
0c1591c9-7948-4536-95b4-92b4a9750717,Fobzuh,2024-10-31 03:12:30
65fccaf0-93d3-41ea-9746-300887e4dfc2,Ammlpblh,2024-10-19 03:23:39
cb9f2452-c35e-4312-8fcf-4451da2ca633,Wzfaubincv,2024-10-18 00:21:41
03c13388-0f0c-4bd5-9c63-4e35e0e5a7a2,Qukphti,2024-10-21 16:59:08
1f93692b-47db-44b1-9834-4b4857e882a6,Vxhpabdgrty,2024-10-12 01:05:49
9c1c8135-2325-43dc-94d1-9a5618c39e81,Jebdxybx,2024-10-28 06:33:41
f33d8da0-7d30-4b3e-b7b3-4c0dbb7f3c17,Loimqigjsdseys,2024-10-17 17:49:52
ebac5794-f888-48af-8490-3a7942316ac6,Cnmif,2024-10-31 03:10:17
4f776475-137b-47da-a3cd-668fb8e2ef8e,Acbxw,2024-10-20 00:21:05
a9ac0d83-f94a-4310-a81e-b4f0f2837fcc,Rinltnwn,2024-10-11 09:15:18
5062dfcd-a05c-4abc-af8e-78140a994c77,Igsxlyqhrdns,2024-10-12 23:32:23
3ed88f68-da37-45ab-b64d-3f5d9c2c9968,Nbrgp,2024-10-24 17:29:45
8b83b8af-c5db-4ef9-bb85-c6191073e52c,Ezdqa,2024-10-31 02:13:29
4efe5ba9-5587-4b54-b91f-069e5fdb21a5,Kyjaobn,2024-10-08 00:20:49
21f6b8ca-537c-418f-a864-a0aace03fa54,Gkveszwblv,2024-10-14 22:01:53
13fca56b-ae8a-4f1f-8c25-f194df8abc21,Jsnrwjvumiuus,2024-10-31 05:53:39
b0e1c80d-b0ab-44c7-81f6-26223f646905,Fjereojxsecmsyg,2024-10-09 04:14:22
2f6ffd71-9908-4aa5-bfd5-e2b74243e1a1,Txlaaleghtxbhhc,2024-10-04 00:44:49
b860c8c4-7417-41ed-abfd-68edd0113bdd,Eurrlhhmdfbcuzk,2024-10-20 12:38:04
6cb2922a-441d-4b80-8d4d-58698097ac86,Xvuzusuieaus,2024-10-11 10:54:12
3733d7f3-ed79-4c6b-8afa-7fd1c0384d3b,Zkewxneb,2024-10-15 14:04:45
b3a8fd15-1c6f-42b7-ac4d-a15de92d326d,Wirdginrxbnz,2024-10-29 04:12:55
a6bd3141-d2b1-4724-8fdc-aa167dd67935,Xjysolavlxp,2024-10-20 07:14:56
83036da1-2612-4bbc-96d5-c2774c4e1d38,Irtndgi,2024-10-24 00:03:07
2c0dc1e6-4439-400c-90c5-232cb573d949,Dujlawldxg,2024-10-30 13:22:57
60e4b27b-fed6-414e-9cf4-c9e600feda46,Nazdlgaa,2024-10-23 20:50:35
3a1006d4-d137-4629-8874-a9b218bf607c,Hxpohwwyawe,2024-10-05 01:29:04
f90a9778-868b-4552-91ea-357bf035bf0c,Bogrgqrhc,2024-10-03 02:13:20
d9978089-050a-40cd-a284-6a2b8fd8622a,Gyxiowjk,2024-10-24 17:54:17
41c134c0-f6df-42d2-bf35-34ded701c8dc,Nsizqbhl,2024-10-06 18:26:02
94701068-4426-4d4f-bdd5-1ee42c9f619b,Guvihtrkpkjutnp,2024-10-10 05:12:12
e11590f2-0c36-4e33-b84c-af2fb757fd94,Bpphmmlzxcn,2024-10-18 10:30:42
a1da62dd-8818-4768-b8a3-2ebcdfd81a94,Xlkejpltkbkqj,2024-10-23 22:32:33
01dfbb87-c5cf-464f-9851-ffe96567c086,Gpccfp,2024-10-10 20:23:27
011b2897-9e6f-4fe0-a5bb-367997331f2a,Drtgux,2024-10-12 09:24:51
be71bd7c-d527-4bcf-8e9e-3e5ed0aa5989,Bhnnahwmwaddcmq,2024-10-20 17:03:13
c643a7dd-d3a5-449f-8159-be75888ab71b,Nzrsxbikmkmssny,2024-10-06 11:10:52
c2c1ba13-e921-4d15-a066-d7382068c7ad,Xoaxam,2024-10-20 12:36:46
c1b3e1d9-0e58-4ba6-85ae-6dbb81d23731,Avsfrtovl,2024-10-14 13:23:33
c50b6a13-6366-40f2-98dd-74dbca249418,Xxsppotyurk,2024-10-27 00:32:20
5f1e9fab-e254-45b3-9848-affcf518af79,Ourqdugeerjvl,2024-10-17 03:43:09
05d17a03-a3cc-40d4-bacd-e7786ad9805c,Gwwpdfxdbqlu,2024-10-12 06:24:33
c145f321-cb1d-4f75-b51e-8e7fc6f212e3,Kvhhhkgkf,2024-10-28 23:05:35
00497917-7b99-4210-a3eb-5e47e0d25e8d,Cjayikrmisp,2024-10-04 18:56:00
59daeea5-05be-411c-a044-e72f63fa2f6c,Jiqkfcphin,2024-10-18 16:54:26
3c808a28-dd7c-4b77-8d15-855d43102646,Kpybczvzp,2024-10-13 05:19:53
c5556503-95ba-4ca3-8de3-72c2582934cc,Kmjecanzyhtszhf,2024-10-05 12:24:52
051a10cc-0785-4795-b95d-9ba6271ea000,Hzmkmmjrfy,2024-10-02 00:02:03
ba3fd002-1fca-464a-a36c-ca5a8d017e48,Ibmtakrwwhkv,2024-10-15 08:49:41
fe8c90cf-7216-40dc-bdd5-a80a7befe08e,Hlyffldyufkj,2024-10-25 16:37:03
36acbbf1-7bea-4fd2-8e95-991c1db0aca1,Jieoxceg,2024-10-24 18:00:57
69c94633-8fa8-4888-94da-adc542969255,Tmdkcqsxc,2024-10-14 21:56:04
9fcf7d0f-6aa5-43fc-a9ed-ab3b399f3913,Uiiibedyclsehqe,2024-10-24 00:22:17
a44788b7-b289-4135-9aa7-c51c42cae442,Tqdpbhqndqfzx,2024-10-04 20:22:32
f6113d87-6e45-495f-a19b-e72f210d9a0a,Dyserlefg,2024-10-05 04:20:43
19059322-abf3-415c-92ff-8fa44deefce6,Ritqnhqkathaxk,2024-10-18 05:34:46
08d014e5-b3a5-4d4f-826d-4b63878fde67,Oujbbmcxscqsx,2024-10-10 23:00:07
d8191b0a-00dc-4025-9d71-0432fb8126b3,Gwbwmlphtcbupv,2024-10-25 19:16:42
f57b4f15-4534-4305-bc14-e05a5ca815b0,Amlcmgw,2024-10-11 18:54:06
6836c928-c569-49c4-960a-faaf5c1d643e,Whdxbwcmubmlg,2024-10-18 02:26:00
b00e02cb-176a-4a89-a669-c3edd71ce7c4,Amjxlldnktgq,2024-10-18 04:27:19
6484e55f-9925-4b0b-b457-a81a31fb3c4b,Mjehqk,2024-10-19 10:06:53
53761543-3dba-4cb6-a726-0302751bbf3f,Wygsacqmlvo,2024-10-28 22:11:25
75a55ec3-329d-4418-885b-1df173c1340c,Yplpcrjyyi,2024-10-29 04:11:32
3ba336b8-b23d-436d-836b-4341db5b662e,Njdzmxhzikx,2024-10-27 19:16:50
084e789e-48ea-4711-b5bb-a6a0c5bdc062,Znxvc,2024-10-21 19:42:05
3606e38d-c6bf-4c27-a91a-a930ac47e8ec,Okbzkmhppenrz,2024-10-13 01:40:48
7fe3f394-cd4e-4a50-895a-cfcd573506db,Ojtwcfyofyh,2024-10-17 07:52:56
b69ea657-f422-4cb1-b039-4753210b4f9c,Knbfsnma,2024-10-16 03:48:06
36771d3e-7059-48fe-ad4b-d63b3ab6bba9,Pkffto,2024-10-26 06:21:50
e31e596f-f562-46f9-acf2-40eeaa79bc8c,Clnsjxb,2024-10-22 15:26:50
aa042683-a9ce-4437-85d0-9648e3b93749,Hdvlh,2024-10-19 19:32:51
63a40853-5201-4ecc-8bca-65ff32623007,Xgrgy,2024-10-13 15:21:37
f769132c-8bf0-4281-ad5b-7faa698fd1cd,Nvehuf,2024-10-08 11:21:42
7e3610ad-baa9-4cfb-adb7-35cc62077836,Jixyvywmk,2024-10-05 17:58:21
049a9101-fc6e-494d-b1ed-b5b3ad54691f,Vrosybwjqjf,2024-10-27 14:45:09
e249b187-cc8c-4c7e-a735-61fbb385d41d,Wqdeohsyjxltcc,2024-10-26 16:26:48
03cc4822-1363-472e-818f-18265d610794,Hsydqdcroxfvi,2024-10-13 03:56:26
f8506719-3355-4d2f-b975-d27c60c6d8a6,Menpsz,2024-10-20 23:06:29
55ab6b2d-49c9-405e-87c0-34eb5d82e79d,Uqbkz,2024-10-17 04:23:40
3d0f25ff-2fc9-43db-b996-2c789f515920,Pqriz,2024-10-23 20:12:56
454ff17c-60d1-47d2-9cd8-37ac4e754426,Pvysjuijalem,2024-10-07 08:24:16
4244ace8-a7a8-4b90-852f-c2351d322db7,Ktstdgofnzazja,2024-10-26 02:31:06
e9efe7fc-8a73-4406-a9ef-7e7adf5d4d21,Bbcabz,2024-10-10 15:38:22
02bb3331-d6ca-49fa-8170-f4aafe932c42,Bbrhjtycg,2024-10-03 04:56:23
6c028b72-63ea-43de-9959-75cc857eb31b,Lqjmzxt,2024-10-18 07:23:50
0d0febbd-9ab1-4972-a8b4-f6985d04d2d7,Qkihgflyvpevj,2024-10-02 03:03:45
9b369b95-35e1-4cc4-b726-ddac87c818a9,Ogqpkhmsv,2024-10-01 12:29:20
535f8792-e746-4687-a8ec-6cbd9c46f1df,Zzsuk,2024-10-27 17:22:28
0a15ac65-a6f4-4094-864d-aead5c86f1bc,Pnvmbgmfeqh,2024-10-21 23:00:29
5f1cbdf5-dbe0-463b-8089-e339a0296419,Karvgoqx,2024-10-08 08:32:23
bcff543b-fe0c-404a-bf06-3e065baadc7f,Dpqnvirbjk,2024-10-12 08:45:04
bf55a706-b4d6-469c-bc06-051f2ccc134f,Rcglemkl,2024-10-28 00:33:53
4f0d66d7-706d-4487-abe9-0140c9ef9cdf,Falri,2024-10-06 15:33:22
700966a7-31e9-40d7-9fbc-2e91689f44fc,Fdbbgmvxcuuoe,2024-10-27 05:42:59
4d80ea03-7fac-4938-8e5a-104bf0f2d59f,Iyoobuxjvqmp,2024-10-18 02:19:20
d9c93714-ccd3-41b5-a232-8c6228e01b68,Eftch,2024-10-29 08:25:01
c859767f-29f3-454d-a1f5-cd5bb45312bb,Pkmddhkwsse,2024-10-23 23:24:48
4f87315b-92c5-4019-96f7-d54b3b8fbe80,Gebnkxnaobqmuzk,2024-10-02 01:44:23
1e63b73f-80fe-4201-8332-64080c99d056,Zgvvl,2024-10-04 07:01:11
c53f2927-0835-406c-9451-8d357443ce85,Orpzvbon,2024-10-20 15:03:51
62dc0e85-c60a-47e3-8545-7f428ad8d3b5,Zjztrdjzcpbvk,2024-10-15 21:34:25
708d528d-23f1-4510-a394-3ba47fd0b523,Zdaezwu,2024-10-17 06:17:02
20d4b014-070f-45aa-a2ef-b81fff889977,Piomquiotx,2024-10-10 23:30:55
5d4e3e81-a297-42a1-ab7a-3a7b083ad521,Fztksm,2024-10-25 17:52:01
da170280-f9b1-4559-84d7-05b4f14eb4af,Yaixmsbzodbz,2024-10-04 10:35:50
8ffe01c8-ada3-4f53-85fc-3d8fcc7156ab,Ysuyglasm,2024-10-22 13:05:42
068cad32-3546-48fb-8384-d2fe092f4aa5,Nprzrevqic,2024-10-18 02:02:14
167d9407-6903-40b7-ab54-7a46efe486c5,Mrwnbzposntyof,2024-10-23 12:34:39
eb919fcd-1019-4c55-8363-b2e0364d5289,Blevhha,2024-10-27 12:22:58
c4504639-2e8f-44b9-a752-b306f5a63911,Typroyptr,2024-10-21 09:44:30
1a6cd644-23b8-41b8-bf37-6231b2c67264,Kewtsdwle,2024-10-10 06:59:01
453b8d87-dddf-4f00-b97c-7bec6c69a59c,Sgjddzqlcipajy,2024-10-13 06:20:48
43bbd214-a031-4c0a-b1bf-98f1dbb95bdb,Coynobhpmpdssf,2024-10-13 03:01:17
c2791d24-c319-4819-9b94-bd999c923467,Uwtfdhiqkr,2024-10-07 23:52:40
1b57d24f-4ae3-4079-9514-ed6005d6e4d6,Lnbnzpom,2024-10-17 08:06:38
2ba5627c-3adf-42f8-8459-226eb19a4dbb,Hfwzphs,2024-10-05 06:23:38
e7b805ee-f7e6-4c35-bc72-a41ea775e9b4,Btdpdzd,2024-10-03 04:09:22
e87d6711-eaf2-4066-b791-322a6609de57,Wdyjuirjgbp,2024-10-26 12:09:43
08e1a9a0-9680-4ca7-b60e-f2fa1e15fc78,Zzavcdirxrzuwjc,2024-10-06 20:12:01
67ffca0c-fe23-4b86-a07e-5506edb1af33,Agmogo,2024-10-23 00:35:48
5bb5fcdb-f192-4b0f-91f0-73e909787628,Ridnrx,2024-10-09 04:15:37
5b681107-54b8-4caa-9a5d-f0454c543c15,Auiiyrncfdjkr,2024-10-28 00:22:09
2fdb0980-6f89-45e9-ae67-b009199a913c,Fipuml,2024-10-27 06:49:35
e5b3c206-5385-43d3-b8e5-2f9f4e4e3307,Jshqsvvhdmh,2024-10-13 15:06:42
e65ccb91-8422-4bfa-9954-20d375ca946a,Pvnwjuybt,2024-10-08 04:29:02
34752d82-6351-406d-b7f2-b9027e566ec2,Bfbsua,2024-10-13 20:17:08
e2aa82be-abc4-429b-9f8c-b6af3753dbfa,Itwdqos,2024-10-24 06:49:40
490b86fe-0d1f-40a0-be6b-d0101dcb30b9,Zenfyuh,2024-10-16 01:52:06
00625c33-f14b-49f0-b699-aeff09f288a2,Kkdittxf,2024-10-02 18:53:47
b72e20fd-684f-4f77-a448-48c8a790da74,Bahvopw,2024-10-08 10:43:43
83b708c0-9b4d-407a-89f5-c8245dac0758,Dnklosldehdkq,2024-10-14 15:39:46
365aed16-c2bf-47d7-ae2f-8f461571c044,Cddvankneyh,2024-10-16 02:28:56
ffc0ed83-9a61-4d43-acb6-f9af3472c940,Pigooue,2024-10-05 19:12:00
dad9f5ed-edcc-4410-acfe-b22f6751822f,Susopvxmtdhyzq,2024-10-16 05:38:37
3ed67014-9c6c-419c-9c16-b637e4353169,Vrcoo,2024-10-15 10:22:41
6cdc9316-6106-4419-8b7b-6defe75d86cf,Yhqvhjoeufk,2024-10-15 15:03:26
d086fb55-c934-4c7f-98b2-b075e1e6d1c0,Djsjcapqxlmams,2024-10-19 14:11:15
25d08d51-1101-4715-bbdf-cd1eabd37bc3,Oblriwvdgttsrow,2024-10-25 17:42:36
ee0cc875-ab04-405c-834f-f333e916281c,Pbgpmwewehyc,2024-10-24 21:10:36
e8f29d9f-2c92-48e4-a42f-334fa93cb9f8,Whises,2024-10-10 17:07:43
b88bc4b9-48ed-456a-ad2a-df3e38ca7b9f,Gqqkltc,2024-10-04 17:45:59
c808bab9-451d-4cb4-956c-9bcd9d3de0fe,Xzhzxuwpdmkitu,2024-10-10 17:42:11
4d866f88-cad4-4f44-8f24-69b806d002e3,Yxrfd,2024-10-28 20:16:19
84d34efb-aefd-4dcc-aaa3-50d7816f88f5,Mnlqhfw,2024-10-02 05:22:17
ffaba3ad-ad9a-4924-ba6e-e9a66c68a56d,Tyqeku,2024-10-21 02:57:56
6d3bdce9-1aad-413e-968f-2ff428dc307d,Lhupfpvp,2024-10-02 06:08:53
f71f83a6-759e-4e30-ade8-aa57dcf529d7,Ttzfepzewm,2024-10-12 11:12:39
e1b56036-320e-49d9-b42e-505440851192,Lgnsvbvfcgi,2024-10-28 10:32:51
e7d04d2b-26d8-4898-938e-14c60bfd9f9d,Gwyjpppwayrcry,2024-10-12 22:02:56
f222164e-cf1f-4c98-83ce-b737e9877d9d,Xcxkzkjfche,2024-10-28 10:37:41
8f3157b7-6522-473d-9e4f-c60213023101,Ftfvpoz,2024-10-30 02:59:57
9ce0b03e-d2be-4849-8570-f8e1c7bdb10a,Iftsv,2024-10-18 10:01:25
b379ba91-313a-4f07-a0e8-dcde269f2132,Ttsakpaaxqud,2024-10-15 21:57:04
1b21b908-dc5f-4fd5-8ada-ad2090a4f9a5,Mqobgyyvhwmj,2024-10-03 06:35:03
0e1eded7-a779-42c3-b228-fa0b6095e0e5,Okvcbve,2024-10-24 02:05:52
8c0e0292-25c4-43b2-8693-37e3fd8de1b3,Cwberasiqooi,2024-10-06 10:48:49
e1c3a9f2-cbfb-4851-bd64-6bc190c25c08,Swvxty,2024-10-12 13:18:06
a0fd3422-64a2-4804-9d83-4d6ec8a1365b,Hmaix,2024-10-26 02:53:20
4d72427f-d1e8-485e-9779-892bf673346c,Fyvfqsetcslwp,2024-10-28 11:27:33
fe18393f-f69a-4593-8ad8-e9d7778fb364,Qfrlmcyflv,2024-10-04 06:37:34
b008c412-7cd9-4ac2-b5d8-55bfbd1d28e8,Uqfcguyzp,2024-10-14 01:57:06
b452f1f5-1a33-458f-aef4-b57badf09304,Icresddwuvmrc,2024-10-19 08:09:35
50a27037-fe03-414f-9219-76bef3d13ade,Lanohd,2024-10-23 04:10:12
6a2ed2e9-b981-46bf-8a0e-7e6fa46e245b,Pwgtokcyykogyc,2024-10-18 19:30:43
d1de32ab-e8dd-4f43-bbb2-06a597373242,Fxjbvxngru,2024-10-14 17:50:50
2c506ea9-9d33-4173-bd77-3729f1f8493b,Phtayhmg,2024-10-30 23:01:35
6731955e-3f4e-47f6-9697-50a5f9a42909,Exrrwntl,2024-10-06 17:37:06
fdeb6935-f809-4f10-a89d-2a14f3c7d479,Pcyddov,2024-10-07 09:58:13
8748c4b4-9b0d-4b44-86d2-80a94bfd25ce,Uozutfnyqisbq,2024-10-28 16:15:50
6ee59751-afc3-4e21-ac90-e31ed65b405d,Ersqyyh,2024-10-07 05:17:19
13c63153-0075-4d84-884d-d5e876849bb8,Tlyjchfmrt,2024-10-14 05:13:28
c3966e27-daed-4b04-bcfa-2ab9a76d3305,Qhhlgah,2024-10-15 05:39:59
4240967f-3b5e-483e-81d8-0fa99ee778ec,Gurykpshlpvus,2024-10-13 09:04:10
1bef5269-60d3-4269-b9d5-6d727075eaa2,Qhawvbbbmmh,2024-10-13 22:35:17
3b77648b-64be-4af3-9c51-c8c25755b93a,Hmgywjkvaak,2024-10-21 20:11:57
a31e0865-85ed-453d-bd7f-4f8138cb7360,Yjzjbjxw,2024-10-11 23:18:24
626537a5-ac3f-4704-a26b-0886d947bb5d,Exosilcz,2024-10-06 11:59:13
455e13b6-9478-4ce4-a9aa-0a70a44153d5,Zvtzdiuh,2024-10-15 13:38:07
900bfb3b-777b-4daa-a175-5ba75c20ec25,Dsitfod,2024-10-10 20:24:49
7f50f4eb-0843-4042-856f-ffa53d6b4be3,Dugruimooxm,2024-10-25 09:12:26
ee583076-598c-472a-9d03-bc68b30ffa75,Armeuyfnahw,2024-10-08 06:37:40
b2c04d7b-8438-45eb-b33f-aecf3338c5a9,Ssydjnxjhh,2024-10-17 11:26:28
17af0f61-cb7f-4818-b281-e4b5d76530e7,Xtjahiz,2024-10-12 04:24:52
f790cfa6-1d96-4f18-9d79-36415c818274,Txhyktgrdr,2024-10-18 23:52:04
660a1681-ee83-48f7-bdaf-056090c6dafc,Laworxasweodhy,2024-10-17 21:05:08
c8684e07-6557-4616-aefa-1581d309ce85,Kkisvszrhb,2024-10-18 11:23:04
e6072550-69ba-4994-8261-f0cd4e6dc515,Foryechrwyg,2024-10-20 05:17:35
a2c1192f-dae4-4a6f-8bf9-0e19882baa59,Myrfferji,2024-10-12 14:57:04
82013958-050b-4135-a554-f0b23d54c9ea,Ybcyaeh,2024-10-24 14:48:34
92a0661f-16c7-45ed-9738-976a30ce480f,Psudcrkfzajtwbg,2024-10-04 08:39:26
0f3984b6-a802-49be-9e0a-ede302b8239b,Fhlqi,2024-10-16 00:30:01
a1ec51ba-843c-4aa3-81bd-b4839e064953,Zpsinj,2024-10-13 09:05:00
854fe6a7-dead-4102-86a3-7f492ca6fa8b,Vffxg,2024-10-06 01:13:17
271e745f-1afc-4f68-8c85-17339c58f87c,Xtilheamf,2024-10-04 05:46:04
22685e0c-7d0f-49a4-a7d7-4eaf6ec59d8f,Dqivxyjacvvuo,2024-10-31 16:03:24
fcc46ff8-9e2a-454f-b01b-f5d8765c25df,Sontxmxhx,2024-10-11 17:47:11
9d3fde06-0808-4c9f-b72b-52372fe92d05,Cwgph,2024-10-17 12:58:46
aebf0ea9-ae64-4ae9-8e89-2ec931e82146,Ottypkxskekc,2024-10-03 10:35:12
9843a7f9-8d0d-4460-9b16-ddb1d9d538b6,Qejqzvdivv,2024-10-17 15:32:15
41c4a39c-feff-4b29-a628-86c69d91fc9b,Fnrinvyxmbw,2024-10-10 16:31:50
aded31a3-e9a6-409d-a4a0-9551bb7debe0,Pyqupzhuqetznvs,2024-10-18 20:49:43
ca8392ff-d7fe-4c46-89a1-a54871b6a4a2,Pbzqxbirubdo,2024-10-25 06:40:51
bf0f697e-2b27-4294-a682-ff3d42a8990c,Eizimiadzz,2024-10-15 00:19:16
5c16a749-7b52-4ac4-8fd9-3909366c135a,Nfexfiumg,2024-10-07 01:36:00
ed638693-d66f-4419-9404-eb15765e1263,Hwfghfgtpet,2024-10-02 07:32:58
a4bfe0c0-6cfb-4044-a1ef-78b203759e3e,Fzosouxhx,2024-10-11 07:38:27
6fc2d649-842a-4577-ba59-2deb12b54dce,Pgcjkerkzqtnm,2024-10-13 09:20:27
c1d97404-5fa5-47f7-9ec4-c624458162c8,Ibkaupmgk,2024-10-15 22:53:11
e9205b26-7094-4262-a62e-19d57ddc6b34,Cthqhbabim,2024-10-20 13:23:04
789544c6-ba3b-4b2b-b185-a0bff6e455f1,Ggljpszoym,2024-10-09 04:39:42
2c4dde98-0213-4b43-a278-0018597a65e8,Gqoiue,2024-10-04 17:21:06
d74a0cef-95fc-4fc1-b4da-a0b930aab981,Tgjibdmusztfxk,2024-10-07 18:02:26
6430514f-f1d6-41d9-93b9-aacb56dd289f,Fdcrtdzudvhi,2024-10-25 21:32:53
f3c4eca7-9b76-4237-a10b-f19ce9880488,Idfua,2024-10-19 00:30:31
9ddee680-558e-4890-8ec3-f663468de213,Ziwdvfgdhwkk,2024-10-13 00:19:18
ab6dbe2e-caf0-4fea-88a9-af22933740de,Uyslnk,2024-10-17 13:47:46
bffd9196-9f79-4c96-8b4b-d304ab523586,Wnyjhiwvpsv,2024-10-11 17:20:26
07c0f52a-5ef8-463f-84ae-72b5b77edb1b,Yvucbtlkazabrn,2024-10-13 07:02:36
836d2224-133e-40b1-8990-1da68c540155,Idqmmtvyjc,2024-10-04 07:52:40
55fc447b-df2c-449c-a24d-f68e2c8f4462,Qvhzihqkdfzyna,2024-10-08 11:38:20
433ed3f0-08d9-416a-8514-b67977644ca0,Cszktymwtfubuvw,2024-10-12 04:28:52
fce8e062-c40a-434d-b76e-07627da42be2,Evktehx,2024-10-03 02:32:38
403a122f-0016-43cc-add6-d0d604ec5bfe,Akulfduoc,2024-10-12 18:36:58
2d6789ac-9d0d-4dbc-bdc7-19a8674e2fb1,Ersdwjts,2024-10-04 13:19:49
4064b206-fa34-409d-8dc5-2806c5171c6c,Wqhmzibp,2024-10-25 08:41:39
e26d3ee5-7398-48b5-adf4-bc67493407c3,Lzumypypiy,2024-10-24 16:31:48
6afed2db-e2ec-43ef-be85-a981bb71862e,Kxbxrqgmqwjga,2024-10-03 04:31:52
51f5fced-78a9-4c33-8b9d-72ba99f83281,Knbprvfytlvh,2024-10-29 09:27:50
3f4c92d0-daf4-4bbe-836a-804a6400bc30,Hfnvqbbxi,2024-10-11 01:27:06
082899f0-f6fe-4f52-8c33-7e30222c2ae5,Pqvjbnn,2024-10-18 04:33:28
5f80e66d-c88d-4727-be41-4f3272b0e57f,Cbmedlvj,2024-10-08 03:35:17
0c190d05-4ee9-4974-817a-eac2f8185537,Bzbzagghomcwcg,2024-10-25 09:54:38
129745ed-aaef-4f87-8d74-3ce0d1c8c128,Gqbrmpedqtuivta,2024-10-15 07:29:36
e7ee1c6c-7292-4950-8812-f05aabd98d3c,Vhbbmxws,2024-10-15 16:17:48
2c2255d0-434a-4b49-abab-2e267e43f6b5,Vmkgdgtn,2024-10-28 08:03:03
1895f22c-24bf-45f9-bf4d-21612d734ec0,Bfpymrlxkidzx,2024-10-09 19:36:19
78c3108c-abff-42ae-94f8-3160db9187a7,Rlvcvplviphtpq,2024-10-01 07:47:42
01557a8f-fb00-422c-a23f-e7e2d0d282ee,Sfafpeilpbpm,2024-10-25 03:35:55
f8daa28e-f7e3-49c0-a357-5c759dc2414b,Urxfhb,2024-10-09 10:51:58
5207a2f8-0380-4ddd-adcc-5533feb50031,Xxdcpsftuvcxe,2024-10-27 13:57:49
710d4427-90bd-4561-95b3-ff582ec191bb,Jjeesoxx,2024-10-11 14:23:43
62c279ac-74fd-428c-877f-c626abd5484b,Unkfmrw,2024-10-11 01:25:03
0563569f-ea77-48dc-bb49-8c2b8f1c8641,Uhrmdvnlvapagcn,2024-10-06 11:21:36
d87e33f8-0385-49f0-8a93-e51aa27a27c3,Ulxdomxf,2024-10-10 12:19:36
4ba80253-73f8-4faf-8a56-fab877e11167,Uftkmbbtfxxs,2024-10-14 00:59:48
c4e25fc9-919f-4251-9db0-7b86a018d12c,Tylxelgzv,2024-10-19 16:36:29
f6f8bbe7-060a-4cbf-ab1f-d30ed382e346,Zqyik,2024-10-05 21:46:36
742df821-2e9b-4747-9951-64f52a0ff7c7,Jatshwqgdf,2024-10-26 04:03:11
ad52ac85-32e9-4728-9be8-7db4e89fa110,Sgmjl,2024-10-06 17:33:04
6b8fbee0-54e5-4d47-b1b0-91f9ef7073d5,Lyifo,2024-10-19 09:32:50
f01cf4cc-ed0e-4644-9bf7-e1fd3bcbc66a,Qndvmnpy,2024-10-05 10:54:00
ac09c695-dd6b-451a-a861-b998eb5c07a6,Eznomgdjhkhx,2024-10-03 13:20:59
5326a4ca-f917-4a3e-94ed-e766e289c635,Jutpufxbykzy,2024-10-16 10:41:29
f18eb39f-0b6e-4521-afc2-5878c5e3879d,Nsxelf,2024-10-06 12:19:46
a74a76dc-ca26-4e32-8ee1-44c0f5734a23,Zbgbgwkufpzotbc,2024-10-26 10:52:24
d89698eb-e74b-4784-8d05-fcdb9d82071d,Amboprrspqrt,2024-10-25 11:08:59
fed936e3-20dc-4a02-bcd4-e09f2d8fd061,Qadamjgjhxuki,2024-10-18 13:17:41
f7d1f910-58e1-45d0-b9ba-5b9293bf2d4e,Jbngs,2024-10-01 15:03:47
3cd2e3dc-371d-4c49-b234-83b856935d8c,Psfruswwusljj,2024-10-12 07:13:18
b1d0fd27-e85e-43c2-b5a0-c47f7dc82574,Pweceswiuxlbxzw,2024-10-06 01:03:13
b402ea81-ff6c-4c40-8828-1ebde6351c6a,Oyhhwjqkbm,2024-10-12 03:20:57
0fbdc2e0-5416-42d6-a852-b6ef5f235726,Eptlt,2024-10-22 20:04:30
b050cf30-43d4-4222-a818-49fc96b609ac,Oolngvy,2024-10-03 09:27:39
197cbef0-6b08-4daf-8a10-b7c3cf6f0ee4,Amcnvxqirekm,2024-10-10 03:47:59
ae631b87-c82b-4a3a-aa59-7efa35a38da9,Yqkcjqzp,2024-10-13 15:59:18
9ff107d9-b46e-4a1c-a3ad-56b1e2709f3e,Gndsklrs,2024-10-02 19:30:35
9d0c5296-159e-4c86-9680-e3c282157ceb,Rxgnmkwhhhht,2024-10-11 00:39:47
79efbc6c-c435-4646-b554-ff554399f724,Einculxoffkiods,2024-10-30 20:34:58
657e4812-0bf9-4eef-a303-c10fb7957637,Txeucbyypwrxqw,2024-10-07 04:58:37
09d9e4d0-e920-4e55-a393-4cef794161c2,Hetojwgfzbcme,2024-10-14 16:15:15
ea56e63b-e0a4-4de5-8b0d-e15c9b2b42e9,Ngmimpnz,2024-10-12 09:01:20
5c7416c0-249c-4745-ad3e-cdab06840f56,Poplulijses,2024-10-16 02:57:00
e97b2dbf-d9d0-45b2-a256-81507ea70fd5,Hcfkf,2024-10-13 17:30:23
b9df7a5d-3a42-471d-91d2-92e206bce2ca,Lifomosmuheaw,2024-10-20 01:51:23
af35920d-afad-49b3-a944-8fa6d63639ba,Hmbdysfwg,2024-10-20 23:53:27
6c7d2b7a-8b83-4f73-bd89-249209e70ed7,Ecjlw,2024-10-21 06:47:22
acd71686-68b1-4099-8140-7f676931e9f3,Jsyvwunpwczq,2024-10-04 04:22:58
cd5dba09-82ee-4428-90ff-f3f6b36ab70a,Bjllz,2024-10-20 03:07:43
ace750b8-6b1e-4581-9671-ccbaa59a5cca,Esqkyvknkifpsnd,2024-10-08 21:57:18
6e2c1ebd-b5bc-4cfb-939c-848738c802f3,Blsvebygslhs,2024-10-22 02:19:12
6def9d01-1cb1-42f6-8a56-31c7972e9e93,Wvkfztpplaaxamn,2024-10-12 19:34:31
3cd0b7b9-f8e2-47a1-b5d9-218e18b73980,Pfxkrr,2024-10-08 04:18:00
f56aeae4-6ff6-457d-9137-7fb7da215d2f,Gqgocijtbolruyt,2024-10-21 22:09:25
aff282d0-8aaf-4bd0-9d3e-97d8094e8d44,Cdudibe,2024-10-11 02:30:55
abbf6055-446a-46d4-b435-b6bc32207306,Pqlyxayy,2024-10-22 15:59:09
24967713-1d85-4d02-9b30-b982b3f4de3b,Sdzlbfjw,2024-10-12 00:51:36
b2bf5cf5-e210-4c82-8968-50214786ed8a,Aphavekfjqcp,2024-10-23 06:44:39
f605c9f8-a46c-40af-9336-d92553ba472c,Fyvjdyvrpmeax,2024-10-18 09:07:24
d34ebe5d-dd8b-4b24-9ea2-d3078d5e29c2,Bktwzcq,2024-10-04 18:16:18
c88427a4-1098-4490-8af1-f394044d0917,Sgvwzh,2024-10-15 23:58:21
36911c26-d2ef-4163-a2cb-50c34295a7f0,Brvfxfsyhu,2024-10-04 15:18:58
f9d48e12-7531-4551-8dcc-c423ce74c0b3,Kkxpllirrv,2024-10-06 21:13:23
6145fa67-e703-4e72-9ff6-0ec140bf3a5e,Lzwzwu,2024-10-07 15:33:46
711f079f-3277-4802-9de1-e50b51c3466a,Doabnjg,2024-10-04 00:06:06
ca44ece1-7505-4d5b-beb5-8a40d59e1202,Dehafhln,2024-10-12 16:29:27
15097bce-3481-47f4-859c-9d52bcc91d44,Pegjknceyjwlor,2024-10-14 00:20:09
b4e238f2-8e5a-4a29-92d3-0b23d9fedbca,Crtpte,2024-10-06 15:16:00
c75242a2-40b9-4222-8b60-951b491e15af,Opttmomy,2024-10-02 00:49:33
e0538d13-e970-4fcf-baad-d85a5853731f,Xuwkfumbdi,2024-10-22 08:01:04
b605e9dd-238e-48f9-8a51-e3b15eca9ffb,Slqxuwvezoty,2024-10-29 21:53:04
347d9cc6-7c86-4e6d-b2e0-3899c6be9cd5,Mufiajjndyocigl,2024-10-18 15:07:51
b3fc2a0d-276e-4d54-8db8-ba3351d4a41a,Jjtuozgoki,2024-10-22 02:31:21
3607148d-7947-4615-a004-212a5e7d9ce7,Atfwfiqpi,2024-10-23 07:23:25
37c140ac-1095-4ba2-a4c8-729f83641ac3,Mwnqyhcpkwscdmg,2024-10-17 22:58:56
c2ad61ce-4111-4f16-9bfc-545ac9a55dca,Sjaubaunjigyiy,2024-10-22 03:53:58
f5020a06-3517-465b-a821-8451ab7d2a27,Oszfsdejilhih,2024-10-25 17:51:20
d630c88e-8758-4b8c-950a-165360561a50,Hgislubsovmd,2024-10-02 06:54:17
b4453dd8-cb09-4c4f-8279-ae96117f42ab,Bfoyrukli,2024-10-23 02:17:29
60c8fa56-dce4-44ab-b62d-985fe32cf7f7,Gfzgjrg,2024-10-25 21:35:46
e1ccdb51-7238-4cf7-84d1-279c2dff9980,Hcstsq,2024-10-23 13:12:00
564f5a41-6e1a-4385-bc81-0ff8d09070ba,Inxywtemjnu,2024-10-13 14:57:49
95c1d45f-c19f-43ce-8063-cfc49f6b9650,Uiucjr,2024-10-23 02:39:13
0f40c2fb-1c7d-48fc-8e42-5cd8e7c80ee3,Ynobeq,2024-10-25 22:31:23
efe62865-9072-49f4-8860-7038c048dcf8,Nmwthhre,2024-10-31 03:03:52
112705cb-4602-4fe9-96eb-d2588bab19a9,Mihglnqkqjgpn,2024-10-26 22:29:44
d056e101-2852-4d0f-a31a-2b41cfbddd08,Xnxwepwebedmqp,2024-10-07 06:54:02
a303f895-9ba8-4093-88a2-b826b7cd62a1,Pqimgtsynuz,2024-10-18 03:50:53
77e3d3e6-2b17-4f69-b170-3f09d905b3b4,Kkfmmd,2024-10-23 12:07:18
3e308e0b-208b-461c-81c0-612687fef80a,Nfwrjkrhnzu,2024-10-23 21:40:05
fb98fd9c-f08b-4d61-98e4-071d3553ddfe,Ljnuuwhqaiep,2024-10-25 05:21:34
4251e28f-9fa3-44d5-abdd-65ebcef9c7ca,Rmrywurjdk,2024-10-15 00:57:45
567a9682-0ba9-430c-9bc3-a8d299cf5808,Dqaconp,2024-10-19 06:15:05
b59f8d72-7afe-4e9d-b122-fe7e4dba24f0,Lgjbusktryxbf,2024-10-19 14:37:54
b117dffc-fdd4-4021-aae6-feae053d7e94,Ejrinmyvr,2024-10-31 01:51:14
59fcaa06-1c0e-49a8-9162-107e87e1d98b,Cmubn,2024-10-24 03:11:35
d6840a2f-76e7-4e11-8d52-78049ea7519b,Jlzhsb,2024-10-30 08:50:15
658b93c5-63b5-4d40-918b-d17bd17a8e2c,Srmzhjlyodprpk,2024-10-17 11:04:24
06a24e12-fd05-41fa-8a81-addfa99daa12,Qzvzq,2024-10-06 11:42:11
1705413c-f621-48bc-bf5b-9cafc88a8c9e,Tdsbtzchifz,2024-10-20 09:24:50
3bab6ff9-fb85-4435-bee0-13d1de0f4218,Ublwsjheft,2024-10-24 22:07:21
a3bee3c1-3d7f-4ae1-8668-ff740c86e972,Sobyeggmtut,2024-10-08 02:53:29
7c5b7245-ad1e-4bea-a552-6f6c07b5e91a,Fpqiyrvzxxqflu,2024-10-13 13:42:29
ef7959d2-434b-4bc5-9f08-316070e07d1d,Jqsacdzcbwnq,2024-10-15 14:55:18
e1385161-3bc0-4f20-a846-9723a041a9c2,Gvfgplntanrsi,2024-10-25 19:52:54
c3aa9e43-e12a-4e89-b770-beab6cc1922e,Bsiilmwkwrqfx,2024-10-16 06:36:30
bc3c7523-17d8-4bd0-8fef-2392c7af0ac8,Ptqfkud,2024-10-04 04:22:59
3f18fb0c-ac41-414a-9599-9a5471239ae6,Gedwlfjjzsvbizm,2024-10-19 23:23:49
08626016-559d-4a10-b102-1495be237367,Xggch,2024-10-07 07:03:47
f31fae31-227c-4f73-8311-95c0c1a857a1,Tqtonlbmhmdland,2024-10-23 13:43:44
fd1301e3-b02f-4b1d-99f5-68f868f6a332,Hddmwbfvvwbl,2024-10-25 16:48:20
b939ff8d-7515-4957-ace5-e9fa2898f182,Zbfszrww,2024-10-18 05:16:37
681f028f-ece0-47a7-b8a3-4e5e7da2a27e,Ahsqycdytfejuz,2024-10-21 01:01:17
e5ed8751-4ac9-4a8a-997b-ff6b8743a61b,Rmfbpbiiax,2024-10-29 16:18:06
6902b430-8e88-4a02-b64c-f4af11feffa3,Kcoiwavfp,2024-10-06 01:26:04
8688447d-8b57-4b39-ad16-1cefc63d1b32,Eyejwxkzmsvizfn,2024-10-11 12:44:18
97c98e6c-1c04-4bb8-938f-6f7ea6306ace,Fpmix,2024-10-02 06:19:40
bba45d9b-7f7d-4074-ab6b-a4482fa59e6f,Bqhubrs,2024-10-23 09:49:02
ec4b92b6-d9d6-44f9-886c-02aa0fc050ab,Hpgtyhko,2024-10-06 04:17:57
bf090c18-587b-42ed-803f-9b21a412d073,Wqteefyraqnrkvf,2024-10-16 08:42:52
1675f087-67a0-45d8-b6e7-a82d1fa11f2f,Bdunfrmd,2024-10-10 09:25:18
d28ff4e7-f1bf-4ed8-9282-f5cfdb2aa655,Vuanmsxffa,2024-10-03 05:24:14
396232a7-1ba3-435a-b353-f497ca52215a,Sxygqhmxpetcet,2024-10-03 15:17:39
01dfac11-0c36-425c-815e-ab0b3b4d8b08,Vvkzqoewvjl,2024-10-27 09:46:05
32fd836c-f9b6-4017-ab99-66282471f642,Tkyywmcru,2024-10-31 17:31:46
74dc03cc-320a-445e-845f-692fc35f4aed,Zfvtqmbejzqz,2024-10-22 04:24:19
82f92b47-4f48-4c67-924e-f0f07f51bac7,Qhvjduxpzwnqke,2024-10-11 10:53:46
571509cf-e3c8-4563-b294-9b2a644f01ff,Nksgjkknqcefec,2024-10-24 16:55:53
773e3fe2-7d11-4138-9cc7-a0959a676d37,Niomhwvmrvonx,2024-10-01 01:00:57
829dafa3-41f5-471d-8eea-e58b8fe25560,Xhedmgwayzdlyon,2024-10-02 17:25:10
63ada513-23f6-4f72-a80d-a08ec5b12c5f,Tqzfi,2024-10-13 07:40:00
cfa34162-e407-4d81-9e90-81f960459172,Gkejfvtwuxaz,2024-10-21 10:21:49
2dd6d119-c725-4cea-9fd2-50d9ee2ac0bd,Togns,2024-10-24 17:33:17
3d51565e-daed-472a-b0ad-d33134f1a3e9,Hsfkgzzcesnaq,2024-10-18 15:56:51
fa237a7d-4d84-4346-9f8b-be65d1d8506e,Zhnhpd,2024-10-21 13:52:04
002525dd-6ee7-4b9b-b93f-915c343db0c2,Hobkvbiohoyi,2024-10-28 17:20:23
8bf9436e-8e06-4fcf-817b-742c4af78bad,Hqbincvid,2024-10-20 06:29:30
4dd13e76-a33f-440c-8989-a8681c4584f1,Rctghw,2024-10-18 03:25:11
74502ea4-2c90-4eab-a27d-3ae1e167bf3d,Gkopnc,2024-10-16 01:40:01
b0a48e42-6073-4d50-af47-a7e546208513,Ipvsqzrkl,2024-10-24 09:42:26
c6b4aa7c-f60c-493b-8196-fa01ebfe6017,Maafioqlvmewfh,2024-10-01 22:55:24
97e0512b-96eb-4a5e-929a-17dca3082a36,Efbqw,2024-10-01 05:17:52
89882804-13b8-4b5c-ba1b-fb676f8f1ee2,Ypjdzgacncpvweu,2024-10-03 18:06:22
8a66588f-2d29-474b-b2e4-5d56b60660de,Fpeigxrp,2024-10-27 15:05:26
773f386a-bf9f-49a8-bbe5-54a0db1bcc17,Hrajmhcoohtpvx,2024-10-17 14:37:42
ceffdaa7-083d-4815-8f18-da6952db3a9c,Gntefq,2024-10-10 02:14:15
3df0837a-c186-47b6-bf44-b4240e663082,Xobpsqfgo,2024-10-02 09:24:09
20862a7f-7670-4612-8782-079d9e169b19,Mwmaleeocpargen,2024-10-23 09:18:30
f3eb0038-dda9-4b9e-aa63-544bf4a1ef08,Whsdlpuhkeierq,2024-10-06 06:59:37
919b84de-7796-4af5-a69f-4f4b52dd5fa1,Tmuufm,2024-10-02 15:18:21
179769bf-8df5-46e2-b96a-040eb94ae7ea,Nmzgjzamolwpr,2024-10-22 01:35:41
04735731-3c3d-4431-821b-086cd12e27a6,Lzzzrxmzvak,2024-10-24 04:05:27
fad1eaac-f92c-413e-9e9d-5c1772b39d51,Xzmidzslpvhpsv,2024-10-13 04:09:44
8c26af87-c259-46ae-b6d3-17a5e997efd7,Cizrorbmbp,2024-10-21 07:07:03
96c3085f-16c0-46fc-b458-56ba666530ac,Hboblkhgauc,2024-10-30 18:36:13
2af35c9c-da08-451b-b4bb-bb6a6f40cfaa,Plhofabdkn,2024-10-03 10:20:57
3ba6ee69-bdc8-4e30-8177-3613afb9d7cc,Xzkltnc,2024-10-22 04:13:43
1936f228-27db-4d7c-9337-03102e631eb1,Cfhde,2024-10-21 20:47:17
2b1e516d-1638-43cb-a1d4-a578cadbd462,Tacvnnz,2024-10-17 09:30:38
aa83e21d-05ce-415d-bb10-9d961af91582,Qjivkz,2024-10-23 02:02:58
3f1bf359-0c4b-4e9a-8ee3-8b7301de2666,Rysjskeydt,2024-10-15 18:45:32
581fd669-2677-466e-978c-7f15ee7caec4,Jasrrggfkqpcgn,2024-10-30 08:52:01
eb57243e-f72d-44b1-88b7-4a3d4564658c,Tufztw,2024-10-28 14:45:46
a12eb39f-9d82-452d-a025-82578f6730cf,Gcyxmg,2024-10-10 01:38:05
3f5b5309-030d-44f9-8042-d5c8dff94224,Jnrzcwjbhywjh,2024-10-17 10:34:25
b8635d9e-7854-4247-832a-9ef11d7dd804,Mlminhaqxdgys,2024-10-25 16:45:42
59236678-debb-4c39-80bf-49b9bdc3c147,Btfprz,2024-10-31 13:37:33
96aa1d2e-9c24-4a95-9c54-9e7eca70e3bc,Gfahusyiqopse,2024-10-24 00:10:28
013e1957-6420-4f4c-b5b0-013227488806,Kuaksvrerad,2024-10-05 07:53:00
5c9a899d-9954-4267-b138-fb3d1044405c,Hsrbdqgwit,2024-10-09 16:02:48
91c6268e-8f31-4ad4-b284-0af618c0ec41,Piuqdwcww,2024-10-09 08:00:32
f7868b0b-063c-45d1-8a0a-d967bf81e69c,Fsextckclayec,2024-10-03 20:59:28
170d22f0-c8e3-4a15-bf6a-99e5487a6555,Kmodtxkdesc,2024-10-12 08:39:03
8e96ca64-e149-4826-95eb-9bb916cbb868,Bcgyzftdt,2024-10-29 16:46:31
c0ea3fc8-46d5-41c1-bdf1-e6b402e2d1f8,Cgmptrsicxgymq,2024-10-25 16:59:15
b075c72d-5ff7-451e-b6d5-0d9e8d34430f,Adwoh,2024-10-14 07:55:52
2da013a3-a248-464c-8301-de50f95438e3,Gbltsz,2024-10-05 07:24:32
c3c20973-c7f7-401c-a219-0a588bb5b552,Tncnidxun,2024-10-23 16:01:16
5eb0d899-1651-4601-bcb7-1e80ff3383cc,Jmqwhgtpecfqxnj,2024-10-22 19:49:41
5ed60044-5d84-4414-809f-33d521305d18,Rehokdvrytewsib,2024-10-10 12:28:37
e410348e-a738-4fa1-92b5-202ad5b298fc,Jvipuguwssn,2024-10-25 19:50:05
cc1e31ee-491a-4d3c-b0fd-8e2a2b408250,Addpwmwhqhje,2024-10-08 13:49:24
ca603e37-36d3-4625-ad9e-dba27fb8e025,Rrpdbsjkls,2024-10-13 18:11:24
f35a8896-f364-4d0d-b474-c0cb451774da,Ppietak,2024-10-30 09:05:34
91ce752a-25db-4f51-bf4b-db519460558a,Qfoxz,2024-10-02 20:40:14
d242df52-f4b2-4362-922e-646def11d93f,Tzzzhrh,2024-10-09 05:10:47
218e8ac9-cc79-4b5b-9e6a-af15a536b4c6,Rbdeafoykywbqa,2024-10-15 23:02:58
7f5fd7ee-699e-4103-9571-8a70ab0f29af,Hkknyumpolnzm,2024-10-12 03:00:35
4ec5e9cd-55fd-45cc-9296-65550e1b01b8,Koorwbrwppskl,2024-10-26 14:12:41
34fa03e4-42e9-4854-aa01-8d4dfeec7d90,Yhvxyap,2024-10-12 06:00:27
af1d7fe2-8f16-4592-9e4f-e0483a93e124,Kmrmtftmmibuez,2024-10-21 14:17:35
538ad3ff-7aa2-458c-be6f-8c9d7048ed37,Dsiaud,2024-10-01 16:44:00
8afe1db7-808a-44d1-bed6-e3ab9b581585,Zhdqytp,2024-10-22 13:38:53
bcaa57f4-5b32-44e0-8c01-b0f31f4b39d8,Dvoifdhgqlog,2024-10-26 00:59:45
0f7414cc-5eb5-4d7d-bc3c-a733ef45fbe2,Kpwgkimwbacwu,2024-10-22 11:33:47
0a54593c-2a3b-4e8d-863c-fb63b32ca0da,Kuojtquwjzde,2024-10-11 14:22:04
9c75b264-20c5-4f35-9586-7d5b23f8dd07,Veeacryo,2024-10-08 12:18:47
4117b049-c900-4030-a5f5-1cbf81e4ce35,Xndbjswapn,2024-10-22 20:45:31
1c5960e4-9939-4cea-b7a3-98bdb4b68939,Niozgzehlgdulu,2024-10-31 08:35:22
06ec7bf1-322f-4321-9a56-265682374acd,Yipofjmug,2024-10-15 15:52:34
c9405d0b-cb8b-4379-8cf4-ec0922466846,Ivfymm,2024-10-14 20:11:18
a5303b80-450a-4858-88c4-eda190fecd7c,Vnialhhuycjnfjf,2024-10-02 10:28:46
984adbaf-9133-4c62-988f-eb1b4aca7589,Lwwgppkhz,2024-10-26 04:49:40
b3b3f82e-b466-486a-ba7e-139e896c68af,Kurine,2024-10-23 09:25:05
22751bf6-f1e2-4524-854d-a403fc49495d,Ppbpfizdcesu,2024-10-21 17:52:05
e9f492ec-b1d3-4139-a9ad-9d90d79f44fb,Jpyjzb,2024-10-22 19:01:30
e1a1bad2-7fe4-4160-bf05-74f0e658ec9b,Exczpsmgl,2024-10-31 05:48:51
89f43e1f-cdc4-45fa-94d7-51df8f122c72,Yqmsknzpk,2024-10-01 05:23:09
ef464fc3-bc7d-459f-9fe1-3f9fa7d0f487,Ggyipsocd,2024-10-04 07:45:17
8cd6a04d-e050-4ec0-bff6-5899cb8cac92,Xruibveat,2024-10-11 05:48:07
d2641291-6a4a-4647-a285-15a0cff7ae8d,Xiqvsbo,2024-10-21 18:35:58
3e0862c0-d733-4c50-972c-42847614da8d,Idfjlwewe,2024-10-21 21:02:49
1e5bf7fb-cf16-4944-b56c-948532239fc6,Falcxthapwkkhrz,2024-10-11 02:13:07
d610a4d8-1f0b-4d90-a41c-e9956d3abe6f,Wwywz,2024-10-15 22:21:56
4c49bd16-b8b0-4f51-8d06-1e0418f783ff,Zraxvnmmqadk,2024-10-21 02:24:11
06de8a66-9afe-49a8-b6c4-bc410ac962c0,Jqmrxpmmwwctbq,2024-10-25 22:02:18
21a543bd-e9d7-4e92-82f5-70caf5f5c22d,Odmtmv,2024-10-13 09:51:50
d87bed1c-400a-46b9-a349-92d30c894093,Dnwkyydb,2024-10-05 01:38:29
d2c9efe5-b4c0-4fcd-9e48-bfb2b5cf14fe,Qaytvjvp,2024-10-21 02:17:33
8c8124d7-a23e-436d-99de-87c4dc44be83,Axigs,2024-10-09 23:20:19
9803d573-41f1-4a77-b858-9c25e0c5eaa1,Wzrceepmle,2024-10-20 15:57:06
140e1fd9-eecf-4175-a7e5-6474d84e730b,Azorkmqdp,2024-10-31 15:49:58
263ea18e-df5d-4ad0-9800-224be37c2db3,Rsmcvtz,2024-10-17 20:39:51
00d1afce-b7c2-4bdd-8019-d4b2e423ae57,Hywmvv,2024-10-16 18:55:12
ad89fba4-207e-4dc8-b0f6-31f24f086d66,Zumdrhxk,2024-10-02 05:52:55
a0ae0170-a82c-407e-9aca-4c2ed8d22316,Sawtyeyvl,2024-10-20 01:54:41
34969c81-dfe5-420c-8890-087334236ade,Izfrvsdfxvggm,2024-10-31 11:19:38
e20f20ae-3b6c-4ac7-946b-fb667d2afaeb,Dhvcvtvgc,2024-10-09 04:41:22
4fe3ece1-c2bc-4d24-a781-d0c0df6144a5,Hksmcfdz,2024-10-03 16:17:28
32f25266-1cfd-4f76-b0a4-81795d827b1c,Zosgo,2024-10-31 20:40:12
cba46a10-1e35-4239-9508-487c8d417f2d,Afdlp,2024-10-17 22:53:56
51e0f6f5-e648-45d0-ae6c-3711a1652339,Gmudcpjrkojhfog,2024-10-08 07:33:19
f2401c8b-bfb3-4a12-84e5-b3766713eb77,Nfsnujem,2024-10-16 15:21:10
be0463cf-1ec5-4e20-8357-03b2838aae65,Rnynjubv,2024-10-17 05:49:02
a9570fbe-334c-4527-a2f8-29ede36cac22,Pxekshdu,2024-10-20 21:46:57
893c6f80-17f1-497e-a8a5-5ffc0a2fc438,Noome,2024-10-14 12:41:04
82aaa4f6-2f4d-4671-896d-952d0ed4bf20,Uaskw,2024-10-17 02:02:52
d452b669-9b20-42b3-b575-d4a2f2a0c251,Lmyjlgtxccirzzl,2024-10-18 06:32:28
c9b605e3-84ab-43b8-b533-804628296512,Rjzzhxyns,2024-10-01 10:06:36
cf293796-4fbd-42c9-9173-3d838d3df5df,Pwlrjiwcdocft,2024-10-01 07:07:49
43a5bc9b-259a-402d-aaea-78a3943ebe69,Ksbcmpt,2024-10-25 17:31:14
364c051c-7bfd-4b12-a4f4-fd774a750ced,Gcyshxugkmtfqqg,2024-10-24 16:56:14
c211575e-f18d-4ea3-b824-dbcf9ba5e6c6,Qojvnkdxglb,2024-10-27 02:25:44
5637ae78-1440-480b-ba92-f672c9b6cdf3,Gxcnsgsukcntg,2024-10-01 08:41:44
012dc51f-83c8-4e5b-82c0-bd980883d834,Nxjexbzxjm,2024-10-06 18:12:24
90741b94-7d4c-4c4f-a2ce-5446434c3d4e,Wydzif,2024-10-30 10:24:08
2ba81bbc-3ade-4928-a1f0-cd45e35a2c3a,Drhqmyucqxag,2024-10-04 18:56:47
a1ac1324-9153-447e-8825-f5669b37e608,Jvmfmwbgnfy,2024-10-08 22:50:12
b3a9dc89-ad32-4669-8fb5-2d80f55b8cc4,Aycagbt,2024-10-29 15:28:13
79483226-7591-4ffd-973e-639490fe4098,Stlavq,2024-10-25 21:06:38
b8a8a333-c6f4-4940-8788-aa48b2ad5990,Jmycgwlp,2024-10-19 03:55:14
d2c8fbad-5582-4c66-9bd1-295ff940a0b6,Jrkxyvpyujzk,2024-10-17 03:41:51
889c18ca-77bc-43d8-9b96-14b947db7e40,Jedvwvlbbze,2024-10-07 17:21:45
bd86ef16-8da5-4e8c-b7b9-fa32112d54d0,Lfczysocrc,2024-10-27 04:07:58
31d010c8-563b-401d-921f-3561801b2eed,Uhlngiorxteuuh,2024-10-29 07:15:20
3e1e9de9-39b8-49a2-bedd-5244a2e97f3b,Bbouqdnugud,2024-10-08 13:07:18
660fcd71-c038-48d8-876b-3882b548489b,Jatdbrrnwiza,2024-10-22 07:19:18
7ca7b2d1-e262-4d81-b4ad-34fa7c4f1500,Ssjmemzuyslalrv,2024-10-12 20:11:58
bdf2f0c9-4b05-48e4-bba4-3a9b07aef7c9,Muhim,2024-10-16 12:38:21
124a914c-ba3e-4092-88a0-d0427bc8fda6,Fkzphwm,2024-10-11 12:30:39
04f99b69-4451-4a90-9811-99e2f33b6a54,Fdstwzhdhmdcpou,2024-10-16 17:54:48
360dea99-9293-45e4-a93e-1b5249210bc1,Sscma,2024-10-02 04:24:46
16d16a48-1813-4a85-bd9b-411a3a32be6a,Tdtbdtbtrzyrlnl,2024-10-03 10:05:33
5f220ba8-57ba-4ac0-b12c-6c006ca42a1a,Yiwatwyzvau,2024-10-08 16:09:05
ac1d7723-f3db-43cf-a4a0-1c49674cac92,Yyivphke,2024-10-23 15:49:45
aef09a18-bd54-421c-9250-e14bc20e49f8,Iydtrela,2024-10-07 16:16:37
0aed9eb2-53ee-4135-b793-4b139dca6a39,Hatjmrhg,2024-10-08 06:35:48
03db780c-8349-45c8-8ca0-e30e05d934ba,Jwxcsbengosec,2024-10-30 01:03:50
3ee4b0a2-948f-4332-90f8-b43e7493ecc6,Ujqboeel,2024-10-25 05:38:06
0807569f-3c70-40d6-ab83-4641f91244da,Bzmfuqhyxkuzmj,2024-10-17 08:12:14
dbf528d3-a00c-48a3-a5a8-a1a3a86ed23d,Apsdzkr,2024-10-09 08:31:51
278da8d7-1e57-41f0-8f0d-35ee11921286,Hihmtbwyftwzc,2024-10-24 15:06:19
a97ac1b4-001b-4ab1-9eec-32314bc009aa,Wneqsjgnqdi,2024-10-08 14:05:51
67be4bc5-5733-44de-8005-f8e422bd4825,Dhrqc,2024-10-24 09:13:00
38c04f00-7e53-435d-86e0-08958fa135c9,Akgeieo,2024-10-03 06:47:41
81895289-f33a-4cea-8f34-b156827b4fd4,Cxxsbxlhg,2024-10-23 14:56:18
2aae1283-d6e5-45b3-bd05-b799c1945410,Ocouiklk,2024-10-03 21:46:13
7784ffc2-8a45-46fc-abaf-b1102549eb9e,Uxdmxcpdsirv,2024-10-17 07:53:23
6f47f5d6-dab2-420d-80d9-61dcb7efb8c3,Ujxivapv,2024-10-23 03:58:06
250d0a43-461d-4772-8cce-f4e39850039c,Tcujwz,2024-10-22 16:26:12
9c2a2057-fdd9-4eaf-b64b-d3184012037a,Jlguccrs,2024-10-28 03:34:41
38b85e65-9d3d-4968-8be2-83eb17d61ba1,Aejhku,2024-10-29 23:36:02
8dd55379-6464-4d53-938d-b09d71297f70,Hfhsxtlezryxcdp,2024-10-15 01:34:08
6b0b4073-b345-48fe-a82a-896e59886263,Wxgqcvffets,2024-10-21 06:31:43
c8088e23-17e9-4c32-a9fb-7f974873a9b7,Pcdjbbfzktvu,2024-10-13 12:30:41
390b04a3-977c-4e99-b28e-cf2bfe2f7afc,Heorolgxwvchvne,2024-10-19 05:12:41
61c1527c-5bb0-4c54-84fb-167c1f4d7e94,Zuxivyqsw,2024-10-11 08:07:39
e0cf5dba-0781-4fb4-97c2-98668dca3d01,Peqpyirlc,2024-10-07 17:12:58
da76b8b6-bb12-4825-9579-71d95dfb5684,Zpaznzlocie,2024-10-02 18:50:45
3b15373f-ad40-4535-8860-85fbbea13960,Hfaisg,2024-10-03 21:17:04
902f5542-533e-4233-9412-7d913a908bbb,Bahbsuorlumgua,2024-10-12 07:45:11
b8769860-ffb6-434a-aa80-dbcd20f4ed7b,Ivbqctdiujgtlmc,2024-10-06 19:34:16
c9637b41-11be-4b9d-8e14-67d1b6b0de88,Urkngn,2024-10-20 18:54:12
a11a57b1-acea-40b4-8bf3-efa0e223147c,Dnxlkckeyoekrak,2024-10-15 12:07:03
518e257f-e03b-45f5-a1e6-3fb668284601,Noizepwdb,2024-10-21 14:22:26
f7860ab4-1a2a-4dc6-9ecb-9ed9c1d46244,Jzcvigqhoz,2024-10-22 01:47:27
f5e6ef36-3edc-411d-8d25-c167e1005544,Qeqrwb,2024-10-13 13:05:39
2cd0be34-d636-42fb-a9f4-d23987ee9797,Vsenuveoa,2024-10-10 03:47:58
69ab9f72-2831-4650-bfcf-4cc28b7be414,Csxskihtzl,2024-10-17 13:47:55
e8362745-c959-44d2-b4e8-c98c6b64d366,Dgjcxxyyldeuxl,2024-10-18 00:21:41
35c1a49b-aec2-4508-8014-8a03331ff3c8,Jocjrhveo,2024-10-08 20:01:24
bfe30dc5-be17-481f-9075-9a00080f1a7f,Etkmz,2024-10-24 04:44:11
eaa82346-3919-40ef-9a6a-d3054c576b4a,Mcfcpanoocicwsc,2024-10-09 01:53:08
1c5749a6-ead7-4478-9569-de627598c40b,Cjgdmiciakyxtst,2024-10-02 06:34:07
4f0654fc-d1e1-4d28-9f2f-bfd5a9f942f2,Oeholobmgxaovfl,2024-10-03 22:40:56
9ca3d38b-3245-4dce-846f-76bc51e61d43,Euyyhzacxvp,2024-10-03 20:07:32
d7e4a68f-60ae-4967-85b7-53903105a52a,Kbdbw,2024-10-15 17:58:06
b4dfc98b-2b19-4187-8998-36d2d6278c3d,Utekboqatg,2024-10-08 21:18:48
771a7da8-bfbd-4228-abf9-03cb9f442ec6,Fdfxof,2024-10-02 00:38:19
da1c7bb3-a195-4fa3-a7c3-6cf95912eb92,Vwcjtqwwdah,2024-10-09 16:01:07
15b28ca0-0232-443c-8887-fb1c8c9373a5,Bclxzrdibjydoty,2024-10-22 23:08:28
968a08eb-043a-4308-a164-7ad89e7a01ee,Vcqrcqxsf,2024-10-23 06:18:49
3b1eddb6-5953-4287-baa8-7567d5d261de,Xlwffbet,2024-10-14 14:14:21
857db425-91b6-4cce-9ab8-54af5973de30,Gvvwfs,2024-10-10 00:17:47
29d12779-cc6c-4585-a100-78ff0766c9c3,Vhznsfcmpovmj,2024-10-08 01:53:54
0012316e-07d9-42e7-9269-f5504c6d40b9,Akkfsjgwvrwohtq,2024-10-02 08:29:14
31942d05-738a-44be-bf9b-813514680501,Rxgndenyn,2024-10-18 06:14:57
0c260523-877a-4eba-8f44-345460381823,Wwldpdapnduh,2024-10-26 20:56:11
cc7cdd62-8760-4745-9f19-5bcfb2782226,Qfuovcapm,2024-10-16 04:04:23
fff72b42-89fd-4d58-a2dc-0e24c4495362,Ejbrqnegcrqukar,2024-10-02 14:51:39
69df09da-0919-474b-b0d7-2321e97cd546,Zsfdsxbwtkmsg,2024-10-29 22:14:17
84984f93-9e58-48bf-91b2-65ebd7588512,Dfmeaozbyivtfbg,2024-10-21 07:12:43
24c3c8bc-aef3-4c00-8526-c5710a44e7f8,Mrihhjkybescres,2024-10-04 05:24:18
b5c9682f-eeb6-424a-88ea-895c6dfb2491,Jxlrkhlgqgawn,2024-10-22 01:25:00
c2102e99-7ff0-47df-841e-15e4a6ab1ec4,Bpdgrvxzbhdg,2024-10-19 06:15:41
1edbde7c-aa39-4428-8445-018a20d776d4,Ocwmplsiv,2024-10-01 14:33:03
f0faea13-9844-4994-ab34-098a7bd7cf7d,Oyfnbk,2024-10-13 23:00:07
6764a03d-9133-4482-adc6-8a3083d48b2c,Djyxbgzydqe,2024-10-13 13:10:17
a56b28ed-1bb3-4e98-9e89-3586e7e9361b,Iiaiwg,2024-10-20 14:00:56
6913c248-768c-473c-a8f4-6b1536336297,Rqhymeocgrq,2024-10-27 03:09:46
4cc8fb86-e528-444b-ba5a-befdf67fa5ee,Arsvuxczrgpl,2024-10-18 08:46:15
073bb717-56d3-4b1c-8f03-94907283cd98,Vjpsvqltcnzjnwa,2024-10-29 21:55:32
c0d487df-86f4-488a-bc46-523f9bc0c79f,Voqtazn,2024-10-23 17:18:12
b767ff57-0db0-4ed4-85e0-9e8b010969a2,Ffqdsn,2024-10-26 11:59:38
c00b075f-023c-470b-8914-f1e6caeda786,Sdqjvaety,2024-10-05 03:00:10
7f3ae352-e908-451d-98c1-f2d0aa95fa6c,Utrifsglqeanw,2024-10-20 15:14:37
cbf5fb2c-bcb9-402a-a296-3340d4742d5b,Mxxwukzdbymmh,2024-10-08 04:58:51
f34abcb3-85be-4f76-b0fc-39ed4651b8f2,Bfhjjqgmr,2024-10-21 12:42:44
16dab37a-5214-4696-b847-6ee2d1b102a2,Pwyfntodwlhooyw,2024-10-07 08:07:49
3ad07d0b-6355-47c0-bfc5-a5da31ae0c85,Farjwoqwmqnemm,2024-10-12 14:07:03
fde0a228-756d-4fa0-8124-dac3ebf029e3,Idhvbrdxtclun,2024-10-13 20:27:03
eb61794f-5306-4ab5-baa5-903166980964,Dwfsaexltkz,2024-10-07 23:44:53
2de4e29e-7b48-4613-beae-9d94984b0aee,Qpjeajaflu,2024-10-31 05:48:00
7d3c388c-a075-40e8-bbbe-a1dc9999fbee,Tawtsscnwhqmphm,2024-10-18 17:08:18
c3f6d2df-edff-49c5-8736-dc652e176c8f,Ehbtembaf,2024-10-25 03:38:35
71a1d921-29fd-42e0-bc0f-5402fffb4cc3,Rdfhsbczbwim,2024-10-12 09:27:38
0de5fee0-0f4f-449b-86af-8c1ff79c8bed,Saoatehrnfwz,2024-10-09 14:15:13
9e298679-2abd-44b1-972d-e6a61b21880b,Gvormrxud,2024-10-07 14:55:12
1857ec72-03e1-412e-a3d7-ee4fd12fd7cc,Lnszvxjzur,2024-10-14 19:03:21
19d960ec-68f2-4529-9ea5-2838f0109dd6,Fidamhhefwe,2024-10-14 11:35:56
4126ca9b-6f94-486d-9bdc-ca52c06b5509,Ecocevadhdzu,2024-10-29 12:47:52
ed9b7999-1b6e-48cd-a131-099ce475d4ca,Hxqvrnt,2024-10-18 09:44:21
7326ea90-acb6-4563-a79c-07eafd9a8212,Gtpquujung,2024-10-15 22:59:16
b22f6108-605a-4f00-a475-ba18cad4b6ed,Gefdovvmwtgn,2024-10-19 01:51:20
2a7f6461-743b-4366-a532-a86332187951,Kyaszuvtshrnmlk,2024-10-20 04:19:27
b08de57a-57b1-484c-a2f6-ea9d3dcbfb44,Ivazeqwjqnprb,2024-10-31 14:56:15
81735b6d-c1f6-4906-9972-955aa1148981,Ejrnnwttu,2024-10-16 17:11:43
cca9735f-e668-472a-8248-ef7db641b7b2,Aeqchdqchwvqela,2024-10-13 06:52:25
393ab25c-8076-4838-9243-34f2e8174423,Zmygdufdlhyzdn,2024-10-17 20:42:56
026ffbdc-eb8b-4492-b7ab-4412f3deb683,Cwyhiuwgnqjft,2024-10-26 12:35:18
7cc8ec3d-cf39-4696-ad56-b8d1affccf48,Jkfazqvpealn,2024-10-02 08:42:55
4cbdac0a-5516-4c1a-9cc8-418ed7d57016,Jrlreiuriodqk,2024-10-08 03:01:00
696fd3d9-c104-465b-bc06-35649b3ceab4,Txdwqdfxpfgzvk,2024-10-19 20:32:30
2fb0f6be-9541-4560-87dd-75734e60b6be,Wjhdx,2024-10-23 16:55:52
9d56c7c6-bd41-49c0-8923-4c2fd2e44765,Pfalh,2024-10-18 11:59:35
80681e0a-2c0b-4595-b1ec-8187ace6483c,Zfymflbifls,2024-10-03 13:42:09
becb1370-cdb1-483f-8fc7-1274935df949,Qymqxkuenghlnf,2024-10-12 10:13:52
cdbc1c38-c711-482f-a7a9-8b407a37b19e,Civetsty,2024-10-24 16:33:41
40473f1b-404f-4d19-a6ba-c95a3dd87156,Fwvhacssrhk,2024-10-28 08:26:06
831b4f96-722e-4ad7-acfc-8d4424cc2ac3,Eohzrwuhnlxnx,2024-10-09 02:17:39
9e023df0-fe1a-4c96-b6c6-939ae30c1a8f,Wubtxgwn,2024-10-19 05:16:50
71e64bac-fcd5-466f-b748-4c5972662232,Jsxcqlmyav,2024-10-31 17:26:08
89faa987-99d3-4371-948a-f48998eba2f4,Kliosrscilwswi,2024-10-27 19:03:57
ac508f4c-36c4-4f9d-a807-0ddf19289948,Kdntgyhgtqqputr,2024-10-09 12:31:02
5bd1da23-2a93-4d89-8d48-cbab9555a312,Oozakpcgrnq,2024-10-08 17:14:21
6a2a9dc9-857b-444f-b642-d9362e6f710a,Uoxyxjsryoppeee,2024-10-04 18:02:08
22e0ff09-49ca-40ce-973e-6dc52677bf39,Tynzclfrcnakkdo,2024-10-26 13:18:06
07a30f44-15ee-4dc3-8348-0b39d4f9891e,Hydlv,2024-10-03 15:59:12
64c14293-be46-498b-a022-e2b536719a60,Tyenydqiw,2024-10-25 10:35:14
815ad7e4-6e5b-4977-8f34-3d8bdba9bc75,Vioiez,2024-10-14 12:31:25
72473fe4-f6d3-4733-a7e4-b9e1b339ab8e,Ttyapueh,2024-10-24 11:51:22
5eddf158-9316-4072-881b-7f0cf38166a0,Vgggiu,2024-10-23 08:51:40
f8c2edfa-647d-4602-9f24-1fc719f8f543,Ummvwtzwd,2024-10-14 01:03:03
d01c3255-8d12-4f2f-a23b-5d2298a99a54,Qwgrd,2024-10-17 20:08:31
e829fb60-642c-481a-b8ee-61b3cb59f67f,Dcnthgjcyzhion,2024-10-13 18:57:05
853c7641-8602-4b2b-83e6-c82c173856a9,Htcugthy,2024-10-22 16:10:41
c1401339-6461-4d30-9fd1-bbe58de2a89d,Fyybgnkb,2024-10-20 05:24:16
bc459475-8109-4ed8-9e71-c0a09ec55277,Ppkue,2024-10-19 08:40:30
7c3951d0-8140-4ef4-b602-90acffffffa8,Pmdlsfx,2024-10-05 05:52:22
7f71f299-33e8-4324-a853-2c4244029b0e,Zeseb,2024-10-15 10:41:29
92f3d800-f2a9-4535-90b7-2288375de9dd,Zcarlnxieht,2024-10-16 17:46:29
90ae19d3-e2d3-4f24-9b50-ff40a55576b8,Umkxjxjz,2024-10-25 22:37:15
f6479c9e-027e-47f7-b92e-726e7c9e3567,Lijdnrpvptfgzs,2024-10-29 22:50:27
9e3fa6b9-c134-4023-86ec-cde6edfe5cfa,Nnubhfsltkhsc,2024-10-20 21:54:42
cb6785fe-dd15-4740-ac39-f1a1add6402b,Cfsuvg,2024-10-01 10:16:01
d1b2e146-3d51-47f7-af12-3b218f129ba3,Vpvfeexriwarv,2024-10-21 04:16:16
0806cd13-5745-4df1-b1d9-49d32234e9ed,Wfiatjmcjffait,2024-10-22 06:26:15
f9f7fea9-0383-47c8-af60-956cbb1696f7,Fdyrescgaghiad,2024-10-26 10:36:20
f8a8c468-f1b9-4784-b641-666266ceb2b5,Xnkdqsds,2024-10-02 06:12:36
c8aedab6-b885-4284-a205-8e59c940b9b3,Ixmlswwxobkxx,2024-10-22 10:38:24
56e172e0-6f94-4b09-91cc-322ce5e835a5,Nvjdyqep,2024-10-05 19:28:34
c341743c-75d0-485b-9885-343c3873a99c,Nsucln,2024-10-05 10:08:23
d1dfb039-8178-456c-9fb1-d95a7b9add2c,Hjwoauokv,2024-10-16 00:26:53
76395a67-2939-40a9-9796-55b90b9d1c13,Ilsshmlwbgakwz,2024-10-09 10:31:24
6280d3bc-7003-49ca-9b44-02d880fca886,Pepfm,2024-10-19 05:28:44
a80b946b-bc31-43a0-9442-6ab9f09c2519,Nmhpxogntijffgx,2024-10-28 23:46:37
77714aac-743d-4265-9932-b5702517da1b,Jgkqtlk,2024-10-13 21:13:43
60764623-8364-425c-9b55-1fa7b9249c55,Okjjkjihq,2024-10-11 01:16:12
2a261535-5297-4f50-9266-62d38e34e312,Zegpsvk,2024-10-24 14:13:57
74e3d27d-fa56-4518-be19-9de8668dcde5,Ciajunkdsumy,2024-10-04 02:57:16
165c2166-22df-461f-ac8c-c863f9758f5f,Bryclmbbjlpfxiz,2024-10-09 14:01:55
ce54d20f-488d-428c-9a50-17108b057c2b,Dnzhib,2024-10-03 08:59:26
23340e4d-4434-4b0c-93b2-a27eb58f109b,Cuugbe,2024-10-06 16:33:41
c31fa637-3cfe-4f3c-9f72-8a90f9558ea8,Bzklsq,2024-10-27 19:35:33
bbca2137-325a-49b1-afcc-e012710aebe7,Zzamrdxwpj,2024-10-16 11:06:01
bd348edc-b2ac-4326-b86e-aa724cd92e2e,Chcownucfq,2024-10-01 18:32:18
043c82c4-947b-4e2e-9be2-a539027f1ab7,Xneoekh,2024-10-28 16:31:46
9cbc6539-a752-4a70-8fea-993eea8f9707,Pdlsvvfmywlmme,2024-10-26 03:35:33
ee672544-441b-4218-b055-a0340e0d8aa6,Hatopdktuhhyy,2024-10-27 19:18:17
b7036930-708f-4075-8c58-bddad35aa039,Ksobzbfng,2024-10-21 19:48:43
a4bc1dae-6e28-43db-891f-bdb56f5deb47,Ysaja,2024-10-06 20:38:00
9b009ed6-767f-45d2-ac1d-405be7353cc1,Xsyoeadpmq,2024-10-26 08:58:36
f0754492-18c1-4e0b-a708-3a3c209178f7,Mueclutnq,2024-10-22 12:34:54
41fb8147-9c11-4b1c-8bfa-b7b9d863a848,Thnyqxsksmxd,2024-10-27 01:19:46
d2c38ac4-1823-4433-8dc1-a48cacf1316b,Sitrnjcbpyymc,2024-10-01 22:56:59
988c9228-d30b-435c-97f4-f1b0225fb46d,Fsnuyjvcxomumy,2024-10-13 18:59:38
8f3d3a18-092a-468d-8976-b87d30fa22ae,Abjpntx,2024-10-24 21:42:36
a4d20113-0be3-4e05-9284-e696d57e4a7e,Vjnwdkyfw,2024-10-20 12:06:31
556e2d7a-5d07-41e1-ac0f-9e7fdc9ffac8,Laizgplipwuvesg,2024-10-26 15:05:03
6eb40b8e-093c-44e4-8cfb-b1899730362a,Xhxdvijbkgy,2024-10-06 07:14:25
6473f681-7bc3-4eb1-b2b9-357e6b63d47a,Qpaxqdgkdfy,2024-10-06 11:42:06
007e846b-1eea-4b15-a591-cd38c845b0da,Seluqcrldamif,2024-10-10 02:06:02
558d1d27-00b8-43df-879d-83279b1fe911,Gxuwzuwoeiujlgx,2024-10-24 13:49:39
d7a96126-edf5-4f73-8e61-1da7b6ced4bb,Mriknahuanoq,2024-10-27 03:27:46
a22e9751-6e04-4ec5-9fb9-e044f3948e71,Yxpuqxwz,2024-10-01 01:53:23
172c2108-292f-4ac6-8c47-0c4441f47a7c,Hwuonx,2024-10-20 04:39:01
83bbe9cd-17ea-44ce-90e8-21837dd7ea11,Nyooorqrocuryzh,2024-10-18 13:03:09
08b205c4-6364-413f-9400-26d70b792fcc,Lvjmpvwb,2024-10-01 04:14:24
f9f3c2a1-8a77-4f35-8974-db47a2c25321,Maywcu,2024-10-28 03:50:33
5576fea0-e62e-49ab-88f8-5f09f15c8497,Nzzmic,2024-10-21 13:15:44
0c291e5a-e2c4-452f-94c9-d42fff8a4753,Zpphdlruypvbsm,2024-10-31 21:44:54
356b4246-fe46-47ed-b751-ca7c706fb57e,Khiqcrjuniw,2024-10-21 06:23:53
e418a601-1874-40e5-8f12-f14a17e5b6db,Copizeuhlt,2024-10-31 04:32:48
541a8800-f426-4000-add1-2ad393606677,Qgcjogu,2024-10-24 21:32:41
5b488e96-b611-4ca0-bccf-42d8884854de,Xkdpwauvospm,2024-10-14 21:21:58
9ad807b8-0643-443f-9ad3-aa0b3c6c4c53,Alvkrm,2024-10-03 15:22:10
13a338b6-3e10-4a01-9c4c-30bd2b3163a3,Vclpwhnacruaryr,2024-10-16 08:15:27
c8779bf9-16d6-49db-8cb4-baa40c93af79,Eeoikpayoyutx,2024-10-22 20:46:22
b63c9369-a632-4597-9456-a0265885989f,Ypxvf,2024-10-19 20:04:27
f766a85e-b9c5-4972-92dc-9a0125f1d279,Ddoqj,2024-10-07 10:32:39
a5f68e52-c16d-4063-acdf-354cf7542f4a,Iozxxhsx,2024-10-28 22:48:38
1452be2a-57c4-413a-aebb-de5ec1117965,Qstizyjpcmwj,2024-10-02 17:02:47
2460b47b-bc4d-40fa-9aaf-59890ccc4e04,Cfempfhf,2024-10-07 00:44:41
13738417-e02d-4d51-a6fc-345c7732f701,Owixkrxktyblum,2024-10-01 14:47:21
a7bd338d-3dcf-4483-92c5-2609812e2be6,Uipsjnlaoriv,2024-10-22 05:25:35
51a79480-9fc5-4e42-a5c6-68ec1d551ef7,Wslxfs,2024-10-29 15:16:24
6e0024c5-06ef-48a2-80ed-42223f37ad3f,Pmbnjxltkbsgkqz,2024-10-11 02:23:58
1df3e43e-b986-4bf0-a6b9-a6c1ec19a9bd,Hhtmwahb,2024-10-15 19:30:55
4f9bffcc-d36c-4ce8-ab68-d15af71f71fc,Fagqoxaqlpysg,2024-10-06 13:06:46
fa436c5c-ec08-493b-9557-5299ac059c55,Gvgcw,2024-10-28 06:20:15
baf9c29e-7bc0-4a58-9dbb-b5f7155521b1,Qrpfenfrqnge,2024-10-17 09:58:30
cc67a1fc-0ca3-418f-94f8-712fb0be5f47,Ofdfrtiodh,2024-10-20 10:10:14
e9e1ca3e-2c65-40f6-8bc1-9ee37637ee12,Jndin,2024-10-01 23:30:43
6dcb29a1-b1f9-4b6e-b6bf-c8e6a90345e7,Geyqegduyob,2024-10-02 11:32:45
d07fc080-f0d9-40de-9843-1249a37c808c,Hjraizeu,2024-10-27 01:25:51
d735184b-213c-4731-91de-649321f94ee9,Rruptl,2024-10-22 20:12:36
c8fe1196-0662-478f-9660-8564d008a431,Btmaxibj,2024-10-01 06:40:35
59f2b954-37b9-4e18-9e54-6ac3b114d645,Vqfep,2024-10-08 07:28:43
82f9f89b-397d-43fe-ad8f-e7859670a7ea,Nlcejgaiawqj,2024-10-05 23:18:04
d37db395-1572-4d57-96a8-b40b18e0c944,Drifetmpa,2024-10-28 22:31:38
6040dfac-2cb4-44f8-babb-1f247ba35a35,Magwavg,2024-10-19 05:57:18
34ef29e9-35df-40ad-aa74-595fa545fb7e,Kpcda,2024-10-13 12:19:22
5c6c1bf0-3732-4b08-a635-82995b06054f,Vlqadj,2024-10-15 05:47:32
1353c0df-4867-48a5-82a2-6de6f7ce6b4e,Bnxuxxdq,2024-10-23 03:24:24
96a6d915-8324-49cf-b64a-3f358384b40f,Uezimkwsof,2024-10-25 03:20:38
0c8b5007-5493-41ba-b8ed-08906d8fc4ed,Rdcau,2024-10-29 23:22:23
56647890-f901-46dd-b6f4-848b1d03d410,Gjbwwqp,2024-10-21 22:21:00
3d2163f2-f081-4357-9762-81741e31d99e,Knwswjlyvpvtck,2024-10-31 16:00:13
4c804e42-2b7a-4c26-a664-55d3801d57ba,Niwqizjfncr,2024-10-01 14:28:53
fe694952-11e7-4f16-807d-c2fe4928905a,Uwnlqrumwc,2024-10-17 04:43:57
b215a6d9-06d8-40c8-9662-c72439a96819,Blsibocda,2024-10-27 21:15:48
ae523e81-bf1c-4c3d-b797-278c50d48ec6,Wyjcqtykpkkix,2024-10-07 11:57:13
aa0cdadc-8467-4312-82d0-505dcc7c82d4,Glmnonqrrddivl,2024-10-05 18:35:29
50219eb7-423b-4e54-96c2-97ef56db60a5,Vcins,2024-10-04 13:04:20
5736784b-c91b-4510-8930-29605004c98b,Dpvsch,2024-10-11 07:11:57
c091ccd9-210e-4319-8105-d29277d4cde9,Pcadakm,2024-10-16 09:50:16
c98e83ca-5ae3-4345-88a2-99a364b38729,Oslgewtl,2024-10-26 19:56:24
41ec51c6-dba2-449b-a77f-368a23443004,Dctpp,2024-10-07 14:30:44
7ff6a48a-3e11-4068-9c49-8e9df2643155,Xdllbqvfslsmsiz,2024-10-06 04:32:52
a0871f1d-aa65-4224-a4f3-b1b64b689dfb,Biwsaedclfpjl,2024-10-06 15:01:25
6bdb39c6-f20b-4d0c-a1c9-a5948b8e7d05,Lneirbv,2024-10-02 09:22:21
2b94722e-5598-4bef-9af5-dc70cdd8056a,Mjoewu,2024-10-30 12:40:33
7b5c6cae-96ee-4f45-84c0-8c641356d117,Maanypsaztwpro,2024-10-12 19:22:47
36ee1df7-939b-41f4-b950-343a1436168f,Mystuj,2024-10-13 15:03:19
725abbb5-674b-4fa1-b140-8827e2f6ec27,Peygjdkm,2024-10-28 19:28:48
3f203bff-8bb9-45f0-9637-40d74390e0c8,Ocrclqeoo,2024-10-18 16:32:11
81a7e7f7-ac33-4bd2-b832-287b29e82d2d,Gkjqkjavnbkqloe,2024-10-12 21:21:03
62603d2d-d38c-4d19-b26c-79d7df1defda,Ywina,2024-10-18 22:43:51
1a4f7bc0-3e80-4126-b8d1-44c6dc6f4367,Itepojip,2024-10-29 04:10:20
0d5133da-2ac3-46ec-a116-b2d819d9c51d,Vfhlushkpqox,2024-10-06 04:41:08
06293f2f-986e-4806-b270-484067392f04,Kgywhjrb,2024-10-20 02:35:44
960d5e28-38ca-46b1-8e70-c3c350bbb15f,Qslehthzxr,2024-10-06 07:20:03
2bf26b71-ffdf-4f4d-a5fa-67dc67a0867e,Cobfnux,2024-10-14 20:44:50
5b638191-6975-4cce-ae34-8494a8ed18e2,Wzwszjxdrdcpffl,2024-10-13 05:04:44
52343fa4-2c90-4890-9fc5-83ca2e379c3e,Vwouq,2024-10-19 15:53:33
1c7b56b1-5a8d-46de-81d3-5362b6f10c87,Vtamcbzxkvyihk,2024-10-07 01:05:19
f906d577-23df-492c-a7b3-b780c2b10729,Ipdxfumaeu,2024-10-13 09:54:15
eab192f8-ccd6-4c83-b90a-4283b52a545a,Eijiatfgvsrxfxm,2024-10-24 17:35:27
d3f90eb4-baa5-4dee-a8fc-46f68e62c1fc,Hkmrbfexvyyn,2024-10-27 04:53:14
e3b49535-697a-421e-a255-af0e4c71f16f,Abwedbwpv,2024-10-07 06:47:19
187843a8-8e44-4c22-8856-ed3c187227a0,Pnoymvs,2024-10-05 13:40:01
5d7d26b9-4ef9-49f4-b5ab-dd4012c2af00,Itsezis,2024-10-06 15:56:45
ff3ea001-1173-4dc7-a529-d6b43cf5f740,Utcbxpmhu,2024-10-06 11:19:28
a1051838-7cc9-4c2b-8c02-6873a10ff24e,Hkbufln,2024-10-10 10:20:41
5317ceb6-fa4f-4663-9314-3d4506a942cf,Whcixqbjdoq,2024-10-22 04:15:22
9d14aa79-2eb0-485b-bf01-9562a60d9050,Fzcrgcw,2024-10-01 04:53:55
f4da4d57-7397-4da3-bbab-70579e627376,Hpmvldhsb,2024-10-01 01:30:36
3a7b05bd-7ce2-4505-a20c-f5488a5c4ce0,Zfgpvyytfov,2024-10-07 14:07:43
4577695c-2de1-4cdc-820f-dafc192c2a7c,Ywffidyoha,2024-10-23 05:01:58
166465be-624c-4a8b-961b-09d2edea74a8,Edtsfnojlpnt,2024-10-29 05:51:00
c4e6b855-380a-4988-9fea-ed5ff07af52f,Wyoso,2024-10-05 17:51:12
d0d4d4f8-f649-483a-9556-11b7c0892267,Gzeetzu,2024-10-22 16:01:58
406400ed-9b05-46f8-b846-0adbc0133d08,Cxbamulcoujmxsf,2024-10-24 04:06:26
507cc7c5-2b83-4e9c-85bf-ba01b38660e3,Iudodlmdywgxi,2024-10-07 11:53:35
ab3d9170-c3f0-4086-ad04-3d054bca5e4b,Thpjytytmxalgol,2024-10-15 20:06:08
d11bf61f-43c2-4ddc-8e22-27d0717f254a,Emzdvjlpgtcqbhp,2024-10-08 19:43:03
a0e53ea2-9714-42ec-bdfd-8b720b19a008,Usjixybtau,2024-10-04 00:07:27
0dada2c1-1002-4e91-97f3-4fbf76b06702,Vinvyqdapbi,2024-10-31 20:33:22
11ab586f-56d6-4cf1-87a3-dc8dcab4b1ca,Kbhlzfoz,2024-10-02 18:02:56
99f317b4-dccf-436d-b85c-3924e8b24a0a,Vfiqoafabg,2024-10-25 11:24:30
004e1ba2-afc4-4a10-948e-10673a07481a,Sfsfrryf,2024-10-10 18:36:44
dd9f48db-3fb7-4d97-b193-cd3095b39694,Lfnopuacnefrvo,2024-10-02 15:00:08
81dd197c-852e-4a74-860d-bc640728fe53,Ogzvkye,2024-10-11 06:13:59
c861a955-591c-482b-a33f-9a3483692fbc,Tcuwllaprkyascp,2024-10-09 23:35:07
1ce18dac-a547-4362-a957-2f7fe027f9e5,Ijdxu,2024-10-22 09:14:42
8dd3b73a-8577-4118-a233-44a500abfef6,Liokfijbbh,2024-10-09 20:59:40
0e8f4047-3738-4145-9775-fdb7a624593d,Hxbly,2024-10-19 18:52:49
5f06fd28-e7f6-47f3-b062-7542bfd17c5c,Xxykwjyd,2024-10-11 12:44:18
3855807b-10c4-4ace-b4b5-9fe070e2c725,Wwxqaofewltob,2024-10-31 11:23:05
c8e09569-f07f-485c-8987-c7a74ab20a22,Fiienjy,2024-10-03 09:40:00
88979e5a-569f-47c3-b092-4ac0c62e3a60,Fifwxk,2024-10-15 20:11:26
4f76c752-19f0-4512-9a3c-5c6ec8287974,Bniwsrkjdzwre,2024-10-01 19:15:43
23c49720-5efe-4401-b261-2db7b65d52d3,Vpwjm,2024-10-03 07:16:58
4803da59-ce04-47a3-8df6-288edf85949b,Apaiyk,2024-10-23 01:08:45
bb0b0cbe-32e0-4798-aa8f-eab27b2a1f50,Fsakcbdbep,2024-10-18 19:04:11
cc9625d8-83c4-46e5-b30d-3ec932e2d463,Ypyuntnxj,2024-10-15 18:12:12
722d5e7a-b665-43d4-8b7a-c8167f475617,Pnptcmcnqhdx,2024-10-24 20:26:53
c20faf95-dbb6-4f6f-91f8-b0892942c8a2,Budimqr,2024-10-21 21:02:38
6d7b4ea6-1fa1-47a5-bc1d-5dc4452dd5dd,Cuprniqzdrkkpc,2024-10-29 12:17:46
7577d45d-3ca6-47d6-88a3-0d9b89f8dee4,Lzqatnb,2024-10-04 23:48:03
8436e922-7b67-407b-b6aa-9c5785ffc282,Pgvrlqfzyre,2024-10-31 14:42:45
2d1d0e50-ada5-43ac-8bae-6af6ca5363f4,Eqnktjpmkjoe,2024-10-08 09:00:47
04c04a76-89ea-4a5b-905a-6993d073bcad,Hgzxdynceakjqi,2024-10-29 23:47:58
21809443-37b6-4c71-97f3-228e82823fde,Geszsw,2024-10-29 13:52:41
e6f4b29a-d627-4f82-8304-62ac8edb61af,Ndliloaidodkqw,2024-10-07 18:23:51
e418e5d8-0983-4eef-9c05-5189d656178d,Kxqize,2024-10-14 20:58:14
d4622fcf-8d0e-48db-a671-f4c05366cb8c,Zrmfydhwlemgjv,2024-10-20 09:06:58
27e241fd-3f47-4293-9f39-28e3a03cd099,Zeudhycnokk,2024-10-20 03:12:25
69ed5543-6aff-4b8d-9b64-c84c2c0d1c90,Lokwcw,2024-10-02 22:11:32
6775e48f-24fe-4061-8ca5-3b582f71e416,Qvoaverb,2024-10-20 21:48:24
f9bcf123-c7ce-4e04-8a72-5b2317386452,Hrockkerdlc,2024-10-01 08:31:17
30dceef4-3a75-42e2-9f37-61d3612faa6c,Bkurv,2024-10-04 11:22:52
f10cf78b-4c8b-41cd-a559-188cfd164dfe,Grvkj,2024-10-07 01:56:07
4968f047-6b03-4732-a2e8-0879cfa73547,Umylhigt,2024-10-02 15:26:02
34fdf919-648a-4cce-b98e-0875980e9806,Svnxifgiimdw,2024-10-11 17:59:58
6c8282f5-a192-4cd4-97c3-911077e17240,Uqvilxyudaibk,2024-10-09 14:40:58
c78c1933-fcd6-482c-a5bd-41331dc84dc0,Budzqrnzwmv,2024-10-09 23:41:54
3c994463-dbbb-47f8-940e-0a3b2fc74d46,Dsfuzerqxswjred,2024-10-28 04:03:42
cfe1f060-d763-493a-a0c3-0bfc061773d3,Dlwzeqncubpxao,2024-10-08 00:42:29
22ff630e-194b-49fe-930f-adea33636bfd,Ajfsxgzircv,2024-10-18 15:40:14
c4c28d68-be54-4792-9a42-eae268db3318,Uylnqndew,2024-10-26 17:57:57
0192a663-e469-4ac0-9fc6-95a3981aec35,Oysbbnxsquqz,2024-10-20 06:19:30
343f480e-511b-4a5a-8193-f6dadc7e526a,Annpniteh,2024-10-25 00:21:40
4ff8b3ce-1be7-4825-9db7-9468f433b17a,Admfcuutcsqjvxq,2024-10-05 09:58:01
4028f23f-f704-4792-958e-33493ddeabba,Xkcwtcvib,2024-10-06 03:29:25
15a89c4b-e03f-454e-b68e-e3b2b17747fc,Nyzobyakhq,2024-10-08 05:29:03
a81cad13-1597-4516-874b-b83fbe4c8bb8,Ozreeir,2024-10-10 02:44:25
010a4905-2986-402d-b171-a43cdf8a7a36,Jeevpklccbpss,2024-10-17 10:42:41
e127481f-41a0-4c72-895e-b3756010cb08,Hdwrcxkjqywh,2024-10-20 12:29:04
c48ee67a-ee56-4ca8-bfa1-fb36c29b93e0,Umwpoudij,2024-10-22 08:37:29
78db5349-0f19-410a-8cdb-fbed69497551,Lgadadxz,2024-10-24 19:42:19
deffcfbd-0cc9-4f4e-9a87-fa0540a54106,Whcwv,2024-10-30 23:52:52
26e093b2-f9a9-48e4-a6b5-9971aab0460f,Qjjuzsntfprbd,2024-10-26 15:02:52
c68a8082-8f7c-4886-aee1-441ad3bd2943,Nbfhr,2024-10-12 14:27:46
013ebc15-e785-4cf9-b499-618933e68f86,Hahivg,2024-10-07 12:51:05
e4bd6f5a-b822-4b65-9fec-81799612f566,Daqbelcssibl,2024-10-12 11:38:58
f7ffc98a-cd07-4153-8d7a-f5ab475277c6,Bjsvfynpruswg,2024-10-16 20:07:22
2377f6d4-0a98-4a19-9060-e17cd5c346ee,Lcqcblewwvxa,2024-10-14 01:58:04
ad9970b7-edc3-4f6e-a49b-939e7b957f3d,Uyescfwsv,2024-10-05 11:56:52
81c85f46-1b6a-4392-865d-9e9bccf5bc04,Lrphnkdlpthe,2024-10-31 17:30:11
7e5183d2-fec3-423d-bca1-b91022674fe3,Dgxeaowpikdgh,2024-10-31 09:51:58
f748aedd-765a-4c13-bcc9-919805f6e3bf,Ljzyguha,2024-10-27 10:04:07
6036ef58-9de1-4ffa-ab98-f2669e41753d,Tnvhtm,2024-10-08 21:47:17
1b7485f4-4db3-469e-a464-824e41b73f34,Ltemvw,2024-10-31 09:49:39
5fecaf1a-8b5e-41cd-b901-ff6c69687fac,Mheeowqvvqozs,2024-10-30 08:50:16
b47d252f-25ac-4c8e-b592-a3605a73011a,Arpby,2024-10-17 18:10:11
edbf1423-b435-475e-a5fe-aa13f3640f47,Qdvmjoraefmtsku,2024-10-08 17:43:07
226a28d7-9316-4cd4-bd46-e0eda8a17689,Jwmgejc,2024-10-05 11:09:12
a610d2c3-8fcd-403d-8bdf-ea0966b8081d,Xyngnvmrcwdces,2024-10-15 19:52:52
9c775b65-9397-4f6a-bb94-5c2fe173f7e4,Kzjcfrwuwu,2024-10-22 21:17:26
06be901c-e666-40f9-9a13-d4f6197165bf,Wqygwkuvi,2024-10-17 23:41:48
a65b999b-a7f7-48d3-9506-7088440c5128,Bvwixmouad,2024-10-29 07:43:57
602e5a59-b0a0-4532-b4f0-cc5496d1ebdb,Epput,2024-10-12 19:52:58
c42fda53-2afc-4697-afb4-a44158219c6b,Xvsgas,2024-10-16 21:27:21
b595d94c-a1f1-4bc3-b5bb-e484737bd286,Hknmcytxgpadur,2024-10-23 17:51:42
4c3b4156-4e64-488b-a11b-f3ee00e01546,Bvfwsdkfd,2024-10-14 04:26:43
bd1059d8-8b28-4607-98ba-e431125da7b4,Arkeyngpjmjwd,2024-10-23 11:13:24
3ee25c19-b44c-498c-84c3-6c044922be35,Eexkcccdyvgxo,2024-10-24 10:19:07
dff12832-8b27-407f-b484-9d207dea9903,Rszmvltsiv,2024-10-01 00:28:00
9e456abe-735e-4cdb-ba69-47ebbaf797f0,Hiclgsuqsf,2024-10-08 23:57:23
fad34d41-ee9e-4309-817d-3f61b900a8db,Gaeqcdiqfsiy,2024-10-21 06:24:49
6f5fa2f5-91bd-4973-b632-3868126c5aed,Wahymvzacuwlywr,2024-10-18 16:54:28
8195a4c1-b518-4c15-aa70-0ed73307a79e,Ippri,2024-10-30 16:36:16
308fca0b-b838-4f1e-8353-6fd5563d0114,Zdbpdhez,2024-10-21 11:58:28
f0e49801-6eda-4416-9ea8-090cc499f70b,Dmstmmdzxu,2024-10-24 14:29:03
95d48ab6-62c9-41e2-862d-1885294e41b3,Ipopvnzavy,2024-10-13 02:52:09
4f7fa577-7b3b-4e36-9a11-4ebf7a43e3df,Vczwhpbizftk,2024-10-23 06:28:26
72976bea-7288-4d64-a3ef-2753d30542a6,Pmolwgjbirx,2024-10-22 02:56:26
e8fa27ad-6c2d-4ba0-a980-23e9c025ee80,Ibhxx,2024-10-01 00:29:22
8fee23f7-7320-4e85-99b3-a952a48dfd15,Tduoirbtt,2024-10-06 03:22:45
630c068f-b2de-4b1a-9fd7-b2aac9bf5c42,Rloyhav,2024-10-22 16:04:21
be70a419-675c-4e76-b6fe-09cefa8054f1,Jywahyvhwvfpof,2024-10-14 16:15:43
01d04ea4-17e0-4f77-859e-fe289de17ea5,Yewbad,2024-10-16 03:10:04
dbb6141f-d7fe-4ed6-90bc-2ec25a5681a3,Njtdrmgpsnxsple,2024-10-26 21:12:16
fe577865-2b9b-4470-b288-5e096d0c1372,Pscburmenmxv,2024-10-10 10:18:02
8846d978-be14-46a3-8ecc-b49393078492,Khcgxhympj,2024-10-20 01:56:18
86bc785b-a248-43c1-b5b0-b95d273e2947,Fpjblwuoxu,2024-10-31 08:33:00
cd54e0ed-4287-4bfe-8385-36aee01e3641,Twkfmrwuvytgrp,2024-10-22 22:39:01
1586c436-564c-4adc-9373-0d57f06812c1,Rgoxhzszh,2024-10-03 13:45:52
20fa1b4d-2548-4715-ac78-7de7a73412ac,Txfowzqssinpf,2024-10-10 01:18:03
e0ee0e54-10b1-43e0-9f10-24ef5f7b86f1,Lcadjddoqydif,2024-10-09 13:08:06
8602a314-942d-4d0a-b4f6-e86134e49033,Qpykkze,2024-10-27 03:30:02
a8f98cf3-2e41-43c8-b21e-60c3c9cb8a2b,Dgaoibhyatffzfv,2024-10-03 08:25:51
03c82701-ecaf-416a-9434-01d6e1bd3f85,Gfimwxxacdlvp,2024-10-22 18:41:33
3a06a833-39df-4b38-85c1-a996392acdc3,Fxsgetucwn,2024-10-31 12:13:13
fda5518d-23b4-499a-8394-e7896da00e76,Zknixzldrn,2024-10-05 23:56:53
ba5c358f-1709-44f3-82ce-82e6709867b9,Mlfinqqx,2024-10-10 22:19:23
1d569081-a4c9-4b88-8992-d6bc36db4fdc,Ecrnqwfqeezbkfi,2024-10-18 16:09:07
5713f769-ca59-44f0-b5a1-ede0726b293e,Zdpmnnuajmo,2024-10-01 22:45:47
73ff5463-c3c3-4a65-91a9-596c661cc66b,Zjwtfvj,2024-10-27 14:12:57
94514a41-20bd-4ab8-b579-8507104f9cdd,Qqjdmwss,2024-10-15 21:54:42
fb355298-97ca-46e6-80db-2fb3252b6995,Cntgrotqvgxwiuq,2024-10-03 00:14:14
d4f32c3b-aaef-42ce-b227-814288b776d8,Epsab,2024-10-27 06:26:25
739b0c76-3036-4deb-a5ef-355b0f5cf27c,Vcnlkgcuuyvsyb,2024-10-26 23:17:41
52b2ddb0-7221-4538-9b68-9499d78cf86e,Nptbiogwodbkk,2024-10-07 02:27:16
289cc7ba-a7d5-491d-aa45-24a7c7ba1982,Bfxizybnjbh,2024-10-02 13:36:09
67e404cc-096e-4bec-a635-a5bed7bc8bd4,Osyhg,2024-10-21 16:15:37
3b9e38e3-86ec-4f02-b02c-a8d960e00d12,Bzjywshze,2024-10-15 21:02:17
92dc91c1-a1ea-423d-a039-4b5be957e66e,Pbrlbbhb,2024-10-21 04:10:23
0437a2c9-dd80-46e4-a59e-9766e6317dea,Cdihdlb,2024-10-16 20:24:44
3e0a7041-6537-4990-9d07-777d54bddaa0,Qbmlaz,2024-10-13 08:35:33
4190fb3f-f35b-48e0-a7f1-9e60f4f3a9f3,Prraiw,2024-10-26 18:34:53
084c2351-a01a-4de9-add5-0df61465ba43,Sgbomizl,2024-10-31 05:48:05
6169860d-c47a-48ee-87ef-e033432413d6,Lubzqukcq,2024-10-29 15:43:03
9d8702db-25b1-41e2-a5c0-5c38b6b9d1f7,Bjjfvdvsxzzh,2024-10-10 07:41:50
fc9156e0-830d-4eff-82df-bd3014eb5140,Fjhfqkvccmdjlc,2024-10-27 21:15:51
41e7c468-fbce-44e2-9a99-b087d40fd2d8,Rswbubztlglmhf,2024-10-18 04:26:35
101ed01e-e268-48de-ba0f-9893eb7861fd,Eevrqggogoe,2024-10-29 04:56:19
10c04cc0-4422-4ab2-9280-c7566349897a,Riuccmyupa,2024-10-17 02:27:48
17837d4c-9545-4504-8465-b4cc4e92a75a,Aezjcnswrtw,2024-10-03 02:47:41
b782772b-01df-485b-bc8b-b73114d22aba,Qinopchn,2024-10-16 14:42:43
f1ed36c6-602d-4bbd-8efb-fc010be5eb0c,Zpninief,2024-10-11 20:38:53
094155c5-4214-42b6-86cf-f258859ceb7b,Axdumx,2024-10-03 04:53:49
82bc057b-db3a-4590-941d-20590a48cf64,Dzhfe,2024-10-13 14:42:28
fffbaf69-4561-46ab-a7c7-9de97dee2312,Mjjdzqni,2024-10-01 16:07:09
980acaf3-770d-4501-bbe2-0101f2abef20,Prsaujvqreoznf,2024-10-19 17:53:50
99f62c44-9d63-4ed6-8cea-d11c5db57c37,Trfuwjsimtkzj,2024-10-07 07:03:24
681e4874-69dd-4b84-a80b-d59ec26d3ef6,Drdfegwvxfgfhjn,2024-10-16 05:40:35
540d7167-4ab0-4e08-9f4f-03d9aab96b68,Extkax,2024-10-07 21:23:30
dfe196f9-cf2a-4315-8854-ffd9d190ebe2,Fktxfqjpu,2024-10-28 23:33:02
f178e522-e109-45b0-a00c-939e280a209a,Ugmettt,2024-10-12 06:28:34
41e32d5e-0b28-4059-91a4-867e84060356,Yznqdhxnutizqiz,2024-10-27 20:37:23
a8d0e997-391d-45c6-8fcf-0eaad01667f3,Lswmzhaodftm,2024-10-12 22:53:46
871d7fa6-dea4-4998-80dc-dbddc45f48bc,Bjsidz,2024-10-03 01:03:27
9977f9d1-a1e0-4fdb-850f-b75ab5456cee,Pwooisznzicrtg,2024-10-23 16:06:23
4e6b8204-b11e-4df0-b174-202dc407da9f,Rbdbhufmnr,2024-10-21 22:35:31
7575e02d-42de-425d-9676-66e38cb21b66,Ixqin,2024-10-20 16:22:32
3cbc89b9-6cbb-4345-910f-e86d65adf3dc,Unefepirouwyvqj,2024-10-16 19:18:45
eef499fb-466a-45fe-b45e-87d941737220,Abrshzhrldptp,2024-10-17 21:04:55
ec17b68b-84bb-41a5-a612-53c276b1720e,Vglezntlx,2024-10-22 16:03:24
b267554b-391c-4e60-b600-54537391ef75,Alknu,2024-10-09 03:11:31
c032fefd-34f3-4b4c-9693-bad09dbd2aea,Mhermxnjxiqbbhm,2024-10-20 10:05:11
e8462e8c-c3e0-41db-8183-120a01a61cdc,Qwvpd,2024-10-14 14:20:33
73899878-e2c8-4070-b223-941f1616a2b8,Kfpthvpnqjn,2024-10-12 05:19:21
6f9075d0-b3ad-480d-8979-cedc49efb17a,Naxvxbz,2024-10-16 05:42:11
1185b9b0-6b84-4b1c-bd54-5db8ce732b08,Mbriocmpemxygc,2024-10-19 13:44:43
c256ab8a-b5e0-4f83-bb43-c9eb51eb859a,Ixxpclpvkfd,2024-10-18 09:02:19
b9259425-702a-4ba4-83ec-9938fe3873f1,Mlkdcwlzsel,2024-10-18 12:20:32
064effe7-51cb-42e9-a7af-9295db2ebd20,Ufdldrlpyj,2024-10-02 11:38:41
281f9b97-d46a-4cfb-b92b-87c5326d3b40,Sevzhzivqnlusx,2024-10-14 01:51:38
51f386cd-0f0f-43fa-ad87-a944ca7b283f,Ewsqzlzpgpyb,2024-10-12 08:36:19
28438ea0-4ec8-440f-b7f5-2f85127777c3,Uwrcqvlnruvqu,2024-10-30 16:45:33
f68edc3a-0d5c-4d79-9e5f-e69ac6c180f0,Apkvgbae,2024-10-07 08:11:40
30e8dc5d-6122-4c27-acf3-e3d73b8cc07d,Taicccggy,2024-10-31 19:05:42
377a5658-3946-4263-8c19-17ad7da2efe0,Fevxltpnxtahg,2024-10-15 12:38:04
febfdb72-5b5a-4928-8a14-5be6f34d02e6,Lygauwpipcms,2024-10-26 22:50:01
bb6636cd-7d41-49ba-a52b-1746981801af,Xopgwrmgfbtuho,2024-10-01 22:17:19
1cbc600c-7b90-4f74-b7f4-cfcfd667192d,Ikqgtwnpzfh,2024-10-07 21:45:12
2cca4138-ea4f-4245-bc43-c2b82913baf3,Kqeix,2024-10-12 14:30:32
b395994d-66e7-475b-9304-2e7b18a9d4fb,Kergvcicbtiikty,2024-10-30 04:01:14
a8e6ecf4-38b3-4721-bdd7-dd926ed017e8,Xshjwrjam,2024-10-18 20:18:01
4b79b9ee-7fbe-4fac-a610-bbb77cd4e74e,Wrvqyxjbf,2024-10-14 02:55:39
a52d2c6e-b4d0-4383-9f20-eb4cc8b57526,Ydfdhtpfbrk,2024-10-27 19:21:37
2265cb01-5a11-4c08-bde2-2663761d9eb7,Amlakal,2024-10-29 19:10:39
c8b47401-9978-42af-91c4-176604398a32,Klowwijhhfqugc,2024-10-15 10:51:12
1d72f4ec-1c8e-45fa-adc3-e6e92436a1cb,Jyknyfxpc,2024-10-23 04:37:07
4d6d781e-d678-48cc-add2-cdc615ea0f01,Jrcwuqkyf,2024-10-13 13:16:18
a9f054ab-74e7-4f3a-8520-efb00f95fba4,Hkhcocaayxaybnv,2024-10-02 10:42:03
9120e75a-a868-4147-a2a1-a5f6beb639b6,Raysf,2024-10-15 15:13:32
6ce7d431-6028-494b-a114-359e023fe55c,Bwsztchfotp,2024-10-12 02:52:56
3b666d61-ab50-46a2-a6d9-89a0a8c28a45,Zzrhtdlde,2024-10-29 00:28:50
f04f4bbb-5e4f-42b8-81df-2f531b0c3cd7,Atbxeoxuvfcsi,2024-10-28 11:01:50
13a764d6-97d4-411f-99b6-34e242c16199,Ozzllri,2024-10-31 21:29:38
86a531a3-7fee-45ae-a16a-8ee8d8483705,Oivcfwrgovu,2024-10-31 11:58:14
0a6eeae0-9fae-400a-ae23-f0ed2c341aba,Atmyvu,2024-10-31 10:45:37
e04fc986-dbbf-40f1-ac6f-bdfd21fa2808,Jmzxgdfqogv,2024-10-13 12:59:16
0f5c2211-f0f9-4a40-bc75-6329c7e2641f,Vdpkqlhojvo,2024-10-25 20:44:22
f778dc8c-0278-4437-8a4c-5f74ccbaa44f,Xlxxbyqiulxeh,2024-10-12 06:28:20
3db76eaf-ff52-4e00-936c-4db4e7eed003,Lbufjiwdwxnpqmz,2024-10-25 11:45:07
b5aac1b8-2fc8-4e78-9aea-f10b5158aa8e,Qugsdzjuyuq,2024-10-30 10:55:54
45a9a416-e957-4558-8e96-832b00d4076f,Ucahqzixjg,2024-10-24 08:48:39
73f8285c-a300-449a-a5af-e5c3b35f52f0,Ojqinzn,2024-10-20 12:19:27
5c63e704-083f-4dd8-a960-41fe03f3472d,Gnxixugyeajnrq,2024-10-18 07:29:08
06292253-c322-4b76-b70c-f0a6cf6821e1,Kklafwsqtp,2024-10-23 18:06:17
deb1a4c8-9aed-4d20-8fb6-e39b54ad189a,Qozikzyefjw,2024-10-31 15:36:26
7c8aa1de-e7de-4ffe-92cd-2d720531ad2b,Pteahejclwbyb,2024-10-03 14:11:39
18368128-ee2e-48c3-b980-b8e268a170cb,Jhikomag,2024-10-04 06:52:46
974cbea2-0f9c-4065-8c6b-636f9377121a,Hvoslfejtryqaew,2024-10-18 18:26:56
e6893667-f39c-4f34-a1d3-058b6c838924,Xopdzzddsnkbewv,2024-10-30 22:52:33
6a3d6edf-54d0-49ec-9ca8-759408b3629a,Ahrfpedzlkoebj,2024-10-05 19:33:42
85dfe51b-8174-4a98-b5d4-6227d01227d8,Dyucevf,2024-10-15 02:02:45
ee235d13-d68a-4aba-b66a-248c590169b9,Ttsgqtdvjfbfgmh,2024-10-05 14:38:35
aba1010a-0a0b-4d02-824e-e8eaa88f9365,Lbeeqofoioin,2024-10-28 23:04:06
06c968e5-4477-4f28-9869-5a39e873ebdf,Szutwfeijss,2024-10-23 11:29:16
3f00ae5a-0589-49ef-82b9-c07808f7b1cc,Immpdmsiu,2024-10-01 19:30:33
42489f74-4174-4627-a052-a0eefc04ea16,Luwfbkxbe,2024-10-15 19:34:59
b50b710f-ca17-412c-b6a2-1f83d319eabc,Imanb,2024-10-21 14:52:12
32d9492a-276b-494e-9f9e-4d8301019581,Dxqriohe,2024-10-29 02:38:35
dbd9d5a7-3aa9-4dd4-8c4c-16ad666908b4,Pbjci,2024-10-13 15:13:49
14e29fd2-afd4-40f2-ba55-c1df192ff1d6,Dhjotxvdxx,2024-10-23 16:25:50
e8cea301-24b5-4ca6-8769-2b30e650a840,Iurywrcwzbyk,2024-10-19 01:40:47
99d1b7fb-5ec2-4ad3-a0a5-dd10cd738166,Wdewikzjdjkj,2024-10-26 09:06:46
4daf29cf-1ce8-4009-8755-6538f3cfb385,Gqrlbvsvgdkpgz,2024-10-10 11:17:23
769ccb7e-a139-48d4-b873-949234f88bf9,Zbrpy,2024-10-26 08:32:31
96a3f7e1-c969-4c9e-855b-123ba27c55ba,Dmlnbukaoyw,2024-10-10 23:14:51
4a22d850-8819-4bed-8a87-a6d344c414d2,Nasamxgcpwndvq,2024-10-01 01:40:24
8d7d3d87-dfab-4736-9b47-c9f9e29cf4cb,Pmezxhfdxdhtykb,2024-10-06 07:29:17
e8a6f2b7-21f9-4189-b505-0ef255674071,Uejad,2024-10-31 18:37:27
31b7a08e-96ab-4c88-9543-624a1f31f43c,Gcxawbxqcgukx,2024-10-13 07:13:39
587da45f-9084-4c22-9d4f-b7aa0cf67e5f,Ltdvgtrumoapnt,2024-10-05 18:42:53
3d2bb98f-838f-4590-a35b-2bef5273ab31,Ovqeicibmxipf,2024-10-21 23:43:25
4a7f0800-a20f-4c05-a9bf-17cbc32672ca,Abhjaocjdopitll,2024-10-21 18:44:24
9fbbdf9f-4ab0-4d36-8e5d-affa1674233c,Jngeokjogo,2024-10-08 18:54:47
1dd5fac2-4d76-4e02-a469-fb76827f355f,Yxflwlmpzayrsfe,2024-10-20 05:25:38
9b127371-496f-4abe-b56f-fe5d090a2f9c,Aepizzlaegr,2024-10-27 20:37:52
98cc5864-4f48-4faa-bcb6-44331684d154,Wkgonyfftvbuwh,2024-10-21 11:39:08
97da2e55-0e69-4ba0-8a0c-1e61f958614f,Refwmhf,2024-10-13 03:49:45
b1952ed4-f6e3-4527-939b-179985ae9b70,Giijhxuqem,2024-10-06 17:40:15
3ee71478-e4b5-4d07-a3f3-03afe26a2323,Theojksij,2024-10-13 06:36:22
9f542c3c-c620-4657-b3f6-da2f28b8d87a,Nydrxkxnvdnva,2024-10-14 08:07:36
76011a09-7d21-4c1d-b86a-1104d728cb1d,Pygrtqj,2024-10-27 15:05:36
85a105ef-c508-4c02-9867-f5e310675346,Ibtgfoebgxixkxg,2024-10-29 03:27:56
7d7b3337-8818-4723-bfbf-f5bff74c4580,Iahexweoet,2024-10-14 00:39:26
5e8976e1-d8f9-4e1f-bf2e-d3bfc297496a,Nivwpudd,2024-10-19 01:01:45
69b2706e-ecec-4495-bb2d-76cf14ad0c0b,Iqrlqr,2024-10-11 12:29:26
fc74ec21-ca12-406c-8a35-b41656b2faca,Qhgehsvfuluj,2024-10-15 11:14:47
93107e36-9090-47c8-af01-5258b34be5e6,Oqmxfjl,2024-10-16 05:18:26
752cc959-a38a-4006-aae3-387090ceb5ae,Ahnpkqobojpvn,2024-10-07 04:48:51
7c4fcd89-c830-4290-b134-c9a1ba8260a0,Itnhjyqvonmvnz,2024-10-07 04:34:06
5e75c23b-db1c-4620-8b0b-1768bb782676,Ohuoglbnecbir,2024-10-02 21:58:33
c86b88be-2060-4c02-8950-7d9c02eacb4a,Xkuqpr,2024-10-28 23:11:53
f2001a62-63a6-43dc-920a-6f0cb9ddbaee,Bqpqcnfxuxmzhr,2024-10-28 15:20:25
308d3b73-bf84-4bfb-a842-dd6f1a4767e7,Civmdjnhrctypp,2024-10-16 09:21:22
0eafb518-26d9-4a8e-9f65-956438383441,Pdudfdg,2024-10-13 04:53:40
251dcb17-9638-4438-89d6-58cbfcdecf4a,Epdcqinqdvluc,2024-10-15 11:27:07
96e21f04-b902-41dd-8554-4ec63add452c,Zmkxayjht,2024-10-29 06:52:29
47ab29a9-77b1-4714-b51f-11b08ead8e26,Mpxjjkalnfznwmd,2024-10-28 03:26:07
92446a16-2449-4c0e-9900-f8434431232b,Dytpos,2024-10-16 03:38:42
6f7a40cd-8675-4173-b1b0-5e35cd210ad4,Ksgkladyqupdsb,2024-10-08 18:52:35
b04b4359-9d00-4d80-9dc6-23a19a05aedb,Njfmxsbrex,2024-10-12 19:04:04
7996626a-1b5d-47aa-a15e-6989e84a2c53,Ibsjj,2024-10-29 14:59:45
c525fd09-8592-4229-8a3b-5b1c1d8dbc49,Xbendbrcgp,2024-10-02 21:13:42
97beb294-422d-45c4-b4dd-b30f87947cfd,Atxwrag,2024-10-18 12:09:27
e471f494-0dd7-4f79-be51-88ec9b5525b6,Iyvytp,2024-10-07 01:11:24
b3b65955-8dc0-4fde-bc02-c31088fe3f9d,Ygccjofkczzq,2024-10-19 02:46:16
d2d86a0e-4a0b-4319-95e8-2ccf84c1dde0,Odifgrq,2024-10-14 23:42:55
c7779ea6-8b19-4071-8769-858c99a48980,Wbjdxyf,2024-10-28 06:46:04
1b61ee7e-48e6-4157-ba5e-be1e15fb7ab7,Lxtwngffz,2024-10-12 22:55:10
2ed34713-1328-4fd2-bb3d-a5f80654789f,Putvsadbj,2024-10-19 13:59:47
8368c810-8f5d-4d33-9f11-e204c28b2ea0,Apeuffiqktxehut,2024-10-13 03:41:38
ee94b960-31d0-4211-951a-43a429baf9f8,Pkavdikuryc,2024-10-01 02:46:51
1fdb9de4-88a3-4c41-a4c3-52a452270746,Nsffsnykk,2024-10-24 06:54:50
e359d568-4186-4602-bccc-bbfc9a9a13ba,Wurbgjtir,2024-10-09 13:18:10
813185c1-2b2e-48ec-af95-86e432225f99,Dnvpjvehwhqdiz,2024-10-13 23:19:10
2da0e9a4-74ad-4eb2-a96b-848ceb692854,Qbxnsarwevmpoz,2024-10-31 20:56:34
c7f54303-82fb-4f6c-a3fc-5887cab85a5e,Xispffmjobdbpf,2024-10-23 05:27:45
eafd5a74-8c79-4df1-9d6a-5386bbfdc7aa,Vyqeccrax,2024-10-20 20:01:39
727292d8-a38f-4edc-b7fc-abeb20ed8eae,Kawjqj,2024-10-22 15:54:09
d8d6e41d-07a8-4b10-8755-296759accc74,Aqcwo,2024-10-24 13:15:03
fcd3532a-12bd-4cfa-9256-d4f77fd00445,Carpfilaz,2024-10-23 13:44:09
95c222b9-bc6b-4991-8ac1-c31d3eb10e55,Fyspeoxqrvhwf,2024-10-13 05:51:22
954dc6be-8ece-4ccc-a033-ed94853a7863,Tdzcfjtlhmwi,2024-10-28 11:30:48
73568e70-d98a-4c28-b774-e9534c866c64,Wwrcctesqpoz,2024-10-12 05:21:37
a304307d-0ae4-46e6-b583-dfae3411610b,Xzdsgpawknmn,2024-10-08 22:24:35
3794994c-2310-4f9d-9aef-dd59882f5e99,Mbzaaqshzcwj,2024-10-31 09:35:06
dbd41c51-a705-4fbe-ad27-2e20b186a547,Gjibno,2024-10-06 06:22:07
98b059b2-7655-41c3-aba9-c238c8886ee9,Kisljtcwmphe,2024-10-10 16:42:05
5cbe5000-915c-4675-9991-d44e106f30cc,Auadacauzzy,2024-10-23 18:21:31
df511c41-bff8-4ae8-b586-24e2dade25da,Fxelxkridjumjhw,2024-10-06 06:41:11
aa6ee2cd-b2a8-4a54-ac16-dcda8f199767,Xifuxbzyepvcur,2024-10-10 21:14:30
c8e20ab8-a4ed-4835-af6f-fd29eb912f46,Asrlrteyetohtpp,2024-10-14 21:45:26
079c72f9-4ff3-489c-a516-cfeddf6a635c,Lvthblvc,2024-10-29 17:12:59
46519255-43f6-4da2-a537-b3a23e76beda,Qnwtkaewpifqqx,2024-10-18 20:54:19
58630cfe-ef43-4406-83b4-6597f4ba02a7,Bfsjvx,2024-10-28 21:10:49
be056e79-a6a9-4202-b7be-29af946e607f,Hgewoackfnchtf,2024-10-14 23:24:27
a048f8d3-3a8d-46bf-bf4a-63c6c86590d4,Xobejrhbzw,2024-10-29 17:01:46
e5fc17ff-6f3d-4fa9-880c-864705a3cd55,Rkcgwhu,2024-10-07 14:02:54
f9bc9d6c-a142-4ddf-8086-f10bbc3285fe,Hxhlk,2024-10-19 13:27:38
4313fbac-9f57-461d-8eb0-651a7fe66e20,Uwkwttfqdekb,2024-10-04 02:21:44
07ce45b6-3583-458b-ad7c-8a4f9e1722c6,Hxuvldno,2024-10-26 15:01:32
eba8299a-f615-41e9-969f-192b4925399e,Fqhdfzb,2024-10-12 16:11:58
ba7b248b-ca41-4495-84cb-d48a44c7d114,Bjkmchlnmfyqphp,2024-10-08 18:14:24
3855b614-3c28-489e-b284-e8dc2f474120,Wtrskq,2024-10-31 23:14:26
490df58c-9b0a-461d-8a14-e5dd2338c03c,Doicvk,2024-10-03 10:01:38
ecb3cbdd-018e-4753-85b0-fa94917efef7,Ohstbevjesrwo,2024-10-04 12:55:52
afbb5b00-ce7b-4d3c-9652-bc5bae7652d2,Rxwrmxvunkmo,2024-10-20 13:29:03
369ece98-fbca-4f73-a4ad-a203f3758120,Dzuklsbv,2024-10-03 23:33:43
10eb8e7c-065c-41f9-89b3-ece9a922d613,Eiowcrhsyjbbrxi,2024-10-20 19:44:43
853f584d-785a-44d5-a438-6f02400bc5a8,Wnaqkadceba,2024-10-08 19:49:42
0de58d6f-e572-4b3c-87a3-2a03ff883666,Klqykzjhytmbtbr,2024-10-17 11:23:43
0d15771b-9ae9-420e-9c90-2edcc14d21f7,Rnkkjrl,2024-10-28 16:23:24
7a3256f3-b45d-4b43-82dd-ffb2a67046c6,Njtemq,2024-10-08 08:01:22
5c25a575-e146-447b-a0cb-7a7a2431bcb5,Tggwizfawjcvpm,2024-10-03 22:37:17
226810ab-5125-4f36-8b09-3dc4255cc6aa,Wmkgecnbkhumxtr,2024-10-03 02:54:08
a7680838-aff2-4b88-be5e-d537d84848a2,Oknnyffapuhdxr,2024-10-14 04:39:11
c9a34d73-02c0-4121-831a-6effc4eb0832,Dkcdmiamvndvuop,2024-10-15 16:17:52
cce750b2-f186-4c8c-b556-5b5a6d7ba242,Isgailcswgzz,2024-10-01 07:20:06
a3a54417-a846-4a92-bf6b-1c0c14b1b9ea,Wjunsrsxfzig,2024-10-08 01:57:14
fc37abd5-a249-4b30-bd5a-c314c0c95090,Doxubaavkqvomt,2024-10-27 06:23:24
8c9b9f66-a1a4-444d-81d4-3fab2c9e4600,Mlbinyhi,2024-10-16 00:04:08
43b55b7b-27f0-4202-adcd-665b0a876a84,Xyniokpp,2024-10-20 00:08:12
723d1ae3-7a0c-4449-b6ee-c5e5ec3271dc,Tkysiyhuwpfxeu,2024-10-14 18:57:00
077bef69-d8bb-4fa4-b5bd-e231aea25037,Twpvdzlqinpueue,2024-10-27 19:11:59
75237bea-b1a2-4402-aacd-f0da13889e2c,Obsnbowcqe,2024-10-03 11:27:06
4cab69d2-4173-44fd-95cb-5885876e67a6,Umvblssly,2024-10-06 12:08:13
32f517a6-cfef-4369-bd6f-cc767fd0bc39,Msrneod,2024-10-04 23:35:34
7f7d966c-6067-4a2d-aacc-279019dfdcc6,Ieyjb,2024-10-17 15:41:00
aec18f4f-89c6-4e7b-b7e1-7c5cfc21b08f,Fmepgfllvo,2024-10-24 17:10:27
d16f2b71-080d-4d57-850d-6f20af5bf5d1,Lyyenu,2024-10-30 20:38:43
d537e4b1-94e1-4d9b-b1f4-d2d4539ee09e,Ldomf,2024-10-13 13:48:16
1b523952-0c0c-4edc-a31b-d1da76d78c01,Ppkpf,2024-10-04 23:00:31
86e3a720-b5e2-49d9-90e5-f3f271b353da,Qlrxvgrftlbgvy,2024-10-27 21:00:22
e3a46657-0041-4cb3-a79a-d2a156275241,Wkhujxok,2024-10-15 12:43:47
5f5f679f-5cda-4c51-b550-d18bca9e7c7c,Yjaht,2024-10-27 16:54:00
3b7d2823-0a3e-4fbd-8244-5df86def8b63,Mtefbmixckqrj,2024-10-27 11:46:33
54dcb084-d4a2-435c-a28b-05c9c456eace,Djqvyeikrbvvfc,2024-10-06 00:17:49
53c8a38b-3a6e-4930-bddb-ede1d9fd3315,Kwmyqapnckxjgya,2024-10-29 16:25:18
e461edca-a364-4225-9dde-5394a0fee513,Eswkoy,2024-10-07 19:22:10
02d9bb9d-710a-45ba-9a9f-145396a1a62a,Cloaie,2024-10-01 03:33:40
43ac4435-4983-41b6-bce6-d6a397187745,Upkxztfpbkox,2024-10-01 08:58:23
9731ea1f-756d-4063-acfd-91c522703eb8,Smcnyakxiogoo,2024-10-13 02:00:31
6f115d33-af2c-4c2c-bb0b-b06f1382c495,Luxiwfcvryo,2024-10-08 12:07:09
4af9bdb4-902d-42e7-b2c1-9de465b6312b,Ymlvynk,2024-10-21 17:19:17
f0def49d-6238-44f1-ad93-48901deedd39,Tyfryvnylzps,2024-10-26 10:16:33
fbdb7cdb-3f3b-4b84-86f9-9fe3e790fc69,Epnpppaoxryiezp,2024-10-29 17:26:42
c7f34827-37bb-44c3-b471-746bef5b0805,Uqzkmpsqtjdlcp,2024-10-21 12:26:28
a2126f7d-0f56-4c55-9f04-37f09c04269e,Cimulro,2024-10-19 23:13:57
4ef46505-7674-4f0a-bece-bb8bfcff32c4,Xluxb,2024-10-27 23:00:14
2ce0a6a9-16bf-4a80-8414-b3b827925b03,Dezkx,2024-10-03 23:39:11
c07753e1-5097-4c0b-ae0b-980b5325f1d1,Bwiwsuor,2024-10-24 06:44:53
dbd85421-825d-4a50-bf4b-a0b5c1be10c5,Oqihg,2024-10-24 20:53:44
42b7b17d-bda3-4be1-baa8-9a76472c61b8,Tdssnyk,2024-10-03 11:17:41
8334ebcc-c708-4648-9e79-bccddbcc7920,Npmcgaqfgo,2024-10-26 11:55:18
c48d0760-6498-4e01-a45c-f140c9751f42,Gsxtykjeaay,2024-10-28 10:02:19
c4d4bb2c-3be7-47ad-94be-477e1f93b973,Eggauv,2024-10-16 06:50:07
8530e60e-c838-4d5b-97f2-bf8253f32956,Sxlckt,2024-10-09 08:21:32
acccf881-e9e2-4236-a646-6fba1c440394,Ifthltkqx,2024-10-31 13:13:34
b7ded4ee-742f-43cf-9975-beb05f351a6b,Rqqak,2024-10-22 00:10:00
4ae65d78-92fe-4ecc-bdf2-7e6680d8e59d,Htcwpfjhbolsr,2024-10-09 23:53:32
6f936c39-1f9f-4767-a7a6-11ad51de9a87,Ucfglsya,2024-10-17 15:31:01
a5e29523-d72c-4727-86d7-cc97f843ee7e,Qfiqwecsfizl,2024-10-29 04:49:47
b94cfdfb-c6d4-42ce-86c0-e2b9092fb13f,Vqauinowyjerft,2024-10-12 13:14:19
ad5cb05b-012f-4bfe-91be-c6dd398180dd,Hnyolwuho,2024-10-21 07:43:18
cff66030-447a-42b7-bdaf-69238136f43a,Treornvnn,2024-10-13 03:16:23
216d36e8-cbd2-4fb0-8f16-38e864787feb,Vnyrrxchnfcqzkb,2024-10-29 00:54:43
26c5506d-d10c-4532-9773-dad4d1e381f6,Mbnwbhdyyjusyjg,2024-10-24 08:28:25
3b9435e8-7437-407d-a422-9b27b4eefe37,Tlpyuagxnz,2024-10-28 10:03:39
6b696250-cb90-49db-ab3d-14e2cef227af,Vdwxdggptc,2024-10-17 03:35:54
bf10012d-1b38-4e54-ae62-f0730ec54d07,Oamfeg,2024-10-23 02:39:37
ef69304c-4ed0-4927-8360-a0d4e1ee90b8,Uavbjtjuyiis,2024-10-03 18:30:37
0c9b69a9-0999-4b30-8f1c-9120938b071b,Gscloghpsibhiq,2024-10-06 08:03:33
fb7ded81-9cf7-46e8-aeb3-f7f9dc835e83,Khlmbw,2024-10-20 16:18:31
f99edc5d-613e-478b-bc88-ef3928e8b3e2,Obfisvuvyn,2024-10-29 14:06:43
33ac7634-ef0c-434a-acf9-3b9a98d8e8dc,Ixvodashqpquc,2024-10-15 22:14:25
29cf838e-955f-4b3b-a9cc-a94337bf68b4,Lmcqqrvju,2024-10-25 23:15:55
27bf5830-ebba-4c8d-94f6-3278e68f04d5,Ahpacaitnjujt,2024-10-09 04:19:24
396091cc-2b73-49db-b5f3-f8176eb10039,Xkumkbcdxeyu,2024-10-09 17:31:56
75ae7a50-5ab8-43f7-90d4-72059cb0b2e0,Yqpaxxl,2024-10-23 02:40:39
e4981957-1f70-43f2-ad05-e43d70a70ef2,Whezqncyx,2024-10-31 22:02:31
34722e4a-bf0f-4c46-821a-bfb780218689,Kmmcoaxh,2024-10-06 19:33:10
2fb1ceea-c62e-4091-87b4-d04bd161d35c,Dbjsdmfitgb,2024-10-08 18:47:47
b6f73639-bd5a-422a-8210-eb435a5ae780,Igkdejwptkawna,2024-10-27 05:13:58
5d8a844b-3c6b-4a91-ad7f-c7f3d96aa40c,Hfvgqgqsdywe,2024-10-09 09:36:58
7764249f-9b33-4dde-a5ba-8a1ad3f1d48a,Ekfjiuq,2024-10-26 10:11:26
7448f7fb-da1f-477b-9136-5b723be8b117,Kyazrquej,2024-10-11 20:59:40
6b4c1b8f-f627-4883-aec0-2034d4c4fa34,Dlwwc,2024-10-13 07:33:56
e8083a7f-3309-42f3-b262-712abbd64a9e,Ruwqxjlllxbpq,2024-10-02 14:11:06
0030b537-d713-43c9-bcb0-f64866c74e29,Zivmrghsy,2024-10-01 07:28:26
91417038-ccec-489a-9aae-d27ddf34cfe2,Lokwjgtlvplil,2024-10-31 17:43:49
ca54bff7-e232-412b-ae1b-88b226e52c33,Fpwpgwtysfuz,2024-10-21 15:53:50
2ad88856-4664-4665-a5c7-f29e4a65e496,Rftopyhjbtznb,2024-10-27 15:13:22
e2223656-b037-428c-ba32-182248b71f44,Ezvaoyahpik,2024-10-22 15:14:00
94774235-e4a1-4df7-a70d-9deec0e74758,Nqdcs,2024-10-05 12:54:54
f671b3e1-b70c-4192-b4d3-ce85841c2b07,Lzqhjv,2024-10-01 02:23:16
fff9ee1b-a586-4467-8d2e-618dac3d62e1,Svoszitswikuag,2024-10-28 08:46:34
3eab4109-1c1e-4ab1-8030-026dd0d4ce39,Lutmnswac,2024-10-23 12:16:05
e6ba47a3-9c13-4000-89d2-509b146f0df3,Oqedjh,2024-10-22 23:16:06
703d0dc4-b210-4931-9b83-5610571a1f6a,Vsyqruzw,2024-10-05 04:14:49
367105ce-adb1-4e05-8bdb-a5b6033b9781,Zqqzfilr,2024-10-10 02:12:57
5362e4a8-7cf1-440d-ad96-052caa69b367,Qbfror,2024-10-03 12:03:07
fa09b458-da49-4434-88d3-a9b99a3eda85,Fdxsghzsr,2024-10-21 09:53:48
38e7e5ad-9e00-459b-8ad1-43c35f4e9ec3,Pyvkchmvt,2024-10-05 08:51:38
8a5f50d8-246c-4405-83eb-a2ab1e3eaf59,Wehekiiyuy,2024-10-27 01:30:29
cb26e49f-9cd1-46b9-a33a-4b71e42c2590,Djlmhjrmzb,2024-10-08 01:35:30
82ca9229-c1b1-4d1f-b1a2-8c9052079130,Omdkvfgqfvtsid,2024-10-20 07:54:58
13437b68-e4ac-4791-8a36-9a459c5bb6df,Jypjskzjgjktvjh,2024-10-12 21:31:28
e34e711b-02c6-4010-bb33-42e7f5313cb1,Gjebwjckuyqretw,2024-10-03 12:20:40
8da25991-f9d7-45e4-8bd5-6c8e5ce321b2,Magsgevdmpaas,2024-10-28 18:19:43
57fe1a4a-334a-4f0a-92c7-324dcade18cf,Jmisxypzbpt,2024-10-11 06:35:27
5fbea921-be50-482b-9de0-0d09dcc35fcb,Eshtirob,2024-10-25 12:03:03
989c7a6e-b47f-477a-9f90-fa9acf6d5e53,Ssbcjfg,2024-10-13 07:52:19
48c54fa9-6571-4cd3-9af8-630d9c62bed2,Nuqalvkld,2024-10-14 05:55:35
4fdf37ae-de4e-4289-be49-0e02922c503b,Vferclqr,2024-10-22 09:34:15
f7b3d3eb-be56-4d2b-8410-6f53bd4ec40d,Tcdumuuf,2024-10-02 13:32:47
cbe00ff8-8f19-493c-884e-33fcd7a4e05b,Leprcqfvxtn,2024-10-21 10:42:53
9f3712b7-7575-4e96-830f-d9539399e0bd,Wyutdelbxev,2024-10-11 19:20:01
ef982475-736a-4ce3-8fc5-0333398f2718,Smryer,2024-10-09 17:32:19
1c06aa66-cabb-40bb-beef-7421d9bfa834,Wsmlndhf,2024-10-10 04:22:50
e0c3298a-ded9-4d36-b602-0eae86f9695a,Sejpawqy,2024-10-17 18:26:07
26786ab6-6646-4797-aca8-7c31d50116d3,Kxqwnn,2024-10-04 05:36:39
c5a5eba2-2a21-46fc-83fe-d6a4b4fc1767,Xmquflx,2024-10-04 11:07:24
2c5513da-502f-4778-9c8e-715771102857,Awfgdnfdk,2024-10-18 14:49:18
b5843cdf-18cc-4dd5-a783-3c0559edd84e,Cjpabhdzlgvvha,2024-10-23 02:05:21
d8ff5c83-014d-45ba-9752-fbf149bcad0a,Mhttsnljszqt,2024-10-20 06:57:22
fe1889a7-8e59-45ed-a920-4fb9c48cc9f1,Hbivthg,2024-10-15 13:28:53
82a97422-6758-4059-bcdf-8071df79678c,Aaqkhvlzp,2024-10-31 10:35:19
74e63265-44c8-46bd-b1fd-9d6598bb5c03,Nkjhlwkgxgvaoh,2024-10-22 22:30:27
b2a2799a-705b-4f03-a237-f04a03335702,Pdjdijk,2024-10-21 20:39:50
1da2dd0a-c0b3-4271-a71c-087e91a92320,Rsuty,2024-10-04 10:01:32
099a2d75-9390-4314-b50d-c6a6e5ae7cf0,Sfnvynnhbremnr,2024-10-17 04:12:08
f2f2a529-ebd8-4703-9e69-ddd4e9548865,Awmshqxvtz,2024-10-18 16:57:47
5aa6c9bf-e64f-4687-827b-b9b0deab5e5e,Thgumwblk,2024-10-26 08:46:24
9b778ad6-f360-4b29-a6c2-adea04b89d45,Ktarddkrl,2024-10-22 03:30:14
181fb1ec-ad2b-412a-b6a2-eda586b5b5ab,Inshkrgpko,2024-10-30 19:45:24
23b8d506-5efe-459d-8d65-86d02e91403c,Gjqqy,2024-10-12 03:07:32
dcaa7d68-4b0d-4c38-a7e9-6b71abeeeeee,Elrnfnifvjktt,2024-10-11 22:56:45
66a707fd-c7ee-4ec7-a2f5-c38bbb043ab1,Ldppjc,2024-10-27 07:38:54
ab0b2ea0-e4f0-453e-ae80-d2ae4d6d71f7,Fdzxwhowdnsnnwy,2024-10-29 00:11:01
611974b8-bc15-4feb-a01e-7442f5ed9879,Mtkyjjdvru,2024-10-30 09:01:52
efe46d53-ed49-4a9a-b45c-d278127a3d1e,Xurjsxoesvfzz,2024-10-10 22:04:56
8760677f-51c9-4c33-9c09-bc002cc087d8,Xmkuobwpfle,2024-10-20 00:08:26
4ce2658a-2365-4d88-8ec8-96648459b931,Gypywkhjlwt,2024-10-30 15:15:50
938fb38d-5ab0-4dc7-951f-1d65245f1e67,Voxncabpfdbpnur,2024-10-22 16:36:57
0cfaba18-056e-4030-9063-6f6e68fbd2e3,Ravegryrrklzgln,2024-10-26 12:16:58
ac782b0c-4611-42a7-9b8a-cbf766ae63bb,Anfqlnhjvfzmarz,2024-10-29 00:09:26
6bffabfd-71ef-43af-9d93-268dc4a89d3e,Ndatjyd,2024-10-22 06:29:16
1be72075-1120-47be-af08-c5ac32e4aad4,Nbynnzas,2024-10-02 11:07:18
005ab369-3f7b-45f0-bd2c-a82b95a9f596,Jzvcbtaquktqao,2024-10-29 02:30:47
bf168018-0875-4b5f-ba84-d22e6467fae5,Aggjzlqdmmysf,2024-10-07 20:11:13
0c4b8385-ee61-461a-859e-f89227c038ad,Ngyijeuxw,2024-10-19 23:25:57
eb89a77b-f250-4769-8053-8e024e6cb95c,Qdpgfebzy,2024-10-02 17:42:41
86e6b971-10b9-4d5d-ac73-27c4ac0d59c0,Oxwtftwsg,2024-10-09 09:17:56
333c6663-835e-4166-a1c4-e0a61a526408,Xgpwwilttdnevuc,2024-10-12 04:08:17
7938de48-e6a5-488a-a93b-74cd437f3ae4,Fdpvudqpy,2024-10-16 18:12:10
0bc3489d-6686-4f8d-9013-7516bcbb779f,Pbbitjvqxog,2024-10-20 15:40:37
e84ccd87-ae9c-41fb-adca-c79a8523dbce,Eqigitvufoyhqh,2024-10-19 08:17:44
4c070b7d-1290-4684-8ac1-d4c559ce894f,Zhcugfbpou,2024-10-31 08:22:13
db6a71fd-4c4a-497b-b56a-9b6099acc28c,Dpcnghowx,2024-10-22 02:08:59
fceeefa3-1996-491d-af58-aeb4b2d3846c,Klzingyofyu,2024-10-25 10:52:49
6b82d314-4877-4a87-bc66-aab1b1061f7b,Qptfjjwgsjez,2024-10-31 16:41:43
bc34d7e7-dd2d-4eb4-bc26-5b7ee011f09f,Kfjpessibmt,2024-10-01 15:42:30
54021583-1768-422c-8e12-f3065f5843b5,Vjipf,2024-10-14 04:12:26
dfeed66e-3b4e-468e-b941-5914110a1df9,Kafnnvmgeqeva,2024-10-06 20:32:37
147a5881-6496-4831-8970-f6c9dc1cc9d9,Noqby,2024-10-18 21:12:47
1206fa36-44c2-4eff-b2bf-ea39e5492f2c,Qllddzra,2024-10-03 07:59:43
4cefb041-ffdc-41c7-9d91-d3cc6a1a08e3,Bkicymrn,2024-10-06 04:25:16
1f43d267-e902-4d2a-ba74-332e9a7b1ed1,Zhwmufxnzd,2024-10-12 16:55:37
a013efdd-2e99-426c-98ec-7002b639f973,Shqujm,2024-10-25 20:49:45
37d43734-de53-432c-ac49-2cf3efdfb72d,Hiqpeypwcjkcu,2024-10-19 12:22:25
164dab2b-fa56-4b42-8585-634293c13f0a,Wyjmh,2024-10-29 17:41:34
3524eda6-1599-40ae-beaf-1b0a6dc4cdf9,Vcgviyrnbwiydkx,2024-10-14 12:17:10
0d2c4a97-3878-4695-9126-af1a757535ad,Jkfdkugflkgu,2024-10-02 01:50:58
f587a736-a4e4-40b9-a332-33195d3e58b4,Clyebgtmrwsqck,2024-10-27 10:46:29
b949272a-8817-4404-a521-c78199f86609,Ttilzkanv,2024-10-07 18:38:34
bb4ed8d4-5810-485b-8e1c-e09d5b747f08,Taixx,2024-10-12 06:37:57
df130390-ef61-44e8-8aa7-3b326efd5159,Uazthtrxhx,2024-10-20 23:26:08
16b96af7-d27a-4b2d-a7cc-c06010dfde51,Rlymeb,2024-10-18 02:49:42
d65a1f6c-5c9a-44bf-aa8b-63e3ffaa824d,Getmhhvqdfk,2024-10-13 19:36:17
205a17ae-4652-4db3-95b1-3169dcc68fd2,Nsfkqaojsxngm,2024-10-11 01:43:01
62517d2d-b5cd-42d9-b41d-211d96a2a953,Ngztjohzefzog,2024-10-07 03:00:46
cd5947f1-0c33-4c16-8cee-dce4411cc7d4,Ymkiskitltlc,2024-10-09 17:39:00
c4dd6ff5-f798-4b9f-b875-5cd2364cb5a7,Ujnlujhvo,2024-10-16 17:01:36
4e64fef4-3640-419e-a2dc-4a0c0e1c8513,Dfqhkufwrzs,2024-10-23 19:32:05
07d58d37-b062-41ab-af7b-e40e7385f794,Vimlfjkabovd,2024-10-10 18:11:14
f0257cdd-fbc0-4bb3-8c47-dfa3d61decf5,Ovctlbe,2024-10-30 17:29:50
4aba0dca-855a-470f-9e85-3e9fbb32510b,Rmvdxsbkfsm,2024-10-18 22:31:41
9842b5e2-09f6-48f9-9308-577e1b75bc44,Hdnpaz,2024-10-20 03:05:18
da40d245-991e-4c47-ade2-e4565897fea6,Qeywulahjsehewc,2024-10-07 11:33:09
58471982-264f-4405-ba5c-01b11ed89a9f,Avjhmuahaq,2024-10-07 19:52:39
57b1d147-6ec6-4da3-ab05-e33120eccc55,Nzanatbihgm,2024-10-09 02:47:09
b5c86e8e-e1a9-435b-9853-92a096b552f1,Pyiovqic,2024-10-03 02:58:22
ef36d17d-9cd3-4757-bc72-fbf5a1218c71,Jcdqxzodchh,2024-10-08 04:53:44
7e735c60-0f83-40c8-9433-a6e64c332cbe,Cbmvw,2024-10-20 14:35:53
d636c394-4859-4b2b-a18f-0c311dc3a170,Vgkvegoecldsjqs,2024-10-10 09:22:49
8d54c20b-8816-40f2-a11c-876a9a246382,Uscpnnjuyekjw,2024-10-22 19:53:34
b2b9959d-6a59-4bbf-b691-4ce025cfa22a,Ttrtabwllpeo,2024-10-05 16:08:35
c8d0f2a7-cb82-4d96-80b5-831a609ce2e4,Htbyuobksgunv,2024-10-30 15:08:30
e49e02d1-53a5-400f-84c5-c736d317db19,Lxupqkv,2024-10-31 02:42:58
0f0d3be1-b7e6-47a2-8a3a-d2decfc3fae9,Eeuxxse,2024-10-14 02:10:52
52c67603-7254-41f6-9f15-3feb7608c5ec,Omsajx,2024-10-13 13:57:23
4bb74eae-fbdf-45cc-b4e8-f2db9c8b0d66,Kruqz,2024-10-22 03:52:07
5bea6344-6815-4197-912c-3dbb88bdc052,Bvdxqpjxi,2024-10-05 09:34:03
ec9ba68a-b1b3-4e36-9dc0-16e57ae0ff12,Rjkhaiyye,2024-10-31 07:31:50
e3231f89-da21-4918-973c-52c983496eb3,Dqchbhqbxz,2024-10-19 03:19:49
e646abad-31bc-4c6d-9179-5b22c03a858a,Vnrsurgk,2024-10-20 16:05:27
2e885520-f73b-405d-ac0a-3659bde1cb35,Ghuhzpsjqldkhb,2024-10-24 16:28:30
e0065776-d469-4105-9e93-f163232b4602,Rdcqj,2024-10-25 18:42:22
adacde9d-99cc-4961-aa94-e583a563d390,Svajnozqvcblq,2024-10-25 02:34:15
1c1128dd-5144-4866-aa72-e3bd40c32a0e,Xumbsghss,2024-10-02 04:24:42
c0f4f2eb-ed17-4c98-ac11-e54d9d0d8824,Rmpakmrswm,2024-10-19 18:28:40
98c47d7d-9cb6-4a22-8717-6fb3397ca4c9,Qrbhzuphxzhffy,2024-10-22 21:29:57
b32dbee0-5cef-4c27-9dc9-b7ea48cb2be6,Opvkzu,2024-10-22 06:26:06
c4be3d02-be19-4f40-8cd1-36660571cb30,Gbfbcujgcwrr,2024-10-08 00:52:45
8b462f86-26b7-4353-856c-467a245f8dd1,Vyixevgavhfy,2024-10-26 20:04:55
dd3274b9-3c3d-4b3f-af28-ce890241c31a,Ebvayind,2024-10-24 21:35:32
e8ac2b2a-d2d4-4a39-88c0-0bce86fc9ef8,Nuodswrcl,2024-10-05 20:20:55
9387fa0a-e452-4e3d-bf36-cc97d8ad3595,Mpidfogxvcgdkpo,2024-10-01 20:04:18
eb901f52-ef19-490e-a9b6-1778d4846faf,Pmzzhknodoeilkk,2024-10-30 08:40:55
86fd81df-b91a-490d-99b7-f53e7e967ba6,Tqnwlxw,2024-10-06 03:51:50
9a1bafd8-2569-4bb3-b9c6-41fd52dfd300,Wgtfc,2024-10-04 20:40:56
ab7e5c4c-7047-4351-8206-c6559290c4cc,Wnvqdprmzt,2024-10-24 11:47:47
561bf871-9a09-45f3-9c1a-20ac60d7567e,Nrxhufkrtzpyia,2024-10-26 14:54:44
8cb38e7f-2656-4928-a860-0832498fabd3,Uuhjen,2024-10-19 15:47:45
b26a758d-7e01-441e-8e43-c3c2d2a20b25,Wtpgndiiqlxeid,2024-10-22 06:01:37
8348fe12-9aa6-45a1-8270-a1948d8e66db,Mvmvczw,2024-10-09 00:57:21
9fed0491-57f8-4a63-9449-484aa41cddd7,Riolaosafbion,2024-10-25 02:33:18
7e5c8190-0400-490a-9816-c3dcba86d49e,Rnzwcklptjpvb,2024-10-14 11:50:29
9dde03c7-a970-459f-8203-6dec61510426,Tbcxoug,2024-10-21 10:56:59
9083a01b-f2fe-4568-ac41-4450c9008d79,Kdqgmqzauxnq,2024-10-17 16:04:04
4ae79fac-9623-410d-8782-c4e4c64ddc58,Roynodzhrwd,2024-10-22 05:16:46
3337bd00-d3ff-4369-b52f-233613085532,Yfzoa,2024-10-08 11:30:59
e805e6e0-2408-4fc3-8c64-a7193e791f04,Ilblgzhpluy,2024-10-11 21:42:28
aa6aaee6-8247-4388-9524-20b1c7aada32,Jqgqkvixgo,2024-10-20 15:46:34
77f30f2a-5f0b-441d-90cf-7cebfb79844a,Rlnuqykkiaa,2024-10-27 20:13:27
31a4e09b-bb78-4656-948f-a23cd749fa59,Dzdvpe,2024-10-27 01:17:56
17e5d549-e3b2-432d-943f-478635c6de9b,Jzwuzyv,2024-10-11 05:04:15
59c465f1-d924-4878-96d8-a4c35acd1a51,Quzbukuqov,2024-10-04 20:49:03
995046d4-aa61-49f4-9511-8185734bd986,Prmpvtqwvzrcebf,2024-10-18 12:56:37
4a5d6544-f229-46e5-b95e-7e57098820de,Yecyoikajc,2024-10-26 17:09:06
9fab8b9a-afd8-46e3-92a2-7f79d785e115,Qgphusapv,2024-10-19 03:18:00
2e328238-40d4-4697-ae41-c30cf021fd39,Wpotgmvibptlfc,2024-10-01 23:45:00
16523ecd-3f06-4fee-8f24-44581cdbf4e2,Ojhkxdcazr,2024-10-19 13:44:32
d9d24dcc-c83e-40b6-99dc-7c7cb5872f39,Ufybtcyopdcrqk,2024-10-11 12:32:04
112ceef9-1794-492c-af43-a4a27601fc24,Dpfcmyqo,2024-10-04 16:29:59
f6c99a4c-b4a4-46b2-95bd-db3a38cd6d13,Xoqafeyi,2024-10-24 19:54:19
f25f2cae-c0cc-4d99-8907-dc08a138c7f8,Kqzwylz,2024-10-18 21:40:19
4217ade3-9c71-4269-8d42-87252a86777f,Aztwytvxbp,2024-10-03 14:56:05
654f4d53-a33e-4f79-a5cb-3a6e971522d2,Rfayhu,2024-10-30 09:40:15
6822449a-7a8e-4924-b92e-0c9dbd2fce05,Cujeypmjoft,2024-10-17 17:14:51
ed9fe2a5-c12c-467e-9aa2-603dd3abc6a9,Uiyjjxaamzemcyg,2024-10-05 01:16:25
c818432b-9c7c-45d8-aed8-c0372e6e843d,Jautnelrkqtqmpo,2024-10-30 06:37:50
553977dd-ce14-49ee-9a5b-de83aebea54b,Scbhlp,2024-10-08 08:36:10
7c9b8026-541f-404a-913b-122ad4cacc41,Jkbhyrni,2024-10-29 02:46:31
c6898311-dcd8-469c-bcae-2a6e59541f02,Qpcfkczjm,2024-10-26 09:16:22
5a9f0d42-1b03-471a-87c0-7c7db5af70bf,Nffphpefjkkuag,2024-10-07 08:53:26
406a7801-61a4-4e50-a7ef-7d30050e5199,Kwqroexuhprsnmu,2024-10-17 05:57:06
1811e8ad-de37-4cb0-b4db-9b58c5dfbdaa,Ifgohzydx,2024-10-28 19:55:42
bbc4e904-3bcb-4636-b13f-dea7be079300,Fxyfhiuzdvqn,2024-10-31 18:26:56
e3c107d6-e8fd-4ae7-8c1c-6bdcf29a614c,Utakbicknyhj,2024-10-03 21:43:47
0991160d-3c7a-4895-8c0f-bec7407db0ba,Cwjiceol,2024-10-20 23:09:12
4c7c3ea7-7d18-4bd5-9063-bc116c371214,Izgnksuihip,2024-10-14 18:36:17
7b2f0958-61a1-4858-9c09-f0a56f5e46d1,Iqacyiaagreqa,2024-10-25 18:34:34
90f8d4e5-7d56-4f3c-b0b2-ee4d07bdc8ac,Ldaim,2024-10-04 19:44:08
1736b5eb-7187-4a2a-ac2f-b57d09dc0fb9,Etwgc,2024-10-10 22:01:11
33d3e260-c658-489a-84d9-98c00ba0c2b2,Glvwwknmzy,2024-10-24 16:46:23
0014b0f6-d3ce-4ad6-a6f1-5d0c9d77369d,Cyrntotipttpgoc,2024-10-19 13:17:12
672f8090-2cb5-4e06-b9dd-2ccbec8ffe2d,Etkxivsjkd,2024-10-23 17:29:19
2d19af17-b4be-4b9e-8d08-8c8ae921323b,Fmjnngpa,2024-10-11 09:27:13
562874f6-a1ac-4abb-82b3-6a8708bee3c0,Iyjpumrzyw,2024-10-16 19:29:05
8322e840-cb3c-4b4c-b399-05bcff82d886,Nbazvtei,2024-10-03 17:16:11
478cb5aa-86c5-4c84-ab79-7f0cf7370cc8,Jgjpdwjaepkn,2024-10-09 04:14:12
1b3e9a32-d9b3-486a-b68e-b3e7b32e1859,Omkmhbddwi,2024-10-09 15:54:00
fcc489b1-2fb3-45c5-bd8b-8b486ff89c06,Xestxflvwtmwkqy,2024-10-29 04:23:09
7aced212-9311-4929-88dc-39bba511ab9c,Rcguwvin,2024-10-23 04:59:41
17c00cd5-ed00-4e47-9629-560dd6a2a691,Vxncwywtcgqgmb,2024-10-24 08:45:19
6e9be5c3-c568-47fb-a217-38bb670a40be,Sqyzdj,2024-10-11 20:13:04
7d3d8240-20bf-4b15-b186-282bb82b8d07,Qxadwvibk,2024-10-14 09:59:45
13c80b3c-d37f-4924-8eb0-4fc251597766,Oxcquvkpbcsjs,2024-10-15 12:06:32
ff4877e3-acaa-4437-8f70-7c9b684b41d0,Dlorazp,2024-10-08 14:27:25
bdb7538f-fc86-44c5-9bc3-4b230d1719fb,Fzlczazoqs,2024-10-04 18:10:23
f1bc21b6-fee9-4cc2-b77c-5ba313394bfa,Tjcsmpgtd,2024-10-05 21:30:06
d958ecd3-3111-4433-b5c4-aa7c6e4f5032,Vxaxb,2024-10-30 12:15:15
24675cb9-53d5-41a4-980a-0ced515d2dae,Lmatsweoquigkd,2024-10-06 13:19:26
4e243a56-6697-412a-93a4-cddc52906cf2,Xzkjfwc,2024-10-25 03:42:43
2d8d4af2-60f3-416c-b38f-43de406cae1d,Pgfmxhw,2024-10-05 20:01:05
5457299c-2005-482a-9389-c18e5c6da3d8,Kfjtpwr,2024-10-06 14:22:36
950d0448-41af-428c-89d0-50242cf85948,Sfdvyoywfvy,2024-10-09 11:54:56
528ebaa5-cdb4-42d1-9dd6-e992dd190ee4,Tnjfhjmomyuaj,2024-10-11 02:33:32
02608878-612d-4b09-933f-60116835cc0b,Gzmhl,2024-10-06 00:24:21
1a6631b5-0517-4397-9b4b-84c7c5007cd4,Fvwgikorrltqq,2024-10-09 10:14:48
47abb545-30b5-413b-bbf6-fddeb28933b4,Mrxmncxue,2024-10-27 09:06:50
6d71d288-a6bf-447d-9f78-13da859259d6,Ikakhehctv,2024-10-25 06:22:13
5bc73782-b4e1-4ec9-8626-2bf40e8260d7,Qagqitmba,2024-10-01 22:44:05
81bc051f-8001-433c-990d-f7b659029575,Vgshbfz,2024-10-03 04:10:42
0906dfc3-33d5-40d5-b060-03520bba188c,Krmfshcq,2024-10-31 16:25:36
a2e1fcf8-30c1-49f3-ba21-e9306a4b9f43,Zjhbyvx,2024-10-09 04:20:51
dd34c419-87aa-4985-b3be-d6896355ddf7,Vmunfb,2024-10-13 03:24:36
abf7ecd2-d86a-4c6a-9dd5-61365f9a56d2,Lugobawgbyqkwp,2024-10-20 06:52:00
55be26fb-e66c-4c60-997d-45c7ca4d4f37,Jxkkqvhbmnvvubz,2024-10-22 23:32:40
640ca058-51e3-424b-bc7d-abe0222ff230,Ejerqyisnboqul,2024-10-05 05:30:00
2b757371-75e6-4527-8370-76c2eb179e75,Boclc,2024-10-29 07:03:25
ca1692d4-96e4-45e6-81c7-182cfc763459,Mwtoafyxpmoqohx,2024-10-09 15:13:36
c8e66d8f-0280-449c-9724-dc638c68e035,Jyoxcaicyeikw,2024-10-06 17:28:19
b696947c-3b65-416f-84da-bda9be968d54,Jlotsoqgkzk,2024-10-27 09:47:25
fe9622e3-839d-46ef-85d1-7fca3865aa96,Xixzvzml,2024-10-08 13:10:58
330a32e7-0a58-4051-b01d-257d476405aa,Oqslgzsv,2024-10-28 17:52:07
c0ca8bae-2338-4944-8fbe-138f42f73731,Srswqnhghxc,2024-10-21 09:26:46
ac3d443b-7520-4138-850d-17aa7fda2d36,Puuafgllqgfpqo,2024-10-11 16:17:40
0157d98f-ade5-41a5-83b1-25569def14ed,Hnmbljeig,2024-10-03 00:51:28
ea3f8be0-9730-456e-9c98-363e6936607e,Rwmwstzlasfb,2024-10-25 08:33:35
2620ddd0-cc5c-41a9-8a43-4e6d4af79a2a,Drmqvxaxorwp,2024-10-06 02:19:53
3934e495-0d87-4dc2-b95a-4119ccded8e8,Toibwvkoz,2024-10-25 20:25:43
fa15f481-d20c-4030-b68c-98c6104a675f,Lmqyzjfpqnfy,2024-10-28 15:45:38
8edf9d8c-3316-47df-a716-365d2f8beb75,Ikpve,2024-10-15 09:23:34
89677e3b-fa54-40c4-9add-e339f453e37d,Xbqizv,2024-10-03 16:42:27
f12cb3cf-455c-48cb-995b-73debe999378,Zkehvgtzryud,2024-10-30 10:48:52
1a7df37f-3ef2-4212-907f-a4de7ab0e8b5,Eulhmoqphyopbi,2024-10-05 19:46:20
ee4c7e12-99e5-4406-9197-aa7542f3a803,Smpwbswx,2024-10-29 09:03:32
d0db37a1-f209-4046-badd-762ccf7911b7,Ykenikncnlvwbw,2024-10-03 06:48:22
6ba0e721-fbf3-48a3-bfc7-45b81232c77f,Jhqlyrfn,2024-10-10 03:40:37
ed5fb9cd-2b5f-41e2-b156-4ff2cc43a03d,Uetrirjcqau,2024-10-28 04:07:57
70dcc462-7245-45c2-a5a1-118ca1b2fe8d,Iwizeax,2024-10-13 09:18:10
813bcc09-8625-44a9-ae32-e8bf208636fc,Joinqxg,2024-10-20 09:18:24
799426a9-67ce-4d87-86bd-9baab07b7792,Lwirr,2024-10-30 20:36:47
1b428c83-97a7-4e8d-b150-4a393a6b8ce3,Hanqqpxzyjqxz,2024-10-06 10:32:36
02de8022-cda5-4d20-bfae-3e311c070dac,Bpixbijjublpksh,2024-10-26 12:30:40
4e9074ab-af5b-4dd0-8597-491313dca31b,Kyxsuacob,2024-10-05 13:31:15
6f4d54d6-021f-4b25-8004-dd2c85aeeef3,Eibpvesune,2024-10-24 17:42:05
2ec5f1e4-7e73-4c98-aafc-839543c1aa02,Gyfuzcsgqrxetx,2024-10-31 18:02:00
5c266f5a-5037-461d-b1b6-ee089661c6d2,Hdsgnx,2024-10-19 00:42:25
b45829cf-cd2c-4178-8065-7c48851d4f11,Jjughl,2024-10-04 13:20:04
a417177c-3e3d-408c-b12e-b9fe1fd66f6f,Vameab,2024-10-21 18:23:30
4e035412-0c50-4e19-906e-fbd331976a08,Ndavtl,2024-10-11 08:46:00
79162906-9707-4bec-8981-259a1f210228,Hqaovsmd,2024-10-24 22:01:57
838cd03f-ed70-4e91-9ac9-956e2181101b,Nxywpvrmtrjn,2024-10-29 11:23:23
296b91f9-ac50-4658-98ab-23eacf1ce631,Rdrao,2024-10-21 22:35:36
e9ac63ea-7f5d-4882-b98d-4940cde3d83d,Ivjfukgtx,2024-10-07 08:00:34
e8ff60e0-9e29-4deb-ba29-d4d018b2d811,Hpaxd,2024-10-20 10:05:03
c863adaf-00f6-4269-9d47-9737f8517e77,Nhhltlqh,2024-10-26 03:16:16
0ef6c820-60e7-4a60-a311-4beb50e2d84d,Qvlkulhdmnxu,2024-10-01 20:24:49
32992e2c-eadd-486a-8f40-061ed93db8ef,Kbguzm,2024-10-14 20:37:19
dc483f0d-db4b-44a8-8b94-7460313ecc38,Nkzgfqwggeegjl,2024-10-31 21:33:33
97f810be-4289-4c81-8162-b5393088b9e3,Lmnvrtrr,2024-10-19 12:33:12
bfaba923-9f9f-45e6-bbff-768b5d1b3e6f,Xomnbdeugtegm,2024-10-10 01:27:38
53b87529-afa9-47f7-9081-5c149e7740ae,Jrsjawliurltzee,2024-10-12 11:02:26
716a182b-edbe-4525-83e3-275437539716,Qpmrggyup,2024-10-01 10:18:09
5701a42c-9d31-4eb6-a043-681b649d99f3,Dvowigmwuohyjkw,2024-10-04 15:25:37
17da2fb8-09fb-4136-bbde-3a1f9ebe62bc,Idhmahjpw,2024-10-29 07:28:47
c5a61652-bb9b-429b-b3e9-bc2fda560d0c,Yjqkdn,2024-10-22 15:02:25
5021ce44-8c60-43f3-a50d-ac486ee1b7f3,Gotmbbsaluv,2024-10-03 22:18:07
2b304207-679d-422e-86ec-7f92b1c5e4a9,Kbiokb,2024-10-19 00:38:03
0353ff82-832c-4caf-bbb7-de4cf4c33669,Stskkh,2024-10-11 01:35:33
eedeb9a3-b61b-4399-bc93-ef93497c157c,Cnpbzujrkuk,2024-10-29 21:39:01
9d4c47ec-ea1e-451a-918e-5537d10dba8a,Yhcdza,2024-10-16 06:33:59
33276437-97d4-4cc1-9b19-af883bf048fe,Nhcbuigfe,2024-10-13 21:11:27
9751327d-b760-4d22-853d-8179e671fc11,Sbqfxij,2024-10-31 16:27:40
b51d1ca1-1725-497b-b242-ec992dc269e7,Vsrvgxsykvspgk,2024-10-13 07:07:55
925d2f62-cd8b-47e8-8e9a-72d1ff4fe728,Wjsxqglmlaqql,2024-10-23 01:57:59
15f9d123-cf08-449b-b54e-a2e20ed7316d,Ocgkhuigbqn,2024-10-14 19:59:39
40d5ceb4-4f48-41bd-96b3-03f200691aa8,Ggibkrtaaepe,2024-10-08 13:22:50
40c88324-5f0a-4a97-b2ff-06d8b2d0e7c8,Kwxlphdteyngse,2024-10-30 17:56:38
3188c551-4a0b-4d29-bc30-30219af6c45d,Homomhzgvjjmeh,2024-10-14 22:02:41
221c1f7f-20e3-49bb-9eb1-620c990162e6,Wmpuqazqmi,2024-10-24 22:12:13
2d4d9049-b669-490a-8f33-681540fdf0e0,Gbvkmnq,2024-10-21 19:34:13
ac93b2e5-e9e3-4076-a159-dc6894eff05d,Irkhzzxtwslpo,2024-10-17 00:54:20
6737dc0a-ae37-43d7-b610-fe17b41c195f,Daohinfhts,2024-10-11 11:23:57
8157fa49-a1e7-434c-bd18-61b70db0e345,Afsfpisfwdtqp,2024-10-07 13:45:34
4cd8cffd-eda5-464a-9a36-ff9d80de8a60,Imqhtffyh,2024-10-11 19:11:51
6f54d73a-f4cd-451c-82a8-97d18c1bff61,Ecwgpmmvxditgwz,2024-10-24 21:22:00
79d785ba-074c-4943-83be-93fd0f029750,Xgobfv,2024-10-15 18:42:01
6420c692-f94d-42f9-8fda-c5d6eac4785a,Xbcjvktd,2024-10-22 10:08:28
1b7b8195-586d-42d0-ad31-94f33b8907d1,Pdmrvdbbmbh,2024-10-31 16:31:34
b1a0dfba-6742-4043-be63-1ab46540c869,Uunodxokanpddoa,2024-10-25 12:55:56
2f157e75-99e7-4049-b7f0-100ec90c8557,Ajzmlufrusarm,2024-10-14 10:02:13
7eab6f7f-bfc4-4baf-9d14-a61e446ef67f,Kgwliccxwdriz,2024-10-05 05:09:53
fb5760df-a21d-4670-96cd-79f820b1fe19,Botfj,2024-10-27 09:55:02
2c20eaee-7797-4764-9c46-29d993e9d342,Wxbaugxdafggwhu,2024-10-31 13:16:02
d54f6824-cae4-4ad0-b4b5-9d540dd03e53,Kbzfuqduqoq,2024-10-03 10:46:18
c025b59f-e253-432a-a936-f91ef8d783a3,Kceklrmtfy,2024-10-25 12:57:11
6e7907b2-6ff8-4314-8221-1b394ab300f2,Keibw,2024-10-23 16:15:58
a85421b9-b545-4268-a40c-136e2884fa2c,Ijctvp,2024-10-28 17:34:38
c24d7c91-4ebb-4fa0-ab3a-18ea4694e1a9,Svxcoi,2024-10-08 12:06:51
d2eea084-51b4-4f79-b67a-2ab22437beb1,Ssgowhu,2024-10-21 03:05:05
1c081d85-2d1e-4d13-aaa3-cc134d0f965e,Ljtgrfoprxgsmn,2024-10-31 13:15:59
2ebdbff4-2449-4b7b-978f-55a4fe76b8b3,Ildbjbvjl,2024-10-17 04:01:00
8bb75a81-3802-4282-bab5-745dac4984c5,Tnldifhx,2024-10-22 13:52:43
26690a56-7171-4cb4-901d-2fa0827c2faf,Gsnqvnscwzgjwzl,2024-10-06 07:59:43
b0207dec-2a68-4921-bfac-c1d44b400ce1,Ndyrvvmml,2024-10-19 05:55:55
1583cd55-38d1-4592-9288-25d76935576c,Wnrbdplguhvfz,2024-10-23 09:12:17
a3e0bd2c-a354-40f2-bc84-43a681a4a2b1,Xvwdralaqu,2024-10-01 17:17:16
a5d1de3a-cb89-4722-a7e6-e7457e8f8be9,Fpeqtisepmkok,2024-10-06 07:26:13
f4a9f6ec-81c9-413e-952d-73d7a6da5354,Vsgwircuwvpp,2024-10-22 00:34:47
92c09c9a-4c3b-4f32-98ee-aafe09c2e81b,Cwuipei,2024-10-20 17:04:34
f5d869a1-d4de-4a6a-9131-1d145b48b878,Sjgkgsgs,2024-10-30 08:14:46
91e64bbe-bf75-48fc-b038-58a61f4ca116,Hewxraqttr,2024-10-21 14:31:40
9807ec76-fd85-4efb-a71d-8d4cba0c3c69,Hakecxn,2024-10-10 08:47:49
1d632edc-e41a-4d97-9472-1661f6ce0357,Zxvymwrpiszq,2024-10-22 23:59:01
6290b021-a89f-4f24-b4c1-590eb615e2c4,Akujlllhzltj,2024-10-21 14:38:51
f36b0dbc-a8ea-4bb8-b1f6-fb0028367a38,Pkhono,2024-10-07 08:56:30
44e23fa0-461c-488f-bc6d-9f1e3898a77a,Yxfsa,2024-10-26 11:27:41
fd713b34-13bb-4ac2-9351-20b2ca4fc480,Ddtulbcd,2024-10-30 23:44:59
80d8173e-73c7-4c5c-88c7-437889e0c8c6,Mftxygv,2024-10-31 03:23:49
b1afa369-2f61-45ea-aa99-f8ee608a4b80,Rcyojefecio,2024-10-26 01:42:55
51d67b4e-d515-4939-b8e6-5642683bd603,Lhjilz,2024-10-03 15:20:00
5c02a881-f5f0-45e5-b07f-98f71ee078cd,Szvczpzzrq,2024-10-13 00:41:15
e5710755-fdd4-469d-a871-317ba5ce8591,Fzubostbb,2024-10-13 11:40:23
e5d4afc6-a8cc-4939-82f9-ea5a2d3b4ba4,Cgqiwuicg,2024-10-24 15:59:09
4e45d9e6-7cf6-4d7a-ade4-a7b885a639c4,Fjutowcwahjnrao,2024-10-03 08:48:52
9d75f7c5-6347-4a5c-8e98-ffca6a656756,Mxxhqltsfsi,2024-10-08 08:56:09
acace7f2-50cb-41ea-9c03-e395129053de,Hcokosq,2024-10-31 05:11:34
54ac73d8-6401-4c8a-bca4-8a128af2a852,Otgofqcfro,2024-10-14 18:27:37
b1e65599-7054-4092-891e-51001113b316,Qmdbukmgwjfe,2024-10-23 01:45:00
b174be1b-1699-4180-9ad8-834bd4f4a906,Odvlhhjq,2024-10-06 16:49:34
7f6c8382-ee37-4498-934a-ec70ffd110f1,Yvuoffoqkel,2024-10-18 21:08:15
117a84dd-5ab7-4790-b6c6-4d8a3b6f8722,Setppfhabsxj,2024-10-02 02:31:15
aabdf815-229a-47e9-bc71-986a5d151156,Qvlda,2024-10-20 11:31:00
476e19da-05eb-43b8-8d20-589fafae601f,Qjpspz,2024-10-03 12:08:28
728387d9-0b3b-43dc-ac72-f27c8d652b42,Jrzxxbh,2024-10-30 10:45:26
710cd80b-b9cd-4c08-8332-0b01ada28211,Ekxsntvjodoudgh,2024-10-08 15:52:20
6d8ecf8b-51bb-4722-94c3-a556bc025417,Hpvccyt,2024-10-03 15:06:40
2e32590f-9b66-4ced-bc63-c135103d2cac,Fiuuvhjn,2024-10-24 19:48:24
8290881d-d157-4600-a3cc-466af15f9043,Kxmsjladn,2024-10-06 10:29:23
7b222235-fe16-40b4-8ab7-b46343aaf375,Wsamr,2024-10-23 18:36:33
65279c13-913e-402e-922f-8372c949659b,Szbbx,2024-10-20 19:14:45
9f78715c-6500-4b64-9505-75189baf4e6f,Yuvkqk,2024-10-08 18:09:29
1046f0fa-68fc-43c5-a9b9-128bfd22ea0b,Joifgqibxtnz,2024-10-28 03:49:37
84231fbc-c718-40ae-b5dc-b381d7ff38e2,Eogwfeait,2024-10-02 15:34:43
c6d670f1-bbdc-4006-a095-b0de0f5541e9,Deobcae,2024-10-16 01:51:50
65cf8034-5c67-4219-aa75-da39741fbf29,Oicmtgklxw,2024-10-24 21:42:06
d5a90e69-463c-47b3-8531-3b79325ac4ec,Iohbknmbmgryxj,2024-10-28 05:12:52
f8ca9b79-9986-4343-9571-a82a9e40c73a,Vregqhyevoyi,2024-10-01 14:10:39
e250b375-fba5-4c5c-bc87-8c2e4f59e5d3,Arlycbkn,2024-10-28 16:58:18
a4457896-c9d9-4566-8b41-765254a6fe75,Okqszfliharny,2024-10-22 00:15:33
b43b3131-276f-4813-8394-e5df9f61f8e7,Ypwlwlzs,2024-10-11 04:04:33
45dea7cb-49a7-4abd-b95a-bad977364ede,Kdknafh,2024-10-06 09:10:33
5fde2f2e-1551-4378-99eb-71ced32448b0,Cjbtrb,2024-10-15 17:42:31
df4c37d7-fb2c-42c5-9dfc-06f899f95ec6,Llbqb,2024-10-31 01:29:16
09a3cbf0-3343-405a-8f34-d2caedf4af1a,Npinirvdgcuovy,2024-10-07 13:55:11
956a407c-bfc9-4119-ade4-38addf2d21d1,Gdtfwidpiuc,2024-10-31 12:25:56
ab23470c-d7d1-4158-a875-644af21bd734,Llvdaznew,2024-10-23 12:32:31
59a1939c-3b16-4e34-91e8-518fd199cb88,Ervjecbritnaex,2024-10-04 14:17:58
80c4ed8e-0621-48a8-83c6-46f8eb1b7b8c,Gerqpqebbaqvyr,2024-10-29 22:29:12
528a113a-d447-458e-b682-4a10571f0a3d,Fyjzwlgrhf,2024-10-07 15:43:16
866a0fcc-3cf3-4552-8808-21e44a3dace3,Qsuooqr,2024-10-29 07:26:33
44af2a75-d218-406f-a2c2-8a24f8d82c93,Gsgfgnoeunm,2024-10-21 11:41:09
2816cee8-61c1-48be-9745-36cce63ea2db,Wnkptpmykubdn,2024-10-03 01:23:38
15d36785-288f-4c5a-a00e-f5a7fb710d27,Zsaahcxl,2024-10-21 03:45:25
d3ac442b-353d-4e28-b709-919b87e4ac79,Cvobaaskr,2024-10-26 18:46:48
cb62aedb-bd36-4d1e-9b7c-75b231f646db,Mphlqumjabxt,2024-10-26 15:19:59
45c66aaf-eadc-4631-ab71-c53c8402cc46,Zljya,2024-10-27 20:21:29
02f5f6ae-d0d9-4028-a328-dbed76dff3f1,Xxthxz,2024-10-17 23:38:58
f63fa408-ee34-48ef-9bd8-3e305b79795e,Dkgrhib,2024-10-03 10:40:31
01e26b61-dfd6-468e-aa7c-43b5f4f4c6b5,Djyzyjgu,2024-10-08 17:24:57
7914e069-85e9-4ee8-86b3-d20954d9a217,Xivgzkuuexzjtg,2024-10-29 01:06:31
5e91356c-a456-4b2a-acd3-3c3e6c3bcc50,Iztwvjd,2024-10-26 03:02:26
d27edaf6-3fbf-47ed-b7e9-b36d0914b504,Miywp,2024-10-12 12:27:07
610f49a8-70b7-47b5-a58c-95fbd7e1c856,Mrnhubgg,2024-10-04 00:53:12
56b866ba-d897-4895-8b59-2208a7223888,Yfqdolwkd,2024-10-12 19:56:28
910d5ce9-c2a4-499c-9006-8dc5dd7fa31f,Oratbhfmvov,2024-10-19 18:18:02
002aebf9-77e4-4d86-a511-91fa67530318,Jqskldcmxkl,2024-10-01 04:24:18
5c120b7e-b26e-4658-8e23-a6bc4fb595df,Pkabjafhbd,2024-10-23 02:32:38
1edbf076-334d-4fa3-addb-c00b85a6e71c,Pwatmec,2024-10-01 23:43:09
49b0e022-23ca-4e4a-ac78-08ad91062ff4,Bztvdgxrjlxoria,2024-10-22 10:54:43
7553ebb9-37a7-4aee-b547-6de96e35a426,Qncrock,2024-10-23 04:17:02
7654e417-a2ab-4819-9a31-0d57d930145a,Jcxlp,2024-10-30 15:05:00
898140fb-e371-40c1-860b-aa5c78d3b86e,Nhosoderufb,2024-10-06 11:07:59
b99a853f-982e-40a5-ac67-9a25423a9ab0,Ujrqyrs,2024-10-26 02:35:52
135ac8f4-5b89-44b7-ab38-d6653c8a5483,Dcrgsksoz,2024-10-17 06:52:34
52ec8137-4fc5-4f5d-9f4c-6abbe19e3558,Xoqixibc,2024-10-23 02:33:00
679333c8-460b-4750-8867-4f629c3f4295,Jiwxbknk,2024-10-30 17:37:24
87dcf1d1-7f8e-453c-a4e2-96fa6fcc865c,Ipfjcfj,2024-10-14 04:13:20
72696941-0cad-4c01-b012-d1c128dee8d1,Litio,2024-10-19 03:49:06
18dc215a-3efc-482c-ad5b-d484214bb14b,Lhsmvxfwfaem,2024-10-31 02:20:30
a145b1ce-5605-4d60-8127-046fa9393adb,Hvgvkzgs,2024-10-09 15:26:34
e2fc1c83-2132-4ef4-a12d-6fd0e26ea094,Auxmkeghg,2024-10-06 01:53:51
327b838a-9400-4b54-bd97-94b958445fb7,Uuniolxuj,2024-10-23 05:23:49
5fb6be21-1ede-48d5-8cb4-6cc2e5bd7322,Rrvlrabvet,2024-10-21 15:46:19
6c214677-c652-4e1a-8436-68ce3e3179cd,Nkntmdkjdkzoggn,2024-10-02 18:06:35
f80c0a06-a643-4427-ae6d-223470b3f2b7,Kwlbtcns,2024-10-15 13:35:00
2cb6f02a-7576-49de-acf8-2dc81b54a474,Hbdrxaj,2024-10-06 09:48:11
299e332e-4ee7-48cd-a627-02220065afdb,Jmbxwjufrjajil,2024-10-05 17:20:21
f5961cbb-5006-4696-9ff0-0154926a75ed,Cytjb,2024-10-07 11:30:42
e6c8703c-802c-4aec-8b06-6b424f4b4357,Ubnuazd,2024-10-12 22:13:04
2b818110-11ff-4fdc-9202-94327d91ce14,Etmqyxeegx,2024-10-27 06:11:31
48783563-3170-458b-979c-7e28b391af7c,Qeyym,2024-10-13 03:22:04
f5999319-2501-4184-bee4-1a893eec8cec,Sbufjrpthtnqw,2024-10-26 15:54:54
98a4b932-5812-4af2-95e0-13e17f75e9e4,Letjvny,2024-10-01 14:23:32
d6369cc2-cca3-4fde-b324-57f6bcbe731b,Pqjqigtkav,2024-10-09 06:46:45
47384f5c-3100-448f-9df2-b0c9d4e58f58,Aekpckgyvswf,2024-10-24 18:04:50
1500ea38-775a-4436-ab02-6da10c40f089,Wlfyuw,2024-10-07 19:01:08
b851f9f9-f8f0-496f-bc19-5fb4641e81d5,Qxnvptnfkxnvq,2024-10-26 02:51:06
a009d8e9-a210-44eb-922e-568030f79b52,Sfqckt,2024-10-23 14:01:24
ad830df4-b15a-4afd-94ce-6d4aed9c2444,Roprjmxqzvc,2024-10-22 03:31:04
5dae0147-7ec1-45de-9c16-1343852b45f5,Vkgidgqs,2024-10-07 09:25:45
c8b0ffc2-6ecc-45c3-a57f-675d4820c1ca,Xnnzls,2024-10-08 22:26:22
196ccbc9-be44-48ec-afea-bc029e5d9b88,Zrzhdbbqsjsloh,2024-10-04 10:41:26
25c0dc4b-6b87-478e-a088-cb05f84545e6,Pgkkfcpsp,2024-10-24 03:20:07
4c68166a-39f8-4b5f-a711-7608a308aacd,Gtqok,2024-10-01 19:45:13
55b04934-ecba-48ba-b89c-1ba43e8a9d5a,Wzrzf,2024-10-08 16:43:15
7ad6d913-fa51-4f3b-a769-76da587929b0,Zkqhbvrpkm,2024-10-02 11:19:38
b68f5cf8-756f-44ec-8e1c-71d7f3a2b435,Lkqwcfmtzvmsdu,2024-10-06 13:15:44
bd2b5801-015b-46d7-aa1c-06651c61bffe,Yunzo,2024-10-06 09:04:52
e3ad437d-fa3f-4325-80e9-8c3f7f8d4989,Ilkcklec,2024-10-15 03:20:59
366283b7-3d0d-4443-830d-5b216733dcb2,Sufuhapyovtkzei,2024-10-17 13:04:07
51cf762b-c301-46d1-9fe0-af53dafef3d1,Abatfcxgw,2024-10-16 02:36:08
a3e2c83d-424d-43a5-bb42-6fe8f9826881,Oanoyvty,2024-10-12 01:13:32
8f017590-497d-46cf-9578-b86c26ced094,Jmdnutjpx,2024-10-01 16:21:19
7bf2401c-4223-4523-98dd-3df94b891520,Pkpfgymcoodrwjn,2024-10-06 18:52:11
b43b71bb-6471-436e-9dc0-2e04a3e514c8,Mfrgujoh,2024-10-29 08:30:57
5f25129c-6b7a-4769-bae7-5fcf89e3ebdd,Pqwdkcjqxmowndd,2024-10-30 11:01:46
4193fbec-a30a-4775-8ac5-e32cbc890ea1,Gnbsxcrqxgdi,2024-10-18 22:33:52
19bf1911-bd01-4a39-8173-9d72e97d308a,Tjzwawqkoqqwvkf,2024-10-04 10:07:12
a401d2d2-5de8-4d27-9942-0b28df27169e,Qzipdycg,2024-10-02 22:16:52
bdbd9bdb-0dc7-4b84-b915-4a4e1e9d3911,Zgmlwmvyzqb,2024-10-14 03:27:30
252c0203-1223-4c57-9b87-05e837ae2fb0,Cxsvqcnarer,2024-10-30 18:32:00
c281f958-6c66-4782-a4cb-ea7b51757532,Logucltqxee,2024-10-01 13:52:01
ab2fdc7d-f816-4605-ba52-9690a7b0605c,Josxysqmmboywah,2024-10-01 04:11:18
c526e7ae-7718-4d2b-8062-0b3933566d66,Bhsbyudv,2024-10-06 02:54:07
25cac1c5-32e9-4d62-8055-4b3fc432a75c,Kbulc,2024-10-26 03:48:47
46c7139b-5615-4327-be0b-dd954f2e2358,Qlzxaruvcxwjv,2024-10-12 08:15:06
d4a1da97-501d-4eee-8264-8c7338dcc141,Iiojnyfjv,2024-10-04 23:35:31
630e3695-939b-4c28-b78d-5fae49a41b70,Cncwt,2024-10-11 02:11:21
a9fb7bda-f217-4011-8744-8488d860dd2c,Uwgqlwjngjlexni,2024-10-11 17:12:31
203d94b8-64c9-4384-b5c9-4c67793bfdc6,Qffwlltaeg,2024-10-04 07:12:00
d4043f8e-e577-495a-bee7-0db6eb36b3e7,Glnxytejcycdfod,2024-10-03 12:41:28
61294195-7174-4ad3-ae71-681dbb541fc9,Cqtllnhtmqp,2024-10-10 11:28:22
e6b4ecb4-4ae0-4d6d-8407-bb1bff8265a6,Fudixuzbdkeu,2024-10-12 21:05:16
5f62982d-e954-42e5-8aee-8035168a3fb1,Tdafytkqlbqhkcs,2024-10-26 12:17:28
63028bae-fc5e-46f9-af11-ce2eb453f7b1,Xboatgjygusile,2024-10-26 00:16:12
6b3d32c3-ba1c-44be-b37a-9975c38fb061,Ixekgehy,2024-10-21 06:52:36
8e5dbc4a-6dea-4050-b1ca-3cf7a071af7c,Kcpgenssylq,2024-10-10 16:39:01
14ceed9e-99ee-43f4-b3f6-4ead99dc406a,Hieqcqa,2024-10-28 18:47:47
e9d09051-4776-4a4e-a94f-83321137c7f7,Uaedxwpbon,2024-10-09 17:21:06
17c70e2a-2770-4d9f-9c53-48642515e575,Atnxvku,2024-10-13 03:13:17
e76f2d65-1a09-49de-8443-ecc364858853,Vzkrhjbjjxcfrmh,2024-10-05 04:17:59
37afcdd6-3bdb-4cf0-84ca-146d61067ffb,Lobjtutnk,2024-10-24 14:06:29
c9e6e1d5-5547-4c23-87cd-ac071ca75132,Gairyvf,2024-10-10 13:45:55
9e9b834b-eb34-435c-9faf-2710ff53098f,Rxvtu,2024-10-18 09:16:54
48f39bba-23fe-461a-bf5b-9ae49e1fc54a,Bjmnj,2024-10-31 11:16:24
d2496c43-e5ba-491f-ad34-9bc9742f5e70,Wyfkuawflqzruo,2024-10-19 17:34:59
c0603e08-4aae-4274-bc76-8ecc6b7b7f23,Ctlmkxodeumf,2024-10-26 16:39:21
3e48db57-c016-48cc-9db1-daf71531f906,Zhfyqgzxvgv,2024-10-16 03:23:13
785ce0c8-3d8e-4fcf-8141-37fb62ab5d7d,Phehgudlbqxx,2024-10-10 18:46:44
ee31020a-2532-43f7-b61b-99e7cbd15141,Zecknwunnn,2024-10-10 03:28:49
e6164960-8bce-4113-a249-1732cf5a4c87,Gsvjwgwvlcei,2024-10-22 23:51:07
22ea7d8d-fcb4-47d8-b451-663e02a54fb1,Bwwlswugovhzbr,2024-10-21 02:46:25
02c4f524-9f84-42ec-b2b7-510a4aec009e,Yttzs,2024-10-07 04:46:01
a04dd43d-25c5-4b64-b79f-42264591cd15,Kwsyzfmtknli,2024-10-21 14:33:47
3bb60890-f3b3-4d61-b6a6-bf9f9de6cc88,Eizut,2024-10-26 14:49:27
aa9fc80e-39fa-40a7-8fbd-14b377f23a4d,Zjxodkql,2024-10-09 02:23:14
678131bc-5b0f-461a-b0ae-851c5b8d13f1,Lhbfja,2024-10-01 06:42:07
79c7fb2d-2d17-45ca-9f92-73825800aeef,Oxizpcjfowk,2024-10-26 05:59:19
94895224-7c7a-4430-8cdb-548fd39f8ea9,Wyvwvz,2024-10-15 13:40:46
84726d21-ca5f-402e-8406-b4fbcb9820cc,Wuhwxl,2024-10-10 15:21:48
402b7be6-cae4-435e-ac98-6c954152eb68,Cbjjcpb,2024-10-25 07:10:29
4258937f-0cd0-4e29-bd7f-cee6bcadd80c,Mvdrqp,2024-10-09 09:36:48
5dd5266a-4ec3-41d9-a551-f4da0d48e9b3,Nlhhcdbk,2024-10-12 00:52:57
f85c5b4d-fbfb-4816-ba34-0d9cbd967e23,Dcghkyl,2024-10-23 17:15:50
0fbd41e5-297a-4804-9210-4561cb60aa96,Ulrrngv,2024-10-24 14:15:45
7da3e96b-30b1-44c3-af3a-5f1416150fd6,Qtztil,2024-10-25 23:18:53
8d518991-0457-4488-a119-d2734a4116c5,Ojbpgot,2024-10-27 19:12:36
5e5414b7-96c7-4975-bdbf-7a081aecded1,Tkztff,2024-10-04 15:12:59
3700cef2-012e-4302-83d0-b06d7d29ce31,Ulwwenkwr,2024-10-17 16:01:57
d993dece-d51a-4c48-b912-0b993c9fcd22,Rdpiot,2024-10-16 00:42:05
48d8758c-ddc4-40c6-880c-e1ded06c7e19,Qzerkkaaplkj,2024-10-21 10:28:36
40f01db3-c382-41ae-9c82-4ce5d3595525,Dckqpjcaknscm,2024-10-11 11:15:57
df36fef2-c55b-480a-aa0d-b8b5bead481c,Qpxzqv,2024-10-03 17:07:01
dbc55f2f-3ca5-4aa5-b424-83f9bd845387,Gotwlc,2024-10-18 08:11:10
4db351a6-68d3-4209-9ca5-bf2dd1adb845,Jdxdivfzhmia,2024-10-16 17:54:33
c63ddfec-6fd9-4e96-a1a9-fac36608ea8d,Pygvbzu,2024-10-24 00:18:33
641af7f5-a2da-4fba-a3a5-62839f289534,Lnzpuxrg,2024-10-25 16:59:31
c7d4e8ac-397d-4013-b13d-7cd17bf1808d,Jlwounmzwx,2024-10-04 19:51:16
9f8c7def-7480-48ed-a2cf-8456779bc569,Ylwwxibcahya,2024-10-30 11:52:31
2c30fa0f-72aa-4b33-bd83-9a6e48aecd35,Hfrthyl,2024-10-18 20:33:44
2d3b815c-f5e3-4388-97b5-766719df43d0,Sfkpnffuxg,2024-10-27 11:08:35
e173e939-11c2-4394-8192-f660abf06925,Dyckocsry,2024-10-17 03:11:39
72f80cfb-0520-4df8-a10a-abb44a046fbb,Mbgtlps,2024-10-25 11:56:22
fede93c9-f245-467f-ada7-ca7d07e31677,Shzyxypskfpogl,2024-10-11 08:28:05
3d807770-a640-4726-a811-34fd70f1fb8a,Rizqtypljihvcpi,2024-10-16 17:37:11
9d9a25ea-6636-4fc4-b54c-70039fca1e8d,Dvslqhu,2024-10-29 22:51:03
b46b35a5-5d2e-4bd8-95bb-2e92e767bf20,Sysrntpbfforcy,2024-10-13 14:52:39
b4c80f2f-b569-4102-ad14-971c09c0f1a5,Lgmplb,2024-10-29 19:04:05
51f7b145-ac0a-4bda-9e10-e362dd146f3b,Gvqmb,2024-10-11 05:22:17
a7161552-b5d2-4a2f-8b83-9ab378a96346,Ztasa,2024-10-23 00:15:07
49d0accb-9bbb-47cb-8b95-4e42709bcaee,Nqbldyzq,2024-10-11 12:02:17
210a008c-f537-4c74-a9ae-46ec46f1f82b,Ecyagscu,2024-10-18 14:16:30
de9a0638-61cb-438d-8a52-fffe181f1c57,Bsnhqp,2024-10-08 11:00:12
0bbc054a-9746-4982-be3d-db41e5f71426,Qnloaft,2024-10-02 00:33:08
e14daa1f-27fb-41b8-8a12-6e3fde4c0c51,Gyzayfw,2024-10-27 16:30:01
a82e87e0-b2e7-4080-b28c-c0ffec8dbbb6,Hmuvvzx,2024-10-01 08:55:42
512201d1-60d6-4c75-bbef-cf4ee2675ded,Kvgmls,2024-10-25 04:09:10
c8f8373d-38a1-47e0-b347-086dcf99fc34,Xuztv,2024-10-13 10:03:15
2ec5305c-a3f1-43ff-8d58-17874ada95b4,Tyahf,2024-10-07 20:21:59
d8acfb25-a116-483a-9d58-2934735e5f2b,Kaegdtla,2024-10-14 12:42:21
0a6b7c54-e7b7-48d2-bbb3-cc2bef8b7527,Czqyinpbsoorh,2024-10-27 05:30:26
ffacc672-8dc3-443b-aec7-f8a168c5ac16,Xqycqaoe,2024-10-15 09:05:48
c6cfe6d4-7611-461b-9933-6790c6df7434,Phxlojzlzs,2024-10-26 19:04:28
2b3f379f-41a2-4add-ac86-7b23a1864e1e,Torlewqgt,2024-10-01 08:11:25
6643b1a5-dc2d-4796-9e8d-cd22dc359cc5,Qjskgcrisbwmcee,2024-10-16 03:31:45
1c450f89-9143-4e98-9c26-f4b978350992,Jmwokmmqrgafdhe,2024-10-04 14:06:02
9e87a8e0-e9d5-46e0-b538-494830eb7cdb,Pzaxghcud,2024-10-27 21:43:24
0e88bc04-d475-4e99-a313-c5448e6c4363,Pbbsvpheu,2024-10-26 19:25:41
e76a19bc-4ace-40b3-8673-4825ac40974a,Jgeox,2024-10-06 04:44:15
d2460e56-2281-4905-8348-83fe1eadf006,Ulzyelsdqsw,2024-10-10 22:04:58
e2e5fe49-e5be-406f-8559-9797fd201dbc,Eltpbqeozxild,2024-10-26 05:10:19
824d1c86-3b4c-45e1-9abb-165d1cf0b174,Sbjda,2024-10-04 01:30:40
2c2024e8-8134-4d0a-b713-1d26e9081a3e,Rgwzyscit,2024-10-10 01:34:48
6afecc64-d191-4d8d-b8cb-3fc418240ed9,Pshofjb,2024-10-09 02:36:15
6a1076ab-589b-4b6a-ba27-793bb7e7d0c6,Gptyyksyxhn,2024-10-03 10:00:45
603e4692-91ff-47f8-a3dc-134ef4d9f227,Vdbqbzkn,2024-10-28 10:37:32
42050bf8-0f89-48f0-acad-12b8b619aea4,Gccfslc,2024-10-09 21:58:22
c89afb82-214e-4b0f-9be7-9c9bd44b66d0,Bzvmlvmo,2024-10-01 00:18:48
7eacd3ac-38c8-4f39-b1a1-1089f90e6d10,Qvufalqosjxmfx,2024-10-24 22:23:06
ed6791fe-f820-49b1-befe-28131d688c3c,Tnmjjqcor,2024-10-18 12:16:31
10347b91-c969-41d0-8850-c872742d9ce5,Ljarxr,2024-10-03 21:04:39
7931b85d-c7c5-4ef2-b9f3-ec15030fb2b2,Kedpi,2024-10-15 22:25:26
5be68ab3-4984-4a2a-95cb-9a6ff7a7c239,Wmjkjrfmhpkfvdb,2024-10-16 13:25:49
c95a3b3c-78ad-4968-bb59-ae95c5de32d9,Cprktchmpxyx,2024-10-16 16:00:05
05b955a2-eb15-4561-b032-1d61a3c7d10d,Hkxpmoa,2024-10-29 10:49:03
aee62a24-16b0-48ec-9e6b-1adfcd78fe48,Ziqfokypfv,2024-10-10 15:46:15
b53bbd57-de4d-42c3-81ac-84fd603adfd7,Wsojtn,2024-10-03 07:06:15
85309bc7-e6f4-4520-b247-92d11abb2fbb,Pbsqdgsrgro,2024-10-19 03:41:07
9c2ccee4-d34f-4f53-96c8-dd1fd102e6bc,Hjcajbd,2024-10-22 12:29:37
534d7cd9-9a81-4780-98ef-c4eef8d70b3d,Trpzpkbk,2024-10-11 18:37:22
aa1b4b6f-48ed-41e4-b3ed-e4fe74852961,Vyydablnba,2024-10-03 04:12:05
9e13d3ff-2b31-46e8-8c96-57e54ac7b8d5,Gcbrjhkqoscz,2024-10-27 16:25:34
19f26417-488d-41e6-bb30-c8ef38536534,Utmdwfu,2024-10-27 03:04:52
17bae0cc-6114-4db8-805d-88eefad55da3,Jikvbhmbne,2024-10-27 06:37:22
daed9b9b-719e-43d1-98d7-6a7f9cb3b496,Gidrtryt,2024-10-09 23:16:23
83b25e3e-7dca-480c-87d2-24cba9d9f7b1,Qwnrcxnydis,2024-10-02 17:40:03
d72a9dab-8e6c-43e2-8c0b-bb051533e68b,Ynmdptdzoijan,2024-10-28 12:59:32
85320048-bb9b-4c75-ae61-58720195857f,Jzftl,2024-10-17 23:09:48
4b04b1be-ba45-4dd8-b4d3-af73f7a03dec,Envkyr,2024-10-06 05:39:00
730df727-f21b-474f-9264-c4f319ee1426,Oaveeorn,2024-10-15 20:20:33
ba3233a3-1662-42fb-aff2-95e93004b072,Ybyhdgjzhvfo,2024-10-12 22:49:06
e7a85e22-6c24-45fb-a3f3-546a7a1f88b7,Tgoaxyopiyhda,2024-10-13 14:05:10
98c35438-5634-4975-b82e-49f835196332,Kdxnxctfb,2024-10-13 18:04:06
6480567a-4da9-4f3b-a2d2-ddc56324dc5d,Ifmzfhlc,2024-10-29 03:39:12
d9929820-59dc-492b-b669-e85114d2e07d,Uzlocbjf,2024-10-30 11:20:49
3978bd17-a4d1-4ef8-9940-8a7ee521f297,Jmqnuqjp,2024-10-05 12:57:23
5aca9fe6-b501-415e-832a-68e4d52b6b51,Dmtmz,2024-10-03 21:31:17
04ed3ae9-551c-4e7f-9331-1ba947373a29,Tcpkolar,2024-10-02 21:30:10
7852e1c5-d976-498e-888c-e664d79ad1fd,Bvqnklno,2024-10-12 00:48:37
abbbf711-9715-4b23-a13d-c6935f06fa47,Prfankpxuk,2024-10-01 09:34:11
756efa27-496d-4291-8131-11ac4be00a21,Rlzidudah,2024-10-30 21:56:46
7b652022-80ed-4ad5-9924-7c17db17a34d,Cyymtuqqfzvspxu,2024-10-18 00:05:55
bc896983-aa71-4176-b664-d9f1370e1bcf,Sghyo,2024-10-31 12:27:22
07a45e63-57d4-4f64-b0a0-b015093486c5,Xrnbvktdcmx,2024-10-06 08:00:44
caf112c2-d9f6-4e1e-b2b0-c83ba8c4ed8c,Hhetacqhakpn,2024-10-03 11:08:04
7a854e3e-92bb-4c6b-a56f-88bb927eb7f5,Srxagsxruxw,2024-10-11 10:47:17
fb9e8275-e99e-4f3b-930a-132fe88cf45b,Buahehuqmcjb,2024-10-19 13:02:51
07984e6c-6e17-4a15-a254-a532862a009a,Feabsgeiwpnyppa,2024-10-21 07:39:03
7dbe8e1d-6d59-4db5-a491-c9b273b3d0b6,Mqztgmdizupej,2024-10-09 16:45:04
d42a8618-e6e8-4124-97db-f6073f36ada1,Eyebnzczeuorqyr,2024-10-24 16:48:24
e79b889f-51a2-4e2e-8d45-32d13a892643,Vpxkzyxt,2024-10-23 00:38:57
ee92b51f-4481-4d59-b916-ced56ef1d583,Rqhgi,2024-10-20 13:34:04
9942a3c4-f81d-45a8-a23c-609124fe9510,Ksvqldlqahb,2024-10-23 04:05:16
8fd8aeca-d481-4426-aa3c-6d6d439b4ac2,Nrkgwpztiuo,2024-10-13 21:29:59
c775825b-858f-44b6-9a34-7dfd50f46c75,Tgznkmleheubt,2024-10-28 11:30:22
50906d6a-833c-4cf6-a32a-b099fad7933b,Lvxavmcxhlcrnl,2024-10-03 22:26:24
3f5acef3-31ee-4ac9-9a5c-2f3a9776734b,Zucou,2024-10-27 15:03:16
f13a0ad4-254e-4bdd-925b-2c7a380a9137,Xbnshhlfu,2024-10-07 06:41:32
d0356718-776f-4689-a037-1a6edb09f11d,Gxsxxstm,2024-10-29 06:08:35
fa223b71-0198-4889-9fb2-1bedc5d08c33,Wbsuasdfpin,2024-10-01 11:52:06
7fb206f8-e2a3-4fbe-812b-e64ea112c169,Muccjbbx,2024-10-20 17:26:52
2f05dcfb-3900-4630-b0b8-9f04474709b0,Ofwnkjjvksjin,2024-10-30 10:35:06
a8690dbc-340e-4d53-a30c-35b36db01409,Uusgognwgpq,2024-10-13 15:57:47
67177cf3-cfb1-400a-a736-279110168eda,Ercxsu,2024-10-15 07:04:59
aac40c22-fa30-4ff1-8b1b-7cb0c693dec3,Mpxectagprway,2024-10-22 14:21:08
b8fe4a32-967f-4076-8699-f5f9c709535f,Ihfwrk,2024-10-16 00:29:39
b7a27079-e76e-4555-8a60-bef5c3d4992b,Luhqzfyqkng,2024-10-01 08:23:49
8d278dc2-d59c-4540-82ea-010076dc6097,Cffvgowsxjvul,2024-10-28 03:35:42
2bc00df0-e056-4de3-a2f4-fb0355d60d90,Tuyytmvyi,2024-10-20 07:26:36
e2a3c4ce-be8a-401e-b5d3-301d5d93e81b,Jmbebbhljr,2024-10-27 10:40:24
211fced3-e8d0-40f4-bc49-1ef7879746d9,Hvcpdzjfoco,2024-10-09 11:45:14
73b139c0-42de-4950-9f02-a6184a0b6ad6,Amvrtlhesqiuwxg,2024-10-08 12:58:24
97df8e5d-de70-4b94-b52a-1d38bdc4a5ca,Luuqgey,2024-10-06 15:52:27
61c94fa1-209b-429e-a721-c1ac40ed9efa,Gatmmazkc,2024-10-18 14:12:25
8dbca70c-2499-44d4-9f9d-2175fb167063,Ddjyg,2024-10-10 15:39:23
bac26d31-d3e7-4633-9242-cd6040cf0e94,Cnabseuzhpf,2024-10-17 08:46:02
e2b0ec49-2e67-4a9c-abb1-e98e296f89d0,Zsxmsorvrkt,2024-10-19 11:33:54
04f27665-a4e1-4579-a601-c89e92f74e00,Trykqnityjuicij,2024-10-31 04:23:11
fce307e0-8dd0-4d7b-a41d-a73577b408c9,Uokrbwjbpuryp,2024-10-19 04:16:27
4b6aeb15-a9cd-432b-a801-adfa4ed46ff9,Sxeugadqjoav,2024-10-10 12:43:55
3232551c-a3b2-4565-a111-d41d8a716981,Uuoybsamytfeiwg,2024-10-04 23:43:25
9d54453c-f842-4a3e-8445-0eee73009776,Mwcbjnvgmpio,2024-10-03 18:43:04
51c5dd1e-25ea-4499-bd86-9ca2c929436d,Glybmfangkbdlmn,2024-10-26 17:28:35
589e6cda-6379-46a0-9454-80cdcd6793f2,Dlenrrbmhonyl,2024-10-23 08:52:45
4f21069c-624e-40c3-97ce-69a7fab8a862,Fvtcgfdzmrnr,2024-10-06 12:51:09
8083265b-eb1b-4078-a514-383d3657c397,Xoveqjsxz,2024-10-12 18:11:52
8da2b111-036a-43a4-b35e-35d9f153d49d,Fhsqph,2024-10-11 06:43:31
4c441514-69dc-4e1b-a8b0-b49987d760ca,Kfkreb,2024-10-12 11:44:39
e98cbd8c-68bb-4f56-8311-fbf11301c0d2,Nrlpmyo,2024-10-03 04:25:44
57ef4115-c082-4659-8310-e96556981bba,Difmzbviu,2024-10-19 10:48:25
6710f69e-7481-48e1-b89c-c46ec1abf0b3,Gybxafczsz,2024-10-15 02:13:47
8f478ac2-0997-401a-866b-f8bc65638eaa,Yoqibeb,2024-10-31 15:42:32
5e1e699c-61de-4d90-963e-92fc76c669e9,Rdmfeotxugnui,2024-10-01 13:07:35
4b26b82e-57b7-46c5-98cb-8217bf7146e7,Hqxjvcnbfwowlxf,2024-10-21 06:31:04
0d7da167-e5b1-4512-b9ec-9495e4258a27,Jyqins,2024-10-01 10:00:15
05680b03-f20e-4ef9-9cf0-71f620bb743f,Nebudtl,2024-10-24 19:51:10
81558dd6-2eb7-4c50-b71d-158a1efceb92,Qjjjda,2024-10-12 01:37:25
106e0a89-ac99-41db-870f-d480bd179063,Jnojosjdizpezj,2024-10-30 04:26:25
7f84fc4d-28ee-4dcb-8a8f-5d09da01e307,Xkywmuj,2024-10-09 01:38:58
325157eb-7681-4c12-9f9b-3d33882ed060,Wtkgsuzyacddwiu,2024-10-14 18:49:55
c535cfd3-3296-43fe-9aad-86437d082093,Tvxqqiywtsyg,2024-10-19 20:13:58
29520b6a-c210-41ea-a1b1-3a5d41cac156,Fotqrlra,2024-10-26 20:14:19
f9188ec7-636d-4be4-bae2-d8c19525ac81,Vxztxhngx,2024-10-02 00:33:40
0307a92c-d8af-4528-8f64-6d2bc0deee3f,Skhtbnk,2024-10-15 11:47:10
f23edb09-0640-427e-91d9-5132e4592e3a,Zohzivrwzzxh,2024-10-10 01:06:41
1974dcd9-073d-4c7d-bdb4-2cb52a85a435,Dksuxrhgoxdvru,2024-10-20 18:08:03
cd560886-3580-4862-ae8d-a9ee312e52c9,Cmsnkcdq,2024-10-23 22:59:19
315b384c-7fb5-42f7-b9bf-c7a3cfa08b54,Fwtgbxvciaa,2024-10-12 21:08:08
9e1de8c4-af49-486a-8a71-7cea61fb0ad7,Uitgzqmk,2024-10-01 20:32:21
f9328003-4a78-4a73-aadc-7e5c7564069f,Uwgxzxlykz,2024-10-30 19:25:44
138b3d99-137a-4362-ba99-74587364e521,Iatojsnsmqr,2024-10-05 23:50:06
7d96fc2b-707a-4ff3-82ce-86a5dc3fe53f,Dwsbfwsjgfu,2024-10-06 13:45:15
a6229a71-79f3-4a1a-b656-b6714c0f32b9,Qeotuchb,2024-10-19 00:49:32
1ed783db-e581-4b78-8f5d-99bf374ea956,Thzcrkxbtyfnbaq,2024-10-10 02:51:35
ffd9f5f8-1747-44f4-8038-f53727cda69b,Qzalkkxkgj,2024-10-27 13:52:16
b2e4cfd5-324e-4119-b2d6-0e5726a35afe,Grnkaprdljjg,2024-10-25 21:30:33
6349e687-1ce5-4a22-8387-8f1ec1cdc151,Jrxdkjz,2024-10-26 19:42:24
98fe461b-d708-4661-9f02-7ecf0ca3fd3b,Gqkvxumgjipgw,2024-10-25 00:41:50
50513f43-10ba-4fe4-978d-8749bae367b6,Mhxpl,2024-10-21 16:48:35
a5932a45-0b93-43ef-ae0c-1110df6af31d,Dgjsh,2024-10-05 13:27:45
486f3a55-c782-4211-ab73-d750c889248e,Qentuersgm,2024-10-23 06:05:35
f33174ae-de0c-4101-b6b7-842df36aea26,Dikuyb,2024-10-27 18:20:21
d78d1b58-6c27-468c-9609-791a6c1ba804,Vqzsctg,2024-10-13 06:42:57
6417f7c9-7360-4236-ac40-8641cb6e12de,Dsrivmpx,2024-10-05 18:14:51
061530da-4cb3-436c-a42f-8cd2ca977cd0,Hfoegjooekmusit,2024-10-27 16:41:07
d010948a-994d-4f52-8f34-7590618070c4,Ojznxbvqbq,2024-10-22 11:16:42
82f6b170-48c7-43e1-9dba-0e57068805b5,Abnitckfjugxjax,2024-10-02 09:49:20
01b82922-28eb-4fe5-9c46-04520c1c8e3b,Sanrafvvdh,2024-10-08 10:58:15
2cbafe73-0472-4e0c-83f0-161739fe7595,Cqwlr,2024-10-28 04:29:20
d633d445-1ebc-4c05-9022-2f5f67c2643a,Tfrbjnpjjtw,2024-10-26 03:12:38
33f10d10-80da-4f28-bc8c-19d1311aac79,Pfhdqsaqjqcb,2024-10-07 13:41:14
d6e74abd-a1cc-424e-996b-e0cc2735d650,Eztykemw,2024-10-13 18:47:42
dfbfd5b5-cf88-417f-b7de-f2d82414c98f,Zhbjyxxyxn,2024-10-28 20:18:51
e3f53516-c3e2-4b61-bfc1-0e0a72b2c700,Hsvhaqrfsmu,2024-10-11 08:39:06
7364a047-0f3c-4ac6-8c06-634cbbf55630,Iqclazzpcywdcpp,2024-10-15 22:50:03
551d617d-6c67-4142-bf20-4e22b1abe59a,Rklytpeaz,2024-10-07 16:26:16
0f2ddc44-bb66-4797-8c6a-c0e73eb9afd9,Mqgvi,2024-10-14 03:08:17
c227c364-1607-43c4-b8da-32765d783709,Hmhywknwb,2024-10-24 00:19:02
a2d0d50c-97de-4dee-9ef5-cc71005533f7,Mxyeebfikxy,2024-10-09 02:14:28
467256b7-8003-4324-8bf9-e94d34fb05c1,Bayybhsj,2024-10-17 22:24:27
b2cfee47-55ec-4413-a926-7faf24620d32,Wldufax,2024-10-03 04:20:44
10addd7a-4fa9-4b73-9e13-49620ce63f6e,Vszswqrtpv,2024-10-21 06:20:52
50eaef3e-d379-4aed-9fa9-6cc197f9f672,Cdbdop,2024-10-19 06:59:27
1a0760b8-1ecb-4223-94f7-2056d9970592,Wbzym,2024-10-26 05:03:37
2037d5af-9004-4733-8bec-753564a2e509,Oevzasehbjze,2024-10-26 06:40:55
ffeab97a-7040-454a-bfdd-8281acf0c100,Oqtkylcbltqzyye,2024-10-01 07:21:16
621aa12c-0687-4a99-8d0e-435d81f72705,Tpidvr,2024-10-18 02:11:09
fcd31ded-520d-4f82-8e8a-8413bb15b0fd,Dfneg,2024-10-16 10:20:18
238ac4a1-43a5-473e-a04a-042ef5933c28,Youzaw,2024-10-13 06:11:19
197f36f2-c66b-4cc6-b173-e2031a5595be,Zjdmunhuavc,2024-10-29 19:23:52
a350f7a8-99ca-4189-98b9-2c19e9000dfc,Iklmvtal,2024-10-28 20:14:32
4cce240c-e941-4c1d-a3c6-6e2f103f0bfe,Frwvuuo,2024-10-25 01:24:00
2a227039-5b9a-42c2-8dd8-d55386e39e26,Yigdyljeaucm,2024-10-11 17:39:47
1f7209b0-5f59-4e52-874c-64329bad190e,Ywfvgpsqfdysw,2024-10-19 17:18:59
9f11eb9b-db13-4daf-8c81-c217d1fb1f3f,Auoxpais,2024-10-24 01:51:01
674f9948-25ce-4ffe-89b5-dbd3d35ac16b,Oycfizfshs,2024-10-29 05:56:16
c526ef4e-cf58-4445-af3e-e0477a30c666,Bkkunz,2024-10-14 11:17:06
ad471344-3826-4319-b8a1-4b6b63a8f2e7,Fitia,2024-10-13 08:49:39
da0be288-a6c3-4bdd-9640-3f331be975cd,Uegren,2024-10-08 23:09:33
f0483d50-7f90-49b9-ab80-be76e7b295f1,Hspyvgqjteddy,2024-10-29 15:27:44
1f6912bb-eb53-4e92-a87c-16d2cf8d7c16,Bfhdxcocdfw,2024-10-24 00:12:23
f6c1b307-8767-4d92-87a1-26d8c57c670d,Wagdyperkpucgv,2024-10-04 19:34:46
00c1085d-f241-4b37-b125-6e5d987f89db,Xsveajxfxzyg,2024-10-26 06:20:33
f5c59eae-f143-4fe7-947d-997b94ba1ae9,Qehlxzjvwl,2024-10-22 22:12:25
88022113-7311-438d-b217-a08fab7eebbb,Ognxpzfn,2024-10-10 22:41:10
3cba701d-6f89-42c9-9d60-07e6dd88e552,Iiwifpgw,2024-10-29 14:33:39
2d4783e6-418a-42a5-b585-9e1076d9e58c,Ujfpsowgrvlqvij,2024-10-16 17:54:36
15f51a05-c1f9-470d-9edb-0c8ba85ea08a,Nsjnd,2024-10-26 02:38:59
d468faf3-61c6-48a0-a270-c52a35c66764,Blfdgwf,2024-10-01 15:05:20
f963733f-c1b1-4696-be6e-704ff06b547e,Aidslfas,2024-10-06 04:14:36
afa0bc73-7fcd-4822-98c7-6738b1a1eb82,Sbxaokh,2024-10-08 00:43:06
04bd342a-c889-496b-85b1-99714948371b,Gapizf,2024-10-11 23:44:25
04f04afe-4446-429e-be39-a8f57735ce63,Zhxmpcrehkls,2024-10-10 17:50:32
504f6053-82a9-4960-8185-8b2cf4e539f0,Yzvgpqmhfvtmam,2024-10-08 05:33:26
df21480a-6fda-4fa3-8c98-fb9c39418885,Fqptjyrw,2024-10-21 21:30:00
008acce2-495d-4cfa-99c2-479ab257b6e0,Wxovwixlrzdoy,2024-10-08 02:57:07
77356bf7-78d1-45a4-a5c8-b97fe8870e64,Rniwi,2024-10-25 02:54:49
c5d6945a-141a-4f6d-a401-3683c540c0f9,Goomzrywwowrti,2024-10-23 08:07:26
0710ace7-a3f2-40a9-8f12-e4da7aa2d2e0,Wqolfbvcebh,2024-10-27 13:26:54
cb548e64-b516-4f8b-99ae-839c5bec6446,Hckhl,2024-10-18 19:52:34
82b36842-8f7a-403e-9bc3-6e515eb92add,Sixeqglwpkrb,2024-10-12 21:35:20
9613d901-06e3-4fff-a0fd-8e15a72588d4,Ffyywqgbrnoxr,2024-10-16 19:25:12
5d0860ba-d6ff-4551-b5c6-063ce81a02d2,Njyflxgfld,2024-10-25 14:06:06
6ad49acb-e967-48b2-a7be-7894ae7e83cb,Oanor,2024-10-28 01:06:43
08bb1028-7d65-48c4-ab56-c13122e24517,Zrumjlhezjlc,2024-10-22 20:39:26
a656af25-cc3d-468d-b37c-bd8d2f3a1c29,Yljasgqipuxrb,2024-10-12 06:20:46
ac860d81-4d1b-49c2-b24b-5a26caa70445,Gqrwkymyhdyczon,2024-10-05 08:32:46
34e19c60-0601-41fd-8044-6b530ade80a9,Uiazmyepkaaadmx,2024-10-30 10:09:05
1f7c186e-3498-4eb3-a76b-4618ee400d67,Vzwzejjswt,2024-10-03 09:30:31
f83738d2-0f75-45f1-a464-37a8362a7f0a,Iglvkcnbhdoek,2024-10-03 04:43:42
7afc8026-6010-441d-bf37-68e547d858c3,Fbxctg,2024-10-26 16:58:20
69d0f8ca-bf70-41f0-8820-9a856767db96,Kwvibrvxde,2024-10-22 03:08:40
ed8268d2-9f5e-4c13-bf1f-d22fe843c3d9,Wfueyalnzwsdqlk,2024-10-14 07:39:42
14140cd4-5ebc-498f-9e43-a002525d10e5,Btkwtlyed,2024-10-09 13:24:02
e1cca4ec-0c8a-46c0-a668-0ee3f0b9b2b4,Oncltwgu,2024-10-26 19:53:09
206c0527-39c8-40d4-93aa-5c77e64a083f,Fpyzi,2024-10-26 19:06:42
e484ee69-24e7-4d03-9771-c940403beaf4,Npygbrzdjed,2024-10-31 23:34:49
2390be5e-9d8d-4874-ac61-5da0e39f7ab0,Nkshs,2024-10-29 07:13:12
39560574-03d3-4499-96d6-b155af051ca8,Dgpezrt,2024-10-17 02:48:19
d21289c6-9831-48f3-a2c6-fa52b937d006,Gykosgrpvyffrrz,2024-10-08 12:03:28
b72cea20-1f45-4169-9e13-fad407f658fa,Wttokuzeyg,2024-10-07 22:00:24
ed9cd581-b0ee-47be-97e1-422e9791376c,Yivxnoeko,2024-10-06 23:20:42
a48d978e-b49d-40fd-8ae4-667b040c29fa,Wwvfj,2024-10-04 03:39:11
92a3915c-ccc0-46fb-922f-3a994bb8ff6a,Taxktwtixv,2024-10-14 10:10:58
a46b7bd9-ceff-42af-a286-57e9c019e6b2,Rxqjnmwjbug,2024-10-12 20:43:48
541ac6e1-8f85-4688-9c94-55eea8af87a3,Qftxlttjod,2024-10-23 20:27:20
bcec227e-bc97-41ea-ac71-120c2bf1e33e,Vezskujaqnvr,2024-10-29 01:11:34
87e3fb89-43b4-48ef-a02f-9728be0aa4a4,Wsprpo,2024-10-15 07:18:16
211e7bdf-080d-4511-9009-523f3ea4785e,Ffkuoxcyoqfgeaa,2024-10-25 05:48:21
16dfb2ae-582f-4c13-9993-963e7a3de295,Ysdtwdviidqu,2024-10-13 13:02:38
3c2ae142-157a-4e36-a14b-c89dbded6f14,Rmnpdrff,2024-10-06 04:07:52
7f4a64f2-e7f7-4ea5-911f-2654968e4168,Toofvrurilz,2024-10-13 10:30:30
0cfc290c-0d24-4a9a-a392-0cd14a0191dd,Fazlzzqxkhqlp,2024-10-16 15:09:12
a4dcadc6-ed7d-43f8-8e9d-fe21e7e2c5a0,Nresjmmocoapcf,2024-10-31 15:02:03
f89166f3-758a-47e4-bb2e-838364001f51,Pbkvuo,2024-10-31 05:32:28
121da7e6-7bec-4a67-bd9e-26124021f44d,Hxizumgqpo,2024-10-21 00:48:42
c2dfc573-ca64-42ba-8899-44111d142fdc,Cghsjzgjftncr,2024-10-19 04:53:28
74b4b940-5a78-490d-bed7-9b648699c63c,Ixwpn,2024-10-13 00:46:26
6346a0f8-bbee-494d-b58c-60edc998701a,Ryfjkr,2024-10-01 15:24:56
b88f26b5-aa6d-42d5-a30b-97d2229af998,Wckwsajhnqhdezt,2024-10-28 18:34:36
1fde84b9-fab9-4cc0-9d69-9dbb9fdd2c5e,Jyrxvfrclcb,2024-10-29 19:09:47
a936063d-6559-4ca7-8429-b5f603955e68,Tsolrdlfz,2024-10-28 00:01:15
9e8b5a36-11e3-4235-8a59-e04ccc4ee67e,Vbeknwysluzmbz,2024-10-24 20:52:16
8e92d031-31f2-4c75-89a8-c9efaf8f630f,Ebboeqwkbzlds,2024-10-17 16:50:28
0c07f91f-a375-40d2-a45a-b05f4047e5f5,Zedjdlufrfafce,2024-10-26 01:59:41
1087d60c-bd25-4f48-9cac-3c8093fa961b,Huqjlkq,2024-10-09 08:28:48
3cf409bd-e2fc-4404-996e-2a23c649292e,Xudjboccgh,2024-10-16 18:59:19
65df65f6-2d7f-43c2-a85c-f92b8e6e8b42,Psvoq,2024-10-03 18:44:01
7b750625-17c6-4de5-b183-075b3a3700b9,Fjhobwonlngomq,2024-10-31 01:19:25
da62c28c-db05-43fe-b879-3999db425f98,Erbdorxrmg,2024-10-03 23:13:52
e6368d1c-5a31-4ab3-b6d0-4ae6a2b1abf4,Psiiymctfs,2024-10-16 16:10:18
ce4629a6-c128-44df-a8f2-d8a1abae2e26,Wwhsns,2024-10-10 09:38:30
7a12ec4f-d56b-4386-9790-6efbdb045090,Znsyttbkaxd,2024-10-09 06:12:47
d4d50983-678c-469f-b51c-2821b57917d3,Utrpfewlts,2024-10-03 22:51:06
7731e005-5ff2-4d87-b123-da134b573cf7,Zwkusxkwzsskj,2024-10-24 01:46:37
6a534ed9-32ce-4bbc-883c-d44ca21951d7,Olfvcravhkc,2024-10-16 00:25:39
42c8eac8-0b25-4ee4-90e1-c810f924a5dd,Bsrgmdfolu,2024-10-13 09:29:18
43ce0678-041e-4632-a797-a7c0310e3a6d,Oigsgecycjsjnhf,2024-10-11 04:58:42
2904629c-6cfa-4005-a43a-bffda8dc154b,Kbaegaklqe,2024-10-26 03:06:24
05288d52-b758-4006-8049-6d8bf7f36cfd,Hsdsjyk,2024-10-23 17:08:32
40f67045-e483-44d7-8a98-f1a755831d96,Rxgnoshcalu,2024-10-22 14:21:22
1855f37f-0f2b-4f78-bba0-b2973c3d6ce7,Zovlgg,2024-10-21 02:43:35
08c6be6a-a9a3-463b-8938-b852653173dc,Hwbuhxbqs,2024-10-19 18:56:31
d9181aa8-3f68-4b24-b01d-206639b7eeab,Fcxrixmqkxele,2024-10-27 22:46:55
60a0ef49-6c4f-462d-ae56-d80aed9adff7,Ophlslzkf,2024-10-18 21:05:08
2152de2d-40b7-49be-8d74-70db47166844,Naocuzzpl,2024-10-20 10:25:17
9dbca574-583f-4cb6-9443-5358011ab799,Crbxjzcpzg,2024-10-24 23:07:48
eeb14492-dbbb-4446-aa1e-f1f29962d4a0,Atpnwgj,2024-10-06 06:15:18
0011c80a-867d-427e-97a4-3b558778b21f,Stdtchsiknig,2024-10-13 14:56:09
adfcf53f-c5e0-4da0-9f42-912e9bb77db3,Dytsfwkkmfgb,2024-10-11 08:43:14
859cdc89-b6dc-4bc7-8880-e13b31b7a03d,Knolksqlogkpvmj,2024-10-02 10:52:18
f2299a2d-6e8a-4bb5-b74f-14889cafced9,Mfrkzqfm,2024-10-13 03:27:05
45050e18-1d3d-4af5-adfa-0e31ee9a7fe3,Fglesxwcmpznwy,2024-10-07 22:28:46
11e9241b-a812-4ca8-8e7a-12d8816414b1,Prrqjp,2024-10-07 08:21:01
ed8a2e47-44ba-4381-beff-32cd3a683748,Nytypwoljpnfkn,2024-10-25 14:53:07
0752ecaa-04dc-4938-9b13-ed168eccff0c,Huujggvezkvl,2024-10-27 14:04:22
79efd951-18e1-4c4b-b450-167569e23478,Ljmhoh,2024-10-11 02:16:44
52124f30-9b4d-4caf-b350-c8ca3afc1408,Qlkdh,2024-10-03 10:23:03
ec6a0255-4bca-4a9b-8863-c8447a958e96,Evuyhdgdea,2024-10-29 20:24:36
1f413e36-bbfc-4cd0-a5d2-2588357e4ab4,Uyhhkctvidlqf,2024-10-11 23:42:10
4bfaa1e9-c599-4191-9010-0f276f14e88f,Yqtqqcu,2024-10-15 21:17:21
9c3f1cb0-3df7-4be8-a7ec-61813278b7a3,Dawmksuvesbuuf,2024-10-01 14:01:14
2607cf10-c164-40bb-857e-aabb954887f9,Fruxzcycern,2024-10-05 09:33:45
c21eba62-682d-4aeb-8a18-0c22ed3ae968,Tszxgaprljfv,2024-10-31 02:14:18
980c27b0-b9dc-4f45-84ca-60d3a8268df9,Bevhjssbqblfd,2024-10-18 10:36:53
4ea20a69-9e79-45bc-9ca4-ede96a01952c,Kvozdcqqrv,2024-10-24 17:15:01
7ab76f04-db13-4412-b674-4a411d90f94f,Txexqwa,2024-10-07 09:33:51
7bd92054-ad36-4bb9-8c0a-eda7d6b2cea3,Ygntjugi,2024-10-17 05:21:49
342f1c7e-e1c7-40f7-b381-d8b87143ef9d,Xayvalsn,2024-10-06 17:38:06
7b750cb6-b83c-41cf-af3c-594cfebd3abc,Nfozqgiqyvl,2024-10-21 17:03:17
f9262755-d381-4842-9ad9-5a79414ab495,Waedofkppovvb,2024-10-22 09:48:03
b481797c-09f5-4552-bca7-109c1c7d916e,Llybkuunnjhxdrv,2024-10-01 14:58:41
c749f8a3-72b1-41c4-858c-f0b67cc7acf5,Fbxzffiaze,2024-10-11 06:34:21
0e446654-539f-4921-a9b4-e92f3b5148aa,Rsiihcnparq,2024-10-05 20:18:44
9853ec21-a678-46b1-a8d4-fcd855aedbf3,Ozhpsokgnnxb,2024-10-05 11:49:04
cc60e3e9-0826-414d-8386-1c5bbdec9651,Jcnsvqn,2024-10-28 11:11:06
eba6ce5a-817e-40a6-b51c-d2201595ed46,Dptzqzbzqycj,2024-10-09 12:15:42
d749800c-d997-40b0-9a84-d2e48bdc6c8d,Umvgil,2024-10-03 07:46:45
b3a47763-e7b3-4ef2-884a-9ff4f027b5fc,Ibydulmovnucib,2024-10-24 21:11:02
fe4df9ac-bdad-4a94-8ffb-81ac46a0d0c7,Budsnleqydhzpr,2024-10-09 11:34:08
b7f521fc-3411-4d9e-87fc-4b6e421ab172,Cdevipjnvm,2024-10-08 20:36:11
7cb67e8e-cc89-48d6-8bc1-e461447e941d,Owhlcp,2024-10-29 22:19:20
84de0c73-1fc8-484d-92bf-433ff4305a7f,Hxdsziv,2024-10-23 03:25:57
61341321-2055-401b-b68d-0fcc20ed52e4,Rxlserlglic,2024-10-13 04:46:10
00cd6e85-55c7-4723-a824-d0c414ab8714,Mbggqyte,2024-10-13 11:12:58
75b10889-227e-43a0-a356-2a97f9fc8e17,Rprcleqaqke,2024-10-25 07:18:16
b7c0c992-bd7a-4e4e-b4bd-998e5e864a0b,Xbygbblen,2024-10-15 06:01:35
1086ccc3-7999-4239-8907-1d15e1cee277,Grevorxg,2024-10-13 23:58:35
b29ff6e3-1502-4bbb-90d3-f2765adbc9c6,Cghnjdubfntbrih,2024-10-16 19:07:27
ffb1526c-5101-45f1-8533-ef2a6251fea1,Cwrjnjjgzrq,2024-10-01 04:12:15
83a5b0c8-d883-4e85-a230-56ac8d6a273c,Yghzxhpvw,2024-10-04 06:44:52
f024a288-7dc1-473d-b996-9720c2c55622,Jijquwspq,2024-10-11 13:28:08
6992c768-61dd-4738-a499-3751addbeb95,Bkqwphjflgkfem,2024-10-09 06:11:06
fe28ffaf-d44d-4803-bbb9-622c5582ede0,Xhpxdcqbqwo,2024-10-19 03:06:52
cc493bbe-7fc9-4282-9f43-08045e7612ea,Fbqybkgvduuqfw,2024-10-22 02:42:32
323ee0a6-9f9c-437f-9f75-ecd213a99253,Lasnhqapos,2024-10-21 15:19:56
2582ee9b-c629-4990-b86f-211d20f5cc5d,Yldlvsjr,2024-10-20 12:02:13
53433d44-8292-45df-952d-96380d3415c7,Kikpdji,2024-10-14 10:50:17
bc61bc35-20c9-4d8b-86fa-7e92c1f5eb61,Hhxrbajapk,2024-10-23 16:19:05
8c883564-e483-491e-b6bf-ef31ba5565aa,Xgeawuvbed,2024-10-02 10:41:32
bdeac412-9d73-4e8f-a955-d6b309501ab7,Euryzyapshcqzm,2024-10-15 08:33:08
60abf613-ffba-48a3-9176-57d9b83d8860,Eaphlxu,2024-10-31 08:21:48
a012fa1e-7b43-45fb-9e2d-6ca478ae0707,Tligxmkmfo,2024-10-16 01:24:34
820e6375-034d-479d-820a-390b23b7a2b5,Wkilbxa,2024-10-14 07:57:03
b2f723da-0c5c-4b0a-b9ab-e5b8a779dfd7,Oxashuii,2024-10-25 01:19:22
11a74592-9460-41e6-a1e2-b042d13cefde,Cxhpq,2024-10-30 11:08:01
251fd139-63aa-4c41-85e2-6251d1477063,Rpvqftiq,2024-10-02 20:12:13
0859a773-6691-4f64-a783-9956f638cc81,Kmqykpuwkhotyc,2024-10-15 13:18:06
ce473df7-acd2-4465-9bff-ee1951cb227d,Ipaumazgihhl,2024-10-24 03:26:10
aaf7ba05-4cc1-4198-aa87-6cc17ab3a99c,Scwcykiwphew,2024-10-31 02:54:02
c6f2e25f-fd80-4e0a-830c-3866208c787c,Suhcaglosdmyd,2024-10-12 08:32:22
2956d442-84b1-40b9-a6e9-3a49686bb8ac,Ndopllxuydsxjuf,2024-10-03 14:33:24
6bead9a7-4f76-4d2f-a59b-3453f160d81c,Ipwmfxfxforq,2024-10-14 22:07:03
0c04cd1a-da81-4790-b84a-59d71974b4d4,Pwlmteijhoz,2024-10-24 12:44:16
d3ee2fd6-cb90-4d95-92f9-e664d117d274,Ybpjlkpfl,2024-10-18 14:07:25
5100846f-7790-4b9c-9d25-0edc718b3965,Capztlxueprthh,2024-10-31 16:27:01
83cbb22c-af58-44b9-9adf-068a1f83f7ed,Zfbwsmqy,2024-10-01 01:00:14
98fe7f80-9412-4592-9181-ae277118dd48,Lhfdticabmap,2024-10-15 12:39:30
39a7bf27-b47e-4bde-bfa5-df5cb4c1e457,Crvzszzcfopjrr,2024-10-14 12:06:16
2c9005d9-1781-4c0c-8921-ad70a542eb1b,Fkhfwsksgxurqj,2024-10-13 20:15:12
e8de51fc-0e81-471e-920b-1b1b883f1af1,Fgtym,2024-10-10 14:08:50
55592a95-c912-4ab5-9c9e-dfb0a61ce39b,Simdjsllm,2024-10-03 03:42:13
0f072131-10ab-4d13-a81a-eb01857b4148,Zumplz,2024-10-12 17:48:55
be57b5b4-15d5-4564-847d-c2dd1237efee,Hzeynhzku,2024-10-20 06:12:34
0695ef4f-71c1-47a0-b066-85caff516981,Vzhfh,2024-10-16 13:48:16
bde00152-bafa-4dea-a8dc-75b058fec1e6,Wkcpsphp,2024-10-23 22:47:18
dbff9bf5-9c4c-466a-b7b9-2e491c4c17c8,Ifqbsnhvh,2024-10-04 18:45:25
870eefe0-a3a5-4f27-b97f-441ac29cdf1e,Dordujdcltjv,2024-10-25 03:25:14
d344474d-793d-44ee-8785-edf6ab7caf2d,Ofalzx,2024-10-07 17:31:16
42e5e1f8-7072-4114-9d06-a1b76c635b5d,Nwujquxibusidae,2024-10-20 16:08:44
e544cab1-ac98-4209-9a72-73ca06ca7738,Vuvgnhg,2024-10-07 06:30:46
d0802a18-c239-411b-8b03-f8c1f3006e44,Gtrbotvssz,2024-10-07 00:01:54
19570b17-fef3-41d2-962a-5520cecdc066,Phajafednwpxkhf,2024-10-02 05:35:08
e48a7f18-e701-4cb6-9dc6-4022f08dbb7b,Gvafgav,2024-10-24 15:35:17
8f7a9eaa-f187-4513-909e-ca0bff6a3a37,Lqdmp,2024-10-09 09:02:39
7b06e808-7ec9-42b0-86e6-10e65746ddfd,Vjgjlkwzsbn,2024-10-23 02:24:09
16bad9a6-9ebc-4b55-b350-a32872b6af55,Hnxetghlqrmkclm,2024-10-12 09:09:23
41b45b30-2913-43b6-9b9d-518b7e360db7,Usryhwym,2024-10-16 05:18:30
b89100b6-5ff5-45c8-9d80-03fad55dee10,Stvliyzafaserml,2024-10-16 09:39:40
26290a2b-065a-41ee-af91-021fe15acd77,Ipfflbklghgof,2024-10-29 22:38:38
39e9208c-5bc8-4675-8d19-2169ce7c1c6f,Vnielfl,2024-10-06 13:28:03
1c69bc8f-fc8a-4209-a227-67181b5d61bf,Pgsvidzbuln,2024-10-01 05:14:14
ec203f27-c271-47fd-9240-ccd17741c7ee,Plibwrcfykbykl,2024-10-12 21:31:00
66fbf607-836c-4510-af06-45b1b44c45f8,Yzmibsh,2024-10-25 09:33:09
9bbfcc14-3163-4d20-8a29-08ebc7d04631,Ojufvurkuh,2024-10-07 00:47:04
23f37743-1cbf-4acc-9063-8b3b39a9fec7,Wsyibda,2024-10-23 13:58:50
fe856210-e82a-41cf-97fa-9c94e22a0aef,Uaszeziduw,2024-10-31 11:40:34
071458d0-4135-44cc-9031-8134ed9d758f,Qtropvjefq,2024-10-12 02:51:15
1431c707-ed3c-4aee-8cba-3d02c93a5773,Lqdifbpep,2024-10-27 09:04:36
94619c0a-3a95-40ca-afac-6b46a180bea1,Ucpsj,2024-10-17 13:10:06
e299145c-0237-432f-a087-6da7be3d13fb,Gntfnwb,2024-10-18 07:25:50
5ede4383-2996-4922-b0cc-4a2936687214,Vynsrbntjhvvchh,2024-10-18 13:27:59
e400dc6c-cf72-4740-b1bc-4004ec003a4d,Cqaws,2024-10-09 10:19:21
db4417e0-1e65-4a34-a49f-164fc7feadef,Ipgusm,2024-10-29 15:01:13
60a849db-786d-4af4-a8dd-3645a7fe542f,Wjvcu,2024-10-29 19:11:09
88bc8f15-61b4-4665-9478-4f53da259595,Pjulqecnuqu,2024-10-03 17:27:18
ec409abc-057c-4446-84f3-2e7afaaf3b11,Odvwjerdf,2024-10-10 00:02:55
c8796a02-4925-4e11-9e90-2e396cab90d4,Aeztenu,2024-10-22 20:53:28
79b47131-a0fa-4975-8b4c-7977bf676352,Kumchfh,2024-10-07 12:24:28
edd51c93-17dd-4f01-8cb0-b5ccb3b07cd9,Vctsaztcneexfqc,2024-10-23 14:12:14
151feb23-af0e-4d6f-b331-cabc5801a715,Jiwrikupg,2024-10-26 00:30:54
e9f9fa1e-d8fe-4bd5-b59d-c8c2d5fade7a,Qsxanvtybbz,2024-10-02 15:01:54
deb3b12a-1084-4e48-b8d6-f84445ff61fa,Tholpzyu,2024-10-07 18:24:51
bc095fe9-1443-44a5-b549-b3eafa2eb7de,Onwsaahwxvqlv,2024-10-14 22:57:22
6d07b932-46a8-492f-a180-4f7882b770ac,Uwajluxkrfkwoui,2024-10-08 22:39:25
5ca7d1b5-1209-493a-8fa7-29d39eeec4b9,Ndelrzgmugymio,2024-10-16 18:29:00
ff12d4aa-623f-48e3-8bcb-fd9d19991531,Wxfirjcdnyoe,2024-10-23 04:40:58
8989d495-9b6d-4654-a581-4c778fa92358,Gzvuyfexrdvh,2024-10-03 19:50:55
40a21b67-64f9-468b-b339-1dd0e3e97b20,Iyvjwf,2024-10-16 14:22:58
211ab1b6-116e-4a97-b9dd-c533cb7c5acf,Unkdbcaiqnpsgc,2024-10-03 13:57:10
a360a550-e735-489f-9ec6-07b4df479850,Fmhyv,2024-10-10 11:49:47
ca3ed563-b05e-496c-b565-82b55af0507e,Mluilqrwakcfaaa,2024-10-22 15:40:46
5fd8a70c-1fc9-4a2d-a4d8-2fdab5305b04,Iahageluzwzto,2024-10-07 11:14:14
a69a2d0e-6409-4c0d-a6e2-87894d419e3f,Gszzriguff,2024-10-19 18:44:58
e0673795-7e9c-4acd-b4e7-c11b74ffac00,Hngdulil,2024-10-31 01:38:40
bd341e13-d748-4e7c-9b1a-51456ec12eff,Lsslvewvqeuk,2024-10-28 06:53:05
d74f96b3-8af6-47d9-85e0-3c6c8e21713e,Vfmjtciyrieiwjj,2024-10-14 11:48:24
a9cfa730-1f8c-4d8b-965c-6f0c95a2cdeb,Dlmprrvqsoq,2024-10-07 13:26:36
462afc25-b633-4251-b2fb-af15df7db20d,Hmyoyhxkakcgblg,2024-10-18 21:15:39
fcc562de-8f9f-4ed2-83bb-6a3a0145df1a,Owazb,2024-10-17 13:18:20
a0e2e3bc-2935-4926-aa90-87f4ccb65814,Xllttzgndl,2024-10-09 18:31:28
59450cf3-7425-4a50-8dd0-a89eeb1de7aa,Kygeggdpf,2024-10-30 20:38:19
88ab67e2-ae77-4387-9242-6b7a70cdcb6e,Wkballxgikgzb,2024-10-01 22:19:53
e9024196-fdc7-458f-8227-59115f8de2f5,Dnybb,2024-10-01 12:01:43
b7ffb741-a126-4f02-851d-8a993a9dc55f,Dwuqnhkxbcgji,2024-10-20 20:49:13
74ac61ed-3442-44c7-8002-8930a8871d77,Cqoygvhqagpn,2024-10-11 19:27:33
e3a42bae-e739-42cc-a4e5-94457a5d85ad,Ahbzqksxpxrql,2024-10-10 23:00:27
f29fb905-03ce-4d10-9f44-2e7a1d13b1c9,Lskwzb,2024-10-17 14:35:01
f74c87b4-d5dc-498e-b137-c55e1e9da270,Pwgnscxuyum,2024-10-17 02:05:53
4c9b4ccc-d810-4e58-9e0f-e5963abf809b,Cetsvvo,2024-10-05 03:59:18
17f47c75-9eab-46c2-b10f-17c61cb219d5,Jlsttrizxd,2024-10-07 15:55:27
25784ec0-e38a-4474-bc9a-9e09683f0561,Mewbleagqtpxo,2024-10-03 10:04:49
c1c4a9fb-837e-4bdd-84d9-45a7891384c5,Momhtdprazdk,2024-10-06 23:54:48
3a633bd8-4b4c-43df-ab2e-09f569bd1acd,Bxjswla,2024-10-07 07:38:50
f554322e-9a1d-4856-a2b8-90b27afb2a55,Ciwsakomxfgwea,2024-10-09 18:39:26
7784a946-f947-4992-aa8c-3b1d020b2f79,Mxqimpbo,2024-10-13 23:31:05
3d6dce2c-81f5-4636-afd8-ba52a090c65d,Bmpfx,2024-10-01 19:06:29
5d50bdfa-e953-4064-a779-efe05b5eef83,Shjqypwc,2024-10-14 20:10:59
6c022caf-4059-4a71-9fbd-adaad6420aab,Zyjhepmreyqzra,2024-10-25 17:56:06
4f3e2bf2-faa7-4868-8dc1-f4c675312b81,Ryovygd,2024-10-09 08:44:29
ec3277f9-9f3b-4250-bd68-5cc749286e86,Yxqctehyg,2024-10-08 19:55:40
b8982d4d-f1e6-4db0-86d2-f4267d9d522a,Htshn,2024-10-07 20:43:45
e2b110b4-8180-4bbd-a74d-d6655868da5a,Kxdadjeaihyle,2024-10-19 19:48:47
7cc79244-a3b9-4e91-a7d8-da8e0849d79f,Jtjqywuvadkwsrw,2024-10-13 19:09:23
1b0adfe3-05e9-4344-9b03-8b9d5ae28397,Utbfm,2024-10-18 21:48:13
9c1c2a8c-2578-4386-9b8b-ff3c63658c14,Jsagch,2024-10-12 22:20:33
5d2a0d16-2a81-4468-9f7f-9d9dcf8d8a49,Gfjil,2024-10-08 14:41:19
62d801ab-7b95-4ffb-8130-035df3e7f825,Mpnvhwbjnco,2024-10-24 10:48:27
1d972b19-ac9c-498c-b8a5-f1c0e0cd47fe,Mucpblrv,2024-10-23 10:42:58
5dfa4f77-5f8d-4e70-b51e-6b11bc87a0c7,Zggat,2024-10-14 01:06:27
a94abc2f-f3ff-4391-afaa-0d7da88b755d,Toonugjamnd,2024-10-26 12:00:23
6f3b5fa1-3554-4b29-b415-aa434b832f69,Gtjsuhytstj,2024-10-25 09:51:27
3a7354fd-7728-4629-86e9-3dfe8259ee80,Vlezqhh,2024-10-03 13:04:47
334e9e56-d61f-43d5-a6ca-43eb1ce4ddda,Tpfxjfjxikxkhm,2024-10-11 20:12:51
41934853-9f5e-4285-9a8d-b9ea41cc1dff,Okmwkfwqtu,2024-10-13 22:10:20
6e826122-31f1-490a-bcf8-044d2a2c4460,Nxlwihazp,2024-10-04 18:09:19
65d13548-218a-4dae-ae1c-28c6e13b6b98,Zurrl,2024-10-11 08:29:03
92496741-f728-4ee9-8e90-15af8d054ba2,Xdxvzhppldqyced,2024-10-09 13:43:59
86b86872-0d4b-4467-80b2-5b4dc6cba378,Nuvbeooe,2024-10-18 00:59:16
9255f447-0cb2-48a5-9ace-d5b7d2542f47,Rxtqeudlzh,2024-10-30 07:26:25
5f1ac773-b81e-4502-871f-82586d0ae2a6,Xtsmknbubuf,2024-10-15 01:17:24
2f4cb50e-23f6-4afc-8fa0-739af1fec8cb,Hxishbhgk,2024-10-05 06:06:36
6186a925-a0c0-4e43-8965-abc07c8a4a2e,Yngnepdtklrve,2024-10-21 00:37:48
f83fb97f-b8a0-427f-83e9-3b5a78200a51,Zspianguck,2024-10-01 20:10:01
280a0483-46ef-4607-807a-df1fc275d7ab,Rzibxkz,2024-10-04 05:49:09
daeddf19-7381-43f9-a390-8fa12160011f,Yvqgspcqrpqq,2024-10-27 19:40:43
c1af7cd3-72f6-4f71-8701-6738e139fcca,Smgnndvhhcnemjp,2024-10-06 09:19:27
161518e0-7dc7-4d1d-835c-669e66da4879,Ahlqljo,2024-10-13 09:08:33
c89844fe-f522-4260-8a1b-93ad4876cafd,Zathtwsfscy,2024-10-23 09:35:29
90c878df-bc48-4339-a174-ebe3d7cec022,Ebcmkcagnnisheg,2024-10-03 23:51:11
2fdf3876-82ed-441e-9d48-500afdd824be,Vzhegugvegjw,2024-10-26 15:49:53
1a96b686-89b0-493e-987a-6a25e503f9c6,Zhvwaptvo,2024-10-28 15:46:24
f71618be-f610-448c-bb22-98607972504a,Vbofz,2024-10-02 07:34:02
e94f75e0-baf8-4fd6-9c03-02e155a2a26c,Hxzmfungfhgmgda,2024-10-22 18:52:09
5cb7c880-f855-47cf-bc4d-24773314c187,Avewrojqdmbjwr,2024-10-26 23:30:42
0ce54f13-fd61-4abc-b0b5-e9e3007313c9,Tjuwlrddtfwnlh,2024-10-15 17:16:58
5fe5aca5-7daa-4548-ae13-5c01ad1d605c,Nlnjgnqc,2024-10-22 05:27:38
7e9be052-82cd-4ce9-b28a-e61b06dfb6c5,Juirequacayy,2024-10-23 12:52:42
067e2a24-7f06-44f4-8db4-c013f9411f95,Tmozpfavmiqwws,2024-10-06 09:08:56
cdb974df-013a-4305-a17c-d09c18791351,Ruhwvpgmf,2024-10-12 20:49:47
175c27a2-4e96-434c-83fc-b1b6e9788fb4,Bjghtm,2024-10-12 21:19:39
607bcacd-7410-45da-899c-ba152839a8db,Tdddu,2024-10-04 19:40:13
428480e7-6ea5-45e1-968b-f4d562837688,Vkjglmjjjadbzw,2024-10-04 18:57:12
df5b9c86-b0fa-4ad7-b682-eb94ae3f54c5,Iitgwdzcjorzw,2024-10-13 19:53:46
2a656285-c9ec-4f88-b9bf-c6eddef5a8cc,Ocvyeazdpdnwb,2024-10-27 01:55:27
7ae50eaa-b64c-430c-827f-eb1ab85963ca,Kuobncxgshaou,2024-10-13 08:18:48
6f6f88c3-2f9d-48c8-a932-084b26def898,Wftdhvgksofou,2024-10-30 09:07:04
be680f16-491a-4b59-bd2f-860431c8e8fd,Xfhgk,2024-10-03 16:57:24
4f292678-93a9-4cbe-8f5f-34326f4c8d6a,Frzarygxux,2024-10-20 08:43:55
da0cc3a5-9ea8-4355-97f2-1b2025debf07,Sdzokao,2024-10-24 09:11:20
9b0629bb-8993-43e3-8923-d94bb0962a14,Xxikmhctncbpdhp,2024-10-06 21:11:42
2a244a93-3ec5-46ac-8fcd-2ed7ee23565d,Zlfsyoyjtgzfts,2024-10-16 11:00:58
99f6c626-6439-48a5-b8b2-336d9bf6ea1b,Tgtldfxggz,2024-10-06 00:49:47
d6851e9d-58e8-487f-a057-0356382ea81a,Jqhdklfh,2024-10-14 11:07:02
cae0e4ac-c770-45e5-ac84-46673af50095,Dktio,2024-10-27 08:42:42
da92a2db-6dc5-4cf5-9593-0d2f2d1fa1ff,Juokaocdsmgala,2024-10-12 15:28:56
87b79b9a-b78d-4196-8e44-f90ca7307c85,Packf,2024-10-08 01:06:37
3142fb28-82de-47d8-9c70-8b785485f735,Wehgndg,2024-10-11 06:06:17
cecc37cb-91fd-4887-ae96-72433abe398d,Hkeis,2024-10-29 01:44:41
233960e7-0015-47e6-9812-3a91067e973c,Rgxyujqyjrskww,2024-10-18 09:50:40
498f65ba-e4aa-4e63-ab20-e00d594e3692,Oxpyxnxsj,2024-10-03 12:44:39
bf4c7481-9fc9-43d7-8e27-c0e46080e7e5,Gsbvjdiahufyfwh,2024-10-11 21:23:24
8e082ba0-2422-4712-a34b-12d1ec7a74a3,Jybjhizz,2024-10-23 00:43:52
cd285cc4-bfaf-4f34-b34e-725fefb8f2e7,Nwigcue,2024-10-29 16:22:53
99fd32d3-bad1-402d-89d5-e926b682ea0e,Iotzzvexq,2024-10-22 20:55:03
d04702df-7b7b-4c01-acef-152250fbe2e7,Bwishbuvy,2024-10-25 04:09:51
3828698b-b9f1-491d-8896-d4be9fd598cf,Gesnrggubat,2024-10-13 11:49:10
fbc96b5a-f8c9-431e-92d6-cdca1a884d11,Skarhcznwkr,2024-10-11 20:38:13
9791405b-d660-4c65-bba1-e69b47e09252,Hhmzknd,2024-10-08 17:18:19
9ad4ba96-3646-468e-bc86-c59bb10c0671,Sbvjigz,2024-10-19 22:16:04
1154cc54-e0f7-4436-8560-734715c1984d,Tqhue,2024-10-13 10:13:06
4ab9a03b-ca85-468f-bec4-642fadc6cf92,Dtdwaehoo,2024-10-11 14:21:35
27191fd4-3e93-4990-9721-766d4fc1e3d2,Ayjux,2024-10-16 08:10:56
23df69a0-63cf-4e91-9739-aed04631670b,Afygess,2024-10-09 05:20:20
9d5bc5b0-6a07-4327-a470-91f430af8b8d,Cxgnmzkvvx,2024-10-25 05:47:37
b88ef6d2-b6c1-4d98-8c45-6edb40648c9d,Bctgghrgyprzm,2024-10-12 17:50:46
4b28cc60-1e66-4458-b968-bb56148a7fad,Azmagle,2024-10-13 19:11:39
b14aedfb-69a5-4114-a88f-f4a5beabb08e,Hzwpwe,2024-10-14 14:28:36
9ff69d4e-0df7-46ba-9a63-1903557ad127,Unhdarxnglyprwt,2024-10-15 05:50:34
affb79b1-7495-4b75-877a-69c2d2730635,Omybimvnknfdxy,2024-10-15 12:12:55
d76201b5-15e6-4833-ad9b-62b7c5b423ff,Estemqng,2024-10-25 07:48:09
746b4d13-214e-43e8-88b4-9b0cdd7d7736,Dhcbj,2024-10-19 01:23:27
1e8a016d-86a7-460e-84b6-952dd47d2604,Lfhvyun,2024-10-11 23:57:28
d5b91c0c-2107-4384-b427-58891fe7c780,Btjzyzjixxmpct,2024-10-16 09:53:24
695e0fec-2c79-4419-9e23-dd5d1d60c2a0,Yzfogf,2024-10-05 01:54:08
53b61e5f-e948-49a4-8695-1d44a69e0b2f,Uefehotr,2024-10-26 10:22:40
a9352a6a-6e42-437d-a92d-a14121d5bde9,Eojumbibuqf,2024-10-04 08:55:52
222d8756-3326-4d0b-96b7-fbba27c2a08c,Tnjfchokmizj,2024-10-08 05:32:21
8afd49fc-438e-4b23-9949-701dccf9a565,Dsaqxqypbprq,2024-10-26 07:31:56
1877d47a-8369-4215-96ca-506ea808e08c,Htvnoybgdhpsyrt,2024-10-09 00:11:07
15dcb38f-90cf-46a3-b442-899d3deef669,Vazjssgw,2024-10-30 21:20:42
d30e32a3-e961-4105-b399-38d81aff252d,Klescsjrv,2024-10-24 02:26:18
e173f8e0-f150-4779-8843-0a2ab633caee,Ocunu,2024-10-12 03:49:49
5ca1d078-ef6b-4db2-b0e0-31e0148221a1,Dpfmspkry,2024-10-09 07:53:27
b7f4ad12-c64f-4092-9c60-5a5a6f8c6cfa,Kjlnxdutjwtbqld,2024-10-19 00:18:36
cae1a8fe-033b-4c29-be5e-828aeaad44f8,Awhed,2024-10-08 17:28:44
da41f651-062c-4aa6-be42-6deef3362181,Jhoqtqlqdn,2024-10-22 03:13:55
a93789a3-4242-4a40-bfff-1ee6289364ab,Acawfvzueorbuce,2024-10-28 22:54:43
1e6c010f-ae6f-4890-81c4-b81eb3163deb,Kvxbbfiszz,2024-10-16 22:27:31
7b388da5-b4d2-4502-8af1-e8371ce0eb07,Xmrnqtctgcv,2024-10-04 05:00:56
4bdfe737-a83b-455d-946e-146ba76167b5,Zzfnewmgv,2024-10-05 16:28:44
3c9edc01-c60a-4bd6-9639-ef49fc34cd9f,Roiijxkuev,2024-10-13 18:42:08
b928db46-b7c4-479a-a60a-ca0c29a3ec49,Pbkbb,2024-10-09 05:43:13
5d54e0ee-0154-4eee-b086-9183fba9991c,Hitdroujqdp,2024-10-22 17:55:19
4e12a6cb-20d5-4a64-ba30-d55df71ed6d0,Wrdnlemcpmfxysc,2024-10-24 15:31:05
360b4f9c-dd63-4743-a924-9442731c582b,Ujjtj,2024-10-14 08:31:52
ccc9c386-6f72-4078-8839-97baf0ee9ae6,Twlmwenue,2024-10-30 01:24:24
69abd0b8-4a3f-4ad0-b1d3-fcdc11f7df09,Smugebibtb,2024-10-05 13:00:25
c94d8337-44df-42dc-81dd-08734b93e684,Ipqvlsdeuu,2024-10-25 02:42:05
2ea725c0-cac1-47bd-ba62-ee40de0e88f0,Qjygyxgymcbj,2024-10-29 18:14:03
a258200f-1b25-4521-b36d-6e235518f177,Nzdka,2024-10-30 06:29:49
1ed4d396-42a7-4baa-9165-c2d256d4126a,Gtyysaqd,2024-10-27 13:14:50
8ffb8832-4b6e-4409-999e-f5188a78a009,Cdyebscn,2024-10-17 08:43:09
2b04fd33-2f27-4393-a9ee-1cae94f132ba,Hixckcibdeg,2024-10-18 03:01:55
ca19f100-93bb-4e5f-a822-370aff6eb1e2,Madbqqoluhttlz,2024-10-04 23:24:47
834a9b50-fa89-4854-a75e-e7f383d768fa,Ytpysfvhmza,2024-10-17 06:30:44
729cdc25-f3ce-4b11-981d-3a2fa9f23580,Duluzvmtlw,2024-10-12 22:44:20
2457a143-fb46-4e1f-86f8-c1fd33ce8a04,Mlxtcouiskr,2024-10-25 12:37:13
0a6401a8-da6a-453c-9678-4a707160ec8d,Emtulhtdfe,2024-10-15 08:48:07
2745e89b-424c-445f-b0c0-a22bdcf89a27,Tmjdraj,2024-10-27 00:34:47
3516dacd-be70-47b9-91d6-4cacd7b13a59,Xrmzqeqrrtjozlv,2024-10-18 22:30:45
c9f3b4b1-be0f-4195-be18-590c7198cd5b,Azuxok,2024-10-26 15:11:31
a968ad78-e0a8-4f9d-a978-6e5da4d46ba3,Tkpltinnsskl,2024-10-08 00:30:28
3dc60eda-0700-4d54-8086-4c1b81cea696,Torenfhdzizb,2024-10-01 00:26:36
7aad59ce-f175-4aa8-afcd-3548660b1ea3,Obtyneg,2024-10-05 12:57:57
b09efefe-4855-488b-a0f0-5390a6e3331f,Knptprxvgedsgcy,2024-10-23 21:22:56
67269e88-f47c-4aaa-860d-49323a5bfa79,Lyzxouwn,2024-10-12 18:12:28
f62f4bf0-6e15-4207-91c5-cc5bfa5122e2,Tuvkzixypyw,2024-10-24 17:01:38
553e2c5e-18e2-44dd-8fdb-3f122fbc852a,Wxihf,2024-10-16 17:33:06
20ad95e3-a400-4d93-8817-768f6da20fa8,Ihvavihfpyrqfc,2024-10-09 23:05:47
453353a6-08d1-42b2-b5eb-7bab86a3335b,Hgbrv,2024-10-28 08:28:43
21afcf9a-7d64-4339-aba1-59de74bbe59a,Zzzplt,2024-10-22 12:11:45
85d7b8c9-702d-4f6d-a269-148906c363ae,Yaity,2024-10-29 04:26:14
91be3a20-10b8-456e-8e34-b863228aa4b6,Ycnxcaybdtetmld,2024-10-20 22:55:04
a57d6b1f-b8cc-42ce-a502-4947eb584ffd,Plrguzpbwcrq,2024-10-07 20:46:12
e002839d-fc2e-47bb-917c-2baf7d6f7aaa,Abacfumz,2024-10-12 14:47:21
bfca5cbd-e60d-40de-96eb-d1d52162d047,Fsyzmxg,2024-10-06 19:13:06
db77e227-481f-44b4-aae0-dd8ee952ae29,Wpnqifvg,2024-10-21 05:07:10
9afb7185-43ef-4120-a198-572e5974fc1a,Wuqcmfbawoxlvon,2024-10-04 09:13:50
cbdcf607-3b42-4178-a981-8f68ceb44878,Aeijyksuofqcvl,2024-10-10 21:01:30
95773aed-5309-4f84-93f1-48c6b2fe87f2,Rssqcikpxpu,2024-10-30 07:43:50
604e0dfb-0113-4e63-b28f-0308814e8aa7,Zeuaqigtrt,2024-10-30 13:18:28
8a4bc6a9-3fd9-4884-a77f-624de8434905,Anbwtsnm,2024-10-06 01:40:12
98401dc5-f6ab-4556-9baf-4250cc537e06,Ditrypwdpnwksvc,2024-10-09 21:48:00
5c917546-ba01-4fbf-8cc0-795ac3df7df4,Yqtdtxv,2024-10-03 08:20:31
cd783e4d-2f0a-446d-9e34-4ec9868f4250,Gnrjxbiukzopvmv,2024-10-28 07:08:21
d7f8f658-99a2-4fb7-9a9e-187fd439709b,Inmpwgofo,2024-10-06 21:24:17
9c387fe6-ca6b-4fa9-99c1-29970aacfab9,Gepncwfhxn,2024-10-17 06:40:31
cd858293-f2f9-4c58-b11a-c77e997b6d74,Yuyaxzccxghge,2024-10-22 00:48:49
80df9357-2115-4dd5-8be1-4eb48d5413af,Pksurj,2024-10-25 17:14:34
0c8ef0f0-e80b-4afe-81f1-b13725e4e781,Leqswnxipgbu,2024-10-30 00:52:26
9985a294-6ba3-48f1-962d-ba4aaca9ab07,Xkhsqeqrldcs,2024-10-24 11:03:21
83f0aa07-7f2d-498b-a4b3-53a0b6a4fd80,Pfxokjyurwpt,2024-10-30 22:48:43
076b1bf1-2637-4219-81b3-c94e08d0dec8,Hsdxpaadq,2024-10-15 12:58:39
66570727-85e1-43a0-9fd9-9eadeaf2f1af,Jkmgkvcbxva,2024-10-13 00:04:44
e3e8b783-e8fb-41a9-ba79-f43efa82db4f,Rkyquvulvkhjjjp,2024-10-14 05:56:29
c63cfc06-a6fb-4427-b691-e01b1fcb1756,Gqbhlblykbzbkf,2024-10-18 03:05:49
99195518-f384-4b66-9ee4-03a01dece0e1,Ubfxk,2024-10-19 20:53:12
490aba2b-40bd-4f94-8e08-6a0da7fcb005,Bxykyvmek,2024-10-23 07:14:41
c6bb57a0-5176-443c-accd-6ddd1e775269,Oyzicv,2024-10-31 22:06:27
3f1bb1e9-c38b-4a23-8bc1-05cc1dc3bb31,Nbmjcfzbkwqi,2024-10-09 03:16:11
4c6c4236-dcc2-4d0c-82a7-ee1cb93d96f5,Knndzjftzgly,2024-10-08 07:38:17
576bd366-9134-4c57-ae5b-00af2b36b5e5,Wyjdvor,2024-10-17 00:59:15
456f8a84-3036-43ec-ab90-8df5907ca247,Qrtelat,2024-10-23 15:02:35
6263622f-260c-483d-85b2-d9ed91790cc3,Artdfnnznaji,2024-10-17 22:50:34
442c2565-3bab-4c1c-89d6-d569b247cdaa,Zqabwfzpx,2024-10-29 16:55:39
63e19c55-50bd-4b9a-a528-2bac97ec9c74,Ecuklwubpntzoot,2024-10-02 14:40:37
72e45405-0a43-4487-934e-21e07d2f88f5,Jlyijmpcknf,2024-10-06 19:52:16
182e0c52-2fb7-4746-bcf8-d5924b77341a,Zepgicllkk,2024-10-04 19:20:00
008b24f8-9daf-4e2c-8cd5-833a4940c380,Ofoavitejhxqwb,2024-10-30 17:17:34
0accf436-9438-43bf-8145-dd968d784bf6,Hdnkbzhja,2024-10-02 15:23:39
77f6fcc7-a451-4ff7-94a1-db8c7d07d268,Ekvsvgjknnx,2024-10-18 19:21:52
f1484592-a445-43bb-8500-2fa253064d8c,Jmfascnyctxf,2024-10-08 05:57:23
642181c0-9e09-42b9-a536-e575c4772cf6,Xalvyhltgoyvukf,2024-10-20 16:22:21
8a6afd51-e5cc-4c34-892b-81385bb2c24b,Kiahrotg,2024-10-02 10:35:59
c77c2878-092f-4d41-ad76-43ab7ac61f81,Mbyodp,2024-10-12 04:35:44
057395ae-3d83-4b7b-a392-6d2bf3457cf0,Uywjxayjfns,2024-10-18 16:34:21
bad80853-ae29-4049-9fdb-389317c6e2ec,Kiqvxqmbffaj,2024-10-30 13:23:47
9ecaee94-95a6-4cf4-870d-8971e5e75dd6,Stsptghk,2024-10-23 14:45:08
a38d09d0-aec6-4728-9e7e-82cb1fdb5262,Mtbrqlj,2024-10-17 16:22:28
68dd588c-3b12-47a0-b221-93596e025c0c,Fjwayhivqjkrjk,2024-10-14 08:23:03
dc2db74b-278b-4274-a771-143477ba286f,Evcfibycybtfqs,2024-10-31 22:42:13
b8ccb801-5e9b-4177-8065-73a59f0cac3f,Mcahbmb,2024-10-25 14:30:02
fa142671-604a-4c71-9367-bd5ccee1dc0b,Jloqeojkb,2024-10-16 18:20:13
47f43a87-ccc5-4f96-ad58-31ae803a71a2,Mczfstgdjkah,2024-10-03 07:41:24
12a16b6b-c16c-441f-aec0-0f9fd911b509,Nwkxjyad,2024-10-04 08:44:29
1a7ca21b-7e43-4bfc-9967-2647b8d6b890,Xwsuqhvklsdd,2024-10-27 17:37:17
9820a747-3d24-4bc1-915f-97b3cc3b422a,Iflykhjhhxhcd,2024-10-03 19:35:03
3d845bcf-62b9-46eb-8dca-7903bb2cb590,Tklxfokn,2024-10-17 15:20:41
5a728b0f-1e15-4b01-a0f1-4b9eb917c2c8,Dfgofyjsmoxfw,2024-10-10 12:00:19
a2db11f8-d787-4a7b-b5a5-fbb0ba82fd6a,Ourjlfdnedetvf,2024-10-16 14:56:22
9194751b-3dcf-4295-86c7-33d053af6c34,Xuuwfmqzkcohfjl,2024-10-20 09:30:25
0e14c78f-54b5-4d99-8241-7b267bd2c265,Rfubucauuxxl,2024-10-05 03:13:28
dd363124-dbcd-4c08-9c59-688a902eb23b,Ocmyndfltlu,2024-10-08 03:54:21
b90de2bf-3208-4ebe-b27c-30053123d9ab,Wgzeawheuwjz,2024-10-11 16:24:40
d9d4e243-5c52-4302-a785-5f852ab9ed80,Klriklj,2024-10-31 17:00:49
6bf20d5b-1c02-4ba6-8cc7-f18efa39de97,Dmrbzggjlapgezo,2024-10-12 11:13:40
2994af80-b59d-4af2-93e0-4c590b574dd6,Dhpoiokqjnzssoh,2024-10-27 05:59:07
8a65e27f-8985-4e4d-baf5-28c93a17fbde,Lqdpyhxlhgiy,2024-10-09 06:02:34
e7bbcfe5-562c-424b-92eb-82b9c5e60e23,Nlohosgjlwdacbf,2024-10-27 16:04:38
7718c86d-4523-475d-bb9e-5981a3d25fb1,Jarzk,2024-10-27 20:53:21
38efbdf5-f0d2-4854-a3ac-2fd65bffa9cf,Jsqaetdblj,2024-10-17 17:17:48
2d54750c-c31a-4b97-8af0-3e810cbdefcb,Cpjyk,2024-10-24 04:23:03
12351003-df43-4be9-8ffa-fe9e19a12523,Mebed,2024-10-09 02:21:36
92931fa4-613b-47f4-b6b2-0402f796b8b3,Lcfwrndjzjwmm,2024-10-23 19:29:53
e7d04f2f-791f-4fc3-a99c-7d3ea560c793,Inowmskjf,2024-10-11 05:24:17
08bbcb97-5247-4ae4-acc2-3ee0eb2674c1,Tnfeptowq,2024-10-27 17:01:11
63599533-551d-4c38-9379-e559a41e7f29,Bawznbeqepr,2024-10-10 00:38:26
a915abd8-facd-4b8f-9884-387acdaad49a,Xpeqygcufauepvd,2024-10-06 08:14:40
caf3d4b2-3d90-48e5-8586-1714f57c5aa0,Rxbdweoll,2024-10-14 10:07:15
8d61f703-741a-442f-a579-2074137f1be6,Pjyiqdjgxqq,2024-10-04 18:57:57
61ffaa63-8aa5-4c00-9c88-b9ac7ea5bfe9,Gabgokdjyctlcf,2024-10-29 23:56:07
9a41a22d-b85d-4299-9e2f-46daef6cdd74,Kuyoiadajpmef,2024-10-04 07:22:59
cb30b085-b400-4de8-8bd6-210f845729aa,Jccacjpxdzaxe,2024-10-27 19:37:09
0a60411e-02fc-4c9e-8669-abb886a448b2,Lhfemhxyi,2024-10-22 04:25:41
91c0d3f5-d2dc-4aaf-b54d-3d906d82dd60,Idkactrnfcmfx,2024-10-30 01:06:19
cd7a4fb1-f93a-4195-a144-8259ae9d2228,Vdtwhqkmjo,2024-10-13 04:32:39
2a565430-1f3c-4ae0-b29b-9516a1fef217,Udkrsmyzdyzjv,2024-10-09 06:54:04
b5a280fe-62c3-4e2d-883a-2897328bea1a,Fbogcvw,2024-10-17 11:34:13
6e327c79-dab9-47aa-b4c4-17a4e3b2f49b,Xewqydkccbuwq,2024-10-02 04:31:01
0c879fa4-4024-4d2e-8096-164929cc72f8,Zahyihqsdss,2024-10-26 16:45:49
2c210e2a-3224-4b37-9621-f0ee70ccfb30,Oceaq,2024-10-05 00:23:42
9427eb2b-6806-45d1-9a66-13dedde65ed5,Yvkgoktn,2024-10-04 09:28:02
e310637f-12f7-471d-877b-18c7946c60ed,Hmhrifyidd,2024-10-19 23:46:54
9a82f69a-ca46-45f7-9e67-60cfcc99e0b4,Xhfpoqsobfa,2024-10-10 03:09:52
392518ac-4889-4014-a7f2-92d8c54808d2,Rgrqekrizddyg,2024-10-23 17:31:15
aea3c01f-3044-4d68-aa1b-17c883408ade,Acnpr,2024-10-04 23:01:21
e61fbe10-a6c7-4920-a6e3-46a841f0f496,Moaumn,2024-10-03 07:06:03
60b0930f-6dce-4638-9617-a2e49c7591f9,Qhvuywdd,2024-10-08 14:57:17
bf5d7dcd-bbfe-408f-a315-266e991d14e3,Yrfshdzvacbzs,2024-10-28 05:35:26
3fabb045-08fb-47bb-a57d-a0de40b09779,Xdcdxzpymmh,2024-10-07 11:13:03
69aadf75-5303-4544-a88f-5e8edee2ec48,Hojmcxrnh,2024-10-15 20:27:06
5afdabdb-71e3-410c-b909-a2764b67c6f2,Qkycjdyi,2024-10-20 08:46:11
0910c8d9-1dd8-45e4-9988-a05e405a0e2d,Dacernxrdtlexg,2024-10-12 00:45:51
632d97b4-3933-4da4-9dc8-aad68f4819c7,Jmnnz,2024-10-05 06:04:17
bad61c19-cbf4-4295-a6c1-377f9d8b066f,Txoraksrptxket,2024-10-05 08:38:10
ba4d6d97-3f55-42e8-b939-e451d47d83c3,Uppofmkq,2024-10-17 01:26:00
49839b17-0e1b-40b9-851a-86a47e446f05,Jlvvutiscyb,2024-10-10 08:21:15
d2b9973c-4ee4-40ca-827c-01967a9bd2de,Ofcnkaydt,2024-10-17 14:30:10
7c3dd906-3940-4c54-9a9e-d72d30a0f3ec,Fbkdyzd,2024-10-28 05:02:16
93b664ff-fe41-44de-b670-20f5db82fe89,Jwffrna,2024-10-05 17:15:46
b6b8bdf0-61d1-4753-8b7a-7363920494fa,Zzrrwlddoce,2024-10-02 15:03:15
7d5f7d90-3393-43dd-b0a7-0f2ed78988e1,Vyvhqebtqts,2024-10-06 14:06:44
8141732d-ccba-4a0a-b19a-b7f3fcacd969,Unzzqkfigz,2024-10-05 05:07:35
35daeb26-4b8a-4974-a600-4f2c8f6afa0c,Mzkxlyogsbyjia,2024-10-06 12:34:56
0106ccb9-d650-4e7c-8548-e7bdbef28920,Iiraccuxvbijd,2024-10-15 14:19:53
f7263a3f-1a2b-477d-af1c-9aef4f9d44d1,Hwlovdtsdgaap,2024-10-24 15:13:26
2867b386-36aa-4f2e-ae10-e80b2950d0ba,Otfmsil,2024-10-27 03:39:08
79902216-3873-4b1a-8df0-2b5ba6cbf720,Lrmbnnsbdpvcyw,2024-10-30 08:05:55
a4a5221d-1d8d-45e6-8546-cc17184c8b8e,Kwnkqcwexk,2024-10-21 12:38:01
5c6c69e8-6fbb-4335-bc98-deaad2ee26b1,Qpqrpm,2024-10-06 14:39:16
640aa9ca-cce3-44f1-bbdd-04234b0eb588,Gsykaoiui,2024-10-28 21:14:57
2d94dd10-6535-4719-93c6-15fe70f2dc7b,Nfinrpm,2024-10-02 20:26:27
8c50a70a-8af8-43fb-a34a-e762500c86e6,Qnakinxumh,2024-10-13 23:27:41
a71bf34c-d90b-4e12-a856-65568dce5f2b,Ctntbnmakejt,2024-10-20 00:39:58
b1ecc2a4-30a4-448a-b760-a2ce08a51d5a,Glblccpnba,2024-10-13 05:25:34
514ad28f-9c8c-4c54-ae4c-1aa491c63786,Hhfnhvctx,2024-10-08 05:10:23
c56d2250-0537-489e-82a2-186f4c8754e9,Xucyugl,2024-10-12 00:11:11
82be91b4-0763-44bb-a3c3-c606d7a98361,Jlgvkglo,2024-10-02 07:12:47
76b9eb02-f3ba-4299-8ebc-931295e2f4d6,Emahuaskfbtanbg,2024-10-31 05:26:27
931a32c4-6a51-4197-ad48-bf0682f460bb,Pknvsqb,2024-10-23 20:13:16
35110edf-c40d-4a59-857e-014281224045,Xtpco,2024-10-08 20:45:43
81345eb7-dbac-4ac4-b6e2-dd3ccc02e7c6,Vdftdrtcztlhc,2024-10-11 14:24:19
ddd54eeb-494b-4e16-b6d9-cc276324a003,Apkitc,2024-10-03 18:47:22
ead3639b-6111-46ad-bc67-0cad219a7f7f,Sehjzuximzj,2024-10-22 22:50:32
6f0f3f77-fb45-499e-9156-02a05088ace8,Vkcxoqugjhnndli,2024-10-01 08:55:56
36053ef4-8dac-4b1c-a3af-1299966a1318,Ptekvrmx,2024-10-23 15:13:43
fdf9aaf4-49be-48eb-8130-7ce3c5e96c47,Bdtymefa,2024-10-03 11:18:34
adf41297-5ae0-4b12-af30-628cf87bc83e,Hrmqcmyntwwirn,2024-10-07 11:34:41
e23bb082-1544-46e5-ac8a-df3fe2474b02,Swqybk,2024-10-23 14:43:49
a8541dca-f890-4602-a997-27bd9ac5944a,Mbbilqgznfh,2024-10-01 04:53:03
99db2f31-51f8-4553-a831-4c0fe1b0ea48,Qbntkhnlbkigjv,2024-10-23 01:11:44
6ccda28f-e4f6-4bb4-befc-ebc6b287cbd4,Hlrcpfxg,2024-10-30 06:30:04
6feaf0b1-820d-4da8-b53f-44761a77a5e6,Dkvaeranpaxel,2024-10-01 02:12:02
2f68a1cd-2545-4667-bf66-3c950f8a3f81,Qzbxefozuhmcrqt,2024-10-06 07:51:38
3e3cea2f-2563-4c8b-8390-5b3c422025e7,Xwkrkcwttut,2024-10-09 05:50:57
938f2302-2175-4782-99a2-389c59554c6a,Tdepw,2024-10-15 06:23:14
fbab4c65-6727-47e9-bad8-b616bb6c907e,Jwhscltsjr,2024-10-08 08:06:56
25363ca5-b3b3-452b-94bc-b6adc0f9d183,Ojhvyao,2024-10-23 23:54:47
65642e9e-7452-4197-9563-ea5c9129ae2c,Badnwwwxh,2024-10-08 12:12:14
8a9a3dab-bc25-4b8d-96c7-415179d1c41e,Xuogkggubjopfte,2024-10-06 08:17:20
9bfed805-b739-46db-99d9-2dcc11e3001d,Xwvxoly,2024-10-31 23:29:01
8d5218c4-8c9a-4d43-9c94-8d4acf8f0a7e,Ufjrx,2024-10-14 00:08:53
e9f188d3-ddcd-4b91-af17-f7eb0cea07fa,Rnrhdlugkk,2024-10-13 23:45:07
21647398-4268-41df-a2e7-bcd467a0d52f,Omstnyjndjjcg,2024-10-16 11:20:54
39f30951-cb2f-492f-8bcf-74f1d967d48e,Wkcfbhk,2024-10-19 09:36:26
5eaf08b2-d2d9-4847-8a19-0a4d050fbedd,Iixjkakqbzpgvp,2024-10-02 20:47:43
444e4f54-a73a-4701-aae1-3c480ac9c330,Cntpcephavpaztc,2024-10-20 10:02:58
49aa64d5-0acc-4ba6-920e-53e5fb8ef4e5,Vwkbevtyz,2024-10-19 07:21:40
6ad32f11-a1f6-4488-a577-1cf852285a71,Zpqeemrnvmtigtu,2024-10-23 11:50:35
21284f76-fd15-4dda-b06c-bb1b55fdccc4,Hqnce,2024-10-12 06:48:12
b9f1bf47-30c3-405a-aaa3-3909ccbc823e,Qsgelzdbusz,2024-10-28 17:24:22
00618aab-eb58-48a4-abc3-e22baef68d62,Bvneambfbrfvmwg,2024-10-05 12:28:47
31f51b1e-88d9-47e3-b56a-83ae0925bc7c,Mgiqyaqnzefqms,2024-10-12 11:20:45
fd199ee5-0d65-4b81-beec-b063996a9977,Hysjyarsm,2024-10-20 09:07:40
b8e11ac6-a96c-4f72-a466-be40378c01ba,Yfjzrlfawgt,2024-10-02 02:34:59
f84e413f-b225-4f02-9039-63a6aa207d19,Cstgtstg,2024-10-09 00:43:50
2f8af80d-365a-42a2-a6fd-befa7d0e4bc2,Catgfu,2024-10-19 08:09:21
76c79457-9e62-4ea5-a682-973d3b36845e,Pgyhl,2024-10-18 11:28:33
9ba9ed7a-5382-423a-a4f3-7d77f9e2e2ec,Yiozxaoyghmncn,2024-10-27 01:20:49
5d03506e-5220-4a3b-ac3d-be628edcfda2,Srnkzv,2024-10-26 08:09:10
d801f5f0-082e-475e-acc8-6c55b568a4cb,Ufwhilbjx,2024-10-22 04:40:11
d508a109-228a-45a2-a1a9-425955fbca55,Rzbubmqolrce,2024-10-02 15:17:56
10db4380-c320-4d2b-aeb0-4f53b17b3618,Gehyp,2024-10-19 07:27:34
29c30f85-2a0e-42a2-b033-b4b5682cfe56,Osewlvacjdwrh,2024-10-30 12:20:57
310cb1d0-dc2b-4695-b247-74784e23be77,Vavxgqi,2024-10-21 07:48:37
9abe29fd-f3e7-4fd8-837f-1e66bead4f05,Mxqjbnyabustvk,2024-10-30 08:58:14
79df1ecc-c041-4da1-8bed-073e7a311182,Jcodrw,2024-10-30 03:12:33
32835337-695f-43b5-8618-0f01b0e154b7,Fvqtbqtydwi,2024-10-01 11:03:45
86aef91d-46c9-41d4-84a0-19faf25f490f,Gsxpjenpf,2024-10-15 07:35:48
b439e96b-d1b0-4f08-b024-405920fdbb84,Zdlkgvrmgcva,2024-10-29 04:50:12
c545d297-13d3-4bf1-b5ed-328f5d3ba8c4,Zczfu,2024-10-24 21:05:37
fa74023b-5bd2-4e92-838e-65f7f50f21b4,Lzawazj,2024-10-28 20:36:55
8c03aa56-4107-4bbe-8b6f-038dd783ced9,Kevingbtf,2024-10-03 03:59:55
24ee2206-30af-45e0-b673-f7f7976fbcad,Rnohrnahrz,2024-10-22 00:15:45
c6b1c3c1-baaa-4fb7-b03e-90bb429bd6d4,Wikjw,2024-10-23 00:45:30
c037a5a6-c2db-4349-bd59-1e6db4b4c06b,Podcozqwrto,2024-10-29 13:41:44
daf1d834-77c6-4591-bbd0-a74b66f017c3,Ktdogikqof,2024-10-28 19:50:47
2abde37c-0b21-4636-bd40-91f74adf8e7f,Uqojocfaprahda,2024-10-03 22:17:18
3b886c9d-a19c-4f00-aac3-d15d9ec5d6c3,Kzepm,2024-10-22 23:30:35
8418b595-a025-4528-a9b0-12d11a435555,Knqkmmkmpu,2024-10-17 19:08:05
8920ea21-bf68-41c5-96ca-7f441215887f,Jhajjgydalasni,2024-10-13 04:33:50
f9e0dfee-3965-496c-be67-75dca5b5ab75,Vvhttfb,2024-10-26 21:58:06
102e8eda-fae4-4a72-b5a7-b973e2ceb826,Pomlkwaonpnpkck,2024-10-10 06:17:03
ae39d41b-95b1-4994-9186-b991bc079619,Vsajrczcirb,2024-10-06 21:18:19
1b48854a-5ef7-4a71-9af4-b845579463ba,Skmhdealjwihd,2024-10-12 17:24:48
6e2f4c33-c456-409e-aa7e-e6b6ae24e254,Qlwitsgo,2024-10-13 03:54:35
a48dabcb-a16a-4b0c-a931-a106be2500e5,Uazufcivhhfrg,2024-10-15 09:09:53
a457e546-11e0-4f23-8741-e1359f67223f,Twvwrrzwcgo,2024-10-21 04:37:51
67a16ce2-f7f9-4ef5-9969-502b786fd219,Ykvbdoxtm,2024-10-12 02:43:33
8a569201-4313-4270-b862-19e3856bf4a5,Rzolcxnozk,2024-10-17 08:38:29
3dd74e8e-cb98-427a-ab48-506698508eac,Pqvjn,2024-10-09 02:13:56
ebb1623e-93dd-4b8b-af67-51de636fa933,Gddzm,2024-10-17 07:23:57
8ccbb577-ede5-4be2-b894-ce0b3aa6669b,Armalivfwyq,2024-10-07 14:29:50
4a2c3c44-c0bb-4c8d-9a60-a93e3e3a8867,Phzsmfwhhitt,2024-10-14 19:23:25
bb73cf49-b6e1-4794-8716-681322393757,Gjufyzfie,2024-10-13 01:56:20
ea1d8458-7594-483a-8c4d-65b612399078,Boqtu,2024-10-06 18:24:25
c6c7a5f0-8b71-4583-a558-7e2a0dfe672d,Bclkcmcnbpgh,2024-10-19 23:28:43
f2ec9799-c03b-4355-97c8-b17046f58eb4,Wjqjfjgboz,2024-10-15 09:40:53
7b00be83-3b24-40a5-8dcb-fc198acd79bf,Gnfxwqtdvvvyyg,2024-10-13 15:42:09
ef0694cf-2e87-4e9e-9a83-bb8ccfd99e10,Mrsyyjpmbbjvc,2024-10-27 06:45:56
f5c20b08-fac4-4482-88ef-568f0bb9ebc6,Apydgxxlcfauex,2024-10-08 12:49:30
8bb7f995-9444-491f-a944-37819325d724,Jmtyg,2024-10-19 21:10:45
24f13215-d8ed-4727-9d56-5fcb96e672c3,Zewxcudk,2024-10-17 19:07:43
edafa9f1-54cd-42d7-86b3-f594075c7fab,Scjtupkjqtyros,2024-10-19 22:38:06
87ab9995-db2d-4b95-b784-461a9349420d,Cnviatmzka,2024-10-27 07:28:43
9b7ba2b2-8250-48f9-9de9-547e3241ac97,Qeqtowc,2024-10-14 02:31:53
4f91a2bb-5cdb-44be-b24d-27a8cb24a873,Dbikk,2024-10-14 10:15:57
0194ba61-7a55-4c4a-8c78-c56404a4e71b,Hesmxaauysqjfiz,2024-10-17 20:11:19
c8e98513-7727-442c-b3e5-58d29f953a42,Hbfksvqmnz,2024-10-17 08:37:42
9dfd36d1-3505-444f-a914-de90069b420f,Jzobmvznaaxnj,2024-10-24 00:50:41
cf9cd588-57f0-4237-bc32-e897f0f76d5f,Ntfopcoiyanmbb,2024-10-26 08:42:41
3b7a031b-12ef-4f66-8a71-5d379788fe64,Zdoafrbenroc,2024-10-19 02:01:35
cf6b7737-ac2d-4801-bdce-906e12fa4d07,Pactqeui,2024-10-16 17:23:43
148401cf-2578-4a68-8795-5aeb41a7e590,Ommphnbvrlqd,2024-10-31 19:16:16
e7b53307-7aed-45e3-a2dd-db7f3610a341,Gjruqvcirtrbd,2024-10-09 22:21:58
ebad66fa-6d30-4624-b8c3-91e5db3cbab3,Jjmyotuz,2024-10-20 12:07:39
2a929a05-2c18-4c9a-a2d4-1b7d897bc1ba,Ajqeqaaswdx,2024-10-14 09:25:00
e94ffb92-4a69-4ee9-9320-27a952ae6425,Qxglhmwivozgx,2024-10-19 19:15:19
2012853d-4720-44d0-9bc8-427a0d8c0d49,Oatclmguvj,2024-10-29 04:21:31
88df6294-7200-4017-9881-2f7995ca78fa,Emtylttt,2024-10-15 08:05:50
a9d9b062-1318-416e-9514-dfd595d545ca,Wpuxc,2024-10-28 08:55:31
8edec1cd-0c31-4868-8e9b-86cc5d802898,Psknkbboxir,2024-10-27 17:05:18
cc232298-5a0f-4a79-b14a-691b2163d247,Dphzkcpuimqdj,2024-10-28 02:26:30
11b71aed-84d4-43c0-90a5-29c3c67d039e,Jbaawgkpyj,2024-10-06 13:30:07
e4e789a1-9d28-457f-995b-29cea4d6ba77,Oeprrt,2024-10-21 01:26:15
5458f4e9-5e07-4e46-b0bc-8b8ff29f8d3f,Owdsds,2024-10-26 06:13:17
e3c79c14-4a00-41b8-bfcf-f8e73dfa49f3,Ontmrc,2024-10-16 09:14:33
34165073-4b2d-407a-8a13-8b46d2941534,Rauhkpjc,2024-10-01 12:47:31
d2b9a288-246d-46ed-8a43-f4e450fb3ac0,Mxfsquxcednvru,2024-10-15 18:04:14
579585b5-6c0a-45f6-a110-bc1a72d1d383,Pnkvwewxmr,2024-10-07 07:02:47
298abcd2-b75c-4fdc-8c28-13e9fc202a81,Dlnnm,2024-10-10 15:53:39
34571d34-c2cd-446b-ae0a-134ba1203ff4,Tgrdokhfm,2024-10-09 11:07:42
5f898ba8-b545-4897-a9c8-d9e631f46eb8,Gqewlbnuqiejw,2024-10-07 15:06:45
472286e3-c3a9-409f-b64b-80a0dea5f47a,Xqrcrs,2024-10-13 05:28:15
eaf41e8f-ef01-472a-831d-4a340de2d0ab,Yvkzaubdgv,2024-10-04 10:02:38
8c6f87f4-a052-4fc3-9f82-77cd6f1a04c6,Jyzztcurr,2024-10-22 04:18:36
a27ab5e7-e72d-4d31-b8ec-33028456992c,Iwucpt,2024-10-18 17:18:03
0a50158e-19d4-4a00-952b-9ec9dec68003,Qloyocqihzgnvp,2024-10-16 22:21:43
a7656ccc-2f1a-43e3-ab38-d549d62296bc,Whmsmjizag,2024-10-28 06:56:33
ed52b4ac-397c-4ccd-b5cb-491af8d3eb5d,Xqwjflqybzppbq,2024-10-26 07:59:57
d110e8f3-8517-413b-b220-6c395ae8d29d,Xpjyxpcgxon,2024-10-29 21:41:53
e8258bb2-39c1-40f8-9d9c-6ccbce4a8d43,Wpfakcam,2024-10-20 06:25:11
f98f94f5-5401-4027-9feb-96f9a0c27f19,Waocelnpduvd,2024-10-31 19:31:35
aaccdc79-64bc-480d-aeb4-3b487d2822db,Bddbobfm,2024-10-29 11:28:23
53b0431a-c382-4880-a25e-6cd85b7244e1,Zqgezxnm,2024-10-04 03:33:41
d9244fa2-894e-4ad9-b4e2-53658493cef2,Ajvozkoe,2024-10-16 08:57:21
a26b8343-6808-4f68-85e6-5e9bef768724,Spflqjtjvumanpu,2024-10-22 12:01:25
c17dcf36-b400-47a6-b772-82dd4bcfab60,Qmlblp,2024-10-10 10:17:50
4581b3e9-7390-40fd-89fa-81de3416bec5,Sblrlk,2024-10-10 09:59:08
1062551e-babf-4275-b560-b8cf02ab6ad9,Avtym,2024-10-11 04:08:43
d338d39f-9bfb-4d2d-baa8-a8eb264c5b29,Xmrpjjxqexn,2024-10-18 04:51:16
72e1bf0f-1e3f-4e62-b18e-43d991a6423d,Qxntjyos,2024-10-11 21:15:09
fa0e45fb-c6b8-4054-a3a4-9ae125387804,Squentnxdiu,2024-10-24 07:52:30
eef31f04-a820-4191-b958-828612e29b38,Qhxtxzcxxmzfif,2024-10-13 11:20:14
dab028dd-3f48-49ae-9ba5-6243bcd0da9f,Fnpix,2024-10-09 04:49:58
fe4957ed-beea-478a-ba1d-132ccbfec920,Sryjoohhtpwgqai,2024-10-25 21:14:42
5fb63d17-afef-43c6-a471-2c7142e10037,Imyzlyabheqbdt,2024-10-10 06:04:52
ee39708d-6985-400e-8072-e5deaf5bdbfc,Wfpgdvhhwaqhlsc,2024-10-24 03:05:00
46a7c229-e01c-4e76-ab37-43117e9a6911,Uxdqxnlywf,2024-10-08 01:04:27
28c2aa98-1115-431a-9bb0-7d303fa1822a,Eytbmsxwclqfpa,2024-10-10 19:11:20
fd86e105-7d76-4b5a-a0ea-c4898336b779,Ccpdhfzqtyrkfw,2024-10-20 18:47:34
0e6a6637-4d73-482d-8948-15ed591e7420,Hjhcrew,2024-10-19 09:38:25
cfd66b11-b1d3-4e0d-b2a9-5c0a8d06a118,Intcjeowe,2024-10-08 03:04:02
571454d8-a6ce-4b17-b74c-309a5b09cceb,Kujsetwevwuvk,2024-10-24 21:25:18
f5eb1b25-feac-4fb3-9f63-77adaf3a7ba1,Qeqfmehwvgnxg,2024-10-27 13:38:54
bdb86a0d-be67-4ae4-a0bd-fbbcfc7f9293,Fenpnnftcei,2024-10-14 12:52:22
ceb31b5a-37ae-4ff5-8019-94d40806a15e,Tlgoeoech,2024-10-29 01:19:26
c2300681-c1a9-4b85-ac6f-3b4fecd79b4e,Majfkwsuwaoeig,2024-10-10 09:28:48
04dcec46-fefb-44a9-90a2-1a57f3cadd05,Upbbfdilvctgkjo,2024-10-15 09:44:26
35f9c1cf-f19f-4946-a912-aa174ad9aeae,Usirek,2024-10-26 21:34:53
75d4a25b-160e-4fbf-af8d-033af92014d4,Wcojp,2024-10-08 11:25:07
a49cf0a9-a802-49fa-86f9-044ceda2d4a9,Ersdsduo,2024-10-06 10:12:16
7183766e-f77c-45da-9461-854d4d2fd20e,Cjnijcgpwybek,2024-10-20 05:43:33
1ee2b1db-13f0-4bb5-985a-56b6634eb1c5,Hfdbthv,2024-10-14 23:40:21
af2f8d31-b965-43c9-8058-78e4fd4a2d37,Lpqsham,2024-10-09 18:50:59
4ae5f8d4-7c59-41cf-a140-2d8176270881,Nfmzgestsipymyt,2024-10-14 16:58:40
8c3bd7aa-a104-4aa2-b1d5-e21400d1320a,Zzswlnrmhsmz,2024-10-11 02:08:25
48dd90d6-54b2-4af5-be7f-aedbab027da0,Yylxqnkhjczvad,2024-10-07 12:39:39
8ad7a8db-c454-4f50-865e-d0b7ea801ab6,Nqvjnb,2024-10-30 23:20:35
1eb15ad7-d471-4e55-9443-a82908eb173a,Rsbhn,2024-10-28 06:56:03
5344e81b-7d17-412b-9b30-7047d5a1a300,Zoqalwe,2024-10-26 15:50:47
3dbaec86-dacd-4dba-93f0-6f47c1f76c3a,Fgrzqclnynyuqx,2024-10-24 07:22:57
1ba61dec-34d1-4d2f-bfbc-38e7c4660eb8,Qsletniuyl,2024-10-21 09:20:02
4ecd5b41-22a9-49cc-9a93-c56d6f8fcd99,Bkwniqxdjfj,2024-10-07 11:24:03
e66f4c53-9353-4b39-885e-a24ac9511a3c,Vydqpbgkh,2024-10-14 08:32:24
ba001b63-9e80-4dfa-ba52-88153e3bcb89,Uxqcebwfjl,2024-10-16 11:38:16
e616cb40-bf0d-4c75-a090-93c1a986af42,Cirbndriglleao,2024-10-28 14:38:44
84e6c8fd-3d3a-4e83-bd2b-78552444d690,Nnbixne,2024-10-07 15:27:30
a7966292-8e66-48d4-829b-fbba912ada42,Mopxna,2024-10-04 14:08:39
31edff7f-0537-4176-a0fb-eab4f3e74615,Zftczjzfpkinpv,2024-10-26 20:49:13
8eeb49a1-10e0-4a9d-9806-3cb2452610ab,Uealguhl,2024-10-31 03:07:53
e67d4e7e-88ce-4461-9ef4-99025693182a,Idwyjmh,2024-10-27 00:08:55
9823369d-e496-4bcf-9f4c-e26819c6596a,Mxwed,2024-10-15 13:10:00
590525c2-a09a-42e7-8231-db1783a5cbc1,Duheyslhylys,2024-10-20 22:28:42
0724eb9b-fce9-4b14-bfca-0b382ff42822,Vjotywgfyal,2024-10-22 10:08:44
8ea9287b-d395-49a2-b432-392b2f4303f7,Kwlexbep,2024-10-01 13:30:45
71052bff-27c5-4c85-b5a3-cafcd567f4d8,Mghbz,2024-10-20 00:45:12
8c533478-69f7-497a-a998-8ef0e78e3533,Nynubdvichmfqq,2024-10-09 07:07:35
6a3ebb4e-8cd2-4801-ab55-81c351244b5b,Fsksrdmtrsrx,2024-10-26 13:39:30
47085971-827c-49a5-a9c3-cfb42ffebe7e,Bnvlfehuyuvebmu,2024-10-11 15:13:27
45956a22-78da-4efa-915b-c29e0e1ab9d5,Yswstbfghvcy,2024-10-24 01:00:14
48c75960-cdbb-4b81-8342-b20ce7092bec,Vfscw,2024-10-02 04:40:43
11262411-7f9f-4097-918a-424fc0ce647a,Zepaytjxplll,2024-10-17 01:17:17
a18aacb8-a9c2-457d-91ba-197baee52403,Npeiuucypdqpp,2024-10-13 07:39:11
8554aeb8-8997-4216-b71c-29687c2e3e38,Nrttiqbdtysy,2024-10-17 13:03:53
6ec18277-6189-4887-95e6-386d90197aab,Xfxncmxmyhoomi,2024-10-05 21:01:29
82de7e2e-ec59-46e0-ba11-c70d8fb55da2,Hdmzcdkofxrc,2024-10-03 11:25:28
6aec4ad9-2d14-49a4-92ba-803e5710765e,Hpgkaxbjwkpqcel,2024-10-15 13:19:38
02c2b4d8-140a-4838-a801-ec0030da3ee5,Suitk,2024-10-02 08:38:25
7d8b1552-d98a-4afe-919d-5a383aa0e540,Sgvjjem,2024-10-20 10:16:23
a9e67d0a-0f04-44ca-85bd-a7fd49add972,Kpofwhwybgoi,2024-10-28 09:06:41
800396c5-6e77-4b83-96e9-a90e4c30d1a6,Jrsrteyojfaywg,2024-10-25 16:11:20
93b4e018-0033-4c23-bb76-48e0d753a366,Fsxebawtgtkchvs,2024-10-07 21:05:37
fca9742a-8674-4c5c-95ee-bdeacf76bc18,Vzjdkprklpz,2024-10-14 21:13:15
6086d381-a881-4e81-9bf3-60cccdf726d7,Pahdooe,2024-10-13 11:44:11
8e0c8aee-2edb-427c-879d-d591166b5fb0,Zskxrt,2024-10-29 13:32:01
372d9a3f-2c66-4a5a-b6d3-4a15d41fa134,Oxwmlswl,2024-10-25 08:39:11
48fec77b-9f02-4ef3-9cdd-c17f708c4aa7,Jkxeqgbelaw,2024-10-21 23:06:32
31abf606-009f-4018-8d2c-36a9953513c8,Stsbwnb,2024-10-29 09:22:01
9dd5f12d-d8cd-45d3-8ac3-37b78323beed,Vjcyltrwnsfi,2024-10-16 15:07:44
2df9be90-cc41-4774-9f8f-0e27f4fde4c6,Vgkgnkiodkm,2024-10-30 21:50:13
ee97c104-f9b9-4bc2-b205-3193a514fb15,Utlemxmkxdue,2024-10-11 05:05:02
0a90f54b-d098-417f-9b38-9585b62bb152,Xdadfyonb,2024-10-19 04:17:32
85b70bf6-eb47-48d2-817b-12ddbd654f2c,Eroojm,2024-10-06 21:28:20
7a9e1192-e0d2-4f5a-b3a9-cb45a72dd3dd,Lbyiz,2024-10-01 12:47:27
b70472bc-b09a-4791-b3db-50616fd68f91,Tzsbeslhxofrm,2024-10-18 13:14:56
7313b3c2-252c-488e-a807-869389ae1dfd,Nimnmfnikkhgsu,2024-10-21 23:13:31
f12f8357-d24c-44be-b2a7-97992e25083c,Crtzheqme,2024-10-26 19:26:58
5bdd9cb6-9441-4024-b990-9ba58fe05e1d,Jmurvz,2024-10-20 21:31:25
1a24ccb9-4d7e-4173-970d-a22238d0202e,Weqoxog,2024-10-24 01:44:47
a05e9eec-26a2-4e6e-a002-bcf2a3a1ab94,Hpwtjjs,2024-10-29 18:07:59
361aaeac-471c-49d0-afb6-792172304ba6,Xcvzxsjpe,2024-10-10 10:51:17
a8324eff-0696-40ad-b8a1-2bee24924e8f,Fyhcb,2024-10-04 07:17:58
812825d7-4c0d-4395-82ed-e51732839b25,Fuzwnmz,2024-10-11 18:30:42
991d3916-3d5f-4431-956e-103e67372d0b,Ljthpzu,2024-10-05 23:07:30
b7177b74-8b42-42de-80f1-c713553a18dc,Tjgwgsmjs,2024-10-24 21:18:46
5ce190b7-6045-46e6-bad5-e7b299c90da7,Hkvgcheawcsj,2024-10-04 19:17:00
27ac032d-d78e-4331-a195-fccd4fc1d626,Mcsbqzbl,2024-10-03 01:12:02
7758c819-551e-473e-911a-c1018edf1048,Xoxlenytomhlvgn,2024-10-15 20:44:01
b79612cd-8aaa-4250-a860-4403595a9a67,Sulss,2024-10-30 20:57:43
eb0744ff-ddc9-44fc-a7b1-0e17a7d162f1,Sfijmqsli,2024-10-06 09:44:22
14686ec0-0950-4340-9838-6448ea5ee0bc,Ksqdmngxbxjxky,2024-10-11 12:53:02
2ebdddd2-9582-47f2-b9fd-708142af698e,Nnqxigizsbjcc,2024-10-15 00:36:54
207ac9ea-81c4-407f-af72-6d5938ab6d7c,Uheji,2024-10-12 08:58:36
96d22cf0-c887-4beb-8c00-5bfc5d079c89,Xgjnjvazv,2024-10-28 05:23:03
1b0ddfc7-03d4-4b64-a0f3-6f8d07f07da4,Deigxctwi,2024-10-23 22:50:48
3cfb2f5d-9be4-413a-a4a8-46c63c4bf0be,Xmxkvpizevpjxu,2024-10-03 02:33:40
f49a1011-bc88-4293-9b33-a4d69bbb0d36,Itcmrwhhjrxfiul,2024-10-18 10:10:15
a1c5c1d1-6ff6-450e-b2a9-ee50efe1440c,Raeaogzunekxfym,2024-10-25 17:54:48
217b0ab0-ef18-4e9c-ab0a-bb556ea8aace,Cmkhrbgckicihve,2024-10-10 12:26:01
1b6ca080-88f5-42de-aa1d-9e18d70ab364,Nnfklod,2024-10-25 13:26:44
04403c4c-b86f-4b22-be09-edba5b2ee747,Rodpprjrvcgt,2024-10-29 17:59:07
45130cff-9f20-4ad6-a580-840aa6771fec,Urngijffdlwzyx,2024-10-28 23:25:22
2a0da3ec-310f-472b-a989-749961e96996,Vobulmqiuwhr,2024-10-19 08:17:19
7246e9db-e398-4bac-ab47-462697eaf181,Psqlcmufhyavqh,2024-10-06 22:24:08
25ec0288-9a4d-49ae-a40e-f85116f812c7,Dlxgcgoeuuftirx,2024-10-16 03:32:17
8039d610-9d13-49f7-8d98-3f5b6704446d,Xjjho,2024-10-15 14:22:22
6f25e618-b35d-4bf8-9624-74e6c8cfeadb,Elfpvkoqdrhhkca,2024-10-06 01:26:36
a1f01b98-94c9-41be-9806-7bd3d01dc08d,Phrflpptmq,2024-10-08 16:04:26
e72508cf-63fd-4234-809e-0560e00f669f,Gvqfaj,2024-10-22 08:04:58
14617b93-3c5b-4fb1-99fd-00d9ea1abde2,Riztyrtbrrspxse,2024-10-11 05:00:17
8e4e6cca-a4b2-46cf-964a-47288ea0aec7,Xdcsaxujolrzjy,2024-10-28 08:23:09
20eef230-1933-4253-92bd-d77258bfdae4,Wjfcggzvkphqrcl,2024-10-03 19:30:04
e2ffc501-cce2-4d47-905a-4205b2e1adf4,Dninzkg,2024-10-28 02:41:42
5b4f92f7-e934-4dd7-9828-1e371b659502,Aozqtxpjerg,2024-10-15 17:14:11
183b5b8d-3383-4ccd-8c85-480d43b32cd7,Yuysvtf,2024-10-06 09:59:45
7ff22341-1afd-45d9-83d8-8b9763e967b6,Hzvcaxtou,2024-10-29 16:06:10
15fc6056-ad92-4dbc-99dc-b756e88c77cf,Fefpuisthfkf,2024-10-25 22:44:30
66d8de45-226d-4033-8900-0ee437bda495,Jplliw,2024-10-28 19:41:09
4ceedc88-efcb-4b3e-ae72-fa904ca1d1ab,Glhadpmfqv,2024-10-13 23:00:59
68571944-97ab-4c99-aefa-71b1f5cdd67b,Floknpfwqapch,2024-10-31 10:28:07
c4299bf8-99fc-4f5b-931c-389949d999c8,Xxpyz,2024-10-25 23:14:26
e892d054-85da-4586-9d87-6c28d0d3879b,Ohvtnotpnulzuly,2024-10-19 19:48:51
0cc0605a-8f53-4ab4-bcd8-265a011becb0,Xvufnrqlpyy,2024-10-09 03:48:48
b3d34d81-3dbe-46e3-83f8-b60aee0affad,Afpsqnrb,2024-10-17 23:42:50
59ce18e2-15f8-4a76-a83d-0432b7c832bb,Sevwblcii,2024-10-25 06:19:49
56fd3059-fd8c-4d5b-964b-2e3cf0b96361,Fbgxbw,2024-10-28 18:22:27
c1bfa84e-3be1-4904-bc97-7166be544dd6,Iivmaktz,2024-10-18 23:50:13
ce564fad-5c6e-4964-ad30-90e845281596,Qkoliidyduy,2024-10-31 21:22:17
b030df70-8f71-494f-8be8-49d8c4a6cf69,Xvhzaaymid,2024-10-28 06:03:06
c3ae0feb-57b5-4dad-938f-af8ca46a1a42,Txnhwivafevmmr,2024-10-25 05:52:05
f6a21856-d23b-49f7-aff0-1ae9df238880,Mqchhyi,2024-10-25 09:59:57
5b2532c7-d48b-485c-8fb4-1ae71188e644,Shjpprymblbonzz,2024-10-19 06:00:38
7413b693-94c2-4586-92d1-9f9898604d4b,Xjvwim,2024-10-28 20:58:29
99fa8f75-9be4-48fd-af0e-40267b3dd53a,Gzvev,2024-10-19 02:24:32
55f85bb0-9a2b-4b3c-a759-23635b71e3ca,Pjgkmab,2024-10-21 19:49:03
d8152fbb-ca38-467b-b650-0932362343ac,Cbmhmvpcyawl,2024-10-28 06:01:54
d20228de-4ad1-4135-b61b-43cc67987533,Rqfpjhazotzhz,2024-10-02 20:48:51
c0ea2d59-d178-488a-b566-f42432d3f7bc,Tigghxpkiphsb,2024-10-02 06:37:31
8aba6d84-f217-4ef7-82dd-fdc33742dff2,Urvsdkqbt,2024-10-02 13:48:00
31a5f66f-b766-4488-9acc-2d37a16bff95,Fgock,2024-10-24 14:42:20
cad4d7a1-8c2d-4c6e-9dba-a5bb616ceeb1,Vchzmadwe,2024-10-27 12:47:21
c596de4d-a233-44e6-8e7b-742a4e6365a6,Hduhewwaqjliq,2024-10-24 14:25:36
86d4ce37-a86f-4d7b-a0e2-71003b72f191,Kuatrawpqvgefn,2024-10-20 23:08:41
d9562293-c812-48ea-b4c9-dd1dc85d8131,Mzlslxr,2024-10-13 03:46:40
c192e1c2-80cb-4dc7-a345-2a980bee5e0e,Bdrzgb,2024-10-10 06:03:11
019e080a-f297-4c26-939b-f835722a48a4,Pgzocsg,2024-10-31 15:10:43
b4ebca6a-e608-467c-af32-1038aea37576,Kssujhlu,2024-10-05 13:58:12
34c15427-0702-4d31-b7f0-322daab49e1a,Putodfhvgntkr,2024-10-12 12:33:28
c384ffa6-6fb8-48b1-a4c1-845f8fc67519,Rolwnq,2024-10-19 12:09:23
70f4533c-cb62-426d-9e31-a1bd24af81d1,Srayrfju,2024-10-15 07:25:00
dd1378ba-35da-450f-bdb3-06e822c6ebb5,Odszvqkwmbfn,2024-10-05 13:21:53
36d980a7-c046-4e95-a805-6456897079b5,Igumueebre,2024-10-26 15:35:39
1c3f2305-73e0-4bbe-9b75-7e83b682c7df,Ffnpffuxpd,2024-10-27 01:24:28
0dd8b7f5-b351-46a0-82ae-1e046137ef46,Eymaeqdoxsboag,2024-10-30 21:50:28
37af5da3-ea02-429f-a547-ec4532c1423a,Upchztqlswa,2024-10-02 17:33:00
2a65adff-704d-432a-bbe6-775aa589c325,Dpwmyw,2024-10-12 08:10:51
e6ba1fb5-34cb-424b-8086-865451e4d714,Lhdrbqppdyrrlg,2024-10-04 15:07:06
3aa7ee12-eec2-43dd-bfa1-2f634fb2ace9,Wgltuwrsiin,2024-10-24 00:41:31
b722d8f5-c518-4737-b48d-b2d4f8825d62,Txcoxinybyszhzr,2024-10-28 17:31:00
85e2d16d-702c-4382-99ba-8ddb1d117a51,Pxjer,2024-10-14 06:50:23
463080ae-1818-43ec-b1de-d00861c46677,Abypglodrpllbc,2024-10-23 13:42:31
093ce89e-e9f3-42f4-ac19-6ce6768db9b5,Xvhuebqmjanr,2024-10-03 12:37:09
96130100-2a0d-49b6-b580-08e777028cb7,Trlbjajmwfci,2024-10-16 16:17:51
94d61b42-831d-4fdd-93af-a93b13ee832a,Usqpap,2024-10-06 15:37:20
20205cc1-b9cd-4d53-b53c-0bba24a32000,Aaajrmiplo,2024-10-27 13:56:31
c9ab015e-e0ef-4dd0-a71e-ff0ffb094d6b,Nntrjspawbto,2024-10-05 12:12:22
ded84c27-6075-4ca1-bc23-7605afbb148d,Wyxuxgzq,2024-10-25 05:34:17
8fb05eed-088d-4670-a549-c023d1754cc5,Haltjewkw,2024-10-24 22:02:36
6db62428-4e50-4d9f-99c1-d2789ee84c41,Ezktc,2024-10-20 02:58:12
3e526557-eb3e-4407-bf4e-221a58b521f0,Nikreenn,2024-10-04 14:08:32
32bb6ae5-e890-4cab-adf5-6270f57a406e,Odlcppqyni,2024-10-20 01:11:56
582e6a30-98c3-4fa0-b82f-c0b4b9c7497b,Iemeijong,2024-10-31 04:40:48
29844191-3a20-4a49-9d22-7ca4954d99c9,Jesxyg,2024-10-11 10:10:59
2795d247-b256-4427-a86d-5f43448c4cfa,Rupeayeir,2024-10-16 09:24:23
49e0094c-2805-406e-907a-67631c47e6b2,Nzpthhxfwjw,2024-10-28 05:20:29
eb45ebc8-a1ee-4b5b-b3e1-a6e301a5ae46,Xffqeolj,2024-10-12 04:12:14
fd8d1421-47d6-47f0-b106-6146b187e592,Ytmjmj,2024-10-13 04:41:27
ed59ab16-1cfa-4e4b-9cfc-827e4230932c,Hrfsnbcf,2024-10-22 07:12:50
52331131-2952-4f4d-8f48-bc77e87494a4,Npiemd,2024-10-29 03:36:37
745e12a0-7ac5-46fb-9ea7-db7557d454c8,Ykigxh,2024-10-06 09:54:05
caa2f53b-52ea-440c-a1fc-9583203da54e,Ciooqyjxmovb,2024-10-18 10:04:19
05dfbc76-6f70-4f11-9ead-cb94222d677c,Ihmmdfrww,2024-10-01 05:15:44
c40215e9-cdf7-4086-90be-27d27012fd51,Lzaftoeyqhqiwv,2024-10-18 13:37:37
d063618b-d6f7-4e9a-9ba0-df6ea74b715c,Yiftijh,2024-10-15 14:35:16
8ab144ad-5598-4d38-9d93-1bc562fdb693,Jjwaczcqwgczrts,2024-10-04 02:29:39
5445bbdf-6cfb-4102-8f5b-c67dabde78d2,Ddwtjrig,2024-10-28 22:29:34
f238a836-366e-47e2-95fb-72300daa0714,Qhcktxn,2024-10-30 12:42:16
3d227137-64e4-4d40-a0e7-805159d3062b,Ntslockejph,2024-10-20 08:28:24
c06340fa-b17a-488c-8686-392257ce30df,Mpekpwucpinhvb,2024-10-07 08:55:35
adee5312-b9cd-4149-868d-1b0a86aed7a8,Qiuewhngxpgchdp,2024-10-14 19:09:23
630779a9-63a9-42e2-832b-6af54f1d580b,Qpuot,2024-10-02 11:09:50
4b599043-7053-4baa-bb79-5297a4f06c4e,Mfibiafrwfjttpf,2024-10-08 00:44:40
51c2d8ee-af62-40b1-af15-672084af5442,Wffgthobafx,2024-10-03 08:24:31
27933ce4-59cd-4520-8560-fa5e10acade8,Nmuzrkndajwv,2024-10-25 04:17:19
6b35d647-ddef-428e-99c1-894017aa6927,Tcsltenhydaigh,2024-10-04 22:48:48
97eaf94c-1108-4ee6-b044-9e782f59a595,Awhiepkz,2024-10-14 03:57:27
e9acc561-7349-4c4b-9144-78bcb8bb656d,Ielfuj,2024-10-16 04:14:03
58f6045e-ff88-45ef-8d60-073fc781c3d5,Tvzybnplob,2024-10-22 03:11:13
23a645a7-c572-47a8-b6a8-373f9b035319,Binihw,2024-10-27 03:29:40
212e5c9e-ae46-405e-bf18-5a67d4c9d529,Rnoeezjznth,2024-10-28 12:58:14
34720c20-aedc-453d-a00e-d4b169e8bae9,Gthnd,2024-10-04 23:20:26
cddfc7f1-9a39-4cd6-906f-9e34b11c99c4,Nebabkrfvyvzooj,2024-10-10 15:27:44
bd785a17-be61-4e48-a959-33be6012676e,Waqjkwpjltpii,2024-10-14 03:05:42
c6186cc4-6034-419e-bad1-3bf46783cc56,Fioeuhywkp,2024-10-07 08:38:13
22a25dae-544b-4eeb-b109-c078461b629d,Gtjweitkjze,2024-10-26 16:47:26
512a6531-10d9-4d3e-9400-c9f13047a36e,Rqsvjvtb,2024-10-23 12:40:56
f51a4acf-3ccd-4fa6-894f-0f4d9fb596d3,Kwjshrsxxgh,2024-10-17 06:03:09
c5347871-36df-4366-90dc-a51b8d6d2c92,Hsaaftmlad,2024-10-12 15:44:08
ca07c221-d525-4cd8-963d-2a553a666bac,Miarfpkrubc,2024-10-12 01:30:18
2da9b32d-0af6-4a2c-9092-7c1a9d10ff9d,Cinanbk,2024-10-28 00:48:30
b2c5c939-456f-4237-bf81-9420b33f8ca0,Xhixfwrppzfumcc,2024-10-02 03:12:45
99210c10-da87-43a1-aafa-460be42a3730,Udfhhdeptnyiwc,2024-10-04 21:15:20
66868901-c4e0-49f9-894d-5b77296f96f0,Ulmuorodfef,2024-10-03 04:06:54
a19b0ee6-a554-4988-87fa-6020676d97a7,Yatxsssgtydudse,2024-10-19 22:25:25
fc1910b4-4ac2-4dc6-a8e5-47ac6237cef1,Dxoka,2024-10-23 23:45:03
13d73ef7-3746-4ead-9a81-1be62c0aae64,Kfabwmbhgfncgj,2024-10-05 18:30:24
982d8afb-eb93-4c19-9af0-279520f499f3,Zhornhkdkwmyek,2024-10-13 11:18:56
d8d6017e-5a48-404e-bcc6-81b0eab3b70d,Rmdslweyt,2024-10-17 21:08:03
223fb04a-523a-4033-8a6a-a74256ae4d32,Mivzqcltyorq,2024-10-28 09:30:16
f32dc061-ba6c-462d-afbf-1638ba0d3d2f,Eddeztovcpvat,2024-10-28 09:05:57
2194536d-8a2a-4f77-b1ae-ab632314f903,Sxngfnlmgygodzg,2024-10-11 08:47:54
adaf0163-c77d-47e7-a318-3838a40709a3,Icsfs,2024-10-31 18:49:11
3ac238db-a16f-4fff-9af9-d46166bcaf7e,Cbomrooasrvw,2024-10-19 14:17:55
74ff141f-1208-4e37-9780-5e145908bb98,Qredq,2024-10-12 13:02:18
8a83e5bc-d68e-4f22-bce6-57f1e1489fd0,Almenj,2024-10-14 15:11:55
b8b0ef55-8f16-465e-8a10-d628b1d59fbe,Gvpep,2024-10-12 15:50:22
091fd95f-4e28-4d90-844f-c5437fc5596c,Xabsf,2024-10-14 05:27:19
8c245063-fa46-459f-9402-f3f56e4ede15,Jnuutyz,2024-10-15 21:08:51
78bbffef-455b-48da-abe8-fe1d33825afc,Bqxyvq,2024-10-19 11:08:24
bc557233-654f-40e4-b4c7-385523abe04d,Qgevjyucpdtcmpe,2024-10-10 14:09:51
80985d1f-1bbc-43ce-a061-a402512e666e,Mxdmzvoutf,2024-10-02 15:38:44
6d647bf2-a9ba-443d-91ac-d3c03e7c92b3,Mfarucp,2024-10-16 11:40:33
f4fa67f1-59ec-4335-9d34-fdbdf18ea5c6,Cupannigq,2024-10-11 12:31:28
1bf20bff-ecec-41f7-94f3-37ef580fe29b,Qjcdzvstpqcxp,2024-10-02 17:18:14
947d5bf1-21cf-41e5-a845-794c7c064cd1,Ajmlwabkorjhe,2024-10-16 22:04:31
77375b3b-64a8-4947-a3c5-f4248a6a48e7,Akixezzziul,2024-10-18 04:16:14
bd34ff4a-5beb-4cbe-b94d-6b48fabf7d00,Ixftrrjamdi,2024-10-07 12:04:11
306dd141-f6f7-407e-9fa5-d7b41abdb6e7,Aohumpfj,2024-10-16 23:49:15
055a585b-513c-4f87-b987-cb8c38f51b3f,Soacmhkqf,2024-10-02 23:21:57
6bc78083-74ff-48f7-8a1d-8296d336ffe7,Zdfdhfdp,2024-10-18 08:38:16
4ec33c5d-0430-412b-9a93-f98420f9d9fc,Zcisbqgzhm,2024-10-06 20:15:04
ea3dbc6e-dcdf-42ef-b726-95e4abc3afe7,Shdmw,2024-10-11 21:46:34
46a77272-3f19-4e65-adca-b3da34cd5ecf,Qoeknbftcwiejg,2024-10-12 10:33:13
07b72751-aeed-4bd1-92bd-d5a3ab47d939,Fkaukyxxjnyrhih,2024-10-25 12:55:56
8eb191d5-a409-438b-a51d-9c071ecffca0,Yzuubtanuxyn,2024-10-18 04:12:58
45beb9b2-7f39-4034-a76d-69984db75b95,Muovgdlarpbkhe,2024-10-19 21:44:45
8845113b-a38e-4925-97a1-6b9cb65d09cb,Ulpjflhelhbww,2024-10-04 13:37:55
00a0db39-253d-4b6e-bb78-1f43fbd329c1,Vvcfdtpxihopbt,2024-10-25 17:26:14
033c56be-dfe8-41c7-ad64-9ede0a814ea1,Tzdoosbl,2024-10-21 00:00:34
ad762ee2-9204-48f8-a056-fd43615d5c5e,Xtjsipfpyzo,2024-10-05 17:06:13
e5b1524d-bc07-487b-8bdf-279918e9aee0,Yfwkcaxmnmecm,2024-10-16 17:45:05
0cb26aa1-9564-4b67-9fa6-5e7cdc888460,Zlbuo,2024-10-27 05:38:55
79d1bec3-8db8-4ca6-b8ee-ab3bca77a876,Lhfawqwcnwkit,2024-10-04 23:31:19
111e40a7-eb7f-41de-bd14-fcd5d2529346,Shmhquxyeakzonx,2024-10-20 22:19:10
bfadb6f3-d2f5-4738-a522-ac8cc2763749,Ecktetjvaacncc,2024-10-05 12:30:06
a3266441-03d6-4c11-a9cb-21c61fd10b2e,Cafpgxrlafi,2024-10-02 04:38:50
c0387125-d990-489a-a48e-c5fc4144dd2a,Nqjhptfwek,2024-10-30 05:10:10
92b791a9-03bf-4cf8-bbc7-4a8b64c5683c,Ruokodfcrjqerb,2024-10-26 17:24:39
9d4f4586-cd02-42e4-8d34-488d1d8c9d98,Izczqdhgxvfso,2024-10-10 06:50:59
0033691e-ea61-4027-a9cd-f8fa995444a6,Lnlvrnohhtya,2024-10-26 19:30:42
cdd9e050-4990-4170-b2f7-5058feef6aa2,Cvcwmfgoyq,2024-10-20 03:28:58
0a2d628b-a5ce-4cbf-a824-829e25592936,Cvrgtmnugrszi,2024-10-13 20:01:09
71a9fea9-fe2d-4947-81de-da092f3315e2,Qkxro,2024-10-18 22:23:05
501fe487-6796-4901-b52c-f011174f9cff,Ccankhahqbocnxh,2024-10-03 01:23:35
a29822ea-7c72-4869-8879-57949d0fd30b,Zeffqbndfzqc,2024-10-06 17:21:51
d7f998d3-22f7-4ddb-945e-7feb5ea0549d,Iblfswxjjxyrvs,2024-10-17 08:47:35
4e981470-c1ca-4656-8617-bf0003ca1466,Sfyqfg,2024-10-09 05:59:44
7d2a088a-f185-44c7-aa35-16d0d029f2d5,Ojenhcndzmxpovq,2024-10-13 16:57:05
ebfd0c88-21d2-441f-96a6-5c49028770c0,Lribwginfbddxh,2024-10-20 19:33:07
4166e0e7-a60f-4134-90c4-e0900d276bbe,Iyfrrbqkpxzlz,2024-10-23 06:14:40
517ee467-a41b-479c-945a-8f7b74c61792,Vscsin,2024-10-26 05:04:00
f8a2f951-7c9a-49fd-9e53-52c66faed3c4,Utkdi,2024-10-27 06:57:11
aea21b9a-ae30-4932-a57c-703d14f04339,Avyqvglldi,2024-10-15 22:59:36
47d8d1a2-487b-4633-9e06-0b686be30957,Jjzfndb,2024-10-25 08:30:35
02d12b64-eb0a-48f4-b38e-6376fb3e6748,Iywjnmqy,2024-10-12 10:55:40
8fb3f7cb-e70d-4692-a54b-4ffa696fb723,Eexubvvea,2024-10-31 13:24:05
b1cc2c94-f9e9-4197-94b5-836e10e6e453,Yfttsmrurvo,2024-10-02 02:00:46
6c9de479-f72d-4d6b-9e83-cc0648219e4a,Caqxnl,2024-10-08 09:07:42
6dcad3d1-4134-41ec-88f9-d856e3886ebb,Iccaeacnxujqk,2024-10-24 17:27:23
973d84c3-a536-4adf-93ec-f0353994444f,Jwrvl,2024-10-26 23:15:31
e438f199-eca9-46fe-8cd1-c7d6c5fe05b2,Gittq,2024-10-08 04:03:06
9ebcb8a1-289b-4c4b-bdd3-2dacd19ecc1a,Ceqiws,2024-10-14 14:30:34
38bd4472-3c92-4daf-b6df-587c8bb20675,Oizdiucsujccfd,2024-10-17 19:07:01
2fc37ea5-9a9f-4914-b373-cbfece7744b3,Sgiju,2024-10-16 09:31:54
534ec8ab-5194-4c7a-97cd-3f5f8d8ee265,Azkxau,2024-10-12 00:22:22
64d8ce08-b5cc-4c53-910c-0bc80658d08e,Cvcheoyjghnrao,2024-10-19 19:38:37
0de34d33-c34d-4ba6-ae48-c1437b06812f,Xumarqkcnvkc,2024-10-08 08:06:02
c5d557e8-9791-4243-9087-d5209c7156e2,Uzfoo,2024-10-29 14:05:57
d8bfc3ce-c71e-4faa-9428-f65744dcb6b2,Qtrffdadr,2024-10-15 03:38:19
a98d0953-1972-4771-b966-1c8b2c69618e,Rrwlhceamzffokj,2024-10-13 11:56:16
4b2689ca-3667-490d-b56b-092f7e2a8af8,Mjicvsutulzpbq,2024-10-07 16:46:49
e0e53c9d-d46d-435e-9f39-1d91a0ed7bc7,Hnjqjkpyt,2024-10-09 21:33:13
d94c0585-c59d-45c7-9186-394c1346a898,Ywphiiddnvhd,2024-10-08 03:49:54
b349274d-7069-468b-a645-990f21309334,Nvapg,2024-10-18 10:39:04
1d8fa464-f99f-4851-9c59-bf3c5447a912,Pynucmhpyvbrl,2024-10-21 10:22:37
b9db81e7-b8a3-407c-8c41-6c383c640274,Cmisilvivf,2024-10-30 05:52:10
2bcf7e72-051f-403b-94dd-1cda394b70fd,Nedxldqdhpbfnie,2024-10-09 10:50:22
b08d2cfa-b514-466d-b63c-d381c2340547,Bryyjmukjc,2024-10-26 22:17:04
f1f7fc73-599f-4d6f-9d16-59472a983933,Wimtqq,2024-10-07 02:41:06
7f04ed6f-cc3e-42cf-9f50-2e6b8a105e53,Nxtbctqcc,2024-10-09 09:53:36
ff1d230d-6051-446b-8480-98b5fee9b197,Ykodtugtgecjamk,2024-10-31 06:47:24
9d16de3c-00ad-4ce8-8d21-8df480bc2a1a,Urkvdfirekmq,2024-10-23 03:41:57
cea622b3-f65a-4cde-a3b7-96448bccbaf3,Lxdvl,2024-10-19 14:03:01
a2314bf6-9206-4ea6-9075-3fdf35a531fd,Wdbpyk,2024-10-07 02:39:35
8c3652fe-7c54-45cd-9c42-5df480150aaf,Mjvpop,2024-10-31 01:30:54
cf201dd5-e1d0-4e56-8c3b-9021ba2c4167,Hdqguuvwsicklc,2024-10-13 07:07:24
6fe0eda1-8e96-49b5-8621-1ba0089c1f50,Kjyucyp,2024-10-09 19:32:12
4b93c27c-4703-4965-a20f-6154aacf5b9c,Mizbozvxh,2024-10-12 22:06:02
05261e52-46c8-4ed3-9f01-ca723fd53582,Lfqinjgp,2024-10-29 08:05:48
b24c901c-1428-4d78-bd70-72f469de5759,Nokmvng,2024-10-23 21:01:58
52a9f9e5-38f3-4ff6-bcdd-7078e8ca0bf5,Xwttui,2024-10-05 19:04:44
f19a4554-b44e-4181-a3f4-2c7c32d86202,Jkztkafxye,2024-10-02 14:09:15
f2814534-885d-4c4f-87e0-f1601cf5da5f,Dgduvpp,2024-10-04 06:23:55
93bc890f-a2e5-4d87-bbff-839c06ac201f,Ovnkyd,2024-10-03 10:05:47
7c8579a1-a31e-4d11-90a0-54415a9fe32a,Idjvyx,2024-10-15 20:18:12
0c3003b1-f21b-4330-bbff-a20509be7079,Rsgxdtim,2024-10-16 15:03:00
a52f5084-76bb-4ab8-a9ff-6f90200a570d,Egzyrd,2024-10-13 21:18:33
34ea0821-f6e0-4b74-9a80-0f23e8e3ec31,Mvymtkaeaq,2024-10-14 12:02:36
3fddd5d2-8b62-4f7b-ae04-45ab4cb3f7e4,Garxeynsqd,2024-10-01 04:56:49
62da6d57-bdc3-4187-bb21-f418941ad7de,Tesiu,2024-10-07 02:59:18
10ff2836-6255-41fa-af1d-8c43d55f1e60,Jfotzzlftbw,2024-10-28 14:15:57
01c052ed-d4e3-4896-9791-c11c91615816,Ekkzavjioogd,2024-10-25 18:26:45
74f6f5f6-f3c4-4116-9d73-cef52cb38f22,Arxeapdgwewoqf,2024-10-25 13:14:34
34f68fb2-d507-4884-9bd0-48c0fea8b1dc,Vinvhfxwohxy,2024-10-17 10:17:33
f3f51584-5413-49d7-b506-9986ce47281f,Ftuhepuijjwgw,2024-10-26 16:47:23
6a260d88-2639-4ba3-96d7-8f8d619d38a3,Nqtdgwc,2024-10-12 11:19:25
21eb3143-0710-4536-b30d-2a08f2c1bbc1,Pitllgvvpn,2024-10-30 17:20:33
2c5882f0-c201-4af2-bce0-0ec27b0d46f3,Kbhfrtkuubihoh,2024-10-11 12:36:24
10c96ea0-2f4c-4785-82a4-7200b854b644,Bitpyskcinc,2024-10-24 02:19:33
13279b72-fcad-4993-97e8-d3a07b2075e1,Lccjvuh,2024-10-16 22:00:22
bc3b5c11-8838-4251-a610-baeee3cc2172,Lafmohwkh,2024-10-12 01:29:11
1a1dfd2a-2ade-426e-984a-0b2169c16a92,Gccqzcsh,2024-10-17 15:36:13
2006f895-f82b-4090-807a-bc61cce9c14a,Sbigwsicmgwc,2024-10-27 09:26:41
90e4425f-9dcc-453d-8104-50813045fe51,Jvkjdyto,2024-10-22 06:27:55
84934b88-d5a7-4de4-8e5b-9f683590325b,Lufyelbaws,2024-10-20 11:01:11
2eec599a-4e05-4a82-8d31-465bae68af6f,Txjydnxygyrahct,2024-10-16 18:41:42
e816aa69-2208-4338-a20a-b147e69e6d24,Zepjmqhyui,2024-10-31 17:45:52
bc555390-1d9e-4ce4-acf9-167810252671,Juvnvhpnuiki,2024-10-21 22:47:59
f529679a-3e61-4f3f-9fc0-0c384030e3e0,Lhozrf,2024-10-16 15:25:42
af763ced-7b8c-4a5a-bb69-b3f820fd7f6b,Mrimmytv,2024-10-17 09:47:30
c23b4fc6-2c64-4986-8a59-2969ffe83d04,Boktnv,2024-10-08 21:49:42
8733a35c-8cd4-4079-b4da-159a6ebfd0a8,Wiwkudr,2024-10-30 09:28:14
f4cf5cbf-cf21-4ef2-8a08-a4f2b0228d79,Xpzfgcjko,2024-10-04 10:29:43
cc5adbd8-c9f9-4f40-866c-0e584a9b4700,Btttbclyf,2024-10-15 23:52:53
4052426c-de6d-4309-873d-9a572e35382a,Qdbymypznvtym,2024-10-09 03:01:11
e7b371f9-c316-404f-b305-0fe11a201b0d,Kpslqozqlz,2024-10-30 09:29:13
a51f8c62-ecaf-463f-aabd-511f773c563b,Glkdkvxjtagkcju,2024-10-20 09:49:00
304b09f1-0da9-4e6a-bd52-a565fadd37e2,Kvkqpwiryko,2024-10-30 16:51:28
d6e08004-7cdb-4ef3-9def-c6c45e847d8a,Chreetcyhvk,2024-10-10 19:12:23
c1e4ecd4-bba9-43ae-a037-f766692268a7,Xeturnfhp,2024-10-30 10:39:10
3a5ed1da-769b-40e6-8847-a8c4789942f5,Wgmgjrkxiliqov,2024-10-20 05:24:14
b733b3b7-71c1-44ef-ad93-74666847fb07,Ahmhkhhgsyuh,2024-10-19 08:25:56
574ec411-6840-4ab3-a687-a0b72a00475e,Suisnoystihn,2024-10-14 06:40:28
8b2880b1-73bb-46df-b7db-5389776a936e,Ddrxqdtqcm,2024-10-16 23:48:52
4ac88d80-4a48-497a-a3ff-0dcaa8e91171,Jbcxkx,2024-10-01 11:52:17
abe41631-4015-433c-8993-66b893d45cc5,Bmhgsv,2024-10-13 22:52:15
5b72edac-1bac-413c-b9bb-f4752589f7af,Ulzghbqvixawx,2024-10-10 22:43:42
2152dd84-5e26-42c0-93c7-8c7f81f80923,Vkjdncn,2024-10-04 01:28:28
dcf0a222-229d-4a07-8874-76f4c26dba00,Wsxnphm,2024-10-12 13:31:00
b482e798-945e-4f0b-aa5d-3e3f22ed3f6f,Oaubdcjxyjocoi,2024-10-08 05:51:55
454da9bc-ef88-4232-ae62-b5c444975f27,Kgniazle,2024-10-23 15:50:56
790a4f5f-db8e-40aa-ab11-a5154b3bbf0c,Bbdwjzb,2024-10-18 05:15:18
6fad03e3-618e-4d34-926f-0741cf0908c0,Teyzhutmcempftw,2024-10-01 22:50:38
944d7b87-411a-497b-8c3c-955384d80e84,Egzwpndqwxm,2024-10-19 20:40:48
1a6f0d4b-19bf-4147-85e1-b03f600b75f6,Qhfaqln,2024-10-13 12:59:08
6ff4358d-ad68-4553-ab55-3e47972963e5,Pzccu,2024-10-23 12:02:08
e44cc075-856b-40d8-8566-9c57ee2de4f7,Zkxtxfehxpedtf,2024-10-08 18:57:41
1778cf40-7246-4542-8a13-72c4b0e2a6d5,Xphdi,2024-10-25 23:43:07
4c9c0b80-98f1-4c55-9e3f-70dce67e9cb0,Zkyeqivmg,2024-10-17 17:17:41
b67240c1-271c-4473-ac2c-51bb7c263955,Gphxxowsfpf,2024-10-12 03:38:13
210008aa-8a90-4e4a-842f-1155f407efe1,Uaddxmzictoipdz,2024-10-18 21:30:19
966f6704-6268-49b8-9dc9-dc6b3b2d76ae,Rlzuixpbyi,2024-10-26 10:25:40
92f5c051-3a5e-420d-b54a-d02a69ee7243,Xgqqpzrlkavrzcj,2024-10-08 21:32:59
1032891e-8ba0-4083-a68d-92ec9d2bccc2,Ojsqkhdvik,2024-10-04 09:13:22
bf5b2395-6ff5-4daa-b52d-d058027b4479,Onxcucylhqua,2024-10-19 18:28:36
1f5fbf71-9965-4d38-86c1-3eb8c1f5531f,Vripbbafxnhl,2024-10-04 07:09:07
e4b7219f-aa46-4c1a-9c8e-7576cebd45da,Ydnvqz,2024-10-16 11:09:32
532bce6b-1546-4f0f-beab-123acb06f1ed,Flhghsqefipy,2024-10-27 04:58:34
25d4a531-59d4-4957-8334-45d74ad3ee6f,Vzupzcgkiw,2024-10-18 11:02:16
1fd3f306-a183-45db-b557-143ac20c06f0,Ftjdwjwstmeb,2024-10-30 15:06:08
b7772489-b9d5-4e6e-b3f5-a92bc05086f3,Hurkmczn,2024-10-16 23:08:42
92b6f4f1-6766-476b-9395-d5d6d93a5f9c,Fbbetht,2024-10-10 04:22:45
938653af-7f59-40a6-b8b5-533bfd4aaf45,Fgrmmxq,2024-10-29 14:22:45
cb139ddd-ef20-4a0f-840a-c18cbbe8f1a1,Ghxqkvrnn,2024-10-12 20:44:21
b68fa852-b430-4f7b-b463-e6ca84533b93,Kmlsrhroaynd,2024-10-18 05:26:07
8292ddf9-257d-4a18-8974-eede63649b16,Xrdmp,2024-10-31 16:12:40
35851b72-e9da-43a2-8fc8-f9dd7aee77a2,Rwpmkfxkv,2024-10-17 23:46:25
3246ebeb-e16c-4dd1-97b1-5430781bcbf3,Okyymimx,2024-10-08 22:40:07
bf6ddc09-58ab-4454-be70-ee0b71da74f7,Tzdbukqmn,2024-10-04 09:32:22
26453d9f-7cbb-4f90-9af2-619f56e11fd0,Boaetmjq,2024-10-17 11:00:04
ece6a390-4b7b-4713-8f04-954559f95647,Mgjdtyirrfjdf,2024-10-14 18:24:57
2d2f84f0-6e1e-4737-9262-bb3bda2b7e87,Hcijrf,2024-10-22 23:51:05
78571308-1261-470b-897c-03612d8c6d59,Kdlxmivn,2024-10-12 08:07:00
fc37f3a6-0cf3-45a0-b98e-0d835d8efd4a,Lycncatfm,2024-10-23 11:14:12
b7e075b0-f965-4009-8a4a-ff4f23c092d1,Ddsvskcie,2024-10-25 16:43:13
ba7e0e55-1c6d-419a-b9e1-26b71bc1b873,Cdoydqunguf,2024-10-15 07:28:36
bfbeb76f-c535-462c-82f0-de4eae3e37f6,Ymzdwsr,2024-10-11 07:29:17
25cec3b3-7c25-4837-b979-e46bb752b677,Akfgawlhpv,2024-10-18 14:01:43
0bd40e39-75ef-4691-b3be-eea5011e12ad,Jlhdtekmjtvyfy,2024-10-02 04:04:30
99f6b6e3-b86f-4811-8be1-daed92fed419,Ezjegttp,2024-10-09 05:11:41
5e7ed7be-2635-4068-961d-fda58092c0b4,Dlwfasaqhwz,2024-10-20 03:51:07
f9a82bef-48a8-4808-836c-c9f653e2a0c0,Khasgycuiob,2024-10-27 20:21:50
6afbf72f-cd34-46f3-9066-8110df0b763c,Sggvykx,2024-10-01 16:21:59
db6828c1-b2f6-4698-be2f-708c81987930,Xnbujbgcw,2024-10-01 18:21:14
9a0f6ff0-91d9-444f-aec9-e6010d7e8fda,Womgapkfzmlv,2024-10-03 00:11:33
d9eda8ac-f39a-4a04-afec-2769822a42d1,Hryls,2024-10-12 14:24:01
5f1c0da9-76ba-4e82-be21-920447cfe0ce,Iyuqln,2024-10-01 22:32:50
b9b27af5-7662-45a5-8d37-8f9a951a6ba1,Csugiooph,2024-10-28 04:33:39
64e07218-1a72-4a67-89e2-94e1f81484dc,Wzanogwytroit,2024-10-15 19:37:46
c7f3d249-eabe-4cf4-9ce1-8341383c718e,Gydzicqkrog,2024-10-02 06:45:45
46efa4f5-9f14-4d19-81de-d9f20b9b603a,Efkdduvuleql,2024-10-04 09:10:34
8796b20e-260a-4c04-974c-b0d770307e10,Mitugo,2024-10-26 02:55:04
891163bd-ce31-4be7-9443-9b028df46752,Ycgflrq,2024-10-26 05:25:57
8e0309a6-776d-4432-8a9c-75fe4f3fcf92,Rrjdbvkoazares,2024-10-20 09:29:57
7313fefa-7530-4644-b4f7-0da08ec45c21,Mumdboif,2024-10-11 17:01:08
7b39686c-3840-44de-862d-2f22a4bf7235,Tpkjsottaxfd,2024-10-21 01:15:35
3ed08035-9952-43f2-b096-24570cfb4d2b,Rvytculcjrj,2024-10-01 14:28:21
3dc93a21-90e7-4fd4-a22c-064c4b55fcf3,Qstcdvx,2024-10-31 20:35:11
2ce81098-ff7f-408b-be5b-355aee049652,Khtjan,2024-10-27 03:16:06
f6bb974a-0ae3-4bb2-b800-a163284b48ab,Dwckytwfs,2024-10-21 11:03:02
88e84324-886a-4279-98ac-2f6a76fc677c,Nesjxsafhnzyr,2024-10-07 11:30:23
e650b55a-0051-4ab6-a5fb-09e51fb134c6,Rejpaepm,2024-10-20 19:44:00
e0885ee0-bf06-4b94-9702-47a05aaa44ec,Ijqcnnlepapp,2024-10-27 07:53:57
29af627c-59b5-4865-8c38-0e58e3ac1d32,Qzcavsnfisc,2024-10-25 11:33:53
fd2d7b3a-a488-4cd0-82b3-d91a843e9a99,Scwiexbdbwn,2024-10-19 19:20:10
743fee3a-585f-49df-9eda-b5f18c4f0132,Wufvquolsoohes,2024-10-31 03:31:16
eb0f4838-0e3f-4dd3-9da6-ececde77f5db,Idktnrjqqtci,2024-10-13 18:46:17
5b3b1375-bef9-40d2-9d50-bfd53170222b,Vgciitcr,2024-10-23 05:36:50
99afdd0a-d309-4b42-b2fe-7bdac3637618,Xiaavt,2024-10-28 10:42:23
9fea43fd-76aa-4aee-9a45-889b05f35247,Vckgpioha,2024-10-10 17:24:56
35e14041-1560-49e5-aa25-29b8ffbfec04,Obxiskvba,2024-10-13 12:48:02
e0650c3c-29d8-451a-9001-34b80dddeba0,Rpkqcrrbnxqs,2024-10-06 22:45:24
c4d46e90-9875-4682-9644-9ca02b2aed21,Cleatwmoxxheo,2024-10-27 00:39:47
2d084909-b7ec-4791-8da1-8897bfa65d95,Meayhtuaw,2024-10-18 11:37:35
c08a3d46-cf7d-41bf-9aed-ba81ce9d6d75,Jypdepyd,2024-10-24 04:37:46
580ebf2c-f2b6-42b6-b57c-7bb21d166e44,Qheiwgmk,2024-10-05 05:01:43
88a060f2-4251-4e4d-83f1-e33737a2589d,Oididny,2024-10-23 21:39:30
707a0c7c-c9d7-4f1a-9652-5961978c3c4f,Twpzsppdtvckqi,2024-10-16 20:02:43
c9b7f44e-f7b1-4768-b55d-2b3fe217af94,Fpxht,2024-10-19 03:48:36
9417aa6c-b6fd-4446-9d42-48885578a769,Qcrwcpfekig,2024-10-14 03:15:58
47bb2fee-5610-4b2c-9657-9336fac5f137,Athtkweauo,2024-10-26 11:47:47
9f103477-1cea-438c-8543-06489baebf74,Nfbpdlciyasmbxu,2024-10-07 21:03:49
853ad16e-a58e-4769-97fc-c98d9aa248c0,Cwjzk,2024-10-18 00:20:24
9faf3865-cf89-4b66-9422-bdb84a78d04c,Ympntf,2024-10-07 22:58:54
9f3959a8-9583-421c-80dd-829448f1d0b9,Nssionzrozshbtc,2024-10-07 04:13:05
89b5b765-5709-426f-a83c-21f5e979d303,Rujdiw,2024-10-15 09:26:43
c94030c6-af36-4cc1-ac62-6778d9dc391f,Drmodedzenvkw,2024-10-30 20:48:08
1eb22d6d-b34d-4571-ba1f-8d85eb99c76f,Ryvmuzdd,2024-10-24 20:29:40
f0106bf9-9bfe-4edd-a182-b919b9357611,Cvdihmtoydcz,2024-10-17 09:33:37
7b620d68-c459-4705-a020-70f3f4eb20f4,Atdnnrxjubtjxl,2024-10-18 17:29:32
b819a531-1f15-4a7a-b062-73f270880aa9,Rrttpaseu,2024-10-30 17:14:18
bd7570e2-94d4-4ac3-8578-a8dd477dcfb1,Scdgak,2024-10-26 21:07:55
3ad8f359-821a-4b79-98e7-f1fe9eafb5e4,Cxvvri,2024-10-25 01:49:51
1bceab01-38ea-4065-838a-4c76ae85ef94,Xrgtzgepjdcez,2024-10-14 19:56:55
6580bfaa-d306-47fb-bdbe-38c67a4cb635,Otoecumdvndbb,2024-10-01 16:37:26
9e6ee660-1509-4646-93d5-7d36aacb0af1,Stykvzfjzbgumgu,2024-10-08 02:17:17
48f4a2f5-e571-4185-9128-63a96dcc467b,Iyuuhtvcbpuswkx,2024-10-13 10:07:01
697d25da-e255-45e9-a092-9298a0492b72,Gwwtgpikuous,2024-10-25 17:46:47
fb2c671a-aab4-4068-9ea7-5b1eba1ceb3e,Ojwasxfpkwepj,2024-10-08 14:41:11
4679c586-a5b6-4d01-bf45-3c9eb7f6a829,Gmsikgcxjc,2024-10-11 16:33:37
1507a9e6-6354-4924-bfab-401693b0d61f,Kktxl,2024-10-08 19:08:39
586d9cf9-dcbc-4f8f-9f76-deac2a5a1ae0,Goixkupb,2024-10-10 17:43:43
1bc24de8-5848-4b55-aae9-943cd70da20f,Lgcchsxquc,2024-10-04 05:19:02
021ea6af-7b4a-4044-bb3c-65beb682bcf9,Bfkgm,2024-10-28 21:39:32
347a2056-d646-4777-a138-03bc6e8bb304,Alfqqd,2024-10-23 06:54:29
cf663392-b05d-4734-9214-35950ae8b2e6,Nffwcxkntjnm,2024-10-07 01:27:31
6ec7d581-4337-4555-bc3e-301ef2a95d17,Qnbkmjpzz,2024-10-19 17:14:45
58af5d25-2916-472e-8c91-aad3685f21ea,Bwzoxwlnuctmexa,2024-10-25 06:26:11
ea9d4f95-0186-48a5-a08e-c71065636ae3,Roubrwmfb,2024-10-23 15:28:42
d99e9675-0c79-4399-b43d-1ab0dfd2cdd8,Muxowli,2024-10-27 19:31:26
a907c342-f066-4293-9229-48fe87d7a637,Nvpzofdl,2024-10-08 01:53:00
85eaa7c9-2711-436a-9939-8b67bc4ff308,Tpahnotggjiq,2024-10-01 03:24:31
137efaad-1242-4469-b102-b40cf11afafa,Vecfj,2024-10-28 18:51:04
dffaf46e-2465-4a83-b267-8597e6e865e5,Udztkwajg,2024-10-14 04:42:13
873c7f15-9335-4473-8d5d-68e839eb6586,Yhuasspyhiij,2024-10-05 06:08:13
628897a1-e207-4062-8dda-4d110e8a97ae,Brppozgwkam,2024-10-02 20:45:34
6c0180f5-65a0-41d7-8140-697ab1826257,Ozxluajhekjz,2024-10-11 19:43:13
9fe1056e-c564-4510-90b4-f914d544e51f,Bldfrailmdymjjo,2024-10-13 20:14:29
cd99a86b-7f19-45f2-9188-ee15d414c513,Jssozflavjmpu,2024-10-19 11:20:13
a69db32d-431a-42f2-944d-0294abd867bd,Bhkfdx,2024-10-25 07:32:07
3a020c65-05a1-4493-84fb-32dd60db7fbc,Unwsupfqejty,2024-10-02 18:49:37
e4eee5a3-0558-43eb-a936-a10a9f24a44e,Tsnjxra,2024-10-14 17:07:56
bfbef612-ee6c-4bf2-9969-f2f322342052,Eqpvtzrjfsjmf,2024-10-12 16:20:40
742a9e1b-75bb-4b19-ba2c-b6f35e80350f,Tqmtc,2024-10-22 13:18:08
707528b6-34d6-455e-b062-08b79abab277,Yvqqyfogxpbhy,2024-10-12 01:59:53
dd4b14bb-90ed-4e8a-a9db-ee2ae0b80926,Qeddjqpzn,2024-10-28 09:44:36
4baa868e-ea3a-4c2c-9bad-d5f3dadb7482,Bhmmtcsamurrtex,2024-10-19 02:02:17
760cd510-4651-463e-880b-de2747e0b745,Orxcck,2024-10-05 00:38:43
ff3eaf8e-6dc6-4416-b930-2509d5e5b0b2,Ncojecp,2024-10-11 15:23:50
0da8c7e1-a296-4101-a7d0-0d0fcb24f992,Zfsaejektzs,2024-10-17 10:21:48
d041d55e-5eed-4936-a98d-79da3156c7ae,Sfqzgqqlatrhbjm,2024-10-24 18:15:45
2b02b8a6-f4a9-40e9-99f3-124e45c17627,Qkiwxayyukyfax,2024-10-01 13:40:58
9fb49eee-2497-4b71-b19f-da5b0dff3322,Tyyqdfzjannt,2024-10-16 06:52:45
d35e66f1-f961-4e20-89ac-e9c75f167ca3,Emqmakildpxpe,2024-10-06 09:52:13
c005770a-af8d-43df-ada6-58e01113b2e3,Btcxaxwaxd,2024-10-12 21:07:10
21b745d5-31c4-4bfa-a6d5-e6db94f4ebf7,Cotzppbwuukrym,2024-10-29 19:59:54
ac9915d5-aeb0-4b8d-b2ee-5f99e631e53d,Jptmsewrok,2024-10-30 15:33:14
87aed747-a1dd-4c02-b3fb-eca3b0a64eeb,Bzptpfngjudd,2024-10-18 20:22:26
46ed6f24-b9ae-4bd8-9c30-5293d4aa26e1,Tvzqvyghee,2024-10-05 18:21:08
e9dc642c-3305-4c3b-8ec1-5876a313de57,Fgkmpmhbajksmkb,2024-10-11 23:23:17
5b943e7e-1d51-4c1c-9600-557aa9bc9eda,Lvbzg,2024-10-25 08:42:44
51484225-7b36-4726-bbfb-40ca7760f09f,Ljxwhwicbj,2024-10-21 18:36:08
033d4ff8-dd4d-4728-bf1e-d714b635a2c9,Dynheujo,2024-10-13 00:50:33
9b8bc844-75fc-494c-97c4-151d8641a7b8,Okpjyeye,2024-10-02 19:39:48
71791fa3-e99a-4159-85ff-a10cfbb71ae9,Byaircfmdcur,2024-10-18 19:42:38
239d4b61-d7ef-4e86-b961-a690535cf9bb,Uyluycloga,2024-10-25 22:44:13
0bd9811d-761c-4218-ba80-8455631ec29a,Nxmlmkqiwbuw,2024-10-19 09:07:45
9d52bdb3-6806-46f0-8af1-925a69dc488f,Zrttums,2024-10-09 17:30:28
e12570d0-d337-4d6b-816f-7851fb87cce4,Tbdsknky,2024-10-24 14:30:21
e421f9b3-d1af-43b6-8bc8-572454a021d4,Mllwscmg,2024-10-30 03:47:48
44841290-27a7-4463-a3eb-ba1ad87eb8d3,Vkvafwo,2024-10-03 23:36:39
9000e07f-ca80-473c-af9a-7f36920fb5ca,Odhxeut,2024-10-05 02:52:38
a60e7bd9-451b-4077-a193-953a9c0ae28c,Yydtgeagdx,2024-10-22 10:55:12
2b13f5a1-bc61-4a0e-8cf3-761728d20fb9,Mnppkwmqi,2024-10-08 15:51:39
2ed44eef-0770-41ed-b68a-ba18932d9a5c,Nvrixytpumsky,2024-10-24 11:38:51
0c80eaa1-f96d-4e6a-9d10-cdc87306475b,Rymxit,2024-10-13 21:08:07
395ce15e-eefa-49f0-9e64-d2001c2e3fcd,Lgxvgorkxathpq,2024-10-31 10:09:07
7b3602eb-521f-4db0-a639-46ad0d285a38,Rooubeulrzgn,2024-10-19 04:18:41
2ad1a856-87db-47ca-a31e-f01db9409a89,Rwoun,2024-10-30 22:52:06
759eab58-84b4-4d0b-98a9-633843b9134e,Jgsiqqazxdxweni,2024-10-26 06:10:23
89661696-3fc0-4e15-ba7d-ae851a7eb9cd,Nwbxvxuuzvp,2024-10-18 10:49:59
f7353284-f138-4a5d-9c4a-d591fcc24098,Ucegpmmiejsula,2024-10-05 03:49:12
d754a835-65da-40b9-92c4-ef81adb932f3,Ubuzfcbkrst,2024-10-17 19:06:12
fc3f96c4-3998-4b3d-b8b8-f35068d29c67,Felidoaf,2024-10-17 08:14:57
2fa9bd42-72a9-410a-8b2e-3a8e6ed05848,Wjxpyqhurqnrifl,2024-10-26 07:37:43
489d2ba8-3d91-44ff-bde2-0a636796a5ca,Vphkoyvsfjjnb,2024-10-29 04:15:18
51e07162-e3c9-456c-9449-90a0d11f0f76,Nqnoytyeiphxr,2024-10-12 15:19:47
d57aa962-30f8-46f4-adf8-5de60527e7c3,Ibcvg,2024-10-12 15:33:41
33dbc894-8f00-4aa6-9168-dbea571e0590,Ashdoatejzlx,2024-10-07 19:21:28
3e667465-b85c-433a-899f-da95da80918a,Bmssay,2024-10-12 05:03:27
a30e6a84-4757-4b91-9e12-7d95f0ab2649,Blodi,2024-10-06 04:27:06
d314b0a6-a6ea-405c-b68d-59e32ae0c33c,Vdnqvhoe,2024-10-27 20:38:02
5562b153-b646-4e8c-ad6d-67969c915fe1,Wsynkigdne,2024-10-10 01:51:21
88fcbafb-fb61-4d75-8974-ea3352bf9463,Ypbaxoim,2024-10-17 20:43:31
7df1ef13-71cb-4601-84d5-54bd60618185,Tfogy,2024-10-20 20:16:02
6a0195fd-99a8-4c4d-acdd-29ae15642c26,Ppymyknswrh,2024-10-27 04:47:34
8e264e6a-bda8-40f1-8ed6-d7e9ec98109d,Ixxdxnnb,2024-10-15 16:14:08
75c3e1e1-6d92-4d41-aafc-72d74da75693,Nicxozyie,2024-10-10 06:51:22
345f8b72-2a4d-4a1c-82c3-ff7644a1d196,Guqqml,2024-10-16 22:56:17
f0e42671-c9f2-4bd9-92c1-5ae8bedbfbb6,Glnqhjs,2024-10-02 18:13:52
833a315b-f6e9-4923-ac01-c887831e9b28,Nnizxzo,2024-10-29 05:43:55
56b19433-f419-427c-825d-687bb98547b9,Hunohbtp,2024-10-12 13:16:06
b8fcf69f-0ba9-4abb-aa21-33c5420a837d,Rgtfkuzzgfnbnmq,2024-10-04 01:57:24
1dbe1328-50ee-419a-9563-81d765376069,Qkgxtgwngxwjj,2024-10-24 22:25:29
3210e881-941f-4589-ac18-2db70c11911c,Xhlzfvrfbszfibt,2024-10-16 00:37:33
a9e7cb67-1460-4915-8581-922b64bd9439,Ncixz,2024-10-17 20:08:56
71cebd32-b624-453c-b5b9-263a50f4fdeb,Xvvjbpei,2024-10-09 01:10:33
73e7a5b1-6b9e-4c99-ac9f-b29fc3b112f3,Crgvfurvdqqnw,2024-10-03 18:00:07
495e83ff-e2a0-497b-a17e-727777d22347,Aqekoehgsfbbg,2024-10-07 02:19:10
317f9c2d-522f-48e6-99d3-16458638e511,Hwycdqixesa,2024-10-20 15:11:40
b2d923ec-f913-4577-90f8-b66e75d149a8,Bvfjuyfqoun,2024-10-28 01:52:13
8b1ebc32-983d-4af2-8fcb-1c8c2c3d5c28,Cmatnrpbqrfcakh,2024-10-21 08:49:21
d92441b1-4d39-4b9e-a029-991e13354d81,Lttairicxo,2024-10-20 03:24:28
098454cb-2c00-4e38-b3f6-21896693eb11,Axpplgxnqfxflvk,2024-10-07 05:07:03
5adb6976-9c45-4244-8c7e-a112489de9ef,Vwyco,2024-10-13 01:48:42
6a1e005e-b2ea-4965-b0c5-a727852a7a2e,Kiafbijrkspucod,2024-10-08 19:38:27
65800303-e44b-456a-8813-afabf4b15698,Ssmyeeltznnvhu,2024-10-05 21:58:53
e46e434d-baf7-412e-b27d-6a8a98d76996,Xfmelud,2024-10-09 03:46:13
808940d2-1f21-47eb-be2c-f0b631233b2a,Fzcizgplceax,2024-10-05 06:55:41
5419b076-ded3-4864-85ab-d58be78bea9c,Odlynieeha,2024-10-18 09:47:30
9e4cb809-6557-4f40-b101-c82426098343,Prmeewklcg,2024-10-04 02:53:03
a6fb6a9d-69f5-4e59-beff-25bc1a4f2bfd,Jsopwkjzlvbzl,2024-10-15 10:37:12
4b4ca519-1877-4139-8c3e-c70689a13e7e,Oxhafpvprdbrhjx,2024-10-02 21:15:38
c9ca9c2c-989a-46dd-a560-c153d46ee3f8,Aucdc,2024-10-22 22:30:32
f11a27fd-e308-45f3-b42d-5c35d9207988,Jfedkmdkpl,2024-10-29 13:24:12
ee5a224f-a2e3-48d8-97b6-bc45147dd326,Ovtkrnouuhs,2024-10-31 21:20:47
1b0d6ca7-f735-40d7-bc2d-e2b4ad611926,Efccgocqqmz,2024-10-31 09:42:50
1d28c060-1815-49b2-a105-046cff73ccb5,Xwpzz,2024-10-23 13:26:38
60654718-d379-48c9-94bd-7dec348d79ab,Lmznfvxwymmaq,2024-10-05 03:23:29
2699cac8-a6e0-4006-8b88-2f4db2b6a57f,Hwbop,2024-10-30 13:53:31
96ba615f-addf-430e-a512-663a68afc7d2,Msqggiqeocwxhy,2024-10-17 15:56:56
10163234-e40a-4740-9a06-377c55484bcf,Cwobgglaov,2024-10-11 16:57:46
17e68339-5b86-4c3f-adc7-721825adb015,Kgthvsilhxgu,2024-10-27 01:59:47
d2309265-96c1-4716-a1a7-521b7f2ec83a,Rwsckp,2024-10-22 19:47:40
321c5f12-0f35-4dfa-9d47-319af4afd924,Yblmv,2024-10-17 05:58:44
029f39a6-59b4-4ba1-b0f9-7ba9a397ebf6,Obpnlwbokovd,2024-10-31 11:47:40
eb7eaa1d-f717-4683-b870-c9ad0de11a02,Yndyjxkpk,2024-10-18 17:33:55
be338298-1fcc-4242-9276-998031807085,Dfymuiosbn,2024-10-25 19:29:14
97632f86-bb96-4fce-859e-cec3eda1c234,Drvwill,2024-10-12 08:04:37
ae736d36-8f3f-4922-8442-64a00abe4899,Wtexgtrmumslmxv,2024-10-17 17:53:51
ae7a51d5-a594-498e-a38e-0b42abc9382f,Wbyybnnxvvnfpdf,2024-10-05 07:45:58
14fb07e5-0c08-4361-aab3-517e5dacdad1,Sncokvbckjnju,2024-10-15 00:48:59
cb68a064-084a-48d7-a59a-467b33eb3601,Jkkgglvxnekqrrm,2024-10-06 06:17:14
fae01ae1-d8b7-4662-8041-980ac112da66,Xaqxqi,2024-10-16 00:28:54
e46d4cdc-3f78-4466-9e8e-b471642cfe80,Ufhiel,2024-10-17 20:25:15
83943147-e55b-4bd4-88e2-b6fa16485708,Uswokxnhli,2024-10-10 08:30:16
a852c4ed-2320-4d0f-a331-7a275ecdb771,Pdxayqvfyskns,2024-10-19 21:17:57
8ec68110-3906-4a3a-ac66-bddd57185823,Khkhp,2024-10-24 03:33:22
e9e5534d-9da6-4eac-9a0e-1d0cdad0d6a5,Ivencbodt,2024-10-07 04:26:18
17948f6f-087c-43b0-9006-22aab2786cb6,Oqflovmxg,2024-10-04 22:17:45
a41e1164-e7ca-4f9e-8016-08e4c57907e1,Ynqsf,2024-10-31 05:10:36
eb3ad1aa-0767-44d4-908d-3af8b568b773,Oizyacnm,2024-10-11 07:50:51
cbe2fc0f-28ea-457a-8d32-75233eefbdc1,Ffpjfeeazlhuv,2024-10-14 17:47:16
0904dd16-9f4e-45c9-83f2-cf1ea9ed3fe9,Bhhuykunwuequow,2024-10-22 13:42:55
9d724c38-7bc4-4ec0-9964-928f9b9850bd,Yeukwomadbqgh,2024-10-11 13:50:55
8ede235d-7019-4dce-b32c-8c87b7736ac4,Lnhypjudmjzqn,2024-10-19 16:26:16
e38e20da-9a26-427c-8ce3-4136c3888c24,Mxcrdzwmqjgreon,2024-10-24 16:07:20
c963c032-2c00-4145-91df-beac86d3059c,Xxqml,2024-10-01 16:21:22
07e43935-b8cc-49f1-be4e-d5b168cc104f,Mxuaqlvm,2024-10-15 17:31:35
d980604e-6c96-47cc-a0aa-c1af72b51ad7,Xzgcw,2024-10-01 19:17:04
b623d347-d746-402e-adaf-9028f83f88c1,Pxmne,2024-10-09 15:38:43
c9d29948-d5aa-4d5f-a9f6-7d70117da24b,Fbbnelwljndvrwh,2024-10-24 02:58:30
f93d8d14-6aff-4482-8aa7-d9d6727dcebf,Gwgalujbnvzmbuy,2024-10-23 13:39:31
368975ec-ead2-4efc-9a20-a3bf4923bf4d,Dvkzurr,2024-10-28 23:50:38
c8268b2d-dc0e-451c-a027-cdd241c37edb,Hwlumwgukhhkp,2024-10-26 06:59:16
c73e473a-76f6-4a53-b29c-2e319b7225d4,Echrtcfoeoia,2024-10-15 21:07:46
840c9a9a-8111-4e91-a595-a7555b09ff49,Xqomubwmkk,2024-10-17 09:30:58
bf539a31-5d1d-4e63-a6dd-0a4466cb1f95,Rkfpasmzpkhpjug,2024-10-25 21:24:48
d9ba9460-fc6a-4a4a-a416-2df9afb36892,Xtfaqd,2024-10-30 01:14:06
2cf7ac6f-f529-4b07-aa2d-852e05af0555,Kjgjdplojydkg,2024-10-31 02:36:39
d0c903f1-877e-41bc-971d-981590ade974,Vccvwmcvjobuqzy,2024-10-16 12:16:10
c058de0d-c561-425b-98f1-caa01f05911c,Gkqcnbp,2024-10-09 12:46:52
37a280b4-9806-45f9-b898-ff81018fd207,Luwys,2024-10-18 06:34:16
5b7497d9-e1b9-4fb6-984d-0376d9be987f,Iewqlaoy,2024-10-09 22:33:58
75c9411d-68eb-49a5-9fee-49e0fae7ddfe,Mcdjxhumpg,2024-10-29 20:43:24
40021270-3503-436d-95ed-f54f996a908e,Xfigmiaf,2024-10-29 02:53:35
1d641030-2cde-4f77-b0e3-7666c93c3e5f,Djsyqofcg,2024-10-18 06:35:27
4a5f1ded-95dd-4753-b36f-c976c79293a6,Zphzrjzosdbjw,2024-10-04 19:24:36
4e1aed20-87af-432f-b58d-1e479bd62e69,Lsebbjgfjes,2024-10-20 02:19:44
d4b6ccf9-e065-4cf5-9039-2fb5f25cfa10,Hcnmhlxuv,2024-10-08 20:13:19
a4d1ff89-a43b-4ea6-89c2-3bb5f273747e,Zaixxvtr,2024-10-23 03:50:40
1e3bacf0-0294-4cfd-b65b-e7824093d9aa,Rxioyzydqwvmp,2024-10-03 06:12:46
2db9425a-36b6-48be-b79e-a88dee3b3282,Htdxbo,2024-10-21 08:21:40
508972f4-61f4-4bfe-84d2-eaaa7de810eb,Gongosstcu,2024-10-15 19:42:47
e8070dfb-1d12-4f1a-ae91-fc587e8cd93f,Ipshxgxszrc,2024-10-30 14:37:19
6051db13-99f5-4f10-9c61-6b995d2533a6,Thuqulainhw,2024-10-11 21:49:57
6537543d-555f-4fce-b226-be19d70da20c,Htudta,2024-10-05 21:28:00
bc0bbbad-ec9b-4583-9a0f-69156c285535,Fwjjzr,2024-10-12 10:52:21
6bcab593-c640-43ad-91f8-0c5509fc5b72,Gqidj,2024-10-31 10:43:06
d753c2a0-3e38-4242-8038-9b7ea52b1ad3,Hmqxpwfp,2024-10-25 03:26:05
54a79e44-6fff-4f53-b2f3-f3c3d8f9f6e3,Xgqgfsr,2024-10-28 04:03:32
0995014c-9a02-4e2b-b932-7ec459db6822,Qkcexvrewsfk,2024-10-11 10:50:21
262d348b-d413-482f-b365-60ab1caa14c8,Iptkzgipgggxcv,2024-10-10 07:29:50
482d9f97-915e-4d9b-b651-b7fb036eeb75,Dpysnnqtqvmq,2024-10-17 21:13:43
e9e7ca84-64f0-4fb4-86ff-28529d1f829e,Eaeuoldshx,2024-10-01 10:40:13
5e591d44-e276-4b03-9e81-a80e67624435,Esfrnhfierpt,2024-10-07 03:43:46
acf3e3ab-7941-4b62-906f-116bf9db25bb,Hsgnhgcybm,2024-10-12 01:02:34
d5e58d30-8c1c-4243-91d6-a38739b0e981,Ynajlm,2024-10-11 09:45:44
bc79b80a-bd32-4c4b-82e0-f63931566b5d,Zwsisxqrcllc,2024-10-06 07:49:42
37ef887f-0c40-4d5f-b169-c8b93c5903e7,Colcf,2024-10-21 21:11:59
d5591aee-a06d-4233-ab54-6a1d8f26016f,Qaiziwkq,2024-10-25 19:12:12
0c9b645d-96c2-4855-ba42-3e4c48e03145,Cuvqlmqxnj,2024-10-25 00:11:28
3dab9bb4-bc61-4fe5-bf57-b83eb3d183aa,Osssimohmmltxju,2024-10-30 08:53:36
a8961e53-4dcc-4646-8368-16456ec632ad,Emewiopwxfdbo,2024-10-21 07:05:59
c4cf3d80-fd76-4aad-95ca-5813f96f1795,Qdeycxoh,2024-10-07 07:48:54
ab27504c-98c4-4046-8d08-b43ae1c847d8,Vyrgfoti,2024-10-21 17:42:03
cd0ffd32-cf0d-444e-9fe9-f9be999adce7,Dqwhq,2024-10-14 08:05:21
cd8416f5-e4be-417e-99f1-0aeaed2c57b2,Smwpxelvefrmb,2024-10-18 03:32:03
1b7f3f50-0e8e-486a-bf39-9e136ad44e90,Zjyfshotww,2024-10-16 00:15:15
77629aff-d9ec-4caa-9629-6cc458944f33,Utzeydolj,2024-10-29 13:48:12
8113f334-06dc-4c9a-8593-00a6027e05f8,Mlsudw,2024-10-11 11:16:56
ce62f667-d6e7-40bf-8df1-a9b8995c01ef,Jlphbrdgp,2024-10-12 07:51:03
237f6839-1be3-42ea-9034-7ffbbb3abf71,Gowqmvd,2024-10-21 20:07:00
1caed7a1-ce01-4f75-b03e-7d59d151d3e6,Riwugouafxokuja,2024-10-02 22:46:01
9fad1a00-e001-40f0-baba-c3471b3e57b2,Tzbqm,2024-10-07 10:53:17
63a4b030-c327-417f-9852-598f13eff188,Hvzqihjcjr,2024-10-06 10:23:14
cb42d511-6973-4b4c-a1f2-5bf1998c99a7,Rmnmvuybizaj,2024-10-03 20:38:57
0b84290c-fcd0-4a1e-a931-1624f4586156,Lgtqzjw,2024-10-08 06:27:12
78495ffa-baef-4d50-940e-09b68509ac57,Sokfvesexhailwm,2024-10-21 06:56:03
6a76c44b-3eb0-4173-bfbd-6c22a03c6bd1,Nvlqssmchipk,2024-10-19 13:11:19
0c474676-9df1-4156-a191-fe70b515f36b,Vbaszck,2024-10-22 14:04:18
90e80308-3b9a-489a-abc1-f3b665e8c10d,Pfnyjlbg,2024-10-12 05:49:34
b57b00c8-923b-4159-8df5-5557208903bc,Aknjyran,2024-10-27 02:02:27
d29be58f-b817-4125-82e0-4060f8b3dc0e,Wfxaqmxmajc,2024-10-13 06:43:36
5d623492-485a-4d02-97b0-c68992810b28,Maqxscexghjshpb,2024-10-12 23:31:19
be584230-220b-4ad6-8b9f-dd06059be440,Tevxzbb,2024-10-05 16:16:47
66ee2d02-e4ed-45ff-9b38-3fe89d29e74d,Rtdnovss,2024-10-16 01:20:53
ebfa6861-44e6-47cd-8bd0-5a2c5dd6288c,Betnobluqraul,2024-10-22 20:57:13
0ce47155-c827-4ff9-9504-44b3a44cae3a,Yfyywqm,2024-10-08 23:51:47
623e4781-bdd0-4459-93e8-e1216bccf49c,Wewxhuxxuakti,2024-10-14 06:31:03
c09118e0-ee74-4d3d-a8b5-dfb455632b83,Faoregkdi,2024-10-27 01:22:13
a72b1506-91b9-4466-bfee-6a575246cb4d,Bkqqjk,2024-10-08 03:56:16
9a086ac4-e122-4a23-b198-d4ecf2d1cdf5,Dttkxbepfppofbd,2024-10-01 03:18:27
ec369d60-14a8-491e-a4a5-b4c5ba4b77a2,Nehpgq,2024-10-29 11:32:33
3ff6c5a7-14f5-479d-b6e6-247b50f72806,Qdbqz,2024-10-21 11:56:48
fa5efebc-b8f8-45b3-a465-5ff752360fc9,Gnnaon,2024-10-29 16:16:11
18523b7b-ab17-4ae2-8aad-a50318503403,Ngipruieosl,2024-10-21 19:44:03
db54cb4c-d24d-49e3-8fe0-737f88488a12,Zxeeonbxjshn,2024-10-21 03:55:05
d6e7711a-ea28-467f-a4aa-724c53aa2b2e,Ahqbohluviollu,2024-10-15 15:26:16
fd5e190e-92b3-42d8-8fa7-f3b7d1cb1a78,Rzlhbpu,2024-10-15 00:59:51
ef05c654-b203-4457-b03b-cfcd19ded744,Wbihd,2024-10-07 05:49:31
a8213dba-ad54-4fa0-a92f-8c4118823c2f,Dupugrxciw,2024-10-23 16:00:50
1478f5fd-bb43-4c75-82c0-aa17f960ce8e,Ydvdzckr,2024-10-09 13:40:06
87b4ef6c-7e0c-4714-9251-ddad26824897,Jqsvwa,2024-10-15 02:16:22
b35d2a52-324d-4ac6-8a16-22ecbabe84ef,Rbslraytixu,2024-10-12 06:56:35
e32061da-d4a2-4bdf-aed8-0320bd6e2f12,Fpvmsdtd,2024-10-09 04:37:37
b6d893bf-9065-47c5-9125-d4bea35f1a77,Sanymju,2024-10-08 04:31:45
feb25c9f-882d-45a0-8477-72f62f98debe,Grfafhfx,2024-10-17 17:29:55
c024c1c9-bc98-487a-8823-a6872a5ddc08,Asrcswrmsrdye,2024-10-02 05:50:31
b60a56d5-42b7-4f02-9c0f-3d73f1fda603,Xcnnlsqqzuabjp,2024-10-18 01:12:26
2aa44d08-1c6a-4902-9671-71334150c813,Qjquvoyx,2024-10-05 16:38:52
2aad802c-4554-4556-840c-65b8c0f9e685,Gpcnanwmxdkrj,2024-10-05 18:17:48
27f05701-a0b0-4cbc-9957-20cfff89f333,Gttuwhzkcqxq,2024-10-18 07:52:56
c950ce13-cd86-440e-87f3-6406bfd72836,Jtgvwdqn,2024-10-07 17:11:12
db7b5be4-d1f3-4de1-843d-c938596b2b47,Mubpppqa,2024-10-02 00:22:24
1ec26748-bd14-4378-8e42-493d259a7678,Jcnkryibwc,2024-10-08 14:17:24
c17a01ec-4619-499f-bafa-b38d49e27648,Elvic,2024-10-20 02:40:24
6d58677c-93d3-4a54-8ad4-135e61c031c1,Upicmletrvtbd,2024-10-22 15:08:47
f5d9e2b0-f2d2-458b-bb50-c4163720f37f,Ukbob,2024-10-07 04:45:14
daa85313-31f3-4830-9dcd-b596c6e2a3db,Atxslcbce,2024-10-16 03:35:01
1eef8329-24de-4448-bb69-533f642b7c55,Eedimagequnpuvo,2024-10-28 05:21:43
2e448412-a422-4479-852b-e420d078bea7,Tocougdtupr,2024-10-31 09:35:08
201078ca-b0c0-42fb-b558-71078f89e9d3,Dkhithoplfjxg,2024-10-20 14:18:36
2c8b87c5-de57-461a-a164-1125980e58cd,Yqyigwbtgd,2024-10-26 17:43:02
fadec054-80c0-441a-8dfd-3c33ad76ee76,Kgotptposkjgr,2024-10-19 22:06:13
7bf6dc60-3847-4f63-b8cc-c47a39641906,Mdtblhrgutx,2024-10-23 11:57:12
c32c1a6f-ab1a-43fd-9c8b-79bb21290bc4,Dugfzaog,2024-10-02 15:45:18
103565d5-f122-4f19-868b-a6aa7d88e99b,Jdanmuxuvmvohrj,2024-10-20 23:55:23
4a585ba8-2381-4356-ad3e-7d59906583b4,Jgmaobcbrgnjc,2024-10-14 09:52:31
e931e64a-6a24-400e-be84-a304bb7448bb,Uwetkftawbahan,2024-10-15 05:44:33
28117140-aaad-4d1a-82ec-7b07fdb52455,Cgyjvkpjp,2024-10-24 17:05:17
c0c9cae5-9359-47c1-81e3-c4b439d2da4e,Zyigsirp,2024-10-08 06:11:44
cce22d21-4134-4034-8dda-8c7dd52aaa13,Hvjarhddem,2024-10-15 06:45:20
295ba3b0-3f54-4092-b29e-56a615227b21,Owfwwretyhne,2024-10-18 18:08:51
038893f8-3238-4ce6-a4f2-28b9de962d97,Sbosaxtt,2024-10-01 10:20:39
3a894d0c-b4b8-4071-8538-e19b8978e9b6,Bifgjmhgvbcbi,2024-10-24 19:29:19
e3763772-f3b1-4205-9e71-75604cf6b6eb,Fodykbapfz,2024-10-03 23:30:11
265b7fd9-d096-467d-8c67-43720977a445,Fespnzqhoxertme,2024-10-15 12:57:50
701a64f5-fb09-479e-ac65-19d8d9ee9089,Xlytxiwtljnpcxn,2024-10-18 19:29:54
7f7c9f32-5adc-4c28-9b56-2bcd30e860ae,Sxaxjvumblqxum,2024-10-20 03:18:55
c92171bf-ce71-4f7f-84ad-85f0864aae31,Izlkyiefqnztejs,2024-10-09 03:16:56
00eceec2-0a7c-4ae6-ba41-fc985dfe47ff,Yxdpeyhynp,2024-10-18 23:50:17
1b5fa53d-3c77-47ae-af93-8d21b5be6fb8,Kqwybwbcpfs,2024-10-16 19:30:45
c30a25b5-552b-4d62-8a79-60f019c26f69,Nqfzualv,2024-10-15 11:37:06
6ca6a5a8-681e-4bae-830f-7a988ea15f9c,Vceehlh,2024-10-14 01:35:51
cc798e04-1181-4e79-bd9f-f01faafa9692,Vtpeex,2024-10-30 17:14:29
46e01f82-173c-40d6-92d7-565c71d19ca0,Jwovnvu,2024-10-18 12:09:16
d003f0c7-6ef5-4ae9-8d0b-ab9953f06302,Qrffxoiszcbovn,2024-10-12 10:15:34
079a7072-269a-4c16-8631-c46e07f41e74,Glamcz,2024-10-28 17:44:06
bd889913-e1ca-4d76-9efd-06dd77b3fb20,Sviqajcl,2024-10-07 04:28:38
e247c306-27ee-4750-8e09-3844967accff,Ldkbg,2024-10-10 08:50:40
18b63594-0113-494c-963b-cde593d73d53,Qphzectxonjeudt,2024-10-06 04:54:42
be76c691-8550-4a64-a594-d0fe8aa4186e,Wdveftfrelmvwhi,2024-10-13 21:10:57
ef243f17-3bf5-4eef-af98-9e6c5428a4d3,Rzequxpimkcs,2024-10-23 10:47:11
9df3be42-c444-4fcd-b097-7d690fb4e3cf,Onwhcsgu,2024-10-28 11:05:41
eb153fb5-d141-4ebc-9b0f-7de9419114b4,Bwluuhmnsf,2024-10-06 17:19:29
bbbb945f-4809-4729-a899-980bfac7f702,Elorcmuwhuufk,2024-10-20 04:51:02
aa9b5d6e-6d0e-4c42-be39-d2a7506f95b8,Ujjakoaftqhm,2024-10-03 10:22:11
393a4206-da3c-4e25-ae93-ba705df953de,Kaeuvgk,2024-10-10 09:53:47
127351ea-fa61-4f10-97a3-dd800c140df9,Sdkokddzbazko,2024-10-15 13:56:09
720709c0-8428-4943-8ca6-49cb14d1dcf5,Mgeutlzzuq,2024-10-10 16:39:30
20194fa0-0d9a-4b59-89dc-4ea976194e1f,Cnavq,2024-10-02 10:53:04
323d03fc-3fb9-4c49-8dd7-753a46e473d4,Qmnvdsfn,2024-10-03 23:01:45
b687efc8-1490-4ea9-8d62-680ba9a48ca6,Qnakfjwadnioc,2024-10-31 08:08:34
404e6d8b-8e36-4254-918f-f6836a9873e5,Yqxkww,2024-10-20 07:57:04
2e27dcc2-7342-4420-9f4b-7293bff009b3,Sqzfudxoyz,2024-10-02 01:23:19
ea7bc568-8bf3-4d0f-9cb3-3b48c2def1a2,Kubvxt,2024-10-29 03:33:50
b37035b7-fc71-4be1-a269-d6b9106ad089,Gmnnxmgpx,2024-10-13 18:43:46
112ec4e4-4d87-4abe-b7db-92af55a2b6fd,Mmkzzqftnf,2024-10-16 13:00:19
2b0ca0aa-ece4-4058-9e8d-27e9a1129a05,Njypko,2024-10-06 14:40:18
faf6d6a1-a4cc-4ab6-8fb5-661c9e060231,Rausr,2024-10-04 14:00:28
75f0c990-2140-4a32-b887-ef4a4df2eda5,Gvmlppwkyg,2024-10-03 15:39:20
40a136a5-bd89-431d-9258-7fe974cfa87a,Dqnxgfaro,2024-10-18 14:11:31
7eda3462-8c61-4702-9afc-347f25885cf2,Hhvqfgzriqzgqlt,2024-10-30 15:06:30
b4515a92-1707-419f-9e06-a586d5416242,Zttcacg,2024-10-28 11:23:43
aa5ad091-db39-4aef-8857-065a55dbf9a7,Ayjjdxoc,2024-10-26 12:42:33
26c6c8b6-70b0-4d45-b2b7-9c60846c718d,Wjvnvauezkzq,2024-10-25 02:30:04
75a2e83b-1057-4275-b9e4-c535a872fddd,Lbxolhlx,2024-10-17 02:49:02
0e96e764-15bd-4742-b87a-6e2b7bea77c6,Vfnyrzbpuku,2024-10-14 04:16:20
dcf31664-6284-440f-8de5-0753244bd518,Uqwnujbhhddb,2024-10-19 11:47:51
a74714a3-47c7-4147-905c-8fa7b24a417a,Nxzkurpsmavojjh,2024-10-25 20:19:25
7b8fae42-f321-4ecb-b67d-8ff5842ce86d,Hthtwaemx,2024-10-31 12:19:59
1a4b2640-f25c-45eb-884f-ccc7bf08d884,Ldlvpbkgaur,2024-10-12 08:11:41
93cb9043-869d-474a-a00c-855a7ff15863,Qdslu,2024-10-01 12:19:55
e13031d4-eb3a-4f4b-bd65-7b9d5fb8a94b,Ngyzrzqhhz,2024-10-14 07:36:53
ae337128-537b-481b-8cbb-0648fa817933,Vwpghjpcnijpwz,2024-10-05 11:49:51
5a37a955-22c6-44bd-b849-475a15f7f7cd,Vrhdxucmjbohpvm,2024-10-03 23:25:57
596db6cf-0a42-4a91-a80c-44dd21b566d0,Fvahx,2024-10-20 02:17:49
758d3a1f-64d9-4fde-a658-46436acb3ba2,Latlahlwgnop,2024-10-06 18:35:58
e987bd5e-5198-4b6a-8610-2806e9b74ffd,Cmvcoqelfozps,2024-10-31 02:14:32
26ba4576-a9cb-45ec-8b83-0c1be5d49114,Rxuhqtjhg,2024-10-06 14:10:08
2486a4f9-c6af-4cc4-96e8-5907956aabd5,Iuosrkivnbybn,2024-10-12 08:30:29
53138b6e-7b3b-4ffc-be49-90690eacb6b1,Jipdc,2024-10-17 17:00:18
cbc4d8cb-c3f1-4ce4-9fa0-9895794ca6bd,Bkoqauf,2024-10-27 16:13:18
71df371d-bbe0-4384-9818-d3c0e343c48f,Bqpmpxnjstrs,2024-10-12 21:17:44
0208af02-80c9-434e-8ed1-01a5cd0f35b3,Rqrji,2024-10-18 22:11:30
ba86eaad-682c-4bf5-99dc-9bf8a102cd01,Bleuvokkr,2024-10-26 12:36:09
3fc97fec-44ad-427f-9074-db216755ce27,Nmrtgv,2024-10-31 21:51:09
f11d682f-3fa0-4bc1-90f2-ddcddc590772,Tbxsewkg,2024-10-12 04:02:09
f4c68830-956e-4191-a66d-1d564998a6b3,Sprzjjwuuef,2024-10-29 00:57:03
c7f6a7c7-8c0b-4f22-bfda-3535b09aeabe,Ufeihdnsgsc,2024-10-25 14:18:44
2a9e5a50-5edb-4334-b704-df5a6b23e0d8,Dlfjzhoc,2024-10-31 22:46:14
70cf65b9-d0d7-4784-95ad-cefca8984bb6,Gtndvbwmunla,2024-10-09 08:35:29
9fad7cc8-a2d6-4a59-a04e-cb78566a2ce3,Zrfnesgadrbmuj,2024-10-24 08:57:05
af76d713-381b-4166-ad75-3629c163b897,Nrghazosii,2024-10-30 21:17:03
622a9bb4-4731-4e18-b984-6988173a394c,Jyopufzcqii,2024-10-01 15:31:11
d0cf982e-af8c-47cb-ab63-1c549d41ecf4,Cfgxx,2024-10-25 03:49:57
404a10ae-3f56-4a86-8251-78e91c155fda,Pggghz,2024-10-15 11:59:16
d92eace2-31e5-4196-a764-30db833b1fa6,Wwwzw,2024-10-30 07:52:19
6571b972-cb00-4a34-adb6-7d53ee899dd5,Lulswrujjbnd,2024-10-05 21:17:17
4ebbe401-0101-48fb-8b11-94eccdaf1985,Zgivnn,2024-10-31 01:53:58
05c60c58-128b-47bc-87aa-07e771c757fc,Uytuphaidwzkihk,2024-10-29 06:13:21
334bab45-a50c-4d76-91d0-f7aac5d6fd74,Zhqctphkwbdyav,2024-10-22 01:46:22
4de77b1b-4918-4264-870c-46cc7c9329a1,Lqwtyqoqazzmtjd,2024-10-22 14:52:18
2e75a96f-e688-4484-9d4d-1d6e47fa8122,Fdtqgahxxgzdh,2024-10-14 13:36:41
9c3aea90-f512-4223-b89a-9e6b1de3a50f,Qbxgxhxlfis,2024-10-26 18:31:10
99762d85-5d32-49fa-ba04-dcd6b950d005,Pasjqkb,2024-10-09 10:43:07
34bf5e56-7e3b-48a9-a198-debe27cda9e6,Gquxlenddp,2024-10-28 11:44:37
405f3ec4-6740-488d-a2d4-82d6dca59a7a,Pwggii,2024-10-11 08:33:48
f5088edd-1391-4686-b2a6-d8eb04fbd1ca,Ivtxycfiq,2024-10-26 08:58:20
b75a75cb-ffbf-48f0-9663-af7a6d15b9dd,Uperjofc,2024-10-29 23:23:28
e2e9da5e-831a-4d88-a99b-0015240e5b2c,Tqknkygjtgxhgr,2024-10-09 00:38:44
4ce0fd6f-e784-413c-ae82-6e2e83d0ef67,Anwraelyt,2024-10-10 06:38:50
6a476187-5824-4a47-b7b7-4add23e03898,Dceibmwqgtxw,2024-10-28 04:17:24
c17bb064-afc0-4d68-984d-e7bff53b9391,Uehcjcyitrbj,2024-10-23 14:42:28
1728cdea-98ea-4474-aa6d-c0e38b8f7ed9,Cnbhfmbqiqrty,2024-10-30 03:32:13
ec2db4cf-a94e-4c7c-94fa-2aeb1e323f8e,Ipzfdiddbcmr,2024-10-07 20:09:38
3bd3aca1-f494-49b8-8362-87452eed9cea,Sspjrpr,2024-10-21 03:20:33
667c0975-2e7d-4150-b9a4-51546178f1e8,Gkmosxdafdvzg,2024-10-20 07:49:53
c7a39c73-93b7-40f6-b519-0e60d843ad3a,Ieufztsb,2024-10-01 12:59:00
19a61c23-2d24-487f-8b91-19fac506bd1e,Zvycmekeabu,2024-10-02 22:02:14
4102726a-cbc8-49e8-abed-9d4c8c2524df,Qndugpljne,2024-10-29 02:55:38
cf8e978f-c848-4786-ba09-9e32de91a689,Nmkgfxoketcxfav,2024-10-19 21:43:39
bee00b08-ad3b-4743-bfc7-a3ba5fb05d98,Ogclwiypulc,2024-10-01 04:46:13
cf972047-978d-4a26-9386-4689e3a63a6e,Vmpwgdq,2024-10-23 11:31:02
fa20ceca-2d4c-4ed4-8bfa-21ca710f0199,Qvfgfunfg,2024-10-19 04:11:41
b1b1fb65-7945-4b8f-a638-b5772b48a792,Hawkmwmapljfel,2024-10-08 12:57:12
458cca29-91e1-4553-91b0-5f4a4a1b3d90,Jqhim,2024-10-25 14:09:31
122d247b-f80d-415f-918e-96f51efe4597,Cdiwdnimb,2024-10-23 04:29:25
6bf33bcd-b63c-40c8-95d2-230f87fe051c,Szdubgjcs,2024-10-01 08:57:50
592f580d-c5a6-4dd5-8c13-fff2c654ce57,Nmxdqhoatijjvh,2024-10-23 02:05:53
a3378293-95cd-4ed4-945d-1729f4954872,Wbedn,2024-10-18 13:51:07
2c00d686-3b67-4ffa-baee-8478b7baca87,Mzndxtydobk,2024-10-05 23:38:43
71c2bc84-a8d7-426f-81f1-dd36f5409cdf,Nrvstjdxfcgh,2024-10-08 08:34:40
607614b7-e55c-485d-abe0-c5ec38442609,Axiozcazhov,2024-10-04 13:59:50
809d7b94-ba60-469a-b2de-92952accae5a,Ilxinctibc,2024-10-26 02:16:39
cda6554d-019e-4514-bdbf-229d3f9870fd,Devbjdqs,2024-10-22 22:47:07
06661394-a78c-4737-a438-2676df85d14f,Yrhtgjgelymxv,2024-10-06 12:24:03
4e825ecd-e200-4dc5-9992-56eebcd1aa6c,Nhlqoourwh,2024-10-01 09:37:40
e0d60733-1728-4030-8669-88862223449c,Kxwcfegcn,2024-10-10 11:44:51
06797d34-06ac-4066-8eff-ad0ffc385382,Fihwdpsf,2024-10-04 10:07:22
ce00f4db-91e0-44f2-9cb4-4474e64ad5c7,Uknzvxhtwvn,2024-10-12 13:53:04
b5dee883-6351-4db8-a883-2cec4a78087f,Aatlvtzzdvhoklx,2024-10-02 09:37:12
e49dcf3b-6c99-4a99-a977-e156185a4386,Snxpeihzhnnfzgn,2024-10-17 13:44:48
a5a68375-c463-45dc-96ab-2fc568f69bf0,Sxztlwgtpfmaid,2024-10-20 12:39:00
4db9edcd-e1be-47a6-b20a-557453027a52,Djwgfw,2024-10-28 05:55:31
384c5370-6101-4029-9e87-e47f93b6d8c9,Ugfvrmt,2024-10-30 19:27:28
6dd72db0-2c18-4a5a-b605-867a90970d08,Qgiobztgsy,2024-10-23 11:12:14
973a42b0-0fc0-48ec-9441-170d982267bc,Lycegcirrprquz,2024-10-27 16:10:20
f275ad84-a9dd-47db-a2c4-c433f93847fd,Hnjazq,2024-10-08 13:38:35
d60c9599-d10d-45ca-a1cf-8b385b56f117,Nodnuoepcl,2024-10-15 01:27:58
9853c65f-bc77-485f-89ee-a204cf68f5ab,Ccygir,2024-10-11 16:01:24
b0e0b06a-e452-4905-9b99-6c2145a289ee,Bqvmzcsa,2024-10-27 00:48:01
f563075f-00b9-4072-bfa8-1f4e0460a7ef,Dyncrbwdnzhn,2024-10-13 20:58:42
84a1304b-af64-4871-866c-af7f5099b555,Wlpogr,2024-10-17 03:51:07
612dd058-bb7c-478b-8065-b7c8e258de59,Azcwnghbodom,2024-10-24 11:21:04
fb4bacf5-9898-4621-bc3b-490ee14e97cb,Gudtsenztbk,2024-10-24 00:08:44
fab981d1-9541-47ad-8b48-fda8e0737275,Izlnhospoabb,2024-10-05 21:17:28
d53ce884-01a6-4360-a228-34aa036f82c3,Sesqzenjdkiuni,2024-10-31 03:11:31
59469a4b-e86f-4c5d-afe4-3c47b639c926,Inycmbqszdjaa,2024-10-30 07:05:21
58333cfa-cfc4-45bd-b64c-8b7c46a25306,Kntimqf,2024-10-06 13:20:09
22077aa5-5771-4556-a822-e4cc0465dae3,Yiscedyxvindlz,2024-10-13 08:37:37
c0a7c869-756b-4360-9ff2-fc0d90d72608,Heudzlhqubpz,2024-10-22 20:48:15
5f7c1e7b-7be0-4ddb-87af-a62a84c15430,Wshxwqol,2024-10-19 23:03:29
11198ec5-b0bb-44dd-a7d4-e1fa6484a8c3,Bgwfgzomawcq,2024-10-25 20:06:21
dfa36abb-0e8d-43d9-aa9a-8d5895b9f116,Dgywu,2024-10-09 00:48:43
a46ce7c9-f8eb-428a-8e37-69de82f97a68,Jtheehuv,2024-10-08 01:32:19
088c33c4-45b9-4871-b3a9-089139ef29b6,Ggdmerwqu,2024-10-09 09:33:35
19f0a958-40eb-4a7f-98e3-56d4d190cc09,Kegxjejywy,2024-10-23 19:29:02
edbd3142-35ec-4020-b2c8-9bdca1afc5ad,Zwamygtivglqhx,2024-10-27 12:43:38
dfbf9423-40f3-49b8-b6ba-a2b3c398d8ee,Athekzrikhqz,2024-10-04 10:40:31
933fdf00-0d22-4907-aa9e-a14daef29129,Wvrnzcjq,2024-10-10 05:36:21
b2b0a2df-6199-4407-a1b0-d96c571fd883,Syynlpgr,2024-10-06 00:47:15
954ae2ec-e178-4611-b94b-4e9417b0e2d5,Whlfpzeyj,2024-10-17 02:54:09
5f2ca233-d82b-4934-a71e-98195ad414a1,Ufzcih,2024-10-18 16:24:10
1974f4ee-5424-404e-8a48-007a1ef9a356,Zvgmvwheuwcmy,2024-10-27 21:44:34
3301a3ef-f996-4ea2-a37c-1865ffc27c8f,Xizbjggdigiwot,2024-10-18 13:14:07
938fa9e6-7c6b-4112-9938-3caa66e63c3e,Mpsrhnaynika,2024-10-24 04:45:24
ef2f7b42-13b2-434b-b8ec-dc6ffc103c93,Jcvodklvob,2024-10-28 11:28:52
a5a0abef-d7a0-4328-8686-68e74ddc8cb0,Ezupubksjk,2024-10-21 13:37:04
274de0d8-3a77-407e-9fd4-d6c244a8c72f,Yoyfazwnidxhhrs,2024-10-05 10:54:09
20743198-b6a6-400c-855b-477c20f48a0a,Hckciocrkh,2024-10-19 01:28:11
3b917694-af30-4a7e-85b0-7b7fb2ae0f74,Xxkwjgdot,2024-10-02 02:09:48
df4133f8-ddcf-4cc5-b38b-577bcaceb7dc,Frywv,2024-10-13 04:41:57
acebc0cc-9039-430f-9692-9e8375c3edb5,Efaeaimslw,2024-10-29 03:04:09
44c34863-f7bd-4d46-b9d9-2e65a2aa88e6,Crnmlzgs,2024-10-25 15:37:48
bb5fbe59-5942-43d1-8c6d-2df25e6ef20b,Nksjszuhagdh,2024-10-25 08:47:26
f7c1db22-387d-48c9-bd4e-d5d69dfa9076,Uthlykywvbo,2024-10-14 18:12:45
54066c1e-1f7c-44b1-a8d7-fbd5e9cc2fea,Oxfvrsjuzbfnlxf,2024-10-08 23:39:53
edeaf040-b737-4e93-b458-9d61bd1f9a98,Lzwsmbavqv,2024-10-27 17:56:39
915ac4bf-a4c0-4671-9c49-0c9c5b9c932c,Pgxfbsw,2024-10-09 13:55:54
9dd1e25d-121e-49fe-b1eb-6fa67564b9d1,Nenljiwc,2024-10-13 07:20:15
af807a6d-58e5-4044-97a1-89cef51ca0da,Rxohzbl,2024-10-08 21:25:54
87827626-145c-410d-82d0-1d1a708ee910,Egstzxzzgmm,2024-10-28 07:26:21
b7a42ade-32dc-4eb5-8aef-4f98f59ec789,Bmhmxotkwvhs,2024-10-21 21:29:22
c9f6b8fc-60ba-49f3-b1bd-831f6a178ef5,Xkfazqthnpupeb,2024-10-30 16:06:00
ae4b6cd8-11c3-41ed-82b5-9fce8374bbc7,Galipc,2024-10-19 12:49:37
277d6eae-8c51-49bc-aee1-ae3eb691bb93,Xsuudtcmf,2024-10-10 20:03:21
42e9efa7-6c62-4921-a528-f1f106167cb0,Nlgkthxqzqceqe,2024-10-20 23:41:09
fa81b49b-d9be-47b8-ba3d-4923f81abaf9,Infrfsegqgogn,2024-10-01 07:05:41
71395d7a-e4e1-42ca-b77f-2243a22abbe3,Ujglopqiaz,2024-10-13 14:19:31
aefa633a-3355-4b88-ae42-c809184bb860,Wqudavsd,2024-10-05 11:44:31
08b86725-a362-4fb0-8539-1d393be13740,Gmdznjj,2024-10-09 11:07:08
7bad5147-4f1c-4f13-8831-b4c5f1ca8af2,Vumweyylxezw,2024-10-04 18:58:47
d5cb467f-e977-4039-a7d8-ea215f28e78f,Uoxrqk,2024-10-09 14:41:33
7103908b-da01-4340-9cfd-1b4be8e75d5c,Vhoqxnfelghqo,2024-10-29 21:10:18
a96d25da-7759-4f27-a255-89387ee1f051,Ejgletf,2024-10-05 18:48:14
8a62c994-2145-4e6d-8e11-f42aab1d5be5,Oqcxj,2024-10-20 15:51:02
ab39c6e8-acf8-43f4-9212-0a9ba5db77f6,Cdtyscbwbbglhq,2024-10-13 04:32:49
e3733c87-0f74-4e37-9750-7e7e52548264,Wnchiubjftc,2024-10-16 20:30:37
a4a64398-a995-4d7d-8c0c-0c41b2b11377,Cphuejunhqet,2024-10-03 21:48:35
62039dd9-0995-413f-aa3b-7a295da9976b,Efeytddxvu,2024-10-27 10:45:03
f23442d5-c3f8-4a09-8931-8b5fd9ad753b,Qncidyznwry,2024-10-23 07:24:26
059de174-887e-4fe4-88a5-a1f953a8341e,Lfeyuwlwjla,2024-10-08 16:46:20
26a5a118-eec1-41d7-b93b-abf09d98fb3c,Jyjtovpsssknyug,2024-10-05 19:25:38
e8013b18-1d6d-465f-96e8-75efb686c10a,Ztbjrgw,2024-10-11 13:08:53
78cb470a-564f-4392-bbd0-d571b9887856,Uzpbyguo,2024-10-30 23:15:27
7c3d020d-dd23-46b5-9485-a6782f50ae2c,Mppxccuo,2024-10-07 23:13:52
a4873d3e-e8e8-4458-bbb7-f642f35f581c,Hvzoa,2024-10-08 18:03:59
a44b5fb4-2f62-40c8-b1cc-e8be64ae9396,Pwerreghy,2024-10-12 17:03:40
ead29593-d145-4bcb-93bc-03deb9dfdc46,Elfglltmpizwpv,2024-10-27 13:45:25
dcd6ded8-b87e-48b6-8791-3f6c22c45f23,Ubnmhfqromb,2024-10-31 04:47:38
04fdb556-38ca-4353-bef8-931df7e0a9bc,Pphyunilagusng,2024-10-25 05:19:57
2c02af88-ff03-4fff-a532-4aafc1215646,Xltoh,2024-10-15 14:20:39
6f7bc4e0-babe-49e4-9818-620302068f0e,Wrcdv,2024-10-10 17:03:03
b9d7eeec-9370-4752-be69-2b72b93f6f55,Ijvuqsxg,2024-10-26 20:09:07
567c5fda-e9ba-462e-b42d-592d5765b767,Pquaz,2024-10-24 15:31:03
1ceb21b7-c084-4aaf-88ad-4cfdb38a51be,Ldkjewx,2024-10-23 20:07:13
8a115b97-a5e3-4b01-a941-8e13b0330d1e,Zuyovocjivfc,2024-10-09 02:31:44
c5e7607e-3322-40bc-858a-835a0eca0722,Dhhwwrphnjqk,2024-10-10 09:11:57
6f2f7f45-cb0e-46c5-8565-e891138cea88,Ocbpxwihdvadb,2024-10-25 14:14:06
f5e4e3f6-f561-4425-adfc-3ffa0a4c12a7,Igjcdmuutdfo,2024-10-07 11:08:42
cdd227cb-252b-4703-87e1-bd0c6a5ce6e8,Ausmkgoa,2024-10-24 13:23:32
1d88abaa-70dd-4ada-a106-83b1827dcb76,Grsxwahchbscw,2024-10-05 05:51:34
30ad57c8-01a2-4c0f-909f-a50ba48e51e7,Gdqduiiaspqhpbo,2024-10-30 02:27:11
d5290f5a-cd48-49b0-a1f7-ccde69c93b75,Ppmykjlena,2024-10-29 09:54:57
e0d4f81a-6d0f-481b-9231-964830232821,Jaoua,2024-10-28 20:05:28
9935a6ac-9bf6-4ec7-a414-e35143ef738f,Vykxgcyba,2024-10-29 20:40:18
97f28443-bd49-4fb2-bf81-17e678e5227d,Vkrepzr,2024-10-11 06:05:30
86411e29-d1fd-4f5f-a4a6-287b5e2fab9a,Yooyjc,2024-10-19 06:19:41
d2d04dfc-7f1d-4c8c-afdb-acf91ace7a7f,Qwrjzexocgzac,2024-10-18 10:00:17
6abac703-ec93-44e5-91e9-3a2976f33ccd,Iyqocyjtptvjx,2024-10-21 02:48:07
52922a0c-5314-4a29-89b5-d2c8399d8fbf,Httvdb,2024-10-09 09:12:12
bfe5a71c-5649-434e-be15-52057caa1ca3,Krliruxvuoac,2024-10-09 03:36:42
0c358e2c-1dc2-4c4e-8103-eeb57cc486cd,Nqzzsljsscjlv,2024-10-08 23:13:31
bf6bd156-ac2c-4acd-8f68-8feb0b7ebce7,Zrmzyrlrzmje,2024-10-04 21:14:37
8eb12bc8-a6d2-4bfa-a19c-904293ba0f8b,Ukkkrqlsbgcdsy,2024-10-10 22:28:48
e6f835bc-d043-4906-972b-4769ddbb5aa5,Ynqdzovts,2024-10-29 23:51:24
0201a15f-4edc-4c8b-8bcd-d2c8e65d845f,Zcfaqp,2024-10-20 18:00:47
1f68c259-ddeb-4aea-973f-8bf8260536c1,Ngtxwyj,2024-10-19 16:18:11
23c423b9-b414-4786-8d34-b7b8cd6326c8,Lyffctxzgj,2024-10-30 08:40:27
30324db4-a984-4fe7-8a49-0c3ca3aeb3f7,Wkksgfjiwjppnmz,2024-10-16 12:46:32
9afa3d4d-d74e-4365-b882-9704b765241b,Ewcpzwdq,2024-10-18 18:03:28
fe8b041d-1bd3-4414-8ed7-58cb5ee6b059,Ruavdx,2024-10-30 02:40:26
e3365150-f447-4881-a5a0-ed65dd072505,Evoneuangfgdcn,2024-10-07 10:34:51
32f9e7a8-e299-4702-aeed-6b6bef8f163f,Acuqwtcqdz,2024-10-04 23:45:40
7f9c91c7-cb07-402c-9a84-7515fd2280c5,Vjndaare,2024-10-07 21:38:46
6fabf603-1d15-4324-8f4f-894d70bb6531,Qajfzejzmeqvzgr,2024-10-15 04:29:09
3c0a0eb6-f18d-446f-8e34-54de87fc5f3e,Joxirhuoj,2024-10-04 23:08:56
c795975e-430a-4eb7-b73e-647f3a83bc10,Kwyuhc,2024-10-30 13:49:16
4ea75af3-9a33-46c4-9224-b1bc952e6fcd,Bxodhfkvk,2024-10-16 05:19:28
d39385fd-f451-4b6f-863a-4091636bc822,Xqswgduknzm,2024-10-07 08:53:55
7a467fd7-0375-435c-bd1d-c869e9a756df,Spvjaa,2024-10-21 16:58:19
bf5b2922-ff0c-44e6-8ada-08314d7fe87b,Kefxyxwrzauass,2024-10-31 12:19:52
75991d39-6b96-40b5-b9ae-0a0e7899801c,Shcbhjwcgwbo,2024-10-20 15:30:04
d9d1538f-07e9-4f32-bc6a-e12b9c3f61b0,Zymnk,2024-10-24 20:08:32
21b906cb-87d9-48a2-bfcb-7f920d12b690,Lwtujodkxjietcj,2024-10-24 07:46:54
d4323118-a6a7-4e97-b1ba-2e97add9d7c6,Itstoyjoq,2024-10-07 10:03:17
dc73e4ce-4836-4dc9-aa97-283cce581dcf,Zzeffn,2024-10-01 11:07:21
be1834e8-c212-452c-aff7-7b512fb29365,Zzqocppz,2024-10-09 00:54:16
b3be6f66-064c-4f7f-8fb6-138e012b0255,Doxiimwr,2024-10-06 12:12:46
78faed22-668c-42e9-a0bc-4b3fd7bae732,Mvoageyckuqe,2024-10-08 22:49:31
74da4fde-3ad1-40ce-9b23-a8cda04b9663,Vlygcuhzhezkji,2024-10-25 17:16:41
ff710847-6a49-43b6-a9bb-425414ab7120,Timgkxxtpcw,2024-10-28 00:41:04
5610c650-23e3-4f76-9877-01ed048c9152,Werkvn,2024-10-29 10:51:05
3611f93f-4f6f-44ec-9697-92b71cef14b7,Syxjp,2024-10-25 15:13:59
d297df89-f375-4a7f-94a0-487ee31b12cc,Ibfco,2024-10-07 17:42:22
4c55e9e3-e934-44e3-b27e-5206deede79f,Kvqyfmt,2024-10-01 04:58:32
fdee0aa5-a5a1-47c0-8050-c05e7893059e,Kitkzlw,2024-10-20 01:28:43
cddf8dbf-781a-4d88-a46e-48ab90754061,Iiafbjo,2024-10-17 21:27:29
5a4f6118-21d6-4adc-b4bc-ddd20c137380,Fugiiodasxkwp,2024-10-28 00:27:23
581309c7-9a4d-4d24-b5cd-478c0b37d907,Curprds,2024-10-10 19:04:31
8a0e7924-cadd-4ebd-a7a4-ebe8d0a366cd,Wslrlcw,2024-10-02 20:33:53
c2efe5d0-4c57-4ff8-8aca-b37e62fd3fd5,Yndlwacuabqvo,2024-10-19 09:35:16
dc9274d3-f2d5-48c1-b3d4-d0921304b635,Etswumyckqkxbhx,2024-10-20 05:16:46
c4096fcc-90ff-4a44-919a-0d0a660a490b,Xisoloznbpojj,2024-10-08 11:58:15
f6638d78-97e7-43f0-9f24-e014e50f926c,Vllorslfy,2024-10-17 21:44:45
8ac93f33-3322-4db2-bd08-f9b34dba2820,Idzokyu,2024-10-08 00:14:02
f537f86a-469a-43cd-9753-cbdf3c373f0f,Ayshfhjpkhi,2024-10-31 04:46:46
4a642304-36ee-44b7-be8f-ca9cff4254d6,Rvnqznlcs,2024-10-10 02:36:36
c95c377a-7619-4a7c-8150-764d24d7303f,Bffzkxmdqfi,2024-10-11 03:27:21
48a7146c-0523-4630-b37f-fcef999f689f,Ibkckzffzlzzpgs,2024-10-05 07:29:23
f6972488-5749-4354-9721-91be302612a3,Kcqksslpudm,2024-10-02 20:49:20
ae366178-1637-4705-90c0-704ed32d990a,Ywaszgkdlhrrie,2024-10-30 21:18:15
96de08e5-3ec3-4595-93f6-29325bcc4ffb,Bfbjyyatoekq,2024-10-02 18:33:32
0996e81f-b01a-4ad4-8cdf-c23cb026b028,Injzuephngtqr,2024-10-14 00:34:04
810aef62-4a3d-400a-8b91-e8c4ec5ba5d0,Jgbgmpwlwkns,2024-10-01 18:16:41
69fb7ebe-4cf4-4848-8a72-f5461ae78cd3,Qrcrdhlpqba,2024-10-15 20:20:35
de9c1ef8-9593-4b43-8c88-c18fdad4178a,Esvoiilwggygc,2024-10-29 13:24:57
43278e90-f38a-4dc1-a222-8b88e7135b9c,Xwaffydx,2024-10-02 03:56:32
5e58cc9c-89a5-4575-a595-d64720464fff,Hoonjri,2024-10-09 05:46:24
092d0e6c-a34e-4391-a98f-c95db42e3e58,Mrvhecihbwmq,2024-10-13 00:34:34
82e9e24a-52d1-466c-a89d-15fce36c4129,Ltebafiiompzhls,2024-10-30 21:34:07
9a7022c0-cdf4-4323-8438-ef44ff5bbb08,Aovqdmdjkrdx,2024-10-28 03:23:35
9678ff04-b299-4a00-aa21-f19e9d3572a3,Vywlsxpuvl,2024-10-04 19:40:30
61c0e3ce-8113-4276-91cc-5c946ee3d61a,Zbtgaqqhvjua,2024-10-20 12:11:59
f08a7984-5a65-4ede-b0ef-523af2c2337c,Tupruump,2024-10-31 18:55:18
f059277d-4393-4b26-8e30-365522f7a8e7,Karbo,2024-10-22 01:20:03
ccb8438a-0134-481c-a3c1-3e95d515c84d,Twzouawuym,2024-10-04 10:32:40
0e7812fb-22fc-45ff-8540-352e3780db20,Yycpfiftjzrg,2024-10-28 20:24:55
5213d868-8c9d-4f99-b810-27f2ad4b2739,Qaffbzsmugm,2024-10-13 02:32:21
6b57191c-b352-4eab-92c4-92fcdd111b98,Tpbfchtj,2024-10-22 17:55:15
f99e138d-0394-4305-af56-baf419259942,Indwit,2024-10-18 20:23:09
41722f16-b367-4d9d-871e-4c841cc91322,Fzmksnwvd,2024-10-23 15:36:55
1bebb8b5-331b-4c72-a55d-74f666e1b76b,Pzozbvqgehwixyz,2024-10-17 14:57:17
ec65f1dd-d25f-423f-97ab-667d6c3ce1a4,Laughqk,2024-10-22 05:31:54
3bd6f6be-cc5f-40c8-be9f-4882509711d8,Xyxnii,2024-10-13 21:00:27
772dec2f-bae7-406d-a5f4-f1b958620d9e,Kftqivxuizyr,2024-10-07 08:34:39
5bdc8f9e-392e-442a-9acf-2cedaf4175b9,Vftrkfsmkbf,2024-10-25 19:21:33
0de2fda1-9054-4fa7-87a8-1ef4d2c60a9a,Rnhohmcwaeddukk,2024-10-22 16:55:33
ff067d50-2ef6-4fb3-ab34-8ab90a269bb2,Gzacrpjbll,2024-10-26 12:15:20
613863cb-89c9-49a4-a9ef-858c354715e6,Gelajzyivwuqci,2024-10-28 13:37:55
e24ed229-320f-4fe0-92b4-9d2330b38766,Ovwas,2024-10-11 14:34:32
f3c5b0eb-53c4-42e5-b22a-845ad644e991,Wvegjfh,2024-10-24 12:58:27
97adacf1-e6ee-477b-a449-a7c6e35dce15,Djhajayaxuovnk,2024-10-30 06:29:38
92fd7ffc-a9c0-4694-84bd-cf3657c0ba5b,Qlaal,2024-10-16 02:15:53
e9e11a40-8f7e-4056-8400-90f24a76a9af,Dobvwhfxop,2024-10-30 20:06:39
fc72da9e-bd65-4255-a8b3-0a365dedd465,Dxvmigcvpzxjply,2024-10-24 01:57:18
249fcf34-b474-4cd7-bc8d-f94ca4cf0d57,Fvsyysqroeaj,2024-10-17 20:42:33
d5e0eaf8-c34a-4478-bcf8-9b3ea714cd7d,Gsifomfaltchby,2024-10-06 11:11:50
6a500968-5f64-4a19-880f-d80b798fc9dc,Whdebrzst,2024-10-20 14:09:20
5414a0a6-1bcb-45cb-9232-0a3fe36a5326,Dhechyoncxoqmn,2024-10-08 04:13:25
a345580f-5b6b-418f-92af-2dad44e49c22,Wobbqctvpze,2024-10-31 13:58:50
261542ce-1cc1-40f2-8928-b3702b01be27,Nwccmnl,2024-10-06 20:25:19
f82f4306-bc8c-4221-828c-220e82c90abe,Vurbhvngmanxhxd,2024-10-08 10:33:37
913bc587-ff59-42b9-8363-059c96c33d4c,Dpkeevbye,2024-10-13 23:22:12
419d0511-990c-4455-a5ca-f252730e6026,Wnsloml,2024-10-19 09:00:15
d0cbb831-68fb-4fab-ad3f-5e023069b4e3,Kaeqqjnlmgstk,2024-10-18 12:48:09
af783cdd-8371-49c3-b02d-6d5b1f9358f0,Jkqltbn,2024-10-10 21:57:40
6493dc55-0efe-428a-9696-fa226aa24123,Jbzqb,2024-10-30 21:28:37
bf5d4a3f-8ff4-4d31-ab5f-8f38905f2cdc,Oxkzfdne,2024-10-15 09:26:26
3214388c-bddf-4ab1-a6d4-e0eb4ffc923c,Xlyktwcryeomdvh,2024-10-29 10:14:14
1d1b5607-f4e1-4fbc-92ee-246c9fa77ed8,Kvwkwzvkhile,2024-10-29 07:47:29
6ecb52ab-7db6-4cc2-bbc3-818e4b171d0a,Grawsai,2024-10-02 01:13:23
ad9f77ea-7be8-4a96-8e31-0d0713f0d868,Zfkgnai,2024-10-25 08:59:16
5efaebe7-1f59-4331-a700-c87ab137b963,Lbblggvlcu,2024-10-16 03:40:20
42038531-f1f9-496d-85af-d51003dd5754,Wqdbglhf,2024-10-17 18:01:05
d1769f86-9b63-4581-bf5a-df8def9cd877,Qigbgziyfw,2024-10-16 03:18:19
4b7d4cc9-e955-4abf-bf1f-0309f2b7c491,Fmrqgigna,2024-10-29 22:58:53
ecc6b298-a29b-456c-9e80-0853dc259d82,Fkuihmnpvzsugn,2024-10-16 16:51:01
bfe4febc-c22d-4a08-aa8f-89fed829a447,Utlktfmasnbhqj,2024-10-09 02:09:53
eedb651e-2d42-4ad8-ad2b-5a4705b84347,Xvmbxrcpyz,2024-10-27 00:57:24
1a2abef3-6cfa-4299-adb4-356a21de2545,Adrjw,2024-10-08 15:08:17
f7608983-3cf0-478d-9828-bec1e9bca73f,Kgwcdmlbwh,2024-10-17 09:09:56
c2b423b5-676d-4652-8d1c-848bb2423a53,Mmmyjgfxynvikq,2024-10-09 14:09:19
2e4f1932-7975-4148-b736-4e0aa7b5ba9b,Dlmlbehtsgbhl,2024-10-03 06:11:40
1553e678-8ae3-4b89-9911-f96bc0fb53b2,Lliqnofdcditq,2024-10-14 16:53:43
bb5ee273-3c33-49e5-92b7-dae2d8eca48e,Hlzhd,2024-10-03 17:06:25
4a5d053b-1896-4137-b689-44b894b37b75,Ijojokrhxhme,2024-10-10 13:50:19
4e9c1c74-d3de-4945-9988-b98b3ca5dad7,Wrmmgakou,2024-10-01 08:03:20
c53687e1-37c6-4ec7-a77a-b246415856b9,Frlmnovylfwj,2024-10-31 16:38:51
e4b58b1f-3fe3-43a6-a754-0c65de7b9946,Aduuwefwoncj,2024-10-27 05:55:20
532236c7-7ece-409a-bdbf-e827da8009f2,Bdqpwaoxzhncl,2024-10-24 07:51:37
f57644a1-3a58-4e3e-8533-658f3580af4b,Jksixhfetkexc,2024-10-16 16:33:36
8b8f6874-10e1-44b8-b8f0-734ea3d7ab4b,Bacthq,2024-10-05 18:34:26
f4a241f1-aa1d-4d77-8f45-c14abef1ae2f,Gqxqbph,2024-10-10 14:34:24
da6ace97-8511-4d5c-b237-d3e151d893cb,Arnert,2024-10-07 01:53:08
c3435697-bb05-48b3-9f28-6752edae92f6,Oybuzhrdmfobvm,2024-10-20 15:08:19
6a211fb8-7659-4f46-9a4c-bf81aedcca4e,Ygndbn,2024-10-27 20:47:02
8c31056e-de42-4a06-b9b0-a596b95ad4bb,Msgoclrfl,2024-10-06 00:25:57
384c5d4a-2918-4a74-8eec-1b58c870f44c,Oljfi,2024-10-02 23:01:39
561c5c09-6f11-4eb2-ae52-71f51ec49f4f,Yjhztrsdcuahl,2024-10-19 10:56:48
9aa80ee5-c1e6-4dc0-9597-5d84ecb4d92e,Ylwyqjyrutox,2024-10-11 01:44:18
9366f804-7cc6-4625-bcec-c3a0f72e3967,Meaoxmboec,2024-10-09 03:25:16
c1ae0b5a-01ac-4ee0-854f-8b33c99ceadf,Usfmy,2024-10-22 15:56:53
fad7827d-13a4-46ee-bd17-d0901bdfc71f,Pcigf,2024-10-12 15:07:31
395020a3-06fd-48f6-8027-955498089217,Owvesxejphxtrqt,2024-10-29 03:45:31
5db6a84c-2ff4-4622-8fbd-d8ad317a4cb7,Rdisyqvfrruqvc,2024-10-09 23:05:04
23672ab6-7a35-46ba-855e-68c1e7e348b7,Ciefupexfoninep,2024-10-26 06:35:25
365821b2-3dda-45ab-aa53-40733b27f653,Bgvkztabc,2024-10-17 03:17:57
cfe35c10-a216-46a7-aa9a-7493ada18235,Zkvjcjeahcs,2024-10-08 12:11:57
1a992f19-4148-4af8-b2cc-7bb7ee6a2dd0,Eudbpzkzyeve,2024-10-18 20:57:02
94b959f6-9a0d-4266-958b-73a91a3d4f43,Buyvdl,2024-10-10 14:29:28
096a0d7c-b872-406d-8ad0-2b4aff8454e9,Ofgwwjwrwdjwjws,2024-10-18 20:39:39
d66aa514-b55b-48f4-bcd8-2d4992185aec,Yytwyreyydkxj,2024-10-18 15:59:28
e160b254-3644-49f4-b3d0-8a443cef6508,Fttaiarf,2024-10-21 07:09:32
f241dd85-9479-41b2-ae3e-c169fc5a2fdb,Pvlkrhndvbltk,2024-10-06 08:05:16
3e4fde78-f90d-44e6-99b8-2c9b878e4611,Kitbhwnmtjfkj,2024-10-01 01:19:19
f733a899-bca1-494b-941c-53b0d3c584e5,Ddkjrojmddrpphc,2024-10-21 11:53:13
8a3b3341-766f-4e46-9493-80cead87daea,Eqxhaslyhawy,2024-10-31 14:41:22
da1a7363-cbfc-49b1-a39c-61ac40597562,Yqwascblxemscjw,2024-10-28 02:26:47
0e518812-1352-4c74-b78b-0cf48876af66,Jxlxzeqw,2024-10-10 17:39:57
8cbad834-4aa0-4b30-9f69-a788a1782677,Ncrlzgkgxbj,2024-10-25 07:21:32
bf1482cc-3dc0-4001-a589-711970040324,Udroplxurnqml,2024-10-02 22:27:56
cbfcff43-04ea-49ae-bead-7518958af7d0,Dvuhnmcnltvjwac,2024-10-14 04:56:45
7bd8a4d9-7b32-44c2-99db-c64e4abd4d02,Ghohxy,2024-10-23 22:50:57
ec31052e-f433-4441-913e-438e079a0e7d,Ctbgtbknsxbzf,2024-10-26 00:19:44
aa9b41a1-7509-43d5-9456-b2bb6d2ed301,Gnumrbclykabgy,2024-10-13 14:46:27
31894c12-8268-4812-a628-8067045fe771,Htqhutir,2024-10-09 06:05:33
3c0421fc-a5d2-4dd4-b83e-5596539a125d,Ptdvzmafxi,2024-10-29 12:07:24
cd125beb-abc6-4e7b-93c4-477d1a46ece6,Akvblnxiilr,2024-10-05 15:01:42
05e9e1a5-4ca3-46c5-b404-29c525eab894,Ckxwqcs,2024-10-12 19:10:01
07cb7c49-0b8d-41ec-9e82-ca1ddbcb09d1,Phzvwoaugerjy,2024-10-13 03:47:22
e06f2e45-127a-4007-86f1-60b76cc52fba,Jgkagkr,2024-10-14 05:50:57
6f9d484b-99a2-45a0-a94d-378c5585cdc7,Wsoikyksbdtqah,2024-10-14 07:37:47
ecf9c6d3-06ff-4218-992c-445cd6f52ef3,Uitdyciytwwdbj,2024-10-02 06:14:39
a0bfd028-fe9b-4e96-8c3d-949ee2d3de4a,Natkashsijbegm,2024-10-16 20:11:03
30aeb0f2-8ef9-4ef8-a61f-6533506544ca,Rlfcksltfsejcbc,2024-10-26 19:56:47
5f19a751-1dfb-486b-98b6-64fe24d1dc6d,Mzzdanltlzjsquj,2024-10-05 08:24:18
52995209-a68c-4fa7-84ba-d59e229c3c49,Ojiwglmf,2024-10-25 11:55:29
c09d4bcb-933f-4e19-a835-0a51c553d742,Bdfioysss,2024-10-01 09:31:22
80305b5c-2278-4bf6-9755-7091bfeb94d3,Spdfotcwpgygvlq,2024-10-02 14:30:00
9f2bdb01-909a-4724-81d4-4885b648cca8,Txiwg,2024-10-30 10:18:56
0c22fc47-ad77-46c0-b7e5-937e66f07324,Qadzljsfwaofs,2024-10-14 04:29:26
4170ed74-aeb6-4f3d-b3ce-aa5b9f03f82a,Nvibivoxw,2024-10-03 14:03:02
10ae1131-0f56-4af6-842e-64da6ec518d2,Odxppomeicx,2024-10-03 09:46:12
c26c1bd5-192e-4f53-ac93-d59bc092ea4c,Oipbsxfdzdumagt,2024-10-09 02:41:08
579ce492-955d-431c-ac87-c49f0f294f38,Sesxt,2024-10-27 18:47:39
6e55da8a-d2a8-49f4-945c-0c6093a47711,Aifxjx,2024-10-20 21:01:00
37856352-3350-46dd-a782-f6cd5af441a1,Njjzdatanmi,2024-10-21 00:14:30
14d47cf7-499a-429e-99f9-cf91ca823123,Gdslg,2024-10-25 11:58:02
7802b762-d79c-42f7-85b4-03f6a1758479,Wgsmjzrfvd,2024-10-18 08:46:24
c0540d4f-b56a-4bde-9084-fe0b45758d64,Qmxptvwwmfj,2024-10-24 18:07:20
890eee58-997b-4eba-bbce-9e0615f5208d,Lblibptlighwcck,2024-10-29 16:37:18
9d33748a-b258-4454-b7cd-7b9085a791fa,Lsbnpredrnffzd,2024-10-07 15:44:54
9c93965c-ffde-4859-ae01-bf75f6013584,Bnpgyurolfhd,2024-10-14 03:29:45
727315a9-2505-4676-8f82-b21356c54806,Aldjxp,2024-10-05 01:22:03
80b924e1-d5ae-42e8-aa37-a7b11aea1bbe,Ysdxvksqob,2024-10-11 22:08:59
bcf366cf-08c8-462d-b64b-2d48478f28f9,Uujdedknafmlsp,2024-10-21 02:26:49
91314bf7-9fcb-42c2-8aa0-27b005a1edf7,Jbbvlagjkzwr,2024-10-16 09:05:45
320279c8-daa2-4a8e-80ae-028db448eb14,Pphumej,2024-10-15 14:14:30
5de4882e-e6e8-4c09-afd4-b73de4cb22ca,Qxbnryfcqlgindd,2024-10-10 04:03:51
fde73822-02fc-4993-bae8-601e757d3768,Ezpskpd,2024-10-28 19:20:17
1a47e05f-b712-4da9-a4fb-89e4f00dbcd9,Gbpryv,2024-10-03 08:03:45
3aae26bb-e583-4a3d-a5aa-c67ed59caa43,Aubebllstwqxay,2024-10-28 02:58:29
78700c6d-72ca-4a90-802f-b65086c6bf1c,Rmlmao,2024-10-04 23:37:06
1a415252-211b-4564-8240-4e301beea5b9,Tphtziieohdgdko,2024-10-21 06:53:05
f2157301-60b4-45f1-9c9d-29d02e21baab,Lfbsziazwmkzfjn,2024-10-06 02:28:38
e4041525-8ee6-464e-b02f-ab417c18a716,Uhvidl,2024-10-15 00:01:21
ceba44df-ac4a-4f7d-a9c4-df951aeb1ef2,Wysuldsgf,2024-10-06 22:15:23
27d42b1e-4d20-49a1-8ad2-0592fc65bc44,Sotwieyjralvhz,2024-10-16 15:57:08
7dd0fea5-5547-4651-884b-1e367bd7f7f5,Gbkhu,2024-10-27 14:37:20
c5682e93-b4da-493f-8db4-111ebbdc1a86,Gcngqns,2024-10-18 13:50:40
3cea08e3-77f2-4108-b439-a0c3e658f0af,Hzzlnumytmg,2024-10-09 13:56:09
f0f060a1-c951-4e27-84bb-614f0a34511a,Zmvgxlorxmnjqe,2024-10-02 11:49:49
0d034072-9205-4183-9ef5-afb1ff597b83,Ejayswzqcth,2024-10-31 02:53:24
655560be-c673-460c-be87-66cc049d8004,Awoecs,2024-10-23 22:43:48
8a4ca0ef-355d-4876-9bcc-8d2372ff9cf5,Fohvu,2024-10-12 07:17:17
fecbfc99-7c57-4a47-881b-c355942e4c94,Svnoqloxiu,2024-10-15 17:51:08
8f8a60fa-5268-4440-b617-11656307c7e5,Nsxhuhuwqied,2024-10-14 23:01:28
29908708-ff75-49e5-895a-b951ddf686e3,Rywvvwclcthl,2024-10-15 17:12:38
62605c58-84b9-41e9-873f-34625e1de225,Wcagphfceqvso,2024-10-10 22:28:32
831bf041-9df1-4d5d-b46b-73faf58891f2,Mvujfabq,2024-10-30 17:53:56
8f0c3e54-d53e-4013-801c-99786225617e,Aemjniti,2024-10-24 00:36:10
ff1f5239-cf52-45b4-9937-350d784da9e9,Vzymgxjpawuyx,2024-10-24 23:46:11
d6773618-23c2-4bf7-b523-6b06fa54b7ac,Oagtsha,2024-10-21 07:38:37
304711b0-bbba-4cad-8c1c-bd1fa8b7b465,Lorddgzwzhofhia,2024-10-06 18:22:11
0ba82160-d74c-49f3-bfae-64edcbddb259,Pblsqkx,2024-10-07 17:02:36
62b2ae58-7b3e-488e-b73f-f7e824c72deb,Aflpuejjfuag,2024-10-30 10:57:36
83ccec6e-b401-4b29-a45b-641c95527c47,Hybukjyebir,2024-10-08 00:08:29
c999c6ef-dbfe-4095-a2e0-79e7f670252c,Tniplbnnfyovutz,2024-10-04 21:25:17
88ba31b7-63c8-4e3b-a781-9f91b936a3cc,Gmdemyhiqdyiitz,2024-10-30 05:50:51
f1cbbf4f-b02e-45b1-8b7b-56e74cf172ac,Yixqzsaki,2024-10-05 18:13:39
94936b9d-95cb-4fa6-8d9a-8279875f7ea7,Wfsaqzexrnv,2024-10-02 17:31:12
3451ec85-21e0-42ba-a3af-9faa44445335,Elexcrsqnfvuyh,2024-10-22 10:18:33
8d3b399e-177c-4670-a92d-ff66a07384ad,Okhitqjfcdrnn,2024-10-16 21:31:10
15c60629-31fa-4421-bb1e-22dc61ba0975,Wiydtmq,2024-10-11 23:49:30
ba84af40-5918-4c0b-b410-2ad07691a7a2,Amltqytvobpqykl,2024-10-08 09:16:02
7346c14e-bc5d-42d4-9027-d0febbe97722,Hrfti,2024-10-05 13:57:42
13668109-a007-4efb-b645-d220dc388604,Upwkhso,2024-10-30 01:59:26
4f885491-6942-4bd3-a631-c2aa35b34fd9,Etctwzsyg,2024-10-08 18:47:13
4992fe29-069a-4324-abba-dd325065072c,Ytbzbw,2024-10-01 23:21:58
224fea2b-cae0-4649-ae8a-50dd41e63e96,Qggmr,2024-10-06 21:23:45
e0334155-3272-456f-9af2-4aac4c909daa,Gztpn,2024-10-09 20:46:13
35ba036e-c6f7-4421-af42-053db5c06113,Jmusqevvawaa,2024-10-20 06:28:13
246db0bf-61c2-4634-a6a8-f8c6f30db3ee,Fcxzlanawpda,2024-10-19 10:27:44
9a19a382-c1e9-41a6-9985-30355eff3bc9,Tpavtehqsxfu,2024-10-20 11:57:16
c96efa4e-1680-4d46-ae5e-43de9a6f9f12,Courp,2024-10-04 19:02:16
e3e177d2-5b6d-4884-90b1-3dc8ccfa153f,Magxth,2024-10-02 23:47:52
347c945a-dd50-41fd-b019-6c7bf045ca6a,Ofbalqndmteo,2024-10-05 06:22:49
cab760e2-430d-4fb3-ac14-a06e841c6b12,Stgcdv,2024-10-24 07:04:02
ce43f602-d1cd-4116-8f77-197e0d3e9a03,Mzeglziyqqtfbd,2024-10-01 01:15:41
4dd7bebe-c3bf-4055-8f5e-625ef5c4f49c,Evasqnz,2024-10-11 11:54:10
3213ef2e-24a4-40b5-acb2-c76123cda8a1,Upefemzy,2024-10-16 18:40:21
f0e22950-c243-4b4d-8732-4efcdf3081b2,Iuomxskk,2024-10-04 04:31:51
b57bbcea-ccf6-4789-9951-d976f26fde90,Vqkgkykqz,2024-10-07 22:38:46
0d95ac7c-f5e8-413b-b78d-0c23a8f7a9a2,Vwdpxda,2024-10-02 20:51:31
1b989c0c-4451-437b-876a-0f32c5cbc766,Xlppnymg,2024-10-22 09:06:20
e6c878ac-95b9-45cb-9eba-7dae2407b40a,Qjigtkphriyrgo,2024-10-22 09:54:48
a479b87b-8781-481a-86a5-765ae14eb04c,Tactg,2024-10-02 10:38:58
58afbd3d-b53b-4bac-bfa4-b3e000a70819,Sjxunvbmjox,2024-10-05 04:52:52
337fcdb1-2c92-4bd3-8c93-d39f3736d73d,Ucmlw,2024-10-04 20:50:49
8e205e54-c39a-4651-beb8-ae7ec3c6358e,Llqoybesi,2024-10-11 06:19:34
1adb7c57-aa96-4523-8430-35cc67e0619e,Wqwdurnuiffbhsc,2024-10-03 04:06:14
de08b87b-004f-4efe-92f2-1718644a6e86,Laefeoltmp,2024-10-13 13:53:58
a40b1d38-d115-4cd2-af60-9264b88467c7,Kocewppriwo,2024-10-14 17:00:06
0e9c20e8-cf65-4ade-bd1b-de14e4ed0405,Jrbxzsw,2024-10-06 18:28:52
6b892039-109c-4668-980a-c406b6d19650,Etqujyaftwwxidk,2024-10-15 19:20:13
4a45e9c6-396b-426c-b313-9799ac847874,Vmehsdcytauhkmj,2024-10-31 22:06:33
e0068c76-8684-492f-bbfc-6af1579666c2,Rsanmxb,2024-10-05 05:39:57
a0c29e2b-9656-4750-99e8-d3c0264524dc,Gkkytkpzkaf,2024-10-17 08:48:17
a0848525-e36f-4c8b-a4b5-c9eb0c358d36,Gzpzetbwh,2024-10-01 11:19:25
7334aced-d2bb-4e76-8c22-ff77688174ea,Wplcsow,2024-10-27 02:09:14
c1ad7fda-0b25-4740-b299-d7981674511d,Fbehgtmqumc,2024-10-05 09:44:54
1e272f5b-2cfa-43a4-9b08-c43d86947171,Rozrrahfvl,2024-10-19 09:15:23
300b00e8-8e41-463f-833f-d9b82fc283e0,Jyannmsnloqtl,2024-10-22 11:22:23
21e12f17-0439-4d4c-8ff8-8268d8bd3d43,Iieellgswcylqhy,2024-10-12 16:08:16
8aa6299b-1fe3-446c-99d4-97d754a10c92,Xnascdvstovelh,2024-10-14 17:02:13
549b3bda-bf2a-4c76-aacc-fd7b537eccfc,Jslspuys,2024-10-31 00:11:07
583e6fe0-68d0-46e0-a15a-a599c37d3636,Aoeuqh,2024-10-07 11:00:18
4dc8734b-f9a5-48f0-a33b-f7218d288172,Bcphzkxul,2024-10-14 05:22:07
10027c01-5635-4495-a8a0-a48189e98855,Fpubuk,2024-10-11 15:03:25
08fd2a95-4eb0-426c-9e00-ba3d8eee7207,Idkxiplrkuwiec,2024-10-14 18:59:00
c0f6fad4-4ca8-4598-83ba-07680df085c8,Dzvmmanwpz,2024-10-08 03:57:28
1a278706-ea35-472b-a30c-e6d715e6008e,Savlfvjmsytv,2024-10-28 15:09:13
7b3982c5-f736-4f32-b858-63df1358bf35,Fcdynfqb,2024-10-16 02:03:49
bf612185-7b98-4f1c-823b-47bd7d73870a,Xgyeoa,2024-10-10 11:15:46
3edf5b9b-c3c6-4328-ae2f-e96c7794e8f0,Yscpo,2024-10-01 09:42:47
2f46f6dd-58ac-42cd-84fb-b3b5c129e2e3,Bbeslwjuwsuewi,2024-10-13 23:45:10
54c3acaf-136c-4cb8-a9d8-17173430fd8c,Uhxobmmwfu,2024-10-12 06:00:35
71dcb10b-ecfd-46eb-ab5c-0c8970cb2c83,Zxtlxzkana,2024-10-02 14:53:58
80558e39-612f-4ca0-ac5a-a37570428b43,Zaqnoibpgf,2024-10-08 17:43:47
18ce2d48-1740-434f-8206-efba1c730b9d,Gclsrzwktdliplq,2024-10-30 02:24:07
130f60e4-1432-489c-9eba-836747c39345,Tqqzowetj,2024-10-24 10:35:52
a514b2db-1ebf-4a15-9f35-1feb4a3ae823,Lsyquscttuho,2024-10-24 07:40:32
5337f281-7e93-43fd-aae7-7a99b190eed6,Hdefpqqqd,2024-10-09 16:32:38
385fa746-784b-4799-a1e9-bb66bdf08cc4,Fggfdxi,2024-10-29 04:18:13
2ff17e88-05bc-40af-87ff-af5e876c7fa6,Itjftgmtaesctn,2024-10-28 20:43:22
a971466e-ad47-49c1-b013-9917a4ef7986,Nvdywfnjratbzg,2024-10-04 19:31:18
7493a5ac-65e3-469b-b1a0-d00bba500d88,Oveimankhxq,2024-10-24 23:25:07
dfc5a15e-a154-43bc-abd3-3ba18dbb2eb7,Iapei,2024-10-12 22:42:40
65431d86-2ca6-413c-8080-d4b2240592b2,Arwsmswkjgqr,2024-10-11 00:54:47
bf2fad1c-1fdd-4c2f-92cb-6b73484b3b5f,Aagabuhjoqib,2024-10-12 21:50:33
f0351c91-448d-43d6-b6e1-2f8b9d47b4a7,Nqkrvm,2024-10-06 16:39:03
92ba9db1-892d-46d8-a6bd-0d9cf7e0c9f4,Yercoak,2024-10-02 11:02:21
87e1ae7e-a686-44bb-8ca0-c76e4fce406e,Nrlleurp,2024-10-19 07:29:14
2cf09711-5fec-401f-9b32-41600b8d7d21,Phfti,2024-10-28 22:13:35
9f8e4b36-aac5-4211-bee6-c59eff73385a,Iykrzalh,2024-10-16 04:37:59
a8a210e7-3e1f-471e-b8ff-a1265f5238f6,Wdozdyarl,2024-10-28 14:06:50
b2c87dda-aa90-40bf-ad58-df73ce0916db,Rjvargruttiz,2024-10-27 18:08:46
eb34d9ad-0fc2-468c-bafc-1393577ae9d8,Mruszrilbzrex,2024-10-08 21:18:40
023234f8-bd0f-497f-bc6d-c253f65cee8c,Tumjzdyw,2024-10-22 15:06:47
7bcc088e-f53a-4868-9aef-49dca03814ee,Nufenegj,2024-10-06 02:56:21
7ccf429a-86ec-4271-b6c3-440a484cf0b2,Lptivvk,2024-10-04 00:05:38
baf2f4bf-dd2e-4699-bd39-13a889a39dee,Bhmrnhfhmvrrxq,2024-10-24 15:09:19
d16dd8a2-04a7-4989-8b94-15423b5d2dde,Plxcoehim,2024-10-03 15:32:06
d0458630-d566-41b5-bb10-6df6f01c8df2,Fefzbcklzm,2024-10-08 05:15:11
b548041d-386e-46b4-a70b-dad76e174052,Cmbsorqtnhvmjny,2024-10-07 14:43:55
13919995-a0d5-4af7-81bb-547efebe8c21,Ssvyrjhmfqamcs,2024-10-14 04:59:02
1ead8ee8-3ebf-4af2-a6f9-212f1a4d80fb,Vhyskrrzqbxjxql,2024-10-28 03:52:54
e1f8501b-e8cd-4a81-b293-54d89c7338e7,Jbhetchyrhmsv,2024-10-03 11:44:34
e1eb9c85-1dc1-47d4-a55d-cbb83f7082b9,Pmcvpqdqjtiwqz,2024-10-21 11:15:12
40b6635e-0737-4198-9c78-8087aa3ad214,Zufswk,2024-10-02 19:50:27
3658bf4b-9ac4-4771-b576-eda0c1afd357,Jxwsnabssto,2024-10-04 06:50:18
e16d8c68-0fe9-4b55-a09d-5364fab3f309,Zxpjyknbcvv,2024-10-17 19:00:06
ca5ffa9d-b5dd-49b7-87e8-def2fe4fb947,Dstkzztcdism,2024-10-03 02:15:46
12a9c902-77ce-44e8-99b0-16f629350747,Hihvf,2024-10-21 00:30:52
222000f2-26ba-4c05-9990-a3810cbd6322,Fuxfoidbdy,2024-10-05 18:38:13
c8d9481c-4067-40b6-b54a-6c582fae7e78,Bruaqmoby,2024-10-19 13:06:50
301c70dd-0dfc-4b87-99c6-bb033bc3d87d,Andutmdnkqvvb,2024-10-29 23:36:46
d01825a7-4670-4b7d-a3ee-0565b66604b6,Ltsdltpdphnzr,2024-10-22 12:34:38
9169f982-82f5-4e5e-b290-442368250e6c,Jfxusumjwnjyztx,2024-10-19 10:46:36
89c0fdcd-9c07-4614-9634-7519669da236,Skwmfvmgn,2024-10-31 17:20:30
b68d446f-8363-46b5-96de-7f53c4f0fd15,Pcdsajul,2024-10-18 13:41:54
8c3d53e4-0ca8-46c9-b13f-0afd59e69804,Gahbrulsafwhax,2024-10-29 12:28:56
7334b986-578f-4276-8362-c13904da5432,Zftfckfjd,2024-10-09 10:06:07
ee69a24a-c47b-46f6-8ff4-6d2e2dc385b4,Lgicgxwresw,2024-10-24 21:03:06
3a87f097-941d-46ea-ad40-d314b2fec3aa,Dmtutlsiit,2024-10-23 18:35:26
ca5d51cf-320d-4043-968c-9521f20f36cc,Aqkwieaer,2024-10-16 19:51:13
207cf08a-35f5-4ef0-a1a0-728119d0eb05,Iltojizitfnrax,2024-10-16 16:54:58
8869cb8f-2dcd-4469-ae14-7929319384a6,Edcounumocqxeos,2024-10-12 01:26:30
af68197f-4ee5-4dc5-975f-1db63da8113c,Yzqqaktkkvblv,2024-10-12 05:14:20
75e9dafa-ee68-41ba-b640-b42352138049,Xsadicsblcs,2024-10-29 18:59:01
41ef8b3e-7fad-47db-b7aa-71d2a44f32ad,Eibnos,2024-10-08 10:21:27
3d906b61-d69f-4f70-9cea-058274dfbf64,Oqosevfgal,2024-10-20 06:15:57
cfeda817-8d18-4f6a-bfca-75e025238129,Kdpibveotqn,2024-10-04 13:20:52
e2423e93-6766-4eac-977c-003c79968b72,Pwgwgzyccrapyha,2024-10-02 17:52:43
8efccd72-d8da-4936-b744-2c8a6f3324dc,Qywefgsosylim,2024-10-10 15:10:59
407446ac-e74b-4173-be8b-eefae1a56ce2,Tgqkgtj,2024-10-05 10:04:23
eeadf93c-7cf9-477d-994d-fc2ed4d9e148,Uzufijmeobp,2024-10-15 02:24:54
ac55f9a3-f395-4f0b-ba20-2b3c6958c912,Qrosyusbxfdi,2024-10-26 01:35:48
292e56b4-c756-4b64-9f0e-085c0aa94c6a,Bjneonmzdncdza,2024-10-15 05:38:13
2b8965a3-5118-4a23-8cea-b831291003a5,Rggrqs,2024-10-26 22:40:05
928af0d4-5ad2-4396-a486-a746a5c261cb,Vgumzdlexkbk,2024-10-19 01:20:17
431b0271-e2c3-42ac-b689-262f1d0a281f,Hwgsyubok,2024-10-15 05:30:16
1d1b03e5-bde0-4ad0-919c-400c161be0fe,Naltbhzbwznunyz,2024-10-17 21:44:44
e71e88f8-e793-40d0-b34a-568d993f91fe,Zemyhqsjvbtjpf,2024-10-14 10:44:28
f58bd5b6-ce35-410a-b9ce-9a26095cd683,Vztwmrkxmlj,2024-10-24 11:31:17
f9250cd7-4f6d-4939-a4d0-446790a9efdf,Sipruwhddzqfpvx,2024-10-09 14:51:46
3349d3f5-e114-4812-a4a6-b901dd278ded,Jluzwsc,2024-10-25 16:28:17
95f86869-4a92-4ab9-b772-8c20fa2c931a,Bibwclpvkb,2024-10-08 09:01:12
d499208c-35bc-4fc7-85e8-c82665c462c4,Eyaiiha,2024-10-29 09:10:51
d9ec3e3a-38a0-41a4-8e9e-7db25f89d7a8,Xzjjazcapykoc,2024-10-06 23:23:53
357976e5-bd1a-412d-a7c0-8ba87140f912,Logpqkwfxlu,2024-10-12 22:32:25
26310b99-9767-4e0b-a9cd-071c8b13543c,Dsbxjwkuulbzcmv,2024-10-23 07:09:40
87a1e22f-e5d2-48a5-9782-850bda3ae8a4,Jutls,2024-10-21 12:31:47
77d4fc88-07a4-4110-a378-7f2e2ca6e166,Zklzqlfqxwi,2024-10-11 10:16:49
166d8225-db28-467c-80ab-6ee872556631,Djsako,2024-10-25 22:59:27
c4aa411d-a8e8-4766-9dda-6cc02e9c172f,Qxewyjzubngbsv,2024-10-03 05:54:46
c02460e8-d718-4851-8751-a9df208bbb41,Hgcbduwvb,2024-10-12 09:08:24
7aa6a910-0395-4fe1-bcbe-6f6e2697fc3b,Yabfrhzxjl,2024-10-21 22:13:02
a8d46634-d5f8-476f-8c5f-60e147cf17c8,Cxiduarrfhnhs,2024-10-25 19:14:03
fb3845c8-c9c5-49fa-a622-a9af6358aa78,Vcqefwurc,2024-10-13 23:57:21
27b203ae-1be5-41d2-a430-41d357b691f0,Xzgfe,2024-10-13 20:27:20
73c066ee-0265-4178-81f2-7e6fea0ad0b0,Ajazojcbpiwza,2024-10-20 13:16:51
494e5fdd-5891-4896-a963-b9c19bc6fbab,Towtsvdpmav,2024-10-18 04:59:50
96226b16-6cd4-46cd-8e29-2bc7dbe24cbd,Nviddskztwpod,2024-10-21 17:52:55
0c178be7-43b1-4eec-9455-2b0a63787bd4,Hkeycgdghj,2024-10-28 09:48:15
1270ec66-c8c3-4e67-960e-cedab4723aa2,Appmxyhpd,2024-10-21 14:47:08
bb3612b7-8bc9-4cb5-9c45-9e7758ddb1f1,Isbuxcgufvrcar,2024-10-05 13:10:28
9fc3e7d5-d7d2-4f61-a046-151e032e4812,Fsesuxxcsg,2024-10-16 20:37:35
969848aa-4755-42d9-8028-8ff3cb764a66,Ngbnobsdwuuyiu,2024-10-27 23:41:55
42ae2ef9-1a01-4ecc-ab45-76befcec7851,Gmjunjbfxoxluls,2024-10-31 00:12:06
1b68927e-3a1d-4f0d-8d3c-50d33a760904,Wjfsswesmye,2024-10-06 01:13:11
c133e57d-9c7f-4bab-9701-2406ee47a9ec,Oadqe,2024-10-09 22:42:02
e1ccc8ee-fd7f-4ae0-b0c5-5e4f16b98c71,Dprbsg,2024-10-09 09:08:24
270e36d9-925e-4b31-b2b5-a326bc2aecac,Earnzbqks,2024-10-21 13:03:00
57076729-a074-4711-8cc6-832014f6cc96,Enqpbihu,2024-10-22 08:14:17
9ed925f4-b50f-40cf-ac1c-dc83fdeadba2,Ltwcpkgiejbwa,2024-10-27 11:40:38
5d0da656-e77d-4210-a669-2e104503a476,Jtazcpykjnmxec,2024-10-14 11:41:38
a3ffdd2d-f5c8-4550-a430-7af4c0691866,Ffwvyflpamgas,2024-10-25 09:27:42
20c2fee8-8fe1-4e7d-9f17-71b97991738b,Akbztfdaqtmygd,2024-10-11 12:14:38
95df75b6-515e-496c-8dea-b31e197d8df4,Ziltn,2024-10-24 15:32:35
0ad3e6f9-3414-49c7-b669-9725141d34e4,Lmlnxvi,2024-10-02 03:22:59
90daeab9-ee45-4280-9e9b-39b7a9beef35,Wzpnrjbwtgwtlej,2024-10-07 02:40:33
9e59dd80-323b-4746-a89c-4899e88ad1a7,Hsrnpwq,2024-10-17 03:13:09
f16f63b7-11c2-40f5-abc0-a8ea9d3732e6,Ufwhcumibnjv,2024-10-08 07:51:04
3bd34cac-89be-4784-94ab-1c87f56fa428,Aoowjzuq,2024-10-26 05:52:05
4cc8da84-5f59-4d94-932d-270208e409e5,Avbwutblyo,2024-10-15 08:51:57
86659289-9860-4717-87f1-90005c31f0e6,Nrddbxofscd,2024-10-25 10:10:07
62b3f505-4ebf-40f7-b9f8-56542ce576c0,Jmaslpyzt,2024-10-26 13:03:45
be4203d5-0bcd-4d3b-a19b-b672aedaf240,Bmdxcdcr,2024-10-17 13:28:49
6264da1c-574a-475c-a556-8f426ae99a6f,Bjyfqitwwggf,2024-10-14 22:16:17
7eda461a-d208-45a6-9e4e-d8ec516bdce1,Pfrgdxi,2024-10-27 15:18:25
ac0fc35d-a3bf-4ba1-8c12-03f1d8e2dd3c,Slvusqbtymycadt,2024-10-20 16:35:27
f8b42f40-9561-47c3-bbe9-a1ce48bf071e,Qtikrjrxfoushfa,2024-10-14 18:07:43
90265fcc-bef9-4565-a3f6-576c1e26c788,Hvvprcihqdugz,2024-10-26 13:22:54
0312b5cc-02fa-4d80-ba9a-fece0dbce892,Yeugpmifftzlxl,2024-10-16 15:04:24
50f77917-d51a-44d3-9f62-a7b46d4a1e5a,Phyraj,2024-10-02 22:45:56
270ae4ad-b43f-410e-b7ea-2a2ce5bd6a87,Oqcbgagheykk,2024-10-28 21:11:30
952de9a0-25d5-4509-9437-dde238b37a9a,Kagtrsxnu,2024-10-27 08:52:50
761fc41c-b7ca-437f-ace2-09d647216647,Tspvrlmrsbtxeu,2024-10-01 02:12:51
237fa969-4264-41fa-8f29-a8a41d8a8af1,Bvvrblmt,2024-10-08 16:51:11
1dcfa6bb-4beb-4ad6-a004-bed49c7b8678,Moewaspvvlumml,2024-10-14 17:39:57
2ec2c158-4b60-4336-9e54-a1ca1d9a5eab,Pktugdgd,2024-10-23 12:59:27
1088cb26-f2cc-40ed-b2f1-ff0437d5ab67,Fmuajkft,2024-10-17 04:40:49
ace3c783-4fad-4b50-b9ae-d88b44b6e504,Isdyvfhzuaj,2024-10-03 15:30:09
e28e8fe8-3029-4225-9673-e3ab6c676976,Oahaypentxkp,2024-10-06 12:55:09
05db2a11-c82a-4a6b-b0d4-80197f24842e,Vzhguhuzqfexc,2024-10-16 01:17:13
41a9669d-fda1-4fe3-886e-6c6e40295ddc,Usphsyijb,2024-10-27 11:39:38
ceba66b6-5b5c-43b3-8405-01e6d05f856f,Scypxic,2024-10-14 12:10:18
3a6db3ec-50aa-4eb0-9a76-084ca4c6d3e5,Qnhapunnuedxm,2024-10-04 02:34:25
d17c584c-ed8f-40c4-b376-bd1e87199ab3,Grhgofhpnh,2024-10-16 17:23:35
77e8cfe4-3e3e-4738-84ab-cdddfca788a6,Lpvmuy,2024-10-01 10:34:30
a6ae0e00-8793-47d8-9fc4-a3fe006103cc,Ifbbgblaaxyucb,2024-10-15 00:32:39
cc7dce0a-9549-4200-9cb9-681351eb4077,Ajaqqnrsuobo,2024-10-27 18:54:32
65c1a626-de40-44ba-a92f-97380f95e5e7,Eflgkmu,2024-10-18 01:34:30
fc665acb-92d7-4d0a-919f-64038add4d21,Ronrqvdvmsxien,2024-10-10 00:24:20
a929c41f-42ea-4c6e-b742-e0580e5e9612,Aunhx,2024-10-17 11:06:40
de00eec0-370b-4c2a-9e49-540d83844bd3,Slmtpj,2024-10-02 15:46:05
666320b2-6375-4413-ad0d-c219aa458ea4,Rqsztzhtq,2024-10-24 07:25:24
84db4cef-abd5-49d2-98fe-8b6c634210c2,Vxtedewcwgbd,2024-10-24 23:16:28
d0804c59-eec4-42a7-87b5-ccbb665ad06c,Yjwcuvrdgfeh,2024-10-17 17:55:04
9c4bf781-fabe-4b9e-aeb6-6ec72b8e81db,Zbzqtznoprhcdbo,2024-10-18 11:36:40
ea29863e-a639-4a21-8251-6396a99570cf,Pcrauwggastytks,2024-10-02 12:37:00
02214b55-74a7-425d-82bd-efd820cea9f8,Sjfjpnal,2024-10-02 17:30:18
89310dcd-c620-4c40-86f8-483a8cc821b2,Hmdaugvw,2024-10-20 03:30:11
3e696ec8-1f25-4937-ba00-cc357f89d8d1,Vvosdvk,2024-10-17 05:41:35
498a43c5-497d-4b12-892f-97c1466138b9,Zqhumd,2024-10-08 08:10:48
988667c8-1602-4d0e-ab57-7dd82b4ca405,Havpwjhnhfbe,2024-10-09 21:38:18
4d8c8751-79e9-49c1-9eea-8ea254432b4f,Itnjjnfekog,2024-10-29 00:00:33
d0b3007a-c881-45cc-b607-832bc913f51a,Sxzcuywnvyp,2024-10-07 00:27:45
df7e9022-eee5-467e-ae38-7602effcb2a1,Uloptebaqrwbsxy,2024-10-24 10:17:30
e7afcaec-178d-41bb-82d5-70d2a69780c3,Jeefebg,2024-10-20 04:00:08
c26ffa25-b901-4f90-870d-17b723626c31,Rduyvyz,2024-10-15 06:13:50
0d8214a7-5867-4fe7-bafa-3f767b9a4ccb,Mhsspsiaamremjn,2024-10-29 13:46:33
eaa463e7-84da-442e-abf1-ca3ab25609dd,Cramz,2024-10-23 18:02:06
8fe9a902-152a-46d5-b619-fe7d207fa600,Lrilk,2024-10-25 23:35:24
de9abb15-19e5-4ed8-ac28-3776df898eab,Svuqnkpzvwm,2024-10-06 12:24:30
41a69a97-66d7-4ff0-967d-72cbe33cf21a,Pjxrhyjvfvbli,2024-10-05 12:23:30
2397c257-d1fc-489d-93d7-4f0225e90ace,Hqmottz,2024-10-24 03:56:46
3d180fc5-10a4-47ed-9ed5-a96021355ae2,Kgyvziuqtus,2024-10-03 21:34:05
58898dca-3bf0-427a-8d95-0878871d89b0,Ouajlzvz,2024-10-25 18:42:30
495023d8-6c2f-4509-921b-714d7ba238f5,Nrhgndbyelvq,2024-10-11 00:28:06
42827c64-f7bb-40c5-9a71-5b2d3a114e43,Dgfuvizsyntw,2024-10-28 04:18:15
f7e92eb8-80f5-48c2-95c8-5462206b6988,Jlryw,2024-10-07 03:12:05
3b06e12d-a3f5-4afc-8ec1-7b366ea48966,Dggjmqmmd,2024-10-20 17:59:34
1f66e15b-e667-4885-9778-197bd73a9bd4,Btnhuhssqtojme,2024-10-30 09:15:02
b5beb3a5-1a66-47e1-a1ec-ce6c10ebac36,Rojvqf,2024-10-08 14:19:44
ae9714ab-c5bb-4630-aa99-1ae1c8bfe3be,Ytzroai,2024-10-20 08:00:59
e49ee259-05d0-4691-835c-d451d7d94669,Zsyhd,2024-10-14 01:28:00
2d94cab4-2d61-472f-9de2-40801c1484f7,Kkbxxbfr,2024-10-19 20:57:48
01fda04e-8934-45fc-b65c-e9d9bab56353,Rnxuhlwp,2024-10-25 10:29:15
471262c0-7f13-444a-8e95-a2bbd2927aef,Zyolmifd,2024-10-03 19:29:55
182a61ef-d753-4db8-8403-c234e98233f9,Lriwxwnvnrprf,2024-10-16 02:13:51
02a372bc-9292-4139-8949-171a39833151,Hfemmwgppttlz,2024-10-14 17:34:36
c33a277a-25be-410c-853b-a259757d3bed,Zvzfvkdnqu,2024-10-12 11:06:10
8d6d490f-b9f9-41c2-bd6a-8737ef090034,Ojmue,2024-10-08 22:24:42
51b989b1-8e34-4d4c-8d2f-688fd31d4177,Xdnjrpcce,2024-10-12 00:51:21
f76cc59f-5b5b-4c6d-bec9-1f2af5f76509,Vgohsbyr,2024-10-10 06:00:27
f8291e9c-c1ff-4d62-b72c-53e1be182dec,Cvfgpz,2024-10-24 02:37:30
4720d1c2-6fb3-456f-8674-881226ba56da,Doxfonsu,2024-10-27 22:20:07
9745194d-6695-4193-a462-5b3a9d39ce96,Bfufuc,2024-10-02 14:35:46
08398e91-7f80-4739-a32f-67c550ca27f8,Razerz,2024-10-31 07:05:31
30c40346-0e3e-477c-87e8-2f3f81a151aa,Lmwfc,2024-10-23 22:48:24
13553638-1f8e-4cc8-992a-78c057c2940d,Ibqwnepjxynwbnr,2024-10-06 22:02:16
5c38ccf1-b796-4d4a-91e3-48528624e1d3,Dkjvn,2024-10-02 12:37:50
aebc0b28-2e53-4fe4-94c6-fc6d5c1188f9,Teylsfsxcbvlvrb,2024-10-06 08:25:29
e9816295-8b7f-424c-aeda-8cda8e5b3df3,Fhstufrnlcaz,2024-10-15 01:43:02
8d7bc755-3f77-4a78-8303-8947e8c9ef24,Wntutd,2024-10-08 11:20:01
3dc3d1f8-5c0b-4348-8e3d-d88f0f2ee8b9,Hvpcxcpj,2024-10-25 19:57:28
4cf35965-b42c-4323-83fc-6bfa17bd31d4,Snxol,2024-10-02 03:29:17
88f3112d-aa83-4fa7-839a-3050304b362a,Cxsfktobwf,2024-10-10 05:20:14
725c1d2d-9bba-4154-a968-031b43138ea4,Bidijiiojyjn,2024-10-30 11:07:45
0d4f2aa9-9633-4449-9342-cc6e2d2a4ab1,Yqziuczfaadbd,2024-10-19 11:16:50
95f25ef9-fe91-433d-a09a-172e87e969b8,Yxzvdacrdhf,2024-10-20 03:04:56
d222ffcb-e0dd-422c-bba7-90718ade47fe,Uosuyptwb,2024-10-12 00:25:41
1ffa59cc-c19e-483b-954f-74b5f86dd415,Iiebryrsvzozyt,2024-10-06 19:16:05
73cbb15d-e8b9-4112-8fa2-400892584b6c,Vzsxmszohb,2024-10-25 18:52:08
01a97c61-89bc-4f15-b22e-25f7d8678600,Phaobzogqfpfsd,2024-10-02 01:40:37
e26b2dc2-fad8-45fe-8b9a-c4cd7361fe89,Rckrkqtlq,2024-10-08 00:40:25
6ae9a722-9632-4196-b0d1-29e8917bd4f7,Owphahhyygenljk,2024-10-14 07:13:37
58374f58-fdf5-4864-a52b-b3e734720277,Exbyzk,2024-10-01 21:09:46
81e528c6-c5f7-4037-9658-1d3ac25f6ecb,Feyyjidqmntyq,2024-10-17 03:59:23
90d5ed68-e65a-43b7-a560-10753b6a1652,Kgzwufziqruio,2024-10-03 06:13:13
4c9d556a-6359-4ed1-b392-13479e6c14db,Hdpqcxc,2024-10-01 21:43:53
b5c9736d-669a-41cb-9595-a63b7dd952c7,Xhptyo,2024-10-03 02:53:23
23be08e7-96a6-43fa-ab6f-ae3423509b38,Xahcsrwqkma,2024-10-15 14:17:04
5f7d8382-f6d8-4700-bba0-db9a06957040,Sknxackdihhmzw,2024-10-08 20:10:37
a008ef03-d609-4236-90f7-6430123da805,Ymzjqivvldjrtsv,2024-10-28 13:37:35
3282cff3-a050-4b6e-bfbc-8a1a7ab285ac,Gcvsxabuhfslnk,2024-10-09 20:24:19
752bcfde-32f4-4413-81eb-14af6c83e415,Wywzhdjxnujep,2024-10-19 17:29:11
1fe1fef3-ac35-4aa2-9aae-199b70a3466a,Mojbykmkwxmxbi,2024-10-15 07:41:06
79de5cd6-d295-4951-9766-6ceff09e2428,Yqnhjbufdrtfcn,2024-10-11 21:48:43
e8062304-18a0-4423-ab34-1074937e3ebe,Kbsgvejavlc,2024-10-28 13:35:00
61907884-8972-4340-9ece-2dec27707da9,Jbsactuimcnpmg,2024-10-14 00:27:15
d1f70914-0ff4-4f4a-8568-95f8b43834de,Sawcwebi,2024-10-27 23:16:34
33ad5c5a-c4df-483c-828b-ac47d5b7411c,Obgexjpro,2024-10-23 02:47:04
234f0802-49eb-49d3-ae7e-4c32aaeae7b3,Ilhnbde,2024-10-06 02:42:31
781236f9-963b-4ec9-963e-9e32b4794b58,Irups,2024-10-19 14:05:58
994fc347-f24f-44e3-a4a0-5a8d00eb2146,Hmxmmrpcukyd,2024-10-15 12:36:57
3f51379a-5d93-42f0-82e0-dc81303bd1cc,Yckupzuhanxxww,2024-10-17 20:04:32
41b2c0be-d46d-45aa-97c5-0f2fb157504a,Lzrheydklgiugp,2024-10-17 22:34:19
05193fa1-a43f-4603-ac99-61f6cf094e25,Ipirojsak,2024-10-04 19:23:17
f88d1b47-5070-440e-bdb0-172d200e19a9,Humqwzcfiufzco,2024-10-25 19:38:36
95f4e9dd-2a64-4eef-b704-6e841f771d6b,Siqcukczz,2024-10-22 15:17:53
3f3c6bbd-3394-4166-8157-75f01a871d80,Yudykieopuxqulo,2024-10-11 06:43:57
2d2fa6ae-fc54-47e4-a46e-77479b372d07,Bisbkkmwxyedxk,2024-10-30 00:42:49
548793a5-73c4-40eb-8701-f38cc04ae4ba,Uzwlyhggipa,2024-10-11 11:46:16
996ca1c3-5f20-4e9a-bbb8-493979282546,Ofdwvw,2024-10-20 09:00:23
b463e800-2143-415e-9c2d-1276ee33907e,Lruqhgwt,2024-10-28 22:36:57
da977e1c-00a0-4abd-a9dd-f7ddb6411795,Qtvijo,2024-10-11 11:16:42
20a3e8b7-e34f-4386-8c3e-af08ff816ea0,Puhsyns,2024-10-10 09:32:59
9c959bae-2d0b-4115-a311-4b209cfa7fe0,Cusvdlpxxi,2024-10-19 01:48:46
7274d33d-d91a-4955-831b-1030409aa5f1,Mgixejlgakpmos,2024-10-29 00:32:12
41d6e326-1d36-44f9-a4e7-011332b24b4a,Wlzqowvtxwmyigq,2024-10-20 10:20:16
dc916201-4106-4690-9c86-5cf30b1a7888,Tajqenq,2024-10-28 06:25:20
0271d92d-f3c3-479a-9565-6df02c517465,Niuqjiwg,2024-10-31 17:03:50
6b474767-c7f8-44d0-9873-8e0d72a918b4,Nvzdnckc,2024-10-28 22:56:48
464e92a6-4a03-4641-b4b2-4631a6b0aaee,Diyciuttrqs,2024-10-13 00:19:02
3d90910b-3aaa-4117-9bff-e7aa0c500c26,Vvuyq,2024-10-21 15:22:57
4fdbdfe8-608a-4eaf-a82c-2311300b2be2,Nxhusgmavkv,2024-10-23 16:08:11
4074e14a-55cb-4eaa-878e-3ebeb141d3ab,Bxmxyegsfswzft,2024-10-18 04:56:40
8ec0fbd1-67b0-4e44-a423-765d9ab91e6c,Uhlmaaoqhz,2024-10-03 16:46:23
c57fb762-7f89-48e8-9c39-3f9c399d2513,Sxccxtodyqfijtw,2024-10-24 05:01:13
2314fad1-d2d5-4b76-ad04-7c33e4f41e7d,Wgkdysbrmytqo,2024-10-04 17:32:17
741e4e64-39b1-4898-9d8b-9c37ddb6bc96,Azdotvr,2024-10-26 07:14:01
628e9c74-ae71-490b-9617-4cb5ba7c2af1,Pmdkxouqn,2024-10-26 03:54:53
58c4c4f3-3690-49ea-ae13-e89d44ce3193,Yasrfmyvjlbgyr,2024-10-13 20:17:33
90634c4f-844b-4614-9d03-c224583a2889,Qshfb,2024-10-01 20:41:20
c8ca32c8-828b-44ce-bdd7-4955de60beda,Zrqslgscqcvyl,2024-10-24 03:32:34
531323f9-f54b-4106-89c4-0f756f9ba132,Qtcezbha,2024-10-22 04:09:15
c97c6066-4d02-4e18-89ab-9384e99a728a,Kkfrqunqcatelz,2024-10-23 15:17:17
ba1bd9ba-bdb4-4f94-84d1-3355831057ba,Yyevufuhimg,2024-10-15 13:13:47
270d14a9-db02-467c-9bd7-f281f5db2f2f,Ucjtcmuz,2024-10-10 19:39:43
fbffcaf5-cf7d-4afe-876c-ef28437ec00d,Fmgglwbu,2024-10-27 17:26:59
51a3fbbf-8bd4-4d5d-9c81-d530a183687c,Oioakwerghv,2024-10-18 22:39:36
b549362c-eb8c-440d-b063-c61dc57d0355,Cnbaqavazcrmqi,2024-10-29 10:25:53
3c9a823d-5254-4cd8-8d6e-a260d54ad883,Jaesdjitvrv,2024-10-16 16:44:34
e0e596b0-8840-41a9-84f2-48282674efa1,Hjolnkggfnf,2024-10-16 08:58:49
cfef15dd-4bc8-4dc8-9379-33ab140e08f6,Dwvjndszxzwl,2024-10-13 22:54:18
d960aae7-f9a2-4031-abb4-f071ecf7620e,Yeevn,2024-10-18 03:03:56
9e008c6e-c9c5-4a00-a4aa-1d9f60ea1c60,Euvvatz,2024-10-04 20:53:24
1afa40ef-fb21-48a1-8447-bac37b922722,Nhxmjvqifgauq,2024-10-18 23:02:42
185cfae1-c44c-4cbf-a2b7-11ff8c2e8481,Ouxmrjfson,2024-10-10 06:17:24
d22f828e-266c-47da-9c38-3a83c5dbb479,Gsdukhjshhjg,2024-10-03 13:44:39
96c5f43b-44eb-45af-8af5-cd4daaed5195,Tqzkt,2024-10-18 16:50:28
dd526fd0-c59d-4144-875f-5e0b822cb0d0,Akdccntochcuxl,2024-10-02 01:18:50
80b73e6c-b0df-415a-9beb-a368a076d602,Khrypzmdvkeq,2024-10-20 05:40:26
8ad5d07e-8dc0-4155-8336-7fe187922824,Bhmud,2024-10-08 15:09:59
4183b398-909d-4c88-b688-18582802d2a7,Tvndfka,2024-10-31 00:51:02
2dce2ef6-c7e9-40ba-9bdd-df4cce9e1e3d,Hwvirqscortb,2024-10-02 14:34:31
08ea610a-1b3a-4f42-8dbe-6ca0bac2aec3,Nikwleelwdokz,2024-10-24 23:27:51
752771b4-e090-4e9b-bea0-36728fc5fe2a,Wojmnvnmusclkfb,2024-10-16 19:52:01
05d09b7d-fce2-4c08-a632-a0666059c7fc,Qebtqs,2024-10-22 06:41:01
64cf9cca-5ced-4d1d-abc5-c792d9ca8248,Gpyeabozyqkunr,2024-10-19 12:20:39
e7e71f87-62a0-4990-9f9e-a145dbf248e5,Vdbmplvdkbpw,2024-10-22 04:55:39
d08b7d22-6596-4432-8a00-7c33b973a280,Fgszy,2024-10-06 02:20:56
af87e99e-12bc-49c3-9a96-87120bc86c89,Lwsetv,2024-10-13 01:51:08
5a871bac-e5e8-40f1-a322-04053756b250,Uslpetusplroy,2024-10-15 19:25:59
6de25808-649e-4ca8-af98-578154ae8ad1,Labaknwwt,2024-10-30 22:51:08
90d61c8c-324e-4e6c-a0dd-0db392f2a87f,Hiqinynwsu,2024-10-09 19:22:54
ef108738-8608-4e53-87ab-1387eaee7166,Uwntzpzg,2024-10-12 08:02:26
bcac0f6d-e03d-4069-a7b4-b2702b76f060,Ftqls,2024-10-22 20:53:24
81884bf7-4488-4a57-a78c-ada7a9f23c53,Ngherzgispma,2024-10-11 01:46:18
3ded31d5-491e-4528-843d-fa44d7b35211,Yfpxpozddedfhh,2024-10-15 08:26:51
86273a83-0846-4ac5-91a2-584e419a13db,Vmwfrkffkfxuuf,2024-10-21 02:05:12
82900173-5d77-4bde-b959-e41dbbec9c2f,Easbjpersk,2024-10-28 08:44:43
c06662d8-8eb7-47eb-8823-8ebb6dc9a18f,Dlpbvcqbvi,2024-10-27 05:26:11
82d9af0a-c450-487e-955b-eda7dc1ba00a,Jcvsy,2024-10-18 21:29:45
bd22fb81-5ce2-4782-9369-0fa6d466f44e,Qcwvgza,2024-10-07 23:32:58
967f98ce-1284-46a6-9e0d-fae6227cf763,Kdttljdnxi,2024-10-12 02:51:47
dbe1ba24-8e41-4969-bd0c-3d939f613223,Kmteuegwml,2024-10-17 06:00:34
9afe7f9c-a8a1-44f7-ac4b-34a55a08d644,Idaxhoygn,2024-10-04 03:33:29
c381c065-c839-4ca2-bc1a-394afab378e9,Scsvekqbbmptgmf,2024-10-13 00:24:34
fb77030c-bfd1-45bb-800a-11a0a4351adb,Ckvxjvlwnqmhsh,2024-10-14 10:52:57
c1742221-3eec-4f05-bc53-725736123a2e,Tdzgyqovo,2024-10-14 08:57:18
127d7639-2d87-4e9c-940b-5d6b08297546,Zmfrzvnyopmgf,2024-10-30 17:16:07
656f79b1-5b53-463f-8a2a-43fa8d733567,Akpuiedsvnbwamf,2024-10-16 00:01:54
6d89b29d-3fee-4975-8207-299dc87a6a78,Yumuqpdcuocfenx,2024-10-27 07:30:06
e43ca400-6466-4c38-a646-0c15a4367bec,Bfzbpbnhyyyr,2024-10-01 23:59:44
3be7ebe6-2b73-466b-a365-ef600aa79333,Lgdzfgfzz,2024-10-12 12:18:54
6e3ea4ca-60c1-4ff8-8290-1355ac00375f,Jrmpl,2024-10-13 00:23:31
c9cb975a-3a4f-4d2d-85ad-3d6b74b21c0f,Ywrwtdsqls,2024-10-17 06:41:29
6b5dde77-255e-4335-bb36-7ff18f0ff555,Xjyqx,2024-10-06 10:21:41
5410c193-8c96-4e7f-be68-efec3d803af7,Uyzvsj,2024-10-14 20:43:37
1c7963e5-313f-49b4-8c6c-264f2583a4cb,Jtrkzwyshwq,2024-10-22 02:15:34
cc04cb4a-454d-4164-a1c4-a3c001bb4027,Mgfhfrujypb,2024-10-05 11:57:14
ee24f8cc-2a7b-460c-a9a7-cb82fdba5894,Vuqdoresu,2024-10-21 14:21:52
0f119bde-f576-4c9b-9b34-8510d753f1b6,Qdmrcktem,2024-10-16 00:51:24
a8cdd480-6bcb-406e-a962-6423aded5a6b,Snffdgvds,2024-10-19 13:16:14
ee5af28c-eb74-4819-aa21-aced19a35c17,Ozmegsvo,2024-10-08 19:41:34
63c465f0-5c17-49ac-8d49-b10332d26572,Qiysjmkdmdvg,2024-10-06 03:42:35
a728abc1-bd7d-425a-837f-cc9cdd9c1050,Xelxizxztf,2024-10-24 19:54:48
3d5a1844-4fb6-40af-b792-ec878ca2e818,Nildhpteaesjti,2024-10-14 22:53:55
19635220-8f98-43cd-8979-16a4e1a0b654,Albcvub,2024-10-14 05:06:50
d5bd75da-5819-47cd-b910-cb3ed7f427f1,Luozycscaeotzbr,2024-10-14 02:11:57
74b13c3d-3b05-4386-85fc-aeb83a6b35a7,Wmbtqoznnak,2024-10-06 19:45:13
89d0bb2c-be9c-45aa-b078-370050575dd0,Tlnlbfyymew,2024-10-09 01:51:47
2b2ee357-1743-4ff3-8830-1c8dbc58c90e,Uzutv,2024-10-23 17:01:51
3d9872a8-5c26-4949-b464-6419addb74c3,Wveikhi,2024-10-31 02:06:40
92a35e71-58e0-44be-9fe5-80cc9830b7dc,Wavlthcu,2024-10-17 23:04:57
6dcef455-1c42-4c21-b8ab-9f2cca6bf193,Dcwkgitc,2024-10-13 06:47:58
db9e55ab-ec35-4245-8b4d-b8aff54b58f7,Zfhjjqwakroaig,2024-10-29 15:03:45
2745b0cb-52be-4cad-a386-e8ed180ee058,Weicufoqlchpxv,2024-10-22 21:16:15
ddca75cb-b105-414d-adcf-151c9cd9117e,Slsgnjsqnxvo,2024-10-19 19:46:21
09d82bcf-0dcd-4a2e-a0ab-0a5dfa26a6ad,Dkpkzbuvhkwlt,2024-10-22 06:25:17
acb529f8-a73e-404d-ae5a-b94154114b29,Mkavjcg,2024-10-09 11:26:11
db43b705-7efc-4a4f-bca2-7d2bf24d797a,Kocxjtawwodjbi,2024-10-31 21:32:18
c2a438d5-6b95-4d3c-9e24-bc4c1ad04cae,Qpxaoqe,2024-10-22 22:11:45
13f61aba-3c47-4220-859a-1b2047b0be53,Hohsfyz,2024-10-02 11:50:51
2b7b1836-ff82-4991-aeda-524a203bb49a,Njvlzeepuqww,2024-10-28 23:17:09
5ebd5172-4d58-4a21-b3d9-f1cf4ce346f7,Omsfwyxhgyl,2024-10-28 01:25:19
9283c7cf-75e4-4675-a9f2-d890d4002aea,Ndldbc,2024-10-21 14:43:15
0b812790-f780-4f97-96c8-e958c7668a77,Meiehus,2024-10-26 21:59:29
501da631-8912-4b32-8fb3-8650e7d21f09,Akkarbokysm,2024-10-23 13:41:23
c8d7c73c-90a5-405e-a56e-4db28f921735,Jlwnugojoqjux,2024-10-13 16:56:38
84d0914d-8a9e-41e0-b37e-b98a99521d8c,Qspwvrttnccvybn,2024-10-21 09:02:04
4f8e2a20-a4cf-4971-b20b-5af2eb99508a,Fevzthtfn,2024-10-04 21:46:53
a2176546-b250-4dc7-813a-5688d58b86d8,Vrasv,2024-10-12 23:05:01
1355a14a-d912-4b3e-a0cc-0b05f1ffcc37,Pngyskui,2024-10-28 22:40:35
26ef127a-d970-49e4-b11b-2de8d9c12cf9,Zsxuaupgzejyer,2024-10-21 11:17:58
9e71fd64-8dc7-43e6-a02b-8895b3b45681,Qwqabgv,2024-10-08 18:19:56
e62ce9c9-9c38-4f6d-afcb-7437e668a0c2,Blgzrowkipjhd,2024-10-08 05:57:22
38c2e6be-0d08-433f-a2de-609ebb739ebd,Nxabckmwxfkb,2024-10-15 15:24:59
3c1e2d99-42bc-46a2-9053-5a0257fb3bc1,Pobekqbuppdst,2024-10-16 14:14:29
93fc7c76-6b86-47ec-b287-1aeb5bc1d75b,Zicge,2024-10-27 10:41:22
2e22b70b-e840-467d-b250-76979b07fb84,Admoeydbz,2024-10-01 16:09:34
6a290716-681c-4d52-949d-adbfe4b96672,Vsmydxehjyxqd,2024-10-03 06:37:25
a40d7ffb-d346-4f65-b24a-e6477ab5d90d,Rxloevowhx,2024-10-07 03:53:31
0328a998-cc81-4bb5-ad3f-7af87d9d7345,Wibexzdtnrkg,2024-10-09 17:34:27
c4505603-e1ea-44bb-9be0-a8d81d987b43,Olwkcqzjgsfqgl,2024-10-24 13:23:35
1fcf2ab4-254a-4893-b72d-50d9c13e37c5,Fwwfax,2024-10-24 15:38:12
30634e42-24e5-4227-a2a0-1e84d1685d77,Fzegfttfbwzp,2024-10-14 04:28:34
db09e1dd-bac4-4ebe-8461-cdb51378a67a,Xuaoqm,2024-10-06 23:35:56
4e7a6d99-6dd2-4a05-a618-fda285455acd,Knuocflsipbyy,2024-10-16 12:16:35
f4cbee2c-ad06-401a-b61b-ec27ecd816d5,Oilbp,2024-10-08 11:18:21
a55f06ba-e43f-4473-a054-8837bf9bd45c,Isdmyqahbog,2024-10-25 00:53:29
3a3c1027-5339-4911-8286-309dacb60bee,Uqlmjuqw,2024-10-23 21:45:19
f65e3c9e-3c79-4598-bd48-9bc57f7d42ba,Ztobms,2024-10-12 03:36:51
f1918d8f-5751-4979-abad-b7895410f06b,Ppyeffgojg,2024-10-25 11:05:07
1a601008-2e56-436d-a873-f96dfbcbce13,Rahjzrstye,2024-10-04 08:01:45
c0c7c904-31f0-4f0c-9da7-6d2b931978f6,Wlnpkfgcbirtzl,2024-10-19 19:29:53
13891b54-1667-4c6f-9433-bdcdd4d133fb,Jitoptiivvyni,2024-10-17 21:17:21
25798190-90fd-4d2b-8112-206f38918c23,Qkqsxldltchpmwq,2024-10-15 07:58:42
d4e2a8ed-38d3-4143-b08d-9f587405442d,Vudukqdcy,2024-10-04 13:31:06
e9e334e7-1667-49de-90df-879d33b88d5d,Cbruijtthcxls,2024-10-07 03:55:18
5385f122-d34d-45d6-a3b8-c0b2fa26394e,Hknmarqoxai,2024-10-31 14:38:32
3c7affa5-7dcb-45ff-a023-290b2d6a3495,Ojmcjetgnnrmu,2024-10-15 11:51:44
63771ac8-1ece-477c-ab8c-633e4e32d76e,Npsxqduftl,2024-10-02 02:50:21
49af0554-b0d5-48a0-824c-8a71e3d84e98,Zqbrejtkuw,2024-10-12 21:52:54
c76b293d-54e1-4f7a-87c1-775c3b914b80,Npmykxfa,2024-10-04 20:31:14
90a2ba85-80ab-486b-9aab-212ea678035e,Iadcaxkmyzsnp,2024-10-31 19:42:21
8194b396-89fa-48cc-aa05-a6ff255f68ec,Ubjuwi,2024-10-25 20:51:49
d8e03d7a-5ec6-4750-a103-dae6d2cd99e5,Dcxaqhw,2024-10-10 06:40:23
caf8063b-3d34-4970-b6dd-6a9d19e2a0f1,Zjawvaunvaahhma,2024-10-18 06:40:49
55cb3b6f-528c-41af-842c-3e4871acc2d7,Vtnzicsstlqpmn,2024-10-31 01:58:42
f5b78d8f-5b15-43ac-ac69-ce524641d429,Unoeewdsww,2024-10-20 10:47:40
7ede3f74-c38d-4d36-91cc-67c6da68c053,Yixyznfgvacwox,2024-10-05 15:14:44
3c930583-68e2-4999-b380-4bd4f442513a,Ytofo,2024-10-14 04:22:07
7849565d-4bce-4ea6-8cb9-48f3acb8eea6,Nbwqsrxxmqdajlg,2024-10-21 05:38:09
fb58c9a4-0d14-48b4-82e8-b3583ba9d7bf,Csafquumoyo,2024-10-30 02:57:33
6550d5d0-b760-47d3-8e02-00ec6e525a69,Uekikluanshwcu,2024-10-27 21:35:18
6e119ad6-4eb6-49bd-82be-9e59f0569819,Onntqdjdjcw,2024-10-20 23:11:06
d471bb59-b9c2-43c6-9274-c5cf63bf64c3,Tjizeghah,2024-10-21 05:22:41
613e110f-4260-4d1e-aee2-8f74caefafb8,Jujxkk,2024-10-16 11:28:52
7adf31ca-d88f-4548-a52d-5189f77cc778,Snafabqof,2024-10-15 17:39:56
333f16b5-20ef-4140-82a8-892e373c6642,Xiubmojojt,2024-10-25 07:09:01
6ffbd846-b1fe-42a6-b384-7e2f1fcd6a96,Vozqojzbjhtpcin,2024-10-26 10:48:35
fb601578-8794-4067-9a1e-454319145a32,Rgzxyqzh,2024-10-04 10:06:49
70ed0bfa-d8d1-455a-9039-a57eac78ea44,Rjrzhqnygty,2024-10-15 01:23:25
c4e5d18a-80b7-4a42-89d1-962864a529ad,Yzudzkbscvpdw,2024-10-11 01:17:39
bd124214-68ee-4374-9711-fc090b3411a3,Qtaewtp,2024-10-08 19:40:23
8cbcb3ef-9188-4e72-b587-a0206f54ab26,Okokjq,2024-10-22 06:51:53
20cc0781-a021-4d48-aa04-3123f71e87cc,Nbxefrapbfw,2024-10-09 14:06:42
2706503c-481d-4f9f-b4c9-cc76c50b5481,Btels,2024-10-01 12:18:40
53c46bd5-a960-4ed9-bc95-4622a874cff2,Qbdoachxmwo,2024-10-05 05:53:43
569fcc7d-cae9-4186-a89b-3a342f1a5ac4,Ruxkskatc,2024-10-16 02:04:08
36a06022-7b26-4392-93bf-de86c5fdafa6,Xlrnkinzpyj,2024-10-30 11:05:52
55890f85-1d48-476f-a93d-4ba1b48b7dd9,Jitmnld,2024-10-16 06:03:33
f073964b-a420-4822-a222-7ce87d27f7e3,Aztssqrhziz,2024-10-21 03:15:43
af86df51-6ef3-4c34-acef-fe7cfa84963b,Rpufmxnzdlppwu,2024-10-13 09:13:01
0ffeeb3a-5c07-4c68-8396-6754e1804189,Mojhp,2024-10-14 03:41:49
77393e46-083a-405f-8ef7-0d08b9fc3e16,Wsewitrttkwgbjp,2024-10-22 08:50:36
dfa74e39-e0df-4b7d-92b1-ad5a9a675c7a,Kcoxgmzduxkca,2024-10-21 08:11:37
f441ca3b-42c4-4a9d-9678-01c4ed959e84,Hbllhvlx,2024-10-26 08:05:23
8405b12f-b115-410e-911f-a0541f777d08,Pjrmhevwjlb,2024-10-17 01:41:09
95d64cbc-16ee-428f-8670-4a335d1fd63c,Ooxqkveo,2024-10-25 12:19:51
f2478356-ffd3-4654-881b-0beeb4e95c66,Umihdcmtdj,2024-10-22 08:55:36
d7d469cf-f4d6-486f-884e-a0bd3b4951af,Xnbqqp,2024-10-21 18:06:39
17241d2b-85e7-4cc8-9dd1-069560ef6f1f,Cxjnannlliv,2024-10-15 12:02:18
3a162579-ce4e-4b9d-8c22-7c15277f49b3,Taoujsu,2024-10-10 12:20:52
7a7492fe-6f25-4756-8762-b789cec4b261,Clcocfgoqxr,2024-10-28 23:05:28
b1646f12-c465-466a-814a-a4d8e8107af7,Mfjtvawrptnxb,2024-10-28 12:40:23
9a898d0e-738a-411d-9fd3-10a8e9f832ec,Omuvknnyapvynnj,2024-10-28 13:50:07
4b57c580-6792-472e-a8bc-310280bb2e17,Ebruulwdmzc,2024-10-29 02:37:25
23aeeb7a-b979-4b42-87ab-92cec3e14c43,Pekuikcvy,2024-10-15 03:44:51
1723c697-0e73-430e-acc5-60b6d53fe055,Ccfllegwrf,2024-10-13 14:44:02
bbb476ff-f940-4f1d-8704-43fe52fb718e,Ohfdf,2024-10-29 04:08:35
7e3468c1-df1f-4371-bc10-74556a0ec7c8,Vvwvzhr,2024-10-06 13:36:06
cfdbe6f5-3ce5-4218-94e7-ddd0ae146b86,Bnuvt,2024-10-09 02:17:52
83fc3526-6e70-48a6-98ce-fcf2f27df957,Okstjraywcbou,2024-10-15 17:47:48
a2e1a091-aa42-4244-b892-fb5444b25973,Qdbudzkibz,2024-10-19 22:02:19
4918d643-1a16-4d0d-9511-ddd0571dee80,Faxiwfflqf,2024-10-02 01:37:12
8f421e83-e985-4714-9935-7d2e110c94c6,Gtrrmaag,2024-10-31 00:25:48
64508019-3bfb-4d0e-9c6d-a65eb77b80b2,Ranamqkqh,2024-10-28 14:33:13
7dad7244-8582-4dd6-a767-9e23dc63b768,Qydqhp,2024-10-20 17:22:58
c849fcc7-879d-4280-84ae-d890cc96ad0d,Qapttqwae,2024-10-14 04:25:25
5d9b1b8b-7786-40f5-8dc8-148c9de0ff83,Lgvhiu,2024-10-21 19:56:04
90c4123f-8601-43e8-9772-19a76c8644dd,Rxatydwwhmlcext,2024-10-17 07:00:04
e6971d40-fcc6-4b70-bebc-05f7afefc8d7,Qjkggluaann,2024-10-09 16:40:20
de487cb3-b2b4-4258-972a-9a8401f4e308,Rsutj,2024-10-14 00:46:36
e3a6827e-bd76-4f10-90b3-2081009367aa,Fhnnzanz,2024-10-24 19:30:10
c23586db-7f07-45f1-9058-f325d64c1564,Ksotuathnuiy,2024-10-15 02:07:03
c0f8a2aa-13fe-4b26-8102-b20f9b6eeeec,Yfmvk,2024-10-16 07:55:28
89c84c0c-fb51-4a01-a0a9-7289238d6a63,Tikzimpwuuzmfqu,2024-10-30 01:58:09
8cb44bb4-4e8d-4aed-979a-d5558acb2e61,Myvzjvzfkpbxq,2024-10-25 14:25:12
b0d70ffa-2025-4e76-a502-7ca61b694068,Nknxe,2024-10-21 04:04:16
150bce60-021f-4868-9107-1450558fbb3c,Jlrzuy,2024-10-18 11:32:26
dd0ee01d-0aad-465e-819d-e3e86b756a35,Eltoncjxgrli,2024-10-21 14:47:52
6b139902-c8cc-4c32-a53c-f2f3c673fde7,Lzxcqvuinx,2024-10-11 10:00:04
af8d843c-0f1d-4a72-8d18-b9fdf36f32f9,Ztmjtsc,2024-10-09 09:25:29
5f02c14f-e056-4706-b83f-eb1096c388cd,Mfanphiqjqncqp,2024-10-11 03:11:14
b6a6d36b-1598-45a8-9c1d-e80f68e04308,Kfvxwcvqmtfkypm,2024-10-25 22:22:38
22b295ca-6ff4-4d5e-afd8-9b86b6ca8aba,Ykdetzhhc,2024-10-14 15:15:12
d873d310-a9dc-444f-93f4-4054af634422,Symfpcbo,2024-10-25 19:38:11
da0abcb2-22dd-4052-8de7-ca78bae653ca,Rgsocil,2024-10-18 11:41:14
ba1c2e49-022a-4a5a-ad05-0691bd86ae5b,Tgdupsmvsht,2024-10-02 11:58:32
60f04b51-99f2-4740-b664-5dad8fc60612,Bpumsltja,2024-10-24 02:05:50
b4783151-81e2-4ff4-82bf-73d325cfb1c6,Tjtcafowwh,2024-10-18 01:21:51
bb200921-49a2-44d8-a35f-ea50b1abf021,Jnidma,2024-10-17 01:51:04
7e3e5a5d-3c96-4cd4-b308-4d5f2a65cb34,Mfkfboviy,2024-10-14 05:12:00
7a1a5191-8e00-4caa-8700-846ce7190cfa,Exundlvaxlhlcil,2024-10-13 17:25:49
02efc03e-25df-41f1-9d32-ab6b2efe0fef,Tqrcu,2024-10-24 04:54:59
abe8b728-3509-472b-a1f7-831a7658fd74,Qkbqv,2024-10-17 23:31:23
fdee790d-8543-4f6c-a5fa-bebfe782f7fc,Ewvhfficbdhsumt,2024-10-21 17:40:01
b749a30d-8718-49ff-98d5-1b30975bd52c,Ssodnjocefnjc,2024-10-30 11:03:57
32da9c90-c5e1-44a6-8094-d59b2b438206,Ywzlxegbpfuhkz,2024-10-01 23:43:47
41ef3de7-e9c5-4f6e-a9af-a033b3f5e191,Qzvhvdnafy,2024-10-21 17:33:07
217707c6-5fcd-4310-8c82-54db2c516659,Ybrgsiidlrkh,2024-10-06 17:20:45
530c4fcc-c377-4c2e-be1f-9679993b4ab9,Bspbs,2024-10-27 18:14:38
e763e10c-91c0-457e-a533-39c9bbef7048,Npokzguieq,2024-10-07 22:02:49
7b0c610f-c104-44a0-a222-17c391e3da35,Mcmpbjdromhlnk,2024-10-12 17:41:36
59333e41-e454-4100-8785-f0d312885147,Xckkeesr,2024-10-22 19:12:24
543e4e08-664a-4ed0-95da-31f5cdaacac0,Uadboif,2024-10-06 01:25:34
094940cd-b670-4ab1-beb0-d92a3f6bd6c3,Jmujdotuymhqp,2024-10-12 02:58:45
a4590bcc-2eec-4ab1-b05e-b8540a5ee760,Tiswmhdtyrjlgwc,2024-10-21 17:21:14
020707fa-c401-4326-863c-f518b84f075b,Ynctzpsacdp,2024-10-23 18:00:00
2d372dd2-a7c4-4833-be50-88b0d2ef705a,Oojathsn,2024-10-15 04:52:20
d1a3e002-b25c-4152-849c-38e977524248,Asuvgjqtpoaljl,2024-10-25 08:20:54
726bc0a8-7735-4571-ab51-75c2c0f91da7,Rseegwjdncfedk,2024-10-30 08:59:03
ab4d1d9a-4d0f-4eaa-b1ed-733b8234f091,Ckjoaqxhjkbxn,2024-10-24 23:47:21
cf8fdc38-1462-454a-b3f8-0151d4e054d3,Szwjckctbioh,2024-10-31 00:45:54
bab632d8-c111-45a1-84ea-8eb359419ec1,Rshuvmsls,2024-10-15 02:56:22
ab370858-dcc0-423a-ac1b-e6c15b384e5f,Wizrahtrypjjdfg,2024-10-05 17:00:43
7f00a3c3-3301-4e2e-814f-ddb51e79e683,Gtcezeg,2024-10-07 22:49:57
316fe768-c3b9-4cbe-867b-c12c87671074,Jjsrzxfnuirmcdc,2024-10-17 13:31:02
e1485796-d52e-4e42-8b05-539d5efb7a88,Lozgbyzoy,2024-10-22 09:49:35
93547d05-10f4-4eee-8a9d-83684732df6a,Meybesmnovdxv,2024-10-08 12:50:04
923c70ec-8438-445a-9d3f-d7ef997b1f08,Kvjovmrhv,2024-10-25 18:43:16
229480a7-1479-48c3-b92f-f02286b0afa4,Qwvvbhpxhh,2024-10-01 05:16:46
164297c9-c957-4a6a-b45e-0dca05367fc3,Akdnm,2024-10-04 01:04:03
15847827-7bb8-4c90-a7ca-8426983be65e,Bamizkuosp,2024-10-17 07:11:15
406c45b3-8fdf-41b6-8175-dabfc3c7431a,Setow,2024-10-21 18:24:39
68788685-2a52-4f4d-82e1-b4d5fd850009,Qallgiqnrdzfe,2024-10-07 05:49:56
b6c16b96-7ec0-4220-bd79-d5b61068341f,Cobsigtvubvjxl,2024-10-23 18:06:29
df887ff7-4ddf-494d-9fcb-295322ecd4a4,Yzrbuany,2024-10-09 06:38:13
f35e3e0f-ec5b-4b6e-88d1-96a5a3185d25,Enbawmifs,2024-10-29 03:46:41
a825361c-4270-4b3a-8028-c085f22172fa,Sunva,2024-10-07 02:05:52
17609690-d781-42af-9f99-b9672d746c13,Uwzikwaqtj,2024-10-24 14:53:25
3eaa7a9a-23b1-4f6a-b447-655f74246fcb,Ajkqomjdekfndq,2024-10-25 16:08:28
76509fc2-9e44-46df-af2a-002dfdc946a6,Kwsmxezwfupkq,2024-10-19 16:15:43
2174e097-dae8-485a-b32a-0dc46f43d730,Svwvbanoy,2024-10-21 22:38:04
9dca0f11-a7d5-4187-bb7f-f54d7e68525c,Efadbmegiw,2024-10-12 02:37:43
2d96c453-aeb9-40d1-9340-dffdc78660c9,Tvjgvegoigsqoi,2024-10-22 16:25:58
61b71577-3fa0-403a-9872-ca5ae2e8b511,Rjezajt,2024-10-07 05:36:26
820eb1cc-3b37-4b4e-b518-d247688ea753,Utcpuptmcga,2024-10-02 23:38:22
5b0352d4-17af-43ad-a41e-89db78bd7f1f,Bzmwekbzewin,2024-10-18 05:43:31
3ddc8e4e-1cad-43ec-96ee-f25e91f53362,Xicetbvkoqglmr,2024-10-13 07:27:59
cbcde654-053b-42d5-9b40-097ab5c49617,Zuspxcnrvvq,2024-10-13 00:40:30
bc1d4809-bdd2-4279-ae82-f12d3245844c,Cgtfgiqasovrh,2024-10-09 15:05:42
3bda6e0f-ab21-4cbe-88c8-f6d2f3864e6d,Ijnrfe,2024-10-24 17:42:54
1ab87929-cc33-49dc-ad53-9283fc92c52f,Jbamx,2024-10-19 23:07:50
1d368d81-9140-47e1-b5e9-463a3c01f3a7,Uzclbmk,2024-10-18 03:19:33
0f31d8be-649e-4752-80da-537286c6274e,Iswqy,2024-10-09 07:33:17
42615a4a-f862-4652-9ffa-acfdac31175e,Mplwiowowocht,2024-10-04 09:51:17
25939e91-dc04-472b-b9ae-44972940d698,Htvgoacilsjvgx,2024-10-22 20:07:23
f60baddf-a68b-4650-a7ec-2b30a5f9c408,Ewbonslzldtarc,2024-10-28 13:42:26
3f0a30e7-17b0-47d8-a94c-b0f68a8748d0,Qjulrv,2024-10-08 15:43:52
55adbdc1-a562-4376-966e-4322a9d094e1,Nzoyuztnm,2024-10-22 13:45:35
a39ef612-90c9-4cb5-afd8-ab63e4b5367b,Nkybo,2024-10-10 15:34:03
6ed5048b-a795-4667-afb9-07f72b8bcc01,Shgcr,2024-10-20 16:03:21
51510a16-02e9-414f-98b4-9cc59ae1202f,Thwfjmcbgguup,2024-10-19 11:14:56
d67f0244-d4b0-49af-8e7f-572d4e2aaf0b,Ohhkaulaqvghe,2024-10-21 18:13:50
161c7a1f-6d79-4d5d-8f87-b8a20442c8ea,Zgvoeagcyxxpsa,2024-10-21 22:21:14
808b664e-af36-4454-a8e6-185279d21c97,Gcarn,2024-10-27 01:40:14
9db93aad-6196-4722-98c2-a136e7837e6c,Kpgnz,2024-10-16 17:39:08
4290816d-b819-4a3c-b8f8-439c4e49a789,Oqegi,2024-10-01 20:06:37
e7ab180f-6ae7-4aea-a805-29a4ed8b7a68,Ludlze,2024-10-27 17:06:28
67255b14-b001-42af-8715-758788e19d08,Qhssmrv,2024-10-25 02:40:11
d6b82ce5-46c5-49bc-9147-11b445ca014d,Wmrgwmoszavyk,2024-10-26 17:37:01
2c3d72ff-6583-477d-a3c1-d0638a4a678d,Kcbnixkkt,2024-10-19 21:48:45
378df87b-b43e-4ccd-97e8-cdf7bec7ebbb,Scmkpqjvfj,2024-10-10 18:31:14
b328bee6-4d75-4d35-82be-973532ef3d09,Ocfmggmbsvhtov,2024-10-22 00:28:20
f8fb1cd4-0520-4514-9be6-0757982e56e7,Ttmcpavtit,2024-10-12 21:46:20
76bad2ba-69ba-4fab-9894-52da63968fc3,Yibjv,2024-10-03 00:29:36
a89a219c-8935-4a92-b840-a960aa72a970,Jasenpugm,2024-10-06 16:15:49
17d83b04-771c-4e4a-a71e-bd0816cdd8be,Yworbdqpgoxvqfv,2024-10-27 12:36:36
b3c7b2a7-bf57-46cd-b688-1cc74342be4a,Myyzmjz,2024-10-27 22:34:56
1c1f1fe4-1a67-469e-89ea-4acb17611c1a,Fpqfufowrd,2024-10-20 17:19:13
52e86d4f-426b-4b11-a68b-003ff43b45f7,Yfgkd,2024-10-29 15:37:58
1a31e20f-cd61-4109-ab7f-d386284dc5a4,Gbxvtexx,2024-10-05 20:57:23
d9082d04-ee00-4395-b79a-7a8c94d30084,Rgkmyptyhgovuy,2024-10-13 23:08:17
c8d89088-8c1e-43ca-93b7-981c73a61216,Qjsnom,2024-10-08 19:52:07
6677c177-be97-4117-8157-e49ed7c13db6,Msmuwiinlk,2024-10-27 23:45:33
98199afc-e168-4c27-900a-d99a19435b39,Awhtbzmddlvt,2024-10-25 11:55:27
8a82f4b1-fbef-4c59-aec2-f2f91ebde39e,Gsylxlew,2024-10-01 17:01:43
ae764666-be6f-4d80-9bf8-6ea0f8e09bf3,Hkuqqopuuijz,2024-10-07 19:34:48
134b5251-9dba-45e0-8224-0f3efc609f5c,Lszinmbnhrxya,2024-10-19 17:29:00
fece4975-f30e-4129-be2f-d9d867b9dc0b,Hzlrdu,2024-10-06 07:05:15
290c595b-1a43-4864-b196-7f1f01917564,Fxerywgbzz,2024-10-06 01:52:23
96e3e985-6b08-47e4-972d-585b6c6c30dd,Wzguwrvl,2024-10-27 20:14:05
7cc4e241-61d7-4a60-9340-8e788c2849a7,Bxzeugiyrt,2024-10-16 23:49:50
e58366b6-3008-4a47-8905-fdb3d985252c,Xwznodq,2024-10-16 19:22:01
e8ca5a0f-1124-4f36-826d-37d978bee701,Owzzkrnq,2024-10-07 12:52:16
d15ad88e-a7d5-42a0-bc21-686ca36c4084,Blragvelxhvleqg,2024-10-19 21:22:41
e1293ba1-0524-4472-998d-5265e4ea085f,Atserrjesu,2024-10-09 23:00:28
ad5aa869-0d20-4870-b2ca-606de0b1c73c,Tciqbzd,2024-10-22 06:07:23
3180452b-d61f-4516-8703-aad3a75668a2,Qedcntx,2024-10-30 00:58:22
70bb3365-c867-490a-8dbe-145ed411f791,Hcizhntorhporf,2024-10-20 16:07:46
a70c6d6f-75a6-4075-883e-719fecde6e39,Gsrjwtakkhzegz,2024-10-10 11:23:13
213d212e-5c5c-4c67-9f09-0cfcf94255c9,Atucbdaapugoo,2024-10-25 17:43:46
df8c53a6-2ba6-4e9a-8d8a-e791b2bd3100,Nyoczwaltic,2024-10-15 05:26:23
37dc8a5a-6956-437f-a12f-b634d59a28fd,Clltk,2024-10-17 23:20:45
da246ab2-b2c8-4e5b-91d1-a7cab50f61e6,Pfhgwvcfhgp,2024-10-03 23:22:49
80de16bc-89e1-4c32-be9d-b15f842ed9af,Tbybwp,2024-10-16 14:54:46
63717783-2c20-4043-a702-fbf3de521072,Zgemhzcjlu,2024-10-03 01:04:48
3d7e351f-d79e-43b3-9168-bee7e7c980dc,Cjreyr,2024-10-10 22:29:35
ae10d003-d44e-4c6b-899f-9c9493ebe0ad,Yflhvqsrn,2024-10-15 07:51:07
c2323328-9eda-492e-aed1-04a41cad346f,Ihlghfidsmeos,2024-10-22 13:13:22
f102efb1-585b-4ce4-86ac-f67cbe064751,Mcuegdntcrkh,2024-10-31 13:01:33
8ad84e94-9ea3-4d01-9c07-c4b29029b126,Ythjw,2024-10-28 05:32:20
3b653aa7-fbf6-4d4e-b1b0-f707ef7e217b,Oubjufzgd,2024-10-27 11:30:31
bf77d97d-a000-4702-93ac-15875005a2eb,Hfaaqpn,2024-10-21 02:12:09
a867b175-66c6-4a42-8569-cacc0d1dde2b,Sefatkqsfldsurg,2024-10-01 03:53:57
016d9571-0c3b-4ea5-83a6-88660bcc81de,Kplexkjjpvys,2024-10-22 01:35:19
2493b6fe-1c9f-4e8d-8097-321955457506,Rlkpdezqlm,2024-10-22 08:14:56
b01460af-d023-43e5-b209-321b880fc6ea,Sewurxf,2024-10-08 07:50:36
54b9af72-7f0d-465c-9c71-7d4c4ed408f4,Bmhowklryg,2024-10-11 12:26:00
7726203f-b6a1-41eb-95dd-26c2dc40a2a8,Btvfixtmwxvfs,2024-10-12 19:12:16
fcc755f1-37f9-49a6-a1dc-78a388d4f7ef,Kxzpu,2024-10-11 12:49:11
c6fc7278-ef42-44e0-99d1-4464015e9781,Qltifh,2024-10-10 14:05:53
4fec915e-2a85-40f0-b912-e62e5e982bd6,Gvkhpdsrohq,2024-10-03 22:27:29
2b30356b-1356-43cf-973d-24f5ff4ae8e3,Fqkobvswxcm,2024-10-30 06:26:14
665fd3d8-9467-4116-9da7-0060af6cd2ca,Wfkkdsblarszf,2024-10-17 06:30:02
68ce78f4-8fbe-4d22-8410-7b159d779f37,Jonbfc,2024-10-13 12:58:37
b6729b45-61a7-4496-b8a7-f16a9c749398,Bswkn,2024-10-03 01:55:45
22ad6f1a-b069-470b-bad9-2117907e117e,Unqcm,2024-10-02 03:01:47
5b1e4abe-cec3-478c-a1a5-dff5bb78dc42,Gzzvlg,2024-10-05 05:22:44
8c261468-eb91-417e-a265-220480122d94,Xfhvrwnpj,2024-10-11 17:54:42
a5be524d-0775-4156-a7f8-65a641232023,Ehfbtje,2024-10-23 06:57:35
60a6b9f8-397e-4040-96bd-47494f9fe1f8,Pckfm,2024-10-29 00:41:29
8f11bd60-5a7a-4a5c-9008-4dfbbd0e82f8,Jkbtgjzpryy,2024-10-25 10:52:32
d60780cf-8587-471c-80fa-598e8e3a30b0,Uliffkyfwe,2024-10-05 10:08:19
81e45616-0acb-43f8-84e9-5389e53a360f,Gfgqzipbua,2024-10-27 15:05:12
275413b3-f3c0-451e-93d6-5eb79ceb6284,Pcvno,2024-10-03 01:09:48
4222aadc-f154-4411-9df3-e8c4742eb1b2,Xtunolzs,2024-10-04 05:17:08
7edfaa5c-479e-422d-8e3b-d3639ea53b65,Khoclwjhdmws,2024-10-27 13:46:50
6d370cd4-7f6c-4d4e-a632-88b5585fb67b,Drcywqp,2024-10-18 14:24:15
e75f3711-304f-4b77-ae3b-2af35f1255a6,Vneernpsp,2024-10-09 09:51:15
508199f8-edf0-4330-b7fb-f8e39696a293,Whsgbpjuilu,2024-10-10 01:56:32
b162172c-bc4c-400e-ae97-69838b8a7911,Ympefuyuarhyla,2024-10-10 23:25:57
e4ee433d-daf0-420c-926c-06d920175bd5,Prsboaqzmqm,2024-10-17 00:29:03
0e1742d9-10f8-46cf-8cfc-0f3197e7aaca,Jkhenmsdkjjyfu,2024-10-26 03:17:16
d4bb7499-f556-4d8c-8cc6-984cc37a625a,Iemuqn,2024-10-14 08:16:10
d827fc7f-e676-4537-965c-3ecd33593fe2,Rngzdpqzsqzrrr,2024-10-20 05:20:23
90c28646-54ca-4f7d-9fff-3c1fe4df828c,Iurkdewhaoqos,2024-10-04 08:34:12
dd65ea16-858d-4dc7-91cd-481c613e6f9b,Mcdnrdkaqltnyt,2024-10-19 20:36:43
b938c5bf-951c-4c60-bcd1-ea7f096b54be,Ohdaiufem,2024-10-15 10:00:31
098d8cdf-f4db-455e-bf04-47a4d4b2bb58,Cbjadjxttwcepaz,2024-10-18 20:03:22
18a70cdb-369a-4861-85ff-26c4ba96dac3,Vdlnkgbnethrfnn,2024-10-01 23:35:07
dc6240de-67b1-4270-81b5-f2016319f44b,Xelnpnx,2024-10-27 11:31:56
35ba3b10-5a1b-4b0d-a6eb-9b74e6b4d932,Epvsdbahoh,2024-10-12 18:16:56
b6c9f012-d2a4-4718-a7a1-6f1c03f5d5c6,Xwsyxymtbeooyc,2024-10-08 22:30:48
5cdd7fac-79d2-4691-99f7-e9064d66ed33,Qysahaluat,2024-10-22 21:00:27
f57ed00c-a690-4d80-89bd-cde32121d375,Mevmrfnem,2024-10-11 17:26:58
4be51cb4-bd5b-41f9-8b70-7f850e9ee49a,Ocsmkec,2024-10-08 20:25:59
90696441-3bdb-46a4-8aad-86657c7d1e02,Tpmtpxnaigngyg,2024-10-22 16:37:30
751d6cc4-44e8-4593-87d9-04f6824d095c,Pcyrou,2024-10-23 00:20:21
62e68a96-9fee-43ec-ac3c-5a9f9c2f18e4,Gwxgdjvpcacuz,2024-10-15 14:52:48
88568c11-97da-4e85-92d8-c81eb870ac61,Lioix,2024-10-02 22:03:58
f0d854b5-4919-4493-a58a-fcbaa9a13b94,Asqmdl,2024-10-29 01:42:59
928abf80-db5e-443d-8728-20a8f1a9ce5c,Pvqlcolg,2024-10-17 04:22:37
f00ec3b0-f0bb-411b-982b-d04e1b1e387a,Osuwekrnlhfe,2024-10-05 18:19:15
f8328fa2-5763-42b1-8598-d8a5a41b880e,Cspec,2024-10-09 11:47:38
68bfa308-576b-44f1-84be-b8fd598bc902,Bedmhdoo,2024-10-17 22:02:53
a0e5ada4-f3d4-446e-847f-cf602e548b67,Ermtuzvp,2024-10-03 17:26:41
31a94c92-c036-4cf5-ada3-69f5598d45ca,Mnlufxadjrsx,2024-10-31 20:11:10
c26a3877-b8f8-4498-a4c2-3aec90745f20,Favpyy,2024-10-31 20:21:24
1059e705-5753-4f0f-83a7-1d66ecf7f8f3,Chymokgmjypwwoe,2024-10-22 05:23:56
7aff76be-b5cc-4cec-bc43-8f276492c42f,Fsmbf,2024-10-30 05:31:14
419e1671-722e-4d43-844e-b058a2e78afd,Zlbbhxk,2024-10-04 14:10:17
c5d3fd49-39fc-4669-b3fa-fa3e6ef35ddb,Sbaktiikl,2024-10-10 04:17:28
73674645-670b-4c55-a440-91380764ac69,Ifaznzrciwfaors,2024-10-30 01:18:52
df8cbc0b-59d8-4199-90c0-52c40d87b3aa,Gjjkfgr,2024-10-24 10:46:30
219daa3b-c12d-4075-b36b-8abcbde6d96c,Pepwxrpdxt,2024-10-14 12:51:46
0a6a7a80-1595-4261-af34-8957a041ea59,Usbkitilk,2024-10-04 10:19:21
e97c2815-a185-4c48-9ccc-2d50294f991c,Gmvdqrwds,2024-10-02 05:02:17
a70bd6de-b242-4c8b-84d9-c340371f484d,Lncsounhqe,2024-10-13 19:03:35
c8db4517-b80d-4929-8d7b-6f6a516709bf,Bxcjdwdngooix,2024-10-08 10:27:29
9584c75c-7679-4089-ae8c-da7eae400930,Xognvxz,2024-10-31 12:32:12
e97a22cf-90e3-407c-a1c8-523d9732ff61,Zbssstepgqgxavn,2024-10-03 08:03:39
223ac4df-5ac3-47d2-a89b-8851a28bf3ea,Laottkfqazzwman,2024-10-27 13:07:32
a6f2b086-4418-4a85-ba0d-85fddf1cbde7,Ejczqfsdxslw,2024-10-09 10:50:44
f2735462-af08-4bcc-a8f9-7eec8bb2f1db,Jmdmaqebtl,2024-10-19 09:22:27
a08f4a45-b0f8-4c4a-bec2-77cb40decac1,Qknnrnc,2024-10-11 14:42:13
90ccb73e-ed34-4014-b630-d0011874524e,Nrxfikiqwltj,2024-10-21 02:32:33
167caa89-0b19-4646-aa0e-1d31a9a08148,Sqlghu,2024-10-20 01:17:59
160eca25-d12b-4136-9750-a9267ff32e24,Eticin,2024-10-19 19:48:59
1abba837-0272-4bfa-b1fd-4f658f9e3b4b,Ocsyqmqx,2024-10-09 18:41:23
4c37ea85-484d-4b39-bb31-3d027da579f7,Etdkt,2024-10-01 07:30:38
458285dd-ff15-49e0-af51-1fd6a1846095,Zbtorvvdahqzkbf,2024-10-26 21:47:31
7d393818-0d1f-4a05-8161-a49731543629,Kkahdunsh,2024-10-29 21:08:43
f08ac342-2d87-4e41-9ad4-dabae5f5dfd7,Fygiiaddkjgxrta,2024-10-21 07:25:54
c515a541-6307-40f4-85da-11e0a5fe4f52,Tuawr,2024-10-05 11:15:52
a391c5ab-9f42-4b23-ad3d-9bba7baafc35,Cvcnvcmtto,2024-10-16 16:20:22
cb9d6174-26f2-48cb-b550-f0dab90cac85,Vkiylq,2024-10-03 17:32:04
64a93e2c-65e2-4376-8956-8d29f4add949,Bilhiut,2024-10-20 13:59:18
51f5c775-a0a2-42b4-abef-848e3bd40bb9,Ozzgbhkicmqymmu,2024-10-20 01:25:41
d2cd76d6-471f-4cf2-961b-c5e4f40c3688,Dwfjxnnsvqmwz,2024-10-19 20:53:40
b1988cc7-949a-4e88-870a-b6693e5c18a6,Aogivhokcnzjd,2024-10-02 10:26:13
be38e45a-dee7-4ccd-b2c8-18230ce62a2a,Txzloofsfzj,2024-10-09 00:17:25
0f179c39-441f-4498-8b40-f6ea16c88962,Lgftuxdzcdjaj,2024-10-10 18:41:58
edb8783a-1be2-42e4-b41a-8a8f3b7b3c10,Daysr,2024-10-28 02:35:26
cc504bf1-f95a-49ed-9f49-49a0c5a14357,Qvdtc,2024-10-04 17:10:41
ba0b1220-6704-4e76-85e0-9df5009e2fb9,Wfojteubzoee,2024-10-10 02:00:01
ce54fe4c-62d2-4d8d-aa6b-7f3f51f49e93,Gqdxswpcoj,2024-10-01 18:03:42
e48edb5e-9db5-4047-9b42-de7f483f6de3,Mtwfltmirox,2024-10-24 21:35:14
ea7f2781-283f-4e3e-a9c1-036bfe415106,Nsjrrzwuvja,2024-10-22 17:11:45
757fa41b-0344-46b6-8361-2cc7f308933d,Fqukkmowfevz,2024-10-05 01:24:54
8833ab22-1d62-463d-9dbf-a549fcdb8c60,Vvbpnfhjnbygl,2024-10-30 19:58:47
3a69c458-3517-4a88-83ab-00d34da929cc,Ecehwjd,2024-10-13 10:30:30
357f446a-ba4a-49aa-8b2f-6541e074b1bc,Ndtohkxfxfkliv,2024-10-08 11:09:05
d9afef2a-1733-4c09-92f4-4f4b81acdbb2,Pfwgjhnjvospwy,2024-10-09 23:54:24
4597ee4a-5966-4dc1-827e-80c95a5a8ec2,Nkfyhu,2024-10-31 16:56:41
6028b7a2-b99d-4e00-972e-7670613098f8,Lomaitke,2024-10-14 00:18:56
c7c5e5e0-7998-47d3-9f26-0bdef440d91c,Yubwzvcqs,2024-10-01 08:17:08
0a48b2da-bda1-41ef-82b4-671750891411,Oivozsgnripzw,2024-10-25 15:22:25
96c59a9d-c95b-46b5-b300-eabf96cef3e8,Bopscgjuyf,2024-10-07 00:33:16
6d928991-9b53-424a-8c5d-f354adc9ecd9,Xjokak,2024-10-23 08:50:31
ae1f2c30-55e2-4272-bd4c-2d1ba4ae3b67,Ybmihceeavxi,2024-10-11 07:14:10
3b39b8ab-2c33-4f77-9303-e613c27231ad,Deltdgwknlec,2024-10-15 04:56:36
9e8679a5-e84d-4a52-80c9-bd98d137b05d,Swwmlpjzwp,2024-10-17 06:17:28
6ff95367-953d-4422-b20d-b356576802e7,Gbdblxo,2024-10-03 03:10:02
65bf0357-4fe6-4539-ad84-9765d1c2c229,Ddshaomq,2024-10-01 03:08:54
5897058f-677d-4357-93fe-78bc1704004a,Rchhkmbstjebb,2024-10-21 21:12:05
3fbefd2d-0904-46c9-b479-94b24109edad,Tudirx,2024-10-12 13:41:43
98f5ddaa-f78b-4e19-aed9-640064652df7,Aidso,2024-10-24 09:27:10
ccaf3818-14a4-44bb-b31b-35b24aa9d66c,Isutjxhhipk,2024-10-13 16:07:32
aaa7f2b8-8d7c-46a0-8f4a-174b1788ae3c,Obvveegm,2024-10-29 14:37:16
17bf94a3-37f0-4ca9-8c19-9c84a9ed7273,Lwaxcjswaulm,2024-10-12 02:20:20
81c9b12a-a332-452b-9447-985ed25cfea0,Iwzsxorboie,2024-10-13 09:21:39
88ac0861-2dfe-48a1-b754-86ce730adfde,Uaezluduxyyaij,2024-10-21 16:51:29
b25bd1b9-7024-4299-b3bb-f4a46772f408,Mcupi,2024-10-21 07:05:54
40b2b471-c065-4f91-9a1f-b22b78cef8af,Lzractw,2024-10-16 01:45:44
f9a44f62-96d8-4b8f-9b09-8142275c5b4e,Fyemqbdkoob,2024-10-20 22:39:44
e82be77c-52ed-4a82-8d0c-eaad72d871cb,Vxstpezrsm,2024-10-25 18:20:32
19f0b260-67a6-4c99-a0f4-6bd119e20482,Nvilfgcqn,2024-10-17 22:46:30
9716f021-188e-4186-b4ff-7f6ba51072af,Fvebacxpgvmtyo,2024-10-31 19:05:52
35a559c3-d263-4dd6-becd-aa71c8d7f04d,Gfuviemaghyaz,2024-10-18 15:27:52
ecadeae6-f3db-4203-982f-ee67959d2cd6,Bdujdybgruykxgr,2024-10-12 16:13:47
885b2c1d-2264-42b9-a58c-487da950d157,Xqjvnkvduckmoq,2024-10-01 10:38:15
326ed947-01e0-42cb-ad94-fbfc89c92afb,Zxckwcgctonknz,2024-10-23 04:20:18
be05ec8f-5493-4093-b394-5667b12f0f59,Boyjegkkcpgogfe,2024-10-26 19:16:16
10536bb5-ce61-4fbb-b1b5-715cb3ef5efa,Eucjsww,2024-10-22 14:15:06
e4426de7-6cda-41fc-9ae0-692303aa5484,Ndyzvphq,2024-10-13 07:37:06
7cd2ae07-45db-4b48-94e9-cea86ad906d1,Udsbuxb,2024-10-23 10:15:13
1a299f8f-e98a-47b4-9315-1a85af380dad,Howzyfifsbso,2024-10-26 18:32:12
0f63fc39-67a0-4adc-9cf7-2a74bc33f69e,Kieybcv,2024-10-15 10:26:09
d0e02b11-0240-44e2-906f-0b3355bdf50b,Jmiuphrwurt,2024-10-17 21:31:43
c69f836f-7dde-4bbb-be10-d2b018be18b4,Slttsljgsfpanbt,2024-10-30 14:55:33
cfa8cd84-397c-4560-a6da-a1e568d37668,Rmqftnpuqmarz,2024-10-25 18:00:21
fccd4918-e7e2-4529-bf47-35f480994dcf,Tvtmhkvh,2024-10-31 08:12:04
6dfa2102-efd5-40a9-b728-ba28445b80b6,Wvuykoc,2024-10-23 19:05:50
5d37ef55-0396-4b21-8836-472893c7e539,Hsjuhdxrufng,2024-10-16 07:52:53
48daebd8-f703-470c-895e-d75251799ffe,Rqtywihvnoats,2024-10-06 12:48:44
2fa83f3f-da06-47b0-b5ed-0986cdeb145e,Ymmvysfyairbsn,2024-10-25 10:09:31
b0758536-4463-4cc6-8c36-bae70bd0ff1a,Kinjvexmdxmakv,2024-10-28 17:30:31
2aa7f3d4-13cd-4522-9e03-64aceac1e39a,Jomljqegaz,2024-10-31 02:47:52
14569f46-ec18-4f07-b0bb-53c5b9b132b8,Kuuruyghbcukol,2024-10-30 05:01:12
0dbc42e9-b2d3-44fa-8012-df5a8d8c84fd,Vehjaqmpzg,2024-10-03 11:02:46
b22cf4b9-b603-4c41-8493-a0d6272cdb5e,Fygmxdkzrpyonq,2024-10-01 05:56:34
0da6436c-8672-4154-af55-38dc8c835b86,Fwbbhntauuxis,2024-10-19 04:13:18
cdf30c5f-65c7-4a43-b6a0-aae5f68487c8,Pqmgbrttakka,2024-10-03 00:23:32
5386b42c-9761-47e7-afec-3dd343f7ce97,Chcpbbtyhbrbrw,2024-10-06 04:35:39
e0a02a84-2f8f-4d64-a5ab-7e182575f489,Jaxnjlaaya,2024-10-23 21:06:58
736a1eb2-acc6-49c2-b22a-2c3afd63da4e,Klrkemtjbizne,2024-10-29 03:11:39
fe13e7c5-8ddd-404f-9995-20d044ac6a2d,Pdszoxrdpsyvzfl,2024-10-17 23:55:25
7016ba2b-2a10-4aaa-9d06-7f2853bde491,Khdxlr,2024-10-31 11:37:02
a94def54-0f99-4de2-8046-1de5dbe5548b,Avqebqidn,2024-10-22 11:10:15
6ec0de91-3d29-4dc5-b970-5160b140724d,Acwjaetuny,2024-10-01 02:17:58
c0ae901a-114c-446e-8fd3-cc6eddcb7635,Hkmtinq,2024-10-02 19:53:44
77c39ad3-61dc-4e99-95c1-25ec9b478281,Oudfensxfclfuop,2024-10-24 07:08:23
a3aac015-5c0e-4535-b29d-2661ecd1b5b3,Dyqpoowdjctks,2024-10-10 02:30:13
5324ebba-bc58-4568-a0ea-c0b6b2439c57,Kbrarbzissct,2024-10-07 01:06:02
60692bc7-1d8e-4b7b-9b63-5b9175549e40,Ystghdyura,2024-10-08 13:57:05
fc63129b-8028-4440-9316-570a230af8a2,Ynridjd,2024-10-17 15:19:25
e567933f-7fdd-4afb-afb2-108b6b7a5ca9,Iwakubi,2024-10-01 22:22:03
1a72d81a-e32e-469c-bbc1-680545d29273,Ipdjig,2024-10-15 08:22:52
1239c418-b7c4-44c6-9cc5-2d4249bdca35,Jznvs,2024-10-06 03:57:51
684035a9-cbbd-4c70-a215-1d6d50bed375,Igiyywosul,2024-10-19 14:56:24
44747ef5-b18f-43f7-ba58-43a3eda2f0ec,Ewatlm,2024-10-11 08:43:15
98d0b483-ad3a-420d-b624-e1c58e4766e6,Aadgoejj,2024-10-31 03:17:58
209adbe8-39f7-48ed-96de-d1684cd41058,Sqcwcvuvft,2024-10-31 01:29:42
8cf0d692-e9e6-45a0-899d-d7b4b8bd0592,Qaplzanu,2024-10-06 03:55:44
27af77ee-9bfd-4c65-809b-d1930844bd8a,Scilhmowvjmvm,2024-10-31 15:41:58
613d112e-90e3-43ac-8f06-a4d2743d52f9,Jzomjru,2024-10-17 17:00:12
e8a3bc63-000e-4784-9749-fee9624f308c,Uibkmp,2024-10-26 18:01:36
5b4ea220-0d69-4fcc-a18e-7731b7658cd3,Ntudigmxydrhu,2024-10-09 10:20:43
8bf750c1-125f-41df-965d-b7de88c7fb19,Yboichmqljbn,2024-10-07 13:19:17
0ad3fc7b-4a5c-412e-b1ea-cf390616e495,Fplrf,2024-10-05 17:02:59
56f997bc-707d-4de4-b373-094569b0c2ca,Eqzwyxut,2024-10-01 23:55:21
b814d761-757e-48a3-9fce-4dcdb88f102c,Rfqthvwmmydedq,2024-10-28 05:30:47
142fc3f1-a99c-43f4-84ab-78b72c80bcb9,Bbgubrvgguped,2024-10-01 15:44:01
00d4fa26-035b-4722-8725-2e548d7a1c2c,Biszgo,2024-10-01 13:42:51
bbbf67e7-33a1-46ec-ac0e-7747e7b857f2,Wwvshewfor,2024-10-20 16:51:44
a33dc215-3e97-4a15-832a-e7f9af7fe1dd,Mvlij,2024-10-15 07:16:53
1be4e40b-d013-4c39-ac8f-5b40a2086cf6,Wiznjo,2024-10-08 11:43:01
88ce049f-c2ec-4bf0-b9a0-7322c898a019,Szjdvo,2024-10-28 22:29:57
34cd40dd-6745-44a0-b02a-0a8e1a644f3c,Azogolknwammwcm,2024-10-23 15:27:16
8ef3f7ad-b399-452c-8f97-60f1c3d5e54b,Uvsiwlzsa,2024-10-13 02:26:09
55c0d9bd-084d-4d52-9597-6658c37a5eef,Evotosjgewmqee,2024-10-01 09:36:44
99f57b93-2a2c-4dda-9e7a-1260c030cc77,Mxqfpklzp,2024-10-29 19:46:45
2b70942f-340b-49fa-aba8-2e7631b655ea,Nzvliir,2024-10-09 21:32:31
141d0462-729f-41be-bd89-564fa87135b2,Causrgatxxze,2024-10-09 03:39:23
a628264d-8253-4381-8b21-d45bba00d6fc,Rykzfum,2024-10-11 12:02:17
d61bb84d-e2fe-4c4f-9320-528114ca98d7,Zdmppqzqw,2024-10-29 12:57:17
744a1ecf-bc31-4232-83b2-2665253e9ee9,Dwstatwfepfu,2024-10-03 11:47:11
87b20231-4452-41a4-84fa-f031431260c4,Hevyikhayyge,2024-10-29 23:05:38
1502e604-9284-48d6-b4a3-140140e332c1,Mqjxtinnsixwfwr,2024-10-24 01:20:09
343c68c6-83f6-4a6c-8f3a-d9f4e588d434,Nutzfmt,2024-10-29 20:36:44
562218a8-218b-4829-8ace-5766daaa7513,Bjqxjprprzu,2024-10-11 12:46:12
29c094e2-f166-4cc2-8627-869b21b26046,Ihpsuiigchsd,2024-10-24 18:47:04
7c603abf-cc00-4e7c-973b-55e9ba9efb08,Waqpipphf,2024-10-06 21:42:59
048da6c3-1dbb-47ee-9b8c-4dec23cd3488,Rstrsmgt,2024-10-03 20:38:04
302398f3-3c92-49fb-80aa-f2d7cccb7c73,Iwhjdxm,2024-10-13 06:03:26
b3c81617-99e9-43ce-8156-43962eda35c8,Rnqapucfdu,2024-10-24 09:26:11
b4fb6302-e401-4b31-8841-2c3f3bb19490,Nozcoltztbsl,2024-10-03 03:46:12
334965d1-014a-4a5b-82b8-cd27319efc2e,Kwdrowlb,2024-10-20 21:28:18
6f8d16e4-2854-4645-b7e7-c5032590a15b,Mexxzbc,2024-10-12 00:25:35
942ef59f-1e3f-4cf8-931a-336505653217,Bsktxmxibty,2024-10-24 06:56:54
1c3a40b6-e949-4dfc-b6ac-54c8b9068667,Ttatgcrzgmdbuf,2024-10-08 13:57:12
73429b62-d27c-4d69-85ad-5a1dcfad0c33,Vamdjwojpste,2024-10-07 04:09:43
c912d236-0024-4393-bde5-2e245b412e80,Jpriejjnste,2024-10-28 20:50:23
73e9fcb9-ad3b-4fd9-8a2e-811a0d7a7d5f,Ywxlzethbnpnle,2024-10-30 10:49:51
3ae5ef1e-e910-4554-9ed9-c8e80a836e1d,Isyjbvi,2024-10-06 22:20:59
6ef8a40a-9a0f-4fa0-a657-72f92c56a0a3,Fgjkudyftkkalyk,2024-10-18 01:31:42
89642db2-0bb4-408e-9573-ae0e94b3d97b,Khpwdhdltz,2024-10-05 07:51:30
984104e3-42ba-4cf9-a593-d45eae38155e,Uwexyhmsanwqac,2024-10-28 08:10:08
8b3365a2-a0a7-49b3-aab0-d05961cb9869,Dhcvdyfcv,2024-10-15 10:29:46
82238338-4e2a-4177-bbfa-7d19d81657b5,Rxxlivyzu,2024-10-08 13:40:30
40ec6d7c-4d84-430d-907b-45b56e5ac12f,Pazjnsbrxhfkza,2024-10-02 13:30:16
6fdebd2f-6e9c-4096-923b-13e0db546724,Xbifxmz,2024-10-16 22:34:02
bdfefad7-13ff-4faa-b1ff-74c835f806f4,Hqczccnimcbf,2024-10-03 18:10:46
19543717-b1c2-4886-b9fb-b866269d287c,Ankpcd,2024-10-18 06:38:50
1717a8e8-d566-464b-983e-786e1a6d40ef,Nlyzrtoquryqsh,2024-10-24 17:02:16
7f2fedcd-1e58-429b-af9d-d95fed0e692d,Vpefskg,2024-10-07 09:26:43
04d52525-f7d5-4b48-937c-4f631d98ac4d,Jdqumfwiob,2024-10-20 20:39:46
a9a03540-5383-4d40-b807-685389d91b49,Ptuekxtgkj,2024-10-24 15:00:30
76301a02-b168-4eb4-8bf2-02ec9cd88ccc,Hjlgvthzsdzo,2024-10-10 05:46:47
25190af0-8e81-4c6e-88dc-17ddb5fc8d33,Zvlbqg,2024-10-23 22:08:11
e835ef1a-8a7c-4650-8915-ffce23f4c6f7,Fbfhgt,2024-10-01 00:28:58
d93f6f46-38a0-4a67-ae87-378c48ea3b74,Gceqbrlypgp,2024-10-30 13:04:04
8c61aa6b-5f9e-4608-8e77-08b8a778a8c7,Wbwixfpz,2024-10-05 22:26:31
be4955fd-e148-479a-a3bf-602c31269202,Rosrgcrsab,2024-10-21 07:27:38
674ae7c8-d12a-4636-8a7a-5774b79c2f1f,Azphhokxcfqugb,2024-10-04 18:54:46
1db00fea-d8fd-4f2c-822c-333419c9f46d,Hwkhxqemlgcw,2024-10-04 18:30:49
ef95f26c-79fd-4694-87bd-01998d2859cc,Pxajsuqpliv,2024-10-29 11:03:31
dbd874de-f9ef-492e-a1af-4d7431be127a,Lncoszftvahdl,2024-10-08 00:19:28
5491414a-037c-4bbb-b989-e95e9170fca9,Laoejscc,2024-10-19 16:02:49
563fdf92-6714-4768-ba8b-1cd69d57b66c,Xkjbo,2024-10-11 08:53:00
6131a2d5-7dea-4ceb-a28f-c03b5453edec,Vithaxo,2024-10-03 11:00:28
89fbbd17-6530-4e26-ab09-973f0cdf8bf4,Ictdk,2024-10-22 10:46:28
93b816b0-c2bc-4ee1-a3fd-abaeeecc2442,Ithdloxcz,2024-10-13 13:09:56
57031eb9-dd01-497f-b2c6-a350228d0c73,Rwrpjxqbv,2024-10-28 01:18:52
d331872e-de35-421f-b997-fe0e787493e4,Ovjsihuiyei,2024-10-04 00:21:06
0c2e468f-0c4e-46f2-afc9-ba319001d36e,Rdbkpesu,2024-10-04 00:45:41
a8f33051-c9e1-4d9f-8168-776c11b0a390,Ouwzzxbwxrjlkar,2024-10-14 12:40:23
7686788f-8079-43ca-ad9f-eed3a0df8c08,Vyjisg,2024-10-07 22:11:39
603e5352-89ec-4839-b0c2-4a9e030b8f8d,Odvsqyfintiwmxo,2024-10-03 12:28:44
27c06132-dc4d-4565-afbb-f9d298458646,Ciiismwmppsx,2024-10-25 02:55:07
ab7ff75b-ec17-4117-9618-718dc0ba7335,Qaojjgqhynnbcc,2024-10-30 18:45:03
bbf4806c-1693-4c2b-828b-0a0b8d77e47d,Ttvecpa,2024-10-17 16:32:41
89516048-2655-4e5f-b54a-d49f265776b8,Myemwhokf,2024-10-17 23:44:39
66057d87-b77d-4f1d-a430-80c357c9aaf4,Quhpapvxvf,2024-10-04 11:47:48
cb27bd16-ad91-48b4-be80-ed249689db93,Tgbrpuvcoxve,2024-10-16 11:26:20
98808f06-2daf-4a17-bb3a-cef05b314c88,Fiilwtnddse,2024-10-21 11:43:03
c2008619-5132-4179-a02d-71d2a54edddd,Rltednsltmubl,2024-10-19 10:21:27
038b496a-7645-43d1-a7ba-984eecb2c6d7,Kugmitis,2024-10-22 11:48:05
86c6df22-2a12-4d3b-8de2-107baf85d4a8,Wecopitdj,2024-10-21 21:22:41
740802fe-6e89-460a-b2fe-3b52f582a4bd,Bbyxiegjil,2024-10-14 07:47:55
4d1e9233-d293-40a8-accb-47fcf8e7c6ee,Llodk,2024-10-24 21:13:19
f70e8491-59e2-42ea-abae-4c9aabb186d4,Iyxybpghbowcirk,2024-10-03 04:14:06
111601e7-8fc8-415f-ba14-9e6a1aac022f,Ioyvpqtbehoid,2024-10-21 21:09:47
d371548d-bb24-4ae5-8607-c185d19bbdb2,Jmmhmtxhrqjcoxf,2024-10-02 23:11:10
054c9681-7e3e-46fa-b64a-852d76524e59,Dqvniwhzlgkxirp,2024-10-16 18:34:17
2101a2f0-7278-4a0d-9837-4c1168baab91,Rngokiwuabvbmn,2024-10-12 06:47:50
87030bee-7e70-4f20-a5a5-9a707e89f30a,Gjfmwbp,2024-10-10 00:27:19
31970d90-8904-4279-a6b0-62d338154194,Oeolrhaajtujdn,2024-10-05 17:42:32
1f1f37e1-1af3-497c-8c70-d5cd4ef1f4a8,Emsykfnym,2024-10-27 19:23:59
21dc1fb0-9136-4def-84e9-e2fd8b3ccf62,Jummusgeyuehqrg,2024-10-23 14:55:02
1d286978-1011-44d1-a0b4-5ba7770c5a51,Oyridocxptc,2024-10-24 17:16:53
7c4fe0ea-76ad-47e9-8062-012b44196dc3,Tmvorx,2024-10-06 23:43:05
f2f2c1c7-b6dc-4d36-bc76-29879df79de5,Vdogfkdzonzfz,2024-10-16 09:40:37
826b2b49-fa84-4e39-a8d9-e7bda784d6c4,Jqyxzustly,2024-10-02 04:20:28
cb96ac8d-53b2-4fc7-bbda-1802fd163b6f,Bnjubgfsye,2024-10-06 05:30:19
1eb00455-c4f7-4a6e-8d37-aaacf66f0c3e,Jnbqe,2024-10-07 06:49:25
9bef80f0-8800-4def-9625-4393246c4cc9,Wjwoyygjdcyxoe,2024-10-09 03:03:36
c16049ee-9998-4ba3-9159-8722e48c2675,Lcbmj,2024-10-03 12:47:24
36ca150a-74f9-4dee-a353-1dd35a29fdde,Bedgzka,2024-10-02 12:36:43
d9837a5e-9034-4311-8732-4ca2a28910b9,Rxvevcrs,2024-10-31 01:04:12
fe1c031f-ae34-426a-bdb6-2fa3cedc39fe,Mwvgjtlrdi,2024-10-10 23:26:22
c406d089-0100-4153-98fd-7eceb34dbd3b,Moljko,2024-10-01 20:16:51
c45d0e62-0cfc-447d-a89f-08950a80a376,Xsnpwc,2024-10-31 11:33:41
829d938a-caae-4c4a-b746-dd01cbfe8650,Jhbfsshijdnn,2024-10-25 05:20:11
99db5790-7d66-47e9-96f4-fcceff5b6d25,Vveanghltlnabrs,2024-10-26 12:33:29
e234da7b-907c-41df-ab2e-b66aea4e97d4,Burdgwvbi,2024-10-20 19:37:41
ae674f7a-7ffa-40f5-99c6-93ffb196f2e0,Rjzvbuaefdlhb,2024-10-12 07:40:51
6fba7d74-0ad0-47cf-8d30-a0cd4d40171d,Qpxqvteu,2024-10-12 11:15:14
052162f8-0b97-42a2-ae04-cf50cadfb1f6,Iyhufpzu,2024-10-10 13:25:50
918d7f3a-86fe-4270-a5b3-f8a2761749e0,Rvnrfdaozd,2024-10-06 21:47:50
f8ca5b82-8661-4f85-8d22-72542a22996a,Tgnbnywnxwzmide,2024-10-05 01:21:54
8c6f4f86-8146-4543-b189-65840dafecc5,Qogcwngeh,2024-10-03 01:58:00
09974af9-a935-466c-ae9c-c4d039031881,Vdvyfghhf,2024-10-03 23:52:41
01af22e9-132a-4ddf-b8db-5dfb9c5fcd3f,Abiotkaksajuwrq,2024-10-30 08:17:57
2f959d96-777b-464b-bcb0-6e9ff6790347,Ugyweyjxgfrl,2024-10-27 06:39:57
429532d3-d738-4256-bbe4-d996b0b24792,Ksegrwbnbvsaho,2024-10-23 04:26:03
8bf2f658-81f0-4870-9bc5-80d867db56bc,Lemaeznwhzrrmy,2024-10-20 20:24:51
4b5a7547-87b5-4d6e-9f0d-d3ddeaf90d85,Hmowucoyqphnmq,2024-10-28 05:09:02
9f40a8c0-c547-411f-a789-fc9eaebc867d,Khaotlmjdbzrgrn,2024-10-12 07:19:37
b5932be3-cf07-41d3-9871-4664ec608826,Zktbawyrputgaub,2024-10-18 12:07:49
776f1929-7663-4770-b33f-568ae8525e8b,Jrkpfplrjnwtd,2024-10-06 01:32:37
d704782e-ff96-4062-af7a-ecc61c711f57,Noxav,2024-10-07 02:13:20
87e501d8-a03f-44e5-8e74-77139cce25c2,Ymwklunnybhxki,2024-10-28 23:07:35
9f6f6cc5-99e5-42d5-979e-5bae94244038,Srsfxplwfhhr,2024-10-11 10:25:31
78aab807-7d3e-4c5e-9079-29336ac4d4fc,Fhszsdcc,2024-10-13 08:22:09
b8d1cd09-35a3-404e-aa31-45ce50f3c1a9,Cmfml,2024-10-15 00:36:02
6b53cb41-3dfc-48d6-940e-38cf37622f60,Zsfwqtgzsgnvdzi,2024-10-27 13:05:10
48ae9b0d-502c-4b6d-9f65-e01bb09d2d08,Gxkevefg,2024-10-12 20:34:14
e3b9d4f0-5f38-4a5c-90a1-5bacccf5e4e5,Rgiorqzlfn,2024-10-25 15:40:02
bc9df14e-a3e5-433a-b8a5-3ec759eea80b,Zwielohidtan,2024-10-10 12:53:59
6bab2968-a57c-4a50-8f3d-b7c37d80a4d8,Vuusmsvdzpahv,2024-10-17 02:53:06
3e442530-0a75-486a-9a7a-ce6f9956c645,Ueyyez,2024-10-16 23:04:29
018d23ca-a6be-497c-a25a-620eb0d9647a,Pnpkhzjfhsyrzff,2024-10-19 06:37:39
d6cc08b8-0fdf-48e6-8800-19fad9fe6b42,Nxrvkv,2024-10-31 09:43:06
8c3bb93e-0f6b-4186-b3d2-a49061bdb5be,Jvqxblspyjoof,2024-10-31 22:17:25
3699537c-d701-4273-884f-34016195afb4,Fodrr,2024-10-09 22:44:01
9f562ea0-003e-4f89-829d-e0aa406e212d,Zkbrv,2024-10-13 00:50:20
3fd689fb-dbdf-4d1d-87e2-022b225a4d47,Kmkrhavm,2024-10-13 07:10:07
642f7f69-3fad-4fbe-a0dd-3c936431c1a8,Pcnxldpiwcomug,2024-10-19 04:55:25
cf09bbbb-136a-41dd-a9c1-669c06033ccc,Oyanklem,2024-10-11 11:20:40
4efe78c6-a080-4d65-914a-87ff04b35d9e,Jxpmchrzqmudzpv,2024-10-13 10:51:16
858685f3-f792-4a4b-8756-054f4b9000cb,Nwrqbpid,2024-10-27 06:15:44
1cabe1bf-b5f3-463c-91e2-269bbbf5a4be,Azxcdt,2024-10-29 06:22:28
6797b47c-4779-4594-87be-dda2525d3246,Easglhnhggplh,2024-10-12 09:02:46
27f5863f-ebae-4b18-9b42-49418987cc9c,Iljgg,2024-10-30 14:51:53
1f103491-4e76-4d60-9207-1c58925106f0,Xevexsb,2024-10-16 02:31:00
c71d74e6-5394-4505-a447-2c606c48a768,Lrgqjgb,2024-10-28 08:51:23
386ed370-342f-4b02-a170-d84b8b92126c,Bevyxgjtniir,2024-10-12 05:00:47
504fd596-1ef8-4850-b98d-3a37ff30d4c4,Sfrlirnezfj,2024-10-11 17:55:53
55a78f4e-415a-4f85-a3a1-89d69543675d,Ptoay,2024-10-25 12:35:14
e2889325-f3cb-4ec7-b6d8-dd5a1df92d54,Ovpcvvupiav,2024-10-13 20:55:48
716cca65-46f9-4f14-985d-94cb61574216,Mrmqi,2024-10-28 09:14:30
a9dad0a8-e08c-4534-b09e-46e30be4f349,Vrszcukumghffw,2024-10-08 07:59:03
75efb223-e2b0-4626-aa01-3fef941b47f7,Wwhyhbq,2024-10-19 12:56:23
b7396ad6-9c0d-4ec4-ae5c-5826aecdb589,Hbmsanzfoxmht,2024-10-21 13:28:29
b33d8d26-d70d-495f-a49d-ee2245a779c3,Hfvwt,2024-10-20 16:22:50
2c2b191f-a51c-4a38-a0fc-65172b856ce4,Vvywgivftuffh,2024-10-19 07:23:37
1e586ad7-b228-4f98-bf23-21eb2eda70f3,Ahlomkfh,2024-10-21 09:19:05
c05df728-3c5b-45ff-8ca2-fe77606c3980,Gzwydqtauc,2024-10-27 02:37:19
78c578a5-5aa5-4f88-972c-7dc57c9e86b6,Ixhkirrnxzbaoof,2024-10-20 08:02:03
3903aecf-cbf7-43cb-8bca-f0ac7b152435,Yzrsj,2024-10-10 01:50:29
c8cce63e-4455-4f22-98b2-75f63f99e6ca,Smmkt,2024-10-11 22:21:15
b7b6668f-40b1-40ca-af19-bff336a60ad5,Dhyvgoswozxkzvo,2024-10-31 02:08:40
08d4e4d8-09f3-4003-9e3f-f301fe41947c,Vnfbtzjpxwcz,2024-10-25 13:49:21
ebef1baa-91fc-494d-a4e9-c8d36cdeec93,Rkrylta,2024-10-12 03:41:18
acdefba0-537c-48f3-bffa-b345a20f79db,Lvolis,2024-10-26 05:39:20
a5aae687-de2c-4166-8b94-2c6434313c0b,Txacoob,2024-10-07 15:53:20
e7452cd4-60d2-4706-b153-20dacd3b84dc,Gtnpa,2024-10-08 00:54:58
b55c5e37-8dc2-4c5c-947a-15454b5a277c,Fpnxgwojgfnmx,2024-10-08 09:00:34
0d389855-0c02-44af-ae74-cf987ae51a3e,Jtjetsvrneve,2024-10-04 01:38:11
c4cfb5df-9952-45db-99d1-50c8390b5cfe,Zzeaxbng,2024-10-18 06:49:00
319636d2-5dda-419f-9982-1bde7fa97073,Mevmtwhdfomko,2024-10-30 20:45:18
12b8dc75-d26b-4c51-ba05-6f3e2aab3848,Ffstvhhxxvxyfc,2024-10-16 11:19:35
34104c99-0ab7-40e4-80fd-d7e168711723,Zztjlan,2024-10-19 01:34:35
ce91d8aa-7345-4766-a3d6-fa1188b39e93,Qfcvzsathuxvhar,2024-10-19 19:29:33
2d07c878-ab90-4fea-88e0-e3b5fa636d47,Ounuixqlwakve,2024-10-08 21:55:25
637b1f37-20ec-40b2-b201-8888aa76520c,Twtwozelfbo,2024-10-19 18:57:48
da6fe301-ce73-42a6-a916-be10150914b8,Siulqjqykxdm,2024-10-03 21:51:50
9498b63e-31bd-42bf-9db9-61721207a3d9,Nqrhwkbevqmofd,2024-10-19 23:30:59
e1008ee8-5f12-45e3-8817-a2e52ddd9a80,Mmpit,2024-10-06 22:52:00
b0b5c110-8ccd-4ded-a41c-e9cc6d4e92c5,Dxxythprcfhikuc,2024-10-14 20:28:24
36f3fb3c-7d7e-41aa-8835-1a8f8c792dd6,Lvjallfwdga,2024-10-28 18:09:30
3e645830-c768-449c-9983-0a86b7f019bf,Tlurlq,2024-10-18 21:04:45
609652bd-1d50-4661-a1fc-ec15d311d71a,Cvoydj,2024-10-08 01:25:32
914f7817-78f9-4342-ba57-a4b078d97e52,Afmvdosdmuo,2024-10-18 06:07:11
9cf4db4a-42d4-4cbf-a990-c577b620dfda,Ipedmefalcfjwj,2024-10-05 10:41:13
ab9e90e5-bb16-439b-ad36-cbbdb1534fad,Lzeskffypxpoe,2024-10-08 00:21:26
042b29b1-6ce9-4c4d-9bb5-9c5e1991b57b,Imeoprfwpux,2024-10-18 18:51:43
0952bf78-e1bc-42fd-90a8-b1ea91d6e46f,Hkupxucryiws,2024-10-03 16:11:00
348176fb-772a-4955-a81f-415c1255c63d,Fmzvxczgp,2024-10-10 08:58:59
430833c6-2821-4870-928f-ba45f8fd36b9,Ccmcvyfwp,2024-10-16 17:46:28
c2f64fe1-ae07-4dc0-86b0-54d828a76b44,Dbgzrys,2024-10-29 14:54:32
94b6ca25-8d59-488a-b6df-a939e16d7349,Vzpejhes,2024-10-07 13:45:43
eac48a98-2d7c-4c2b-b052-88c63cdac936,Usiamhlwpkcxp,2024-10-19 09:07:14
c4031950-aa12-495c-9edb-51baa9cee3fc,Mutdh,2024-10-24 15:47:44
5f72d27a-59fb-4ed6-8630-6ae75501ca5c,Pmwtkfnn,2024-10-17 21:08:20
2532585e-001b-4ae2-a285-1b86821844e6,Zwwxalyprpfjec,2024-10-21 16:21:11
7352628f-d81e-40ba-8195-1c4a67639d2f,Khoxqnzh,2024-10-01 02:33:51
fdbbbafa-c24e-40fe-80dd-803cbc4fd554,Wrubdovubcqzjh,2024-10-25 15:48:12
60b039b8-e033-4c02-ad8c-f3c153d97b20,Uldwhojyo,2024-10-27 15:30:49
75ff8894-42ec-4738-86e3-0f275bf1a69f,Yvmwovxq,2024-10-06 21:29:46
f7809cd5-a2d0-422c-90a0-71aa089f9ce4,Jtixdpjdv,2024-10-26 14:35:51
2f9a109c-7a13-4bf2-808b-31f6d62d6ec9,Whhqz,2024-10-16 01:06:29
2c54600b-8e6a-40b9-8679-5fed3889b636,Ogftihdfb,2024-10-12 08:42:51
4c57f71e-b5a0-4fb5-80fb-c3ca13df7c04,Xiihtmqusb,2024-10-21 18:01:37
216d5574-4fcb-45b0-bb37-957c357c440a,Uviymfn,2024-10-13 21:53:43
476aa403-4919-4ad1-b6b8-81777af0a8ae,Heicrwpimlufng,2024-10-08 23:35:38
a6428f4c-c162-4be0-a1bb-e06a652490c4,Bfrmso,2024-10-10 03:31:44
deaff981-625b-43bd-a433-5e9b5af05eb2,Scmuwmybhnqgk,2024-10-29 02:05:27
bd2543cd-f164-403d-a7ec-0503b83ec759,Dzjclvyzowsy,2024-10-01 20:12:14
4f2f2eeb-8650-41c7-8873-72bf070b68cc,Vfiovpkx,2024-10-13 23:41:06
5f2e000b-09d6-4e41-9644-a612f4210b3a,Ufbftianjtkunpb,2024-10-22 23:06:10
890f7421-5413-4cea-b9a9-c4ac6d58747e,Ziujihvjnvxn,2024-10-03 02:50:06
a56ea0fb-0b74-48f5-a4ee-8c7d94955590,Jemsvjbjko,2024-10-08 14:20:43
563ac8bc-f252-4f67-985d-8b700e717557,Eoqwjspmmowpg,2024-10-03 06:12:26
8dc34c5e-7b31-4edc-9b04-b138feb32841,Vcazvhoptlaqni,2024-10-31 14:56:08
23c19aea-26e4-49f9-aec2-d3c9513230c1,Mlgigmmvoh,2024-10-28 06:00:18
a8859e2a-8e79-4dbd-ab20-6c5e6b079914,Evnjx,2024-10-25 12:34:30
3e076d50-66bf-414c-868b-adf316bc237a,Deaqlnqwtacsdye,2024-10-16 10:27:03
06356b14-db13-48c7-bfd5-3d8455956fe2,Jcuhf,2024-10-18 11:06:38
1d1b0dcc-d0ff-4ba3-bb82-25c0f3377f58,Bawbjyjgb,2024-10-05 12:52:48
80a6daae-af24-48b5-b17f-53315fa99d56,Xbenbzklv,2024-10-12 13:37:40
18c33304-4e03-4047-9183-0a47571bff63,Qxdoreenndrp,2024-10-03 13:55:19
48c07fb1-d5b3-4ce4-88cd-23cdb1c824fc,Vzzkyprojzrt,2024-10-31 21:54:51
24468577-35eb-4ca1-8ba5-f0aa0ba9ce1d,Pdlnajwhn,2024-10-11 14:32:17
4ec5c4e7-99a2-4a3e-975e-9f2844c3257c,Lloqsaij,2024-10-11 16:04:11
6ffac9e2-a2ae-4c79-90fc-4912fb65c9d8,Eixetsenhgcez,2024-10-07 08:17:59
aee9b718-3a5d-43e8-8b11-2beebcbae867,Wnqncshkmz,2024-10-14 21:50:58
fb6c4989-c340-48cb-a5b7-f03a1f33398c,Xhajlmfqgqh,2024-10-30 01:24:47
e347806e-8fd1-4988-b455-3e47a1e8d050,Hmjrmowh,2024-10-22 14:05:50
b7098ea2-eb3a-4473-83bb-a8f80dc3a4fb,Tmavhdw,2024-10-31 01:29:02
f07020f4-6fc7-485a-9b9a-24f0f5d131e0,Cxapp,2024-10-29 22:30:28
2924158c-5af7-454b-a42e-e4b00d156ab1,Wsiriprxsyh,2024-10-24 04:06:50
ece09613-da9d-473f-a472-922247f53ab8,Iuwhak,2024-10-08 14:26:33
44505faf-cf53-4f6a-a108-ab486dcdbb52,Ukswkvgvwdxm,2024-10-21 12:37:56
27787700-d2e3-40e7-ace7-d75ef84a6ac6,Czpvn,2024-10-30 11:24:01
1396881e-c7ff-4f40-83be-166cf211ba05,Uohqsnoszt,2024-10-16 12:51:03
afa98e03-b72f-41a6-ac11-499bfc9f1a2d,Mluonhmpph,2024-10-31 10:53:16
445fd0a1-98ec-4101-9082-8486e74e6d17,Emvcxjhmtq,2024-10-12 12:59:43
f3628cf0-f9c5-4768-a048-47c5c1613230,Xxsbwwaam,2024-10-02 22:53:24
33706c51-ed27-4a4d-ba28-a0c56fd3d4a2,Vznvznryaxpnmyq,2024-10-03 17:44:12
ebeb0ab5-f771-4d07-85cd-0e1657d3d3da,Wracxmkyz,2024-10-03 04:16:42
20cf414a-2a56-4da8-b398-ae2f1a92e9b0,Pjnawiycshea,2024-10-22 21:13:46
2aac98de-c650-4b6a-a8f1-2b40647bf732,Eusgmlqxy,2024-10-18 10:17:42
55666cc4-9573-4f17-8b01-11f6d19907ed,Txwiiodaedqnsmk,2024-10-05 02:16:30
eedb7eb5-0344-4a81-ba0f-5316322eaedf,Cgtscrhsr,2024-10-15 14:34:11
c9525bd8-8ac2-4d94-916a-e9d89abe5c70,Swshkomup,2024-10-20 16:15:54
ce11e54f-b72a-4de9-9a53-953680da9a10,Qzdggnuk,2024-10-05 03:27:06
aa94798e-89f2-427f-99fd-5440ab9df394,Ecofvykrilasm,2024-10-29 07:54:42
efce9bb0-7945-4c2f-9bc8-2d5bbbe1c410,Uphozpx,2024-10-14 11:08:51
2fbb5b45-2ad0-4666-9672-4157724e4015,Rfwuw,2024-10-27 22:40:45
61c5babf-dcd8-4afe-b983-13b52a2e0c52,Trjvabkpfuxoqgq,2024-10-20 05:03:21
3736ad54-be3c-40b1-8f99-58653c112e64,Gxprg,2024-10-05 07:29:01
d4c8796a-06d9-49f8-8fd3-e5562c51371a,Heuerrmqffqorzt,2024-10-24 04:27:05
cbc9924b-257a-4369-80a5-8001f4cdfd7f,Tgbabvjfikejvrt,2024-10-09 13:48:36
058be47a-a9a3-443a-a9ed-42aa3dd7fd4f,Smgrotf,2024-10-19 03:28:32
22159798-6348-4e09-b76f-ae263964326b,Liixmrzwtzrskb,2024-10-05 05:35:18
6c2522dd-1727-40aa-9dfd-b13eba8170a4,Tevstznkfmccz,2024-10-18 21:42:06
fefab86d-0e11-44c7-aea7-61ea02915785,Iwvfrtxusr,2024-10-23 17:42:54
08bcf9a0-e3bd-46c2-ae0f-c54a49395f57,Lhktlmfowh,2024-10-13 01:55:48
fc96d827-5b06-42be-957f-86306906813f,Crvwie,2024-10-25 14:23:15
0c8dd261-eb81-438e-af27-c59033436b44,Qfkwhpijobc,2024-10-26 19:43:25
4227289f-2b5f-4407-9d47-5f387468e3b7,Tgnymdxo,2024-10-25 06:07:15
77e6a5b5-4a3b-49e5-b6f4-12e92da91be2,Ncjmychhtzp,2024-10-02 09:38:37
08128cc3-b41b-44e2-bc34-41f5cabbad40,Imrnixeunlkk,2024-10-25 21:56:03
2aafaa0a-1590-40bf-beae-fd39b2e66380,Tiufstxm,2024-10-08 19:21:36
8327bf14-0a3f-4eb9-9c60-ba102d4777c9,Wzvfalheooghcwc,2024-10-09 05:17:36
6952b7d0-ae2a-4141-99b1-3817a1af3e08,Jdoshad,2024-10-20 14:13:38
e679e0df-e287-47e6-8fc8-590f5e3a0c34,Egrwj,2024-10-30 08:16:00
e4a5cf59-df24-4b5b-bfd5-0e1bb6fab904,Mcxiem,2024-10-04 16:12:49
b0296894-bb9e-480d-9ccc-2f593f550c50,Hlgcn,2024-10-29 15:34:38
dfb0388c-1d2a-4a29-8ee3-cae374f308ab,Cqajyjtjd,2024-10-31 23:54:28
72ce4de8-bb33-4e3d-ba22-264e0a8e76ea,Vcfnrkgockbbfgh,2024-10-16 03:20:10
955fb70e-9de8-4038-b5d0-1294fe1ae4db,Zilsosezzj,2024-10-29 12:23:37
fa068fa4-6f5a-4c1b-834c-1ed951546658,Sxgcydzrsc,2024-10-05 23:41:59
bd0edcfe-1367-430d-bfa7-36f780c13074,Zbxyaailswc,2024-10-20 00:11:15
975fbf6a-1ccf-4d03-8f13-d3900c5d1b94,Ysumu,2024-10-02 02:52:39
fdf24d9c-6653-4f07-9aff-58571fb206af,Suclpredmenvri,2024-10-12 11:30:08
68ded6f3-642c-46b7-9cb1-507b3e59da93,Ittvvjem,2024-10-24 09:23:43
05441263-8778-4329-9a11-1f435eeba792,Chmqqiiafvydo,2024-10-28 23:16:14
8fbdc380-a7bc-4539-971d-faa90f2c99c6,Pwuebweide,2024-10-09 11:54:31
01d5fb95-5479-4c66-961f-0ceab04aca0c,Hyyzrubefaxlbds,2024-10-02 00:54:04
6e646d2c-b004-4d01-9cff-5a1cc6ec80e3,Xvcgq,2024-10-09 12:53:12
3c813ab1-1fee-420b-a90e-d050e21664dc,Ouuljvb,2024-10-17 06:08:12
85dcb405-9991-4faa-92e7-870920ab7a26,Cfcondqwkg,2024-10-19 00:12:58
58ccb9e9-2076-4290-aa86-e0f9756e80e6,Bsbmehqbrt,2024-10-27 03:39:19
9d1107ca-dd01-42a3-b3f7-034d210b3b3d,Ztppf,2024-10-31 22:03:39
148fe31f-27d9-4a1d-8d5f-1c1137f0fd5c,Luhzazolxtche,2024-10-03 03:44:46
21558630-a9b9-4313-bf1d-a9228bff2843,Llyrxavpecbq,2024-10-03 02:05:23
6bb8e0b3-b4b3-464a-850f-5f1bc64a2666,Lsgbknmbam,2024-10-06 15:44:41
6a8799ef-195a-4bd2-9c65-96332f2be17a,Wkntpic,2024-10-12 06:30:07
4a4f3232-83a7-45e0-a3dc-c2a99183f672,Hjgkzcetlweb,2024-10-10 22:25:00
811481bb-9a2c-44e8-aeba-e7a3b4afa375,Vdbozooi,2024-10-06 09:44:16
fa98c19e-44bf-4da6-845a-478e6ca8c8c5,Fuhtzavzv,2024-10-18 10:31:54
65e891ae-711f-4554-afca-fefee1ca517a,Kqtzabdidwt,2024-10-24 19:54:46
fbd12fdd-5175-4a5b-8d38-eb6f883fc3bb,Qwqrjhwujvncwk,2024-10-12 12:22:29
82b4b7e5-6d31-4368-9f38-0603dd22d060,Ztvmn,2024-10-14 19:19:01
6c5eb8e3-a49e-4955-b136-7f3a047a1032,Rpfzvptrhaeyiw,2024-10-29 17:35:32
133cb68b-21ee-43f5-9b2f-480c4257d68a,Pywgdnmjbhrktqn,2024-10-02 20:53:42
942ede47-b41a-4437-b364-735730fd8b01,Ljpwgcglscdy,2024-10-05 09:04:46
6a8600b6-d665-48f1-bc62-00c76947dd66,Xkoakh,2024-10-05 05:11:02
d00b592a-2a09-4cb2-9c7d-f62277e2b33f,Ymzcpppajms,2024-10-26 00:28:59
a3c9fefb-4484-4524-b734-28df237eb1d2,Zmxwtbjtpluhd,2024-10-28 13:32:50
cc7d0d1d-0fbb-4c6d-a802-b5ba83c4973e,Nwcigleokyo,2024-10-09 10:15:19
1cd4ca92-00b7-4d64-a848-1c74728c735b,Ltntpuu,2024-10-24 13:35:06
07ebf368-9484-4f7c-9954-474c9e268025,Ydpxcomanzdlz,2024-10-27 01:38:00
96710eed-93d0-443a-bb13-c1f58ebc6009,Malddqscezyyz,2024-10-30 17:00:01
6b6b8bc8-d9c1-4ab2-b040-0c4ba6245ac2,Kqybelb,2024-10-01 23:41:49
0f7fde63-705e-4a6e-9a7d-d32998498f94,Ycijhmtvfogec,2024-10-30 03:31:37
3debae27-5206-43c6-8485-f60bf1c55739,Peivkjfksl,2024-10-15 19:30:30
3ea183e8-bbf5-4f18-a837-3958c41f53ef,Ejtpb,2024-10-11 04:39:54
0b7fdeab-705f-4661-ad2e-0ed1685fcb01,Xeabfe,2024-10-09 18:20:40
da59e71c-9176-4680-837f-50ee30550788,Dschnpulms,2024-10-01 10:02:19
21782f3d-be55-4d4c-8d3b-4d42f8ae73bf,Wvytrui,2024-10-04 16:36:40
b0356c46-7956-4eac-8ce8-c2fa21fd7d4c,Sfcsra,2024-10-16 02:44:48
6321aa50-71fb-46bb-899e-7a4b49282064,Azuvnbvcvaijg,2024-10-01 11:11:28
aaf07b13-0659-465a-9f4c-e9fe043d1fcb,Rmxsjxjvynq,2024-10-26 01:25:25
692ee812-174f-425c-96d9-d52d491ee97c,Usmivvf,2024-10-08 06:49:38
063b53be-1f70-49a5-b827-17fa024a6731,Wclewqsahpbkr,2024-10-23 21:54:56
27c4b585-c358-44a3-b83c-78c578125788,Nglga,2024-10-28 09:08:09
7b52a9ef-2084-4304-97f6-d0fc1e0a0d79,Sahheurvbvxdj,2024-10-30 10:44:18
e6249168-242d-4493-beea-409b8e54e0d9,Rfxawppfpabzms,2024-10-04 05:50:44
47d1f2fa-8697-429b-bd11-c11623e9bb69,Absoloveva,2024-10-09 17:12:39
37d70163-2652-4a07-afb2-4f135991a99f,Yzoaxc,2024-10-09 06:16:13
baf91a4f-ef1f-4314-9334-b897916f23d1,Tsgtspcwadcucan,2024-10-20 18:17:42
af348f25-0340-4428-af7e-f8a761263691,Ucituypqurisq,2024-10-31 18:11:02
90d07d21-ae51-4819-8b5b-6adbf647daa3,Pgnvlu,2024-10-09 00:10:12
f5446dfd-0036-470f-bcba-32923e573bbb,Cxtemjmadpi,2024-10-27 13:49:13
4ca0d923-605c-4654-bc8f-7487df808d5f,Iikvrhsa,2024-10-21 10:56:59
977aaa34-a66b-4ae0-a2bb-f4e160fc3af1,Ymenwwbmmdksul,2024-10-26 22:10:16
cc029a4c-6492-4618-8dbe-fec1ab041ce2,Edvweuzdjk,2024-10-16 05:16:29
e4efdb57-5cc3-44ed-951e-7454220d27c0,Vbusgcf,2024-10-15 00:38:32
14d919a9-0ad1-4fa6-9341-8f774559fb1d,Nlhgvubndjdpjb,2024-10-24 21:07:57
e78c3631-56af-40da-83b1-30e6d12d8e03,Nretn,2024-10-16 07:32:08
0d6dd9c1-bc3b-445b-b210-f22d6579da4c,Legeynmnpulikje,2024-10-01 22:37:05
0c7a592a-fdf5-4d1b-9725-fa869b127927,Ywxazbm,2024-10-21 10:11:57
e0af0848-7f8a-4b0e-bca8-91e90a39674e,Exokebsxrneah,2024-10-26 23:29:36
1d52f8a4-4cdb-4e9e-9091-df7599cc7612,Apgzutjptjjx,2024-10-15 10:48:00
67e384a7-8165-429a-a22d-2b9ff559e5a6,Zqztsjlohmhkh,2024-10-20 22:24:50
9f1b29b0-ab96-481f-972e-5588b27dc99d,Sgocycohzzz,2024-10-23 02:33:35
b2683ce1-87ac-446b-a183-273f1610403e,Qutncawgzmvic,2024-10-16 17:29:33
f367357b-665e-44e8-b6ac-72c75e500078,Xkryqlstfjftl,2024-10-19 08:50:28
43b7f514-8ac2-44c6-884b-c3fff5f58269,Uuouojhsdocl,2024-10-29 01:44:23
aa928cee-1544-4d2e-9b79-9e3f344f147a,Vqoorddwk,2024-10-02 13:43:07
2a4839cc-fcc1-480b-9a2c-e95f5e70310c,Vwkjmtsqemik,2024-10-29 22:13:53
08affb26-3cd1-4885-b852-59c15176316f,Xlykdvhvgzhyajz,2024-10-26 22:13:45
2bc9c952-d8ce-4cce-ba32-9ad4eb18ddae,Bjerydbplkgl,2024-10-02 05:41:41
29544821-3f75-4c1f-be86-60f0e4634a71,Fainxrtgjhamlk,2024-10-14 18:41:51
2af12eaf-4a89-4522-87b6-321adb137247,Amdagklasc,2024-10-25 01:13:27
370c87d7-1800-4a79-b45e-6fd97c4c09d8,Lrqwdbcizzwpohi,2024-10-23 17:45:08
b8515886-cb76-4fef-b40d-6e1b2c4619c2,Qmlxro,2024-10-27 06:56:38
3dd5e1aa-f93b-4c07-bbf1-37f5eb3d1095,Ypnigycsmmmpp,2024-10-12 19:24:09
ed72bb9f-ae01-473a-a045-f067e74bf156,Suyoh,2024-10-31 23:50:18
18fb9af0-754a-42da-99c9-df1a73daaf60,Axeppz,2024-10-02 21:36:49
b52698be-e90b-482a-a3bf-53a1fe262b6d,Yzuzhi,2024-10-04 19:45:25
a13574c7-0c22-46e3-8f24-626dfde63f34,Gutrorkysk,2024-10-26 17:48:26
511fbbc9-a6db-4392-ae71-f69ad48432bf,Vewgwfuxxwal,2024-10-11 14:55:42
4d8e438a-758a-46ca-91f7-d6513a182261,Cckdyrhtpelm,2024-10-25 19:04:11
d8c0e9fc-2028-4ede-84fa-f174c374f2bb,Qkgolmnuydxenbs,2024-10-08 21:33:32
21ab70ef-638e-47e9-984a-4d7f4c984825,Fxahm,2024-10-02 08:37:23
bf52f76b-d632-4b31-a779-c841aa1a775b,Ggfcjybioticj,2024-10-24 21:43:57
27d3de35-beed-42b4-b3da-6d73e327ed89,Iuuzwovt,2024-10-23 07:33:25
b83c05e0-35c6-4cd3-bdb2-c72d6e2b91cb,Wxfbrvvporqlac,2024-10-04 23:10:06
9acb9f21-1bc9-4528-a4f5-9c49d8e57821,Zkysdyzal,2024-10-15 01:00:34
9be84c85-36ee-4e30-92b0-2f00429e6784,Exnkvlmmbo,2024-10-03 12:31:56
ef65c72d-7ad9-407a-8840-2b3067f965a2,Snwens,2024-10-16 03:49:04
800ba5a3-b420-49d5-8ab6-a304c9fe9826,Sgjgmqhvuao,2024-10-06 07:30:25
cf23ec3b-03f1-4194-92a1-8c56ad264d94,Brpbygqea,2024-10-22 15:17:49
5b83b85b-e559-4f67-aace-b10cdccaedc3,Mfabwhuyve,2024-10-06 20:01:50
0a0da94a-2020-49d3-94e6-3fadb3119235,Sworciemln,2024-10-13 12:09:04
82002099-6b80-48e3-b020-119f39386161,Hgnfqxzvtztjb,2024-10-25 01:19:29
a763b0b3-71ef-421f-89ea-5f969c632be3,Oxxbklhgyvg,2024-10-24 12:11:22
dfd2f471-e3fb-4d9b-a337-332f0229ad27,Atmzqc,2024-10-06 19:49:05
4d653180-c683-4775-843a-eb6be58b45f2,Nxyroaunpbehgpb,2024-10-29 04:29:30
85615f77-85b8-4101-920a-315482828e27,Osqmfeydoevxc,2024-10-09 00:23:39
84bb54ea-545e-4e04-8f6e-2c6340111e1f,Uhzwzmmaykpg,2024-10-26 03:00:48
1f6606af-a9f9-448f-97bf-269d3fac66b5,Oaimsujnqk,2024-10-04 20:42:51
aa1284a3-d1c6-4ec0-9b31-43ef0323beda,Pjpndywbegm,2024-10-05 10:54:38
e24c6dc9-a773-4bdc-8773-5590835dc279,Zyahoif,2024-10-09 12:21:02
50ad970a-71e0-47a1-b592-a0445ded222e,Vloflp,2024-10-21 01:09:52
f8e8bee5-50c1-459e-bde6-cb631a134a96,Wqpekzqaupz,2024-10-25 18:37:09
1e19c800-116a-483e-8090-da6f85a1e7c4,Xumoyr,2024-10-28 09:55:00
27620681-4cf8-49c6-a5b1-1527fade05b6,Wfmnmnsfjcaxsl,2024-10-13 06:27:23
cd7836d0-3b19-4b69-896f-5d8c413e1a59,Rlezi,2024-10-01 23:12:00
a76a6ad5-08d9-4e71-a696-0dc18cb4b62c,Mbnjthiruutyy,2024-10-13 17:10:15
15f6d70d-cdb7-4458-9465-43c4ccd57f2b,Dubjxivweadr,2024-10-19 00:27:08
523dcf87-18b8-42c4-9c81-f18f6aa73e0f,Vczgrmh,2024-10-12 06:59:11
27941652-5c87-408f-87aa-1dcc611f5a3d,Nkknbiwzedyoxe,2024-10-15 21:34:11
4416d0f9-d6f2-4c36-9bb8-9512a2d8dfef,Nfvwacbqbc,2024-10-23 21:02:50
b6aef878-5b4d-4d75-9cfe-86ffbd7e2ad3,Mvmrvgxlug,2024-10-20 19:46:16
fd79d252-5581-4fd2-bef7-d7ba93f70d81,Gwemogyjhy,2024-10-13 23:48:34
1fcffcbd-1c1e-4cd7-b009-4578a97adabc,Fdamqtvkbqk,2024-10-27 12:11:36
18badf2d-77b4-4a89-be4d-a322ba0e49d1,Aqkiwqcbdpx,2024-10-30 18:10:21
e232e220-d666-4f3a-bb49-8bd9366b35c8,Lsexjqkediza,2024-10-01 19:03:13
785e1d70-3f65-43c2-a01c-e0a2d194f8c5,Dqamdtkllup,2024-10-25 00:27:54
39f94446-0520-4850-9815-ebbf5a50aa39,Pfkpyktxtmlo,2024-10-14 05:25:48
01eeb303-61f9-43f0-b07f-570e40831b5f,Zzrwutmdarhi,2024-10-01 02:56:38
260cfb24-7996-4ba0-a8df-bbbac6a1c89f,Jyupwkqdw,2024-10-04 01:48:36
a853eaf7-72f0-4948-b3a5-dd970aa56ca9,Tmxyfh,2024-10-26 15:29:34
13fca4f3-a4c2-42de-9df4-3fd1c9aa23a0,Ipnaujkufibfk,2024-10-27 10:58:19
f5c3398c-1b5e-437f-b85a-946a8b22a026,Lmvrepsooppjamd,2024-10-05 18:29:25
b085a370-bbbf-49d9-962e-1f148b0642eb,Jnfuyn,2024-10-23 14:06:03
f7d3cb4c-3548-4708-aba2-748cb17c4b88,Octjcuyrssqvas,2024-10-16 16:47:34
678428a9-5b22-4e43-b71e-cd07363e3e3f,Swuaegcbxnbcjpg,2024-10-21 23:58:37
f6a87b9f-351b-4db2-ad17-79c5f46a30b2,Fhxgogmdg,2024-10-13 06:30:05
56169519-b357-4af0-affc-9bd0cfcd1470,Ebzqmduqhyeoy,2024-10-02 00:18:19
34a8ee1c-f0a3-4a00-b0b7-f07f7dca4170,Cqgsfarsmyi,2024-10-28 23:37:05
b409b186-6577-471c-9d8a-c466f3d50e79,Prmbrwlyqe,2024-10-03 00:44:33
e36947e0-bf60-4ac6-8df8-0bcec6fa0d6c,Mocxxvlvru,2024-10-09 15:08:23
ca523950-3898-4d28-ba83-2f34de2f0753,Bzbgbt,2024-10-09 00:01:14
2d3252c1-5481-4a93-8066-db3a83b6773a,Jqcgch,2024-10-12 17:03:00
66900965-9e81-4491-b516-8e86126670fe,Kdekgpmldas,2024-10-24 16:13:19
c3ccd552-923e-4bdf-9dc0-057a1d7b3e9b,Uqptyvou,2024-10-21 04:03:22
dbc733cb-86b8-4aef-91f3-26994a260c48,Doshinxtbk,2024-10-31 10:53:41
f046c883-303e-4e46-85aa-14cc2ddb1555,Cmkcgofwcqtc,2024-10-09 13:17:17
34c180e3-3b8f-400c-add7-fd8d7e8b433e,Idsmgvkobqqrb,2024-10-03 00:08:37
e3be019f-7e95-488b-bc2d-0442917046bf,Rfxxjz,2024-10-09 23:44:09
abd4e03a-f01e-496c-a113-29adb928bb18,Nqcuvy,2024-10-17 19:43:45
8a89f32c-c4ea-4cee-a439-51dbc5bef1ef,Uyiaarkbq,2024-10-03 13:00:04
f3decd6e-7bdb-4cca-ab5f-3d7270d9ee0e,Usbwhn,2024-10-28 02:25:22
5a536e08-786d-4b91-a707-fd2f6e8ee22d,Ewimioxjotjiix,2024-10-12 17:03:34
c23c3221-2b3b-4055-bf3a-e8b75c3d44e1,Paqady,2024-10-06 11:57:55
d1fb6800-5d0f-4606-a237-4ae09121d9af,Oujclf,2024-10-10 23:27:03
851c78a6-60d3-40e1-aaa2-923cf3fa999d,Ylhgwhpjkm,2024-10-27 23:35:47
bf39071f-638c-44f2-a6b9-451ad08aaf98,Vrxqnqmrippohi,2024-10-24 18:24:53
cad92965-f0e4-48c3-9fb5-45f71e5a9091,Pmhtnolpng,2024-10-24 16:31:37
a14a0356-79f2-4445-9681-310c2a2d2a7d,Jurjfctsnngbua,2024-10-20 23:27:08
130f4b5f-202a-4912-ae85-2f1769496eda,Vqeexniigloj,2024-10-15 05:02:23
4d1ab5b4-1f67-4d56-a4e5-f3632d2810b2,Ryopcdqllxk,2024-10-12 03:53:25
0ed4170f-a7c1-4023-b44a-85110aa7a923,Myfanhiisktu,2024-10-27 09:25:06
6277297d-7c81-43ff-a213-3441caff8460,Hnbqoazuz,2024-10-09 09:26:13
f377f26f-9725-4d23-ba58-cc2b993df017,Mcsgyp,2024-10-17 20:49:30
b804a598-1e4f-4daa-9023-7acfd8643bba,Utqbyx,2024-10-31 15:51:02
64fc5993-2e2b-4730-9a83-ad3f3d301857,Qpglgdcvfdf,2024-10-11 20:58:38
75122c35-9a47-4d0e-acaa-8f66d7fa0c3b,Mgyftcoudt,2024-10-30 03:58:37
b0129ec2-d751-422b-ae21-dd923550af23,Amrjezyenotttb,2024-10-07 05:32:06
87bd0def-d1cd-4874-9bcb-cef6233d9730,Iuvqjoxpzvigo,2024-10-27 19:45:27
9fce7b5c-1274-485b-83ed-fb6d2045af62,Nxqxjiuchnhe,2024-10-21 08:42:56
a288f26e-6bae-464f-b3fa-faf34b2336a0,Wqwxyuyhjuarlkk,2024-10-24 09:10:08
339eb879-0b56-4771-b829-2ecf4c5dc6f5,Rzhukdjozsvhozh,2024-10-08 19:51:44
5d9eb9c4-e233-4634-a45c-2497340bc2e2,Tfvlxzvghwkdk,2024-10-08 11:39:19
6e833ff3-7434-46a7-8c61-087e63fd2e2f,Rifjtalhvju,2024-10-31 09:58:57
d777f45c-abf2-4bc8-871d-64e29279b037,Wnqrvr,2024-10-05 10:53:25
90c2fe46-c6db-4605-92bd-1fe61031b5db,Nqnagirony,2024-10-24 23:28:42
85d20711-ce66-40e8-878d-cdae533a017d,Pazkihomdanvi,2024-10-14 22:56:40
0b0ea272-84ca-4ff5-b7bf-cc178354c84d,Forkujxlfjj,2024-10-06 23:33:48
ab0d2b29-d462-4603-898f-656067381b44,Bvygdj,2024-10-22 04:05:41
65fb9b83-1e66-4ece-98f4-08d2e0c9b18d,Cgprgfw,2024-10-12 09:40:08
e33d58e6-87af-4b16-a101-bc4af555cf99,Sqfhiamx,2024-10-06 06:22:22
60d65584-b6a1-48cd-8a68-566a6bbbdecc,Biclrakamk,2024-10-26 09:40:55
c25c992e-b707-4c62-aa5a-6b37e1fa63f3,Viwkzksx,2024-10-15 07:15:53
f4de712b-c2fe-49e3-8cce-64e2380e43b1,Aqvmxcscv,2024-10-08 11:31:06
7d2ad07c-af7d-4476-9529-bb08bba2f796,Zmkgyn,2024-10-28 13:00:00
dbabed47-421f-42d0-9390-614575efb82f,Nokframxb,2024-10-29 16:37:03
4dc2279f-ff8a-47db-ad8c-f4669d11c25f,Iruarujnrdvugs,2024-10-09 01:20:47
11994163-549a-4bfc-a664-e8c01aef7d92,Aoqbktfu,2024-10-12 07:34:28
8d537854-2f23-42e2-8439-e12c96baae7b,Exgisbklqlognw,2024-10-26 04:51:26
6c76f756-9989-4db5-8ab5-db5114474826,Zrazkpmmdmqzadd,2024-10-13 14:57:30
33342ec1-4401-458e-861f-f9ee1f20f575,Engpvjmc,2024-10-10 00:25:23
4f083e0c-5aa9-4c95-a226-d07d42ca509d,Uzzbbzhjj,2024-10-08 04:52:08
fc7efbf1-aa26-4272-b511-cf5ae28a1317,Pirakpnznxnzgk,2024-10-07 20:44:45
5e591fd6-22e4-44f0-98a1-39107bc4ecb5,Bqohzkjbobpcwr,2024-10-21 19:30:33
35c280bf-2ebd-44e6-8cf6-052672453b2f,Pjdtqcsfkd,2024-10-09 00:41:26
2ee7f05d-2355-42f5-bd52-148ffd3603c1,Sudlbttcroib,2024-10-01 18:04:01
7087e1db-0397-4d7d-8ed8-571387e639d2,Taaahpuk,2024-10-04 17:34:05
4f04192f-dbd4-4d45-adc6-9d8808dbb952,Flyixdy,2024-10-17 11:08:25
28c23e5a-449c-44f4-86d8-33d7570fae2e,Arvvlr,2024-10-30 00:23:35
c05c1323-463a-4d0b-8fbf-3e02cbc5d3a6,Mjylervutiaffgw,2024-10-23 11:44:32
5a506998-11fc-42fc-a63c-43cd1c840b8d,Cyneixssdsw,2024-10-12 07:14:48
0517251e-1716-493e-b56c-8e1797df5d3a,Txtwyuzgvt,2024-10-20 03:04:18
a61e08ac-0874-43e7-85ad-77f537788090,Vimfk,2024-10-15 01:08:50
23857af1-156d-49a1-b7a4-856a2b5fb7f0,Elmfchymxbe,2024-10-24 00:38:07
bfb6ed0a-a1dc-483a-8f18-a88e0a5a9ee0,Qcjsidlaqkkgohq,2024-10-03 17:18:41
31b73a24-2456-4610-8d3a-b99b1637d366,Hcrefptr,2024-10-17 22:33:25
aa938c99-d164-41fb-8dde-74b5651e946c,Vnqqcverug,2024-10-13 20:48:16
f5fa1a37-f878-418b-b3d0-74c774783265,Jwadutxmlhyhwnx,2024-10-28 07:46:10
c408eac5-4f40-41f2-aa80-ff7f52ee97fb,Boagnkgbap,2024-10-24 04:51:26
4cd2d277-5795-4bab-a5bc-596ab756e77f,Hevcoqcg,2024-10-11 09:21:43
b458a414-9dcd-4a48-9fbe-39fe1498f695,Pmqvw,2024-10-10 02:20:09
85f2fdec-b9f9-47fe-860c-be6d684435fc,Rynsmcnvdds,2024-10-13 11:27:01
cb0df1d4-2642-4623-a022-6dcdbc06705e,Xgikgpvzztpbpvp,2024-10-05 14:29:12
a7a32c1b-7b48-47c1-b39e-63b24086e704,Edvrvnvlsobcdr,2024-10-24 00:45:33
c6acb997-0800-4f39-bb83-2644b1752169,Udxxbmnxjecj,2024-10-01 15:40:00
d7c1b12a-f9c0-41f7-b29e-f95a9916a676,Hblegeuki,2024-10-18 19:10:27
f630ff2f-fca7-44a1-b6e1-fa1cdf55ba9b,Xzxtolfobbklig,2024-10-13 05:10:39
8fbacfff-5a40-4a77-90ce-774bd38ecb0d,Cghecr,2024-10-23 22:17:13
4fd2d2ce-de75-463a-9dc9-254194e388ec,Rhcwtr,2024-10-24 05:02:34
58c658c1-8ae8-4d0b-8b54-9af7c7763881,Uerzhdlqydksbv,2024-10-11 13:11:11
8976babf-1287-490b-b47a-e09343e42fc3,Sinza,2024-10-04 01:07:10
823877e1-f2f5-4303-a2ac-1004564c9cbd,Snzoynlurruwm,2024-10-12 14:03:32
2d64ea9e-4e3e-4816-a6b9-9c4b34dee43e,Pnswhepah,2024-10-02 05:24:28
59a361af-0ab4-4995-963a-c84835148b3e,Fvgiudsnby,2024-10-29 05:13:19
d4b1f35a-d208-4a0d-89cb-0fce5837d100,Bmotrzfun,2024-10-16 13:08:16
5c4e99ad-d232-4d3e-8f96-f5436c09bf6d,Krvbhnfwmhlzey,2024-10-31 05:16:24
492aa2fa-5a87-47d1-b33b-19ac279ed4e7,Cdrbcvftdbr,2024-10-14 14:37:36
ef37aa7f-da7d-47e1-8f33-a6cb1bd8a7d8,Ogvqzpustyilguy,2024-10-27 00:43:36
1f30e0eb-2735-4a91-a7ce-d3760d3d8e3e,Baszdjsrgch,2024-10-08 23:13:03
e073d249-0907-4916-b0c2-4994ec37deec,Fxxaytalrwefdcf,2024-10-08 10:10:01
38a8fa54-6699-41e9-808a-23373978f451,Slxxrxfzlbbzwy,2024-10-29 17:12:46
999de9f8-2c96-4f80-9447-3765391c6ed3,Zkngwbtcwwehq,2024-10-18 21:49:30
9d355126-8a77-4426-bcbd-82acd3642886,Nubigsmb,2024-10-29 18:20:59
70de9956-3820-4722-8237-11cf8817005d,Rnlqicukjzcel,2024-10-11 03:09:46
cbc4049c-34c3-4b2c-9a67-fd02281a523d,Oivfmvwm,2024-10-06 19:10:40
b54999db-b8d6-484d-bb02-36f32a4f8ca0,Jqjodgbccrahu,2024-10-15 20:14:22
c0a9f4c9-8d2b-4377-b01c-baa25a3a2786,Dvvzf,2024-10-17 11:14:33
c5d089b0-05fc-4f8a-9dff-a211fedc16a0,Subnzsiibamt,2024-10-09 02:13:59
080a4730-7e2e-4d6e-b244-fbdeebccd5bf,Zuiaxmwgiinl,2024-10-05 11:18:41
9186b2ee-4835-42d3-8b45-dd4bf5416b79,Qnyoa,2024-10-10 08:46:40
819dc7a3-aee6-467c-8024-4ebbd674f01b,Wrcwpevj,2024-10-30 17:35:50
b03b8dc0-11db-4bc6-991d-c5de8959b899,Rsbjuamastfydw,2024-10-01 23:38:18
5ac6f1e5-e17c-4bfe-a91e-0877da521ee7,Wbyrhcp,2024-10-02 20:58:46
a2ecca52-4d02-4b36-be9c-b44d3b55e88a,Gcbcryg,2024-10-15 16:11:21
e71d3ebf-4024-4af3-acba-eb9b450b1588,Gntfbqdzqloxx,2024-10-19 15:04:22
035ede09-5e08-4f09-a8b0-b3cbc94330de,Jxndxv,2024-10-20 02:00:43
961bf77d-4dc4-46a0-a0c7-677e90980923,Ucqbs,2024-10-18 22:09:25
6a6806b8-b07a-4edc-9f6f-e5fa292a432b,Czpkut,2024-10-23 05:49:51
826147bf-c7ff-4a40-8fdf-9c30304a0cb4,Hirnivibxofrizl,2024-10-20 22:39:10
4525d3ec-8a13-4374-afe3-52a91e14aa83,Smmbkckbqcfi,2024-10-08 03:10:01
030b075e-d007-4f10-b399-106a493dec90,Jvoeojshkfn,2024-10-19 11:35:08
0c698adc-8494-4460-ba9b-54204a0ddd2c,Svgxzunnybpaerl,2024-10-23 03:20:44
c44eea37-5094-4c39-888a-4598478501a3,Tsylnn,2024-10-12 10:28:45
50cc0c69-c304-4397-8f91-709122666b10,Nbilvu,2024-10-17 17:04:38
f59b4a79-a75b-44c3-b07e-bad4eb3e93cd,Txzyjgatgz,2024-10-09 17:53:10
b8a30f81-fb9e-40ea-a102-eae4ba27dd95,Ofqrbnovoulk,2024-10-17 04:09:03
f9e228c9-5098-424a-b818-7e3f777c48e4,Brack,2024-10-22 06:21:26
2caf1737-2f7c-4fdb-b88f-4400e96ac05d,Iggztkwnsbsxr,2024-10-16 11:31:26
7a59c534-c3a1-4632-8f0f-37b594225916,Ywuxsxltczuxo,2024-10-25 02:58:07
ac187aad-3179-4835-b8ed-66ebd52d2a04,Harmspfcv,2024-10-31 19:46:43
ba69224f-2368-463c-a4dd-7dbb3c6bde38,Abnbzoqwmvit,2024-10-13 18:02:44
eb45d897-cc32-400c-8344-b6e148bee754,Oiwpto,2024-10-15 16:42:12
d79c9d9d-8444-4db1-85ee-53d6acd540f8,Xzhpa,2024-10-21 23:43:19
ffcce05a-da8f-46b3-abb2-0737dc80a1c7,Cgyjxdw,2024-10-12 00:17:47
70dcad56-4373-496b-a544-d49f0b389170,Pgxuaf,2024-10-27 10:37:45
858cc3a0-ae13-415e-9a68-e1c337c30d93,Tkvzvidlhoiczje,2024-10-08 21:19:41
a17c7a95-a689-431c-bd83-e5e81955dc69,Hbkpb,2024-10-27 14:34:28
b0b4e2e0-4135-4b6e-be87-03b1264b630d,Noiubelgemgfqxi,2024-10-30 07:41:36
a9bc98c3-b1e0-48ab-bcd7-88832289349e,Ktndxjr,2024-10-20 06:39:04
76926ee8-5b15-4137-afd3-5ad7204b880a,Pqjspcpvjgworko,2024-10-04 20:40:19
ca7e4665-79b6-409c-82ce-80e1f3645a79,Qxoasy,2024-10-19 01:39:57
0a941f47-bb37-4c54-9e16-c9fde656f6fb,Ksygkiewdadnbq,2024-10-12 07:35:18
dafc4a04-9cc1-4457-b04e-2ed896bc3270,Suwbcjhqxvcrdcb,2024-10-26 10:24:26
24cdb2ea-0f3b-4a53-908e-1e3cef583419,Yrwduphflxsx,2024-10-26 09:54:11
e4ac4fde-0d14-4078-9c91-2338fe877a12,Qmwhid,2024-10-20 22:21:02
fc6410c3-7ebc-48ec-83e7-d68c9a2dcbf0,Zvpnnfzbrkt,2024-10-13 08:25:11
6a01ecc2-2b21-4d32-9b31-20c8b01f7693,Npfjrknsolrehk,2024-10-07 16:23:22
2940c57e-ac3e-4dde-a7b8-177e07734db5,Lklkw,2024-10-29 11:14:25
8018e697-a1d5-4106-9f53-10a809dd01a2,Zjoxwpzh,2024-10-05 09:22:13
26fa5bd3-268d-4576-a69e-4ae38873ec1f,Lpcrjshfukvzlkh,2024-10-21 11:41:52
af5ed0cf-b3e7-4491-a090-85c66e4b7c8a,Nuyabymvffcbxk,2024-10-10 14:41:57
b45f1472-da56-4dbe-84a4-69e129027bd4,Xlhohvucm,2024-10-17 08:14:29
6a077630-f3f0-48d1-b3d8-148f7d624d0a,Uymytjiqh,2024-10-26 20:54:09
988fd221-fe31-4851-a45d-37470546d63d,Cwmdem,2024-10-15 05:14:31
d35d25d1-b641-47f6-9db9-5c17e2c3acb1,Vcrwbw,2024-10-25 13:39:48
a7e3cecb-9471-441e-b471-f11772fa2ba7,Guuzuduzixmh,2024-10-06 16:07:18
ce9d7b8b-00aa-4e99-a7d8-db4de373d2a3,Bssgffxmnpq,2024-10-21 05:30:21
6d213451-7afa-45ff-aeed-807d89c8f9db,Mgtpzsvbundaxy,2024-10-23 19:08:27
ecfec53c-0486-4c3c-8c5f-6ae3e503493b,Eeuwrih,2024-10-26 05:13:49
d96f211c-f1e7-4a02-99e4-45d25ca7eab0,Mlvizsvz,2024-10-31 07:09:45
0014dd8e-1529-4510-8d05-c8f9ea4ac924,Scmupcpnf,2024-10-25 23:03:50
61310ab2-d302-480a-a893-42895e901e5d,Vyuwbvu,2024-10-26 03:02:18
4eade10e-88a8-49de-815e-73a135397d0f,Gtxkzfut,2024-10-11 08:34:44
649aa017-7365-4022-b40b-e5630af531f4,Ufzmh,2024-10-20 02:42:23
318f2896-1449-42cc-8d27-b5e2169bf2c2,Vgubb,2024-10-25 15:43:24
1c0b407d-3913-4db9-a933-5016cccb8b06,Kdnmzjdqbpahwlc,2024-10-18 17:32:46
74758199-df6b-4c50-9d5d-bd80e42b16b0,Bdkgnuspq,2024-10-13 21:17:23
d3aa02d5-9e91-47d4-bb51-505193dc79fb,Vmlluljhuaqo,2024-10-06 14:12:06
ce32962f-e332-4b27-aa0c-cc5ad566b3fb,Fvszmqlg,2024-10-25 22:55:54
049069f3-cda0-490a-be64-da0d25b8c0d1,Ogwqwzus,2024-10-13 11:36:48
b915fd8e-563c-491e-aeff-a69fdb2030a6,Tilhgiwyeufk,2024-10-16 03:40:59
b6ca4a1a-c7da-4e41-980c-23c79388ac57,Tfjom,2024-10-28 10:47:16
40eae943-9216-4aaf-9a3f-8cbafdf2512e,Xncflwl,2024-10-28 08:11:19
88782e01-bf84-49a7-a3af-775d2cec4291,Wlsxsdiyfgblszd,2024-10-12 03:42:20
b03f246d-df0f-4dba-8f14-a5ac1de25da5,Vrwkvycnuc,2024-10-23 06:05:45
d81c3450-851c-4ca1-9514-5bbba8f2f969,Kpxhguumafvaxub,2024-10-17 06:55:07
1e41a941-1d0c-4b0b-8d1f-5e761aa8b360,Rcgnodxxyfrsuue,2024-10-31 11:58:33
ba45f079-e384-4c36-9036-06244dcc86d1,Umgruhezscpcxjr,2024-10-13 19:43:23
5ee1ca94-37bb-40e3-a462-961d21f5ff9c,Cychceltfbdrx,2024-10-19 18:54:30
4ed3eabe-b043-45c3-8e12-9904e9e674c7,Eceutqvp,2024-10-16 00:45:51
e0dc87be-2fe7-4f78-863d-20b51f9238d3,Mnnefh,2024-10-19 14:32:53
8b418af3-7c87-45aa-965a-49e1f9a0771e,Bdrckcr,2024-10-07 16:00:50
192bb72e-0789-441d-bb1a-0ff96aa949bd,Kayvwpgsxmtv,2024-10-07 02:54:43
6d24077e-01c6-486a-b0f7-9c530ccc51ce,Dxqecbu,2024-10-17 10:59:32
e6c54c3c-b414-4821-9fee-1a1e83fb008e,Gociwjazgu,2024-10-18 21:27:42
4546043d-ba2f-4cfd-a5f0-d6ecfa5d0dad,Divfvylhqrlwv,2024-10-30 04:52:02
7c1249b9-ab46-4c5d-941d-e4823ca40a33,Xvhyolnjuejsp,2024-10-01 01:13:24
6bdbcc63-1765-44f3-a842-d544af611d48,Ufatsiirkjtcc,2024-10-09 21:01:54
fbb64911-72b8-4428-935a-2013a31e85bf,Hvglwj,2024-10-01 23:37:19
4b30111c-d094-4f17-a521-34183496de31,Kpctasjyohdhrw,2024-10-05 16:59:37
f2355f40-82d3-4bc9-9859-da9ada400ba3,Nawplcfdz,2024-10-15 12:52:35
42b43f8e-8ff8-41ce-a0ee-6696cde14790,Riggwdckimpa,2024-10-10 17:19:56
e95ddd2b-8da5-407a-9beb-5828fd960b15,Xarffzn,2024-10-28 10:25:21
053702b0-ae81-4776-bfe3-204209f22b0d,Uubezm,2024-10-24 10:22:52
19ed28eb-9a9d-40f1-a216-51c7e8f535c6,Tqdwhxpcvhd,2024-10-09 22:17:45
95857fef-1994-47b4-b2bf-de49518f9e14,Losoihkkknqzjom,2024-10-06 22:24:44
785efdae-1f29-4ed1-acaa-422da3ebb957,Vfgymyt,2024-10-30 03:46:20
859413c4-4ba3-449c-b7a8-e61e5e6c2916,Apuvsywguevhe,2024-10-27 13:36:53
52b8891e-0989-409a-b0d0-b1011b55fdb4,Fymez,2024-10-08 23:32:28
37c4ed36-e495-4919-90f5-53554ef7762f,Bvcblbhdchsfzns,2024-10-10 09:06:36
b05107df-5960-4924-88a0-2e39d5e353a6,Ztvzflwrtcmqmfs,2024-10-31 13:10:19
f1e78c70-163c-4d51-86d3-08523b4bb1e8,Olkdajmupzjndp,2024-10-24 06:24:51
0a747fa8-5ed4-4a64-b1dc-6731d228b703,Fcpvmsczwg,2024-10-12 12:19:14
9628aa41-5e64-46eb-a9a8-434cdd2fccf4,Tqufwmx,2024-10-29 15:51:47
d630ba3a-af5b-4bc6-95af-0551908d7f9e,Ourbgwttndmzatl,2024-10-30 16:26:31
efbc513b-da42-4f82-8e74-6e154d594d4c,Qjrmlpz,2024-10-20 04:55:58
f1f9f9ba-ab5c-4d84-983e-00b4e02a357f,Glmzde,2024-10-11 14:08:45
9fc9a76e-bc8e-4cb8-917e-af2fb65a5f78,Huibkcckceak,2024-10-25 16:53:04
166a7519-6812-4f25-92a2-f9ae63107acc,Jftwmvxnkvfnhr,2024-10-27 05:37:28
16032dfa-337a-4ca9-85da-29e8ce9b631d,Jdpcnozzagkll,2024-10-05 19:41:04
7fec7ec7-a2ef-4de0-ba45-4ddf3e683084,Qmwcnmhboq,2024-10-07 00:36:54
1f7420a9-f71f-4cfd-acbf-602041894387,Vqfiriyts,2024-10-05 14:35:12
b4c7095d-62c9-474a-b2ab-d11e47ffa17d,Dijhrmamssur,2024-10-21 00:13:43
fb3d8d66-212e-47b3-87e4-0cd36f38853a,Faglvfaz,2024-10-13 13:46:10
78e231d0-73ab-4083-b105-a635329826bf,Jcjtmfm,2024-10-11 05:09:44
841d86ef-b59f-4f8e-8a0e-968cb2410b20,Quvwtjmv,2024-10-12 19:27:12
fd560097-601e-4752-8a2e-0ac75a10a739,Bapbszr,2024-10-10 06:38:39
88a69237-0b12-4916-97f6-4cbca035f855,Jkbhbgznhfbg,2024-10-23 06:02:41
8e5f7cee-c75f-4f21-9189-c2bea1a2933f,Wqmtijzcfjw,2024-10-03 01:59:58
f7932bcd-a510-432c-99b1-4e3970a6f566,Lzmdcjutwv,2024-10-17 01:23:50
b71592c3-b3a2-49c5-a6f8-eecc4f4f420d,Mddjlhotb,2024-10-16 05:49:10
2941c799-5672-4799-a2d2-a507a1d75e22,Tdzurwarj,2024-10-26 16:33:47
b171c7c3-f8ee-4050-997f-e029538d34b6,Pplgbqcusyqnuu,2024-10-22 14:31:37
e7a89fba-6d4d-4342-a31d-74c377f20ff9,Kbydixqh,2024-10-14 17:42:50
637cd3e1-5ce3-4086-9e49-03f83f5aebd2,Ucznd,2024-10-20 21:48:24
50c833bd-0366-4090-8ab3-90ff6ec9aafb,Jvvpqifsq,2024-10-27 16:40:05
a78d7d32-6d10-4d8f-ba06-54a79b2d1931,Unecrdua,2024-10-21 06:32:51
73864ebc-cf12-4deb-9218-f9d115503aaf,Biycfiipt,2024-10-23 21:26:04
ea712e76-e0a1-4962-b77b-383ff2cd7617,Iuxun,2024-10-03 21:01:31
c816d65f-2b6f-4226-b558-a63eb998cda7,Xdfzrjfkeliekcv,2024-10-24 09:55:18
34a9e7ef-6724-4c2a-885d-9e8df26a9245,Dmfxsxsgtstexw,2024-10-07 00:44:33
69810d84-7b2f-48d0-b0c5-8efe484e9442,Juznoo,2024-10-06 07:36:15
42db2728-fa84-4110-b27c-c80faad584e6,Kzgluprfuowzsst,2024-10-06 03:46:07
9724161b-989b-4620-9454-5d7eead545ac,Lypzrykap,2024-10-30 19:55:06
d9b9e7fa-7d5a-4729-937b-a73197f3e055,Ksrloocqzpusjx,2024-10-13 08:12:40
6e775f8c-b0b0-4532-bed1-a767ad7f36a3,Huvdbtoutfdk,2024-10-27 21:19:49
9b113136-d4d3-4f7d-8b72-673307b12586,Ezrobthwuye,2024-10-19 09:02:14
df17223c-e034-45e9-9c7a-df30ac3dce18,Gryjencrvuz,2024-10-27 21:09:28
10e9464f-1559-4979-ab8b-775cd5efa23e,Hlwnox,2024-10-12 02:39:38
0f579ebc-0201-491a-bccb-441caf8146c5,Yosaceyjzjrtnve,2024-10-11 08:43:57
445a1756-985e-4fc0-ad68-5062b1adc58e,Uoiiyjvm,2024-10-06 17:03:38
6dd65e9e-6c3b-412d-a381-377378761b48,Syxfbkavbgilg,2024-10-05 08:23:54
487adc89-308a-4beb-afdd-a0f734506a5a,Wqrfidksczawk,2024-10-25 18:16:52
7b3993bf-13cf-4b17-bc58-aad97ff17fbd,Vzmyxyahr,2024-10-04 05:38:09
fcea3187-b15d-46ee-a54c-9de24eb3c5da,Zyvnljhucw,2024-10-25 07:50:37
4107dd4d-7bd3-4cf8-b1f9-57cee43430d0,Fqerpwfpv,2024-10-08 06:47:17
bfbd3a4a-6790-4eb8-a00c-10b396bb8ee3,Vpvsfr,2024-10-03 21:57:51
8e92b4ba-a991-4c65-a23f-87f527dc1348,Nnhvqot,2024-10-31 08:12:15
5fc28aef-0e7d-48a6-a962-c5523e18b7f0,Mbcytsam,2024-10-20 04:40:56
187e3bd3-8e6f-4fff-9f2e-710d8c1f4091,Xhepjdg,2024-10-28 00:34:09
2697e30d-6133-41b2-8d75-3ad3f3adfc20,Txvpq,2024-10-17 20:38:32
d5a0ba71-5694-4abf-bb42-d3dc1ca1a6ad,Eiachnyzk,2024-10-11 13:00:34
3e09ec99-3e66-414a-b91f-16d5f36dfd76,Iqoel,2024-10-04 03:25:43
d97c8a8f-ce40-47f0-a4d5-e18cad79ed95,Squvitcvmlzf,2024-10-27 19:40:08
befab61c-cddc-4fb8-8d8c-bddc99713bc4,Matjxv,2024-10-14 23:25:20
599ee753-cc96-4345-b5c0-7b94ecf75a53,Sbsdtfqiqeya,2024-10-04 15:14:39
3b83459a-93e1-4496-ad34-bcedff5d9084,Pwalejvglx,2024-10-16 23:31:59
66eeb327-1ad1-4e8b-95f3-7bbe0ec697d8,Inyei,2024-10-27 12:04:59
675fc713-162e-45c5-a6be-b607f59142e5,Beavobwx,2024-10-09 02:57:40
0c58a501-7fc8-4cf0-86de-4ef8a2a2afc1,Erysgptimws,2024-10-19 06:05:10
a500d36b-3f92-46a8-8c44-1e299053fc18,Hrnblxg,2024-10-17 09:55:31
1c955cfe-b030-4795-b8e9-7aac201d26eb,Iztivmhcedkpgtj,2024-10-07 20:17:35
9360fbff-6bd8-4430-8196-f79c955e5b96,Vdhvneevoalrot,2024-10-01 20:53:46
babbb389-e799-4c1f-9911-7264a350f9d6,Lnozg,2024-10-28 16:21:31
f3e3e3b9-6a7c-4b56-ba86-e162765a2c31,Ctuhootorjubw,2024-10-04 01:26:21
76846ef5-173b-4fe0-9606-0d1fd13a660f,Wrawpgyntftuuil,2024-10-31 17:29:31
1fd99b8a-468a-4931-b37e-ca7aefc4bb58,Itdhwjah,2024-10-05 09:18:59
f5fd6003-a959-4425-b9c4-a7f40cc2bf37,Uemkt,2024-10-06 08:37:34
96d70f2f-de04-48c1-92cb-60cf15b37503,Bylln,2024-10-24 17:33:03
8c551c73-051e-4fb0-a0e3-e86ec2d2aba7,Etknegej,2024-10-03 19:10:26
80c44598-67d2-4832-b1ee-06e691982ac2,Hmbjzohyfmjj,2024-10-15 13:40:12
e2a3d075-b746-4a0f-8a92-d9a700bf0b27,Ixthvseswm,2024-10-07 14:19:16
940bcd4e-1cca-4156-b155-21493b685e43,Lmdxfiye,2024-10-14 10:31:01
7424490b-8716-4458-8006-6bc763251ce7,Gljaaawhfidoqj,2024-10-14 08:57:48
c1db0cfd-7e1d-44d7-8efc-25e35514cc5c,Iyagojokwqz,2024-10-12 14:38:17
51f37cfe-e2d1-43da-abf1-42ebd61c0cfd,Yglfagn,2024-10-23 17:49:40
78336360-1cd2-478c-9913-06789a297ddd,Tfaxjhja,2024-10-01 14:53:59
2390fd71-e943-4478-bf3d-9c4b2f134375,Ilpwqg,2024-10-05 23:47:04
368a4382-d3eb-4ae7-b1de-5029b434de86,Zxcvbywnkudeht,2024-10-24 10:39:26
75313e19-f844-4b5e-a896-186be9a5595e,Vlftizieom,2024-10-05 06:55:12
4a51d6fc-a158-48f8-9ece-fb2417d36ea2,Paqjgdbjoil,2024-10-11 15:36:45
191a4d5e-8303-4fe9-ba64-b2479eac7a5e,Ppvwz,2024-10-19 17:29:07
e2592f5d-0746-4117-936c-a90efc2dac88,Pwmghqaym,2024-10-22 08:43:35
b0f62a8b-0d4a-4db1-b015-0da21ace24c2,Obntbpk,2024-10-24 03:33:20
dc6effcc-4f8b-497f-a2d0-5406acf8ffaa,Dgyaclydkjwljhj,2024-10-23 07:57:07
3a55df0f-ad84-4223-a7c6-b2ca3f06d236,Rclvavcxivip,2024-10-27 11:19:28
d4294150-1e19-41cc-a2ab-378c8b129f14,Cxinzueuse,2024-10-31 18:23:38
13bed586-74ff-4031-a667-fbc511fed3e2,Ykbbysxqlard,2024-10-30 12:32:37
1124c8f6-6f6c-4c60-b2d0-e73e5ea18c68,Ylhqzmxkfxbx,2024-10-04 12:46:40
0359843f-ed0d-4810-a7bd-900af72ba087,Gczzcbaw,2024-10-15 08:47:15
dd4801d6-a268-4553-8fd8-f5ce6fcb1843,Ejtdzc,2024-10-09 14:54:03
01f2d648-447e-41d8-8a58-9f79c505d27a,Jogmj,2024-10-08 09:14:47
ca3e8497-93f2-4fd0-a39c-18ad57fa6013,Nrnhlj,2024-10-22 14:08:07
ecd821a8-7ceb-4ec3-930a-2c9bb44cf3e3,Chxfb,2024-10-21 21:18:24
60126c1d-296c-4f17-9bdd-ea3075c8144f,Ggwintnqci,2024-10-13 04:17:46
5b89a6d4-acc6-47a2-98a4-73dd03aed76b,Gxjlxsdrfhvhfdv,2024-10-14 19:08:47
3caa0977-01ac-4ea1-952e-8ea597094f99,Ziqvvyeylfn,2024-10-30 15:37:07
493a97ea-d584-4bd8-80c6-32ba5201e0b4,Nbkgchmn,2024-10-19 10:31:33
d94a13c9-82f5-4c37-8405-e2359da2641d,Rmdiqyi,2024-10-22 00:10:39
c9b5332b-7bad-4fb3-a449-6dbb307c419e,Olwqngfvwocjme,2024-10-11 02:22:08
73033ffa-8926-4e25-8b07-b12b0bf2ee10,Npeywxup,2024-10-15 21:20:07
71442dff-37d0-4aa6-817f-38d57165082d,Negcysloflldf,2024-10-25 14:04:16
79393712-3ab3-414b-b17c-279e04a7572c,Qzbfapdmzqm,2024-10-27 16:59:53
b4ac7d1e-84be-4cb4-b830-412447eed573,Wdjptoke,2024-10-10 06:53:28
905eeef6-87b9-41d6-b6d9-79209bcdafe5,Utatksovij,2024-10-05 05:16:20
aa517dab-ec25-47c9-a2f9-f8a4695b3856,Kxjzwfx,2024-10-31 13:49:56
3927cb91-6675-4f0f-9667-adfe20f7bbe0,Ocsqeji,2024-10-06 01:53:36
fdd17917-f18b-4954-8561-a9476f086f2a,Mtaghghxjq,2024-10-26 22:20:39
1c4e554e-9370-49d6-b534-6971c6be4e31,Oaahuez,2024-10-25 08:04:55
c6fe0ca3-64f2-4d35-812e-6178254488fc,Pxcptihstoai,2024-10-08 08:19:38
80ca0e26-1d50-47f1-88ae-4ba82e054644,Etfspfkkiogtyy,2024-10-30 17:30:48
e9fa1a28-d09e-4317-b46c-d9457740df31,Ffequbmsdmxf,2024-10-21 10:41:03
7ddca748-e8d9-4b47-bcd7-1d1f14d35568,Puackmpt,2024-10-27 01:53:18
112f8716-4b01-4373-8600-6ce919e869b8,Tdsyti,2024-10-16 10:00:49
a55e2a99-8f1a-4a34-ab45-c56978b9c002,Laqyqzyq,2024-10-10 22:03:49
12d3fd17-ab0e-4c87-973b-b25315b88a0e,Ccpmjaiisad,2024-10-24 11:54:40
6801b914-4c2f-4e98-9028-2e8f47969344,Avcwhaiduypithx,2024-10-16 03:55:47
4650a1f3-4b95-4f07-99ef-5ac65d51d9f5,Pynksszwpeu,2024-10-15 11:49:28
5b87cbf5-0734-45d1-988a-6d26e8b5a5bd,Dxpnqr,2024-10-31 05:34:32
d53d90af-f9f8-4953-ae24-3cd99f984e23,Wesajhjhhwa,2024-10-30 15:00:12
ee7cd624-a551-4d5d-acd6-ec4b6af01e15,Hbagpbbgcadspv,2024-10-21 21:22:06
770fadda-2ec2-4272-98b1-3fbae31da7c2,Dgdgxtuhrqgex,2024-10-22 23:32:29
f0a15db3-50a9-4a5c-93aa-715cdee6cf21,Cjehkgv,2024-10-01 19:25:38
ca9245bb-680c-4adf-bf99-8db8be7309bb,Wnjfubtq,2024-10-03 10:24:14
fe0ab0b8-24cc-479c-81f8-1d020ee54f89,Sudtuluptzaag,2024-10-06 13:29:35
0c2980c8-338b-468e-9aac-65114cade05b,Yizrgrmsraxdzd,2024-10-19 19:46:48
6544a360-4c18-42ce-b1dd-62e0784a6428,Ghjrttlfjhwz,2024-10-02 20:55:17
cd042476-f5ab-41b5-b20c-84da0d704b6b,Uukkrydt,2024-10-03 03:05:51
8cbccfda-9d73-4bfd-b649-a9d35ff87f6e,Umlvveruzjwets,2024-10-28 04:47:16
ceac577e-a945-4d18-9c5f-bdc2a33cd850,Cselglshfutbklm,2024-10-08 17:38:51
3feafc9c-d15d-4209-a198-ebc6bd619d64,Sujmbyeklgsgrgs,2024-10-15 06:09:44
db73b62c-a014-421d-8a11-d84e9ae34193,Cnyypofahraovq,2024-10-05 05:00:42
c697c648-7fad-4c33-ad1e-8c9c11043200,Ibxkeg,2024-10-17 11:54:42
774ff6c6-086f-4d0a-813e-80f726d6cb64,Ozqryjvolukiep,2024-10-07 10:22:36
d5b21be1-682d-48d3-b4cd-f52507926319,Satprnf,2024-10-16 19:14:45
5fb60bd4-f9d4-4efd-8e44-819737c80555,Kqdxzjicfe,2024-10-20 10:27:35
bb5c88c9-b87b-470f-8899-a461d26606b5,Tzeislutsjnrvk,2024-10-03 09:43:28
cdad2459-b211-4de2-b791-2f07795f8488,Tlzbntmqmt,2024-10-10 02:56:44
d3562284-38dd-438d-95e7-797863cd665a,Wpdktnlc,2024-10-11 23:55:54
0d5b94ca-6a7e-4f94-aa0e-9c71ac801951,Tynktoxo,2024-10-30 22:48:56
330cf392-9b5b-45da-8dc0-a6cdcd9e5ee5,Dpvazqfwwja,2024-10-09 04:51:18
2f5b502e-1113-4033-844e-ca2c53ca130d,Kibsfvmcth,2024-10-30 21:48:06
b263d8e9-eca0-4f2d-a78e-8fe8c6d81a18,Arnuxojzeh,2024-10-19 20:54:58
62e5b87e-c467-46f4-bcdf-28fddce68096,Lpsururi,2024-10-29 06:21:46
96d31405-769a-4810-b9e0-1fc742276412,Jkbpdtfrelpd,2024-10-09 06:11:00
f8f6eb3e-591a-472a-bf63-29cc2bcbf2a5,Qdwtopws,2024-10-15 01:44:32
4adba00d-a119-42ff-8a37-84e09baf4511,Txjks,2024-10-08 12:32:23
a0358b3b-5536-4265-ae5a-c3d6a4ca9175,Zazofewmouluela,2024-10-21 21:00:01
6516c0f3-ccde-419a-a793-2e484831579c,Qlwwggumepfb,2024-10-03 17:51:57
31bacb3b-918e-4039-853c-bf353f98c4e5,Ozjazm,2024-10-01 00:28:18
d7074320-4443-4bd4-a7c2-f11cd836d13b,Dnddbu,2024-10-23 20:10:07
2df767d2-131a-40af-9750-23f6249dd770,Wnbzwybblrek,2024-10-15 15:25:17
2db2be7b-ba78-430d-9282-1269fbd3cb69,Nvajaofrhjon,2024-10-09 18:00:40
499bd76a-6be8-4bfe-8d10-dddf5cddc5c4,Fmtzptjvn,2024-10-07 12:09:12
bbd71125-6691-4c4a-bb74-054b12e78908,Mhlohuh,2024-10-12 01:25:27
05aa76a7-b466-4894-965f-85f70fa331da,Iruqwwez,2024-10-07 21:52:41
2d8fef0a-4ec0-4ab9-a7a9-7044e02dde56,Htcmtfxlyww,2024-10-01 20:17:18
cc3d4388-98af-4016-81c2-b6bcdcd65cfe,Vglrahjwo,2024-10-17 05:21:54
5648fc49-ae73-41b6-af01-12fdf84f035e,Iaupuanzzxxtn,2024-10-22 00:17:22
c0deb5e7-5289-47b6-a0b2-a9546dd205c0,Cbmfbmhceotze,2024-10-12 23:39:35
cdec67de-d29c-4613-bd7d-53c8334aa63d,Kgrivmqrffa,2024-10-18 17:24:04
82a4feff-c5f6-4083-b713-5cce0de0ece5,Zqlenkze,2024-10-04 17:31:43
cf8ba23e-29bf-4d99-8d0b-107ade224496,Qhevlgxyqxvqkn,2024-10-22 02:36:42
3e1e28ca-eb82-4186-aa78-3a17996a3e57,Oehitadvaf,2024-10-23 01:01:27
b0bd2c6f-7b19-430f-b54d-e759df5e2cbc,Ckukipbevgobssx,2024-10-07 22:26:46
38745882-3536-468a-8e18-a268ac4bbbbe,Dtqpdimyqocwopq,2024-10-28 23:26:15
cb14b522-d3e4-4f21-9cf7-095239972dbb,Movauankqox,2024-10-24 22:58:11
cf236e7c-15a4-4987-98b2-1754d01bac97,Pvfofxibqcge,2024-10-16 05:05:02
5eeaee48-c37d-4814-b88b-dc95772c6353,Vxumltiotnvk,2024-10-27 00:03:11
07c890a3-76fc-490d-b372-0d659b6039bb,Jtrtmwucr,2024-10-03 15:11:18
8370d7a4-671f-444d-af08-77a1a87bbcb8,Ensfryszcj,2024-10-25 03:30:41
d8b69301-06f6-47e6-9e23-f6ef6f52ef16,Voshpv,2024-10-12 15:08:41
9e311cf6-6548-4f80-b92f-eb2c9fa992ef,Qxqswoi,2024-10-10 17:03:10
55eeb6f4-52ab-4c2a-b265-10b1c8a0d5f2,Xxetfiw,2024-10-31 12:42:14
bd43ab8f-85f4-4616-be56-c5de04a50639,Qmerlsmqopqfw,2024-10-05 15:11:41
aa72d114-6de9-4fb5-bf79-2f1f7963ec21,Qpumaiuzuuwbzy,2024-10-27 20:00:16
880bf78c-f6d6-4b21-a593-792ea47e7ea0,Nxioc,2024-10-22 06:06:03
6ec348b6-c3f8-4b0d-a322-56ebb04c3ea0,Hmzgs,2024-10-21 03:36:26
d8737be4-47c0-4708-854c-3ddde40c932b,Nmthfg,2024-10-09 15:09:05
84d8c236-deff-421d-bf41-8eba90df5843,Msnduhchiv,2024-10-15 17:27:10
3cde0f91-8390-4f7c-805b-d280cba53589,Lsftqcrxw,2024-10-21 04:14:29
eaa43115-36e7-46f9-a868-38a568545345,Jfxapwuydb,2024-10-01 04:03:35
c040183d-6208-4e5d-a008-ca2d18093e1c,Hadcmaawvcz,2024-10-29 00:55:13
8860185b-a218-4d94-8ba4-1eec030fadd1,Itjqpaytgwurzi,2024-10-29 20:41:40
07c14859-fafb-428c-a956-94e0dc292ef6,Gtpufkwyk,2024-10-18 07:41:03
9f032d61-b139-40e3-a46b-87d8fee9131e,Wcymhfwmcaidpk,2024-10-11 13:40:11
a1a0efcc-63ff-482a-93cf-3af55f99454f,Ityevgqcoegk,2024-10-21 01:09:25
1aad7213-47c6-4948-b422-89a99b049f2a,Vaktvgn,2024-10-23 10:21:30
0cb4ee50-8016-4d4a-87a4-8cb2005716b4,Ryscxmzfa,2024-10-22 00:58:24
1850c514-fe64-48b6-a961-2b623ed0e5b6,Qlsonqqtslqmooo,2024-10-24 09:54:28
31806da0-ae4f-4fa2-82f3-7aff5248ce3a,Fzjsd,2024-10-25 22:43:09
b59f3a15-31b9-47c3-943e-c733c16978d9,Agmtkc,2024-10-14 06:51:10
0a653486-e76c-4a10-8241-b421a5f00c97,Vezjoohxies,2024-10-23 22:00:49
c9e8fa68-bfab-43d1-87c4-bcb31f6b2549,Cyegsytjthyvrb,2024-10-09 22:35:02
c055a4f9-386a-44df-8627-4631c47fe889,Ovssznbrdwllq,2024-10-18 22:27:11
7075cb7e-2e4b-45d6-a92d-b928b865ea53,Etkgjqwc,2024-10-11 06:30:34
63203539-8119-4046-b3d8-52f28ae12339,Ilznax,2024-10-15 12:42:24
759e9dd6-838f-4c94-a814-36053e5ff352,Fghwgdg,2024-10-21 14:32:30
b16d924b-206c-4c93-a33a-9e59e5241495,Zjxsl,2024-10-06 16:52:09
0dbc33bd-25a0-4f73-814c-59be7d0fee1e,Cjlkaksrmx,2024-10-17 14:13:04
4b54dd34-61b0-4d74-b593-6ed2ca79d8ac,Cnjllolborz,2024-10-07 15:25:47
3e0c9fe2-da15-4bf6-998f-16f95b3848b8,Idatqynmllgsy,2024-10-02 12:13:54
3796dd76-026d-428c-b73e-d2afcbecdb6a,Qwlfxdgzgpn,2024-10-02 01:55:17
40f26190-3358-4c5e-92b4-8436ab10cf0e,Reoobbar,2024-10-01 01:53:14
ede3276f-fb18-4627-98d1-eabfa97ae9e8,Hzlrljdqxp,2024-10-21 11:42:42
9d78639f-231b-4e2e-ab80-8cd21c295d04,Uyvkjtbfictjz,2024-10-22 09:48:26
5034485b-c6cd-42a4-b3c1-c1bfa9634a95,Myocifg,2024-10-19 04:00:24
b85ba5c1-3e4b-4edd-b942-4e70582afd31,Cvnoipxa,2024-10-24 09:00:36
491aff8b-a5ca-4dbd-a0a0-3fed4fd07114,Dcesdtjjhr,2024-10-25 15:23:41
3cbabc8c-80a6-4352-b341-d9856586039c,Uefyvzoznbgr,2024-10-15 07:44:41
3bc98449-1328-461d-8984-8d0bf7f255e5,Yhsvm,2024-10-26 16:26:40
2ca910a4-0780-4294-8921-5e68e4d599cc,Xsjnbdiksbdlrwu,2024-10-15 12:40:14
7cba7fdc-1b54-4717-9277-1ada658d0365,Ywympkmrcfefd,2024-10-18 11:37:53
6189941b-c5d6-4171-af0d-17d70a653e20,Cnaojtm,2024-10-03 13:31:21
0c3a312f-ce63-4978-a75a-081eeab983a4,Fzqweai,2024-10-18 10:15:50
0b1b4914-b253-4e14-b33a-2d2b11539068,Gzqno,2024-10-12 18:02:46
db962cc0-b8c3-48ec-891a-87598054019f,Uklldftiijdsy,2024-10-16 02:02:20
34c14f9a-e65e-4b19-a31d-72c78d332f15,Njpeada,2024-10-04 22:10:56
5ea86388-7826-44ab-aed3-90712d1163a4,Axkapk,2024-10-04 17:45:16
1d51f7f1-e160-4655-9392-58b016c5c2fc,Vtyuuixkcq,2024-10-07 21:13:04
f8887587-cb6d-4fb2-9bcf-d95a2ef0c148,Hontsra,2024-10-22 11:07:07
1799bb3f-0921-46b4-b3c7-d35ead14c2ec,Zqhtb,2024-10-29 05:26:49
420aa8e1-f11d-4280-b046-186fcfda7e03,Rmsqj,2024-10-19 09:04:15
12aeb889-aa3a-420c-a6a0-70b8208ca96d,Fhfvjqpmbojnos,2024-10-10 23:32:17
8034c1f2-01b7-4c42-a602-b89f50984cb0,Lzileepwshgbswz,2024-10-09 20:34:55
9201719f-b15b-4219-a3f5-9caa13bcfa5b,Nwgzvb,2024-10-16 02:48:58
b6cac7f2-dfc6-4e97-9d6a-5f06aec467f3,Gogous,2024-10-09 05:28:50
24ea4894-3f9f-4395-aa62-5d75172b5595,Klfxiijvyjifonq,2024-10-05 07:37:21
83b5b065-a47a-47c9-bc5c-29ce20f93710,Olwqgnxcmnqszjt,2024-10-04 17:55:26
0572b7f3-3a0f-41a9-ad78-c27331484810,Jusekihzhele,2024-10-02 04:14:08
8903d3cd-786c-4291-afde-2e9670278294,Bovcbtkfwfzchx,2024-10-17 13:30:37
b3534542-438a-4fca-a829-db6c4a14261a,Npbal,2024-10-31 23:41:24
f0bd0417-6e1c-48dc-8e71-562e0db391d6,Uyvezkzruy,2024-10-26 07:41:59
3fd87ade-dc4f-40b8-a69c-5a2b9e543ae3,Nsnyeamd,2024-10-02 03:17:56
067c3617-1584-4a86-8d0a-10ea9aff31b9,Hayqrawlxpmtgrk,2024-10-26 10:28:29
0b406d2d-2c51-4c85-a1b2-2eebc9b1e614,Cvxwspjpgjz,2024-10-04 18:44:16
24c83959-8658-477a-86db-abbaf44ecd98,Khgmavjl,2024-10-20 03:20:25
a55600c0-a3a3-4281-aeea-982d7eb03453,Uytqlen,2024-10-05 23:50:56
8a6cea1f-fa5d-421a-afa1-59d25edc811d,Xcptjmvfvxcjo,2024-10-20 11:13:30
8f056bab-5b0c-4f34-98a8-3ef0112f8c05,Exmae,2024-10-18 11:15:28
cc55cdf6-71b2-4e55-8915-2acb6465f4d7,Hceyqjtkurgr,2024-10-20 01:49:23
daad9ec6-3908-4f94-94a6-8a6f36202548,Vyqlnswqi,2024-10-24 08:21:54
318ac9ae-15f0-4e50-8b29-e3df4db98b43,Xrijsxiivcvgfq,2024-10-06 23:10:54
80b7a3cb-189c-415a-ac45-cc5d16740bdf,Jjkujxncwdxab,2024-10-06 20:17:11
299cba0f-2295-4e30-8150-fc1e6e22ec59,Lfdbx,2024-10-24 18:27:04
b5952653-ec9d-46f2-a11c-8db568590830,Esdtccnjebvpv,2024-10-25 22:16:48
16215205-5d46-4030-8973-894ff7a62150,Pbwjgejkqs,2024-10-11 08:05:56
5ff37936-abd6-414c-9eb7-0f43757d805d,Oowbdcpwv,2024-10-04 02:51:17
ce746bfc-5e9c-45e3-880f-ba8af3ebdbdf,Zdkmtkskbvb,2024-10-20 23:42:25
8c93fc03-a60e-4850-a279-dcf31f13b07c,Omfyhnrdxsva,2024-10-06 10:08:39
5bb070e1-627c-46d7-a3b4-5f26e33d0a45,Ffuupe,2024-10-09 16:22:15
901723ab-073e-4265-93f5-3661e03dba68,Tjefszocf,2024-10-19 05:38:00
8da56512-8d01-4e4e-8d28-4df3999099e3,Daosqsjzwegpvgb,2024-10-06 18:07:32
ac4d9164-da36-420a-8656-04eb63ebabd0,Yhifuimg,2024-10-17 23:01:25
82c7a858-cccb-400d-b875-14c04073ca6c,Oidtqayrasbslm,2024-10-05 01:34:53
b8f9a153-fd09-4f0a-8db9-845f31f1b3ed,Dnahuvrhg,2024-10-03 02:08:01
6d13b85b-dd58-4018-a9c8-e87db7839b0e,Upnbhwdmk,2024-10-11 03:30:51
03b68553-53f8-44c8-a57d-a2125a56d402,Fulcbwhfj,2024-10-07 14:48:43
a0cea14f-145b-4646-bade-fcb85a8394a6,Ivbpuklksnardrw,2024-10-03 15:55:42
f66067ad-ee62-4365-9aee-93f5ceb58039,Rmawmomhn,2024-10-01 04:29:43
00e7d673-c331-422f-a1c0-ebdca865cdfc,Uerebhw,2024-10-16 07:00:56
6023573e-f83b-4a1a-9047-6c15b76a83ae,Vrobinfnunrzm,2024-10-08 06:20:42
01be61db-22fb-425f-a2fa-b63b107e39dc,Chnqxhcc,2024-10-08 18:35:13
2740facb-91ee-41bb-87e1-78578677b226,Ckrrch,2024-10-07 06:39:49
cef5154d-fbe5-40eb-bc54-4a9cc842724c,Msiulptquwjw,2024-10-08 18:47:02
c0a81733-9220-4ee2-84c4-294da4d95f4e,Crjpwfpaz,2024-10-12 11:32:43
9a0777db-d4f3-451a-a5f9-3f09647c3245,Djnkdbtt,2024-10-14 16:41:59
f075355f-fe6d-4488-b9de-c2a3424481a9,Tdlaynkjulcwbq,2024-10-13 13:31:46
c007b03c-2599-4341-9bc6-2488421045e4,Pnvhsddbe,2024-10-16 01:19:33
171dcd57-4d1c-4bda-bd52-2b52f0ea6329,Cvbxiwzyj,2024-10-15 08:49:23
19e5f447-6cee-448b-8344-74a2e5bd2737,Vjouefd,2024-10-06 10:34:05
8b9ab135-0b27-4ba4-875b-9e296f128b0f,Xjeqbzxyvzeyrg,2024-10-20 05:31:38
1e4eb07c-f1a5-42c2-8e4d-faf459f09e01,Qkqlk,2024-10-07 22:09:00
d3d19b26-10a1-41a2-b69b-63d051f578e5,Ievxjuot,2024-10-06 04:58:41
85d7a7d2-c647-42bd-aedb-282d830ed58a,Wjknexyneo,2024-10-05 07:32:55
9a2c3a3e-ba2d-4b30-a83e-d228404ac4e3,Zliphydkddwcx,2024-10-26 17:34:00
1bca5932-9ccb-4d4d-914e-315ae0afe240,Prdynnnzkrsv,2024-10-07 17:08:09
b32814c2-5735-4000-aece-40240b7a7882,Qqibmsiiv,2024-10-06 10:28:29
5d51eb87-75fd-470b-a816-264efd4a752f,Wvowizzuvu,2024-10-02 05:07:24
dc436a79-7b31-4bd5-8559-dc065b328459,Gqobnxjy,2024-10-23 02:14:46
03e31a94-4808-4d2d-bf76-1a63fbc2e795,Vfrlpanonvy,2024-10-21 05:51:53
956a730e-0bee-47ee-b2d0-3358bbaf1f7e,Aykykcdzbgdhu,2024-10-19 10:08:28
644227c2-2468-4045-b8d5-11a25aa9aea2,Enhwsfgflri,2024-10-02 17:35:12
2a799bed-1896-45ff-98eb-00e37b9b3825,Cvyqntkxdeqjpyv,2024-10-30 02:39:47
00b8b8f7-aff0-47a5-b66c-4e969c17e451,Xanqhxohyxksh,2024-10-28 22:44:30
af915488-9d13-4fad-9e13-2adda62d6238,Qxlcqfglozv,2024-10-06 06:29:43
6a9b195f-899d-48c2-8126-3fc65b7ae376,Obiffqexxcagg,2024-10-17 09:04:33
4cd09ddd-e8e0-4fa8-95a2-ecb311d24fff,Gozfaoclt,2024-10-10 02:23:19
7cda6afa-0f80-4a36-ab35-0f6333d8104a,Ckedttshstup,2024-10-19 01:58:42
f1be7391-8ec9-479a-9868-cc853f304262,Yhaim,2024-10-13 08:35:35
276e0d64-a98c-4439-989a-5c3c05d308fe,Wzsuktvzturstno,2024-10-08 09:06:31
2b8806a5-7a57-4fe7-9579-8c78778de365,Hihmnut,2024-10-16 00:56:15
5c206477-96ef-4d8b-820b-93761374b2d4,Aclborbopifprd,2024-10-08 09:02:15
c6f8549b-621e-401a-959a-2427783fa957,Chunnepcmj,2024-10-28 08:02:27
51d5638b-0c26-4b90-abf3-3046a287ab4e,Odkvuqlgroj,2024-10-20 02:40:01
30ed457a-0ecf-472f-a507-7f6d416409ec,Fvftjgnxrps,2024-10-10 17:02:57
8850c3aa-aa97-4864-87da-3af4618f6f88,Vszhrkojrmp,2024-10-07 11:26:20
34460ebe-b3ed-4341-8d8f-499898faf23a,Eztmujgwg,2024-10-23 01:59:14
a52f41f1-dcd9-41fc-9738-8f0600427d65,Bgwoqwkardwva,2024-10-20 16:49:59
fdc3aeec-85eb-457d-990b-144ee0d63e4b,Hmkvjyrb,2024-10-29 11:15:30
7a16a2e8-2649-441a-96b5-bc6f426dcb70,Andeojxcrjz,2024-10-31 21:51:13
0ab24513-bcea-43e5-aca9-9b40da80103f,Xrqrbpxwbfov,2024-10-01 03:03:47
43b4749d-0d50-4477-a62b-9f180a73f352,Tbvjczi,2024-10-14 19:58:13
9f29023d-c9ec-49d5-ba2a-b4b650f38ffe,Yjjwukfo,2024-10-03 13:45:21
7ac01b0d-7106-44ff-b447-09eb16454794,Kgnhvtejl,2024-10-10 20:06:16
26d460b5-cb88-4e09-a247-97f717999f8b,Xjxdbikrw,2024-10-25 07:52:49
f94f0def-ed60-4883-8049-78ac24206f28,Jgiltpib,2024-10-27 00:00:58
b58756c6-8cd0-4303-a66d-f74a88061e86,Nusmepcbtr,2024-10-13 00:55:08
6147b805-7567-4e19-a847-6cc411c3ba40,Lcdqievwyj,2024-10-07 21:51:17
e90fa2b0-9aa8-4d12-be3c-bca8e36d0027,Zejjjfbrucsc,2024-10-10 17:30:24
0d372f07-291f-4a9e-b76d-3a0cfaa80fb7,Swpidtbwigxgpze,2024-10-09 17:40:25
f6fc0224-92d1-4393-9465-90a2ad0e5f87,Mbdvvlcw,2024-10-16 05:32:58
5dc82e8f-db6c-43c2-809a-91c6abc4a54c,Jckzhsupjicj,2024-10-04 03:57:30
0ffd000e-d6a2-42f3-b5ac-1a7cdf0fcde9,Sbqczuudjkgaj,2024-10-29 02:49:49
5a51b740-0c19-429b-b413-5441772f0c5b,Lzzkjvoggzuk,2024-10-01 17:24:14
0ca14135-1262-4790-a667-014a55e3dca1,Iuoidcensrztasl,2024-10-30 23:57:15
1a3e1e1a-10ed-4e63-ad21-675880b336c4,Wqeuy,2024-10-10 00:05:40
fb296afd-c6e6-45ae-84c8-b20218d5f41b,Rnuojbpqktfigl,2024-10-04 00:42:51
485758f4-2a03-460c-b785-cdf9c5f0b23d,Hewlu,2024-10-01 18:16:16
3788ace0-855e-4cf3-b787-8923ad6d37f9,Wmggd,2024-10-14 06:26:46
0831c82a-2433-4272-af4b-9cf30ddde93e,Qkhzcgscxmz,2024-10-31 22:20:01
bd067fcb-705a-4c75-8efb-d51762c5b3e9,Bjrhfffbfrderet,2024-10-09 20:15:11
53c4e4fb-372a-464f-ba8b-c609c1cab8b6,Rnyqoiczhctaa,2024-10-18 05:22:13
ced160ba-04a7-403c-b034-bd6e3b335346,Adpnqtatocsbf,2024-10-14 22:27:28
d31b01d4-b9d0-400e-abf6-cd4ecc23b242,Soojzsdznqv,2024-10-03 09:59:15
0d655495-1222-4385-8577-7ead53b7e13d,Hkubjp,2024-10-01 10:28:04
d3ede099-e671-4d28-94d9-a704b6dcb551,Oitbdunrer,2024-10-03 00:35:00
1af83556-4856-4828-b4af-ab326ab17b34,Djrekrtsgsjio,2024-10-27 11:17:51
08523dd5-6c5e-4347-a4e8-9a838a2f3fec,Rhlqus,2024-10-15 09:06:43
b556991e-f04e-42e0-9338-7afdf71ed590,Hkwvteuiowlkg,2024-10-16 10:56:39
42ab9a23-eae1-4692-a160-3ed90babc797,Poixslsawu,2024-10-10 13:11:41
a32b31c9-ba5d-4783-a924-0b9959761560,Dhkgayefljvat,2024-10-30 08:10:40
e086ca84-e71d-4c99-8481-d9c1f382165e,Jqcsg,2024-10-08 17:50:33
33c21e5e-2381-4ccf-9c2f-8f6c24f03825,Hckfdsfwnzwdc,2024-10-27 09:54:43
6184fe13-df0f-48a4-8d7b-becb7706a7a2,Ktvuwumbkfg,2024-10-13 07:22:27
f39dc280-6df8-45a9-b36f-4b0476a1bd8c,Anhfzjxwvstgr,2024-10-01 19:20:22
262176f5-8ddd-40d7-b6cb-c30d60c20a7c,Hjkqkw,2024-10-19 23:35:15
e6e21490-34d4-49ac-a205-306c80fcc083,Fnypnm,2024-10-20 10:20:25
246ced6d-f525-4ba6-b837-b01ac3eab4fb,Bsbczwrxdy,2024-10-26 18:42:04
fe15f63a-3bba-492c-a2c4-c4201dd84d86,Ushod,2024-10-02 05:21:19
0d043f5a-91a4-468e-b572-90475277cac6,Lhxrsfcmepxcowc,2024-10-31 21:17:41
15676ef2-6188-465d-a438-a9d1a6647715,Vqfsu,2024-10-20 08:13:58
64d59a35-b580-4bb9-b684-6313ad622441,Fxevdlrdlhjtna,2024-10-10 03:14:11
c3740536-5f77-44f1-a452-f941f562d7fa,Aulvdqzyd,2024-10-18 23:54:07
c4794b94-15fd-40d9-a5a6-44fedffe86a9,Wvwrjgcqv,2024-10-29 23:01:07
5ba9d6e9-86a1-4b99-a170-b9b7956828d2,Ulfexgdebhyfhwz,2024-10-25 14:02:41
d756ef78-5cc4-47ee-9fc7-f5686c31d75b,Ybycbfta,2024-10-13 12:16:21
b356c7e1-7d27-4c3b-b37a-866ae4fd43bc,Pwplz,2024-10-14 19:43:48
5d3b5346-76ce-4ad2-9e31-6d83864c0439,Omivadkxu,2024-10-28 23:29:53
80d7b084-a1c2-49f8-8ee4-9d5effe1b521,Xeufpeobza,2024-10-13 10:47:13
b61a45da-c37a-46d8-b8a3-ddb9377650dd,Zzibjcrnfswuwr,2024-10-04 12:46:58
45689d56-68fd-4ac2-9fd5-e8da823bbafc,Ayencay,2024-10-20 11:28:02
04919736-7c4f-401b-8893-d19685087320,Dlbfdghbisjx,2024-10-06 10:37:23
686af5f2-dfa2-4012-8979-1ee98508ddee,Hevlitrtaqua,2024-10-03 04:10:12
07e5d283-a12b-4f5b-9960-1aeee3842cd6,Fsnhfpmvgafhr,2024-10-29 01:01:50
4c952819-277e-43c0-a662-b4a2edbda709,Zuyagzstwklh,2024-10-14 17:52:24
1deb2857-cfa0-4841-80bc-e4ad41f11bc2,Sduafoffhqk,2024-10-22 06:36:24
5169a7be-63e8-4e8c-9b69-45e1d41a54c7,Pzdzr,2024-10-29 06:43:00
c1123bd4-38d5-40a9-b52b-e57f827c6519,Cjdymevmqf,2024-10-05 22:36:37
3fbd4db3-c456-4cc5-a960-652fde421f6e,Olwmnj,2024-10-08 17:28:03
22af8697-8da9-422c-8e57-69eb7cd71792,Oldmhyd,2024-10-24 09:06:45
a9a21d90-5af6-4034-831d-d9bbfce0eebe,Wehiexgmu,2024-10-05 16:45:12
7e5b75b7-dfdb-4ab1-bf83-0fb9e7a20f09,Nawecr,2024-10-03 05:23:03
d7545d26-f31f-4b93-83ad-c7a4d0cdd308,Ijleoqlblidclbk,2024-10-30 01:51:17
ae38f20e-23c6-48f3-870b-59ae822fa336,Uawuynbxz,2024-10-17 00:14:45
58c502c1-111d-4104-b906-f131b64232db,Ygejubzu,2024-10-21 22:47:18
71cee613-6592-4e6d-bd5a-2a20d4de0e6a,Unxyglcyrf,2024-10-21 01:12:24
fd21ad24-09b6-42a8-808a-e2ae6ba23687,Xcieimwnad,2024-10-16 22:42:47
6db6e943-792f-4292-85ad-dce8c0a028a2,Biafdjviy,2024-10-14 16:30:38
282ecc1e-94d7-461e-b39b-a402ffe3ecd2,Pqfzbbbhok,2024-10-29 09:02:56
e09e67ba-6fcf-4324-b18e-ffd8d3efb4ab,Lzyqk,2024-10-10 06:31:20
c20878c3-ee85-46e6-9008-373ffeb1000e,Gzdgquajchvb,2024-10-14 03:49:54
a3050c6c-24fc-4521-bb8c-2c8370a58797,Ngodgkgebyd,2024-10-12 19:10:30
462cc20f-9012-4e70-bb16-f04288256786,Uquhyxotbyvhyfp,2024-10-08 02:49:14
31b80f73-8f2a-47ad-bf7f-17ed63c22f86,Bayqxwdmcmewrqz,2024-10-29 03:31:41
3a353104-1763-4b34-a9ef-69fd45e6277e,Oskwwb,2024-10-23 20:15:35
7d52fe8a-6be7-427a-959a-cf44d199b13e,Kbbifoositrums,2024-10-09 03:08:16
eda24565-dfbd-4e75-a9f5-60ed834b0e80,Xxrdvr,2024-10-15 01:21:52
cac1f53d-2423-49ad-8437-5e6f85d20d6f,Mbfxatdv,2024-10-17 22:28:47
0bc377ec-1d9e-4103-bc0c-9d6a1c014a0d,Elfjx,2024-10-06 14:53:36
5251c2f5-2a15-4892-b609-dc01e61787e2,Mxsusbgeaogarlt,2024-10-02 19:57:59
78afe0a7-98b8-480c-b2ea-1504b254624c,Uaaojvilpavnd,2024-10-01 14:30:16
4797c283-49a7-460c-886d-ca0fa8d09fbf,Blsbc,2024-10-14 02:41:36
fdc27d9c-21b2-4b83-94c3-97a584de89e3,Mzhknmpgprbs,2024-10-22 01:34:36
6ab78d93-3917-46eb-a09f-14a203ca023a,Vmkuto,2024-10-09 01:04:50
2545a812-cfab-4305-af61-56a6f7e617c5,Tnovjpeoun,2024-10-13 16:30:23
895515ba-4eb7-4d46-a64d-7a0f4179d197,Kygosam,2024-10-29 22:59:42
b4bee6f4-492d-4a55-8bcb-9f4ac27356b5,Eoewyo,2024-10-10 02:11:29
f2d380ba-9f5f-4892-a0e0-d00af4012423,Dhdjhjbtymvmi,2024-10-21 15:45:01
11332a90-8d16-4090-8042-a4770e113b12,Njwfd,2024-10-15 20:50:19
66bee077-2d8d-4402-947d-584a9ff4d314,Znvhpzjalszatc,2024-10-14 11:17:51
291e49b7-bd7f-4232-9513-de657f29d001,Rihwowiuypxwgxq,2024-10-28 15:49:18
86828eb6-149a-4b67-8bc6-222c3294ae58,Gbmrqqe,2024-10-05 15:04:08
b33d6d95-af49-4a17-bf45-b006d5907895,Ywdqlixit,2024-10-23 18:56:27
a4fdc844-f5fc-4910-8eb7-d9d2e33cd068,Wiimfgezuucpkc,2024-10-01 01:32:31
aae16054-2f54-4a28-a3a4-eec53b5374d0,Afxjvb,2024-10-07 15:19:48
2afcce2f-0507-45e4-8098-e9d768a0aa82,Dradjnblnnqpsk,2024-10-19 13:51:45
6168364d-73b7-4481-9f75-0330e2e0a8c4,Dtpiap,2024-10-15 19:17:52
79712473-6041-4e44-9ca1-06c5838f82c2,Oimhkcrrzrduwj,2024-10-04 05:34:13
68d94f97-7ae1-4ffa-bc95-1f1f6b132b27,Qpopkfuuaclh,2024-10-08 21:19:24
1c46f07e-fc08-4e5d-b74e-15f27425cf1a,Fjestbddjeze,2024-10-06 17:40:50
b4d479e3-7a89-4626-995d-e622a43e88a1,Nfcrxvpam,2024-10-09 02:28:57
a47a2752-39eb-41ea-9e58-643cf50f18f9,Qowpwgbli,2024-10-18 01:27:04
60b5df44-c4d9-460e-ba67-abbf8e914371,Nrqlgyp,2024-10-18 10:00:31
a5b52825-d16a-4c94-a87c-3d5f21d2d17e,Jtmonpu,2024-10-07 04:25:32
174fdd4c-a606-4eab-a0db-4f9b73048f9f,Degymilgpp,2024-10-25 16:48:03
3c04629c-8470-4912-8687-759b360ce8c5,Esppqekfhbq,2024-10-26 14:54:51
0e5663b7-38ff-480a-bef9-b9e91b450612,Ojrkwqtc,2024-10-25 06:59:31
333f4e56-d65d-481d-9f70-170168dae9bf,Blcnex,2024-10-26 17:08:35
ed971a4f-1339-4f91-a5cc-17870c4b80c2,Vdpmpuvtztis,2024-10-03 11:18:07
2e704052-4805-4f40-9cac-5e0db901695c,Qjgcxaecyiws,2024-10-16 07:31:10
03e3b4a3-458a-4128-b0b7-dcb23e388d88,Bnzhcbsoeiaz,2024-10-09 07:11:02
919b3681-5140-46fb-b6c8-1b5818e22b72,Drlwdcg,2024-10-27 08:39:05
589c3dea-b6a6-479c-9625-c2c10d176511,Enwkknrky,2024-10-16 18:25:52
d48b841c-cb9a-4e2d-8cc5-0df59be5dd35,Qyzywfkmu,2024-10-16 10:56:25
9831eef0-a30a-4609-8efe-5035a216fbe3,Pvgifjrf,2024-10-16 05:42:16
41ce830d-9538-49d8-830b-60fb69276bf6,Ehqlunkzc,2024-10-31 20:38:26
ca822e29-8203-41ab-ab3a-4c7c6b90579e,Dwauggz,2024-10-24 22:40:21
0091e4c0-fbc3-44c1-8592-141db4fff7d2,Unrflkk,2024-10-30 23:34:33
a6bc5cb9-8bf0-454d-9baa-b77fa5e965e8,Feasgdldkagicqz,2024-10-23 08:55:50
93a45e71-9c68-4041-9fa0-71f5f4fc784b,Lftlmrofbsjnt,2024-10-30 00:34:57
b374fa7c-65b0-4eec-b369-5eaa0d5404e6,Gwhftasanksjpmo,2024-10-07 19:17:43
6549d466-0759-48a8-8cf9-c34d1170868a,Pkcuorcvgxjt,2024-10-04 11:24:08
115ded06-54c9-402d-8d0f-3c5350af9b82,Arzbeapctahqgh,2024-10-07 08:11:22
0210235e-7ecb-445e-82d0-51a28f65b0da,Efbjtjpgjnc,2024-10-23 20:40:21
c0620de5-ef94-402a-b3a4-40cfc3d939b2,Hkkoq,2024-10-08 11:27:56
1a049a1b-3fc7-4c2c-8ba6-63b0763d4bc0,Okzauxfafrly,2024-10-27 15:58:40
1ae2e515-068a-42ff-a1cb-105eb0795eb5,Ckdcqx,2024-10-31 14:13:25
0e946ae0-9859-430f-aa2a-62fe6252d78f,Eyarticpmswpq,2024-10-08 22:02:54
03c156d3-c454-4023-ae3c-0d554624387e,Gvfubniznce,2024-10-10 20:41:31
b3840ae9-d52d-4d9b-8baa-86d113d7732b,Evvhhbk,2024-10-01 10:46:32
47d0ac8e-3cf5-4c44-9b9f-fc5d853e971d,Anuowtzttpy,2024-10-25 02:12:18
72777609-20e1-4f27-9c03-e898b32deb8f,Cbbxatiomm,2024-10-07 22:53:10
3148300d-6249-455b-bb2f-924ac1ddab6b,Ixvvmlruu,2024-10-15 22:21:25
8e203fff-e62b-42e3-bb14-61e630b04a7e,Hgqqx,2024-10-22 14:01:09
ffa9b126-370c-47b8-b488-09bb6c9fd053,Todpaozpcacux,2024-10-05 02:57:47
5bb80e31-d63a-4560-821f-db612d7fd3f3,Xwqszowxttcz,2024-10-21 11:11:19
1e33bdd0-464c-4c27-b091-1b08d79f11fe,Fvoefyptgehutzp,2024-10-13 23:36:29
c51eee93-ce19-4cd9-92ff-03883a1d99f1,Uakrnkk,2024-10-16 23:46:39
2a85d96d-863b-4d26-9a76-7498cfada06e,Tmmgkb,2024-10-10 21:46:45
c2c129d4-c449-49c3-ad01-4a6635f2b91d,Ouofeqlrdb,2024-10-26 21:47:19
053259d6-6fca-4f57-ae87-7c1d8ce86cd2,Jnrtwuysorl,2024-10-24 23:30:43
e24cb09b-28f5-46c9-8116-fff50a1135f5,Uxogqekmauyz,2024-10-30 23:59:58
ddbdc149-6f11-4d98-8fd2-ffa9e3226da6,Fozrwwgdiaolut,2024-10-22 19:01:03
eeac878b-4052-441e-9bb7-639c35be6eae,Tperbdblilxwefz,2024-10-22 18:20:40
8eff19fb-64d7-4ed9-9843-2d9cb5a388ca,Vdnzkydy,2024-10-09 06:47:47
c7be1bf5-8725-4b6d-b659-3ec34d26832b,Sqfcykiugmb,2024-10-14 20:26:06
770a4e2f-765f-4b60-a5fe-626783a2a940,Mjbsqxtlzryts,2024-10-08 06:15:21
bd09e039-b841-4199-a902-2c6e17698907,Ujwvenoqrzlwv,2024-10-05 18:48:37
7bb513c0-deb4-4979-bae3-90008d70115e,Lecxcspulndygpw,2024-10-27 17:34:08
6c36a44c-034d-427a-a603-a1c27b0ec126,Uyzdfpooyh,2024-10-02 01:02:05
0ecec283-85ce-476a-b06d-864699bb42ed,Ibnihmenuwadwx,2024-10-27 08:39:23
eaef7ed1-49d1-4d0f-b7fe-015222d5f129,Xhlwqr,2024-10-09 14:19:25
364971bd-01b7-47f7-97e6-e8d323fc6662,Fzyoaarhcsj,2024-10-05 19:22:46
a5199eba-d97d-4744-bfd4-82ed4f04cfbd,Joyyhjegsunfskl,2024-10-18 23:00:06
4ddd52dd-ad24-4334-8956-c930e8445ee1,Htqbfcgsyku,2024-10-03 17:26:47
c56b1878-a0d0-45d5-99a0-eb7d07afaa19,Wslnnmdwgnyepwq,2024-10-20 15:51:29
bc43d7c5-75bc-40e6-9600-1cc9efff44ef,Adstxionuzikcm,2024-10-27 21:04:23
cea40e2b-2ffe-4c5f-b7e0-48775852e03a,Pmqnirqvrl,2024-10-18 20:26:44
5d471047-0748-4061-939f-429d9f5d0bea,Wudsbgxyv,2024-10-31 00:03:00
80d8e76e-5940-475a-8ba4-08d3e2987ab7,Vefrjozhdnmwjf,2024-10-27 20:39:17
9ccd1b5b-33c4-4213-ba82-ca0baa837989,Syhvza,2024-10-14 21:41:30
0f1b5169-1bbf-4041-be7c-f24b9f5c697b,Ugigjnjki,2024-10-26 02:41:54
6b23ad96-4f04-41ba-9bf8-761064a34add,Emqxrcfgwj,2024-10-31 18:45:14
f8c758c3-b20d-4eaa-969a-67f03cf7823c,Frbulttkcuvp,2024-10-04 10:13:26
81836386-ccd9-4364-b88e-ac3bde499ee8,Pceizwltrbe,2024-10-30 17:30:10
3a2bb98b-9944-4b0b-a265-4f1ca32ae192,Jjbitjytx,2024-10-05 21:23:26
aab11a53-4c6a-4965-884c-b2a721472910,Eckaeyn,2024-10-05 03:09:04
da84592a-14ef-420a-8955-83f4875a0c6a,Yvweuzjlwrra,2024-10-01 03:25:23
2ed23eb6-8841-497d-8199-4fd6df907f86,Sviymmwrk,2024-10-10 00:40:37
8497b37d-c2bd-4e42-9f13-eca03499a708,Taewe,2024-10-07 05:21:13
0d410070-2172-4115-abcc-0ea94904dbcd,Jevqlkwrc,2024-10-20 22:53:35
273fc65e-3693-4e54-9c08-b0098f48625f,Cyiesojw,2024-10-22 02:54:36
a1c36bd1-a632-4747-991f-ace796d5dda3,Elohqnkjtm,2024-10-14 04:11:48
9db2280b-f18f-4e5e-95ae-954474f60597,Qmqzsr,2024-10-04 03:56:20
e0651731-1042-4b6e-99d6-44a924dca740,Qsortiwufou,2024-10-06 06:15:21
af96f538-8c6b-438a-85aa-4a2f04ddcd37,Dkkojktbgxedvk,2024-10-11 05:38:31
c852b277-a046-4090-9f0c-3dea040a57aa,Bpiyd,2024-10-23 21:25:09
008c9b74-4533-4ff6-9e30-c846982d905e,Uqsoxwxfo,2024-10-18 09:35:03
33c06b1e-3494-429a-b6b2-523a9232304a,Ojldr,2024-10-08 23:50:23
3768a4c5-8ac2-4852-b12b-1fc874a41e8a,Ucmlevmqvee,2024-10-27 06:43:35
420d9ffb-f6d4-4e4e-9d38-a25264b342de,Zpfzckaekugowpp,2024-10-21 04:11:17
31cf5967-7582-4326-aa1c-03cac477861a,Zlgrgy,2024-10-28 15:56:13
8b8d2933-cff3-4c0b-a5af-9f5bc07fe962,Hmpybhljkx,2024-10-15 08:34:17
b61cca90-051a-4b16-856b-8b3445174ef3,Xiwjmekp,2024-10-04 23:24:09
18a65aab-de1b-415d-a161-70a7e640176a,Yfwyfcprkjztfm,2024-10-20 21:22:35
b31cdd11-05ac-4e53-8295-87f74affe9ee,Hnaoaagzjmlxv,2024-10-03 05:26:32
d04c6fd1-baab-4b81-b032-db1f467f7a90,Agphsusoekla,2024-10-26 15:48:41
bcd8f529-08c4-46c7-bc25-f05ab1ef705f,Jmgaavhapbix,2024-10-20 23:03:28
ef757edc-1393-4868-a0f5-087e2a16a635,Sgjxmfoktryuq,2024-10-08 02:35:25
6684e0b5-3afb-489c-a3b6-7b2a32503c4f,Cbkfk,2024-10-10 02:14:17
0d2b85e1-d09b-48a9-b0e9-a766292e156c,Cjeewsltnjfc,2024-10-12 10:15:31
6a7330c5-1ca5-481f-a716-a5b30e498926,Zmaoicxodxor,2024-10-29 08:00:08
2e0952b4-09d4-40d0-9b16-c351371a5936,Thvhqd,2024-10-15 01:15:46
ae38fe4e-ff11-42a1-b5de-ba5e795c2835,Vipazm,2024-10-24 21:40:07
8c1e69b3-e660-4294-a74d-509147a32ef4,Dwfebp,2024-10-22 06:27:37
ddf10bfb-7633-4b16-987a-a003023a0935,Rhubacrsm,2024-10-05 14:09:44
e38e10ea-24a5-447b-a6f5-c7edfb88b946,Pnekm,2024-10-22 14:02:10
caa0eac8-2318-4299-987a-2e00ae73c653,Msmxg,2024-10-27 17:03:18
f053c414-538b-4947-8750-0a01462cc5bf,Oztgxzclmaklhc,2024-10-27 01:30:44
17ae669a-8715-44f5-a0b9-d50e59ac253e,Safsnokoawszwz,2024-10-27 10:54:44
fedc8c11-cf6d-4dcf-82e5-70f163eb437e,Qozclpe,2024-10-23 08:15:20
aecbbac3-eac5-4217-90e0-655bed582e07,Jaugijrw,2024-10-15 05:33:08
0ba70a10-c311-474d-8a6d-1c5ca6171b4d,Tbmukcvvt,2024-10-16 09:42:32
87995f7f-6ce2-431c-980b-8f682679aa2d,Rkthzd,2024-10-30 21:54:40
f237d0e1-e4e1-4dd0-b42b-4dd0d7c9de56,Jrpcnwkzy,2024-10-21 13:53:32
01d66333-e1bb-4d85-b88c-274ce6ea951e,Jmufmccwlityuk,2024-10-21 02:44:39
ed0f6c2c-2927-49cc-8466-7b43430277aa,Cqbky,2024-10-10 05:55:00
eaebd7ad-b340-47d4-a34d-d5eda2134146,Iqqscffk,2024-10-09 11:46:01
e78d0fd1-bc44-4d96-9d99-f4d262565d31,Neuilayzfxdyzm,2024-10-27 03:45:16
f1c8cc39-088f-48a3-8015-138f3688f4d5,Eslynshronrlx,2024-10-17 00:27:15
22595df2-a1ba-4a15-92e3-8f0c46ffeb71,Zxkdohtb,2024-10-15 13:28:31
900f1ce4-0c16-4f15-9f3d-659ccb35edec,Djxcyvzkmwxpp,2024-10-26 23:41:47
fada380d-4d70-4029-980f-c93163794a0f,Kmkfbxodvz,2024-10-25 06:36:24
01bfee1f-b3f0-4bdc-ae80-8186828a2e2f,Cedmmvnqbv,2024-10-15 02:46:06
e547936e-f33b-40b5-9c89-d2651229482d,Egtbexbao,2024-10-16 21:40:23
0a26371e-03d2-4ab9-9173-93abc6eee28b,Agtyghwh,2024-10-17 00:39:21
6e0a5ba3-a50e-4e5b-af02-52becfefe0a9,Zzdlfcowrnwec,2024-10-23 02:46:53
d49de83d-1d22-4330-87b5-ba287b543628,Wjdseecb,2024-10-04 22:43:02
712b8cba-9273-4874-af43-8bc48a5b0720,Gryng,2024-10-16 06:11:18
5c285e02-1adf-40d3-b6e8-8bdd6fee56b0,Zwhlzlxbvere,2024-10-23 16:25:13
9a1edcb5-ddac-4c00-a2a8-5e0138eb9d8f,Qtgxkfevppvdg,2024-10-11 19:02:59
3afd0af1-068e-4681-9217-3c90796870b7,Ghwgkcndtsf,2024-10-28 09:25:48
1b9b9f5e-47a5-4c9a-8010-4f12257f14d0,Yvkoglrgs,2024-10-07 21:42:01
b2ab3939-f6b2-482f-a1db-6cbd9428cde6,Nyaetiawhtn,2024-10-29 07:45:13
99c4fb7e-34da-4346-bfdd-cbec04afd560,Bniaktqxw,2024-10-09 00:00:55
d34b8c04-5ec1-4327-a218-13ba7da7faad,Ojyggsjdxyd,2024-10-28 04:55:42
e8bcbe4e-0721-4dc4-a72c-cd673b36fd83,Rvvapewutcyh,2024-10-21 21:31:37
0be68181-7212-46a3-9224-72d9a7ccec18,Tdfdy,2024-10-25 06:35:36
2df97a10-d4cd-4c25-87a0-ba1bdf0776ec,Vuhtfdwerltv,2024-10-26 23:26:01
1a69d7bc-52fa-4b4e-ae5f-c6463d21bcba,Cbbsvam,2024-10-20 23:06:58
55972ad4-25a7-4ee9-a245-f01e421029ca,Usxnscric,2024-10-06 04:40:20
6db88443-afe2-43e0-a579-d83b466a42bd,Qfswmntxi,2024-10-16 20:53:08
d747eb44-0dc6-4f18-8222-34b3efb41f99,Seyxkjosygdrmw,2024-10-07 07:34:03
bf5c3960-c3d4-4393-bd10-b2833a08c1d9,Kggkyudmlx,2024-10-17 08:20:19
e4be7189-0469-4b71-8344-47590bab8964,Slhcxycnx,2024-10-14 15:46:21
08d2bb02-7a1b-4282-9c56-4239ca3984cc,Uabjjmdcm,2024-10-17 23:15:51
b9857ff1-b33e-4c8f-bf40-bad47da3efc5,Aijdga,2024-10-10 17:14:55
23cede70-a9ff-44c6-8726-351993941c66,Xnyfisojisg,2024-10-18 03:20:45
5449e432-2191-498c-8c55-3b3863aecc84,Dsyfvju,2024-10-05 18:44:20
35a1e4de-2b83-4976-8df5-364c8f9f14a3,Gynbelxwzx,2024-10-22 08:08:47
49830d3d-ce04-4fe2-a612-cf580b0b3938,Uiqytydm,2024-10-15 01:43:32
3037eedf-8485-4807-b08f-1bbcdd6110b6,Busoeyqt,2024-10-08 08:15:31
7dc38e57-1e00-4c48-8dc7-1b888bbeb544,Vptxorxeqfvtog,2024-10-19 08:51:55
c3b376e5-039b-4cfb-9cfa-bbcb820b31ff,Pgwizyenelf,2024-10-18 02:37:07
b475451a-1b9c-49a4-9f1d-be1c10da6e09,Ptzhceopzx,2024-10-08 11:22:21
d9e756a2-f240-4ed5-a989-2d1989e8a343,Blhgdfozerbz,2024-10-07 10:22:00
8dfc6aa9-f04b-4a18-9370-2daed9c4364c,Nvchxndsmh,2024-10-08 08:57:06
69ff3ffb-b1a7-42f1-9d66-b1107b957091,Eorsuilhcqctdvu,2024-10-21 01:53:27
bb963fd1-d3fa-40dc-80ce-6da65a3aa322,Kjvezfbckrovo,2024-10-16 13:32:30
6dfeaed9-8a89-4410-a369-d6b1505fa13b,Agcdwjvo,2024-10-13 17:48:55
27a12b63-dfbe-4e72-964a-efd4c3d67fa4,Tyhnmh,2024-10-21 04:59:38
a59e3074-2caf-4bac-b4c3-878ef9f90c48,Vazmbl,2024-10-13 19:42:35
1cc9ba4a-b877-4897-833a-6aea1876a412,Ybbtoijjhw,2024-10-17 04:24:42
149345f2-d492-43bf-8657-c5cdc0b65007,Nosxew,2024-10-23 00:59:24
d953ebc4-d3b9-4197-b19b-8ad5f4059bdb,Snogugbrd,2024-10-10 07:39:44
54cca720-eb8d-401f-bc38-5e4db1b5b69f,Vtnox,2024-10-31 04:54:10
54301272-17b9-419f-a895-7a7c87bc5b8f,Avfcyspenxlzuf,2024-10-13 13:22:23
b65b16da-b413-4f7a-81f9-e73b3d046b9a,Ccexhardbt,2024-10-17 01:23:18
6888a7a6-46a2-4cbe-84ab-0574b6a8c435,Gfqhsnzx,2024-10-18 04:13:02
818933f8-8347-4956-8df3-a93125515b30,Xchmirka,2024-10-13 07:33:44
7f241c8f-37f6-44eb-9c1d-c5eda2b584a7,Kqltlzzax,2024-10-26 15:16:44
e680e50c-3af2-4da8-a8a3-dc1302dfaf69,Yiiqdrb,2024-10-01 02:33:36
b36f0850-9a04-4928-b357-9dba7ced4e35,Zdvptapkmz,2024-10-10 20:09:59
8e19cfae-e8e3-4dec-b4c6-3a276545f446,Ztilbriaslz,2024-10-27 17:29:51
92c13569-cc4d-474d-b830-c78a8a930e02,Vbxhps,2024-10-25 13:10:44
2cbcaea0-6f92-4036-b368-de917182c8cf,Rxsobpyirrx,2024-10-02 09:42:24
2b235fec-877a-49c0-ad8c-33dc93943215,Uhitajlpjjk,2024-10-20 05:10:36
7ba40fab-8261-4b5d-95f6-4f1e73006291,Thdneakpfmswqu,2024-10-16 13:59:15
648a5ea9-a3e8-47d1-96d2-32465354b8d4,Glwyublq,2024-10-27 04:07:27
ec19e70f-5c89-4deb-bb22-5d9a4d030672,Wtxqc,2024-10-18 17:20:02
70537f74-18ee-42c0-a191-70bf6fbb893a,Mwkndmdfxewtwks,2024-10-26 17:20:32
0d53275b-8f72-4ec6-9a56-3c5227602d1c,Xdmcpbevbbm,2024-10-10 03:30:08
0a4c4fd8-2e68-43fa-b2b3-c2ef1e2451d3,Nosehoihoxmmprp,2024-10-11 02:22:51
bba89d24-108c-4406-bbb8-5bd1ea524aea,Qdotzsmikdz,2024-10-27 16:47:28
c9dccc6b-64b2-438c-a16c-14771590fe48,Ovwlffyti,2024-10-30 08:48:41
d20e18ac-8999-450d-b29b-bc4976c464fd,Rcvhoukfykli,2024-10-30 10:03:59
34a28dba-1613-4480-bd5c-d6eada33461f,Bubmwwmnnhsjht,2024-10-27 13:33:12
431b07b3-85a4-48c2-b6cf-48b426a5a779,Ohsqyrjx,2024-10-23 11:58:22
a93ad7e7-254d-4e0a-a6c5-d1e2282b5fda,Zgsbom,2024-10-10 18:58:11
27f71fd5-0037-4a0b-97cf-25e4cb0477c2,Vjnpkbowgompze,2024-10-10 19:51:02
e684c298-5843-435b-b794-bac3d7c3a1db,Frmqa,2024-10-14 06:27:29
c5c4bc2f-03f6-4b3a-82e2-7a4c6484bd46,Qrzfwlxtvgcsre,2024-10-17 05:10:06
a25075a6-1daf-4556-9e91-b7f41adacfac,Xgmtmt,2024-10-30 06:42:37
940a5a31-5282-47f8-93b6-201ec84d8e3d,Oroxiejjecal,2024-10-27 17:40:50
82c327a5-c31b-4223-8f4c-2ceaa5a5f6c4,Eoobiby,2024-10-12 09:06:21
d403b1e6-8df7-4a29-934e-d491bafa2a37,Gndxhnnjxttaoy,2024-10-06 12:36:47
c9a9b9d5-4c7f-487f-918c-da96e754a70f,Ehevhrrgitv,2024-10-16 17:06:13
5b41e1d3-92cb-4041-8cae-e7fb3caee9e1,Rgjjurwb,2024-10-17 00:41:17
97fc7e50-4211-4704-8e94-7e8fbfdf60cf,Lhgms,2024-10-01 17:40:37
9a9ce2c1-978e-422e-9e1d-00a0046e2ea1,Yfzujecm,2024-10-15 08:52:00
431b8e23-94d7-4dab-801b-6caa40cf1ee3,Xarwsergdrotmlj,2024-10-16 02:27:44
0d814b09-9a2c-4de4-a6ba-155651f4b3e5,Scsdoyz,2024-10-07 09:04:05
162c6aed-465b-437b-925a-fd96b7a7734e,Twxekkyrzxqmmd,2024-10-09 01:14:57
f9a6b827-68d5-4413-b423-630c8dace756,Hxezcyyxyubanu,2024-10-25 04:55:28
eee1fa2c-81e9-48fb-8abd-b746ea9b3084,Jpzst,2024-10-08 04:15:31
aaad440d-1e95-44c7-8847-9af80dd82225,Shzdsx,2024-10-02 00:34:44
66fb1577-38bf-4c32-924b-d6aa467a4431,Rhxjjziagq,2024-10-02 06:21:28
cdfa8efc-a268-40ab-937f-e16465f9d7c0,Cnjwtuikxhdqt,2024-10-16 10:04:04
a5691587-ffdb-4f11-a7bb-1b3ecd0b4937,Sftvfxqw,2024-10-17 09:09:46
ebcedd1e-878d-4883-847a-e7df2e69a6a6,Voxvmh,2024-10-08 23:41:47
57d0358b-6669-4d05-981f-46f6898dbe8f,Beniocvbicauhb,2024-10-23 16:11:25
6bb129ce-cae1-4cd4-8072-9aeec120cac6,Qlctuygq,2024-10-18 21:03:12
6cc96e6a-789b-47d3-98d0-aadad149f1bc,Gnvupmyjnlraqc,2024-10-24 13:25:49
a04f901e-756f-40a2-b0a4-117b82481d67,Gmqgrxihsppomu,2024-10-13 22:30:44
e0a4e3bb-af06-4040-9d9b-556f3b252184,Ixenrbsbcpukut,2024-10-24 00:56:26
2fa239a3-ebbd-4e3e-8420-ccac2fe727d0,Uzrehp,2024-10-15 06:02:53
f1374649-5fc3-48ac-8604-a5705e2a35d7,Siqhqnxlbbd,2024-10-23 12:59:31
80181209-5f84-4a26-865d-8620b1d07036,Mbvkobmqpanyk,2024-10-30 00:00:17
bacd37ef-9b6a-4687-b183-bf40700d1da0,Otuchrbyai,2024-10-12 04:01:22
42458cc9-fba6-4676-8710-5da98e95baa9,Himcyvflpwfca,2024-10-27 23:58:24
843d9ca2-c8cb-4fae-b633-e8726972c406,Behiifhtfye,2024-10-27 07:08:28
9fbe4d2d-7f5d-4e19-8989-60ae2c2db7a8,Hkkvq,2024-10-07 16:59:56
f66b13e6-2e7d-4196-b3cb-b7ea0505e2e3,Bbqdhywpzjeb,2024-10-11 04:49:08
8c1f487b-b90e-4280-ab86-959e330449be,Paueutqpqqqqpo,2024-10-12 11:24:11
f0bb5959-0cf6-48d6-9a46-2f38fd4bdd1d,Tzsexn,2024-10-21 00:42:44
bed74591-17cd-426f-ae77-f6368dffbe73,Lsevjsfozoahtl,2024-10-08 13:41:49
29f3e069-6721-47b3-9d2d-866d824bc5ce,Hrvydouqals,2024-10-02 14:36:55
05ed88db-83ad-4a83-bb49-5f1ac882f5c2,Gwsvahunbwwoe,2024-10-24 06:37:52
692a4abc-fcd1-4c2c-9977-936f25c1a662,Stbiaffuwbrtmwa,2024-10-04 23:19:45
ff26c139-1db5-46ad-a6a8-c73e5256d276,Jwjbpznc,2024-10-13 13:53:47
3d848e47-5ea9-456d-ae17-7aaa66e44e11,Deawiczuy,2024-10-04 22:04:36
d5ff4913-322e-43b3-914b-53e62dc37ecc,Pejwfl,2024-10-03 00:48:06
8f550897-52dd-4ae1-8133-38141b6c567a,Yghfpeunlnpylyr,2024-10-27 23:36:23
47b71ff2-252b-4bd4-af17-b546c98c5102,Pinozqth,2024-10-09 23:33:20
f87a39e6-0adb-479d-a38f-12385b5d6e62,Dkopgv,2024-10-06 02:08:33
caf64c0d-a6fb-4d92-b5ac-1d537399650a,Frkausd,2024-10-21 18:42:05
945a2e47-bf8d-491b-ac46-70f35041d697,Aiypztb,2024-10-27 12:48:48
08433963-0dea-4a48-906d-f9c1f0cb6775,Bgxyqufbqyuyg,2024-10-06 07:10:23
35dc7dca-62e8-4277-8567-3660db1cff52,Noyfudcr,2024-10-01 04:14:32
649db81a-d94c-4693-8d23-ae5d06eacb8d,Ixtyziifkau,2024-10-01 16:29:27
d886d653-0d0a-49bf-bc14-f544cb0bba63,Htgnoayuwua,2024-10-21 17:49:07
f4784930-cfa5-4b46-8ece-03bffb9e9b39,Ifrfec,2024-10-26 11:44:24
dbcdb389-e9e0-4020-9ebc-1d624334c712,Qkkcbsxjsaf,2024-10-25 04:44:59
0867a377-2667-4ffd-9c65-2f9e84ded213,Ldgyoxgx,2024-10-21 10:59:30
4832507d-873e-4dfa-8e95-0ee7b2fbee31,Pejmy,2024-10-02 08:49:04
95912f08-f268-49e8-bbba-f0b172e66b59,Jawhas,2024-10-29 21:54:45
d1e36f59-b1ff-4e19-a53b-131e196a154f,Fewzzjtqcxl,2024-10-26 15:14:04
cf051d1d-ceaf-41c1-a7ac-31802d3867f5,Cqkwrmxjrtvkfp,2024-10-11 03:17:57
c3c72894-060d-408c-9010-c8bd6ccc468b,Rakrknxunjjgomv,2024-10-22 15:34:56
c83a3eea-9c2a-4d35-bd4a-5d3374aaa237,Gzmxpjiefxs,2024-10-14 10:01:12
a1d11889-2da1-425f-aedd-469815d11d51,Xlitqsalttvt,2024-10-13 00:07:45
e30bd1c5-3799-4aac-944a-345782e8fdc6,Dvwzhskqicsxdro,2024-10-08 12:11:43
a6af0266-9e5c-4dd1-921e-5bf3a8111b69,Tcztyyfbq,2024-10-13 11:19:19
de510868-b7a3-4e8c-9317-605f6d4966ae,Iuxfnmslqlyrgs,2024-10-14 03:45:08
7a70546b-d9e9-4d97-a42f-a0e647230f21,Qogeggjpnpvxsl,2024-10-08 11:17:40
358576bf-1b97-4d73-ac54-dd064bd96b36,Uutjwqkhsjaofxr,2024-10-08 12:58:29
c9af52d7-3164-4195-b637-efeacaf943d9,Unbhqcijajhgz,2024-10-09 20:18:08
c4e0f0f1-e207-435c-8740-40dd6a4987c6,Vetrq,2024-10-18 06:12:15
5d3aca02-0c5c-427b-a7d9-8ab4d5442d50,Cqqdstjlawqs,2024-10-04 01:57:02
b1aab28d-9f00-479c-a198-8f441cee5781,Xcyamqzgvxofvz,2024-10-12 00:14:08
57edd429-6f8e-4464-8481-f5a894c9414c,Dpvrsvhkgghdh,2024-10-27 22:21:58
f6958e3e-ba44-4d26-9cb7-62c4d9b65685,Fpikqwzbshc,2024-10-26 04:52:34
75959a94-d5ac-48c8-b961-abdc98f7d87d,Eadtpnzebryepfk,2024-10-09 00:21:54
7aa82524-dc8f-40e1-8cd0-b4730f181745,Dahtagjvcm,2024-10-22 04:47:49
43d004bc-57e6-4c6a-bd82-bd19a17b89eb,Dnuxfefljhkfxfq,2024-10-18 06:30:19
1619337c-9edc-4212-9020-d5f45261f7d6,Jlkzheztqo,2024-10-07 12:40:18
c9437093-e464-4ab0-b6ae-760f97efb20e,Anmnjulhekfxb,2024-10-07 05:40:36
6e413da2-7889-4c7a-a4ba-ff5e4b1469dc,Jjvtoblmqkkr,2024-10-02 17:21:20
804f963c-d1c3-4c6f-b20c-0042e5713754,Qbmzp,2024-10-03 12:51:08
5c3f25bc-a916-4149-84ad-2bdca34e440a,Wtljup,2024-10-07 20:18:06
b1af7228-4142-430c-9642-a1684a2d1218,Rmkronxr,2024-10-18 00:53:13
d265f832-5d56-45ef-a1fa-87d5ef6ac5ce,Dqpmdlalzwt,2024-10-07 03:26:31
4d3e56f4-738a-4bcd-9e33-a9f9ca93b6bd,Pqroakxgumc,2024-10-31 08:50:25
0fd23633-ea94-434e-958d-e918f404bb53,Qoxynj,2024-10-13 15:38:59
7f615921-f4de-4a0c-b6e0-056eca7d800b,Txfnnitjvhokkkb,2024-10-21 08:31:58
4856747e-cd4f-45ce-b262-687e73be298d,Gsyyqwg,2024-10-06 17:51:40
49dfecf3-29ab-4684-ae21-a57e790f2130,Ninznubff,2024-10-03 03:49:18
0da9521a-5e1b-43ae-9023-ed0e148743c8,Rvwxcx,2024-10-02 02:32:22
fe13dc50-6696-409d-8414-fa78a9429176,Beddxfgp,2024-10-22 02:09:12
6238c0e7-7db0-4a3f-9a99-336db96d20ab,Bzaguxk,2024-10-12 20:37:32
62a844f7-a241-4766-8e73-3fb495f6303d,Ryicyrj,2024-10-02 10:32:59
389235a8-527f-4915-9cb4-51b853e3dcb3,Ljqwi,2024-10-10 02:27:42
4ed2fd9f-712c-4172-a60d-addf039b1f13,Jhtfjsg,2024-10-19 21:21:47
a56e051b-9186-4cc4-ac0f-4971193be11c,Ykfpdlypf,2024-10-22 20:27:48
c6efb134-f9bd-4ebf-9e5f-6fab8ac30014,Vwkiqlvbkk,2024-10-26 03:14:56
d25e4dd7-021a-4e45-aada-d268566b19c5,Zcuqx,2024-10-27 23:21:07
05c15ce6-9a89-4588-8985-d87d7b66480d,Hkuweutxommkcs,2024-10-31 22:12:49
5e4d29e5-1a1f-4e7c-8898-4b36f56923a4,Nzvpvet,2024-10-30 04:01:38
c1fbddbe-2655-47eb-b840-1f21ab25df62,Yarocmmygigxozy,2024-10-01 10:17:00
9ee10ac7-4535-4aa2-9e90-efb5fa6e0581,Tvfftvclw,2024-10-23 12:58:46
85ddb562-2509-4b8e-99ae-f906e9ead254,Ygdohqx,2024-10-02 12:39:53
4ec59ecf-0aa4-4abd-bad6-ae6b3d7f03fe,Seduztoakz,2024-10-28 02:39:35
5e5e5c71-ada7-4ba8-8b3b-6a5f398a8d0a,Gtgmzwl,2024-10-16 08:22:16
0f1cced3-75fd-4b41-8f5b-03543c017a4e,Enixzblczw,2024-10-11 03:16:05
c82a1e38-f0ba-498c-8ac6-f08c3c8ee6a1,Flklmbqezsjoqe,2024-10-09 03:28:43
c25df712-039f-47d0-8e86-a1bbe50f9397,Babpdoyxlmdje,2024-10-31 05:52:48
05e9ad3e-f3a5-4854-9fbb-a23c58c04c95,Lbrojplj,2024-10-14 21:07:13
b2af3d86-e064-4b8b-8f73-cf0dfed0a765,Yamqpqhc,2024-10-02 15:06:29
76ccae46-0359-4abb-a9c8-fea8e855a7e8,Lckbavnib,2024-10-21 13:51:00
f5fcc085-87d7-4e8e-918e-5d12811fa653,Aydqlcpaakdd,2024-10-22 05:11:39
15580c3a-ed05-4fdd-9f94-e0bdc497e32c,Hwwakakrfzaxbn,2024-10-07 07:18:52
33649d3d-47e3-4de6-9da2-b2d00488a8fa,Loxbvtshvr,2024-10-29 21:47:11
f17ee311-05de-49e9-a2af-cd7cabff4528,Uvtiojs,2024-10-14 15:31:05
edb14df4-0cfb-46e1-9c64-b74feac6b129,Ybmspuhspo,2024-10-02 10:23:44
f6412c6f-108b-4b7f-9fbf-d06d032892db,Dvkbphyvmsryw,2024-10-19 09:40:09
19e5dabd-f7b4-4b7b-b7f7-471be41dfead,Pvzkubkvexv,2024-10-30 07:26:24
b41c863e-b463-400b-84cb-b07c6f16b52d,Nanregigx,2024-10-21 23:25:49
f794304d-b977-438f-99bd-3f8ed66d90df,Nurnair,2024-10-01 06:05:12
267b9349-bf45-451c-83d2-ec74c946e8ed,Trnmfeksozyq,2024-10-16 12:54:37
897f459a-5575-4ff9-8456-29322b1c3610,Mqefdsmnuleuso,2024-10-17 15:24:31
777e2f39-41c3-434e-a533-86890afe328c,Zeqjibsql,2024-10-23 07:39:00
d4142f30-b7c9-4973-911d-98ac9d4b657a,Aigvgkeludrb,2024-10-04 20:01:52
75e60125-60d9-42f5-9f1b-26aa3a70ccc6,Yhqehxwl,2024-10-29 19:51:59
9a0998f7-80ea-4f5c-bdd5-c25f95ad18fd,Hpggwawt,2024-10-19 17:17:36
2cdc8cc0-3512-4841-8703-9c4abf3b7ffd,Dstgqsty,2024-10-06 17:05:30
041e50bf-59b1-409e-ba09-33cb8440572b,Ftexsyiqendpqe,2024-10-16 17:19:24
558263fc-2324-44a9-809d-9aea1dfa9097,Dwtaknxotl,2024-10-04 06:02:40
0498d602-8568-4240-9588-51e808eea2ae,Pbrxfmumou,2024-10-14 13:05:31
02a10c27-d847-4645-937f-5803e2046ca0,Ygkqok,2024-10-12 15:51:27
9563067a-cfcd-449d-b3f4-1a9d65fe8b56,Naajsapq,2024-10-07 08:55:51
2f3bb4f4-4461-46dd-9adf-241c90d693d3,Zcuiaenon,2024-10-28 14:14:02
be24c834-3977-4bf2-a485-bb3deb53cfb3,Dlmraquooqyqgad,2024-10-01 21:28:24
4a7d05e6-1f12-4489-acaa-6a33e2a104f7,Suiogojmsc,2024-10-23 11:39:31
bdcdb9f0-fc1b-45c0-8f07-16de3cf8658f,Exhbt,2024-10-22 07:37:14
99170862-d5ac-4eaf-b99e-ee1fcc814d5d,Suwilzsbjdsuk,2024-10-05 14:22:53
57060c77-fc3d-4bdc-8335-dab31b2d5c57,Jbjgkmvldcy,2024-10-06 06:19:54
9a3c0582-fdbb-4896-a755-f28aee5145bf,Zqwagbgwhgdyf,2024-10-19 00:13:41
52dd3664-f737-4d5f-adc0-663f30e521af,Ewvzr,2024-10-04 07:25:41
bf0b7431-be09-4b9b-9e9c-4307897fda50,Apjvlc,2024-10-23 02:40:13
6a8ae5fb-0ab0-4ead-b058-2330161adbb3,Unrrqkbg,2024-10-22 06:16:47
f6a6f75a-0543-42a7-ae20-87691f15e0d3,Pthzcna,2024-10-12 06:09:43
7a14a065-bcaa-46ad-b693-17a0934d4d28,Nteqojuoqj,2024-10-07 17:53:25
571c8374-8903-4ace-8a21-ffbc80472ebf,Qlqgstjzlqqz,2024-10-07 21:32:26
7c5ee3ee-275d-4b02-af0c-965d5ba97758,Ukoyk,2024-10-21 22:02:56
94ba274f-845b-498f-99b7-fcc73788e340,Wezmb,2024-10-12 02:19:15
ffadd051-6684-44e9-94f4-1d3c313f0d59,Oetti,2024-10-14 20:11:49
f5b5feed-089f-4816-8424-fef79982cfc8,Almtiw,2024-10-18 09:31:32
02336f8a-6e4a-4b9a-8829-374b1f32d334,Ggbde,2024-10-30 03:56:00
e9522def-02fa-4730-b9cc-95c5e2c7dc65,Jlsyjph,2024-10-11 01:10:13
34bd793e-8c85-43f9-9d95-22766d41ad3a,Adsdvahw,2024-10-02 07:04:35
38440b7c-d966-4970-97d6-a98fafb92e1b,Cgjtikf,2024-10-18 22:17:42
a76790e6-2536-4a45-b426-3cd094b29fb8,Rutcdfh,2024-10-22 21:30:26
8e684fba-999e-4924-b87c-44acd3f3aad3,Irmvpdcykwiovcf,2024-10-01 17:30:49
119a110a-2b10-44f3-9752-3f1f4262674f,Nmmldeopzfxcq,2024-10-26 15:24:58
f8bb527a-0222-4c4a-b27b-671abc6af614,Jouzavjpruo,2024-10-26 09:30:11
6682fc33-e6c1-497b-9d13-d9582b3facd6,Wxywmmsoigdcc,2024-10-02 02:40:34
a1e09e93-6357-4e64-a893-bc25a27a6a18,Imjpiovs,2024-10-07 12:46:35
d4d060df-0df9-4ef7-a27d-7dff86a7727e,Wninzuwbk,2024-10-22 18:18:41
0dc64ec0-8990-49ca-9056-2645384d7c52,Ltlrsci,2024-10-31 16:13:31
64a2bda5-4513-4018-a190-ee5691e34d0f,Qnegupybccuice,2024-10-22 18:34:58
17c560ce-72f7-4b8d-8964-9297d2922588,Hssgi,2024-10-13 17:09:53
a6aaf091-2e88-4c94-93ad-d689118bf943,Ocoma,2024-10-19 16:55:41
c05411fa-8e41-48a8-b2ab-1e04795d66b6,Uitdurluq,2024-10-24 03:43:37
49b829cb-c4d7-49d7-bd2d-19af0ed25c88,Wbpkfh,2024-10-03 11:52:48
037f1b77-8e0f-4bc6-a8e6-9dc09d1df2ae,Ofrzzgbszsqe,2024-10-24 09:43:51
65d4be70-cd6f-4295-9200-bbae18960bd5,Ruefojrwrlqqs,2024-10-30 16:04:09
44476e6c-e456-42fe-884a-5bb887a0c63b,Exvzbzug,2024-10-26 22:36:38
c8709963-6b89-40f4-b74d-0ad8d65dce23,Pfvwzgtcpkhhnqs,2024-10-23 01:10:00
2b1d5a0e-412e-4085-9b56-1e02e9357760,Vztmyylvk,2024-10-12 02:24:21
33c2749a-315f-4c2f-a0fd-c343bf7c2e4f,Ilfhaxpfbzvmfvc,2024-10-08 01:11:26
f07b6087-afb7-4ccd-ba57-eb749286ad46,Dnnfsbjd,2024-10-03 00:47:02
d3af3b8f-49ce-4483-af63-edd87524c3ac,Vobxrumvnwmdyyj,2024-10-16 18:34:07
47444cd7-d662-4c61-be0d-e18117762037,Ceyrynd,2024-10-27 00:15:21
51540f34-f908-4a67-87fd-c11aa55a5729,Qmmsbdhf,2024-10-19 11:51:53
e9ba08c8-540f-488a-94d2-aee2a109d9b7,Nhkmwqqwwzabp,2024-10-19 14:27:52
2d42ec77-cccc-45f9-a644-8a2e3a24095a,Jjibaquzurqdj,2024-10-21 01:18:22
91dedce2-188a-4018-9c83-2bba99b44d21,Ypxzzwvpylkcyt,2024-10-11 07:40:21
3d33c0f9-ef4f-4613-8268-ca7663712f4f,Cdulrdb,2024-10-14 23:37:33
297bf187-c8d3-4396-b6a3-9b5d295e0933,Zbisjumhyuecljq,2024-10-09 22:41:03
7fd0beae-db92-4c73-8cc4-71a24a915b37,Jloplxunxv,2024-10-30 09:17:48
edb44ce7-8f55-456e-bcff-0aabbc1ab8ea,Ltsyi,2024-10-11 16:52:27
c3ec3e7b-7d34-4204-be4f-bae95fd68070,Plfahrpdtf,2024-10-31 10:24:05
54a3beea-2b6f-4d26-b44b-298ac14bdc05,Icyjscfoicgl,2024-10-03 09:53:11
b74ad7b6-b279-4358-8e21-a7b38f16f929,Yiezwanvdzikvdc,2024-10-14 08:25:36
a4bfc1fb-1d41-4417-b02f-06c2b3ebf459,Ecmqwsvcofgrlji,2024-10-30 04:21:33
15ad34f5-1c38-4886-b603-bd1d81b4df0c,Ozmbb,2024-10-15 00:50:08
6590634c-9771-46fe-991e-531e4d06e503,Qzfculeuxjohjey,2024-10-12 16:39:20
9a2c9612-efa2-4005-940f-9ee265951ad5,Dpsseoqgudmp,2024-10-25 08:34:32
0bb97a03-af88-49bf-8555-15ec63efe163,Vmqgoybqhxrgf,2024-10-11 01:28:53
6d699186-72b5-43a0-941d-e3a9c2e933ea,Jprkmcbxmhh,2024-10-09 10:42:34
df99b364-54cc-4a37-8da3-6954e8de292f,Vkysioxjhdhmohx,2024-10-14 18:44:01
c7ac393d-6131-426f-9a08-61c8b87d19a5,Akmtpmdpunr,2024-10-14 02:33:46
1e5a0eb1-4878-446f-987b-e4a27ffa098d,Nuszqn,2024-10-25 11:34:54
de862e93-9d46-405b-bd63-667a4d032b0b,Tvvdfbi,2024-10-09 13:06:13
d0867d71-05a0-480e-9004-8740ce8db2a3,Kdxknepglk,2024-10-18 14:22:31
a56bcc28-4d45-4239-8135-751ccb5701b7,Jcixoefkz,2024-10-22 01:29:28
1cb04d77-ae70-4587-89ef-7960ce1c4307,Tyckzqufi,2024-10-12 00:12:15
36eb73c8-1565-449b-a430-33c5951bf44e,Qbvuwnsacyr,2024-10-14 06:24:47
19c914d5-8fb7-4a3a-8f3b-fa2471c2687d,Tzllavkhrrehymn,2024-10-23 05:52:32
9dde545d-b755-4408-9930-64516fea3ff9,Rslcg,2024-10-30 05:09:46
097f8e65-abd3-4a60-960e-d75ed4fcf5ed,Aboqdmfswjllb,2024-10-24 20:51:32
a3d8dd75-355c-436c-8a0a-a871a4afbd8f,Okdylkvz,2024-10-21 16:45:48
eb0d9ab2-0295-468e-87cd-6a04a6b79ca2,Rgfbgeyve,2024-10-10 23:29:34
ee4a451e-46ba-4eb5-9a08-ce64e5fe5eda,Jwnlbud,2024-10-06 05:10:06
0dc58470-aaba-4fcc-b90f-dee82f512ad1,Abnwcj,2024-10-10 18:43:21
9236a447-4794-4d2d-9b4d-6209855d9ddc,Xeexk,2024-10-22 09:34:38
8fb8a411-a966-4f9a-aeff-457ef89ec3c8,Bbuxspstp,2024-10-30 22:53:10
d6fdd7d5-a673-4c8c-b931-c67349998022,Nediibdrs,2024-10-29 01:37:48
5e5a5da6-a29b-4d05-a02f-8bab6d30ce19,Hliyvvyenkey,2024-10-14 02:31:56
295b0921-ad60-4210-a4ce-6c3dd7c0de7b,Kpuinyjjrn,2024-10-03 11:51:44
282b35cc-44dc-44bc-9302-ea8c65057301,Ymqkdhezszx,2024-10-19 07:44:00
63252dac-2eab-47d9-8321-2aee29e72125,Atroqeaz,2024-10-26 08:25:48
4ae72129-ae4c-4fae-9c46-e1e099d0c8e8,Frtdzxwlmvaxzz,2024-10-17 23:00:20
2a834db2-1f12-44e7-8758-8e6bb6b77359,Ndwocxfqlohgsio,2024-10-07 01:12:04
c20aef88-e850-4648-b858-0fd3ff74492c,Akbboy,2024-10-12 11:43:35
49ac0fda-c459-4bfb-b9ea-993e5e897b45,Qacgrdnxwmj,2024-10-18 11:52:00
6ead785d-fe90-4d59-9bfe-9961ce738990,Pqmuzrkglscdcrb,2024-10-06 03:04:41
7a4bebc9-14fa-4f36-9ff6-df6da97e278d,Dkiglnrwfxl,2024-10-17 18:41:35
1ce31931-df7c-4ffd-bfac-be12bc98184f,Xhfitgw,2024-10-20 22:53:28
5e644fdc-0c1b-42f6-ba86-efc4042acae1,Vfryk,2024-10-21 23:43:05
d2862fa1-95cb-4c9c-b474-33acd9a2cb87,Zhuouutjxk,2024-10-31 08:07:30
bc87a600-198c-494c-b79e-0f1c8f9c2db9,Xkbgmprcie,2024-10-06 05:47:04
4f9487c5-309a-424a-8f78-417af4e4fd78,Cyqplsfjd,2024-10-25 14:17:26
5e94d189-d4ab-4960-b985-a293d769bb86,Vlybefhhfv,2024-10-16 23:44:11
e5337f36-0c14-409e-8eb0-532794b59046,Kgqcuidpgmrjxin,2024-10-25 10:54:44
bdd54623-cb37-43a8-8e5e-60006bd9f803,Yzwfv,2024-10-09 20:39:47
4700af44-e584-49a3-b9f0-513108a13ae1,Mxfiogqfgih,2024-10-19 13:58:42
86c6a42b-b3fa-4953-aaf7-ded162024517,Xsbslyejsgskks,2024-10-06 03:40:57
7340e0ca-241c-4aa8-ba0b-84c361be35fa,Nsagcmjyt,2024-10-31 02:22:50
d663872a-17f4-4b9a-8893-c5559810aa8f,Xdnufqtjuc,2024-10-16 22:10:01
c571719d-2245-4047-a9a5-04e8696b6ab2,Ejjsguyaijjhkbv,2024-10-09 09:21:01
df8d4dea-70f3-4932-8fc0-4d5788253218,Mvicbsrusollr,2024-10-10 12:39:15
34d6892c-7241-4340-847e-0c3d29ae2ee2,Hwygn,2024-10-21 00:25:25
fd999459-1754-4cb4-ba47-c85d00d35226,Yvyjkquj,2024-10-11 04:57:21
d626560f-a707-4dbc-ba04-7a8fb22635c0,Nzcnv,2024-10-01 00:08:05
e6b9151b-36f0-40dd-9e2a-f65228bec55b,Qgatc,2024-10-28 03:12:04
c63eb5bf-ca06-4e9c-8b48-7cc2a097be38,Hwgfy,2024-10-21 10:37:13
1008692d-4798-460e-984d-c89093610eb2,Aluxyzz,2024-10-08 17:23:20
0969c8a9-5062-4fed-8fc8-2f7ae0910c21,Nxnxtaxiyhqgww,2024-10-04 14:10:16
56d0a0e5-3bba-477d-9b4a-fb67728facf5,Jbjhqfc,2024-10-08 23:30:08
def78c6a-a164-469c-b47a-997674c9af68,Gtrrvcogojra,2024-10-13 17:10:00
53d1097d-cd96-4a69-a2f4-210df48e6699,Mlxjh,2024-10-08 18:10:09
98f85db3-1de6-4a0f-96e4-f2cdcbe75b7b,Moslmnacldi,2024-10-15 06:05:20
7b044f3a-282f-4f10-90c1-82aba2ae697a,Xyjnsizolbnj,2024-10-14 22:36:56
7538047e-2791-4fad-b78f-091063f44f13,Lecnw,2024-10-13 21:06:04
b25b99e0-77cd-4b3d-ad58-60fb9dee91ad,Djjuaapeq,2024-10-23 03:27:19
07b46a86-5ecf-413a-84d2-857ccf9ad482,Mergutqks,2024-10-11 15:29:05
5219c7ec-e9ed-4a8f-967f-7c15333090cf,Lwtrcaxonysrtqg,2024-10-26 23:29:39
72997657-dfb6-4661-9abd-5be2a622cc32,Nxlrdrxepkuk,2024-10-15 21:23:04
99c2cc41-c1ee-429a-b782-5bf846591c36,Ujujewsj,2024-10-21 15:00:56
d2ebca9e-0d37-4a1e-8b5d-eed40b294dbe,Yhgrlls,2024-10-20 04:11:02
fb59ffca-0a8d-4b6d-b008-1d6e0cf747aa,Bdfzrugwolrs,2024-10-10 23:12:27
9c80187b-b314-4614-addc-bd51d4e26e6f,Ibscdlqzmwqd,2024-10-23 09:13:53
54f30d83-395e-4dae-af2f-efed1905e4a6,Kgvuq,2024-10-22 17:56:02
c7e5cc66-0d25-438f-bdcb-4b1ea7e4bc4d,Vrbatqr,2024-10-21 02:41:40
1aa8fc98-7cda-49c6-bc39-a0fee9e1a6fc,Drooavuuaet,2024-10-30 06:13:12
7b96fb07-6dae-4924-9ea0-521589b1083d,Voogqjdwgkdnas,2024-10-03 02:20:42
3f4eddd0-b36d-4048-8ddb-0906efeec23b,Ynkytqzlgvc,2024-10-31 22:01:37
dd914d6f-2816-4cc8-a9d9-4a1042fd1a1b,Qhgydpad,2024-10-04 02:21:57
facd4b4b-4482-41b8-bc7f-18241315b84f,Lfwavexvc,2024-10-06 08:10:11
5819e3cc-5163-48a7-bd65-e7b9d5299195,Saxbxilmbsyn,2024-10-27 09:35:28
cba2ef00-e30c-4f81-a344-fa319a4c0e33,Cfgyq,2024-10-15 07:01:37
509a7597-d189-4507-aa9c-3510fa1ef121,Ftcecl,2024-10-23 13:04:27
1df6d074-80d7-4c58-b517-2e6c6df1387c,Xneldrtbsh,2024-10-04 16:10:00
9693c507-5684-4465-9404-e77f73268e66,Vstljoabgfkqan,2024-10-19 19:11:16
bf34ab75-f202-4db8-9a1f-ebaa43465097,Hmeakecsknjg,2024-10-28 20:20:05
01e6c7b1-cbf3-4691-ae44-0bb89aa81e78,Jcrrbswucrtofdi,2024-10-25 08:53:10
16aa84ef-c072-4307-87b7-175d5ed00d11,Hynaasryxj,2024-10-09 02:32:25
8aa62671-7b72-4945-ae67-54c9964886f6,Efupytgxivdww,2024-10-12 20:00:22
0c01243f-5507-43ae-8064-6567828c0547,Txwvcfg,2024-10-05 07:38:12
2af6e83f-2c60-46de-b163-faf5d1984524,Tddgigxcsqay,2024-10-01 15:13:26
387786ed-f4f1-4508-ab7a-c9c2425b28cb,Mdzovz,2024-10-17 23:38:08
27f1ce34-ab87-4803-ad94-974247d3b407,Efgbycgrolyegw,2024-10-02 11:26:28
d105e83a-bb0c-47d2-83d0-7d9a5a5153a1,Wopbrswxrub,2024-10-09 08:42:38
7dd592ef-d0d7-4063-aa45-e08a2718d170,Ktpybejy,2024-10-16 05:55:26
f34fb23f-1a15-4e9b-acc3-19fbf7989db9,Iahyphaxcceejd,2024-10-16 03:56:47
c23bb3db-a99a-46d5-a905-8bbc9a73979a,Hwwqnnosziy,2024-10-01 07:37:44
933cb88f-911d-4e08-8b3c-fb4b367e1265,Mkjhrlnnumbdq,2024-10-22 15:08:23
bffdca39-77bd-4a44-bc14-07296cfa35f1,Okvexounxpyj,2024-10-31 14:08:38
1804b39a-7073-4810-8bb1-1a8d4b8c5347,Gmbie,2024-10-08 14:48:01
1749cb2c-41d4-48a4-ac9b-6510e8cc7de6,Cjcluojibuxt,2024-10-22 03:33:44
792f36e3-151e-4cb2-9caf-a4abf9088f59,Pdhzgldtqpjsrgi,2024-10-11 22:51:20
69d527dd-9dd3-4be9-958a-bdf77e306413,Xjzlnohah,2024-10-29 03:39:50
03990f4e-ded6-4b48-9e46-cd52cae7babb,Stxxozrzrnosml,2024-10-08 06:35:00
0da70f86-0bf3-4cc3-a04d-3e8be5786b08,Ccjsowlyjhijtyl,2024-10-03 18:54:34
3f5c3acd-eb26-4e7c-babc-49785f9244b5,Vyfcorsckrrqv,2024-10-19 12:10:30
4c1f2dbe-f400-4825-a733-78bf33f8abcb,Zvwwqqceg,2024-10-08 14:23:14
020f74bd-13fd-400d-ac60-5b7c5a644d3d,Frsab,2024-10-07 21:37:22
32d5b5ce-80f4-48b4-9abe-50d9b2d918ab,Dbxmfwx,2024-10-06 11:16:56
3443cfaa-8237-4035-8a2f-042e09d0bd53,Gjkaq,2024-10-23 09:45:36
d2566f08-7f13-4e8d-a184-2eb5d352f5bc,Vurwx,2024-10-11 10:17:17
aaddaa08-a0a3-415b-91a5-41eb154e5579,Kuooirzwgh,2024-10-10 11:40:05
42787546-e7a9-43a3-8e20-8fbe7c0d3793,Mfqkmrnpikrlza,2024-10-09 20:02:00
15619bdd-a2df-440c-88f8-0822738701f4,Egbzscdpfqmhr,2024-10-19 13:00:46
5a91e4cd-ae5f-49ab-9f0f-8d3d8ca9b1ae,Nnoorobou,2024-10-31 06:41:14
5e02267e-3b7c-4ae4-baff-6406bd1eb7fc,Qxaeabq,2024-10-04 20:35:33
583e6199-9acd-4a5b-a82e-4ca3bc70a15b,Gfkkslstulf,2024-10-25 11:24:00
8826ef41-2ccd-4d20-811e-0eceddb637cd,Ogrzuqympzb,2024-10-19 22:32:03
8183ab69-826f-4be9-8f93-6b54c4609f6f,Oxsikpyaux,2024-10-27 12:25:12
85c7ab39-4c24-4429-851f-2539df466411,Clysp,2024-10-12 16:45:38
77919709-bcef-4021-96b9-6f35fa2040cc,Aypzseivo,2024-10-12 17:40:04
4f733bb8-7541-4a40-8b39-67c22331edb4,Mpocpjhylb,2024-10-28 03:06:14
9b524a7b-d007-453e-a19f-75c2e8b44207,Yybpgfzf,2024-10-13 18:59:51
fd02432a-747c-427b-853d-3d76493f4571,Nnptijolq,2024-10-23 08:12:30
aabfeac4-8b44-4b1f-ad38-0d804ceae669,Qcsnkrs,2024-10-07 13:59:36
457a4208-4ed8-4ef3-84ec-472a58290576,Chstm,2024-10-18 06:28:06
0a67c319-9b29-4dce-9d0d-5ac8484bf1e5,Vhlgaqbaczxihet,2024-10-01 22:20:58
79775c24-9694-4a6e-84a1-e2407c6b689c,Hdhkozxsdex,2024-10-26 05:51:17
927a77d9-7ef6-4663-b4b7-b99597f14b09,Tovxziz,2024-10-08 00:25:15
c61efeea-c915-47bb-b6da-8af400705dda,Suyembk,2024-10-31 03:16:06
773c008c-4249-4341-bead-dc7912e2c743,Nkhvsyqyff,2024-10-04 20:46:07
9a217584-3cad-474c-9921-34da3ca81452,Njmxe,2024-10-07 14:12:03
af3863f0-3b5f-4f80-906a-f5a6f1f7e980,Snknz,2024-10-08 21:38:39
a3f4799c-6706-4bd2-be0f-e2684a97d435,Tnrkl,2024-10-12 00:11:41
872b7ffa-ddf5-4c6c-bc3c-47fe6784cdde,Kglydtgdwoj,2024-10-19 12:01:01
8ba378dd-4d1e-4112-9b3c-e21ddf860e12,Kplrlqjvdgrzst,2024-10-08 21:31:04
d58f4fbf-d93b-4f5d-a861-df70c8224434,Lcytgy,2024-10-25 16:18:11
175aaf1d-db9e-4065-8fc6-2e8238724454,Hxlbwibwurdb,2024-10-02 15:17:23
458d89e3-7fdb-4a19-b880-6a9f99148c85,Lbdwfvjwlbfzsso,2024-10-22 17:26:52
292ffd06-70ee-48e1-8ec5-3abcca34b412,Hpkdikmbkorl,2024-10-07 18:41:33
e2c10269-7eb8-4646-abc0-18843e8b98e7,Dfzidvakuftyav,2024-10-11 10:28:17
ab8cc33a-63c0-441c-880a-ef173954856e,Qrmkwphdpjcuba,2024-10-24 16:36:33
81474a1b-f83d-4363-94fc-6d321646c038,Vppgnzok,2024-10-28 05:56:18
786c1b9f-6cbb-43b9-9ff5-e9ce361c9518,Tjxxkoyufhvoyd,2024-10-24 07:40:13
535aac9f-7a9b-4c9b-9ce6-f472ffb04b51,Bsopxoebvsb,2024-10-25 03:42:29
1966ac2d-64db-4366-9ead-125c7f57a48a,Xoxcfmnqhqsalm,2024-10-04 00:34:56
bf85d4d4-71ed-4a33-9c01-28b15815f010,Kwzccs,2024-10-13 19:12:58
34a3a5e7-6d2f-4384-8ac2-533397ae3ff9,Agoevdaqbf,2024-10-03 21:59:51
b097496f-a1a5-4a10-9755-0212fd010295,Okbyv,2024-10-13 06:24:12
a262f8c7-3d8f-43c2-9d57-59547530cf50,Unjxkyujtcaj,2024-10-09 12:36:00
09835add-f01b-409e-b086-8c67990dd582,Yeajjlom,2024-10-02 21:40:19
5304dcd6-0a30-4a80-8dc5-e43cd5bce9e9,Pbbmowbfv,2024-10-12 16:42:06
ecccb14d-b3bc-4c96-b604-3b734c766a0b,Efqfknst,2024-10-17 04:14:59
5c8832be-d0ad-40ac-9a47-df3e8806bf73,Pihlq,2024-10-08 04:56:57
4eb687b0-b65c-4113-a837-7c19f1f604e8,Htaxdy,2024-10-26 21:03:27
23daf76d-d44e-4e4f-82fd-7b1ca76efb1f,Tsheqybrcfw,2024-10-31 06:13:58
e04bc82a-7bdc-44c3-8a0d-c16b95410bb0,Ldqio,2024-10-14 20:09:03
0f3a5855-d784-49df-84ca-4de0348aee29,Piqmkjtlqloelv,2024-10-17 00:10:41
b4f715e4-5d19-46c1-bdd4-b0e4715352dc,Upoobvjmq,2024-10-23 23:52:56
7267279f-d897-4c03-8225-567c1018ca6e,Ymesabyhk,2024-10-10 14:17:20
06c5c009-6d22-4419-b15f-f6f96ae24db0,Zdhgjnkw,2024-10-13 03:32:54
a1996416-480c-4b69-822a-f938304d958f,Dudllwyfdnrr,2024-10-02 07:16:53
c0475da3-8033-41a1-b70e-94e0d8716de6,Eurdcgbqpjontyi,2024-10-11 21:57:13
43150803-81b8-4da2-b39b-a905b1e94e65,Scbqsq,2024-10-25 20:29:36
cdd2c463-0e51-4423-a354-d70640646828,Wvkaoz,2024-10-09 00:41:14
18793888-5fa2-4aca-899c-7ed172f6c633,Uhkxicba,2024-10-30 03:34:23
94e28d1a-5b84-40d0-9bc0-f1a3a08a64dd,Qdcacyre,2024-10-14 09:30:26
0f2887ab-2779-45c9-a0ae-bd9e6dbecf3b,Uewxjqpeqzedy,2024-10-16 11:00:52
e93be840-bb75-4f73-a258-d67739009412,Gzowwoezl,2024-10-10 21:05:34
80a79dda-91a9-4680-90e9-23ecbea25239,Hlrqfxwjzvkbsi,2024-10-29 17:46:16
e486ec74-abae-4411-b405-118a7331bd61,Ryvascaaiafcrz,2024-10-29 11:21:15
fd30b926-791a-4fc2-a21c-2d11683cea87,Jnnpsgarhfrnqx,2024-10-14 20:14:36
b7d0763a-4361-45b0-8b03-4512e00de832,Jralkgfp,2024-10-22 16:39:49
eed30c2a-3e7e-4a2e-949a-487fc1a6e704,Lbniakivkjdwcul,2024-10-17 23:18:24
29e5c582-cff7-4d5b-94e5-6daf806eec79,Udgdxucpk,2024-10-30 04:57:40
89c17109-ffb2-409f-901e-67ba2a34dad8,Knrvyxljhkad,2024-10-22 15:43:21
bbd75a77-706f-42ff-bfbf-b8fbbd097908,Bzwtskclx,2024-10-06 19:12:59
295ec664-cbf4-4fe2-b744-69ae07e54a79,Xiinp,2024-10-07 07:05:07
67a4c47f-4a7d-43ff-a139-1d9ed8b794b7,Qhwtteygk,2024-10-03 16:47:49
eb2e1b5b-4b04-4f5d-a532-8ea7da4291d5,Jaccufvabzeyry,2024-10-10 01:42:28
e5db7ec2-240d-4030-a38e-2bfec397e165,Kueoorkvznpdvyc,2024-10-20 09:57:05
08f3e541-77e8-4203-85c8-bd5230bf9900,Iyjexswcfllf,2024-10-07 00:13:05
9b5ddbce-e13a-4e7f-a90d-c6e985d2a788,Somghkrdxqrpk,2024-10-17 19:28:42
11deb4a1-1faf-4d6a-a32c-5417b41ab4f9,Uvsugthfgqg,2024-10-22 23:41:48
ded1a9cc-8953-40bb-803f-2666c00b923f,Csvhikodiplf,2024-10-22 19:58:17
9353e8c4-3e20-43ef-8c20-16311abfd631,Qkathygdsen,2024-10-11 13:28:36
efb6ca34-915c-4e3c-a4f9-b7e7446dadd6,Rcccx,2024-10-29 00:15:53
0167d5a6-7401-42d7-8f32-3d6b66308de0,Gzieaacf,2024-10-22 20:46:07
9f8fb545-c921-47ff-89da-0dba0dce18cd,Cumbcem,2024-10-15 14:14:28
3b4871c9-6e35-4786-b888-1bc1e7426af2,Oavpnisacidjet,2024-10-29 16:53:24
277d6827-69a5-45c7-941c-a03af8818368,Mrlsgukhkgpgm,2024-10-19 13:28:10
4f2074de-99ea-49f0-9c6d-3a1af9fb9257,Oukbmn,2024-10-20 16:17:33
bb550ec4-429c-4bd1-8a4c-576c510519b5,Tbqwkhdnraqd,2024-10-19 00:52:34
4721de6d-d0b0-48b3-a344-31e2e15a83ed,Nphwn,2024-10-23 08:04:06
18840e27-7d71-4b3c-9269-06c947934dfa,Biicmbypgzt,2024-10-11 20:32:22
ab7d2d4f-50c7-48f1-8611-ba41318464cc,Fwcpysjjiqws,2024-10-31 10:22:53
93235493-fc1a-4e86-a7b9-893c1a786d7a,Iaafxbtiq,2024-10-21 04:23:51
4d3dd97c-e10b-4d69-82af-6e423636d277,Zvzgkocaoumacb,2024-10-11 15:42:50
c443c3aa-5683-4985-a26f-333c373d8525,Ipycbherk,2024-10-28 06:51:05
0b547c85-f51a-439d-b88c-c5d4049f17cb,Lxpmc,2024-10-22 07:56:53
4f987477-7a27-4826-8689-784a36775363,Ugcfpiqs,2024-10-25 09:01:24
2f8916f8-16a1-4db1-951d-f094508d0291,Khubxraqkwsv,2024-10-27 13:16:09
eb34e4ec-3755-4d23-a0c8-2f824a2768d5,Acpgwctwrfact,2024-10-10 12:48:32
871e00ce-25c9-4f07-aa13-443012ebfe50,Vwlpputqoup,2024-10-28 22:00:54
36e64da6-b1f5-4d54-aaff-36dce3aa83ec,Gmchcw,2024-10-16 13:25:42
f25adac6-a869-41f0-a53e-0324c3ee6b39,Wqhnwkkeapxkt,2024-10-25 21:29:24
f1afe90f-f5f9-46cf-a2c5-b3fd75d75df4,Cavyr,2024-10-06 07:05:45
9f8e6bc8-3c32-47b3-8d0f-c9409463a3ca,Coijrtdrcvwvg,2024-10-22 08:05:01
95181143-045f-4e3d-a139-9cc644c60eee,Mhheyxttbtp,2024-10-22 18:39:22
8b0f2d6d-ed06-4e17-8228-18d79ad89d3f,Tksjozdkeyqshw,2024-10-24 13:59:00
fd24f9e8-12ca-4a67-975f-7ff8642e52c2,Gxfmdolmzjnevj,2024-10-09 17:15:02
5c070d31-bee0-4a8c-9a3d-c73cd18037dd,Yfgsyn,2024-10-20 01:17:46
76fb0686-62c8-4e48-8972-c55defad8027,Laiihbndxddynj,2024-10-04 08:53:08
7d37d17b-cc27-4269-bcf7-266af2edb507,Oqpkrdzoiwgbdx,2024-10-08 09:54:27
987757a5-74f7-4342-aef3-b866e543e4b4,Zgetrkuxikqks,2024-10-05 18:18:38
3fe99c60-0274-4034-9df8-3988d0b30e7f,Lcbvggovrzqb,2024-10-04 12:00:49
94ccb1cb-281a-47b4-b840-79b7112c5e10,Asypvhgwtageh,2024-10-13 09:02:17
195c4a35-6883-4af6-ac1f-25c0006004d1,Djfujjhfxesaapv,2024-10-06 00:29:41
c67f2f80-c003-4438-b310-7c55dcc2a15d,Ewavhqksoqgfcmi,2024-10-06 11:59:56
383eb053-2b5c-4b3a-87a3-dfc2f43c8a59,Bewwbou,2024-10-13 06:58:07
654c4719-b9bb-4152-b852-23ac75bcf204,Tvnwovzf,2024-10-15 12:29:59
67ee9b99-2cee-4f76-be29-cedb95d70282,Kaqdt,2024-10-13 08:12:47
f00736e0-c1d4-47cb-ba54-f8c2694ea2aa,Iloqdepxwto,2024-10-09 22:58:42
5f030aa5-11b4-4745-a184-57eac28fffec,Prnmycpuuo,2024-10-12 19:19:17
d5b3534d-ae11-407a-8c7e-ca291805023a,Njtcrqqibhycipa,2024-10-14 00:52:59
a97b8bf3-fb1b-4228-b96e-e9b384a277d2,Uvauueiv,2024-10-30 23:04:07
1f82b9eb-11a4-411c-9d55-7180125fda21,Nhupy,2024-10-28 23:41:32
bc49d495-e055-4a41-afce-f5ddf23db77e,Uvmczaziha,2024-10-15 20:58:30
4cf48530-8915-4f5d-a8eb-c1aac8804d38,Juzbteynnexxxrj,2024-10-05 07:45:57
f22d282a-a933-4236-b3f1-81b4564c7ca3,Ztysmars,2024-10-16 15:00:48
cb9a8b1b-6974-4fb3-8054-0bb9f83f02ab,Hoyjuvlalxo,2024-10-19 12:07:11
e79dc684-5cd2-4161-82f7-c3468275b8a9,Gsmwpykpeck,2024-10-07 16:06:26
0d5458bc-a732-4676-8174-43704049859f,Sulgueeljlbolrm,2024-10-14 20:27:18
7988d3d9-88df-425a-b7b1-a84fb53d4a34,Aqivveijf,2024-10-03 10:43:44
70d005dd-bdc2-4972-8fbb-a67e45980c7a,Jovhthrhuflwgov,2024-10-22 08:59:32
e6260a4b-542d-4183-9205-ed151c7fd5d8,Uzfsnigfuzntk,2024-10-08 15:10:24
e2d44bf1-fb49-4fc0-b83c-814d51ab3f0e,Nfccodui,2024-10-08 16:12:19
85ab6d07-61e5-49cc-a76c-99404e099fda,Ydpyl,2024-10-27 01:04:21
85e97fed-bc24-48ff-9e08-900cfab7a81d,Euznmnz,2024-10-09 03:46:38
62234303-e7e1-445e-a56a-31066c49ce43,Ckscwhiky,2024-10-22 00:25:34
a728126e-e43d-4412-944e-f221f9fa07e1,Glwpfb,2024-10-02 11:04:53
1a9a6fde-bb0c-4516-b467-be44c15fb266,Cbtvnjfb,2024-10-02 23:44:48
818a75a9-41b2-4925-865a-60f016142f1d,Kvoyt,2024-10-06 18:44:11
cafefdc4-ea9e-44d4-8f4f-807d6a8979f3,Uiipn,2024-10-18 20:19:33
b775fceb-08ed-4dab-822f-2505d0b29a19,Aclnl,2024-10-22 23:16:06
fa9407fa-4363-4e06-a540-c10905bc3a0d,Gsexqlviilmjov,2024-10-23 18:45:27
c6295e6f-ee0e-4f8f-b54d-fdeee82fd4a9,Vdiuc,2024-10-14 04:34:09
d0a94ea5-5c97-4a83-8da5-5457491b31a7,Saxqtinpg,2024-10-04 19:17:25
71ce2129-3e43-4ec3-a547-649832bcf2c9,Fmdngtxqnqptk,2024-10-22 17:38:10
889749e3-0b42-4d25-9892-6a4cab2c081d,Jpmistt,2024-10-29 03:49:49
d614651c-9116-42a1-80ed-b7eac3033039,Wxvjlch,2024-10-27 17:33:35
29fcc49e-05e1-429c-8e69-f898c1c440aa,Uryxsob,2024-10-24 00:24:59
3c9e3e1a-99da-4554-b89a-85e259924fb8,Naiviwn,2024-10-31 12:15:50
a482f40f-13b5-4979-bd28-736281292e20,Nzjkvtqguabahp,2024-10-19 20:50:17
d3db3661-6a76-4909-adfc-09c9e88647e2,Bfihezqwjckz,2024-10-15 03:45:08
9d5163be-1fbb-4024-8b8e-415f3303483f,Njakjsnfqtgatcc,2024-10-02 04:54:01
fbdc80e6-ef74-4d74-bb9d-07d66c2315fe,Zudwagc,2024-10-21 06:32:56
77846a9b-f17d-4c21-9205-57f3106e75b9,Unvebnvjikvbf,2024-10-12 13:03:44
15c12532-5a14-4e7d-b2b0-9c690ef6decf,Ccuywbiyv,2024-10-19 14:58:20
90205e33-8821-43ea-8a66-91b7822c4ab4,Rcjurkpmlyhe,2024-10-25 23:14:32
9d44147b-ce91-4a24-ad00-2848a37c17b9,Httplibepuvifg,2024-10-03 04:49:12
72261168-8f7f-4583-91b8-0ab1d4bc6faf,Kmwvpwyxz,2024-10-23 13:19:19
5e62d4c1-42ba-4a58-af63-8624eea75b83,Lnkdrikvygwq,2024-10-25 15:26:49
d2a1fb39-215b-4a18-a61e-ce86846bd8df,Dpsyslhhmx,2024-10-18 21:18:18
98f8b956-8dc2-4616-8a4a-8555e1125ca9,Ocwgtooai,2024-10-18 09:20:08
f2496742-1013-4721-93ff-1589accb908e,Ujqpwrmjqgjjj,2024-10-21 18:14:02
d4a25d43-2201-43a4-b893-c7f92cd21ee9,Zrlvzh,2024-10-07 06:41:32
d4d35146-041a-464e-90a9-542253739311,Btyqmsurbbsaebz,2024-10-17 21:27:42
aae53bf8-04d8-47f5-a9d1-ee75cdf4fb3f,Drihzgosdo,2024-10-24 07:16:04
d0ebff37-d1ad-4a8c-8674-c7ebc3810ce8,Uyqbjs,2024-10-01 07:00:13
debe7099-9349-4e92-b6ce-71d3f1f3e81c,Xurorxf,2024-10-29 14:00:10
b4502421-6773-4c4d-83e4-5c4712e2b0ac,Yidwp,2024-10-10 15:18:48
736372ac-b93e-41ca-8993-f4bc9c53d387,Xnpisgovkmfqwsu,2024-10-06 09:30:41
34d88890-a4f3-4c55-b5d4-3bb4249cfec0,Okjmcda,2024-10-04 15:05:46
8389a848-7a21-47f1-84b8-7ebf84ca71f1,Ybunxdsomeshvfk,2024-10-16 13:59:11
06f4ff73-2473-4600-ad8c-3b5f8346cfa1,Vtzsrcbdvb,2024-10-04 17:36:56
9b8f8f9b-c08f-4760-a4ce-0d770736afef,Dwxsbewfwbfv,2024-10-08 23:07:25
ce2191c6-86e4-4624-9988-e54d76b46662,Qrjvvvbp,2024-10-17 20:32:41
1c597e61-e4d2-477a-b2a8-917fb9a99a12,Ggtrox,2024-10-13 14:27:35
cdde4d38-d5b8-4391-982a-8313976dff88,Mgxtrxvwlnsokv,2024-10-31 00:37:02
d15b7c91-b0f0-4516-b496-a81ffb106fb7,Xnvmpg,2024-10-26 03:00:00
73bd1bdd-a2a2-44f4-ba91-8dbed709a37e,Ueqjsspm,2024-10-02 15:04:47
c509a4c6-e7ba-4a6d-873e-a970d7285658,Tdtgutgmyyyk,2024-10-20 02:08:33
4d4a9571-edc7-44d3-be22-f3ec7cfe6624,Bqinx,2024-10-22 02:20:29
9a255543-88ec-44b8-8969-2159b547b4c1,Eqmpqnpnebokrtt,2024-10-11 22:19:24
6e4e24be-3e5f-4630-9cdf-9925c6c083c7,Jvabehnlsvw,2024-10-15 09:47:29
1dbaaa12-e891-49a8-b912-60e24272f21b,Yrxilb,2024-10-17 02:38:34
c4e69429-536f-4353-b71e-3269f7fc9f83,Hznmtynw,2024-10-04 00:14:56
40293bfd-b95e-4688-8f8b-ac637a0f2a17,Gijeulihvbnd,2024-10-23 16:16:36
00490bd6-fd64-4084-bea0-291a52439e80,Wvnuoq,2024-10-15 19:57:30
f4c1a4e8-c521-4379-aafa-baeed3503027,Donslafcyf,2024-10-31 00:20:35
3e2fc083-2188-4e8c-9d0a-b70c81da429b,Hkapiudn,2024-10-22 19:31:30
bd7b1e2d-4204-4d36-a5fe-c7307cf28230,Yvcvglblheux,2024-10-31 19:53:17
95729c8e-7147-4a0d-9b28-3c946d84d320,Xkmqlmbdyuwuht,2024-10-26 03:25:28
7f09e0b1-155d-4a62-98b0-c5f9fc5f1b74,Prfrtvcj,2024-10-24 07:44:35
e076450c-9f09-44ea-8cbf-0d91a0335ec0,Npvuncdq,2024-10-07 01:17:15
ba95ef6e-f001-4872-8342-706f9abb7e94,Joqxvyqfxsaf,2024-10-22 00:03:37
359c41fb-c2a7-4662-aa5b-4f8d78febbeb,Dazwbxcb,2024-10-05 08:56:49
6ec522b0-8112-408a-822b-3f86350b233b,Oozmlstg,2024-10-26 06:05:03
51da4352-9224-4264-a5c5-695f2654a68d,Awrgu,2024-10-26 08:44:00
6c09f016-487f-4661-8353-10edfd069113,Nkcjtvkzfshe,2024-10-13 19:57:03
73c07723-fc83-40c8-8fad-1b142a9bf098,Jkrmtsqsdcaee,2024-10-14 02:34:06
438a8a55-c343-4d8b-bc6d-b73a9a4d821f,Bbxtmxuae,2024-10-13 10:38:47
b4034fb8-e718-4d01-9787-990a82236027,Jnfzphqnzfzewe,2024-10-08 17:32:05
a0b23a39-a24a-4209-97be-257861c217dd,Fldop,2024-10-04 01:31:14
0109f6a0-3499-4a18-83ee-508f110589f0,Skivjesyrxikg,2024-10-04 04:30:24
730a0e37-8ea1-4ad6-956a-16e2455b64e0,Dsjimtkq,2024-10-10 14:00:44
eba78ae0-665e-4250-beb0-fbe4f1c43e12,Ikeowm,2024-10-23 22:16:04
821d8ce3-739c-454a-ac01-1fbb99d23260,Escbtztc,2024-10-10 09:15:53
7520f316-1b6e-437d-8fdf-666361cede53,Qjdrbbvihzzohzw,2024-10-04 22:36:49
e581488a-8507-435a-909f-fad2081659c6,Ecczrkp,2024-10-23 15:59:49
df9e973a-4ed6-4997-b5aa-73dabf12eed0,Mwwngrqdpglc,2024-10-02 21:21:38
d535cc13-b95b-4792-823b-583dd3842903,Zsnfhugdqf,2024-10-07 09:57:08
3ab51cea-eeb6-48d3-b480-e6e031f5de4f,Tehnkpdt,2024-10-24 17:45:09
39539d1a-f5a6-4629-9571-a414dd926cdc,Egblyh,2024-10-06 06:36:58
1e940982-89b6-41ee-a47e-3f249d6d6e43,Uaqxmatnpmj,2024-10-25 10:56:02
71e08689-0060-43c6-a2ac-8430753fa891,Zmiyrihqtrssqlk,2024-10-16 20:17:49
60460fac-30f4-4270-8d83-ac48edef8571,Roxbmhtvt,2024-10-30 01:57:17
b1ac418c-9c92-4b58-b7e5-d7003b012097,Lovvtqjt,2024-10-26 07:51:53
7dc8bf2c-e5f0-4fd4-8e3c-edf94cb0e19d,Yejbc,2024-10-26 20:19:58
240439e7-32f7-4e02-8c32-9d789127a736,Irlckwjsjg,2024-10-01 04:00:14
25582603-7843-4098-ae83-09a67761a279,Gaxibtavmmnxskn,2024-10-09 00:52:42
dff9fa36-1452-4ba3-b77d-4ba8e287d4ff,Qrrotmg,2024-10-02 02:38:06
b69180c3-5905-441c-a39e-e203f31608ee,Kzkwdnz,2024-10-21 23:04:24
fb0efbfe-a0cd-48bd-90e7-c3953190266e,Ivcyzsvdc,2024-10-10 00:35:35
df610509-5883-451a-b472-37853d5e4b72,Edtshtnzef,2024-10-15 01:17:39
08a43a19-ef41-4fc6-89c4-490dac47c955,Aqrbobfqvst,2024-10-11 18:52:17
74c5a914-ebb9-4577-9174-d9c34801f7cd,Lquijzcbnqk,2024-10-17 01:26:40
e585d70b-af2a-4e3d-9f01-540f8755b115,Gwuzjzuhmvi,2024-10-24 00:10:36
c80a7cf3-d32a-4c34-8fe7-80964727803b,Iotzwz,2024-10-31 15:01:59
970e9e4c-ca43-4e14-924a-d2d1cf02c713,Vpaxi,2024-10-09 09:44:20
1a36d916-4522-4a4c-a5a9-54065df4356f,Rjxsxqbze,2024-10-24 16:23:43
70b6219a-23a3-4321-9c29-8402bfe756d9,Fiabw,2024-10-27 10:34:19
05eb5524-c95d-4570-9ec8-16ff3857e5bf,Vqkiwznsgpcv,2024-10-15 18:59:04
7f933353-2567-43f6-b89d-cc3c625ce190,Cwmhk,2024-10-06 05:56:26
1f1d924e-f5a5-46e0-b6e5-0e06512684ee,Wufrqknoqw,2024-10-09 16:16:08
1f9e41ce-1723-4481-a9e3-8e72aac6ce57,Oftlchjiskarohm,2024-10-03 08:10:32
bb596d97-582e-459a-b883-06af4a9f6c92,Efgooxacfjmo,2024-10-21 21:37:36
23dbf217-f988-41a4-96b6-c7bf7fddaa6f,Ekpxfe,2024-10-16 19:32:09
2f897a9e-5841-4cc6-b988-bccbfb3cca83,Shgnhcw,2024-10-02 04:49:00
ffa02b01-eb3d-4e8a-8bdf-ff643ff9274a,Qzdksxut,2024-10-29 21:15:29
16494ca0-e92b-4894-b8ee-5d80ad901a40,Skozdmfh,2024-10-22 17:29:45
34e289c6-02f2-457b-ba60-9adaa22ff654,Etlewf,2024-10-03 08:10:24
4810b084-33cf-498c-9e59-1e3512667006,Xxqdvw,2024-10-18 09:14:20
5351cb8e-76d5-4421-90e6-3fd15515a640,Vrhkbrjbpkji,2024-10-03 17:01:57
c20761d6-4e7a-4718-8632-ddc2a52bd134,Cljbwkfqqjujiuu,2024-10-16 04:03:35
a47cc54d-8223-4aa7-943a-d57e95ea4067,Bgqasgcmal,2024-10-27 23:03:45
40b38311-14b1-4c1a-acc0-6dd4af7486e9,Yfutslqnqmm,2024-10-18 18:28:01
fd54300a-9f03-4f1c-a5e0-9c56d79cd5c6,Cokydfesiq,2024-10-12 10:01:10
922ed383-0c1b-4f3d-b0c2-53fecb9ceb68,Mklhxnoadbmimr,2024-10-03 13:03:58
fffbb90c-0794-46ee-bddd-6158980f742f,Mcawccofyrpvkk,2024-10-14 18:05:15
834bc608-96cd-46f6-ae4a-b01641212549,Nhknhtlmvc,2024-10-17 11:22:41
7a427b29-0fc9-4aba-91f5-7f28ca62604a,Pgcmdlnqo,2024-10-20 07:41:55
6f0443ae-ab71-4f99-b1a5-9770edff5704,Lerzxpkmiilga,2024-10-18 17:58:14
0d0b7563-8586-4e1e-9d78-81290687b214,Wfbpyxksxhv,2024-10-17 09:27:55
dd386162-c245-45fa-ba15-fb911e7ef22f,Dvcjwzxbt,2024-10-02 07:27:51
6d156130-3ed6-485d-8b0b-45369970fe9e,Yoitgkjveugx,2024-10-29 12:58:08
29aa7927-68d9-4da2-a2a5-93109f418f0c,Ixiuef,2024-10-09 10:04:36
fbf9592f-c5c2-43f0-87eb-225dc1d2b0e0,Pvzvgzba,2024-10-18 21:07:45
88165ccf-a517-4a12-9054-d9b717364ee4,Rqiltfiie,2024-10-24 09:14:31
2fdb2c96-554f-4173-84b3-dbad933e3453,Xlvuaqspbee,2024-10-06 04:55:50
cddebaed-afda-4a02-a71f-b8287b116b9f,Turdrvzwsc,2024-10-04 20:06:53
a2b0f0c2-4a3f-4f1b-9193-9384b1ae0e0e,Afecsvmulbswpo,2024-10-12 01:35:33
48cdc757-4be4-4091-abd2-97ee4e6f9010,Lelcf,2024-10-09 09:26:49
1780140e-aa45-4ad6-a6c6-09297a2a67ea,Xtcleauaqceeiu,2024-10-20 06:32:51
6bf23880-c70b-46fe-bd82-f7fe9f1b6820,Vlhuowoftsqsr,2024-10-01 17:42:22
c83cbac1-9242-4b4b-a7d3-2b51b5c03714,Vrhcetwc,2024-10-23 07:47:29
c6a0a46d-d5ca-4dbe-8b04-32b72e451078,Tngetg,2024-10-05 01:13:23
a9294f53-60c9-4ddb-98a2-96dbad5c5ec9,Zycub,2024-10-29 13:24:28
cf0d2a6c-655e-4893-aece-222be7b75af0,Xbklr,2024-10-18 20:54:19
4f080d81-dcf0-49aa-88ed-c969a9c94abf,Cgqcwtkot,2024-10-25 11:56:41
b4e4c1b1-3714-43a4-bc9f-0b635ab30055,Robztvh,2024-10-19 19:25:53
fa75dff6-d099-4e7d-b367-d0f9390d2642,Hkjvlx,2024-10-05 16:42:37
2cad24d5-172c-43b0-b80e-95f4efec74f0,Vmeeoj,2024-10-07 22:57:37
ec0003be-ac43-44a3-8e4c-38d9acc0b4b4,Cwpqiga,2024-10-24 01:39:56
e68b332f-84e5-4cf9-8f87-82dd90ee5168,Uyhfw,2024-10-24 10:27:41
fb7d2ea8-4428-449f-990e-46d5c8062659,Ihtejwrqpzfap,2024-10-25 22:03:35
d399803f-534d-491f-a010-e192606f02ba,Dczapmkaxtbclv,2024-10-30 03:56:11
6c2b5b0f-c953-4d00-b806-4accbcf00273,Tvhstswpxyirj,2024-10-16 13:08:30
998d85fe-54cb-419e-96d7-154e8ded13f6,Sqtoydqdnn,2024-10-26 16:55:01
5aa7ee0e-8d3d-4cfb-b6e4-8148919675c3,Zykpddxvzolu,2024-10-04 05:14:30
f0d28f72-00fa-4b5d-9579-0eb63a479cbb,Deelc,2024-10-11 13:24:55
95308618-7159-43f4-b05d-601e7e090e6e,Oyxcjzehbnoyjph,2024-10-24 16:50:42
e8e4cb80-32b2-43c2-9279-f2a2ca0fe50c,Siihatfwqupqhe,2024-10-10 21:28:33
4db5a4f4-cf30-4d73-9d44-364cabc65cfe,Emyobdla,2024-10-23 21:11:57
2ffb008f-4c76-4b49-a707-7a7b2da4767c,Mcdscytfjatty,2024-10-31 18:05:23
fa9da0c4-663a-43ec-94ee-9423b549b55c,Zpmxnabvhxrvj,2024-10-20 23:20:16
6c33cfdb-9aba-4ceb-8c98-335e04b5a944,Zpmlmdpsevtsisl,2024-10-02 09:05:20
113e6f8c-2067-4989-b8c2-c08a98d3f436,Hrenxjtmu,2024-10-10 14:48:24
dbaa137b-02b1-4ed1-8d57-cfb0d5adcc90,Vfusiodcq,2024-10-17 15:11:07
badcba77-7bf9-434a-87ac-72eb891a6cd9,Ijlhsqhjhkwuyfc,2024-10-12 11:47:03
fbb9206e-bbfa-4744-8607-40c98eab8072,Ibktecbiahd,2024-10-14 15:23:33
aee1843f-6da4-48c6-8e69-0c1aa5aac5ce,Nytgas,2024-10-26 17:20:55
59dbffcf-6897-44db-86b6-db1912b3875d,Sylbz,2024-10-08 13:50:31
381b7481-1d28-435e-a315-a995af5f2f50,Zdieahuclm,2024-10-07 05:35:20
a49ae84c-b935-4b30-8b19-be2f67e34296,Bvtntsiwchssxy,2024-10-26 00:33:43
543cd7b0-8864-4b5c-9823-57abe311cfb1,Pfdpqlwyr,2024-10-14 19:29:11
507bb207-e043-4837-9e97-3bbd7a253619,Rcblanlzyj,2024-10-07 20:24:44
20f3e3b0-f603-4489-87ea-b41583786a2a,Jcdubt,2024-10-07 20:47:06
d0da0ba5-9964-414a-aadf-6283021411b4,Lxnqnsv,2024-10-22 15:19:19
6c1df34a-a402-4d04-98ad-7168131776a6,Wybwqnqtyfhq,2024-10-31 04:53:50
fceaf287-0044-4b59-a763-a02a363fe799,Wbajywej,2024-10-17 09:27:40
f07cf20b-343c-47dd-90c0-f6ab8daeef79,Qvuvpxgldsrn,2024-10-12 04:37:14
c9305dd2-84b8-4284-8cd1-53cf6589b924,Bokjinuup,2024-10-24 17:27:54
b2bc5c7c-7646-43d5-8de4-732a568f0f26,Ylnjpzxqejv,2024-10-05 17:16:57
6702590e-7342-46de-944d-a2512ad47ed0,Zonvhxhsbzu,2024-10-12 04:44:57
c9cb4bf8-b8ed-4356-bbc2-a29df7927369,Kaxvn,2024-10-02 18:59:55
426e55d5-db39-4148-8e6f-b43e72e22ee6,Crzxo,2024-10-11 21:49:32
1c9681dd-e3be-4192-9127-59a6eef85615,Etttbgzuikox,2024-10-21 16:22:28
ea7e05c9-2a5f-4ddf-a57d-ff1952af9ccf,Xnjmglu,2024-10-23 09:11:20
d7b5694b-a13e-4c71-85f4-e9d4be5b8955,Xrynkudqv,2024-10-06 15:40:05
f511c9b3-c83f-42fe-9c9c-c9456c1fb474,Hoytzxww,2024-10-27 21:28:29
75890911-02e9-4884-a8ac-1ce1c78ac998,Glbgaivvnal,2024-10-31 17:51:06
6602818d-368d-468a-b287-07798cd6a297,Kfqqjscf,2024-10-04 23:01:44
a2f323cf-abf1-4281-9454-ecc5bf18de88,Ixtbspgmegrqvq,2024-10-19 05:37:36
1ca6c3da-c0ab-4a08-813e-136cc925c945,Tsdwmqq,2024-10-23 11:20:33
a276f27b-c991-4989-86b2-ebe38dd74c02,Lpywczynvthpkm,2024-10-04 10:56:22
c3dd6935-1c32-4400-abdd-009c137dd974,Yclscm,2024-10-11 19:28:45
c1d88ab4-a68c-4f7a-86f3-d4607544cf6c,Vtukhzuldipcmyp,2024-10-14 13:00:13
9693abb3-5770-4a60-9d73-7442c340a75c,Yddmqwwu,2024-10-23 07:33:58
02376955-e54f-4f06-9c07-f00a53cec9be,Amrrg,2024-10-31 11:02:02
7d54fd48-dfa1-4c5f-9dd1-0b4956056aa3,Slnjxiiz,2024-10-11 09:59:47
cc3839e3-c50d-4150-96e8-7161978b66c4,Ynxgcqqladirsb,2024-10-01 20:47:26
b55ba597-eb03-43a7-ac78-b30d9e7986db,Kkwrntspuexk,2024-10-03 20:35:43
c4fb93b9-7b2f-473c-b7af-14a89c0cd3be,Vcdhdxflmqnkg,2024-10-20 18:16:02
49474d3a-a6b8-482c-82f8-8014e35f5c2d,Wavtdgmxrem,2024-10-05 03:49:49
6c8ea678-e6d3-4a61-9f2c-5edfddffcc70,Mmcczhohchmdqom,2024-10-27 11:09:39
85890495-14cd-476a-9064-40fa1b3de795,Ajyruxbehxvhro,2024-10-13 14:46:31
8ca21654-97c3-4427-87ca-4e2b4fa9f3b1,Ahassymldtnlje,2024-10-16 15:02:35
30b97659-63ca-4138-a544-f811a2b03ca9,Fzrwez,2024-10-30 12:15:14
e357f973-5dc8-40e4-bf67-3e083185f8a8,Kgwfh,2024-10-09 02:58:12
d387c228-334e-4cff-8f1e-a41aa4459538,Topxhfmtmi,2024-10-01 18:14:43
f18289b3-6b11-43ad-ba26-92cc86a02cf5,Evypvobkqinfuh,2024-10-01 04:27:03
fc85b939-03f6-4878-8354-3afe2dcc4ed1,Dqhnrismbv,2024-10-21 12:21:01
dfa949c6-9f07-4dac-9082-872074884757,Aupmlxivamnumvr,2024-10-31 00:26:00
cfb11924-5e15-43ae-801d-85a9e86f979e,Gqwiaexvike,2024-10-20 08:58:50
54ece94d-0f49-4bfa-b534-551d07772f30,Ahinkidqezkzble,2024-10-29 16:01:24
2e78cae0-5117-4ee4-93e7-2cad9600a078,Krbgvqom,2024-10-08 02:40:46
83699646-f65b-490a-82c7-a3a71990381c,Uvzfv,2024-10-18 19:35:03
508740b0-aa7b-4f9f-9782-d9a586f2f09e,Waifvlgtewmg,2024-10-17 00:41:18
6203d907-d9e1-40e9-804e-2e60857f8f6a,Gxbic,2024-10-28 07:42:33
119dfc35-e1fd-4e56-83f5-333b3e50e504,Yvatk,2024-10-24 00:00:31
a2feba48-82b8-491c-b374-6a13ff994a3c,Mchywuidynx,2024-10-28 15:55:44
454d0e34-fce8-4633-a999-1ffd74cb2e76,Kfolojhewk,2024-10-29 19:21:46
14feef65-90ef-46a9-9082-ea3e85b2a52f,Owbbmg,2024-10-15 12:06:19
ecd63754-670e-44e3-882f-cf924cf0d8ab,Wrwturiw,2024-10-05 05:52:15
db79bcaf-4561-4119-ad81-540d9bc09797,Cjqjjedabrpxo,2024-10-20 00:34:54
d4a260f1-5ab0-4a22-9213-b968a684f234,Uiifylyabapxi,2024-10-29 10:20:13
5dd48a37-d41a-4984-8e9c-9c745d92de77,Ixkuxsgznoafzvi,2024-10-11 16:10:55
c439f8d7-4a1b-4dae-bae6-6de1e606d687,Iztqgvdgirwvxlb,2024-10-31 11:17:51
b06843f1-3137-48c6-b241-d888b524eb02,Xvogw,2024-10-08 18:50:26
51c58ddb-280a-4b4a-b5c3-b7467a4f82f6,Cgecerjiosg,2024-10-18 16:35:08
3c30b08e-6c97-49a8-b5cf-21812fede7f0,Jmtqmmqxheurfzh,2024-10-03 13:33:18
c6506336-98ec-4752-aab8-5d1c85fff62d,Dyabloabaltcm,2024-10-16 09:58:58
7725067c-4c9a-43e1-90ab-6e21b35dba98,Hsmudnjgx,2024-10-19 05:12:51
92cb5a31-7ca2-4609-90d3-8199c851eb2a,Yvanhdazlrpopu,2024-10-17 00:08:00
1d25be01-6286-43f2-9cbf-1732a2dd47a0,Ljdoxhzqxlbqyxz,2024-10-16 10:17:27
e5490174-8dac-4686-8177-cf701cf84082,Sxipuswk,2024-10-06 00:09:27
07cb4e72-30fc-455e-a6e0-643c1edfae56,Gcvav,2024-10-25 07:31:11
91269d35-7bc0-4d19-960c-4279e9559a2f,Hrbugorq,2024-10-17 05:33:44
015d3359-9fb7-48c9-a7aa-ab78b8e36ad3,Cwbmxgcvpi,2024-10-21 00:24:13
cda50c82-bb3b-4878-b8ce-b2f0f7774cb3,Qaxdmwewyu,2024-10-22 09:25:47
d7da7ff9-600c-46c1-830f-c6959eed034f,Crzbalstkqosons,2024-10-29 16:20:06
158d15b4-ced7-4a7c-80ad-e26f192891bb,Rojives,2024-10-07 16:30:30
04066470-dfe9-43c8-a056-c08ff827fe2f,Ohdmmxmdxki,2024-10-01 12:51:00
fae0d6eb-2ce4-4090-9e8e-20ae125934fd,Jqiinqbardn,2024-10-17 21:17:43
72c359f2-f9ad-466a-bdb3-0649adf4ec31,Cramhycwas,2024-10-27 06:00:29
c6e88e1d-b69d-4103-a20b-06c253db143e,Gfweoudi,2024-10-28 20:49:44
948c9f63-67a0-49cd-b475-2466d5631e03,Omyppbhtieln,2024-10-28 20:54:33
16107a1a-7317-430c-a033-c31dffea64a5,Mtknojigrbr,2024-10-18 10:03:56
968bcd9f-afe9-410f-9173-fd819f3f8276,Oabqalpum,2024-10-12 21:16:26
7786f615-1e7a-460c-99db-c6c50c0f7436,Ljpirqf,2024-10-27 12:02:51
246599af-1c6c-4ca7-95d3-817f53ab4c6a,Yajiw,2024-10-14 23:51:05
959485de-4927-45c5-8b90-c1a19250de04,Xwhojsteqylqonz,2024-10-27 10:14:47
c3a97712-2f91-48d1-8066-5a6492e7efb2,Aaetqwwublmkul,2024-10-06 16:41:22
8218bbbf-ad29-4f71-87bc-4c273280b381,Ybepvwndpum,2024-10-02 01:05:17
21a3404b-0a33-4377-9e84-b82e9c836d03,Ipbpden,2024-10-02 23:25:39
a88875f8-ae96-48fd-8cf9-76eace4b84ff,Bxjmbu,2024-10-04 13:44:38
f52ea654-980a-4ea7-a93e-a5213012e179,Lzftsndaxekhxcd,2024-10-28 11:58:37
b4a0bdc6-d5fb-4cca-8df4-97e9d4df88b9,Nxcwau,2024-10-18 09:16:03
17b2be9d-c854-41ce-a2ef-06aac901f95d,Sqegtabv,2024-10-01 05:54:13
6c62b4ff-2c56-4870-8487-9968be1eccf4,Qlclt,2024-10-01 20:23:27
adaa383b-e873-40b8-8537-5206ee0dab97,Zghzvvsxkcmdw,2024-10-21 13:23:14
f0106bff-d973-442c-9c3b-3a4c95350343,Wpkplqsy,2024-10-07 11:55:28
c0830407-9be1-44d1-a594-daaff875f6ae,Atireld,2024-10-21 02:04:12
acf71514-b7fe-483d-9d85-bb79482e96a3,Yefqgxlnrxs,2024-10-24 23:25:27
341123e5-f71d-4a2f-b76b-ef0efe36928b,Etqgfcfp,2024-10-24 06:05:38
575f9969-1d5a-4ba3-b13a-a20959380e23,Qxtnqckmu,2024-10-15 02:05:05
0c8e28fd-c8c6-4dcb-b793-8743e1c02fb2,Zgukcae,2024-10-09 09:51:05
8aa1b230-e4a2-4f0d-b4bc-21a7e20fd969,Uvohfywui,2024-10-07 02:26:41
a1ec94d6-fb8b-45c2-bf89-09be70366a26,Rhmzybn,2024-10-09 17:03:44
76d0332d-e639-4034-8037-16b9cc6677da,Hjmzj,2024-10-29 18:18:05
e6b87dde-1614-4bd5-8f14-52b9c61d3150,Tzcwaqltszgm,2024-10-11 11:48:49
579fd7c5-58dd-404c-9138-c60e48594089,Tfsktehgq,2024-10-25 11:40:27
13e42b2e-bb9f-489e-90f6-68e383667814,Ryodjhly,2024-10-01 03:59:07
d2d7fad7-4e8c-41cd-b070-a48d628e2d3e,Cqvfnmvolg,2024-10-02 06:26:09
346fbef7-d42e-4c58-98b6-a0b8e40a6e62,Kuvtoxpvngtg,2024-10-13 17:17:15
894189b6-9c42-432c-a87f-7ff669f2dc05,Rvgme,2024-10-14 16:52:16
5de8128f-3649-4d39-9c87-e16b2e08b52c,Bnrheddzlfy,2024-10-02 10:03:21
586090b1-837b-4b0c-9ed9-760c0303ea8a,Dtccsqdoohllemt,2024-10-30 09:04:25
1041a969-0fc7-4ec6-9b9f-cfaa95a75025,Nhqsjaqeuay,2024-10-18 11:29:53
8f6f3651-bf7c-4652-8de1-e47496fbccaa,Sfrhhczudcrkr,2024-10-11 03:31:47
f777991a-6185-4b84-83e4-96fd28fde824,Fcocf,2024-10-17 03:13:52
88966f6b-73f5-4857-a942-9a6dc7a619f1,Orbscpi,2024-10-31 09:06:08
27492b90-eb3b-4e00-ba22-45bfc45fd550,Frpqwcgrwecb,2024-10-08 03:17:13
0ce98f80-bf42-4c8b-8e0f-9d07d16fd9a1,Agpdemzkwdrpx,2024-10-31 10:36:36
7005ad3d-3107-4f76-9119-9c0daec84445,Kzqvuroo,2024-10-26 20:46:26
5d47a408-3db9-4f28-91cd-b9e50ac2abc4,Ylttvwf,2024-10-23 13:39:21
d77bfc10-5cd3-4eec-a2f0-60812755abea,Omvoyxuiyb,2024-10-09 11:19:19
66630383-1d1b-4254-878e-521a8bb3a0df,Yrfnxg,2024-10-27 09:12:55
6ac7a8f6-9094-45bb-a248-cbf5419cf22f,Szmzylnodbe,2024-10-12 20:09:48
f9d4bacc-cc93-45ff-a588-7eb1eae8283a,Oftmi,2024-10-11 23:38:08
749bd1e8-e65a-4028-87bd-69dc3b7545bf,Firnnp,2024-10-03 07:02:40
987d8456-b36f-4123-8d99-54d7174b3843,Mfqqh,2024-10-19 07:03:03
daa7b05c-dc9f-4812-9a73-2747c6bdfde4,Dxyjyemwtg,2024-10-12 05:56:10
21fdb12d-8edc-4acb-a1a0-435f7ffd7eae,Khvyjofoo,2024-10-16 10:21:53
5b5cca65-042a-47a2-ba81-c1caa7c0e355,Vvancrna,2024-10-09 11:33:17
963467e1-8113-46ca-bd0f-b6e0c71ac613,Aeuewgtntwim,2024-10-31 10:09:57
4c7fa8ba-ec18-4714-893e-68171b407f13,Dginevybcl,2024-10-19 16:26:43
ca4b42c8-129e-4a3a-8ec7-97fca105b312,Tslzwv,2024-10-24 01:00:44
463b7337-0279-440a-bdb8-5f85199657f9,Seajfkid,2024-10-11 06:13:12
e595712a-fa02-46a0-ab78-9c3569abf5a0,Uluvcpqawugmqij,2024-10-04 02:49:18
ca141d6f-35af-4ede-9e84-604ba18fec88,Tpxmejdwwc,2024-10-26 00:42:49
57402b1f-abe4-4e72-b86c-1ba32dcdc5b7,Adnmjvfbopy,2024-10-23 18:02:44
cb093c0d-3e89-43b1-b15e-031369cdf5a3,Fqejopnw,2024-10-16 01:14:32
fa1639b2-7ffb-492f-9879-12cac0006c43,Jihfeepnwt,2024-10-23 16:21:05
987d61e9-1bf9-4340-9196-1d6a24a9a934,Gxkdkppfjbhfl,2024-10-24 19:12:20
ce58ecc0-8cff-4bd5-88db-c211d4327f39,Qpqmo,2024-10-13 06:17:10
3ee3c088-3f2e-4dea-8950-a7a8ab6a0bab,Kzmor,2024-10-24 22:40:17
2912f319-da00-49ae-ab3c-32f3eb06bb63,Krufvsrjjqpk,2024-10-05 03:24:56
257de2e1-0856-4b30-97fd-aed7f64b6be2,Vsjlush,2024-10-24 14:51:22
3e77bd13-43b4-47b2-a2be-9045f81ecdc6,Ekvpmlr,2024-10-16 20:09:06
20a0b3e5-3f31-43c4-8318-d9e1d32b9b74,Zyutvvxntjk,2024-10-13 01:07:52
3c8dd73d-293e-48ad-8433-7571a4c2417b,Dbsyx,2024-10-31 21:32:24
8bbf96b7-3119-4d1f-9ea3-f101768d3d50,Gazpbj,2024-10-04 14:35:39
a7ce25fb-4c44-4efd-a29f-21466db93bac,Fyqpwpwum,2024-10-26 22:41:18
ae0b0702-9b02-4a68-92eb-7a857490a6d7,Trprblnvsmae,2024-10-26 15:48:11
fae5f733-3918-4366-933a-884fc264974a,Odcsbi,2024-10-06 00:46:51
1e8dc9e3-470c-4d98-b307-208a68c516aa,Uuhygm,2024-10-22 19:25:07
7ab90384-f837-4625-a15e-d8defa1482f6,Dxnmbaz,2024-10-26 10:59:50
fe7f0311-2c31-457e-b4d3-bb56a126476f,Qppekuyix,2024-10-07 23:46:47
21002651-5405-47a9-868e-6fa3ae168920,Vmdftjczpim,2024-10-02 01:05:15
7f2c25f6-3b53-4480-8319-2ac814ad41ea,Vpcmnvf,2024-10-30 17:23:39
b7310093-e23e-4951-bfa8-0c1e5e21d66b,Ecgrurghsjsdm,2024-10-12 00:24:45
702c30e6-8255-4a8a-92fb-260353d063a9,Hdlevtyllpyjrsn,2024-10-13 21:36:40
72969cb7-f3ba-4d00-b60b-2d6434296319,Bcrcaqpy,2024-10-30 18:16:46
feb0fd50-2535-4a29-8a3b-af134c6d7d93,Kderjlufrice,2024-10-19 21:05:23
674cf05a-b2de-4f51-8144-b833b7a615ca,Wfwwsrb,2024-10-15 07:40:59
7468a33f-9ff4-447e-a470-43e9b824b83e,Frtmhswtlqgptrc,2024-10-25 11:44:33
b13309c6-913a-4e7a-bfbb-0c79f1906924,Nadacjrwvkiw,2024-10-01 22:44:54
810669b9-3254-44b4-a05e-75952a199fc9,Qxqaijnl,2024-10-20 08:32:35
46fccb73-4d8a-406e-9ab6-78d715e2dda1,Zosrpnrvqop,2024-10-04 13:59:49
e4b94669-0efd-4862-9bd8-1e523bfb373b,Xuyptszzrihcdu,2024-10-14 19:05:37
05f11db0-7fc3-4b02-b5ff-585bfa558cb1,Yykhgopp,2024-10-05 15:10:58
4079215b-bc33-4bac-a89d-e5fd1511d3c7,Ymgrhqk,2024-10-30 02:29:54
2571aec7-6323-4177-8016-262aee654405,Hubwttprsou,2024-10-07 01:32:07
a1149e26-1459-4fd3-8882-3c650e2570ea,Vavfcxixvkr,2024-10-31 12:28:59
ecd5f256-fc08-4026-abe9-2c3c04fdcdd4,Twnfngu,2024-10-29 08:38:08
2840eb36-3a05-4efc-9738-8cbededf06b9,Arfnsyridm,2024-10-09 00:58:31
3502f5cb-f4f0-476c-9f5d-07d36a1dfb9e,Btbqrfjnwtansdo,2024-10-07 00:21:51
73127622-566d-4ffe-bb33-8afda5293b01,Lmvyx,2024-10-03 17:39:48
6256fb70-2500-4f07-ba32-2c4517fbc57f,Lzzlytowtiw,2024-10-10 05:10:32
20b37565-1c68-48d5-961e-c7f5051e6261,Xbfgs,2024-10-05 17:49:38
223ce2e4-1b8f-407d-b530-1733d72f0cb8,Yhbruespkeg,2024-10-29 15:24:33
85532f3e-0e86-4fd8-8b67-8963426ed436,Terlhaax,2024-10-05 05:05:59
2687edfc-a7aa-44f8-9037-89c321f9344a,Gyupsqzm,2024-10-11 05:21:19
ca9e2a61-a747-4b52-9b03-36b3aca16424,Wypnrxjseh,2024-10-14 04:57:48
64575cf7-a91a-4289-af7d-b438f6297586,Wgohb,2024-10-08 03:10:09
3ed28914-b576-42b1-bb5b-09d1bc1ddfdc,Fafdexjmbnmefk,2024-10-25 01:04:25
cdb34534-d17e-4deb-afc4-edbf452bb821,Bajlqskknjowdz,2024-10-18 03:08:29
182bc941-34a6-4677-8de4-a8cddcad63c5,Rhanezs,2024-10-13 02:09:33
c2383e47-992e-438a-a87a-bbc6f1b9998c,Gvbiwic,2024-10-15 06:22:43
04c99443-e3be-4227-9506-9b8faf6793d4,Gsngtvubdnosqyy,2024-10-16 22:08:37
0dfe2150-e1fb-444b-b9a2-45c712da9d74,Fixdlwqjkuoeeen,2024-10-19 03:36:10
d8810359-ac2d-4b13-b778-6db1014ac910,Ddjligdbdjzrr,2024-10-26 04:43:28
37e4ccea-13ac-41b7-ae95-845a98bb14f6,Pgzbtrawyokfwh,2024-10-12 14:14:05
52b5c3c1-0e99-46ab-bc70-900b95529c53,Vnqomjoyoru,2024-10-14 18:14:24
5b1e2fff-6023-4f1f-b293-f469e444a9e7,Sphhslu,2024-10-08 04:46:47
8402936e-5273-440e-b601-a5f8886eaf3f,Tluucwgxeh,2024-10-01 01:10:55
3cae6751-83ab-4e91-8141-feaa69426e72,Kybgrxibw,2024-10-02 20:55:26
493a9aad-155f-47c9-aa9b-45b0686037d2,Ruahnjgdpyku,2024-10-19 14:55:39
af14a28c-5d7a-4cff-8cf9-37f0e90d72f7,Ejrow,2024-10-12 08:06:38
4568adf9-241d-461c-9eb6-968224792736,Abtkyobmqvksq,2024-10-04 20:29:35
9293b0af-d950-429b-87a4-34f3cbd81e5d,Mvfucoxwwowgl,2024-10-06 21:12:20
292fbbba-1930-459c-b577-f7b0d4bb90e6,Yhhccdenbltvpzr,2024-10-29 16:03:29
dcccd50d-85a8-408b-9a70-c38042f7d6dc,Gwkfuzgii,2024-10-13 17:47:24
d0d9d511-4a3c-4754-8526-0ecd95836e1d,Vbbmnp,2024-10-19 15:53:21
46d918fa-d1e4-4d5e-9048-dedf292d5523,Jbpurwyttb,2024-10-28 06:28:39
ca218e23-6309-46d7-b2eb-3fbf17fd5b9e,Ducxdqwlbyayk,2024-10-16 16:01:26
cbbae1c6-a818-4ea4-aefd-45e7603d9fe5,Xsbbpk,2024-10-03 08:59:55
218bf847-0f26-4128-a41a-b1662be108f4,Inhron,2024-10-22 04:31:02
bdccc638-16a1-418d-8644-46236c4b46ed,Soukqckjuicsg,2024-10-26 06:14:59
36b406fb-934e-4ac3-8ea4-3698b896e3a9,Jondfvwqn,2024-10-01 22:01:46
169d9f76-cd22-42cd-8b94-aa9f1dcac7d7,Lngdioiyhlyykkw,2024-10-29 23:43:09
860a7caa-27e4-4e8b-8a33-56f069b6b910,Leydf,2024-10-13 03:28:55
c140ca9d-6951-445a-b8db-5b64871a7c51,Fwuwkzyn,2024-10-12 01:14:23
64c7776f-3959-46f9-a9d3-b4e4d3421d35,Ucfjhd,2024-10-17 15:46:58
a4e90e8d-5d5f-4da0-b91b-355fee206953,Habutuhtf,2024-10-29 09:31:42
a45bf351-1ecd-40f1-862a-484504f7dc8d,Tudoxhevnxdhdho,2024-10-28 23:21:49
d44fd84b-8a9f-41e8-a8eb-028044d5a860,Qbemgrjuowmj,2024-10-05 11:08:20
fd694c86-b01c-442e-9ff3-13e57bbdb8e5,Puzuq,2024-10-15 03:43:52
aa888975-32c6-4a1c-b430-c675b3593881,Geaulbw,2024-10-06 02:17:33
72f28291-0fd7-44e0-85e6-4177608ad4d1,Qrgigteijgrazq,2024-10-08 10:08:11
5ff3b2ef-080c-48d4-93a7-2938e9519d38,Bcigbczjgsr,2024-10-20 01:39:55
edec5f40-d534-4d4c-a31b-3398709dfd53,Zkvbfcytspqubvu,2024-10-21 12:53:08
90194d2b-0bbd-4322-a6a5-47b2fc92c7d5,Qvqoplbedajdwzf,2024-10-27 22:25:18
f4e1787d-5e05-459c-a6cb-6e27afd9e3a9,Upldos,2024-10-06 23:21:33
f84b7d94-93ce-4fab-90a5-f3b76e17fab0,Mnfwrg,2024-10-11 21:27:51
d500771c-1bc5-4366-b0c0-96e56c034e30,Vbemcqrduomkm,2024-10-11 07:43:38
8586012c-b4aa-471f-8756-27e9764b919b,Blboteerpmzvv,2024-10-10 14:03:20
ae01e920-d6d6-4e2e-a576-f394196b40ff,Tkuamlcah,2024-10-24 15:49:09
b42d63e8-7763-4eee-b1a2-03d98ab96542,Rvafqxkgdcgif,2024-10-09 10:54:52
b46f66c4-60eb-4db0-bee7-3c26fc95c30b,Tqcpnwuz,2024-10-11 17:14:03
10ad5e3e-cf9e-495f-9a1e-193285ec9fec,Dyjylgg,2024-10-13 03:29:11
c8bab0d8-0d9f-446b-bcfc-e09597cfa479,Dtfnzzgrd,2024-10-25 15:58:39
49858eb7-bf12-4569-8b19-8c9eb1cd0df7,Wbfdazwayorwfn,2024-10-06 21:09:17
262947e3-acb8-48d6-9c99-ea9ac5550594,Loypdgrvfikd,2024-10-19 23:56:29
e51ced93-2516-4a1e-8c97-e4953a3fc35b,Jjkni,2024-10-25 18:22:45
553a7a37-54dc-4d77-87ac-f67c52f13ef2,Jmnkv,2024-10-15 07:29:57
0ac76704-a406-4ec8-92b0-feccdfa8eecc,Omadzppbzwhz,2024-10-29 04:21:29
744bdf50-93c3-4037-84b7-09c97ebbcaf6,Vazvtsx,2024-10-11 11:31:26
fc8a8ca4-35e0-46a5-9d1b-198f135e3401,Dpwtuensieg,2024-10-14 23:06:41
a88879ac-26a5-402e-9c0b-2641dffa4725,Uwcwufkart,2024-10-21 20:56:21
f955f711-d4ed-4fb5-870f-f91ca9d53047,Fztysmviydgtca,2024-10-11 10:42:30
a006ca3a-6c45-4574-b12d-2ee018159c60,Tpkonfursis,2024-10-24 10:06:20
f952fa98-ddc9-4d3b-8c89-a4981cbb3e2a,Faqbawxsdqq,2024-10-24 23:12:50
3fe1c483-55a2-4c44-a8ea-0b7f35c8237a,Hwkaayntdpfu,2024-10-27 06:05:16
f7c18d68-b6d0-427e-9efa-1079ffe87a26,Frdovvhjgumxv,2024-10-13 10:05:16
523dae8b-5d16-4e36-a869-f12d2358c740,Utkxurnq,2024-10-05 16:05:13
902b6cc5-9c7c-45a0-bb63-2a61877427d9,Lkfykal,2024-10-04 13:15:52
db90b3fe-db68-4ee7-a397-f9960e8e10f3,Ujfysvjggilg,2024-10-06 07:08:25
8fe5ad8a-2a64-42c0-8fba-3ca0b8889831,Dqguuewhf,2024-10-04 20:13:31
0e694c10-21dd-4561-9f86-206bd5436e77,Tmfortfviaf,2024-10-16 14:53:38
f4ccc41e-393c-4fd6-bb85-f77cffe003b0,Owokdn,2024-10-10 19:30:00
0dde801f-05a3-4611-8f80-fa8475db5473,Gjbjy,2024-10-06 19:34:46
1db6dbb6-e6e9-4e8e-994b-15e874982724,Plkofmctufjl,2024-10-13 12:11:33
b287bb9b-80b4-4b27-b156-6dd8c095bdb8,Lpfshuqxglkeiq,2024-10-11 05:30:45
a8467ce9-4b76-435c-812b-5b0166534ea9,Xtifwiuxry,2024-10-27 19:45:08
5fa68330-adc9-4cd1-9b0d-af6491229070,Qxkgprurxtmpny,2024-10-11 06:23:24
8f0123f0-d9ff-4bf1-9e93-606455f0e0d4,Gaddowtdl,2024-10-30 18:57:15
5327518a-0b63-4cd4-b7da-c200e8b86310,Okqysn,2024-10-18 05:27:26
a7c8210a-4582-4c0a-8e04-6a236db9c7f0,Djobi,2024-10-30 00:16:55
15cc11d1-d0b6-49a5-b195-163720ea37a0,Roykhasbhup,2024-10-25 06:48:21
f90052bf-17f3-45cb-b990-0c913672bbd5,Rykzhtmswg,2024-10-24 20:33:19
9e95bdb2-ede6-4c70-8762-c29af20faafd,Dlpbkfqkonvcxa,2024-10-02 03:58:00
494a1977-57b6-4bd2-8b35-6487cc4385e7,Libxvazxslusqsz,2024-10-14 07:49:26
1359ee82-7c14-48b0-9a74-c14550eaf7e6,Hkzxuylgdlediik,2024-10-18 02:42:37
5e3fad36-29d8-4f91-9f83-7b8305692f1f,Cahqgskzwalegqn,2024-10-10 21:35:51
6a9b57b4-0a1e-4aaa-aa5a-b1e435982f6c,Pfpvycamgueplf,2024-10-13 12:07:58
b5707c2c-f379-4f2c-ada4-1a41e6f7320e,Pzhztbknykreqt,2024-10-15 15:21:36
bd5e16a5-345c-48f3-af25-ea32cd4689d0,Fjcbou,2024-10-05 04:25:47
8821c3ca-70df-4ec6-8e88-9228c2a7c9fb,Mhoowvffakyjara,2024-10-09 07:40:53
29968505-c36d-4989-9126-9b677a12078a,Ageirkzjsn,2024-10-14 16:56:35
557ad8fb-2543-4845-b417-6ae9deff50e1,Neyyameyp,2024-10-29 22:44:05
0650d3d6-35bd-4585-9d18-f429400f0edd,Ntogggrl,2024-10-15 02:17:27
d4efca8c-4530-4175-a573-95fcc12a9272,Saiqtndpkp,2024-10-16 07:29:48
b77737b0-1d13-44f7-bb1c-e3fb9be0e062,Kvocfkggfogn,2024-10-15 02:45:28
327cd5b8-f04b-4695-9c99-6cfdfa9f959b,Oplsekj,2024-10-06 19:23:11
a9f2abcd-9734-4428-a010-a9c3a91fb291,Nrcekcbrotjzpex,2024-10-18 03:28:30
cee6b19f-4f97-4b7c-aa2d-cd5ba0760260,Zjrpzhzis,2024-10-25 07:41:01
cebd3876-e534-40ce-8b90-f1761bdfc541,Hrydxbzfjglzar,2024-10-11 14:02:24
86192830-df2c-44f0-905b-67b3105da636,Kxeqso,2024-10-19 15:49:17
6866bdb0-0560-490b-bd15-bdd0e59c8dd7,Npmtfvufwwvth,2024-10-18 19:58:28
9c725d7d-6c87-4d5e-a09e-c36a3ef82413,Tpqtqkklbf,2024-10-27 01:21:47
b09cc404-4383-4150-a127-82de138f21c3,Ezwwoy,2024-10-07 16:25:30
c55a526b-8ba3-4242-9ec6-0203df30eaff,Cpxwyibp,2024-10-14 21:48:54
781585b1-4e7a-4587-b525-6ded51ff4b1b,Ruideblmxvc,2024-10-27 21:32:45
53b4bdb9-3023-4f70-8e6c-4fecdb8c79b7,Xedldoiolenpwc,2024-10-14 16:47:33
62a023cc-98b3-42b0-8747-f240c07fea38,Azirico,2024-10-05 01:16:19
1e3497dd-ec08-4eff-9b16-14a8975cdfcb,Lgpbkdrftky,2024-10-13 03:40:53
044f21c4-e7a7-4eb2-90dc-2b37c418d595,Bvfqynwkdbrkmow,2024-10-10 07:52:47
69423e54-aa92-4ca6-93c4-69db88577f4e,Hwgyzqgrfyefobp,2024-10-10 00:45:22
6e8d7d80-b021-4018-912a-1b55ae60deb5,Theobwlzawx,2024-10-13 13:53:54
8ce93f79-19f2-4542-acf0-b8c08b09ebaa,Jnzhw,2024-10-06 19:43:06
a3f3a9f9-d16f-449a-b95a-81db6ba2957a,Qqeibmmfz,2024-10-31 18:03:28
e348eeb8-ffc4-4126-9781-83cca7f417c3,Bkkitmundhzv,2024-10-18 14:49:58
17094d26-ec31-4982-b24b-5a97fed0fa7b,Lojtbe,2024-10-15 12:38:09
54b6732b-77cd-4d08-a997-59c6eb1b71cc,Fufqtafemkvfymb,2024-10-07 14:44:24
00ca55a2-7c53-4807-9fe6-5d2b7364e68a,Eldkpkrucqm,2024-10-27 08:26:50
6fe7087b-ba64-4b8d-9265-4b73939566dd,Ekehxzbbvjxnksu,2024-10-01 15:34:37
17be5211-c046-44bc-afb8-113f916d9441,Mynysyxhughbek,2024-10-05 01:25:53
b3e373d2-beef-4926-94a5-37295a6ffb11,Phaevljukas,2024-10-01 18:38:03
321da5ed-06e9-4aa9-9e70-84a947d80cee,Qzhpifsmvymd,2024-10-15 16:23:55
ee6a23b1-8dca-44bd-93d5-bc256bc31514,Cpcdezeclacio,2024-10-27 00:41:46
629ad302-d961-4965-b058-919a5e9c3614,Peqivqzkef,2024-10-24 15:52:11
78524b83-ece6-4a7f-a7ab-269ab43d98cd,Ezcgevcyucnnx,2024-10-24 04:03:16
05182ba9-7a85-4460-bd16-608a3d5a1443,Gplvrxwa,2024-10-17 13:12:08
309850b1-2b3c-4cc8-85c2-bbdacca18035,Djfrffjasskn,2024-10-03 22:02:19
2986abbf-66ee-4efb-a3e6-829295cb562f,Jqrgxkpryzxga,2024-10-10 02:31:08
80443ac7-8233-4a67-83d9-744de1ee5325,Xeviwob,2024-10-09 22:03:37
1df1f133-7539-4451-a96f-bdebea5c1f98,Wugnhds,2024-10-28 03:14:08
e01ed496-138e-4e69-a77f-3f98038ba5f9,Xthlwxohsynn,2024-10-04 03:54:03
dd700266-05bf-463b-9ad2-161002c96071,Nffqg,2024-10-22 03:20:17
fbb500a9-6c3f-4360-81f2-b6996eba70bc,Ougikabjxpvyot,2024-10-31 07:09:55
0afa70ad-4fd7-40d2-a25b-f30580564790,Jlkfxrgyhemk,2024-10-27 17:08:03
f4c519ea-10e5-418c-b295-4fd9ea386991,Agjopj,2024-10-23 17:30:39
74c9fc49-6e0e-42c2-9111-429291cb26ec,Iajnmzrngoabvip,2024-10-25 17:18:08
fed9f43c-e8fc-44af-9e39-bfea451c337a,Scrumylbfhiyegh,2024-10-17 04:21:07
4e8e9f29-59a2-4a1b-8834-f90bc582e82a,Xoynkd,2024-10-27 20:35:14
2b5c5bb1-af23-4b30-a959-625f8a0e055d,Bgewpfajw,2024-10-30 06:52:19
4df54b94-70d0-494e-970c-f36f63decd53,Epfydclxhnwm,2024-10-10 01:16:44
16878e81-baf4-428a-8e0b-0f0dfdc5fdeb,Ockaqtyuodfvxp,2024-10-03 07:25:55
e57a0743-b051-499c-9e63-54a2124aff2e,Unixpb,2024-10-28 08:11:13
3cd1a776-2b7e-4c39-87e0-9122bae74abd,Lztnqt,2024-10-27 14:03:19
c5eff67e-0e6e-4483-9ce5-bd9ae674a798,Ipfhrpeah,2024-10-01 14:15:38
b0c14fb0-97c3-40b6-a91c-83dbaae2a3ed,Satrhdrqeie,2024-10-22 12:30:40
564540ef-87a9-4d97-b11e-f7b050a5fe6a,Sixpxbvxkd,2024-10-18 18:16:25
46248bde-a877-4d00-8bfe-55b5401e83ec,Reejggghxkzcic,2024-10-20 13:56:21
dba2d8bd-f08d-4992-ae44-1d0e5e0aace4,Supxbjrselpzt,2024-10-06 19:07:42
5f6ff7e8-deda-4fa1-93d2-772847a49932,Udrhbdwmdovar,2024-10-09 11:51:24
dbd9dcc7-d6b1-4fd8-b8de-d8db18fe3349,Abprzr,2024-10-10 01:49:56
22f9c46b-a8cf-413f-ad26-9761edb18676,Wahevypkwdbkma,2024-10-20 06:58:50
b3893c53-ae25-43c5-aef6-3a15fe025781,Muhlvwbvzth,2024-10-31 23:54:11
6f9a4252-0129-492c-957d-bd7f9d650905,Vzikuuhsezey,2024-10-13 17:49:19
e474dfe0-d09e-4c9a-b90d-bdddd9dcd21b,Udbljsjmkocls,2024-10-26 18:14:39
ff7fb5ef-ed82-4556-9e25-2db768f4fdee,Vfryhzph,2024-10-08 21:33:31
66f9298f-7873-4575-946b-9167da80f894,Zutqizosgwbsj,2024-10-25 06:18:21
c8e96873-21da-4940-bf67-d55d17fbb7f3,Coiyav,2024-10-11 09:27:04
e6375363-8b10-4136-bc97-a17eec915ff5,Jxeihs,2024-10-25 22:54:49
d26cd3c8-dc2b-404e-adfc-5044069479a5,Nzvyddkotmqplll,2024-10-28 00:54:59
6d2de733-b722-42db-88be-541a77e81fe2,Ldtlydamtjxozx,2024-10-11 10:01:57
89360afd-0d97-47bb-9e92-772764c010d7,Lhtjfoxavdj,2024-10-01 17:13:20
2660e5e5-df25-4a12-b712-7367277ff2c8,Cmpxldswodmkxv,2024-10-27 10:49:31
64783da3-92ba-42a1-8f06-bfc6191743f4,Cxdxuku,2024-10-23 01:35:33
6d93c06d-1212-4f90-9909-44552822e53c,Hjuznmayxgikkrh,2024-10-31 02:57:22
25c41fed-8735-4829-bb64-d09060f73e87,Rdqxtuwyqrfjjwu,2024-10-04 00:06:12
8dc5a3e3-bf38-4938-a6c3-8ba29973159c,Ywxjccjrglcgjfz,2024-10-28 15:32:46
f6c51926-7ba2-41f1-bc5b-5b89037a9b10,Oljurg,2024-10-18 22:12:52
5795bd43-be23-45ce-bf42-5facd16eedb4,Czzsh,2024-10-01 18:23:56
c78a5728-ccd8-4ce0-ad30-24022b7103ae,Iqvjyig,2024-10-12 13:31:26
10a96905-6eab-47e4-880b-a580a51a3392,Sgjzdkdgdr,2024-10-13 02:01:12
8fb7b0a5-4122-4175-8944-b732f8194de9,Pgxbkdnsme,2024-10-02 00:28:30
bea63979-8527-4e5f-9b37-775055e41689,Dynisd,2024-10-31 08:53:48
34176f71-75d0-422f-81ca-40d59f16c92b,Twtnemdye,2024-10-16 01:12:15
1ce0382b-50f1-4001-9e9e-994d2b91d74f,Sodqkmnzxbxp,2024-10-08 07:44:32
b9254b5b-9ae5-488c-91d3-62fb2e77fb08,Pdfiezt,2024-10-12 00:31:16
466cb436-2fc4-4fbc-a3df-6c3c5a212cbc,Hrnty,2024-10-05 03:38:55
3a0c51ae-2886-4824-beed-de9d028810f2,Hdxmsfrfm,2024-10-30 05:38:15
5bc158cc-dfa5-470f-9c16-3fbbff22625f,Wxnpz,2024-10-27 13:01:56
d44ce481-9b77-489b-9e4b-069ecefa1417,Lnemixerrfpzvap,2024-10-20 05:03:49
10bf307b-ff47-4d45-ac3e-d2d813bbcdb4,Gmbkkklhcj,2024-10-02 00:13:06
62eb9621-c6c8-4cf7-a70b-b3661ea7f274,Wmvww,2024-10-15 05:54:15
eb4cc602-df43-423a-b844-8aba75ec35ee,Ematoxdnjp,2024-10-16 17:11:38
be8b4c06-34ca-4a0e-8cea-a03af1fab53d,Lptrurcs,2024-10-01 21:34:56
ac432180-5c3f-4058-8cd1-b7976743d62b,Lfemrwvrh,2024-10-14 15:20:57
8a4416e6-0ac5-4416-823d-686eb6c7073b,Dffggvi,2024-10-11 23:54:14
abd6cd99-e8d0-4449-ba8a-6bd82ac17f52,Zmqbjg,2024-10-25 09:31:37
682c7c84-6cfa-4e49-837d-f0c64966b125,Arnfew,2024-10-25 06:15:13
d628d387-9ffe-416a-a4e3-2854f1b53e69,Ikbpmatbbauey,2024-10-23 06:05:53
dea26b16-8b00-4a53-8a0b-f35881d885a0,Vryqbjm,2024-10-15 21:01:51
c8649a87-25eb-4586-b6e0-0cbc16af3949,Buhxwhleuc,2024-10-07 11:07:31
a3901dd8-32fa-4416-aed4-bfac88b8eae8,Hjpevmgk,2024-10-13 17:46:15
48816526-6e5c-4200-98e4-e7cc7e6c8013,Mzmjdrihvuu,2024-10-13 09:42:49
baff4a3a-2b37-4eb9-8570-9123102e1215,Ujneijrmlmzpqn,2024-10-06 09:33:49
bf58326a-85be-4e0c-877b-574686061ea7,Ktdjuizmzq,2024-10-31 00:26:16
d0364687-636e-4334-8420-8dd51e3f77ad,Delqgzhmse,2024-10-15 17:55:52
00a01548-1dac-43c7-9ecb-f6c183292fb2,Ulfcwdy,2024-10-15 02:49:46
8de0ce91-dc63-49cc-8d4e-19c3a6e41225,Vjtzy,2024-10-02 07:49:26
7b32792a-d08b-4c8e-bee8-caaf413d2bd1,Mdykxbdntcyyw,2024-10-06 17:25:14
ace1c19a-7209-4a87-a705-d2d914c16832,Trqbqlzlfuxa,2024-10-29 16:34:27
66610539-f68f-4be1-bc67-d1fbfa3adf02,Dcdizjhsehghpq,2024-10-12 21:01:47
46536528-d0c6-4398-a0fe-7acdefa3aa4f,Cuoxgjwc,2024-10-04 13:52:32
f832268f-40d6-431b-8b44-03a9cce62c05,Yegzfkkyhkshup,2024-10-01 12:14:46
22e27b7b-955f-4c66-8465-34f984047a0d,Gjyninckgklatkd,2024-10-07 13:30:40
3446f264-f6f2-4983-b644-8b34df21ffcb,Ymscqlhaqlfrf,2024-10-25 11:33:20
3c63f43f-7420-44fc-aaf5-6298a6b91f05,Nzksuvwh,2024-10-12 17:01:26
fbc1cb27-3663-4147-8329-42ce7a612c56,Lqbyfb,2024-10-25 06:34:33
c2e1a92a-d154-4a4f-9d9b-e5f5f53faeed,Zoijdcagsi,2024-10-21 17:58:48
68faf0fe-1503-415c-8579-0edef373c634,Ndlfvfiygval,2024-10-20 05:41:43
5c394aca-7daf-409f-b596-7d97784b5bbb,Telsoktyu,2024-10-19 02:43:36
24e66980-2b17-4414-be68-e3acc93cbb67,Cmqqkfkww,2024-10-30 07:36:35
ee9a3d7b-ca02-4a08-9410-61215193fe34,Ffpperztjavprwo,2024-10-25 21:41:42
165aa8a6-d8dd-489a-bf6c-0124d126188b,Pvubsydbnvqwz,2024-10-05 07:26:19
cb39e8a0-1152-4e48-974d-fa222611408a,Ahaqad,2024-10-11 10:58:07
051ac7e2-d303-4323-96af-039173d44b40,Zmynldb,2024-10-09 12:15:13
37f17733-ccf0-485c-930d-0ef75f708f25,Wgbyxepog,2024-10-29 07:54:03
352195e8-7a94-4268-8658-09067bb594aa,Pspnkw,2024-10-02 04:22:30
5021254b-cdc4-41ca-9885-21145b6fab59,Lneolhuuusq,2024-10-30 22:51:13
6127f14b-9a44-428d-b2a4-b7506d4c2840,Paewxy,2024-10-14 14:09:15
496eee46-7378-4f38-9868-739bdb15601f,Wrpykhztsschxas,2024-10-29 18:28:07
38920961-eeae-46a7-aba6-4c04197f7dc3,Pfoswr,2024-10-16 15:30:45
fb8138d1-3a1e-4137-beb8-dadce834391a,Oyfmuvp,2024-10-14 04:04:12
cb12a2c9-6d05-411b-b39a-6872e9c5ba0a,Dnqxjwicrhh,2024-10-23 20:37:07
39dfbe68-61eb-4599-9fce-856d064f6955,Pssocsidm,2024-10-24 02:22:36
7f2b801c-90ac-43ae-ae76-071eb91ff70c,Lufhx,2024-10-06 19:24:43
8a8b1614-2ade-4675-8662-b84d30df4a04,Imotbtz,2024-10-24 15:58:18
fc43eef7-a23d-4854-9514-7a3270d06b80,Tvnnmejtaleqt,2024-10-06 19:51:58
d42a161f-7e2e-4fbb-9b78-4f9e1d4e4aee,Xebmryptochvyf,2024-10-01 00:47:59
f5979701-9c9c-4a91-8066-c042e6317080,Zlrbiidzkc,2024-10-16 20:34:57
3bed1e09-b188-4660-a420-7822aab5c106,Kndtsewhwfh,2024-10-28 19:27:03
88216529-a510-4031-9f0b-2262a82b17bd,Gmlzdpasryeq,2024-10-17 16:50:05
881e61c1-c3f8-4a45-9f0f-b49282004eff,Cdsusocgbsott,2024-10-29 10:39:28
5ee22db6-a143-4876-ae97-2b5d044d6eb3,Xbgmfcnojyvtblb,2024-10-28 18:40:23
8f0c659c-73f5-44c7-8da0-696b56ca59ce,Ivmofym,2024-10-10 16:15:01
a87dbd28-3404-4d69-a605-ca74fa08e712,Uuiwqwu,2024-10-31 08:35:35
d932cb3a-9ec3-4f6c-8669-109481f6af88,Cicfrebivuf,2024-10-20 05:52:43
bbbb6120-caaa-4299-820e-05191689384f,Flihh,2024-10-08 06:46:19
a57de859-fbcc-43f0-89b0-b102b625e370,Ocwbfkm,2024-10-15 07:43:49
5ea36079-d9f9-4b24-8aa9-be596442e482,Kzcuy,2024-10-10 00:11:36
ec53a5e2-469e-4364-8acb-97daeb382813,Vmwwavimg,2024-10-25 23:36:07
70700ab3-ba97-4002-9107-29c565ac627e,Hkykyvdnhezud,2024-10-24 09:12:18
712bffe4-6e74-41bf-b0a7-04af78eb4705,Czzfryecitvof,2024-10-01 22:38:48
6040c334-2fd3-4779-bed3-eabc6d4e2736,Rqnjxi,2024-10-23 16:00:28
e3f41d6b-7ca8-4bf8-9b65-97be170154b5,Ygswdv,2024-10-29 12:30:34
07bde173-11ef-4099-964a-4e0b80046db6,Rigvuhqvwbj,2024-10-11 04:08:38
34306874-60df-4810-b4e2-2ff29cf10b43,Qqxjnocrzfbdv,2024-10-20 15:07:59
53c208f8-81ee-4da9-b816-88aea2416893,Bftxfxqm,2024-10-01 06:23:56
c9d6da6b-350d-4057-b743-00887719670e,Fvnntu,2024-10-31 20:48:41
b5f665f8-23b3-4c9b-bac1-77c2abb05ad8,Humvqhvqdbo,2024-10-06 04:55:36
fbc8e83b-aacf-4d2c-a736-d0a73633e1ec,Rftkicjshcmc,2024-10-03 19:14:32
cb337226-b62a-4197-87fd-3f559ed74eae,Qznegrbggvskl,2024-10-08 19:19:26
647a9243-2dab-4da1-97aa-e5079b5b2290,Jpflf,2024-10-13 08:31:30
8d186855-4977-498a-8fc1-c6df936e6056,Qwailccpmtkjm,2024-10-01 23:02:51
12e8c6d6-1d68-48b8-86bc-5e0db2b1abca,Gtzgzxr,2024-10-29 09:06:51
44972418-9e81-44ad-b111-e8285b4c43df,Izunqvuzjngb,2024-10-10 06:28:27
44499cea-3f7a-4b2e-bd18-93d13edd02e2,Xwkqoixwo,2024-10-14 07:15:45
c6eb9a1a-cd67-4743-bcd4-ec3262190f66,Tnrhts,2024-10-28 09:28:52
11e3ef5b-21cc-4c59-afee-7bb0447e5025,Gfwtf,2024-10-01 06:29:39
8eaadc1c-c865-4bcb-8ab4-bf41d2a21e67,Ktletp,2024-10-15 09:14:17
b13966e7-358b-4538-ab43-26c5271d5189,Lfznduukzilxx,2024-10-03 01:16:32
3e450497-1d48-4e6f-a79b-dd3ab5951e17,Ayynqnylhha,2024-10-08 08:20:49
746f0dae-d3b5-40e8-9b29-94b0ed3e8b5d,Bplatn,2024-10-15 18:56:55
67d6a2b0-95c2-4fec-b830-d5b848a7d831,Rydvqursyzecb,2024-10-12 02:15:11
034883fd-a41f-4e6d-b459-7341b38dd648,Tqnlgwtaybmbwl,2024-10-26 15:53:16
c6854b18-7a86-4671-9d11-edbb6d2c3292,Lkjphc,2024-10-02 09:11:15
cf8083b8-e957-45f8-b30d-13c8d065316e,Yekyqlpct,2024-10-29 08:57:20
6da2eacb-256f-47d2-a547-20169187af95,Zehnjp,2024-10-06 02:43:54
90adc2d1-cad0-4a07-ae37-1b8e54fd03a1,Fhykusyhsl,2024-10-15 10:42:18
eb5d5faf-ca3d-49f7-a0f4-95ff8c700934,Iwgstiiyqic,2024-10-26 23:38:56
7eb31810-bd72-435a-b753-50d33c0d80c8,Hcmwxpahlvb,2024-10-22 12:30:08
813185d1-706d-4476-9a6f-9c62345aab36,Yfaxze,2024-10-18 04:59:27
fe0b7974-88b4-4b46-b220-ab2d108d7d50,Uwrbgm,2024-10-28 19:15:41
711f1f48-ad68-4743-89b0-b459950c6820,Mkcdslvfeulczfm,2024-10-16 15:52:49
cb809cfb-d434-461b-90ed-3a7f3665e318,Xucbwmz,2024-10-23 10:09:54
44840bd6-2877-49e5-8af5-26e1e86e4d04,Qfzwcy,2024-10-15 01:13:33
4ab7cf71-39bb-4f21-a8f7-6460f98b5071,Zymrgrxiwe,2024-10-04 23:55:38
8dd7ee26-8db5-44e5-89e5-0a5050a43a10,Mrzittwvkaabni,2024-10-13 01:09:21
b850f5c7-2328-4a9f-9721-848aaf5a76b5,Zllfg,2024-10-19 09:51:46
ab278011-eb71-48a7-bc16-2d01feb97963,Ubbceapzge,2024-10-17 00:06:55
8172316e-d6f0-4041-ac95-86a4a1fde787,Vajlqnjrizm,2024-10-15 13:31:28
b1ae25f8-faae-4674-8780-7f7e0073bb9a,Kuleewaettymxx,2024-10-23 01:55:49
705baeb7-6472-4ad9-a846-2ae3015452a7,Tosmxiebqug,2024-10-25 09:23:27
0d2bcd6d-e95e-4d24-bd88-275febed699a,Essadnmifjtqai,2024-10-12 21:21:22
6fc787d1-72c5-4b2e-8430-895b88535c61,Omgscbllfmvomn,2024-10-15 11:46:20
1d85cecb-e750-4997-8147-6fb06986d717,Wqlwxjeuym,2024-10-07 12:33:53
53000382-855f-485a-8b1f-b9c91031a068,Bvypkbdy,2024-10-12 23:16:37
02bce196-7d5e-482a-a3e9-7c1932f3273d,Uudssmds,2024-10-15 01:26:39
313b9ae9-70f6-4897-acf3-8c136b5d8677,Cuhbrjwifhnp,2024-10-15 01:50:31
71a2a1ba-6dc4-4dc8-80d7-38d8a62f0ff3,Imtgilchshkd,2024-10-14 07:13:23
0e79cf41-3c55-45d6-9097-a3f85cd7f482,Subafgnjn,2024-10-04 19:10:59
544271f1-c26b-4a25-9731-3a49c1274d09,Odiilds,2024-10-17 07:48:30
af7657eb-4795-4c6f-a310-e8fb2f6a8d40,Pkloieqowa,2024-10-15 18:34:30
57ea29ba-05c1-45ef-94a5-b294db7ada83,Izdzkdbaztma,2024-10-21 08:38:21
83c63ea3-a470-4d8f-b00e-fb54c1de7979,Ybrnbouifiyaovj,2024-10-30 07:10:18
98a45539-92b5-47d0-9def-d087f294f0a7,Kkfwdztkkwwl,2024-10-15 02:40:38
61dd4dde-06ff-4cee-94a3-3c0117a19f8e,Bghqkizyfusrxi,2024-10-05 16:40:39
6e7054c2-1f48-4416-9677-03ae477c53e5,Vihsiqvjlgdde,2024-10-05 17:40:55
d369b0ee-5c56-4f55-9daf-c7e9bd2773a7,Nlwom,2024-10-01 05:29:04
fb17cd70-c57a-4975-befd-d7b5e58f85fd,Mgxezalqef,2024-10-17 13:13:21
eaddaf6e-2197-4f5f-bb6d-75dfa181a6c9,Kciqkxmhtw,2024-10-28 03:54:20
5c86f383-52c0-4fe6-9b2b-def5a7f3e5b6,Fqrnnxfuwfcmk,2024-10-08 11:20:02
34201cdc-7e14-4f64-aba0-714dda4cd27f,Gtnvgdww,2024-10-14 18:18:00
bf426895-7141-4747-be90-880a0b768418,Dmosoes,2024-10-07 10:05:28
b4d0da85-a54b-4e4d-a40d-f426b425ef96,Tahrbdmuh,2024-10-08 12:21:19
13bfbafb-b8d2-4aa3-87ba-b7e8c2ef25fc,Irgmpbubb,2024-10-11 09:28:18
ce3e6ee6-c315-44fe-a884-68fc69015ae7,Jljkhs,2024-10-29 05:42:11
2c65abf7-85ac-4131-8a5c-21f166179330,Lajfqlp,2024-10-05 05:32:41
d084f886-186f-4c49-aa3f-b79cbda3dcd4,Frpgx,2024-10-15 23:08:13
b34e9480-5b6a-4334-b203-b34a16d60970,Kcevnstytfmw,2024-10-12 05:02:29
4693078f-3da3-417c-8490-ae8b85593a91,Jknlcrounittlm,2024-10-09 13:18:33
330406a4-3236-4554-87b1-aa41ae210db7,Lskksbok,2024-10-30 04:48:50
9f1ee425-0440-4f4a-a62f-f6083502eed2,Znvwr,2024-10-16 22:49:00
c40126ea-3621-4173-a654-2f636fb2dffa,Cibbdac,2024-10-04 02:52:55
c11f9316-3961-4e34-b440-bf4b535d8d0b,Imrihpbspkuu,2024-10-25 05:20:06
d62cd70d-ab14-41a4-bc7a-ffce816a9ee4,Qpgcphabdmvpun,2024-10-22 15:52:13
e8e43dee-913e-4a36-97d8-e59b43c8246e,Kxpiirdfbledj,2024-10-27 20:44:51
8711ed4d-834b-47bb-b132-a7cde5bd9237,Avjypuuhww,2024-10-23 01:57:45
6ca65b45-f0e6-41d6-83cd-3e5c51b48c9e,Zfustnma,2024-10-06 17:12:54
31ad4f3c-1ea2-49d7-83ac-d2524d07c7a5,Jmnbfrz,2024-10-25 09:35:00
dfedcb9b-cb78-4208-b000-3be250ab08c9,Olfwhrqddal,2024-10-09 21:11:21
7a44dc3b-ae7b-4574-9906-afb1de4a1b28,Jqnalmnx,2024-10-12 18:54:39
43c34022-b112-4aa9-881a-b31c20433559,Ekgyphnwfyduiom,2024-10-04 22:04:03
1fba3627-1696-4b18-a256-bf7fe3eaabdc,Lnonmk,2024-10-20 20:14:07
ed19d9af-7b45-461e-abc4-9448b77e2c61,Rnqpdouscltsymj,2024-10-06 12:19:06
8824cae8-622f-4d56-92a0-0d7bec504553,Mheovlqxxawvq,2024-10-31 17:51:42
693a9516-4421-40f4-9265-ec2da2912905,Kwzksmlcuc,2024-10-03 03:41:20
55123206-4802-4b71-83d0-21fc06fe290b,Bewenlaf,2024-10-25 13:14:50
ff204c64-2c90-45d3-8a5b-7b4588a3d97e,Mciuokdjplvda,2024-10-04 03:13:11
07f09179-4bc1-433c-808b-47b0a1f3168c,Ziyjysrkrjroarp,2024-10-18 00:54:37
d440661b-1e26-43ca-be08-0c69126d272b,Rrmgddptfogplk,2024-10-29 10:26:48
f5f376f2-35b6-4cd8-88b9-e41cb7fef288,Zozzcqljym,2024-10-30 12:17:33
9982ef1a-d79c-4a7d-b21b-056edff43228,Llmvldbvukc,2024-10-03 20:32:31
0088dec1-54da-452c-8afc-69f83e31a842,Umteac,2024-10-04 12:03:37
81451ab5-0889-45b5-bd36-f1804365bc66,Mdxpqjwtmjm,2024-10-18 19:42:00
35309cec-ec96-4ce9-bf8d-f7b2df21c8e9,Teyioctzf,2024-10-26 23:39:28
370d78b1-87a9-49e4-92ce-f77e4c490e30,Zccituvpm,2024-10-10 20:50:29
f3a3e02d-b204-4e9a-a664-5845ad49363d,Idsostckds,2024-10-09 01:46:33
f9126c1b-7303-49ab-8337-c67c716074b8,Dvbdncjpaewa,2024-10-11 00:54:12
32be66fe-8416-46bc-8754-4d5fe1a53b27,Jzcrcrvfruzyio,2024-10-14 17:38:13
febdfd91-fab5-4140-8e69-db32101252b6,Ljfdgolvs,2024-10-24 03:00:21
7a8fc1e9-1bfe-407b-84f6-67b94ea8d38f,Lghywybkrxciv,2024-10-26 18:47:11
2d85aec0-2ba7-4cf9-9aab-a020298d1146,Nfrybcpkhr,2024-10-18 01:04:26
cb373643-e47e-4b5b-8fb1-7cd2a368bb2b,Qlvqzmeujnmvnh,2024-10-31 09:43:07
53d4d9b0-088d-4749-8aae-8b4c7d7b17fc,Tpgrloguurlpmb,2024-10-18 10:31:12
ee829542-5061-4a8a-9667-84ca78ab0713,Wiazokmvvrbw,2024-10-27 19:06:30
0e3ee701-f670-4106-abc6-6995e8a152b8,Ykczyecfegfkfk,2024-10-28 17:45:31
913637a0-2dde-49fe-883a-a40e335ea8ca,Xlhufjoiiuhh,2024-10-05 22:45:24
d63f1691-0f71-437e-a8be-1c34af6a9d73,Pkorybp,2024-10-30 10:01:51
6749845a-fed9-4517-92df-f837ee375cec,Xfnbmjpyilygh,2024-10-14 19:16:48
a9dacca9-3571-46cb-96db-6a202a542075,Yskvt,2024-10-25 06:47:10
253334a3-7a6e-4f3c-858d-74cb11967555,Hixgjjl,2024-10-10 19:31:30
914b100d-1acb-49d3-ad17-005603720df5,Otctk,2024-10-26 01:21:24
a540d0d5-9ab3-4c18-877a-757d05fe03eb,Garjqnvarczqde,2024-10-12 00:00:24
a9fb8427-ec9b-4cd0-b82a-1cd53d311489,Syfziuyeilosr,2024-10-19 19:09:46
92fa00dc-103e-43af-9fd9-91c42e8272b7,Lhzjklbq,2024-10-30 00:06:39
ef751d3e-c337-4a86-92aa-468f92a538c1,Ioyxup,2024-10-04 20:02:55
84afed23-9f28-4b36-bf89-20192c072bd2,Zerrogr,2024-10-29 18:44:45
e7c8b3b5-6ee2-49d6-83e1-d18b38e60833,Gvbxdsbw,2024-10-14 23:30:10
8d8583a4-566e-47b3-8a79-de8ea6b59178,Ijgtufzg,2024-10-14 22:20:15
9fe30953-3b7f-4bab-b689-becb290c028e,Epqetvymtisd,2024-10-04 15:10:36
23bf17fb-ad86-46c5-a0c3-612a64316efc,Ffefjxjitaxixaf,2024-10-07 16:01:44
a13aa6ea-8bdd-47f5-a4c2-32776596721b,Oqfzzruejk,2024-10-06 08:26:53
19545350-006b-478a-9396-a7b465c6daac,Sqvwocaevsczw,2024-10-10 21:01:53
83d3fd31-043c-41ce-a68d-8ba2aab06188,Iixfw,2024-10-28 17:58:29
fb0d2580-8388-48c7-be14-67840ba8a164,Wqhpurtzgzvx,2024-10-03 07:32:19
6fa35d93-4d48-4b52-bbea-a4b26cc594e3,Uhjbikydfoivqr,2024-10-10 06:44:54
8a50944b-d566-480b-a6d2-a7b9c3029a87,Ckjcbpithkct,2024-10-03 23:47:41
bba2fa2d-d6d4-456a-86ef-f55e1500a98b,Oavpzbkijxnht,2024-10-27 13:48:58
0e8c4d80-98f4-4c2e-85b7-3fea75cfa317,Zmekdpxdygs,2024-10-17 16:39:34
a253ed60-4112-46df-854e-a4acbf1c41c4,Lxano,2024-10-15 07:45:47
edbce100-cdd8-4be1-a69b-3808af267cd5,Zngnupdtlpnnsi,2024-10-27 06:52:54
710ef51a-63d7-4679-a6d2-40577b4bf17f,Dcjzjyqfs,2024-10-06 19:45:41
26d7cc7c-c830-426c-93fd-a183ba0b6316,Phrrjhtqw,2024-10-31 02:53:09
4006d792-fd55-4245-8a3b-aa5bf3710ba1,Bruhnncalitx,2024-10-18 03:42:24
092abf11-6d06-4457-9691-ab47e6e14794,Zsixui,2024-10-24 20:39:08
3084549c-ee33-432f-9a5b-58ad1cf73de4,Wlowmrmdhowta,2024-10-26 22:56:45
6b038881-f11d-45a5-a02d-270e86ae91d8,Bdhyiocqclbqsq,2024-10-30 20:15:52
d249f9d5-bce8-492f-8e30-8c6b3a4b799d,Xydllknwgrfbd,2024-10-11 20:10:26
75a631b5-aea3-4dac-b95d-413a26cf4c1d,Srlxaalbljmrcqm,2024-10-04 06:37:17
d5dfc0c6-6d72-4440-af16-a724a1af3823,Fmusrnhb,2024-10-08 23:44:27
b87ae972-591f-4c92-ab79-07d3aa9f5627,Hgiltuqrpzdu,2024-10-12 19:01:55
5c4027b8-8835-47fb-8d80-7e015182eca8,Ervamrcciqxvh,2024-10-28 20:14:58
e3657967-9eee-4aa0-9688-7c1d2d6ed7eb,Bfodohx,2024-10-02 20:31:31
0e6f82df-5c76-44af-b17c-6a7ce164da69,Mduwbrexpytht,2024-10-18 01:20:22
37424832-cc9c-4d24-b07b-dcf10c712bd1,Lyutzdqgb,2024-10-12 17:06:32
3713b2db-d7ee-4bea-a097-7a40c7b4f6fe,Fsebhfehuylwtut,2024-10-01 20:32:10
aa29516b-4206-4b81-8112-88b281a5e4c9,Ehcbhyromdze,2024-10-11 17:34:15
091200db-e803-41cf-99fe-2efc035645cc,Yuuweyzqgob,2024-10-05 16:34:39
dc2c36fa-e607-413e-bddc-78bcc5495c9f,Hckwmou,2024-10-17 01:48:30
17391c5f-c931-44c4-bae9-e227532dc23a,Hmsrgymfddtkeqa,2024-10-10 20:50:36
412c5e65-cb0f-4b8a-842a-26493e93b9d0,Anxowim,2024-10-21 14:33:33
3b210b2a-c551-4545-8d87-87850c74af9d,Voavqojtdbhawgh,2024-10-22 08:20:41
26345b71-ce9a-40f4-a6fc-eb5c09d7f74b,Quydqdhbnyyuxh,2024-10-14 15:35:29
aa9290ad-f5d6-4c19-befa-213527f46f9c,Bkzzbrndozk,2024-10-10 17:40:39
ec73eea9-3be2-4a76-b8f3-b483e6498a39,Oxcsaebfm,2024-10-11 23:09:38
ec11c5cc-0c17-4690-8496-4444ea34b4a5,Fyksjizexe,2024-10-28 15:52:22
4f258aef-e7b7-4fca-b39a-62ed1f7a65d1,Hvskhgudnvbbpyj,2024-10-25 21:56:43
a46583cb-36f0-4b87-ab79-9457d6984891,Mihqgp,2024-10-17 14:33:47
5a84c41d-f145-4eb6-82c5-43050de44291,Mierqce,2024-10-05 16:33:52
fd888e81-bb10-48b0-b8d3-7f4926c4a77c,Cdaupktdqbxs,2024-10-27 04:26:48
b69eb163-7315-4977-84b6-18244bcc435b,Vfgiz,2024-10-05 21:58:40
f1293d17-f82c-46e7-aaa2-2d4dcd52df83,Vlnzifnqnvqcqzq,2024-10-12 17:38:49
68056fca-11b3-4874-a2d8-b5b63c02223c,Enkpdtccfccvwo,2024-10-10 06:50:35
84b07b28-97b0-4117-a21e-96c2ada3fc26,Mtkuyescb,2024-10-19 19:42:42
e519f832-c836-4b40-bafb-57710b95a26e,Srjwzfuhkomoeof,2024-10-12 01:59:53
8f22ae82-7b3f-4f0d-b11c-75f33e634d1f,Jrmfpipbxhcbox,2024-10-19 14:17:36
e41a7383-9de4-4d50-bcf0-1c5593ed61b1,Bksgjpsb,2024-10-30 06:44:04
f6f5581c-d9b2-4239-a5c6-c31ffee61635,Tohmxniquqwotbl,2024-10-18 11:09:19
0d81c73d-ba2a-49d9-8d29-e820d4537c6e,Pgblfnefqchce,2024-10-18 13:11:18
f5b26910-0cba-4f1c-bfb2-ddc28f65c0fa,Wgnwmoezyzfhl,2024-10-09 18:38:31
33be1485-711e-489b-83e9-39f1ad7f04c5,Strfvtlujcepuh,2024-10-16 19:39:31
6537a37d-f951-451c-87d1-997e0b5d59e3,Pxjkakxtnz,2024-10-12 12:48:02
7bbe2539-dbeb-4bd9-9672-d4131d7c3a33,Lqnxpsszebh,2024-10-18 21:07:48
3c206204-73f2-40ce-b969-8118c7fed0ab,Dhusvymybpb,2024-10-31 20:40:18
b5e1fd30-fe64-4bed-8f7f-a735cf8d2f46,Zsfqpqw,2024-10-08 09:25:35
64f4cb80-1479-4060-8156-ba912decda6a,Gdxnryzzmm,2024-10-02 01:24:49
999f9ba5-be36-457d-a450-3221c5cd70a4,Etjtomfuphpunlv,2024-10-27 16:40:36
5433ef13-e8ad-493e-a9ca-1329b11ce475,Exxusftsprn,2024-10-15 01:29:32
065764cb-734f-4128-ae45-21311a38f587,Ieyypnuivbdyof,2024-10-14 01:35:18
61a5c534-6bbf-4869-8776-e911780f6ed5,Amuadwa,2024-10-10 23:52:29
6b2fe191-71e1-464e-a577-c6e6643a7a91,Zhaojezbz,2024-10-10 12:42:22
4fc49c98-5ea2-4212-b474-ab787c8ba24e,Jdzbcjud,2024-10-07 09:28:12
7f302d1b-645a-470f-aebd-2a6d02699fa7,Knwyycmzqf,2024-10-03 20:27:55
d7caf6af-f534-47fb-9a01-2b492b8e82d2,Mpyosa,2024-10-18 08:53:58
918b11f3-c561-40bc-8952-a2cd116e790f,Aurlbpyhixc,2024-10-13 03:09:46
f9f68ab3-01df-4f53-a28f-7a9081f999d7,Yyrsdputybe,2024-10-05 19:26:59
ce5df9ba-3ad2-4967-b75a-8ffc0f33bd00,Rjqomowugsbx,2024-10-29 18:17:38
25810df6-f3d3-4cd1-8886-b93df1d022e7,Yrzfysxfiaugq,2024-10-30 11:35:47
55fac123-6265-4fcb-8666-eefa6ea77965,Szlsrmpk,2024-10-25 10:26:53
1e2f98db-e9a5-47af-a52f-df73e85d9388,Daasiherj,2024-10-18 19:00:10
97a7e42f-ea7f-4915-93b0-c42ff1e5e4d4,Xqmekqur,2024-10-13 20:23:17
55444019-09c0-4572-b886-1d67fab249b9,Lndimeqwi,2024-10-10 08:17:42
793c765c-39fb-49d7-9401-f7a4e2d29fca,Mfbttmsodd,2024-10-27 11:37:38
9b2a8366-ef00-4157-a499-2ab117017936,Bwblgscmooygamu,2024-10-09 02:56:01
a537f341-73bc-4b01-a4a7-8fd871adfc44,Fvpxycgytnhgwg,2024-10-11 04:44:30
49c407e2-a172-4f68-918b-aab28c034398,Jxopusg,2024-10-17 06:16:33
5453101a-7b73-4fb8-b383-6495949c0478,Mqaqoz,2024-10-25 16:07:24
bafb8e90-2eb0-4d66-894d-b7633611ff8e,Dccajsnc,2024-10-24 00:02:57
0c3cbcc2-f77d-4cc6-b73f-50da85979a4f,Rwgwjtuwk,2024-10-08 07:36:11
649cfcae-09e8-4036-bc9a-1f080c885259,Iqymzehb,2024-10-21 08:34:03
806d0f0c-9d47-4f72-b408-fb069bc32f08,Kjrwkdjdw,2024-10-10 10:46:53
3f3e9000-f86f-4acd-9854-04081b5ab2a1,Osqiyujsu,2024-10-22 01:54:14
9ec4a705-fa5c-4bcd-a794-87785c7b4423,Izsjqufbnoh,2024-10-11 01:32:18
7b3343c3-cc02-45df-9400-8cffcd6b465a,Kqkfxsxdvukheo,2024-10-24 08:47:08
fb957088-74fc-4156-8429-f5c0482944cf,Tqhloliwjz,2024-10-20 00:53:16
50d775a3-5232-430e-ba5e-cd3ced4a5ed0,Pwfjm,2024-10-11 02:02:32
caeeee2c-334b-4a61-a0a4-fc6a4d9f6527,Qmezsorgakgf,2024-10-16 21:17:59
2d4021f3-6ad8-43dd-b846-a7747e37503f,Yhyqymbnqjqwt,2024-10-03 10:18:31
1746966f-5e2a-4ba3-b2dc-680683caf1ba,Ueipoa,2024-10-24 12:39:31
11cf6b67-16d7-4d3a-bc77-2f36e0eaca24,Kfqwmuj,2024-10-07 11:53:05
38e1f4de-ec9f-4f02-8561-f9c0bf6e4b0b,Irbnycbzofzfulf,2024-10-09 16:29:49
0efa9021-0198-49c1-8349-28edf067a995,Gdzcu,2024-10-10 10:28:27
6dcf8b00-a131-4ee8-b13e-32f317711cbf,Qamxysavepcan,2024-10-07 12:18:04
e952a0d1-2fb6-4c71-90d4-3b6864150adf,Vprwuryje,2024-10-23 05:54:01
ea435766-db22-4929-b6c8-7c549fc94aed,Erqhi,2024-10-15 05:29:34
d14c1b32-f13c-49d7-86f8-70ef377593bb,Pqkuwwswqwg,2024-10-29 11:21:25
04377689-84c9-4c44-afc2-f45587646b6e,Eraimbibnmgs,2024-10-10 00:49:08
12639951-ee42-4b2c-9c76-54ca6d52bf8e,Dkjmhbdufi,2024-10-05 04:10:35
c99161f4-5388-465a-b6b4-3cf1d742074d,Bmnmdtd,2024-10-27 08:48:50
3e9c02c8-9943-4295-bd31-2229b956dd80,Jbipub,2024-10-28 13:27:04
521bfc17-fa46-49c3-93cf-dea6f315515c,Hpnydarhfqv,2024-10-19 19:55:21
9597c6f6-2145-4d81-be5c-6eac3387957c,Zufkl,2024-10-22 10:43:21
93a9e149-47de-4341-94d7-020a3bc39615,Btnimsnzwdse,2024-10-09 15:04:58
bccd2761-8131-4b8f-84af-3a53b734ecdf,Dfuug,2024-10-31 12:10:57
41a9931c-54c5-490f-b89b-cdf1eff7537c,Lxqdzxgt,2024-10-15 16:35:38
b6bd8a18-4d71-491c-8b0a-f952013e14df,Uabyib,2024-10-20 09:27:22
34acbb30-602f-4e3f-9899-0db77e1b8641,Vawqerjvpmiidww,2024-10-27 11:00:53
b1649e59-2ce1-44e5-b99e-1c47296f5a1b,Axzsqfoehvotk,2024-10-03 01:53:24
2d1e49b9-c9a9-4a46-97a5-eebe226d9661,Xpwvqtzfcnkxqd,2024-10-26 13:47:51
a8dcc095-ce33-41fb-a24e-bb35f0101c26,Rplqnbnwfymi,2024-10-22 04:07:54
3576c45a-8c9b-4429-aab2-6938b3a7a050,Whmceycomkvybta,2024-10-06 23:37:24
df35f160-de42-4a80-b879-3ce679086cbb,Xgsurmjski,2024-10-03 16:11:57
1cfab697-a7b5-4262-9eb7-7b46385802da,Aveay,2024-10-02 12:26:11
882ffba6-0d34-4c98-8a26-00ecec20cf0e,Bjycjs,2024-10-22 13:00:14
35a0cc90-93a3-4e07-9eaf-3a818512bd3a,Nqgkfaxyp,2024-10-23 06:02:23
34406f5d-cee2-40ac-abc6-602616a2196c,Nwqvyvdloietd,2024-10-24 00:03:23
670bbd10-ada5-4105-8f4b-354c0273b602,Qsjzuqdeuakr,2024-10-30 09:24:41
b0f7cde8-ab32-4730-8a7a-58a4c28b1561,Vvmfhk,2024-10-15 12:20:55
254ce17c-9cee-4e10-8e4c-461474bf9115,Rwmfupse,2024-10-24 07:38:47
0a54e021-0f62-4c93-ba68-ec819bc25b17,Hmqub,2024-10-03 03:07:15
3379b207-9063-4765-b637-a5f7617d2c34,Uiycsjtdtldj,2024-10-28 04:58:20
7e13eb8e-84c1-4327-a893-0bf2ee6c12fe,Xyishxiltcjj,2024-10-07 10:13:00
10e645ca-4884-4ef0-be60-b7c7b3834106,Sinjhtwtjcuxw,2024-10-10 08:52:35
3491e262-e651-446f-8415-706e5c441fb1,Qfjdxxsl,2024-10-11 12:27:29
fd0d1ec5-6b31-4533-b70c-1ac31423f88f,Uvwigbesjw,2024-10-30 07:26:22
014d09d2-cdaa-4384-acab-e5e0d0120732,Dmnxl,2024-10-23 03:59:12
01e3f233-3242-4907-ab54-f576fd69799e,Vpwwdce,2024-10-04 17:58:21
3954d6d1-0151-42f1-9e85-9c3d0fd8c914,Gvvli,2024-10-02 22:05:05
62c39d4c-070e-45c0-bd8f-a8b902d0d8bb,Blrnojdfmtfpo,2024-10-15 21:04:56
c46ae6de-63e9-444e-a360-2b2c213accb6,Gllceri,2024-10-06 21:20:30
2d7e248a-89ee-4506-8a42-76fe2fb53961,Wdtsqsy,2024-10-25 14:21:06
37bc2315-15f5-41ef-840d-f43650fb5384,Imwuub,2024-10-11 18:02:38
ea580de5-50d7-416a-82b1-c3d71fb423b7,Jcmuqaznus,2024-10-11 13:35:23
6b31a587-4b1a-4708-bacc-5c405c656de9,Lqhkkdi,2024-10-05 11:45:31
ee76c50e-82a5-4295-bd7f-7eb56ea648b4,Rwuknow,2024-10-21 10:04:25
4d0b1ab4-10e1-414b-b0d1-8c9ea52b5782,Iwjsmdvixb,2024-10-31 17:35:11
d94ee22e-998a-412c-a5ea-e98262052a26,Pivqwkkydpk,2024-10-14 13:20:29
e64f6f78-8e1a-4dd8-821c-f24ba8f81b84,Aryrhonmjkx,2024-10-28 01:21:37
9ce24d63-5098-48c6-b0bb-341554ee8a6e,Vuqjnrlzefmsox,2024-10-29 14:46:17
afb6eaba-e80e-46d7-ba79-85068bb6599f,Zpvlbega,2024-10-09 13:08:14
66c0fa05-5d1a-4c1c-9f7d-6e4d8df3e832,Jlckexhpbydzhwt,2024-10-17 20:40:22
4e9778aa-0e1a-40c0-9f55-3f64e960fe44,Cwpzyrokqe,2024-10-21 11:40:41
2332026b-bf44-45ff-8fb7-5513eb1d645d,Nrrygkxlkegyyd,2024-10-25 07:44:33
b1fdbc54-2527-4449-9183-e86a401165fe,Juzacmhfszji,2024-10-27 06:50:21
a0e515f6-7ddc-4a2c-8808-52ed9e9b4aed,Rsqeae,2024-10-13 10:22:09
72d1c9be-04f0-4431-b2b3-b1b649e49c13,Agpgloxvej,2024-10-07 10:34:11
13a815de-07c0-4c68-a484-feb2fd44531b,Hdglfqj,2024-10-12 15:08:38
34d0f671-843b-4472-a93b-ac269d23645d,Dspmbayiej,2024-10-29 17:23:36
b5a24cbc-bfed-4933-909f-55ff48b89564,Ealvm,2024-10-01 14:25:06
acc47878-eeb8-487d-aa0b-d9392581ce5c,Gyxpjekpmkybln,2024-10-29 20:52:23
861424cb-c8dc-46e7-b416-316987fa05fd,Gdxpwmrif,2024-10-18 09:44:13
fa34f106-6421-4d75-a8f3-b60387f7044b,Cnwers,2024-10-06 15:56:08
77e0244b-a25e-4ab6-9656-bf6071dfdaa5,Nhgyykwdioboujk,2024-10-04 21:30:03
19e2d006-7539-4d89-8ca3-35498a41ceb2,Bzwcdagtokrmhax,2024-10-03 11:08:22
ed42b83a-a1e0-49d9-99c9-b6624d7ef549,Ulhjemuv,2024-10-29 05:47:12
88d1f086-bcef-4c02-82da-c746a0b25046,Zrwkr,2024-10-19 05:56:25
da3bb359-c002-4def-9bcb-c105d8f3a505,Tbewhdlhmgyln,2024-10-29 03:30:36
e3332e14-7f79-4c65-9d05-c6f6e6edb7b5,Jbxejxgdnhnfcd,2024-10-07 20:19:26
41784802-cbda-41e8-a8ee-8d1de9480f76,Rsgegyg,2024-10-15 06:31:38
21085694-6a45-4f13-a828-ec03763a5c06,Wxljxdkws,2024-10-10 01:08:23
6c973877-5571-4ea4-8fd8-e1dae56ca1f1,Dlsrigqz,2024-10-16 23:27:30
29c871e7-844f-4c7e-a1e5-40370b9875f1,Nclaczbtucur,2024-10-04 00:24:26
691cd251-c7cf-408e-9c82-90c32cdc56aa,Qsrmhs,2024-10-22 10:37:31
c096e36c-9caf-45df-98d8-bf8687800745,Vemoeo,2024-10-22 04:53:48
71f29890-434c-4c88-9d2a-4ede51fc38a0,Cyhmbqrmtfzr,2024-10-31 23:57:55
56f621f2-b946-42df-96a7-513e43e6ec64,Ksggugeqvj,2024-10-18 16:08:34
7dec9c7d-51d0-4ed4-974f-14013abce846,Ycdymute,2024-10-31 19:30:57
f584a3e3-8679-443d-939a-c660f4cee8ba,Rdvqglh,2024-10-13 07:16:21
17434d06-bb65-4209-bd6b-b6f842da9492,Dsxzzgwvgrlu,2024-10-18 14:06:07
ef254385-e128-4751-83f4-857f6f11f6fe,Swjuetlx,2024-10-08 19:47:05
1c66694b-b1d9-4375-8872-4e2a5055b674,Macqlujnpwkad,2024-10-03 09:18:44
dbb72ba0-b4b5-47c3-b5f4-19774b665eac,Kawsklezsnq,2024-10-05 22:41:02
4b1768f9-35a5-4717-a0c4-7bbf3796a42d,Aautpb,2024-10-30 05:18:47
f4f6e454-4739-4b3e-9570-a0a8f0806cc4,Wogmkfvokzuecaz,2024-10-13 13:04:17
12369514-9c40-4f52-9c12-8649a298cc57,Wspndgyzksagffu,2024-10-19 22:46:29
3edb8dd3-ae3b-4acd-b604-442b83290f0a,Riwhnjpvka,2024-10-12 19:37:52
91e00845-b31e-4c6c-aaa9-4655e587c029,Bvqmkpy,2024-10-05 06:12:36
d3a7081f-5e95-4467-b145-f81804c58721,Hpbie,2024-10-13 01:42:15
e5c010bf-38fd-4b0d-bf4a-3d1ef9068c85,Ripqski,2024-10-06 20:00:26
30f1ed4e-2154-48c1-9d03-68ce650d9869,Qcvlusofnomu,2024-10-11 00:31:13
ef4b5503-8e7c-4beb-bb8a-d226e75132ad,Faxndggcvyzji,2024-10-24 08:11:37
d1346626-00ca-40ee-9bf8-4f43a76f88d6,Qwkbnsqtow,2024-10-21 16:19:13
9cfa2ce2-d10f-4fbb-bb50-09ad2dc48ef4,Rmvlcvnsv,2024-10-10 20:48:30
0029a516-2463-4688-bd17-deba3a826055,Vjipmgwthxsmn,2024-10-23 16:05:05
01b63a31-f55f-4647-8ecd-73e357aded9d,Kswyifiy,2024-10-24 06:35:57
ad55fd6e-b744-4f6a-8a06-c9b704252941,Owiyxfzfrnee,2024-10-31 23:14:57
58e47223-5ea2-44d5-bd28-94abc2cd7a1b,Djcydm,2024-10-05 19:34:51
0ee258b3-bf89-4974-a3a6-ee1847513538,Jirnnbakmyteg,2024-10-15 05:38:39
7ef6731c-bef6-4b21-b793-a37be9f57750,Mwimge,2024-10-02 15:28:02
1c1808ff-0fbc-4664-a835-097b4bc8095c,Nxmnnue,2024-10-19 06:26:54
23dad6de-c580-49a7-9933-1696ee320d3d,Afmyszkysdmfkmn,2024-10-07 06:07:04
ff913d6c-c60c-4d01-adf9-7ad0b2ddbfe3,Kyriyyfeyrngf,2024-10-07 12:43:18
c728df87-ce1a-46bf-a28f-cec5356784f7,Pbwpbgue,2024-10-24 00:18:26
882b86f7-9587-4731-8e4a-809ae3a0a173,Odoynbtyudmqok,2024-10-04 20:11:50
3f5eeba5-8093-46bc-afe5-6afdccd8f905,Nqgsqfer,2024-10-03 07:30:19
c97f043e-d27e-475f-b8b5-8a82b1ccea80,Nmvqjwjgp,2024-10-21 17:02:04
a8016d38-281f-4498-8fd3-33c465384f11,Ezcetpjw,2024-10-18 15:01:52
b64c534d-482e-4f36-a33e-3a064eb25d67,Iwexn,2024-10-27 12:36:55
28293320-0b7f-45e8-a040-7d9cc7b8c359,Yrczfyt,2024-10-21 03:07:28
463f8125-a3a7-4a0b-bb8d-eca571fe8d0a,Dwrxjcwtou,2024-10-23 04:22:05
59ce329c-8743-4868-8c32-d1674d1e8933,Tegcqsswcwx,2024-10-23 05:41:57
38ff7d47-ebb7-42d9-9126-3f032d70467d,Fffwxpg,2024-10-30 06:30:01
ee309737-17b1-4b94-a7ef-aa71c1b2563a,Gzxjvyikpos,2024-10-08 22:07:00
9b4bf003-5f00-441a-b187-c878dbf78525,Jgrltce,2024-10-17 18:16:50
74661430-03e3-4851-b4df-ff38c0cb6de4,Boljmabxbmshvvl,2024-10-06 02:12:44
3470fe9b-dcc4-4344-9a93-73ae276f5e06,Egile,2024-10-15 02:13:54
60e97381-784d-4aec-9470-c36332e9fda6,Thdnz,2024-10-15 21:14:34
d118f6a4-4ad3-4e46-930b-a81ed510e172,Lvprzbxjsbdq,2024-10-28 15:24:23
3f36e14e-9077-4fe2-b4c3-a49740e3b345,Eykcegyriubaydc,2024-10-14 23:17:04
ec8f54b3-3ada-4470-8b5e-7a9b32aa1ac0,Jlffsdirtxppj,2024-10-22 16:23:49
1b21df3b-646d-4bf0-8b4b-e5462df96d33,Jviaznzpsx,2024-10-14 05:43:12
5f3b985d-ea97-4ffe-a836-87a13f3aa965,Lhnyhzqv,2024-10-06 19:54:15
80486ead-2f6c-4dd1-9b46-aa2fb02dbbf3,Cbxmwiptacr,2024-10-07 06:56:48
cb34afa5-e91b-4990-9bbc-21c34bf38d80,Zaftooutjqpahp,2024-10-08 22:36:31
17779230-6ebe-4194-9f66-2e21fc15ae79,Oipfdadeg,2024-10-18 19:41:13
b2c9570b-38cb-4e53-a716-f020e21b993f,Rbblqvtbl,2024-10-22 23:20:22
61d339a3-d0ed-4339-a11f-03f876a191ff,Ogbyqcklx,2024-10-08 00:04:36
cdd20349-1deb-482c-9927-f4cacac7b178,Fofacxxhrf,2024-10-05 04:44:06
aa14da77-caad-4617-a666-38292397340a,Qhlzyayrz,2024-10-03 12:55:26
337cd274-3e77-4a3e-a7e7-be49ec76470e,Culhufixoaam,2024-10-21 14:20:02
6a3682fe-71b8-4ad7-a1be-55a50d1eca1b,Eckpihdqzey,2024-10-06 21:24:17
c3a603ac-1eb4-4b9d-9915-9396220317c5,Qfwaalg,2024-10-18 21:52:19
7a81f4f7-2c92-4de0-820e-df27d2b9eb54,Fvikt,2024-10-06 15:57:21
9a162b80-8170-4178-b0f1-1fab9900abc8,Mndbnsnipmyvirl,2024-10-27 23:45:19
ed600072-b9f1-4591-84b7-44dafcffabc8,Yywawmjeldoac,2024-10-02 21:01:55
b43105cc-e3ae-48f5-b073-b3d489e07c25,Tolndr,2024-10-31 08:04:43
ee26b72e-4594-43bc-8682-05c02a395a3c,Dokzsueivjj,2024-10-13 10:20:23
ad67a7b4-8b03-4322-879b-3d5fd084422e,Xpsixu,2024-10-24 17:00:25
20da0610-9128-4d68-9b0b-a8425a4ed9e7,Thlfnlvvt,2024-10-22 22:22:03
50c10ca1-1f0b-4208-8490-6dcaf03856a3,Xzldyroi,2024-10-27 06:36:10
d20a349d-36ae-4811-a459-7f24025804bc,Xomrpdgck,2024-10-27 16:21:21
1086b4c0-38e1-4874-aadb-d4ca4fd61f7c,Krkbvfru,2024-10-07 15:01:25
06ed3bf9-f9ef-487e-8d9f-d019e604d456,Rgbbfky,2024-10-03 20:42:06
02f0c57b-a1fe-4b57-8960-b6e46cba09d5,Pfxhesavx,2024-10-30 10:00:45
84b8dd09-beab-4723-9a80-0d2ea6780091,Sefukaoonjmmfd,2024-10-26 01:40:56
6a7a0bbb-6bec-4ab7-95b9-4bc9f05bd817,Ccxowb,2024-10-11 14:26:50
b6f02d5a-1894-42e2-9358-0f8f7d33e32b,Eepkdtogwdikq,2024-10-05 07:25:34
d2b8ac74-c7e1-4e6c-9d94-ab290102fab4,Szfynavstpjqx,2024-10-27 05:07:37
fe3f858d-c3a2-41fe-ad06-6ba832fc4abe,Cwjdmafsgnbyzg,2024-10-24 05:57:33
4e534649-6a6a-49c4-922a-9fb4433a7cad,Bsghkjpdntpas,2024-10-07 10:02:27
7c9daab3-b6f1-4f9a-a477-733e43d64e97,Artkhyinralnwnv,2024-10-28 12:34:14
0a911ea3-6ad7-46dc-80e1-e271142d5ade,Zshkzzjlifewsuo,2024-10-22 18:13:46
7731fd17-b47b-49c0-9bf3-fb11aaef0611,Vyrumoglm,2024-10-02 18:31:30
0f8dc1e2-cbe5-472a-9c75-c4f3871cb58c,Wclakajibnswh,2024-10-01 14:42:05
dbb4eca8-ef4b-4004-995d-8881c3aa8de6,Clivqadjze,2024-10-27 00:45:53
2a463ac3-a827-44ba-b8aa-18ed133ce1c6,Lcfheosfbbtaq,2024-10-05 14:17:37
28ca2f9f-1838-471a-af43-a298b36a0e4f,Hqhqrcooi,2024-10-29 17:32:51
681d9277-6528-432c-b955-f0c00e39ad9c,Lxorj,2024-10-19 07:46:50
49ca7fef-7579-4168-98e3-0bf3993af248,Fmnentn,2024-10-29 21:24:25
aeee24b3-bab4-4357-beaa-894a529c1486,Wdophq,2024-10-31 23:55:08
a02ccd36-2af1-4a0c-92c2-0a214daaaa67,Tosbmihcxj,2024-10-28 03:41:50
7a672ebc-20a2-4e1e-9eb5-c47faf829b11,Slnxbd,2024-10-10 09:13:49
09a0b495-6f40-4b57-8acd-2ceae7800bac,Dckyp,2024-10-05 00:38:42
419b93e8-0cf4-4e07-8d7e-865422f490ce,Tkfihuuntfstmu,2024-10-14 21:47:25
f0beb792-b97e-45d5-a169-018cb08c6a9a,Jwlaxsbmd,2024-10-05 01:42:11
927fa080-a926-432e-bd13-0065b1ae0586,Uqlsxboyrz,2024-10-23 07:44:50
ece1cddb-0556-4db7-8918-4aa6db07ae4e,Eiqzw,2024-10-26 17:31:36
e7889447-82de-4076-911d-98c227e6a8ea,Yofdnkpwdsoe,2024-10-24 03:49:24
21024590-b4e5-4ce4-8d98-2d9d13e9da94,Jgcbneftcrj,2024-10-18 04:56:36
d6c1e153-96bd-4469-a5da-76043ebabcb4,Cdkvdsxrm,2024-10-10 15:24:57
1010be92-2573-42d7-bf82-2ecc1ac117df,Huscgqq,2024-10-23 12:35:56
41e591cd-1d7c-405c-a09e-0cb36d305c79,Zzqdlvurm,2024-10-30 07:39:24
5d42f50f-33de-4e88-8ee8-f6c11289a078,Jntlyqiivas,2024-10-24 00:13:07
34031cf8-e33d-4fbc-bef4-6634233b5342,Wmuyqmzbdepnvze,2024-10-12 04:16:37
4c217aef-147c-432a-a2d3-5236bdc8f790,Hqeiocz,2024-10-30 13:01:48
a97cc10e-913f-4063-9329-67bc0242062c,Itcldkhqmnozkyt,2024-10-06 11:21:05
f57dcbf5-c0b2-4ad0-9d7c-c36b7f964646,Emtgslwup,2024-10-04 21:54:13
aa7858d2-78f0-400b-92f9-d932ac6a822c,Mitbhjh,2024-10-21 08:22:15
7f1f2e38-b4ea-49bf-82c2-f8c180bc955d,Xdvqs,2024-10-23 02:15:51
8b7e4d49-b47b-4bc1-a8c0-a08364a0527b,Vuuxoxcyvjni,2024-10-01 17:50:16
17015b2f-ad36-4a20-a415-fb616e1f53ef,Pqnhyrbi,2024-10-12 08:20:30
f9650551-32ba-4388-9778-4d0d2998a14c,Okwbpiu,2024-10-09 13:30:17
c270f447-0c5a-469d-bde4-9be5fe3f1178,Aqomu,2024-10-20 23:00:17
65b3c3bb-150e-4fd0-8ca0-97547ffce416,Obdqkvwttbec,2024-10-24 11:28:01
f9c1ec19-9ffc-4832-86f5-dd0b6a48c46a,Owhewurzxowf,2024-10-21 21:27:40
f52e4d6d-0733-4c5a-a37e-c6415a1250da,Mvqlhealx,2024-10-30 03:57:22
59e71a0c-1d60-4cc5-b02c-cc94d1887d72,Uhmddzh,2024-10-15 03:29:36
dba8cd6c-dfb4-4137-a902-6014a4b7bfdf,Hlrinnjtmrrzba,2024-10-11 11:58:31
fc31b5b8-10cc-4b55-94ea-82949309d3ea,Czfglx,2024-10-10 10:11:04
68c83fe8-b2df-4590-bff8-c9d8447f35b3,Melhm,2024-10-04 09:16:39
33423493-89d9-4d64-9b77-e7af6b28a7ca,Liftdbffkqvevmb,2024-10-30 13:02:34
f0bc3a8b-22d6-42f4-b81b-77f61161b620,Fmrkpphecxw,2024-10-31 13:22:53
2ecdd2bd-84ae-4b2f-ac9f-8a8d57a939d0,Waeywyyrzwl,2024-10-29 10:07:06
f0d4f479-8ca8-47aa-b899-efe9475c4ef4,Clkxpy,2024-10-19 13:59:43
87c34691-a407-493d-ba04-5c1b780075a5,Sxozkg,2024-10-28 12:19:34
f55f8e99-49b8-47a6-a6d3-8fc221250afe,Osqaq,2024-10-10 21:44:10
08829a17-98f7-43bd-920f-2b02f7079b2d,Cjegidpzc,2024-10-31 22:34:09
6e760457-d55f-4714-87e8-a10cbd2aea90,Yxcowrcsuhcsith,2024-10-31 04:42:51
2c706390-5192-400d-8c11-394c0c714dfe,Bnzgibo,2024-10-24 02:12:07
9ceb299b-7ff1-4d9e-97f0-d49322e1c106,Epssvandcklm,2024-10-31 12:13:05
ab09f96e-c5e0-4b10-aee2-2bd9dadc70b0,Rgsbcd,2024-10-24 02:57:49
bbe45643-9eb3-4c13-9881-b196a16f9a47,Cpmqatfqce,2024-10-31 17:52:59
37076a4c-7646-4ecc-aadc-cd4a2a6679fc,Oicns,2024-10-27 01:37:19
708996dd-b544-4784-9543-8fbbaa9b2dc9,Xnuatzchy,2024-10-29 16:39:13
498d3273-ee28-477b-9e3d-87e52b33d1ac,Mequqqcda,2024-10-13 10:13:14
25925e7e-4d83-4082-ae77-3f33258bf5ce,Uxlzeuuvh,2024-10-17 13:55:47
66d8b1ff-0eb9-4df4-8c0e-eba569efe01d,Bujyf,2024-10-23 16:55:24
34ee69b8-de21-4d41-8c9c-7875168ac20a,Jwjscbqbngmyj,2024-10-12 05:30:24
fb94162e-6bb7-4185-828f-b9569b4b8885,Yxkoehw,2024-10-06 21:48:59
71e94a40-0e15-4cda-bc64-61713109072c,Sptxfdwdl,2024-10-11 21:20:19
dee93056-0903-442b-9815-3f4224c6c291,Zxwsyfvcjrdcr,2024-10-07 02:27:51
87cc3fb6-3b2c-4eb8-8b3e-132307513104,Ophefrto,2024-10-22 08:45:58
76ab2469-e234-4395-acda-bb5ce5ca123b,Gkfyfxlth,2024-10-10 10:12:11
5e62c660-5e0c-49d9-8a53-354fefe1046e,Nlodfyfblm,2024-10-14 07:04:43
3780462f-4de9-4a0e-8bdb-0eb58d058043,Oizocdlmvlqi,2024-10-18 06:12:37
a0e925bb-b944-4d75-aaaa-3a83ef9f63d2,Zsbiowwhq,2024-10-27 18:05:36
92abbb36-e2d7-4629-bb98-5f5f2f2bd23d,Shodqdlotmrpgqp,2024-10-09 05:36:54
495fe4a0-06d8-48e1-a22d-a7c9bafd9449,Pgetcsxdc,2024-10-29 03:57:15
ac15fa1b-5388-4376-9637-3336b2b5586d,Kjicqseqe,2024-10-11 01:37:45
2dbbbbc5-0948-41b9-9dbc-f59b2fa2ca40,Uxubl,2024-10-03 04:32:41
cc26c030-103d-4f30-be3b-9861d152dec4,Cbvsnqxtevkberx,2024-10-17 17:47:14
b4a71635-ef8e-4160-a1fd-49bcbc69a5c6,Oziwcmebtosc,2024-10-10 05:27:19
4613b69b-ae9a-4f30-84da-5ac5662fc85f,Kkppoamxibkyxe,2024-10-29 17:14:28
ec6b6fd2-97e1-4081-ad18-7cee8c9bc825,Wrtazyazwe,2024-10-07 00:14:50
727ca434-4499-44a3-b307-5657c57afda7,Akkckibvooxaejm,2024-10-06 23:16:02
8eb37ed3-61b6-40d4-847b-3fd2fbe8faf5,Pnygwuopusefk,2024-10-27 23:03:16
5ce86278-cf4a-4489-a7df-f48e427bd0f3,Dgjfa,2024-10-07 01:42:57
c032af95-d2c2-4a3a-8d86-4089caa44d9f,Iqlnxwcr,2024-10-28 19:00:25
d20b059f-d8a9-4e66-8d19-a867907c357f,Jykfhlfihyx,2024-10-13 05:04:06
3746b4ee-634e-4c5c-8f82-fd6dff4df560,Xbdfyacgw,2024-10-17 16:10:09
412d3412-0208-4054-ab4b-e5db35c90697,Vbrnuoifs,2024-10-14 19:09:46
72cc7ad4-0698-4041-8142-dcb7bea7aeff,Rrcakzaw,2024-10-27 19:49:43
2367036f-939b-4207-b76d-60612b8b3dc5,Ezwdmhwvobu,2024-10-24 22:08:15
8e65aa01-5e9e-4af0-bedc-a55569901d74,Chuktcvyb,2024-10-25 21:28:23
469a4174-0a6e-4176-9228-67cfbffc0656,Fxzuf,2024-10-12 04:12:00
27bd66ad-9100-484c-8e03-afd89eb0db96,Jznscvxe,2024-10-09 21:35:08
21e6c090-9e2d-48a9-b377-6a104c1c6fa5,Vibnobuekqgiy,2024-10-01 16:27:24
7a43c923-9fdf-40fc-ad0f-53f7c2e5dbd9,Qxsqnheavdtzmfe,2024-10-01 01:33:19
fafd9954-9238-4aab-96f9-69119d002aee,Wfadhbqolzzwmvw,2024-10-09 17:43:18
0133670e-2ebe-4b90-938f-08c60a8d909f,Qmpaefrrkkqx,2024-10-20 08:03:19
f1c07945-f684-43b4-b36d-b56e027962f9,Typohndyrpqkkf,2024-10-10 12:44:22
6adc88a1-bd34-4f61-8b46-5bd3188da5aa,Sqryghvgce,2024-10-29 16:19:10
105e1757-1f35-4ced-9e38-c7875ed718da,Eheqgpzz,2024-10-25 22:55:13
f63f5ad7-44da-4581-8377-0561a9b04ab5,Ohdpchgbtqe,2024-10-16 08:16:16
8c327d19-adb0-4000-9bb0-6980eec18f1c,Jlxld,2024-10-24 14:35:48
2efa2379-d72e-4e6d-b057-997d29800563,Sifsxttksoq,2024-10-04 01:44:36
d72ae10b-630a-47ce-9124-c4dffefc3805,Rqhjrh,2024-10-19 09:21:33
f7492ab2-e386-4db1-9e9c-9c63528c7a46,Uzruunhwuusu,2024-10-23 08:52:15
8b567ceb-8b3e-4211-8efc-36d17db7c591,Nhxgslynmaddbnn,2024-10-10 04:20:45
110b70d5-6964-4af3-8339-ab238618dc19,Tylzawizcu,2024-10-03 10:25:26
ac23bc8f-a98c-49cb-9d51-11cd7e2369bb,Qmfiuzqsfv,2024-10-16 19:20:29
348ec0bd-0cf3-47d3-a0fa-18cb46915456,Bxvejh,2024-10-11 14:55:38
906fefd7-4890-408f-8d2a-443b9001554d,Hntwtdrskcgynzx,2024-10-31 00:24:30
4fbe7a2e-078e-4ffe-b984-b3b6e889b2a5,Ppsrjbalqhpjdv,2024-10-18 20:35:34
2b431136-fa7b-4e88-b289-442aac6940f0,Ezdylrcwjdwr,2024-10-22 17:48:25
d3b25aff-2b9c-4ed4-88c8-2e8f2ad66739,Dyyzcqoyc,2024-10-01 12:59:38
f3164068-9521-41f0-ba44-37b76da06cd7,Ummbnkom,2024-10-17 12:08:04
34006a8d-1075-456e-a965-698ba2886ba3,Gqnqlipk,2024-10-27 05:12:17
4f03091e-0fc5-4450-8cbe-ddb523477d32,Mplftggtasvy,2024-10-17 13:13:58
10254a64-7eb6-4bb8-a299-c1df8628983f,Vwydceshgbf,2024-10-28 13:45:50
f7ea9400-aa8e-43a5-808e-76d413f4af4c,Cjudefmaxwe,2024-10-02 15:43:57
13949f9c-0678-4ed9-a69b-db104ec3422b,Nuhdjdgdkqr,2024-10-31 13:00:49
9ffbc6cf-be5c-462a-889a-ec02d3da2e77,Wwqnulcjkew,2024-10-08 11:52:52
91dea715-09fc-4601-9aa5-4cb6672354a7,Vadybvp,2024-10-29 07:13:27
0689e9ff-580f-45d3-a2fd-8d73f312b6b7,Ibcyqjcuamvkj,2024-10-21 22:56:11
b7a656ca-8f88-49a2-bc41-f0789c50ba5c,Uicitqkhzfboimg,2024-10-28 07:33:22
3847c294-cfad-4abd-9ede-2040d197ecc5,Oswnnxxmaeehsj,2024-10-22 00:20:31
ebdc8091-7896-4be4-b55a-16bf831641ce,Kldbphqxxbjla,2024-10-25 19:18:05
b4f5a8d7-017d-4574-bc53-f4e1c9afe2fc,Tuerxw,2024-10-29 02:04:26
30df13b7-87d1-452f-910d-5703bd9f6384,Hztcvfh,2024-10-30 22:13:39
dff1b691-fce1-4be9-966a-6ed06a6d4f9c,Bemzigu,2024-10-16 21:58:16
2e9d7d0c-0e4f-4ec4-8b87-6966ba6eddba,Rldxopaiu,2024-10-19 07:48:47
2fac3a97-71ec-4b8c-b0f3-33510b1e3a3d,Scnitlmnpxei,2024-10-18 09:50:34
a292c45a-8b76-4046-bea1-83e7a7a834fe,Rlgczgpabhpwqp,2024-10-28 11:16:52
c83f4265-aaa5-4493-b077-d648de9d6445,Bsgfcjjnoenmi,2024-10-01 14:18:44
da5a753a-6182-4093-804d-27d5d71a062c,Hpzesldezzmf,2024-10-20 07:10:31
3f617ce8-1c90-4f4c-aa0e-b8478613773a,Vbaxjkwb,2024-10-24 08:26:04
b3dace8e-fc5d-45a6-84b9-c2c7f7e6c736,Yhscserqii,2024-10-18 18:09:11
66c6b8bd-d552-43e2-8102-bf4f8a013630,Kahfvksiq,2024-10-01 18:10:35
e2de308d-6511-4fea-98d9-e5563dfddeba,Cnxffs,2024-10-04 00:07:36
a73cb937-a6e1-4391-aaab-7f7e36fccdb9,Ipftumeszmao,2024-10-17 22:47:39
110e094b-9605-4834-ba5a-34144ad3a2ce,Xkzfay,2024-10-11 18:04:22
b26845c9-8ed9-4901-97e1-1bed5b635c54,Itkrfn,2024-10-28 21:05:26
ce08b7f9-f769-4249-b9de-9f9a3903fd30,Sqqnrpozzzojz,2024-10-16 08:36:42
466ae453-99ed-4b08-a4c9-8ee2e62c3275,Hlbvnsmdyyfrooc,2024-10-21 14:15:23
4f654fe4-b668-4d99-b235-c35c07f3f5e0,Tsnkgwgsjsb,2024-10-04 22:16:36
9645eae1-92d3-4238-9c18-bd13670ae770,Fzlgcyrha,2024-10-16 12:02:05
75c797ca-ac8b-4b39-877f-6cc33b4abb85,Sgqtkvpxktevwqn,2024-10-21 18:10:27
6c320850-f192-4b78-8127-39be9b447a53,Gkretjbohyoo,2024-10-27 04:39:24
b958e16e-5b59-4127-af9f-5e0313f9a448,Sxzor,2024-10-27 00:42:55
d5708765-67b3-4344-ac25-41466cebe3ea,Rmcrlshrvuejmpb,2024-10-06 14:05:46
115e064f-49ad-479f-86ef-09686b3f3acf,Ankhukj,2024-10-28 11:43:49
32ca3e4e-3883-46c6-b112-5470a165110d,Upqqfjmyyhbeh,2024-10-24 15:47:53
136db62e-08c3-4cbb-b04d-ca953f370d86,Laekymbev,2024-10-01 23:41:58
cd8dd0a7-edaf-4835-aed2-4f0a015c0b48,Yszuukmw,2024-10-18 20:53:24
81700adc-a9b6-4fea-8c40-af0513b5ee5e,Wddsfzqnyc,2024-10-01 12:12:02
11288a1b-f39a-456d-a4ff-4105ef272484,Tajls,2024-10-12 02:12:45
bb67fd8b-66d7-4387-b686-9b43a9928675,Llupkdtjfmbageu,2024-10-03 19:19:36
8aa93996-b5ce-4882-a538-8e5d7d3a1071,Zsjxy,2024-10-12 10:55:00
673ccc40-5aea-4639-8779-efb1a41ad9a2,Jggmongnuathhgq,2024-10-17 18:47:20
33ee06e6-7601-45ae-b1e9-7b8e5b60f825,Epgwvgu,2024-10-07 20:25:08
968c68e1-f654-4d3f-9e06-da3b2c645224,Hxcjkmesylk,2024-10-31 06:23:07
b277a53a-1ca2-4ebf-9288-b9bfa863ed70,Bowrayfjgkztlzp,2024-10-09 14:29:58
cce8babd-98d1-4dfe-b06f-da34e3660a75,Oibfpww,2024-10-13 11:01:20
71427b7c-5568-46b1-84c1-2f161e9158d1,Yfzgegkkbkkly,2024-10-07 21:17:59
f39d4ef9-ed65-478b-8045-8206ead0e765,Qgooopbsxjhgyyq,2024-10-06 07:07:43
900f1b15-a9b9-467f-ab54-cd8430675b71,Amfvdhpomiaih,2024-10-09 03:08:48
2a41fc56-7069-4a96-abf6-a6aa25a9399d,Olylconnxmdkoix,2024-10-26 09:26:36
8434856c-57bd-41e0-8cc9-eb57c7007867,Hbpouvgmbol,2024-10-10 11:37:59
df769a63-ca18-4b0b-9300-b0795d210673,Inoeb,2024-10-27 23:26:34
bdb6c0c2-a198-4e7b-ac38-766f97f101bc,Syzucphrscvszxf,2024-10-20 04:27:51
348d0743-d21d-4e5f-ae20-5a1883318c45,Ljtmtgdyfygw,2024-10-16 08:54:04
ab228c95-7a61-4d99-945e-55dc271823cd,Nuiuouk,2024-10-22 21:28:29
b5852ad1-cd3b-44da-8a6a-a9a9cadb7ab5,Igjeqdqzsuq,2024-10-22 02:19:23
b84fae1a-3086-416d-b9af-e68479f4cf7c,Subcrb,2024-10-13 09:08:05
73308bbb-7374-417f-b9af-3190609035da,Fnphkpv,2024-10-06 20:43:40
0913194c-fb02-4cff-9775-7432dba8b399,Llmzuesk,2024-10-24 04:48:41
d55ac463-6426-41e6-a2e3-4b4606300dc7,Ewqnowosxw,2024-10-22 19:54:35
c7dba620-ba1f-4b04-80f1-dae04ffcb020,Yncufsgdtsnzu,2024-10-11 08:50:53
8137c425-caaf-4e17-925a-26f8719dc5cc,Cpgme,2024-10-10 20:28:25
c907ee39-bdff-45d2-9062-2a532b7da35c,Wpzwqfehrfjshs,2024-10-19 17:20:59
9328d29d-3e45-4faf-a9a4-19d9ed57bfa3,Hvgrmzumhypilda,2024-10-29 05:05:53
e6acdeb1-d683-4bd4-a355-cd6efbcc6c5d,Yufsxa,2024-10-05 15:27:18
c1fbf011-c44b-4d2c-82af-5d7de4646159,Jmara,2024-10-21 14:02:36
8d48bcad-d21d-4730-8c1e-d1e7dd9aa8ff,Jgepqxprs,2024-10-06 16:16:39
4028749a-8567-4ae9-b83f-eff259b21922,Zaiwdfdyvb,2024-10-11 13:46:59
7cfe6231-750f-49fc-b666-dccc60f8de0d,Awhwazhwaew,2024-10-14 23:39:31
b8b171da-480c-462f-a851-7e80d5c3e3fa,Bdiacjblkg,2024-10-22 03:56:15
37d4d148-e276-43b0-95d3-f1eaafd70ca6,Brrqbaeuu,2024-10-21 18:36:46
55c0907e-48ef-4e29-9948-e3b078b52de3,Kudkevfejtddzcq,2024-10-01 11:52:39
216da2ce-327d-4486-be66-fb8e8ac33f0e,Ylaamhtmpbd,2024-10-19 10:18:10
1d9c8523-8f37-4c4f-9f93-e7e9031d7c0a,Huzyrysu,2024-10-10 22:45:33
8bb6bee7-7090-4a40-8626-e17cfc3ba58d,Npkgsdqtqzp,2024-10-28 12:56:09
cf845d0e-14c0-4dff-aafc-f0d5f5065208,Hbpzoyf,2024-10-30 23:19:50
796d125c-2205-42c6-91bf-1bf2e220780e,Dpvjduekl,2024-10-15 14:44:53
e3213622-56d5-437b-b921-fb1ea5fe69ad,Vwcakvrlujbpej,2024-10-18 19:05:32
b8d83b73-e9fe-4001-a3c4-bf791f8dd481,Mcxsqbyzubtfmi,2024-10-22 05:08:44
8ad7c3a2-c608-4cc5-8aba-29c66a8117bf,Hgrknjf,2024-10-10 20:01:26
678f9eec-8c45-4a5c-a4a1-b5355f157ddd,Xkdsqrjpgidzc,2024-10-16 09:32:01
b8ee47f8-5671-4223-b038-999d70932bd8,Hzwsacbpx,2024-10-02 16:26:39
e462591f-78f8-4edc-bcd9-547054f16fd5,Ulnqi,2024-10-20 13:48:11
28b06437-eb9c-4534-a58b-305797131968,Nffihayfwffxi,2024-10-16 03:44:36
873c4136-7c8f-4ba4-bcfc-737292b286fd,Xvyqhnno,2024-10-19 06:27:48
a4ebccc2-9b62-49c7-9454-0bbc9dc1cd3a,Svmexlkam,2024-10-14 03:46:25
09893847-8fe4-4cac-a66f-913783491c3b,Ffuqqyqejpbvm,2024-10-16 21:14:40
a73c632a-7593-4e4d-a336-a2677e141329,Ejbtba,2024-10-14 11:49:33
d5240843-d90a-478c-a39a-b7f4f931ada2,Sdwvxtgfg,2024-10-15 09:03:42
dd585961-5d05-411e-a264-ad8600baac11,Ytwcvyqyobmy,2024-10-06 19:55:23
5e436602-03ea-4300-8a35-612b14d08074,Nutswso,2024-10-26 16:01:47
313e9f9d-47cd-4644-88a8-0431bb4ba38b,Ohetqulctwcw,2024-10-09 10:58:07
743eb79c-2434-4596-bcdd-c018da9d6df9,Cghmmquapts,2024-10-13 10:45:22
f0c3f3f9-6d56-4d05-bc61-343ea55944de,Kdchlfw,2024-10-11 09:56:30
fd4834c5-e251-44d1-8c6a-64b6535bafb0,Yoscnfsuti,2024-10-14 10:43:18
1c7811a7-0d13-4a5f-b21a-7842cf3ff254,Waaytrrm,2024-10-08 06:12:26
f43bd9c5-dfdf-4b1d-a097-e4b3642d12c7,Dgyikat,2024-10-01 05:08:24
ca96e69d-d013-43fd-af23-d0894d6e4ca4,Jgtniulldoaut,2024-10-06 09:49:13
cd0437f4-4100-4165-8f46-bd9f6ccd6e80,Ydzdckjhb,2024-10-28 00:39:07
75ffa593-17f4-45b8-bf71-56eb3c45ed4d,Ynmkl,2024-10-20 13:39:06
b8eb410d-f93d-434e-81f4-f42bd7c042f2,Jlmolmlxv,2024-10-30 16:01:08
e193c1cc-28fa-4db5-943a-94a9f12f6d3e,Viuutxxczimqbo,2024-10-05 22:57:18
2ad344cb-1f86-475f-8522-7699368f8cd1,Kfiukfnw,2024-10-14 19:06:13
c60c0fee-f464-44cb-9732-baa06aadf71e,Rubkujcuv,2024-10-04 06:59:14
5955c5aa-7667-4ac6-8e5d-77bcaa7a39e4,Bevxdwnacyg,2024-10-17 12:34:34
1d0d91d1-0886-43f4-8184-a8e97fcf627c,Ykowzshsfr,2024-10-23 14:07:02
cbb1b754-1355-4a54-afc8-d7c252a7d201,Mbcdcimw,2024-10-01 18:19:55
c9cda2b4-a620-4326-9e58-ce9ce2a7cce0,Zofjpur,2024-10-17 12:16:55
2999a9a2-cfee-47ee-bc37-1633560523df,Syypdvoywjtbtc,2024-10-08 09:52:02
0c89c671-fc42-4c8f-88ff-d55ae93748a5,Vmpjhgwzij,2024-10-03 06:14:37
da912e67-e9d0-42ed-8c23-73850fdb5c7e,Gjgnjgiprytew,2024-10-01 16:23:43
02f77049-889c-45af-a68c-02c17eaa13a2,Jvxueduqcz,2024-10-28 17:00:18
f0181f08-09ce-4ae1-a2e8-13c7c8830643,Gwfgage,2024-10-29 00:04:28
834526b3-7283-4ed7-b2df-52841d5d0a2a,Hglcrrhtdmdvb,2024-10-26 13:17:48
aa7a414d-5446-46d6-9fc2-c888b8415a14,Ztcjylbetowtdju,2024-10-01 14:00:35
8f81fed6-c648-4646-8365-c0b4340e6377,Phguvrebquw,2024-10-02 11:05:39
4c060c7e-bcdb-4dda-9b0f-7ac51edbfb35,Suscao,2024-10-19 20:19:26
6718b6ce-d329-406d-b593-854902bf4aad,Qyktevju,2024-10-17 20:58:16
0dabdeb5-4902-4af0-9199-7b0f07837ce1,Bfdaug,2024-10-14 11:12:10
22b0d2db-a8c6-4627-a2de-9017852c1382,Likxbqbmr,2024-10-09 18:47:16
fa586687-ded3-4024-a12a-ecbf6eac1529,Bdxjjj,2024-10-25 07:01:57
75cae151-a8ee-461b-a9f4-a2ed4c4bb0d8,Byvswuukfylvlfm,2024-10-17 19:49:15
a0d2acc2-31c6-4740-aa52-768bc3ef4e4d,Vbxdr,2024-10-25 06:54:29
7efff0c0-4127-4afc-95ee-0489c374a263,Lfeguuw,2024-10-31 09:00:35
0f56d0ec-477b-4084-9dea-a2790d9d03a3,Jpxozwuevxagu,2024-10-24 12:29:09
26919eeb-287b-49ad-9c58-5332e4ac9204,Axbmx,2024-10-03 01:25:34
4d8f9f13-448e-4204-89cc-f11b121e688f,Dwyec,2024-10-26 16:29:10
6466a032-4882-4f09-b43d-311344545591,Fmzdhaizgkdg,2024-10-12 06:01:54
cba36562-5103-4a9b-b77d-450b0d6fab5e,Ezedlnxveejglj,2024-10-07 17:45:02
fcf55bee-f994-490f-be53-527c50cd412a,Agcfw,2024-10-21 18:10:13
2f30acd5-bd26-4750-b3cc-1e83a9367aae,Nlmmgpgkjvmscc,2024-10-11 22:33:00
8ee0f1e4-6eab-4d0f-a9a0-02dcf1f170f2,Bkahmqazbm,2024-10-30 23:02:49
b5741103-b2ca-40e1-92c9-00ceb84f6d3c,Awbraury,2024-10-16 21:42:20
e27a423e-81e8-4ba9-89d6-de3f4364751e,Lajhgwr,2024-10-12 16:05:54
64e1d0d7-a3bd-4109-bda0-a3d1f801fe08,Fqeoxdmhgaovlwh,2024-10-03 15:16:27
4106df65-f0f1-4a06-9f73-f368f18b48b5,Pruzmcnqclm,2024-10-09 14:50:22
2d5d53a7-d5f4-40e3-a6c5-adf696880613,Iejnecp,2024-10-30 22:46:23
53f692b8-98d5-4ce1-800d-449f24bf0bb6,Ojsghjpcpsg,2024-10-29 09:54:30
8e871ca9-e1d0-422d-b043-dc7ecd80bfa6,Gqyhjd,2024-10-14 05:31:32
b43e7824-82ae-4cba-987a-731ef58b8965,Ygtiwaa,2024-10-17 01:40:37
da8f8839-850f-4c12-aede-09b0ef03ae82,Bmnwlkfbasns,2024-10-14 14:41:35
ccd02331-1ec1-4a26-97c9-cd37963df74d,Ighfgjbzybvhl,2024-10-30 23:33:10
8e717c13-9a4d-4502-8be7-173ada5bd250,Zklfqb,2024-10-04 00:04:54
2fcd01e1-75fa-429c-aad0-aa426a565dea,Sjshyqhu,2024-10-02 07:12:31
b7341dbd-4381-488b-b3cd-463a25de8d1c,Xouxzrmrureroim,2024-10-20 08:12:24
e5c1c87e-68fa-48ec-b2da-6ac8c96e3aef,Bmhlqn,2024-10-29 12:30:18
a2d7189e-1840-4b43-a440-7ec64531d9d9,Ssaio,2024-10-12 14:37:01
21b1d67f-c067-471f-9438-d9b775c1c7b9,Pwlgzqgfrjb,2024-10-07 03:59:25
4ecb7b89-9412-4b22-a6be-ef61bf665f72,Vtlqqilr,2024-10-08 08:11:35
3d1e6800-32f6-41e1-bf33-8ce3724d21ba,Psntkqda,2024-10-19 06:34:11
fcda7921-cc74-4ab0-8124-7ac12ed19829,Makvdyesc,2024-10-20 07:30:38
52d0abee-b3eb-4877-a92b-8484df59a086,Hwmmrymr,2024-10-31 20:09:46
24be8f87-5cd2-498a-bc5f-547ab7f7da61,Oihaxgo,2024-10-28 00:03:33
1b74e11c-d285-4f68-ad3d-0b46f7666310,Dmtzqgjnzutklxx,2024-10-29 14:39:52
00b3f15f-9eb9-4555-9915-e95a1a3d50a1,Gdxfysegljv,2024-10-23 04:58:17
7f406777-9ca7-4d8d-ae80-86ad82e9c211,Tlxmqrdtad,2024-10-24 02:43:47
63a6dcb9-f0fd-47a0-92bd-2ed285d46263,Hemechxcrenk,2024-10-12 14:43:07
527d4a00-8a88-420f-829b-9b6ed898a9f7,Gczykcvzqt,2024-10-27 10:41:40
cc7cbe6d-cdd0-47f2-a5e4-981f7c6421fb,Pnzdqkhqlv,2024-10-28 02:36:04
cfc17a25-2638-4f8d-bd33-1b5e94ad71ad,Xlnnikndy,2024-10-20 23:25:04
75d5b6e7-f16a-4ae8-a930-ebf9fb765172,Czapgyccdhnhl,2024-10-07 14:20:40
92fe5266-9f3b-4832-9ca6-40726f6df33e,Oboiahvzdpx,2024-10-15 16:08:39
1ba21dee-53ad-4715-8e73-49676a81343e,Hmohppvstmw,2024-10-29 11:40:49
6f2dcb29-4e70-40ed-a116-a5a56e4024fd,Tlwdkaozs,2024-10-19 15:00:06
be704abc-2e5a-4aba-8dd5-1bf11e978800,Fwwek,2024-10-23 05:53:01
c6c24ad6-7b8c-4242-a5fa-b638c0c71927,Agtjixqcidwgk,2024-10-02 05:33:14
abc0d557-a391-4fe8-bd95-cd95af536e44,Sdlttzzd,2024-10-01 02:32:45
01205f19-3fcc-4399-ae80-d16e9533e1d2,Rjoahgdeeu,2024-10-10 12:11:09
cf0ee45d-1f15-4afc-956d-7317dbd04ad3,Rjbvlvpvgmwkj,2024-10-18 12:53:14
64a6673b-250d-4a79-b561-ab8f6466ac39,Qdjxf,2024-10-17 05:32:40
532508b5-d3b1-4547-9a6e-dbe1211e3273,Jnztprlzi,2024-10-04 02:41:00
ad951343-9767-4fea-99aa-f9952617b0a9,Icteuryfaayxpb,2024-10-07 18:32:55
4f47dfc2-7611-4bc0-b6e6-4cbf31fe78f3,Tfiedljziujr,2024-10-16 12:06:22
dffcad2f-d3b3-4dd4-b045-990b1fc0bd30,Qzomakabs,2024-10-05 05:57:44
007b9791-71cf-4359-bc72-77c7fa25b157,Pzryvk,2024-10-01 06:56:43
e262581d-1d7e-4243-9a08-9ba0091c3b30,Fmbot,2024-10-29 20:15:24
998c0cfa-7738-47a4-86b9-34e7f8a0b1eb,Plhemonrk,2024-10-14 20:04:44
6d86f13c-4cf4-412f-8dbf-95c47bf987f0,Hkdokiisxdtzbwo,2024-10-16 18:16:02
6efd2039-f375-4868-8b5d-b61e754b423c,Ctgvgucpvpy,2024-10-14 09:01:53
ad5092fc-bf12-4e87-95e8-a2437724ecaa,Gjhrhrykswh,2024-10-27 19:23:14
fff0f3e4-2dbc-4bf2-a566-fb19d6c37cb0,Wfnqiprjho,2024-10-03 11:05:58
bfbc69ba-2617-430e-b11a-b00a73a98c0c,Makdrzkdfsy,2024-10-17 21:36:06
9339de5e-ecb0-4735-9504-4fc997615e67,Jnohdrzjj,2024-10-02 14:23:22
f8b0565f-8b0b-4e61-9f06-407963bd393c,Rexnsy,2024-10-23 14:46:10
a26088ed-76bd-4082-96c8-c27a89b28a4f,Zimzgkmz,2024-10-14 01:19:30
796cd29c-f304-4bbe-8bf4-cb852eab12b5,Krzhjupycnjv,2024-10-04 03:36:13
bfcc9a39-f4ac-4209-a24d-d6725eb8c22d,Tqmqptfmjb,2024-10-31 15:09:10
d739922c-46c5-42ff-a375-64a1261e8cb2,Rrcjuo,2024-10-23 15:48:50
5072d3fc-a672-48c0-8d86-c97a6caa96d1,Jyqitsh,2024-10-31 05:21:42
5aaa545f-026f-4b78-932b-84c9b2edc824,Ylavbhhzoo,2024-10-27 08:58:10
2cd3f865-40dc-4b0b-900a-e29559b08310,Wkuerfocykv,2024-10-25 04:49:54
a729b08e-feb8-487d-8169-a871863a16b2,Xjxvaocd,2024-10-13 23:42:25
ccfc77c7-9b08-400a-a24a-e8032b699062,Qfggmlhdonoxiw,2024-10-22 20:45:13
dfbb3fd7-63c0-4e15-aa29-3f382612a1e3,Lowqwxsefv,2024-10-25 20:55:55
0ac57f3b-5da6-4367-a8fe-6dd87ce8bc54,Bduvmkzvy,2024-10-07 22:19:18
2c14f3a7-950d-4270-996f-04e40f2740e2,Mfyphvdduazcjsp,2024-10-30 19:06:40
25d2ba4c-d600-42e8-8afd-70e928a513a1,Xorujeze,2024-10-08 19:01:57
3f6f3d25-ed74-476f-b853-bbe9cbef8fa4,Tmcccgcbrhzbbc,2024-10-20 01:00:16
1997a0e0-a3a3-4c65-84ab-9ef29d1c8f41,Ggjko,2024-10-22 21:26:12
1f292196-0aa8-4aca-93ed-1cb3fa1e8d0c,Ueqrwpxvl,2024-10-25 10:27:40
740de27c-f5c4-426a-9992-b1be53287eab,Svrut,2024-10-23 15:23:13
94f1967d-2cb6-48ac-97f0-cb48128a9263,Qtkngxvlzwlzqy,2024-10-10 15:21:58
bdf18a59-30a4-4c1e-ba7e-3b534aebb16a,Ymomzvwxccajm,2024-10-21 21:04:55
6d172c32-2342-41b9-9a17-900d37202160,Gvjcerxsqyodva,2024-10-18 15:48:52
d46215b7-bba4-4a02-960b-b2fed916ce21,Yintyghhsutux,2024-10-28 19:18:47
1a56c794-2e0f-4d1a-821b-1aa82775438d,Ujhgmdmtrkye,2024-10-05 19:13:33
43135253-48e7-432c-a2ee-b23015acff1e,Wdmpnmxlxli,2024-10-29 09:12:16
7f1e0fa2-06e6-4881-9988-124baf96ec0c,Ijtofsntysuh,2024-10-28 16:48:28
b5fd7fe1-85a1-4b32-b834-35b320d1db73,Nsjbgtwx,2024-10-27 22:51:50
919422c9-bb64-4540-a226-98eb6594ee13,Rrtupeymvoh,2024-10-06 14:48:15
0e5520d4-060a-481d-a8be-c1bc94832d9b,Vlutw,2024-10-23 23:35:10
fe30265f-6a83-4653-8009-0af82355cfe4,Gwblyvybheh,2024-10-21 08:57:14
812239ae-d559-49da-a9ac-788f7f0cc75e,Tftunkru,2024-10-20 15:17:33
eb60a0ec-efab-4176-9707-db7ac3835738,Togzhcvzwd,2024-10-19 03:48:21
12da388e-f650-42ee-9329-aa62a3fb0adf,Vilfbi,2024-10-22 07:27:11
60ddc798-4327-45f7-ac71-71db4c0e2a3e,Hmkzwmjnbsvh,2024-10-29 09:31:42
d7e77f28-a9d1-4e58-8e5b-b9ab013535e9,Cbqtlhd,2024-10-03 22:39:49
212e4db5-4a0c-4c56-8754-edac884c355c,Wtnvvdogcvjt,2024-10-13 21:14:36
7c78fb10-7284-451d-959c-bf3b34511317,Uaqelqwhoxcqng,2024-10-28 03:08:53
872e2aa2-ba6b-4432-8c2e-8cda4ee8e69e,Sevtecqbr,2024-10-23 15:22:11
2c0b33a9-3250-4944-b09e-73f18fc81cb4,Pvtxpouuxl,2024-10-08 04:56:55
6925dffe-e191-4f96-98db-6fff7e1e2174,Svjmvrtcade,2024-10-01 01:09:14
70b0f079-a1b7-41a1-84a0-48a848bb99e6,Pgfufuk,2024-10-25 16:10:05
7159d8e5-ccd7-4087-8925-1fd6230a5b5e,Cmpfn,2024-10-12 00:47:29
2c760f81-6bf8-4a19-8548-e5620bb84107,Dxprmjeraqrlhjg,2024-10-08 08:14:48
69761c5a-1724-490f-9908-35a3b09e4c82,Nxkyojuilouwtk,2024-10-16 02:26:50
c58288b5-abfa-4b80-b32e-0fce60047503,Dytbe,2024-10-27 01:41:06
730fda8b-15a5-4c3f-a5fa-c058e1867235,Jvmlldkq,2024-10-04 09:02:38
d462434e-2fc2-4a11-a912-c5e65ab112ce,Iwxwykgo,2024-10-12 09:49:39
c535777d-bbf0-48ef-ab35-7d6f7988a45f,Fksjispztuszfo,2024-10-01 18:34:05
f0c6011d-5020-493c-887b-6959464972d4,Wvfcpd,2024-10-23 13:18:46
188375e6-1db3-423e-a480-f7a89de175cc,Jvowxlocujweth,2024-10-21 06:26:20
51f80660-7877-4535-a376-66ef504a2719,Wuwvpavuj,2024-10-28 13:06:08
439887c9-a8fa-4eb9-9362-905d1358fe16,Qzzhmgjwuzkupcr,2024-10-24 13:08:30
bf3b8daf-4494-4355-82c8-4bd03a69af68,Ihyfsfkhi,2024-10-22 13:56:09
46e7e6e4-5b41-4e0d-a7b0-0f9f49c4a4a0,Dqjsftegtemful,2024-10-28 06:52:23
e49586ad-910e-4004-b204-0143b4a35795,Xuddb,2024-10-25 23:43:11
70f707a7-7e21-4796-b681-5be68988c900,Qbexo,2024-10-15 16:10:30
6b74d823-c3e3-482d-9c0e-59c386cae004,Lwsvp,2024-10-11 09:45:47
7766f04a-6139-4b3e-9965-fc0c5a700efe,Iqdhs,2024-10-15 14:47:47
e5ec00d1-f041-41b7-ad21-56a6dd250b3a,Jseyuffx,2024-10-20 11:31:37
e99e93cf-6c82-4c3c-8549-490148dedacc,Eivsgivgvddn,2024-10-03 04:09:04
97e59688-4f30-4cb9-b5c1-54eeb51e7055,Pwqetv,2024-10-04 03:29:38
74571252-e176-4c0f-8c15-c5c09b73c2a9,Euxblitiknyuke,2024-10-10 21:55:32
3a5f7e78-b161-4c8b-836f-af04ce030aea,Dzlsbededaocoar,2024-10-16 06:33:48
166812ba-da49-4122-87ff-a167fec57c1f,Qosmvbre,2024-10-16 16:46:56
f48f2ba7-6d0d-4c11-af9e-a6cdcf50c78c,Vbetseatfg,2024-10-27 00:50:59
e46a4c0a-0ab6-4b2b-a49d-920bb9927f3f,Atdcilvmppgqoef,2024-10-05 18:24:56
b1c6bb55-f3b6-45a4-9f62-d1d28c9982ed,Chcahli,2024-10-07 23:19:04
53296c36-2957-4e4c-b1df-8446c8a87bc1,Pndfagunffxw,2024-10-27 03:06:19
b8579a6b-7877-49f0-ac63-04d419d6c569,Obpbua,2024-10-10 03:27:06
20d5e607-c6e0-4f24-89e9-907b273d19a5,Nawdjtasmwtxqo,2024-10-24 18:42:52
d7089024-8387-4ff9-942e-4388ca597d4f,Wbjxfgtlgswi,2024-10-17 03:24:20
141e95dd-fcc2-4334-b725-c55ac7c4cff4,Mfrqjkys,2024-10-17 07:52:08
e1956d53-70db-42ef-b718-bb2b19539c58,Xtxlesavai,2024-10-25 14:42:55
e6250ddc-02d3-46fb-8170-e8eccc2d9d1a,Mowfkdszvzi,2024-10-26 19:37:45
a5c20f13-9176-49b1-8cca-aae848818176,Aadprsxthi,2024-10-15 17:55:01
706b7cf5-de3e-4bf3-89b8-e4c560b1f133,Emhdvulwxud,2024-10-11 22:31:58
9465b192-652b-406e-a62b-2515afd88428,Glvfzfcjcs,2024-10-31 17:02:10
00a7c61b-c01b-4ae6-a6c7-a24892c148cf,Mktyjalxf,2024-10-17 12:12:41
5abded54-e0af-4d1d-b359-1d862fa17361,Fnenvrdukrptk,2024-10-02 11:02:02
95ee9097-b8c5-444a-9ff4-6c02ea3f8f29,Mmlhdsanezlvmsd,2024-10-18 16:07:40
4654669a-d221-40f5-a55a-c4422876326e,Nbycb,2024-10-06 11:44:48
05e2b6b5-8a0c-4f32-bcf1-27d6bff1ee5c,Lmzlzuhz,2024-10-29 21:09:51
6cf12993-8f63-46c5-8f6e-e726698dda11,Lxmazulw,2024-10-10 05:40:54
ab2564bb-11b6-4701-98f4-be769721ec6b,Gmfnlbfdbpmo,2024-10-04 09:16:29
07181e77-e1cd-46fb-9aca-ddb737975db8,Hscqv,2024-10-23 12:57:19
4ad7642f-870f-4ef1-a4ae-8182c3d229b7,Dmlsullhb,2024-10-27 21:17:22
6848f737-ac1f-41c5-9f90-855bd8b10880,Chiibpmshpjp,2024-10-24 15:05:00
899384f1-e09f-4d54-9e88-0e43a65635fa,Xghbdpmpeyab,2024-10-17 04:43:00
1ff3b503-2a9f-4f63-9e48-53cd7752b497,Zfuzomvfpfwx,2024-10-12 23:52:00
ab547c1b-8d9e-4ec9-8ed0-4d8bb3e2ddbc,Arkzwnr,2024-10-14 18:03:11
1138f951-05c3-4f8f-863c-f8fda2379419,Bgrhedswqoggm,2024-10-09 02:10:00
2270efeb-bf48-4833-8361-e3bd07693334,Mncnrgzk,2024-10-01 03:19:56
9960ac07-60dd-44d9-9676-a057fa719813,Jyclgwdm,2024-10-21 21:37:08
c11b889c-e052-44fe-88f3-7e020dfaa866,Trgwglqnhcotfva,2024-10-17 09:58:45
c7075db7-d333-4822-bcd3-4dd781f75df9,Bwtnp,2024-10-14 00:39:08
fe5d3713-864f-4494-a000-b51c5ae05333,Iztwqgtejl,2024-10-10 02:11:15
d89a1797-12fc-4e5c-95bb-6fe5a20ec957,Enkmfnbkltblpg,2024-10-24 19:25:07
adc9d916-d996-4daf-bc8e-86b5ba68b213,Ocioxsrqfaqsu,2024-10-02 19:18:25
82c76bf4-e000-42eb-9fea-f458ff9bb3c0,Txqvizfjvhjgvic,2024-10-19 18:51:29
b0f33d82-a572-414d-b5c7-81a28d4e840e,Sdljzm,2024-10-01 08:48:11
c4f08518-8332-4477-888d-08eedb5504dc,Xvvtxhh,2024-10-01 09:53:46
84c74ff8-bd59-4bb5-9729-43e051ebe2ef,Nwhioiuyxd,2024-10-31 02:34:28
bfe878e4-64bf-434d-82a9-387479a398c4,Xzxavxgonsh,2024-10-25 15:15:05
4cd6755a-1768-4deb-83bd-725e30c05b8c,Nyopdbqxjdh,2024-10-08 12:24:42
76a45c69-b88e-4bb7-ae17-d510c457072a,Pvuthwcxb,2024-10-19 03:27:35
3a27a8af-62e5-466d-b6c3-75eb091692fc,Lwkftyyyjmdop,2024-10-27 07:52:00
92f1ebd9-8634-43b2-8410-6d80039b6ba1,Mnoimwvmrn,2024-10-18 16:29:04
673126bd-ee62-44cf-b8dd-08ad60ee7036,Ocjplfncvipp,2024-10-20 16:44:55
d876def6-df65-48f6-a45b-69bcd0be8811,Vbuscwfifumt,2024-10-20 01:39:54
36f18a7b-0d81-48ae-8103-c1028dbd1264,Tuldhbn,2024-10-22 19:25:21
b1c244ef-17b6-4067-be25-00537c1afd62,Hvrdwpycrm,2024-10-30 08:46:40
cd01ef60-2d13-4e11-9150-13af9f550140,Cpwgebjipautb,2024-10-13 07:45:05
0c2f0b49-bdfb-466e-927f-0fca517f8be3,Vzdzjwzjfxdhrzz,2024-10-21 19:05:44
393eb5fc-9ab5-4740-82a5-b4e23a91bcda,Ghrplwvndizrzy,2024-10-24 14:42:35
30fadbc1-e82c-4495-a493-3bae6580be76,Gngphaoe,2024-10-06 03:20:05
2c54aada-361c-481a-b55c-1a134c1a81a4,Tblvbnjqeai,2024-10-29 19:34:35
83146593-c99e-4df3-a13d-269e38cee15d,Hpfjfpnnnrpsnw,2024-10-15 19:15:49
036b150c-0310-437e-acdb-c91fdacfbad8,Vgrioshjwnz,2024-10-07 14:45:00
b4cd9abc-6465-496c-874c-17626e336a9e,Douhhvwgsabvfft,2024-10-13 10:32:51
25fb292c-3007-47f5-9a4d-5cc365fa189f,Ulxkcikcpgwdiz,2024-10-13 15:51:54
749c701a-21b8-464c-976a-9caeba6c6b39,Hzhealgpuwdvc,2024-10-15 01:07:13
cdb6e110-f090-48d9-b502-b92ab074cb70,Vhurawklericvpa,2024-10-05 12:15:26
a25deb24-f119-44a6-8bc5-cc93527bbe68,Buxbiidugwzd,2024-10-10 00:31:27
aebc4d76-f89f-4957-9363-307174d317c9,Jfwietrxdin,2024-10-27 17:18:40
22cf8f6e-321a-4a2c-9998-da73fd35328d,Mzezfhle,2024-10-01 07:40:31
31111c63-7d6b-4f37-91af-6c08cd75c88f,Gywphqlod,2024-10-26 18:01:49
9ef83311-f61f-49ff-830f-c4c4fbd6181c,Pykagiz,2024-10-02 16:09:46
750c9b8c-e7d6-4cec-9c91-3e759ff92887,Jckvanyhpqxol,2024-10-07 04:47:36
b24cdd9b-acb4-478f-b428-c5aed328d39e,Iitfe,2024-10-05 06:07:47
cacc0aa3-a6c6-4c23-9d67-cc33d8d63f20,Xgngwnpjxask,2024-10-24 23:25:32
200d4421-4dd8-40ed-b457-37640ca12d9b,Gwmrqiuhk,2024-10-12 07:17:21
ca0d8000-6ebd-4403-b9ef-168d6a63f505,Gzizt,2024-10-21 06:11:44
b8550c33-12c5-4dee-9ca0-89f3b6076804,Jsgtkqosnonhviw,2024-10-09 14:37:52
5f9f839b-8841-4dfb-8653-e53e972bc0fb,Knphlfzi,2024-10-14 16:17:39
478a33e3-ca23-4a0d-a563-9cdbce3a369f,Fcthuqavb,2024-10-31 00:08:32
6c290a7a-c255-439e-ab1a-df080f98d40a,Nadptwn,2024-10-11 10:51:10
6fd9fbf7-1113-4ae2-aec9-9da0c4e639a6,Hhnkbiel,2024-10-13 04:18:03
6c810c64-5142-4eaf-be6e-8063a20d9f0c,Sdxxsehhte,2024-10-31 07:37:06
875b4fc4-d7fc-4e9d-97aa-c51e87204268,Rvskeuid,2024-10-15 06:35:40
eceae202-96ab-44c7-89a7-cb02e288ca11,Imhxuyi,2024-10-22 17:22:27
4fee33d1-e4d5-4cf0-8b2f-f1d6e35c21ba,Jcbqryucippbufo,2024-10-02 20:02:42
de709b81-73a6-4a67-a9b0-6103bfa4678b,Lrqbygtdur,2024-10-13 14:27:55
79285e00-43de-4fbd-929d-d7566aa9516a,Ldxmfxjx,2024-10-05 04:17:25
63f2cae8-f10e-412d-a326-dc5ff359f33b,Bslnpzy,2024-10-24 15:34:29
0a6a8830-a260-4997-be0e-c393a608efee,Bzbbydxdxvt,2024-10-20 17:25:56
6fdcd880-e023-4142-be62-8e142d3af33a,Cuayqxiiwhpynv,2024-10-24 18:25:44
16cd382d-8644-47c5-b624-861ca231d97a,Rhnzaonaulo,2024-10-10 06:41:09
bcf5a468-38d7-4e8f-bfce-4b07595f017a,Lycitmyu,2024-10-25 15:13:05
2374bf54-96bb-4ffe-9da6-6948f9a1ca20,Jvwhfb,2024-10-04 03:16:02
ca9b2b82-1f3f-45a6-a11e-7b46ee021c1a,Cxksst,2024-10-27 20:44:32
749230e0-dd65-4317-84c3-6a7a66a28590,Ossmzjwaxltppb,2024-10-20 00:45:12
8287988a-6144-4baa-800a-abbb065a9e1d,Jkisixhrdo,2024-10-01 11:57:12
9d4afca6-de03-48a8-ae6f-3875bca70dac,Cuttrrm,2024-10-26 18:59:05
3091796f-887b-4c35-a8af-f0fe38ab4195,Okziy,2024-10-06 13:21:24
7e473920-e563-41b3-b524-64245ddf29a2,Plobnqdreohftfp,2024-10-30 12:17:48
8e901e6f-e8b4-4e6c-83cc-9bec18142de2,Qrlkenia,2024-10-16 10:57:46
44851ab4-d34b-49a9-bdd5-f406d743375e,Mdpboqmdhruhaw,2024-10-21 21:58:00
d1748b12-7c52-458a-bc8b-b3f012286a31,Vzenjtxkkswguj,2024-10-14 04:56:51
ecd997cb-b4a2-459c-aa68-14c94ed2df15,Edghi,2024-10-12 15:53:04
4fff4982-195e-45cd-9c1d-b66de87edac3,Hgulkuwugm,2024-10-26 09:57:44
4843d6a3-0487-4c02-9b56-f6f0bb2a116b,Qmfgscejh,2024-10-25 21:23:16
74629b67-4cf2-4713-8fe3-b16703d37508,Xktyqmkigiaea,2024-10-12 14:18:51
ce33efb9-2e5f-44ac-92aa-78b3ad240272,Ybdgf,2024-10-29 23:57:26
811d3367-7413-409b-82db-e3a8e3667d46,Mllptxpnb,2024-10-02 17:54:42
7781242f-b71d-4425-9ecb-16b95a9a0659,Pztvuvciyqou,2024-10-14 10:35:52
170bc538-cd20-489e-9439-098595566700,Isuoyndyxlhx,2024-10-06 11:15:03
3fea4471-0adf-4737-9750-b71a0c3ef6a9,Lvpfkmxdslp,2024-10-12 07:26:21
fb6b8049-077c-46ad-8ef1-eb17d0b229b5,Igmbrrrpeiqkk,2024-10-02 12:52:09
dfa97c65-b3bd-4ace-bd83-f5db7511188c,Ikxkzwps,2024-10-15 07:34:16
d184a3cb-96e6-4ece-b48d-ccab6ba8f655,Jsvwmefwpj,2024-10-30 00:17:57
31b6444b-00f1-41b9-8cde-ae33e05a3502,Saktl,2024-10-21 15:44:48
0e24927f-f67e-4be9-b35e-7f3a1ad2a2f6,Pewvxamhjxald,2024-10-15 18:07:52
cce3dd46-5ad8-40e9-9507-3a0f08924f06,Culsryjfws,2024-10-15 13:35:54
8abf58f7-d63c-4679-a915-4bd7ca28e728,Obvanyfwm,2024-10-21 07:15:22
f77e58be-e7a1-443d-a4b1-b348947acf6c,Fnainngt,2024-10-13 15:32:30
e0d0922b-c56f-4815-8c49-69f89d101e32,Pytpgdbxg,2024-10-12 15:10:53
41920c37-d875-4334-a640-8786bc87bcfc,Brvgjgnzck,2024-10-17 03:05:28
85aa0b5b-c64e-44ef-a177-1ddf3740c1be,Jutgsiahzuxztn,2024-10-03 15:21:30
8fa2fb9d-90c2-42ca-8be1-11157f87ef43,Pxfmzwnazhe,2024-10-02 09:50:12
af17c822-2371-405e-bf3e-dce15ac7f6db,Jphukofafsx,2024-10-20 20:17:01
310615fb-21fb-4388-8f0f-66d2d85a0bbf,Uibotqsjxhrhh,2024-10-26 03:15:31
6dacdf6c-9f92-4a9d-b38e-8047bf01747e,Ggpwdpxiphwjrdj,2024-10-12 19:41:59
1ed75bb0-1ae7-4d41-9d64-709446002708,Ocznrwkfzsei,2024-10-16 06:25:22
130c3827-b2fe-4900-b2f0-022895b0b6ac,Powqimet,2024-10-22 19:03:36
8be8480a-ea95-4445-afc1-a8bc38c9ecff,Ocqsfiahhaxqyum,2024-10-20 21:12:07
5876b800-d13d-4bbe-b468-bebfd40b2fc5,Czzoqttbiqjzmnd,2024-10-01 02:29:38
73ea22f3-e652-4399-bd53-e0742153ca1c,Hzuijdunnwcdrrp,2024-10-22 01:58:35
7dacce12-bebb-4487-8836-02b898dd6118,Uaecgfuruijze,2024-10-07 16:12:19
7459caf7-7efe-4118-91a0-ff2c928bf829,Gnbebykipeeuvtf,2024-10-08 04:22:45
c964aee6-c7e6-4104-af8b-d22feb65926b,Lhjzfosfgjo,2024-10-09 23:39:36
2de8ea49-5c1e-472f-9964-c1635bffe12e,Fycprek,2024-10-30 20:38:36
f7ce4bfd-9a36-471e-8de2-f0a527345728,Lfrqmbeullxws,2024-10-26 06:40:12
209a6b36-6752-4525-8762-43a272462181,Qmssazqegfspz,2024-10-25 17:16:57
047859ae-429f-43ab-84ca-e4ae51ba4fe5,Nmcax,2024-10-19 00:36:03
97411228-8e06-49fe-a581-ea15bb5b9641,Felygoirhrhbc,2024-10-22 01:38:16
9a12be8f-b55e-4b43-a07d-0f37dd5740a7,Wxjsfpnnkqnvczz,2024-10-17 01:10:09
68660b69-110a-4840-a478-34c66383e766,Cnikyqytiawqv,2024-10-14 14:18:23
608559cc-2b32-404c-8874-c6af98f1452d,Nlyjafti,2024-10-02 16:04:49
0a54a5bb-13f2-47d4-b112-fbd0142f3bb9,Ulydwqbe,2024-10-14 08:36:27
e385f39b-6b00-43ec-b9aa-a6639a0ff06c,Ruyvynrqhlsoc,2024-10-02 03:04:00
d8666958-e5b8-4470-9971-af56c4c324d0,Nvxyhegoef,2024-10-31 12:41:10
7b6c3322-dc39-45bb-9957-610a8f78a35e,Bzlsfvjdrgh,2024-10-13 22:03:14
b2a37a39-f570-444e-94a9-a393a32caa12,Zaysvxvnja,2024-10-24 03:21:02
f0858c92-ac8d-4b2f-a83b-691f874e8cf0,Cyxehnkig,2024-10-31 21:53:03
445d2b8d-f332-4b07-8133-4ac2e187aca0,Zcwqqn,2024-10-04 06:44:13
b5f2a40e-9e3b-494f-8b75-62a50a25b3b8,Mypwnxrikkf,2024-10-17 22:20:20
c63f59cb-bb17-491e-af2f-9bdcef97aa48,Sqkjxfnpxopn,2024-10-01 20:20:56
acb5597e-27f3-4f53-b505-26e0313836f9,Igdvbicacza,2024-10-19 16:16:36
a549ccd8-0dee-4bb0-8d7b-fca97145945f,Oyzdrpysfyd,2024-10-14 02:20:28
cb698e9a-362a-4709-9d68-5bbd9958d214,Eesyxghhiplq,2024-10-27 22:18:02
b1977bcb-d4ac-4972-bc8b-4bffb99677ec,Nkdfyivd,2024-10-24 23:36:19
0e9e0ad4-8c95-49b6-ad15-6a05b489e214,Jfubfipktzrfpjo,2024-10-26 10:04:08
96699524-8d74-43fa-976a-7fa018de690d,Mdcpdbi,2024-10-18 06:29:24
a2e17849-ca5f-4122-aefd-55cb9e7c5214,Dbmoqdktw,2024-10-25 23:47:41
c5bdce62-72ac-4e1a-9e5f-4fecf5fed7a8,Rpevhwfrpnr,2024-10-03 03:23:41
fd0a3142-87fd-45cd-be48-5f9dd081facf,Trxcbe,2024-10-09 22:27:15
3ee877b2-23f6-44f0-89a9-e2c19168046f,Endeb,2024-10-01 21:31:26
07e874db-bda7-47f5-9743-eb79c09fb679,Kruqorghqiehdbz,2024-10-15 17:35:41
c2f65389-e76f-497c-8345-36f5ecea2f39,Wytwneauxzpl,2024-10-30 11:56:19
434065ca-83a5-4a1e-88e2-476d20db03e7,Tkvwhs,2024-10-24 08:02:57
3be6cdf9-41e0-4dbf-ae77-74ac8aa339c3,Udpulq,2024-10-04 08:18:35
67adcc26-8a5a-4293-a67a-dfb75dc88e6b,Vrkztf,2024-10-10 22:32:12
9de19d98-d248-4c41-8393-d02c4f8f8af8,Cvqaemcaxcfjni,2024-10-11 09:46:19
da7601c9-af34-4a9d-87e9-e7b60493d9ca,Fmhlmmgh,2024-10-28 16:47:34
60b3ef86-9e6a-4f44-943e-8cfe73a6888c,Wtlqlvmuufftkph,2024-10-25 13:47:06
a8a6d7d3-f58d-48c6-8b4a-64396c5cd559,Gjkjd,2024-10-08 12:27:16
ddd81b54-10ea-415c-b2f2-da102b89f8af,Hdfbzaxvsflkf,2024-10-31 02:46:13
f9b030ff-0647-488b-9072-12b2bd7f71fc,Ptyehnuydbyk,2024-10-22 12:03:13
59d63b0f-3a0c-4cf9-8ae1-f1129a8c2563,Sbjilswaybundnn,2024-10-13 13:26:30
c43383c3-8702-4333-bd7f-204e564a899a,Gipubfzdbxhfyne,2024-10-13 19:29:58
bbc340ea-71f0-4cc8-b851-00180f1e9cdf,Jmgrxdxdwe,2024-10-04 21:30:46
f803b927-5f94-4d10-9536-fcf113b6bd0c,Mycxzmsavferiux,2024-10-08 17:36:12
be15027a-7ad9-4a72-825b-15c8b26266a3,Gshvyrsmohe,2024-10-19 08:55:16
bb36f091-e825-4c41-a427-2c854f10e91f,Vacgrs,2024-10-03 04:37:08
3d545aa2-fde4-4e62-be83-be34a2a0f3f6,Wkefhxuc,2024-10-15 04:53:24
44b62b92-5a16-4d9a-ae64-a379c2db9e0b,Nacfo,2024-10-29 23:29:40
67da84eb-4bcd-44d8-818e-ebe8eec12722,Czstdiikihiuky,2024-10-04 16:28:19
acccbf5b-3aca-4f15-8401-2c0c96b0367a,Mqqdf,2024-10-03 23:53:30
669c8ed6-5622-4978-ae83-d84d9a6ae756,Ibnrymnufns,2024-10-16 00:18:45
ebfcec4d-515e-429b-86c4-5baa4042eb80,Lggznglox,2024-10-29 04:07:41
516c1434-881f-4db8-acde-56d4bc7e329b,Hzxdymkb,2024-10-05 08:23:18
188e6169-a73b-41e4-8dd2-b645e484d1cc,Tqksvxibjdgy,2024-10-09 07:34:10
72926585-4eb0-414c-93dc-10a845a9439f,Ngkaquvbe,2024-10-28 22:23:55
e9003d7d-7129-4d6f-880b-c6dc0459c512,Dezhypae,2024-10-19 23:17:24
2914ead1-f739-4f38-972b-247fbf9f8cb0,Lriguintr,2024-10-01 02:00:08
cc95b3e4-1918-416d-9af7-23fa827001e3,Nfjguyofat,2024-10-07 22:47:42
3febb446-6e5b-42ae-8c44-911d242f980f,Krscc,2024-10-14 15:14:41
500fc8d0-3e7f-4b7b-8f4f-61b3287bfa70,Kkytvqnhychuekx,2024-10-25 16:17:45
eb6830da-06b1-4992-9307-d4993f717263,Kfockoxpvrxqh,2024-10-07 16:32:21
f5e3b212-de9a-44ae-b2d6-e5c6be64251f,Anzjsqlsrs,2024-10-09 19:32:53
3ce459b9-05d1-4e54-a3c2-53b654cbc028,Mblwixrnf,2024-10-16 18:44:38
1c6bbcf0-0f6d-4514-9d8c-fef8fce29fee,Frrckxevkmkwem,2024-10-23 00:23:16
d5416e9e-6468-4fca-8eba-8a661ab5a6f7,Ijhsuwbwcfcs,2024-10-22 08:20:46
5c0c99ff-c464-4c01-8636-5c4ce5bfeea4,Rpezggd,2024-10-14 06:55:47
daa7e59a-8433-4c9a-b162-09e01f772611,Njdcbnngenopyjy,2024-10-27 01:25:01
c61483c8-ac93-472e-9987-28f6a8392b1b,Psdagpfnrjtfcrt,2024-10-17 23:22:20
b7e120e8-4d48-42e6-8dc1-76fda8ef20d8,Qvskufnowbo,2024-10-22 11:05:07
fb2a8f4d-4927-43b0-a0ed-6863bd8a923c,Moqxnlhth,2024-10-02 05:10:16
ef2631d1-923d-4491-970f-988e09fd0ac0,Wwxxwv,2024-10-02 17:04:52
ff97dd23-41ae-4475-9c1d-96b2e6d1901c,Eufmdcqoawnajm,2024-10-09 05:02:36
a32b359f-b300-4d53-a4c6-6696d96a5c74,Grhqzhnzybzgoof,2024-10-09 16:38:46
adcb6006-f8be-4109-b628-c4aa23f241c2,Achtysxdhgdavr,2024-10-16 01:13:28
0de8dcb9-d9fc-4b37-b3b7-01ed9efe23bf,Rsfby,2024-10-29 13:03:12
2ace589a-56bf-46f7-bf7e-b467a933c5fb,Pvbmphtpjcp,2024-10-10 00:13:10
6680445e-c993-41d7-b4c1-a799e3822737,Kcmbigquhrsgrr,2024-10-11 03:09:09
0642dbcf-cdd4-462a-9da4-f7d6aaf3d79d,Tjljphwwunmmp,2024-10-12 01:17:47
5bd6b977-7995-4ed8-9a3e-b36312286913,Enmadppndziuw,2024-10-12 10:56:55
a39c81a6-a337-4aa1-98ce-ab1fb721d325,Szteibvfhltqsg,2024-10-20 16:25:15
8e515d35-9e79-459f-a752-7190316046ce,Hadoz,2024-10-28 11:44:31
a06c4152-7881-4ea4-9de9-ca3c4e2cb6c0,Rhitkpr,2024-10-24 18:28:53
a72fccad-4caf-46b8-a4d8-308a12f77de4,Kcqvcbqp,2024-10-26 13:48:47
6516d2b8-d531-4b3f-b1fe-e216b4241cd1,Lwprxoaqjlb,2024-10-08 22:26:52
d66069eb-89cb-49f6-8dbf-d66ed255c1a1,Jfocelblank,2024-10-17 19:15:36
8e9f6da0-8bfe-41c3-b083-f121808590ce,Vprxozmfrvp,2024-10-18 08:40:10
41b453dc-7c33-4604-bea9-ef506f58ac8a,Migwok,2024-10-20 04:54:50
f45d9854-30c0-4ffa-b06c-53949409ac8e,Zijocnekmy,2024-10-18 23:50:20
bab88d31-2c09-48a4-8bb9-3df8ed250d83,Kqyouiyrlpby,2024-10-25 00:04:21
79023f53-c70f-4ee4-9d61-b36222435678,Lorye,2024-10-26 15:35:09
1e0bfaa4-caaa-4c3b-aa01-818de7198989,Qcgcigxqsrdkgq,2024-10-26 19:02:23
02e1b76e-8d65-4417-80d6-40c3a09a0c0d,Ngnjlzkwjv,2024-10-06 20:44:42
8b0e9e73-2f60-4519-8c4d-01a65824d82a,Getydznidgqd,2024-10-14 03:13:18
a3eada1d-aed3-4209-8e0f-51f2bc236bba,Ogiyfk,2024-10-16 11:55:22
157ca643-ad4d-4472-a1c9-c91d50ae1255,Uvmcotgvxm,2024-10-03 09:13:52
1b458c44-9f0d-4825-98eb-4ccaa47ba80d,Kvkftzzcvvlbyg,2024-10-29 15:47:16
cfd4988d-182b-493d-ad2d-51353d95729c,Ulojfzorf,2024-10-21 14:37:29
bafce265-86aa-4b28-b06d-2a211221b86f,Ccgdroobtgzp,2024-10-27 21:38:00
c217179a-0509-4853-95b5-f4700c6f0db0,Adlfnqgb,2024-10-01 20:32:43
b4fa2d3b-d759-4645-a8c8-ccc06dfc6885,Ecpuo,2024-10-31 00:23:10
2c75da02-3f59-4930-9f81-a44da8c091fd,Grvkhubdcu,2024-10-08 11:00:49
d7e44f9c-366b-4a19-b4e8-26db83d99369,Lhqkkxqehypa,2024-10-22 04:38:01
f5b7da46-44da-4db3-a292-630db75b6ff4,Xbzvavfmlpnwsmt,2024-10-15 01:31:59
f23ddbaf-5b8f-4edd-8e01-68540f2e8379,Ssiwimyx,2024-10-25 21:30:56
1f3e3e75-7a0c-44cb-b68d-aad8060d560b,Lqzap,2024-10-11 06:45:22
fba09303-2ed8-4ca2-a95f-f233477af9eb,Dgioval,2024-10-06 13:59:11
2ff56b82-e220-4081-9904-a684fd47a8e4,Nsyfd,2024-10-04 04:46:43
cdfad800-a13c-4373-82f0-b9575d4cd195,Bpadozvoey,2024-10-25 00:38:49
b5c68d22-6691-4234-9f5a-f29aacb54145,Julkpnoeztd,2024-10-29 04:19:15
94fc78b4-41ed-4d66-9d11-d9c8a3678e0f,Odpkyaabals,2024-10-18 13:49:46
14ce47a2-5aae-4283-8616-bb9ab6139789,Pfyni,2024-10-15 04:12:01
2ed430c1-e91f-4884-b426-9f81b1343e7d,Mxifijrmelpbmt,2024-10-20 02:58:41
89fef9c2-6329-4117-b933-6990efbce17b,Pkbcfsslcrfc,2024-10-26 11:28:52
c9ae7df5-2882-4eea-bd06-2fcc9193c7e7,Iuzgxdpca,2024-10-19 02:37:07
2f5c3758-8143-40f4-96f8-6799d7ef5ddf,Ycrkjvyqnoxl,2024-10-17 02:16:21
d0753dcb-f5cc-479d-ab81-618497f4e102,Ysrglgopk,2024-10-12 16:38:06
6bfbcfe7-c195-47e4-b341-4097f7684281,Ilbmdivaen,2024-10-06 11:58:16
82f020f5-da01-4e98-bf86-f56766bf9307,Najrdzlnbzp,2024-10-24 18:23:58
2e12f111-e21e-4a08-a541-8cf0017dbf0f,Jnmxjeqm,2024-10-17 03:09:00
1f7045b9-77c9-4c90-9c8f-708793e2a681,Szffgfvczxziwf,2024-10-03 01:45:22
4a9698ef-18b0-4e76-98c2-75b65cba757a,Fabymq,2024-10-14 02:52:00
a9c54a80-112e-4520-b8d4-78649e41cfab,Tmbrwhyzhbovahn,2024-10-30 11:29:58
69c1d9e8-92f4-4088-acac-4afaef92d80d,Hutkqmxzkn,2024-10-07 06:32:07
bc641703-683e-4d3a-a416-e8cdf2f5e03a,Nugez,2024-10-22 03:58:05
2586531a-f1f5-4f4f-9f56-267a0ad3dc44,Gqnqfdrizuvs,2024-10-11 08:56:56
830ee9c5-2b10-4fdf-9e7f-d34436a45688,Jqopfdrnpteff,2024-10-30 18:26:12
1d954365-7406-4463-8558-218c7719ba8e,Zxjzwdqjfdhehoe,2024-10-30 23:16:29
601038e9-e3bf-4134-8269-211ceae76737,Olueqgrg,2024-10-29 03:02:12
7c13d7f4-84e1-498e-a1fc-aaa519755b8f,Xydvssspyxdkds,2024-10-18 11:02:56
79529d22-6d9e-45f7-8733-e18eb124f021,Qkfwtjhqfdnxzss,2024-10-01 10:11:47
60f0a6d1-e704-4dee-a09b-7773d79ed667,Mpelymx,2024-10-01 01:09:58
505cd084-6c2f-4d55-b659-ef2c962c8718,Cqwqfzswmtsav,2024-10-02 02:55:58
68f8d204-94d9-4af0-9a1e-fc2ce2d7e56e,Vrnzwlanvmbuj,2024-10-11 13:59:04
d0febd8c-52ff-4957-9954-14cf3d81ba3b,Gussebz,2024-10-25 03:53:03
1040e46e-56b0-4734-bcf0-90c88a748c89,Bsmhw,2024-10-23 03:20:51
94be1afd-9a15-4f75-aa94-ef751bc3532e,Corombazpohuqhc,2024-10-12 19:58:47
202c297c-cac2-4d48-bb08-a7c6e4a60103,Duldzqjjv,2024-10-05 21:25:55
40c4f213-4ddb-41a0-8974-61e6c07ca363,Tibgygqyzxn,2024-10-21 22:38:26
d74ddbb9-075f-41b2-a35c-7985c6ee8dd1,Dkwvmcrzy,2024-10-06 17:42:05
b05380ba-af75-4cda-b36f-773c97e9107c,Ttgjxzre,2024-10-03 03:03:30
24fc3bd5-7bde-4839-b1f7-febfc0d244e2,Xjoumqpg,2024-10-23 00:16:39
5ef14a5e-097a-4acb-b6cd-043b73ad97db,Yvafbwcd,2024-10-11 15:04:43
81a8a399-77b8-4ee5-a613-0e696df7e37e,Bkrbqxoumoxgzm,2024-10-22 07:07:57
be46a57b-8992-4b11-8c5d-0b226c9df4ea,Tflxfumv,2024-10-09 13:48:46
2bef0a9b-7a8b-4d58-bc65-636dbe563ba2,Rrjyntkexxj,2024-10-11 22:20:34
69ce3b8f-ab42-46d6-ab22-7c0201bd4d93,Mxvrwtffa,2024-10-20 07:55:59
34f0ff5f-34cd-4379-a951-b5b25e5215ec,Xcccwrmmfnwwsc,2024-10-15 21:28:56
2ae62cba-2669-466f-99c7-835a777c6463,Uyntlz,2024-10-12 18:27:59
eadb3bfe-52ea-485f-9396-c19871fb951d,Cgmrmgdqcnnmrc,2024-10-02 01:44:44
8d7306b1-d985-4e31-8e77-12317561dfe3,Fptzlnexvdoucqd,2024-10-05 11:45:56
