id,name,age,country
54c29bd1-2e52-4e5b-bd96-7c1408d3870a,Lctn,57,France
bc493362-015b-406c-987d-388895073eb6,Uehvc,28,France
77a11000-5c56-4ad1-aa7f-eca74a0a9206,Nfgwefzdtfiydyd,22,Germany
8866066a-daa3-44a8-8653-bebf4059f765,Mlwwzbchuoo,41,France
09c6df51-88e6-44c1-b0c0-85a066f1922a,Geqwrmbgemdj,30,Germany
323f4447-604b-4284-80e1-3cf75959066d,Esmq,25,Germany
9076c11c-489e-4564-bba3-cb799635fd8b,Ixxwsayiapsqlx,60,Australia
68279bdd-eaff-4b30-8ba1-2fa3a5171a48,Hgpftigbpxdxlv,59,USA
7330b18e-d805-4eab-a9ad-98ad751868f4,Pxkmbi,58,Australia
58b688ec-7b8d-4eb1-99f2-2b114bcb2e48,Akjiwebqam,35,Japan
f8b49915-4da8-4c73-abc4-fc9fbf35d88e,Ltpz,34,Brazil
7619937d-284f-4ea3-af2d-7900eb96053a,Xebrs,39,Australia
f9f19a3d-0ffa-4adb-8e48-2767d6e29cdb,Iqfzpcpmgo,43,Japan
bf42fa1f-fa69-4361-be74-7efa02365fa1,Pdrukhmwztybmgc,43,India
7bad2154-0f14-4555-b1d1-7f479f403cbb,Siwyyhpqswmvefs,52,France
1402c595-026a-4efc-9542-7e205bbec1df,Lmqnnvmzqr,46,USA
982de1db-f794-44a0-ad47-c82028805d6c,Gvvliwkqwmccxzq,36,Canada
4ac9234b-41e7-4e76-8847-913e873bf54e,Pyzjbhxhpw,39,Nigeria
26e6e147-355c-4e0f-ad78-6dd5eded6e71,Reiskjulukpotem,36,Japan
24043c4c-8db8-404f-894b-2373e153076f,Zpbmhiielottggv,43,Brazil
2320e0b3-bfb1-4e4f-a650-22675c5ba788,Rmjs,46,India
a5f69980-b2a4-40d7-a078-d3f38be308a1,Kwj,27,Japan
dc52206b-c46f-46e3-8289-c76f38db4be6,Yob,46,India
0400d363-75c0-4d55-a9ed-94a8c7edc400,Uwpwmjxrymo,25,Nigeria
f904d7ee-55c6-4523-bbdf-2ecfc57d0ece,Cnplytl,33,Nigeria
a4072d9b-d4c2-483e-9078-cf745d60cbd1,Qygo,57,Australia
2fa93a24-5b09-4e2b-a6a0-37c2329121af,Naiburutuj,33,France
a742274d-c621-4185-937e-ca6ff43e5f90,Vpbfe,50,Canada
1ec85a6a-17e2-409d-885d-f6f968c131e2,Qgitkmxudh,41,USA
9dc0baaa-92df-41bd-ba89-9b3cdcf781fc,Hiln,43,Japan
5eb77c33-69d5-4436-9362-8a42987784a7,Esfgpp,29,Germany
6a97be3c-bc94-4433-aadb-0fee1f28939e,Iyohabtgjz,23,France
b2b84ae3-3729-4fee-b560-d93656dfaa48,Srrk,38,Japan
b42b3645-0ae0-41f7-8ea8-a86bc8793751,Knpuwochqhns,52,Canada
20924fea-8d76-46ec-b239-7614118ee0be,Iyqrfvffjfncuk,19,South Africa
0a2a1ab4-44a0-4567-b4a3-ee41b58025f4,Lmpukvsnmvdmape,27,Australia
84d14c7e-c84b-49c0-9624-740491f56349,Zzcovl,54,Japan
0e015888-fc89-41d4-906e-5d0ac071f765,Immsdvpni,21,Canada
df19aa6c-7ada-4f82-b025-5c7fbfb4571d,Xfkfebf,35,Japan
29f1f0ab-7df9-41c6-9eab-f52b0cef6d09,Zrbcg,37,Japan
d1c28d94-43bc-47f3-b8f9-b61d688a0664,Yfwt,34,Australia
20ec04c9-5ddf-478b-a203-f7b27c620985,Nbzvwgtsnpdw,34,Australia
2bd07018-2141-45c9-a427-3dbd246c8355,Mfvqmh,37,Canada
acf2b8a9-4177-43dd-9303-1c6689136900,Fvlckqdy,25,France
6b9bde1c-a803-42fd-9e40-527db2b05888,Xjobempdsfwwje,44,Canada
21dc1a3b-c1b7-4383-8c09-e11884baa8ea,Npjcujirfqpmsd,46,India
6ab7a10e-9aa4-4c5b-acf2-2fe4572c80b4,Vfekelc,23,India
36b5e1e1-c5bb-4113-86eb-2d5b1aa10f6d,Cbuefz,33,Nigeria
62c0a11e-bcd9-447a-86b7-96e3c47f0d6e,Utww,22,Germany
19fd2965-beb5-4f22-b40b-c69259fb1b36,Rymbyzmv,28,France
f5a2af72-74c8-4c23-95d5-81f686a684cf,Pknchn,49,Australia
188c1f45-ad6b-43c2-a5a5-cf0fd2ed84d5,Fgbwqnmi,39,USA
eea28e87-c728-4930-8678-5de5870009a0,Qyiltpfenqe,60,Nigeria
7f431a92-ad20-4ed4-be72-486cf5e7c7a9,Mcfr,53,Brazil
3af12bed-c28d-401d-bcc7-46dbab635d10,Tkfulekxlh,55,Canada
bfd9c5a2-7478-407e-b08c-ffa114472dc8,Mmsnx,60,India
169c4b1d-a3bf-4a87-b958-1a09bb87da75,Hmprryfpeaxmh,52,South Africa
df3cc0cd-8f82-4854-ac68-c6dc9d9ad372,Hyzbz,35,Japan
8fb78ccf-a8c8-4cb3-b3fd-65ca3749f606,Ieusbs,42,France
87fe0938-6478-487e-8852-d99fb7fc3cd7,Bfhuifasodwgat,52,India
2e7dea06-aa4a-40eb-b6a8-9a13d3cb4562,Oxjcqmqebjs,39,Japan
e06c2833-7c47-4888-bcd7-6c34f18d631d,Sdi,55,Brazil
0533a62b-737d-4c67-869d-975bf3739a45,Zufgymhdcx,57,India
93609140-906a-4cae-8d84-6c6a35e64d73,Evezvafkkuukdg,25,South Africa
9cc753ac-45ce-428b-927a-638e64369095,Wjtic,34,Japan
c11dd223-8f69-40c1-9dcf-33674d4bbe06,Lcjh,57,USA
54daf0b4-b5c4-4465-9976-2570ef2b27b6,Ifjvdtl,42,Canada
d1a70bc2-9508-48f9-a06c-93dfb2449a9d,Ligygp,49,USA
15fc7bbe-0724-4df8-8ea7-62f30a0c7cde,Tmxjal,18,USA
c88e2b50-c1fe-4680-a15f-542e4432ac9d,Mtjrxccnz,18,Canada
75b36953-bef1-421f-8dc8-b994f90dd4c5,Hptqwyzgxr,18,Nigeria
f94fc160-434e-4110-8134-42c88b52f64e,Ffbmvbjab,46,USA
115cde0b-03a0-4a05-bc49-0128b8a17a9c,Rwvtrazpgjnmeh,41,USA
3b55c46b-6a64-452f-853c-46d946bc4793,Bcugwjyhwtqnra,24,Germany
20bf5f52-0eb2-4790-95fb-c76d869bd47f,Ebzscfok,31,Germany
5fb79413-e3f1-4b4f-b236-117a820a1d12,Dhajwswleqcsj,43,India
dc6f9fed-1f72-40f2-97c8-6b2082b526d1,Ehbxcunnezau,45,India
b2ba8288-aae1-4578-a014-7b6c98710262,Xgbeotczoin,47,South Africa
327247cc-05fa-4dd2-8d61-561cb8e7e710,Kibxuqnkqgipqhd,39,USA
d810da07-f904-4b70-a654-99f6d4c090e4,Xzovauhpksfpq,41,Canada
6b22a605-91c5-4e06-8f60-96319a32246b,Mhiroqvq,22,Nigeria
db482ecd-6226-49f2-9fd4-f8cc20ae4196,Eafhvhyrplhyif,23,Canada
b09de908-cda6-4fb0-9b9a-95df22ae663b,Btflitjxlv,55,South Africa
351414e7-3b56-44c6-8e46-0f7877eab3dd,Pdhftydz,50,India
3848002e-8a15-4e47-8919-42a55acf936c,Zhrqe,31,Australia
dca5abb2-b282-441a-b07a-c8fd4513af34,Zmbagwmonhwkrwt,27,USA
845c5e04-37b7-4ced-a530-5a3db945f844,Jaehbpktjfrww,40,India
a235460f-6201-4c98-9d54-04d0d32cb258,Gukoqqrb,34,Japan
2fedca6b-f1ac-4ddd-8d33-488d5304ca93,Tvbkug,52,Australia
122aa8ef-3e66-451d-88ce-049c6ed00ef5,Dfgcdwinhjwfp,31,France
31ddbc17-7ae0-4a5a-b4ee-63f57330afc2,Lqxbrxqdbz,30,Australia
7de4ce6d-fd78-467c-aacb-f7725e4ff880,Dqalu,55,Nigeria
381be612-e14c-47c8-9ebd-9f53869b648f,Nfkpbdvaaiazt,18,South Africa
f645c4fc-4489-4c31-a18a-ac12c7b555cf,Tsfzwgcgqo,42,Japan
31a6c90d-04b3-4e8f-bdaf-13c212200444,Uzwyxmvxvhk,26,Nigeria
39a24cee-1063-41e7-9f5c-50f562cb2790,Ylpmfal,37,Brazil
e973ac9d-509b-44b6-a83c-5cf5baad962f,Wqyw,26,Canada
18610d52-026c-4a74-b137-35958674fe97,Hpz,36,Brazil
e95d8ea9-73b4-4086-aa07-b921f1b44d3d,Tfcae,50,USA
a849de63-0817-47eb-a837-2ecfe44bbd3b,Wehygp,32,USA
1c33a4a1-aaa3-4d5d-b032-9fef6dfc7415,Odromiwdbkssp,42,Brazil
3005e117-dd53-45b2-a6c4-9555035e4ac2,Uqmhletqovyb,57,Japan
2120b79c-2c62-4ee7-8e05-9d7dc7053325,Pjieiba,28,Canada
c8e20e5d-e0c0-4eae-98de-d4d8c9ee6fdc,Oadunabcxi,38,Brazil
66e9ac1e-8cee-4bd8-9fbe-80eac4043b09,Mpshk,59,South Africa
a7fd4884-8eb6-41ac-8c54-da9b34821863,Rogy,28,South Africa
944db9ac-dedc-49ef-b8e6-f8f8ca58791c,Ztgpyxih,46,Nigeria
7a831db2-2ed1-417e-bfa8-e7a0522b9da0,Dvto,30,South Africa
23fdfe16-4aaf-4a00-903b-78f23bc9592d,Tzoo,38,Japan
c0288e40-acf3-49f7-8ca0-e2305077f0c9,Piembfod,47,Canada
227ba7be-d689-4b55-9af3-493918c28d4f,Vyqzpskz,37,Brazil
78d2a0e4-549f-436b-9216-8fdd5de1e0fa,Amupckrqdyxaa,38,Brazil
9e4263bd-7cf7-4892-b34d-3b5df5867980,Ucfdaulubkkgcr,32,Australia
ca64eea1-0258-4119-bee2-a32362d37bee,Ezlmhhycv,53,South Africa
9cbd43d7-ed2e-4fc1-a0c8-bcc25a9a99c8,Felv,18,Australia
f034dd94-7446-4176-8dd0-a5fa617a06d3,Kmkrbp,43,Japan
9221e82f-dc52-4687-a3d6-5ab0ef78ad8a,Zyaroby,44,Japan
08135252-219a-4762-a1d9-74e9059559b1,Hnpljpbqg,29,South Africa
aa8a30f8-a7da-4dc7-a203-c988d487b8a4,Poopluyrposcpoq,24,USA
cb9e9cb2-874c-4faf-b48b-9c57c7ef9d98,Vcwqnofpzzofg,50,France
f5846ed5-260b-4895-8b92-40e9c203ac00,Zyxyoolg,31,Brazil
85ece22a-22c0-4da2-a9d3-5781d1f2fada,Xiso,57,Brazil
d7eba6c2-b6a0-47ca-86da-bca64e1491db,Zxzpbutznp,33,Brazil
d05617db-1356-4af1-a125-835eef729afa,Nktnesnepdeieea,57,Australia
c81b1c30-10e4-42b1-93d8-4a8210cf0d82,Fngmfgajfnll,52,Canada
a56e2818-dd6f-48b8-b6b0-e56692342200,Wmejzvw,28,Brazil
debebb35-72f4-4fbc-a0cf-d8bd4d64021e,Brzuuckccted,46,Nigeria
c737b665-6dd8-42e3-8626-36f1bd06ccfd,Vhcculoc,44,France
66d517ad-daba-4a52-bc43-67744e25cba9,Zlwswydd,36,India
20ac5c73-a0e0-4582-a241-e09d6906067e,Bftivmjncdrlv,25,Germany
ed602608-fb14-4d1f-baa4-a0d4bdb535a1,Pczumpkqyc,27,India
c5851d8d-2ee2-44f3-a76e-bd1c34823696,Tcegyyrorvbbfic,33,Nigeria
f88f4909-4ffd-45db-8b24-c24c4aee8a9d,Xakfzux,33,USA
c0a5c750-1c07-4848-960b-1602ed3c7ea6,Bgxoxxkjqdkvfy,42,Canada
467e7239-3d35-4b53-a68b-79639c4a7bf5,Nvaohtujhrok,34,Germany
d43f8e9c-c70a-4d14-a208-ee93769660e4,Jrfdvogan,28,Germany
f44260ae-e566-477f-840c-47fceed66a86,Mtodowu,33,Nigeria
2bdf4b07-4bff-492f-a03d-c5bf0bac75c1,Mlkozubt,21,France
999843f2-0292-4565-b202-95596b1ff746,Cllrporvcdizx,53,South Africa
f7f66d66-2e10-4edd-a78c-94bcd2a422b0,Fdqrmeajgv,22,Japan
ec504c34-30ea-4ab7-85a5-f94cae2189df,Oftohxxn,20,USA
65fb67ee-31da-4858-b4f6-d26b9754918c,Hobuocbpcsubll,27,USA
3de6e318-b546-4ec8-b1c4-c0b390054450,Sqgvuovqkf,42,Germany
58814501-83d9-478a-928a-40853b90037c,Xlq,58,Brazil
58f49a3a-ea4e-4c8f-86be-86bbb4d4f48b,Xjx,33,India
d953e1fc-22ee-4320-8aa7-ade237d36257,Fezlaqq,59,Nigeria
07b53d7f-9903-496f-a1ae-460728046623,Xdirfsewtxpivkp,56,Canada
7bcb6390-36a9-4937-9bd0-616a19cb7482,Nsu,45,Japan
108675f2-7a38-4116-8603-955b9ed25d7f,Fyii,46,France
d02fc9c6-a22d-42d1-9d24-c83b5d49588a,Bnumrfundbz,35,Australia
100c3897-1330-4562-994b-1383a1929405,Yimyhajoezkoqbw,20,Nigeria
c9119019-39cc-4fd6-862c-0b8597a01c9a,Rqj,32,Germany
f0910dad-dfb3-4533-b826-40191added19,Ivbevzrzaj,48,USA
f6070a94-ed88-4a63-a132-be0fa50ac2d8,Hdqvo,35,Japan
b6a8895b-c608-4160-8136-775bf3b14a82,Sxmre,44,Brazil
f2d84450-cff4-4eb7-b1e5-e1f5f872bb9e,Vjj,56,South Africa
932bff40-e88c-49f1-85dc-c43ffdcdf665,Eajk,45,Nigeria
f6d8b92a-61a6-401a-8bed-06e5bedaa110,Dbq,41,Germany
6399fcf0-6f4c-436d-8ba5-d6aa9d8a2ef3,Hnwnjw,20,India
83ea2cc7-6b86-47c2-95ea-3c6367ec3150,Ordjlkhro,42,Germany
c1e46230-2be7-42a3-84a0-3852f273d859,Plarznrzef,27,Canada
05d2687a-3236-4201-9f17-90a230874cae,Htreqoexhrixbqs,49,France
ff66474f-a685-49f0-9219-61bde02a44ed,Jqufzawvrn,47,Nigeria
5b918f11-4622-40fc-91d1-4d212e3f6c08,Zxmh,44,India
acc9fd22-7316-4baa-be4c-3eddc3b275b5,Xuw,59,Canada
6504ff5d-ab1c-493f-84ff-72d2a9947a6e,Ouckcc,36,India
6cffe34a-306f-4759-a6a1-fa30cd8e3305,Hahtuw,60,USA
2e3a8a4d-0664-4f6e-b314-68515fa6219b,Eteuiopforpuprc,59,France
69e33845-dd5f-4bd3-9360-03494ce05f3c,Ypfj,45,South Africa
40fd14af-5833-42b4-9b95-6a304077993f,Ibqjgvkpz,20,Brazil
3eaa4031-4b6d-444b-8265-82ae73cc6111,Ghseapihui,54,Nigeria
82032b82-feb5-40d7-936f-92a2d8bf5f12,Lbxc,22,USA
e7ded344-fb10-4631-a2b3-76a78bf27ecc,Xvonoqbdewkip,30,France
6730c03e-359f-40a1-a748-965b77c9ad56,Mngxvwtbrfttarh,33,India
8d2ad430-a55b-42e4-af5f-2e6d8fdda8d6,Qyszyvihichnuv,49,Brazil
6c38828c-020d-4fdf-b619-320b6eb11f1d,Bghgnhso,60,Germany
137942d0-f150-41b8-97e2-aa05f977b50c,Vyhxefolsshlrx,21,Australia
4baa068e-9099-4c16-83d0-38bb71ba059d,Ulzobpthfu,21,Germany
4305288a-9cd8-46c1-b8f5-acb821e1dbf3,Qfngkxrfytevmu,58,Nigeria
b6fc5f2c-3440-43a6-a949-a55e5b562626,Vvpyhiwosvpfvlz,59,Brazil
0946a1f8-b952-4fb0-ab36-340e6ed55e10,Bdcef,34,Brazil
9a99caa7-2de2-4ba1-b754-2e15b73b8b9d,Tcjdotmvy,59,Japan
1e51d773-fff6-4c05-9ee9-278925dbe303,Rzqp,35,South Africa
9e668d41-638c-493c-ae00-c09fe21c3fb2,Jwzpjlvbsdtb,55,Germany
b3594279-c88c-48a2-9c50-5c528c759cde,Qkipjvcvh,48,Nigeria
1b7cf9e5-306e-4b1d-b96f-c9ccaf95fbd7,Rvbhh,50,Japan
a37eb18f-473c-4b0c-8a79-562f342be37d,Ccusuudp,34,USA
2d214683-d092-42c5-af6b-3b2d1bdd3e1b,Wcvrcgjbg,44,USA
119b0712-2cf1-48b3-b9e3-4d91e96289ef,Atboy,34,Germany
8cd93468-a8e7-47f5-b3e9-be2046269a8d,Uztduyjodnclpys,26,Japan
3e78e7ea-99fa-4598-9fbd-be122cfc3ea5,Zhzvkwwkzxzl,19,Japan
0a84dfd8-72b9-40ba-87ad-b2647fbbd7b9,Ztcr,43,Brazil
3cc67ab5-3095-4887-987b-1224a763405f,Rhijjawkfxcco,56,USA
a1f78b99-addb-4d41-b072-38606e7a17e3,Pjqsmeeeyq,39,Germany
a645dad5-cfad-47f7-a20c-81539ba20c5e,Tszngvisbyfgajp,33,Japan
3e4e8425-6ce2-4952-935e-99e5018c43fe,Fgvcp,28,USA
fa5ece49-146b-4d6e-bc81-af229e03adcb,Lecbkhoky,57,France
9a2f58b8-5899-40dd-a50b-19bf6619a955,Jvipydxkhaxpnq,29,South Africa
b3b45bb5-3800-447b-8ff5-7423b7bccf12,Nazrizvmvfh,60,India
1cac4bd6-9cf7-4c4e-a3d9-e738db415184,Hkltpt,20,France
8bcf56ee-8109-4247-aac5-b61f41d113c6,Xpvjtcayewf,50,Japan
d0522394-a9a0-410f-8115-21087c2b8dd8,Pxvv,47,USA
3ff0c028-64f8-4907-b521-568212c41ca0,Ognxedljipu,24,Canada
004b5198-2ede-4c0b-9f1d-87f3aa36ed0f,Swqwkoswkauxxa,30,Canada
e3b2949a-472f-44cb-bad6-120a3c0765c0,Ufvto,49,India
db11ecfb-d1fd-4fa9-b185-97f84f92996d,Qocat,27,Nigeria
e14280b6-c61d-4430-83c1-ef4471fe7c60,Uwtzweqvyduwwr,29,Nigeria
7e1a3d02-4a82-45d2-be5c-7fe8de9b4adc,Vbegpkuapftz,21,India
697b8643-b97b-4172-81d8-99380ca30f9f,Uvsaryikdbg,53,Australia
7b5d6eab-2fd1-409a-94dd-5182899bae68,Hqb,31,France
19cd1907-35d3-44c9-b197-f6c28a1d9930,Aedlnmo,57,Canada
acb6889e-5acf-4d59-ba00-5295d2ee0e41,Itkxecwbdpggyb,36,Nigeria
494839c5-f820-4d82-97be-abe4f039cf9b,Icfjrwjryagg,27,Nigeria
175a6e9b-d391-43bb-88a1-82194e058bd2,Jslqyvknb,40,Nigeria
4d76926e-52e3-4a02-8da8-1e2d7212d5bb,Itmhhyimevncx,51,Nigeria
58cd6548-90f9-47c9-b130-4d1364879982,Faxii,58,Australia
5e66b044-1c0d-47bb-89e3-ec960400ebe1,Fbekufvrfugapm,57,Australia
485c3c98-7054-4594-b9df-707b01584de2,Rxsalizxqkbblmu,52,South Africa
fe0eb482-9dc9-416f-bc86-173d615194db,Jpvyolcmju,53,Brazil
a2d116a6-b246-4ed0-9192-0c0cdf8bad52,Dlirs,52,Australia
dd4596e1-5acf-4bc5-91bd-6a96193c5fe8,Kim,19,South Africa
b1c22655-40ad-4240-99ac-e28702cac2ad,Bvezzzitddwm,25,Brazil
033ec129-ab9a-4748-b7c7-e5f7a9b022dc,Fdryy,19,Canada
0022c6ee-f4d9-47b2-91f9-3de897097da1,Aymvfszxkfrrqle,36,Canada
c7bb1676-a080-45df-9136-784a7d2d4b52,Xqbslzaic,38,Nigeria
dfa6ed73-6ce6-4be5-aacc-b126640770ca,Qvwvjaxdoxsys,27,Brazil
9a284ff7-ee2e-42fa-87b2-a29e14143bc1,Fbhfrzpx,51,USA
47683fa3-2ee1-48c9-8b64-98cb459da2c2,Brrbhspiovarxx,59,Germany
cd7d22b1-492c-42e9-93d4-8356900b8d42,Kpknsolcnnrfh,25,Germany
61e0bf24-fe90-41e2-bd69-0efda832373f,Oosxoryt,37,Japan
91a10a40-ec2b-47c8-9a41-c14b92d1927d,Aeufid,38,South Africa
1a46b88f-68b9-45a0-988e-43a7319b1e54,Pjmiirsngjkdq,29,India
781fb20b-b10b-4ea5-9d08-a7d5ef57b4c4,Wythg,26,South Africa
30c919d1-73a9-40b5-941c-81c2de28c505,Goicusdiutjmd,45,India
31cf380b-6a5e-46ad-98aa-d923a7e3c1f7,Yuxutbcu,27,Nigeria
5959363f-6a4b-4942-b1f8-7a0df82a5748,Uslqwyuywo,47,South Africa
89e31b46-5736-4a5c-960a-8c0cd5301135,Pqta,51,Germany
3792fc4e-b3f1-4e3c-a349-2581ce02e7ba,Zivqdcwptetszq,18,India
851b0379-5b5e-470f-9592-38840c1c89c0,Lmom,35,South Africa
87ee8356-afa1-46f5-9455-21b61d3aa8f9,Mzolaiqpyxisfl,54,Australia
188068a3-1eac-4e8d-9c58-e91b52cc7884,Jdibk,57,USA
486d97b8-07b0-4172-8d56-cdb76c7674a7,Dud,26,Nigeria
2af32f1e-68d0-475d-906a-813772ec1fe7,Twnf,25,Japan
b1d756cf-86ed-4279-b640-b9e372361dda,Vigbbhslxn,19,USA
77e92013-4d18-4ee0-af3f-81a93133ef61,Ugliepi,33,France
42fab797-b1c3-4f67-8f24-77ea84a71f52,Wgzapvbcw,37,Canada
35b827ff-de7d-4a0e-a515-3f38c754de2c,Fhlukycnl,25,Australia
f9068ce9-c15b-41c0-8f9a-0cf9d667697e,Phnvdmshadhl,52,Australia
697f9cdb-98d8-4dce-b935-6ebf20d3932f,Uxgp,43,Canada
bf29a438-8fa2-46dc-a62e-df0ab24d39a8,Zuhqwhcx,59,Japan
2653269f-1749-41f5-b924-293351077170,Xmenpte,20,Canada
bf56b139-8220-4416-9420-aaed8a3e406f,Ynwrjfeknao,42,Brazil
a0226fa5-8629-4bc2-ba77-9424b734974b,Eabyvi,53,Japan
8b01461e-02db-402e-96ed-e0ceb0cc2fbb,Wzjytonghvav,18,Japan
3553f6ed-8f91-42bd-8a01-bddfcd4087f0,Kucpsufkequiek,51,India
97134502-c8ca-4d3c-9dda-cd20215caf83,Ctsdbibqxik,19,Japan
1f91e6de-dd41-4e18-805e-f04dc4cabe70,Ewqggzpv,43,USA
fea2d0b1-e352-4dbe-948f-e914788bf0f2,Oxhxrjutoyk,54,Nigeria
0f3e44ee-8609-4855-b56b-fcf556aaa205,Gdtwi,32,India
2dc26c74-480f-42d3-9f51-035d6892b5eb,Dkwtlx,57,Brazil
a675b186-ce8d-4e79-9c18-0466b9b879e3,Pvpjqlpq,45,Canada
dca1c82e-5e4a-4769-af52-e843c971cb7b,Sfjrngbdq,42,Canada
bbe818ff-c622-421b-af8a-fe549d2cc3b2,Kmkyofmqvqbvl,43,Germany
9c10ed2d-2633-469b-9d63-328cdf2cbb68,Acsbmorafapdz,28,Germany
c2ca3750-77cb-4a19-b736-8e81925e88f4,Ndembqtebagzrgz,29,Australia
58464079-389b-4e5c-9a38-7042c7aaf647,Bfet,48,USA
c993baba-87ae-44c3-a5f9-fd59beb75ab6,Pwdwktcf,57,Germany
7113da79-56f7-4961-a82b-f0b00067477d,Rigek,54,France
305a8fc3-db9d-4d9c-b677-68218cd993e4,Qxzrpcirssbah,21,USA
8d7f5e8e-4722-455d-977b-d9f21eb34a57,Pwzetvsuadtejvu,24,Brazil
f0b0a843-8db4-4df8-84e0-59a168575faa,Rtkhp,32,Australia
59eaa54b-7cc4-46e6-b399-1548ccb94e57,Bldzad,41,Nigeria
feace9da-dd89-474a-968c-39a4a45265d2,Ttoh,37,South Africa
7abfaf8f-c4d2-47ad-9d87-723d9d94c276,Ggiaevtzfrdb,59,Canada
acb74cbe-24d8-473f-bb62-5eb671635a3f,Xmjmc,38,USA
2b06fd8a-621f-46ef-94d5-afafeaf22203,Wlxbz,25,Australia
bc4bc790-a66c-488e-91eb-02e02547e202,Udcvpugljekl,37,India
e3a910b4-3077-4d23-bf3e-19c91d0587a1,Hydwlwl,39,Nigeria
973c6ec6-04f2-4d6a-912d-f3d5a3865501,Nthckvvgaxvjs,23,USA
60ad171e-5131-466d-8de7-6c2efdf6386a,Hkcflfi,43,Nigeria
9c5fd144-830d-4f37-996b-b6546294f60e,Xgvkrwqfmcmf,56,India
1c10d574-d650-4b79-a927-3d3f2d01e6a7,Prmfvoz,46,Brazil
4f85ee60-95a7-453f-8f4c-84864ef96aee,Bjhr,34,Canada
72e75339-d8e4-464f-a863-4d7c83cd44da,Zggqutfrqftc,27,USA
34862ec4-5216-43e5-8a29-d598a0c43287,Kdfeq,55,Brazil
07fcc9db-21b2-485b-ab28-7611bcb32ef0,Fpsinljmfiohj,56,Canada
c529dd0b-84ed-476f-9383-4470d930b6a0,Qoe,37,South Africa
de052e24-47ab-4b9c-95b3-31721d0039ab,Resodzigjdk,39,France
220655ed-a8bb-4fb9-871e-da14b69f3095,Bbb,18,Australia
649e51d3-6b57-46d0-b012-7ea6350f653a,Dujtfmjw,27,Australia
1e172909-a0f4-456d-a5c7-4f84c82c99c2,Sayhyfamwnxj,38,South Africa
d671f859-4ddc-4a9e-b113-f5d96755421b,Ylqzz,39,Germany
c3439c59-861b-4a09-8017-7018059fe32d,Lmlocxnlgy,20,South Africa
12f52740-1bb1-42e1-a8c6-00de9163e2ff,Vbipodzltsuu,25,Japan
5c800bc8-6e87-4e7c-b50d-af75b61f0740,Sdmwdooehfwn,25,India
8b9f1d05-3348-4a82-b29a-6c1e7d0fa8c0,Azbwa,45,Canada
ff4fa1f3-f08f-4423-a58e-3cd9960639d4,Zelxaywtkce,21,Japan
a13a82df-1c06-4730-afc0-8a67ab507762,Ugvkhju,40,Japan
cff50d89-d096-4fea-a614-395255942aae,Wuihxgso,32,India
851fb6a4-cb08-4bc9-bb16-911c65011014,Ckbxk,56,France
af0d59c6-7896-4eaf-9c23-9e96acd8a7b9,Haweblvs,46,Japan
2fbee518-9e74-4732-9463-4d60f1651e24,Yqftnsusrz,38,Nigeria
4b77049a-7d98-4e6f-ac0d-a3b5906de005,Aruk,32,Japan
12c82bd4-7e25-4c4c-ae13-1fac78134e81,Esiyvjkpbb,18,Germany
cba78f49-bbe6-435c-a543-427415fcc485,Bfvbhgudmsmunl,20,Japan
96b04317-00bd-4508-aa85-57bc77da76d3,Krzkb,21,France
52305b39-da74-45da-829a-ddf8892ed308,Hwxzo,59,Japan
730d36e1-0165-4c05-a7b4-28fabafa9264,Mjsegpcr,20,Canada
8ce6a1ed-e4d4-470f-bfca-22b1371d0727,Abnrzulciz,32,Germany
5222e5dc-7cb5-44c4-a019-15ddf545ab69,Pfcmuuc,49,Australia
7dec6dcb-4618-4afd-89f3-582cd530544b,Lqdvtirhcqlef,51,France
d9445209-d818-4aec-a5e7-038e5e835a7a,Xutxr,32,South Africa
a3968759-ac4b-49a2-9b2b-50d83c8b05e6,Cps,51,Nigeria
97e53b68-18bf-4207-9a5f-56f72c8938e1,Ktaeuztcemytrmh,22,France
9206f365-a598-4abb-9f89-c4762a9fab8a,Mcazuk,56,Brazil
1b736732-316d-4917-98ee-52e89fdc7ba3,Cgmffnmztcqurrh,31,Nigeria
9df6b7d7-596b-435a-8aa5-95de23a235aa,Cqta,54,Germany
c0b62dea-19b6-4a6b-921f-2a51aad02569,Jmrjhccua,25,South Africa
7ba3be6c-9fb6-4998-9ee0-ae5affc0e00c,Hqwdlssbycqjg,43,Germany
f2d788a5-0129-470d-8616-0a4238283536,Avgwnqy,48,Brazil
2e27d1de-81c1-4923-ba82-99711566f8bc,Rhagfqq,35,India
950ab3e7-5074-4041-b532-352977cb59ce,Xmiwej,60,Brazil
92c9694c-8366-466b-8d66-d99cac10f270,Umulohdr,20,Australia
c9e1aa4a-728c-4993-89f6-c95ed96f3ebf,Kmpzshhjbeyl,51,Nigeria
60fe52fa-234e-4e5a-83a4-fc8d1b97c583,Mnorjfevswkqg,18,Canada
db67491a-4e03-4a1f-80b9-c02d101a2d13,Ctqsklnpwkilg,51,India
e20c5ad2-bd62-488f-a266-e13d425ce3f9,Oshrztheifbp,35,South Africa
2e52cceb-b48e-4b6e-b4c6-5aefe200aec3,Dnibrvurctjts,45,Australia
33b42d1e-4480-4f44-b14a-570eaa2850a4,Vpwtnzmjsfah,50,Canada
eb1fe1d8-a712-4598-843b-004adde0d6cf,Iolxul,21,India
c5cf3836-bf08-4091-99ef-76cd05c86ee3,Nbugvqbfdcwjdv,51,South Africa
3c17ab2d-36f8-464a-85d1-be474118c9fa,Drmrbtuxc,29,France
79a43878-3574-4557-afa7-dabbbd1657d2,Impvlayzcuboate,28,Germany
c7eb11a3-db70-44f7-9f1e-ffc7097d483c,Ampmypqijimt,23,Brazil
11c3a66e-a78c-4ab7-a2e7-22c63c1a9990,Izyaivmwkif,22,Brazil
41e5ebad-1025-42f4-be2b-d3fd7cf809ae,Bdfxpwnqeuh,59,Japan
67e336e9-d139-4d96-935e-b64d5a1c7e5a,Tjobmwkupwzxv,22,USA
7692fafa-09f5-49cd-b0b4-b4ab099daf94,Nasndchvfa,47,South Africa
a69285fb-02a8-495b-b7ae-ffcff14991ca,Osqcynlvdhdo,25,Japan
4584905a-2a57-41fa-9037-5806bde9ffc4,Ceewiujxiwzg,29,France
fa39600d-4ebc-48f5-aade-e0b03273983b,Uuocjvgwpy,40,France
71d0d2c0-71cb-4de5-aa19-2daa804bd282,Lvrfylfim,53,India
b2c79540-4e1e-4e5c-974c-4d3395805613,Fyuclanycctelsk,26,Nigeria
1f2bc9d8-a7a9-4e9b-88e7-bb46f37f0610,Urh,39,Nigeria
3425b47a-2b8a-4b6c-ba39-773445029e15,Eidkj,33,South Africa
6d1367d4-ab29-4d6d-a7f9-2de7fcb23f3c,Tjuigljuvsnoplv,43,Japan
9a1e9d6b-7d73-4310-bf1a-7433814d11fe,Soy,23,USA
963c2327-c36c-4b48-98c6-6ebd4c91e2e4,Iqgkhfdaopexci,30,India
03eb9955-d683-4451-a033-0b848e7d0f49,Ygclkx,30,Australia
10b3b330-bcc5-4ca5-81ee-4e465e766753,Alltftee,53,Canada
7e0379f7-35b1-405b-b857-518888553b93,Vrfpcngalog,38,Canada
eeb63d72-154b-423b-8076-2f1730a16640,Xcvo,40,Japan
0a6fbd71-809c-4d62-90b9-809fc39d3c76,Jelrevf,20,Nigeria
f0ba67c8-f46b-47c1-9e9f-d29b0d746bd0,Temegbyyhltxd,36,India
66aaca56-a29d-47e7-a5e4-358b86a4c93f,Hywgemdklq,43,Nigeria
a314719e-1ad6-4964-a855-e01f6916b706,Jdb,53,India
66776b6f-1e9d-41fa-b047-3c22a5bcc7af,Znkz,32,Germany
010b4aaa-13fa-4659-beec-19d6778a9d1b,Bkkag,58,France
743addfa-3592-4f9d-936f-b5c622307d14,Qzv,28,Brazil
bcb5e4ca-bb2b-42b6-9f93-d137cebef414,Ybdbx,20,Japan
021ad210-1675-4df4-9822-df2b62839f15,Grkxut,54,Canada
463bc602-3573-48c1-80e6-9e91c50aa531,Pddy,27,USA
db107e04-4c6d-4c84-8868-a004c1613bd4,Lrlynfsg,59,Germany
c0280414-9eee-4539-b50f-26de81424823,Wsumsczcpw,41,Nigeria
9000c879-4584-4bb0-b3a8-28bf488be5cc,Pulwciybkuev,19,Nigeria
29b39000-2da6-40ab-99ac-484ad37bc8d4,Alpllhph,20,Nigeria
099597ba-2358-47b0-8aca-a8ffecdd1450,Juloyrc,60,USA
b14ec4a6-6822-4131-9243-8522a5e05808,Yeucdmoebyrfv,28,Japan
1a0d9e92-cbc6-4b08-a396-3374a353160e,Fpkpramwr,48,Nigeria
8a171453-31b6-41ec-9105-8a315715491a,Ewbpuynoexyudj,26,Japan
e37fe3e4-8e80-4bb8-8c92-ae46accca3f0,Xvmtuah,24,Brazil
fdf4cd69-6339-4d64-83bb-80aa525ed48f,Afidljzciifdt,37,France
685e3192-794b-458d-8cac-1d5bdc3b553f,Riyaqq,29,France
4d1cc34e-11dc-4eb0-a367-3a180d3cc697,Ohcicssmxxws,42,Germany
48c06b01-eb37-4a2b-99b3-e2c02565f21f,Rhnmtrhfsj,57,France
91cb99af-dbea-4ec2-8074-ee22b77efa23,Kjwdebgm,22,Australia
a3a2b890-f5d5-476b-816f-407cc3968979,Eyommvcfomfzglr,43,Germany
e3c8e115-593b-4558-b906-812cf6623e91,Emwssnip,31,Nigeria
a3687bfd-54e7-4399-85b6-57acb4e7ec49,Mgy,29,Germany
8fe44dc7-e836-42db-870d-2c023e99f16b,Kgizblmvgnknka,26,Nigeria
8e21785c-47bb-4187-aaba-56931eb9cfec,Ccthqzknsudkdz,50,South Africa
06f59bb1-15e8-48dc-a52e-be6233900691,Trlckyiuknhydvs,36,India
034be34d-f0b9-4ea6-858f-84662e3f4aa4,Lwztscnhqwo,53,Japan
77cccc83-746b-467d-a048-76640e0eb9d9,Bwiux,29,Brazil
69115175-44d0-44a2-b9e0-3afb6de3d3cb,Htidniqwkoxtvd,34,Japan
614d2ae2-1b9d-42ce-98ce-8e81c9deeb11,Itrlrisgfrefzmk,54,India
4ec9f711-6c02-4d0a-89f5-00e30cf4faac,Pnopruz,41,France
5db58021-8d64-4fea-99ff-97b08a3fd214,Uicvshnxcxp,40,Nigeria
ee7e7898-65e2-4792-9c1b-154c576d3354,Qkmjdnapuxm,38,India
f3bcdd85-f034-448f-9608-aafa7cba8474,Blj,41,Canada
4620a2c1-128c-4437-9e36-88160c77d560,Vjzdqxlinsmobx,60,USA
ed39ef51-e697-4ccb-8f26-fb1a7018de17,Hffdtdrhdlnt,33,USA
73396fe6-4700-46c3-b2bc-9ea472b88966,Clieoxtizig,36,India
b1a0e6ac-286e-437c-91f1-30b74be0ca34,Fqjsldiefjxic,43,France
e05b26ab-3445-4505-a71a-9a0b171c8016,Klqayxw,33,USA
3c74bbf6-c617-4212-8db4-6ecf39842fb7,Pfehyggvykf,24,India
f568f128-f548-4e7a-8f44-5377c59a81bb,Wjvxuwupaoithbl,47,India
9af55e2d-fa3b-4feb-b4a1-1a2b90db19ea,Yasbdobkd,51,Australia
e552c7cf-cc62-4e4e-a343-5c79f2a01e09,Jnwpupqoy,32,Japan
1ef45bad-09c6-4f7b-98d9-32c325bf9ba6,Avahzemogebmr,52,India
a67eab0a-5d45-4c34-8275-488938e8859c,Ldziiw,38,Brazil
fa2e1801-e2d4-4bcf-9837-477decde8a79,Povoeflecthad,20,France
238e8bdc-9c1a-419e-b9dc-6222aa0a9fb9,Vhatucwygks,33,France
5cf3ee2c-a9ba-4427-9849-ac4b95f3c226,Hxhxxunzbtlptlg,43,France
95164ca3-e2f6-42fd-8f9f-7031f21f09cc,Wqffqsulejswi,20,India
90c6f8a5-4534-4247-9d10-f3b12e4aada5,Yzrpnph,50,Germany
d6c0bd83-8e5c-44e5-9624-ba02d92a2c55,Gbxspgrrshymatm,45,Germany
1b0a149d-14a0-497b-93da-469d54d613df,Gktd,51,South Africa
03770a7d-ac20-4780-bc91-bda1a6811aa1,Nnpsxskew,59,USA
f0410517-c25b-4e22-a327-3971fba922ed,Pjiqut,31,Germany
03502dc6-4535-4dc1-ba00-4fbeaa532e66,Ndcjhbwv,25,France
bf135fc0-96b1-4f15-b4cf-03c35db006b5,Hofkovnfrhwenx,55,France
29f44074-d04d-4af9-b512-8bb27360a858,Fcmkdwcsocgalk,32,South Africa
daaee78f-cbde-4046-bd1c-4c3d95ef36bd,Lsfcbrpchlpboz,48,Brazil
8192c239-22a7-4500-bd00-c3fda2d6b44c,Vft,34,South Africa
95f339ec-d8f6-42ca-8fcb-34a24a0a2d44,Qvezounybhca,33,Germany
7a32e0d1-0148-4405-b574-b8eb5fcaa0cc,Ugg,21,Germany
5686f571-fdcd-4e56-bc3c-10f282bd8bd6,Rjgkptqvvlrle,35,France
2cbbe4ff-7d1d-4a73-8ec4-fc7cfa78161e,Gvzc,45,Japan
7e2474da-13cf-4deb-95a9-c8a919a32c31,Zleffdwqqeleau,22,Australia
4f197785-4822-4d0f-a09c-832ce53a5ba0,Oqkiqynzbszq,53,USA
8bc297dd-5023-458c-9899-10e12c7b183a,Lawsruhct,33,Japan
c5136407-e813-437f-b84e-4361e9b4342b,Ebv,22,South Africa
3edcbd8a-4ea3-4d8e-aa13-f49e93180072,Qrqmekpbnf,49,Brazil
2beb8154-3320-4770-88f1-48384585a3e9,Qytznxaaf,22,Canada
f908839d-da3e-4f4c-a73e-a24a170c8aa3,Dtulcccpis,31,USA
b22cf8f8-e2e2-4803-af69-06ef819d92e3,Zhqijfhtxgawwx,35,Australia
16555b1d-956a-4804-aee7-e5c5db406b57,Ioloxeipbmst,44,France
25cd04c3-4714-45fa-a00a-fd4ebffbc0ea,Xsolsarbbwxijd,55,USA
f3557ea4-27ff-464d-8a1b-38c905053520,Tjsgczfp,48,Australia
51e620a1-2d64-4999-b864-3fb5c418fe4e,Rjnxqsd,34,USA
c8458fc0-8687-4720-ac07-a0e4c1e6134d,Ennraetaamq,39,Brazil
17d1690b-07e3-45cc-a333-97c18e472e63,Dsiwgh,33,India
7ac69498-a65f-422f-b05a-d1e93a5c87c8,Jmcrcr,58,Nigeria
22b6425d-3dd2-4f35-880b-b0d2dda72a92,Ndvtyfnfnlx,36,Australia
7dc5be93-2f87-4ef7-87f1-5401ef21306f,Teueqxhuorrrylp,27,India
20d18f80-46cc-491e-9900-4809dc01dd4a,Jwc,44,South Africa
4ad89b17-9a0d-44f2-b020-a7e754c8d494,Sxlzg,25,India
a8ac8e22-01fd-45dd-b4e2-84fc2cb4710e,Ejxazzobirfyrsz,56,Brazil
9c39b3ed-5ca3-418b-8a70-c63004cf12a2,Kdtgnhvgfhcre,49,Germany
8e6d3eb5-b2b0-4b4e-814a-22a2d243b2cc,Ybq,53,France
5b4fc8ea-79e6-44d2-858b-6649d5be05b4,Zlolyefqugelfj,49,Nigeria
1d974830-ffa2-499e-ad66-394e13892050,Dfrpyf,57,India
3d26026e-3e82-4cd0-85f3-c9844a3bd9b2,Shvuhinvch,18,France
d54da75f-b348-4d07-a4b4-63bca36b280b,Nnpzyxx,57,Brazil
60a540ca-7601-4120-8001-a67819f6a7d2,Xnfflmv,31,India
6de634b1-776b-41e9-910c-66253afff19f,Xoffklsowv,56,India
dc2bbd7d-e69f-4a68-94d5-22e8cbd7c8b9,Bffvskkkggtfp,26,Canada
d9406079-50ec-4998-8198-013e9153b7c5,Drtmsmufczrwzbh,18,France
517f84fb-ae43-4166-9c9e-56f80b14e830,Ioxhji,32,Japan
5f989dbe-0696-4c3a-9e70-c1ac2d2c4786,Yppmrwrmlirdmf,21,India
f6e7cf92-bf11-4907-9b39-288f1659e4d5,Avrjrvgdiqnejg,23,Canada
14a6569c-e9e7-496e-ba24-ab05115d62ec,Nrxma,58,France
97b69723-f647-4190-a49e-5d2d8c2f3d2e,Oyzmhjvddneomvh,38,Canada
d4bccd2c-8236-47f8-ba62-a331e22ce59b,Dxijsdkgs,36,Australia
783fe5ef-499a-4daa-9f44-7a847f88af81,Png,60,Australia
174acc5e-fe41-409e-9f72-e0242c960358,Tqojtfpcpnmc,60,Canada
aa634911-3472-43d9-96b7-335ea3aced47,Loomlxxqliaiuv,42,Germany
59a327df-aa74-42ff-864b-7fc447fdc557,Azxofeyd,44,France
5e6559c8-dc41-4e92-b37e-a6ce3f5583f0,Rcqtap,49,USA
47bb7cd5-6d5e-40db-860d-14816fd71593,Ibekm,59,South Africa
b183166a-019f-4518-b52f-df02b3e11b97,Uvksuokpiyqlzm,26,Nigeria
5a7073ef-bc6e-4a3e-af3e-c448012d3e93,Xwlsxxwvzsa,43,Brazil
8e8a790e-7fe8-40a3-ba6c-ef63bb74dadd,Kehlrynkrwffiks,34,Brazil
74fc87ac-77f8-4fdb-ae82-5e6117c3ee1f,Rawho,57,Brazil
834ca2c6-58b0-4118-8259-7c598bdad5f4,Ltqgyrccosuu,28,France
aa04a4b0-1e8b-442c-b279-d4442282fbbe,Eck,42,France
d094ed24-bb54-4ed2-ad78-ac95c213ab88,Hrbzdeib,46,USA
5cd12ba4-b180-4f01-87e5-d143aad96aa9,Tlquk,30,USA
42a0dd08-86d3-4ee4-b8d8-fb5b28e3fd6c,Gsrj,58,France
e52342d1-bcf7-4aa3-b32a-3ac2aae7b515,Zcnpdnybufdsx,40,India
42b6e5aa-5516-4ee8-9aee-3d1260bacc3a,Eanm,57,Canada
1a81ed4b-3d99-4022-88a8-a6f4d17b9d24,Yftprp,29,USA
eebcc8ae-e721-4a29-8806-b353965d2365,Jtdtsvzr,50,Nigeria
6166cea6-ada6-450d-8d35-71208a21a3a6,Ynlvhnynhdwl,25,Germany
dedca0d9-52d3-4c30-8898-dd5a2e37b0ac,Jyyprcussasba,28,Germany
0fba82da-cfee-4e52-ab7e-f923eb1a5a55,Lltkiybdxju,34,Nigeria
0ef22cdc-6f05-41b2-bd5b-594b01625850,Ddpahysmnmtjk,53,South Africa
7e71e8f4-5165-45fa-a69d-ce62edf8b348,Rdalszflyggdjy,37,South Africa
a23ae20b-5ca8-451d-b2a8-637f63219d1f,Xbrpgdrbkzs,41,Nigeria
838e6155-534d-4f02-8237-000b5fd7cdbd,Zbgraqgtkcckt,48,India
b34de527-83f8-4cb8-8546-5081e8e563fa,Okwwrfuhwtb,56,Australia
17c4ce55-5ccb-4a18-abff-2ce35e27651d,Qqmkfvx,32,Canada
191690ba-482c-44a1-9cfa-d59e31dd899f,Yfoyzwnmahxg,26,Canada
38b5c5a3-54c8-4cba-8af5-08e8149b1f17,Gumpnibp,58,Canada
b659a433-5461-473f-ab67-4d177668a3fb,Oxcfvdkvqlh,21,South Africa
6a442ec1-70a2-492e-bfa6-6fc4c5dbbe06,Adl,51,Canada
fdd3f140-4328-497c-99ed-5d3ab133ad8b,Smykm,59,Brazil
9b696e3a-e4aa-487b-8897-263f5a2ea02d,Upeyeik,20,Australia
44de738e-6b6c-4cf1-a77e-abb5f88e3fec,Kznvpzsn,33,Brazil
52149a22-4794-4f61-8365-e611710d8aea,Kxiteyf,58,India
7ebc158c-30d7-4ca8-88e4-cc97ff4d8ed8,Lupr,50,Japan
f009dacf-b73d-4f66-a5bb-720130b439e8,Frkhcprstnlu,22,Japan
d85d18ef-0deb-4494-b456-42c5de807db2,Gjqbimfhk,48,Japan
f3449860-7412-46e4-a373-02327db87633,Jyimp,24,Brazil
73995c91-23fc-477f-85c4-a126ceb7177a,Tijcojxrumx,60,India
a930ff7d-7775-4961-aab7-2ffb44c88fe1,Icjszvaih,56,South Africa
e850f461-d7f4-4048-8c4c-d362820b2ea9,Zywushkvzly,49,India
c144a7b0-be66-4e69-a9fb-b5b7330c427c,Omiuo,57,Australia
a382c85f-6815-4e85-9407-46179576d1c6,Iznaqmjputgltq,54,Nigeria
8d5825af-600f-4603-a909-58557786a3fd,Fis,34,Germany
bd24e801-1be7-4035-a907-b6238cdddc8e,Opfnpjo,31,Nigeria
3c4142a6-8c64-4d3a-9630-9d1baf78bba5,Dohrdocgf,35,Nigeria
4576e36b-f915-41b7-ab5f-8bf1257763d0,Gnz,58,South Africa
e6319eef-2a2a-43d7-b573-2b1de3aa0434,Yzxnwealycwas,49,Brazil
0fc6eb10-ed95-43a6-b040-d135b76b38a0,Tafptawyakw,56,South Africa
acffd0ff-9041-46c4-b4da-53cfdccce611,Qmtkadpzhcrawd,38,India
111967ab-cfb0-4d7f-bf18-3e63e7e413d3,Rwbsbzagepvkcz,41,Australia
fb083804-3fd7-4711-8406-00199853ce25,Lmhk,27,Germany
808795f5-ca77-4740-b8ef-7c2a33c4aa24,Viykclimpivdna,42,Japan
94e3144c-6353-4a3a-a73c-2412cfae1feb,Tuz,52,Japan
54cf5415-b0b3-4206-bbe7-0beb13d843d7,Ikvhu,41,Japan
6318a488-7e89-437c-af6c-ba30cf305b10,Kzoldccr,36,Germany
b8073d78-ff52-4886-a4cd-d81f7cef8fc7,Mngzbx,50,Japan
e866c003-4b9e-48a8-89e6-69e4f26fce6e,Avegxwbpbsjdnlc,36,India
429d135d-2a56-4592-8ab1-0dc85406ad9d,Mroiovvltmzh,51,France
54cbc6d8-40b1-420a-bfd1-b350aa7b8ba7,Hleycvhcgc,37,South Africa
31f150f5-cf1c-4ce0-8a2a-dba3749d76be,Inkhsuhpozzws,41,India
f72df1a0-3fd0-41da-bff8-3432ca6c5bd8,Veddpksdr,21,Australia
f3341660-19b4-41e4-975e-5bc448fa8e4c,Eugmgpicxwuw,36,South Africa
b91bb2e3-66ea-42c4-9151-e64f6ba55854,Ekbsbmufi,31,France
9f6049d1-7f8f-42a5-898b-137a4c3c6f3c,Ydnxrwgk,38,Japan
7d993296-b793-4d72-91b5-dea732676873,Gnshycquussdu,19,Japan
16c93312-102a-4b7c-93e3-362e3c85a5ea,Gyfuowvnmklnjeq,55,France
cc0358ba-d8a2-4b8d-8b80-a490c6c5627d,Jtxksvyw,36,USA
4f244ea9-2a39-4338-9789-6ceaad8d3aae,Fvqvjfglhogams,30,France
bffdeccb-c4a1-41be-9bcd-d15694415362,Vojfocm,47,Australia
782e2a57-9f33-4cf4-ba53-9c8896a42d30,Teyzxnqqrfnzy,18,Nigeria
c7e61d35-c939-4789-a99d-cb5adf89a4b2,Kuchrssrok,52,India
10c2ad8e-088f-4036-83c9-8f7ce38372c1,Zjkkqecm,32,Nigeria
1f3ce6c9-6f91-4cf4-8e3b-ea3091f57629,Ubmqzca,33,Canada
da40b2be-86c0-43b3-9250-801f258da104,Igwod,19,South Africa
945f0c65-e5c4-4f07-9df5-c1542e9a2e8d,Cexizgqg,38,Australia
32912858-8880-48bc-b4ee-f1d563f451ef,Uosnrq,59,Japan
61614a3d-08c5-4d88-9b77-645ee91cca46,Hrayiphcg,45,Japan
0d4faf2f-8b3d-4070-b76c-5886a3bc0a59,Gsjlriv,55,Brazil
d90d0048-3ad0-4c60-9ac5-52cb71134eba,Jlkcubhaspn,49,South Africa
b685ba17-bd45-4603-b072-6f7123b0ed72,Krqpll,51,India
76e5b48b-23ad-4dcb-9ce9-2377666eacce,Klvrlxxqemrxmx,59,France
a295c29d-50a5-4394-a62c-055c47ff4b3e,Hcpqjmn,20,Germany
2df944cf-d567-4fb2-b397-54a263f19482,Opvsokhgrqignxh,43,India
9770654a-7228-448f-9b3e-14801852c0d7,Ouqbzrue,22,Germany
c06c75db-5d66-43f0-91d4-f69e404cce62,Qkerwsfx,19,Germany
a6975d1d-a6ec-4587-88dd-2f027b4abb97,Oouctjemlruuof,45,France
636f88e8-a319-44e8-94bd-1515dd421d84,Wnfjuvxnwy,44,India
6739cf45-e3f4-4741-ad0a-868a559f5089,Pouyhmtcwc,50,Germany
ca090e08-e97e-4d7f-9411-c2f595338fe3,Nsnpukpjantwdne,44,Germany
61e7d843-01fd-40dc-96e6-edf73b852309,Ixybjexna,27,Germany
ce668509-8e2d-4759-891f-76a54efa9a94,Mtrgnqnsfhym,25,France
15ce6865-d0ac-4c93-ac86-7cd6f64b5256,Zrcunglycmslwg,52,Australia
00f5c85e-1989-4222-b0b2-83159c91d06c,Ixyll,40,Germany
d0512dd3-54f1-4d5d-85fd-385e7a30d5d6,Yxrjg,35,South Africa
dceef1ad-b011-47f3-8e5f-c4fa75a028a9,Srdqjdvtykr,60,USA
7bc4525a-8d17-484f-ab58-952f2ab01ee4,Aaihsaqykyry,47,India
6612586a-dd02-4738-b3bf-de27b2444731,Rqfkkjlidnu,47,Japan
dc3f96b8-455f-435a-b9ba-8b67f6b61f20,Rggqyqgirpjweo,28,USA
39284a36-4068-4f02-be49-e868e0fffe74,Qdcvrdh,28,Canada
c820c7ce-8db1-4de1-a407-148595d3aeca,Ppuu,37,Germany
61d2b765-a795-46a1-88ca-eb9edb3adfc1,Ymlfapaa,27,Canada
2d18dc2f-4369-4912-bd87-c980b6e693c6,Rdwrhliok,20,India
bbe61c68-a074-4129-bf05-047a211053ec,Vaxsuzznovdygtu,47,France
6b92212a-ec5d-42a8-b3fb-13ca0747bdfb,Uovpxjit,21,Australia
a4a1f11e-9e45-4319-8e09-d852f4ae18cc,Wtrtyabwimdwixf,20,Canada
4b61a2df-2661-4656-b1b7-b48c1cb1be3c,Riuuwjjha,36,USA
df267bc0-5f36-412e-82a2-193a7ebabcfd,Vraelqljupqyihe,46,Japan
84ffc404-0e50-429e-bfd3-04c7d1f6a8e6,Veclujsdkvpske,44,Australia
34729829-9b47-4177-ae2e-d9c27c6e0103,Pscpzb,38,USA
0bd326c9-e119-4193-9acf-6a3d85b5685b,Mhyvefcg,51,Nigeria
6bd1bf7a-335a-45b9-a448-ff8ec7a610e9,Lcesctgoumin,35,Brazil
e3380cd7-0e0c-4a59-835c-aa4a3e8ca6fb,Risct,28,Brazil
e506d7fc-112e-4bc3-a74c-a8688525f46e,Xqfrtrge,52,India
b49c744a-b670-4507-9f8a-7ee5d36e8238,Tcrsjkop,52,France
d15c7a1a-273a-4a1f-8c8b-9dbad5b9bf97,Aued,44,Canada
e809b9ca-1bab-48ec-9159-0e1bb58c4045,Ynbvlsyutipzesi,54,Australia
39bb944f-1e5a-45ea-8241-c3d25d7e2d28,Kibx,32,France
5437e278-3743-4992-b9d5-998a97099cce,Ongcqdrbdkh,59,Canada
5c378560-de10-4514-8cdb-c805a1f7eb2f,Llnxheuybrkakhb,20,Brazil
173b602e-3394-47e9-be56-2eee8197f18e,Cytjfrho,24,South Africa
3e62cb26-75a2-40bc-ad12-2badf8c6692b,Gdfdcvudoyqmhh,24,Australia
46b442ca-30a1-46a9-9489-325f7d864c15,Qyyvvyzyqeva,50,Australia
146ea126-8315-46f2-8e46-a159511dd353,Tfzuggapumq,40,Nigeria
7dfa85f1-71f1-42cb-aa9a-b575390e7c35,Urqqyatvjeq,41,Nigeria
81ea6296-fab3-48b8-adb3-dd92a8ddeaf3,Pjwgizkqd,45,Canada
99164d5a-f0a4-4d92-b959-8df180d9963d,Fkpyut,26,Canada
1a4538f9-c291-4195-b5e4-52a79d28865c,Mzrnoihtkg,41,Brazil
f9590693-d5a1-4112-a640-b6ded5eeac08,Eobjuv,21,Germany
cad9f3bc-18c6-4b52-b769-cf0aa256bbab,Kkrowehhryjid,23,Canada
6d2afd32-48e5-41a8-9336-9eaf1360c998,Fvh,59,Brazil
07be2d91-4023-4ad5-ab47-240590049f19,Fwfmyefuvsxozps,57,India
820ca81a-fc3d-4f29-a935-a97a6d3dfbaa,Tlvegdyqquxjcz,34,Brazil
1bb12bdb-3825-4ea3-af4a-a3a483719d02,Hcszoefkeiwcbhs,56,France
9ae5c398-4bc0-4800-8adf-729d137e5989,Eagegbabjz,57,Germany
8e6b5056-5c9d-4716-930b-e53e747d51ec,Prw,31,South Africa
833ab5da-0d3c-430f-bfd4-418cf67270a9,Mymqzia,30,Australia
88e45365-b37c-46d8-9323-63e0273cb4c6,Pvbksvsysynp,47,France
8703d4f0-a6ea-443f-834a-b4fbe60222c5,Cnfan,37,India
8b6bced5-1b37-4ebf-a02c-91d9fd817e04,Acleomvyccadcu,25,USA
856375f5-c185-4a2f-8339-3913ca2c2add,Dpo,25,USA
69846f2b-7e47-45f4-abbf-7b35f27bf391,Keprku,27,USA
961d8093-6d9e-4500-a28b-ebaac26bb05e,Uqbewgq,37,Germany
adde4a12-2e3b-4102-8177-397b48a45ba6,Qfcjnlnnunhfbtf,31,France
88021e8d-8b7b-49e4-82db-81026f3a9721,Iawnnzphhtfvfd,26,Japan
869b60db-734b-410e-a002-9ca952f97e8e,Ercznff,35,USA
4fc76bde-0183-48ca-bb69-1e9abe0d28b9,Qrlnawh,41,France
dc86ad83-7073-4040-9e10-d2df8029991b,Bflugsrhfjqlgdr,54,Nigeria
baef770f-cda9-4a7c-b3b5-a96be136914a,Uqkjnrptqse,22,USA
be2a61a7-ebbb-4e2f-a5d3-1c90847e670a,Qbdsnnwaerkhyq,27,India
935e3468-3e42-4360-92b7-48ff08750c2f,Ovfkmndsxdhbty,32,Japan
619950d6-d2eb-438c-8018-998d3fbba9a3,Smlpabidawjsxj,47,Brazil
03fa4416-956f-42ab-8e8d-8df4d2955329,Vaao,36,South Africa
4be7acee-65f2-45dd-9774-dce07381bc8f,Ljuewwuztdgqqs,25,France
0ddbbe27-5f87-4f5d-a11a-b5e5734eac27,Dizgyklzp,28,Brazil
15b194f4-85f1-4234-bbbd-99e87c51230b,Swotmof,26,India
ab53b733-5079-4263-9c6c-c17bccb53fda,Sgzvryacggoyd,47,Australia
c255ddcc-577c-4d58-abf9-9bb9ac85441f,Mpmbiqymyau,60,Australia
88d5e418-ddfe-4b34-aa03-d3185f9a4029,Pcvyueukrcsot,40,Japan
e054eaa2-0e1c-4654-ba44-69e20c2fca9a,Ptladajot,47,South Africa
f86c6907-d2b9-4dbc-96d6-d4de2049aadd,Fhjtqsflcyaff,28,USA
bf194794-a9c3-4f63-a795-0b65b6e6bdb5,Nauiiqqqss,23,Japan
d045f84f-4bfe-4c3f-8324-e54585098f3f,Tdn,28,Germany
abeca7f7-8e35-492d-97b8-b2e2e1092be5,Tzlohb,35,USA
abe67a89-e031-4359-99d3-a6ff1107213a,Kzksbrjldypc,33,Japan
708e73ad-fe5f-4f00-9ea0-f3efa5122cc7,Ectulvcume,27,Germany
e922bee4-7ae3-40bb-9b37-475eb767d7b9,Hxdgk,24,Germany
5feaecb9-b572-4d16-90a9-f358f8aff269,Mzalna,55,Nigeria
7005eeb5-8a8f-4ce0-a317-cfca8eedcdee,Aoryoxwwbwl,33,Nigeria
62a6f0f2-2db1-4e6c-9c78-4b089dca8878,Woflnujakkv,28,Canada
fa12bd78-0eff-47e7-89ff-cd45e66b7d6d,Tyhxexuocbv,55,Nigeria
2b3eaaf6-807b-4626-bc0c-e84c8fcaddec,Jhublask,28,France
e0ae77bb-69f9-4f17-9dfb-83224ebab6a1,Enexyrg,23,USA
fa10c178-c4df-4bb4-b133-898a13d63493,Xvoxojsrskv,19,USA
9d4324c7-4615-41fe-9f36-9d01ef027c64,Hxkkfaij,53,Nigeria
edacb16d-20ce-409d-bfe1-7ce74baa13c9,Tifipc,32,USA
e6250f0b-1c9b-4e08-9d82-c17a6e031750,Ekhmultz,22,India
22d5d3e4-45da-4ae4-b38e-288cc4cc39a7,Atj,39,Canada
3c92108a-a10b-435a-842e-c5af0d4f87b0,Aqfweeofdrufa,47,India
a6b48615-6686-4be0-bb69-a2b09ebbe288,Dmpxluqrx,50,Germany
139fbf99-611d-47c7-b9be-7f453bb2394e,Scndphacwof,18,South Africa
fef32e06-e32e-427e-93dc-850e13fa52e6,Iqcnqjozfxn,42,Nigeria
c306e414-e9f7-4cd1-b9ac-407a4248f4ea,Ujtfthe,45,Germany
b09eb533-d4da-48cb-892e-1634c607073f,Wkovjqlvzwo,26,Australia
d86e899d-2f6a-47f0-9292-d8032ef39e8b,Gnq,42,Brazil
ccb1dc57-8f90-4477-b2c8-a0adf82deb12,Hdjkfcyyahk,27,France
310d057a-252c-4a7b-9974-8794ec163f28,Monlosrryhcaeu,39,Japan
adb768bc-9a69-4276-87da-293bd73a1a07,Vlssex,58,Germany
0d5edf7d-8654-4742-8881-9c6b05bc2927,Yuiolavzuig,38,France
0c2e937e-98ea-499d-8b60-2a9e1b3fcb80,Eipnrxovgmid,27,Australia
d0df0dbc-c822-4161-89fc-3f14fbde1b8f,Yxvsduwqqsy,33,South Africa
0bd183fa-6181-46d8-9486-9a8ae77c511d,Nijnoqr,31,Nigeria
0571a8b6-6092-4ecb-8a51-41cccc3f903d,Yjvxhhaz,34,Canada
95c7c210-8652-4adc-a371-09734b6cf701,Lsjhngll,34,Brazil
0179be53-508b-46da-9bc3-e4f5eb1a6fc0,Zzfznfo,35,India
563cb1a3-69ec-4e9e-b08d-9baf7376f24d,Mjl,48,France
76a9bb83-1b51-4ef3-85ef-290789acc3a8,Mypzkayvt,49,France
f0a4fe2f-56e4-4ea6-bf29-64ad09a59e85,Tvmrbb,55,Nigeria
87c6b8d6-f9b7-4549-a23a-933a16cf07ee,Klurl,36,Germany
934e86f5-16c4-4783-ac6d-3e94cfcdb3eb,Abuurigxngpvimk,58,South Africa
24c70013-b1e7-406b-9a49-1f452592c76f,Yuubgrgypdycd,58,South Africa
dced532e-49c7-4cb3-8c7a-7acc31a61895,Vkurg,50,Nigeria
6b43d89b-3869-4418-9923-ece723a75c5b,Cjxx,50,Nigeria
6136618a-318c-4687-9f97-c9b7d836c0c4,Nikpjgtmubcffhl,44,Nigeria
e9039103-bf71-4217-9de8-a5cef8d764d5,Zdcawqdilao,26,Brazil
0c0e746f-d2d4-4031-bb95-453e63cb3be0,Bdasyslebgydqt,35,Brazil
a7e9103a-4dd5-4442-bc95-cf3168cded25,Tmhzriegujmwss,44,France
d958dadc-92bf-405c-976b-7f36a044773a,Eslagsnmemxhmzm,33,Canada
aac263c6-ab30-4f69-8a49-7f5b6a41c434,Pvsiehgppekmazv,40,Australia
7bf37542-ce93-4636-8ada-cbc70377ac01,Wljtxegjjybtsiw,43,Nigeria
5365f965-2b06-47b3-b613-6a592cffcbbd,Gzu,32,South Africa
7dfe9bdc-6658-4f9f-895a-f168b70acc3d,Wtfzgklft,41,Canada
1b7f42a1-c439-4c20-ad95-0cee4f4774dd,Iuarozwxvmnliqg,44,South Africa
04eb1e9d-aa7c-4951-82d1-02dde0cfec78,Inghhawqbwkdp,48,USA
f5957259-2c96-4a29-9069-bb17d6433007,Xmunej,54,India
8c2f2232-f694-4d93-8e1a-9b44ee6a9fab,Eqvzxzlufyw,44,Germany
28a115b9-6695-4f50-9ebe-ddd30a36a784,Dnojp,43,USA
21d06194-c713-4f71-8cb4-9be1ffb282d3,Gymyniuuq,60,Brazil
f439f601-f9f7-4d04-8446-5d003d10f107,Kkkcgrh,29,Brazil
61a7c896-bceb-4a2b-af33-b37ac2cea060,Huugghmnilscjs,25,Australia
98001b8f-98dc-4903-a6a3-fa5233e14dec,Hkwvee,57,USA
834d7ba2-1acc-4aa6-be6c-1c6db9ae1e2e,Hutdfolsktj,54,Canada
4010b154-0ae8-4511-acc9-25a73392c203,Qeelaxidwu,20,USA
9545688d-f8bf-4ce2-b310-308fcc9212b4,Ufxynohncos,37,USA
ac75ffc0-23d6-418b-8825-d995415dec9e,Dxdlqrgqtwwisi,38,India
4e015f16-f968-447f-b53f-4c466619ac05,Nszkhku,50,India
a591bd8c-1da8-4876-a538-d9fc7c80d551,Shezenqxnpib,59,Germany
bf77b908-7fd3-418f-996a-6cb6a6a9170f,Cbhnjuv,51,Nigeria
147c3a12-3fca-4233-a27d-c350d8f91008,Ekksrwztlxcl,32,Germany
243d07ee-2615-457e-94e4-4b581d028be4,Ouecpzljma,56,France
fdf1714b-adcc-4ab2-b026-b92fb44812a8,Uzjhikshu,31,Canada
18f1d6d9-5931-4a5e-9dd8-20bb2d23227c,Xfsfg,57,Australia
7746960d-3a1c-4463-adcc-873dca44c8d5,Uhkohompdkswew,57,France
1b8845f2-4ad7-4960-96fc-a3327f654c55,Jeggojwzl,47,Australia
8e8ebeae-3eb1-40fc-9528-d9e43271c287,Txbaeznebblxlrp,54,South Africa
6d000e61-149e-4c02-9123-c0411d296e15,Oimzxupufngui,40,Australia
28e7c928-f632-4086-9877-0d0019843413,Iuxxiwml,22,Nigeria
74511d6a-16b5-4bf1-a688-6fea3f3defb0,Nhrorwb,41,India
56fdd97f-e18b-4b88-8db9-a282b2cc2a28,Ksmtvpllpx,32,Nigeria
a97c2047-c1d4-4d55-a791-f9f2c92bb845,Nnevlqafpk,30,South Africa
72d91c6e-8546-43d4-bb7e-649196fc9cdd,Blhrexqkevymids,23,Japan
338b3947-c180-4f9e-9002-7ad5828655ee,Fntjslybbsrgel,35,Nigeria
e335e9c1-bc85-4cb6-8c15-c626ee2e2b89,Qnjvxidm,44,France
da6b2921-21a6-47ee-853c-582de37c674a,Xmck,20,Canada
f04d64f3-adf7-468b-bbfa-66920e597b3d,Jfuollmbigh,22,France
e5e6ebc0-0991-4b9e-b041-18824e17f296,Odnqepnnzxjmp,29,USA
6c75b986-3b12-4e16-8bcf-041563c5da52,Tkzg,39,Canada
c6b3949d-21a8-444b-a1f5-7b0a2a39056a,Bibtaemtf,18,USA
7776e5cf-7ca8-4363-834d-683c47c19150,Qvqatj,59,South Africa
fd0d1873-b7ff-4bbb-8d7d-410a61eac1a2,Hgevqwneujs,59,Japan
f0cbc94d-90b1-4624-9b73-af3bc1d69483,Uczcs,20,Brazil
99bebef1-d135-4515-b5bb-8da7c6e2f746,Dxyhpbplsjfod,59,Japan
34c348ff-2751-4abc-bfac-0a2cd64ca039,Noqefljpbiuslt,22,Australia
f69d6d8d-efea-4e7a-b981-e712ae5d6ec5,Rcbphokw,47,India
77c275da-bdb2-4fe1-9ba3-55c34a7d36ec,Dcxj,19,USA
4d58a1c5-1738-4837-aafd-9bedcc89b1c0,Dazinynchqojy,54,Canada
8a542d85-03d0-4644-8fe2-b6b6098672bd,Olgeid,37,India
4d8354c6-886d-4363-b2ee-db05c4d0290b,Mqudicehin,33,Canada
a63ea50d-c7ae-4265-a0ed-db3e012b1ec8,Zvbqakyjpwzzhs,20,Australia
2412ce4b-5985-4727-8fdf-290aa5b5dbc2,Diskgknxouxvne,36,Australia
ae9c6ffa-33bb-466b-89bd-6104106c69e3,Yxxwtafnodrjq,18,Germany
31b79ade-2b50-4e75-9993-4ea1d3bd8145,Ygjbmqz,52,Japan
1aa1dd9e-2580-4ab7-8115-490db19cb1d2,Wraegctrcqjyegq,35,Australia
9bfe6519-d0f2-47d1-a62a-075490b5eed2,Sfutq,22,Australia
aa78386f-291a-4c91-906f-78678578f645,Ssjgvtnfebcbhpj,48,South Africa
3953599a-6547-4f91-bc30-b67bbdae43c0,Zpaiqovoqsseng,38,Germany
efec3f11-6750-440f-86eb-f56f80298e00,Pavu,35,Nigeria
ba6355c3-b7af-453a-aad8-9b6ae183a8be,Klrkoymmxuwruu,32,USA
c716f2e5-6087-4d66-9865-a5e35ffeaa5e,Jihrkbcyssxqua,38,Japan
5074bcc3-21bf-4d19-8cd9-1da655383e42,Gxvjlwzoreft,30,USA
0da110dc-0eb1-4076-9b04-0a13ef1ed21c,Vtsgorcqjuc,21,India
d95365a0-2eb1-46b8-9da2-c2c05bd72439,Nnx,33,India
9df60b68-5a81-40ca-8880-d1557a1038d0,Ppcdlrxdbciotet,33,Germany
a0a3689b-952b-498c-a8ef-9cbfbaa5c1cf,Rjeixk,27,France
a81d3edf-2b57-478f-878d-09032e46d291,Fpo,27,India
67129299-a0f4-484d-8c2a-546ee2eabb1c,Ajvwbikakxtn,31,India
86cc0fd4-c7bd-4669-8c59-3b91afdce14a,Ioanjywuoicwlvd,53,Nigeria
620c4854-fe01-4846-93df-9a365ad6c99a,Iiobefkfbzdh,23,Brazil
fe1968ad-9d43-429e-b6df-b2b47337e1e7,Hetq,36,USA
3ad782eb-c718-4859-a7b9-98a4f31612b8,Sjinx,25,India
139652fb-db33-449a-bfb0-0810a31187b5,Kjhagegqjsi,51,Canada
06f93bd3-ef54-4b31-8351-0a0d250e173a,Rlrerhxmsysoqe,31,Japan
bcad5a02-e4af-4dda-84fc-7d1a96d5545b,Qztfiegby,29,Nigeria
a99c5c97-d982-40b2-8799-9bc157b648fa,Paxngjkmeoqrxln,39,India
7f0a101b-13e9-4650-9551-914a504e193e,Dnmrdrjcyf,34,Japan
49c5d793-b894-4135-aac8-e528dfe39221,Rtjqlhmqfjghj,33,Japan
180af8cd-5ef8-4d3d-bc03-e9da2467132b,Xnhkiwk,23,France
7cd02a68-da04-41dd-954d-21bef628d1e3,Hlljtfviri,39,Brazil
ecdffd22-adab-4224-9c48-9682e7bff498,Vxpdvuv,19,USA
877724fd-2fe9-49f0-bc05-77d97940b850,Qnwwlufdeml,51,Japan
984e1926-de7d-4364-926e-34b7e4ba88c0,Euczqlaj,60,Nigeria
b38083d6-e526-4c11-bd92-e9e458ec41b1,Nzxirbrvkmr,43,France
ed1d3eb0-77bd-47c0-b991-4d961dc3f595,Rfxjkcroranump,59,Japan
b5505b53-ebf3-4168-8230-a36968b2af6e,Aajclzdt,37,USA
9a466339-4d91-4b3f-a080-fbc998e11c69,Ekqd,36,France
3660a362-1fad-466b-bed7-763f8a5ed03c,Vttmhk,20,France
d173753c-b785-43f0-bb1d-6d6a748a3ce5,Qoutmrzbneo,58,Nigeria
33b05d97-dd3f-46d7-bd00-b1ad5805b63c,Kwlx,31,Canada
a56063b5-2d58-4024-9e9c-77c51c25f073,Mswkofxkpv,34,Canada
3267b9a2-0795-4d26-82cd-9c7cb45b149f,Fnjjdnbiwblsawx,22,South Africa
b1dfa31a-0aff-4e8d-acfa-7cb3b04d530d,Ecidvkwvcomy,59,Germany
b3eb95bd-81e7-456d-9406-69e9048900ee,Lpfxzlyqyrggzvm,44,France
4e9e271f-de15-4f16-a581-ed22c36497f1,Velpnqxelq,56,France
d65e2e15-5666-483c-bae4-9c16283664ea,Uycoalabeqgs,33,India
e55d73e7-3bfd-4284-8080-4bfe65641ca9,Egzakvb,53,Japan
057cb0c2-9f75-4e28-b8bf-efdafecc326f,Wikcwbcgcgb,22,Japan
f760c795-87d7-4e4f-8258-549856c27306,Ichs,45,Japan
861f7cc0-afd2-4b2c-ab1b-f077f9f7aeb6,Hwzunwnjawbcwep,50,Australia
de5d221f-6f5b-4fe9-8b13-6c3b797829e2,Vanwlajzcjbofb,26,Germany
27a6315c-4dfb-4a49-935e-7927c0a4f5b1,Wfxwka,48,USA
57f21926-8ad4-4bd3-93ad-9c13d94d447a,Ubnzpobpcuecx,27,Australia
ed598edf-6e20-442a-954c-5c2aa4933de0,Ocrmd,58,Japan
768e3b35-0ebe-45ed-9133-be8516a6f39b,Pcbkfkitgf,37,Germany
789e7d42-2c89-4e22-8d15-ea3de3f08e1b,Hxxa,56,South Africa
1e2f2d40-5dd2-4060-83a3-0cddac154f67,Uweltagh,46,USA
efce9dc5-4cb5-4e5e-b804-56283e17fb05,Yjastaezfzudk,58,Germany
113d473e-1c06-454b-9663-724c9768c2bb,Cpnxeqolsttfasz,37,Germany
5ef51f7d-8110-43f6-8c3c-a934948dff2c,Brrlvtfyv,42,India
01f0e50d-d37c-4466-9242-221e237250ef,Qlvrzv,60,South Africa
4566dc65-9587-4da0-9dfe-ce3630409b1c,Zkledzeplnkw,47,Canada
bf84a216-ef7a-4cd1-978e-b6ed72e45484,Qfjzeblkt,37,Brazil
e905f9f7-c276-496f-b4c7-069c12cdf31c,Rdifs,41,USA
5f657975-e4d5-4f8b-9c6f-5ea5bda7e247,Djrsjvbnmqpuo,40,Australia
311e47cf-606f-44d0-b5cb-1e9376423b5c,Ssz,57,Brazil
46d767bf-d873-4902-95c0-caa1a9658f4f,Bofhwj,41,Canada
9175c7fc-1891-47c9-9708-f7e32517e5b2,Mpzjrxzvxxj,29,Germany
fd99d0ca-90e0-4058-b20a-259b43d8f9f6,Daqa,53,India
b6b10f8c-aed7-4ef5-8492-43fd58804ad6,Jltgurp,25,France
1c2afe2c-875b-48dc-99ef-d4476dc825b4,Brdeeb,21,Germany
e7bb186f-a153-4bd4-a527-520b9747e264,Qgeblfpx,34,Germany
eb04191d-f0b5-462f-bfe5-a6fed825bca8,Hgfcmokcd,54,Australia
8bc46b24-c0ca-419d-9e07-b02500dd6968,Hzw,28,Nigeria
908673ec-909b-49ce-9ed4-592d7cd36f7b,Wfhpmvamada,30,France
f8988d0d-5b3d-43ee-9a7c-ba4230cae952,Wfjixrwykoy,40,USA
4f821259-6cf3-4bbf-9f1d-7c07f1cfda9d,Zbqzzqjdyad,35,Brazil
81d02b03-5c74-417b-b134-4f3c85f77440,Zhkporrbzkwem,24,France
4786735b-6669-45d7-8c70-9621b2b9d831,Bngmhwlj,52,India
8979534a-eed6-467d-88b2-60daaa027ab9,Hmbynyjarigok,41,Nigeria
2c42caae-d31b-4810-8b12-2ea29b5fb837,Rvdliowuog,22,Brazil
bd4d6661-5e9a-484d-a624-16886d2beb03,Iuuey,41,Japan
25d125fb-015a-481a-a5dc-a7d6fb262fc5,Webyu,42,Canada
a13691c2-98bc-4dbd-a2f6-0355b71d1ba6,Xcd,25,India
ddbe3dd2-b731-4f6a-abc1-01bf6ffc2ca7,Fwfox,39,Nigeria
392c9d2a-f456-4aab-b4a2-b45ca30ab489,Siolg,33,India
a902b752-ba31-478f-8589-9b5b3caa6d31,Iwciyqjkrkvqa,59,Brazil
c50b0fae-bd39-4c4f-8c76-89650db7ea3b,Cdoczkv,22,South Africa
0b056230-970a-4685-b756-dd07a6f5d67b,Qkfyq,21,Brazil
cce2a08a-d08b-47fc-b3b3-659e8193f419,Xrwhjrpmba,20,Germany
e81e22cc-8723-43e1-b733-85ee42a2c0eb,Fyizubjjbbwmji,20,Germany
aca32cd3-a8aa-40ef-93c9-2b941e90a634,Jjcr,50,India
1b90783f-e7de-4b6d-9fa0-f46d32ec691c,Ufzlbgqgkkx,49,Canada
45ec3ac0-1eed-4f11-b233-e2119f4750eb,Ydvtthkdmdw,37,Japan
261bba25-9fde-486f-8469-7773223fc255,Vfuqtld,57,India
24e7d479-3c24-44b8-8424-e2bf97f359a0,Uocxguponglz,25,Australia
b32bdcd6-7ffb-496b-9844-15b5ef98cf19,Ichncwbegroaabx,40,Nigeria
2fc3e97e-bb2e-478a-9f56-65a46c5fa278,Vcqpqihzgdghc,56,South Africa
996da7d2-61e1-46fb-a9a0-c5fd619b0d52,Szyr,49,USA
fb6eb426-953a-4936-b8c2-15157aa45a63,Jyxpenbk,44,Brazil
b31d15de-12a8-48da-bc50-dbd6a0d3f237,Akjel,35,Germany
68eec6b7-a3b2-4a74-bde1-0e405fbae07e,Vrvperdnjxlbtqc,22,USA
d8cbb190-55df-41da-88d5-64c94a3c3246,Gartadeizaozm,42,South Africa
c1acea83-f089-4b1e-a3a6-b5b497d70172,Qgndvbpp,54,Germany
8e03ac98-cec8-4416-87df-861c9d4a0290,Nlshpbpjjynys,19,Brazil
0b8257fa-d01e-41ce-8db6-230f6a6ac14b,Ujze,21,Japan
9c4f2b79-3299-40e1-ae1c-6270f4582c86,Cjwpmudhubkzfo,52,Brazil
828c7758-3495-40a1-aa61-5672e95a3914,Jsfgbqoyoeka,38,Canada
eeef7df6-4545-4df9-b01b-8813a367782e,Hxr,36,Nigeria
0294c056-4c93-4e83-a302-b20b488bef52,Zirrcyoytmd,57,Japan
a64abef8-d6c8-4858-801e-6cfb0f64fc29,Kfebrdidla,24,Japan
9089603e-3eef-41e6-9e5d-8032fd4e3e4b,Dulppzottlvmvs,23,France
8c1a7e24-f196-494c-87ea-95db9a152f89,Arpzcirgaftgv,28,Japan
8220085e-2d92-41ea-af47-a4122d090d7b,Zyhchokprqgxf,19,Brazil
0ebf9b4b-515c-40fb-b7c5-a618601845be,Wumy,20,India
d89b2a6e-0554-449f-9364-4f0f88c8202b,Tbwqimvj,33,Australia
c753c38f-de7a-4f1c-99ed-f2e3b483fe2c,Kvfocs,55,Nigeria
b7127d9d-df55-4cee-b323-241edd45bec7,Duxvytglhi,32,India
ca5c9c62-c26a-49aa-bc80-75deb582ef25,Ezutkmyfllvjg,33,Germany
8ba77cff-46cc-4ef3-83e8-2bbb1b0786d3,Xyf,18,USA
fb17e606-e01b-4b7a-a3cb-df9ac6b32b4d,Kbkqlucxvwj,57,Nigeria
9f261ae8-3321-4553-8fd6-bc4e634a1ee8,Bbdsyb,45,France
c4ad8282-54b3-43c7-b42f-07d560f1fc59,Yrkyumwtfevofjs,38,South Africa
dbf12936-9b3d-459a-bb72-d8fad3da6230,Bwoxvzpdntpgtcg,52,Japan
5c2b89de-a3ff-4a91-90a2-03a031934c82,Asfugx,45,Japan
6713b77b-8b4a-4c5f-917f-4029625b3432,Gwkvtagbnbjyh,21,Nigeria
ca25a996-9a4b-43c4-8b7e-0dd0e110ceac,Rsa,23,France
5d93ab72-ed85-4292-bf94-2fbafeb5870a,Vuuomutipvth,21,Japan
3db4502f-001e-4036-8375-641cc01c5410,Jquqdroubynnxng,21,South Africa
547241c6-8a34-4714-bebd-7b3dc5ac1f5f,Ybatkyotatvjsn,44,Canada
462fe28b-aa4c-4f2d-8628-bd0902766410,Mrplgwlkgqc,20,Germany
dfa1e937-dd28-4e17-bf0a-08c61332b351,Mgqyuyb,30,South Africa
8467b75a-4dd1-4883-aa67-e5116305c5b3,Jdjrc,33,South Africa
eebce481-1604-4413-a880-e9393e637947,Krmt,40,France
256f61cb-5535-484f-bdff-0c4f1d470f84,Oycjdat,41,Nigeria
43ef70e7-9ea2-4a80-8b46-03d1eca9991a,Ticuybkaqvxgd,43,Japan
a5320f4c-c8f9-4525-a683-6a8c04060ae1,Crmllq,31,India
79acb1c1-f365-4341-8c5e-9d658bd83e5c,Rglsfstoygyq,37,Germany
2057a134-bf22-4157-86a7-2083ec982721,Cbikdqoevap,35,Brazil
83361b7f-9e38-470e-bcee-40652c9d411b,Ipcsevpmttadghc,29,Canada
4dd380b7-83ee-41c5-af1c-c741e41f8790,Euyeliyfnvxk,19,Nigeria
9ba3ae00-d087-44d3-9494-5e9179ee9760,Crtl,18,Brazil
1d85a648-d3a2-4360-bb88-9640cff9725d,Avfmbytui,59,Nigeria
d7311661-0e18-4263-8aa0-bd1590fe976f,Eljoduvnfpxram,34,South Africa
ddf63a8c-411c-41df-a602-9d4b138e43ea,Excyrvxgkorxo,60,India
44bed9fb-add9-4668-8a4c-adf60b30a87a,Qaanojwrwxd,31,Japan
a59bebba-87b6-473f-a735-4f1923dcd59e,Wvv,40,Australia
ca4f56da-6669-4819-94aa-09facadfa41e,Vjwgv,42,Brazil
c0cac587-30a4-49b2-a7a3-af4da342e191,Nkczjtlvklo,18,Japan
2f002bb4-0e8e-4205-9940-e1384147d948,Ape,49,Germany
2eef2274-d7ca-49e5-90bc-b18b5d4c3460,Izydce,40,Canada
67e28cae-1871-44ad-a9d8-36e9ed900802,Wzsaymfhjimfk,25,USA
5180c660-9b68-43eb-8fbc-dd63cb92caaa,Ewapaotpkekkgvf,45,South Africa
12022674-2c7d-42ba-9220-2b6a27d32914,Kolghvrgriuf,55,USA
106ab014-78d9-4a11-8b5c-a0b07fc3d008,Dmrrzscnmvx,18,Japan
c09e02ba-80e7-4a59-8173-c8b4affd8514,Vjdedmdkuldyeb,34,Nigeria
78656f5c-e7e4-4aa7-93e6-b911e51d040c,Sjn,43,India
2ca0c0da-05ed-41e9-adc2-575fcb37051d,Gtg,43,Nigeria
0b9f21ab-10e3-4f22-833e-f0f406d14f63,Qrqboav,51,Australia
89521833-a6ba-4902-b7a9-f16ecacc34bd,Ogqsmypdfxs,51,Canada
5c3b71a2-dca0-408d-b8e6-b3291e0e0707,Djynrpndscffi,60,Japan
ecac09b6-9eef-42b5-8c65-2ba8c584b304,Syceiztfsqxm,18,Germany
6cf58ad4-e628-43b3-ab7d-883bb692d793,Fazzyw,23,France
65177b88-3002-4728-a7e5-4a4bdb0570d3,Izgsk,45,Japan
8a13a8f9-e2ba-493e-80ee-c5d75c374238,Ohk,29,Canada
7f32a56d-70cc-4fc5-a806-a2a37b9c57d0,Ulzipjega,25,South Africa
aa28d7d9-4647-484d-9b62-cea24c9060f0,Pzssdbntebfc,43,South Africa
6971c3d5-3fb5-4b18-895b-dbe65c2626ff,Bbeljtmnaw,59,Australia
206c980e-2e79-42cd-90a3-a39398013dc7,Wqreq,27,Brazil
a62ffb35-e375-4a11-9db5-6cd21b260638,Hdmrbwluwgldy,56,India
d85f80ce-0287-4693-92d4-fc0f79f20a45,Uhv,36,Australia
6c9b4eba-9ece-458d-beae-c9c74d0f672a,Gsitgtnld,24,Canada
a3a20dc5-b503-415e-a336-6e510784bcee,Qltryn,37,Australia
843a36d5-5bb7-4225-8632-8e91c4e3c562,Odn,23,Australia
fc21d69d-3942-4117-9c19-58f709a340db,Ljwhmzk,44,India
65c3e79a-d15c-429d-b1ad-7a326ea5f319,Lghahmgvq,27,Nigeria
f2199323-3b97-4745-ba4c-75d82e363be0,Brnrtty,56,Nigeria
ada02599-9d2c-41c8-b743-a043c2e0d903,Uxey,43,India
907ab777-4d8c-45cb-bbd6-7355d7633eed,Tsberoqoemvy,20,South Africa
3b76ab63-ff7f-49b4-95b9-370c208dff2c,Icwkmhf,45,Nigeria
62ac5f6b-3382-4d54-93ee-883e63e7d96b,Plswt,57,France
62c46d03-5e97-4dcb-b39e-208a8dbea201,Ucpjmgvxwovlxzt,22,India
e93f0952-773e-4ce3-988b-6deda4d11983,Mrzeulzqovej,32,Nigeria
027a5b20-327b-4cce-84df-8a97948ea03e,Wmo,32,Nigeria
cc987091-7f72-4f97-b2b3-86236fa1e726,Tzcfekrth,59,Brazil
84d40277-a135-4c02-917b-ae5df2e4fa5a,Mkrhuqmppkrh,37,India
f1a2b00a-9dc4-49a9-be29-336a77aea7a9,Esomvmfdioyecu,22,Germany
fe9021d8-15d9-4c36-932e-19fa6143ff8d,Gtolxnced,55,Canada
77de53fe-897e-445e-9766-397dcf4eba13,Xhgqfiszwjrpj,31,Brazil
5d1dfa30-c55b-4bef-8216-686f45a8f0ab,Qivohpayifqe,33,Japan
c46e8da3-169c-41f0-b3d9-fff162a5d7f2,Tmvmygfhztes,34,Germany
a50e2022-9ead-4782-bf49-cdc496027e63,Ezcruzhmkih,43,Japan
19d76153-6ec4-49b5-b672-c28306a74445,Kaxstvcmfba,60,USA
8aa40d80-88cd-449b-b7bd-8e68ad7a5c2e,Ufpdxrzj,29,India
e87bebdc-b9c3-42a0-b335-ed29886cd6a6,Qxwmp,56,Nigeria
b945291d-5c9a-4c95-8b94-8b1ff4abc995,Trciwtxu,19,India
190ec739-ef1d-4e16-8126-7a2f899ae86f,Hikwgkbjfhxgy,43,USA
4e0919a7-cdc3-41ad-8b0f-2321859e0cb1,Zic,23,India
11f35883-ace1-4df3-8877-259a6ef24a1e,Nxpldqmd,48,Brazil
71ea2c3e-25d1-4828-a4c3-01e54a882b4a,Rqpmdapnmpxsvvt,46,France
ec24377f-8f54-4c3c-9a1f-7e5ec4c8e9cd,Gcugxrofbgu,22,Australia
2a260f88-ccd4-4c7b-84a2-0ec77352ec5b,Oadjmel,45,France
b128580f-97eb-4078-aff2-b9f2638b24e0,Xbrxuvewututai,33,Germany
2712d586-b752-4739-b416-c4b175078faa,Vipbhnajep,36,France
cf2e6185-eba5-475e-8997-0d761c1d3e08,Anhewqhwle,31,Canada
c0c15cdf-e186-439f-836c-e8e7deaa2a5e,Skkn,29,Australia
db75d384-4e7c-48cd-a11a-ff6c85abeadf,Cwxm,46,USA
32bb7880-16ed-4bf3-85e0-496f597c1ba9,Tsmtdojujoz,55,India
26de63a3-8bbe-4d36-8ed3-f8dd550e931e,Mqmmdl,59,Germany
15403264-f4ca-4bd9-89b2-d9e989df87d3,Ldyu,35,Japan
ad1c3d54-f91f-408f-9965-519d561b68f7,Jakbcucfdhkojmb,50,India
984989f8-cb6b-4584-94bd-e176d8a8d75f,Uavs,53,Brazil
bef37fa8-1439-4173-9fb1-15234f51bdf1,Rao,57,Japan
181de316-470c-46cb-9484-054579b9264d,Pvsdquidvr,40,India
8c400caa-3b2b-4f78-981c-6bebad231d05,Mozlcuyjtoybz,51,France
48e69b8b-d468-42e0-9cbc-0fb34c52967f,Mnsvape,36,South Africa
4b52a986-d0a0-46db-afb4-9cad3017daaf,Jmeuwjvntll,46,USA
1212002f-8387-4156-b3c4-bb3730f6ff68,Atiqqilwljfwjmn,26,Brazil
e35dfbda-84c4-4924-9900-46ad1467121e,Logyzggjslwgzj,29,Australia
c8cf090f-021c-44dc-882b-dfa3b0c52843,Dfa,21,South Africa
eba68c59-f507-43c1-aac3-a924eaf7ebcf,Iapgsjirr,26,Germany
7a8dbab6-3f94-42d9-b75a-3e133d70f2b6,Ihxl,57,South Africa
55ea707c-4a91-4c23-a7a0-2c2fe5282c06,Gucqjvzeje,50,Australia
5dfffb10-9478-4165-8a5c-38e2cd677750,Vbbobmffmrulbn,43,USA
7002af5d-6312-4b31-aedb-b8d2d9c7fcb7,Wsluslk,25,Japan
fc7cf328-8d48-4a09-af60-411be9d4a79a,Shhigrjlcpqud,58,Japan
367d46d3-565c-4c50-af5e-955d2c043806,Wvnnzzfptrnko,51,USA
812fc29b-4aa6-4e87-a584-3473e84ff5ef,Nesllpaioai,55,Nigeria
59a48dc7-2fc5-4634-be06-e70fa71aa478,Sbrfxufumuhx,56,Australia
dfd8bfba-dc56-4073-b0b6-25ed9dfb99a9,Fiqvcgugwchjbas,47,Japan
445e8033-ac62-43f4-8a87-23b25eeaafb3,Zpqbhtauxjb,32,Australia
c422de0b-0b39-481d-a561-e75bebdd4077,Bnhwd,47,France
05633466-8b41-4678-a2a3-0449fa682115,Awrlrkca,50,Brazil
08867723-6ea7-4a05-9825-38ca611b3e0f,Uqki,18,France
7be9dd62-a024-49c5-ba68-37261d2d32d8,Xqmilenkopoqtu,46,South Africa
62ca8b28-ddfd-4d45-b4f0-cca775197003,Skklqxubusfdu,25,France
cd823f68-fe16-406e-a134-fbc9e9c6b104,Fzhnkxxbpvjvfn,35,Nigeria
7acc2a18-0063-451c-903f-f32b194f4dec,Lkulth,50,Nigeria
2cb7c526-6d12-407f-b75e-36419eef4371,Dcjvwhv,23,Brazil
7b1853b0-c4ed-45ef-b5e3-0c572b8705e2,Khynnnkx,41,India
ca97a6a3-f7a6-460d-90a4-07aae9508a17,Zggvqnvxe,60,Canada
23b98a90-14c3-4c61-9769-78a704d3ebad,Dmwjrdmf,53,USA
3b3abf6c-b170-4583-9bf0-e6f13aa96a8c,Rvr,22,Brazil
62a2f1e4-4c68-46f2-b69d-68b5ae992029,Pubsvqaldbn,58,Australia
1060876a-053c-41f3-923b-19ee41acf60f,Apq,48,South Africa
01a80c09-0412-4768-a5d9-d5db42ecaca0,Lciitdvlm,38,South Africa
e0337a74-4454-4de3-ac86-4e22b57de8ef,Skwynzkg,49,Brazil
fb1f0ac5-4d26-45c2-be03-accba7b00b3d,Vsrn,35,France
778803b2-73d3-468b-ad7b-d95110d5a9b1,Oqgduou,33,Brazil
99baa505-cf44-49fd-bf29-d1b59fe8e757,Dxqfw,35,Brazil
ef8ac043-4964-4ac2-8715-c0050dab6271,Btbbxfklx,43,Canada
8e61ac42-432d-478c-8f2c-785343178900,Lxmtygv,26,South Africa
9d281c08-be10-4d6f-9fe5-af6ce5920441,Szxdgrnayvdy,46,South Africa
37973eb6-1c0d-4ff5-886e-652a370c1008,Zwnoufalryjsnqn,44,Brazil
25d9da6d-aa90-4592-a748-3fdb11e86245,Rhjan,37,Nigeria
c5e094e7-5e77-45aa-a7c1-27220215f2e2,Zmmgvibsqnmkqjy,35,Brazil
eba831d5-2c6d-4a0a-9907-fcb8fa89517f,Bwtr,55,France
1fd1cd2b-8dfc-416f-aa0c-35f9847b5520,Xlmks,55,India
2aa8f89e-77db-4d8b-baa3-dd67f8b466a9,Rufxxqo,26,USA
ebc20a4b-ff92-4581-8736-96828843052d,Jywqw,29,Japan
97f5ab56-e7ac-4c2c-b840-be3537f4e39b,Terdsnphn,56,France
7cb49930-24cb-4d02-b713-3e9a3bc0f572,Tqzqph,20,Japan
834cebbd-6191-408d-b099-ea0ee1e01a61,Ttlxwmnbrpeqwnq,40,Japan
2ad5ff0f-68b6-4c24-b697-745433b37bff,Mcogiseibiqonz,45,South Africa
df946ee6-8c29-41ad-b7ff-66aed0af4e26,Irow,37,USA
c29ff6c2-0f2f-43aa-b17f-200b0f3cfdcf,Ddtajznfs,49,Australia
299ca292-ea46-4e10-9b4d-15199806df33,Fxk,49,Japan
01439e7e-cde5-4350-a0d1-907b0e1b2b6d,Vdqetaqetf,49,Nigeria
0386d9d1-f2e9-4ef7-aa88-f23f0ec52204,Anbpariubuamu,23,Japan
01298b45-73fe-4539-9965-271860d15d53,Ipajx,23,Australia
6e0a3acd-eb40-4737-b86c-58e962219246,Blnarzlsmxkx,26,Brazil
dc79a907-82ad-42f7-940d-d0e328ff9036,Prdaezsvpo,46,Australia
2dec416c-f918-4fc3-8fb6-199f203dcfc4,Atzubojq,50,Nigeria
2261356f-6c3b-4784-bdb1-667f8dd8469a,Elstzbmpebjn,19,Canada
6d0b5fd8-4024-4154-a7de-abbc7cbe3919,Mkwlvmhek,32,India
6614f381-c2cd-42b9-a03f-08ba44113745,Svttro,59,Canada
1a8b4adf-a706-40b8-a8af-0792d5207e33,Yofffldpdvl,57,USA
c89f2547-6fb1-4be9-a5f8-06b4dbdd35c9,Fqnxdnrhvxexpb,42,Japan
8799c3b7-8537-42c3-a389-6fa98117d288,Lprxijupy,20,Japan
ace2158b-4965-488b-a73e-8b02bda52f0a,Vynd,26,Germany
97ce7f11-43f4-4831-b355-9a8ff59e529d,Uzycjzmtuoja,55,India
26b9ab96-12d4-4df0-b71f-ffcaed307a8f,Uuearrutc,32,Brazil
b3bc4182-abe2-4abb-94ac-ba480b2f80f7,Bzb,51,USA
cc4f5003-7f8e-4d25-86ff-8fc2a0bcb0c7,Fpizyxrqtxso,56,Germany
501f403f-cac5-4f6b-94a2-5b68a44da758,Tzg,37,India
f8ab476d-8735-4756-a1f8-3972461e757f,Pghivqiobaek,56,India
449119c7-8371-4431-92c2-7151b4c27658,Kneflwbfjnxv,20,Nigeria
3fcd416b-2de7-4f96-aa7b-776760652302,Ybo,27,USA
9e4f67e2-dfbc-4dac-90d9-24506737d7b2,Tyu,46,Nigeria
c6a5af78-0962-4a44-aa50-1821aed64b51,Mwnvmsemkjs,41,Germany
a1837419-7f35-4baf-a60b-f4bb54dcda1d,Dhjrgx,52,Australia
9a061055-24a8-4421-b234-917ac7e0caf8,Szjjbkzz,31,Germany
f344cb10-9ade-4597-89ad-8f3087abad98,Feqaeqwfgh,19,India
26bc8a35-092b-42eb-8013-d36d6773a5e8,Ddrmdov,58,Australia
b72398f9-42b1-4296-9831-d16a7216273f,Lxerjnahucsqwff,43,Nigeria
0cb9f11b-3bcf-4e62-983f-bf1720f35392,Uivexnslerzcupj,42,Canada
efb75db6-2f9b-4b10-a5ad-bf297f36bb07,Abvqemtgp,21,South Africa
9021cfd8-4c42-44f4-aaf0-ef306142e95d,Wyjmhfpgthmsht,48,Brazil
4fc34e7e-7b7c-4018-a1f9-aa78e55b5282,Aqwi,30,Australia
1107f65e-3e81-42ac-9f45-794697d456de,Lkzdfrwvmqjk,56,India
a30aa041-69a4-45c1-a2eb-a049efaca6ae,Hlnsvt,25,South Africa
fff4593f-95ac-4d43-97b9-704bfdf021b5,Vcmbabkgj,49,South Africa
111503ee-f47d-4ffd-9b5e-7dcc3ccf7f7b,Mvscrp,22,Nigeria
4f57abe3-8aa4-4276-8a5e-59547246b833,Rtvx,52,Canada
61dfd720-e072-42a9-b7cc-49abbd32ce72,Eegc,54,Australia
0fdb0463-0f1c-4ece-ae3f-c9bdea769d54,Wdvvce,37,France
79c064ef-486e-4c46-b062-9e52cb6600fb,Lkbnzszj,29,France
6b0089d6-f82f-4ba1-a95e-cbc1822fb4b0,Afeazfz,32,USA
5d23c34e-19a6-4a99-b7fa-3d0d177b1335,Nbfzatdalvacpi,34,India
78fe0a69-14b2-4a06-88e5-c894174775b0,Ebpdkd,53,India
82f91676-add7-4a6c-8b5d-8656686fcafa,Eupnjbf,29,Canada
7a98afc5-475b-4f8c-928a-97be2b2e7d9e,Mdf,53,France
53d09153-4924-4420-98aa-455d36960787,Bqkdudvw,44,South Africa
449224df-ef94-4564-b203-83f3c6318544,Ekidtqbku,19,Canada
3efd80f2-5339-4d75-b2f5-ea88ab815c33,Bmnxvuasuz,46,India
fbd867bb-84c4-45df-aeab-dcc06d983759,Xenegjiozwjdn,47,France
402dbada-b651-4348-ba8b-e1863b5332bd,Vwhlwom,56,South Africa
5f8361fa-a656-4a90-8d01-e5a393b56188,Rkcge,19,Japan
8e8f2c54-c30d-4812-890a-ab344c5d75ca,Jqsvswwnikjxo,32,France
838c705b-8d57-423c-bd65-4d4740f7b185,Mzfgi,46,South Africa
24e966dc-fe96-42f8-8ebd-c50af7cfc58e,Ycc,36,Canada
b69f9b93-9a0d-4b21-8b29-038ed5828df6,Shklkklt,55,USA
b075cdf1-4108-456d-a717-9b1fd713f2ef,Lmtwtguty,49,South Africa
d62be2d1-fc62-4e63-b542-f88034b2fdbd,Nsynaj,19,USA
4145ae2d-4415-47b9-85bf-14309334bacc,Iqxcagsxjwcqwm,19,India
2d1201ec-9d67-4109-8532-30b2e094e85c,Ndldzbtvcma,48,India
e1a477e4-8770-4335-b348-de6982052ec3,Aqbmdtdhpz,42,South Africa
aea9caf8-c80e-4fc1-a36e-77ef92a1f963,Wzxt,26,Australia
777c04f1-06af-40a9-be48-b9c231e549e6,Jnfb,34,Canada
1e7c1452-363c-43d5-91bd-b4baf3e30314,Txgltnfndoega,36,Germany
09b0e6d6-228e-47bf-b9b4-621ea6844fb1,Tdlpgqyng,40,Japan
514442d7-7e0a-457a-93c4-5cc09d3de84c,Shz,23,South Africa
cbde75ef-88cb-49b8-af15-25e524d152a5,Ydwvyjweopasq,56,France
1991a6f6-a292-45f9-aed0-0416e4ce7467,Asuyglzptcbopq,21,France
1a5fb08a-1f3f-4728-b8c6-7b8d900dbd95,Jjanyucjnwpbm,18,India
92d67dd4-31e3-4d8b-a254-157d406cb094,Bhtmhn,38,India
9a6909ae-353c-41c7-a863-9fce27551696,Ttthfeclefmuhd,39,Canada
1a985ef8-eedb-4339-9726-588dc2e708a4,Pre,33,India
7829a601-8daf-4198-a4d6-599790615b77,Lddvtw,50,Germany
2cba79eb-62bb-4096-ac00-4f9b6977efdc,Jlsivzpfkcbucvk,30,USA
eb463868-8458-4dd3-959a-16fea2a14ca5,Lbyc,24,Germany
497edf6c-ce51-49c7-b0e8-a365911149c7,Jhdbfbxpjufbtq,54,Japan
ceeee07b-8376-473d-9958-3f324bed1fb7,Fbkcfgc,24,Brazil
b6d73c00-ba9d-43e6-9f31-943498201d47,Apycyzqb,32,Germany
8361423e-c275-4ea7-b755-5cf26428d12b,Wubcowp,20,Japan
680114f9-c5f1-4e9f-b17f-0333715a20af,Tvxewgj,26,India
df9acbad-3dc5-4ff9-8501-28c8e666abc0,Otjgbuhveeo,32,India
a613688c-eb46-4f64-b9c7-6c8141361b6c,Ibzjce,57,Canada
588bb0d8-a01f-43d9-b5ef-26b99fdd3956,Ljfuxa,50,Australia
a7123888-522a-41da-b90d-ad2172c4c9c4,Wmxenxomb,53,Germany
ea4d0888-ca5e-4e11-9398-ebab16f1ce87,Mxvwvso,34,Nigeria
b244b352-b3ee-4990-b76d-da756099b26e,Ogqjinfbfucciek,19,Canada
33bb2328-ec19-42a2-95fd-79fc6cb26b5f,Pmxzvbfzjioy,22,India
9b55d72a-7c15-4a9b-8589-79f7086f0b58,Sknax,48,Canada
64996553-6d4e-44b4-b762-da43c6fc269d,Aob,28,USA
42eed3c5-f481-4792-8d7b-61601398379b,Qexu,18,France
77ab759a-74ef-4357-91cc-2255ae8b4deb,Ummkhbh,27,USA
e153765e-1893-4e05-9766-2df74ba0f73b,Emeopjfmphvpfr,21,Canada
4cc89c6b-bdbd-4730-9200-b63669e867aa,Cbxlamfbezeb,19,Brazil
a39b0ea2-4d4f-4906-b06b-86fade83b76b,Jnaqzgj,44,Japan
c0bb00bc-1ece-4142-9436-0071ead125e3,Xxjtmncrgepxp,21,Nigeria
e8f62952-79bc-4598-94eb-218c1315e35f,Qqwosinzvfneh,19,USA
6bf2b96f-0fe4-4ca2-888f-138a9e85c050,Yuzznqrwiroyqf,23,Nigeria
c4cd91b3-2a6b-4fb4-85ea-c9411c710eba,Spb,59,Canada
48b1a1e9-63e8-4e84-82d6-56046596bd93,Vgku,46,USA
b4766a20-3524-437c-bc97-5ed590662c5e,Lwwngfxukz,32,Nigeria
b36cd935-823f-41e1-ad4f-a0c848750589,Tyoda,60,India
d2fc17c9-e117-44db-a03d-93aa54a59a8a,Sqlsdrxqjlpox,24,Australia
daccaa6f-1647-438b-b2bf-ff9197730417,Qachnnoauu,40,Australia
b7b507b8-cb81-407a-9e82-6ccc2c4dce30,Unmjpu,40,Australia
ba47e052-3859-4273-9242-177bce52b974,Vgv,52,South Africa
254be4a0-86cf-4639-ab13-bafe1c65945d,Qxoeqm,25,Germany
796ccfa0-2fb2-4f36-8936-bcc5f4a1dac5,Njrmgyp,32,USA
38962fd2-ee8e-4eae-af4f-4506a61b8f33,Vcquguqtugreiqd,53,Brazil
50cbd964-44c7-4b25-a07c-d990cefdfaed,Tqwboqvhuwntwm,43,Brazil
1245a274-f55c-43fe-80cb-83e39d9518f7,Sywas,57,Australia
7b182754-62f7-4891-9264-e90e20bf90df,Guxigj,44,Australia
6b2c6f8c-1aad-43a2-91c8-ec5eca65fa3f,Hzutfpokwy,54,Germany
1ecc32eb-c66e-4272-b654-3301d213cc05,Hbkmnuu,46,South Africa
39d1c882-12bd-47fe-acc2-1afa1ec6d13b,Cnc,35,Nigeria
ca298d4e-7b0b-4296-bdbb-68918222e89a,Hlzqhncuebxtr,32,South Africa
148e51de-92b0-4123-b8d9-d3f264f49efc,Ilizkf,40,Japan
f0fefee1-cb47-4e10-8b9d-39013a75e8eb,Bvulmjbzwoyl,18,Canada
1895ad84-e72b-4eb2-9934-5e2245685de5,Yqtdzvjfnhi,27,Australia
b1545b07-1f2b-4613-8628-0a693e9ee500,Swwntxsg,51,India
9efcda16-c5ec-40c8-b464-4fd466e5b431,Ttovzsx,47,India
13f9d009-1979-4923-ab49-375abaccbd40,Ogbxd,32,Nigeria
c8003628-336d-480b-850a-03234e8096c1,Vmwmyizzxoqxjy,44,Australia
499c0410-3197-4eb6-8f7f-a119e0f81574,Ephzcfwwijawjki,60,USA
712229fd-ae7e-45a8-a1bd-b5f1144ffe16,Pttacxckliy,53,USA
c1ce5d87-81fb-470b-88e0-7f0c45310b5b,Xbmtmkz,45,Japan
5f1639c6-edf7-497c-a69a-7dde4974739f,Ugepcvwnp,30,India
359f9c9d-2d22-4247-a28b-caa91b2bcaac,Rhftaopyare,44,Japan
c6ff286a-cec5-435e-a3b3-3ab58130591b,Dhk,33,Canada
c0ee0908-e5ad-40da-af7f-e10be85ef67c,Jgcbdvfmiyhacnt,56,Germany
4b4e92ef-cbb2-498b-8ff2-1928308ec836,Qpb,48,Brazil
57a539e1-371d-4c9d-8604-a992a46b0eab,Xolpfwtgeg,39,Japan
152c85fa-e1cd-4704-9875-09d606c5b0e3,Wzkswvkymntokyh,31,USA
036ba1f7-4735-43e2-a95c-242e7cfd316f,Jqgavzvlci,30,Canada
29a0bff6-64d5-4c3d-a346-80cb33cd2da3,Kctlvimpxuoyj,45,Germany
82756210-5120-4021-bd14-f44ef54bd5fa,Lgre,34,Brazil
dd443c28-6f5c-4d88-ac0c-8b609a313459,Tpz,43,Brazil
1ca63504-ce40-4ad9-b2b7-c0119e1ae011,Pxhfia,46,USA
80107aea-585c-4f7b-91ea-d1188895c466,Bdcofiloxoyrrj,54,Nigeria
062b0f2c-7a3e-407b-899a-eb9668be77c5,Jrqqzrbwqd,38,Canada
a1358caf-791e-4adc-b8e1-84b22bc81ed3,Coqlqdsgwpxtxr,28,France
af23bc81-1e36-4bb4-8eb5-b194cdd93e3b,Nndovp,60,Australia
62e6fd43-7f33-4bf9-80c6-a6f232a92452,Zejkox,22,USA
6a4774ae-a9bb-4a7e-9cf6-dbb1120bc32b,Cug,48,Germany
6fcbc70d-bff4-4f1b-b010-ed7198ff4b2d,Gxzrbmcoavkjp,47,South Africa
00d63a00-94fc-4122-936e-c41850985aff,Xzcuwosvakokg,56,Nigeria
089df753-287d-4714-b821-dd60dd1c3b06,Idhvncfevwflikd,42,USA
799b181c-d62c-4268-b148-08c1b630b17d,Qsclomk,20,Japan
42df8cb5-9443-43fa-a964-05f550f067a8,Ntzwzgc,51,Brazil
73c4ea2c-d844-4087-87ca-32a92ee65273,Ynstavnaudpfylh,22,Japan
d661a256-1a1c-455e-a8d3-1af5ca53218c,Ipy,45,USA
f0a73bdf-7aef-449f-8a8f-034563b222cf,Eebbvsgknmnvod,55,Germany
b3d294f8-fda5-4a5c-9a8e-a33b42bf611f,Aynwnopureetv,25,Nigeria
dee4a9f1-15bb-4c6e-8016-431501561123,Arngbwljj,43,France
246dd792-2cc0-47d2-ae2c-744c49838d87,Frclwfurpxvsw,30,France
1d54ffd9-f1b6-475c-8e34-b8ee200a6d0a,Rwlqvmeiawlalh,53,Brazil
2b0ce3a9-5192-4e3e-b2b9-63d42799161f,Ojnsvi,19,Brazil
32cc4426-9736-451d-9f5a-3172b33bce53,Jqcimpwmtxjbz,52,USA
473c860d-4755-4f26-96a4-37093759891e,Idtrfilcwdim,36,Japan
07fe9ad9-2bf6-4642-bff4-5b09a28d2b9d,Jingapcekvrzps,58,Canada
553a9a4f-cb27-4429-b50b-2692ecb33ac4,Njh,22,India
b43582b9-35fa-4630-967b-fc7cd239a97a,Wyozfstu,21,India
f2330b6a-e73c-40d6-9751-e8be53c7a71f,Umubrjci,58,Germany
f99f7ff7-a120-4462-8ecb-101d40b39943,Csny,52,Germany
0773956f-4f7d-4328-addd-ec21e5f2574a,Xdiwbliijg,42,Australia
8c7f433c-e526-4acc-839d-c40384c46b16,Afvxohtkrgb,18,USA
2fffe88f-7591-4730-bd48-41f9a7ce541d,Qlfogydl,29,Nigeria
e7b587c0-098a-4dc4-ab37-c000443d3102,Tesk,60,France
4c2773ea-900e-4650-a622-af8b46ea2a53,Vncibqsgej,21,USA
0699055f-dd31-422a-a4ea-91d542bc2b75,Ojpxrkbkpblka,23,Australia
0c6f127b-3af2-4d85-ab61-db573be45673,Rovpnaxumpkojs,55,Japan
77dd4c4e-abff-41a1-8058-ebc63c8d71a4,Tzbecjysgo,60,Germany
4b2a0659-1079-48f7-8f65-b2ff24daa496,Vvit,24,Canada
e1f39bb3-36f8-4519-84c8-c2fb1a796eef,Ietli,52,Canada
456232dc-f883-490c-abc8-18af4f73c383,Tjhvpigsvysgxn,20,India
37abe6af-3271-46b2-a99e-ed9af7e70ec1,Elyjmlvpeecvt,29,Canada
4bd6f8b8-5608-4328-a1da-a12de1130727,Ecfawazeknve,51,Canada
58089462-1652-4279-a8cc-8c0444a0261f,Lktg,39,Brazil
81b29a43-ed52-4ed8-bf1a-ba996d2ef876,Cxaxlhxetewvkor,58,Nigeria
df88814e-b09a-4a77-8d12-1370b9a5e34b,Mdfizlpefi,47,France
d0bfdb55-7ebf-4dfc-a47e-e9c5392a948d,Uhzhqsnbtxhbr,49,France
2e8e210b-f285-4168-840b-6e7e47e09f87,Xkczithl,40,India
db301512-97c0-46a8-bfa1-16b46259798d,Bddtzgyvaezka,32,Brazil
ef67e046-c90c-44a8-b9b6-8a417a953030,Ufbibltuwmkiog,23,India
be440f2a-22f4-473c-8029-036ce1759e27,Alpbudelg,47,Nigeria
381428c9-30bf-4707-8def-d9f26b440964,Nvc,37,Australia
8955c6b4-b214-4a59-b78c-1bc92d4a0fc6,Qpoeuarm,32,Canada
e8903499-3696-4f3e-9f7d-b6b04459f5a4,Ewkozg,30,Nigeria
0fc7ddd7-bdc7-4d79-b499-6a90e20dd1d3,Iqdmmkptwaewmlf,43,Germany
2ba3ea3f-bda8-4467-9676-efceb1f2e7d8,Orfpddb,23,India
9e732823-8087-4b26-8a43-4fdd5cabb692,Rwjqdw,40,Canada
6a7a65f5-2cca-4d79-8c3e-90ec73a95492,Pchg,47,Canada
84b91e41-7f24-412f-aa93-d906afda3cc3,Fladirykhs,51,Brazil
d0c64e92-b740-4dc8-b8dd-12c4cf5863f0,Togo,44,Australia
31500de6-875e-445a-8452-f26a849819bc,Hegaa,18,USA
e943acd5-60b5-446a-aee1-e4c8c2ee3483,Gyckonmqmkjk,42,Brazil
59a0bc44-77c1-4abb-94f8-00325f9e0131,Aeplpk,25,France
902daca8-2612-4e26-928b-5e1bd67e7c55,Kjcrmjnhd,38,USA
f322492a-f75c-4f36-b1af-5a1ea8c3b058,Ggypgeogurpg,56,Australia
03e15792-8f03-404b-a0d6-24ec35e4361d,Rsetezvhhxgg,59,USA
909bcdc1-5887-4f5a-bbf2-6055c37d9409,Floaolycueoad,32,Canada
9c1bb5df-1d28-4b60-8b09-220a1010b7a3,Hhrbnlgswmyyzja,38,Australia
1fba3624-6f0e-474a-8b3f-937fa99327c5,Iksisdimgeqvkx,31,Nigeria
53814b4f-5934-439d-b326-f7f6951ead02,Bebtt,35,South Africa
6a94ec59-a4cc-4dd6-9f6d-3298da0f5421,Urpwsgzwxuhy,45,Australia
23e272e0-5fdb-418f-8be8-90b79fdd49ba,Ykkbzig,21,Germany
a0ff216c-47c3-46ec-82d4-d727fdf49960,Erlstihapp,33,USA
9cc3b439-3fc0-4367-b3fb-e1643eb6a243,Mxaowjaasojp,34,Canada
70b8d074-74ef-46e5-af5d-51d22d73fc1b,Khzdzrk,34,France
aaab6dce-db05-4247-96bc-c7534c1f6874,Lrt,48,France
22e2bac5-e924-4275-b978-fbdd75dc4f95,Wabgzukz,53,Australia
e3dd45e0-4c1e-4fd1-a335-269773354d12,Xyvjpjzdmfsge,48,Germany
66a589cc-6571-4acf-a486-8c7b6ef04775,Pszlx,46,Australia
a6ff94ac-eaeb-48f8-915c-99c9a88786a0,Ihffhacjzrr,53,France
d139198f-1151-4d71-9052-33a8619d2ca7,Ofcjbly,40,Japan
f7f8a7ae-8dfb-437c-9396-2a08c290ab07,Uernjok,47,Australia
be3b3a54-8a01-47ed-9db4-5d580ed9f313,Nkusuiza,50,France
b831840c-1463-41d2-9467-79a0dd9c75b8,Psubbb,19,Canada
872a0bab-4319-46ed-a8d7-57d3001ef3ca,Ljvkknlygtqkl,34,Canada
5dad6f8b-000d-44f3-8742-8f7ad788eec6,Itcmoixiw,28,Nigeria
09983124-0458-4f3b-9544-57fef1735b59,Icqpxmgaxiwyto,53,Nigeria
2cda698e-55fc-40bb-a422-90ace610dde8,Hopezgfzl,38,South Africa
c1140cc1-b241-4b0c-823c-e14462e9ff80,Kzaoyvxr,37,Brazil
18abc257-ae55-4c25-9f9f-babe20dfe0ee,Txalfqvk,21,Nigeria
2489c80d-4abe-4ec4-96c8-849037f02420,Aiqytgu,35,South Africa
cf147229-89f4-4eb9-a4a7-9745fde6e232,Tkt,24,Brazil
3bd7f5a3-f464-4133-a927-ac3afaaaf330,Uraicqq,45,Nigeria
34df7fa2-9a1d-41bd-bd34-0f97f321d816,Ekkszcitcck,44,Nigeria
177f694b-91c3-49e0-9a18-db1401d0901b,Xybvmtwbgb,46,Australia
033c62f8-0dd2-4517-a896-346ad28e0c2c,Awqqsgq,32,France
bf21d2c0-5655-4b31-bab2-2d399e480424,Wbitguxvabxco,35,France
f3ea6821-3ad2-4b97-83a7-83ae19ec27da,Ctgebap,56,Japan
95bae21e-287b-4ebc-88ec-336fea15520f,Dfwhbykcpoeban,57,Australia
af422886-51c8-4015-82a5-bf82da107046,Yss,18,France
b96dcf2f-a9c4-4b5b-8f6f-fd866511c782,Bwsjcxkf,48,Japan
8cba3ea3-5636-426a-b954-0b7ff025a147,Mymcjxqgj,56,India
4088bafe-ceb3-4051-87a9-82077abb68c7,Jnsf,33,USA
b45017fc-15d9-4bb3-8d0d-b11d1f895629,Ylqrqs,33,Germany
a1b54c6e-69d6-43e2-988f-66c4ade2b69f,Blvimagqnlajyaj,55,Canada
8b2f93e4-03a0-4c13-ae51-98e0075de4bd,Xdzlpzrk,28,Nigeria
0dad6814-f00f-4f65-9a40-dfe41170636a,Xxa,53,India
d9fb041b-cd72-4500-8984-e022fa6adc99,Iblpatmlrslgvqx,46,India
100ae2aa-e8f8-47a6-8f73-e11c85d0ef13,Ewpv,22,India
a6b5c44f-c174-47f1-91dc-9df1ad3dc078,Ahncnog,39,France
c6298e41-73e5-4919-a378-531b899e4fc6,Ihp,39,South Africa
87a6c807-76ae-4560-a351-f8363726b5cb,Pnvvkqj,20,USA
373a07c2-3e67-451b-85f2-2bab8e342d63,Cjvdjgbkawpof,48,USA
93113d7c-55f6-4c58-b8eb-0e969e6cdbfc,Glbpcnkbhyczp,58,Canada
568b64c3-b4ae-4d8b-be04-7d949fa87b35,Nknzkbca,31,South Africa
90e01e2c-a4d2-475e-83ef-809b1e458e76,Wytsb,48,Australia
2184d804-9e04-4587-9a64-6e2cc35fe8d1,Apkkkv,39,France
3e100f69-5724-4857-bf34-de8be1c3538a,Emocnk,40,USA
46dbbeee-9c93-4c8d-9181-527ec58c7fe3,Dvs,38,France
701e1734-0e4b-49cf-8ca5-f1c9b5a14f72,Ouurgxr,28,Canada
2a696414-6436-4f55-b2ed-f7b451e26430,Reihowc,20,Nigeria
612be0ea-d605-4bba-8e81-511d42f9b39a,Fejgnxjgnnxfxt,28,Brazil
c0df4d48-d917-4aba-8e61-6b2029ffe115,Ycuafnfrvuypflf,28,South Africa
c3cb9ffe-0731-43bf-b1c7-72de373b6413,Zcxfvnqkrwlsynp,39,Canada
c0a37adf-1447-4cc2-b20c-f664bc3c6834,Htn,45,Canada
e99750f4-7a63-456e-a3c1-af0f2320ad9c,Qyglamjfoj,33,India
a3a9afbb-dc18-4479-9ed3-f590f8196773,Kxpzslcjwv,37,USA
63713fa2-e5c6-4635-bb78-8d39773b4921,Ibgkvsjkrhxj,19,Nigeria
16fa4b0e-0cb2-4dd3-bc90-38ef5d694309,Evgtlbip,21,France
61813917-d31c-404f-9dae-11a5649fb0da,Fwrqkbpiidydl,25,Germany
1d04b35a-1fa1-4be0-8e71-9acfcd44b944,Vjpgyjwha,47,Australia
1afac8ca-9f98-4649-afac-4830999692ce,Dqgpfjcffgm,44,Brazil
cfa87a1a-4f7c-4d59-b062-6902111da878,Evayebuwszjo,19,Australia
38d0af21-757b-439f-b5eb-e4bcba1206c7,Ynmyu,24,Brazil
db1d53a1-ec98-4a05-be63-d2c9b361233d,Clfdp,46,USA
b1316a5e-2b74-4b3f-8f07-ce8548ba4542,Wocfxwoixittsx,52,Nigeria
eefbf8bc-607f-4b8f-9e6c-9cb6156e2184,Enlv,37,South Africa
75fdcee4-2625-4097-be13-7e4c2a8737b6,Bhprhpwbnfbyd,26,India
8c221ece-9171-4dca-bf9b-1fb588396eb6,Obrvz,29,Nigeria
40f00015-dcfa-45d2-9b02-3a2260e7cee0,Ukginxu,60,France
0e3f34d3-9bc1-4be2-bcb1-5e4fc354d370,Tccrnivkuwjul,24,Brazil
d7e53104-5b55-466e-8e2a-f7e00841cd45,Bey,47,South Africa
144b00af-0ae5-4fcf-b295-265a67006b90,Wrlfedihvlhc,29,Japan
7c02c5cf-3da2-4317-864f-952faf3b71fd,Gdtqllz,36,India
ca8aac00-d1c5-474d-ace7-1686729e57ca,Lsr,31,Nigeria
210a731e-6488-45d6-8fb2-e536f04f3b52,Cyguqiny,39,Brazil
cc5fcb38-d6b6-4778-a47f-dc0eb66085d8,Phojhrasrulz,48,Canada
9b810de8-378b-49fb-a4b7-de59e903f2f8,Ebgbxuktuo,38,South Africa
aca1e82c-6a84-4fae-81f2-7db25ed24960,Ott,56,Brazil
5507239e-9f3f-4bc2-b085-1ca40fa6d85d,Ebsrriwufwc,59,Australia
262ac2a7-15a5-4d79-ad97-3b44b3ca264d,Wmrpwcymi,58,India
763c843b-c193-44f7-b297-22b62f6058eb,Rggb,35,Japan
1e569993-dfb1-441d-a110-59c2eb188592,Ickeetbveh,26,Australia
8a8ab540-b8a9-4729-902c-3f2b24a40276,Yeylnidfdpadnkx,34,Australia
04aa3ae9-0d85-4cae-8a69-f1ca06ea7ab9,Xjcydy,29,Nigeria
4f36f821-4c3f-4b01-a90c-8e35a00aba0e,Tggafliyl,26,France
ada7614c-52c0-42f3-b225-3dd42240d81f,Tmaewgqwca,25,France
293c021d-0448-469c-b5f5-898a3c251497,Ddfwufkhwtks,48,South Africa
6df45971-473a-442a-ac3b-b4fe794052ad,Taabanscdm,26,Brazil
346fe5f9-9fe3-4ca7-b3fa-93446fd1ce08,Dvaq,49,South Africa
84b3b48e-ce25-47e0-968b-20c29dc07622,Alvhckhdqxajy,30,Canada
bfa6ecf7-0dab-41d6-b156-0b9c6851fe25,Fkpy,29,Brazil
6e711229-da97-417e-9e0f-322274178b8e,Gnslxdd,54,France
7f68d7bd-26b4-4168-8db7-c783137199b4,Odnsz,33,France
b814bd4c-488d-41fd-9be1-9d242b7e2056,Crcdwqzo,47,Nigeria
fd35d9d7-6866-43a9-a709-9a319cfeb34d,Rjbhkmpiaheyxx,56,Canada
2f224183-e89b-4c8a-a09c-0a060f46d9cb,Wvvzsnsdi,53,Brazil
dd2df0cd-4c2d-4fb0-ac66-7bce00d2d81f,Lkzgietphmusw,34,Nigeria
3ca7a704-57c1-483f-bd04-d40b1e08447d,Imdqjcvybydlesi,42,Japan
4a516e67-f31d-4119-a78e-5b92ad22163e,Kcmptcexrlez,39,South Africa
bc1d7a5e-6d2d-4087-b4f1-201f0f6d0f31,Rtd,28,Australia
07fff8b4-d863-4605-ba6a-44d8bf6fca9f,Gtgeywejuqvvnx,19,Germany
8d700289-262c-492b-aad6-923b914fd530,Jhmzv,25,Brazil
329e3e95-36f0-47d7-9c34-8d7068956de4,Yedngwmlmc,52,Canada
66b008ff-87f6-46bd-b1e1-6b9e959cdf29,Zhkmvrlaf,22,France
8a78946c-9553-42d7-a964-38e86b2197be,Zrljrm,37,Japan
a9f855cf-e13d-4d02-ad22-6437fd46f97e,Bctppcabaqc,25,Japan
f6f7adcc-66c1-4bb3-9fbf-631e6b3170cc,Qun,28,Canada
c466e51f-d2ac-478c-b7de-a71b6fb44530,Hxkkyuuhucakgj,58,Nigeria
72a416c0-b560-4f03-9327-f2ad1421aaca,Tqwqxtvcmwsiib,31,Brazil
c06777a5-aa09-4db2-8644-bb6d037e7346,Iooitzysht,38,South Africa
8df0065e-db04-4f2e-b4c2-578f6d480e38,Ahhvfs,30,Japan
2ed77bfd-5388-4af9-9b0f-a6d2caeac29d,Upytslm,49,USA
d5e08f8a-5d1e-44bd-8e4e-98707478f732,Zxrgmunqdkkg,50,Nigeria
5802e811-cf3c-4fdf-8e64-27b73b40e558,Bcgukrqtjaawdmp,43,France
7781a97f-8933-4096-8fd3-84844112b22c,Copdinmyfamzc,51,Brazil
e03f5769-392e-4313-ad55-ba3b078e0782,Ticffps,44,USA
30331226-daa3-4c91-b569-a8c2c49a7a00,Skayan,43,Germany
999b3366-7ee9-4052-80b8-086d58cb76a5,Nvwmbg,47,India
ab50224d-436a-4c44-8cfa-51370d7ae402,Bvafnumllmqhipn,22,Australia
df93affd-7d04-41cb-b779-83b7644f1246,Uyixjsuwqxlgelo,40,Australia
d2d1cf30-d303-47c9-b2ed-83e65ea1e475,Xofbmapuuib,52,Canada
76d0a2a5-c5af-4326-a271-e4653980ecde,Bqcwgiq,47,France
96a8e9c5-26dc-4f39-bfc3-1e319920c757,Bxffkdu,43,Canada
a8098923-db2d-4e34-a7ee-9d8d4ffec832,Gqgworrlex,45,Brazil
e0aded10-0edc-4c52-bca2-29db93ca95ef,Ihvx,22,Canada
96cb2aa5-b0fa-40e3-903c-0b8bdcc6b87d,Tguy,25,USA
5982c1a7-3cb1-4af3-a2a8-24a923429ab5,Atyqozzq,34,Australia
3628c78f-c68a-4ccf-a390-92198c4a961f,Ybbpdoxvmtzv,53,Canada
36210829-5a2c-4548-9300-60985fc28425,Jyy,33,France
89f9a72c-9f16-4aa1-b0ab-7f5dda68c3b6,Jvp,21,Brazil
dcb09198-b282-47ed-a736-7914eeca57d6,Qdtaajatjmv,26,Canada
3b92c74f-2823-47aa-9468-2a766918db2a,Wxamdefcicw,20,Germany
11480e45-43d1-462f-9726-ec7c10d108d6,Ogriylvdecgsyr,55,Brazil
ae3ea265-29c7-4ec4-bf20-0dd3a5685071,Eudpcns,40,Canada
8c1cf0bc-58b5-43ad-8f30-8937a98cb7e9,Ckeuxrcnqfn,29,South Africa
8d9d4576-e38b-43d4-aae6-125644993c1c,Mbbaydmpbai,32,Nigeria
54f99544-b79f-4070-8d0b-f74d8c202c33,Iqqzqkxptnx,41,Canada
fb3d0e2b-8e98-4481-ad48-01668a1d21a5,Uplxjjwxth,29,Germany
6621b759-46a5-431c-b6eb-f40ca050a016,Xtsgviqnuffohs,54,France
7aa05a8b-b79a-4fe1-934b-727b3fef0782,Gjhixfgvxa,21,Japan
0df8293f-0411-40fa-8a71-754730c86518,Jlrtknvurwdy,34,Germany
912676c0-a1b0-420a-8f66-441e9e3e4b37,Vdbzwnqmkpb,51,Japan
0474f7e3-6288-4462-8f7f-b8e8dee668fa,Bswuxg,41,Brazil
924e7710-633f-4897-93e5-f6499afd5716,Wgqbneouwvlcisa,32,Nigeria
9615185f-5631-40ef-8775-bb20099dfa2b,Qwcga,57,Brazil
e38a67d6-b74b-4349-a184-b16350a4b1e0,Qhfuwnszgyo,30,India
7b324103-6564-431b-b9a8-1a60133f77d7,Jwydzfcoqyxbla,19,Japan
8a1c6ed7-fbba-47d8-b4a5-eeaa26b3d4a2,Szeqr,19,USA
a041883e-fd35-4c18-86f0-62e3ccfb79b5,Bbckdejilrrixgh,41,South Africa
28355233-e8ae-4c8b-9dd6-251f8b967ef0,Ytllrptcndwniua,33,India
24f8e03d-2f1a-486a-afba-9c8134358bb7,Eyiljlvwnfoax,30,India
31a1bd95-098e-4fd1-9fff-db95c49d544a,Oikdengvsi,33,India
8d7dfd48-c3f1-480f-8f6a-51c2f8a84a5c,Lfr,30,Japan
40014940-89e7-4a5e-97ed-b2795bd48d55,Okbobgpokujiwyj,35,USA
11721ccf-e590-4337-aa2f-238594c1eda4,Frihzncrsi,26,South Africa
93b5407f-5fae-4166-9189-2ffd785f134e,Qbutimklopjntih,48,Japan
63701817-62a7-4a33-b1b7-962000a8445f,Osgkqhih,55,France
90fc2d01-8ce3-4cfc-be8b-c6c89a0eff34,Fqjncajtfztb,31,Germany
e236b600-9295-422c-812b-9ac49443ac4d,Tejxloevf,41,Canada
64388682-4b04-41ed-854f-8f645c6b3042,Dtmalalgp,23,Japan
8408812a-4556-4f5d-9781-292fb43ebf14,Dmqrikccf,18,India
65057b89-cfad-49e1-891e-67f7f75afc4d,Fgzqpmkr,40,Japan
1e224ae4-691d-450b-a790-1efdce8b343f,Pyg,32,India
80fb53dd-4e37-469c-aa9c-ad5b0ef324d7,Wwubwvbecbbgt,34,Nigeria
24536f38-edc1-4a05-9d6e-9059662ebca2,Lqwchnew,35,South Africa
3a2d5980-5406-49cf-b73b-8e8562da6a4c,Tmndcpijq,22,USA
5429bd54-bc78-47ab-aad9-8984af998150,Ktfagjkjzszgsi,19,Canada
1edee1a1-1bcc-4709-9f8f-5709ee4b382d,Tujfolvpwdgroyx,60,South Africa
fa8f77fa-1cd3-4b67-a6e7-08ef6ec2f19b,Gmgpweefga,56,Australia
80c7efaf-7881-4a42-931e-95dd90d476de,Tgxgxuxlztk,52,Germany
2f9972e9-14ec-4138-97c6-62a27a95ede8,Upluvyf,35,France
00d02e5f-d375-464c-ac4f-fe5bbb53f793,Ksbddvcbi,39,Australia
cd344f0f-5207-437a-a808-693e9999d16b,Ztcsxa,48,Canada
a7fdb559-9155-4320-ba2f-801fb38858f3,Nkoo,40,India
1736601f-926e-4f13-ac62-e491180f1c45,Pvzb,50,South Africa
9b9e6220-e134-473d-82de-15e8fc1c446c,Xztc,29,India
7f82f8ba-7c60-4d63-b6a6-afe5241ffe58,Nxhcnkdpqis,32,Japan
b51a6ad7-9339-40b5-ad36-acf7770c1fde,Rgu,27,USA
f8f07818-a701-48f5-9762-1d494d75109e,Ljjj,36,Brazil
a124bdd7-250f-4c2b-a110-fd8110121fe4,Cqgyfbcr,54,Canada
ac03e5c0-f35f-4452-a971-90b9acf18011,Dsfnostaq,57,Germany
39dba419-d9e2-4274-8764-79259b595df0,Amxwyvggoy,27,Australia
9c4d114a-4c9a-483e-bc54-6b306364a323,Bscmqn,27,Japan
d42d59d6-bc96-4a1c-a61a-165adf517837,Qgknfgs,53,France
5bddec5c-275d-491a-a734-6f4dabe03914,Wzvhhaalhoeehhf,58,Nigeria
13286b9e-f7d4-489d-8cc5-2bb0cdec3692,Fqdss,20,South Africa
edae5201-a2bb-47fe-90b1-1f53468486a5,Ixxqhbeekzc,29,France
5ef8cfd1-74dc-470a-9d63-8750b3977ef8,Peici,59,India
c8e46c16-398e-4e6d-b645-e2c34d1f6e52,Lhd,60,Germany
e4f3c43f-e00d-469a-b3b3-c2508aebf95c,Uapsutsynp,29,South Africa
19834d9d-f89e-4df9-88cf-864afcee905b,Fgqujufukcvej,54,Brazil
6fa735d1-a6ed-43b3-94e9-2f4f26a36b7f,Tfyqolmw,58,USA
8094d340-9f32-4853-ac34-99a0956ca855,Yxhpwrdd,44,Nigeria
ee479dfc-035d-4b2e-8d73-723c67844ab5,Ulitgf,40,Nigeria
e663c137-241a-4e48-b1e6-5ee7912a677d,Cokaxkg,40,USA
afbd6393-45b3-4939-9c51-6a46275e5484,Szzjzqoqfs,22,France
18ea4211-1be9-4c61-a788-4bfcd5108672,Csesdsfshxn,24,Brazil
90dae9c9-6dbb-414c-9496-93f2e245f583,Ssbzonkck,34,Japan
77bb7693-575e-4ffd-929d-bb9051734fcb,Ples,59,India
ca953950-3d46-4978-a61f-90a0704c4028,Vmrqcbjzfqlmx,60,France
2572d8f8-b9fc-4a33-9ab8-4261aea9db45,Ccch,23,Japan
9ea39ac8-9fca-497a-a431-c6d38777a702,Bsingglikcioay,27,Germany
3c73f4a0-3f2f-46e9-b899-5d99b2a1577d,Ajmjwli,37,India
18e81b9d-37e3-4d40-86a9-7f06d5b07d70,Cdbknwlbhnyp,24,Nigeria
80e240b2-667e-4595-80ef-b4d731019c5f,Ekzgzoppuw,29,USA
794fd1ab-d41c-4b0b-9c89-5e23f364e51e,Fpwdshgtxdljfi,19,France
cd5d7da8-a9b7-4643-8ab5-af0979190045,Culrlanggh,57,Australia
52c55b48-c16c-411f-be3a-ecc4c36a9725,Nceya,58,India
eabef2f8-bac7-4bd9-8dbf-583fbbe542c8,Uxhwonpogvihvy,27,Australia
65c9f5c4-b3fa-4fa8-986d-d911578fd250,Xrqspykypqgt,48,Australia
33e8b52c-d4b4-4a58-b264-58d49b4ba443,Obiholm,33,USA
e46dbbb8-a961-4169-b2c2-29a401aa1bce,Itnam,57,South Africa
ce2d992e-ba2e-444d-9681-b82a2a230fae,Qgpiswgpzahapmx,34,South Africa
3e1e9322-9c4e-406b-b7d1-8eb4dd94205e,Bhsofe,47,France
beec0063-2731-4f72-a41b-1f620e5964fb,Sczmrxevy,24,Australia
26a98a88-0bcb-48c6-8a67-1bad8b57c3d1,Aezro,28,Japan
61b36cfd-3fcb-4ddb-ac7f-f1e0af15a5b4,Qwcuqxbpyouutj,46,Nigeria
9ad432c2-fe04-48cf-aecd-355387747eb6,Vgksjodczxalmx,57,South Africa
b27caacf-218f-48e6-adbf-738ccde43672,Ogqnry,39,Germany
c439749e-8a03-4334-95ba-dd7635e75fb1,Okjvqnu,24,Brazil
9865cd51-8c28-4792-b1de-392844d536bb,Gmpufirtojy,55,USA
bbfca1c7-bf4e-4f1b-8304-036568f3aa4b,Rsjmhp,37,Nigeria
ea3028c5-bd0f-4eb5-a429-4ffc3629166d,Wubvubrscrhzt,18,Australia
145d2f38-41c9-473a-ae7d-9ad06fd2fcbf,Vfo,24,Australia
f8a2e4de-90a6-4f72-a6e8-6a5084daf73c,Mhg,51,Germany
ac0d0b60-b8a5-4f55-8d65-c62747f4d678,Lnsea,25,Australia
26e2a014-83cf-476e-9499-9a84d3508451,Set,49,France
b2152e10-4f4f-40fe-9301-3bf3776d9499,Szbjcbkmtgu,37,Japan
a8c72a4e-cb08-4b91-a57e-03c7d9bf882a,Ssgvtwhnchj,29,Nigeria
0de50546-f540-40de-9ab7-8fb6d9a1a696,Jqaigdvthcdgdk,35,Nigeria
d00a5dc4-6d21-474d-aec4-9b650d924ed1,Dxzvtortevir,23,Nigeria
6e4880e1-ffd0-483b-bf21-431f102efdcb,Oohbecxzosttolx,60,Germany
207e5df4-9ebe-4ac4-a108-a7c3d926b97b,Fpwnjws,25,Australia
79ac16de-c361-408f-9c3c-492d97d7d2c5,Nyzdax,60,India
4fc394cb-d8a5-4c34-a23d-3d8a97561d64,Gjof,46,Australia
7691e63d-d418-4eb4-a61f-6734d265bb66,Hyglcs,50,Germany
f7aa7ad8-b4c9-4afe-aa3e-4f443a4d6e57,Iupyotm,21,Australia
d67a402d-78ec-4db6-8ba7-3d05fa0b16c4,Uhnecrtglyvqxan,28,India
09c8e2a0-8846-4d22-9127-3f0850ffc55d,Rlgpq,33,Brazil
5b5fdd46-4db2-4edb-b025-451e1306bd8c,Ffialjxssrskex,19,France
48c5e775-84c5-461f-8d96-1deadbdf5ab2,Xpjsmh,59,Nigeria
39a9808f-33c8-4506-a849-1f3e2a5f8393,Xjdtufifoinkg,23,USA
d9dc2b35-bea9-4530-aa3e-95ffe907a337,Yrdv,58,Germany
ee460fbe-7654-4b6e-a43a-6cea6e2042ac,Xuafuzbqci,34,India
ec334260-187f-4482-8fee-9f4939f3dffa,Nozsqrytlmrugat,22,Japan
79334df4-bd97-4aef-a2f7-e61aa6b08f48,Wswkx,37,South Africa
39350635-5f15-40c0-938f-0ae7d709880c,Ols,56,USA
3f4973ca-f7ab-4917-b0dc-600dfe7b66b2,Cikuzsaxthx,54,Australia
fd1adb71-1de9-4ede-8be3-86c7b8188282,Oflfphofyc,33,Australia
62e25abf-27f8-4646-81fe-8ff315817758,Cuaecvbhsvgxht,40,Brazil
30580c9f-5d82-4142-8ebd-e3049b504da9,Ophejd,60,Australia
8e2b5862-a023-4edb-9e4d-e9dbdd0f74b0,Aqdxlqk,53,India
b46654e6-9572-46f7-a214-677d9b4405bd,Pstlb,31,Japan
b1b0a461-2068-4d36-8748-ea91deb4fd42,Bicftuec,21,Canada
06892be8-b343-4fa9-bb89-a067689d9dfb,Nmglwlkgufai,29,Germany
96b1f502-6c3a-4245-9fb3-ed90257ba139,Zrrkvz,24,France
8e70d0b8-65ff-49b9-bcc7-991fad80c435,Dlx,19,Nigeria
752204be-04b9-4876-b6e2-48b072033560,Pbkjbsmzr,59,India
b64aa28f-6c49-41b7-888f-3fabc59a7554,Hhuwivqudxshawh,46,South Africa
3e33a098-7cb9-48ea-8689-db79f46ec3f5,Iyfogeuxuz,59,India
2d51d3fe-1144-4111-8b16-780be7b04ca3,Ofriep,25,Japan
7a445d47-05c5-447f-af29-9c9243226d99,Jffqpfnabgt,48,India
9c14655f-fc56-48f7-9664-36c5c5a0302b,Ptwhwgzcnvtecvz,60,Japan
5714e082-545d-48a9-b701-7c31bf8111a5,Jmqoil,54,Nigeria
a3a6228f-7884-4f20-b59c-19d0c00d5fc9,Hkuczwnpwiew,56,India
b1a3c69e-d586-4437-8e5e-3d1d418bd81d,Orfvnfzde,33,South Africa
e212fe6f-1339-46cd-bf33-2ba75693ec9b,Tubddjeilmdev,42,India
94138e76-6f87-4094-8c18-abb883ca10ec,Uxlkigzcukm,27,USA
e9387627-e935-42a1-8e31-462bf67ec1b0,Qbxbez,41,France
4b675df7-500c-47c6-8ec4-99c4994bf1bd,Zjeydmkk,18,USA
c1f2e7c5-240f-4400-b406-f294ac8ed1da,Ulqwsctywiifg,35,Canada
da133f62-3f2c-41c1-a5da-cd8a2cd0ba83,Ehnyrplsvm,34,USA
28a0ef36-c6ae-4856-8036-2e8a86e5f53b,Iqhsvcmkmm,33,USA
36397ba9-4dc6-4862-8c70-caa224f61f9c,Btchsskbmclkiij,40,USA
6745d0ae-0417-4412-8176-3cfe5b85a2ff,Nzuy,19,Canada
15e9d61a-7cd1-4846-8164-02a42b97fb37,Yakzbzzvucteoey,19,Australia
6de607ce-6d0e-40e7-9552-bdea621a60df,Qxe,60,Nigeria
e2eee722-fcd2-4182-a251-91ca0c15d675,Tzab,37,Australia
255ed66a-07a3-4a1d-bcae-386ab64c22e4,Xecc,37,Japan
e50967bc-4967-484e-aaff-9e41235ef4fe,Awrvmmltuqjgwg,36,Canada
bcd2d48f-03dc-42e7-8e59-f401eea0b583,Fegaabnqln,50,Japan
f2feb123-5691-42dd-afbf-09382f62a11a,Iplj,23,France
e9b597a2-c85b-4ab5-b9b7-49b5c518b62f,Dckjdjxfnjk,22,Brazil
1f5a458a-7c4a-4e5b-b1dd-5a9a37c5cfbb,Kmvbdtkywnodxkd,33,India
f5b7af10-ed28-4b9a-8182-55c599845837,Csecfcvftdoii,48,Canada
a5f8a241-06c0-400c-a1f4-8d81db229286,Occgvp,24,Brazil
458b5d53-664e-49b9-92bd-b39dae6f393f,Znatwnsclb,20,Nigeria
ebddd24f-0b72-4c83-bb48-96d163176912,Ckjzy,59,France
20bdbec8-756c-48b3-9fbf-81e54837afd4,Lajodd,35,USA
ddd681b1-dcd9-42f1-bf8a-dfd85940908a,Mqxjju,49,South Africa
c5d15c88-81c5-4e7a-84c5-9f00b20a1a1e,Vdldnsuvbz,56,India
61fe3e7c-4dc0-4ec0-a823-3eb95229851e,Lrwyv,43,Nigeria
cd200a4a-b57b-4ca2-9f57-e1e697656170,Bgjopwcbhbuu,51,Japan
468f200c-e55e-4ba0-980c-56055a5d4c65,Raovokupww,33,South Africa
06e0626c-b2e4-4a9b-a766-ab5db50d2634,Lmkew,36,USA
33a22cc4-4617-437f-9675-25ae27bebd25,Izjgsyhjlle,53,India
d46d105c-4482-4c1d-a59c-b9b70dbe981d,Ompgxxtywttvvy,43,India
6f1a9719-67db-423d-a20c-0a15defaf951,Qnjpk,45,Canada
1eef75a7-1d36-4171-a2b8-65281bf09068,Gtfnn,60,Canada
b09e89b7-1c14-4e56-bd83-623998446bbe,Dhqihrcesr,42,Nigeria
ea31609e-a685-4125-ba93-c9227330e4c3,Sdhymch,29,Brazil
2220d003-a9fc-43df-bc9c-edb4e2febe20,Vcwj,35,France
b85ebec4-bb54-4168-b23f-f05de0466638,Pjbojrda,45,South Africa
6d9bb1fc-745e-420f-9de1-acdf34fdf892,Jowfcbcih,36,Germany
dbec77cc-136b-4e96-9211-415ab550e7de,Wujbotb,18,Australia
ef6e6eb0-3a72-4a8f-8dc1-bfa32370be58,Zyicyutdpvlx,44,Japan
7d8e3fa3-af54-43a1-8c8c-a9d870311815,Uuajlodcdf,27,Germany
d25113d4-f214-4856-806b-74c6981ba3b1,Hdsenrskfgddhkt,56,Germany
ca71cb42-0d51-4513-a3bb-ff43dd8e3dcd,Csitnsif,22,Brazil
65cce283-1be2-425f-a379-db5512d23fe1,Kmh,59,Nigeria
474604fe-541e-4257-8ae9-5b2465da1de9,Ppkuq,22,Australia
86e6c08a-b38a-4963-b8d0-0d640b538dca,Giljcaqkg,20,Brazil
f84ae131-d319-4486-8997-a36cc60162fa,Iqnopfu,49,Germany
18701f30-aab4-4b0e-8491-1182a4eea872,Sgfsykayrmb,27,Canada
4c688ecf-290b-4b3d-aea3-359922c0f99b,Jghapuxuspr,20,USA
70b14e3f-8719-43f3-af74-57d4d74eac4b,Nnsmclm,35,Japan
2120975d-cc87-44fb-9d0b-e14a475eefc9,Uvgevgxtqrd,18,USA
09582661-6f24-408a-bedf-3bf16dc9a69c,Rukcw,42,South Africa
93572f3d-3290-4992-9e00-37b48f0e6581,Dkqwin,55,Canada
c74ee8a2-deec-422e-92ee-1a1689fc9427,Kdrohfy,55,Brazil
60add1d0-8976-4346-8466-32548b184b8b,Iizxgvdtsv,35,Brazil
24311eaa-c784-4702-a5d6-3e920181042c,Zgxirmz,57,Australia
e3ab2b7c-4bed-424a-9e8d-cc655dbd76ef,Rpla,24,Japan
04e8f4a9-1f1a-4834-91f0-a270e4ef5d80,Uxe,50,Nigeria
0b27c474-1967-4229-a79d-559c254aeabb,Lojkheshnll,42,South Africa
8ee9a2a4-0709-443a-9374-64052b8e4d4f,Ilvmxdooyick,45,USA
31a4191e-6a58-4f72-9165-31c3f82be45f,Pvlpexxmk,36,India
2a11f907-f8c4-4e2a-8d48-55273cbf429f,Izefmwi,48,Canada
5bcd52d6-4f8b-4262-9329-17dad5564bd0,Xaarkbxafd,52,Canada
c1373cb1-e426-4099-9724-0fb5c457822d,Njzhoqms,33,India
ebf8eb4c-dc1d-4a4a-8b55-9f356f34a8b4,Xjqbudxoi,48,Nigeria
43220958-d026-49cb-824e-7af22ad01e84,Rnbuwouyaeetw,40,Canada
6d599267-ff2a-4eaa-8a08-cecdac82fa3f,Iuhonmomqbjjj,38,Canada
5973e0c0-24b2-4570-abe9-e32f76c76206,Adtajzzcsgnmb,47,South Africa
9f42abdc-25c4-4bde-96d8-d833657a07f9,Qlitflbphsy,58,Australia
11f87132-d34a-46a2-9066-cf24275fed7b,Etcaezye,49,Germany
73d57869-f8ae-4b1e-bb51-9e0512662911,Rpoc,29,Nigeria
d4552340-5ae5-4736-be6c-d454050325a2,Udunblmvaogwqz,25,Canada
21e32cb7-61ba-4b7c-ac26-f30661f25977,Oetsuxaiilwoh,31,USA
932c89e1-3d21-4e42-a116-57317a0bd027,Hmmrulyxaozzlny,18,Germany
7ef4ae60-9a52-4f53-933f-456d47fffa6b,Lfas,59,Brazil
bce52742-b737-43b9-9130-b2068a49702f,Czwapkt,18,Japan
e89289fb-3a9c-40c6-a283-2b6aa858f719,Ahxrtynqts,25,Nigeria
dd038ea8-6627-4779-9d00-63e3305e43ce,Mplncllelr,56,India
cad7fccc-88d4-46ad-a04b-64331cb9e8a6,Flo,18,Australia
17faed7e-9aec-4b73-bb31-5fc5ded20f24,Whvuybttfgszk,46,Brazil
34a132db-5840-43b9-85fb-2e14a14bd71f,Lwiwibdtckahilh,47,India
a57f5fc7-af67-49a3-bf27-44dba27660b0,Ttiffjipujaf,26,Australia
55538a91-d0bf-4ef0-91e7-5eba6b1b9d45,Vnlwvdabwl,48,Japan
6493c822-43ad-4705-9d13-48e2a068a465,Qcmpns,57,Nigeria
290a6c42-b63c-4319-a9cc-d4acbbdb8f27,Hnshm,56,Australia
d9f2c9e6-d87a-4c2e-b764-501ff9032b76,Vxbpnahxbzv,26,Brazil
86676881-216c-4131-bf03-5247d444c702,Dtwtvkkmuysftmx,20,South Africa
1f9a0a10-a64c-47fd-a059-2d9ab641dbb7,Ywxiwgvvcpd,22,Brazil
05a279fc-1197-44f5-a764-4c4c77dff828,Xiqhs,52,Canada
fb429c5f-fe53-485b-b05b-232a234b9f18,Agleivfa,23,Australia
ac3f210b-1c0d-4122-b010-f9da06615c2e,Lfadqdwyrrq,33,India
8567e608-1475-4714-b92f-54f0ad9e3fb2,Vyomvjoaptgqbz,52,South Africa
3507d26e-ff7f-4536-8e93-a9de0bc56056,Mao,33,Australia
725ad926-cb49-4984-8252-fead0b8e44f9,Knjw,51,USA
059b3185-4b17-4cdf-92a2-96b9a096d058,Cpu,32,France
f551b5a2-21a5-473f-a637-d93d9894f03d,Nelgmy,22,South Africa
ac0a86a7-746c-4c3d-9913-2f90af2bfa1d,Fdh,55,France
b9fd3e20-0814-4b80-aa79-aaf0fb93bc02,Mddtjgcibp,39,Japan
df165ec7-9425-4ce0-8996-f5b5d4ab6e5b,Otb,60,India
aafbba4d-9dd7-4741-ab66-e0945e7c18cb,Sabhg,47,USA
3bea1d00-5ad6-4af3-88c8-cef5b3224b6b,Lovufaklmrqes,36,South Africa
fff5807d-b43a-4131-b760-ceedceee53aa,Iyqjpgybcxhbrjo,32,Germany
3dd20017-aed2-4067-a941-1f1ffac52adf,Stfpqaissuilqjy,58,Nigeria
bfd30f3f-d0cd-4e3c-8e4a-6fb46d4e3f25,Uvsupkuy,41,Japan
51f5a3ea-3d52-4d39-85f5-ed284b34d16e,Ymdf,21,USA
1bf9df6a-d328-4685-a14e-8ba3d75d654f,Doylnbp,38,France
bc752ff8-8589-44d8-9f59-583dfad2d644,Uigakruhbffdv,43,USA
4f0b53d3-d31f-4dbd-93ec-09a33d11dd2b,Inphxyvjmurott,32,Canada
882691b0-ef71-4d3e-8510-c9e6cc226721,Fphfsxx,18,South Africa
58fdd71f-356b-4981-b38b-a30f9a571d7f,Lzljbwfpbhl,55,India
cf94adfe-64ca-4710-99d9-53419819d6e9,Bidpklerlfi,55,France
d240d43a-45f4-4bc4-98a5-a4bae01097fc,Lsccdzqzye,31,Germany
3a244256-9014-4b70-82d9-985c2604d894,Gyzvkkatbprqlaf,35,Brazil
5089093e-1258-4cee-ad3e-5a33b9d065c0,Jhiankz,60,India
6b8d51f0-e508-45c5-b028-0ad89503a968,Vnurbaqmsda,38,Australia
a2f81024-0da8-40b4-a916-6b438c9cbbaa,Zdx,28,Nigeria
89495dea-3731-41db-a988-f092866cae08,Asxuaykghzfo,56,Brazil
3ddc3a7b-60ca-4675-a19b-3b686fa4daf3,Ojmberkmercfgu,28,South Africa
ead46a6e-6883-41c4-b009-2d1bd78dd188,Ptvatnrinrhwx,34,France
68bf9e8e-62ee-42b3-8830-dac3136b9be8,Ujqbwcc,23,Nigeria
2a8aeb28-e492-4524-b705-ec7f966a697f,Miduckqymtbx,42,Canada
1c13754d-7fd6-46bb-bdc7-3082f011ce26,Caebdbuxjld,47,Nigeria
371a21ef-9980-462d-b1bc-a0df79f8bcfa,Frnhbqs,38,Japan
364c917b-e9fa-4b5e-90f7-2a87451924c5,Juwdxfwfcp,43,France
585c43f5-38d2-40db-86b5-98ce38da25eb,Ioqlvuykntbfo,40,Nigeria
69c30e5f-d455-4bf0-ab43-9e96c8bdaecc,Yobbxrmer,54,USA
43273910-90c7-4b52-938d-b890f44e119f,Zcfcgnvnbvx,22,South Africa
6d6bb3e0-6940-4b54-ba12-3146cdfa29f4,Dgacj,40,Brazil
b2018edc-520b-4db3-8298-6567413647d0,Iaz,59,Germany
94064404-e43d-4e79-a2ba-e8feece25795,Vnvcgwdrvuh,27,Canada
5e50bf3a-d010-419b-8de0-aff76e87865c,Zbtywfad,51,India
ae73cd0c-31ef-4d91-9045-e5e3be5fe11f,Jzugjwiswwwss,43,Australia
683b8b6c-bb4e-4e0c-8afe-5817cde20997,Emhqzbva,60,Germany
80c8aa2e-7c23-4e33-b7d5-d600d2ca68aa,Ocrot,34,Germany
8fc65d5f-1081-4e64-bc03-cbb7a73ddbb3,Hwxn,56,South Africa
c350f5ab-65b8-4dbc-9c7a-6937d422b778,Zmum,54,Brazil
d2ac6e6e-7677-4dc7-ae20-7ac4f3d146f4,Fufhy,31,Canada
8f94fbb5-b694-4eaf-bc74-fbc3e9b8a663,Uqquowktehuehz,33,South Africa
e80c9583-8658-45ad-b2e9-7f4bdfebdb9a,Cgocyvevtupusni,52,India
91cdb556-0628-49b5-900c-d175ecedabf5,Ndys,22,Germany
106548cd-980f-4336-8c08-3722f8c9b1a0,Luqsjesazlogb,44,Canada
9d183766-e254-4dba-bf32-0237a0ccb1b9,Vkepj,47,Japan
e4983bb4-ac38-4fe7-9e28-814220816957,Zdiaxvdxpvcx,54,USA
0a0aa6d9-fe4f-4d13-8d86-3b6ed8daf3d9,Wclnycwnqzjbl,37,South Africa
4106d493-136a-48ef-bd3b-fe14a8c66ec9,Olr,49,Germany
ab66edc4-eec8-4597-bb54-c53f63ded3e5,Rjzeqbmejsmvun,43,France
a499bc8e-2df0-42b3-afe4-e44e72871be0,Qpxhwyfnsagw,47,Germany
e2e0d11d-298b-4b2c-9884-e424215ae809,Hwpoobtcq,53,France
3c7a9bab-992a-4c10-a5e4-fbb1dd7344f6,Mioq,22,South Africa
51bc47d6-e65b-427c-bcbe-8f96618bd9f6,Jzet,35,Australia
b0cd026b-9512-4c91-a045-0c2fe3cd7136,Pigcnxnatsx,46,Brazil
19dd8178-d03d-4336-9927-069cb99ea751,Upqpbcr,38,Canada
3ec24c78-788d-4587-9668-75bd8556e92e,Xdftju,24,USA
81acb3d6-8d4d-4981-bc16-b7c2eab11e46,Qfmym,25,South Africa
81cf3519-0592-4102-8171-1984c1859707,Qakantn,30,France
6990cafe-96d5-430c-bdb7-23914ba98c37,Daklwctelcgd,58,Japan
a2605d81-c623-4c4f-a515-62f075032d99,Hiakwawidlwzlr,43,France
a9d180a7-48d2-4aa5-814e-7cedfd7883e1,Ythkzh,22,South Africa
2332e464-8ebf-4b95-9f12-33b6c0975f96,Kwxkf,52,Japan
c34f19d1-cf78-4ab6-8c6d-c8a491c9dc14,Uionhfkyntow,29,South Africa
dba85a7d-4d2d-4b5c-b7d7-bd24708fb4ae,Agetgzowhrzl,27,Germany
b1b91675-41a9-4afd-bb0c-e3cd1e5dbe3c,Kjrzckw,46,Brazil
e64b3941-9921-4649-ba1e-0234761a202a,Ayvpdzms,23,USA
f35b084e-6a73-4c4c-8707-3e0fcf1112be,Haxwjmna,43,France
7a62ff79-9b32-42ee-aa8f-284976c026c8,Emfblm,30,India
89db48b2-36b3-49fa-b0ac-8c64b16f1b45,Ugouvmtnoqsd,50,Brazil
e1732188-82aa-4850-a742-c168d76e7207,Shrqgbmlkndlsip,44,Canada
a5dabd2d-cead-4661-b140-bc8f94efccbb,Hfcpqzm,18,South Africa
9fa14d3f-be2f-4b71-abc1-c72b35ac6358,Qjsqbslr,56,India
193778cb-57fa-4f37-a8c2-6f69caa3d608,Lxx,48,France
4154ddbe-5205-4eb1-be6e-e517ab46f722,Loipw,44,South Africa
eb0e1b1e-831d-46de-af28-f5b4fb6bac22,Xhhnrccoyv,22,Germany
b9a84963-f1a0-43e2-848e-832dd966a25a,Rvsratz,34,Japan
ff3bb728-4fb8-4a12-a566-711bc1b119a6,Nilitfpt,38,India
a7a5da99-22ac-40ac-9bdc-e9558b4f5221,Cpudarbu,53,France
f5d14f56-1f08-4c57-abe5-8726b5ddca00,Vhddnmlba,35,Brazil
032d7864-c528-4325-a897-4cf196b2a702,Fpgsdhoqxyonj,58,Germany
17b26daf-9aef-4dca-9d6a-03118194e482,Mpjgvwzri,56,France
50118473-475d-4afb-8ec2-3a2fe80634d2,Oygbfjqykug,36,Germany
5d13e94b-2cb5-4c10-b7bd-3a5f557a20f7,Yusiqzjvfbaufs,23,India
d4859717-92b7-4032-9ce6-6b3ed4f7e673,Mhymkceylcvla,33,USA
cbf45e71-8fae-4ffc-8c18-abf5ed8099b7,Nyg,43,Germany
5f9b1c17-f551-42e7-94d4-a39e06f40e33,Jgtqhvj,43,Germany
9c4f3914-e101-4de9-a216-318347646547,Qvkfniqiclf,18,Brazil
98a05266-d80b-4cdd-94fa-8b46c2792083,Ssofbmvnig,55,USA
05e3cf83-7c7f-4411-ad14-c5c16cd452ce,Memyibc,32,Germany
1931cbe4-4633-41d4-84a1-50fe1408fda6,Ouu,50,Australia
0b18b284-d6d5-4b8a-803b-a82cdb3b3b19,Qwsgvlsynmw,46,Brazil
dd28002f-21cb-4c55-b8ef-6988cc0d23c8,Ffvlktky,20,Nigeria
ab5eb278-c86e-4980-a645-ed58d5731752,Wrkhyeuvheino,51,India
22482226-71ad-4db9-8319-a7c14890f351,Prz,27,Brazil
3712504c-f609-4266-9a6c-93d4e4039b3c,Gajvrvucmuva,59,USA
65ecb24a-89f8-4a89-9c25-ab2ddbb96d52,Xycwp,48,Australia
6a0ec941-0f1b-4c7c-9fc0-92056e074925,Elrkpozvsln,30,Japan
16775e7d-0ece-4d2a-889e-31dd0b5be9d5,Nic,32,Germany
dc8f2e16-4edd-4f7e-91d1-672137d58423,Wfbylowmmm,38,Germany
fa598452-0116-4e07-9fed-834e6706123b,Utiqbmc,56,South Africa
3db9632b-f5b4-40d8-aa1c-a85ba100e08b,Dsrycrv,31,South Africa
d17df12f-0709-4946-aaa7-227e8f2d9988,Aguozrs,52,Germany
0f917945-41aa-45fd-b595-d9cce9019c23,Yebrytjakaxu,60,India
a8d20e83-84c0-4164-b115-b7d9319aa3a4,Kpbaduuixtr,41,South Africa
db877d41-7f6d-48af-b029-00de7fe6ef95,Tkxdoygzomfl,38,India
43ccbb90-3f41-4709-8bb0-58d081101694,Kbkdfwainrgmus,55,USA
abcc64fd-b9c4-4ba1-8710-9c7567f6daa5,Zsckiz,23,South Africa
f807533c-695a-4918-8d49-3c170f5dfe24,Pmmeolrsj,39,USA
87cabbfc-d89b-4940-a8be-67b478e95da2,Ogzenzsolrtumy,50,Canada
c3a67052-f9b7-4c5e-bf7c-ae9c07eda9dc,Ukfvqhrumzpsy,49,Australia
2c48ea65-b88b-495b-82fe-eab119af9283,Hbhfsbazq,57,Japan
96423e61-e4f1-459a-a96b-80181f767258,Dpxge,34,Canada
13fa249a-58bc-49d7-a16b-ed36f78a90bf,Nljgvv,52,Brazil
42659ecb-22cb-41b2-bf1d-f91e216f3209,Cobzq,39,Australia
3e25c754-7cd9-4b13-8eb7-aa917428eaa1,Bnpmceklwhmricl,50,USA
8f40b884-6af0-4f65-97eb-05305ac39e37,Ywznegkz,26,France
badbd3c9-591a-4ddc-bff0-bc17631fd494,Hsxadjztj,23,France
6a7117cb-7338-4a73-bb18-3d0cdc2755d7,Umxujn,41,Canada
a3fd6460-cb1d-4b88-b334-537c554321c3,Lxbujvxnelc,48,Nigeria
0f8f9659-25b8-4b25-b1e0-1a210d71f8a3,Gwwzealroy,42,South Africa
fe16003a-dd3c-431e-9fe8-ed964aa33b23,Lvbvzotgtwtwoc,46,Brazil
96e6e749-05bc-4598-8a45-3fc77905a161,Xsqhy,32,Nigeria
2b734ff9-0303-4ff1-bb63-19583393819a,Hcyvhptyxqcr,44,France
c14eb10e-98d9-4596-a73b-91f570faea5f,Hatn,36,South Africa
aa5ef56a-1771-4d28-8dad-403bc5952d28,Eoqunnyqcz,48,South Africa
fb7857bd-7efc-47a3-89cb-218bd60af8fe,Cffwqcosvfn,53,South Africa
61c6e89b-e75a-4bf3-a074-24260f07085e,Abt,32,Canada
451f03ce-3758-4160-b431-dae82eb9eb24,Nos,57,South Africa
b3b488f9-00d8-44a1-b001-1f837e5064ea,Yhz,56,Japan
b8764486-dd5f-433a-9e77-f8c289f409e6,Ejzpzqsrw,24,India
eda598cc-beb9-4bb5-b9b4-3330781d44ac,Ckdgh,36,Japan
73f3724e-3171-4104-825c-33a116d949af,Jrndnisr,47,Brazil
845ae11b-4322-4737-a0a7-cf3c99dd1bcf,Tsurtlvawzzh,20,Brazil
a4447459-a591-450c-b914-94acee1ae3c7,Vuojingne,59,Nigeria
c7d95ff1-770a-4e66-80a7-e52d6fa786ff,Bedapiufrsx,18,Germany
76b0d29b-315d-4ad7-b8d6-1c40a1f68f41,Tmesggfth,40,Brazil
3ed9a699-d17b-4d14-90ad-08e64751a009,Xrovwukvtxsp,30,USA
36cf89e6-8afe-4376-8145-449098d4ab8e,Jjf,18,South Africa
05459c2c-6007-4f81-9eb5-1d3fea6efd3f,Babro,18,Nigeria
bedddf32-4e27-4145-8b11-fb5d9e64c98c,Pvgjsy,32,Australia
4ffd7df0-5183-4178-ad7e-f0ce8e3dbf4e,Ecdmbpadeayuf,26,Canada
8ac29b59-898e-499b-98b1-e6d8439f319b,Caxiqibprhjq,19,South Africa
7186aec6-22a5-419f-9bb7-5583cb105bb5,Wsivgeyxxh,42,Germany
1dfb7e29-a6de-4f7e-a57e-2fb19f201e9d,Tlvremxm,36,Japan
6260cab5-546b-4525-a58f-6c6485632b14,Xawyucxp,55,Japan
1d93421c-b067-47dc-ab59-0977b1f67894,Peuusw,41,Germany
8136ec22-f0d6-4079-91e2-16f7f53f0266,Gldiyrhua,27,Germany
02c8c735-9a87-4a9e-a2cc-5a152036128b,Vtahhw,48,Germany
6adfeb96-b514-41e1-949e-f581e3d9d764,Mqgacaxztl,56,Japan
a33fac5f-7080-4e6d-bbf6-3531121be54c,Bqozbfe,20,Nigeria
bd3bbe63-7d2b-4f8e-ad94-bdd51c1714e7,Yixkiqusv,47,Canada
8a4a165d-9507-4b74-a514-d457e9764c30,Eazqqdhtu,22,India
97d5fdec-c00d-4a62-8ad1-a5461d32c485,Tiuaow,22,Germany
23747f90-759f-461e-b61f-b4f34fb2d4d0,Pxaimhjjbynfnad,50,Nigeria
b3903589-2830-400a-8ff1-a30128eac16e,Jtp,45,South Africa
4011d0c8-08aa-43da-93c9-497347bc75f9,Cyncpgh,49,USA
ea656897-94c6-48ef-8221-edffc70bf772,Hfgrzp,23,USA
c2487b11-781f-4977-86f4-e573c82a854b,Efgj,25,France
c0ca423a-c82e-4e22-b155-ad3b5aa3b088,Pbgvelyooep,52,USA
5d76f866-a784-433a-b59e-e51a61f7f05f,Ujceqivefzfmbfi,44,Germany
adc60318-17d6-43cc-b7a7-0a217ab02aa8,Qhdxoyly,60,USA
a31799c6-a9f8-460e-9376-7007a7fe93f6,Esa,32,South Africa
b8fb8efd-b49a-4641-88d0-0da68b08f133,Lltvmajkaothp,18,USA
9b093527-bfce-490d-af3c-5cd725e8e9bd,Pvksbpbegbgw,36,Canada
3c8d3f65-1893-4cb6-9a0f-5071087860f8,Wowqvuzfoe,25,South Africa
1e2ed556-53d1-426f-9b10-b6ee88657b18,Dgcwcwxfbrpbss,44,Brazil
57cb335e-8110-4732-8954-692bdd4deed6,Jozddkfuo,55,Japan
b637025c-806e-4fc3-a422-e6a95df4b337,Bjvlle,37,India
b3a894df-bad7-48a1-8d47-63ba03245d0c,Fcsivrusqfrjviu,56,Brazil
6172ca4b-d9f8-4a4f-8794-096c0275e25f,Opwzpcn,52,Australia
1c429c70-67e5-4671-b985-06cf8d6d7888,Thifaozqktzn,18,USA
c34724cd-791f-48ec-8dee-857ec888c6bb,Vixtaqhsdeeuw,55,Brazil
980328f4-717b-4302-9fe7-691a0f74d396,Iuzvfbpisylxjkw,35,France
11d4ef1f-8f94-4c37-a54b-387af49743c0,Nvngozucccu,24,France
9f6bd0bc-f1fc-4fd5-bdb1-4f4868f0462d,Lfucimeqlkrvje,44,Nigeria
27208229-27b4-40f0-9e97-d2200f1a07f0,Aiwwiscenyvsbx,21,USA
cf994237-f650-40d3-910c-63c3d35a1b51,Uwolxy,59,Japan
85a58bf1-a0aa-4220-a55b-4b60b2326bc8,Xrcuzwsfmlgja,27,Germany
d4e7152c-dd7d-49e1-9972-69c87f1b2f3a,Qekq,44,India
914dad4c-ebf3-4582-9a35-9d3cbb67f506,Zphxxja,40,Nigeria
d023c46e-387b-4a0c-92e3-e23c83791d25,Jodoythjr,48,USA
9a4afa9b-4e5d-42d9-bc34-e0fb1c8d7914,Wkkbaobthcuec,29,Canada
7569a89c-6c8b-4691-8a15-47bf6102a1a8,Tyqajbsdfzlcb,36,Australia
35124bcd-b95b-4f36-9342-4a2d69f90095,Eqcmjibwykg,56,Germany
26179f4b-cb1c-46ce-9921-54ad4a12d679,Ntyqtsivqxu,49,South Africa
c24701b4-30f1-4468-893c-29353e7da055,Nsapwycyy,49,Brazil
b13dca94-1dc6-47ef-889f-7572b76c9c79,Chknrembjzeivip,33,France
8e910d5e-ee9a-43a5-9c0b-ffa2cfd0dce4,Pgktxgji,21,France
75ecfbda-9c3d-4fea-8c34-6e9c97e11202,Kkfkfs,54,Germany
ac849d30-a004-45d3-b71c-a2c07eba86f0,Gkvdteimr,49,Germany
9c767a08-56cf-4e25-89f7-3bc1177ed507,Qkzccwi,50,Australia
a05afdc2-94cf-4d2e-9774-9126dee0816e,Dtumaforgeihyji,24,USA
939f0264-8036-4950-acb6-c8da1ba6c55b,Pmbduwchby,37,Brazil
cf766266-8649-41fb-a269-c57b8e6f7eb8,Vjyjlosrwfwnc,58,USA
55b59a56-c2ea-45b4-abe8-74fb013c4f54,Tmonoczxg,25,Brazil
8b7a2632-723d-4d06-9b11-28af1ec51857,Fldrsbvsheg,51,Nigeria
3240aba7-a4d2-478f-8f03-6fb4abb618ed,Kgcrhduyb,36,Nigeria
8c508f68-fe09-4c22-88df-531fd2a74f98,Yqalsbqwr,55,Japan
4a9a06f2-459e-4d70-858c-a9c7bc46c540,Jbynuxdg,57,France
5dc15647-8c7f-470f-9bcc-a56e712fd1ad,Ezd,18,Japan
380b5540-6bfe-46fd-acbe-884e73ea2a3b,Yyskcj,21,Australia
55f1071f-cd7d-4f25-8c42-5f1e4761f037,Plqquipxwrh,43,Nigeria
87822247-a583-4d2b-8ce2-30b3681607ba,Uzg,40,Germany
a50a8e4a-9364-4aa3-9431-26a69fbba432,Acknir,44,USA
0c46ce61-becd-44cf-a752-6e5e84c2e204,Nyndqfhxd,47,USA
b5231d3e-d079-4e15-bc1f-bfcf42494260,Baljqq,57,Germany
97be7bfb-d64f-4026-b791-a2f298fbb5ea,Rvpqezs,60,Brazil
8a9d561f-ffc3-49bf-8c59-3369944ddc89,Dnorlysujfnizvh,29,France
29de9b97-9952-48a3-9ba3-d5d48b3a1394,Fmjnwfcvyws,42,France
1322e70d-f9f3-44cd-90d5-fcaf0c0cfa79,Nvxoesct,41,Brazil
939a1340-4c98-4e4b-b50b-7a4fc589290d,Sbsfjdfm,40,India
6157d182-0175-4320-9983-a57e2cd1a5f4,Znwwjng,33,USA
7723aa6c-8fa9-496b-85d8-61a725ec590b,Ihmxolbzec,28,France
74323661-df2a-480d-b183-e8314251fc7b,Mkcqkzj,55,USA
9a4e30cf-abdc-4b4c-b443-bbc9a9aa9ceb,Oic,60,Brazil
ecefc20a-81b8-4921-8f2a-7753effb13ed,Ewhhrpynbzkw,41,Nigeria
9c71eaca-28eb-425d-b9c4-5feffcecb44e,Gqwvzbuhma,47,Australia
e7ffdb64-1078-498d-bb92-88907c3279fa,Qtxlbolwezhsub,42,Germany
5a210bed-9db0-4ec6-976b-7023d2787381,Mmh,35,Nigeria
b79257f9-3bf0-47d2-a7f7-6f0b9aa4f93e,Egeoozmuohlpoi,21,Nigeria
a3685c80-25c8-474a-bbce-74538f9a066c,Fcmfjuno,21,South Africa
4f8e2b20-9232-4117-8c2f-862a08269068,Jsmymgi,50,India
dc8554f7-d1e1-4960-990a-abbba7f8f72d,Wxnmyfalzz,23,South Africa
40f978b8-7a16-43b9-8ef8-1d142064f3bf,Hujjjh,33,Japan
b719ca2a-169c-447e-8af9-80590f2ee05b,Uzltmgynpxsjf,42,Australia
ef403fac-470d-4167-9616-3d9165a1a0fe,Apkcdtyjvkxg,49,Germany
e8ea51d7-491b-4206-8c12-0a7a16c514bd,Wsrkmqyytudj,29,Canada
e281d9fd-f263-4a60-90d7-8b17497a1c37,Rinygljzqowaiqf,39,Australia
940be255-be3d-40c5-aa5d-b759f06aa535,Awbpmq,27,Germany
2453966c-566a-4435-95cc-b117e6b1c985,Btetqhjih,26,USA
ef3ac1a8-b942-46f5-a738-81fe590fdad0,Enzgtao,48,USA
31da20e1-bb1c-4f5e-a4ff-892e8d95f0a1,Emgdbem,35,Canada
18047ebe-8316-4dda-9e55-5e2ef40aa664,Zsn,31,USA
e4b8ab9f-e4a7-487e-8b00-c29b19f8faef,Uamldkgkfkeon,55,France
f041594e-d56e-4a16-a236-890944db9477,Ksoqdfscvxutu,51,India
23b479e4-3a51-4d9b-94b9-cd957666445a,Tepsdjzcwwk,38,France
bbd210cb-20dd-48e7-98c4-c8df435d219e,Lawvtisobgmfb,54,USA
b12dfd3c-3351-41b2-9150-d2aa4c0c10bd,Uiqz,59,Nigeria
9adec4a3-93b6-4c12-9113-1e93a4a4df8d,Opskxcgm,53,India
870c1715-2e89-49e5-944d-79c6cbd9b458,Wqrfwdi,49,Nigeria
8feebaf3-4c08-4d39-a992-5d38a1d74a29,Brvmokdu,29,Canada
a6c45a19-204d-4a06-b853-e44366242aba,Mhphkzm,49,Brazil
7c85ab48-ad5b-4e0a-a544-574a73c756f6,Dhetqyz,47,Canada
8ce3519a-7be5-4068-8cee-b9fe78c7d3ff,Uuva,40,Japan
6b256a27-65cd-4628-afd8-f51335b368d7,Rqsfqm,25,Australia
23beff9c-89e0-410a-998a-df66ce2ff75d,Grzpllgn,47,Canada
64b2abbf-9975-484d-8808-59c67d9f7d0b,Rfno,31,Australia
f25db263-c446-4f2e-9b01-17c1535929cb,Sdqawdwzpji,55,India
e749df4a-b19b-47a5-83c9-73abeceec8a5,Zkjunhj,40,Germany
21c1260f-665a-453c-8f98-5c0319cb8b47,Hqedmxvwwflbvb,51,India
9d65f6d0-72f4-4357-9a95-c7ae10cc0100,Ugria,43,Australia
801a3a96-8dc5-4c8f-a978-b5aed808fd3b,Gqcjqkvqi,32,Australia
bf5d8332-d7b6-4e8a-9f82-21e3c113e71c,Indixxah,58,India
ef77f028-3f8b-487d-a5f1-46f9b2f310b4,Lpvz,43,Brazil
d6f34270-1573-4283-84c4-190458a985b5,Xooauwejqrmyfw,19,Germany
7e997d9c-3855-499f-a735-24229a5948c2,Bniexpcplu,50,India
3ea35795-d417-4056-a556-3dafc0b7a218,Oviszimomnqwem,23,Brazil
06101ce3-afc2-4763-8261-63a7700f7031,Jdo,46,USA
e131c498-a3fa-4d53-bb8e-c5ddc90a74de,Uyrjx,27,South Africa
d1e9fa15-06fc-45e3-a706-b06807d56be4,Keblgab,60,India
96fda88a-79e0-4189-aa7a-f0bbd356b8b5,Ozmdrslfdhe,31,USA
3ba66772-8812-4f54-b617-58038929eb8e,Wsdf,33,Australia
5f700096-3a35-4384-bc68-d93c6e848ea1,Bos,58,South Africa
5498bdc3-bc28-4a98-b48c-d1ff1340cc7b,Qybbwyku,25,Germany
b6aaef26-07c8-45d5-ba47-41ba8b9d0fa0,Daaurletfkgwr,39,Nigeria
a05cbee7-90a5-4bff-8ab3-ba13bb5f33be,Fdvwopxyutdqnf,43,Germany
57c92492-e6c4-4a90-8449-e48c9a69cc2f,Zuopeqdufj,46,India
020d2e11-949e-4ac3-9359-e1589789ec84,Wwuukpuqq,21,USA
3e330acf-ceed-41b9-ae89-1955c4f1a0af,Spotweojkmpsia,47,Nigeria
cd8b0e27-0cc5-4acf-8e28-3586dd1d00c8,Iqgbwiyjwxo,19,South Africa
7a9ba8f0-e24c-41c3-8859-da1fcfefb276,Bkwdckf,34,Germany
2b6ac1e4-0be2-4cc3-96e7-4467159eb474,Saylgvyxdaqk,51,South Africa
feac6a1e-0d36-433b-a8d2-91ce9e21ef67,Knxpppeekpbdpj,22,Germany
14e723ff-03ae-4141-aa0d-29a5460a5023,Tqzorgmeqzckes,20,India
67963b6f-9c94-4ba9-91d8-1b6bd701992f,Diffktdodxw,52,Germany
9e43d110-a816-4858-86d3-7cb8caf40198,Eizke,59,South Africa
2bc371f3-46a8-4e07-9554-b0dd705ce07e,Kzdggmgbwff,40,Australia
002b81cb-451f-455f-88a1-08f4be75bc90,Uixvzuqwzh,32,France
4eae3852-f5b5-4a7f-894a-2ebe64a130bc,Cwalix,23,USA
a72ac6e2-a820-4a7b-a320-3006cd21c7b7,Gheivqbukbdc,26,Australia
97c0dc15-6962-43cf-9ed2-08eae4c63148,Zxgcowemw,59,USA
8884583b-1f52-449e-abf1-259e0095ae3c,Ragzf,21,France
3fa1ce60-acb1-4d1c-965d-a8dee41c0f67,Qcbqy,59,Australia
fd9abcda-23d1-4f27-a5a4-8eb824df9436,Ytjuqkycvuxbxtv,40,Japan
e8c84fcc-c41d-4003-b843-0c4de1ec0f69,Nccndxnijdesag,29,Canada
f8b57645-0e3f-4a68-a1f5-0eb4c7ab9cb9,Mpcyyedcjjnqxw,19,France
829582e8-64e5-4faf-a4c6-c6954ab2b5dd,Iakuagg,34,Canada
7a3508ee-3be8-4f3a-b8c6-b3f6a1de700d,Downhuteysnnsj,23,Australia
b55821fd-db8b-43f4-874b-0f8325dc7340,Dsdtbge,36,France
5fc7a0f2-d4e2-4643-afac-ac187e4c0b74,Hqa,28,South Africa
626e02c8-b1c5-4051-ac1a-921541c53d64,Snyujlgvpcgaq,56,Germany
502bd4d7-34f1-44c1-8e88-2acb5b686a12,Hsajmenp,20,India
39f0de99-f240-4b6c-b6b7-480ef4e30d94,Ylvjut,38,Japan
36746248-ae53-4408-aee6-9d74c93053a9,Tjbfucbxeazv,35,Japan
25b80c02-2299-4d7f-92ab-01f5b0eb2e17,Vbduecyyqrw,18,Japan
eb3ace72-3644-4bc1-a43f-869e44557473,Qjcbuasni,19,Germany
72156ec5-11c4-4e92-9113-b80e03141f03,Qhloaigbqhu,23,Brazil
91216d9d-a3a5-4eaa-a6fe-f5efae289a91,Ahdvgtbkkyzry,60,France
71f0b79b-b12d-4596-b304-08b9dd73c3ec,Mvt,34,Australia
08252c4b-0992-49ef-bd23-cef12c206297,Dcybhfsxfql,47,Nigeria
c92cb863-f37c-4ff2-9af8-bd245b10e55a,Vfavibmupl,41,France
f74aaac5-624b-4901-a6d3-fddb3cca3a1c,Avnutgqifvp,26,Germany
87b7ac53-01fe-4110-b1b6-62200e7c1166,Tkzzgrjcj,38,Germany
6c90a254-03f3-45f2-baee-fb80ccdddbd0,Vtdqvszbyhsegn,39,France
79d96867-0a65-40cb-aa6a-11fbc555b22b,Bdbszulbff,58,Nigeria
d3ed625e-e465-4356-955b-91f405da767a,Mqhgyrgrz,58,Brazil
2afb697b-b89c-4115-8830-83841643127e,Hlwxae,31,Canada
dc6628d0-d5ac-482e-bdb4-1b43e1ff9bf9,Qva,32,Germany
7392e7bc-9f2f-46dc-be8b-a5d1f5f022d0,Ywzagmw,55,Canada
90553786-d44d-4555-8ac3-0864c1b22f8a,Lrpny,59,India
465f7b33-6af7-4e6c-b968-ed56d13133d1,Defubaggbejgtn,25,USA
b2e21394-7ce2-4ebe-9d90-b79e7270325b,Pqoqbmu,20,USA
00ea8566-a4ce-44c1-b6f3-915e55705d29,Ush,34,Germany
e726524d-53a3-487c-a84c-8d145d11c7c2,Vqzitqkgkmzoenj,26,Germany
d4312c97-baeb-408f-8443-c1f60bfe68a7,Lsvwof,48,France
c61d4b2f-7a6b-4b5c-adb1-9e80c3675cd5,Kwlbxjetsfnxs,34,France
25068d45-f39b-4671-818d-aec890ed74b2,Gkgzmlgeobp,35,Brazil
8142acf0-2998-490c-ae91-5b2e03ba27f4,Zonsve,46,India
f7801c60-6cfb-41dc-b48c-30f792e05e72,Ewjtc,49,Japan
f263b022-2ab3-4d53-adda-00e2b756ff20,Poldspwbdhjhsh,22,Nigeria
6014d0a5-4cd1-4453-89d9-8ea8b0936a2b,Tekib,21,Brazil
6215b09a-a120-4737-a848-ad0784a94e60,Agvzixsdyvuo,43,Brazil
644c36d5-5b16-48d5-97d7-5082ae50d7dd,Tythy,18,USA
fb708850-12bb-4f71-b69f-033fb4f24df3,Fatco,42,Canada
d13a1e5e-e1b3-425d-9c04-10df3961cfdf,Mxkfefm,49,South Africa
d1180d7c-175c-4b5b-8da3-f48cbe574f32,Ikaynrr,19,USA
af2a082b-ad0f-49a7-9c88-56866058d17d,Zyucgcelprb,47,Nigeria
b0025ae6-35b5-4fcc-8ec8-0af1fe22a4a0,Olpx,49,Germany
50150d8e-7f1f-4885-9cc2-4152ce9039f8,Lpqkvf,49,Germany
73caf3db-d8b3-4e4f-81a1-e65cbada7271,Gukofhz,22,Nigeria
d6bc79ba-0f73-44cf-8738-ace8eae1f866,Iezvcajejch,24,India
f16d2364-5da8-40f3-babd-3b082c2e259a,Hydoaqbr,53,Brazil
69124598-de6c-42f3-a2a9-f14e4df3e5d0,Pqmqwmpkrhmjf,35,Canada
e4094874-833b-401d-9df7-2842d200ba1e,Rbargcjuctyq,37,France
10e80bfe-a837-4154-b0b6-838530c90fe7,Dikddtj,46,Germany
73f899aa-f621-4626-b33e-1738cd4e2bb2,Gocrlf,54,Brazil
35655f6c-0b49-4113-b9da-22fc4b457b1c,Qmvua,20,South Africa
9563db36-1b26-48e7-acc1-67434d096133,Aufsvrpfhv,42,USA
c0ba5ab8-82f0-4ec1-9ff9-9ab3e09fbd06,Fkgzcmbfta,41,Brazil
c6a4c018-0544-4a1a-b5e0-0d2397e49428,Irjfrynmmqlhq,53,India
51a205c8-d4ab-45f5-804b-b69f666241ad,Jybhytkunyj,40,Australia
915c3929-e079-4dfb-9031-5b52d7e64b29,Bukub,23,Australia
dc0e4d5f-80e9-4173-9670-4741e0500d80,Imsui,57,Japan
e861554e-5e66-42e1-9a02-7ff4ce76a6ad,Sphskpcrdwegm,43,India
57ea97cd-dde3-43ae-820c-ac4420ba8abd,Fonsqnipmbi,33,Germany
04e2e68f-641e-407c-a69b-c6aa0f795416,Nybqsc,19,Japan
7a6bb489-e6aa-404d-a8d1-735683e8c271,Maqtoko,21,Australia
3c1544e2-6b7e-4a34-be75-b69de326e9c8,Senkkwwb,31,Canada
9548e344-19e3-408e-924e-5d47c3239327,Qbvyqxj,37,Australia
9ecd076f-39ca-4427-9ddc-22388aa3fe79,Lqxu,54,France
d3a4f130-b636-48e0-a5c1-13ae31bf6c1e,Yulqgcppqifvgt,45,Japan
d10ef38c-c599-42bc-a04e-b4de3cd5b982,Xgknddjm,42,France
8e5b4ac9-30cf-455f-9984-2b0cf48191b8,Ckfebu,27,Nigeria
6fb6ed1a-a452-4f3c-9ca9-663d7e862b17,Kgpo,60,Nigeria
f09a548f-ba66-4a85-a5d5-3918f3e07236,Wsdwypsa,26,Brazil
6d71459a-8f59-4104-90e3-d11214608ba5,Kiojjfxgifrxb,22,USA
1cd3bd8f-ac36-461c-9b77-284d492b50f2,Nplmglzxhbynq,59,Canada
37f9b022-e8d8-4ad9-8ec0-4de439aa46fd,Ugcvyr,58,Canada
f3f769dd-5056-466e-bfdd-b1ee0e2c84e7,Ufslaut,33,USA
2e82e07a-82ce-4e96-bdd5-03f29efa2d1a,Dsmtsnvd,57,India
5e809f66-1684-4c88-911d-f31fa1e23afd,Edcqqhd,32,South Africa
5745d833-dc97-4907-bb03-a663ce2618aa,Gbbeswgwg,31,Japan
6c37649e-549b-4852-8f10-d8f0209ec471,Cjs,29,France
91cd1928-2316-4a74-9ef8-9c06daa99fea,Tbp,24,South Africa
55d7bb54-8096-4268-a1fc-48cb0b8be550,Qjbnzpkvewtms,58,India
bab583af-b46a-459d-93cf-7d60801769ca,Qgprstkyn,41,Australia
4402ca78-dea8-4884-9931-0f544a12738e,Ytrxlefrgwzeh,53,France
93fa9163-5cae-4ec2-ab62-4f90f297aeb5,Pysionzl,46,Brazil
b6e0925f-bfbd-4b0e-8bcf-2d3acb1dacd2,Nscgnjwpfc,47,Germany
286b840d-2dee-4364-b416-dc0589971e58,Ijs,50,Germany
035c6de2-2e06-4508-b1c4-79d38165cc0e,Gdbpktda,55,South Africa
9340d0c5-96c2-4e10-bbae-2e2ef2b604da,Jlvyjunb,19,USA
8e101fb4-c673-475d-a4c9-c0c53a9e8912,Cpwhyn,48,USA
1688ffd0-291c-45f8-b5e7-6d1279693c35,Wxhxivsyzoq,50,Australia
df26147b-fa04-4c64-ba91-b2ad6307edb6,Ieripk,19,Canada
071288a3-9cf5-45f6-91b0-d571cd98d68f,Myanspptjlsn,33,Canada
75393e96-5e84-4b5a-9ee8-77b695fe23ce,Grhba,42,India
63fa3ecf-b268-4c03-bf39-77c21e1e8d45,Beoaysibggwnge,33,Australia
f673aa0b-2b25-4ab7-b71e-6bd788b27021,Zruhyiymj,49,France
3a0b5103-460b-4fac-896f-81afe04fb313,Xcbgaqtt,54,Japan
3ca12c5a-cd21-46dd-8534-195d62fadec2,Neznenjlxdkg,36,South Africa
72dcbe35-489b-4caa-a5b8-0b328df3374d,Vnbz,30,France
c9444044-a7c3-4d32-8f20-8760fa912fc0,Drko,44,Canada
f714d3cf-9a26-43d2-a8ce-f82ae0672a1c,Nqpagnh,21,Canada
b317633d-a04c-4222-b527-51ef84e5a74c,Txoxhmip,46,South Africa
ce9d26b0-5be5-461f-b8ae-4a3cbdf63291,Omfktjvw,21,Japan
3c2c1eac-a548-4c4a-8698-ed1a02d662b1,Omwhqmbrs,58,South Africa
59c800d6-bd7b-447a-88ac-4dfaa341a5ca,Hoehotjyn,44,Australia
a13669a2-ec45-4ce3-896c-4e062b8402b9,Vxwdyookdqfsyqt,27,South Africa
d313974a-ced4-475f-8054-e65585ef2148,Leguczsaz,32,France
12cf2e87-e611-4cfe-9021-b68ea498b137,Mrttcfmq,24,India
78dff0cb-4e00-4ee3-91c4-cd19a6205886,Qjbipz,57,Japan
3e6d2b78-8338-4a12-a6e1-b1a1fdb398e8,Gvufqqlzhmaab,49,Canada
76cbb73b-b529-4f34-877e-c119346b2f9d,Sfzo,55,Brazil
b6695a44-384e-42f0-abe7-789fe73a0b2b,Zae,37,Brazil
9d5d13ba-a6ed-4787-a6ac-7a89d421a0ce,Qmo,22,Germany
a561dc43-07ad-47d1-abfb-a01e49ec00f0,Wdsr,19,Brazil
6c461b97-20c8-4df4-b72f-aa06cf33a4b4,Mfvec,29,Japan
49c46b6b-2552-4e77-8ac2-1a0a37183e27,Ksypx,54,Nigeria
a29bd480-84d6-4e5c-ac6f-71617ddd65ae,Dcdynk,22,India
1dba6331-d59a-4831-90b4-80e57b34df3a,Uvbwoanvsnto,19,Australia
5adfa107-864e-4a2f-b0ba-dc87b6b3c600,Apkafdljtmkdpu,30,Canada
f7c73e6f-9a58-4d79-b65d-ed6d22a4cee4,Xvhnpvdsxhs,34,Germany
af716d46-a4fc-40a3-a037-53bec5adc56e,Lzjqjfja,57,Brazil
ab17df63-654a-4c24-89c6-e3f705ae9efa,Tpkug,50,France
a125b587-dba7-486f-8893-91de4b34cf11,Vnql,35,Canada
b90ee5db-ba4e-4856-b996-854764977af7,Wbidkvwrjkhc,32,Canada
d3b1f86c-27c0-4d81-a605-9041c0106156,Zwcfwonnwcvmz,55,India
03c3b089-1467-4fa6-af64-c6d787f286d6,Tcrfcrwkwwqk,26,Nigeria
721a7a03-d0e9-43e6-a8bc-8dc600ee303c,Ahpcodyxdjyt,56,USA
678e1b47-042e-493d-aab9-6cc6a5abf657,Ukafz,55,India
4ac2e05a-8476-472b-800d-75d1f851fa4b,Gdl,37,India
24112dcc-0a23-4c66-bab6-b4a29940557d,Qjeavcrk,47,Germany
2b60daba-7ec7-4a1d-9542-78a82055d343,Hlkqafzney,19,South Africa
c063f34a-e7fd-4419-8e49-6d055dc6d95b,Vjjwbytrqpccbyk,23,Australia
02a5af37-24d3-404a-966b-c4287f738e54,Icservkydm,54,Japan
93e5c5c7-c75d-4d57-8021-752795a00957,Djfhbu,44,Canada
7e55cfe4-88a5-47dc-85f0-0f78c2ca0461,Tvehskpori,59,USA
f3f141e0-17cf-4081-8881-ba40f7c2df98,Rkpnjf,30,USA
24df7513-093c-4904-b95d-c744553fe543,Mexfdhuqpshft,43,USA
6897fa1e-bd73-4c41-bd7e-d370b1de3930,Llqhxfmcnxn,30,Australia
ce1d5ac0-1707-41ea-b308-584e30177add,Vel,27,Canada
519b4d33-48d7-4d93-b9eb-21d1fce7954f,Gzonjyelxhtv,19,Japan
16891bf5-228b-4ddb-ba2e-c8e7c56d55b4,Qvvm,53,South Africa
4ecee23c-3dd7-4e8e-a9fc-ca70794df2be,Iiyjzsonpnyhrp,56,France
60a39b44-b4bf-4495-ba51-5f7aadfc97fe,Vvzbyenkvnbo,60,South Africa
df0138ba-147f-4f8f-8e2a-fa99c1e986a2,Reielkdic,36,Australia
38490492-3478-4570-8f28-8b9249b85b41,Fuvogp,29,USA
e8e37b8e-bdee-42a1-b77d-c3a3cf9b7c05,Njp,30,Australia
5eeb6d1b-de30-4eb4-8e23-4e5b0faaf9c4,Ylxpsqdszq,43,Nigeria
a43812c0-b200-4444-b56a-cd13307a7521,Lgvuettrofefhn,50,France
bd6da556-dc43-4ae3-96bd-28261dcc08f3,Qoyft,35,India
cd96c90e-71ab-4329-aa3d-e4e5b8f471c7,Bkhseits,53,Canada
ecf016e7-1cb5-43d4-afa8-38500a190632,Crjig,60,Australia
da6ea479-3b56-4791-92af-2e10c7efc029,Ocuulhgopfbuem,46,Brazil
e0482601-e39d-46ab-a0f7-7e4add59f893,Coiauxefcob,21,India
53eea2f9-ef58-4126-a5a5-626ca5fab72b,Uhwwnmj,37,France
d254b788-1748-43a6-b5b1-d8e751fdd11e,Eizbhh,32,Japan
a3869b06-9d3a-4b99-89e5-65ecfff299dc,Eltf,27,Canada
2428041b-ee97-4d11-8168-bd5a9e2c7983,Jhmkvqzbevdoxs,48,India
547bfa2c-dc23-4e0d-b7f5-499cded4b97c,Sgcgiapgitebyvp,23,Canada
a70e4f1a-01bc-4f6b-b31a-d5e2f8768582,Jocnvxod,60,Germany
dbd7cbe3-976b-4e03-89d2-e08055c0a93d,Rukxahzconyjkjs,20,USA
db66442b-aa77-461b-bc79-43aaabdb1e18,Jgjexngk,19,Nigeria
d296316d-e86c-417b-8268-71a6212bd408,Qjhxvlszepnuxzd,35,Japan
65736958-3834-4258-b75d-eb509b695976,Ubp,27,France
f7be5cec-cfa1-4600-a3b1-e13603cdcb33,Wgqhduhu,22,Germany
47c675c6-51be-42d3-921e-f16e8d3b8ac9,Cbpng,45,South Africa
09265859-e436-4efc-9ba5-3c14b80e1c3c,Tmizi,35,USA
3ab5f21e-396a-4c97-9e69-dee4dabfecc1,Pdecvqnddwnjj,38,Canada
db99ddb3-d425-4ca6-92bb-8cd78a533b20,Kjpy,19,Canada
d8e072f6-aa25-42ce-918d-46a6b78fa329,Zsadfcs,54,USA
98646f3d-cfd3-4e4f-a550-7e8271f5def7,Ozatornjxlqyf,40,South Africa
35e2ba18-e536-4f82-8588-a442c4f0d3e5,Vbqb,58,India
63f6420a-81a8-409c-a370-22ff90398070,Zkk,47,USA
47270391-232e-42c9-8691-18b80cb60fd2,Zvjcao,59,Canada
c969c0ec-4f6c-4f1d-9549-1e0baaa3ccad,Clwggewqmribcbt,28,Nigeria
120176dc-d339-4051-847c-4bc394459a0b,Qlockhp,56,Nigeria
0e167ceb-9df8-4e92-8fd4-1e81196ebd21,Pcfqxibw,43,Australia
f6cd7024-d082-4626-be20-80b687724225,Etcrgcixqte,38,Australia
474a0e20-c7db-4858-b94a-c9af68b16f31,Gmanjvvag,32,Canada
988bb503-d742-4604-aeec-cf2fa3cff89d,Qwdoyly,23,USA
57470a66-bead-4606-b4fb-81cf67d0d17c,Srijpgt,42,India
8f6f41a8-9842-4453-8dc8-e8d51a780624,Cwml,58,South Africa
0edfd6bd-8d10-40a9-b3df-adb6c7a3b4dc,Cborqgutja,41,Brazil
f17281b5-53a2-4949-b5ff-47e48c63cc2b,Fobigdqnav,54,Nigeria
2b3efcd0-9c75-42a7-b188-a4001243baca,Kifetyecdisoyt,60,France
e605a8a9-7f1b-44b9-9153-bfdeb9972cf1,Fhlezssggg,50,Japan
54e1627d-284c-46bb-9921-26b89807c44a,Mcwgkehlrflxf,18,India
9b205e5f-d06b-4eca-aaa3-5a783379ee85,Ixexwwlvsb,51,India
d60bae66-f1a3-409a-abb6-a637599cb098,Yaqwthhqecnnxxr,47,South Africa
899873b7-276a-4689-9eaa-3e663c50ba32,Czihdkfghozyqzt,59,Australia
80514694-8d08-4e5d-9857-62c3107b07ea,Bhasanvmcwdbx,58,Australia
10363243-08c0-4b2a-8a47-2919a9f44021,Jilw,39,Brazil
08b66676-b9ea-486e-bdbf-a05e12ec9b7d,Klgnltqc,25,Nigeria
568630bb-0bf2-429e-b697-4b1479f1b957,Mrodhpj,41,Japan
b3c632ac-af16-430e-94b2-7ce23b97a944,Qkjr,25,Brazil
c4c113d7-f5f6-4442-81e0-bd10d9796721,Lgrjztkds,27,Nigeria
9dadede0-1a54-4b77-b62f-c3c67729006c,Ruzntumgmmi,41,Australia
a9ad9b7d-8b7a-43d9-b5c7-7394b3f33d50,Jbzvdgdpduykuar,41,Brazil
fdeab118-72aa-410d-8983-9b10b96c1669,Tvdw,55,Canada
1e374496-f7e8-45a3-ae76-61065270cbfb,Ezpbaukai,37,Nigeria
836a06f9-812b-43b3-a14d-ae82022dcd51,Wysiybwh,52,Japan
1c40b7e4-fd60-42d6-bd38-b158ebbb5c4e,Owjp,43,India
f2855c9e-755b-48a8-919f-eb2a095121ea,Clrvxabuilepc,45,USA
b585b694-6702-419b-8c2d-996658535b4b,Fqd,18,Canada
8299f036-9060-40d3-9149-b07a37c4786a,Ntlvu,43,Brazil
4d859e6e-a3b1-41ad-8c42-9893fb486a91,Msnyqzqtkvy,45,Australia
70ad458a-d4d6-4afe-91ab-2f671c95ed73,Sudvrkmsxcxjf,50,Canada
eebfffce-0a24-40ac-acc4-d940e57d2244,Fkixcfsbch,36,Germany
623fe517-5a76-4018-a2e4-99df0bce4470,Jehfjqmmdxhsbry,37,Brazil
e5fe1685-ae49-4e30-b040-6f1bb466f5f8,Eqwblqcxmokma,19,USA
2e52bcd2-a3eb-4875-8514-1519b7bdc935,Ytjsigh,25,Nigeria
fa39d087-49be-41a6-80e2-faa70b7054c0,Hyivft,45,South Africa
4a2fcd47-a521-4303-bce2-c9be5a1c29f5,Fdlag,44,USA
19bdd752-7d0f-4f43-9e2c-8c745981287f,Kccymeiktqqkq,19,Nigeria
f6fddb40-b226-48e5-b85c-76e88415ace6,Qrsnmtp,37,USA
a5ce2ea3-7a19-4914-bd6a-225a09140d11,Gqpexaidbzxkaom,39,South Africa
9caa2644-7eb4-4ed3-9515-2bdb5ed8801a,Gvxjovqbroreytb,54,Brazil
d776ed00-e0bb-4f71-8455-81e35d932ff2,Rgs,45,Canada
39ad3bf3-631a-4867-b22a-60bcff962f3e,Qejmdtnwf,30,USA
a6a9d14f-d905-484e-9ff1-2a4107f02343,Oxz,52,Brazil
896ee72a-d223-4d02-892f-0e747b0b6112,Zdjcuqsikekc,19,Germany
403f632e-e272-471a-aa25-254f790cf31f,Nbzkxh,56,Japan
ee64abe0-c21f-4bba-89e7-d55179978665,Hguhcqfype,31,Brazil
fceec47b-8083-4bd5-9191-f1df7f315859,Yrpxbtxg,52,Brazil
9605f2f3-fd6f-43c9-b08a-d2567057678b,Wpo,44,South Africa
6cb66baa-4693-468e-b101-1079573234ff,Hjgzhf,29,Nigeria
34db01d0-d17c-4761-ae0f-218764ea4df4,Zfzlmvr,60,Nigeria
dbc30f78-94bc-429d-a701-139d2e35eb37,Hxmahpj,29,Brazil
3b09252d-a7c6-4363-ad58-6a1712ecb65e,Rwtgeouceowpfr,23,Nigeria
7977dbe2-01a3-405a-9d95-8d11a6d14296,Vfwxnu,56,Japan
74d3250f-3b46-4a7e-9114-190b5091c9d0,Yyjzkewgjtrdtc,30,Japan
98a2990c-9555-4078-a98d-32a92d062052,Zyb,54,Japan
3d6b64cb-5d93-4ff5-91b6-8b1ff8755e06,Rwhq,32,South Africa
90bc69e8-615f-440e-937b-c9ad17b643e2,Pnesk,60,Germany
20dfd2a9-6e5e-44d7-8426-505529b12af2,Pyhwto,54,Australia
a368bc6f-cdbf-468a-9144-f14dd6a209a1,Iondezdwyqww,60,Nigeria
24ed48a8-b0db-4501-a400-318bbc842b8e,Cyuiddeha,27,Canada
e7968e81-8f47-47f4-82b8-a5413d338f4f,Yocrqmm,49,Germany
d3cae8b0-beff-4bdc-bc45-5f7a142d4652,Wdymuqzyy,30,Brazil
2517d365-818d-4258-b985-679deea234c8,Dighgxanxq,29,Australia
3dcd2076-d704-474d-87e5-87b8c683f94d,Xmmbgcth,34,India
8e75e0a8-428e-47f1-8088-61d69c4bad1e,Oesyamlc,22,Germany
5257acf2-c9a2-44db-8fd4-fbc28ae020b0,Gbaeyi,57,Germany
8dc9c72e-ba80-4a84-a887-497ace768e7b,Iedcz,55,Australia
d214c9bc-82f2-446c-a8d8-0d40e84111bf,Izbjxasm,43,Japan
2b93ceed-b765-4013-aef2-43d51037c3de,Yjrgzgqusjbb,53,Canada
1e360b39-f4e5-4816-bdca-d842c1beff82,Pswu,44,Germany
154a17f0-9285-4527-90cb-c671e4bafffa,Nbmdobwzdok,21,Nigeria
f1a65416-3387-4b74-b00b-a3a0882c4fb0,Uzsg,34,South Africa
2c72aac6-3122-4926-9d0a-02cf74b40608,Btlp,28,Japan
f3f97ce3-a120-449f-a7b2-923b7056c15c,Fucjaj,46,Australia
a3dc96ef-f56a-484e-b554-87243c452048,Sccy,46,India
5e0824c5-ac2e-45bc-bf5c-1c67030b39a3,Manghpzm,33,Japan
6a9daca0-704d-48e1-81c1-f1da40dc2663,Bnwhg,47,South Africa
a4f9d746-b15f-4787-9e49-bccce60bdb4b,Gvwtldjldl,21,USA
bf846149-5303-47d8-ad4c-0661937b2023,Yyjvxpv,33,Brazil
24b3f5f2-2571-400b-949d-e9df26f3ceb0,Fnesuo,27,Canada
e8273f3a-2b17-4121-b806-e59dd09a7f4e,Evwtlc,21,Brazil
cbc2e245-a6cc-4a89-95f1-8ce7ff48bde1,Adfcghd,56,India
05ae17c8-730c-4149-a9ce-d36690f9b3bf,Cnqwqangom,50,South Africa
0446952f-ae65-4db4-9122-f1cd3cddbcfe,Rgtq,48,India
d8968e5e-1be8-4150-97af-7df76e6cee0e,Lklztucw,28,Japan
6994f908-ace1-4c5c-9dc1-c7457202230f,Cqy,32,Japan
4719d738-136a-4426-b890-9958ae9d1e56,Agfzjq,37,USA
87dd6ebc-2aa8-445d-ab68-022b04856f8f,Fejxfy,26,India
2881e183-75e6-43a6-ad15-2eb615900d32,Wlkccbpbpicp,54,Nigeria
6d745894-d5ed-4b93-83cb-7d0ea2a1f289,Dqy,25,South Africa
474ffbe0-8174-4905-b02f-8f6b326d7f30,Zplghdmfoecotyp,54,Germany
9c213e53-04a9-4fe3-adb5-d1e48d6aafb1,Jpackchr,31,Japan
e0e567c1-6ee5-403e-abd4-a86e7275e0ca,Zhgxl,26,Germany
dc317543-de6a-438e-a780-a432a9864284,Snm,35,Canada
6ff76707-3ef9-46f2-85d5-ae1e3af1e18e,Aaimgtvevdobstk,56,USA
ef5ddb45-c531-42a5-97be-cd52f377b091,Debmawjkrx,45,Japan
e53e6931-8257-4aee-b3ab-69e588707273,Nmsdxv,22,South Africa
8ef981de-04df-40e3-a1cc-99bcd5d1b7dd,Slyuwkjv,29,Brazil
e2ba7398-88db-4d57-befb-489d902c8055,Mholpnqm,46,France
3e337308-fb13-4026-994d-8f68d59d1c3f,Lzqgk,28,India
96eda99f-e4fe-4c34-beb8-582d003cdebd,Fjrmsy,25,USA
4c75ae02-d33c-40b4-be43-59e826cd0874,Ugbeequxczzjonw,23,Japan
3871dcc1-12ed-419e-9a13-92e04dc0f66c,Reprpdqvojjpwr,47,USA
ffabe12b-30df-43d7-bdd5-cf9e09e7b5b9,Ofgmisvyfxyjltq,32,USA
248d08ff-e282-44ac-879b-89c59d6586c0,Gfsguknfztti,43,South Africa
ef748f05-f213-4e53-a32e-24ce2e0eca54,Lzwghmlc,56,South Africa
29c1b29f-2b45-4b25-a622-4ce29c2e06c7,Adjtdklosjjadh,53,Germany
556dbf8b-4901-4c6e-b7e6-5d5714244ef3,Jwl,45,India
962f5407-4337-417b-a015-0519c834ce32,Lnbmlafxwqrynd,22,USA
2dad38aa-1cf2-4935-9e5c-8059be3e5d96,Xlasogcugjyoc,59,India
36894197-e476-428f-8226-b067d71ec2fb,Jsaurgihjz,34,India
a5a970d4-f9d4-47db-bbc7-7f44db3add97,Amsbuxpjovtkb,35,India
e9c80672-7fe7-455e-93d2-5f855e34954a,Afmjgvhugiwjaw,29,Germany
3cbcb4af-78c2-4c47-98b2-1c0dcc231fdf,Wgilitbktmrmvd,46,Canada
ca4d53c4-d50c-4f03-b740-af6f04cac1ee,Khuwwcpgeyxawkn,18,Australia
e386e214-fb90-4b2a-9123-6672d741e3ff,Zzmcdoq,43,Nigeria
7ca1a773-2d53-4213-8603-0fb89748f8a7,Bmoyycwaijz,48,South Africa
f498c189-9998-4fb8-8bff-f6ca6afd13ae,Mpprfzkrpgq,49,Australia
49055c64-b311-425f-ae9c-5e0502f18cb0,Eba,46,Australia
d8e7eea2-f22b-4057-96cf-4bcc1dbbccf5,Kbkwy,51,South Africa
1c4e4598-31a0-4145-ac3a-d7691b799e3c,Qaeq,39,Germany
01aa3352-1aef-4dd0-8dc8-182f1cd0c5c4,Hbsft,40,Japan
f26d930e-10b8-4d9e-946a-ccb2f046b19b,Aebnzybx,53,Nigeria
ca691e48-9ba2-41f9-a04c-d6e440b5404a,Lxztzwsbhmsm,58,Germany
5e6225aa-0c34-47d0-a988-30d5d453d233,Xwgepe,35,USA
9340551b-888c-418c-a944-615baad654bf,Pviycq,58,South Africa
3be13e0b-dc0e-4008-8d13-a251c4e40e70,Pxsegeomhsp,46,Australia
0e2833bf-c8a4-493f-8479-b1550d815cf1,Lgunmtfwwxpyd,40,Canada
74f0f06a-6e00-4711-959f-0910d741cfde,Rttii,28,India
cf75c992-948d-4177-8045-28f4102fdfed,Pgc,29,Canada
8d99f72f-7f51-449c-bede-38916941838c,Qhbejqzagxf,23,Japan
5172df01-35c0-4c92-afe0-30059b86558b,Iqecpe,30,India
35372972-a25b-48fb-b245-130d2d51b878,Bmfummgqhb,22,Nigeria
e3314710-9f61-4934-89fb-7bd25bae46b7,Otzloolldhrkd,25,Canada
252d0fe9-e3d8-422f-a59d-b6951177dae6,Fkqyyrqgsdjud,33,India
ca51341c-6e2f-462d-8a4c-8e079f4c52fa,Oiowyoo,24,Germany
8343e1b7-7c6d-4279-bc81-8b4cb86d08e6,Syxijbi,32,USA
4a0632d8-5b2d-4890-a0e1-6e9cf68a5381,Nhsvdxj,21,Nigeria
da1e7828-697d-45ef-a1a0-ccb2a5bb9977,Dwlj,58,France
064ad727-1181-4ce9-ad81-dc4f6dba5984,Satxxessugtluba,53,France
f5b011ea-d08a-4bd4-a712-7c3c940494fa,Xqfufvzys,31,Australia
99d000b1-e6f2-47a4-bf68-9deb95c5ceff,Hvickbxpodxsi,59,Japan
e085eb1d-37a1-4387-a9c1-21e6871e87a9,Tqzmnwqzqulzmb,23,India
90ad762b-ec4b-4288-ad25-fe71c306394f,Yjgd,21,Australia
967e5364-26ad-46cd-9723-a4cac851edfc,Kedz,45,India
0c7b5073-af98-46a5-bc5e-ac2b0e0daabd,Mhpewmjudzbweoh,27,India
a52e7475-339a-46f2-b78c-744588ccbba2,Qmxebql,53,Australia
28a3e84b-297f-4de9-838e-e9b91a197803,Uewwgoqdaeuf,24,France
904c38b9-4e21-452c-98f9-fea072afc27e,Hqpwsznxhi,30,Australia
6784943d-c4bd-4a7a-bdd8-b4ad905799e8,Uzh,20,Canada
0af50165-2f70-423d-ac24-8e9a2f96fb47,Vmmhjzimcdffaqb,42,Australia
05d0115c-dbb8-45f1-8d27-bce5a93654bb,Wlskx,29,USA
b472ef21-b0ce-46ba-98f0-5a0996718fc4,Kmsa,20,Brazil
8dbaf944-0259-4dae-be08-dcbb34b0c0ac,Fpxwgqk,32,India
5f6f75f4-3a44-4962-b590-a815b001981b,Uhkegmyzqayluo,46,Australia
1a08790d-619c-40ef-a2d7-cdc8207f8e5a,Hvtowypjbirb,21,Germany
6f07810b-40a9-4217-a16b-1791e945bc6b,Xlux,22,Brazil
9cef1225-e286-44a8-ab40-7de83f287982,Xgyw,59,Germany
88f6aa93-de09-45ec-9e49-3c0c80e261b7,Kvo,37,Nigeria
3c451966-db16-474d-b9f6-60f0b409d2d1,Mwrgvdfdmc,39,USA
7754c9a3-36fd-4cce-a295-258b4ef86f01,Vztuc,41,Japan
625da02f-f66b-46df-8170-41c01878c37d,Dewrzcuo,21,USA
6496481a-a140-47e7-bdda-4a8199bbe249,Uognaccbrxcmsh,37,Germany
5b529e48-6306-4273-adcb-522b03689a6c,Hztp,26,Japan
60a1c319-5875-471d-82fa-30da3acf19b4,Kkh,24,Australia
d6d1766e-cf01-4719-8a9f-2fbcd5385e57,Zvmkuhyixmi,33,Brazil
430af1d1-70e1-4a08-bf1a-8439d32eabb2,Gizmuqgb,23,Brazil
be0e317b-ff2f-45f4-b0c3-719fce5270a3,Jwkwg,60,USA
e2dce2f5-eb92-4569-91a5-b63f7f4485b0,Tobdnbixmr,35,USA
cd83e95d-e150-4912-bbf8-7b2ac37a1b23,Vuobjhaztcvikm,55,France
152cc23e-2b6e-438a-865d-4bb03df0bd7a,Reemr,19,Brazil
3aa00fab-3499-4961-aa3c-960b2df613d2,Llbdhzzzbtvk,59,Australia
ebb2457e-01c9-4444-882a-ca8c0fe3a2a8,Kpv,31,Germany
641eb2e7-19fa-4d7e-89b4-3f658be9065f,Srpxaunbhyaj,46,USA
d03d3a74-da77-4be0-906c-e4e3d8777896,Ibkfzhzacvhl,31,Brazil
efdee3d8-676f-48b2-a666-2a2bca7546ec,Icurmsaq,28,South Africa
da0d75f6-9f5e-4c39-8324-0ab8c2fc1899,Jtcxdartic,20,USA
03de68bb-0ec5-4f72-a732-00fe72e2c475,Zpjqszvtd,28,Canada
d3a151dc-1042-47b8-8284-58fd7e4bd15a,Cmtisxpk,53,Brazil
f74732d5-a284-4163-a81b-0cffbfa8c3c8,Farsbyzphsgv,40,Canada
c857d0dd-3aaf-4a2f-bcaa-03977d715db2,Fgnizwtsj,19,India
68d2a1e7-8d68-4c99-a350-07ae13ddab3e,Nnvugzhgsctslj,22,France
ce8ebda1-38d6-4b6f-a20a-3ceecb2c0f88,Wbrkgskebfzp,37,USA
b774899d-674b-4959-a340-5c4e82fb65bd,Psszpklesnwd,48,Nigeria
dc77bea0-d7a4-489d-858b-80ec461baebf,Rqnzdsowzmqczef,31,South Africa
7f2a7912-8248-4f23-bcd7-40ac3e0df1d7,Zwhvhw,20,Brazil
f34e697e-49ce-4d8a-944d-2602d4c396fa,Emlx,18,South Africa
98105a4b-89b1-4e7e-937d-138ebad7eafc,Ytdvlykzsdd,58,Japan
ff125663-e29b-4b29-95a1-40d851d0dddc,Xvepcpoxxwy,38,Japan
004cb27e-04b8-43f1-9937-0a0ef5b1bef8,Ytszxl,40,Nigeria
3f87c685-37a5-4eea-8498-36797219bd4e,Soqwppjptv,52,Germany
6dac829c-51c9-41e4-8253-a4b0f2b5b93e,Jkjyrvf,23,Germany
54db329f-c7a8-4bae-b7c6-d73128953f3a,Oxwcm,54,Germany
bfac724d-1abd-4a27-bc9f-1c2ebadbdc98,Pttumqlunlaqob,38,South Africa
72402eb5-72a7-476d-8949-c1efcd9c1be6,Ewhzdcdaqjml,43,Canada
2012365e-4a53-4954-9de2-8aa042af3bb1,Jqpdgweoqgwo,18,Brazil
6b66271e-1c6d-490d-a44b-f4ca9301e515,Njilvb,37,South Africa
9452926f-9fbf-427f-a67e-6db847eadb12,Gnf,59,Australia
d27f1592-afa5-4efb-984d-31abcdefd72c,Mawzfwqagy,39,Japan
3a46adfc-6913-4bf1-bcc6-47c425c5a8a6,Orhhkiqllyhpudu,42,France
ff7729f1-63f8-44ef-aaaa-d8881b6d88f6,Wemzbzfdhrbmf,42,Australia
377804e5-ce98-4cbd-aeb1-3a867a9b618e,Ifjwkgzxaryv,39,South Africa
cc101bae-ed5c-4822-8d32-6dd014bd727e,Uzgmmvkpzu,41,South Africa
78183336-2087-44d2-a352-0e0e321dedd5,Eofvwmv,47,France
f49390de-4cc8-4a9e-85df-2fb3fb713a22,Ova,55,Australia
12e034b8-7f68-4cd2-89a2-01e6a8ad5053,Rpyphyzalr,39,Japan
a603269b-52f9-4d34-82ff-1de259e4ffe3,Qjieiene,21,USA
3a69e193-1984-474e-a6ee-e7bee2834b77,Plqloeppewzvagv,31,Nigeria
758c3ccf-b6d6-4af2-a1ee-230b4eb6094b,Ykabxorfgpg,41,Canada
428b9df3-bd7b-470e-aa9b-8415626a63e8,Bniiit,50,South Africa
607c6113-e9a3-4fe7-828c-5f0b938af261,Undaj,18,Germany
e3d66c85-4bd5-4bf7-87e1-9a9ccb64c3f9,Ijqqffsingy,51,France
f6982486-785a-48d7-870d-383d2aba2461,Ubwpnvxzrqpmn,18,India
9a4b5c6f-4092-4c67-8888-6660f80df5dd,Ibyz,18,France
41bd9189-82c6-4b92-b98a-26680738a7a0,Rgfgpmuemab,44,Australia
eef4f961-41c5-45e2-966d-d3c9fdefdfa8,Haizjj,54,Germany
c6096da0-5e05-4053-8b38-a78dd897cfa0,Rjinzonibd,37,Australia
30cf4792-caeb-4c4c-8fde-11360922e204,Ligpamniudddnbd,37,France
4e371225-1463-4fa6-a81b-7c4e09c5ac82,Okyuzgtug,53,Japan
c44d18a8-2ad6-4ca2-97c2-be6b8a4d344c,Wmhxkecqhre,45,India
91535935-51c8-41e8-aafd-f9b0b326eeb6,Trmxxghttjdzla,26,Canada
cbfd0b3a-0dc1-485a-a62a-4a2a27f291fd,Jvip,25,Germany
98ea7235-67dc-45cf-92a6-380e17831820,Qnbnjbbwlihvt,59,France
3a1a9419-a606-44b5-8314-327fed36a81a,Woyljt,27,Nigeria
cab910e0-429e-4df4-a8b1-4715444210c0,Upysrmzojatssme,38,USA
1667d1cc-d153-4090-8cc5-51b1cb3b17b0,Acggai,41,Japan
668fc3e0-7726-46f4-9871-29573d95c88c,Nutvwjjffvjqj,26,Brazil
bb9f2295-5cec-4121-b31a-d6f07fa09cc2,Xxuzzzy,43,Australia
9061c2e0-2bfc-4d93-83a2-83c2ad27cb61,Arry,55,India
0882a995-6001-4942-b558-4f2b57e31f60,Abojd,45,France
ddd21de9-3bd1-4ae8-9372-71f7483313f2,Igsbr,43,Australia
88b518e0-57c1-4c86-be7a-c3428d2cf5a6,Nonkxcmnqtbzkh,32,South Africa
5a6ca7c6-e462-4a89-9983-7ab50ef06cb4,Aluwbrbyqd,29,Australia
dab71e51-7867-46fc-b42c-06726780c5ef,Lxexqcgy,49,India
fea6a4b5-7a1e-4e1d-9527-929c8447afb1,Ljhbdirffc,19,South Africa
72c3746a-7353-4517-8a3e-abdd116ed31c,Hpoqas,59,Nigeria
d603a413-42d5-4710-b142-cbc80924dafb,Xmflllvhbtdiq,21,USA
557c49bc-21bc-471e-a565-99fb96dd0231,Oiiighk,50,Australia
2465e258-13c6-46a5-b2e3-dec8481ca6d9,Llccpsld,52,Japan
1205d925-f711-4bf6-bacd-39a428c69472,Oez,26,Brazil
0e25c038-ce21-4869-8477-e2bd1109a5c8,Oadgtqrsvr,38,USA
f49b71bb-44e6-489c-b5f5-9e3a93a865d7,Dbs,23,Germany
79f09694-3a74-4605-95ac-04bb1d318604,Ivdiixelb,23,Japan
e8b7e524-e7e5-457b-b645-9ee203e1184d,Qzay,51,Canada
4e8c6596-c8a7-4dfe-8888-80b74f07a9ff,Dfr,20,Nigeria
acaea62c-8d5c-452e-99b0-fbf9cc91dd66,Yaag,44,Canada
971732ee-39f7-4c95-9c51-9a228ac0a4d1,Fwr,27,South Africa
d0d314a9-eb9f-473a-a58d-76d591d3f689,Duns,25,Germany
874ef675-3731-4fe2-a562-d1d30145e44e,Zdcqinmlzzk,32,Brazil
e61da70d-690a-4fc6-86f9-a11d4d665b6b,Pdruthmnyvyqwfs,28,Australia
cfe9805c-b2b6-4b55-a454-c8816d43fd99,Brwtsqbqst,47,Germany
ff1d4576-4789-4ab1-9894-09e719811d3f,Nndgovcpg,28,Nigeria
b405e274-dbcb-4d13-b788-761dd13b856a,Rci,44,Brazil
eecce55e-8221-4264-8f19-cee4580d2419,Kasjnwfr,35,Nigeria
55325589-6150-4dcd-9136-9567f413262e,Ykkttumbvw,44,India
99053d2d-89ba-4253-a196-f8e88bb219a4,Jwrvi,57,USA
7360c230-c73d-4153-9384-826b359a31c4,Mqimwsjmkoyc,21,South Africa
dc848c7f-84dc-40fc-a6bc-4c994b818fa4,Rvivdd,45,South Africa
321d7330-4248-45e9-9906-f3d0ac1984d1,Trhxxgplhxw,56,South Africa
3a15451f-7f8a-407e-b60f-f106599b5140,Racmlezwxsj,35,Brazil
446450cc-baae-4e7e-9c0b-ea1d046e31d2,Zsrvuyxhjyvnx,33,Germany
314431f9-f4aa-43d7-a5f8-8d07cd8c0fef,Ckapd,35,India
458cbc96-0247-45ee-b1a0-6d1da1a00877,Gfkrepvhkm,37,USA
e6a2bede-90ad-4dd2-8532-e61085b76143,Wzxy,25,Brazil
a7fcbd8a-a671-41f2-8fd1-cc70f72481a5,Gcyh,55,Nigeria
b960ca18-7f3f-42b5-b747-dc51476696b6,Skhlrym,39,Germany
41bbdd6e-4039-4309-ad61-1fafbc1e950f,Jixigamslxwv,25,Germany
088fe8e3-418f-4158-af5c-063b375bff32,Discoucup,42,Canada
060c5cc7-056c-4758-8b7d-cb8ab237f53a,Ubvjaizxj,34,Nigeria
bdffa032-ace1-4a0d-8923-45003b7d0498,Tgsxsyb,59,Brazil
c87f64de-876f-4f8f-9636-bb5ae82dc408,Bfdvd,31,Canada
7516a323-86d9-40ee-8498-caab066ab41d,Gfhxmlpxsikc,29,South Africa
2420b44a-3369-4107-9460-885ee7e99e7d,Jzjppznon,21,Japan
0da33c44-0920-4066-b0f3-beb04b8e2291,Hwnev,23,Australia
19faad23-69c8-42f8-9bd6-4abae1359d7d,Ydxcdf,54,Germany
b4086498-4119-4cc1-8cb8-429bcf5c1d1c,Upu,28,Nigeria
ab7098ec-f101-498a-a6cd-4fcb593ea9ef,Flwbltiqttpjpgb,23,Australia
5649b6b0-3cc3-4dcd-a121-ff6984c60e5a,Figvallmqy,50,Nigeria
78ad97ce-ced2-44e1-93ce-22b231a628d4,Nyoxxohh,57,South Africa
50122339-5a81-4544-901a-ccddc79ebd61,Kvjutproegqz,40,Australia
2fbcd43b-870f-419b-93f4-943ed524e31a,Payaccvfujw,49,Nigeria
d2e520bc-bbd9-481e-b31e-5e3da6daca7f,Werzhgvcpua,20,Brazil
70d38a69-ce33-41b4-b4aa-6f314fa49bbc,Mxbixbmv,42,USA
efb00cd3-4e9d-40f3-af5f-e2ea0b4e43a5,Snlmwxngvavny,18,India
c3ded54c-57a3-4de9-b376-23fad713646d,Igshkwwkr,50,Australia
15a3033a-a4f0-44e1-b0bf-c3880dd1c396,Vhisi,41,Japan
0b7333aa-6f01-44b4-b203-54566512d5a7,Ouwrnkpojagdx,45,India
290d6b0c-d7eb-4c47-80c7-ed62947be774,Tlspcnnawhrill,25,Australia
d438844e-e754-433b-af59-7ebd323ee8a1,Mgqytegpt,40,South Africa
2e2fd23c-e052-4906-9e61-0ae7870a4063,Thmgsx,55,Japan
90544ad2-5fd4-4676-bb6d-57c4dd9dd48c,Cvbvptpcpjhwev,32,Brazil
fab3ef73-88cd-48d2-b779-014d43d487ce,Lxvgqngj,45,South Africa
27e7cf32-f0d5-4f0c-9b37-2c5d87b588ab,Bjhalflsuskau,57,India
fa0b72e9-0ba6-4ebc-aa1d-61a9986a93b4,Vnkz,56,India
20545fe1-6345-42bf-954c-a001034c34cd,Ylflzboyd,19,Germany
49a3a3c1-5d98-4311-9350-6abc081df9de,Yvzewmk,36,USA
cea68356-788c-4f47-9717-4a6bfd368fb1,Qhloj,36,Australia
2a799ee9-9615-4edf-8ea7-fb6347401e9c,Tbqrm,52,Brazil
26eb2e12-180c-46c3-864d-3dfdfcd68410,Xvgpg,22,Japan
d31b901a-0559-4723-9ac9-dc397b610fb8,Gbwyzftcbur,59,Nigeria
8a113e20-abb0-4375-9ee9-a1a2e7b690e5,Fdcivine,40,Japan
5ac550ac-44a1-4e87-b7bf-f6ba3c464221,Zdkgdkdy,19,Nigeria
05525d84-1089-4009-bdf2-b2b2bad42226,Obrcilneknc,49,France
ee1b2639-1b31-4a01-a22b-1cd658e64327,Fcnn,26,France
fb92a608-49d6-4846-a24e-03778443228b,Ypll,41,Germany
dc6413cf-c1f9-4c5d-9850-20587880654c,Nlubkjzsh,56,USA
38b2bdf2-f37c-485d-8047-38713d109148,Qrjnutfyza,24,Japan
e1ee4b14-2016-4992-855c-2514cb7dd808,Vktlz,42,France
0cb23636-1a55-4796-8841-8b324d809a27,Rpn,36,Nigeria
858b8a0d-1693-4de0-9840-1d32a547c597,Wjgj,52,Japan
b3cabe60-38f4-47a2-b95b-6c397db9f076,Kjl,21,France
26bd549c-e549-43db-9863-c744ec468288,Nlwpsfvescjlj,40,Nigeria
9a47b915-9fd0-43a8-beac-16682b1b03cd,Rsevoymmsah,33,Germany
29b8df2f-698b-40f2-a014-b2f8bf9afb72,Hhaplczims,28,Nigeria
210399ff-57d3-489f-a770-d2d6c66b3208,Meobwqnmvvhevk,59,Canada
801ecd1e-4f08-49ba-859b-65e38be17fbd,Thqicegdjkaqqq,38,Australia
afb47fe8-1a76-42f8-ba38-d74627a68291,Lxxgldryk,49,Canada
cb875947-e8b7-4342-8c58-842222e29e22,Tjycgrtg,25,Nigeria
c97f48f3-50e7-478a-b290-e26fbf30df2d,Nzrkuapumz,50,Brazil
ca21c7ec-a7db-4a83-bdae-42b20689101f,Ahtqxa,28,South Africa
f9f2df58-cfcc-452e-b2c5-c2edcab0360f,Fzc,18,USA
e8028196-4ca6-4d31-9c75-92671cf13d3b,Jep,38,Australia
159d97eb-cfe6-4c1d-abb1-47d2b35e7618,Rhzprgl,32,India
4417c04c-33ef-42da-bd11-1e84309fc777,Satvv,24,South Africa
d10d8b9a-565a-4d2f-a2cc-0a579d90a768,Hwod,23,France
e191a866-8e03-49c3-a200-7b120577965e,Qsj,34,France
ba02b48a-ae73-4566-8e1d-325b128c2434,Kflsyrdqag,33,India
f9c9fc22-d3ac-4ab2-a870-f6d51ada5f98,Twuiuk,58,Brazil
2ef7f414-b2fa-4d84-86a3-33622c0e690c,Ovuzgtxdcjmvpm,32,Australia
94f54077-51b7-49ce-95fd-96eddcd26cf7,Lydl,18,Germany
02a135eb-c23d-40f8-adeb-ff3490e38c98,Zxwmcyueojkoml,32,Canada
88579b78-18b1-4d2b-bf53-5218681e9d18,Qbniihhijixfka,53,Japan
cc8cb03c-13a1-4b5c-a623-52c666f1afa4,Oosjutjcgkqxg,45,South Africa
42617dbc-b81c-49d4-9bf0-9cbbb4c543b9,Cwjlj,33,South Africa
e3ed6f7c-f70b-4c22-a688-2d0ee9054390,Ckw,54,Japan
70cb612c-0b05-49f5-b99a-8bb9940a890d,Czwfxsmvdju,25,India
50bf7e71-e4ff-4b60-8923-f17a50a15e4c,Fmzhor,55,India
264cb596-66db-4e07-a59a-b686d6d90b4f,Rsodgklcmixxepj,55,USA
3ed199ca-5f7f-462f-bb6a-0fada9230206,Hoornguefjukrr,52,France
25f6f74d-4d6a-424c-bd44-0778efff284d,Axhinhzkvxsaxuj,44,Brazil
d905ee38-6e79-4f24-b5d3-a538461e9356,Joqhkzhggtec,52,Nigeria
6559276b-b768-49ce-bc2a-b04cf3aee290,Kcypoethnvkgx,56,USA
33d491fc-b867-4a79-8d62-51b4cf81506d,Lvjyzcfxfgcepp,29,South Africa
1126773e-b1b5-4a44-a40c-5f446add3ee7,Isyh,21,Germany
4403def4-3fae-475c-a1f7-949319114f10,Kevbq,58,Germany
d7389cbe-5da0-4554-a68e-130acfc82fdd,Qmuxbfdfctv,49,South Africa
d9f5fe9a-deeb-416a-a69d-42ba69c68330,Czurutwm,27,Germany
4506fbd6-0c32-4fbd-a479-6d81287450c9,Zre,35,Australia
44804e6d-2248-4c4d-9826-1ef3d688eb42,Nzcrolg,41,India
2bb2ad3f-d26b-40c6-8370-dd16d17ddda3,Aotmpiqdeqo,50,Brazil
78c2ff46-966d-45e4-b450-c23ccbfe4c3f,Qhpnbmftenllgen,38,Germany
407b6df8-0808-4ce5-92a9-e815f4208995,Qsrwwevycpq,45,South Africa
144996ea-8b8c-43b8-bcf7-120fd7014928,Mnfifpuurh,41,France
774f8e25-ed48-4681-97e8-1c158a5bbdd3,Ywsyvfpsvhb,50,Canada
dda315b4-4d19-4e91-8700-2204edd26d41,Oxubs,23,India
ffa087ea-3bfb-4c6d-8234-2a6aa38bcec1,Pkbuzqc,59,Brazil
f1190e6d-7482-4f92-a71a-d5969bb5fd47,Ithdmngzf,34,Brazil
20a12429-877a-4d9e-91e0-88e7aad8217e,Xxsxfwlottiudrf,56,USA
8c5fe816-fd80-4406-a99f-09c34e70ea8d,Geflbnhk,24,Nigeria
d838ce3d-a522-45a1-b397-a64fcbf78897,Vqvaytvosll,41,Nigeria
1ee434c2-a2ff-411e-9aa6-3bbe852f9a51,Zeiyl,52,Brazil
62c21f92-043e-4f55-aecf-a9f2039d4477,Inzylynjrrzwhjf,33,France
a9bb6b7e-ce08-4c82-901c-f493e4b9f273,Smso,44,Nigeria
698699e7-6981-4ad0-868e-b7156dd8f2a7,Ovgau,57,Australia
c69ac332-f780-4a08-94e2-811c4b934253,Wcqrebkxxc,24,Japan
56dc0a19-d515-4a1f-9797-cf0387d812f3,Ojdpjau,56,Brazil
aa53fccf-e28f-45f1-8593-e9a3b1bdb935,Xnuf,24,Brazil
8023f455-5fde-42a9-853a-0ed9dc2c5f3b,Bqt,46,USA
6b5e5be5-5308-4f67-aeca-077a8925aa8c,Zvmhv,21,South Africa
732e32c6-8505-4f43-9917-66c3bb393a45,Dlqbbnstlpgkbph,43,India
586dad0a-442d-4f22-8fe3-afbd2f16a68f,Apyjn,40,Germany
fa8801e7-cec3-4b99-985f-3ae62e16e8c9,Uhrwnownku,18,Japan
d1ae04c9-8678-4fca-9233-72a8a7a3b471,Fqneahqza,57,South Africa
322e88cb-ecae-4633-99e8-1b3d553d4ca7,Bgufkbjxlrboid,19,Germany
8aa3f813-ec0e-4d46-9a4b-5bbe195b6245,Neeyoalcvv,29,Germany
58c74937-850b-49ba-807d-3f32e0be1ea4,Ysrjsov,57,Japan
e6de3aae-51aa-4588-8086-b1210c97d151,Rdoagewembcb,32,Australia
6baf7599-ba18-41b9-a616-4f010849c52d,Vipgjrksyxfdtj,43,Australia
2dad1b55-9d8e-4ca9-82ea-415c1ca75fd9,Cuf,48,USA
c938a90b-fa30-40f9-926c-df02297f4806,Xacrgkyxbppk,32,Australia
cf1a5824-e3c5-4742-8b78-599c97bc78b8,Curaegagd,22,India
a9e7b06d-dd24-45ce-8926-50b937bfc218,Nhkswwlchcj,45,Brazil
878ccde4-066a-4b9f-b108-6230f1dc995f,Nyhrgh,58,France
8e6ade2a-d76d-4baf-bc94-2342890f7008,Lubomad,43,South Africa
b3453210-37b2-40f8-8b97-3921a31a935b,Duuglx,22,Australia
928574f1-9b4b-458c-b8e0-9ce9ac137321,Zbkgsqcutr,47,Brazil
8f150f54-5b16-4c61-a52b-5958e0e40b31,Hxqcaoptcl,24,France
a3df0ba8-f88e-4724-8031-e0a7de651c88,Nbfqforf,39,India
6a1fe163-c9f9-482a-b061-1766e9c3ed69,Bkyynajmq,60,Brazil
d5fbeda5-57ab-446d-ad23-70f9349eeb3d,Vomhmgv,31,France
a0e25ecc-2951-44e5-b7f1-94a55d1a1ab3,Flqqkkhsdpyedf,22,India
23afc733-f71d-438d-af2f-79c27ca7e205,Famhannw,26,South Africa
6ab4d79e-48fd-4dce-b515-fb561aad6b25,Tdhdn,21,India
f70f7295-4a06-4dfb-98a7-83be3b631356,Bxqopx,33,South Africa
ada652a6-ebe7-49a1-b0b6-311214caf877,Ikwolad,21,Canada
68a01ba8-adcb-408d-8642-42e442dd1bcb,Faqemrop,25,Nigeria
de809bd0-d298-47d0-8983-0a03fdb62802,Qstebjkuyukjjl,59,Japan
23dbeb8b-11ed-4963-a044-5925f955e412,Xcdcdap,29,Japan
2825ff8e-ddb6-4756-90de-a075350b2a0f,Pomjsnrzk,59,South Africa
496f1de9-e4b9-48ec-950b-9bb52cc29888,Mmkh,60,Japan
25b705d9-eb0b-45f0-a392-20a3470d9f56,Fjfwphxdtgk,19,France
c779f7d3-68a7-44c5-83f5-6c67f34bc25c,Wwjhokyqvdtgch,50,Germany
0b55afcb-d4b9-4f24-ad75-a90d2584a050,Ukbnzpd,35,Brazil
82a4a38e-e710-44c7-9dbd-f026a3893721,Fpuengckoqphtjo,51,France
0119b9d8-c8de-4e85-8915-9f2db1eb633b,Iwannrofht,24,Japan
79ef450d-608f-463f-8bc7-f71c2ca0c65b,Tbqnrmgwbhpfr,19,India
9de6df9d-3dc8-4e04-a32e-5f3e23fb984b,Iojtji,55,India
7cdf5385-9042-4cf5-ae1d-2ffbc7bb2f7b,Ewvmeiu,58,Canada
a7fd35d6-639e-4129-9b11-b1d0b0da57df,Nkd,48,Nigeria
e53c595b-e87c-4e7b-8694-768396b37688,Pmbgpltqywycaa,26,France
45fe10fa-c02b-4749-8dbe-d431e8cc5e94,Ymdcjk,19,Japan
059a6829-4048-4a50-8a5f-baf82e4b169e,Lruyhwmfhguegf,27,France
559d40eb-bdc0-4e70-a1b6-caaf8cc2ed0d,Qzopetzkar,56,Australia
2bf192ac-10d2-482d-821b-1437b72fdb2e,Jdvlf,19,France
65f52e7e-7fd0-4add-9466-df9f5102557f,Netcvdohj,33,India
16e75638-ee94-4d90-8933-485fe24ec190,Fvcffcojiodxom,45,India
5aea39fd-9aba-4b13-a432-58c167897557,Qhgaukibgverftl,35,South Africa
3d4e7273-0c72-4cda-9d89-a3f8d9c38677,Ithfszwlwptd,24,India
4d9d79fb-8110-4040-91d4-ab28453b5cb9,Aoj,58,USA
a20dfa66-49bc-4f81-92e8-23682314fe90,Qzaonmmkzb,57,Germany
8ef1aef3-5db6-4b50-be29-4a50999ea46f,Mvpqupnalarfvht,40,Japan
95e7fd40-bbd1-44e3-a12e-ee75f6f08fe0,Enmyaafgty,28,Australia
3802c42a-25b1-4ea3-ba7c-a8f4a6057cba,Eddhhqnt,31,Australia
88569169-0baf-45ca-ac10-0b4d9f84c318,Bjllhydxlskdrk,27,France
33979de1-54fa-45dd-af76-965cf9147d09,Waihiraocjvaxw,26,Nigeria
be9589fa-8382-4bc1-99f2-d737a8a64205,Pqgfxat,29,Japan
055cc14b-f5d7-47ee-83cb-315dc65ef3bb,Upg,19,Germany
215fe36a-ee29-403b-9d90-e4c98d15e486,Mjkjtbidurf,51,Australia
5456635d-b1a6-4ec0-99e7-2617c2fa35a7,Nadyfpi,42,Nigeria
7d582b8f-06a7-4e01-bbf5-86493eb7ba25,Uhqpqujxnvt,23,USA
8aa55d81-fb58-46de-bc55-b342f5cc4c4a,Kaerpkmn,28,Canada
3f939580-1892-4ada-a498-4a1b6acb0dfb,Ktshveidaw,38,Australia
6559ab63-9e5b-43e4-8112-fdda8df8b9f2,Indrpr,39,Brazil
66a50267-0b21-4153-866b-b76ae3dcd1ec,Eqollzrynenegth,34,South Africa
4e73d370-7b5e-4ad1-a8ac-4d1a95c10739,Gqhftxrghmix,54,Australia
d9b9a9a9-1ae0-429e-9ccb-8c0f30828a1e,Rweqfisb,44,India
25793e4e-67ac-43c2-9e63-4e75ec827241,Ixof,41,Canada
8e59f46c-0940-4483-8954-651d4aca8718,Vasuiaxzgsj,23,India
3ab11d88-f3d4-43e7-a991-89a1e0b6d0f3,Ngowelldo,18,USA
d1138f80-e3f3-432e-a690-8a918aec49ec,Wvifeagtfltyhi,55,Japan
2cac5dee-20d8-4977-bef5-c0973ab13fc9,Jjcymn,38,Nigeria
4b1142e1-f0c1-4787-a5e7-2b3106321365,Hbm,60,France
ea265375-7f29-4239-b28f-578d2b3c5306,Qggfzzsta,58,Brazil
7c47baf6-0c55-4532-9098-89bf77ecc477,Zfyctafevcnudaz,54,Japan
b44f6bd5-d0c5-482b-81d4-402a73ed6e04,Qikdtrhtuz,51,Japan
a5d00ed0-f4f5-46a4-9c38-de61c127e826,Phlnmq,25,France
0232b51c-4d55-4492-8cd9-7202298f3054,Guyf,23,South Africa
5b875f39-ec59-4ae9-92a2-6152a25207f9,Kdwkrqxwndp,48,France
bfae903f-c317-4401-a49f-99ca4c18265b,Rjwzju,37,Nigeria
7c329ab8-dbc3-4508-b8eb-effede0154b1,Yjyumsrlwh,40,USA
ba4812e0-cc8a-40e6-8e38-b42690e3ecb6,Akcisz,59,Japan
0457cbb6-b19e-4ed6-9520-a59808660c54,Bcujivj,21,Canada
d811cd78-8d73-4e3b-9905-59d5f1604fb9,Cmmvxfvseiku,55,India
a1d298d1-662a-4ca4-ab14-eb992453f576,Ofiwkaa,54,India
951dfe88-2bdf-48f5-a17f-1d23de65ad32,Glswbeouzl,49,France
5a5ae837-1203-403d-a4d8-23aa593f607a,Szbsfbpczmf,29,Australia
a1e91376-0bcb-4ffc-a97f-bac234af0578,Mrnbnvu,28,Brazil
56afce61-bdb8-443b-b3ba-261994a53bfa,Ethrwuhcckoig,35,France
ba2bff30-816a-40dc-9be4-03eca0c60b6f,Draqsrzjbe,58,South Africa
47ec2991-d384-4219-85cc-d3ae2460d5eb,Pzoug,58,Japan
9f321d25-dc94-41d4-ab69-3327a418bd69,Rdpj,18,India
24b923b3-6d2b-4a2e-bc83-a98ab3fcfd63,Gbfkwcil,44,Canada
2eec6efc-e539-43ef-b986-5655d9ee240d,Svkkzlcblz,43,South Africa
2a4df53a-781f-42af-a450-9ecbb08eb094,Guz,37,Japan
5f1b069e-2aeb-483d-9afc-c7b7c2947c49,Tqjabfyu,49,South Africa
e64fae08-225e-4ae2-8d54-96d22c4413e6,Lfie,49,Brazil
db0b9469-dd6f-4336-9e77-e828ca343129,Ddrignomqzm,22,Canada
97a59d9e-9d78-4e82-a24a-bf9535873043,Rhyn,18,Nigeria
e0dde358-0c48-4c16-88dd-7d7044af9ad0,Fwiioyef,40,Brazil
778077c1-c7ab-4837-9bdf-753c5e307298,Ruzxnkbjup,57,India
88de106e-2de9-4e0e-a691-1791a1be0b3c,Anlp,54,India
afb09c04-19b2-4b0a-a7d4-0696eb36341f,Awbfaalt,32,France
91b53491-891b-4bab-a064-71362df8f5b1,Vthbhhcre,22,India
21f7a578-2104-43f2-a359-e823ed1c7e3a,Gyjgffqkif,21,USA
a72c80f2-7e45-4190-ae61-cccbc0939057,Fhhcwzziselqx,21,Brazil
c76af51c-4392-4c3f-909f-cdc4dc678f61,Wjjsrxc,20,Brazil
5cbb3be6-b6f9-4551-b17f-ab7bf9f53adb,Qzqohhd,29,Canada
39fa0e0b-1837-4cc5-b48e-bc8b64472954,Yzeyvgyiqrq,45,South Africa
fa2725a9-7b61-4b5c-b922-c6c21f17cfd5,Bsanxf,55,Brazil
8d201574-962a-4c32-abb4-a02e1501c64f,Zeuszjxz,53,India
97f66ed8-ba71-4202-a3a1-624276ce7e08,Rshsdehsqpjyfaw,37,France
5fe9b112-4d52-4f52-8dae-bd096027427c,Rcuzculadquxo,42,Japan
0c2a41c3-e1b9-4392-9e9e-5e49e606e3ca,Jupftew,20,USA
27c37765-bb81-41f8-8bb7-11f6c1cf3d76,Qunsxjzq,21,Nigeria
79e8cfb5-d7be-484b-8863-b3c1835e0710,Xkqzrijpxen,28,USA
65147ad1-d986-4cc8-a656-48ca4106ebb5,Aqocjhpvsi,39,Brazil
9fe20961-4cca-412a-aedc-065c41b4d5cf,Smd,25,Nigeria
d676c033-bdd8-4f38-8266-e1f17c5ad783,Zkswfatfphnncn,38,Japan
b910efeb-fd5f-487d-a646-3af92c087868,Dkdxk,48,Germany
336f30e9-2cb7-4256-a663-b2a30a77e59a,Czzhzdnpkotmim,55,South Africa
d7e7eadf-fd4a-4e09-8b4f-257c380577e3,Opccynmydyvp,35,Australia
3e1fc4e8-14cd-48f3-a8ed-6f741c6df8cb,Zqwntgij,31,Australia
00b8e755-9b39-4bc4-9297-61efa074058c,Pocxbc,40,Germany
b8c8ffaf-af43-4b22-8f4a-3ffadd48de05,Ilpomde,46,Australia
ebfe582f-107b-4f60-b9d3-99b6eaa976f0,Cxwpanucmgbsoq,20,Brazil
acaa0122-5f77-4755-a310-f618031db768,Mrttymfoyhvnr,39,Nigeria
f387c309-b408-490b-9d04-1d35e1d6aeb0,Hqycactxljzc,25,Germany
5182e18d-7dcb-4c33-872c-fed0a9979d81,Tsin,37,South Africa
98b1ff52-573c-42a7-b09a-8b97f8e01cfb,Rpgnnqo,47,Nigeria
ab7633b7-d731-42b3-8b86-cedf65f7e030,Xwrerbzokcgq,38,Canada
8a2d6aa2-eead-4873-88bd-bdcad4d9c2c2,Phyhk,45,USA
99e5c861-7f56-424b-a12e-0fb79f7e1aa3,Rvandhvquaswg,44,USA
712c99c4-7ebd-4d3f-b121-941f36060674,Uayxo,41,Brazil
fbca56a0-fe10-46fe-87e0-de03ef855a8f,Itmtwouwmmciq,38,USA
8321666a-6d74-4cb4-a497-4ccf94f757c3,Tlbojgi,34,South Africa
a1536203-9f6d-46c7-8abc-336c3e7dcbd5,Llscs,57,India
7d46d95d-92a7-4615-a3bf-97e5ee4507aa,Uwgbacd,28,Japan
5d00e00c-914e-4f11-9e7e-a85e0d756c5d,Spgnebnjspi,45,Canada
8c3db18a-34b3-4d1e-8f39-7b1441637377,Sdbbcyay,55,France
5b474f9a-f83c-4add-b2be-d8c6e9c086ea,Evznviknrkqqrxm,60,Australia
6e840616-27a6-479e-90f9-90ffe75f026c,Ztdujyrumuhwi,58,Australia
2c150c66-4fc8-41e9-bd8d-ee0bab3870e5,Jtoxff,51,Canada
a3addb7b-6a4e-47bd-9aa4-213789e0382e,Iipdhcwfxxl,58,USA
5ce9aa90-d0de-47f2-ab6a-c85a7967ec9b,Tehxeqpbln,32,Australia
a9fb137b-41d5-410b-8023-3c82529c3be6,Vssikt,50,Australia
cb43baba-faa5-4596-89b0-2b9291bd07cd,Zfarnfhoisf,60,Germany
574936a1-708a-42c9-b740-59816e89a38b,Yegvixtjop,32,Canada
df00fab1-6025-46b5-af8e-d9a82696fee7,Zvyxrrnjyx,56,Nigeria
338109b7-7028-4732-8fa1-ac59f3fd744b,Elzfrjz,42,South Africa
6101baf3-e2bc-4393-91e1-cc16b6b81416,Sjnbkepsteqsmtl,40,Nigeria
37b7ed82-5a69-4993-b71d-09f72cbad815,Acuup,49,Germany
88dd9fc7-fbcc-4934-82c4-4288c68625dd,Vqcoe,25,Brazil
b1d5501a-b2e4-4714-ba97-a5108c9943a6,Nufdsxfnzgojuzv,30,Australia
b5e1cbd9-31f7-481d-8bf7-3dfb512353cd,Uebzhrj,38,Australia
e067ff1c-6b0b-456d-aa9e-dd1d60fa9080,Evfkbgqi,57,France
cb43f4ef-2f3a-41e1-bab7-3b93e6f43502,Nvnabe,40,Canada
7d40d9df-dcb6-449e-bf16-c818bc3ff31f,Zjl,40,USA
e36e3a58-ffaf-4f97-9c72-f5b59f04ab31,Isaubpttynvzgqd,24,India
01b307c5-cd0d-4fb8-95fb-823a08e90676,Bnpozx,39,Nigeria
d9d824f2-575b-4b00-9dfb-4a35206ada61,Dwsmvatnzovh,33,Australia
7fee2b53-35bc-4e0a-98f9-f56e01302d99,Pwemndzogv,54,USA
bb5d2734-42a6-4313-9cc5-d545ce344798,Vdwmpqng,45,Nigeria
8b40feaa-2dfe-4bca-b08e-5d8a1e1c72ef,Smlr,18,Brazil
9ff109cc-e493-4aae-8eee-9fe5488a2c46,Acubpnp,35,Germany
59e43ff3-0e57-4f95-9365-4d05d2b76591,Qzkzfoqjtxfn,20,USA
204de34f-b95d-4eb5-a52c-abb1412dde2f,Hyez,60,Australia
58240bba-c15d-48ff-8a74-e884b9fa2c73,Uwwveyooeudbi,23,India
8e3f09dc-6ec8-4b8f-87bb-a5c7c0e60386,Znkdo,30,France
ccc05162-29e7-4613-a275-1abd8bcb6a0b,Lfdbeg,47,Canada
a8fc4499-fa01-4e39-996f-5d54b0d01d25,Yarnytcnl,47,Japan
f219fd34-c509-4e0e-9413-72dedc3b4bd2,Dpaxxaqijp,26,Canada
f37a44c3-0b32-4f7f-aed9-a02e2775e00f,Kobridib,35,Nigeria
78608ecd-5c34-4a28-953e-7070c06215ce,Dbcrcqrevzozs,21,South Africa
7ff98808-303b-4b7d-bc06-e7f03ecdace9,Hnuu,23,Canada
85b35128-f8bc-4e84-bc5c-1de91d4eb2c4,Jsvwzt,47,Germany
9675bf62-1f7e-496f-b023-4e68115cec4d,Rsgubiypmpzh,31,Nigeria
1dcc5120-b102-4d1f-bae8-2fc4db354e01,Lfalfqds,58,Japan
1d82052a-b5c9-4453-b35e-f669d3b4ae00,Hjccmhwgwyaadvb,24,Japan
06741ebe-098c-4892-b78c-a6b6816da17f,Jlqwv,25,Nigeria
3cc91631-32c1-4c20-959b-558d3e862b9c,Edyjkdos,30,India
4412312c-c00e-4755-b3f3-2bd88123e3e8,Ertjb,33,India
e50ddea6-43d1-4508-98b9-2531af03a89a,Bacwtsef,55,South Africa
ad3c500b-abb8-40a4-8a80-e5c1c9da5e99,Vqjdvfk,21,Brazil
6ad1455b-5f80-410d-a8ed-f261b472d198,Vwkhcorlvve,47,Nigeria
9d5a91fc-f528-406f-9f84-d5e946c72529,Nlwovhthxfvrws,56,Japan
f5a92868-df3f-4123-9035-9953658633db,Crzstgvnkzxgkb,54,Brazil
3f4a0328-fe4b-4437-b9e3-47576e63b322,Fbafwoww,27,Canada
93f07c65-4a02-4970-94ae-c09cab7d416d,Pjzo,30,South Africa
98a94479-8004-441c-ac6b-bb7dafbd9126,Vvz,45,South Africa
faaf35e2-bea2-4753-9383-932aaabb02c0,Zup,44,Japan
8cce1a6e-fac2-4160-9cb3-abe1d3ba8523,Nejqkkqrz,48,France
4ca7d4cd-e934-4e9f-b2c4-56a4e4d69288,Jrkrycaopx,35,Japan
ac55fe49-3de5-4262-a978-78748fa9eb5b,Bvxaz,21,Nigeria
1c2f6f34-9f66-4347-8132-8d625e9353a6,Kwrzzjwubxehga,58,Brazil
b86ec935-71a2-4686-b209-a9443f8c93af,Uqzedzglrmuvlj,41,Japan
422e0ead-3246-41b1-b520-5c6f059c39c8,Siwwcweqxlu,43,Brazil
5e188bfb-c9d2-4dd1-8e79-552ce17fca9f,Ugllpl,36,France
20c462d4-574e-4d32-8f9e-5b062a8fc2fb,Uxhqbbeedrdjl,36,Canada
6a49a9cc-1530-4525-9ff2-bc402073aeb2,Opyvtwlbqelykee,50,India
c01690f6-05a4-4ce9-a280-351af1b6cdaf,Oewybdfda,43,USA
bbc62dad-ab60-469d-9a2b-d966e1f111c9,Glmvfsnjmxst,58,Nigeria
181df532-ca84-4f6b-bf42-25977b1c483c,Diuzosjntvflzbj,49,South Africa
c1a5b17a-5419-4aae-9fc0-8b7e67c5efe3,Djsivv,24,France
609ebe83-e5ed-4018-906e-02cf7579b19d,Uwfynzcrxkd,59,Australia
4aba869e-29d0-4945-b087-6de09803f7ef,Qnlwrpljgtlt,36,Brazil
202db585-2ad3-41bb-bd0f-529fa1149f21,Wnniqn,49,South Africa
3d1ba258-74f3-40a5-b407-1cfd3c1f4090,Aoilzyouin,54,USA
e5d6b1fe-f05b-4d16-be32-8d2e8d9749fb,Zcvux,27,Brazil
7d41a02a-f2f0-4207-b0cb-bbb98d9afb00,Lqgrt,36,Germany
7a5159c9-adf3-48dd-b682-a71144312b38,Vpzrwxfmypfz,45,Canada
b3f11d9c-bbeb-4827-9bc8-a00127536e92,Qxjynilqw,46,France
6743c498-c453-47b4-83b6-42724167d82e,Pvy,18,South Africa
46c3d46a-0c66-4255-bf38-53a64c07166e,Gwfdeqztps,56,India
225f67f1-6c3e-4237-8f14-eb5601e2cb70,Hoxqotkl,53,Australia
f98103ab-8bd2-497f-bb77-5c7c12ec9128,Zohivsairzftaiu,21,South Africa
fd6ad585-4445-4c80-81f8-cb646ffee5c6,Tqmvzofbc,26,Japan
019a2564-a58f-4728-b664-948ae4ba779a,Jzcqvtwyscjvm,29,Japan
91facef0-7754-4e12-82d2-f7e20c084eb8,Tkkyxtowjyml,27,France
a5593b68-47ec-4845-832a-282f873e97a7,Qar,18,Brazil
2bc73e91-1031-4150-bfb8-be5410476f16,Rlrzxiopnxczhw,31,Japan
cdd32fd3-0121-4f3a-98dc-b23f4caca4bd,Ouxlxxs,45,Nigeria
156a3618-cbfd-48c1-9ae2-aba37e21dc7e,Rzyl,29,Germany
aeec1738-97f9-4624-9a32-bcb2bc29de41,Innqfsb,18,Germany
f9b14b91-e56a-4c94-8a3e-dc917e993487,Irngfbvo,45,Japan
4a4e497a-6888-4cae-926e-e8f3b7b5a849,Pogd,33,Canada
6dced4f1-f239-4b6a-94c4-40426fa3f352,Sgthkjaletw,59,Nigeria
a6e7fbf5-d63b-4074-9539-d032d602a3b2,Glsrmierwljwhhv,39,USA
23b9f6c6-debe-465a-ab2f-2e2c3908bc46,Rkwxyue,24,Brazil
d29f73cd-975a-48a6-b329-769b3af21197,Wjnktuzrblz,33,South Africa
e3edbe7a-80aa-459f-ab9b-7c3aaac6a2f2,Sxsfdwqzsoeeg,41,Brazil
70797e16-a09b-4fc5-9408-930dfa95e939,Jgtzmruhukcf,41,Canada
ad65bf28-0403-4456-8b77-c061c15d83d3,Fagev,52,USA
d9333f86-40b9-49e8-b7d8-62093d55561a,Uithqjobxwkwc,48,South Africa
43e98d27-5f71-4b4d-95b1-2064c22dadfa,Mdzxejcpmnuth,43,Australia
956c2678-8d6e-405d-8355-541afbdfd071,Feyq,55,Australia
fb0cd1c7-9a47-4f42-8ef1-7d0235e6acbf,Qpxmxxrcyiequah,57,Japan
90f8843d-2d57-42f4-9b16-e4cb94200c9e,Ebaghvbtshapd,20,Australia
2cc3f0bb-29c7-4e2d-a900-71396e1d9377,Oqretwiuryd,22,Japan
9e5e6f7c-8406-42fb-9d18-9ba00cde5fe2,Ybkfneelfx,36,Brazil
d2bcba40-e29b-4175-9641-4a8e75f85714,Hzokkq,47,India
d97f4d82-55c1-46a1-9a09-ea81933a74cd,Muthdzvjyfgyp,25,Australia
fbc70003-23b2-4f3c-85d3-5b803413a368,Zbyglhjid,48,India
ba5a4c6c-2a7a-4eeb-a201-6f5bf0495324,Gyimnnpspmo,33,Canada
6262e064-63b3-4707-9816-e423cb98927d,Fntrgjqesrb,27,USA
229d9059-c657-4dd2-9d9e-8155e70ce29f,Faufsavkevdvtmd,45,Germany
303f576c-b3e8-4190-b8ac-26846bc7292b,Xtpzsjvurxczkix,20,Nigeria
effc3239-2241-4ca4-a893-70af405f93da,Fpawswogzad,48,South Africa
8736b4fc-c02f-4afe-92d4-7afc008c1343,Behfeziuskbq,22,Japan
7c957356-9b33-4968-bfd5-15e7e51b8d5b,Ztiax,33,USA
ad3d67fe-bcb2-49fb-ba9d-970c80e4ebc4,Xqtj,49,South Africa
9c24e843-ee66-4ad2-b58f-2b68087b94cf,Xserjcfsfndpqgi,56,South Africa
cac520b6-8126-4e74-904d-d404667fb37a,Whs,59,India
7880c6f1-bb3c-41f1-9bee-fb9044696948,Kecyykpaydp,43,India
7a52b1de-1cb4-41bb-8611-2d1265f494ca,Lxcysbfdfhlhi,35,South Africa
14205610-c531-4894-ab8e-767734fd8346,Xtrizdouj,23,India
05b0486f-db57-4d93-acb3-752ab21252ce,Yoasqrm,19,USA
8b878b43-e590-43ff-87c0-c3ec69cc0886,Iyabn,42,USA
6d7eee31-d45a-4533-b988-1a3a867c33f0,Gejasgdpksijh,30,Germany
b9056b52-5d21-4fdc-9de4-3cb2e9e25c3f,Wmtpys,59,South Africa
c8129b6d-f35c-40b8-b17e-c5d5ed6c2ff3,Qgiwbrbxogbf,26,USA
c8929237-71fe-4b68-a1ef-f306bbb72df9,Dzdfezvv,45,Germany
93409327-1c54-4720-84b9-e41bf7d12996,Trwq,43,India
3897f144-b395-4ac3-bb40-f3a6338dcb42,Prspexkrzm,37,Germany
101e8222-9d7b-4727-86a5-1ff3e9826a1e,Knmlcjm,51,Australia
65a9c1a8-0918-4724-9a63-2823a904ed64,Stunxlkhmzvbm,58,South Africa
c9ed20de-a261-4663-9102-005c51d5f3b0,Oqbbldruqlotpeh,40,Nigeria
b1413081-0d85-4697-af78-a73c5ae1960e,Slnwdyy,59,Australia
bdeba8e3-0082-4c84-893c-a36033d1f501,Lbiskevpcydlp,33,South Africa
31b04caa-e659-4237-a8da-027cbe10cbbe,Rzzozmjiqqb,55,India
06a37431-0fd5-49c0-953f-65edeabc0ec1,Dqyuipuwmbicbf,48,Australia
80da42da-6caa-4902-a739-b04e39a9dcfe,Rxcoeczepaifa,35,Canada
cc3c87e9-dc16-4398-83ee-a2a5323307e1,Pbyvjsszh,54,Australia
66ca3684-5ac2-40d6-b011-aefe62ae8351,Piczcmmghyup,55,Australia
8a6e7736-c8bc-4b57-9d31-6ea02dae5f14,Kjzjh,21,Canada
a37b0cca-9c74-451f-9823-a0f856feb7f1,Awwetqxfbybiap,52,South Africa
e63b7ef6-73c8-47b0-a161-3758a2d07757,Hgggmrtkgofszt,52,Australia
778544d8-02a4-4a72-800a-7c1d3fd4f1d7,Tqjclm,59,Canada
3d0b562f-3081-4fb1-b0b3-7237782fcdf1,Zhzarygabwoqx,60,Nigeria
c5ef18b1-5ffa-4018-b95f-06cf46553584,Lvqtyyxjfed,57,South Africa
b373b8a2-360a-41dc-8887-e6947f91bdfc,Tvf,37,India
578a9a47-336e-486c-9bbc-66d6cbc4f5a0,Volwnbqki,20,France
a6c85e7a-f9eb-4e07-9b53-159517e29b86,Rehtoqseakerqq,51,India
546419ce-e534-421c-9a41-01baa2e4dd43,Qltrotxqj,30,Brazil
1f5d553c-7884-45fe-a042-0a257f86dd9b,Reyyfyo,37,Nigeria
2da71ab1-5027-47de-bbd1-616aff23afdc,Kfodka,38,USA
7c418594-e71a-45bc-9db7-9d9a73f9bd4c,Pkakmjzqey,50,Australia
7667b049-17b2-4da3-8a97-6d89a8dd46db,Ntjjstc,22,India
4d38625f-5a4e-4540-b0f3-761bc5ea6988,Wupukjsdynlh,24,Nigeria
95785b92-84f9-4e0c-85b9-a31e8f032e44,Merfskapmgv,59,Nigeria
6eff9bb4-9e4e-4cca-a6c1-51f9fb05e422,Ylfl,23,Germany
cf3a8745-8ff7-4fb8-9be9-84347ba5f372,Bzm,18,Australia
4d8e0cd9-69a5-434b-85a5-1214928f96f2,Ppoxnkmgpj,31,Nigeria
5d9b2a85-f8a6-4e42-a2b9-420992f799a1,Pizihhdmnpt,58,USA
4ab86c54-6f00-48bd-b815-cc9acea813f7,Jwvkxlqlz,52,France
776788b4-0944-4bd3-846a-11a6dc1028bc,Qgdgfzn,46,USA
f1e58c0e-05c0-40ea-b559-263445201746,Iwlepkmgowzfrms,37,Nigeria
e3c8d8f5-78a9-4e67-ad78-af2ba927a163,Mdfxzdksdfa,21,Germany
af32e9ca-11e3-4de0-94c5-1acb66ab0ca7,Miwxwdmvl,25,Nigeria
21210aaf-eb71-4235-8b2a-d2cb360f3b1a,Xwplcdqaww,49,Nigeria
172c497c-2f52-410d-a2f3-d8bb16dd24de,Drlboi,19,Germany
76795fd8-83de-471e-adb2-6a98a6998e49,Tjovbe,54,Japan
b45246d3-d01e-4770-897f-0c2b971aa5ab,Oxvesa,19,Nigeria
ce9cb8a1-ffc4-4a68-b755-5a8a86226446,Bdlcmslkgqh,38,Australia
365b9ead-5d67-4428-abc8-b7df4c0ecf4d,Sitdeqgkzt,33,USA
207f61ed-1764-4d17-81a3-c5af84e055e6,Oqhixjyzrfkruot,50,Canada
a338ba5d-072b-4952-af00-fafe7142fe66,Bobycassfo,55,South Africa
aecaa634-4eab-463c-b236-2b5bd4cd7708,Sshqbx,21,Canada
5695949a-d271-48f3-9399-18ee1ddfcb9f,Dlardijdcmka,48,USA
feb60724-ca40-418d-91ba-2d7446f33c6c,Xxjaihrgvrf,47,India
05852481-5617-47ab-847c-b4d0bfe6d3b1,Zpyxpn,45,Nigeria
a72d1abc-ceef-4394-b890-3b433a41bc5c,Wtfeexdxmbmki,21,Japan
348ee7f5-6594-4e51-9a55-c0f31e459d8e,Olajwknmyrwj,22,Japan
b9659eea-ac69-49aa-bac5-20e99b72b7aa,Imxntvxliks,40,Japan
e1572f43-2041-4fa2-9bba-e21295ca7b40,Tfltlwonbxgy,37,Germany
1126d50c-71fa-4a16-8f50-8e72f042e497,Vhhkpeihsafupnm,38,France
45ed3ef4-bb55-4436-9f1e-9d06cbb51341,Wmpqfgqditbkil,34,Canada
05ae392f-0b51-40cd-957c-c4f8dfc2a49e,Sgmjuiuueeocmfi,34,Germany
0d2ba42c-f5fd-43b4-9873-57481f23b30f,Edmse,48,USA
7036918c-b216-446c-8e89-3e7e235af73b,Aqugtgdwfsfouga,41,Australia
65d927fe-bd6e-4080-93be-03d67d0a8b5f,Rijxr,54,Japan
03e6edf4-2b8a-4891-8425-525e05e454f6,Asrrwqeurq,43,France
8555d4c4-6528-4b56-b34f-bad16fbb2950,Esahjwfyqj,45,Brazil
72770f0b-94c4-4165-8a18-2520853a735a,Xlibsekswrmpcsb,38,India
4a965ce1-fee7-4a31-a4d2-dcf279ac8394,Hlbqmspauflmzy,46,India
51eb520f-6673-41d9-9d22-eca0f2ef5d00,Jxc,31,India
72541cb0-aa6a-404c-90e2-2ee7b5572708,Tywtavrpvbji,33,South Africa
6ac9e248-ee7a-4474-88eb-22c04c537f43,Nwrgffbujxia,46,France
3014112e-de66-4f33-83cf-ba158aeef23e,Jugpnsiesnrzitr,48,Brazil
76eca1cb-5b18-41f8-bd91-10b95f22351e,Gocjhpu,21,Australia
7c55b16d-11ae-48f5-8b99-fe4457625404,Ltcpeqxq,54,South Africa
ac2b6421-dad3-4940-b9c1-8c3f94c635d0,Zyufszqbjoofs,49,Brazil
8a4696ea-ab97-452b-844c-08a928203fd9,Zvgeb,33,France
f1e16ced-365f-415d-b11b-d7c951b4b5d2,Yfgvxolnu,26,Germany
ef14dcc6-7518-4612-9443-91b392e82e5a,Offrpdnkoct,51,Canada
1e34f1bc-21a5-4c48-91c9-7dff2e1aa771,Lckc,39,Nigeria
1dd81784-1923-4d1a-8667-1b2771b9ddc1,Izormmalf,39,Australia
1bd2ced3-6628-4e41-b6f6-114f7ee569f5,Hnyrjhtr,19,Canada
8331a456-9f63-47e9-9674-2ef11831053d,Zbj,60,France
d2fb8b1c-8e7a-4a8f-9e0f-4f40da0554a2,Wuudyyfpsekgf,27,South Africa
2de6d27c-7ae6-45e1-80f7-277f857319da,Cskuhpahbd,45,Canada
076f1edb-4dfd-498c-bf44-d28125d303a1,Qbkluzxnvsis,34,Australia
abaf6928-68ad-4f50-9ab1-8114b133bf27,Dqxdeyba,45,Nigeria
fb1370d2-c907-43a3-a73b-b3925ecd76b6,Tfubwcgbwgmauet,60,Australia
67b52a3e-be97-4191-b8da-ab4e437ba62d,Fjhsb,29,USA
88cafc8f-8c2e-4285-88fa-248f871ef1a7,Gxbno,47,France
5e2ba50f-2a94-4913-9a37-620051ef9498,Wdklaorihtg,59,South Africa
624246b8-ebac-48bc-b3e1-82b15632464f,Ztykmkix,57,Brazil
f2628978-d41a-4df3-bc59-98c896c6a879,Etlafujj,51,USA
44a9eebf-5866-48f2-855b-19e3895605da,Fhehtjaefpb,47,Japan
1f03e51f-b077-4945-b777-5c3ac2713e68,Kqv,39,USA
d30da3c4-2500-4362-8150-854fa5a9c9d2,Salamr,39,India
bba310db-b289-4f70-9946-aad45057a597,Wlrczfvovxg,18,India
1ea25cd7-af58-4a75-a4c9-ea5ee2379edc,Gfrgsmvcxr,29,Nigeria
f8749c99-989b-478d-83dd-17ca51dfdfe7,Kxydbovoidl,37,USA
be001ad9-284f-4063-82df-9517020110fa,Hjbwttrhvfzcy,55,South Africa
08571e12-5d4a-4211-be0d-f5afeeb67259,Niilvrvzlxc,38,South Africa
6111c0a5-8759-4511-933b-c3d952773612,Ptujedn,51,South Africa
401b5642-ea06-4e52-9d80-f4c95303bb3f,Qwi,46,South Africa
69b98836-2a04-4963-ac48-bc82c3fb42cf,Xprrm,53,South Africa
2143fcb6-d8fd-44a0-8ac8-19c06d3bbf0b,Jhzjind,49,USA
4835e5fa-1eaa-4276-89cc-8db617975684,Taihrsxtorwoyb,47,Canada
335e1845-77d9-44de-b386-68d901b1b16b,Pnlykbhuy,58,Germany
a99e4032-aef9-4051-88e0-0c42665ae240,Wbsfbwgqcohc,29,South Africa
a72f44fc-488a-4153-babf-3a1b959a3d64,Zdrjwssrvq,23,France
9ddbd995-f363-4318-905d-9f726b273310,Cafyxrpk,19,India
86415025-ef57-4a50-a4ac-3027f75346d3,Hjnbzzmwm,54,Germany
6be2c918-e52d-43ad-be1d-48564d51ccce,Hrwn,49,Nigeria
6598665d-506e-4e12-b195-7ba649f72d2d,Blpfll,27,Australia
d49c359e-724f-49dc-acf8-2848a80793f7,Bzqnmtk,48,USA
d7aaa08f-f577-4127-bfd3-ed35fb257a3a,Xcddqsepbi,41,Nigeria
3fba523b-bcc5-433c-aff9-2a0b7f1f953c,Sflydocos,49,Nigeria
ba653156-821b-43de-a631-fd72c0a72718,Hprmpjjqscrii,36,Brazil
e5925f55-28ff-4995-83bf-07f06eb66093,Hzklgahsxbl,24,India
e57185b3-43a1-46b3-b8f0-58615b537af0,Ampyqpfqq,42,South Africa
50493922-90a3-48ba-9f82-1c6a1230b57f,Xlsmspdhc,46,South Africa
cb2250d8-ae95-4fbd-a744-a3de68c26f60,Jkpk,22,India
6c962f52-60de-44e7-8581-36a216b336d5,Gqwkpzxzsimcn,52,France
36ca0326-155b-4cfd-ae30-733c8e0230bf,Gvuhfxqrq,53,Nigeria
3daafe25-df64-41bf-a691-97e1d6b1f09d,Hbfbuz,49,India
a36216ac-65af-44d5-b291-4ced8896f7f6,Yfhnlik,55,USA
220bcb3d-8f6a-438e-9596-e256af2cc834,Iwdrcfpnbz,31,Germany
3b4acbf2-4022-47e1-9932-b95c526adad9,Bfikbn,25,Brazil
45b59891-c50c-4d75-a6e6-3c82185991a3,Iafurzmdx,59,Germany
a32e09fe-ab33-41c1-bb73-a5f471f9cea1,Tpny,56,Nigeria
f9e33503-7aac-4600-9ece-f5baa7cbfde9,Hrnmcziqg,20,Nigeria
2f5d18c1-ebcb-4619-98ee-48b2d7e72146,Vrosmbxfuylo,21,France
7d09a38a-1c4c-4edf-bbe3-3b33a7e8716d,Zdkegwlcdiylnf,58,Nigeria
a071dafc-a284-43ef-843c-17a530a99781,Tfmnsssgyo,55,India
0c59b8dc-4b35-400a-829b-e0e633233d00,Snzsnfrrlkx,49,India
7488e2d5-6fad-4708-9679-012e7488aa4e,Dudxtc,31,Japan
2e13eda0-0c73-46ed-81f9-363c6ef5a2ef,Qmulm,19,Japan
8dd3aaac-61ad-4d7e-82a5-1714be9ac083,Hdjqssqoqkx,32,Australia
4b8b1018-e20f-472c-b9db-46b1e00d623a,Xnwu,28,South Africa
1bfc2d82-a90d-47f2-85a4-b1b1031b4bb9,Zophs,34,Australia
d6bedb86-3bed-468e-9608-bcbba2bfe320,Hztq,19,Japan
7b025817-5fe8-424f-99b3-7c9a9d842d03,Obyjgqucklamzsu,53,South Africa
ab3c32aa-c039-4a06-bbd6-5dfbc8733d6a,Tknkflkdrgni,22,Japan
e37d4b8e-6437-4e7b-a48a-35ce7b212a0e,Aurketndfpzlr,50,Brazil
7529ce83-d7e8-4f29-a0f0-647d04cde4e6,Pkkdufjscfpb,24,Germany
3378a279-a8d3-48e2-a23e-8b0c7bc8ea95,Dohczsweiiptllf,58,Japan
19e8b052-82f7-4eed-96c8-489d8860c3f8,Ugboyevzqcrzy,58,Brazil
18abc1ec-8b5a-4670-8a9c-0ed33b080940,Aklvuzrrvfgt,23,South Africa
2f21534c-5f9e-4cab-9566-aa81cd7d16d9,Dmbzdqd,46,Germany
217750ae-a70e-4b09-bd3e-2affb8748add,Uwiiwznlcm,43,Canada
3c131eaf-4de6-4b78-b9b6-52e76898c283,Gcgnxuw,20,Australia
f5ec6b78-98e4-4197-a14b-ee039696f5d5,Nnkhhoegid,33,Canada
7d5b03e1-b8fd-4220-9be7-3659f6cad17b,Tne,39,Brazil
9e809531-ed28-4dbb-ab62-9f03fe7a8f02,Wkymt,52,India
20f4fbee-b828-4266-90b7-01c89883d4eb,Snurqtr,34,Japan
58f3b4cb-35d8-4a7d-b6c2-d2ecfdcc99ca,Uhmvtoztqezsho,23,France
dba3b6e5-a625-43e1-8f5e-86bdba9d0ef6,Snlglay,50,Canada
21913163-090f-4f62-80b5-34673eef74e4,Mrutvbzdcqsi,57,India
cdd1e3f5-fcf2-4c73-bfed-85aa2b8095d0,Zfjhc,36,India
0b9493fa-e0c1-40a7-94d0-5cf852bfaefc,Kggmkddmtytmy,41,Brazil
a131a812-b444-4fdb-aef4-f36a65d4a29b,Undhkc,40,South Africa
71b9429a-b119-4bb5-a04e-ca3cc94d227e,Kadjogp,45,USA
3534fafc-c391-4986-bcdc-c2088d7cf27f,Mftfbrkft,50,South Africa
f6b47ab1-9538-407b-8cc5-64259d6edffb,Iplhdde,50,Japan
63f1146c-6c6a-4bfb-9d50-f14fb136a4e2,Djpeplfdocdxiux,24,USA
d6c1766b-d799-4db1-9a0a-ae6db33478d7,Kxsy,31,USA
4e4c0e78-db91-4063-a068-293de5323d1e,Yfylhvwngp,43,Germany
9f688339-79ed-4672-bcfe-33bc6f1c1bb5,Zjtxfm,55,Australia
764bdaba-f2a4-410b-bb0c-7d07dfdfcea8,Mwskghuxpu,27,Canada
fbd35291-8eec-46de-8497-817e988368ea,Gfmuvleoftq,54,Germany
f192bbef-a170-458e-bf83-d516993ab736,Tomsuj,25,India
1c85aa69-7405-45cd-a97d-01422992996c,Oposasbnp,56,India
a21e36f8-d72e-4f13-b99e-2084707fd9dd,Wganueaavhxqdxb,54,Brazil
ac0e2b33-2051-415b-89a0-e67ec3965ff5,Lwhtg,29,South Africa
9196ac3b-c90a-4b8a-b4b6-05b6b7dbd863,Irag,45,Australia
436911b1-5bd0-48d9-b775-259e64fd84bb,Cyjnbjrupxhivvi,42,Germany
43929b06-e302-4fc6-be0c-d3dea5803b29,Tllnlv,52,South Africa
9ca3ea3d-d4e5-4ef1-bd4b-fc8fa2b7caac,Azxrpulbjeu,38,France
2b93b8af-c829-4c92-b3e2-ee4c843990c9,Ygqvk,46,India
2c799256-0216-40a5-868d-f8db2e11a9f4,Jrxxwpkjf,38,Canada
bf3d3c2a-d97c-40ed-81d0-e52facf4e945,Hnyjleoaiyqvzl,31,South Africa
6ab9c28c-3193-41d0-80cc-aa03e37688f9,Bqc,34,USA
a689e572-8c11-4b8f-8d27-322bcb4ecad7,Zcyrirmaxugyr,55,USA
23a1bee3-99ae-43ca-8220-92f773c40c1d,Bxprgyhdzsuq,53,USA
581d4e5e-d1d2-4f69-9791-dfd9e21fc430,Nvi,32,France
6fabc7e8-01b3-459f-9aac-843833676eae,Urfdicyujebklaj,32,France
10b0c144-de02-4d80-8b8b-cb9df17dfa0f,Bolkwhonhpj,31,India
573b4114-17a1-424b-9f3d-5d4230770e3f,Vdpa,51,Japan
c9e11d29-2cba-42a1-8e7c-906d80c668a2,Nzrzrbko,46,Nigeria
311e8c47-4629-454f-871d-c26efe7b7da0,Khxsw,19,Nigeria
8fd9ac81-5bbb-4202-8bd2-8f7a3b4c248c,Canavrkgtp,32,Australia
bf9fe673-2f75-4c15-b93c-dbd4b510c1c3,Wlcjweibvwqypk,43,Canada
195b8600-69b8-4bd3-9d9f-2b2be66bf306,Ihlr,57,USA
2d1bca47-d7ad-46d6-b52c-2901c21f3d6a,Hjlhnpw,56,Germany
f2913d93-f6e9-4be2-91d1-ed4b56ed03fb,Lxuhjtahqtyd,52,Germany
c5dd7af7-590f-4344-8d48-be3b4f5fb733,Ieusgopu,18,Canada
f71911c7-95e8-4187-8f9c-8543b486d4c4,Mhjyovygempmzk,26,Australia
d0f5c70a-0791-418e-8a8b-2e87d78ea5ea,Chdxpzaax,39,France
ea5e9ce0-fd6c-4f17-8691-d771a49b4cb9,Ywtr,52,Germany
e0916212-5013-40bb-88ab-041e65ad304f,Smiujbv,52,France
9e974f2d-d351-4737-ae4a-e35463b861d5,Nwpjxq,51,Australia
a7eb1292-26fd-41f4-bfd9-ff70cc7dbc1e,Alyxtligi,39,Australia
c531813e-78be-4f45-90f4-e098dd20cd3f,Slcdnehrqqbn,52,Japan
75e7704e-0f1a-4665-95ad-fa94bac45ded,Mxgzc,21,Canada
ff853b01-4f90-4573-9c7d-825c05ccf767,Mffclbpaxfoixak,42,South Africa
77ae4aba-2590-476a-8506-3b8be1abf63b,Fxsmxoydbwuuy,20,Nigeria
d711a528-51db-4bfa-bf1e-ec41714ece79,Unagy,56,Germany
2d90646e-1672-43d2-bc32-fd4cd87542f4,Qlken,49,Germany
3ddd8b5a-b54b-43ec-88c6-ab6473016049,Tpssfw,37,Canada
5e3a6024-15da-4bc6-b52a-61a221754323,Wmaqu,46,Germany
e5e25f43-1c3b-4cd7-82af-364b2893c7a8,Lhoqmngpb,52,Nigeria
e6d85624-16bc-4177-82dd-9bcf54c95d35,Qpjkreztqeb,48,Brazil
6701131c-a5ee-4d00-8fe1-ba4353b852c1,Tdkrqx,25,Canada
21606672-c02f-4a25-bd02-8eae91a8d878,Xxuwzlfake,47,Brazil
f0b0f58d-0bc3-408b-8fb1-f7e7d596607a,Dput,18,Brazil
f1569285-29a5-466e-9d2b-c47ee3f96feb,Uzoytterodlw,46,Japan
c07a9476-6c4c-4c01-baea-17e0d2afa251,Bksqkserexhxm,52,South Africa
1df10c9a-fcfc-484a-bf94-f0ddefc7a8af,Jeokipt,41,India
c723fd14-47a0-4376-af14-e1bd5765ff30,Cqwhexdlrnos,20,India
9528cc5c-249a-44de-a501-ce89fb54a5dc,Rokhktz,37,Germany
7f59afaf-0b42-412d-bea2-366891e8a5d1,Uwotdg,38,India
8f3c3345-29e2-4e77-a7a9-931e2560ef86,Ryytxp,48,Brazil
0fb2bcf7-8786-4fe6-ab40-cbb72698eb2c,Lephasqgj,22,South Africa
96123f56-2748-4426-83d6-50e4f1dc0cd0,Dulbryop,47,Japan
4351dcc6-ea6b-49d9-ac47-337a85260773,Ncubggymgqdbij,18,India
50701a04-2a14-4f38-b938-1f5006319831,Fycqukitinnckd,49,Nigeria
e5c22477-4b0b-41da-9eba-13acf7d8e266,Aqbrcczmmzy,30,Germany
44983f1d-c5fc-4b10-b80b-a8106899f16f,Zmjivk,53,Australia
71b46562-8a2c-4d55-85e2-0196a78682ee,Ldrcjhonywmo,38,Japan
817b3147-ac8c-4d95-bf94-37930e4119c5,Fkvgzvvcaj,38,USA
43da38b8-c0fd-487f-b051-4cb4dbe953e9,Oug,59,South Africa
42da8984-5947-4a66-95e0-10b5317afea3,Kqlsikduqgxo,24,Japan
775416a2-143d-4971-ad64-35b3d3b3844d,Reust,60,Brazil
d78c7f90-0f31-49b1-943b-66a346bec727,Sftns,57,USA
6f5a47ed-8f9d-48b0-89e4-b9b2b7c08331,Ohadlosjhqte,49,USA
f4090472-a61b-47bf-8f5b-4dff619abc58,Nxikpjvkrlqpr,54,USA
9bf3ad10-ddaf-4f18-b6b0-fe75ea6f7668,Jwbeva,39,Nigeria
b4f907c5-6586-42cf-a794-d72ee14b7568,Omfa,28,Australia
9bc932c0-f609-4df2-8254-4cb9ca76ef4c,Cirtqndf,47,Australia
dd011319-f48d-4232-974d-dd267e8adc16,Eebk,35,Brazil
9d8d4ef4-1a1b-457a-9450-49991286aa13,Xdouz,35,Canada
9c50abb8-740f-49dd-b2cb-65d8a38b263b,Gmrcozsv,28,Canada
cbab50b3-39df-4c68-8cae-7afb3f99365b,Rznvtvdntviau,36,USA
9ee8a652-7e7d-4de0-8c45-3a3d6fd957b9,Fkcrxakufobl,31,Canada
a4973b67-3c8d-4d32-9bb2-71ba8704a755,Wfdgrj,21,Japan
726b6e28-7f55-435b-9791-1c95a0799e9b,Tux,23,Germany
f336e680-fcaf-4a4b-8309-70eb38c08fa6,Fbod,46,Canada
55a051e1-e78d-48cf-a660-5e7d1c615130,Wwzeutgyiro,19,Germany
1ebc9112-607d-42f8-a579-7657ef6617ef,Jjm,39,India
8bc1d072-39d8-4d1c-9790-fa4d587efdfb,Boqulnrsins,20,Canada
b00c4ba9-1c5d-4dcc-bdaa-306720720a18,Qdimhfjaioa,20,South Africa
bdf21d48-7036-4fb1-88f9-8519723be3b5,Gbokskuaddw,46,USA
cb9a503c-cbc7-4c61-93a8-406640da0741,Wrp,59,USA
74de4dec-9078-4574-bfa5-479d5a0f5c88,Zhdl,23,South Africa
36c015ab-9540-4963-9430-e4d355ef977a,Hikxnjijskrqd,39,Australia
ac8f58d9-c6cb-4bce-b859-edc675a5372b,Nhhzj,41,Canada
65d4ba55-372f-4512-a2d5-894ba7de288d,Gvwy,48,Australia
a700a475-46e8-47dd-8ab2-24bc8df3314b,Soexjpse,56,Brazil
a4bf7843-dc60-4b7b-8a82-467bbf758282,Oasbrbhaxwlw,56,USA
f8b3eff0-9e59-42fb-b490-477100f4058a,Pwjqpbchbqdrbj,32,South Africa
4f410878-bf14-407a-ad7f-abf38bd1cce6,Wond,49,South Africa
e8865b60-9716-4928-80a0-88b03f28f9e6,Igupppjboaw,58,Germany
9c7c20d2-66dd-4d44-aef5-6aa77efbd5ef,Mtovt,40,Brazil
67579ff6-ac8d-4c50-9fef-64385670d9f6,Wqrl,19,India
a4c4340d-b5ac-4257-9ce7-641b03560077,Bizjxkkkebhcblw,54,Germany
fccc4c1f-6a6f-4a9d-9ab4-4a2c51b19dbd,Iyiyuknl,50,Canada
11273516-130b-44d8-b766-51b068a8402b,Mumxyhbwifkjo,38,Nigeria
33f69252-9157-42e5-9f9b-089c3e876f37,Fvus,59,India
88e6880d-f111-481a-8f22-7fffb884f8e6,Rzwbhbenaoomzo,53,Australia
5bc70757-957a-4607-b646-aafe0e127386,Wrnjblnbax,59,Brazil
0b93f9b0-a125-4c0a-9f04-1163f8125bc2,Inufaeed,32,Brazil
7df14084-3f70-4266-aa18-67900262f664,Whmgjcjhppc,28,Germany
67db208b-89e3-4644-a3ef-fa464e319d7c,Tllubfqsbbtlol,57,Japan
56c46b86-e6e0-4858-86c9-937f70c5ba3a,Gunppbzh,30,USA
ea4710e3-1b9d-482f-97f2-727bc14ec8bf,Mcfr,49,Australia
803a2686-86d1-403a-b347-89d331c93426,Vkvjeuuumu,32,Canada
99e81c16-6fc7-453b-affc-f9fb46b511e3,Ufwt,55,Canada
139f525a-1368-41e5-bf73-3ea10fbc4aa0,Fhb,45,India
1eac44c8-c022-4f64-874b-780b4445fbf6,Msuwr,31,USA
5cf88c97-83a6-441f-8093-cdc841d9beee,Vyho,37,France
8f6e3e0f-0158-441c-8c6b-6fda82499387,Vuwoybdbqsxv,27,Nigeria
538525ec-6902-46cd-abb0-f34f3bab81fe,Kdpfsdbgpmj,20,Germany
4a6bda28-52dd-4afa-a518-f481d9405703,Ftlbbyx,38,Nigeria
80b93e1e-a14d-497f-9f8a-aa16a4ca146c,Fekpvuokhm,49,France
4f5d448e-2cc0-487e-aa01-c3ef38eff5d2,Orkutbqcqfke,31,South Africa
44310471-f4a3-4f64-881c-869de3a250e6,Rajbedthxtppy,55,Nigeria
22d12eca-1b0f-476e-a5dd-b4bada708e5d,Oqvrpeusk,47,Germany
d98aaad1-ba89-4e07-aea0-a4630b0cf7fa,Bahfieo,28,South Africa
550d5bd4-ccff-448d-9c0a-600521e9e5c9,Hkhlkytyooramkd,27,Japan
37de09ba-d8c6-4df7-9549-16e03d1b354d,Tqtrbaid,26,USA
58659fd5-2646-4a0d-9901-3d441b4e2081,Himgxypogks,40,India
e815a19b-b769-4a7f-be14-27b2fa208017,Vda,22,France
fc49a65b-b112-4635-a0ca-64c57bf23873,Hvonqr,55,Nigeria
751ed884-5e93-4a6a-86a8-a4af58b79ab6,Mizzlopxdwrdncj,53,Germany
fdd664ee-312f-408c-b8e3-36f6691966fa,Nmkwpubyf,43,Japan
3c55f93f-0d94-4c74-940f-af6eb726b85f,Smxglpqbr,28,France
ce415932-f787-43a3-bf24-c521265860fb,Ooatfi,38,USA
34769677-589d-46f2-a914-3c9aa7b108aa,Yypqu,49,France
d4510114-0bc5-4ec1-9dfc-f2037350d6a0,Xrdtdapg,54,Germany
8c690b7e-724b-464e-9c76-0dbc1565020d,Npwobjn,27,Australia
08944637-f8b5-43c2-b437-6b78419ec4e3,Lphfsij,39,Brazil
141bbaa1-e674-4610-bbf6-89386921b751,Ngfapgxdcpak,55,Nigeria
d0d12ea9-fa5f-4743-8982-2469201a55c5,Zbav,55,Brazil
2c8cfa06-3a29-4fee-b699-bd1cce0a031d,Bcph,27,Germany
90735811-7db9-467b-adba-3ea7b45b476e,Pndi,49,USA
5d6e37fe-977f-40c5-a80d-cf93718b1926,Mdbiuezy,28,Germany
ef45b470-4b5c-4c82-a31f-6f138cf20069,Lzpggrwggojno,47,Brazil
c18a938e-e060-4709-9d4a-75b81f324e12,Xzobcyyi,39,Germany
66646df0-a947-4a38-be3e-45197bfa9b46,Ayqjmalxns,28,Japan
daff6e5d-fcb0-4202-a18f-eca21bc8ecea,Qbypmopaneglel,38,USA
3b24c36b-8452-4ae1-8a13-39374b301bf2,Oscptg,53,Canada
301b8ae8-33a7-49fb-aec3-843f2bfc71d5,Wejlwma,58,USA
69837c16-3a91-4410-a66f-ba6f97a2524a,Fhxunqfzfkxm,38,Nigeria
d24551b4-70af-4669-a185-1b54bb5e77ec,Pmqkwgcp,55,USA
d6ff69e3-89ef-4beb-b918-7ec2b38d0682,Wxliio,60,France
50cbdbe7-bd49-4f1d-8739-46f870f7d515,Jlhaytjf,27,Germany
05811ccc-720e-4a5d-9d0f-07ec41c9091c,Ykzvk,60,Nigeria
20548363-b309-4c8e-9222-bde33843aac4,Ihtewabgh,49,South Africa
693d9749-2073-492f-acd2-c788a294ebf4,Lyoh,58,USA
3e833f24-c850-4845-b4f1-18f131fdaaf8,Wlgznbgyomj,29,France
11898309-4e3e-447d-83d7-f23f6e49c0b0,Dcncyjzzwcc,33,Canada
9608dd27-8886-4f63-b426-213f25e6d3bc,Pmxcedwokrygk,53,Australia
3bc5f44d-6d0e-4aaa-a5f2-a3ef138ba7c1,Kovktqzftdee,29,India
4632d862-bfee-45cd-80b6-cfa485f623f8,Nhrtdxqxntbtg,50,Brazil
e5490668-bf12-45e0-bbc1-576d0bedbdc8,Kghs,41,USA
d5124072-06c4-43fd-b230-8990c562c20e,Xnhjlhh,53,Canada
02ada262-861b-4e27-9461-c9e9a80c7fa8,Ydbpclwlz,36,USA
17d6e4de-ecef-4fc0-bd39-05722e376d94,Xcetalewso,30,Australia
3ab673e7-3a2c-489e-979f-ba0e198ee05a,Ctpuev,48,Australia
4af1b425-0057-40e0-95ea-0a9a5fe6186a,Dqwustojzqpcr,31,India
5848ee4e-1de2-4805-8908-e9cd270dedc2,Fssnisgh,54,India
46cb22a6-3d4b-4177-8f20-d0cf6dba2aea,Qcmifbfxnrtmt,60,Australia
67b60485-44d4-4eeb-80c6-63b8d4f7aab3,Atmautckavlaor,31,France
0ec5fab0-7268-4430-bf32-436317e0cdd0,Nkntfdvlxm,22,Australia
0b885ec3-8dfb-4368-a26f-e242b1443907,Vns,45,Canada
a83512c2-f9c3-4676-84f6-050e520848ce,Ykdgvzypn,54,South Africa
83b3c521-279a-48b6-ad03-74480a66f8c8,Krswj,32,Nigeria
a153783a-171e-4cd0-9741-3d6bd40b981d,Pcjwy,35,India
147a38a9-6ff8-4696-89bc-540999f2ec7b,Vsa,18,Canada
cf866eff-afdd-4282-bb0b-b0f05e4c28dd,Vhqlihfecy,58,Canada
bb2d3c10-e5aa-421d-901c-ba75d7cdaced,Njymnw,31,India
555daf14-7dcb-4b67-8b06-b62e73f16984,Ccexww,38,Canada
227164a6-39a3-4f6b-b234-99d9032def4f,Tcfxaixnmkzykml,55,South Africa
56bb54de-0fb8-4891-9a24-5120f1de6362,Fbfjdkjq,58,Australia
25606ee3-9860-4475-9c6b-419e7a1bb587,Onewkuseb,33,Canada
cdad8546-de81-4121-838d-24e57d7398cf,Qsydy,42,USA
414d65da-b43b-4a63-b2d2-7bdf338472cf,Radpgbzpfn,52,Japan
463e5215-8884-4ea7-9b75-2d820a8a17c0,Gvwxowkkbkcvj,50,Nigeria
5f431552-e94b-466f-85d9-e8c503791221,Ojo,43,USA
5693c3f2-38fa-4e0a-a26e-efaaeaabaf34,Ivsdzskkq,56,Australia
03e7621a-4dd4-4357-a007-8222d36bf210,Qtftmjoljqsryiy,34,France
7fa63d9d-38db-4666-b221-1cc4f396e989,Bcjd,26,Brazil
37d92b88-d37e-4107-9647-cd107ca91189,Eroztixchks,20,Brazil
d12db733-b06f-4564-9fec-8690596194ab,Bsvhrqyo,20,France
1fd2c002-67c3-440d-90e3-e400291e3c02,Xnvct,60,Nigeria
b0d006b4-e9ad-4e12-ae1b-98f837d52656,Nslcmb,33,Japan
9856bb50-ee18-42a5-b9b6-fb5e3f9bd817,Fdqatedyvhly,51,Japan
cfa0c73c-524d-4b87-a63c-60367413a94f,Bvkaoae,34,Canada
dc7c441f-402c-4278-b01b-f0a85dc199b5,Xov,40,South Africa
fea328a2-05f5-4254-9cd9-59fd46c86fdb,Hljgnsi,36,Australia
2addf1ce-5ed0-4575-a8c4-c258c6f186e3,Npjfmu,56,Australia
fc69e7eb-bee2-4aa8-a363-b7a4272fbd07,Loodwa,55,Australia
66f79a1c-c68c-4fa9-9b5d-df682ca1be22,Bircfsivljlij,21,South Africa
1ca3726c-39e4-40e6-ae96-e05ac93a96c2,Ikqygqxr,36,Canada
3848d965-00a6-4db1-96fc-509b56af274e,Ezwogeieqp,57,Brazil
d2391984-2c04-4433-a9d1-0cb560f36f53,Nayla,44,India
6a80c178-4486-4caa-8634-8ae821ba788e,Tsratz,49,Canada
67ae3858-3204-43a8-92f5-3ecc73bb77ba,Mlad,48,Canada
833f9b79-7611-42ab-a984-2048fa2e8b37,Jbr,19,Japan
337d008e-12cb-4239-a5cc-6210d1015429,Ovxcbwrueqwbk,21,India
ec7452b0-6739-4b5c-9b27-d9a2f68e261c,Yfdqhbp,24,Brazil
3d09ee62-fcb3-4182-9bdb-b832ba74531b,Laf,57,USA
16171e63-a50f-4912-96c7-40c5118ad98b,Hjofbzhhmubgx,35,Japan
cb2f1833-db3d-4dad-b835-3fb300189545,Thtpdsslkox,31,USA
69e089c8-08da-4993-8322-7a14c95a3e9c,Qodeygxq,39,Japan
67a1b731-bf76-40ff-8524-5868d135629a,Kvohlwgbzvs,32,South Africa
09e8707b-f6ed-49dc-8902-a93393e6e8c9,Dumqjfiaqnnqyz,51,Germany
3954d6ae-a760-4c77-8563-64d70d2e8136,Llkgdlsdvrmi,41,Australia
01a7aa53-4edf-4641-b808-f41a135fad0d,Stmy,58,Brazil
f34ca4e5-9840-4033-8ec7-f696c0f2768a,Jlvvy,55,Brazil
a7832330-0c95-42b6-9897-56e1021815e5,Gurovyerxdzag,26,South Africa
81ccdb89-694c-47cf-a5ca-aad31586cb7c,Agmbpvtkqczjhx,41,South Africa
00a43f2c-68a0-4a1c-b0f3-1e8f1765f1be,Buc,31,Canada
af880810-7f9e-4a24-9470-202b06ced0d2,Ulisjw,34,USA
a8393a22-d4eb-4f6c-8530-3ca26e06e627,Afbj,34,Brazil
ff34e47c-fe6a-4f60-bbad-8e125c5d8703,Pybeysxv,57,India
e44d8c19-3ebe-4f9c-be74-b9270c84bdcc,Fnqdynlri,47,Germany
ec0bea82-58d4-49c7-8bb9-bc2668ca45ac,Ebqycfjr,18,Japan
d35a74b4-7856-47f4-a8c2-9b1572398b82,Jqpvsu,43,Nigeria
4ae124f0-30d5-45c7-acbc-439c3738c529,Ogpsahdzo,54,India
9169bdce-e237-4b66-b04e-8359677082fa,Skerqpurfb,48,France
701a3d3f-a637-44b3-ae46-fd6b14161788,Zzfedjufm,39,Japan
fdd4f216-e456-45f3-a61c-2402aa5eb31e,Dfp,28,India
04993abc-2da1-4750-8cb7-cc22261d42fc,Xrmcy,33,France
1dcf0da0-792c-4b56-8e6d-e3e208f2ac3c,Aophl,22,USA
0f422d4d-3110-4455-a071-da2716000ee1,Pfguhwjmypu,58,Australia
bc0c1efd-2269-468c-b50b-c045f01f4cd9,Cmkfhmvlnha,21,France
a10af0bc-e8be-4d56-92bc-15506a18564a,Wpvhrhp,20,France
00c13ee6-b1f3-4333-a2cd-08e770ec2a90,Fyvesvh,45,Japan
e82f6a0e-5d3f-4b91-9457-51183a312840,Tig,18,France
56178cda-7856-4a26-b75e-fde07012a492,Ojsmmv,34,Japan
f72e9226-ba50-482a-ae93-b5905107426d,Kva,52,Brazil
35176dd0-3862-4a71-a216-b3825d6c3a5b,Yqruzrkbbihtekr,30,Brazil
61ea3337-314c-45a6-a3e3-626a2f0d907e,Ajpseiuwu,28,Canada
b136236a-9cf1-4de8-a030-6ebf664de1de,Fwkxhfffkqhx,31,India
e0abdce2-6514-4665-acf0-edbf076f6ef9,Atnqj,53,Nigeria
f3e16989-0df7-45e4-b071-0733e9b26201,Pnhylcr,54,Canada
469d5eb7-dc01-4b31-bda5-cceed9ccb90a,Mxmhsdgid,29,Australia
8754abc1-604a-434b-9deb-c3582bbd5fa5,Zbiymmeqegmqhby,56,Japan
60c72dfa-85d0-40f0-96d6-8b0ba3767b8c,Bsr,35,USA
f310f477-4baf-4af0-837b-f0f9f750264e,Dinqvzzyqnpxagf,27,Canada
54412056-96d1-498e-96cc-9b9124b8fc3a,Xdnijizubi,54,Japan
673857ff-d938-410f-af50-c76f3bd1791a,Avnknhawhseco,54,India
bedbb921-0cbd-4832-91cc-eea72ad61265,Hiyol,49,Brazil
49b30e86-e93c-41e7-8b7b-ea7f343dfd68,Edypbmz,24,Australia
497d6a2f-89f9-4953-b1a7-2fe8d24ee6b5,Bqdkmambdb,54,USA
e26b7aa2-6320-43c7-a43d-58ca3c02055b,Kjvixjr,36,USA
e997599f-2220-42d7-8e36-309e1cc135a5,Govbpkpuu,55,France
9a15b651-4fe5-4901-8654-41bde1a3ef53,Vfslfrportysu,41,Brazil
8eb5a954-e4bd-42e0-a3ee-54ff5d0e8f05,Duqstppvy,55,France
b5ab2287-d1d5-40f3-bd39-a34546b08fc8,Idnuxktgasbxee,29,South Africa
77d6691a-0bf4-4b66-a618-25e0d7860ddc,Btvmzqhrjchcx,57,Japan
3dc6b6f5-cf6a-4a73-8666-d5080ffb42c8,Kbzquomgtbsaiih,20,Australia
56deecb4-59c1-4312-ae18-876d6f09fd22,Gpfmfrsrl,47,Germany
2e168cab-85c9-45eb-a3de-8e87c049055d,Vecmtqojxa,45,South Africa
e30946b4-7d65-4016-a590-782bb518dd2c,Mjhasddtkhpwyex,49,South Africa
3b213494-b10f-4543-83ae-e7cfc1c4e448,Dmgaxu,32,Brazil
26dd8518-38f7-468c-817c-c53964ded45a,Tyfshdz,38,Brazil
0c3c902b-10c7-4e89-aa3e-e74710a7aff7,Msnckpxtcvamolr,22,Canada
d7cbee11-071c-4ad7-b7b6-d40b6e654bcb,Hiigr,42,India
d1eb383d-ba23-45e5-bf11-e3214d711693,Sgreurowqa,55,Australia
4b14e8ef-adae-4423-ac63-4c1d80b6db28,Beeogkrorw,41,Brazil
ac08d23b-dce4-4464-a7a9-6d59ae1d461e,Obisghk,57,Australia
32ce790c-997b-4c7a-a5c7-acd35bf77a6c,Oqwawllzagqlzsn,48,India
a8b30f66-316e-4ae8-9638-b1bf60ae6b23,Hcohhzegcwtdfo,34,South Africa
b6098ba1-116d-468b-9e6a-1079050f67f7,Nldfdjslycrszy,49,South Africa
0f29715c-cd27-4c19-92fc-7171f64829d3,Ljyxvirnnkuybpb,52,Japan
72d8ea10-d67a-4699-b55e-6fb009e3f99e,Frke,21,Germany
d3b5c9cc-20f1-4f2c-9356-16aeb5be6f1c,Pxhvqpun,31,Brazil
e0cd0eb0-d16b-4713-93e9-fdfdfd471b26,Uetlrqnlcnmu,45,USA
1a77e842-267b-467b-8a9f-8729b556c6e9,Ixhxtbncjoqaowg,43,India
0739dc81-4466-430f-9842-be5159e3f491,Nwhvykbjynfxkc,43,Australia
11aa03fb-3a5e-48a3-954f-c2269fb3ff19,Zuvmywg,59,USA
73e10c89-0b76-4071-aa01-9c8c0ed6038a,Majdw,30,India
8fda772d-c5d6-4f8a-be3d-130a1bf1c91d,Dxoctkjm,52,Nigeria
58b1198a-09c6-4650-a37f-6f251ff7d158,Amlsuvdagevplza,38,Brazil
2d386d5f-1b6e-4775-a0d3-9815c37d8411,Xhokjajonw,55,Nigeria
cb9115ab-f6d0-4fdb-b54a-31059d100f4a,Srzqbvowjp,58,Canada
66f871f5-600e-4927-9726-3c3b8b18c59e,Ciwjiytslz,27,Nigeria
d6818bf6-15ae-49c6-96a1-f8aaed748f31,Zgdxxpm,28,India
bbaae9d3-4904-4007-bbbb-0cb26a85d1f6,Odjzolx,18,Nigeria
6e8e8bbf-0d59-408e-a24a-c92ef0edd9d1,Mvaddikgsmy,34,France
9eb053fc-99bd-4a08-bebc-7a5cea78de50,Zecgmvrxwu,25,USA
c5e1e935-361f-4299-89b7-f0bc2dd49ac3,Uexlmzw,19,Australia
a8175d73-64f3-4391-a312-3c30b0cd42c4,Edvehn,42,Germany
00222a48-01ad-49fe-b5ee-67409eece21e,Qlyvs,19,Japan
a49d6529-7dec-462d-8abe-5d2eb8f39450,Gtqvjebdzjbef,41,Germany
2e6a03f4-3b17-4107-9bf1-2a9d7a079b39,Jwup,42,USA
802f0e8d-cc20-4dc6-907c-bff98501d131,Ulpfdbz,53,France
3120de09-6ba1-4004-960b-137d42b454ed,Hreooa,43,Nigeria
0aaeaad2-12d1-446e-a04f-8ad080231f51,Xdtojhbdhi,60,Australia
ae1b8ede-dd74-4ced-8269-c91c9a0e7c77,Hmvhabte,52,France
52b91565-8af0-49af-b53f-345e0d21d0ea,Cvdk,22,France
7d6a853c-8212-4640-8c75-4c44ac7f6e9b,Mnq,43,South Africa
69b2b883-c9c9-4c9c-a9fc-b2d8667c4e20,Xpoay,43,India
21a576d2-7c35-4bc3-8e77-8efdfc4fdc9c,Hxowmttoyjlssou,46,Germany
c6d8f6e1-f37e-4d79-8330-f02d4a28fc90,Jyndzmtfqdc,26,South Africa
6fca9151-fce7-4cf5-8123-c4c4668da758,Lcnvbrgupsv,42,Germany
32261544-fc24-4dd5-845c-1b25b83baac8,Mjtb,25,Australia
d88e544a-80b5-4e21-a469-18f5bb04b931,Cirsuz,48,Germany
150c9b61-73ab-435e-a954-571b4e5bacfe,Soyicnrasfjl,20,Australia
a5b11816-7be3-4ca8-b35d-43ac382576f1,Coszhcvciids,23,South Africa
561a2d9f-12d4-48cc-bcd1-cce5bb68d691,Gidfu,51,India
bf8e9c1c-7a7c-4f4c-8c0e-1da829ddd634,Fqijhpax,51,France
a8c6a800-0a50-4d41-92ca-0d8ec0a28584,Bapbjhiqg,53,Nigeria
3bb79e96-f23f-4b5a-983e-4c1352ffec25,Jnonzow,29,South Africa
7e33f661-9630-4225-9d87-093cfbe02d67,Cjhoegeessjq,31,Japan
37f14f65-8ce7-4094-8817-f767fd9414f6,Xodzctphwbshm,47,Canada
68f76251-5ca8-48eb-9a1c-5dddd697368c,Fsoco,51,USA
fe1bb063-5884-45a1-bf2d-70d4c5a19c3d,Cwkxtoolins,50,India
06adb606-39fa-453d-9a88-657ff141139f,Yygrtgjirvz,38,South Africa
6c92205c-4074-45f2-a2ac-b62076fc134f,Pogtdx,57,Australia
cdd97cde-f4d0-4d1b-9a62-ffbf6bac5c2d,Guvrqraurstlyzl,59,Australia
192c3c61-f3df-491c-874c-f20ae1bae32b,Hlxhrlhkgsvv,46,Japan
174e1273-8c0e-48f3-97fd-46348b1b6741,Eqolvqzle,24,USA
f2a47c60-5374-4212-b5dc-43a0f6dc8002,Awvutyiymt,37,South Africa
5fa0863d-f703-45db-ba1a-26620c5f4cab,Rulf,38,South Africa
17f4bc6f-5f6d-4043-9046-e748425bb6f4,Gfkfhvstih,31,France
90902ebb-8da9-4cf0-ae41-ab40dac03c30,Vbettvnijj,43,Nigeria
eaad3195-51db-4aea-8a3e-acbf0cba40d0,Shfghjfvgdq,25,Japan
c570ffc1-bb72-4df7-9407-5eb09334c882,Godbhmxz,32,Germany
28fef879-46ce-44f7-a84a-c403f7b9e58f,Haatsdzn,18,South Africa
e0a83b8e-5642-4ef5-ade4-6575db33d20a,Ongqh,26,South Africa
e63274b4-dbd8-4504-ba87-10fa7df14fa1,Btgorqijjeb,25,USA
065fc0aa-b543-4285-98a4-db9e3f1c5855,Ulcgc,19,Canada
ce75a051-77dc-4eba-8569-b21c950d9b68,Bhdpspcnfzom,34,France
8494f615-7e7a-4863-bf4a-da35fa80f08e,Cnsypcfsnfqunhp,35,USA
3cd02f7d-83dd-4294-88c9-b35834126b52,Gmmhdqf,59,USA
4379247e-9e22-45da-b95c-b93202223da2,Apyoidazsvbfd,60,Germany
f175587a-1901-4d49-b710-fee272d60aaf,Nbhrwmbbe,58,Australia
3f0b6bf5-17f7-461c-b839-2ddb99ee2642,Kwoyzz,27,South Africa
30622bb2-418c-47aa-ac97-ae080ff30157,Indd,33,Japan
63a0bcef-4ed9-4350-8aa5-31ce9413d48a,Anihlhmjl,44,Canada
75a32f60-662d-4ba3-a008-907112608900,Mhyhgvald,29,Nigeria
6ac4cea2-08f9-4b0d-8d67-484ad9d72a1a,Jguykr,49,India
32d539b8-fc2a-4cb6-938a-72dbdee94855,Rzprs,22,Canada
6a0b8b86-47b6-4de2-adae-3710983abeb6,Rcsetmzvyuu,28,USA
b7ae5023-354f-43c7-8fb6-c2cee2c7bf01,Wdaanmoxtp,24,Japan
0a1afe77-9624-456e-87ee-df4068351780,Kfslqyxzlaqcmqv,50,France
58010051-54ba-46f9-b03d-e5171c945045,Vgb,50,India
5af91c46-2bfe-4d0e-9dcf-f9c4a3539d06,Kjhpmzboog,41,India
f1f758c9-98d2-4b3f-bc64-9fb12f521a82,Eowxbuwd,32,India
6745b6c6-30b2-4c6a-b0e6-f240ef44f3d8,Goycp,59,Brazil
1822aba3-5dda-47e5-b92b-fc183426237a,Tpfopoqnreiohw,50,Germany
5cafc44b-f775-4c94-86f7-68127f38616f,Wxfxw,52,Australia
3cd70f44-5179-45c3-a19c-41df46b2811f,Ezjzy,59,South Africa
147096ad-4437-4bb0-b34c-1a6109df92c4,Dasrrnsrcarw,43,Germany
c9d3fcb0-9398-46f2-8d03-892d5887b906,Kqwf,36,Canada
d247ffb7-b83d-4df4-b9b9-a718b627a693,Biwabmmrieqhtx,51,Nigeria
838de506-d0e6-4e23-bd13-780e09ec0406,Aqe,38,Brazil
aab6e333-db2d-4373-8679-560e3fc318e4,Unhkomg,28,Nigeria
3a8a56c3-4bfc-4fe4-99b4-8544eca804ed,Jcsmbcb,48,South Africa
c39407e8-464e-4454-bfc9-06d985cd1d76,Rkbf,34,USA
4c6a001f-de8c-4d0e-910e-4d6f061b602c,Wdydbeyctr,23,USA
55d2b238-9f9b-4d53-b66d-82ad289e7d60,Ktoysd,53,Nigeria
852d1c9b-83cf-495f-a86e-38cc2ff5b208,Wgnq,24,USA
03e09f01-1153-4e2b-91b4-534b1ebd8009,Zryqpgrroh,53,USA
687b4907-ceca-4b9e-9303-bc33149609a3,Jaespywqw,52,India
6d387915-bcd1-4e16-bb76-e42ea2bf7d6f,Bkug,49,India
2f193a09-a25e-45c7-b10c-01189388ba48,Nfk,47,USA
785bcac1-d494-4198-94cb-e976adacdfdd,Obbcguupjyrsu,41,France
8568fc23-621d-4042-a505-0a2df177b5e2,Bpozlnkdkcklvd,35,Germany
44768b8d-8f50-495c-91c2-90e6537b4914,Grgrpl,19,Australia
9accbfec-463b-41d5-8f11-052a16e9d706,Bkkvcszcrtfutky,21,India
44405af0-b896-470d-b157-7d716a256f4a,Qvxbvptm,60,South Africa
9afd27aa-d6b0-4fd7-85bb-cdb0ed12cdce,Lgpyyjpszw,44,Canada
48cfbe5a-c141-466f-861a-7c3210b260a7,Cojy,51,Australia
e8fffe4d-7346-4731-b5cb-8ddbdbe036c4,Bxq,36,Canada
f32dc148-1d85-45a6-b776-6a92d0616ead,Wvqxh,47,Japan
e9fe75ef-e1c7-4e57-b562-c5e5b4135c7d,Rua,57,South Africa
350198f2-5f5c-4532-9e96-1345fc13edc8,Xlrwglxbewjxs,29,Canada
d6548d1d-31eb-4060-9506-e6e6271c81d7,Ulsu,37,Germany
4c3581d5-b0c3-488f-955d-7e36b855bf77,Jzozlolht,35,Japan
0d8a33e2-de82-493c-885f-b795f7df8e17,Nmoxgcwbacjeevl,39,Australia
7ffe446d-97bb-4f05-945d-67c5c9198bd4,Jptzmhbkixvznd,23,Nigeria
31b2a3c5-e112-4f2b-a127-17a4a9ec2fb7,Eycididdfytqh,31,Australia
a414305c-a59b-4639-8eb4-72c50614401c,Gcbah,26,USA
75039679-6131-4116-b166-b5006a9a89aa,Txlgrwhib,49,Canada
f4666352-288e-475e-8858-17f0bc3fb4ee,Iyu,28,Nigeria
7f356eb2-b99f-464a-a8b7-89c2f5ad2b2a,Gccompigpicsn,36,Germany
913d3afc-51ed-45d5-af66-b1d75733c9a5,Rhq,59,Germany
860c8615-2b76-42ea-8671-3701c7b286c2,Droommovtpnajrv,49,Canada
b5c43ab9-e54c-4a98-bcd3-25e933118594,Ddosvjj,42,India
11bfe9e3-cb00-4c17-8006-b4de5b9205a4,Tnfqiqgugdg,18,Brazil
e11c1202-41bb-45dd-9e21-d75b60528b86,Bhvecika,24,Japan
2dfdf164-ecd4-4fa5-a3ff-28cfe49c1906,Upitubq,42,India
8fa7451f-efe0-4e94-b551-a885204ff0f9,Wwdjrmpgdfxuqs,42,Brazil
51bb6638-17e3-45c1-be28-9e3ceb0ac3ce,Imyunrd,54,Brazil
2897dcc3-72e4-464e-90e7-f462ea6c7703,Jnajlhcnkkyvr,35,USA
e07fb39f-d4ec-47c9-8368-3cc82c839961,Rzqlmmk,60,India
af714b10-4e74-4bf4-a2a2-b327320d23a9,Umxrrygszxmtgzy,50,Germany
b70fd567-93d3-4795-8f02-31902899fab1,Hynzits,45,Germany
5a3204a9-c1cc-40d4-ad10-d36af0f9b40c,Bpwmvizvrb,39,USA
9a63d9b1-9b82-4942-b9d5-0f986bdfbd92,Ncubabhsnme,36,Germany
297a0cd0-0316-48dc-8638-968bb2651553,Lxyyprubbxf,39,Australia
a387f820-5a67-4e69-88d5-35c9306123d9,Fzcuvny,55,Nigeria
a62e0b53-01ba-448e-87db-97554a84e7e4,Gfmsuxiavqnp,22,Germany
582fa362-5530-4a99-ad82-2804c626cbf8,Iyqohgxxtmaf,56,USA
9f487a8a-007d-422a-b647-575133b7c2c8,Pbrix,24,Germany
ba14322b-e58a-4142-81d4-5609acb2d710,Deuuexxcgfu,57,France
054842c5-f2fa-4236-a025-63c3bbb5cd2c,Fmuihfk,51,Canada
a8f360d3-4224-42f0-8b2d-da194adc1041,Ogupbwsolvhgmc,42,France
e9e38006-fa74-418f-8e7b-118ea3691aee,Ngzxzvemistm,19,Canada
f4900a7c-2517-49fa-82e8-8677f9999a51,Xwcezirdph,56,South Africa
c1de1892-b0b3-414c-a250-7998b002ddaa,Hfyuwynjhomzhl,31,Germany
2c8cab86-6db5-4f4c-b605-766291f0518d,Cmnk,30,Germany
1c80d22d-dda4-4d0b-a766-9ff2cf65c905,Ximetyfri,60,Germany
55704886-1eab-45c3-b4c7-0e6e440486a9,Ecyvxxpqux,40,Brazil
71e77040-2407-4896-9383-024fdf00d165,Yccwvkrj,23,Germany
9bc25bb1-1879-45a6-94b8-aedae52b2f45,Zeokegpoff,31,Brazil
625f8079-3e0d-491e-85e6-1e29b82e5e08,Ifvlpmpelzpqtv,54,Japan
e838f2eb-be32-4f05-97c5-ff982a38dad7,Ihxgfumpr,20,Canada
46bd317a-9c8c-43c3-a69c-2499620795d2,Ixzjioxkuhvfcg,47,Nigeria
ee5a4436-57ae-46f7-90db-e9be7a152406,Deqcilwvcfmasp,49,Brazil
213468f4-acf4-42eb-abbc-6bdd07f11117,Yakwp,54,Brazil
de0b4b40-59fd-4795-a428-1f5b29ec7bfa,Ceewfpbmtjl,47,Brazil
ecc5f6f9-893c-4b1d-85f4-5a0351877eda,Dteqligkb,23,USA
cc06a472-02d8-4a99-9e52-59c7ab911f89,Fqbs,30,India
55164d5b-f410-443a-95b2-57e8743b4b7e,Peuhagqbj,59,Brazil
333ec6ab-384f-4f70-aa3b-741dbdebed03,Jneqlsslqta,22,Japan
dfa44fc4-ea9a-4ace-9515-57972604eacf,Irqfbcyczzf,34,Japan
f6d89798-b0df-4a9e-8333-a438f8a0210d,Agxgwtjwvu,58,Brazil
a91a2311-5cd5-486a-83fe-b6bb0fbc4623,Vejjjdmbopjb,47,France
44b94c77-0c8a-418c-a671-a8d35daed052,Plmfvroqp,52,India
d647948c-9732-4725-bbb3-a26a905caeea,Czqvgchvgvwraf,39,South Africa
adce54a6-2939-4c45-a5d7-e48cfc8225c0,Gpqxwwjazohjkwf,50,Australia
81bda93a-f034-4b75-a0fd-8f0ff0500132,Rhsrsf,39,South Africa
dbef3759-39e9-4d11-8d25-6942142c6908,Obqujifmsqcspz,45,Germany
307ed149-65eb-4558-aaf9-04682eeeb736,Uzvzvtxbyjhd,37,Nigeria
3954b696-9e1c-4a30-b7de-7c3a3c7a7e63,Baiiroctxcotdp,58,India
fec10ae8-efb8-4861-b869-7be9b30d02ae,Ibxfox,18,France
ae24d93a-6012-455a-8c76-def8e4f9b4b2,Rbviifrtjwgcxuq,49,Germany
b21cf140-9922-4561-b77e-2c2daaf862eb,Onhprflpn,41,Australia
b97f0afa-ec83-40b9-9f38-6ccd5e78fb85,Tvwaqxdqseia,57,France
ac17754a-9fec-4bb6-830a-eb4761e09161,Wfhtbcmppu,36,USA
d035ea93-fa47-46d8-8ecd-6635babb880f,Opvuiscpwzgi,25,India
3dd795e7-08b3-42ea-8c16-793ffe1349e9,Oasbfufapy,56,South Africa
c73e8d97-3f8b-4216-9b78-b8bc6bf51b56,Tphjaeall,36,Germany
d70708e7-6a57-443a-89af-92c418321a6b,Jcvdhyyovalvumk,60,South Africa
7b8cae33-1726-4a4e-86d8-cc3d37316935,Aqwjdtqlqx,20,Germany
fc271449-9368-48f6-99a7-3f0be44f972a,Xwjlymatl,30,Germany
28231211-b6d0-40a7-a03f-ed2ff89d85fe,Jtpefwtixa,51,Germany
4aa28418-40ee-4432-98ef-4469eaddb1e4,Jhj,36,Australia
5117f365-9e4a-4698-848f-3d1ef4945b7b,Kbmfbfq,38,France
df5b5a59-78f1-4e00-888f-09ee87bd97a2,Ddnwmumeckjrjuz,58,Japan
5cd66340-79c5-4c4a-a9b9-0349ba1a58b0,Pznearjy,56,Canada
08e39efd-1cec-4e2f-8f3b-0f7f877e47ec,Ftejpcgvzvdb,31,Brazil
02f559a0-90c0-4bff-9c5b-b7666b52da55,Odtkwyxpdqnn,24,Australia
7abcd6f0-64d6-4874-ab0e-3e0dd82d6915,Nzhxxtamkhpiq,44,Nigeria
fbc06a64-f916-4c68-af3e-5081f246cf55,Mkpmnaugblr,30,Germany
a03cebe6-f7f5-4f72-b0e0-f9dae6996c51,Jzmseq,19,Germany
3828b830-f056-46fb-a7b2-8fc8fefe6122,Woifoqdgc,46,Canada
5923ed58-0a50-41db-a4ea-25b015206d34,Nkwsg,42,Japan
f7efb798-3a57-49e5-a430-0f24ee14e87f,Hqtjcxxrcrrcj,60,Canada
6700ac27-8442-4eb0-9dfd-587a08a15977,Lptztelhuaxy,36,Canada
59d8b2d7-5e9f-472f-8832-3ed158fdc9ae,Lmoerokifsodtd,35,South Africa
2bf07cf2-52fa-44a8-b18f-ec5932fc9406,Luqz,37,Nigeria
7b5da299-9e6d-4ba5-ba3d-124e556fa397,Rjaelvpqoqy,30,France
86a290f7-579d-4cf9-affb-7e016fd9854f,Baxwoilggt,56,France
e13e8c2f-636a-4b71-8d47-ac1f563e817a,Usaauqgjwooxh,47,South Africa
e7f9d926-2455-483e-a954-e3d05d457732,Vetuyxripr,37,Brazil
3c70f3d3-44a8-40ce-b2ec-d3eccee8d212,Qxtalkwoehth,39,Australia
1fc8074d-99a2-4e81-9234-560277da9db8,Kmhqr,44,Nigeria
b3ce8b94-b8fc-4f74-9f75-15c467213e40,Zdxcyxbs,58,France
fff54179-c6a3-4094-a8f9-9a335aa0d69d,Ieansb,52,Japan
0d293342-2e91-4308-9561-a63ca6841b8e,Pvfbtz,21,Germany
80ab2218-2cf6-4edc-8047-5a9fbd91796e,Uzauoeqobryeqt,23,Japan
0c8ad23e-a28c-4e96-9037-b5652d83322c,Jmlypvjthhi,48,South Africa
58ea6aee-1494-48c6-ac36-bc9b19fe4697,Zfjxvywnhcinka,19,Canada
1122e963-ac25-4c7b-b14b-101c8996aca2,Depq,44,France
582ccfa2-ed08-432d-acf2-636962915658,Uiaoac,60,Germany
2fa4f481-8e3b-470a-9781-888c7ab6aabb,Mhhnesogven,24,Germany
4eda1242-9330-4cbc-88f9-2701ef344cfe,Joyea,33,France
1ea6b066-0006-44eb-b40f-510de47e16af,Tjimzoals,46,USA
be14991b-7adb-4f5f-b209-13f4f95504b9,Nrgdnvtfxwii,35,Canada
3d53c3fa-8a68-4647-9993-f76d192f4ca4,Kgfdbolbvdto,19,Nigeria
5ab29f47-028a-4ecb-93e4-81c35d21f74d,Ugqomsxmsaymfwt,32,France
6e84b53c-43ee-4c79-a8e7-d473b3098e54,Rohtifkrklmrxny,46,Germany
77f792a0-6fc1-4c4d-a69b-a84dd0db03e5,Xjbzihrrdqeluxa,23,India
b15a475f-cc0f-439b-bd48-252a12c16dfb,Xkgzifpwodie,60,Japan
d23f7059-da97-4bd0-bc10-5f3dbbe53343,Esn,34,USA
ea17c458-1e31-485b-85c1-5d74122fb379,Blawyenkybyu,45,France
5c3a48cc-456e-4a3a-affe-9774eb420a1d,Hjwzkjzon,55,France
6ee042ca-fb6a-449a-a89f-f4787e8be428,Dtwfcpdmunypeh,34,France
4ed091a6-c4aa-4160-b139-dd7c2931bcdc,Cawypabxcgen,43,USA
746874fd-67f1-40b5-a420-6ce975b04116,Iwzxshfhblovlmj,53,Brazil
c477bed5-f877-4b86-81c0-68dd90ab80dc,Jyzoomjsjmytb,21,Japan
3e421f36-4246-4bd4-9f1b-4f1f5683c75e,Znvznmrpjekt,44,Germany
5f24de70-346e-4a64-b03d-b1b38fa9ebd4,Euz,38,India
20292dd0-7b3a-432c-86d7-ef62430223dc,Wfiw,36,Brazil
e267ea05-3325-4802-b67c-323744b1611b,Fjxwujzupr,41,Japan
f195dbc5-d95e-4308-b0b4-1989d77b4e51,Yxlvmuppranio,28,Japan
96e2f5d0-2e90-49b9-b244-a8dc03e5dd54,Cnqbstbayctno,31,France
08d37f44-45ba-4025-9424-0662c985976f,Nkixpd,52,South Africa
17309058-7a51-41b2-8f59-04236e4a38c0,Cbm,48,USA
18ca40ce-6f47-4e31-b1e7-6f8684322731,Rfcrkukqneoxvls,56,Germany
1842c2fc-493f-42b2-9e60-ac00c5193acf,Bxunms,43,Germany
63b53b99-0a52-4d25-9c5b-7a46d9ce42e1,Zsgkorzbc,23,Nigeria
62e34cb7-66e4-451d-84d8-8c9aa7d7cbed,Khb,40,Germany
d8272339-fa27-41bf-a0dd-fc97d56fbd81,Rdbddocmvhbnxx,27,Germany
79b2dcad-8dc5-40ab-984b-a9581cef8582,Gtajc,18,Germany
4127b91a-c34a-48b9-a8bf-fd3f101c022d,Sqmbccrzpm,24,Germany
5a735675-554a-43f6-aec1-f52603e86126,Zji,40,India
9e8c2966-9b3b-42c3-9f01-256f3a234618,Jjwknvflkmxs,32,Germany
1036a4bf-05ec-46be-a998-d04d31e19a47,Bnccvdev,29,France
7e938fa4-be1c-493e-9241-2afd439cda20,Aaryhh,19,Japan
7e236145-228a-4f17-b9e0-eae2f9656c85,Xzilvmwtsbb,25,Brazil
1f78eca8-7bda-449f-98dc-1e917f644fca,Jsitml,48,Australia
264b4209-2328-416a-8248-de90cdbffe83,Ajqaxdcctv,23,USA
f0eb0565-6630-45de-bda0-c477ace13158,Spdrdxbmm,30,Germany
4774deec-f5d6-4a6a-89fd-cb1810cdb11a,Mrzo,56,Australia
7e06b2b4-5137-4ca3-9b29-168685de6e22,Bpsb,49,Germany
323e7325-c988-4c11-97ca-a11e68f656ef,Ptrgwjxoblfllze,21,Japan
5d69efbf-ad51-4bb3-8fc0-b83bcf057e0f,Wehnscpqvttjgt,59,Brazil
f2fafb09-1c4a-4360-8c11-f294d0a4278a,Qvbdvlgpdajr,25,France
c5945857-97cd-46eb-a547-d6866583e89a,Zteowbvaysy,42,USA
126f24b5-d097-4004-8eed-3b492d8eed0f,Efldiicgp,24,USA
b5dac848-f496-49a0-92e9-02ad11484fb5,Gajrey,18,Australia
13d68d5e-d26c-4905-8653-1d4c00d732b0,Cqunrbxxaje,27,Australia
597ab5bb-570e-4374-abe2-0b367e00cad7,Uvw,41,Australia
b90d9ed7-035d-453a-a23e-58dea13af157,Llxtadvytlznid,37,Brazil
b9d3bd12-89ba-4c4d-a1b0-e2f2881e3b84,Wpkdvlpvngdezzf,56,Brazil
e188c058-b7bd-463d-84ed-2d5de080ccb5,Uxcevcjoztqf,18,Japan
95c42548-5c29-470c-9219-5be4010b602f,Lsnvdfwzbisgwxe,19,South Africa
cec9218a-06c7-40ce-9255-a97b676fa422,Pvrnd,30,Germany
7f8772bd-c8c7-41d9-8d20-05bfd080d7ab,Hlsbbb,32,Japan
4f4ef9b3-dd8c-4d29-9016-65cee7b13f2a,Oagp,56,Germany
8fe59709-b09b-48e6-897f-81abda683503,Yupkc,51,USA
790443fe-3473-4c08-a5b9-8725e0a5c2c8,Nqbvazzqnzhx,55,India
14ecdeec-54c6-44e3-97a1-115f37e80d0f,Zcdt,31,Canada
5fcc3bb4-0a9c-47e6-be40-d1e100440a42,Qjryppu,30,Nigeria
b3bf8ce4-6ca9-4437-9747-4014085ead42,Txftweeykdesjjl,38,South Africa
3e992a9f-24e9-41a6-b71e-41cc9536d086,Oeomeauhusx,32,India
00c7c552-7048-4244-b19e-5f3c35728da0,Kmdufhyzi,59,Japan
b72c92c3-6aaf-429e-a6a0-c419934a1f14,Xgvbwpjxghl,38,Germany
c9827c88-18ab-4aa8-91f1-003e7e8141c2,Mrr,56,Japan
b9593fdd-c597-4aad-8ca6-84f965efd578,Vyybxxvqjohlcos,28,USA
c371c1d1-1da5-42f0-b4e6-84d28deaf086,Aocb,29,Brazil
b108d54d-b745-4768-ae98-53e97ccc1d75,Dwdzphk,47,Canada
474c0af8-e42e-4e16-8c13-12be548d71bd,Mfledyel,20,Japan
f0d28809-b95e-4924-8cca-8eb280698727,Nlrxzohynq,57,France
05dbeb56-fd2a-4ded-953b-bae700565f3c,Ehsskopmd,49,Australia
94babec2-a784-4152-b6d8-b5a5aa973794,Rocamtnjzvlize,24,USA
e75dd378-8e53-49c3-979d-3d80d1b97026,Ryvkxehjtbox,43,Nigeria
884fa9ab-8655-40b8-9d1a-735ca3bbb736,Saksafqwo,30,USA
9cf54104-7fae-406c-be55-2c83e1d1d086,Mdrkvveexc,52,Brazil
bbc42795-b8a1-4ae2-b843-455f8e28277f,Vodecblhazgz,24,Brazil
233a61b0-388f-48f1-9ce5-f2010bc56932,Pfszvyfwoiinmkl,28,Brazil
a2c54356-876c-4988-b6a2-897538d70b5d,Naxxqb,49,South Africa
fa75338e-e026-496e-acdf-f9ddb51826aa,Wuu,44,France
fcee41c9-c829-48c2-8cd2-8d0c1d807d12,Bvcxaprrqmhmnxz,50,South Africa
a39b58cf-26dc-4230-910c-47dae9d91441,Dbwth,38,Germany
3da041bb-a7cb-424e-b782-8acecb49b59f,Qsvuels,27,India
889c53cc-6130-45d9-8c53-17bbb9f745cd,Vqzkspapukwatle,52,Nigeria
f4ff4a80-096f-412e-af0c-e5b9e50b5ae1,Tvkzivsse,60,USA
5444eb8a-9e2d-4bd7-803b-bfaf69a28075,Lqrolvvaap,49,Brazil
fe47e3d5-fa5d-4fc2-8343-9a88dfd1757c,Svd,21,Brazil
1b47838f-9811-4d87-9104-789ac0c95263,Uju,40,Australia
4ad7fe4d-7ca5-4558-9b1b-95341d7a9d7c,Baakjhenuqnge,28,Nigeria
dcca461b-47b6-434d-8fde-06d88082b041,Sfpeazxrsjly,19,Australia
862fe902-7f57-4df2-b327-c16985f5b063,Gisvhwuf,34,Germany
5e2f7d7a-1886-45d6-87c8-5b9b88d4c6c3,Crnytyjprcfopeb,49,South Africa
f3941a27-aeca-40ee-94f5-b802313785ab,Gqdwdjtj,51,Nigeria
3b1c99e5-af17-41b8-938a-c44b3a50f1f7,Qjrcsk,48,Nigeria
f52dd20e-bc34-4ca6-8b47-1a32d7d0f827,Sxirk,32,USA
68613c7a-031f-4297-850e-b6f67947f6b5,Xjj,23,Nigeria
34fa18d2-883d-4da2-90d7-8644f4ba51c9,Rjalgmzd,47,Canada
1ba64ded-8bc8-46ba-aa29-ac83852c2d90,Cwxmkdybtidsx,47,Germany
7b307252-76ea-4f3d-a1ea-400d35e1a5b6,Zjptqbphkuc,55,France
bbf7063d-49ea-4eda-b1bf-8b3bec9f0fff,Odr,54,Australia
bb8e5948-77a4-4307-8bd8-c0facf2b99a3,Grsxrfsvwgrjseg,23,Japan
5b44df67-f2df-441d-badd-c6c56c747b3c,Qnkdkidpx,40,Japan
185116a8-5d46-47c8-a2f5-6eb7c58ee351,Wmjctrjvldzzb,35,South Africa
eda2628f-1dcc-46a9-ba0a-a57ba816961a,Kmjelbkegkunnd,26,Canada
1947e3b9-0c66-47d5-975b-a98beb05eafe,Mneut,19,USA
d9f86755-f56f-4e19-aad1-88cb0f6afc8d,Jvdhmx,24,USA
be7dbc98-cd81-4a25-be39-df3dad7b9ced,Zisfzymeuosfy,20,Australia
08f3528d-ed15-4c24-91d9-e8b77b43c70c,Wvsplfdyszswco,40,Canada
c2b252a5-0896-41c1-8ff6-1d5d871f27a0,Oztso,55,Japan
b57b705f-1c72-4c20-bc78-08c004122800,Efbxoftprenaoov,38,Australia
a49d2e3d-780a-46e7-a674-f443b6e634f8,Icg,38,USA
9f0ef407-3524-4cc5-a328-9e664379dcaf,Dzvoevpxrpkzdbf,43,South Africa
f4099287-0465-4d5f-8386-02566b31edb7,Utdrdzs,40,Canada
06534f80-5c3b-418f-a57e-566ec1c62dac,Aby,45,Brazil
1f415f08-deeb-4bb5-a87a-1c593ed927e8,Fhbwkfwtgxyqbf,53,France
e15af9c5-b30b-4ecd-86fe-dc4016b12b13,Gjnlumtwznenol,29,Germany
df25070a-62d2-4c49-ab49-624ba5e2631a,Mxszmahbfzr,37,USA
0b9a6b6a-1cff-4ad5-8d95-e45efc290204,Gouyfmdxdbug,30,Brazil
26ccf3a8-b80c-446b-bdc4-f15a75601feb,Jfjnoevfzpcnrf,38,India
b4b95fa3-2b0e-4102-8622-1e95ba871c0d,Exhmpvbikpwzj,49,Japan
0cb87d52-c66d-442e-b5c6-da8503618612,Dyqubljoltmzw,55,Nigeria
fb499e49-cd23-4cec-8504-89b4f14f3e16,Mxqaxrdc,57,Canada
f42c21ae-001d-4805-be39-585ed1ff3148,Nhdictvjv,29,Germany
f0c2bf59-c03f-4696-b89c-8d57284e4d59,Ufnhbmtx,60,Brazil
4decd265-e811-49f3-b4e6-81819c147b33,Rwqurvkvrr,51,Brazil
e3e35011-b159-440e-912f-45a1919050a4,Ulapuxbyisj,21,USA
b835596c-f492-4ecf-a3b1-d88e7eacb4a0,Uljbh,33,Nigeria
a709cd91-cc7c-4125-97c2-ff87442cd3f6,Bcokhxozlaw,46,Germany
334f16c4-3821-4b33-878a-f59c1c8d918a,Ehwcvjojxepeqd,42,India
99e24049-3df1-4a6e-82d6-1e01cc58e0bc,Iyke,39,Brazil
f07ccac0-1c47-4331-963b-8a670b5f3311,Mrszkt,35,USA
af5e858d-7400-49b0-be2d-2165ad566e36,Lev,57,Brazil
61936b0b-2f0f-490f-b376-08662b73cb8a,Uznntfoajnie,60,France
a009228d-6094-4c1c-aece-1bfd3a03d4ac,Ofzsoleoq,45,Japan
9daad378-3645-47ed-bda5-c04d9de81c2e,Sfdjjhfjel,23,India
b1c8339b-82b2-4ad6-9efc-1048d570e931,Jskccnnwghheb,51,Nigeria
38022c5d-942b-4216-91b6-acb8877753af,Qercurytckxrpt,25,Australia
6a0a23b5-a547-45b4-8ad3-8aad7b8fb07c,Yjkniyp,58,Nigeria
5ac4bb2b-b264-4f83-af06-984a0bc1c9c1,Fuqhfrnsl,40,India
f5463910-8b4f-4300-b545-7a5c4663c197,Rrpicto,22,South Africa
f5b7af6c-0f1a-4f38-b1d3-c1b07d99638e,Ybdvedvgbnaqjy,50,India
ecb50c9c-3dcf-4b82-b387-9bffe25d69dd,Elusmyhmhvphb,22,Canada
c3dd72e8-8ebd-4459-8a2d-221e0ed1ade6,Ocds,36,Germany
73a40958-2c55-4c73-92e8-36676f10c404,Dcndvfmtugenmd,28,Canada
fff9f25c-107f-4ce0-831d-660b34683ff1,Gouhyyrfpn,54,South Africa
8bd061cb-d2eb-4137-a206-f43c9f2a6aba,Ivckcjvjkc,37,USA
6271465e-a8f4-426e-87e6-93a3220bcc13,Kskwc,31,Nigeria
7d9e91ff-aaf9-49e9-b4aa-edd85039c961,Yulhlysoqogm,31,India
e2287572-20bf-4dde-91d7-9220a97629c2,Umzowafw,31,Germany
6b3df266-c4b8-431b-b8b8-d601ace45f8a,Amqsqxwphzyspv,52,France
e128c369-5fb5-4b57-b4c3-b360ddb6e8df,Whbadixx,31,Australia
e6e8356c-c70b-4370-9a80-cbb4cdae0e9b,Nwsgzw,50,USA
fb75504c-6db8-44bb-af3f-97108a30bd45,Wkdbyje,43,Australia
74cb1274-8725-47c4-9749-23535c16aeb0,Attibcqujwoh,56,Nigeria
48706b96-33e7-44bd-86ea-dfce3ec360d3,Pxhql,29,Japan
847c9d06-821c-45de-ac2d-53b183406fa9,Skxnjnfnc,25,Canada
d744b8a0-2ee6-4009-b528-dc22f2ae462a,Rkfkfbpbzrzrt,24,India
f3aaf677-88a1-4dec-ad5b-577aad35eb16,Jtgzzgukm,35,Nigeria
ecd4217e-d15b-4e3c-8287-45bb3ef27bad,Hjsz,28,Nigeria
35a2e5a8-f6a0-46a1-a445-ec4668b81d6c,Xfhd,58,USA
788ad4be-c5c8-4bda-b4a5-d675dcc6fc5e,Katyroaiwtrtfq,34,Germany
2fff10a8-9e2d-41bf-9cda-f13b3478257c,Anixwd,47,Germany
9be52dce-053c-4162-8b5c-bcca2cddf8c5,Ingvadcczibmy,53,Australia
b9f3e1bc-3a24-440c-9530-21ccd1270832,Jkgisdao,59,Japan
6ae8df94-a118-455a-a0ab-0357a8ff9451,Agpxgxuhuw,41,Australia
de1743e3-2d19-43db-acef-45171be5f5d1,Eybndyzbnbpqa,39,Canada
cf039e21-b1d9-45f1-bd94-e5722cc25801,Neevnoxkokpbshu,21,Canada
aca5b0c7-8c8f-408f-8aee-648fbd9830c5,Zrn,24,France
8d3ae9ba-d294-4282-95ba-fbbab10d21ca,Xwqwmbun,55,Australia
4f381f5e-7668-4ba1-ad6a-29fcc91767d9,Mswercfg,41,South Africa
39c33fc4-3854-44f3-892e-4867f2bb1b2b,Juu,30,India
d6710bd7-cc44-4fd3-aa9b-96ac47de0b30,Ukmh,56,Brazil
5e37582e-c4c0-43f3-9550-95b336ce3889,Teidwfc,26,India
6aad9b3e-3b31-4e5f-b707-605535a09eaf,Aasjshtrilhpf,29,France
a99f3c4e-add8-4935-882e-4a8766a0a477,Xqfozzarvtglvk,55,Australia
ea822fb1-d2c9-46fb-8a64-c1912dfff564,Nwjhouxa,57,Brazil
a1b28e37-5fd4-48e3-a67e-a2bc613402d8,Lib,29,France
d101df60-3921-40e9-ba82-4c859f24c006,Mmcspwyzhircmr,56,South Africa
79a02644-4f99-4f31-80b8-f42f00014003,Qvxllr,35,USA
b7707513-5583-4282-9cf3-1375229976ba,Fiauqdkmfkznpj,38,USA
25c0ad1d-b4ba-4400-bd8d-4c8e5bbfc449,Uwwn,60,USA
a124dc59-4e5c-4b06-93d2-6565c094defe,Knqvhkmkjse,30,Germany
c1e05332-6fd5-4baf-bfa3-70f9a6c7e952,Pqlgsblwke,32,Australia
bd339483-d189-47d5-abe4-2c79bec477bf,Shmovglwj,45,Germany
0c466880-b6a6-460d-8625-8a4b7e6ed081,Wlzfknaos,60,Brazil
049cd57d-0ef4-403e-8e79-7974b307655b,Gzmyniks,40,Germany
c43ab510-ec50-4fb0-9013-8055cc57b455,Bzgintqoqfwnx,31,Canada
5b543e85-8d55-4e4f-8f2d-c05dfec2979f,Ujcjzktuhj,38,Japan
e02527f0-9ca0-42e5-a9bb-e356fa0f1b72,Xcefhqed,58,South Africa
952a920f-8d7d-4fdf-8e3b-ce72d0913c91,Aeq,19,France
f51246fd-0b7c-491c-8d6d-b2924ddcd0ac,Fxzandokbvrr,34,India
f9c99954-2060-4013-a12f-5b587b5c69fd,Qqdxrueryszw,55,Canada
52808439-5fa6-4d73-bf1e-4539fbd3a8e1,Qqrz,29,USA
03adc026-7274-4ea1-a78b-cf544038b9c0,Mxmajmxzxh,21,South Africa
74e461ba-88d6-48c0-8ff4-d85c5155f0dc,Lguh,34,India
25b95ed9-69ec-4ef3-a6e7-f60149f04515,Qhejmzhh,54,India
ad322ead-9b19-4b0f-994f-e95cefff9ae2,Fiqophwnqwxbzp,52,India
5888af63-5240-44fe-8622-2c8203521174,Yaabtpbpvqcuv,27,Germany
9170e9b7-fc29-45f6-bec3-fe2dff6b671b,Zrgtknqzsvoyw,53,France
52e9569e-534e-4fff-b1b1-8fb3cb2650c0,Glgne,57,India
ad17a25e-5d19-453f-86a9-52085d7b314c,Lbrftoqes,58,USA
c0359633-b9ff-4404-979e-b30cd7e7682c,Oyyk,29,Brazil
c8c2a4be-cdf0-46dc-b0a4-88e791860778,Melzkw,38,India
079beee5-5f78-4165-acef-e1a638d6000e,Oelaytcalkkwk,28,India
7e9e069d-ef76-4138-b2d6-ac3b541c1571,Xmcwzpxrk,39,Nigeria
ae2823a6-c2d8-4888-b375-0b4ba7ac2cc0,Mku,35,Brazil
e0430837-b2ea-4089-ad30-7d3bb45814ca,Tnwsaouorlcvh,20,India
b650a02b-3b59-46a4-af63-e73b0b186589,Ekftsql,26,USA
eecf2fd0-ddd7-4e72-a6bb-ae0b8f6143bb,Tmplukgsbgujnnq,26,South Africa
1a6ecae8-7e06-4378-adf1-fe4119576a27,Ypqvou,29,Brazil
a9d224de-3756-4cf3-aed5-00536096ea32,Gueaojim,29,South Africa
ca78cb9f-f9ae-4544-9543-1cd28ffd56af,Lddjafsgilgfhd,39,USA
676c77ac-0da3-4ea2-96ae-8c58437d30f8,Fdkdaugqkzis,50,Japan
dfd99a1f-283c-470f-8b8e-a11b0217698e,Yefukdc,36,Canada
aae72df8-29c5-495d-83b2-a104d384e34b,Lunt,35,USA
dd39ee86-7ad8-46ff-bccf-53e04d39801a,Nurj,34,Australia
442c841b-7690-4f1b-a34f-90abdaded3c8,Qnopnzbtj,41,South Africa
e03753fb-abf7-469d-a8fb-6c670cf9ceb9,Erkxyairhiu,18,South Africa
9a5f0673-a9dd-4158-9990-d8526d1038b1,Strysyusfb,25,Japan
be7fd25c-cfd0-4bb6-b6ae-54f7aa73d41b,Ohpeogpk,26,Nigeria
2e8ff7a2-168b-4b25-963a-ce0dcce770ab,Zrvmebaoae,46,Canada
3172d2fb-56f0-47bd-93ff-dfb8ac1208c7,Cauzse,36,South Africa
7e964305-abcb-4a9f-a75b-75e20c8f2e7c,Rumwzkmqc,46,Nigeria
5ab41718-90e9-4256-9091-7a7ce01a79ac,Qmeumkvqrrvanl,28,France
e27cfab2-16b1-4994-902f-e6227c920198,Zosbbtcn,51,Nigeria
163b8363-075e-4ab3-984f-343493e38c00,Swpedsfcryx,21,Brazil
cfff1d60-2b51-4740-9f85-c50529b8a164,Tqillp,26,Japan
40c307ad-0245-46b5-a582-939762fb8159,Elo,51,France
c41a4f5e-81ff-4006-b1ce-cbb16f73f194,Xikatyf,56,Brazil
259f7320-3936-45b0-87d6-a09091c8d782,Hrmphghnja,23,Canada
5cf451a5-0a42-4f32-b720-691e67ab762a,Ltm,18,France
e3a35d25-b259-4aa7-994d-b7dafe795e7e,Bukhrtgyatawj,46,France
683c4900-43c1-419c-8788-70f274a032b0,Tmgmmxbnkpgcmj,44,Nigeria
a01974e6-4765-4bb7-9f7b-73b903e4a429,Kvesrkbqzzvao,39,USA
d3772798-273d-4281-9572-1256810abbb2,Lralm,51,South Africa
da05c4a6-2244-47ed-9bc5-5c5ccfc7e5e2,Yjjfcgvwhcaij,48,South Africa
84e61bc6-8813-454e-9f7e-094681b3d2ba,Emwnl,44,Nigeria
eea27021-3d48-462b-a32b-4ae610995a07,Asfhhb,60,Canada
c23d4da1-1aab-4c4b-b0c6-9ac26f238c88,Xbb,19,Canada
f9fe8d5d-f104-4436-84e3-cc7ac4111b7f,Wnbbedgcmmd,58,Canada
d438a94f-85b5-4165-90c3-11322cbae199,Ajzbvgodwj,53,Australia
b57c6431-4253-4a38-a843-26fdde86829f,Wtaofedddvq,59,Germany
74af066a-a14e-4486-b601-fb61d9e200f8,Kbziichkg,44,USA
009680f6-8e5b-485d-9475-f5f4f4c6a2f9,Cko,20,India
0d0aca74-9ef4-46e2-852b-6147e284a4ce,Tvzkbtj,26,USA
014750d5-1c53-45d1-95e1-c37cb05f378c,Wbztkdnilr,37,Japan
e2e70db8-b25f-418b-94b4-7664587c47a8,Ilgsf,50,USA
5698c7f2-6791-4ac6-84e3-3ec46d873757,Jduwcgbpag,58,Germany
346dd9b8-cbbd-452c-9088-6324d514de63,Zeixqbm,46,South Africa
cdb885dc-20d5-42f3-9542-015f3f9d7db8,Viofqtz,52,Brazil
1ef6fb33-8a97-4a4c-bd55-1e334b39131a,Sbz,54,France
249b2f13-6ca4-44a0-b07a-c0c4f193ea77,Lfnpvtgueznqtxn,39,Canada
7ecf88b0-908d-4bb1-aaaa-f9e8685489ed,Jltjgehvqs,50,South Africa
7220ba4e-9c98-4fa8-9d6c-d5cedbdec93b,Qlkukzftblh,20,South Africa
8fe2dff0-806d-4830-a9a0-85aadafd03a9,Zcxfbndms,25,Australia
97ed6e4f-7082-4387-81ad-aaaa9440eb5c,Vcyvikk,27,Canada
8c7376c8-5b2d-4ce2-8892-6cf5af5b5115,Xeogm,43,Germany
559d1a6a-52d8-4040-a920-73e78e0e15e2,Rtqznj,45,Germany
a012ba8e-ac35-4e58-81f9-013ee0d14140,Uesldx,31,Germany
8b694424-4ebd-45c6-af93-d2bf8ac5905a,Jbvgraugokocihs,28,USA
13d7ae5f-77fc-4e23-bac5-0b82e787633e,Ygxstkbyvcr,25,USA
ad96b480-3117-42c8-ba80-3cbf5e5e2045,Kzncndqbunhxata,22,India
6db98f56-9d44-40a9-bf51-41e0d88e783b,Bsmoi,40,USA
6c61fee9-c8d2-4105-b987-12a38b3a9f1c,Qkwh,54,Canada
24b3c1d3-3e9f-41d1-84eb-c00ce40ec45b,Guesgdos,54,Canada
69a1938a-4c53-44fe-ae54-86895592839c,Omozuplt,25,Canada
dde83024-cea3-4511-a9da-91be629d61e3,Qqca,44,France
d1af1bde-0140-48ba-86c6-ad0207ea5fc7,Yjmbdbsh,33,India
ca73b734-2ea6-4894-a09f-3045a53fb45d,Lezarkojpatjv,18,South Africa
4a48336c-bdc8-4f46-9adb-41af8ae93266,Dlilkozakqxnff,25,Australia
2e9a53cc-6a2f-4c19-85e5-70a2416a4330,Ogxkqgulgphbdp,41,USA
490c2de5-dd13-4d6d-9903-31221c9916b8,Bjecfuhyn,53,South Africa
178cfd36-7db6-4201-9e88-e7be38acd140,Dzjubo,43,Nigeria
9bbe06aa-c79d-42c3-a8bd-5149db660f92,Ngiwe,35,Australia
6eb2963b-28cc-4752-99dc-50b7ae745e93,Szvp,26,Japan
ef824ca5-fcf0-49a5-a236-56bea11d47a7,Trou,48,Japan
0edc3a05-a1e1-449b-bdc9-fd681ef84008,Iwifyg,57,USA
fe04e55c-2c3a-498a-8f43-804a592d9761,Hfmaryodpvymy,50,France
fb61499e-0a3a-433a-bb24-42356ab86868,Dbx,31,Germany
0b4f9270-f817-4c03-a84f-cb1d7ed826c3,Zazjgpbnkz,59,Nigeria
5269eaea-9d52-4ce4-bc40-760cd42115bf,Ivgncqiiicsdke,45,India
99d32fd8-fcfe-41f7-8727-9508117acea1,Wfgnbzvo,38,Canada
2de5ed06-b212-45da-9d3f-0b3274312ac8,Mmjaoycvkz,36,Australia
6d0db65c-7eca-4f13-8fef-cf87de59d541,Jbgds,23,France
2de40877-a525-4040-b761-d98cce8dded1,Bfxsmhdrwaqlq,24,Brazil
08182d25-fa74-4eee-9255-07700b3e6b7a,Qia,57,Australia
b56b0eba-5162-4f2b-bd31-9ce968019ac9,Vmuddkb,44,Brazil
801d0dbe-bade-4873-8122-2b355df457d9,Hybjcuosluwoddb,56,India
6a3cb335-5ff7-4a27-9e29-f882e4aabf67,Mpnxffqtzfom,35,Canada
90fad22a-4cd7-484d-a0c5-1d8e3aa0f7b0,Rwl,22,France
1eae299b-1aff-4934-9061-469dad1af1fb,Vtuta,56,Germany
c55617e9-7fa7-4d74-a0e2-7d52becc5664,Mujlrzewqbitem,60,Japan
743e5adc-1ec6-43a4-8e7e-9a8db24f20e0,Gixmwbnnjb,60,Brazil
139fae63-c396-410b-a6b2-29419f9e1198,Lakgmobte,39,Canada
126ccf82-5002-46c2-b574-0f67631fd704,Jonlrmzkvfmrugp,38,USA
72d8f166-587d-476b-bc7a-3ecede8b0ede,Mteciqj,20,Nigeria
feeefae3-a8d8-42b9-964d-b98b999e2745,Uahsaywsxyftet,53,Australia
ebcecf02-68b9-44fa-b694-271f0aea067a,Itjvsx,47,Australia
27609ab8-52f6-408a-bdde-37ff868e4a7a,Ruh,47,Australia
b426582e-baa5-492d-8950-ee363a2e3218,Jred,57,Brazil
12497d9f-ebf4-4cfd-8e80-f545ecd97ecb,Yjiuxco,58,Nigeria
5ce9d1f3-a2cb-4865-9926-85dbe0769e10,Ymqyggpxqlo,55,Australia
0fe3bc4d-d73b-42c4-a029-30d030a2b94f,Hpgrenimoushh,22,Japan
7cc6941e-5692-48fd-8010-8b249e093d05,Vittvcsdz,19,South Africa
bda3cc0d-6e23-4e22-aa63-adb09c28a3c1,Lthdpz,31,Australia
7472b477-8320-4324-8052-deaebb3e13ab,Fwvoqabeqbtcap,48,Canada
49213aab-3e2e-49b3-9ace-92f38c84a4ff,Txbs,60,Japan
825216e0-8de3-4be3-98b2-fb27a9830ae5,Dtepqsgl,35,Australia
a050126f-4cb5-4318-82e8-83af082dd40b,Kgagkpblq,28,Japan
ebce1825-3c9b-4ffa-965a-499df16be0aa,Zfkkjbmf,36,Australia
ebee43eb-9a8e-42d7-89a9-7ec7f0cb86cd,Faqqkxdpeuluyf,30,Germany
2e8e9c74-d0dd-42d3-8cbb-1717fa1869bc,Ntfkbohifpuzlw,24,South Africa
b2fae348-689b-4fe2-a63e-dfd71315490f,Sdwwbsbmofsuyy,51,Canada
ff1b1c71-883c-449f-8596-4ed480f08ac5,Dwkjtebklebmj,39,Nigeria
9cf0d7a8-072c-478b-a90b-9b5bc933915c,Crtznbmwz,56,India
5a7d5ba7-6586-49da-a805-deaa91111fc3,Dngbuajwi,52,Australia
7ba83f78-de01-4f10-965c-4eab88be8909,Zkmqiv,32,Canada
96ea2b0d-8975-49a2-bf47-68f004e7dd28,Wudnvcz,36,Australia
a194d677-0f1a-42e7-a0bd-08cb8972000f,Rvh,37,Brazil
0e79fb44-ea28-4df0-a410-6eae6bd66959,Hjghpgmnnvuugem,55,Brazil
87ed4cbf-b02a-4d92-af7f-25ac8be69539,Vebf,35,Germany
c175334f-2ae5-4ef7-a287-97eacb650531,Wvccoflubr,48,Australia
490d6e9b-8371-4d5d-8348-744733207d96,Aqyzho,52,Nigeria
07ab8ea5-cf19-4369-b857-c262dc430b9d,Xrxb,26,India
3b08bec4-55b8-41a2-96a6-61e423ea7b55,Jfymlairg,41,India
f0dbcd79-7ea6-4854-8b49-892feaa87d9d,Vubxjji,36,Australia
4523947b-fd96-474f-8c15-78d446bad6d9,Rkpu,27,France
e4e771f4-78eb-4935-8c04-c7f01c06a0d0,Otvzkfc,20,India
0f799f40-9bdc-4bbe-a6e5-d739a5ca390d,Qydpmkoeboik,33,Germany
285404ba-cc3c-4e18-aa35-2d228931c90a,Fycaterxpldph,44,Nigeria
cfbd4c53-27f4-4d34-8ac6-0c397ba998b0,Kuivw,51,Germany
73912c6d-2db4-4edb-a885-377f46a83783,Cwvnuurszicpt,23,Australia
feb49414-72f5-496a-a356-357863288b14,Uwypkxxuup,18,USA
2aad1054-80f4-4782-b3d5-ca8c822cc5ab,Yxjvbnftnh,28,Nigeria
19c470e9-435b-47ca-85c4-853d0700ebd9,Fhzloidjtqitwf,45,Brazil
6a9f026e-e285-4b15-8140-da32defd3ff6,Kvcufk,39,Canada
0eb7f7fc-8e5c-4900-8770-34315b32181e,Conk,22,Canada
2f1b9f0f-689b-4866-bdd5-d4c198f4aa89,Tjuerycxot,50,Brazil
e54e8b58-4998-4d57-a56c-fc48912c25c5,Qwvasi,49,Nigeria
ba64e816-fefe-477a-ba1a-6d17cd2cd72c,Gmftougkii,47,Germany
be579c5a-fb77-4895-bb7b-465bb410597d,Ztubgah,39,Germany
0f71ee94-a479-4481-8dcc-5990963486b6,Pcuxabpj,25,Canada
dcbd44ff-0ca4-4496-b6a6-8048e20d8956,Sxapbazsqredw,48,South Africa
0743ed92-40c8-412c-8bee-0924cc7c9b64,Iiywiuaqkpfb,19,Japan
d086462d-be6b-4d46-847b-917278f05a97,Gcf,60,South Africa
400831a3-1fc7-4955-9cbd-262fe58f9d46,Lqdw,44,Nigeria
713924ce-da42-4456-ac3b-535486ab016b,Bpblcvgrwiyn,60,Japan
2734007c-da82-40db-882c-6dff455b65cc,Jxc,22,USA
dff97bcb-0b58-4902-906b-b9bc8f7b3ea6,Tkuntcn,51,France
09f46510-4d62-4f4a-bde7-8e4b57b85ffd,Ooxdxocdl,30,Brazil
beeb2240-ef2d-4840-902f-30b38d752a7d,Btulgeasndses,24,Japan
7552776c-5e0a-4ffd-98df-6b4c608bc8da,Jweb,41,South Africa
c643d12f-593e-403f-b229-b4a77ae7001e,Ltkddcjblzhyod,51,India
0b2e6ab6-7cfb-436b-8fad-e057da14a6b2,Rhpiaztyjdqu,58,South Africa
85f22290-c062-4c42-b897-9d78540db0ca,Hgnlgkao,28,France
70dbcbf0-ee61-4972-9c17-08a6f955fad0,Mcvkmhvfmoqrj,33,South Africa
6913df6e-8733-402d-81c8-382e7023ee8b,Npmwmfujpqsb,44,Germany
f87c50ac-3e79-41da-8603-c5579b91e4af,Eeabjnjmhnegev,37,Germany
83a23e0f-46ca-4668-b5d7-25e95edcf7a7,Dzxafxbs,20,USA
059e9d22-a4f3-4330-8bc8-5c71d5934966,Vsbjgxap,56,Japan
4316c724-1ee8-49d4-be0c-1deaa2356e05,Lcl,54,South Africa
740dfe80-6961-4e6f-8c6f-07009746e075,Mpcptbiuvo,50,India
11bf5b9d-d69d-4738-9833-14ab48d1bdc6,Vzjvfftxex,27,USA
cc59c7f3-9c2d-4961-be78-0c9aeb7de482,Innuizlpcnauz,22,Japan
ea677ca7-6ce7-47b5-9164-8fb07bc0dcf8,Kiwrawkmulilfow,41,Nigeria
bb62acda-2b82-449c-8267-6a54f237c751,Pvjxqsduvt,38,Brazil
0837905c-a6cc-4b2c-ab35-bea19109cd42,Diqgmkg,23,Brazil
05ff70a2-a332-4dbd-9ee2-5fd5c5e4443b,Rrscfnktyz,26,Australia
ee5d3d9b-f054-4f45-a951-b6e19e65ab32,Ofwrqdvfmnsitb,32,Brazil
cbf8633d-6cc4-491a-90b6-4880a32b5831,Cautzn,37,Brazil
8fd488e4-6ec7-475a-97ef-a909317d958e,Oanswlvcqquzat,29,Japan
a0276f29-42c3-43b1-acb9-ae655dea3b8b,Jtfxpnlq,54,South Africa
5f83739e-2318-4408-9033-e71cf2c4f610,Twhqak,52,India
2649ff3a-ddb9-4141-8cc2-0a38e97453bc,Nqytiqsuwmdj,24,Germany
3cf773d9-a274-4590-bb45-7920e9512631,Tkhcpek,49,USA
9ad3f69b-002d-4042-b127-9469764eb374,Fhclujchto,40,South Africa
462133ab-c8bb-414f-a13c-97fb389a8fb1,Xjxwm,34,Germany
31446626-0d27-4a2c-ba9f-d6a7c3311c51,Uxkfukwso,49,USA
47e3d358-49d9-4bbd-9b97-ac9d156ac084,Gvidkfdc,37,USA
8b0715cc-8945-4d69-86f9-d87bb2d2efb6,Lfbwdf,59,France
476e5ba7-b4d3-440e-9ae4-cde0b7ac26e9,Gentkkygv,28,Canada
0905a7f5-850c-4561-bfec-5bfe3dd411d8,Nsxhjwfuepty,22,Japan
ccbaa094-22bd-42da-a763-e8a59ace6bcd,Zzshmuupz,38,Germany
0b0fbdc0-edf7-486e-bc0b-cb3817db35c3,Zcqxe,49,Canada
9c5a824c-7352-485a-ae49-4da9606eba73,Kcblryrwqmgvmt,36,France
b96687b2-7cf1-433c-ac4c-acb38d821682,Tmgahktfvorkw,22,Australia
fa1e643b-12ea-45c1-9afc-e6b234a69c54,Ghkngddcneq,33,France
d326bb9f-71c8-4bd0-b52d-b1d7f809e5f6,Eneuvizawtvj,57,Australia
da470cf7-01a7-4ad5-b906-b93487ecc7e9,Kmhfhktjrw,28,Nigeria
ea8de9bc-2106-44f6-98ad-010fa13b409c,Qysqcvqtgajxjk,57,Brazil
70ff8847-9bc4-49d9-8374-0348d5352438,Auyzgfqpjxrvyxo,51,Australia
6a2cc927-68f6-4676-9301-bff7046edebf,Rwilq,23,Japan
1d3d609a-551a-4ec5-bb82-972671c0bd0c,Zgm,36,Germany
002119f3-5999-4772-9859-7dd98a5d1e94,Wsmrgqmus,41,Japan
b320ec75-981b-4f80-a917-6ed82bed4b88,Ttesdoyxlgl,47,France
9c775647-7ed0-4bfb-ba20-23e441316abb,Idocjuliexh,19,India
058e8ad0-cfeb-478f-858f-d6f9726746d4,Cwibbrrmlyonght,24,Brazil
c8db51e5-cc21-494c-9bba-c69fad654b21,Galivnal,24,Japan
ca801b04-0dcf-452c-9edb-8d2c0b45b07f,Ipspvqkc,50,Canada
30c46d0c-e75f-4ecd-8833-f9a9aeb79ea7,Ubv,55,Canada
8e45ef72-40d7-45e9-baeb-fefde8140ee9,Wewb,27,South Africa
9afbac92-a9b5-48a4-ab31-8f0a2d54f3ce,Shauwwd,57,Germany
63a41b18-aef8-4823-9f56-14e621fb36ee,Eufaxt,38,Germany
84ce0483-5805-4823-b9a3-dc7e2aadf797,Qiwnuij,34,Canada
2b8efb50-b4c6-4649-82bc-c66a443de13f,Pglbfcefdogtlvf,53,Japan
8fe096af-a68e-46c3-afd0-a791eacf0f78,Xzhlobohngtzkal,25,Australia
4056575f-d570-419d-aed2-79e7c03531be,Vacrxfoipzh,44,France
cf4c48a1-9dbd-467c-b1cd-65e8302e676b,Qwfnyvkfw,24,France
0d23b570-2785-45ac-8c4a-350bc7cdab85,Aiblpephxzknplv,52,India
35543f76-a372-4f08-88f7-1f8eefa4ccb2,Ttzhdlfwo,20,Germany
eff9fbb8-b50b-435b-998d-334453e58d5a,Gobrclb,32,USA
0cad2735-a1e4-47d7-98b4-d758d72e5325,Bzw,40,South Africa
4abead0d-ac42-4942-93ef-ebb16cb9ae86,Djq,35,Nigeria
2ca7c011-a1a1-46ff-9324-b377d74821a0,Ebbtr,38,Nigeria
a36c028b-d435-4ced-b124-08e24efec8a6,Aawrlzjhhqxju,39,South Africa
663f2505-fdcc-46ce-98e4-17182e5f363d,Cuyknruvttxgvyr,60,Australia
1224fbe7-26f9-4162-9130-9be77b230335,Hml,27,Australia
ac725495-dc98-4211-93b9-f93f9df4bf45,Ctbardtlzmwvwe,50,France
cc27a293-916d-4617-9ea1-9d31b6b5cec8,Uiiuscxzpjv,38,South Africa
2d532f9f-a5c5-4ac6-8881-ab6bf90dcbdb,Gzildi,24,USA
f482314b-395f-46cb-a951-f4f073ff8988,Yqc,37,Canada
39f86033-e12a-49ed-b8d2-3d99f30a61e2,Wuqouaxix,60,Canada
aaec7154-a104-4ebd-9ec3-49e2e87e1824,Htdxmzk,47,Australia
cfe905d0-9485-406a-a924-ae61fc31b8e4,Thuvuqmqaglnk,36,Australia
af9c605a-9a45-48a6-9627-c3f5c0cddc4d,Rxkkhwdhcnxy,29,USA
463e8eef-ac3f-4727-b4c7-f7cd94040054,Usvxzrgpasgg,46,France
2fdf28af-7a9d-4c41-ac1b-a2441028561d,Guju,45,Germany
0bb37f69-8e91-4a7b-8fbc-dc7b233ccb74,Txtiiipofymsx,29,USA
60993553-f14b-4473-8c2e-adf1cd25dce6,Hdmgbspk,54,Brazil
50116e78-0918-43bf-bbc4-e476a9eb5844,Ghiqocqxng,21,India
5ed0a68f-e86c-40d2-a34d-ca63efc734c2,Fntvwe,60,Canada
9e2e578a-8c84-410e-8301-69a3708d94af,Gjgfaujr,33,France
2a3bf31e-efec-4a7c-a421-6a14f73e6dc5,Eiyqsfvigcbjpy,39,Japan
442d8ec5-5303-4998-a1af-6f8c628e016d,Tvzlyc,25,Australia
136550d4-448e-4c57-8b7f-4b5ff14fd58e,Ioipajbcrlfbx,49,France
9949f594-eb30-44d1-bed9-ec9968086960,Sxgowrqrrjqma,34,Germany
38987dac-d8b8-4c57-8073-d065dc8d0b13,Egrziy,35,South Africa
0e3ba75a-049e-4a07-8695-aa5c769f73c7,Hwhxerqs,28,Brazil
dbd418a4-6433-446f-ad16-a3ec63343019,Hlotjkn,43,Canada
e1808482-ac38-4186-98ba-7df5f0de2eca,Scwgmjogg,35,Nigeria
9902c539-38a4-4cc7-809a-5b7894421152,Liagjphfbdltnov,31,Brazil
d29cca25-f1a2-4896-8ea8-458f620551a3,Irowsiq,40,Canada
59ff990f-994c-4fd4-a3ee-41b2c1d987cf,Gepsxvvfegsl,52,Canada
42ea4ada-4391-440d-9e55-2f6c3d6069df,Xnehzaclovy,26,Canada
51c1dc75-4159-40b5-9641-b8adbeb16466,Glsafayl,20,Germany
4683b587-5776-427c-a8ca-5fd6905a57c2,Hglhfq,53,Nigeria
cc416717-cff5-4d45-b1e9-1014172728d0,Bai,41,India
4169478a-5654-45b3-927b-8bcccf6f8b67,Uvaniwpx,49,Germany
b885274b-b77a-4334-9b7f-8a5bd07c210b,Gnzfcbg,58,South Africa
e3b4ab31-60bb-4883-a676-399c5f94b591,Lxbbilaq,19,Germany
4a76baff-0173-470a-9ad6-90c787108c86,Dhccnmv,36,Germany
08755c4a-4157-41a8-b4c0-a26bea98321b,Onmuhyrlcyo,34,India
728e36e9-9e41-48de-9bf3-95d0a34d20ee,Xmmbuutymu,48,Germany
47273dcc-20dd-47de-803f-934da0a4c59a,Braldboqg,29,Germany
2dcbac35-1dbc-4b90-a0c9-cc32f4eef3ab,Mwuz,33,Australia
f3af1c42-e5b1-4e91-b79d-5e8fe9cc1a95,Nrvpzgx,23,Brazil
1b096f27-862f-475e-93ad-ee79d9e22e40,Cokesrdhusjawe,39,India
bc97ccfe-76b1-431c-adce-fbeb0624bd57,Mcqphmq,42,USA
c918fdf8-8f33-4f66-81af-26cc747a5a46,Eazqlkpnucjiqz,22,Japan
677b4834-f094-4ef2-b846-fc0977413605,Inknec,20,USA
bb1d0140-ba7c-45d1-a7ed-3f94c3cb116d,Vczyqrfswkub,26,Japan
63a62c25-9b3d-48f7-ae0e-651ff2592f6a,Gux,42,France
b749449c-d868-470a-99ae-844a2f93943e,Glrtnzpfxxgt,24,India
703d164a-f118-4f9e-b5c0-5442fcee5c94,Yyslauetksiu,41,Brazil
16cfccba-c19e-411a-85ea-34ec98083666,Dfmkyqpt,28,Australia
1cfc7f09-03a7-4671-8caa-610041a9bc5a,Qlgzbncm,59,South Africa
149184af-ead0-4d43-b14a-ccf5897124ca,Englgltrqjmbauh,34,USA
f894ff4d-3653-4929-aabf-d0effc074538,Fdcmzhjzvij,55,France
af9d403b-7f31-4dcd-badc-9a01f8eb1046,Xiwy,33,France
043b12bd-f49a-427b-9a34-bbd71f79f978,Efn,26,Australia
88f4e288-e4f5-4834-8ff9-97ff06e82390,Lvhoerhstg,59,Germany
b4dcd131-8307-4b1d-842a-7c061d595585,Pcxivqtnhqv,39,USA
eb646b1c-eefb-4aff-9a31-400ebd4a14dc,Kmde,28,Canada
0ec88853-dd9a-4767-9f99-4e347ed68171,Qougqblxrief,54,USA
999c3984-453d-4292-a919-3f1db6743453,Dkuvbnyz,34,South Africa
91c4fb84-eb2c-4cc0-887c-54b1d1ddef7f,Tawrvnu,29,Brazil
61c96aa4-338c-49cb-a389-6dd3ee620543,Hagarfsmrv,45,Brazil
9774eef7-3307-4647-b20b-f68130ad7932,Dyuzzldho,57,Japan
5b7c1b75-0b83-4460-9bfa-bf76eb80d759,Damrydhnldpza,46,Canada
9d083f6e-b40d-4e3d-b648-84eeacf2a101,Dnxvsddzaajwlra,55,India
aa3d9ce0-cd93-4c8e-aba7-4916433533f8,Acjyhh,32,Nigeria
69a3035a-769e-42a7-bd5d-7635902ad9eb,Wkvzgrtlhfgkhr,56,Nigeria
82eaf3e0-1876-41c0-bc2e-2bbd09645d0a,Oyuirwdiwpt,39,Germany
1bbf5205-3277-4d18-966e-df1071a7b053,Awr,47,Brazil
bc5af2b3-fe04-4b09-b218-3d52ed07abe9,Zkercsnojvy,32,South Africa
3cf3c478-04f7-481b-ad73-74b4c4edb80e,Sroohwhvy,23,France
31572934-96e1-4e0f-bd59-bfad319a4346,Dikwcczstmlnn,58,France
a3bec8fc-c684-429b-aa04-e26cffdb6330,Aqnrxdmfhxf,23,Germany
259b485f-d710-410a-8a87-f0797cac71c7,Jcneeyvcjcim,30,India
440861bb-77df-4b6a-b2f4-33886a45596c,Epertyf,52,Germany
6bc74fdc-74d9-40df-a617-47e28e7ec561,Gvaykmllbnjmjob,25,India
c16a2ebb-5f4e-4c91-99aa-40cd2ab78089,Syqfba,39,Germany
82fcb78c-f9e6-458e-a3a9-c03224736099,Mweylpfge,52,Brazil
b36a7d06-46ba-4cf8-bb34-1ae01d4037b6,Dpogfttcpgigvc,34,Germany
775ed790-b9fb-460d-87ca-17f520a17a71,Yiqtyjmscsqds,57,France
ab93cb6c-d519-417c-8513-e2e1fb644fbd,Cfdsdzaoxoa,50,Germany
122779de-9c09-466c-985a-bde8a1b2dacd,Cozaysbgkrrop,30,Nigeria
c28daa2c-3185-48bc-bb98-6e35d68e40bd,Axcdcxgdywn,58,Germany
03082bf6-5943-4486-ac8e-7f0e70e8bc7e,Hmbpxmaaucpo,54,Canada
b473e268-0649-4fa4-9551-819f3f12080a,Jnfmmdfgiaglu,44,France
4d806162-7913-401f-88f1-2a5819a98faa,Zqwzw,60,Japan
06278806-b0cd-474d-a6bc-ccffa5912fb9,Muisiffcuncs,53,India
6ba449de-5f97-43bc-a851-e6465d9c4a25,Lbtqkookrcyqu,33,Brazil
a8fdb07e-286e-40fe-8b16-5d73c4b786a2,Oitpdezh,31,USA
a13f7964-44d5-4b81-9f56-9099df0f70fb,Jfwhiqqcz,33,India
d1ad4419-34c7-4e91-9f13-c87c27c90cd4,Dtfxp,38,Japan
2cb3c1b8-45a6-4902-8d24-9371d46e6591,Nrv,26,Germany
b52c74fb-3109-453c-8d36-746f12ff270a,Pxpas,59,USA
44cb4d7c-045e-4633-bbe5-611bd631a766,Dqly,42,France
c0b14dbd-1659-4385-8676-f355ea4c0603,Gtvpaina,46,France
d59e9034-a894-4ffe-8230-0a015b0c710b,Yqcctnhmqwco,41,Brazil
86754f9d-e75e-4484-95a5-4def71692676,Hxrr,46,Brazil
f3d63b8d-1216-4439-8fdb-9d73dfecc506,Fxrotd,37,India
78ce942b-0470-4283-abce-c677b2eb5c82,Zxcmh,38,Germany
0022cbc0-cd27-409c-8f00-00bb087c8692,Ypmcxpx,18,South Africa
528f5715-b058-49b2-88df-f4dfd84371c0,Oqdnwxpslnhd,50,Germany
cddd8d3d-8eeb-427e-b4c2-63e2354fb975,Duonxejzfq,24,Nigeria
26235894-c559-42a9-9f14-efb3a21cbf87,Bdnunorospihdjr,32,France
7bf8cdc3-3833-4555-b115-cbd3b8f18aa9,Ppicfh,56,India
01d6e96c-564d-4018-a5d8-cbb67344b4d2,Bjkbgprees,27,Germany
03d9f0c4-832d-498c-881b-7ce63640da0a,Nxs,29,Japan
57d432be-a52e-4d05-b14f-282abeff7794,Olvyudezmrofo,51,Nigeria
a781e8b8-9def-4712-a178-2afffa34a950,Fvyiwvd,59,India
06d088ce-4349-412e-a348-cf856045ce52,Vnwrigyrrapkaox,40,Nigeria
43a9ca57-6c3e-46eb-97b3-7ec21764de6c,Btrwgzghblznr,57,Brazil
12b1ff1e-5b89-4c34-91d8-f4dd5348ae3b,Xtfxwerfdqa,40,USA
6405d785-65ef-4d7a-934a-b330abaf1faf,Yffgqq,22,Brazil
2e7e6588-25d8-4db0-bcae-3680bd366ac9,Azyvihji,59,France
ca627591-51f4-4a03-ad8d-383a0b934bab,Hmuwo,48,USA
1583fafe-528e-4bef-bf9b-d2173fff0370,Fsd,50,USA
e3a82b65-951b-4613-bf2e-d7281e7a049e,Kficequledgh,34,Australia
200177e3-10e7-4fa8-ac5b-c3bc5ba0c235,Fdqaog,53,Australia
b50ab170-25fc-4dd1-9868-7babf1301177,Ijeqatehqjvtkw,48,Japan
4b3e04fa-25ad-467d-8091-9b42c35ab032,Rpakxbx,20,Australia
e39fee4b-f276-43f7-8487-c87e06eee3b3,Zxz,38,Canada
6f73f2e0-5cd9-4660-86d5-cf387e7a9b69,Pmer,37,South Africa
b56cfdf4-3312-40c6-af8c-ec3e772504f1,Cddjkoruercmhqx,22,Japan
b0328242-5f39-4c7b-9681-97d4e3ccbcbf,Tfddhdzxrnusulm,42,Nigeria
90fc3968-17f2-45cc-87de-183af310d294,Bvv,27,USA
87cc6b6a-bbe7-4b27-947e-516dcaa1fa0a,Smrwq,31,Australia
609c273e-ea59-464a-a180-722a043a1db3,Csofpdsdqevyepg,52,Canada
6a8a3dcc-a8c8-4b83-a9d3-f6931f857c36,Maiw,25,USA
aff42dcd-47ef-4ef0-b81e-564a754715ef,Rkzr,32,Germany
d2aaafff-8015-4c15-b508-2bec2b2fce31,Myytsypesahp,37,Japan
9494d744-151e-450c-a891-8a473c41626f,Gkcstj,57,Nigeria
ebe1dfba-12a6-48c1-8c3c-bb4f6497acce,Pnef,38,South Africa
cf89f568-c5af-4cce-b4f6-7a18882899fd,Xfbfytcrzpchmu,37,Canada
d48cbccb-e200-4aaf-bbef-a424d0c4984b,Slgn,37,Canada
0d9838da-5364-450c-aad7-42e3cff76efa,Npaywtnsen,31,South Africa
458d99ae-fb4e-4aaa-8a5a-5826f0cb1437,Xiaquc,18,Germany
5b951d13-b6b3-438b-a8c2-73f2bcf5f1f3,Uwypcpow,32,India
2d1066c9-7a03-4ce7-8290-e5713a748eef,Zupxxjyyc,32,Brazil
e6469eb6-afb2-4b7e-a9b8-0d0b62b2f1bb,Sbotxexkdzy,34,Germany
e3cf497f-08f3-40ad-9811-a88937fba4bb,Nkam,38,France
170a078b-0b18-4e2b-ac64-368fdebbb4b3,Kxgrwatddayl,20,Germany
d95976b1-b9ce-45ee-b126-f9fba6058174,Qyi,55,Brazil
60822da2-47a0-4e3e-9518-56864b75763a,Iozk,35,Canada
409b9ab3-0c97-48c5-bceb-bdb294975e59,Lnyb,20,Brazil
4364d1a6-f7e2-4093-bb32-2ae6846f0101,Vzhrzvgoitf,51,Japan
6ec1ebe0-3d09-4ac2-aaa6-c5616c0b339a,Acskgdtt,28,Brazil
a454ad45-931d-4c6e-a01f-852d3dc9de00,Pdk,59,France
7b6c874f-fff6-4622-8004-e77d19857ffe,Riqhhjzqbmpa,60,South Africa
eb5fd204-ac93-45fa-8120-bbec2ddd4c24,Ftralufnhbvs,22,France
f2001956-616f-4a63-95f4-f49127c09589,Ihmfjmofmrcqb,51,Canada
91dee8bc-e708-49ff-b1ea-789fec9f7355,Ccnynrjeb,29,Nigeria
0a7fabdb-9661-4661-8928-8109338422cd,Xiwirwcp,26,India
97fa1b95-972d-49fa-bf89-6507ceff7cd8,Rhzhfmiqkmd,56,Japan
7cd2ee24-66d6-4d65-b0d1-22f084b916da,Fjt,26,Germany
aa5c3024-338f-41bc-a6b8-3436b98ab067,Epbixpekhqa,49,Japan
dcbc9d23-de7f-4efb-8808-c69b564dda1c,Qvylgnrmnwjqhb,59,Germany
003c30d3-2884-400a-b971-a0683185df85,Caokiu,57,Japan
9c3219d9-2471-45ef-9f5f-0ff63ca09b36,Rhqcwxvdugbjxyz,58,Nigeria
f6737a68-29f2-4e66-bad2-aa9d72a9ee13,Haqgifs,34,Brazil
34317a6e-fd2e-4e06-a288-b8cfe919a2e1,Aqyyqeztoef,30,Japan
573cc3c8-aee6-48fd-8e76-d1bc10940604,Qkugaiqzfvwd,48,France
64a851ca-4f2d-4286-aeb7-704af1a12a23,Vasisuz,52,Brazil
9bd4bbcc-f11c-43c8-a4ab-fb533572032b,Seudjv,34,Japan
9f3ea16e-b8d8-4e18-8074-9a62f371011f,Wtfhsckpudazo,35,Australia
ff22d163-3700-4fc7-8990-ed1d578163d7,Jxzrroporth,46,South Africa
2784f9bb-e47d-4f8d-bb84-ae04b37373a4,Bqdaxqjkv,34,France
15379879-0cb3-4c00-82e5-0eb1849eb782,Xxj,23,France
22826391-84a0-4b91-9a75-eb9a334b0253,Pyvawqt,22,South Africa
048212d4-0c2b-42ef-af23-af9b013e3b6b,Ilyvxomkwhvnbu,31,Australia
9bdc30a7-b5c6-4e4b-a617-a02789e23346,Kjtwgdzvcwv,39,Canada
7dca87f9-7b13-43e8-83d4-755c89bb98cf,Dffqwgf,44,Germany
67c1c1d4-2205-4e08-a038-11c98632290d,Eavednwsc,22,Japan
3a5726da-4bab-4533-b68e-8c52d1ad0265,Dlb,27,USA
f1832d3b-9a2c-4e58-84e5-21afd2bb3f63,Jjoq,21,USA
b544bb08-894f-400b-9bd9-fb0f18f0500e,Pwqbk,47,Germany
1c8704ea-35a7-4810-bc86-ca051270bda7,Oljzogvmxf,35,France
c23081a3-744a-44d4-9956-f3d497948f1c,Fqaykop,20,Germany
6baddb51-56ec-4ba1-b9bf-4394fb35ec9d,Dlcdralhem,56,USA
d828ddab-e229-4430-b81f-1dda4cb32ac9,Ubxoqv,27,Japan
c14ccc07-93eb-4ce0-a3cc-9b712a1d19ea,Hjjynmeyuvrh,54,India
e0680912-b655-4ec5-b11f-735a9e2f28bb,Usmofxwe,45,Japan
8c038658-169e-421d-b47a-6275c4f93128,Zwl,21,USA
e78ca1ae-31f2-48e5-88bc-e3ede22c7e02,Uojqvaeqsksufp,50,Japan
a3399a15-7be0-411a-86be-775f69bdda69,Dap,60,India
f0cb113e-30fd-48a3-a025-d368ff3b77e8,Hfdd,31,Australia
0e6f7540-9971-4622-ac58-163f18103c0a,Ejzlzgngfkk,24,India
aa338998-4f0b-47d4-9397-2cb99935b369,Gutcmwkitoneyp,53,Germany
aeac1e69-db9d-468a-bbc3-dab479c79800,Jvpb,53,Nigeria
b199a073-01ec-46ee-9302-7aa1469be2b7,Tfbhbbdqnsvaevb,26,Nigeria
add4b6a6-775e-40a4-9e27-a62e9d2591c8,Txqhqazjqgs,35,Canada
5d9c8746-14ae-44b6-b14d-ea28c36419a9,Egmmmovmclfiskj,30,Nigeria
1f4e67c6-3e5d-45bd-bf1e-b63ab46a7d5b,Crdgsjjeumt,47,Japan
e23f978f-c8dc-430b-9dff-031faff8291d,Jfh,32,USA
e761345b-e25d-472c-ab0b-b34413518642,Fbgqdlgxknggvf,56,South Africa
ef2fb415-acbe-4efc-b1ab-6077b9667301,Bjgmaoxbgezeyk,24,Brazil
c9e90f05-11a3-446d-b071-939dd5fa9ffd,Lelgfzws,19,Brazil
6e1ab354-1c7d-4413-aab8-4c8ce3eed4cd,Bksrknqkkim,40,France
9102bbcf-a088-4279-bc5f-8cb731d2bae9,Jtjksjfznfyzxjj,51,South Africa
f7720670-88bd-4a77-a29a-ea7803739333,Zagpjnhyi,48,Nigeria
a6f09506-3e2b-4298-8945-f66a9cbc06ef,Fzsfxtzvtuswnk,46,Australia
54aa49e8-0eb1-4eac-83ff-dc3358fa9ca0,Cwcausqr,27,Germany
99caefee-f573-44ad-9ea0-e58261758f25,Skaourlkvabuflc,28,USA
9c3a28db-a214-4ba0-91d3-014e88dae3ae,Ynvotipnljjt,28,South Africa
d823ff8a-4ab0-4b72-8808-d2730817c11f,Qhxdrfmpovaz,28,Canada
1c6e19b3-e3b8-4d8c-a9fa-63f3da09e0f5,Zft,20,South Africa
d8ce55bc-70e7-4d98-af09-36b0f0caf397,Zruffzybtht,43,Canada
50dc56fe-079a-4354-97fa-f01fe3ee6143,Vozjs,38,Japan
779dff28-c3e4-4d42-a8f2-f302d281801e,Heovbzuqepb,19,Japan
2c1ee0d3-2806-446c-a05c-4157f17047a0,Xfhxxiufplsymsu,22,Germany
bc6775ad-b979-4203-bdf7-a855f1b66e37,Ahvpueaiygr,56,South Africa
68c7f37d-8ea6-47f3-8534-6342bce462e8,Pnvau,31,France
ab534f1c-b744-4b23-9cf3-907b5631f203,Syk,47,South Africa
100f0ed4-f10c-423e-84de-de4737478b93,Xlrztikldt,44,Brazil
106955b1-9f5f-4eed-83db-0a04327ce1dd,Gbr,41,Australia
7e91f42a-1bbd-4404-a149-b65e667d66d9,Ilqnabesmxddzvz,20,Brazil
5ebbe668-c57a-4e6f-b3c2-614469281aab,Fngsouf,44,Japan
b2ed99be-50ea-4fcd-af99-043e6e8dbdf5,Arxzmqdudjwf,43,Germany
a7ef939b-cfd9-4f1b-b902-ffe66794cd76,Vzjwxtmofvabi,31,Nigeria
93a2a42a-55fe-4735-81db-41fb0fffacfb,Olcd,18,France
145b1373-4002-44fb-b152-4de03e418649,Avizp,54,India
bb885ef4-73c7-4460-b873-c3b0f8a3f847,Ddycnfmolltjhy,30,France
5ef7e783-69e5-45fa-bead-653685613c39,Cfzgcbnxyheqx,32,Germany
4e6c3a97-3e53-4fa7-b7ce-a830769c8bee,Ldpezxngomxjbbo,25,India
1d0d7ad6-125b-44e2-831a-d1574618da28,Jhcnxnfll,37,Nigeria
7f913133-f675-401e-bbfe-5e57fadb9d01,Xyipfcggbzt,45,Canada
978d3618-867e-4c92-803e-0b4c374b6e9d,Pkuncf,49,Japan
3bebf681-a16b-4a2d-a4ac-f36c85549ff6,Xmlvetiglvism,32,Japan
7ce5498d-8280-4c64-9cdf-ec142d348cef,Pszhcohlmlna,36,France
53bfa6ce-3b79-41de-b557-575a48af2fc1,Eaynwj,40,Australia
808b5766-0da7-492d-a01e-665f076a072a,Dcudgcueh,59,Germany
1fbd14b8-bc3f-41e3-9a8d-79b4fe8ad2fd,Brju,45,Canada
a602de32-4a65-461a-8bc9-1a6c1648667e,Uuaamf,39,Nigeria
c9232272-6cc3-4484-948b-8ee6c0ae895a,Xkon,31,South Africa
bb931f78-ad3d-405e-bb82-31f036678b85,Qlwofxyvqlwhyl,27,Brazil
f52984a9-955e-4fd1-996e-7277dd215d64,Pfuveqewzhll,37,South Africa
6eff0c01-cea5-48f1-a24b-821c430028e2,Rug,40,India
f6340afd-9cae-4282-b8ec-af322b3be2b3,Nmndooiedxhqw,32,South Africa
d1305d71-f25c-4a0c-81f6-7f9eec4f90b0,Bjquslkma,35,South Africa
5541f008-9126-41a8-b462-e61a4f0ccb6b,Hdmuqrqzzhhi,30,France
69b94491-70a5-4b57-ba20-b22d1e416b89,Ylgyhqwxuy,40,Australia
5631f130-3887-46a9-acd4-0fb2c125314c,Kukljalkwijy,53,South Africa
44ce2219-2c6e-460d-87e4-69e664a3fdfe,Devllfsbgikwdhb,23,Australia
e5644d6c-9b55-461d-a1d2-a2bf1eec593a,Jzfblieig,48,Brazil
f21a0015-4419-4736-b2d9-50f036f7ab66,Ryazdjhbdglyi,27,Germany
172fd213-80d5-4933-82b4-f58d82cdf3b1,Xamufzz,19,France
8e551e67-20b6-4df1-87d7-876f7220f156,Hudaiiiqf,51,France
12e6c15e-1fcd-4698-80f1-09e89a22097e,Vfredxahndoyaiu,20,India
e595724b-b8db-41d3-a09c-d80f7a6d290e,Vgcqpmbpin,26,South Africa
85aab167-f9cb-4e96-b9c3-58da6fb63081,Arb,54,South Africa
3ced4f61-99b8-4ed7-b5ba-723913b61052,Hwjoxsxbdqceg,28,Japan
135d8f0e-b9b1-4d68-b7f8-0ef71c073a4b,Ltlqyexznxozvwk,22,Australia
b4e4cff5-db32-4e37-af54-2e978d1f7df6,Sdgballvgyqcw,42,USA
821b85aa-2247-4d1a-acba-0337d5ca97e6,Gkfauczxulhybb,28,South Africa
eb8f0c23-1846-4edc-b533-943b88a7609e,Qkmjz,41,South Africa
0136434c-009c-4094-8f82-2c28643c37ae,Qajrfjhav,60,France
8c17e20c-8bf3-48f8-9fa7-c2a542f03d0e,Ispwbopbgorh,60,Japan
abd185ec-f349-48b0-9a4d-ab7fe95dacde,Ubbaig,40,Germany
267ed8b5-dbca-4dab-827f-6416458df9b1,Npwhlugeotl,31,Brazil
a13469a0-fd02-4740-b951-76957856ef54,Gdkbviyi,30,Australia
7908d710-4208-4f86-a3cf-0b2c2b60f17a,Djdcyyc,33,South Africa
6669127e-929a-4667-8c1e-18c4b4070c80,Bbcopqmwpohjux,32,USA
5d544d15-47ba-4d16-9898-d759b8f94234,Yhmp,53,Brazil
2dedaf57-8d60-46e8-bf71-0b4d49efa3c5,Gdkm,41,Germany
8077903a-6108-4e0a-8bd6-2f38622e30ab,Xspkxhhhqebqqtb,20,Brazil
e4ad8f2e-3073-4417-9b63-0f2cf50d0274,Atel,58,India
b93b3ea9-35b5-4161-8d88-24b361a4c22a,Bioegnd,58,Brazil
4b088747-2b9d-4b07-8d26-ff7437acb1c5,Qqxxscxb,26,South Africa
c19121fe-64a3-4187-8395-8267a1bb7efd,Xzozfc,42,USA
9f27e1e2-3378-4169-82b2-a1b9c484e8c2,Qurzwcosyitu,49,Germany
dc4d65fe-a93c-4dc8-8367-e9e795f4db67,Iolfdrsuga,26,South Africa
f2883028-187a-40e6-9893-d5071b9dd39b,Wqnwkocr,25,Japan
e0806550-1c5f-42ab-8153-fb74923ff442,Rdcoynwptbewxk,25,Japan
47896389-3889-4186-b695-15b676d87442,Zit,19,Germany
c43fea78-4f97-4fe8-9ff5-4a87461f0941,Jtklk,60,Brazil
bea6e717-e085-47fa-be16-8864324651e1,Rwhswscyotnv,34,India
b52662ea-205e-41e0-979c-110f9515bacc,Lqdwc,54,USA
26733dd7-86f0-48cb-8f57-3b82bb20b001,Zijvctik,35,Canada
f9d8eb96-ff6d-4e8e-8df1-73fbe49fd44e,Mmuij,22,Canada
a5fda71b-8a55-446a-9b72-1e89d428326a,Tcaavm,19,Germany
e670a7a8-3a63-4c12-b35b-804faab1356d,Gybzidpnfdq,44,France
67a9e406-35c0-4b5c-b8e4-1e2c63126b38,Dlpkvilstnqd,20,Japan
de775f23-5c76-4cf9-b493-767cf373a955,Yfbwqepbotq,24,South Africa
c65bed7b-7f69-458d-9815-b77f35a4031b,Ajbddxvmz,18,Nigeria
34cff095-1825-4a03-9384-7fc9ba7b5123,Pcetuf,41,Canada
9ea9f8eb-6038-41eb-bdf5-bd39c332d30a,Tbjgf,29,Germany
2a7b28b8-0adf-4b5d-9731-9177b3395c8d,Nzf,19,France
bf9127af-26b8-40ee-a177-6faa187cbc16,Yizcly,50,Australia
b1763beb-4b7d-455a-bbcf-21e2faad86f8,Ggwna,45,USA
b3e768da-a10d-4d95-828d-441c62a61529,Yygslnxlmcu,31,Japan
516f3949-ed32-4e64-875a-6b18577c04ae,Lfrjabuep,36,Canada
d5ffba4d-c8af-48c5-b2f4-edd5870c80f7,Orqu,33,South Africa
34793f2c-8592-4c36-8dd2-a513d82cbcfa,Qbnfimhvfwfphm,37,France
f7210583-46b9-475a-ba55-aa4e3f95bfe3,Flocnz,57,Germany
0ef2d35f-bc49-4c4a-96c7-516cbd61c51c,Rhvfzssvjisoma,41,South Africa
5b70858b-7c14-45cd-a8ba-b2921d6749e5,Buluzcyfqo,32,Australia
fa01ad17-2830-4113-a9d6-976cee034543,Iunqvisecqxgyb,28,South Africa
0e03da25-efb9-4ffc-8983-81bda2037b73,Mmioima,48,Germany
3959494c-e3d2-4403-84d8-cef6309a5feb,Wpigskdf,25,Japan
ad85d47a-4665-4336-9d94-ae9c16c588f3,Ahzzeaipjev,43,USA
5736f5c8-568b-47cc-8d2e-4f1ba24c7a82,Afwyfkswxegh,24,Germany
ed11fdf7-0c4b-454d-9044-0c8e225cf85a,Yntnltjwjy,48,India
c8b0cd52-1031-4ce8-a193-37ffcfffc957,Cddqzg,26,Germany
6c0addeb-83ca-436a-9e4d-0a1b47adfe88,Nnbpee,57,Germany
5f35d443-50a2-40c2-ae32-66a57c48ecb3,Anijhtlzzcqnn,45,Australia
279007db-9a40-4421-b62c-bfd3875aabd0,Upihzayshla,48,Japan
9ce3bc85-fe93-470e-b785-d8341a7a83b6,Jwkshxgc,46,India
c4aab8a8-2b6a-4d72-beae-07e44cb559ac,Aqrlhc,57,USA
896cda9a-b4d7-4d03-92ea-ffc2a656c787,Eghxvvmrravsqib,44,Germany
00fe3ebc-f936-4072-be85-f41ca808bee4,Dtdwwwzsvf,56,India
28b8e304-7d85-4d03-a4e1-04961527dcd5,Zsqesjlr,41,Brazil
f7d91e05-8e40-4dde-aac7-67e7b0c00e9e,Ceehv,27,France
8a6cce4a-a19a-456e-a085-2a2b6ffa37c8,Hunffijtehpf,19,Brazil
d96dbb7f-d065-4682-969a-dec03b665802,Jgtgjgcgwogo,59,Canada
e6b841e1-ddd9-43f0-a2ff-185b14dca59d,Xno,50,Germany
89aa4dce-ac3f-4aa7-8257-bb364b7030c2,Sjbbzytrwa,54,USA
054fdb25-b986-4dfd-abfe-18942361c7f3,Wnprjq,18,Canada
04922a61-1171-429c-be30-cded532e8b15,Dgfbmchza,47,Nigeria
b8817264-d0c8-4358-aea7-2f209b7db2a6,Lht,56,Australia
9d044723-3f60-44bc-8b71-048664f32272,Zmhwoirumu,58,South Africa
c020b408-b1d1-490a-a56e-10dcccfc149b,Qss,34,Brazil
c3a648b3-2564-4eef-aa6f-52dbcad60580,Kdl,59,Canada
7ce9df36-6f1b-4dc4-85c4-add2a32b824b,Yprjqvduuuq,23,India
1d336f84-a700-4db6-9207-5f14470ba087,Hmt,19,Canada
e5eecc38-255e-4054-baf9-eb202944e1bb,Mouhajqup,46,Australia
1d155e7b-cd72-4743-ada6-ddcf1d276a10,Tcg,40,Japan
267665dd-d0eb-4085-ad1a-4e1b45a774b8,Runmyxcsbo,27,Japan
7fdb2f7e-44a2-4c56-88d2-18796ef51748,Ycjvl,20,Australia
400606cd-474b-4bd6-a345-08f304d52269,Jymsrlrlzobubh,31,Nigeria
f8cc7f32-7b9b-4745-a712-3caa0ef99f0b,Sgiporx,54,Germany
0aa2a838-5742-4111-8632-5ec26a7e1321,Zbgjafodq,49,Germany
3088fe80-4d0d-49a2-a782-b4e5f3330855,Gffn,20,Japan
17ef7967-2c9c-4b1c-b415-3bfc6fbe1b19,Fninbxyrzslo,52,India
305af0e1-1615-41d4-827f-6233be80ab78,Kaxdfuwqhyqxthn,28,France
7a9964a5-344c-4c8b-9925-fc475ed6ecde,Bgta,33,Australia
4db72327-5a9f-41c2-b358-72f2bcb0b3bc,Luhelu,49,Nigeria
a820220e-771b-4ed4-9f88-2a1a2f0e5c8d,Nxag,57,Brazil
33e80de1-5d27-4524-8e02-1e9c9f219c70,Idekzpjsld,53,South Africa
766029f6-1b89-4359-bcb1-6083f66173f6,Lnpsjr,29,Japan
395d1669-7ce6-43a6-bdb8-e763cf2be7da,Ghxakjxpl,39,Brazil
d39e317c-681f-463a-b420-62d4d081dfbe,Iplzy,34,Nigeria
1f4ceda9-8f73-4266-be47-611b93c537e2,Weikb,57,Germany
31543032-5876-4936-8385-5d36a0506b8b,Aykmicxuug,59,Nigeria
a7c32050-27cf-42ee-b103-6a1d3b71c29a,Ykuyeybcvj,25,India
faafab53-c25a-4c76-ad89-c0c01c552a5b,Bvwjzffxzgkbu,35,Nigeria
7073f108-d4bd-447c-8519-6e264d7072e9,Euhzcid,36,Brazil
232d33ae-bef6-4c95-acfc-b2b946bb9c94,Dtqhgqftz,30,France
3d232049-9fb5-4dbb-9fff-fa52c1d39d38,Xgtkz,59,France
e59be27c-898a-4d2d-8d2c-f81894ec98da,Jczsslyb,58,France
387e388d-93bc-4acf-9c63-45418bccd8f1,Lmyxrujgjmh,20,USA
5f6e67ad-ddb4-4e67-a3a3-67dc613fc0b1,Huqqvbuyhgtl,33,France
9bd4b8ae-274b-4639-94d2-9fc0beb4661c,Bvd,50,India
18868e61-a64f-4d6b-8636-ac15ac8b4502,Eeudsbpu,36,Brazil
f72e33ca-c2b0-4f8a-b015-05bcee1bcb16,Vqxyixohzcsiya,50,Canada
08d84491-1bf4-4d9e-a1f7-e2147966d5d6,Saxovsno,34,Canada
c0ed3ebc-8e64-41ee-a7b1-53934a59950a,Qdeznyowtjq,47,Australia
4139671d-ce32-49e7-bd7b-bd0f45c0781c,Jahv,29,Australia
0f79bb5b-5506-435c-899b-2608910f409d,Tekrfcwpdymero,31,Japan
c69febc0-538a-43c3-b8f4-362c82bb6903,Uxstgka,59,USA
46c9799b-9002-495a-9f64-41ccab04f00d,Ygm,22,Nigeria
49513d1c-e126-44c0-9cc3-30041ae02c89,Razbwavk,55,Nigeria
dfe23db8-e485-46b8-93f7-71b91ea7eba4,Kctdtstuilvpf,30,Brazil
3f4b5b5d-7530-451c-aeb3-9c5dab1c6e42,Wgiorzmbyxho,23,Japan
3bd2a219-240c-4af1-8210-fcac3339bcc6,Mzpxht,18,Canada
bfca34b7-91a9-4a3c-992d-31723a4d459b,Vagljl,40,Brazil
c4b34979-c89e-4427-962e-74397c1cb955,Tri,48,Canada
7b5ba60d-a4dc-454e-9b4d-ad523836480e,Zyddyemdndvadul,47,USA
eb437b11-ffdb-4a53-ac9f-f9d7b2d97076,Adgbzqcw,47,USA
ab744feb-0684-4536-be09-1a15dc918729,Zjwenkwlueeq,59,Canada
05d42ca9-10e7-4bd5-9cc0-a5e63b58f67f,Fonvivvejs,24,Brazil
0fb9f865-078c-4129-af6d-ff90962fef94,Agbbsnzcirfu,18,Australia
1db5d28c-23c3-48c9-9e1c-a06249b1c547,Kpipmsfbz,52,USA
40c489d4-d7cc-41ec-b498-82c48c98a83e,Cibbkfjrotk,38,Germany
4819f3c0-e410-4772-a48f-9b28a1f57e12,Maiopsqtna,38,Brazil
739bcc1e-7bca-4dc1-a3ce-3ecde8e60f08,Xpi,29,France
5a9c2761-9698-4ce5-9329-e7742a531906,Erc,48,USA
14ea652e-a997-4894-a9dd-00d4b7faa28c,Poyfhmwolqd,39,South Africa
7c49e2e6-e4ce-4b5d-bbd6-1a5691085fcf,Sigsjws,51,India
401dcec1-609d-41e9-a669-2e23222021e0,Lykwlebyoqkm,30,South Africa
180c06ba-4953-456c-a4e2-aa15ff65db19,Cwhrktcuhwxigk,38,France
7bed7e4e-439e-4f19-b7a3-659415bc2a7f,Fnatddvd,43,India
cb584e69-1457-483e-b429-c070a6e17a42,Donjfqpnrlmpvm,32,Canada
822633da-3853-4788-b838-2f8ac7aa9a8f,Jtl,22,Japan
863d1258-0eaa-4838-91ac-e1b28a9fd9dc,Toothtrjnifn,30,France
7f97d892-9f73-4601-a19c-d46c5d149af3,Rmbhlrdcpudyuw,31,USA
304a8979-d3c7-4d24-bbc7-103dcc7300a8,Evwchweaxicizw,46,Australia
a63a26d5-f0d9-4aeb-b201-0a9d61c2f996,Xwebum,19,Brazil
07b26663-a121-4f04-8477-f9ed1a9ad840,Ydcwrmgwblmsv,38,Brazil
d215d0d8-4ae1-43f1-9971-8e2ca085c72d,Xxzfiu,53,France
4688f18e-8b01-4c75-a592-13a193c0643a,Fcvzmfrbkue,60,France
bd326090-0697-4766-9c6f-50e548a33d6e,Dcdgzvpa,55,Nigeria
7e2a0bd3-3ba9-4469-a1a2-ff42caf96fbb,Fae,29,USA
326c8e50-8040-4654-a7f9-51e4eed466cb,Jowcjbxqauspwsx,58,South Africa
ec39ef56-1fc8-4ed7-8bdc-0a5ab81efb0c,Urvk,21,Nigeria
694edd5b-f4d4-4ea8-ae0d-ecd2f9f3f094,Efhccx,33,Canada
8c56c3c7-37e9-4135-a046-32f0e7ae2ec4,Cbpypprd,55,South Africa
5977bd50-4bfa-49dd-8f87-feeac887331f,Rhpfxyw,22,South Africa
110934ca-0e04-422a-a8ce-3cf99d686a98,Kekdtqzkmu,23,France
3994afbb-6b50-4ac0-9e7d-55786cda6ffb,Metyrczleqrrem,36,Nigeria
3af4cc27-e5f6-4038-8cfe-1be29fdce14c,Lozokucirhb,58,India
175b9435-6e1b-4219-a1bb-5d46f850acef,Kdaiernjxztrdb,40,Japan
6fd2efc2-515d-4619-90cb-b6f8ed6aee88,Frkfrnletamacwb,26,Canada
da0b288d-cb03-4d9a-bd1c-1b24a5aed26f,Ovdgshcnlubtd,37,Canada
8f2d1d88-85c1-4682-a388-003e1288e748,Bugspetq,57,South Africa
a1c6fd1a-652c-4f18-88b5-355d7cf92d08,Brej,60,Germany
5a55d33c-e868-4823-af8e-dde0c440eeed,Deb,27,Japan
b2e4d220-1607-4ab3-a74c-ecbfea32ac03,Hnepxoyedsoxsgs,19,South Africa
4c2b2167-cf55-4c16-96c2-6d8e9670fee2,Xnsinuhypa,54,Canada
1f41f848-656b-4ae8-bf9d-bb86ef373ce9,Gysinelr,30,USA
62b29ccc-805d-4380-a290-783d9e7501d0,Teqptiopr,46,Canada
83bccc9d-944f-4093-877d-10c406e8abb8,Qzmeljxymzgbjne,35,India
4f5555fe-bc25-445e-80c8-97b4de964aad,Xmkqipq,32,Germany
1d1a7d58-4c2f-4a57-81a0-9554f837bc9f,Dizo,48,Brazil
8ce6e7d7-6a9c-4c8b-bece-a0c3b08c656a,Kdhepsubdfjv,32,Nigeria
18bf94d5-a0ca-4765-adc4-3ff1c431e67d,Uizykzh,60,Australia
fb084317-2d2f-4e14-b8af-9e459fc6859e,Ymjjfpfmprrcu,26,Australia
c93a441d-259a-427b-a295-74febed4c2b4,Vtxjjrxwinvqrxe,36,Canada
fce3a6e4-6329-4957-8e79-9b211195acd1,Enoeudyze,48,France
030274a0-1c04-4de4-a102-48df1441e057,Ybxqvvopb,36,USA
88118dc0-50c7-45f5-8b6d-84672c0f764b,Vooqjis,56,Canada
8b5b2bfa-2a95-4fc7-bd23-2ab1c18962eb,Mceyaai,31,India
2be6c024-96e7-40e1-b9c4-5d3ca5376424,Qquukvi,24,South Africa
46ea8b35-8538-4448-b72a-22151c485dfb,Imuiumt,19,Germany
27e27f0f-f832-47ed-a655-0b83cceab854,Sdg,30,USA
f4e37a3e-9f56-44e4-9a26-7d120865551b,Kqhnx,40,Canada
71f44b1c-fceb-4dbb-84ce-9e228d9b286e,Tkwzyl,21,Japan
f6a09dfd-ba15-47f9-aa9b-bc99457b801b,Tjmeo,56,France
f79c1d77-6613-4fd7-9759-e7de14cb12c1,Yciugaasba,38,Australia
b4571b78-616e-4b3d-9f3a-4707e1b00c9d,Qylfrnzzssrf,31,USA
f7e73a2e-57eb-4c6a-8baf-4645f76d2172,Ylyssngujl,23,Nigeria
a47208c8-fac4-440f-a070-58f71a391ff5,Cgzfixztrolxj,45,India
2018f560-65e1-4266-85fc-b4f6b6118d67,Ogosmbroamsgh,18,Canada
5eb80bd4-8ccd-48c8-9e84-df93492d7fb4,Czvfjvsqtzcpvk,33,France
a4c6c468-36f7-4f27-a6d0-c5305bdb463d,Uwbwuknh,35,Canada
0211df76-95a8-47eb-9a2c-de803f2a2c2d,Qfrdhsyjmgyiu,26,Australia
63d87ae4-7f08-43cd-b210-034b33a7b56c,Rbd,38,Japan
9a4f5512-8130-4242-98e3-d49fd4a0e97c,Uzneh,58,South Africa
6a725780-725f-4536-aef7-b4c3f63829c4,Dznqvusbxkjq,24,Brazil
f3012656-114b-4363-9c74-918f9e183b73,Rqk,37,Brazil
acef3fd1-87a6-42ea-8442-68cd0228496b,Bjz,29,Canada
b0b4d61b-592f-43da-a685-5d53893f13a2,Lraernzwcuxxkzu,46,India
0841d502-d921-406b-9783-894b591fb3ac,Zprqlluiuyqcid,44,France
60dd87cc-c77f-49ff-866b-007275b786d9,Dqfplbcyokwdd,56,Brazil
6e47c4e2-c6e6-4e40-8720-7215ee9153b1,Cfaydgictbjhsjq,53,USA
f1bc7adc-1d5e-4e43-86e1-f79d2c62102f,Bcjp,49,Japan
bc059e0e-5e7b-4a2f-9f8a-aa014a284c20,Swahghyxesaykid,49,India
d28bdf98-1f9b-4e2f-979d-91359caab37c,Cizleodel,40,Australia
e8b022b6-ac80-4fcc-a2f4-360d1b4a7941,Zpxwvelkekwj,54,France
6d80d3c9-7c4c-4f35-97e9-6769993e3f48,Audjwuxyescglvz,42,Japan
ceb4d9e7-ff3f-4527-84e7-37d70cf07b8f,Iruifuoqtvj,54,USA
148fcdae-d740-4449-a12e-2f38442ef9d6,Bzpcxzgvlqkymxw,58,Australia
ee283431-8aaf-47c6-89e4-1d1160375916,Zrjrx,43,Japan
2ccad752-97f6-4a16-8aa1-130681ecf9eb,Eqxxw,29,Australia
a41525c0-9f1a-4102-81cb-eca08c9d489c,Vpwnioc,47,Japan
9e35eac5-e779-4f94-8ba8-8486d558928a,Jhsohmxmhhmtbra,55,Brazil
a21706c5-792e-4218-89c2-a818d6d5650a,Vempwqtoes,49,USA
fd2eb0b6-110c-4213-803d-0c12b7de5814,Rskgefrd,33,Nigeria
da43b851-fcfe-49b1-8f4c-3ad316069afa,Erxeuddi,26,Canada
5c9ea440-174b-4d37-91ff-da6e29bd392f,Mkhprpkkgrpdz,29,Brazil
fa2a173a-5def-4bdf-b702-d43ceb3b3a93,Pavqmiisfyd,30,Germany
acbbed73-db33-4749-ad99-b69475768fc0,Ppoxejowzmzald,41,Canada
ecbe81ca-6478-4020-835b-0e87f6438469,Iqdarcdvjiij,56,Nigeria
ab9710a6-0ebd-4dd0-877c-4fc01e3f8152,Lnmlsi,44,South Africa
bc04410c-06bc-4775-88e5-767ea4f515fd,Xymuvgvovbvgqu,27,France
8f5981ed-4b7a-420f-b247-86173257009e,Fuacuhynbqugxr,60,Germany
d2890e5b-5039-4fb8-8376-6dd134de2810,Yekcgieyn,47,France
ba41224d-f850-4f87-ba10-c7962c40d45a,Ddcf,56,South Africa
822e816a-5e73-4540-b369-6417104d0273,Dcicqbjsuzgwxo,47,Japan
05d53762-a1b6-4756-bc62-07803b620ce0,Swdsbupsj,50,USA
fd2a8578-b558-4420-834c-f68d5a8e9d60,Wevnvkqhcguttpd,40,Nigeria
26b32daa-dbd0-40af-af0e-27f6608c1622,Eouhecsvtuf,59,South Africa
11ce4fc5-df96-434c-a46f-21707bc6e12c,Ueuxasavcf,38,Japan
58bd291e-4cff-4c0f-8102-ac3399046f2c,Fsavvbkvbgmcq,46,USA
589451a0-3507-4abc-8677-7062e51b22d3,Oruhggx,60,India
896f32ab-7bc8-46f5-a1c4-68afe2054628,Tkfmurp,20,Japan
100ce466-c6ac-41b8-837d-e0f5e6988a63,Vyezolebhn,20,Brazil
a05ee226-a4d2-42d6-b3ed-7fd6e46ef608,Kkrmynxla,50,Australia
0d835647-9431-44dd-82f0-5a92a73c0549,Nvkflhyviaku,51,France
71e48326-c33a-4df7-b4db-e942c3343f44,Xjdtosvpkwgo,59,Canada
af59d9ef-dd50-4967-8ac0-b9cd53484579,Ftajwanajj,58,USA
5d21e913-e8d3-4ce0-91c2-533dbd053311,Yvuj,55,Brazil
76576ae9-c634-4573-a045-33de11dd6113,Kexe,27,India
c66feb36-7b45-4af9-9175-5d8058637935,Iymygryojqc,19,France
ba59e411-697f-4f7e-8a3f-44904ad96580,Tenjt,18,Japan
14cf4ad1-b3ad-487b-b041-b4f92edf008b,Aeazivhri,46,Canada
8117813b-5142-437d-a888-da58b78025fb,Pywteurnb,58,France
9e0537f7-6c09-4e38-9e41-78402a063fe1,Snjns,53,Brazil
42511fb5-b19c-4efd-8da8-1160e4aa3749,Mwrzqt,29,Canada
ec5e9dca-982e-402e-bf0e-03a1b014b8ec,Dbtqkipgjedho,25,Canada
f1537ce3-f898-4ed2-9476-e478acf9990d,Taerwkxct,52,South Africa
40958c3f-80ed-4aa3-8231-ddd71dd94188,Qwkefnav,20,France
d2982325-363e-4d32-bc22-fe61bc0c7253,Khzjhgvyb,30,Canada
d2a41b87-4aa7-4888-82c4-21f3479b7ca6,Mxtrpd,20,Canada
114bd482-7888-4d8f-aef8-6ade31e1280f,Rptw,56,Brazil
b75e2e93-786e-4e3e-b586-ffd970ed6bc9,Tdtgbijjyq,21,USA
8ce2e58f-6021-4da2-911d-33e49b2b2574,Mcgcpw,19,Germany
79763dec-63cf-4350-b8c9-4d31bd3ff01a,Twwkrofyiszf,50,USA
e07f3de5-0850-498c-89cb-7c6c1e1a8975,Aguvvinxzgbk,50,Nigeria
1590fd02-134c-4b15-b746-b7e06b31c2d1,Gtweeyhqojngyys,31,Japan
93eb578c-c51b-49f3-8dd4-6e58fbc22932,Tzdbkefp,58,Canada
4ebdb68d-ab9a-4c3e-b893-18bde80f1e50,Xccmfxulylabkt,25,India
e07bf8be-2413-4dc2-b3ec-033c64a80722,Qkrwjacdzxcyqzb,25,South Africa
95abcdca-3844-42e7-87e0-4a75f665f584,Uitbqtjppzjkxiz,56,Australia
196a9cd2-98a6-4fea-9528-8a15f1cf7615,Lkpgarnikvmibgo,27,Germany
45292c59-d4f7-448b-a1e7-28b1591c2595,Efnxpd,45,Japan
90e2ce78-0ace-43f0-bbde-e0dc40f3267b,Edkciuavq,32,Brazil
c3b6c396-0115-4e7b-9c77-26d9d18ff18f,Qnx,23,France
eb347808-6eab-4cc0-a3e0-162337e5b540,Ueqko,59,Canada
13073d8b-6549-428e-93ce-fcd122d20d09,Xcfsd,53,USA
fd61222c-bb9d-4855-acf8-87360b13841c,Dsgbhifok,43,France
de5372ba-8bd4-4fdf-97c1-37ea6fe616b0,Bkubwxcw,60,Brazil
34ed24df-e342-4ef8-9d6d-5e6de43405c2,Lxkmhgmnb,28,USA
15e8ec81-1139-4e45-b901-a07d960f9067,Shjrngg,47,South Africa
0fdf7323-80b8-427a-bc61-87c1eb2d7613,Otwo,48,Nigeria
9cb43d71-12ed-4987-883b-ce7f5935480b,Njdwfchtbnshax,41,India
d884d16a-ff6b-4183-9d73-b4cef004d197,Lxnwonlhoyglaly,44,South Africa
5c5284ec-5568-48e5-868b-0ac53ae75392,Kkiibluvebryutd,47,Canada
4370c904-4872-4316-8a8f-e61c1cdbdc59,Otcxpei,41,USA
338c9595-15e7-4f6d-bcb5-907d902395e6,Llhtfxlehfctgp,44,Australia
032e9651-fabf-40fa-ba63-8b65a091624e,Gkwtrymhytrxnc,42,Canada
2cecd4ac-b73c-4708-a0b0-5d430a005d0b,Bgggrpk,34,South Africa
fa90bec2-14b7-4faa-ba7d-2a0d691c4ab7,Hbuuqzulq,51,France
6a491866-7b8c-4156-b43c-c6ab1e4ce68d,Cpvhydxief,50,India
6e67109e-9f3c-4ba9-b9d6-425e0f591f31,Njjfavtivashjv,43,France
b15ec567-2847-4199-9353-eff97b57a988,Ztvvjgwsxwt,25,USA
2ce2fccf-2444-4af0-bd14-16399297d121,Kfgpjzfwftwhp,32,USA
5a9a614f-4c8e-4eae-9c90-be60f30a6996,Cgslawtq,46,France
d3de3436-dacd-45bd-b5f3-73c9b181c99c,Uwqn,22,USA
e615b675-0bb4-4ecf-b57a-9367678c083a,Hcyllprg,46,Canada
18929842-5377-424a-8dcc-ffdc30292094,Eahbs,27,Brazil
98426018-52ac-4782-a34b-7339e8ed0395,Jixjozgujmozfgt,31,France
7a5ce47f-58ca-4f8f-afa4-09f498c8214b,Etvdf,36,Germany
6c7d7861-0ca7-47c6-9bd0-032d1856268f,Twput,45,Canada
388a9ad0-7ee5-4715-aa84-13afd0e5ad91,Mykaab,29,India
e966d8af-b98e-4fb7-9623-6c3d7a3b83bb,Qrhopwgd,19,Nigeria
27c6f190-07b8-495b-ba4f-b0a099881797,Piwmagikk,35,India
9adf012d-7a37-4ec6-90e6-9e2e4608ac87,Njwybwsesndd,40,Germany
1cfeef9e-1dc9-479b-a1b4-08b304de8286,Crfeklf,53,Japan
8c6eef3f-1ee4-48e9-b6c7-82d87de61f50,Fqbiijfq,20,India
f2bf1b78-a3bd-4b16-a1d3-606b2e9d0337,Yrfrzjkmbnoh,42,India
f31b694f-99bd-48d5-912d-e1fcf5060873,Azrvexzp,58,Australia
f691579e-6513-4cea-9717-9abcc55f5df5,Qmyavipu,21,Germany
93ba89b8-5c2a-41c6-bc2c-c81fb4132c11,Iyxzxp,25,Australia
9392be1b-5b24-424d-8f29-12a739d92496,Vtlboualdjfpx,60,Nigeria
40f143d6-eb8e-4be0-9a4a-9a7f8fe81691,Trawiuwtcgf,24,South Africa
7edc6ea8-68e9-4383-8d85-c221834ad255,Ahzagm,27,Nigeria
f4901b0e-38a2-46f0-8af0-ea767de8ade9,Lzixgabt,25,India
6dfe0d84-810d-47ea-b1ad-a42874cd8622,Erdxkassbfbrxk,31,Germany
34096f55-a0e1-4a47-beb4-1ea4649b2d46,Vyazvit,50,Germany
8fd7e4be-da0e-486d-9c97-dce79d40d5b1,Jwhvprhjvkvm,24,Nigeria
9598ebbb-c7dc-412c-ac73-1bc4a198f6cd,Xertmqq,36,Brazil
0f376e6e-9d01-471d-8ce0-05491c68440f,Cgs,26,USA
c28ef6b3-c04c-469e-8d9f-9c53a83a73ed,Rzhrdpsrwmy,45,Japan
bb7b3ef7-8aed-4fdb-a9c9-a3876e07adaa,Ouhricokkpnk,27,France
9934debe-cff8-454a-8bcb-bf774f94dab3,Nzydwgtaj,25,Australia
14292b64-3ace-4203-b415-6b396a6903f1,Szuuehauqhra,40,France
24322ef8-49c2-47f8-bec4-2e6e48aa2bbd,Sycxzonyidnxs,32,USA
1bfaf831-9364-4a10-a071-1428031a52d5,Jshmsic,22,Brazil
7d9acb0f-c684-4840-a51e-84eb10a675ee,Mplypton,53,Brazil
9553ab31-ba36-4323-a02c-dd508a57f735,Cufyj,40,Australia
8f70e0af-0eb7-4276-a48b-ab0f68d03f4e,Cbkrg,44,India
f0d1e871-96ff-4517-9cde-68286e338bcf,Pjzmfphclutcj,40,South Africa
0091dcc2-df33-49b8-a0ed-cc70611083d6,Dahzbwahqgw,22,Canada
db3002b2-f6bd-4719-aaeb-d6964f608b49,Uiiasaefcr,23,Brazil
492fbdf2-1b8e-475f-84c4-fe206ad57174,Etulmqspvmtzyoj,38,South Africa
933a016b-1f0b-4b2e-8151-ce8f4627c207,Bczdilqldhlabpp,26,Nigeria
19fe170d-69c3-421b-9bc6-f4fb5dbcd29d,Ycpditbuidz,45,Japan
d8571863-7073-4166-9a1e-adc0e1cea096,Xsenwlzcskp,42,Canada
6c1ef046-702e-4de4-a204-a0e771111e83,Avitvzymv,44,Germany
20dd93a1-7310-4e7d-a14e-9a0e07647b94,Ravfnpkp,37,Australia
3a7b18cf-7ce1-432e-aae7-f456691c8c0b,Acsirwpq,54,France
739dc039-7db9-4577-9863-7f0b7596ab34,Jzbz,31,South Africa
6df7ccf9-e107-4f39-bfa0-a7248a9fd986,Xexwunueqkpwlo,43,India
5b0b95f2-7451-4a22-ac27-1aaded1f9e11,Tuccztt,44,India
1f58777e-d4b2-4cf4-aafc-b749ee101580,Xxf,53,Australia
0ee806b6-0b7e-4d54-8153-d077322b75f2,Ggrjxvci,52,Brazil
c0d5152d-504c-4dcd-87e7-15b62940836e,Khbbhag,23,USA
3761e0a1-5d29-4a1a-9cbf-3707218700e8,Nzdtijrmklxcq,42,India
69e955e0-eebc-48ee-b864-f9cc31afb3aa,Aamkxlxyuy,59,Nigeria
5a9e5eba-782a-4393-8294-d6b6aef7a1c8,Ytrwd,38,South Africa
3e43a536-60ed-4a17-a5d2-93f3bdba041d,Hjpwnsmbsmac,22,Brazil
0c774ada-e8f3-44ca-b14d-d2db90e68df2,Qctbmr,48,South Africa
b151968c-9fd4-4a3a-9a10-5464f4fc56d9,Vqikmdebymfx,34,Canada
8b56d101-33d4-478e-87a0-1fcc6d9bc0cc,Jkcacfpu,24,Australia
3770f839-bfcc-423f-8467-44d5a1bac8ed,Fehdpykrszck,20,Nigeria
30c16d19-49fe-46fc-9165-983e37415abb,Oyhcusycphdb,44,USA
46095a3d-c9ed-468f-bce6-2825757d202b,Prjfjm,38,France
fa21b369-503f-43db-91ef-d71fde5c949e,Tcwesda,43,Germany
76ec158a-373a-4fbb-9b00-ff9ffa0a74fa,Pdhuzzak,40,Canada
f2ccd7de-4e4c-4b6a-8224-661279ed6124,Rdivtnssdhipfzg,32,France
58a1e35f-7094-47e1-8604-33e232ed56fb,Pronlzvlfbp,56,Nigeria
1c1609e8-8598-4329-8e4c-c318531fdad3,Jfaccwa,58,India
155b6935-78a1-4f51-89c8-10fd3238d2cc,Kigqpjlugf,47,Canada
f687eca7-ae2d-431d-9153-578e12ec7e3d,Vqcdbjas,35,Nigeria
852d3582-a34b-4d01-8711-cccf437b8d9a,Nbjps,36,Japan
0f8c9912-d8fa-43cd-a75b-85d6b2152092,Xzpeblfwfjhi,44,Brazil
99336bac-6c78-4625-9f29-accdc9e504c1,Rjym,32,Brazil
8b059c99-2ec8-4617-bd08-c847465a0d33,Tcxkajbmhou,56,South Africa
4b86dd8e-39c2-4111-908c-b418e361e446,Egexmfmoykukwfa,23,Canada
07990641-ad0b-4991-9d83-8e6465567b68,Pywrhpvleizxx,41,France
ca0a0446-63a8-4caf-8655-16fd4d1ea6fe,Ocsshjduyqng,58,South Africa
e507520f-88bf-4516-bc4a-26cf71a190fe,Csofztqjqpm,53,France
032bf89b-beea-4e72-85ff-24ed5bee83d5,Reodf,57,Nigeria
2c4b4e37-b3d9-4846-913e-fd4cc4df99a2,Jxlpcjlmcx,35,India
db8abfd9-7c60-40f7-b672-582e96d29825,Gvlzixlsyaghkov,32,South Africa
702e0000-cbec-4d55-8595-14c92662639c,Jmegrdfjtywliwc,42,France
beafe3b0-9d4e-4920-8b8f-fe0a189ca42b,Cdqgkvkqk,21,South Africa
5c490a62-52bb-43d6-805f-9c86c70deafe,Iloosxip,21,Brazil
9ada0b33-6a24-42eb-815e-e8ecfc5f5786,Sdztefnkcwmrs,56,India
d699aa0f-7ba3-4b99-bf24-734243ebdac5,Glzkwh,53,Nigeria
41dcfbf9-1146-454d-9b1d-7e31a76778f1,Otqkcukpimcxjo,39,South Africa
be8635f3-ba0e-4811-9bea-492f1af9b51d,Ifq,45,India
3d38b9ad-7473-4328-93f3-7f6ffb21266e,Bgtsnnhehadi,50,Japan
522cf1bb-e8b3-4556-b4de-1922d6c7818c,Wnvfdgq,60,Germany
199b17db-7497-4739-a13c-92165068722f,Voqy,25,Australia
bbe63691-14c7-4ba4-a244-6e637283a947,Elcikcpnmzztvqk,40,Brazil
d340362a-7cc8-49e7-b690-30d1bd733daf,Fwwglhzjtwdpw,47,Australia
b9537e27-1f04-4a04-930d-696aed64bce3,Skmrenqtlnu,35,Brazil
170e42dd-5346-4c12-b48e-d209df8d00c5,Actijdabkyiak,59,Canada
ff9ae2a0-a17e-40fe-b741-09fbc55a313d,Xpzniri,37,India
3b34dc63-1f31-40b9-8278-8cb69032ed5e,Zzxfoknuqubxw,40,Brazil
edb7838b-838c-46b1-ac11-61f384a6fbdc,Mfbd,53,Canada
80c4eecd-ac91-4126-8ad0-cfe66b89c143,Euxonefqlwughck,24,USA
cf689b82-9341-41da-9b45-4bf4e9bf8a08,Pei,47,Brazil
b4704807-07bc-4160-b0f0-258193c02743,Gnli,46,Japan
89a911f0-4097-43ff-a5f0-50606fb17888,Zqoahsmat,26,South Africa
14067cef-174e-458d-945e-28a467b3e88a,Blceouqp,31,Australia
75c4841d-bd9e-41f7-b7ca-8895411b1367,Emuzcdhas,22,USA
f238c694-084c-4722-b9f1-a18cef9f9761,Cxvhdqrvj,37,Japan
8efeb83d-6937-477e-9f75-2b7a1cadb2e6,Tsbgqxqwpvom,55,South Africa
16cfa12d-4fa1-425a-8762-55c854284d84,Dqxzycbaklhp,27,Nigeria
fc9ade9f-a0a6-4ff5-a44d-7dd23efada2f,Cqlxzidldk,32,South Africa
b35eb841-7716-4989-ab25-4f87113014b7,Fuxzwihyts,45,Germany
b496737f-4106-490d-866f-e451e54cf9d7,Knxesjlj,42,USA
5bf3e10d-ba45-4970-b07d-e4f5ce737bdb,Tjeujbopxlbun,42,South Africa
647ed1d7-b4c6-4005-99d4-54a47ff79b88,Kldmcygklykvg,24,USA
6232424e-11b1-47df-a289-490496c259c8,Xwrsutvk,32,Japan
86358f96-89b0-4051-8d42-ff6856acfd36,Udeqxf,57,USA
b551ad52-a4bd-4620-98ec-4911fcd210a2,Uwkgdt,49,Australia
584222f6-216e-4794-834c-3708803c22de,Vdewgkpshdc,44,Germany
1acbbd2e-6b4b-4738-b759-1dbe6b580d8d,Zkvg,32,South Africa
e85960cd-c65c-44e2-bfb3-f928178afe31,Sir,41,Brazil
b6d2e74b-1e8f-4aae-b146-08ce4c4d7e3a,Htz,20,Canada
aded00a9-fa95-4b76-9c3d-4c41ca015dd4,Qjtid,25,India
eab2da98-272b-46e2-b3c2-e36b65f45db5,Evpbjgcsvbde,38,France
f3de05aa-7daf-47c2-94d5-458f91628cec,Hyauyeonhsd,44,France
18ef9338-9850-4216-8ee8-4e0274f92cb6,Hxk,48,USA
366bb4bd-c7b3-4097-a620-a4df2e0cff00,Wppnbe,56,India
8e13d7b6-7dd0-4f80-8581-550f0130548e,Gerniif,58,Japan
1b1553f5-6274-4a58-b64b-0766562e8848,Sexw,26,Japan
da0b0545-99ac-41d7-ba65-12b3cd19814a,Grnd,58,USA
0c363d70-cbdb-4e75-8cf9-68d6cbded302,Xsmpscns,53,Japan
97395885-6d9f-41a3-a0c8-3321b98e15ab,Takrjjqdb,39,Canada
3f2a8e74-e6ac-47a2-a197-50017737b1fd,Ldf,25,Nigeria
405de2c8-09b4-4a19-8997-9914f2675fd5,Mlmpujt,29,France
7fd5ba2e-743f-43d4-984e-4f7c31a16e56,Kcxwonextvh,26,Brazil
5a855e08-067c-4ac6-848d-570990bea230,Yahavjhbsauhc,30,Germany
53dbee57-ed66-447c-ac69-9addec26473c,Ysvpusekgzu,26,Australia
b1f25b00-b78c-4549-855a-9068d092dab5,Ghrmbaai,18,India
41a891c2-0eaa-4b75-92cc-9b6400ca5f34,Rubbq,42,USA
764c4ef1-93cf-4eef-9883-bf3687a76e56,Zygubchalubnmbd,38,South Africa
0cee69f9-407a-4448-93bf-280664b8f760,Jbivswjoj,40,USA
1f485943-1bb0-49c6-96fc-98ad17220f8e,Fxsaj,39,Germany
84da0ca2-97d1-41d1-ab90-a3d3d45a26d4,Wzbtsjtgkigm,40,Canada
da5b333f-6c0e-41ed-9740-ddbfaa992383,Smuewkmbfk,50,South Africa
7143b8ad-0f16-4189-b5eb-dcc87e9202c0,Bln,60,South Africa
852fcddc-47da-4796-a79b-83e878003b19,Wuamev,29,Nigeria
eacd6f71-2dc5-4e86-b3fd-aff058cc4b15,Lousaeh,33,USA
3e7b5b12-4843-493f-b757-f5d3c428c125,Yelzugtdeqlx,36,USA
a77763c7-6bdb-438b-822e-0bbc64166117,Gejrdbuc,29,USA
09a7ed68-ab3b-48a7-9edf-c3c1a14caad0,Vlegfxjh,60,South Africa
b5191a86-616c-4964-9a65-206884e01e55,Zdfnanod,38,Japan
80b935ac-b3f4-4fee-a927-ae7044bfa9bb,Umuklqypppwal,41,France
ff18838c-1630-4cb6-806c-791e4af2335d,Hvhmkjlehp,27,Japan
a0123dff-46e8-4f4d-a4cc-20c3234cb981,Kuyeq,50,Germany
495bd9ba-3b0b-4e4a-9f16-c25d1c9f9eba,Tlwxj,18,Brazil
f6939c02-11db-4e84-9e7a-f88312bbf734,Lnwifenor,34,Japan
a7ec6161-47bc-4a71-b72e-fa381547c616,Ubvlix,31,Nigeria
3c017590-7c7e-4847-9255-40962e30b8bc,Ntrhgcodzjttsz,21,Canada
2e88c0e7-767e-49fc-bbf4-368609a14f09,Rrgpsnfxdeu,26,Australia
595e664f-af87-4a77-b1ca-2d61e75849d6,Armo,34,Germany
315c1066-5a14-4247-a9dc-5287ef884d24,Uusfcsqbxmh,22,India
8bef9432-dfea-41e5-83cf-2b7d0f1420df,Pmvxdnlsb,27,South Africa
f7ac12be-08a4-4d90-a7cb-f51a7f33a5c8,Sxa,49,Australia
862269ba-0137-42a9-8454-84afc02ecf8c,Umdjgdxa,37,Germany
46fc0f37-9e8e-46be-8766-d2ab73de2b8c,Nro,48,Canada
887ef7a8-e5cf-4d65-b82c-cd944810930a,Vgzebr,42,Germany
95352d70-1b04-4789-a151-330917626ac5,Ddeks,30,Australia
bcaa5104-7968-4141-8490-46eb72d4d01e,Lfnpqzbqc,46,Nigeria
22f0fb92-d1fe-4307-9abd-88cd9647a715,Ayaeq,43,France
06924244-a7f4-44d7-ae16-57c20467a627,Upu,48,Canada
1668b3dc-42dc-438e-a21f-bbb9b9ec22c8,Cnmgksueudztak,34,India
4a15ba6a-7cc7-43a0-abf3-5f4ec882a06c,Zuecycj,55,Germany
d222736e-a993-45e1-bf10-4e73a22320f5,Gfah,20,Brazil
d851c722-64aa-4a05-83d7-27bc0ce4278e,Ajyvoxnm,52,Brazil
16f24722-d407-4dec-a94d-419d7ddc096a,Tfsskmuczdzxh,40,Australia
3bdf47a6-d2c5-48bc-a674-51ff87d4639d,Ljhyzfpd,29,India
14ead4c0-c225-459f-81f4-302eb91747fb,Pzykhqpqnzdfu,38,India
c7888796-055f-40ce-9ba8-fa05a9e0b463,Nbeuzr,49,France
6915ce85-f858-45f6-b0e2-f75c0eeef3f1,Nhpwvfhsaxydur,33,Canada
80cca0c2-9f80-451a-96e2-b05051588795,Xgqglebklrdcxm,49,Japan
25f4d3b0-09d7-4fde-affa-a4b8cb1c3890,Elaxuobzezafcn,36,USA
5a698f94-c23e-4223-bf37-665506d6a931,Tvfwlujpp,35,USA
e2e984e5-a1d7-41db-8fbc-6dd1d25aaa7b,Fnpmxwpedzipxw,39,India
379dc137-b925-4fa1-8ce6-037220ff93f5,Tmrq,58,India
2a992d8d-fad6-4cc4-acba-fa49c430acd5,Thmylmkuap,59,Brazil
d472652a-9118-4c65-a442-8007ab2b3e2b,Czyt,35,France
09feaf92-aac1-408d-b06f-63f3eb4f6a6e,Nsasfucybglmyb,48,Germany
bfde619f-3edd-4b63-bdfe-617e3be57eb1,Clpbgtakz,57,USA
07e2350c-3676-4e19-a5b8-346ab2ccbacf,Azshptn,26,Brazil
64cbcfe5-1452-4f4a-ba29-25641346b17d,Rvcltbtgs,23,Brazil
532f034b-b3cb-4322-9f4b-06501c49ffb3,Lvhikpcb,23,Nigeria
360213b5-718a-4d23-91f8-f765bbe40837,Gxud,24,Canada
b0a456be-1678-4de9-b24a-14477f1a22b8,Emlwfm,51,Canada
ab5300b9-5412-4de8-ad7e-ce4bb679ec78,Werwhfvzqrlphg,39,Germany
79c5743f-8dee-4642-8afc-246951c29d61,Vyjdcddanjbjw,39,Australia
2a5c820e-4f48-4139-84f9-236e9ca55766,Zuggehvl,42,Japan
85be55a9-95da-421e-a10f-3be79995c3eb,Tulcszxlhqzi,18,South Africa
9676b338-6fe8-446a-b1db-21f0ed218a31,Ojtpbi,48,France
5d92f111-551a-469f-a3dd-23ec6d44c3f1,Gioqxu,50,Brazil
1cdb3424-10bc-4d39-934f-cfd230496a85,Tezghtcsuhgiy,41,Brazil
b003d05e-fd04-4bf4-82f3-cad59c37afc0,Ozfy,21,South Africa
37372027-8427-4723-be19-2ffbf1beb15d,Qzbv,22,India
1287e2dd-749e-44c8-8e45-f145ae771d77,Boegsdsuelpdirs,34,Brazil
9cf65337-76ca-4c81-b415-aa02b95015bb,Wssbwik,30,Nigeria
242659d1-2667-43c9-9b0c-cd62f2a293d2,Dabqxorebg,53,South Africa
c6685a26-f2f0-45b9-a52c-98d8a73e26ce,Tgnamryj,52,Japan
997c5d23-4a51-434d-82e7-7c5e6a7ef4e3,Ejdvaqrexprfmfq,53,USA
1e3322d3-eb7f-43ba-a679-fc404eee860b,Mtgcydplmkcxm,24,Brazil
35005f1b-83d4-48a9-8b46-b34526b02d0e,Tpvzwjiadj,28,South Africa
da390c53-d7cd-4349-9e63-273b23d88b28,Jkudxbeuk,48,France
f56e43cf-e7bc-4350-a269-903e15e58199,Grkq,36,Nigeria
532b196a-72b9-4a83-a20b-2f3638bbe20b,Munxhhfczcfv,21,Canada
b95c6558-9125-482a-8e91-167423f6a1ea,Lpcapvfsy,55,Brazil
1a029e95-ae65-4238-aa52-7481043f0553,Wbdmixw,21,Nigeria
a867be55-cce7-4a89-bad3-318c9916ef96,Hjzlsacgzqozi,30,Nigeria
9d4a4862-8f6b-43fb-9e0b-3bcaf792c2f4,Yzvlo,33,Germany
ee3df278-fd2b-41c5-a58b-79bc61e0e83a,Zus,51,Australia
2bc3cb89-38fa-4a47-9d05-6fc6ada09731,Jwmtrlsnd,43,Nigeria
144b6b9e-75e3-4b03-b0fa-f0f75c17fc27,Jancwd,51,Canada
381649fa-c5b2-44f6-ad76-c00b2c0a2dc2,Cnjvhvrhccxslih,57,Canada
8a474bec-d179-42f9-a2b7-22b22f406b9e,Pslugig,58,Nigeria
7c8e38da-3ca2-4245-98dc-1fb7e86ea1d2,Ccivv,59,France
80c87eb0-e4a2-4d20-a18b-a378d2eaddff,Rudfiukd,44,South Africa
8b2efa63-0297-4448-b0e4-bf66c02ad048,Ddvy,55,Germany
8e87f256-171c-49fb-a0d3-e7d3e99887a0,Kkyjctdsabymy,50,USA
30cb0881-abb3-47b8-bc01-0cd8b02c9bfa,Fhzv,42,Japan
bbb04220-b1ef-4bde-90a1-6401e81604cd,Dabpnzj,18,Japan
3b5e86f9-4fd3-4c47-b05a-8b94cf716534,Qusmvqi,60,Brazil
90fce473-95fb-48d7-bd12-433b78820fd0,Wpujwanwgdc,27,France
226c2c80-998e-4bcb-a574-4fa2d6cdd860,Dzscmrx,40,Nigeria
8a6ed207-9f8c-4073-b633-121c4c76fee1,Rfpqlld,21,Japan
df8d2541-dc73-4d2f-9844-c803c2932cfd,Svzc,45,India
d4c0250c-b024-4195-b270-67da9daab539,Qfackyeet,53,India
34a56225-18ab-4a65-a5bf-d4c2e87e2227,Lseraaqacckr,57,Japan
7bfea849-19eb-423a-8b6b-9a62b08e8f4a,Fafuwutz,48,Japan
65afeb62-328e-434f-9fbe-6bc42fb4c2c6,Xthfspd,24,Japan
15e39069-d9d3-4118-b04c-c292e0a3ed97,Mixpcxujuydvmqu,41,Japan
3f06aa41-bbae-44f3-ba41-f78af2c85462,Ihzuhvc,23,Germany
44e9513b-564d-496e-a453-aee1828686af,Pvhpucgfzlaut,37,France
24e53ffa-4f3c-439e-9901-751e42c874a2,Cfaqy,50,Japan
428df56e-7ebe-495e-9872-fb62abdbafa5,Mbcaewbkcgpjx,25,India
237246d3-ecf9-4329-bfde-76be1b097906,Xzflhs,34,Australia
27c995ba-2933-4857-8ead-9b81179ffd6b,Qyjr,40,Australia
f7e67d55-d972-4135-92e7-3166d0bfe98b,Gjijlekxrrjzw,19,Nigeria
bf2b1a53-03aa-4574-a711-7f558b0ba48c,Kvvegmbkvuvsh,44,USA
865025c9-cef0-4a67-8d69-68341e792950,Wictr,39,Australia
6f8339fb-2b26-49b6-b3e2-100c944d3f0d,Kjtcjazqgchouxi,44,Brazil
c572fd2a-c5e4-473a-970c-9544b167410f,Pnzpqb,38,Australia
07115b29-3bec-4b1c-ab35-54ba5ac9aa31,Ptxnjngy,23,France
33bc27f3-260d-4941-b5a1-4d1757255c20,Djgjvfnebnr,52,Germany
eb8900a5-137a-4a65-9399-b570277476ba,Lstysq,49,Japan
3922f841-15a9-438e-b93d-abb756fb2071,Qaspnyyktucf,55,Brazil
2e10f200-fb20-4484-99a1-947d78a92753,Qtpaxy,54,India
6000527a-36dc-4192-a27a-e83534222961,Qazvkxkveegn,31,Brazil
ff9b68cf-64c7-49d8-bfc1-3e77e207e0c0,Gotmxvvv,45,Germany
83d3eb65-da32-474b-9b33-6b70a90d7312,Riqdikv,49,Nigeria
b95dbe0c-4a5e-40a3-b840-ae31ffb7d992,Sujjooaimc,37,Germany
e5c924d5-7bef-4301-b8f0-955b9e1da76b,Cndbvvwhypxbwph,34,India
6ca5a5d0-f1fa-437b-bfe1-1d922d35a529,Pytsjxy,49,India
a97d1e46-4455-4e5e-a66f-837ba07f0a96,Twgbygn,27,Japan
9679fec2-ecc6-4977-a280-52507fc0f24a,Dccztsw,36,France
65a0b9d5-bb82-4750-b36e-fedfb8e572df,Suidalqgkkk,18,Nigeria
d0c5322a-8a93-4ac4-b9fc-71db09273390,Agynnkvx,45,India
0bc0b579-019c-4c37-a845-a51d74cacf39,Czeflmxllbjhbs,36,Australia
e1d1cd89-abc5-4d0a-a85e-d060c918bc6f,Fthysbl,20,USA
e9e0cb50-9a94-4bde-882c-4f979a933879,Iofhblzghyqt,30,USA
67317262-40e9-4012-bfd1-358c609225cc,Fdig,41,Germany
33a6a091-60de-4464-97f7-8cc1eb55225f,Ximtfunkmubg,40,Australia
558ee1b8-9b55-4376-b78b-b8b85c2db3c0,Vltbpazdjq,18,Nigeria
7f2c56d0-71b3-4a2e-9aa7-f709d4da8dea,Htr,23,India
3c80c24e-b47d-408e-b4fd-49faa1725733,Wmkoxbvjmseio,23,South Africa
02e7075d-a056-4190-8d92-13a09805ceed,Tsunxsxcdjvid,50,Brazil
0db33264-9348-4edc-b836-869006859847,Nxmzyyxyiybys,48,South Africa
089f33ea-6b27-42c1-bd37-d6280a49e0e1,Cgioxuiokxstt,22,Brazil
23b72ee0-c125-41ea-9b62-a05177195670,Mjsoqilsoqlvyua,45,USA
4e742813-a6c7-4541-ac5a-6d2ba895a157,Vqyuzsepqvllcww,27,South Africa
4fba90fa-4bc2-4880-8d3e-eac9857c2bc2,Hxucgtohifl,38,USA
e4851395-8408-4217-bc02-24bc378eeaa5,Txc,52,USA
2fefa5de-fceb-4e0c-a3ef-e5dd1813218c,Zvnwh,45,Japan
996f359c-98f8-40a4-af7d-fdd3d868a925,Ycnkiz,57,Nigeria
b2b7c19b-829e-42ec-bc2d-ba25be34b748,Bzqkkyoddfwvtrl,55,Japan
fffc0c3f-cf49-4fe9-94b5-c5361631d91b,Azwbmkhdyhv,59,Canada
27f0c2af-fe99-4b62-b7b7-26d5816e02e4,Vikxg,24,South Africa
7859a967-b79e-484f-9960-5a285d1a3ab8,Dtrlxjpeeqfpwct,60,Canada
a0b2646f-2c2a-4869-8f62-7cdf987d8dd0,Ptbao,39,USA
dd30325a-7b62-42cf-8b86-f6ed99b5b1d2,Krlhiagpnqopofj,55,USA
b02e9760-6e9a-4bcc-80dc-3ae725776cf3,Qysbccbryvxog,55,Nigeria
3be8967b-38d7-4ba0-8ae7-ff0c1ba60834,Twtblslvu,34,Canada
5f2e1d58-6eba-4270-993e-922f3703b8a4,Yzw,53,Brazil
901c394e-929d-4289-ad52-366edda7f352,Bkdp,34,Germany
9c50d746-30ac-4e1b-b649-76612b0773d3,Iytvfr,21,Nigeria
63dbbf17-d215-4022-a7f4-f12de22e8cdf,Ebzdcdqmgygip,40,Canada
a6e028f8-434c-411e-928d-b137fc04fe19,Genpiql,42,Nigeria
c06d97e6-c2b0-4fcf-83bc-caaab15689fd,Bdk,50,Australia
10aab7b7-1088-48cb-a2c2-506c9fa9ef62,Eagcsioztafakf,37,France
f4f5762e-7640-4a99-88a6-2a7219d49bf6,Usrllzyrpdxpzv,34,India
11df29c5-10ee-459a-ae9d-66afb5be26d6,Wkrjdwbfqbo,47,France
a8abf2cf-c111-4b65-bf29-9e5c02d4bb49,Dzsisgwabicjmi,24,Brazil
f9b2b3cd-c9d4-4448-bd2f-8bd023769946,Osoxnvx,24,Japan
c4d484d7-dea5-41b1-80ec-70c02e7aa662,Usljro,49,Australia
41a06c6c-d0dd-49dc-b0c1-06542d344e82,Jkhjs,57,South Africa
afc24348-85af-4aee-bf91-0cfecb9aecb2,Ulyrviztaow,39,Australia
60b39af4-fbc8-48ef-aed1-14000dfa111d,Ehc,24,Canada
958587cd-dd76-4d90-8ef2-7b0b656c6702,Xjk,43,South Africa
8bffd4da-358d-44af-a4a6-11b280c291f0,Gikausbmfknaq,19,Brazil
8559d931-bed8-4673-8e83-48e0e0a5903b,Qdwmmmw,37,South Africa
4ae1ddcb-f314-4c07-9cd3-954612bcf35e,Beusiwmuounot,50,India
42115366-23cc-4358-acb6-ffde50ce3819,Srou,60,Nigeria
58dc905d-ae6e-4e31-9b32-89ef7e3f4264,Mvqiciiqukrljtl,50,Germany
9e3d48b6-c271-4185-93c9-8d6e491cc6c4,Ynjikarsy,37,Nigeria
aeb81ac4-95a4-4298-92b9-d82b38be135f,Silgxbesjk,40,France
1fe5706f-1ae0-4967-b5a1-25387e2eeafc,Akrcsgmpohaex,39,India
d095403a-28d9-4232-9696-cfca77983bf9,Vcctllwwty,33,France
129bd2ad-80b6-4962-8c96-12576ddfeb28,Ajrnljwazrqc,29,Canada
c5932a55-ec53-4003-a738-93c301574a0a,Pyurljajeuhwqun,40,South Africa
df6d03fd-1d94-4641-b18b-000e92cf55a6,Ltwehimnncbband,52,India
55329b7e-b938-4154-b63c-8bfbce23ab45,Qhfzkx,55,South Africa
e9cfd1f4-7b89-4ec8-bb6e-0cc64670c1f0,Nnkjzbg,38,Canada
27da020b-8874-4f08-9601-211d3baef17f,Pjof,48,Brazil
b24147b1-06d5-4238-9e8e-b20e962b14cf,Qjwtw,49,India
b90c9d06-f19c-4e85-9217-0896d6cdf749,Nwmdqhodytwbw,19,Nigeria
88394c20-0f87-4ccc-823c-3705481d2881,Dxru,24,Canada
b7fbf357-0b84-4be0-a4c3-967a59e0f0d2,Xwcjaxmftnjrn,57,Japan
d7e7817e-bb43-40b2-9e01-0e2a76bf3952,Unynlpyokdbwk,36,Canada
1868231c-1788-4484-80fe-c9f2fc5e2267,Falmalovg,51,Japan
f3f812d6-3220-4e73-a2a7-88c15c5a3e38,Qamxvuucblxck,38,France
f08c37ac-6e71-4365-848b-c87dc542838d,Rfzbh,32,Australia
b0c455ed-8576-4617-a873-aa499c2da135,Dekmoow,28,Japan
feabb699-7baa-46a5-a147-f6947256cd6c,Idamjvjbply,52,Brazil
a5904089-cbed-45cd-80d5-83de035db873,Lxdzhdtymoifx,56,South Africa
45cd7439-d6b0-49b0-80be-334d4eede795,Umocitgeyiqnuul,48,France
cb8d9237-40f6-4d90-959a-cd229edc5da7,Jbadoj,22,France
224a6c5a-bc08-4979-949c-95a284888608,Pwkjy,53,Australia
ffc7f7a6-e304-4a05-a023-e8955ceaf129,Rmhtzc,38,India
625f29f1-1c70-4253-9908-f9d7a29a6b50,Jcsqvbcaiwsjngo,55,USA
6bf0a00b-6193-4351-bbf2-e439578c79e6,Ewdxzwomrzgdwc,38,Nigeria
b3eef24c-3385-470d-acbd-cf77f2a1d49a,Nlscixxbfcsb,50,France
77bcc1eb-b6fa-42a2-a9be-8c533da3a026,Bnnwsmxs,59,India
efab09a7-fcfb-4caa-8c0b-2f51f6c8e849,Zmrpqeusrmypisv,51,Nigeria
d57cc0ba-a1b9-4c89-a575-eccd8b3cc322,Tfhmonknxby,27,Germany
b8b72f80-e6ef-46db-ab5f-8a734527e3cd,Rdruglvqe,32,Germany
23ab6965-cc10-4117-bcc3-a6c220f85458,Las,32,South Africa
d53c2454-6add-448f-b8e5-655902d97d11,Nbiu,52,France
6fcb004b-9fa7-4cc8-8395-f9e38780c5a1,Gvzeswresuu,54,Canada
92b72957-d735-4261-ace6-905bfab12bbf,Mrw,54,South Africa
17667a05-2923-4b11-bab1-8d9e6ce86996,Krfqbjltiajglwa,26,Australia
213ba855-1ea4-4436-89bb-d35e35755346,Fchusavl,29,Australia
db6fb86d-7e26-4972-b419-9e4a91aa1158,Rtsfyijlaaknt,29,Brazil
c21a8f88-0dce-43cf-8616-a8371582c96d,Qbnodduxaeqwo,45,USA
97fcf6b5-bfe5-4410-b05d-0c4979ef72f1,Ayq,32,India
450c06b4-5716-4a9d-8c5c-242b2a1b8a56,Eqjmp,35,Australia
621eef9e-4d6a-4833-a8ee-e1cf64ea5dd3,Iibakbfysfk,33,Germany
38fdb2d9-d85c-4a5d-b481-e935ee5b6478,Lfpqcfyzmgcq,35,Australia
172d8ba8-b737-4f7c-9e62-9d26f3908c58,Llofinxcrnwih,25,Canada
7e49b140-d082-4763-b13b-8d3ba5f53bc4,Rdvh,42,Germany
2600240f-d4a0-4873-9516-91f77cea6f95,Fakcsrw,32,South Africa
912c6713-9865-45ce-a7d9-1ca8e8168c4d,Qfdpaohbvrju,56,France
3a93a100-8254-4d18-8e60-486ef426d8cf,Ybi,21,USA
04fa27b3-8ead-4166-bf5b-9a11f3beb552,Ylpyw,33,Nigeria
0fed35af-1838-4eb0-9000-34601957a850,Irpd,51,Nigeria
1931399d-190d-41c1-94e4-1fbdb9c0a431,Ciau,25,South Africa
352c5c35-c4a4-4a1e-91f1-bca3681d5d0f,Tirppplwdk,29,South Africa
527e6276-74b7-4acb-81a8-82eea00cebaf,Fxelbthtlbpxfca,47,South Africa
ec5c3d65-30a2-4460-afa3-31df85dca190,Weppdxdjdzv,18,France
f1165dd3-fc65-4709-a3c3-fb3eab8bca6c,Fjejtnipzm,57,Canada
f7bafa23-c76b-4ec7-bef2-b087d775579d,Zldiwidyz,22,Nigeria
5cd1649b-299d-4b32-96b5-f09a5fd014a4,Kzw,18,India
7bebdf3d-4e0e-4932-ab10-1a32a6e806c2,Ggv,35,France
324b90f3-8c12-4d0b-8643-759faf363087,Tfkrlsbykwzo,30,Canada
61109795-229e-4582-9cd8-b1dd6993ab4c,Prdmluo,18,Brazil
b5503b5e-ce63-4d5b-9251-46e1600e96c7,Bosikwosrxcrbek,28,USA
a7401044-6f17-4b6a-93a5-028d338da025,Phqhuecaqo,51,USA
6af72700-d8fb-4412-b873-b2176c2ec76a,Gjigdvxfctp,46,Japan
6097ce7c-ad2e-4645-9070-056c91e63962,Mqmafo,59,India
37bd13ed-ea10-420a-836f-c3b60b1aab67,Ldjybnwu,53,Japan
fabf12be-5688-4db5-85b9-58000eda2577,Ybkio,27,India
099ece96-4b18-437c-a192-150fe393de82,Mxxmgo,39,Germany
cda170a6-6a20-4f7e-a9ec-5cd435d24442,Sqdprzzvsm,57,Nigeria
71577157-d6d0-43e2-8f17-6f7e1cb54ef3,Pkai,26,India
995d549c-1718-4624-9134-ca576a2a33f0,Dtoajuj,57,India
a9936682-3e7d-4a8c-8846-80806148750e,Pdc,56,France
386105a2-4c65-4ee1-bb5e-2213cab94b33,Oqeyblx,23,Nigeria
ec006e0a-1a1a-4bde-ba9e-c2ebe201b380,Pwaqrzzwhaosq,51,France
83a0d83a-b7c4-4774-a576-c86cbcd66aa1,Weisir,43,Australia
cfd81c89-8381-455f-93a1-f135c9b09620,Ykxcpfkcponm,50,Canada
9d78c03a-3ea1-42c9-9b83-62159fee0d9e,Dfqocjqspkr,55,South Africa
b0f4586f-8035-4b28-831f-909d6717d22b,Uwqakkqweha,21,Japan
37c3cb25-badb-4a3d-9343-6374fda5c534,Cfvmkjwkgo,42,Brazil
4879bd77-3d09-4025-99cb-ad766cd52c67,Wrzrlewvucofcbw,23,France
6442c019-931f-4664-9a86-eb4e6e21c050,Hzrnzhz,31,USA
58526d59-5f78-447f-9ab1-d27ffe3b4071,Wcdjl,41,Australia
b99f824b-ff71-4dd8-b3fa-1b8dd6a9b7f7,Sxwdgeooupzdj,43,Nigeria
630a993d-8e3f-40ab-8403-132fec77edb9,Vvgfxrbliebjbx,36,Brazil
700a2686-14d5-457b-9ecc-cf5f2fabdaf3,Lffyzjpew,33,USA
ab4cfb03-3d3b-4802-a5d1-fd0c15d69440,Xjdseu,51,Australia
a3d3df4e-8355-4b44-968d-0cc39d546c9e,Tuppmmvadpq,36,South Africa
ec3028c5-a94e-4ba4-8a0a-141750131f3d,Qcdbpnzx,46,Nigeria
f223c560-d66f-48a5-8831-40329975c810,Qhrhvshi,25,Australia
3d45cc19-310d-412f-9eef-c237826ec163,Bwlbfexil,28,India
32271193-13b7-42f6-ab86-ebfd784e9704,Tyamkuluvxqjol,47,Australia
3bc3c803-f2fb-4773-ae29-45cd1f495e3a,Cllqukrwulo,30,India
90aa8337-3934-4dd7-a5fb-854717d09880,Nffkc,59,USA
6d3d003a-1885-4443-9f2c-339d16605d09,Xfhwrpjua,56,Germany
55e46a96-3c3c-4b92-af42-83eff8ca5e0b,Jrdwpuxch,34,USA
a0fcf38d-563f-4174-8526-3c7aea1ac0b0,Plnvhlp,33,India
b170f0c0-09f9-4f49-afcb-c1fc7c641b63,Vmezawrukj,43,Nigeria
d23fdf20-dc79-42ea-93a1-3dcde00ba289,Bwdrtjqrcckjdc,48,Germany
0aac9d00-f109-4773-b526-e99608a8d83d,Oglkggqfjuvlv,22,Nigeria
bfbd77c8-03b5-44f4-bbfa-cb0a10b5aec3,Bvflbyjbg,18,Australia
d163a07f-9bfe-4aea-abe8-885d52dcdf20,Hxkhwrewvuxo,26,USA
dca7b1e2-0df6-4c4d-8581-7c07c96cd649,Syodwictdddotl,26,India
c3195922-c258-4a86-90c2-6d1dae19ba35,Pzauitpmcvqyy,31,Japan
9c694d88-45c0-40d7-8d45-422ea7649701,Zsshe,19,India
be9f0e45-d6c1-4201-875b-e106db7d84ff,Vyhuimjw,42,Brazil
e189da19-bdc3-4a33-84e5-7bb9e561c454,Qabtabkwfarky,56,South Africa
ea78276d-524d-45b5-af07-44854762fcb1,Hto,56,Nigeria
f8301446-f43c-49f7-a106-580702409261,Egferpqmz,20,Canada
3f99608b-6a98-485a-b675-8a5141dfe2f3,Dmpgoazp,45,South Africa
cb1680d5-312b-458e-8213-d5e26e48d3d6,Dmwlqixmwkgu,33,Canada
e9187f0e-780d-43ae-820d-729c5c7272b3,Ujnop,36,Nigeria
295efd3a-ebc2-46d5-b238-d20e156b5e97,Sjpdalzawhpn,31,South Africa
73c042d0-bac6-4e0a-8a1f-382f88c60066,Ayvntzfflatpb,43,France
8b588340-73e4-44b3-bc64-96710f6ee15a,Huslrohvz,44,Nigeria
96fee8c9-e90c-42b2-8b21-0de7cee975f7,Ccmhrauummlwzpe,52,Canada
1a4d46ab-128e-4965-859e-ead516200421,Pzytglvmffzir,18,Germany
04315f46-1004-4fdb-8d7e-19dd529b525b,Biy,27,Australia
c0e5a9fe-f36c-400d-aa2d-0e70477218fd,Oydqth,49,France
e66c8b8d-66f8-4ed4-b1f2-a466d4b03edd,Qve,38,India
57c90ce3-7949-4ddb-b06c-adaaa43491aa,Qdn,54,Brazil
fe7f11ee-fb6f-4255-80fd-caefb044849d,Uwdn,56,Japan
6d872d43-21b8-41f9-9753-c58f5a3f5f1b,Rtecxdtfrfx,34,Australia
3d163e5b-d7ae-425c-9da3-55a012731b91,Wqhqqeyaekfk,38,Brazil
a7853322-4df6-4ace-bc9d-b12d4274c75c,Owudc,25,South Africa
0ebe8d1b-3e56-4b56-ac67-12bdf3533a02,Ztxhuylbdt,34,Japan
87876b6a-1ef5-47a3-8064-674c59c1b638,Zvzotxoep,35,Japan
20b370c6-9908-4950-bf95-a1ee6c6e7e39,Gwlfr,21,Germany
8b50981a-6366-4f5f-b683-039692e1ab3c,Kssih,51,South Africa
1a74361e-e8a6-473d-a813-758d8e7d1b78,Ewzvjtjcm,37,Canada
5273041f-dc0e-4b58-879b-5ee942057780,Jyccrzcbnc,53,France
01a3f49d-0426-4eba-be68-8de3a82cec08,Jwjmfelkv,41,USA
4a1e8d48-f05b-4178-8e2d-ae503288b0ed,Yhjtshpqbjlpnjz,23,Nigeria
b47af217-2757-4629-957a-3e5d02db1502,Kcndn,19,Japan
3b236b86-37ce-467b-ab9c-fb8cbf45c19d,Inbamzireu,42,Brazil
91b44c68-e50b-4598-a8d3-a1f6fff8be4d,Wjljo,51,USA
f1e7853a-0d2f-466f-aed7-25f187280909,Kqdf,35,Germany
58b5dfb7-2c80-4a2c-895b-ed97099b82ca,Vhdrqawrbuuhq,20,Australia
245871d0-5f5c-4bf8-8bd5-35fa52eaf65b,Bgqocnimo,29,Brazil
e4fd01e0-a41a-46bb-8b94-007c3f214afe,Iapioudvewtvr,22,India
e2a89921-b4f9-4fbf-b39d-7117b36316ff,Gqlcppnsz,22,USA
4d509a03-9c5f-4bf7-bb51-fb105732c436,Jpdkblar,53,Brazil
bad8565c-c5d1-486d-bc98-39ba4a41fefc,Xbduj,57,India
0d96a853-e2b9-4fce-a246-1fc578f61cbf,Finqhntfqybj,48,Canada
2de8fe08-2aef-4eb1-943f-22913059bc78,Udjzrmtxxti,32,South Africa
afc493c4-2469-4f31-93d8-68a81b5350c7,Cusbb,54,Brazil
7f89fd32-738d-4543-9579-8ea8b37dcc9e,Cpxe,49,Canada
b3e82a3c-f605-4f52-99a4-17a6241d8bf8,Udzcuuywso,26,France
a9fb0411-086a-47b3-a647-0f34beb66a5b,Lyqnphktsbdsxxy,33,Brazil
713934e5-ff1b-4e55-b989-f59a174d9341,Fttxottsdac,47,Canada
2b1225c2-2f5f-47e4-93f5-e358a24ee3cf,Ffsvijonicxnluf,57,USA
4a9ff35d-d0a5-47f6-b97a-7c3f4ac29ede,Gbmhncecbyrq,53,India
883f0387-76ba-4151-9f64-0b9ac88b32d7,Hijvbhcsj,54,Japan
17ca72cb-9719-4b70-bdda-a23d79a139bd,Nzlvsq,27,USA
752a9ad4-2b2c-4d25-8ac5-cc428c6296a9,Nefwbvezjvpvxb,48,Australia
c202dee1-fff7-48da-830c-85e92509d9b7,Zkpo,43,Australia
8dd67b43-e0ce-4097-8031-f491e723c7fa,Wkirlsbu,31,USA
3afb5c1b-73ca-497b-a049-aa7a1eeec86e,Lcubjiq,49,Nigeria
65bb1c77-8291-4f14-a797-13f25f113c22,Jekouc,35,France
0b63bf66-3de5-46a3-ba2b-771a784626a9,Oebneh,49,India
b0efd3fa-b06e-40c0-aa7c-f57eb66eac71,Xvdelvoboh,28,Japan
c8f7b96b-b8a0-4b4c-9007-3325c37ab734,Hgnvy,26,France
0666f1be-678c-478e-a213-fd3d44dd7b0b,Aiehditacet,44,France
5f8af480-6081-4522-ab5b-43d0f4dc9129,Dwxcva,59,France
c74a09b4-b1df-4fb6-ad5f-a3cd15c0a504,Poydbbrjapwoc,33,USA
b49c7d75-2218-45e8-8f4f-b0854888cb18,Vwbozwqfhhlsrbv,35,France
7f646310-215b-4e34-ac3e-5606cc5044bc,Zdoeomjbwtigt,36,Canada
6aa58fad-c0b2-4b69-881a-fcc5b65f113e,Xwlm,46,India
2eec8e6e-8887-4ae3-b4fb-5f2c98a4e366,Iivdkqjcow,56,Germany
1f75a10d-6df7-454a-988f-246be83c8712,Fuyxtxu,53,Nigeria
e041d6ec-67ce-455f-a646-67e83de40c9c,Oedmwqxupfqkx,27,Australia
cc6e976d-6928-4df8-b251-0a8fe06cff18,Plqtqtnir,44,Brazil
eabb84ee-1a64-4d22-9304-333c2d969930,Mlly,56,France
76118301-c9f6-48ad-8c33-c893e0efc21b,Trwmizemygkbz,59,India
f677b7e7-ce50-43e6-ad65-71922cf33bda,Togci,28,Japan
e1c6c7fe-3ac2-4baf-99d0-c1e3f5ddd6bd,Ayciopmmjwlka,33,Canada
7b747c4a-38b5-49c3-9794-2635143f4cd9,Tnvw,42,Germany
bd84981e-8456-474d-8317-4af3260bc7ff,Wyvtbmjyzqx,45,Canada
25f27e67-6e6a-4a48-a376-df7e3d1387e5,Mvddftgpw,37,France
bba1b358-3e23-4817-821d-8d0796672b5e,Oubahnxffj,31,India
33eb0c23-d1e3-4f3a-a690-b11737b8a840,Fwnjboqkavjckl,57,Germany
fa02806d-9c9f-4fdf-95bb-92ad56305e2c,Grpiwdsuq,28,India
e1b6f5ef-c119-425c-b4c2-0c4315aed176,Lniw,37,Brazil
719edf98-1b57-4ef9-aa27-c57b4d80f872,Wczyvuga,24,Australia
f5ec35a5-ac79-4965-a985-52d7c11d2afb,Ycmissaorivjca,60,Canada
53899552-b10a-4deb-aeae-a80dc127f28a,Xnmfswi,26,Canada
1632e556-6f19-4239-a321-db6e3013a982,Jhasfdxphtcapnu,22,Japan
90bda4b1-db5c-4d3b-8256-4ccbb88b632e,Jmcx,35,Brazil
a15788cf-70fb-4baa-947f-0ba11cc6080b,Asycjkm,37,South Africa
5a09a4f3-2d8f-4fc2-a5f4-28025efe61d4,Pdrwogpzpx,26,Nigeria
22e6cb3f-284b-442b-a6ec-0dc249c0fe56,Czkwaicurlvxjo,36,Germany
32705c22-7fec-4d62-b9b9-0c950459a531,Jliy,26,Australia
da5793fc-c8e5-4094-b5e2-1ed3ab538279,Chrlaojjiimtyc,39,India
159b126e-d0ee-40aa-afab-db4d1e04efe9,Avejlbudek,36,France
33d3f3f9-eef2-4568-a4a2-e2c3b1a42fe7,Bgazf,45,USA
eee4e2a3-15f2-4918-91e7-f7c1f69b3224,Wcr,31,Nigeria
cd3be198-f548-4e0e-9255-2cb6b0f8f853,Fzyxwncyldndbcf,39,Japan
6e06abe1-55ec-4619-bc68-b28ff2e02fd1,Pskebnlernglhsn,18,Nigeria
bfe5a4a8-be5b-4735-9fca-ccc96ebae8fd,Ozhptxz,24,Canada
b0d7597b-862c-4988-9749-6d3085a3d0f4,Rudrlskvd,18,USA
d51fa63b-6baf-428b-b555-d3c072250269,Afr,50,Germany
96c27269-43fb-4058-a9ed-b299dcdf8d92,Ose,57,Brazil
c67e9e13-cef2-4a90-a739-d72cbab482a8,Mzsglvdkysky,25,Germany
7cbbac3d-bfaa-40cd-8815-c8e0d36e8d6f,Fmckkuscqsh,49,Japan
f2b2c5dd-802e-454a-b367-533128a5aa09,Trqbznotdvbjz,30,Nigeria
64ab80e4-fe00-45c2-b734-ec2d96a8da01,Aklvqfhrrr,35,Brazil
56fe29ae-b0c6-46cd-86f4-9bec8e5e7d69,Osafmi,43,Australia
5b16d602-c228-4a8a-a7d3-d912d491c934,Zavovv,27,USA
4d7714ce-8051-4188-9f91-ee8ee3f55dcd,Tzarc,20,Japan
61529949-e4e3-42e9-aec3-8597e61878ab,Zdleobsdlyu,33,Australia
d45d1431-9bfd-4b57-a67e-f4a03aa58f5d,Neariw,19,USA
93d985c3-0965-4827-8f5b-d0aaa7367080,Tczmpszpbnkb,46,USA
0c79f769-26dd-4a8c-ae77-c1cf27df837d,Qofkgeq,46,Canada
a9e4fc18-6c3d-4479-9d81-7151e54bc31f,Cdajvwgagi,21,USA
9834ea3b-5b1c-4d60-96ce-3b5be453c11a,Xxlqrjoegchjloy,39,France
22170824-84bf-438e-98be-a21099663900,Kxmetcjipm,35,Japan
6c6bcced-07b6-4539-b05d-3b307673d38b,Lybtymmgzmyf,33,Nigeria
a3dbe689-e2d8-49a1-955d-a41db28e8a76,Dqgzhhpt,31,Germany
bdb9b4c3-cf7a-4a32-8052-1bec36e4b679,Bstfvzz,25,Germany
a01a6e9e-a802-4962-9b1e-f70174fdc134,Vxw,25,South Africa
6e10e408-dfa9-4e1f-99c7-4b29417c9847,Upjrvuzq,28,South Africa
83052675-249e-4980-ba80-b30c0406b5ae,Oqrnkiobvntwt,60,Brazil
4e4e7b86-56d1-45cf-9e4a-7cc92c6f4899,Egfvnjhozelcds,53,Brazil
fd538f8f-edde-42b2-bdb5-4e62a27b8ee9,Qlmnsdfp,59,South Africa
bfb886e0-c251-4c0a-858a-da542fbeaa63,Brpritadtkfpja,41,Japan
775cc959-cbb6-4f8f-97a1-062f73db8b70,Ncfznuijfxaf,56,Australia
e302bfc9-48eb-427b-a8e2-f4163dc7fc40,Oqkgpnhhh,35,Japan
eced75a3-5ee8-4694-bf3a-0094a4663320,Vfkoz,57,South Africa
451b60f9-e74c-4bfe-9a37-6243f0289829,Vkjz,22,South Africa
68bc8c12-39fc-48aa-b4f2-bcebac16f5ae,Yfutvahol,31,India
29a39ece-8d77-4514-9aad-c8e202f95683,Rggwzbkjii,38,Canada
e3525fb3-55c6-4aab-a1ee-693b05888ba4,Oqg,22,South Africa
cad4938b-27ce-4508-864c-c6752dd53a92,Jqijxw,41,USA
e168cc6f-9627-4ed1-8a2e-973fcf1122e7,Twquzv,20,South Africa
1c08ea26-3cfc-44b0-9aee-f17717303bec,Meqoixski,36,Canada
8da54284-974a-4b4e-a585-9691fee5536d,Wnmwx,47,Australia
d9714667-bc5c-4f91-9c62-2739ca46825b,Udp,31,South Africa
84818d23-8483-443f-abf1-d743a42eeffb,Nqacktfg,26,Brazil
3b70c94d-4acc-4b5a-bcde-88c801b3bed0,Bqqac,36,Germany
9d6e2014-7d8f-4984-99f2-0ca3972232db,Wtrdzueljzd,19,India
3f1f36b1-6d94-41f3-9c4c-557216a9f222,Gmbvlhqiyjhqbx,58,Germany
78eed59c-8cea-4742-90da-ef6494c7eb4a,Sdexn,59,Nigeria
89829d38-c8b2-4e14-bd4d-7a101bd31ad0,Biokodtkmxmd,41,USA
fe0ff7f7-8a7e-4afa-8dcf-cc415f848353,Mhjnl,51,France
d2b98de0-aedc-40c0-bcc4-44541fe1624d,Xhgocygjrph,23,South Africa
1885c766-c103-4f06-84c6-58976d390ca4,Eeqfaoovmla,32,Nigeria
f9e2e1e0-548a-480d-92a5-a36b7d6910b7,Oxhmjq,51,USA
9afae217-2fa9-4486-80c8-a2d4a86af0a5,Novgjsbehxzk,36,Japan
7134bbd6-ff9d-4887-9f71-b3147e94c957,Rieywfeqoz,32,USA
31522230-d767-406c-8e02-48af8d986726,Ngttfbbnq,23,India
7a9beaa6-e06c-406d-98f4-c751d280a046,Zmpfxcfogns,28,USA
86c14857-e11a-40a4-91ad-57d3331e1301,Vjwepau,19,Nigeria
c90825a0-8479-4c7a-a530-d05a7550362c,Xcnrbbwoxuthme,41,Australia
d3d54faf-a261-478b-912d-ce8077498d0b,Kxzhpodryw,19,Brazil
2dd4a8a3-9370-4f78-a851-c44126ae04aa,Fna,48,Canada
0a46e794-b481-4b7c-879a-10d89146d996,Qmkauthcntlfrca,55,Nigeria
c6cc8448-f17c-46f2-a27d-d90a7a27f59d,Xvtqr,39,Brazil
391b3fa7-d03a-479e-a39f-867152568ac4,Lkubrekgwubhwgi,53,India
dd931635-290e-434f-a0d5-795deb1fa88e,Tawfgjnhproyg,40,Japan
fb0b034c-bc03-4365-bf92-f64ee06da403,Lykshcl,51,Japan
9c10edd3-1772-4366-b946-fa811f05232a,Fjmxvpt,51,Japan
5eba1f3f-982c-44a3-ad37-5b97c1f9adc8,Jvprw,44,Canada
7c2f4335-9557-47b5-8bf5-32a57c84d435,Ociqkuuc,35,Australia
7afc7f1a-8b87-4005-af19-eeacda12d2ea,Faxoldzgosk,39,USA
d9d68e84-c311-404c-b0b7-eb1d33616a51,Hdxpxrbqgt,28,Australia
ac8b2c4b-8bab-42cd-9367-4b2ac4c34985,Oey,42,Canada
bd5620dd-2746-43ae-bf79-97d820eecca2,Tdevmj,29,Australia
910e7dde-241d-440e-9f45-e5641f676d55,Wtejecpbtywk,39,South Africa
a2a52524-22ad-4f6d-8b1a-8a78df2da5fe,Cfnqtnpomkto,26,USA
992a770a-cc01-4b32-b06d-8b7c587887f6,Iwltlsqevpdrhb,42,France
76cc1b36-074c-410e-814d-4c3481ba4cc4,Pcbzut,22,USA
16c69218-163e-416c-b360-4680f230122c,Euiligqmxpnxxm,22,France
e1218146-ba31-4c9d-8b16-6e53d2e211c9,Vmvu,36,Nigeria
31f46d4f-1fed-49fa-8d68-c0865c58c68d,Nmoghdvt,25,South Africa
aaadeca7-266a-4b41-9729-eebdfdf7956c,Oemp,50,India
5d22bed7-890a-4784-a786-31ae3c368c36,Liebbynqvrayef,27,India
ccf5ae6f-5023-4ae9-bc72-4a49d71e0bb4,Prbjatdztdhsn,49,Australia
37b45915-a02b-49a8-8326-2b5846b46361,Mrzbvbgqt,54,Canada
1c92356e-4998-4fab-a16f-232b9f5e50ab,Zvfb,47,Nigeria
cdb15e16-c896-4726-b22e-9996bca77833,Ioesis,21,Germany
8f9ec88b-aaec-4ea7-873a-b91a15233745,Gada,44,France
9a1ac4c4-d7ee-46a5-99ed-662a7651cd76,Piiwujt,32,South Africa
f5b1c9f7-58c1-47f1-85d7-d3b163eaf0f2,Ekluihziub,24,Germany
11917487-859b-465e-8643-5aedb8df5ab6,Uweqhsq,33,Canada
231d0f3c-e952-439c-9d3d-d1b34913dd2d,Gjycomottcjngpj,46,Australia
b01112d8-d010-409d-b382-5b7a828f217b,Cueesw,37,Australia
1c5c9654-bb88-4d32-b64a-304bb351a9f8,Fasn,55,Japan
473fa96e-ffe5-40dc-b74e-68cc044b6860,Utlomivbb,24,Canada
76e90cae-5cb5-4e57-a791-8e2d940334c3,Elurdiffyzwvb,26,Australia
d5bf7cb6-dd2a-4d89-ade7-46612102aecb,Qodhgbwxlghyoid,48,South Africa
1b3a8e27-a9d8-4348-b2f9-a9a61f0a01bf,Nylqqikcmckxkpf,21,India
8d51614f-bcff-4c15-911c-01f664705fe9,Mrf,42,South Africa
4a696f97-7738-4581-96eb-bc6ddd501dcc,Adzuicht,34,India
74fbb866-1afb-4b4d-9653-346f1f7906d5,Nyucqacpyalo,56,Nigeria
61dbfbca-c6fb-4c19-a512-bafc959c442e,Wvgtuflyyr,23,Germany
ce7bf5cd-b1c2-48a7-9893-fde19293047f,Czjofhyxhm,21,Germany
f4a9fe0b-1a5f-42bc-9c01-3adff455a679,Ggozljcykaj,32,Canada
c5abf29d-f41a-4be0-a1a7-2f391cc47cf7,Zjgqfptfave,41,South Africa
62d4c17a-6de6-41e0-81d4-6a1fddcaa29f,Nvrtwkrdqrq,22,USA
7a91fb01-c88c-4c3d-915a-3261a6115156,Njwktdpsp,43,USA
48673c32-82db-4cbd-ac80-4d641f0f71e1,Btmkxmhqnwyhds,58,Canada
20ae0a81-64f2-4646-af9d-ab003e98f62c,Lvqsiqeepjuvfdo,24,USA
cb20d34c-8cc4-4f98-b9a7-026f395eb8ef,Ukiixoeab,39,India
21663794-acef-40c4-9a99-10e2efe1c821,Jadywalvzrecsl,57,Brazil
a5f2a49a-942c-4967-8afd-be9b28b6e122,Aqoujwyrrzfmgn,28,Nigeria
e1a6e92b-f2bf-4a5b-b50d-6bda72ad29ea,Uijncfejilzn,52,France
9c7b1f04-b8be-4f26-8202-ae3206410066,Bbnsopbtzf,33,Japan
e49f349d-71a8-4266-9158-d4c4fbc36c76,Jwccgoprzoejewv,21,France
abc07dbc-2fdd-42da-99c7-403fc0bf2df8,Hbola,39,South Africa
ac6df4be-aa1a-4ea4-822c-ce48ae38bf42,Nqovpkyantz,51,Canada
94e99126-d0fa-4c56-bbfe-accc4cbf080d,Yvwlgffvljqpmjy,45,USA
7989066f-fc96-4bbe-b51a-2ec552425b09,Lahvp,22,Brazil
e5c17077-affc-4389-9f23-7cd6880aaec8,Cfkq,54,USA
a36ad64a-5aee-4733-95d8-36db5e62c8c2,Xpvjdyddnoxb,45,Nigeria
cf4ef334-ec96-4c73-8e30-194317497ecc,Gdkgclnk,57,Brazil
6013d98a-1f73-4a48-9396-5b4114cc4c01,Runmq,22,France
ae0ecb00-4219-4c0b-84ac-61a8941ce071,Lfdz,57,Canada
ee765ebe-1f65-468a-9edb-d51a89db54e0,Xhgmudwfyeeqiv,58,Nigeria
722bc8fd-fedb-43f5-aaee-4e5cc22540f8,Mblvp,37,France
43dfc918-6023-485d-92dd-05ba71d6ef2b,Sqwlupu,54,Brazil
9c73987d-6c58-4060-9ee2-35a1ea2b1d2e,Woijcw,30,Japan
27c1c505-a415-4470-a7e9-181efc8c8468,Jtduzkas,55,India
fa203c71-3bd9-4956-92b6-66694a0d3ce4,Unizcduv,30,Nigeria
2dee1a2e-b0d9-4720-99e0-3c01423e334f,Iiwhkz,41,Japan
b59d1ea3-f13f-49e5-89d0-4c3dfa2189f3,Oewzzarx,39,Nigeria
bdfa3084-d2b2-4115-9ad6-302702153387,Oqb,20,Canada
70e57333-f344-4259-972e-1077b032b7a2,Bipcmjvqnd,27,Brazil
b95fdf9e-acdb-4292-a471-2c3916563369,Fzptkuzrjxtu,32,Canada
06864a58-1b38-42fb-87ff-30cc3262e6f2,Wsuzkqouuiek,29,India
28454fbe-847a-49b3-bc68-0196fe69d667,Rhbji,52,Germany
c131afe9-2a05-43df-9e7d-fad457547988,Waxmkdqfmpdzhg,38,Nigeria
b92de279-03b2-40e2-a825-b1d55c746a4d,Wpte,42,Canada
9a4c371f-cc80-41aa-91fc-92ab88a95e2d,Nodfpdfuptlm,29,France
934863c1-e745-43c3-a876-6e30a59690ff,Jcmqrq,21,USA
ee7f523b-ffe6-43f9-923c-055b2df522f4,Zgupzotdxvoz,53,Germany
bd0f2d64-aa9b-4458-a4e9-21affdb3e834,Jqxeyx,56,Brazil
5e91a72c-cd69-4517-945f-98323187515c,Hitbqtofnutypm,46,Japan
81303331-e822-4502-bd0e-a79de6835ebe,Iiod,43,Australia
aebc0176-6cc2-4cb3-a99b-d2726ceede6d,Wcdwrwhqgztoih,44,Brazil
ce408dc8-2e4d-4511-990f-9740f2840ae7,Rfwyzredzex,20,France
d64b97e2-3005-4b31-afe4-a5f07f784cc3,Vmghpdpkwszy,56,Canada
bac6a341-a3de-4f24-bc10-e2df2b22d481,Qqiele,53,USA
ac091f89-2240-404d-b93e-b140443093ab,Idir,21,Brazil
3a80f531-431e-4dc3-ace9-886231d1c6a5,Cjindqb,57,France
e3edacc1-5d74-43c8-b3fe-832395554c4d,Odjltjkahmcwy,30,Australia
85b30f8d-f535-41b0-9bb3-584dc29f76cb,Roaczavjigdl,48,Japan
e565ace8-8774-4a93-adec-444fd291f466,Hpwtjpjrjtcof,21,Australia
80141d00-53e7-4d2c-9c8a-60a6554407f0,Yqbexrgnpkjqmrv,55,South Africa
ae3b496f-398f-49e6-a2ad-1086a1fb9a18,Vsdiatnghivfox,19,Brazil
5786c75c-dec8-49c0-94ab-aa9e753cdf92,Ofvkn,42,Canada
4155d51f-846d-4a11-8c8b-0857be82b5f1,Nqbctosuf,45,USA
87513435-e483-4e14-91c5-c3b75a2a2aa4,Jpzbdhmycquw,35,Australia
adb62e5b-eee8-4aac-ba88-e017ee4ff736,Wvizwkcbye,59,Australia
6186724a-fef5-4762-ad67-657e9233b8ff,Yvepfzssjfd,51,Canada
c4a67725-58c6-4b04-b012-6932e1e2c9c5,Ecexlkvbhiorpc,50,India
4b151b93-1f3e-4342-b08c-f8d09be143db,Wgwyhxiyl,26,Canada
f6e40cce-0dfe-4395-877a-cee32666e7f5,Mmpmrgggkwgwf,30,Nigeria
601ea548-849c-4557-91dc-e18ddef87381,Ijbbiuakeorqda,47,India
9a47c89d-3a82-42bf-aaf9-d3a9854b9f7d,Fek,29,India
8e247d70-15a0-4caa-93d2-c84300bbc04e,Ctfxch,60,India
7f5e4d82-73f9-4c72-8e5e-8f31975081a7,Rcktznvtrunm,19,Germany
d30b9b09-4e91-4f87-9475-772ad7df2c49,Cdaqdblpklp,43,India
c6336043-9aef-4f71-b503-a0858b9a95a0,Cyyo,57,USA
863b91d7-975d-453e-b1f0-63587c3b8af3,Dtuz,47,USA
c502ae5b-54f8-48b9-9d3b-ccdc69426afa,Nejckdp,26,South Africa
1acfe6d7-88cd-4be0-b6ea-45c7d9670e62,Dhkvtrxptlm,32,Japan
82a4c2fc-06b8-49b0-b15b-81e6205f82df,Dbcuvu,55,Brazil
3072177f-df31-43b7-9ff3-8d2566a676a8,Ydpr,60,Nigeria
bbe8123f-1fdb-415f-bf8c-366bc96134b8,Asqtzzkqt,60,USA
a0c15ed1-4c01-4f32-90f5-ab2da644969e,Hfmuebzi,53,South Africa
7489efb8-2fb2-48ca-a614-f96e902d20c3,Xoxlifmemloec,20,Nigeria
7055b595-8d87-45ee-afe5-b0b3d882da03,Vvulkbgxvhafkn,41,India
22b2de4b-7eaa-40de-abd5-6fc8f898fbb2,Lfytfnaltulzfu,24,France
4c192c1a-6e18-472b-ae13-dc72fecedddb,Yetamjv,36,France
db1180a7-de40-4359-891d-56a9e34484b4,Fuomrviol,51,India
50a36f81-5513-4bd0-92fe-b1efbe4ebff7,Uslxohc,18,Canada
33775267-8709-426f-9264-1ecc6a4ca069,Sbkukcql,27,France
0aed860a-5d6d-4d75-ba73-21c58817a582,Jpqjikbjkbigk,52,USA
f4b328d3-518b-46bc-82a8-4ce2e23fbb32,Hsvpzwvtnoec,41,USA
89d91fe9-bb96-4f68-ac4a-a5793b56e101,Fbi,50,India
c75dfe8e-9e97-4c99-8c3a-4dde3634806c,Njezyvpn,57,Nigeria
e3f267fb-a90a-495b-9aca-f5596ea77dc6,Wsscroagljslvb,57,Australia
986f6b7f-d5bf-4619-8ee1-af1b27a6b1c4,Wbfray,59,Germany
69730829-b96d-4109-aa31-af9e9592e0ca,Njrxfv,22,Germany
e5e9f045-02a7-41b2-9f89-0e96efd8f25b,Yclzukz,33,Japan
ee14ce53-74f0-46a5-9e38-4601f6fbd6e5,Zizipnmzasbdl,47,Canada
a3fcafd9-6d7c-4143-b1c4-6262febd2f21,Bgfemzfbds,24,South Africa
114caa84-00e0-449b-ac66-3577ef33016f,Pnfl,54,Germany
98f15f58-df12-44fb-aacd-4aecfde25ee8,Yrpskojkbvdmwe,24,Canada
c6133aec-5df3-4fa8-983f-a02129827fbd,Sgvfhzvkbquuy,53,South Africa
4f16b65c-36b5-4eb4-88d6-d756d142574d,Pvem,52,Nigeria
6b2baf06-5495-4436-9151-4979d81bba0a,Mqwd,28,Australia
7b945624-6775-4602-a6bc-faa2df5ee3ce,Edqucqbk,26,Australia
d2d4d80c-5217-4edf-8f2b-594e14afb2c8,Uvlwjmdqi,51,Australia
ccc8ba18-05d8-4e49-8900-1e59109af1d9,Ecz,24,USA
d84c4362-0c12-4f90-bf28-c665fbd6cc5a,Udhui,43,Nigeria
697fcf4d-56e4-48c6-ba78-44fc2786d7d9,Ksoyhjw,52,Japan
a44fae4f-1437-4c4c-a3a8-47158ac59f4c,Lliqsvctvieq,32,USA
2306bcf8-b4cf-4955-a20a-331e73ddaaf5,Kwqtfcxhzhl,26,Nigeria
9092b137-de98-4a38-9c2b-236df5116647,Joqjso,47,Japan
6991af1e-6a61-46c7-ae82-2d630f786bdb,Wtlkoyzqut,36,Nigeria
04658cca-7a7d-413b-a3d2-b586bf7f01d4,Irab,51,Nigeria
ffc1bbf9-cbb6-4036-ae6f-dab0fbbeeac8,Oqe,53,Japan
0412618a-32f9-420f-a8a4-538f0300cbc3,Kczjene,49,Germany
2261bf20-cc53-4d32-979f-0fc1ca71e028,Cxtymazqzwwbku,18,Brazil
8054bfb7-64dd-485a-a09e-4e0fe66fffe1,Belwjppvhdn,58,Nigeria
ec0a52ce-035e-4147-9025-e9eb7c48e2d0,Jgfeqtgml,45,South Africa
c22cb5bf-4ec6-492e-923d-f4e46c85f1c0,Vcrq,47,South Africa
36b6a17f-ef36-4269-ae1c-feb87c2ba5e6,Pvlwekwoppvzvl,59,Nigeria
e75e8246-245d-406b-bdd7-64151f6ab8c0,Pmbhuxrngf,43,USA
1c773cac-8165-4ef9-a3ca-999fed5fca44,Firuyfjlniuvw,44,Japan
a9ebab31-21b8-4980-b1bf-0665909b6594,Txdlxkvd,20,India
ac8bff43-8cd9-45dd-97b7-d53eba182efb,Cpxdnryfpisis,54,Australia
fa1877c7-4646-440f-8a66-b75587add774,Qkaabjmg,19,South Africa
c950b928-b535-440b-83b7-b90d5372b524,Bjjboo,44,Australia
9f9ccbe6-0c92-4936-bf81-f3075ef3bece,Oynfvtafj,60,Germany
c00ffdb0-aca1-4fa8-b937-d50f81812c15,Wklwdfhaqpnrf,36,India
c1407224-5616-425d-aeda-f3bf9fbb513c,Djrj,56,Canada
81abad8f-4732-4a28-a80d-235d7b3862ef,Qchazzloappzla,55,USA
7ec643f9-f7d7-4d71-b834-33dcecf1a567,Lwgofnbqbki,44,India
b889ae94-a73b-4baa-9d73-ebe53353e89a,Typx,22,Japan
6ed51c70-0e55-47d6-806f-d4fc8418ca84,Urtrpdvbtfovxf,46,Japan
dd6acc36-4f4a-4631-90f9-02a60c94e47e,Bwqnagfc,28,Germany
2c23c7c4-d34e-4f11-bd7b-6f34eda27d83,Djoaqrhsugps,49,USA
deb34f64-2275-41de-8316-d6888089b955,Odnfafpljwybgkf,22,Germany
061d3600-348f-40dc-be8e-bd6cad77683f,Eknoodgg,36,Canada
29d809f2-a115-4519-9ccc-7acbf8cf4374,Caftxuvtcpev,35,Germany
4c968a80-d167-4414-9d9f-d28c39ecb52a,Yjybhhlnszprc,39,Germany
096fbb6f-198c-4c27-a063-f3e005b54dd2,Vqmtbtyo,25,Japan
0d4c1832-ee66-492f-b9c0-292683e1c2e3,Amofehskjiamjdu,29,Nigeria
cca8ec55-7d46-4534-a9bc-d0861cae56c9,Pcubb,54,Germany
2ef60f91-18b2-4874-bf3b-d16b3a2511e6,Dfcoxkgl,23,Brazil
d8d2f5df-95f0-4742-86e5-81e6d289f359,Wrqouys,47,Brazil
b0dc988b-66e2-4137-b363-88b0750fb919,Knwncjzlunjlcj,50,France
e699d62b-9613-452f-92f2-a861dcafb858,Krvlovu,50,South Africa
893ef010-b464-4d12-92ed-dc8dfe30dd61,Jkqtorpcctzjvx,29,Germany
cfd1725b-7840-466b-b862-8a923cfb9751,Omk,21,Japan
30c085a1-1b67-4f64-a4f4-6c26e02351ba,Belqxlygunxdtuz,27,Canada
42279c2f-5597-42dc-926a-fde980c07d60,Wqfaqboagu,26,Germany
660de92d-83df-476f-96f6-4029fd28a231,Ppdwyrjlyolmuif,57,Japan
58084f99-8cb6-4b06-8aa8-df9daa5e1367,Wrrohnfnesaj,30,USA
65cc66e7-85f0-4891-96be-6af403a3b2c5,Xfltapbcetpezd,19,USA
2b9d1449-19f7-4f4e-85f3-88f8eebf9212,Hflrtygxilvlupm,56,USA
abf49521-843b-41a8-b2fb-b58c78a46f05,Qftizrurust,27,Japan
e68e6a6a-fb98-41da-85d9-a77e208d4242,Wtguvacjvzxifbq,57,Canada
56e04384-c68e-4407-af75-80bc2353d978,Tkmu,28,Nigeria
115313ea-d105-42da-978a-3132f9dd87d2,Xciweehaqpiab,31,Australia
cd9ef0f2-14ac-45fc-8469-ee9104aedc09,Bztkkejyzvhrxik,51,South Africa
47fc5750-e3f3-4471-95c8-b0d88ca56a6f,Odi,42,USA
5acac044-ede6-4001-81ec-979400124b0b,Xkoudkiiokldk,24,Australia
90e377be-f37e-45be-bcbb-4022cf87e53c,Pebhwbtoauj,37,Japan
2a3e9161-3d95-4b2c-b197-73a7ddc7ba5d,Cmo,46,France
c41b3984-df66-46cd-b67e-19615bea2975,Tde,25,Australia
d9ebaf89-6319-4b3b-bb7d-ee43fe3b9354,Ccjfkfppdoyw,44,Nigeria
835a49e5-39be-4d81-b7fe-d8b7c05523a1,Beqdcsxonk,22,Germany
c117e636-7c2c-4815-8626-9f6a459b397f,Gwc,56,Japan
5358bdd0-062a-4fa4-90f1-650f958a6da8,Wqfbce,31,France
8e96402c-9c2c-4b8a-b7fa-7521e2f5b708,Fwjqqy,21,Germany
ea1783e3-f36d-4f34-8cc7-b9cfe26c8db4,Vfpexoytyvwyo,53,France
e1e8e204-c2fa-4b73-9c58-336567bf61aa,Oricehk,35,Germany
f7b43832-b342-4fb8-b577-1edfd0c11723,Tlxmxujlueic,30,Japan
7882776e-79f4-452d-9c3f-86f2da350485,Zuewzgcxnecsi,25,South Africa
ce52146a-4db9-42af-b00d-af1251b1d781,Cfhdq,56,Japan
7e3fb3af-c363-4ab2-a276-5ed2e368887a,Nmulim,42,India
9a1f5849-5a60-4e98-b0a1-39cc7ab1fa57,Eiubpeekhmn,20,Japan
527ce440-f449-4bcf-ace5-8f5fbd9fbd6b,Tkrdd,42,Australia
3e8088b7-7357-4dcc-97a4-526bb7753156,Ywhtjghpg,54,France
6233cde1-f919-4f2c-8be1-6e3c9809399e,Uryaimwgeygaaw,47,Canada
3c775f15-a760-446d-a275-26e9105438a8,Etsgbaa,48,Brazil
d3999805-a888-4861-bf51-affc5448b4d9,Anixhkibc,46,South Africa
b6ce05b6-737f-4ca5-919c-90e7c7a3d31c,Kkynl,23,India
3077fa77-4173-4a7b-8697-07a3638af22b,Etrjvohsnv,40,Japan
13e307eb-ae76-4b24-9544-c481e98d58ee,Xui,37,Brazil
4d00dfd1-b25c-4d98-b433-72eeb94e7d8b,Lmwpqkh,28,South Africa
3a4a62c5-706c-487d-8f9a-d61eb723ba91,Nkueyunxsueai,34,India
59277dde-1c42-482d-8b35-ae761b43b5b7,Mrdkvhdbadhzhbu,23,Nigeria
4dfa1f8d-e549-4353-803e-d36c9c5100ec,Odwvfse,37,Japan
f7f633e1-778f-4e1e-9222-d142332e51dd,Iofbnddvg,25,Canada
00fa86af-aba7-4d81-88c1-cf268dd1959f,Bxxyjpad,35,Australia
7845be1a-9b6e-43fe-b62e-7b1dfd47e804,Rqat,29,Nigeria
02a72a18-6e83-4601-80a9-8348feda69fc,Ntrphavnsewcsx,34,France
67348433-73b5-4fa3-b30d-f9d837252df3,Trvfaafh,45,Japan
9685826f-7104-4fb1-92cb-5f2b6335cfd9,Gyceteeczcamzfy,32,USA
5948f5ae-a3cb-4c6a-9aa0-3d868963287e,Zqxnmhixdqju,34,Australia
dac3560f-d79e-4f4f-9dd7-b8b9d2525dda,Xhlos,18,Germany
fc39b79e-44c6-44bd-b092-e5863d489336,Aucnlxcktczr,20,Japan
79dad26e-d47c-42fb-a139-5a29e50bba04,Izvdv,50,Japan
9cee2120-f9be-42d7-b312-ba86a7cde26b,Xpuhdyevlw,19,Nigeria
630fdcd9-6475-4b0a-bce3-ab6fd91b7b45,Clhuinkit,27,Germany
eca5a24c-1862-480a-a5a5-7c3e7145ffad,Rdtpc,30,Brazil
f0e549f9-7d8b-4ee7-8ee6-22d68e56d6d1,Eungm,60,USA
942e198e-2a45-473a-a2ec-8d0ecd007fde,Cxzkapjiw,50,South Africa
f3236685-180c-4154-aa63-3cba869a7a55,Ymnnjjsdhfz,55,India
70b59994-aa30-407c-a276-5289ab3db764,Lojnymtgf,36,South Africa
b448bf7e-0157-422e-911b-1838a34f6643,Shsiboemez,38,Canada
f654cc9b-d2a1-48b6-a86a-b4b17775ae8b,Qendv,35,USA
ac27543f-882c-4e0c-98f4-eb7e20a45f63,Hainbpjchqq,22,USA
fe98ba26-91e7-4c9f-bba2-ee068e9df638,Pdrkwdhpsj,24,Germany
d03b8774-eca2-485b-9e23-603bf1c2e75e,Eofrvxarpttbga,50,Australia
c2b15053-5e90-4fee-9f3f-ee66fc4f0df2,Sbltnlno,59,South Africa
bc6fec88-9309-4bf3-865b-d06e146b661b,Vuuhmyqjteb,23,Nigeria
48edd581-e761-41d4-abe2-6e4fd136f19a,Gvfvzhwbuocul,50,Canada
8a0f6142-af9c-4f5e-9411-79183aa1d287,Pbzwettzxzeshq,18,Nigeria
cc6bca31-1247-4b79-8a0a-a672523d665f,Dcakvysndh,34,Australia
2afceebb-03be-49d1-8371-276cd74e2022,Vazrtmyp,49,USA
c3d5f740-0299-40f7-a0b3-22f3564740ef,Lrd,37,South Africa
2ff08dbc-71ff-4875-ad4b-c719a21ae339,Zyhnptaggdwikr,32,Australia
f894354a-b9cc-45da-8467-b2ac1cc6beb7,Ndsth,46,Australia
2689160f-d8de-4c73-bfde-05127a658015,Eccce,60,France
339670ad-2fea-4b25-b883-4388fc6bc4fb,Cfbepbqefkhi,26,Nigeria
774290be-3c93-4cf7-b877-4d319a6755be,Bwnnmgzwmdoobh,55,Japan
cbbef87c-eec6-4624-b0bb-5684e7f6013d,Jdqakrzffqugb,50,USA
adda25be-0fe0-415d-b5e9-1d733049cb31,Zmhvubpzslqhj,54,South Africa
f90d7932-6b92-4390-a071-8b1565cfeb89,Msdeemralsbagvg,46,France
5161de73-2e82-4584-a99f-4b20938cd735,Aviqez,26,Germany
a178c378-8a86-4eaf-be22-04ca5ec7972b,Vqwtank,41,Japan
f983c475-50ba-431e-998d-7ee37df87903,Iuyqdrazhrull,19,France
71b0d7fe-8495-4d96-9d37-8c00f48048af,Qrfewtmnd,27,South Africa
2dfa8fb2-204e-4b77-b2c5-ce7c0bdb331b,Tqkntzwa,25,USA
ce2a6630-0314-4221-bdde-8ccf3424c001,Gmhrubkgxvdyvjj,26,France
5558457d-5817-49ef-8bbf-6b3ca69570dc,Xbkywnnfepisb,37,Canada
2b1d8faa-2d17-4f98-826b-956fcf44f905,Enrvqzwkvnjkwwg,43,Australia
398cf6e8-601c-4abc-aa44-a99a75838ece,Fzvdxtxktxb,54,Australia
81a1106f-98e7-4635-9963-31a53bbf4044,Woumrea,24,France
4d53b024-780d-4636-b9fc-24dfd9e21a93,Rwgglaadxmtqqy,36,USA
db75646e-6145-4fa6-84c3-ae22b278c177,Tbxwf,42,Japan
c0a7ddf2-ffd1-4643-be29-08a0b9cb2845,Gctywfxqdw,35,USA
8f47002b-f7f1-4297-911d-f9c2ce8a7a6d,Pvymxlhq,57,Australia
f90cdf78-042d-42c4-b6fd-6811fbfa26d1,Dhqvcanhdtmw,33,Canada
5c4a93ff-b477-4244-9913-f436ce875d13,Rdbsnxootmojc,46,Germany
ab5b219f-48d3-42c2-9d07-93263da9945d,Qcwa,27,Canada
f76123fd-d3ee-46b7-bedb-b8d12d0ed9b5,Yqp,28,France
11d8ecae-ead0-4e3d-bbb4-4a450acc1f73,Zcxjnxfkz,41,Canada
cbf83491-2019-45c0-97f4-71c2e9eade31,Jlzokmv,28,Japan
55895a0d-26f6-4704-bb08-fe702d1282ed,Zymxt,53,Nigeria
d9c91237-380d-4da8-a01d-d184f27052e2,Sbs,55,Canada
a3bfa266-c64d-4b6d-9158-f0a48818435c,Graybtcdovwttb,22,Nigeria
90e84b7e-e9cd-41dd-a553-dfa58dd793cd,Zeo,47,USA
696935d2-0353-4fba-9a2e-c4ea1ffdcbb4,Hakfckamg,42,Germany
55c257d6-873e-4f21-847e-b485851ea05c,Dnkbop,55,France
e1c3b588-b037-40ff-b2f8-4e26206a2391,Zrrvrkfjfbmrspd,51,Nigeria
f31b3e93-e6d0-4f78-a32b-b1142f5531b6,Hflvfqgysslild,53,Germany
d8169bcb-081d-4a33-a0ec-6d815c85f382,Uljmux,18,Germany
199a7158-4117-41e7-b5a1-08ed7a7497fc,Mnnyombdazrvrn,50,Brazil
827eece2-511d-4df6-ba30-de3c265de428,Xbefufrnwqnssv,59,India
affff3e8-ffc0-48eb-ae01-4d3bfe67da3b,Vmldrhfpxlekpcc,58,Australia
e93a15da-dbfb-4d00-bd49-9f214cd03526,Akytwirnclob,52,France
556070e0-e500-4137-9ebb-c0a34f2d4063,Velijnmwzpbqphp,41,Germany
0a85600c-c9b6-4bbe-9cb6-9e8bece08c06,Zysbuewxkhvwep,46,USA
da045f7f-c40a-4dca-9a30-234c16ab8846,Fmdynduf,54,USA
4b02bd85-7de5-4f62-b2c2-38d010ea9a2b,Ocjhgw,60,South Africa
5659b288-a260-4476-926e-0f5a8bf7294b,Aezlgwuttmycfsz,32,USA
498eb532-badf-411b-b2cf-a19a7cfdfcc4,Jmjyotz,40,Japan
a19a691c-7023-453f-89e8-78fdd2fd3a28,Ynijpgov,39,Japan
3c420019-8a37-4d68-83be-cb08d98e6e99,Hhlryjt,48,Nigeria
550f5512-b748-4180-a2a3-5ba3a588bba6,Ktfoscpcx,39,Japan
4d605dc5-5419-478c-b610-4f01de9a80ab,Umwluahnbnlgleh,22,Brazil
c9197206-5fbd-4fb4-ac86-2ea03b4ee4fd,Oepgbd,30,Canada
06c8239a-6316-4712-bd41-766a619d4820,Lhlaqepx,49,Germany
e7f3028b-c6fc-4eeb-9bb3-4108fd4419da,Dze,39,Nigeria
d47aeecb-5b09-4b4a-bd55-7c7df9a4c363,Vwncurqernshy,44,India
f61406b1-190b-43e6-8e98-4f9a1238a2b3,Nngxw,29,USA
133a0436-dc41-4542-b28c-98af1cf783d0,Iiahgbq,52,Australia
10785f4e-e745-4531-831c-7be7d36d48d5,Vnkwkw,51,Canada
d4bed730-c19a-489b-aa4d-db3676533707,Kfa,57,Australia
25398ab8-7422-48b8-ad54-3908e150b1ed,Mzupnowurabcyb,18,Nigeria
d420b1fe-b547-4356-832a-8de4508e01d3,Wkdihftelgn,34,India
33eb4fff-6b75-4ad9-b6d4-e657e723b530,Yaaajvyjfvmw,21,South Africa
708dad09-b6ac-41c2-8b73-f32502c3776b,Kemkxmitl,41,Brazil
e29bb195-f2ea-4b73-8df8-622b2d425c92,Zvbahgu,31,India
8c6e718f-a8fa-48ed-bbe9-e2abe62488ef,Pkpewnqjdjqtmv,26,South Africa
3de4ed38-3a8d-48c2-902a-57ae511c38ae,Gkhvniaemi,31,Japan
2813b7bf-e84d-4cd0-851d-57eb79db43c2,Farbwbiuu,48,USA
26385543-00b7-4eba-87e4-e80849078101,Zbsznvkfugq,21,USA
7f319268-42d9-4f67-9d70-6f313b4f6ee6,Wmmkku,33,Germany
7b48ded1-6bec-4157-a664-cdee994a0c20,Clswjhecm,50,USA
6932012b-26fb-4e76-a1a5-3c9f1c895d6b,Ryuopnjsocxobji,31,France
00ef307f-e7f0-45fe-9db4-321ca49e2768,Kmqzyaetcibvbgp,28,USA
03592820-600f-4714-a2ea-8e2c4b898bfd,Frvvjhhwn,36,Japan
07e8f76f-e8f4-486b-900e-3b87ce4752d0,Ttw,39,USA
49e4b4c9-7f96-466b-8112-bfa999a0540c,Nypsttjyzs,37,India
0b82bbe0-9cc5-487c-a2d9-3d42c5de783a,Cetzzykvfly,35,Canada
aed3e05b-683d-4558-ac08-2b016a8dde2f,Iplw,35,Nigeria
77fcce50-d604-43f0-a942-f27acee29d19,Upidb,24,Australia
5eb59825-91a7-47a4-a792-80f5745c1648,Vecvtspcyqd,44,Australia
89969aa1-bf10-406c-8746-2114bf59c554,Atzbfkvexmblt,51,USA
d03ffe69-888d-4cbd-a704-fcfd2a66d302,Kfkkoqoif,47,Nigeria
a9fce84c-6f77-4d44-99d1-1f7b57fbd1e0,Baz,51,Canada
b6155cbf-8a96-4c81-8d76-6583d7951914,Bavnlgg,26,USA
c78aa2d9-9b8a-4ac2-9652-4874d6f9b3fb,Jymg,41,Australia
2199750b-f21d-4e55-ae40-1fdc68e49651,Fhyleanfft,41,France
3ea4bb3d-f69a-4b9a-9eb0-4fca69599be0,Ucpkq,39,Canada
a27b7fbc-b8ec-4e9b-a7e3-61b18a16c8a9,Bxbfyn,60,Nigeria
a952576e-afe4-43c0-a892-09cde421d71b,Qymorzyeyasg,51,USA
f8672f2d-c6e6-416f-bd80-9c7ec8a6776c,Mji,40,Nigeria
eeca419b-86d8-40f5-9310-15b4d450974e,Omqej,41,France
ab5db9f2-6dc1-4566-bbcc-a5005ec3fc46,Wcta,37,USA
f4463565-787e-47d9-a3d8-f40f2fd3ebf7,Zjdld,58,France
8a2791d5-0ff6-4166-86e0-835cf732b3ce,Rjvfcfhc,45,India
8afadac7-204b-48fc-8680-0f5b0e7ff48d,Pofxlnkdevgiih,21,France
42324b5d-2c96-457a-b764-6fb7f17e7085,Xghuviobiysrtd,30,Brazil
e0240689-77c8-4091-afb4-e966e2217215,Pbjoqmksmdiktw,56,France
1d565f23-4286-493e-83c2-059c2868866a,Doltdhnwyhwwl,53,France
274b42fa-41f2-421a-bd76-bad66f4f00e6,Oevczzumn,59,USA
eb669050-6024-4f10-99f5-00632c439694,Uwgigvvjtqf,51,India
ff4d0675-c7d9-44f5-a0a9-af779f531ef3,Eqdlzshzs,54,Brazil
4f25cbbd-8665-482a-879b-b5528d77f558,Syzecrplql,49,France
ba6ff081-e9cb-4ef9-930e-4b7c116a008d,Xurplyeqwagd,42,Brazil
a0127ac4-f494-4591-8e0b-58e0660aed62,Iqzbi,35,USA
0ec3cf7a-7341-4b7f-88f6-c3f3ee0670de,Gpaeuc,37,India
b0899902-b943-4375-81d7-a4a0c7e255dc,Pqcgazc,38,South Africa
c3c89ac7-6db8-4724-b7cc-b47b1602fb5d,Jidkissddbm,27,Japan
841f3046-dd7f-49f4-bf73-6ea3df5be074,Zhmaqqigv,25,USA
1ae53e9d-13c0-44d2-9190-9d77b39b9e28,Zvaikrkbzl,60,Australia
9b0920ec-8a11-4fea-a38c-769198aa4ce0,Bclfpdgbo,54,Canada
f6f29c59-956b-4205-b0f2-f7bdbbc63ae3,Wmbccs,39,France
3a6e0611-ba3d-49f6-b202-8130e4e45c99,Fvjvb,30,USA
92dd12ca-1034-4421-b33f-101e9ce0cff0,Vncxmhltwydofn,25,Australia
9e2853a7-7a97-4c75-ac85-779e67ef020d,Fhhbykbfg,34,Germany
d3e4ebef-b6a2-4fbf-9018-822475160e97,Mje,31,Japan
39f69443-08a1-441e-b468-3fa34cca8711,Bwyql,57,Germany
7dd2595e-a6c2-414d-a3c8-94bcadccd378,Mmbitqxxjjp,31,India
3643167d-6bbd-47f3-9571-47de58fc9a8b,Hcwqu,35,Japan
f9e9c4af-9aa9-4631-8486-4d935d674225,Arzlk,28,Nigeria
fb9297c3-d436-4fb9-89ca-266ed66d462a,Vmunpk,51,South Africa
05443c41-0184-492b-86ba-0a23a9d57089,Jvwwbhxl,42,France
e105b304-8159-49f8-b559-2c47c8348a82,Mcmmprom,52,Japan
eab064c3-8845-4fa8-9b42-bd0ddbc76d54,Wuabhfryieb,57,Nigeria
d88f8746-b568-4a5e-83f6-4057db4c0e60,Trmecipgfgripy,57,Germany
5b939e92-4fbf-4a76-b871-e333973f653b,Mmmvtucq,37,Germany
6f90b4bf-277e-43d1-90d0-a6ff6bcb02bd,Rfmvkpup,42,USA
e5e6bf67-d35e-4de5-9e16-40c98adf0095,Vnllcmxv,57,Germany
72312384-ac5d-49df-99c5-573f2bebbaec,Twwfuncejz,28,Japan
3f6e5fbd-b0d2-430f-be7a-1be31e055e13,Shf,32,India
019545c3-414a-4d82-b58f-b6c2ff788095,Lgwhnnqf,22,Nigeria
370fbe9b-cdc8-4607-b081-85b302b9a417,Mjypqelvuj,25,France
5714f2e6-d504-4a5e-9cb6-119b5e2c9ef6,Dpkxfuio,41,Brazil
475b6215-71a4-4ce3-9221-7b89f529acc1,Ejoggvajpdezkzb,42,Brazil
e868af90-bf65-482f-9754-f6f93a82bcb6,Eomhvvtspahi,52,France
eb33110e-4109-4d65-a298-17094cbfa9b8,Rlb,31,USA
099c0f37-f6b1-4aab-b0ef-f5cc704b12c6,Gfwaiwylod,32,South Africa
b1043c49-2f99-4141-9e1a-f5cb5a840218,Adbbh,29,Germany
f585c6d6-df77-4601-9834-2716ca2aaa80,Xlaizuutz,22,Germany
ce5b51cc-5b6d-47d5-8f90-26b07eecfe59,Bsmgi,27,India
5f7fe9eb-6ed1-470b-b806-11c99d7dd559,Hxys,28,Canada
617d29ee-9477-458d-a94f-3b241e8a2fd5,Lqdezriaof,38,Brazil
f70facbe-7bbd-40d8-8b29-4a0e8c2beca4,Fkrhtplt,21,France
4c6d6da9-85a1-4f4b-a830-76216248f295,Pod,40,South Africa
162850e8-bd7d-4340-b5ec-9e55edac28ba,Dkvjlzuplt,60,USA
68a1dd1f-08bc-47ad-adda-333e1185f730,Pdxdvrusdp,46,France
3e2e6613-c970-404b-9956-06e49c4174f1,Ofgdjbopfhmv,57,South Africa
98d80e91-7f75-4443-ac0f-e2ded1ef7630,Fvnmgbcsbrk,52,India
e1931287-ed8c-449a-a4d3-f361ce967184,Fusdhoznbav,26,Australia
aa0c9a30-85e2-4ca3-af5d-ea234893ec19,Ojtzgca,42,Canada
20953536-4485-4f70-9597-55335e2e0c18,Idg,32,Brazil
7d805698-1636-439e-8c2f-7155c2c66781,Pahr,33,South Africa
b35974e5-e55b-4322-ad77-284b9b10823b,Fvadlfvlurkfvox,35,Germany
65fb8558-be59-4051-87c2-01c3b87876cf,Kojfg,28,Japan
a99e107d-c8f7-4851-bae3-b244bdd16a01,Oawnvzf,34,Nigeria
31b9ec05-1426-4e64-bd95-44f6a717bdee,Djblri,56,Japan
88e5c96e-cc59-45cc-8601-8c1b0fc82f00,Emprnsgukh,30,Nigeria
947b420c-ac62-4d2e-bf64-59fa87f16d17,Puksnfpxioj,30,Germany
9b9c1f06-07a6-4a6d-acb7-b5580cb10201,Cnhcai,29,USA
7ea3c542-c6b7-4717-a3b2-a87c165836f4,Qlvcatfmet,51,Australia
2a0e2402-a917-4b7a-88c3-e2aeea0a2e5f,Rpdqbdnzn,60,Nigeria
df402823-a553-4498-9d30-e6f8d9604e1c,Dbbviwhj,42,India
ed066d08-53d2-4963-bc08-cc9fa9d60237,Uhqikxovmgq,20,USA
161a3535-ff30-4e47-8422-646659783b19,Jawials,23,Brazil
a412182f-2cb5-4943-bfb0-19f67e15f67b,Bgfofyuuybdli,38,Brazil
cce989d8-40b7-4141-a8b5-20db87543686,Afn,52,Germany
be46d16a-a4fc-4da5-a863-566e316e2a82,Mwqezlhl,56,USA
17cfd935-f91c-41d2-9943-4da31faa867b,Dlrrfkxk,29,Brazil
b425879a-095e-4551-a852-19a9a949c568,Mvzjhm,45,Australia
ada4ae46-e475-4d7c-9c1c-6357c82a55c8,Ixor,23,South Africa
21911e44-9ddf-4b84-ad60-0f9a24f6516c,Koekzvewhvs,30,Australia
9df22263-0c54-41d6-874e-283b50a9e0d9,Pdqlngoz,39,Australia
951df2af-6cc4-47be-8f46-c46ecb44bb3e,Zlujphpayamhfz,42,South Africa
3830ff9d-2a7a-48c6-9fca-53942e9eef18,Nkwwplg,23,Germany
05432b4a-350b-45be-a424-199bd0127bdd,Jvelhxyrpayqa,50,Australia
0094e99b-0772-4218-9b50-f536b948ed70,Bhimc,35,Canada
e22762ad-3153-43e7-89a9-44ffb6a26d9a,Vlpskoq,25,France
fc57422d-156b-42ef-8613-f2475ff92b6c,Arkuvor,32,India
84f5f583-d47f-4484-a8fd-e71812b66483,Cimpbugxmmt,51,South Africa
4f2877fa-3afc-4fab-9e74-3a2ab8837ea6,Rnsxtlfk,21,South Africa
ba7891e9-e8ea-4e4f-afeb-ccd0a908c4f0,Daubyf,59,Brazil
d595d3fa-84ca-4d2e-a092-e3099a1572d7,Tetjdfs,33,USA
c1bb554c-1e2c-4c68-b252-73528d87bcaf,Kxzzzjfwydk,41,Brazil
a27ecf40-14c2-4a1a-aefb-19f8e2b624f7,Lbskcfxlhtwv,34,Germany
6e45e568-e9f3-4989-a843-f23ea4184ea5,Apzxnsweujkzk,47,South Africa
0eade9e8-4003-4559-b96e-96a64f197936,Umfbazycdckntx,32,Nigeria
609267ab-c386-4fc8-ab7e-720f36562d66,Pczwxqozzzhz,42,South Africa
cfa535d8-9013-4523-bf70-8b1ea9098e7e,Uhcfxmav,33,Australia
7adda37f-b100-4f06-a967-b47356a5a735,Xjzntvivepodzjg,35,Germany
03caeb2d-88e7-4b4c-92ff-34efb55f374b,Wnxhpanz,37,Germany
409cdc83-7647-4f61-9ab6-e51136d31767,Zqrzhvxuuoexs,25,France
436e26ef-7b26-46f9-b41e-804913d4df9e,Pvhek,56,Canada
83ecc10d-2725-4199-89a5-fb6732607979,Hejj,54,Brazil
e0b53c35-70ee-4f14-a367-ba89c167b506,Pgbz,41,USA
d521aba5-ab59-4679-a3dd-8ca69ef451d5,Alojggtrekgksd,25,Germany
8f76dc8d-4a68-4372-98d4-475172c4bb84,Ktwffuzeyl,60,Germany
562906b5-d547-439a-bff8-4b283c7e6812,Tjdnhopvqdgc,54,Nigeria
b5585d77-99b4-46ce-89a5-96da33b30db3,Mrmjv,18,Japan
de14074f-def8-4d52-b80c-30c32d41b763,Qtkd,60,Japan
406870cd-0ebe-424d-8b6d-14a4ea37bf02,Jubc,25,USA
eb514753-6fb9-453a-b0a1-e65f936cb150,Ukawxbr,46,Germany
8aaf5413-0d9c-4562-a359-6ed4d8cb4bbd,Uuwzvqwuh,24,Brazil
c0044e37-ba08-490b-814c-d115c3f1f241,Eijfst,45,Germany
84c7b486-cdb7-413b-935d-344cfa3616f2,Gxzbdp,43,Brazil
60abd7fa-d41e-4448-ad19-cc761416e1c4,Wwpp,39,Canada
598a23d0-41d4-4789-8bab-6b77e97c9579,Mbgcakme,54,Canada
6fb51888-6cf5-4175-9bbd-a75250e6162f,Yioaezfhvn,22,Japan
70093fa3-d514-4c61-a9bd-0ac4b807bf22,Crldubttfyxmy,18,Brazil
458c7f60-a08a-4555-b2d6-d8877ea5a650,Gycmtofuazqur,19,India
a1d98a70-7365-4a8e-8e33-1507c9a40bd7,Nusju,20,USA
c7770a29-5e65-4c60-b8cc-809004b40f0b,Otzla,49,India
9ccfcc15-0c87-4f2e-a100-3bde1a99ed4a,Jgvfeitlujbtd,29,Brazil
a3644dad-f25d-4383-8bda-18af7d807a2e,Tbhdoksxztjxew,23,Nigeria
9f9aaa9d-0297-4c05-8d57-4311ae77f494,Vmattcxyedb,29,Canada
162330b5-41d1-4432-91fe-0c471b14e646,Iqoqodko,51,India
850c4b8b-28c0-4454-9f49-4b7ad78e1e07,Hdnssavzwvouysk,34,Canada
129cf1b8-a90b-480a-bd63-7d4f323b3458,Rsb,45,Japan
382f4a7a-b510-467b-b886-f231505c14ca,Layklylg,27,Brazil
6148bb21-b34c-481f-8468-9f21bf22eb91,Omn,22,Brazil
7ce1b18b-c0b1-4ca8-ad71-3ebf5d06f55d,Cse,47,Japan
47fa21f0-008c-4248-a15f-3196092d65ef,Wgpiathfui,28,USA
fd79758b-d2fd-4faf-98a8-96282991a944,Bxubbigjtiu,45,Brazil
3e87989c-921c-4aae-b839-ac77d3f9052b,Zoc,50,India
879c6af0-f7d9-4d9f-84d1-14489b7d1994,Ziuslbryno,27,India
aef7fc55-f8e0-4d8a-b19d-3c65cd836d11,Fgfcbubd,48,Brazil
81d1ce66-69f0-454d-9011-966c6eab6142,Ygzvzugrkxdjc,53,USA
bf562834-2bc0-4bb6-ab64-0fd1175abc52,Svzxnssv,58,India
d96113cc-85a9-4cb5-9700-53636f6ed8ae,Bveaiswhvidf,23,Nigeria
8f1cfa95-d30a-4902-b34e-fea8a569b663,Ukkrjuakmnrjqji,28,India
26415db7-ab9d-43c1-ac53-ec98add6c469,Fdtkk,23,France
311343b3-d4f0-43a9-88ba-7c39f47a19b5,Sbrn,18,Nigeria
c708c17e-4930-4fcf-ad1e-d6113d1ddb44,Otneikpnnd,33,France
27714bcf-8298-4af7-b53a-ffaefbb9ec49,Jjkwuxtrfv,40,Germany
ba913fe3-5511-4e59-b0b6-3ae8200faf1d,Gcztio,28,India
879185fe-e67b-44e0-9046-c8e035f54218,Qdi,38,Germany
05a9840a-c8a8-431b-ad00-5a46cf93073c,Isabsqdmsgp,21,Nigeria
b1b227a4-f3a2-4ca7-9eee-bd1d259d59d8,Issjjbow,49,South Africa
79ecb282-d3fb-49c9-a9b6-bcfff34c02f5,Jydeoteahfmgyum,51,Brazil
12f14122-b383-4788-aa65-446f5d438a5f,Mwovyrieyfbtyf,32,Brazil
5bd4f577-7cd8-4b1b-88c0-9a1e6eaafcf2,Dlkutsmyxag,50,USA
23ba62ec-44fd-480b-ae14-37c919cc52aa,Flnfwykdyki,41,Australia
65040796-3f81-4f60-911f-5b6cb7272b09,Zoyteobrwsmc,32,France
feb79fcb-fd17-4427-b999-dbdfcdccd851,Lxavfvsax,37,India
366b4af4-efc4-4990-80e1-6a712aaa2d89,Aqvctvowypszm,57,India
3e65813b-27c1-4f46-9bb6-bceca6157c16,Zguphz,44,Japan
0632b111-23b2-4363-90e3-845bafceee44,Mwqts,56,Brazil
43166bfc-1bbc-47a4-8f22-0ac430e26b4d,Uhclebhclppz,28,France
c5fe0d4e-9ee3-4cf8-8ee9-bed871d7dae4,Pdrybob,39,Japan
6790bac4-9db5-426f-b89f-c0c0030d1f9f,Dcbijtilopkqg,60,Germany
71415463-f17e-4afe-aef5-c11b206d1934,Ruvbde,53,Germany
7c51e89e-24bf-4eec-8ee9-e3be602b8a3b,Cuaftpt,24,Brazil
66ccc3ea-863d-4b23-9980-0baa85e46864,Aahaikkkxwy,53,Australia
91317a68-441f-47ba-880b-941e8276b4a2,Lomaywvzg,52,Japan
34749042-ca1b-407e-b8bd-e5b7ac897f1e,Fzbiiyais,47,Brazil
ff028de0-4b00-490b-805f-2660d8a1089b,Fabgcitsefhpg,34,Japan
811571b8-b398-4654-8542-ee9fcbdcb7e2,Jyksjc,24,USA
5c2aac31-07c3-4bb7-9113-8b5ab5f747f2,Qwnotokcap,24,India
ba7732b5-b5a2-4d90-8da6-44239303c7bd,Kxxqhho,42,Nigeria
842b1340-f8b0-42f9-97b1-935655833949,Zyfojrkiki,58,South Africa
f5092583-d9ca-4a6a-884f-b6d75754354d,Hgdxvsz,39,Japan
2ec5bb3b-e975-498a-a1a5-48d1ba7d9a73,Dvczvhloanipmwv,49,USA
3d6267be-3fdb-480c-bd6b-fcde48f11d90,Nvsut,59,France
b0e65e79-fb34-4da4-bdfd-af0105d7865e,Gimrsdedux,25,Australia
d23f00ba-246c-4ca6-bc42-31c636def619,Zahjgxihoqbg,32,India
a0f6192b-ea7a-4fd8-b9b3-52e463d45831,Ohtgcxswefy,29,Brazil
edf85735-1472-461b-b715-41b6d6760570,Dhcylss,30,Canada
7c77c5d0-7906-4425-9618-89a76e043cf8,Vgqgtnhgt,32,Canada
8ba35d2a-420a-4be2-8b0a-5604f249a704,Nkbfxweajdd,36,South Africa
a04ca349-b46e-4fd9-9459-4b72f3eb81c9,Bvlkyygbxoojsh,53,Australia
cabcd2f6-e17f-4b7e-8d59-bd570f73ca1d,Kkwpvzla,41,Japan
20a44eef-6a05-46c3-840e-8f3e59aa36ca,Fazvzisdfdqpeuk,56,Nigeria
89e00a59-2c1b-4a04-a143-489a7632fb7f,Gxkegqoo,24,Germany
dae86e9a-bb02-40df-acc2-8fc7c90da79b,Nokegtuoc,53,Australia
18371cdd-259a-4020-8750-f073fc6b090e,Lqsatxcub,33,South Africa
8d0b781b-9268-48ba-b976-3a2d7efdb534,Xntx,19,Japan
cef4ce50-3a66-440f-b859-7f601945101d,Xfrfqtqgcirgsqs,19,South Africa
b6776e6f-83c2-4af0-bc1c-2649cce394f4,Ggcuynegofrus,26,USA
5da1a23b-d0cb-46f5-abab-c6d58ee00970,Pxehmpyk,41,Japan
c3a369cf-83e5-41e7-acc2-951da07de50c,Qsucabhaqrnthdo,57,Japan
8d4138fb-31c9-45f5-a420-bf3e3e27bc77,Yoxfguttqjzr,21,France
a08c219f-531e-4ea6-8b79-6d397db747c6,Lqeotgtvvbdvq,55,USA
9b7c0a96-5ebd-4ce6-a2e4-0d17ce882e0b,Ofwpets,48,Brazil
7f11d074-3515-4d31-a4d1-7b6c55a73ed9,Xrncpzbb,33,Nigeria
453c3c78-9a52-4257-a1ca-0b831f51a4a3,Akqooz,40,Australia
1f29c130-90d1-460a-82c5-8f064f74a330,Vdhpbpsstn,55,Germany
ebd87470-f3d1-4574-b010-56291ada7422,Bszqih,38,India
563eecf8-e135-414e-b578-e73de61c25a3,Tamxqhdprgfm,22,USA
164a8a40-f3ee-4468-8954-7d68ffdb0d4a,Dpjbcvgryowixl,51,Canada
5568e969-a891-4235-b03c-f754df0bd2af,Yqqyho,53,USA
fa3b1d86-e952-428a-b9f2-1687c5b09f7a,Aqeqliegvchd,47,Japan
0ff3da3c-fc88-4db6-adb7-2cbca5e90610,Ingbpoukgh,45,Germany
e1fe885f-6057-4203-b11a-5e5f1ecb6827,Xiaxadeds,57,South Africa
3685a147-f0a6-4de2-a7dd-7c512653a7d3,Pmzrmorbyhnyvqb,41,India
60975705-e447-481f-b471-58f6e1db9eb5,Grhtdls,18,India
01843d04-7e2b-442d-89ab-d3d973abb784,Nebjtu,49,Germany
c38bbf77-3141-46cf-953f-680b0f922163,Kncnylf,44,Germany
c5263f38-612a-46e2-bbb2-a0e972687109,Mcszer,37,South Africa
760e7807-f8e8-4354-a8e2-2198c3976dc0,Pitltk,39,Japan
1e0c623c-5a09-48aa-8d67-cc20a7c268ff,Xcbzlbcvomkeji,57,Australia
7c02c17b-52c0-41c4-a95a-7175b7e08ac8,Jxeuappihujwm,32,Australia
9cd82ed1-1b4b-466c-bec1-9ad754b2d0d6,Lwiyjbjxwpfv,59,Japan
67d2ceed-3bc3-441f-9583-79a19ad93d27,Usqaliz,23,Australia
db82f532-3605-4123-978a-7a8577038622,Absswgqc,46,USA
910aee4a-94a0-43ec-9d83-dc1c75037733,Ewgfklgzwyvnb,38,Japan
32e1a8e1-f77b-45a2-b5e8-d2928a52e01f,Jjchzvhkdevosiz,22,Germany
0c416abb-12f9-4587-bfab-7a7e46a6eb34,Sory,46,Germany
1087f72e-0fd0-4bce-98d4-cad9866798e8,Rdiovx,20,USA
92f5840b-76ef-451f-99dd-2d414e1aa249,Vhxjtxcykoace,38,South Africa
e2a27ff7-82fc-4758-be3b-65aa69e40dde,Ohu,49,India
2b2d1b75-e9ab-4684-a2fc-e33f0607841f,Kqfhmip,53,India
209ef77d-94c8-41b1-a030-70ea4a610608,Aulopqfrnimrezw,29,India
d6cbdb80-86c3-4cea-aaab-3c91883e28d9,Djo,25,France
772e6e9f-f638-48e9-821e-1d78cfa12d9a,Joacayimuodx,59,Nigeria
736d1568-9335-49b0-b8e5-b753ff553090,Qjjikhjakpklog,34,France
71053ee1-206f-4b69-9a19-2745f6da9834,Qhhzrzsz,41,France
74f5f976-2a84-4ce8-a449-41e425fa5fb2,Szvmwtqxkdyx,31,Canada
f9e4924c-ee08-4676-8c78-6e1f54f400c0,Hkrzu,57,Australia
77e783b9-db43-488d-884f-b18ab7fc40cd,Vxdmfhhgnhzdnv,58,Canada
74bee928-5364-4eef-aaaa-21295adc6f9d,Ppqrcdwpaoc,47,India
2c062f2d-2ef1-4c18-b6f3-6df6b6284f95,Izkkzyd,31,India
9a6c69de-31f5-4b31-ab32-261428b84108,Vekxakc,40,South Africa
7ddba141-1d52-4c7e-a816-0149258ba8e0,Wefozoiqmpk,38,Nigeria
15b5a4c8-73fd-4e4e-8144-0c348b188ec8,Euyhlile,40,Japan
9e04f128-45e7-4e30-8efb-448e9b560322,Jptqhogsanavyo,35,Brazil
be74ab2e-5c69-40df-bd12-f4bfd424929a,Szphclftjggtz,58,France
5134ff3d-b24e-4581-a021-a298c24b28ab,Xocuhezazewzut,22,Germany
98bebeec-3a29-4b79-9062-c6adfbbf6885,Fzlksxvobfpjphx,58,Canada
7b370b43-5373-4cef-beaa-1b87748a09a4,Abajeqqz,42,Germany
37c0a107-16d3-4cc4-bdb4-f5a94e603526,Vqtoxzepl,45,Germany
1ffeb22b-1c7a-4fa3-8ec7-64eda1b789a9,Owdnjfitvqldik,55,Japan
84924b93-35eb-4abb-b1ed-772c9ff6081d,Pfoj,23,Australia
f9cdce1a-b752-49c8-b1e8-3fb87d730c3f,Epgsvvygit,31,India
77115909-291b-42f0-9fb3-6d4b09b141a5,Mfyyp,19,Australia
3c4455d5-8c83-4da6-a434-47279e952cac,Advxxlntu,23,Germany
be714af3-9df9-46c0-a515-7a48d3a7fa15,Cve,39,India
71bc3f0f-ed22-4a11-ab71-6c687f9b4276,Qqcfsrwxxi,57,India
7d011944-3654-4c5a-bc9f-cb5578ded05e,Pbs,31,Nigeria
c1fe45ea-565c-46d6-a442-2f04b079fcfd,Aglpbskdkv,41,France
24d64479-94d4-43fa-a10f-d246774af533,Cqtnsgkob,57,South Africa
48b3e167-a18f-4f1a-a714-8bcefcde5785,Vlhzlndpcziyuvv,21,Nigeria
43472847-a783-44f7-ae82-cd08173a9dfa,Nsvdpbcoi,39,Canada
e001ab50-f158-4737-972b-7255e711fa43,Drcmlhoxp,58,France
d57be6b0-e6a6-4a0b-92aa-c5e95f794b8f,Eeinckyoujdx,33,France
64a36a7d-30b9-498c-b53f-ce9bab1bc730,Pquzahvhrleqmvc,22,Nigeria
89defe4b-4c7d-48eb-9977-69051bcc72ea,Vyz,18,Germany
c8179a76-85eb-4817-959a-e655a93c5401,Yjnu,23,Germany
bc91bbff-7bbf-4cb1-9107-068e63b0b077,Rcqdxr,60,France
96c903aa-e9b9-4c31-b82c-923001df032f,Ufmpphtuhl,22,Japan
b40e5d01-5207-4e58-a341-43829cc1707f,Aywiwnezs,57,Australia
3a4d9290-19a7-44e7-ab2e-9b0e4bfb2229,Ooydups,51,Japan
93e73b08-83d8-4b86-959c-c061ba11da52,Ldcyprs,32,Australia
caf9b154-ea22-44cf-90bb-a033a344daa9,Ybxxhzmzqkeo,26,India
c8d2489f-dbf0-48c4-8571-210a84612cf2,Wjdmxrq,23,Canada
a7b5a00e-b49d-4df1-a5ee-d1d8b8b091d2,Jijwmfgyqli,41,Brazil
b529dace-14fb-49f6-bcf9-3c92b9bd969b,Eqztdlfffaztd,37,Japan
b9a2a4dc-31b1-4c9a-86fc-00a17aa2b804,Fhtza,45,Germany
b01e16b3-9065-49da-ad70-bca019dc4d25,Vkzggshgwnogwdc,29,Germany
a7f2cd50-06c9-418f-9eaf-0687467078b6,Rokwtnkwyth,49,Nigeria
358d1598-588c-4803-944a-fa4e8657bec7,Puf,40,Nigeria
0087a32e-29cb-49a6-842c-8ef87e63c43e,Orwe,44,USA
cb6ba8e5-af10-47ef-8fd8-b9f6161adb1b,Nqltzk,46,South Africa
624d5dc5-8840-47e9-a849-6f157f741265,Vvpsrjhkvuh,18,USA
527af66c-3cf3-4cbb-8189-0b4fffeb815e,Yinlipemfy,27,South Africa
43f2d074-e0a4-4c74-b4b6-1eb5fe478820,Ldylvgwtdfp,34,India
656492ef-90c1-48db-988f-5fc923a4a273,Rfssfszs,33,Nigeria
0c28b420-dab6-493b-9073-ec0dc59a40c0,Cffhced,38,Brazil
0cd5eba1-1c6d-452e-9845-37530bebc3c5,Woev,26,Japan
92510c65-60be-4717-af34-354e5e9d4303,Mqkatfxsk,33,Australia
445be73d-2472-423e-acf4-fc5467a00c2f,Oyzxexzuqgn,34,Germany
2dcce68b-a9fa-44cb-8bcc-29828ba049b4,Pahaooa,31,Australia
fc8e5cd9-64b8-4591-8758-82f5337ba658,Fktvqa,46,France
4da07138-6c4e-41a6-8fbe-f5fbd3eba5ae,Zqhhhe,41,Nigeria
59fb457a-7b3a-41ad-af4c-d9ae1bafe91d,Fckqpap,20,Germany
d7e8c964-cc17-4acd-8fb4-b678522fd46a,Sthupqxvlwsxgx,39,Australia
16b8114a-2cad-4ad8-b54b-89c31752f7ca,Frpxwa,56,Germany
c68dab64-b2a0-429c-bff0-a5006f079460,Nyqfvbivr,26,Germany
93b2d4c9-9415-4ff5-95ac-c40d578a3bf0,Nuvgguyf,46,Germany
452be99b-07b8-4703-bcfc-a443de963637,Nfqjokffrenwm,48,USA
397879f9-aa09-49fa-9154-d1c6cd4e9183,Emhfedoxmd,33,Canada
784b3c23-3d79-471c-9fbe-47500d6d72db,Cnngmsrwcyjndl,41,Australia
f93593e8-fba8-4117-9aa6-600fee094089,Vrovtswirazv,49,Nigeria
0b338199-e6e9-4b50-a3ac-cccd059e44ba,Haqotctlc,28,USA
eaf4abd2-2c9b-4654-892e-9e87ee9dc574,Nkoqzhaovltbzz,24,France
e2d345c7-842c-47fd-ae3f-c39a80b544f4,Hsgqxysxj,52,Germany
af4d518d-f89b-467d-a64a-594f3f7d9242,Sgvuryynv,47,Germany
f66166d7-873b-4085-9fd1-da71cad0cf48,Ctekt,55,USA
704b60ee-c206-48f2-81a2-d4519e3d7863,Bnaki,60,France
640bc3f0-bfe3-4c70-9f22-07d8976fc45d,Dnkyd,52,India
515d9589-f9db-48b6-9472-0a83834ac7af,Jgakqyso,19,Canada
e304e44d-be23-47ef-9c9a-6706d85dea12,Msqk,40,India
f4613cc3-20a3-44ce-bcc6-5101d3735ec2,Lnygs,25,Germany
d799ea8a-288a-475a-a206-c5b14c585457,Ieiajxdcrvcgi,32,Nigeria
0291b2f1-c128-4857-9ee1-818315bc675a,Ekyqumwwfz,28,Australia
792907aa-85b3-4587-9fbc-a6e6f21d0757,Dhaopvgytz,48,Canada
ece98e5a-81d0-4272-8895-302ff80dbc9d,Kvxtt,48,France
6db5701b-0eba-437a-a6f4-330781984ad1,Caqjxlhk,53,USA
5c1a3b77-d0d8-45ae-a163-9c87197933d9,Ayecpaudzdib,35,India
d0fc4c9a-2038-4649-942c-f22c84b4691c,Xuwrklfmz,41,Japan
1a28194a-dca7-47dd-8e58-bf9c531e9c98,Mmaohbbvaw,25,Japan
d428f583-296a-4bff-93bd-f48906666c2a,Cszpwownsrsph,59,Nigeria
c0c2011d-22c9-49c0-8f5f-0baabb86823f,Yxhawhlelpr,42,Japan
b601b250-f0d2-428a-9c56-821c15956630,Ofdjl,58,Brazil
451f16d3-2d39-473b-bd2a-2089180d89c2,Eycassrpcw,32,Canada
0eae06b0-604e-420a-ae50-3799acf45c5a,Vyz,30,South Africa
7245f904-fdb8-45ea-8a11-b268b225d041,Thtdcecvdnzx,22,Nigeria
393db751-1444-41ec-b808-222fa0ebdc8b,Iero,26,USA
5009aacc-bf15-4a0d-a7dd-99ece14b281d,Enlnnchhva,22,South Africa
f4be98f9-9270-421c-8a06-5ebe0d65a059,Paktjkseysxcbi,20,Brazil
6175fc52-eb80-4f79-a9d4-e5dc1f5e56f1,Jbop,20,South Africa
d4a2bd2d-898e-4e01-ba11-ed35f989732e,Teyoyjtzbbrjb,23,France
73f15aab-4561-46ba-8c11-3f79e6d3fcba,Sgpetdnlgc,54,France
b298c633-b462-4a19-a76d-c5dd1a84f088,Jitzkd,45,France
4ced0f92-60b7-4f10-a430-503559a475f0,Lnmi,26,Brazil
fb484aab-dfa1-4bbb-88e7-f06391d1cae3,Qanb,19,India
d6ba34b4-73cc-4d43-ab21-9f12b3825b8a,Ikdel,26,Canada
5accf8af-d77a-47b3-9e34-03cd0344b70e,Axysxmwiwt,32,Australia
46bba26a-6be0-4495-9b96-2085d7475ba1,Rhxxlmwne,47,France
ed21bda6-1faf-4e44-83fb-ab5e5bb8a140,Oobitxpoacjd,48,Brazil
2af81b62-b9c3-40f1-95a6-5cd730fb807f,Wxxclzzvoozi,26,Australia
34fcd252-d124-4877-963a-ea20d25e3bea,Euugkqaghresnyg,23,Canada
c3231e69-88db-4e86-aeb2-70f298953ac1,Btaaennlbultuv,37,Japan
dc343347-8426-4d79-8146-11f2199022a9,Guhjbltuzpf,18,USA
ede22405-af5a-4e62-bc31-b04f9c65f7a8,Svqdxs,32,USA
b46297a5-5a4e-4336-b956-e1d3eb8b3928,Jerci,57,Germany
564e2f41-bf89-4c8b-8d56-b923f42179b2,Yep,31,USA
7d8c3a77-72c0-43c3-aa9c-d8398f0a20f9,Spbadsovbfchl,43,Canada
4f0b082a-b5b5-455e-afac-1fd069631973,Tdrwbnrzofjxqex,30,South Africa
cf9060fa-4cef-4430-a75c-c5e59a892116,Fldidfwlkydik,51,Australia
fbde1db2-0f8e-4c4d-8ebc-f3ae8f1ec713,Gvijvptnbkx,21,Australia
6e466b0e-32d1-42f7-96aa-1c45be1b449c,Uyhnno,45,Australia
e9fc19b0-2180-4f48-bb95-248cf5b0c513,Nhewkrztkuaqs,41,France
e6aa0461-0466-44c1-83a2-f09e24233924,Amhjiiomu,27,India
c61197c4-65fa-4d52-972b-18005dc3f64e,Hbqib,50,Nigeria
a0cf8314-5cd1-450b-9266-49ba80a1db7f,Bctkxufjwbnw,37,Australia
83a085bb-6981-4bd4-8ff0-bdb5d68e82ed,Mgwesmrztxopnl,22,Canada
9ff73445-6eaa-45b5-8fec-1287461db28a,Qwpvwsaxzh,24,France
3256a19f-42b5-4dd3-a66d-a45cd624b441,Pexbuhm,52,Australia
fa9ad8de-75b3-4860-84f2-2e1fc9d560d8,Ekiiruhzhozmn,18,Germany
5f6fcfa5-417c-4ccb-abd0-c1bdbf25a483,Tpbzflafttt,35,Australia
89262af6-f1c9-4796-afe1-a06d8f4454b4,Imwivijds,21,India
a61548ea-2157-4fc1-92b6-059e2ec071ac,Hgexfi,27,Brazil
e1a4f61e-f2c7-4957-b104-160a5b1b5d72,Fbrgticgaus,23,Canada
0d4c4982-db78-4dc5-9195-a04771ca874b,Nmlilfiikq,34,Australia
8b0753cd-782f-4cd0-a2de-40c39566710d,Visxmltncz,48,Canada
84e01d26-113a-4b86-b10a-951ba49c8554,Tfrkzuagpnl,19,South Africa
288ea7e5-c0e0-421d-aa90-679d356440d7,Lubufzchcqio,32,South Africa
d2b8e9ca-af2a-4287-bcdd-e1e996a4fc17,Gkmvtva,30,India
152c3c40-56e3-43c3-88bf-aaed590b9b07,Ohhff,30,France
958fdf48-5193-4aee-acc4-90f92e31b456,Jigaqoormh,43,Australia
8b10da96-3059-46bd-9998-4b644e1e694e,Cazrtrjxmhbguj,29,Brazil
5179d7f8-d0a8-4eb9-82c3-d80d601f91ed,Auvhey,18,India
8038e92e-46b7-4a2e-8ac2-9ce8fc5b33dc,Ftdg,43,India
c5564d35-aefa-49c8-8b0f-3a28d8033d61,Gvrpmsmvgycaz,47,India
c9cadfd0-8260-4bfb-a7e8-31ba53823995,Mkpeihptp,27,South Africa
9aca50ba-9df3-4a68-9741-da9941b514ef,Rqdinelxc,29,Japan
adaeeb82-ae67-4c70-abc5-90fedb67c54f,Zgebb,57,Brazil
5ec6e62d-c118-4f71-ab57-3e9927e6c36c,Mivrnlosmtekpds,35,Canada
9bc5141e-5665-447f-8523-a47bea4efb4e,Gmvj,47,Canada
819fffa7-f398-40c7-aa62-660366d19112,Bfduealov,29,USA
f5ed7ff6-0722-437d-9d8c-12698449db6f,Dxoietd,32,India
0e4cef02-19ca-484d-b821-4b3d8e909e3a,Yeozhadpzh,33,Germany
86531e7c-4752-45d5-b835-e009078940ba,Xtuswv,19,Germany
a2899bfd-528d-4599-ab9f-12dcd2812136,Zusisdrxqnfose,25,France
d1ae4aaa-e60e-475b-9b68-e17e54461e38,Ycnthsortcnb,58,USA
72eff830-6be4-46f1-ae9a-b7f577f64f32,Jkmkensolpmjdsu,25,USA
ce797d4f-acbb-4527-bb1d-d21c6d7ba711,Mot,57,South Africa
c74bad21-a980-46ab-ade6-c0c9e4e63830,Yvchjyoc,29,Canada
a72e912a-7769-4fa4-a8c3-348aa7574b69,Bcpcbnzplc,60,Brazil
9607ba6b-8f92-446d-9823-90e67d7221fa,Xyuxigwgvhzjk,34,Canada
62abc4dd-d114-49d4-8d41-4edaa74f6c25,Ihykxfiqi,26,India
d4a2e150-0975-463f-9fb7-0486ef6fb5e2,Ctwohsjord,36,Nigeria
b3149b81-7bb4-4b5b-9162-369d8b842bff,Czemz,43,South Africa
9e12dabb-c12f-4885-b67b-1351199630a9,Cct,48,South Africa
a73185d0-1df8-491a-9093-1e816253786e,Fcpowwqhd,32,Brazil
d4c403e1-46dc-4f23-b6e4-15d9afb042c9,Zichoshxmvbrld,29,Japan
a1f55775-409d-4ce2-9296-f89862a5f0ca,Hlxlbbyae,46,Japan
9a254539-ca64-4dd1-bca8-aec00c64766a,Srrrknonhyggnl,53,USA
eeff8e44-4380-41ec-a395-8330cb7928f1,Gtdoozuoguedod,28,USA
dd4c7ccb-64aa-40f8-91f5-343ad83d7e22,Kstbzmxqpljmm,33,Nigeria
f4ac999a-d4d9-4086-a035-d399d826389e,Iqc,22,South Africa
31866398-1867-464d-a7cc-e5d2b9607c87,Def,29,Germany
da9a481a-8679-4da9-bead-ee95bcfc0a09,Olguwr,24,Brazil
55a67772-3bc8-4cc6-808d-94b2c82d3906,Yqiscsybujrsoz,23,South Africa
f284ba80-e65d-4e01-9edd-b2eacb792daa,Khu,18,Germany
13d3b607-8aab-479d-9b49-2146583ced0e,Yazrnrvpibc,31,USA
b64e77fe-53e1-4aec-a06c-bf7acecb2a03,Sjqi,26,India
749c0d06-786d-4d43-a793-8d7b8b8153c8,Fjnmruftblsfz,19,Nigeria
53e020a1-3656-45bd-aa13-f1c88dea3d1f,Sjrbwwshvuryepj,29,Germany
42dba078-0336-4e89-a5c3-8da2495cf924,Afd,18,Brazil
47aa0e7c-6c57-48d1-8bbf-69287d09af6b,Tdmbr,24,USA
8904e753-fba8-4bf0-9f95-0c01355a767d,Wbpvbxa,23,USA
93198b03-a81f-45ad-8866-209c0567120a,Eat,47,South Africa
918a2293-2432-4565-a250-704bcabb496b,Ockwtsekqmwci,45,Japan
3e447f68-bbe7-42e2-b5a0-86f72ae5f07f,Qfsjmqwtqu,53,France
1b61d46e-ca5d-49e0-aa02-cd33e5fb52ef,Tltahns,27,Brazil
f66e2f81-e6ae-40af-888a-bc69375e2eb9,Uvvugzgdqpm,22,India
7e2535c1-f52f-4f38-af4d-0a6adc626c7f,Yutnkvhs,47,Germany
e939cd4f-5dbe-4233-9cf2-62467045184a,Dnctklqjowbmz,38,India
e7e3ee8b-0cd4-45c6-849f-9ba9247963f7,Hwus,56,Australia
e3f6d9fb-a04f-4217-8894-e381c8b0b4e0,Srzmwenbwc,49,Germany
54ffd49c-34a5-4f80-ae11-e1bdca87a7b9,Sttm,33,Australia
19a79416-2378-41de-9286-d6d8b7a9ec04,Dfjmvtxvjjf,34,Canada
dd11ad2c-8eef-416f-ad2c-80a7f771210e,Zzvyefpg,59,France
c0862a16-0368-4c76-8502-91e172c75aac,Cgddr,34,Canada
d288b44a-eda5-412c-b00d-7483d69e9b8e,Ibgutxk,19,Australia
378a7db1-0e17-4c39-a67f-32145bf2c818,Hnuph,37,India
969bd52e-afb3-4c98-ba38-1d0881164db7,Rhxkksq,52,Nigeria
180d53ca-d3e6-485f-a876-3a208c5417ca,Oxjchuyaax,48,India
d283c8b6-43e2-48cb-97c8-67847cd32dbe,Qlulyjkqi,30,USA
d7040703-dc29-4c4e-aa19-8480e153bd86,Xxzowynkqu,24,South Africa
a3716752-135a-4e62-9590-1a6acfd823f1,Eaovaqaarn,48,Brazil
c5a20719-abcf-4303-9765-e10731883926,Virylty,41,Japan
dba61d9c-3dca-4c2e-94c7-06cdd782d278,Iwgmksq,32,Australia
f4be5c02-d671-4528-a213-42daebc4f09e,Lhircqijkmopw,46,Japan
5dc33d71-6271-4c74-9f85-32a757b0e1d4,Wtqadloxqc,22,Brazil
48f00c8a-7efc-4ab6-8f30-ee3ba76bb579,Lnyjw,58,India
11ff59ad-a1a0-42a2-80fd-88dd4c048045,Azocajxboxzo,18,India
f1e4c069-9a59-4a5f-85ea-f44c09b56d14,Zdvdgxsqflpm,21,South Africa
40f99da0-7bf5-4ec6-ba73-1da45abaab51,Ljbvohpxjrek,46,France
64793d91-2eae-492c-ad3a-52c3a31244c6,Eyuy,60,Canada
db121c0a-6fc7-414f-b777-482a6ad01bce,Xehqxipmizjmp,55,Australia
f5ab3a8d-1f4b-42c2-aaff-04709c8f3591,Kqsxapg,35,Brazil
8470d93c-e9c0-4b6b-9feb-c0b7703a7c0a,Cabsxpg,55,Nigeria
a75dcbfd-a949-4216-bd70-565dffb7fb45,Dtota,34,Nigeria
ff0dd2a7-be88-4a25-b834-b193ff38e27a,Ceswav,23,Australia
59c1b80c-e29b-4ea7-a62f-e7429d3b8569,Czvlbal,60,Japan
746d3d04-f616-4104-ab24-b2c440adbb25,Zhwccn,26,Germany
acdedc5f-610e-498e-be47-3cb4092d5f5a,Grbnqgf,53,Brazil
7ce421d6-1107-44c0-8d61-e81fad4d2e44,Emanvdasbt,50,Japan
c62ccf73-81a0-4012-82cf-4fcf10c728a4,Bmekszgilgz,22,Germany
033827d3-185e-4266-9aa3-58456bd98beb,Kmmoielaj,50,Canada
38fa5a09-0646-454c-8338-47d40ca22d40,Jdihvrldvg,36,Nigeria
d6ae086a-0550-4a2e-b05b-49055043d579,Awnbs,36,Brazil
d06e5f01-873a-4c2e-9dd8-8235702b8781,Lanf,41,Australia
1eba46bd-391a-4d74-a3e6-e0db8bc3fe18,Ixpwzxbjlbvt,55,South Africa
752afdb1-9825-4069-91c6-756171e9e56f,Hyx,55,Germany
5a2b4606-9200-4629-bfb8-aa7bcfd1d445,Gptb,28,South Africa
0ef6029e-a259-4945-aa4e-04d0fe83d2d1,Tkotvlme,36,India
0f63d9c9-e259-4ce0-8e7d-42a8cf025289,Jbvrezvz,37,Canada
d1416026-ef18-4a76-961e-2bca6b362128,Swbobsotzeqvz,46,South Africa
ad9b58e5-2e05-42e1-a534-a7884ccac72a,Pciyxq,34,Canada
acdb0662-a44d-47cb-940d-e96e1b7952db,Sucs,55,Brazil
a8986f56-f5c8-421b-a8df-cdf898b4c302,Okgbyohh,57,Canada
90331902-b801-4981-982d-c6e23dab83d5,Wuffzaz,54,USA
ca6ce80c-1f6b-4eba-be89-76779bb8608e,Eheqgpl,30,Japan
9e4e57b1-5634-48bd-a720-ac07cd074f05,Kgkcypzpdfekodm,41,USA
51a9c11c-1e8d-4526-a861-f761e228f2ad,Rpfxohlxywcmhdd,19,South Africa
5ef963d3-6974-4991-816f-d97a005daab9,Yndfjskpbrsytoq,22,Germany
9fbdfa90-a192-4625-b0ad-d7a10b5ae779,Kbx,34,Germany
2f8df1ca-bfc0-46f3-b224-500881ca6944,Ydccivh,30,Brazil
a9e5c8e7-0210-4df1-9546-a49fed8d6f83,Aosauulgcb,53,India
0db1a08c-28fb-487d-9749-56e9dba2bcdc,Epm,35,Australia
bfcd9514-74b5-4d05-bc82-8c6e0725e3c8,Eiouhxmfpgsxzlz,27,Brazil
31a6c5bf-bfff-4b75-9659-23a79ffd2a5f,Enjdbvfmnlnur,44,Germany
73d7670d-b866-483f-bc77-f32fc1ca548c,Treff,48,Canada
434a3568-8390-44ca-8b01-d4affed46b86,Ifqmupwf,32,France
5abe5832-704e-43b7-aa34-f535e14e2aff,Kqfiwu,29,Japan
332a80d3-26e7-4839-9a91-c11fe3ec6bf3,Duliftixuf,37,Nigeria
cc842d48-d19e-4f83-989c-de5eece574bf,Wxwmegdd,22,France
5a1f8358-17c4-43d3-b589-820971d1562e,Gmrvonykt,26,Brazil
33801715-bb59-4a39-abee-f41c8d26160e,Ytekoxfi,27,Australia
aa1830fc-a7aa-45d8-848f-9d6ef1233115,Tumksjljhvuqsfr,54,Canada
ed13f081-e9f8-46e2-bcfe-937a84a0972a,Sqhyx,42,Canada
38578481-8b62-41e7-80c7-ee9e31be60b9,Rqydayqstxrrod,33,South Africa
fffc0782-d8a4-4942-bdc9-9a648173cd1e,Igyhguw,60,France
cb3c2180-9d38-4319-8fbb-8da2e3ab8288,Pfgvmxkyp,24,Nigeria
ed1ef7c0-29dc-4d5a-8dd6-27daafdd177e,Niuradebxyrkda,38,USA
8f1760b3-ccf1-4c72-a3d6-2d0606545b34,Jiyvxyuppkhzy,18,Nigeria
ca447d71-a4cc-483b-b3be-bf379dd69b8c,Ujawbshswrfwzp,23,Canada
a1d9d372-7b65-4f7b-96bd-74cbf450cbeb,Caofzbrdtbs,50,India
9dadcd0c-1d16-4930-b9e1-8d149bfbbbbc,Owfkwhk,47,Brazil
4d964d14-6b11-4a46-a468-8421f0448eae,Yedluvs,32,India
197b2e38-d76c-47ff-ac36-bf7fa29b1050,Wkewatx,59,Germany
3b7ead8c-5f6c-4e7a-8e8a-0f674345b50c,Ivurayj,33,South Africa
a4e4b452-13db-40ca-b791-18c122b28ba6,Pjpwhwb,59,India
b45ee847-be69-482a-ac21-007d508ad73b,Mjobbif,41,Japan
a7613d72-80e0-4579-b287-4c1429153506,Wsbueuzro,36,Australia
36ca0675-7328-4c51-a991-9d1d283a1fff,Snk,27,Brazil
8d8fbd8e-ab64-4469-9514-993e679f7834,Nnr,23,India
a9cd76e9-5ea1-46bc-a211-d2a6033b5cb7,Bakcvygakhkucmu,45,India
aa20782d-1f9a-4bcc-99ab-0c41ba09b295,Ybccokezhca,49,Nigeria
f6394401-66ea-4187-a895-4a835a4bd636,Mhwusbrzn,51,Canada
be07fc73-404e-4a6d-be96-4290d71e53bb,Bszx,46,Brazil
b7dc6840-3bc7-4e0b-991e-fb95c132ec13,Uiolxovyclcgxk,19,France
a84d20bc-0e00-420a-9146-176845981892,Ujkrhvvz,28,France
27ae0ea6-2873-4d6b-b5c9-dc8decafde7a,Hqncep,56,Germany
6c0a0190-41ac-4bb0-8c0f-817e580a4360,Dsomt,53,France
66b243e3-74e6-46b8-8cd1-0678083b4e5f,Uwfdjkhi,33,USA
49406d76-59e7-4a8c-9e6a-393ca33a9f72,Yrm,57,Nigeria
ce264967-d9f6-4152-a505-21ab5bbe3190,Fczvzwuv,56,Canada
f35bcb59-d02d-4786-a4ac-c4f3e5f06965,Ktoqossbe,37,Australia
30a5193e-4d2f-44b4-8afd-3bb627b09d10,Liagphyml,55,Australia
802e0d77-9f3c-4bf0-b22d-ab151cf39a44,Gvnt,40,South Africa
0e7f9af8-31eb-45dc-a420-7bc166c9c056,Mfxkvb,48,Canada
c31642e5-7ad5-4ad0-9e7a-03f408c1fd6f,Sutbgsrshwrlvem,20,Germany
661487c1-ffa2-4a8d-9c61-1e36b8a43e6d,Fyxnsahl,48,Australia
5b20f962-63c6-4116-a191-3b3f2a455aee,Qyqfofudkk,40,USA
275097e4-2840-408e-a194-f0aab6072951,Bfalwysqqpdmu,27,South Africa
bc75bb66-2be7-45b6-b07c-80abe8c18b86,Rsywgpbcail,30,France
8df0aec8-7d74-4f42-a3a5-e0ee659193db,Tktajtms,40,Brazil
bb5778cb-04ff-4542-9531-6671415998a0,Mihbysfcbrwtfa,50,Canada
ddeac4aa-7459-494f-8303-5bf14327a096,Faquddyabmnxzyy,47,USA
0c011737-61ce-45e6-9475-acc4ebf7f4a3,Cwl,30,South Africa
2ba2c290-fda2-4b8e-bbfa-9920c4b9d1de,Vzvtxdlhnsz,57,Brazil
f021afd7-05fa-4e7d-a94a-b74cf0392e24,Vxmytgrozwx,46,Australia
45f3581a-38aa-4957-9cdb-8753e4b1db68,Akiygejhzozxwtz,22,Germany
75c1474a-a3dd-4eb9-b871-dacde50d90ef,Vjdmtjjftvzimqt,28,France
d2963760-ec70-4472-ae8a-04befb9e9bb7,Mlv,36,Germany
9df3dcef-a724-43a2-a4e6-6e447ac07ee6,Diekdjeftdpb,50,Nigeria
0fbea042-9ea1-44b6-a74d-c277a9b2c111,Nlrg,36,Australia
a5c65b18-e51d-4e0b-b725-2a5c760c1448,Npxyoqx,30,France
88ef0cab-6089-4d3d-bbce-9256c522a827,Jsqebfrnkdro,28,Brazil
1832e642-c419-4a8c-8eb8-9d1d3cc8ac16,Qymwkipvqurze,31,France
442061db-5db1-4e2a-b684-1545141f7264,Ialzgjv,47,Brazil
a77d6eed-cd2b-4a12-95cc-f5862767aa2c,Pgao,18,Australia
92ed5954-6d22-44a7-8e31-8d9d660a9ced,Wpvbfrkayrj,24,Brazil
9e463838-ee96-4af4-acdf-1e017c5366e4,Vflerkuhyytgh,34,USA
301c13ac-e2a5-461f-b7e8-4b1ceb867ac4,Pqoxjmowuvqyj,23,Australia
17c51603-db28-428f-971c-ffb8c30a7123,Rprvpppf,50,Brazil
2e07d84b-7288-470b-ab47-02d103f06495,Epxzvrvfmou,31,USA
6f8e3d7c-27c4-4caf-b77a-37de0a672fbc,Rhlqwvxaca,47,Canada
74be3d54-5af0-497e-a5ce-206c1507dc31,Oebgjqkcaeq,23,India
d0b5ef47-6f55-4ab4-a39a-92e718eb2024,Cyaiyrjvtb,37,Nigeria
0bb4fbca-5d54-40f0-a55c-f2889eac34d3,Pzdvuipre,49,USA
e395a941-41f5-4103-9ffd-c08e2bac5a35,Jrvh,59,Canada
f95bf502-814f-4289-8d2e-925bdb3d8d49,Mbtcimjeim,56,Nigeria
e264a84a-5213-4750-a5f0-edfaf5af6bc7,Ogh,55,Australia
e5d55ba6-9fbb-48f8-8691-6fa916beee7b,Birxhvfuaus,59,India
6eb7f102-d831-456c-9ae0-ce7ba215d8f6,Imeqbnng,19,Germany
da062646-7f72-4d0a-978f-75a2a0da3252,Ylpqrn,19,South Africa
f8833690-bcd1-4b42-b17b-6c4aed14610d,Iizttkpjinvnn,39,Brazil
6853cac0-0ae6-4d10-8e43-f0294b4c9405,Ezbuisoyhyndy,59,France
5311e6a7-4d66-4a3d-9199-39eabdadc6d8,Wzczrjpisyeojq,41,Nigeria
45ef7768-db19-4aa9-b1f7-b5edd6ea03cb,Lbpozlhz,52,South Africa
eafa3b8e-e355-45d9-9982-c863c134d41c,Ppulag,46,Australia
22f1d91e-8262-4b94-a9a9-f36ce414c18f,Dbmsm,51,South Africa
74c633ab-1f22-40d7-a307-1e3f2b291726,Vzka,55,Australia
38dac120-e38f-4b5d-9fda-a5339db64df2,Hcggywhcehqy,46,Germany
3f6f0e22-cc53-470a-9355-6e4ae9059797,Nanyal,42,India
cae7b796-f7d8-4704-aa19-85800f7ae7e8,Cwunofxnfbx,29,Japan
fed2605f-fb2e-44f7-8593-465c08863745,Dnjzqt,25,Brazil
8f9fb489-103f-4174-b529-0d061beacfa4,Lrgnvzccvncibwd,34,Japan
5878c83b-4879-4f91-9afb-e2154ac40d2a,Vxknzoifhqbei,25,India
3ae4938b-075d-4707-b5e2-9f531cd78000,Mcttodtybpsm,47,France
20e344f2-e331-4af8-88cc-1e736c841017,Lpx,23,USA
e7607fc5-3b8c-406f-8a33-66078c6c3c30,Kygfi,20,France
2d7c1794-6c08-406d-b95e-ff72cb623147,Rmcc,37,France
61290b0d-ce9b-419f-928b-1942c8d58f7c,Dnufwaej,44,Germany
296431cd-60ee-4a7d-ac8d-abddede4321c,Ghmtvzclcjczgf,45,Brazil
104e9e27-4f25-4b97-a848-0bc1b6e39293,Jggdpzio,30,India
94619006-3f95-438e-9214-bef8a580631a,Edophl,55,France
1bcdb8ba-5053-4278-b90c-d86603e5a950,Gilqsrxyyag,31,Brazil
19f3fb59-6178-4853-b7b0-4584eb2fef6b,Zkfgokr,19,France
0c8ddcb2-858d-4095-853b-5028cb83044d,Bev,50,India
5cc6be96-e8b8-4764-be61-cc7c2fbbf205,Mcoydanuidczp,19,South Africa
0bd180bc-82ac-49bf-a468-e61dfb476ddb,Sygzh,54,Australia
164eb8d0-618f-4f7e-b04e-cc139bdd056e,Seq,19,India
90e2db89-fea1-4b06-aa6e-2646c6ea0ed8,Pridxhgfimllz,32,France
ee935286-d7d6-458d-9845-3177af131232,Beywza,33,Germany
fe631f3c-73da-404c-8b18-36e15d5acf4d,Dnbgvowkraz,46,Canada
764c5a94-056e-4501-a842-dab3e147df0e,Yjq,23,South Africa
0adf12df-5786-4e04-b8f0-614787c8da41,Cxvzkjqyyz,34,USA
fb963e59-d7df-4e71-b759-13adf0d02d01,Ctdbo,41,South Africa
50f82ae0-f291-423d-a4ef-7cbf1b721c79,Mmhcxqllhryrac,52,Australia
d45e911b-55b8-4693-af75-c0ceae8494e9,Jsmcaiglzdkxkb,43,Australia
6c4c1744-3773-4673-8b96-d1f00b027ce4,Odzn,26,France
f68fe81d-3963-470d-bed8-f19a068cd456,Gdz,47,Germany
4aa3911b-b7c0-4155-bee6-58a9919ac5a0,Cfpoagqkytpasxp,25,South Africa
e6b5b14e-e4ec-4322-90dd-2bb61ebb711f,Rzoxplcz,55,Nigeria
ade71afe-3525-41a4-99b0-085d5b7b95cb,Kjmmp,30,Nigeria
c70085fb-0e8b-4e6e-a5de-aab75c3063cd,Wnzn,56,India
0b582558-29dd-436f-8099-b60d6c219d7c,Qavbefnkr,40,Japan
3cdb245c-3257-46f3-8c78-7dd4714a62fa,Nnyogahgpwtxgr,41,Australia
72604aef-888f-42d0-874c-6fe538f71762,Qbmv,18,Nigeria
4abd93d3-a548-473a-9ab7-1f724d2a84d3,Yysnm,33,Germany
22912621-deaf-49e0-a158-54c704f2daa6,Mudtgdw,21,Brazil
982dace0-4338-428f-a72c-3cf466004bf3,Kqyjgdou,23,Brazil
473476d1-6c0d-4f23-ac0a-c5eec82b7cab,Elnpkxa,51,Germany
4156ab23-343f-4a1b-918b-4f888053ea14,Tjw,19,South Africa
86391a17-c899-4451-9ca2-be68c551cbf3,Jtgv,34,India
98e7996f-9b36-4a86-9b0a-c160ce3e7ea4,Kraguvzpuy,59,Germany
3c8cf713-9c75-4d4d-a4d3-d3faa7da511e,Ucfabsxunupc,50,Canada
34267dc5-20f5-43c4-afe8-161868a4429c,Oczeiyisskpbgi,18,Brazil
b2ab87d8-32af-47b9-9bb1-499c51fc8887,Uxhoz,26,USA
a7410a15-465e-4f33-8aca-2eff0e3be32e,Vznakrqcup,20,Nigeria
3454ddcd-ced3-434c-b3f2-8202fde2c1cf,Xkwxlqzybc,54,Japan
aef820d1-d49c-48d2-8f1c-c02e3fee5857,Wpdq,52,India
eeb48c54-1c89-4137-a1ac-48d666e2f833,Mdyhmxvjcxntvwk,51,South Africa
31f3ef6f-bd8d-45d5-93ac-a94a454bf3a3,Oojd,37,Canada
f9494add-302e-41ad-a8f8-b63c8957d943,Veiilsyuolhqgm,46,Brazil
05dd7d55-a7d0-4c3b-b7c1-d9639751c704,Wlctiqylgmovnz,42,South Africa
560bdd7e-bb2a-4d6f-a7a8-4dcaeeece30a,Mrirsrdzv,52,Brazil
e9c32da7-9d1b-4bd5-b7bf-fc6f5735ac24,Lamhzwmjxtuq,22,France
9ebd361c-15d3-459a-90c2-530484203924,Gnv,57,India
477dd773-6614-4dea-8785-33c914cfa45f,Zocyy,59,USA
de6fed40-cd92-4732-b4a3-20e9862dcbfd,Aixxbnoavfbv,33,Japan
62235392-060b-4f60-b25f-604d62d30559,Mppulwdoxvjxblf,53,Nigeria
b4e7d4a6-22f4-4f7c-b5e9-11372a0dee52,Swdtbtqkffd,54,Australia
19bd31e4-44bd-4b43-80f5-3c1a29c3656f,Kciincldbszfbrr,27,Japan
b24ce9a1-9d43-41f9-8184-cc4193eca1d9,Axvuuxykxw,42,South Africa
9c857382-881e-4682-ad27-368ac7709f7a,Pebkeopnque,51,USA
3a400673-63a9-46b9-b6da-25d6cb0fec82,Lphimhsu,43,USA
a6dfafbf-a9d2-4452-abbe-7f962a85f0a7,Wgavtfodzen,42,Canada
a830b40a-99ab-407a-b103-56424a20fbc8,Mdtwxnx,22,India
86205e8c-6b1b-47f2-99e5-5df08e5ec55f,Lasdlbbxkcfkbwa,47,India
4ba57c99-7750-4ed3-a5ef-83d035433fc3,Xmy,51,Canada
857f7f3a-5404-444b-b483-4d47244f75d4,Hrmjspid,35,USA
6d029e54-d18d-4cb7-8243-2b805b0ed357,Zej,49,Germany
fc617021-3e2b-4e42-a833-93ffadfdd355,Xbknyjablo,42,Brazil
4bf88c19-6e5f-4d19-91db-0257b3ce9a67,Dzhwazpfrvnycip,25,Brazil
e19ffbe6-b09b-47b4-b4d9-3239cf014966,Kduphvo,42,Nigeria
9af6de11-5378-48b2-aa13-d76c847b4d34,Zpmwlwmauvmtke,45,India
0f5b05d8-e064-4537-b5f4-a73a08f674ff,Krgtjxnccrd,38,Japan
969aefd2-8e7f-4e77-9bd8-e6baa4d8389b,Ettlkjdggq,46,Brazil
23bbf816-867e-416b-a16a-15a14d047bc4,Usbavbteisn,25,India
043bdae8-93a6-49a5-bfa1-ae7ffe5b3b9c,Uocmtznpwefyfg,50,Brazil
76e305b8-6b69-4971-877d-9316783c175b,Xwzwqepryx,50,Brazil
ab15028e-dd46-4e7a-9aab-9984df968406,Psrqhsa,25,Japan
1a79b540-9fe7-4fc5-aabb-a2e8b9bbd573,Kdxpne,39,Brazil
d875de43-f2e4-4111-a973-71a97542bf7f,Jrkuxfzx,40,Japan
eef03491-237f-449a-9fb1-209801937733,Bwcuncbbx,20,Australia
add104f3-4a7f-401e-bd2c-e16853eea8ac,Cgryuieobkf,47,Japan
3ff5b7f7-20d7-4a8f-8f1b-8e6052afc251,Vyavt,49,Germany
6d29d510-2ca1-4930-be0e-79f630851f49,Eow,27,Brazil
5312e81a-f7a7-4084-95f9-55e8d96e40e7,Eshdvnthhl,41,Brazil
dd28aa6a-3e24-4dcf-b807-c9a7edf20e7a,Rdkasykjmshbnzp,44,India
60e8ba68-7c14-41cf-bd7c-9db604008573,Idguymdjhikp,38,Germany
8a2c07fe-f7c8-4786-81e5-96a75b6faefc,Iyccclfmx,25,Japan
2d1d2c1a-7a91-4e76-b965-87dcf135f572,Hitkhuta,34,USA
a5f66511-fd8d-42ac-8155-662d96ecfc94,Yunvauswjzk,37,USA
f120d25e-2d4d-459f-9384-a05ade59774a,Wyquiovjfb,33,France
94539557-bd35-436f-bd74-98285f9adb39,Kbtmmzhybhs,41,Germany
958e86cd-0366-434d-ab7a-6af9f657de80,Eppfuu,43,South Africa
441b5add-9b1f-4e03-b637-a24de0d48ccd,Rfdmm,40,South Africa
1b15ecef-40c7-4397-8a17-27127aa5afd8,Akxaea,19,Brazil
d5956c2c-c177-4cfb-a745-f9d4d0d8eb33,Feyxbezaeso,52,Brazil
b28efaf8-14c7-4de6-a156-502458cab7e8,Ovpnfn,60,France
b735281b-7a56-46c7-a60a-e7c3b61da1e8,Rqp,20,South Africa
9225f8c6-d11d-46a9-8e96-529844e88805,Htyllzg,33,Australia
e523f674-9232-4b53-9421-de3b2da4b1d3,Opnc,24,Japan
197547e0-b50a-4a6b-9297-8cfc3fe0462a,Drek,24,South Africa
8c0b1458-0c60-4718-95ec-38f204c78ab7,Krum,52,Canada
5afd5cbb-7aec-4134-99f0-65681daea4c5,Ldihv,43,India
9b462795-b779-4358-92cd-e8f756bcceed,Zflzwo,19,Germany
cb919dd7-9f5e-4f99-af19-c36b25e4c2cc,Ohwsigopjle,33,France
d26e9f9b-be66-40eb-8e0e-fa9357d88504,Raybhcdxwn,41,Australia
20dd49bf-1335-43c8-8c72-5646e48958ba,Txdiocgxpg,45,Canada
2de93f99-0585-4cbc-912e-4c1465286be9,Bcetzdzykh,21,France
21e068f7-98b7-48c2-885d-bc31ec6ec519,Gfizyi,47,Australia
5085e7b6-7cf4-42e9-8952-28a0783a49ae,Gwdtt,41,Australia
13c8b8b8-ff95-402f-8f5b-6d589088efda,Wtwwufmzhan,34,South Africa
cfb2d3bc-566b-478f-ace2-570257080c52,Fqclzgccyqqwl,36,Nigeria
38ca3aa8-fec1-497d-a8be-fbc5a6b742c8,Kjkcs,46,USA
ba5d0a2b-4958-40a7-87a1-ec591bf513c9,Lkbh,29,Japan
1af9fd5c-793a-4bbe-81a8-ba6286088d46,Krsdeafguz,21,Australia
b5cf8a90-2f7d-4a22-90f3-3bffe2b4a26f,Xxmdxumb,51,Canada
b4a3bfaa-6e50-4365-968f-170dcef86737,Nujdmumgpoelfi,43,Canada
951005dd-6eb1-4c4d-be9b-a982d06bafe7,Iikkfa,56,France
30bada75-298e-4d46-a4ce-713f97aa8616,Vemukzjcxamdide,25,Germany
ac9e484a-7d89-404f-8b1a-919cef16e281,Xjakagdk,24,USA
6aa7876c-81d9-4347-a590-5a3b7b3755e6,Lrfmoggzyelt,34,Canada
d4799b34-d4fb-4d3b-9876-ffeba70b1c9c,Jvuzdbjhhup,33,India
d538ea59-cccd-47cf-90f3-04b93e5f3b7b,Fmd,44,France
5c8ee63b-edac-4fa0-9697-4bc760c94cae,Nijcyv,30,Canada
c3d77f72-c8a5-43d4-88e7-91cc9d0dece8,Ccl,55,France
5c98b4e1-5b3e-470c-8a17-06add3ef039d,Yhsfwoqez,20,France
ce899a87-ea04-4b2d-aee8-854d11214b01,Sse,33,Brazil
3bcf1143-c46d-40c6-b51e-428c7f11fa99,Mtsvy,33,South Africa
c8db8d03-65ec-422f-be32-a068752f7144,Nibpwbsnrywm,45,Brazil
1c196c03-aaf7-4996-80f5-75f7ea526e1e,Cnvol,27,France
efd83ea0-b244-4b3a-bbf1-4f8054799f2b,Fgdlpvok,48,Germany
93b839d5-62c7-400f-b66b-4c2296dcf9f9,Lkidf,22,India
8c9ee386-c679-4ca2-9884-69524e4cc304,Cikufwtpnop,49,USA
36673089-4182-4b2b-a6f5-6426925cf229,Ids,33,Nigeria
6630ebe4-6533-47a3-83d5-a88ab982269c,Fxpfploqgzfyxpf,44,India
247dddc6-18e3-408b-8860-c2e3159559a5,Btdcwvmgjdmlm,31,Brazil
05a095e7-57de-48df-b6f9-b851e2d0f00b,Cwryh,52,Germany
5dac39e3-4e2a-4474-bbb2-595c5eb3ea06,Ckwykpjio,32,South Africa
7b5d9ee1-dab1-4b18-bbbc-2cda1703bfa9,Lcuckvvy,48,France
ff3e7aa2-19f6-47fa-a42d-dca7fc9e2b60,Wqnihdvamr,48,France
5bd22d19-d7e8-4b1c-ad26-ef105e7428c6,Qrcjbas,38,Nigeria
3a0775ec-74dc-4519-a765-0b8e0568d256,Woycjjtmtopwet,25,Brazil
07c4ae25-7a0a-4ad3-88c5-d13a2c225721,Navtcfggekdxyu,57,USA
3fd0b077-c21c-4211-8e72-edf27ebd9f6e,Tjrdzex,38,USA
cce98562-f3c8-4c0d-b86d-75e873e6ca78,Yspudjhlbcatrt,47,Japan
5e28b0e2-2270-4222-8236-c6e332c42fda,Xqhihnxngxi,24,South Africa
88b5886b-9763-4a91-ac5f-17e79f31e35a,Txnaalzgl,48,USA
6451f2ad-f7d4-407f-96b2-eb49cd94d81c,Fdqh,26,Australia
25963eeb-b126-48a3-b741-321889b774e8,Iif,57,USA
83eb03cd-8637-4307-bef1-385e6229753d,Lkmngk,41,USA
15c77786-c587-4673-8849-86ddefab7128,Tmsfvhdmndqer,49,USA
a42722c2-f68a-479b-8003-13c42acf7c8b,Xcdgbqfrabvrjs,18,France
6e7f597d-ead7-493a-b46b-0df068cdf8fc,Hcmwqv,44,Nigeria
fa7cf8c9-1d84-4352-96d2-ac2be7e84830,Seaqfapbbok,60,Brazil
b10f0af4-46db-4ae0-823f-94d78dd6b593,Rnbnflcuotg,44,Australia
e7503525-ca93-45f9-a518-bb8b1b5ff29e,Jmads,35,France
5cb43d84-995c-4e3a-bc52-4f6da0635d7c,Ldqgzodalx,43,India
3945d5b2-0f4a-4895-9051-b913be715f0a,Yqhxhvadu,25,Japan
f2a954cf-00d6-424f-a14f-9210264a61c4,Onenugla,18,USA
01d1eb85-6ef6-45a6-a546-073a3636d2ee,Jgtsqxlpn,24,Japan
42f158cc-d0d1-4727-abba-0a422531b49e,Ejuhsseslu,49,Germany
6680d4a1-305d-499b-9265-eccd6231e0d5,Ffjhynnn,42,Canada
34857268-86f5-48d7-9bf2-d756694a90b5,Byll,24,USA
5528354f-c67e-4aca-847e-e627a6b96608,Hkyqzuurnsxeqk,57,South Africa
08d3c3cc-afde-4ab8-87d1-6d2b6e06086e,Tzbqmqfsnbe,52,USA
800b05cf-b388-43a5-a90f-a7b868460a28,Sgkerhkkqmun,48,Germany
e2a6ea23-8100-45ad-b9a6-d4fd84608472,Omov,55,Canada
ff475afd-a038-4ccf-8183-c587645b3d5e,Ddsgpn,30,Brazil
190bc841-a7e8-438e-81dd-37ff06273f92,Anxceojlsy,55,Japan
bbb4697f-5413-4b4a-b63f-226c2ab1b9c9,Yenawkvbdkbih,55,Australia
48370a3f-310d-4f7c-8dea-98668ee3833c,Sukxqu,41,Brazil
ab91cc77-e1c6-483a-abb3-d2f6c7516fa0,Qgufdt,42,South Africa
e1ef1d67-fd93-4bd4-8eb2-85e20ced70a8,Efdzkq,60,India
43542f5a-e8ca-4981-a988-4d0fcbc88311,Dvcajskwc,49,Brazil
cd31a096-09e6-4692-a2ed-8effe2655089,Nny,42,Canada
c5ade28d-1f1d-4778-8304-4e88cb08dfce,Uywspiio,30,India
1bf466f9-873e-4e43-81d8-6989d626050c,Flcsrw,48,Japan
f6b0cb94-96aa-431c-b14e-beb868373b94,Wuyh,18,Nigeria
89972b93-76cf-4d56-8a36-21557a3abee8,Ibctgvufbqw,38,Germany
b79de8ac-11e0-4164-9861-30a8d06c5fd8,Cpgsw,42,Nigeria
ab4a8114-17b9-4652-aea3-e7c49cbc8c43,Llrwxexqlsqrbgc,31,Germany
a8b21b0f-6e56-44ec-ad76-774b64049927,Kbtvrvxydtfjo,33,India
08e999b4-bc50-4d65-8922-6b5b2c20a9cf,Dmaloehoc,20,Japan
ef108bed-3b81-4a7d-b32c-cb75f0dff711,Qoqldkw,18,South Africa
c9d03805-8748-4ddf-96cd-f5a7131fa4da,Zgqxvkkq,41,South Africa
5e24fcea-9bf0-4ee7-ab93-95901213deb5,Kfkkeevhmxhueua,38,Canada
fad17923-5b83-41dd-80fd-e6d51cbddd1f,Watpqeoaafad,44,India
9faf4286-5e1d-4a9d-a074-1aa2f6abf10e,Zmvvsfmdukn,21,Canada
1fe44a84-ee6e-4e02-a55f-337627823372,Nrjcotalrjsug,34,India
911a1409-f67a-420a-997f-fc2be523a91e,Xfaufieknyqb,53,Canada
d9b3ea1a-c185-46a6-999a-376e890abbce,Iyfdsqyg,45,India
3a129d4a-80b0-47d9-9e01-85a2c5d589ec,Aoovdtyy,42,USA
bf6bb2e2-5895-41a9-94a4-155f5acb7ff6,Utfmskjvrafwsgq,28,Australia
5681d94f-0a97-4f3d-aa83-e3bd97025f30,Cvkchvk,32,France
39af8880-c642-4f46-824e-79c40163ab82,Zdsypnmtptu,59,Canada
56832117-8dcc-4072-be20-362d1bca933c,Mscqfrxb,21,USA
de7a3ab1-a977-4ff7-ab6f-1c09879a9e2d,Lxbgj,50,USA
6ac97a8c-a434-4e84-9982-a964bfcc0d69,Vreleipphbp,36,Australia
d7bc5674-7889-43be-b2ba-3d2015726f3c,Mvsnvfwimvqanf,57,South Africa
7d7e0933-7212-4c76-98a5-b126d0ba0fd5,Uec,20,Australia
9d26d42c-ebe6-4b84-8c72-a9f6f29674c6,Qoiiqshrhntq,44,France
125111e9-a969-4742-8c53-a43a9aac909f,Uwd,30,India
32a18fe9-1dcb-49ba-a2b1-3ebeaf125f8b,Lxbvhlv,44,Brazil
ca90a6d1-bcf1-4ae9-bb40-75b0dbd6774c,Heahpynhcokas,57,Brazil
ea6f5b1a-a373-4bf6-a88a-4e8d1cb50fc9,Zwwdavhxeqrm,55,India
34611f54-bccf-4c94-8cd0-cd4173f2b6ae,Hppzxgxctvpgib,23,Germany
939ee593-62e8-400e-bcd0-4070e93d06b7,Nryucerfyrsxo,30,Canada
5463cacb-bcd6-4515-925f-df7f4c68c3fb,Lkeqcg,37,Japan
9fe6f964-8cfa-4695-a0ed-3408848fb45c,Srxqkavkkom,48,India
8ebac834-c631-4f42-b7ef-b36c16d76d98,Ejrnangncmefyk,33,Japan
77c1c25b-0f5c-403e-856a-f1935446a665,Gquwrurhruew,24,Australia
eb5c93ea-8342-4b63-9b59-1b50f28627d7,Eohv,30,Japan
b5767c94-69ab-4d8d-a996-d25d44bed4b6,Ojgmaybsubt,19,Canada
690144d0-c6a5-4d54-858d-ff501068e59e,Vtyblvazxebp,18,India
1e62104e-7cfd-4d85-9236-2ab95f5b2cee,Xfnupctudt,24,Nigeria
8cc69677-da67-44a8-b34b-952721f93924,Lgx,30,Japan
36cdaad3-054d-4f62-b35f-d5bb84fc9764,Cxtdnouhozvlq,38,France
0cf9a5bd-6006-45e7-bd8c-5ea536c22117,Woihccfiu,56,India
cdf28a80-892f-436e-8f5d-645aab84b82f,Jxsidg,39,Nigeria
9effa862-99fc-43f6-a7b9-7d82df6cff60,Niikvdx,59,India
fe47e822-d552-4cef-a518-05eed9560dd0,Etk,20,India
ab6808dd-ac6d-4f29-b337-4d90e66c4c48,Ubydpjfbbycv,56,India
541d72b3-20ce-4c02-a4df-b4aacbb68e34,Opfpton,42,Nigeria
f1d5e877-d535-4058-a2d2-b68d4960e1bb,Blsysmxq,24,Canada
2681b8f2-6d06-48b3-8448-1ab33e61bb89,Ayzyy,44,France
2ab495ac-0dbb-48c3-87e8-d182c49b328c,Gwppmnwksoc,41,South Africa
7273187b-a0a0-449b-b50e-0732cd3f83f2,Dwvcbg,43,Brazil
de339bec-59a2-4361-8084-1a4bc914378d,Ixj,48,France
293169ba-9f79-49e3-accc-df3a0070322a,Pililfqhk,25,USA
0d167e78-cb34-4922-bdc6-07b08cc7126f,Jzzbxlsia,60,Australia
9f61b90b-51a7-4365-9d2b-9e32b6c65a9b,Hue,54,India
e1c3c8b7-b1db-49a1-8131-231ec0fe19dd,Zclvk,37,India
e49dc270-a670-4fdc-a216-f63213737b50,Wiyna,24,Japan
8be3e795-ffbf-4411-8a26-0618d7c21f0d,Dkm,46,Germany
e6d4857f-1bdc-4d25-ab0e-1a5a8a16d92b,Ykwujpm,57,India
785dfee5-3151-428a-ac81-eb0a76e77992,Nmqpqqfuzdx,58,South Africa
03dc824a-1d48-4e10-b28f-e378777d1f3f,Unfwsembkaoek,42,Nigeria
ce141c27-3770-43a3-b639-d1e37934adda,Gfzqlrnatr,37,Germany
8a4b4d08-3d08-4ca6-946a-2744fdf7990f,Jehrned,28,Nigeria
9ea8bf51-dbc9-441e-85a3-6e44e0d44d9c,Zpytyldvclmbsw,32,Germany
398d4bf2-2a53-481a-8562-5416fff8b99c,Faoqmyp,57,South Africa
bd8aac4d-e8d4-47e0-84fa-5d9e3cc04b4a,Dkz,42,South Africa
160476f0-7584-498a-b5cf-a8e46abc1518,Fymbtbuoqyanpz,44,Japan
0f885d23-e486-47d6-89c4-7d9409c07f40,Imeje,60,South Africa
15b32455-2a2d-478a-bfd6-f47f293cb858,Cppqyvdjwfhbwzc,29,Nigeria
b0e150b1-6bea-402d-917f-d99d089dcf51,Eayw,18,France
41fedd6a-0e79-4a16-8ead-a914843a4e92,Mdsrzabc,39,India
0ffd7ffa-788f-4361-a0fc-77d9e09c4734,Aehd,50,South Africa
ea15c607-2094-4841-b896-118130e95d20,Yevazkhmspr,44,Japan
6def54ac-b89e-4770-862b-45e65e4ae5ed,Nvxszmmdyyje,40,India
9cdcff2d-9a43-4d0c-b3fc-53c6752d21d1,Djh,38,Canada
61a50cf5-0730-4253-91a0-cc390f811108,Wqtr,49,USA
f2e7bdfe-19f9-4abc-afda-ead979652e26,Oqhbyvjkzmpb,58,India
2bc3b208-b5b8-4b27-912a-6820b8082c33,Cgxvdcw,59,Australia
4b173804-fdc1-4ecb-8d00-f779f0b2cf9d,Tyuhd,55,Germany
3f0724f1-3a99-485f-a5b5-532dc3ae9fa8,Dfbigvrn,35,Germany
7dc87c13-6d02-49ab-829d-4833b17751a4,Tgaqtgeazboyv,34,Japan
c5ae3209-9936-4a6f-9a21-420f5295d43e,Rwnbbfq,23,Canada
e5b26792-29fc-4668-ba9a-fd4f329453cc,Uopwvpodvkltgxb,25,India
eca84486-2df9-4b6c-a72c-5a190e421829,Yxnnsg,49,Germany
752e85f2-d89c-4046-89f7-923aea801964,Pfpiczyuesec,27,Brazil
862032e2-2b7c-4452-a262-fa08731fb1bc,Jheeifcvdtnihx,29,Australia
d979027f-8b85-424c-b7f3-6f4958090f82,Psqdocmmquvg,52,USA
25918835-9877-4935-a408-3a75cd0708f0,Yyhqo,49,Germany
b2f92eef-a72a-42b2-8b6e-8d61500267ee,Qwotrhp,56,USA
ab07bfc0-c1bf-45ea-b048-7398c81ad384,Wxthotiipqatd,39,Nigeria
8c3126eb-fe93-4183-a723-5017c76cae62,Kxdbhme,32,Japan
bc5105fb-6af8-4e26-9574-7271d7eebb22,Lkamnhxnwyojv,42,South Africa
54952afe-1bb7-4ec7-9b5c-849d1e3c31da,Pyqjjg,39,Australia
9b17888c-a228-40ac-be64-0a334db5adaf,Fhdi,29,Germany
5bb86030-ae11-460a-94b2-4861a9dd8c2c,Aahxynudpevakud,28,India
87c80a0f-e35d-4a28-8441-5ce0a1a03ddf,Jfbvgnnta,43,Australia
be8d5160-dc31-4733-b9b8-717fb0621fc8,Bspraj,40,Australia
134059d5-1847-4748-8d47-456fa58d4af6,Alozphrnvkl,52,France
901a6d57-ada0-45df-a0ba-e3c7cb3aa854,Jhehqu,32,Germany
508a73bf-700f-4ca1-b61d-3e3686d9a290,Fzidfuggjwmljwj,51,Australia
b8866dc5-0828-4402-92d6-c9013968c7d5,Domusbriwzh,41,Japan
89a6f503-8771-4eb6-aff1-f86d7dd5932a,Uvbccd,34,USA
49af8fd0-8a44-49e9-aedf-c79c049f5e3a,Zbyy,20,South Africa
555f095e-7257-42e0-b05f-c6be7057edc7,Rycjubrmhx,38,France
a0bf6fda-bde6-41ea-90b1-3157882acc12,Pzn,45,Germany
c4b3c5e3-229d-4422-9b60-e1124c462595,Riqsnxqlpi,53,France
bc087558-ac5e-411d-9fdd-547c3f0e5aa2,Ehsnuaplfctzqo,20,Canada
e83d3a97-f418-4a75-852b-b4b7bb0ad1d7,Xitepqh,47,Australia
4287319c-702e-4dc7-8052-a457e6b4ac75,Zizoaxyvyjnzzgz,50,USA
28fe93ac-aeca-4829-9162-096d4b24d53f,Wjfikuaccr,31,France
ee0cd89b-4707-4e68-a2c2-47818867e365,Waevokhdhl,52,Brazil
53811449-4fa4-4dc3-9ed9-737ce7553d3f,Kckgxrgvjgefrc,55,USA
5f663c32-5f85-4118-8651-14868a5d838f,Lfpcpwdl,51,South Africa
df186071-bd59-4366-83c3-8222f1cf8c6a,Vhkxrpqove,35,South Africa
e523e3ca-2464-44a6-8f9c-bd0892d2ab12,Ehft,21,Nigeria
cdd38e92-0532-42b8-a954-096350f6fa33,Vweaexxurm,47,Japan
18d308a5-83d3-4f9f-8ece-00b0a9320ee5,Vhjirwrygzgf,55,Germany
fce02062-1fae-4633-9c78-e53393c88cdc,Pekohdb,49,India
6fe4ab18-69a5-442a-8a52-136e5acceeed,Zyohjuyfqv,27,Canada
0aec3df6-ea11-4135-aa06-f56c0720b64c,Tjawjrzlwhxlc,46,Australia
a406e092-e45b-47de-aac8-f71a12f179c8,Pasmirlvrzo,58,Australia
0832a7e7-763e-4c72-a443-604ae7e71ce2,Kbktpxhkleeqkl,38,Canada
5f838ba4-b11b-4f5f-866a-d1b10f13e319,Baumrwt,43,USA
d77caee9-a630-4f68-9b64-be03f7153462,Tpfnntwz,35,France
ce4ff5e1-f873-4fd6-9009-1e7ed8b105eb,Fgxzbyqvgyjf,57,France
28fe883f-cbfa-43d8-8903-f96e2b7ff4a8,Duwjyapcruhjjrh,54,South Africa
750e1f14-0b25-4073-b9a1-8a460db45f5e,Jnek,43,Germany
6fe579b4-1e21-44d1-a724-e7998a3352cb,Earylxhocir,34,USA
f8fbc401-d295-4cb6-bcd8-b1e8ecb7616d,Aktsewrtqnkq,44,Germany
d8509389-f475-483a-8dcd-c6782ea533f6,Pfuhsmmitklx,24,South Africa
8e4cf881-f00f-4277-9ae7-097f85efd18f,Oifocmdgmviji,43,Japan
ab2f399d-1296-4bfb-a73f-cc8a4939731c,Iri,18,South Africa
903f0a60-4dca-4e5e-8e5b-6124e41312fa,Onlxn,51,Canada
07290598-fc0f-4b69-af36-cafdd4297241,Plgfvwuqnwxh,30,Japan
e350a7a1-92f1-4537-9e9b-43e073ea10ef,Njcvjrimmxi,57,USA
6d894cd1-4c63-447d-9844-b2d9ba3cbd55,Rfl,29,France
24eea505-a395-45a2-860f-0e0c5fc66131,Xipndrzts,30,Canada
29a85c75-210f-4ffb-aede-5b7dbe0da9bc,Wffsvnmsuh,51,USA
164363da-55cb-4d9d-8673-8455bc8a1f00,Hhaxa,51,Nigeria
e166d178-718a-4723-a84f-1be9a8d21572,Ggyqhxfojm,37,France
d062bf3e-02e0-4a8a-8a62-4e1e97f18014,Zdbhuz,18,India
f1c17398-9e1d-4077-9600-73bafcc6ce13,Gxcbpcxp,57,India
a2a375f0-2789-4c8f-bda7-d4100b098d03,Nvyadjlii,21,South Africa
96ce8211-40a5-4360-a4ed-f048ee1d03c7,Gplxmt,60,USA
6891779b-5e8a-4f8b-8211-1d0b18d30e2f,Ueagqhre,29,France
003643cf-213f-48a6-85e8-2c266604eab1,Mripgjohlbpmuj,59,France
d1e5fe12-6d8c-4d9a-874a-36037e171eb1,Hym,28,Nigeria
8be3ebe7-ee3a-4ae7-975f-18c63a1ce2ad,Oywjhlyziuv,24,Nigeria
6ab3ab7b-102c-4026-b65c-80d586eaa075,Nzxhui,44,Brazil
610f94cd-7ff6-4184-9d83-562123d517f3,Wtwwlftkcg,56,Canada
2a4b756b-117c-4a31-8504-95a80d7505c7,Tgxst,39,South Africa
8cefa56c-272f-4427-b9ac-1b19d659a05d,Odl,30,India
c191a0b2-3cc2-4661-92f4-c904ade29117,Cojkw,41,France
40ff05e5-dca6-4878-866d-b6d4496d2493,Aeowslyjkq,22,Australia
6b6261e4-cde2-4549-9098-9909ee9f0f14,Errakigz,43,Canada
5d28102a-dc30-4574-b432-10ab2a8e6135,Vwuuznqrzxuqri,19,South Africa
21e69568-e22d-46be-ac49-aacb2420a81c,Puxqoeflf,30,Germany
27651b34-279f-439d-81ed-895a2169ff4b,Ybbr,48,France
a7765846-7257-4499-8774-e50920e297fa,Spxxur,45,Brazil
d1f17b71-c619-4d88-8c82-da34a7eb6c7d,Guzpwz,38,Germany
625e648c-43ea-45c8-9f1f-183ac40d51e2,Ueo,25,France
52633c73-a1d7-40f4-a914-ec1641ce83f9,Lxxxzkukbroc,32,Australia
573267d2-a1a6-4548-b700-b2f171e91d34,Zhrx,22,South Africa
2fcd290b-7e69-4a79-adcb-90320f9785f9,Woqaqzgzdibfni,42,France
f1445604-fa61-45e8-99fb-de0badec21cc,Owhgxsr,23,India
db878bec-6cf2-4406-bd82-bd9e8b47a237,Nnpglvfasyaliz,60,France
f1b147f4-b04c-40fb-b83e-eccdaa0c4827,Treal,55,India
43cf16da-b0a9-4362-b264-4dd797b62a7d,Iyluiumjnaa,29,Brazil
9f053cae-c853-4bce-8614-effbff7eac94,Cavppdifipla,59,USA
b7ee6259-e99a-4539-84d6-5fbc197833e8,Cizkjtqdvzb,29,Canada
0b7c1a2c-0be3-46c4-b0e2-792c84e3860f,Jekwwvqgljldbl,59,USA
43347f13-2112-44b9-8a4f-4233a2252eec,Zwegourrdyknf,28,South Africa
3d511e80-ee7b-450d-8bf2-8fd639f53afc,Rcnpneuwh,39,Germany
2e04c525-350a-446f-97af-18b05fa38049,Hutnaexmdw,55,USA
67403a10-284b-4f46-a49e-99a3a2f50ced,Xkzd,22,Nigeria
2240ce0a-0bd3-4f0f-8cfe-49be366b67b9,Qjkvldkdlobmka,59,South Africa
e514b273-c14a-4d1d-82fe-8a9c57f978c5,Vyzuescjzawhdkm,19,Nigeria
fb436240-5d47-4484-a997-e5886dc6810b,Lctewoowand,32,Australia
60af4b41-d338-4620-b8b1-3621426d3f63,Ttl,42,France
17e0635e-41b7-4f33-bd88-072a4a988c98,Mqe,49,France
705b5c1e-2331-401b-a905-bb2701dd55da,Dllibzc,37,Germany
4ada7510-7c6a-40e9-aff5-e30d14310b62,Wlwnunv,50,Japan
f391446d-eedb-4b2c-a093-1320c728dc05,Ocsn,45,India
d2ac1790-354e-4097-90eb-fb3910169ec6,Fyfebtkqepoh,44,Brazil
8c76db97-481b-49a2-8e3e-fdba434bebf0,Flabk,32,Brazil
7368a5ec-ff53-40bd-81d3-f8be345d6fc3,Zgzbpuwmik,30,Nigeria
2972bbbb-e087-4c98-bf1b-cbcbd16ef037,Jvxrb,18,Canada
f8f4281a-3c80-4913-9578-fa45fbb75a95,Ucufagqrjt,27,Nigeria
235a767d-275f-407e-9449-836fe2730702,Thzdyct,46,Japan
aa300750-17ca-4496-884e-a9fd787a9d3e,Ghfedxil,49,Brazil
6dd84258-1210-4afd-b1d9-d39228a13710,Oenxjaqvtceg,43,France
d3ed4933-0a8b-4608-b911-9751ef13f4c0,Coqxaewagbnd,24,South Africa
d1472974-93fd-4f70-8e44-e91db0b7ac17,Gglglgnpdwbtp,51,Nigeria
481cec9f-27a8-400a-8637-133438b066ee,Yry,25,India
08f0a463-9b34-4d6b-88e0-603dea78882c,Ogcrayvxcjgjvl,37,Canada
eb4a8379-48ac-4df1-aa68-91b013223217,Mbogcfugpbivksp,34,France
4d0e65e5-d3c5-4d0a-a7df-1f47cdd4529e,Shqnypm,53,India
b05fd1fd-5d6f-4ab0-b1f0-9c3b2841a043,Jch,55,Nigeria
4daf2bde-ed7e-442a-b6bc-5cffc9dd34c7,Gdmnkupesgyvi,30,South Africa
c4d8c547-ca07-4085-9a0f-32733eb0e5cd,Hsnosxxtdmegv,55,South Africa
150f7997-f5fe-462d-9a63-426a2e62c1f5,Uutzbwirgikgst,30,India
42a4940a-d800-46ec-9f75-9ed626367485,Btqizaxml,35,Brazil
4295f397-a4cb-43ce-934b-e867e3f60a87,Grrdhg,32,Japan
6f01057b-aa7f-4336-a069-ad63dd3fa15d,Giimqg,25,France
bca9084f-06ef-4d06-b496-7e6e7398e7e3,Airvrks,28,South Africa
28e56b45-fcdd-4aae-9826-3f736edf5726,Mtmb,60,USA
24aceb5f-d7a8-491b-8eb8-a37bf79e7669,Iqvppwuidxonjji,25,Canada
a558dc06-c416-4537-9fa7-b5454e1c25eb,Nzqmjfqbqsu,49,South Africa
6e93b53a-eb13-47fb-94fd-91fa64d29f5f,Ixge,46,India
01255b48-ec9b-419c-b24a-7c2460bba5fa,Kbqmlz,27,Germany
fe411d62-0940-4b06-97a1-734cd3542a4d,Ymaxdyiubcdh,44,Canada
0a17cc9f-a8dc-4f5e-b14f-2eee416ade3b,Ryhabtijgnq,19,Canada
567089b1-3506-469c-b5cc-edab21bebd37,Irneekpsetsvhn,25,South Africa
b6ce355e-7cea-4f98-b718-8e85c85bb504,Gwfgjvutklozizj,52,Brazil
e09953d1-12e1-4fac-905b-febb19392e02,Xkhaycdoteysbd,39,South Africa
601d2622-2617-48f3-ad79-3b0e2fc9f1a8,Jvkfuyk,27,Nigeria
718a7be2-bdf5-4ec9-97b9-1130d50489aa,Ipqyv,43,France
bb679587-ec65-4309-82f2-0bf184339736,Wyaoxylcjun,41,Brazil
98732fed-5a51-4ecc-b07f-e8f45ee64685,Zkfwdx,36,India
1102dce7-65ef-464c-8331-c7b30c823756,Jerxbda,47,South Africa
56c1bc44-d5c9-462f-9934-988eb6bde328,Zbhubviokfdbs,35,Brazil
ef0021a1-23b9-4bc2-a38b-8bdacca890b6,Jjyzf,26,Canada
549dd324-2456-4d5a-b2be-3b27d47d53eb,Synwpxytcc,35,USA
4a77b779-8119-4960-a0e8-bb5506580c67,Golfeouzdseb,23,USA
9da81a8d-34dc-421a-810b-0d3c58c968cd,Ttrnqglzogj,52,France
4f1d4eb2-9b70-40db-9d93-6032d0cd562b,Iejx,32,Japan
46bf0b1f-0e75-4bea-b02d-07bf03943604,Nxjizuepzkzbjb,34,Japan
8406548f-ae7b-4130-b846-5c6da8b5e597,Ototai,23,Australia
d1890f23-7b73-492d-815f-5a1162044408,Plvymrmwovy,42,India
b1e9c518-aa09-4b08-ae0e-cbb897129d46,Larytltzcttrac,57,India
2138070b-cf98-4396-b6b7-22439efc8098,Jmtwkv,40,Nigeria
b7e84ddd-3708-4e12-a5cd-6382cc109931,Inelnmcfz,28,South Africa
3a4a8407-8382-4991-8eeb-4fe8a61aaaa4,Habk,23,South Africa
faabc8c3-e7f7-41c5-bf37-199174a59a85,Czyw,20,Nigeria
bca3daa4-e627-41c5-848f-e02009940eb1,Pdexxxnlukoxnty,19,India
1540baa7-f9b0-4ee1-9c9a-e3ebe95bc564,Biniqzmmbwabb,59,Japan
cbb33f4b-2560-436d-9dfb-2048c4b5f99c,Smimhkuz,40,Germany
209292f8-1cc3-4b56-9598-111d7ed2f087,Buckhlapup,58,South Africa
05b96363-a47b-4d0d-a10e-9d1470fa4159,Usmpfi,54,USA
573e736d-0d65-4089-8da9-54deb3e2173c,Llbrph,43,France
40f05552-9112-44cd-a70c-bfbf4905a8dd,Fsrexqdg,40,France
43a280e4-2daa-4902-9bc2-ba6fa0485613,Ijiefqbqgntexf,18,Nigeria
d689dba6-854d-4b60-bab3-57af062dd1b2,Oosuvmt,60,Japan
4899a323-55b5-4c7d-b78f-09d92236c90e,Ckj,45,USA
86aa99bf-27e5-4704-83e3-7f6d69c0958e,Fqggwgkieq,28,France
7e08126c-7efd-48a1-97a1-821ee2d6bad3,Isyopugou,38,USA
cf88401d-8894-4638-8ebd-ed8206068734,Llwpkbu,33,South Africa
1ccce070-b6f7-42d3-9639-bb09fa218206,Vtcpnobrlcoxyu,34,South Africa
79b27c1b-627e-426e-a115-af469c225f30,Kkzmztyoqmetu,33,France
04b54c27-2ee2-47ef-ab8c-70db3ced5e1e,Oomxywmu,27,Germany
12d5299d-6f75-4954-8a96-583b3c8fdd58,Wjfnl,40,South Africa
c321f128-ec89-481c-b3b0-766ab56bab26,Huf,21,Canada
5c17a454-4d9f-4af5-a09a-34fb98924920,Veuirbbnavk,23,South Africa
608e0263-aa41-4d31-9bd5-e7d7d868c0e2,Ttacsswmulyyoxx,50,Japan
22fdda92-72ab-438f-8191-98134c8af54d,Vshgtgbf,24,Australia
f8e115ee-402c-4f4a-9b7f-7771cce19673,Aewtwtf,24,Japan
f2de5ca1-7c74-475e-b9c9-18e49e2190f5,Vexjimlzq,50,France
f8d8c139-20bb-4c24-8997-563404d36f96,Gpgih,48,Germany
5fe81431-4523-454d-bb58-80a749be61cf,Gtedicaryyr,19,Nigeria
d49c9daa-cc2a-4367-b6ce-0e42d85768c4,Ggltifznivzqliy,47,South Africa
ccbcc496-3f0d-4201-a61a-6c6f2d603dc2,Fwsktaqxydbcnv,22,Japan
962f82e5-60fc-4888-a0eb-00b4dd382a7a,Xbogj,57,Japan
51ab8f20-d3dc-4be2-baae-57c4d0fe5471,Xzugwbogjbhbwvv,55,France
04c6a4d9-333e-4b62-aef5-ef612eabba42,Bcfnlumqbvzib,41,Japan
17251738-b901-459b-b1a1-f3a8363546f3,Gmlduuiilmbjbk,41,Brazil
3d6c6857-fd6e-4b0e-9d47-99805f06d8ec,Jpvphmd,58,Germany
0b592d3d-fc0b-475f-b567-649fa7abb423,Aznomomu,52,USA
1357e864-8c0a-4436-9dc4-419b52ae0ea3,Sniyahuvjhmdyr,45,Germany
9ee01388-139d-4660-b000-b684cde529ac,Tuneaem,52,Australia
4acd04f5-64dd-4068-b8df-b2bc1a58ecbd,Dhnv,34,India
d4f54973-fca8-440f-9520-b0c7a7610d8a,Jrqrubz,53,France
46458c02-c694-4c7b-a8b6-74c8bfe6b500,Ltzppqje,47,Canada
c7487e3f-ea9f-4292-b89c-aa15a8117179,Xcsozhsmrexxq,59,USA
b2a96d0b-2410-4170-a41f-5e680c34a041,Wij,43,Brazil
f15504c3-a146-4b5a-af72-20d8a817aa8f,Numnjcgdtc,53,France
ff3f0930-e442-47b9-bf61-512c526336b9,Ftduvgf,47,Japan
3793c4a4-69b8-47f7-8927-4275b3541ee8,Dwjd,19,Germany
aca6342a-d8ae-4275-9514-f2e851a447a2,Kyvpc,40,Nigeria
52f65e2f-81f5-48d5-9180-58b4eddc1856,Bedqncldqap,46,Nigeria
18c2bd60-5b4b-43d3-8e93-53d7cffe7ab9,Ywcrvgqj,28,France
230104ea-a748-4f84-a320-84a8747411f1,Gosdqudvjhwskwu,58,Germany
c90e5484-a5bc-4bbc-b146-c47fb38ff506,Iwut,37,France
0658020d-7d3a-4fcf-9134-0b9a645c15d3,Oaa,25,South Africa
4b60e1eb-09b0-47f4-b261-c606a20cd22b,Dkxdhy,59,India
4831c26a-feb2-4db7-aa84-1eb1964eefb1,Brwqokppjodlk,36,Canada
9b472c17-1ec9-45a6-baae-ee3ec7c5ff7e,Lkyllbg,33,India
ad067537-642c-40a5-bfc5-c2597bbc99d5,Evksxupshlpq,60,Brazil
738bf915-f4af-4164-883f-ae5f806bfdf1,Dzfdevpctrvk,55,Brazil
fc75d45c-7c74-4431-b632-1d7280ddea46,Yiboicesgzodw,25,Germany
6db05965-66e3-43a4-99f5-3a8bbb78b43d,Jniqxibpo,29,India
56e43892-c151-45d5-9e0a-ab9ab76dfa7c,Eplabgs,43,India
1a8e30b3-5f16-49ec-afb1-f81c589499c0,Oloxlnqibrf,19,South Africa
d8ec0474-4fef-4dd6-b014-8feea6b0b9bd,Fcs,18,Canada
e8c4222c-d8b2-45a8-9b3c-bd04c425b455,Rsnn,58,Australia
dc8dffaa-d23e-4b0a-a400-3515b77a158f,Vtntaxhqxztcsf,35,Germany
f4abd1c0-512a-4deb-8964-d24a2307cdfd,Lwa,33,Germany
04c3e232-9dff-4843-93a9-a862a4ac0a7e,Uxowprci,39,USA
5cc57e85-fe32-4324-b0d5-b71d3c6ed062,Zkb,52,India
cfbf0836-555b-4e87-8ee8-96cc8510e7c3,Ndsatowqva,56,France
60d6b153-41e5-42bf-8733-b93f27a0b806,Lytkdgkezqsp,30,USA
85fadba3-2446-4e0c-8abc-5f1196308f3c,Epqhynnjpacjoc,24,Japan
75021475-bf1f-4213-b835-73d2cbf902c8,Bpkhvwv,28,Brazil
bbaa36ea-1861-4981-b81f-dae9d41426b9,Qleribimhytr,57,Australia
7fb893f2-5c6f-48b0-8e27-b0525c755603,Awz,35,Canada
90772006-7a6d-4c84-84fd-1acb74f5bfd7,Spelbbum,47,India
ad55fd70-c12a-4312-885a-6ad758594cc6,Jusdscmkuma,47,Brazil
6ea2d502-5a63-469f-b42c-855bb8f1faa3,Hgudwvhwzjpad,57,Germany
e7c30e2d-a90c-4418-83e6-18318be28fc5,Bwsqpdvk,31,Brazil
3b6beba3-8a78-4d45-a001-de41d96bad13,Isfpzne,24,Nigeria
dfda13fa-544d-4f86-8c12-854a83c5f909,Fblvltvsyxrn,54,Germany
dda723a4-5770-4d30-bf03-a0b107483ae8,Uibpntinlb,35,USA
b2b9ef0a-34e0-4bf1-b3d2-569e7b401a8f,Wqpfrltlzr,28,France
78314ac4-2848-45b9-89be-b8cfc5f95c88,Qqjxjhqoatc,35,Australia
d30630e5-10d2-40c2-8105-ed3b03c2df14,Wccpwc,53,Australia
914fa2aa-1998-425f-8ee0-2ed4bff78488,Biegajz,49,South Africa
3b3aee27-f36e-46cb-b682-7053d8cf9b9b,Mxtzt,42,India
eed0c1e1-1094-4aa3-b612-9e13fe9dca28,Hsmjhhnoicrhtpv,38,Germany
78f489d1-8f00-438a-83cc-e50b81933700,Iwok,50,Brazil
e20f0119-7fb5-417f-965f-b1517f8776ef,Rphufcplejhubk,37,Japan
85de7419-5d50-41a1-9c24-afee87a522fa,Bjlqoyqypzde,31,Japan
8d38fd08-e19a-4442-98f7-81f6441b388a,Imebznwuz,49,France
9ad611dc-c3ee-4325-9d09-331c76f89c3d,Xropbqwfe,23,Germany
543119ba-2f7e-4cba-8cde-7b722d0306b1,Llme,52,Germany
acf44dc1-b4f6-48ed-862a-6951deebc95e,Tocgt,40,Germany
dbb5b738-d5e1-461e-94a2-c0da3a227c74,Nppjrbpr,29,South Africa
cbcfd1fc-f3d8-49a6-a303-ed72538a6596,Wemwwmzcfmrwvhm,24,India
c39452d0-4da9-4cdb-8b7b-733399d726e8,Kmnwjgghlijjmvi,28,South Africa
a954597d-a231-411a-bb0a-d8c30cbbdf97,Iiasafxdno,27,Canada
bb3c3181-c725-40d7-8819-4e15747089d6,Zpkqyppu,45,Nigeria
80ef2afa-557e-4156-91f2-8d6aedbdd1c9,Von,19,Nigeria
5ae34442-fb33-4076-890d-81fb05992d3f,Plss,31,Nigeria
c14ed892-2d71-4223-b4d9-9cdf7487dc06,Qqvotmy,46,Nigeria
e8b1fa76-6309-43d1-b05d-fb9672df1a95,Adhk,25,South Africa
8bee860e-f993-4710-9fac-fa446a429b19,Nkivsrv,45,France
78f8db63-a509-4db9-94b8-af9434be4f05,Lcdqrwxyqod,45,India
9b1d8c79-e691-46ba-9516-476210fa73ea,Deiixhu,57,Australia
fa12b04a-52ff-4b4e-821e-d11d6a22ea88,Zovs,19,South Africa
a8161905-54ef-4daf-9641-b4c3cc1da0eb,Entbz,25,South Africa
f1fe9d11-f7c9-4f8e-aa2a-eac8c2fe74d1,Dhwrabuygmylr,60,Australia
4b53c415-dcaf-4b6e-a4d9-0b89f1c20052,Rqyncwfyiewrvj,43,Nigeria
b90d2282-a76a-4262-9a3e-69a65eb37e63,Zkttbzpltnknkm,24,South Africa
68e4a30b-65f0-4d37-86b1-b2e86ca3c557,Nlwduksucc,39,India
09d803bb-c509-4f3f-9c53-98283185d4c1,Saethcrwrqt,48,France
28cf7d14-b62d-485c-ac72-23ae1fd6ddd4,Lgxvcyefrge,48,Germany
5b254aa7-6243-43ec-99ab-d697e1552ad7,Ukqvpojseummfea,33,France
e75094ca-d47f-4510-9d58-8998ba9d2ebf,Gkjhczos,18,Canada
de7b7d13-8842-450a-a1d8-6b4d901cdf7c,Xexsipaedp,42,Germany
588c22f4-8082-4481-b1d7-9b25ae42f7e8,Ysyeqfsrayo,26,South Africa
93394f0d-ba10-49ec-9238-c8761e2c05b0,Khytk,43,Japan
0a7a66b5-e2e1-45da-a3f4-f3090fda6911,Gef,37,India
57bd60b6-d1fb-42f4-8474-993ad5b0f103,Unknrb,57,Japan
ed89f967-fc65-484e-898f-24f40087a779,Vfzvnohijagaqzv,53,Canada
9840d176-a124-4976-a0f5-2ff66b969b50,Vawhxc,27,Australia
be166bd6-aed2-4616-885f-b38e6b96cc85,Qhvtl,38,India
bb224b64-d07e-4a19-a7ac-651ce40c2d5a,Wxjpqxrsiwi,52,India
f5f2ac79-a3e4-47f9-a7c9-93e87d373c21,Dwwmwnwzohuph,36,Canada
f169f722-acc0-4683-a67e-ca48ceb77d54,Ircrhvemcbpuzua,34,Australia
3e25e39f-dbc7-4540-9de0-f75d12ae6468,Tzlvibkzyeqcqqg,22,USA
d20f2cb8-f855-4051-ad92-36c3a933dee6,Fozfti,29,Canada
1ef7da67-ba4d-437c-b15c-2d03ec568b46,Arblrsnanqy,41,Nigeria
6fa65222-f7e2-499d-beab-0c928f167bec,Hoi,25,Nigeria
41c1c4b2-af83-4ebc-93a0-9ce07bd2768d,Qtbl,34,Australia
3d9ed483-92f4-421b-9f18-cec9b3120f63,Lrglxagc,23,India
6144feb1-52b4-4c44-b45e-1dc81de6f334,Gdpur,42,India
75da4d71-a86f-4b5c-8f77-be41311c0394,Bvi,57,Australia
6a22ffe5-0507-49e8-945a-a0a7236c5a93,Pkxphga,39,South Africa
87da70fb-79d6-478f-9462-1bfc36a742d3,Ukrzkkls,34,Japan
dfea4514-8d2c-4681-a9f8-022413ac5f70,Qvs,57,Nigeria
b48c70d5-df4a-48bb-9a1c-10cc49f5f603,Ylnwcgmvpvdlr,42,France
ddd061d9-556f-4de2-bff9-43b376f88b54,Fslosiczlejnbu,21,Canada
fde75379-52b9-4729-b723-9dfeed25a454,Pibyahcpk,43,India
3ea82a57-efbe-4d36-bc9a-330c72a27d11,Atw,59,USA
0c62bda4-5c46-44f1-a821-964078334f95,Qnkrm,20,South Africa
49607b18-5c2a-44d5-86e0-06e0d2fee492,Sdxfybhkjr,40,Brazil
190b5b29-7b05-42a3-acbe-8f474569d078,Uxtxmgbmrcbt,20,Nigeria
5252af50-227b-4a3d-9511-c91efd256ce2,Sha,45,Nigeria
a74aef76-a635-4d4b-b25d-904e55e8715f,Rpgzmppsa,24,Australia
995e37ca-c915-4670-b8da-a79f3982a1ee,Dhkwsmjoxwijy,18,Germany
d0f4e4f2-0536-4aa8-ae2f-dd0daaa36173,Qzqszmsrb,27,Nigeria
71a6cd92-6a05-488f-874c-05612302087d,Xbklybg,60,South Africa
4ab47a89-49d4-4570-99e5-d70c4dd48dcf,Fdue,47,Germany
7748af6e-6190-4ecd-b87d-a9939af798e8,Uje,56,USA
4c7b9d19-2b21-4cfe-a606-319bbd3b2313,Bkzgynfwjxg,44,South Africa
c0273378-ed80-4ce0-817c-25ab454f5bba,Qjjwjgisuia,32,France
dd6d83a1-9ae7-447d-abb4-200aa8bd6892,Yjvfaz,54,France
f5f75db3-cd3d-4602-8729-e0dfdc8a44b3,Kryaac,28,France
8425689f-05f1-4f33-a877-613b562897f9,Idokftalftezhmy,57,Germany
353d6c01-f30a-4ff0-940c-6f8d72103fa5,Xrnwqlgggupets,33,Australia
474a77c5-25a7-4102-88cb-28843da52f70,Nwziyxfv,28,France
a98e9ad3-7b1c-4315-bf46-2ea3f49d25dd,Bhiypv,60,France
5fcb1a42-ec02-43da-b311-7bbaefbc2329,Xzzoyrmz,18,Canada
417fe412-e55a-4cd1-84d3-75e23b24f79d,Rpufeouupulh,31,France
c2143d90-8feb-4c80-9e95-b790dcc96a32,Pwfxugdbl,36,Canada
fedcc3b0-a1de-40ca-ba06-dd061b09546d,Ylybutwwzp,51,Germany
a010f94b-75f8-4ad5-8939-bc2630aa1b5f,Cocr,38,Nigeria
7e18a44a-934b-4584-b5a8-a2e3906a6197,Geodgqnvqstgci,53,Canada
bc92a9f8-2053-44c1-9b74-acf2ec849252,Xcnwouqnfrj,21,Germany
786a2500-8d25-4140-8b26-663b3c6488c7,Tbkxcbbj,48,South Africa
c884c553-92bf-48ae-b9d8-53da3ed1daf3,Mpgtmkx,49,Germany
0b804890-6a4d-495b-bac1-55cecc26d5a2,Jxklnzjotcvvpj,23,Japan
498ed3dd-3ff4-4995-a702-eb378947b032,Kjjzdzteukbkbmb,46,India
233627c1-6075-40a3-9931-f15ac5ee44c7,Tsdlwlxisrow,34,Japan
ce8ce1e9-2a6f-4bea-aa27-a23ace70145c,Auqoqpko,26,Australia
3f3ecba2-faed-424c-9f85-962975fc16e0,Aeuqam,23,South Africa
d90cf74f-5b97-4243-bcf7-9f9a96a41d04,Ovnzbnrte,51,Germany
b654ec7d-1e6c-4b65-9c92-fec9df1b5f43,Ltata,53,India
b752e54a-7d8a-4274-a027-6db177e3c011,Ozewkorzqsw,25,Japan
f635541c-988a-4677-bc9f-087c6e686cbe,Nzryazfhnzpugww,35,Japan
55dd6807-cd8d-430c-88bf-0de0fb38c667,Mkpsmoco,30,Japan
9a83ae31-30e4-4663-995f-92ccdb6efa8d,Msh,20,Nigeria
2239cddf-83c3-4f7c-b10c-00d96d06839d,Tqnfshggmktdo,31,USA
59b7bbc6-120f-4f8f-a54c-1620d1113e01,Gouz,55,Brazil
cdef8595-d86f-4499-b019-8b6d4399fe6c,Yjjzrdkqdmexafz,49,Japan
a45a2d0c-b816-4e2c-a625-bb9813cb359b,Iunupxvg,46,Canada
18f0bd3f-7b2b-45ca-b930-1ba8eaa6fb59,Jnwftak,29,Nigeria
ec8cd698-8122-4937-8b2c-07857b07c95e,Qbcy,20,India
3ab8f146-6969-4b28-9bc8-42f3715534b5,Rtmp,24,South Africa
3505f325-7a77-4030-bcd5-68e1c536b0ea,Keym,23,India
0117278c-e7f7-4fde-bddb-410fbea9ef32,Hirdrwkfokwqyan,35,France
5773472b-f73f-492b-974c-65114134e7a7,Onrjskijfdhgm,28,France
de55419e-4ca3-4068-aa5b-40f21674ddcd,Oysaqmxiceykpuv,36,Australia
fc7d40d7-a071-4541-9345-9ea556064b94,Him,21,USA
09a23d18-559c-40bb-ad60-32006c9fbbbd,Gjvnipyu,54,Brazil
d4b9043c-8601-4676-9119-ce3d0648023d,Ksxjattwexpsqip,48,India
df05108b-6da1-4c4e-a51c-ed9f01737436,Syfk,24,South Africa
a9ee5b7b-8d41-4801-b71e-41c573409701,Zofcuftjcen,56,Brazil
67a5ea6c-4ad3-4f86-a835-70f59608f3ab,Wmydfx,36,Australia
45fef27e-1e55-4ce1-9d53-5fb422488b5c,Kbjcdxaavzlt,48,Japan
a4993e75-760d-4a43-ace0-af28b860eda2,Svf,25,Nigeria
7d34e248-f7df-41a1-9be0-04482c2ee36f,Cyqeyyeu,50,South Africa
30f3b3c3-83c3-4841-b085-af089097d094,Wfggaakgbu,52,Brazil
0779cf8f-e00e-47cb-ae36-b956fcae6856,Mtecdsgh,21,Canada
cf2f6eba-62b9-444b-8fca-659e97e8093e,Gvxhddey,38,Japan
12ece8c8-4953-4343-8930-b2ce2a3104ad,Cwsbzcbdbzexec,19,Nigeria
61eb9f34-42e7-4c48-ae4e-6648a516a902,Odzgzudj,45,Nigeria
14639010-69ea-4bec-a57d-d16d144613d8,Veduxbwjndzbvw,50,India
ef2f45ff-dcbd-4f1a-838f-801e3f78b02f,Unhjqpr,45,South Africa
8317e5ce-da86-44bc-bf74-06e6222b6bdc,Gcoewyklpeu,20,India
b038a79e-5da7-4763-96ec-d3e2fb560f86,Nkyadniymo,26,India
c542f4cb-5518-48f8-8443-0dca0098a2c4,Nwyoautixamai,46,USA
563f4c07-3f97-4e33-be76-e7b85b87545c,Yfmlcxyxi,48,Nigeria
5ab62037-b61c-4b84-9610-442bf9151805,Vfjrymlsn,46,Japan
6ab72ba9-2e01-4ce2-aa5a-4cd25bf4d369,Lpcofibbjtuw,45,Canada
fbfb22fa-ebd9-4aa5-95f6-931f6aa29a23,Yothub,34,South Africa
d779df0b-0d29-41e4-809e-3bb48275dc50,Imfsp,60,South Africa
ebb706b7-2c4b-446b-a851-4b0174a77456,Lqolfoearzba,52,Nigeria
c699324d-0f7a-42a1-a19f-0f03eef29c8f,Hjiovqwwo,56,South Africa
11206bba-3fde-4829-98fb-6b8d410515ae,Jtkineatvusnnip,18,Nigeria
4214f87e-9290-4e1b-8b5b-51579054d558,Ksaaucnlzplwn,41,USA
eaf43891-f578-4689-bc38-dd16a4034836,Epskhtdntqmfbq,19,India
678c68c0-99e5-4a4d-9777-4c3735e242ba,Unhypdgacndp,50,South Africa
2fb6812c-503d-4817-8891-0b34a44c3e3d,Nupavwepaqvq,54,Nigeria
022a921c-cca7-4e26-bbff-bad2011213b4,Bmjevu,42,Australia
906c7fc7-b47a-4204-b365-b3a7b35390c9,Ghanu,38,USA
4d1db099-352e-4308-80f6-ff0dc5c08f18,Sxprzzdgbwlha,30,Brazil
233ea506-6ad6-4ef6-af6e-6fa385d5db68,Whbp,26,Australia
32d92b2f-640a-456c-9040-1c7d29c6e955,Lqzeec,33,India
3c4244d1-3c9f-447f-9d4e-0be121c24eae,Lodgmfweham,34,Germany
301f4f33-56e1-4bcd-9df9-40da3d0ece7d,Qsccue,60,USA
7df5952c-c16a-40f5-81bf-79d434297cdd,Dvo,48,Brazil
87577890-cee0-496a-9c37-132d99e5cf9f,Alcthaqeekmyao,36,Germany
0819d912-06fe-4362-8e53-f6bed17c711a,Wutkry,59,India
bd235a07-a4f5-45b8-9565-7c352af70372,Ijbtka,60,Germany
6ea0b70a-2e72-4d05-ad9b-bcc758a9a0a8,Levumfifcstdupu,32,India
f1713814-6a35-4e6f-8963-02c5a979fa05,Xagsmbrvl,32,Australia
89b48fd2-7a4d-40b6-a72e-592f5cf49b88,Pamei,22,Brazil
6ddf981a-bed3-40d0-a8d9-062cef2dacb6,Uibi,18,Australia
9c6a0914-fbfc-4f51-9147-6ec28f50a1cc,Icfxnex,28,Canada
053e191e-820f-459e-82cf-dd088994c873,Edx,36,India
f2c71636-0ecc-4c91-b739-3f614c2b22ab,Gptf,26,Australia
94e3e23d-ec4e-4213-957a-a423599ae937,Xliqi,33,Japan
35a9bcdd-b561-4a7c-9db2-4788221d11a5,Hpuokevcbvqgyw,47,Australia
665ec13a-8e31-4f1d-bd3a-7b0505cb00e4,Wfossyiyzibdgjg,31,India
f095b6f7-a359-4620-81b5-2c6f8bbf1bc8,Dvi,50,France
2659b74a-dd59-46c3-a200-9cdd067e0047,Uta,30,Nigeria
8ac22a83-fcc2-4aed-94b9-2e9523666a42,Xkleidskmlwiznl,27,USA
c7884c2e-dcb8-452e-86f9-7b05028959b4,Dhmkrbdlm,35,Nigeria
ea404721-499d-4266-97a9-10c08274aa7a,Ttbltt,30,Japan
a66399ac-7824-4812-961d-4dac95346c5b,Jdeclapzwxfofj,56,Brazil
ece009a8-a047-4148-bf15-cbb047334cbc,Aoargacqpqnqelr,29,USA
ba379cc6-d836-4896-81af-b7f45b432e51,Cnvihu,25,Nigeria
1d1ce296-3c7b-4514-96c2-4aebc0d06b69,Uxuhglsajsz,59,Australia
7928c8b3-5941-413d-a673-87d7e9c73cc2,Nfjhxe,28,Japan
2e46f120-8901-4c80-b967-6b867d289b84,Ikk,38,Brazil
57cc21bc-3467-46fa-8f84-5c8dd932f1f2,Qzdaivkwevwuoyz,60,Nigeria
1f987f02-82dd-4a16-a7e6-5b0099880aac,Ldg,22,Nigeria
bae16894-2ed5-4efa-96b8-1fbecea130fa,Lhionerie,56,Canada
30b9143f-0f87-4227-97a4-31da8885731d,Fweyzmmbixbbjvs,37,USA
669f75ad-185e-496b-99c7-eb3599ecaa9e,Twoawltyssj,48,France
38ead25d-050e-4070-b2a5-bfc9a6e5415b,Kyomeyoxpsellj,22,India
1dd93971-2162-45bc-ba74-96cd144ed4ad,Ndcaatbfb,47,Nigeria
027635d3-1695-42e4-9298-d7c2697668ce,Pbgflwhoxmsfd,38,Australia
61c5e8b2-8379-4726-b553-93ca884d5daf,Vwcmberafzei,41,Brazil
5df4fe44-d761-4a15-a4b3-fce59b2d6a55,Axvi,57,France
327a22f1-72f6-4f03-8318-38ca5c35183b,Bxg,32,Brazil
2588e032-d946-4e61-87b0-c469440e7c7c,Lcnf,28,South Africa
de212e9a-a7f9-47dc-9d7b-515445b3a944,Jltxbzjqngp,22,Brazil
12b54a4a-41aa-4b9e-9d62-7dac5979afe8,Utxbp,51,USA
4536a30f-7269-456a-a9fd-66f1029d38ec,Uiwz,53,Canada
e6e8cc3d-dc26-4061-82be-9d1da27fbdaf,Zzngemtsqfempe,58,Germany
096d7c51-178c-4ec7-8ee6-299b05062afd,Hny,57,South Africa
02da9649-c427-4590-a394-1ca2fa9c2cca,Yofsmts,51,India
c3d5873e-c783-49ad-a440-2bf387146db2,Mwwizseardbiymz,39,USA
66660214-76ec-46f3-9fed-2db62664c280,Ydnskszj,20,USA
13f7cdce-987c-4e5f-be3e-d214ae93d2fa,Dbdbzq,53,France
e292809a-3af7-45c9-861d-c4f10ba587ec,Tqrcasvibvnf,27,Canada
7370bef9-0f87-4151-a45b-75e060afd91e,Mqzezkma,46,South Africa
b5ac3381-8d26-4c24-b8ad-e0d38f318d71,Egm,32,India
7ff73642-f9c1-4664-b77c-0c550dde3bc5,Kvbuvkppxjzrrl,39,India
a67001c3-7278-41e2-846c-05320ad779fb,Dkgltjdmevdbucc,27,Nigeria
98a7deb3-bc3d-471b-a6f0-75b1756fade8,Glgaw,53,USA
4ab43d1c-fe51-4e84-8c36-ce0bdca319fe,Lfbdl,21,USA
3b193a33-d3fa-43d0-a46c-a51b9ea1c2a1,Xdcmtzaeg,30,USA
7199a5dc-74cc-49a1-baab-4abfcbb82cf0,Vev,40,Australia
164535b1-e5e7-4bd5-8f97-789cc723b1ab,Ouecqerpggmha,38,USA
b5c74385-6b0b-469f-b64a-9b232156e73e,Fsxhb,27,Australia
8a34318e-5098-4cad-93d5-d407006dafad,Dexmtke,18,USA
b446e2aa-b2ae-4732-be1d-a537a95dbdae,Rxr,57,France
be0eaf9e-2a95-4df0-8037-adfd5f25236c,Hfatewsxrbbglj,50,Nigeria
c26e5c08-d8ff-4e49-86ce-98897b153a49,Vogsruzggy,19,Japan
4906500f-c531-4dc4-9d57-34fc601f734a,Fuhm,57,Germany
489a2400-a539-488d-ac07-c17d51c8c64d,Sbk,52,India
2f755cc6-df38-4615-9261-a3e59cd1ec0d,Svzjlkwvnqsxa,59,Germany
64855337-4af6-46de-97b2-3b3b49be696c,Jkhrmbop,52,Germany
45f6cb68-057e-4000-ae95-5c0839bd3ddc,Juooklg,28,Canada
5202a4bd-5b53-4cbe-9ef8-bed7c50cc4a2,Mcqsvzghsnnt,57,India
2e22f387-f6af-48af-ba37-e3f20af885e5,Byelzdbanvfaxyg,49,USA
59b74d1a-7da9-49f7-89c3-91c75f3a135e,Mzdoetden,50,Canada
f595ce73-56b8-49b3-b298-d04d712f2e20,Tymgwj,21,Germany
959c5b36-2309-4f71-975c-0a76382bd7b9,Ryuuzdjmimffkgj,38,France
e2633c8f-9899-4501-b8b0-c3e73320a21f,Eep,27,South Africa
86487da1-b569-4a21-923a-72bd1cfaf9cb,Pdvcbrzivrc,19,India
795a6ea8-c327-4632-8975-ddfa57f679d6,Qjhpfqaaohalx,54,Nigeria
9c1f0dbf-6629-4766-80ca-d924c94e4467,Xdy,21,Japan
816b998b-065d-435d-99c4-56e360f30721,Yomjsopjdhfbmsi,46,Brazil
5c73dfdd-6b6a-4791-b556-fcfe1a330182,Epxcq,38,Brazil
ace56331-e572-4d98-93ba-1e694bed1480,Tfldwglgk,31,Germany
c5045eac-90db-4f51-bda7-b6a858685c6f,Paogpjeavrg,25,Germany
4a8923b5-3560-46ae-b97b-957c3885f812,Fyduwieuetvxdxp,34,Australia
e593cf57-c802-4916-bbaa-963c2e2f9af2,Gmrkifskukgg,56,Germany
85f32cac-8807-45ed-a856-4928469937d1,Axfsxwqgrlkv,33,Australia
b8094265-6d67-4e9c-bd51-3e2c45463aed,Rtinpjr,38,USA
04c58f7e-2dd5-448e-936d-c1eb35ac33d2,Rpezoul,54,Brazil
c0540837-c069-4262-a3fe-f38761e8cb41,Vutiaonanu,20,Canada
f46914d7-f6e1-4b96-8065-5d9c2ce9260f,Nbusxbmtpw,58,Germany
77af5a61-ef4e-4796-855d-be743cb058de,Wqyeagkfsbexe,28,India
75245768-785a-4b4d-bbf1-403a59ab8a7d,Znuplrf,25,Australia
0a1d7c37-614c-4228-92df-b5bb2f59e1dc,Fspfeiittsx,52,Japan
07ac22d0-23b5-4b5e-a87e-3bb9e02767e3,Iqtwgukdilj,46,USA
ccb69df6-e395-4be2-830f-a40db1ac0c2f,Wqigaokeehv,53,Germany
dbf533b3-79d4-45dd-ab8c-0d12e0b22579,Pch,25,Brazil
b27c5ae6-9319-4c80-a755-a48bbc32c4b9,Ghsnrlamiqlwbrk,34,Brazil
f942a414-c656-490f-8a35-90c1c46c123c,Klmanggytgkqqa,60,Australia
7577c03b-faa1-47e4-9c47-602f45f2bd38,Ykkgyckerhvu,51,Australia
d213b7df-c1df-4cc8-a399-fe21d31b04d3,Ttvx,24,Australia
346bdd68-74cb-41ae-a645-ca0f03f62245,Bes,34,Germany
e3c8cc39-42c0-4349-9dd1-960f432d12a7,Ybvnoxqnuculpz,50,South Africa
60abcec8-b105-45d0-8bf0-39161c4c18a3,Fngmalfhgsuz,44,USA
c8ac2601-a48a-4fbb-8771-a45557eaec03,Vdrsr,32,South Africa
21161705-0b64-49cb-b1cd-b49ac0a1a299,Dzfzth,33,Canada
3331ad6c-4f68-461a-839e-2068380128e0,Tqh,30,Nigeria
d587e3c1-8e52-4b81-b34e-5cb407555284,Towfv,47,USA
bd569193-c052-4fd7-9b67-3346c4dcf9b5,Acf,30,South Africa
9a5c111f-d393-4b85-b54c-615ebc2a78e3,Pgevbcrnna,54,India
5157ffe2-3c3d-471f-9531-538c48b01856,Dnxribocfon,44,India
2f83ac63-c106-4502-9f8c-01639f9ae6bf,Fchyrawxgr,26,Germany
179d3386-ecf6-4340-aa3d-5fac6efcf683,Xxcrbcrshh,40,France
46b3323f-140f-497e-94ab-e6a8b9ea8b81,Gwtknouo,34,Japan
f7552dc8-6eff-4012-b81b-2153ba5101e1,Idu,44,Nigeria
ff23ffcc-e0a1-4146-ba4f-331a11df0119,Ofhkfjjiistr,47,India
21ea9963-7c6b-4a20-93b3-f7525a5105d2,Oznvkaa,56,France
05fe7ade-4332-4923-8ab3-1ec01951aafc,Nsk,57,Canada
a0677b1e-8a84-4017-af91-2163e8626dbc,Mdutptmhokaoofw,28,Brazil
19ad53b8-9816-4121-8c61-84c768108ce5,Zet,33,Brazil
b9be3476-4348-4916-86e3-9a67da4e75a9,Qzkc,47,Australia
f48962f1-0eec-49df-8072-96a36b38c677,Vdxpgzfprgvblsv,22,Canada
8a843fe1-1949-43cf-ac7a-15713adb6701,Fktxslzlryiiw,35,Japan
28bd4708-ea83-4e57-8374-6c7806475cb6,Nrqggtcflqag,33,Australia
956c2435-087d-4759-9c36-fec78ea6fc65,Ggxjanpfyed,45,Australia
d3ff985a-75a0-4b9f-aca8-bec96559925c,Rnghjarzmzmrwwv,33,Japan
78bef7e9-6749-48bb-98e0-a18f3ae1af6d,Bsbregi,57,USA
06059fa2-56fa-4926-8b8f-9e68e60fb899,Pxzzykklycftxmp,38,Australia
98f68c37-65f6-455b-8313-810a5e56ad85,Gyalkiahfdbbi,36,India
f6779afe-05c1-4ea8-8875-95b00304b661,Ewugkmkmbeumq,58,Australia
76e8c866-8f8a-438d-b052-617d6f2ee56f,Abwxykmg,60,Japan
0b9234ca-48c8-496e-a979-d42e937710a8,Ynqyzngsujmaao,58,Canada
d4e31785-ff4c-4f72-ace2-d285496c9383,Iipyjto,28,Australia
65eb244b-71ea-45b4-a044-bdf9287c8eaf,Ywbsxeozu,57,India
9ddf4f48-6715-4c49-8bf2-53653311af6d,Oxhtljujn,52,France
1b92b1ed-bfd5-4fc8-b5d7-97f2ee7a75e6,Yjkdzrxiemy,25,Germany
89fd9171-2a22-4bda-af5f-aacbb3892de1,Eehhhsuorxmowg,18,Brazil
182929bf-a401-4a5f-b45d-720183d7aaf7,Xhwpkywhlxb,44,Germany
120c2986-312e-4f45-943d-d849c847a7c0,Iqhwramfpuyi,60,Canada
b8643711-f461-45f4-b54e-8041cda0f425,Mgtxugcvj,37,Germany
9ab3385f-cf0a-4bfa-8e3f-4fb0dcca159e,Ayzdmkcxizpmne,27,Canada
5adaed74-663d-400f-9cad-c8e68ebc50d2,Tmfveiwwfjw,50,Nigeria
39c0664a-dc91-4e20-a6a1-af856daed2e2,Erzikabxt,29,Canada
dca9bff1-f74a-474a-8dc6-6268113ecceb,Valgltp,21,Australia
ec61dcd1-bf84-4684-9733-a8ce32dfe26c,Irsfiwhcxio,43,Nigeria
0ded1caa-a561-4ccf-a403-ff844328a8c6,Ifksjkazrlkok,59,Japan
1c754c4c-99dd-489d-8c6b-1b991173492d,Qqkgdomh,46,Canada
6f9df1ba-013e-495a-891b-611f1ee5ab1f,Wklwnislxd,27,South Africa
722ad404-9545-40be-ad2f-f6b14ceb6cbc,Vxlcmuewazlos,49,Canada
6b814aad-a4cb-45c2-b3b8-e0006d13e28c,Lwwwcncrsd,38,Canada
8edbe645-72fb-4fdf-b80a-160b4a9bc425,Kimektnh,26,USA
352384aa-7927-45ad-ab88-392b511a843b,Iwtguw,43,USA
eb1a2000-d79b-4f6d-9e50-d84679e1ed93,Wdskyfvahgf,22,Canada
d5cfa0e3-f653-4270-b303-5aebac1b2ff8,Ogwowhbckfbsihe,21,Canada
9ff4d508-2bb5-454c-8ed1-fde600cd4e51,Enabwjmsrjl,54,India
dfc7785c-dc07-4df3-af85-ae63249dfc4b,Sjy,45,Germany
c79d601c-737c-407b-bb0d-1994d4a71292,Npwjkxfajyq,32,Germany
d016ec04-5ee1-48dc-8f6e-f80d8bd928c1,Iizgjqipcbhukis,55,France
4e3f6efd-e9a6-4210-9242-ce6ea15c6a48,Zsqxduy,29,Germany
da52b8fd-45af-4663-8da2-fb99612c4ba5,Ywwtxbrmxvluhm,52,USA
895bcbfa-e681-483a-9dff-4852e12495e2,Wiljiduihfleq,35,Germany
fafe4d03-cc1b-42a9-a278-c62c34e6ac84,Wwxirwanztcuciz,33,France
b28f2e0f-03e5-44f7-8e90-56ec6ed93569,Kepenbjzryktle,50,India
316622a8-96eb-4cb6-bf55-fbec67c112a2,Bymphaigtpfdp,60,Australia
981a4cc7-043b-4755-bf91-d3e05795a77f,Ygnodadac,31,Nigeria
ada446cf-65e1-4139-a26b-cf3fec773142,Nofzqmtlazwh,55,Canada
81821781-9a2d-4d2e-86ad-0a22dbdc1652,Nmduw,34,France
97cee3fa-2c47-44a6-be3f-68240eafb21f,Wvfrnyxcl,48,Canada
c31090c6-7cd4-46f4-a292-79c72a488b7f,Kayzrxzbpenpfk,22,Canada
1eeb996d-f1dc-4b2f-8fe7-08aa3976e99b,Wycbyvxsgvj,30,Brazil
3593dbc8-bc33-4f0a-bef9-51675e242815,Vgfzfadsf,25,France
9abd08cc-4d34-4a9c-b80d-ddc6802df0fc,Hnmszcvrhqrwg,21,France
6edc4046-91f1-4f9e-8672-c64e57f04c7b,Gge,41,Nigeria
81f0dff2-dada-4838-befb-dd9a47c2d0c9,Brnz,27,Canada
02c3dc4d-f590-4794-b9b5-38ef06148948,Ftujf,44,Japan
0c84e5ae-f833-4e27-87da-bb26fa280e7a,Ijmrhofvm,35,Canada
8a855e73-a299-4fea-a7a3-33eee5d9d96b,Dfjxeyyebuvup,28,Canada
51e78156-e677-4881-9e93-46a0eab7942a,Lqfbwcjs,21,Nigeria
d38c0135-448c-4673-bb03-e587f07668af,Fkoxoniy,39,Germany
29e6bbcc-3d80-4e63-9b45-62a61dc54309,Kmtdidnhhzrv,47,Japan
c5e25e16-ebc2-44a0-aff2-1492f103bc17,Wypqsakyzmqazdj,29,India
129498ed-da1c-42e2-a8d9-4fe67e96f635,Znaryxf,57,Japan
92d63513-2596-441d-acf4-5103a1603ca1,Ixhwkzuaoib,31,France
a7da18b3-aa99-4575-9ca0-79cd57f31e82,Dzlu,54,South Africa
f7d22b3b-164f-4e26-94e0-30244311e943,Bbls,56,Nigeria
2d59ee6c-a6f1-4fdb-be81-c84e565bbee2,Nsm,58,Canada
a7c87f7e-153b-42cf-bf3a-8974e8fbcdbb,Khybnpkrhsmt,25,South Africa
a1802d09-5887-4ef0-b8eb-d4074f17455e,Rqrfqczanchol,44,Germany
c3c6ff27-8d3e-4bba-b402-652fb7d49ecb,Fwdw,19,France
eaf7e52e-f5cc-4da5-ad58-2cf4a340ba30,Amxtjiyxerrojlc,35,USA
a018d410-286a-436a-a09e-710e82e1310d,Xaopaecj,29,Germany
d664ef95-692d-42d9-bfc0-ee592b385e44,Aurlocxefcatxh,42,Canada
eb837f0a-a6f6-4851-aa8f-574571328a10,Ljwsyi,32,France
a4553552-8ccf-4077-83d9-780c7c36e34b,Cjynetwxo,24,France
a9de2d5e-8b4c-4a5b-95a7-6f21622b836b,Myxn,52,India
37415814-901b-43ad-b919-d97ea75141a5,Xpvzcmxrmjvspmo,54,Brazil
a045f1df-ed7a-479b-b612-4d9c56e5c48b,Khqmbuf,59,Brazil
3aa258e8-9f4a-4ce5-a7d2-53fd18fd1a5d,Hjkqdicgvvktf,29,Canada
3b51d54e-3acc-488d-9b6c-7d6a7fb94bcc,Poatt,20,India
881afe1e-8576-448d-b5c9-ce4eeca7213b,Xlongqgxmlt,20,India
bf08e6a9-5c22-4c2b-bba2-28bf3dcd07bc,Udcnjtfjuwbicb,53,Germany
553b2776-9962-4c5b-baec-5c4bee5aca35,Etqxzk,42,France
0e656fa4-9fe1-49f2-a931-79a48e7c5540,Ycybkcfqliognb,54,Australia
e76e1d52-53b3-4546-96e5-3302a699e599,Pgqisoynejskxwi,60,South Africa
ccf5a631-bfa8-4e9d-8840-07ab731faabc,Jwxwuvqa,20,Germany
08d9f274-6ea3-4545-b968-4a4851f8d26f,Votvawwjolaip,19,India
3bff4c00-6cfd-4063-84f6-f62f1495c525,Apdqrtvfecxc,28,USA
6672db16-dbfe-4819-b450-15b79bcd1ec3,Iuzpi,44,Germany
25a3a514-6c50-43e7-8789-1a0b2a4168d3,Xmuttzsl,22,Australia
5bdb6b93-b577-4ce8-a58a-8d26af2949ec,Vrjohrdnj,51,Australia
45cbc345-9343-4b15-98e4-b1d77091c433,Tcbianhpnwaxloe,32,Germany
174bc3cd-430d-4b9d-8106-64596c0c921d,Hubfffxnj,52,USA
3229ad96-1622-4d84-acd9-3cfb2af52476,Wfroeljibzr,40,USA
70084d7f-d723-4764-8261-730e33f5e024,Ctcun,24,Canada
206fa01e-b846-410e-b1ab-1ee7dc20aaeb,Sdgwvd,27,USA
76492bfa-ce7c-4076-9322-0d4bc89bb674,Vtfvelvb,31,Australia
0f57de70-4a4c-4d86-bd7a-4c8b0cda69dc,Thsfvxxgypazbie,49,South Africa
8e57fd8d-48f8-4462-85e3-ed86d4e9c720,Qwzfhzyq,34,India
011abfc0-2150-45b4-a16c-56f8dcf9c0f8,Fccghwz,36,Nigeria
e2eab195-4c98-4392-86b3-6eb8cf5ce1d3,Qhiypxb,44,USA
21c7907d-fce6-470d-b051-38018403014f,Oiykesaqho,28,Australia
032284c3-c5d8-4a22-b46c-4f75c4336aa0,Hglctyauzk,38,Canada
f1aae3c1-6495-4421-8459-337256d3e7a7,Rraoptdln,29,Canada
8939c60d-bd0f-41d6-866e-f04ccb1241c8,Kusqjewtvhdqcq,48,Germany
c6f2fdf8-37c2-44c5-a237-b837d652d2c9,Rvoaugcsdfbv,23,Canada
5bfc22b6-eb16-48ce-9243-d4ba4341cd5a,Bvzwfcfappcrq,32,Brazil
d1108e7e-ee9d-422d-8dfe-32aa5518a42c,Orp,45,Australia
998a4c1a-bd24-40ba-ab5b-e69b926d4dbc,Lxivf,39,USA
b4d6604f-2c9c-46d6-b111-f6b922522e93,Qfjlswiwmb,59,Canada
bfcfb5ad-5651-4f68-bdce-262e3f3ff3a2,Vuidye,41,Japan
52ee11f7-45a2-413e-bb25-cdf106c9da59,Nehkrmw,58,Canada
af369fe3-751c-495e-934a-1d76d81eb2e0,Wewnaqpfbbi,46,Australia
f9b05475-4774-4290-8666-17e82057602b,Ulwtzoenmltqpn,49,France
6c34fd94-7c9a-48b8-a339-6fe5c36c408e,Kkhhnwlenp,46,Germany
74868c6d-41dc-45a2-86ca-890038efc503,Nhlvdhhimd,31,Brazil
c60177e4-598b-4a20-af35-99512e5198dd,Nyakzmjbbpyu,38,South Africa
adc25a91-0adb-414a-94b6-d06916be8e39,Aiw,26,France
cf964279-c631-4dd6-9ef3-7ceedfbc7095,Owis,20,France
05539122-b3dc-441e-a62a-93aa17518a6c,Cermyssrkc,60,Germany
832cd5c8-c197-441b-8fdf-a4a60d7e1c60,Ikbirx,54,Brazil
2804c3ac-d4cb-41e6-8ef1-77603f7bbab7,Agygtbvptwljv,42,Brazil
a8fb6337-0abc-4c4f-86ee-f74ebdeea5f2,Xczjwwquwudeel,27,France
34a31aca-71b3-4316-afd9-655715201142,Nymovywkhl,36,India
a005bf2a-7b31-4e26-ae1d-11c333809ec7,Dckagijdybqbb,24,USA
6fcf833b-6cec-486a-84f7-bcf3a2d4a22b,Igqptpmdwuor,40,Australia
ca3662d0-20ab-4fd1-ab8f-da8c4fbe6ef4,Ghhspp,42,Australia
71317b5a-5a67-445d-a636-bfbdccc9122a,Urk,33,France
118b4eb0-9fc4-40db-b147-ed655e3128f6,Ilyrsvsqthjppmo,27,Japan
724c75bd-d48f-460f-b6f7-6959b86c78dd,Tzyq,46,USA
45d7a452-67d7-44e5-af53-45c5b5f2a29c,Tnvixwxmtjfwsh,31,South Africa
57b461f4-963f-4454-8d23-d1c1a1817b5c,Ucn,27,France
e2414fa5-57a2-467d-8867-0397424f5ebb,Eis,56,South Africa
12814603-4ddc-4aa3-bc49-b1833d67f501,Sjjzsm,58,Nigeria
64f1a1b7-3f74-4980-a6a3-dec0774f0068,Hgwwhitlmtickq,27,Australia
52942b1d-6613-462f-8a9e-1f46b5daefe3,Zqysltpardtrm,38,Japan
37a625f9-95b9-4a28-8460-e349dd49b1a5,Vhsspnpmqcutgz,44,Japan
6b731e77-c2fd-4c53-9c53-e2946ebd28c8,Qeoubsv,36,France
28aca47f-9ef3-48b1-b3c3-303eda4f7398,Nafx,34,Japan
42054f95-f642-4b2d-a6a4-fc4d3a6d5014,Fsdwelw,29,Nigeria
68759b36-8f88-4174-83bd-a4a2327ec7c6,Zyodoyxgap,21,Japan
05f9919d-52fc-4187-b272-a33ba3a18969,Pzmabtkcowscr,31,Nigeria
8980df5c-80ba-4916-ab04-6e33792c2fc6,Hmtdv,49,South Africa
bfd8e573-c373-4df7-8ba3-50112cc4804d,Zkdx,30,USA
35d7e013-7ad7-4f18-a64c-38fc5d0891e8,Uoermjxjwx,37,South Africa
7bae66a0-a8f2-4a05-95e2-df55d2074f48,Qhuty,39,Canada
1a0f2ff2-f3e4-4fc0-a40c-bbe793ae4808,Mcpz,41,France
93a89d42-6961-441c-a24c-39da896724b9,Odxs,30,Germany
ae97bd49-85ac-4494-bcc8-f859b985325a,Bicdtkcdujexq,30,France
aa46ecd6-c25c-4c68-824c-b9cd30f309be,Mdy,19,Australia
2ff019ed-c2d5-4f1e-9a9d-93fe22e8c5ac,Tvhqb,28,Nigeria
7da9358f-7d5c-4e16-88fb-06d5e638d5e5,Spjvuhfxkjr,38,Japan
5f1db759-e190-4635-a8aa-1cd23ef4f2d7,Oojusjhwfqxu,40,Nigeria
e3c8b980-bbef-4d84-aff6-1e2ab7132861,Jxvzvf,28,South Africa
792da8fa-23a5-42c6-80f9-deb3d0c93fd7,Labf,37,Germany
fdaaab16-81f4-40b4-8ee7-b8234286e6af,Ustxlepukulpzr,24,Canada
1b470c8d-fffc-4013-a49a-87b883b53515,Sictrrpe,18,Brazil
be5c0e28-7278-416c-9533-ee377b4b440c,Ybpolbjlqdzcd,25,USA
6e597506-dfaf-4f1b-97d2-bdaa3c6b6965,Idfheodircjukf,20,Nigeria
38092385-8754-45d6-9ad4-68a471f4f876,Rypaxvkeenbcg,47,Germany
571a7574-95c1-4454-93b2-b1dbf62aa8fb,Hhzome,46,Brazil
1c1131fe-fcaf-4ac0-8e78-b3e488e6b452,Dytwxqfnwprtea,38,Brazil
fd04a663-3657-4904-8039-5dfd3ff56bb9,Lvkrnqqe,59,Brazil
b22c1b69-f918-4223-81fe-00435356627f,Ixt,27,Canada
da699d56-a7ef-475f-a5f3-30001192e423,Jexfjvdsbyjzjwa,43,USA
94a14818-5579-44d1-9c79-b6a05ecb0811,Fbfofo,48,Brazil
c7b28306-2258-4ce8-a4b9-f266370265cc,Vhdt,21,Nigeria
becce3f2-6702-4b78-85f4-133d0114d5ca,Qwpzf,51,South Africa
644f2660-849a-4e86-bb3c-2699800ad822,Wwu,51,Canada
9d1712bb-26c0-49ac-8bf9-ac9d35118ce3,Mluwsbqrryc,30,Australia
6af853dd-4f72-491c-acd9-105f5b924702,Vbbwzmohnhobzm,30,USA
3a402fd5-72e2-4a6f-b8fe-ffe31e7cef54,Czzjpncbflzqqlm,47,USA
28121ad3-6c32-4e4b-9603-d84ec84cc1f9,Klckubyeoni,26,Nigeria
5b8b0e10-7059-4376-be8b-de620a47e39d,Ptwnzfvaxcdiob,42,Germany
4b862e67-115c-4d06-a8bb-22819c71a59b,Kwlpfkspsxalh,24,Brazil
262112c9-ecd8-4896-accc-5d783609eeed,Ocelqaofi,51,Nigeria
68a8f8d3-6091-4b7a-b157-5f731bf4a0f7,Lnhcu,52,Australia
4d40ae04-86a6-4699-9e87-901736750c45,Nsdxciesekunw,50,France
6060ad83-94ac-4e22-9886-42ab2c603957,Pecxbliwure,33,Japan
845b91ec-5a38-4384-a1d9-8f13910e5c8e,Fdtr,44,Canada
b8768ea6-596f-4688-b8f1-43dc42dc2de1,Ftx,47,India
2b59f38f-0ad4-4685-9db4-81abf90ca2ca,Vqgnnncoxybfqs,60,South Africa
980cf1ef-24b2-47f2-8157-69da7f319cd1,Jmeiytckmhdeeqf,18,USA
0bef0864-21cc-4456-906f-4b9c401ae1ba,Mkozlskykpuchz,58,Japan
2829c49e-e5f2-44d0-87a1-37364cf09c3d,Zstelqec,47,USA
1be06ca2-1b34-49fa-9c01-2c8ce9233fd8,Ifiwzoxcft,32,India
380f7cd3-fb1e-4c9a-8c8b-6aac69772449,Vmgdit,26,Japan
7e06a912-736e-41bc-b022-589647695774,Sbymcypwhyk,57,Germany
23df8039-72ca-46c8-9140-272a0a40defa,Jliejndv,39,Japan
6d6cba97-de03-4652-ab83-fa45e4fe1763,Pveiukpz,51,USA
d81328e9-1645-4bf5-b12a-3e8f205942e9,Lvqdrq,47,South Africa
0d63af63-2c23-47a2-b449-76165f2ad2b7,Niqukhidkgsdn,50,Japan
7e9a9ca6-dc0c-40d6-a7aa-5bb94539f82c,Loqn,24,Australia
a19c22c6-aaf4-40c3-995a-bdb3e8c0ba2d,Nuqhoesoh,37,Canada
793ae3ed-5063-4082-be21-b1dcf8e1010f,Qotfjyjpah,48,India
99db9048-9394-4ef7-9918-8b4b0e21736e,Qtubradsounbyg,43,France
3812594e-8532-47dc-8c5f-785d362ebfb5,Sxah,52,Australia
d5b15fd5-5d1d-4983-a80a-176dfef2493d,Gxcqqftzrfg,18,Germany
c5779ec2-3fd7-4132-8825-d84f73bc42df,Zloloarwsmk,35,Japan
6ed57b34-37a0-40f8-ad99-81ca1df7dc44,Ueyonvbxvrix,19,France
578d1a4b-db7d-4389-99b3-300df2f4136e,Ovzcnbyxr,31,USA
da05566d-ee90-4ca0-9f03-e3ffad06ac08,Vayiyjsagv,56,Canada
016a3dde-b081-440b-85da-12e3c3aab4cb,Fodswxolrawbld,19,France
8c3e0703-8e73-4394-823e-c0e7edf8335c,Zqnkn,41,South Africa
7e0a4905-ab78-4b8f-9665-610ebf41c817,Wusmcfbmogstyk,31,Japan
f4d7af00-6858-4de3-9a2d-ed0f904798d5,Hobwmdxwahnqdfq,49,France
0fc46336-1a6f-4e02-8993-c68cf08e0849,Xtvewghqirp,33,Japan
0b3048c4-1b50-4190-9a51-9887dcefb8fd,Jhrxjdclygdjhg,57,Germany
f08bd9ae-afbd-4422-9b88-ef985e549f7d,Cpil,47,South Africa
cf309897-190f-4046-964c-bcadc09535f7,Ddxzcuka,55,Nigeria
0bddf2f3-e632-4cc5-a249-c37a3bef3a7a,Qfurovq,22,Australia
1d33b7fc-e8d6-4274-a9cf-23ffdbf33bf8,Uyealkbx,58,Nigeria
f300a8ac-435d-46ac-ab28-9fd17c23d80a,Keglhevuu,23,India
8148fb5a-6541-478f-9471-5ebc92d87bc5,Vkzg,52,Canada
a7368ce2-3009-402c-839e-697916ea7d65,Ynkrfbnoojqz,49,Germany
b2264678-eaa1-47c1-aa8d-b686d3851445,Fezmqvqflu,20,Nigeria
e6c806c3-1e7b-4128-9701-9ae4fa782581,Icudpkm,50,South Africa
b9196538-17dc-490b-a2e9-25441700c0a0,Orlzwkaaw,54,France
010f83d7-b557-4504-b50c-902893dd60c8,Ndf,33,India
bdf725e2-8562-4cff-83f5-65968f9620df,Rfk,24,Brazil
f53aa293-6958-4bea-88da-40a369fc939a,Gzxveqnsmotoe,24,Canada
52f41a5a-5402-4088-93f4-76332e42067f,Hksbnyiobkhp,60,USA
603c811a-1294-411f-84ca-b93f07344dc5,Gzrwkzwty,46,Canada
de0552e7-0b1f-4b8c-b57c-90620fa61d28,Zbwulsakazab,41,Australia
27594d8e-0fe7-4bb2-975f-b1c6658e48fb,Lvrpqrjfjdlaqhk,28,India
bbe541d7-93cc-489f-b078-d08c3697671a,Skvfzkkswflbt,51,South Africa
ed302793-8830-45a2-987d-6878713825eb,Lienxgp,51,Nigeria
63a89dbe-5a01-4d24-b5bd-a77f658395fc,Cqr,26,Canada
20e33f7b-89ba-4a73-8946-a6383141be9c,Nvjm,24,Germany
fe64e060-12a4-43ea-a31f-1f340bc3eda5,Uzqtp,25,India
abcfd371-1e36-4fc2-9b53-eff766233827,Npkryun,34,Germany
90450231-9ebc-4a9e-b44f-b0b55d4ae20b,Pwrmergx,24,Nigeria
5ba70c65-6f1e-444b-9c54-79c39c73cdfc,Ygkluehyxvtccag,42,USA
a7fe8ac2-bb29-4434-8cb1-d2f93a4677fa,Zvtlwpvbnobadat,19,Canada
b1fe298d-0cfb-4f13-b2f8-7ac95fa478fc,Yjwaps,18,South Africa
ad69e274-a790-4bf2-ac89-bbe81be72290,Fbr,37,India
c0a9d52e-9d8d-4a71-a8c9-c4a377328496,Exb,26,Nigeria
95cb4713-8a14-4fd0-9402-e62f25418119,Idhqonfvbxcyu,45,Japan
78b831cd-e997-4087-9942-a3784b242941,Gxeqlfwj,39,Canada
1139800c-239f-48bc-8dc6-c279153db170,Wbwtmp,54,India
1aea7fa7-3114-47ba-81d8-dc183295892d,Zmkbb,43,Brazil
5d6f301a-bb19-4488-b6bb-b01392f8148e,Crkiqyzdxefmblm,38,France
c2e9c64d-20a1-42ed-b8bd-0e1a955ef249,Vuhcumfl,38,South Africa
d76086b9-5005-4fc9-9724-1ff141086d71,Qprg,42,Japan
e8f09685-1339-4dc2-a3e0-ede8ca663989,Uod,30,Germany
31d21de8-feb1-445b-b13f-41495ce50f86,Eictwynhojqgf,34,Australia
7757f0c8-7ffe-4363-b681-c7cb9b09dbbe,Zdrzgxnamxxh,48,Germany
6c31dbbf-7c51-40d1-9d74-17cddf9894f2,Gejhrzsvcrpt,49,France
8760c609-3c8e-44e5-b2d9-2b834c134da6,Jwlnksq,53,Canada
8531b510-b018-4ad8-8931-a4d760763035,Jrbbimrzrbn,57,Canada
a1620fd8-3e34-4c56-96a3-ec2709899cb5,Mxmivch,27,Japan
76063279-8d97-47a7-bd32-809a8be05b99,Shblih,18,South Africa
1c8ef1e2-0585-4849-ade4-d09b0ae4f0bd,Omifhrhelyromzy,57,Nigeria
ff839c54-13b7-4902-905c-ac5b3fd82d42,Jtrkphaxtll,27,USA
a02e41fa-5e6a-4e36-9bb8-54ae4e0fd649,Xworaqyfx,31,USA
0ff90069-dbc4-479e-af44-bf10fd0407a3,Jtjab,45,Germany
9f116770-8876-4d07-b200-6e44f00d4a13,Hmhkzjcasadp,54,USA
fbf22a8c-0e9e-4e04-be5d-5b5718b4e1ea,Mati,30,Nigeria
3a507b09-73b5-429d-8338-4353de407e55,Bewnhhl,55,Nigeria
17558069-c7f9-4431-8b3b-9f2cc501c1dc,Xftz,56,Brazil
fbc35601-75a5-4adc-a5e2-adca8a843c59,Blmnh,20,Germany
17ee6490-e432-4743-9527-814f5b67de6b,Gljgbk,39,Germany
776c6d09-a06f-43bf-86bb-e7011d2f0be9,Nhaxqyetnlzxdfp,24,France
0ca387d3-30b4-494d-a528-68857c455dc2,Bnubtj,50,Canada
ccf451bb-ccd3-41e2-95b7-0a3bb72a6e49,Irgrtigcdagaqsm,57,Australia
c5b232c6-085a-4e7d-b6dd-42e1ecc65923,Aqovgriixeixdp,35,Nigeria
d2fcf9d8-a2f5-4211-b19f-9d698e67da0d,Fdmsyucog,60,India
70ea8d77-627d-4a1d-8f5c-52a407827ed6,Pcmml,28,India
060a56cb-be7d-4d63-8d07-8af6d94e1d38,Neawhpdetwbgbgo,50,USA
27284168-d026-49af-aab4-0f8ebca5248e,Zlgjjvj,47,South Africa
3a9a2f9a-a69c-4e36-b77f-9a0d068c01fc,Oaljexl,53,South Africa
4f73ab49-471d-4e58-b915-be187592b9de,Fey,39,India
0a312935-cdd0-40ae-92f0-bfbb34796b85,Fbskmwpmmyxq,20,USA
25dd77a9-b12f-43c0-83af-90bbcd0e82c4,Ilppjjjh,23,USA
acc5926c-2b58-41aa-aa72-eb2267087ec6,Qdci,49,Brazil
1a66c3d7-64eb-403a-b7e7-64ee724de554,Xvswtmsye,49,India
bf0e0711-a254-4969-93f3-6a8e8e556eb2,Ndrudovv,60,France
bcfe6c82-3aa9-45ce-b54f-28d920da91a7,Vworgxrbnsj,57,Nigeria
fcd78a42-bf62-4151-8eba-ebc7c11a31aa,Mpsptd,29,Brazil
b7c0060b-19fb-4ee3-a633-c078a41b4bee,Uplysovifdczhe,29,Brazil
0f54ee84-d8bf-47d5-8e85-7709ffe754fd,Jucdtceyshrga,49,Japan
f12cf68c-5a95-4a5a-9965-d74d2e201c44,Ytumldppgbswj,25,Germany
83f87da1-4049-48c4-bcaa-3c35f49614e3,Hxdevktaswk,41,India
d5c6e464-458a-4d30-9db0-1217ca823edd,Nxjohzftml,42,Australia
a6ed63cc-7d7e-4600-8e19-fd2dd443a736,Tmhjejvgoqpzd,20,USA
3707c5b0-0fac-455c-bc90-cb5a250fd8f2,Pdckcjg,18,Brazil
970b59de-22fe-4b95-a90b-8d9a11480cc3,Rxmtatuszlhtafu,42,Canada
528c106e-29a7-4d2d-a41b-90636b3a4d55,Somjgdxwxlayg,50,India
b4fca3ed-a763-4f53-b785-cacb49c0aeae,Kipewtsalyzjf,59,Japan
21498635-8761-4686-bf5f-7a688364dea4,Masxuwiva,45,Germany
81dd773f-e77a-4a49-be52-1764410cbca0,Gjck,37,France
530c571c-6859-424f-b6ef-a5b601fee208,Lzlt,51,Germany
3914d625-2ca5-40db-a6c4-325491f306f5,Epw,28,USA
ffcc9f53-d47d-4ac8-b8ac-d158dda4289b,Dvt,23,USA
7c362073-618b-4a14-9fb7-cf7036729fb4,Fswobgumiqvmlwe,25,USA
3962616f-84d2-4363-80ac-dc313dd76863,Puenbbkmaga,23,Japan
098982f6-5e6c-455f-9be9-43d00595cca1,Xjyjjrfwu,40,France
c5c9bba9-bc2d-4ce6-8fc6-0837e7fc9d84,Tygjhapwyvot,26,Germany
10296cee-51b2-4d11-b28d-e45ebfb76ddd,Zdnxxqcoeceyva,42,Japan
111a6dc0-207e-4c71-a7e1-a0ae22c6ba9b,Dpob,30,Brazil
93ae86b0-c53a-4b26-9e2c-ac59f895324b,Ackae,60,India
c43aa38e-5ac5-488e-ae5a-772ba980f1a4,Ebp,57,France
b51cda06-c9e7-4fbb-81c9-30cb13cf1b2b,Fsfapwouozsvihh,36,South Africa
4d97ffef-90a1-4949-a1b7-f5eb073a6326,Asqkpdc,46,Nigeria
c39a466a-be94-49fa-b5a3-bb6e599ee696,Wvkfkdzolwkc,46,Japan
be2c6d61-c6ed-4546-8476-7bc3c49fcbf0,Yvv,26,Germany
59fc95a9-d88c-4bfe-b834-40900c62835c,Jdmswjrs,49,Nigeria
a04e49c2-2130-4e3f-9200-91f29237a2bd,Flsa,54,Canada
b983b249-1567-4083-a0f0-152b242632d9,Wrugibtj,27,France
e2ce9df1-78e9-4265-8678-bbdeb7a288c5,Abdkae,56,India
f9e69380-96dc-4e24-bfd8-306ca3f0d23a,Ntjlarkogj,38,Germany
f45be0ca-ea6c-46a9-9a0d-6b33d55f9c62,Jdpluaq,26,Australia
290b3350-ad79-48e4-a409-23bd1b4bc58d,Etmofgoad,26,India
e8e41f6b-070b-4a12-a354-cb95eb1b3540,Boln,33,Japan
f2147f1a-9d32-403d-8933-314ca310cd72,Lqiyirmhi,57,Japan
5c83a76d-f08b-4c84-a47e-8c5200172f9b,Egbwwt,56,Brazil
814fdb7f-5ff3-4e97-849b-4b10c3a5bb6d,Jvikxdizjubzi,36,Germany
27c604fc-6fbc-4bf1-a671-2cf720975b14,Nxtwrgqpwhpd,44,USA
2e1eab1c-dbb5-459e-9a52-c58b151a06cb,Zqmxl,52,Nigeria
c684efd3-48dd-4f73-bee4-f0bf8e0dd7ff,Pmdbpqbhj,19,Canada
09f83e24-5b35-46e0-96be-226a5f08056e,Uprudjoptpy,30,Brazil
cc309516-a15c-472a-b245-99ab5c096989,Egeieqepklyac,29,Australia
d6120f3f-0212-47ec-a4bd-68d98e9507e7,Nnrwvqhugfq,31,France
91f99319-89d0-41a2-b1e2-84541a37d46b,Imjpogjglcqe,53,Germany
60626fec-842d-484d-bb42-c795e5c4b66f,Rwdc,59,South Africa
4dd61b40-4f6f-40e6-8e39-b0276ba8f77e,Aoni,55,Canada
db6e6bed-ebfd-482e-8de4-48955307dea1,Rmkgo,55,Canada
6417abfa-1789-48e7-9336-a84419afbb65,Ofnilqwacrq,29,USA
78fc86be-ae10-4f93-a834-e5bc9cbaf63f,Jtbixwgghrlwjv,42,Brazil
9e879a10-2614-4e74-a210-78ce8d868bd2,Eiequzpdz,59,Brazil
c155e25b-644b-49df-a718-808db5f05799,Pplpixcjq,45,Japan
68a5754b-7db2-44e7-9cfe-676cd25b95d6,Mzxthrhat,24,India
f937d107-1d09-41ba-8e6b-fa2884c5e41f,Jretk,19,USA
f88b1daa-88a4-41cd-b02b-d425e30c43fb,Vihygvlx,43,France
f533efe1-e1c5-48c4-a839-23754f18a071,Cvfv,23,Japan
6f58abb9-83e1-4779-a1a9-72f10a8033cb,Kmuwxdnkn,28,France
2545e5f9-1dae-4cff-b635-1c843d5a9af3,Agpthoqbpirr,23,Nigeria
bb70d998-f8b1-4d10-931e-f70fb73e17b7,Etvp,56,USA
c9508645-5e24-46a9-bb59-c79a01f46072,Urudozkv,25,Japan
95202876-4bac-4e95-ba25-b259017586b6,Zllcqlmhojbalp,20,Germany
a33e56bf-923c-44ae-9f70-be946355af57,Mkyfyzy,54,Germany
528d8770-17b9-4701-8d84-72954d7c5b93,Rwsgpwgeetudt,55,Brazil
e51e5eed-86f9-4517-84a8-2cde2c79c89b,Vmii,40,Japan
8a20b2a2-2860-415f-8fb0-91bc6e450c8e,Ctd,38,Nigeria
4bc35e16-c7f1-4fb5-a0a5-1612b4145456,Kzmqirgypnuxql,38,Canada
870ed834-8fba-4dc2-8cfa-45e40fe529b7,Rzw,21,Australia
a34674ed-5ec9-49c4-8bf7-49e11c1aa2ec,Hwxofpiw,51,India
de1e22ed-fed6-4db7-8b9f-bcb53da0e3d2,Pjjjpvrnpe,18,Brazil
fd70619f-460e-4165-8304-ed30f822de64,Ifutggdj,30,South Africa
fba49b43-0f28-425e-b3fb-3cfd23c984e1,Gsfzmbjemampqx,25,Brazil
dfe58826-f636-49f0-bd30-b2d02e6c8e3d,Hkb,19,France
64074fbb-267d-44b5-b7f5-257400bce0ee,Jyeiv,26,Canada
7a0ee46a-787c-46c1-a891-08a63ca1deaa,Spiowskxifphse,58,Canada
5d80b092-1226-4efd-839b-faecd9403f9e,Harfgkfxbsqhwkt,29,Nigeria
cae31e19-0709-4059-94fd-8382719bf1b9,Qqdnbvspzpywcl,18,South Africa
49c9949d-ad6b-44b1-bb67-3885447ad038,Hxoti,40,Australia
914f6c73-45bf-4544-a95f-e96fb977cf74,Uiokpxfrhizbb,54,France
5f04858d-a9b6-4c47-ad95-28a9252a5b63,Jhrzcwtin,40,Japan
9fe855f3-ba5b-431e-986e-7b242d76d290,Xwftorz,54,Canada
5fc0eeb5-000c-427d-be3e-a525ef3d9771,Muhwhloovbbqc,58,India
204ccbda-7f91-44aa-ac4c-731bc9e77e5b,Logssdvkuuu,43,France
856d6ffd-349f-4281-9574-26cf70e09b9b,Juffklsql,28,Japan
72cbf2c1-382d-417a-935d-07f973adc55e,Dusatzlyxqwuth,37,Brazil
5a6a3409-0bac-4b9a-8445-da27bad41433,Xgohlnyxq,59,France
e6a33644-1fe6-4404-98e8-e06decb425ef,Pfnzmlw,56,South Africa
99855968-aaee-4a21-a013-733cf10eb941,Okqxnw,27,Canada
9f1cda1a-8539-468b-bf2d-9b4f4d54cd28,Kanakswll,55,South Africa
a987dfb4-ffa9-4ce6-888d-a794a7133e66,Roxfkvtpcajzdzy,22,Japan
e263bdbf-2280-43e7-8783-24975a449fc6,Jnwx,35,Canada
7e689d50-7e77-4c65-91f3-c0195fe753b4,Rtai,38,USA
70b0af18-cc04-4085-9238-ba49072c8386,Ckircp,36,Brazil
787cacf2-7a9f-428a-9a6a-210a024c6ddf,Iubvbbfrrofdum,18,Nigeria
27c92d5e-2f4e-4883-a0ed-a3ea6e51151b,Ifmwyenh,59,South Africa
151e0667-d25e-41ec-8d64-fa6f16f76828,Nufxkowrprl,46,Australia
9c0ed03c-3917-428e-b00b-4a4c26e3e58e,Ppzeyoso,35,Germany
8834df3c-d951-4e94-a014-c8c6a56c5d40,Zmkscxwmuy,50,India
14ff78ff-fb0d-4a9d-8b8d-9756d2953f36,Lfxxajlhlmjjq,40,Japan
543c55f5-ea75-4f24-8281-8021fba11d9e,Hiikm,31,Nigeria
cb11f517-3620-42d6-b830-086a8a34b6c8,Efskpqki,37,Nigeria
d3bbc95b-d825-4ed1-97b9-db3df49b64d8,Hrkkcsjzdl,18,Australia
8f41e0b0-9909-4241-837a-f3b23f1bfc31,Xtsvh,36,India
eefafad8-5b2b-4d64-919e-65e261647bd9,Dyyxkrifnzo,19,India
1a057970-d118-4dfb-8170-86f9f480799e,Yvdknfij,18,South Africa
d7f6b511-41f7-4950-a640-14f8956624b5,Aesnbogfabsk,44,USA
513d2ba4-6d4a-44ed-b822-06c1cbcf66e0,Loyiw,26,Canada
01865ecb-c1a6-4385-abbe-1b554ca700a0,Hwqqzrazbj,51,France
e34c6da5-b7d3-4f21-88bf-f69f79c109ec,Sjvnbvc,19,USA
e8aa65e1-e0ad-4e50-8e2a-9ca1db84e295,Znnsyzwombe,23,Japan
02af9606-d1df-48d7-a8d7-8ea9a9c04d73,Bpyzzahnqxou,20,Nigeria
9f803f99-2f54-41e2-b4d4-48e1b379c9bc,Tvgjxzjxfqdzqhk,23,India
f7248946-e4f0-417b-a520-98d4fe88b51d,Gakkzjpysoi,23,India
ced6f744-ac5f-4512-b3b0-8018b14ed05a,Kmpvqv,18,Australia
c1bc8810-005b-4ee1-b44a-68675b3e6e4c,Gkrk,55,USA
d3c8959a-86b4-4e62-9137-ef06cd42f16c,Rpakn,47,Japan
8d51303e-1534-49e3-8d77-6503b3b468d2,Viy,45,Japan
4f2064c0-8c23-4814-8864-5dc2fb70fa5c,Nwfnngs,37,Canada
57ff026a-985a-4440-90d2-a4ea838d70f1,Ruuryukw,19,Brazil
e0304cb3-49d3-4947-9ed2-9149ed9d5713,Mcjprznij,33,India
2a25a3af-4269-4f2b-9e92-bc7c57f2deef,Wvtpfpjvrbgy,52,France
62899b7e-f005-4c65-9fbe-3652e2f7f019,Gfycsqic,33,USA
1b10ec8c-8577-4705-8c3d-e31052cb90cd,Rgxheflyopwe,57,South Africa
2dba9c20-890b-4432-a691-6d0f87231235,Jusme,47,Nigeria
a9e309b4-ab90-4af8-99ef-ff24d706ffd4,Kjlipwnlx,20,Australia
33d9efe5-a4db-47e4-9f15-ea7dcd9e62b1,Kwayile,28,USA
fdbf370b-c5e5-4655-95b1-bfece9897eff,Mamklny,58,Nigeria
41234ae6-0a3a-49c2-b30d-f589c9c7e015,Jghqx,60,Japan
a2cb63fe-7b66-47c7-8491-09753f987017,Flpzyojzrcex,55,Canada
db44fb97-82a5-4738-b2bb-4c0e979f3ea2,Ppgrttolvnwn,35,USA
f96ebb8d-e86b-4972-a71e-fb140a4d5a20,Xpfdntis,39,Brazil
327a1e1d-7ebd-4675-9a71-fa53ea982de5,Tompdnm,23,Japan
0dc59bf7-ac6d-4b19-9332-d8e1822379f6,Bfohlqycamsaiy,40,France
3677a8cb-b630-43c6-be14-67d61899a468,Wnfiauvclhr,26,Nigeria
56e5cf1e-39e0-4c13-bb74-353a2ea1e954,Qxkgveacjwfww,36,Japan
374a501e-f421-4afa-821c-5f604a04f984,Gvhyqk,33,India
1ff76c46-7b52-44bd-a632-6ed65b788c2b,Xrl,37,Brazil
c1c6d1c7-15d8-4a3e-aee5-a78cbc0a9dc2,Oidwwrjebqrwp,49,Brazil
58d62ad4-3001-4537-b364-e59f2ecc1af5,Qupz,60,Nigeria
a1ea9b2d-b3d7-4315-bf28-16aa1f59aa1e,Ysjavtghjxgngx,21,India
26c90863-d52d-45c9-916c-b2737c9b3d41,Fxtqfywzkwzx,33,Canada
3fe942fe-d107-4984-acf0-ed83428fdf19,Ttrcfpmwky,27,France
2d45582d-aec1-4812-85a8-0d1c410830cf,Sbthfi,56,Japan
9ce0c181-8074-4d8f-b18b-fc79ade56233,Hgipctrtdisf,53,Australia
a0ba8d6c-2697-4a60-84d2-668ce8d6167f,Mtzhvjszmgrmykf,44,Australia
80deb5a9-3265-4dcd-95df-02902f6ae606,Vvwypixghpzp,23,South Africa
e4766268-39a8-4d54-8e74-3dd8546059da,Csb,24,India
80f10864-2309-43d1-bd54-f8775a5987cc,Yujbxsgmegmz,41,USA
166e39ce-4bb8-4562-9a5f-8dd8afd18b89,Dcq,51,South Africa
68875609-bd85-4dc2-81c6-c8c2d4040281,Qydqy,31,France
fd117d49-c668-45c6-b3c0-8886cae0e64b,Wysgqshnfduo,18,Australia
429405af-d5ed-41eb-b8d2-5d55be6b3479,Jjvjvtyenzkpv,39,Nigeria
9877e5ae-f0c7-46c0-83b0-db0ad65d2a33,Cacyxxr,48,South Africa
35e1aff0-1905-420f-9baf-0b9d48c20375,Huchgmzpbjwzy,41,USA
0cc78984-096f-4344-bec3-8e3f80aeb764,Zzqnlbaq,28,Australia
c756be07-7b1d-4501-8a4e-ef559e46b46f,Buceitt,37,Canada
15dee798-b94b-41bc-81e1-34a13a5829fd,Wruglnfrrgqjkb,33,France
0a0397e4-9f22-4cfb-9bcf-d948b49230b4,Paidmzvaq,47,France
9ae5df80-9f89-44ac-93d5-5fe0838011cb,Qvznohejyjbcozq,60,USA
ffe94b14-436f-4340-aaf2-5cd0c7de8f60,Uggpdiocc,32,South Africa
d4fc4fdd-8e09-4af8-862d-a7fa7c2221db,Lxdvicsinnflzj,51,France
fcef7be6-03b8-49ed-9227-6c5bb3f235a5,Uuzvn,52,Canada
f0cc6884-5d9d-4fcc-875b-509f33783f72,Rwljxvfrrc,32,India
bbb11a87-746b-4f8a-8754-d071145eb628,Pbx,23,Canada
71a5af89-f2b2-4d2a-bbfb-459b90ca58f7,Xytgtrj,47,Nigeria
fe9d5820-2737-475c-be4c-eae1d72fe057,Fmpewy,31,France
8ea34577-0c59-40a1-9329-e3d0aa61b826,Tzzvh,32,USA
94db090a-daa8-465f-b476-3967a8d43fa6,Tkfuetniuwt,19,South Africa
bbb0cfd7-12df-47c5-add5-5543da861fcc,Tsacgvrwhpearsr,25,Nigeria
23de15d3-51c5-4a13-b2fd-21916b1ebd0a,Rog,42,Japan
a9d52de4-a44c-4cfe-8ea2-63ed7370deaa,Bgnitcoj,25,France
8f36af00-a90f-48c8-892d-0c93355f41fe,Mram,52,Nigeria
24a77af8-cf13-41c1-88ff-12dc03649775,Pmqjr,22,France
781806bd-5097-451b-aaa3-f494e7598763,Inkjyhwhgpi,35,Australia
c79f424b-b3ad-4b6a-ba41-ee9f486a908a,Xwtgoyr,52,Brazil
5cb40d6f-4784-4180-8a4d-724d6bc24133,Rxk,58,Canada
9b8245a0-2beb-42b5-a6d9-fad463753835,Abevhdbfreveh,58,South Africa
d5912808-b6dd-4ca1-a54e-89cab440ea5b,Hdqyigjgrucnxi,38,Germany
ae004a08-baa8-49a9-89fb-e8f9e51982d6,Cfxj,40,Japan
2c4cd7fb-2a42-4ade-a65c-463698216737,Ewsvg,50,Germany
3bdc0cd8-eff5-4388-a974-968ca3ea32f0,Iropaqlacgs,46,Australia
044b6dc4-162e-49e4-9d9f-8666bddc8dfd,Ahesxqkt,53,USA
163f44a3-1701-45e7-8a67-e4cdf2dab3cd,Zewde,42,Germany
a4db7782-c966-4be3-b909-2d583734724e,Tobowpqv,45,Germany
48e6be22-4485-471c-8d91-09e247c7a1a9,Ibxiskuailu,23,India
75424078-89d8-4615-bb74-fc3102d9fa29,Bzyvbmtqkvrgr,25,Canada
4b68cabc-0e5c-46b1-ac06-ae9e70198d40,Wwvwurfbz,35,South Africa
aaf44388-fb65-448e-ae3f-49aef84f2865,Dwmfwjhz,57,Germany
7bd20729-8031-4a0e-a0c1-f859ade35868,Enznmpmeb,46,France
d39bec38-9841-42a9-be7c-035f7d81c475,Voeoypilf,30,Australia
07ab9df6-ee63-44dc-8abb-1e0ddc9d0727,Wiaubnoxnkelcqv,23,Japan
8cc5d05c-c3da-4017-95cc-14ea26e9f749,Mqqmvpsz,55,Germany
a2def8e6-90dc-4bbd-9da4-c58650c6952e,Xgsgp,47,Germany
7fab9ab0-c55c-4366-b632-11078c1540c2,Sxksaloax,49,Brazil
de3d70f1-bda0-40d2-8ca4-02ea8b6fc37a,Lwkoann,38,Australia
c60d226c-c334-4f14-a065-340e94565c38,Kexga,43,Brazil
cec64edd-a6af-4df7-957f-f1735f07cfa7,Neifxvytpfz,56,Canada
821ace29-b151-4ddf-8eea-d750093c84e0,Ukzxw,37,India
4fdf9c9c-9a3e-4d06-bd7f-746f9a4629c9,Tcnq,54,France
35a310e9-f1e0-4a4f-89d0-e064a2614b17,Mowegklqznwqyc,19,India
d9e27a95-ca8f-457a-be8f-a0a192d69c42,Tfilakurbfnivoc,22,Germany
80f7e289-3428-42ce-97c2-718713461373,Ptfjdgvp,45,South Africa
193dccc5-12e3-493e-a7e0-750cb99c1417,Qmw,40,Australia
723bb08a-40f7-45bf-83a7-bc5d7421e491,Urfqgzodcqhqenm,29,India
116e87da-7711-4d12-b4a3-a0e8d5b41b35,Lwtqhsrcsbqdc,40,USA
e9dd94d3-4782-4791-bc29-39eb53462a31,Qpgrrzbq,48,South Africa
56081e5f-3935-4f32-82e5-d0d1085b8bb5,Bkluwcr,34,Nigeria
6dfdc284-6456-4b06-9c4f-57a1660afdd0,Txqjbvicdy,27,USA
7354d2c0-7dbd-45db-b475-05f8eeab07bc,Qpjdcnibqdzvglg,20,Germany
7b0f56cb-4a7d-4e17-8884-72869a7ce273,Pnstszs,23,Germany
7d74efe4-9356-4cf9-907c-3a40fb495bed,Rskpdhj,55,USA
5aa4a615-3b73-4366-a042-ff7308228c95,Mfhfipb,59,Australia
c1cd1002-7954-439d-9956-82de0e6cb8ee,Aapsda,54,South Africa
0cf29e64-2ed0-47d1-b7ae-946c0faa3662,Hmmayneehxqm,53,USA
b8442a8e-1279-410f-9d39-7033a20671ee,Lmegyftwxelml,22,India
2b97cb28-94f5-4936-89e7-6282cd8e344c,Clgzmoorehx,50,Germany
099e051f-7743-4120-8050-a5bf07b97ab4,Kav,49,Germany
a8114ae2-ea7f-4437-93c5-bf2a91381dfc,Sndhcnqkqdzfzw,59,Germany
e7ea06f2-6634-4952-b83a-32c61fa89e6c,Nnueoifchoo,58,Japan
bf6a7c2e-3701-47bc-9bd7-a59926788d36,Hiiguveybiifiq,38,Brazil
552bea1e-f9a5-4cba-a015-f9a108c9203b,Ebtresmakrdzkek,41,Germany
619515e3-d5d9-4ac3-890a-78f1625abfb4,Yfauyct,60,Germany
d1092ca9-e689-4501-90fc-5dbab6ed8e05,Drut,34,Brazil
e5f5b0a7-2de6-4b6e-a20f-098dc8e2645a,Ebctctbjjm,35,USA
5d8b0475-2651-44de-b266-074f6a09e144,Mvalcxemeosuc,59,Australia
51af13f6-a2cf-4217-a8d0-83506cbd9b78,Wjxhtp,24,Nigeria
e3b2f46a-bd2b-4e06-a474-d4c89846c9aa,Woedtxjjdgvowwk,52,Brazil
c2570058-0d8e-4456-9ae2-5b181da961f1,Axzbourjkt,20,France
87455b2a-41a0-4dab-85db-8ac1ad6ffad6,Vmfuacyaef,26,India
63014e12-793e-4ebe-acf1-1b5d9f90cff5,Pjwjtndmlhqkj,23,Nigeria
bde76f34-455a-4a4f-8d31-aa57ff0091a5,Wcbr,35,Brazil
eb079655-0d7b-4f17-9a80-54895edbb99e,Fmqdxn,51,Australia
f5c93e3b-d8fb-4654-9a26-46f59b2e4009,Cjskv,55,Canada
ad974541-e7d2-4005-a93a-24bb5e8f42ce,Laemxrd,24,Canada
09241e18-1e17-49e1-ae22-5e4629571d74,Pjlkfkoqupcu,39,Nigeria
6858cdd4-36ad-40b7-8228-959ebe6e81ca,Ajs,27,Nigeria
d0cf2abd-9df8-4032-9748-d8e9242b358e,Awh,34,Canada
be451d0d-7493-4a03-b75d-51355a674497,Jipmceanww,54,Australia
78c6609b-511d-4485-b164-4f845dccefb6,Tcuuacarmldowj,49,France
1addf68d-b597-4f0b-b8bc-186862539d8b,Gihxdkfnbmm,19,Japan
5da5cc33-2c6d-4e82-a62b-b5b6859fda0a,Bskufrwmmf,39,France
ddb50594-c6f0-44da-88ed-59df9a2e11db,Cdykes,51,South Africa
c8429eee-d411-4e4c-90bc-a1ef923d9065,Uscxps,49,USA
90542a9f-4ac1-4ef4-b410-cce25e3991aa,Qtmhm,59,France
3ab8cd63-b0c4-4704-9fe3-115205d636d4,Korswnciotk,31,France
b9ab2217-14eb-43be-bbd9-96f617cb392f,Mth,19,Nigeria
7f0ac300-1c20-461c-9af2-04e82e68eb64,Vvsozblboq,41,Canada
cd68f8c7-45cc-4ffc-9c3d-a687f020cf4d,Rzymm,20,Canada
703b567c-2c4d-45e7-a51d-652184e341dd,Bectfivjbiuov,50,Japan
8cd6a641-652e-44fc-9c2f-fd021b3a1388,Xprkxqycmvtyp,29,Brazil
de743791-b43f-4140-b8ef-5c6efc69833f,Kxrpnmb,48,Nigeria
9fddf331-f2bb-4734-af8d-f8ddec96aea9,Tmsc,56,India
94589cc2-84fa-435b-8f4e-d032e5fbda03,Zwoijcdcqsbjz,31,Brazil
3be712f9-a4e9-48fc-a9d5-50940eeba431,Wondhc,58,Australia
366821c2-e65c-4f8d-ad1f-177a429f3996,Rnchchqva,39,USA
bcaccace-5ce2-4324-8935-7a51a9b71dba,Ezrdqn,24,Japan
7cddc9be-e123-40c3-89d7-d1c1d42aa3c1,Mxmkr,32,Germany
0aa93108-616f-4e6a-8b7f-055fb06cf755,Ggvog,32,South Africa
017afb9a-f12e-4b75-a294-6243c08320df,Kmkfgvgjouoji,33,Australia
a349bcf4-5e64-4b8d-99df-b8508af25bac,Lvdrlxbv,34,South Africa
d64cae98-5983-4f44-8fb2-3214c006b87e,Jpoxzbofmmsbp,37,Japan
44d445d1-3050-4df5-a860-d23ca07d8cee,Ollm,32,Nigeria
03aa638b-a962-4b67-951f-c93cb12e35ab,Jdbtduukejwkgw,56,USA
a262d5fd-041a-4761-b5f4-a91a760f606c,Mput,48,Japan
671a4f41-9633-4d14-b98e-3df98ec92cf7,Koadhb,20,France
026d593e-0432-487a-af19-7bc210e94da8,Mreczgmskahotwv,47,France
04f1b7fd-727c-4f4c-80fa-7f96d787bba8,Bvro,58,India
1898ac04-a386-4773-b56f-a80436ba0f60,Teupemskhew,39,Australia
5b243949-b22f-40ee-8835-77fd915974e0,Amzcwdl,57,Nigeria
61756675-23cb-40e6-bac1-b80eb862fead,Ykahnjbyqvugg,27,France
1a2b346f-4e2a-45fb-9ac0-b331f4c6fb6f,Uhteeauidqwkzd,22,Germany
11ca849f-f4d3-4a78-85d5-7988438851b9,Numxwdllxojp,42,Canada
5e70ef76-6721-4bad-9cfc-55008d37ac41,Nnreoazyjq,27,India
7ae51e4b-b166-4a52-a99e-41580609cd21,Mhlqdfdwr,43,Germany
dc780e86-a61e-4e6e-89e3-6ceb58f081c5,Filezx,35,Australia
483195e1-9fd9-4275-ad2b-13e15cc2b3d9,Kqvp,44,Nigeria
b3468c5f-590f-439c-ac47-b884c8227466,Nqba,19,France
0f6763b4-47ea-4bd8-bb79-9779020a4406,Wblxos,58,USA
049f429a-005a-40fb-9ec9-2db12e85c47f,Gjitfiobtuyh,33,Australia
4b2fd5d2-4558-46c3-b7e8-21386b68f6a7,Ovzanrmzupvio,25,Canada
ed9a4e70-6160-4678-bd36-243dbbac0246,Npcaecrdi,51,Nigeria
7d387b88-f089-4e90-aa8c-659000faafe6,Mubkmmvkqcfyyw,21,France
ff3a0205-300f-4e73-8266-adc16f0f6be5,Egwcwoleoihayz,24,Germany
c2a7a4fa-65fc-48af-943a-083ca7730798,Qjodhhefjn,55,India
eca1ac9a-197b-4532-87da-65fe543013d2,Gthpnyoicwz,50,Germany
40cf0865-ab37-471a-a29b-718011e5e1eb,Hpa,30,Nigeria
17adf5ee-3780-4e66-80c1-fe485dedbdd0,Zmpqncsxe,54,Canada
c4aafd4b-2376-48b4-bdec-d683375f26a3,Mjyh,44,Canada
58580b04-e682-436c-87af-3bad51ac697d,Orlxrzshivbpp,41,Canada
b13e4954-67d5-413d-ac82-d2662c6b4d5d,Zwwcf,53,Nigeria
90433046-2e9a-4cbf-b13f-cf346a086857,Nwiop,34,USA
027d133e-65f5-4d61-990b-00bdd8fecccf,Udokhfya,18,USA
d21d6608-a31a-4c53-b633-7bd2db66c661,Gfmcpoovfizj,23,India
d8aae2d2-ea22-4967-bf97-649e59ab9668,Hbwaodykbdkhprk,59,USA
64d15063-ccbf-49d8-a01a-4f7785806572,Slzeseadteohrxe,20,India
5539a6b5-4dd6-413f-b81a-6b5a34dd9558,Ivncqc,38,USA
a7edbb8c-a130-4843-b1aa-32925cf11c5e,Tfktrzkcrfku,46,Australia
2a831f0a-0c42-4e81-845a-127d171fc2a6,Lvzllag,36,Nigeria
3cad5823-9d0b-43e0-8452-6e34cd84ff01,Kcrelrt,31,France
46008504-92bd-4534-969b-9958624fc753,Iunq,25,Canada
40383258-64bf-493a-bbdc-1a4f91099df1,Qoweufjoj,47,South Africa
484ca6f5-e3dd-4a4e-9fda-5078b5b43a48,Alefrocttsagace,47,India
0dc54014-a1da-4ca7-81b2-02bc013907b0,Ckkpfynipsdqwn,18,India
f06b3f1b-c6dd-42e6-a2f4-f084b7a21b20,Rztupzgr,54,Japan
a3b4d5b7-76b8-4350-9435-2b7b5955b084,Wsknjqaqqijj,50,Germany
f503fdfc-aa33-4584-8447-13efebfc24da,Qvfkgv,60,Germany
6ed48b98-451f-4f05-a0a2-4dedcfe24063,Juk,53,France
f8d7c039-bb3d-4b2d-a3f6-5f1c396e5158,Pphyhezsxdtjf,27,Canada
6bf98c02-0278-4c72-b8b2-e6b6c28dbe84,Lanpvezr,50,India
6c3673dd-a20a-42b3-bfb1-a2416e561bed,Vfkuwc,49,Australia
c5ee865c-e7ad-4674-9dde-5f4240086ffd,Gnnismdteozs,30,France
d706207a-840e-4221-af01-1f431c299a0d,Auweatlnzhy,52,France
3064781e-76e4-47ad-a481-2ab871444eb0,Gheveiaeiebgsrd,32,Japan
5d6f0892-b7ee-449e-923f-d2da9068756c,Xwseduvgwx,57,Germany
d41f235d-0956-425d-a74c-c24714185c42,Jzcwulw,42,USA
9ef7e5d8-fb20-4a6d-aacb-4d7b63a085b4,Ppfbo,53,France
6eac14fe-53a9-4f87-9a78-f1a96c33c5e1,Ykrja,52,India
240c273c-94eb-4b45-a2ff-fc49010d5945,Txnjzoiiwi,33,Germany
782502a1-bbbf-4e6b-8e8f-332b350a2727,Tyockrfrjfjzlrc,30,Canada
2de344af-7617-4627-9244-2cb944eb9424,Pxuwetx,37,Japan
f9313e43-e5fd-4cb5-bbad-70be0952fc7e,Pfvvcuxithv,39,Brazil
f28ac972-fa7b-4839-9dc6-77dcf1a995ec,Mqjc,23,France
f59dd927-8b6b-44b7-b797-592aa1db8818,Odoitu,32,Japan
69729e16-1cc3-4592-aa3e-c20868a43eca,Tmtrxpujgaucl,22,France
ce3d1d4f-2501-4199-846b-3b5f7efaad14,Wrxvbbiuckdi,25,France
7ce70653-0c5b-438d-a3c8-ab5c7df71c10,Dulbvzwtqsqd,38,Nigeria
cfb8e659-b1e5-4365-97d6-90b49c43cfa0,Ecxwcysdg,33,South Africa
9049b7ac-980d-46ac-a42b-e5b65fc0f24b,Twyu,60,USA
66b20170-24b6-438d-95c2-a8f47b8b8c5f,Zpsu,44,USA
ee488823-b11f-4a96-b77c-5bc2dcd4f255,Vscogwxqgrwfad,28,France
db04bea5-92b1-4165-b2f8-ca3c74ea9723,Twtzv,36,USA
27cb05a2-6ac8-4be7-a730-2c819053bc18,Livlx,41,Japan
bc80da65-b7b1-42f3-b0f7-296aa40b0769,Lsjd,24,Canada
6b6e820d-667a-4150-b39e-cd9c39b81413,Nrtmzpn,58,France
5c33654a-548c-41ee-8740-6d57def20910,Zvh,55,Germany
a8f34eb4-645f-4c0f-a7b2-db591985ac50,Awopabm,29,South Africa
d3cf5623-36a2-40d8-b64f-b55102ea83d4,Wtle,55,Japan
e41c97b5-18af-4331-ad82-c3f09489caa1,Wcs,21,Canada
41f1f375-4bda-45e5-b179-d54322dcfb09,Fjjqfld,24,Germany
fb95d4c6-edcf-48c2-9aec-1ab16c097683,Yogjmwnrkj,27,Japan
cd6b7b91-5f4a-4ddf-802d-37c7be30f9d3,Johblxzip,25,Germany
74cb8ee6-b851-4ee2-958d-e33e1f6e7316,Mdjhjgbejmt,19,Australia
522473bb-d6a3-4e3e-985a-04b6f0d62984,Twefleqpmmayrw,50,Brazil
42232c55-45f7-4250-879c-7052659fe903,Rxsptzjpdaqb,43,Japan
1c127877-16d1-49a4-98b2-c6ccdfe07d6f,Jtuoxhkbaq,56,Australia
0ae8f3ac-5616-42a0-aa6e-57164885ee03,Wgrsakyt,42,Brazil
76c71586-9dc5-431d-a07b-914627c48f13,Bsn,33,South Africa
d078def3-5728-42bb-a226-d35212bbe162,Svgilysqd,22,India
99c4df35-5464-46cd-837e-89eb614aa714,Onmmuyzg,18,Canada
6a95cfda-0f00-437b-bf0e-d7ee2b11e138,Gnujfnejfnypmox,36,Japan
76dd1ea2-64aa-44b2-88f5-80530fd723d0,Guq,22,Australia
b81a9d71-171f-4225-b79c-70bcadea686a,Azyeoraguftsnds,25,Japan
0e31cdb7-85d7-4131-ae1e-5fd4eef81b89,Ewwxyzb,33,USA
48ee4788-695b-42e4-b9f9-d4b547143f02,Zysyaouytqaca,39,Japan
34997f27-a57a-4dd7-bf78-222020039336,Rug,36,France
32595b24-6d3d-496b-bca3-79bfc6caeb83,Lymnbwbb,18,Brazil
27d29a99-ab19-472d-9f40-7b57abb77cb7,Yzbrh,18,South Africa
53887165-932a-4b27-8d55-cf98238b8693,Nkohwgcwmpjj,30,Nigeria
4d5274db-eb74-4cb3-83c7-55978d3a94b9,Toj,31,South Africa
83e2dd02-cc23-40eb-b0d3-b4ce9e5a762b,Rdev,48,Canada
62f412ad-3a78-4abd-a787-ef558c6eadbc,Nthfqldd,25,Nigeria
54ccd70d-18b5-42f8-ac20-491d9ca2f8a4,Skfppzbgaio,26,Germany
a371800f-f250-4c14-b056-a033c1720bbb,Wtxmxspblcwhukd,46,South Africa
386bc14b-23eb-4a54-85bd-af2889d4e94e,Coosgobadsjepl,34,Germany
665f608c-209c-4c05-a76c-5fde071ee75c,Zfbvcmgunarf,33,Canada
26289bb3-9240-468c-abd3-d07eaa692608,Bzmg,19,Australia
28168297-536c-4533-847a-869d4339b110,Hjiijngqppz,31,France
1448c95b-86c0-46e9-beea-67436adb5872,Fiwbsgdcmycd,37,Japan
6d31729a-06c6-4d85-8a87-48db3e44d414,Vrcuyrcwbqycyr,43,Germany
609a92b1-e816-4148-bb0b-7c0c7bdd7ba9,Oenlgdujretu,51,Japan
1664451c-d523-4a56-a408-7034d17d8055,Suhfe,19,Canada
5833bdb3-04e8-4bbb-82e2-9e356f9f6377,Gezbkk,42,South Africa
1f680b74-d627-4802-a7f2-ad5c5070c55d,Kugkdxmqhyrw,26,South Africa
dc5d27a8-cab2-42b7-9ba4-e6b037484eb1,Ixitbndvziy,20,Nigeria
4b54e3cc-47ba-4bfd-8173-d09197aed047,Eix,48,France
d24e1f34-3d21-451e-b21e-d5e7c324d291,Qbdplsfznl,54,France
e488101b-b540-4813-96ac-493514aadc65,Pioofwpicxkvfl,59,Japan
0a8cf87b-842d-4d7d-a363-33f525da8bb5,Spqt,52,South Africa
74724a86-6115-4ae3-9267-4d0bcd84cc76,Mme,39,Germany
620efb4a-f740-42fa-88dc-cd2f629a28ae,Chlizeffx,28,Australia
134bdbeb-7c6d-4fa6-a248-48d137f98f53,Wrjewlzl,39,Japan
1a2d51d4-a9d2-45d1-acf1-159ea2828627,Zuu,26,Brazil
143ea9af-462e-4bee-bd38-6793b07b891d,Wjhdjqsey,54,France
782e56bf-e065-4a40-af42-f0f70bcbdbc0,Whvnosuab,58,USA
84d8e7d4-3ced-49e6-a72e-9d0d512dd584,Bfipm,52,South Africa
2b44f666-5f9d-46df-9d38-7b9afda94688,Ndpjhcvemz,56,India
f83756e4-e1ce-4eca-8594-f55e6f3c5bce,Orhueavfrymz,53,Germany
d5e955a4-9f04-4700-8cb2-26af8dcf20e7,Dmoghav,28,India
f0a4e100-7d23-4bae-9a7b-d1cd9d023040,Mcxloex,29,Germany
514d2042-da71-44b0-8290-f0bab62486d2,Ezcwo,58,Brazil
1ab39085-c465-401f-a823-e944f114f26b,Szszwqho,21,France
cecf17a6-9279-4bc4-912d-7be0d0030a51,Gijjlucksoh,29,India
91a15408-9717-4338-84ba-89947278f05f,Ysdrmfvs,52,Brazil
98a3e9b0-efec-41f6-8418-deab6ce4173b,Ornpfuoduevy,31,France
7a02d767-4c36-40d8-93b3-139c61ec24f7,Ujb,35,USA
cae3071f-c94d-4ef1-9311-17a5aae660ea,Ubezcgswmfqpk,42,India
3d4d13f8-92ae-4d38-85b6-9cd8b9a176b7,Lhl,57,Japan
7c4542b8-6361-4dcd-9976-835f13a444f6,Bovzszys,40,Nigeria
9bae2dee-d9dc-4d6a-98a5-f3800de602dc,Dvh,23,India
07d47015-2a34-4e6a-b517-5827377939f0,Nagsdafgn,42,France
48466d0e-cf24-477b-8ef4-404e0fb2df65,Owlzjwrhahd,60,France
7752677e-0baf-4a96-b27c-05c223ff9c73,Mqlcowdltfu,26,Australia
1ebb0f4b-d2f0-4b62-819b-c445708967dc,Gnobjdf,19,Japan
25e78489-4c4f-4606-b1b1-04355a25ec8c,Duduqtyb,39,Japan
7c63703e-44a0-4644-8636-2a3b93a028c6,Ghjvryzlkkh,24,Germany
12cbde16-387c-4c18-9e8f-d9eac803bfcd,Tuuscrbbf,39,South Africa
8e094c09-a3b7-4381-8f4f-f4d501f12d55,Dibhfp,52,USA
dfd68c6a-4545-4e9b-8933-9429bc98c36d,Mehn,57,Australia
7caed7d7-54d8-4685-b271-903faa91859d,Meszhomoo,44,Nigeria
0eb97a6b-547f-4f4b-bdc0-3f8e2ece86b7,Vqcdxinc,39,Australia
c6b77d1a-8783-4d86-aade-15d4e4db1435,Xztchrjrctuock,29,Japan
e711c36e-cbf5-410c-8f39-d9d04c3a6482,Hwzcyqln,42,France
cbed4f52-ccc7-43b3-b493-069b63b09fd9,Dquhoe,21,Japan
9447baef-3099-444b-9aa1-fa301bf90bd1,Rbqrxmi,20,Germany
4590ab03-b5f5-4c1b-bff2-6955f70add3a,Ulntojfhrajnnxe,57,USA
34819c5b-3fd4-4d14-a45a-48e3ca144710,Shaumiia,20,Germany
874bb76a-2b67-4480-a8da-2b3cd3284199,Wncpthayt,21,India
c0b2d404-41ea-4cf3-93d2-b3c6bdafedc0,Janbcwcpttjlomw,60,Brazil
62cbda7b-97d1-49bf-b4e0-7f8785365b74,Yawzhqxpumvfoan,56,Canada
a75f4dd7-7505-4f2c-9753-82a757550977,Hres,27,Germany
be471c53-b4fd-4aab-a479-85ff307be3cc,Clvubjghpqy,35,Australia
752bbf59-7f64-4cee-ad06-b22dfc38a695,Uzgvabjfvoxfj,29,USA
d78b491c-f677-422b-8802-f98176cc478a,Okvbxucul,38,South Africa
aec67acf-c7b4-49ad-8541-aaeb0a5df3de,Uyxxkxjxxtj,46,India
fc7bac81-b10e-48a3-ae6d-cd469f7a9707,Kerajf,49,Nigeria
d68bce7d-1470-4146-b2c7-fead8439507d,Eagzcrmiqmcynq,33,Brazil
a4d925f4-295e-497d-8286-3e6a8c826c98,Gtgnvhy,20,Brazil
96b821e3-edfa-43cc-a9e4-638b698285ce,Ybwdu,33,France
2679abf4-7c89-4690-aac7-e7110e6ccb84,Titjqcdio,47,Germany
9d19da3d-ddaf-471c-905d-6f3b6bb8b8c5,Gxprrtwphl,45,France
9da3c66e-e3f8-4a8f-b6c1-b2613ebf5edf,Leyukd,38,Canada
ca546e09-b0b5-4870-9f8c-aed151dd5d75,Amjurirzwc,25,Brazil
96c849e4-314c-4995-b91e-3305eee40ec3,Nlsbddxdfaq,52,Nigeria
1f4f1f74-2131-444f-91f8-9b542ef0aa62,Noyv,32,Nigeria
619f56a3-c40a-4417-8f74-ec5044470b9f,Laiirhqgyfpqbpf,32,Brazil
633fd1db-d111-4363-b48f-96100d49a839,Ryucidor,25,South Africa
bd44f1e1-8bad-4d2c-8a62-62a4fcc95af8,Onifciqfupia,54,South Africa
701a5af8-d79d-4c2c-aa5d-8e81ee923802,Cumihwbqx,48,Canada
760bdb11-da0f-4df6-802a-46c8a741a9f0,Wfgotwvrut,55,India
fdf60221-92c0-4d80-a15d-708b04e6efce,Fllhqfzn,33,Japan
1b8dcc7c-af70-4bf6-bddb-0bcd9d13bfa7,Zhbwkgzctfbhg,52,France
c0bd02e0-8802-46cf-a261-149087997a7a,Tjbdev,27,Nigeria
9e67c6b7-0325-49c1-9e7f-a2c07ef76c5c,Miuoo,38,Brazil
f381690c-8dba-4200-aae8-b3771319e979,Pyjt,24,South Africa
aa7c8a6f-083c-4096-81cd-b6ab142dbb0b,Cyogu,19,France
09127931-32a1-496c-abd5-9773419e5100,Adhlcfylem,52,Japan
af67733a-8bc1-4a6b-bb99-a50f57d2aa19,Fjpkaplkyeram,36,Japan
49fcd123-8357-40f3-b467-1583c8ea09f7,Ysrtmiysjrfnzfo,55,USA
259094ab-449b-444c-859a-fc86a3e03a9b,Trgjhxpitukhr,46,South Africa
77cab62e-462f-4c64-a71c-1075e851100c,Vorpqtchtemujs,19,Nigeria
8317bdaf-1932-41ed-a910-b8fb708d45cd,Qcjxdorcrxeorxf,42,Canada
a07f7b55-bd2d-43bc-a70c-6770d013c4e4,Chqunw,20,France
5ae0c23e-9c80-42d8-a6c5-3b4159291138,Egrjlroaha,32,Germany
d2a74ea8-7b50-44fe-87d3-157c0788d367,Fcecxa,19,India
f017ceb1-99bd-4652-834a-84c8764502bf,Afogtyeg,58,Brazil
e564d128-1425-4e76-9ac3-4b90bb1c66fe,Iitpajvv,47,Germany
a7419b90-5cdc-4b70-9226-505109921b0a,Qglossnjbp,29,Canada
7b1eefe2-4adc-4b93-b4a7-bcfb1dd08573,Dstcshda,42,Canada
7caa3ba3-4ab9-44c9-9e14-5a363ec036db,Nujbnnrtbalvuha,56,Canada
6265fd22-0531-4067-b604-4b29d3458c9c,Zcnnxdxfxp,25,India
7c4ff2a8-ad61-4b68-aa38-9e5f20bf6aeb,Nypciptrdylhxh,44,Australia
aa57490d-ddde-4b23-ad0d-172bc0ee5e5f,Uadfukidmyceb,22,Brazil
7760a65a-9011-43f0-a5f7-0d449c4e264e,Qmdiounqhjf,58,Japan
7ddcf653-2db5-49ea-8a5c-fa21f5a6b2e8,But,31,South Africa
44407a88-fa98-4027-ae7a-399e4cddd693,Zxct,50,Germany
6fdea81d-c19b-473d-9e8e-b2554d04b678,Ubfvgjxqhjffps,37,Germany
eae78810-5ac8-4c7d-accf-8dccb2f1c381,Xihauxwqdg,27,Germany
f738d953-d98f-47a1-aee7-d85105048ff9,Hzxil,48,Canada
1dfff38f-cf8f-497d-987b-fcd71a4bf8c8,Ealdfwbwrwet,35,Germany
a3b6e185-151f-4420-816b-d38676be747b,Ofmrzhzczhgaf,34,Nigeria
d28938a8-47ed-4d6d-bac5-02e8fbcd7700,Elkbgjesy,45,Nigeria
3a060874-8e24-41f3-9f10-358d9305eedf,Bbyjzduqbdgsis,57,South Africa
ca80e0e6-e21c-4578-b09c-0121e892e4fd,Dukcydbbfmejr,60,Japan
4691a14c-6285-4867-8381-ab957758debe,Ccnqg,27,South Africa
d5b5b93a-8430-430e-b21d-dfe07fe62302,Aneawuzzociaicf,27,Brazil
e1d540cc-dedd-4142-9d0c-dd5107855f75,Tfb,20,Canada
7bc1b8fc-bc72-4740-a273-2287104e2dae,Pshcrjon,18,Germany
dc086c83-fcd6-4182-b605-12db05287bb6,Nwkdpflzvp,45,USA
e4f5fc23-d353-42bc-85db-b510ce6b61b8,Lrtdjxdravhunyw,26,Nigeria
e382d63d-a74a-4383-9a16-2c5838447ddd,Fggpdfkqude,33,Nigeria
25e604b0-a292-4a3f-b407-315dfc1209bb,Mjslwcc,38,Canada
220c7ae9-d43a-40c7-b6b5-abc73623cdf4,Qphg,52,Japan
d971e9d1-072c-47d2-bd6b-793195c574f2,Xpgf,57,France
f8099fd1-372f-41c8-b76e-367daac4bd0f,Isvjce,48,Canada
1b54eb66-ad93-4bde-842a-5dde5ce807e3,Rmkysosxhnhts,22,India
f09304bb-0de9-4ad2-9b9a-ac2308b8b035,Lhb,59,India
42b21326-a092-4512-90f4-f72970124ee2,Qefugvlg,51,USA
a44e64c0-04c4-4a5b-b5bc-a8a51a13af70,Ekqfjqshmgmfj,30,Australia
e5f478ad-a3bc-4d90-8127-0f9adfbd2cfd,Fsgygmig,18,France
a3c6e1d6-ae1a-4592-8e70-793169ff5d5a,Urbeuuo,38,Canada
eafd27d2-b561-4250-842a-13dec2a2eb0d,Oljtnuvt,43,France
49c0a272-f3ec-44be-b6cf-7e74ce2ba89a,Xnqtsatwfikvmnz,23,India
84fa17f7-766a-42f2-a74e-85cc8568caf1,Rbadau,35,Canada
a5c3757a-4f7e-429e-8da0-5106f3c534b0,Flggpbpbyj,31,Australia
79e46260-84b5-4b56-a7c5-0e961d2380e3,Rqpcna,26,India
b53bf489-413d-41e1-990c-95c14ede7563,Ewceik,36,Germany
098818b8-7081-46c7-bec6-ccca4f269a55,Bjxviyrbrf,53,Canada
874410f0-99c2-431f-8adb-0011af396007,Jwcchw,36,Brazil
0581971a-0453-49c9-a568-efad23789fb1,Jmpkvicmisvl,20,Germany
04a92eac-7531-4945-8785-d0d4a0e37bcf,Eat,54,Germany
5e529b67-307c-4fb5-8860-b61b55064950,Glswffxil,51,South Africa
9154e60b-bf0e-41d5-b686-d65ac48a1bbb,Uvnfgkcgow,56,USA
4e56f13b-9ace-41eb-962d-aa4066354d6b,Tngihal,42,Nigeria
82cc01e4-7604-4331-b9c2-63c07cb88e5e,Jbachlm,27,South Africa
714330d4-2925-4bb9-9715-a113baa5642f,Osq,51,Japan
eab57f8b-55b9-4195-83b6-1388b0c4ddcf,Yrnqgremxzy,30,Nigeria
2d4d9e3c-30be-4cc1-890d-91ddf8a68125,Pmxfmun,44,Japan
05a011e0-ecc9-411a-8140-6098d7a8a8bc,Vcmuvaxkb,51,Nigeria
8fd1a76c-0a45-4e2b-8345-2df0c8e55625,Pedqhkicjkdx,48,Australia
095ff627-a939-4ee6-b8c9-54853069aa2c,Ifrkeonqspmgth,18,Canada
947cd21f-8d31-447d-af88-ec01fe1d7333,Agmcjpfu,22,Nigeria
380a242d-27a3-48dd-8254-df625006c1a0,Fiqoesv,26,South Africa
5a6ee1b1-9d21-4660-bc42-2437aa1adc69,Dst,51,Canada
2d9c005e-3ec7-450f-b6ba-2c63d350f477,Bycybjccs,31,USA
27f509ac-ba86-4e12-8a4b-8e2990ed1f02,Tkphkpoj,59,Japan
6e0bedad-c108-434c-9acb-de46097ab945,Tgwganmnsqbsz,55,USA
39500b6d-25a6-4864-94fe-5ff1e15a2c29,Tgzlzrt,22,India
c853816e-139e-45f3-8427-54067b4fe921,Xqkhnpa,34,Canada
65b05487-b73b-4c7d-8c6a-73e3cc042779,Acoodonzveidv,30,USA
44e7a4ad-d68f-41c1-8055-1f847dd0febf,Wbtkgznpdntitg,25,Brazil
0f62f8c9-63af-4931-9dae-ecad71430806,Lgebdfabtyjbib,56,Brazil
3b883de9-b81d-4ee2-80fa-dfd78980dd03,Uedojfnycot,31,India
f9caf599-be3f-4335-89d1-fa11c157c1b7,Hrpfxrlxksmvi,44,India
91bb41f3-3c5a-4736-b282-d110f88e9795,Lmdfzwztnd,32,Canada
32c93d28-8ca2-46e1-81db-f72ac40349fc,Qnauzhtuhzpxh,39,Germany
8e324075-b391-4e7c-9c60-6c2b4b98b86a,Uwsij,40,Australia
765ecdf7-104e-473e-98d2-8721b941bd50,Bbsidfehrwvevrr,18,Japan
a4eebc0e-586d-408c-b707-a2f5320c23f0,Ykb,24,Nigeria
385068c7-ec74-4440-8a82-8dfbb83a1b77,Atpwppu,56,Japan
95352119-eb84-4089-bcfe-b33478e45679,Agvafovnsomrrf,26,Nigeria
d969390b-c9fc-44ad-a4e4-bfbabd1ef12f,Wcoyewryqsndwz,34,South Africa
77a6b60b-8bd4-45db-80e8-e13e69240c9c,Ssklbftrolaw,54,France
152376f0-320c-4f2a-abe3-39ad4826af39,Wie,36,Japan
bdf5324a-591a-45a9-bd76-df46fe552be2,Mvidba,36,India
6ae96c74-7eda-46a7-b01b-f3ccccf5cbce,Cfvsuvwazv,33,South Africa
e564a098-e8e6-4730-8232-07f6ad851ace,Yvrld,26,Germany
f4527303-6923-4ecd-92f5-3b6124a61897,Eblgns,29,USA
56758c62-af08-4b37-8237-297f4f9c1aed,Jygpsnac,58,Germany
d313c6db-adda-4581-b8bc-1335e9fd1958,Ritz,48,India
2e3841b6-9da2-4d56-9600-1d7162e40fb9,Mlpfbgfrt,40,Nigeria
6fbd79f3-441a-4833-9b78-5881c67a18a1,Kasukb,23,Japan
25863f46-0ae4-4a08-bf17-e094a9c99a34,Bqz,56,USA
5734205e-3a3f-4dcc-88de-5de4c3438d3d,Pbkwxnbbeiysy,22,Nigeria
6ba71d95-d990-4dea-aaba-961520bc3385,Kwgeozilwe,23,USA
acf2f7ac-0cb8-4b15-a3dc-81e6a2bf3a7a,Lkemipnyfx,22,France
cd3360d0-001a-43e3-a2b8-711c12b47abe,Vxe,27,South Africa
e90bb76d-38e3-46e1-9fe4-e77fcde142bb,Nfljr,19,Nigeria
7305cfbe-6b30-42ab-80de-7ea68f3a126d,Oqgp,48,Germany
7b388770-8943-4599-a62e-1a8c80030890,Imdibr,31,USA
2d1dda7d-7972-42f4-a239-5a4dba5b573f,Ctn,37,Australia
2bddcd0a-8f75-497a-8616-bb7561f60016,Qebkeqlklbb,40,USA
89b108d7-dbc2-4517-8d33-2aa6fe96768b,Dnciur,56,Japan
1c741366-4057-4f72-9298-9fbc188de0d6,Qbw,60,Japan
9c46e3cd-c493-4088-932f-fe9208bcc591,Mxgzpit,41,Canada
8f2fb022-7021-49ff-bff6-dad8d1d89179,Uowqo,39,USA
6409f88f-b809-4717-bd27-06cfb8f41332,Ybkstpslfghriig,42,Brazil
ef4b809f-e69d-4bf4-aabd-0e9f5be7eca4,Ysgdu,36,Nigeria
5400f0cd-17d7-4429-8249-21a1ce943fcb,Qupozlintoha,53,Australia
7240e818-184a-4cc3-8707-cb1d21a1a985,Shdxlrsav,29,USA
405824a3-80b2-42e5-9c49-50a0f000f97f,Tpyutvaugcs,26,Nigeria
736372b0-bb29-4aa4-bb06-28c5ba3867aa,Zdeakykozcspk,32,Japan
a5120605-2918-4b57-a37e-7f6ea7ab4519,Rgpybfxlq,46,Nigeria
e1a7b6bf-0d7a-407f-9337-547ba1cf3928,Yhijynsxwjftwlj,55,Brazil
c3959df9-d733-4c81-8dbf-c8ff3d00c126,Uwggfbaeln,46,Canada
82510472-c594-442d-a0fa-2c8a3edf3405,Njdmsmtroazyk,36,Japan
b8258e7e-3d63-4ac2-987c-1740d8ad96a0,Gqrrrzorcpzmws,22,Nigeria
fba7d25e-c46f-496d-9ce1-98224d1b610b,Bvsbdhfqxwsa,50,Australia
1f76090c-a652-4328-b7e7-58ae84d5a238,Cfllwtsjxclszhi,46,Germany
d622972a-6ce8-4301-bcc4-71280b5f6af0,Bkcfjdbl,47,India
5cf55bdb-390d-4386-9501-4e1607550045,Xlg,50,Germany
6c47bc12-1252-44db-bc15-5fa9fa8488ef,Cbjmhrogkmvlxk,60,India
d9835ec7-94d4-4870-b3ab-513dd796ada3,Wprgfij,38,South Africa
821df7e6-8e89-468b-87d5-bdb9521b227d,Afwlisu,36,Brazil
271d433f-3a11-42e5-bca0-a9933981fb45,Lsmtshviefs,19,Brazil
d48d83b7-b0c9-467b-a988-66001d8168c0,Cizdqez,21,Nigeria
1c32c4d2-9f3a-42e1-a4ca-fecf92a46bf4,Pcj,47,India
5b1e1b9d-9a7c-4943-b762-0cf1e01866e2,Nyii,42,Germany
a87cac44-d6e2-4712-af1e-71bb1e2667ba,Pegsefnrsi,18,Canada
b9e7791c-230c-4c9a-8039-41cf79c6f818,Lytomdfge,33,South Africa
49632389-ee65-4772-9068-7f8f85ad5efd,Rpxnakejksaqk,40,Japan
5629b427-98ca-447f-abe3-353d72767d5e,Kctufayxvhox,56,USA
674dc8ef-078c-4e05-b7d5-8bc2caddf846,Ndxobhttmbfp,19,Australia
04b85034-6eb4-4390-bb0c-733005c849ba,Zikxwiasyzzx,53,Japan
1383ecfd-2605-43a2-9321-46b094c8b431,Cqitxadgj,59,South Africa
e36bd66b-65c2-478a-9c40-fbbda82fe22e,Jvf,26,France
aa6353a8-d583-4e2e-bb42-a6e98c102519,Hozjvxchor,46,Australia
aa0b510d-1798-439a-8b5f-18b462567da5,Oomk,39,Brazil
27ace7d2-c20f-4526-8368-b691c4b25935,Waohemfq,26,Brazil
0b8b4dd2-3677-4e72-acd0-c1ebb56140d4,Hwcghrbjiubjw,23,France
64f08a2c-9c6f-4f07-ac74-2ceff67fedee,Jkequcbxkmskdi,51,France
b58cb365-6d5b-40af-b24a-798d74d09e10,Utsrssits,52,Germany
83d37596-131b-4888-8120-a9d792811ac6,Jdwtdz,23,Germany
bc45128f-4f51-4787-9140-52cf30df6c65,Sqzahtcb,34,India
5f07e568-74e0-47a7-a857-7e448b04a9a0,Namtlfivjhropem,23,France
4e54904d-efc3-4f0d-9ab1-73b1276daa13,Ekxymdicedxol,49,Brazil
27d9cb15-a0c4-4e8c-b87f-271a370bf9c7,Basrlbmwebrqr,19,Germany
5a05d384-c15c-4745-801d-41acb4c4791c,Drswf,27,South Africa
5eba25dd-a157-4199-82cd-f4d5f9a22c36,Xzmzyopnx,23,Germany
6c2bd98a-24e2-4841-90ee-749e1c719a5b,Dmikdvrzwfvtki,51,South Africa
2a4761d6-aac2-4f28-a9c7-94871d5d6314,Ocvpjbgiwd,24,USA
90e252ab-5bab-452d-830a-ac3581f08a14,Mzzxzcqban,51,USA
c23c0024-c8cf-4d3f-9362-476b86264eeb,Jidibqvypiq,56,Germany
e63aad5b-a7e3-4eb1-8cce-9791a5ed4aa0,Dergusmwbgzmnjl,25,Canada
d9fe0426-0826-49b0-a7d0-1e620df33df4,Cexphnjvan,41,Japan
2444039d-c893-4073-8f28-5c58273fd16d,Nckiyliklcp,24,Germany
78bd6f92-4c44-48d0-b335-d596bdcc5473,Kpewbesru,29,USA
234205e9-02bc-4bc2-a126-48b5c8974087,Xlkjl,36,India
7ce1c1bd-1f96-4936-b72e-ebb148058a7d,Qpdifoothtsru,36,Germany
a4821e9c-351a-45be-9c3a-ea7e0dd76af0,Ktnywwltjnlbosq,60,South Africa
dd264474-51ac-4478-a1e7-dd6c0b8a2996,Jvymvzvfxjqabwf,56,Nigeria
3b2843a5-43d3-4bff-bb19-e5d537227047,Beafdznszmulgc,59,India
91dfde7e-3006-4785-a340-2056af707f46,Dbdowrjkkoode,42,France
a5a06876-7970-4aff-b749-a88cdc53188f,Veppfssueb,47,Germany
2480b87d-e12c-408a-b2af-615d98341ae0,Ncszqebzliun,49,USA
8b3b50b2-7301-46d2-8f3d-24e6751cee7d,Ajjljvmp,32,South Africa
a1d82166-9965-428a-92dc-35694799afb4,Icidd,49,Germany
c08cb302-d916-4d36-bd4d-a217d99e773f,Ecuirnhs,19,Germany
bf932c95-1da4-4955-a5a2-d4dc59a3cb39,Ivzyybochdamu,40,USA
204339c9-0df8-4d29-b5a6-edd5815b7e48,Wmvsexq,30,France
4f45c03b-3955-4881-8f84-41693545402b,Jobpvcxzmlfyesg,26,Canada
6b421ac4-9599-4d1d-b926-ac9c8dbcfedc,Fpsjnptdfds,48,Canada
8595aec8-8347-4cbd-bcc6-971586812b5d,Xdbjixqpctpz,53,Australia
fd071a69-d5d2-435e-871d-613e5bd66963,Wufdwdjqz,59,Canada
c0502e16-8400-44f1-8dd8-42ad791c89d3,Dhnuubcjjsbs,31,South Africa
a3640a6b-ada2-4401-93b5-f9b1d6d518af,Ezwquovae,25,India
8a0966ff-752e-47f3-aa4f-0c6072e57471,Oxvnont,18,France
276664df-0d55-40e4-9daf-71efcef0d732,Uatzojp,48,Japan
fbbcae53-23a5-4eb1-adc6-919c73469b16,Odzaagtjrptfnl,59,Germany
41d1a666-1826-446e-a41e-a02218b0a622,Oiuetiurnhyoth,19,India
a8c080ab-9585-4e2a-9b4a-3ac5a8fb46f2,Kncgkzvnpi,18,India
e347d233-8c7d-4772-9c04-69395926a136,Uofugimsci,50,Brazil
c8b83774-e9b7-4334-9c93-b48bd6d6e38d,Gzthhtejuqyouce,34,USA
0299321f-113b-4560-91ef-5dbcbe281479,Wdfgfuvri,52,India
05b14474-d7c1-48df-b2e8-8eaec8600186,Uuskzvwa,42,Canada
19ca4447-1bfc-4a42-9394-58a854e98366,Atyzsywyxm,37,Canada
4aabae2e-db70-4089-98ee-555819265cdc,Grszglr,21,USA
bbec3323-577e-4b59-8295-6caa0e663c70,Pjtnhwak,38,Japan
3be34e46-a1d6-45fc-b371-64dff4f5eeb1,Eqzzwdxldfxxwh,51,South Africa
bf570787-a7ab-4919-9558-75f89f5c3bd7,Lglvkwci,37,Canada
9b19431b-a440-47a0-8b60-96b1ace6d13a,Ircicr,48,Brazil
cc6599e3-491d-4a47-9b2c-46d5e4194acb,Mepywssehv,58,Canada
d73f2355-6d02-4f6b-b5b8-e4980937b6a9,Ohlyhitsr,48,Germany
7be02c63-ec06-427a-992d-2137d4e05e50,Giihjs,57,Germany
4880fd81-97c9-4c20-8174-85328d91421f,Pjqevlnidcdlsl,23,Nigeria
f2cb53ce-4926-4e2d-b505-1d9bedca2c8b,Dpfolatbdregxnd,59,USA
fc0ba5c4-f7e3-45eb-aa13-d27a5c80205e,Rjqzmbckcjm,35,South Africa
b05ec339-3667-4b91-9067-57e8dd140fd0,Lpriqnoeax,59,USA
f3471f54-9c0f-4663-9360-fff34d5eb71d,Vlxvyltzhmae,36,Japan
3e690b6a-3b7c-4cec-bde6-1c74edc06a97,Xuwqjtgoyfyxk,24,Japan
6c03d724-e37c-46ea-a207-5e479714ec4b,Ilcmkrc,47,Canada
97629fc7-9a20-4b72-9323-00bfad59c7b1,Dvxvihjjm,46,India
24a44871-c8f7-4155-bd34-7ff4430cc4f9,Xvfncxbgtbthaia,44,India
3454d0e3-3f4c-4c03-b865-2c14058f646b,Vjsytoq,20,Germany
462ac149-b301-4569-9e65-61576505953e,Bwzj,24,Brazil
f4598e05-da2e-46c8-b5e4-ef2dc39a1f40,Bfablnz,41,Brazil
1f3d690d-e6e6-448a-a4b4-500fbe82af3d,Famcsrqva,22,Japan
0df90050-5beb-4f81-83eb-f90f805d48ab,Grwwhauavfjuiil,58,Canada
eab3d6d4-ab19-436c-bab8-23a65e846a04,Sonn,19,Brazil
6e9c6063-b874-4d15-a7e3-0aa345616a9c,Wmvldsebrimxm,33,USA
5b671698-93c3-4db1-bac8-74098910256c,Hybztar,26,Australia
01eb9f96-afa4-407f-9612-b945c9de4890,Dxyjkddnsddeyg,42,USA
44e73094-6dd5-43b6-801e-6eee81957936,Vqkz,47,South Africa
cc748770-945f-4226-97ec-3b740d29b2f0,Sdafdoovfocr,30,Brazil
8fedad08-9101-49c3-8e55-55d5fabd2c9a,Njttkga,45,Nigeria
810b73fe-1fe1-43ba-9a29-9c04821d5755,Pbyefp,24,USA
6a2ae3d4-3de9-4f66-93bb-8cdada7dd237,Qgtv,42,Germany
859c7854-2d2d-49d0-aa16-187614431585,Jzyj,48,USA
504e5ac9-e142-4524-857b-6fdf64a6e742,Ggbyoydfvwbw,35,France
840f8c2c-dc14-4c0e-aac7-3efbdb044e80,Lbqyd,25,South Africa
a52b0586-ad9e-4f54-85e7-277cb6c4feae,Fatkwyta,35,Canada
31fe15ef-a299-4912-b025-ee896e92c1b7,Enmfbzrrzegr,27,India
891893ff-54db-433f-8953-13634ae9c5ab,Ksfnp,52,USA
a515cffc-cb18-49db-8f52-62a245de3c0d,Wmftzjexjx,48,Australia
0f90cd29-082c-4bdb-ba7c-6eff9ba3fa88,Tieiahbc,41,France
22aad0c8-375e-4958-b9a2-c673d7de84ce,Rlxylz,41,India
0d0932a8-827e-4da4-aac5-37db61d180a1,Sziahvnlpac,26,France
edf29513-f4c8-4544-9be0-3f032abb69ab,Drvprnq,23,Australia
90b13871-cb71-4c21-96ea-8372e5060aca,Fsyjzmlc,39,Japan
3476bc07-6ca2-4ae6-9d73-08003669b587,Cajia,46,Australia
b9e2dcc6-ca03-483d-8d3c-216b988a8ef9,Enf,27,South Africa
e2b3c914-5f9c-46af-8e84-576f2f17d2be,Kek,60,Australia
e8ae7752-eb43-46e5-8044-5b5aa653e20d,Tbkp,23,India
f06c15b9-e530-4a24-b609-6754a8aca754,Duxxgozhe,37,Japan
4d544672-1649-4277-bc22-6ce9ed2ec379,Fbhawsnocxtp,24,Japan
cfbbf413-bb53-497b-9679-ef110294e5f4,Vhamipgyggmiz,47,Australia
b47651ff-57a0-4be9-8005-f0f80bde0309,Ytkriqkxj,19,Nigeria
6e4be25e-1fb2-49a7-919c-f05a368ff3ca,Wqvqglfoxlbmf,19,France
ab1f18c7-edd1-43fd-96a4-cd714fd3413f,Rocjeqkvbsgmshk,47,France
7f349062-0b77-4547-96d9-003f888c52d6,Tie,34,Canada
bfa90a78-fba8-41e1-9e63-885bb508bfb7,Bvhvluysqumq,38,Canada
b351e0b4-cdd7-42f8-97d4-af7f7f7c9dcf,Rjpe,25,Japan
5c9271e9-08de-4462-b98c-f0051d5dc843,Ndhksbo,36,Japan
e695363e-02df-418f-acea-a2c909b277cf,Rguyedenovg,21,Australia
a31266b2-d498-47e5-bd90-066113c55074,Shre,45,France
216157b9-b8cf-4306-8a42-aa0d73dd1885,Jgb,36,Australia
59a11168-2328-458b-8eab-208529f76cb4,Jmvwvjrcpoklfye,20,France
72cd23c4-60b3-4aa8-81ad-c0d3b3e27de2,Qyzpsw,24,France
fb2d80c8-7a4f-44ea-bfab-7bde1bc6906f,Jhuhcrkqo,44,India
fd43fcac-fbbc-4587-a282-ee916687db1f,Mlyttwieyzuxy,29,Nigeria
f79c58fb-d6c6-4485-bde5-2c1b9523fd7a,Ykauu,27,USA
d47de468-32a7-480d-b4af-59a7918ef142,Rzatmoksqjglia,41,South Africa
cbe1bb7d-4c42-45e2-bebc-b4753ac95e20,Htkozsbtxdthnk,45,Nigeria
0e462c2c-e2f1-4b2c-ba46-3c41301e8c02,Csmjmfxl,27,Canada
24e03547-99b3-413f-9910-200380202b7e,Znzpkkrwcj,28,USA
1bd33e69-10d2-4981-bf08-51666a96b960,Llzcc,55,India
4f18cab6-8d55-4636-b8e5-a9dacb309be3,Rbwqzaxhfgxfec,34,USA
60253c3e-7458-4c49-9c83-3ce93b761b79,Zswpenjwd,60,Australia
cfad482c-e232-410c-ae51-dde866f8cfdd,Uabsnkbtugys,47,France
2540bd0a-066f-4f64-9fdd-3f8a015661a5,Kzdzietkijhn,32,Japan
36dfd76d-643a-49ab-bce1-5b1725613bdf,Fho,25,Nigeria
80c3965c-c54c-47e4-81d9-662a89cbcb32,Sblquc,57,Brazil
c3d5da62-f9b6-4245-9921-9a411f0f2948,Mokwhdlp,52,South Africa
df99ec02-3801-45a2-8aa8-e02aff5731be,Utnh,54,Australia
5fadd7c1-4945-4cec-bb42-0df561d73b6d,Jiqfsxvzrclpqgq,34,USA
cb99e965-ff0a-42bc-80f9-20fe70c78a82,Qjyp,31,Germany
e73d68f7-91f2-4b34-8cb4-9afba8d7c104,Wdbnlovshyu,20,Brazil
268b13b7-139a-44dc-b9d6-b4162f385c0c,Xhshpjcbxloiazv,50,USA
043b0127-a560-4db2-8f30-e417d07f4a70,Eksgrb,30,Canada
0867b2ed-215d-40da-b818-37ffd1db6f31,Wpgbtxjszit,55,France
883cf09c-b13e-4fed-8ceb-8485a209247e,Lkt,37,France
2734182c-3beb-401a-9f3e-f9f148dee592,Ybfycqwb,55,Japan
9b3a79f5-7d05-4dab-b67e-7cd4dd8e9709,Jaobu,49,Japan
935ab9eb-0ead-4cf8-a47c-d35929a537c9,Omeailkobwzka,51,South Africa
6669f172-958e-42c0-9261-d7c99c3bb52f,Env,26,Canada
c74062fb-6480-4799-b9ef-e4ef69aa197d,Plihie,36,India
fdd2616b-05f7-49f6-bc63-21a53c71e062,Tmpnfqdtzgjw,36,South Africa
75e01220-c7ff-4eba-846b-1693d6f33ded,Iksiawpfasns,27,India
197dabee-0b9e-4de8-aeb3-c5b6ecee42e2,Gjoszofraowo,42,Nigeria
74b4c50b-34d8-458a-860c-8d496d600058,Jptqugjawqzs,34,Japan
1f4d2517-8ac6-4060-9bf5-c5e5692f3b44,Fzk,58,Japan
ffa87bdf-f9aa-4dd0-bada-36dc54d187d2,Nfnsuteqdsprvl,27,Nigeria
cc3c39e0-36a9-4094-92b5-50af0611fdf6,Plfbiwdvmpuuxie,52,USA
0df0d0aa-d97e-4cf3-96e8-e841e064a768,Hwk,39,India
7bb35616-f32b-4970-9b73-31b19137b960,Ollwjwolkbedig,25,Germany
c1b9020c-c7c9-45a6-a3c6-17811d2e1c64,Lpfsbvrvhhtqlw,41,USA
ad847844-2947-4fe5-9372-a39a21bd849a,Falrqgkhoyk,40,USA
7d69e92b-422b-442e-9a3c-f762ca8c34b7,Toljdzjguhyqp,23,Brazil
c4a40768-1ccf-44df-994c-eccbb9e1a798,Zkyoypwiux,34,USA
50be146e-7acb-4168-84d7-d79ffbd4b360,Vksfwqt,30,France
ad080ed4-1cc3-41c0-ab82-ca4017399847,Lwoxdrvu,49,India
d39e9406-7690-4d1d-b81e-39fe7844266b,Yxjvrcdndm,27,Nigeria
142312df-973f-44e9-8eaf-cba7ab076205,Hfqpyulezth,30,Brazil
491bf273-16c4-4027-8e6a-4199701541a4,Ujwd,54,USA
392d5ffb-84c9-42a4-865a-9cc3fcbc6ec7,Zufodvdbgsvua,18,France
dfb3c236-45e7-4dce-a361-28d0c9f3b97a,Ejkkzk,21,Brazil
4c983f2c-0a55-4a0f-a9f9-52941e4fe8ab,Eltwegtrngnf,38,Brazil
4b21a3c4-5759-45f9-ae25-3e283930f186,Apipxvoraef,28,Japan
a519098f-435d-47b0-b142-6767c932d2e7,Nykrflfjpa,18,Brazil
b295c411-8857-480a-aeb2-687db4c79474,Blcmocdum,29,USA
b92a889a-63b4-4cae-baeb-8f0632926d1b,Dkiudzrlzilax,49,Brazil
cd471bf5-8208-4b9c-bcc4-9758efb5672d,Sdepqruvt,46,USA
35270d0f-be0c-4dd4-96f2-20caa8769ed4,Pzfwqurv,21,Australia
fc12f375-0e14-47b4-a2e8-b2835bada713,Xcwjtabcjmwwai,45,South Africa
dc184bf8-dac2-4060-b6ae-3c0239a470d3,Xjgiwfbl,60,USA
8e70239e-d3c5-498b-a81b-5d51017972e1,Zlosenhavigkcqb,38,South Africa
be6ae77b-baff-4ee2-8b62-a8c2eb66b8fe,Oxjamft,45,USA
9b838e96-cb72-4e00-9c5b-52025970fd26,Pgk,30,USA
c9e2f4bc-a2a9-4646-9989-882d1ed2a6e9,Ebmd,57,Australia
e66fff1f-3dc6-4d34-973f-705f4104af8c,Xbte,59,Japan
8996101d-24a3-4c74-8f30-e089800cfa83,Hngfkeodcxvmec,53,Brazil
a367e917-ecfb-45e4-a216-753e8ecdbea1,Hkycs,23,USA
cdf4697b-df8b-4a65-9ace-d9570973ea9d,Megwoqm,25,Brazil
9843e955-827d-42e0-b3b7-be225f87ce32,Oqghiexnq,60,USA
2583d64a-6df3-4273-bff0-30b9820201fd,Nnnd,18,South Africa
5f821246-2a52-447a-9e29-f15a266c0aa2,Wkjqrdevnvmfty,33,Australia
03b8e0de-9708-4518-8aca-816d03909afe,Rvbb,20,South Africa
fd2b7571-a47b-4bf2-822d-4ff4fd27a95e,Tiqbkazq,40,Australia
838a18ed-3ecd-45d1-b279-9e36bfeaeaab,Avsthgla,43,Germany
d41f199d-4a6b-4854-a344-102c694f33c2,Qibhtsfxfu,44,USA
208d74c9-ca25-4f72-b6f0-5c5afaa06100,Khzee,46,USA
f8d37802-5932-401b-888c-a3137b17fb62,Lvysioftuvgl,30,Brazil
b63ef4c8-96be-44d1-be82-d7fc83c2d62d,Yzglj,21,South Africa
232ec101-f9b0-444f-ba50-8518d1558eaa,Ezrhnuzjpfvl,40,France
5a9901c5-2e50-4e6b-8a11-59132748a789,Rogptpfrdceja,46,Australia
957ca4a1-dba7-4a8d-a4ce-e48bff3d9f25,Ccvi,56,Australia
cc0661f4-0f2b-4fb3-893d-2dfe6b28a829,Afish,49,Australia
df617457-a7a4-4b10-b28f-0b9bc94bfb68,Lkpdcehberi,48,Australia
9b01e55e-9ed3-4433-a176-29139ef4d67b,Agzrrpaf,28,Japan
4bee3b11-3108-439e-b0f3-fd8dad464b7d,Bhwswvod,37,France
719e52ac-5b6a-4a60-949a-25b6fe6fa007,Pbpyquatwn,50,Australia
23c5b1e4-509c-41a7-a061-102e2ca90aa0,Pnxujvgdvbduo,51,USA
9989add8-c6d3-45d7-8c23-1c97c5da2b85,Eobxueq,40,Japan
c064d702-ee14-4375-9622-a22d116c5e21,Aujbsajrx,48,Nigeria
907e855a-83c0-4140-b42a-fa2b486dc5b7,Snl,27,Canada
dd6312ac-4d96-48f4-b840-1e03cec2a6bf,Xhjilh,25,Nigeria
b7347b8f-e440-4dc5-ba06-7179a1caa673,Fmytsa,43,Germany
0e1892f6-8647-406f-abfb-75b981088590,Zzy,31,India
084a0f5f-68fe-4316-833e-46b96b24600d,Yubetavrfqqiw,52,Brazil
bde5b690-6ce2-418c-b59a-fe67a26f7c41,Sumxxozaxve,30,Nigeria
e40c3fc7-9df3-497d-ac8b-55a0a8a3d3b7,Tccxkiihjyesu,55,Germany
4397c4ef-a65f-4b62-9126-ca81e550b004,Qaeq,43,South Africa
5969b6d0-d6f5-4dba-9710-00da9316617f,Vfakrrya,43,France
3ca3ec66-e242-4109-9b23-c95c581956d1,Ovjhsjdjdde,46,India
60c66f65-532e-4c2a-9009-65d63bec42b5,Vaknhhtvfxj,42,USA
7b7c90f5-b047-4b5d-885c-48b15c00c7c9,Wntoez,20,Canada
a14952c1-ae65-4977-b2d2-8058c5f865a4,Axrrgye,22,France
90b7ba0b-5066-486f-9f3d-e667f0a44384,Nbrrfupioyoeu,40,France
37f80a50-9f98-43b2-8657-3472b94279a4,Wyv,25,Australia
732d2687-d3cb-4a39-8dab-1e4563efcc9f,Kwpkjdcfbdgmwfi,28,Germany
65f63aa2-4f78-4781-b016-ad04d39d35ba,Qnyl,18,Canada
a984ff67-4d0d-4654-918f-3dbca250c3b5,Rvwwherenah,41,Nigeria
7ea7700d-95a4-4d28-93cc-fee6db8de084,Gzeyrf,54,Japan
d1233e9f-2a96-42b3-9de1-68aa906922b2,Qrbdls,32,Japan
08628f49-2dab-438a-ac42-7c607e8d1df8,Vvuylzsjr,48,India
4b8d3b34-e3f6-4c39-8d1f-177b9f983285,Vgxipupdlfupra,24,Brazil
a8186ffe-9512-4fc1-aea4-fbaba6b76f52,Qbxqresxkksfow,27,South Africa
196553a8-3679-4e84-9f9d-9ebe550052c5,Mahqmhrjwgcytr,22,Japan
9e9ef4cf-d46d-4d30-a981-9348375dbfdc,Oijexycxfrkt,41,Brazil
0f90855e-30a4-4c41-913a-feab7f646338,Xyjxzgkxyeypln,48,Australia
4aea5f5e-f4da-496d-a9a9-4bbc9a06052f,Ycdkyzufckpgo,57,Canada
e0076a74-f6c0-4d83-a51b-a324de607dec,Hzeplzuptoww,33,Germany
163e43cc-4d47-4d8a-b866-5b4a8e9dd9e6,Vvuafqrl,43,Nigeria
95ec93ea-8a9f-45d1-8203-7f76dbf4adb0,Tlespjh,29,Germany
9b30c417-3003-499c-bb73-c7f5eaeb15aa,Nsgaorafs,59,Australia
ec574aa5-4199-42a5-8904-58c805b4d8c2,Hyaeqnbplz,29,Germany
7d88af34-ef6d-4582-b9bc-c64e024bb99a,Tuqjklqvt,47,South Africa
3fe14e93-eebd-4194-80a0-7077ceb1e2d0,Ecjdga,25,USA
df7af08b-3fca-4bae-a6b0-221f21a75aa6,Qnlboisptmssb,28,France
b9ace56f-2a08-467a-abef-13cb30ded710,Zodot,57,Japan
cb470140-1e29-4ffb-a319-752b6f96c9dd,Fdbpvtfpta,22,Canada
3c17dd2a-72e6-4a4b-b325-f85ede8949f5,Gnlkqwpkmty,29,Nigeria
6b53c354-8e45-4623-95c8-fe49bc78574c,Areycqufqnt,25,Brazil
04fa37cb-79ed-4f23-9baa-85e819b27026,Qdvc,25,France
79e4c8bb-2cef-41b3-b1c7-a0b697ea288a,Wqnb,55,Nigeria
35ed36f1-5e7a-4554-9053-7520f517fcad,Cpilv,29,Brazil
c3be6b42-cc90-4a66-a2a0-2fd88cbe8f75,Guhcyd,24,India
b170c474-9330-4dc7-b910-717dcf2e9f61,Ogtohn,28,USA
4a5af041-deeb-4484-89b2-3c6c13d4a07b,Cxgusiddx,58,Japan
dc336a15-dd81-4124-8609-a5a6fb907204,Owcvrncpyr,27,India
dfd7f0b5-76b1-419a-9e2f-7b73bbd0b833,Wynoivxfnyzqf,44,France
abf7a822-2718-4615-9477-96241aa833f9,Twm,56,Canada
edf9b515-3605-4a23-a10f-e1e99718be4e,Cjxkaqt,34,Canada
c81c6027-cc45-48c8-baad-720812d06733,Mlsfzq,58,Nigeria
f4683631-04ba-46cb-a1f1-988fe48824d1,Bdkdfzt,33,Nigeria
d663012e-61f6-4a13-b014-ef3e2b6cb952,Ucsbalo,44,Japan
3b04cabc-1eb9-478b-b473-5810adac3688,Ihj,47,Brazil
cd23f4db-d353-43d4-841c-e6d3cace4271,Nnvdcfpnaogbh,42,USA
39a21f47-0d3b-454b-8fe3-045c87c89442,Sgkuxu,45,France
bcb3af0c-2523-4e4f-861e-c9d9c13d6762,Yblphitoghhkx,59,South Africa
8c55db60-6c8c-4c8a-b24b-5161fa07066f,Vsh,30,Germany
22109283-377b-4826-80ad-4872ba1898b6,Wptstoysl,29,Australia
75544f3b-dd70-41b4-b064-049cd26cc20a,Preripn,28,Nigeria
c2c0c52a-62b4-4050-9fbf-2d200ba4a140,Gpdvontkske,59,Japan
2b06f460-7466-4be0-8a73-1f3aa2d5416c,Ayaknnwrn,22,Germany
398a61a4-8b21-412a-8ce7-debd5b7607ae,Csynxcyf,59,Nigeria
7ddcb24f-0564-40ea-ae4e-ac2d7222aac9,Pfxpuxdzbvrz,58,Brazil
5e4755d6-18a3-48f9-925f-282cf69fe0f2,Qvhnironzi,58,Canada
2ff7a056-cc9e-4f1a-95e0-4045e65adda3,Jdi,40,USA
126a86eb-4192-48ec-a86b-bdab2b54c980,Tfcwlafwfzcaci,22,South Africa
b552b5e2-7110-4830-bed0-4a18cd8a815a,Cxjunooqpfxigj,43,Nigeria
aca467a8-33c8-4784-9e0b-2c097c654aba,Otmscnw,45,Canada
abb58e39-688e-4848-a3b2-dbc991252e5b,Juxuixjm,36,Australia
429b7b75-377e-40ac-a74e-53add67a2ee3,Ghhgqulpxnubi,48,Canada
d656be5e-1d5a-478a-bbbf-a16e99434bda,Fxprcnqrdt,23,Germany
e976f5a4-55e9-4d33-b97a-4dfb6af6b457,Dcdprvhuko,58,Nigeria
0a06a0ba-3738-4f46-aad1-5d68e508ac90,Nnvzwwmjceymny,35,Germany
d8d28a29-4cb6-4360-9094-35f7a9a3a5dc,Xgrup,49,Canada
7df9df66-8a99-49a5-aa10-16350665f270,Mdo,58,USA
1dc7d7f1-9257-4083-ab06-53afbf595084,Cfz,31,South Africa
5eced539-3371-45d3-96a3-d1516cd5c4cf,Ozttnuvohckivj,23,South Africa
1ec740ed-8dfc-456b-8379-c1591122290b,Omglgtuv,41,Australia
51290488-62d8-409e-971d-b4b5086ecb05,Bjkpmqlnnhmuin,41,South Africa
71d3a620-657e-4d2f-bc7d-288b13458894,Pnqv,41,Brazil
df60f751-7694-4583-8c40-aef203148807,Btetq,47,India
8a5559ed-0bc2-489e-b25d-e954f054dd73,Xdxd,22,Germany
043c2b21-c7b8-4677-b65e-9cb9a480711c,Qbe,38,Canada
41fa4267-d87e-4d78-bc67-f6bc4b0ee9f7,Xngaxeokqh,48,France
d0a04b1f-014a-4679-9b4b-5efe899a61bd,Socnmkwnbfjx,58,Nigeria
b68058dc-933b-4d6c-8d3e-9e040d0f2c4c,Vdnmkjusiabl,34,USA
0630b49f-1e04-4ba4-aaf3-d97d7430dc66,Uselvyvyblalo,28,Brazil
99a43cef-5ab3-4dc3-b7ad-76b837caf787,Fjylhdtk,49,USA
4afe0d0a-c6de-4ce3-a550-a004e2da65df,Nksjhblrgpqwxsm,50,Australia
35e55924-905f-4389-94ae-ad3e64369e11,Zadbwahadpjp,43,India
8e5b027b-131c-46a7-8cae-04d3a3553905,Xwt,27,Brazil
804a57dd-7834-47d3-979e-367ce63481e2,Orexuwqyz,46,Australia
96da18a9-b0a1-48b2-b610-a9918640be27,Wzajsgzgfpqerrj,34,France
34fc346f-3449-49af-9d1b-3e7414e35c25,Tmlpmxvdb,59,Brazil
d4066f0f-7903-4eb5-921d-ab3522ad4cf8,Auo,27,India
8d9beef6-f04b-4b3c-a290-97cbfcce06c4,Unfteblmqzgp,24,Japan
0fce6629-f082-40ef-95d7-7b24d8629113,Chfn,26,France
27704eb4-a875-4cce-97d3-c17108125b10,Usgwnqiipzbfkjx,39,USA
16be187c-5d7a-419c-9f18-70879b24c7cc,Ckemn,36,Germany
778895f0-838d-4cef-b603-a9434100120a,Sowugqoboqp,38,India
505abe58-d844-4ced-bde9-5317d0531d59,Ejwhetpzu,44,Canada
cec31efc-673f-4d17-a425-6c4a6b7e6392,Extolxxntowth,59,Brazil
dbd0e766-070c-44b6-82a7-155fec8f779b,Dghucaihwumcki,58,USA
8aae02f4-7a42-478a-9793-a82845dc1682,Lcthjtjecrengkn,60,France
bd92dca3-cc9d-4c66-9846-d2fe85f7761b,Vydhfsqcpkoa,50,France
67520288-af19-4d17-9712-1b14769054e4,Wdcy,60,USA
704ae61a-7da5-42a9-9217-8d165c1d0fc7,Xpoj,36,France
49862da4-fdd5-4e52-bf58-4da817adfaff,Rbeoqzrgt,32,USA
e0a2eaad-18a2-48b3-ae5f-211b2c2db399,Hixtc,25,Japan
5af7fcf7-a28d-4e35-8553-c05f34b84f5e,Dqysnqoxcpjujny,49,South Africa
e28baffe-84a7-484b-8caf-672af088fd6a,Tteciuyyv,45,Nigeria
1b32f20a-8e51-4156-9073-5079ab248663,Tvksaxmrmp,44,USA
eeadd9fa-7e9a-47ee-97e3-dcfbe953c61e,Knctpqbqmipan,20,Canada
79cf6e30-395f-496a-88d6-a9208bba4e6e,Vlnh,50,Australia
48194646-b91b-4c1e-a2b6-c6b3c3a20e39,Juqcxqgoghvfrej,60,Brazil
a9fcd551-1403-411c-9685-888a0ccb1cec,Fakfyojql,48,Japan
3650a020-a5d1-4210-9032-a13bba2ecd4d,Mfklpeixxh,41,Nigeria
b59a3514-1598-4a6c-b855-3f1512612675,Nsofrfzraywltjm,54,Nigeria
a2ba95cf-0358-4077-a2f7-c0b051a331ff,Xeryxlexmbammzv,43,India
e9764048-a25a-4b8d-bc70-be56c1b86a06,Axhidjjdwud,27,Japan
117d5b5f-1dd7-4cec-84e4-805d39fdd01d,Sqmok,41,Brazil
22cd36f9-c657-4d44-beb9-c0a16bc5968d,Gzmruusdkwuw,54,Canada
442b3578-91bc-4cf1-b8b6-848d5022e20a,Xwjvokaeztr,22,Brazil
a4ffac4a-2a6a-4256-83ca-2be2b376ead3,Jhpsd,58,Australia
90c11971-0fa9-4461-9396-7829d4d94580,Jpew,27,Nigeria
890e891f-f546-4a5a-8150-f5a2ecb6286b,Hvszcrke,32,France
de14a451-3efb-41fb-bdfb-54c4662e9b0b,Ahdkstzjf,19,India
b2a16537-99bd-45db-b911-7403fcf40008,Vox,47,South Africa
b42604bc-0b2e-4db3-a357-3f71c372de00,Tukwqoayxnmp,18,India
546c1bdd-7832-4e88-970d-ada1c4f20662,Pzope,44,Nigeria
268330af-7fe4-416e-aec2-85720893a8a1,Fryyjk,29,Nigeria
ec1888ac-a4d9-490e-9b89-111088c7a242,Gkctrjqodsqsev,59,Nigeria
7649bd8e-2989-4c6c-aa27-dc2926a92b9a,Xowioi,40,Brazil
639bd9b2-0308-40ae-a712-9df3af863411,Xtqxo,25,India
e53e7d56-3ea0-4510-9c11-c1e0f2dde944,Ebschjjlbjzgq,25,Australia
115a0e4f-bc7d-4097-a401-a33c9ea64416,Lpk,54,India
7850589b-72e6-4722-846e-ff491522d2c6,Pschi,48,India
9153da0d-11c5-46a6-9920-eaa283b90ed9,Goavm,38,India
f765f8b8-9885-4833-8e31-3902022986a6,Csnahoezh,27,France
c8f794c7-257b-42d0-b17c-3e8fc993d1d6,Dhnmhlg,24,Brazil
dae65794-dfef-4963-9dc0-e8b060645b14,Szdzbmevgnsr,29,South Africa
e6840bb8-58b0-4741-911e-4602bb0eceec,Hsyxijebirqnc,43,Japan
d4d7421d-8845-4b95-9eb7-04bdb0fcd6ec,Bwcydcmo,58,Germany
524e4869-21a6-4fb8-b2f8-e2667fe598fc,Gpfedzbloicn,57,India
b945107a-c6ca-435a-91a1-0cefd3d99393,Zwpao,20,Brazil
14132ab4-f62d-4c48-b832-abd84e86d1d4,Nuhtvwyewvpd,44,Australia
5ed9a5bb-89cc-49b3-b29f-8d9b7b9ac55f,Yuojtqscbu,51,Germany
1332adfb-121a-4e24-9958-2dffb6aa197e,Xnzaunehi,57,Canada
d44f1bb6-269e-48f5-bf9c-fa9c4a022f7c,Ddvcn,33,Germany
7aef34c3-cb6f-41e5-ba03-04987833af0d,Lioomotyhuup,21,USA
5d74fada-9911-4cde-8f83-394758163462,Cgychrcwmaxarp,25,Nigeria
ed09329e-5b5b-4a2a-9dcb-70d360858246,Fesfoeidlen,31,USA
c5bf6355-571e-4d76-adbb-8821a758806f,Myhmpzgqhlip,56,USA
d1488762-c0d0-483c-a5fd-190c3ef5b2a0,Inrbyc,55,Canada
c8030932-7df3-460b-9017-ee7c77e16b2e,Cdusm,26,Germany
5a821659-9a4c-4b4f-a81d-9fa3032c9bb5,Xcwxbr,46,Australia
925b89b0-f754-4a84-a7d6-f1076a62d786,Vsvfzfjsvvqfx,53,South Africa
5597828b-90d7-486d-8c07-d91f72f85360,Kdmcbp,39,USA
abc61ba1-c5bf-462e-9bb1-396793567bcf,Wbcalbujwrvy,38,Germany
91b66e1e-3dea-49bb-9776-67b12c9ff578,Vbrcx,42,Nigeria
e04e257e-af2c-4f60-839e-d1f92da8ba66,Mfnjtdxrqzwm,21,India
ba21e200-319a-4781-a149-1013021122ef,Rdiqkwgrgaognt,29,Germany
2a379733-9084-478c-bc5c-93ecc11b4c5e,Muvfjacdaoxneep,32,France
bc69bfa1-027d-404c-9007-8cb8e3c7d0fd,Mwriipnqaofuutp,27,South Africa
b9e7f5dc-20c9-4e0a-9ac2-bd61d0db1848,Mtx,28,Brazil
8ae9e5be-3eec-4e4b-852a-e0c03d2adf09,Xjtrui,39,Australia
f5acc066-ce39-49ce-a75b-c9d2a133f27f,Fin,57,Germany
6919f2d6-2329-4069-8075-ec85c060233b,Qhulguhsdd,36,USA
87c1f2dd-3c4c-4887-b5ae-f89ff3aecdbd,Qhyo,19,India
087b40bb-30b8-4b95-bdf6-98a2a64bd89d,Ruldmjohpxwu,39,India
87ca56e5-3b5d-4aaa-92b0-6d4043c1bd28,Yivzvaebnjgcg,54,Brazil
0616fdf9-18f2-4677-bcbe-984f8e0fcae9,Snyxglk,36,Canada
198b63f8-bc3d-4267-9816-62cad05077b1,Ikgkmk,46,Canada
0298aaa4-72fe-48ca-b275-8a9b6c4a2f26,Kniebue,57,India
79c0437d-2c2b-4c67-b96a-16a0c90db1d3,Gsshzywaegbmman,56,India
45f9cb6e-dd99-4fc8-90a0-c7a61a4db200,Jbrlgdkvitim,19,Japan
1eae2617-0ebe-43d2-91d2-94c6d23f6993,Pgswlruqcishei,55,France
cb10cd12-3996-4bbb-a0c3-9cda50e92ce6,Rdhwbnwvdfrld,57,Japan
a23cc573-0775-48a5-9b15-0d8768713c80,Bnxzz,50,Australia
8a5430c0-d9ae-46d8-ba20-ef5f783e6246,Zddcty,58,Brazil
fc77b858-8dfd-41cd-b0b5-b091f476ca82,Yboxvpmz,52,Canada
f0822a7b-7efb-4d46-b4f3-d8a3ed9c4dba,Rpxoiczidaeahx,43,India
cc04f3d7-8f97-4ed4-96fc-ae0204f8f62e,Tgdnefdehejwn,28,Brazil
a8be41de-d2d1-402d-9769-f353dfb14a1e,Wtjonw,25,Australia
9e336054-1b15-4991-b3e0-841f7e797b0b,Mfrcumunbppxdh,47,Australia
16f96adb-4610-4029-879e-ab1c87d5db35,Hnol,19,Canada
475573c4-334a-41ea-a133-8484cfa9ca36,Eicpykxxnbf,40,Canada
37055191-fcf3-44a0-9db6-688f9738fd93,Mmkqfnjsvvdugol,54,India
3b81e8fa-9360-4c46-9cd0-36437424d5d6,Dknobyqq,55,Canada
8ab74c27-016d-4370-b11d-f369adadb021,Klmzohwuewy,35,Germany
f7d0c97b-29a1-4651-acf0-415ab5395530,Nqkw,31,France
a39151ad-500b-4535-9284-77dbdda16956,Cudrneisfqogbsi,52,Brazil
5a433d63-fa6b-4fbc-b74a-c0396cd33abb,Tbjfxio,43,USA
ce4fe472-112f-4292-8816-010f378002cf,Ynfoacjracdpe,58,Brazil
93211519-b476-411f-9437-26770aac1ba6,Iagvafnufiprz,36,Japan
904c017a-8a25-4da8-8f0e-8212dfb90e55,Mdfbczqjwnwe,50,France
5ce8758e-0671-4c69-9f27-b749d679edd3,Hqrrlphvvyyhgel,42,Australia
684db549-1091-4b36-94de-4a7e54b5bd64,Yrhdamoooobej,44,Nigeria
fe996f41-7ba7-4368-8b87-f338872a73e8,Msdny,24,South Africa
a04e79a2-45dc-427a-bb5a-76afa2dc9f97,Fuk,52,Australia
74d902db-926c-40af-936b-52a2fc82e6a9,Jdxjkhopeso,27,Australia
346d3d1f-559c-4d80-b33b-bd6f9a34994e,Xup,40,Canada
51b56982-0bd8-4049-9334-e174ee5c8530,Lytqplxksmtorww,44,Canada
d1ca1f35-2545-449f-a02d-8d5304e914d7,Chhf,35,Nigeria
318cb8ce-8741-40c2-aa09-5bf82f8d01df,Xcwgahezttucmxn,30,France
4c4bd415-670e-4b05-a977-d3f7f17c9542,Cbmottj,50,Germany
d93a6ebb-b6b3-4f34-a9b0-fad47e162675,Auhwxi,56,USA
98eb1e4c-c200-49ea-b3df-65d9388cac1e,Hlntyediyr,41,Brazil
c87cedb7-e255-4ece-9806-c18926edeb84,Zxgjpxkcwmcnvqk,31,India
1c300f0a-0d98-4219-a724-b73f0e13acdc,Gls,32,Germany
c9708697-1b06-4885-be1b-76c9249aef41,Ccpwnhelvqxpqgo,41,France
36c7c054-78de-4262-9d9e-63b04671ecd7,Wsksindjkbfvoid,28,Canada
134b9109-5a85-457e-8089-4b534dc7e00d,Fwzys,57,Japan
94b88196-38a2-4aa9-885e-cde1caa53caa,Erh,22,Australia
d4051cee-73cb-4a5c-999e-87661d6e5497,Ozfjg,59,South Africa
d4f35cac-2524-4f7e-80d3-15a5acbf160d,Bximala,33,Nigeria
3ef91d89-0dff-421a-a8fd-bd1e3431060e,Kbzjrutauyhh,53,Australia
643f0945-9007-4cad-8809-0b87044dedb7,Jheyploy,36,Germany
06b36c53-1d95-48e1-ab12-93dabf7372f3,Qxsvgriqdaigzgx,28,Germany
36403c6b-27ce-405b-b015-282812de0a2e,Zypnugtnrptkci,26,South Africa
1500d46b-808d-4ca3-bd79-902e3a6ce9d7,Ikymvwa,43,Japan
a2149c27-1b05-43af-bad4-1057a6cd4cac,Fzlfrprrhgmav,19,Germany
4a35dca7-4a55-4124-82de-e5bd49b38a6f,Gmrl,35,Germany
acbd8807-246a-4350-811b-1da1dda73efd,Asbkbyc,50,Australia
8b55887c-5758-49bd-a8b7-00603967da75,Cnbtwcmshxp,53,Germany
36fd5c8d-08bb-4570-a60b-93f2ba33e304,Ytxzhrljognpfa,60,Nigeria
da272544-0f98-42b4-acb0-bc6de1b9c2ad,Ulnwxsumjm,31,France
7794453d-e027-42f0-91b5-ff226228e4b9,Jdyflqmtaxfolcz,20,USA
72ada481-14aa-4266-8cf5-7aed19dc2bfe,Vpnd,41,Australia
b7161ef7-c7d8-4f21-b430-47b131379f5c,Teiruxtg,20,South Africa
efd1b9f6-ef99-4255-b76a-fde3ce5d357c,Kpybsv,57,India
7e05f7df-1311-4869-8dfc-1c69445a5a49,Bffjh,31,South Africa
54d15e2b-b0a5-4749-9762-3035593d792a,Dqpkxkdfhc,44,Nigeria
903c161f-6138-4df1-9ed0-e4481a8f757c,Mzqyrgvmtxp,39,Germany
91b4b7ad-c07f-4526-8988-75d16fb8a37a,Fzorkfhofyqmts,30,South Africa
ea62f7d2-1086-4897-9469-412f6f1f5dbd,Gfxiwoxfep,52,Japan
20590335-d445-4b55-8ac5-087dac436920,Kborpnrjcluomux,36,Nigeria
f5886b77-30bc-4e21-bf7a-360e6489dbba,Rkpqjbnya,41,Canada
ac35f36d-7849-4751-b49b-5bfdfd6a8978,Qaygwwjmhoxiu,43,Japan
193db27c-67db-434f-a218-dbb602a4e48d,Futzmnav,21,Nigeria
4d7e475e-d767-4c72-9180-c0c6fa32bf61,Quueyjbx,36,Germany
4cbce56c-847e-46b6-850e-81cb9a639d6d,Hrbyr,38,South Africa
06315207-72a2-41af-a670-c2327884f5d4,Gpyenvlorsduil,59,Canada
781c31c4-ccfc-4eb7-8c9e-b2d2031caedf,Ohb,53,Germany
a1b4c2b9-04a1-47e4-940f-ab05473a5ae1,Ldqhxvolxz,18,Australia
8d3cb099-6f3f-4fe6-9c23-f67da235c443,Umupc,48,USA
69264f36-57a0-4d13-987d-729b2baa8a3d,Nvqeou,26,Brazil
1180caa8-f3bb-419b-9fd1-f847a15b2cfd,Hirety,50,Brazil
b6cecaf4-76c8-46db-90d4-8c597aabba06,Sumuzzzfyhvmcux,54,Australia
20001385-b0f2-4feb-ae24-19afe15436c2,Gnlwcwn,42,Nigeria
8303a5fe-879e-4dc4-81e6-81c8b19e61eb,Spyjcugnquji,58,Japan
e174438e-1982-4ce5-bb8c-e32ff2e61777,Ptafcc,46,South Africa
ee78ad76-6909-401c-9786-60bd9a9573de,Whfmjgslkul,29,Canada
23274f44-4bde-4332-9c46-624307a9d5b7,Orwpsbxrla,35,USA
70fb209e-a352-4381-b229-3dfe5591d185,Jnuoqyrwfggyrq,57,France
686aaf63-5486-42cf-9b85-d7244643c1c9,Bfoqcmnfiitbq,37,Canada
635cb447-7fe9-4118-8212-49f34999687f,Vayf,60,Canada
2b174a7b-79bf-42cc-acac-5526166e369d,Cliexwr,24,Germany
3c299251-a413-4e95-8c26-1b9fb00a63b9,Xsyn,27,Canada
a243341e-4d06-4bef-a396-3d0dbc1cbd26,Pmh,58,Germany
0ad3550e-4fb7-4ece-8174-f0de68e7a472,Jefwxohrgdegjuj,32,Brazil
4bb0f80c-f2e4-4c37-a067-2543ae19e1fe,Ysjku,33,Brazil
bbd1e683-eb7e-4363-9409-d3f3a23472c6,Rhtxrsnqihwterf,26,Australia
b4dbcb50-e84c-46a5-8233-914ed5ce48bf,Tjswsmcfc,27,India
e032f3f2-7e40-4fa7-8cb6-8f3507b57f17,Okqvcdkh,38,Japan
5d2fd67b-c557-463b-9158-85e69a50fe13,Xzqd,58,Australia
b4b7b65b-8405-48df-8a70-7a4468fda3c8,Czffriuvyo,55,Brazil
a5ee0f43-f39a-483c-879b-44da45576d4b,Yultgnxa,21,Nigeria
c7591832-625c-4dab-8592-af65d2d9078b,Jtmnqqofrq,28,Germany
043a6a8e-306f-4cef-94b4-4ec7fd530578,Tsq,35,Australia
916932e2-14fe-444e-a689-03aba6ba432a,Jbakl,21,Canada
fa1f6a97-073a-4a91-b4ca-6b0aca82dd76,Aerqausc,49,Australia
656d74bf-c6e6-4ac6-bd80-a2643b1d882e,Erssxrngjlowg,26,Nigeria
285deb09-bada-4b87-ac43-79fdbd617988,Yekfideh,18,France
ff1e516f-7937-47ec-8a02-9be134cfc340,Cczqszwhfcbngv,26,South Africa
70461855-0511-4dd5-a74f-d99439a53d16,Anirin,32,Germany
fd3fc968-6003-4da8-8d68-c63695429314,Wbhaavxdrlxpxqh,56,Canada
26f5a764-6621-44da-a799-5865b0a94116,Fzwrpzcenldty,41,USA
5fb27b6c-1249-488e-9f56-9ddf3e98bba3,Sixaujuvf,28,Japan
ff5157d0-bb9d-47a3-8e2c-11055c6385de,Jgpkncknwoznnfo,58,Germany
2b0d1bc7-c74e-4016-9511-65c872ea1b3c,Jscgryvhytay,57,Japan
1f470163-4d9e-443b-93ea-721048393f35,Vzdltw,45,Germany
2ce996cc-fe45-425a-b6ef-7bfa4c3b86c0,Jfyixkzllip,22,South Africa
50417b31-7b97-4a6f-81a2-8f452d953f8c,Xtybnbzyeirnnwr,24,Brazil
82342ca0-c1cf-4db1-b781-144c6a3b7ed8,Saro,56,South Africa
1a6de0e3-430e-4369-a517-d12be6987aed,Ihgvpc,21,Germany
e8829b19-f22f-4583-b148-1ffc5d79ffc2,Rsqtffvkpakwhn,52,Brazil
53b2d1fd-3aec-460d-8c4d-f8c04e1cc22c,Emsp,28,Australia
5edb7059-d1f1-4db0-bdf4-2765880c2b74,Ovgncjmz,44,USA
524e2066-14d8-444e-8c8c-202667030e26,Jafdlncm,57,USA
1c13a2c9-ab24-494c-a10a-570a9b734d11,Zcnsu,27,Brazil
cbc4df33-be54-4e60-b577-b5fb43a6146d,Kbnibwsnuioqeo,43,Australia
d14ad295-7852-4491-ae25-a6a394ac49c7,Faofglggivmhlnd,48,Australia
487bedec-98ab-4949-93b8-f896b45b3f2d,Rjchxd,31,Nigeria
d70a14f4-c837-4a07-8529-5b21beb783b2,Pfl,19,Germany
9167853d-e070-450e-9921-c1791a301822,Uvdcpjv,35,Germany
012e2428-68a2-4656-927a-afa0989a44ce,Tkjhvd,24,Germany
cf51c9ff-9a76-4f30-9fc3-f1b07db406de,Tnrjkxsytytpou,45,Australia
6f0ba7bb-be49-497c-8ade-4106940f53d2,Uhuklzzbcnyrpfi,31,France
41426da8-ba1a-4098-9380-783e5fc5c24a,Uheqbpfmyqmh,42,Brazil
f81300ff-c342-4d28-a494-f9b092a1c4ed,Ctpbtyyymcehwu,53,France
54c34555-bd53-4641-a78d-68371673a6ac,Djctjkorec,33,Canada
fe26f826-ab06-4c9e-85ab-850aa28a98ec,Cqzz,52,Brazil
ea4c9809-7d8d-486f-b21a-88cae19fcab1,Mkpl,50,Japan
7b6b94fa-f9b6-45b1-a0ec-b029f08cc46f,Kyfvhxmao,44,Nigeria
7ea80d30-0267-469a-ab73-040569151573,Lfbbv,35,South Africa
0d6b2949-ac71-4c52-9308-d557cb787f23,Ekgmclu,27,Canada
ceab9f72-e3c3-4b55-ba49-569788f5752b,Pjajsrjmuncdbn,47,Canada
4cbea733-275a-4daa-861c-522d7ad8ccc9,Wckv,43,Brazil
5d9a0a5e-547e-4659-8da9-e08c65045097,Yyjjchyij,46,USA
20684710-671a-4def-bc9f-d5110c5d2260,Waxvekycwecsziu,19,Nigeria
6e8663cf-7c54-46f4-b857-56e5ee2ed79d,Wcqybgjxyayrny,38,Nigeria
fccd9697-6102-4070-8189-d5c234fb2eb7,Ylkwpajypoxe,19,India
6dc431df-73a1-4b32-83b3-3afa31376919,Nocy,38,France
b19baf9b-f3d3-445b-bd55-71555799a346,Lhfairitbngs,46,India
b247cfd6-f933-46c6-ad1f-9b90866a58f8,Dcn,53,USA
4edfd305-0428-4eba-912b-878191925aea,Wmle,18,South Africa
4ceefb4d-172d-429d-a777-2524bcdd6c3f,Fhanw,48,Germany
7e2c9dd8-b73f-4972-b07c-8060baea5cc9,Yxncwibqxxtrf,31,France
5b0258f8-4665-4abd-8783-27376a7abbd2,Jte,30,Nigeria
1d966085-eb5d-4f1f-b59f-3b1e3f5d37cc,Skyqwanqhp,54,Canada
ed81a29e-b2ee-4d36-ad18-654ff9f67735,Tnjjpbow,38,France
67454cc2-e3e7-48fb-8a2c-589de93fbf5d,Fcoebmzmdpv,57,Australia
d6f8c403-7a29-4c11-a88c-34ed3b0c6610,Cbaoizhk,23,Brazil
b7b4efa2-e1a4-4bce-9911-1bf5bf1412bf,Wclmdfeuvsi,39,Japan
0b9211f1-ff24-4660-96cb-a85e115bf320,Wqjnkdbevhyc,26,Australia
ed1108a7-83d3-4379-b22d-f533242cb86c,Lqklhphplbl,55,Japan
b4673e0f-d791-4af8-bcbd-84611db8a26c,Ehp,46,Brazil
e99a8de0-4247-45fc-98c8-8b3b905c1349,Zxpbuudr,56,France
7751ffce-dd94-466c-a713-3c787fcadd2a,Bxkecepnsljna,28,South Africa
e437ca13-e6c2-4cc2-8e0d-7ae51b19539c,Oaxwd,24,USA
97196f0e-c30f-4992-ac5b-b3c6a8af3e45,Kcgtmixm,19,Brazil
8c659666-15d1-4250-b239-948b73eba8ac,Stj,60,South Africa
1df46adf-2bd3-4fda-8e57-e84faa408aa3,Uqgruzefowo,46,Germany
636e0c85-b669-44ec-8de1-3dde066d9b3f,Vxmsg,49,Canada
d0191881-9519-4f7a-8e95-a4c186856479,Klgqhrbiw,33,Nigeria
a417406a-2695-4e35-bae1-d5eb722d6d1f,Mtxnofshgdd,35,Brazil
17f1baad-8826-4775-b1de-85f89524f28b,Std,20,Nigeria
e461c6c2-c0ba-4ef9-9755-9a1e8803e1e0,Hdad,29,Canada
65502bf4-bf02-4d65-b0d0-3ab93bc71487,Bgvdg,37,Australia
ed0c7f31-67af-4498-b98e-e0198172cd1f,Gxcrkehlc,38,Nigeria
b415fafc-260b-4ace-98aa-edd6cc33c760,Ixdnd,52,Canada
41a2bd6e-442e-4a6d-9379-c1a7438e343d,Rqgdjnm,38,Germany
fb62fbc2-b4cb-43ca-a306-b1a88de12e2d,Xtcvqrp,49,Germany
6270db9f-25bf-4ec7-987c-f408507fc3ad,Seqvaqdixu,33,France
8162cea9-df2d-4967-a4f3-282a772217fa,Rpm,18,Australia
629ed771-999c-437c-b921-2d671e36d65a,Usxqunsqrxjhy,49,Nigeria
73c24a6b-9f8f-41db-a47c-aba5b84bff69,Pdpbxyzmha,51,Germany
96f83740-a688-46cc-b73f-0e543eec635a,Rwesxnigibqmvnd,37,Canada
7f77c027-70c5-4903-81a7-2c7fee5527a1,Gisudiycjqtm,49,Australia
16c819a0-56be-41a8-9360-082bd12063d9,Wgeaihka,41,Brazil
2e68e2b2-348e-4345-a56c-718eef0b527e,Ctjjillk,38,USA
9a35021c-4c37-40a8-9736-b7fa9f99d727,Osjlpyacj,50,USA
7e1a7a69-df21-4bf3-877a-5ed05a79c4d8,Rjhpy,44,USA
b9a38a93-bfc3-4d17-8ad1-fafd7a83041d,Ppaztartxjpsb,22,Australia
56b76723-4696-43d7-b3b5-67860780cafe,Lzfveugqih,18,Brazil
bf42949e-9421-41a3-ba8e-ad43bfefa51d,Hzlat,31,India
06944d4d-bba4-4967-825c-821fcbe4bfa4,Adkkyqwlzno,30,Brazil
dc23bf71-9086-4043-9d23-b8b251339428,Ggvbdfzvlm,30,India
8fda26d0-804f-44ae-b268-2c0c897928a2,Rtps,26,South Africa
aa560d3b-8555-4477-ad38-4f966d47b905,Vwxazkphlvrekm,43,Canada
d60ec2e8-3b6b-4600-8f3a-f36f5ec3e424,Ggbf,44,India
38f3b104-9a63-4c71-8b14-bd47c2ce3574,Tyclvi,59,Australia
994af85e-28ea-4eff-b59e-d76d6167dd37,Qlsyishfpakmnx,43,USA
d810266e-c3bc-4eb9-a776-ec98d0898cf2,Evqsvsad,60,Brazil
bce349f9-765d-4678-be9d-57537ab65808,Szpxqswgjgn,34,Germany
5c45580f-d608-4ae9-8e7a-3855864130ce,Zscobtjflswzi,60,Nigeria
558472e2-b2ff-46d6-a670-dae65c7f250c,Unlmqrxvffo,46,Japan
47308e56-e157-4c42-816f-175a063ba4bb,Cmzrlxxhtkren,42,USA
7c3f4f1e-f385-435d-b259-03a85672678f,Fpzebwqwtuhoqhx,28,India
b685fc2e-a5bd-41ad-a68f-acabad6af436,Ozwvqvelji,21,Germany
221b19d0-756c-45f6-bd40-c14a5a87fb28,Nathitgjvkqe,49,Canada
04ebeb5c-c285-4ff8-841a-70e068d80894,Dbh,48,Germany
32de5900-d9c3-45c1-818b-6a25c42f7b30,Ruthlkntbaisf,60,USA
0b8c81f8-afa2-4530-bdad-c115471eb63c,Zvhf,47,USA
8647617c-7290-46d9-bc02-8532523a2ebc,Jxwu,19,France
be0d3c66-ceeb-4a61-ac0d-8324aaf5b88d,Dsdjbodelgnrke,18,India
282a9bd2-ce34-4a48-bdac-0820e07e335a,Iskkxqvd,20,USA
58124c80-5050-4ff7-a75f-db14ea4e88fa,Hnvosxk,33,Canada
1ce11bb6-3032-4bcc-bbfa-931afb890b9c,Tfd,36,Brazil
541f7c68-7a64-4991-845f-4c778e96011b,Udcpt,59,Canada
176ec20a-4d29-44ec-b23c-8a5c67aaa14d,Pvbhmxj,58,USA
0cbf2c68-ed69-4a77-b5a3-219630f5db60,Ytrch,56,USA
cb40001b-7148-4606-97b3-2661342849ed,Xvyzcyoacndide,52,Australia
f4b4c037-f029-4ffc-ae6c-95501b742849,Rlcsiihparryh,45,France
c086cd7b-7030-49b5-80e9-365c6f80a0b4,Iiugyvbly,46,South Africa
b978be44-fe90-443c-b04e-5fb97f2bd0a9,Bpziqvevcghgxm,41,Australia
356e5a34-aead-4ea2-937d-3e1b6b76f6c9,Xtlyreqva,41,India
1f65b409-75b3-4b42-a269-307aa5affa33,Jdfeuyjhxcl,27,South Africa
3df6883e-cd4a-44af-a66d-f105e433b414,Ikok,44,Canada
2a6b8482-0c67-4e28-881a-2ed050e606f7,Unxluqhtxzcvwbv,39,Japan
32695bd5-0709-4ff6-8e3d-b6f18978a775,Jie,33,Germany
21ecaa32-b890-4e29-a9a3-84c68467d2f0,Rvcwcphbfmww,47,Nigeria
9fbd50b6-e26e-43bb-891d-a59185b09cae,Sfyhi,23,USA
b9d6d524-1ccb-46aa-8be0-da81f4b71fa5,Pjdqrdmxja,43,Canada
07c3d91e-e7ba-453c-b0a3-e88c859f6121,Ahrnzvf,27,Canada
7e9bef52-7e21-4c9d-a61e-ae41a37cd9d4,Iyqams,19,Brazil
a796bc70-a798-49b4-b247-a47888341654,Hqwhoytcxmcoz,45,Germany
0cfbe41a-68b7-49d4-8a41-aadbee0a6e8c,Rrlzrfyixd,42,Canada
39eb5734-627e-44fd-a1f0-58111929dd2a,Whryqfqlgkr,29,Germany
b454b33a-99d2-4101-9585-b47b82e59e14,Cfggonnsvvho,29,France
e4f407f6-f632-4070-b2cf-6fac5f0f9263,Ulfyyo,37,Nigeria
35e540cf-3692-4090-a534-6a0c3aecd0a5,Jvtagvlruppmm,50,Canada
7395d9d3-d5e3-4e24-9e61-26928fe67b0b,Bmfyrpnv,18,Australia
ef635768-b197-4f20-bac4-d69903b08b95,Abbphkn,50,India
fe3f3378-ecf9-4192-b207-8c8811d6fad3,Nesmp,59,Canada
dd713d66-4c08-42a6-bc8d-c45aa980ba75,Gabarlpvo,32,USA
954ee8a5-cf47-42ce-a474-90407ec10e5e,Khfqbpwkgfwbm,58,Nigeria
c95b8927-a648-46f2-9250-8e313916eb08,Qqpubvtcikogc,57,Nigeria
0c1ea794-0c29-4200-be10-ac6da980e1ef,Fshvlplyfkplf,18,Canada
93fa4c68-9a85-425e-93da-6396826f58b7,Dbnwtrostz,35,South Africa
4318ceb6-f17b-43b8-9071-62f1942e8992,Pmpkcyfkt,44,Brazil
0dd6e964-97c7-4550-87a0-d0c34f13af79,Fblcdapykowsna,27,Japan
2969c421-eabf-4fd0-98b1-a7d4b102dabf,Qmpiumch,44,Canada
347272a9-e361-4a72-b5ed-ed68c14eeded,Zcfajogswc,21,India
c6361c10-6d0d-48d1-aca4-31d7bcf496e7,Jyupwpcqlpkikb,36,South Africa
f738dc56-6c3e-47dd-a702-160def5a598a,Yfhxvpsvtvmzif,37,Brazil
b23cdd90-ff59-45ec-8f7c-ab90fdc70100,Utjwfj,54,France
89676bde-a26b-467c-b362-9ab713987793,Soq,48,South Africa
239edb17-341f-47d6-96b0-1ea1c348c41f,Jhdaytp,38,Australia
3f250cbd-0670-4d65-90ea-45601820ea4c,Ydpzdgytwxsgujx,45,Canada
74c51420-3ec6-4960-b912-cd28808ef6d5,Ydkomhlumclogr,50,France
bf0e40e2-e8d3-4c00-820d-b8dd4f2cbd49,Tshmmnlmtb,38,USA
13ce3bc2-feb4-48c7-9882-fb9844d3faef,Lhjrwzzpge,48,USA
045010d2-17f4-41d6-85a6-c957b32cf541,Yvkbpcwiodztlhz,41,Japan
7e8e6e7f-ac33-4d42-9904-2497fd5d551e,Jyqqjr,54,Brazil
14788495-d10c-4333-aa05-03dad904cd64,Wxlfm,43,Canada
7aa54bb9-4ef7-49af-8c3c-f9cd4252e5b5,Xlcvnbembdybgm,58,Australia
40145d01-f4ed-46fe-aa0d-d35225fcb1d2,Qbyjhax,25,Australia
63b546a5-d50d-4ea0-9df2-e777d796be3f,Uohatpzcyo,50,Canada
2e15cc90-a490-4da3-b644-e6c26aa974c6,Qamv,43,Canada
80347185-0e2b-4ca2-bf04-ce6925a85a46,Npriivpmmn,24,Brazil
84ad80ea-453b-49a9-ad0c-1abd13ff14ca,Jritnur,19,Australia
6f7b579d-d9c0-4428-a427-7896ddaa4cf5,Klkfvt,30,Brazil
264d6c80-7417-49e4-b987-deabbe068c5d,Lcedo,54,South Africa
d196ee61-ec2e-4f00-9267-9e962d360404,Livqxmc,55,India
0d317b8e-0c61-47f8-a8a2-f414d3016062,Myjowgsysdqcd,39,South Africa
a7668e6a-f050-4485-8b6a-03d8297d8fcb,Gaoyuaptediz,30,Japan
40691885-a298-43cd-b785-2cc045873ce1,Yzsnfq,42,Australia
4987fe26-d666-4a47-a74c-0d61eb6fbe87,Dbccqc,31,Nigeria
9632934d-4475-4a26-8c52-baa7399f4767,Cjje,19,South Africa
ecef0150-eef4-4d5e-acb8-01242a5e4a80,Giurnkoc,33,South Africa
3c529e4d-826c-4b58-9ac2-7036269a55ba,Uicakyojpz,44,South Africa
019955db-ed93-4aae-b6d7-6e51b461f0f4,Gmrroeectpjrvu,25,South Africa
79a3cacb-86ad-4f0f-a772-5a0cb0285f0b,Agggrhjvc,40,South Africa
0cd4faf8-ee42-4a42-8086-5ca0a31ba6c0,Tgwva,23,India
9d8d58f6-23f5-43c8-b9b3-b7ec5d45cc9e,Ooqtpniu,33,France
40496552-3e41-4f63-ae13-e0029113131d,Vzezyofq,31,Japan
6ce9bb9c-8378-43a9-91fa-5207bcecdc91,Ldxxgy,32,India
3c86a350-6753-4741-b4c0-b4724b06fadd,Nfmws,36,Germany
01ad0491-1b93-4b8e-8cd6-211245cfe307,Ecpnqiomj,41,USA
366ba640-362a-4bda-b588-4017b5a73b82,Btxvoz,33,Nigeria
c174d83d-6fbf-4e0b-b223-d9af911fe031,Khwsodeunfthk,36,Canada
866e8f73-aaba-428a-8f46-df6e7557e44a,Ttuagdte,26,Japan
3e1cc799-1270-4a87-b79a-4ed0ff7fbaf2,Mvi,52,Germany
f05ab4a6-cf40-444b-8638-51cbb9349eb8,Nwycfjevfhcbyp,24,USA
b8dc3849-e0a8-48ca-80b5-85b0ad30074d,Kdcdmrfw,39,India
a80ad28c-c889-4681-8dc6-6655973f86d2,Ujzgyacguxq,54,Nigeria
f27a2fb2-6e15-4942-a1d2-2bf1dd8d2757,Iguaznjzlufvzvt,23,Canada
73a67e21-668c-4d24-82fc-73f9886a273a,Wpktomnbvumxikb,51,Australia
70999999-9933-48d6-a4af-a1c7e9d80cd0,Xynq,47,South Africa
1da4cbf9-b1d9-4cb2-95fe-e2d2e45499e9,Bjceovvqqrev,38,India
c29419da-7be6-4d8a-b350-041c974e42f0,Jakwttxy,56,South Africa
7902eee8-64a2-485c-bc37-7892842961fe,Rywkp,42,India
eb6992a0-3492-4636-9545-5d0071d09b7b,Loslukwlicdvzel,21,Germany
71e9372c-9093-49e9-a2f8-cbe06aedc5e0,Cqtk,48,Japan
057cff1c-92f4-4a4a-95d0-1490f533f3e3,Qbleanqdqsrevp,40,Canada
7369ae62-b163-4e48-9057-074c2056aded,Vrre,60,India
72ee4abf-20de-4ea1-80cc-aa76f08ec3e3,Nuwhpwujnxva,37,Canada
bda5d81d-163c-4694-8f00-eb31e33a7dfa,Gemaw,24,India
433c9593-b636-4904-b422-8958b2a4cf4b,Snhpufwaeh,24,USA
32a178b6-6083-4af6-9b13-ef03a197ccf4,Levvxxfzvcbk,29,Germany
aca30c3c-866e-49cc-b9c4-6899c69d4abc,Mohjzzi,43,Nigeria
4de3a975-8830-49e3-9beb-b139bc29f590,Dpwowuhn,20,South Africa
6928de01-c51a-4ff6-b40b-e6b368741643,Hrazgdi,28,Australia
b178271d-35a9-4c56-ad79-ec16a5e040c2,Wmofnewraf,27,Canada
a0f66c65-bd4c-4ee3-b583-3e9f60d9b8d5,Jip,38,France
fd325fea-8d53-42c6-94d5-16e477af60d7,Ddrkpqto,47,USA
f07e474a-2685-40ef-a2f7-2532de10073f,Kgjveg,36,India
29e5aeb3-2950-4801-9a7b-90d1d78a36c2,Ysgvdamymffyu,46,South Africa
f8e25682-c508-401e-b987-9c5d7c6bb99c,Ufbo,27,Australia
8dd5910e-6a0c-4f6f-bdd6-b4bd838a7cdf,Oyrbebunkriqe,50,USA
c9f56d98-6821-4292-afae-a1378a446b49,Jnpfgolzqx,23,Japan
1d6a0450-f435-497a-a26c-d22a79481254,Sqet,60,Brazil
14d52a41-a564-4ee0-85e9-b23d8e87df1b,Aonptltx,26,USA
de2836ea-81f4-469e-9db0-4a25552fdcbc,Kxebkyysbo,59,Australia
7af8c75c-28b3-4bef-862a-dc77b93a11ef,Yqunavebxks,34,Canada
7d5ab6f2-ad12-46ff-8c47-4c9c4d586633,Ihkeiugreukrruc,28,France
f5f690df-2fde-4886-aeb6-82a5265d1f3b,Vkicgebwlsgcvno,59,South Africa
3e4cd391-37cd-40dd-a8d2-d9c40d97909f,Htdu,28,Japan
1f006df1-de4a-49db-ac39-12fb1082def3,Bglmjcrykg,36,Australia
c4e81ee2-31a1-4dcc-b916-c393ef24b789,Xiyo,35,Nigeria
fa1b6733-0032-4088-ba19-4692c298f777,Zuvbwsbbw,39,Japan
7cb0297f-8fa0-42ae-a2df-875fe78d8fd1,Odq,31,Germany
7179212e-a730-40a5-a3d0-8f6e343bc24f,Mmowhpqjye,28,USA
84dab11d-7aeb-4ae7-9308-1692d3206639,Fwytw,32,Canada
e744cb88-6250-456d-bb05-0484af522b4f,Rvuj,23,Germany
93e55c85-7f78-47ea-869a-bb81cc256de9,Stfx,56,Canada
e454eba1-7553-4f3c-8163-d2054cb5b85a,Docvv,21,South Africa
00932c67-9ade-4fe5-b9d7-b63882ca7c0c,Olawujvx,34,India
0d96218d-3b18-4722-ba91-11512f5cbf8f,Jxkwgrgbxeqcok,36,Nigeria
eb60932d-9004-451c-9167-b7966461c36f,Nxfwn,30,USA
d330e6f9-8d64-4b30-8a9c-4a8c9eb54511,Uiv,50,Germany
a42b44a2-8ba5-48b8-95de-b86343c011ae,Hfejokhxczh,25,India
96148f19-aaeb-49e2-ba0f-3f820dfa2c0e,Psn,60,Canada
3a69c0a5-d66c-4c93-9f05-e5959530cda7,Xrkipoh,59,Germany
6edc7787-1a21-4fd4-85c0-625ce23fb390,Zxtujknpezo,37,South Africa
c8bdee8e-d881-4f67-aab9-4675b76c0c7c,Eckhcrtccw,42,Japan
4a31a40b-04c3-4c92-a744-4cd471e9abf8,Aynyysxfkwhws,49,Canada
b9905042-f53e-4f20-bccb-b3b62ad21063,Zphvemoqqcd,36,Japan
4aa79ee4-a0ca-476a-a152-78584f837b59,Gibgflvkzps,21,France
82406f86-71f2-452c-b555-0731f86cd359,Ookhrhg,47,Nigeria
de99d85f-2409-4c5b-a456-0017017aea39,Gcq,34,India
e842a595-675a-48a1-827f-f9670f60b0d7,Ctshoouyq,30,France
7c504e53-7f8a-4c59-90e9-817847e63768,Ppecjgykacjqi,58,Australia
bbbde9cc-3ff2-4b4d-a5e7-9e7e8f16aa6e,Eozwsrrpynrgrsb,60,USA
33d16304-30d1-42c9-9f50-219c66e8d88e,Yab,49,Japan
1ca56049-cad2-4dd3-9a3e-4c19594b192d,Hicrnd,60,Brazil
42202a82-9960-4a48-addf-84062e84375c,Hkdcvnzzu,56,India
37cf98a0-1bda-44af-b1f0-ebd5e6b13efd,Fvnzszjsgwvtsm,47,Japan
136d9d47-ccb1-4775-a83c-5494646ef33f,Bepotsfol,56,Japan
d39219f1-3ad9-46a7-985a-43b0e8c7ae62,Qezemcnsq,50,Japan
f3a68e82-2a48-4484-a549-413b46ea5b68,Wlrxileiieklqom,50,USA
f7442d1b-af85-4f54-b963-96cbe3a40fce,Rubiwkmkkufi,20,India
57aa99d9-ee21-4821-ac05-29e0f9f712e9,Aekkxdzjvlbvjd,20,France
ef2b6e82-74e5-4a9b-a862-111eeaf17293,Dydbxiemha,33,Nigeria
feeb481b-78a9-46f8-b595-b82f01c4e341,Sstoxklbvjfc,38,Brazil
e7baec29-d43d-41d2-aef9-d19f82df1b5f,Bzpmzbskzbl,50,Brazil
611c2280-cff7-4b44-aae8-e3210a96b1f7,Atklvnpktc,54,Japan
9cb23a7e-4985-4d00-ad35-f77b5ad2c49c,Fyljobwvd,41,Germany
ce756225-08ae-42f4-ae5f-85c7abcd2640,Dij,58,Brazil
440d44f5-31b1-48c7-8012-6b53ebd24960,Ypck,49,Canada
00b49940-50e0-4156-94ec-bd16a297beb5,Ogiwliy,26,Japan
5ac8d2c0-b3cd-4e06-a0a6-4ae3c555c11b,Uxmdrvetshze,25,USA
911dd8ad-eb2f-4c82-9882-908271e38091,Kihpcyeruiodil,43,USA
c4baab61-596e-43b2-b219-6e6ca4f53763,Vidujazgwx,48,USA
bac634e0-bd74-4090-87c0-5928abb1b307,Imoip,51,Germany
e99109ca-2163-483b-9910-5d769849d887,Zdktpvymsanle,34,Brazil
6e7cfaf5-fa9e-4830-beb1-b0932b7dda45,Iggqhe,40,Brazil
a43adf39-bdb6-44c5-86d1-1daeee47e386,Jpw,56,Canada
608f8630-2ed1-4a6b-8486-50e20a73b5af,Yplgjwbsp,47,Australia
55844af4-27c1-4684-94d9-8aafa8b8aa97,Uoeuyibpo,19,Germany
053e81d3-de84-4028-bcd0-b88019b11baf,Ngjsxrvejiwrr,38,South Africa
3a91dc95-bdc1-4d22-8938-e000c7045db3,Wxvyuthdubaiwca,57,Nigeria
ae334d22-bc1c-474f-a3a2-c4869e42e638,Jghtdovxck,54,Germany
f6c0c96c-142a-4736-bae3-1f7a86023c88,Itcwnjyfgyiv,52,Nigeria
ada16320-6c18-4fec-9012-407a2eeac472,Loyrckeudjock,27,Japan
30e0a474-d75a-47af-b98f-8db71af1d630,Avc,24,Canada
e8b82cdb-b9d3-40b9-aa3c-022ebfdcff14,Subhimeyirxki,29,Japan
b45417d1-0a61-4a43-a0f2-5eb3a4d0e6e0,Qhoi,21,Brazil
0dd1d3ae-fde4-480b-a4e0-ba536d072ff6,Rfxwb,37,Australia
5c2a38cd-8a1d-4709-adda-d9e7b250a285,Ksr,42,India
85dcc0ad-42e9-4a53-a9ef-a9da0ab5cebc,Avzfrboexcfw,37,Nigeria
1294307d-b567-429c-a47f-e098126cc730,Gdcpagusu,60,Japan
a836e483-380d-44ba-8cfe-3b9454624ad6,Nmxith,37,India
d0211dd8-b352-43b9-8bdc-ead70e3be6a6,Zfuplvcby,35,USA
06b7e5a4-c614-42a9-bf97-d74f91930f96,Oqyzkd,34,Australia
af2d698a-7c95-4dd4-ab1a-c109ce9915f5,Rawp,53,USA
dc56f54e-46f0-4dd5-8311-6fc481ec9935,Wthfjwghnhaewh,24,Nigeria
e37d2a62-06bd-406e-901c-424b51addd82,Mfqrtlzjnfrxwze,39,Nigeria
7be04f38-a708-4612-a357-3169b3107692,Rdamzxrsd,47,India
30ba9b4b-18df-4fcf-afd7-73213e6969a8,Xelspmxdnnaoc,43,South Africa
4e92b18a-8eba-449d-8254-fc46a2698dfd,Acuk,31,Germany
c71396fa-5785-4f15-8298-cbccbb325ee5,Hwjwfasvn,52,France
6593516a-9ab6-4f24-9775-06e479f75e83,Qkygdod,43,Australia
31dfa15c-394f-4bd5-b310-b222893da5fe,Ygxyjt,48,France
77c37334-7bb9-4dcd-876a-ea2de0791da6,Ufclzrhon,37,South Africa
c5a5a628-a0a9-448f-8c47-f903fb794638,Gdeusfcf,42,Australia
9c106c73-192b-436b-a432-717ed33b65f7,Swakqauxeic,43,USA
65e62f44-87c2-4493-b79f-4827cb8edbb0,Ekj,56,Australia
22e25141-17f8-4896-a1e4-f26bd4966080,Bxdmjvcl,32,Germany
96cb4ec2-c284-47d2-9b13-ff2b453f1997,Hrqihtnc,60,Japan
8fa90cbc-86ee-4b56-86a1-6377cf4c2802,Uaoree,37,Canada
86d09ad8-0058-4621-ae50-5a361c56e905,Mpvif,18,Brazil
418f5e95-bed2-4809-8f1f-4ca358a98807,Sgunkczparpda,33,Brazil
14fa9474-8984-43f6-9e2d-744932a4605e,Lnny,20,USA
bc32a417-77da-4efa-9d6a-fad92893a7d3,Bgldtokr,35,Nigeria
c973d745-4b26-4d7e-9a8e-12ff2ebcc253,Dpdqbubufdo,21,India
6718446a-1259-4a06-8232-e3a8a7ae6072,Rvqeff,40,Canada
ad077ca8-11ec-4bbf-b606-94bb569d87a0,Xhdxwus,27,Germany
9b7c657c-231b-46f4-aa7c-c492843e7191,Jgraidglmpz,29,USA
369ede34-a67f-4219-a11d-445d0f77aff6,Eekfn,20,Japan
01dab703-d9ca-4d4c-8fb8-80fdb53676ac,Zzwkgqhsijhadz,43,Canada
13bcb979-5c48-4bde-a6dc-df66de6e109b,Fwhoqolg,32,Germany
b87da893-c15a-4918-850c-6895b85002ea,Dfhpsaxnyh,54,France
2cca3713-4793-4235-9b7a-daf7044fc83e,Gaaxtjfcar,51,Canada
961961c9-b9b6-44a9-a559-92123cce5e9c,Eixbsjty,37,Brazil
06d23ba3-bcda-4f0e-9de7-3f231ad97a4d,Mbpztoud,30,Canada
b1016755-bdec-4d45-8c86-3f2cd75ec6ab,Pyhpgbtkohnuiw,50,Brazil
ada971ba-5a78-4073-83f5-680c10b56b4b,Kcoinrcfdxvayr,32,Germany
3b0cd4b0-7965-4f93-8978-6bc03cb28366,Fvtgkdgbchenmtd,30,Brazil
02a8c725-c96c-4c78-93e5-a8d0c2a8e6f2,Irkfutud,42,Australia
f663c24f-a66a-4429-aa5a-7c34f7e94b3c,Ysclkdzfsc,36,Brazil
4ae32224-05d2-4d0d-b53c-84b8bde3bea9,Musspkmttnu,60,Japan
d556e7f8-91cb-400d-8667-a6ccbc1d944d,Csalugvkzcztodn,52,Australia
8fb0d272-736e-4c7d-9611-57050dcde041,Iygsqtuo,19,South Africa
ee616ead-3be7-414d-a617-e3a690a57976,Aagay,22,Japan
0d4f6cb1-6122-4f28-b72b-b13addec441c,Dyxsoodfoxiick,25,France
25b595d7-3962-4cae-b464-4d455479324e,Rmtlsjmpbdgrick,47,Nigeria
353a44f9-77e2-44b2-b016-5cbd8ddd1f44,Xbvhalsisqwc,45,Brazil
09818750-5ad0-4f56-a964-2ef79ed32142,Wcwvrfwyhlyhl,35,Nigeria
db317faf-9c62-49d2-9ba8-24b84beaaf30,Dheqxolnbi,41,USA
8b2a0126-71d7-41cb-9853-6ef73d8bf135,Etpwf,57,Brazil
65970fa0-e0c8-4e88-bd7a-38d912c9a324,Vzulrvjyg,49,Nigeria
27deee27-3385-4c1d-825f-32521c55dcdb,Gqgmftk,48,South Africa
604fefba-517a-4825-94b5-8782a5ba763e,Xlqxytjde,33,Brazil
85745e2d-f7c9-4ae9-aaa8-2b9a15044e4e,Yfldzqgv,40,Canada
90827cba-2fe2-4bd9-8544-66637cc262e8,Kanmt,54,Japan
c79ca879-a562-4b66-a530-6cc412aab692,Svbj,60,Brazil
bd95ec5d-e90b-447b-bfa6-098560bd8c31,Aqsljxambuksic,30,Japan
b0fc0b05-8c77-442f-b13e-ef1917c368df,Xscxll,20,South Africa
709068e6-3f0a-4eda-9b53-a09589a162ae,Omuyqqx,21,Canada
96c06a12-6ffa-4444-a41e-d1e28178192c,Dimbglkkyhizx,45,India
515aa8bf-0916-490a-ae27-0ddcdf698ae8,Dybfppokvhg,42,Brazil
a7de3140-e0df-4e0d-bac5-05c1c84b2386,Wxnxtzvqh,39,Nigeria
a5364114-b0ac-4b8c-bbcf-674c0c6633e6,Rkhrjqs,27,Nigeria
da3e1f63-c738-4e43-9618-1788d4b157ef,Iqdxgoo,41,Germany
cef80e1b-e186-4316-8275-f443fd2e9f60,Ludgbhofwzbdti,37,USA
71473199-0dc8-4ab8-b995-54db2135f579,Ilvwqaphpytfq,29,South Africa
fba87856-436e-4de6-b00a-592480122c51,Zahrotm,50,USA
526b48c3-514b-4320-9083-55b92e9697b0,Ccnnzijrhyprxp,20,India
b553c4b9-26f0-4bf3-bf83-c4ef447c5886,Nbwtnkifl,21,Germany
b1133bdd-be86-4c52-9c47-c010493c3e35,Djdpojl,48,Canada
5a9731b1-11ac-471a-9fd1-b815a0313c09,Gynigena,27,USA
1e6b718b-0329-4d81-be81-1371aefc1324,Mratlmntob,20,India
ec87d3ba-8058-470e-943f-630ee4f737b6,Yuecfjncntbvnfa,33,Nigeria
b5a8c110-8513-4b19-a34e-df705e2b3ea9,Puqdejrcj,18,France
0da11002-b5a3-4528-8538-41041d2847c9,Wgposdnwktmzf,55,Japan
1e8e819f-ee43-4614-b0c1-b6e0fa707e05,Odd,18,Australia
44db8e7d-520d-4547-8ea9-b848fb09fc65,Bjggdgbzo,41,USA
f31f8730-51d0-4b78-83b6-b72b35641f7f,Cwnliem,29,Canada
3242c991-ac8a-49c8-90f6-aa6620770472,Nzkd,40,India
ecec18f3-65c0-47b3-b0ac-eb7f3bce75cc,Aklmhyhtgdldb,60,India
f912562a-ef60-439c-8aaf-6d0b3a01a09b,Fdjvzpua,43,Brazil
883e633b-e971-4b7a-b588-59dd213afa0a,Kfpgwsc,24,South Africa
4c2be156-634f-4f13-b562-700cc348d979,Snxy,51,Canada
4931da01-dee9-4620-bae8-1125c10b1027,Ubf,30,Canada
723969e5-f104-46ba-9c6d-7ef677bd599a,Nneuayckztlu,32,South Africa
7d43f7aa-8c18-4928-84b6-cde320f5d334,Otkpifshtp,46,Japan
97d4b0ed-753c-4075-affb-a412dda74090,Hykrxlda,24,Germany
11fdafe5-089f-4c2c-a04b-201af380bc4f,Xtvztmcz,24,USA
887013f6-376f-464c-b879-0b55a4ac6957,Caqzxaciomovw,60,Australia
56d826a0-ca64-4a1e-a422-a5f1feaeb652,Bwkctjcqcdg,41,India
0df00940-9349-4dca-a0fd-ca41c27b3bb7,Rcwlikvcosp,56,India
a74301cc-c778-4497-8f49-3368f03b2a09,Iquaggjb,42,France
cdf1c9b8-6f68-48f8-884e-9dc4028562ed,Hgywawbg,32,Australia
ce826132-85c3-4fc3-9376-6c9770ed6dab,Danqwpn,44,India
79d7542d-05fe-4790-b4e6-4ae0bf54248f,Jgrnpkk,40,USA
aeed87a6-c2dc-4ea0-b820-09f4388afba2,Kmg,33,Brazil
535965db-07bd-4f27-a978-550bad73b589,Fpjsixgvath,20,France
fd6ab2f7-d8f5-427f-b649-568c1222ad44,Zdsqendfsd,58,Brazil
b25aa2de-719b-4872-a11c-9df2a5840657,Lnqqwrhtpw,20,Japan
fff0c338-200e-441c-b295-e69ddc35805b,Bwsoacvln,43,Brazil
4ecba852-c8f3-4e39-bd3f-a94b51348b3e,Nxkkzwzxyhph,59,France
3fef2380-f781-43a2-8570-a4acfb463404,Trcbkdyo,60,South Africa
a9ee74e4-e360-4382-988e-bb35791236f2,Gpnhzul,28,South Africa
aaad9bcc-2910-42ae-9d6f-79284be8953b,Hrqsxjduweecg,58,France
cca0cd57-0161-4e7e-bf29-a3e73f665778,Djrrvwxoggwqofw,47,Germany
c73e26b3-0adc-43d6-8319-3d8a6519a8da,Epyhs,30,Nigeria
1eda6cd5-21bc-4c9e-9f70-4e10c786030f,Tocwh,40,Japan
038126af-1b8b-45de-af5e-b327eaac9072,Fikkvmku,22,France
94c7c323-afec-44de-a444-d476c6341349,Ykrb,57,South Africa
344ce9a6-389c-41aa-aa83-300817d794c9,Dhockyvkpnuutsf,25,India
dc8c6973-2e50-4e73-aa78-9e7bbe415a31,Wdy,31,USA
e2d75e37-9424-4863-a253-dffeb6522ba7,Nnpkqbrivmmirl,18,France
fbc1ab13-0496-462e-b060-8ef2aaef7635,Qketbasi,18,Brazil
fa53822f-3bd0-4878-a8db-cebe1bd8cda3,Jxfuiwxnip,55,India
26258427-d602-4055-879c-86f329beec13,Vrkpgqtv,21,South Africa
d075d67b-7fbb-4ed3-9183-c6d61199954c,Kgx,48,Australia
d7e5b073-766f-4edf-ad20-1fd38645448b,Bpctq,42,Brazil
f9c27c9b-962b-4007-a57e-4faa853f7587,Jdabravspdifo,42,USA
a96c2c68-79d2-4b31-ace9-925b2e0fa6bc,Fiufxxg,29,USA
8515c334-eb72-43b0-aa10-98daf60385eb,Xjdavmzy,22,Nigeria
8e2df3e5-4b5a-4769-bb00-b7cd091e8607,Nhkdtvdcx,32,Nigeria
7ee33dfe-b506-48fe-8399-bbef6e8a9708,Dtb,49,Canada
8147e089-2d82-4ee5-97f2-184108efffa8,Xiuqntuogxfvgnm,35,India
97ba1e2c-dff5-41f1-af66-bc2543b46b2e,Byddolbmmliwq,23,Brazil
b49d3965-cc92-4fd6-abae-cfc0f84e0e63,Uacrlovvdlrzaxa,27,Japan
32852472-42cb-404c-b607-45e8dae2825f,Borskeicpzarcum,22,France
c99a1785-dc39-435c-9648-3fcfe200f8a5,Rqerkm,40,Nigeria
af0158cc-9cfc-4107-98da-883c653ece77,Irildpuuxsdvus,41,Germany
56ab26e4-0535-460f-b025-c6b69f8e453a,Jfdwah,34,Germany
9190f72f-6b2c-4df7-a0d9-ce0772f70596,Jaqqeo,38,Nigeria
068eb723-021b-4966-89fe-fd794dc6e26a,Jenowjpcg,33,Germany
f1a34c57-322b-401c-b531-9984dfc6e644,Fhezihjyckt,55,USA
a4ac63a0-addb-42ca-98d9-b7763f3f71c2,Cfgfk,42,USA
5c6fe0f1-7c06-467a-84a7-b280935e5f5f,Jfyhiob,37,India
74666bc6-ce03-42b7-84a3-4b45e7cba5b6,Cpiqgfjagcn,59,Brazil
17b3fe68-7d0f-461a-8952-0761ceb8a786,Rwdkjgomwcrkyru,26,USA
3cf2892e-3ccc-438c-ade3-ce52fdd7c50e,Celifamgyao,18,India
b0cd8511-f1ef-4298-a470-a70a8395ce3d,Kblavzkdri,56,USA
6b5541b7-9691-4f37-bacb-fcf97b98e088,Ijbyqvkxyo,22,Brazil
bcf7efca-ed5b-4563-bd3c-da2bcad9bb64,Rktdjiw,54,Nigeria
6a39bdc1-8fbf-4a30-9c10-1a0eb055e579,Kncbcmkynfbs,25,Japan
0df642fd-2134-46a7-86c2-81ecc1101085,Miqz,60,India
04a88ac1-5816-42ef-a67c-b43c1eb7bda6,Mjdbykd,26,France
007acf2c-3abc-499b-865e-a896eb98a9a1,Feqnphmsmlavmlu,46,France
ddb2fdc3-243f-4148-ab02-6317f9550388,Duppomyncknefqv,21,Japan
8427450f-d4ec-4db2-8e24-7c298ce72a86,Ebbfloqoenfv,57,India
6c15e5f5-cc46-430f-a963-5d64832a5ed4,Mrjnnrobq,35,Japan
9a824c4e-b137-43db-b1a5-357b74d28e26,Nvkucfjuwuzecgg,28,Brazil
48098373-4b32-4bec-b985-fcef877cf117,Irhklzg,27,USA
7d3e0402-4dd8-4ec8-94de-ae3787963e90,Cttyxnjjoopeo,30,Nigeria
c1c41499-2e7a-4caa-acc9-7c6e3cb96e52,Nsfkzgzkhjs,39,France
8b2adfc8-81d0-46a6-9936-b98aa422819d,Fnqt,32,India
f9865f3d-71b3-4d52-a949-eae08e24867f,Ivuidwnnobzkx,46,South Africa
a898ef30-7baf-44f6-981b-76d172891c57,Reaz,55,Japan
79aef636-62be-4a12-b43c-af06258cf305,Mqruypxsqujjiog,20,Germany
14185e03-5c1f-49b6-9599-42684ac796a8,Tqpqrkdgpt,23,Germany
699222b3-134f-4615-b8a8-f41c028cd009,Kth,51,USA
2af6b27d-54c6-4745-835e-55d94fa21da3,Agszipjxu,33,USA
368d335d-7fd2-4827-94dc-d1dc549f89f6,Hvxgkwwmkr,49,Nigeria
9ab8a582-ac1f-49ec-a645-08febba2fcd5,Rmxlitldivzihqp,19,Canada
e4da2e85-1b5c-4d8d-8bd8-6eebd5042633,Gvbankqth,54,Canada
09e03b4a-b688-4400-b3aa-889356475901,Ikaahvw,40,Canada
8a031ca1-8f9f-4fa7-be7a-e727ffb43d13,Lnfzzrmv,57,France
7ee5edb8-b2af-4140-bb94-561eea4070f9,Dxawczjdhfqka,27,South Africa
77fd0236-f0f6-42fd-a574-abe04bd77761,Fndsum,20,Australia
4ad6cea1-489b-4d2c-8b4f-1424399cf850,Wfba,29,Nigeria
4dbc06d6-b4bc-49ca-9100-dcdf76616097,Ovuoujw,20,Canada
50d19625-6222-435e-b706-2b6c3c6fda2a,Rhrmpfr,37,USA
44a835db-780d-414a-9510-a3605e4f1d8c,Nvvhlhe,36,France
65573dbd-89dc-4887-9834-71e9421bb72f,Rkpdfzlsw,50,Nigeria
5e457dc4-a3e8-464e-9fad-c1fc1216c236,Vvqnvmj,49,Germany
2b1a3472-4453-4831-9449-e3beec6e302e,Znzfavvbe,56,France
762d32d4-b6cc-4289-9036-9f1469169cf2,Fjz,24,Japan
68132904-a7aa-4e03-a4e3-8417858ac28c,Vasd,46,USA
4987836a-3647-4a65-9ba2-7839570bf716,Pocpiewlvgka,18,Brazil
89d96f73-5bca-4af5-901f-f1947a5da233,Iyxsnpvsc,58,Canada
af8d5ff0-a921-4de1-af98-78a29bbf722d,Qauliww,30,Brazil
66f54cee-ad53-4ba1-b5ec-512e238b1bb2,Yhqumsczw,36,South Africa
9b1e9f91-4149-4648-b531-5a6f0f319dd8,Mahs,40,France
db506a5d-1a38-4277-b050-8eaba74cbcdf,Duygfptbthxs,60,Japan
dd141dba-eb85-4e2b-9c03-109667b89bdd,Ytrh,37,Germany
d0eea058-33a7-4838-9282-66a072d23b1d,Nvdidhhu,51,Brazil
bcef278a-ea5a-4be2-a18f-0e1c97e9de63,Oilcwmze,36,India
524b90e8-4408-4bcc-8bed-3e2a0b4b28a6,Veljthbjdgjkjj,29,France
2112af51-2289-435a-a3d9-bffa53f3e671,Otudb,59,Brazil
7db007bd-05fb-4903-8051-8ee75f375c4e,Babxrpyxcjj,34,France
f6c876d7-3e2d-42aa-b8b9-6ecc1f845cbe,Jhdpkfgnxq,48,South Africa
f6dc35ab-d4a8-44b1-a09c-63e74068ccfa,Eviuocpgvwe,53,USA
47ce9fea-d911-4026-b134-3d26c6546bdd,Oquilbbwizkery,37,Germany
49234cc8-f1e9-4d51-8665-b2a67a97c758,Enqhevorh,57,South Africa
70b8a2b6-f6e5-45e7-bec7-61684954479e,Sbrcksiregs,51,India
8da8164b-0795-4d9b-8a4f-f824b28a7598,Rsuxxwj,30,Nigeria
3ed3934f-db94-4e0f-9d8a-8b0f533480bb,Pyefkgbwotmgfy,34,USA
881d6d0c-d194-48ff-92f0-048684c949ac,Fppj,44,Canada
fdd58b3b-f9a7-4f06-a66b-7c333961b8d4,Aommtlzfzgf,25,Canada
d06c4dd5-0529-4287-a9a9-e20890d04466,Skcogurxnj,25,Nigeria
d4875dc2-9bd9-48d5-bcb5-ad2369453c45,Uapxwnfs,18,India
7e1bb98e-42c0-4cdd-ac03-05132f07c804,Hlwirvi,22,India
770c9155-e625-4b70-ac3c-3d3c6acee14a,Glknrslce,27,Canada
c230b112-a8a7-4559-8b64-d9d7b266a016,Lezunlxipnoyha,39,India
92e05adc-a1fa-48af-850e-61acc4a19b7f,Bvknxdbzx,56,South Africa
224bbac1-3873-4c06-9f2b-92e32c6adc8d,Labqweqn,26,USA
994963cb-3272-4ff0-b40e-906601fd618a,Wtqjdj,60,Japan
a86af57e-a56a-48ab-8a69-a0e3729fb919,Viejhmqznxlp,54,Nigeria
9431b47e-8efc-4136-b4cd-6c98e19a0bb1,Yiaaqxnkgyqc,54,Nigeria
be85beaf-3c62-442a-8a9c-d1005dc9ea8c,Lymtgqxwic,49,Brazil
0b519285-a60b-47ab-bf56-c24a98c46d51,Czgqmg,50,Australia
3ea4a329-7f44-40c7-8d89-663aeb3d4925,Sdviyrjyfd,37,USA
012d5539-9569-4585-9c9b-8067f936459e,Xrktxpsem,40,Japan
31df3181-6677-4838-8461-0b94724da092,Qrebap,57,USA
12862f4e-b1fc-49a0-a9b9-6aa5a347d14f,Pev,49,Australia
1befa588-0112-4162-90ac-6bfb3a725cf3,Zioryp,29,Brazil
be48192a-405d-4afc-942e-c65d91600b4f,Ydcpkklrwikjil,41,Japan
5a2fed7d-b602-4652-bb6c-9205658a53b1,Mwrpusiof,22,Japan
f88fbe0d-ce08-45d1-bb8b-668f6287ae9b,Mwkd,42,Japan
c15c41d1-048c-4f54-b8cd-81662234101c,Iyehrtkf,43,Germany
08938452-2ca6-4610-8ce2-34beccb70df7,Gnjteixatobp,42,Brazil
ef52dc6a-4391-4bc8-b4de-887794267e0a,Bvhqxfim,37,Japan
2960a2b3-7d4e-4f38-9ea4-993d62eae29f,Kqcb,38,Nigeria
f9d4d1da-bcc2-4cdf-bca9-d1f11904c6c8,Akhtdp,28,Germany
c9e5a47f-911d-4934-bbdc-34c2c90efa01,Jvkp,18,Canada
be6d3390-3b5d-45e7-a67d-b6db525bf07e,Lveiuiiz,23,South Africa
ebd2ee6d-1168-4ff3-83ec-a23a57b1ddf5,Hvgdstwcuyf,32,Australia
c7ceace5-bf33-4f7d-bc4c-ebd54412891f,Uawvagnycyslob,57,South Africa
186c5cd3-01ea-4e6f-a05d-e2d5fb56c75b,Waggcumhqiiijv,37,Brazil
77d776b8-042f-48f6-8cc7-ce7ed101c096,Fwhjrhkqoyy,53,India
bf574f15-6aec-484b-b879-77b7ad1d8c8e,Iaj,51,France
4a5aea49-41b8-4f96-b188-a0a75f0592eb,Xzkkwpefznvqxt,51,Japan
3c60a8fa-241b-4cc4-8c6a-b1fe37898775,Fkuopgqlaypbqv,48,Canada
d09a292f-6c13-4f10-a360-1a978fde8e56,Hbtrwmcitn,47,Brazil
e8ebb866-1675-4c78-bb57-a4814d12e7ce,Hbzisehkx,59,Canada
74aa5a61-1592-477a-9c65-8db73ae0014a,Jxchbwwhvqlasr,47,Brazil
08858215-521d-43ef-a7c1-ce4f3700a6f1,Wklorl,52,India
30e94b73-2860-4efe-b312-fb5716e0f578,Cecxaipkk,49,Brazil
feeecc9c-8725-475a-b3dd-5377731f10e8,Dmatgfuexmick,19,Canada
a7df151b-e105-41ff-b255-85c35ec66889,Kgtjzhsj,21,Japan
c51ace3f-c9f4-4eb5-bd47-6c0d07a073a8,Lfhmzw,41,Canada
e44b7522-141a-456f-bb3a-7129636b021f,Sghcx,18,USA
c06efc43-74d6-461b-ad68-5b9ffe88914a,Hhvsgeedxgit,22,India
c1288856-a54e-49f8-836f-c0771a2aca8b,Ytchtzzvrpy,43,South Africa
eac86b4e-63d0-417d-a83a-594bc7850514,Jxb,40,Canada
675e6c19-b380-456e-9999-73f5e507e5c9,Fvka,30,South Africa
3a5110ec-3635-47bd-8482-d09a7ad35538,Oxbzrra,19,Brazil
21e07e1c-945c-4b3b-a0d6-c1a4afdbcfcc,Ahxp,43,Australia
222a9ec5-9496-4ce5-9ec8-aa5f1511f88a,Wkudtniqvuarzn,24,Canada
94a0f01b-5a38-478c-9854-a829219bc454,Xrr,31,USA
23ef7ba4-6719-4004-ba61-d9a7461fac0c,Jmmknldxgpc,54,Australia
fea5bd07-9e24-4806-92c0-4180095f9fcc,Scdpvzwasdtxk,23,Japan
7aa3afeb-20f9-4434-83bd-5182a925935f,Ezadnn,25,Canada
a46558dd-b15b-4d78-ad4c-edf4a191949d,Cqepmuqboncybj,54,France
f694c12a-0a74-4fef-a5ed-f75dc7834b1c,Ahxapl,50,Germany
b662981d-3a14-4a6d-be9f-e3e62dbe053d,Jjrvcepmrvw,40,Australia
dc09d9d3-fb19-4ef3-a8a4-b1858d7e4805,Hljy,44,Brazil
9799b42c-8a72-4dab-8891-4997671f8c78,Kyqjbvpueprjv,40,France
dedacb80-4cd0-4afd-95d3-88e833cf81a2,Edmpcjifict,47,Nigeria
24372dbe-a4ff-4503-aa88-430bbfd4705a,Tluii,60,Brazil
234fa5ae-ed24-4e3e-8be8-98d49f62ce67,Owtwpnkiisokae,32,South Africa
f50e5e4b-543c-420c-80fe-87a7f4821363,Fjc,18,Australia
ca639321-0e72-4527-8410-e2c5cc44b93e,Whmcncpxhlel,43,India
f02719e7-0af0-46fb-a9a6-1f3a7d4e2f87,Snqrpuhrfaqity,47,South Africa
7d78e2f3-c84e-46e5-b7dd-f5fc5f2b0c9a,Tqqrfrexlcu,44,Brazil
adc5eb71-341e-4aa4-ac82-8c6612d6c3c3,Llk,59,South Africa
ed919f94-5722-4580-8db6-a5e7b269658a,Ucfbtmonpxdnyn,32,Japan
800ed4bf-ecdf-4498-a733-e3441bed180d,Uuyry,37,India
1d755814-6bd9-48f9-8ef0-2ee48a6ba7d1,Jetkwokcirta,26,Brazil
c4ff4fda-948a-4d93-bb14-37387c59c747,Bokjwwfkro,37,Australia
0c16c078-6111-4214-b6c3-26811c37b699,Jjbdml,25,South Africa
c1ec4bc7-0146-4321-b225-2f6a65977c65,Nfp,46,Germany
3e35e90f-397f-42a4-87a0-5622bbaf79cb,Irceu,19,South Africa
2bce2bc8-a8ca-422b-9b4c-6955012c25c9,Iqehmjwqhsfq,34,Nigeria
a4c8b1a3-e518-48be-a32e-149767bfdaea,Wplio,42,South Africa
a65946f8-b700-4d1e-a01b-7d64bbad1240,Xqul,18,Nigeria
dbce2df5-b51b-4793-bca2-d20e3faa157b,Llbqrrrwkaf,28,Nigeria
80405f37-68ef-4562-a4be-c7a8668ee98c,Told,21,Brazil
7d18ec88-83e5-4b6d-84f2-6976bc2f5bd3,Fcugqo,35,India
c530889b-4d35-4452-8dcb-3240590232c2,Osmjkeqvm,56,Brazil
beb64703-b1ad-4e8c-aafe-81336c398846,Skwbirqljkff,32,South Africa
aa78fdca-b314-4618-bee8-7ae9cf8ec985,Arwehe,44,South Africa
89c75b91-7822-4bad-af6b-ac6cebe0f17b,Nsrdo,18,South Africa
1b342daf-eabe-4b01-be19-b2a60c670b1c,Agwmh,39,Japan
b94c868c-b1ee-46b8-884a-c6ed8ee351ad,Fughhjr,50,France
1d63b2a2-c268-4c7d-81ef-22e4dd6ec392,Xrwmp,44,USA
9d43e01b-5e42-448e-a965-7385ade8e8cc,Wuh,26,Germany
3059c842-b427-43a1-a744-85117066ca25,Zznq,53,USA
5afff09c-d41e-4d8c-a053-c9a54b487142,Fayso,52,USA
7b9260db-d6f3-49ee-b0a5-4dad5ff0c777,Csrglu,46,Nigeria
e0323a79-a94b-4ae7-b70f-e0f964e74c9a,Whmgxqvd,35,Australia
1ff8c39e-08bd-474d-9dff-cfae87795e53,Jbwwtvbkfyukqzx,32,Germany
3775659e-a6f9-4b00-912d-56ed97a9a0e9,Xvtqrgqpy,35,Australia
b2217be4-d205-42b7-80d4-0aabe1d81658,Pletsfxwrhoy,39,Australia
01c5c739-c5ae-46a2-9ae5-2f1192f8de57,Nhkzlpbdky,52,USA
7ca2ded0-f061-479c-9580-2abddcc4fe59,Acbgzlwzsdejw,52,Canada
ff5f4901-ddb7-49eb-a4c6-4340049e12b9,Gfq,37,Nigeria
adacc56b-3ce6-48a9-b8f0-0dfd7a925ab9,Srcvihy,29,Japan
da295f04-09c8-4f8d-9d9a-1a6d1796eb1f,Euyylw,46,Brazil
74c432b0-4e06-45b6-8f0a-18362e7cf74a,Pcvunvyh,20,Japan
bbb093d4-dcbd-4ed8-8992-99d6d826ae78,Hlmixvfjpxvxd,38,South Africa
196f79de-820c-4de1-8a63-f0a791c6f8e3,Shncqdyigsxo,26,Brazil
7f6554b7-55b6-46c3-98b5-85e911246334,Ykpqhbnnexow,50,Germany
049a85b1-a44a-46db-8e66-3a20b1e3aff2,Sdpofohndyeit,18,Australia
8041f11d-35b3-43f4-83c2-0d2a4bc4ee0a,Zvshbbunckbp,59,Japan
332f964b-439a-4dd4-9fee-36ba1a7c2bfc,Erpjocqiskvyap,35,Brazil
3895a209-1c4b-4734-9bfc-ba5144fa0d66,Izlamwi,35,Canada
3f4f97d0-c13d-48f4-bcd2-fa7bdfe09a2a,Xuhmifohoveqzvy,57,Nigeria
66162d94-74e7-4f51-9296-cff5bd2a7c8d,Vzvfqtou,36,USA
5f9c608a-fe25-4a43-ae33-20cf00fd1d69,Jtvuax,18,Brazil
f904997c-dfc8-4ca4-9009-ff183fa972cb,Tjnkhfnmvtucm,28,USA
24ec0a62-f40e-451e-9e65-3f27b3e1b4b0,Hzrgkgezmweq,42,South Africa
b707e8a4-91ef-4c5c-9978-099cde6eef7d,Thgojlbq,40,USA
cd3fd8d2-88b0-4c01-aaa1-0df6acb7b93c,Ootdxogdpgaeya,32,Nigeria
bea97795-ce52-4dcf-8188-22eb3e45bb62,Uflvjwdrcn,56,Canada
e340ca5b-1bf5-4709-bd27-7afb258b69ee,Fucythqdspic,36,USA
54f36700-b0f2-4db2-ae1d-41d39ba069b4,Gwtkhharj,26,Germany
6a882125-36af-4219-ba9c-07aa079e0cda,Wwk,38,India
7e70b44e-a2f2-43c4-aa35-50003d77bee5,Ydhufndqmsoqpvf,34,Japan
82062c64-7b1e-4272-bf8a-93336dce841c,Winzi,57,Germany
5196991a-12a0-4ced-84f3-95a4fdd9f2a8,Acshnegxplmo,36,South Africa
7a011591-d0e2-4be2-af13-c520dee9b29c,Juidoo,21,Canada
b7b92a48-e48b-4516-a1eb-8d9ecb0f073a,Nulqsfibadw,33,Canada
27bfa69b-8be0-446e-8fb5-a3829d890f57,Kekyino,53,Brazil
85b8b703-cdf1-48a9-b6d8-ac7e5182a0f9,Aedvkvf,38,South Africa
15221b5d-91b1-4f41-9dc1-18458e8e0a55,Flyxvknaxdchfoh,55,Brazil
3394f7af-6096-4a84-b993-cf9459ca518f,Sfzvfcyspaetm,29,France
5b54db25-b834-4c0e-850c-4e20796cd85f,Atud,53,Australia
2273d0fc-02ea-4a5e-95fd-576d14e6216c,Ofqypur,31,Canada
cfe73873-0d08-4d2d-b349-c73429a23d02,Etfunzesgxi,43,India
bc6373b9-9e06-451a-8348-10d2b0bc2674,Ofznawie,48,Japan
a2c8e1a5-8f53-49ae-9624-85bd6975efba,Ckkjckfwka,56,Germany
81b155e8-6688-4a91-8f85-abd3813a5eb7,Eqsamjjxxsuvp,29,France
8dc909fd-8db6-46e4-9ac7-7c26f324b47d,Beyiybgv,28,Nigeria
8a504368-333a-453c-9bac-0dcbe1e51f45,Bxrjv,59,India
dc1f9abe-99fd-4150-add7-468b99c8d2f0,Iaxavfjqb,26,Australia
544b2f32-6bb7-4013-83b5-8e1fa22966f7,Vwvoory,22,Japan
60571696-e307-4c3a-887c-ae270ba7d280,Lgskvkx,42,Germany
b7c5ab3e-aa5d-46d9-b08c-947cc7f0fb30,Aulypoor,27,Australia
d235c7be-313d-4b5f-a45b-6917c7b5e5fb,Ovch,56,Germany
4952f4c1-a949-4a3b-b6a1-934147a853d9,Pkvrppojnfvxzam,32,Nigeria
db732850-850c-4f9a-a6bc-6518ced89262,Rywxabcougget,19,Australia
e5ff712f-0e8d-4b2e-bbda-e437bbedf331,Xmqpq,29,India
3415c1c1-1d5e-4a47-98ad-5595dd537039,Fororcesliaqm,34,Nigeria
def057f9-dac9-4ac2-a9d4-7416efdbf5d1,Lybokbshpbaxo,48,Canada
99eec5ad-cc68-4e2a-b6af-7e75fa07b6fb,Ituder,19,France
a0b30deb-cd0d-42a1-8134-152804042e8a,Uljpmmgeqgmrqon,50,USA
36e19e80-844d-4742-9947-1b133cd854f3,Edwedzrttumwuz,31,Australia
98f82914-f1a1-48a2-a969-de76020923b3,Ewjqmsvbgnnea,27,South Africa
e649a73b-bbc9-4363-8201-680c83c913f7,Smbgajrktlq,55,Nigeria
835a4932-1315-40ef-9807-7f53a637da88,Rzdmizzxhpzfx,53,Germany
a120683a-25ec-489d-9328-a0b77f1ff6ad,Jmdtrhr,24,Japan
6116c26c-5f12-4f2c-915b-66aeea692684,Tnefn,22,France
d5b8bfa0-fb50-442e-8575-56779aa33778,Cswcnjdry,32,India
afc7da2b-4c40-43fd-bfba-4bc29eab30de,Sqsgqfemtktgdh,25,South Africa
4e0a0514-e910-45ef-a78d-ac0b145bd273,Ygxuyth,60,Australia
42122289-4452-475d-bc2e-90a4ba39d540,Qsjrdeusugk,51,South Africa
12c06ee2-fa55-437f-88d3-e990d87b1e69,Qurmyjzamqvv,44,Germany
92baa3a9-258e-4e9f-83e7-6e71f581efff,Onvumhlj,37,India
b6b37f41-b662-4f45-a1e4-ee3a883f55be,Nrvrbh,26,Germany
d404b456-6184-4b5a-bf12-969f27c8577d,Ztpvqhfftww,39,Australia
3f197c9b-55e8-4b9d-bf77-c2fd79df26b0,Ogjc,36,France
605d72c7-3afc-468e-9c26-450fb4ae6103,Rvv,30,India
789faaa0-0438-4c0c-aa0d-5fff5571c20b,Pxnr,55,France
1c140f88-6bfb-40ac-8b7f-d9d3faaf6ab7,Gxr,50,Japan
deadf907-db52-45b8-be5b-0640abd5f385,Wtesadfma,51,Germany
64f9a4f2-e5c6-4d0a-ba08-6ee9d7cee920,Ybyg,47,France
7f7f1f5a-48d2-4e48-af89-f65e06843465,Qktfjm,32,Japan
dd9a1dce-3cd8-4721-a082-2ba806f03a81,Vusbisbscvva,25,Nigeria
66dae4ee-10f5-4fac-ad88-2f149693129b,Hlh,30,Australia
a12ce7de-fe1b-4c74-974f-e8931995e719,Hdnhzax,26,Brazil
be8e3202-11b7-49ba-82fc-e82402ba6c10,Bgyqgraxzbe,23,USA
c58fb0c7-7bc3-4cf3-ac84-cf13e6704bf5,Gkh,45,France
05a36d85-e3e4-4849-b184-07f580868395,Pfsbvypusx,36,South Africa
31306ecc-73c7-4e28-a27e-7df5bc4e8675,Sazvuyqzbevein,52,India
e6f70358-9c7d-40b5-827d-9e976d5c06aa,Atugkcscttzzbv,54,India
32ab7cd2-3af8-4a3b-835a-bedcb055674b,Muvo,20,Nigeria
b71512b0-2663-4067-a3e1-c32595bab8de,Xhf,36,Australia
afc7c96f-5941-4ce3-b1a9-8bf39ec033c0,Rkh,52,Japan
4a259b41-f4a6-45c4-b6eb-771f6caf9126,Secinpwogxhu,55,France
aefb607f-8d14-41af-a05e-49f6f2d9b59c,Dobsqslacm,51,Australia
8cd853d7-423b-4463-b727-0169e257e9c6,Adgefudgcn,28,Australia
3bd08a19-75e8-4fa5-b97c-860d073ed278,Kpft,58,France
30cb182c-f909-4036-ad58-68c796613063,Qeqnkc,44,Canada
f1e0a06d-2882-45f4-a723-17cbdac29b83,Ppqrsbwn,46,Germany
b5f0b3d1-cda6-483a-925a-f4b5b62cc2fe,Jcaddgrfqpbo,41,Japan
ea17e5e2-8f6a-44df-a004-63c4fb24334d,Iofeprfuubeak,31,India
5e641acd-aa9a-46f5-bbbb-d3438e5e37a0,Klwfaijfb,19,Nigeria
99b3c0e8-a39a-4270-9a24-0e94e6b0ab26,Ikrqignqbhlu,50,Canada
2f20a54e-a2cc-4724-a775-443fc7c57112,Lvmbfmuomt,32,South Africa
705f287e-4f59-4e59-b1a3-90a38e2b1bc5,Eoonx,46,Australia
2c765b87-7b99-4260-9315-f249b382c9b9,Hgerqnwc,24,South Africa
b3902dda-106f-4f59-a352-befcb74c3055,Mdmyxqkjvkd,44,France
22fb4b1e-02da-4408-82ca-0e30a375c6fb,Dlocvsngmgvyzpt,47,France
a61c2ef4-c8ad-40ab-83b4-0eaffccff61e,Qqxlvvczbgyg,23,India
6da6a2e5-0b20-4f32-92d6-64bc6faa1629,Txz,52,Australia
6063d5fd-d622-47b6-a163-b71acf8b68b1,Mkhuwaceddltrs,27,Australia
c43fadec-16e5-4a38-ab97-066edc450cea,Qdxscpjckrcmqm,42,Japan
da260328-52e0-4432-a81c-58efcaa26b41,Czhfciunoqenqq,49,Brazil
12f80d9c-6b89-44fe-906f-e0c3240685b0,Ntahlw,48,Brazil
a86d2e41-2b97-4c84-8e92-76d90f951a57,Acjdifwpg,26,Germany
6e67b355-7b55-477b-a285-3c376af58eba,Zpjd,31,South Africa
b476e704-d4e8-4a12-a566-7408fa020639,Cssjyphojd,44,USA
31380207-fa4c-41b4-8301-df691b91d0e3,Pqpammvfahrtis,31,India
3a1fe0ce-9cd5-4d6e-9297-b9950b5a4871,Qrf,60,India
ac57bbc0-6ffc-4e51-9369-c50806459f40,Rtagojvlhtr,27,Nigeria
dbfba10f-858f-4f98-b8b9-078c3d554d77,Ksotunxxa,18,India
cdbc3040-9b84-48e1-9309-4e3ea65fbe27,Pfbc,41,Australia
474ef973-8853-4192-aec3-5d7facf7e3b8,Muouxqisf,44,Brazil
940053c9-721c-4564-9c21-9d57758fe7d2,Elqwvzrqyjx,28,Australia
c0392f0d-5495-4a86-bb34-484cb26b5632,Dbund,30,Nigeria
60280e44-8cc6-4660-8075-de2727fcfa4b,Wyoad,25,Japan
f0ab726b-1060-4162-932a-0c9448b2826e,Zkegbrhgbysxia,49,Germany
d9c057d2-4fc2-4763-b532-477a31ac7442,Qeugglr,35,Canada
abae440e-0bd2-4662-aa10-e8fcfd5c1156,Icbjlvktz,20,Germany
080e98f1-193a-4454-86f8-8f6508bdf6ce,Dbzygbbcsqf,33,Germany
c708d59b-f826-4f76-8661-b2e73c2e1892,Giyrv,18,India
4bdceefc-43e6-410c-84d3-1c3fd3ff4b6b,Yuuaxk,60,India
132bda8a-7e6e-4c74-aba1-96782aad5590,Jhnwectibje,45,South Africa
da07fc1b-cd44-4b1a-82e6-dc2b15e76e93,Sacdvpyux,52,Australia
54c2368a-5f42-472d-a658-52d3268c47ab,Xuhonlmh,32,Germany
75e30b7d-7228-4cff-93e4-7b57736d69c6,Euf,55,Japan
ca50e1aa-0991-4eb0-b7d6-77bd751134dc,Ajunhruqztew,18,Japan
83f4b29e-d2fa-48db-a584-99cf786b3901,Fvnew,40,Brazil
fbcf626c-28b0-4aa4-930f-9975efa5d421,Dvhcifyktbu,56,Canada
fe98ff5b-ecf4-4173-aa2d-ad26b8288315,Nyhhjslfuyjbb,30,Australia
19b0ece1-53c2-4d47-88fd-baad080ba091,Fjfebnlbrmk,50,India
3093a055-b30d-4740-852c-bbe84aed375b,Zmf,43,Australia
1a53f20b-daa7-42d9-831e-61c904ec82c0,Ihezwjbyajudyjm,44,India
96b90924-5e8e-4cfe-a732-844e869408b4,Ifzlppvgkrp,29,India
4a5ed36b-5519-4651-9d59-5f223e784b75,Kolnikyvikxuk,33,Nigeria
7d765098-d787-40ba-8256-e49786c8530a,Ilnpyripyppb,32,Brazil
e447952d-1161-4ef7-825b-8fe43439db8b,Dwqcdtfcilbv,48,USA
6c908a75-dc73-4e97-9984-7cc45767dce5,Liovgzyrmashehi,31,India
a9a5a836-df4c-4e48-b68a-da2ddcb9e82f,Ghentuerpv,60,Australia
e3457a46-9be5-48b8-8cdb-d82c69630491,Uqgnvjxxfowvbfa,35,South Africa
d3f6c2f4-c37e-4f05-a432-255231b5dff1,Pffoqed,55,Canada
c19a34d4-34af-40c7-92fc-220bd4f35fbd,Wndkaafai,19,Australia
e02f9504-59fe-41de-9df5-7aea1a8ba102,Lpvex,56,Japan
538d4164-9523-4a5e-95f2-8e501ff4f293,Uvbphrmdcsxgtyp,59,India
5f38029b-778e-4234-bb22-8eede1cc282e,Iqksv,39,South Africa
0ab361a7-3a57-4cea-b4d4-3edb84475596,Qmmlll,43,South Africa
0fd3c99a-1204-4ea9-ac99-9aeda4031792,Vcufyhonn,52,USA
aa46eaea-fc3c-4c67-84a9-cf426c141966,Kjlykpjoglyle,52,Nigeria
cf665235-e31a-4e93-8ac8-521b46e713e5,Wdadyqtla,29,Australia
0bce3d76-fb55-4b77-a8a8-5c30417c5783,Vzdpetkwebfjp,37,Canada
3682efd4-dc61-4990-b4f1-fb7f91e25995,Akk,35,Brazil
77211c94-ba52-446c-ab4f-b12e065fc046,Sqias,49,Canada
5ffe9a7e-95fb-435b-879d-18dca36c77d8,Zncseli,36,Germany
0478d9f4-c59e-412d-86d1-1df4ada52119,Yrnfbgw,36,USA
53087ee9-073c-4f73-9c5f-8afbd313515c,Wwukwoqcxqwthce,38,Nigeria
43ba33df-dc61-443d-8612-03e4b4e60a82,Qtk,49,Brazil
fb941a8a-2b7a-4464-b2b4-44bf287547cf,Mgdtmwbza,49,India
08501248-730b-42f0-b98e-34162633094b,Vnacqjbqfyw,18,India
d5e8824a-1d92-4dfd-9249-4070a44bb989,Hxfvxnthput,28,Nigeria
770b8572-6983-4735-8129-2753368b394e,Nohmdbohpapcy,49,Brazil
8c566445-813a-48a8-9319-c105439166ab,Zwqffwwgwx,41,Brazil
7cb0ad93-4c9d-4828-ae02-14ed06b48972,Ramt,27,South Africa
061e7c73-949a-4dde-a9bd-bae20abd5f7b,Dndwjy,57,USA
8709488c-800a-4f68-8fe3-e4790201e314,Qbuvxcsobk,48,Canada
7b85de89-ff53-42ed-9063-28aa3f8f9bdd,Kppqmekt,20,Australia
3404912a-0158-481a-a4fa-c874722db9f3,Hcipbznfisnthih,21,France
fd75c9e7-ae84-48c0-84cb-f49d98648b6a,Ytupziu,40,India
e6a1c890-89ac-40bb-a323-8a8111675392,Brpk,41,USA
b1f9eeec-55e9-4331-a8ed-9631aac33e3c,Kswsrfchgnv,27,Brazil
12e6f8a9-c083-4560-8b19-85ee10a9cc3c,Lyzkw,33,Nigeria
0338a7ac-8e18-40bc-a363-8622069a9070,Nrdrhl,31,France
2a8614ec-e6a0-4107-9aae-66146fe40685,Qiiuomrz,36,Canada
eefe8535-0a33-4a8a-9fa2-034db3a35a2a,Hmfceoyq,19,Canada
203c4149-f579-45f2-8b5c-0a35b8a45895,Uatmouisemwlpso,23,Japan
496b8e85-18fe-48e0-bf8a-d0256ee2c09f,Dddpo,33,Canada
5cccf8bc-1000-4600-9f30-4513ebb42d8d,Yloiobutuqodnzv,50,Brazil
3f0205c1-9d6e-48ca-ad1f-a9a89f3286fd,Xitqmkh,22,USA
6897c7ef-f3d0-463f-a1cf-4509355165a0,Tsdlw,36,France
7ea85a2f-c801-48e9-be29-fac9baf75eff,Jgwdonrpffyn,46,Brazil
b2a099e9-3878-4918-9d00-38b08e6a14de,Fiemqlpewuwgl,46,Brazil
a142f21d-e2ae-4d0f-a46d-d8a35579a874,Tvykacbsmllkvz,49,Canada
b6aabe31-5106-47f3-8ec9-2413e96ab740,Fcf,42,Canada
a7e001f5-2f21-4bbe-8580-46db6290cdab,Ijmhpqivz,31,Germany
c6df0abe-efc5-4469-ab52-7c88698e9f9a,Etqhwqqcxb,20,Nigeria
ec5a6ea1-dc70-48b4-b424-bba2dd35dba4,Tqswszyhkaigmw,33,Australia
c96c36cd-0208-4e82-b83a-ae05a3c7af32,Kblvngvmgrdygl,20,Japan
c19bd575-8d0f-4de5-b8ae-1728dc81dfa1,Rtaxsbjmxxuhzv,43,South Africa
0108d368-d9f8-45d2-b6f9-6bc0888fe6cb,Buxmdckbn,40,Nigeria
a9bae341-2b33-4f2b-addf-e5ec53c775f1,Zoqmwi,46,Japan
160a3ad5-da52-4214-80f1-e549f93bc0cb,Zzfeqj,60,Brazil
0e4b7312-5649-4a33-b377-a40ce253abbc,Iepnqtichssvmat,46,Brazil
f49b3776-beae-4323-a3e9-0ddf9ecf525e,Bxtesqt,50,Nigeria
fb98725c-88ba-4b36-81c1-3aff2cf5188f,Pgo,20,Australia
3d7da1af-b73f-4d21-8983-2e851c0227bb,Zysnpkku,29,Germany
dbb82ed3-e5e0-42a1-9abc-a7bbcba85123,Isei,55,USA
8c441bf5-f4aa-4cb4-a7a0-606477643b79,Zvta,44,Nigeria
e9e4a7a9-74ca-406b-80af-a84164f64811,Wjpzwo,35,France
5263e01f-709c-420d-9df8-f42ecbaf207b,Tbgev,43,France
f6b679a6-d0fd-40fc-870c-d406119ca162,Afdrk,49,Canada
573080e7-30d8-4c55-95c9-f997993b4b0c,Vvaqkl,47,Germany
88b26af8-6d20-490e-a80e-bb229afc9c36,Ntjwtjtbnczhy,50,France
2024e770-e4c6-4224-96a2-8d69a829a0ed,Qlnn,33,South Africa
ed2c9216-cf12-4626-a248-d04572b8dd29,Bbetu,44,Canada
0367c090-65a4-471c-8a03-3c135bd50db3,Ihusa,20,India
be2d19bd-875b-40dc-956f-f2c7047644c0,Lbltd,46,USA
cecb6f77-1128-4f19-9e91-c9149250efc7,Zgtrbivxre,30,France
8ef8abbf-c28e-42be-98b6-5cc527df7727,Ikrcykbnjnjz,41,Canada
4cc42a7f-b769-49ef-b386-dd1711c5dde3,Hpac,46,USA
f6163394-2b34-4d28-9910-1276a6666405,Egcmosqqbm,35,Brazil
03d4d56d-3710-4e6d-807d-9f41d3fdbb4f,Omqcfxldmhw,38,USA
d393f47b-b668-406d-9850-5e8b9a12e41c,Aczcridrgnnqfp,49,South Africa
0974fe40-f43e-4231-82fb-def309e999ec,Xrvyjhewwgoabt,26,Nigeria
c6e29222-2704-4831-a57d-8d2c076494b9,Zgmifjdwxpnhgmu,45,South Africa
7cd206e4-edb2-43e1-8ec2-20280ee4e269,Qnfxfgsctyaswd,48,Brazil
d98a22b8-0a77-4f06-9347-bee9ef483092,Ywwcyinqrfywhss,26,France
73d6f571-aa6d-4574-95ba-1ce6a50da6a5,Tseoimtxq,24,Brazil
8e7ea0cd-6852-46fc-a2e6-a04a70f95ca3,Ssspcyo,21,Australia
891616af-65a4-45f2-95cb-179125d62103,Sxhwoulrdcfkk,31,Australia
2e7da80c-9e9c-442a-afbc-e209bdab9c84,Mgbjtjgikphi,59,India
9e2e87d4-10c7-4be1-8be3-41d4892e807b,Gew,56,Germany
0ee96b0c-9803-486e-8c29-b8e0bc0b6836,Sbaqyafrbsej,46,Brazil
26284c49-1219-4c0b-b3d5-dfa409e97e22,Qfpmqecnsrxb,30,Germany
de8b8dab-2f6a-495a-b8b1-9023bf79900e,Tatkleg,32,India
15d370c7-d0b8-4858-8033-62d7d6d1fa43,Jxswg,24,Brazil
e1867935-7235-457f-9112-1c918ac6dbbc,Zkfwg,48,Nigeria
0d0a602e-24ae-4e51-9516-bc3b23e5ac85,Fmronpxrhwjym,54,Germany
44a44924-598a-4489-9c93-1fa409626820,Ifdfrvbug,35,Germany
b1ee8ed7-e67a-4569-9c1d-54f786ae8df0,Dwnrjwbibdquv,56,Brazil
b6144cc1-720d-41ba-a052-69f39ae1b2c4,Ljgg,20,Brazil
521e4832-c7a7-4f11-8446-4653f37a0da7,Ghqvumnkbg,41,Australia
f34a0cd0-5d0c-4c02-869b-54cac13028f1,Ilnsnfxmegzu,23,USA
3556d0d3-c3f6-485e-8476-f7e28df9c7d4,Cxz,49,France
be655e1e-a506-4464-abc4-59a23587d252,Odbcvbvx,24,South Africa
8542941f-6e04-427e-a6ec-847a54581aa3,Nlb,30,Japan
9fb8f75e-745a-4b05-95c1-195107e9525e,Mqugyshhohnu,18,France
c44dbbf7-5a66-4400-8d58-dc6647c4883e,Geiwscoxt,33,Brazil
a96d3db3-afee-49b5-b16b-cd5086f17fc5,Gnsslqxzshgrf,19,South Africa
146bff6a-326a-4891-9f38-6b54a523d628,Jqqjtvkaf,56,Brazil
08642af8-b26a-41b3-adcd-d5c0d58bf510,Ykrtmdtwxemns,40,India
f57e1121-66a3-46cb-bdd3-8154615e2ac1,Guqc,60,South Africa
daa0604c-b1a5-46dd-886f-4a9aecc67af2,Kwdij,19,South Africa
271d90e7-f01a-4f5a-82df-33fb53c509fc,Thdvmmmxjjab,26,India
07927cc9-fa42-433a-97af-b601ab3f4feb,Keg,48,France
6778a2c2-89bc-4b18-bec4-0baa85a7ff68,Xkmqiohnlc,57,Australia
07f74f4a-2da8-4f31-8425-6fe7083acd16,Nhxvulrm,36,Nigeria
fadec854-ab2a-48bd-9cbc-de0e4e63f309,Wgxfog,20,USA
6de5ea16-3576-4254-8b76-9a9c3d5e3dad,Txnazhrfywf,30,Japan
a518eb49-568f-4d2e-aa80-658d212a2e76,Nuh,58,Japan
6155a3fd-f585-4d49-bed1-34e6fcc81d0e,Gxgqcappabz,55,USA
d34c60fb-dc0e-4d62-aafe-9c07bb5502e0,Byvndw,49,India
9cd9033a-2c77-48cc-958c-e69019d9c7b2,Wepydb,24,Nigeria
851cc187-767c-4c6e-921a-c6ac25e95a88,Lukykqmtwzar,18,USA
f0f53122-1b08-49bd-b11e-f9d890dced54,Tfpmp,46,France
4e30a7d8-9066-4114-b6df-1ce5fbda6efa,Zfiopdudkea,53,Nigeria
6cebab5b-c3ef-4c5a-a212-cd61706b4bbb,Yndc,34,Germany
2a593edf-fefb-4488-9f1c-7828dc8d6979,Smbyqe,33,South Africa
f2c854a5-097d-41ea-bd9e-e0bbc556e740,Rjaoe,42,Canada
5653ffb5-9d4b-4a2d-a155-fdfb8143296a,Zqxsmkj,58,Australia
90adcafd-859b-450f-a90f-9de86d403b06,Ulz,51,India
c1b60303-e589-41d7-a25e-8990924cc996,Gzqekhdttqxdjy,26,Japan
3ad41628-bc9c-4efb-8a7b-8726c73c70fa,Zvcewasjakaecb,35,Germany
bc625c9d-01b0-4c87-b312-f931560edfae,Ccaapycldm,49,Nigeria
e204376b-cc77-4994-bca1-8bf0074d3f95,Lzmalljfjab,30,Australia
90d45da0-2424-441d-a8ec-14e8c11bc553,Rihgtdzycwjv,28,France
87f44066-5b8f-4849-9c75-965361b15865,Mslcb,35,Nigeria
33321275-4d74-4570-8a5b-b547fbf85e08,Zawzkobtruzt,47,South Africa
5cf4dc17-43bf-48f1-8152-9dd9a530543d,Cdqx,33,South Africa
fbe652fb-fa53-490e-bb42-23eb5aef37a8,Osnfhnnbuatcxxe,33,South Africa
daa71988-0d2d-481b-8932-d0f271ab6b3d,Yvrutfsye,48,India
43ab32dd-88c1-47cc-8f8f-b65f40d3d3a9,Wxudmrsu,59,Nigeria
b5008249-1f7b-4656-a6f1-0ab4d61ef60c,Wufeimsxd,37,Japan
3d2e1432-e7dc-4b0d-85b2-b12646771bcf,Ssdsnnxeyeq,56,France
c7bfc753-536d-40c3-9cab-e9c885afb3af,Qdulnqyaoedwtkf,47,France
5aea1458-5167-49cd-a126-a91c05de7633,Cnzkmchbxndoizf,52,South Africa
8170cf7b-e272-492b-99b8-26def93ac193,Cjnlijrv,42,Germany
412070f2-540c-49b5-bd0b-9169700f5a2d,Mhaqb,18,Brazil
35d69877-2c2a-4f52-a9d8-6c654f6701a2,Oasdeeaxxzywf,58,Canada
aba39d84-7a4d-448d-83a2-9dbdf898a367,Esdpq,18,Germany
0abd3340-ebb5-477b-add0-d7561d5368df,Vqhwnklc,43,Brazil
4d86ac69-a504-440a-b318-90d4e28a3be5,Rtkcgzumzxz,45,South Africa
b98328fc-8fb0-4f3e-bd41-4313e828933f,Khdtgniddkqauvc,35,Germany
2532ef77-8488-4560-bf71-cdf6b53b79bf,Mufqjbnuczmlh,54,France
57275176-6920-4f8f-93b3-913550bc551b,Plmbcguyondqt,42,Australia
07d531e8-6a85-4a05-852f-8b59ea5a9bf4,Zffgj,46,USA
61c2a04b-a63c-4b2a-90b9-d9e988c2da94,Sckrkdqv,47,Canada
f6fd0f95-439e-4dff-8902-3cce671408cb,Bcrrblpjdy,44,Canada
53289551-03a5-4428-be99-f97752d257ab,Nvmeferh,19,Germany
7085eb8c-e1dd-457b-8263-d5bf56cea09f,Hywqhtqr,59,India
d3b2736e-9c22-4cfd-8dc8-7039740bf519,Hxqdu,27,South Africa
5197c0b3-04d1-4cb2-aa93-39e24c79d09e,Mlpoxyiepx,24,France
a7867e40-819f-429e-bfca-1750e710a1b6,Bpwhusmcjrigzzq,26,Nigeria
dc5f294c-9838-4e97-9e45-a65217187ed2,Mvblclz,50,Germany
176abfab-e1f7-4ce2-adf3-764b8609b457,Uqkmpghrk,40,Japan
278f905e-c360-4a4c-9896-f249307d76cb,Mhgmelnbcgcgqn,36,Japan
4b9e94ef-f125-4d25-bb8b-7806862f6a63,Blfwwwezdlig,25,USA
c8b8525e-4033-4fb1-b844-5e27bd3500d7,Rhjgxd,47,Australia
ceabbd40-9fc1-4b95-b411-32766b2e9910,Kqebyknsjyijz,28,France
890cf81c-7a9a-45fb-a8ce-ec09b48d86c5,Vngvxrs,46,Nigeria
cf297e55-f2f4-4c14-8534-7948543cfbef,Afcpfeilehksus,40,Canada
d1955a3a-0858-49f9-8926-8d1d67b154d1,Roszofdusftoof,25,USA
912c9cf5-ce38-4553-918c-385aca2e2541,Hhgpqjiu,31,Australia
5fb45897-19a8-4e2d-b865-78d6b7c895c9,Jnbrsdbr,51,Australia
6c298dbb-5209-48d1-9e2f-b384b865b3a7,Hbvhoqditz,52,France
664ff845-1d03-48cb-af08-5cab80716119,Djhphujwqk,42,India
3fddfcd3-f787-4f65-a903-a6fe33dfe751,Aptxbpwfamy,27,Japan
22ea84e2-fe40-4666-8e62-ac375230eb6f,Yezlgzuasvx,42,Japan
a476e8a9-223a-401a-a3d0-44e0f9ea5557,Ikvagollfdxllng,23,South Africa
ac26201c-02d7-4e54-b190-8848688c8d77,Eyrlkhuefrz,48,Australia
b0a4a575-43ad-4d5c-9474-ff6336ed94fb,Yetzeqmxym,36,USA
17ce93da-2d7a-4201-8e02-828ac3976690,Aykmgdtd,49,USA
914c52ae-666b-4d3d-b708-76d87ba483b0,Gnavizaoaii,34,France
0316b88a-cc85-4e75-8d79-eb0b238ca979,Gxxhatkoahamjz,29,Australia
ac2f4310-703d-493d-b385-a3d76ee6b35f,Avimlcn,24,Australia
c55042b8-9634-4cc8-8686-aa2eba2a76ef,Zxulnr,58,Canada
5ae2e4e6-fd6b-430b-aae0-dfaf27c8e441,Hsitgpoxq,33,Brazil
838a875f-0911-4e18-a28b-5e07c918f93a,Ficzawqjrafuf,46,Nigeria
c32f65a7-a21d-43b6-898a-42120a982bf2,Kdc,37,Australia
9176f92d-89b1-4407-9d38-f0bf10a5836f,Qhhukhnqhflnr,59,Australia
0dcf1270-dc16-42c1-9805-e34f97aca2ef,Ooaa,42,Australia
9b5455f0-0076-4225-a713-5e590e664b72,Opbu,24,Brazil
9ee11d0e-25ea-4eb5-97c0-294fb2fa1fc5,Sozifmbbzjbrw,25,Germany
f06334f4-ed2d-4535-b716-3c47834e9c66,Bmryapkyr,43,Germany
9fbc8b67-dad5-47ea-8882-b7df7dad7907,Bqts,52,France
76bc74d3-bba2-476b-8593-61d15093eb25,Jxffxfqibgsohix,43,France
7184f0ce-58de-4074-8c96-9b6c364dac8b,Qoqqnjuxs,35,Australia
64fac3e8-d383-4ba9-b371-10c79a86d525,Vprrwbmgnlcvoh,39,Canada
2f8cdd45-7743-42af-ad3a-b2d45606932c,Nhbqpbeguulji,41,Brazil
55383646-c0ec-424e-abea-b4cf4ebb9e2b,Jepqnvhpjfjg,56,Germany
24931249-ff2b-48ac-840b-ace34ed4bd3d,Zmijaotzifz,49,Germany
1e1e814d-2aa9-4f19-a12c-d957dd6bd496,Dfcqsyq,49,Brazil
3dcf3326-39e4-4f06-82fd-93838c68fa7b,Dtxdgoohyn,60,South Africa
2197915d-d2f0-4ff7-99b1-8fd6448a8da7,Bohubhhfh,40,Germany
9614f16c-1d0e-4a71-834e-386c8696ad50,Pawlauguhnp,28,France
05046012-686c-4cd0-8f88-2a9b53db17a4,Ulthydkwgsiqlu,47,USA
a5252d48-9cc9-49b7-a508-e0ade50bf864,Eckazetndh,54,Germany
dfa90e58-be9e-4f08-ad4d-4cb07f738576,Fcdtcbkapxeckk,54,France
12f0cfdd-8734-4af3-9a7b-728bf182996a,Jpmugqso,57,France
ac48d3c8-c141-4a1b-86cf-a9a6fa10cdf4,Vfveo,20,Australia
8a4752a7-ff4d-4b05-8863-606f2aa08e0d,Iaa,28,Germany
d897f44f-02ef-4767-abe6-8516d60e553b,Prfjuktbpejyye,49,USA
fe291ffb-b873-439a-acb2-d006818b902a,Blusrtyeym,43,India
824daff8-59f8-4d84-8048-ae35f67d6870,Dgdqksyhltzzxn,42,Nigeria
d379ed9c-55db-48d1-b186-d7d5b1ed676e,Zhe,42,Nigeria
b9bdef1f-a081-42c8-a405-483c232d1420,Xqbpzufgvr,50,India
2ad86436-6254-4acf-82e8-5d32904e4ec7,Odxyullivs,23,USA
aa1710d0-fb19-4ae1-814f-fab28e9c358d,Mthapkspq,20,Canada
7fffa28e-4f5e-4aee-b46d-ff46075d428c,Fxwnlbzyvu,42,India
8fb82718-37b6-4834-8361-166532df1447,Gqoypgwzb,49,Japan
d5e9cfd6-b4c4-4914-8a31-333fe90af9a2,Rabnlv,24,Germany
39461be0-d588-4e8b-bdcb-4f35506b4650,Rdcbu,49,USA
1dce7cac-9204-4227-a5d6-8384a64d5c38,Sze,54,USA
529d6e14-ab2a-455f-abb4-950d5cf0aa3c,Ltyrqwibatel,58,USA
20b89d9e-0f5c-4bce-a003-63694e2b55e4,Muselwqjjlu,57,Nigeria
1cbfb47c-b416-4379-b0aa-56e31750f1f6,Ipe,23,India
f16691e8-2330-4a58-a2fe-cac072af5027,Jer,46,Canada
dff2b44a-5df4-4a0a-8423-c0fb654d0283,Glpfnynfe,55,Australia
7fc705df-253f-486c-a7c8-05a3e1db517c,Bci,54,South Africa
e463de5c-7dcd-44de-9ed4-8375de7def72,Foskcakimjthla,53,Australia
88d7a6dd-f7eb-4779-bccf-8b4b95ce495b,Gkov,39,Brazil
8ce86cd9-ca7c-4022-b93c-dee9f726fe03,Lzzlpfusenen,49,Japan
bc085981-9f85-464b-9cd5-30515754a476,Cabseksksi,27,India
16ea6813-e4b9-4386-b700-97172985270e,Ygusyesdjtbeq,57,France
4c20fec4-567c-4904-a689-98e4dd09c7de,Oyfznwcew,48,USA
701de774-2501-45c3-9b03-313315b9997c,Miqabcob,51,France
0c970ea0-b30e-49a7-91fc-7233f13f360a,Ffmqcvzjfgvxek,44,Nigeria
a25bd73b-930d-4dcd-a950-129266f7299d,Wlfvvehjef,50,Nigeria
e7a3c2fb-1e76-4490-aa43-1312e6cd05b7,Admrvnjynxut,27,Australia
54a29d79-1eb8-4359-b829-b4811086b177,Dhrfoas,42,USA
9a35dab8-c01d-4847-98e4-66e7d00e4fb0,Lijexl,41,Germany
97116dc7-2ddc-4f71-9561-d1cc3e02683d,Eaugwsayeezbb,59,Brazil
9a97770f-a138-4213-8a28-c57aa629b39b,Qdryefs,39,South Africa
69108bf4-33fa-4cc9-ba84-e25553b11f16,Kcbnohpoxksf,20,Japan
858f48c8-4bcf-45af-9398-1d389c81cf69,Aqzbidefdqhyfcs,23,Brazil
5736c14d-90de-4d13-8aea-ddd97e68d289,Olzddop,36,South Africa
33b2557f-b418-4cb2-bb22-e310ee70155a,Nlkkg,57,South Africa
78e378e3-1481-42bb-931b-9f722d2a681c,Rwwnfsdnat,19,France
a18267f9-5e1c-474c-a02e-6df33b508fe5,Wjqcdzwswcpmqx,20,Brazil
b7c6d164-85ae-42b1-bbd4-cbbca8e42727,Aewyt,38,Australia
9e0aba4b-cc75-44db-af86-f1e7b914d879,Gqkzb,23,Japan
79ed8bf8-18dc-41a0-a80e-9b3014d09f03,Ylgare,33,France
57c28b6b-bb81-4d19-bc28-c49b4c8d80b4,Daqqt,22,Germany
81525939-6ef0-43c1-b04d-e7345a877e33,Rme,37,France
b7ff9636-1434-4ed6-9b9e-94942def35c7,Zfwhghfrsak,35,Japan
5890caec-1a89-4fec-9c51-e5fa721d7afb,Ndwmbrdqay,30,France
cfa6c914-2f7f-43a0-973b-d14b49e550eb,Kpaopamwq,21,Canada
ed507ac4-e1b7-46dd-b345-37ebcec96037,Jnjhchsrxeqea,51,Brazil
f5dae148-c348-43d8-8d01-9bb0ca779c72,Uenqpaizwtc,58,Japan
a4e6f359-7452-414c-aa21-52151540fa60,Kenpdr,39,Brazil
5c01afde-69a9-43de-a2ca-e01bf2d42f31,Tplov,27,Brazil
de6c4e31-1b4b-44de-bc7b-6d1d905af6be,Tbntqrkqfhj,43,Canada
adb502b6-394a-4fb7-a5eb-3ba723b892fa,Ytvqwkaxzdq,50,India
f18fe4d9-3029-4bc3-ad55-61040d0e3836,Mudx,53,USA
4cf0086e-038f-4de7-b558-5fc780bfd584,Uksxjvk,42,Australia
a40d13d4-367f-48c4-927b-fe137e0e7ad9,Upzpaeba,18,Canada
cbf46547-6750-4667-9598-b6e13dad6e77,Nrxpmf,45,Australia
1aae720b-eb1a-4f26-9453-fada689f2504,Evchusgtjq,38,South Africa
05b5d8fe-516f-4cce-a558-84cfe0869b4e,Kkto,22,Germany
a9555f6a-c19e-4f39-b990-bfc667af60e3,Bbqrpv,49,South Africa
64d1bfcd-e1a3-461a-9e5c-08aed9748d1c,Nncamnbkteqzz,49,South Africa
9f6ffcb8-21b0-47f5-9ad5-a2291fc60029,Gpbetxxha,60,France
a7f2e722-ddf6-45c4-ad91-3dda814f578e,Yoikucp,26,Canada
0b4cdd9d-e81f-4d84-8b0a-840809179226,Kte,21,Australia
1fd190c7-b8aa-4718-8abe-e5e066c28219,Hieccvv,25,Brazil
06313778-1807-4ebc-bb3e-8a1886ea7ab0,Phyatnukhyu,56,South Africa
db1efbe5-4beb-4718-9aec-0b84d5a21d60,Obdkiygnuvkxzzq,58,Australia
1ee6cd56-11f1-49bf-bd27-c575182931a8,Rcbyxt,48,USA
b4454449-c708-4412-9f28-7dec2edfb886,Eiay,32,France
d5d29ad6-cfa4-47aa-add0-56ea49a28690,Qlynnqbgjhf,37,Canada
3cbdc8a5-ff8f-4d0e-b3c7-30ed584c270a,Wfyixwqkylg,35,France
7f02315a-8e0a-4387-9f16-7de40bc99dce,Qakddirc,45,India
f925d883-af36-47d2-b8eb-dbd054ec1cfa,Ctnlinzkbbcjglu,30,Nigeria
9cec5d0f-9a15-49d5-b7c0-4dade9e9cf14,Lznxuebwepkyq,35,South Africa
b2c5a167-7fb7-460b-bd7b-fcae12243d75,Ccsb,25,South Africa
23d85e1b-5f6a-4154-86f2-6ed62b5c8ffc,Xrbxltrisk,58,India
6324a10a-e836-4efc-b881-03bc840f2b33,Kagnjwzdf,36,France
ef400930-11a1-4612-a9b9-12584b70e62b,Xyocf,28,South Africa
a6fe7fa6-4ef5-4d2b-b1a3-fd66ad51e640,Woydmqgqy,45,Australia
8e2946cd-9b82-4cf3-a692-20fae51967f3,Snffpgcmjn,27,Nigeria
789b97fa-d3ec-4396-bb08-a27260af6250,Dwdhujqh,34,France
c021910b-7435-42a0-ab02-c9a7cb620425,Guamnnmdrwsxc,25,Germany
a5fb062e-66ca-41b5-a1f6-39b3b3a9da96,Pmohsbnvvncqdwn,20,France
b28648ef-e10b-4f91-ab51-a772b9310580,Yjrykijefcgqr,34,South Africa
79e12728-60c3-48b4-a6db-58a2daf11344,Dwmtejsslvetsq,33,Nigeria
2e349ddc-2515-4084-86d9-662654faa700,Xkmetrfmv,46,Canada
ecb634a2-b746-40db-8221-c785e4453ca6,Xyloynf,60,Nigeria
b6fd6989-9900-4754-a9d8-fd6239ffd20e,Qramaid,43,Australia
be672553-34c2-4fca-b081-7ae896f1c051,Uvvvgirxsxlov,34,India
f97ef438-0353-41dd-b922-ba3072f1127c,Fxrprosbi,41,Canada
90cd2748-f317-4b91-b995-af6719663992,Askjyv,37,Brazil
51fc046f-c543-4d69-879e-0558ac692d61,Nkmx,46,USA
2c6386b6-7bb0-4a54-86d8-d56c7dbdb9d3,Rnzllfwgcfsqp,58,Australia
ec98a0c5-7143-4b77-a43a-00f98a4a4a2c,Caqbiibdbunwff,33,Japan
c9f0fdc3-2263-4f0c-a9be-b040f37e8fab,Priejmclmpc,35,South Africa
e47618c7-38b5-4385-8efb-8d2d3c958781,Khegyiykdldqbgo,51,Nigeria
05c61246-47f3-4270-96a7-9532ee967688,Kfblwt,47,South Africa
5db8cb73-df96-4cbc-af2e-427d3aca26b6,Ruvibtnbjjd,46,South Africa
8ddd518a-b3e7-463c-b00e-627ea14c6406,Izpf,25,USA
c25071a8-0fa8-4de3-b075-076a10498fb6,Jokonnjfcis,25,France
08b7d1fb-1645-47f2-9992-d3cd20fb0f59,Fuhhxekfeihdbls,54,Japan
0fdcefb0-fbc5-4e4b-94ee-4601d56fa361,Qkjvgholwjce,18,Australia
c67539f1-9edb-4dba-bdc1-20cac4fe6600,Ppukdyynzkgdw,49,Brazil
94a3ef8e-0f99-4d18-850c-b6b8eca3e9eb,Keucmnybsjelua,27,South Africa
00419078-00f7-42f9-be79-0bc56d9c54cb,Alxkmsdlfwrzj,23,Brazil
23d97cc1-66ee-41a9-bd38-169b868d39cf,Xfqtbmsh,35,France
99753fbf-fe57-4bb3-95f1-953dfea10e7b,Iynrzfxufium,31,Japan
71505e16-41cf-4590-9573-8a0ad158d6fb,Vyh,52,India
7ae5aa01-0b8a-4c3d-913b-2828023c23c9,Vmunzefnexe,52,Nigeria
f544928b-e3cd-45ac-a432-3b772cfd8ac3,Lkmjjzavftjfb,56,South Africa
e6d027e4-c896-4a1e-a96f-31246dcad6a9,Cydrtq,40,South Africa
f24164cc-ed02-43d8-ad39-3bad935ef28e,Rxjcgzjm,18,Germany
301f40f6-2aa0-43d2-a4ee-e53115265a6e,Hrn,21,India
ae4c0720-34f8-4e14-b2e9-9d7d604ebc52,Bhvvnz,58,India
f4aa0f81-1ee4-4cd0-bdf1-fcb667864e73,Ujr,52,Canada
7f201f98-8a7c-43f9-b0d1-6011943ee5e3,Rzzcmjspmvk,37,India
a9147389-24e0-4d68-b3b2-5cfaf926be5b,Ghns,55,South Africa
0af9cda4-e4dc-4b9c-85fb-3f151ee9bbf2,Wytlj,22,Brazil
4a1d4239-24b4-4e18-ae9f-fe45bc12a910,Tberdnrta,32,France
19a74e11-0bda-44d1-afee-c11cae044942,Ujwkiahblpcrpes,51,USA
dfcb1026-05dd-4891-8dbd-4adc1ff9364c,Xgwbdcaprgn,31,Germany
71f8d75c-7d01-4684-9e9e-44ad5b3eb044,Vlcxfb,55,Nigeria
c32d0c84-c23a-49e3-b79f-7d71ddc01d75,Wexqjnvzkgynad,24,Canada
a8d10371-1fb8-4e2b-b8df-1e685259e0e7,Dmx,23,South Africa
6b3014d0-efe6-4b34-b1c2-035abd3d6eed,Vjyluulchqxh,22,Nigeria
ef5a8866-1e90-4966-b76c-4bde2b1a6318,Syrrde,26,USA
8c4c9de6-577d-4a7f-9e9f-53e1a9b61e3a,Dfkag,55,Japan
152ba634-500d-4cf9-905b-c245edfb65ec,Vmvtzfk,46,Germany
51fd59d9-5068-41dc-8d9b-4ddc1eba9ee5,Odhfsoq,33,Germany
1a75a573-1987-4a20-a550-d083dac8c022,Ivulk,25,Australia
e33c5065-ce2d-4718-9b61-9ea829a0df56,Kyfmlpkucojqd,22,Brazil
a4fd7c08-cb0c-45fb-97f7-012fa319b70f,Ejyyuqjzdxmmwbr,29,Brazil
1227f50e-7b43-4d48-9302-534aa5692c8b,Nssppmicjjv,54,Nigeria
09ee14d6-4bce-4b38-815f-d49f109df278,Ohyrykyfxcwyy,23,Japan
4332034a-863a-4b96-9ef1-91914cb6199d,Gnpaxi,58,Japan
b0a1c46e-3543-4762-9bce-d94a68ecbf61,Mhbjjltrx,27,Nigeria
f9fa417e-5bbe-43ce-a6bf-fa1f5ca41f8b,Nwfgkjmxpvoz,47,India
3f16abb9-3dd5-4ffa-9633-10eb26443ca0,Raurbfdzeztf,34,France
5ee92124-c1f5-40ae-b347-8babbb06c89e,Kuqginipg,59,Japan
068bc43f-a303-4bf3-92f8-e10d57644b5b,Zfowsers,44,South Africa
9e97f168-cd50-45e2-8b19-a45ad2be96cd,Liwfufmefi,53,France
67439f4e-52bd-4503-8e2e-3c28670eb56c,Rqosivfz,24,Canada
96a31aeb-7fa5-45cf-8d27-2e3b3122f99d,Obe,49,Germany
23b3b27e-5b78-4f1d-a4d7-be37c1e4f471,Ozozhhwte,22,Nigeria
625380be-f216-4629-878f-b14cdadbbdfc,Rlrxnve,46,South Africa
dd7c441e-92b4-4256-8b99-1bbe1d5116f9,Evuhrha,29,South Africa
51556ded-1055-4a72-8841-8965fd5ba534,Uqcpcfhpow,22,Japan
387ed476-5a34-48e4-a607-93b2870ac421,Jouqcrwfucj,53,Canada
51161fc5-26fb-494a-9d32-8ca79ee06382,Uaiqap,43,USA
95524671-45c2-4aef-8284-ac5d7ac26fbf,Eyzbr,35,France
cc518f54-c004-4662-9e87-05a77d54d163,Kcpakjwfcsrces,37,Brazil
fa4f89ca-1664-40a4-b763-9184e44786e6,Hppmrsv,23,Nigeria
e1ba322b-6cac-46a0-b52a-b03699696c9d,Umeckqligb,58,Brazil
6a2f1e13-393d-4897-9e72-47f4e640b75d,Gdzzoya,45,Japan
092a0081-36e1-4f02-817e-cb069d03dadb,Szlnaryrbkx,59,Japan
5c07888f-3ed0-4f53-9a49-4bdfe60e0f5d,Daayxu,26,Nigeria
f59ee6d6-523e-4fa4-b789-2685b793c662,Ymtdlefrm,28,Japan
bbf12eb8-d781-44e5-85e2-03ff199c39d9,Swejwtxzd,47,Brazil
c2a93687-20bb-4e13-95e6-03a2bd3dd982,Iasbseydibunzdp,25,Brazil
1807c790-125c-4420-8310-30bae7b0bf8b,Qjnexiqlvomhuoz,51,South Africa
9b1103c1-3efb-42ae-b625-4c7fad1ec649,Wsduxsncdytd,41,South Africa
184066a4-5cba-4fef-be3c-39e8a88f83c4,Eowri,28,Germany
0b0a4b2b-f982-443b-baec-b9c27619cdf6,Swhdyfb,42,Canada
cc493df3-c6a3-4286-addb-4844583b5034,Vjpbo,44,Japan
281bcace-8a6a-4daf-a5f1-fd23370c83d0,Ybhgedjglbmoyzl,41,Japan
8f928af7-e7b5-4128-8a79-212a11045176,Ztzgopxm,24,India
2c9520cf-c89c-4f41-ab6c-e34b2e023d7f,Jezv,37,Canada
08b7c896-0caf-42cd-9855-cc439af8590d,Fgnkciw,45,India
8b02055a-0643-460b-ba43-ed1a50732e13,Uzhcoqyil,24,Nigeria
ce8233d3-3285-48dd-b4ee-28d16705007f,Rwumlphz,36,Canada
f7180690-84aa-4381-b734-7bf0d4882343,Qbkpo,31,Japan
395d912d-c40d-415f-a20e-353438c309d1,Iefdc,25,South Africa
e258f761-16de-43fc-be6f-59b68c297a38,Pqqwmrstjguz,50,India
bffa0c0a-c131-4e8a-9a08-6dc102bb441c,Oqdwwucaskczoid,57,Japan
4502918f-29ab-492a-a432-1427fbae4a24,Flbpoqto,44,South Africa
5606580d-281c-4da0-8c85-3c9705244107,Bpplnbvdpo,34,South Africa
1f585226-1e5b-40c7-b6dd-7be9ceec954b,Cyqsxpxllgkgcj,40,USA
79a259e2-6a28-42d9-8092-ff622f31d911,Rrculkuke,52,USA
a7f24014-82b9-4505-81e6-c7789820af9e,Qjafyggfeb,48,South Africa
02be493f-5e97-44d9-8c0b-921419fb2890,Aljjrccr,30,South Africa
dfac44d9-fb72-4b35-a511-e9377ec88fab,Ipz,51,Germany
e600c443-83f6-4e8a-ad50-1898fd51ffd8,Lnnu,57,India
31e1b0cd-1b7a-4bdc-92b5-401de57ec237,Vmlbreuut,28,Germany
9df626f3-fd30-43ce-b33c-7e024b680d63,Iesf,42,South Africa
2d740b23-8d0d-4cf3-aeab-e71571a52085,Gvkhwbivailcnb,38,France
2521e40d-4ad8-43e3-85ce-cbc5281055e7,Ebgxticwupmvr,31,Canada
2dc047f2-e5a1-4b19-9035-b83189027124,Tzdampzegm,34,Brazil
ebb36824-df58-4249-b370-6f2692d1fbc1,Uqexhnk,28,Japan
0c669216-eac3-4a8b-bc35-0764cd5efc07,Eysukfnfbvha,29,Canada
e67ebb68-28b2-4377-9886-e083a7288c46,Trt,31,Canada
bf49a10f-0337-42e1-9599-b91aebce5712,Gvbtadf,19,USA
4fef9d3f-d230-484c-8ab8-d86b04c20dd8,Llw,45,Japan
dbf451a7-d78d-4b6a-bdc7-cc8df54cc90b,Kqospfwowpggxsq,27,France
3d053ce0-ba24-48a5-9a10-b50254469939,Asconvnzcp,20,Japan
7375c9dd-a0f4-43cf-9042-3ed4980246a1,Rlwwyw,18,South Africa
ceebdb10-cb2d-4d20-9e33-f74f2e33902b,Akd,19,Canada
b06c694f-1906-4ce1-984c-8ec8635a68ca,Ksl,57,Australia
3c51203c-26d9-478d-a1b4-9a887fc90934,Wfw,33,France
10cd3fe5-c708-4b26-8471-8fdd1881c56f,Czczhztdeskolyv,33,France
1700832b-408d-4a0c-a418-27b4fa93bcb7,Rvrudbxerpevjzs,24,Australia
d598ddad-f40d-4704-8ddb-0bfc56973ec0,Zuirnce,44,USA
09bcecb1-e9bf-4b63-9633-1e0baa9b1ff7,Txbotvvnqsedc,23,Brazil
c610e27c-b2ca-4759-a5c7-0e3facc2ae9e,Dexnkwvksx,33,Brazil
542fbce9-f80a-4e7c-b7f1-8daefe623778,Yhblnlfbywp,30,Nigeria
19fd024a-e9f7-4e63-839c-a1dfca048420,Zypjmyiefwmdt,33,Brazil
15581c5f-ed28-4199-a031-e7669d8cd3f2,Onyoemezvbgld,30,Canada
3f7b7d39-f7c5-444e-af49-7ece24ba5332,Nznw,58,Australia
b75c9b54-c9cd-4ca3-b9a8-32113a8d81f4,Ovdmenenfj,60,Canada
f36bef54-f51e-419e-9d36-75c9a638a182,Wbpohenfrjfmsvs,54,Nigeria
116584c3-a1f8-4699-af37-03f047cbbf42,Lknprpl,38,France
65b57bfb-1356-4f03-ba4a-02179b3034e5,Yxjjkovnphjey,56,Australia
94a0818a-7880-43b6-a69d-c7a4fb3468c9,Bdx,53,Canada
0028271d-7bb8-46a9-8a2a-bc0a37383d3a,Wml,32,Nigeria
3476f33b-827f-4b20-8579-53d434c77d9b,Hhxpc,19,Australia
a2e7ceca-b999-49c3-b1d6-c659514d08d5,Gzphbcktlmef,49,Australia
c8e5e2b0-e6e7-425d-b611-ee6c863e2767,Zmydvxgh,20,South Africa
cc6b31ca-d55c-46b1-a210-954efdc8d2eb,Aogryb,24,Nigeria
a4a806d6-d781-412e-a005-cb8ed95594a6,Rzeyynuh,34,India
7a49f5cb-35f9-479c-8dc8-a3fa5832ac1e,Esogdj,18,South Africa
8137bf87-633b-4dad-b7fb-c8462797df3e,Mvldabrjmht,34,Japan
a2d78e63-cd93-470f-899d-04db900e257f,Afejgq,60,India
2eb6550e-e1f3-4a16-81d9-4a996a9a1650,Irfhkhcufhoeafp,32,Brazil
6d41bd08-5160-47a0-96e3-3f5c13f93100,Nas,47,Japan
1152675a-579b-4c58-86dc-d1f8ebe70c89,Tjapahohevexybo,27,Brazil
259c1df1-2e84-4b29-a74e-748aaebe17f6,Noszkttozonfjtt,31,Japan
40c809e0-5dbe-4470-8196-0b52a60e4ef1,Hjravblpwbu,18,Canada
da6acdb9-c848-4f62-b057-22c93740d989,Khlgeibearh,39,Brazil
8900a2a5-f60e-4116-b085-1659b39574ca,Zzoasuqupxcrzzo,45,South Africa
31f5ed20-5e42-4a0b-b74f-456c1c87c707,Oop,23,Australia
c0d4260a-3ae1-407f-8a2b-484f3b472c1c,Fvhhfjhjnlsepf,59,Nigeria
b76f3218-b2de-42ee-9703-fcb1b3eb9c16,Dymvy,45,Nigeria
993ad79f-c695-4f45-a47e-5e17f0487ecd,Egxgnedzrpkfr,59,Germany
e68fce42-094d-471e-a71d-6afc56ca87a9,Fvdoh,41,South Africa
886c1896-44f8-4e58-a150-fda0e6385929,Llrgnofkn,26,Nigeria
feb04cc5-77ce-454f-abde-38d270f82a39,Dtpezlrmgmdlraz,30,Brazil
4ea59573-44e9-4cf9-adfe-2100270fd5cb,Mxhctwnyqkxx,41,Australia
638ab081-3a2e-4f16-887a-1919201c1ba1,Tlzesgbryosvvd,20,Brazil
9c3c50bc-ec1c-4ade-8141-6a3bf7823fc7,Umdxrwtwpyk,29,Germany
c9b0c535-809b-4987-b172-5c9432a8783a,Crjctgp,36,India
93dc40c2-83cf-49b0-b3d9-68352b8900ae,Kocbkgsztupddvz,46,USA
96026ad3-7e07-4f79-a36a-610b5c3c23ac,Axeb,18,South Africa
c25ecb8a-2c69-4596-849d-5d0b3da1b67d,Ojisqoxquf,55,USA
77336f03-2727-4c63-9564-298c48cb3efb,Fkqzzbm,33,Canada
cd51e2d5-5e13-40a7-ace2-0605b728d313,Qmcxdbw,28,Australia
3cda159c-fa76-4c5f-8d59-947f7ab074db,Ctck,56,Japan
2d43416d-b499-42a4-9b77-374d776b46ca,Skadi,24,South Africa
7ec9d178-004c-449b-a58f-ba6282ac0fd1,Xrxojhoipr,27,South Africa
66c942e8-b842-4fba-aec7-6f5536965d9b,Klvgbawydmiblf,50,Brazil
dcbe789d-0ddc-46a6-a971-652f9b0fbfb2,Mcecjr,47,Canada
2f75894d-dbe6-40b8-bdfa-11bd00d26029,Hsixjse,55,Nigeria
3a8e6bfd-cdf9-452c-906b-a469a4cba309,Ewuqknubzxupkq,47,South Africa
54827268-0228-41ad-aac1-0f542df2ef92,Opo,28,India
84a24627-7478-4e42-b686-50f44ad2a597,Gtxigrxljgatfq,24,France
ad9fa70d-ab6e-457b-93be-d131e2ae2552,Xtf,26,India
8e5dc43a-359a-40d8-97c0-034b3c41aab4,Odipvvz,39,Nigeria
856c174b-8985-430c-a129-33932c8b628c,Kvnagplinercc,38,Germany
594af38e-029b-49a2-9816-7c93a09caa89,Otvtawcreunxjf,25,South Africa
e7e695b0-a031-4868-a9e0-bbf7d5f8a969,Ojoqkt,21,Japan
d510eea4-b068-4f2e-97d0-621126e3cb28,Tggpuwnzegpv,29,Brazil
5ec83fc9-5983-473f-9394-b78f9469563f,Ashdybtgpcg,31,Nigeria
67f2553a-c102-4858-be06-bb1f094b1751,Dbvzvshbreaz,35,France
be830013-b355-45a3-8c70-4a584820c529,Zytghy,24,South Africa
3c7746f7-b971-4441-b3d4-80a2d68bdcbd,Exwclwqj,51,South Africa
7cf89f2c-d785-4efd-97ae-71cc3bb8b5b8,Rqmjwjzhftdz,25,France
c65dd42c-af30-41ad-829f-a7bcfbc4431d,Tfwz,46,Nigeria
dd4bbd5a-f68d-403e-b2eb-78dbb47a29a7,Ngzxtkvudygkwx,30,USA
39455816-246f-4a2c-b17b-8f1b5610ce2b,Afbizmxxbx,30,Nigeria
1515090d-4341-47d2-818b-be3a0a7f5d49,Buxony,60,USA
942a6bac-661a-4bd2-9122-f1486aee9e2b,Wquhhrjappza,27,India
302f6a4a-a0ba-4860-b9b6-9aef5fc33d67,Lzmcxs,40,USA
e701dfc5-7aac-4f64-a6dc-90d20fb6d9e1,Oznpqmlum,31,Germany
98a8aebd-9c69-44a5-8eb8-8f44bdad36f1,Obykigwnppwlk,21,Germany
60da42e4-26e9-4c5d-b3cc-97e4e3cda3c4,Xszt,22,Canada
7274bd26-79db-44ed-bedf-26b1f84e7aab,Gdytkolvjdfog,39,Canada
1cf07a6b-ee14-42bd-b42b-a7b73b02b1e5,Hueghr,23,Canada
538d9428-637c-4606-a380-bc4478524689,Kldvw,51,India
4dc7f07e-9c50-4ef0-ae89-2d62137026f9,Teakkcqbyedzlm,48,Australia
b88ad5d8-23ec-452c-b123-d663a040a364,Ylyxnzfxiido,52,Germany
961d8862-59ab-49e6-b099-b0aeda09ff9f,Kofcsjmrxtqt,22,Japan
fad67d1f-01e5-4ef8-a862-bad6d957eeb4,Irnkk,31,Japan
2645c4ea-da8d-42ab-bdff-08e78f49d8a6,Mdchaisnzysh,36,France
1d3e3106-631f-41da-b517-a1940b05cc1b,Uhwfkmrce,60,Canada
8891728f-6075-48cc-955f-7db5b18909eb,Kydna,53,Brazil
c6c6604a-5ee7-4320-9b96-20345ef6ae61,Wid,52,USA
7d8cbd72-0a89-491e-a57e-646271065674,Oukaxpdad,42,South Africa
bc5f3e7a-dc16-4b44-8226-3d15d9c2acaa,Cngclrtairmdmnw,21,Brazil
a1c1e723-786e-4b94-b449-8eed3ca325e1,Iwgkidnaadx,43,Canada
9a9ac156-ad8e-45f7-ab63-ed39727fad80,Ncqfmqwgaapkjb,33,India
1771e31e-2055-4495-9a61-fb09afc3328a,Gytq,23,France
7394153d-928a-4d24-89e1-b8d243e298a1,Fwxicqngiajx,49,Canada
1e7f4642-f5c0-486c-a8d1-369a4663a67b,Knsaoyhqplzop,40,Brazil
85f1d354-c56c-4b80-9302-787dc557f3f8,Fafb,45,South Africa
9f1b9713-e6d0-4d63-ba3f-1bcd043e65c6,Cvkfznf,33,Australia
28150782-0921-4326-9545-98a02d4caab9,Eccvhgcdamnphtq,29,Germany
ebf42ba0-7162-44cf-9cda-c81ad58ceda8,Ghflemoavalskbu,37,Nigeria
5ebe0b7c-1566-4626-b92d-71b81c59200f,Gremjvfyfjg,22,Japan
252db408-949c-4f26-b495-f6409fb6f1bf,Blrzz,57,India
7a0a8f2a-8d10-4a1b-a517-917b39a487b7,Zkqynj,52,Canada
1b19aea9-a193-47c7-b72c-08e3f7ad4b80,Ormjzhukrlibz,48,Canada
4a7691ab-a236-468b-a8f2-824dddd19ce8,Ubf,59,Nigeria
096b1e33-8e51-4c1d-8d39-d2a7fbc7eb23,Ohhfjfjbn,45,France
981f7bfa-59c6-4ba7-b00f-c0c2d0002ba7,Girtdhjzrsklfs,37,Germany
d07b3a56-0521-436f-ac0b-378ef1eff9b1,Zvpfoagkdsrj,51,India
a92f4a04-dfa3-414e-9dc6-2493883db647,Nulinipchnnrdz,22,South Africa
ca109903-15af-4810-993a-f4d3328d9eca,Ipnsrzgmrymmqmv,55,Nigeria
9b796cf6-141b-4db4-9410-a10523287889,Xoqvqeqqmaxccn,42,India
b3aa513d-2235-4916-a0da-710296772069,Rwowkjaido,60,Japan
49ce5c0d-a321-4a52-8a2f-cb0360ab655e,Klevnuwegqy,32,South Africa
555ce4a8-ea1b-487a-84a6-444206d6386c,Dzjy,39,South Africa
371af830-e127-41bc-a873-11d63cf0100a,Wnqdyqxajrl,52,Germany
8aece729-83c4-4159-a49c-6edffe16d952,Quqtr,19,Brazil
7861e481-1d0f-4d06-ab3d-6c068238bf03,Ctgqnpzamzaz,27,Japan
d6b64f39-203a-41a7-8e9c-e8b2f059f19a,Cwcdlgndxlccpi,44,Germany
c4f71e6d-dc6f-44c7-9a8f-4170acd998c2,Datvbpcx,27,India
8fd3c855-b314-4ac6-8820-68c78b3abe29,Hkbhfwolj,51,Japan
629ea034-306e-46d7-9ff4-e836c33cd8b2,Jxpv,21,Australia
4e46209d-f7b9-46bc-9128-1f815d578d08,Jduckqfqlfpgv,47,France
ccf129b6-63f2-40d0-91c4-e7451d803cad,Clpijppkeaunbu,41,France
c980e394-f8be-4e62-a5a1-e2f0c3283048,Kelcfluksz,46,Brazil
9e3fe2c6-fcaa-4445-8e29-4efeb69f21df,Yoiqg,54,South Africa
dbb05c86-cb2f-474a-989e-95d50dede585,Zdzfgyghjszzcp,58,Japan
95584723-b1b9-4c26-a296-3f086719d3e3,Qsdltdnfml,47,Japan
4d2e13cb-64e9-4649-a14f-524f88289ad8,Zodxpknlnygdv,29,France
59d0e112-7e33-4ead-ad85-727ca128c8a8,Yvdgdfiilcupwut,27,South Africa
2df6f8c4-f479-43a4-8c72-c62b77b24b96,Sejf,28,Japan
b2b0b7fd-0c8c-4c00-aacd-65109554f5db,Wgyd,59,India
36923558-9471-475b-8d06-bccede7d4464,Vedmyuj,41,Japan
89d0d03e-b6fd-45ce-b468-a6d236e73039,Nwehvsqrzkjbpak,46,Canada
c3726a81-083a-43fe-88b0-8d0deddbf2a8,Lufzigyfu,58,India
8dd915fa-cfc1-4940-83ae-48ee4416defc,Vlqfwwixntgqkbm,60,USA
47c2ef82-4f45-4fad-b3e8-dbc618b33af2,Bxlbatk,19,South Africa
ae801903-5642-4b31-bcd4-d9c5fca4429e,Opgebqvkgsj,37,Canada
7c6d6011-039f-48e5-8be7-b4eed42aaf3f,Ataw,25,Canada
d200ec32-524a-44c6-95fa-40a87c5d7020,Xsg,23,France
d65f1efa-2add-42d2-8fd2-5e5ace18a77a,Cwoklej,43,France
099bc5e9-88d7-44a5-9c5d-c438062a735c,Bltyzskqdwthtk,20,France
eec440d9-e480-4622-bff4-e973a3246573,Eoblwkxzcileex,33,Brazil
fd771eca-8f8c-4a3f-b0fb-252c84d35d32,Nrkrtydgtcgwjr,43,Japan
6f2ec6e5-9e27-4ebd-aa70-14a47851823d,Minrdfm,51,Japan
67c4dc00-a6ec-4c3b-b257-36a7102b9486,Wrd,40,USA
f95c6617-f0be-4f70-a1cc-49278d90e521,Cvuqhy,53,Germany
00ff68d2-9e7a-4f08-9729-f27b38b65ddf,Qdlbko,56,Canada
69c27104-5d47-4e45-8619-647b865e4fba,Rkxzvddjbh,30,Nigeria
b387125f-5061-481e-8264-e27c27be15fa,Lhiefusgqkpwj,46,Canada
e002275e-48d0-43fe-97af-73719add0b4e,Hpwosdzivdfokad,51,Canada
823f1db0-2d92-4b05-83e7-261ba251dce8,Ekmvkksjc,45,USA
cf44adb8-ceee-4819-8612-1c59412ed751,Zeyopnudfpn,53,France
e8255fb6-c0dc-4dd4-ac11-171d3036f513,Kvgfochdsmtd,52,Australia
755befe3-dd5f-47f1-a859-a25607c5d2c7,Kvcggcnl,41,Canada
a4ab3eb1-f633-4a35-b46f-05556d2caede,Xwqaqepgvw,39,Germany
d450feec-30c6-4bc4-89e4-ba437cad1b18,Goemvztmpeaw,58,Japan
912c7aa9-7223-489b-b5f8-1d3f6086db60,Pncl,29,Canada
88e521a7-cdc4-472f-ba18-55bcf8af9940,Wvnwoen,26,France
324bdb6e-01e1-478f-bd44-dc54fe473a36,Wzdcl,28,Germany
c0fc2cf4-f517-4f28-a705-a4988004dfb5,Ahgjssdbjomc,38,Germany
af0c1ae9-9fd1-430e-8f48-7109493c3e70,Ecaycazckoyoeo,45,South Africa
b64b7f00-c5e6-40cb-a050-c6489377a885,Clfommr,29,Australia
2caf2574-581c-41ec-8f07-fe0c031e4e62,Nbdkgdenswnhhf,20,Japan
82ab8c92-145a-4fb4-bb5d-94d1c83ec3f8,Axwslbkq,24,Australia
86d16c77-3611-43b5-b316-7ed32890cc2a,Lwe,18,Australia
9b285149-2df9-4764-90cd-81486b8978e7,Bvash,29,Nigeria
633cd85e-62c4-42a8-8b97-9814dccc6de0,Ueuxzl,39,Nigeria
1ca0dd33-f384-4d11-9377-a2966e6d3613,Gthejkxaof,40,South Africa
b2b70349-e70d-4ca8-807e-08d7b5744328,Hrentcuzuk,50,Japan
730463d3-c92b-4562-9fd3-aacfe8fcb7c5,Ayw,20,Canada
07fc615e-9082-4d38-9e1c-b0ae2217fe18,Atsyubhvltq,23,South Africa
6805f69c-401e-48da-b35f-1c171b28a878,Byqdvvvn,44,Canada
c9a7ca82-6746-46ad-bbc6-1b6b5ec8dacb,Czg,53,Japan
ca04bf95-e8fa-4844-96a3-7ffc59d9652c,Jvsowszhxfy,40,Japan
65f1a577-8771-4b63-9d8c-7362a2e0be0b,Dawid,21,Australia
c088d71a-19b5-45bd-8f7e-faf52a05e42a,Iydkuek,18,South Africa
b74445cb-bc9f-4742-b5c7-9ca83383d70e,Kooxzascdoyq,57,Australia
9d13b3d8-4733-452f-9015-7e18a4fce82f,Uuvpaxnlbpo,59,Japan
a0e8fbe1-52b5-46df-910e-580c61bb30be,Pftgbyvi,32,South Africa
6f7865ac-f478-45cc-8e10-5719fdb90f62,Nib,32,Nigeria
e20b4bca-14ba-4bff-9cc8-49e4f3cce9c4,Xqzkspwell,33,Australia
c711d972-259b-4ad5-b766-8867305f18f7,Hhwuwypnzdbjd,42,Brazil
53ab1826-1c3a-4f26-a3b9-390ba448492b,Orneecs,52,Nigeria
750c5b7e-9631-4592-a643-71f31337bfae,Ottlyw,60,Nigeria
4caddebd-e4c6-4dba-bf39-0af7a7993651,Niqgcqro,26,Australia
360aca1e-bb8b-4415-bb49-0160d420116d,Satbvub,60,Nigeria
2efd0b61-318d-4eab-8738-7e9a7cd9a55d,Mywiqygppygxv,18,Australia
ae0fbc81-fa94-45e0-8b17-3e0ebf40c9f4,Zfe,35,Brazil
39062d84-9bf8-4de7-805d-452acae132fe,Yfd,38,Germany
e7577c71-8e0e-450e-a4e4-8dec20799e01,Oab,49,Germany
11aca271-99fe-45d0-aeb3-be28c71b5e72,Kucv,35,Brazil
c8196440-fcad-4a6f-a164-14fa0cfafdfe,Rdifvugarky,48,South Africa
c1ba57ce-ea09-43c2-b5e3-9cd78f681f9f,Yyc,47,Australia
52e574f9-4848-44d6-a364-bc2b2185a0a3,Apkkytdoavdne,22,South Africa
743356cf-7b19-4df5-a7af-2d600e1329fb,Tnvadtvpsiyqm,51,Australia
1a7e3515-d0ee-4343-9e98-d18595bf8030,Ifwrmedsxp,58,USA
dc475518-5fdb-42ec-99df-0744801a5625,Npaliaxxedrun,24,Brazil
d712d47a-e616-461c-86af-38be59a5039a,Sxydgtuwupelt,24,Canada
6a49c05a-0c83-4be1-8dbb-cbb13d8dd39c,Bkwzfi,53,Germany
9c98d235-9fff-4142-9681-b11e874035e7,Nznkgvaol,58,USA
9ecaf356-cf91-403f-aefd-0bf95252ee65,Qymy,36,Australia
09553952-48ad-45cb-b1f5-85c4d935eb9a,Rowzv,18,Brazil
dbd8d9a6-ce19-4609-8bed-5e14512c29ba,Exdkauroge,18,South Africa
1a2bbc63-214b-4727-bbc2-085a8d5595f0,Sduwwtaldueakxf,43,Brazil
18cfab74-6512-4124-aaa3-bb9d434ee8b9,Idn,23,Japan
65366123-e3c8-4c30-a23b-9e0f2d34c153,Zahum,53,India
c8ddf03d-0417-4fbd-8cd2-e06455ceef2f,Czjpuharvwrxlj,27,South Africa
3192a05e-66f6-4de0-a8f6-ab2890e90a71,Ycitzyrikmurkq,42,Japan
64c0fc87-bffe-4f6e-b06e-53cdaeaf5a4f,Laf,29,Australia
8584b7a0-7958-44c6-9f50-d3de379d4513,Qcfavtgipi,58,USA
bf0d0f03-cb28-4cc7-bf02-a8cc64069bf7,Ilpvilbqixnd,39,Nigeria
721861f5-5691-4652-b7ff-133c7288fbfd,Turbz,26,Australia
cbeee510-b20c-411f-9f7b-bf23c8eacf5a,Hsiprztjlfz,57,France
0b5c40cb-6197-4707-bcd3-7fc43fc4b61c,Celk,52,Japan
c34595a4-d120-445d-96f9-adbc5b44cca4,Cvijbvizzhohfy,35,Japan
78adad9a-c6bf-42e0-a6f7-79919cf4ad62,Cnjpv,48,India
1f5197c7-504e-47e3-b22e-861ab1b6b20d,Jnobdqsaoklmazx,25,Australia
cf12cd8e-d7ac-4d71-aee4-32255ec67333,Bmjuavoi,56,Brazil
e3d18939-6658-49d1-ac75-816a448cc67f,Nktcjlhimzjx,34,Australia
7dbaff32-7ce5-4b45-a050-6bb585d6905a,Lbsrsbn,57,Brazil
2d871f5a-891c-44e1-accd-1b0e9dc0c904,Uwiucbxsqplg,33,France
730b295f-aba4-4bae-8fa4-a7571ea5ddbc,Kbybvmgxz,44,Japan
205c8880-6891-46a3-a4fb-75d6377ae61c,Whq,59,Canada
e3e57aca-42a9-4877-abb5-977d7e00422f,Amv,57,Japan
878ef314-9e58-480f-9786-2b3b7045bba3,Nmqw,39,Japan
95810c00-7a33-4569-8533-29fd60bad222,Fhchwlsbm,52,France
938f4ee6-1c74-4858-a61f-f2003a1cd433,Vwhvkjzidbwvq,27,France
3d26d930-c062-4de7-aec9-401de5b81615,Ngzegtjooagpwv,54,India
6cee41c9-1231-4275-b945-20baa5918a57,Ioforyyqtgnby,36,South Africa
f2ed142c-8fbb-4130-8a38-4043c5bcc4f6,Exbr,53,Australia
355563fa-5b58-4608-84f8-632b12425608,Rnxksfgqlhh,25,Canada
17f258ef-5cc9-4d57-849e-270d215aa2c5,Oivztjlqck,53,Germany
e684ed37-9c67-4239-960b-c993ef6d395f,Pyyjxmpwjblep,35,South Africa
2d3c6a1c-d054-4aa2-aa1f-73726fd6aee7,Nbosbphf,57,USA
f0e5f850-0edf-475f-85a9-9ea432498964,Jjfxjdkipdqn,47,Australia
e8152ee3-c926-4dd8-b7e2-fac7e9f9bc82,Uaoktfjprynuy,42,India
49ff25d2-9d82-4fb1-aae0-c7e0780e9f93,Avbsokrp,58,Canada
c49a28be-12d5-4e96-a5b6-c5be64202662,Cevjeatgwodq,44,Australia
7c529abb-4781-4440-92e8-f1bb4b131120,Yixcyxtsypdkcl,51,France
66f775c7-2696-429c-af73-4636dc92a538,Lueylsny,56,Brazil
0b897bbc-8c90-4dc1-b663-1b0057839359,Mfcnxqmp,38,France
ee4da3a6-f0b5-4f56-b826-99dfe3a169b4,Tsdnvxelx,20,Brazil
78ee02f7-5597-4467-8795-07b71d978dde,Nftyga,32,Japan
f8b655a3-ba00-4531-bc29-af5d07b8673e,Afnvjmhuhr,41,Nigeria
289f684a-217e-4d71-ae61-77497b966245,Rlaeqvfofypr,25,Australia
f81c10f6-83e0-4cab-a0da-ce1d76c6d064,Rmyorsbtwfl,32,Nigeria
6a316176-7a0e-4d1a-9b01-9396749d9b07,Itmydub,31,Germany
c804dac6-a5cd-4463-9cad-6295312b622f,Ehdbbuoktze,38,South Africa
75c8c477-ef95-4c5a-816e-089067294e96,Ifwcmckqbuzgt,33,India
9cac6c16-82bf-464b-bead-58286f389a99,Fcqsouqyrhoro,53,Germany
12cbb2c8-14bb-4d83-8e16-c3b294dee650,Cbrlbvudojdtou,56,Nigeria
f3f21749-1d4b-477c-aabf-96b011d06f6f,Ywjrolqjzwdzbo,38,Australia
52633ed9-d0de-40a8-9538-7656517cd0ca,Wrbgllwvu,19,Brazil
c3367014-7837-47f1-8c21-d49a4f6d291a,Qvjmlyhv,39,Brazil
b584174e-e08f-4e71-abc8-0eac1c3e07bd,Pjdlzerrgwxea,35,Nigeria
297f30b8-6900-4708-a453-fda24a5d11bb,Upgvy,55,Australia
b01589fb-4e30-42d5-ba04-7302f8a2ba7c,Coxgkym,21,Japan
87d7011a-7b1b-43e0-aa0e-087963fca0e5,Coixhumtnwjvr,25,Germany
c43ecc66-df07-4050-8ecd-bf79b2c1e7d4,Tzjagslqdcidl,35,France
2d8f0703-1a19-4f30-a5f7-32a7644f8b54,Ohlams,39,France
70034435-4d9f-49cf-9b7a-6447d20e2cf2,Bafm,27,Brazil
18e1b3e7-3ccd-4a28-bb8e-6198da1e732c,Sdszoftg,60,Brazil
8cd8a10d-b187-44b6-b7e5-057836da2d7b,Vjcdc,44,Canada
ca9718a1-b71b-4b19-8284-7a7d0926bdf9,Jpvjf,50,South Africa
f0cac43c-2119-4ec9-93d3-43d931bd0255,Sbtosjkf,23,Japan
9463dfd1-6dde-4d71-89d8-bb8e4627f2d5,Yslodvb,42,South Africa
d8c2e38c-2dc0-4c6d-bc94-0efba3320df7,Fugutltgagugkql,55,South Africa
1d344782-6c43-4f4d-94ed-0cb2e54fd9b8,Eigp,43,Nigeria
1e0972de-3b17-49c3-b418-81565b4a0be5,Shwlbdcmhpj,24,Japan
d0f76b5f-db5c-48dd-8290-83ab841ecf74,Dbohejnh,19,France
7a6e4e74-4b4d-4874-afa7-bb4abe3f01e4,Jak,58,USA
5fafeb60-533d-4ce4-9669-8e99a8b6f578,Arwepsbpjjwagg,35,Canada
2cbf1aba-f241-4e0d-8f6e-1e24999bc2a6,Hiut,28,India
9bfac811-d80f-40fe-aa4f-d0ce27e6ecc1,Vjonihjwnwa,37,India
5b4fcf9f-2514-47d4-b356-f46425b72934,Nanxgavbfyxsaux,60,Germany
3fdd185a-434d-43f8-a182-fcb0c5969fae,Hxqsyhehdj,39,India
d96317d0-f84c-4e7d-870b-73fb9657741a,Igytplqux,41,Australia
03865c3e-f732-45c7-9c35-c36bc264747b,Ptcs,26,France
f1072771-999d-4253-8119-e70ef0d1227d,Wvsvip,42,South Africa
a3cc5290-4d6c-45c5-b9a5-f10b921eda29,Fehmsxuouup,22,Australia
8b427087-26d6-4e34-8af3-161d755f3144,Umhugnnk,45,Japan
4dc8823b-2a22-4069-9113-7f3cf76f898a,Hcvawhk,23,Germany
b6dde901-bd3a-4f64-9403-d97ddfde610d,Rlpdncddpspz,29,Japan
704ac63c-6f86-4169-9190-bf1d88f3f196,Ghcjm,31,Brazil
0e21523d-3d6e-40e2-9672-95f319cf9c5c,Euzqtpr,27,Brazil
de0a9fbd-453f-41ab-b7af-3e91155cf256,Ylfyfqw,40,Germany
e3a2ad83-71cc-4729-be0e-702dcce25067,Fuh,18,Canada
8a593af4-23c3-4c3c-a19c-7fdb9d677fba,Pbr,18,Canada
b47265f5-ff2e-42ca-b241-49732926cc6c,Ualhdv,24,Germany
4481ff7b-77cc-4d30-b206-98669cc35ce8,Puauovad,49,France
e4680379-edfc-4733-b734-4a3b57816228,Mctjqqiuhs,23,Brazil
ef2afc61-d5a7-4808-9297-ae9c6874eca6,Vug,52,India
6dc8bcd7-5b60-4924-b7d4-84fb64e16982,Swfsccdw,52,Germany
82b969ed-3ca9-4821-adb3-9b9865b41ffc,Xulinhfa,29,Nigeria
60a8b212-5187-40cc-acde-12fa971d326e,Qya,31,Japan
078c3a65-0b22-43b7-8fd0-d881b6779791,Yummrcchnzfq,32,Nigeria
910c86bf-c7c8-4f26-abf0-43d496ae1f88,Nzm,24,Japan
cffe4948-a6bb-4892-b705-e0cc6acf8985,Rlsalxsgs,26,Canada
a5cf1636-aa2b-40e0-b787-eb18364c592a,Puzghspxrzmz,21,USA
859deb0c-a3b0-4e53-b869-a780ea952e42,Xdhyelb,26,USA
77b10b00-fe47-4fba-8239-ce64c556bac1,Ljnbmtjuqrzjk,57,Australia
91ca99b3-6de5-4308-a0a4-70177dac3190,Gtwabkyo,59,India
44ff53dc-7153-466f-b547-66f4951e1ea0,Demlwjlnuxuijh,28,Australia
dc5b5940-a457-4598-b429-1303fe70a011,Teb,42,Germany
015e7ebf-5929-4f61-9188-9f64b848bf0b,Exfmvxhrkk,37,Nigeria
27b53430-b092-49f1-8a44-0b3c1ba45172,Iqqlspgeyrmd,25,South Africa
ba15dc02-504b-466b-b699-49d2f3b6699a,Qatnbxcjzuxe,31,South Africa
3083aa6a-f9c6-4935-9adb-ac9327cef8a2,Jkmprrktkctqtn,26,India
1435d5f8-29a6-4692-8712-0957901eaf68,Tlktqbaslosamhk,54,Japan
a50ceacf-c37d-4007-a672-3287ddf14848,Dkgclc,40,Germany
a6d63946-142b-4811-8221-c3b48ce71201,Npzdcsjztvlbl,23,Japan
b8c0ef67-2aee-42d9-9b60-1e080dbf17ef,Rwrmlsexnins,49,France
00a8f462-7340-4ed5-943b-cc712412c245,Hhrfvjzkaitsgr,32,Australia
69f15f57-25e6-4aa4-a838-db142d9b2823,Npdsanqpyz,45,Brazil
f71a3b5b-0ad0-40c8-a177-a19d49adc2d5,Hraeonkrhi,52,USA
00db8642-0f67-4732-94dc-3f8ce1f4e131,Kfjcsegitmizy,52,Japan
cc8418fb-2225-4a0a-8b61-46ea7c9e91df,Ckyvaltwlfkosm,56,France
80a66b4a-ae01-4b27-a826-51762fa8ce1e,Jgcgq,46,Brazil
74615ab5-5eb7-407f-a9cf-e9da24d8e46c,Ivugfjt,49,France
bb06eabc-43ea-450b-beb7-fcb960d87f51,Jqi,48,Germany
d1a25c97-fbad-46b4-8f9c-dc4d895f54f9,Rhyrqjq,57,Canada
0565c684-c9aa-44e1-b8ad-84fe446f2bb2,Bbaij,51,France
5f4ead73-d214-45aa-a109-5e20636a5cfa,Vkczsa,38,Japan
5b5ea47e-3f59-4c42-9e65-d76b8e1063b7,Ozcbryxcrdjvwgo,29,Japan
600a1969-5918-48e1-9e97-b0afc383808e,Zycyaqnpynujocy,23,Australia
3022ff1c-4712-4f80-adc0-d8540499c168,Fgnwyi,21,India
1bb002dd-7897-4ebc-873c-a5e12b062021,Tlkvzrlmf,42,USA
140dd232-e79e-4e5f-86d1-4bbe5b8d9ccb,Bxud,19,Nigeria
b91f6a5e-0466-4ae0-b1d2-c473dfd145fe,Kgufletcmwy,35,South Africa
ba7e155b-77a3-4ce4-8446-8c6d128581c9,Wifvaqb,44,Australia
04facd0f-02b1-480c-8958-06a14b76f38e,Qxexhxzkvcxu,38,Australia
14dbd82f-eaf3-4aef-b893-3b4075003021,Mdsggp,53,Germany
94d46b57-86eb-45fe-adc8-b6b8b11bd91c,Xrzunupkajf,24,Australia
91ca34ae-d1b9-4d32-bdda-21c6e4c8c618,Lmbaamzrmavhu,52,Brazil
468002bd-6943-4bdb-b950-524939d5c632,Qrrrigtpp,58,France
50c51615-e988-4f0d-8b6f-127548b916cf,Epxeussirjccxb,49,Nigeria
ceab171e-1b8d-4e65-aab7-0dd015190426,Hzq,22,USA
95914052-922f-4d64-9fa6-e62cbeeacdd2,Dapg,34,Canada
a619e5db-2105-454e-9b50-c6d914cea965,Bpabxrrisaki,59,Canada
c3858cdb-e01a-4afe-95e0-595d1e5c3735,Pimddtbrkgymc,60,France
8be68018-4bbb-4e03-97af-ab5143cd83e6,Voltvpq,32,India
23a1f8d8-cadd-40b9-b64f-30c92618b039,Mfwsifxyzmqp,59,Canada
c1fc7978-79f3-4988-b0c5-5597c435e4b1,Tchenueqh,26,India
229497bf-0bbc-45d9-889b-6f578a0cb885,Ocitmscvtmay,46,Nigeria
d8884425-cceb-4e62-9b1f-ed32feeee698,Yth,56,Australia
ed585e04-e95c-4bd9-9a28-9ada7582e74f,Bmtwxo,36,France
5da1ccbf-a233-45ee-9353-b97824c3c8e0,Jvieauihkjo,27,Nigeria
3ae462e1-307f-45e2-9d07-395590a9a12c,Gvcemyzii,25,Nigeria
92eff664-e279-42f1-9c72-fc8ef09b86a9,Tvrm,55,Japan
306609d2-5f45-47b0-854d-e369a8e97d9c,Lfpcnebwtxi,46,Australia
4feedfa4-3f07-4926-9af8-198d44c1814a,Vompnnf,26,Nigeria
1f6863fe-4d99-4e49-a4c5-ae7dfb86afdb,Rurfyhsnmcdj,23,Nigeria
28f5f26d-5096-4e76-98b3-fc95d9f9600f,Zfuljvjsfv,21,France
18c571fa-c851-4912-8bb6-74da4efce879,Wquczu,19,Canada
c0f07634-cdfa-477e-b176-0dfa0f8a3153,Robokchoybmmp,42,France
c4b5d10e-9c3f-464c-872f-40aef3cdebd7,Lfzcsxs,54,Australia
ed33607c-cec2-427a-825a-7f2ba707c8df,Qfgdmwefj,29,Germany
3a5fec1d-411a-4360-896b-ca2a8c51b745,Tmwb,21,Nigeria
4b91a681-9b39-4763-9640-39f4899d5ec9,Dvryorrfvhfcw,28,South Africa
73f4697b-3b10-457f-9322-338cc45e2f8a,Sank,39,France
4127df06-0415-4b74-9a78-cd58471dd8f7,Wsczyqksu,32,Japan
16d8973a-ece4-45b7-acad-a6bf4aace25a,Ugrewfhprv,58,Japan
d7cb71dd-7898-409f-8a89-456cfc299265,Imvsrxfe,38,Japan
d9535ac7-40d5-4b83-9d44-a24623bbe327,Frk,28,Japan
fbee6341-2e75-44d3-8b74-00ca10de78d4,Kkuyupamnwwdb,44,Nigeria
dc3899ff-a09a-4b06-a0c0-c39dcb04211b,Ncxjfgqudx,18,Nigeria
1243578e-8f69-4ad7-ad62-f7be094b831a,Sizzxznrbqtp,36,Australia
2ee580f5-aa2a-40ec-a735-94f9ab2fef3f,Emkzgsyudxsikdq,55,Australia
d04d5a1b-1291-4cbf-92bc-090e04665793,Igzkqwf,18,France
d80b5e1b-62d9-4db3-94b0-0ef76dd5489c,Haukzb,18,Japan
a7c488d7-4fef-4844-a517-62becace760d,Zwwb,44,Germany
88465d5a-51fc-42be-b82b-93354cab4000,Oxyjg,29,USA
4a03d480-d258-4294-8d98-b89458cb42f5,Sknaybeikoet,24,France
f924f7cb-0180-4665-8e69-f4a7e0679bfb,Sdoqsodhpahjrql,54,USA
e0e602c6-97aa-4999-8119-99f2a414f48e,Iehuqkzh,51,South Africa
1b63e73a-94fe-4a00-9ea9-8468e9be4ccc,Rqlftzkwnhs,56,Japan
723680dd-f2ba-48a9-9322-f14fe558edbe,Mudctupaijaokk,44,USA
82cdb3d6-f5f9-465a-890e-06f43268617e,Sijv,23,USA
63acb360-f37b-456d-ba10-2f227ce592c8,Ulutgquvx,36,Nigeria
13064a88-a291-4108-8079-fa559c93dce4,Intfetytmlozrop,25,Australia
79e0c7d8-8384-47c1-8c13-d7a3ec67fe12,Ecyycncq,33,Australia
b7084888-e695-4236-b400-cc382fbf5794,Cmmjwpzzh,37,Australia
8a1a29f0-e2cb-4176-af9e-a88eafd61d64,Ddusrxjwwqrkunf,59,Germany
f235abc5-0d15-4ab4-bc54-2c396bdcc0f6,Hck,36,Brazil
039da990-da34-419d-907b-a2963c0c98f3,Rdfviutlag,18,USA
cef468e1-19d4-4b1a-86da-3f374c7b9539,Cmpreotuk,36,France
938106ad-01b6-449f-9453-f3c8cf56b42e,Txrbctrw,42,Nigeria
d48c2d29-27fe-4f2f-acd4-db8d5fdcb9d1,Msxn,59,Australia
35de1a15-d644-4f3d-91f9-b2cfe66fa590,Bmfnvcpu,23,Brazil
9920fbd1-0c01-4640-aab5-6870fdfbefa4,Rehdgoe,48,France
79372de6-e799-47fa-a6c4-2137f4a33bec,Dtclevljoqj,30,South Africa
d79a59f4-0fe3-4df6-aaaa-05774e46b4db,Lgshs,21,South Africa
e7dcc3c4-db1a-4f3e-b79f-0ffea3901e29,Xvfsshnjjeseetb,46,Canada
4a775119-01ed-4a4a-adfc-fc77e4f89483,Sjobdlx,26,Nigeria
1c80f556-697f-431e-9ad5-453488267d29,Vsnbpiegamjp,45,France
86658b08-d1b3-4600-9eef-86c9852f8c2b,Yxle,41,Nigeria
607bce2c-b718-4da1-9028-a95bc61403a3,Axhlu,18,Canada
c2790dd1-c8db-4f6f-ab47-9f8b396403e3,Cuauiugxs,38,Australia
f4c5a274-f40a-4ddf-ba45-3d82e4e341e6,Jvm,31,India
ee906ca7-4732-4e53-8160-9a6a3026f05d,Evcbwabiikxce,49,Nigeria
d821feeb-6f17-430c-9c69-283882fdc10f,Ebywlazhgfzj,35,France
3f5e6c3a-61cc-4f0b-9337-b0f9f61453ef,Rqe,57,France
8ab30801-a134-4317-a3fc-b84ff9417742,Wpxkvpferp,54,France
023dc0df-874d-4618-9ced-b68c88318616,Ruqgfnezrgo,34,Germany
7432c87a-d6e2-40de-b12e-c5f5c513ec18,Ralpexmj,24,India
0b574ffa-ffbf-4911-ab68-cbff32b08e9a,Owxlqz,26,India
905fc065-c1bb-4942-bd6e-68b1af119cd2,Oywxs,44,South Africa
810cb8d8-4dd0-4dae-9711-142e2396400b,Bmldcptidcp,38,France
6abf37d4-b03e-4096-a8e9-94c34840d5f1,Uedumlydvld,47,India
decbb59e-038e-42c0-afb6-23286cd08ccc,Yrpvfczeyrqtd,60,USA
8411190c-2d55-4117-93ce-d7ce46823a5f,Pkbdxgz,34,Nigeria
64371a47-9532-416d-a531-f45c8f0a4052,Zfwpqmkkvprab,33,Australia
4ba56a6d-65d4-400c-a120-ebf280d7da1e,Zmkodoazpggj,54,Brazil
bad6b25e-b725-49a4-9bdd-49f9d9646af0,Vaffuhx,28,France
e4468ca9-41d3-456d-b0ad-92c2ad0a90f8,Euigkg,49,South Africa
52a24ed8-3010-418e-846e-1f211f3a3381,Oztyckcei,23,France
adaca6a6-5871-4250-aa48-e7aee3091d8f,Fdswspkqsfhbo,25,Canada
4424e0ba-0655-4119-a86d-674d946571df,Tsnlqrijeo,32,Brazil
7c21e377-1b5a-47c8-8a95-fc2022e5c336,Pttyzmbbrrut,23,Brazil
353e533e-04c2-4451-ac1b-837900bc8c38,Vjhusffxmvnc,48,India
a47e043e-c319-46b5-ae35-4abb4520d01c,Jnghcg,49,Germany
f31e9d0a-bedb-47ec-958e-268eee6f60c5,Mmmfhtsdxwtfd,27,France
2b23f21e-1ff7-44f1-b318-d762b5389e41,Jwuplb,25,Brazil
df8b8b24-1a59-4130-bc5b-f244c4aa65e5,Mtfd,18,Germany
897981a9-950d-4c30-8da3-805f90a68712,Odmsaynrlzvm,48,South Africa
c41c7e1a-f31a-42ab-9acd-c5dea7f37d20,Usk,25,France
7df34d3a-2051-4606-8cae-4f9ab4bf4a2b,Yfnn,40,South Africa
b88dbb58-c3c1-4c39-96ff-bf4a6d97930e,Awuii,29,USA
9015f241-0c47-480b-91fa-dace9f6a3038,Rvtcixgagml,47,Germany
230da9aa-a433-4342-aaad-67b458f4d56d,Wlibsvswomsuko,50,France
b67b3595-51e6-412f-a368-74d95bffa4b0,Zbkwsewwqc,43,France
b0b657ae-b977-4283-8d6e-47c44f171ab5,Mysxwoqwofhhmex,54,India
5c05d723-3acb-45bc-821a-5cff3d00c4eb,Qypgnxf,44,Australia
1f78de88-50c6-491a-a684-85f1e979b231,Zmgmbqysx,24,Germany
3f5877ee-ec82-4f28-bda2-48d0ba7aca6a,Bspafhrnpaqlz,59,India
fd80b189-7ee6-4f18-8527-9fde82a8543e,Exidfwvpgtcum,56,France
b838a624-23ea-427a-98bd-6223afaf018e,Fzfdnlnamnpkduk,34,USA
d580b0c5-f65c-4669-871e-1dd9c0662b05,Xuldqwocm,34,USA
ccaa7dc0-63f6-4bcf-9bad-009f543d3166,Hwlcycwfel,34,Canada
b618081a-7c60-4d2d-b572-9b945e8611d6,Cfyybfveijwunf,58,India
84e8c665-14d8-4eee-bc4e-bf0b5682a484,Nsvgfxhwpgaanl,23,Canada
762c63e0-dca5-4718-b9d9-da4037a72350,Ldlk,28,USA
8b952960-513c-440e-8a00-840bb30caeaa,Mih,48,South Africa
04a4f599-b50a-404e-851e-b9bd71c1d98c,Htzxvqtwrd,39,France
c515ff85-c828-4ac5-88fc-f482034b229e,Qkahiwhzwhbslu,29,Japan
aefa902f-8cec-4fd4-a974-e90774682036,Jnox,44,Australia
fa9293c4-b19a-451d-9805-03207081628f,Tac,20,Canada
87540dd1-749e-44a1-8f8c-0e7a32efb98c,Lvd,31,South Africa
fb1d7d15-3188-4800-bc43-573c2b3ece8c,Zdmd,28,India
61f84ca1-2a18-431b-b860-4c6fa23cbf86,Ihcowudlgzjka,48,USA
4e9af1a3-5cf6-4a44-8c26-553144dde731,Twadj,52,Japan
425dbce6-f687-4ded-acb6-1a619eadd69a,Bxpnypouti,59,India
1b4096be-7646-445e-8dbd-bfc607e7524f,Pjqbbw,23,Australia
67a75d1b-9bbe-4091-9c92-5e817804f79e,Egoildjbtct,44,France
961c0350-ef03-47e0-b054-76fc0b36b0ef,Ymjvuymfisgddk,32,Brazil
688b00dd-93dd-46a0-a76f-f3b1d7ec6011,Tdawkd,60,Japan
2388fc65-bbbd-47f6-9971-8198cb6b172c,Uxdzyglkvbruj,25,South Africa
baf641fc-c030-4396-9e68-65a7b5435b86,Osavleckuszx,51,South Africa
f0d1b671-722f-4d7b-92de-5d902ec714f2,Drykdwphmfv,55,Australia
16eb89b7-2715-4f7d-8033-ee66f19e8195,Kuebanrlgdoehom,30,Canada
545dc818-7e43-4cf9-97fd-ad0259830474,Fbetwtjzcvwe,30,Brazil
a4e38aab-4154-45e5-a862-963276f5f8c7,Mmbi,40,USA
f2812354-7fae-489f-939a-fec89df94777,Vtpxa,60,India
9dc132be-60fa-4116-8296-0d4d16266af5,Knog,50,Canada
a927ad7f-c88b-46d8-a0e0-a3ad8a20ab7c,Lekcnmklndwv,40,France
fb5a22b9-266d-4c29-9e22-3426713ec223,Mibsuhqrlpsmgy,35,USA
95681c12-f8ff-4666-a20e-17df705f16f2,Cftso,46,South Africa
61e8bb36-502c-4469-9e0f-30f188730214,Iaziroutvd,53,Australia
0af5a14b-2072-43cf-9bd4-fbc04f618d2e,Bysnwqkjrurdkk,44,Nigeria
64b10316-f914-40bc-a5b9-78f706cdb5e7,Cctuzxw,57,Australia
6b95032f-3543-4a0a-8725-b62859fa551f,Sszpkaefcgnwtsf,21,USA
ad5ad69a-b42b-44c2-bb80-9877845bee68,Rij,59,Australia
657bf279-3e89-4e0c-a863-4d86fa0bfedc,Cqiyxjrgqalshs,60,India
b1f94987-8549-4cd1-9be3-08355e376ba5,Xbgzhiksxvfe,55,Canada
5cbdaab2-1a1e-4782-81f5-8e3319ce2fb1,Duzsbnccd,43,USA
3c3b0118-3204-4192-a981-e9c98920e22b,Rrtpyjznzyiyw,59,India
b898409b-5edf-4b60-aa00-1d95b992ae21,Jhicahcyopm,47,Nigeria
28335286-519a-44d0-8c61-ecf1c194c4a8,Jtopdmhl,30,South Africa
90296e86-5e88-4de4-a332-2b1b38ae53f6,Unysj,58,Australia
f71e6f58-e1a9-405e-bedc-3883062d673a,Wpltwxmcjzox,34,USA
5be43b27-e5d8-4156-af70-1cd11ec4c815,Gsi,18,USA
0d1df0a1-4476-47cf-a9b7-b7ff812735dd,Yqlshllvs,58,Nigeria
bb217c56-b4c7-466c-a517-a9d48dd5f12c,Lrzeep,38,Canada
0b7c8f74-b6dc-4bdb-bd2f-38dca6bc7404,Siuvbfpfzolhzeu,34,USA
074fd2bc-7a69-4e22-881b-0ba174271d2f,Txitowgv,18,South Africa
a41fda01-6121-4d04-8e52-fd33b14074d9,Ksqqflnaim,59,South Africa
65bed157-d159-4d59-9408-39e308b1aeb8,Solw,32,India
2e0e902d-1c15-4d64-9e62-99285791fc01,Fnasg,46,Germany
0c077fb5-f0ee-434d-b543-ede8d116f652,Hxrjk,41,Australia
7e591f92-5e5c-4eea-b3a5-10485d904e63,Jstjq,55,Germany
16aef70d-009c-4055-bd51-5322ee3cafe3,Cikdwct,51,Australia
a05eaa43-e7e9-4796-9783-b99f06cdc6fd,Emavohyuwpe,26,Brazil
45596705-d273-418e-ab06-8b732ccf7ec4,Abuuud,30,USA
96e5c9db-f946-42c4-97ef-f069fcacec36,Htlzqbdzuao,55,Australia
5af6b49d-d44b-4900-95f6-1704affe3e57,Dlijwzx,58,Brazil
bdd33c58-6e13-433d-8db1-173503cafd2a,Dzxzibnelhcnr,24,Canada
bd0b562c-c6be-4d0d-90e1-858a7d8e0f5d,Mpcldhvfbhprtu,59,Nigeria
1b72a91a-f6df-4142-a977-2166c5a23ce9,Jsykbvt,25,Canada
46f6e1cd-3729-4665-ad4d-0c68f99ad9b5,Arkdcqpyv,21,USA
a97ce566-28f0-41e3-be87-d1e112e48b30,Mxkkuksaefsoxz,55,Nigeria
e58d34ae-a20a-4d2e-97ad-cd846f9dc438,Ldoroiidxg,32,Canada
e629e9dd-b138-4231-92ec-a8e36a3f5fc4,Ptvwnhsmexr,31,Brazil
ed9d80d5-12f7-4b7a-9cff-14f067747ac3,Asaemizyh,57,USA
3e788541-b11a-47eb-9d42-7d08dfd5511a,Fancqmutzj,44,Brazil
b38d9c40-e5b9-41a5-8e39-10f82262412a,Vwuieicnvhbg,31,India
bf11d00c-d63d-43e9-9f51-b3fbff21a9d3,Bhkqthxjpdp,21,Canada
f352e969-50cc-49b3-b03f-8ed521409e6a,Orrfffxq,29,Canada
c117efe6-9f89-4bd6-b447-697036d448d3,Mehaxuvaivgi,44,Brazil
4f6857de-3b21-41b1-baa8-208677afb556,Yuzsogkvmwycpy,54,Nigeria
2db7dfa6-7888-4652-8cf3-07005c97be99,Ttzmdmtawcjk,51,USA
2394e0b0-a21c-47b4-ba0a-3d6e8584db98,Alfkxhari,30,Australia
cffe787c-fe31-43f2-869d-1bf59c78159d,Abhkoabfmeoxaaa,44,South Africa
6768be3e-f1fa-416d-aaf0-e057a3dd300e,Dtshuwxtsfmgdch,33,France
539285d9-18f0-4e7c-8e75-8a76ae7c7c19,Fsbxhluthsv,46,Japan
c01fb3fb-1020-4559-9b7a-1ad1fddc90b8,Hyqqlkdujnfqlhu,41,Japan
45f191cc-d77f-452e-a0ab-0b90c47048c6,Ekraoifyxyehfs,49,Canada
0a7edc3d-b17d-4f50-b127-3798527ba91c,Suwrzoekmanq,55,USA
5f93668c-bec5-49d4-b031-9cd5c50a363b,Hotpzfizrxn,48,Germany
a74b0877-c7b6-469e-a3ce-16dd93586e06,Zpisfegm,50,Germany
90924f1b-4d8e-4138-a89f-606a0f2a137f,Nphkfww,47,Canada
d7ee7178-a745-4209-93ed-77db98880d69,Aqpjlwu,48,South Africa
7798a94b-3a4b-4843-8004-08b8f4c1b6b0,Wciwzkkqhtasakh,50,Canada
2c92746c-a16a-494f-9735-8e04094a5710,Frkr,39,France
8e2e8463-65d1-4220-bf03-09cecbdadcbf,Nthemiywfobpr,42,Brazil
01ba6d72-49d8-402a-a098-1b2596c06c93,Dexrdmoqqmvih,22,USA
9bcd7d23-7844-4756-841b-a95e17a4fda9,Gntkpuctwb,38,South Africa
e64ec865-c053-4f70-ae03-602e871f2dd3,Llqrmsio,54,Japan
9b8042fe-b504-4324-8ea7-1daaac19f7b9,Colreh,36,France
8fc44125-b17f-478d-9f62-ea790c6f0ce8,Rctodo,57,Germany
49861b35-9bae-40f3-b9c1-85a6901b960e,Lhdszraaidjt,23,Germany
62d497f9-389b-4231-bec8-94ba30d8d6c8,Hvilotdgbzk,32,Australia
4bf93cb4-bf84-4cd7-84f4-9d1120d7367b,Mrvnyyuypj,19,France
be25ca13-0514-4ac0-a0c1-52ac5ca4bfa8,Caqjxwnoxicrjg,41,Japan
784010e6-8bac-43f4-aca9-4f012c888564,Umxfqlkwytkuoa,37,India
d55af6f3-44f5-43b1-8bb1-edef0beaea2f,Djibj,54,Canada
4eb92cb8-5229-4147-87c1-ea034c9fb5dd,Cmwb,23,USA
6ed9c7da-3813-4a41-b5b2-2af6c98e5694,Fkrf,39,Nigeria
2cb7f8df-a692-476b-9878-4a87e31cd2f5,Dombosqbwswi,50,Nigeria
6510215b-c468-439c-9776-6b2f9165e25a,Uipog,51,USA
dea56f72-8581-4bbf-b017-7996b2f5510c,Rcnbozzxzfmtesc,36,France
510e2887-b693-4a9a-b800-1bad46b19f43,Ngraxocebuxqozl,19,France
6cf04173-a5a5-4835-890a-bdbcf9e0e9ac,Imesypvtac,47,Brazil
f0c7d4de-9b75-4876-be38-88c0a1a2c25e,Qwq,36,Nigeria
903fd79e-703b-4879-8834-f2ba2ea585ed,Jajlqflscsevzvq,24,South Africa
a97f0d5a-22a6-47d4-a78f-6accb51f8652,Zovcbf,26,USA
8fec5f24-dd95-4a78-9a06-0d78b72ef133,Xvxhdcpu,59,India
4910ebcb-61e9-4f79-ae18-d1077afa4026,Ahypwgrstowb,57,India
e08215dd-171b-4e56-87be-e7b985899365,Aki,34,Canada
ac7effa9-92f0-4711-a2cf-a0937a93776c,Pnfnqyf,32,India
ed2f6019-d420-4d8c-b029-a242d67dc439,Tnsjcobswbbb,32,South Africa
0b6e8d41-a8cc-4ead-99b9-9acdf2ca6019,Wxfo,30,Nigeria
d0a738e2-b776-4cc4-b6ec-a67a671e32d5,Yfxeqk,60,Brazil
1129fc67-1e6a-4fce-a077-7f58943bb4c6,Hzbabikjso,36,Australia
d4fb5376-42a6-4040-9dfb-6aadbd103105,Ucym,26,USA
8bcfa2f6-5a07-463e-b6b3-3bc5fc82ad0a,Dvbod,50,France
395c7920-62a0-423d-9ea4-bdd6e5e4fd91,Embkxdqxneysrod,46,Japan
e3e1230e-3dd6-4747-a988-38db12a2947d,Yudafzqcepxrh,19,France
16841a0a-b5a5-4775-a53e-6ddc3fde5837,Qyiylnppzsgk,29,Australia
1fc1d639-1710-4f78-badf-f90589840d5b,Hzaubldi,47,Germany
5920da6f-e2ba-431a-8dcf-663e4c17b9d1,Sdoajihgiaasld,28,Canada
4df4a7b3-760f-4b5f-ade2-e164be8a2118,Zivkpouqmtef,27,Canada
6589380b-80f7-4972-9c5e-d0cf874c693a,Yld,44,Germany
f2cf6476-a004-407c-b6f5-54df62820061,Qcuveaypnmnnkt,52,Nigeria
0c1b8b0e-2ef0-4bae-9a33-e721d6bfb8bf,Cudtm,47,Brazil
73d4c389-113c-48af-b5e5-b12860809256,Mqleof,55,Australia
5f30390f-4ea2-420d-a03e-c0dc9a72d67e,Ktapdctspf,37,India
b21e6eb2-f795-4609-80a6-4d00f165d05e,Vwvdxrdbfwwnrpf,28,Nigeria
bc9792ed-1f29-4eba-b4bf-0471982c9859,Rerzrzlx,33,South Africa
cb24906b-f1b4-45c8-a579-03fb5fc4ac06,Pvt,24,Canada
a0477310-e449-4f28-b3fa-7a5ad31d11a3,Umigmsdxmgqz,47,Germany
0e7bda99-6099-4cd4-a5de-3832a08ca7d4,Ynzf,24,USA
0c2bc613-22d7-4afa-a098-6e3b39f9aaee,Dvfarqbapwq,31,Canada
c844140d-688c-40d3-b586-c8dca0fdc2de,Rogwsghwmq,38,USA
f228f9de-baf2-4056-a773-27b6dc371dc2,Ijkryx,59,Australia
8f10c5ae-4649-4079-862e-f9cd41c66f40,Comigh,54,Germany
24db5aa2-64e5-4115-9324-85935ba5d5e9,Sdmhpzdnhxrs,42,South Africa
e8e7f14a-6662-4dd4-8ce5-ca222d86a399,Wdzdvgyv,48,USA
ed857c8e-51a0-4ec2-ba5e-c1db926d5ca3,Emotxuzu,50,Canada
c97a0746-53e3-4ba8-82ab-66e6b5a0d58e,Pnhtpheptdgglhx,25,France
064fcb97-41cb-42c8-b7ef-150491acb5e9,Rssqnhxjd,28,India
b6fe167c-1ba2-452a-b6c9-bb5c3f0f5312,Ggyhnz,47,Brazil
567cc2c7-756e-4164-848d-38597e1e0855,Ccoeqrtfoz,27,India
03291b03-3ff4-490e-91fb-281d7ebaf49b,Xjsd,48,India
5e2af99c-349c-4f13-bd20-eb89015297d5,Hgimfhawsdijpj,60,Japan
f72bbc92-8e82-4d4c-8bb9-8a14bc36055c,Gwrxpbpeznqu,58,Germany
8d63b724-9a96-4de9-80c1-fb062d1ed6af,Oej,51,Japan
f1905df8-1589-4884-9e9a-f685d87318d9,Skaoqb,42,Nigeria
2223717f-693a-417c-b240-78d298cbf21d,Ysjco,54,India
be960538-4db3-48b4-b717-e81249e47c0e,Jzmnqgsl,56,South Africa
6b74e227-814e-4758-a7df-66667f9e0592,Jnykqhtxli,19,India
2c22e5ca-91da-4da9-9c22-12b4897a5988,Dakabxevxlnyevi,25,Brazil
7f34fd58-92b5-41bb-808c-ed768b64b31d,Vtrwpmehi,39,South Africa
196cc454-2fa8-483c-a646-75d24ff73462,Wlsmishtquvcty,46,Nigeria
81055982-8bb2-44f2-a4b6-b125205e56d2,Jrrsatgjbj,31,Brazil
ffa2844c-9f30-47a0-9d97-f6e7442d340e,Cnuawxriyrdclam,41,Australia
6d42ec79-dcf5-401b-8e8e-2bbe9a290621,Nyesmkfx,42,India
1b912e1d-9d03-4b0d-b64e-8d5d816bdb8f,Bvxr,43,Australia
9168fec7-edce-48f6-8534-607e4b11f643,Ofd,54,USA
e9a35cc5-576d-470f-8110-baca9b51a296,Ryw,59,USA
e128c0c9-2e71-4ba1-abdf-8d49d96cf0d7,Kcdssa,41,South Africa
c6c5edc8-2673-45e8-b3da-3acbe7caefd0,Amgjzyspnx,24,Brazil
9fa3e085-6871-4171-945e-d8a40c065a27,Lrh,46,Brazil
c0099ec0-cd44-4e7b-b330-79eb1ae492b7,Ibtntimtzcg,49,France
cde041fb-b805-44b4-b5fa-2aef958759cc,Qlhtlt,48,Brazil
dbb0ebba-5808-458a-afdc-12398e8d888e,Oikpgpvbxqpd,59,Japan
f4f6ea5f-0c99-4ee0-8371-dfbd5aace358,Nrzjvbgfr,55,Japan
1db228ec-0f7d-4b82-8540-cb004e4c103d,Qitir,38,USA
c8a55abe-1ab5-4055-b6ce-b771b5c12999,Mwznbagvr,41,Canada
ad631831-a2f4-446f-a15e-586e85f0acfa,Ztlyehtjqup,56,USA
606ac33e-86fa-4b70-a363-812dbf0d074f,Jpvekgo,53,Brazil
971e924b-f2eb-418d-9b7a-9999d2eac780,Kxhm,44,Canada
7078bd4a-6dea-4068-bbc0-47ab32bf1340,Qqcnfqw,27,Nigeria
f0273c04-7a2b-4ae0-b273-289684bac51b,Bbdkigtlttfjgx,55,Japan
4eb86bd0-0d10-40ac-b984-01ac8e9b1be9,Cgc,37,France
74d49601-ed55-4456-be4f-cbd5e6c42f2b,Qtwyman,41,Nigeria
8ab6dbf2-cad6-4d50-ace4-36e1ae67d922,Ouagbupe,44,Brazil
65a51574-e138-493c-a738-1a550de1d0df,Xdfiitswgr,30,Canada
83732e9d-f385-452f-86a3-a9460102686e,Giwwqftqec,19,Germany
c9c5412d-177a-4696-a7be-940fcc141939,Lsd,42,USA
8e4a2b02-3196-43bf-9aa8-bcdfea708ebd,Dhqlbmrpxk,21,Nigeria
37f30fa2-9a5d-438c-9d33-e281b58a38ad,Dwtnmjgrtmtn,34,Japan
71b6514b-7622-40e8-9891-c86cec85dfa2,Ohfflzujjrfdqqj,39,Canada
fd7ca24c-4e0f-4e17-8ec8-74eed5674cb2,Teia,56,Japan
b625684e-c7a6-4b19-8436-12de8049e164,Akshwewabjyy,36,Germany
b5d0985f-61a4-40d2-8e8b-a3b5662e91d5,Waickp,26,Canada
e610fc7f-f16c-46cf-8d5a-1a31aed5b583,Bnxrvxgmotblm,58,Canada
9929a58e-577e-48fc-a5fc-096a7e7072a8,Txsdcxt,22,USA
2292e939-2e6e-4373-a1f2-df3cd2204165,Dkgrhozqirvpvm,35,South Africa
ef2efdca-316f-465f-b360-6107fc23bc1e,Klc,40,Japan
19145121-a93c-4a72-80cc-8999153aa5d9,Cfynhwytfjfc,51,Japan
bb720298-6520-4048-8069-92f0f7585b4b,Mqiud,36,Japan
211ed076-2ed8-4291-a59c-66ed6026aace,Rbi,47,South Africa
6b124de2-5a72-4321-807b-d5e64d6d911b,Ckklg,23,South Africa
c448c758-e70f-419d-919a-97aa96cc27cb,Cewum,28,South Africa
e08020e6-9e8e-44be-a7a5-66d7886bd5b0,Wncinhsclaeryys,58,Brazil
db34cab5-e99b-48a1-a9f8-aab7c26ffce2,Lljgp,33,South Africa
e8eb091d-20bd-403b-b713-265d73d643de,Olxnhxrdrznpnas,21,Japan
c9a8db74-9788-4f2b-8495-a868b83a102b,Tcqcwsglekwbge,41,India
32da993f-da37-4e8f-9857-b04928df22c0,Cwjylloj,29,Japan
7e401d9d-882d-4b43-b5e1-bea01080b25d,Sxqresl,56,USA
90db16b0-27be-4456-a9b4-09a8851db7a6,Vmemsuftfdllajk,25,India
10de82b8-6302-4de6-ba42-926692a7b9a2,Jyyje,35,Nigeria
0b25fa45-5900-484d-92e0-fab4793a1c1f,Hpxxpglsqvgwyj,48,Canada
e8fe010b-68f8-42cf-817d-cca181cfb4aa,Hnabfwd,42,Japan
f0ebfe93-17f9-40a8-b449-fe0cefedddf2,Vganoley,30,Japan
b2ad5b88-89f5-48c1-8c52-507f5a00f511,Vdkcmhzx,40,Australia
aee0474e-9305-49d2-80c1-8827ea90573d,Hyrevhiefxh,29,South Africa
2d99e229-4b3b-4626-8d2c-a822670c70d7,Lsfkeiqecqljp,36,USA
9763b020-809c-4827-a958-f3414522aa0b,Ofwxrmeyjcl,29,Germany
55a08c05-c414-4aff-9d38-98cab1b6fb23,Vlh,24,India
e3631978-54b4-40b0-a953-a12c71fa4634,Gbyrblfqdx,26,Nigeria
f3f38f00-2531-42d6-9a7d-06086052611c,Nkvzhktuou,58,France
6739c133-d69b-419b-848a-838725d4ed10,Otpvfhn,57,Germany
1e21786c-dd59-4b30-8582-3150ad778215,Bkndvepdvpvc,59,USA
5fbc1750-cc2b-4827-86bf-ec3d00298439,Lyxiayqt,46,France
8f2ffcab-7b76-4987-a04d-df23d7dcd551,Oijnlzhplbum,47,Canada
db1f4c45-c56d-4ef3-a68e-4ef24a581966,Berzfycuz,29,India
4a8118e2-094c-453b-8baa-9b1f64adccc3,Fmto,47,France
dab2e321-0118-4ccf-9a50-8b4b25c01206,Izsfpnmf,47,Japan
8735fe21-2a09-42a4-ac3b-694d32de059f,Jbc,24,France
92afe4b9-b8a6-498b-9782-6d979c3de741,Qwduzewfi,52,Australia
7ae324d4-115e-4e21-8c99-1c955ea445d9,Tfswir,28,France
f9ef7816-db80-47de-a20c-eb1154adf576,Gkzzkl,48,Nigeria
78493d31-7e63-4928-ae29-2d218ebb4dd4,Uyfgnbeclg,48,South Africa
f2fb8e5c-f0fb-4406-99cb-a4a624e4c0c8,Dehxei,51,Brazil
1e103811-a9b5-4de3-a08a-7a5577d7b4ae,Auvtmm,35,Canada
b7393978-ac99-4296-bef8-d9baa2334e8f,Osdznvcfm,36,Germany
9e59f264-1128-4e03-9f9c-5bfd0370d6d9,Irawrl,28,Germany
da119fc5-ef99-445c-a459-55e3b834e999,Hxph,35,India
e38c7c8d-c6b5-4079-a518-4e17b6f88c20,Iok,30,Australia
b1172877-811f-4417-b19b-0d79eb5cbd58,Kmxbddweu,42,Brazil
ce76bc61-401a-4d78-bc5e-d7df84956b7d,Zycp,34,South Africa
3479b274-d286-4080-b679-86d6f26478db,Uscig,42,Brazil
5b091c2b-81f5-4de5-b48e-6e8504b1ea7b,Esnv,45,South Africa
a9724bfc-ea41-46ec-a12b-ac9a8d745865,Ueebpydrsjslgi,51,Australia
ed7fa2ed-5628-43e3-ad2e-ac8f382215b9,Dfcrbohnsbmwuxq,46,Canada
6d3ea5d6-b999-4faf-9f0a-0bc1f05cef84,Rgaghitwm,46,South Africa
bc9fe9c9-ddeb-45b4-8583-3e5f0c806557,Tmrscnfyb,55,USA
72f366ae-bf24-44c1-a1fc-2b4d64f50eb3,Awmtdzajnuutnb,49,Australia
86b9492b-28df-4b1a-8147-f5444c080518,Tvuovbzrmcszs,36,Canada
ab98e878-8e9b-47d6-b62b-753212fcc471,Gxalqlkk,47,India
46f9af06-94ef-4673-ac8d-ac5648daf4f8,Dtgescgnfaci,35,India
f99e56d8-dc52-4dbf-bb1d-23c8a82dee53,Cwoe,55,Germany
ae8de14f-2d09-40e3-9f5d-e57b4dab40a4,Chwap,37,Australia
460cb32e-9c97-40f9-b56d-afbf57e31d79,Fciexbeserjwu,31,Nigeria
c1f779d1-05e2-4299-80d3-f69f16a27056,Ilspaj,21,USA
85422f6b-dfd2-4feb-b75d-671f021f4e8f,Hawjozvg,58,Germany
d87c9c44-f17a-47c3-93ac-a45b353c954f,Xpgopur,60,USA
9487abf4-82fc-4695-a7b9-78bcbe7bcbf6,Jrxrbkymzoz,28,Canada
66dd3019-2a22-431b-acdd-263691d646c9,Euurmftcuuksca,39,Japan
07826230-ab71-46ac-9cad-dfd5fab238bb,Eqv,53,Australia
5ba335fc-0499-48a9-a660-d102b76936d0,Tvietk,20,USA
c8f009d5-04f2-46a8-802b-83828add2d12,Rbdfhdhxqjbeja,38,Canada
88b88649-502c-48d5-8c4a-ba94e8d417f5,Mfdj,35,Brazil
1b135a73-4c94-48b2-880c-3c89420197a0,Tqsaisvjvpxyy,31,Brazil
1c55f093-13a7-4c22-aeb2-2b8be5d46021,Jsfchozuv,39,Japan
0485c496-a589-41ed-ab7a-bfb34b57de97,Zvkcrcdhst,48,Japan
516c9c27-c153-4f4b-a9c3-5ebb54161e99,Rsighykloas,60,India
31236f5c-889e-43f1-833b-856cb947895d,Vltigpph,41,Australia
e642c045-f317-46a5-b622-4b671d3ebdc4,Xtorwfb,23,South Africa
ecfa79f8-2611-49a6-8104-62bdd57880a5,Hkypzim,23,Australia
a6df9c12-9552-483e-9fd8-ef9a69b35825,Jzcdoqoc,56,Germany
6bd34f13-ab22-4aea-bcd3-fb6c544b32f0,Mhwawxtkyz,50,Canada
a45840f0-9ed1-41f3-af88-0f9dee2e0d29,Jfzir,43,Canada
c935acc1-7ee7-4e2c-b779-175a13ef537e,Rxlyde,18,Australia
3a60c752-0c58-4d9b-ac46-f2e318292ff1,Kbjdmwuga,48,Japan
58880ab4-b53d-4a01-af8c-35d2c84bd96b,Uoxh,21,Canada
51e45869-152d-42dd-b5ff-14ffcb808c7e,Vgzs,56,South Africa
5055bfdb-289f-42a0-b138-7c1d95c552e6,Esloamtz,41,Germany
47fc5789-2059-4dc8-9dcf-df3bd91efba9,Ruok,24,USA
c8f048c9-cf76-47b4-8c32-3e4bc9f20262,Kjsslwmfvgzw,36,France
9f181016-3897-4712-92bf-20b42f79817a,Eqkrhpvfijdvlcl,57,Germany
24282b50-8f45-410a-87f5-de05a3c7f71e,Qlqvprkwspgkue,60,USA
f6870c8f-c46a-47cf-987f-a1044a135a39,Svnivokzkg,55,Australia
621ba239-8207-46f4-bbd5-e79c3276affb,Aadzppsbjxrzwe,26,Brazil
22b82e55-60ae-40a6-9e47-33de6c3b7775,Zedlbaimhqwabw,28,France
d263933b-e6ba-4f49-a7c5-081297fb64de,Xnbjt,58,Germany
ab9753ee-9181-4a9b-97c2-bcb45cf51714,Aopxufpqjvp,23,India
6ecaebb1-4bb6-488e-93fe-ae2d33ff8ca1,Ekadbvno,27,Japan
8392f4ef-553a-4fb8-b04c-4c094620a9fa,Ltv,25,France
8ad09664-fd82-44d4-b1e2-8c143e64c74a,Uuqpzk,56,South Africa
c360cc62-69e4-47a0-be46-35217e921926,Ywlmoummfwseisj,57,Japan
9a77fa86-42ea-4151-afde-dc60e5c0c029,Qtkjq,53,India
eafff8e3-26d6-4a0b-82f0-87c8c7a34ee3,Qtzi,51,Nigeria
fe734756-a401-41a1-9d1e-c91c68aa54dd,Zpminima,32,Japan
66d08f8a-bb7c-480b-b450-5d3f47b68df3,Vcj,26,Germany
35d130c8-d56c-4e39-b163-aac028af1ea8,Tplkpqqvqg,49,Nigeria
69a04996-fd8a-4b1a-9197-3c095536dcf1,Gshwtzwf,20,India
7f3fba69-cc17-4617-b234-b7856b08d272,Jjokuukyscsd,27,India
5799ede2-1f0a-44e0-90a6-09f7271ae529,Ceragtznekbmcpe,54,Canada
7b629757-6acc-4200-aaed-910049521c2e,Eixx,22,USA
503ad702-bdb7-41ea-a416-a8e1271a06dd,Blbkwvvdpl,60,Nigeria
5ad8e528-89e7-4d50-8dc1-f3e3aa533527,Dyrltghrbcqdwm,51,Nigeria
33766dc6-6362-469a-993a-e4922e97a8bb,Xidhjyblted,21,Brazil
0f454886-5480-4ae1-bb50-bc580cf53aa8,Emsutaidbvi,26,Brazil
192a14ef-da71-4fcd-9c2f-3c3ffe760853,Srbfjvp,44,India
84976399-b490-45c7-9a28-afabb56229a5,Dadmoscs,26,Canada
d020d99d-19ed-426f-891a-ea5a044a3449,Ilj,59,Brazil
660d6b00-c6ef-40a5-9976-93027a99bbde,Fjhout,35,Japan
a11d7b8d-88b9-41ad-8f54-d810b7b21457,Edtedrehij,56,Nigeria
e745affb-a980-4873-b7cf-e284f11c894b,Ijtozsgz,51,Australia
bac1a9ff-c125-4c32-a746-2b25b3fd26b7,Dvmyexcj,27,Germany
f13a40e6-018c-4b1e-8542-55a00a19f63a,Nrfoihqya,32,South Africa
23533166-0836-4573-b0f7-07293879a92a,Yzpasnqkcbst,24,Canada
935274d8-3a17-49e5-a2ce-db043bdaf4fe,Jydwqy,19,Brazil
07f67d80-9273-42d9-b363-0f6ecb676012,Ssmv,47,France
c0c6417a-694c-43c6-af32-545ee4587fd4,Hynssusycscq,46,USA
d37644fb-9bb4-45c9-8376-a58210dd6e6e,Osmnpi,31,Japan
37af2fdb-1d78-4998-bb37-b6a294e17ca7,Irzlroozsh,40,India
a8a568fd-5d9d-477e-8f5d-9b82f27af14a,Yaasjxftjarwdj,60,Japan
72c10c00-106b-4475-a1e2-f587a6b18069,Zajgliofrp,36,Brazil
4e43d5d2-e73f-4f49-a242-520d7fe57254,Vkshcnbtvja,52,Germany
ca86f95e-dfc3-444e-a8d5-6b3531723f9d,Etexjmqkkmtef,27,USA
917ab40a-3018-4e6e-9d7a-cf0a6e7fe021,Agkxagfcjzi,27,India
4516c674-1c87-4c9d-b441-e4f5580ee934,Loucmqokz,24,USA
45c904b3-5f51-4d15-ac20-b5780b49a98f,Mugbwlvbjkbqgn,49,USA
9b9b5aa8-056c-4d5a-8437-eae973df7f7c,Spmiedhlv,34,Australia
8cb96437-2de1-41bc-bfde-e2bcc1394215,Qnh,27,India
2208732b-7fb4-4e0a-9a99-31d379bc28f8,Wblmfxrp,38,Germany
d89542fb-a6cb-4627-8b67-dbc9bd029e6c,Kra,33,Japan
2afb6488-c281-4401-b0d3-b62c97ad4a92,Dfg,20,Australia
630ac45d-a7ba-4649-b4e3-b7c3b705c3cc,Seymracmr,35,Australia
36587058-0488-4bc2-ad3c-0c0c5eb0854a,Dfvjcdukrnfki,49,USA
fe1ee212-645c-4a91-9bd9-6000805b34c0,Trzjpi,60,Brazil
1ed30496-baeb-48f7-87a5-779d9fdf438d,Zrce,50,Canada
f5d1e9e1-e291-464b-a8dd-d184d8bfe1cc,Syo,34,Germany
8c785cf1-e733-4ac0-ab1a-b826a76b4d7d,Uvahl,35,Australia
9b85f52a-97f4-4986-867e-b180cbdb97d9,Ahvygmme,19,Germany
bf7784e2-8980-4afb-b8d3-83ea7e6941fb,Mdgqocr,47,Japan
d0eba62a-1aca-410a-815f-64be2df19b67,Qzjouxtokaxfpow,19,France
33541707-1706-4c09-aa9f-8015de4c1c5f,Rzticoaszvjq,56,Canada
3cd5dda2-e591-4800-9c24-49619650b140,Kcdeihwtfelt,23,Australia
2fc9fef8-1bf9-4295-b2da-6658d8985d10,Ilfq,28,Nigeria
7d3112b0-a6fb-42d4-b607-18299bb4fd7b,Xmlegkfyaccs,56,Australia
2833ada5-1183-4b99-ac46-be4ef95bd9fa,Ossrqmxoayrgh,31,Nigeria
c67fd68c-b7aa-4cbf-a379-550cf3fc0684,Dbh,54,Nigeria
91bcc698-d7b3-4ed1-b756-6d8a80190fe5,Rcjxkoblnhie,42,Nigeria
77bebbe8-81bc-41e1-98b7-d700c5b927ee,Qumsfji,38,Germany
718cf2fc-ce2d-46c9-aff1-f2b87a6d75a2,Nkrvschpl,30,Japan
5b54f5e4-b03f-4cdb-8a18-d0456d6450e2,Buyczxsnavudpds,54,India
db9d8965-012d-4b5b-b840-1c84fd9292d7,Amydfdemrgptnjm,30,South Africa
aee53c0b-3296-447b-9eef-b39b528ee7f2,Eyojgtsyzkdwy,60,USA
2af808d0-af8d-4133-91a2-7881091ebee6,Zjopupde,32,South Africa
6891c6bb-3d4e-4750-a4c2-7df1ca17b752,Qjyzotzakcxir,43,Brazil
d33693b3-2fcb-4e41-8e8f-a7b6f7a608c9,Epfiiksqhtrg,55,Germany
e0c11732-20c9-4d66-8a24-ad77adea2c2c,Hlqqnbn,26,Brazil
bf16a356-92b9-4640-9aaf-06efcccdc707,Kkxdjcmvvflfnf,26,Japan
a5d6f5b0-c295-4857-bb10-0554e2281a32,Zpo,35,Brazil
23f2ea98-644b-4ee6-82a1-11380b7bda40,Aravvveseszlzj,43,South Africa
9f6d615d-86ca-45e9-b984-bf97033b2bce,Stocsf,35,USA
9d07a604-0d3e-4b5a-a502-56685b676cd4,Zxxast,42,France
47be06b2-e998-40c3-a359-10dcaa9df0bf,Fmtofpptjjqzjm,37,India
4ca837eb-8155-4bc4-b5d5-a4fbd3cc4f40,Flxi,43,Australia
900c2a1c-18df-4d4b-af12-a0595ab1700f,Cgclxvjm,41,Germany
4987672d-5063-48ef-b2a2-50d9ed083fc0,Nxcisirem,18,Nigeria
ea0d2f8c-4761-46e7-8d16-ad8930caf2c2,Vxyd,59,Nigeria
412fd866-6c4f-4a8e-ba1e-5632d9ca7097,Ueqgiiek,46,Nigeria
8fc29470-3679-474a-a184-6b1ec5806ea8,Jbrohv,40,Nigeria
21def0f3-7a0b-403b-b073-5ab0020058c9,Ktbjpnhhdllnka,51,India
911cb907-92df-4d91-a83f-9c7e1c0b9d6a,Ukgswxvsvpyypp,24,Australia
3ff3bf22-bdf0-46fa-96c6-4c293619437f,Evchxofmpngp,56,Brazil
6d578f9f-f829-4ee4-a256-7af28c69e8d8,Dlfmia,46,India
151a1936-67b6-445b-b859-bd3e1c30b3f0,Cuzf,34,Japan
426eee85-8f2e-4663-aaa0-2a8f8d605e61,Phkt,37,France
c4b58d54-788c-4a69-9d64-a198da455b9e,Icitrp,42,India
aa9005d0-a959-44ef-8921-e02a8953264a,Mbajzabwzzrrj,60,Canada
fb93d9e5-bad8-4adb-85b8-e3b8f0f520b1,Lbfzchttzq,48,Australia
967cc5b2-44c0-4706-9d35-d69f1c2fd590,Mia,44,Australia
ab3157db-98e2-424a-ac74-cc1877b53f4d,Jgrvcnz,59,Australia
885d9439-281f-4131-8122-57ae1248ae0e,Oxvzycodnbjg,56,USA
b693c0b6-4715-410e-873e-eb79319ba2af,Mdhulgni,59,USA
fa271268-0791-4ff8-ba57-c1725e115826,Yicfyhnphve,44,Australia
2b7cac5f-de5f-403c-9c09-d13f087ad967,Mkxcvr,44,Canada
a23162d0-ca9c-475d-b682-8130c34ade78,Owsz,60,India
96468c1b-608b-413d-8485-0405b5a19234,Utvcviyvkp,55,Japan
f4ae7e45-ad91-4a37-a6a6-e6c3080c7adc,Ihgdxmfxxqvx,28,Germany
d68205d5-75d9-4453-9bf9-0e600d7373a8,Wpwgxzhiz,28,Germany
b7af2ded-5973-4e2c-a795-5541d54ec305,Mphfg,35,Canada
34c454b1-27d4-41db-b767-ae5591ff0e67,Khiynodzansa,24,Germany
3bdbb9f8-e847-492c-bf06-63372e39bbcf,Ajqqwqcjeujzkd,51,Japan
56fb9f32-77dd-4c6d-b0ca-37a8fd3c03c9,Ppsxwakmxzxxadp,36,Germany
6a913437-246a-4bdc-9507-9be9fe92bee0,Akuuui,21,France
e8d965be-0937-498e-b6f5-7b13aa435874,Jqvvpjwe,50,Japan
e6aefe0e-aa43-4376-a1c2-e55855783b39,Oxyeukwfrjfnl,44,France
39cc2677-849c-4fd1-a08f-c6d798d05c5b,Vzwnzcgdkvyy,31,Canada
9ad65e1d-5bcd-4036-84b7-bb9534b74405,Wlenmng,57,Brazil
1345bba5-834d-49ad-b911-772c385a2de8,Lcd,23,Australia
6afdcdce-9fc7-41ec-a564-1d04b00814c9,Jyyrfcsddinzv,54,France
357220d8-f395-485c-a085-b1b26f586a4b,Vqhbozgcgc,36,USA
7eecc8ff-6d4b-42f4-b021-d2cdc1f7fe10,Uhy,31,Nigeria
d864fd2e-9aeb-4c30-a16c-68662a2c3582,Umawx,42,France
77c03ffe-aa1d-4452-867d-ef31c34e64dc,Vztqvpedinojdxb,34,India
e7dbb2d6-b14f-42e5-aeab-786d3576c6ea,Vzsycdcu,42,Australia
1404b253-d142-4a58-8ebc-f6d242f5587b,Kuq,19,Germany
d73bddf0-8450-4209-bdc2-1cb035602429,Kandjczacmhdog,35,France
dc14653e-fbe7-434c-8784-0dd8ba07d01d,Uybxxibfd,30,Japan
2d5c1eb2-e1a2-4758-94b9-a0bbe4f3baca,Byeuoezxa,35,Japan
0685df19-780b-4a6f-bd97-dfd642b12cb9,Hsyhylzgn,32,Germany
b98d24be-3c7b-40a0-a2ad-88a22490c6ad,Qluxvagu,46,Australia
728f4d5a-5ea1-423d-b5c6-9b341806a4a4,Gdargssjkwjqo,59,South Africa
922c69cf-7990-4d80-ac43-2ece72a98d7a,Pdt,20,Germany
69cef2dd-b7e5-4f16-9e0a-749e9ae31fed,Lctdfixrqaqc,44,India
60e8252c-8563-495a-8db2-de04ae998151,Ewuc,57,India
c35cedb1-e9c9-4b38-aa53-635f247b0881,Gcitmnhqb,44,Brazil
88f75153-59c5-489c-8fe8-dc2f944c3f57,Arbqmqrutpuly,19,Germany
1dcf6fdd-27a3-44b6-aa5b-e875ebc55ba0,Bgtozwn,42,Germany
5a743fb0-a336-4c2e-b64f-b3c0cfbfe883,Hrffxcrwdzsiiwi,30,Japan
1796bf39-1faf-477f-945f-7c1e89e4ab2e,Xot,50,Germany
31721906-f393-439c-8b67-3e93c02084c9,Psjubil,30,South Africa
c2e9e499-a9ea-490c-b5d8-ab4a56872db6,Qwuxqcgztncy,21,Germany
5167c87c-0045-497b-a698-0edc5b07cca9,Mevcrpepnrsfowx,33,France
7422b960-525e-4e85-bc8d-7bb04af549be,Ckfcwradn,56,Germany
e44c3ef1-40f7-4c51-b517-8fdb01d60aa1,Etspx,30,Nigeria
2b23dc4c-a3f5-4de3-b97e-e1889113a8c6,Buwxgillva,18,Japan
5771a9b1-0343-4e58-a849-21637e06f6a4,Smdqiofpcdk,42,India
dd95635f-7070-44bc-858b-9ec7963404c0,Vuophnwbaqj,25,USA
1ad93aeb-148d-4c48-bb50-6575b739e6be,Gwzrbzzakp,51,USA
811ee8cd-aa83-44d4-b175-fb8b11ccc5ce,Dvydhnqyzujd,60,Australia
c36d6a84-0e6f-49d1-9390-d67f6c4c1b35,Qebdvvbsgpefgg,31,France
b0e1420b-f08d-4b63-88d1-321b066b47cf,Pmlkolmlwgdwm,18,Canada
b5255561-7b81-4e67-852f-6fdb49d05c9f,Poulifolwddz,42,Japan
f406ec94-48cc-4110-99d0-000faab4b4b3,Aejjx,39,Nigeria
a3c05621-1dd1-4ef2-95ba-f9fee9061234,Zsftitw,50,Canada
9d78ee23-0b9f-4625-96d1-fa00c313aee6,Gbfieiqrij,30,Germany
f7032413-770e-4f6d-9b76-9f2f1a5f11c5,Ual,20,South Africa
ef8c9578-c9a3-4b6c-9a33-79f436ce4cc7,Icoot,39,USA
ae630523-30ee-4e38-9657-9876be967bd3,Azx,53,Brazil
3c227655-71ee-442b-b0f2-e9e127dc6986,Snrgdapfnrxmks,34,South Africa
32180fab-d589-410f-a471-906ca19a5444,Herbdidzortde,24,Australia
dc10af3c-a3f4-4620-9aa4-3044a4177432,Efftpbakacouahp,58,Germany
6b2e2be3-6173-449a-b358-e198869ae743,Hqdcfzcddbvgxip,45,USA
c8062abb-de6b-4e08-8411-4c80212b1abe,Rvkaheoohnaphr,20,USA
6234b813-fb95-4353-b58f-1fd50c7d7586,Mvyplmmzk,41,Japan
da0509ff-887e-4895-9d89-2319ddd7e90a,Vmoitne,36,India
60cecc85-7a12-4e1e-a778-7147f0f1a562,Kdqyxadapahinol,54,Nigeria
d9a24473-a2e7-42e9-bfc6-77c8ef128165,Syfujlbpho,39,India
a5e6b585-bc60-4412-bd80-b5b6c26b505d,Mcuaiiihdxuzf,57,Germany
84e48747-94c2-491f-8bc4-23cb1311db80,Qxolqxtfo,31,Australia
08177409-4829-4bed-b031-db1710a449a7,Teuraldyk,22,France
539729fd-7486-4193-a396-9b1a992368bb,Jsg,52,India
e5d2862d-1724-4010-99f6-9551b597c152,Hqfku,53,Brazil
7403faf0-ea0c-431b-b812-6e776a7ed6f8,Uquegyjwmcslxyu,27,Australia
83ddf406-d559-4265-a5db-7f03f1f724cb,Tcwmk,32,Canada
b561ca44-748c-4530-a53d-99088c409827,Fqonfid,48,Japan
65f48850-088e-45c9-b362-762ff46edd24,Fsls,49,USA
0cec88fa-d343-4a4e-aa62-4d555651d650,Cgowgjg,44,Nigeria
137f3e58-5b62-4349-ae27-fae9ad104c87,Rxsaaddst,46,Nigeria
2bb0fb82-57ff-4045-bed8-29549377aeb0,Jenrrvbvkn,47,Germany
1890907e-7b74-42e6-af40-aa3342ceff57,Nxzwmz,57,Germany
9f342e0e-bd6f-47d1-9c6c-340aaf12330b,Fixbnfrp,39,Canada
6f3d39bb-4654-4a0d-9893-ca0cfe32fb57,Pzzrvluhljyeks,23,Nigeria
6f43527b-fbf0-432b-a81d-0ef8ccbd639e,Hnrtsaxfjvrwep,39,South Africa
88406d47-c8a8-4d58-8673-b912adfb60bc,Zbbvcaoaxwgfl,43,Nigeria
7596dde5-d4bc-4a52-98de-0de5a2070182,Kycfgfzfjmmfcru,27,Germany
d880ff0c-2da0-4c0d-a424-db86843b00ed,Gamucn,22,USA
daa3c6d1-8eef-4678-ae8e-ba9a7c9e1cfe,Stjcz,52,Australia
d121f811-d5d8-49a8-90a9-b3b49b013a7c,Uomxahfkgxto,18,France
27f9bec9-c58c-4810-af09-29c400b84dbd,Hljvbo,47,Japan
42fdb156-e540-4e94-895b-9b5fe18efc6e,Yvzli,37,Brazil
bfdac8c5-31c4-4964-8887-5c3876aabfa9,Iaqx,38,Brazil
f1d972ea-9215-474f-956a-f5f6241b7c70,Jrs,56,Canada
b9c81c20-76f5-43fe-b541-7afdcaa15bfc,Bmvyw,27,India
4bef5590-75cc-4d7e-8a53-2b279a0e4c34,Tjmkbqjhf,20,Canada
a4790269-56fa-4bb6-aafc-d64945f39f51,Bzebf,28,France
c5c63a57-bc29-4e0f-832d-7354f1301ad5,Pvqjxclbyvcxu,42,Japan
47f52913-a78a-4d46-aeb5-511ceb0a82cc,Ykzvuhwwgiqa,45,Nigeria
a87619d1-c5b5-4940-b0b0-c0d167ba8bdd,Wmjbb,35,Brazil
b6abe3a9-7a59-406d-96b4-dca79e35b9b3,Oxglyibzuzzp,50,India
e6506142-e6f0-46aa-9399-0e2b82469bae,Koxpw,51,South Africa
bb6fc5bb-f1c8-4c4c-a9ee-81b495eaa080,Fbdcfhfhlrmgdcw,60,Germany
1f04da4d-50df-4401-820e-992f17c67051,Gmserifwi,51,Nigeria
87d131fd-4e21-488c-91d9-b54d296752f6,Wdreplgn,29,South Africa
32eda701-abd0-4ea3-a198-be96654eb277,Jup,21,Nigeria
a047a9dd-633d-452a-bf68-a802cac7866b,Jkiakzazfixwg,39,Japan
1a3b35bf-bea4-48ae-9705-0457e830177a,Asmmb,48,France
37e28aea-e12a-420c-993b-102e60fc0e03,Tgislrdwv,55,Brazil
01e042e7-60a3-4431-8eee-c72f74947805,Pobotavk,55,France
428b146e-d35b-42fd-a35c-a9c5cb0b1ec6,Ngjv,25,South Africa
fe4df04a-6b1a-4381-bfbe-daab8ca3bc66,Mnmnrvvrmsinvbf,39,South Africa
e4857801-e74c-4ead-b514-0fa471fbe38f,Bwoorm,34,Canada
f5feac0a-9288-46ea-b4d5-c8442ac1a2d4,Pnyax,39,South Africa
f676e11f-5e05-4f56-b183-f3b120e1f8f9,Rkiprywbuq,23,USA
22a6c9c5-57fb-4877-8d06-04bfac341dc6,Ujyfkj,31,Nigeria
b4e813ac-1b35-4b14-add2-d51b01dba855,Ewjatizrzeq,47,South Africa
ba9a7ad8-381b-4e90-b5d0-d2ac00726808,Xokvfeiclncxj,23,India
56b6c318-4617-4e86-bede-63edbf751821,Otcpe,24,Brazil
c03a0dd1-b4b8-49fe-9d52-81ad88aa5cc7,Omcv,37,USA
e034783b-e584-4eef-94d6-4ac84e7fe65f,Nstkp,37,USA
2943751d-48f9-48a1-bcec-ea590e09068a,Npqbitraaa,29,Brazil
16310f05-ec83-4815-934b-761b4f7ccbac,Hvcwlibamg,32,Germany
334fea7b-f66c-4644-9fce-528816291811,Zbryjwh,39,South Africa
0b186968-e48e-4ae8-96cc-6ca7f6cd20c6,Hgzfiaos,53,Brazil
91032ce7-ef02-44c9-83bc-342e8661d397,Aljfyrepxyrum,40,South Africa
a9b545cb-9161-44de-bce2-c4dff7dac549,Lnkbq,48,USA
8d30f336-b465-434e-9831-d2247a5dd035,Sefnxxexieomq,36,Brazil
a8b4eb1a-657f-46f5-9d60-bd72dbf90a2c,Mlgc,50,Germany
da881292-b0cc-4f72-8ef4-99cbc0922fc4,Ehtrgfc,50,South Africa
c3a87a10-4131-44dd-9a97-0b49da649c52,Ldhbzujmygxjb,21,Japan
b1be1ccf-cf86-4d45-9f12-5b22328895c7,Nyyd,50,South Africa
3716983b-042a-4c9a-8721-219ad1e34d53,Hcofod,29,Australia
016a85ab-8796-4286-a445-af568e8b72e9,Bcryagqbgt,30,USA
5d6d5b0d-70a0-4202-bf06-2441423f1469,Dntidstmkvylsk,28,Canada
3b4698d6-ec86-4391-babf-cd10f906a620,Uyo,40,Nigeria
84a4b3f5-2b84-47f0-999a-f4ecd3495890,Hpzyn,48,Nigeria
207efd5b-0fc4-4b94-85f3-093ba4974295,Kedeajxehpcbq,55,Canada
d6653675-71da-4a84-8597-d2ca4b999eae,Konsyvczum,27,South Africa
d8498f25-7e9d-4060-b87e-2c9b66df1568,Jngf,29,Nigeria
c339c4ff-a44f-4b13-b833-21117c66944a,Pgbxmnqr,41,France
821750ed-4794-4701-a714-dec6096fe423,Hspszaarerk,26,Canada
1aeefa1e-8391-4c5e-babb-948bb64c8d17,Jqwej,44,Nigeria
b6dd9f5c-34b6-43c4-91b3-0f9aafd08b79,Pfomdrc,33,Japan
fe64ebcf-c958-4ef2-b632-28033d0551b9,Etpblcokz,40,Japan
ec7b4ba7-fb90-443a-b2ce-2c725f2b5cd8,Crqnopjktlb,35,Japan
08ca9c34-d508-4014-9b70-6f234f35b8de,Zhxqsgzvhkga,40,Brazil
1eee4ac3-3eaa-4160-8210-b63e29173784,Govihnwnehsti,44,India
ecc278a7-6bf6-46ee-aec1-20278025a7e1,Xrfywuqnpoqfelq,25,USA
3d71fc58-326e-48ab-bbbe-727478fadfab,Yrqnrukjigku,28,Brazil
50f42bc9-053a-4e2c-a385-1bebb13b2765,Lexxhavaqq,18,Canada
c8f43625-953b-41f5-b095-d06a6131bb0c,Tjlnganepijww,19,Nigeria
e09c8370-2416-42a6-b752-f47c142ff69b,Uwflqbozilytaza,24,Japan
393f25d1-d172-436d-87fa-62d9dd8425d1,Vvzifcykstli,54,USA
a0791419-9396-441b-ac2c-1bff85883e4a,Qlylqcnbfwloo,20,India
46394715-376f-4c3d-a3b7-3f3996e43fa9,Ijnwj,57,Brazil
2a8db3e5-a45d-4406-a52f-41ad69c98ad2,Taqsiczwrvi,20,South Africa
26c130eb-2648-410e-9f5f-3ab6ba67a415,Nwtrqyrpbq,48,France
cce6c702-1b84-4119-a2f9-77cb1795b664,Zfhp,54,Brazil
49fc1e4c-78de-4d15-a0d9-d969429bd9bf,Bituhprwkxissgy,40,Canada
f89fe39c-1e12-42fc-a4e3-0ce96c3387f1,Fezdyzxejoms,52,South Africa
6eb9a000-bea2-456b-bba7-e0bdbe0774ef,Claqpywzynhk,58,Nigeria
2efc07bb-4d5e-414c-8108-9e1569364d01,Myfbcjrpdrdyqhn,29,South Africa
e5c1ee8b-e0c8-4db5-9743-39bde1cbbd6f,Wmnvgjeztyqsm,23,India
3f8a4dc8-1317-446e-b938-f7f2b251080a,Ehdqgbezfso,36,Canada
6918323a-13fe-4985-ab3d-01457c3eac2f,Xzwsxh,40,South Africa
22027e3c-c941-4ed6-b8e7-cb99c848b483,Fpsbqth,43,Nigeria
d5b999e1-b810-4f5a-bf1b-6fe07241f1e7,Ncs,20,Japan
98846a1e-90f4-4136-b553-26a68bdd3e2f,Strs,45,France
6b233aaf-a06a-4a44-9130-be852e9b40ab,Xbbukzyly,39,Japan
53dedc02-240a-4e66-94d9-d059fb848a1b,Wodrypqbbggpy,25,France
8441e7ce-7058-4395-859c-435898b27498,Zmlflsffw,21,USA
3cafeb15-7079-4b7a-883a-4c7d6dbc09de,Ootuker,36,Japan
3e354cdc-a616-473e-9be3-3929a4dda64b,Zhjkuhepvmlfjax,25,Brazil
647cea38-bf03-45c2-af43-d8986853511b,Czfhlk,39,South Africa
6c2efc67-4155-4add-8487-071c69813c39,Cnkatcyrcmwmc,19,Brazil
4ee69119-9ff7-4a00-b121-096b4343a1c1,Tamhijwdz,47,Nigeria
9bd0fbe9-5c66-4b3c-a1c0-ac9e2715836b,Asbfbdm,28,Australia
abc1b115-0977-4f24-9321-c2cce3ecf146,Orgoa,47,Canada
75bf60e3-7619-40e1-b6bb-e7b189db468b,Ntmxccmkexvi,41,Brazil
601d4567-8e39-4a17-b28f-c54f5cdd4940,Yrwwbpnlzfvo,27,India
3039bdb0-63fd-427d-98fc-b5631a4460c4,Xmksfvffygtj,60,Germany
b8606bef-49d0-49b8-8deb-cae75baff4ba,Voaccyxzkykuqy,28,Nigeria
51b70521-434e-49d8-aa48-073a749f97eb,Gabftmyuxduzme,38,France
ef9c2df1-4e42-43d7-83be-120a6e6b8328,Lkszmjoknoa,19,Nigeria
402bb874-bff1-466d-8004-fe2c0a2d0db2,Jtasglvyz,43,South Africa
74648d33-61c2-4320-8af7-e0ac06a72ff4,Inagcgjwsv,20,Canada
d7c145a2-ba5d-4d2b-a3c8-e36e190c85a8,Ubb,55,Japan
37e6a283-0efa-4202-adfd-1af7776bb79a,Eijv,19,Germany
f6cd6739-28c2-4789-9446-f81060aa5725,Ioczdphlami,28,South Africa
9be78c33-a136-4b25-8718-d106cce20c98,Mwywemzymacvygr,24,USA
54c4ff59-9db4-46ba-970c-9dba13427017,Uillmtkmoubtemf,28,India
c883944a-107a-4f62-9f96-0b20af0374b9,Pgodaue,36,South Africa
94daa570-78e0-479e-9861-384aa9d4d9f2,Fnuzgbiwlr,42,France
4380d0c1-5efc-4087-8655-6fafdebe3e7d,Vyjns,23,Nigeria
1b61d0c9-4335-4576-add2-296832c324f0,Dztshli,33,South Africa
89290511-ec4d-4f38-ad46-b35b1c95377b,Qxawv,51,Germany
cf621d4e-6d05-4b4b-b412-87a5aee30850,Jpmb,58,Germany
4f45ab18-d896-43f3-a836-4e74b347b395,Zkrnimps,45,Germany
f19d2e41-ab9c-4d39-8fb5-6867de76ed24,Peekhtridmzp,34,Germany
20b93ff7-712d-4893-89c3-97dc2c862ee5,Dyjaeoqbn,32,Australia
ea070360-e9bc-49b7-a2d6-7d845e161433,Hamk,58,Canada
af79df3d-ee13-4a31-a2b7-3e15d4ac3481,Gbcerivwogmkhs,59,Nigeria
5a02e7ba-e481-45d5-b6fa-259bf533cfa9,Aonoofmkuery,24,USA
eaa7995d-441c-4756-a7e7-252bb820e45f,Alowiyuxex,20,USA
3b77d5d0-a773-4bd1-9edb-77a113f1fb18,Ctqunzira,25,Canada
e16033b5-4126-49dd-aef6-92bdae46394a,Iawbwngofhjzb,47,Nigeria
933afe65-29aa-4dd7-b2c4-44e60bc4261f,Xebxgmoeolkqpea,39,Australia
deba02f6-cc61-47cc-a6a4-889fd89d4fa0,Sotbh,49,USA
0e343cb4-8f59-41ee-85bf-89fb0c7a5d76,Hicodkfccyexz,22,Japan
6ed3891a-9ab2-4254-9da2-3979db09397a,Ulgajjokkrhpqrd,22,India
ab553e14-7c05-498c-bdf9-8bcc09b897ec,Znqcobeijk,55,Japan
a2baaad8-e289-4aec-bf71-8b69ba11ead4,Sahocvivpaqky,19,Nigeria
c396dbea-b0b1-4521-8066-418ed7ae9c7a,Cdzbki,54,Germany
cba699d4-7772-40a4-8393-aa37f7129f32,Xcpgkeieem,28,Brazil
526ac4a2-0463-4492-9451-53fc41764c7e,Qbbnawzunmlpb,38,Germany
706f5c2c-2b87-4d84-9ff8-1034afd29987,Rkdp,52,Japan
3a71a8bd-2d77-4b1b-b20c-666a2bd72770,Ylva,29,India
12736de7-d1f5-4e9c-8f71-42945cb0865a,Pnpbhxre,25,Japan
605aa688-6e4e-46ff-b814-5d0e1303d65f,Ixflrdkw,59,Germany
5de0752e-2c07-48e4-a458-046669800225,Fzysbptglbfuf,23,Nigeria
9622a190-0ab4-410f-ab43-64f64e87f77c,Odr,28,France
2a03b92f-9d5e-4e2b-9cb9-a95af47244c6,Jwgaiatfkjbvzim,46,Canada
c7df0a83-b01e-45a9-a7f8-ac4429b12402,Ophpppmmk,24,Nigeria
f0e7409d-0c50-4bcc-9644-6265bea796b4,Wzozfgjsqo,55,Canada
f91bba6d-3977-41e6-9f95-7239d5d99c8c,Nxcahgp,26,France
92babfd6-f6d7-455a-bfa2-94957a069307,Euwxpuu,57,France
0ae2de3a-37b1-4157-92e4-5babebd4c5a4,Krskvyzcbgc,56,Germany
92e62397-a16a-492b-8cf2-36539711c4d5,Uhzqznja,49,South Africa
05e915d8-465c-4fc6-afd6-45116f4c57f8,Yqrik,53,Nigeria
53aa1e39-4c17-445d-8b96-57360630c837,Vkj,30,Canada
0e3650e2-6cda-4ca2-8179-7cbb8e45023e,Doqpzsmofiagl,47,USA
a22f7325-088e-4f26-8949-fcc193ded17b,Pxjufyra,40,USA
662ca034-1a72-4613-8681-21eed14e934e,Fztrykf,48,South Africa
9a7e986f-26d9-444d-93a0-d6ed923ac3f5,Pueruyyzbwl,56,Germany
ca7c99f3-87b9-470b-9d91-e9437d88324e,Uvq,33,Brazil
6cc821e2-7e9b-416b-9f51-b94f1311e063,Fpsbdjglx,37,Brazil
2e4a3053-7d56-448f-bff8-21b78ec31411,Blccxyojjaoxjxg,35,Australia
6e94e282-eb7e-4be7-b40d-406c825abfa6,Pmnuygr,32,India
4d6e5d1b-1db3-4833-ad58-f165a13a76a8,Pxknvanj,42,Nigeria
cdabae7d-6bff-4105-b031-56d6367f4052,Hzriga,51,Nigeria
851d7c00-f1cd-4be2-bb79-f788d7d067b8,Rhxwcqac,55,Canada
d5913983-30f1-4d9c-8ce6-6ca25a48e666,Qsca,18,South Africa
908c0481-b719-45d9-b0b9-56764eb133c1,Ytlpoqzijmu,40,Canada
3456e1ec-38eb-412a-9b30-bbd38aecd135,Denwh,21,South Africa
4b5825be-c4b3-49dd-b37d-dbe2264eaf05,Rbdgxzxozhjux,18,South Africa
44fb4279-06b7-4fb1-a49b-0e6cf8019e58,Aoxu,27,France
ec5be5c1-de54-4ab5-ba7b-d8fbcf7b51fe,Wtfhmktw,59,Germany
f90b2490-8447-4d4f-8043-8ac374fa82ad,Ezmtybzpml,49,Germany
21e3a5ee-9264-478d-b70c-0d70aad05cc9,Vqtqupcamrnwlk,58,South Africa
ec1391bc-1f89-4e3c-a997-6aa84bbdb919,Fotmwv,44,Japan
d3214567-d0f2-47d4-87a6-84c80aefa38b,Hijqvitteuelf,40,India
5ce9c4be-f709-4fbf-ae92-d4d54233057e,Inqau,20,France
5becd8ee-875b-42d1-be94-050a2acd61ea,Swsw,58,Nigeria
46d0837d-9a78-476e-87c9-19adfca123e4,Tcqchyxjvhnkau,43,India
8e5f7d5e-f321-4469-885e-5c513d9cf93c,Fmpfsaqu,22,Australia
113719fc-9704-4480-a8cf-4095b528743e,Uqrlscxjsrcr,26,India
1744e889-2ec3-470a-a59b-9f7c13d4f5f2,Odfewgyqpiowk,43,South Africa
d941795f-8d1e-4766-afa8-9c1bab3f6a62,Qktvasva,33,Australia
37e03542-de9c-4a9f-b5e8-69d5a41c1d8d,Sdudkirtta,25,USA
9bb802df-17a9-48ec-bdc0-4ab30bcfbf89,Vuzyxrkztqappkd,43,Japan
00dfd023-9e72-439c-a834-1b6cdeca59b0,Lpisgygbtrwmzpe,41,Canada
85d99fda-3ef8-4c82-b5db-0d19a7c663ef,Fgflx,51,Japan
142fe6b3-5347-4ca8-93aa-592c2f1c8960,Xqcnmjabto,58,Japan
03cc728f-6aca-4a3f-9e8c-c993b929cfb8,Qkteguese,44,Nigeria
f7b45187-d20d-48f1-ac00-689894dc6a81,Wexoz,58,Nigeria
a6fbbbd1-88c2-4df2-b136-49d648533b19,Rhlikr,50,Germany
e262af03-57ff-4c0b-8e36-59ae1795b6ce,Ghvnkxvkirn,37,Germany
f4c60133-c190-4023-b1f0-667a7cd7db4a,Nyue,48,South Africa
9c8017ee-942f-47ef-ae88-e4fa0c08930e,Tgychgoc,56,Nigeria
ae4a6b5d-1582-4a32-a544-20a97aed8329,Gysskhsfcxq,34,USA
52ee77f0-972c-4cbe-bb03-83edfb97abcc,Aoe,43,France
d860649e-c86d-4dd6-9804-ac521edf2786,Zjpecmwvi,42,USA
5056784a-0721-4135-acae-516149ddc537,Bttyucfhawccx,51,USA
a98df332-e9ca-418a-b933-95bb57f89334,Fsjwo,23,Japan
dd52856f-3ca3-47b9-ab74-486df7dddb4c,Nrwgbmgcuiedtta,33,Brazil
772815f7-efcd-4a83-b67f-9a3171e70a3e,Ltgxodkpgyrg,47,France
549efead-0dab-4606-b004-a1edac4a61a0,Ind,36,Australia
6108bcbd-35b5-41f8-b163-41af629eb9f1,Uegwaxw,41,Nigeria
b3ccff22-ac52-4bcf-bc41-9e0613e19e58,Mmyxpaqgh,59,South Africa
69d821bc-4f2a-4de5-84ab-33a7e0964dc4,Hrwjoxrwkhyqriz,26,Canada
f2d1e24e-244b-483b-b4b2-7d954acd352d,Rigrqpuzcaapud,35,South Africa
dd2c161b-9961-46e6-ba6c-55b70034dbc5,Uxcnfjjvdgzdcg,24,Canada
e902d2a4-5ab4-4b4a-8e9a-651669437775,Odrcsxhjd,35,India
1f4cb07c-bd2d-4901-aff1-11e33cf3011e,Yoasymouoxmuewa,53,USA
27d7b203-1bcd-4fc9-a9f1-39a8b2079a5f,Sxjagohfytioq,53,Brazil
4e5f612a-8c17-4d7a-bdfe-97e8662cbbea,Qottml,58,Canada
2054ef53-326c-4344-8f47-158514b18196,Glzu,25,Germany
84dbc243-c567-415a-a5bc-93c6a07012f0,Svamamdw,22,India
5811430f-77c6-4839-95c8-cf47b352a0dd,Clquf,58,Australia
eea278b8-96b3-4702-bf4a-999c5053235b,Chgig,27,Japan
edc7ee95-2fea-40f5-ab32-5dfc10f713f8,Tvggudod,48,Nigeria
3a903c1a-3233-4604-a2fa-89cbb0a6799f,Yxlwdfld,28,Canada
ccb7c212-eec4-48ae-8e5c-d610dd5bb478,Mfwohxdqgzkcj,34,South Africa
83b9e291-2913-4137-94d3-d3c77a392e32,Wvhgkw,51,South Africa
6e6680c8-f9c0-4550-85ec-0b03961219f6,Aaylpixknycbuv,27,South Africa
590f2686-ae80-4f94-9e95-5d21d1f06bb7,Xmyuehxntzgnop,58,Nigeria
065cf5f8-e329-4aef-abe4-42675d77236d,Sjnopal,19,USA
38b03e53-f2e5-415f-8e91-062b7625a879,Hnrmtx,34,Australia
3c23c525-d11d-4e6a-9635-1d95cfa0471b,Wgvbzwpo,22,South Africa
700ae2a6-d0f4-4bd8-befb-b32b45a4c596,Uhogjnmvkknfoug,50,Australia
baaa50cf-afdb-4bd6-8c2e-6cce98c64e93,Dsludvuf,37,USA
6ab4fb5f-4f29-412c-ac84-d9f9063aa7bc,Buv,56,Nigeria
c755bedb-ad7c-455b-a447-0d27fb337a8b,Bemoljquagggp,40,Australia
9cc8d1c0-d0aa-4473-802b-47979c5274b5,Nizimqgihyzc,35,Germany
f25ece11-b834-4759-b498-916bef9bd4f5,Ecpt,36,South Africa
6789ebcb-81fd-4863-a126-2530757b8ddf,Nzctmvfxgbtjmun,55,Germany
47f38c4a-5a6c-4e48-b2d8-5c51276319c6,Rzkck,51,India
531033cd-6d51-4dbd-9bcb-6df98e6055e9,Xatwvnmm,20,Germany
23def5be-9862-41b6-a311-7689fd45485c,Giecrm,59,USA
94222b68-c0e2-4e90-9fb9-a8a3320e929b,Idrrc,25,Australia
43c21fb1-58da-4453-903f-bb58c76c496d,Kafvtwp,53,India
28633b09-b9bd-44b0-9e8a-e37f210204a4,Oflmd,33,Canada
67711f9a-01a4-4a8c-9b99-944901341de6,Nuyynfexvsn,58,Australia
75cdb28e-2ddb-4f72-abbf-94ef148d33ec,Rtrvubyho,23,USA
22ce7785-9935-4033-b577-6864ed145508,Tsumxrdkry,33,USA
490135fb-8521-4989-92dc-0b39d1aafc76,Ylrkvn,21,South Africa
8a90f963-ea5d-41ba-af5d-e2952d5e653c,Utqswlziqt,52,France
0bfac35b-dc16-43c8-9c03-8cc470c7b0da,Wid,29,South Africa
d0f8b5ae-c844-4313-aa7b-1efbc8c9acec,Slogjqxugnf,41,Brazil
37fce7f1-ada8-4ef4-b299-c036d49cd7f2,Uuaxqrzmecr,49,Australia
70a53968-536d-4a8a-b4df-20731c3bd87e,Inbyeqpxuncfjtt,37,Germany
be81486e-6d6f-49db-87b6-74d66a6d89e8,Hivd,26,Germany
cabd2d55-6e67-499f-815e-d4074342880d,Mxaskpjnb,40,Australia
9bfe9b29-2518-4dc7-927d-54b1547e5303,Ghbfzpwq,31,USA
0ceceade-ff72-4e2a-8e9f-3cec4627d4d7,Dyvvrpiedg,35,Australia
0a0492ee-84e1-491a-9d69-bbac6767b8ad,Gkrkd,40,USA
fb29fb48-2509-4a6a-8899-e86575ff3ff4,Tfdfgxd,30,Canada
1bb8bff0-610b-48b9-abd6-b00ef1a6a4c1,Oyewiimedyfyzp,20,Germany
438ca869-4e55-4035-9c44-f7bfa27655d8,Wxiejloqtahjjbc,35,Germany
0dc4d097-ef4a-40b3-b738-2f840621ecc4,Lsetxycmdanvsn,25,Nigeria
77314eea-6133-47ac-b90a-a9d4181d6a32,Qpfnifrjfcymj,27,France
def4bf44-8bab-41e4-a680-3b4221d73968,Issfnohq,38,Brazil
fbcbedf5-7aea-4359-b193-48b148b69e31,Burwumnx,21,India
41739b07-c11e-4e73-952c-4f01be121d77,Lgqmeb,29,South Africa
2eef38df-8110-4632-ad32-aef3b0672523,Kzlnaw,23,Nigeria
089f5043-da86-475a-8eed-9bb321f78113,Yycsebyd,37,Nigeria
b43fecb6-1e46-4756-84cf-a4a969fe32e7,Wnioj,57,Canada
0da5a14c-1aec-4ae0-9341-3d0c9d07c3a3,Rcjbsjjzjsowagc,42,Japan
12455d67-87e0-42bd-9a25-b2ada3bdba7a,Akemybnzmyk,40,USA
ada884fd-2565-4b50-ab09-0af3aa383d2e,Udzlambvfp,49,Canada
cb9291fb-0e2e-488d-88cb-88a9e6c7fbb7,Idh,51,France
730ea77e-01bb-410f-8a18-2ab70fd0ce29,Yznjk,59,Nigeria
a353332c-6593-41ca-badb-6756fc2e4cb9,Ihb,36,Germany
d2aff309-35dc-44f4-891a-ea9367088514,Yetrntwmukqrh,55,Brazil
1f48a51d-60c3-4173-96c2-55e10812cbbd,Vdhianqqdrxymxi,31,Brazil
05e28ce5-dd36-40b0-b000-b28a65261620,Cilkvscostrd,56,South Africa
0eeaf549-eb26-49f4-af9b-c22a65454535,Zubznsiwuklbv,34,Germany
