id,source,target,relation
1,USER_V1_300a2e82-d38b-4295-a1dd-9b0a736a41f8,MESSAGE_V1_5b4ea220-0d69-4fcc-a18e-7731b7658cd3,sender
1,MESSAGE_V1_5b4ea220-0d69-4fcc-a18e-7731b7658cd3,USER_V1_300a2e82-d38b-4295-a1dd-9b0a736a41f8,send_by
2,USER_V1_3f48d175-74eb-4847-9cb1-629cd8ab1117,MESSAGE_V1_73429b62-d27c-4d69-85ad-5a1dcfad0c33,sender
2,MESSAGE_V1_73429b62-d27c-4d69-85ad-5a1dcfad0c33,USER_V1_3f48d175-74eb-4847-9cb1-629cd8ab1117,send_by
3,USER_V1_d2454d3b-0caf-4447-961a-147aa4b440a8,MESSAGE_V1_1b523952-0c0c-4edc-a31b-d1da76d78c01,sender
3,MESSAGE_V1_1b523952-0c0c-4edc-a31b-d1da76d78c01,USER_V1_d2454d3b-0caf-4447-961a-147aa4b440a8,send_by
4,USER_V1_f55b128a-587a-449b-a8eb-0f420ea6c325,MESSAGE_V1_73e7a5b1-6b9e-4c99-ac9f-b29fc3b112f3,sender
4,MESSAGE_V1_73e7a5b1-6b9e-4c99-ac9f-b29fc3b112f3,USER_V1_f55b128a-587a-449b-a8eb-0f420ea6c325,send_by
5,USER_V1_4d9eaa57-e71d-4b0f-9f4f-b284460dab16,MESSAGE_V1_c7559f0b-57a7-4ba9-bed7-fc86c5b9d9e9,sender
5,MESSAGE_V1_c7559f0b-57a7-4ba9-bed7-fc86c5b9d9e9,USER_V1_4d9eaa57-e71d-4b0f-9f4f-b284460dab16,send_by
6,USER_V1_cfb662f7-b5b2-44dd-873a-95244c4e78e1,MESSAGE_V1_e4981957-1f70-43f2-ad05-e43d70a70ef2,sender
6,MESSAGE_V1_e4981957-1f70-43f2-ad05-e43d70a70ef2,USER_V1_cfb662f7-b5b2-44dd-873a-95244c4e78e1,send_by
7,USER_V1_5d672cd9-9870-407d-a3a5-f193c6f0b29c,MESSAGE_V1_bf4c7481-9fc9-43d7-8e27-c0e46080e7e5,sender
7,MESSAGE_V1_bf4c7481-9fc9-43d7-8e27-c0e46080e7e5,USER_V1_5d672cd9-9870-407d-a3a5-f193c6f0b29c,send_by
8,USER_V1_7cc107e4-ec21-4a7d-959f-e47fd8e247af,MESSAGE_V1_96130100-2a0d-49b6-b580-08e777028cb7,sender
8,MESSAGE_V1_96130100-2a0d-49b6-b580-08e777028cb7,USER_V1_7cc107e4-ec21-4a7d-959f-e47fd8e247af,send_by
9,USER_V1_75ce1d59-1275-46cf-b826-f174acc86b0b,MESSAGE_V1_2e9d7d0c-0e4f-4ec4-8b87-6966ba6eddba,sender
9,MESSAGE_V1_2e9d7d0c-0e4f-4ec4-8b87-6966ba6eddba,USER_V1_75ce1d59-1275-46cf-b826-f174acc86b0b,send_by
10,USER_V1_71c301e8-6f05-41e9-b508-4b58fa1c17f2,MESSAGE_V1_d4e65364-3e41-419a-b0ee-d64650409b23,sender
10,MESSAGE_V1_d4e65364-3e41-419a-b0ee-d64650409b23,USER_V1_71c301e8-6f05-41e9-b508-4b58fa1c17f2,send_by
11,USER_V1_f6b7f196-3c09-407c-93d6-2d11e7391aaf,MESSAGE_V1_c4be3d02-be19-4f40-8cd1-36660571cb30,sender
11,MESSAGE_V1_c4be3d02-be19-4f40-8cd1-36660571cb30,USER_V1_f6b7f196-3c09-407c-93d6-2d11e7391aaf,send_by
12,USER_V1_543e50d4-aa06-44ca-bb97-62f613155ae6,MESSAGE_V1_b8216b52-a352-4980-bb12-59672e351777,sender
12,MESSAGE_V1_b8216b52-a352-4980-bb12-59672e351777,USER_V1_543e50d4-aa06-44ca-bb97-62f613155ae6,send_by
13,USER_V1_d76cee5a-df2c-4e19-95b8-cbcadebb83b1,MESSAGE_V1_fe1c031f-ae34-426a-bdb6-2fa3cedc39fe,sender
13,MESSAGE_V1_fe1c031f-ae34-426a-bdb6-2fa3cedc39fe,USER_V1_d76cee5a-df2c-4e19-95b8-cbcadebb83b1,send_by
14,USER_V1_f5efa288-fa9b-4514-9376-b0c90e82b486,MESSAGE_V1_c3ccd552-923e-4bdf-9dc0-057a1d7b3e9b,sender
14,MESSAGE_V1_c3ccd552-923e-4bdf-9dc0-057a1d7b3e9b,USER_V1_f5efa288-fa9b-4514-9376-b0c90e82b486,send_by
15,USER_V1_e795ff73-9602-4c96-87fa-a00fbf76faf8,MESSAGE_V1_c4299bf8-99fc-4f5b-931c-389949d999c8,sender
15,MESSAGE_V1_c4299bf8-99fc-4f5b-931c-389949d999c8,USER_V1_e795ff73-9602-4c96-87fa-a00fbf76faf8,send_by
16,USER_V1_1ae8ec21-e003-4eb8-984b-bf02448e0aed,MESSAGE_V1_1c69bc8f-fc8a-4209-a227-67181b5d61bf,sender
16,MESSAGE_V1_1c69bc8f-fc8a-4209-a227-67181b5d61bf,USER_V1_1ae8ec21-e003-4eb8-984b-bf02448e0aed,send_by
17,USER_V1_9cd12ee1-4b54-46e3-8efe-cd527f9c3fa7,MESSAGE_V1_4e12a6cb-20d5-4a64-ba30-d55df71ed6d0,sender
17,MESSAGE_V1_4e12a6cb-20d5-4a64-ba30-d55df71ed6d0,USER_V1_9cd12ee1-4b54-46e3-8efe-cd527f9c3fa7,send_by
18,USER_V1_f2a54b03-96e3-45d3-993a-fec27fb5ed60,MESSAGE_V1_c510bc76-0ec2-40af-bce3-c62934c35214,sender
18,MESSAGE_V1_c510bc76-0ec2-40af-bce3-c62934c35214,USER_V1_f2a54b03-96e3-45d3-993a-fec27fb5ed60,send_by
19,USER_V1_26f367c3-dc79-49fa-914e-07a451d7a9b3,MESSAGE_V1_e8462e8c-c3e0-41db-8183-120a01a61cdc,sender
19,MESSAGE_V1_e8462e8c-c3e0-41db-8183-120a01a61cdc,USER_V1_26f367c3-dc79-49fa-914e-07a451d7a9b3,send_by
20,USER_V1_cc82a18f-4d49-4139-83e9-33517d53357b,MESSAGE_V1_abe3b427-c5fe-477a-9a08-b863b2e3677f,sender
20,MESSAGE_V1_abe3b427-c5fe-477a-9a08-b863b2e3677f,USER_V1_cc82a18f-4d49-4139-83e9-33517d53357b,send_by
21,USER_V1_f810f26f-12da-4188-a933-9e7c3eae7b30,MESSAGE_V1_e61fbe10-a6c7-4920-a6e3-46a841f0f496,sender
21,MESSAGE_V1_e61fbe10-a6c7-4920-a6e3-46a841f0f496,USER_V1_f810f26f-12da-4188-a933-9e7c3eae7b30,send_by
22,USER_V1_d521efaa-d817-46ba-9f5c-fe70b4fbf83c,MESSAGE_V1_77919709-bcef-4021-96b9-6f35fa2040cc,sender
22,MESSAGE_V1_77919709-bcef-4021-96b9-6f35fa2040cc,USER_V1_d521efaa-d817-46ba-9f5c-fe70b4fbf83c,send_by
23,USER_V1_54666bde-871e-47dd-850c-735ccc0ef0a0,MESSAGE_V1_dd9f48db-3fb7-4d97-b193-cd3095b39694,sender
23,MESSAGE_V1_dd9f48db-3fb7-4d97-b193-cd3095b39694,USER_V1_54666bde-871e-47dd-850c-735ccc0ef0a0,send_by
24,USER_V1_ea31f171-ecae-4b65-8724-822e609ee2c3,MESSAGE_V1_aca2575d-f276-4791-8134-ef23be9e6e2f,sender
24,MESSAGE_V1_aca2575d-f276-4791-8134-ef23be9e6e2f,USER_V1_ea31f171-ecae-4b65-8724-822e609ee2c3,send_by
25,USER_V1_e1658ec3-0826-4d8f-818c-2bc76cd9fb0c,MESSAGE_V1_49474d3a-a6b8-482c-82f8-8014e35f5c2d,sender
25,MESSAGE_V1_49474d3a-a6b8-482c-82f8-8014e35f5c2d,USER_V1_e1658ec3-0826-4d8f-818c-2bc76cd9fb0c,send_by
26,USER_V1_1be8fee6-ff4c-4073-9467-e9c3035e05d8,MESSAGE_V1_85d7a7d2-c647-42bd-aedb-282d830ed58a,sender
26,MESSAGE_V1_85d7a7d2-c647-42bd-aedb-282d830ed58a,USER_V1_1be8fee6-ff4c-4073-9467-e9c3035e05d8,send_by
27,USER_V1_dc506d6e-20ba-4a1f-ae18-3cc03f96db43,MESSAGE_V1_157ca643-ad4d-4472-a1c9-c91d50ae1255,sender
27,MESSAGE_V1_157ca643-ad4d-4472-a1c9-c91d50ae1255,USER_V1_dc506d6e-20ba-4a1f-ae18-3cc03f96db43,send_by
28,USER_V1_4bc9b4fe-ece1-4707-812c-fd25adee938d,MESSAGE_V1_8fbacfff-5a40-4a77-90ce-774bd38ecb0d,sender
28,MESSAGE_V1_8fbacfff-5a40-4a77-90ce-774bd38ecb0d,USER_V1_4bc9b4fe-ece1-4707-812c-fd25adee938d,send_by
29,USER_V1_ddbb8e42-f732-40fa-88b3-40bfe768f1ce,MESSAGE_V1_f9a82bef-48a8-4808-836c-c9f653e2a0c0,sender
29,MESSAGE_V1_f9a82bef-48a8-4808-836c-c9f653e2a0c0,USER_V1_ddbb8e42-f732-40fa-88b3-40bfe768f1ce,send_by
30,USER_V1_342ffcec-191f-4aaf-a2ff-4eca9115f89b,MESSAGE_V1_af86df51-6ef3-4c34-acef-fe7cfa84963b,sender
30,MESSAGE_V1_af86df51-6ef3-4c34-acef-fe7cfa84963b,USER_V1_342ffcec-191f-4aaf-a2ff-4eca9115f89b,send_by
31,USER_V1_0f95ba0e-97a6-4368-be9f-1c86db146260,MESSAGE_V1_c6d670f1-bbdc-4006-a095-b0de0f5541e9,sender
31,MESSAGE_V1_c6d670f1-bbdc-4006-a095-b0de0f5541e9,USER_V1_0f95ba0e-97a6-4368-be9f-1c86db146260,send_by
32,USER_V1_fa2bc714-d175-49e7-b0df-51714f9e1700,MESSAGE_V1_27c06132-dc4d-4565-afbb-f9d298458646,sender
32,MESSAGE_V1_27c06132-dc4d-4565-afbb-f9d298458646,USER_V1_fa2bc714-d175-49e7-b0df-51714f9e1700,send_by
33,USER_V1_b75e2ad8-229e-4316-9e53-af03b5601218,MESSAGE_V1_b2683ce1-87ac-446b-a183-273f1610403e,sender
33,MESSAGE_V1_b2683ce1-87ac-446b-a183-273f1610403e,USER_V1_b75e2ad8-229e-4316-9e53-af03b5601218,send_by
34,USER_V1_2fc08f2d-42cc-478e-a7d2-6af7cac0dbc1,MESSAGE_V1_ee7cd624-a551-4d5d-acd6-ec4b6af01e15,sender
34,MESSAGE_V1_ee7cd624-a551-4d5d-acd6-ec4b6af01e15,USER_V1_2fc08f2d-42cc-478e-a7d2-6af7cac0dbc1,send_by
35,USER_V1_5b5d293b-0385-4404-84b1-7f66461c2a64,MESSAGE_V1_91a19074-19bd-4775-85e6-6b6e94f95a01,sender
35,MESSAGE_V1_91a19074-19bd-4775-85e6-6b6e94f95a01,USER_V1_5b5d293b-0385-4404-84b1-7f66461c2a64,send_by
36,USER_V1_97d33ccd-5568-4e38-af2e-5bc9ba335aec,MESSAGE_V1_0c1591c9-7948-4536-95b4-92b4a9750717,sender
36,MESSAGE_V1_0c1591c9-7948-4536-95b4-92b4a9750717,USER_V1_97d33ccd-5568-4e38-af2e-5bc9ba335aec,send_by
37,USER_V1_91ae122b-95bd-4465-8ada-ed118684bef9,MESSAGE_V1_8e717c13-9a4d-4502-8be7-173ada5bd250,sender
37,MESSAGE_V1_8e717c13-9a4d-4502-8be7-173ada5bd250,USER_V1_91ae122b-95bd-4465-8ada-ed118684bef9,send_by
38,USER_V1_6db5c1fa-cf62-4296-9aae-d96d43a34eaf,MESSAGE_V1_309b6dfe-2e6b-4483-bfaf-cd2222d360b6,sender
38,MESSAGE_V1_309b6dfe-2e6b-4483-bfaf-cd2222d360b6,USER_V1_6db5c1fa-cf62-4296-9aae-d96d43a34eaf,send_by
39,USER_V1_29680771-8839-40df-84a7-3a10752ba34b,MESSAGE_V1_5d623492-485a-4d02-97b0-c68992810b28,sender
39,MESSAGE_V1_5d623492-485a-4d02-97b0-c68992810b28,USER_V1_29680771-8839-40df-84a7-3a10752ba34b,send_by
40,USER_V1_edc7ffb2-52f5-4a31-887f-815576b54a3e,MESSAGE_V1_2e33cd09-0370-489c-861d-70547aaf77ad,sender
40,MESSAGE_V1_2e33cd09-0370-489c-861d-70547aaf77ad,USER_V1_edc7ffb2-52f5-4a31-887f-815576b54a3e,send_by
41,USER_V1_47903f0a-4759-4533-8b49-40e3c8e2627d,MESSAGE_V1_f6c51926-7ba2-41f1-bc5b-5b89037a9b10,sender
41,MESSAGE_V1_f6c51926-7ba2-41f1-bc5b-5b89037a9b10,USER_V1_47903f0a-4759-4533-8b49-40e3c8e2627d,send_by
42,USER_V1_a50735af-0f14-43fb-9f67-3e09cda8848b,MESSAGE_V1_4cf35965-b42c-4323-83fc-6bfa17bd31d4,sender
42,MESSAGE_V1_4cf35965-b42c-4323-83fc-6bfa17bd31d4,USER_V1_a50735af-0f14-43fb-9f67-3e09cda8848b,send_by
43,USER_V1_c4343a75-dbe8-4f13-a996-f9e75bc55ff6,MESSAGE_V1_8137c425-caaf-4e17-925a-26f8719dc5cc,sender
43,MESSAGE_V1_8137c425-caaf-4e17-925a-26f8719dc5cc,USER_V1_c4343a75-dbe8-4f13-a996-f9e75bc55ff6,send_by
44,USER_V1_89daaf38-d9c9-4ca8-9b41-4cdc3ab1082b,MESSAGE_V1_97beb294-422d-45c4-b4dd-b30f87947cfd,sender
44,MESSAGE_V1_97beb294-422d-45c4-b4dd-b30f87947cfd,USER_V1_89daaf38-d9c9-4ca8-9b41-4cdc3ab1082b,send_by
45,USER_V1_ec49f1e1-5d23-470f-b151-ba74a582d364,MESSAGE_V1_049069f3-cda0-490a-be64-da0d25b8c0d1,sender
45,MESSAGE_V1_049069f3-cda0-490a-be64-da0d25b8c0d1,USER_V1_ec49f1e1-5d23-470f-b151-ba74a582d364,send_by
46,USER_V1_dfdb44b0-24c0-48d8-948d-fdf0a1821071,MESSAGE_V1_c6b1c3c1-baaa-4fb7-b03e-90bb429bd6d4,sender
46,MESSAGE_V1_c6b1c3c1-baaa-4fb7-b03e-90bb429bd6d4,USER_V1_dfdb44b0-24c0-48d8-948d-fdf0a1821071,send_by
47,USER_V1_511f314f-954b-4f80-ad38-971b1546bd24,MESSAGE_V1_7c2df208-ccfa-41a7-be24-f5b9e969f877,sender
47,MESSAGE_V1_7c2df208-ccfa-41a7-be24-f5b9e969f877,USER_V1_511f314f-954b-4f80-ad38-971b1546bd24,send_by
48,USER_V1_89b83a6e-66aa-410c-9488-ecb858e070a6,MESSAGE_V1_6866bdb0-0560-490b-bd15-bdd0e59c8dd7,sender
48,MESSAGE_V1_6866bdb0-0560-490b-bd15-bdd0e59c8dd7,USER_V1_89b83a6e-66aa-410c-9488-ecb858e070a6,send_by
49,USER_V1_3961b970-dda1-466e-8a97-ad16e9d39675,MESSAGE_V1_90d07d21-ae51-4819-8b5b-6adbf647daa3,sender
49,MESSAGE_V1_90d07d21-ae51-4819-8b5b-6adbf647daa3,USER_V1_3961b970-dda1-466e-8a97-ad16e9d39675,send_by
50,USER_V1_e5df4f38-e983-4a06-a4f1-cbcc855076e1,MESSAGE_V1_9be799fc-f84d-481c-8f1b-591bad09e78c,sender
50,MESSAGE_V1_9be799fc-f84d-481c-8f1b-591bad09e78c,USER_V1_e5df4f38-e983-4a06-a4f1-cbcc855076e1,send_by
51,USER_V1_84ca2dd8-1609-4ae3-a00d-49d9a36295c7,MESSAGE_V1_611974b8-bc15-4feb-a01e-7442f5ed9879,sender
51,MESSAGE_V1_611974b8-bc15-4feb-a01e-7442f5ed9879,USER_V1_84ca2dd8-1609-4ae3-a00d-49d9a36295c7,send_by
52,USER_V1_bb38b642-64bd-4f07-92da-aaeacff42949,MESSAGE_V1_2d2589f6-b8c5-4136-874b-1b150cca4f47,sender
52,MESSAGE_V1_2d2589f6-b8c5-4136-874b-1b150cca4f47,USER_V1_bb38b642-64bd-4f07-92da-aaeacff42949,send_by
53,USER_V1_94cd76de-e848-44bb-ab8f-a71217da25db,MESSAGE_V1_b3fb3466-4d81-4d74-b6c6-21422effa384,sender
53,MESSAGE_V1_b3fb3466-4d81-4d74-b6c6-21422effa384,USER_V1_94cd76de-e848-44bb-ab8f-a71217da25db,send_by
54,USER_V1_e1bb34db-2a0e-4397-a4a0-6eccefde717c,MESSAGE_V1_6fc787d1-72c5-4b2e-8430-895b88535c61,sender
54,MESSAGE_V1_6fc787d1-72c5-4b2e-8430-895b88535c61,USER_V1_e1bb34db-2a0e-4397-a4a0-6eccefde717c,send_by
55,USER_V1_35ce1673-1d8f-497d-b66b-ba4dc8e8cf62,MESSAGE_V1_465659d4-6a1a-4175-afb6-26a19ffa5be2,sender
55,MESSAGE_V1_465659d4-6a1a-4175-afb6-26a19ffa5be2,USER_V1_35ce1673-1d8f-497d-b66b-ba4dc8e8cf62,send_by
56,USER_V1_e644693a-90e4-4724-9b1e-2d3dc2c4a2ee,MESSAGE_V1_f053c414-538b-4947-8750-0a01462cc5bf,sender
56,MESSAGE_V1_f053c414-538b-4947-8750-0a01462cc5bf,USER_V1_e644693a-90e4-4724-9b1e-2d3dc2c4a2ee,send_by
57,USER_V1_2a736683-c120-4398-ab05-6ff52defc9c5,MESSAGE_V1_e67d4e7e-88ce-4461-9ef4-99025693182a,sender
57,MESSAGE_V1_e67d4e7e-88ce-4461-9ef4-99025693182a,USER_V1_2a736683-c120-4398-ab05-6ff52defc9c5,send_by
58,USER_V1_53dd4c6f-c864-42a1-bb00-ebfcaba149fb,MESSAGE_V1_8548aa63-4422-4a1b-b628-96260dc0daa6,sender
58,MESSAGE_V1_8548aa63-4422-4a1b-b628-96260dc0daa6,USER_V1_53dd4c6f-c864-42a1-bb00-ebfcaba149fb,send_by
59,USER_V1_2a049e91-bb76-4543-a050-d35299c437e8,MESSAGE_V1_6764a03d-9133-4482-adc6-8a3083d48b2c,sender
59,MESSAGE_V1_6764a03d-9133-4482-adc6-8a3083d48b2c,USER_V1_2a049e91-bb76-4543-a050-d35299c437e8,send_by
60,USER_V1_e19be8d5-b570-434a-8f04-953348c2cf98,MESSAGE_V1_01d04ea4-17e0-4f77-859e-fe289de17ea5,sender
60,MESSAGE_V1_01d04ea4-17e0-4f77-859e-fe289de17ea5,USER_V1_e19be8d5-b570-434a-8f04-953348c2cf98,send_by
61,USER_V1_f5d79e7f-35a9-4117-8d09-0f09cbeb895b,MESSAGE_V1_c7c5e5e0-7998-47d3-9f26-0bdef440d91c,sender
61,MESSAGE_V1_c7c5e5e0-7998-47d3-9f26-0bdef440d91c,USER_V1_f5d79e7f-35a9-4117-8d09-0f09cbeb895b,send_by
62,USER_V1_ec6e629f-783c-43b5-8ae2-b83f3b8aa960,MESSAGE_V1_033c56be-dfe8-41c7-ad64-9ede0a814ea1,sender
62,MESSAGE_V1_033c56be-dfe8-41c7-ad64-9ede0a814ea1,USER_V1_ec6e629f-783c-43b5-8ae2-b83f3b8aa960,send_by
63,USER_V1_db7a6f65-68e3-49c0-9aa6-6dba858633cf,MESSAGE_V1_9083a01b-f2fe-4568-ac41-4450c9008d79,sender
63,MESSAGE_V1_9083a01b-f2fe-4568-ac41-4450c9008d79,USER_V1_db7a6f65-68e3-49c0-9aa6-6dba858633cf,send_by
64,USER_V1_b45bbb81-294a-4c08-96d3-690c5c71f8b2,MESSAGE_V1_915c0ea2-c0f4-4212-8ff8-f1b671d28a7c,sender
64,MESSAGE_V1_915c0ea2-c0f4-4212-8ff8-f1b671d28a7c,USER_V1_b45bbb81-294a-4c08-96d3-690c5c71f8b2,send_by
65,USER_V1_4a339dde-7212-4564-8503-d26117c68819,MESSAGE_V1_3eaa7a9a-23b1-4f6a-b447-655f74246fcb,sender
65,MESSAGE_V1_3eaa7a9a-23b1-4f6a-b447-655f74246fcb,USER_V1_4a339dde-7212-4564-8503-d26117c68819,send_by
66,USER_V1_9339cdd4-5a62-42cb-84ec-af374d2205d9,MESSAGE_V1_60b039b8-e033-4c02-ad8c-f3c153d97b20,sender
66,MESSAGE_V1_60b039b8-e033-4c02-ad8c-f3c153d97b20,USER_V1_9339cdd4-5a62-42cb-84ec-af374d2205d9,send_by
67,USER_V1_45131176-ab78-4670-8cf3-63256f9b0cad,MESSAGE_V1_179769bf-8df5-46e2-b96a-040eb94ae7ea,sender
67,MESSAGE_V1_179769bf-8df5-46e2-b96a-040eb94ae7ea,USER_V1_45131176-ab78-4670-8cf3-63256f9b0cad,send_by
68,USER_V1_b99e36ca-6183-44cc-b1e5-e45cb1cd4717,MESSAGE_V1_2e4e35ee-2e51-4fc3-b781-3267fa5d3516,sender
68,MESSAGE_V1_2e4e35ee-2e51-4fc3-b781-3267fa5d3516,USER_V1_b99e36ca-6183-44cc-b1e5-e45cb1cd4717,send_by
69,USER_V1_af5a65c5-5baf-4c15-8fbf-f3da3bc914d9,MESSAGE_V1_4810b084-33cf-498c-9e59-1e3512667006,sender
69,MESSAGE_V1_4810b084-33cf-498c-9e59-1e3512667006,USER_V1_af5a65c5-5baf-4c15-8fbf-f3da3bc914d9,send_by
70,USER_V1_22d8adbf-de7a-425b-81a5-726392c247d7,MESSAGE_V1_b097496f-a1a5-4a10-9755-0212fd010295,sender
70,MESSAGE_V1_b097496f-a1a5-4a10-9755-0212fd010295,USER_V1_22d8adbf-de7a-425b-81a5-726392c247d7,send_by
71,USER_V1_f4c0cf55-ab8f-4033-a129-1079eca2443d,MESSAGE_V1_9de19d98-d248-4c41-8393-d02c4f8f8af8,sender
71,MESSAGE_V1_9de19d98-d248-4c41-8393-d02c4f8f8af8,USER_V1_f4c0cf55-ab8f-4033-a129-1079eca2443d,send_by
72,USER_V1_f91c460f-93de-4199-9b20-12f0527371c3,MESSAGE_V1_47d1f2fa-8697-429b-bd11-c11623e9bb69,sender
72,MESSAGE_V1_47d1f2fa-8697-429b-bd11-c11623e9bb69,USER_V1_f91c460f-93de-4199-9b20-12f0527371c3,send_by
73,USER_V1_490aa635-afde-4117-b3c5-adb6af605bcd,MESSAGE_V1_4c52de49-9d4b-4027-9cd1-92320844b66b,sender
73,MESSAGE_V1_4c52de49-9d4b-4027-9cd1-92320844b66b,USER_V1_490aa635-afde-4117-b3c5-adb6af605bcd,send_by
74,USER_V1_5a5778a0-928d-4997-bef3-2399a67ac0bc,MESSAGE_V1_6968a4c1-b15d-4a98-9d89-37458c940535,sender
74,MESSAGE_V1_6968a4c1-b15d-4a98-9d89-37458c940535,USER_V1_5a5778a0-928d-4997-bef3-2399a67ac0bc,send_by
75,USER_V1_2e215faa-712e-4e29-93eb-1e01a539a3c1,MESSAGE_V1_4ed2fd9f-712c-4172-a60d-addf039b1f13,sender
75,MESSAGE_V1_4ed2fd9f-712c-4172-a60d-addf039b1f13,USER_V1_2e215faa-712e-4e29-93eb-1e01a539a3c1,send_by
76,USER_V1_b83e9a66-015d-4425-8114-33b4d0c15adb,MESSAGE_V1_14530e1c-9763-4bf7-8d43-2b4d2942bccf,sender
76,MESSAGE_V1_14530e1c-9763-4bf7-8d43-2b4d2942bccf,USER_V1_b83e9a66-015d-4425-8114-33b4d0c15adb,send_by
77,USER_V1_7388bb39-ae52-4e7c-a43c-318208be9daa,MESSAGE_V1_24eddde7-86ee-4d92-b7f1-a55f08275d67,sender
77,MESSAGE_V1_24eddde7-86ee-4d92-b7f1-a55f08275d67,USER_V1_7388bb39-ae52-4e7c-a43c-318208be9daa,send_by
78,USER_V1_2b97967a-a4bf-49f3-a67c-d938449832e3,MESSAGE_V1_5d0af3ea-6764-49f4-af3b-6440fbffe576,sender
78,MESSAGE_V1_5d0af3ea-6764-49f4-af3b-6440fbffe576,USER_V1_2b97967a-a4bf-49f3-a67c-d938449832e3,send_by
79,USER_V1_c058a4a3-bf3c-43c1-ada6-a0e06cd93e9f,MESSAGE_V1_06b3345b-a4f1-415d-bec6-f741b3bf09b6,sender
79,MESSAGE_V1_06b3345b-a4f1-415d-bec6-f741b3bf09b6,USER_V1_c058a4a3-bf3c-43c1-ada6-a0e06cd93e9f,send_by
80,USER_V1_6498ccc6-a330-4d87-bcb3-8e84608a7c3f,MESSAGE_V1_853f584d-785a-44d5-a438-6f02400bc5a8,sender
80,MESSAGE_V1_853f584d-785a-44d5-a438-6f02400bc5a8,USER_V1_6498ccc6-a330-4d87-bcb3-8e84608a7c3f,send_by
81,USER_V1_4e26bda1-be9e-4acd-9c97-5a44bb85efc2,MESSAGE_V1_81345eb7-dbac-4ac4-b6e2-dd3ccc02e7c6,sender
81,MESSAGE_V1_81345eb7-dbac-4ac4-b6e2-dd3ccc02e7c6,USER_V1_4e26bda1-be9e-4acd-9c97-5a44bb85efc2,send_by
82,USER_V1_c1dde6b4-9236-46e8-9829-99dc4f1af2bf,MESSAGE_V1_53b61e5f-e948-49a4-8695-1d44a69e0b2f,sender
82,MESSAGE_V1_53b61e5f-e948-49a4-8695-1d44a69e0b2f,USER_V1_c1dde6b4-9236-46e8-9829-99dc4f1af2bf,send_by
83,USER_V1_b2d71c40-eb5f-4fa2-9d9c-4a0a7a8645c8,MESSAGE_V1_07e5d283-a12b-4f5b-9960-1aeee3842cd6,sender
83,MESSAGE_V1_07e5d283-a12b-4f5b-9960-1aeee3842cd6,USER_V1_b2d71c40-eb5f-4fa2-9d9c-4a0a7a8645c8,send_by
84,USER_V1_b37b5454-1ba7-475e-9a25-17ec7beb1349,MESSAGE_V1_f4fa67f1-59ec-4335-9d34-fdbdf18ea5c6,sender
84,MESSAGE_V1_f4fa67f1-59ec-4335-9d34-fdbdf18ea5c6,USER_V1_b37b5454-1ba7-475e-9a25-17ec7beb1349,send_by
85,USER_V1_5c452e39-ece0-49f2-97fa-727c29a2bea2,MESSAGE_V1_4e2cc7c2-186b-4ab9-aa4b-4d2fbd73cf26,sender
85,MESSAGE_V1_4e2cc7c2-186b-4ab9-aa4b-4d2fbd73cf26,USER_V1_5c452e39-ece0-49f2-97fa-727c29a2bea2,send_by
86,USER_V1_8ce78993-e2d3-47e8-a2e0-b46be0cf2fcb,MESSAGE_V1_b3a9dc89-ad32-4669-8fb5-2d80f55b8cc4,sender
86,MESSAGE_V1_b3a9dc89-ad32-4669-8fb5-2d80f55b8cc4,USER_V1_8ce78993-e2d3-47e8-a2e0-b46be0cf2fcb,send_by
87,USER_V1_0f5bd4f2-701c-4a4b-9f59-d073a7f36bcc,MESSAGE_V1_c2e1a92a-d154-4a4f-9d9b-e5f5f53faeed,sender
87,MESSAGE_V1_c2e1a92a-d154-4a4f-9d9b-e5f5f53faeed,USER_V1_0f5bd4f2-701c-4a4b-9f59-d073a7f36bcc,send_by
88,USER_V1_39a4d863-adbc-42a6-b185-3779877e26d8,MESSAGE_V1_d1dfb039-8178-456c-9fb1-d95a7b9add2c,sender
88,MESSAGE_V1_d1dfb039-8178-456c-9fb1-d95a7b9add2c,USER_V1_39a4d863-adbc-42a6-b185-3779877e26d8,send_by
89,USER_V1_5d5a3509-dc14-4e4d-a00a-8d2cc7ed6563,MESSAGE_V1_62bd6a5b-57be-4016-b8bd-bac5307b44ee,sender
89,MESSAGE_V1_62bd6a5b-57be-4016-b8bd-bac5307b44ee,USER_V1_5d5a3509-dc14-4e4d-a00a-8d2cc7ed6563,send_by
90,USER_V1_7f8ccca6-44ea-40e1-b433-0d369f54fb30,MESSAGE_V1_22f9c46b-a8cf-413f-ad26-9761edb18676,sender
90,MESSAGE_V1_22f9c46b-a8cf-413f-ad26-9761edb18676,USER_V1_7f8ccca6-44ea-40e1-b433-0d369f54fb30,send_by
91,USER_V1_b6bf44af-071d-4381-b2e9-fc1c53498bc7,MESSAGE_V1_4654669a-d221-40f5-a55a-c4422876326e,sender
91,MESSAGE_V1_4654669a-d221-40f5-a55a-c4422876326e,USER_V1_b6bf44af-071d-4381-b2e9-fc1c53498bc7,send_by
92,USER_V1_4d2f25d1-ba9a-4390-b37b-cae824eef9f7,MESSAGE_V1_d7c1b12a-f9c0-41f7-b29e-f95a9916a676,sender
92,MESSAGE_V1_d7c1b12a-f9c0-41f7-b29e-f95a9916a676,USER_V1_4d2f25d1-ba9a-4390-b37b-cae824eef9f7,send_by
93,USER_V1_5adb8cef-a4f9-4eb2-8fb3-a86dc61b14a7,MESSAGE_V1_476aa403-4919-4ad1-b6b8-81777af0a8ae,sender
93,MESSAGE_V1_476aa403-4919-4ad1-b6b8-81777af0a8ae,USER_V1_5adb8cef-a4f9-4eb2-8fb3-a86dc61b14a7,send_by
94,USER_V1_9f686e08-6995-4d93-9506-6aacc4b9ea90,MESSAGE_V1_d537e4b1-94e1-4d9b-b1f4-d2d4539ee09e,sender
94,MESSAGE_V1_d537e4b1-94e1-4d9b-b1f4-d2d4539ee09e,USER_V1_9f686e08-6995-4d93-9506-6aacc4b9ea90,send_by
95,USER_V1_5266fc0a-9ce8-45b8-ab05-80c4853b5a66,MESSAGE_V1_f4e1787d-5e05-459c-a6cb-6e27afd9e3a9,sender
95,MESSAGE_V1_f4e1787d-5e05-459c-a6cb-6e27afd9e3a9,USER_V1_5266fc0a-9ce8-45b8-ab05-80c4853b5a66,send_by
96,USER_V1_27bff5e9-a123-4580-ad38-0d7f08ab7885,MESSAGE_V1_ac4c527b-943f-442b-a92e-85f3759846aa,sender
96,MESSAGE_V1_ac4c527b-943f-442b-a92e-85f3759846aa,USER_V1_27bff5e9-a123-4580-ad38-0d7f08ab7885,send_by
97,USER_V1_c11f7f59-5bad-48a8-ae0d-43aeab4cc776,MESSAGE_V1_e76a19bc-4ace-40b3-8673-4825ac40974a,sender
97,MESSAGE_V1_e76a19bc-4ace-40b3-8673-4825ac40974a,USER_V1_c11f7f59-5bad-48a8-ae0d-43aeab4cc776,send_by
98,USER_V1_9238dc8a-5265-4011-af8b-4ad77b1e725c,MESSAGE_V1_df130390-ef61-44e8-8aa7-3b326efd5159,sender
98,MESSAGE_V1_df130390-ef61-44e8-8aa7-3b326efd5159,USER_V1_9238dc8a-5265-4011-af8b-4ad77b1e725c,send_by
99,USER_V1_c548aeb9-0b81-49c4-a2eb-7d04aa18b375,MESSAGE_V1_428480e7-6ea5-45e1-968b-f4d562837688,sender
99,MESSAGE_V1_428480e7-6ea5-45e1-968b-f4d562837688,USER_V1_c548aeb9-0b81-49c4-a2eb-7d04aa18b375,send_by
100,USER_V1_0aeeed86-3b54-40dd-ab61-24d8ad7b8504,MESSAGE_V1_91417038-ccec-489a-9aae-d27ddf34cfe2,sender
100,MESSAGE_V1_91417038-ccec-489a-9aae-d27ddf34cfe2,USER_V1_0aeeed86-3b54-40dd-ab61-24d8ad7b8504,send_by
101,USER_V1_0f22732f-be35-497c-bb7b-90db7da61975,MESSAGE_V1_051ac7e2-d303-4323-96af-039173d44b40,sender
101,MESSAGE_V1_051ac7e2-d303-4323-96af-039173d44b40,USER_V1_0f22732f-be35-497c-bb7b-90db7da61975,send_by
102,USER_V1_d7c7aae8-b786-49aa-b032-3cd9711dbe8f,MESSAGE_V1_17c0b53f-86a4-4c06-baab-85bf13dbdcc3,sender
102,MESSAGE_V1_17c0b53f-86a4-4c06-baab-85bf13dbdcc3,USER_V1_d7c7aae8-b786-49aa-b032-3cd9711dbe8f,send_by
103,USER_V1_f48cf6d6-9dd3-4c74-8307-2c5ed0dc7617,MESSAGE_V1_dd4b14bb-90ed-4e8a-a9db-ee2ae0b80926,sender
103,MESSAGE_V1_dd4b14bb-90ed-4e8a-a9db-ee2ae0b80926,USER_V1_f48cf6d6-9dd3-4c74-8307-2c5ed0dc7617,send_by
104,USER_V1_7033c3c7-5ca4-420e-813d-886243b8d0bd,MESSAGE_V1_dbd9dcc7-d6b1-4fd8-b8de-d8db18fe3349,sender
104,MESSAGE_V1_dbd9dcc7-d6b1-4fd8-b8de-d8db18fe3349,USER_V1_7033c3c7-5ca4-420e-813d-886243b8d0bd,send_by
105,USER_V1_17935dd9-a708-46d2-a2b9-d0448b4df7f8,MESSAGE_V1_dfa97c65-b3bd-4ace-bd83-f5db7511188c,sender
105,MESSAGE_V1_dfa97c65-b3bd-4ace-bd83-f5db7511188c,USER_V1_17935dd9-a708-46d2-a2b9-d0448b4df7f8,send_by
106,USER_V1_5f64c02f-1b9a-4d8d-8663-47b3672e0a53,MESSAGE_V1_9d6298a5-783f-4638-ba61-a7ad6af02a35,sender
106,MESSAGE_V1_9d6298a5-783f-4638-ba61-a7ad6af02a35,USER_V1_5f64c02f-1b9a-4d8d-8663-47b3672e0a53,send_by
107,USER_V1_77f361ce-b097-455c-bd44-0fb29f6acc29,MESSAGE_V1_96a6d915-8324-49cf-b64a-3f358384b40f,sender
107,MESSAGE_V1_96a6d915-8324-49cf-b64a-3f358384b40f,USER_V1_77f361ce-b097-455c-bd44-0fb29f6acc29,send_by
108,USER_V1_5a6f79d4-c404-48e7-a154-dd1ab74e420c,MESSAGE_V1_cac1f53d-2423-49ad-8437-5e6f85d20d6f,sender
108,MESSAGE_V1_cac1f53d-2423-49ad-8437-5e6f85d20d6f,USER_V1_5a6f79d4-c404-48e7-a154-dd1ab74e420c,send_by
109,USER_V1_a75bf479-5e46-435c-bb97-f0ea9b52adc7,MESSAGE_V1_4f9487c5-309a-424a-8f78-417af4e4fd78,sender
109,MESSAGE_V1_4f9487c5-309a-424a-8f78-417af4e4fd78,USER_V1_a75bf479-5e46-435c-bb97-f0ea9b52adc7,send_by
110,USER_V1_aff42a9f-68e1-4608-ab17-9508b9dbc43b,MESSAGE_V1_0b46afad-f6d1-4dab-aedc-bdfaa441cfb0,sender
110,MESSAGE_V1_0b46afad-f6d1-4dab-aedc-bdfaa441cfb0,USER_V1_aff42a9f-68e1-4608-ab17-9508b9dbc43b,send_by
111,USER_V1_7187d0c6-4c3d-4332-b2f1-6dbb9a3a9c7b,MESSAGE_V1_62949d58-ca19-4cd9-af18-f1f543b4611e,sender
111,MESSAGE_V1_62949d58-ca19-4cd9-af18-f1f543b4611e,USER_V1_7187d0c6-4c3d-4332-b2f1-6dbb9a3a9c7b,send_by
112,USER_V1_742f1f15-a1bc-43fa-8f14-fa0d3207e560,MESSAGE_V1_b1e1f399-9f2f-4c45-b5ec-9c9b65d6a210,sender
112,MESSAGE_V1_b1e1f399-9f2f-4c45-b5ec-9c9b65d6a210,USER_V1_742f1f15-a1bc-43fa-8f14-fa0d3207e560,send_by
113,USER_V1_a16c239a-ea5d-4297-9fe7-d574fc4cf21d,MESSAGE_V1_f3628cf0-f9c5-4768-a048-47c5c1613230,sender
113,MESSAGE_V1_f3628cf0-f9c5-4768-a048-47c5c1613230,USER_V1_a16c239a-ea5d-4297-9fe7-d574fc4cf21d,send_by
114,USER_V1_6aa35873-1ce9-431b-9df8-1dc32975956c,MESSAGE_V1_4f1323aa-8784-4af8-b923-f7a82c290dfd,sender
114,MESSAGE_V1_4f1323aa-8784-4af8-b923-f7a82c290dfd,USER_V1_6aa35873-1ce9-431b-9df8-1dc32975956c,send_by
115,USER_V1_6fe8b50b-41f2-4e1f-ae9f-2e4f661518e7,MESSAGE_V1_ded1a9cc-8953-40bb-803f-2666c00b923f,sender
115,MESSAGE_V1_ded1a9cc-8953-40bb-803f-2666c00b923f,USER_V1_6fe8b50b-41f2-4e1f-ae9f-2e4f661518e7,send_by
116,USER_V1_070e2a89-28b3-4ed1-9969-7b57c6140a06,MESSAGE_V1_f451d56d-e8b9-471f-8e0c-91e513de0ab5,sender
116,MESSAGE_V1_f451d56d-e8b9-471f-8e0c-91e513de0ab5,USER_V1_070e2a89-28b3-4ed1-9969-7b57c6140a06,send_by
117,USER_V1_6c28c8a9-2387-4b93-aff3-150b6b31139f,MESSAGE_V1_4721de6d-d0b0-48b3-a344-31e2e15a83ed,sender
117,MESSAGE_V1_4721de6d-d0b0-48b3-a344-31e2e15a83ed,USER_V1_6c28c8a9-2387-4b93-aff3-150b6b31139f,send_by
118,USER_V1_c33e570d-905d-4b27-b64c-7eddc5574f64,MESSAGE_V1_20205cc1-b9cd-4d53-b53c-0bba24a32000,sender
118,MESSAGE_V1_20205cc1-b9cd-4d53-b53c-0bba24a32000,USER_V1_c33e570d-905d-4b27-b64c-7eddc5574f64,send_by
119,USER_V1_01525692-6faf-4309-9ed0-f00e3fe2af7f,MESSAGE_V1_4222aadc-f154-4411-9df3-e8c4742eb1b2,sender
119,MESSAGE_V1_4222aadc-f154-4411-9df3-e8c4742eb1b2,USER_V1_01525692-6faf-4309-9ed0-f00e3fe2af7f,send_by
120,USER_V1_8234f340-8d70-4e87-a607-176e3f3dac9f,MESSAGE_V1_c78a5728-ccd8-4ce0-ad30-24022b7103ae,sender
120,MESSAGE_V1_c78a5728-ccd8-4ce0-ad30-24022b7103ae,USER_V1_8234f340-8d70-4e87-a607-176e3f3dac9f,send_by
121,USER_V1_5a031210-36da-428c-b17a-821a9230384b,MESSAGE_V1_ef95f26c-79fd-4694-87bd-01998d2859cc,sender
121,MESSAGE_V1_ef95f26c-79fd-4694-87bd-01998d2859cc,USER_V1_5a031210-36da-428c-b17a-821a9230384b,send_by
122,USER_V1_08e4c4b4-a6de-490d-a1eb-388e9fe35a3b,MESSAGE_V1_6737dc0a-ae37-43d7-b610-fe17b41c195f,sender
122,MESSAGE_V1_6737dc0a-ae37-43d7-b610-fe17b41c195f,USER_V1_08e4c4b4-a6de-490d-a1eb-388e9fe35a3b,send_by
123,USER_V1_2e16cfed-3d88-4b0e-86b5-cd2aa650a65f,MESSAGE_V1_fe694952-11e7-4f16-807d-c2fe4928905a,sender
123,MESSAGE_V1_fe694952-11e7-4f16-807d-c2fe4928905a,USER_V1_2e16cfed-3d88-4b0e-86b5-cd2aa650a65f,send_by
124,USER_V1_cca2a589-5982-406a-8b95-efd54d17ea1b,MESSAGE_V1_8b3365a2-a0a7-49b3-aab0-d05961cb9869,sender
124,MESSAGE_V1_8b3365a2-a0a7-49b3-aab0-d05961cb9869,USER_V1_cca2a589-5982-406a-8b95-efd54d17ea1b,send_by
125,USER_V1_49c6b326-3ba5-45e8-8456-c321b409bf59,MESSAGE_V1_527d4a00-8a88-420f-829b-9b6ed898a9f7,sender
125,MESSAGE_V1_527d4a00-8a88-420f-829b-9b6ed898a9f7,USER_V1_49c6b326-3ba5-45e8-8456-c321b409bf59,send_by
126,USER_V1_36056c72-9c5c-48dd-8a08-6b029cd4c9a5,MESSAGE_V1_6a6806b8-b07a-4edc-9f6f-e5fa292a432b,sender
126,MESSAGE_V1_6a6806b8-b07a-4edc-9f6f-e5fa292a432b,USER_V1_36056c72-9c5c-48dd-8a08-6b029cd4c9a5,send_by
127,USER_V1_4eb66a34-8763-4680-aea7-388eccb9bff1,MESSAGE_V1_ed72bb9f-ae01-473a-a045-f067e74bf156,sender
127,MESSAGE_V1_ed72bb9f-ae01-473a-a045-f067e74bf156,USER_V1_4eb66a34-8763-4680-aea7-388eccb9bff1,send_by
128,USER_V1_1c3040e3-7535-43df-9bfe-3f1c9496ed87,MESSAGE_V1_31a94c92-c036-4cf5-ada3-69f5598d45ca,sender
128,MESSAGE_V1_31a94c92-c036-4cf5-ada3-69f5598d45ca,USER_V1_1c3040e3-7535-43df-9bfe-3f1c9496ed87,send_by
129,USER_V1_9c0a5be2-1d27-46de-a902-5ad67450a3b8,MESSAGE_V1_f0181f08-09ce-4ae1-a2e8-13c7c8830643,sender
129,MESSAGE_V1_f0181f08-09ce-4ae1-a2e8-13c7c8830643,USER_V1_9c0a5be2-1d27-46de-a902-5ad67450a3b8,send_by
130,USER_V1_62d91dcb-1d83-4619-9aa3-7674a95a9301,MESSAGE_V1_e04fc986-dbbf-40f1-ac6f-bdfd21fa2808,sender
130,MESSAGE_V1_e04fc986-dbbf-40f1-ac6f-bdfd21fa2808,USER_V1_62d91dcb-1d83-4619-9aa3-7674a95a9301,send_by
131,USER_V1_ab02d7e8-2859-4da8-9e81-3827d1e41653,MESSAGE_V1_d6de58f8-db82-4838-bcbf-fab93e99335f,sender
131,MESSAGE_V1_d6de58f8-db82-4838-bcbf-fab93e99335f,USER_V1_ab02d7e8-2859-4da8-9e81-3827d1e41653,send_by
132,USER_V1_0da7a564-af87-44bf-b006-f142f023dc7b,MESSAGE_V1_404a10ae-3f56-4a86-8251-78e91c155fda,sender
132,MESSAGE_V1_404a10ae-3f56-4a86-8251-78e91c155fda,USER_V1_0da7a564-af87-44bf-b006-f142f023dc7b,send_by
133,USER_V1_08c6905b-eb4d-439f-ac4e-ba1ba7d982cf,MESSAGE_V1_553977dd-ce14-49ee-9a5b-de83aebea54b,sender
133,MESSAGE_V1_553977dd-ce14-49ee-9a5b-de83aebea54b,USER_V1_08c6905b-eb4d-439f-ac4e-ba1ba7d982cf,send_by
134,USER_V1_592ab7d1-4c95-4f6e-b7be-35ab4c2d3572,MESSAGE_V1_50513f43-10ba-4fe4-978d-8749bae367b6,sender
134,MESSAGE_V1_50513f43-10ba-4fe4-978d-8749bae367b6,USER_V1_592ab7d1-4c95-4f6e-b7be-35ab4c2d3572,send_by
135,USER_V1_4b0c1960-b973-4af4-9676-2489734eb486,MESSAGE_V1_bccd2761-8131-4b8f-84af-3a53b734ecdf,sender
135,MESSAGE_V1_bccd2761-8131-4b8f-84af-3a53b734ecdf,USER_V1_4b0c1960-b973-4af4-9676-2489734eb486,send_by
136,USER_V1_730a4573-ef80-4b5a-a19c-fef86347865f,MESSAGE_V1_cf6a9f89-586f-47d4-a928-e6eb0b91a279,sender
136,MESSAGE_V1_cf6a9f89-586f-47d4-a928-e6eb0b91a279,USER_V1_730a4573-ef80-4b5a-a19c-fef86347865f,send_by
137,USER_V1_240830c7-3b99-4c38-a727-0affac4daf75,MESSAGE_V1_a907c342-f066-4293-9229-48fe87d7a637,sender
137,MESSAGE_V1_a907c342-f066-4293-9229-48fe87d7a637,USER_V1_240830c7-3b99-4c38-a727-0affac4daf75,send_by
138,USER_V1_07250372-13fd-4d1b-b6ae-56511e805120,MESSAGE_V1_f39dc280-6df8-45a9-b36f-4b0476a1bd8c,sender
138,MESSAGE_V1_f39dc280-6df8-45a9-b36f-4b0476a1bd8c,USER_V1_07250372-13fd-4d1b-b6ae-56511e805120,send_by
139,USER_V1_3d0c6119-8e2b-4453-a299-a2c3b5b8c83a,MESSAGE_V1_612dd058-bb7c-478b-8065-b7c8e258de59,sender
139,MESSAGE_V1_612dd058-bb7c-478b-8065-b7c8e258de59,USER_V1_3d0c6119-8e2b-4453-a299-a2c3b5b8c83a,send_by
140,USER_V1_dfde3826-7824-40a0-bb57-1cc3d8cdd9ab,MESSAGE_V1_0ac57f3b-5da6-4367-a8fe-6dd87ce8bc54,sender
140,MESSAGE_V1_0ac57f3b-5da6-4367-a8fe-6dd87ce8bc54,USER_V1_dfde3826-7824-40a0-bb57-1cc3d8cdd9ab,send_by
141,USER_V1_ba2932b8-d5a2-4ff2-8121-0877a51e2123,MESSAGE_V1_ded84c27-6075-4ca1-bc23-7605afbb148d,sender
141,MESSAGE_V1_ded84c27-6075-4ca1-bc23-7605afbb148d,USER_V1_ba2932b8-d5a2-4ff2-8121-0877a51e2123,send_by
142,USER_V1_72692183-16aa-4cf4-aac7-10a6979185b1,MESSAGE_V1_99fa8f75-9be4-48fd-af0e-40267b3dd53a,sender
142,MESSAGE_V1_99fa8f75-9be4-48fd-af0e-40267b3dd53a,USER_V1_72692183-16aa-4cf4-aac7-10a6979185b1,send_by
143,USER_V1_8e39bd2c-1f49-4fd0-b218-7a491b4be340,MESSAGE_V1_02247f8d-6eaa-4076-892a-a1b3dbfd754d,sender
143,MESSAGE_V1_02247f8d-6eaa-4076-892a-a1b3dbfd754d,USER_V1_8e39bd2c-1f49-4fd0-b218-7a491b4be340,send_by
144,USER_V1_bbd75cc0-608c-46a1-9709-2094eb0f9215,MESSAGE_V1_894189b6-9c42-432c-a87f-7ff669f2dc05,sender
144,MESSAGE_V1_894189b6-9c42-432c-a87f-7ff669f2dc05,USER_V1_bbd75cc0-608c-46a1-9709-2094eb0f9215,send_by
145,USER_V1_d91c4455-86bb-46d9-ad98-d87e1db9052a,MESSAGE_V1_80b73e6c-b0df-415a-9beb-a368a076d602,sender
145,MESSAGE_V1_80b73e6c-b0df-415a-9beb-a368a076d602,USER_V1_d91c4455-86bb-46d9-ad98-d87e1db9052a,send_by
146,USER_V1_ba09c3d5-24af-4e0f-a4eb-1b4986097fac,MESSAGE_V1_b8a8a333-c6f4-4940-8788-aa48b2ad5990,sender
146,MESSAGE_V1_b8a8a333-c6f4-4940-8788-aa48b2ad5990,USER_V1_ba09c3d5-24af-4e0f-a4eb-1b4986097fac,send_by
147,USER_V1_12d63444-214b-4870-a95a-e08e361ec2a1,MESSAGE_V1_53296c36-2957-4e4c-b1df-8446c8a87bc1,sender
147,MESSAGE_V1_53296c36-2957-4e4c-b1df-8446c8a87bc1,USER_V1_12d63444-214b-4870-a95a-e08e361ec2a1,send_by
148,USER_V1_38859343-f288-499a-8994-144f10bbbc64,MESSAGE_V1_3a5f7e78-b161-4c8b-836f-af04ce030aea,sender
148,MESSAGE_V1_3a5f7e78-b161-4c8b-836f-af04ce030aea,USER_V1_38859343-f288-499a-8994-144f10bbbc64,send_by
149,USER_V1_de1fc556-4af7-48c4-8f0d-1d8703fc22f0,MESSAGE_V1_a1f01b98-94c9-41be-9806-7bd3d01dc08d,sender
149,MESSAGE_V1_a1f01b98-94c9-41be-9806-7bd3d01dc08d,USER_V1_de1fc556-4af7-48c4-8f0d-1d8703fc22f0,send_by
150,USER_V1_f931c07c-8b4b-4316-9727-226e2a12c811,MESSAGE_V1_8ffe01c8-ada3-4f53-85fc-3d8fcc7156ab,sender
150,MESSAGE_V1_8ffe01c8-ada3-4f53-85fc-3d8fcc7156ab,USER_V1_f931c07c-8b4b-4316-9727-226e2a12c811,send_by
151,USER_V1_a63a2217-707a-4d70-98f1-fc050555040d,MESSAGE_V1_a3050c6c-24fc-4521-bb8c-2c8370a58797,sender
151,MESSAGE_V1_a3050c6c-24fc-4521-bb8c-2c8370a58797,USER_V1_a63a2217-707a-4d70-98f1-fc050555040d,send_by
152,USER_V1_ed1a8fda-c455-457a-b9c4-bcf94461fa91,MESSAGE_V1_3794994c-2310-4f9d-9aef-dd59882f5e99,sender
152,MESSAGE_V1_3794994c-2310-4f9d-9aef-dd59882f5e99,USER_V1_ed1a8fda-c455-457a-b9c4-bcf94461fa91,send_by
153,USER_V1_ff6f1086-6114-47e2-82af-5dfef4d3bdfe,MESSAGE_V1_9cd40e47-77e2-4e00-b922-6f26c7072045,sender
153,MESSAGE_V1_9cd40e47-77e2-4e00-b922-6f26c7072045,USER_V1_ff6f1086-6114-47e2-82af-5dfef4d3bdfe,send_by
154,USER_V1_4c2d3679-e023-4008-8e18-eebc3593b4dd,MESSAGE_V1_aa6aaee6-8247-4388-9524-20b1c7aada32,sender
154,MESSAGE_V1_aa6aaee6-8247-4388-9524-20b1c7aada32,USER_V1_4c2d3679-e023-4008-8e18-eebc3593b4dd,send_by
155,USER_V1_1c07673f-0861-49a9-b334-5997b259ca10,MESSAGE_V1_06356b14-db13-48c7-bfd5-3d8455956fe2,sender
155,MESSAGE_V1_06356b14-db13-48c7-bfd5-3d8455956fe2,USER_V1_1c07673f-0861-49a9-b334-5997b259ca10,send_by
156,USER_V1_eddbe4ca-1fab-4725-8c20-77c6ec656745,MESSAGE_V1_98c47d7d-9cb6-4a22-8717-6fb3397ca4c9,sender
156,MESSAGE_V1_98c47d7d-9cb6-4a22-8717-6fb3397ca4c9,USER_V1_eddbe4ca-1fab-4725-8c20-77c6ec656745,send_by
157,USER_V1_e3299770-764a-48ef-bfa1-5e45beb49c6c,MESSAGE_V1_0f40c2fb-1c7d-48fc-8e42-5cd8e7c80ee3,sender
157,MESSAGE_V1_0f40c2fb-1c7d-48fc-8e42-5cd8e7c80ee3,USER_V1_e3299770-764a-48ef-bfa1-5e45beb49c6c,send_by
158,USER_V1_85f44999-eec8-4da4-a901-91fd607db8b8,MESSAGE_V1_10650fb7-7d11-42d8-9e86-c9b0e9f237bb,sender
158,MESSAGE_V1_10650fb7-7d11-42d8-9e86-c9b0e9f237bb,USER_V1_85f44999-eec8-4da4-a901-91fd607db8b8,send_by
159,USER_V1_6529124d-29be-48a7-abea-2c064800ba4c,MESSAGE_V1_203d94b8-64c9-4384-b5c9-4c67793bfdc6,sender
159,MESSAGE_V1_203d94b8-64c9-4384-b5c9-4c67793bfdc6,USER_V1_6529124d-29be-48a7-abea-2c064800ba4c,send_by
160,USER_V1_acc80407-0625-4fda-b45a-091fbea4ab30,MESSAGE_V1_1c5749a6-ead7-4478-9569-de627598c40b,sender
160,MESSAGE_V1_1c5749a6-ead7-4478-9569-de627598c40b,USER_V1_acc80407-0625-4fda-b45a-091fbea4ab30,send_by
161,USER_V1_9ce79bb3-73c0-4b5d-b826-56644ddfd192,MESSAGE_V1_95eccf9b-decf-4164-a851-7408366c84a9,sender
161,MESSAGE_V1_95eccf9b-decf-4164-a851-7408366c84a9,USER_V1_9ce79bb3-73c0-4b5d-b826-56644ddfd192,send_by
162,USER_V1_f2d22647-9f40-4ba9-96f3-7cac8780729b,MESSAGE_V1_75129117-9e8d-429a-b112-8183f9ef28f5,sender
162,MESSAGE_V1_75129117-9e8d-429a-b112-8183f9ef28f5,USER_V1_f2d22647-9f40-4ba9-96f3-7cac8780729b,send_by
163,USER_V1_9cdc8d7d-d8e4-4cd3-b0b9-ea6199eecb16,MESSAGE_V1_f073ca84-f8f9-4ae0-b238-4984a405652c,sender
163,MESSAGE_V1_f073ca84-f8f9-4ae0-b238-4984a405652c,USER_V1_9cdc8d7d-d8e4-4cd3-b0b9-ea6199eecb16,send_by
164,USER_V1_e1d6bd2a-07aa-4492-866c-2878e0973d60,MESSAGE_V1_8ede235d-7019-4dce-b32c-8c87b7736ac4,sender
164,MESSAGE_V1_8ede235d-7019-4dce-b32c-8c87b7736ac4,USER_V1_e1d6bd2a-07aa-4492-866c-2878e0973d60,send_by
165,USER_V1_ed8fe79a-b4b3-46af-9d10-fc968a3792bd,MESSAGE_V1_28ca2f9f-1838-471a-af43-a298b36a0e4f,sender
165,MESSAGE_V1_28ca2f9f-1838-471a-af43-a298b36a0e4f,USER_V1_ed8fe79a-b4b3-46af-9d10-fc968a3792bd,send_by
166,USER_V1_3a53836e-9f4b-423e-9ea3-e79b32f4072e,MESSAGE_V1_6e826122-31f1-490a-bcf8-044d2a2c4460,sender
166,MESSAGE_V1_6e826122-31f1-490a-bcf8-044d2a2c4460,USER_V1_3a53836e-9f4b-423e-9ea3-e79b32f4072e,send_by
167,USER_V1_3e15b4db-eab3-4e6d-b2fc-6aab95898765,MESSAGE_V1_fe15f63a-3bba-492c-a2c4-c4201dd84d86,sender
167,MESSAGE_V1_fe15f63a-3bba-492c-a2c4-c4201dd84d86,USER_V1_3e15b4db-eab3-4e6d-b2fc-6aab95898765,send_by
168,USER_V1_8962e11a-1273-49ce-b682-651484293293,MESSAGE_V1_c7ee345c-6e9d-4ac5-bb85-1969883f91aa,sender
168,MESSAGE_V1_c7ee345c-6e9d-4ac5-bb85-1969883f91aa,USER_V1_8962e11a-1273-49ce-b682-651484293293,send_by
169,USER_V1_9b4226ae-62b0-4a94-89ff-368070bc7f70,MESSAGE_V1_01dc6f31-c73c-4b35-96f0-c651c80a52ff,sender
169,MESSAGE_V1_01dc6f31-c73c-4b35-96f0-c651c80a52ff,USER_V1_9b4226ae-62b0-4a94-89ff-368070bc7f70,send_by
170,USER_V1_e30f56c6-ef5e-41ba-9eb9-525d3848452c,MESSAGE_V1_672f8090-2cb5-4e06-b9dd-2ccbec8ffe2d,sender
170,MESSAGE_V1_672f8090-2cb5-4e06-b9dd-2ccbec8ffe2d,USER_V1_e30f56c6-ef5e-41ba-9eb9-525d3848452c,send_by
171,USER_V1_7d19f927-b5c7-44ba-800f-9965303accd7,MESSAGE_V1_07984e6c-6e17-4a15-a254-a532862a009a,sender
171,MESSAGE_V1_07984e6c-6e17-4a15-a254-a532862a009a,USER_V1_7d19f927-b5c7-44ba-800f-9965303accd7,send_by
172,USER_V1_0a2b43c7-84c1-43aa-8123-ff40a7dd541a,MESSAGE_V1_606402d5-6da8-46a8-9c2f-797377241b24,sender
172,MESSAGE_V1_606402d5-6da8-46a8-9c2f-797377241b24,USER_V1_0a2b43c7-84c1-43aa-8123-ff40a7dd541a,send_by
173,USER_V1_d42c6492-6a41-4395-a756-2f867985d805,MESSAGE_V1_e519f832-c836-4b40-bafb-57710b95a26e,sender
173,MESSAGE_V1_e519f832-c836-4b40-bafb-57710b95a26e,USER_V1_d42c6492-6a41-4395-a756-2f867985d805,send_by
174,USER_V1_f3e4bd97-9453-4d80-842e-7ec77ab56d31,MESSAGE_V1_0c879fa4-4024-4d2e-8096-164929cc72f8,sender
174,MESSAGE_V1_0c879fa4-4024-4d2e-8096-164929cc72f8,USER_V1_f3e4bd97-9453-4d80-842e-7ec77ab56d31,send_by
175,USER_V1_555852eb-982f-4f52-8d58-91f9142d3433,MESSAGE_V1_4c49bd16-b8b0-4f51-8d06-1e0418f783ff,sender
175,MESSAGE_V1_4c49bd16-b8b0-4f51-8d06-1e0418f783ff,USER_V1_555852eb-982f-4f52-8d58-91f9142d3433,send_by
176,USER_V1_3a0cbd51-2c27-43d9-9488-7876e5f79aa0,MESSAGE_V1_d041d55e-5eed-4936-a98d-79da3156c7ae,sender
176,MESSAGE_V1_d041d55e-5eed-4936-a98d-79da3156c7ae,USER_V1_3a0cbd51-2c27-43d9-9488-7876e5f79aa0,send_by
177,USER_V1_2636e705-f069-4838-b01d-ea4e10b807f9,MESSAGE_V1_4e7a6d99-6dd2-4a05-a618-fda285455acd,sender
177,MESSAGE_V1_4e7a6d99-6dd2-4a05-a618-fda285455acd,USER_V1_2636e705-f069-4838-b01d-ea4e10b807f9,send_by
178,USER_V1_a790d2ad-4248-47d7-a1b7-879c9eac5402,MESSAGE_V1_1877d47a-8369-4215-96ca-506ea808e08c,sender
178,MESSAGE_V1_1877d47a-8369-4215-96ca-506ea808e08c,USER_V1_a790d2ad-4248-47d7-a1b7-879c9eac5402,send_by
179,USER_V1_13d951f9-df9b-4ee8-b397-adbcc4c2eb0b,MESSAGE_V1_ee127b32-e638-478c-9c39-3509ec5c66e5,sender
179,MESSAGE_V1_ee127b32-e638-478c-9c39-3509ec5c66e5,USER_V1_13d951f9-df9b-4ee8-b397-adbcc4c2eb0b,send_by
180,USER_V1_6459e273-0bf6-4805-9a77-440c50a521b9,MESSAGE_V1_0dde801f-05a3-4611-8f80-fa8475db5473,sender
180,MESSAGE_V1_0dde801f-05a3-4611-8f80-fa8475db5473,USER_V1_6459e273-0bf6-4805-9a77-440c50a521b9,send_by
181,USER_V1_7e12c048-5b7b-403a-8717-10f4d2d96261,MESSAGE_V1_72083a98-5717-4e6f-ac64-313700292c50,sender
181,MESSAGE_V1_72083a98-5717-4e6f-ac64-313700292c50,USER_V1_7e12c048-5b7b-403a-8717-10f4d2d96261,send_by
182,USER_V1_10c0b8ec-7593-4c82-aff1-274f4f09c16c,MESSAGE_V1_f84b7d94-93ce-4fab-90a5-f3b76e17fab0,sender
182,MESSAGE_V1_f84b7d94-93ce-4fab-90a5-f3b76e17fab0,USER_V1_10c0b8ec-7593-4c82-aff1-274f4f09c16c,send_by
183,USER_V1_eb632aea-de5f-4b73-a2b8-3400ea40074f,MESSAGE_V1_9fab8b9a-afd8-46e3-92a2-7f79d785e115,sender
183,MESSAGE_V1_9fab8b9a-afd8-46e3-92a2-7f79d785e115,USER_V1_eb632aea-de5f-4b73-a2b8-3400ea40074f,send_by
184,USER_V1_f2f1ec76-b1f5-4c24-947d-b18c59f8bda2,MESSAGE_V1_4cce240c-e941-4c1d-a3c6-6e2f103f0bfe,sender
184,MESSAGE_V1_4cce240c-e941-4c1d-a3c6-6e2f103f0bfe,USER_V1_f2f1ec76-b1f5-4c24-947d-b18c59f8bda2,send_by
185,USER_V1_4626c826-e084-4d9f-af4f-06043a2d1eab,MESSAGE_V1_12d9b590-99e4-4313-86d4-1a9f60e8fbad,sender
185,MESSAGE_V1_12d9b590-99e4-4313-86d4-1a9f60e8fbad,USER_V1_4626c826-e084-4d9f-af4f-06043a2d1eab,send_by
186,USER_V1_b9b382fb-8a9a-4843-af8b-3bfdbb2cb723,MESSAGE_V1_95f86869-4a92-4ab9-b772-8c20fa2c931a,sender
186,MESSAGE_V1_95f86869-4a92-4ab9-b772-8c20fa2c931a,USER_V1_b9b382fb-8a9a-4843-af8b-3bfdbb2cb723,send_by
187,USER_V1_b8261526-761e-48f2-8a20-451631909410,MESSAGE_V1_494113da-3661-4bda-88dd-d3989c561155,sender
187,MESSAGE_V1_494113da-3661-4bda-88dd-d3989c561155,USER_V1_b8261526-761e-48f2-8a20-451631909410,send_by
188,USER_V1_9df55c66-4a92-4219-912c-5dc97e4e783e,MESSAGE_V1_ecfec53c-0486-4c3c-8c5f-6ae3e503493b,sender
188,MESSAGE_V1_ecfec53c-0486-4c3c-8c5f-6ae3e503493b,USER_V1_9df55c66-4a92-4219-912c-5dc97e4e783e,send_by
189,USER_V1_ab274f65-8800-4c2e-8a0f-84988300eeee,MESSAGE_V1_7385fcdb-15af-4c98-9d06-87564ab0e556,sender
189,MESSAGE_V1_7385fcdb-15af-4c98-9d06-87564ab0e556,USER_V1_ab274f65-8800-4c2e-8a0f-84988300eeee,send_by
190,USER_V1_5f19820a-a522-4fe9-9090-19bde52a8f14,MESSAGE_V1_377a5658-3946-4263-8c19-17ad7da2efe0,sender
190,MESSAGE_V1_377a5658-3946-4263-8c19-17ad7da2efe0,USER_V1_5f19820a-a522-4fe9-9090-19bde52a8f14,send_by
191,USER_V1_9a552eaf-b5a2-4d43-9b30-07afc7120ddd,MESSAGE_V1_fa237a7d-4d84-4346-9f8b-be65d1d8506e,sender
191,MESSAGE_V1_fa237a7d-4d84-4346-9f8b-be65d1d8506e,USER_V1_9a552eaf-b5a2-4d43-9b30-07afc7120ddd,send_by
192,USER_V1_6444762a-ab9a-4dbf-bda5-40ebfc23a8c5,MESSAGE_V1_fe18393f-f69a-4593-8ad8-e9d7778fb364,sender
192,MESSAGE_V1_fe18393f-f69a-4593-8ad8-e9d7778fb364,USER_V1_6444762a-ab9a-4dbf-bda5-40ebfc23a8c5,send_by
193,USER_V1_5e63132f-bf83-471f-bbb7-c35480ae8a9d,MESSAGE_V1_89882804-13b8-4b5c-ba1b-fb676f8f1ee2,sender
193,MESSAGE_V1_89882804-13b8-4b5c-ba1b-fb676f8f1ee2,USER_V1_5e63132f-bf83-471f-bbb7-c35480ae8a9d,send_by
194,USER_V1_76f49641-6d87-4b4f-aebd-e5a1b99c709f,MESSAGE_V1_87c56609-aeed-404c-9f09-f67016d08b3b,sender
194,MESSAGE_V1_87c56609-aeed-404c-9f09-f67016d08b3b,USER_V1_76f49641-6d87-4b4f-aebd-e5a1b99c709f,send_by
195,USER_V1_20a07b51-c6ef-4c15-8ca9-a9a839db5d6a,MESSAGE_V1_d1f955d6-4b37-4dde-af94-e8585a3398b8,sender
195,MESSAGE_V1_d1f955d6-4b37-4dde-af94-e8585a3398b8,USER_V1_20a07b51-c6ef-4c15-8ca9-a9a839db5d6a,send_by
196,USER_V1_d8345dcc-6c32-4512-9642-ebbe7664ade6,MESSAGE_V1_ee5061ea-f4ff-44e0-9912-859a40c57b95,sender
196,MESSAGE_V1_ee5061ea-f4ff-44e0-9912-859a40c57b95,USER_V1_d8345dcc-6c32-4512-9642-ebbe7664ade6,send_by
197,USER_V1_bc325286-1c87-4775-af93-9ac9fd014554,MESSAGE_V1_15c8b8d3-7564-4497-b55a-6d180bed7410,sender
197,MESSAGE_V1_15c8b8d3-7564-4497-b55a-6d180bed7410,USER_V1_bc325286-1c87-4775-af93-9ac9fd014554,send_by
198,USER_V1_30fd8eab-ede7-4486-93a4-ca5e90c59b4d,MESSAGE_V1_fd61d59b-a36a-45b1-aca0-6b17c7be4fe6,sender
198,MESSAGE_V1_fd61d59b-a36a-45b1-aca0-6b17c7be4fe6,USER_V1_30fd8eab-ede7-4486-93a4-ca5e90c59b4d,send_by
199,USER_V1_87172d97-ce3e-478c-8ed0-bf82c7f92cc4,MESSAGE_V1_ae38fe4e-ff11-42a1-b5de-ba5e795c2835,sender
199,MESSAGE_V1_ae38fe4e-ff11-42a1-b5de-ba5e795c2835,USER_V1_87172d97-ce3e-478c-8ed0-bf82c7f92cc4,send_by
200,USER_V1_2eca3e12-a9ae-433a-8833-b9c853f9a928,MESSAGE_V1_3edd89a7-405c-4c35-8871-8166a557baf8,sender
200,MESSAGE_V1_3edd89a7-405c-4c35-8871-8166a557baf8,USER_V1_2eca3e12-a9ae-433a-8833-b9c853f9a928,send_by
201,USER_V1_143cef6d-c621-44f2-9991-c24c90971e79,MESSAGE_V1_f7c0848b-e9e9-4a03-af06-6b253728c3f8,sender
201,MESSAGE_V1_f7c0848b-e9e9-4a03-af06-6b253728c3f8,USER_V1_143cef6d-c621-44f2-9991-c24c90971e79,send_by
202,USER_V1_7af1d3e7-3fee-424c-9490-7f3f7ba5efce,MESSAGE_V1_e359d568-4186-4602-bccc-bbfc9a9a13ba,sender
202,MESSAGE_V1_e359d568-4186-4602-bccc-bbfc9a9a13ba,USER_V1_7af1d3e7-3fee-424c-9490-7f3f7ba5efce,send_by
203,USER_V1_136c1e6f-364c-407a-b0b3-9f590ff4b0f5,MESSAGE_V1_0aed9eb2-53ee-4135-b793-4b139dca6a39,sender
203,MESSAGE_V1_0aed9eb2-53ee-4135-b793-4b139dca6a39,USER_V1_136c1e6f-364c-407a-b0b3-9f590ff4b0f5,send_by
204,USER_V1_8e9be0a7-2542-42c8-a6a2-711ed9018254,MESSAGE_V1_af783cdd-8371-49c3-b02d-6d5b1f9358f0,sender
204,MESSAGE_V1_af783cdd-8371-49c3-b02d-6d5b1f9358f0,USER_V1_8e9be0a7-2542-42c8-a6a2-711ed9018254,send_by
205,USER_V1_13537ba9-c6d4-498f-a16d-749996b500fb,MESSAGE_V1_2ff197cc-52d6-4aa2-868b-f7e2477cfa46,sender
205,MESSAGE_V1_2ff197cc-52d6-4aa2-868b-f7e2477cfa46,USER_V1_13537ba9-c6d4-498f-a16d-749996b500fb,send_by
206,USER_V1_0cd402de-d8a4-41a3-89f8-f0acda8dcca5,MESSAGE_V1_b61a45da-c37a-46d8-b8a3-ddb9377650dd,sender
206,MESSAGE_V1_b61a45da-c37a-46d8-b8a3-ddb9377650dd,USER_V1_0cd402de-d8a4-41a3-89f8-f0acda8dcca5,send_by
207,USER_V1_4e6d931b-e41d-473a-b6fa-c605562d10c6,MESSAGE_V1_87dcf1d1-7f8e-453c-a4e2-96fa6fcc865c,sender
207,MESSAGE_V1_87dcf1d1-7f8e-453c-a4e2-96fa6fcc865c,USER_V1_4e6d931b-e41d-473a-b6fa-c605562d10c6,send_by
208,USER_V1_e524f0ff-7478-4a31-b62d-203244b424b9,MESSAGE_V1_51f37cfe-e2d1-43da-abf1-42ebd61c0cfd,sender
208,MESSAGE_V1_51f37cfe-e2d1-43da-abf1-42ebd61c0cfd,USER_V1_e524f0ff-7478-4a31-b62d-203244b424b9,send_by
209,USER_V1_949b806e-bbe3-46d5-b6d2-f73f6d8d6c54,MESSAGE_V1_de684660-9ded-4023-92e2-821544bed8c5,sender
209,MESSAGE_V1_de684660-9ded-4023-92e2-821544bed8c5,USER_V1_949b806e-bbe3-46d5-b6d2-f73f6d8d6c54,send_by
210,USER_V1_6b9791dd-c60c-449d-bc6c-c6f11fe4b871,MESSAGE_V1_02d12b64-eb0a-48f4-b38e-6376fb3e6748,sender
210,MESSAGE_V1_02d12b64-eb0a-48f4-b38e-6376fb3e6748,USER_V1_6b9791dd-c60c-449d-bc6c-c6f11fe4b871,send_by
211,USER_V1_81751ccf-277a-4597-aa4f-437d543a7f36,MESSAGE_V1_51da4352-9224-4264-a5c5-695f2654a68d,sender
211,MESSAGE_V1_51da4352-9224-4264-a5c5-695f2654a68d,USER_V1_81751ccf-277a-4597-aa4f-437d543a7f36,send_by
212,USER_V1_c8261dab-b237-4a98-89d0-86c74f58629f,MESSAGE_V1_790a4f5f-db8e-40aa-ab11-a5154b3bbf0c,sender
212,MESSAGE_V1_790a4f5f-db8e-40aa-ab11-a5154b3bbf0c,USER_V1_c8261dab-b237-4a98-89d0-86c74f58629f,send_by
213,USER_V1_5ea5c6b6-40db-4260-97c6-7577b9d3e0fb,MESSAGE_V1_612021eb-ea55-4b29-8297-54218b8f7fdc,sender
213,MESSAGE_V1_612021eb-ea55-4b29-8297-54218b8f7fdc,USER_V1_5ea5c6b6-40db-4260-97c6-7577b9d3e0fb,send_by
214,USER_V1_0baca8eb-3395-4d40-ae06-c63fb34cb1dc,MESSAGE_V1_89642db2-0bb4-408e-9573-ae0e94b3d97b,sender
214,MESSAGE_V1_89642db2-0bb4-408e-9573-ae0e94b3d97b,USER_V1_0baca8eb-3395-4d40-ae06-c63fb34cb1dc,send_by
215,USER_V1_09691088-44d4-4d15-a056-c2db9e283c73,MESSAGE_V1_ab7e5c4c-7047-4351-8206-c6559290c4cc,sender
215,MESSAGE_V1_ab7e5c4c-7047-4351-8206-c6559290c4cc,USER_V1_09691088-44d4-4d15-a056-c2db9e283c73,send_by
216,USER_V1_c6832c00-37d8-43de-b4bb-44a347e6b4b5,MESSAGE_V1_cd54e0ed-4287-4bfe-8385-36aee01e3641,sender
216,MESSAGE_V1_cd54e0ed-4287-4bfe-8385-36aee01e3641,USER_V1_c6832c00-37d8-43de-b4bb-44a347e6b4b5,send_by
217,USER_V1_760ff0cf-344d-406a-b6f0-7d5628763277,MESSAGE_V1_bf5b2395-6ff5-4daa-b52d-d058027b4479,sender
217,MESSAGE_V1_bf5b2395-6ff5-4daa-b52d-d058027b4479,USER_V1_760ff0cf-344d-406a-b6f0-7d5628763277,send_by
218,USER_V1_3cc41129-d87f-498f-9141-dc937591d50c,MESSAGE_V1_f778dc8c-0278-4437-8a4c-5f74ccbaa44f,sender
218,MESSAGE_V1_f778dc8c-0278-4437-8a4c-5f74ccbaa44f,USER_V1_3cc41129-d87f-498f-9141-dc937591d50c,send_by
219,USER_V1_e2f8355f-466b-478c-9250-f7eedab2f922,MESSAGE_V1_882ffba6-0d34-4c98-8a26-00ecec20cf0e,sender
219,MESSAGE_V1_882ffba6-0d34-4c98-8a26-00ecec20cf0e,USER_V1_e2f8355f-466b-478c-9250-f7eedab2f922,send_by
220,USER_V1_73ac7f36-6013-4487-8cf4-ebd2290a2a5f,MESSAGE_V1_4db9edcd-e1be-47a6-b20a-557453027a52,sender
220,MESSAGE_V1_4db9edcd-e1be-47a6-b20a-557453027a52,USER_V1_73ac7f36-6013-4487-8cf4-ebd2290a2a5f,send_by
221,USER_V1_196c902a-bb70-4d61-bb81-bd1d7f6711d2,MESSAGE_V1_70f51d49-54a2-4f28-bc15-17dd7621e614,sender
221,MESSAGE_V1_70f51d49-54a2-4f28-bc15-17dd7621e614,USER_V1_196c902a-bb70-4d61-bb81-bd1d7f6711d2,send_by
222,USER_V1_c939290a-9db4-48cb-bdc2-43abebd698d1,MESSAGE_V1_08ea610a-1b3a-4f42-8dbe-6ca0bac2aec3,sender
222,MESSAGE_V1_08ea610a-1b3a-4f42-8dbe-6ca0bac2aec3,USER_V1_c939290a-9db4-48cb-bdc2-43abebd698d1,send_by
223,USER_V1_e8e0b9ff-f608-4147-8dee-ce6e65262f65,MESSAGE_V1_3ce459b9-05d1-4e54-a3c2-53b654cbc028,sender
223,MESSAGE_V1_3ce459b9-05d1-4e54-a3c2-53b654cbc028,USER_V1_e8e0b9ff-f608-4147-8dee-ce6e65262f65,send_by
224,USER_V1_635b8f93-8afc-4a5e-afbd-1a49366487d8,MESSAGE_V1_c2383e47-992e-438a-a87a-bbc6f1b9998c,sender
224,MESSAGE_V1_c2383e47-992e-438a-a87a-bbc6f1b9998c,USER_V1_635b8f93-8afc-4a5e-afbd-1a49366487d8,send_by
225,USER_V1_b41db964-e54c-4f6c-97fb-f820610b0e93,MESSAGE_V1_6c320850-f192-4b78-8127-39be9b447a53,sender
225,MESSAGE_V1_6c320850-f192-4b78-8127-39be9b447a53,USER_V1_b41db964-e54c-4f6c-97fb-f820610b0e93,send_by
226,USER_V1_9d8a065d-fc35-430e-9a33-079a47b37b4d,MESSAGE_V1_f1a64609-6619-40a8-ae46-a76fb2ad9138,sender
226,MESSAGE_V1_f1a64609-6619-40a8-ae46-a76fb2ad9138,USER_V1_9d8a065d-fc35-430e-9a33-079a47b37b4d,send_by
227,USER_V1_5d81500a-fd8c-4712-9bf0-16c5b525a66f,MESSAGE_V1_a9e7cb67-1460-4915-8581-922b64bd9439,sender
227,MESSAGE_V1_a9e7cb67-1460-4915-8581-922b64bd9439,USER_V1_5d81500a-fd8c-4712-9bf0-16c5b525a66f,send_by
228,USER_V1_d2de0051-67fd-46ce-bc0e-ea468d6ea7a0,MESSAGE_V1_e581488a-8507-435a-909f-fad2081659c6,sender
228,MESSAGE_V1_e581488a-8507-435a-909f-fad2081659c6,USER_V1_d2de0051-67fd-46ce-bc0e-ea468d6ea7a0,send_by
229,USER_V1_2b603e7a-0a13-45c9-b3d4-e356ff8e04d7,MESSAGE_V1_d87bed1c-400a-46b9-a349-92d30c894093,sender
229,MESSAGE_V1_d87bed1c-400a-46b9-a349-92d30c894093,USER_V1_2b603e7a-0a13-45c9-b3d4-e356ff8e04d7,send_by
230,USER_V1_05d7b895-25cc-4bf8-a1af-10638f6bc07a,MESSAGE_V1_385fa746-784b-4799-a1e9-bb66bdf08cc4,sender
230,MESSAGE_V1_385fa746-784b-4799-a1e9-bb66bdf08cc4,USER_V1_05d7b895-25cc-4bf8-a1af-10638f6bc07a,send_by
231,USER_V1_d4486892-d4e1-44a5-8d80-dba740bb0f1a,MESSAGE_V1_901723ab-073e-4265-93f5-3661e03dba68,sender
231,MESSAGE_V1_901723ab-073e-4265-93f5-3661e03dba68,USER_V1_d4486892-d4e1-44a5-8d80-dba740bb0f1a,send_by
232,USER_V1_4aa34d26-b79d-47a8-a987-8927ea6879d1,MESSAGE_V1_6eb40b8e-093c-44e4-8cfb-b1899730362a,sender
232,MESSAGE_V1_6eb40b8e-093c-44e4-8cfb-b1899730362a,USER_V1_4aa34d26-b79d-47a8-a987-8927ea6879d1,send_by
233,USER_V1_fe6c1bcd-e059-4f40-9400-f57de0975eff,MESSAGE_V1_6f40207e-1c0e-4bdd-a498-0ac4632533af,sender
233,MESSAGE_V1_6f40207e-1c0e-4bdd-a498-0ac4632533af,USER_V1_fe6c1bcd-e059-4f40-9400-f57de0975eff,send_by
234,USER_V1_5643450d-84f1-416b-a6fb-4cbc0ddaba79,MESSAGE_V1_f00736e0-c1d4-47cb-ba54-f8c2694ea2aa,sender
234,MESSAGE_V1_f00736e0-c1d4-47cb-ba54-f8c2694ea2aa,USER_V1_5643450d-84f1-416b-a6fb-4cbc0ddaba79,send_by
235,USER_V1_8565f123-d021-4c89-aff7-1e0478608fa4,MESSAGE_V1_74c9fc49-6e0e-42c2-9111-429291cb26ec,sender
235,MESSAGE_V1_74c9fc49-6e0e-42c2-9111-429291cb26ec,USER_V1_8565f123-d021-4c89-aff7-1e0478608fa4,send_by
236,USER_V1_77403b7d-ea7b-4535-a100-baa102334fb0,MESSAGE_V1_a67f59e6-763f-4eaf-b235-1127ba140d44,sender
236,MESSAGE_V1_a67f59e6-763f-4eaf-b235-1127ba140d44,USER_V1_77403b7d-ea7b-4535-a100-baa102334fb0,send_by
237,USER_V1_07bdd59f-e854-471a-af6a-757f8dfa180e,MESSAGE_V1_2b8806a5-7a57-4fe7-9579-8c78778de365,sender
237,MESSAGE_V1_2b8806a5-7a57-4fe7-9579-8c78778de365,USER_V1_07bdd59f-e854-471a-af6a-757f8dfa180e,send_by
238,USER_V1_5dd9622d-5059-4904-8bc5-af407d0e9aae,MESSAGE_V1_4cefb041-ffdc-41c7-9d91-d3cc6a1a08e3,sender
238,MESSAGE_V1_4cefb041-ffdc-41c7-9d91-d3cc6a1a08e3,USER_V1_5dd9622d-5059-4904-8bc5-af407d0e9aae,send_by
239,USER_V1_61a3a567-67bf-410c-befc-01cd3e3f4861,MESSAGE_V1_298abcd2-b75c-4fdc-8c28-13e9fc202a81,sender
239,MESSAGE_V1_298abcd2-b75c-4fdc-8c28-13e9fc202a81,USER_V1_61a3a567-67bf-410c-befc-01cd3e3f4861,send_by
240,USER_V1_e5ac6959-6396-4a3e-9aad-03ee8cd336fe,MESSAGE_V1_f6c1b307-8767-4d92-87a1-26d8c57c670d,sender
240,MESSAGE_V1_f6c1b307-8767-4d92-87a1-26d8c57c670d,USER_V1_e5ac6959-6396-4a3e-9aad-03ee8cd336fe,send_by
241,USER_V1_3dd98a19-8e19-4e09-a766-669fe7daa928,MESSAGE_V1_b88bc4b9-48ed-456a-ad2a-df3e38ca7b9f,sender
241,MESSAGE_V1_b88bc4b9-48ed-456a-ad2a-df3e38ca7b9f,USER_V1_3dd98a19-8e19-4e09-a766-669fe7daa928,send_by
242,USER_V1_78b9396a-5a62-4fd9-bc85-ff4260da6661,MESSAGE_V1_627b49eb-8023-43d1-8250-623a9d273b8a,sender
242,MESSAGE_V1_627b49eb-8023-43d1-8250-623a9d273b8a,USER_V1_78b9396a-5a62-4fd9-bc85-ff4260da6661,send_by
243,USER_V1_b38b12eb-c1f2-46e5-bf2e-2fb53a7af289,MESSAGE_V1_40b2b471-c065-4f91-9a1f-b22b78cef8af,sender
243,MESSAGE_V1_40b2b471-c065-4f91-9a1f-b22b78cef8af,USER_V1_b38b12eb-c1f2-46e5-bf2e-2fb53a7af289,send_by
244,USER_V1_c2765a03-09d8-439d-8faf-6e7866d7dc80,MESSAGE_V1_d67f0244-d4b0-49af-8e7f-572d4e2aaf0b,sender
244,MESSAGE_V1_d67f0244-d4b0-49af-8e7f-572d4e2aaf0b,USER_V1_c2765a03-09d8-439d-8faf-6e7866d7dc80,send_by
245,USER_V1_f8fd38b8-e0cb-41f9-90e7-ca0aec25dcaa,MESSAGE_V1_7267279f-d897-4c03-8225-567c1018ca6e,sender
245,MESSAGE_V1_7267279f-d897-4c03-8225-567c1018ca6e,USER_V1_f8fd38b8-e0cb-41f9-90e7-ca0aec25dcaa,send_by
246,USER_V1_5c9be224-e691-4fb4-8bc3-3cb01a34403a,MESSAGE_V1_c9a9b9d5-4c7f-487f-918c-da96e754a70f,sender
246,MESSAGE_V1_c9a9b9d5-4c7f-487f-918c-da96e754a70f,USER_V1_5c9be224-e691-4fb4-8bc3-3cb01a34403a,send_by
247,USER_V1_245f5e79-18e0-4d5d-ae4f-e322d88a088b,MESSAGE_V1_77e6a5b5-4a3b-49e5-b6f4-12e92da91be2,sender
247,MESSAGE_V1_77e6a5b5-4a3b-49e5-b6f4-12e92da91be2,USER_V1_245f5e79-18e0-4d5d-ae4f-e322d88a088b,send_by
248,USER_V1_98fbc5dc-07ac-42d3-8455-45d6dd04b737,MESSAGE_V1_c1db0cfd-7e1d-44d7-8efc-25e35514cc5c,sender
248,MESSAGE_V1_c1db0cfd-7e1d-44d7-8efc-25e35514cc5c,USER_V1_98fbc5dc-07ac-42d3-8455-45d6dd04b737,send_by
249,USER_V1_0381f398-df5c-4d7b-93d0-b997609c608d,MESSAGE_V1_532508b5-d3b1-4547-9a6e-dbe1211e3273,sender
249,MESSAGE_V1_532508b5-d3b1-4547-9a6e-dbe1211e3273,USER_V1_0381f398-df5c-4d7b-93d0-b997609c608d,send_by
250,USER_V1_71acce10-8e55-4b0e-9aa4-f7c84cf58266,MESSAGE_V1_2c02af88-ff03-4fff-a532-4aafc1215646,sender
250,MESSAGE_V1_2c02af88-ff03-4fff-a532-4aafc1215646,USER_V1_71acce10-8e55-4b0e-9aa4-f7c84cf58266,send_by
251,USER_V1_a9685550-b90b-45de-b499-5484aba53e02,MESSAGE_V1_e8083a7f-3309-42f3-b262-712abbd64a9e,sender
251,MESSAGE_V1_e8083a7f-3309-42f3-b262-712abbd64a9e,USER_V1_a9685550-b90b-45de-b499-5484aba53e02,send_by
252,USER_V1_6ff665ed-bd74-4172-aa8b-3f4e21002e20,MESSAGE_V1_080a4730-7e2e-4d6e-b244-fbdeebccd5bf,sender
252,MESSAGE_V1_080a4730-7e2e-4d6e-b244-fbdeebccd5bf,USER_V1_6ff665ed-bd74-4172-aa8b-3f4e21002e20,send_by
253,USER_V1_9743097d-9730-4403-8c4a-1d1b87c455a6,MESSAGE_V1_ca44ece1-7505-4d5b-beb5-8a40d59e1202,sender
253,MESSAGE_V1_ca44ece1-7505-4d5b-beb5-8a40d59e1202,USER_V1_9743097d-9730-4403-8c4a-1d1b87c455a6,send_by
254,USER_V1_ce0e0700-2a4e-4d42-abf8-15272c1222fb,MESSAGE_V1_1ba61dec-34d1-4d2f-bfbc-38e7c4660eb8,sender
254,MESSAGE_V1_1ba61dec-34d1-4d2f-bfbc-38e7c4660eb8,USER_V1_ce0e0700-2a4e-4d42-abf8-15272c1222fb,send_by
255,USER_V1_ec884d9e-cdf0-4894-b2f7-294fa2c4be17,MESSAGE_V1_b3840ae9-d52d-4d9b-8baa-86d113d7732b,sender
255,MESSAGE_V1_b3840ae9-d52d-4d9b-8baa-86d113d7732b,USER_V1_ec884d9e-cdf0-4894-b2f7-294fa2c4be17,send_by
256,USER_V1_4fa0c1f9-c2cf-4d27-a25f-3e78e81a7e1a,MESSAGE_V1_0157d98f-ade5-41a5-83b1-25569def14ed,sender
256,MESSAGE_V1_0157d98f-ade5-41a5-83b1-25569def14ed,USER_V1_4fa0c1f9-c2cf-4d27-a25f-3e78e81a7e1a,send_by
257,USER_V1_76609c8f-b324-403a-9e3e-edc4bc7da476,MESSAGE_V1_a88879ac-26a5-402e-9c0b-2641dffa4725,sender
257,MESSAGE_V1_a88879ac-26a5-402e-9c0b-2641dffa4725,USER_V1_76609c8f-b324-403a-9e3e-edc4bc7da476,send_by
258,USER_V1_1c63c33f-59c0-4e71-b292-b816d8a08b90,MESSAGE_V1_6264da1c-574a-475c-a556-8f426ae99a6f,sender
258,MESSAGE_V1_6264da1c-574a-475c-a556-8f426ae99a6f,USER_V1_1c63c33f-59c0-4e71-b292-b816d8a08b90,send_by
259,USER_V1_1eac7826-1ce5-4fea-b16c-a8ee206a0140,MESSAGE_V1_56b19433-f419-427c-825d-687bb98547b9,sender
259,MESSAGE_V1_56b19433-f419-427c-825d-687bb98547b9,USER_V1_1eac7826-1ce5-4fea-b16c-a8ee206a0140,send_by
260,USER_V1_133d034d-a5aa-46e1-ad24-82014f1c7f78,MESSAGE_V1_34e8415f-86c3-4260-b75b-c36e45c98e71,sender
260,MESSAGE_V1_34e8415f-86c3-4260-b75b-c36e45c98e71,USER_V1_133d034d-a5aa-46e1-ad24-82014f1c7f78,send_by
261,USER_V1_c4cdcc85-dc2c-4edd-8bfc-4ad71dec05fb,MESSAGE_V1_72976bea-7288-4d64-a3ef-2753d30542a6,sender
261,MESSAGE_V1_72976bea-7288-4d64-a3ef-2753d30542a6,USER_V1_c4cdcc85-dc2c-4edd-8bfc-4ad71dec05fb,send_by
262,USER_V1_b78fb2b6-9fdc-4744-9b30-04c7b714acb0,MESSAGE_V1_d0a94ea5-5c97-4a83-8da5-5457491b31a7,sender
262,MESSAGE_V1_d0a94ea5-5c97-4a83-8da5-5457491b31a7,USER_V1_b78fb2b6-9fdc-4744-9b30-04c7b714acb0,send_by
263,USER_V1_ade034bb-c54b-4e93-8ffb-bff4eabf1232,MESSAGE_V1_daa7e59a-8433-4c9a-b162-09e01f772611,sender
263,MESSAGE_V1_daa7e59a-8433-4c9a-b162-09e01f772611,USER_V1_ade034bb-c54b-4e93-8ffb-bff4eabf1232,send_by
264,USER_V1_3e8c9c5f-3fb3-40d3-b17d-d5e8094a2fdf,MESSAGE_V1_ed9b7999-1b6e-48cd-a131-099ce475d4ca,sender
264,MESSAGE_V1_ed9b7999-1b6e-48cd-a131-099ce475d4ca,USER_V1_3e8c9c5f-3fb3-40d3-b17d-d5e8094a2fdf,send_by
265,USER_V1_d37cf934-458c-4dce-a12d-54685c611ec5,MESSAGE_V1_22ff630e-194b-49fe-930f-adea33636bfd,sender
265,MESSAGE_V1_22ff630e-194b-49fe-930f-adea33636bfd,USER_V1_d37cf934-458c-4dce-a12d-54685c611ec5,send_by
266,USER_V1_91aafc45-8876-43ae-8fe5-82a4c0215f72,MESSAGE_V1_011f40e8-5adb-438f-8869-51b1aa5ceaac,sender
266,MESSAGE_V1_011f40e8-5adb-438f-8869-51b1aa5ceaac,USER_V1_91aafc45-8876-43ae-8fe5-82a4c0215f72,send_by
267,USER_V1_7d1179e2-70ed-4480-84a7-f84ff8404614,MESSAGE_V1_3a87f097-941d-46ea-ad40-d314b2fec3aa,sender
267,MESSAGE_V1_3a87f097-941d-46ea-ad40-d314b2fec3aa,USER_V1_7d1179e2-70ed-4480-84a7-f84ff8404614,send_by
268,USER_V1_212c9e29-6e8b-4238-8ddd-c3642378dce3,MESSAGE_V1_5c7416c0-249c-4745-ad3e-cdab06840f56,sender
268,MESSAGE_V1_5c7416c0-249c-4745-ad3e-cdab06840f56,USER_V1_212c9e29-6e8b-4238-8ddd-c3642378dce3,send_by
269,USER_V1_d173fed1-da89-4c7d-9d7d-af35471026f0,MESSAGE_V1_9f78715c-6500-4b64-9505-75189baf4e6f,sender
269,MESSAGE_V1_9f78715c-6500-4b64-9505-75189baf4e6f,USER_V1_d173fed1-da89-4c7d-9d7d-af35471026f0,send_by
270,USER_V1_251d179b-4de2-417b-b1c8-9306dd048a77,MESSAGE_V1_c728df87-ce1a-46bf-a28f-cec5356784f7,sender
270,MESSAGE_V1_c728df87-ce1a-46bf-a28f-cec5356784f7,USER_V1_251d179b-4de2-417b-b1c8-9306dd048a77,send_by
271,USER_V1_ce053af3-e3be-430c-92dd-4e0b1c2bd130,MESSAGE_V1_b58756c6-8cd0-4303-a66d-f74a88061e86,sender
271,MESSAGE_V1_b58756c6-8cd0-4303-a66d-f74a88061e86,USER_V1_ce053af3-e3be-430c-92dd-4e0b1c2bd130,send_by
272,USER_V1_4361e666-4439-44b6-93e6-e4909adc6fe9,MESSAGE_V1_2296ca16-4d13-4027-9ccf-245f42df65f1,sender
272,MESSAGE_V1_2296ca16-4d13-4027-9ccf-245f42df65f1,USER_V1_4361e666-4439-44b6-93e6-e4909adc6fe9,send_by
273,USER_V1_1f3803d7-c8bf-4b14-b680-1e35f345f2a6,MESSAGE_V1_bffd9196-9f79-4c96-8b4b-d304ab523586,sender
273,MESSAGE_V1_bffd9196-9f79-4c96-8b4b-d304ab523586,USER_V1_1f3803d7-c8bf-4b14-b680-1e35f345f2a6,send_by
274,USER_V1_0b43b15b-59aa-480e-9095-a7313de3021a,MESSAGE_V1_f785f70d-cbf2-4ca1-9048-96bffd19c562,sender
274,MESSAGE_V1_f785f70d-cbf2-4ca1-9048-96bffd19c562,USER_V1_0b43b15b-59aa-480e-9095-a7313de3021a,send_by
275,USER_V1_f6314ebb-73ad-4426-b2e1-6375a70d74a3,MESSAGE_V1_32be66fe-8416-46bc-8754-4d5fe1a53b27,sender
275,MESSAGE_V1_32be66fe-8416-46bc-8754-4d5fe1a53b27,USER_V1_f6314ebb-73ad-4426-b2e1-6375a70d74a3,send_by
276,USER_V1_c597a0f5-9f84-4b08-b2c1-05e157b026da,MESSAGE_V1_7388ee73-e646-482a-9674-834bc2316b8b,sender
276,MESSAGE_V1_7388ee73-e646-482a-9674-834bc2316b8b,USER_V1_c597a0f5-9f84-4b08-b2c1-05e157b026da,send_by
277,USER_V1_b375522d-ad2e-4445-8b50-cecbafa1d0cb,MESSAGE_V1_0da8c7e1-a296-4101-a7d0-0d0fcb24f992,sender
277,MESSAGE_V1_0da8c7e1-a296-4101-a7d0-0d0fcb24f992,USER_V1_b375522d-ad2e-4445-8b50-cecbafa1d0cb,send_by
278,USER_V1_781d88c9-6603-445d-81fa-11ab504b29a4,MESSAGE_V1_12e8c6d6-1d68-48b8-86bc-5e0db2b1abca,sender
278,MESSAGE_V1_12e8c6d6-1d68-48b8-86bc-5e0db2b1abca,USER_V1_781d88c9-6603-445d-81fa-11ab504b29a4,send_by
279,USER_V1_dee7d1e7-8701-48b6-b4ab-1658d3abaff9,MESSAGE_V1_a3e8a60f-1657-400e-acec-c182d95edb45,sender
279,MESSAGE_V1_a3e8a60f-1657-400e-acec-c182d95edb45,USER_V1_dee7d1e7-8701-48b6-b4ab-1658d3abaff9,send_by
280,USER_V1_1562384a-23d8-4a54-a0e5-4bea547cc139,MESSAGE_V1_6430514f-f1d6-41d9-93b9-aacb56dd289f,sender
280,MESSAGE_V1_6430514f-f1d6-41d9-93b9-aacb56dd289f,USER_V1_1562384a-23d8-4a54-a0e5-4bea547cc139,send_by
281,USER_V1_0be6f257-6130-404d-b073-38edc99e1ff0,MESSAGE_V1_5f19a751-1dfb-486b-98b6-64fe24d1dc6d,sender
281,MESSAGE_V1_5f19a751-1dfb-486b-98b6-64fe24d1dc6d,USER_V1_0be6f257-6130-404d-b073-38edc99e1ff0,send_by
282,USER_V1_c057e03b-b273-4233-8dea-3edc01428c0e,MESSAGE_V1_5b058f12-dd3e-4d0f-bd59-a95f3b12b01f,sender
282,MESSAGE_V1_5b058f12-dd3e-4d0f-bd59-a95f3b12b01f,USER_V1_c057e03b-b273-4233-8dea-3edc01428c0e,send_by
283,USER_V1_4b929ecb-82f1-472e-a008-f7713c0b4cd9,MESSAGE_V1_d66aa514-b55b-48f4-bcd8-2d4992185aec,sender
283,MESSAGE_V1_d66aa514-b55b-48f4-bcd8-2d4992185aec,USER_V1_4b929ecb-82f1-472e-a008-f7713c0b4cd9,send_by
284,USER_V1_3a98caaa-b416-4c53-9cb3-a9ef05200072,MESSAGE_V1_47f43a87-ccc5-4f96-ad58-31ae803a71a2,sender
284,MESSAGE_V1_47f43a87-ccc5-4f96-ad58-31ae803a71a2,USER_V1_3a98caaa-b416-4c53-9cb3-a9ef05200072,send_by
285,USER_V1_cc4a8a2a-d4a8-4390-9d61-4cdc73ab08a0,MESSAGE_V1_c5390400-5307-4fef-a105-c0bdcce6d61f,sender
285,MESSAGE_V1_c5390400-5307-4fef-a105-c0bdcce6d61f,USER_V1_cc4a8a2a-d4a8-4390-9d61-4cdc73ab08a0,send_by
286,USER_V1_3074ee89-c679-4043-b5e6-f0576a482eda,MESSAGE_V1_3bd3a817-999d-485a-8aba-43473fc2655a,sender
286,MESSAGE_V1_3bd3a817-999d-485a-8aba-43473fc2655a,USER_V1_3074ee89-c679-4043-b5e6-f0576a482eda,send_by
287,USER_V1_dae77323-a231-4c2b-8f7e-998cf0d3dd24,MESSAGE_V1_50d775a3-5232-430e-ba5e-cd3ced4a5ed0,sender
287,MESSAGE_V1_50d775a3-5232-430e-ba5e-cd3ced4a5ed0,USER_V1_dae77323-a231-4c2b-8f7e-998cf0d3dd24,send_by
288,USER_V1_0d05e0f3-8224-4ca4-b1ca-655c068eb095,MESSAGE_V1_88ab67e2-ae77-4387-9242-6b7a70cdcb6e,sender
288,MESSAGE_V1_88ab67e2-ae77-4387-9242-6b7a70cdcb6e,USER_V1_0d05e0f3-8224-4ca4-b1ca-655c068eb095,send_by
289,USER_V1_4d11b84a-5cfb-425a-8951-b1e97d791519,MESSAGE_V1_1c9681dd-e3be-4192-9127-59a6eef85615,sender
289,MESSAGE_V1_1c9681dd-e3be-4192-9127-59a6eef85615,USER_V1_4d11b84a-5cfb-425a-8951-b1e97d791519,send_by
290,USER_V1_4bd32ec1-a0e2-499a-a4c7-c9b164910e81,MESSAGE_V1_8ef41571-0036-4a7e-8e87-da565e923a78,sender
290,MESSAGE_V1_8ef41571-0036-4a7e-8e87-da565e923a78,USER_V1_4bd32ec1-a0e2-499a-a4c7-c9b164910e81,send_by
291,USER_V1_15cb1b96-610a-4179-91d4-4113676ab59b,MESSAGE_V1_3d5d3ef3-3df1-4edd-82f9-07e45a0d62ed,sender
291,MESSAGE_V1_3d5d3ef3-3df1-4edd-82f9-07e45a0d62ed,USER_V1_15cb1b96-610a-4179-91d4-4113676ab59b,send_by
292,USER_V1_ccf63008-f6c7-4432-a025-b75ec61e7da4,MESSAGE_V1_9427eb2b-6806-45d1-9a66-13dedde65ed5,sender
292,MESSAGE_V1_9427eb2b-6806-45d1-9a66-13dedde65ed5,USER_V1_ccf63008-f6c7-4432-a025-b75ec61e7da4,send_by
293,USER_V1_238612ac-21f1-4fbe-bfea-e14f5a308fb9,MESSAGE_V1_ba147ce3-1fe1-4853-9959-bc59586ea1bb,sender
293,MESSAGE_V1_ba147ce3-1fe1-4853-9959-bc59586ea1bb,USER_V1_238612ac-21f1-4fbe-bfea-e14f5a308fb9,send_by
294,USER_V1_4e60b966-c6bf-4a30-87de-ed954c60d21a,MESSAGE_V1_a3266441-03d6-4c11-a9cb-21c61fd10b2e,sender
294,MESSAGE_V1_a3266441-03d6-4c11-a9cb-21c61fd10b2e,USER_V1_4e60b966-c6bf-4a30-87de-ed954c60d21a,send_by
295,USER_V1_e51e50a7-7455-4959-9f01-b2303d108757,MESSAGE_V1_566746ce-a645-406b-b933-598d3b99b496,sender
295,MESSAGE_V1_566746ce-a645-406b-b933-598d3b99b496,USER_V1_e51e50a7-7455-4959-9f01-b2303d108757,send_by
296,USER_V1_02f5961d-9762-42f1-a739-346dac323319,MESSAGE_V1_6a3d6edf-54d0-49ec-9ca8-759408b3629a,sender
296,MESSAGE_V1_6a3d6edf-54d0-49ec-9ca8-759408b3629a,USER_V1_02f5961d-9762-42f1-a739-346dac323319,send_by
297,USER_V1_bbeff135-5c1d-4f25-9e2a-3ec4ae89efce,MESSAGE_V1_8b8f6874-10e1-44b8-b8f0-734ea3d7ab4b,sender
297,MESSAGE_V1_8b8f6874-10e1-44b8-b8f0-734ea3d7ab4b,USER_V1_bbeff135-5c1d-4f25-9e2a-3ec4ae89efce,send_by
298,USER_V1_28d38add-edf1-4787-a4d9-e27e05073ec4,MESSAGE_V1_7c4fe0ea-76ad-47e9-8062-012b44196dc3,sender
298,MESSAGE_V1_7c4fe0ea-76ad-47e9-8062-012b44196dc3,USER_V1_28d38add-edf1-4787-a4d9-e27e05073ec4,send_by
299,USER_V1_9e0389e6-ca6f-420b-9cf1-843a00b61fb0,MESSAGE_V1_cca9735f-e668-472a-8248-ef7db641b7b2,sender
299,MESSAGE_V1_cca9735f-e668-472a-8248-ef7db641b7b2,USER_V1_9e0389e6-ca6f-420b-9cf1-843a00b61fb0,send_by
300,USER_V1_9e87d3f6-1f2d-4d68-b841-8f3c464852a3,MESSAGE_V1_b2d923ec-f913-4577-90f8-b66e75d149a8,sender
300,MESSAGE_V1_b2d923ec-f913-4577-90f8-b66e75d149a8,USER_V1_9e87d3f6-1f2d-4d68-b841-8f3c464852a3,send_by
301,USER_V1_e9c80db3-9446-4a41-ac75-80b07623d83d,MESSAGE_V1_dd363124-dbcd-4c08-9c59-688a902eb23b,sender
301,MESSAGE_V1_dd363124-dbcd-4c08-9c59-688a902eb23b,USER_V1_e9c80db3-9446-4a41-ac75-80b07623d83d,send_by
302,USER_V1_c8b9539f-d1ef-4d83-b6f3-5ca1ec691db6,MESSAGE_V1_01eeb303-61f9-43f0-b07f-570e40831b5f,sender
302,MESSAGE_V1_01eeb303-61f9-43f0-b07f-570e40831b5f,USER_V1_c8b9539f-d1ef-4d83-b6f3-5ca1ec691db6,send_by
303,USER_V1_7749211d-5540-463a-89b0-3b9d99cb3892,MESSAGE_V1_d2ebca9e-0d37-4a1e-8b5d-eed40b294dbe,sender
303,MESSAGE_V1_d2ebca9e-0d37-4a1e-8b5d-eed40b294dbe,USER_V1_7749211d-5540-463a-89b0-3b9d99cb3892,send_by
304,USER_V1_c44bbf3c-6307-487b-be66-15526a5c22c3,MESSAGE_V1_13279b72-fcad-4993-97e8-d3a07b2075e1,sender
304,MESSAGE_V1_13279b72-fcad-4993-97e8-d3a07b2075e1,USER_V1_c44bbf3c-6307-487b-be66-15526a5c22c3,send_by
305,USER_V1_130682a6-d603-4712-9c7a-5b48d24a964e,MESSAGE_V1_f0749f8f-b65a-4d6e-8239-b7eaf80e1a8e,sender
305,MESSAGE_V1_f0749f8f-b65a-4d6e-8239-b7eaf80e1a8e,USER_V1_130682a6-d603-4712-9c7a-5b48d24a964e,send_by
306,USER_V1_ac33f79d-0601-44ae-9b10-13706e14a799,MESSAGE_V1_9f5521fa-099e-4e5a-bb42-633956ed4665,sender
306,MESSAGE_V1_9f5521fa-099e-4e5a-bb42-633956ed4665,USER_V1_ac33f79d-0601-44ae-9b10-13706e14a799,send_by
307,USER_V1_7c7336b7-1bbd-4b34-b928-5f57f4196c41,MESSAGE_V1_3f3a1c77-1362-4557-a02d-b890ce5a7096,sender
307,MESSAGE_V1_3f3a1c77-1362-4557-a02d-b890ce5a7096,USER_V1_7c7336b7-1bbd-4b34-b928-5f57f4196c41,send_by
308,USER_V1_e1d558fd-348c-439b-861b-4ca032a22e04,MESSAGE_V1_72f28291-0fd7-44e0-85e6-4177608ad4d1,sender
308,MESSAGE_V1_72f28291-0fd7-44e0-85e6-4177608ad4d1,USER_V1_e1d558fd-348c-439b-861b-4ca032a22e04,send_by
309,USER_V1_d0a4f021-266e-44dd-a46a-ac5655424197,MESSAGE_V1_c25f4e4f-53dc-4174-a26c-1aad4a7dd355,sender
309,MESSAGE_V1_c25f4e4f-53dc-4174-a26c-1aad4a7dd355,USER_V1_d0a4f021-266e-44dd-a46a-ac5655424197,send_by
310,USER_V1_9f90903f-de96-4c9b-b603-49971b0acef2,MESSAGE_V1_421ad660-43c5-4a50-aaed-4d7590fec4a8,sender
310,MESSAGE_V1_421ad660-43c5-4a50-aaed-4d7590fec4a8,USER_V1_9f90903f-de96-4c9b-b603-49971b0acef2,send_by
311,USER_V1_ac964733-a00d-447b-9d09-1be52963c8e8,MESSAGE_V1_8e92b4ba-a991-4c65-a23f-87f527dc1348,sender
311,MESSAGE_V1_8e92b4ba-a991-4c65-a23f-87f527dc1348,USER_V1_ac964733-a00d-447b-9d09-1be52963c8e8,send_by
312,USER_V1_af4373a8-67e0-41b5-ba06-2e1674919dd4,MESSAGE_V1_99fd32d3-bad1-402d-89d5-e926b682ea0e,sender
312,MESSAGE_V1_99fd32d3-bad1-402d-89d5-e926b682ea0e,USER_V1_af4373a8-67e0-41b5-ba06-2e1674919dd4,send_by
313,USER_V1_18692c76-1d43-4a59-aced-53539fbb1506,MESSAGE_V1_300b00e8-8e41-463f-833f-d9b82fc283e0,sender
313,MESSAGE_V1_300b00e8-8e41-463f-833f-d9b82fc283e0,USER_V1_18692c76-1d43-4a59-aced-53539fbb1506,send_by
314,USER_V1_162078f1-21f7-41d5-aa02-46b8b1bacf4e,MESSAGE_V1_e7bbcfe5-562c-424b-92eb-82b9c5e60e23,sender
314,MESSAGE_V1_e7bbcfe5-562c-424b-92eb-82b9c5e60e23,USER_V1_162078f1-21f7-41d5-aa02-46b8b1bacf4e,send_by
315,USER_V1_17b1b06a-bd17-4c21-8893-65cc87112177,MESSAGE_V1_4968f047-6b03-4732-a2e8-0879cfa73547,sender
315,MESSAGE_V1_4968f047-6b03-4732-a2e8-0879cfa73547,USER_V1_17b1b06a-bd17-4c21-8893-65cc87112177,send_by
316,USER_V1_e197a0a2-5ec4-453d-b421-112bdff9ee10,MESSAGE_V1_edec5f40-d534-4d4c-a31b-3398709dfd53,sender
316,MESSAGE_V1_edec5f40-d534-4d4c-a31b-3398709dfd53,USER_V1_e197a0a2-5ec4-453d-b421-112bdff9ee10,send_by
317,USER_V1_4aede18f-f496-4907-82c3-95e3e9b30cf4,MESSAGE_V1_313b9ae9-70f6-4897-acf3-8c136b5d8677,sender
317,MESSAGE_V1_313b9ae9-70f6-4897-acf3-8c136b5d8677,USER_V1_4aede18f-f496-4907-82c3-95e3e9b30cf4,send_by
318,USER_V1_b8173f6a-1318-4c9d-ae65-09a10923ffa0,MESSAGE_V1_bdd54623-cb37-43a8-8e5e-60006bd9f803,sender
318,MESSAGE_V1_bdd54623-cb37-43a8-8e5e-60006bd9f803,USER_V1_b8173f6a-1318-4c9d-ae65-09a10923ffa0,send_by
319,USER_V1_a3c858be-37c9-4cc0-bfd9-5b8a1a52c4c9,MESSAGE_V1_95774b49-03af-48da-8523-c13b6c64f562,sender
319,MESSAGE_V1_95774b49-03af-48da-8523-c13b6c64f562,USER_V1_a3c858be-37c9-4cc0-bfd9-5b8a1a52c4c9,send_by
320,USER_V1_4e9c87e8-c541-4841-984c-5ac57b8e0392,MESSAGE_V1_e5b3c206-5385-43d3-b8e5-2f9f4e4e3307,sender
320,MESSAGE_V1_e5b3c206-5385-43d3-b8e5-2f9f4e4e3307,USER_V1_4e9c87e8-c541-4841-984c-5ac57b8e0392,send_by
321,USER_V1_fd751f9d-ea8e-4186-992b-311a27068fea,MESSAGE_V1_f10cf78b-4c8b-41cd-a559-188cfd164dfe,sender
321,MESSAGE_V1_f10cf78b-4c8b-41cd-a559-188cfd164dfe,USER_V1_fd751f9d-ea8e-4186-992b-311a27068fea,send_by
322,USER_V1_eadb2f35-2659-4677-a1bd-a9a09a3e0fec,MESSAGE_V1_7075cb7e-2e4b-45d6-a92d-b928b865ea53,sender
322,MESSAGE_V1_7075cb7e-2e4b-45d6-a92d-b928b865ea53,USER_V1_eadb2f35-2659-4677-a1bd-a9a09a3e0fec,send_by
323,USER_V1_89fa0fe6-3041-446c-b7b4-41a660fdfeb7,MESSAGE_V1_adaa383b-e873-40b8-8537-5206ee0dab97,sender
323,MESSAGE_V1_adaa383b-e873-40b8-8537-5206ee0dab97,USER_V1_89fa0fe6-3041-446c-b7b4-41a660fdfeb7,send_by
324,USER_V1_31355d8b-0a2d-45ff-a94d-af4d6dff00c8,MESSAGE_V1_5c6ae263-e691-4076-af4e-50d06b6b7dd0,sender
324,MESSAGE_V1_5c6ae263-e691-4076-af4e-50d06b6b7dd0,USER_V1_31355d8b-0a2d-45ff-a94d-af4d6dff00c8,send_by
325,USER_V1_b06a8b9e-07ef-4067-82e9-0b650b690391,MESSAGE_V1_61c1527c-5bb0-4c54-84fb-167c1f4d7e94,sender
325,MESSAGE_V1_61c1527c-5bb0-4c54-84fb-167c1f4d7e94,USER_V1_b06a8b9e-07ef-4067-82e9-0b650b690391,send_by
326,USER_V1_fd2a6cdf-683f-4519-8acc-ef12f0754914,MESSAGE_V1_62603d2d-d38c-4d19-b26c-79d7df1defda,sender
326,MESSAGE_V1_62603d2d-d38c-4d19-b26c-79d7df1defda,USER_V1_fd2a6cdf-683f-4519-8acc-ef12f0754914,send_by
327,USER_V1_84e6052c-fd9e-4743-9913-b1be9e323cc9,MESSAGE_V1_f8be0d59-4a14-42f9-bc84-afffd38fc43e,sender
327,MESSAGE_V1_f8be0d59-4a14-42f9-bc84-afffd38fc43e,USER_V1_84e6052c-fd9e-4743-9913-b1be9e323cc9,send_by
328,USER_V1_db6315d0-4d86-49a0-a7cb-70524c96d656,MESSAGE_V1_e0538d13-e970-4fcf-baad-d85a5853731f,sender
328,MESSAGE_V1_e0538d13-e970-4fcf-baad-d85a5853731f,USER_V1_db6315d0-4d86-49a0-a7cb-70524c96d656,send_by
329,USER_V1_e138a252-9708-47ee-a8ee-def99f8b3946,MESSAGE_V1_6a476187-5824-4a47-b7b7-4add23e03898,sender
329,MESSAGE_V1_6a476187-5824-4a47-b7b7-4add23e03898,USER_V1_e138a252-9708-47ee-a8ee-def99f8b3946,send_by
330,USER_V1_40625de1-b50c-4031-a2af-3cec566de01a,MESSAGE_V1_7005ad3d-3107-4f76-9119-9c0daec84445,sender
330,MESSAGE_V1_7005ad3d-3107-4f76-9119-9c0daec84445,USER_V1_40625de1-b50c-4031-a2af-3cec566de01a,send_by
331,USER_V1_27184929-3b81-4310-ad8a-e8e31d9cfd58,MESSAGE_V1_b5707c2c-f379-4f2c-ada4-1a41e6f7320e,sender
331,MESSAGE_V1_b5707c2c-f379-4f2c-ada4-1a41e6f7320e,USER_V1_27184929-3b81-4310-ad8a-e8e31d9cfd58,send_by
332,USER_V1_9d9b04c2-89fb-4825-999c-eb9dcac15209,MESSAGE_V1_1a7ca21b-7e43-4bfc-9967-2647b8d6b890,sender
332,MESSAGE_V1_1a7ca21b-7e43-4bfc-9967-2647b8d6b890,USER_V1_9d9b04c2-89fb-4825-999c-eb9dcac15209,send_by
333,USER_V1_8919e43e-2d6c-4cab-8577-879a72751852,MESSAGE_V1_1c4e554e-9370-49d6-b534-6971c6be4e31,sender
333,MESSAGE_V1_1c4e554e-9370-49d6-b534-6971c6be4e31,USER_V1_8919e43e-2d6c-4cab-8577-879a72751852,send_by
334,USER_V1_c01caaba-adde-4de9-8e1e-bb28f3333608,MESSAGE_V1_989c7a6e-b47f-477a-9f90-fa9acf6d5e53,sender
334,MESSAGE_V1_989c7a6e-b47f-477a-9f90-fa9acf6d5e53,USER_V1_c01caaba-adde-4de9-8e1e-bb28f3333608,send_by
335,USER_V1_748578ad-61d0-4571-bc60-3568c5b8a87e,MESSAGE_V1_cc7d0d1d-0fbb-4c6d-a802-b5ba83c4973e,sender
335,MESSAGE_V1_cc7d0d1d-0fbb-4c6d-a802-b5ba83c4973e,USER_V1_748578ad-61d0-4571-bc60-3568c5b8a87e,send_by
336,USER_V1_e40cdc0b-1f25-457c-9e9e-6cec15d28c00,MESSAGE_V1_a4bc1dae-6e28-43db-891f-bdb56f5deb47,sender
336,MESSAGE_V1_a4bc1dae-6e28-43db-891f-bdb56f5deb47,USER_V1_e40cdc0b-1f25-457c-9e9e-6cec15d28c00,send_by
337,USER_V1_ee73353b-dd5d-468a-8b3e-d49ffd4a3658,MESSAGE_V1_d22f828e-266c-47da-9c38-3a83c5dbb479,sender
337,MESSAGE_V1_d22f828e-266c-47da-9c38-3a83c5dbb479,USER_V1_ee73353b-dd5d-468a-8b3e-d49ffd4a3658,send_by
338,USER_V1_a6d00be4-2a94-4018-b830-9ea757f5561d,MESSAGE_V1_90ccb73e-ed34-4014-b630-d0011874524e,sender
338,MESSAGE_V1_90ccb73e-ed34-4014-b630-d0011874524e,USER_V1_a6d00be4-2a94-4018-b830-9ea757f5561d,send_by
339,USER_V1_cc0d16a9-6827-4b26-80a1-e6e529a8839a,MESSAGE_V1_806d0f0c-9d47-4f72-b408-fb069bc32f08,sender
339,MESSAGE_V1_806d0f0c-9d47-4f72-b408-fb069bc32f08,USER_V1_cc0d16a9-6827-4b26-80a1-e6e529a8839a,send_by
340,USER_V1_029a83bb-3eee-4dcb-b14f-27267fde85f6,MESSAGE_V1_15f6d70d-cdb7-4458-9465-43c4ccd57f2b,sender
340,MESSAGE_V1_15f6d70d-cdb7-4458-9465-43c4ccd57f2b,USER_V1_029a83bb-3eee-4dcb-b14f-27267fde85f6,send_by
341,USER_V1_b473cb23-84c1-4a38-acbb-c5e75a20be46,MESSAGE_V1_933cb88f-911d-4e08-8b3c-fb4b367e1265,sender
341,MESSAGE_V1_933cb88f-911d-4e08-8b3c-fb4b367e1265,USER_V1_b473cb23-84c1-4a38-acbb-c5e75a20be46,send_by
342,USER_V1_d13a98e8-c555-4458-bf2c-de3a2db39b6a,MESSAGE_V1_7fec87a7-fbb3-4a6a-90c1-1aebb98350da,sender
342,MESSAGE_V1_7fec87a7-fbb3-4a6a-90c1-1aebb98350da,USER_V1_d13a98e8-c555-4458-bf2c-de3a2db39b6a,send_by
343,USER_V1_c992b4aa-d65d-4a3c-af7b-fd4ad9dfdbc1,MESSAGE_V1_2e4f1932-7975-4148-b736-4e0aa7b5ba9b,sender
343,MESSAGE_V1_2e4f1932-7975-4148-b736-4e0aa7b5ba9b,USER_V1_c992b4aa-d65d-4a3c-af7b-fd4ad9dfdbc1,send_by
344,USER_V1_b2dfd17f-4290-4883-98f3-448b3e78d21f,MESSAGE_V1_0a26371e-03d2-4ab9-9173-93abc6eee28b,sender
344,MESSAGE_V1_0a26371e-03d2-4ab9-9173-93abc6eee28b,USER_V1_b2dfd17f-4290-4883-98f3-448b3e78d21f,send_by
345,USER_V1_d29991ac-ec35-4e59-83a7-4fff5050deee,MESSAGE_V1_34d6892c-7241-4340-847e-0c3d29ae2ee2,sender
345,MESSAGE_V1_34d6892c-7241-4340-847e-0c3d29ae2ee2,USER_V1_d29991ac-ec35-4e59-83a7-4fff5050deee,send_by
346,USER_V1_5650f835-7460-4ea9-a08d-bb81231091c2,MESSAGE_V1_52a5bae7-8f7d-400b-89b0-9ce6a241cde3,sender
346,MESSAGE_V1_52a5bae7-8f7d-400b-89b0-9ce6a241cde3,USER_V1_5650f835-7460-4ea9-a08d-bb81231091c2,send_by
347,USER_V1_9d437fdb-ae27-496e-adaf-2dcde89e145b,MESSAGE_V1_83cd68d6-7c64-4e35-86f7-83518ec01f7d,sender
347,MESSAGE_V1_83cd68d6-7c64-4e35-86f7-83518ec01f7d,USER_V1_9d437fdb-ae27-496e-adaf-2dcde89e145b,send_by
348,USER_V1_66422067-be36-4926-8851-6d52b086f1b9,MESSAGE_V1_8292ddf9-257d-4a18-8974-eede63649b16,sender
348,MESSAGE_V1_8292ddf9-257d-4a18-8974-eede63649b16,USER_V1_66422067-be36-4926-8851-6d52b086f1b9,send_by
349,USER_V1_99f77502-e093-4c06-9faf-3ffeba79e1a5,MESSAGE_V1_905eeef6-87b9-41d6-b6d9-79209bcdafe5,sender
349,MESSAGE_V1_905eeef6-87b9-41d6-b6d9-79209bcdafe5,USER_V1_99f77502-e093-4c06-9faf-3ffeba79e1a5,send_by
350,USER_V1_2c6257e4-7ade-4d4a-93bb-6102eea20299,MESSAGE_V1_9842b5e2-09f6-48f9-9308-577e1b75bc44,sender
350,MESSAGE_V1_9842b5e2-09f6-48f9-9308-577e1b75bc44,USER_V1_2c6257e4-7ade-4d4a-93bb-6102eea20299,send_by
351,USER_V1_7c554151-f655-477c-ab0a-2bc109b4db83,MESSAGE_V1_7d37d17b-cc27-4269-bcf7-266af2edb507,sender
351,MESSAGE_V1_7d37d17b-cc27-4269-bcf7-266af2edb507,USER_V1_7c554151-f655-477c-ab0a-2bc109b4db83,send_by
352,USER_V1_4f3ca822-74df-46f5-b3e0-b7ab9a3fcffd,MESSAGE_V1_db7613d2-0f9c-4bae-891c-872ee29f41cc,sender
352,MESSAGE_V1_db7613d2-0f9c-4bae-891c-872ee29f41cc,USER_V1_4f3ca822-74df-46f5-b3e0-b7ab9a3fcffd,send_by
353,USER_V1_32f27583-9340-4af7-acd3-32846b9a0d52,MESSAGE_V1_e24ed229-320f-4fe0-92b4-9d2330b38766,sender
353,MESSAGE_V1_e24ed229-320f-4fe0-92b4-9d2330b38766,USER_V1_32f27583-9340-4af7-acd3-32846b9a0d52,send_by
354,USER_V1_8e5420b1-ac97-4a32-b6f4-686dfd3dba4a,MESSAGE_V1_6ffac9e2-a2ae-4c79-90fc-4912fb65c9d8,sender
354,MESSAGE_V1_6ffac9e2-a2ae-4c79-90fc-4912fb65c9d8,USER_V1_8e5420b1-ac97-4a32-b6f4-686dfd3dba4a,send_by
355,USER_V1_0d5074bc-fffe-409c-a876-02260aa0ead6,MESSAGE_V1_f682cd1e-dd80-4ddf-a89d-a163631852d5,sender
355,MESSAGE_V1_f682cd1e-dd80-4ddf-a89d-a163631852d5,USER_V1_0d5074bc-fffe-409c-a876-02260aa0ead6,send_by
356,USER_V1_33c18605-4379-4e68-8a03-a045ddda593e,MESSAGE_V1_e4fcdd1d-e7b5-4b2a-afe7-db207835d85a,sender
356,MESSAGE_V1_e4fcdd1d-e7b5-4b2a-afe7-db207835d85a,USER_V1_33c18605-4379-4e68-8a03-a045ddda593e,send_by
357,USER_V1_be2a89c8-0854-4f9a-8bd8-91ef44e359c6,MESSAGE_V1_3b37ce5a-1a60-4761-ab8d-20e6bf1ccce6,sender
357,MESSAGE_V1_3b37ce5a-1a60-4761-ab8d-20e6bf1ccce6,USER_V1_be2a89c8-0854-4f9a-8bd8-91ef44e359c6,send_by
358,USER_V1_f4f41134-dc25-44af-a3e4-a8134852b8e4,MESSAGE_V1_5de078be-fac7-4901-9145-0afaa0bea16d,sender
358,MESSAGE_V1_5de078be-fac7-4901-9145-0afaa0bea16d,USER_V1_f4f41134-dc25-44af-a3e4-a8134852b8e4,send_by
359,USER_V1_91990e87-e780-471f-b87e-54e3845cffec,MESSAGE_V1_ae38f20e-23c6-48f3-870b-59ae822fa336,sender
359,MESSAGE_V1_ae38f20e-23c6-48f3-870b-59ae822fa336,USER_V1_91990e87-e780-471f-b87e-54e3845cffec,send_by
360,USER_V1_522489cf-8dba-4510-81f0-c34ab0c161dd,MESSAGE_V1_3a96feea-85ee-446c-88bb-cb7c289b67eb,sender
360,MESSAGE_V1_3a96feea-85ee-446c-88bb-cb7c289b67eb,USER_V1_522489cf-8dba-4510-81f0-c34ab0c161dd,send_by
361,USER_V1_f211afe2-f5f5-48b8-bd8d-109ca7cf53f8,MESSAGE_V1_ebef1baa-91fc-494d-a4e9-c8d36cdeec93,sender
361,MESSAGE_V1_ebef1baa-91fc-494d-a4e9-c8d36cdeec93,USER_V1_f211afe2-f5f5-48b8-bd8d-109ca7cf53f8,send_by
362,USER_V1_5e646194-83c4-46d4-ad55-069bd4718b16,MESSAGE_V1_82238338-4e2a-4177-bbfa-7d19d81657b5,sender
362,MESSAGE_V1_82238338-4e2a-4177-bbfa-7d19d81657b5,USER_V1_5e646194-83c4-46d4-ad55-069bd4718b16,send_by
363,USER_V1_ff5c774e-d606-497b-bbec-f870a5bad959,MESSAGE_V1_2e74e003-3831-432e-a75b-24deb2806dd3,sender
363,MESSAGE_V1_2e74e003-3831-432e-a75b-24deb2806dd3,USER_V1_ff5c774e-d606-497b-bbec-f870a5bad959,send_by
364,USER_V1_5ed95fdd-8600-41ea-a92a-199500c2e3ea,MESSAGE_V1_3cea08e3-77f2-4108-b439-a0c3e658f0af,sender
364,MESSAGE_V1_3cea08e3-77f2-4108-b439-a0c3e658f0af,USER_V1_5ed95fdd-8600-41ea-a92a-199500c2e3ea,send_by
365,USER_V1_baaf7625-70e6-496b-ab75-d136c1c82dfb,MESSAGE_V1_2d2fa6ae-fc54-47e4-a46e-77479b372d07,sender
365,MESSAGE_V1_2d2fa6ae-fc54-47e4-a46e-77479b372d07,USER_V1_baaf7625-70e6-496b-ab75-d136c1c82dfb,send_by
366,USER_V1_164adead-25b9-4fd3-af2b-d51e4c0e518f,MESSAGE_V1_bba45d9b-7f7d-4074-ab6b-a4482fa59e6f,sender
366,MESSAGE_V1_bba45d9b-7f7d-4074-ab6b-a4482fa59e6f,USER_V1_164adead-25b9-4fd3-af2b-d51e4c0e518f,send_by
367,USER_V1_830df302-4f47-44c3-b826-9fd47aa0fc41,MESSAGE_V1_73cbb15d-e8b9-4112-8fa2-400892584b6c,sender
367,MESSAGE_V1_73cbb15d-e8b9-4112-8fa2-400892584b6c,USER_V1_830df302-4f47-44c3-b826-9fd47aa0fc41,send_by
368,USER_V1_711dbb11-e329-4b7e-9890-dfadb4674398,MESSAGE_V1_74661430-03e3-4851-b4df-ff38c0cb6de4,sender
368,MESSAGE_V1_74661430-03e3-4851-b4df-ff38c0cb6de4,USER_V1_711dbb11-e329-4b7e-9890-dfadb4674398,send_by
369,USER_V1_d18e5bf6-cd4c-4e0c-8c7a-84ac48524dd0,MESSAGE_V1_d06a52fa-7e75-425a-839c-27ccec0860ad,sender
369,MESSAGE_V1_d06a52fa-7e75-425a-839c-27ccec0860ad,USER_V1_d18e5bf6-cd4c-4e0c-8c7a-84ac48524dd0,send_by
370,USER_V1_d0f36514-b03c-4b84-a777-bdefdb5d6fa4,MESSAGE_V1_5f7d8382-f6d8-4700-bba0-db9a06957040,sender
370,MESSAGE_V1_5f7d8382-f6d8-4700-bba0-db9a06957040,USER_V1_d0f36514-b03c-4b84-a777-bdefdb5d6fa4,send_by
371,USER_V1_4a143fda-2411-4906-a410-20023a87701d,MESSAGE_V1_d2d7fad7-4e8c-41cd-b070-a48d628e2d3e,sender
371,MESSAGE_V1_d2d7fad7-4e8c-41cd-b070-a48d628e2d3e,USER_V1_4a143fda-2411-4906-a410-20023a87701d,send_by
372,USER_V1_bacb976f-40a1-41ef-8772-448f738aa03c,MESSAGE_V1_fffbaf69-4561-46ab-a7c7-9de97dee2312,sender
372,MESSAGE_V1_fffbaf69-4561-46ab-a7c7-9de97dee2312,USER_V1_bacb976f-40a1-41ef-8772-448f738aa03c,send_by
373,USER_V1_9b28da88-b61a-4b1e-a328-de6a9eb6f32f,MESSAGE_V1_d4c8796a-06d9-49f8-8fd3-e5562c51371a,sender
373,MESSAGE_V1_d4c8796a-06d9-49f8-8fd3-e5562c51371a,USER_V1_9b28da88-b61a-4b1e-a328-de6a9eb6f32f,send_by
374,USER_V1_ca527171-6350-428b-be11-06feaf2fe755,MESSAGE_V1_4cbdac0a-5516-4c1a-9cc8-418ed7d57016,sender
374,MESSAGE_V1_4cbdac0a-5516-4c1a-9cc8-418ed7d57016,USER_V1_ca527171-6350-428b-be11-06feaf2fe755,send_by
375,USER_V1_0bf3208b-207d-432b-bb41-9af301234c0c,MESSAGE_V1_ab3d9170-c3f0-4086-ad04-3d054bca5e4b,sender
375,MESSAGE_V1_ab3d9170-c3f0-4086-ad04-3d054bca5e4b,USER_V1_0bf3208b-207d-432b-bb41-9af301234c0c,send_by
376,USER_V1_508d35d3-9ecf-48f4-9cda-d648be3d4741,MESSAGE_V1_e38e20da-9a26-427c-8ce3-4136c3888c24,sender
376,MESSAGE_V1_e38e20da-9a26-427c-8ce3-4136c3888c24,USER_V1_508d35d3-9ecf-48f4-9cda-d648be3d4741,send_by
377,USER_V1_e94506c8-39ce-43ed-89c9-f7dd9a9b66e6,MESSAGE_V1_06f4ff73-2473-4600-ad8c-3b5f8346cfa1,sender
377,MESSAGE_V1_06f4ff73-2473-4600-ad8c-3b5f8346cfa1,USER_V1_e94506c8-39ce-43ed-89c9-f7dd9a9b66e6,send_by
378,USER_V1_fd108dc6-1f46-4e89-bcb2-72fc9e438dd8,MESSAGE_V1_b33d6d95-af49-4a17-bf45-b006d5907895,sender
378,MESSAGE_V1_b33d6d95-af49-4a17-bf45-b006d5907895,USER_V1_fd108dc6-1f46-4e89-bcb2-72fc9e438dd8,send_by
379,USER_V1_a5fa7f52-7266-4644-9303-83f825b0f320,MESSAGE_V1_77f30f2a-5f0b-441d-90cf-7cebfb79844a,sender
379,MESSAGE_V1_77f30f2a-5f0b-441d-90cf-7cebfb79844a,USER_V1_a5fa7f52-7266-4644-9303-83f825b0f320,send_by
380,USER_V1_fb76dc3a-b6f0-41ef-a972-fe7768b03143,MESSAGE_V1_6ed5048b-a795-4667-afb9-07f72b8bcc01,sender
380,MESSAGE_V1_6ed5048b-a795-4667-afb9-07f72b8bcc01,USER_V1_fb76dc3a-b6f0-41ef-a972-fe7768b03143,send_by
381,USER_V1_32cfbc0a-7962-4b42-88ee-21b218769b13,MESSAGE_V1_bdcdb9f0-fc1b-45c0-8f07-16de3cf8658f,sender
381,MESSAGE_V1_bdcdb9f0-fc1b-45c0-8f07-16de3cf8658f,USER_V1_32cfbc0a-7962-4b42-88ee-21b218769b13,send_by
382,USER_V1_5517b2e2-1ce1-49b8-a997-31b60724164d,MESSAGE_V1_7c8579a1-a31e-4d11-90a0-54415a9fe32a,sender
382,MESSAGE_V1_7c8579a1-a31e-4d11-90a0-54415a9fe32a,USER_V1_5517b2e2-1ce1-49b8-a997-31b60724164d,send_by
383,USER_V1_3c232cfc-f52a-4194-9571-7cbbbd14ffea,MESSAGE_V1_6a9b195f-899d-48c2-8126-3fc65b7ae376,sender
383,MESSAGE_V1_6a9b195f-899d-48c2-8126-3fc65b7ae376,USER_V1_3c232cfc-f52a-4194-9571-7cbbbd14ffea,send_by
384,USER_V1_e8a6830e-134e-41c0-ae93-1e12b13ed6d3,MESSAGE_V1_253001f6-e91e-4bb9-a62e-036a8110e5cb,sender
384,MESSAGE_V1_253001f6-e91e-4bb9-a62e-036a8110e5cb,USER_V1_e8a6830e-134e-41c0-ae93-1e12b13ed6d3,send_by
385,USER_V1_6bc9dd19-5bf4-41eb-b6f7-bb2ff5606edc,MESSAGE_V1_928bf664-2506-4855-a516-d2853df1306d,sender
385,MESSAGE_V1_928bf664-2506-4855-a516-d2853df1306d,USER_V1_6bc9dd19-5bf4-41eb-b6f7-bb2ff5606edc,send_by
386,USER_V1_abf6ca11-349e-4798-bd20-67203a80fb44,MESSAGE_V1_36be0d54-04d5-4968-8607-92701b30112f,sender
386,MESSAGE_V1_36be0d54-04d5-4968-8607-92701b30112f,USER_V1_abf6ca11-349e-4798-bd20-67203a80fb44,send_by
387,USER_V1_c7e3828a-a616-4a84-a88c-293451085a1f,MESSAGE_V1_3142fb28-82de-47d8-9c70-8b785485f735,sender
387,MESSAGE_V1_3142fb28-82de-47d8-9c70-8b785485f735,USER_V1_c7e3828a-a616-4a84-a88c-293451085a1f,send_by
388,USER_V1_ad99f55a-d300-4745-94e1-60827668e194,MESSAGE_V1_4a57061f-43cb-4497-879f-a6ef9a08e5d0,sender
388,MESSAGE_V1_4a57061f-43cb-4497-879f-a6ef9a08e5d0,USER_V1_ad99f55a-d300-4745-94e1-60827668e194,send_by
389,USER_V1_fc63d704-ca31-4189-8072-c66f046c9ca8,MESSAGE_V1_97df8e5d-de70-4b94-b52a-1d38bdc4a5ca,sender
389,MESSAGE_V1_97df8e5d-de70-4b94-b52a-1d38bdc4a5ca,USER_V1_fc63d704-ca31-4189-8072-c66f046c9ca8,send_by
390,USER_V1_250a29c1-1b3d-4f8f-b757-32335d683cf0,MESSAGE_V1_834a9b50-fa89-4854-a75e-e7f383d768fa,sender
390,MESSAGE_V1_834a9b50-fa89-4854-a75e-e7f383d768fa,USER_V1_250a29c1-1b3d-4f8f-b757-32335d683cf0,send_by
391,USER_V1_ce581cb6-1934-4cf2-a5f9-aad87c2a0983,MESSAGE_V1_33ac7634-ef0c-434a-acf9-3b9a98d8e8dc,sender
391,MESSAGE_V1_33ac7634-ef0c-434a-acf9-3b9a98d8e8dc,USER_V1_ce581cb6-1934-4cf2-a5f9-aad87c2a0983,send_by
392,USER_V1_48ca613c-39af-4916-abbb-aced76a0cf2c,MESSAGE_V1_077cc287-1ee1-4f4f-ab42-53bf1b250f4a,sender
392,MESSAGE_V1_077cc287-1ee1-4f4f-ab42-53bf1b250f4a,USER_V1_48ca613c-39af-4916-abbb-aced76a0cf2c,send_by
393,USER_V1_f87e93d9-adf6-404b-98dc-e1137e1af965,MESSAGE_V1_2fe5455f-c01b-45b2-a7a5-971222a5c62a,sender
393,MESSAGE_V1_2fe5455f-c01b-45b2-a7a5-971222a5c62a,USER_V1_f87e93d9-adf6-404b-98dc-e1137e1af965,send_by
394,USER_V1_a9263355-6196-4020-b029-6aa40a206aef,MESSAGE_V1_338c2c8b-0edd-4353-b7d8-4f1d1914f2df,sender
394,MESSAGE_V1_338c2c8b-0edd-4353-b7d8-4f1d1914f2df,USER_V1_a9263355-6196-4020-b029-6aa40a206aef,send_by
395,USER_V1_30f76f47-c364-4f8b-a972-d2c6cc428339,MESSAGE_V1_46116cd9-005a-4dcc-bce1-e7277e35f25f,sender
395,MESSAGE_V1_46116cd9-005a-4dcc-bce1-e7277e35f25f,USER_V1_30f76f47-c364-4f8b-a972-d2c6cc428339,send_by
396,USER_V1_d1ec4ef6-3580-44f1-9148-8803205faa76,MESSAGE_V1_0f072131-10ab-4d13-a81a-eb01857b4148,sender
396,MESSAGE_V1_0f072131-10ab-4d13-a81a-eb01857b4148,USER_V1_d1ec4ef6-3580-44f1-9148-8803205faa76,send_by
397,USER_V1_ebb51953-139c-4f7d-becd-2b3fa149edd0,MESSAGE_V1_3ba336b8-b23d-436d-836b-4341db5b662e,sender
397,MESSAGE_V1_3ba336b8-b23d-436d-836b-4341db5b662e,USER_V1_ebb51953-139c-4f7d-becd-2b3fa149edd0,send_by
398,USER_V1_2c5f1cfa-3536-4e96-9d37-32db9e0bec19,MESSAGE_V1_80a6daae-af24-48b5-b17f-53315fa99d56,sender
398,MESSAGE_V1_80a6daae-af24-48b5-b17f-53315fa99d56,USER_V1_2c5f1cfa-3536-4e96-9d37-32db9e0bec19,send_by
399,USER_V1_2a92aaab-99be-4987-8958-8c953e54cd01,MESSAGE_V1_8f421e83-e985-4714-9935-7d2e110c94c6,sender
399,MESSAGE_V1_8f421e83-e985-4714-9935-7d2e110c94c6,USER_V1_2a92aaab-99be-4987-8958-8c953e54cd01,send_by
400,USER_V1_e51d1820-19bb-4721-a1c9-5c184b2a8d1f,MESSAGE_V1_495b13d3-f3d7-44b9-864f-411a587544ac,sender
400,MESSAGE_V1_495b13d3-f3d7-44b9-864f-411a587544ac,USER_V1_e51d1820-19bb-4721-a1c9-5c184b2a8d1f,send_by
401,USER_V1_1b18ea0b-aec0-4d8a-aed4-0970313b4b0c,MESSAGE_V1_55a78f4e-415a-4f85-a3a1-89d69543675d,sender
401,MESSAGE_V1_55a78f4e-415a-4f85-a3a1-89d69543675d,USER_V1_1b18ea0b-aec0-4d8a-aed4-0970313b4b0c,send_by
402,USER_V1_bc9aaf1d-b718-4218-9f97-99b750a0a222,MESSAGE_V1_ad5de29b-4028-46f1-9ddb-f3c4701b72a2,sender
402,MESSAGE_V1_ad5de29b-4028-46f1-9ddb-f3c4701b72a2,USER_V1_bc9aaf1d-b718-4218-9f97-99b750a0a222,send_by
403,USER_V1_fc923064-2f65-475b-b429-57bf3b29e997,MESSAGE_V1_0f2887ab-2779-45c9-a0ae-bd9e6dbecf3b,sender
403,MESSAGE_V1_0f2887ab-2779-45c9-a0ae-bd9e6dbecf3b,USER_V1_fc923064-2f65-475b-b429-57bf3b29e997,send_by
404,USER_V1_1e9566cf-7f34-4318-a233-039d9c64fcb6,MESSAGE_V1_65d4be70-cd6f-4295-9200-bbae18960bd5,sender
404,MESSAGE_V1_65d4be70-cd6f-4295-9200-bbae18960bd5,USER_V1_1e9566cf-7f34-4318-a233-039d9c64fcb6,send_by
405,USER_V1_36c865f3-f00f-4a0c-a0d4-604a600354c9,MESSAGE_V1_0e3ee701-f670-4106-abc6-6995e8a152b8,sender
405,MESSAGE_V1_0e3ee701-f670-4106-abc6-6995e8a152b8,USER_V1_36c865f3-f00f-4a0c-a0d4-604a600354c9,send_by
406,USER_V1_46e59169-b2d2-4387-af92-9fe8e13bb3dc,MESSAGE_V1_9cf4db4a-42d4-4cbf-a990-c577b620dfda,sender
406,MESSAGE_V1_9cf4db4a-42d4-4cbf-a990-c577b620dfda,USER_V1_46e59169-b2d2-4387-af92-9fe8e13bb3dc,send_by
407,USER_V1_bca3caec-312f-4e72-9b49-c8be7ca0115a,MESSAGE_V1_5bd1da23-2a93-4d89-8d48-cbab9555a312,sender
407,MESSAGE_V1_5bd1da23-2a93-4d89-8d48-cbab9555a312,USER_V1_bca3caec-312f-4e72-9b49-c8be7ca0115a,send_by
408,USER_V1_121b4f28-2abb-4859-bb98-c22e8bdd81a4,MESSAGE_V1_89faa987-99d3-4371-948a-f48998eba2f4,sender
408,MESSAGE_V1_89faa987-99d3-4371-948a-f48998eba2f4,USER_V1_121b4f28-2abb-4859-bb98-c22e8bdd81a4,send_by
409,USER_V1_c45c78e7-770d-4e68-b197-073514482e06,MESSAGE_V1_e173e939-11c2-4394-8192-f660abf06925,sender
409,MESSAGE_V1_e173e939-11c2-4394-8192-f660abf06925,USER_V1_c45c78e7-770d-4e68-b197-073514482e06,send_by
410,USER_V1_cf202d3d-3561-46c7-8e5f-9fc78e3c042d,MESSAGE_V1_f8506719-3355-4d2f-b975-d27c60c6d8a6,sender
410,MESSAGE_V1_f8506719-3355-4d2f-b975-d27c60c6d8a6,USER_V1_cf202d3d-3561-46c7-8e5f-9fc78e3c042d,send_by
411,USER_V1_cb3cb9b3-a4ad-4cc6-a34f-b77ce514727c,MESSAGE_V1_08fd2a95-4eb0-426c-9e00-ba3d8eee7207,sender
411,MESSAGE_V1_08fd2a95-4eb0-426c-9e00-ba3d8eee7207,USER_V1_cb3cb9b3-a4ad-4cc6-a34f-b77ce514727c,send_by
412,USER_V1_9758bc86-55ff-489c-8841-142587d17d9a,MESSAGE_V1_f275ad84-a9dd-47db-a2c4-c433f93847fd,sender
412,MESSAGE_V1_f275ad84-a9dd-47db-a2c4-c433f93847fd,USER_V1_9758bc86-55ff-489c-8841-142587d17d9a,send_by
413,USER_V1_1d4d355d-76cc-45e8-8608-f6a2c79d935c,MESSAGE_V1_fb7d2ea8-4428-449f-990e-46d5c8062659,sender
413,MESSAGE_V1_fb7d2ea8-4428-449f-990e-46d5c8062659,USER_V1_1d4d355d-76cc-45e8-8608-f6a2c79d935c,send_by
414,USER_V1_22132336-80ff-48f6-989a-f44aecbc5429,MESSAGE_V1_cb6785fe-dd15-4740-ac39-f1a1add6402b,sender
414,MESSAGE_V1_cb6785fe-dd15-4740-ac39-f1a1add6402b,USER_V1_22132336-80ff-48f6-989a-f44aecbc5429,send_by
415,USER_V1_b431ec0d-0d00-453d-961a-77aa44a73d3c,MESSAGE_V1_c1f135db-921d-4f0d-8c5b-ae4989bf9d2e,sender
415,MESSAGE_V1_c1f135db-921d-4f0d-8c5b-ae4989bf9d2e,USER_V1_b431ec0d-0d00-453d-961a-77aa44a73d3c,send_by
416,USER_V1_d14c03dc-0640-4ff8-b953-3ab4797a4518,MESSAGE_V1_fbd12fdd-5175-4a5b-8d38-eb6f883fc3bb,sender
416,MESSAGE_V1_fbd12fdd-5175-4a5b-8d38-eb6f883fc3bb,USER_V1_d14c03dc-0640-4ff8-b953-3ab4797a4518,send_by
417,USER_V1_7597cdc7-d229-4640-9256-1f3dd42eb8f3,MESSAGE_V1_f51a4acf-3ccd-4fa6-894f-0f4d9fb596d3,sender
417,MESSAGE_V1_f51a4acf-3ccd-4fa6-894f-0f4d9fb596d3,USER_V1_7597cdc7-d229-4640-9256-1f3dd42eb8f3,send_by
418,USER_V1_09e3c3fd-a379-456d-ae1e-339d67da05b9,MESSAGE_V1_d756ef78-5cc4-47ee-9fc7-f5686c31d75b,sender
418,MESSAGE_V1_d756ef78-5cc4-47ee-9fc7-f5686c31d75b,USER_V1_09e3c3fd-a379-456d-ae1e-339d67da05b9,send_by
419,USER_V1_62e79a09-2e7e-4a03-a77d-e8944af32e68,MESSAGE_V1_59a1939c-3b16-4e34-91e8-518fd199cb88,sender
419,MESSAGE_V1_59a1939c-3b16-4e34-91e8-518fd199cb88,USER_V1_62e79a09-2e7e-4a03-a77d-e8944af32e68,send_by
420,USER_V1_3b63b1ec-a260-4f5b-8a24-dfd2ff54fc28,MESSAGE_V1_0867a377-2667-4ffd-9c65-2f9e84ded213,sender
420,MESSAGE_V1_0867a377-2667-4ffd-9c65-2f9e84ded213,USER_V1_3b63b1ec-a260-4f5b-8a24-dfd2ff54fc28,send_by
421,USER_V1_76e65238-1da6-4ca1-9d54-e62a3cf86421,MESSAGE_V1_6feaf0b1-820d-4da8-b53f-44761a77a5e6,sender
421,MESSAGE_V1_6feaf0b1-820d-4da8-b53f-44761a77a5e6,USER_V1_76e65238-1da6-4ca1-9d54-e62a3cf86421,send_by
422,USER_V1_277e3a9c-e7af-40b3-8d2b-9fbe15bb18eb,MESSAGE_V1_2ab58b7a-8b62-4bc9-b4fc-26d4cac426b7,sender
422,MESSAGE_V1_2ab58b7a-8b62-4bc9-b4fc-26d4cac426b7,USER_V1_277e3a9c-e7af-40b3-8d2b-9fbe15bb18eb,send_by
423,USER_V1_1bd48709-b6fe-412f-8217-9acc1235c786,MESSAGE_V1_1cb04d77-ae70-4587-89ef-7960ce1c4307,sender
423,MESSAGE_V1_1cb04d77-ae70-4587-89ef-7960ce1c4307,USER_V1_1bd48709-b6fe-412f-8217-9acc1235c786,send_by
424,USER_V1_b502c483-7453-41ef-9f35-0149a1ae9164,MESSAGE_V1_2a0da3ec-310f-472b-a989-749961e96996,sender
424,MESSAGE_V1_2a0da3ec-310f-472b-a989-749961e96996,USER_V1_b502c483-7453-41ef-9f35-0149a1ae9164,send_by
425,USER_V1_dfac9459-1264-406b-bdc6-2be7c07ce50f,MESSAGE_V1_ea56e63b-e0a4-4de5-8b0d-e15c9b2b42e9,sender
425,MESSAGE_V1_ea56e63b-e0a4-4de5-8b0d-e15c9b2b42e9,USER_V1_dfac9459-1264-406b-bdc6-2be7c07ce50f,send_by
426,USER_V1_0bd555b8-6322-4ec6-a5ee-76aeb51d9b35,MESSAGE_V1_c25df712-039f-47d0-8e86-a1bbe50f9397,sender
426,MESSAGE_V1_c25df712-039f-47d0-8e86-a1bbe50f9397,USER_V1_0bd555b8-6322-4ec6-a5ee-76aeb51d9b35,send_by
427,USER_V1_7e675032-0ecc-4c87-b038-96f0b5c53f91,MESSAGE_V1_01e3f233-3242-4907-ab54-f576fd69799e,sender
427,MESSAGE_V1_01e3f233-3242-4907-ab54-f576fd69799e,USER_V1_7e675032-0ecc-4c87-b038-96f0b5c53f91,send_by
428,USER_V1_61888aff-fef5-45b0-a721-bf0d6ed4a6ff,MESSAGE_V1_d4e0056e-3ec2-4541-9d3e-591623762f32,sender
428,MESSAGE_V1_d4e0056e-3ec2-4541-9d3e-591623762f32,USER_V1_61888aff-fef5-45b0-a721-bf0d6ed4a6ff,send_by
429,USER_V1_cf7d6c68-5f89-470f-a804-d9cf36fa1939,MESSAGE_V1_da170280-f9b1-4559-84d7-05b4f14eb4af,sender
429,MESSAGE_V1_da170280-f9b1-4559-84d7-05b4f14eb4af,USER_V1_cf7d6c68-5f89-470f-a804-d9cf36fa1939,send_by
430,USER_V1_215e878c-957b-4a05-9864-509c114c1c45,MESSAGE_V1_f8ca9b79-9986-4343-9571-a82a9e40c73a,sender
430,MESSAGE_V1_f8ca9b79-9986-4343-9571-a82a9e40c73a,USER_V1_215e878c-957b-4a05-9864-509c114c1c45,send_by
431,USER_V1_5965e281-333c-40c9-8f2e-b9e34edf36ba,MESSAGE_V1_4e47b069-2057-4fe3-941b-3e52ecec6751,sender
431,MESSAGE_V1_4e47b069-2057-4fe3-941b-3e52ecec6751,USER_V1_5965e281-333c-40c9-8f2e-b9e34edf36ba,send_by
432,USER_V1_4fcd2ff8-12a1-400d-8d5a-c4cdc49d9367,MESSAGE_V1_6ea33328-6fd3-4468-9171-e46feb3bc5a7,sender
432,MESSAGE_V1_6ea33328-6fd3-4468-9171-e46feb3bc5a7,USER_V1_4fcd2ff8-12a1-400d-8d5a-c4cdc49d9367,send_by
433,USER_V1_094c764a-2e4d-43f2-b8bc-e11a9ae3e89f,MESSAGE_V1_2ff17e88-05bc-40af-87ff-af5e876c7fa6,sender
433,MESSAGE_V1_2ff17e88-05bc-40af-87ff-af5e876c7fa6,USER_V1_094c764a-2e4d-43f2-b8bc-e11a9ae3e89f,send_by
434,USER_V1_95f7555a-55ca-40f3-87b8-f5992312e342,MESSAGE_V1_4166e0e7-a60f-4134-90c4-e0900d276bbe,sender
434,MESSAGE_V1_4166e0e7-a60f-4134-90c4-e0900d276bbe,USER_V1_95f7555a-55ca-40f3-87b8-f5992312e342,send_by
435,USER_V1_140d4972-4d3d-4719-b36e-b60f6b92bc69,MESSAGE_V1_81474a1b-f83d-4363-94fc-6d321646c038,sender
435,MESSAGE_V1_81474a1b-f83d-4363-94fc-6d321646c038,USER_V1_140d4972-4d3d-4719-b36e-b60f6b92bc69,send_by
436,USER_V1_c6af39e5-a06d-4ea1-a9d0-0581f1e09661,MESSAGE_V1_81072b72-d36e-49fe-9963-2a59cf727c72,sender
436,MESSAGE_V1_81072b72-d36e-49fe-9963-2a59cf727c72,USER_V1_c6af39e5-a06d-4ea1-a9d0-0581f1e09661,send_by
437,USER_V1_a0a77eb0-2a20-4404-8a98-c043c96c2b91,MESSAGE_V1_a8324eff-0696-40ad-b8a1-2bee24924e8f,sender
437,MESSAGE_V1_a8324eff-0696-40ad-b8a1-2bee24924e8f,USER_V1_a0a77eb0-2a20-4404-8a98-c043c96c2b91,send_by
438,USER_V1_e90a1062-ac11-4fbc-97e7-d21e9fc0ca39,MESSAGE_V1_90adc2d1-cad0-4a07-ae37-1b8e54fd03a1,sender
438,MESSAGE_V1_90adc2d1-cad0-4a07-ae37-1b8e54fd03a1,USER_V1_e90a1062-ac11-4fbc-97e7-d21e9fc0ca39,send_by
439,USER_V1_2291b357-c88b-47d5-9004-ceabf01da105,MESSAGE_V1_b174be1b-1699-4180-9ad8-834bd4f4a906,sender
439,MESSAGE_V1_b174be1b-1699-4180-9ad8-834bd4f4a906,USER_V1_2291b357-c88b-47d5-9004-ceabf01da105,send_by
440,USER_V1_5e07eb6d-fb13-4ba9-b750-fa595c757eb0,MESSAGE_V1_87415bb5-dbfe-4a1d-8416-978d6f94a19b,sender
440,MESSAGE_V1_87415bb5-dbfe-4a1d-8416-978d6f94a19b,USER_V1_5e07eb6d-fb13-4ba9-b750-fa595c757eb0,send_by
441,USER_V1_beea7ad4-d7cf-4e8a-b9c8-01f8c9e4d490,MESSAGE_V1_968bcd9f-afe9-410f-9173-fd819f3f8276,sender
441,MESSAGE_V1_968bcd9f-afe9-410f-9173-fd819f3f8276,USER_V1_beea7ad4-d7cf-4e8a-b9c8-01f8c9e4d490,send_by
442,USER_V1_71f9c1cd-c510-4245-a392-0bb8138db80a,MESSAGE_V1_185cfae1-c44c-4cbf-a2b7-11ff8c2e8481,sender
442,MESSAGE_V1_185cfae1-c44c-4cbf-a2b7-11ff8c2e8481,USER_V1_71f9c1cd-c510-4245-a392-0bb8138db80a,send_by
443,USER_V1_1ba0099f-26af-40ef-b108-a5aee7327075,MESSAGE_V1_3235e497-d999-4e47-8cc4-bcfab453375a,sender
443,MESSAGE_V1_3235e497-d999-4e47-8cc4-bcfab453375a,USER_V1_1ba0099f-26af-40ef-b108-a5aee7327075,send_by
444,USER_V1_518a6da0-71fc-4bb7-a4e1-053b3abdf343,MESSAGE_V1_8f6f3651-bf7c-4652-8de1-e47496fbccaa,sender
444,MESSAGE_V1_8f6f3651-bf7c-4652-8de1-e47496fbccaa,USER_V1_518a6da0-71fc-4bb7-a4e1-053b3abdf343,send_by
445,USER_V1_e4add68c-c809-4e0e-aa85-dd3b0919a258,MESSAGE_V1_06a24e12-fd05-41fa-8a81-addfa99daa12,sender
445,MESSAGE_V1_06a24e12-fd05-41fa-8a81-addfa99daa12,USER_V1_e4add68c-c809-4e0e-aa85-dd3b0919a258,send_by
446,USER_V1_b0fdb187-e7af-427f-b281-835f62adcee8,MESSAGE_V1_58898dca-3bf0-427a-8d95-0878871d89b0,sender
446,MESSAGE_V1_58898dca-3bf0-427a-8d95-0878871d89b0,USER_V1_b0fdb187-e7af-427f-b281-835f62adcee8,send_by
447,USER_V1_303207e0-56d0-4e7f-aa8c-dff24a3fa8e8,MESSAGE_V1_75e9dafa-ee68-41ba-b640-b42352138049,sender
447,MESSAGE_V1_75e9dafa-ee68-41ba-b640-b42352138049,USER_V1_303207e0-56d0-4e7f-aa8c-dff24a3fa8e8,send_by
448,USER_V1_8e266a78-9901-4ed7-957a-9d260b370e3c,MESSAGE_V1_370d78b1-87a9-49e4-92ce-f77e4c490e30,sender
448,MESSAGE_V1_370d78b1-87a9-49e4-92ce-f77e4c490e30,USER_V1_8e266a78-9901-4ed7-957a-9d260b370e3c,send_by
449,USER_V1_a0110db8-6f11-4409-b305-eaa9296ff6e4,MESSAGE_V1_899384f1-e09f-4d54-9e88-0e43a65635fa,sender
449,MESSAGE_V1_899384f1-e09f-4d54-9e88-0e43a65635fa,USER_V1_a0110db8-6f11-4409-b305-eaa9296ff6e4,send_by
450,USER_V1_dfa14945-ea01-415d-b12e-6332d15c6e6e,MESSAGE_V1_1ce0382b-50f1-4001-9e9e-994d2b91d74f,sender
450,MESSAGE_V1_1ce0382b-50f1-4001-9e9e-994d2b91d74f,USER_V1_dfa14945-ea01-415d-b12e-6332d15c6e6e,send_by
451,USER_V1_6d8790ab-0b49-406a-98e7-f277fab0be0e,MESSAGE_V1_17e5d549-e3b2-432d-943f-478635c6de9b,sender
451,MESSAGE_V1_17e5d549-e3b2-432d-943f-478635c6de9b,USER_V1_6d8790ab-0b49-406a-98e7-f277fab0be0e,send_by
452,USER_V1_cc165113-8ab2-4471-8924-9e54088996d6,MESSAGE_V1_f60baddf-a68b-4650-a7ec-2b30a5f9c408,sender
452,MESSAGE_V1_f60baddf-a68b-4650-a7ec-2b30a5f9c408,USER_V1_cc165113-8ab2-4471-8924-9e54088996d6,send_by
453,USER_V1_5cd73203-be3c-409c-82b4-3151a52b1280,MESSAGE_V1_984104e3-42ba-4cf9-a593-d45eae38155e,sender
453,MESSAGE_V1_984104e3-42ba-4cf9-a593-d45eae38155e,USER_V1_5cd73203-be3c-409c-82b4-3151a52b1280,send_by
454,USER_V1_0f36c868-71bc-4cd3-8e4e-5947df2bc008,MESSAGE_V1_db77e227-481f-44b4-aae0-dd8ee952ae29,sender
454,MESSAGE_V1_db77e227-481f-44b4-aae0-dd8ee952ae29,USER_V1_0f36c868-71bc-4cd3-8e4e-5947df2bc008,send_by
455,USER_V1_ba71546b-d9fd-47c5-b0dc-0142b33aff4f,MESSAGE_V1_a907711f-f084-4309-b0f9-8e32048c8378,sender
455,MESSAGE_V1_a907711f-f084-4309-b0f9-8e32048c8378,USER_V1_ba71546b-d9fd-47c5-b0dc-0142b33aff4f,send_by
456,USER_V1_e52f180b-129e-426e-ad69-34875e4baa27,MESSAGE_V1_b8df7731-3264-4276-bb55-bb897715abc5,sender
456,MESSAGE_V1_b8df7731-3264-4276-bb55-bb897715abc5,USER_V1_e52f180b-129e-426e-ad69-34875e4baa27,send_by
457,USER_V1_65a3e381-b2eb-47af-81a9-a3a7529b4c46,MESSAGE_V1_bfcc9a39-f4ac-4209-a24d-d6725eb8c22d,sender
457,MESSAGE_V1_bfcc9a39-f4ac-4209-a24d-d6725eb8c22d,USER_V1_65a3e381-b2eb-47af-81a9-a3a7529b4c46,send_by
458,USER_V1_082ef012-33d4-4b66-8d4a-d87b011ca7d6,MESSAGE_V1_5317ceb6-fa4f-4663-9314-3d4506a942cf,sender
458,MESSAGE_V1_5317ceb6-fa4f-4663-9314-3d4506a942cf,USER_V1_082ef012-33d4-4b66-8d4a-d87b011ca7d6,send_by
459,USER_V1_cedaeb1c-2385-4e6d-acbd-9ea55a93cd24,MESSAGE_V1_97e0512b-96eb-4a5e-929a-17dca3082a36,sender
459,MESSAGE_V1_97e0512b-96eb-4a5e-929a-17dca3082a36,USER_V1_cedaeb1c-2385-4e6d-acbd-9ea55a93cd24,send_by
460,USER_V1_ff233b00-6539-453a-81ac-dc4d33b7de8b,MESSAGE_V1_7758c819-551e-473e-911a-c1018edf1048,sender
460,MESSAGE_V1_7758c819-551e-473e-911a-c1018edf1048,USER_V1_ff233b00-6539-453a-81ac-dc4d33b7de8b,send_by
461,USER_V1_37aadddc-ccfe-4b03-acc3-ded688480427,MESSAGE_V1_0a941f47-bb37-4c54-9e16-c9fde656f6fb,sender
461,MESSAGE_V1_0a941f47-bb37-4c54-9e16-c9fde656f6fb,USER_V1_37aadddc-ccfe-4b03-acc3-ded688480427,send_by
462,USER_V1_8507fe39-9063-4b3e-a5c6-75e7a04d507d,MESSAGE_V1_b7a42ade-32dc-4eb5-8aef-4f98f59ec789,sender
462,MESSAGE_V1_b7a42ade-32dc-4eb5-8aef-4f98f59ec789,USER_V1_8507fe39-9063-4b3e-a5c6-75e7a04d507d,send_by
463,USER_V1_46cf5e3f-b1d7-4819-9cb7-cb84be6e6744,MESSAGE_V1_9e4f481d-75be-425e-9869-68b3837d5771,sender
463,MESSAGE_V1_9e4f481d-75be-425e-9869-68b3837d5771,USER_V1_46cf5e3f-b1d7-4819-9cb7-cb84be6e6744,send_by
464,USER_V1_86a679e9-16fb-42dc-8941-55a0e45e615a,MESSAGE_V1_d870c9e5-a49d-4999-9416-313a942f4aa7,sender
464,MESSAGE_V1_d870c9e5-a49d-4999-9416-313a942f4aa7,USER_V1_86a679e9-16fb-42dc-8941-55a0e45e615a,send_by
465,USER_V1_dd870d85-bb74-4b17-837a-80d2fbaea4f3,MESSAGE_V1_600788ee-92fb-4c98-9746-cb050ba52df1,sender
465,MESSAGE_V1_600788ee-92fb-4c98-9746-cb050ba52df1,USER_V1_dd870d85-bb74-4b17-837a-80d2fbaea4f3,send_by
466,USER_V1_9a300c87-4fa8-4d67-8f84-eb8603c87310,MESSAGE_V1_83146593-c99e-4df3-a13d-269e38cee15d,sender
466,MESSAGE_V1_83146593-c99e-4df3-a13d-269e38cee15d,USER_V1_9a300c87-4fa8-4d67-8f84-eb8603c87310,send_by
467,USER_V1_780588d4-f8b4-4f75-af94-fe31be9253d2,MESSAGE_V1_f88d1b47-5070-440e-bdb0-172d200e19a9,sender
467,MESSAGE_V1_f88d1b47-5070-440e-bdb0-172d200e19a9,USER_V1_780588d4-f8b4-4f75-af94-fe31be9253d2,send_by
468,USER_V1_0bbc2fbf-8921-4573-b554-a33f13da0d40,MESSAGE_V1_d535cc13-b95b-4792-823b-583dd3842903,sender
468,MESSAGE_V1_d535cc13-b95b-4792-823b-583dd3842903,USER_V1_0bbc2fbf-8921-4573-b554-a33f13da0d40,send_by
469,USER_V1_55578a64-5f17-4768-ab8b-85c50a0afb74,MESSAGE_V1_4c1f2dbe-f400-4825-a733-78bf33f8abcb,sender
469,MESSAGE_V1_4c1f2dbe-f400-4825-a733-78bf33f8abcb,USER_V1_55578a64-5f17-4768-ab8b-85c50a0afb74,send_by
470,USER_V1_40ef1b68-51d8-48a8-a98e-b2f3e039c9d4,MESSAGE_V1_6dcf8b00-a131-4ee8-b13e-32f317711cbf,sender
470,MESSAGE_V1_6dcf8b00-a131-4ee8-b13e-32f317711cbf,USER_V1_40ef1b68-51d8-48a8-a98e-b2f3e039c9d4,send_by
471,USER_V1_23dcceae-d4a5-4ef1-aee9-7d923c9bfc48,MESSAGE_V1_aea21b9a-ae30-4932-a57c-703d14f04339,sender
471,MESSAGE_V1_aea21b9a-ae30-4932-a57c-703d14f04339,USER_V1_23dcceae-d4a5-4ef1-aee9-7d923c9bfc48,send_by
472,USER_V1_2233f189-aad0-4248-b4c8-7b94b69b4c36,MESSAGE_V1_0fe56d45-1865-4cfa-b4f1-b0fa5337f8cb,sender
472,MESSAGE_V1_0fe56d45-1865-4cfa-b4f1-b0fa5337f8cb,USER_V1_2233f189-aad0-4248-b4c8-7b94b69b4c36,send_by
473,USER_V1_0fb8e89d-1892-4fca-b017-e2a8881adcfa,MESSAGE_V1_11b4e1b1-c330-4f4e-845b-cf91c9dda521,sender
473,MESSAGE_V1_11b4e1b1-c330-4f4e-845b-cf91c9dda521,USER_V1_0fb8e89d-1892-4fca-b017-e2a8881adcfa,send_by
474,USER_V1_20173e5a-0d12-4a97-99f9-e141c50a97d8,MESSAGE_V1_26290a2b-065a-41ee-af91-021fe15acd77,sender
474,MESSAGE_V1_26290a2b-065a-41ee-af91-021fe15acd77,USER_V1_20173e5a-0d12-4a97-99f9-e141c50a97d8,send_by
475,USER_V1_12e65eee-fc32-4810-adfe-618aeeb75ecc,MESSAGE_V1_cba46a10-1e35-4239-9508-487c8d417f2d,sender
475,MESSAGE_V1_cba46a10-1e35-4239-9508-487c8d417f2d,USER_V1_12e65eee-fc32-4810-adfe-618aeeb75ecc,send_by
476,USER_V1_474cbd92-f9d9-4ba2-bc21-1b2341650a43,MESSAGE_V1_7c3dd906-3940-4c54-9a9e-d72d30a0f3ec,sender
476,MESSAGE_V1_7c3dd906-3940-4c54-9a9e-d72d30a0f3ec,USER_V1_474cbd92-f9d9-4ba2-bc21-1b2341650a43,send_by
477,USER_V1_97dc9e33-af8f-47d0-ba15-a59c8a67ff9e,MESSAGE_V1_b782772b-01df-485b-bc8b-b73114d22aba,sender
477,MESSAGE_V1_b782772b-01df-485b-bc8b-b73114d22aba,USER_V1_97dc9e33-af8f-47d0-ba15-a59c8a67ff9e,send_by
478,USER_V1_01fa0d82-0c99-4c61-8625-07cfc64b0f21,MESSAGE_V1_5ef14a5e-097a-4acb-b6cd-043b73ad97db,sender
478,MESSAGE_V1_5ef14a5e-097a-4acb-b6cd-043b73ad97db,USER_V1_01fa0d82-0c99-4c61-8625-07cfc64b0f21,send_by
479,USER_V1_1adf3a86-98dd-4432-a305-9db19ca386ed,MESSAGE_V1_3fd87ade-dc4f-40b8-a69c-5a2b9e543ae3,sender
479,MESSAGE_V1_3fd87ade-dc4f-40b8-a69c-5a2b9e543ae3,USER_V1_1adf3a86-98dd-4432-a305-9db19ca386ed,send_by
480,USER_V1_52be84f5-252c-4a1f-8aab-3b0002f0ba99,MESSAGE_V1_9df3be42-c444-4fcd-b097-7d690fb4e3cf,sender
480,MESSAGE_V1_9df3be42-c444-4fcd-b097-7d690fb4e3cf,USER_V1_52be84f5-252c-4a1f-8aab-3b0002f0ba99,send_by
481,USER_V1_c3b531d3-05c2-4845-ae01-24898711f7aa,MESSAGE_V1_5b4f92f7-e934-4dd7-9828-1e371b659502,sender
481,MESSAGE_V1_5b4f92f7-e934-4dd7-9828-1e371b659502,USER_V1_c3b531d3-05c2-4845-ae01-24898711f7aa,send_by
482,USER_V1_0eea0a84-87da-4bd8-b39c-8e39d8964a70,MESSAGE_V1_ef89d42f-419e-4bce-9b1e-449d340a808e,sender
482,MESSAGE_V1_ef89d42f-419e-4bce-9b1e-449d340a808e,USER_V1_0eea0a84-87da-4bd8-b39c-8e39d8964a70,send_by
483,USER_V1_a336dc4e-322b-436f-841d-e4a4ee1432e9,MESSAGE_V1_406400ed-9b05-46f8-b846-0adbc0133d08,sender
483,MESSAGE_V1_406400ed-9b05-46f8-b846-0adbc0133d08,USER_V1_a336dc4e-322b-436f-841d-e4a4ee1432e9,send_by
484,USER_V1_d9359ccd-4cb3-4514-815b-312577bf7b0b,MESSAGE_V1_5819e3cc-5163-48a7-bd65-e7b9d5299195,sender
484,MESSAGE_V1_5819e3cc-5163-48a7-bd65-e7b9d5299195,USER_V1_d9359ccd-4cb3-4514-815b-312577bf7b0b,send_by
485,USER_V1_fc62a445-6f4c-48b5-b1e9-fa123a923a38,MESSAGE_V1_85e2d16d-702c-4382-99ba-8ddb1d117a51,sender
485,MESSAGE_V1_85e2d16d-702c-4382-99ba-8ddb1d117a51,USER_V1_fc62a445-6f4c-48b5-b1e9-fa123a923a38,send_by
486,USER_V1_8811dd70-f66a-411a-844a-f44ad5edd529,MESSAGE_V1_b374fa7c-65b0-4eec-b369-5eaa0d5404e6,sender
486,MESSAGE_V1_b374fa7c-65b0-4eec-b369-5eaa0d5404e6,USER_V1_8811dd70-f66a-411a-844a-f44ad5edd529,send_by
487,USER_V1_2638d162-05b8-4e95-b9d0-d39d83a5971f,MESSAGE_V1_8aa62671-7b72-4945-ae67-54c9964886f6,sender
487,MESSAGE_V1_8aa62671-7b72-4945-ae67-54c9964886f6,USER_V1_2638d162-05b8-4e95-b9d0-d39d83a5971f,send_by
488,USER_V1_e6412bd8-48b5-4730-953b-65be3b420270,MESSAGE_V1_c1401339-6461-4d30-9fd1-bbe58de2a89d,sender
488,MESSAGE_V1_c1401339-6461-4d30-9fd1-bbe58de2a89d,USER_V1_e6412bd8-48b5-4730-953b-65be3b420270,send_by
489,USER_V1_a30abaf8-d1d9-4252-9b04-af0d686a741f,MESSAGE_V1_2f242778-9b72-4eee-9148-e1deba37cf69,sender
489,MESSAGE_V1_2f242778-9b72-4eee-9148-e1deba37cf69,USER_V1_a30abaf8-d1d9-4252-9b04-af0d686a741f,send_by
490,USER_V1_38d1c7c2-f77f-450d-b0e2-db160036d291,MESSAGE_V1_2fd2086d-e1d5-4d75-8b1c-aa5893c67ac6,sender
490,MESSAGE_V1_2fd2086d-e1d5-4d75-8b1c-aa5893c67ac6,USER_V1_38d1c7c2-f77f-450d-b0e2-db160036d291,send_by
491,USER_V1_b2211ebb-8a9a-4e59-8f29-60d18dc95e2c,MESSAGE_V1_628e9c74-ae71-490b-9617-4cb5ba7c2af1,sender
491,MESSAGE_V1_628e9c74-ae71-490b-9617-4cb5ba7c2af1,USER_V1_b2211ebb-8a9a-4e59-8f29-60d18dc95e2c,send_by
492,USER_V1_a15e8227-ff6a-4606-b498-adc8b35f24fb,MESSAGE_V1_a2b0f0c2-4a3f-4f1b-9193-9384b1ae0e0e,sender
492,MESSAGE_V1_a2b0f0c2-4a3f-4f1b-9193-9384b1ae0e0e,USER_V1_a15e8227-ff6a-4606-b498-adc8b35f24fb,send_by
493,USER_V1_035d75c6-6e30-4d17-b054-8658fc249df1,MESSAGE_V1_796b32d3-caa7-4277-a8fa-1e2dc4ae92f8,sender
493,MESSAGE_V1_796b32d3-caa7-4277-a8fa-1e2dc4ae92f8,USER_V1_035d75c6-6e30-4d17-b054-8658fc249df1,send_by
494,USER_V1_34f15075-7640-4fb8-8f60-61b2733a9f1b,MESSAGE_V1_cbe00ff8-8f19-493c-884e-33fcd7a4e05b,sender
494,MESSAGE_V1_cbe00ff8-8f19-493c-884e-33fcd7a4e05b,USER_V1_34f15075-7640-4fb8-8f60-61b2733a9f1b,send_by
495,USER_V1_dd71f833-4420-417f-91bd-ba91da39b6b3,MESSAGE_V1_6c22a7fa-66fc-4171-8972-83fcc36024c4,sender
495,MESSAGE_V1_6c22a7fa-66fc-4171-8972-83fcc36024c4,USER_V1_dd71f833-4420-417f-91bd-ba91da39b6b3,send_by
496,USER_V1_b9a5a4b2-b76d-406a-a2bf-bb3facc346f1,MESSAGE_V1_534ec8ab-5194-4c7a-97cd-3f5f8d8ee265,sender
496,MESSAGE_V1_534ec8ab-5194-4c7a-97cd-3f5f8d8ee265,USER_V1_b9a5a4b2-b76d-406a-a2bf-bb3facc346f1,send_by
497,USER_V1_0807fd74-fe38-4d96-a5ff-cea72fca8074,MESSAGE_V1_1f365ddf-0d46-48dd-95f4-e0128b6817d4,sender
497,MESSAGE_V1_1f365ddf-0d46-48dd-95f4-e0128b6817d4,USER_V1_0807fd74-fe38-4d96-a5ff-cea72fca8074,send_by
498,USER_V1_38f28c86-eaee-440a-9b50-0235b2320e23,MESSAGE_V1_b68f5cf8-756f-44ec-8e1c-71d7f3a2b435,sender
498,MESSAGE_V1_b68f5cf8-756f-44ec-8e1c-71d7f3a2b435,USER_V1_38f28c86-eaee-440a-9b50-0235b2320e23,send_by
499,USER_V1_3c2b967f-e0e1-4d54-9199-923c7ae90abf,MESSAGE_V1_81e45616-0acb-43f8-84e9-5389e53a360f,sender
499,MESSAGE_V1_81e45616-0acb-43f8-84e9-5389e53a360f,USER_V1_3c2b967f-e0e1-4d54-9199-923c7ae90abf,send_by
500,USER_V1_0e241b0a-4686-4721-8984-6180c7690439,MESSAGE_V1_840c9a9a-8111-4e91-a595-a7555b09ff49,sender
500,MESSAGE_V1_840c9a9a-8111-4e91-a595-a7555b09ff49,USER_V1_0e241b0a-4686-4721-8984-6180c7690439,send_by
501,USER_V1_4aabde19-bed5-434c-9784-0f4c054d3987,MESSAGE_V1_d3ede099-e671-4d28-94d9-a704b6dcb551,sender
501,MESSAGE_V1_d3ede099-e671-4d28-94d9-a704b6dcb551,USER_V1_4aabde19-bed5-434c-9784-0f4c054d3987,send_by
502,USER_V1_a6528e65-5cf4-4526-9005-628b06bda6fb,MESSAGE_V1_f0106bff-d973-442c-9c3b-3a4c95350343,sender
502,MESSAGE_V1_f0106bff-d973-442c-9c3b-3a4c95350343,USER_V1_a6528e65-5cf4-4526-9005-628b06bda6fb,send_by
503,USER_V1_c940ea42-e85a-4b9d-bf3c-bc48d3f28dec,MESSAGE_V1_a304307d-0ae4-46e6-b583-dfae3411610b,sender
503,MESSAGE_V1_a304307d-0ae4-46e6-b583-dfae3411610b,USER_V1_c940ea42-e85a-4b9d-bf3c-bc48d3f28dec,send_by
504,USER_V1_83344cbf-c955-45b3-bc1c-2144fa7caede,MESSAGE_V1_d03c35a3-e950-4bf4-bb1f-73abd93b7ff8,sender
504,MESSAGE_V1_d03c35a3-e950-4bf4-bb1f-73abd93b7ff8,USER_V1_83344cbf-c955-45b3-bc1c-2144fa7caede,send_by
505,USER_V1_729ca2da-64b7-4d57-9432-aed33b762293,MESSAGE_V1_6e760457-d55f-4714-87e8-a10cbd2aea90,sender
505,MESSAGE_V1_6e760457-d55f-4714-87e8-a10cbd2aea90,USER_V1_729ca2da-64b7-4d57-9432-aed33b762293,send_by
506,USER_V1_185011b2-ed4d-44ef-b67a-0f09a7bbf920,MESSAGE_V1_e6a63545-1924-45a2-bc35-d483578cd2ea,sender
506,MESSAGE_V1_e6a63545-1924-45a2-bc35-d483578cd2ea,USER_V1_185011b2-ed4d-44ef-b67a-0f09a7bbf920,send_by
507,USER_V1_ce82d0d4-0b7b-427d-8ea7-5e194386d408,MESSAGE_V1_2ed430c1-e91f-4884-b426-9f81b1343e7d,sender
507,MESSAGE_V1_2ed430c1-e91f-4884-b426-9f81b1343e7d,USER_V1_ce82d0d4-0b7b-427d-8ea7-5e194386d408,send_by
508,USER_V1_72eb719e-c377-4444-b877-b1228f730275,MESSAGE_V1_1124c8f6-6f6c-4c60-b2d0-e73e5ea18c68,sender
508,MESSAGE_V1_1124c8f6-6f6c-4c60-b2d0-e73e5ea18c68,USER_V1_72eb719e-c377-4444-b877-b1228f730275,send_by
509,USER_V1_c7a1040e-1983-42cc-853f-ebd2c883ae38,MESSAGE_V1_1462f052-2666-4803-9514-b9ed5c4c01b6,sender
509,MESSAGE_V1_1462f052-2666-4803-9514-b9ed5c4c01b6,USER_V1_c7a1040e-1983-42cc-853f-ebd2c883ae38,send_by
510,USER_V1_d6271ef5-e458-4d21-b472-717af69dac5b,MESSAGE_V1_4c9b4ccc-d810-4e58-9e0f-e5963abf809b,sender
510,MESSAGE_V1_4c9b4ccc-d810-4e58-9e0f-e5963abf809b,USER_V1_d6271ef5-e458-4d21-b472-717af69dac5b,send_by
511,USER_V1_915bf483-1f82-412e-b2ed-23f59ea33b3c,MESSAGE_V1_38440b7c-d966-4970-97d6-a98fafb92e1b,sender
511,MESSAGE_V1_38440b7c-d966-4970-97d6-a98fafb92e1b,USER_V1_915bf483-1f82-412e-b2ed-23f59ea33b3c,send_by
512,USER_V1_3f382a5e-f024-4fab-8b05-bac1c44e4c44,MESSAGE_V1_5afdabdb-71e3-410c-b909-a2764b67c6f2,sender
512,MESSAGE_V1_5afdabdb-71e3-410c-b909-a2764b67c6f2,USER_V1_3f382a5e-f024-4fab-8b05-bac1c44e4c44,send_by
513,USER_V1_8a9ced12-99fe-48ec-9d34-8458db345951,MESSAGE_V1_dfb0388c-1d2a-4a29-8ee3-cae374f308ab,sender
513,MESSAGE_V1_dfb0388c-1d2a-4a29-8ee3-cae374f308ab,USER_V1_8a9ced12-99fe-48ec-9d34-8458db345951,send_by
514,USER_V1_f22a2a33-e7bb-428c-a20b-a4cd0996c1e4,MESSAGE_V1_17c560ce-72f7-4b8d-8964-9297d2922588,sender
514,MESSAGE_V1_17c560ce-72f7-4b8d-8964-9297d2922588,USER_V1_f22a2a33-e7bb-428c-a20b-a4cd0996c1e4,send_by
515,USER_V1_be128690-9fb4-4f5a-89da-8d4d0a4ec9e9,MESSAGE_V1_80486ead-2f6c-4dd1-9b46-aa2fb02dbbf3,sender
515,MESSAGE_V1_80486ead-2f6c-4dd1-9b46-aa2fb02dbbf3,USER_V1_be128690-9fb4-4f5a-89da-8d4d0a4ec9e9,send_by
516,USER_V1_db560ef0-ba14-4dfd-88f2-4dda969484a2,MESSAGE_V1_a04dd43d-25c5-4b64-b79f-42264591cd15,sender
516,MESSAGE_V1_a04dd43d-25c5-4b64-b79f-42264591cd15,USER_V1_db560ef0-ba14-4dfd-88f2-4dda969484a2,send_by
517,USER_V1_80516fad-5416-480e-9f3c-e6fb20801b5c,MESSAGE_V1_63b45e31-17f5-47c1-b063-6cf759ce03b5,sender
517,MESSAGE_V1_63b45e31-17f5-47c1-b063-6cf759ce03b5,USER_V1_80516fad-5416-480e-9f3c-e6fb20801b5c,send_by
518,USER_V1_c81cb63a-43f7-40d4-8ab6-d68d4e369e64,MESSAGE_V1_750c9b8c-e7d6-4cec-9c91-3e759ff92887,sender
518,MESSAGE_V1_750c9b8c-e7d6-4cec-9c91-3e759ff92887,USER_V1_c81cb63a-43f7-40d4-8ab6-d68d4e369e64,send_by
519,USER_V1_ee1e1c73-5786-4170-9be3-0c042b369ea3,MESSAGE_V1_445fd0a1-98ec-4101-9082-8486e74e6d17,sender
519,MESSAGE_V1_445fd0a1-98ec-4101-9082-8486e74e6d17,USER_V1_ee1e1c73-5786-4170-9be3-0c042b369ea3,send_by
520,USER_V1_e0216546-35d7-4f12-93c9-30e71d245783,MESSAGE_V1_e71be407-36ea-4682-bc69-9653ce2878d0,sender
520,MESSAGE_V1_e71be407-36ea-4682-bc69-9653ce2878d0,USER_V1_e0216546-35d7-4f12-93c9-30e71d245783,send_by
521,USER_V1_0f41187e-a7f1-4e74-baa0-36608013194e,MESSAGE_V1_5f5f679f-5cda-4c51-b550-d18bca9e7c7c,sender
521,MESSAGE_V1_5f5f679f-5cda-4c51-b550-d18bca9e7c7c,USER_V1_0f41187e-a7f1-4e74-baa0-36608013194e,send_by
522,USER_V1_f1d52a88-87b5-45e7-82e0-356569c9eec5,MESSAGE_V1_c8088e23-17e9-4c32-a9fb-7f974873a9b7,sender
522,MESSAGE_V1_c8088e23-17e9-4c32-a9fb-7f974873a9b7,USER_V1_f1d52a88-87b5-45e7-82e0-356569c9eec5,send_by
523,USER_V1_ae435470-4fd9-4af1-abaa-7921f2bb12de,MESSAGE_V1_f5088edd-1391-4686-b2a6-d8eb04fbd1ca,sender
523,MESSAGE_V1_f5088edd-1391-4686-b2a6-d8eb04fbd1ca,USER_V1_ae435470-4fd9-4af1-abaa-7921f2bb12de,send_by
524,USER_V1_7d273381-1005-4b3b-8500-4405c92f7d8e,MESSAGE_V1_12d0f6e2-0116-4515-b518-368f5bc7b6a9,sender
524,MESSAGE_V1_12d0f6e2-0116-4515-b518-368f5bc7b6a9,USER_V1_7d273381-1005-4b3b-8500-4405c92f7d8e,send_by
525,USER_V1_a6ea3dec-67d7-4e98-a5ea-f859ec0a8b7b,MESSAGE_V1_166465be-624c-4a8b-961b-09d2edea74a8,sender
525,MESSAGE_V1_166465be-624c-4a8b-961b-09d2edea74a8,USER_V1_a6ea3dec-67d7-4e98-a5ea-f859ec0a8b7b,send_by
526,USER_V1_9deae6ab-4b98-48fd-9994-c721a50ee1a7,MESSAGE_V1_6420c692-f94d-42f9-8fda-c5d6eac4785a,sender
526,MESSAGE_V1_6420c692-f94d-42f9-8fda-c5d6eac4785a,USER_V1_9deae6ab-4b98-48fd-9994-c721a50ee1a7,send_by
527,USER_V1_7bc1950f-3c5c-4988-9a0a-5af41478ee6f,MESSAGE_V1_3b917694-af30-4a7e-85b0-7b7fb2ae0f74,sender
527,MESSAGE_V1_3b917694-af30-4a7e-85b0-7b7fb2ae0f74,USER_V1_7bc1950f-3c5c-4988-9a0a-5af41478ee6f,send_by
528,USER_V1_34d5b8d5-3b6d-46e3-a3d5-c267306f6b02,MESSAGE_V1_c3d76fa3-10d4-4ce4-b2fd-de788a24a6ee,sender
528,MESSAGE_V1_c3d76fa3-10d4-4ce4-b2fd-de788a24a6ee,USER_V1_34d5b8d5-3b6d-46e3-a3d5-c267306f6b02,send_by
529,USER_V1_cca633df-b7f7-42c3-9a00-ecdb9c802dce,MESSAGE_V1_e9e334e7-1667-49de-90df-879d33b88d5d,sender
529,MESSAGE_V1_e9e334e7-1667-49de-90df-879d33b88d5d,USER_V1_cca633df-b7f7-42c3-9a00-ecdb9c802dce,send_by
530,USER_V1_f2101989-678e-40c6-95de-392a19ea5b5e,MESSAGE_V1_6ee38f95-12da-4f56-b4ef-94b63ec17e99,sender
530,MESSAGE_V1_6ee38f95-12da-4f56-b4ef-94b63ec17e99,USER_V1_f2101989-678e-40c6-95de-392a19ea5b5e,send_by
531,USER_V1_c8ecdf9e-4d0c-45e8-a1ed-f0cb232a25a7,MESSAGE_V1_0fbdc2e0-5416-42d6-a852-b6ef5f235726,sender
531,MESSAGE_V1_0fbdc2e0-5416-42d6-a852-b6ef5f235726,USER_V1_c8ecdf9e-4d0c-45e8-a1ed-f0cb232a25a7,send_by
532,USER_V1_1339ddb1-939e-4752-ac0d-7cf8ce4a7fac,MESSAGE_V1_f7809cd5-a2d0-422c-90a0-71aa089f9ce4,sender
532,MESSAGE_V1_f7809cd5-a2d0-422c-90a0-71aa089f9ce4,USER_V1_1339ddb1-939e-4752-ac0d-7cf8ce4a7fac,send_by
533,USER_V1_27bb6bac-7c1d-45f5-8254-2f56a6219ce7,MESSAGE_V1_2940c57e-ac3e-4dde-a7b8-177e07734db5,sender
533,MESSAGE_V1_2940c57e-ac3e-4dde-a7b8-177e07734db5,USER_V1_27bb6bac-7c1d-45f5-8254-2f56a6219ce7,send_by
534,USER_V1_b036fa56-a123-47a3-975d-74715b3076e7,MESSAGE_V1_b8fe4a32-967f-4076-8699-f5f9c709535f,sender
534,MESSAGE_V1_b8fe4a32-967f-4076-8699-f5f9c709535f,USER_V1_b036fa56-a123-47a3-975d-74715b3076e7,send_by
535,USER_V1_ca11ecde-9c95-4178-a8b5-90613f0b3618,MESSAGE_V1_711f079f-3277-4802-9de1-e50b51c3466a,sender
535,MESSAGE_V1_711f079f-3277-4802-9de1-e50b51c3466a,USER_V1_ca11ecde-9c95-4178-a8b5-90613f0b3618,send_by
536,USER_V1_038ee3de-d551-4c0c-90ec-b1e06c06b502,MESSAGE_V1_aa14da77-caad-4617-a666-38292397340a,sender
536,MESSAGE_V1_aa14da77-caad-4617-a666-38292397340a,USER_V1_038ee3de-d551-4c0c-90ec-b1e06c06b502,send_by
537,USER_V1_e5312d10-bc1a-4c9c-960d-380f1450ffbe,MESSAGE_V1_80d8e76e-5940-475a-8ba4-08d3e2987ab7,sender
537,MESSAGE_V1_80d8e76e-5940-475a-8ba4-08d3e2987ab7,USER_V1_e5312d10-bc1a-4c9c-960d-380f1450ffbe,send_by
538,USER_V1_5a036176-8ec0-476e-bc13-f0104847aa3d,MESSAGE_V1_7577d45d-3ca6-47d6-88a3-0d9b89f8dee4,sender
538,MESSAGE_V1_7577d45d-3ca6-47d6-88a3-0d9b89f8dee4,USER_V1_5a036176-8ec0-476e-bc13-f0104847aa3d,send_by
539,USER_V1_c9e351ba-c459-4bfc-ab3c-9341db4c23a6,MESSAGE_V1_e6c54c3c-b414-4821-9fee-1a1e83fb008e,sender
539,MESSAGE_V1_e6c54c3c-b414-4821-9fee-1a1e83fb008e,USER_V1_c9e351ba-c459-4bfc-ab3c-9341db4c23a6,send_by
540,USER_V1_65874f5e-36d8-42eb-a597-5a263de899e9,MESSAGE_V1_1eef8329-24de-4448-bb69-533f642b7c55,sender
540,MESSAGE_V1_1eef8329-24de-4448-bb69-533f642b7c55,USER_V1_65874f5e-36d8-42eb-a597-5a263de899e9,send_by
541,USER_V1_f384f30f-0c58-4f6c-ad92-f5d925906ad2,MESSAGE_V1_b69eb163-7315-4977-84b6-18244bcc435b,sender
541,MESSAGE_V1_b69eb163-7315-4977-84b6-18244bcc435b,USER_V1_f384f30f-0c58-4f6c-ad92-f5d925906ad2,send_by
542,USER_V1_5b68fefd-89de-4a35-b6c8-4e43c20bcfea,MESSAGE_V1_0030b537-d713-43c9-bcb0-f64866c74e29,sender
542,MESSAGE_V1_0030b537-d713-43c9-bcb0-f64866c74e29,USER_V1_5b68fefd-89de-4a35-b6c8-4e43c20bcfea,send_by
543,USER_V1_50e23664-1732-446a-950b-f9c499294084,MESSAGE_V1_19320c5a-ba84-44ab-a813-43e77b49d32a,sender
543,MESSAGE_V1_19320c5a-ba84-44ab-a813-43e77b49d32a,USER_V1_50e23664-1732-446a-950b-f9c499294084,send_by
544,USER_V1_316c1325-e666-45f3-aeff-300ed9a9a8a8,MESSAGE_V1_3607148d-7947-4615-a004-212a5e7d9ce7,sender
544,MESSAGE_V1_3607148d-7947-4615-a004-212a5e7d9ce7,USER_V1_316c1325-e666-45f3-aeff-300ed9a9a8a8,send_by
545,USER_V1_9698170c-9182-4d51-b47c-527e6f6c2172,MESSAGE_V1_3954d6d1-0151-42f1-9e85-9c3d0fd8c914,sender
545,MESSAGE_V1_3954d6d1-0151-42f1-9e85-9c3d0fd8c914,USER_V1_9698170c-9182-4d51-b47c-527e6f6c2172,send_by
546,USER_V1_1489ea1f-64ef-4f96-89b5-aa9fcf971ab9,MESSAGE_V1_5d3b5346-76ce-4ad2-9e31-6d83864c0439,sender
546,MESSAGE_V1_5d3b5346-76ce-4ad2-9e31-6d83864c0439,USER_V1_1489ea1f-64ef-4f96-89b5-aa9fcf971ab9,send_by
547,USER_V1_dd4b1413-3fa2-4f52-bfff-f0a4ded2527c,MESSAGE_V1_8113f334-06dc-4c9a-8593-00a6027e05f8,sender
547,MESSAGE_V1_8113f334-06dc-4c9a-8593-00a6027e05f8,USER_V1_dd4b1413-3fa2-4f52-bfff-f0a4ded2527c,send_by
548,USER_V1_15465ff2-5e04-4d42-95e5-c6112e6e2af7,MESSAGE_V1_f4a9f6ec-81c9-413e-952d-73d7a6da5354,sender
548,MESSAGE_V1_f4a9f6ec-81c9-413e-952d-73d7a6da5354,USER_V1_15465ff2-5e04-4d42-95e5-c6112e6e2af7,send_by
549,USER_V1_fbb7327d-b7ef-4ee3-8f13-bc3ce417bd09,MESSAGE_V1_a5a68375-c463-45dc-96ab-2fc568f69bf0,sender
549,MESSAGE_V1_a5a68375-c463-45dc-96ab-2fc568f69bf0,USER_V1_fbb7327d-b7ef-4ee3-8f13-bc3ce417bd09,send_by
550,USER_V1_43123466-fca3-4fef-be84-40389ea0113d,MESSAGE_V1_0de8dcb9-d9fc-4b37-b3b7-01ed9efe23bf,sender
550,MESSAGE_V1_0de8dcb9-d9fc-4b37-b3b7-01ed9efe23bf,USER_V1_43123466-fca3-4fef-be84-40389ea0113d,send_by
551,USER_V1_a27cd1cf-37ed-441d-8cd0-5e2ae8d77e26,MESSAGE_V1_b267554b-391c-4e60-b600-54537391ef75,sender
551,MESSAGE_V1_b267554b-391c-4e60-b600-54537391ef75,USER_V1_a27cd1cf-37ed-441d-8cd0-5e2ae8d77e26,send_by
552,USER_V1_3a520130-eb64-4c9e-a7ad-6826c55ada21,MESSAGE_V1_bdfa2686-3f14-455d-9d24-9746c806004a,sender
552,MESSAGE_V1_bdfa2686-3f14-455d-9d24-9746c806004a,USER_V1_3a520130-eb64-4c9e-a7ad-6826c55ada21,send_by
553,USER_V1_2cacf0ac-51bf-4745-8e2c-067758d52be9,MESSAGE_V1_19f26417-488d-41e6-bb30-c8ef38536534,sender
553,MESSAGE_V1_19f26417-488d-41e6-bb30-c8ef38536534,USER_V1_2cacf0ac-51bf-4745-8e2c-067758d52be9,send_by
554,USER_V1_6254a955-3235-4ea2-b06b-aa8f9b0282bc,MESSAGE_V1_d3b25aff-2b9c-4ed4-88c8-2e8f2ad66739,sender
554,MESSAGE_V1_d3b25aff-2b9c-4ed4-88c8-2e8f2ad66739,USER_V1_6254a955-3235-4ea2-b06b-aa8f9b0282bc,send_by
555,USER_V1_976ab4ba-5aeb-47bb-b8e5-b593d028f027,MESSAGE_V1_7014b21c-a63d-4e1d-849a-cb52bd6b9d6d,sender
555,MESSAGE_V1_7014b21c-a63d-4e1d-849a-cb52bd6b9d6d,USER_V1_976ab4ba-5aeb-47bb-b8e5-b593d028f027,send_by
556,USER_V1_0a497bf3-48ae-487e-95dd-743c8f53fdb5,MESSAGE_V1_2d85aec0-2ba7-4cf9-9aab-a020298d1146,sender
556,MESSAGE_V1_2d85aec0-2ba7-4cf9-9aab-a020298d1146,USER_V1_0a497bf3-48ae-487e-95dd-743c8f53fdb5,send_by
557,USER_V1_91d9d24c-b82a-40c8-993b-a7e7ba8863e8,MESSAGE_V1_5459e7f7-3a53-413c-a870-b126ff69d972,sender
557,MESSAGE_V1_5459e7f7-3a53-413c-a870-b126ff69d972,USER_V1_91d9d24c-b82a-40c8-993b-a7e7ba8863e8,send_by
558,USER_V1_fe6cb706-ceee-4929-8344-7e53c902703e,MESSAGE_V1_3dbaec86-dacd-4dba-93f0-6f47c1f76c3a,sender
558,MESSAGE_V1_3dbaec86-dacd-4dba-93f0-6f47c1f76c3a,USER_V1_fe6cb706-ceee-4929-8344-7e53c902703e,send_by
559,USER_V1_f0c20406-faa4-4b1e-b429-01d105c81f97,MESSAGE_V1_2c04323b-6d0d-4bc4-baa5-ecf1c4cb1bdd,sender
559,MESSAGE_V1_2c04323b-6d0d-4bc4-baa5-ecf1c4cb1bdd,USER_V1_f0c20406-faa4-4b1e-b429-01d105c81f97,send_by
560,USER_V1_7de8c602-02b9-477e-8ede-d2c94b316351,MESSAGE_V1_4803da59-ce04-47a3-8df6-288edf85949b,sender
560,MESSAGE_V1_4803da59-ce04-47a3-8df6-288edf85949b,USER_V1_7de8c602-02b9-477e-8ede-d2c94b316351,send_by
561,USER_V1_f675bd5c-9fa4-402e-a54b-486ad97a8b28,MESSAGE_V1_dad9f5ed-edcc-4410-acfe-b22f6751822f,sender
561,MESSAGE_V1_dad9f5ed-edcc-4410-acfe-b22f6751822f,USER_V1_f675bd5c-9fa4-402e-a54b-486ad97a8b28,send_by
562,USER_V1_f24d75aa-a0c0-42cd-b3e2-04742cf54073,MESSAGE_V1_c795975e-430a-4eb7-b73e-647f3a83bc10,sender
562,MESSAGE_V1_c795975e-430a-4eb7-b73e-647f3a83bc10,USER_V1_f24d75aa-a0c0-42cd-b3e2-04742cf54073,send_by
563,USER_V1_c6cc93fc-2752-4f8e-884b-85c7661f36e4,MESSAGE_V1_82ca9229-c1b1-4d1f-b1a2-8c9052079130,sender
563,MESSAGE_V1_82ca9229-c1b1-4d1f-b1a2-8c9052079130,USER_V1_c6cc93fc-2752-4f8e-884b-85c7661f36e4,send_by
564,USER_V1_e6d2ee99-956d-4a3b-9fde-dfb4c787ae1d,MESSAGE_V1_3d7e351f-d79e-43b3-9168-bee7e7c980dc,sender
564,MESSAGE_V1_3d7e351f-d79e-43b3-9168-bee7e7c980dc,USER_V1_e6d2ee99-956d-4a3b-9fde-dfb4c787ae1d,send_by
565,USER_V1_efcd95d1-8fef-40c3-aa01-63c6fa5325fd,MESSAGE_V1_e84ccd87-ae9c-41fb-adca-c79a8523dbce,sender
565,MESSAGE_V1_e84ccd87-ae9c-41fb-adca-c79a8523dbce,USER_V1_efcd95d1-8fef-40c3-aa01-63c6fa5325fd,send_by
566,USER_V1_60570366-f18b-4555-8f4d-9c5e07f51005,MESSAGE_V1_40c88324-5f0a-4a97-b2ff-06d8b2d0e7c8,sender
566,MESSAGE_V1_40c88324-5f0a-4a97-b2ff-06d8b2d0e7c8,USER_V1_60570366-f18b-4555-8f4d-9c5e07f51005,send_by
567,USER_V1_c5250997-fe58-4e3a-944d-547c3a217767,MESSAGE_V1_495fe4a0-06d8-48e1-a22d-a7c9bafd9449,sender
567,MESSAGE_V1_495fe4a0-06d8-48e1-a22d-a7c9bafd9449,USER_V1_c5250997-fe58-4e3a-944d-547c3a217767,send_by
568,USER_V1_cca77594-ed8c-40ba-9d61-feff6e154bde,MESSAGE_V1_516eb173-68c5-4868-b7e6-ffa3a44bdc7c,sender
568,MESSAGE_V1_516eb173-68c5-4868-b7e6-ffa3a44bdc7c,USER_V1_cca77594-ed8c-40ba-9d61-feff6e154bde,send_by
569,USER_V1_09347fa1-bf66-4dfa-8cff-8c48318a542d,MESSAGE_V1_bbf4806c-1693-4c2b-828b-0a0b8d77e47d,sender
569,MESSAGE_V1_bbf4806c-1693-4c2b-828b-0a0b8d77e47d,USER_V1_09347fa1-bf66-4dfa-8cff-8c48318a542d,send_by
570,USER_V1_0d824547-1c9b-4196-81b2-d49df41e65e7,MESSAGE_V1_fd560097-601e-4752-8a2e-0ac75a10a739,sender
570,MESSAGE_V1_fd560097-601e-4752-8a2e-0ac75a10a739,USER_V1_0d824547-1c9b-4196-81b2-d49df41e65e7,send_by
571,USER_V1_f5723021-59ef-4c7a-b950-ffc67ba1a3e0,MESSAGE_V1_7bd8a4d9-7b32-44c2-99db-c64e4abd4d02,sender
571,MESSAGE_V1_7bd8a4d9-7b32-44c2-99db-c64e4abd4d02,USER_V1_f5723021-59ef-4c7a-b950-ffc67ba1a3e0,send_by
572,USER_V1_5164610b-441d-463a-936f-a32df7d1a52c,MESSAGE_V1_f5663335-f836-47af-a3fb-1f449c1ee7d9,sender
572,MESSAGE_V1_f5663335-f836-47af-a3fb-1f449c1ee7d9,USER_V1_5164610b-441d-463a-936f-a32df7d1a52c,send_by
573,USER_V1_62d8c248-32f8-4557-972e-25832324934b,MESSAGE_V1_769ccb7e-a139-48d4-b873-949234f88bf9,sender
573,MESSAGE_V1_769ccb7e-a139-48d4-b873-949234f88bf9,USER_V1_62d8c248-32f8-4557-972e-25832324934b,send_by
574,USER_V1_d0f5b5cf-fd12-49aa-a40e-dea32daaaab8,MESSAGE_V1_cae1a8fe-033b-4c29-be5e-828aeaad44f8,sender
574,MESSAGE_V1_cae1a8fe-033b-4c29-be5e-828aeaad44f8,USER_V1_d0f5b5cf-fd12-49aa-a40e-dea32daaaab8,send_by
575,USER_V1_d2878a8c-625c-449f-b13c-19b5612a0d6b,MESSAGE_V1_08d4e4d8-09f3-4003-9e3f-f301fe41947c,sender
575,MESSAGE_V1_08d4e4d8-09f3-4003-9e3f-f301fe41947c,USER_V1_d2878a8c-625c-449f-b13c-19b5612a0d6b,send_by
576,USER_V1_a1166c83-ea39-41b3-9477-472844941656,MESSAGE_V1_8cb38e7f-2656-4928-a860-0832498fabd3,sender
576,MESSAGE_V1_8cb38e7f-2656-4928-a860-0832498fabd3,USER_V1_a1166c83-ea39-41b3-9477-472844941656,send_by
577,USER_V1_0fbac442-4639-4ed3-92b8-1a7357de43bc,MESSAGE_V1_89d0bb2c-be9c-45aa-b078-370050575dd0,sender
577,MESSAGE_V1_89d0bb2c-be9c-45aa-b078-370050575dd0,USER_V1_0fbac442-4639-4ed3-92b8-1a7357de43bc,send_by
578,USER_V1_bc75906a-640a-4338-a911-fc4bed817d99,MESSAGE_V1_b24cdd9b-acb4-478f-b428-c5aed328d39e,sender
578,MESSAGE_V1_b24cdd9b-acb4-478f-b428-c5aed328d39e,USER_V1_bc75906a-640a-4338-a911-fc4bed817d99,send_by
579,USER_V1_37006654-b66e-4a0e-b3f8-902043f90734,MESSAGE_V1_6a2a9dc9-857b-444f-b642-d9362e6f710a,sender
579,MESSAGE_V1_6a2a9dc9-857b-444f-b642-d9362e6f710a,USER_V1_37006654-b66e-4a0e-b3f8-902043f90734,send_by
580,USER_V1_c98aa5cb-3949-48ec-8d1b-032e2b1a4640,MESSAGE_V1_07c0f52a-5ef8-463f-84ae-72b5b77edb1b,sender
580,MESSAGE_V1_07c0f52a-5ef8-463f-84ae-72b5b77edb1b,USER_V1_c98aa5cb-3949-48ec-8d1b-032e2b1a4640,send_by
581,USER_V1_5e7e76f6-691a-4154-8b4a-7e36cdff09d1,MESSAGE_V1_e486ec74-abae-4411-b405-118a7331bd61,sender
581,MESSAGE_V1_e486ec74-abae-4411-b405-118a7331bd61,USER_V1_5e7e76f6-691a-4154-8b4a-7e36cdff09d1,send_by
582,USER_V1_db9f336a-2dd4-441a-a3fc-462445a378ec,MESSAGE_V1_dd5d3a5b-98b4-45e7-a611-1c1ca4822f16,sender
582,MESSAGE_V1_dd5d3a5b-98b4-45e7-a611-1c1ca4822f16,USER_V1_db9f336a-2dd4-441a-a3fc-462445a378ec,send_by
583,USER_V1_fc8bdb2c-895e-4a41-8a10-ef9277db27ef,MESSAGE_V1_e679e0df-e287-47e6-8fc8-590f5e3a0c34,sender
583,MESSAGE_V1_e679e0df-e287-47e6-8fc8-590f5e3a0c34,USER_V1_fc8bdb2c-895e-4a41-8a10-ef9277db27ef,send_by
584,USER_V1_19663820-8edc-4ab5-a821-d38cf5e1251b,MESSAGE_V1_a8237148-e86a-41c8-89ee-8e9983d0f478,sender
584,MESSAGE_V1_a8237148-e86a-41c8-89ee-8e9983d0f478,USER_V1_19663820-8edc-4ab5-a821-d38cf5e1251b,send_by
585,USER_V1_b47b3827-fcca-43d6-bcbd-e15d834de7bf,MESSAGE_V1_ce54fe4c-62d2-4d8d-aa6b-7f3f51f49e93,sender
585,MESSAGE_V1_ce54fe4c-62d2-4d8d-aa6b-7f3f51f49e93,USER_V1_b47b3827-fcca-43d6-bcbd-e15d834de7bf,send_by
586,USER_V1_ad7ccee6-0cdd-46b1-abfc-cb5c01a59a1d,MESSAGE_V1_084c2351-a01a-4de9-add5-0df61465ba43,sender
586,MESSAGE_V1_084c2351-a01a-4de9-add5-0df61465ba43,USER_V1_ad7ccee6-0cdd-46b1-abfc-cb5c01a59a1d,send_by
587,USER_V1_92d8bb07-0b3b-422b-8392-965ca9764ea1,MESSAGE_V1_68ded6f3-642c-46b7-9cb1-507b3e59da93,sender
587,MESSAGE_V1_68ded6f3-642c-46b7-9cb1-507b3e59da93,USER_V1_92d8bb07-0b3b-422b-8392-965ca9764ea1,send_by
588,USER_V1_fd03dfbe-8206-44f6-9b37-541f5fbcb580,MESSAGE_V1_f1be7391-8ec9-479a-9868-cc853f304262,sender
588,MESSAGE_V1_f1be7391-8ec9-479a-9868-cc853f304262,USER_V1_fd03dfbe-8206-44f6-9b37-541f5fbcb580,send_by
589,USER_V1_8b04d54a-8720-4509-8e8d-df8ba56115f8,MESSAGE_V1_195c4a35-6883-4af6-ac1f-25c0006004d1,sender
589,MESSAGE_V1_195c4a35-6883-4af6-ac1f-25c0006004d1,USER_V1_8b04d54a-8720-4509-8e8d-df8ba56115f8,send_by
590,USER_V1_3f3395f2-c8a1-49fd-a6a3-0aeddb976c25,MESSAGE_V1_044f21c4-e7a7-4eb2-90dc-2b37c418d595,sender
590,MESSAGE_V1_044f21c4-e7a7-4eb2-90dc-2b37c418d595,USER_V1_3f3395f2-c8a1-49fd-a6a3-0aeddb976c25,send_by
591,USER_V1_a3a6995f-0375-4e55-89a2-2436c110a621,MESSAGE_V1_19438b27-93f6-494e-b438-facd53590bab,sender
591,MESSAGE_V1_19438b27-93f6-494e-b438-facd53590bab,USER_V1_a3a6995f-0375-4e55-89a2-2436c110a621,send_by
592,USER_V1_5b8c5151-a0b0-4a0b-ae95-045140118ab2,MESSAGE_V1_8e8a2117-8a28-4347-bbbe-cf4a141326ad,sender
592,MESSAGE_V1_8e8a2117-8a28-4347-bbbe-cf4a141326ad,USER_V1_5b8c5151-a0b0-4a0b-ae95-045140118ab2,send_by
593,USER_V1_77b9182e-0c5f-42ce-be13-af93b9b9f2a8,MESSAGE_V1_8368c810-8f5d-4d33-9f11-e204c28b2ea0,sender
593,MESSAGE_V1_8368c810-8f5d-4d33-9f11-e204c28b2ea0,USER_V1_77b9182e-0c5f-42ce-be13-af93b9b9f2a8,send_by
594,USER_V1_a932871a-6139-4b7b-9996-e8d82e8fa9dd,MESSAGE_V1_889749e3-0b42-4d25-9892-6a4cab2c081d,sender
594,MESSAGE_V1_889749e3-0b42-4d25-9892-6a4cab2c081d,USER_V1_a932871a-6139-4b7b-9996-e8d82e8fa9dd,send_by
595,USER_V1_ba91ed05-371d-413d-8675-234b1fca651a,MESSAGE_V1_902f5542-533e-4233-9412-7d913a908bbb,sender
595,MESSAGE_V1_902f5542-533e-4233-9412-7d913a908bbb,USER_V1_ba91ed05-371d-413d-8675-234b1fca651a,send_by
596,USER_V1_0e069971-e325-4126-a22a-8512dc4cd392,MESSAGE_V1_6dfa2102-efd5-40a9-b728-ba28445b80b6,sender
596,MESSAGE_V1_6dfa2102-efd5-40a9-b728-ba28445b80b6,USER_V1_0e069971-e325-4126-a22a-8512dc4cd392,send_by
597,USER_V1_60aa7e56-1df3-410f-94d7-54be6c838fb7,MESSAGE_V1_4f91a2bb-5cdb-44be-b24d-27a8cb24a873,sender
597,MESSAGE_V1_4f91a2bb-5cdb-44be-b24d-27a8cb24a873,USER_V1_60aa7e56-1df3-410f-94d7-54be6c838fb7,send_by
598,USER_V1_54d42406-a14a-4f85-a08e-5dc383c6aa79,MESSAGE_V1_22485472-ae75-4faa-a049-f2c155b01aad,sender
598,MESSAGE_V1_22485472-ae75-4faa-a049-f2c155b01aad,USER_V1_54d42406-a14a-4f85-a08e-5dc383c6aa79,send_by
599,USER_V1_7de25c93-a4d7-4314-94d1-8f9b6e3b2fd3,MESSAGE_V1_551d617d-6c67-4142-bf20-4e22b1abe59a,sender
599,MESSAGE_V1_551d617d-6c67-4142-bf20-4e22b1abe59a,USER_V1_7de25c93-a4d7-4314-94d1-8f9b6e3b2fd3,send_by
600,USER_V1_681579c0-300b-4224-94a0-4e702d415330,MESSAGE_V1_b9145687-dba5-4383-9bc7-f3a785c69959,sender
600,MESSAGE_V1_b9145687-dba5-4383-9bc7-f3a785c69959,USER_V1_681579c0-300b-4224-94a0-4e702d415330,send_by
601,USER_V1_90b41045-e565-4cc7-8dee-262573bc3cc0,MESSAGE_V1_f073964b-a420-4822-a222-7ce87d27f7e3,sender
601,MESSAGE_V1_f073964b-a420-4822-a222-7ce87d27f7e3,USER_V1_90b41045-e565-4cc7-8dee-262573bc3cc0,send_by
602,USER_V1_ea5624c1-8bc8-4fe9-bc00-02bedb96862d,MESSAGE_V1_58454fc1-2574-4034-b4a0-5f23e101ff06,sender
602,MESSAGE_V1_58454fc1-2574-4034-b4a0-5f23e101ff06,USER_V1_ea5624c1-8bc8-4fe9-bc00-02bedb96862d,send_by
603,USER_V1_f89ea8da-5108-4403-b459-613531ee4a3d,MESSAGE_V1_0353ff82-832c-4caf-bbb7-de4cf4c33669,sender
603,MESSAGE_V1_0353ff82-832c-4caf-bbb7-de4cf4c33669,USER_V1_f89ea8da-5108-4403-b459-613531ee4a3d,send_by
604,USER_V1_06dff6a4-1370-4bdb-b379-badfd4cfc173,MESSAGE_V1_c4e25fc9-919f-4251-9db0-7b86a018d12c,sender
604,MESSAGE_V1_c4e25fc9-919f-4251-9db0-7b86a018d12c,USER_V1_06dff6a4-1370-4bdb-b379-badfd4cfc173,send_by
605,USER_V1_022e955d-e8de-4df5-a0ef-9a5dae24aae0,MESSAGE_V1_efcf0391-4aab-44b1-8814-22e58925a366,sender
605,MESSAGE_V1_efcf0391-4aab-44b1-8814-22e58925a366,USER_V1_022e955d-e8de-4df5-a0ef-9a5dae24aae0,send_by
606,USER_V1_1b459579-d667-40f4-89aa-018948544993,MESSAGE_V1_5d2a0d16-2a81-4468-9f7f-9d9dcf8d8a49,sender
606,MESSAGE_V1_5d2a0d16-2a81-4468-9f7f-9d9dcf8d8a49,USER_V1_1b459579-d667-40f4-89aa-018948544993,send_by
607,USER_V1_b5790487-c6bd-42f1-b9b2-886800fefc2f,MESSAGE_V1_3246ebeb-e16c-4dd1-97b1-5430781bcbf3,sender
607,MESSAGE_V1_3246ebeb-e16c-4dd1-97b1-5430781bcbf3,USER_V1_b5790487-c6bd-42f1-b9b2-886800fefc2f,send_by
608,USER_V1_23257a3f-323a-41a6-bdbf-4eddef11de55,MESSAGE_V1_12f1e7c3-9176-455f-ba94-bab57eae0387,sender
608,MESSAGE_V1_12f1e7c3-9176-455f-ba94-bab57eae0387,USER_V1_23257a3f-323a-41a6-bdbf-4eddef11de55,send_by
609,USER_V1_bde9de80-186f-49e5-9ebd-45571b2013a3,MESSAGE_V1_561a6644-3bd7-40c9-bef4-8ccc6586e053,sender
609,MESSAGE_V1_561a6644-3bd7-40c9-bef4-8ccc6586e053,USER_V1_bde9de80-186f-49e5-9ebd-45571b2013a3,send_by
610,USER_V1_29fdb88c-efed-4392-a0d3-1c7f7097b1e2,MESSAGE_V1_1deb2857-cfa0-4841-80bc-e4ad41f11bc2,sender
610,MESSAGE_V1_1deb2857-cfa0-4841-80bc-e4ad41f11bc2,USER_V1_29fdb88c-efed-4392-a0d3-1c7f7097b1e2,send_by
611,USER_V1_c536b9aa-b764-4784-a210-c739870d377b,MESSAGE_V1_99762d85-5d32-49fa-ba04-dcd6b950d005,sender
611,MESSAGE_V1_99762d85-5d32-49fa-ba04-dcd6b950d005,USER_V1_c536b9aa-b764-4784-a210-c739870d377b,send_by
612,USER_V1_8735fe8d-8bcb-470a-b74d-29f6fe121d23,MESSAGE_V1_9c775b65-9397-4f6a-bb94-5c2fe173f7e4,sender
612,MESSAGE_V1_9c775b65-9397-4f6a-bb94-5c2fe173f7e4,USER_V1_8735fe8d-8bcb-470a-b74d-29f6fe121d23,send_by
613,USER_V1_c7702f43-5bae-42ab-b481-b423f761ab12,MESSAGE_V1_96d22cf0-c887-4beb-8c00-5bfc5d079c89,sender
613,MESSAGE_V1_96d22cf0-c887-4beb-8c00-5bfc5d079c89,USER_V1_c7702f43-5bae-42ab-b481-b423f761ab12,send_by
614,USER_V1_41d3fe8c-1367-4eaf-998b-20c0900fcf3e,MESSAGE_V1_da0cc3a5-9ea8-4355-97f2-1b2025debf07,sender
614,MESSAGE_V1_da0cc3a5-9ea8-4355-97f2-1b2025debf07,USER_V1_41d3fe8c-1367-4eaf-998b-20c0900fcf3e,send_by
615,USER_V1_754b764d-528a-4ab7-bcf7-0cc839e00b50,MESSAGE_V1_3c04b8b0-9ff8-4dab-87b2-9a9fd09fcee7,sender
615,MESSAGE_V1_3c04b8b0-9ff8-4dab-87b2-9a9fd09fcee7,USER_V1_754b764d-528a-4ab7-bcf7-0cc839e00b50,send_by
616,USER_V1_8def8d4c-c988-435a-9647-80835a4ac0c3,MESSAGE_V1_22ea7d8d-fcb4-47d8-b451-663e02a54fb1,sender
616,MESSAGE_V1_22ea7d8d-fcb4-47d8-b451-663e02a54fb1,USER_V1_8def8d4c-c988-435a-9647-80835a4ac0c3,send_by
617,USER_V1_6ca64ce0-84b6-4fae-9a39-cf6e493c413b,MESSAGE_V1_ec4b92b6-d9d6-44f9-886c-02aa0fc050ab,sender
617,MESSAGE_V1_ec4b92b6-d9d6-44f9-886c-02aa0fc050ab,USER_V1_6ca64ce0-84b6-4fae-9a39-cf6e493c413b,send_by
618,USER_V1_5e459888-9488-4dba-b909-438e77501d6f,MESSAGE_V1_75991d39-6b96-40b5-b9ae-0a0e7899801c,sender
618,MESSAGE_V1_75991d39-6b96-40b5-b9ae-0a0e7899801c,USER_V1_5e459888-9488-4dba-b909-438e77501d6f,send_by
619,USER_V1_1871ef60-684b-4e09-81f0-9e6d3f3fc0e6,MESSAGE_V1_c3f85937-98b6-4b9a-b8ee-db40fbb8624c,sender
619,MESSAGE_V1_c3f85937-98b6-4b9a-b8ee-db40fbb8624c,USER_V1_1871ef60-684b-4e09-81f0-9e6d3f3fc0e6,send_by
620,USER_V1_1829eff9-6c98-497d-98f9-d4c05c533199,MESSAGE_V1_6168364d-73b7-4481-9f75-0330e2e0a8c4,sender
620,MESSAGE_V1_6168364d-73b7-4481-9f75-0330e2e0a8c4,USER_V1_1829eff9-6c98-497d-98f9-d4c05c533199,send_by
621,USER_V1_3fe6455f-f984-46a4-a6a5-56cfa336bcc0,MESSAGE_V1_139c966f-5611-47e1-815a-26bdcc31abfa,sender
621,MESSAGE_V1_139c966f-5611-47e1-815a-26bdcc31abfa,USER_V1_3fe6455f-f984-46a4-a6a5-56cfa336bcc0,send_by
622,USER_V1_7dc1cec1-fbb1-4463-b651-6a6a2510f267,MESSAGE_V1_fc524de0-1534-4641-8793-b8df347e6c07,sender
622,MESSAGE_V1_fc524de0-1534-4641-8793-b8df347e6c07,USER_V1_7dc1cec1-fbb1-4463-b651-6a6a2510f267,send_by
623,USER_V1_ff365984-968c-429e-90f7-f283169e2fd6,MESSAGE_V1_6c8ea678-e6d3-4a61-9f2c-5edfddffcc70,sender
623,MESSAGE_V1_6c8ea678-e6d3-4a61-9f2c-5edfddffcc70,USER_V1_ff365984-968c-429e-90f7-f283169e2fd6,send_by
624,USER_V1_be1e9db6-6d17-486b-af17-6ff779e82940,MESSAGE_V1_dc916201-4106-4690-9c86-5cf30b1a7888,sender
624,MESSAGE_V1_dc916201-4106-4690-9c86-5cf30b1a7888,USER_V1_be1e9db6-6d17-486b-af17-6ff779e82940,send_by
625,USER_V1_9579d9fa-dc83-499f-9ffb-b4c6b1ddf32a,MESSAGE_V1_f2f318de-eaf2-402e-9b94-bdd1b0f4f9f2,sender
625,MESSAGE_V1_f2f318de-eaf2-402e-9b94-bdd1b0f4f9f2,USER_V1_9579d9fa-dc83-499f-9ffb-b4c6b1ddf32a,send_by
626,USER_V1_49224e4f-6b23-4897-ac18-8c3517d55ac8,MESSAGE_V1_2d7e248a-89ee-4506-8a42-76fe2fb53961,sender
626,MESSAGE_V1_2d7e248a-89ee-4506-8a42-76fe2fb53961,USER_V1_49224e4f-6b23-4897-ac18-8c3517d55ac8,send_by
627,USER_V1_6c8cdae6-e7a2-4975-a9f2-f9515b314785,MESSAGE_V1_b54999db-b8d6-484d-bb02-36f32a4f8ca0,sender
627,MESSAGE_V1_b54999db-b8d6-484d-bb02-36f32a4f8ca0,USER_V1_6c8cdae6-e7a2-4975-a9f2-f9515b314785,send_by
628,USER_V1_bf554bcf-5593-418a-bd08-fc48e4b6a8de,MESSAGE_V1_1161a4ec-8ad2-4986-8ed4-1742a9ed5bd9,sender
628,MESSAGE_V1_1161a4ec-8ad2-4986-8ed4-1742a9ed5bd9,USER_V1_bf554bcf-5593-418a-bd08-fc48e4b6a8de,send_by
629,USER_V1_6e193ac4-a186-4d50-b5c6-83e3477e7d40,MESSAGE_V1_a3f3a9f9-d16f-449a-b95a-81db6ba2957a,sender
629,MESSAGE_V1_a3f3a9f9-d16f-449a-b95a-81db6ba2957a,USER_V1_6e193ac4-a186-4d50-b5c6-83e3477e7d40,send_by
630,USER_V1_64a01924-a968-49eb-92c5-f62f8aad90bb,MESSAGE_V1_9645eae1-92d3-4238-9c18-bd13670ae770,sender
630,MESSAGE_V1_9645eae1-92d3-4238-9c18-bd13670ae770,USER_V1_64a01924-a968-49eb-92c5-f62f8aad90bb,send_by
631,USER_V1_8a6184f7-cf65-4343-bb47-fb07f5f99a62,MESSAGE_V1_4079215b-bc33-4bac-a89d-e5fd1511d3c7,sender
631,MESSAGE_V1_4079215b-bc33-4bac-a89d-e5fd1511d3c7,USER_V1_8a6184f7-cf65-4343-bb47-fb07f5f99a62,send_by
632,USER_V1_5abaaba4-8a7f-4efb-9a66-9cfc85636c7c,MESSAGE_V1_daed9b9b-719e-43d1-98d7-6a7f9cb3b496,sender
632,MESSAGE_V1_daed9b9b-719e-43d1-98d7-6a7f9cb3b496,USER_V1_5abaaba4-8a7f-4efb-9a66-9cfc85636c7c,send_by
633,USER_V1_56b9a84e-cbcf-4fc1-af77-2f5ee60597d4,MESSAGE_V1_2af30319-4991-4fbc-8550-9b6dc50f8439,sender
633,MESSAGE_V1_2af30319-4991-4fbc-8550-9b6dc50f8439,USER_V1_56b9a84e-cbcf-4fc1-af77-2f5ee60597d4,send_by
634,USER_V1_ad66c493-68f0-41db-8e6d-188a0aebdc03,MESSAGE_V1_97f28443-bd49-4fb2-bf81-17e678e5227d,sender
634,MESSAGE_V1_97f28443-bd49-4fb2-bf81-17e678e5227d,USER_V1_ad66c493-68f0-41db-8e6d-188a0aebdc03,send_by
635,USER_V1_0e9358eb-bc8b-4e07-9069-e6c15654c0bd,MESSAGE_V1_8018e697-a1d5-4106-9f53-10a809dd01a2,sender
635,MESSAGE_V1_8018e697-a1d5-4106-9f53-10a809dd01a2,USER_V1_0e9358eb-bc8b-4e07-9069-e6c15654c0bd,send_by
636,USER_V1_09144b94-262d-4485-bb39-2953420c179e,MESSAGE_V1_5d51eb87-75fd-470b-a816-264efd4a752f,sender
636,MESSAGE_V1_5d51eb87-75fd-470b-a816-264efd4a752f,USER_V1_09144b94-262d-4485-bb39-2953420c179e,send_by
637,USER_V1_13acd4a8-5b6b-4c8e-bb46-ba0af2f0816c,MESSAGE_V1_ceba66b6-5b5c-43b3-8405-01e6d05f856f,sender
637,MESSAGE_V1_ceba66b6-5b5c-43b3-8405-01e6d05f856f,USER_V1_13acd4a8-5b6b-4c8e-bb46-ba0af2f0816c,send_by
638,USER_V1_e7e11d5e-64d7-4ed2-8ecb-f7454bc94376,MESSAGE_V1_3a7b05bd-7ce2-4505-a20c-f5488a5c4ce0,sender
638,MESSAGE_V1_3a7b05bd-7ce2-4505-a20c-f5488a5c4ce0,USER_V1_e7e11d5e-64d7-4ed2-8ecb-f7454bc94376,send_by
639,USER_V1_663e5949-fc55-4859-a89b-065a86732835,MESSAGE_V1_d399803f-534d-491f-a010-e192606f02ba,sender
639,MESSAGE_V1_d399803f-534d-491f-a010-e192606f02ba,USER_V1_663e5949-fc55-4859-a89b-065a86732835,send_by
640,USER_V1_5bc399f0-b492-499b-b79d-9a576963217c,MESSAGE_V1_6fa12bdf-d2b3-408f-9c5d-59e9d43450e7,sender
640,MESSAGE_V1_6fa12bdf-d2b3-408f-9c5d-59e9d43450e7,USER_V1_5bc399f0-b492-499b-b79d-9a576963217c,send_by
641,USER_V1_da6d1fcf-56ae-4a91-a4a6-f8939a8cd53d,MESSAGE_V1_4f0d66d7-706d-4487-abe9-0140c9ef9cdf,sender
641,MESSAGE_V1_4f0d66d7-706d-4487-abe9-0140c9ef9cdf,USER_V1_da6d1fcf-56ae-4a91-a4a6-f8939a8cd53d,send_by
642,USER_V1_870fd036-6369-41ce-ab17-e8c66e7a45ad,MESSAGE_V1_ec82ebc7-7286-4168-baf2-b4b36d1ba19e,sender
642,MESSAGE_V1_ec82ebc7-7286-4168-baf2-b4b36d1ba19e,USER_V1_870fd036-6369-41ce-ab17-e8c66e7a45ad,send_by
643,USER_V1_6e1e62f0-7125-4d03-b66c-909f380d1481,MESSAGE_V1_c4e69429-536f-4353-b71e-3269f7fc9f83,sender
643,MESSAGE_V1_c4e69429-536f-4353-b71e-3269f7fc9f83,USER_V1_6e1e62f0-7125-4d03-b66c-909f380d1481,send_by
644,USER_V1_37dc5139-1456-451f-8ada-28403089b4ce,MESSAGE_V1_52343fa4-2c90-4890-9fc5-83ca2e379c3e,sender
644,MESSAGE_V1_52343fa4-2c90-4890-9fc5-83ca2e379c3e,USER_V1_37dc5139-1456-451f-8ada-28403089b4ce,send_by
645,USER_V1_abfd75ca-0f2a-4ec1-a066-fde8afa13294,MESSAGE_V1_e4ee433d-daf0-420c-926c-06d920175bd5,sender
645,MESSAGE_V1_e4ee433d-daf0-420c-926c-06d920175bd5,USER_V1_abfd75ca-0f2a-4ec1-a066-fde8afa13294,send_by
646,USER_V1_10569164-c5e7-46c9-8287-c2ccf14e37b0,MESSAGE_V1_d53ce884-01a6-4360-a228-34aa036f82c3,sender
646,MESSAGE_V1_d53ce884-01a6-4360-a228-34aa036f82c3,USER_V1_10569164-c5e7-46c9-8287-c2ccf14e37b0,send_by
647,USER_V1_0b604682-4b4f-48ed-9fe6-b553ae486e2b,MESSAGE_V1_eee1fa2c-81e9-48fb-8abd-b746ea9b3084,sender
647,MESSAGE_V1_eee1fa2c-81e9-48fb-8abd-b746ea9b3084,USER_V1_0b604682-4b4f-48ed-9fe6-b553ae486e2b,send_by
648,USER_V1_c7461697-bd60-4a1a-b2cd-e4b73537270d,MESSAGE_V1_dbd85421-825d-4a50-bf4b-a0b5c1be10c5,sender
648,MESSAGE_V1_dbd85421-825d-4a50-bf4b-a0b5c1be10c5,USER_V1_c7461697-bd60-4a1a-b2cd-e4b73537270d,send_by
649,USER_V1_ac19aeb4-cb18-490a-9f32-8a99d7f167d0,MESSAGE_V1_92f3d800-f2a9-4535-90b7-2288375de9dd,sender
649,MESSAGE_V1_92f3d800-f2a9-4535-90b7-2288375de9dd,USER_V1_ac19aeb4-cb18-490a-9f32-8a99d7f167d0,send_by
650,USER_V1_e1fa619c-db80-408b-b2cc-97616c255720,MESSAGE_V1_1a415252-211b-4564-8240-4e301beea5b9,sender
650,MESSAGE_V1_1a415252-211b-4564-8240-4e301beea5b9,USER_V1_e1fa619c-db80-408b-b2cc-97616c255720,send_by
651,USER_V1_948d263b-ddf4-4dc2-93d2-e14f821402f6,MESSAGE_V1_0ce47155-c827-4ff9-9504-44b3a44cae3a,sender
651,MESSAGE_V1_0ce47155-c827-4ff9-9504-44b3a44cae3a,USER_V1_948d263b-ddf4-4dc2-93d2-e14f821402f6,send_by
652,USER_V1_f7f44f87-928b-4627-a934-d9997c8d15ac,MESSAGE_V1_df8353ed-2e4c-47fb-b18c-6f5364ebe44b,sender
652,MESSAGE_V1_df8353ed-2e4c-47fb-b18c-6f5364ebe44b,USER_V1_f7f44f87-928b-4627-a934-d9997c8d15ac,send_by
653,USER_V1_e088bfe0-27a3-4cd3-b7ed-d9394aba23ff,MESSAGE_V1_6702590e-7342-46de-944d-a2512ad47ed0,sender
653,MESSAGE_V1_6702590e-7342-46de-944d-a2512ad47ed0,USER_V1_e088bfe0-27a3-4cd3-b7ed-d9394aba23ff,send_by
654,USER_V1_3a04887e-4207-4a34-9cb3-e3e88b8f22e1,MESSAGE_V1_2f157e75-99e7-4049-b7f0-100ec90c8557,sender
654,MESSAGE_V1_2f157e75-99e7-4049-b7f0-100ec90c8557,USER_V1_3a04887e-4207-4a34-9cb3-e3e88b8f22e1,send_by
655,USER_V1_75f7b70f-fb72-4122-8704-05d40e7bccc7,MESSAGE_V1_6aebae9a-13a3-4dc0-a5cf-e69a522f27ab,sender
655,MESSAGE_V1_6aebae9a-13a3-4dc0-a5cf-e69a522f27ab,USER_V1_75f7b70f-fb72-4122-8704-05d40e7bccc7,send_by
656,USER_V1_450ec24b-b3b2-416e-a5e8-bd93ac487387,MESSAGE_V1_7bb1f078-4630-4b38-9380-cb9e8537fac1,sender
656,MESSAGE_V1_7bb1f078-4630-4b38-9380-cb9e8537fac1,USER_V1_450ec24b-b3b2-416e-a5e8-bd93ac487387,send_by
657,USER_V1_d4d84a5b-5cb4-4bea-84e3-3ee21eddb037,MESSAGE_V1_a8467ce9-4b76-435c-812b-5b0166534ea9,sender
657,MESSAGE_V1_a8467ce9-4b76-435c-812b-5b0166534ea9,USER_V1_d4d84a5b-5cb4-4bea-84e3-3ee21eddb037,send_by
658,USER_V1_d949ac29-d402-4dfd-a2b8-0eba994524d1,MESSAGE_V1_44e02d66-e1f6-48c3-ac40-ff69da084633,sender
658,MESSAGE_V1_44e02d66-e1f6-48c3-ac40-ff69da084633,USER_V1_d949ac29-d402-4dfd-a2b8-0eba994524d1,send_by
659,USER_V1_f6657f32-4dc7-45b3-b316-a85a7d2ab8f9,MESSAGE_V1_7f481eba-ad72-4175-a7e3-20b3ea3b327c,sender
659,MESSAGE_V1_7f481eba-ad72-4175-a7e3-20b3ea3b327c,USER_V1_f6657f32-4dc7-45b3-b316-a85a7d2ab8f9,send_by
660,USER_V1_8a59c061-2da5-495d-8595-12cf15a6e815,MESSAGE_V1_94be1afd-9a15-4f75-aa94-ef751bc3532e,sender
660,MESSAGE_V1_94be1afd-9a15-4f75-aa94-ef751bc3532e,USER_V1_8a59c061-2da5-495d-8595-12cf15a6e815,send_by
661,USER_V1_172cb44e-74de-48ee-b969-b6a745f77ed8,MESSAGE_V1_e01ed496-138e-4e69-a77f-3f98038ba5f9,sender
661,MESSAGE_V1_e01ed496-138e-4e69-a77f-3f98038ba5f9,USER_V1_172cb44e-74de-48ee-b969-b6a745f77ed8,send_by
662,USER_V1_8b01944c-7654-4f8d-83b6-31238de90951,MESSAGE_V1_72e45405-0a43-4487-934e-21e07d2f88f5,sender
662,MESSAGE_V1_72e45405-0a43-4487-934e-21e07d2f88f5,USER_V1_8b01944c-7654-4f8d-83b6-31238de90951,send_by
663,USER_V1_f1095347-dd28-4d88-9d33-a8463b039bab,MESSAGE_V1_ebad66fa-6d30-4624-b8c3-91e5db3cbab3,sender
663,MESSAGE_V1_ebad66fa-6d30-4624-b8c3-91e5db3cbab3,USER_V1_f1095347-dd28-4d88-9d33-a8463b039bab,send_by
664,USER_V1_ca648d60-8636-4105-926d-87ad2eca9d71,MESSAGE_V1_65bf0357-4fe6-4539-ad84-9765d1c2c229,sender
664,MESSAGE_V1_65bf0357-4fe6-4539-ad84-9765d1c2c229,USER_V1_ca648d60-8636-4105-926d-87ad2eca9d71,send_by
665,USER_V1_69101adf-fc8f-455e-86f4-81944b7cf5c4,MESSAGE_V1_f0d4f479-8ca8-47aa-b899-efe9475c4ef4,sender
665,MESSAGE_V1_f0d4f479-8ca8-47aa-b899-efe9475c4ef4,USER_V1_69101adf-fc8f-455e-86f4-81944b7cf5c4,send_by
666,USER_V1_1cddb9c9-d49a-4536-b62e-c4dea13e0e18,MESSAGE_V1_b22f6108-605a-4f00-a475-ba18cad4b6ed,sender
666,MESSAGE_V1_b22f6108-605a-4f00-a475-ba18cad4b6ed,USER_V1_1cddb9c9-d49a-4536-b62e-c4dea13e0e18,send_by
667,USER_V1_524b6b46-1709-4ba7-8ee8-30161d518902,MESSAGE_V1_cce8babd-98d1-4dfe-b06f-da34e3660a75,sender
667,MESSAGE_V1_cce8babd-98d1-4dfe-b06f-da34e3660a75,USER_V1_524b6b46-1709-4ba7-8ee8-30161d518902,send_by
668,USER_V1_0c46b112-b48d-4c00-a3fe-84a558284706,MESSAGE_V1_89b5b765-5709-426f-a83c-21f5e979d303,sender
668,MESSAGE_V1_89b5b765-5709-426f-a83c-21f5e979d303,USER_V1_0c46b112-b48d-4c00-a3fe-84a558284706,send_by
669,USER_V1_4c808815-b60b-45e8-b63f-95550aacaae8,MESSAGE_V1_23dbf217-f988-41a4-96b6-c7bf7fddaa6f,sender
669,MESSAGE_V1_23dbf217-f988-41a4-96b6-c7bf7fddaa6f,USER_V1_4c808815-b60b-45e8-b63f-95550aacaae8,send_by
670,USER_V1_f0e77125-8c6a-4122-9f90-3cbbb4d07d27,MESSAGE_V1_e3733c87-0f74-4e37-9750-7e7e52548264,sender
670,MESSAGE_V1_e3733c87-0f74-4e37-9750-7e7e52548264,USER_V1_f0e77125-8c6a-4122-9f90-3cbbb4d07d27,send_by
671,USER_V1_e7ae2a46-3ab8-46b0-84e2-2e233ba0613a,MESSAGE_V1_f0bd0417-6e1c-48dc-8e71-562e0db391d6,sender
671,MESSAGE_V1_f0bd0417-6e1c-48dc-8e71-562e0db391d6,USER_V1_e7ae2a46-3ab8-46b0-84e2-2e233ba0613a,send_by
672,USER_V1_15891c1c-150e-430e-8f78-27d0a038c5a7,MESSAGE_V1_02cfc6ec-0d1e-4e5c-89fc-552ef2de76b8,sender
672,MESSAGE_V1_02cfc6ec-0d1e-4e5c-89fc-552ef2de76b8,USER_V1_15891c1c-150e-430e-8f78-27d0a038c5a7,send_by
673,USER_V1_fd7dee58-e54c-484c-90f2-a5c90fb76929,MESSAGE_V1_2fa239a3-ebbd-4e3e-8420-ccac2fe727d0,sender
673,MESSAGE_V1_2fa239a3-ebbd-4e3e-8420-ccac2fe727d0,USER_V1_fd7dee58-e54c-484c-90f2-a5c90fb76929,send_by
674,USER_V1_60741792-2531-4301-9039-bf7fdf7e89f4,MESSAGE_V1_67d6a2b0-95c2-4fec-b830-d5b848a7d831,sender
674,MESSAGE_V1_67d6a2b0-95c2-4fec-b830-d5b848a7d831,USER_V1_60741792-2531-4301-9039-bf7fdf7e89f4,send_by
675,USER_V1_258c7cd6-ed3d-4ce9-958d-eea9342427f5,MESSAGE_V1_34c15427-0702-4d31-b7f0-322daab49e1a,sender
675,MESSAGE_V1_34c15427-0702-4d31-b7f0-322daab49e1a,USER_V1_258c7cd6-ed3d-4ce9-958d-eea9342427f5,send_by
676,USER_V1_0a32f3f6-14dc-4031-b81f-8dad568e4c15,MESSAGE_V1_f0a7735c-6f66-48e4-89e3-91f91d624e9c,sender
676,MESSAGE_V1_f0a7735c-6f66-48e4-89e3-91f91d624e9c,USER_V1_0a32f3f6-14dc-4031-b81f-8dad568e4c15,send_by
677,USER_V1_8a719d9d-e7b2-410f-9921-2714b0eddc34,MESSAGE_V1_133124f1-4586-4611-98c0-273caaf3c8ca,sender
677,MESSAGE_V1_133124f1-4586-4611-98c0-273caaf3c8ca,USER_V1_8a719d9d-e7b2-410f-9921-2714b0eddc34,send_by
678,USER_V1_6e90efc3-9238-46ff-8bf9-4d4847b34a56,MESSAGE_V1_e32061da-d4a2-4bdf-aed8-0320bd6e2f12,sender
678,MESSAGE_V1_e32061da-d4a2-4bdf-aed8-0320bd6e2f12,USER_V1_6e90efc3-9238-46ff-8bf9-4d4847b34a56,send_by
679,USER_V1_447b7a88-7255-4265-a91e-9700ed7ac004,MESSAGE_V1_6e775f8c-b0b0-4532-bed1-a767ad7f36a3,sender
679,MESSAGE_V1_6e775f8c-b0b0-4532-bed1-a767ad7f36a3,USER_V1_447b7a88-7255-4265-a91e-9700ed7ac004,send_by
680,USER_V1_7ff598ad-867e-49e4-ab8e-4b048047fe4e,MESSAGE_V1_cfeda817-8d18-4f6a-bfca-75e025238129,sender
680,MESSAGE_V1_cfeda817-8d18-4f6a-bfca-75e025238129,USER_V1_7ff598ad-867e-49e4-ab8e-4b048047fe4e,send_by
681,USER_V1_4769811a-0372-4094-b8b5-0a61a39c6787,MESSAGE_V1_c5bdce62-72ac-4e1a-9e5f-4fecf5fed7a8,sender
681,MESSAGE_V1_c5bdce62-72ac-4e1a-9e5f-4fecf5fed7a8,USER_V1_4769811a-0372-4094-b8b5-0a61a39c6787,send_by
682,USER_V1_074c7201-097a-4f13-8c12-22d3016023ef,MESSAGE_V1_f574d54d-e236-4387-a59a-06e68e5c9fce,sender
682,MESSAGE_V1_f574d54d-e236-4387-a59a-06e68e5c9fce,USER_V1_074c7201-097a-4f13-8c12-22d3016023ef,send_by
683,USER_V1_9088aa08-4f86-4a2d-8422-0c9f739ad42e,MESSAGE_V1_50eaef3e-d379-4aed-9fa9-6cc197f9f672,sender
683,MESSAGE_V1_50eaef3e-d379-4aed-9fa9-6cc197f9f672,USER_V1_9088aa08-4f86-4a2d-8422-0c9f739ad42e,send_by
684,USER_V1_3a81ce06-2c7a-4335-afd2-da466b53138c,MESSAGE_V1_19cb1e5a-c97e-400e-b15f-907aec587cf7,sender
684,MESSAGE_V1_19cb1e5a-c97e-400e-b15f-907aec587cf7,USER_V1_3a81ce06-2c7a-4335-afd2-da466b53138c,send_by
685,USER_V1_2b0287aa-2c0b-4473-983f-506edc8ba364,MESSAGE_V1_8fee23f7-7320-4e85-99b3-a952a48dfd15,sender
685,MESSAGE_V1_8fee23f7-7320-4e85-99b3-a952a48dfd15,USER_V1_2b0287aa-2c0b-4473-983f-506edc8ba364,send_by
686,USER_V1_d0a3f78d-d6e6-4e47-849d-5cd08f1c7ef0,MESSAGE_V1_f43bd9c5-dfdf-4b1d-a097-e4b3642d12c7,sender
686,MESSAGE_V1_f43bd9c5-dfdf-4b1d-a097-e4b3642d12c7,USER_V1_d0a3f78d-d6e6-4e47-849d-5cd08f1c7ef0,send_by
687,USER_V1_80c444c6-6e10-471d-a534-36f00c7f6557,MESSAGE_V1_6189941b-c5d6-4171-af0d-17d70a653e20,sender
687,MESSAGE_V1_6189941b-c5d6-4171-af0d-17d70a653e20,USER_V1_80c444c6-6e10-471d-a534-36f00c7f6557,send_by
688,USER_V1_1fd4a12c-eeb5-4a94-9689-949ff3e819d5,MESSAGE_V1_763d469f-a96a-4632-8f93-dc2b208c8558,sender
688,MESSAGE_V1_763d469f-a96a-4632-8f93-dc2b208c8558,USER_V1_1fd4a12c-eeb5-4a94-9689-949ff3e819d5,send_by
689,USER_V1_2f951e7c-4a3f-4bf2-a3e7-305762b176a6,MESSAGE_V1_e0e596b0-8840-41a9-84f2-48282674efa1,sender
689,MESSAGE_V1_e0e596b0-8840-41a9-84f2-48282674efa1,USER_V1_2f951e7c-4a3f-4bf2-a3e7-305762b176a6,send_by
690,USER_V1_6489db1e-c258-4d09-8274-3488ac7a55f7,MESSAGE_V1_c1123bd4-38d5-40a9-b52b-e57f827c6519,sender
690,MESSAGE_V1_c1123bd4-38d5-40a9-b52b-e57f827c6519,USER_V1_6489db1e-c258-4d09-8274-3488ac7a55f7,send_by
691,USER_V1_5b3a767c-900d-4d51-8ba1-8a8a0de4d2e2,MESSAGE_V1_db6212d5-0b3e-4579-a834-1b1eee1d945d,sender
691,MESSAGE_V1_db6212d5-0b3e-4579-a834-1b1eee1d945d,USER_V1_5b3a767c-900d-4d51-8ba1-8a8a0de4d2e2,send_by
692,USER_V1_28032c46-2fb0-49f9-b56b-b9944fb831f5,MESSAGE_V1_abbf6055-446a-46d4-b435-b6bc32207306,sender
692,MESSAGE_V1_abbf6055-446a-46d4-b435-b6bc32207306,USER_V1_28032c46-2fb0-49f9-b56b-b9944fb831f5,send_by
693,USER_V1_9af4103b-83b3-420b-b814-552c967a3de6,MESSAGE_V1_1e4eb07c-f1a5-42c2-8e4d-faf459f09e01,sender
693,MESSAGE_V1_1e4eb07c-f1a5-42c2-8e4d-faf459f09e01,USER_V1_9af4103b-83b3-420b-b814-552c967a3de6,send_by
694,USER_V1_5ed77be3-7207-4f6f-8005-d9159302b26e,MESSAGE_V1_4bfaa1e9-c599-4191-9010-0f276f14e88f,sender
694,MESSAGE_V1_4bfaa1e9-c599-4191-9010-0f276f14e88f,USER_V1_5ed77be3-7207-4f6f-8005-d9159302b26e,send_by
695,USER_V1_10b7c220-b230-4572-8f4d-bf91717b2704,MESSAGE_V1_ef254385-e128-4751-83f4-857f6f11f6fe,sender
695,MESSAGE_V1_ef254385-e128-4751-83f4-857f6f11f6fe,USER_V1_10b7c220-b230-4572-8f4d-bf91717b2704,send_by
696,USER_V1_9b76f4d9-de3f-4fdf-a1c4-25c0d6353b07,MESSAGE_V1_f803b927-5f94-4d10-9536-fcf113b6bd0c,sender
696,MESSAGE_V1_f803b927-5f94-4d10-9536-fcf113b6bd0c,USER_V1_9b76f4d9-de3f-4fdf-a1c4-25c0d6353b07,send_by
697,USER_V1_745d6c82-376b-4593-8479-6c32f063ff55,MESSAGE_V1_644227c2-2468-4045-b8d5-11a25aa9aea2,sender
697,MESSAGE_V1_644227c2-2468-4045-b8d5-11a25aa9aea2,USER_V1_745d6c82-376b-4593-8479-6c32f063ff55,send_by
698,USER_V1_282d744a-e016-4253-92ed-f0a23e7569b7,MESSAGE_V1_17c00cd5-ed00-4e47-9629-560dd6a2a691,sender
698,MESSAGE_V1_17c00cd5-ed00-4e47-9629-560dd6a2a691,USER_V1_282d744a-e016-4253-92ed-f0a23e7569b7,send_by
699,USER_V1_696bc8c2-5014-43f0-98bb-5cfe5df1cdea,MESSAGE_V1_32f517a6-cfef-4369-bd6f-cc767fd0bc39,sender
699,MESSAGE_V1_32f517a6-cfef-4369-bd6f-cc767fd0bc39,USER_V1_696bc8c2-5014-43f0-98bb-5cfe5df1cdea,send_by
700,USER_V1_00236708-f532-4e8f-a41c-91e559efa137,MESSAGE_V1_76bad2ba-69ba-4fab-9894-52da63968fc3,sender
700,MESSAGE_V1_76bad2ba-69ba-4fab-9894-52da63968fc3,USER_V1_00236708-f532-4e8f-a41c-91e559efa137,send_by
701,USER_V1_4fed29e6-1a23-4955-8afe-4748cc70d814,MESSAGE_V1_e7c8b3b5-6ee2-49d6-83e1-d18b38e60833,sender
701,MESSAGE_V1_e7c8b3b5-6ee2-49d6-83e1-d18b38e60833,USER_V1_4fed29e6-1a23-4955-8afe-4748cc70d814,send_by
702,USER_V1_7391b60d-8cab-4205-a701-316383b91b6b,MESSAGE_V1_76c68638-8be7-4cbd-9513-43b11b025d82,sender
702,MESSAGE_V1_76c68638-8be7-4cbd-9513-43b11b025d82,USER_V1_7391b60d-8cab-4205-a701-316383b91b6b,send_by
703,USER_V1_41ad4516-06ed-44c6-a701-ebf673915f6f,MESSAGE_V1_80b924e1-d5ae-42e8-aa37-a7b11aea1bbe,sender
703,MESSAGE_V1_80b924e1-d5ae-42e8-aa37-a7b11aea1bbe,USER_V1_41ad4516-06ed-44c6-a701-ebf673915f6f,send_by
704,USER_V1_e9e68910-01ea-4f4c-946f-7eaf96389702,MESSAGE_V1_8ad7a8db-c454-4f50-865e-d0b7ea801ab6,sender
704,MESSAGE_V1_8ad7a8db-c454-4f50-865e-d0b7ea801ab6,USER_V1_e9e68910-01ea-4f4c-946f-7eaf96389702,send_by
705,USER_V1_c073972e-e935-4945-a80e-7eeba7fe996f,MESSAGE_V1_a4bfc1fb-1d41-4417-b02f-06c2b3ebf459,sender
705,MESSAGE_V1_a4bfc1fb-1d41-4417-b02f-06c2b3ebf459,USER_V1_c073972e-e935-4945-a80e-7eeba7fe996f,send_by
706,USER_V1_3bcf9499-0c59-4e05-b977-036beeea6b6c,MESSAGE_V1_4107dd4d-7bd3-4cf8-b1f9-57cee43430d0,sender
706,MESSAGE_V1_4107dd4d-7bd3-4cf8-b1f9-57cee43430d0,USER_V1_3bcf9499-0c59-4e05-b977-036beeea6b6c,send_by
707,USER_V1_d2094669-9998-4882-83d1-04a0e51408bf,MESSAGE_V1_cc232298-5a0f-4a79-b14a-691b2163d247,sender
707,MESSAGE_V1_cc232298-5a0f-4a79-b14a-691b2163d247,USER_V1_d2094669-9998-4882-83d1-04a0e51408bf,send_by
708,USER_V1_68f29c04-cfae-46cd-b2dc-11430bb17cf2,MESSAGE_V1_6c290a7a-c255-439e-ab1a-df080f98d40a,sender
708,MESSAGE_V1_6c290a7a-c255-439e-ab1a-df080f98d40a,USER_V1_68f29c04-cfae-46cd-b2dc-11430bb17cf2,send_by
709,USER_V1_7d28a947-91c4-4a2c-ae5f-8cf02a82e9d0,MESSAGE_V1_a0b23a39-a24a-4209-97be-257861c217dd,sender
709,MESSAGE_V1_a0b23a39-a24a-4209-97be-257861c217dd,USER_V1_7d28a947-91c4-4a2c-ae5f-8cf02a82e9d0,send_by
710,USER_V1_a99c185f-f959-4dc3-a3a0-8d0f3dc319d0,MESSAGE_V1_dcccd50d-85a8-408b-9a70-c38042f7d6dc,sender
710,MESSAGE_V1_dcccd50d-85a8-408b-9a70-c38042f7d6dc,USER_V1_a99c185f-f959-4dc3-a3a0-8d0f3dc319d0,send_by
711,USER_V1_335b492a-022f-4ecc-972b-10550a850610,MESSAGE_V1_17609690-d781-42af-9f99-b9672d746c13,sender
711,MESSAGE_V1_17609690-d781-42af-9f99-b9672d746c13,USER_V1_335b492a-022f-4ecc-972b-10550a850610,send_by
712,USER_V1_bbbf482d-7324-4893-b3e3-2a0938710a64,MESSAGE_V1_90c878df-bc48-4339-a174-ebe3d7cec022,sender
712,MESSAGE_V1_90c878df-bc48-4339-a174-ebe3d7cec022,USER_V1_bbbf482d-7324-4893-b3e3-2a0938710a64,send_by
713,USER_V1_884230de-66c4-4929-b740-c86e5ed33428,MESSAGE_V1_f83fb97f-b8a0-427f-83e9-3b5a78200a51,sender
713,MESSAGE_V1_f83fb97f-b8a0-427f-83e9-3b5a78200a51,USER_V1_884230de-66c4-4929-b740-c86e5ed33428,send_by
714,USER_V1_80d7b54c-7e9a-4884-934b-acf032fd93bf,MESSAGE_V1_2390be5e-9d8d-4874-ac61-5da0e39f7ab0,sender
714,MESSAGE_V1_2390be5e-9d8d-4874-ac61-5da0e39f7ab0,USER_V1_80d7b54c-7e9a-4884-934b-acf032fd93bf,send_by
715,USER_V1_43e55845-0a65-4a06-a336-88b17e615c3b,MESSAGE_V1_31806da0-ae4f-4fa2-82f3-7aff5248ce3a,sender
715,MESSAGE_V1_31806da0-ae4f-4fa2-82f3-7aff5248ce3a,USER_V1_43e55845-0a65-4a06-a336-88b17e615c3b,send_by
716,USER_V1_52f342cf-2e68-4757-a3cc-78c43364b1f5,MESSAGE_V1_87b7546b-6159-4118-8744-e9b62ea31138,sender
716,MESSAGE_V1_87b7546b-6159-4118-8744-e9b62ea31138,USER_V1_52f342cf-2e68-4757-a3cc-78c43364b1f5,send_by
717,USER_V1_fe320acc-d223-4bc0-a7c0-895494541c17,MESSAGE_V1_3e0862c0-d733-4c50-972c-42847614da8d,sender
717,MESSAGE_V1_3e0862c0-d733-4c50-972c-42847614da8d,USER_V1_fe320acc-d223-4bc0-a7c0-895494541c17,send_by
718,USER_V1_8593c17f-6bbf-4ff8-9443-b3def864b549,MESSAGE_V1_2f7e3501-1706-461c-952c-2d36c6498272,sender
718,MESSAGE_V1_2f7e3501-1706-461c-952c-2d36c6498272,USER_V1_8593c17f-6bbf-4ff8-9443-b3def864b549,send_by
719,USER_V1_796c7a48-94f1-41d2-aa2a-66de4612d3f0,MESSAGE_V1_a5aae687-de2c-4166-8b94-2c6434313c0b,sender
719,MESSAGE_V1_a5aae687-de2c-4166-8b94-2c6434313c0b,USER_V1_796c7a48-94f1-41d2-aa2a-66de4612d3f0,send_by
720,USER_V1_debd78f6-e4cf-40e2-931d-af186db63f1f,MESSAGE_V1_6405e04f-f961-41f4-9e48-a08cf870f326,sender
720,MESSAGE_V1_6405e04f-f961-41f4-9e48-a08cf870f326,USER_V1_debd78f6-e4cf-40e2-931d-af186db63f1f,send_by
721,USER_V1_e0f35a67-1c48-4e15-949b-87db2f1a9f66,MESSAGE_V1_08433963-0dea-4a48-906d-f9c1f0cb6775,sender
721,MESSAGE_V1_08433963-0dea-4a48-906d-f9c1f0cb6775,USER_V1_e0f35a67-1c48-4e15-949b-87db2f1a9f66,send_by
722,USER_V1_02ba8dde-1d52-41fb-9f87-56426ed0113c,MESSAGE_V1_66fbf607-836c-4510-af06-45b1b44c45f8,sender
722,MESSAGE_V1_66fbf607-836c-4510-af06-45b1b44c45f8,USER_V1_02ba8dde-1d52-41fb-9f87-56426ed0113c,send_by
723,USER_V1_6ad1ef9f-0632-48b5-91fc-40a26024ed63,MESSAGE_V1_17aecd53-6a6b-481f-aa8b-fd11dd03346d,sender
723,MESSAGE_V1_17aecd53-6a6b-481f-aa8b-fd11dd03346d,USER_V1_6ad1ef9f-0632-48b5-91fc-40a26024ed63,send_by
724,USER_V1_a841fb46-b057-49d5-aac7-8654bb0b3395,MESSAGE_V1_a3d8dd75-355c-436c-8a0a-a871a4afbd8f,sender
724,MESSAGE_V1_a3d8dd75-355c-436c-8a0a-a871a4afbd8f,USER_V1_a841fb46-b057-49d5-aac7-8654bb0b3395,send_by
725,USER_V1_d657fbb3-d337-49b5-b574-65c7f6107149,MESSAGE_V1_955fb70e-9de8-4038-b5d0-1294fe1ae4db,sender
725,MESSAGE_V1_955fb70e-9de8-4038-b5d0-1294fe1ae4db,USER_V1_d657fbb3-d337-49b5-b574-65c7f6107149,send_by
726,USER_V1_3a5d14cc-84b7-4cb2-b5b6-ba3e8195b4cb,MESSAGE_V1_67253682-fa0e-49f5-9e69-974bb13de981,sender
726,MESSAGE_V1_67253682-fa0e-49f5-9e69-974bb13de981,USER_V1_3a5d14cc-84b7-4cb2-b5b6-ba3e8195b4cb,send_by
727,USER_V1_845ca6f2-a190-4b09-9008-440592d23825,MESSAGE_V1_83699646-f65b-490a-82c7-a3a71990381c,sender
727,MESSAGE_V1_83699646-f65b-490a-82c7-a3a71990381c,USER_V1_845ca6f2-a190-4b09-9008-440592d23825,send_by
728,USER_V1_3e36e12b-5435-4132-a629-32628dea3da7,MESSAGE_V1_0b7fdeab-705f-4661-ad2e-0ed1685fcb01,sender
728,MESSAGE_V1_0b7fdeab-705f-4661-ad2e-0ed1685fcb01,USER_V1_3e36e12b-5435-4132-a629-32628dea3da7,send_by
729,USER_V1_8ca22b34-50cd-4bd5-9d4a-79f3c7f4ef3a,MESSAGE_V1_9498b63e-31bd-42bf-9db9-61721207a3d9,sender
729,MESSAGE_V1_9498b63e-31bd-42bf-9db9-61721207a3d9,USER_V1_8ca22b34-50cd-4bd5-9d4a-79f3c7f4ef3a,send_by
730,USER_V1_cbbbec7c-adbb-4232-ae23-00fc8485c81d,MESSAGE_V1_5c63e704-083f-4dd8-a960-41fe03f3472d,sender
730,MESSAGE_V1_5c63e704-083f-4dd8-a960-41fe03f3472d,USER_V1_cbbbec7c-adbb-4232-ae23-00fc8485c81d,send_by
731,USER_V1_c39b0ae9-51d1-4adc-8f91-01fbddb2260e,MESSAGE_V1_34acbb30-602f-4e3f-9899-0db77e1b8641,sender
731,MESSAGE_V1_34acbb30-602f-4e3f-9899-0db77e1b8641,USER_V1_c39b0ae9-51d1-4adc-8f91-01fbddb2260e,send_by
732,USER_V1_f1e1df39-b756-4abe-91c7-2bc8013970df,MESSAGE_V1_74758199-df6b-4c50-9d5d-bd80e42b16b0,sender
732,MESSAGE_V1_74758199-df6b-4c50-9d5d-bd80e42b16b0,USER_V1_f1e1df39-b756-4abe-91c7-2bc8013970df,send_by
733,USER_V1_297f4009-e6ba-43f3-a9b0-26bafc300c9a,MESSAGE_V1_490b86fe-0d1f-40a0-be6b-d0101dcb30b9,sender
733,MESSAGE_V1_490b86fe-0d1f-40a0-be6b-d0101dcb30b9,USER_V1_297f4009-e6ba-43f3-a9b0-26bafc300c9a,send_by
734,USER_V1_e2cdbd90-087e-4448-b873-be0e459eae00,MESSAGE_V1_226a28d7-9316-4cd4-bd46-e0eda8a17689,sender
734,MESSAGE_V1_226a28d7-9316-4cd4-bd46-e0eda8a17689,USER_V1_e2cdbd90-087e-4448-b873-be0e459eae00,send_by
735,USER_V1_33f2ceb6-a04f-4bf0-8031-b23a4d0e83d8,MESSAGE_V1_2e3b2e96-3b4a-4f29-b7bd-0cb28870f6fc,sender
735,MESSAGE_V1_2e3b2e96-3b4a-4f29-b7bd-0cb28870f6fc,USER_V1_33f2ceb6-a04f-4bf0-8031-b23a4d0e83d8,send_by
736,USER_V1_438ea34b-82a3-4e93-94e0-877e466dd526,MESSAGE_V1_aec18f4f-89c6-4e7b-b7e1-7c5cfc21b08f,sender
736,MESSAGE_V1_aec18f4f-89c6-4e7b-b7e1-7c5cfc21b08f,USER_V1_438ea34b-82a3-4e93-94e0-877e466dd526,send_by
737,USER_V1_275d8990-dc3e-403c-8669-d8c8d813541c,MESSAGE_V1_076b1bf1-2637-4219-81b3-c94e08d0dec8,sender
737,MESSAGE_V1_076b1bf1-2637-4219-81b3-c94e08d0dec8,USER_V1_275d8990-dc3e-403c-8669-d8c8d813541c,send_by
738,USER_V1_27c7f33a-b54f-4fff-b941-a698b3e0e401,MESSAGE_V1_9c2ccee4-d34f-4f53-96c8-dd1fd102e6bc,sender
738,MESSAGE_V1_9c2ccee4-d34f-4f53-96c8-dd1fd102e6bc,USER_V1_27c7f33a-b54f-4fff-b941-a698b3e0e401,send_by
739,USER_V1_77f6b125-7265-42f8-8957-6a2b50847b04,MESSAGE_V1_6ead785d-fe90-4d59-9bfe-9961ce738990,sender
739,MESSAGE_V1_6ead785d-fe90-4d59-9bfe-9961ce738990,USER_V1_77f6b125-7265-42f8-8957-6a2b50847b04,send_by
740,USER_V1_28f5b095-4a37-4c14-b6af-ec88a3635195,MESSAGE_V1_c7f34827-37bb-44c3-b471-746bef5b0805,sender
740,MESSAGE_V1_c7f34827-37bb-44c3-b471-746bef5b0805,USER_V1_28f5b095-4a37-4c14-b6af-ec88a3635195,send_by
741,USER_V1_2f31b1e7-9a71-4619-a774-192d64933b4b,MESSAGE_V1_0c2980c8-338b-468e-9aac-65114cade05b,sender
741,MESSAGE_V1_0c2980c8-338b-468e-9aac-65114cade05b,USER_V1_2f31b1e7-9a71-4619-a774-192d64933b4b,send_by
742,USER_V1_84384e69-85d9-4fc9-acea-40a25c47e896,MESSAGE_V1_e9aa4103-a774-4002-aa1e-dac6def0360c,sender
742,MESSAGE_V1_e9aa4103-a774-4002-aa1e-dac6def0360c,USER_V1_84384e69-85d9-4fc9-acea-40a25c47e896,send_by
743,USER_V1_eae51fd8-7682-4db1-b577-e5040015723c,MESSAGE_V1_83d3fd31-043c-41ce-a68d-8ba2aab06188,sender
743,MESSAGE_V1_83d3fd31-043c-41ce-a68d-8ba2aab06188,USER_V1_eae51fd8-7682-4db1-b577-e5040015723c,send_by
744,USER_V1_a6666442-b986-4140-8362-6a464c665fd4,MESSAGE_V1_b938c5bf-951c-4c60-bcd1-ea7f096b54be,sender
744,MESSAGE_V1_b938c5bf-951c-4c60-bcd1-ea7f096b54be,USER_V1_a6666442-b986-4140-8362-6a464c665fd4,send_by
745,USER_V1_6fb9c751-39f3-4c31-ab42-219772b9b1ca,MESSAGE_V1_174fdd4c-a606-4eab-a0db-4f9b73048f9f,sender
745,MESSAGE_V1_174fdd4c-a606-4eab-a0db-4f9b73048f9f,USER_V1_6fb9c751-39f3-4c31-ab42-219772b9b1ca,send_by
746,USER_V1_5399056f-4cdb-4c0c-8de1-fa2afdb7d7fb,MESSAGE_V1_1e00998b-2f64-410c-bd33-0d13972e442b,sender
746,MESSAGE_V1_1e00998b-2f64-410c-bd33-0d13972e442b,USER_V1_5399056f-4cdb-4c0c-8de1-fa2afdb7d7fb,send_by
747,USER_V1_d98161d2-ab31-4a04-af04-6473a1ed2a69,MESSAGE_V1_a682d432-e439-4ced-acc7-983d78d28c01,sender
747,MESSAGE_V1_a682d432-e439-4ced-acc7-983d78d28c01,USER_V1_d98161d2-ab31-4a04-af04-6473a1ed2a69,send_by
748,USER_V1_65a1ea0b-af98-455d-8076-a6d832654c59,MESSAGE_V1_e357f973-5dc8-40e4-bf67-3e083185f8a8,sender
748,MESSAGE_V1_e357f973-5dc8-40e4-bf67-3e083185f8a8,USER_V1_65a1ea0b-af98-455d-8076-a6d832654c59,send_by
749,USER_V1_10eca6f4-c2ec-46de-a644-d6075fb8a6c9,MESSAGE_V1_bd785a17-be61-4e48-a959-33be6012676e,sender
749,MESSAGE_V1_bd785a17-be61-4e48-a959-33be6012676e,USER_V1_10eca6f4-c2ec-46de-a644-d6075fb8a6c9,send_by
750,USER_V1_51430da0-9268-4cef-b0f0-659d0087e43a,MESSAGE_V1_f7868b0b-063c-45d1-8a0a-d967bf81e69c,sender
750,MESSAGE_V1_f7868b0b-063c-45d1-8a0a-d967bf81e69c,USER_V1_51430da0-9268-4cef-b0f0-659d0087e43a,send_by
751,USER_V1_b4104e3a-15e2-484e-a316-a74649db7f13,MESSAGE_V1_1128c793-3f97-42fd-b93a-b8822bd8e583,sender
751,MESSAGE_V1_1128c793-3f97-42fd-b93a-b8822bd8e583,USER_V1_b4104e3a-15e2-484e-a316-a74649db7f13,send_by
752,USER_V1_e10c4b5d-33f2-4e55-a7a6-e40ba5669c76,MESSAGE_V1_281f9b97-d46a-4cfb-b92b-87c5326d3b40,sender
752,MESSAGE_V1_281f9b97-d46a-4cfb-b92b-87c5326d3b40,USER_V1_e10c4b5d-33f2-4e55-a7a6-e40ba5669c76,send_by
753,USER_V1_63ccf85d-c99e-448c-9f53-072b25a0cf0e,MESSAGE_V1_3cf409bd-e2fc-4404-996e-2a23c649292e,sender
753,MESSAGE_V1_3cf409bd-e2fc-4404-996e-2a23c649292e,USER_V1_63ccf85d-c99e-448c-9f53-072b25a0cf0e,send_by
754,USER_V1_40e25193-7325-4313-86f8-c59e9ba64937,MESSAGE_V1_38f720b6-5c58-49e8-9287-3e627cde8998,sender
754,MESSAGE_V1_38f720b6-5c58-49e8-9287-3e627cde8998,USER_V1_40e25193-7325-4313-86f8-c59e9ba64937,send_by
755,USER_V1_bc31d391-f49d-43ce-b029-60c9f1c31731,MESSAGE_V1_60e97381-784d-4aec-9470-c36332e9fda6,sender
755,MESSAGE_V1_60e97381-784d-4aec-9470-c36332e9fda6,USER_V1_bc31d391-f49d-43ce-b029-60c9f1c31731,send_by
756,USER_V1_534fbee4-d09d-4ea8-8d84-b05dbc4a357b,MESSAGE_V1_665fd3d8-9467-4116-9da7-0060af6cd2ca,sender
756,MESSAGE_V1_665fd3d8-9467-4116-9da7-0060af6cd2ca,USER_V1_534fbee4-d09d-4ea8-8d84-b05dbc4a357b,send_by
757,USER_V1_2a069f8e-8eec-4b97-a8a0-b38918e82020,MESSAGE_V1_4918d643-1a16-4d0d-9511-ddd0571dee80,sender
757,MESSAGE_V1_4918d643-1a16-4d0d-9511-ddd0571dee80,USER_V1_2a069f8e-8eec-4b97-a8a0-b38918e82020,send_by
758,USER_V1_4c20de8d-d7bb-4209-90af-c2b160b7db77,MESSAGE_V1_12d3fd17-ab0e-4c87-973b-b25315b88a0e,sender
758,MESSAGE_V1_12d3fd17-ab0e-4c87-973b-b25315b88a0e,USER_V1_4c20de8d-d7bb-4209-90af-c2b160b7db77,send_by
759,USER_V1_1044827c-da1a-42d4-8605-18a479be609e,MESSAGE_V1_292ffd06-70ee-48e1-8ec5-3abcca34b412,sender
759,MESSAGE_V1_292ffd06-70ee-48e1-8ec5-3abcca34b412,USER_V1_1044827c-da1a-42d4-8605-18a479be609e,send_by
760,USER_V1_3bc8f656-0dce-4c3e-baa3-5ff821458c79,MESSAGE_V1_00497917-7b99-4210-a3eb-5e47e0d25e8d,sender
760,MESSAGE_V1_00497917-7b99-4210-a3eb-5e47e0d25e8d,USER_V1_3bc8f656-0dce-4c3e-baa3-5ff821458c79,send_by
761,USER_V1_5a710a11-5ffe-4ed1-886d-7373c29263f4,MESSAGE_V1_82a59132-0454-4b05-98ef-8068c6010b3f,sender
761,MESSAGE_V1_82a59132-0454-4b05-98ef-8068c6010b3f,USER_V1_5a710a11-5ffe-4ed1-886d-7373c29263f4,send_by
762,USER_V1_830eae44-fc69-4859-a7af-aaa6ee442fa4,MESSAGE_V1_6a2ed2e9-b981-46bf-8a0e-7e6fa46e245b,sender
762,MESSAGE_V1_6a2ed2e9-b981-46bf-8a0e-7e6fa46e245b,USER_V1_830eae44-fc69-4859-a7af-aaa6ee442fa4,send_by
763,USER_V1_774fa4f2-b9eb-4c96-a95d-ee26b93bcea0,MESSAGE_V1_793c5d69-b44b-44ec-92c1-7a95f9a64866,sender
763,MESSAGE_V1_793c5d69-b44b-44ec-92c1-7a95f9a64866,USER_V1_774fa4f2-b9eb-4c96-a95d-ee26b93bcea0,send_by
764,USER_V1_db005173-de7a-4bdd-95f8-e318f042acf5,MESSAGE_V1_7fd0beae-db92-4c73-8cc4-71a24a915b37,sender
764,MESSAGE_V1_7fd0beae-db92-4c73-8cc4-71a24a915b37,USER_V1_db005173-de7a-4bdd-95f8-e318f042acf5,send_by
765,USER_V1_82f1b4d6-d07c-4f35-a467-794586af23a5,MESSAGE_V1_30634e42-24e5-4227-a2a0-1e84d1685d77,sender
765,MESSAGE_V1_30634e42-24e5-4227-a2a0-1e84d1685d77,USER_V1_82f1b4d6-d07c-4f35-a467-794586af23a5,send_by
766,USER_V1_57ca4f7f-be99-4eaf-8fd1-22ca5d4c8953,MESSAGE_V1_75ff8894-42ec-4738-86e3-0f275bf1a69f,sender
766,MESSAGE_V1_75ff8894-42ec-4738-86e3-0f275bf1a69f,USER_V1_57ca4f7f-be99-4eaf-8fd1-22ca5d4c8953,send_by
767,USER_V1_91ad4d16-9a15-47ce-9521-b8fe3fa26499,MESSAGE_V1_a0e5ada4-f3d4-446e-847f-cf602e548b67,sender
767,MESSAGE_V1_a0e5ada4-f3d4-446e-847f-cf602e548b67,USER_V1_91ad4d16-9a15-47ce-9521-b8fe3fa26499,send_by
768,USER_V1_620ffde8-148f-47e2-96d6-beafe460b37e,MESSAGE_V1_c1f5fe22-fb4c-4e35-90c4-e3a40e340c33,sender
768,MESSAGE_V1_c1f5fe22-fb4c-4e35-90c4-e3a40e340c33,USER_V1_620ffde8-148f-47e2-96d6-beafe460b37e,send_by
769,USER_V1_a3d15e6e-c3f4-48de-ba2a-2feb92a86f55,MESSAGE_V1_32d5b5ce-80f4-48b4-9abe-50d9b2d918ab,sender
769,MESSAGE_V1_32d5b5ce-80f4-48b4-9abe-50d9b2d918ab,USER_V1_a3d15e6e-c3f4-48de-ba2a-2feb92a86f55,send_by
770,USER_V1_bc1f15b7-e2e1-4a9d-afc1-6575b27dee99,MESSAGE_V1_216d5574-4fcb-45b0-bb37-957c357c440a,sender
770,MESSAGE_V1_216d5574-4fcb-45b0-bb37-957c357c440a,USER_V1_bc1f15b7-e2e1-4a9d-afc1-6575b27dee99,send_by
771,USER_V1_9da5bb07-e5ef-46b3-a044-a72f8c2537fc,MESSAGE_V1_8860185b-a218-4d94-8ba4-1eec030fadd1,sender
771,MESSAGE_V1_8860185b-a218-4d94-8ba4-1eec030fadd1,USER_V1_9da5bb07-e5ef-46b3-a044-a72f8c2537fc,send_by
772,USER_V1_ff525bd5-7268-4b98-9f56-1e49d32e48eb,MESSAGE_V1_9ddee680-558e-4890-8ec3-f663468de213,sender
772,MESSAGE_V1_9ddee680-558e-4890-8ec3-f663468de213,USER_V1_ff525bd5-7268-4b98-9f56-1e49d32e48eb,send_by
773,USER_V1_d334c8c2-25ed-4898-89c9-f2a81115d92e,MESSAGE_V1_4fe3ece1-c2bc-4d24-a781-d0c0df6144a5,sender
773,MESSAGE_V1_4fe3ece1-c2bc-4d24-a781-d0c0df6144a5,USER_V1_d334c8c2-25ed-4898-89c9-f2a81115d92e,send_by
774,USER_V1_833e9c1f-65da-40c0-9fa0-c15819beee11,MESSAGE_V1_f4c68830-956e-4191-a66d-1d564998a6b3,sender
774,MESSAGE_V1_f4c68830-956e-4191-a66d-1d564998a6b3,USER_V1_833e9c1f-65da-40c0-9fa0-c15819beee11,send_by
775,USER_V1_bc305dbd-4c98-47dd-b6a2-7b97d3f4564b,MESSAGE_V1_e5dc0dba-811a-4a9e-96bb-40c6e793b98d,sender
775,MESSAGE_V1_e5dc0dba-811a-4a9e-96bb-40c6e793b98d,USER_V1_bc305dbd-4c98-47dd-b6a2-7b97d3f4564b,send_by
776,USER_V1_bc80d32e-9cd0-4604-88d6-115a38b2f2b3,MESSAGE_V1_216d36e8-cbd2-4fb0-8f16-38e864787feb,sender
776,MESSAGE_V1_216d36e8-cbd2-4fb0-8f16-38e864787feb,USER_V1_bc80d32e-9cd0-4604-88d6-115a38b2f2b3,send_by
777,USER_V1_ec13aa1b-b2e2-4c30-943d-9d357fab0096,MESSAGE_V1_649db81a-d94c-4693-8d23-ae5d06eacb8d,sender
777,MESSAGE_V1_649db81a-d94c-4693-8d23-ae5d06eacb8d,USER_V1_ec13aa1b-b2e2-4c30-943d-9d357fab0096,send_by
778,USER_V1_98027383-8a1b-4219-94c9-83eafc92d643,MESSAGE_V1_db6828c1-b2f6-4698-be2f-708c81987930,sender
778,MESSAGE_V1_db6828c1-b2f6-4698-be2f-708c81987930,USER_V1_98027383-8a1b-4219-94c9-83eafc92d643,send_by
779,USER_V1_87a9b42e-a1c8-4383-aa31-c9f75cf1f649,MESSAGE_V1_a28e9d1d-b028-425e-b4f1-529b32493e8a,sender
779,MESSAGE_V1_a28e9d1d-b028-425e-b4f1-529b32493e8a,USER_V1_87a9b42e-a1c8-4383-aa31-c9f75cf1f649,send_by
780,USER_V1_d700515d-c700-4ab1-bc72-9b52000d3366,MESSAGE_V1_d0da0ba5-9964-414a-aadf-6283021411b4,sender
780,MESSAGE_V1_d0da0ba5-9964-414a-aadf-6283021411b4,USER_V1_d700515d-c700-4ab1-bc72-9b52000d3366,send_by
781,USER_V1_61ed2065-6fa3-4d96-b45d-6ab648b590f1,MESSAGE_V1_d34b8c04-5ec1-4327-a218-13ba7da7faad,sender
781,MESSAGE_V1_d34b8c04-5ec1-4327-a218-13ba7da7faad,USER_V1_61ed2065-6fa3-4d96-b45d-6ab648b590f1,send_by
782,USER_V1_a1ea6626-0bd8-4b26-aea0-da0551750a26,MESSAGE_V1_d81353f6-ec29-4fa9-9aea-d9bdbd7c6e45,sender
782,MESSAGE_V1_d81353f6-ec29-4fa9-9aea-d9bdbd7c6e45,USER_V1_a1ea6626-0bd8-4b26-aea0-da0551750a26,send_by
783,USER_V1_112079b7-df44-4093-8705-83174ea9fa6a,MESSAGE_V1_472286e3-c3a9-409f-b64b-80a0dea5f47a,sender
783,MESSAGE_V1_472286e3-c3a9-409f-b64b-80a0dea5f47a,USER_V1_112079b7-df44-4093-8705-83174ea9fa6a,send_by
784,USER_V1_790ddf77-1985-4312-b006-2e9341adefb2,MESSAGE_V1_217707c6-5fcd-4310-8c82-54db2c516659,sender
784,MESSAGE_V1_217707c6-5fcd-4310-8c82-54db2c516659,USER_V1_790ddf77-1985-4312-b006-2e9341adefb2,send_by
785,USER_V1_3f725431-5e01-4f2d-80cf-4e9933cafb9c,MESSAGE_V1_f0def49d-6238-44f1-ad93-48901deedd39,sender
785,MESSAGE_V1_f0def49d-6238-44f1-ad93-48901deedd39,USER_V1_3f725431-5e01-4f2d-80cf-4e9933cafb9c,send_by
786,USER_V1_c3aede0f-ca11-4e5c-b7db-59d16043cc0d,MESSAGE_V1_5f9f839b-8841-4dfb-8653-e53e972bc0fb,sender
786,MESSAGE_V1_5f9f839b-8841-4dfb-8653-e53e972bc0fb,USER_V1_c3aede0f-ca11-4e5c-b7db-59d16043cc0d,send_by
787,USER_V1_549fc5a1-5492-44f8-a950-3946200e5cba,MESSAGE_V1_34c180e3-3b8f-400c-add7-fd8d7e8b433e,sender
787,MESSAGE_V1_34c180e3-3b8f-400c-add7-fd8d7e8b433e,USER_V1_549fc5a1-5492-44f8-a950-3946200e5cba,send_by
788,USER_V1_cc79a2ed-27f0-42f9-8370-7f2c5ffc57a2,MESSAGE_V1_f35e3e0f-ec5b-4b6e-88d1-96a5a3185d25,sender
788,MESSAGE_V1_f35e3e0f-ec5b-4b6e-88d1-96a5a3185d25,USER_V1_cc79a2ed-27f0-42f9-8370-7f2c5ffc57a2,send_by
789,USER_V1_3d577260-5190-4143-89be-7ef3fac53e4c,MESSAGE_V1_3f0412ed-82d9-4f4e-9416-259b5e1b9f0b,sender
789,MESSAGE_V1_3f0412ed-82d9-4f4e-9416-259b5e1b9f0b,USER_V1_3d577260-5190-4143-89be-7ef3fac53e4c,send_by
790,USER_V1_3599cbb2-c2bc-4d1e-bbc2-a871eeb664b3,MESSAGE_V1_571454d8-a6ce-4b17-b74c-309a5b09cceb,sender
790,MESSAGE_V1_571454d8-a6ce-4b17-b74c-309a5b09cceb,USER_V1_3599cbb2-c2bc-4d1e-bbc2-a871eeb664b3,send_by
791,USER_V1_420be567-03a0-4739-855e-58b26ebc0a42,MESSAGE_V1_40a21b67-64f9-468b-b339-1dd0e3e97b20,sender
791,MESSAGE_V1_40a21b67-64f9-468b-b339-1dd0e3e97b20,USER_V1_420be567-03a0-4739-855e-58b26ebc0a42,send_by
792,USER_V1_af804784-ff2e-4fcb-ac0f-23e708be8a44,MESSAGE_V1_9e023df0-fe1a-4c96-b6c6-939ae30c1a8f,sender
792,MESSAGE_V1_9e023df0-fe1a-4c96-b6c6-939ae30c1a8f,USER_V1_af804784-ff2e-4fcb-ac0f-23e708be8a44,send_by
793,USER_V1_eb3ee45a-f676-434e-b66a-3d60df7ffd69,MESSAGE_V1_a310bec7-2981-4e32-ad45-20faaadadb1f,sender
793,MESSAGE_V1_a310bec7-2981-4e32-ad45-20faaadadb1f,USER_V1_eb3ee45a-f676-434e-b66a-3d60df7ffd69,send_by
794,USER_V1_28cc5191-a33f-4e43-9c9d-14c8ad3ce7f0,MESSAGE_V1_b6c16b96-7ec0-4220-bd79-d5b61068341f,sender
794,MESSAGE_V1_b6c16b96-7ec0-4220-bd79-d5b61068341f,USER_V1_28cc5191-a33f-4e43-9c9d-14c8ad3ce7f0,send_by
795,USER_V1_71d3ade2-fdf5-4534-8fc1-4ee41b0d1f75,MESSAGE_V1_65279c13-913e-402e-922f-8372c949659b,sender
795,MESSAGE_V1_65279c13-913e-402e-922f-8372c949659b,USER_V1_71d3ade2-fdf5-4534-8fc1-4ee41b0d1f75,send_by
796,USER_V1_facd18f5-38cb-4d1b-bb0b-8dd52afd24a5,MESSAGE_V1_a2176546-b250-4dc7-813a-5688d58b86d8,sender
796,MESSAGE_V1_a2176546-b250-4dc7-813a-5688d58b86d8,USER_V1_facd18f5-38cb-4d1b-bb0b-8dd52afd24a5,send_by
797,USER_V1_dd875ff5-689e-40f9-9568-eef75dd68a42,MESSAGE_V1_45db99b2-0880-44a3-8e6c-c897800fbfe5,sender
797,MESSAGE_V1_45db99b2-0880-44a3-8e6c-c897800fbfe5,USER_V1_dd875ff5-689e-40f9-9568-eef75dd68a42,send_by
798,USER_V1_2fc1974a-72e6-4ede-a5c8-f1ac37e93f52,MESSAGE_V1_ce6441a1-dd59-46bc-825a-1f68d50a2ef3,sender
798,MESSAGE_V1_ce6441a1-dd59-46bc-825a-1f68d50a2ef3,USER_V1_2fc1974a-72e6-4ede-a5c8-f1ac37e93f52,send_by
799,USER_V1_5bde2875-7c42-440b-81c8-d69ea0f1dcd7,MESSAGE_V1_b1c6bb55-f3b6-45a4-9f62-d1d28c9982ed,sender
799,MESSAGE_V1_b1c6bb55-f3b6-45a4-9f62-d1d28c9982ed,USER_V1_5bde2875-7c42-440b-81c8-d69ea0f1dcd7,send_by
800,USER_V1_e09910bc-7067-40eb-a9fe-523a7fbeb930,MESSAGE_V1_f7220238-076f-49b9-aeaf-2002d7aec6a8,sender
800,MESSAGE_V1_f7220238-076f-49b9-aeaf-2002d7aec6a8,USER_V1_e09910bc-7067-40eb-a9fe-523a7fbeb930,send_by
801,USER_V1_b82937a3-f426-4758-afb8-3738ee03b96a,MESSAGE_V1_6db62428-4e50-4d9f-99c1-d2789ee84c41,sender
801,MESSAGE_V1_6db62428-4e50-4d9f-99c1-d2789ee84c41,USER_V1_b82937a3-f426-4758-afb8-3738ee03b96a,send_by
802,USER_V1_1ed96d7a-f284-40f9-94de-225f268f42e0,MESSAGE_V1_bdeac412-9d73-4e8f-a955-d6b309501ab7,sender
802,MESSAGE_V1_bdeac412-9d73-4e8f-a955-d6b309501ab7,USER_V1_1ed96d7a-f284-40f9-94de-225f268f42e0,send_by
803,USER_V1_3c2e4b94-75b4-4924-b415-ec070ab49a19,MESSAGE_V1_d5c4bc81-1ca0-402d-a832-33cbc1f38a85,sender
803,MESSAGE_V1_d5c4bc81-1ca0-402d-a832-33cbc1f38a85,USER_V1_3c2e4b94-75b4-4924-b415-ec070ab49a19,send_by
804,USER_V1_a6393f3a-543e-41ff-b50b-d9906f3aee6d,MESSAGE_V1_ba69224f-2368-463c-a4dd-7dbb3c6bde38,sender
804,MESSAGE_V1_ba69224f-2368-463c-a4dd-7dbb3c6bde38,USER_V1_a6393f3a-543e-41ff-b50b-d9906f3aee6d,send_by
805,USER_V1_eef90c00-7a28-4f28-b121-dc2de316d106,MESSAGE_V1_1ce18dac-a547-4362-a957-2f7fe027f9e5,sender
805,MESSAGE_V1_1ce18dac-a547-4362-a957-2f7fe027f9e5,USER_V1_eef90c00-7a28-4f28-b121-dc2de316d106,send_by
806,USER_V1_30d7b615-b3bd-4151-92a1-ca65553cd5f4,MESSAGE_V1_9387fa0a-e452-4e3d-bf36-cc97d8ad3595,sender
806,MESSAGE_V1_9387fa0a-e452-4e3d-bf36-cc97d8ad3595,USER_V1_30d7b615-b3bd-4151-92a1-ca65553cd5f4,send_by
807,USER_V1_cea29c8d-c8e1-456a-9906-c8ac04b8c669,MESSAGE_V1_7725067c-4c9a-43e1-90ab-6e21b35dba98,sender
807,MESSAGE_V1_7725067c-4c9a-43e1-90ab-6e21b35dba98,USER_V1_cea29c8d-c8e1-456a-9906-c8ac04b8c669,send_by
808,USER_V1_05ed0fdf-414a-48d2-967b-099a24fbe438,MESSAGE_V1_2a7f6461-743b-4366-a532-a86332187951,sender
808,MESSAGE_V1_2a7f6461-743b-4366-a532-a86332187951,USER_V1_05ed0fdf-414a-48d2-967b-099a24fbe438,send_by
809,USER_V1_2cd0f4dd-97db-47a0-b594-c011ac9ad3bf,MESSAGE_V1_dd4801d6-a268-4553-8fd8-f5ce6fcb1843,sender
809,MESSAGE_V1_dd4801d6-a268-4553-8fd8-f5ce6fcb1843,USER_V1_2cd0f4dd-97db-47a0-b594-c011ac9ad3bf,send_by
810,USER_V1_7fef4655-9dbb-42d0-b582-85242e32e541,MESSAGE_V1_00b8b8f7-aff0-47a5-b66c-4e969c17e451,sender
810,MESSAGE_V1_00b8b8f7-aff0-47a5-b66c-4e969c17e451,USER_V1_7fef4655-9dbb-42d0-b582-85242e32e541,send_by
811,USER_V1_b2031d47-9b13-418c-8453-4f7ca9b1eb1c,MESSAGE_V1_37d4d148-e276-43b0-95d3-f1eaafd70ca6,sender
811,MESSAGE_V1_37d4d148-e276-43b0-95d3-f1eaafd70ca6,USER_V1_b2031d47-9b13-418c-8453-4f7ca9b1eb1c,send_by
812,USER_V1_b20ee136-ed78-4e61-a9ae-aa00d7b16fe6,MESSAGE_V1_bd856bcf-b1e4-476d-92e9-5f6305381b4f,sender
812,MESSAGE_V1_bd856bcf-b1e4-476d-92e9-5f6305381b4f,USER_V1_b20ee136-ed78-4e61-a9ae-aa00d7b16fe6,send_by
813,USER_V1_b7c1e0d2-a42e-4ddd-8dc7-ea495236a66e,MESSAGE_V1_08e1a9a0-9680-4ca7-b60e-f2fa1e15fc78,sender
813,MESSAGE_V1_08e1a9a0-9680-4ca7-b60e-f2fa1e15fc78,USER_V1_b7c1e0d2-a42e-4ddd-8dc7-ea495236a66e,send_by
814,USER_V1_4818e3fb-89b3-49ee-82ec-c7d28527d083,MESSAGE_V1_06de8a66-9afe-49a8-b6c4-bc410ac962c0,sender
814,MESSAGE_V1_06de8a66-9afe-49a8-b6c4-bc410ac962c0,USER_V1_4818e3fb-89b3-49ee-82ec-c7d28527d083,send_by
815,USER_V1_eec24627-44e0-4018-a486-03ffb8a84b87,MESSAGE_V1_98c35438-5634-4975-b82e-49f835196332,sender
815,MESSAGE_V1_98c35438-5634-4975-b82e-49f835196332,USER_V1_eec24627-44e0-4018-a486-03ffb8a84b87,send_by
816,USER_V1_a3a77f87-8c65-4cbd-b54c-d3a4e3c3788c,MESSAGE_V1_ba3233a3-1662-42fb-aff2-95e93004b072,sender
816,MESSAGE_V1_ba3233a3-1662-42fb-aff2-95e93004b072,USER_V1_a3a77f87-8c65-4cbd-b54c-d3a4e3c3788c,send_by
817,USER_V1_6fa94ced-ec00-4269-952f-4c358d6ebefa,MESSAGE_V1_3c930583-68e2-4999-b380-4bd4f442513a,sender
817,MESSAGE_V1_3c930583-68e2-4999-b380-4bd4f442513a,USER_V1_6fa94ced-ec00-4269-952f-4c358d6ebefa,send_by
818,USER_V1_6526b7a0-c219-4b54-9595-4b850294d6da,MESSAGE_V1_8aba6d84-f217-4ef7-82dd-fdc33742dff2,sender
818,MESSAGE_V1_8aba6d84-f217-4ef7-82dd-fdc33742dff2,USER_V1_6526b7a0-c219-4b54-9595-4b850294d6da,send_by
819,USER_V1_bbe1fe71-e7d9-4320-9f0d-dc9ffb58a37f,MESSAGE_V1_c0c0928f-77c9-4d5e-a3e5-eaf43fe4977b,sender
819,MESSAGE_V1_c0c0928f-77c9-4d5e-a3e5-eaf43fe4977b,USER_V1_bbe1fe71-e7d9-4320-9f0d-dc9ffb58a37f,send_by
820,USER_V1_9be2beb2-0a3d-48aa-924f-8b5f17d27c72,MESSAGE_V1_b733b3b7-71c1-44ef-ad93-74666847fb07,sender
820,MESSAGE_V1_b733b3b7-71c1-44ef-ad93-74666847fb07,USER_V1_9be2beb2-0a3d-48aa-924f-8b5f17d27c72,send_by
821,USER_V1_4b19bdb9-6f43-40e3-a7f0-b44312c65d62,MESSAGE_V1_a514b2db-1ebf-4a15-9f35-1feb4a3ae823,sender
821,MESSAGE_V1_a514b2db-1ebf-4a15-9f35-1feb4a3ae823,USER_V1_4b19bdb9-6f43-40e3-a7f0-b44312c65d62,send_by
822,USER_V1_bc649288-6fe5-4e85-8a0a-9509dbfe59e6,MESSAGE_V1_a1e09e93-6357-4e64-a893-bc25a27a6a18,sender
822,MESSAGE_V1_a1e09e93-6357-4e64-a893-bc25a27a6a18,USER_V1_bc649288-6fe5-4e85-8a0a-9509dbfe59e6,send_by
823,USER_V1_c97eaf25-05e0-474e-a389-719ce827cfdf,MESSAGE_V1_345f8b72-2a4d-4a1c-82c3-ff7644a1d196,sender
823,MESSAGE_V1_345f8b72-2a4d-4a1c-82c3-ff7644a1d196,USER_V1_c97eaf25-05e0-474e-a389-719ce827cfdf,send_by
824,USER_V1_ee3ab8b1-c5b7-4ce9-a76e-2ce1681baddf,MESSAGE_V1_b8ccb801-5e9b-4177-8065-73a59f0cac3f,sender
824,MESSAGE_V1_b8ccb801-5e9b-4177-8065-73a59f0cac3f,USER_V1_ee3ab8b1-c5b7-4ce9-a76e-2ce1681baddf,send_by
825,USER_V1_4f809e5d-667c-4466-96aa-f23784517946,MESSAGE_V1_aaa7f2b8-8d7c-46a0-8f4a-174b1788ae3c,sender
825,MESSAGE_V1_aaa7f2b8-8d7c-46a0-8f4a-174b1788ae3c,USER_V1_4f809e5d-667c-4466-96aa-f23784517946,send_by
826,USER_V1_f15933bd-2ef2-455b-b5a9-d98db76430e9,MESSAGE_V1_243af332-5dcb-4646-84f8-eaeaabf725d8,sender
826,MESSAGE_V1_243af332-5dcb-4646-84f8-eaeaabf725d8,USER_V1_f15933bd-2ef2-455b-b5a9-d98db76430e9,send_by
827,USER_V1_5f35f0b4-41ba-4117-a931-4622b7349d24,MESSAGE_V1_48816526-6e5c-4200-98e4-e7cc7e6c8013,sender
827,MESSAGE_V1_48816526-6e5c-4200-98e4-e7cc7e6c8013,USER_V1_5f35f0b4-41ba-4117-a931-4622b7349d24,send_by
828,USER_V1_625838fd-aec6-4570-bc32-29939c7aec09,MESSAGE_V1_2f959d96-777b-464b-bcb0-6e9ff6790347,sender
828,MESSAGE_V1_2f959d96-777b-464b-bcb0-6e9ff6790347,USER_V1_625838fd-aec6-4570-bc32-29939c7aec09,send_by
829,USER_V1_9591014a-e073-4bac-acdd-7345bcc1d6d1,MESSAGE_V1_5f1c0da9-76ba-4e82-be21-920447cfe0ce,sender
829,MESSAGE_V1_5f1c0da9-76ba-4e82-be21-920447cfe0ce,USER_V1_9591014a-e073-4bac-acdd-7345bcc1d6d1,send_by
830,USER_V1_e8888eae-ac64-4d54-b9e4-75b511843651,MESSAGE_V1_0bbc054a-9746-4982-be3d-db41e5f71426,sender
830,MESSAGE_V1_0bbc054a-9746-4982-be3d-db41e5f71426,USER_V1_e8888eae-ac64-4d54-b9e4-75b511843651,send_by
831,USER_V1_c94e2fb3-68e7-4642-a2a7-83b93c47d2ab,MESSAGE_V1_a350f7a8-99ca-4189-98b9-2c19e9000dfc,sender
831,MESSAGE_V1_a350f7a8-99ca-4189-98b9-2c19e9000dfc,USER_V1_c94e2fb3-68e7-4642-a2a7-83b93c47d2ab,send_by
832,USER_V1_03ce1918-c801-4ebb-96bf-b88efefc496b,MESSAGE_V1_9b4bf003-5f00-441a-b187-c878dbf78525,sender
832,MESSAGE_V1_9b4bf003-5f00-441a-b187-c878dbf78525,USER_V1_03ce1918-c801-4ebb-96bf-b88efefc496b,send_by
833,USER_V1_d29b5e0d-2487-4389-80f1-3116689fc749,MESSAGE_V1_3bed1e09-b188-4660-a420-7822aab5c106,sender
833,MESSAGE_V1_3bed1e09-b188-4660-a420-7822aab5c106,USER_V1_d29b5e0d-2487-4389-80f1-3116689fc749,send_by
834,USER_V1_e295b6cd-0b0b-409b-886e-b6a2b4ef2994,MESSAGE_V1_34fdf919-648a-4cce-b98e-0875980e9806,sender
834,MESSAGE_V1_34fdf919-648a-4cce-b98e-0875980e9806,USER_V1_e295b6cd-0b0b-409b-886e-b6a2b4ef2994,send_by
835,USER_V1_1ba6b747-60fb-4917-b345-4ed53ec959aa,MESSAGE_V1_3f1bf359-0c4b-4e9a-8ee3-8b7301de2666,sender
835,MESSAGE_V1_3f1bf359-0c4b-4e9a-8ee3-8b7301de2666,USER_V1_1ba6b747-60fb-4917-b345-4ed53ec959aa,send_by
836,USER_V1_6de8b749-6fe1-472b-9cf6-016ff15dac5b,MESSAGE_V1_b08de57a-57b1-484c-a2f6-ea9d3dcbfb44,sender
836,MESSAGE_V1_b08de57a-57b1-484c-a2f6-ea9d3dcbfb44,USER_V1_6de8b749-6fe1-472b-9cf6-016ff15dac5b,send_by
837,USER_V1_4de920ba-0711-4533-8a1f-04645eda5f9b,MESSAGE_V1_a9a3430b-b0eb-4aa6-8746-208a6b4a4d4c,sender
837,MESSAGE_V1_a9a3430b-b0eb-4aa6-8746-208a6b4a4d4c,USER_V1_4de920ba-0711-4533-8a1f-04645eda5f9b,send_by
838,USER_V1_2de0742a-3627-4c2f-840f-16247401ee06,MESSAGE_V1_fd199ee5-0d65-4b81-beec-b063996a9977,sender
838,MESSAGE_V1_fd199ee5-0d65-4b81-beec-b063996a9977,USER_V1_2de0742a-3627-4c2f-840f-16247401ee06,send_by
839,USER_V1_bc9e09f3-82f7-4dac-afae-34373e391012,MESSAGE_V1_3b3dd2a5-289d-45b6-9fc5-f5c5c5bcf8fe,sender
839,MESSAGE_V1_3b3dd2a5-289d-45b6-9fc5-f5c5c5bcf8fe,USER_V1_bc9e09f3-82f7-4dac-afae-34373e391012,send_by
840,USER_V1_7f61b132-c163-4395-9a72-ed8a61e9112d,MESSAGE_V1_f526f2aa-12bf-407a-ac46-f5b2d876bd4c,sender
840,MESSAGE_V1_f526f2aa-12bf-407a-ac46-f5b2d876bd4c,USER_V1_7f61b132-c163-4395-9a72-ed8a61e9112d,send_by
841,USER_V1_c17de12a-75a8-4ca5-b6b5-66b55d0e42ae,MESSAGE_V1_f102efb1-585b-4ce4-86ac-f67cbe064751,sender
841,MESSAGE_V1_f102efb1-585b-4ce4-86ac-f67cbe064751,USER_V1_c17de12a-75a8-4ca5-b6b5-66b55d0e42ae,send_by
842,USER_V1_bab47b94-51eb-44c6-8cf2-563ccd585c3e,MESSAGE_V1_fd21ad24-09b6-42a8-808a-e2ae6ba23687,sender
842,MESSAGE_V1_fd21ad24-09b6-42a8-808a-e2ae6ba23687,USER_V1_bab47b94-51eb-44c6-8cf2-563ccd585c3e,send_by
843,USER_V1_bc4687cb-c47d-4baa-a927-59ab421ecc09,MESSAGE_V1_ac11a1ba-cba7-4df9-a053-f6c4b213c7c0,sender
843,MESSAGE_V1_ac11a1ba-cba7-4df9-a053-f6c4b213c7c0,USER_V1_bc4687cb-c47d-4baa-a927-59ab421ecc09,send_by
844,USER_V1_94aeb158-0d77-412f-8b60-0dc5991a6332,MESSAGE_V1_bdccc638-16a1-418d-8644-46236c4b46ed,sender
844,MESSAGE_V1_bdccc638-16a1-418d-8644-46236c4b46ed,USER_V1_94aeb158-0d77-412f-8b60-0dc5991a6332,send_by
845,USER_V1_c7f354df-f63a-401a-8ac3-d4905c03a57c,MESSAGE_V1_061530da-4cb3-436c-a42f-8cd2ca977cd0,sender
845,MESSAGE_V1_061530da-4cb3-436c-a42f-8cd2ca977cd0,USER_V1_c7f354df-f63a-401a-8ac3-d4905c03a57c,send_by
846,USER_V1_01a840c8-2dd3-4971-8447-e1d1634257e4,MESSAGE_V1_ea29863e-a639-4a21-8251-6396a99570cf,sender
846,MESSAGE_V1_ea29863e-a639-4a21-8251-6396a99570cf,USER_V1_01a840c8-2dd3-4971-8447-e1d1634257e4,send_by
847,USER_V1_7958e648-825b-46b4-85c3-c5ebdc0ed6d8,MESSAGE_V1_e9c6033d-25db-44bc-8415-96a372c076d8,sender
847,MESSAGE_V1_e9c6033d-25db-44bc-8415-96a372c076d8,USER_V1_7958e648-825b-46b4-85c3-c5ebdc0ed6d8,send_by
848,USER_V1_743fc038-6a49-468f-a312-fe7d11e5ff92,MESSAGE_V1_2bef0a9b-7a8b-4d58-bc65-636dbe563ba2,sender
848,MESSAGE_V1_2bef0a9b-7a8b-4d58-bc65-636dbe563ba2,USER_V1_743fc038-6a49-468f-a312-fe7d11e5ff92,send_by
849,USER_V1_001e213d-2280-4062-9a45-c2321f69c50a,MESSAGE_V1_7b746bbb-510a-412c-840e-03abc790ebcf,sender
849,MESSAGE_V1_7b746bbb-510a-412c-840e-03abc790ebcf,USER_V1_001e213d-2280-4062-9a45-c2321f69c50a,send_by
850,USER_V1_1d4031a2-779a-4a65-a524-2c6af40b7078,MESSAGE_V1_c32732a0-b691-4cac-b0ae-05a683105a92,sender
850,MESSAGE_V1_c32732a0-b691-4cac-b0ae-05a683105a92,USER_V1_1d4031a2-779a-4a65-a524-2c6af40b7078,send_by
851,USER_V1_29ca8d31-c250-450b-b44b-c55de4c59231,MESSAGE_V1_0904dd16-9f4e-45c9-83f2-cf1ea9ed3fe9,sender
851,MESSAGE_V1_0904dd16-9f4e-45c9-83f2-cf1ea9ed3fe9,USER_V1_29ca8d31-c250-450b-b44b-c55de4c59231,send_by
852,USER_V1_009fc377-5e2f-4089-ab66-e3c5e377f255,MESSAGE_V1_79162906-9707-4bec-8981-259a1f210228,sender
852,MESSAGE_V1_79162906-9707-4bec-8981-259a1f210228,USER_V1_009fc377-5e2f-4089-ab66-e3c5e377f255,send_by
853,USER_V1_d95e6582-0bca-4c2e-8df4-08f0dc07c37a,MESSAGE_V1_a5c67bfa-7e42-42f8-bcc6-605d18fabd52,sender
853,MESSAGE_V1_a5c67bfa-7e42-42f8-bcc6-605d18fabd52,USER_V1_d95e6582-0bca-4c2e-8df4-08f0dc07c37a,send_by
854,USER_V1_cc6d661f-63c1-42d3-b538-78b574764313,MESSAGE_V1_dfc0ee45-0176-4ce7-975b-57b8d1d22e96,sender
854,MESSAGE_V1_dfc0ee45-0176-4ce7-975b-57b8d1d22e96,USER_V1_cc6d661f-63c1-42d3-b538-78b574764313,send_by
855,USER_V1_2e5460ef-1d34-4ddb-9aae-1622352c8133,MESSAGE_V1_c9ab015e-e0ef-4dd0-a71e-ff0ffb094d6b,sender
855,MESSAGE_V1_c9ab015e-e0ef-4dd0-a71e-ff0ffb094d6b,USER_V1_2e5460ef-1d34-4ddb-9aae-1622352c8133,send_by
856,USER_V1_ecb68c5f-7f87-43cf-a983-f658e3c29648,MESSAGE_V1_786c1b9f-6cbb-43b9-9ff5-e9ce361c9518,sender
856,MESSAGE_V1_786c1b9f-6cbb-43b9-9ff5-e9ce361c9518,USER_V1_ecb68c5f-7f87-43cf-a983-f658e3c29648,send_by
857,USER_V1_28580689-6785-4485-9d13-3415dfcade90,MESSAGE_V1_7334aced-d2bb-4e76-8c22-ff77688174ea,sender
857,MESSAGE_V1_7334aced-d2bb-4e76-8c22-ff77688174ea,USER_V1_28580689-6785-4485-9d13-3415dfcade90,send_by
858,USER_V1_82e72625-4c94-48e3-9a05-f242bc9b4a87,MESSAGE_V1_5433ef13-e8ad-493e-a9ca-1329b11ce475,sender
858,MESSAGE_V1_5433ef13-e8ad-493e-a9ca-1329b11ce475,USER_V1_82e72625-4c94-48e3-9a05-f242bc9b4a87,send_by
859,USER_V1_eb0a0831-43bd-452e-9e1e-ba84e089fc85,MESSAGE_V1_0033691e-ea61-4027-a9cd-f8fa995444a6,sender
859,MESSAGE_V1_0033691e-ea61-4027-a9cd-f8fa995444a6,USER_V1_eb0a0831-43bd-452e-9e1e-ba84e089fc85,send_by
860,USER_V1_475aec53-6ad2-44bd-a7c0-5bdbe58b4a35,MESSAGE_V1_bc557233-654f-40e4-b4c7-385523abe04d,sender
860,MESSAGE_V1_bc557233-654f-40e4-b4c7-385523abe04d,USER_V1_475aec53-6ad2-44bd-a7c0-5bdbe58b4a35,send_by
861,USER_V1_b1f39a24-ac65-4338-9542-f5e6349de56d,MESSAGE_V1_e8f29d9f-2c92-48e4-a42f-334fa93cb9f8,sender
861,MESSAGE_V1_e8f29d9f-2c92-48e4-a42f-334fa93cb9f8,USER_V1_b1f39a24-ac65-4338-9542-f5e6349de56d,send_by
862,USER_V1_4e0c7147-b157-42bc-b758-076220ec06e9,MESSAGE_V1_9b8f8f9b-c08f-4760-a4ce-0d770736afef,sender
862,MESSAGE_V1_9b8f8f9b-c08f-4760-a4ce-0d770736afef,USER_V1_4e0c7147-b157-42bc-b758-076220ec06e9,send_by
863,USER_V1_769a50ef-2aed-45f3-8bb7-84776ccc63f9,MESSAGE_V1_6bf20d5b-1c02-4ba6-8cc7-f18efa39de97,sender
863,MESSAGE_V1_6bf20d5b-1c02-4ba6-8cc7-f18efa39de97,USER_V1_769a50ef-2aed-45f3-8bb7-84776ccc63f9,send_by
864,USER_V1_934a8cd4-ff3b-4506-8855-e47d184b13d0,MESSAGE_V1_8edf9d8c-3316-47df-a716-365d2f8beb75,sender
864,MESSAGE_V1_8edf9d8c-3316-47df-a716-365d2f8beb75,USER_V1_934a8cd4-ff3b-4506-8855-e47d184b13d0,send_by
865,USER_V1_7ddb8539-ab6a-4020-9b95-dc27d34caa23,MESSAGE_V1_4aba0dca-855a-470f-9e85-3e9fbb32510b,sender
865,MESSAGE_V1_4aba0dca-855a-470f-9e85-3e9fbb32510b,USER_V1_7ddb8539-ab6a-4020-9b95-dc27d34caa23,send_by
866,USER_V1_83ad6149-3516-437e-95da-9dd962f56e19,MESSAGE_V1_0c178be7-43b1-4eec-9455-2b0a63787bd4,sender
866,MESSAGE_V1_0c178be7-43b1-4eec-9455-2b0a63787bd4,USER_V1_83ad6149-3516-437e-95da-9dd962f56e19,send_by
867,USER_V1_20f0d2c0-0024-4c2d-9fa7-7fa2e3d57d14,MESSAGE_V1_7f9c91c7-cb07-402c-9a84-7515fd2280c5,sender
867,MESSAGE_V1_7f9c91c7-cb07-402c-9a84-7515fd2280c5,USER_V1_20f0d2c0-0024-4c2d-9fa7-7fa2e3d57d14,send_by
868,USER_V1_edc41896-883e-4eeb-ba05-ee63bee52cb4,MESSAGE_V1_72676ba0-fe55-4221-b744-3a8f0f4ba117,sender
868,MESSAGE_V1_72676ba0-fe55-4221-b744-3a8f0f4ba117,USER_V1_edc41896-883e-4eeb-ba05-ee63bee52cb4,send_by
869,USER_V1_1f319a8b-357e-4e0b-a1e0-11b4d06c7d90,MESSAGE_V1_1b7f3f50-0e8e-486a-bf39-9e136ad44e90,sender
869,MESSAGE_V1_1b7f3f50-0e8e-486a-bf39-9e136ad44e90,USER_V1_1f319a8b-357e-4e0b-a1e0-11b4d06c7d90,send_by
870,USER_V1_2a43ceb1-ecf0-42e2-9052-e965979aefb0,MESSAGE_V1_1d0d91d1-0886-43f4-8184-a8e97fcf627c,sender
870,MESSAGE_V1_1d0d91d1-0886-43f4-8184-a8e97fcf627c,USER_V1_2a43ceb1-ecf0-42e2-9052-e965979aefb0,send_by
871,USER_V1_9c6b3c17-7b89-4d59-a88f-655aa285343c,MESSAGE_V1_6abac703-ec93-44e5-91e9-3a2976f33ccd,sender
871,MESSAGE_V1_6abac703-ec93-44e5-91e9-3a2976f33ccd,USER_V1_9c6b3c17-7b89-4d59-a88f-655aa285343c,send_by
872,USER_V1_d25ac476-50b6-41ba-86e0-284d56081d2c,MESSAGE_V1_2265cb01-5a11-4c08-bde2-2663761d9eb7,sender
872,MESSAGE_V1_2265cb01-5a11-4c08-bde2-2663761d9eb7,USER_V1_d25ac476-50b6-41ba-86e0-284d56081d2c,send_by
873,USER_V1_59ba40b8-1641-4f32-a7bc-81b95ded4fb4,MESSAGE_V1_f0257cdd-fbc0-4bb3-8c47-dfa3d61decf5,sender
873,MESSAGE_V1_f0257cdd-fbc0-4bb3-8c47-dfa3d61decf5,USER_V1_59ba40b8-1641-4f32-a7bc-81b95ded4fb4,send_by
874,USER_V1_4b4f8395-578e-47f5-a627-7a4b3ad37575,MESSAGE_V1_3e1e28ca-eb82-4186-aa78-3a17996a3e57,sender
874,MESSAGE_V1_3e1e28ca-eb82-4186-aa78-3a17996a3e57,USER_V1_4b4f8395-578e-47f5-a627-7a4b3ad37575,send_by
875,USER_V1_21a5321a-ba38-429b-98ff-5d0ca97adaff,MESSAGE_V1_bd43ab8f-85f4-4616-be56-c5de04a50639,sender
875,MESSAGE_V1_bd43ab8f-85f4-4616-be56-c5de04a50639,USER_V1_21a5321a-ba38-429b-98ff-5d0ca97adaff,send_by
876,USER_V1_0975b640-a340-40bf-bd95-b35ffad188b7,MESSAGE_V1_c697c648-7fad-4c33-ad1e-8c9c11043200,sender
876,MESSAGE_V1_c697c648-7fad-4c33-ad1e-8c9c11043200,USER_V1_0975b640-a340-40bf-bd95-b35ffad188b7,send_by
877,USER_V1_d343e839-b5a7-4434-a1df-e76f9587f886,MESSAGE_V1_b08d2cfa-b514-466d-b63c-d381c2340547,sender
877,MESSAGE_V1_b08d2cfa-b514-466d-b63c-d381c2340547,USER_V1_d343e839-b5a7-4434-a1df-e76f9587f886,send_by
878,USER_V1_0da9ff65-445f-4d70-8217-853160cde103,MESSAGE_V1_36ca150a-74f9-4dee-a353-1dd35a29fdde,sender
878,MESSAGE_V1_36ca150a-74f9-4dee-a353-1dd35a29fdde,USER_V1_0da9ff65-445f-4d70-8217-853160cde103,send_by
879,USER_V1_812f2187-0836-4ec5-a69a-e8a2e967735b,MESSAGE_V1_f95c416d-cdde-453f-b943-99b59da73b7d,sender
879,MESSAGE_V1_f95c416d-cdde-453f-b943-99b59da73b7d,USER_V1_812f2187-0836-4ec5-a69a-e8a2e967735b,send_by
880,USER_V1_e4c971ba-1202-4059-bbaa-4a4198869a99,MESSAGE_V1_dbcdb389-e9e0-4020-9ebc-1d624334c712,sender
880,MESSAGE_V1_dbcdb389-e9e0-4020-9ebc-1d624334c712,USER_V1_e4c971ba-1202-4059-bbaa-4a4198869a99,send_by
881,USER_V1_d801d8e3-f17a-4b55-9c79-6fdcc31d0bd8,MESSAGE_V1_06d3989f-4b85-4254-b28a-8319b9ba5d56,sender
881,MESSAGE_V1_06d3989f-4b85-4254-b28a-8319b9ba5d56,USER_V1_d801d8e3-f17a-4b55-9c79-6fdcc31d0bd8,send_by
882,USER_V1_081b46ad-a43e-476d-b7b8-70316d85662d,MESSAGE_V1_6e413da2-7889-4c7a-a4ba-ff5e4b1469dc,sender
882,MESSAGE_V1_6e413da2-7889-4c7a-a4ba-ff5e4b1469dc,USER_V1_081b46ad-a43e-476d-b7b8-70316d85662d,send_by
883,USER_V1_72c9b71b-16f2-4a20-b6e2-423ba32f1f3f,MESSAGE_V1_b59de080-95ee-4c1d-9580-cde69c4d9eaf,sender
883,MESSAGE_V1_b59de080-95ee-4c1d-9580-cde69c4d9eaf,USER_V1_72c9b71b-16f2-4a20-b6e2-423ba32f1f3f,send_by
884,USER_V1_5a3b9161-6523-4e7a-90d3-7c308b10ce2f,MESSAGE_V1_a73cb937-a6e1-4391-aaab-7f7e36fccdb9,sender
884,MESSAGE_V1_a73cb937-a6e1-4391-aaab-7f7e36fccdb9,USER_V1_5a3b9161-6523-4e7a-90d3-7c308b10ce2f,send_by
885,USER_V1_fa6e0f56-5a65-42c3-9f6e-44d754805c15,MESSAGE_V1_e1eb9c85-1dc1-47d4-a55d-cbb83f7082b9,sender
885,MESSAGE_V1_e1eb9c85-1dc1-47d4-a55d-cbb83f7082b9,USER_V1_fa6e0f56-5a65-42c3-9f6e-44d754805c15,send_by
886,USER_V1_e3232601-e132-4244-94a7-85a99a358066,MESSAGE_V1_0c3a312f-ce63-4978-a75a-081eeab983a4,sender
886,MESSAGE_V1_0c3a312f-ce63-4978-a75a-081eeab983a4,USER_V1_e3232601-e132-4244-94a7-85a99a358066,send_by
887,USER_V1_df6ad143-e3d6-44f2-8895-663e2685035b,MESSAGE_V1_a5948ea0-0bac-4e3c-84c4-ebb82759b444,sender
887,MESSAGE_V1_a5948ea0-0bac-4e3c-84c4-ebb82759b444,USER_V1_df6ad143-e3d6-44f2-8895-663e2685035b,send_by
888,USER_V1_29e93400-dcdf-4cb0-aa08-23b6fe681a0f,MESSAGE_V1_56f621f2-b946-42df-96a7-513e43e6ec64,sender
888,MESSAGE_V1_56f621f2-b946-42df-96a7-513e43e6ec64,USER_V1_29e93400-dcdf-4cb0-aa08-23b6fe681a0f,send_by
889,USER_V1_6bcb1647-97bf-44b8-a278-e3511f8b2643,MESSAGE_V1_c7075db7-d333-4822-bcd3-4dd781f75df9,sender
889,MESSAGE_V1_c7075db7-d333-4822-bcd3-4dd781f75df9,USER_V1_6bcb1647-97bf-44b8-a278-e3511f8b2643,send_by
890,USER_V1_ea23cf7a-a3e1-4c43-8a05-f32c6bee8b6c,MESSAGE_V1_ab228c95-7a61-4d99-945e-55dc271823cd,sender
890,MESSAGE_V1_ab228c95-7a61-4d99-945e-55dc271823cd,USER_V1_ea23cf7a-a3e1-4c43-8a05-f32c6bee8b6c,send_by
891,USER_V1_e034ec25-3262-48a5-a33a-7aedfe137030,MESSAGE_V1_b44fd3bf-fd5f-4e63-8be4-e99ef6f8a0f0,sender
891,MESSAGE_V1_b44fd3bf-fd5f-4e63-8be4-e99ef6f8a0f0,USER_V1_e034ec25-3262-48a5-a33a-7aedfe137030,send_by
892,USER_V1_5d6a46a7-e6f7-4dbc-970d-5bc736e46d5f,MESSAGE_V1_a0418040-e84a-4f2b-ad94-21bf91606a26,sender
892,MESSAGE_V1_a0418040-e84a-4f2b-ad94-21bf91606a26,USER_V1_5d6a46a7-e6f7-4dbc-970d-5bc736e46d5f,send_by
893,USER_V1_2bce3619-5358-4114-8669-0b2cc3bd95d9,MESSAGE_V1_64946a98-e3d3-4a79-ae11-f28cdc5f1b6a,sender
893,MESSAGE_V1_64946a98-e3d3-4a79-ae11-f28cdc5f1b6a,USER_V1_2bce3619-5358-4114-8669-0b2cc3bd95d9,send_by
894,USER_V1_693be0d3-2f0c-477d-b880-f2a9dbc8309a,MESSAGE_V1_56fd3059-fd8c-4d5b-964b-2e3cf0b96361,sender
894,MESSAGE_V1_56fd3059-fd8c-4d5b-964b-2e3cf0b96361,USER_V1_693be0d3-2f0c-477d-b880-f2a9dbc8309a,send_by
895,USER_V1_d19078cd-badb-4672-809e-00fee4086c8c,MESSAGE_V1_ea1f07f6-2808-49fd-8b99-3566ee941eec,sender
895,MESSAGE_V1_ea1f07f6-2808-49fd-8b99-3566ee941eec,USER_V1_d19078cd-badb-4672-809e-00fee4086c8c,send_by
896,USER_V1_cfa9b7df-e4eb-4303-863f-95c713eaa8ce,MESSAGE_V1_978912ae-3c32-4cae-b9b4-d78213b2381a,sender
896,MESSAGE_V1_978912ae-3c32-4cae-b9b4-d78213b2381a,USER_V1_cfa9b7df-e4eb-4303-863f-95c713eaa8ce,send_by
897,USER_V1_3d5ad817-f2ea-4f0a-9a5c-b83fe3a83a70,MESSAGE_V1_c6506336-98ec-4752-aab8-5d1c85fff62d,sender
897,MESSAGE_V1_c6506336-98ec-4752-aab8-5d1c85fff62d,USER_V1_3d5ad817-f2ea-4f0a-9a5c-b83fe3a83a70,send_by
898,USER_V1_38191136-b5d0-4109-b62b-2d3b46691c49,MESSAGE_V1_e6f835bc-d043-4906-972b-4769ddbb5aa5,sender
898,MESSAGE_V1_e6f835bc-d043-4906-972b-4769ddbb5aa5,USER_V1_38191136-b5d0-4109-b62b-2d3b46691c49,send_by
899,USER_V1_de953a92-26c2-4830-a5ed-795ec50f4b51,MESSAGE_V1_1396881e-c7ff-4f40-83be-166cf211ba05,sender
899,MESSAGE_V1_1396881e-c7ff-4f40-83be-166cf211ba05,USER_V1_de953a92-26c2-4830-a5ed-795ec50f4b51,send_by
900,USER_V1_d3cbb42f-42bf-496f-8c4b-cf135a4a9803,MESSAGE_V1_462cc20f-9012-4e70-bb16-f04288256786,sender
900,MESSAGE_V1_462cc20f-9012-4e70-bb16-f04288256786,USER_V1_d3cbb42f-42bf-496f-8c4b-cf135a4a9803,send_by
901,USER_V1_346fc161-2d0b-42f8-bec4-85c08c167d22,MESSAGE_V1_0c746d8f-0712-4a42-8ff6-e83201ed07a8,sender
901,MESSAGE_V1_0c746d8f-0712-4a42-8ff6-e83201ed07a8,USER_V1_346fc161-2d0b-42f8-bec4-85c08c167d22,send_by
902,USER_V1_81616b96-be6d-4e66-bb5c-d77e26792654,MESSAGE_V1_a1ac1324-9153-447e-8825-f5669b37e608,sender
902,MESSAGE_V1_a1ac1324-9153-447e-8825-f5669b37e608,USER_V1_81616b96-be6d-4e66-bb5c-d77e26792654,send_by
903,USER_V1_40a71614-c784-4def-878a-97287c46c778,MESSAGE_V1_cf201dd5-e1d0-4e56-8c3b-9021ba2c4167,sender
903,MESSAGE_V1_cf201dd5-e1d0-4e56-8c3b-9021ba2c4167,USER_V1_40a71614-c784-4def-878a-97287c46c778,send_by
904,USER_V1_36444a4c-1b5f-4581-b747-6b7a167d4d27,MESSAGE_V1_e13031d4-eb3a-4f4b-bd65-7b9d5fb8a94b,sender
904,MESSAGE_V1_e13031d4-eb3a-4f4b-bd65-7b9d5fb8a94b,USER_V1_36444a4c-1b5f-4581-b747-6b7a167d4d27,send_by
905,USER_V1_ea316b35-5ab0-4935-9206-ab1563c7b459,MESSAGE_V1_2d1fc87a-d144-4806-af8f-59c9767c3578,sender
905,MESSAGE_V1_2d1fc87a-d144-4806-af8f-59c9767c3578,USER_V1_ea316b35-5ab0-4935-9206-ab1563c7b459,send_by
906,USER_V1_7807f7fd-b7bc-4323-bf79-15fd3b1fde3a,MESSAGE_V1_ff1f5239-cf52-45b4-9937-350d784da9e9,sender
906,MESSAGE_V1_ff1f5239-cf52-45b4-9937-350d784da9e9,USER_V1_7807f7fd-b7bc-4323-bf79-15fd3b1fde3a,send_by
907,USER_V1_5a108adb-e82f-496a-9b33-a417dd94d79a,MESSAGE_V1_4e243a56-6697-412a-93a4-cddc52906cf2,sender
907,MESSAGE_V1_4e243a56-6697-412a-93a4-cddc52906cf2,USER_V1_5a108adb-e82f-496a-9b33-a417dd94d79a,send_by
908,USER_V1_29d669f0-b1f2-481b-bffb-7c1e52d5cdf7,MESSAGE_V1_d15b7c91-b0f0-4516-b496-a81ffb106fb7,sender
908,MESSAGE_V1_d15b7c91-b0f0-4516-b496-a81ffb106fb7,USER_V1_29d669f0-b1f2-481b-bffb-7c1e52d5cdf7,send_by
909,USER_V1_b8bc4e3e-e26d-4ee9-8997-742c0cba78ca,MESSAGE_V1_f41c868b-4ca2-464e-8546-7fe49625725f,sender
909,MESSAGE_V1_f41c868b-4ca2-464e-8546-7fe49625725f,USER_V1_b8bc4e3e-e26d-4ee9-8997-742c0cba78ca,send_by
910,USER_V1_b4a5ed33-af18-4f48-94a5-f157988379fb,MESSAGE_V1_7340e0ca-241c-4aa8-ba0b-84c361be35fa,sender
910,MESSAGE_V1_7340e0ca-241c-4aa8-ba0b-84c361be35fa,USER_V1_b4a5ed33-af18-4f48-94a5-f157988379fb,send_by
911,USER_V1_47623ffe-124f-453b-804f-70826cb003d4,MESSAGE_V1_03db780c-8349-45c8-8ca0-e30e05d934ba,sender
911,MESSAGE_V1_03db780c-8349-45c8-8ca0-e30e05d934ba,USER_V1_47623ffe-124f-453b-804f-70826cb003d4,send_by
912,USER_V1_96cb8cb9-278e-4f00-8564-15aa2e5321b8,MESSAGE_V1_21e6c090-9e2d-48a9-b377-6a104c1c6fa5,sender
912,MESSAGE_V1_21e6c090-9e2d-48a9-b377-6a104c1c6fa5,USER_V1_96cb8cb9-278e-4f00-8564-15aa2e5321b8,send_by
913,USER_V1_687adf56-39f9-4204-892c-902c052ef1aa,MESSAGE_V1_82900173-5d77-4bde-b959-e41dbbec9c2f,sender
913,MESSAGE_V1_82900173-5d77-4bde-b959-e41dbbec9c2f,USER_V1_687adf56-39f9-4204-892c-902c052ef1aa,send_by
914,USER_V1_788faa82-4fcc-4229-ab5f-663ea647a7b1,MESSAGE_V1_7784ffc2-8a45-46fc-abaf-b1102549eb9e,sender
914,MESSAGE_V1_7784ffc2-8a45-46fc-abaf-b1102549eb9e,USER_V1_788faa82-4fcc-4229-ab5f-663ea647a7b1,send_by
915,USER_V1_69c535fb-4785-4629-ba07-dea34ad3892d,MESSAGE_V1_0201a15f-4edc-4c8b-8bcd-d2c8e65d845f,sender
915,MESSAGE_V1_0201a15f-4edc-4c8b-8bcd-d2c8e65d845f,USER_V1_69c535fb-4785-4629-ba07-dea34ad3892d,send_by
916,USER_V1_4a3c1758-85f1-4f8b-94bd-237563aa49a8,MESSAGE_V1_96ba615f-addf-430e-a512-663a68afc7d2,sender
916,MESSAGE_V1_96ba615f-addf-430e-a512-663a68afc7d2,USER_V1_4a3c1758-85f1-4f8b-94bd-237563aa49a8,send_by
917,USER_V1_02b53bb3-5914-4c30-aac2-0fdbde249578,MESSAGE_V1_31b80f73-8f2a-47ad-bf7f-17ed63c22f86,sender
917,MESSAGE_V1_31b80f73-8f2a-47ad-bf7f-17ed63c22f86,USER_V1_02b53bb3-5914-4c30-aac2-0fdbde249578,send_by
918,USER_V1_9d33e1e8-590b-4c79-bfcd-987a327fc792,MESSAGE_V1_84209e26-0423-4704-a0da-b1246d9b0683,sender
918,MESSAGE_V1_84209e26-0423-4704-a0da-b1246d9b0683,USER_V1_9d33e1e8-590b-4c79-bfcd-987a327fc792,send_by
919,USER_V1_79fdd86c-6618-4b5a-9069-7a021d6b764a,MESSAGE_V1_6f0fe302-7f67-4f52-8c9c-dc7a1d6a181c,sender
919,MESSAGE_V1_6f0fe302-7f67-4f52-8c9c-dc7a1d6a181c,USER_V1_79fdd86c-6618-4b5a-9069-7a021d6b764a,send_by
920,USER_V1_7e02c230-a6b8-411c-887a-23b4bfb9b070,MESSAGE_V1_1086b4c0-38e1-4874-aadb-d4ca4fd61f7c,sender
920,MESSAGE_V1_1086b4c0-38e1-4874-aadb-d4ca4fd61f7c,USER_V1_7e02c230-a6b8-411c-887a-23b4bfb9b070,send_by
921,USER_V1_f500e6cd-476f-465b-a5e2-f5b075dd9155,MESSAGE_V1_142fc3f1-a99c-43f4-84ab-78b72c80bcb9,sender
921,MESSAGE_V1_142fc3f1-a99c-43f4-84ab-78b72c80bcb9,USER_V1_f500e6cd-476f-465b-a5e2-f5b075dd9155,send_by
922,USER_V1_c2e013a0-e249-4410-b007-a73d949d24d1,MESSAGE_V1_02f77049-889c-45af-a68c-02c17eaa13a2,sender
922,MESSAGE_V1_02f77049-889c-45af-a68c-02c17eaa13a2,USER_V1_c2e013a0-e249-4410-b007-a73d949d24d1,send_by
923,USER_V1_e1622a62-189f-4ee3-9303-61a3e2d927c5,MESSAGE_V1_d30e32a3-e961-4105-b399-38d81aff252d,sender
923,MESSAGE_V1_d30e32a3-e961-4105-b399-38d81aff252d,USER_V1_e1622a62-189f-4ee3-9303-61a3e2d927c5,send_by
924,USER_V1_cd4d3dec-0e49-496c-87c6-795ae3ba73fa,MESSAGE_V1_ae828f91-f3ac-4cd2-b6fa-962451cb1098,sender
924,MESSAGE_V1_ae828f91-f3ac-4cd2-b6fa-962451cb1098,USER_V1_cd4d3dec-0e49-496c-87c6-795ae3ba73fa,send_by
925,USER_V1_896fbb67-0b72-4d79-9d45-f36821561063,MESSAGE_V1_1da690dc-9555-467e-921f-db8662077903,sender
925,MESSAGE_V1_1da690dc-9555-467e-921f-db8662077903,USER_V1_896fbb67-0b72-4d79-9d45-f36821561063,send_by
926,USER_V1_f434c858-1eea-408b-a4e8-4ce67c30885f,MESSAGE_V1_9a898d0e-738a-411d-9fd3-10a8e9f832ec,sender
926,MESSAGE_V1_9a898d0e-738a-411d-9fd3-10a8e9f832ec,USER_V1_f434c858-1eea-408b-a4e8-4ce67c30885f,send_by
927,USER_V1_65a835a6-6b19-41a3-930c-6597af5ace66,MESSAGE_V1_88e84324-886a-4279-98ac-2f6a76fc677c,sender
927,MESSAGE_V1_88e84324-886a-4279-98ac-2f6a76fc677c,USER_V1_65a835a6-6b19-41a3-930c-6597af5ace66,send_by
928,USER_V1_7a0bf3f8-2dda-4d30-8835-384819427d01,MESSAGE_V1_78700c6d-72ca-4a90-802f-b65086c6bf1c,sender
928,MESSAGE_V1_78700c6d-72ca-4a90-802f-b65086c6bf1c,USER_V1_7a0bf3f8-2dda-4d30-8835-384819427d01,send_by
929,USER_V1_d8b1234c-341e-46bb-8ea8-e0a3c7846938,MESSAGE_V1_aa9290ad-f5d6-4c19-befa-213527f46f9c,sender
929,MESSAGE_V1_aa9290ad-f5d6-4c19-befa-213527f46f9c,USER_V1_d8b1234c-341e-46bb-8ea8-e0a3c7846938,send_by
930,USER_V1_e71b65c0-a645-4d35-a495-f01f937351b4,MESSAGE_V1_31ad4f3c-1ea2-49d7-83ac-d2524d07c7a5,sender
930,MESSAGE_V1_31ad4f3c-1ea2-49d7-83ac-d2524d07c7a5,USER_V1_e71b65c0-a645-4d35-a495-f01f937351b4,send_by
931,USER_V1_1a1e35a3-36dd-478d-81b6-311f8474101f,MESSAGE_V1_26453d9f-7cbb-4f90-9af2-619f56e11fd0,sender
931,MESSAGE_V1_26453d9f-7cbb-4f90-9af2-619f56e11fd0,USER_V1_1a1e35a3-36dd-478d-81b6-311f8474101f,send_by
932,USER_V1_29442b13-a827-4925-a967-a35417b913ca,MESSAGE_V1_297bf187-c8d3-4396-b6a3-9b5d295e0933,sender
932,MESSAGE_V1_297bf187-c8d3-4396-b6a3-9b5d295e0933,USER_V1_29442b13-a827-4925-a967-a35417b913ca,send_by
933,USER_V1_2d39a1ec-7beb-49b2-a0db-7f1f15311f16,MESSAGE_V1_94e35d6f-4e35-4a30-92c4-689d4759778b,sender
933,MESSAGE_V1_94e35d6f-4e35-4a30-92c4-689d4759778b,USER_V1_2d39a1ec-7beb-49b2-a0db-7f1f15311f16,send_by
934,USER_V1_3c2a2be6-36fa-45ce-8610-d8256447d384,MESSAGE_V1_a1051838-7cc9-4c2b-8c02-6873a10ff24e,sender
934,MESSAGE_V1_a1051838-7cc9-4c2b-8c02-6873a10ff24e,USER_V1_3c2a2be6-36fa-45ce-8610-d8256447d384,send_by
935,USER_V1_2a8b4e11-09e6-4caf-9118-671ce7e4016d,MESSAGE_V1_6bc78083-74ff-48f7-8a1d-8296d336ffe7,sender
935,MESSAGE_V1_6bc78083-74ff-48f7-8a1d-8296d336ffe7,USER_V1_2a8b4e11-09e6-4caf-9118-671ce7e4016d,send_by
936,USER_V1_778dec6d-fd6d-4e58-a938-667f477704ee,MESSAGE_V1_8ddf458b-a153-4ed4-8c2d-889c238d10a9,sender
936,MESSAGE_V1_8ddf458b-a153-4ed4-8c2d-889c238d10a9,USER_V1_778dec6d-fd6d-4e58-a938-667f477704ee,send_by
937,USER_V1_ce1574fe-6223-4b1f-9fca-5a25e68f5632,MESSAGE_V1_b657d672-3e3f-4feb-afa9-e28beb73eb0a,sender
937,MESSAGE_V1_b657d672-3e3f-4feb-afa9-e28beb73eb0a,USER_V1_ce1574fe-6223-4b1f-9fca-5a25e68f5632,send_by
938,USER_V1_b46dcb0b-873c-40b7-a551-e4ed05bc2c74,MESSAGE_V1_210008aa-8a90-4e4a-842f-1155f407efe1,sender
938,MESSAGE_V1_210008aa-8a90-4e4a-842f-1155f407efe1,USER_V1_b46dcb0b-873c-40b7-a551-e4ed05bc2c74,send_by
939,USER_V1_e81caf5f-5040-46bb-8a55-9c3ccde9111d,MESSAGE_V1_d614651c-9116-42a1-80ed-b7eac3033039,sender
939,MESSAGE_V1_d614651c-9116-42a1-80ed-b7eac3033039,USER_V1_e81caf5f-5040-46bb-8a55-9c3ccde9111d,send_by
940,USER_V1_a467b87e-1da9-46aa-8c4e-79e7c2ef594a,MESSAGE_V1_ec0003be-ac43-44a3-8e4c-38d9acc0b4b4,sender
940,MESSAGE_V1_ec0003be-ac43-44a3-8e4c-38d9acc0b4b4,USER_V1_a467b87e-1da9-46aa-8c4e-79e7c2ef594a,send_by
941,USER_V1_6e86d600-1d30-40bf-8d35-f230c714f117,MESSAGE_V1_360b4f9c-dd63-4743-a924-9442731c582b,sender
941,MESSAGE_V1_360b4f9c-dd63-4743-a924-9442731c582b,USER_V1_6e86d600-1d30-40bf-8d35-f230c714f117,send_by
942,USER_V1_1cff7a99-d0ea-4755-af93-6386826c9373,MESSAGE_V1_76581b1a-87d6-4947-802b-b8dd78bd5736,sender
942,MESSAGE_V1_76581b1a-87d6-4947-802b-b8dd78bd5736,USER_V1_1cff7a99-d0ea-4755-af93-6386826c9373,send_by
943,USER_V1_ad4363c0-fb07-48d3-90e2-2ad21a1373c7,MESSAGE_V1_72473fe4-f6d3-4733-a7e4-b9e1b339ab8e,sender
943,MESSAGE_V1_72473fe4-f6d3-4733-a7e4-b9e1b339ab8e,USER_V1_ad4363c0-fb07-48d3-90e2-2ad21a1373c7,send_by
944,USER_V1_002432a8-cd3d-479c-9b47-f5137ad1d9c1,MESSAGE_V1_4720d1c2-6fb3-456f-8674-881226ba56da,sender
944,MESSAGE_V1_4720d1c2-6fb3-456f-8674-881226ba56da,USER_V1_002432a8-cd3d-479c-9b47-f5137ad1d9c1,send_by
945,USER_V1_35752ebe-dd92-44fa-a031-cd30aee99d2f,MESSAGE_V1_c2a85748-60ab-40b7-97d9-28f2e118ca67,sender
945,MESSAGE_V1_c2a85748-60ab-40b7-97d9-28f2e118ca67,USER_V1_35752ebe-dd92-44fa-a031-cd30aee99d2f,send_by
946,USER_V1_1b72a1c7-89b6-4288-aa89-6b670ee18a39,MESSAGE_V1_d89698eb-e74b-4784-8d05-fcdb9d82071d,sender
946,MESSAGE_V1_d89698eb-e74b-4784-8d05-fcdb9d82071d,USER_V1_1b72a1c7-89b6-4288-aa89-6b670ee18a39,send_by
947,USER_V1_d6e2ceb3-1ddf-4bca-a88a-51abb9c7b0ec,MESSAGE_V1_7f50f4eb-0843-4042-856f-ffa53d6b4be3,sender
947,MESSAGE_V1_7f50f4eb-0843-4042-856f-ffa53d6b4be3,USER_V1_d6e2ceb3-1ddf-4bca-a88a-51abb9c7b0ec,send_by
948,USER_V1_1dae6427-bef3-4480-aab0-a1fc3b8777e7,MESSAGE_V1_8ac4bf54-f20e-49b9-90bb-0cce04970460,sender
948,MESSAGE_V1_8ac4bf54-f20e-49b9-90bb-0cce04970460,USER_V1_1dae6427-bef3-4480-aab0-a1fc3b8777e7,send_by
949,USER_V1_7ede01b0-df04-4c4b-b3b2-3062881db6a8,MESSAGE_V1_f0858c92-ac8d-4b2f-a83b-691f874e8cf0,sender
949,MESSAGE_V1_f0858c92-ac8d-4b2f-a83b-691f874e8cf0,USER_V1_7ede01b0-df04-4c4b-b3b2-3062881db6a8,send_by
950,USER_V1_19cc9ad3-b736-4ced-9175-85ef7cfdf80b,MESSAGE_V1_eb919fcd-1019-4c55-8363-b2e0364d5289,sender
950,MESSAGE_V1_eb919fcd-1019-4c55-8363-b2e0364d5289,USER_V1_19cc9ad3-b736-4ced-9175-85ef7cfdf80b,send_by
951,USER_V1_a760c08e-2fab-42d5-9311-6552b2ced3d7,MESSAGE_V1_286095f9-4dec-4649-a115-c2305e19c995,sender
951,MESSAGE_V1_286095f9-4dec-4649-a115-c2305e19c995,USER_V1_a760c08e-2fab-42d5-9311-6552b2ced3d7,send_by
952,USER_V1_f37726f1-1432-41ca-a3f3-d7ffbaee1ac5,MESSAGE_V1_97c98e6c-1c04-4bb8-938f-6f7ea6306ace,sender
952,MESSAGE_V1_97c98e6c-1c04-4bb8-938f-6f7ea6306ace,USER_V1_f37726f1-1432-41ca-a3f3-d7ffbaee1ac5,send_by
953,USER_V1_d8df1531-ac80-40ae-b2c9-2a1f13b94f6f,MESSAGE_V1_661653f8-ad2a-46ee-976f-d88028abcec1,sender
953,MESSAGE_V1_661653f8-ad2a-46ee-976f-d88028abcec1,USER_V1_d8df1531-ac80-40ae-b2c9-2a1f13b94f6f,send_by
954,USER_V1_19ba5ccd-bc11-479c-a011-096ebc4c7c85,MESSAGE_V1_ba1058f3-4c7b-47b7-8cef-bc9e7e4dc73b,sender
954,MESSAGE_V1_ba1058f3-4c7b-47b7-8cef-bc9e7e4dc73b,USER_V1_19ba5ccd-bc11-479c-a011-096ebc4c7c85,send_by
955,USER_V1_7c154833-3cd5-4d0e-a5e2-fb3329ff5121,MESSAGE_V1_657e4812-0bf9-4eef-a303-c10fb7957637,sender
955,MESSAGE_V1_657e4812-0bf9-4eef-a303-c10fb7957637,USER_V1_7c154833-3cd5-4d0e-a5e2-fb3329ff5121,send_by
956,USER_V1_a83591ec-b4ca-417f-8107-d7fe9d3140ec,MESSAGE_V1_0d6dd9c1-bc3b-445b-b210-f22d6579da4c,sender
956,MESSAGE_V1_0d6dd9c1-bc3b-445b-b210-f22d6579da4c,USER_V1_a83591ec-b4ca-417f-8107-d7fe9d3140ec,send_by
957,USER_V1_b61b3dc4-c0d5-4d13-8401-c79a152a7819,MESSAGE_V1_07a4cf5c-3995-4c45-8388-9d5f327570ff,sender
957,MESSAGE_V1_07a4cf5c-3995-4c45-8388-9d5f327570ff,USER_V1_b61b3dc4-c0d5-4d13-8401-c79a152a7819,send_by
958,USER_V1_288469b8-72e2-4a89-a0d1-f351afeb072f,MESSAGE_V1_b5dee883-6351-4db8-a883-2cec4a78087f,sender
958,MESSAGE_V1_b5dee883-6351-4db8-a883-2cec4a78087f,USER_V1_288469b8-72e2-4a89-a0d1-f351afeb072f,send_by
959,USER_V1_72d95430-b3d8-4fa0-a385-840f24e2ec8b,MESSAGE_V1_4ec5c4e7-99a2-4a3e-975e-9f2844c3257c,sender
959,MESSAGE_V1_4ec5c4e7-99a2-4a3e-975e-9f2844c3257c,USER_V1_72d95430-b3d8-4fa0-a385-840f24e2ec8b,send_by
960,USER_V1_e0715e2e-0a07-41fb-bd99-4420aa0f6d93,MESSAGE_V1_27ac032d-d78e-4331-a195-fccd4fc1d626,sender
960,MESSAGE_V1_27ac032d-d78e-4331-a195-fccd4fc1d626,USER_V1_e0715e2e-0a07-41fb-bd99-4420aa0f6d93,send_by
961,USER_V1_2bd9f4b9-a282-4df7-a192-9cab1b1d8ff2,MESSAGE_V1_463f8125-a3a7-4a0b-bb8d-eca571fe8d0a,sender
961,MESSAGE_V1_463f8125-a3a7-4a0b-bb8d-eca571fe8d0a,USER_V1_2bd9f4b9-a282-4df7-a192-9cab1b1d8ff2,send_by
962,USER_V1_3e50677a-15f1-437c-85cc-2d60c886f9f4,MESSAGE_V1_27bf5830-ebba-4c8d-94f6-3278e68f04d5,sender
962,MESSAGE_V1_27bf5830-ebba-4c8d-94f6-3278e68f04d5,USER_V1_3e50677a-15f1-437c-85cc-2d60c886f9f4,send_by
963,USER_V1_b65e3629-6fd6-4ee8-b969-49b09af9ef9e,MESSAGE_V1_b722d8f5-c518-4737-b48d-b2d4f8825d62,sender
963,MESSAGE_V1_b722d8f5-c518-4737-b48d-b2d4f8825d62,USER_V1_b65e3629-6fd6-4ee8-b969-49b09af9ef9e,send_by
964,USER_V1_6fe80fe3-604b-4eb6-aac1-137449fdaec4,MESSAGE_V1_e47d8a10-fba1-4a1d-b099-a1a1fee7455c,sender
964,MESSAGE_V1_e47d8a10-fba1-4a1d-b099-a1a1fee7455c,USER_V1_6fe80fe3-604b-4eb6-aac1-137449fdaec4,send_by
965,USER_V1_8a38d071-a7db-4a91-905f-4942bbda8ace,MESSAGE_V1_d338d39f-9bfb-4d2d-baa8-a8eb264c5b29,sender
965,MESSAGE_V1_d338d39f-9bfb-4d2d-baa8-a8eb264c5b29,USER_V1_8a38d071-a7db-4a91-905f-4942bbda8ace,send_by
966,USER_V1_f60e8eae-c747-4659-bcc7-cfa80a00afe8,MESSAGE_V1_42c8eac8-0b25-4ee4-90e1-c810f924a5dd,sender
966,MESSAGE_V1_42c8eac8-0b25-4ee4-90e1-c810f924a5dd,USER_V1_f60e8eae-c747-4659-bcc7-cfa80a00afe8,send_by
967,USER_V1_09e58142-8feb-4f72-8cbe-54cc9a74889f,MESSAGE_V1_dd914d6f-2816-4cc8-a9d9-4a1042fd1a1b,sender
967,MESSAGE_V1_dd914d6f-2816-4cc8-a9d9-4a1042fd1a1b,USER_V1_09e58142-8feb-4f72-8cbe-54cc9a74889f,send_by
968,USER_V1_8bd7c49e-e2d4-4864-8889-59f2939c71f5,MESSAGE_V1_7e272844-1c1c-45bc-b93f-17456cebe6d9,sender
968,MESSAGE_V1_7e272844-1c1c-45bc-b93f-17456cebe6d9,USER_V1_8bd7c49e-e2d4-4864-8889-59f2939c71f5,send_by
969,USER_V1_bef319c3-40a4-483d-95a7-404f8e349fdc,MESSAGE_V1_3edb8dd3-ae3b-4acd-b604-442b83290f0a,sender
969,MESSAGE_V1_3edb8dd3-ae3b-4acd-b604-442b83290f0a,USER_V1_bef319c3-40a4-483d-95a7-404f8e349fdc,send_by
970,USER_V1_1ac90b21-d80c-483a-815b-edbc9fbfc0a1,MESSAGE_V1_8dd3b73a-8577-4118-a233-44a500abfef6,sender
970,MESSAGE_V1_8dd3b73a-8577-4118-a233-44a500abfef6,USER_V1_1ac90b21-d80c-483a-815b-edbc9fbfc0a1,send_by
971,USER_V1_b5cf39fe-e17d-46c0-860d-dd07bd46bab9,MESSAGE_V1_33f4ec9f-4080-4df1-a481-88721e4797e7,sender
971,MESSAGE_V1_33f4ec9f-4080-4df1-a481-88721e4797e7,USER_V1_b5cf39fe-e17d-46c0-860d-dd07bd46bab9,send_by
972,USER_V1_a030c548-d1bd-482b-9bed-2e24bbfda69c,MESSAGE_V1_32fd836c-f9b6-4017-ab99-66282471f642,sender
972,MESSAGE_V1_32fd836c-f9b6-4017-ab99-66282471f642,USER_V1_a030c548-d1bd-482b-9bed-2e24bbfda69c,send_by
973,USER_V1_fc527ebc-7b3f-47e7-b15d-dbdfff55508f,MESSAGE_V1_bb7d8e6e-5abc-4953-8c0d-a39eea9b259f,sender
973,MESSAGE_V1_bb7d8e6e-5abc-4953-8c0d-a39eea9b259f,USER_V1_fc527ebc-7b3f-47e7-b15d-dbdfff55508f,send_by
974,USER_V1_a3dac2f8-2435-4432-bd4d-2ae631853bce,MESSAGE_V1_db43b705-7efc-4a4f-bca2-7d2bf24d797a,sender
974,MESSAGE_V1_db43b705-7efc-4a4f-bca2-7d2bf24d797a,USER_V1_a3dac2f8-2435-4432-bd4d-2ae631853bce,send_by
975,USER_V1_51d59f3f-4b1e-4cb0-bfbe-adbe1b946ce9,MESSAGE_V1_b682cee1-c023-43ef-93e8-d6b5f29fb7ca,sender
975,MESSAGE_V1_b682cee1-c023-43ef-93e8-d6b5f29fb7ca,USER_V1_51d59f3f-4b1e-4cb0-bfbe-adbe1b946ce9,send_by
976,USER_V1_914e9ebf-1b30-4f75-b6d8-542e48ea2b6a,MESSAGE_V1_b0296894-bb9e-480d-9ccc-2f593f550c50,sender
976,MESSAGE_V1_b0296894-bb9e-480d-9ccc-2f593f550c50,USER_V1_914e9ebf-1b30-4f75-b6d8-542e48ea2b6a,send_by
977,USER_V1_b68241c9-55d0-4a9b-b641-dbda467e8939,MESSAGE_V1_01a97c61-89bc-4f15-b22e-25f7d8678600,sender
977,MESSAGE_V1_01a97c61-89bc-4f15-b22e-25f7d8678600,USER_V1_b68241c9-55d0-4a9b-b641-dbda467e8939,send_by
978,USER_V1_6c11ce8c-d9e0-49ac-99e2-98437b1a6a3e,MESSAGE_V1_d57aa962-30f8-46f4-adf8-5de60527e7c3,sender
978,MESSAGE_V1_d57aa962-30f8-46f4-adf8-5de60527e7c3,USER_V1_6c11ce8c-d9e0-49ac-99e2-98437b1a6a3e,send_by
979,USER_V1_981c0473-b23d-4ec3-b994-19c6060f718c,MESSAGE_V1_9c75b264-20c5-4f35-9586-7d5b23f8dd07,sender
979,MESSAGE_V1_9c75b264-20c5-4f35-9586-7d5b23f8dd07,USER_V1_981c0473-b23d-4ec3-b994-19c6060f718c,send_by
980,USER_V1_5b74ce8e-c99b-4cf8-8bac-0d29c231e514,MESSAGE_V1_90205e33-8821-43ea-8a66-91b7822c4ab4,sender
980,MESSAGE_V1_90205e33-8821-43ea-8a66-91b7822c4ab4,USER_V1_5b74ce8e-c99b-4cf8-8bac-0d29c231e514,send_by
981,USER_V1_02fe136c-0070-4de3-b176-19bc0f0f6f36,MESSAGE_V1_fc63129b-8028-4440-9316-570a230af8a2,sender
981,MESSAGE_V1_fc63129b-8028-4440-9316-570a230af8a2,USER_V1_02fe136c-0070-4de3-b176-19bc0f0f6f36,send_by
982,USER_V1_370d960f-918a-4ccf-a627-bb4d973c7f96,MESSAGE_V1_fb296afd-c6e6-45ae-84c8-b20218d5f41b,sender
982,MESSAGE_V1_fb296afd-c6e6-45ae-84c8-b20218d5f41b,USER_V1_370d960f-918a-4ccf-a627-bb4d973c7f96,send_by
983,USER_V1_fdbf37e8-1505-4602-ba52-fa90b377a104,MESSAGE_V1_98f5ddaa-f78b-4e19-aed9-640064652df7,sender
983,MESSAGE_V1_98f5ddaa-f78b-4e19-aed9-640064652df7,USER_V1_fdbf37e8-1505-4602-ba52-fa90b377a104,send_by
984,USER_V1_41200134-8ce0-46e4-97c1-bd4f8964dfa9,MESSAGE_V1_ae764666-be6f-4d80-9bf8-6ea0f8e09bf3,sender
984,MESSAGE_V1_ae764666-be6f-4d80-9bf8-6ea0f8e09bf3,USER_V1_41200134-8ce0-46e4-97c1-bd4f8964dfa9,send_by
985,USER_V1_91d6de7d-9d6a-493c-9c98-d569c4a5048f,MESSAGE_V1_556e2d7a-5d07-41e1-ac0f-9e7fdc9ffac8,sender
985,MESSAGE_V1_556e2d7a-5d07-41e1-ac0f-9e7fdc9ffac8,USER_V1_91d6de7d-9d6a-493c-9c98-d569c4a5048f,send_by
986,USER_V1_39f06659-cebe-4199-985d-65cf2bbaae3a,MESSAGE_V1_0efa9021-0198-49c1-8349-28edf067a995,sender
986,MESSAGE_V1_0efa9021-0198-49c1-8349-28edf067a995,USER_V1_39f06659-cebe-4199-985d-65cf2bbaae3a,send_by
987,USER_V1_3a27bd36-fde7-422a-8e08-e3d27180d52f,MESSAGE_V1_804f963c-d1c3-4c6f-b20c-0042e5713754,sender
987,MESSAGE_V1_804f963c-d1c3-4c6f-b20c-0042e5713754,USER_V1_3a27bd36-fde7-422a-8e08-e3d27180d52f,send_by
988,USER_V1_a3cbb025-2686-4186-a411-59ea092bdd23,MESSAGE_V1_952044b7-cda3-4441-9656-b9fb489acc69,sender
988,MESSAGE_V1_952044b7-cda3-4441-9656-b9fb489acc69,USER_V1_a3cbb025-2686-4186-a411-59ea092bdd23,send_by
989,USER_V1_f2e7ecab-9007-4235-bb36-7e256647be8a,MESSAGE_V1_7087e1db-0397-4d7d-8ed8-571387e639d2,sender
989,MESSAGE_V1_7087e1db-0397-4d7d-8ed8-571387e639d2,USER_V1_f2e7ecab-9007-4235-bb36-7e256647be8a,send_by
990,USER_V1_ede50f0e-c59f-48d0-b3bc-16eabdf3c1aa,MESSAGE_V1_631f8683-ab5d-4f43-807c-814585d3c965,sender
990,MESSAGE_V1_631f8683-ab5d-4f43-807c-814585d3c965,USER_V1_ede50f0e-c59f-48d0-b3bc-16eabdf3c1aa,send_by
991,USER_V1_86f48b69-5515-4c84-b2c5-0031f1b6385b,MESSAGE_V1_2a929a05-2c18-4c9a-a2d4-1b7d897bc1ba,sender
991,MESSAGE_V1_2a929a05-2c18-4c9a-a2d4-1b7d897bc1ba,USER_V1_86f48b69-5515-4c84-b2c5-0031f1b6385b,send_by
992,USER_V1_8aaa4f2a-c801-4521-ba4c-aafa8d3d6aa9,MESSAGE_V1_d5591aee-a06d-4233-ab54-6a1d8f26016f,sender
992,MESSAGE_V1_d5591aee-a06d-4233-ab54-6a1d8f26016f,USER_V1_8aaa4f2a-c801-4521-ba4c-aafa8d3d6aa9,send_by
993,USER_V1_056a4ca4-76ae-4f48-b598-733b315cb5c2,MESSAGE_V1_5ed65d2f-5929-496f-a208-ccbcd611545e,sender
993,MESSAGE_V1_5ed65d2f-5929-496f-a208-ccbcd611545e,USER_V1_056a4ca4-76ae-4f48-b598-733b315cb5c2,send_by
994,USER_V1_8f1dc0fe-9f42-48ab-84d7-55d859937343,MESSAGE_V1_6c2522dd-1727-40aa-9dfd-b13eba8170a4,sender
994,MESSAGE_V1_6c2522dd-1727-40aa-9dfd-b13eba8170a4,USER_V1_8f1dc0fe-9f42-48ab-84d7-55d859937343,send_by
995,USER_V1_9dd1becb-2c22-428f-ab13-0b520d2c083f,MESSAGE_V1_789544c6-ba3b-4b2b-b185-a0bff6e455f1,sender
995,MESSAGE_V1_789544c6-ba3b-4b2b-b185-a0bff6e455f1,USER_V1_9dd1becb-2c22-428f-ab13-0b520d2c083f,send_by
996,USER_V1_6c827a77-785c-4b2d-a3a3-227e595a80ab,MESSAGE_V1_c6186cc4-6034-419e-bad1-3bf46783cc56,sender
996,MESSAGE_V1_c6186cc4-6034-419e-bad1-3bf46783cc56,USER_V1_6c827a77-785c-4b2d-a3a3-227e595a80ab,send_by
997,USER_V1_92758b76-9430-4a9c-bd7b-08f693d78c89,MESSAGE_V1_3ee161f5-4e04-418d-b267-8c8de7ce39f5,sender
997,MESSAGE_V1_3ee161f5-4e04-418d-b267-8c8de7ce39f5,USER_V1_92758b76-9430-4a9c-bd7b-08f693d78c89,send_by
998,USER_V1_819335d8-90a3-4322-bafc-92b36d3f659c,MESSAGE_V1_7dd0fea5-5547-4651-884b-1e367bd7f7f5,sender
998,MESSAGE_V1_7dd0fea5-5547-4651-884b-1e367bd7f7f5,USER_V1_819335d8-90a3-4322-bafc-92b36d3f659c,send_by
999,USER_V1_e9a8b0ab-43ec-46da-94cc-4af6c72b0c37,MESSAGE_V1_d9181aa8-3f68-4b24-b01d-206639b7eeab,sender
999,MESSAGE_V1_d9181aa8-3f68-4b24-b01d-206639b7eeab,USER_V1_e9a8b0ab-43ec-46da-94cc-4af6c72b0c37,send_by
1000,USER_V1_e49a2d72-636c-446d-8f66-8f0750612bf6,MESSAGE_V1_34571d34-c2cd-446b-ae0a-134ba1203ff4,sender
1000,MESSAGE_V1_34571d34-c2cd-446b-ae0a-134ba1203ff4,USER_V1_e49a2d72-636c-446d-8f66-8f0750612bf6,send_by
1,USER_V1_269ddc5f-4f57-4704-8c4e-5965c275724f,MESSAGE_V1_084c2351-a01a-4de9-add5-0df61465ba43,reciever
1,MESSAGE_V1_084c2351-a01a-4de9-add5-0df61465ba43,USER_V1_269ddc5f-4f57-4704-8c4e-5965c275724f,recied_by
2,USER_V1_ce4b33e5-e3f2-4efd-8f26-1739a3b00d16,MESSAGE_V1_f7220238-076f-49b9-aeaf-2002d7aec6a8,reciever
2,MESSAGE_V1_f7220238-076f-49b9-aeaf-2002d7aec6a8,USER_V1_ce4b33e5-e3f2-4efd-8f26-1739a3b00d16,recied_by
3,USER_V1_92f7898b-a337-4f48-b158-95d653bed77b,MESSAGE_V1_2a0da3ec-310f-472b-a989-749961e96996,reciever
3,MESSAGE_V1_2a0da3ec-310f-472b-a989-749961e96996,USER_V1_92f7898b-a337-4f48-b158-95d653bed77b,recied_by
4,USER_V1_31243c25-e14a-4dae-b6e4-ded150860626,MESSAGE_V1_11b4e1b1-c330-4f4e-845b-cf91c9dda521,reciever
4,MESSAGE_V1_11b4e1b1-c330-4f4e-845b-cf91c9dda521,USER_V1_31243c25-e14a-4dae-b6e4-ded150860626,recied_by
5,USER_V1_bc06b58a-e00a-491e-8c1c-4a37e3cd7f4f,MESSAGE_V1_1f365ddf-0d46-48dd-95f4-e0128b6817d4,reciever
5,MESSAGE_V1_1f365ddf-0d46-48dd-95f4-e0128b6817d4,USER_V1_bc06b58a-e00a-491e-8c1c-4a37e3cd7f4f,recied_by
6,USER_V1_c4e5cc96-f53a-4c1c-848f-2aa0f4fc6fbb,MESSAGE_V1_bb7d8e6e-5abc-4953-8c0d-a39eea9b259f,reciever
6,MESSAGE_V1_bb7d8e6e-5abc-4953-8c0d-a39eea9b259f,USER_V1_c4e5cc96-f53a-4c1c-848f-2aa0f4fc6fbb,recied_by
7,USER_V1_55a72562-c62b-4f9c-9716-72fc183b715a,MESSAGE_V1_cf201dd5-e1d0-4e56-8c3b-9021ba2c4167,reciever
7,MESSAGE_V1_cf201dd5-e1d0-4e56-8c3b-9021ba2c4167,USER_V1_55a72562-c62b-4f9c-9716-72fc183b715a,recied_by
8,USER_V1_f500346a-baac-497d-90cb-79adc9630c84,MESSAGE_V1_2fd2086d-e1d5-4d75-8b1c-aa5893c67ac6,reciever
8,MESSAGE_V1_2fd2086d-e1d5-4d75-8b1c-aa5893c67ac6,USER_V1_f500346a-baac-497d-90cb-79adc9630c84,recied_by
9,USER_V1_9fee26b5-a246-43f2-a31f-d39f0813fbe8,MESSAGE_V1_2bef0a9b-7a8b-4d58-bc65-636dbe563ba2,reciever
9,MESSAGE_V1_2bef0a9b-7a8b-4d58-bc65-636dbe563ba2,USER_V1_9fee26b5-a246-43f2-a31f-d39f0813fbe8,recied_by
10,USER_V1_bc87f772-d330-4e77-b79b-3a4970813966,MESSAGE_V1_0033691e-ea61-4027-a9cd-f8fa995444a6,reciever
10,MESSAGE_V1_0033691e-ea61-4027-a9cd-f8fa995444a6,USER_V1_bc87f772-d330-4e77-b79b-3a4970813966,recied_by
11,USER_V1_0829ae44-0ab1-4db1-9741-0bff28c94f8a,MESSAGE_V1_3c930583-68e2-4999-b380-4bd4f442513a,reciever
11,MESSAGE_V1_3c930583-68e2-4999-b380-4bd4f442513a,USER_V1_0829ae44-0ab1-4db1-9741-0bff28c94f8a,recied_by
12,USER_V1_b733aa19-bb0d-418a-a0d5-70e6b069d18b,MESSAGE_V1_2ff197cc-52d6-4aa2-868b-f7e2477cfa46,reciever
12,MESSAGE_V1_2ff197cc-52d6-4aa2-868b-f7e2477cfa46,USER_V1_b733aa19-bb0d-418a-a0d5-70e6b069d18b,recied_by
13,USER_V1_7e6b92b7-12ce-4ecf-b26d-90495f8c961c,MESSAGE_V1_ba147ce3-1fe1-4853-9959-bc59586ea1bb,reciever
13,MESSAGE_V1_ba147ce3-1fe1-4853-9959-bc59586ea1bb,USER_V1_7e6b92b7-12ce-4ecf-b26d-90495f8c961c,recied_by
14,USER_V1_3f0c4d00-17e3-477d-9847-1f79b2b9734a,MESSAGE_V1_e04fc986-dbbf-40f1-ac6f-bdfd21fa2808,reciever
14,MESSAGE_V1_e04fc986-dbbf-40f1-ac6f-bdfd21fa2808,USER_V1_3f0c4d00-17e3-477d-9847-1f79b2b9734a,recied_by
15,USER_V1_4fb477cf-2d15-421b-9cda-ee35365e34f3,MESSAGE_V1_15c8b8d3-7564-4497-b55a-6d180bed7410,reciever
15,MESSAGE_V1_15c8b8d3-7564-4497-b55a-6d180bed7410,USER_V1_4fb477cf-2d15-421b-9cda-ee35365e34f3,recied_by
16,USER_V1_cdc29e87-2959-4e43-b9e4-2b4080074688,MESSAGE_V1_76bad2ba-69ba-4fab-9894-52da63968fc3,reciever
16,MESSAGE_V1_76bad2ba-69ba-4fab-9894-52da63968fc3,USER_V1_cdc29e87-2959-4e43-b9e4-2b4080074688,recied_by
17,USER_V1_af51e0a8-128e-4da9-a296-6fbc2bb64c76,MESSAGE_V1_fd61d59b-a36a-45b1-aca0-6b17c7be4fe6,reciever
17,MESSAGE_V1_fd61d59b-a36a-45b1-aca0-6b17c7be4fe6,USER_V1_af51e0a8-128e-4da9-a296-6fbc2bb64c76,recied_by
18,USER_V1_4d5384d5-d886-4a2e-8eb8-6fe41182ba4e,MESSAGE_V1_abbf6055-446a-46d4-b435-b6bc32207306,reciever
18,MESSAGE_V1_abbf6055-446a-46d4-b435-b6bc32207306,USER_V1_4d5384d5-d886-4a2e-8eb8-6fe41182ba4e,recied_by
19,USER_V1_a1690bd0-db07-4b96-b4ce-c3d0d47df627,MESSAGE_V1_9c775b65-9397-4f6a-bb94-5c2fe173f7e4,reciever
19,MESSAGE_V1_9c775b65-9397-4f6a-bb94-5c2fe173f7e4,USER_V1_a1690bd0-db07-4b96-b4ce-c3d0d47df627,recied_by
20,USER_V1_ac4c6fda-6bb5-4790-81e8-a9018f6864ae,MESSAGE_V1_c5bdce62-72ac-4e1a-9e5f-4fecf5fed7a8,reciever
20,MESSAGE_V1_c5bdce62-72ac-4e1a-9e5f-4fecf5fed7a8,USER_V1_ac4c6fda-6bb5-4790-81e8-a9018f6864ae,recied_by
21,USER_V1_cb31258a-6286-45a0-bc5c-91b3d6413a4a,MESSAGE_V1_9ddee680-558e-4890-8ec3-f663468de213,reciever
21,MESSAGE_V1_9ddee680-558e-4890-8ec3-f663468de213,USER_V1_cb31258a-6286-45a0-bc5c-91b3d6413a4a,recied_by
22,USER_V1_9906734b-7bdd-4e5e-bf06-cad7a37954d6,MESSAGE_V1_6e826122-31f1-490a-bcf8-044d2a2c4460,reciever
22,MESSAGE_V1_6e826122-31f1-490a-bcf8-044d2a2c4460,USER_V1_9906734b-7bdd-4e5e-bf06-cad7a37954d6,recied_by
23,USER_V1_0947d061-0e66-44ce-a966-394f978f29ae,MESSAGE_V1_968bcd9f-afe9-410f-9173-fd819f3f8276,reciever
23,MESSAGE_V1_968bcd9f-afe9-410f-9173-fd819f3f8276,USER_V1_0947d061-0e66-44ce-a966-394f978f29ae,recied_by
24,USER_V1_dae36914-9e05-45fd-9ae7-96afa033c52d,MESSAGE_V1_c6186cc4-6034-419e-bad1-3bf46783cc56,reciever
24,MESSAGE_V1_c6186cc4-6034-419e-bad1-3bf46783cc56,USER_V1_dae36914-9e05-45fd-9ae7-96afa033c52d,recied_by
25,USER_V1_891e2c92-0649-451b-a404-51c901e3fc5f,MESSAGE_V1_9f78715c-6500-4b64-9505-75189baf4e6f,reciever
25,MESSAGE_V1_9f78715c-6500-4b64-9505-75189baf4e6f,USER_V1_891e2c92-0649-451b-a404-51c901e3fc5f,recied_by
26,USER_V1_a574c864-1fe7-4b7c-a81f-28f545771adb,MESSAGE_V1_5c63e704-083f-4dd8-a960-41fe03f3472d,reciever
26,MESSAGE_V1_5c63e704-083f-4dd8-a960-41fe03f3472d,USER_V1_a574c864-1fe7-4b7c-a81f-28f545771adb,recied_by
27,USER_V1_c9ecf835-3ac9-4b05-a211-8fa66e37e249,MESSAGE_V1_b54999db-b8d6-484d-bb02-36f32a4f8ca0,reciever
27,MESSAGE_V1_b54999db-b8d6-484d-bb02-36f32a4f8ca0,USER_V1_c9ecf835-3ac9-4b05-a211-8fa66e37e249,recied_by
28,USER_V1_8f09813b-b7ee-46ed-8e46-d13d5740abf5,MESSAGE_V1_612021eb-ea55-4b29-8297-54218b8f7fdc,reciever
28,MESSAGE_V1_612021eb-ea55-4b29-8297-54218b8f7fdc,USER_V1_8f09813b-b7ee-46ed-8e46-d13d5740abf5,recied_by
29,USER_V1_6221d51d-7b12-48b7-9e56-d3797f14659c,MESSAGE_V1_ea29863e-a639-4a21-8251-6396a99570cf,reciever
29,MESSAGE_V1_ea29863e-a639-4a21-8251-6396a99570cf,USER_V1_6221d51d-7b12-48b7-9e56-d3797f14659c,recied_by
30,USER_V1_d5b79d70-cea9-48cc-a39a-692671573739,MESSAGE_V1_90adc2d1-cad0-4a07-ae37-1b8e54fd03a1,reciever
30,MESSAGE_V1_90adc2d1-cad0-4a07-ae37-1b8e54fd03a1,USER_V1_d5b79d70-cea9-48cc-a39a-692671573739,recied_by
31,USER_V1_d559b0cd-ad00-489d-9309-f471cd646c62,MESSAGE_V1_97f28443-bd49-4fb2-bf81-17e678e5227d,reciever
31,MESSAGE_V1_97f28443-bd49-4fb2-bf81-17e678e5227d,USER_V1_d559b0cd-ad00-489d-9309-f471cd646c62,recied_by
32,USER_V1_00eb78da-279f-4135-a13f-0a32d9f15838,MESSAGE_V1_2d85aec0-2ba7-4cf9-9aab-a020298d1146,reciever
32,MESSAGE_V1_2d85aec0-2ba7-4cf9-9aab-a020298d1146,USER_V1_00eb78da-279f-4135-a13f-0a32d9f15838,recied_by
33,USER_V1_308f5537-c7f7-4340-bd6c-016e7ee355e8,MESSAGE_V1_7087e1db-0397-4d7d-8ed8-571387e639d2,reciever
33,MESSAGE_V1_7087e1db-0397-4d7d-8ed8-571387e639d2,USER_V1_308f5537-c7f7-4340-bd6c-016e7ee355e8,recied_by
34,USER_V1_31d31a69-2f46-4586-85b4-22ce0c7b46d7,MESSAGE_V1_210008aa-8a90-4e4a-842f-1155f407efe1,reciever
34,MESSAGE_V1_210008aa-8a90-4e4a-842f-1155f407efe1,USER_V1_31d31a69-2f46-4586-85b4-22ce0c7b46d7,recied_by
35,USER_V1_21c0e1d2-1191-43ef-98b6-7e6d66abe7f5,MESSAGE_V1_a1f01b98-94c9-41be-9806-7bd3d01dc08d,reciever
35,MESSAGE_V1_a1f01b98-94c9-41be-9806-7bd3d01dc08d,USER_V1_21c0e1d2-1191-43ef-98b6-7e6d66abe7f5,recied_by
36,USER_V1_2f3e9e0c-1a8e-470c-9c6e-ad68c6d2f4ad,MESSAGE_V1_217707c6-5fcd-4310-8c82-54db2c516659,reciever
36,MESSAGE_V1_217707c6-5fcd-4310-8c82-54db2c516659,USER_V1_2f3e9e0c-1a8e-470c-9c6e-ad68c6d2f4ad,recied_by
37,USER_V1_a14b33d2-fb5e-4ee8-9179-1e9a87b8d457,MESSAGE_V1_f83fb97f-b8a0-427f-83e9-3b5a78200a51,reciever
37,MESSAGE_V1_f83fb97f-b8a0-427f-83e9-3b5a78200a51,USER_V1_a14b33d2-fb5e-4ee8-9179-1e9a87b8d457,recied_by
38,USER_V1_d9cdc73c-e883-464d-97a5-627e869a5c00,MESSAGE_V1_ceba66b6-5b5c-43b3-8405-01e6d05f856f,reciever
38,MESSAGE_V1_ceba66b6-5b5c-43b3-8405-01e6d05f856f,USER_V1_d9cdc73c-e883-464d-97a5-627e869a5c00,recied_by
39,USER_V1_a07ddb8e-3b42-42a2-bd2e-363b7bd29273,MESSAGE_V1_e4fcdd1d-e7b5-4b2a-afe7-db207835d85a,reciever
39,MESSAGE_V1_e4fcdd1d-e7b5-4b2a-afe7-db207835d85a,USER_V1_a07ddb8e-3b42-42a2-bd2e-363b7bd29273,recied_by
40,USER_V1_fa1456b7-fa13-430e-94c4-b4835d1b9a82,MESSAGE_V1_3bed1e09-b188-4660-a420-7822aab5c106,reciever
40,MESSAGE_V1_3bed1e09-b188-4660-a420-7822aab5c106,USER_V1_fa1456b7-fa13-430e-94c4-b4835d1b9a82,recied_by
41,USER_V1_02afc59b-958b-4288-b627-22dd6b4989b9,MESSAGE_V1_e61fbe10-a6c7-4920-a6e3-46a841f0f496,reciever
41,MESSAGE_V1_e61fbe10-a6c7-4920-a6e3-46a841f0f496,USER_V1_02afc59b-958b-4288-b627-22dd6b4989b9,recied_by
42,USER_V1_4aac10db-86b6-47eb-b00d-9871d0e32f33,MESSAGE_V1_d338d39f-9bfb-4d2d-baa8-a8eb264c5b29,reciever
42,MESSAGE_V1_d338d39f-9bfb-4d2d-baa8-a8eb264c5b29,USER_V1_4aac10db-86b6-47eb-b00d-9871d0e32f33,recied_by
43,USER_V1_ab882446-db15-4c13-aa7c-f9ef3dd07aa3,MESSAGE_V1_7267279f-d897-4c03-8225-567c1018ca6e,reciever
43,MESSAGE_V1_7267279f-d897-4c03-8225-567c1018ca6e,USER_V1_ab882446-db15-4c13-aa7c-f9ef3dd07aa3,recied_by
44,USER_V1_180b9073-6789-47fb-9ee0-a694fff8fe52,MESSAGE_V1_b938c5bf-951c-4c60-bcd1-ea7f096b54be,reciever
44,MESSAGE_V1_b938c5bf-951c-4c60-bcd1-ea7f096b54be,USER_V1_180b9073-6789-47fb-9ee0-a694fff8fe52,recied_by
45,USER_V1_485c9b07-d31c-435b-bbfb-29ce40038198,MESSAGE_V1_b8fe4a32-967f-4076-8699-f5f9c709535f,reciever
45,MESSAGE_V1_b8fe4a32-967f-4076-8699-f5f9c709535f,USER_V1_485c9b07-d31c-435b-bbfb-29ce40038198,recied_by
46,USER_V1_15499183-e525-433d-b7dc-0d2a9ca0db83,MESSAGE_V1_b5707c2c-f379-4f2c-ada4-1a41e6f7320e,reciever
46,MESSAGE_V1_b5707c2c-f379-4f2c-ada4-1a41e6f7320e,USER_V1_15499183-e525-433d-b7dc-0d2a9ca0db83,recied_by
47,USER_V1_b249b2eb-e319-436f-88a9-e98303428ae5,MESSAGE_V1_74c9fc49-6e0e-42c2-9111-429291cb26ec,reciever
47,MESSAGE_V1_74c9fc49-6e0e-42c2-9111-429291cb26ec,USER_V1_b249b2eb-e319-436f-88a9-e98303428ae5,recied_by
48,USER_V1_10eedaa3-c06c-46f6-8734-611ae0d07d12,MESSAGE_V1_d537e4b1-94e1-4d9b-b1f4-d2d4539ee09e,reciever
48,MESSAGE_V1_d537e4b1-94e1-4d9b-b1f4-d2d4539ee09e,USER_V1_10eedaa3-c06c-46f6-8734-611ae0d07d12,recied_by
49,USER_V1_7b586b25-9776-4792-8aea-aa469df9edc2,MESSAGE_V1_cc232298-5a0f-4a79-b14a-691b2163d247,reciever
49,MESSAGE_V1_cc232298-5a0f-4a79-b14a-691b2163d247,USER_V1_7b586b25-9776-4792-8aea-aa469df9edc2,recied_by
50,USER_V1_d63d60e8-2b5c-4004-aff3-110147c30199,MESSAGE_V1_d7c1b12a-f9c0-41f7-b29e-f95a9916a676,reciever
50,MESSAGE_V1_d7c1b12a-f9c0-41f7-b29e-f95a9916a676,USER_V1_d63d60e8-2b5c-4004-aff3-110147c30199,recied_by
51,USER_V1_dee0cf63-30f6-4fef-9a36-8a50c70807a6,MESSAGE_V1_a2176546-b250-4dc7-813a-5688d58b86d8,reciever
51,MESSAGE_V1_a2176546-b250-4dc7-813a-5688d58b86d8,USER_V1_dee0cf63-30f6-4fef-9a36-8a50c70807a6,recied_by
52,USER_V1_2a7fffc5-065d-4bd0-869f-d28330b810e5,MESSAGE_V1_b88bc4b9-48ed-456a-ad2a-df3e38ca7b9f,reciever
52,MESSAGE_V1_b88bc4b9-48ed-456a-ad2a-df3e38ca7b9f,USER_V1_2a7fffc5-065d-4bd0-869f-d28330b810e5,recied_by
53,USER_V1_d991f3f4-2704-4ac7-a8eb-74299ce8281b,MESSAGE_V1_e7bbcfe5-562c-424b-92eb-82b9c5e60e23,reciever
53,MESSAGE_V1_e7bbcfe5-562c-424b-92eb-82b9c5e60e23,USER_V1_d991f3f4-2704-4ac7-a8eb-74299ce8281b,recied_by
54,USER_V1_d62bfad1-8cb1-416a-8582-9598dc522a4d,MESSAGE_V1_bbf4806c-1693-4c2b-828b-0a0b8d77e47d,reciever
54,MESSAGE_V1_bbf4806c-1693-4c2b-828b-0a0b8d77e47d,USER_V1_d62bfad1-8cb1-416a-8582-9598dc522a4d,recied_by
55,USER_V1_9019efab-c1e3-4ec8-b74c-1b7a38a9297a,MESSAGE_V1_7577d45d-3ca6-47d6-88a3-0d9b89f8dee4,reciever
55,MESSAGE_V1_7577d45d-3ca6-47d6-88a3-0d9b89f8dee4,USER_V1_9019efab-c1e3-4ec8-b74c-1b7a38a9297a,recied_by
56,USER_V1_6b566ea2-b053-43d5-b797-c2440f944165,MESSAGE_V1_32f517a6-cfef-4369-bd6f-cc767fd0bc39,reciever
56,MESSAGE_V1_32f517a6-cfef-4369-bd6f-cc767fd0bc39,USER_V1_6b566ea2-b053-43d5-b797-c2440f944165,recied_by
57,USER_V1_58997e13-6b28-4556-b93b-3f675faae398,MESSAGE_V1_c6506336-98ec-4752-aab8-5d1c85fff62d,reciever
57,MESSAGE_V1_c6506336-98ec-4752-aab8-5d1c85fff62d,USER_V1_58997e13-6b28-4556-b93b-3f675faae398,recied_by
58,USER_V1_b66fd762-3dc3-44aa-9454-6fb5f26352bc,MESSAGE_V1_f4a9f6ec-81c9-413e-952d-73d7a6da5354,reciever
58,MESSAGE_V1_f4a9f6ec-81c9-413e-952d-73d7a6da5354,USER_V1_b66fd762-3dc3-44aa-9454-6fb5f26352bc,recied_by
59,USER_V1_cfc87717-d169-4fd5-8630-af483879a532,MESSAGE_V1_b8df7731-3264-4276-bb55-bb897715abc5,reciever
59,MESSAGE_V1_b8df7731-3264-4276-bb55-bb897715abc5,USER_V1_cfc87717-d169-4fd5-8630-af483879a532,recied_by
60,USER_V1_4f66c152-ac59-40f2-b590-f606e15090cd,MESSAGE_V1_d22f828e-266c-47da-9c38-3a83c5dbb479,reciever
60,MESSAGE_V1_d22f828e-266c-47da-9c38-3a83c5dbb479,USER_V1_4f66c152-ac59-40f2-b590-f606e15090cd,recied_by
61,USER_V1_fc07ab80-6194-4a73-9eaa-96f111f7b263,MESSAGE_V1_4ed2fd9f-712c-4172-a60d-addf039b1f13,reciever
61,MESSAGE_V1_4ed2fd9f-712c-4172-a60d-addf039b1f13,USER_V1_fc07ab80-6194-4a73-9eaa-96f111f7b263,recied_by
62,USER_V1_fc8525da-ea04-4f44-bbdb-631c274f643b,MESSAGE_V1_dc916201-4106-4690-9c86-5cf30b1a7888,reciever
62,MESSAGE_V1_dc916201-4106-4690-9c86-5cf30b1a7888,USER_V1_fc8525da-ea04-4f44-bbdb-631c274f643b,recied_by
63,USER_V1_964933e9-cfd5-4cc5-89ad-067f0c8ad8b7,MESSAGE_V1_6aebae9a-13a3-4dc0-a5cf-e69a522f27ab,reciever
63,MESSAGE_V1_6aebae9a-13a3-4dc0-a5cf-e69a522f27ab,USER_V1_964933e9-cfd5-4cc5-89ad-067f0c8ad8b7,recied_by
64,USER_V1_c698be41-e42a-4c4a-8ebb-7199891b2f1f,MESSAGE_V1_d06a52fa-7e75-425a-839c-27ccec0860ad,reciever
64,MESSAGE_V1_d06a52fa-7e75-425a-839c-27ccec0860ad,USER_V1_c698be41-e42a-4c4a-8ebb-7199891b2f1f,recied_by
65,USER_V1_ff644ef2-59c9-44af-9e88-2d7cf2232c3d,MESSAGE_V1_8137c425-caaf-4e17-925a-26f8719dc5cc,reciever
65,MESSAGE_V1_8137c425-caaf-4e17-925a-26f8719dc5cc,USER_V1_ff644ef2-59c9-44af-9e88-2d7cf2232c3d,recied_by
66,USER_V1_6745bfda-f410-4c8d-9e27-0b84499e360a,MESSAGE_V1_cbe00ff8-8f19-493c-884e-33fcd7a4e05b,reciever
66,MESSAGE_V1_cbe00ff8-8f19-493c-884e-33fcd7a4e05b,USER_V1_6745bfda-f410-4c8d-9e27-0b84499e360a,recied_by
67,USER_V1_f619d377-9bdc-4e94-be48-50ce5f626a3f,MESSAGE_V1_fc63129b-8028-4440-9316-570a230af8a2,reciever
67,MESSAGE_V1_fc63129b-8028-4440-9316-570a230af8a2,USER_V1_f619d377-9bdc-4e94-be48-50ce5f626a3f,recied_by
68,USER_V1_0a6778fc-1e7a-4a22-9949-ec4f83ed5746,MESSAGE_V1_95eccf9b-decf-4164-a851-7408366c84a9,reciever
68,MESSAGE_V1_95eccf9b-decf-4164-a851-7408366c84a9,USER_V1_0a6778fc-1e7a-4a22-9949-ec4f83ed5746,recied_by
69,USER_V1_e7a8cd7a-8867-41bd-bccf-bd625b650f6f,MESSAGE_V1_4e2cc7c2-186b-4ab9-aa4b-4d2fbd73cf26,reciever
69,MESSAGE_V1_4e2cc7c2-186b-4ab9-aa4b-4d2fbd73cf26,USER_V1_e7a8cd7a-8867-41bd-bccf-bd625b650f6f,recied_by
70,USER_V1_11c51b23-0fc0-4c1d-960e-8dacd9a7cb00,MESSAGE_V1_eee1fa2c-81e9-48fb-8abd-b746ea9b3084,reciever
70,MESSAGE_V1_eee1fa2c-81e9-48fb-8abd-b746ea9b3084,USER_V1_11c51b23-0fc0-4c1d-960e-8dacd9a7cb00,recied_by
71,USER_V1_c8b9539f-d1ef-4d83-b6f3-5ca1ec691db6,MESSAGE_V1_b657d672-3e3f-4feb-afa9-e28beb73eb0a,reciever
71,MESSAGE_V1_b657d672-3e3f-4feb-afa9-e28beb73eb0a,USER_V1_c8b9539f-d1ef-4d83-b6f3-5ca1ec691db6,recied_by
72,USER_V1_e51e0027-b321-4823-a285-77605df6abfa,MESSAGE_V1_1462f052-2666-4803-9514-b9ed5c4c01b6,reciever
72,MESSAGE_V1_1462f052-2666-4803-9514-b9ed5c4c01b6,USER_V1_e51e0027-b321-4823-a285-77605df6abfa,recied_by
73,USER_V1_5d672cd9-9870-407d-a3a5-f193c6f0b29c,MESSAGE_V1_5b058f12-dd3e-4d0f-bd59-a95f3b12b01f,reciever
73,MESSAGE_V1_5b058f12-dd3e-4d0f-bd59-a95f3b12b01f,USER_V1_5d672cd9-9870-407d-a3a5-f193c6f0b29c,recied_by
74,USER_V1_2a43ceb1-ecf0-42e2-9052-e965979aefb0,MESSAGE_V1_51f37cfe-e2d1-43da-abf1-42ebd61c0cfd,reciever
74,MESSAGE_V1_51f37cfe-e2d1-43da-abf1-42ebd61c0cfd,USER_V1_2a43ceb1-ecf0-42e2-9052-e965979aefb0,recied_by
75,USER_V1_c7a1040e-1983-42cc-853f-ebd2c883ae38,MESSAGE_V1_bf4c7481-9fc9-43d7-8e27-c0e46080e7e5,reciever
75,MESSAGE_V1_bf4c7481-9fc9-43d7-8e27-c0e46080e7e5,USER_V1_c7a1040e-1983-42cc-853f-ebd2c883ae38,recied_by
76,USER_V1_4f31f8a8-cdee-4a3c-94c8-ddc0d2299bef,MESSAGE_V1_65279c13-913e-402e-922f-8372c949659b,reciever
76,MESSAGE_V1_65279c13-913e-402e-922f-8372c949659b,USER_V1_4f31f8a8-cdee-4a3c-94c8-ddc0d2299bef,recied_by
77,USER_V1_3c6fce18-3ee4-4856-a151-07697aedb459,MESSAGE_V1_f4e1787d-5e05-459c-a6cb-6e27afd9e3a9,reciever
77,MESSAGE_V1_f4e1787d-5e05-459c-a6cb-6e27afd9e3a9,USER_V1_3c6fce18-3ee4-4856-a151-07697aedb459,recied_by
78,USER_V1_ab1051ad-2b5c-449f-b9ab-2441e10f2465,MESSAGE_V1_3142fb28-82de-47d8-9c70-8b785485f735,reciever
78,MESSAGE_V1_3142fb28-82de-47d8-9c70-8b785485f735,USER_V1_ab1051ad-2b5c-449f-b9ab-2441e10f2465,recied_by
79,USER_V1_660fdf71-12fa-484d-a76a-b02a29a72bc8,MESSAGE_V1_2e9d7d0c-0e4f-4ec4-8b87-6966ba6eddba,reciever
79,MESSAGE_V1_2e9d7d0c-0e4f-4ec4-8b87-6966ba6eddba,USER_V1_660fdf71-12fa-484d-a76a-b02a29a72bc8,recied_by
80,USER_V1_40447a76-764f-432f-acdc-6c0e0eda3945,MESSAGE_V1_c3ccd552-923e-4bdf-9dc0-057a1d7b3e9b,reciever
80,MESSAGE_V1_c3ccd552-923e-4bdf-9dc0-057a1d7b3e9b,USER_V1_40447a76-764f-432f-acdc-6c0e0eda3945,recied_by
81,USER_V1_cef7ff35-37a5-4b77-b37f-54f8d1dccac3,MESSAGE_V1_30634e42-24e5-4227-a2a0-1e84d1685d77,reciever
81,MESSAGE_V1_30634e42-24e5-4227-a2a0-1e84d1685d77,USER_V1_cef7ff35-37a5-4b77-b37f-54f8d1dccac3,recied_by
82,USER_V1_20e31b7d-35a2-4895-9cd6-36d1215352ad,MESSAGE_V1_dd363124-dbcd-4c08-9c59-688a902eb23b,reciever
82,MESSAGE_V1_dd363124-dbcd-4c08-9c59-688a902eb23b,USER_V1_20e31b7d-35a2-4895-9cd6-36d1215352ad,recied_by
83,USER_V1_07e1922d-cba7-46d0-8ab5-88a0622f5a6b,MESSAGE_V1_b44fd3bf-fd5f-4e63-8be4-e99ef6f8a0f0,reciever
83,MESSAGE_V1_b44fd3bf-fd5f-4e63-8be4-e99ef6f8a0f0,USER_V1_07e1922d-cba7-46d0-8ab5-88a0622f5a6b,recied_by
84,USER_V1_d7a61b12-49d2-4cb7-a441-649444b1b09f,MESSAGE_V1_72976bea-7288-4d64-a3ef-2753d30542a6,reciever
84,MESSAGE_V1_72976bea-7288-4d64-a3ef-2753d30542a6,USER_V1_d7a61b12-49d2-4cb7-a441-649444b1b09f,recied_by
85,USER_V1_33225b11-3cdb-4d4d-ab42-14f57e7fef23,MESSAGE_V1_2fa239a3-ebbd-4e3e-8420-ccac2fe727d0,reciever
85,MESSAGE_V1_2fa239a3-ebbd-4e3e-8420-ccac2fe727d0,USER_V1_33225b11-3cdb-4d4d-ab42-14f57e7fef23,recied_by
86,USER_V1_5820ce81-c342-46c0-ab9a-e93e80b7a392,MESSAGE_V1_49474d3a-a6b8-482c-82f8-8014e35f5c2d,reciever
86,MESSAGE_V1_49474d3a-a6b8-482c-82f8-8014e35f5c2d,USER_V1_5820ce81-c342-46c0-ab9a-e93e80b7a392,recied_by
87,USER_V1_cb0c7426-8ec9-43c8-89d6-163e6b8cb6e9,MESSAGE_V1_0c746d8f-0712-4a42-8ff6-e83201ed07a8,reciever
87,MESSAGE_V1_0c746d8f-0712-4a42-8ff6-e83201ed07a8,USER_V1_cb0c7426-8ec9-43c8-89d6-163e6b8cb6e9,recied_by
88,USER_V1_4e058caf-a51c-4968-8a0c-3844256aae6a,MESSAGE_V1_c32732a0-b691-4cac-b0ae-05a683105a92,reciever
88,MESSAGE_V1_c32732a0-b691-4cac-b0ae-05a683105a92,USER_V1_4e058caf-a51c-4968-8a0c-3844256aae6a,recied_by
89,USER_V1_1a114752-fa4a-4551-84b1-e098a75f7ee3,MESSAGE_V1_c4299bf8-99fc-4f5b-931c-389949d999c8,reciever
89,MESSAGE_V1_c4299bf8-99fc-4f5b-931c-389949d999c8,USER_V1_1a114752-fa4a-4551-84b1-e098a75f7ee3,recied_by
90,USER_V1_2c5f1cfa-3536-4e96-9d37-32db9e0bec19,MESSAGE_V1_dd914d6f-2816-4cc8-a9d9-4a1042fd1a1b,reciever
90,MESSAGE_V1_dd914d6f-2816-4cc8-a9d9-4a1042fd1a1b,USER_V1_2c5f1cfa-3536-4e96-9d37-32db9e0bec19,recied_by
91,USER_V1_a243c947-3fa9-4091-8ca5-4c4d16a64d6e,MESSAGE_V1_fb296afd-c6e6-45ae-84c8-b20218d5f41b,reciever
91,MESSAGE_V1_fb296afd-c6e6-45ae-84c8-b20218d5f41b,USER_V1_a243c947-3fa9-4091-8ca5-4c4d16a64d6e,recied_by
92,USER_V1_0f53a6dc-5018-4184-9606-671344c2d4de,MESSAGE_V1_f60baddf-a68b-4650-a7ec-2b30a5f9c408,reciever
92,MESSAGE_V1_f60baddf-a68b-4650-a7ec-2b30a5f9c408,USER_V1_0f53a6dc-5018-4184-9606-671344c2d4de,recied_by
93,USER_V1_6bf4137c-dc5a-4447-8e2b-5daf51026a1f,MESSAGE_V1_4968f047-6b03-4732-a2e8-0879cfa73547,reciever
93,MESSAGE_V1_4968f047-6b03-4732-a2e8-0879cfa73547,USER_V1_6bf4137c-dc5a-4447-8e2b-5daf51026a1f,recied_by
94,USER_V1_f6b736e4-5402-4871-ac5a-3365b6f55ced,MESSAGE_V1_b1e1f399-9f2f-4c45-b5ec-9c9b65d6a210,reciever
94,MESSAGE_V1_b1e1f399-9f2f-4c45-b5ec-9c9b65d6a210,USER_V1_f6b736e4-5402-4871-ac5a-3365b6f55ced,recied_by
95,USER_V1_a2e6ea38-782d-4b64-b7b3-36bde6577f69,MESSAGE_V1_1deb2857-cfa0-4841-80bc-e4ad41f11bc2,reciever
95,MESSAGE_V1_1deb2857-cfa0-4841-80bc-e4ad41f11bc2,USER_V1_a2e6ea38-782d-4b64-b7b3-36bde6577f69,recied_by
96,USER_V1_759604a6-ff62-4cd4-bf72-4addf0d0ac53,MESSAGE_V1_22ff630e-194b-49fe-930f-adea33636bfd,reciever
96,MESSAGE_V1_22ff630e-194b-49fe-930f-adea33636bfd,USER_V1_759604a6-ff62-4cd4-bf72-4addf0d0ac53,recied_by
97,USER_V1_eb26e525-bccb-4b4d-bd8a-0dfe4343f4e0,MESSAGE_V1_82900173-5d77-4bde-b959-e41dbbec9c2f,reciever
97,MESSAGE_V1_82900173-5d77-4bde-b959-e41dbbec9c2f,USER_V1_eb26e525-bccb-4b4d-bd8a-0dfe4343f4e0,recied_by
98,USER_V1_93076fa1-9f2c-4fa6-86d2-0e8382561a56,MESSAGE_V1_2ab58b7a-8b62-4bc9-b4fc-26d4cac426b7,reciever
98,MESSAGE_V1_2ab58b7a-8b62-4bc9-b4fc-26d4cac426b7,USER_V1_93076fa1-9f2c-4fa6-86d2-0e8382561a56,recied_by
99,USER_V1_33177769-e52a-4c50-b2ed-09fc757c6d15,MESSAGE_V1_e3733c87-0f74-4e37-9750-7e7e52548264,reciever
99,MESSAGE_V1_e3733c87-0f74-4e37-9750-7e7e52548264,USER_V1_33177769-e52a-4c50-b2ed-09fc757c6d15,recied_by
100,USER_V1_ccf0eb86-2d00-4889-9489-6b3b3479620c,MESSAGE_V1_0fbdc2e0-5416-42d6-a852-b6ef5f235726,reciever
100,MESSAGE_V1_0fbdc2e0-5416-42d6-a852-b6ef5f235726,USER_V1_ccf0eb86-2d00-4889-9489-6b3b3479620c,recied_by
101,USER_V1_c0db621f-cb75-4685-9644-cdf18e9bdb86,MESSAGE_V1_9f5521fa-099e-4e5a-bb42-633956ed4665,reciever
101,MESSAGE_V1_9f5521fa-099e-4e5a-bb42-633956ed4665,USER_V1_c0db621f-cb75-4685-9644-cdf18e9bdb86,recied_by
102,USER_V1_8962e11a-1273-49ce-b682-651484293293,MESSAGE_V1_1e00998b-2f64-410c-bd33-0d13972e442b,reciever
102,MESSAGE_V1_1e00998b-2f64-410c-bd33-0d13972e442b,USER_V1_8962e11a-1273-49ce-b682-651484293293,recied_by
103,USER_V1_92f7898b-a337-4f48-b158-95d653bed77b,MESSAGE_V1_a682d432-e439-4ced-acc7-983d78d28c01,reciever
103,MESSAGE_V1_a682d432-e439-4ced-acc7-983d78d28c01,USER_V1_92f7898b-a337-4f48-b158-95d653bed77b,recied_by
104,USER_V1_7a4f25d4-d17d-4061-932e-1520d7304cbc,MESSAGE_V1_796b32d3-caa7-4277-a8fa-1e2dc4ae92f8,reciever
104,MESSAGE_V1_796b32d3-caa7-4277-a8fa-1e2dc4ae92f8,USER_V1_7a4f25d4-d17d-4061-932e-1520d7304cbc,recied_by
105,USER_V1_b784fbb2-97f1-4a32-95c9-5064493e70b5,MESSAGE_V1_3a96feea-85ee-446c-88bb-cb7c289b67eb,reciever
105,MESSAGE_V1_3a96feea-85ee-446c-88bb-cb7c289b67eb,USER_V1_b784fbb2-97f1-4a32-95c9-5064493e70b5,recied_by
106,USER_V1_93f49fbe-0cab-4c41-8425-259915d8789b,MESSAGE_V1_73cbb15d-e8b9-4112-8fa2-400892584b6c,reciever
106,MESSAGE_V1_73cbb15d-e8b9-4112-8fa2-400892584b6c,USER_V1_93f49fbe-0cab-4c41-8425-259915d8789b,recied_by
107,USER_V1_bcc99a58-443a-428d-b922-c28ce0a8fe35,MESSAGE_V1_fd560097-601e-4752-8a2e-0ac75a10a739,reciever
107,MESSAGE_V1_fd560097-601e-4752-8a2e-0ac75a10a739,USER_V1_bcc99a58-443a-428d-b922-c28ce0a8fe35,recied_by
108,USER_V1_df76cc91-7710-4360-bd68-9701a872ccf3,MESSAGE_V1_27c06132-dc4d-4565-afbb-f9d298458646,reciever
108,MESSAGE_V1_27c06132-dc4d-4565-afbb-f9d298458646,USER_V1_df76cc91-7710-4360-bd68-9701a872ccf3,recied_by
109,USER_V1_44770b99-4897-436f-afa9-2c425270a814,MESSAGE_V1_0de8dcb9-d9fc-4b37-b3b7-01ed9efe23bf,reciever
109,MESSAGE_V1_0de8dcb9-d9fc-4b37-b3b7-01ed9efe23bf,USER_V1_44770b99-4897-436f-afa9-2c425270a814,recied_by
110,USER_V1_4acf3364-ae18-401a-935a-3392504d2cac,MESSAGE_V1_94e35d6f-4e35-4a30-92c4-689d4759778b,reciever
110,MESSAGE_V1_94e35d6f-4e35-4a30-92c4-689d4759778b,USER_V1_4acf3364-ae18-401a-935a-3392504d2cac,recied_by
111,USER_V1_3e43747d-ea1f-4663-8117-6928bc037d17,MESSAGE_V1_10650fb7-7d11-42d8-9e86-c9b0e9f237bb,reciever
111,MESSAGE_V1_10650fb7-7d11-42d8-9e86-c9b0e9f237bb,USER_V1_3e43747d-ea1f-4663-8117-6928bc037d17,recied_by
112,USER_V1_5d5a3509-dc14-4e4d-a00a-8d2cc7ed6563,MESSAGE_V1_7bd8a4d9-7b32-44c2-99db-c64e4abd4d02,reciever
112,MESSAGE_V1_7bd8a4d9-7b32-44c2-99db-c64e4abd4d02,USER_V1_5d5a3509-dc14-4e4d-a00a-8d2cc7ed6563,recied_by
113,USER_V1_caf247fe-0007-4c54-9223-3eddacfea004,MESSAGE_V1_19438b27-93f6-494e-b438-facd53590bab,reciever
113,MESSAGE_V1_19438b27-93f6-494e-b438-facd53590bab,USER_V1_caf247fe-0007-4c54-9223-3eddacfea004,recied_by
114,USER_V1_c2992f0b-5c70-4716-857b-6ff25d8bc3f1,MESSAGE_V1_d15b7c91-b0f0-4516-b496-a81ffb106fb7,reciever
114,MESSAGE_V1_d15b7c91-b0f0-4516-b496-a81ffb106fb7,USER_V1_c2992f0b-5c70-4716-857b-6ff25d8bc3f1,recied_by
115,USER_V1_399a922b-c72e-4638-a2e0-71fa8b014d22,MESSAGE_V1_73e7a5b1-6b9e-4c99-ac9f-b29fc3b112f3,reciever
115,MESSAGE_V1_73e7a5b1-6b9e-4c99-ac9f-b29fc3b112f3,USER_V1_399a922b-c72e-4638-a2e0-71fa8b014d22,recied_by
116,USER_V1_68eb1703-d180-4177-8541-56ef5ba68074,MESSAGE_V1_f0181f08-09ce-4ae1-a2e8-13c7c8830643,reciever
116,MESSAGE_V1_f0181f08-09ce-4ae1-a2e8-13c7c8830643,USER_V1_68eb1703-d180-4177-8541-56ef5ba68074,recied_by
117,USER_V1_0b7a18be-b6b0-4453-abe0-88e4d8e48372,MESSAGE_V1_61c1527c-5bb0-4c54-84fb-167c1f4d7e94,reciever
117,MESSAGE_V1_61c1527c-5bb0-4c54-84fb-167c1f4d7e94,USER_V1_0b7a18be-b6b0-4453-abe0-88e4d8e48372,recied_by
118,USER_V1_8853bf3a-76f3-4e39-a586-d87621e97ae0,MESSAGE_V1_9be799fc-f84d-481c-8f1b-591bad09e78c,reciever
118,MESSAGE_V1_9be799fc-f84d-481c-8f1b-591bad09e78c,USER_V1_8853bf3a-76f3-4e39-a586-d87621e97ae0,recied_by
119,USER_V1_69d051d1-a668-46eb-b74a-df2bbc1abbdf,MESSAGE_V1_360b4f9c-dd63-4743-a924-9442731c582b,reciever
119,MESSAGE_V1_360b4f9c-dd63-4743-a924-9442731c582b,USER_V1_69d051d1-a668-46eb-b74a-df2bbc1abbdf,recied_by
120,USER_V1_3cc0ba36-4a9f-4015-9cf7-67bb4099bcb5,MESSAGE_V1_179769bf-8df5-46e2-b96a-040eb94ae7ea,reciever
120,MESSAGE_V1_179769bf-8df5-46e2-b96a-040eb94ae7ea,USER_V1_3cc0ba36-4a9f-4015-9cf7-67bb4099bcb5,recied_by
121,USER_V1_efd54b1c-1fff-44f1-af16-d142b9cb401d,MESSAGE_V1_6c320850-f192-4b78-8127-39be9b447a53,reciever
121,MESSAGE_V1_6c320850-f192-4b78-8127-39be9b447a53,USER_V1_efd54b1c-1fff-44f1-af16-d142b9cb401d,recied_by
122,USER_V1_9497faa2-a12b-450d-b2d8-e47745f0346c,MESSAGE_V1_0bbc054a-9746-4982-be3d-db41e5f71426,reciever
122,MESSAGE_V1_0bbc054a-9746-4982-be3d-db41e5f71426,USER_V1_9497faa2-a12b-450d-b2d8-e47745f0346c,recied_by
123,USER_V1_4745e08a-4bad-4f21-ba85-819ad9584e8b,MESSAGE_V1_36ca150a-74f9-4dee-a353-1dd35a29fdde,reciever
123,MESSAGE_V1_36ca150a-74f9-4dee-a353-1dd35a29fdde,USER_V1_4745e08a-4bad-4f21-ba85-819ad9584e8b,recied_by
124,USER_V1_e480bab3-12ea-4769-b41c-46759845d82b,MESSAGE_V1_cf6a9f89-586f-47d4-a928-e6eb0b91a279,reciever
124,MESSAGE_V1_cf6a9f89-586f-47d4-a928-e6eb0b91a279,USER_V1_e480bab3-12ea-4769-b41c-46759845d82b,recied_by
125,USER_V1_42555fa1-b70f-4b42-864e-da72822924e2,MESSAGE_V1_24eddde7-86ee-4d92-b7f1-a55f08275d67,reciever
125,MESSAGE_V1_24eddde7-86ee-4d92-b7f1-a55f08275d67,USER_V1_42555fa1-b70f-4b42-864e-da72822924e2,recied_by
126,USER_V1_aa820785-58d0-4f9f-b798-6a26263c2090,MESSAGE_V1_a0e5ada4-f3d4-446e-847f-cf602e548b67,reciever
126,MESSAGE_V1_a0e5ada4-f3d4-446e-847f-cf602e548b67,USER_V1_aa820785-58d0-4f9f-b798-6a26263c2090,recied_by
127,USER_V1_19d1f94e-93ff-42e1-a174-aafdc3225361,MESSAGE_V1_a3050c6c-24fc-4521-bb8c-2c8370a58797,reciever
127,MESSAGE_V1_a3050c6c-24fc-4521-bb8c-2c8370a58797,USER_V1_19d1f94e-93ff-42e1-a174-aafdc3225361,recied_by
128,USER_V1_379d6a54-ddee-48ab-98dd-a2a8d9cb847c,MESSAGE_V1_e519f832-c836-4b40-bafb-57710b95a26e,reciever
128,MESSAGE_V1_e519f832-c836-4b40-bafb-57710b95a26e,USER_V1_379d6a54-ddee-48ab-98dd-a2a8d9cb847c,recied_by
129,USER_V1_78b6e52d-8bc5-485c-9b14-9be42442f9cb,MESSAGE_V1_298abcd2-b75c-4fdc-8c28-13e9fc202a81,reciever
129,MESSAGE_V1_298abcd2-b75c-4fdc-8c28-13e9fc202a81,USER_V1_78b6e52d-8bc5-485c-9b14-9be42442f9cb,recied_by
130,USER_V1_26239bfe-5d4f-4365-b539-be1c037f6b70,MESSAGE_V1_0b7fdeab-705f-4661-ad2e-0ed1685fcb01,reciever
130,MESSAGE_V1_0b7fdeab-705f-4661-ad2e-0ed1685fcb01,USER_V1_26239bfe-5d4f-4365-b539-be1c037f6b70,recied_by
131,USER_V1_993a385e-4645-4bb9-a0c4-0d6d7c761265,MESSAGE_V1_3794994c-2310-4f9d-9aef-dd59882f5e99,reciever
131,MESSAGE_V1_3794994c-2310-4f9d-9aef-dd59882f5e99,USER_V1_993a385e-4645-4bb9-a0c4-0d6d7c761265,recied_by
132,USER_V1_0831d490-a02b-4a7a-93e5-a25ebd98f953,MESSAGE_V1_556e2d7a-5d07-41e1-ac0f-9e7fdc9ffac8,reciever
132,MESSAGE_V1_556e2d7a-5d07-41e1-ac0f-9e7fdc9ffac8,USER_V1_0831d490-a02b-4a7a-93e5-a25ebd98f953,recied_by
133,USER_V1_8827ad78-e15b-49be-9508-d2b7aac512d5,MESSAGE_V1_d614651c-9116-42a1-80ed-b7eac3033039,reciever
133,MESSAGE_V1_d614651c-9116-42a1-80ed-b7eac3033039,USER_V1_8827ad78-e15b-49be-9508-d2b7aac512d5,recied_by
134,USER_V1_5f397f7b-87d5-497c-b001-63a917156fb0,MESSAGE_V1_50d775a3-5232-430e-ba5e-cd3ced4a5ed0,reciever
134,MESSAGE_V1_50d775a3-5232-430e-ba5e-cd3ced4a5ed0,USER_V1_5f397f7b-87d5-497c-b001-63a917156fb0,recied_by
135,USER_V1_2d9b0734-f23a-45b9-b031-e94610aac5b9,MESSAGE_V1_8ad7a8db-c454-4f50-865e-d0b7ea801ab6,reciever
135,MESSAGE_V1_8ad7a8db-c454-4f50-865e-d0b7ea801ab6,USER_V1_2d9b0734-f23a-45b9-b031-e94610aac5b9,recied_by
136,USER_V1_96ebda4f-fe43-4800-afd3-c107f6e667af,MESSAGE_V1_7fec87a7-fbb3-4a6a-90c1-1aebb98350da,reciever
136,MESSAGE_V1_7fec87a7-fbb3-4a6a-90c1-1aebb98350da,USER_V1_96ebda4f-fe43-4800-afd3-c107f6e667af,recied_by
137,USER_V1_ecfa696f-f51b-4f7d-984f-1ee87458e72c,MESSAGE_V1_5f7d8382-f6d8-4700-bba0-db9a06957040,reciever
137,MESSAGE_V1_5f7d8382-f6d8-4700-bba0-db9a06957040,USER_V1_ecfa696f-f51b-4f7d-984f-1ee87458e72c,recied_by
138,USER_V1_5d81500a-fd8c-4712-9bf0-16c5b525a66f,MESSAGE_V1_2f7e3501-1706-461c-952c-2d36c6498272,reciever
138,MESSAGE_V1_2f7e3501-1706-461c-952c-2d36c6498272,USER_V1_5d81500a-fd8c-4712-9bf0-16c5b525a66f,recied_by
139,USER_V1_237591a1-9216-47de-92d9-e1cf93246429,MESSAGE_V1_c1401339-6461-4d30-9fd1-bbe58de2a89d,reciever
139,MESSAGE_V1_c1401339-6461-4d30-9fd1-bbe58de2a89d,USER_V1_237591a1-9216-47de-92d9-e1cf93246429,recied_by
140,USER_V1_800c681f-41bc-4c20-83f0-3fef72c31377,MESSAGE_V1_d6de58f8-db82-4838-bcbf-fab93e99335f,reciever
140,MESSAGE_V1_d6de58f8-db82-4838-bcbf-fab93e99335f,USER_V1_800c681f-41bc-4c20-83f0-3fef72c31377,recied_by
141,USER_V1_6489db1e-c258-4d09-8274-3488ac7a55f7,MESSAGE_V1_612dd058-bb7c-478b-8065-b7c8e258de59,reciever
141,MESSAGE_V1_612dd058-bb7c-478b-8065-b7c8e258de59,USER_V1_6489db1e-c258-4d09-8274-3488ac7a55f7,recied_by
142,USER_V1_620445c1-8420-4706-b7fc-6baba54eef99,MESSAGE_V1_38f720b6-5c58-49e8-9287-3e627cde8998,reciever
142,MESSAGE_V1_38f720b6-5c58-49e8-9287-3e627cde8998,USER_V1_620445c1-8420-4706-b7fc-6baba54eef99,recied_by
143,USER_V1_3b207b96-0034-4bac-a963-f09bf5e0c4da,MESSAGE_V1_7b746bbb-510a-412c-840e-03abc790ebcf,reciever
143,MESSAGE_V1_7b746bbb-510a-412c-840e-03abc790ebcf,USER_V1_3b207b96-0034-4bac-a963-f09bf5e0c4da,recied_by
144,USER_V1_4fdbc7cd-5c61-4c7b-9ab9-5561884802f4,MESSAGE_V1_f8506719-3355-4d2f-b975-d27c60c6d8a6,reciever
144,MESSAGE_V1_f8506719-3355-4d2f-b975-d27c60c6d8a6,USER_V1_4fdbc7cd-5c61-4c7b-9ab9-5561884802f4,recied_by
145,USER_V1_380273ad-d7f4-42cc-bd5d-d384c026c36f,MESSAGE_V1_0ac57f3b-5da6-4367-a8fe-6dd87ce8bc54,reciever
145,MESSAGE_V1_0ac57f3b-5da6-4367-a8fe-6dd87ce8bc54,USER_V1_380273ad-d7f4-42cc-bd5d-d384c026c36f,recied_by
146,USER_V1_6038c1a7-092d-45b6-a8d5-370e13d061e6,MESSAGE_V1_85d7a7d2-c647-42bd-aedb-282d830ed58a,reciever
146,MESSAGE_V1_85d7a7d2-c647-42bd-aedb-282d830ed58a,USER_V1_6038c1a7-092d-45b6-a8d5-370e13d061e6,recied_by
147,USER_V1_5afca495-d057-4312-b12f-f500eb7c8123,MESSAGE_V1_465659d4-6a1a-4175-afb6-26a19ffa5be2,reciever
147,MESSAGE_V1_465659d4-6a1a-4175-afb6-26a19ffa5be2,USER_V1_5afca495-d057-4312-b12f-f500eb7c8123,recied_by
148,USER_V1_ce553553-0a05-430f-9f3a-286f6dbf02db,MESSAGE_V1_e0e596b0-8840-41a9-84f2-48282674efa1,reciever
148,MESSAGE_V1_e0e596b0-8840-41a9-84f2-48282674efa1,USER_V1_ce553553-0a05-430f-9f3a-286f6dbf02db,recied_by
149,USER_V1_b53695f8-58ca-4e27-832b-0afd7836732e,MESSAGE_V1_14530e1c-9763-4bf7-8d43-2b4d2942bccf,reciever
149,MESSAGE_V1_14530e1c-9763-4bf7-8d43-2b4d2942bccf,USER_V1_b53695f8-58ca-4e27-832b-0afd7836732e,recied_by
150,USER_V1_a5a82def-ca5f-49c3-bca7-4d8615859afc,MESSAGE_V1_3edb8dd3-ae3b-4acd-b604-442b83290f0a,reciever
150,MESSAGE_V1_3edb8dd3-ae3b-4acd-b604-442b83290f0a,USER_V1_a5a82def-ca5f-49c3-bca7-4d8615859afc,recied_by
151,USER_V1_a6ec28bc-0f68-4580-8773-96614aa09905,MESSAGE_V1_1c5749a6-ead7-4478-9569-de627598c40b,reciever
151,MESSAGE_V1_1c5749a6-ead7-4478-9569-de627598c40b,USER_V1_a6ec28bc-0f68-4580-8773-96614aa09905,recied_by
152,USER_V1_3a050e80-b489-4e0c-a276-3b04cabe0206,MESSAGE_V1_0c2980c8-338b-468e-9aac-65114cade05b,reciever
152,MESSAGE_V1_0c2980c8-338b-468e-9aac-65114cade05b,USER_V1_3a050e80-b489-4e0c-a276-3b04cabe0206,recied_by
153,USER_V1_cf2d3353-fa09-4cf7-8383-bc7a07863bd7,MESSAGE_V1_7c3dd906-3940-4c54-9a9e-d72d30a0f3ec,reciever
153,MESSAGE_V1_7c3dd906-3940-4c54-9a9e-d72d30a0f3ec,USER_V1_cf2d3353-fa09-4cf7-8383-bc7a07863bd7,recied_by
154,USER_V1_3ef3c91f-7146-4369-b765-6666f231b19d,MESSAGE_V1_2a7f6461-743b-4366-a532-a86332187951,reciever
154,MESSAGE_V1_2a7f6461-743b-4366-a532-a86332187951,USER_V1_3ef3c91f-7146-4369-b765-6666f231b19d,recied_by
155,USER_V1_b12b913a-287e-4b3c-838f-025aeb1a99c0,MESSAGE_V1_d3ede099-e671-4d28-94d9-a704b6dcb551,reciever
155,MESSAGE_V1_d3ede099-e671-4d28-94d9-a704b6dcb551,USER_V1_b12b913a-287e-4b3c-838f-025aeb1a99c0,recied_by
156,USER_V1_73ac7f36-6013-4487-8cf4-ebd2290a2a5f,MESSAGE_V1_dbd9dcc7-d6b1-4fd8-b8de-d8db18fe3349,reciever
156,MESSAGE_V1_dbd9dcc7-d6b1-4fd8-b8de-d8db18fe3349,USER_V1_73ac7f36-6013-4487-8cf4-ebd2290a2a5f,recied_by
157,USER_V1_d98161d2-ab31-4a04-af04-6473a1ed2a69,MESSAGE_V1_b8a8a333-c6f4-4940-8788-aa48b2ad5990,reciever
157,MESSAGE_V1_b8a8a333-c6f4-4940-8788-aa48b2ad5990,USER_V1_d98161d2-ab31-4a04-af04-6473a1ed2a69,recied_by
158,USER_V1_10ab43a9-5013-4135-aa49-1dafc88d7f47,MESSAGE_V1_95f86869-4a92-4ab9-b772-8c20fa2c931a,reciever
158,MESSAGE_V1_95f86869-4a92-4ab9-b772-8c20fa2c931a,USER_V1_10ab43a9-5013-4135-aa49-1dafc88d7f47,recied_by
159,USER_V1_11c51b23-0fc0-4c1d-960e-8dacd9a7cb00,MESSAGE_V1_65bf0357-4fe6-4539-ad84-9765d1c2c229,reciever
159,MESSAGE_V1_65bf0357-4fe6-4539-ad84-9765d1c2c229,USER_V1_11c51b23-0fc0-4c1d-960e-8dacd9a7cb00,recied_by
160,USER_V1_fe12f74d-70af-4871-9bf4-4e1f9302ee63,MESSAGE_V1_8ac4bf54-f20e-49b9-90bb-0cce04970460,reciever
160,MESSAGE_V1_8ac4bf54-f20e-49b9-90bb-0cce04970460,USER_V1_fe12f74d-70af-4871-9bf4-4e1f9302ee63,recied_by
161,USER_V1_931e73c7-3f90-4de6-9906-62a71c35c8b2,MESSAGE_V1_4079215b-bc33-4bac-a89d-e5fd1511d3c7,reciever
161,MESSAGE_V1_4079215b-bc33-4bac-a89d-e5fd1511d3c7,USER_V1_931e73c7-3f90-4de6-9906-62a71c35c8b2,recied_by
162,USER_V1_2aeda578-cf37-4cd2-be4f-15ee1a3af018,MESSAGE_V1_9fab8b9a-afd8-46e3-92a2-7f79d785e115,reciever
162,MESSAGE_V1_9fab8b9a-afd8-46e3-92a2-7f79d785e115,USER_V1_2aeda578-cf37-4cd2-be4f-15ee1a3af018,recied_by
163,USER_V1_074c7201-097a-4f13-8c12-22d3016023ef,MESSAGE_V1_ec0003be-ac43-44a3-8e4c-38d9acc0b4b4,reciever
163,MESSAGE_V1_ec0003be-ac43-44a3-8e4c-38d9acc0b4b4,USER_V1_074c7201-097a-4f13-8c12-22d3016023ef,recied_by
164,USER_V1_5dd1db1f-30d1-40b5-9dbd-f847a91dc06b,MESSAGE_V1_385fa746-784b-4799-a1e9-bb66bdf08cc4,reciever
164,MESSAGE_V1_385fa746-784b-4799-a1e9-bb66bdf08cc4,USER_V1_5dd1db1f-30d1-40b5-9dbd-f847a91dc06b,recied_by
165,USER_V1_43123466-fca3-4fef-be84-40389ea0113d,MESSAGE_V1_2a929a05-2c18-4c9a-a2d4-1b7d897bc1ba,reciever
165,MESSAGE_V1_2a929a05-2c18-4c9a-a2d4-1b7d897bc1ba,USER_V1_43123466-fca3-4fef-be84-40389ea0113d,recied_by
166,USER_V1_42481020-873c-49b2-ab32-e218cb71e15c,MESSAGE_V1_88ab67e2-ae77-4387-9242-6b7a70cdcb6e,reciever
166,MESSAGE_V1_88ab67e2-ae77-4387-9242-6b7a70cdcb6e,USER_V1_42481020-873c-49b2-ab32-e218cb71e15c,recied_by
167,USER_V1_6b23e1e4-390b-479c-bb6a-ca59337ba88a,MESSAGE_V1_4720d1c2-6fb3-456f-8674-881226ba56da,reciever
167,MESSAGE_V1_4720d1c2-6fb3-456f-8674-881226ba56da,USER_V1_6b23e1e4-390b-479c-bb6a-ca59337ba88a,recied_by
168,USER_V1_5a8986c2-b1e4-46bf-82e6-f006ab055ad2,MESSAGE_V1_53b61e5f-e948-49a4-8695-1d44a69e0b2f,reciever
168,MESSAGE_V1_53b61e5f-e948-49a4-8695-1d44a69e0b2f,USER_V1_5a8986c2-b1e4-46bf-82e6-f006ab055ad2,recied_by
169,USER_V1_3258de55-f141-4291-abf3-4703dcf38d32,MESSAGE_V1_4222aadc-f154-4411-9df3-e8c4742eb1b2,reciever
169,MESSAGE_V1_4222aadc-f154-4411-9df3-e8c4742eb1b2,USER_V1_3258de55-f141-4291-abf3-4703dcf38d32,recied_by
170,USER_V1_64c9a489-3134-4c8a-b227-f6d1afca8e7c,MESSAGE_V1_c1123bd4-38d5-40a9-b52b-e57f827c6519,reciever
170,MESSAGE_V1_c1123bd4-38d5-40a9-b52b-e57f827c6519,USER_V1_64c9a489-3134-4c8a-b227-f6d1afca8e7c,recied_by
171,USER_V1_39af71ae-5f9d-4330-8bae-21493f2cbdc0,MESSAGE_V1_c25df712-039f-47d0-8e86-a1bbe50f9397,reciever
171,MESSAGE_V1_c25df712-039f-47d0-8e86-a1bbe50f9397,USER_V1_39af71ae-5f9d-4330-8bae-21493f2cbdc0,recied_by
172,USER_V1_022e955d-e8de-4df5-a0ef-9a5dae24aae0,MESSAGE_V1_049069f3-cda0-490a-be64-da0d25b8c0d1,reciever
172,MESSAGE_V1_049069f3-cda0-490a-be64-da0d25b8c0d1,USER_V1_022e955d-e8de-4df5-a0ef-9a5dae24aae0,recied_by
173,USER_V1_c6c90768-8138-4bbc-bd0c-43e6fe52ed92,MESSAGE_V1_2f959d96-777b-464b-bcb0-6e9ff6790347,reciever
173,MESSAGE_V1_2f959d96-777b-464b-bcb0-6e9ff6790347,USER_V1_c6c90768-8138-4bbc-bd0c-43e6fe52ed92,recied_by
174,USER_V1_748578ad-61d0-4571-bc60-3568c5b8a87e,MESSAGE_V1_4c1f2dbe-f400-4825-a733-78bf33f8abcb,reciever
174,MESSAGE_V1_4c1f2dbe-f400-4825-a733-78bf33f8abcb,USER_V1_748578ad-61d0-4571-bc60-3568c5b8a87e,recied_by
175,USER_V1_fcbebcae-9ae4-48a6-b2c5-66e989dff0cc,MESSAGE_V1_6764a03d-9133-4482-adc6-8a3083d48b2c,reciever
175,MESSAGE_V1_6764a03d-9133-4482-adc6-8a3083d48b2c,USER_V1_fcbebcae-9ae4-48a6-b2c5-66e989dff0cc,recied_by
176,USER_V1_8ab217cb-d02a-4903-ab63-b02afea400c3,MESSAGE_V1_5d51eb87-75fd-470b-a816-264efd4a752f,reciever
176,MESSAGE_V1_5d51eb87-75fd-470b-a816-264efd4a752f,USER_V1_8ab217cb-d02a-4903-ab63-b02afea400c3,recied_by
177,USER_V1_83d18f99-7fe1-4250-9221-714dbb671260,MESSAGE_V1_750c9b8c-e7d6-4cec-9c91-3e759ff92887,reciever
177,MESSAGE_V1_750c9b8c-e7d6-4cec-9c91-3e759ff92887,USER_V1_83d18f99-7fe1-4250-9221-714dbb671260,recied_by
178,USER_V1_54fb9e5c-4663-4c73-9b57-12aeb75b8387,MESSAGE_V1_ac4c527b-943f-442b-a92e-85f3759846aa,reciever
178,MESSAGE_V1_ac4c527b-943f-442b-a92e-85f3759846aa,USER_V1_54fb9e5c-4663-4c73-9b57-12aeb75b8387,recied_by
179,USER_V1_bf0c69eb-bcee-4622-8c9e-6adf525a9f2d,MESSAGE_V1_a5c67bfa-7e42-42f8-bcc6-605d18fabd52,reciever
179,MESSAGE_V1_a5c67bfa-7e42-42f8-bcc6-605d18fabd52,USER_V1_bf0c69eb-bcee-4622-8c9e-6adf525a9f2d,recied_by
180,USER_V1_af1c43df-6755-4c5d-8be0-82c1838b5e57,MESSAGE_V1_da170280-f9b1-4559-84d7-05b4f14eb4af,reciever
180,MESSAGE_V1_da170280-f9b1-4559-84d7-05b4f14eb4af,USER_V1_af1c43df-6755-4c5d-8be0-82c1838b5e57,recied_by
181,USER_V1_ef9fc59a-4efe-4a67-b633-55c11b5a1b94,MESSAGE_V1_2ff17e88-05bc-40af-87ff-af5e876c7fa6,reciever
181,MESSAGE_V1_2ff17e88-05bc-40af-87ff-af5e876c7fa6,USER_V1_ef9fc59a-4efe-4a67-b633-55c11b5a1b94,recied_by
182,USER_V1_a147207c-bfdd-4bb0-99d0-dc27b6787bcf,MESSAGE_V1_07a4cf5c-3995-4c45-8388-9d5f327570ff,reciever
182,MESSAGE_V1_07a4cf5c-3995-4c45-8388-9d5f327570ff,USER_V1_a147207c-bfdd-4bb0-99d0-dc27b6787bcf,recied_by
183,USER_V1_c759f8fd-9b5b-4c33-9dd5-f3a54bcf9829,MESSAGE_V1_22f9c46b-a8cf-413f-ad26-9761edb18676,reciever
183,MESSAGE_V1_22f9c46b-a8cf-413f-ad26-9761edb18676,USER_V1_c759f8fd-9b5b-4c33-9dd5-f3a54bcf9829,recied_by
184,USER_V1_02c55e32-220c-4053-94eb-5c3bcdeb6a37,MESSAGE_V1_e5dc0dba-811a-4a9e-96bb-40c6e793b98d,reciever
184,MESSAGE_V1_e5dc0dba-811a-4a9e-96bb-40c6e793b98d,USER_V1_02c55e32-220c-4053-94eb-5c3bcdeb6a37,recied_by
185,USER_V1_b17bce10-0f89-475c-9644-19800c4e67af,MESSAGE_V1_6a2ed2e9-b981-46bf-8a0e-7e6fa46e245b,reciever
185,MESSAGE_V1_6a2ed2e9-b981-46bf-8a0e-7e6fa46e245b,USER_V1_b17bce10-0f89-475c-9644-19800c4e67af,recied_by
186,USER_V1_70bef814-8410-4c3b-af9f-dd13b6952372,MESSAGE_V1_2f157e75-99e7-4049-b7f0-100ec90c8557,reciever
186,MESSAGE_V1_2f157e75-99e7-4049-b7f0-100ec90c8557,USER_V1_70bef814-8410-4c3b-af9f-dd13b6952372,recied_by
187,USER_V1_da8ce91f-97d7-4362-a838-a46f3641ef6d,MESSAGE_V1_2390be5e-9d8d-4874-ac61-5da0e39f7ab0,reciever
187,MESSAGE_V1_2390be5e-9d8d-4874-ac61-5da0e39f7ab0,USER_V1_da8ce91f-97d7-4362-a838-a46f3641ef6d,recied_by
188,USER_V1_29680771-8839-40df-84a7-3a10752ba34b,MESSAGE_V1_789544c6-ba3b-4b2b-b185-a0bff6e455f1,reciever
188,MESSAGE_V1_789544c6-ba3b-4b2b-b185-a0bff6e455f1,USER_V1_29680771-8839-40df-84a7-3a10752ba34b,recied_by
189,USER_V1_8359e432-af3f-41c0-9f9b-661b2b9c93e1,MESSAGE_V1_daed9b9b-719e-43d1-98d7-6a7f9cb3b496,reciever
189,MESSAGE_V1_daed9b9b-719e-43d1-98d7-6a7f9cb3b496,USER_V1_8359e432-af3f-41c0-9f9b-661b2b9c93e1,recied_by
190,USER_V1_e94647ca-db00-49c3-88d2-6741781ff91e,MESSAGE_V1_ec82ebc7-7286-4168-baf2-b4b36d1ba19e,reciever
190,MESSAGE_V1_ec82ebc7-7286-4168-baf2-b4b36d1ba19e,USER_V1_e94647ca-db00-49c3-88d2-6741781ff91e,recied_by
191,USER_V1_16804f78-fde0-4194-bfda-e4b6bbc07962,MESSAGE_V1_5459e7f7-3a53-413c-a870-b126ff69d972,reciever
191,MESSAGE_V1_5459e7f7-3a53-413c-a870-b126ff69d972,USER_V1_16804f78-fde0-4194-bfda-e4b6bbc07962,recied_by
192,USER_V1_e81a6e38-e188-4f87-b381-726d9cadd399,MESSAGE_V1_853f584d-785a-44d5-a438-6f02400bc5a8,reciever
192,MESSAGE_V1_853f584d-785a-44d5-a438-6f02400bc5a8,USER_V1_e81a6e38-e188-4f87-b381-726d9cadd399,recied_by
193,USER_V1_75e837d7-7b7d-4b8e-a30d-e1c4d548340b,MESSAGE_V1_b3840ae9-d52d-4d9b-8baa-86d113d7732b,reciever
193,MESSAGE_V1_b3840ae9-d52d-4d9b-8baa-86d113d7732b,USER_V1_75e837d7-7b7d-4b8e-a30d-e1c4d548340b,recied_by
194,USER_V1_38859343-f288-499a-8994-144f10bbbc64,MESSAGE_V1_370d78b1-87a9-49e4-92ce-f77e4c490e30,reciever
194,MESSAGE_V1_370d78b1-87a9-49e4-92ce-f77e4c490e30,USER_V1_38859343-f288-499a-8994-144f10bbbc64,recied_by
195,USER_V1_f04ec279-0e28-4773-9a07-f9cd134ed768,MESSAGE_V1_28ca2f9f-1838-471a-af43-a298b36a0e4f,reciever
195,MESSAGE_V1_28ca2f9f-1838-471a-af43-a298b36a0e4f,USER_V1_f04ec279-0e28-4773-9a07-f9cd134ed768,recied_by
196,USER_V1_202c5b6b-c6f4-47c8-a2c6-23125d701d2e,MESSAGE_V1_12d3fd17-ab0e-4c87-973b-b25315b88a0e,reciever
196,MESSAGE_V1_12d3fd17-ab0e-4c87-973b-b25315b88a0e,USER_V1_202c5b6b-c6f4-47c8-a2c6-23125d701d2e,recied_by
197,USER_V1_86467516-5edf-458e-8bb8-c891eaaf7331,MESSAGE_V1_74758199-df6b-4c50-9d5d-bd80e42b16b0,reciever
197,MESSAGE_V1_74758199-df6b-4c50-9d5d-bd80e42b16b0,USER_V1_86467516-5edf-458e-8bb8-c891eaaf7331,recied_by
198,USER_V1_3d2c76b0-b100-4e26-a25b-905717dbb719,MESSAGE_V1_63b45e31-17f5-47c1-b063-6cf759ce03b5,reciever
198,MESSAGE_V1_63b45e31-17f5-47c1-b063-6cf759ce03b5,USER_V1_3d2c76b0-b100-4e26-a25b-905717dbb719,recied_by
199,USER_V1_39f06659-cebe-4199-985d-65cf2bbaae3a,MESSAGE_V1_5b4ea220-0d69-4fcc-a18e-7731b7658cd3,reciever
199,MESSAGE_V1_5b4ea220-0d69-4fcc-a18e-7731b7658cd3,USER_V1_39f06659-cebe-4199-985d-65cf2bbaae3a,recied_by
200,USER_V1_780fd839-3a62-413c-b6b5-d11bd3659905,MESSAGE_V1_17609690-d781-42af-9f99-b9672d746c13,reciever
200,MESSAGE_V1_17609690-d781-42af-9f99-b9672d746c13,USER_V1_780fd839-3a62-413c-b6b5-d11bd3659905,recied_by
201,USER_V1_ea5624c1-8bc8-4fe9-bc00-02bedb96862d,MESSAGE_V1_901723ab-073e-4265-93f5-3661e03dba68,reciever
201,MESSAGE_V1_901723ab-073e-4265-93f5-3661e03dba68,USER_V1_ea5624c1-8bc8-4fe9-bc00-02bedb96862d,recied_by
202,USER_V1_ec4cfe0a-6e4b-46b7-8a81-796e96ce0625,MESSAGE_V1_ae828f91-f3ac-4cd2-b6fa-962451cb1098,reciever
202,MESSAGE_V1_ae828f91-f3ac-4cd2-b6fa-962451cb1098,USER_V1_ec4cfe0a-6e4b-46b7-8a81-796e96ce0625,recied_by
203,USER_V1_e9e68910-01ea-4f4c-946f-7eaf96389702,MESSAGE_V1_928bf664-2506-4855-a516-d2853df1306d,reciever
203,MESSAGE_V1_928bf664-2506-4855-a516-d2853df1306d,USER_V1_e9e68910-01ea-4f4c-946f-7eaf96389702,recied_by
204,USER_V1_3068d38b-cdc3-4f26-806a-651a6f35f09e,MESSAGE_V1_e24ed229-320f-4fe0-92b4-9d2330b38766,reciever
204,MESSAGE_V1_e24ed229-320f-4fe0-92b4-9d2330b38766,USER_V1_3068d38b-cdc3-4f26-806a-651a6f35f09e,recied_by
205,USER_V1_83fd999c-3ff5-46dc-bf8a-acd7ee3db3cb,MESSAGE_V1_e1eb9c85-1dc1-47d4-a55d-cbb83f7082b9,reciever
205,MESSAGE_V1_e1eb9c85-1dc1-47d4-a55d-cbb83f7082b9,USER_V1_83fd999c-3ff5-46dc-bf8a-acd7ee3db3cb,recied_by
206,USER_V1_a4eda2f0-d712-442b-bdb1-e2c16b5a1448,MESSAGE_V1_0353ff82-832c-4caf-bbb7-de4cf4c33669,reciever
206,MESSAGE_V1_0353ff82-832c-4caf-bbb7-de4cf4c33669,USER_V1_a4eda2f0-d712-442b-bdb1-e2c16b5a1448,recied_by
207,USER_V1_0ff4fcad-1d88-4050-b1ec-1867c3d89981,MESSAGE_V1_2e3b2e96-3b4a-4f29-b7bd-0cb28870f6fc,reciever
207,MESSAGE_V1_2e3b2e96-3b4a-4f29-b7bd-0cb28870f6fc,USER_V1_0ff4fcad-1d88-4050-b1ec-1867c3d89981,recied_by
208,USER_V1_5b776509-a83a-4858-99fa-1e371a70efa3,MESSAGE_V1_97df8e5d-de70-4b94-b52a-1d38bdc4a5ca,reciever
208,MESSAGE_V1_97df8e5d-de70-4b94-b52a-1d38bdc4a5ca,USER_V1_5b776509-a83a-4858-99fa-1e371a70efa3,recied_by
209,USER_V1_afd385b6-5bcc-4ae8-9883-8cc141d37ad3,MESSAGE_V1_649db81a-d94c-4693-8d23-ae5d06eacb8d,reciever
209,MESSAGE_V1_649db81a-d94c-4693-8d23-ae5d06eacb8d,USER_V1_afd385b6-5bcc-4ae8-9883-8cc141d37ad3,recied_by
210,USER_V1_098d5b90-14e0-4e01-93b4-cd911060c2da,MESSAGE_V1_532508b5-d3b1-4547-9a6e-dbe1211e3273,reciever
210,MESSAGE_V1_532508b5-d3b1-4547-9a6e-dbe1211e3273,USER_V1_098d5b90-14e0-4e01-93b4-cd911060c2da,recied_by
211,USER_V1_8919e43e-2d6c-4cab-8577-879a72751852,MESSAGE_V1_cae1a8fe-033b-4c29-be5e-828aeaad44f8,reciever
211,MESSAGE_V1_cae1a8fe-033b-4c29-be5e-828aeaad44f8,USER_V1_8919e43e-2d6c-4cab-8577-879a72751852,recied_by
212,USER_V1_5012e48b-c989-49d1-b15a-5f0a3117b059,MESSAGE_V1_1a7ca21b-7e43-4bfc-9967-2647b8d6b890,reciever
212,MESSAGE_V1_1a7ca21b-7e43-4bfc-9967-2647b8d6b890,USER_V1_5012e48b-c989-49d1-b15a-5f0a3117b059,recied_by
213,USER_V1_f02b604c-149a-4858-88e8-f667b0e18019,MESSAGE_V1_aa6aaee6-8247-4388-9524-20b1c7aada32,reciever
213,MESSAGE_V1_aa6aaee6-8247-4388-9524-20b1c7aada32,USER_V1_f02b604c-149a-4858-88e8-f667b0e18019,recied_by
214,USER_V1_358133b0-371a-4347-81ae-f5ba710a1390,MESSAGE_V1_c8088e23-17e9-4c32-a9fb-7f974873a9b7,reciever
214,MESSAGE_V1_c8088e23-17e9-4c32-a9fb-7f974873a9b7,USER_V1_358133b0-371a-4347-81ae-f5ba710a1390,recied_by
215,USER_V1_3da10cd7-6f1e-45f1-bc86-986740968946,MESSAGE_V1_f7809cd5-a2d0-422c-90a0-71aa089f9ce4,reciever
215,MESSAGE_V1_f7809cd5-a2d0-422c-90a0-71aa089f9ce4,USER_V1_3da10cd7-6f1e-45f1-bc86-986740968946,recied_by
216,USER_V1_a1b0e495-1240-4f98-a99d-0ce4fe7eb4ca,MESSAGE_V1_5c6ae263-e691-4076-af4e-50d06b6b7dd0,reciever
216,MESSAGE_V1_5c6ae263-e691-4076-af4e-50d06b6b7dd0,USER_V1_a1b0e495-1240-4f98-a99d-0ce4fe7eb4ca,recied_by
217,USER_V1_0200e285-f332-46a7-b330-15a873c87795,MESSAGE_V1_d0a94ea5-5c97-4a83-8da5-5457491b31a7,reciever
217,MESSAGE_V1_d0a94ea5-5c97-4a83-8da5-5457491b31a7,USER_V1_0200e285-f332-46a7-b330-15a873c87795,recied_by
218,USER_V1_cf2d3353-fa09-4cf7-8383-bc7a07863bd7,MESSAGE_V1_34e8415f-86c3-4260-b75b-c36e45c98e71,reciever
218,MESSAGE_V1_34e8415f-86c3-4260-b75b-c36e45c98e71,USER_V1_cf2d3353-fa09-4cf7-8383-bc7a07863bd7,recied_by
219,USER_V1_4ef3bf42-2eab-4af2-8a50-4ede7ba72871,MESSAGE_V1_3a5f7e78-b161-4c8b-836f-af04ce030aea,reciever
219,MESSAGE_V1_3a5f7e78-b161-4c8b-836f-af04ce030aea,USER_V1_4ef3bf42-2eab-4af2-8a50-4ede7ba72871,recied_by
220,USER_V1_bcb998a8-d570-4a71-a7dc-ea8b5e439914,MESSAGE_V1_9c75b264-20c5-4f35-9586-7d5b23f8dd07,reciever
220,MESSAGE_V1_9c75b264-20c5-4f35-9586-7d5b23f8dd07,USER_V1_bcb998a8-d570-4a71-a7dc-ea8b5e439914,recied_by
221,USER_V1_c279ec36-ec6f-4af2-87dc-76c80110d6e6,MESSAGE_V1_de684660-9ded-4023-92e2-821544bed8c5,reciever
221,MESSAGE_V1_de684660-9ded-4023-92e2-821544bed8c5,USER_V1_c279ec36-ec6f-4af2-87dc-76c80110d6e6,recied_by
222,USER_V1_deb7dac9-ec36-4463-9826-185ed6038881,MESSAGE_V1_a5aae687-de2c-4166-8b94-2c6434313c0b,reciever
222,MESSAGE_V1_a5aae687-de2c-4166-8b94-2c6434313c0b,USER_V1_deb7dac9-ec36-4463-9826-185ed6038881,recied_by
223,USER_V1_e3ed984c-019f-4dca-9c42-4b87baa66d9d,MESSAGE_V1_297bf187-c8d3-4396-b6a3-9b5d295e0933,reciever
223,MESSAGE_V1_297bf187-c8d3-4396-b6a3-9b5d295e0933,USER_V1_e3ed984c-019f-4dca-9c42-4b87baa66d9d,recied_by
224,USER_V1_35f7ff72-c543-4fd4-9fe0-b250d15e2966,MESSAGE_V1_a1e09e93-6357-4e64-a893-bc25a27a6a18,reciever
224,MESSAGE_V1_a1e09e93-6357-4e64-a893-bc25a27a6a18,USER_V1_35f7ff72-c543-4fd4-9fe0-b250d15e2966,recied_by
225,USER_V1_a8c9e8b4-9549-4038-8a29-8cab583e68cf,MESSAGE_V1_a1ac1324-9153-447e-8825-f5669b37e608,reciever
225,MESSAGE_V1_a1ac1324-9153-447e-8825-f5669b37e608,USER_V1_a8c9e8b4-9549-4038-8a29-8cab583e68cf,recied_by
226,USER_V1_78b6e52d-8bc5-485c-9b14-9be42442f9cb,MESSAGE_V1_6bf20d5b-1c02-4ba6-8cc7-f18efa39de97,reciever
226,MESSAGE_V1_6bf20d5b-1c02-4ba6-8cc7-f18efa39de97,USER_V1_78b6e52d-8bc5-485c-9b14-9be42442f9cb,recied_by
227,USER_V1_9f322855-c25a-41d5-9ccf-9ee5cf8f0f08,MESSAGE_V1_a67f59e6-763f-4eaf-b235-1127ba140d44,reciever
227,MESSAGE_V1_a67f59e6-763f-4eaf-b235-1127ba140d44,USER_V1_9f322855-c25a-41d5-9ccf-9ee5cf8f0f08,recied_by
228,USER_V1_9756d38c-c111-4f78-b4f5-c861bbbc3227,MESSAGE_V1_f4fa67f1-59ec-4335-9d34-fdbdf18ea5c6,reciever
228,MESSAGE_V1_f4fa67f1-59ec-4335-9d34-fdbdf18ea5c6,USER_V1_9756d38c-c111-4f78-b4f5-c861bbbc3227,recied_by
229,USER_V1_d230634b-3d5b-4d53-b64e-9ffc20d08e29,MESSAGE_V1_df8353ed-2e4c-47fb-b18c-6f5364ebe44b,reciever
229,MESSAGE_V1_df8353ed-2e4c-47fb-b18c-6f5364ebe44b,USER_V1_d230634b-3d5b-4d53-b64e-9ffc20d08e29,recied_by
230,USER_V1_dbb4747e-4e5e-4ec2-987d-b4db1b1c2f79,MESSAGE_V1_daa7e59a-8433-4c9a-b162-09e01f772611,reciever
230,MESSAGE_V1_daa7e59a-8433-4c9a-b162-09e01f772611,USER_V1_dbb4747e-4e5e-4ec2-987d-b4db1b1c2f79,recied_by
231,USER_V1_5f64c02f-1b9a-4d8d-8663-47b3672e0a53,MESSAGE_V1_b58756c6-8cd0-4303-a66d-f74a88061e86,reciever
231,MESSAGE_V1_b58756c6-8cd0-4303-a66d-f74a88061e86,USER_V1_5f64c02f-1b9a-4d8d-8663-47b3672e0a53,recied_by
232,USER_V1_1634d157-856c-4659-a56d-91884f92de2e,MESSAGE_V1_902f5542-533e-4233-9412-7d913a908bbb,reciever
232,MESSAGE_V1_902f5542-533e-4233-9412-7d913a908bbb,USER_V1_1634d157-856c-4659-a56d-91884f92de2e,recied_by
233,USER_V1_687adf56-39f9-4204-892c-902c052ef1aa,MESSAGE_V1_a3d8dd75-355c-436c-8a0a-a871a4afbd8f,reciever
233,MESSAGE_V1_a3d8dd75-355c-436c-8a0a-a871a4afbd8f,USER_V1_687adf56-39f9-4204-892c-902c052ef1aa,recied_by
234,USER_V1_6e1e62f0-7125-4d03-b66c-909f380d1481,MESSAGE_V1_47d1f2fa-8697-429b-bd11-c11623e9bb69,reciever
234,MESSAGE_V1_47d1f2fa-8697-429b-bd11-c11623e9bb69,USER_V1_6e1e62f0-7125-4d03-b66c-909f380d1481,recied_by
235,USER_V1_39472c9c-1a07-4f14-bcb4-c0701793d6ab,MESSAGE_V1_87dcf1d1-7f8e-453c-a4e2-96fa6fcc865c,reciever
235,MESSAGE_V1_87dcf1d1-7f8e-453c-a4e2-96fa6fcc865c,USER_V1_39472c9c-1a07-4f14-bcb4-c0701793d6ab,recied_by
236,USER_V1_4afebb56-f998-4bc5-8860-c67f8c80c635,MESSAGE_V1_45db99b2-0880-44a3-8e6c-c897800fbfe5,reciever
236,MESSAGE_V1_45db99b2-0880-44a3-8e6c-c897800fbfe5,USER_V1_4afebb56-f998-4bc5-8860-c67f8c80c635,recied_by
237,USER_V1_829dcb17-5d8e-4e36-a952-ddc473878a35,MESSAGE_V1_50513f43-10ba-4fe4-978d-8749bae367b6,reciever
237,MESSAGE_V1_50513f43-10ba-4fe4-978d-8749bae367b6,USER_V1_829dcb17-5d8e-4e36-a952-ddc473878a35,recied_by
238,USER_V1_81d490ab-9e6a-498b-ac43-7dc7ff25f40f,MESSAGE_V1_56f621f2-b946-42df-96a7-513e43e6ec64,reciever
238,MESSAGE_V1_56f621f2-b946-42df-96a7-513e43e6ec64,USER_V1_81d490ab-9e6a-498b-ac43-7dc7ff25f40f,recied_by
239,USER_V1_a22164b9-bdc8-41c6-b7a6-bbaed89e07cb,MESSAGE_V1_06d3989f-4b85-4254-b28a-8319b9ba5d56,reciever
239,MESSAGE_V1_06d3989f-4b85-4254-b28a-8319b9ba5d56,USER_V1_a22164b9-bdc8-41c6-b7a6-bbaed89e07cb,recied_by
240,USER_V1_6a71a236-01ba-4b3f-b66f-cf739a50fc41,MESSAGE_V1_1877d47a-8369-4215-96ca-506ea808e08c,reciever
240,MESSAGE_V1_1877d47a-8369-4215-96ca-506ea808e08c,USER_V1_6a71a236-01ba-4b3f-b66f-cf739a50fc41,recied_by
241,USER_V1_3b75d453-bd8f-46fc-a6f3-ffe551e9f5c4,MESSAGE_V1_9083a01b-f2fe-4568-ac41-4450c9008d79,reciever
241,MESSAGE_V1_9083a01b-f2fe-4568-ac41-4450c9008d79,USER_V1_3b75d453-bd8f-46fc-a6f3-ffe551e9f5c4,recied_by
242,USER_V1_eaf61239-46c7-441a-a721-c38a84d24778,MESSAGE_V1_ca44ece1-7505-4d5b-beb5-8a40d59e1202,reciever
242,MESSAGE_V1_ca44ece1-7505-4d5b-beb5-8a40d59e1202,USER_V1_eaf61239-46c7-441a-a721-c38a84d24778,recied_by
243,USER_V1_0a16795f-5998-494c-892a-6534241d22af,MESSAGE_V1_8e92b4ba-a991-4c65-a23f-87f527dc1348,reciever
243,MESSAGE_V1_8e92b4ba-a991-4c65-a23f-87f527dc1348,USER_V1_0a16795f-5998-494c-892a-6534241d22af,recied_by
244,USER_V1_d6a070f9-5009-438f-b7d3-b7438d046175,MESSAGE_V1_6a9b195f-899d-48c2-8126-3fc65b7ae376,reciever
244,MESSAGE_V1_6a9b195f-899d-48c2-8126-3fc65b7ae376,USER_V1_d6a070f9-5009-438f-b7d3-b7438d046175,recied_by
245,USER_V1_6b79f8e6-0b62-4b45-838f-e4096abc5984,MESSAGE_V1_77e6a5b5-4a3b-49e5-b6f4-12e92da91be2,reciever
245,MESSAGE_V1_77e6a5b5-4a3b-49e5-b6f4-12e92da91be2,USER_V1_6b79f8e6-0b62-4b45-838f-e4096abc5984,recied_by
246,USER_V1_40ad93ca-5e68-4c6a-a861-940bec9b21b9,MESSAGE_V1_033c56be-dfe8-41c7-ad64-9ede0a814ea1,reciever
246,MESSAGE_V1_033c56be-dfe8-41c7-ad64-9ede0a814ea1,USER_V1_40ad93ca-5e68-4c6a-a861-940bec9b21b9,recied_by
247,USER_V1_4e358e82-f003-42b8-ae6a-310a38efd2da,MESSAGE_V1_8113f334-06dc-4c9a-8593-00a6027e05f8,reciever
247,MESSAGE_V1_8113f334-06dc-4c9a-8593-00a6027e05f8,USER_V1_4e358e82-f003-42b8-ae6a-310a38efd2da,recied_by
248,USER_V1_3093169e-2e34-4797-9489-10a1140324fd,MESSAGE_V1_df130390-ef61-44e8-8aa7-3b326efd5159,reciever
248,MESSAGE_V1_df130390-ef61-44e8-8aa7-3b326efd5159,USER_V1_3093169e-2e34-4797-9489-10a1140324fd,recied_by
249,USER_V1_a6ea3dec-67d7-4e98-a5ea-f859ec0a8b7b,MESSAGE_V1_bdeac412-9d73-4e8f-a955-d6b309501ab7,reciever
249,MESSAGE_V1_bdeac412-9d73-4e8f-a955-d6b309501ab7,USER_V1_a6ea3dec-67d7-4e98-a5ea-f859ec0a8b7b,recied_by
250,USER_V1_f2734c26-e7e6-4665-8320-4ce2b9e85572,MESSAGE_V1_f778dc8c-0278-4437-8a4c-5f74ccbaa44f,reciever
250,MESSAGE_V1_f778dc8c-0278-4437-8a4c-5f74ccbaa44f,USER_V1_f2734c26-e7e6-4665-8320-4ce2b9e85572,recied_by
251,USER_V1_cf353ef2-22dd-4e71-81ec-176ab34faa44,MESSAGE_V1_ba3233a3-1662-42fb-aff2-95e93004b072,reciever
251,MESSAGE_V1_ba3233a3-1662-42fb-aff2-95e93004b072,USER_V1_cf353ef2-22dd-4e71-81ec-176ab34faa44,recied_by
252,USER_V1_7cd55f74-3738-499e-8dc8-60f8df82272c,MESSAGE_V1_90d07d21-ae51-4819-8b5b-6adbf647daa3,reciever
252,MESSAGE_V1_90d07d21-ae51-4819-8b5b-6adbf647daa3,USER_V1_7cd55f74-3738-499e-8dc8-60f8df82272c,recied_by
253,USER_V1_69e707e4-b02f-4afb-ae1c-4ed2b8b16eb1,MESSAGE_V1_5afdabdb-71e3-410c-b909-a2764b67c6f2,reciever
253,MESSAGE_V1_5afdabdb-71e3-410c-b909-a2764b67c6f2,USER_V1_69e707e4-b02f-4afb-ae1c-4ed2b8b16eb1,recied_by
254,USER_V1_d521efaa-d817-46ba-9f5c-fe70b4fbf83c,MESSAGE_V1_0c1591c9-7948-4536-95b4-92b4a9750717,reciever
254,MESSAGE_V1_0c1591c9-7948-4536-95b4-92b4a9750717,USER_V1_d521efaa-d817-46ba-9f5c-fe70b4fbf83c,recied_by
255,USER_V1_4507f322-5723-4cfc-b261-b2c453deda4b,MESSAGE_V1_40a21b67-64f9-468b-b339-1dd0e3e97b20,reciever
255,MESSAGE_V1_40a21b67-64f9-468b-b339-1dd0e3e97b20,USER_V1_4507f322-5723-4cfc-b261-b2c453deda4b,recied_by
256,USER_V1_d4dc03d5-cc66-42ff-b7e0-9284796fcc2c,MESSAGE_V1_7334aced-d2bb-4e76-8c22-ff77688174ea,reciever
256,MESSAGE_V1_7334aced-d2bb-4e76-8c22-ff77688174ea,USER_V1_d4dc03d5-cc66-42ff-b7e0-9284796fcc2c,recied_by
257,USER_V1_0fbad519-5e96-430c-861e-acade2fab033,MESSAGE_V1_b782772b-01df-485b-bc8b-b73114d22aba,reciever
257,MESSAGE_V1_b782772b-01df-485b-bc8b-b73114d22aba,USER_V1_0fbad519-5e96-430c-861e-acade2fab033,recied_by
258,USER_V1_101213d5-a275-41ad-a368-54a89fa60d6f,MESSAGE_V1_e5b3c206-5385-43d3-b8e5-2f9f4e4e3307,reciever
258,MESSAGE_V1_e5b3c206-5385-43d3-b8e5-2f9f4e4e3307,USER_V1_101213d5-a275-41ad-a368-54a89fa60d6f,recied_by
259,USER_V1_ce543cf0-4eee-4169-85da-a38a6c5b58e5,MESSAGE_V1_96130100-2a0d-49b6-b580-08e777028cb7,reciever
259,MESSAGE_V1_96130100-2a0d-49b6-b580-08e777028cb7,USER_V1_ce543cf0-4eee-4169-85da-a38a6c5b58e5,recied_by
260,USER_V1_115a5b98-6f7d-4342-8227-03a7adbfcbcf,MESSAGE_V1_6e413da2-7889-4c7a-a4ba-ff5e4b1469dc,reciever
260,MESSAGE_V1_6e413da2-7889-4c7a-a4ba-ff5e4b1469dc,USER_V1_115a5b98-6f7d-4342-8227-03a7adbfcbcf,recied_by
261,USER_V1_d9baf2cd-b5c4-4a17-b541-9a840a23c8c3,MESSAGE_V1_e581488a-8507-435a-909f-fad2081659c6,reciever
261,MESSAGE_V1_e581488a-8507-435a-909f-fad2081659c6,USER_V1_d9baf2cd-b5c4-4a17-b541-9a840a23c8c3,recied_by
262,USER_V1_f10ba88c-7b8a-4327-ba84-b5731aa395a3,MESSAGE_V1_a3e8a60f-1657-400e-acec-c182d95edb45,reciever
262,MESSAGE_V1_a3e8a60f-1657-400e-acec-c182d95edb45,USER_V1_f10ba88c-7b8a-4327-ba84-b5731aa395a3,recied_by
263,USER_V1_d8345dcc-6c32-4512-9642-ebbe7664ade6,MESSAGE_V1_d0da0ba5-9964-414a-aadf-6283021411b4,reciever
263,MESSAGE_V1_d0da0ba5-9964-414a-aadf-6283021411b4,USER_V1_d8345dcc-6c32-4512-9642-ebbe7664ade6,recied_by
264,USER_V1_b3d5cad0-1ac4-4d97-a30e-6c4d4ca6177e,MESSAGE_V1_e71be407-36ea-4682-bc69-9653ce2878d0,reciever
264,MESSAGE_V1_e71be407-36ea-4682-bc69-9653ce2878d0,USER_V1_b3d5cad0-1ac4-4d97-a30e-6c4d4ca6177e,recied_by
265,USER_V1_0d23a6db-82bf-464f-b2e3-2eea6e221cb2,MESSAGE_V1_a88879ac-26a5-402e-9c0b-2641dffa4725,reciever
265,MESSAGE_V1_a88879ac-26a5-402e-9c0b-2641dffa4725,USER_V1_0d23a6db-82bf-464f-b2e3-2eea6e221cb2,recied_by
266,USER_V1_9586a1c6-4cfb-4957-bf41-09662f4d37d5,MESSAGE_V1_0fe56d45-1865-4cfa-b4f1-b0fa5337f8cb,reciever
266,MESSAGE_V1_0fe56d45-1865-4cfa-b4f1-b0fa5337f8cb,USER_V1_9586a1c6-4cfb-4957-bf41-09662f4d37d5,recied_by
267,USER_V1_fffd696b-27a8-4b16-ab17-9717ae5c1ff8,MESSAGE_V1_00497917-7b99-4210-a3eb-5e47e0d25e8d,reciever
267,MESSAGE_V1_00497917-7b99-4210-a3eb-5e47e0d25e8d,USER_V1_fffd696b-27a8-4b16-ab17-9717ae5c1ff8,recied_by
268,USER_V1_4f134d48-7e24-43ea-9616-589ba8d91cfb,MESSAGE_V1_216d36e8-cbd2-4fb0-8f16-38e864787feb,reciever
268,MESSAGE_V1_216d36e8-cbd2-4fb0-8f16-38e864787feb,USER_V1_4f134d48-7e24-43ea-9616-589ba8d91cfb,recied_by
269,USER_V1_f80463f0-e760-47af-8844-94eeb4a5e6b6,MESSAGE_V1_06de8a66-9afe-49a8-b6c4-bc410ac962c0,reciever
269,MESSAGE_V1_06de8a66-9afe-49a8-b6c4-bc410ac962c0,USER_V1_f80463f0-e760-47af-8844-94eeb4a5e6b6,recied_by
270,USER_V1_75af79f7-6677-45d0-92e9-80978fe2fd82,MESSAGE_V1_1d0d91d1-0886-43f4-8184-a8e97fcf627c,reciever
270,MESSAGE_V1_1d0d91d1-0886-43f4-8184-a8e97fcf627c,USER_V1_75af79f7-6677-45d0-92e9-80978fe2fd82,recied_by
271,USER_V1_b3b22d12-0b3d-4095-a8c0-3673722048f0,MESSAGE_V1_84209e26-0423-4704-a0da-b1246d9b0683,reciever
271,MESSAGE_V1_84209e26-0423-4704-a0da-b1246d9b0683,USER_V1_b3b22d12-0b3d-4095-a8c0-3673722048f0,recied_by
272,USER_V1_6f8ab445-53a2-4025-873a-1e5173511f6c,MESSAGE_V1_978912ae-3c32-4cae-b9b4-d78213b2381a,reciever
272,MESSAGE_V1_978912ae-3c32-4cae-b9b4-d78213b2381a,USER_V1_6f8ab445-53a2-4025-873a-1e5173511f6c,recied_by
273,USER_V1_c4248ed9-a596-408d-ab88-a639678223c0,MESSAGE_V1_77919709-bcef-4021-96b9-6f35fa2040cc,reciever
273,MESSAGE_V1_77919709-bcef-4021-96b9-6f35fa2040cc,USER_V1_c4248ed9-a596-408d-ab88-a639678223c0,recied_by
274,USER_V1_3b7744a8-396d-42e6-99c5-286ac9d0b2b7,MESSAGE_V1_4aba0dca-855a-470f-9e85-3e9fbb32510b,reciever
274,MESSAGE_V1_4aba0dca-855a-470f-9e85-3e9fbb32510b,USER_V1_3b7744a8-396d-42e6-99c5-286ac9d0b2b7,recied_by
275,USER_V1_8c99eb9b-cb32-41ff-8b5c-080b06af3db5,MESSAGE_V1_83146593-c99e-4df3-a13d-269e38cee15d,reciever
275,MESSAGE_V1_83146593-c99e-4df3-a13d-269e38cee15d,USER_V1_8c99eb9b-cb32-41ff-8b5c-080b06af3db5,recied_by
276,USER_V1_091f1d87-3ed1-4990-b043-fc26318f7375,MESSAGE_V1_7f481eba-ad72-4175-a7e3-20b3ea3b327c,reciever
276,MESSAGE_V1_7f481eba-ad72-4175-a7e3-20b3ea3b327c,USER_V1_091f1d87-3ed1-4990-b043-fc26318f7375,recied_by
277,USER_V1_3d743257-adfd-4b2b-8d5d-68ab13f8547f,MESSAGE_V1_ded84c27-6075-4ca1-bc23-7605afbb148d,reciever
277,MESSAGE_V1_ded84c27-6075-4ca1-bc23-7605afbb148d,USER_V1_3d743257-adfd-4b2b-8d5d-68ab13f8547f,recied_by
278,USER_V1_4a1a552b-77ee-4c00-8707-fcf03b469ebb,MESSAGE_V1_d5c4bc81-1ca0-402d-a832-33cbc1f38a85,reciever
278,MESSAGE_V1_d5c4bc81-1ca0-402d-a832-33cbc1f38a85,USER_V1_4a1a552b-77ee-4c00-8707-fcf03b469ebb,recied_by
279,USER_V1_616cfc54-f34b-4ed1-8875-bbf2be3767a1,MESSAGE_V1_47f43a87-ccc5-4f96-ad58-31ae803a71a2,reciever
279,MESSAGE_V1_47f43a87-ccc5-4f96-ad58-31ae803a71a2,USER_V1_616cfc54-f34b-4ed1-8875-bbf2be3767a1,recied_by
280,USER_V1_4913d134-8ee1-49b6-a183-396ab8933bb2,MESSAGE_V1_3f0412ed-82d9-4f4e-9416-259b5e1b9f0b,reciever
280,MESSAGE_V1_3f0412ed-82d9-4f4e-9416-259b5e1b9f0b,USER_V1_4913d134-8ee1-49b6-a183-396ab8933bb2,recied_by
281,USER_V1_ddca6f89-bc45-4e5e-8517-bf666c5048bd,MESSAGE_V1_157ca643-ad4d-4472-a1c9-c91d50ae1255,reciever
281,MESSAGE_V1_157ca643-ad4d-4472-a1c9-c91d50ae1255,USER_V1_ddca6f89-bc45-4e5e-8517-bf666c5048bd,recied_by
282,USER_V1_95e9d09e-7249-45ac-8d46-e53302e72597,MESSAGE_V1_0f2887ab-2779-45c9-a0ae-bd9e6dbecf3b,reciever
282,MESSAGE_V1_0f2887ab-2779-45c9-a0ae-bd9e6dbecf3b,USER_V1_95e9d09e-7249-45ac-8d46-e53302e72597,recied_by
283,USER_V1_b90aff54-0eb7-4cf5-bd0f-5363ab632891,MESSAGE_V1_e8083a7f-3309-42f3-b262-712abbd64a9e,reciever
283,MESSAGE_V1_e8083a7f-3309-42f3-b262-712abbd64a9e,USER_V1_b90aff54-0eb7-4cf5-bd0f-5363ab632891,recied_by
284,USER_V1_685ee1ef-1a2b-423c-ba8f-51d331cbbe01,MESSAGE_V1_7c2df208-ccfa-41a7-be24-f5b9e969f877,reciever
284,MESSAGE_V1_7c2df208-ccfa-41a7-be24-f5b9e969f877,USER_V1_685ee1ef-1a2b-423c-ba8f-51d331cbbe01,recied_by
285,USER_V1_a84c6dc0-b1e9-4574-957f-758f443f77e6,MESSAGE_V1_a9e7cb67-1460-4915-8581-922b64bd9439,reciever
285,MESSAGE_V1_a9e7cb67-1460-4915-8581-922b64bd9439,USER_V1_a84c6dc0-b1e9-4574-957f-758f443f77e6,recied_by
286,USER_V1_eeefbe77-b10b-4568-9436-648c9fbb3218,MESSAGE_V1_a2b0f0c2-4a3f-4f1b-9193-9384b1ae0e0e,reciever
286,MESSAGE_V1_a2b0f0c2-4a3f-4f1b-9193-9384b1ae0e0e,USER_V1_eeefbe77-b10b-4568-9436-648c9fbb3218,recied_by
287,USER_V1_a9e5a080-7c37-41a2-851b-0d5ab6faece7,MESSAGE_V1_a0418040-e84a-4f2b-ad94-21bf91606a26,reciever
287,MESSAGE_V1_a0418040-e84a-4f2b-ad94-21bf91606a26,USER_V1_a9e5a080-7c37-41a2-851b-0d5ab6faece7,recied_by
288,USER_V1_453c79e8-8cc2-4611-864a-069460036f23,MESSAGE_V1_3a87f097-941d-46ea-ad40-d314b2fec3aa,reciever
288,MESSAGE_V1_3a87f097-941d-46ea-ad40-d314b2fec3aa,USER_V1_453c79e8-8cc2-4611-864a-069460036f23,recied_by
289,USER_V1_aebfcf63-a130-4e1e-8214-27bfd5e44037,MESSAGE_V1_26453d9f-7cbb-4f90-9af2-619f56e11fd0,reciever
289,MESSAGE_V1_26453d9f-7cbb-4f90-9af2-619f56e11fd0,USER_V1_aebfcf63-a130-4e1e-8214-27bfd5e44037,recied_by
290,USER_V1_1784d9dc-40e6-4644-873c-5cef2c8a6de3,MESSAGE_V1_9a898d0e-738a-411d-9fd3-10a8e9f832ec,reciever
290,MESSAGE_V1_9a898d0e-738a-411d-9fd3-10a8e9f832ec,USER_V1_1784d9dc-40e6-4644-873c-5cef2c8a6de3,recied_by
291,USER_V1_c3181c58-f0fb-41b9-8e14-39e31d1d1916,MESSAGE_V1_2af30319-4991-4fbc-8550-9b6dc50f8439,reciever
291,MESSAGE_V1_2af30319-4991-4fbc-8550-9b6dc50f8439,USER_V1_c3181c58-f0fb-41b9-8e14-39e31d1d1916,recied_by
292,USER_V1_ccf80f5e-23d7-488a-9e37-d783392737df,MESSAGE_V1_882ffba6-0d34-4c98-8a26-00ecec20cf0e,reciever
292,MESSAGE_V1_882ffba6-0d34-4c98-8a26-00ecec20cf0e,USER_V1_ccf80f5e-23d7-488a-9e37-d783392737df,recied_by
293,USER_V1_15891c1c-150e-430e-8f78-27d0a038c5a7,MESSAGE_V1_0c879fa4-4024-4d2e-8096-164929cc72f8,reciever
293,MESSAGE_V1_0c879fa4-4024-4d2e-8096-164929cc72f8,USER_V1_15891c1c-150e-430e-8f78-27d0a038c5a7,recied_by
294,USER_V1_14cb984d-d26f-44ea-ab26-214488fc9444,MESSAGE_V1_ea1f07f6-2808-49fd-8b99-3566ee941eec,reciever
294,MESSAGE_V1_ea1f07f6-2808-49fd-8b99-3566ee941eec,USER_V1_14cb984d-d26f-44ea-ab26-214488fc9444,recied_by
295,USER_V1_17b890bf-c4c0-4846-babf-1ac65f2d6884,MESSAGE_V1_00b8b8f7-aff0-47a5-b66c-4e969c17e451,reciever
295,MESSAGE_V1_00b8b8f7-aff0-47a5-b66c-4e969c17e451,USER_V1_17b890bf-c4c0-4846-babf-1ac65f2d6884,recied_by
296,USER_V1_9de34d0f-b19c-4a57-911a-cd8455f1525f,MESSAGE_V1_75991d39-6b96-40b5-b9ae-0a0e7899801c,reciever
296,MESSAGE_V1_75991d39-6b96-40b5-b9ae-0a0e7899801c,USER_V1_9de34d0f-b19c-4a57-911a-cd8455f1525f,recied_by
297,USER_V1_27aefd22-d9d3-4b93-aa27-3c1a03cbf61c,MESSAGE_V1_f073ca84-f8f9-4ae0-b238-4984a405652c,reciever
297,MESSAGE_V1_f073ca84-f8f9-4ae0-b238-4984a405652c,USER_V1_27aefd22-d9d3-4b93-aa27-3c1a03cbf61c,recied_by
298,USER_V1_87387757-4b4b-4a69-a54a-9ed773da4701,MESSAGE_V1_b8ccb801-5e9b-4177-8065-73a59f0cac3f,reciever
298,MESSAGE_V1_b8ccb801-5e9b-4177-8065-73a59f0cac3f,USER_V1_87387757-4b4b-4a69-a54a-9ed773da4701,recied_by
299,USER_V1_11a6655b-2fc1-4dc2-9fed-e162443e46d0,MESSAGE_V1_6737dc0a-ae37-43d7-b610-fe17b41c195f,reciever
299,MESSAGE_V1_6737dc0a-ae37-43d7-b610-fe17b41c195f,USER_V1_11a6655b-2fc1-4dc2-9fed-e162443e46d0,recied_by
300,USER_V1_4b7b9755-51d0-4d87-b216-fc87cc0fb3b3,MESSAGE_V1_85e2d16d-702c-4382-99ba-8ddb1d117a51,reciever
300,MESSAGE_V1_85e2d16d-702c-4382-99ba-8ddb1d117a51,USER_V1_4b7b9755-51d0-4d87-b216-fc87cc0fb3b3,recied_by
301,USER_V1_6b1d3d93-e3a5-431b-96ff-f242fc56dea5,MESSAGE_V1_dfa97c65-b3bd-4ace-bd83-f5db7511188c,reciever
301,MESSAGE_V1_dfa97c65-b3bd-4ace-bd83-f5db7511188c,USER_V1_6b1d3d93-e3a5-431b-96ff-f242fc56dea5,recied_by
302,USER_V1_bb46a7cb-de9f-4501-a7d1-875bce46e842,MESSAGE_V1_f0858c92-ac8d-4b2f-a83b-691f874e8cf0,reciever
302,MESSAGE_V1_f0858c92-ac8d-4b2f-a83b-691f874e8cf0,USER_V1_bb46a7cb-de9f-4501-a7d1-875bce46e842,recied_by
303,USER_V1_ec959982-6273-47a8-a7dd-c6e5050ea9f5,MESSAGE_V1_8f421e83-e985-4714-9935-7d2e110c94c6,reciever
303,MESSAGE_V1_8f421e83-e985-4714-9935-7d2e110c94c6,USER_V1_ec959982-6273-47a8-a7dd-c6e5050ea9f5,recied_by
304,USER_V1_0e597b31-06a0-4034-b46e-cdfd7301f484,MESSAGE_V1_fd21ad24-09b6-42a8-808a-e2ae6ba23687,reciever
304,MESSAGE_V1_fd21ad24-09b6-42a8-808a-e2ae6ba23687,USER_V1_0e597b31-06a0-4034-b46e-cdfd7301f484,recied_by
305,USER_V1_db8a5b35-2731-4017-9306-e77a38f940c1,MESSAGE_V1_98c35438-5634-4975-b82e-49f835196332,reciever
305,MESSAGE_V1_98c35438-5634-4975-b82e-49f835196332,USER_V1_db8a5b35-2731-4017-9306-e77a38f940c1,recied_by
306,USER_V1_13d951f9-df9b-4ee8-b397-adbcc4c2eb0b,MESSAGE_V1_3246ebeb-e16c-4dd1-97b1-5430781bcbf3,reciever
306,MESSAGE_V1_3246ebeb-e16c-4dd1-97b1-5430781bcbf3,USER_V1_13d951f9-df9b-4ee8-b397-adbcc4c2eb0b,recied_by
307,USER_V1_8669e86b-b387-48c4-a24b-7c0a1eeb0d38,MESSAGE_V1_4e47b069-2057-4fe3-941b-3e52ecec6751,reciever
307,MESSAGE_V1_4e47b069-2057-4fe3-941b-3e52ecec6751,USER_V1_8669e86b-b387-48c4-a24b-7c0a1eeb0d38,recied_by
308,USER_V1_716c9a33-c32f-40ce-b025-009e62d82a94,MESSAGE_V1_31b80f73-8f2a-47ad-bf7f-17ed63c22f86,reciever
308,MESSAGE_V1_31b80f73-8f2a-47ad-bf7f-17ed63c22f86,USER_V1_716c9a33-c32f-40ce-b025-009e62d82a94,recied_by
309,USER_V1_4d7733b2-7795-4709-940e-bf0ac6277fe2,MESSAGE_V1_0c178be7-43b1-4eec-9455-2b0a63787bd4,reciever
309,MESSAGE_V1_0c178be7-43b1-4eec-9455-2b0a63787bd4,USER_V1_4d7733b2-7795-4709-940e-bf0ac6277fe2,recied_by
310,USER_V1_5a39a73c-4bd0-47ab-84e6-2b9658d734b5,MESSAGE_V1_b7a42ade-32dc-4eb5-8aef-4f98f59ec789,reciever
310,MESSAGE_V1_b7a42ade-32dc-4eb5-8aef-4f98f59ec789,USER_V1_5a39a73c-4bd0-47ab-84e6-2b9658d734b5,recied_by
311,USER_V1_81757c5b-dbb5-4fa3-b9c1-2454f6410951,MESSAGE_V1_33f4ec9f-4080-4df1-a481-88721e4797e7,reciever
311,MESSAGE_V1_33f4ec9f-4080-4df1-a481-88721e4797e7,USER_V1_81757c5b-dbb5-4fa3-b9c1-2454f6410951,recied_by
312,USER_V1_c4e5cc96-f53a-4c1c-848f-2aa0f4fc6fbb,MESSAGE_V1_dd4b14bb-90ed-4e8a-a9db-ee2ae0b80926,reciever
312,MESSAGE_V1_dd4b14bb-90ed-4e8a-a9db-ee2ae0b80926,USER_V1_c4e5cc96-f53a-4c1c-848f-2aa0f4fc6fbb,recied_by
313,USER_V1_0f576c9f-596c-4d54-b459-d14246b1da79,MESSAGE_V1_2ed430c1-e91f-4884-b426-9f81b1343e7d,reciever
313,MESSAGE_V1_2ed430c1-e91f-4884-b426-9f81b1343e7d,USER_V1_0f576c9f-596c-4d54-b459-d14246b1da79,recied_by
314,USER_V1_5aa3216d-543a-4f02-8246-9c4cff817313,MESSAGE_V1_53296c36-2957-4e4c-b1df-8446c8a87bc1,reciever
314,MESSAGE_V1_53296c36-2957-4e4c-b1df-8446c8a87bc1,USER_V1_5aa3216d-543a-4f02-8246-9c4cff817313,recied_by
315,USER_V1_26239bfe-5d4f-4365-b539-be1c037f6b70,MESSAGE_V1_d1dfb039-8178-456c-9fb1-d95a7b9add2c,reciever
315,MESSAGE_V1_d1dfb039-8178-456c-9fb1-d95a7b9add2c,USER_V1_26239bfe-5d4f-4365-b539-be1c037f6b70,recied_by
316,USER_V1_1c525d6e-5e51-4a3b-95a6-e87344dc8d77,MESSAGE_V1_f803b927-5f94-4d10-9536-fcf113b6bd0c,reciever
316,MESSAGE_V1_f803b927-5f94-4d10-9536-fcf113b6bd0c,USER_V1_1c525d6e-5e51-4a3b-95a6-e87344dc8d77,recied_by
317,USER_V1_7846c3cf-fd7e-4132-9323-c23d95f4218d,MESSAGE_V1_81e45616-0acb-43f8-84e9-5389e53a360f,reciever
317,MESSAGE_V1_81e45616-0acb-43f8-84e9-5389e53a360f,USER_V1_7846c3cf-fd7e-4132-9323-c23d95f4218d,recied_by
318,USER_V1_8a3b5247-5e1d-4b44-a6df-3af23529f42f,MESSAGE_V1_c7f34827-37bb-44c3-b471-746bef5b0805,reciever
318,MESSAGE_V1_c7f34827-37bb-44c3-b471-746bef5b0805,USER_V1_8a3b5247-5e1d-4b44-a6df-3af23529f42f,recied_by
319,USER_V1_f9de8ae8-0b0f-474c-91de-b2620f3bbb23,MESSAGE_V1_c0c0928f-77c9-4d5e-a3e5-eaf43fe4977b,reciever
319,MESSAGE_V1_c0c0928f-77c9-4d5e-a3e5-eaf43fe4977b,USER_V1_f9de8ae8-0b0f-474c-91de-b2620f3bbb23,recied_by
320,USER_V1_b818ec7e-dca1-4783-be5f-fc6dfb13ac31,MESSAGE_V1_20205cc1-b9cd-4d53-b53c-0bba24a32000,reciever
320,MESSAGE_V1_20205cc1-b9cd-4d53-b53c-0bba24a32000,USER_V1_b818ec7e-dca1-4783-be5f-fc6dfb13ac31,recied_by
321,USER_V1_e173c674-34df-4133-b6b6-db36214bcfc6,MESSAGE_V1_aa9290ad-f5d6-4c19-befa-213527f46f9c,reciever
321,MESSAGE_V1_aa9290ad-f5d6-4c19-befa-213527f46f9c,USER_V1_e173c674-34df-4133-b6b6-db36214bcfc6,recied_by
322,USER_V1_b818ec7e-dca1-4783-be5f-fc6dfb13ac31,MESSAGE_V1_e01ed496-138e-4e69-a77f-3f98038ba5f9,reciever
322,MESSAGE_V1_e01ed496-138e-4e69-a77f-3f98038ba5f9,USER_V1_b818ec7e-dca1-4783-be5f-fc6dfb13ac31,recied_by
323,USER_V1_b9028c9b-f73c-4131-8673-ed2c5ba7bf21,MESSAGE_V1_b733b3b7-71c1-44ef-ad93-74666847fb07,reciever
323,MESSAGE_V1_b733b3b7-71c1-44ef-ad93-74666847fb07,USER_V1_b9028c9b-f73c-4131-8673-ed2c5ba7bf21,recied_by
324,USER_V1_cc8a1ea9-e6f1-4c27-893c-eb630d112a52,MESSAGE_V1_8ef41571-0036-4a7e-8e87-da565e923a78,reciever
324,MESSAGE_V1_8ef41571-0036-4a7e-8e87-da565e923a78,USER_V1_cc8a1ea9-e6f1-4c27-893c-eb630d112a52,recied_by
325,USER_V1_717e174a-b7ec-4064-ada7-745fb60d2f9d,MESSAGE_V1_f1a64609-6619-40a8-ae46-a76fb2ad9138,reciever
325,MESSAGE_V1_f1a64609-6619-40a8-ae46-a76fb2ad9138,USER_V1_717e174a-b7ec-4064-ada7-745fb60d2f9d,recied_by
326,USER_V1_f36fc84b-6c65-450b-9ca7-0e2e93e08d31,MESSAGE_V1_1124c8f6-6f6c-4c60-b2d0-e73e5ea18c68,reciever
326,MESSAGE_V1_1124c8f6-6f6c-4c60-b2d0-e73e5ea18c68,USER_V1_f36fc84b-6c65-450b-9ca7-0e2e93e08d31,recied_by
327,USER_V1_035d75c6-6e30-4d17-b054-8658fc249df1,MESSAGE_V1_f0def49d-6238-44f1-ad93-48901deedd39,reciever
327,MESSAGE_V1_f0def49d-6238-44f1-ad93-48901deedd39,USER_V1_035d75c6-6e30-4d17-b054-8658fc249df1,recied_by
328,USER_V1_c96f2348-79ce-4121-bf2d-c013028c78db,MESSAGE_V1_a907c342-f066-4293-9229-48fe87d7a637,reciever
328,MESSAGE_V1_a907c342-f066-4293-9229-48fe87d7a637,USER_V1_c96f2348-79ce-4121-bf2d-c013028c78db,recied_by
329,USER_V1_c1805955-10fc-4051-b4a4-538464167582,MESSAGE_V1_83d3fd31-043c-41ce-a68d-8ba2aab06188,reciever
329,MESSAGE_V1_83d3fd31-043c-41ce-a68d-8ba2aab06188,USER_V1_c1805955-10fc-4051-b4a4-538464167582,recied_by
330,USER_V1_a6e63807-b7a1-4180-a7b4-95a2a541190a,MESSAGE_V1_133124f1-4586-4611-98c0-273caaf3c8ca,reciever
330,MESSAGE_V1_133124f1-4586-4611-98c0-273caaf3c8ca,USER_V1_a6e63807-b7a1-4180-a7b4-95a2a541190a,recied_by
331,USER_V1_bf22ae9c-8216-4833-8ac9-3ad924852845,MESSAGE_V1_b59de080-95ee-4c1d-9580-cde69c4d9eaf,reciever
331,MESSAGE_V1_b59de080-95ee-4c1d-9580-cde69c4d9eaf,USER_V1_bf22ae9c-8216-4833-8ac9-3ad924852845,recied_by
332,USER_V1_73e00091-0ea7-42ce-a324-4b01d83763ec,MESSAGE_V1_1c4e554e-9370-49d6-b534-6971c6be4e31,reciever
332,MESSAGE_V1_1c4e554e-9370-49d6-b534-6971c6be4e31,USER_V1_73e00091-0ea7-42ce-a324-4b01d83763ec,recied_by
333,USER_V1_23dcceae-d4a5-4ef1-aee9-7d923c9bfc48,MESSAGE_V1_efcf0391-4aab-44b1-8814-22e58925a366,reciever
333,MESSAGE_V1_efcf0391-4aab-44b1-8814-22e58925a366,USER_V1_23dcceae-d4a5-4ef1-aee9-7d923c9bfc48,recied_by
334,USER_V1_40b6e457-e8e8-46ca-88e0-b4df60595fb8,MESSAGE_V1_763d469f-a96a-4632-8f93-dc2b208c8558,reciever
334,MESSAGE_V1_763d469f-a96a-4632-8f93-dc2b208c8558,USER_V1_40b6e457-e8e8-46ca-88e0-b4df60595fb8,recied_by
335,USER_V1_42ea6d11-1fc5-4aeb-befd-bf113f2e4b8b,MESSAGE_V1_ae38f20e-23c6-48f3-870b-59ae822fa336,reciever
335,MESSAGE_V1_ae38f20e-23c6-48f3-870b-59ae822fa336,USER_V1_42ea6d11-1fc5-4aeb-befd-bf113f2e4b8b,recied_by
336,USER_V1_d61505d3-4df6-4d1a-b8aa-f6666d8e53a3,MESSAGE_V1_94be1afd-9a15-4f75-aa94-ef751bc3532e,reciever
336,MESSAGE_V1_94be1afd-9a15-4f75-aa94-ef751bc3532e,USER_V1_d61505d3-4df6-4d1a-b8aa-f6666d8e53a3,recied_by
337,USER_V1_07c35793-e792-48f2-a378-35e24cc86a40,MESSAGE_V1_90205e33-8821-43ea-8a66-91b7822c4ab4,reciever
337,MESSAGE_V1_90205e33-8821-43ea-8a66-91b7822c4ab4,USER_V1_07c35793-e792-48f2-a378-35e24cc86a40,recied_by
338,USER_V1_12231439-1ed4-4907-a8ea-acfd1b0ef406,MESSAGE_V1_aaa7f2b8-8d7c-46a0-8f4a-174b1788ae3c,reciever
338,MESSAGE_V1_aaa7f2b8-8d7c-46a0-8f4a-174b1788ae3c,USER_V1_12231439-1ed4-4907-a8ea-acfd1b0ef406,recied_by
339,USER_V1_de9cf6a0-ebbb-4cec-a5d5-f52b1e97b719,MESSAGE_V1_4c49bd16-b8b0-4f51-8d06-1e0418f783ff,reciever
339,MESSAGE_V1_4c49bd16-b8b0-4f51-8d06-1e0418f783ff,USER_V1_de9cf6a0-ebbb-4cec-a5d5-f52b1e97b719,recied_by
340,USER_V1_9d33e1e8-590b-4c79-bfcd-987a327fc792,MESSAGE_V1_834a9b50-fa89-4854-a75e-e7f383d768fa,reciever
340,MESSAGE_V1_834a9b50-fa89-4854-a75e-e7f383d768fa,USER_V1_9d33e1e8-590b-4c79-bfcd-987a327fc792,recied_by
341,USER_V1_717e174a-b7ec-4064-ada7-745fb60d2f9d,MESSAGE_V1_a514b2db-1ebf-4a15-9f35-1feb4a3ae823,reciever
341,MESSAGE_V1_a514b2db-1ebf-4a15-9f35-1feb4a3ae823,USER_V1_717e174a-b7ec-4064-ada7-745fb60d2f9d,recied_by
342,USER_V1_3599cbb2-c2bc-4d1e-bbc2-a871eeb664b3,MESSAGE_V1_3607148d-7947-4615-a004-212a5e7d9ce7,reciever
342,MESSAGE_V1_3607148d-7947-4615-a004-212a5e7d9ce7,USER_V1_3599cbb2-c2bc-4d1e-bbc2-a871eeb664b3,recied_by
343,USER_V1_4df26c3b-9b2f-4290-948e-b31c8a18fe1f,MESSAGE_V1_8b8f6874-10e1-44b8-b8f0-734ea3d7ab4b,reciever
343,MESSAGE_V1_8b8f6874-10e1-44b8-b8f0-734ea3d7ab4b,USER_V1_4df26c3b-9b2f-4290-948e-b31c8a18fe1f,recied_by
344,USER_V1_6e7f6a39-2df5-4cbd-8990-17cae67f49e9,MESSAGE_V1_6a476187-5824-4a47-b7b7-4add23e03898,reciever
344,MESSAGE_V1_6a476187-5824-4a47-b7b7-4add23e03898,USER_V1_6e7f6a39-2df5-4cbd-8990-17cae67f49e9,recied_by
345,USER_V1_e3612eaf-fac1-4cb2-a86b-5d69f72cd3a1,MESSAGE_V1_ce54fe4c-62d2-4d8d-aa6b-7f3f51f49e93,reciever
345,MESSAGE_V1_ce54fe4c-62d2-4d8d-aa6b-7f3f51f49e93,USER_V1_e3612eaf-fac1-4cb2-a86b-5d69f72cd3a1,recied_by
346,USER_V1_6c274b77-14ee-4c16-8b0a-0cb250b9d24d,MESSAGE_V1_4cefb041-ffdc-41c7-9d91-d3cc6a1a08e3,reciever
346,MESSAGE_V1_4cefb041-ffdc-41c7-9d91-d3cc6a1a08e3,USER_V1_6c274b77-14ee-4c16-8b0a-0cb250b9d24d,recied_by
347,USER_V1_12a6558f-c6a6-4e02-b74e-4b663c8f939c,MESSAGE_V1_0aed9eb2-53ee-4135-b793-4b139dca6a39,reciever
347,MESSAGE_V1_0aed9eb2-53ee-4135-b793-4b139dca6a39,USER_V1_12a6558f-c6a6-4e02-b74e-4b663c8f939c,recied_by
348,USER_V1_5fefec43-f582-46a8-a477-34236fd4048b,MESSAGE_V1_f9a82bef-48a8-4808-836c-c9f653e2a0c0,reciever
348,MESSAGE_V1_f9a82bef-48a8-4808-836c-c9f653e2a0c0,USER_V1_5fefec43-f582-46a8-a477-34236fd4048b,recied_by
349,USER_V1_f4f41134-dc25-44af-a3e4-a8134852b8e4,MESSAGE_V1_c1f135db-921d-4f0d-8c5b-ae4989bf9d2e,reciever
349,MESSAGE_V1_c1f135db-921d-4f0d-8c5b-ae4989bf9d2e,USER_V1_f4f41134-dc25-44af-a3e4-a8134852b8e4,recied_by
350,USER_V1_e1c22942-5474-4969-9950-3a5d53ff8d55,MESSAGE_V1_e4ee433d-daf0-420c-926c-06d920175bd5,reciever
350,MESSAGE_V1_e4ee433d-daf0-420c-926c-06d920175bd5,USER_V1_e1c22942-5474-4969-9950-3a5d53ff8d55,recied_by
351,USER_V1_64475228-cea4-454d-9f68-b18883cdb895,MESSAGE_V1_c7c5e5e0-7998-47d3-9f26-0bdef440d91c,reciever
351,MESSAGE_V1_c7c5e5e0-7998-47d3-9f26-0bdef440d91c,USER_V1_64475228-cea4-454d-9f68-b18883cdb895,recied_by
352,USER_V1_06d633a7-250c-4712-81f2-2cdec0aff7f0,MESSAGE_V1_01e3f233-3242-4907-ab54-f576fd69799e,reciever
352,MESSAGE_V1_01e3f233-3242-4907-ab54-f576fd69799e,USER_V1_06d633a7-250c-4712-81f2-2cdec0aff7f0,recied_by
353,USER_V1_dc14ef08-d09d-4eb0-881f-b24ad8ba8084,MESSAGE_V1_4166e0e7-a60f-4134-90c4-e0900d276bbe,reciever
353,MESSAGE_V1_4166e0e7-a60f-4134-90c4-e0900d276bbe,USER_V1_dc14ef08-d09d-4eb0-881f-b24ad8ba8084,recied_by
354,USER_V1_e5cd46d9-0bc9-417e-baa4-de5e5e3a1623,MESSAGE_V1_db43b705-7efc-4a4f-bca2-7d2bf24d797a,reciever
354,MESSAGE_V1_db43b705-7efc-4a4f-bca2-7d2bf24d797a,USER_V1_e5cd46d9-0bc9-417e-baa4-de5e5e3a1623,recied_by
355,USER_V1_87d8a4d3-7a62-4870-b3f9-f41b2caaa598,MESSAGE_V1_139c966f-5611-47e1-815a-26bdcc31abfa,reciever
355,MESSAGE_V1_139c966f-5611-47e1-815a-26bdcc31abfa,USER_V1_87d8a4d3-7a62-4870-b3f9-f41b2caaa598,recied_by
356,USER_V1_5b5e166d-aae6-47bf-9df6-81f1035b98f6,MESSAGE_V1_d4e65364-3e41-419a-b0ee-d64650409b23,reciever
356,MESSAGE_V1_d4e65364-3e41-419a-b0ee-d64650409b23,USER_V1_5b5e166d-aae6-47bf-9df6-81f1035b98f6,recied_by
357,USER_V1_badcd181-f888-4db4-a016-e6d799cc7fa2,MESSAGE_V1_2e74e003-3831-432e-a75b-24deb2806dd3,reciever
357,MESSAGE_V1_2e74e003-3831-432e-a75b-24deb2806dd3,USER_V1_badcd181-f888-4db4-a016-e6d799cc7fa2,recied_by
358,USER_V1_a3f0dd0b-6f82-4cd8-8459-fbd7f12001fa,MESSAGE_V1_e6f835bc-d043-4906-972b-4769ddbb5aa5,reciever
358,MESSAGE_V1_e6f835bc-d043-4906-972b-4769ddbb5aa5,USER_V1_a3f0dd0b-6f82-4cd8-8459-fbd7f12001fa,recied_by
359,USER_V1_48d630d5-2f08-4f3b-9179-6410713fa24c,MESSAGE_V1_f0d4f479-8ca8-47aa-b899-efe9475c4ef4,reciever
359,MESSAGE_V1_f0d4f479-8ca8-47aa-b899-efe9475c4ef4,USER_V1_48d630d5-2f08-4f3b-9179-6410713fa24c,recied_by
360,USER_V1_4085fb88-c10a-43c6-a2db-d386183685d6,MESSAGE_V1_d87bed1c-400a-46b9-a349-92d30c894093,reciever
360,MESSAGE_V1_d87bed1c-400a-46b9-a349-92d30c894093,USER_V1_4085fb88-c10a-43c6-a2db-d386183685d6,recied_by
361,USER_V1_5d897597-deb4-4940-9990-081758488a76,MESSAGE_V1_0efa9021-0198-49c1-8349-28edf067a995,reciever
361,MESSAGE_V1_0efa9021-0198-49c1-8349-28edf067a995,USER_V1_5d897597-deb4-4940-9990-081758488a76,recied_by
362,USER_V1_c0855b00-ce76-4bee-8632-50abf1727d7c,MESSAGE_V1_c697c648-7fad-4c33-ad1e-8c9c11043200,reciever
362,MESSAGE_V1_c697c648-7fad-4c33-ad1e-8c9c11043200,USER_V1_c0855b00-ce76-4bee-8632-50abf1727d7c,recied_by
363,USER_V1_ac290fbd-7328-41d6-9bb3-47739fa80943,MESSAGE_V1_476aa403-4919-4ad1-b6b8-81777af0a8ae,reciever
363,MESSAGE_V1_476aa403-4919-4ad1-b6b8-81777af0a8ae,USER_V1_ac290fbd-7328-41d6-9bb3-47739fa80943,recied_by
364,USER_V1_d0a3f78d-d6e6-4e47-849d-5cd08f1c7ef0,MESSAGE_V1_571454d8-a6ce-4b17-b74c-309a5b09cceb,reciever
364,MESSAGE_V1_571454d8-a6ce-4b17-b74c-309a5b09cceb,USER_V1_d0a3f78d-d6e6-4e47-849d-5cd08f1c7ef0,recied_by
365,USER_V1_459f1a34-8da1-4b2a-a29a-4216d00aa57d,MESSAGE_V1_4bfaa1e9-c599-4191-9010-0f276f14e88f,reciever
365,MESSAGE_V1_4bfaa1e9-c599-4191-9010-0f276f14e88f,USER_V1_459f1a34-8da1-4b2a-a29a-4216d00aa57d,recied_by
366,USER_V1_2e79d13c-d35e-4192-be39-99bb39968902,MESSAGE_V1_c1f5fe22-fb4c-4e35-90c4-e3a40e340c33,reciever
366,MESSAGE_V1_c1f5fe22-fb4c-4e35-90c4-e3a40e340c33,USER_V1_2e79d13c-d35e-4192-be39-99bb39968902,recied_by
367,USER_V1_1bcbe9a7-9b15-4cec-b62c-1f57bd06bf35,MESSAGE_V1_5ed65d2f-5929-496f-a208-ccbcd611545e,reciever
367,MESSAGE_V1_5ed65d2f-5929-496f-a208-ccbcd611545e,USER_V1_1bcbe9a7-9b15-4cec-b62c-1f57bd06bf35,recied_by
368,USER_V1_4ed4afdd-f5dc-425c-8b48-1fa126de9289,MESSAGE_V1_4e12a6cb-20d5-4a64-ba30-d55df71ed6d0,reciever
368,MESSAGE_V1_4e12a6cb-20d5-4a64-ba30-d55df71ed6d0,USER_V1_4ed4afdd-f5dc-425c-8b48-1fa126de9289,recied_by
369,USER_V1_ea2baf42-4afe-4889-be21-8b0370255fcc,MESSAGE_V1_8860185b-a218-4d94-8ba4-1eec030fadd1,reciever
369,MESSAGE_V1_8860185b-a218-4d94-8ba4-1eec030fadd1,USER_V1_ea2baf42-4afe-4889-be21-8b0370255fcc,recied_by
370,USER_V1_38c4714d-0524-4d51-bca7-833e0624bf27,MESSAGE_V1_5c7416c0-249c-4745-ad3e-cdab06840f56,reciever
370,MESSAGE_V1_5c7416c0-249c-4745-ad3e-cdab06840f56,USER_V1_38c4714d-0524-4d51-bca7-833e0624bf27,recied_by
371,USER_V1_d4d84a5b-5cb4-4bea-84e3-3ee21eddb037,MESSAGE_V1_0f072131-10ab-4d13-a81a-eb01857b4148,reciever
371,MESSAGE_V1_0f072131-10ab-4d13-a81a-eb01857b4148,USER_V1_d4d84a5b-5cb4-4bea-84e3-3ee21eddb037,recied_by
372,USER_V1_741f9394-4512-42e4-8a65-3c72aab4520d,MESSAGE_V1_8ede235d-7019-4dce-b32c-8c87b7736ac4,reciever
372,MESSAGE_V1_8ede235d-7019-4dce-b32c-8c87b7736ac4,USER_V1_741f9394-4512-42e4-8a65-3c72aab4520d,recied_by
373,USER_V1_f21b7323-1ac8-48ce-8c45-f6706844d03e,MESSAGE_V1_421ad660-43c5-4a50-aaed-4d7590fec4a8,reciever
373,MESSAGE_V1_421ad660-43c5-4a50-aaed-4d7590fec4a8,USER_V1_f21b7323-1ac8-48ce-8c45-f6706844d03e,recied_by
374,USER_V1_eff5b763-e70b-408b-8d93-f6d9e382fa62,MESSAGE_V1_c3f85937-98b6-4b9a-b8ee-db40fbb8624c,reciever
374,MESSAGE_V1_c3f85937-98b6-4b9a-b8ee-db40fbb8624c,USER_V1_eff5b763-e70b-408b-8d93-f6d9e382fa62,recied_by
375,USER_V1_e9b298f8-d1db-48bf-8afc-5077d3bbfcbd,MESSAGE_V1_62603d2d-d38c-4d19-b26c-79d7df1defda,reciever
375,MESSAGE_V1_62603d2d-d38c-4d19-b26c-79d7df1defda,USER_V1_e9b298f8-d1db-48bf-8afc-5077d3bbfcbd,recied_by
376,USER_V1_8c4fa5a5-ddd5-4e57-9f2a-d048a5875371,MESSAGE_V1_f275ad84-a9dd-47db-a2c4-c433f93847fd,reciever
376,MESSAGE_V1_f275ad84-a9dd-47db-a2c4-c433f93847fd,USER_V1_8c4fa5a5-ddd5-4e57-9f2a-d048a5875371,recied_by
377,USER_V1_96f2c883-9c32-484f-9940-f563d0b2ab17,MESSAGE_V1_5819e3cc-5163-48a7-bd65-e7b9d5299195,reciever
377,MESSAGE_V1_5819e3cc-5163-48a7-bd65-e7b9d5299195,USER_V1_96f2c883-9c32-484f-9940-f563d0b2ab17,recied_by
378,USER_V1_2cd29f75-9c06-45df-b9e9-7e8c99f6d24e,MESSAGE_V1_96d22cf0-c887-4beb-8c00-5bfc5d079c89,reciever
378,MESSAGE_V1_96d22cf0-c887-4beb-8c00-5bfc5d079c89,USER_V1_2cd29f75-9c06-45df-b9e9-7e8c99f6d24e,recied_by
379,USER_V1_910cbf72-8c87-416f-a5aa-715150ed6583,MESSAGE_V1_8dd3b73a-8577-4118-a233-44a500abfef6,reciever
379,MESSAGE_V1_8dd3b73a-8577-4118-a233-44a500abfef6,USER_V1_910cbf72-8c87-416f-a5aa-715150ed6583,recied_by
380,USER_V1_a3854336-e920-4f95-b549-b737acbde898,MESSAGE_V1_f451d56d-e8b9-471f-8e0c-91e513de0ab5,reciever
380,MESSAGE_V1_f451d56d-e8b9-471f-8e0c-91e513de0ab5,USER_V1_a3854336-e920-4f95-b549-b737acbde898,recied_by
381,USER_V1_e260e185-03e0-4077-b232-4324a3efcc39,MESSAGE_V1_631f8683-ab5d-4f43-807c-814585d3c965,reciever
381,MESSAGE_V1_631f8683-ab5d-4f43-807c-814585d3c965,USER_V1_e260e185-03e0-4077-b232-4324a3efcc39,recied_by
382,USER_V1_29aff2de-7537-4c47-8a86-007829097665,MESSAGE_V1_74661430-03e3-4851-b4df-ff38c0cb6de4,reciever
382,MESSAGE_V1_74661430-03e3-4851-b4df-ff38c0cb6de4,USER_V1_29aff2de-7537-4c47-8a86-007829097665,recied_by
383,USER_V1_0feb0bde-d8c3-466a-bf3b-f50f7988461a,MESSAGE_V1_bd856bcf-b1e4-476d-92e9-5f6305381b4f,reciever
383,MESSAGE_V1_bd856bcf-b1e4-476d-92e9-5f6305381b4f,USER_V1_0feb0bde-d8c3-466a-bf3b-f50f7988461a,recied_by
384,USER_V1_1d4d1a59-4293-4559-8629-a4d63b84800e,MESSAGE_V1_1128c793-3f97-42fd-b93a-b8822bd8e583,reciever
384,MESSAGE_V1_1128c793-3f97-42fd-b93a-b8822bd8e583,USER_V1_1d4d1a59-4293-4559-8629-a4d63b84800e,recied_by
385,USER_V1_bb6fcaf6-6c91-44c5-834a-141a1d6c1246,MESSAGE_V1_051ac7e2-d303-4323-96af-039173d44b40,reciever
385,MESSAGE_V1_051ac7e2-d303-4323-96af-039173d44b40,USER_V1_bb6fcaf6-6c91-44c5-834a-141a1d6c1246,recied_by
386,USER_V1_42481020-873c-49b2-ab32-e218cb71e15c,MESSAGE_V1_5f1c0da9-76ba-4e82-be21-920447cfe0ce,reciever
386,MESSAGE_V1_5f1c0da9-76ba-4e82-be21-920447cfe0ce,USER_V1_42481020-873c-49b2-ab32-e218cb71e15c,recied_by
387,USER_V1_c5a07bc9-9256-4f5a-bbf7-7f1b70d43129,MESSAGE_V1_db6212d5-0b3e-4579-a834-1b1eee1d945d,reciever
387,MESSAGE_V1_db6212d5-0b3e-4579-a834-1b1eee1d945d,USER_V1_c5a07bc9-9256-4f5a-bbf7-7f1b70d43129,recied_by
388,USER_V1_d8d58237-9266-42d1-8b52-0857936ad76c,MESSAGE_V1_75e9dafa-ee68-41ba-b640-b42352138049,reciever
388,MESSAGE_V1_75e9dafa-ee68-41ba-b640-b42352138049,USER_V1_d8d58237-9266-42d1-8b52-0857936ad76c,recied_by
389,USER_V1_0cf73d82-851c-4c44-ae6b-fe6d8380008d,MESSAGE_V1_f39dc280-6df8-45a9-b36f-4b0476a1bd8c,reciever
389,MESSAGE_V1_f39dc280-6df8-45a9-b36f-4b0476a1bd8c,USER_V1_0cf73d82-851c-4c44-ae6b-fe6d8380008d,recied_by
390,USER_V1_f1afb5a2-1c5d-488e-868d-77a63ab1f09d,MESSAGE_V1_b2683ce1-87ac-446b-a183-273f1610403e,reciever
390,MESSAGE_V1_b2683ce1-87ac-446b-a183-273f1610403e,USER_V1_f1afb5a2-1c5d-488e-868d-77a63ab1f09d,recied_by
391,USER_V1_edde0d65-d7f1-4c17-8f25-100ac8689ebf,MESSAGE_V1_f8ca9b79-9986-4343-9571-a82a9e40c73a,reciever
391,MESSAGE_V1_f8ca9b79-9986-4343-9571-a82a9e40c73a,USER_V1_edde0d65-d7f1-4c17-8f25-100ac8689ebf,recied_by
392,USER_V1_cb76eb87-fc02-4982-ba9a-061cabdec62b,MESSAGE_V1_23dbf217-f988-41a4-96b6-c7bf7fddaa6f,reciever
392,MESSAGE_V1_23dbf217-f988-41a4-96b6-c7bf7fddaa6f,USER_V1_cb76eb87-fc02-4982-ba9a-061cabdec62b,recied_by
393,USER_V1_23b8407d-4984-441f-8d80-a941ce53e606,MESSAGE_V1_4721de6d-d0b0-48b3-a344-31e2e15a83ed,reciever
393,MESSAGE_V1_4721de6d-d0b0-48b3-a344-31e2e15a83ed,USER_V1_23b8407d-4984-441f-8d80-a941ce53e606,recied_by
394,USER_V1_c69de686-dc73-4882-8ed7-1f64dd65b5f5,MESSAGE_V1_32fd836c-f9b6-4017-ab99-66282471f642,reciever
394,MESSAGE_V1_32fd836c-f9b6-4017-ab99-66282471f642,USER_V1_c69de686-dc73-4882-8ed7-1f64dd65b5f5,recied_by
395,USER_V1_0729a76d-7d5d-43bc-a995-c22022f9c1c7,MESSAGE_V1_cc7d0d1d-0fbb-4c6d-a802-b5ba83c4973e,reciever
395,MESSAGE_V1_cc7d0d1d-0fbb-4c6d-a802-b5ba83c4973e,USER_V1_0729a76d-7d5d-43bc-a995-c22022f9c1c7,recied_by
396,USER_V1_c4479e24-a958-4184-bbb7-b2209b516e61,MESSAGE_V1_4cf35965-b42c-4323-83fc-6bfa17bd31d4,reciever
396,MESSAGE_V1_4cf35965-b42c-4323-83fc-6bfa17bd31d4,USER_V1_c4479e24-a958-4184-bbb7-b2209b516e61,recied_by
397,USER_V1_64b5e526-a991-45cc-9dbf-ac1f705533a0,MESSAGE_V1_ae38fe4e-ff11-42a1-b5de-ba5e795c2835,reciever
397,MESSAGE_V1_ae38fe4e-ff11-42a1-b5de-ba5e795c2835,USER_V1_64b5e526-a991-45cc-9dbf-ac1f705533a0,recied_by
398,USER_V1_28f5b095-4a37-4c14-b6af-ec88a3635195,MESSAGE_V1_f0106bff-d973-442c-9c3b-3a4c95350343,reciever
398,MESSAGE_V1_f0106bff-d973-442c-9c3b-3a4c95350343,USER_V1_28f5b095-4a37-4c14-b6af-ec88a3635195,recied_by
399,USER_V1_3716c3d5-9f53-4af8-9470-48a62d3899b3,MESSAGE_V1_1ba61dec-34d1-4d2f-bfbc-38e7c4660eb8,reciever
399,MESSAGE_V1_1ba61dec-34d1-4d2f-bfbc-38e7c4660eb8,USER_V1_3716c3d5-9f53-4af8-9470-48a62d3899b3,recied_by
400,USER_V1_711402c0-da73-4a9c-940b-685c1cd7d630,MESSAGE_V1_31806da0-ae4f-4fa2-82f3-7aff5248ce3a,reciever
400,MESSAGE_V1_31806da0-ae4f-4fa2-82f3-7aff5248ce3a,USER_V1_711402c0-da73-4a9c-940b-685c1cd7d630,recied_by
401,USER_V1_81c3c8fc-e772-4f07-9388-15e93a65e6c3,MESSAGE_V1_91a19074-19bd-4775-85e6-6b6e94f95a01,reciever
401,MESSAGE_V1_91a19074-19bd-4775-85e6-6b6e94f95a01,USER_V1_81c3c8fc-e772-4f07-9388-15e93a65e6c3,recied_by
402,USER_V1_4d26ae5b-0468-4e0c-bc0d-974b6c6ec45e,MESSAGE_V1_b3fb3466-4d81-4d74-b6c6-21422effa384,reciever
402,MESSAGE_V1_b3fb3466-4d81-4d74-b6c6-21422effa384,USER_V1_4d26ae5b-0468-4e0c-bc0d-974b6c6ec45e,recied_by
403,USER_V1_8b2c0791-079a-4491-95dd-0ef9f4fbd0a0,MESSAGE_V1_6abac703-ec93-44e5-91e9-3a2976f33ccd,reciever
403,MESSAGE_V1_6abac703-ec93-44e5-91e9-3a2976f33ccd,USER_V1_8b2c0791-079a-4491-95dd-0ef9f4fbd0a0,recied_by
404,USER_V1_21150da9-a398-415a-acb2-e04f7d1c74b1,MESSAGE_V1_d03c35a3-e950-4bf4-bb1f-73abd93b7ff8,reciever
404,MESSAGE_V1_d03c35a3-e950-4bf4-bb1f-73abd93b7ff8,USER_V1_21150da9-a398-415a-acb2-e04f7d1c74b1,recied_by
405,USER_V1_6730ccc7-2504-40e5-8899-a9207bab9876,MESSAGE_V1_bd43ab8f-85f4-4616-be56-c5de04a50639,reciever
405,MESSAGE_V1_bd43ab8f-85f4-4616-be56-c5de04a50639,USER_V1_6730ccc7-2504-40e5-8899-a9207bab9876,recied_by
406,USER_V1_2ca791d9-9e99-4212-8d3d-01903ca1c9ab,MESSAGE_V1_2e4e35ee-2e51-4fc3-b781-3267fa5d3516,reciever
406,MESSAGE_V1_2e4e35ee-2e51-4fc3-b781-3267fa5d3516,USER_V1_2ca791d9-9e99-4212-8d3d-01903ca1c9ab,recied_by
407,USER_V1_ff48f163-dc0c-4695-b9f3-dd743fe7ee5b,MESSAGE_V1_a8324eff-0696-40ad-b8a1-2bee24924e8f,reciever
407,MESSAGE_V1_a8324eff-0696-40ad-b8a1-2bee24924e8f,USER_V1_ff48f163-dc0c-4695-b9f3-dd743fe7ee5b,recied_by
408,USER_V1_65874f5e-36d8-42eb-a597-5a263de899e9,MESSAGE_V1_e8462e8c-c3e0-41db-8183-120a01a61cdc,reciever
408,MESSAGE_V1_e8462e8c-c3e0-41db-8183-120a01a61cdc,USER_V1_65874f5e-36d8-42eb-a597-5a263de899e9,recied_by
409,USER_V1_676d646b-35a5-453c-afbd-5e338bdf0482,MESSAGE_V1_ab3d9170-c3f0-4086-ad04-3d054bca5e4b,reciever
409,MESSAGE_V1_ab3d9170-c3f0-4086-ad04-3d054bca5e4b,USER_V1_676d646b-35a5-453c-afbd-5e338bdf0482,recied_by
410,USER_V1_f683899b-9f29-45bd-9a61-7c88d65150f3,MESSAGE_V1_790a4f5f-db8e-40aa-ab11-a5154b3bbf0c,reciever
410,MESSAGE_V1_790a4f5f-db8e-40aa-ab11-a5154b3bbf0c,USER_V1_f683899b-9f29-45bd-9a61-7c88d65150f3,recied_by
411,USER_V1_f3914a3b-cca6-4e58-be1f-240d68be12bd,MESSAGE_V1_80b73e6c-b0df-415a-9beb-a368a076d602,reciever
411,MESSAGE_V1_80b73e6c-b0df-415a-9beb-a368a076d602,USER_V1_f3914a3b-cca6-4e58-be1f-240d68be12bd,recied_by
412,USER_V1_8f6eb260-12a4-407a-878e-a0fddb021e5b,MESSAGE_V1_2265cb01-5a11-4c08-bde2-2663761d9eb7,reciever
412,MESSAGE_V1_2265cb01-5a11-4c08-bde2-2663761d9eb7,USER_V1_8f6eb260-12a4-407a-878e-a0fddb021e5b,recied_by
413,USER_V1_b6fd4f9a-4262-4b0c-b193-bc24aac334dd,MESSAGE_V1_3f3a1c77-1362-4557-a02d-b890ce5a7096,reciever
413,MESSAGE_V1_3f3a1c77-1362-4557-a02d-b890ce5a7096,USER_V1_b6fd4f9a-4262-4b0c-b193-bc24aac334dd,recied_by
414,USER_V1_08667555-6e87-4422-bee7-e26ac967b5bf,MESSAGE_V1_d756ef78-5cc4-47ee-9fc7-f5686c31d75b,reciever
414,MESSAGE_V1_d756ef78-5cc4-47ee-9fc7-f5686c31d75b,USER_V1_08667555-6e87-4422-bee7-e26ac967b5bf,recied_by
415,USER_V1_627ee4b1-6859-41ad-b68a-554fbc926be5,MESSAGE_V1_0904dd16-9f4e-45c9-83f2-cf1ea9ed3fe9,reciever
415,MESSAGE_V1_0904dd16-9f4e-45c9-83f2-cf1ea9ed3fe9,USER_V1_627ee4b1-6859-41ad-b68a-554fbc926be5,recied_by
416,USER_V1_7aab735d-fb87-46f3-999b-866c5a290e11,MESSAGE_V1_0b46afad-f6d1-4dab-aedc-bdfaa441cfb0,reciever
416,MESSAGE_V1_0b46afad-f6d1-4dab-aedc-bdfaa441cfb0,USER_V1_7aab735d-fb87-46f3-999b-866c5a290e11,recied_by
417,USER_V1_b6e86a85-382a-49a0-b8b6-829518263030,MESSAGE_V1_ff1f5239-cf52-45b4-9937-350d784da9e9,reciever
417,MESSAGE_V1_ff1f5239-cf52-45b4-9937-350d784da9e9,USER_V1_b6e86a85-382a-49a0-b8b6-829518263030,recied_by
418,USER_V1_b85aee65-f1f0-4244-9fa3-9db5fcb1dfcc,MESSAGE_V1_984104e3-42ba-4cf9-a593-d45eae38155e,reciever
418,MESSAGE_V1_984104e3-42ba-4cf9-a593-d45eae38155e,USER_V1_b85aee65-f1f0-4244-9fa3-9db5fcb1dfcc,recied_by
419,USER_V1_1e7f1ff3-980c-4c53-beb8-06f7341aab5a,MESSAGE_V1_e679e0df-e287-47e6-8fc8-590f5e3a0c34,reciever
419,MESSAGE_V1_e679e0df-e287-47e6-8fc8-590f5e3a0c34,USER_V1_1e7f1ff3-980c-4c53-beb8-06f7341aab5a,recied_by
420,USER_V1_a8bae94f-c0e4-4154-b883-bafbad2b7338,MESSAGE_V1_8018e697-a1d5-4106-9f53-10a809dd01a2,reciever
420,MESSAGE_V1_8018e697-a1d5-4106-9f53-10a809dd01a2,USER_V1_a8bae94f-c0e4-4154-b883-bafbad2b7338,recied_by
421,USER_V1_456c3686-2e3b-4ec3-b68b-7b0827673861,MESSAGE_V1_076b1bf1-2637-4219-81b3-c94e08d0dec8,reciever
421,MESSAGE_V1_076b1bf1-2637-4219-81b3-c94e08d0dec8,USER_V1_456c3686-2e3b-4ec3-b68b-7b0827673861,recied_by
422,USER_V1_87a9b42e-a1c8-4383-aa31-c9f75cf1f649,MESSAGE_V1_b6c16b96-7ec0-4220-bd79-d5b61068341f,reciever
422,MESSAGE_V1_b6c16b96-7ec0-4220-bd79-d5b61068341f,USER_V1_87a9b42e-a1c8-4383-aa31-c9f75cf1f649,recied_by
423,USER_V1_3bddd231-e12a-4e41-9a28-834bda0941a0,MESSAGE_V1_52343fa4-2c90-4890-9fc5-83ca2e379c3e,reciever
423,MESSAGE_V1_52343fa4-2c90-4890-9fc5-83ca2e379c3e,USER_V1_3bddd231-e12a-4e41-9a28-834bda0941a0,recied_by
424,USER_V1_f63ef906-c8ad-4ba0-afad-bf69c61918db,MESSAGE_V1_7005ad3d-3107-4f76-9119-9c0daec84445,reciever
424,MESSAGE_V1_7005ad3d-3107-4f76-9119-9c0daec84445,USER_V1_f63ef906-c8ad-4ba0-afad-bf69c61918db,recied_by
425,USER_V1_ddacacbb-94b8-4bea-b9a9-c37acab53891,MESSAGE_V1_406400ed-9b05-46f8-b846-0adbc0133d08,reciever
425,MESSAGE_V1_406400ed-9b05-46f8-b846-0adbc0133d08,USER_V1_ddacacbb-94b8-4bea-b9a9-c37acab53891,recied_by
426,USER_V1_545cf29f-ee62-48f3-bfb5-4af52da28782,MESSAGE_V1_fb7d2ea8-4428-449f-990e-46d5c8062659,reciever
426,MESSAGE_V1_fb7d2ea8-4428-449f-990e-46d5c8062659,USER_V1_545cf29f-ee62-48f3-bfb5-4af52da28782,recied_by
427,USER_V1_c9718966-e390-45b6-93aa-1be153883fcf,MESSAGE_V1_22ea7d8d-fcb4-47d8-b451-663e02a54fb1,reciever
427,MESSAGE_V1_22ea7d8d-fcb4-47d8-b451-663e02a54fb1,USER_V1_c9718966-e390-45b6-93aa-1be153883fcf,recied_by
428,USER_V1_1ad6ceda-4b86-44d7-9ed4-3f2ed38dc9bb,MESSAGE_V1_e67d4e7e-88ce-4461-9ef4-99025693182a,reciever
428,MESSAGE_V1_e67d4e7e-88ce-4461-9ef4-99025693182a,USER_V1_1ad6ceda-4b86-44d7-9ed4-3f2ed38dc9bb,recied_by
429,USER_V1_58464ea0-a4da-43b2-8cdc-0de930655fcf,MESSAGE_V1_fa237a7d-4d84-4346-9f8b-be65d1d8506e,reciever
429,MESSAGE_V1_fa237a7d-4d84-4346-9f8b-be65d1d8506e,USER_V1_58464ea0-a4da-43b2-8cdc-0de930655fcf,recied_by
430,USER_V1_7440c003-1ce5-4173-82c4-f0d59f20c1d5,MESSAGE_V1_7340e0ca-241c-4aa8-ba0b-84c361be35fa,reciever
430,MESSAGE_V1_7340e0ca-241c-4aa8-ba0b-84c361be35fa,USER_V1_7440c003-1ce5-4173-82c4-f0d59f20c1d5,recied_by
431,USER_V1_9248a21e-eea1-4f6d-9b24-36b7d799d513,MESSAGE_V1_4f91a2bb-5cdb-44be-b24d-27a8cb24a873,reciever
431,MESSAGE_V1_4f91a2bb-5cdb-44be-b24d-27a8cb24a873,USER_V1_9248a21e-eea1-4f6d-9b24-36b7d799d513,recied_by
432,USER_V1_193da64a-3c34-476b-b515-9d2736d10ce7,MESSAGE_V1_6a2a9dc9-857b-444f-b642-d9362e6f710a,reciever
432,MESSAGE_V1_6a2a9dc9-857b-444f-b642-d9362e6f710a,USER_V1_193da64a-3c34-476b-b515-9d2736d10ce7,recied_by
433,USER_V1_540d5936-5f32-4c60-8da7-8e75229c9692,MESSAGE_V1_06f4ff73-2473-4600-ad8c-3b5f8346cfa1,reciever
433,MESSAGE_V1_06f4ff73-2473-4600-ad8c-3b5f8346cfa1,USER_V1_540d5936-5f32-4c60-8da7-8e75229c9692,recied_by
434,USER_V1_84d23d60-3801-41eb-ae11-aa6f8f079b9c,MESSAGE_V1_9427eb2b-6806-45d1-9a66-13dedde65ed5,reciever
434,MESSAGE_V1_9427eb2b-6806-45d1-9a66-13dedde65ed5,USER_V1_84d23d60-3801-41eb-ae11-aa6f8f079b9c,recied_by
435,USER_V1_742f1f15-a1bc-43fa-8f14-fa0d3207e560,MESSAGE_V1_8edf9d8c-3316-47df-a716-365d2f8beb75,reciever
435,MESSAGE_V1_8edf9d8c-3316-47df-a716-365d2f8beb75,USER_V1_742f1f15-a1bc-43fa-8f14-fa0d3207e560,recied_by
436,USER_V1_0c06525f-e622-4cb5-b3e8-fc445190653a,MESSAGE_V1_67d6a2b0-95c2-4fec-b830-d5b848a7d831,reciever
436,MESSAGE_V1_67d6a2b0-95c2-4fec-b830-d5b848a7d831,USER_V1_0c06525f-e622-4cb5-b3e8-fc445190653a,recied_by
437,USER_V1_338a3610-f966-4d1a-814d-c83c6a847962,MESSAGE_V1_7075cb7e-2e4b-45d6-a92d-b928b865ea53,reciever
437,MESSAGE_V1_7075cb7e-2e4b-45d6-a92d-b928b865ea53,USER_V1_338a3610-f966-4d1a-814d-c83c6a847962,recied_by
438,USER_V1_b524371b-4920-49ae-8125-4ca37445eb91,MESSAGE_V1_65d4be70-cd6f-4295-9200-bbae18960bd5,reciever
438,MESSAGE_V1_65d4be70-cd6f-4295-9200-bbae18960bd5,USER_V1_b524371b-4920-49ae-8125-4ca37445eb91,recied_by
439,USER_V1_91458166-631c-4bba-9d08-0a8b9c4bc72b,MESSAGE_V1_60e97381-784d-4aec-9470-c36332e9fda6,reciever
439,MESSAGE_V1_60e97381-784d-4aec-9470-c36332e9fda6,USER_V1_91458166-631c-4bba-9d08-0a8b9c4bc72b,recied_by
440,USER_V1_52e4ac7a-5442-4185-8829-15c91b1510b2,MESSAGE_V1_1b7f3f50-0e8e-486a-bf39-9e136ad44e90,reciever
440,MESSAGE_V1_1b7f3f50-0e8e-486a-bf39-9e136ad44e90,USER_V1_52e4ac7a-5442-4185-8829-15c91b1510b2,recied_by
441,USER_V1_58f8c511-a395-41c0-b20f-246d7a4be440,MESSAGE_V1_5de078be-fac7-4901-9145-0afaa0bea16d,reciever
441,MESSAGE_V1_5de078be-fac7-4901-9145-0afaa0bea16d,USER_V1_58f8c511-a395-41c0-b20f-246d7a4be440,recied_by
442,USER_V1_7e6b92b7-12ce-4ecf-b26d-90495f8c961c,MESSAGE_V1_bc557233-654f-40e4-b4c7-385523abe04d,reciever
442,MESSAGE_V1_bc557233-654f-40e4-b4c7-385523abe04d,USER_V1_7e6b92b7-12ce-4ecf-b26d-90495f8c961c,recied_by
443,USER_V1_09e03b30-d6ec-4bbb-add5-fbc210fe00fd,MESSAGE_V1_17c560ce-72f7-4b8d-8964-9297d2922588,reciever
443,MESSAGE_V1_17c560ce-72f7-4b8d-8964-9297d2922588,USER_V1_09e03b30-d6ec-4bbb-add5-fbc210fe00fd,recied_by
444,USER_V1_7d70ff60-3934-457c-aca5-a1557c072266,MESSAGE_V1_aea21b9a-ae30-4932-a57c-703d14f04339,reciever
444,MESSAGE_V1_aea21b9a-ae30-4932-a57c-703d14f04339,USER_V1_7d70ff60-3934-457c-aca5-a1557c072266,recied_by
445,USER_V1_2f15aa8c-3727-40dd-b198-0d00d31a0247,MESSAGE_V1_cfeda817-8d18-4f6a-bfca-75e025238129,reciever
445,MESSAGE_V1_cfeda817-8d18-4f6a-bfca-75e025238129,USER_V1_2f15aa8c-3727-40dd-b198-0d00d31a0247,recied_by
446,USER_V1_0eaa5648-eaba-476c-8b03-e67f27e65b45,MESSAGE_V1_06356b14-db13-48c7-bfd5-3d8455956fe2,reciever
446,MESSAGE_V1_06356b14-db13-48c7-bfd5-3d8455956fe2,USER_V1_0eaa5648-eaba-476c-8b03-e67f27e65b45,recied_by
447,USER_V1_d3e5b3b3-48df-4951-85e6-fa539f4d272e,MESSAGE_V1_338c2c8b-0edd-4353-b7d8-4f1d1914f2df,reciever
447,MESSAGE_V1_338c2c8b-0edd-4353-b7d8-4f1d1914f2df,USER_V1_d3e5b3b3-48df-4951-85e6-fa539f4d272e,recied_by
448,USER_V1_5aa073a4-10f1-4294-90c1-b47527fed447,MESSAGE_V1_f785f70d-cbf2-4ca1-9048-96bffd19c562,reciever
448,MESSAGE_V1_f785f70d-cbf2-4ca1-9048-96bffd19c562,USER_V1_5aa073a4-10f1-4294-90c1-b47527fed447,recied_by
449,USER_V1_e961e630-c7c9-415d-a34d-deceb56105f4,MESSAGE_V1_d2d7fad7-4e8c-41cd-b070-a48d628e2d3e,reciever
449,MESSAGE_V1_d2d7fad7-4e8c-41cd-b070-a48d628e2d3e,USER_V1_e961e630-c7c9-415d-a34d-deceb56105f4,recied_by
450,USER_V1_d08beda9-b403-4606-8a99-6350d9056d5c,MESSAGE_V1_8cb38e7f-2656-4928-a860-0832498fabd3,reciever
450,MESSAGE_V1_8cb38e7f-2656-4928-a860-0832498fabd3,USER_V1_d08beda9-b403-4606-8a99-6350d9056d5c,recied_by
451,USER_V1_6a60861d-9ad6-456e-9195-6a87875d8cb6,MESSAGE_V1_3cf409bd-e2fc-4404-996e-2a23c649292e,reciever
451,MESSAGE_V1_3cf409bd-e2fc-4404-996e-2a23c649292e,USER_V1_6a60861d-9ad6-456e-9195-6a87875d8cb6,recied_by
452,USER_V1_ea70cec8-7a51-4ccb-9751-84c4b42c430b,MESSAGE_V1_d535cc13-b95b-4792-823b-583dd3842903,reciever
452,MESSAGE_V1_d535cc13-b95b-4792-823b-583dd3842903,USER_V1_ea70cec8-7a51-4ccb-9751-84c4b42c430b,recied_by
453,USER_V1_8f3c55bd-d6e2-423b-9dbe-6b532c8893a3,MESSAGE_V1_6ead785d-fe90-4d59-9bfe-9961ce738990,reciever
453,MESSAGE_V1_6ead785d-fe90-4d59-9bfe-9961ce738990,USER_V1_8f3c55bd-d6e2-423b-9dbe-6b532c8893a3,recied_by
454,USER_V1_927c1de2-fa24-4fb9-b0f1-0e8a982f7b28,MESSAGE_V1_79162906-9707-4bec-8981-259a1f210228,reciever
454,MESSAGE_V1_79162906-9707-4bec-8981-259a1f210228,USER_V1_927c1de2-fa24-4fb9-b0f1-0e8a982f7b28,recied_by
455,USER_V1_181d6a36-8bdf-4422-8b52-0cae55bac7ea,MESSAGE_V1_4107dd4d-7bd3-4cf8-b1f9-57cee43430d0,reciever
455,MESSAGE_V1_4107dd4d-7bd3-4cf8-b1f9-57cee43430d0,USER_V1_181d6a36-8bdf-4422-8b52-0cae55bac7ea,recied_by
456,USER_V1_992f612a-1d1d-47fa-9681-9a77ae6d6e4b,MESSAGE_V1_ae764666-be6f-4d80-9bf8-6ea0f8e09bf3,reciever
456,MESSAGE_V1_ae764666-be6f-4d80-9bf8-6ea0f8e09bf3,USER_V1_992f612a-1d1d-47fa-9681-9a77ae6d6e4b,recied_by
457,USER_V1_0b4a354b-ed3f-4883-aa0d-b5c8c824be88,MESSAGE_V1_d4c8796a-06d9-49f8-8fd3-e5562c51371a,reciever
457,MESSAGE_V1_d4c8796a-06d9-49f8-8fd3-e5562c51371a,USER_V1_0b4a354b-ed3f-4883-aa0d-b5c8c824be88,recied_by
458,USER_V1_2fcce252-2e29-4f7d-99b1-99e6b6f6b827,MESSAGE_V1_d9181aa8-3f68-4b24-b01d-206639b7eeab,reciever
458,MESSAGE_V1_d9181aa8-3f68-4b24-b01d-206639b7eeab,USER_V1_2fcce252-2e29-4f7d-99b1-99e6b6f6b827,recied_by
459,USER_V1_d7582c52-82d1-4196-8672-5ce1615d2ffd,MESSAGE_V1_5317ceb6-fa4f-4663-9314-3d4506a942cf,reciever
459,MESSAGE_V1_5317ceb6-fa4f-4663-9314-3d4506a942cf,USER_V1_d7582c52-82d1-4196-8672-5ce1615d2ffd,recied_by
460,USER_V1_aa1849f3-d03f-4113-ae0c-999088caed98,MESSAGE_V1_c4e69429-536f-4353-b71e-3269f7fc9f83,reciever
460,MESSAGE_V1_c4e69429-536f-4353-b71e-3269f7fc9f83,USER_V1_aa1849f3-d03f-4113-ae0c-999088caed98,recied_by
461,USER_V1_efe99a77-008d-42f3-833f-8f05375d4013,MESSAGE_V1_ba1058f3-4c7b-47b7-8cef-bc9e7e4dc73b,reciever
461,MESSAGE_V1_ba1058f3-4c7b-47b7-8cef-bc9e7e4dc73b,USER_V1_efe99a77-008d-42f3-833f-8f05375d4013,recied_by
462,USER_V1_1ff3c39c-2c0c-4d26-9198-35bdcefd2ad4,MESSAGE_V1_ee7cd624-a551-4d5d-acd6-ec4b6af01e15,reciever
462,MESSAGE_V1_ee7cd624-a551-4d5d-acd6-ec4b6af01e15,USER_V1_1ff3c39c-2c0c-4d26-9198-35bdcefd2ad4,recied_by
463,USER_V1_58cc5860-b2a1-44c4-b8bb-f397e912ce05,MESSAGE_V1_4803da59-ce04-47a3-8df6-288edf85949b,reciever
463,MESSAGE_V1_4803da59-ce04-47a3-8df6-288edf85949b,USER_V1_58cc5860-b2a1-44c4-b8bb-f397e912ce05,recied_by
464,USER_V1_e524f0ff-7478-4a31-b62d-203244b424b9,MESSAGE_V1_5bd1da23-2a93-4d89-8d48-cbab9555a312,reciever
464,MESSAGE_V1_5bd1da23-2a93-4d89-8d48-cbab9555a312,USER_V1_e524f0ff-7478-4a31-b62d-203244b424b9,recied_by
465,USER_V1_9b76f4d9-de3f-4fdf-a1c4-25c0d6353b07,MESSAGE_V1_6feaf0b1-820d-4da8-b53f-44761a77a5e6,reciever
465,MESSAGE_V1_6feaf0b1-820d-4da8-b53f-44761a77a5e6,USER_V1_9b76f4d9-de3f-4fdf-a1c4-25c0d6353b07,recied_by
466,USER_V1_314376df-d62c-4e52-b191-901d3155466b,MESSAGE_V1_82238338-4e2a-4177-bbfa-7d19d81657b5,reciever
466,MESSAGE_V1_82238338-4e2a-4177-bbfa-7d19d81657b5,USER_V1_314376df-d62c-4e52-b191-901d3155466b,recied_by
467,USER_V1_23cbc852-6b97-42e4-a4d2-5ff95eede2b4,MESSAGE_V1_b8216b52-a352-4980-bb12-59672e351777,reciever
467,MESSAGE_V1_b8216b52-a352-4980-bb12-59672e351777,USER_V1_23cbc852-6b97-42e4-a4d2-5ff95eede2b4,recied_by
468,USER_V1_522106f2-1168-4195-97b8-2e16722dcf1d,MESSAGE_V1_989c7a6e-b47f-477a-9f90-fa9acf6d5e53,reciever
468,MESSAGE_V1_989c7a6e-b47f-477a-9f90-fa9acf6d5e53,USER_V1_522106f2-1168-4195-97b8-2e16722dcf1d,recied_by
469,USER_V1_c072fbf0-321b-4a6a-9fda-957e6d94c6c2,MESSAGE_V1_061530da-4cb3-436c-a42f-8cd2ca977cd0,reciever
469,MESSAGE_V1_061530da-4cb3-436c-a42f-8cd2ca977cd0,USER_V1_c072fbf0-321b-4a6a-9fda-957e6d94c6c2,recied_by
470,USER_V1_66b24868-3b41-4fe5-823d-441b9fb10d10,MESSAGE_V1_08d4e4d8-09f3-4003-9e3f-f301fe41947c,reciever
470,MESSAGE_V1_08d4e4d8-09f3-4003-9e3f-f301fe41947c,USER_V1_66b24868-3b41-4fe5-823d-441b9fb10d10,recied_by
471,USER_V1_0be0558c-e45c-4ea6-ac98-d9101ac8a6fe,MESSAGE_V1_3b37ce5a-1a60-4761-ab8d-20e6bf1ccce6,reciever
471,MESSAGE_V1_3b37ce5a-1a60-4761-ab8d-20e6bf1ccce6,USER_V1_0be0558c-e45c-4ea6-ac98-d9101ac8a6fe,recied_by
472,USER_V1_bdf2568e-ae18-43e3-a35f-06a665f11153,MESSAGE_V1_6420c692-f94d-42f9-8fda-c5d6eac4785a,reciever
472,MESSAGE_V1_6420c692-f94d-42f9-8fda-c5d6eac4785a,USER_V1_bdf2568e-ae18-43e3-a35f-06a665f11153,recied_by
473,USER_V1_d47de57f-96d9-485f-afee-7e68b2e49a1c,MESSAGE_V1_db77e227-481f-44b4-aae0-dd8ee952ae29,reciever
473,MESSAGE_V1_db77e227-481f-44b4-aae0-dd8ee952ae29,USER_V1_d47de57f-96d9-485f-afee-7e68b2e49a1c,recied_by
474,USER_V1_b9efcb6d-5fcb-4f54-baf7-e85405aa2b48,MESSAGE_V1_9cd40e47-77e2-4e00-b922-6f26c7072045,reciever
474,MESSAGE_V1_9cd40e47-77e2-4e00-b922-6f26c7072045,USER_V1_b9efcb6d-5fcb-4f54-baf7-e85405aa2b48,recied_by
475,USER_V1_4c9681c0-52ff-448d-a845-3728b9e6bd1d,MESSAGE_V1_e357f973-5dc8-40e4-bf67-3e083185f8a8,reciever
475,MESSAGE_V1_e357f973-5dc8-40e4-bf67-3e083185f8a8,USER_V1_4c9681c0-52ff-448d-a845-3728b9e6bd1d,recied_by
476,USER_V1_065f8ccd-7fba-4cb0-9b4d-70fe2a46fdf3,MESSAGE_V1_d66aa514-b55b-48f4-bcd8-2d4992185aec,reciever
476,MESSAGE_V1_d66aa514-b55b-48f4-bcd8-2d4992185aec,USER_V1_065f8ccd-7fba-4cb0-9b4d-70fe2a46fdf3,recied_by
477,USER_V1_61f7d55d-e59d-48b3-a007-a0d342b4fc51,MESSAGE_V1_f682cd1e-dd80-4ddf-a89d-a163631852d5,reciever
477,MESSAGE_V1_f682cd1e-dd80-4ddf-a89d-a163631852d5,USER_V1_61f7d55d-e59d-48b3-a007-a0d342b4fc51,recied_by
478,USER_V1_c607cd79-7604-4ba8-a521-61cc4984dd60,MESSAGE_V1_0157d98f-ade5-41a5-83b1-25569def14ed,reciever
478,MESSAGE_V1_0157d98f-ade5-41a5-83b1-25569def14ed,USER_V1_c607cd79-7604-4ba8-a521-61cc4984dd60,recied_by
479,USER_V1_b12b913a-287e-4b3c-838f-025aeb1a99c0,MESSAGE_V1_06b3345b-a4f1-415d-bec6-f741b3bf09b6,reciever
479,MESSAGE_V1_06b3345b-a4f1-415d-bec6-f741b3bf09b6,USER_V1_b12b913a-287e-4b3c-838f-025aeb1a99c0,recied_by
480,USER_V1_8e6c02ac-8d68-426a-872f-b0ff2471311b,MESSAGE_V1_463f8125-a3a7-4a0b-bb8d-eca571fe8d0a,reciever
480,MESSAGE_V1_463f8125-a3a7-4a0b-bb8d-eca571fe8d0a,USER_V1_8e6c02ac-8d68-426a-872f-b0ff2471311b,recied_by
481,USER_V1_58416988-5ac3-4b1f-b20f-8f9b6e87720f,MESSAGE_V1_ab228c95-7a61-4d99-945e-55dc271823cd,reciever
481,MESSAGE_V1_ab228c95-7a61-4d99-945e-55dc271823cd,USER_V1_58416988-5ac3-4b1f-b20f-8f9b6e87720f,recied_by
482,USER_V1_2b867772-a3db-4993-b74c-23bfb613420d,MESSAGE_V1_516eb173-68c5-4868-b7e6-ffa3a44bdc7c,reciever
482,MESSAGE_V1_516eb173-68c5-4868-b7e6-ffa3a44bdc7c,USER_V1_2b867772-a3db-4993-b74c-23bfb613420d,recied_by
483,USER_V1_fde20710-cb60-4a8f-b4bf-7fcc909c1396,MESSAGE_V1_dfc0ee45-0176-4ce7-975b-57b8d1d22e96,reciever
483,MESSAGE_V1_dfc0ee45-0176-4ce7-975b-57b8d1d22e96,USER_V1_fde20710-cb60-4a8f-b4bf-7fcc909c1396,recied_by
484,USER_V1_a138c8e2-cf3d-4f21-8367-d48ca185974c,MESSAGE_V1_7e272844-1c1c-45bc-b93f-17456cebe6d9,reciever
484,MESSAGE_V1_7e272844-1c1c-45bc-b93f-17456cebe6d9,USER_V1_a138c8e2-cf3d-4f21-8367-d48ca185974c,recied_by
485,USER_V1_c997ecfd-63ed-4724-99d3-5ea29e8ca6f3,MESSAGE_V1_899384f1-e09f-4d54-9e88-0e43a65635fa,reciever
485,MESSAGE_V1_899384f1-e09f-4d54-9e88-0e43a65635fa,USER_V1_c997ecfd-63ed-4724-99d3-5ea29e8ca6f3,recied_by
486,USER_V1_486c068f-0418-49d3-9224-b478c2550abb,MESSAGE_V1_657e4812-0bf9-4eef-a303-c10fb7957637,reciever
486,MESSAGE_V1_657e4812-0bf9-4eef-a303-c10fb7957637,USER_V1_486c068f-0418-49d3-9224-b478c2550abb,recied_by
487,USER_V1_e34dde14-4d2b-42cb-90c7-217207313ad0,MESSAGE_V1_f41c868b-4ca2-464e-8546-7fe49625725f,reciever
487,MESSAGE_V1_f41c868b-4ca2-464e-8546-7fe49625725f,USER_V1_e34dde14-4d2b-42cb-90c7-217207313ad0,recied_by
488,USER_V1_bf45451c-0e2d-48c1-8e00-aa1b952a97f1,MESSAGE_V1_58898dca-3bf0-427a-8d95-0878871d89b0,reciever
488,MESSAGE_V1_58898dca-3bf0-427a-8d95-0878871d89b0,USER_V1_bf45451c-0e2d-48c1-8e00-aa1b952a97f1,recied_by
489,USER_V1_37393863-07b8-4cfa-9474-fb17cfdd31cc,MESSAGE_V1_a3266441-03d6-4c11-a9cb-21c61fd10b2e,reciever
489,MESSAGE_V1_a3266441-03d6-4c11-a9cb-21c61fd10b2e,USER_V1_37393863-07b8-4cfa-9474-fb17cfdd31cc,recied_by
490,USER_V1_00e1def9-127c-4fba-833f-433a432c77ff,MESSAGE_V1_3b3dd2a5-289d-45b6-9fc5-f5c5c5bcf8fe,reciever
490,MESSAGE_V1_3b3dd2a5-289d-45b6-9fc5-f5c5c5bcf8fe,USER_V1_00e1def9-127c-4fba-833f-433a432c77ff,recied_by
491,USER_V1_64e9be0f-2e35-47bf-8c0a-fdbf4dabe4b5,MESSAGE_V1_33ac7634-ef0c-434a-acf9-3b9a98d8e8dc,reciever
491,MESSAGE_V1_33ac7634-ef0c-434a-acf9-3b9a98d8e8dc,USER_V1_64e9be0f-2e35-47bf-8c0a-fdbf4dabe4b5,recied_by
492,USER_V1_a04827e6-ddcb-4776-827f-354cc9270034,MESSAGE_V1_f5088edd-1391-4686-b2a6-d8eb04fbd1ca,reciever
492,MESSAGE_V1_f5088edd-1391-4686-b2a6-d8eb04fbd1ca,USER_V1_a04827e6-ddcb-4776-827f-354cc9270034,recied_by
493,USER_V1_2359bbe5-0a7f-4c5f-a07e-702fca9ec0eb,MESSAGE_V1_a907711f-f084-4309-b0f9-8e32048c8378,reciever
493,MESSAGE_V1_a907711f-f084-4309-b0f9-8e32048c8378,USER_V1_2359bbe5-0a7f-4c5f-a07e-702fca9ec0eb,recied_by
494,USER_V1_1deacb52-5b57-4dc7-b2a3-6d04368657b9,MESSAGE_V1_495fe4a0-06d8-48e1-a22d-a7c9bafd9449,reciever
494,MESSAGE_V1_495fe4a0-06d8-48e1-a22d-a7c9bafd9449,USER_V1_1deacb52-5b57-4dc7-b2a3-6d04368657b9,recied_by
495,USER_V1_356658e9-e5c8-4b5f-b53b-3a4cbf114945,MESSAGE_V1_495b13d3-f3d7-44b9-864f-411a587544ac,reciever
495,MESSAGE_V1_495b13d3-f3d7-44b9-864f-411a587544ac,USER_V1_356658e9-e5c8-4b5f-b53b-3a4cbf114945,recied_by
496,USER_V1_726c0875-c43c-489d-991a-8c55ae6849ce,MESSAGE_V1_6405e04f-f961-41f4-9e48-a08cf870f326,reciever
496,MESSAGE_V1_6405e04f-f961-41f4-9e48-a08cf870f326,USER_V1_726c0875-c43c-489d-991a-8c55ae6849ce,recied_by
497,USER_V1_e011a7d9-6572-4fe4-a50e-c1b73c7685e6,MESSAGE_V1_203d94b8-64c9-4384-b5c9-4c67793bfdc6,reciever
497,MESSAGE_V1_203d94b8-64c9-4384-b5c9-4c67793bfdc6,USER_V1_e011a7d9-6572-4fe4-a50e-c1b73c7685e6,recied_by
498,USER_V1_7749211d-5540-463a-89b0-3b9d99cb3892,MESSAGE_V1_cac1f53d-2423-49ad-8437-5e6f85d20d6f,reciever
498,MESSAGE_V1_cac1f53d-2423-49ad-8437-5e6f85d20d6f,USER_V1_7749211d-5540-463a-89b0-3b9d99cb3892,recied_by
499,USER_V1_f19537f9-7398-4886-8524-29c589f18039,MESSAGE_V1_e0538d13-e970-4fcf-baad-d85a5853731f,reciever
499,MESSAGE_V1_e0538d13-e970-4fcf-baad-d85a5853731f,USER_V1_f19537f9-7398-4886-8524-29c589f18039,recied_by
500,USER_V1_1f821502-4372-4afc-a7c8-027dd4b77c5c,MESSAGE_V1_2296ca16-4d13-4027-9ccf-245f42df65f1,reciever
500,MESSAGE_V1_2296ca16-4d13-4027-9ccf-245f42df65f1,USER_V1_1f821502-4372-4afc-a7c8-027dd4b77c5c,recied_by
