id,role,grade
f54c3896-e5f3-401c-a9f2-a5ae2228c678,Staff,10
a31bf329-e920-479c-bb0e-e5ba0ed88492,Staff,10
1d36ffdf-8140-465a-aefe-348a37aa51a5,Manager,19
5aa018be-6438-4e84-9e12-888b13eebeb6,Employee,15
3d337302-a203-4d14-afa9-ab643055b6c5,Manager,19
41afd3ed-7ff3-4339-9677-ebae015c5a07,Manager,19
49358e33-ca0b-4cbd-8107-cb6e7b63c2b4,Assistant_Manger,17
ba021295-5998-47e6-a6eb-fd63da4fe16c,Staff,10
1bbbe5a7-b630-454b-ac45-f77b662ecdb0,Employee,15
4b3c883a-8849-42f4-8174-ee2e98aafa6e,Staff,10
d25ac476-50b6-41ba-86e0-284d56081d2c,Worker,13
c086f944-c05a-4a20-8066-39407bb1a2b9,Assistant_Manger,17
a9c199c2-2448-4d33-b0e9-c0e2e16fa30a,Assistant_Manger,17
e1c5672c-edfe-4998-a548-9868809c9269,Employee,15
71c7e591-b5aa-4cdb-8350-0c6264824d6d,Employee,15
d6ea65a6-db14-466d-9593-a3de30d46075,Assistant_Manger,17
f750a99f-a889-4dc1-8e92-678fc924cf34,Staff,10
726d0744-5d68-477e-97a3-9d9aef60664b,Worker,13
313c3d31-d5ce-4cba-8cbf-46f111eb8bc5,Assistant_Manger,17
e38e3d9f-c8fb-42eb-8e2f-612f472c7c5c,Assistant_Manger,17
226f5835-61a4-4f7c-be14-53596d0ae899,Worker,13
282d744a-e016-4253-92ed-f0a23e7569b7,Worker,13
0fb29720-fd8d-40dd-9265-ad17dbff3159,Worker,13
7fa3e769-e3a3-4ebe-b06a-4d63ae68d3e1,Employee,15
567d0a0a-8c93-43ee-bf38-17f2a3fe319c,Manager,19
68f3fc1a-b7e5-4514-9a56-2f9d344edfe1,Staff,10
73ac7f36-6013-4487-8cf4-ebd2290a2a5f,Manager,19
0695ea20-86d1-44d2-ab58-155a65b4e0b0,Assistant_Manger,17
e40cdc0b-1f25-457c-9e9e-6cec15d28c00,Worker,13
a2fe9f32-e680-4369-962c-8c17d0a39c24,Assistant_Manger,17
cb17c25c-fd67-4dd1-a63c-d3122730e9c8,Manager,19
dd7a469d-cc92-435e-bca5-c6f62b09eb1e,Employee,15
73b4cb28-b461-458f-ad0e-6edf18327303,Employee,15
31e20684-c1e3-4995-8a30-452a1f5a3492,Worker,13
781d2487-d877-422d-8e42-22a170bf0126,Staff,10
91a9eb05-0012-4c59-b919-16091df47609,Manager,19
6356edea-f7aa-4bb8-a961-d5612159c648,Assistant_Manger,17
9776e126-141b-4450-aab3-48b328a139ab,Worker,13
9a00e56c-394a-4fd3-8fee-a62e0d46b4a1,Employee,15
c28e4e33-ad6e-45a8-ba2e-362b37b97191,Worker,13
40be779c-06a8-4931-89c8-2ed6b577ae92,Employee,15
e2354335-1bf5-4ba4-9bd2-614d8be10993,Employee,15
6e193ac4-a186-4d50-b5c6-83e3477e7d40,Assistant_Manger,17
505d7d9b-0d63-4fa2-8fc8-8d9941554d5e,Worker,13
7c75940f-7a0c-4d60-906c-89ec8ed499b3,Staff,10
cb64b59b-928d-447d-b478-47ef62d58234,Manager,19
3695a392-e61a-4834-a94f-994f48952175,Worker,13
80b4acff-9693-4bd5-8212-5c8aadbd6b17,Manager,19
4a25ed6e-19e9-462b-a262-b1c3252e22a7,Employee,15
db56a9ec-0575-4b1f-9197-575f1c1ab32e,Assistant_Manger,17
c354e3b5-fd13-43a7-a02d-0d95dd5f45c3,Employee,15
cd1c25e8-4bd9-449f-abc5-5715ec5c4b5e,Worker,13
0d1330d5-4718-4fcf-bdac-753e6ec2372c,Assistant_Manger,17
d7b9235b-bf07-4be7-9ab6-2cb9e66e3906,Staff,10
0bbc2fbf-8921-4573-b554-a33f13da0d40,Employee,15
b723f887-4ac3-4807-966e-fa718323ce54,Assistant_Manger,17
5470dcca-4f44-41e5-8b52-1b1a641a7c6e,Employee,15
d841abd3-03bb-4b83-811f-b6185072c5f1,Employee,15
3d36d68d-5d43-4d3f-b3a1-051082c2f6c4,Employee,15
137a2a7c-0cf9-4282-a4f4-a68a031056cf,Employee,15
f5645e4b-a54c-4bea-a63f-b6808cf242fb,Employee,15
42df0992-2ed1-4a1d-9932-351692133de0,Manager,19
1c19438e-90f8-4d9a-81d7-7bdf2765b1f3,Worker,13
308242e4-18af-4170-870a-2aaeedf01009,Assistant_Manger,17
e3e8cdd3-74e2-48dc-9aa6-1493fc596521,Assistant_Manger,17
9a89679c-880c-48e6-995b-d4da949832d3,Manager,19
6c9bedf0-3971-4f33-ab85-99ac5a2071b1,Worker,13
b6b74209-56c5-452a-8d45-539643791a77,Staff,10
2ad14b2d-8dc5-4637-9d38-e2dc31769e02,Manager,19
e34dde14-4d2b-42cb-90c7-217207313ad0,Employee,15
4af052f3-e985-4b10-88ad-207e8e57e59e,Assistant_Manger,17
b37b5454-1ba7-475e-9a25-17ec7beb1349,Manager,19
ce5d9426-833e-459f-9c3d-b3bebd6e9c1d,Manager,19
14cb984d-d26f-44ea-ab26-214488fc9444,Employee,15
0a6c073a-5817-40e5-ab06-fba6ee5704c1,Employee,15
5dfa8e59-7d76-475f-9558-7ad054bc69d0,Manager,19
80815885-5de8-43a9-af67-3327baf5e8f8,Assistant_Manger,17
a1754f12-5bad-42ff-9292-2ed8742a0b93,Staff,10
6d4db722-2a05-423e-a8a3-e985916f9d6d,Staff,10
adbd3450-f2fd-44d1-bf2f-fe82db4d6505,Employee,15
3af5918b-ed68-4950-a226-845037ecf9a5,Employee,15
e3d84af7-6c9f-4c4b-ba0e-a71cc9545cae,Worker,13
682c7d34-5a2f-4f87-8e85-b11f44d34085,Assistant_Manger,17
57c14497-6767-451e-9de3-cbd012be4c3d,Worker,13
13410e27-ecf7-4ae9-ad08-f2e05f2bbd6e,Staff,10
2439d773-e57b-4d4d-b74f-41f6827501be,Employee,15
c71d3f59-8bb6-4be0-8776-b448f5e71de9,Manager,19
92f21d60-e655-4cb3-ac03-7128a6c837bc,Manager,19
c93a636c-58e4-4fa6-ac38-1e2f3dc5d433,Employee,15
a70ed28a-c045-4089-8088-3038aa393549,Manager,19
3b402b8b-e689-42a2-acb2-bb193d296012,Employee,15
9ca5acf4-1470-418a-9d84-853ffe76ac92,Worker,13
17bedc09-3992-4f51-8467-f7c4f9979c82,Assistant_Manger,17
16a4806a-3911-4603-9a73-b744a29b3a28,Worker,13
f9cb5d60-c15d-4609-af10-f45c1a67b551,Worker,13
72a91fa6-6e07-4ba7-8259-219431d89597,Manager,19
19691665-6b47-477c-b3ee-6eb098a8100e,Assistant_Manger,17
04b94157-a49c-4520-8154-feb6eecaae7a,Assistant_Manger,17
94d96187-8db1-4cbd-89d9-1f98f87af27c,Manager,19
d71c56ef-8453-4f7a-8b36-b79d3107530f,Employee,15
192cb654-db0a-4f4c-af8e-bc635cbb10bc,Worker,13
7440c003-1ce5-4173-82c4-f0d59f20c1d5,Employee,15
73e00091-0ea7-42ce-a324-4b01d83763ec,Staff,10
4626c826-e084-4d9f-af4f-06043a2d1eab,Worker,13
3368f0df-3df1-4253-94cd-b2610ffc5b30,Assistant_Manger,17
39af71ae-5f9d-4330-8bae-21493f2cbdc0,Employee,15
e4ac8241-9b9c-451d-9d8a-34105d772153,Manager,19
579f176b-a0f7-4336-bc22-14aa76d33369,Worker,13
e3dc23c8-ad5f-48ec-a1e5-09fd22acb830,Worker,13
41eb08c7-cb6e-4417-8f43-ef01c2b9e3c9,Employee,15
51933bb6-0c5a-4433-9f8b-8b150536d3fb,Worker,13
9ef52649-41ee-46b8-b6a3-0cd889ab1623,Worker,13
b13f20bb-98ca-4ace-af24-885b5986eb60,Assistant_Manger,17
a9759c4e-8e13-4192-88f0-c3cf7817e39f,Manager,19
5f031091-ebc3-4bba-bec6-91539ac3f1ee,Staff,10
5589f590-f3e3-4fdf-8f82-46147e263502,Employee,15
081b46ad-a43e-476d-b7b8-70316d85662d,Staff,10
9898c0a5-ff6f-45eb-9440-663472fbc360,Manager,19
6aaafa99-9216-47d8-bf27-18eca93b0d6d,Employee,15
cb0f6d3c-6816-412a-80a1-1e5dcc1b0877,Worker,13
53deecef-b1c1-445c-a6e3-0fb3e9a93f83,Staff,10
086bb1d2-a318-4869-8fbe-d25f307549a1,Manager,19
8cd9e213-6129-419a-85fb-3e24c4424aa8,Manager,19
f2f7021e-6360-469f-b670-c5211a597178,Employee,15
ac7554c1-c15f-4a71-b160-b619efc57624,Worker,13
d7354dfe-f9e4-487b-b866-e9b6bd6e8136,Employee,15
9c865a78-d845-48da-ada0-e45f61a6a185,Staff,10
f6d662bb-86c2-4a1e-95da-a90373b6be59,Assistant_Manger,17
f5d79e7f-35a9-4117-8d09-0f09cbeb895b,Staff,10
5c63d072-ba05-495c-8bdc-5eb3d8bae5e5,Manager,19
06fcf8d0-e4c9-402a-bc0d-55464185bf25,Staff,10
e2d6dc0c-7778-46c0-9160-1ee5539d4188,Staff,10
ffa36188-7270-456c-886a-7816fbdb4516,Employee,15
fd856a7c-df79-42ae-b4c9-a75dd9c67412,Staff,10
283cd394-68a9-4bcc-9d83-2de6079a745f,Assistant_Manger,17
4a019d50-5b32-4d68-b5f5-62805dcfb027,Employee,15
08693960-74c2-48cf-be7b-30e88593a351,Worker,13
606433e3-e525-4efd-8ac3-f640bd44ae50,Assistant_Manger,17
9deae6ab-4b98-48fd-9994-c721a50ee1a7,Manager,19
62a68ffc-4d1d-4500-9dd9-2eb4a1c2d2ca,Assistant_Manger,17
370d960f-918a-4ccf-a627-bb4d973c7f96,Staff,10
cf6b1b03-6ddf-4976-aa64-50fc0ba240dd,Assistant_Manger,17
e9a8b0ab-43ec-46da-94cc-4af6c72b0c37,Worker,13
25e33313-1093-4ba8-97a5-580b973a9875,Worker,13
0792ac35-f2bc-4b62-a32d-657c9904b36a,Assistant_Manger,17
2353cbad-c6b5-4dcd-9abd-6f1387413c41,Employee,15
c6211fba-5502-4fdf-be90-d88b25c51829,Employee,15
1cdcaf1c-8e76-476e-adf5-672ce60b2bdc,Staff,10
591cc8e9-4372-4184-b793-89de4ea1fa45,Assistant_Manger,17
73b52735-26ea-49cf-9e92-d7ac78f094f2,Employee,15
926cfd4c-942a-4050-9eff-d886c03ecac1,Assistant_Manger,17
0e392d87-882e-4710-9626-586840372e51,Assistant_Manger,17
0d06d572-63e4-4efb-add5-09cc1d1d0fed,Employee,15
a752cbac-1ffc-4602-81c6-e3a7fff0d5b2,Assistant_Manger,17
f6b7f196-3c09-407c-93d6-2d11e7391aaf,Worker,13
b67c30f8-12ef-4e0f-914b-586e5a9b513d,Worker,13
fc924e3c-5cfb-43a6-a5ec-f7528dfbc58c,Manager,19
f6127d95-4977-4621-92e3-178306fccb62,Worker,13
2229b7f3-98c2-403a-a9d3-4bb1a4764c96,Employee,15
870fd036-6369-41ce-ab17-e8c66e7a45ad,Manager,19
d497699a-a269-4b60-9d6f-4083b632e996,Worker,13
ab1051ad-2b5c-449f-b9ab-2441e10f2465,Assistant_Manger,17
500ea794-2b95-4241-885c-235ff5622e03,Assistant_Manger,17
54984988-f6f0-4e5f-8173-ad87283aed63,Manager,19
3c2b967f-e0e1-4d54-9199-923c7ae90abf,Assistant_Manger,17
98b55900-bcd0-4806-bf7a-1451ecb5a814,Worker,13
e7835cc7-0ed2-42e0-858e-6fcfe1b528bf,Staff,10
c597a0f5-9f84-4b08-b2c1-05e157b026da,Assistant_Manger,17
75053205-5471-469b-8110-735457cdd470,Assistant_Manger,17
10f0da6a-4616-4b3c-abe1-657f46267f79,Manager,19
4c0c3a43-b9ef-4321-9d23-5fdd15f52ed1,Employee,15
c29c3f65-b0bc-463e-ba82-c8b1b3467688,Staff,10
108affc6-029b-458c-8b69-a1a281cdcef6,Assistant_Manger,17
ff892230-a811-4176-b070-0275af8ea095,Worker,13
9ba42abf-1ce9-4fa0-bb9a-22e5993ea090,Worker,13
d364ea81-df96-46f5-a07e-b2982862dc32,Manager,19
a7bef89f-a6a0-493e-992d-a36f0b3f4e79,Manager,19
c2c940a0-2bb7-4838-b48b-e773b9b49480,Staff,10
6516636a-8c3a-4bb3-9a01-e05629e11631,Staff,10
399cc0f4-33e8-4f1b-8a66-5ef9b159954d,Staff,10
c39b0ae9-51d1-4adc-8f91-01fbddb2260e,Manager,19
68a3eb6a-c340-44bd-ab10-df128f726179,Manager,19
b097ad65-3304-4e26-a5e9-abaf24f3424a,Staff,10
c75ac293-0d2d-4d19-848f-c6492e4e495d,Staff,10
0b3d855f-983b-45f8-bbf9-f93d2fd4fc78,Assistant_Manger,17
918d9b22-9dc3-4b43-9d4e-aee598b722b3,Worker,13
8b2120c7-55e6-43d4-8db0-b95e5ed9f8e7,Staff,10
964933e9-cfd5-4cc5-89ad-067f0c8ad8b7,Staff,10
be6dfd52-8162-4c60-ba97-a1f2e232b244,Assistant_Manger,17
6692466a-c874-4d13-8ac5-6688599a787c,Employee,15
314dc568-6a05-4eb9-add6-f3f470ecaf45,Worker,13
4518496b-d8b9-4595-8184-7a973ec1945a,Staff,10
36072fb8-9b0a-4d97-9c67-8e93cc234f4f,Worker,13
c7cb25e9-b35c-46b2-9cee-76eda3fe38dc,Staff,10
ac19aeb4-cb18-490a-9f32-8a99d7f167d0,Staff,10
b83cbc55-3dfa-4b81-b29c-f921618080a3,Worker,13
b38965d4-258e-40f3-b495-1a9781ca0997,Worker,13
b11d4e29-e61b-4c6a-9c96-d097a7c46a5b,Employee,15
3107dd74-3820-45c1-9eb2-6db3f3a2eb4a,Assistant_Manger,17
06cdcbb0-11e6-4d03-8351-3dd6097d8c3d,Worker,13
77211a32-c351-4656-996c-9a5b77815cba,Employee,15
cef4c64d-d8eb-4f95-b969-5c033277fcfa,Staff,10
21150da9-a398-415a-acb2-e04f7d1c74b1,Employee,15
72eb719e-c377-4444-b877-b1228f730275,Manager,19
11356833-4f99-4b49-9398-7fdbc6cee4a5,Staff,10
32de5958-16c1-4606-8a9a-3c8dd054328f,Assistant_Manger,17
bd89397a-c948-4680-ba91-70f38dfcf16f,Manager,19
789d3809-52e4-48be-a553-3b19eeea55e1,Assistant_Manger,17
05d7b895-25cc-4bf8-a1af-10638f6bc07a,Employee,15
fb7022da-631a-4080-984e-6ed4dce641cd,Manager,19
f5dd0e1a-0642-4ea2-87af-6fb17b8ff134,Staff,10
efcd95d1-8fef-40c3-aa01-63c6fa5325fd,Employee,15
4710fc52-9b25-4a5f-aba5-2bf3e2c9025a,Worker,13
c9882b48-7a5b-464c-99c0-6fa52952c239,Manager,19
8c3504b3-82dc-44a6-8c36-f9a21e4e9848,Staff,10
f74c3bbd-ace2-494f-9f29-4c8fa66bb64b,Worker,13
f56c2ed0-7f5c-4c60-81aa-1ac6129aeee2,Employee,15
91d3dfdc-1d4a-4b5a-84dd-74b0e1c48207,Staff,10
e73a5d54-e4d6-4654-ab56-c077269c0c36,Employee,15
5aa984c1-6655-422a-8b14-f3843e60fe55,Staff,10
cd4d3dec-0e49-496c-87c6-795ae3ba73fa,Staff,10
c3544896-6f42-4912-a568-e6b8930ef97e,Assistant_Manger,17
fed3e9be-1cd7-4c56-b4b1-5b1acdb1bc74,Worker,13
f9b92c2a-b870-45f6-b9be-e471a7066381,Staff,10
fe80137c-540d-4ae1-95c2-44b38a7d45ad,Worker,13
681a4483-82ae-4085-9cd3-a5ae5bd47c68,Employee,15
3dcff0b5-8794-4c49-ae8e-0051d910b351,Assistant_Manger,17
c9156936-e67d-47dd-8b96-efb2a8bff721,Assistant_Manger,17
6dc992b8-16ac-47ac-b017-cd88c39a3792,Worker,13
57701f5c-e5d3-46db-967c-cad93594e06a,Manager,19
a79efce6-54af-4498-aa13-a2d6d285c883,Staff,10
41e95bee-09fd-4a8a-b473-a0f67b4312b2,Staff,10
3dfb0d94-21ca-4614-9cdc-524bf584ad99,Manager,19
947ff078-44bb-407a-b462-ccc35fa6745d,Employee,15
ffda9f6f-d6a6-4f8d-b101-02abf3fb400b,Employee,15
36154cac-db0a-4348-9d28-8195d53b52e7,Assistant_Manger,17
7ff598ad-867e-49e4-ab8e-4b048047fe4e,Manager,19
8be5d367-7ba8-4223-9542-e36fb56ebe13,Assistant_Manger,17
c4ae0b12-2cc8-4594-a8c3-873b6ed4a292,Assistant_Manger,17
385ce1a5-524f-424a-94e5-892c7faf01c3,Worker,13
20674abe-99b7-4b5e-99d6-f3598ef53775,Assistant_Manger,17
6a0bf50f-017a-40db-9783-0e358f28ea42,Manager,19
f5e577b9-2f88-46da-92bf-ff060d4028f9,Assistant_Manger,17
6f9b7774-4cde-481a-a61f-1701cfd92097,Assistant_Manger,17
b89fbeac-146d-42d5-b02a-2a3cfe2232cb,Manager,19
42b7dff7-4fbb-4fa2-a917-d38c5b122bf2,Worker,13
b0b5c261-6ff6-495d-a874-bc518a0c3627,Staff,10
2fdea178-2229-42be-a09f-e38296d8ff4e,Employee,15
5fa8a46e-e56a-4e40-bfac-445a05366b0d,Assistant_Manger,17
5fd90c86-4f1a-4943-bf60-6b6f7c35108c,Manager,19
e12fcaf4-b1a3-4d86-8f83-92ba90161b49,Staff,10
64c50af0-25e7-43fc-8519-732c955db7b9,Manager,19
e3bfe2d5-0d73-43ae-811f-19864182c825,Staff,10
d5ef3bff-7aea-46bc-a55d-4f9ab2d765fc,Worker,13
e077e791-f40f-4d2d-a8bb-75c14f02dfa9,Worker,13
3c9d5d32-2c7b-4e90-9bd0-bc1e17f53521,Worker,13
e8f6373b-5c12-4f30-96bf-366d988ff3bf,Manager,19
52ea1e8e-e8fa-46f4-a509-875d164d3e89,Staff,10
d2a1a494-e275-4890-a933-4b3f07c7a0fe,Worker,13
afbcadc4-8800-435e-950d-375eb7646b5b,Staff,10
1aa81df4-0417-43b0-bdca-38989673dd92,Staff,10
90c0a41d-aa2d-40e4-b0a9-1bd261434ef3,Assistant_Manger,17
b871de02-8d27-40dd-b136-170ed9bd131d,Worker,13
ee0d6fb8-65af-4970-8abf-445940741de4,Employee,15
465a7281-2cc7-4a28-b9db-4b1e160de743,Employee,15
fefffe15-0410-4e2a-b6dd-54dae857f738,Manager,19
800c681f-41bc-4c20-83f0-3fef72c31377,Staff,10
69c535fb-4785-4629-ba07-dea34ad3892d,Manager,19
a37f0bfc-2163-48e2-bca3-2d8970124d45,Worker,13
e3a0a825-ebce-4abc-a852-fab3b4d027f2,Assistant_Manger,17
22220aab-37a2-4207-9629-6a05b4908520,Manager,19
3feab240-aedb-4f05-8df7-876347f4be3d,Assistant_Manger,17
f2d388fe-7350-4415-a065-1e65bdc5d1b9,Staff,10
ecdc0e1e-f228-45aa-b67b-d3b747d6da1d,Staff,10
e70b48d5-1af1-447c-8b31-9ce8e4537383,Staff,10
fbe3b2ae-4a5d-4450-b5f9-c3d1ca24061d,Staff,10
c4af1c8b-b7f8-4f94-a018-2d7ad3f42a6d,Assistant_Manger,17
64e3bfe7-ad8c-4d81-b5e2-1f1360cb23d2,Staff,10
e30a079d-818f-4663-8353-482ddf5153a1,Assistant_Manger,17
404259cb-c9a0-4a18-bec3-9e5f8de38df1,Manager,19
c0337e08-7bf9-4a64-922a-ac3a0ad90bcd,Employee,15
02a478f4-ad41-4c3d-97f9-fdb0ce4aa076,Staff,10
24d7c7c4-a6e8-4e1a-bf21-f08f3411e5a7,Manager,19
7866e5ae-1970-4c6d-891f-f88ce326fb2d,Staff,10
12e65eee-fc32-4810-adfe-618aeeb75ecc,Manager,19
89b33b60-47eb-444a-a39b-4d8ba313d69e,Employee,15
cdd1c17b-4b5f-4e0d-ac76-4730d3d58fcf,Employee,15
95f331f7-66a0-4b96-b1dd-d33e03a2bbec,Employee,15
bc51bec3-2b2f-476c-91e4-60f2df48f53e,Worker,13
136c1e6f-364c-407a-b0b3-9f590ff4b0f5,Assistant_Manger,17
17b90a5a-2917-4e12-9159-5ee0768b7abd,Assistant_Manger,17
a28b6cfd-4579-447e-853c-2e6877d3f5a1,Employee,15
d27b7866-c7f6-4182-888e-c0ca265df18f,Manager,19
5c278011-39b5-40c0-bd03-84d8253feda2,Worker,13
29ca8d31-c250-450b-b44b-c55de4c59231,Worker,13
99c1e180-4124-4780-bdb0-6b1b230781b3,Worker,13
7f4a305a-c879-41d3-82c3-239187356e6e,Manager,19
f04363d7-3d14-4801-a178-6de09236e155,Employee,15
6af252cf-6632-4b33-9dbb-02a208656ccd,Worker,13
a7b47a37-f1fe-4a4f-b6c7-7ccdacf02288,Manager,19
43fdab9f-3ca1-46d0-af56-88fbd26dded5,Manager,19
a951a003-b750-4530-91fb-e5fe68a018e4,Assistant_Manger,17
895a2884-4398-444f-834d-84e01f877203,Manager,19
f5f590e1-aaa5-45bd-ac21-293e1318d254,Worker,13
8ac2cf73-e1f5-44cb-8c88-9b0a77bb881c,Manager,19
b68241c9-55d0-4a9b-b641-dbda467e8939,Worker,13
521c3a7d-c4b5-435c-bf4b-3539de20dc3c,Assistant_Manger,17
69434b9b-b168-4326-bf11-b5603f6af61f,Assistant_Manger,17
9c6b3c17-7b89-4d59-a88f-655aa285343c,Worker,13
9f0d1fd6-ce23-4192-bdb1-a451ef2d4c98,Manager,19
2cf41d63-71b6-4539-8370-b93d55c734f7,Staff,10
4ef3bf42-2eab-4af2-8a50-4ede7ba72871,Manager,19
bb36330a-6770-4d55-8441-5715cfcb444f,Assistant_Manger,17
2985e568-dd71-4702-8d4b-8caf9f8ee3f2,Employee,15
4bd4786e-82a2-412b-b90e-0123a7c1a5ab,Staff,10
826c427f-d687-4c10-882c-d8b303cb4daf,Employee,15
f2e9c823-d31f-440e-978d-4ed17d9267e5,Employee,15
f884f326-505a-4ed1-bede-11e06817ebd8,Manager,19
c35688c4-6d39-42a9-9c1f-d345801fa4fe,Manager,19
dd4b1413-3fa2-4f52-bfff-f0a4ded2527c,Assistant_Manger,17
0ebfe3cf-e110-4319-8e58-e6bbdecf3de4,Staff,10
18370bb4-243d-430d-bd14-16cc3fbea365,Employee,15
41f2221c-ad2b-4416-a738-6e17481ddfa4,Worker,13
4df26c3b-9b2f-4290-948e-b31c8a18fe1f,Employee,15
2d06190f-401f-4dfd-8a15-a1e57b304a3e,Employee,15
711fd385-89d7-4579-90f1-e28ebb647a5e,Assistant_Manger,17
4c99299b-fc08-4c96-896b-fc50ebdc7cb1,Assistant_Manger,17
b2d71c40-eb5f-4fa2-9d9c-4a0a7a8645c8,Assistant_Manger,17
e4a7c961-4fdc-475c-bee2-467ec1602c76,Manager,19
a5295d16-79d3-4a0d-a0fa-9a261c24f8d0,Assistant_Manger,17
1dbb8b4f-6594-42af-a29d-d6403a7809f8,Employee,15
a147207c-bfdd-4bb0-99d0-dc27b6787bcf,Employee,15
09208444-2396-4034-b59f-861263fb249a,Manager,19
a94d8d0a-9d86-4c2c-b756-fb4c42df1ac6,Staff,10
29ffde08-3734-473b-82e4-8938519b21de,Employee,15
f179ff0a-1fdc-44b5-8906-289e8a9c8a7a,Manager,19
ac241629-d309-4716-a989-2dbdaeff7baa,Manager,19
659b6361-dc9f-464d-a1de-6e77ed8b581c,Assistant_Manger,17
6b5aec55-ba41-4962-b8e8-a8c17ee9fe6b,Employee,15
ab765d8c-dcdb-4c99-8819-d2c2195097b6,Staff,10
e2439a70-1a72-4540-8808-1fd78b603e86,Manager,19
1a9a1957-a474-4dac-95dd-15ad738624a0,Assistant_Manger,17
7e63d4ad-d9e1-4c7b-8f6e-b1116672fbc1,Manager,19
8e39bd2c-1f49-4fd0-b218-7a491b4be340,Staff,10
4763651d-f940-4bc9-a5fd-53d048432fac,Manager,19
7cbd8b19-dccf-49fd-90ee-d50f7d53ab96,Worker,13
67701cbe-ae4d-4636-bdab-41eb5639c8be,Assistant_Manger,17
48d630d5-2f08-4f3b-9179-6410713fa24c,Employee,15
fd6c99a0-0694-44ab-ac42-12b3b2439fe6,Manager,19
113f1c70-452a-44ba-9c14-48424f3fc535,Worker,13
235118de-6d82-4e8d-8918-a18b09eb11d8,Worker,13
88615af1-8414-4f24-b2ab-2bc7e19b0043,Assistant_Manger,17
608de580-423d-4c73-87d8-88123ef0435a,Assistant_Manger,17
185011b2-ed4d-44ef-b67a-0f09a7bbf920,Assistant_Manger,17
52a15b45-3ad2-4fa1-ac5b-22221ddc1559,Employee,15
8ae326b5-0661-4547-9a50-9140cdc74114,Staff,10
941060ca-fe65-4e88-aebf-dde7659a1785,Staff,10
209f35a0-498f-426a-b6f5-e416b16a0368,Employee,15
a3f472a8-b296-45a6-acaf-8e3bf6ae7e40,Worker,13
9d3b0f4f-3313-4980-9af1-7f5953fe01e1,Employee,15
10f8c823-6f0a-4c68-9a4b-b0851f0b92f6,Assistant_Manger,17
ff233b00-6539-453a-81ac-dc4d33b7de8b,Employee,15
e71437a4-918b-4ed0-8b97-378f2b1874ac,Employee,15
a38dd0c1-f212-4dc4-a4a2-3ba2807833cd,Staff,10
16877286-7ced-4ad2-b7f0-0f9ff230b022,Assistant_Manger,17
45726c4b-62c9-4fca-b445-5e20aadbcd1d,Worker,13
6c44ee91-57a3-4d6e-9be1-521e6d0f3ac7,Assistant_Manger,17
7769a0fd-6826-4005-ba2e-19d50c882c07,Employee,15
dce41253-3c5a-46ef-acf5-b1f3d9e7fe30,Employee,15
dce75e17-e681-4582-9766-c504c55a27d0,Worker,13
4f809e5d-667c-4466-96aa-f23784517946,Employee,15
c53c4f19-38f6-4a0b-863a-afa1d5f12981,Employee,15
91ae122b-95bd-4465-8ada-ed118684bef9,Worker,13
243e6ad2-f49a-4049-8b34-7e15493f60f9,Manager,19
06f0bd64-cfd6-479d-8068-6709a14b8856,Worker,13
7378269a-f4ea-4e42-8900-94d3eb3eb6c3,Employee,15
65d9dc81-d601-4096-8c02-7e064144e3e8,Employee,15
00143b3f-5601-49fa-9d2f-6a7c54835763,Worker,13
2152cb70-09cf-4967-b80b-3a3cbd12fcbf,Employee,15
3e791ab4-bcc0-4190-946c-a9f97fd99a8d,Worker,13
ed70d5e7-4079-4357-89bc-ff930d78b70a,Employee,15
5f2010e2-78e6-4e88-ad02-9199ee4ff327,Staff,10
f075d6c9-1183-4666-b060-6480d7d2bb6a,Employee,15
71a9c9d4-d646-475b-a144-4e6db75a285b,Employee,15
7f334bf4-8bcd-4440-8e0a-4648d52fb5da,Staff,10
e7fbccd0-c122-4fb9-8994-5de7f86489f3,Assistant_Manger,17
dd5b08a7-d23a-4860-b78e-75606328e02d,Employee,15
47623ffe-124f-453b-804f-70826cb003d4,Staff,10
347c5df3-aaa5-48d4-b127-f5e7ab7a56d1,Manager,19
2e33f408-d6a3-4f6f-8491-eaa7eb437d2f,Manager,19
532a282d-657a-4cb3-8b4e-7d76c0d9a0cd,Worker,13
ad338a97-54cb-4a03-a400-47b918ab1f66,Assistant_Manger,17
9fe93ab9-d9ca-4e7a-ad56-1a1bfb192196,Employee,15
81de219a-5f28-4367-90f2-2f4510a3e68b,Assistant_Manger,17
48a87e53-ecb3-42ed-9539-de3853f77433,Assistant_Manger,17
36056c72-9c5c-48dd-8a08-6b029cd4c9a5,Worker,13
1bcbe9a7-9b15-4cec-b62c-1f57bd06bf35,Manager,19
4de3eaaa-e7b4-41cb-9721-cd45e577b32a,Staff,10
81818daa-1b64-42f1-9cd0-9b73a7bce65f,Employee,15
a94156c4-bd4d-46a0-8523-2a1c762016fa,Employee,15
38ddcabe-fe0f-4874-b356-2f4cc654b989,Manager,19
d6596f48-052a-4e30-8b9e-680057673200,Staff,10
58c5cdb4-d92c-4232-9b08-745eb97ce0fc,Staff,10
ae5f5d58-074c-4ebf-a304-dbb5e782f373,Employee,15
ba778019-eda0-4dfc-96fa-bc8415051d7f,Employee,15
2caee4c1-2412-4947-9be7-f0156d66d851,Manager,19
d91c4455-86bb-46d9-ad98-d87e1db9052a,Worker,13
4d7733b2-7795-4709-940e-bf0ac6277fe2,Worker,13
e09ea45c-588b-4eef-8639-7827897233d6,Worker,13
3aef73ce-982f-4e3c-9944-3e7e93f2350b,Employee,15
5a8e7cec-bdfa-4d5c-9ddb-b0709102c2b8,Employee,15
33b3b3a6-97dc-4461-93a8-9954c117e04a,Employee,15
0a4c5368-307c-408b-a5b5-d8d3de86a2c8,Assistant_Manger,17
8507fe39-9063-4b3e-a5c6-75e7a04d507d,Manager,19
2359bbe5-0a7f-4c5f-a07e-702fca9ec0eb,Worker,13
5ea5c6b6-40db-4260-97c6-7577b9d3e0fb,Assistant_Manger,17
a50735af-0f14-43fb-9f67-3e09cda8848b,Manager,19
ebdfa15b-295b-4012-bf94-7d00057d6912,Worker,13
197680a2-3ce1-4e80-b6d6-f11fef2e5839,Manager,19
e78de9ac-3c53-4468-90bc-8019932e5e7b,Assistant_Manger,17
017c070c-02aa-4442-86d3-7325b9513c37,Staff,10
63e4483e-a253-4c60-844c-e92857bb86f9,Manager,19
9fd46391-91fc-48a5-b795-862a9677c3ac,Employee,15
e773910e-cfd7-4e55-91c5-7b9021bde0d7,Worker,13
de670518-5645-4688-b39e-f545611a79fd,Worker,13
4786f1ae-3e79-48b6-a89a-02db235cbca3,Manager,19
7801704b-5dac-4e45-9506-6825070dcf88,Manager,19
696b99e7-c889-4182-980e-64628a3cf440,Worker,13
48672404-3d22-4402-a4e4-6ffe1da38c43,Manager,19
450ab776-97db-4f30-ac8f-bac3f411e60c,Employee,15
09bc725c-b13d-4964-88dc-2cf7b697086f,Staff,10
8d608dc4-2251-4026-a9e3-08adca84c2db,Manager,19
948d263b-ddf4-4dc2-93d2-e14f821402f6,Staff,10
c7d75a9a-a1f4-4b85-b53a-84bb69394345,Manager,19
919823f8-6d8c-487f-9a1c-34d4a4e6bd41,Employee,15
5ae84d41-793b-4633-8ace-e8e70e45a58c,Employee,15
8002590a-df61-4f95-9a1c-a51ac65c3ad6,Employee,15
df8a6a0d-cab2-4a6b-9775-baba0bb9e7ee,Assistant_Manger,17
346ca417-8f21-4793-a2aa-10b20d06093f,Employee,15
b38b12eb-c1f2-46e5-bf2e-2fb53a7af289,Manager,19
95833284-57f2-4a90-88b0-73b9df53f57c,Staff,10
a9ddbaa2-c6e8-4cc1-ab92-ddb4a8e7d823,Manager,19
b45bbb81-294a-4c08-96d3-690c5c71f8b2,Manager,19
3a0d08ba-7737-48b4-83f3-102a887f74f7,Worker,13
cc091c96-fd86-4911-b0e0-0bf3431d9320,Manager,19
6baf1263-5eac-4d02-b216-6e74b9edf646,Assistant_Manger,17
dac11461-9d31-449c-9f92-12cfc97cebd6,Staff,10
35ed07e2-6d94-4673-ab36-ef4d484f85e0,Assistant_Manger,17
c91fcff9-0930-4b6e-b1e4-9703f72be639,Manager,19
4e058caf-a51c-4968-8a0c-3844256aae6a,Manager,19
466c8003-09a5-480a-92b8-785ca10e089c,Assistant_Manger,17
ce6c0c87-37f1-4c22-bb62-aefd0226ad94,Worker,13
c8353167-4a19-4001-917f-29652330f6c0,Employee,15
07fc935c-3d33-4341-a256-0a8215ce1058,Worker,13
7dc2530f-f570-4048-bc7e-2a17fe85997d,Worker,13
ec9cdcc5-4b0d-4b43-b398-af9c6a7bc1a1,Staff,10
8fdfda3b-c9e7-4c3f-8aa7-9fed578d18ed,Employee,15
4e26bda1-be9e-4acd-9c97-5a44bb85efc2,Assistant_Manger,17
3941cd1b-578f-46db-a4f9-1c912de16705,Assistant_Manger,17
d52d3e4b-ddf2-4d7f-9986-c21c1d639c6e,Employee,15
d00df0a9-533c-4ee2-8a8f-ee92967b39d8,Manager,19
308f5537-c7f7-4340-bd6c-016e7ee355e8,Staff,10
977b4ffa-418c-4367-ae63-e5f271b84332,Worker,13
39f06659-cebe-4199-985d-65cf2bbaae3a,Assistant_Manger,17
7a6a0e36-89dc-401c-a4ee-171df407ed65,Manager,19
add058fe-e080-4dd0-b50f-416bdf1abae9,Employee,15
f8d1364a-1500-4a01-9abd-143d1722e2a9,Manager,19
57c01bf6-5679-47f8-bf1d-5154dceba0dd,Worker,13
ecea9fe5-8b2c-4a42-bb09-000fb44c3fc1,Assistant_Manger,17
a832a746-5869-445d-9176-3490379b6705,Assistant_Manger,17
7749211d-5540-463a-89b0-3b9d99cb3892,Worker,13
f1f2e0e0-8f74-486d-83de-e473f86300a2,Worker,13
9d3b7b13-d6d3-4162-a125-5cf4e0623784,Assistant_Manger,17
fa49b770-3a1a-412f-aae8-ef59abee595d,Manager,19
02a038fd-d4a0-4c5e-87b2-c14e5b30da2b,Employee,15
c11f7f59-5bad-48a8-ae0d-43aeab4cc776,Manager,19
8e88b527-deb6-4eec-a86f-705487375ed2,Assistant_Manger,17
a40bf7ca-d77c-49eb-813f-105d5fa602a8,Worker,13
8a3b5247-5e1d-4b44-a6df-3af23529f42f,Assistant_Manger,17
8c5fb12d-b26f-404e-936f-591ece39666d,Assistant_Manger,17
dffa3532-38cd-4000-9e52-dbf5bf9c9bab,Manager,19
90650720-e4dc-48ca-a047-6fa98a626c4f,Worker,13
f032604e-592a-44cc-9b10-f28549c5deae,Manager,19
3ab94f9a-3a93-4963-a13b-27b4ad883758,Employee,15
8c1286b1-672d-4116-b969-71efbd5de67f,Manager,19
872019d8-6f97-4b3d-a577-de43e376f69f,Manager,19
c9ecf835-3ac9-4b05-a211-8fa66e37e249,Worker,13
4f6a48e0-5958-420b-809f-fff48d4e3fdb,Assistant_Manger,17
dfd25187-5d58-4bee-9267-7b9323cebb9e,Assistant_Manger,17
2085618b-5235-429d-af16-981171d7aabb,Employee,15
16a41dbf-d30e-4820-92c8-2cd2b7959dd3,Assistant_Manger,17
325fd703-29c5-4e1a-bf0e-a854de4527d7,Staff,10
baaf7625-70e6-496b-ab75-d136c1c82dfb,Worker,13
e3145741-0b78-4ef0-9e1b-1b7db08d5733,Assistant_Manger,17
1910aef0-d99a-450d-a70f-edf0df22d40a,Employee,15
8bb437b8-cb8e-4ef8-8d6b-fd85c77cc132,Assistant_Manger,17
23435eba-ec44-4425-921c-365e3de79a6b,Worker,13
fbfbed9c-9799-485f-8b94-c3aecc4354af,Employee,15
8385a635-a731-48fb-a060-e59b946b75f9,Manager,19
79f00e83-ee35-4b02-ba53-aef63f0d7cff,Manager,19
58dbc1f4-02e6-4fb9-b15a-7e67d681a6a4,Staff,10
7a712c51-e0dc-421c-ab18-279819356337,Worker,13
bd695191-7cde-4665-b96a-c45f3b78b15d,Manager,19
721ae1f6-536b-4e36-b094-a729df152c76,Manager,19
54eb1843-9614-4815-9339-4303b9c4a4a8,Worker,13
b9d39c76-941c-4c15-8ac0-c2bbcce7ae4b,Employee,15
a7ae49a3-6058-4e8b-b4bf-f43df57780a3,Staff,10
d214596c-d609-4e3f-8fd4-9a0011aa0403,Employee,15
b878f6a4-e88f-47ae-9eae-71b9dc27e1dd,Assistant_Manger,17
fb671f00-87f9-4a85-a522-5c1dc965986f,Staff,10
7e6b92b7-12ce-4ecf-b26d-90495f8c961c,Worker,13
d570b8fc-1736-4902-8287-3a0f54c807ff,Employee,15
65dd83d5-4163-466e-a63c-ea8ff6dafbf4,Manager,19
e16757f9-8ff8-4d3c-b61e-da8b25be3a17,Staff,10
d3ef0f1a-88cb-4b15-bd62-527d22a2e355,Assistant_Manger,17
0cd0ddbe-1f95-4ac0-a6c5-e74b4733311b,Assistant_Manger,17
c1f5aae7-65cb-4221-be08-82fbb5633e2b,Manager,19
07c35793-e792-48f2-a378-35e24cc86a40,Staff,10
eade9b08-f48a-413f-8741-99a823bce326,Worker,13
2a68d952-a885-405c-89e9-3c0e7d790faf,Staff,10
54db8f39-6dd9-4650-9cc9-523d36352654,Manager,19
3c266c5c-c576-4bd8-b9bc-5b4ba982f744,Manager,19
f55b128a-587a-449b-a8eb-0f420ea6c325,Employee,15
8f9db5a3-1568-467c-915f-2e80e000d6b1,Employee,15
22b440d3-b09f-4f6d-ad89-c5c4728f6e2b,Assistant_Manger,17
002432a8-cd3d-479c-9b47-f5137ad1d9c1,Manager,19
cf3ad8e7-feec-4e65-8faf-22ff57b1d1a2,Employee,15
09e151c2-5e69-41f8-a8d3-8cf105b3749d,Worker,13
0fbac442-4639-4ed3-92b8-1a7357de43bc,Employee,15
fcbebcae-9ae4-48a6-b2c5-66e989dff0cc,Staff,10
36b04084-abc3-4b0e-ab05-a35594b88b35,Assistant_Manger,17
16c06777-0ead-4202-a73e-edbd7496bdcc,Worker,13
15891c1c-150e-430e-8f78-27d0a038c5a7,Staff,10
f9de8ae8-0b0f-474c-91de-b2620f3bbb23,Assistant_Manger,17
cb8fb89d-179b-4971-b9a1-67ce393e8fd0,Employee,15
5e784680-aec4-472b-912d-017822012221,Staff,10
ba446b93-35de-4186-9ffe-3be9b015dbde,Assistant_Manger,17
5b51a16a-747a-4d60-a663-e098551ca2e0,Manager,19
171d6f67-2874-43ed-9b37-b7105540e813,Employee,15
a69a24a8-4acd-485f-9641-959cafd561b4,Employee,15
50815fc3-f2ee-4823-a3a8-4ed80017d0a1,Assistant_Manger,17
14c0ed53-68c2-4677-92de-7f8bd010f995,Worker,13
6bc9dd19-5bf4-41eb-b6f7-bb2ff5606edc,Employee,15
b17e9df7-a849-415d-a401-34c65a7c3b0a,Staff,10
ec2f0d4c-da9d-4827-8b06-d14550be025e,Staff,10
23c59ffe-e8f2-4e95-ba3b-43683b68499a,Employee,15
2c51ae83-28f4-4aee-8f7d-5bfd80d980aa,Employee,15
bba22e49-2b99-44b8-a9dc-f74695c86dbe,Assistant_Manger,17
780ab90e-5caa-4976-8fb0-78a6159b6c2e,Manager,19
22679047-27da-415f-b8e5-2c82cfa83c6a,Worker,13
065f8ccd-7fba-4cb0-9b4d-70fe2a46fdf3,Worker,13
ebf57c1c-1d7b-4a71-8de2-43e8bd49c8bf,Employee,15
fa85bcbb-f820-4391-a120-aa1460156fcb,Manager,19
83dd0817-f3fd-4530-877c-7c608e2ef612,Assistant_Manger,17
6db81ba2-874d-47d2-b6b4-c8481698d175,Staff,10
480dca4f-87d6-4665-992b-bd33e2363123,Staff,10
9031ec7b-8e30-400b-97d0-1e68393e2588,Manager,19
dc70f8b0-e186-4ad7-9488-b5f595cdc223,Staff,10
f5912d94-671d-49f6-a74c-87146478fcf3,Staff,10
571614d1-9759-4afd-be19-185211cc5e1d,Manager,19
e3c04b9b-8831-48f0-b7c4-f3587b146605,Employee,15
42ae470b-5765-4229-a3db-32f986df6655,Manager,19
399a922b-c72e-4638-a2e0-71fa8b014d22,Employee,15
9f08d19d-99cc-4166-989d-36f239285aa0,Employee,15
fac1e5d7-6528-4148-af03-9d541565e7a6,Employee,15
a1c2ab85-9d7d-4cf4-b816-a2b0502a6f65,Assistant_Manger,17
ef9464dc-fb33-419b-be4d-54c937f3dc74,Staff,10
aa71a119-b5af-4a74-a920-bf0d9e204a9a,Assistant_Manger,17
7a618fd8-8190-4bb9-b42a-23e6681f8cbf,Assistant_Manger,17
009b31d8-c57e-4e86-a3f1-be5f73b79dc8,Employee,15
1e3d6d08-f27f-42e6-9e87-1cfdd61c1911,Staff,10
85bc7914-4e46-408f-9541-c7cbb5ff62bf,Worker,13
fdbf37e8-1505-4602-ba52-fa90b377a104,Assistant_Manger,17
5820ce81-c342-46c0-ab9a-e93e80b7a392,Assistant_Manger,17
4505de8b-db79-42bb-a168-37f2df9c7e6b,Manager,19
9152bf66-d87d-47f5-8d53-04fed811604d,Manager,19
8a719d9d-e7b2-410f-9921-2714b0eddc34,Worker,13
2483bdf0-ee5a-4450-9818-eec9169950c9,Manager,19
02478218-c116-489a-ab54-edacc5136fa9,Worker,13
827c99c8-21b7-48cf-baaa-3ba9dfd4bb04,Assistant_Manger,17
cbe42e62-c4aa-43d2-99a1-f1a41faa78d7,Staff,10
c4cc1a7b-6315-4f22-8d3d-fe4be34e009a,Assistant_Manger,17
f68566b3-988e-45ee-bf40-e6c79f9267f6,Manager,19
fb23f758-92b4-4176-9f33-11a45eba9068,Worker,13
3f611d44-04e3-4a0c-9369-cffde57e0ae5,Manager,19
ef96a0f2-2ab1-46c3-bf75-16905e60f94d,Manager,19
3d5f3a29-3fad-43b1-a29d-bb628544384b,Employee,15
200540f9-49fb-407b-8348-e4fd15a32066,Employee,15
00ec89e4-0568-4b9a-8060-5f7a502ff133,Staff,10
19abe908-0614-446a-a993-52459b2347d8,Assistant_Manger,17
4d5384d5-d886-4a2e-8eb8-6fe41182ba4e,Employee,15
af91d9ff-bdb9-4268-9772-58ecda49af35,Assistant_Manger,17
098d5b90-14e0-4e01-93b4-cd911060c2da,Manager,19
4e85bbf2-0dac-473e-8221-7a5e1b58e4c7,Assistant_Manger,17
f13ca3a6-f947-473d-a64e-a0785685f870,Worker,13
5650f835-7460-4ea9-a08d-bb81231091c2,Assistant_Manger,17
a847895b-7d04-4a9b-ae8d-e6f802b69d6b,Employee,15
799b2d75-0f97-4b15-b8f2-8f6ac7b523fa,Staff,10
37232052-f5be-47f3-a44b-4d705ae7410d,Staff,10
44367c5c-cae2-44b9-ad62-7e34528ad3b3,Worker,13
ed8db8f3-8240-4dcf-82bb-6936cb6e2c2e,Worker,13
469859f3-4ba0-43dc-a1af-74ebbdf4121a,Assistant_Manger,17
58ee42d3-a587-40a0-b06d-93b6053d1f7c,Staff,10
dc89351d-d816-4545-a79c-1936606362e8,Staff,10
ea312b82-b3a4-430a-9ad4-639552bd3362,Worker,13
4acf3364-ae18-401a-935a-3392504d2cac,Staff,10
83ba535b-a78c-493a-b112-1a9318a348ae,Staff,10
e8106f58-70bc-4288-8327-f8a0b28d47a5,Assistant_Manger,17
aa8f76f5-dbf4-4851-9e52-a40a24f44662,Staff,10
06a71bdb-70dc-4abe-b7f3-48713b0e4bb7,Employee,15
b3908012-bdf9-40f7-b45d-c012ab6e70fe,Assistant_Manger,17
c2cd4a4e-fabd-48ee-a039-2e8667482240,Manager,19
14a0b42d-a805-494b-88d3-8bd0ced61397,Worker,13
193da64a-3c34-476b-b515-9d2736d10ce7,Assistant_Manger,17
20646718-df51-4acc-854e-efc6b4ca00ff,Assistant_Manger,17
8a3cb93a-8ef2-4444-8dd2-fa309fd049ad,Assistant_Manger,17
d570a92b-0bd0-462f-9c28-392a9be100a6,Worker,13
7772ffea-aded-4c19-8824-785621d0ec53,Assistant_Manger,17
3c6a8302-62a2-4a3e-b3d9-f334626a4650,Assistant_Manger,17
14de7a2d-5514-4a78-8e01-47aa7019af2c,Staff,10
bd7a6c53-b860-4a14-9224-d686438dc197,Manager,19
1ab17206-b57d-4894-a746-675ae60cc3ff,Employee,15
143bfd27-4f53-4fa4-bc5a-a872f8ed5ada,Worker,13
5915d310-e639-4a32-9ce9-19d9d6812c4f,Employee,15
8e53d661-678c-4309-a6ec-5554c03da70c,Worker,13
d16cd1ef-8627-454d-8159-0dd454c6137a,Employee,15
16fa6df3-1632-40ea-a4fc-f224955e0bf1,Staff,10
a795c9f8-ef63-48de-81aa-308fa0854ba2,Worker,13
695e4ea8-1767-46f3-a8fc-c4a24b912349,Manager,19
ba343759-d3de-4ce0-af0a-106865251d83,Worker,13
c05e071c-b221-47c4-8d9e-16c22a0ac0ad,Worker,13
ba71546b-d9fd-47c5-b0dc-0142b33aff4f,Manager,19
cfc87717-d169-4fd5-8630-af483879a532,Employee,15
68d13e52-dc2a-4921-9641-b8b6e586e943,Staff,10
cec0c804-3e0c-4d29-b9d5-9a9ae444d93f,Staff,10
49c0a725-f18e-49e9-9912-2c9f3b17a48c,Assistant_Manger,17
fb0a54ef-1c6e-450b-8971-2889fd8e00af,Worker,13
1eec0471-db5e-47cc-a408-5973dcf523c1,Staff,10
d4410b0f-88fa-422a-aa44-9ddd9288b1a4,Manager,19
3f066484-9cb8-4423-ac07-7c0c8028e339,Worker,13
162dae8e-75f1-4ad9-a940-e3f4bc447c91,Manager,19
7f701162-f5d8-4d3f-908d-a7b755ee25b1,Employee,15
5af55ff3-79b9-4474-b5b2-61cb02a5dd56,Worker,13
6f22e5bb-6bd6-4ec6-af61-ef8b9779bbd1,Employee,15
c5eda5da-1a58-42b6-b6ad-7953a6d6034d,Assistant_Manger,17
84d23d60-3801-41eb-ae11-aa6f8f079b9c,Manager,19
6ea4da7e-d395-42a0-a806-aba4a38eb418,Manager,19
659e1c55-013d-4d3f-b98c-d3fc5ba28a41,Worker,13
d9d3d187-8401-4350-92b4-4155d76ae6c9,Employee,15
770e75bb-2d2c-4f1a-a917-bba10dfe6dc2,Employee,15
c9a330ca-91fd-4085-b34a-f6120b2e3df2,Worker,13
c8ebf206-a925-405d-b067-f1199a970c46,Manager,19
471087c6-79eb-4093-b02b-09be3a4f2faa,Manager,19
4d2f25d1-ba9a-4390-b37b-cae824eef9f7,Staff,10
8042b389-80c5-490e-8fd6-741f3f925ed7,Manager,19
a5501968-9f38-4bc5-b379-60bde40a8c9f,Employee,15
46ddb85c-2cb3-4e87-aad0-19dcfe884c1d,Worker,13
d843d8ae-09b6-4de8-95c5-0ae16bca857a,Staff,10
94655d53-aca9-400b-b0c5-797b56d16bc4,Manager,19
d0177678-6cc5-4fd0-9b1a-b78de3cf6bd3,Employee,15
c5352c8b-a78f-4cc7-bf47-db6ae3e58668,Staff,10
d700555c-9044-4315-8f74-9cad58ced7d2,Employee,15
602a3590-0717-4856-b5c8-11e32c95656a,Staff,10
bf22ae9c-8216-4833-8ac9-3ad924852845,Assistant_Manger,17
40e995fc-cc3d-4418-be70-0efd1695506a,Assistant_Manger,17
2ae46da7-85f0-4567-98f7-043d3f2176ee,Manager,19
0214d9cb-ccfb-4673-aeed-41eb4b80caa7,Manager,19
e96f7f0a-28ff-47a3-9999-038e3115492d,Assistant_Manger,17
5604c5bc-68a3-4e76-8bc9-afafee2a3ba2,Manager,19
cc7e9b79-96d0-42cc-8f47-caa703d56f5d,Assistant_Manger,17
9de35f9c-0679-4070-a787-f2b05d8e13b7,Worker,13
e260e185-03e0-4077-b232-4324a3efcc39,Employee,15
375a1e1d-8340-4a68-a9b8-3f52a6459f3e,Assistant_Manger,17
179b4fb3-0f38-4e14-9508-8bfa7a06d9dd,Worker,13
462b0600-f94a-4be5-b910-2b0f1ede0fa3,Staff,10
1175a532-1d55-456b-9e40-08ed45254db2,Employee,15
45c035d5-f5e2-4955-8078-9a4077be610d,Worker,13
6d8790ab-0b49-406a-98e7-f277fab0be0e,Assistant_Manger,17
7a49c99e-795b-4018-9217-dd5489d9ce41,Worker,13
fbde33bb-56af-4b6d-a435-be0ec284c1ae,Employee,15
e5f49065-71f6-48ff-aff3-0c23c38e614e,Assistant_Manger,17
e782a114-c04c-4806-a97d-e96c7844b7db,Employee,15
0cc3bda8-8863-434e-85b7-d854cabba91d,Manager,19
daae0220-19db-40ed-b3b1-94e039fe9801,Assistant_Manger,17
30c06933-d925-4113-b500-de7528e0b639,Staff,10
7fcd0798-faba-482a-aa01-44b1b1f7c14f,Employee,15
41468ca4-9a0f-4fc8-b3c8-02c0f6bd611f,Assistant_Manger,17
dafa7fa9-84db-4c7e-b7e4-59697323b765,Assistant_Manger,17
9045d51b-3054-48a6-a04a-6da760f32e81,Worker,13
a310eba6-cf1b-4261-94e1-f03a34668a0d,Manager,19
38191136-b5d0-4109-b62b-2d3b46691c49,Staff,10
7b814b47-074d-4609-8453-0b36122ab54f,Manager,19
4a4b85a7-0a22-4c13-b1eb-7fb2761a64ec,Worker,13
be3de7a4-9161-42cd-8932-c5d369fd796c,Manager,19
89dc96a2-fa46-478d-b288-21e5b3c26680,Worker,13
9b738b77-0a83-42cf-bb5d-632a60e304e9,Staff,10
1a6348d1-ea8b-45b5-81a7-f2582716f363,Employee,15
893e0dfe-aec0-450d-aefd-0b0d1ec87997,Manager,19
ca4660d2-9f77-45bd-bae5-c9086e77d18a,Manager,19
820f9866-7dd0-4b11-8e5c-e9907026f1ae,Employee,15
f5b66263-04cd-426a-99fe-eee128116861,Assistant_Manger,17
8b01944c-7654-4f8d-83b6-31238de90951,Employee,15
4bd257ea-2eb8-4e70-860b-a0ccf6c192f3,Employee,15
60d5c483-9918-4b1e-b2c8-5978c2de432e,Assistant_Manger,17
ea04b87f-7063-4899-a862-23163119c908,Employee,15
3feeac62-7272-4147-bc4e-93c949e5698b,Employee,15
9a708edb-57bf-4aeb-895b-82f3da53d9fb,Assistant_Manger,17
336196a7-1ffa-447d-b951-6b4a3dcc0d36,Worker,13
0b64518f-08d5-464a-ace8-d8a862497023,Employee,15
e5fa58a7-4871-4681-8201-9be7f575a683,Staff,10
3a24efc6-f4d8-4488-8ddf-c22871596f39,Staff,10
67868253-ccef-4125-ae05-b94ef1de8003,Worker,13
83bebbaf-164f-4c1c-ba91-c7676d45a11b,Manager,19
26547ead-1557-458a-8187-ec6495243ea3,Staff,10
dcd2f34a-5357-4f00-bf4a-6704fa2e0917,Staff,10
ce718240-fa7b-452a-99fa-9931c695d0a0,Manager,19
f0404118-29d7-42ff-b01f-7ddbb9f512bb,Assistant_Manger,17
e5e0f92d-f198-433f-80da-31112f46e21f,Manager,19
4bbb990d-c8f6-45db-91cf-f28775a34821,Staff,10
34deca58-f6b6-4ead-9f85-d4ca9d2874ed,Assistant_Manger,17
072dfe67-becf-439c-9182-961c177a54b4,Manager,19
8405459b-96f8-486a-93aa-298703db4f16,Worker,13
14165e1f-2b21-4869-94f3-c06a3e4c7ce6,Manager,19
b1d0d4bf-097d-44d1-a287-e4c65accf36a,Employee,15
3939f7e2-baa7-41cf-839d-668632c42b7e,Worker,13
b2dfd17f-4290-4883-98f3-448b3e78d21f,Manager,19
bc3add26-6dfa-4e84-8796-18b1629d9e2e,Staff,10
7b63bd6f-2529-486d-a5da-9a796ca3801e,Worker,13
93f017c7-e2a7-4ecb-ae42-ee514ba91396,Manager,19
6cdd4411-f3f6-40fe-b3ef-edb5a0e2bf61,Assistant_Manger,17
3c2b3cd6-cff4-44d5-8fc5-b9aeb215825a,Manager,19
c9e351ba-c459-4bfc-ab3c-9341db4c23a6,Staff,10
e155edc9-7c3d-43ba-bcc3-870115b0cab3,Manager,19
7c182e98-8a35-47cc-b0b8-580af8e85853,Manager,19
a1709f62-5a56-4bfe-82cc-6dddc7ce7419,Employee,15
0a4ec750-824a-48c9-96d8-9b4da3420351,Staff,10
642b8b38-5637-449b-b71c-1e1711609699,Manager,19
983f604a-dba7-4dc9-ae92-b4cfef83d85e,Staff,10
f957b0d3-5823-4eb4-a44a-ab027ac88df3,Assistant_Manger,17
f575748d-1769-425e-b39b-fc200d2c2ac9,Manager,19
2f8d0852-96ef-43d0-9734-2deaf4064225,Manager,19
2893ba3b-3a57-4c18-a109-cb58a5a164ee,Worker,13
9b57685f-7451-42be-bebc-7d422f75cb09,Worker,13
2c125bf7-17b7-4544-8f0a-f609796c9c73,Worker,13
79f9ebbb-476e-474f-a7e3-dfd65c414dd7,Employee,15
896b9d11-e33d-4259-9d48-5499280f6daf,Staff,10
dd4ff888-52d8-42cd-aa9e-3aba1787364b,Staff,10
bf2026a4-64f0-40ca-88ab-6d5b4028612b,Assistant_Manger,17
4e2c29cb-e7fb-446a-a1a6-2a5fde0bae88,Worker,13
303207e0-56d0-4e7f-aa8c-dff24a3fa8e8,Employee,15
672160b5-d80a-4a7a-9eea-2b4913014ac0,Staff,10
05d50282-012d-44d7-8f11-1198d2afaad6,Worker,13
a5af1ee5-1534-4e0d-b39d-979b2c5aa208,Worker,13
b887b517-9fcd-4b76-a19b-3672465f71f4,Manager,19
d8a4581d-8844-4ece-9e54-99d09c48893c,Employee,15
6e86d600-1d30-40bf-8d35-f230c714f117,Staff,10
ccbf32ce-744b-4a0f-97ff-05ce091e68f4,Staff,10
ad59546b-f123-42e5-854e-82072bce5b98,Staff,10
319b12fa-db18-4e21-b2db-a6ad3a09be62,Assistant_Manger,17
83e8dc3a-dbd5-4574-843d-bfea4a62501e,Staff,10
d1fc2492-deb0-481d-8fec-4998b2edab2e,Worker,13
3e50677a-15f1-437c-85cc-2d60c886f9f4,Employee,15
0f68dff9-ad9d-4e43-b47f-84f21a29d727,Assistant_Manger,17
195cea88-f9d5-459e-85ff-451b33b492be,Manager,19
da1f9519-7946-4033-a248-c04b39d0c0ff,Employee,15
3bc46a47-2de5-4d20-9bb1-5129ae1028cd,Employee,15
10569164-c5e7-46c9-8287-c2ccf14e37b0,Staff,10
de31fcba-4c72-4d1f-b747-8974ce90536a,Assistant_Manger,17
abc95ca6-9f81-4449-b654-66dbf943c723,Manager,19
baa0ad36-70e0-4706-812b-139a2661f939,Worker,13
056179a0-64c3-43b8-8d62-7838520ea885,Worker,13
2f3e9e0c-1a8e-470c-9c6e-ad68c6d2f4ad,Manager,19
e443df03-dc50-4f23-8ae8-ac0857c01495,Staff,10
00ac8139-e66d-4e5e-aa85-0653b52c039e,Employee,15
40ea820d-e910-450e-b295-8a15d7d1a867,Employee,15
cd74a5bb-00cf-413b-9788-4b044e94b75e,Staff,10
db48ccaf-35ad-4f6f-a74e-ebf4b77d935d,Employee,15
18e3168c-b3ea-4b47-a64d-48c0703ad436,Manager,19
32b2cde4-b250-4f42-8018-7a90cca85627,Manager,19
9eb399d8-01d9-4cf8-b7a7-5c5fbaf69523,Manager,19
20f0d2c0-0024-4c2d-9fa7-7fa2e3d57d14,Manager,19
3e6237c1-25a3-4719-8c60-090a2c997834,Worker,13
e1453b86-55e2-4441-9dd7-398638bf5b9a,Assistant_Manger,17
53cde19c-2b41-4507-ab10-f0f4b6d136a7,Employee,15
5c07d6c7-810d-4f04-9690-5b0264e6b630,Manager,19
4aa34d26-b79d-47a8-a987-8927ea6879d1,Manager,19
d353be93-dd58-4a2a-adc1-7d7f8224f39b,Manager,19
48b4ba5b-657b-4710-bba0-280a941d6236,Employee,15
dd8270cb-cc3e-447b-b748-19347fbee122,Manager,19
c3d37fca-4945-422a-ac33-dbd6f7a1caa7,Worker,13
da2a2f2d-8e2a-4162-87e8-62e1f6cf07fe,Staff,10
7b0e712e-5861-497e-93be-c6cd41994755,Assistant_Manger,17
16268eac-457c-4e19-8ca7-e513f7955efe,Worker,13
0f95ba0e-97a6-4368-be9f-1c86db146260,Employee,15
2de0742a-3627-4c2f-840f-16247401ee06,Worker,13
5a832618-3c8f-496c-b11d-6cb7938ca343,Assistant_Manger,17
e0fc171a-af2d-4cff-9479-423e16ab47c7,Employee,15
7eef0b04-4693-420f-9d39-04deebc905a6,Worker,13
fb5ef0ea-c380-4031-a3cc-3faa21367ff1,Assistant_Manger,17
c933056e-9769-4b9d-88e5-6bed9eae275c,Assistant_Manger,17
eb0e3d0a-63c1-4111-8fcb-c5224e15ceb6,Assistant_Manger,17
af4373a8-67e0-41b5-ba06-2e1674919dd4,Assistant_Manger,17
c6da31d4-1dc2-4c98-bee8-38e4e4d8722d,Assistant_Manger,17
33225b11-3cdb-4d4d-ab42-14f57e7fef23,Assistant_Manger,17
23af846e-07ac-4a90-81a3-fa5c18360388,Manager,19
430bf179-46e0-4f20-8126-e9c159e293a3,Staff,10
cc05850f-53ec-42e2-8cc7-daf544bfa8dc,Employee,15
b7395fe2-e709-4b82-8268-1508d689c7e9,Staff,10
6fa94ced-ec00-4269-952f-4c358d6ebefa,Staff,10
2ca4d0cd-98e4-4747-ba7a-56e4b8df69f8,Worker,13
ad0022b8-cbaf-47a5-87b0-cb93bed3b6b4,Manager,19
964b0e86-43fb-4272-a822-52ec25d5c78f,Staff,10
c7886f5b-42a4-4c0f-83e7-66a004aac02c,Staff,10
7991c740-5b62-48d1-9092-b865a98e33ba,Assistant_Manger,17
66d9e4d2-8eb3-427d-b427-fe38cade1937,Staff,10
459f1a34-8da1-4b2a-a29a-4216d00aa57d,Employee,15
80f55a15-7680-4b36-ad6b-4be022d1c61a,Manager,19
ee55454d-473a-4256-ac30-4abf98d08c67,Manager,19
d1b40daa-3361-47ee-9c1a-e0f7c2bf0944,Staff,10
d409aeb8-42e8-487f-9849-caadfe5f3f47,Worker,13
7289c564-ede0-4b2d-8413-262b1d85667a,Manager,19
6bf8750b-f99c-4734-8b8f-b3c5b1f4f632,Employee,15
d8b798d9-3f4f-431f-930d-7601354e88e3,Staff,10
cfa9b7df-e4eb-4303-863f-95c713eaa8ce,Staff,10
09c72e09-8434-41ae-a531-50b1f19c9b15,Employee,15
eb632aea-de5f-4b73-a2b8-3400ea40074f,Worker,13
7971298c-e3f4-4337-a9a5-34dfdec38fd8,Employee,15
19f60b42-757e-4031-b7be-e864531c6026,Employee,15
73018af1-d16d-4945-a58d-a85a74a23738,Manager,19
0d05e0f3-8224-4ca4-b1ca-655c068eb095,Assistant_Manger,17
a70c6c00-95f2-462d-9c9e-467505f8457a,Employee,15
4bce058a-b9b3-4084-82bd-53f9eb22011b,Manager,19
f65337b1-3131-4499-a3f7-bec85a4d999b,Staff,10
4361e666-4439-44b6-93e6-e4909adc6fe9,Employee,15
d79caf92-b03c-474b-9de6-68c8e011943b,Assistant_Manger,17
0932e57d-1e03-43ac-8d8b-094d3c5fdd2e,Manager,19
bc75906a-640a-4338-a911-fc4bed817d99,Manager,19
a16aec16-addb-4fea-aee6-b767594cb5e5,Assistant_Manger,17
77959d2b-060f-47b6-bdac-7258f00d68c7,Worker,13
15933835-a4b0-40c9-8264-0a3481b043a9,Manager,19
c681f827-0e27-4118-a4fc-03beb3f87b5a,Employee,15
04a3ec1b-bbee-4eb5-a5eb-167e31920d4a,Manager,19
54f8ad31-2b04-48ef-b8e6-3d0861befc0b,Assistant_Manger,17
02244abf-e127-4251-86f8-2a63585eebbd,Staff,10
6c11ce8c-d9e0-49ac-99e2-98437b1a6a3e,Employee,15
45b2930b-b982-4cda-95d2-37d4a227050f,Staff,10
cf6ad72c-21a6-462d-97c9-5ef45d6dc487,Worker,13
83d18f99-7fe1-4250-9221-714dbb671260,Worker,13
1da36c98-df36-4f72-bafa-917cdfd73071,Manager,19
d991f3f4-2704-4ac7-a8eb-74299ce8281b,Assistant_Manger,17
32094ee3-a000-4dac-9627-90711d12ea29,Assistant_Manger,17
0f2ca660-1e67-425e-9727-578a13515b5a,Employee,15
1ff90c02-cdf2-4e78-8e12-ffac16742b7b,Assistant_Manger,17
4d3ee35c-a954-4a0f-ae0f-f1b65ac6750e,Manager,19
008908b4-2866-4bff-9dd9-7a68232da3ce,Worker,13
9ad249e6-8238-4b96-a7c0-fe91ede21d1f,Staff,10
b75ee9cf-5984-4f25-a064-278d0519ef63,Worker,13
011e1f64-cc1b-4b82-ae99-6147af4e2ee6,Staff,10
59e74488-ef95-4b4b-92ab-153cd175fda7,Employee,15
5324263d-cb45-4b08-94dc-57d157c83b7c,Manager,19
e480bab3-12ea-4769-b41c-46759845d82b,Worker,13
0d83a93c-0ecb-4cda-b268-35448bc3c797,Assistant_Manger,17
817a3669-475f-4294-a659-c676e8452b9d,Assistant_Manger,17
8913c5c7-779a-4d11-ba53-6d73368ad297,Assistant_Manger,17
04a445a2-d7d5-4d5e-a190-65a080d047cf,Employee,15
9f2eca59-6379-4987-80b6-83b85dd3d3be,Worker,13
35397a8c-ae53-429e-87c9-3c7c1b350a05,Staff,10
0975b640-a340-40bf-bd95-b35ffad188b7,Employee,15
a8507790-efab-431a-9778-9e25b1e86aeb,Employee,15
5d458470-122e-4615-b582-25471f844d08,Employee,15
39a4d863-adbc-42a6-b185-3779877e26d8,Manager,19
ec019b97-15c3-48e8-9aad-e602478dae0e,Employee,15
d76df573-3f2d-4ca6-94ad-64b020ccb985,Worker,13
41ad4516-06ed-44c6-a701-ebf673915f6f,Employee,15
911394a7-9b51-42e9-a58b-db77487b30fb,Staff,10
495f9425-ac33-40fc-96a7-828c0ca92e9c,Worker,13
5be22607-fb54-43e3-808c-13ccb0b97e10,Manager,19
58a3c713-4819-4b3a-859a-d7cc10f981c9,Assistant_Manger,17
89ec1493-8619-4ae9-a21c-93b2c51a7fee,Staff,10
b3391e28-7b8f-4af7-9d3f-fe6e5ea615d2,Assistant_Manger,17
83ea787c-4f44-4825-b77a-d73827451962,Manager,19
d6553763-5348-498b-bfeb-2c6e5ee392f1,Employee,15
4df8cc78-f21e-4664-9fd9-992700c3dba6,Worker,13
d7b3e7cb-0814-44e2-abcc-0fc27b0fabf9,Assistant_Manger,17
9d8a065d-fc35-430e-9a33-079a47b37b4d,Manager,19
80516fad-5416-480e-9f3c-e6fb20801b5c,Employee,15
24f06f71-2424-4c26-8471-490f520df3fc,Employee,15
1224ce31-57b2-412e-9d5b-f485fd2531d1,Assistant_Manger,17
08c6905b-eb4d-439f-ac4e-ba1ba7d982cf,Assistant_Manger,17
74b20ece-1ceb-47d9-b31e-a274cccb91ba,Worker,13
cf674e2e-52f3-48be-be6b-c8ed74276a56,Employee,15
4b935bf6-07fa-42ca-b216-dc8ed42a8804,Worker,13
5afca495-d057-4312-b12f-f500eb7c8123,Worker,13
663e5949-fc55-4859-a89b-065a86732835,Worker,13
b2bfc83f-9e51-4b2c-960f-dcd3427115d0,Employee,15
06dec2a4-6ac2-4bb7-968b-d6e3b5ec684c,Assistant_Manger,17
69ebc6b3-fb36-424c-821b-34bbd013214d,Manager,19
1d4b6fd5-2acf-4983-9d22-e8676b18d74e,Employee,15
dfed05cd-4264-417e-b6ce-6b6ddcac9a0b,Assistant_Manger,17
a467b87e-1da9-46aa-8c4e-79e7c2ef594a,Employee,15
c42b6073-6249-4d4a-8b88-f84e74eca97a,Manager,19
001e213d-2280-4062-9a45-c2321f69c50a,Manager,19
f7f30df8-4264-43d9-810b-c9680d7278c8,Worker,13
8adb72ab-3569-4818-a0d8-5ae222767024,Employee,15
57b03fbd-b065-4c91-8c96-dd6c333019f6,Staff,10
fb0a9329-3944-4fc4-96c0-2450be620371,Staff,10
65539361-88a9-4b8a-8117-a662a81ef1ff,Staff,10
0711a966-10b4-4fea-b5d5-97a9fc9ef641,Manager,19
618de0f0-f8ec-4477-a519-7ab97b731a06,Worker,13
38a96ab0-11e7-424a-b2a2-9b2fcccf6560,Employee,15
defb65bd-1029-485b-bd6a-0b9ece141e24,Employee,15
cf67ff88-27f6-4762-bdcf-9be47797c6f0,Manager,19
2cfe6bf1-5884-4c2e-be90-89e447c7f8e8,Worker,13
f683899b-9f29-45bd-9a61-7c88d65150f3,Manager,19
634a57c1-e456-4bbf-b183-1a9650a1734c,Assistant_Manger,17
bc9aaf1d-b718-4218-9f97-99b750a0a222,Assistant_Manger,17
2e6a1c61-81ee-4c14-87ae-365a3f57cf66,Manager,19
7a27aef8-2286-4a56-b161-3000756b50a3,Assistant_Manger,17
f826ccc8-e047-4124-b5b1-baa8fe0933cf,Staff,10
c9422f11-f4a1-427e-9fcd-86eedb64c5e8,Employee,15
26f367c3-dc79-49fa-914e-07a451d7a9b3,Manager,19
4d02c1d3-9c7d-449b-9e53-09a3541e564c,Employee,15
243e8919-9043-45c5-a4fb-a2743bd16fdd,Employee,15
51c1a9ff-7507-4435-bd2e-42483721a46d,Assistant_Manger,17
099d979e-394b-452b-a93b-c778b57fa468,Staff,10
2cb7ebd9-216a-495a-9c45-6b8efc96391e,Assistant_Manger,17
3f81a75f-9098-43b3-b169-f7f25dbc0d41,Staff,10
43f2c3fd-3317-43bd-a614-36d922ef8dbb,Staff,10
0f08498e-a883-4475-8dd8-aed6011d6607,Staff,10
00102380-fdc2-49cc-8acd-abbb36ff6b9f,Assistant_Manger,17
2eec0772-7e88-4bf8-92d9-db26c7228437,Employee,15
06c7a083-167c-494f-abff-7ba6b7234543,Manager,19
3b57cdbb-05a0-4e28-aa87-e855b634abe3,Worker,13
3313825c-759b-49f0-a2ee-d318f7852d6a,Employee,15
fba45253-6833-4de8-bda5-662393cb1517,Assistant_Manger,17
f6657f32-4dc7-45b3-b316-a85a7d2ab8f9,Assistant_Manger,17
049eca1f-593c-4ccf-bcbc-ccae5e3551ac,Manager,19
6783cb64-b1f4-4433-8785-1309da1d21dd,Assistant_Manger,17
bc7740c0-14b6-4d39-b1c9-e16267b8a120,Employee,15
731f3a30-5de0-43d2-86c5-b128eaeae9d4,Staff,10
5af28c28-6653-4d88-a8c4-ceee490d18c0,Staff,10
5824d891-c3e3-45d6-9194-784cf4707137,Worker,13
1ba9999f-70ac-470d-9a9e-211ec9e75c48,Staff,10
cc590a41-dff4-44f7-b7b6-5272e5314147,Assistant_Manger,17
a62b8fa1-a3c5-4b08-ab90-aec17957d4ac,Worker,13
3b4310c2-f6b9-4173-856b-a7b19b8a5509,Assistant_Manger,17
d643de0f-df64-4711-8a0e-79aa0ba5d968,Worker,13
b42ca5d9-348e-46d7-a717-42a8e4b79720,Worker,13
4bea1192-c93a-4856-a6d3-2f6590750578,Assistant_Manger,17
5cb1d9bf-7fab-4d38-82c1-2b3b40624e0c,Manager,19
5dfb8f4e-56f9-4958-81a2-2a9ba2fc5feb,Manager,19
37c03d6f-73aa-4c07-afe3-ab73dbd57fe6,Employee,15
c361487e-3a82-477b-b17f-991cd99de36f,Staff,10
25b9c438-e8b7-4d4d-a936-f7314312a75a,Worker,13
cca7c36a-f989-4055-862f-fd1bdb9a0926,Staff,10
cf202d3d-3561-46c7-8e5f-9fc78e3c042d,Staff,10
489ce8d6-6748-44c8-8613-f7ab4c3d3a65,Staff,10
626ae05d-a76c-4153-b682-2cb4d05bc06a,Assistant_Manger,17
c43a786b-8082-4cd0-bfc2-88ec6b26488f,Employee,15
b42f9d69-98ee-46c5-93da-b3aa55c480af,Worker,13
4974eb87-e316-4d72-9d8d-f182aac78352,Assistant_Manger,17
9654ff56-cd3b-4cda-ab87-99305a457b27,Employee,15
66fde969-d97a-43e6-a947-758088e9654f,Worker,13
aa28d692-b39a-41f2-9a21-f0cd732507df,Assistant_Manger,17
eec24627-44e0-4018-a486-03ffb8a84b87,Manager,19
f3a27777-a597-4ee4-b323-621bbbe3c18f,Worker,13
0a7ccd19-a807-43bf-b71f-8f6f2940dd87,Employee,15
0a80652e-3526-4e2b-934e-4c625b8f7774,Assistant_Manger,17
cbcc0b67-792f-4c0c-80db-e06dabb70abd,Employee,15
053a0b62-7da2-4298-ad6b-4109bb37294c,Manager,19
e85cdfd1-a929-40a0-b519-d9c00f3562bb,Assistant_Manger,17
0200e285-f332-46a7-b330-15a873c87795,Manager,19
052f407d-d0d1-4bc0-8415-39e5378a6665,Assistant_Manger,17
926289f9-c0c7-4c8f-a4a5-0348f6f1e643,Manager,19
6df0ba23-ce8e-42e4-a161-97f031605163,Manager,19
c15fd1d4-cc02-4746-819e-d38619836d93,Worker,13
0c9e98e3-62a9-41d4-afb3-ec128f8b7eda,Worker,13
091f1d87-3ed1-4990-b043-fc26318f7375,Worker,13
e07ea101-2190-4318-8440-af1e5f44e30a,Manager,19
c6430f73-7887-4c6f-a0e0-a49fd52a249a,Employee,15
57ca4f7f-be99-4eaf-8fd1-22ca5d4c8953,Staff,10
f917e6e6-b7b9-4e2d-b51a-017bd8231562,Employee,15
0d87af1d-1278-42a8-bdee-3090dd6743f0,Manager,19
d63c6af7-d45c-4706-b339-a8680164e632,Staff,10
5560e39f-c0cb-40eb-831d-26a88a1fcf5c,Assistant_Manger,17
5a80bffb-3324-4c7e-9dae-b5296b29db1d,Assistant_Manger,17
e3874ac8-66d8-4ae9-82eb-b37f7dd571bc,Assistant_Manger,17
f91c460f-93de-4199-9b20-12f0527371c3,Staff,10
f064a8e8-5ee3-4bff-aefc-4c319568f058,Worker,13
42202a3e-892e-4a93-8bf3-159e8a8d2362,Assistant_Manger,17
9743097d-9730-4403-8c4a-1d1b87c455a6,Worker,13
bfa1db85-c764-43f2-b9c6-83e0c5ca234c,Worker,13
340e8df5-4871-434f-beb8-779210b736e9,Employee,15
7fb5815c-0e24-4c21-8390-a19a644de25d,Manager,19
73a87e31-28c7-4ade-b1ea-a473ad29e493,Staff,10
4a3c1758-85f1-4f8b-94bd-237563aa49a8,Manager,19
711dbb11-e329-4b7e-9890-dfadb4674398,Manager,19
0f9a36c9-881b-427b-806c-4f0d681ef5d3,Manager,19
a720dba8-8a09-454b-a08b-0df15636ae14,Employee,15
6ab580be-7af1-435c-b593-c31f767b6f2c,Worker,13
a42a8a4e-fac2-40a8-b95a-3d82b9f7f9dd,Employee,15
689cfaa5-0dc6-4639-b0a6-c7694f19466a,Manager,19
bd421a7e-568d-4a85-bb8f-231a7bcd1347,Assistant_Manger,17
4aac0c5c-a5db-4119-ab64-d15d77713e31,Employee,15
8f1dc0fe-9f42-48ab-84d7-55d859937343,Staff,10
15d1c4e0-92ee-4f17-8115-5d55cddbf8a3,Staff,10
8c6c86cd-95cc-4999-9d7f-90e8d0954f21,Manager,19
b7c1e0d2-a42e-4ddd-8dc7-ea495236a66e,Employee,15
a6666442-b986-4140-8362-6a464c665fd4,Staff,10
e6b30e21-13b9-4ceb-b630-7b982910920c,Assistant_Manger,17
e941dc5b-0282-441a-91da-84caa3700f22,Staff,10
bcd94483-99ff-49fe-8888-cfe9c1f57788,Employee,15
b59065d0-1e86-4991-86bd-3a3a641f73e7,Assistant_Manger,17
215e878c-957b-4a05-9864-509c114c1c45,Worker,13
b9efcb6d-5fcb-4f54-baf7-e85405aa2b48,Worker,13
6988325a-cb7e-4b51-973a-c7b6abfa6ddf,Manager,19
3886db49-070e-495b-b841-f55bd3da7ffb,Worker,13
77c42ad4-1a68-40d7-92c4-bb48d41f5ffc,Staff,10
1b01e1a3-2f3d-4a7d-b0e1-56d06eeebea4,Manager,19
dfaa3ac2-c8d2-4fef-a732-6b5cbd308ac0,Assistant_Manger,17
ac41a7c7-1597-4833-90ac-eeff8ef7ba4c,Manager,19
88475aa1-355d-4f78-91dd-954c1eb5720b,Manager,19
93f49fbe-0cab-4c41-8425-259915d8789b,Employee,15
485c9b07-d31c-435b-bbfb-29ce40038198,Employee,15
f2f1ec76-b1f5-4c24-947d-b18c59f8bda2,Manager,19
6789ad58-b6c7-4529-b5c8-75978fb86744,Assistant_Manger,17
d801d8e3-f17a-4b55-9c79-6fdcc31d0bd8,Worker,13
54f45e15-fa32-4e47-80a8-93307fd9a271,Manager,19
a89016b0-a28a-47d8-80d2-e0d85c65252d,Worker,13
cd56958b-9013-48a9-8013-5f018cc27ea5,Employee,15
ca07b78c-c659-4c6e-a3f9-067b294e438a,Staff,10
77aa9e1c-5d66-4d03-8016-6dfd1349554c,Staff,10
0f203586-db2e-4f86-a542-d4b377343433,Worker,13
2adf0d87-9c4d-48b2-9df8-a3d95a0e85dc,Employee,15
79ea5845-3c99-44ca-ac48-9082eb2461b9,Staff,10
60a33b5b-9256-40a6-85eb-ca4c48c51cf5,Staff,10
e684dce4-9048-449c-ac7f-4d427e05553e,Worker,13
f317a4bd-c927-4f57-86bd-29d8b5db26ab,Assistant_Manger,17
5ff6c983-a0c4-4999-8286-00c311db77cf,Employee,15
ad5bc953-752d-411b-895f-07f783b57529,Assistant_Manger,17
d13a98e8-c555-4458-bf2c-de3a2db39b6a,Worker,13
ba5a3e6f-5fdc-4b8e-8598-eb37dfe5969e,Staff,10
82ed48bd-abb2-468b-954c-a1cba4fa900a,Employee,15
4c20de8d-d7bb-4209-90af-c2b160b7db77,Manager,19
de99e24a-36ab-463a-8ae5-541a75fdeaba,Assistant_Manger,17
58e4ec79-892e-48b3-bf49-e3f2135ec05d,Employee,15
c7010137-e614-4e0c-903b-a3f976f9bbeb,Assistant_Manger,17
8e721574-963e-4564-9468-a5200020bfcf,Worker,13
b2052f04-def8-4555-bd10-f2141eff3aa8,Worker,13
c8261dab-b237-4a98-89d0-86c74f58629f,Worker,13
214e05ab-a6c6-4642-ba5d-68364226184b,Assistant_Manger,17
ccf2f1a0-4b3c-440b-8352-ade0407e7104,Employee,15
2abebbda-362e-448c-b312-af1d6a49593b,Employee,15
00a8b025-6349-4d34-adc5-3b682ea0fc8d,Staff,10
81f2412a-7e35-4bce-970c-d76d0b7ebb71,Staff,10
41cba72a-efc2-4fc2-81fd-6e200ee8b0b4,Manager,19
120b4771-f94d-4ad0-b9d2-4c287275048b,Employee,15
0f7d976a-ceb7-4fa8-ad9e-7975e9643ca9,Manager,19
9b9034a3-9fb3-467c-9ba2-79df1ee53f1c,Manager,19
01b9327e-064b-4814-92da-66bedebdf795,Staff,10
183a8347-a7d4-4640-8e6a-1b38358c1b8b,Employee,15
fe12f74d-70af-4871-9bf4-4e1f9302ee63,Assistant_Manger,17
868c93e6-de27-40bd-9039-616d2e512c44,Staff,10
7e0078a2-dd13-4bcb-8a8c-f0075460c5ce,Staff,10
a93684b5-bb50-49f4-914d-808e8a80b762,Staff,10
355f854d-3ab6-4edd-a36c-2cd5560fddaa,Assistant_Manger,17
99adc143-27bc-4d33-bfce-d2b283216ca7,Employee,15
2329f60d-f529-4590-9be9-d3e27f56c9b0,Staff,10
fa6c0a3c-fbb2-4d1c-9321-6e11e4f4214f,Worker,13
d5b79d70-cea9-48cc-a39a-692671573739,Worker,13
7cbc5370-a214-461b-8b2f-6b3988e669f0,Assistant_Manger,17
a07af228-c225-4ea4-acec-ca61f0d8b3ec,Employee,15
6afd1b4c-4560-406b-8156-d317105396bf,Worker,13
65877bf3-de31-4f8b-beea-6c1f9e8d8ef7,Staff,10
ac4c6fda-6bb5-4790-81e8-a9018f6864ae,Manager,19
85ff3fa9-6eb2-472c-a759-4a5dfc423ff3,Staff,10
86bd7847-f145-48ff-987d-b863bc30d940,Assistant_Manger,17
28cd2943-524a-4225-b5f2-c508a8c0b18e,Manager,19
36c865f3-f00f-4a0c-a0d4-604a600354c9,Assistant_Manger,17
71be6260-194b-47d5-be27-f209cdcc9a8f,Assistant_Manger,17
bff62884-a3da-4666-a020-481b3a8ae322,Assistant_Manger,17
a4d4d16a-c33a-4d37-8ac2-547abf564a6a,Staff,10
bfe3dfbc-1539-4678-805e-a70fcf530078,Assistant_Manger,17
610f2c38-4eee-425d-b12d-a1f9bc9543a2,Worker,13
aa49ac45-6696-447e-b3fe-78e3dae39085,Assistant_Manger,17
6b61cbbf-abbc-47fa-afe4-c2000dbfc330,Employee,15
1c07673f-0861-49a9-b334-5997b259ca10,Staff,10
875fb1fc-f9b5-47c6-94e6-950271cdaece,Worker,13
0789ef0e-e25f-4a39-a6fd-a709ced74597,Employee,15
3075b2ec-d611-40ba-af7e-6070a39ba5fa,Manager,19
9718e0f3-b4da-4932-8c89-4e95c9b9829e,Manager,19
8ad51345-996c-48a6-a0d5-6fd1a04fe7d1,Staff,10
f87a5ae5-fd18-4641-a19c-9494c7044a70,Assistant_Manger,17
ad34f08f-1a41-45c4-b8e6-2c22ef7554dd,Staff,10
30132752-4282-4f7d-96a6-1d0339aacfc5,Worker,13
af482435-486a-493e-9857-40ef3797aad1,Assistant_Manger,17
dda44fee-4e1b-4ec3-a99a-577ed5aee08f,Staff,10
5dd9622d-5059-4904-8bc5-af407d0e9aae,Assistant_Manger,17
3db8c059-70d0-42dc-8b4e-d7c605eb6323,Employee,15
a0365141-724b-4e00-b2dd-129a000c1c3b,Manager,19
8a29f151-98f3-41d8-8742-882f91aa00f1,Staff,10
9719d882-176d-4888-9612-91791466bcad,Employee,15
0a4fba35-bfd3-4f3d-b8c6-ad12b5bbb681,Staff,10
55ee8b1a-4f6d-4b25-bd44-49b951e7de8c,Manager,19
98a55383-5720-433f-8467-c1185709d117,Worker,13
bdf2568e-ae18-43e3-a35f-06a665f11153,Staff,10
16783eaf-8f39-4d62-9f1a-b54b3e7a7440,Assistant_Manger,17
ee9c2a72-7118-4f21-89f6-3a9b409c0753,Assistant_Manger,17
7f6dc494-8936-4b62-8fee-724c0e96bde9,Manager,19
ffe726b8-50bb-48e1-aad9-6db93ccf9015,Manager,19
4f79991e-84e7-4aa6-86f2-a2fc476de81c,Assistant_Manger,17
25ebbaca-cd8e-4607-8ff0-b6d89677f895,Staff,10
433facfd-ad57-429c-808b-8ad0f3005608,Manager,19
786189f5-bb72-4f05-a9bc-2cc03407c46e,Manager,19
bc021ed7-dea5-426e-8bd6-047f11550733,Employee,15
c32a68e8-c18c-477a-ad66-3b189969abf7,Staff,10
4e6863db-9002-430c-98f0-255492ba7534,Manager,19
dd07525b-4d22-4815-82d3-d33c5de34c32,Employee,15
714b6b86-19f5-42c3-ad8b-0bdedf109e98,Worker,13
0381f398-df5c-4d7b-93d0-b997609c608d,Manager,19
fc052e3f-15ed-4c62-ae0f-046cd9c25db1,Manager,19
d63d60e8-2b5c-4004-aff3-110147c30199,Staff,10
a5b8229a-e6f6-433c-af60-0e3474d2492f,Worker,13
4a4a2c59-18b5-4106-9ee9-5252ab90d30a,Worker,13
3b74cf0c-d3cf-4c6b-a03d-9df067110a9b,Worker,13
414c773f-0b38-4e04-90cb-ed496fab59d2,Staff,10
8137ec98-adda-40ee-9851-4252e56e6ee0,Staff,10
10e78a30-8008-48d4-855d-da65b53ff104,Worker,13
262dc640-aa09-467c-945f-1372eb6c1e20,Manager,19
1697ae64-5819-4528-81ed-9addc09ad74b,Manager,19
27bb6bac-7c1d-45f5-8254-2f56a6219ce7,Worker,13
b1f1b146-89c3-4272-a528-78af3ddd2b5d,Assistant_Manger,17
67e8fe47-6761-44a6-83fc-db1a574a0c0b,Assistant_Manger,17
bfb33cc5-37cd-4bf9-be9f-24e36d2af787,Worker,13
2e43fd45-899e-40f6-a239-5ad14fe5b214,Assistant_Manger,17
b1be8179-a6ab-4e6d-a2df-edbea97a7ed7,Employee,15
868afeeb-6ac1-449a-896c-be733d97b659,Worker,13
bb088bb1-16c6-404e-909e-61ff2818ab87,Manager,19
2c0d2302-60d4-4c07-8128-5c6b98040d47,Assistant_Manger,17
27056100-3a98-4280-8847-c3499d57e75c,Employee,15
cdf9eaf6-3b02-44cc-8ddc-f63c7c304c1e,Assistant_Manger,17
423e7c10-d7a2-4c27-ba60-e5b272583c16,Manager,19
4ba28a34-809a-44b0-9a04-3a8032fa0f6b,Staff,10
da4e79e3-bf06-42ca-a53a-19dbe4816c6f,Employee,15
340aebf3-0468-4179-9223-1f29399e591e,Manager,19
0cc85ef4-7bda-4eef-995e-b6fb0e084d56,Manager,19
6c2aca1e-baeb-437c-8708-843433c1d3e0,Assistant_Manger,17
0d5fd999-d53f-4b3c-9b3c-0a43b7a97d16,Manager,19
c607cd79-7604-4ba8-a521-61cc4984dd60,Manager,19
cdf22818-fb97-4ae2-94b5-77b3465a638a,Employee,15
cbc1fa3a-e560-42d2-ac84-f000cbca812a,Assistant_Manger,17
04347a29-6b90-42a8-bc3e-2acf82d85e16,Manager,19
0c87f11a-6c02-41c2-a28f-e43fd1532baf,Worker,13
55c5b936-c945-4e74-bc9c-3032ac1eb596,Employee,15
b7419224-1580-4175-b71d-1f170260f87c,Employee,15
83fd999c-3ff5-46dc-bf8a-acd7ee3db3cb,Worker,13
853c213f-97d0-4f42-9eda-663f9e611563,Worker,13
dc24ae08-0fcd-4425-8b45-d618c037cb20,Manager,19
33177769-e52a-4c50-b2ed-09fc757c6d15,Employee,15
5a817c22-b0c6-425c-a0c1-83e1d93ae9b9,Employee,15
3acb73e6-83c6-4201-845e-2d0e141918e8,Assistant_Manger,17
e4c971ba-1202-4059-bbaa-4a4198869a99,Assistant_Manger,17
09691088-44d4-4d15-a056-c2db9e283c73,Manager,19
c44d2b1c-f81f-4cf9-aa7b-d33b629fbe49,Worker,13
d9fb800d-0d1c-49ed-afd7-f41e6be604bc,Assistant_Manger,17
f3f45920-a4d0-4c49-82e0-f6ce2c279206,Manager,19
5e250f42-7cfb-4905-ba71-bc1892770664,Worker,13
98c995b0-c12b-4462-9e82-0b9167404547,Staff,10
22979352-a5c8-4e29-87cb-1c3405f7296d,Worker,13
9d374456-3ee1-41cc-a308-83b1a45562ae,Manager,19
28688754-8246-4eb8-ac7f-15ef4169cae1,Staff,10
8bcc0bef-f692-485c-a13d-fe34bd1469d4,Manager,19
72d05ec0-3fa1-4263-8a1f-1be8ac5d1867,Employee,15
d07e80ec-c2c0-4094-99ce-467383213a8f,Manager,19
b502c483-7453-41ef-9f35-0149a1ae9164,Employee,15
e0310faf-a2d8-4a34-8871-92c34b7e48f0,Assistant_Manger,17
dfed4a9c-5b38-45cb-84b4-127158affdfa,Manager,19
89d00b1f-3beb-4c39-ab67-a87f398f176d,Staff,10
bcd266f2-4561-4697-889b-15521149ecc9,Manager,19
f6ee99ed-4fcb-4fc3-a605-441cd988a4c8,Assistant_Manger,17
2cdab63b-552b-469e-b5ad-7c70e9de2263,Staff,10
daa8ba2c-4d1f-41a0-96ab-a7a2b8013cdd,Manager,19
440bb5f2-aa20-4ba1-935e-b1d6de9fb5e5,Assistant_Manger,17
6e9c06f4-b29b-46e6-9de1-9377cd2dd0f4,Staff,10
336bd997-14c4-468c-9d85-fa05fa0890fe,Worker,13
d4d84a5b-5cb4-4bea-84e3-3ee21eddb037,Staff,10
dd1643e5-ebbe-42fc-a29a-c8551591509f,Employee,15
37560cd1-44f8-4c5e-aa14-5ed736505d85,Manager,19
3793a224-132e-4e5f-9b0f-f9105741ef89,Staff,10
4394d85b-b660-40c0-9b84-c94612aa735f,Employee,15
c4c9813d-305e-4314-89ad-fd4fc4e5bb97,Staff,10
26fde1fc-8b0a-4de2-bdbe-44101dfe6d9c,Assistant_Manger,17
153ad95e-a0d1-4260-b66f-e9a19b4e604b,Assistant_Manger,17
0f8ff9a6-ef95-47a8-8bf4-3279f9a2ae82,Manager,19
82e3cdb9-e1d7-4502-91ee-785b845ddbec,Staff,10
50beb009-b812-4b57-b9f5-4075a9ec42a7,Assistant_Manger,17
2a514d83-6283-4109-a3a4-c9827e139979,Worker,13
93d69c4c-9679-4bfb-8101-98cd5ad315f1,Worker,13
21bbc78e-6ea6-4345-af70-19780b6b6c7e,Employee,15
56ff5203-afd2-4616-b8f0-cd011e599f84,Staff,10
d0bfdf53-af87-4c10-a03d-69ce7497f107,Manager,19
cf947b22-fad0-4eb6-8fc3-94ff68e3e39a,Employee,15
a22a3dbd-481f-4115-9ac8-cb40a7cdbd58,Manager,19
16b99323-a284-41db-a8a4-1a8fd8ba2ad0,Staff,10
6e985526-96cf-41ad-a083-b242432faa2b,Employee,15
a48e38ff-ea3b-47c2-89f2-61de71cbb10c,Worker,13
67eccfb1-85a3-454e-a3b4-978206ad9de2,Staff,10
e54dbdff-cf71-43ad-8059-ea8451f8f03f,Staff,10
6e1e62f0-7125-4d03-b66c-909f380d1481,Assistant_Manger,17
8797b180-15e6-47f4-8681-fe0931ee124e,Assistant_Manger,17
116a4816-5cd1-4f1f-a4fe-878f1e5d21ec,Staff,10
d6161cf1-dfdb-4e80-b076-19fccb29c830,Employee,15
1b921725-5c6a-455c-b32e-dfc4c2fcebae,Employee,15
8a25d800-bede-4626-a978-e95ef4f033ae,Employee,15
b0040095-878e-4980-9c1d-9f772400e5da,Staff,10
5ee90fe2-041d-4678-83ce-ce87b6c26473,Assistant_Manger,17
eaf90cdb-f0c1-4cb6-9a9b-135dd70c0632,Worker,13
55e7b819-3c8a-47c9-bbce-d48e4bcad414,Employee,15
3c8618e9-b49b-4967-b736-017041aed747,Worker,13
18caeea0-2eb9-465a-88bb-f14c1b07841a,Worker,13
479f7a62-efa7-417f-ae50-b47887d87d45,Staff,10
c497709a-6142-4d11-84ad-fa69132537e2,Assistant_Manger,17
a04827e6-ddcb-4776-827f-354cc9270034,Staff,10
4ef385e8-adcb-4114-92fa-f3291ce9a853,Employee,15
75524c10-448a-41a2-9696-b156eb4be074,Staff,10
5c9be224-e691-4fb4-8bc3-3cb01a34403a,Staff,10
f062d29c-d1f9-404e-b29f-12dd3daa9e2f,Employee,15
2d9b0734-f23a-45b9-b031-e94610aac5b9,Assistant_Manger,17
1faaf2e4-c92b-4d83-a854-46ff38f58da3,Employee,15
24d21ee4-3c18-49db-91e9-1f31e462587c,Assistant_Manger,17
7413abc3-619f-40ea-a850-dc58354c3804,Employee,15
170629bd-55ff-48f6-a624-7f231f8f90b5,Staff,10
3f8e3243-a97b-4e3a-94c8-7887be2a5574,Manager,19
fc923064-2f65-475b-b429-57bf3b29e997,Manager,19
5ccf1895-a0f3-4795-b75f-b1f79d372368,Staff,10
bb071d13-ef5d-4190-959b-727385ea2e5d,Employee,15
3f4136ed-bad0-48b0-96f2-bf88c26de441,Manager,19
a2a93ab3-17a6-4e6f-b7c6-77a3a1cdbd8d,Assistant_Manger,17
0062bea1-c7ca-473f-9b74-3974d054a001,Manager,19
37c77091-b89c-4454-9fb4-f92c26303f45,Staff,10
63ccf85d-c99e-448c-9f53-072b25a0cf0e,Manager,19
c5335c4c-ebce-4484-81c7-f62095009036,Manager,19
0881678c-644b-4cdf-aa35-f52d2c720bc8,Worker,13
f16c1290-4356-415b-9310-9865606b48f2,Manager,19
2fcd7167-01c0-43ca-85df-804de2346245,Manager,19
dcc96ef4-7371-421d-bc73-6a9889bcfb2d,Assistant_Manger,17
bd722d5e-2ae9-4325-9118-514a57908267,Employee,15
0d9ccccf-e6da-445d-9b6a-1001ee3713a3,Employee,15
9a10b327-11b6-4eab-abfa-38ec22ece143,Manager,19
3d2d99e0-59f1-4bb5-ba7d-039043879b7f,Staff,10
ce79857d-b471-4844-844f-1f94a7612a9e,Employee,15
7e0503cc-3a5e-4aec-a4d4-495dedf4eaf6,Staff,10
bc1d7463-076a-4a3d-8c82-b543cfdccb43,Assistant_Manger,17
04a32b71-1b14-440d-9e92-ed5db3c56dfc,Manager,19
a0a756ba-734a-4f80-9e2f-bf7c4791f44f,Assistant_Manger,17
52a1a569-76cd-44d6-bddc-af1f323a9cb5,Staff,10
c2d38dc2-c67e-4d89-a9b8-c79c70ccbf8b,Manager,19
c0d865df-ef28-4be7-94ed-393315d34fd2,Employee,15
ccfb09af-6743-4bd6-904d-d13b3a155411,Staff,10
db16fe66-3f9d-42e9-a832-d4de171952fb,Assistant_Manger,17
76674e2f-c24a-47a7-9f92-5d5a28e4d65b,Assistant_Manger,17
89fa0fe6-3041-446c-b7b4-41a660fdfeb7,Worker,13
cf6c0b38-e18e-42bc-8db4-66d8edfcd65e,Employee,15
dea7b824-ab73-49d6-bbc6-4b9480526198,Staff,10
8c9776e3-fa45-4bf9-8a51-b2d7f01de1a2,Manager,19
75c2e679-fd7f-406c-80da-9fb2305f8044,Manager,19
4c0b95fb-ca7a-43b6-ad72-4f0f435fea70,Employee,15
1adf3a86-98dd-4432-a305-9db19ca386ed,Staff,10
c8132481-6a7b-4eb4-ac3a-c1ce042e8848,Employee,15
db7daaf7-32f6-4f58-bcee-2b9441ef0ceb,Assistant_Manger,17
3c30ba5a-77d8-48a4-90c8-5262c3d45378,Worker,13
a52b2e57-ba5d-462b-96c4-84617a9bc3b5,Staff,10
bf1cbd25-cabe-40ec-95b9-12bb1d440644,Manager,19
4d6930c5-428d-4aa5-a7b7-3d61d970cada,Manager,19
3f230581-8f6b-4d11-8b5e-2f0a67546466,Employee,15
b3bda211-476f-459a-ad3f-d51b3ac67329,Assistant_Manger,17
e60487a5-3775-4834-92ea-b67dc2daef8b,Staff,10
a973c858-afba-414f-bb4d-9a8d405abd50,Employee,15
925d23fc-b916-4621-bfb4-9d362984e1ef,Worker,13
bef4913c-02eb-4247-9d43-3961c8de08c0,Assistant_Manger,17
cf2d3353-fa09-4cf7-8383-bc7a07863bd7,Employee,15
2b8900f5-5083-4865-9013-309ec26458af,Staff,10
636b87da-0e5a-4413-b21c-e28d9d3e3484,Assistant_Manger,17
e392e01f-c2d0-4bbe-b66f-d9145fd4cdd6,Staff,10
477f4064-bb55-4265-995a-e2c1d885385e,Worker,13
112079b7-df44-4093-8705-83174ea9fa6a,Worker,13
5bbd13d9-ac67-4116-a6a0-7033adf0386b,Manager,19
46f7983a-d966-4346-b462-f0b137589069,Assistant_Manger,17
3f48d175-74eb-4847-9cb1-629cd8ab1117,Staff,10
245f5e79-18e0-4d5d-ae4f-e322d88a088b,Staff,10
8bd7c49e-e2d4-4864-8889-59f2939c71f5,Staff,10
b69f1a14-a86e-4f87-bf54-06010df00441,Worker,13
67f2f1af-3f18-4233-b437-bd31c48a6e2e,Worker,13
165129c2-707a-4abb-a6be-c0e7d6bc5737,Worker,13
691c6eea-f772-4930-b693-a0e4e1eba291,Employee,15
891b48b1-d2c5-43d0-ad77-981f407eba89,Assistant_Manger,17
81d490ab-9e6a-498b-ac43-7dc7ff25f40f,Staff,10
82f1b4d6-d07c-4f35-a467-794586af23a5,Staff,10
40a59a11-fd5f-42a1-b200-e0df49165f28,Worker,13
b939299a-f337-4ba2-820a-18e872667684,Worker,13
91dc36e3-6410-48cf-9c61-12cb0329f824,Manager,19
349fca83-2fd3-4aed-86d5-f8e3f064691e,Assistant_Manger,17
ad99f55a-d300-4745-94e1-60827668e194,Employee,15
90c747bd-97ef-48d9-8691-544cd3ff066b,Employee,15
53942974-ba20-464f-b352-c194d2c1214a,Manager,19
4b9deb7f-9182-44e6-89bb-afe067ab9c3e,Employee,15
e4cc0c6e-f7e1-43cb-becf-91152e5ee5d3,Manager,19
0efe1401-5a02-4abd-a31e-525da01b9408,Manager,19
625838fd-aec6-4570-bc32-29939c7aec09,Manager,19
5164610b-441d-463a-936f-a32df7d1a52c,Manager,19
94fe2e17-efb4-433a-8c68-f02f6be88873,Manager,19
c057e03b-b273-4233-8dea-3edc01428c0e,Employee,15
ba44158a-21cf-4dec-9e4f-b51f85fbfe55,Employee,15
2ddb4241-a0ca-4bac-82cb-0217db446188,Worker,13
e7091533-5984-4aed-9196-9556337722c6,Manager,19
c7ded7a8-5b9c-4485-8de6-143bfb8daecf,Worker,13
b29cd5fd-b92d-46dc-8a55-3c85e534cddd,Worker,13
1be8fee6-ff4c-4073-9467-e9c3035e05d8,Employee,15
794fbebb-9669-4180-97bd-c6aac2d71815,Employee,15
79870fd2-abb9-4185-8ef1-dd82ce2ce37e,Assistant_Manger,17
a0368439-53ed-4808-aae3-b3e59a8d40f6,Worker,13
46b8cba9-2c3d-4391-ad78-4dfd2fa56f05,Worker,13
a0d5b77f-090d-46df-9e5e-efe8a2690775,Manager,19
d343e839-b5a7-4434-a1df-e76f9587f886,Employee,15
88d00905-2cd3-40ab-9e22-90389833bcd8,Staff,10
82d3eb2b-f63c-4ad9-9d39-3a335214ad83,Manager,19
a7025052-33c3-4c58-9f9c-e59a6e0fc795,Assistant_Manger,17
3b22971f-74bc-48e5-b556-eefec1bca963,Employee,15
2771c102-a189-4ae1-ac9e-419d95827dfd,Manager,19
79b26c12-1554-4b80-a18e-4f755d2777e1,Staff,10
15614094-2949-4980-82ee-f481a564aa40,Manager,19
f54377a8-5382-4ea8-8117-a32093ef19c5,Manager,19
01b6679f-accf-4dd8-8726-074149a2015e,Employee,15
e950a944-2097-4e9f-b5d5-3a68423c9300,Worker,13
4eaff746-6d9c-44b0-b30d-90cdcc318003,Employee,15
e4b77dc5-9054-4048-b09e-895342ef2872,Worker,13
2ca791d9-9e99-4212-8d3d-01903ca1c9ab,Staff,10
2ef1dd5d-6f76-41a5-a933-1bb96cbf8b6b,Manager,19
453cdab8-b8e1-4700-b566-c45a2c48216d,Assistant_Manger,17
5b17c65e-e6ac-4ffe-8fe3-7dc63181beab,Staff,10
896fbb67-0b72-4d79-9d45-f36821561063,Worker,13
00b14023-b111-49db-a427-9adf11282fa2,Staff,10
981c0473-b23d-4ec3-b994-19c6060f718c,Manager,19
aed1b40b-42b0-4155-8a05-c6b22460c743,Assistant_Manger,17
fdac979c-44ee-4f32-ad06-affc05b57d02,Assistant_Manger,17
1fb170f2-62d4-4105-9d2d-23731e507077,Employee,15
ece3f03a-c25e-48a6-a6e5-7a5d6c3baf8e,Staff,10
0cf73d82-851c-4c44-ae6b-fe6d8380008d,Assistant_Manger,17
945c4886-5f33-4b9c-8e9b-9d4f1882ad04,Assistant_Manger,17
9fa62243-2cfe-431f-90d1-c7df86a3b10f,Staff,10
456c3686-2e3b-4ec3-b68b-7b0827673861,Employee,15
25f657f3-7fe9-490a-853a-fa96a875c513,Employee,15
b0e3b2fb-96aa-4361-aee2-13cf345e7a14,Manager,19
eadb5655-f4b7-44c4-bebc-68a9f6d61430,Assistant_Manger,17
85050bac-e180-41aa-aedd-0c8b13540fb6,Manager,19
e734e42b-490a-4d29-b320-e96ed34e0d0d,Assistant_Manger,17
dc1bc201-f11f-4b51-945f-b32fefec19e4,Assistant_Manger,17
30785e8b-57ad-4f48-822b-2db940ab2a2d,Staff,10
efa4e795-bd14-4b71-8566-4d6c6f26c08b,Employee,15
4f2847c1-95be-4b12-8da8-c2ead8270e77,Manager,19
35752ebe-dd92-44fa-a031-cd30aee99d2f,Staff,10
ccf63008-f6c7-4432-a025-b75ec61e7da4,Staff,10
6d645047-7a27-4063-874d-ac227ae4ec9d,Employee,15
cd5ecf5b-483c-4081-9b28-3f937ca841ed,Staff,10
54e753bc-e769-424d-a478-c3f829c55fe2,Assistant_Manger,17
b78afa5e-e1cf-408e-a70b-9d2d653f1c2c,Assistant_Manger,17
c97eaf25-05e0-474e-a389-719ce827cfdf,Employee,15
67cfcf30-8fc2-4562-852c-56734a0976b5,Worker,13
ed02113d-0f29-499f-b807-dc7ae5f4294b,Manager,19
f0607eaf-6afc-4305-9470-d7977c99640b,Employee,15
c09006bc-b192-4fc5-93e8-de363dab775f,Manager,19
c8789448-de44-46fe-888c-4feaa36bdc51,Employee,15
8c461139-916b-40c6-b8eb-5fe696ff3067,Staff,10
2f15aa8c-3727-40dd-b198-0d00d31a0247,Assistant_Manger,17
7eb602c0-6da9-4ee4-b0f8-77a07c8d1995,Worker,13
a8bc956a-d682-404a-a277-e68c77105b36,Assistant_Manger,17
218d7324-d14d-4369-99f8-d954ceec4d52,Staff,10
ff48f163-dc0c-4695-b9f3-dd743fe7ee5b,Staff,10
c14154f9-057d-4685-a262-9195211f8971,Manager,19
cebbc63a-8aa9-4630-8b66-387d19d777e5,Worker,13
0ab874d5-381c-4f6c-89f2-a9248df0798f,Worker,13
755e65f2-e3c0-4321-850f-9a13739ac9dd,Assistant_Manger,17
cf8f9dc0-f7d7-48b1-a383-3c6d8e0a0842,Worker,13
a610137e-ab51-43e8-b157-1c88ac38d37b,Staff,10
9698170c-9182-4d51-b47c-527e6f6c2172,Worker,13
a4a4b869-010f-47b6-b4c1-95bb0534509e,Assistant_Manger,17
ad1e701a-7149-4d79-8c97-5b0827924d65,Manager,19
119e042c-8e7a-4c45-87af-b9afc387d713,Staff,10
a4dfeced-76f9-4582-ba33-3fb35dd29ab3,Employee,15
936ff9b6-5033-43ab-bd91-4c8c14f14b13,Worker,13
2a8b4e11-09e6-4caf-9118-671ce7e4016d,Manager,19
4fae58f1-3718-41d7-9247-09b3845f4903,Worker,13
576555d4-f7f6-4739-b6ea-543daba84d8d,Employee,15
39e45bb3-60e7-49e0-a87e-7b53d9cc942d,Worker,13
406da350-a750-41c4-94d2-e8404fe9cbd7,Manager,19
a3123b21-07d9-423d-a981-f9660ffd189a,Assistant_Manger,17
eb058977-aa1a-427a-b890-07dd0e9b90d0,Manager,19
7ca65c09-fded-464e-9174-dba08235180b,Staff,10
0bc767f0-89f1-4daf-aca5-10916628963c,Assistant_Manger,17
34d77c1d-81a5-45d4-9c27-273849e6bccd,Worker,13
05dde41c-137e-4197-bace-c24fb1941632,Employee,15
3b207b96-0034-4bac-a963-f09bf5e0c4da,Worker,13
96872f69-39e8-48b1-81b1-6af8ee9a9d21,Manager,19
f5d89137-ac9a-4e5a-ad00-a8aa72290934,Manager,19
11dd15af-e9f9-4a9b-b0bd-c685c0828edc,Worker,13
4352f7ef-06f1-4e0f-b3af-03718dcb5715,Employee,15
eb26e525-bccb-4b4d-bd8a-0dfe4343f4e0,Worker,13
3ca3b3ec-9c70-48ea-b336-09778df0c65b,Assistant_Manger,17
d59cfc63-e010-4484-a3e2-f4eeafd90c53,Staff,10
831fd014-5f4f-46b3-b3da-7f97002a1db1,Employee,15
66cdfff2-b89c-4774-b3e5-25ddcc0ab67b,Staff,10
8b0be7e3-0977-4bf3-8d9e-a57391283a6d,Manager,19
2a3328ac-7037-4430-92d7-8af1c8f71400,Manager,19
a5f5e153-a539-413c-a003-222ff31bc1a8,Employee,15
bf5576ba-89a8-45e1-a23a-34e0b547139d,Staff,10
cc351fc5-3fad-44f9-a68b-c706a726f7ec,Staff,10
443d4290-a4f2-42df-90fc-c319b422486a,Manager,19
eb82374c-db57-403f-b9b2-eb1c7432cf7a,Staff,10
9d151487-1804-49b5-b4ca-5aef3893b0e7,Employee,15
86b36f26-7bef-4d2a-846f-025307ff35eb,Assistant_Manger,17
c7e93af5-5862-4f7d-917a-557bc8f0e391,Staff,10
8d2752df-1354-4cfb-bd63-9e58da89bf01,Assistant_Manger,17
8c00f9e3-70d1-4430-a5a5-4f9ad4571cce,Manager,19
b222feec-5b18-4d91-b4f6-47a211ec64cc,Employee,15
f89ea8da-5108-4403-b459-613531ee4a3d,Worker,13
54ed8ad5-03f1-42e5-b08b-ba595737f0f2,Worker,13
4e955de4-3ba5-4b79-b961-2a5121b5854e,Employee,15
32be3d15-4171-423d-b87d-842374135305,Staff,10
34439a1e-de1c-4253-8572-a202edf478e4,Employee,15
b5119975-590c-4413-a16d-2176d9815ee9,Assistant_Manger,17
f796414a-e190-490d-aec0-41ef1761a4ea,Staff,10
f9144fda-954e-4224-b10f-b8782c941dfb,Manager,19
039a0c31-760c-49c9-8cec-3702c71fb58e,Manager,19
cd2ce0c7-4e0d-4d7a-80ea-6cb60bd2ca1d,Assistant_Manger,17
344b8009-60a9-42da-a004-0ebe4f5500b8,Worker,13
a022ade6-eb7e-46f9-bc32-043fd2644e81,Staff,10
d8dbd8df-987b-43a5-8cfc-ed426171faa4,Assistant_Manger,17
92f7898b-a337-4f48-b158-95d653bed77b,Worker,13
5d8cc4ed-07a9-4eac-ad7a-41d4d6db2fba,Manager,19
982bcd0d-01f9-4469-8b15-dea59b8b3ac2,Manager,19
495e92ff-26de-4d90-a14d-0681cf246ee1,Manager,19
5e42192f-e596-46b1-b94e-7f8993637654,Assistant_Manger,17
6b9b4e45-05d5-4acf-a92f-2dbd4d8b2321,Manager,19
45d6ff82-ec91-4a82-b86c-6a2513ca8bc1,Employee,15
30f5c823-22c4-491a-ba48-bcd05695c984,Employee,15
b5d4821f-6a5e-4603-b214-a56b4e066471,Employee,15
c3497a23-f6d3-4134-bb87-29b172af1fac,Manager,19
e10a0017-2fb6-4ead-b951-d05ed4433522,Assistant_Manger,17
ae2dff9b-676c-4dd5-a753-3f7708c93ded,Employee,15
cf220e7c-4b1b-4c2e-b259-78c1d3fd6aab,Assistant_Manger,17
bba0e389-e43f-4e41-a1ba-4a16afaa7147,Staff,10
6f8a4979-a3a7-4eb9-b2c9-a5a21d1380e6,Worker,13
cd0e8353-7c62-4211-a443-332d5d97e9bb,Manager,19
1bdfa6cf-c140-410e-a11f-a9b2a3516827,Manager,19
05a18f87-8128-43d8-8a56-0a64d0c8c94a,Employee,15
11686068-53bc-4dc2-b3d8-7cded0ae4158,Manager,19
3dff83f9-3869-4655-8448-fbcc78afab41,Staff,10
c33f4889-b13c-40c0-9515-ded022bc08df,Employee,15
f813df01-032d-4984-bc5c-6dc591cc1f73,Staff,10
f05901d7-ec8f-47d2-9537-adac8f9717ff,Assistant_Manger,17
99b6ae6c-20e8-43c5-b2c6-d5d94e770e51,Assistant_Manger,17
db41cb26-b988-4507-aea9-2b52cce3bc58,Staff,10
78a924b3-b1ed-4972-b398-837effb15d2a,Staff,10
251d179b-4de2-417b-b1c8-9306dd048a77,Assistant_Manger,17
6dbc8f6d-ee12-4d29-909e-1170be768c2c,Manager,19
0b5ee5d6-254e-4b3a-b4db-aaa63a12188b,Employee,15
4de16646-11fd-4fcb-99c7-01a07fdcefdd,Staff,10
00d30f1a-a5be-49d2-b90c-e65190717939,Manager,19
c5d0171d-6ccd-4ebc-a5b3-bcf42d6a7ebc,Employee,15
a9e5a080-7c37-41a2-851b-0d5ab6faece7,Employee,15
a1d2b128-b4b5-490b-bc7d-165afcdc5b6a,Assistant_Manger,17
f272b7ec-04e4-4f74-9e7d-4a7df2b690c8,Employee,15
80282a6a-b15e-40ea-a609-6e3aa80fa510,Staff,10
9d98f194-be0b-43a4-abb2-77eb33ff69f0,Employee,15
74a6cedd-9d8d-45ea-b5b9-d0672f8605b3,Staff,10
f424336e-94e3-481a-b662-2b76633c952c,Worker,13
dda9ed12-1405-43b6-9ab2-cf04f8d46253,Manager,19
5344e06c-ec36-4b55-bbc2-0a32236765c4,Staff,10
3ef1a3c6-bf1f-4d64-8626-44617ef65710,Staff,10
b4ee59cc-61d4-4915-befd-3199c4f9800b,Manager,19
a2f725a0-6dc6-4381-a91b-aa18243065e4,Worker,13
42a0b01d-76cb-42f3-8d8f-6993cac8597f,Employee,15
62a520ec-921c-4db4-8f54-b1fdb408bd9f,Staff,10
13004352-f265-4e23-8cee-a40fa8c737af,Worker,13
d61505d3-4df6-4d1a-b8aa-f6666d8e53a3,Manager,19
6fcf48de-4f96-4340-9e63-95eb1e783886,Staff,10
da7d4248-59fa-4faa-885a-a04fcf9cd131,Manager,19
ce14bb16-f08f-4f75-b47c-385def0bb22d,Employee,15
f0ba5ca2-798d-4bd8-8c30-f757495471a0,Manager,19
5f79039b-65d5-4923-989a-24d6394005f6,Worker,13
5f4420a0-82b6-4fa8-a58a-eeff33282445,Manager,19
b8af676a-03cf-45fc-8918-b8ea923a42e4,Employee,15
1e6866e6-e6d0-4e18-8aa2-98b6f13ad348,Manager,19
e7daec87-18d2-4c47-bee1-1a23fa8ca799,Manager,19
e5b6e3f9-8e14-41c9-ac59-51186fa26141,Manager,19
1e27a8a6-a7ea-42c6-9678-5fb3342b04e6,Employee,15
33f3de14-b647-486a-b70f-36e1838d9d73,Employee,15
039da522-de47-4425-8627-8902980c6814,Staff,10
f56ddc32-418a-43de-9fc8-262ca4185cb9,Staff,10
a36536b1-e63d-4f7e-930f-9caa2dae0323,Assistant_Manger,17
57226421-105d-4efa-ab83-baec9e828780,Worker,13
6cb681c5-26ba-4337-bfc7-746de77d292c,Employee,15
c3f0f186-1561-4295-bd91-8607517de701,Staff,10
f41d6917-003f-46a9-bc34-116e8a7b5e00,Manager,19
eaf61239-46c7-441a-a721-c38a84d24778,Manager,19
69e6de54-2490-4379-ad4a-adb8451a2f4d,Assistant_Manger,17
d88704fb-ac7e-4715-83e5-1f9b3fe112bb,Employee,15
167474d8-2322-49be-ad5b-6a127b982f77,Staff,10
52345d7e-3370-4c0a-b4e9-19522d91d4c0,Assistant_Manger,17
e3612eaf-fac1-4cb2-a86b-5d69f72cd3a1,Staff,10
3c192cc4-a355-4b7e-8ee4-ab5c2b3d0564,Assistant_Manger,17
6ce11173-3f6f-47c4-96f3-37a164f45750,Assistant_Manger,17
9aea764e-f14f-4dac-a2e0-56461f8964aa,Staff,10
056b4015-2e24-483f-b7b8-842a97c93a91,Staff,10
329fbb72-453e-428b-9e8a-4c0b75d04d0a,Employee,15
f0c77e0f-1ea6-43bb-b47d-50e1f69701ab,Manager,19
7bc6bfc6-ca82-4d81-93c7-a7a56c1f1a14,Worker,13
99e947b9-7ee3-43ba-8441-3ec81079f074,Worker,13
a5bc8f09-6b63-4b38-8cb3-83ef40853b90,Assistant_Manger,17
ffca0982-7ecc-47fb-bca0-0e2039c99fa5,Worker,13
d06120e2-33ff-4270-9f86-56dfe7f887e3,Assistant_Manger,17
35f7ff72-c543-4fd4-9fe0-b250d15e2966,Employee,15
11533a71-d9d3-470b-b788-04410538fc5f,Employee,15
5b3a767c-900d-4d51-8ba1-8a8a0de4d2e2,Manager,19
7c11f634-a125-42ce-81f8-8dd7a2803d33,Manager,19
129ae498-869a-472f-b3e8-64d22b3e1489,Worker,13
78875b96-3c7d-48ca-accd-f5b68d3a93e9,Staff,10
25e35828-6fa9-42e5-9ef3-6f45eaf7fb8b,Manager,19
d6fcfd4d-0b4d-48c6-893c-2cfeb6c29938,Worker,13
b2922bb1-d781-4e6c-9ed5-8ce865b4c5e1,Assistant_Manger,17
ad06daf1-5549-499b-bf50-dcf7d7618d1b,Employee,15
8f9cf485-b1b4-4e93-b488-434f2e547c3f,Manager,19
90ab256d-4cf0-4c85-b459-96e3b1544675,Staff,10
0b36219a-8f3e-4ab7-9880-15bf6c1c04e9,Manager,19
0471ad0c-4de0-4841-9db5-596ddef2e028,Staff,10
a8eb52ef-e57a-4e0b-8436-ea51b50259ec,Manager,19
da35ab45-16bf-440d-8432-891bcf56c7f9,Manager,19
1eb99063-be94-42c7-84e8-f273977e9b57,Worker,13
6c4bde81-056c-48e6-b016-27d04b85fa77,Staff,10
e4293720-311c-4b43-9664-a837cde2db96,Assistant_Manger,17
dea49a7d-7243-40d3-96ed-3ef41cd3ea4a,Staff,10
0509e92e-49c1-4654-8136-2dc19e1e05ee,Staff,10
b24db02b-1d1e-4149-a337-3e855096e458,Manager,19
962d9223-fe42-4390-afe7-e0a443821493,Worker,13
16df6bc3-55d5-4c3d-b275-695ce38bcf34,Assistant_Manger,17
3da111b5-caa0-4668-92c7-b92570f2099a,Assistant_Manger,17
278d3ba4-6f31-47e8-9336-951e249e4465,Assistant_Manger,17
fcfeba61-932c-4b80-acac-41e0d2dceae6,Worker,13
a1be9d64-ff62-4dbf-8b55-1ec1cb3788bf,Employee,15
19024203-74c8-43f4-b181-cd79402ff576,Manager,19
77990e93-862e-4354-905a-9d357d70027d,Employee,15
0d7a72ef-2a5f-4b7d-a411-caf6335f1a4b,Manager,19
27c958d8-6357-42bd-8cbd-94b8f4cf302c,Staff,10
3eb1b743-4dee-4789-a4ce-948f4feca7aa,Worker,13
37609483-6c3b-4cf5-b162-99b62d4298d1,Assistant_Manger,17
898a4e76-9536-4aff-962f-f67a0c7cc539,Manager,19
413c4c7f-8363-4602-92ab-70ac9655b399,Manager,19
f22d92d8-6374-4601-843a-05cdfeece2f2,Worker,13
2d1bf0f2-fa6d-484e-a441-2ef5b9209c86,Staff,10
1d2f342a-759c-497f-a750-dc95ade191dd,Manager,19
46f7f9c7-eb04-4db7-99b0-8ca6aa1dd521,Worker,13
15c80a84-eafe-4c8f-b056-ba72db72cd3b,Worker,13
65f2fe3c-5f10-4ee5-93da-d2e51a189306,Manager,19
c7a1040e-1983-42cc-853f-ebd2c883ae38,Employee,15
282a175b-2c25-4b02-b69b-843343864650,Manager,19
6aa35873-1ce9-431b-9df8-1dc32975956c,Employee,15
4a9405d3-bcd8-4431-ba15-b2495f09ccec,Employee,15
3347e5e0-dc26-4f1e-958e-c87b304f4a72,Manager,19
5b909688-c7c1-4608-adfa-5e2d8e896a1b,Worker,13
d6e2ceb3-1ddf-4bca-a88a-51abb9c7b0ec,Manager,19
75909041-2132-4158-ac13-4852a072765b,Worker,13
43816075-4b90-4512-a353-d77f633126fd,Assistant_Manger,17
41f6cccc-c630-4097-98e8-1dd51fde4b04,Employee,15
564da4fb-d6b7-43d8-b53e-3f058a9f9206,Employee,15
0ceb4097-edcf-4357-b625-6f550bcfa5ca,Assistant_Manger,17
2cbd406e-0d1a-41d2-a7a2-10bebd027699,Worker,13
e02e12d4-5c18-461a-b7f5-5007ed0b645d,Staff,10
7bc90354-35e9-4bc2-ac6d-8eeb6931e5e2,Staff,10
e52f180b-129e-426e-ad69-34875e4baa27,Staff,10
8a4288ce-cca0-4ad2-86a0-a9bf720067fe,Staff,10
a2ed9ec8-6daa-479f-954b-48b23e10aaa9,Assistant_Manger,17
007a2f2d-e13f-4898-8175-3a8067eef13b,Employee,15
f9dbbcb0-67f7-4c61-b6d2-7483b9a8e65b,Assistant_Manger,17
a6ec28bc-0f68-4580-8773-96614aa09905,Staff,10
c69613df-fb2e-4660-a11e-a377553d7154,Worker,13
605c21f9-42b7-4ba5-90ad-1e6a144954f9,Employee,15
ce6c183d-52b6-46e7-9089-acf7e3482a5f,Staff,10
37933693-e3c8-4392-9a96-d0011090440e,Worker,13
f36f1f87-0f5a-48aa-9fec-6061df5cef52,Staff,10
a9dc20db-6c6e-490a-865e-f5f9e13c737f,Manager,19
a9a75555-2e85-4485-88bb-fff1bb8d209a,Staff,10
51718526-ba56-4ef0-a53a-b30248ae7002,Worker,13
7acc86fe-bb1c-443e-9200-fdc8b43ade6b,Manager,19
48b56420-aca4-40f7-95d0-bf46be50f576,Manager,19
240830c7-3b99-4c38-a727-0affac4daf75,Employee,15
062af4b0-8901-483a-a8f8-de2490d3eee2,Employee,15
fe873760-9783-4264-8390-246f75f1c0f3,Assistant_Manger,17
812d4203-4f92-47cb-ba8a-3799adbbeab0,Worker,13
715fd56b-acf5-4899-bb0a-68c8aa002daf,Manager,19
a4f9318f-7a7c-41f4-bf48-d4cd8c3c69de,Assistant_Manger,17
ba6b2e0a-aa0a-41a5-9f3e-80c9aee53567,Manager,19
653e7728-fae7-44e4-91dc-33145b75b87d,Worker,13
9b6140fd-8410-43e7-85fe-6906ae5a4ea8,Staff,10
05a719df-a7fb-4288-870b-8a91efa69e06,Employee,15
b9ad6fd8-4d16-47a5-b91b-132d0d1f5ef7,Staff,10
0ec16eaa-cab7-4699-a0ee-5dc2cbaef258,Staff,10
472c915a-449b-468d-b521-21bcd6edb919,Assistant_Manger,17
59d65542-43b9-4845-bc06-8556c6e095f1,Worker,13
c7f354df-f63a-401a-8ac3-d4905c03a57c,Manager,19
7d70ff60-3934-457c-aca5-a1557c072266,Assistant_Manger,17
c0352eb4-94d3-4222-8322-2364f4ca4c52,Employee,15
e45f1f13-ad14-4601-a5e6-90fe51d19040,Manager,19
04be387f-d66c-47d7-b0e2-7e9f9fa61b21,Worker,13
8938f2e4-d73c-458f-9cf1-63c6a41b9418,Assistant_Manger,17
b1987a37-7510-4860-a8e5-77b739a25eec,Worker,13
f63ef906-c8ad-4ba0-afad-bf69c61918db,Staff,10
a3cbb025-2686-4186-a411-59ea092bdd23,Assistant_Manger,17
4b7a5a51-5849-4fbb-8d2a-f8cd13f91990,Employee,15
0b4a8768-567c-4a3c-9e21-eba0d55618dd,Staff,10
522489cf-8dba-4510-81f0-c34ab0c161dd,Assistant_Manger,17
7e81646f-370b-476b-b2f2-76c4d8145a31,Worker,13
9929636b-b9a0-48fc-992d-9f2f94c5c1ba,Staff,10
9d725461-b45c-4047-8e0c-d6be967b755b,Employee,15
51312687-69f5-46d1-b527-91938c2e32db,Assistant_Manger,17
368f5ea6-8522-4a5d-aacf-e4079f7ad2af,Employee,15
4815aeeb-7b32-4114-926a-0107e68a810c,Worker,13
41200134-8ce0-46e4-97c1-bd4f8964dfa9,Assistant_Manger,17
f3255ab9-3d43-42f8-9eba-41f965f14180,Assistant_Manger,17
0eb66793-fb82-413c-8839-b0fa203611e5,Manager,19
b520ab99-da8c-40ab-aa76-694c0f336af7,Employee,15
28400eda-ff92-4e60-bf2f-01d2716fc596,Employee,15
c982aad0-1a99-4c96-b14b-5698beecd8ca,Manager,19
9d2fb0ec-87f0-4164-a5b8-9120a1114835,Worker,13
886db1b9-9569-4d45-8b37-4e5afea73c67,Worker,13
5d003982-e4f8-46bf-8ad8-e3be3d8f3b34,Staff,10
e7e11d5e-64d7-4ed2-8ecb-f7454bc94376,Employee,15
0ba63c02-d57a-4b1a-9356-77be668f2a4a,Assistant_Manger,17
095b67fd-0d72-4ae8-b6aa-eb755a39b7a7,Assistant_Manger,17
b6d9a85f-0a1f-4f4a-900d-df0213419549,Assistant_Manger,17
042f04ff-8e8b-4590-919e-0f5a0c332c51,Employee,15
52cee90f-3753-4fbd-b1f0-0e75528e7e89,Manager,19
22e4b755-d261-46c9-9e9f-80b79f378903,Staff,10
57b45def-ded2-41fe-9da8-32b184211e04,Manager,19
03129982-ba5e-43fb-98de-7418a958f3b7,Employee,15
742ea98c-4203-42b9-b2fd-b1293b8dbc86,Employee,15
8f5ba9bc-a463-4394-aeb5-8b3e3b4bd9da,Staff,10
149ad26e-e836-4254-8582-cd6fc1d9488c,Assistant_Manger,17
7172d45a-3629-4094-8c62-9a2f196cb47b,Assistant_Manger,17
fbbb4de3-b494-449c-98a5-c411c2a0fc54,Employee,15
ffd88dce-c62f-4afa-97c1-f43e42934d93,Worker,13
f994799e-9605-4920-8d7e-f8aa0bcabb5f,Staff,10
e9a0e640-9faa-4cf7-a23f-95a7087bacb8,Employee,15
4aede18f-f496-4907-82c3-95e3e9b30cf4,Assistant_Manger,17
e67b0aeb-95de-43b0-9611-3c17771be114,Employee,15
49c0cac4-cc52-47f5-b646-a1b981ed427e,Assistant_Manger,17
71acce10-8e55-4b0e-9aa4-f7c84cf58266,Worker,13
361570e1-6fa1-46d8-84c3-22d87cce2df3,Manager,19
1b613b3d-4c64-4b87-bb87-c158dfd513cb,Assistant_Manger,17
8db8907f-60a2-478b-b185-7e7eef37f202,Worker,13
d8f645a4-385b-4104-add5-53207faaba29,Employee,15
c58db5c1-3b53-4dc6-bcd3-ed9f34c9e0a9,Employee,15
fd09ca49-1f52-4193-a3dc-0a4c114f2651,Employee,15
6f618b2c-eac6-4841-ae2f-42ebade6eb69,Employee,15
0b86e0ec-5c85-4026-8af9-90975be27eaa,Employee,15
2ede65d9-1d8a-4d8e-b628-e7f038f95589,Employee,15
b5cf39fe-e17d-46c0-860d-dd07bd46bab9,Worker,13
4c9681c0-52ff-448d-a845-3728b9e6bd1d,Assistant_Manger,17
c9ff53da-80f4-4e1e-9fe0-d89fab793676,Staff,10
6f8ebe8f-468c-4a8a-a451-9e14fdacdb0c,Employee,15
51139654-5e08-4fac-8034-6566c333558e,Manager,19
3032ed42-6600-42bb-8303-6ef285e23eb4,Manager,19
441669a7-d6e3-412c-91b4-f69de7d8c140,Staff,10
1489ea1f-64ef-4f96-89b5-aa9fcf971ab9,Assistant_Manger,17
84fc2b34-5f50-4c4a-86f2-69c368b3baef,Employee,15
2ecbb331-c97e-4bed-ad9d-da422d3f3f1c,Worker,13
e7faf469-25b2-4b6e-b8ba-a1732f2cd0ea,Assistant_Manger,17
898a2457-c167-47ed-b4d4-34517b2e4f09,Assistant_Manger,17
055cbbcf-d9ef-482c-98ac-b2c77bb66766,Assistant_Manger,17
d45c0a18-02eb-4252-89ae-9c36d3f161f0,Worker,13
302d7ed3-af26-4fc2-84e7-eb59c9db1648,Staff,10
80ead699-fd12-4b6b-bb4f-8aeb4183497b,Staff,10
e8dca2dc-0415-45ea-a9b6-4be3080b1225,Worker,13
4a767b21-cc12-4db8-b30e-c53260d63790,Staff,10
bef1c316-7bed-4d65-952d-26900b433663,Assistant_Manger,17
2a7fffc5-065d-4bd0-869f-d28330b810e5,Worker,13
00ef7e28-0dd5-4f6e-9368-791a62a0b2a9,Manager,19
e1eed691-332b-4ab5-8b66-cb511eb984cb,Assistant_Manger,17
c1dde6b4-9236-46e8-9829-99dc4f1af2bf,Worker,13
7b73f51a-1e0d-441a-8192-0b50779d383a,Manager,19
c0db621f-cb75-4685-9644-cdf18e9bdb86,Worker,13
e43d050b-a8ba-449b-9de1-d794c3418e93,Staff,10
a28e202f-9eda-4509-9270-7d99ee45ce31,Manager,19
4696cce7-5522-4013-bcf7-d93083b41347,Worker,13
5e57cd95-6803-4962-afd2-9242af82f2d6,Employee,15
30da9dc4-15ac-4bf7-9437-d723eee3507b,Worker,13
d2f3f037-f838-47f9-bc2d-2449e6e0d39c,Manager,19
b13be466-d6cd-476a-aeb0-75c15b1880a7,Assistant_Manger,17
b90dcc58-f328-46ba-a5cb-576d08fa8523,Staff,10
05d6a679-d8a5-4e46-add7-5a08e2e78a1c,Manager,19
f631053a-7838-4084-b6f7-d07bb23af9df,Employee,15
00d85a96-00b6-4dbb-9d1d-7fda064bd185,Worker,13
59a4adad-781b-495d-b57a-2816958e2d86,Assistant_Manger,17
b038db46-7f6a-48e8-b93e-562b1e61fc8e,Manager,19
5c1179ae-482d-494b-8fe2-ad5ed86a0bd6,Manager,19
752c737a-0c75-4279-a72b-d4498963fd0c,Staff,10
ccc61820-661a-46cf-8d7c-c80cfdf3550e,Assistant_Manger,17
2b0287aa-2c0b-4473-983f-506edc8ba364,Assistant_Manger,17
5862da03-8317-4208-bd66-7e1ccb2967c2,Manager,19
97a64914-a83e-4cd2-8356-cdb98279b1f5,Assistant_Manger,17
908b6392-a494-4efd-b137-0e9118fd16e1,Staff,10
3d5ad817-f2ea-4f0a-9a5c-b83fe3a83a70,Assistant_Manger,17
8aff6ee9-0fa6-4eff-9197-8a94264f28f2,Manager,19
855f9e7c-107a-4076-8663-50fe41b8e161,Assistant_Manger,17
ceed9714-22b3-4d7c-876e-a446405b74c9,Worker,13
eae51fd8-7682-4db1-b577-e5040015723c,Worker,13
82c74653-b554-43d7-bc1a-8e41a3448df7,Staff,10
bca3caec-312f-4e72-9b49-c8be7ca0115a,Staff,10
5cdb900c-58e8-419c-a36d-8370ad531606,Staff,10
4e0fd2f7-52c5-47bd-b339-b7d8afbd5fc3,Employee,15
f67423bd-677c-4a7f-92ac-36c560b05bc8,Employee,15
0cb6e9a4-99e1-4fd0-9881-d17587059b73,Worker,13
4a0f7630-3942-4a92-91fa-5cba5656c3dd,Assistant_Manger,17
14e9e119-40fd-4f96-9d48-9996200925c6,Employee,15
4464c8ba-f01d-4ea9-8965-cdcb40dbaadd,Assistant_Manger,17
2343b452-dc28-4e8f-8206-a11c569e7275,Assistant_Manger,17
985e2dea-4d4c-4da9-946d-150f07b6991f,Staff,10
da329ae2-b683-47fd-883b-e8d3364345c7,Employee,15
23a08d79-7662-408d-8a23-154e4f41fc05,Employee,15
cca2a589-5982-406a-8b95-efd54d17ea1b,Employee,15
17935dd9-a708-46d2-a2b9-d0448b4df7f8,Assistant_Manger,17
75ec7fa2-b385-4c6f-bc92-3db0396c3187,Worker,13
e314ebad-8816-4e78-afc7-1d111e326123,Worker,13
6d201a4d-ad68-473b-8725-33d72f040dba,Manager,19
218c42e5-a38e-450c-9c47-8f3ddaa9cf6f,Employee,15
5ca9b01a-f075-4684-97d1-bff34e004f4a,Assistant_Manger,17
3b7744a8-396d-42e6-99c5-286ac9d0b2b7,Employee,15
a7369547-24d8-4312-9c96-389be2c2d0f7,Staff,10
01300e4d-ed03-4939-bdfb-a097226ca78f,Worker,13
bc0d2482-00ec-4ee1-a7ba-69dc038a5943,Employee,15
6c3fc1c2-24cb-46e9-8ab9-df41643fcfe6,Employee,15
9997a708-5557-4070-8bd5-588e41872ad0,Employee,15
b026d666-abff-4510-9837-13acbe90bc92,Manager,19
d8b72508-f764-43ff-b548-5f1ac74eddb8,Worker,13
4f7e3f0b-77c2-454c-84de-910d6600e2a2,Assistant_Manger,17
12394bf9-7159-4b39-a0fd-64d0c67909ae,Assistant_Manger,17
3360eb77-eec6-457c-b703-32b561031f1f,Staff,10
b36ae868-c0fe-476e-8e8e-db123e66abaf,Worker,13
949b806e-bbe3-46d5-b6d2-f73f6d8d6c54,Assistant_Manger,17
82c68eb4-5943-4375-aca9-bb27b2e33397,Worker,13
42908fb6-dc87-4044-b96a-3f3c25c03449,Staff,10
c072fbf0-321b-4a6a-9fda-957e6d94c6c2,Employee,15
95ec589e-0881-4389-99ab-b5488ce542e4,Employee,15
de1fc556-4af7-48c4-8f0d-1d8703fc22f0,Staff,10
0b406f6d-c33a-4f79-b62b-a878ad286d8a,Manager,19
63ce0bdf-050d-4e9b-8ad8-6eab21141a14,Worker,13
4edd820c-fda2-440a-94c4-456c80f072be,Worker,13
98af82cb-ae39-4a45-aa18-1e1f494422de,Assistant_Manger,17
1f319a8b-357e-4e0b-a1e0-11b4d06c7d90,Worker,13
a841fb46-b057-49d5-aac7-8654bb0b3395,Manager,19
5cc2480e-bccb-4acc-8c78-502028159690,Staff,10
559f87b6-42f2-4668-ade1-1759f6c5860a,Assistant_Manger,17
d59627b4-e0bc-4343-88da-fdbeaaf0b9f2,Employee,15
328aab40-f41c-4e7e-942c-575b13ccccbd,Manager,19
a2f48a3f-42a9-4306-af0f-4a8b495e85b0,Manager,19
2ae588d7-f6ce-48e6-b8da-91f418c2163a,Assistant_Manger,17
eb498b53-071b-42db-aa26-70ea0969b2e6,Worker,13
8f8ad028-43e8-4272-9062-18d733a2da86,Employee,15
796c7a48-94f1-41d2-aa2a-66de4612d3f0,Employee,15
8f685350-893c-4449-93da-5ca563818397,Assistant_Manger,17
957dbb96-14f3-4974-948b-e48650ad7936,Manager,19
be4c33fe-c28d-47bd-b6b0-bac72374a687,Staff,10
894ddea5-d827-455e-ae33-9944d033d44b,Staff,10
8b38620d-fa61-4589-93de-4426d1f092b8,Employee,15
54e01b02-e0f9-46ac-97a1-d39151e99f84,Staff,10
fcbebc76-c4b7-499e-8c6c-26ecf6f10e73,Manager,19
7391b60d-8cab-4205-a701-316383b91b6b,Assistant_Manger,17
43123466-fca3-4fef-be84-40389ea0113d,Worker,13
b975f362-734b-4c5c-81c1-98d41fdd7a52,Manager,19
2ace2d3c-c0de-4b8a-ac66-0ce04833fb46,Assistant_Manger,17
192afee7-ac7c-4641-9d73-5e464756ab66,Employee,15
977e38e6-a710-4008-966a-6e9d3a2c28a9,Manager,19
34f15075-7640-4fb8-8f60-61b2733a9f1b,Assistant_Manger,17
41c26a4e-7ba4-4bf2-8593-231dc1f6ed2a,Worker,13
aa59cbd7-d3ec-45e2-96ea-ad4d5c1d706e,Manager,19
53a6156d-48ce-4f37-93ab-112b1fe2f367,Staff,10
8991560a-e232-46f6-910d-a24d5eb6e787,Assistant_Manger,17
f9db417f-4aad-4a26-a275-2fc7ab1c716e,Assistant_Manger,17
a74528b6-717d-41f0-b70b-76018335a029,Manager,19
6fdb72ba-5d1a-461f-8352-e3567b0f0052,Assistant_Manger,17
e3299770-764a-48ef-bfa1-5e45beb49c6c,Manager,19
d559b0cd-ad00-489d-9309-f471cd646c62,Employee,15
3dd98a19-8e19-4e09-a766-669fe7daa928,Manager,19
25ae30d8-ae21-414c-b284-fe526f58fca4,Worker,13
09255a23-ca8a-4cd7-86a5-0b668efbf67b,Worker,13
40234d53-1744-416e-a09a-105cb5dcbd26,Staff,10
ce0c7806-9567-4c73-81c4-2ded14e75770,Staff,10
64dbf16b-6892-47a0-8cce-5127c4540008,Employee,15
4b779c3e-1cce-45d7-86a6-25b3f85b8a5f,Worker,13
2fe163bc-7665-48ec-a89c-42616cfee03b,Assistant_Manger,17
81309ceb-c722-4c75-aaaa-c148906b94f6,Staff,10
5d5a3509-dc14-4e4d-a00a-8d2cc7ed6563,Manager,19
86c3c3fb-b7a6-45fa-823a-198dc70bdbde,Manager,19
7db1cf66-c4cd-4a0a-8fa0-87a9055b7ef8,Manager,19
de18f87b-2e2a-498c-9c85-719dd3bad689,Employee,15
b899db4f-48df-4968-9ca3-3a7d94471ae6,Manager,19
da4f98cf-9dc6-4aab-be18-ca6611ce423b,Worker,13
2cace5bb-06fe-4f02-bcee-b6bd2c110847,Worker,13
beeffa31-ad31-4182-9001-abbf9e5d6b47,Manager,19
935b9377-8322-471a-a020-0b817e5f08ab,Manager,19
09e58142-8feb-4f72-8cbe-54cc9a74889f,Worker,13
3d872078-0fe1-4f08-ba15-5816e5ed83fc,Staff,10
f2b47b06-5aa6-47d0-9c14-7917a5f79a63,Assistant_Manger,17
59aa4fd7-1bb5-4a37-bc9a-91dd9c8d2c04,Employee,15
22be7ef6-8478-45a6-9a82-ac4ce7de1f29,Manager,19
8147597e-6a4a-4e96-a883-ccc6f6fe3b7f,Staff,10
c98aa5cb-3949-48ec-8d1b-032e2b1a4640,Worker,13
d4fe7578-3ba4-48bc-bd48-e8e5e4479905,Manager,19
eb744622-c011-4d98-9397-546257f00a9d,Employee,15
6f546578-c08d-43b4-be04-ac50771df7c0,Employee,15
607c5f7c-cd00-49d7-b47c-89c033ed0183,Staff,10
f326d6f4-92d5-423b-8500-bd532f9e5d10,Manager,19
165ecbb1-8977-4d13-bf51-1a6988fba9a3,Manager,19
3a04887e-4207-4a34-9cb3-e3e88b8f22e1,Staff,10
cb92a151-42e9-434d-adfd-58b07efc081b,Employee,15
3b1d8abd-a2e7-42cb-b02e-ee5487a08892,Manager,19
ccf0eb86-2d00-4889-9489-6b3b3479620c,Manager,19
ce0e0700-2a4e-4d42-abf8-15272c1222fb,Employee,15
49e342a5-b950-4029-9379-7b14286a521b,Manager,19
a1c98aa5-9060-447e-9db0-e89491f85730,Assistant_Manger,17
baaf4395-b9f6-4819-96a1-0308517fcc06,Employee,15
c5ab0596-51c9-4e13-98f9-1ea87e772cc8,Assistant_Manger,17
26b22162-3297-4b5c-9391-9ef14def3689,Worker,13
293349a8-0fad-46ea-aeb2-e0aa1fdab925,Assistant_Manger,17
7a2fb5b6-4ab9-49d6-8d85-889f48b8adfa,Staff,10
fd688db1-5f62-4e16-9fde-38e2b8f6dc49,Employee,15
ff0ed5a0-f1b4-41b5-adc4-2ae626ae2a79,Assistant_Manger,17
4035dafb-99e0-42ba-90be-0a8efcee6f50,Assistant_Manger,17
9adbf425-381b-4595-8249-ed6ad9b7395c,Worker,13
81be42f4-271e-4ea2-af6b-a0c05ae80a5c,Staff,10
03b6c754-7ef7-48cb-bd87-5533a87e454b,Assistant_Manger,17
1c6a9211-c100-4507-836b-dfb620dd8977,Staff,10
df9b01c3-3d4e-4424-b708-014b01fa7cd1,Employee,15
5b8833fc-af0e-4745-bf29-ceac12fa143d,Staff,10
dde5db89-ef62-44f0-9b8b-be65cc9a8c13,Staff,10
d5ca62e2-7975-4ce5-b244-6cf87dbc152f,Employee,15
c871ed0a-70f1-4749-91d1-4f6cf7a1272c,Worker,13
50c42d17-2f0d-4fa1-a813-a93bba01e8f0,Worker,13
4df60f11-c99f-4cfb-90c3-f5205932cea9,Assistant_Manger,17
ea467b3e-b388-4424-93ce-8f40a1856055,Manager,19
5a710a11-5ffe-4ed1-886d-7373c29263f4,Employee,15
c71862be-741c-4a73-94b5-ce1aeb40d0de,Worker,13
51bb0c67-cfc9-4033-a2e4-a3e924defea7,Worker,13
33a394a0-02c1-4305-8ccd-fd9dcdbdc4bc,Employee,15
528c530b-449a-4f6c-aa4b-b4d03cff5f80,Assistant_Manger,17
89cae1bc-4729-4c06-9711-1b869e5b9b9f,Worker,13
3298b71b-79db-4c50-949e-afb5f6907b5a,Worker,13
7bc7d9a2-53f3-4bd7-81d1-e3a577beec56,Manager,19
7894c4ea-50b0-475e-92c9-c4994e4b82ad,Worker,13
4aead9ac-e6d7-44b2-8ee6-bb4f90960cc2,Employee,15
d9f6783b-751a-43b0-bb9a-e7d4d7b9d7bf,Assistant_Manger,17
f28e6589-552d-497d-bc9f-5e45a5574fa2,Manager,19
f7aaba4b-8348-4686-b233-78824dc71d2a,Manager,19
7caf278d-c122-4004-984e-e1f9c9317c18,Staff,10
dec3ac14-49e2-4170-8cc6-f79460c3a86c,Manager,19
7b100b9e-6a3e-4f11-b19a-bb0be5269425,Assistant_Manger,17
809fd2e6-71e9-4580-94a2-64ed5b1b87bc,Manager,19
da6d1fcf-56ae-4a91-a4a6-f8939a8cd53d,Employee,15
3ed1789c-32d5-4264-a5e3-6f36accf9103,Assistant_Manger,17
34430338-8bdb-45da-9a4a-b67552fab47c,Staff,10
93cf76c0-53a9-4d7f-9f79-d76af2058b6b,Assistant_Manger,17
80998750-f9a2-4110-8b1b-e82f332f91b3,Employee,15
e68d43d9-c511-4380-9b94-fb9d34e9618d,Employee,15
0cd402de-d8a4-41a3-89f8-f0acda8dcca5,Employee,15
970f2575-7b6e-4533-8585-2a7ccb0854e7,Assistant_Manger,17
2f24c9d0-100b-4351-8335-9f661d3df4e4,Staff,10
bd2251ab-9a69-44a8-8250-b96a1e5fb68a,Employee,15
ac9c6558-b297-44e9-90b8-5b3976089aca,Employee,15
64a01924-a968-49eb-92c5-f62f8aad90bb,Worker,13
8a69d205-4ff7-41c6-8ece-ce3d13bac563,Worker,13
91b299ba-07bb-434e-bb02-7fc734efd7a8,Manager,19
0d45bab7-1b5a-4313-8205-2f643a919166,Employee,15
19ba5ccd-bc11-479c-a011-096ebc4c7c85,Staff,10
5ad7e7c0-c208-4dbc-8dec-97012479684d,Staff,10
672a18f3-a6ca-4a8f-982b-412ea3606a60,Employee,15
1634d157-856c-4659-a56d-91884f92de2e,Assistant_Manger,17
ad4363c0-fb07-48d3-90e2-2ad21a1373c7,Manager,19
3c6fce18-3ee4-4856-a151-07697aedb459,Worker,13
61d1cb2c-2617-4285-84bc-e337916d73a5,Employee,15
9c734e55-522f-4dc5-9be2-bc50969aa8e8,Staff,10
e52015cc-0a9d-4567-807b-a8f37435d02b,Manager,19
423937b1-3c5f-4f8a-81a6-6d124fb0cf19,Staff,10
5e2f2523-bda7-4d36-bc2b-b6948acf6606,Manager,19
4a4fa214-1fc9-40de-94d1-f25a159207bb,Staff,10
681741ef-34b9-4a6c-ba2e-e50daaffc05e,Worker,13
c7957eea-3103-4d23-b57a-7af1d7dac1f8,Manager,19
f9c20584-431a-4c8a-b217-9d95ed44f6be,Worker,13
f32abb3f-2eeb-4581-b6d9-44273d9e961f,Staff,10
3973e1a0-bd89-4720-90a4-bbd8a85bd020,Manager,19
dd8e4c76-b95e-45e9-9b5f-abccf4bc1331,Staff,10
5141ba6b-90ad-49cd-80e2-b966cf4e1f3c,Worker,13
4998db51-2a76-4c1f-b398-2ad090b43692,Manager,19
0804f355-63ea-4c5c-8ba9-fe5c147d364e,Staff,10
ec98e13a-9d48-49ee-8dbd-24b9f0342f2d,Manager,19
01e1252b-9586-4098-9f30-09473f43ce19,Manager,19
6a52a757-a57d-48b0-b50f-c631dc0931af,Worker,13
792ebde2-fe8b-4e47-8675-9c294a28001b,Manager,19
fe6e5f62-867a-4104-a667-2b6ee81b1e57,Manager,19
cc45a050-41cb-4fbf-9a45-1876301963b7,Staff,10
fd03529e-a580-42c3-a407-63900184be76,Employee,15
33d549f0-91e3-4252-9ef4-5f8551633264,Worker,13
ac5c3270-2f60-410b-84dc-c4f4e5c44620,Assistant_Manger,17
03d4eefe-d2fd-461d-b8c5-8419ec6d332a,Employee,15
d4bc5eef-f243-4fe8-944a-b9593aca397e,Worker,13
f60eb946-e00d-4eb7-97a4-e4a36fbfb302,Employee,15
a3f0dd0b-6f82-4cd8-8459-fbd7f12001fa,Staff,10
92e11e67-fa48-4425-87af-5b7bd9ea6047,Employee,15
c8296c1d-a3f8-46e2-9786-3e17df735a4e,Manager,19
0a32f3f6-14dc-4031-b81f-8dad568e4c15,Employee,15
679ad4da-724a-430b-9236-2557c5bbb301,Employee,15
b08856e3-5395-4eab-a01a-71b73c339c3e,Employee,15
888fb4b2-0b98-4870-a32d-f97d7a3fdcb3,Staff,10
d518b517-fb9f-4218-ade6-67ec17da14f3,Assistant_Manger,17
7e9a49f2-e9d0-4e8c-8878-0471e42a6ef3,Employee,15
b1d69395-c4c3-4b01-8a77-3c15b9c3269f,Staff,10
fb7ee271-b52d-4612-b10a-3eecde8ede3a,Manager,19
c14bef90-8883-4d1f-b6c6-5a8ffbed9075,Staff,10
f9779ecb-5183-40b9-9fd2-69bba5a3be25,Manager,19
f4db3dc6-d3cc-4377-b747-23360d9c21d1,Employee,15
02e5f40e-9758-45a9-b0c0-642104b46f67,Staff,10
23ffa4fc-b560-4526-9992-42556bc82932,Manager,19
ef0eaf3e-39db-4358-b862-eeb2d8911a86,Employee,15
64e9be0f-2e35-47bf-8c0a-fdbf4dabe4b5,Employee,15
f015709e-0a5a-4aaa-b60b-232c0bea9e73,Employee,15
4aafc498-1c1a-49eb-b188-7040993d4f23,Assistant_Manger,17
32cfbc0a-7962-4b42-88ee-21b218769b13,Employee,15
a345d168-f20b-4aaa-b232-1ed646ac53b2,Manager,19
47d6f879-be93-4c79-90c8-d89817acfca4,Staff,10
540c5739-f3f9-451f-b570-2eb2ab80aa38,Employee,15
e4da708d-d36c-4a78-992a-9f50a17d9469,Employee,15
19528971-f2f2-455d-9d6f-0c49e3d730ce,Manager,19
ecfa696f-f51b-4f7d-984f-1ee87458e72c,Staff,10
b1c2c9e9-49e3-4803-baaf-d499f5482c7e,Worker,13
7fc2c5be-1adc-44ef-8ca9-3d54e9f9006f,Employee,15
97a64181-eb7c-41ec-b78d-fb283ec30dfb,Staff,10
16149f03-5db4-4d6a-b027-ebaca80fa89a,Assistant_Manger,17
920f6b18-5422-48ea-b87b-8469eff92029,Worker,13
7502e3ed-42c6-4ad6-9467-30ab425c5d47,Assistant_Manger,17
a27cd1cf-37ed-441d-8cd0-5e2ae8d77e26,Employee,15
a171b477-f2f6-409e-a438-a1f0606515ba,Manager,19
38417eb5-1d64-4c70-a4b8-2b3c492fa234,Manager,19
34902890-3ed1-40f7-aa16-998ad1f06d6d,Manager,19
fb55a705-fd39-48e3-9e93-a707fda19742,Employee,15
9dd1becb-2c22-428f-ab13-0b520d2c083f,Worker,13
40a9b99b-021a-43d8-9e6f-6f5d26ffa84e,Assistant_Manger,17
5920bbca-31cf-4bb5-91b4-60db6939d58f,Staff,10
44770b99-4897-436f-afa9-2c425270a814,Manager,19
dd71f833-4420-417f-91bd-ba91da39b6b3,Employee,15
36e1dbc1-fadb-4a83-b865-82b5a0b7fa8e,Employee,15
9dfd2ef2-d87b-4c85-96ea-af28b57f7a55,Worker,13
655ef0d0-c734-4fd5-9397-0073b5ebf2e0,Employee,15
8c500221-d0e3-4432-a093-e56e2066f2ec,Assistant_Manger,17
1f3900fe-8eeb-4ea9-9557-9db1d233ba64,Employee,15
ba09c3d5-24af-4e0f-a4eb-1b4986097fac,Manager,19
2c8d381f-84c8-4813-ae12-39f5bde7394d,Assistant_Manger,17
23e2edd6-3cf2-4577-a8b2-48a1a41a18b0,Staff,10
63ad5669-cdcb-41a9-a975-33fff09003cc,Assistant_Manger,17
9409f237-a50a-4db5-b001-eaa68323bca6,Assistant_Manger,17
c07dc740-fc5a-4719-acc2-b99cd007a0d9,Worker,13
3a8d88bd-7d4c-4f7d-8e4a-be35fcdd6b97,Worker,13
6b866899-a82a-4a36-a636-11232a0011c2,Assistant_Manger,17
3c10f1f5-e9cc-4d6e-ab4d-10b839ab4dc5,Employee,15
ed307d73-d164-49fe-b96e-2c71939bbe89,Assistant_Manger,17
58c3544f-9203-49b2-8b7f-e30ff3a31ebd,Assistant_Manger,17
da0b1a8c-3ce5-45d1-b1a4-1d5cab056ad5,Staff,10
6d2e8848-860c-4340-b7ab-aeb37d1d9d46,Manager,19
edb6f074-d089-4643-9d91-91fd0999c794,Staff,10
b46dcb0b-873c-40b7-a551-e4ed05bc2c74,Assistant_Manger,17
4c407b9b-ba29-40b1-aa82-6857060c4e3f,Manager,19
26a6b77e-9b31-4764-88d7-fbe63987c563,Assistant_Manger,17
84f8bf1f-abf0-426d-9b62-e16e9f9a418f,Staff,10
071dcf03-0527-4787-9d2c-437369db2550,Staff,10
fb3945ad-58d1-4d31-bfd8-fb0427a53dce,Worker,13
3ff7fe5e-ced7-4266-888b-1fbf5ffbe7fb,Manager,19
db92d8ac-0b19-40d6-973d-942253a0b4c9,Assistant_Manger,17
355db2d0-6cc8-42aa-b6e7-d61228f818fe,Assistant_Manger,17
7d624730-eff2-4846-8d43-05b91777de6f,Worker,13
f02b604c-149a-4858-88e8-f667b0e18019,Worker,13
c21b13b8-fd0f-437b-b066-d41b24b23c96,Worker,13
484c0325-f4aa-4b1e-be06-32798b204054,Manager,19
b74c2505-0b0d-4b25-8ddc-b22367af8e0a,Worker,13
7b6019a3-1a6e-45d9-a5b9-d9090e4a91a1,Worker,13
40ad93ca-5e68-4c6a-a861-940bec9b21b9,Worker,13
9442a27a-0edf-4acf-ab4a-ed2cecbaf0fd,Worker,13
2d46a64e-f5d0-410a-8d54-3fa8512a193f,Staff,10
d4ca0c75-0341-41fd-8ddf-7c65166eaf42,Manager,19
9934355f-369d-43ad-9b32-c82914214de8,Worker,13
59dff395-f76a-4408-bbae-d24f996dda97,Assistant_Manger,17
e011a7d9-6572-4fe4-a50e-c1b73c7685e6,Employee,15
809de408-708f-4f5e-b5fd-4856f9537dfd,Assistant_Manger,17
927ce555-1030-44b0-9906-f4252cd8bd5a,Worker,13
f99dea29-367a-42ba-9d55-a0e5c5745fd2,Staff,10
336a3b29-07f6-45f7-a22b-c59c7e22d9c3,Staff,10
79cefba6-08aa-42a4-a018-a266b3057f94,Worker,13
fbf0877d-eaa5-4df3-83a0-beaddf98985f,Worker,13
524feb05-b17f-41a4-89af-6a52e4b9bef3,Employee,15
1050180a-d06f-479c-a7ba-d0b55fea5d10,Assistant_Manger,17
5f24d058-b5b8-45ce-8cc1-1083647c5c91,Worker,13
482684ee-36d9-40df-a3eb-5a359a050e17,Employee,15
e524f0ff-7478-4a31-b62d-203244b424b9,Worker,13
e3ed984c-019f-4dca-9c42-4b87baa66d9d,Employee,15
5d81500a-fd8c-4712-9bf0-16c5b525a66f,Staff,10
5abaaba4-8a7f-4efb-9a66-9cfc85636c7c,Manager,19
9ad3e8f6-67aa-4c1f-8897-ca8276f9e41c,Worker,13
6209a390-32eb-49d1-8b62-59b17a409d66,Staff,10
04094fc1-1b31-4fcb-8aa8-ab8fec9486ff,Employee,15
910afdb7-0972-4d3f-9d2b-27a56235aed1,Worker,13
01d5fa14-2cb9-4cea-b0d9-501cad660097,Employee,15
d4e5eb23-1289-4fc5-bcd1-58f02bbff2fd,Manager,19
9320610d-af6c-49a0-8b9b-e13034bc7f53,Assistant_Manger,17
132f1b45-0e72-4806-8b1c-937bd462fdad,Staff,10
0b22f513-4116-4355-acdd-c04fa7b5eb7b,Employee,15
30aeb57a-65f6-43d2-a934-d4b727e08a05,Worker,13
70a6242c-8d7b-438f-a7bb-3820d16d7227,Employee,15
2be7bbc0-ad3a-4ada-a0cb-e2d7705e10f8,Manager,19
1dde053a-211a-437c-b9d0-2a7fba397ac0,Worker,13
8a4e2d13-8fe6-4eb0-8fb1-6c79ab934189,Staff,10
24b504f0-254b-403c-9d06-e0e1d2033b7b,Staff,10
c9c321ea-838c-4a49-9a7a-f245de1a3d96,Assistant_Manger,17
e197a0a2-5ec4-453d-b421-112bdff9ee10,Assistant_Manger,17
a5f4f974-17f6-45fe-a6fa-7e23bdda3ea2,Worker,13
1cffad45-3638-4c6f-a512-6a0885782de3,Worker,13
4f3bbba7-db35-451b-af2c-fe7a3a595a64,Assistant_Manger,17
d928c7b0-b5f0-4d0f-a369-ebd1b4f00295,Assistant_Manger,17
3284efb0-ac01-41ff-b2a2-957422ae4c29,Staff,10
5ae37146-d850-4509-befa-51186c6f9cd6,Employee,15
2bebfc08-23ee-4c00-b17d-8ef58e0f11ce,Assistant_Manger,17
d1c31e0c-1deb-4d8d-afe7-78418c8a1379,Worker,13
ccfa9265-63c3-4d80-ab2d-1263a0d30bdb,Staff,10
4f0f40f5-226f-4e83-88de-2d85b7335619,Staff,10
d78922dc-9022-45b9-bd47-fd5aea1472c7,Staff,10
d72b9622-718d-4369-9d1c-c09381f6b59d,Worker,13
e9de27c4-7947-4b8f-abea-e18d54471908,Assistant_Manger,17
1b77663f-cd8c-4421-8fca-18834256a523,Manager,19
894644ac-4dfc-49a5-b955-94128ae4ca38,Staff,10
c6db9c5b-bd31-494e-bc18-9229a5e8d0de,Worker,13
83e79b69-2602-468e-bc92-c0c7022ab0de,Staff,10
90c7c69d-f55c-40f7-86a9-58492356b8cd,Manager,19
b0cb9a3a-f7bc-4934-8aad-964866a8c836,Manager,19
10011159-29c8-40fd-ba84-ae5f236082e0,Staff,10
45131176-ab78-4670-8cf3-63256f9b0cad,Staff,10
b14ec008-0a48-426a-8b91-b3adc601b702,Manager,19
8dae004c-a4f0-4512-aa9c-89319f390f56,Employee,15
3d743257-adfd-4b2b-8d5d-68ab13f8547f,Manager,19
3e3ab0e3-ae6d-4cf2-ae3a-24540de1ed2b,Staff,10
a1219392-9f25-4551-83ae-7b5e139e1636,Assistant_Manger,17
245c8b47-ac8e-4ccd-ab18-60a37b2d69f2,Worker,13
4d6c60e3-6d3f-4dc1-a69d-333ea117afd0,Assistant_Manger,17
8e59250d-cc03-4f37-ae8e-de57512df178,Employee,15
1fe04f3a-4bfd-4a6b-a50c-e2c6fda9b503,Staff,10
3f382a5e-f024-4fab-8b05-bac1c44e4c44,Manager,19
8d663ff2-e188-45cc-9669-43693796bb8f,Manager,19
0a0bf0c1-8e03-4f5e-a05c-35e6def38dfd,Employee,15
70f67056-2155-42f8-a367-449fed38542c,Assistant_Manger,17
9df55c66-4a92-4219-912c-5dc97e4e783e,Assistant_Manger,17
cd49fa1a-3529-4db3-a23d-c69a4a3785db,Manager,19
c9fb6cb8-96aa-4159-90f4-ccf3bded35d1,Staff,10
60530d87-75bb-491f-bac7-1487a17bc50a,Manager,19
e6d12b27-544d-41cd-b742-fcfe30afc83e,Staff,10
8a9ced12-99fe-48ec-9d34-8458db345951,Employee,15
d595decc-a652-4c32-86af-c6d83228f1e6,Employee,15
e0d89828-3c5e-4134-a0b1-9310db6e4f79,Worker,13
9ed7cd3a-9bc9-4ffe-ae1f-a8514bb371bc,Staff,10
5850f025-90eb-4e38-94ba-2a4bf642cb53,Employee,15
5266fc0a-9ce8-45b8-ab05-80c4853b5a66,Employee,15
6b22a149-1d3f-4ae6-ac48-4f2a37aefac8,Assistant_Manger,17
518d0c14-540e-4859-8b81-50b274e04217,Employee,15
e484145a-c763-4c0c-862e-d6de84e698c0,Manager,19
87063698-8c5a-42b5-8a9e-d409aac1a447,Manager,19
b09246d4-77ea-441a-a3f3-36fd51734ab3,Worker,13
8962e11a-1273-49ce-b682-651484293293,Assistant_Manger,17
838c65ad-1ab8-4c0e-a4b7-875ebdebdac1,Manager,19
9bf7d4b0-a7a3-41da-9afc-273a51c15cf1,Staff,10
47fb2ff1-811e-4793-a67b-12810a378473,Worker,13
7ecbb848-f842-481a-b7ab-bf984fb5d44a,Manager,19
17b5e237-9a3b-4f52-8e67-a890014a554c,Assistant_Manger,17
a0a77eb0-2a20-4404-8a98-c043c96c2b91,Employee,15
48e3de1c-5dab-4f48-8613-c68164fc391c,Staff,10
f80463f0-e760-47af-8844-94eeb4a5e6b6,Assistant_Manger,17
0972c1d9-52a0-4e8e-9393-5f938316895e,Staff,10
f390c37c-084b-497c-9327-7dc1a8f14353,Worker,13
0187552e-4123-4038-859a-07c740f27082,Manager,19
9d5038b7-ae60-4b3c-8507-b5f11b4f0346,Employee,15
6d3cb376-7b76-4cde-af8f-9819dcbf37b6,Manager,19
50b645a5-b359-4c0b-a101-d178738fccb7,Worker,13
dac1b58f-c8dd-46e4-9afe-dfd69a13bc3a,Manager,19
f2f226e9-709f-41fe-8bf5-c471b4e380a3,Worker,13
b2ea1918-64f0-43a2-9173-ecf8c2950ddd,Assistant_Manger,17
cca1d244-51f7-4d38-98cf-68ee7c3ad8d6,Assistant_Manger,17
dec75e74-821f-46a2-9052-71b185ba8f19,Manager,19
64dfd621-b172-4060-8bcb-4053818ceb9b,Manager,19
c1612750-75ab-4f72-8a76-dd89f10a89bf,Employee,15
6e20fee5-f6e1-4440-95d9-f5e9e587f027,Employee,15
8735fe8d-8bcb-470a-b74d-29f6fe121d23,Worker,13
7c42717e-b81a-4494-9ff1-73fbd82fff8b,Manager,19
db682574-d640-439d-bedf-1c39f25b052c,Assistant_Manger,17
a8e1b723-905b-4b49-8b94-4d9430236b8c,Staff,10
fd83d207-329a-4dd9-9300-cce7f68e93f8,Worker,13
9ed83900-6b08-4f57-8f32-a50fd50e9c18,Assistant_Manger,17
07e56918-bfc1-470a-9f59-284a5271d007,Staff,10
41d3fe8c-1367-4eaf-998b-20c0900fcf3e,Employee,15
5248d7ee-bdce-47c1-949c-91c03f456c2c,Employee,15
59aafff3-7167-4e21-af28-287e74beb45e,Staff,10
f15c33c6-e2f4-457c-a61a-86a36fb7e30f,Manager,19
a39fcf82-219d-4e41-a4e5-0ea2005f589b,Assistant_Manger,17
b630232e-31e7-47be-8c4f-1da5ccf8d8dd,Manager,19
117aa309-96d0-406f-8001-e8ee8313d061,Staff,10
a98c6acc-77cb-4b28-b1b5-9a8982ea27e7,Employee,15
c3aede0f-ca11-4e5c-b7db-59d16043cc0d,Employee,15
4cb379ba-86e3-4145-b16e-0b946d5d6454,Employee,15
b5f1b275-fc38-40a4-8bec-14d4e5e5ce1b,Assistant_Manger,17
7f44f982-8da6-44a1-962c-3356034f2cb2,Employee,15
cd2855af-bd97-470f-b72d-30d1cecc507f,Staff,10
94826fe7-0cd9-4d98-9ca5-991b0b5d1bd6,Manager,19
2638d162-05b8-4e95-b9d0-d39d83a5971f,Manager,19
57afe7c6-e803-4ec5-9817-4eb437531738,Assistant_Manger,17
6eb97ff3-bf89-4abb-b1d8-5963cd942f49,Manager,19
ae45cddf-80b4-455a-82f7-661dd66ffea2,Staff,10
27aefd22-d9d3-4b93-aa27-3c1a03cbf61c,Manager,19
a8a96f72-b164-43d9-948a-8d514aab8e37,Manager,19
dfdb44b0-24c0-48d8-948d-fdf0a1821071,Employee,15
31bbd083-e333-4019-99cf-4934cdc284b5,Manager,19
16fde30e-5e0b-45ea-a088-af1321b7acf8,Worker,13
980f522f-fc35-4b68-8b06-4d31764ff29d,Employee,15
4a339dde-7212-4564-8503-d26117c68819,Manager,19
a3892447-64b6-4a70-8629-ac05bf3e2733,Manager,19
01769efa-df1c-47a4-8439-87b9c0be6fb5,Employee,15
803a9789-e7ce-494a-bc07-e44d19fcbc73,Employee,15
f5a326fd-7c25-4a79-9eeb-f76345982482,Staff,10
8c8f9184-6e18-483b-a926-5216e0772c5c,Employee,15
22132336-80ff-48f6-989a-f44aecbc5429,Employee,15
aab3aabf-3e8a-4502-ad61-9484ec58250d,Worker,13
df68a184-2284-43e1-a436-7942406e0fd0,Worker,13
1a6aea6d-2d46-4ef4-97c2-a63771d1f0ac,Assistant_Manger,17
5821e1a8-d01e-4ccd-9d0b-fdfc89ee7788,Worker,13
e8fac0f2-7923-4595-b3f7-5237d41c4854,Worker,13
fbeab396-8f3d-487d-8b0c-984190998449,Assistant_Manger,17
cb79cafe-62a5-4921-8043-8ed96355c81f,Staff,10
0e610608-514b-4c01-aff2-35bf65e6bdf2,Staff,10
3b63b1ec-a260-4f5b-8a24-dfd2ff54fc28,Worker,13
95038327-9562-442a-828d-430f72588403,Worker,13
bd0d3e8e-51aa-4b08-b10e-0a9e60d1368c,Staff,10
6444762a-ab9a-4dbf-bda5-40ebfc23a8c5,Staff,10
c6d4afd9-0811-42e3-a703-0bd53ea8f6f0,Worker,13
f4188980-1247-426c-bf63-667f6a911a86,Employee,15
37e61a53-bc21-4186-8dee-fade708a46da,Staff,10
ce1574fe-6223-4b1f-9fca-5a25e68f5632,Worker,13
2ae0740f-9433-451a-b010-d435855e0aeb,Employee,15
ac0bd3f4-acd3-4e19-9b9e-2e8e8164da1e,Employee,15
ff665088-0292-4700-8296-66ea6acc7a79,Manager,19
def62c6d-b928-44cb-895d-eca1d313653b,Manager,19
126fb467-2f65-440d-9e5a-4f929e2744d6,Assistant_Manger,17
9ae2214e-142e-4f92-8c30-2e4038c60a89,Employee,15
b784fbb2-97f1-4a32-95c9-5064493e70b5,Manager,19
51316a77-443e-43d2-85ab-3571143d254b,Assistant_Manger,17
e3a2d0fb-a5a8-42d7-8d8e-d96b478be44f,Staff,10
2f0cf7c2-3ba8-47d5-9a27-b7033c172983,Worker,13
3aab4d81-5565-4eff-a15f-52ecc1c40360,Assistant_Manger,17
237591a1-9216-47de-92d9-e1cf93246429,Worker,13
405fcd7e-fdb4-4c0a-bd98-e7f8f062b5e0,Staff,10
07e1922d-cba7-46d0-8ab5-88a0622f5a6b,Manager,19
e0b18af8-5ee3-4373-8863-ba728397a36f,Manager,19
d90e7642-ffa4-4610-a975-b6688da8daba,Assistant_Manger,17
5a89bfd4-50eb-4c99-811e-fa1c73ef2cfd,Manager,19
07d12456-7f9d-4403-a415-668a8dbc6d5b,Employee,15
8de55a13-b9a8-48cc-aff9-46a8288f5fff,Assistant_Manger,17
5e92f43d-3546-45eb-b608-1a9a366e1d2f,Assistant_Manger,17
29aff2de-7537-4c47-8a86-007829097665,Assistant_Manger,17
4aac10db-86b6-47eb-b00d-9871d0e32f33,Staff,10
1836b770-3fcc-4ef3-b1a6-579848a8002a,Employee,15
0565d11e-27a4-4a91-8b62-4d8d096d81e6,Employee,15
3e4cab9b-9f44-42ac-8c2a-3e5815390f29,Manager,19
c5a07bc9-9256-4f5a-bbf7-7f1b70d43129,Worker,13
83d06e49-93fa-4ecf-9a22-f0052628a43d,Manager,19
2edad875-ec84-4ac0-a9ef-29043dbea446,Manager,19
e2599950-3096-4fce-a499-665dbaee9879,Worker,13
3bac6f64-13ec-41a9-9ebe-86edd0002696,Worker,13
62a33350-9ad0-4bc4-a8f9-3f83f8343bb7,Assistant_Manger,17
f10b83fc-ca19-4564-a54c-16dcafe38211,Manager,19
4c59fa3f-20d6-41e1-87fe-3b0631b46434,Worker,13
5dd1db1f-30d1-40b5-9dbd-f847a91dc06b,Assistant_Manger,17
31406c23-7807-40b9-aaf6-e93787c0acd1,Staff,10
75870d33-12a3-4021-9535-17ee58ee9e7e,Employee,15
2da8d7c5-0bca-4ae0-b22e-121dc9cc251c,Manager,19
4cdb4b8a-10b2-4575-b218-46ca630fb5a3,Assistant_Manger,17
d25e79cc-b416-4023-905d-8236dcb3c5e9,Employee,15
4b73fc91-abd6-4a28-9cb0-e80a4d0cca19,Worker,13
b6efc9c7-bd01-496d-9a84-1daec68ccd7f,Assistant_Manger,17
7d20ca8e-58ba-41d4-8cf4-230965351aa0,Staff,10
79b5ec1d-b949-433a-bfda-91af9a176d51,Staff,10
ab4c92a2-6f2e-40d0-9de8-6e5ac7ecdb2d,Manager,19
ecc73508-c940-4560-9d5c-23be98c65421,Manager,19
1ec2556e-2f29-4bc8-93fd-775b7ecebb54,Assistant_Manger,17
77f6b125-7265-42f8-8957-6a2b50847b04,Staff,10
631621bf-cf74-45ec-b397-42eeec7fb6c0,Worker,13
d5fde78f-ca16-4266-9d06-d2b5ecadd305,Staff,10
ae843b81-6439-4ba8-9795-9cacee61dc90,Manager,19
a89341a4-dc32-4906-abe1-272b035b9daf,Staff,10
583ca302-d6a4-4773-bdb0-309442d44846,Manager,19
35974a88-3a2b-4f44-9756-206f5b98846c,Staff,10
e4791344-076b-4136-9c1b-28bc8347fc9d,Employee,15
7cf3047a-5774-4ba7-92db-76c625c285d6,Staff,10
f64fa648-1e73-457f-8a5a-d90521e42e83,Employee,15
fdde3bc3-47ba-44c6-b8b1-0dd7a5af3e5a,Worker,13
fda969f5-826e-4355-aa71-c90918c80213,Manager,19
7c8e35f6-eb8f-4c6a-853c-a63662339910,Employee,15
35e7cb8f-964f-41ab-970c-83f3157e7151,Employee,15
2de09acf-bd72-4f14-9645-45578fd91876,Staff,10
7fa5067a-e1e0-48b6-9fdb-9b742ccb59b4,Staff,10
65d99701-85c3-499d-aff6-27af51f18f09,Assistant_Manger,17
8aaa4f2a-c801-4521-ba4c-aafa8d3d6aa9,Employee,15
9cd12ee1-4b54-46e3-8efe-cd527f9c3fa7,Assistant_Manger,17
c16f05ef-8376-4473-9925-3db3c15b40e9,Staff,10
640acb31-4887-4268-a55e-24493285157f,Staff,10
9b072ba6-847f-4072-8985-0c50e0f57132,Employee,15
c228556c-b0a4-4d34-aac9-c494191398cf,Worker,13
7f48de9b-abff-4f24-97f1-be92db97c707,Manager,19
37ff261a-9442-4738-9860-20a34689d659,Manager,19
3d258a73-a00e-4632-acf7-85afd22e5675,Employee,15
f07452ef-fd14-4a9e-b4b2-12109c2117f4,Assistant_Manger,17
51305533-10ce-4a66-bf49-0e17b27f23ea,Assistant_Manger,17
6d4e2352-4134-48dd-aa0a-8e12c0f85271,Employee,15
71f9c1cd-c510-4245-a392-0bb8138db80a,Staff,10
f9af2aee-9239-44be-b7eb-daa7074c3385,Employee,15
4ab36cbc-a20b-4225-b39d-0e9068b16a6e,Staff,10
462eeb63-3111-4d01-93cc-2d43cf4f184e,Manager,19
c17e0346-8a61-4dcf-b24d-679e01e5d16c,Worker,13
5407a825-7601-4a57-b06e-178518e8e9cf,Staff,10
164adead-25b9-4fd3-af2b-d51e4c0e518f,Manager,19
19b5015c-fab9-4718-9502-a939d3269251,Manager,19
786cd0af-e95c-463a-9320-5d6851190f05,Assistant_Manger,17
d65a81cd-61ab-4c35-ad30-6e5796de1224,Manager,19
8318e421-95f3-49ca-a27b-02e7506f2afe,Worker,13
f48dc2d2-f8c1-4b46-a971-ee28be3b097b,Worker,13
04fc430c-c17d-4e46-905f-8b5ba906c34f,Manager,19
d19ce089-05f4-4f31-9110-1075e05085e8,Manager,19
e77618b3-6207-4cf8-88dd-0735b7f935a9,Manager,19
47ba5e48-8f47-4e84-bc04-1961be3b3145,Manager,19
2f9c301a-ea4e-4904-a826-f27461dbe17b,Assistant_Manger,17
162078f1-21f7-41d5-aa02-46b8b1bacf4e,Staff,10
5725fd21-0ebf-44ac-86c5-1d2f54a5368a,Worker,13
b1eecbfe-15a5-4da9-aa49-d3720a9f1c7c,Manager,19
48feca96-3240-40f2-9c24-b882be632d70,Assistant_Manger,17
b2f308c0-c57e-4e08-92ef-7b1ff657f10a,Worker,13
ff049d5e-10e4-40f7-aa76-925338f7043b,Employee,15
12c802b3-5bb1-4382-9513-aec0855847d3,Worker,13
d278fa5f-ac94-4f80-a7e9-61b396f8dec4,Manager,19
091c87f8-1eaa-404f-bae6-0be52cd32ac6,Worker,13
c48d4c09-01b4-4a9f-a3f7-922cfd6c358d,Assistant_Manger,17
21a5321a-ba38-429b-98ff-5d0ca97adaff,Staff,10
f93a44b7-043d-45cf-861b-1eadd154a7de,Assistant_Manger,17
25c17f8a-8875-41f1-91d1-9b8eb6ceed25,Employee,15
acc625fd-7390-4fc2-96e4-cb32e5a157b5,Staff,10
2c2309da-dffd-49f7-8b96-57bcab19974d,Staff,10
bef319c3-40a4-483d-95a7-404f8e349fdc,Assistant_Manger,17
85c0a604-178b-4b27-a4c7-c37adb5036a0,Employee,15
4f66c152-ac59-40f2-b590-f606e15090cd,Manager,19
3b08da88-69f9-4e35-a40c-cbfdfe582b22,Employee,15
11c25aae-70b7-4bf7-a32f-1534d856b9af,Staff,10
bf70aad8-7651-4e48-a456-ceb6a9d0fa48,Assistant_Manger,17
062a8b51-991e-4bd5-9192-988fce4a0950,Manager,19
ea6eae20-0e80-427a-921a-fa41faa56721,Manager,19
a0aaab8d-236a-47d0-86cc-18eeb20a8a82,Manager,19
7306a197-4186-4ef5-abe0-d32d3551d948,Employee,15
caa09889-3532-4432-b01b-023f9726b73f,Staff,10
75b0560d-c63d-4984-ba69-73bacef04222,Worker,13
964a2ef2-ecdb-48b4-be9e-0572dadcde8f,Manager,19
d99d7daa-aeea-489e-aae5-15688a917bd5,Employee,15
0b4a354b-ed3f-4883-aa0d-b5c8c824be88,Staff,10
c05860b7-84c7-4813-83db-5ef6d1dde9dc,Staff,10
039bd5b0-cbac-4976-87b1-57a3c25746e7,Staff,10
92675e76-182a-4599-9154-c3a4599d1700,Employee,15
36e2b53a-c99d-4d05-8cca-e8440d0ab807,Staff,10
c8cc2fa7-6dac-48fc-b17e-bcebee42af62,Employee,15
a4fa3be4-f7a9-4553-a322-12fef06144a8,Staff,10
b435eac0-f1cc-4ec3-b5a4-78db9604ec74,Staff,10
57831993-df55-4734-a517-1c0dbac6c00f,Staff,10
965d9f6c-8b85-4722-91af-ebb95938c86d,Staff,10
0e4d5738-d405-4c53-88e1-8755fa95aed5,Worker,13
6f52b360-f09c-4bc0-a8d4-6c3391a55628,Employee,15
2b4e1309-98c1-4ac0-b732-530ed1c7150e,Employee,15
935614d9-a581-4355-b49c-c6c50dad1cce,Worker,13
6cc053aa-74b4-4d6e-ad2e-37c86f3de785,Employee,15
198d8776-bc03-4f1f-ae13-5bc77eefd204,Employee,15
e81198a8-cae2-491a-90d6-9e243c9d6b9b,Employee,15
7e12c048-5b7b-403a-8717-10f4d2d96261,Worker,13
0ade320a-5279-4daf-9910-c6411b9c39b0,Worker,13
9aa1860f-a988-46a4-8ba8-d8f5fb9a45ad,Staff,10
a73290f7-d055-4a19-b7ad-deac04bfa242,Worker,13
0f6971e3-f0ff-4403-b790-8774228b313f,Staff,10
86956415-e927-4b55-9229-222bf9c8751d,Employee,15
9d2c1b3b-7880-437a-90d1-05bf92a94526,Manager,19
7900d19b-a5fe-4829-9214-6ee44480cbfe,Manager,19
a32e0b4e-593a-4c08-8acc-f7e7914bc7a0,Employee,15
829859b3-70ed-4150-927b-21101826b0d4,Staff,10
529c4f13-f2d0-4f3a-93e2-00221ab06b2f,Manager,19
37dc5139-1456-451f-8ada-28403089b4ce,Manager,19
b41db964-e54c-4f6c-97fb-f820610b0e93,Staff,10
27b8837c-7cb4-4655-b52f-8016505413ea,Manager,19
fae885b9-56ec-48f8-ba2d-0467c6e3a304,Manager,19
9eebcbb3-e31c-4936-9e02-8f87b47f51a6,Manager,19
9f2d098c-fd30-4d21-ad2f-979ce6ffd273,Employee,15
3198892f-99ee-451c-8a82-514bfb339c56,Employee,15
c50001fb-a4ab-4868-8b55-67f532fb570a,Assistant_Manger,17
2356586c-0e47-4afc-88da-5b959c7a9ce6,Manager,19
af73e9dd-f537-43db-81d3-3654e29eef8e,Manager,19
77403b7d-ea7b-4535-a100-baa102334fb0,Employee,15
83f9a99e-58fa-4368-b3b1-19947bc3ea92,Employee,15
8797496c-3e92-4ad5-b142-1f20dc8a1471,Assistant_Manger,17
de82ee9e-c9a2-4159-a4e2-e4b28ec1390d,Assistant_Manger,17
dd3290db-4be2-488b-b6bb-f7d39ce3258c,Employee,15
4b19bdb9-6f43-40e3-a7f0-b44312c65d62,Staff,10
c7902cda-1ba3-47e1-b5d7-f13f510e378a,Assistant_Manger,17
b6c053e4-0bdd-424d-afa3-027b2396a132,Employee,15
11be5087-c368-4e94-9d63-d1c1e1326db2,Worker,13
3dc3fb0d-fd40-4a60-a366-54b4078934b2,Worker,13
3ff797b8-46ad-4748-bae2-184b0795a689,Employee,15
d8dcc9e3-f496-4d40-991b-fbbe6ed266cd,Staff,10
71b98dce-d885-444c-b2ee-0b2fef03d252,Worker,13
72e1058c-0428-48d4-8614-de392f2ba0f6,Assistant_Manger,17
d0dc3eaa-8956-42a3-b05a-637afe25c74e,Staff,10
e1bb34db-2a0e-4397-a4a0-6eccefde717c,Staff,10
35854859-f330-4e33-8755-ef7fc318d998,Staff,10
2afdfe4f-9f49-42d7-99fa-5b09652e9c84,Staff,10
d276a568-8d99-4f4e-97e5-d3ba16e0f4fa,Assistant_Manger,17
bc9adfc1-2542-46bd-adfa-1e18c6b89aec,Manager,19
4b28d7a4-97ad-4b5d-82cb-228b4596e2b8,Assistant_Manger,17
7621ce65-8b5f-4494-a295-d2484566512f,Worker,13
61ed2065-6fa3-4d96-b45d-6ab648b590f1,Employee,15
38ce6c4a-3312-4ec9-bc39-42c24ee792eb,Employee,15
d69a7461-2eaf-48e5-b99c-1821fb443b49,Manager,19
61427a8c-9487-4b42-9f0f-8bccf3cea2ab,Manager,19
caf247fe-0007-4c54-9223-3eddacfea004,Manager,19
86ca4e53-e0ff-4ad7-af2e-0c3f243f569b,Manager,19
8dfaa10a-8f55-4475-9f48-18390b2a999d,Worker,13
55578a64-5f17-4768-ab8b-85c50a0afb74,Assistant_Manger,17
6730ccc7-2504-40e5-8899-a9207bab9876,Worker,13
9921291e-aaf4-465e-8ad9-971bdbbc9856,Employee,15
8f3c55bd-d6e2-423b-9dbe-6b532c8893a3,Staff,10
449ee6f5-b399-4710-8ac6-aad8e54f2fd5,Manager,19
75ce1d59-1275-46cf-b826-f174acc86b0b,Employee,15
efa64967-ed09-4218-bc09-8a214aee4687,Staff,10
620d2c02-63b6-4a7e-9c21-f311d89955d3,Worker,13
e659428f-e7c3-498d-b93d-40246d9af584,Manager,19
99d50961-cb30-404d-bbad-845e59a4ae9e,Staff,10
9bb638c8-4483-4ec4-b8c9-9d98d2b93fdd,Worker,13
48ca613c-39af-4916-abbb-aced76a0cf2c,Worker,13
c949842b-568c-45aa-a84e-5ae7555451b2,Worker,13
3a5d14cc-84b7-4cb2-b5b6-ba3e8195b4cb,Worker,13
f0478504-7367-4406-b5ee-acec2fd485f2,Staff,10
7df5533d-42be-4136-a5e4-b6d4a504400e,Staff,10
2b9e4762-5a8e-4a80-85f3-92e092451959,Employee,15
836c4724-b55d-4a0a-8e7d-a380a4543901,Assistant_Manger,17
15184cab-66bf-47c8-bde2-f9a8ee7da885,Manager,19
4a4c19a9-b357-4c8e-b4f9-2cc73d6fa25a,Assistant_Manger,17
a6e2a04f-c446-406d-a6c4-9c65bdca1070,Assistant_Manger,17
c8d96350-9da1-4326-b9a0-c31542630935,Assistant_Manger,17
717e174a-b7ec-4064-ada7-745fb60d2f9d,Worker,13
ea5624c1-8bc8-4fe9-bc00-02bedb96862d,Manager,19
3a050e80-b489-4e0c-a276-3b04cabe0206,Assistant_Manger,17
b13216fa-a9b9-4cb4-81a5-5735918d63da,Worker,13
475aec53-6ad2-44bd-a7c0-5bdbe58b4a35,Staff,10
bde9de80-186f-49e5-9ebd-45571b2013a3,Staff,10
c0dda94b-e3a4-4553-ba80-4b5c98b8a649,Manager,19
792149a5-8691-4bfa-a245-16be6d237b0d,Manager,19
749b673d-586a-4650-99ad-a8b7a2e3a3e3,Manager,19
7df03591-e7b1-461e-b070-2ba3771dc35b,Assistant_Manger,17
b473cb23-84c1-4a38-acbb-c5e75a20be46,Employee,15
c595c21c-0c64-49c3-b038-faa82ba7bbba,Employee,15
24b7e922-af72-4dc3-913d-0eecfa3129dc,Assistant_Manger,17
4e60b966-c6bf-4a30-87de-ed954c60d21a,Assistant_Manger,17
90ce7185-0467-411f-8808-42477d83b29a,Worker,13
392577e7-101c-456f-9706-bc29345a3aba,Worker,13
a573da4f-2fee-4e37-9762-afaddde955ac,Assistant_Manger,17
16103efd-1d2b-44a1-a55c-e81194a21752,Assistant_Manger,17
fb6abe04-0f82-4809-a49f-840b370be1f8,Employee,15
2f4f6001-fbe0-4e14-9e28-4bf0cd13476b,Staff,10
b0cc5f3a-652e-47f5-a3b0-563ecf79cc2d,Employee,15
7c24d512-a636-48a2-a1e8-c5b65c2dad44,Employee,15
c95f3687-fa28-40dd-8e85-1d84fca73bcd,Staff,10
f14f9583-7c71-41e8-b226-1f39f143e798,Worker,13
3333ff27-0025-4b4e-a434-66094fa0067f,Employee,15
070e2a89-28b3-4ed1-9969-7b57c6140a06,Staff,10
b3226fbd-5b64-4003-94f9-6b5b037e0270,Employee,15
61d71bac-0205-4cb6-928d-1b4ebad54e92,Manager,19
bf5ab4b0-36be-4531-85e1-187d0c13deb9,Assistant_Manger,17
0baaf34d-1857-4a37-b72b-07b1694f7a3a,Employee,15
accc4f9d-34bb-4799-990c-5f84d0ca111a,Worker,13
ec7490c0-c558-4318-a963-395e8f7fb866,Worker,13
3d0c6119-8e2b-4453-a299-a2c3b5b8c83a,Employee,15
72028812-b387-4def-83f5-934ab5594b23,Staff,10
2981bb41-21cd-46c6-b1d6-7063f9e9c92b,Employee,15
a70721ac-0667-495f-834d-d10bc589fef9,Employee,15
41a89feb-d34e-4f3b-b63d-27710dc28cf6,Assistant_Manger,17
572c8dc6-8625-4248-ab72-af860d1b60db,Employee,15
266f8319-363e-4303-8ba0-fa61f0103be5,Assistant_Manger,17
ec24b897-2c13-4661-b66f-8100a3c6d224,Assistant_Manger,17
494e2d02-7a2a-4f90-aba8-fd05e1150c0f,Manager,19
1ac90b21-d80c-483a-815b-edbc9fbfc0a1,Manager,19
1b0f7207-b7bb-4de4-9ee1-b68594ad00a8,Worker,13
57e7527c-fd5d-439a-bc7a-b61fc023779a,Worker,13
8d97dcba-86a8-49ba-8a08-f1e40fcfa5e0,Worker,13
8e90e37a-2089-4ccd-a666-60f392657229,Worker,13
92d8bb07-0b3b-422b-8392-965ca9764ea1,Employee,15
b0bf3586-f091-4adf-ba45-5e3a937ff5a5,Manager,19
bcff94d8-c3b9-49cc-8a62-3fdfec6815aa,Employee,15
30369905-137d-41c8-8f50-d61a4dd0f962,Worker,13
080111af-e2c4-4701-84fd-dc9d9cdc985c,Worker,13
431f4c85-3ae8-4edc-bcc6-4f39f49693a7,Manager,19
5e97f095-e3ce-4043-8213-0dfec40bf621,Assistant_Manger,17
ce653244-dd2b-4e86-a9c3-226e38a65346,Staff,10
777fba94-c0a2-4311-bd4a-a5ecfdf20709,Staff,10
036e05dc-40a6-4378-ab04-a5a2178ddda6,Employee,15
c9a5c5fa-8bf7-49d3-883b-104d9ab2566e,Staff,10
0eaa5648-eaba-476c-8b03-e67f27e65b45,Employee,15
b8bc4e3e-e26d-4ee9-8997-742c0cba78ca,Staff,10
995e304f-1f2c-486c-9dee-c283942c9587,Manager,19
a340d26c-04f5-47f5-a8ca-b87d9b8264f0,Worker,13
0ea87eb8-4c65-46d2-9f33-5d9818947437,Worker,13
da52c366-5b13-48c7-83d8-d723e6c92438,Manager,19
7586b67e-c461-48af-b8d5-a31a09621b6f,Staff,10
90e6bf5b-f10e-4d98-a367-10e2b30597b7,Assistant_Manger,17
a93f1fe4-6cba-4149-b407-56a9aafcebf5,Worker,13
756b0a89-be3c-4497-941e-d242130129cb,Employee,15
cb7ba445-3acc-46e2-b155-e4dbf6e30f4a,Assistant_Manger,17
a14f6920-ffb5-4392-b1e0-7887da4d724f,Manager,19
e7797346-4423-4cb4-ad18-7cf60a88e6cb,Staff,10
a138c8e2-cf3d-4f21-8367-d48ca185974c,Staff,10
58630edd-3f0e-4b2a-8a61-1386e069eae4,Manager,19
fa6e0f56-5a65-42c3-9f6e-44d754805c15,Staff,10
0c7cd640-699a-4000-a10f-3ad8b8eaed3c,Employee,15
b86d5168-22e1-4542-9ead-0480014c2487,Assistant_Manger,17
d894ca21-00c9-405e-8c34-d350f053bf7b,Employee,15
4489cf35-99d8-482c-aea3-e822bb17ec28,Assistant_Manger,17
7c8d303e-63e2-4717-9645-3c174e8640b2,Manager,19
790ae014-6417-4535-aa04-460551b9686c,Assistant_Manger,17
0b93efe8-76cf-4b45-b367-0299d5363127,Assistant_Manger,17
f598e7af-de8d-45cd-bc40-a55046d6015d,Staff,10
cc8a1ea9-e6f1-4c27-893c-eb630d112a52,Employee,15
7584f2da-6f13-4428-9a51-053c51cf0c67,Manager,19
029874ac-7cca-4f30-aec1-d9d0675dcfb9,Staff,10
a23f4d00-c451-4bb7-9aa1-6475824013e1,Manager,19
65111f03-c5b0-40f0-9af0-08be990a5e4c,Worker,13
0fa2d034-795b-4313-b040-521a1d427f1f,Worker,13
3eefd6ca-5237-45bc-aee9-1dac18e09c0c,Staff,10
2cb253ef-7a78-4a62-be99-fc33d207dcfa,Worker,13
31d31a69-2f46-4586-85b4-22ce0c7b46d7,Worker,13
cf5f5861-d2d7-4d9b-82a8-c2964a160a41,Assistant_Manger,17
c7e0631f-c85a-4cb1-ac50-495512ca4e29,Manager,19
cb4f8610-366a-4863-ab0c-c64fcd265d6f,Manager,19
8ba9fc73-5bb7-409c-b113-85ded5b1ad53,Worker,13
a0ebe17b-5cb2-46f8-bdd8-9d71b64fb8e0,Worker,13
5ab12b51-fa4c-456e-93c5-66af6d7eda85,Worker,13
b4a5ed33-af18-4f48-94a5-f157988379fb,Worker,13
a5bb7bbe-f6c6-48f5-ba3f-3a707751c464,Worker,13
74691798-cae6-409a-889f-9df7206a851b,Staff,10
edb1dab4-c071-4b58-b5c0-d76ff0707404,Manager,19
c579a4e5-73cf-43ea-83c8-c8dcbe7e8c01,Employee,15
889d52eb-f077-4d59-ad43-7b4eeabe9e4d,Manager,19
03168a5f-28f6-4d2f-867e-ad1848a05cb9,Worker,13
4544de59-f907-41a0-af4a-b9fa689950e5,Employee,15
c0918851-4614-4060-9812-6dd9823b5f6b,Staff,10
d98d31ed-0e58-4e33-8b0c-acff138c67be,Employee,15
9a2f5fd9-9a52-437e-90da-a74d82088b51,Worker,13
60aac226-9b40-4935-8a07-6c8393395d81,Employee,15
446289bd-7e0e-494f-aadb-f5239aba1ba7,Manager,19
60ab39a6-cdbe-4027-a63b-85ce8ce4a82f,Worker,13
b6d15df1-ad95-4413-bfed-fdd820c4759d,Assistant_Manger,17
f4f41134-dc25-44af-a3e4-a8134852b8e4,Worker,13
5a82e46b-6a33-433a-a850-8817ca19dff2,Worker,13
8d6db1f9-136c-418f-8168-3c98eaa533bc,Staff,10
b1e9d12a-bbc1-4461-8d70-724cb8b60bf4,Worker,13
d6940e0e-146a-41b9-b242-5da607f35ed2,Manager,19
2edaeb82-8b12-4d01-bfa7-40c481f2bf0d,Employee,15
8d33c0eb-a27d-419d-adca-3390a16f96ad,Manager,19
636b7e07-aabf-47d0-9311-49994836d974,Staff,10
204d7048-92eb-477c-98d5-d7bd8b5dadbd,Worker,13
58e7dfd4-bd8e-40c7-90a2-e1cc1ef5b259,Assistant_Manger,17
6d15dda5-1299-4bb4-8379-b770ea3acd0a,Staff,10
c9f6efcf-7b84-4aba-aaee-642651cce88c,Manager,19
b06a0da2-ae7a-4827-985a-70390d882e64,Assistant_Manger,17
7e1e8dca-232e-4ecd-a99d-5c6635f9aae7,Worker,13
c13b7807-b8af-4347-8245-7cf7f63738a5,Manager,19
fc63d704-ca31-4189-8072-c66f046c9ca8,Employee,15
2a4ef31e-9375-4e51-b1bb-7e420d52d49f,Manager,19
74fec3dc-eda8-426a-afde-e536179fd974,Staff,10
98651844-a192-468b-bf8a-bd29ede7f4b6,Manager,19
1b329650-2fd6-48b3-8695-e9fef92440c7,Manager,19
ad37a684-250f-433f-8aab-c366941ca7ce,Manager,19
3b140060-c7c0-49fe-9c31-221695305586,Employee,15
e4a33d95-54ae-40bb-a19d-d666cff5f64a,Manager,19
4ebdd6e6-08cc-4d16-94f7-ea544fceaef6,Assistant_Manger,17
a5e41f51-5e18-4f14-a902-dc9cc67275d7,Staff,10
c6907e5a-8eb9-477a-81fe-a866e1212c3d,Staff,10
fae1b9da-9cc6-4409-9d0c-6c391f08d8e2,Worker,13
f2f9cabc-a264-4242-b20f-7156fedc50d9,Staff,10
f50263ba-8ac0-47a1-903f-87a41534c0a7,Employee,15
91626703-3ef5-490b-afe3-2024da3158f4,Employee,15
c8250125-d28d-4b98-aa10-74fe4e6d058d,Manager,19
6f2ee90a-228d-4a9b-a2ba-0689cfc92037,Worker,13
b63b78c9-db8d-47c2-94fe-9b87bc1f938e,Worker,13
cd67da48-a06f-4f04-819d-42b4576b0fe1,Worker,13
7bb304c6-e4d1-40d3-b2bd-27e55d01a2cb,Manager,19
c1ed661a-9d51-4735-a24f-fe1d132d6bb9,Assistant_Manger,17
8ae7aba7-c535-4f6b-9854-8474ed5c240a,Employee,15
dec74e23-19df-4adc-985f-2e033e1414fa,Staff,10
419a57eb-9f52-45de-a7e8-840f0c6c29c6,Manager,19
16e8c3fa-9763-4cca-bd30-f5149789528b,Manager,19
53650677-e954-498a-b6ab-12dcd40cffd6,Employee,15
557d2278-6c1e-45d8-a3f1-cf5f537f6b02,Employee,15
c2f88e11-129f-4574-af39-9580f365888a,Staff,10
8b1f98f8-d61a-49ef-9507-653dbbaebe1e,Employee,15
09e03b30-d6ec-4bbb-add5-fbc210fe00fd,Staff,10
92758b76-9430-4a9c-bd7b-08f693d78c89,Staff,10
2c0f6e3b-9e41-4d30-9a52-8ed6174fc58f,Assistant_Manger,17
566338b7-2758-40cd-b1e5-1f5397c8100d,Staff,10
114d9fb7-caf5-4d12-ba92-3c00b3516dd9,Assistant_Manger,17
5a8ad3ec-0da3-4ba5-973a-07144f8d7308,Assistant_Manger,17
14d63751-c02d-4729-ac71-dbf4229d764e,Assistant_Manger,17
18297fc8-ab0d-4b4e-86c6-2a8cb0847bb6,Worker,13
780588d4-f8b4-4f75-af94-fe31be9253d2,Worker,13
e8dbcc0d-2583-4bad-8f69-d57ac3868938,Employee,15
11f77a04-390f-4f8d-b49f-7c3179f2f709,Assistant_Manger,17
eef7fc61-9b96-4440-8080-30d047c198de,Worker,13
613e9cba-9151-475c-acce-cda74f0ea732,Manager,19
d64e939e-0f6f-484b-b45c-a537b1169c3f,Employee,15
b428e870-035f-4a8a-980f-931b8ffd6832,Staff,10
2ac047fa-4d58-400f-a084-682d93b6b141,Staff,10
f6642195-0692-43eb-9481-f4685573b478,Worker,13
aaa1b505-0dfa-4e0b-87bc-f531b4f4d25d,Employee,15
0831d490-a02b-4a7a-93e5-a25ebd98f953,Worker,13
446c6f50-f815-4454-a920-8e2451fa03ea,Employee,15
e9736609-1807-45ea-b8b2-a204c7dfa99a,Assistant_Manger,17
0651f765-b5d6-4896-9e80-16509448be2a,Worker,13
5df6904d-8457-44fd-ac14-11f99e69c9e0,Employee,15
61216b67-ac06-4efe-b2ac-33b12e25f2bf,Assistant_Manger,17
d3ca74af-9be7-4356-b469-24d8bfddb227,Assistant_Manger,17
cfa67935-4a28-4616-8856-28888c64b4cd,Manager,19
ffd0f48a-2b86-4826-ba4d-6cbfe01231a6,Worker,13
7b75d50a-28d8-4078-bd3e-c98e6149b295,Staff,10
790ddf77-1985-4312-b006-2e9341adefb2,Staff,10
233bb962-c854-42d1-af0b-57aa32bf1911,Staff,10
5e162c5e-8f51-4a48-b450-dff39c84bd4d,Manager,19
e06439b9-8d0e-4d01-9d41-483b90e7f4ed,Manager,19
a9b76e48-dd58-4f5a-b591-a31af192e885,Staff,10
d3c50b4f-817a-4b64-8fb4-4a51a641e456,Assistant_Manger,17
bb91350f-9522-4f24-8c5e-87875fd1bcba,Worker,13
554df4cc-ef1b-432d-8b3a-2b3d01e7c327,Worker,13
934a82d8-542f-4796-88c9-cc74a80b611d,Staff,10
a95c2942-c1f6-47b6-b7ae-a2c9c37f0ad7,Employee,15
42e98c28-613a-4460-8c7b-7fa0ae407c6a,Employee,15
4a17b123-d36b-4bb5-b3d1-dc5d8d598495,Manager,19
2c6c81e6-39e5-4701-a68a-014fb207a237,Manager,19
ddef79aa-f0b2-49f9-9103-9ce7b0c9a4a5,Employee,15
6cc0cdd9-7c9c-4cdb-9891-486e72a41abd,Employee,15
117925b2-8056-4aae-998e-405b19472aa9,Employee,15
81b0a696-5955-4927-9b91-8160c9c38e29,Manager,19
4246b2b3-e4b3-4f82-ad7d-19bb393bc7d6,Worker,13
c5ad3ff5-5c98-4b77-81f1-d8e9f0ee794b,Staff,10
8b45abc4-60ec-4f73-bf31-1214714e42d7,Assistant_Manger,17
d87d79c4-0e75-44d8-a5a8-623627594baf,Worker,13
bb5f0c6d-73bf-4898-8358-cb27b0a4532d,Worker,13
1a8176f2-2b5a-4dfe-a8b6-251940a44d9e,Staff,10
def5b21c-2f2b-42d9-91f8-38cc76ecef2b,Staff,10
17c18eee-901c-4778-8934-d8cc242f85b9,Assistant_Manger,17
358133b0-371a-4347-81ae-f5ba710a1390,Worker,13
0219fd3f-3810-4eff-be76-c5c51c87b3e4,Employee,15
7cbf3654-c0a7-4cba-a717-e92bed5d9814,Assistant_Manger,17
eab86de6-f015-47ee-a16e-c299078c39eb,Employee,15
f1102647-06e8-49db-a009-d402348c5253,Assistant_Manger,17
978c1309-05e5-44cb-b80a-679c1c48893c,Assistant_Manger,17
180b9073-6789-47fb-9ee0-a694fff8fe52,Employee,15
41a6b61f-b291-43db-b3a8-44ee26f13642,Staff,10
925d6c6e-10b0-4914-b990-a91facf179b9,Staff,10
9308f85e-6bd6-4b40-bf30-7a08d3ccab8e,Assistant_Manger,17
3f544c40-5151-408a-8215-cd07abd98f9b,Manager,19
e19be8d5-b570-434a-8f04-953348c2cf98,Assistant_Manger,17
f2505245-1749-46ab-a5fb-b4e9beff7103,Manager,19
f8a5306d-fbb9-4786-a5cf-c406b9b89c17,Employee,15
78b9396a-5a62-4fd9-bc85-ff4260da6661,Staff,10
0120c287-8137-48bf-90a7-dc992c260149,Staff,10
9ea16653-4669-43dc-a7d2-4e46f0a0af5e,Manager,19
e246e70d-e6ab-40e7-89db-f05ebcd73d1e,Employee,15
e9b52f56-02d8-43b1-8439-d3b7d285e0fe,Staff,10
c8a96fe6-ca9a-4be3-b461-d12f339cfd5b,Assistant_Manger,17
09eb7f00-f2f2-4cac-99f2-e492d6b2b479,Worker,13
999b000d-9f53-4d0e-90d9-82a397d27db5,Employee,15
938d6464-7c4c-4d90-a8f1-2106e7e9904f,Assistant_Manger,17
8483c3ae-840b-4906-be8d-340e49e529cc,Employee,15
b98b37c3-c4d4-450a-bbc6-175c6c13b5db,Manager,19
f30f3a0e-6d54-44ce-9f5f-5e87263cec49,Assistant_Manger,17
98294431-5a28-410f-9c7f-493871565055,Worker,13
17bfebd8-6291-4b52-8a34-96ed8e48b60f,Worker,13
c6640abd-59ee-459b-b332-fb6bc5b1f1d0,Manager,19
7d9ecc9c-eef7-47fb-9cf0-2de0e6338488,Worker,13
8def8d4c-c988-435a-9647-80835a4ac0c3,Assistant_Manger,17
aaa5ced1-b672-4023-a9e1-de81813f22bc,Manager,19
f34d2dfc-306e-43c1-88b2-c5c1a36adae0,Employee,15
6fe81bda-35d5-4f1a-b6c2-c671811ad358,Assistant_Manger,17
a3a6995f-0375-4e55-89a2-2436c110a621,Manager,19
4b899240-b0ac-42c7-a845-1294c89cd1c4,Manager,19
8fc60b01-c786-4bfd-a0fd-ae5765ff3253,Assistant_Manger,17
7b44046e-b51c-4297-9152-20df5f264f78,Staff,10
8a5a92d3-5cb3-43f2-b280-d04ee2be1645,Worker,13
9f322855-c25a-41d5-9ccf-9ee5cf8f0f08,Assistant_Manger,17
a2faa331-9780-4bdb-b878-7881805a18eb,Assistant_Manger,17
5b8c5151-a0b0-4a0b-ae95-045140118ab2,Worker,13
62d91dcb-1d83-4619-9aa3-7674a95a9301,Employee,15
cc82a18f-4d49-4139-83e9-33517d53357b,Manager,19
84c486db-a456-458c-aeeb-d3637dd07d4b,Employee,15
da65528f-be10-4898-bfa0-650f7b10ba02,Assistant_Manger,17
a9a0d836-e5b3-4d93-9fce-af2955e0ecb4,Employee,15
0fabd77e-44d6-4a47-a2a3-cea9e1f149b5,Assistant_Manger,17
c6f73496-b9f5-4883-8643-1c8c69c4921b,Manager,19
3841c6e8-55d9-4400-b3ac-e54529c8cfab,Worker,13
4bfa60de-a489-477a-8089-4049777d4d4b,Worker,13
c17de12a-75a8-4ca5-b6b5-66b55d0e42ae,Manager,19
cff603d3-3612-4995-8833-f0ed67bb8bd9,Staff,10
22d8adbf-de7a-425b-81a5-726392c247d7,Manager,19
ad8548b9-55fc-47ad-a9fa-7cd1b2fea568,Employee,15
95e3ec36-7887-4f2e-9c00-93665549b3ee,Staff,10
3b0cc4ac-a9bb-440f-9a5a-9998e46aa385,Assistant_Manger,17
49d98b7b-d624-4d70-8a49-02503fbc65b9,Employee,15
0a1fc3c4-3daf-478d-b833-eb57da6a625a,Worker,13
971e0746-b44b-4bb3-a460-7275a87acd9e,Manager,19
51a0dfc3-ec99-4288-83d6-abecca1ef694,Staff,10
300ad28b-54d8-41b9-b693-8b3b8e9e7695,Assistant_Manger,17
25d89381-3d4f-460a-9c67-7311eb563569,Manager,19
8a38d071-a7db-4a91-905f-4942bbda8ace,Employee,15
a08ee082-4cdc-4cdf-91e2-5acd117e5299,Assistant_Manger,17
c66014b7-2307-4a06-b5f8-115f01d1531e,Staff,10
0ed353a4-c9a0-4f49-9f2c-77b9307dfb47,Staff,10
7988c4e6-2d27-4513-ad50-0c2315178d70,Employee,15
c31b1a16-414a-4e01-b083-22af7c66a37e,Employee,15
2872f7b8-d59d-4495-98e3-dfbe2fd4f03c,Assistant_Manger,17
a07c71e8-5d8b-43b4-9d81-aa3eb53a7c80,Assistant_Manger,17
f6c34f04-810f-4fd8-91e2-e5ebe5460f10,Worker,13
5a22c223-a299-462a-b128-e4848430cd6c,Worker,13
85a2d946-8bab-4b33-bb73-87318a0a1300,Manager,19
960f5970-d284-44ca-a1d5-6effd1f90eb8,Worker,13
dd865cf8-a027-4350-8d23-0826b5873169,Assistant_Manger,17
2bd9f4b9-a282-4df7-a192-9cab1b1d8ff2,Employee,15
c68c0b63-ce27-43ff-835b-c6812b15f41b,Worker,13
95352a5b-7489-45ba-bbc7-2101b69e0336,Staff,10
666b5042-fddb-4f7e-8c19-4b882cda6e15,Assistant_Manger,17
bc0fa479-a109-45f4-aad4-c96c069933cc,Assistant_Manger,17
a1e2bdb5-5270-4da4-b831-d03036c687dd,Employee,15
92bcb906-9dce-44f4-9d8d-36ceccafdf9d,Employee,15
da89eda8-3894-4bff-b253-e2d037de35f2,Manager,19
60cff5a3-0f96-4dc7-80ee-e863dc1bcbd6,Staff,10
9f30dc87-4290-429e-99fc-508c5ec5825c,Employee,15
453c79e8-8cc2-4611-864a-069460036f23,Staff,10
3e4b5d5a-e1cb-426f-9bce-ae2d05023368,Staff,10
d8ceab0e-3010-4553-9842-a6485644af09,Manager,19
31e12be4-eca0-446e-aa77-54a9412e2983,Assistant_Manger,17
62e398b4-f8ae-41cd-866b-01fd8386be9a,Employee,15
0786bd33-bb87-47f1-a7fc-f9ca616c1b57,Worker,13
1417f266-c188-4b60-9808-f28d3ad990f7,Manager,19
8c99eb9b-cb32-41ff-8b5c-080b06af3db5,Assistant_Manger,17
e5f241b3-09e3-4633-ae3c-4576d172e7a6,Manager,19
3e415def-588b-42c9-ba2b-49546dafabd7,Manager,19
c49fd9b8-aef3-4f29-a4ec-9a6e4b6c6f7c,Worker,13
1db63fe9-e33a-4065-9dec-1058969d7b7a,Staff,10
e29fddda-b3e6-4829-ad1e-448fa92b199b,Assistant_Manger,17
d5073376-ea57-4275-8504-6147b0226bd2,Manager,19
db982840-052e-4e06-bd76-e753eada63a2,Staff,10
6712a9fa-4032-444e-ab03-71aa5bbf6d15,Manager,19
f53379f3-2080-49fc-978b-e432b9793958,Assistant_Manger,17
9586a1c6-4cfb-4957-bf41-09662f4d37d5,Employee,15
47f22fa8-be7a-4737-ae93-cb06b0288247,Staff,10
646eded8-5dd3-4058-8e16-ff811b003ad7,Worker,13
cbc11af5-9ba0-4785-9a0d-a2117b76b736,Staff,10
66f5d24d-07ce-4d14-b8fb-8326dde9e17b,Worker,13
cc02417a-b99b-40d2-93f3-75aee6a0cad6,Worker,13
3abff162-cd25-4047-84e8-1ec1cb008b54,Manager,19
ee33ab17-4d15-46c1-8033-e366ece62946,Assistant_Manger,17
801751fc-d363-4398-ad89-d233bcc262b2,Staff,10
99e1bc27-eddb-4e04-8fe6-4aa6dd2264b1,Worker,13
580ec9a9-c207-4160-9136-17239502d2f0,Staff,10
53e3dd23-d8e9-4baf-8086-c51cef646885,Staff,10
c48e4b87-14cd-41ae-8f79-ffafaa425622,Employee,15
c6ebdb22-5679-4ab7-a86d-27bcaa4c7f20,Manager,19
341d7e51-70e2-4bcb-90c4-f9b748017556,Assistant_Manger,17
ef5954ad-4890-4cbd-aff3-623711d8e507,Worker,13
c279ec36-ec6f-4af2-87dc-76c80110d6e6,Staff,10
2eca3e12-a9ae-433a-8833-b9c853f9a928,Employee,15
1a908422-ee0f-453e-81aa-7df442851efb,Worker,13
0b43b15b-59aa-480e-9095-a7313de3021a,Worker,13
a116ff7c-f752-48f8-9f9b-e58a5fc8fe4d,Assistant_Manger,17
32402adf-b961-4477-81d9-0a325b3fee6c,Worker,13
cb76eb87-fc02-4982-ba9a-061cabdec62b,Manager,19
3a0cbd51-2c27-43d9-9488-7876e5f79aa0,Employee,15
567d933b-0ff5-464a-b3ef-9a6ba04c51dc,Manager,19
7d6ed6bb-ccc7-45f6-bbe7-40f43ab2b069,Worker,13
1deacb52-5b57-4dc7-b2a3-6d04368657b9,Staff,10
d7812df9-228b-4b85-a094-09c808b91668,Worker,13
3469afae-e608-4396-b23a-8f7a34877afb,Assistant_Manger,17
4c5a06f3-6892-43d1-af8b-0a69cad8aee7,Employee,15
8ae89d55-4e45-4bcd-b19f-cb9fad86b715,Staff,10
1a1e35a3-36dd-478d-81b6-311f8474101f,Manager,19
c67b6fd0-dcf8-4ffc-b653-67678e2ffe32,Assistant_Manger,17
3bc8f656-0dce-4c3e-baa3-5ff821458c79,Employee,15
6659ae66-dde9-477e-8883-50ab6c31f5a9,Staff,10
21e70da9-f402-4fc2-b8ea-b72d3c0481ad,Worker,13
4030230c-32c2-4db6-bbb2-ea2c52938364,Worker,13
eba44260-b9d2-4f4a-93bc-457fcc269fae,Employee,15
3285c5ff-52a1-46cc-b8a9-e2fd9d71b807,Assistant_Manger,17
5b743604-6154-4dd6-8cc5-2bea3977b348,Assistant_Manger,17
3975216a-612d-40fc-8f9c-107e0aa9e888,Worker,13
bd6c9aa9-67c6-4add-81a5-a0de98e2aa7e,Employee,15
0485a191-30df-4f39-ac35-47c282a99d07,Worker,13
23d123e3-d0c1-48b0-8d43-b370dff9c295,Manager,19
67479224-3357-41f9-85aa-bddd91d83f3d,Employee,15
83562d8f-f1f9-4002-8276-6f55df790b74,Manager,19
a980b5bf-2ee0-4330-a40c-29a1be5eec6e,Employee,15
d05fbb6a-a7d3-4010-b23e-a116466d0413,Assistant_Manger,17
04d21610-74a3-4f90-b043-d774a0d494c4,Manager,19
528a24a3-482e-4e18-9c05-7026cc5e473d,Worker,13
7b586b25-9776-4792-8aea-aa469df9edc2,Worker,13
0d3192a2-22be-49ae-a972-3e5f9aa926d7,Staff,10
75140ad7-6a2b-4a82-a213-32237cd1a08c,Staff,10
f074ac9f-3764-41cf-8bbf-311d81e548fd,Manager,19
3f188e6e-b144-47b0-a352-c000f85f0cc8,Staff,10
9de7f9de-7d90-49e4-a57a-30efdf74401b,Worker,13
4d9eaa57-e71d-4b0f-9f4f-b284460dab16,Manager,19
1718f4b0-cb51-41af-bdc7-ffb26fe6c190,Employee,15
c20810ee-adfa-4071-bcf1-8bb5d304b5bd,Worker,13
a2100bb8-1dcd-4b1b-b813-ced134143835,Manager,19
6f473f9c-d83b-47c4-bb84-643442647bc8,Employee,15
3db31b1c-1c96-4791-960b-f8beeb1240c3,Staff,10
e2983029-9040-4acd-a68c-2f1ae0f2a096,Employee,15
d9d39312-56c2-4dad-af7c-4db46740425e,Manager,19
5de70d98-dcf9-4227-b817-bd30e616d253,Employee,15
04a75298-9489-4b0e-af8e-ffa7cda2408e,Staff,10
2c46ad96-4d3e-466d-9c8d-63102037a04f,Worker,13
98818e81-9131-4a3c-bed4-6f1be94e6e67,Manager,19
1af67ab9-335f-47d4-8ff9-e248c1a8adec,Manager,19
1280de5a-bdb8-467d-8dd4-d650352eb687,Staff,10
5e1aeaa4-5a6c-492c-b388-00483d9e094c,Assistant_Manger,17
a9784868-8e45-460e-9068-46e192c4969f,Worker,13
1137ac43-cf48-4b9f-a8a9-c803ce3cce31,Assistant_Manger,17
ffec5bd9-edf2-4098-8d14-5b339565343c,Assistant_Manger,17
e0d6f857-1b48-4aa3-8bfa-08e47b687883,Manager,19
94627ebe-464f-487d-a4de-2b52dd9826ca,Assistant_Manger,17
b93e1aa9-d694-4981-9736-55f3636e1591,Staff,10
a3303d9e-1e89-44c8-9a40-57c662b1d042,Manager,19
beee5a91-b83b-4b84-b0e7-2d4f0b3c70f1,Employee,15
4ea50faf-24c7-42c2-b3a6-b733d9318a16,Employee,15
6a8d58de-fb11-4a6d-bd87-16e6c5d21a03,Employee,15
76f49641-6d87-4b4f-aebd-e5a1b99c709f,Manager,19
b602f92a-b652-4b5f-a39a-6b336ae84d1e,Worker,13
13b1d116-e5d8-47be-bbe4-ca412c95cbf6,Employee,15
58c767c1-f3b3-47ee-9577-8fd6829eb077,Worker,13
280c8136-ad50-45a6-82ba-1898d6d49297,Assistant_Manger,17
bb0fadae-513c-42b4-8516-7b0efc6b5bd4,Employee,15
fa7d6675-98ef-4890-8201-5744dd2f5855,Assistant_Manger,17
a0870524-8122-457b-a47d-f575c8363e33,Employee,15
ca8c5c65-8ad7-44d7-b367-8d404ec5a046,Assistant_Manger,17
615050e5-cf7f-43a4-9d3d-415c8144037c,Staff,10
9f90903f-de96-4c9b-b603-49971b0acef2,Worker,13
72c24b5f-f3e9-45b1-8e5d-b3bdc7cdd5ed,Manager,19
3c9ec169-0d37-47a5-8a8c-39e94230486f,Employee,15
2438750d-c5f1-43f7-9c79-21e127d8e3dc,Worker,13
eae45fe5-6ef6-4e25-9f89-c526867177ca,Staff,10
8cc7b8e8-b3b4-4157-8eed-4495fa636951,Worker,13
3d05254f-e588-4a30-86fe-fd29eec3c0a7,Employee,15
ad1d326c-7ae6-4b2f-a239-834b308bec25,Assistant_Manger,17
60ff2262-f22a-4091-b30a-102d8c65eb8f,Employee,15
a46fd30f-4531-4abe-b4b1-eaed9eb68812,Assistant_Manger,17
381238a2-2d9d-4314-bc4d-15381fc694d4,Assistant_Manger,17
1fd7108e-bb61-465f-ac70-b4158bc13b0b,Manager,19
0baca8eb-3395-4d40-ae06-c63fb34cb1dc,Assistant_Manger,17
8012ece8-ae3c-4109-9af5-cffde1645f89,Worker,13
45416f25-4b74-48b6-9bd0-f919bf61ed2f,Worker,13
2cfe7a53-63a5-4295-8f76-56560bb6eb09,Assistant_Manger,17
6ec3503b-7bb3-43ed-b41f-95c4812bb09c,Worker,13
ca669fd6-50ad-41ea-9ff3-f5b17242722f,Employee,15
fd108dc6-1f46-4e89-bcb2-72fc9e438dd8,Employee,15
317e1f1a-2f1e-4b6e-95d9-25beb09f4792,Staff,10
5c6ffe39-fb8d-466c-89b2-e454b5a830c3,Employee,15
92e4b100-cc18-46e7-b876-2ec19ffd94c0,Employee,15
6874f09d-61a7-4714-b68f-80afd3bdc255,Assistant_Manger,17
f5e41ef1-0939-40f9-a21a-547c6163cca6,Worker,13
c848b829-980d-436a-a809-fd2443fac08b,Assistant_Manger,17
5eb7b4be-90cd-4e8c-b311-b23241629cb6,Employee,15
994bd4c0-a51b-4658-b65d-0ea12041b3c2,Staff,10
ff08e442-f984-4158-9d84-86dcb4a36867,Worker,13
ea78c811-18b0-4c6f-a47b-1a7b754fd954,Assistant_Manger,17
a315e42d-1494-4436-a751-fc4f53c06468,Worker,13
9d89b32a-9075-4966-8324-49f3a8d0b477,Assistant_Manger,17
f4d59237-33b5-4ead-a88d-2e11dcf4d67d,Staff,10
a89185cf-5931-4c02-a6c7-d348741b0da8,Worker,13
1e6866ef-f293-40d6-85ff-ae7aead83b5a,Worker,13
913c88dc-b1fe-43f5-88f0-92030074f8fc,Employee,15
0197726f-5666-462c-a3e3-90ff3433ec93,Worker,13
46b7e49d-2f89-496d-8ad1-942229f7191b,Assistant_Manger,17
81616b96-be6d-4e66-bb5c-d77e26792654,Worker,13
1e258291-90b9-4870-95ae-1771510342b3,Worker,13
22b94c09-cf09-4ec3-9493-fd3358dcd9fa,Assistant_Manger,17
5d6a46a7-e6f7-4dbc-970d-5bc736e46d5f,Assistant_Manger,17
ace18544-dd16-4dba-8082-95be47c32097,Worker,13
be1a6bcc-75e3-4c38-af2e-e66234bbb27e,Staff,10
81b1689e-6c69-4ebf-b406-6008ca10d5e1,Staff,10
b22abaac-29ae-4fd7-856b-5c8ac89f61d6,Worker,13
812f2187-0836-4ec5-a69a-e8a2e967735b,Manager,19
b83e9a66-015d-4425-8114-33b4d0c15adb,Assistant_Manger,17
3cc6d822-dcaa-442f-ac3e-3a537bbc33df,Assistant_Manger,17
40df80c9-848f-4c4c-a18a-a6cf8d6707a5,Employee,15
6e8564a3-b5aa-4aa5-9515-bd35e107c186,Employee,15
b68c635d-94c2-4269-9067-5adfa7dbd57d,Staff,10
d8f68d51-9e60-438b-a739-41513ae7da7d,Employee,15
4f059b6b-b145-48ed-84e3-2604f1642031,Manager,19
20a07b51-c6ef-4c15-8ca9-a9a839db5d6a,Employee,15
9aa5afd4-1685-4320-b8c3-2317246afedc,Manager,19
5a552402-9c5d-451c-8a43-fbf27f1538e9,Assistant_Manger,17
248417ab-43cc-4308-9cca-212824cbcd84,Employee,15
f11611a1-de9a-4892-842d-27c33d277724,Employee,15
6fb7c4e3-265e-44c1-b09a-97d006eb38e4,Assistant_Manger,17
7444a487-5387-4aa4-95ef-c271cae72af6,Staff,10
7fb7bde7-5d27-4a4c-a08c-7765bcfc1704,Assistant_Manger,17
da97fddb-fcc9-4f77-817e-4ee34a2bc423,Worker,13
af2cdd73-f7a9-496b-aacb-a381e19b3bd3,Assistant_Manger,17
795f5d10-4eb4-4117-bf22-f6e082b6011b,Assistant_Manger,17
abf6ca11-349e-4798-bd20-67203a80fb44,Assistant_Manger,17
259637dd-d2f8-42b6-b07b-0e497985ec34,Manager,19
44db47d5-09fa-4f6a-a76f-2e6a4c802333,Staff,10
bf95c588-c461-4739-aadb-fdf753493282,Employee,15
5bc8e1f9-18d5-45f7-bf0d-e18ed45213e4,Employee,15
ecdd04c5-c8bd-477c-99e3-7d58ec0cacde,Manager,19
7aecd489-aa72-4645-b411-bfe5f8a66696,Employee,15
0e463910-13a2-4503-b5ac-b50b445c7d36,Manager,19
92a67b8a-6032-475c-acf6-0d7791c41ef7,Employee,15
7736c37c-6ad0-4a6c-a2c4-87b2fb8320a2,Worker,13
faa51354-6add-4828-843f-ce66be0b6a8d,Employee,15
3e43747d-ea1f-4663-8117-6928bc037d17,Manager,19
4eed646a-2fd0-45c0-bd86-01e1ffbc8014,Manager,19
f1d52a88-87b5-45e7-82e0-356569c9eec5,Worker,13
9023cdc4-8476-42b8-93fb-fae2e1655321,Staff,10
726c0875-c43c-489d-991a-8c55ae6849ce,Manager,19
d65e3b0c-42f9-4ce7-afbe-5bcd353652af,Worker,13
62b7f7c9-4908-43ab-9be9-95886859d97f,Worker,13
7ab35310-5ed6-45fa-bd29-d7fa7b912344,Assistant_Manger,17
11046594-3ca5-442e-a1f7-a0319b7811c1,Staff,10
1e23e67b-0521-46e3-bf34-1ecd7a573a9b,Staff,10
25df2094-283c-4517-926e-fff27402760b,Assistant_Manger,17
a82f7734-7a50-47a9-94c1-3d5f7551775a,Manager,19
6849f0e2-19a8-46de-a6cd-ee5f4ba75851,Manager,19
931aa6bf-d5ff-43f0-8dff-6efab5d50348,Staff,10
ceb76ca0-b351-463a-8e10-8641613aba21,Manager,19
6cf14757-36a7-46b1-a128-5e5a55d6b70c,Employee,15
2e79d13c-d35e-4192-be39-99bb39968902,Staff,10
d230634b-3d5b-4d53-b64e-9ffc20d08e29,Manager,19
bd9503af-0824-43e4-9441-58b64b9e761e,Employee,15
07ba08a8-fe29-49c2-897f-f05cff73fcc3,Staff,10
655b8bd0-70a0-4699-95c8-2f97463777ec,Manager,19
e3b62971-5ac2-4d25-b54f-52ce4ade4077,Worker,13
9495acb6-0e01-4940-99e1-046a5ee9ce47,Employee,15
e1ac0201-5032-4ddb-8225-3a68e3991d54,Assistant_Manger,17
ef7fe98f-99f3-477a-b8c0-eb7cd9e83381,Manager,19
8c198f30-89b5-4ee9-b895-c0df1510eac5,Staff,10
5f83caed-7864-4b15-9cc6-474e5b3d1578,Worker,13
56da0969-e269-4b69-b770-10d32a570bcd,Worker,13
52568e62-a5cf-4b89-b1c0-85f411caf848,Assistant_Manger,17
fedc37bc-c141-412f-adf2-cd7a2c9b09f5,Manager,19
9c652dab-d311-43ff-922f-78b2402d5a92,Employee,15
f6ba50a8-0024-4091-ab1f-74b5f440b04f,Worker,13
c9c515a9-8500-4c07-9215-001822c48ab6,Employee,15
0519ef61-6f9c-4b4f-aa2e-28582b07ac65,Assistant_Manger,17
be2be209-8251-4280-9220-3bb765cca47f,Assistant_Manger,17
79bfea93-95b3-4711-8616-30a71af89573,Worker,13
697d3d62-bffa-4a0a-98bd-8ae0d7779946,Manager,19
07c9c830-a63c-44d9-b83d-0bc566a093cb,Assistant_Manger,17
f940d367-ee46-4af3-8dd3-71e5ead7bc4d,Worker,13
6cfa0c11-b277-4519-8234-f544f08a98ab,Worker,13
27fde436-0756-4a40-baca-deb025a117b1,Staff,10
c1656012-7d6e-4267-9f91-89f6820e145e,Staff,10
7dbcdec4-846f-4529-9674-2150b26ba909,Worker,13
edde0d65-d7f1-4c17-8f25-100ac8689ebf,Manager,19
e9854b1b-2fa2-4e4c-91da-c2610091be4b,Staff,10
11c51b23-0fc0-4c1d-960e-8dacd9a7cb00,Employee,15
819b0e55-0530-4519-beda-a741ac49eab8,Employee,15
57f1a22b-6118-402c-a20e-cfdb224c223b,Assistant_Manger,17
b85aee65-f1f0-4244-9fa3-9db5fcb1dfcc,Manager,19
89b83a6e-66aa-410c-9488-ecb858e070a6,Assistant_Manger,17
c6c90768-8138-4bbc-bd0c-43e6fe52ed92,Employee,15
4f3ca822-74df-46f5-b3e0-b7ab9a3fcffd,Staff,10
c3b531d3-05c2-4845-ae01-24898711f7aa,Manager,19
6fb50c91-08e8-4f56-9852-8db48ea62ce7,Worker,13
523ae981-4573-42e2-95dd-4a0b3fc5b320,Manager,19
4fa0c1f9-c2cf-4d27-a25f-3e78e81a7e1a,Manager,19
d005b48f-3dfb-408b-bd78-133265774124,Manager,19
c8ef06dd-5e7c-48d8-9028-7ed6c92b94dc,Employee,15
849e346b-ca1e-4af1-8b30-ae523b8d24c3,Manager,19
67606363-5404-4a65-addb-b0e834aefe59,Staff,10
1fa13706-d4cc-48e3-8ff7-32f7fec2a71e,Manager,19
59f2c496-39a4-463a-a124-84610bae7dd1,Manager,19
92ae8c80-9b06-47a8-9af7-8aee52df3b35,Employee,15
2c972caa-71e4-491d-9ce7-1112a027aace,Worker,13
e651bc1e-2f9a-4d01-b73e-160cfd843701,Assistant_Manger,17
052eb7a5-b7a6-40cc-93e2-f5a65e256443,Staff,10
49210784-8fa5-4f82-b919-cf987fcb6273,Employee,15
fe3db2a5-a601-4f85-ab83-9697afbc6dd3,Worker,13
43f189cf-bf71-4afd-8d50-da05dbc39c0d,Worker,13
bb6fd992-644b-4e27-8b39-83f5ec0c5d48,Staff,10
5158533a-ca92-4e99-ab46-bd4d60c876a7,Staff,10
ff365984-968c-429e-90f7-f283169e2fd6,Employee,15
bd67964a-47c7-4607-ae16-9651982a8eb4,Manager,19
7301a154-00a2-4d6b-90cb-66775feb3d83,Employee,15
6bccc73d-8a89-439a-aaad-a290f8a580b3,Worker,13
ad4d1842-e317-4eb4-8821-69b297709d1b,Manager,19
24b4cbce-95d8-42ba-995e-d3b3a5ab767b,Staff,10
d1f43470-26eb-46a6-842d-b16aff7eafab,Assistant_Manger,17
7d59f839-520a-4014-8f23-03a50fbfe3b8,Assistant_Manger,17
76fc8cc5-4d49-4e5d-bf25-4a3ed0222365,Assistant_Manger,17
579cc623-671e-4c9b-bcef-a2848dc9f9ca,Staff,10
bf130f9c-6941-4a4c-9ed1-7bceaf33cdcf,Manager,19
79dac8a8-be9b-49c4-adfa-45b1df5d1a52,Worker,13
96b83785-6205-417e-bd5b-c2e7d4eef0ac,Manager,19
84d472a6-f8aa-451b-b77c-e5380d276740,Employee,15
1d5c8f9f-8c5f-43ef-8227-9658bf95161b,Worker,13
18a6bb16-fb06-4c0c-a9b1-582633ebbea1,Worker,13
247b571c-e3de-4346-bd7f-77bb70d6787f,Assistant_Manger,17
365187d4-2cb1-4175-a95f-9c09e3f91929,Employee,15
956abf35-2f6b-4953-be57-068a71dc6a48,Assistant_Manger,17
99ffaf92-6f6a-4428-adae-1f64c3b13f13,Worker,13
ec2fe435-05f6-4704-acb4-a4fc03f8341c,Employee,15
79fc3c32-5326-483e-975e-2f7133fc33a4,Manager,19
8c3b1a7b-957d-40fa-86bd-583cb0628350,Staff,10
f54600b4-d87a-4e3b-b270-6504a7bf116f,Staff,10
3aeac8e4-9854-46bf-b83f-5c6916c39916,Assistant_Manger,17
2c631c8c-0025-40bf-8878-af133aa323a2,Worker,13
5525ae51-1038-4aff-8d84-3aadc13ea729,Staff,10
260efa61-6d15-4b71-b0ea-71c177ee740f,Employee,15
e19b186a-fbb9-4136-bf7e-26e3afccec52,Worker,13
ef94c619-fef1-4af3-887e-581faa194175,Employee,15
175f4d81-66a4-478c-9ae9-288c399d472f,Assistant_Manger,17
e8c89372-cc4d-452c-9731-7ab20a8498dd,Employee,15
48edd502-57bb-4674-b689-c6cdc44a73ed,Staff,10
5012e48b-c989-49d1-b15a-5f0a3117b059,Employee,15
5d9a13e0-17ff-4f6c-a0db-c6b075618e69,Manager,19
e27c164d-33a6-4b35-bb0c-534af08049bc,Worker,13
8b3333ca-a018-43f7-93d9-793533f0242e,Manager,19
07a2ddef-be9a-4c6e-bdfd-c3b116aea4b3,Worker,13
7c6e7747-b7b3-4266-b0ae-c655dee45d94,Worker,13
64618569-0aa1-4ab2-a68c-94d5689ebabd,Employee,15
710af9b8-0324-4c6f-a94f-a628dc1c85ea,Employee,15
0666a741-83ed-4243-8975-0b7b5514c71c,Manager,19
d40bfa3d-6133-49c4-887d-ec6725fc904a,Staff,10
62a27ba2-d1e8-4834-9476-4c84d6fa758c,Employee,15
04ca635a-afeb-44c4-8110-3f1350c7e4c1,Staff,10
7f001e32-198c-4cf2-81d1-d95dbab8798e,Assistant_Manger,17
371a1244-5732-4399-a42b-bb90cfce0e6e,Staff,10
7f9cf133-c25c-4792-8889-cda2783f00df,Staff,10
8502da78-e2ea-4afd-b792-67ea28ae7dda,Worker,13
b1b3beed-8975-48ec-9bf9-362565e76047,Staff,10
a4f3aeed-e1e9-44df-8a26-356d56ca525e,Worker,13
08e4c4b4-a6de-490d-a1eb-388e9fe35a3b,Staff,10
00a18711-f5d7-4bfa-a215-2221855d8405,Employee,15
ed5289f1-1d2a-4d45-bb9c-931ee1db194f,Worker,13
d6ec3bb1-28b9-43db-8bd8-258892776a32,Assistant_Manger,17
cb686ba0-a734-4b38-82b8-084da506ed0f,Manager,19
0ac4892e-e74c-4d72-890a-9d5d6c2922e6,Staff,10
dee0cf63-30f6-4fef-9a36-8a50c70807a6,Staff,10
dfde0f78-c173-45ba-abbf-9e11a98e02aa,Staff,10
98f131ac-015d-416f-adff-4ef6b0762995,Staff,10
a14028ea-316a-46b8-ba95-6cf74aa0dc90,Worker,13
db7a6f65-68e3-49c0-9aa6-6dba858633cf,Assistant_Manger,17
a903e28f-2dbe-44c8-8502-3690099f7f0d,Worker,13
660fdf71-12fa-484d-a76a-b02a29a72bc8,Assistant_Manger,17
d227e053-31b7-4024-bad0-76562db03ee0,Employee,15
4e5112f7-4d42-4b3c-808b-5d4e3936164b,Assistant_Manger,17
40ef1b68-51d8-48a8-a98e-b2f3e039c9d4,Assistant_Manger,17
40447a76-764f-432f-acdc-6c0e0eda3945,Assistant_Manger,17
c038fd34-5bee-4842-9817-3d1c23b4e1b4,Worker,13
d5f070ca-03de-41d7-abd5-332c5eb638e8,Manager,19
2b963a27-aa05-4d84-9500-f691808b78c1,Staff,10
ef4f23cd-c333-4b20-8853-099b496b799a,Assistant_Manger,17
99aae9e7-dd4b-4e7a-8a1e-e231621774f3,Staff,10
dacc34c2-e71d-42b3-9fac-901ea499752c,Staff,10
5be71683-7428-4aa9-8f63-ae5f8eff4f3b,Manager,19
61a42f77-9517-470a-9155-eb7774c6dd5d,Employee,15
913b1172-a3f3-493b-a106-db1a7c24037b,Employee,15
86a10dea-8de3-453c-a57e-67c6fa9d8bb5,Assistant_Manger,17
c8f5eab5-bab8-4d4f-ae04-ab539f6afd85,Employee,15
19675a77-615a-4565-8ed2-12c49732c6ff,Employee,15
856a6d78-e2df-48be-971a-73c25c2b9031,Assistant_Manger,17
1ec0967f-ef02-458b-9d15-2e1f396f559f,Assistant_Manger,17
4085fb88-c10a-43c6-a2db-d386183685d6,Assistant_Manger,17
c8667df4-fad0-480f-8e00-1d945029cb0f,Worker,13
efdfa0ad-73d2-4988-8d1c-76f709932557,Manager,19
71d42988-5cf8-40aa-ab5d-905d1943fecd,Assistant_Manger,17
73715c91-5c81-44ee-b6f2-8e91beafbdca,Employee,15
1702d889-13fc-4313-97d4-4760695240d3,Assistant_Manger,17
c8c991de-31ce-4f04-ad4a-15c03f7e7f3c,Assistant_Manger,17
8f034237-6ceb-4bcb-b9ff-49fe9286bc54,Assistant_Manger,17
4827fe57-df0f-4653-9eb3-8f8d4a03a64e,Staff,10
455e4410-2008-43dc-962b-901835b3964b,Worker,13
9aa0a337-f25f-4142-807a-d1952e906398,Assistant_Manger,17
ed9f0c42-9d50-4662-acf1-84e98e623d9c,Assistant_Manger,17
1044827c-da1a-42d4-8605-18a479be609e,Employee,15
38859343-f288-499a-8994-144f10bbbc64,Employee,15
3bcd3fa7-b6a4-4abb-b1ab-a95d51acd500,Staff,10
ccef3755-3cd3-4457-9cbb-58771f8882a2,Manager,19
ed2e3350-8aa8-478c-9744-34daf439d994,Worker,13
9591014a-e073-4bac-acdd-7345bcc1d6d1,Assistant_Manger,17
7e1abf2e-f807-4674-a6bf-1908f6aaf2f6,Staff,10
c31a31f7-1dcf-4de1-b530-3391db638a68,Employee,15
60ca086b-eabe-489d-820b-52c1071c57e7,Assistant_Manger,17
bee74f63-7393-4c11-b60e-2125f96ea423,Manager,19
5720aee1-d56a-41c2-b552-efc811a0ac68,Employee,15
edf131fa-b4eb-44ad-9cd0-c6e64222873e,Staff,10
d1d9de3a-6fd1-409c-81a5-df851a324c87,Staff,10
a9b4c9c8-1e26-4780-b2be-9acfed847ccd,Employee,15
65c8060e-fb22-409d-b3cb-4325587a15a8,Manager,19
f9347096-fd4f-4ecf-95d2-387fb6c1dd82,Staff,10
acf3316f-1d5b-4614-8e3b-ab37ffdd4483,Employee,15
fa29b53a-b8dc-4682-9854-b232ca40bb76,Worker,13
b8308ea7-af0d-4b1b-8d1a-b5eb350fe1de,Worker,13
d02d23b3-b0d8-4235-8b3e-2c47ffe29019,Employee,15
9e1566da-cd28-4883-bead-7591273277ec,Assistant_Manger,17
b323e375-a19d-4147-9866-e646a219cd1e,Worker,13
fc6ce46c-166d-47ac-803d-9d46991ff301,Worker,13
f97cd72a-fe85-45d4-a338-01a1eaa16ecb,Manager,19
a3470a5c-6a09-4ec8-8890-3655783aa5bb,Employee,15
d9116ee9-2f58-4af9-8e41-e71177d188e7,Manager,19
39b609a2-dad9-484e-8a7e-ac368219f34b,Assistant_Manger,17
5a5778a0-928d-4997-bef3-2399a67ac0bc,Employee,15
ac18f5a1-427f-48a9-a966-772e4a1ac465,Employee,15
b6bf44af-071d-4381-b2e9-fc1c53498bc7,Staff,10
ee2cc8a2-6be8-4b44-8290-f319a851cbab,Manager,19
6ae1f633-6b7c-41aa-88bd-0e54b32435dc,Assistant_Manger,17
00757aa8-694c-4be4-9c87-a2d337127988,Manager,19
9052f37b-9329-4549-8642-f1d160233eb0,Manager,19
f6a5cc23-0052-4840-a5ec-a3cc7726a937,Assistant_Manger,17
5567be95-9d16-4474-8e52-a7017884a140,Assistant_Manger,17
4aea4589-8f0c-4996-953f-17286cfe1111,Assistant_Manger,17
b2bfe311-f81c-478e-b6bd-883b53c68bb0,Staff,10
ad127bbc-66cd-4a60-8c87-f6d844a67fd7,Staff,10
c267106e-7a5e-41e0-a9c3-9fc4305c42db,Employee,15
adff87c4-736d-44f3-80b3-5b05bf4771a6,Employee,15
2a8f611b-b277-4f97-9fca-aed2f5263124,Worker,13
5610cc19-920a-44d1-b35d-57b912efaa7b,Manager,19
4559f14f-9403-45f4-bfa2-cdfc7e8d4b41,Worker,13
dfa9b3f0-def6-408b-a5fb-e4904bf114f2,Assistant_Manger,17
6af37705-79ec-4173-afc5-bbb76de82556,Assistant_Manger,17
19c7c90a-71da-4263-9607-55b0c34004b2,Manager,19
424beba6-f03e-4baa-b51e-4a68cfa983d0,Assistant_Manger,17
e5ac6959-6396-4a3e-9aad-03ee8cd336fe,Employee,15
290ae878-33d5-43e7-bd43-2e6f967cac30,Staff,10
afa95af5-956f-4d81-99b2-30fca459d027,Employee,15
c56ab056-8deb-4307-a335-729ef2584534,Employee,15
9888a8cd-0155-4a2c-bbcc-d396eb254e52,Worker,13
5e3d637f-685e-44a2-8b17-ff477d3411d3,Manager,19
b621d0ac-19ed-4fc1-a81a-02bc258e833a,Worker,13
6cb2d75b-5cb4-4509-a9a1-18302dae7044,Worker,13
10fa7dcb-e82e-4d97-bf3b-e489efb359ee,Assistant_Manger,17
f7198414-0dc3-4032-a61d-f15891dddf51,Manager,19
19ca723e-2fb6-4968-bcc3-6572b1becac2,Employee,15
30f76f47-c364-4f8b-a972-d2c6cc428339,Assistant_Manger,17
28c962dd-b2a2-46b5-b3d1-7332badbe32b,Staff,10
3a7eacf2-a74f-459a-b637-cf2820696f79,Manager,19
84b6c80a-1132-4b5a-80a5-fd0c133d23d5,Staff,10
75b923d0-3909-41f9-a2c5-6f5e4f5f706b,Worker,13
a1cee270-9ada-4ae1-b3ea-98a2007b75ea,Staff,10
cc0d16a9-6827-4b26-80a1-e6e529a8839a,Assistant_Manger,17
2561c0bc-31ce-406e-8c4d-0e1da5d7c649,Staff,10
e0226d7d-fd08-4934-b386-f55b6c1631fe,Worker,13
04baad9b-0eb4-4b2a-9302-dcdd4532be1d,Worker,13
4446d3fc-463e-4c87-aaeb-e7fb0a7171d5,Worker,13
a6d7ddfa-cfda-440c-8ce5-bab93f0cbef3,Employee,15
741d1b78-39e6-4d78-a46d-47b7954b2e99,Assistant_Manger,17
0e339213-4685-4a41-a96a-3b2bccde8c6b,Manager,19
c126e9ba-2e7b-4057-bf71-67c99b547b26,Manager,19
a01a31fe-1642-46a0-b080-d46c2a86203d,Assistant_Manger,17
3b5e5e2b-93ce-45c5-b57e-3b41865334c0,Manager,19
7a7cbb5b-2433-4b20-89e0-115c3234438e,Employee,15
056fc30f-cf53-4c9f-b833-032733270724,Employee,15
7e4c0178-4341-4978-9b11-fe7d0db63b6a,Manager,19
be1fc17d-21b8-40ef-96db-47b9ef0e39a0,Employee,15
6132790e-f34f-46b1-a878-57c1f32b0d45,Assistant_Manger,17
9f943eb7-d111-4907-80fd-c0c700da9506,Assistant_Manger,17
72d95430-b3d8-4fa0-a385-840f24e2ec8b,Assistant_Manger,17
67ef31e6-92c5-424d-bec4-3830485be047,Assistant_Manger,17
e7698e25-94d3-4105-9cb5-174400a3146e,Staff,10
0d711a1d-a8fb-4ebc-8284-2c100b5e0a39,Employee,15
cc888d93-0356-4298-9e80-b7ca7308922e,Employee,15
0ccb2c0b-d5dc-494f-a98b-f91f2825ac40,Manager,19
6f098c0a-b8b2-4fe5-acd2-b04d01d32500,Manager,19
12bee97a-1047-4942-b52e-bfa61475d426,Employee,15
b5f2dbaa-21f2-4b09-964d-abe43090af2a,Staff,10
cf26856d-2f5d-4735-8964-733e180fdf0d,Manager,19
1c1f7bcd-77e7-4a02-8e17-3d244e0cbead,Employee,15
3b7ad5b1-8283-4e5b-ad56-4162f4263675,Assistant_Manger,17
03ce1918-c801-4ebb-96bf-b88efefc496b,Worker,13
ddacacbb-94b8-4bea-b9a9-c37acab53891,Assistant_Manger,17
ecfc6bd7-9693-4618-bb51-5cae530b2d93,Staff,10
2f557d87-21a5-46bd-9c75-b07cec4e3e4a,Employee,15
aee7aa58-3366-4c8a-9365-381d2406e3d1,Manager,19
73eca016-7af6-4a43-97aa-d79f057fea87,Assistant_Manger,17
ae435470-4fd9-4af1-abaa-7921f2bb12de,Manager,19
ebadbcc5-13a9-4124-8e9d-068a97d38778,Worker,13
bc80353b-3b54-479b-a6a6-5fc42c44abce,Assistant_Manger,17
8e7b98a7-633c-4c90-a45e-498d74280e25,Manager,19
691903d8-50da-4965-bab8-789497f86756,Employee,15
cf974088-b6b7-4e04-a8ab-f476c4b7be6e,Assistant_Manger,17
f0d81ad7-1671-4420-82c3-3cca398bc988,Assistant_Manger,17
a900a6b7-79c2-47fc-aeed-04c1068f9647,Employee,15
7989b328-501e-443c-9724-9824a5a85495,Employee,15
258adf7f-36b3-4e65-b6f3-b48b0506ccd0,Worker,13
d40906d4-b0e1-4b54-894b-59e9d1dab4db,Employee,15
5b20866a-7a53-4203-995c-5207aee3751b,Employee,15
21db5771-6fff-4a30-affd-feb61d6d6f64,Staff,10
cf353ef2-22dd-4e71-81ec-176ab34faa44,Worker,13
9aff3b09-525c-4a27-aba1-99fe6bbf1ef7,Staff,10
714815b8-a00c-4858-90cf-15300aab59c2,Employee,15
e8484610-05e8-4a82-92df-ef1b45233079,Assistant_Manger,17
e034ec25-3262-48a5-a33a-7aedfe137030,Staff,10
a790d2ad-4248-47d7-a1b7-879c9eac5402,Manager,19
58890fc6-3aad-4541-a40d-c173e3b5c4b1,Employee,15
0d824547-1c9b-4196-81b2-d49df41e65e7,Staff,10
474e8ea5-b475-45f0-902b-d29fb8fadffe,Staff,10
8234f340-8d70-4e87-a607-176e3f3dac9f,Assistant_Manger,17
d60c752a-d817-4698-8bef-dfb60c43a156,Employee,15
020794a4-5bdf-41bc-80ea-6005b0ed1ff3,Staff,10
4d5f7566-c066-4da0-b553-3498419cae4b,Worker,13
187dfa3f-788e-40d7-b521-154d93703aa3,Manager,19
5b0eff9e-2980-41b7-a3c6-4df34e2fc7a7,Staff,10
d6a24902-87c6-43a5-a21d-9a9f5d7530c7,Employee,15
01f01049-4d1c-4b5e-ba42-96c3437b8f61,Manager,19
25bf642d-e16f-4ed2-81bc-0aba0bd21b88,Employee,15
bc3c9136-5bdc-4f46-a1cf-76435b24c10f,Employee,15
18970943-3d5a-414b-9c1a-4a26aca9969b,Worker,13
bc31d391-f49d-43ce-b029-60c9f1c31731,Staff,10
eeb53807-393e-4faf-ad23-e061e129d5b3,Assistant_Manger,17
b40258a5-a304-4cb9-9a13-28a39259dd30,Manager,19
f0e77125-8c6a-4122-9f90-3cbbb4d07d27,Worker,13
07bdd59f-e854-471a-af6a-757f8dfa180e,Assistant_Manger,17
cf0a6383-009c-4487-bdf9-1a3adbe5da31,Assistant_Manger,17
863ab74b-332a-4432-a327-e829d5795594,Manager,19
0472cb3b-65b8-44a3-9fe1-58c8b48c6e5d,Worker,13
d899709b-0101-4403-b0d7-e02fafb759e5,Staff,10
7ce6fb31-fdad-40d9-adab-e0b828e188bd,Employee,15
43d39610-4705-440a-9867-0c9dc6372fa2,Staff,10
a9c7f72b-669f-4264-a960-b92d874eae09,Staff,10
eb44f801-1084-4c30-9d60-2e43ffdfc16f,Staff,10
978c1c17-b93f-45fd-8930-dc91416e6e86,Assistant_Manger,17
c0981512-0551-4577-a837-fa91a83428e6,Assistant_Manger,17
ab688d57-a140-43cb-a94f-2434b2a563ad,Staff,10
0667bb16-aafe-435e-803f-f021b07639bc,Employee,15
542bbd7f-a894-46a8-8b01-773270cb9117,Assistant_Manger,17
8dd816b5-03f3-4d5d-8a59-ae2bb5551ca7,Worker,13
7c7336b7-1bbd-4b34-b928-5f57f4196c41,Staff,10
d2c8d236-0769-4613-be9e-87f55246a6e0,Assistant_Manger,17
a4dbae74-969d-4bd9-a4bb-6ffd78bf298e,Assistant_Manger,17
70ed9e6d-fdf9-4da1-9928-de053378d6c5,Manager,19
b7315c8b-5e03-44cc-a4e2-5eaa71df102a,Employee,15
60aa7e56-1df3-410f-94d7-54be6c838fb7,Worker,13
64ec6aef-f463-4b5b-9ed5-7591d3f59af3,Employee,15
4694896c-124f-46b2-9226-ee51e9640265,Employee,15
1200dad2-23d6-4049-86fe-45404e27fc6d,Assistant_Manger,17
cca7db1e-f5a5-413c-9832-ef9330531274,Manager,19
4d252f8d-821a-425a-a89f-f54ec75be1e6,Employee,15
480040fe-5c3a-4a66-97c9-7475b63fb00d,Staff,10
398c56da-7b29-4d34-92f7-4a44556f6f61,Worker,13
0aad9660-c099-4af9-9430-cb7591a495c6,Staff,10
3627ddf5-036a-4ccb-9f63-48c9d9b0fc35,Worker,13
f5342a30-ba81-45f4-9b80-73f501ab3c0c,Manager,19
7a9d13be-6238-4730-8d67-9a4107cfc280,Assistant_Manger,17
bb6fcaf6-6c91-44c5-834a-141a1d6c1246,Staff,10
3348347b-a793-43a0-a4d2-0901f3fdaeb4,Worker,13
cfb1c171-6e3f-4049-afc0-e6e49076f222,Manager,19
41252bc9-5c17-4eea-8de8-de985bef0f48,Manager,19
3cc0ba36-4a9f-4015-9cf7-67bb4099bcb5,Assistant_Manger,17
2dbb5608-1c02-49ea-92a1-118908f8370a,Worker,13
9b4226ae-62b0-4a94-89ff-368070bc7f70,Assistant_Manger,17
73094434-1ed2-4d77-b0da-7b9fba882107,Employee,15
109ee6c6-c5d3-4de9-ace0-b7048ac8b152,Manager,19
b365264d-a529-4a67-bdfc-bd8d4e9f7fc7,Staff,10
5ea44284-029d-406c-869d-c71d414df476,Manager,19
bb3c3727-9dd4-4063-8af1-f741e4999f3a,Employee,15
4801b9e7-2598-461e-b745-447aa03b8bf4,Worker,13
99dad586-804b-4896-b016-5254df01db54,Worker,13
914e9ebf-1b30-4f75-b6d8-542e48ea2b6a,Staff,10
db4d121b-48e2-4bcc-b1a9-d5183c7e1cf7,Manager,19
93346ea7-b995-4f87-9d9f-6f49acda99cb,Staff,10
3e5d2c3b-e1be-4e65-9482-99527618556d,Staff,10
dd284d99-de33-4880-9332-9a417a972d74,Worker,13
ce72a4a8-09fd-4309-bcad-cdbfa5d27c8b,Employee,15
2a92aaab-99be-4987-8958-8c953e54cd01,Assistant_Manger,17
8a2b9fd8-a6e9-4c03-8110-0237080858ff,Employee,15
5cdd92f2-a35d-48d4-80b5-cf626021a8ca,Employee,15
35ce1673-1d8f-497d-b66b-ba4dc8e8cf62,Employee,15
53a44eb0-387a-4100-bd51-2d923bd5fc39,Staff,10
2e5431f0-c4a8-4441-b03b-4a975f8f0dcd,Manager,19
04132772-4798-45bc-9f13-4eeeddd22fc6,Manager,19
d0cfdfcc-0ba9-4e06-848c-6168d2b8f120,Assistant_Manger,17
8bd00500-bd72-4322-a767-c798571055e7,Worker,13
1045003a-72ee-40ab-adbc-17f03565d0f1,Employee,15
d07cbbb6-45ed-47b8-b9cb-40173fdb1983,Worker,13
ddc12ca4-b094-4258-91c5-e171df52fd82,Worker,13
ecc72f01-6d8d-4864-baa2-10de62b69dd2,Staff,10
bb722fe7-3f90-41bf-86fa-e6e79ed1a825,Employee,15
75b737df-3379-4a04-8529-a0b28b00afb1,Staff,10
38c4714d-0524-4d51-bca7-833e0624bf27,Staff,10
fb83e82e-6ad2-4a87-b7fe-ae7282ebd44c,Staff,10
a44308af-36eb-43dc-9643-ef2f9b4d7815,Manager,19
e7d70db2-2d23-4ea0-b555-437b1c9731a4,Employee,15
2f24e5e0-1eeb-4385-94ee-03cecbfbcadd,Worker,13
b098440f-de35-41f8-ad9c-38e29e0c3b33,Assistant_Manger,17
0d5074bc-fffe-409c-a876-02260aa0ead6,Staff,10
2a7e3354-a5e1-43c6-8b08-c0791b387917,Employee,15
31fc6ff7-bbc3-4400-825c-9aa04b3da597,Employee,15
a03d9d8a-fe07-45dd-b34e-5c5545f06fa8,Employee,15
be52032b-82d7-44e9-8ad8-9d710e9fa5d7,Manager,19
8268581d-42db-4d36-a337-8cae82e68f53,Assistant_Manger,17
476720a0-dffa-450a-aa85-6347b987cfa2,Manager,19
a0d5f856-8580-4ac0-8be3-e51ff0db4262,Worker,13
35093fba-334d-48ba-9312-0c4d2fa5d6f5,Staff,10
ba2932b8-d5a2-4ff2-8121-0877a51e2123,Assistant_Manger,17
d0227f66-5a0b-49d6-81bf-bcfd0589396d,Manager,19
ab5a95f1-d496-428a-bd3f-cde59464dce8,Assistant_Manger,17
1877d2f1-e74b-464d-a83e-0f6d8a4788f8,Worker,13
02c55e32-220c-4053-94eb-5c3bcdeb6a37,Manager,19
4bd32ec1-a0e2-499a-a4c7-c9b164910e81,Assistant_Manger,17
f0e4d928-4af7-43f1-9cfd-63335eda62b7,Staff,10
70c3b4be-5047-49c7-a57e-7ef757631dec,Assistant_Manger,17
73f13d0d-09e1-4497-8a82-bf5218c0823f,Staff,10
19991c53-3ddc-4424-a9b6-56e9e758ac6f,Manager,19
694aa135-9dca-4c54-9ad9-fee3cc20abfe,Staff,10
b3d5cad0-1ac4-4d97-a30e-6c4d4ca6177e,Worker,13
9befb4c3-54b8-4654-890f-4129dac8f197,Employee,15
72f55e0b-2d18-4a7b-bbc3-a64a5b7ebf1e,Staff,10
82414837-72d4-4b5f-8892-9c7cede1f969,Staff,10
4fbd9396-f740-43e3-a83e-a06a36658266,Assistant_Manger,17
604b44c8-940a-4dba-9e52-568e38b52c0b,Employee,15
78540b95-87ca-447a-94a4-d40a27a4621d,Assistant_Manger,17
4fb82a92-309f-4d9c-a9c1-ad67c6262f4e,Worker,13
642b75d8-1603-4f16-ae5b-d9080dc90a7e,Employee,15
6e960a44-1ccc-4201-8279-3ca35e729e82,Manager,19
b4cda51e-39ba-478b-bdcd-4dc5b171fde1,Manager,19
c4bf5807-e77c-41e0-99de-c7d025f0ab54,Manager,19
c11dcbfe-aeaa-4777-a698-93af9b924442,Assistant_Manger,17
113de5d8-151c-4536-9d68-411e16716f82,Assistant_Manger,17
ba8a96c6-c0f6-4ddf-973d-bdd116f90d02,Employee,15
8f4bb553-4d91-4e56-bcc1-d84925d15acd,Manager,19
6a627981-2642-462b-9d6e-fc8bc697080e,Assistant_Manger,17
238612ac-21f1-4fbe-bfea-e14f5a308fb9,Staff,10
3435ae27-7a25-4b0b-87c6-534239d61ef6,Employee,15
3841055f-9a18-4833-b35a-8e51bc8951a2,Worker,13
e1d558fd-348c-439b-861b-4ca032a22e04,Assistant_Manger,17
aa2a1953-5b02-431b-b12c-fa993b07a9bd,Employee,15
39a86e67-33f2-482b-96a1-40a70b43ccda,Manager,19
6498ccc6-a330-4d87-bcb3-8e84608a7c3f,Staff,10
5ac6a17a-09fa-4995-ac49-b08ae23e98ff,Manager,19
f2ad125a-5235-4bca-8714-8114637f6124,Assistant_Manger,17
217d1d0f-4c4e-467e-b845-17a414f3ef90,Assistant_Manger,17
17805ba6-e11d-4491-a3b1-345264b0e7bc,Manager,19
b91f14cf-6cb6-41a9-bc7c-52984dec7a53,Manager,19
7a813285-70d8-4464-954d-6f53f0580a5b,Worker,13
f19537f9-7398-4886-8524-29c589f18039,Employee,15
77b84457-6b18-49ce-907a-5ced08b42fb4,Assistant_Manger,17
48e854db-8daf-43ca-809d-9fd6a16d247b,Manager,19
3068d38b-cdc3-4f26-806a-651a6f35f09e,Assistant_Manger,17
b47ec19a-a0ee-4119-a8a3-1f7e858ef857,Worker,13
3cdd50bc-f428-4ad7-a664-8542129f8744,Employee,15
855b2459-ce81-4d9a-ac53-2eb863a552f1,Manager,19
661c0cf4-8664-45dc-bed6-e498b7f77c7f,Employee,15
55de297c-56f5-4277-8e02-71354b58b9f0,Worker,13
6beb957b-d7f2-41d1-8ddc-80515d3a94aa,Manager,19
bc9e09f3-82f7-4dac-afae-34373e391012,Employee,15
1916624d-aaa1-4de5-b97c-9cac47fc81d6,Employee,15
7b261b48-a05c-4b93-90b3-6518d31c1343,Assistant_Manger,17
6e0106b4-e237-4ac2-892f-d26acb66af07,Worker,13
56910a9a-4e5a-42c9-8e53-1f7d4a217150,Employee,15
6a5e5d6e-a1e2-4cac-bcda-f88ce99b64e2,Staff,10
abc14bd5-c7bc-4d38-ad09-ed5f8e287adc,Employee,15
9c0a5be2-1d27-46de-a902-5ad67450a3b8,Staff,10
a056ff70-58d6-401a-80d2-3ad8ec4bb916,Worker,13
c759f8fd-9b5b-4c33-9dd5-f3a54bcf9829,Assistant_Manger,17
fe9c1d8a-34c2-48c7-a34c-adc6468e8291,Worker,13
9e87d3f6-1f2d-4d68-b841-8f3c464852a3,Manager,19
15d083cb-8916-4d15-a432-deb3234c90cf,Assistant_Manger,17
616ad6c7-182f-4f9e-8d90-5cf879fda52a,Employee,15
946a0357-2dd3-4482-bb89-b11a10210352,Staff,10
8b20e7a0-98a9-4754-8de0-5d476797a2d3,Worker,13
c996be7c-0282-4d1e-b405-785a021b0db3,Assistant_Manger,17
02c1e8f6-478d-4ce5-ba91-7c3c78d8bd09,Employee,15
f25ca1fc-ce6b-4e01-bf23-4a97eb65c3bd,Assistant_Manger,17
0477d95c-6969-4bc6-8678-9d1566b14daf,Worker,13
2f555f95-b461-4d97-b4e4-0ed4efcff40b,Manager,19
8c3df910-a9fb-49d6-9944-64ed284c9068,Employee,15
e4fd76e5-c991-439a-b26a-47d0950ccce2,Employee,15
009fc377-5e2f-4089-ab66-e3c5e377f255,Worker,13
3e06614f-8dbe-4f38-b8f2-190504ca468b,Staff,10
191264d4-8ba0-44c6-b1d0-d54d68662010,Manager,19
3b75d453-bd8f-46fc-a6f3-ffe551e9f5c4,Worker,13
cb0b0eb9-2528-4442-8827-773554ddb549,Manager,19
2e51c301-85ec-4c2f-84e6-4b18c519c5b5,Worker,13
0d44f0cb-e8d7-48be-8e1a-eb6aa0218849,Assistant_Manger,17
8565f123-d021-4c89-aff7-1e0478608fa4,Manager,19
729ca2da-64b7-4d57-9432-aed33b762293,Worker,13
ffd47bbc-c21e-4f40-9fbf-28c3131b80a4,Assistant_Manger,17
d711fdad-b6d4-4cc0-a833-7f0fc852e3b6,Manager,19
d4b9b4b0-ff0b-456f-a583-03bc3b0e4463,Staff,10
8c89668b-beb4-4bfd-9fe9-e7f646167944,Employee,15
ffb0a08e-995d-435b-abee-ef2971d65ac2,Assistant_Manger,17
d01ffa26-eb21-483e-b8db-8844ae07702b,Assistant_Manger,17
1e92bad8-819b-4121-8d34-a01c054379dc,Staff,10
1f842e14-0b2f-46a2-b5a0-eea02d49ebf1,Manager,19
e59457a2-5cc0-4406-a19a-731b659c2951,Worker,13
0bd555b8-6322-4ec6-a5ee-76aeb51d9b35,Staff,10
b948b8c2-1c18-4d14-831f-220d60883e9e,Manager,19
c913b094-8e96-48fc-a2aa-94cf6a6b129a,Employee,15
17fd173f-bb63-43cf-aa51-4be6e6727792,Manager,19
d9b7f518-66ff-4afb-82d0-42d7af8acc24,Employee,15
5a6f79d4-c404-48e7-a154-dd1ab74e420c,Manager,19
9497354e-02e6-4c4f-80e0-afd74a92faa7,Worker,13
84b42064-7708-4fe0-b6f0-8e79bad987ca,Assistant_Manger,17
acf44896-9771-4ee9-a8b6-1f215bde30ee,Worker,13
f20e5356-66bc-4936-a5f5-9816687bbc22,Worker,13
c3181c58-f0fb-41b9-8e14-39e31d1d1916,Staff,10
705b6bb1-bff7-4d60-a284-62fab4408dc8,Staff,10
842fcc12-6b6a-425e-9ad8-97ed3e799259,Manager,19
24f9f02c-4e08-44b3-a097-f8b4768bd330,Manager,19
91981155-7765-42c2-8800-1a5c5b594aec,Staff,10
912faaf1-1708-4c07-8abb-edb6e124e60e,Staff,10
30704f8a-9643-422f-aaef-e7e753900fa4,Manager,19
796193b7-c1c5-4419-afdb-8372b33ef782,Staff,10
b17bce10-0f89-475c-9644-19800c4e67af,Worker,13
03861b25-950b-4944-b236-469bf8244752,Worker,13
d7f27316-c941-4bc4-bd8f-70a34abcdddc,Assistant_Manger,17
29b73935-285f-4763-a086-b7cd8af5001e,Worker,13
61a1016b-6055-497c-ac15-ba9d01e1c6a7,Worker,13
2cb821c4-3947-4a3f-88da-7c174abd09af,Assistant_Manger,17
8a9ed16c-da03-4aec-8410-41f5b0f1925f,Assistant_Manger,17
e9372ae1-c2f8-4249-ae3b-450ce1b86d2c,Worker,13
001251b5-e800-42aa-a1dd-8d73d9e9d746,Employee,15
d6f9ebd3-5383-4825-862d-8bbb946d6fff,Employee,15
5093f165-7857-4ada-b23e-edc204b07cac,Staff,10
27184929-3b81-4310-ad8a-e8e31d9cfd58,Staff,10
0abc18e2-e34b-4d6c-bf3f-128db909df72,Assistant_Manger,17
37393863-07b8-4cfa-9474-fb17cfdd31cc,Staff,10
6c5c939e-000a-4173-b06c-d6035b95e8e3,Worker,13
95942472-614c-4c8a-b066-5259a98311ec,Staff,10
32f27583-9340-4af7-acd3-32846b9a0d52,Manager,19
015fa3da-58bf-4cb8-81b9-06a8a146a658,Manager,19
f619d377-9bdc-4e94-be48-50ce5f626a3f,Worker,13
4bb58925-8b78-42c6-ab95-0855d55c0b3d,Manager,19
92aa2e53-631c-4de0-a4c8-b6037f4f58d6,Manager,19
4769811a-0372-4094-b8b5-0a61a39c6787,Assistant_Manger,17
9f865367-3525-4e06-9476-fab6190f3bd6,Worker,13
c2765a03-09d8-439d-8faf-6e7866d7dc80,Employee,15
e8888eae-ac64-4d54-b9e4-75b511843651,Worker,13
19ee4288-9006-49b1-93ec-8b752988f33e,Assistant_Manger,17
5129f096-b562-4f85-a0bd-6e5b15414a5a,Worker,13
b876bbc1-c3e8-41ff-a518-2ae1ea15384b,Worker,13
298870c7-1a67-4c67-8fad-49dc431d3503,Worker,13
82ad426c-fda5-4b33-bdac-fbdb43755c90,Worker,13
c2cc2454-b446-4d80-9746-643ee091a201,Staff,10
d1f7332e-2ca0-4879-8cdd-577a9b099620,Manager,19
e9bee007-d831-4352-aa35-1ad58b5cd7b1,Worker,13
ea133929-3a7c-497f-9c45-5e76927169eb,Assistant_Manger,17
665ad936-9966-4cf8-8011-57182de76f2e,Manager,19
19a06700-de00-483c-a8df-27605ab65ea7,Manager,19
88b28c38-6c40-4267-8313-f33e92a9f825,Staff,10
2291b357-c88b-47d5-9004-ceabf01da105,Staff,10
66759c88-1a41-472a-bcd5-4596774bed44,Worker,13
480c5a56-ae8b-4c0e-a446-fb2c53318847,Staff,10
db3d02d6-fdd8-4161-b0d6-803d72b58026,Staff,10
f00f21d8-616f-46f1-a5e0-6172610f5583,Manager,19
508d35d3-9ecf-48f4-9cda-d648be3d4741,Worker,13
3b1eb995-6857-48c8-bfb2-75a9cba4e235,Manager,19
9dfee981-9d9c-4672-8e30-523568a12817,Manager,19
0fd96536-1dca-49c1-8147-cf61ac776531,Staff,10
262f7002-d987-4950-ba6a-a41c338c6140,Assistant_Manger,17
aa4f0f26-a3e4-4bd5-b58b-9e91d7587999,Assistant_Manger,17
88acf192-f38d-4a62-aa2a-b5fdad754200,Employee,15
080e5f36-bdc3-4305-81f6-5109822204e3,Manager,19
15dd8988-369e-45f0-8673-e6402396bfe3,Staff,10
65db6ff7-3dea-47b6-98bb-d8cc0aa87c59,Employee,15
306e91f7-6f8b-4c68-98a8-b8d88210c4d5,Staff,10
e51e50a7-7455-4959-9f01-b2303d108757,Assistant_Manger,17
b2031d47-9b13-418c-8453-4f7ca9b1eb1c,Employee,15
c1548b97-546c-4538-bb80-89cf3866d113,Manager,19
7cd55f74-3738-499e-8dc8-60f8df82272c,Assistant_Manger,17
00e1def9-127c-4fba-833f-433a432c77ff,Assistant_Manger,17
40ec4267-bfb1-4d4e-8c1e-d1eea4aa932c,Staff,10
2a28b1e3-e452-4d90-8b07-83a03117865b,Worker,13
627cbe84-86fd-4502-a1e5-090974f3a829,Manager,19
63337c3a-dd37-42ba-afc4-59036b268e36,Assistant_Manger,17
47f87758-96b0-4a44-aaf2-97a3f65d24a7,Employee,15
3c2a2be6-36fa-45ce-8610-d8256447d384,Employee,15
7a013540-3788-4382-a036-7018e090ade3,Assistant_Manger,17
07e7c420-2095-4bfb-bf0f-775116b59b0c,Worker,13
384aa332-ad2f-4f38-b84f-73e28836ab7c,Employee,15
4c2d3679-e023-4008-8e18-eebc3593b4dd,Worker,13
d8b03fcc-d22d-41a7-813d-d5efd61a22fe,Worker,13
938b95fa-d1be-4b36-9d49-bc5ed83ecfc9,Employee,15
f04e76d5-dceb-46f8-9443-728c4f52a2ec,Worker,13
335b492a-022f-4ecc-972b-10550a850610,Employee,15
68f088b3-e37f-4243-8402-88451286ca1f,Assistant_Manger,17
275e9583-1a77-4982-b362-958b3e336874,Employee,15
d29d10de-4b33-4945-b8df-35a14205e8b9,Worker,13
ef24b9a3-a7c3-4484-9572-ed132a839eca,Staff,10
c84e4f56-92c4-4bc8-867e-a2d63e5f1e09,Worker,13
a6ac5c61-eeb6-4607-94b2-649efb97262a,Employee,15
992f612a-1d1d-47fa-9681-9a77ae6d6e4b,Worker,13
0164e2c0-742b-44fd-8940-500b28528e69,Manager,19
79215809-bc9d-4b92-9cf9-e2d9f4d1bd57,Staff,10
031d84bf-9bd2-43a8-bb50-157eca79f1a3,Worker,13
ce005887-440c-4cc0-a301-6f586fd9c1fa,Manager,19
b524371b-4920-49ae-8125-4ca37445eb91,Worker,13
065c8856-198e-4408-9025-0848c35a46fb,Employee,15
6b9791dd-c60c-449d-bc6c-c6f11fe4b871,Manager,19
b8173f6a-1318-4c9d-ae65-09a10923ffa0,Staff,10
16613f1a-6896-4919-a4cb-b0fc722bb27f,Employee,15
8b5d9ba1-e98c-4105-8798-1cbaef126129,Worker,13
4d95f89f-3ee6-4e18-8e63-cfbccde5ae52,Manager,19
e6b1b6e1-ad70-4b9d-9455-09ab096a8d5f,Employee,15
f21b7323-1ac8-48ce-8c45-f6706844d03e,Assistant_Manger,17
baa6c04e-07a1-4584-adff-4004df232dc4,Staff,10
635564ef-8438-48cc-abfc-74ce2076edaf,Worker,13
ff22c0b4-b093-4060-9488-e63526e55754,Assistant_Manger,17
67f2c08d-38d0-4b04-87c2-e665bff0495d,Staff,10
af47da9a-db3a-4b2d-9f3e-b8d56e0f4a01,Employee,15
ceac976a-3f76-42a1-a6ca-8dd945d3d197,Worker,13
54b85d08-a992-40fb-90c1-0bfcb9f92743,Worker,13
69354a93-17b1-4227-8e0c-f251ad908da8,Manager,19
903bceda-8101-47d8-84db-37e806e9274f,Worker,13
c8e3f11f-81ad-44cb-9206-cf8a1f281548,Manager,19
a9d34d41-d7ff-4e6b-988c-0b0f759db851,Worker,13
16ecc9c7-8b5d-4f6e-8a65-fe1ac3c0e9ed,Manager,19
e668fa9a-17f8-47fb-a46a-9f7e78fb8dd9,Staff,10
19aa746b-3ac8-4c7d-88b8-d830eae7c020,Employee,15
e24d41f3-9045-4fad-825a-4db6db003a47,Manager,19
a659d6fc-e1dc-42e5-914a-887d01846b3e,Staff,10
83a9b6d1-42d5-4bf8-8364-1bb5252fb17b,Worker,13
4b349c22-26da-4c36-8f6c-5e139bf83992,Employee,15
dfa79d34-be26-48ce-85cf-99493ae3bf22,Assistant_Manger,17
070871ac-9ad5-4df5-b1ff-adcb2128d216,Manager,19
3ba4b45c-332a-4055-a2db-fe2a2d2b24ce,Manager,19
416d4d94-0b87-4b30-b284-98dced81ade5,Assistant_Manger,17
6d4b1986-be80-420d-a7e8-d72e4e87af8d,Manager,19
64ee0a9b-c330-44ec-8c78-2621d0d399f6,Assistant_Manger,17
8ff12b28-5850-495f-abbf-2a072863cf0f,Worker,13
14dc006c-962a-475d-aed2-8e7a3b94d892,Manager,19
991b484b-59e2-4f3c-b1b7-6abd6a6c9ea3,Employee,15
c057cfcd-baa5-4dd1-a705-7f1549c9b6c4,Worker,13
2dc99c06-79b0-4ce5-8306-f88c2f1f1ddf,Employee,15
f7b7d030-5c1d-4fca-bca6-7b237dbb3283,Worker,13
0d90b810-b287-4896-9cc6-3251bb020bb5,Worker,13
b490d84d-d5b9-4631-b88a-c065e088f726,Assistant_Manger,17
2863dc12-df1a-4bbd-9c22-a38854ef0caa,Worker,13
8f804b33-2692-4870-8084-0c203ed7a2e6,Staff,10
124771a6-7f49-46d2-a219-8373654a3b6c,Worker,13
37df48b3-b06a-4b73-b35f-61e996624d58,Employee,15
14149886-e41d-4125-87c1-e1684413a0c5,Assistant_Manger,17
91ab09e9-a9ef-451f-b170-34155a8718f8,Manager,19
c8ecdf9e-4d0c-45e8-a1ed-f0cb232a25a7,Assistant_Manger,17
8355dc21-2c78-41d6-82df-6e4b236afbd2,Worker,13
e82eba35-3f39-4b73-9e1f-684afd2444ca,Assistant_Manger,17
6254a955-3235-4ea2-b06b-aa8f9b0282bc,Employee,15
9c70e8cf-9422-43a7-9d9c-a2b3f9441811,Staff,10
7c3e6097-018d-4fe5-b5e9-5bce19b8d49a,Assistant_Manger,17
84970cb9-c887-4227-b5cc-76b5f57ad65e,Assistant_Manger,17
37c607e5-bf5b-4fb9-a786-fed22cdfb875,Employee,15
79725eb4-b373-45bb-82e7-e32c3412572d,Assistant_Manger,17
a1cc6854-a794-4eec-b7a2-355330053d4f,Staff,10
dd40e7da-80d8-4fc9-91b0-daf21437296f,Assistant_Manger,17
44dc89ff-2d68-4245-8fdb-64f6495dab94,Worker,13
93a147e0-1b02-4f9d-9e7c-e9ee2a3fc6ad,Assistant_Manger,17
87de7cff-dee7-4e0a-8c85-d5a8afee40d4,Staff,10
87d6d739-9199-4e73-b246-a76ce8f49a3b,Worker,13
222d15e1-35da-48eb-9d9d-601534660931,Worker,13
a2e6ea38-782d-4b64-b7b3-36bde6577f69,Staff,10
5517b2e2-1ce1-49b8-a997-31b60724164d,Manager,19
ab2b7f17-f706-45ee-bd67-17473df45bb6,Employee,15
e2db2085-2e26-4f9c-8937-766cc1fb1a23,Assistant_Manger,17
0b7a18be-b6b0-4453-abe0-88e4d8e48372,Worker,13
d5b12afd-e01a-4d13-a958-f4111fc7972f,Worker,13
81d6e9e5-eaaf-40fd-b061-7b55d45e14d6,Staff,10
31bc9eaf-65db-4467-b3e3-a3ab0ce7c462,Employee,15
ec8e95c1-aefd-43fd-a7e0-723b824ba0d7,Staff,10
bba6ea16-c951-4d12-a079-1f7fb13fcc4c,Assistant_Manger,17
4bb92e6f-b2c8-4620-b39e-b47174a6a768,Manager,19
992d7c79-2a02-4b8c-8757-c60f4a4975eb,Staff,10
4be9d838-6668-4c59-9ec7-44472577f839,Worker,13
69f551c1-218c-4f78-8057-fff507008bdb,Staff,10
ea8b58b1-1565-4c3e-a48a-3e331ed65ca8,Worker,13
37d842ff-452a-4aeb-9087-c801a0e94732,Assistant_Manger,17
60570366-f18b-4555-8f4d-9c5e07f51005,Employee,15
8ef1dc66-b512-45d7-9dfd-e77ef6a88eda,Worker,13
9ad48530-7d2f-4fb4-b112-e53c95161604,Worker,13
97d96aa6-bb95-4c82-9828-8e26a78aed64,Worker,13
4cacde41-6414-4202-897f-e1a87a06a483,Staff,10
e6e0ea7c-2353-41aa-b51a-28e22be95b48,Employee,15
7b738b5b-2d30-49f6-a62d-ccbf74b41349,Assistant_Manger,17
48b39b84-b398-4109-9f30-d8074d55a8db,Worker,13
94ea4be4-d49c-4932-8dac-e20dd40216b1,Worker,13
8e3bbe6c-63ba-4e38-b406-9bb8d43c4f4c,Staff,10
3716c3d5-9f53-4af8-9470-48a62d3899b3,Employee,15
f4d1767b-e817-45df-9d03-04de3eae70b2,Manager,19
c939290a-9db4-48cb-bdc2-43abebd698d1,Employee,15
9edc5f71-a3b5-4390-bf44-2b74b17b4e4a,Worker,13
a5c99439-15d5-4426-a6ec-e87f38038b7f,Manager,19
1ec458ff-043e-4c83-89e5-a5e40f5a206c,Employee,15
43a43e88-cbc4-44d9-b05e-a322f5ed9c1c,Employee,15
c1f8b871-d40d-4cf0-aeb5-b6914b083082,Assistant_Manger,17
75e71307-7eeb-470e-b1f9-f1576239a565,Staff,10
8399dc63-813e-4b2e-8a1b-8b0238536606,Manager,19
0da4d5f8-8ead-4410-b50f-66dbaec67cb6,Staff,10
5827bf21-4830-4e99-9323-0dec709d7fb8,Assistant_Manger,17
eccee46d-d81a-4e0a-aff4-6bc9e3dd2337,Manager,19
ca4df643-60be-4fc5-96cc-65cd1abbffbf,Worker,13
e39e022c-3fd9-4c1a-b54f-f845755aa4f4,Assistant_Manger,17
5fe48509-c2b0-429c-abaa-9958a6823537,Manager,19
d14c03dc-0640-4ff8-b953-3ab4797a4518,Worker,13
c830eb70-385b-4ce3-aa4a-e6351052dbcb,Employee,15
3df1728f-2349-4dd4-834e-cb028f1bc1e1,Assistant_Manger,17
1cddb9c9-d49a-4536-b62e-c4dea13e0e18,Employee,15
090eeae7-dbde-4b17-87da-ff9d9c55e332,Assistant_Manger,17
d3901204-beef-4855-b35c-c52d5cbddafa,Employee,15
7fc9bc2f-3b65-45de-8234-79d9eff8c354,Worker,13
58b162d5-0696-453f-872d-7e665ee3cd1a,Employee,15
b1844cb7-bed4-41c1-a1ac-e069288ea401,Worker,13
d427ee77-2887-4337-ad4b-1541a0f23859,Assistant_Manger,17
1a9f6bbd-241b-45ae-aa29-a9411a30d002,Staff,10
f2a98dc6-126e-47ad-9752-6e2625eeb1b5,Staff,10
323d25a6-c78d-424d-a5da-a976917663f8,Manager,19
a97cb135-dd3f-4aea-a478-993a13e42185,Assistant_Manger,17
d0a3f78d-d6e6-4e47-849d-5cd08f1c7ef0,Staff,10
cae1c4bc-647b-40a2-9292-9d8cc349d46a,Worker,13
27d5b660-e067-4f6d-be41-4293ce58bb78,Staff,10
21cae29b-24dd-415d-b839-d7d458aebc7b,Staff,10
8811dd70-f66a-411a-844a-f44ad5edd529,Employee,15
cd0046aa-cc51-4308-8026-9776e4760bea,Manager,19
2f951e7c-4a3f-4bf2-a3e7-305762b176a6,Employee,15
e6cc4a15-008c-4a37-944e-3c3c741f69cd,Staff,10
ec42a799-eba1-4de7-9eb4-adca4039b935,Staff,10
50e23664-1732-446a-950b-f9c499294084,Staff,10
ab85f080-79f0-466f-aa1f-c11e0b433c87,Assistant_Manger,17
6b9ea3c9-5fff-4e29-87b2-3a9b23c347c7,Manager,19
8853bf3a-76f3-4e39-a586-d87621e97ae0,Employee,15
bbba8100-2edc-4727-9db5-df8161885fed,Employee,15
e9de3541-96a0-49cf-a3dc-bb22bd579a21,Manager,19
22d0a3dc-6681-4c38-92fb-8fdccc845147,Assistant_Manger,17
5ae95fc0-21f1-42bf-a8aa-04364f5d9687,Employee,15
939e098d-7706-499e-9883-0e8cb2a1f19a,Manager,19
9d11d3bd-3a7b-4425-bab9-25e90a8ed83d,Employee,15
50f51a38-fbad-489c-b4ea-6ce7a4d384cb,Employee,15
51e86ac4-b2f9-4b3a-ae33-eee6ff83e020,Assistant_Manger,17
830df302-4f47-44c3-b826-9fd47aa0fc41,Staff,10
e6ab07d3-baca-46fc-aef4-ad6585e8ae3a,Assistant_Manger,17
278b308b-e7a3-47ca-9387-ad88edbc9443,Staff,10
c698be41-e42a-4c4a-8ebb-7199891b2f1f,Manager,19
9f6898e2-53c5-4642-aeb7-8f805e99428f,Manager,19
2a049e91-bb76-4543-a050-d35299c437e8,Employee,15
23561aed-aa7d-423b-a6e7-63ffdc5989a9,Worker,13
600cbd9f-93e9-442a-9b6b-1c829e29cb3a,Assistant_Manger,17
0be0558c-e45c-4ea6-ac98-d9101ac8a6fe,Staff,10
1d4d1a59-4293-4559-8629-a4d63b84800e,Employee,15
247b00f8-8203-4365-9ec4-80cbd1163b87,Employee,15
13f52972-e20b-4387-830d-684e3ec9e5ea,Assistant_Manger,17
6ca4327e-0824-46bd-92d8-03c70f2238fe,Assistant_Manger,17
9a1c26d8-d843-4a2a-8498-673bedaf0307,Manager,19
135d775a-921d-43d3-824d-e60d785029a1,Staff,10
db6e821d-2513-4668-ba64-ba07a69af7e5,Employee,15
15ba181d-93d1-4990-b884-0f068b52345b,Manager,19
e1622a62-189f-4ee3-9303-61a3e2d927c5,Manager,19
b9ab6f8f-9ecd-43cf-8e97-c1b479252adb,Assistant_Manger,17
9a551c92-3412-40bb-9198-f4122d640f86,Staff,10
f63d4f4f-cc25-4d9a-a087-1392727882bb,Assistant_Manger,17
12d0f370-65e6-4396-8fa6-c1df5344aaf9,Manager,19
9c61b4d3-cf10-4b55-8de9-e3ae63cdb69f,Staff,10
9a49c796-78bf-416b-8d9c-aac2d5e797d1,Assistant_Manger,17
87a9b42e-a1c8-4383-aa31-c9f75cf1f649,Staff,10
4f155239-8df3-479e-a3f0-4ef60576b9f1,Manager,19
05ed0fdf-414a-48d2-967b-099a24fbe438,Staff,10
2fa38fd4-bada-4048-93d8-cc4d8621923a,Assistant_Manger,17
610f9fd9-9da3-48d3-9e66-ee71ae089a83,Worker,13
81f8617d-67c2-4654-a228-1790b509d122,Employee,15
598c6e34-ee05-4b34-9e21-f34d582db181,Assistant_Manger,17
8154e862-a823-40c5-9b63-e3a386d7e549,Assistant_Manger,17
9c8d26d9-b14a-47c3-bc14-541495b15a03,Employee,15
6ea5ffe6-8575-44f2-addb-10e36755b2ad,Staff,10
14256ef5-3f2a-44a0-a8e8-d1a8fee76c41,Staff,10
9088aa08-4f86-4a2d-8422-0c9f739ad42e,Manager,19
d75faaf3-b820-4088-a7c0-ad6259c8ceaf,Staff,10
b20a1b5e-2abb-4746-bcff-df5dcf451598,Employee,15
54a7b637-e661-4c8c-98dd-d559b2d04847,Assistant_Manger,17
9376e6dc-8c85-44f5-be41-f05bd839cb80,Assistant_Manger,17
f247caa9-d651-407e-9415-2b0b683f9d75,Assistant_Manger,17
eec21f59-687e-4a64-b4bc-15193fd1ce94,Worker,13
6232eaaa-7a83-46f6-aa00-d1704cd8c5e8,Assistant_Manger,17
a6e203ab-fcef-45ee-a62a-28ff91f4cf92,Employee,15
267cb457-5c32-4229-a736-7bada787ba30,Assistant_Manger,17
4b494cb2-0a23-4d27-a73e-e54dfbfc206d,Assistant_Manger,17
71eb3f1f-4ee4-4ff4-ae1d-6c0643e03a29,Assistant_Manger,17
d73d6080-8091-463b-bad0-36ee2310a053,Assistant_Manger,17
1871ef60-684b-4e09-81f0-9e6d3f3fc0e6,Employee,15
7fde671c-cad0-408a-8548-3a2ed96221cb,Manager,19
0fb8e89d-1892-4fca-b017-e2a8881adcfa,Staff,10
f580795c-22d0-49f7-82f9-d51e7203ad97,Staff,10
196eee33-a065-4187-b52b-953b6872f829,Staff,10
4d440048-aad3-4568-a2a3-0f7f4abe278d,Assistant_Manger,17
74375617-7070-4867-ae42-fe00ca852c3b,Worker,13
f59a9672-6544-43b8-aa86-65fcfd181b60,Worker,13
096928d4-050f-42dc-ba24-c4d78b6c4397,Staff,10
f9512587-e284-4922-8c10-13bc36513051,Staff,10
eb60efd9-369b-496a-8de7-b05999dc09d9,Employee,15
5d2d4b78-6394-4090-96d9-28b0f668d6fe,Worker,13
0097bc14-90c2-44cf-b22f-a5b094f5dacb,Manager,19
f29c2766-36d8-41c3-bb58-58328edfc18e,Employee,15
70bcd6a2-6ea5-4abe-88b2-0712f6e573eb,Assistant_Manger,17
431e819b-1be7-4b5c-918e-8bc6044570ba,Manager,19
b818ec7e-dca1-4783-be5f-fc6dfb13ac31,Employee,15
41919a87-0584-4cee-a510-6e67d0090379,Worker,13
f24d75aa-a0c0-42cd-b3e2-04742cf54073,Staff,10
4a2b486a-0382-4d1f-b84c-67d96c2d9097,Manager,19
9cbb2667-166b-4a7e-9265-7fb8c6b531d8,Manager,19
2336289c-a65a-4284-96f8-ab6e17fd8c16,Assistant_Manger,17
f10ba88c-7b8a-4327-ba84-b5731aa395a3,Staff,10
8a3f552a-89db-4ff7-b226-b53246b9cb2e,Employee,15
90e88fa0-eec5-4fdb-8a4c-4c1b448b2b5d,Assistant_Manger,17
bb46a7cb-de9f-4501-a7d1-875bce46e842,Manager,19
dbb1f3d1-be9a-4349-95d7-c64cfbe85c7e,Staff,10
95e9d09e-7249-45ac-8d46-e53302e72597,Employee,15
c10d7bb3-582b-4111-a93b-0ef14b500611,Employee,15
139486da-45f6-42b3-b90f-44ac5a81e64d,Assistant_Manger,17
a3a77f87-8c65-4cbd-b54c-d3a4e3c3788c,Staff,10
41f45f75-81c8-4b38-bc9a-20570cad6320,Assistant_Manger,17
d3d3e4aa-97be-4815-a090-cbdd8d53446f,Assistant_Manger,17
cca633df-b7f7-42c3-9a00-ecdb9c802dce,Staff,10
5e3f0197-c416-459a-a9c1-c029578ece96,Worker,13
abf5cf71-9055-41b9-b568-07fbd66fe175,Assistant_Manger,17
53e4aaa3-233b-474c-88b6-24cf8c0bb90e,Worker,13
1953818e-7c26-47fa-b845-1860d7db1195,Assistant_Manger,17
8da0c202-78f7-43df-b525-2e74e2c31e66,Employee,15
b1652030-0828-4f2f-9585-82ad9aa19def,Manager,19
a3b91ad8-4652-45dd-85dd-7b10cbdc3c0f,Manager,19
56661eed-4187-4327-b6a9-d45df2b64b7e,Worker,13
9b1d339b-0625-4146-845e-fdaf7666ece9,Employee,15
fafad03c-77fb-4c92-84af-2dc50ccb5e32,Assistant_Manger,17
b24e0465-bcb0-423a-b994-87a6a3fe3aa6,Assistant_Manger,17
9a300c87-4fa8-4d67-8f84-eb8603c87310,Manager,19
44aff9f2-ef0a-4b83-9ae9-3460a0356636,Worker,13
224be082-b9e5-43ab-a82f-0dd209eb7d59,Staff,10
d328371d-01c8-446e-bf5c-cacd718e605e,Employee,15
1d4d355d-76cc-45e8-8608-f6a2c79d935c,Manager,19
4b334a69-fad5-4434-86cd-6c03efc0e3e9,Manager,19
1c3040e3-7535-43df-9bfe-3f1c9496ed87,Worker,13
89b69410-c04a-425d-91e8-db88e1d96470,Staff,10
b9fd3359-8594-4199-a15b-2644a2264e9b,Employee,15
cb7c2e72-e4ad-41a1-b4b6-529bb3c83d3c,Employee,15
af5a65c5-5baf-4c15-8fbf-f3da3bc914d9,Staff,10
9104fe97-c120-4dd1-8278-909a5b2e2905,Staff,10
657da751-56f2-45fb-a055-566aae4bb09c,Assistant_Manger,17
96463de6-6ecc-4c92-9de2-7ea00a8b0ff1,Manager,19
afd385b6-5bcc-4ae8-9883-8cc141d37ad3,Staff,10
8199736d-f814-4965-8d0d-4605157b361a,Worker,13
5b62b414-abb9-4cc0-8ce5-ccdf202caf6d,Employee,15
a79f737d-1af8-4cad-9a43-a88b93fe0551,Staff,10
70cbffed-ffdb-4407-b842-f714fc8c6d7d,Worker,13
77ed4b4c-0487-45cc-9be6-62d62bdeaf74,Manager,19
d56c6582-aa75-4157-a417-a5471e8ae994,Employee,15
e461ffe2-ce9c-415e-bf24-36019a271237,Worker,13
93f1e07e-17f8-4374-ab91-5071195c6ffb,Staff,10
9121d192-d9f4-4d37-8c1b-b9c114e897c9,Worker,13
eeaca35e-acb8-4b51-875a-3ab6e949676b,Manager,19
ed9ae65f-632a-42a9-9a54-d198320b9928,Employee,15
44718a38-cbc4-4002-b1f8-abdb3cc730d8,Assistant_Manger,17
80e2e220-c816-4061-bbc7-f41da6f9257c,Worker,13
5e646194-83c4-46d4-ad55-069bd4718b16,Assistant_Manger,17
ab6137db-c004-4a02-bedb-bd3a0aa0f83c,Assistant_Manger,17
bb8d0c8f-977a-4eca-adc5-7eff5216a7b6,Manager,19
7b0ed04d-11d7-46e1-b82e-84150e6d4037,Assistant_Manger,17
9b48d524-b18f-4e44-aab5-67a40cac8303,Worker,13
a932d0e3-94df-43c3-8b5b-c14b664f2d0b,Assistant_Manger,17
8f59f699-ef76-45a8-a6d4-1272d6b60978,Employee,15
43726ff3-657c-4d3d-9135-f862fe7f805c,Manager,19
23257a3f-323a-41a6-bdbf-4eddef11de55,Employee,15
aa6f1342-13e4-4c23-af9e-ffd16155ff3c,Worker,13
9b71a538-8517-4426-93f5-e1d13c0bc6d7,Manager,19
e0216546-35d7-4f12-93c9-30e71d245783,Assistant_Manger,17
e7ee1ad4-a902-4a60-9a20-f57a3679d88f,Employee,15
e4b8e0d4-2142-4f32-87ce-67412468c113,Assistant_Manger,17
50d5257e-0278-4806-a6e2-89692ad9aa51,Staff,10
dd0b2bae-9821-4105-8636-8b56e9df1acc,Staff,10
e7c00bcb-ff91-401d-9ea7-306a076ca501,Employee,15
70c77de1-13c0-4429-aeee-9a0162eba779,Assistant_Manger,17
48bf899e-385a-4a7a-9a30-cffebd493b45,Staff,10
b98c4fe9-27ea-4541-a823-c2a0016b4b55,Worker,13
cd9bbbca-2a48-470c-8504-b1f195751022,Assistant_Manger,17
a63e3610-6341-47c9-be73-a2013db3042b,Employee,15
be2a89c8-0854-4f9a-8bd8-91ef44e359c6,Assistant_Manger,17
b93983c2-72d8-4580-817a-26679efe1ef3,Staff,10
f3ad63c6-da96-4a38-9af0-95d322c5ca44,Employee,15
0184a2fe-63c8-4793-85a3-435de8ad4dc0,Worker,13
ae4040ed-c0cf-4359-bf14-d6d7509a74f2,Staff,10
a9f5e293-3b71-440b-8975-0e3a8c472fc7,Employee,15
2679f08a-ef80-45aa-bd0b-db65309846b1,Assistant_Manger,17
c413c075-8757-4ef4-8bea-b2717a155611,Assistant_Manger,17
e6e2f5f2-1d68-4af1-b8f8-b836715b7ce1,Assistant_Manger,17
fb6aa208-b323-4a0e-973b-5f69a73389a8,Assistant_Manger,17
5e8dc143-176b-41f4-a8e1-39ad72f07bf9,Staff,10
670c6302-ca96-407d-9a6e-3c5c7853c8b5,Manager,19
094c764a-2e4d-43f2-b8bc-e11a9ae3e89f,Assistant_Manger,17
effd4e32-cfee-4be9-8221-edc373caaee5,Assistant_Manger,17
ee541fe3-9cec-466b-bbe4-c72747853f99,Manager,19
0699d365-fd77-4f62-9123-5fffeb215f72,Employee,15
c59ebe1c-ddf5-4ea8-945d-c65e10d02e41,Worker,13
2c30f288-ce1f-4bda-b4d6-ca3b82abe079,Worker,13
5ab1696d-03e1-4d09-a497-f798b06d6bb5,Assistant_Manger,17
3cbc342c-320a-48fc-a751-891064e3d52d,Staff,10
c8ab3d0a-7ccf-4960-8f83-d94902fee9ca,Employee,15
719b7cc2-5c31-4dfc-9d8f-350ed38b3905,Manager,19
41187d88-7008-4a01-af95-fa376b06aa7d,Staff,10
4b929ecb-82f1-472e-a008-f7713c0b4cd9,Manager,19
214ebac5-421d-4880-a61f-d202b72f8996,Manager,19
00ce0e32-da54-424f-8491-49f1a120bf5e,Assistant_Manger,17
f3a8633f-14c8-4b52-b962-53fecaf54a8e,Employee,15
2ae88785-5522-40d1-bfe5-97e5196de310,Assistant_Manger,17
8fb7ce70-a3d9-4816-b37c-3e626d7f254b,Employee,15
f054cadd-df6f-4990-a327-edcaf9bdce09,Manager,19
dca58e28-e936-4ef4-871b-66a238534cff,Employee,15
28f15da3-7e67-4fbb-8078-863ff3328123,Staff,10
0fe4e40b-726e-4e20-940d-fdbc1d1ed7db,Worker,13
de953a92-26c2-4830-a5ed-795ec50f4b51,Manager,19
a20e2dd5-f233-4ab0-bf96-4457ff0c1f0b,Assistant_Manger,17
c725567b-fcd1-443b-822f-4348a70313e0,Worker,13
c728300d-7fc4-4700-871a-6047904a0870,Staff,10
cf74c5a1-f365-4139-9ac3-f7a551de8baa,Assistant_Manger,17
1d237c09-fcad-485b-9ef1-02a444412c7c,Employee,15
d89a9212-5380-4e35-b540-fb388573267b,Worker,13
02bcd88a-511f-46cd-bae2-0bc7e126d928,Assistant_Manger,17
ae84c199-07bf-47c2-ae1d-61cd72b4240e,Manager,19
8006c2a4-1f11-4cd1-a74b-3abcc360b687,Employee,15
ba13a992-c6ad-45e4-85a1-a3c93a1f8a99,Staff,10
81c63ca7-bd92-4bdf-adbb-9368bf308bd8,Assistant_Manger,17
6c274b77-14ee-4c16-8b0a-0cb250b9d24d,Employee,15
26907317-1b47-4107-bae6-a1304fa20be3,Worker,13
39cbdb49-85c1-49e5-ad6a-08f10bd3a573,Staff,10
80617461-2f2a-4f48-bd72-5028c25c62f5,Worker,13
afdc5a60-93bc-4b45-9bb7-299a91e7587a,Assistant_Manger,17
93ac19dd-2506-4ed4-a6b4-f86160a0f636,Employee,15
5e90cef3-438f-4bd8-a83e-a009ef83b16d,Worker,13
8ae7fd0a-53e9-4f0f-8cdc-163e009ff8a8,Worker,13
379d6a54-ddee-48ab-98dd-a2a8d9cb847c,Worker,13
c725af45-d30a-467f-895b-9cf7275cef61,Worker,13
5b9dc1b3-a8cc-44d8-8218-8818364d883a,Worker,13
93afeabd-66b6-47b8-b807-e83094354c77,Manager,19
69001dad-f4ea-4a7c-b3cc-f6881e9eb33a,Manager,19
cd998934-ab18-4f0e-bbb6-3a36d4eb914e,Assistant_Manger,17
3d26cdf1-351d-4661-a8ba-e383f7069d37,Worker,13
2b1257a4-6316-4393-ac3f-bc5a21d3444d,Employee,15
f500346a-baac-497d-90cb-79adc9630c84,Staff,10
ca055d48-39b3-4de0-9b3b-1340ed040d5a,Worker,13
36c975ba-140b-4cd8-978f-e81779827fa8,Employee,15
d700515d-c700-4ab1-bc72-9b52000d3366,Manager,19
83f708a9-7916-4831-8a1f-f836d150883e,Employee,15
86a679e9-16fb-42dc-8941-55a0e45e615a,Assistant_Manger,17
d554897b-f351-4098-a627-728c9645d3da,Worker,13
6e6a9376-a23e-43af-bb52-55f5a4357562,Staff,10
1b6f9782-4e61-42dc-9bc8-7cbd2838c6a3,Assistant_Manger,17
ad5c2c3a-0722-406e-8b57-c87475fa27ae,Worker,13
d95e6582-0bca-4c2e-8df4-08f0dc07c37a,Employee,15
f98a409c-425a-481e-adac-4577c249ac63,Worker,13
5053b64b-8107-4c13-afab-5fcb6ce013c9,Assistant_Manger,17
24a7f249-aa5e-41bf-95d4-b7a322177b0e,Staff,10
6b5fd3a1-6000-4453-9556-e69321ea4756,Employee,15
f78a273d-d8c5-49d1-8fef-ebbdda800be4,Assistant_Manger,17
1ca11e7e-212b-4472-8c27-3b1b5761d101,Worker,13
6b23e1e4-390b-479c-bb6a-ca59337ba88a,Employee,15
e15c2223-f8e3-463a-a954-d18310ea9da6,Staff,10
e97f1a61-9f3c-472a-9df4-ac7aed4b70a0,Manager,19
d869ecee-19c6-49b4-a854-d8b4ff3120d2,Worker,13
8e2f83dc-6e9d-442b-8595-55b37eb2a4dd,Manager,19
b2d10d62-1ba4-4633-bd94-3f270e987beb,Worker,13
11f03e5e-8ecb-493f-99ed-94a01fec0491,Assistant_Manger,17
9fb30d21-3aa9-48f3-a626-acf7a918bbe4,Assistant_Manger,17
d0989f6b-8328-45f1-8817-b4cb6315a4f1,Worker,13
a60af35e-ce4e-45c7-adfd-5d01c86b7dab,Employee,15
6aa3a125-9fea-40ed-b9e6-28148cc2b8ea,Manager,19
65cd0e12-40ee-41d4-ae0c-0248847a7c3e,Staff,10
5ef17310-d2d3-4bed-b1a8-f053484ca877,Assistant_Manger,17
a4504898-9fa4-46fd-a99e-399f8b4b1024,Worker,13
f0c9474f-8256-4d86-a93a-4ed54b33f5c8,Manager,19
4dc4bfc0-068f-4094-9b59-a1cdfba329bc,Worker,13
b49c00b3-b0c3-4e2d-985a-4661389741e5,Staff,10
e43eb75e-513f-416b-979e-4f5fddf48a34,Assistant_Manger,17
e6486a32-98db-4ca4-b24f-853444094efe,Employee,15
ae62afc6-738c-4aa6-8e0c-68678d436d9a,Assistant_Manger,17
8240fd07-fc6e-46ed-88d0-171ec492a2f5,Manager,19
0f279301-d444-4270-8773-233229a54c81,Employee,15
225d2a45-eab3-48b9-bfc7-cfa61e738858,Staff,10
ebbf4773-d958-4f7a-bcb9-92b6eddfdead,Assistant_Manger,17
673c2d0a-46c6-4025-b833-d9cfe2c28ef0,Assistant_Manger,17
aa56d95e-3137-4c67-af65-17e56777cc96,Assistant_Manger,17
2e5460ef-1d34-4ddb-9aae-1622352c8133,Staff,10
00fe36c7-8c91-40c8-ab28-f685a589c6b8,Assistant_Manger,17
8827ad78-e15b-49be-9508-d2b7aac512d5,Employee,15
aff42a9f-68e1-4608-ab17-9508b9dbc43b,Manager,19
5a8986c2-b1e4-46bf-82e6-f006ab055ad2,Staff,10
a68d2c38-7c43-408f-b38c-f449ccdf9e70,Assistant_Manger,17
29d19b84-0edb-4850-b08e-124cf3b85e3c,Employee,15
4fdbc7cd-5c61-4c7b-9ab9-5561884802f4,Manager,19
f6b736e4-5402-4871-ac5a-3365b6f55ced,Assistant_Manger,17
ffcb3ca9-c241-4c73-9385-30a19980e559,Manager,19
64131c73-5c66-4781-90d3-dc8ebe24cf1c,Worker,13
7dbd8b7f-fec3-4469-b9bc-ccaead9d0444,Assistant_Manger,17
829dcb17-5d8e-4e36-a952-ddc473878a35,Employee,15
4a8f050c-a11c-42b4-b15c-df9996117a22,Employee,15
fa5f975c-93d8-4ec4-984e-754af031721f,Assistant_Manger,17
d6e486ac-d10a-436b-9ed1-4ae7afb59608,Staff,10
1ad51bbd-4997-4e90-9361-b5cd20dfabc4,Staff,10
c0d896d8-6276-4359-9089-abf978cacc86,Staff,10
74cb101b-a716-428c-bd81-36477f8f3ae1,Manager,19
fa73264b-e4ac-46ce-9dc3-f986cf951528,Employee,15
052e3c29-b6be-42a9-94b7-0294d234b86e,Worker,13
202d4a82-e434-49c5-80f3-5a9a26580600,Manager,19
5b5e166d-aae6-47bf-9df6-81f1035b98f6,Employee,15
218251b9-96cd-4585-8f67-27763c7ca1ce,Manager,19
e9e9faee-1e91-4544-890e-0f2f552ca96d,Staff,10
80d1ce38-fd38-478b-a99a-08805ca2446f,Assistant_Manger,17
a9211d45-579c-4d99-82f2-1ab45058aa31,Staff,10
7a0bf3f8-2dda-4d30-8835-384819427d01,Employee,15
74fbdc0f-3e05-446a-b427-3047e2b29d56,Worker,13
b8248518-5e32-48ed-a44a-50d25e295c46,Assistant_Manger,17
e0cc50fd-0922-469c-b427-4c903f3bce36,Worker,13
84ca2dd8-1609-4ae3-a00d-49d9a36295c7,Assistant_Manger,17
935b1899-84f5-4a3c-b5c9-a8b6f39f3af6,Employee,15
cf782a27-e099-42d1-919f-ee9500f5e353,Employee,15
feb9d091-7303-40b1-be67-308e7e9a120e,Employee,15
7506a700-7152-41b9-a5ee-17367deb6966,Assistant_Manger,17
2511c9eb-d958-4044-9308-0a2aa19e9420,Worker,13
21f2d5a3-21f3-4433-824a-862a40a3e24a,Employee,15
cf7d6c68-5f89-470f-a804-d9cf36fa1939,Manager,19
6f3f8d5f-7977-457a-85ea-c904d6bfd16d,Employee,15
ac81bd51-f929-4c3d-8a07-403c68f2f5c7,Worker,13
e6181214-ac7c-40ea-861e-042e8ca05514,Staff,10
e28c29a1-12c4-4449-9ba7-137fdd5a873a,Worker,13
d8276197-023c-4b19-acbb-cb0007226d38,Worker,13
eb0a0831-43bd-452e-9e1e-ba84e089fc85,Manager,19
511234b1-a863-4a3a-99a0-50a45dd87c3d,Staff,10
08a42997-e54e-413c-8415-12e89a5bb6e3,Worker,13
25315f14-1694-4508-818a-4f551997c5d5,Assistant_Manger,17
9c504105-46cf-4fd2-984c-190fe5eb9ccb,Manager,19
5bd1c571-e012-46c7-b999-bdfd8f72b681,Worker,13
102c3ad5-26c9-4da0-91b5-3527058a4cc2,Assistant_Manger,17
82160e0a-4d21-49d7-b897-2b21af9695a1,Staff,10
eac66a0f-a8d9-4e48-a53c-ccf0ebad50b4,Assistant_Manger,17
b95ebf88-bdcd-41eb-bd0b-d526fe50a1b2,Worker,13
a084ce5e-fd72-489c-835d-b365dd283dd3,Manager,19
bc325286-1c87-4775-af93-9ac9fd014554,Assistant_Manger,17
0f5eebb5-6842-4da7-9c8a-ddc0c77bdc9d,Worker,13
26166e5e-9863-415b-b152-7110c9534338,Manager,19
61a42100-0005-45f1-97cc-3126b5b1ff8e,Staff,10
51a19df0-354a-4a10-ae73-ed53436a64d2,Assistant_Manger,17
f24ede4a-0f28-492f-81d6-7e6ad7415afa,Worker,13
0a6778fc-1e7a-4a22-9949-ec4f83ed5746,Assistant_Manger,17
35f34ed7-caa3-4994-8622-1fc1d5bd0331,Manager,19
3b53f0b2-f511-41cd-b95c-eeeab38c3a5b,Manager,19
be904339-5b64-445e-84ef-54a70cbd5c79,Assistant_Manger,17
3ff15ffd-3f16-43eb-a2ac-3eb104d87826,Manager,19
4f667bbd-37ef-4aee-9753-41131966b562,Assistant_Manger,17
5370f4c7-395a-469e-9697-eddf32dc5a9a,Worker,13
99146460-e7e2-4a15-ba0c-af1ab0905aef,Employee,15
4ed4afdd-f5dc-425c-8b48-1fa126de9289,Assistant_Manger,17
3a956eff-042e-4b1f-8c83-443f3c707813,Worker,13
605727aa-c5ac-4d9f-8db1-55ad11730871,Assistant_Manger,17
0cd64e72-e27a-4ac6-8934-7585b46e12c9,Manager,19
e644693a-90e4-4724-9b1e-2d3dc2c4a2ee,Worker,13
47ec8d25-e85b-4f81-aa36-615607086d66,Manager,19
1723657f-a377-4a34-aba4-80f83e77f9bf,Worker,13
250b5cb9-73c2-45fa-89b2-fb78caef863c,Assistant_Manger,17
86abc758-4676-489e-adeb-30a37b4ca475,Employee,15
d33ae5fc-a9c9-4c77-a1af-a21a38a6dd65,Staff,10
31b33644-583a-4b05-8892-539650ab3bea,Manager,19
711402c0-da73-4a9c-940b-685c1cd7d630,Employee,15
57380b1f-85f2-456f-8057-c528c16d1d38,Manager,19
d9099f83-9e54-4206-a656-6a8ad293ab3c,Employee,15
5ac24283-a6a4-49aa-aee4-fcf7fd6a00e8,Worker,13
66422067-be36-4926-8851-6d52b086f1b9,Staff,10
7d20af75-28f7-4799-b58a-bcb3c20608aa,Worker,13
f6fb4ea5-a678-4ac0-bd6b-2000b1c8ad65,Assistant_Manger,17
3f0c4d00-17e3-477d-9847-1f79b2b9734a,Employee,15
1d1a7ac4-5627-4437-83c6-b60a5b8709d1,Worker,13
8f6eb260-12a4-407a-878e-a0fddb021e5b,Staff,10
d4160299-3d6c-4834-9f30-d1ce0ed58afc,Staff,10
1829eff9-6c98-497d-98f9-d4c05c533199,Assistant_Manger,17
55fd348d-b95a-4335-bd4e-f21d6eebc8e6,Manager,19
cd94976d-50bc-43b1-9a86-7a7dad113a7b,Employee,15
e38bca0f-e346-4d69-8bd5-0a64bc25b8ec,Manager,19
f754e674-2cd3-48d7-b8d1-8fc6bb6a40db,Assistant_Manger,17
cca77594-ed8c-40ba-9d61-feff6e154bde,Worker,13
a69434b7-e894-43b4-a285-02d87dbaa28b,Worker,13
56bd839c-23fd-45ad-ac70-8ea251cb2172,Manager,19
b65e3629-6fd6-4ee8-b969-49b09af9ef9e,Assistant_Manger,17
44b130ea-4577-4a25-ae81-fbd6660beb66,Worker,13
bf45451c-0e2d-48c1-8e00-aa1b952a97f1,Manager,19
5d69e393-40f9-4e50-af2a-c195a63a79b7,Staff,10
f384f30f-0c58-4f6c-ad92-f5d925906ad2,Staff,10
63e70275-8934-41bf-85cd-684088802589,Employee,15
42683aeb-e5fc-4052-a328-1dd00024500c,Employee,15
ed8d8198-2182-4fa5-a0c9-7e49356d7fca,Assistant_Manger,17
ae65db80-8f44-4ad5-9578-65f972ad5352,Employee,15
9550ed38-898f-4d44-8501-e2f4a9c8a5ac,Staff,10
d01f21f8-01fc-40e2-85e5-7d688a5b6e76,Staff,10
863809d6-f07c-418b-9a14-6df73f8ddef4,Assistant_Manger,17
c7bc7473-efd7-4a61-ab22-c33e5e8e07d6,Employee,15
893c1e71-cfe6-4e07-b837-4fb9c1e5bf40,Employee,15
7e169384-5f92-470c-9bb4-08caca48e036,Assistant_Manger,17
acdf4f1c-cfed-4a24-b7c8-3bfd8da75985,Worker,13
a99e8660-a472-43a9-8a46-e8c0161f6b2a,Worker,13
c0f2c6fc-3a3c-4602-9f82-07057517fee5,Staff,10
e7c40b9d-7260-4cf1-a27b-faaa51cd1b04,Worker,13
701eb3f4-a656-4289-8c87-f0b83d907149,Employee,15
91b83651-cbee-49fa-af71-c1d60a18654b,Manager,19
9c2d97cd-e06c-4fb5-a5ba-ecaa7e766d67,Staff,10
5af48777-df25-40fa-be9d-81a3a34d22dd,Manager,19
f04ec279-0e28-4773-9a07-f9cd134ed768,Employee,15
a3c56d39-30e4-4336-b750-207c12b6815e,Staff,10
b7cd4432-e308-4c8b-bd4c-8542c0be3cb1,Employee,15
9867ea15-1772-4837-9d19-a99fc1a1f4dd,Manager,19
13fdbe11-8ae8-4afe-b6dd-7643ea2e704d,Assistant_Manger,17
927c1de2-fa24-4fb9-b0f1-0e8a982f7b28,Manager,19
d42c6492-6a41-4395-a756-2f867985d805,Staff,10
7d273381-1005-4b3b-8500-4405c92f7d8e,Assistant_Manger,17
99364cd0-e779-4ae8-803c-4d0d45615031,Employee,15
a4eda2f0-d712-442b-bdb1-e2c16b5a1448,Manager,19
ce9e8dce-093b-4232-904d-52be002116c1,Staff,10
87a6b64f-e884-4247-b225-f81dad1b78d7,Worker,13
8cfaaf97-868d-49d3-a603-b27931f6d9e5,Staff,10
20bd3480-fad2-4614-9ea6-02673e242261,Worker,13
c808b0ee-2361-4dab-8952-1121d5fab5f2,Manager,19
9323fc04-327d-4531-aac8-042210f4f909,Staff,10
ee9d3bb1-93b4-412a-b069-2ed40c05a35c,Manager,19
7503d7fa-db02-4810-9f9e-20c5eed24309,Staff,10
976ab4ba-5aeb-47bb-b8e5-b593d028f027,Manager,19
63ce0196-5ffd-4a53-b7b5-e3b1662d91c2,Worker,13
eae956a8-8d35-4a42-aa6e-d2080fcefc1b,Assistant_Manger,17
37720eb0-1f1c-4ee4-9fce-e01929ad4362,Manager,19
5c03bb92-8838-40cc-83c2-69844f08af3b,Assistant_Manger,17
e991bdcd-01aa-4836-a3f1-957925bc2461,Staff,10
2d284558-4fe4-4dbc-be80-d2f6b81c62b3,Employee,15
6c8cdae6-e7a2-4975-a9f2-f9515b314785,Manager,19
adaab869-23c2-4100-a18b-bf4b211b570b,Worker,13
760cd0ba-198e-4c43-b491-56da9862c45a,Worker,13
ef97525c-18af-4119-920e-cad56dabe782,Manager,19
af51e0a8-128e-4da9-a296-6fbc2bb64c76,Manager,19
7851ad76-39a2-45ee-ae31-9e78f85d7d9f,Assistant_Manger,17
38d1c7c2-f77f-450d-b0e2-db160036d291,Assistant_Manger,17
12f2a5a2-1eaa-45b3-abd9-9d94519837e6,Employee,15
a1c79c7c-a25d-4f47-b541-1d3252aabdd0,Employee,15
1a590999-2f7f-4da0-89dc-ec43b607a32e,Staff,10
30fd8eab-ede7-4486-93a4-ca5e90c59b4d,Staff,10
ec884d9e-cdf0-4894-b2f7-294fa2c4be17,Staff,10
07016626-ec4c-4c62-b9bb-f7b88a7c555a,Assistant_Manger,17
e6cb38f5-c51c-4437-a2cd-df371187c69a,Worker,13
d404bd3d-71ff-487e-bc39-18f695ab134f,Assistant_Manger,17
9b545089-317e-4ed3-bfe5-8464a46c1ae6,Assistant_Manger,17
7a688294-2e96-4591-8af0-41c62b03cd23,Manager,19
1bd48709-b6fe-412f-8217-9acc1235c786,Staff,10
10e4a692-f609-4169-874f-919f10281570,Worker,13
7befed2b-be06-4734-90ac-4851c5b7c87d,Worker,13
de92e784-d9a2-4e4f-98ce-3d88dc81b7d8,Staff,10
da0a1a77-dc25-4b04-b489-bb9f06c5bb8d,Staff,10
4c64cc3b-50f3-4945-8982-c75ca35377b3,Staff,10
3ae265a5-ed67-4417-a82b-84ba7d880283,Manager,19
dc844462-2d38-4b61-ac31-a24d3b86c666,Assistant_Manger,17
3dd993f8-4865-4bdc-a5ba-544ef268ced3,Staff,10
97011c8d-05d9-45cd-bad6-f476cc4dbb84,Employee,15
f20cf0f1-de32-43d8-9b2b-4306d30cf601,Staff,10
bd7a23a6-1d55-4154-acae-7480610a0d75,Assistant_Manger,17
f773406e-923c-4ffb-b659-49fa0562e4c3,Employee,15
f8a508c8-2f7a-4f73-ac54-e9aa7d4e863e,Worker,13
3cced468-1658-4bf1-a850-67fa04243d2c,Worker,13
2d39a1ec-7beb-49b2-a0db-7f1f15311f16,Staff,10
cf7f036a-113a-4ff4-9cc0-53b436d41a80,Employee,15
e1617fa3-7863-4e78-b7ee-602f7c6feb56,Worker,13
d3fcf298-1162-4683-9a42-5f8db30ed129,Staff,10
2c5f1cfa-3536-4e96-9d37-32db9e0bec19,Worker,13
f17f1d96-3fef-4c32-b7a1-61a4d80e319b,Employee,15
4f143de3-c3b4-4ae8-91b2-276ef50b2fbb,Worker,13
e482bef3-0986-4be7-b6b5-75dba48d1365,Staff,10
4a91ddcc-9dec-43a0-92bf-ac0f0b274ed9,Employee,15
94a25ef7-98fc-4a65-9271-810fc53dbbf4,Manager,19
38bac40a-c01f-4229-9ba9-36425aeabe0e,Manager,19
6818f9b7-f4ee-44a1-939a-30d10edfd9bf,Staff,10
68eb1703-d180-4177-8541-56ef5ba68074,Assistant_Manger,17
72c9b71b-16f2-4a20-b6e2-423ba32f1f3f,Manager,19
63035716-3af4-4cc1-8eb8-3465263ef9fb,Manager,19
40aa9b61-1ec5-42ea-96aa-106f76f0f3a2,Worker,13
d8df9ff6-9ff0-4245-bff6-2d9572dc72d6,Manager,19
356658e9-e5c8-4b5f-b53b-3a4cbf114945,Worker,13
33c1986d-9c13-4d4b-bb4a-5269a4005aad,Assistant_Manger,17
b0f92f99-03d4-41c9-ad7e-fbbe2364fe18,Worker,13
98ef887a-3f28-4513-8f7e-825892f68816,Staff,10
23f30713-cb75-4b13-9a4c-095febf0c9ae,Staff,10
a837fa93-d57a-4f66-a1d0-9c0c8e4f7cde,Worker,13
af26c692-d042-4f34-abae-aec7d9893df3,Worker,13
c2884bbf-f139-46c3-8cd7-0765f56371ba,Manager,19
3fd95732-6f28-49b3-a866-bb302393404f,Employee,15
6336b53a-b14b-42fe-87bb-11810550898c,Staff,10
a58ed92e-61df-40b7-be8d-e2fe58483346,Employee,15
c08cb47c-f808-4741-9db9-b6c4a2a2af8f,Staff,10
6d49379c-8288-4b18-a6f5-bed489cd3e42,Manager,19
9a0ed8e8-29e8-4949-85bc-85de06643757,Worker,13
37f44b76-ddce-4a8b-8b77-a341e00757f4,Worker,13
3f57d2f2-52ae-4121-851c-a74a89c90c19,Staff,10
c45c78e7-770d-4e68-b197-073514482e06,Manager,19
7ae27802-d066-46e4-b6da-3484821d3ff0,Assistant_Manger,17
ff52630e-e805-47b7-8107-7a7be54f3606,Manager,19
7cc107e4-ec21-4a7d-959f-e47fd8e247af,Assistant_Manger,17
c40c6899-9b8a-4064-b9bd-f5ef42cbbf80,Manager,19
90fad331-79eb-4dac-a259-0c46d0c51a88,Employee,15
693668e7-cbf9-4328-b912-c4c416f9c4f8,Assistant_Manger,17
14f4b8b2-78ef-45a2-b527-324a4398a944,Assistant_Manger,17
3e36e12b-5435-4132-a629-32628dea3da7,Assistant_Manger,17
8c8f29e6-2130-4ba9-80f6-873bbbd9d1a0,Employee,15
50c89a76-e958-43a0-9ab4-e2218aad243a,Assistant_Manger,17
cd2a5f57-a074-472b-8626-5c3d5f834b2a,Manager,19
29f24881-9a5e-432e-b157-416cfc76f155,Manager,19
bea43859-9f34-4788-ae08-eda91e9a5d13,Manager,19
bc33432d-ad90-430f-8664-2403d409f36a,Employee,15
53a7da97-3007-48d2-9a9e-4b288eeb90ff,Manager,19
ddfeb1e4-145e-4aba-b944-96e01c173935,Worker,13
c5bc5f1c-55c1-4e21-9a5f-d2c1013bb297,Manager,19
167d69e8-9883-46f1-87b0-3af0c8984e21,Employee,15
ef199081-5f5e-4837-91fe-4e05d72fb52d,Worker,13
a228bbb1-dc44-4163-9869-bfd893e98663,Assistant_Manger,17
2667eae3-3893-40d9-9153-9237926da888,Staff,10
890d5adc-c73f-4bef-a14d-7c16c8f24967,Employee,15
8bd76f30-754b-47a0-8cf9-20faf88d5108,Worker,13
ad7342e2-ee99-442e-aa54-6cb97d0b75f5,Worker,13
53ef0e27-dcca-4c38-a1a2-465859a142fd,Staff,10
75d8fa72-e91c-4a14-9812-b8ef1aa03893,Staff,10
0ff28a32-cb17-4e6e-a3cc-f7beb73a73e9,Assistant_Manger,17
e99c38b8-0f9e-4c57-83ea-7081abfdd6bd,Worker,13
fbe82563-551d-4924-9f58-0e94bf203022,Manager,19
cf23b31c-cc73-4364-a171-603dea238afa,Manager,19
97dc9e33-af8f-47d0-ba15-a59c8a67ff9e,Staff,10
6cb3269b-2aa0-4c1b-821c-1d1c99cb7441,Worker,13
33d13ba5-9ce4-4c73-aa6c-a698bd950f6b,Assistant_Manger,17
601a68ad-f24e-4db3-865b-53ad5c5aeaa2,Worker,13
d50b9602-b81e-44c6-bcca-3f8684c3c4e6,Worker,13
d98161d2-ab31-4a04-af04-6473a1ed2a69,Staff,10
1224c52e-e66c-4344-816a-99edf92c6515,Staff,10
4edc7dff-085f-4b7d-a7f5-93b210e22f28,Assistant_Manger,17
78755ea7-322d-4dde-b4fb-75ccd5660878,Staff,10
b51a8b19-2f25-4ba3-9173-2c59a6a2db4c,Assistant_Manger,17
2b0f937a-e5d8-4783-9bbc-25ea8938dceb,Employee,15
d18e5bf6-cd4c-4e0c-8c7a-84ac48524dd0,Assistant_Manger,17
f3e1b113-ecd6-47f1-b50a-e5f8e2caf2be,Assistant_Manger,17
a2ed943e-9a89-4c14-8329-68ff23416839,Manager,19
87c90c39-9dea-4a27-8766-ea70f0349301,Manager,19
a932871a-6139-4b7b-9996-e8d82e8fa9dd,Staff,10
e448e3cf-e0e6-46cd-81ca-9197a6c47105,Manager,19
e3875a20-2c12-4bfe-8e2c-efdb4e660c83,Worker,13
f5d20903-a6c6-41ed-a905-c15ee07504f2,Manager,19
95970814-55a2-43fb-978d-696ae3c352b1,Employee,15
33850828-8b76-489b-8136-ac5f9c25442f,Employee,15
8fbcdf0f-818f-41d9-a1d9-388c0b4e4c97,Worker,13
7cb6c6b3-f1a6-487f-8c36-75374355bc15,Worker,13
3ed2ff59-2c03-446e-aa8d-ffa91b001a54,Worker,13
2e833fe0-80dc-492d-82d8-631d4bc69209,Manager,19
150368d3-cc5a-437c-a369-52bc73c0ff2b,Manager,19
264ab742-9024-480b-98da-01f313b7b1c1,Manager,19
195760d2-947c-4810-b070-660f180c6081,Worker,13
536ac922-979e-47fa-9a2a-89e88ce79faa,Worker,13
4aabde19-bed5-434c-9784-0f4c054d3987,Worker,13
22e52920-3504-46a4-9cbd-94042009a636,Worker,13
644dbac6-14be-4d23-890c-63e0c1f22301,Manager,19
683f157a-017a-4371-994e-5750f0a6ddad,Employee,15
72852f65-3f0a-4c99-8b57-f6bef17a2085,Worker,13
2b10318b-f301-4ec5-baaa-bbdbe555d5a1,Manager,19
8f586c16-a5c7-4da9-9c23-ba83245edbab,Assistant_Manger,17
121b4f28-2abb-4859-bb98-c22e8bdd81a4,Staff,10
e98de56a-eabe-4ad7-b635-88bc23c1a7e1,Manager,19
4ecfd126-d8a4-4db2-b16e-0a5d7ce5654c,Worker,13
821e49fa-8115-4838-90bb-41b0b68994dd,Manager,19
028f4417-bf4e-4e71-9397-2f28f41936e9,Staff,10
03fbc5d8-e3f9-4b11-8991-3c07b7960649,Staff,10
f4c04791-2705-4a26-8da4-99c04e35f562,Assistant_Manger,17
5bde2875-7c42-440b-81c8-d69ea0f1dcd7,Worker,13
96150be0-b853-4bad-8a54-67083cc469dd,Assistant_Manger,17
2f099ff8-f057-4cc9-9823-3bb86f65ac0f,Staff,10
95217e1f-f093-4a3b-af78-e947d05522c3,Manager,19
ce524b31-874a-46ba-b346-9220827ad175,Staff,10
8a82838a-0f62-4d52-9eed-bfc626f5649b,Manager,19
a88266f6-b381-4f40-be99-5dc569a9e3dc,Staff,10
3c0dbb6b-b10d-435f-ab03-5a56b4523346,Manager,19
e6735851-a481-4b75-83bf-c98eda8ea0d7,Assistant_Manger,17
808db71a-05c1-470c-a181-a75a43cd8e9c,Worker,13
d1b616f5-e710-4a19-b403-d5cd88c89f9d,Manager,19
518a6da0-71fc-4bb7-a4e1-053b3abdf343,Staff,10
8da56b5c-8cf5-45ab-b5d2-d5f25ddf2f47,Employee,15
7b622be1-ef30-4ec6-9856-2b36ce70aec4,Assistant_Manger,17
77a37e3a-3d0e-4062-984c-78ea5bcd2833,Employee,15
aea0ef85-274f-41f8-9f9a-9b4bc5d6952c,Staff,10
56d7a385-09f2-4857-8289-f6ad41fae3ae,Worker,13
3d577260-5190-4143-89be-7ef3fac53e4c,Manager,19
86495d34-e556-406d-8cac-c559b9cd9711,Assistant_Manger,17
e69c6acc-33e8-4115-b66b-1a4fa818f922,Manager,19
1bcc8b76-713e-49f3-a5f4-a2f5997ead29,Worker,13
82a7cffc-9a76-434d-9fee-b8f599e46644,Staff,10
29da9915-0f98-4da3-86a2-3574fd2ca322,Worker,13
a8ef3a72-7d78-4a25-9c73-170f9129afd6,Worker,13
588828bc-570b-40f9-8df4-1d5e6b4901c2,Assistant_Manger,17
098c208e-bfdb-4d19-a80b-b0d600813743,Employee,15
c0fdb351-fab1-4775-b909-e448dccb8b2f,Employee,15
4c0f0fb4-a8a3-497a-8789-5cdb5eeac48b,Employee,15
fce354f8-8953-4699-b4f1-4d6a0b5de184,Worker,13
c6564546-685f-4f46-996f-2999fb8ce7c3,Assistant_Manger,17
b773a247-6b3f-406c-911a-a046b0ce8162,Staff,10
2eb6a9d5-4d7e-4a67-8210-02ede7649bf3,Manager,19
59539f5a-7cf6-4c97-b4e2-b8f6126b11bd,Manager,19
45f455d0-1a91-4491-8e76-7cd3d9ad4e3d,Worker,13
f48cf6d6-9dd3-4c74-8307-2c5ed0dc7617,Staff,10
676d646b-35a5-453c-afbd-5e338bdf0482,Assistant_Manger,17
e2cdbd90-087e-4448-b873-be0e459eae00,Worker,13
cb5c3a11-4c45-47c3-a866-553d73da59cf,Employee,15
5013dadd-a83b-496c-8852-43bed03c0a96,Worker,13
fee8ce73-9380-4a33-8d4b-7e80e95a4511,Staff,10
eb768eb6-93b2-4a53-afcb-316c129f2e12,Manager,19
e81caf5f-5040-46bb-8a55-9c3ccde9111d,Manager,19
e6d2ee99-956d-4a3b-9fde-dfb4c787ae1d,Assistant_Manger,17
ece65b32-0a4d-44cf-92bf-926bba93116f,Staff,10
bb32c622-61e0-46a6-8c39-b40be5474379,Employee,15
13341c09-cbd8-436b-8751-3ff7703d1c3e,Assistant_Manger,17
ce6612fa-7fe8-4765-a6a0-a1010204b9a8,Employee,15
279a6bf6-00dc-437c-8ffa-d38b92fe7df4,Assistant_Manger,17
638f59e2-cd3b-49ce-85c6-01e29ef25270,Employee,15
5b6c72e9-0a2e-482e-881e-fd415a373b65,Staff,10
d836064f-ec48-415d-80d8-73c5cb3325f7,Assistant_Manger,17
1ebbedf4-3aa5-4a9c-acb9-c4a49f3bd823,Staff,10
1dee2c95-2467-45ac-9fbf-8e5a442f2ac6,Staff,10
38beb688-4ed4-4ca7-8122-d412948da771,Assistant_Manger,17
c490d8b2-4dc1-4ace-89f7-b419ec4dad04,Employee,15
86083147-6969-4b87-93e4-e9ea49ffc57e,Staff,10
0c025d1f-687f-48a7-aafa-d7f576585700,Worker,13
de0a2fcd-a33b-4bca-8a1d-fd24e0ea72bc,Employee,15
038ee3de-d551-4c0c-90ec-b1e06c06b502,Worker,13
de3d5ae1-10ad-43f8-b74a-6d09e2a7a0aa,Staff,10
c3a12131-62aa-4981-9d01-ab25915bd42f,Manager,19
fdd9fd02-3943-4740-8d3d-5f5aaca75fc8,Employee,15
aa438db8-c292-4f33-af11-4610fa3e733f,Employee,15
7e63a3ac-a392-4a85-aa12-214593dd85ab,Employee,15
6cbd5709-e78c-460c-afd1-704176aa2a40,Staff,10
32da2097-2ca2-48a2-97de-6abd14438265,Staff,10
29442b13-a827-4925-a967-a35417b913ca,Manager,19
91abed86-eeed-48ed-b0b4-11f105477da3,Employee,15
905b4a9b-4772-4af2-8663-72a16f231dc4,Manager,19
e372aa2a-95ed-4902-b41f-3fa03e3bc50a,Worker,13
6d12288c-296a-4a4e-983d-4712e3afc593,Staff,10
a2b2b4ab-d57a-409d-a76e-5953b949f3ed,Worker,13
f5f7526a-767d-4ba6-b576-ed8239d12fa1,Worker,13
5cae3c39-9f38-4b51-af9e-776664e484f3,Manager,19
d3d6fd8e-0e93-4d58-873e-235487194ea4,Staff,10
a62dca46-239e-4057-bbec-328c1bc9953b,Assistant_Manger,17
e795ff73-9602-4c96-87fa-a00fbf76faf8,Staff,10
3222c325-298c-4f37-b5a7-04602c1a883d,Staff,10
42cbd391-4315-4b79-8f92-b0b0ddb05778,Manager,19
4e6a5494-df0b-46b5-a899-8785428ccc62,Employee,15
1975cc2f-f601-4b9f-90f7-56870e5941ce,Assistant_Manger,17
97a957d7-0093-4188-adf3-3345a74d87ab,Worker,13
543d8d27-23cd-4047-87d1-bcaa26e65f51,Worker,13
ce20f471-32b8-45ad-b01a-2459db73e2e6,Employee,15
bbeff135-5c1d-4f25-9e2a-3ec4ae89efce,Manager,19
760ff0cf-344d-406a-b6f0-7d5628763277,Manager,19
546dae0a-521b-4702-8a2c-9e4a0ac7301d,Worker,13
2edab11a-c4f1-4c23-9e6e-b4f1f99b58f6,Employee,15
7595e9f1-b467-4fdb-a9c9-605f3c775c0d,Worker,13
bb0f9ca1-d687-44f1-b3a6-e794874f0f48,Worker,13
49e61386-6c9e-4645-bda0-b2a6eeb67997,Manager,19
eba99d96-cf84-4529-b8ee-d03411dba2ab,Worker,13
b66fd762-3dc3-44aa-9454-6fb5f26352bc,Manager,19
0fde8ead-fbe4-4aa3-9e16-83d760ccb2b1,Assistant_Manger,17
af90375a-c164-4936-bff5-9f035d72a70a,Assistant_Manger,17
db005173-de7a-4bdd-95f8-e318f042acf5,Employee,15
bff1f935-c9f6-4ad9-af11-ea9582b208b7,Employee,15
ccaebcd7-81e3-44d9-9f3d-ba9a479b825e,Assistant_Manger,17
15499183-e525-433d-b7dc-0d2a9ca0db83,Employee,15
f9558464-6759-4638-b5d7-c2e4644ac061,Staff,10
f60e8eae-c747-4659-bcc7-cfa80a00afe8,Employee,15
f00b97bd-b4fc-4586-b6bb-3c53f22aaa9b,Worker,13
4f3310ab-fb48-4488-a9d0-132d7978c5e8,Employee,15
8feaa398-8a38-437d-aee0-1b6511d7be08,Assistant_Manger,17
2cea4615-81ff-451b-91f5-9e48f9ddf043,Worker,13
abd3fe8b-c2cc-4b4a-a154-b23176557c1b,Worker,13
922b11f2-78b8-4ce5-bfe7-d109e544bff7,Worker,13
3a27bd36-fde7-422a-8e08-e3d27180d52f,Worker,13
accbaddf-4a85-4351-b565-470a8d031b6f,Employee,15
b7d049fa-3a92-4ab3-9437-65569010efb5,Assistant_Manger,17
168494ea-131c-494d-95fe-8f7294492c7e,Worker,13
1ff34a07-ff84-4894-9f25-94e9a31aae97,Manager,19
bd58bbbb-25ce-4c84-83e6-7def5537e4c9,Worker,13
0cb64e8e-a347-414d-a835-cfeac7d2f235,Employee,15
d099389e-f371-4f2a-8a19-7ad008ef94f2,Assistant_Manger,17
881f0c4e-128a-4673-b90c-f56d65f9c449,Assistant_Manger,17
01e6b395-1195-449d-8532-999d2fcc6a39,Staff,10
c0338c23-4745-49cf-a0fd-9885feb3070a,Staff,10
839f1896-154e-41cf-a390-b17fa787d561,Manager,19
bb8e1d9b-d1bf-4e10-a885-b94d4d677166,Assistant_Manger,17
a71a594e-34de-44f3-9db9-ee4e5d75b6d9,Manager,19
ce7fd42f-e428-4382-86a1-bfe325c4ae89,Staff,10
a4da33d4-0e54-489f-9a11-d4bd2a93baa2,Manager,19
145d8104-62e3-42f9-a947-2c9850bfbaf2,Manager,19
edf3879f-5fc1-404e-b25c-819744e56c37,Staff,10
c078548a-5807-4c70-9624-e62786be44eb,Assistant_Manger,17
bffa539e-e9b3-41be-ac84-adca288cd631,Staff,10
fbf6b77e-0f5d-416d-8930-ba3b92d17db5,Worker,13
e6ab92c3-085e-44b4-bb63-705234d559b8,Worker,13
f83464e9-510d-474d-a824-ae8bfc33c0a3,Assistant_Manger,17
30d446b3-fd48-4169-aa57-d376db7f8c96,Assistant_Manger,17
05602b55-112d-43db-b9c4-9a0f77ed55c8,Assistant_Manger,17
5b65a998-108a-4e01-8c37-5beb065b0822,Worker,13
8919e43e-2d6c-4cab-8577-879a72751852,Assistant_Manger,17
9697f756-23f7-4573-82cd-ceb149b89e86,Manager,19
029985c4-cd7a-4db0-a7df-c796117c7226,Staff,10
754044e0-ebb1-43a7-b2ce-c6f37a4009fc,Worker,13
7d472673-30fb-49e5-bdec-8c7772575815,Staff,10
493a187e-b6e4-438c-a0ce-567792f66dd5,Employee,15
5af6b237-6a06-44a1-a9dc-e08f65dd248e,Manager,19
34d5b8d5-3b6d-46e3-a3d5-c267306f6b02,Assistant_Manger,17
22a7d73a-7f7d-4861-bda8-734802e2ac28,Assistant_Manger,17
a8a1b3a3-2fe0-407c-8421-47ef2e595fdb,Worker,13
36a1177f-2866-4e9a-bcb5-df603e645c03,Employee,15
7304cdae-7397-4297-b669-6c165ec824e8,Employee,15
e961e630-c7c9-415d-a34d-deceb56105f4,Employee,15
cde00f56-8bc9-4a79-ac36-beba5cd03dcd,Employee,15
37aadddc-ccfe-4b03-acc3-ded688480427,Assistant_Manger,17
5a3b9161-6523-4e7a-90d3-7c308b10ce2f,Staff,10
214a408a-0852-4f4c-b063-1a786bfa0aeb,Manager,19
0dc98ce6-6fb1-4eb8-89a5-bfb8401c543f,Employee,15
92989e3b-abd2-4833-9d2b-854f7136870e,Employee,15
b9f31c1f-9338-4531-9fd6-98c1f5d5f4ad,Employee,15
3291b913-d5ab-40a5-9958-c5169db6956b,Assistant_Manger,17
8314ae8b-a805-4c73-b55a-56be15845ab6,Manager,19
62f641f6-6aea-415d-8315-d9a8e536d752,Worker,13
8af1071f-72b7-439b-a1de-fbff0dea1479,Assistant_Manger,17
a0dab353-836c-464c-8380-d7cd8c34f010,Manager,19
26d5a6ce-e415-4895-9f7c-a498b5164208,Manager,19
6ca64ce0-84b6-4fae-9a39-cf6e493c413b,Assistant_Manger,17
6c2024ed-9d36-4c49-a2fd-053b99363409,Assistant_Manger,17
dbdefbe7-5773-49a4-9d93-d778f801ca4e,Manager,19
7391da10-bf09-4906-b84d-61565c87e53e,Staff,10
e2ae7ef6-7dba-4a55-b835-ac6dd43746b4,Assistant_Manger,17
833f8a1b-27ff-4019-905c-c6ba0a80d6fb,Manager,19
1c706c1d-ecec-439c-a841-2e23ddb2ee46,Manager,19
be8b2830-202b-4793-b9a9-40d08034d9c9,Staff,10
bfdb3338-028e-4f9e-99f6-470565e8b0e2,Employee,15
8cc39064-531b-4931-b1a5-7341b290e79a,Assistant_Manger,17
2210c2a7-2df9-4687-918c-b0d4ecdd52cd,Staff,10
fb703f12-6b10-4ccf-a960-fccbcf93ca97,Staff,10
19d1f94e-93ff-42e1-a174-aafdc3225361,Manager,19
ce192418-2617-4e52-8285-c2d570313e66,Employee,15
f1ed131d-e36d-4c8f-bad9-28888bb0842c,Staff,10
6e8134fc-a7cc-460a-a74a-1148936534bc,Worker,13
433601a0-8036-40e5-a63a-348a9b8cce09,Assistant_Manger,17
cf46e86e-1810-4008-9842-3f0baae7d320,Assistant_Manger,17
90d7733e-24b4-4272-85de-7a0829c92370,Employee,15
fbb7327d-b7ef-4ee3-8f13-bc3ce417bd09,Manager,19
665faf28-e883-462a-9085-2d488ce2aa35,Manager,19
29560022-4e4d-47ba-a5c4-0b1f06e39099,Worker,13
05ce802c-b7b5-4636-918c-e7a35cfc9529,Assistant_Manger,17
7786493c-c873-43be-9646-f74f4bdabca9,Worker,13
2b0e133f-2515-4935-ba9a-2106a7452320,Manager,19
78205851-4ef4-480b-bd3b-f862b94dd035,Employee,15
bc1b7aff-d155-4fd5-8d1a-c2f1790013aa,Assistant_Manger,17
d6b0c1ae-6ed7-49cd-b707-36f4e08be3bb,Worker,13
09cb2b86-fc42-49c9-96ed-782d1beab766,Staff,10
2fc08f2d-42cc-478e-a7d2-6af7cac0dbc1,Worker,13
596acade-0362-4b3b-a268-afc58c9ea456,Employee,15
c7651fbd-efdf-47fd-b007-e1dae77c9e1f,Worker,13
931ddc10-7bad-4c44-83e7-fb924de25fd3,Manager,19
df429c4e-2e12-4a82-8c06-f4c9e5104b41,Assistant_Manger,17
e9ab3b1d-d0a7-4ed2-96f0-b36421bfe4f9,Worker,13
8b592fa7-e11d-40fc-bf69-8f4aebc4b0ec,Assistant_Manger,17
1ba6b747-60fb-4917-b345-4ed53ec959aa,Worker,13
86676f0a-d023-4530-bf31-eb3b47b74a84,Assistant_Manger,17
855e2276-cbd1-4790-a36d-6f15186c8df1,Worker,13
dbbc3247-f77c-46fc-84ac-13bb8dd68a24,Worker,13
ec3a3036-57ec-4299-aabf-5efce47a0f4b,Manager,19
0ad222ec-c2c0-4868-bd31-2ee78424c1f6,Worker,13
30d7b615-b3bd-4151-92a1-ca65553cd5f4,Staff,10
303c1e7e-7413-4399-9890-223747f05099,Employee,15
138a2b32-da51-4524-9af8-4e94917b1d09,Employee,15
3838fcca-9464-4713-b4a7-1963da74b5ce,Employee,15
c0b3b644-a318-4b2a-9435-f9bde5a0459b,Worker,13
fec9a3fb-9faa-43aa-8b5a-c85ef14f33be,Worker,13
13e5387a-2913-41c6-9fed-2ed8dd9da167,Assistant_Manger,17
e5a3ba07-de11-4a32-b0ea-dcd02e12ad10,Assistant_Manger,17
7af5939b-fa41-4e22-83de-e559ad2595c1,Manager,19
2b4ddf3e-b960-42b3-95ac-04f7e92e3016,Staff,10
5c1aebe4-152a-4929-a352-e8248869ed61,Manager,19
e6726635-0bda-4747-a93a-de99af3d4a9f,Employee,15
e9b298f8-d1db-48bf-8afc-5077d3bbfcbd,Staff,10
084cd730-480f-422e-9941-67ed404fdd74,Staff,10
bf0c69eb-bcee-4622-8c9e-6adf525a9f2d,Employee,15
0873a1b3-66fb-421b-995f-143fcf82a56c,Manager,19
54666bde-871e-47dd-850c-735ccc0ef0a0,Worker,13
dded18fb-0e7b-467a-875f-eeb975909d95,Staff,10
a2d02484-d9dd-4bc8-ab13-0db0410a5093,Employee,15
4215d860-f514-4e23-98b6-5cd87fac5bdb,Assistant_Manger,17
e295b6cd-0b0b-409b-886e-b6a2b4ef2994,Manager,19
9050c55c-757a-4e67-bdeb-fb348ecd001f,Employee,15
c109688c-19d2-47ee-b85a-c4e1022138cd,Staff,10
6a105d75-4347-4804-8f24-44817b2987cb,Staff,10
635a7a52-f371-409c-8f35-97bef35001ea,Staff,10
7111496a-6ea3-4c6e-82c9-9e980a560d5d,Employee,15
38c4406d-fdd0-45e9-9761-d4ddaef06140,Assistant_Manger,17
2e8ba55f-f6e3-4d24-a385-7d9e1a076afa,Worker,13
bafe6436-6ae2-4660-b03c-0e1e45cb4b0c,Staff,10
379b9e76-b20b-4da9-9149-12bc8cdc21bf,Worker,13
4c094adc-e0e7-44b8-8584-f4f9a6fba4e3,Manager,19
8a6489e8-5bbb-493b-b4dc-b63854187825,Worker,13
1644d328-681a-49e9-a057-31f8da5a3499,Manager,19
9c0d7b7e-32f6-437e-a796-79fb96631139,Assistant_Manger,17
5782b14c-4680-4446-bcb3-a6eb3a30ff8c,Staff,10
3c1f1cec-4a1e-4912-a656-19a167151bc1,Employee,15
d95590db-d2a1-4e68-a07b-80ee7b607835,Manager,19
265eadf2-e522-4fbe-a03d-1bd0b5d054d5,Worker,13
17674ba7-ae8e-4634-89be-4fbde5aaaf1a,Assistant_Manger,17
63e989c9-dc6a-463f-9c4a-f62adf60972a,Employee,15
13d951f9-df9b-4ee8-b397-adbcc4c2eb0b,Staff,10
47c70dae-b73d-4b56-8ddf-57bee49d8491,Manager,19
3755c2e0-d1dd-402d-851e-c6713ffa3111,Assistant_Manger,17
a561b14b-d167-4564-bdcb-79a1c1fb799c,Worker,13
e13d703c-79ec-45c9-8039-a2fc2415af35,Worker,13
d0553eb9-edd3-4f15-bc6c-2f7148641002,Staff,10
db51234a-197d-4f9f-8dfb-7f70538bd846,Staff,10
29e93400-dcdf-4cb0-aa08-23b6fe681a0f,Worker,13
dfb32de1-b803-47c6-90ef-507edaa5ee12,Assistant_Manger,17
2079d2ea-3ddb-4298-b786-1c29662f99f0,Employee,15
c7702f43-5bae-42ab-b481-b423f761ab12,Manager,19
21ba03c7-e290-4da1-b256-61c9331f5066,Employee,15
4f8ecf75-f39c-4823-99c2-c9118ec1b065,Worker,13
bca2fc02-4da4-45d3-86ca-e09e73f2a67b,Manager,19
402cb0ef-03ae-446e-aff1-10101e49ddbb,Worker,13
39af0d93-0e92-42b0-8634-f6f1baa94d75,Assistant_Manger,17
511943d7-bd1c-4288-8216-78f2d1b72b7d,Manager,19
fa71c546-15f8-4b93-9223-c2985e314421,Assistant_Manger,17
5f946e39-2aa6-40e3-81ea-da1d9e6aa399,Worker,13
9d15bcc5-39ef-4cfd-896a-96d9307665c9,Worker,13
1ffedb3c-52b9-42fd-b8b1-b00b6f697d4b,Assistant_Manger,17
e5a7a35e-d07b-44e8-afa6-4511ec3f652a,Manager,19
18508dd7-963b-4c5c-a3c5-3f584dfe9360,Worker,13
d2c9cffd-833c-43e9-8603-7e02a69cd488,Manager,19
3238b378-0e14-47af-8b20-c732d0baf659,Assistant_Manger,17
bf554bcf-5593-418a-bd08-fc48e4b6a8de,Manager,19
ef69829c-bbee-4078-b361-71a33163f3d5,Manager,19
0da7a564-af87-44bf-b006-f142f023dc7b,Employee,15
9c7a0923-3757-484f-aad4-7b511885b535,Employee,15
d3184139-13d1-40cf-9d3e-3cdff784f7bd,Manager,19
bacb976f-40a1-41ef-8772-448f738aa03c,Assistant_Manger,17
c40c1976-0fc9-4002-acbe-379c8c068a41,Staff,10
d0efb046-0903-4f84-baca-87dabd3d2744,Staff,10
727497bf-18fe-44c3-9c6b-fa68d67352f1,Worker,13
0c3667b0-b05f-4e6f-b536-60080f41baaa,Worker,13
a3e6d1b2-884d-4c9b-adb5-ff8541697c33,Employee,15
d13ea8d3-8512-4fd5-af81-48119aff2cb9,Worker,13
67da0d24-5740-4052-b56d-10502fab1253,Assistant_Manger,17
4b7def19-65f0-41f1-9a71-97989decd820,Manager,19
45f922e4-f62c-437a-8709-17fe887d2299,Employee,15
cc165113-8ab2-4471-8924-9e54088996d6,Manager,19
00baa3a1-5f92-4ae8-88b2-755e6e960787,Manager,19
726f30a3-f9bd-4194-ba31-2b1eaf2f8672,Staff,10
1f5f0389-dcb8-401e-9fd6-bbae900a7f48,Staff,10
20fff227-cbcd-499d-bc20-a368242df08d,Staff,10
69ff0216-163b-4a73-a6c3-1d3781894c33,Manager,19
4afebb56-f998-4bc5-8860-c67f8c80c635,Assistant_Manger,17
91de3a89-faf2-46d0-8fb3-6e6e5025a643,Employee,15
bdd136fe-1956-42be-91d4-48021e80cf76,Staff,10
9b84718e-c7bf-4653-8f9d-c95b6d7ce8f4,Employee,15
cc0e9f1f-814a-4af3-8bac-5322324f70ba,Employee,15
487bfc18-98d8-4e41-ab83-483f23acd899,Staff,10
092cd866-8888-4ac3-bb9f-44584baaa235,Worker,13
99337680-ff3a-4bdc-8cfe-b89b387512b5,Manager,19
9b8bc94a-3f91-43cd-9190-ffee70e02362,Manager,19
c6a34d7d-3f0d-4ad4-86a3-6c198b01dab3,Staff,10
738961ec-1927-4a1d-b494-17d7eae85ef2,Assistant_Manger,17
c91d65cf-00c0-4bf7-9f1a-28ecdc26671e,Staff,10
9b56a3c9-9083-444c-9dde-789e365e89fe,Employee,15
81751ccf-277a-4597-aa4f-437d543a7f36,Staff,10
4045ab69-91df-4ebe-bb33-0b64297be141,Manager,19
94809bea-82c8-4d97-9a4f-5efe502d01ae,Staff,10
8c91d65c-71c0-4aac-b3e0-888cd103efae,Worker,13
93f8563e-50e5-4bb1-9fb1-d1cbd3ba759f,Manager,19
b40d4e47-1b3d-4258-af6b-f2bbbd629baa,Staff,10
ae6a1e8c-9693-4bea-af62-1d65f3b2f89d,Manager,19
3ad04423-b57b-4abe-bb3d-e80374699fd3,Staff,10
ee874be3-6c7b-43b4-bfb4-b83426ed5543,Assistant_Manger,17
0b8f9e79-a739-4e3a-808c-b8f5fdf42053,Manager,19
a80a06bc-f9f5-460e-b459-3121376c1c00,Employee,15
21cf93e7-c7d5-41f3-ac6d-4a0632d08995,Assistant_Manger,17
77e814b0-ad5c-4caa-a26d-64224ce3d901,Manager,19
e118045f-5314-450e-8111-b38b87361aca,Assistant_Manger,17
6b0b6bfc-b362-4a79-8183-51af911fcb73,Assistant_Manger,17
87940db9-d912-44df-a00d-b5bb64b8ee25,Worker,13
70785341-94af-4595-9952-615fda43a927,Employee,15
dba13382-3588-40a4-a590-2e16cc4fae1b,Manager,19
93701740-1929-47e6-af12-e6c1116634fc,Worker,13
28e692be-363a-45ce-82e0-df83404adc4f,Manager,19
a72709cd-f7d2-45ca-a186-b3ba5484392c,Assistant_Manger,17
faebc1b4-78c9-4a78-8bdb-a97f04b4d39e,Assistant_Manger,17
fa7558d1-d2e3-4be3-8c4b-7d7af0242b37,Employee,15
69e587fc-a4a5-488e-b01a-b15aecc285e3,Staff,10
5f915209-525c-48b1-a08f-d24686eb8406,Staff,10
6580231a-a385-480b-b04c-32928723e86f,Manager,19
7b87ed35-87f8-4713-8664-1b37848fb7d0,Employee,15
6a71a236-01ba-4b3f-b66f-cf739a50fc41,Assistant_Manger,17
83344cbf-c955-45b3-bc1c-2144fa7caede,Worker,13
13f937d7-c4e5-4213-b8cc-991e9035133b,Assistant_Manger,17
28ea7ae4-62fc-453a-b5eb-5957828265ae,Assistant_Manger,17
0596a980-abcf-41f3-a308-2a6a0eb1e8df,Manager,19
bfdfbed5-b405-4aab-bf39-4c24829c1780,Employee,15
04dfef5b-e990-4508-b53c-992212f30f71,Assistant_Manger,17
ed756809-3558-405e-be52-d4120a2360bb,Staff,10
6092fd49-8822-4367-aaff-3e4a886236ec,Employee,15
12c221fb-4f57-4ad8-9ae9-f64883b589df,Manager,19
416a71af-95e5-4bd5-be36-eb1a94552567,Worker,13
4cddc715-1eb5-47fb-ae47-bb4b9859f200,Staff,10
0c432c7f-968f-4e5e-9e3f-8066820fc32d,Manager,19
6c05cd21-224d-4c18-ace1-9c25d592e4f9,Worker,13
18148e3d-8c47-46e0-867e-7666d0dfe62e,Manager,19
5a5c0eed-f703-4f08-9d4d-30494f46cf8c,Manager,19
cb4ff12b-c3ac-4d6f-94e2-a269595a28e9,Assistant_Manger,17
9129f9fb-34b2-4e18-8ba3-9782c494cecd,Worker,13
8def3341-b479-4185-827c-8c1b902639d0,Staff,10
08095180-0a5d-41e0-947d-eab574e87d82,Employee,15
def70a43-c47e-40a1-b957-6a947a006446,Employee,15
731db2d9-258a-480f-93f3-b290d0211b37,Assistant_Manger,17
b03f5d47-0c8c-47fe-9f48-14dde812540e,Manager,19
81f30561-f989-4c23-82e6-ed773e5f3cf3,Employee,15
780f0e95-7507-4cae-a380-9253184d4c0f,Employee,15
705e8530-81ff-4a37-82cd-9e1ce8bf0cba,Employee,15
55cff7cc-6897-4299-b9cd-530f5899970d,Staff,10
97cf9258-1aa9-4a83-b1c2-1d728d11b35f,Manager,19
a7cff06c-ffe4-45ed-8e6a-9326b5631707,Employee,15
249447b1-cee8-4a2c-bb74-25d2e373605e,Employee,15
e6a0381a-aff4-4dce-8025-5ae7bc6500f4,Assistant_Manger,17
a0c1c4d9-cb4a-413c-b7b1-a851fb321097,Staff,10
a030c548-d1bd-482b-9bed-2e24bbfda69c,Manager,19
52558f28-2e78-4f99-876c-c41bec29f6ee,Staff,10
b34624cf-a0aa-4009-94d1-2c18c6c62c71,Worker,13
33d0a715-47f7-4bc2-83bc-146d50ca7204,Employee,15
c07bb5f0-fcf8-4e1a-a8ba-3ba07a90a2c0,Manager,19
00bde43b-cacc-44d2-b8a7-7a21abc719bb,Employee,15
bf92b2c8-d0c1-4131-a532-c1fe06e4fa57,Assistant_Manger,17
f0b3b7e4-ab44-4862-b34d-69402967abf0,Manager,19
4d11b84a-5cfb-425a-8951-b1e97d791519,Assistant_Manger,17
4623ade5-6723-4519-aef9-c1afdbb07578,Staff,10
d7a61b12-49d2-4cb7-a441-649444b1b09f,Assistant_Manger,17
b092b401-e7ef-4f6c-909d-ef4f384fb23b,Employee,15
2dc0b9ce-b2a7-4e2d-a3c4-35f421ca2940,Assistant_Manger,17
95d5d47f-0dec-49b1-a6b6-ead71cdf0f45,Staff,10
d8e5bf16-d02d-4c1b-98a1-76d2c20c88e0,Staff,10
862e1719-b03f-4e33-bb9c-e1b883ef3f0b,Staff,10
a1da122f-c20f-416f-98c3-d5aaa133ed3c,Staff,10
27ade21d-353e-43e9-a0ee-feb9171f7b1b,Employee,15
22f5035c-b146-4213-993f-b7fcc078a978,Assistant_Manger,17
e3e8cad8-eb9b-4559-8d23-9adf198af8e8,Manager,19
794d13b8-9116-49a1-ad4f-708d03789958,Manager,19
c5554340-04a6-4a04-8645-03c605f2f3e9,Assistant_Manger,17
8f58ab5f-2f32-485e-9541-a29aca302cf9,Assistant_Manger,17
d178bcfc-18e2-4248-b5d6-f329ca61aaca,Employee,15
4961fb9d-0a2d-4474-be23-03ba5153e06c,Staff,10
9c69a8f9-4cde-49bd-815c-cce57fcb1030,Staff,10
372338bb-7ad5-4fd0-a84e-afdbe54f0332,Employee,15
5cf8da55-7fc1-4906-915c-9e3528b4a371,Manager,19
032e9a80-cd86-44cb-875a-18b608e7ea4a,Staff,10
bb6a3f21-8060-4cca-b7e5-2538cb038960,Manager,19
6c5ed845-8fe1-4f7f-a3c0-4f040f004dbd,Staff,10
cd928400-d596-4b45-a0b1-040f48ed3592,Assistant_Manger,17
5b56c382-d276-4873-b77d-dab5ca2aefeb,Staff,10
93124b5e-dfd0-47fc-9059-b5dd288aba1e,Worker,13
074c7201-097a-4f13-8c12-22d3016023ef,Manager,19
b840f5f6-c0e7-46bb-acf0-38a70a717d70,Staff,10
16e54fa1-2fd1-43bb-8780-73b18a876883,Employee,15
7ddb8539-ab6a-4020-9b95-dc27d34caa23,Staff,10
a208c1f5-0d4b-46bf-af9d-dc9d7fceb6b2,Assistant_Manger,17
c46ebd23-5f20-4399-9fc8-1726647617a2,Manager,19
c39e17d6-d9a0-4b35-bf76-a566818749f0,Manager,19
f675bd5c-9fa4-402e-a54b-486ad97a8b28,Assistant_Manger,17
438d99f9-a3d4-4120-8251-da5e8e94ace5,Employee,15
fe82ed67-d0ca-4f51-9a36-3d590afa9d56,Assistant_Manger,17
fb1673b2-d484-4fd6-915f-7090dc82b4b5,Assistant_Manger,17
fb08392a-3c4f-445d-8b5c-40a4b4832ed9,Staff,10
fc30c120-38dd-4de3-8aab-908247a4654a,Worker,13
4d8abea1-5533-4b07-90cd-fbf840cc0d5f,Manager,19
b3da773a-24fa-4d41-b7f3-65a6bb0f7010,Staff,10
7c12712d-ae77-415b-b139-26f8eaca9493,Staff,10
57acf0d1-9d15-4ffb-9fc2-a57a9ae73d9b,Staff,10
8bfeb7d7-4a2f-415c-8182-0048c27a0f74,Staff,10
3c2e4b94-75b4-4924-b415-ec070ab49a19,Employee,15
5fcf48ee-231c-4e46-9bf8-17e688f53a97,Staff,10
3986c664-dee2-470b-bbe5-a47a62989c4b,Employee,15
f38e7f73-8686-4622-90a6-0ff566c062d3,Worker,13
bd71f207-6588-45cd-98b7-18dab321986b,Assistant_Manger,17
b15c8628-850f-4938-9b99-001bd1e33ff4,Employee,15
fd2a6cdf-683f-4519-8acc-ef12f0754914,Staff,10
e54432fe-2bec-4d9f-a0c9-3497c3a1c1b4,Staff,10
3a319320-23c2-4557-9d79-4bc0afad1d00,Assistant_Manger,17
4f321dd4-70df-451a-96d6-b12dc53b6b15,Worker,13
08091570-c3f3-4601-804c-12a59da7c55e,Worker,13
202e9409-7cad-48b9-873a-d4fa06c8dd74,Worker,13
4cef1113-6b96-46ac-85da-6252ef6428aa,Manager,19
a9b1924c-1d36-48d3-b129-5bf29d1f063b,Manager,19
258b4854-e25a-4db4-9750-e6b1c38d2f1f,Worker,13
1ed0c02d-fef8-4b57-b342-ced52fb9afc0,Staff,10
b5ce4c0b-0b24-4aa5-bcfa-bd22ac07d842,Manager,19
0179b5f2-0a39-43d3-b3f8-c219a56c7b1d,Manager,19
04f115c9-d9f4-4a1d-bd8c-3cffad6ae7c2,Manager,19
4a97aed9-3209-4970-b4b4-563742616be8,Worker,13
c1711885-9e7a-4b26-946f-07860bc4e639,Worker,13
c20021f4-65ef-49d3-9a86-6843a81680f0,Assistant_Manger,17
4fb477cf-2d15-421b-9cda-ee35365e34f3,Staff,10
fa690efb-d74f-41e4-b1bc-53e2138d94cb,Manager,19
b73d3d65-0fbe-4df1-84ec-253ac0816295,Worker,13
5ac197e6-9b3b-4373-ba62-4ced64cd58ca,Manager,19
3dcea402-04a0-45ee-a130-9c76466b080f,Worker,13
0a34840d-c393-4e9b-9615-6f1c21374dc4,Employee,15
ddfecff8-aeb4-4f81-829c-fec46ab5ea94,Worker,13
c673bbb0-eb10-4b50-b60a-1349ccb4c002,Staff,10
ef9fc59a-4efe-4a67-b633-55c11b5a1b94,Manager,19
140438f0-a24e-4075-acdf-eb483e2d7547,Employee,15
57b1d262-3611-42b7-97c6-3914a016bcb0,Employee,15
ed0cf50c-ebfd-4836-8956-54390b9ceed1,Staff,10
9b1ad451-2f84-4891-acb0-8818273089e1,Manager,19
e8c9e8f7-d117-42bb-be71-a8e0d50891e4,Manager,19
e03a147f-9651-47a4-b2cf-6cd9e886cfbf,Assistant_Manger,17
a6f4cda5-f6f4-4ecb-a336-cdad216fe8be,Worker,13
07cd1af9-c0c9-41bd-aeaf-fc0e6d017e11,Assistant_Manger,17
7884b814-2da4-468c-ac8e-43fa4d0a9797,Employee,15
014c4a9c-e699-4fc1-9228-314f875ab946,Employee,15
2a7649e5-d993-4b9c-8b50-4e40ac0f15a0,Worker,13
b1d72aa3-249f-4f73-b777-73a5a6d7a3c0,Manager,19
769a50ef-2aed-45f3-8bb7-84776ccc63f9,Staff,10
a4372966-3605-4415-ab73-6a008c0ba4e7,Manager,19
4b34d727-88f4-45eb-abdd-3310714a775a,Staff,10
47c45a3e-36f3-4d97-b212-9f7801d1863b,Employee,15
9ee62cbd-9554-43be-a446-89eb068dc876,Employee,15
ee4a6843-8807-4cdf-b9fd-b646892a7ed4,Manager,19
d6155c2b-cb26-4d63-a2d5-4d4fa60e97c4,Assistant_Manger,17
a15362e6-8496-4d02-9017-8b8d220b04df,Worker,13
05d7a4db-7b2e-446d-9438-3fd8f83d3b98,Employee,15
5c452e39-ece0-49f2-97fa-727c29a2bea2,Assistant_Manger,17
e8c98d0f-4b81-4a43-bbb0-1e194dcc6c29,Staff,10
27acd27c-0f38-4f98-b56c-27953ba0e1ce,Staff,10
be1e9db6-6d17-486b-af17-6ff779e82940,Staff,10
ce156d31-9fa7-4b5c-9d2c-9115168dd446,Worker,13
aecf4062-a3e0-4b5e-96f7-0d11754b835a,Worker,13
21ba6719-925b-4521-bc1b-6b6e032d3cd9,Staff,10
37303ffd-c8fc-4553-b79f-3be0f61bead0,Manager,19
b984da52-f1de-4162-a5ee-2cb34a008e32,Assistant_Manger,17
bad1283f-b7a3-45bd-9078-5b2c83969866,Manager,19
310873f4-52cb-4b52-90b3-5691db308733,Worker,13
80b48aba-2d2d-48a9-902c-69b5b84ec8fb,Employee,15
17b890bf-c4c0-4846-babf-1ac65f2d6884,Employee,15
fe315aea-6106-419a-b276-cf4d5272b39d,Worker,13
30313e19-49f6-4464-93da-eb4f1c80f5eb,Worker,13
58bbd85b-ed31-4bad-bf46-6752bb8ec6c2,Employee,15
0cc2fb8f-c92f-4644-b154-530aeb0e32ed,Assistant_Manger,17
789447ec-302d-4468-99dd-1446a853c6ba,Staff,10
059fd9f3-cc63-417a-af57-7680abf1828a,Assistant_Manger,17
bfaff6f6-2523-4ace-904f-7983f25b5d6b,Manager,19
26324834-3e45-45e2-b39e-ae793ec53a12,Staff,10
7a434a4d-86da-43e1-99c4-7eaa34ffab85,Staff,10
e0a0d459-e288-4a27-b349-5e0f77fd91b3,Worker,13
ea8831d1-757a-4cc0-af1f-b7d1d945a334,Staff,10
2757d3ae-a9e0-4cc6-b0e8-a6a2b31d8a41,Assistant_Manger,17
dc8ba468-3cac-4367-813f-9366b09579e6,Assistant_Manger,17
2b49bde2-4ab2-4403-b899-e7a6408fa052,Assistant_Manger,17
5310ddf1-396f-4366-ae90-045aec141096,Assistant_Manger,17
65c15520-fe0e-418c-a42f-0eb4a6f412be,Staff,10
d224da77-9163-4d40-9b19-c87b3b4707e8,Assistant_Manger,17
a91f88e7-3903-4773-8420-dc656c2e2164,Manager,19
0feb0bde-d8c3-466a-bf3b-f50f7988461a,Manager,19
0eea0a84-87da-4bd8-b39c-8e39d8964a70,Assistant_Manger,17
f9eb497c-6ecc-4377-bca3-21ae53df888d,Employee,15
a32d06ae-78bf-4c8f-8eb2-63148f3325ea,Manager,19
2f94c500-824e-4aa2-8fed-d2cbc01cf465,Staff,10
bf83b88f-854d-47d3-944e-440189cf0fdb,Staff,10
ae61c630-4847-4a0d-82df-6be66dadf54a,Employee,15
ce543cf0-4eee-4169-85da-a38a6c5b58e5,Employee,15
1bb2e65a-5fe7-499a-a87f-3e522e3cbffd,Worker,13
1d55c459-a4c5-4c45-b738-18d792464a61,Staff,10
9fee26b5-a246-43f2-a31f-d39f0813fbe8,Manager,19
3d4d123d-ad49-48fd-88af-ce57710ddca6,Employee,15
5c83b593-5bc9-4224-9f4e-e84c887f0bcc,Staff,10
24fa0cd8-1ce2-46e5-9b94-4e4f1f24ea54,Employee,15
7ea6b976-06a1-432a-9cd8-2fc707f9ca1c,Staff,10
c89cc85d-a2ed-4328-876b-f472c28d2a92,Worker,13
3b30a2f6-5cd8-436d-874b-76814059fe05,Assistant_Manger,17
44fac96f-9587-4c40-a35b-4a3d42c029fa,Assistant_Manger,17
1c175b73-81fb-4856-89cb-4429a3d9230a,Worker,13
4fcd2ff8-12a1-400d-8d5a-c4cdc49d9367,Manager,19
86dbf132-8794-485f-b38b-031a157f9df1,Manager,19
e1a421c6-c3fa-4ac9-aefa-0b9e1e00e901,Staff,10
3f721cd6-ca92-4a7a-a83f-f6fa5a29735d,Staff,10
1f7fbdf8-5363-4196-a266-fae4e244e3af,Manager,19
94731969-b2aa-4030-9474-501f0482aa28,Staff,10
e144d263-5c36-4367-b7b5-4af0a686bcac,Manager,19
cf42ca52-87bf-4902-bd87-0447ffce1be2,Worker,13
0f7b68a2-477a-4062-968d-a69189546f52,Assistant_Manger,17
e04d47a4-248d-4861-bb4c-01401d4ba215,Worker,13
2ff61c8e-6403-4e08-a0f2-cc82bb0c94da,Worker,13
66656747-7ff4-4883-9910-1c7d70282d79,Employee,15
ade034bb-c54b-4e93-8ffb-bff4eabf1232,Assistant_Manger,17
7635befc-dd06-493c-9126-a9d26e1ae842,Manager,19
8a1103a5-76ca-4ab5-8c15-dca403c71d86,Employee,15
62c20cd4-1a42-4ff8-a636-c5472685e4af,Manager,19
e1ee9ef7-e8f5-4584-a9d7-d7d8492423f4,Staff,10
3cc41129-d87f-498f-9141-dc937591d50c,Employee,15
9e9a032d-c389-4cab-84b0-a15a717fe19a,Worker,13
686d691f-d077-4c60-bd98-3b00c7a974e0,Employee,15
7b54ba21-b064-42f7-9085-b8ff5c9e709c,Worker,13
f9e45766-de22-4248-8e8e-dfc752fbc10c,Employee,15
f5efa288-fa9b-4514-9376-b0c90e82b486,Worker,13
5032eb46-8e20-4a7c-b22f-1c37a1520eb0,Worker,13
86f57585-dd69-41b2-8d83-a9d9b0783c4a,Manager,19
6e3d2d9c-9fc1-49d4-adef-fa483896c725,Assistant_Manger,17
9afddd7f-09fc-4703-b13e-9f46aea240fa,Staff,10
e17a94a8-e73e-4aa2-9d8f-b038ba955559,Staff,10
4487a3d9-1215-4b9e-b9bf-6462aae2cf5a,Worker,13
cdf706ce-3b45-43e8-8d5f-bf9142c94ff1,Employee,15
3f245912-0f2d-4249-ac0f-689d754c72ba,Assistant_Manger,17
ca53dd3a-10f3-4e23-a9ff-fd3b4bbbdb77,Manager,19
c39b41e8-fb1f-4eb5-a79b-8addd88d3a81,Employee,15
d2551365-563b-43bf-8f8d-cc6c6fb4e271,Assistant_Manger,17
fb541890-986b-4487-a477-808d7d61069b,Assistant_Manger,17
0f915f3a-d0bb-42d1-86b6-a3ed141e7890,Assistant_Manger,17
feba7112-cef9-48a7-ba8e-edefad94ee72,Employee,15
a42d92bb-031a-42fe-8027-2d23e0afffa8,Staff,10
8e30a137-7bc6-46a0-8d80-2cad55bbf71a,Assistant_Manger,17
67eefffe-d0d7-4b70-981f-0409d0831cfa,Manager,19
77180bcf-507a-434a-abcd-f311a6589dd4,Assistant_Manger,17
7597cdc7-d229-4640-9256-1f3dd42eb8f3,Staff,10
aad1d8c6-55d6-4fff-ba9c-4b684a877e3c,Staff,10
691a23bf-ce9b-406f-8320-8336a6755e20,Worker,13
b4104e3a-15e2-484e-a316-a74649db7f13,Employee,15
9eef2639-9820-4004-b5de-be7724bc5f49,Employee,15
9229ffa0-3a94-4fb9-a6de-5c05d37fe0c9,Employee,15
10c0b8ec-7593-4c82-aff1-274f4f09c16c,Worker,13
9506dcd2-fed6-4933-8242-625525051b51,Worker,13
8fa249ff-c825-4ad4-8f23-86885d168922,Manager,19
a4fd78a5-6f7b-415a-b807-db9c92d17e19,Manager,19
c06c2b55-0a84-439f-801e-b98666a8b6ee,Worker,13
1ee5f05d-a42e-460e-9119-e286a7a82daf,Assistant_Manger,17
844c7ba9-ecbc-4bb9-a9db-1925cbf9f3fe,Manager,19
06d633a7-250c-4712-81f2-2cdec0aff7f0,Worker,13
d8298e3d-e9a6-4f99-807a-47839d5d0eb3,Staff,10
b542da3d-e08b-4c87-90d2-edd955633295,Employee,15
7371f10c-3ea5-4691-8fd0-ba92d32b568c,Employee,15
6b494064-43e4-422d-9f58-2c5613afe75d,Employee,15
fa124da5-a9d6-4706-b9ff-d88401c83eba,Employee,15
3dcf5c25-43b4-427c-aa2e-def789b8801c,Assistant_Manger,17
d949c1d4-a8a0-4ec2-b7f7-a7284803affe,Assistant_Manger,17
2e0d6486-c204-4787-bf26-62bb40c46eb6,Assistant_Manger,17
031cc4b1-f497-435e-8465-c926248438f3,Assistant_Manger,17
ba0abd9b-890a-466a-b0d4-446798c12067,Assistant_Manger,17
070b10b5-8576-48fa-b38e-c23471867551,Worker,13
e7f607da-e10f-4f47-b742-bb531da2e50f,Staff,10
d62bfad1-8cb1-416a-8582-9598dc522a4d,Assistant_Manger,17
238a33c6-e7c2-448a-b62c-f41da6ae2f0b,Employee,15
dee7d1e7-8701-48b6-b4ab-1658d3abaff9,Worker,13
1daa2951-024a-4ca0-8b51-e314f533fda7,Manager,19
6eee77bf-acfb-49e9-8724-5c4d4ed24ab1,Employee,15
e173c674-34df-4133-b6b6-db36214bcfc6,Employee,15
ea991cae-2d26-429b-a858-d328ff066e30,Manager,19
514af66e-6a9e-470c-b4e6-fbd21e97bb67,Worker,13
a7634e31-7346-44fe-9127-f3589fcaa674,Employee,15
d4914e4d-24ff-413e-811b-c1a7e9a024b2,Worker,13
470d903a-f3eb-4d55-9920-c782bbc8dfd6,Manager,19
dc38d97c-bdfc-4b18-b8e2-1cd19ef9a382,Worker,13
cc867d0a-c2e4-4790-bd8e-42580667ff65,Manager,19
9ac1d590-bd51-405e-898e-26d1c1c20add,Manager,19
90534738-bb67-4810-87f5-690c3f19573b,Assistant_Manger,17
95d55f70-5b06-4e41-85ff-e582e748ed2f,Manager,19
90bd3325-64c2-4f37-bd51-542692f414e2,Employee,15
6b1292ac-4dfd-4eb5-883f-bfea9c184297,Worker,13
a6a279f7-78f8-4a8f-b6da-5fd0075265f7,Assistant_Manger,17
6fe8a320-09cd-4129-b4ca-21555784f881,Assistant_Manger,17
d6ab304b-dd8f-4822-af31-160449b5b1b1,Assistant_Manger,17
853fd867-f5c9-425a-9beb-bb93feb114fd,Employee,15
64d9f256-a1b8-4438-845a-91a90119b415,Manager,19
4f84c682-4513-4181-a251-f2e4f87e5b7d,Manager,19
d3d3df49-4eda-411a-a1d4-410462a25a43,Employee,15
99f381e0-c757-476a-a2e9-1ce2ffdf9935,Staff,10
6e90efc3-9238-46ff-8bf9-4d4847b34a56,Manager,19
ddface6c-3b38-4264-bcae-b9d2b35b02c9,Employee,15
24052945-9202-4225-b62a-7e784edf0c8d,Worker,13
1d4bf8ae-30c3-44c0-a854-b91f9761261b,Assistant_Manger,17
c1bfe1dd-7a5b-477e-84a9-22c60914c4e8,Employee,15
74812e3b-ca19-495f-980a-0e12692d045f,Employee,15
447b7a88-7255-4265-a91e-9700ed7ac004,Staff,10
a15e8227-ff6a-4606-b498-adc8b35f24fb,Worker,13
9504d6ae-d7ee-440c-a720-90d2cc051492,Employee,15
85895310-8c73-4251-a1cc-6fae23921102,Staff,10
02b53bb3-5914-4c30-aac2-0fdbde249578,Assistant_Manger,17
65a3e381-b2eb-47af-81a9-a3a7529b4c46,Assistant_Manger,17
8229b204-5c05-451f-bdd8-9fa894527bac,Staff,10
6e8909ba-0276-4e0c-9663-acdf037cef9c,Manager,19
2a158269-36dc-4e4d-8507-15cc4701e70f,Staff,10
7ed0ce5d-d9a5-4db2-84b3-c946a4df15ec,Staff,10
bf9c0ed3-aedc-48bd-9dcf-653bcbd35ebd,Employee,15
dede35d0-4435-4224-9238-6551931dba05,Worker,13
edc7ffb2-52f5-4a31-887f-815576b54a3e,Assistant_Manger,17
3a81ce06-2c7a-4335-afd2-da466b53138c,Worker,13
0e21ec6b-c914-439f-8e78-612ce149a92a,Worker,13
a2d79545-b860-412b-b661-c9c7aa7e54f2,Employee,15
fb76dc3a-b6f0-41ef-a972-fe7768b03143,Manager,19
d3e5b3b3-48df-4951-85e6-fa539f4d272e,Staff,10
4818e3fb-89b3-49ee-82ec-c7d28527d083,Assistant_Manger,17
f5600ead-1bd1-4c51-904c-ce675cb5af5a,Assistant_Manger,17
8581fff8-81b5-4e2d-945f-ca6984a85a90,Manager,19
411be50f-421f-4b19-afb8-cca8c3fc1c97,Assistant_Manger,17
4e9c87e8-c541-4841-984c-5ac57b8e0392,Manager,19
3b982d1a-cadf-46f5-9c00-243ccc62cac1,Manager,19
a511e22f-c037-47b8-9972-6dd73013e1b6,Staff,10
98d4b57a-f820-4c7d-a051-6430bd4a0966,Worker,13
9d97e3eb-d057-43c9-90a8-a64a8995aee2,Assistant_Manger,17
564067bf-86f2-4376-9e2a-1ca53b6a3a7c,Worker,13
393d12f5-be77-47db-ad31-c4a9d61c096e,Worker,13
ae2893f7-84c9-42ec-9475-e0db400d4014,Staff,10
1898f343-bb8e-4f47-903f-f5f66b424ef4,Worker,13
4c4cb131-ca66-4ca6-9782-be192a3cb4d5,Worker,13
366459ca-ebd6-49e6-ab1d-ef2c420d7ab3,Staff,10
20134621-4ae0-4390-a2ef-51d56bf2aab5,Employee,15
08a30e5b-f28b-4056-8b4b-fb3c84de8f18,Employee,15
4c511ed2-c27d-42ab-b73b-d0c1de9560a2,Manager,19
47e7aec2-5c9c-4ac0-807f-15a810308393,Manager,19
e70c30f4-dd04-4fba-8e1a-246925a7a54d,Assistant_Manger,17
1e5c9947-5330-41fa-833c-1029f0d8fc3d,Staff,10
444767cc-3134-40f7-8265-39ae2c96ed30,Staff,10
bed82455-a327-4efc-9926-0e3ac8178a43,Manager,19
8c8cb160-36bd-4f86-97f1-caae01cd9c23,Staff,10
2f28d3c3-9fd1-4440-9ac1-a5d83893c43b,Employee,15
b2287eac-7dae-4872-905a-0c7825b217f3,Staff,10
29440b71-7a5a-44af-81d6-a5f689dbc508,Assistant_Manger,17
a5e6f794-3d2b-4bab-94b5-b3f82b327cff,Manager,19
7496fee1-86bb-4780-8b15-a4725d5799e0,Worker,13
2ee59b5b-fbb3-476f-8fee-1b8d9274c717,Manager,19
45d15663-7900-4511-8fb8-54fd3477bf1d,Assistant_Manger,17
b20ee136-ed78-4e61-a9ae-aa00d7b16fe6,Employee,15
8f3cf5dd-69d4-44ea-aa38-c7a2629078b8,Assistant_Manger,17
7e675032-0ecc-4c87-b038-96f0b5c53f91,Worker,13
2236573a-12b8-4996-9876-e09c19a4b546,Worker,13
307863f7-23e8-47de-bd3b-06e46635d354,Worker,13
d44fd5e1-740f-4bc8-82d8-fd9204ffacc8,Employee,15
3266e39b-fee5-4ab0-b4a7-5d2e5821b8af,Staff,10
4723c5a9-859e-4ab1-9f1c-ec6fd7f38be4,Manager,19
e5f458fe-759f-459b-a8f8-578e81beb7d9,Employee,15
31b3cdf3-e3a9-4dc1-91f7-87d761251e9d,Staff,10
915bf483-1f82-412e-b2ed-23f59ea33b3c,Manager,19
63df111a-1a7c-433a-b7e8-171f7354c146,Staff,10
0445e1cf-d31e-421f-b2d0-c7323af98b7b,Assistant_Manger,17
a6528e65-5cf4-4526-9005-628b06bda6fb,Staff,10
5309cb71-f620-45aa-9702-b694e049caa5,Employee,15
7d6ca76c-05d6-4a5b-8cad-288af124c399,Employee,15
daee51d8-98ec-46ec-a8d2-5795b2626267,Assistant_Manger,17
fb135291-e979-4f47-b8f7-48cc27fd7542,Assistant_Manger,17
54676046-7c33-4d0e-8900-a62607318739,Manager,19
2591e211-4ea1-4609-90e5-d9a586e415b3,Staff,10
c2afd704-c246-42ee-b10b-074c198f2888,Manager,19
a9be70c1-01f7-48a2-82ce-0793e82f422b,Manager,19
3d7faf1f-b490-4393-9707-63ca2ae2cd4b,Assistant_Manger,17
37202d93-af07-4e96-9119-bf04fd6e2311,Assistant_Manger,17
742f1f15-a1bc-43fa-8f14-fa0d3207e560,Assistant_Manger,17
8b27f5cd-dbbd-4822-9083-f212320b83dc,Worker,13
69613674-bb9e-45f6-9b8c-1af7c51405f9,Employee,15
575bd69e-820f-40df-9258-ffc1b335a67e,Employee,15
5e212d4c-8554-4202-b2ba-315d4fa28808,Worker,13
0ed3a6c8-93aa-413a-bec7-64bfcb4442c9,Worker,13
1c15f5ab-123b-4430-9b62-e73cf740a092,Assistant_Manger,17
32b3f4aa-cee8-4489-b542-7dbcac568cc2,Assistant_Manger,17
d08beda9-b403-4606-8a99-6350d9056d5c,Assistant_Manger,17
eb8b2bd2-b7dd-4a87-a874-ef232afe31ca,Assistant_Manger,17
778dec6d-fd6d-4e58-a938-667f477704ee,Manager,19
8b79e1ab-a63a-45c7-ba88-510ebc402b2f,Employee,15
4bbb3fbb-7fdb-4299-b307-0fb62262dc1e,Worker,13
b78fb2b6-9fdc-4744-9b30-04c7b714acb0,Employee,15
4c9bd8b8-fe56-4fb2-ac02-b861c9ecbbfd,Worker,13
827b13af-a6c4-48aa-b834-702b95236006,Employee,15
6c28c8a9-2387-4b93-aff3-150b6b31139f,Assistant_Manger,17
3d34a9ba-09cf-433b-9dda-7e284e56d773,Worker,13
565ccfe0-7e3b-4cb4-ae95-23f6118330be,Assistant_Manger,17
e7ff67ea-9b72-40af-a216-c76fda178861,Employee,15
ebc26207-5d38-4f25-9c9a-74f3c9b3401f,Worker,13
c36a6816-5778-44ff-adf0-1e2ab7ff20fd,Employee,15
64f8d210-09a2-4cb8-816c-913df4f5e76c,Assistant_Manger,17
5231152e-6735-4abc-b744-3bb3f10d85cb,Staff,10
2e4e66dc-0887-4f9b-862d-88d533219651,Assistant_Manger,17
52be84f5-252c-4a1f-8aab-3b0002f0ba99,Employee,15
022b4381-b027-4775-8e99-f11ee6ee4501,Assistant_Manger,17
4e4fe5ad-9648-4e22-ac58-01d5d1af2463,Employee,15
6f976317-94e7-466c-9c0a-bec3938c2d9a,Worker,13
509d66b2-1ee7-45a8-8284-8fc8b5f4f011,Manager,19
d60721b5-fcad-48d3-8092-99e2fb990d09,Employee,15
44628c63-e5ed-463f-9344-0f4271aa0939,Assistant_Manger,17
a5ae2055-5d72-45bb-afc8-6ca81320e89c,Employee,15
56186fd0-9505-456b-b1c6-978bd406b48c,Staff,10
1d0dd9ca-1d9a-4849-bf7b-c36705dd33ff,Worker,13
5f2992a4-fed4-42a1-bd35-6ad75596f532,Assistant_Manger,17
8064d8b2-8018-462c-a6b5-df71b9d41bae,Worker,13
d0a4f021-266e-44dd-a46a-ac5655424197,Employee,15
61f32206-4001-41da-a50a-ec13afc84402,Worker,13
4898f84e-86e7-4f7c-bd2e-36b133525b99,Employee,15
c6832c00-37d8-43de-b4bb-44a347e6b4b5,Employee,15
1130991f-f1dd-439a-936e-7fd229a6c392,Employee,15
12231439-1ed4-4907-a8ea-acfd1b0ef406,Manager,19
5ca73c11-3105-40c3-b1e6-aad609495ec4,Assistant_Manger,17
5375108c-4ae2-4102-87f0-29445059df6d,Manager,19
816f0375-57f8-4195-8cd1-beed3642d3a7,Staff,10
c9591115-c9ae-47e5-9fb6-03fbf80edf37,Employee,15
3d5aa932-5ff1-4f4c-80e0-70f175edc93a,Staff,10
759604a6-ff62-4cd4-bf72-4addf0d0ac53,Worker,13
a0a4a14b-da13-4509-bbed-83d05e5b79c1,Manager,19
bf20054c-451d-40b2-bada-d49ca89d707a,Worker,13
ed356e41-11fd-4ed6-bdb5-697766b41c5b,Manager,19
b97461d9-6bd6-4d27-8a16-6defd9741db5,Manager,19
399d9906-dd77-4fa4-8cd9-112742229acd,Worker,13
e8f73b62-79ee-465b-a388-b87ea8c4f636,Staff,10
6e800c85-eb97-4559-bf9e-8e24a7a04241,Worker,13
c896a4a4-ef4b-4a61-a333-8f2b185a00a2,Assistant_Manger,17
1b369476-e4c6-410d-a919-588ecc41140c,Staff,10
b4667be6-9f11-440f-8b30-e1a127887259,Staff,10
c740d2d8-18af-4616-91c2-094aad49548f,Assistant_Manger,17
10cfc651-4fe8-400a-b95f-624004b59029,Manager,19
659e3dbb-30d3-4f10-b123-2d34bee52173,Worker,13
23cbc852-6b97-42e4-a4d2-5ff95eede2b4,Manager,19
939a15e5-3aba-4ee4-9db2-395611d1f607,Staff,10
e8b4c7eb-bd73-4881-ba3e-d99beaf32599,Manager,19
2e9b415a-a6b7-4657-9813-b5f8dd1a9a0c,Manager,19
36775b2e-354c-4d35-bc96-c748319e1449,Assistant_Manger,17
9d3e10a0-4ed2-4c06-980d-2d9e2a3b3040,Worker,13
cf788d7d-cdde-4af5-a82f-b522402f8a8d,Assistant_Manger,17
22427a59-307b-4a86-9b16-432a30b81b72,Worker,13
9e411182-43fb-470a-b1e2-720c0f15d32f,Employee,15
d5cd67b4-6c5e-40f0-91f4-7a7df93fdfc2,Employee,15
6e0918d9-de57-4bad-b57c-24ac2a751848,Employee,15
39baa7c6-ab4f-4610-9efb-163198e9e8e2,Worker,13
d3a59bcc-e1b2-428b-9632-a3bfbea2f4cb,Manager,19
687adf56-39f9-4204-892c-902c052ef1aa,Assistant_Manger,17
fce4615b-e640-4222-a8a5-63dcc40fba68,Employee,15
8010e063-b77c-4855-b058-8665f437fbfa,Manager,19
3f3218d1-f389-4d62-b7b8-f0dd513ef304,Staff,10
0c46b112-b48d-4c00-a3fe-84a558284706,Employee,15
7af8dd23-e8dc-4160-b8cb-121ffb000538,Staff,10
452236df-d64b-406f-bb64-12d40bc4e993,Employee,15
c9db95d4-aa59-4dfc-b8b1-be34e0401701,Staff,10
4fb4ec38-fce8-4d50-9351-997bfa705670,Assistant_Manger,17
b360b24d-64be-45ea-ae88-6537519137ad,Worker,13
33c18605-4379-4e68-8a03-a045ddda593e,Worker,13
bcc99a58-443a-428d-b922-c28ce0a8fe35,Assistant_Manger,17
c4ece299-5d04-4a1b-a2b1-88aee241243d,Manager,19
572abdeb-52bd-47c2-8699-02ee157ecdb1,Assistant_Manger,17
2278e762-5037-4e9a-9448-ddbdb606bdea,Worker,13
78f6136d-5a83-44b6-b255-adda135a72e3,Staff,10
abcbdbd4-8fa2-4d8e-ac29-e634a42d70ba,Staff,10
3097d704-4730-4a66-87d5-5ea0f1cb7ad5,Assistant_Manger,17
c7b96a28-094b-4548-ac9f-c338297dfac7,Staff,10
6f8ab445-53a2-4025-873a-1e5173511f6c,Worker,13
db090800-98ef-4011-a09a-53bdc174297b,Manager,19
7fd653f2-b6b2-42f4-a82e-89c8912d184b,Staff,10
0f687fef-fa39-4d4d-9f88-443bb9ae8ff9,Employee,15
d9d3f4e5-0fab-4ff0-8d69-76958088aa44,Assistant_Manger,17
403372b9-37d7-4abd-ab20-e7343da97ff1,Manager,19
cd792af4-ab90-413f-94d2-137748194194,Worker,13
22c9ed35-cad6-4cae-b123-59de65d0a3a6,Worker,13
0da51f5f-f99c-4ef7-8cb9-9773f5df540a,Worker,13
5f9e5c82-0d88-447b-927c-b09c7ef201f0,Manager,19
261aafe9-7c97-4498-a9db-b23f12a1fdf4,Employee,15
939609d8-08eb-4707-80f2-58d018ab8a01,Assistant_Manger,17
cf730d42-166a-49f2-b1c8-775cbbfc0f90,Staff,10
d7f41ec7-e24f-41f8-af36-bd97f4575b84,Staff,10
05374108-5a17-4460-adcf-8e85ccece3c7,Manager,19
6ecdb60d-bb04-4e23-8f15-d723be625c21,Assistant_Manger,17
80248ebc-34ef-4b86-af41-40f018925512,Staff,10
c992b4aa-d65d-4a3c-af7b-fd4ad9dfdbc1,Manager,19
7c3dc184-cf00-4f22-beed-3a38f465809e,Employee,15
8fe07425-aa7b-4589-b926-a3463ba0769f,Worker,13
5938f604-ccb5-4d5d-9ccb-c3e5a19c81c8,Employee,15
2c4779cc-5970-4f9b-aad3-d13107054936,Manager,19
69101adf-fc8f-455e-86f4-81944b7cf5c4,Manager,19
607fbf4a-774a-4267-8c3f-8b237e78624f,Assistant_Manger,17
885c7d1d-c730-4e07-897e-6989c48f1c6a,Employee,15
5e8ad214-98f5-4ff6-a833-6ff5f92d8514,Staff,10
745a092d-f331-454f-af25-c9d4b23564c7,Manager,19
fd7dee58-e54c-484c-90f2-a5c90fb76929,Assistant_Manger,17
71e58340-786c-4141-863c-e226dff9df3d,Manager,19
9392a408-535d-437c-95f3-0d14eb66109b,Staff,10
5cd73203-be3c-409c-82b4-3151a52b1280,Staff,10
5a108adb-e82f-496a-9b33-a417dd94d79a,Employee,15
567c2a30-dfeb-47f0-802a-08b4b10bc142,Staff,10
a7a990a7-3e78-4cfd-b68a-09a95aee18c0,Staff,10
269ad791-8039-4ba8-aab3-2f013bb48257,Employee,15
d3bee9e6-ff6a-43f2-a252-d52360d71359,Employee,15
972e7737-24da-4a0f-87c0-1b5a010d5e2f,Staff,10
8972a3ec-72c6-407a-b109-922b2884f7f2,Worker,13
c99694c1-9598-4797-a0d1-3cf862515429,Assistant_Manger,17
876b9721-a1eb-4749-8634-a0fb527161b5,Employee,15
2b079530-4dfc-463d-aeb0-c80220ae1394,Manager,19
a7424ebe-2a15-42dd-8d34-6752a2081453,Worker,13
5aea499a-2c01-412e-9ffb-34f7af3f22de,Manager,19
edc41896-883e-4eeb-ba05-ee63bee52cb4,Worker,13
cc75130e-8072-4668-b2d1-c02257ffa84e,Worker,13
48db4987-723b-4f09-a2cf-22da87036d69,Employee,15
9339cdd4-5a62-42cb-84ec-af374d2205d9,Staff,10
09afce34-9529-48c7-b0de-1a7df9a58031,Staff,10
a6fd7bbd-c649-4caf-a19b-bdca29037b9e,Worker,13
723ae4c3-0abd-4ba5-b86d-3c19841a6866,Staff,10
536f0cf5-f6a7-468c-894c-b56576dc2b73,Staff,10
0199ce88-c04d-407e-a5fb-645a067d3f1c,Assistant_Manger,17
2e537fa5-abf6-4d78-982e-fffd07c27cc9,Assistant_Manger,17
a041fa56-f9d5-4e4c-a071-57f07d86c863,Assistant_Manger,17
c4e5cc96-f53a-4c1c-848f-2aa0f4fc6fbb,Manager,19
3145e93b-f11d-488e-8dd6-587cea86b938,Assistant_Manger,17
43573326-186b-4522-932c-ca7867dc74a0,Assistant_Manger,17
ad4b74cb-15b5-4670-b4b0-f69539570421,Manager,19
7adf0f4a-c042-409d-9fab-4b03519d5134,Employee,15
733ebcf8-5650-4dfb-9a04-00abb52d8c14,Staff,10
16ea3cce-bb0f-49fe-9145-c3b1ee65776d,Manager,19
82474e27-b1ab-435c-8085-0c5b3c337fe2,Assistant_Manger,17
77274bca-7e77-47ef-bce2-70f28993f052,Manager,19
9ca5de97-09a1-47be-b5ab-4ebb94bfefa9,Assistant_Manger,17
7cd9041a-2a98-4b78-9381-7fdbf422dd62,Assistant_Manger,17
18b86f88-b598-4504-9c90-2d9be7dbfca1,Employee,15
5adb8cef-a4f9-4eb2-8fb3-a86dc61b14a7,Employee,15
398c1656-6eb9-48a6-930b-a016d1df9d3a,Staff,10
9497faa2-a12b-450d-b2d8-e47745f0346c,Assistant_Manger,17
f22a2a33-e7bb-428c-a20b-a4cd0996c1e4,Worker,13
d8dc6a36-91b2-4abf-b975-c469033df4a4,Worker,13
afa04787-6eb6-4c60-8b31-9050461941ca,Worker,13
29d669f0-b1f2-481b-bffb-7c1e52d5cdf7,Staff,10
54b9b51f-b5b9-4544-bec7-cdc8ea614ce1,Employee,15
c9a5ff6d-e492-4b64-b658-1dd2c8589030,Employee,15
66674848-bfe1-4e6f-9fcb-81440291f70e,Staff,10
678c2736-d331-4a8d-8cd3-95ba76af2a4f,Manager,19
fe801291-54ae-48fb-9bbc-58459a0b1090,Staff,10
602cf5ef-4eae-4bb2-aa5b-c60227e1a5cb,Staff,10
82217ce1-3245-4d85-9a32-2ba014900d43,Assistant_Manger,17
ef18f19e-6606-4826-91eb-1080a02e5925,Staff,10
1e5c5860-8596-48e4-a57c-8f777f8e9790,Employee,15
c1f500ef-2df4-4398-b186-65a9a8e2f8e8,Assistant_Manger,17
d8615d75-0a73-414a-8470-411029beca15,Assistant_Manger,17
b1e578fd-a4e6-4271-ba09-97f6930076a3,Staff,10
8c4fa5a5-ddd5-4e57-9f2a-d048a5875371,Worker,13
63272dd4-8c2c-4d52-bc65-af21e7dfbda8,Staff,10
1a733a38-5f9b-4337-a77c-bad293dc06e7,Worker,13
3ee35720-33fe-4587-bdc9-1db927986a3f,Manager,19
42cfdc53-c738-4fc1-8c34-135554129c89,Manager,19
23aaafbb-1a43-471d-8cda-6fc071be7085,Staff,10
02afc59b-958b-4288-b627-22dd6b4989b9,Staff,10
89ca88f2-aea1-4f2c-955a-412611ebfda3,Employee,15
fec6d84d-eb34-4c5b-8c43-5a2ff78cf9ff,Worker,13
51bc284b-2c93-4eb5-8202-9e6904baa6c1,Assistant_Manger,17
6790db1b-ca7c-43d9-a6a8-ac6d9171a9a1,Staff,10
9a08e017-71e9-447a-b6ed-9052f55a9ea8,Manager,19
43ba4ec1-1578-4024-9ae5-fd85694e30aa,Worker,13
115cba35-ca64-4b9e-bcac-59c66c9f912d,Staff,10
bd862b33-9c63-4165-b5a9-ed013f86ea76,Employee,15
18f40176-942e-48d4-8315-53816340801d,Manager,19
9566a53b-3ade-403f-9f28-c3d027a8ac98,Staff,10
dbb4747e-4e5e-4ec2-987d-b4db1b1c2f79,Manager,19
37006654-b66e-4a0e-b3f8-902043f90734,Employee,15
4ba54df0-ed4d-4073-8a8d-0fc9b0f28a6e,Assistant_Manger,17
7e24c72b-c994-40a2-9944-648d572e7a1f,Employee,15
c6347c9c-8f16-4ead-b974-9f2197557373,Staff,10
1b72a1c7-89b6-4288-aa89-6b670ee18a39,Employee,15
259f73bd-70c5-4f40-b225-3308363cea87,Employee,15
a96cc062-38dc-44b3-836a-c1ea81684c59,Manager,19
07250372-13fd-4d1b-b6ae-56511e805120,Employee,15
b55617b7-895f-41ab-837f-d6efc860e5e9,Worker,13
89893cb0-4c0f-4f5e-9cfb-6d5ca8bb0f5d,Staff,10
145778d6-eea7-4237-99a7-5db5dd0fd826,Worker,13
2c160a65-e96a-4328-8b22-74cb2aeac6d6,Employee,15
25df24bb-1466-4d87-9b47-bde697391e40,Worker,13
81a3be4b-7230-4fac-83a3-7df967b3c35d,Employee,15
31334178-0b6a-41e8-8dd9-595e1158ff2d,Worker,13
5e63132f-bf83-471f-bbb7-c35480ae8a9d,Manager,19
45497a7b-fe3f-4d70-bd34-cdc4acd5998f,Employee,15
4ec1a62c-d698-4bec-8276-a0700c40e77c,Assistant_Manger,17
be8ef9b0-efb2-443d-b83b-44a6a79257c1,Worker,13
ee6ca4bb-88c7-4623-9125-58de9e868d56,Assistant_Manger,17
cb273dfb-3231-4cf4-b685-acd8ca87042d,Staff,10
f7e61882-c58d-4492-991e-38e5c3ff490f,Manager,19
8f3a356b-8667-4570-a685-749af69fcbc3,Manager,19
3bbea7db-df22-462b-8dda-e1c5b3123ff8,Worker,13
34e1ed44-51c4-402b-aa81-32cdcf1c1461,Worker,13
a9c743cf-ce82-4857-93bb-b40ecf8dc5fd,Worker,13
473692d8-6239-4d8c-b45c-29440ba41bd0,Employee,15
175a2283-b103-48cd-8181-25b53f3165b4,Worker,13
f724f527-0ac9-48ee-bbf7-fcfdd08028e7,Employee,15
69560ea5-16ca-4135-b0cf-7c238c679f39,Manager,19
5077e8d7-0f67-4318-a8f3-cc4d69912264,Worker,13
6f8933ad-aad8-45ca-8021-ffa3fd29ad7d,Staff,10
f71d1e42-a49d-4f79-a185-a9d9b675fda4,Worker,13
2fb45962-441e-4b54-ba78-ee63cdbf9b10,Employee,15
2f31b1e7-9a71-4619-a774-192d64933b4b,Assistant_Manger,17
ba386304-d25a-4f13-a458-07a9f576ec6d,Manager,19
80390076-d2d3-47a5-835f-82d91ced2d7e,Worker,13
f3276859-cd20-4cb5-aefe-187748b4a93c,Worker,13
2580cd3e-e390-4a73-af99-fbef36c4b790,Employee,15
d9f5db22-8abf-485b-ac50-01fc447867f4,Staff,10
c058a4a3-bf3c-43c1-ada6-a0e06cd93e9f,Manager,19
f93f07c6-695c-419f-ae1f-6827b48919f8,Manager,19
c6199726-b6f7-44ab-85d5-63762290bcb6,Staff,10
91784106-85f3-4544-bd3c-d850ceaa46da,Staff,10
a8e36a5b-4f44-469b-b1c4-6ef4d8a4ed81,Staff,10
635ce712-b8cb-43b0-89a0-e944b25ba3bd,Worker,13
ce1a4627-3b92-4063-94ec-330c1479b75a,Worker,13
bf01fcb3-4fb1-4703-90a8-90bd96269d8a,Assistant_Manger,17
7775f4b0-46ca-4028-930a-7bb22a1fca88,Manager,19
52f0fa74-6de3-4141-aade-f302325d5f1d,Worker,13
c54c2bb9-443b-4637-b547-ac60995bd2a4,Worker,13
338a446f-8b1c-4866-bbd7-03f96643398e,Worker,13
33ce7f63-2e7d-44b3-9404-36df04e66da7,Manager,19
620ffde8-148f-47e2-96d6-beafe460b37e,Manager,19
57ceb85b-9ea3-4ee8-94a2-cb21a945fe9b,Manager,19
33a15063-98fa-4ff4-88a5-3b2a269c16fc,Employee,15
560e8529-6453-478a-b69b-6e2074b5398a,Assistant_Manger,17
2d5bf074-d9fa-44ec-97ad-76425de6a244,Manager,19
a3889eb7-af38-42a6-9126-536f531f161e,Assistant_Manger,17
61ee5aaf-3a67-4d04-847b-bec5e8716a39,Manager,19
e402afd4-b603-4705-aa02-a727d8b193f7,Assistant_Manger,17
7d3cbc8a-a079-4fe9-a893-88201339d6b5,Manager,19
57ebefa5-14b6-48af-87d9-250e22db12f8,Employee,15
90c75c44-d2a0-40e3-bd76-a09286c1bedd,Worker,13
e5df4f38-e983-4a06-a4f1-cbcc855076e1,Staff,10
cc79a2ed-27f0-42f9-8370-7f2c5ffc57a2,Assistant_Manger,17
211b93df-5876-4c7f-b110-1757d65ecf23,Staff,10
8bce6e50-8425-44f8-ba2e-d212c6be4345,Assistant_Manger,17
65e268f8-5dee-45ff-8171-db200517fb6a,Assistant_Manger,17
cf0f3e03-fe5d-4a32-8b02-a511a704fb64,Staff,10
7e766552-f19b-40ef-a993-dc6edcaa293c,Worker,13
f2ca34cd-3ad8-4cbf-8339-59633c0dce86,Assistant_Manger,17
54081c11-4c26-40f6-9c6f-c4b6559d7872,Worker,13
19120234-0ede-403d-bcba-edb12b8b43f7,Staff,10
60788d0b-8acf-4d8b-beea-84c0241a40fa,Staff,10
a2f64386-d560-4198-b494-326eb5b31eff,Assistant_Manger,17
3289e984-695e-40be-a911-b7529db6ffad,Manager,19
b7947d06-0d67-45e8-8006-9c63875298f1,Worker,13
6346b3fb-a195-4d51-9568-29177b6ed1d0,Staff,10
acb5d385-50eb-4d24-943e-7e265c01ceeb,Worker,13
a38222ba-3286-4ef2-af76-32cd33f37de1,Worker,13
39fdb989-0abe-46ec-b5b7-1545fac305d4,Employee,15
0a7e66e8-2267-441b-89db-01a0648a6fee,Staff,10
acb57f72-0db2-4706-9c40-a3f1d3a4daad,Assistant_Manger,17
5d2a75eb-e5f0-4f0b-a649-4682a7601051,Employee,15
6d18c1f8-16fe-4301-95ae-655124ec5b18,Assistant_Manger,17
6b14029c-1a3e-403a-ab5b-5c989ce7da06,Worker,13
0ed097e9-5660-438c-a8ee-e6936b7293f3,Manager,19
a1166c83-ea39-41b3-9477-472844941656,Assistant_Manger,17
8b406ed8-4318-4460-90cb-116115fee7f7,Worker,13
4ea241d1-7a3a-4e59-819d-e5aa7271ea29,Worker,13
0ed1426d-9e63-4fbd-b24e-bac82866fc6c,Employee,15
ddd83153-9a0f-4558-9892-47bfe3a9bef6,Manager,19
9d90a93f-5856-47cc-b76e-cfc8ef435816,Manager,19
2b0466c8-3a98-44dc-892e-8e501f8a735e,Assistant_Manger,17
4c867f80-4fd6-434f-951d-e0f025fbbdd2,Assistant_Manger,17
62e4be40-d22b-4b54-b2e1-f7940a4a679f,Manager,19
e68c61eb-e54d-4cf5-8fe8-db8ad40fd247,Manager,19
81c3c8fc-e772-4f07-9388-15e93a65e6c3,Manager,19
63660930-4b9b-4749-b0b1-42edc4555b7a,Manager,19
c493cfce-5142-481a-aa27-16d13e91268d,Staff,10
47475431-d269-4cb8-98e9-fdc207ac81f9,Worker,13
788faa82-4fcc-4229-ab5f-663ea647a7b1,Staff,10
4074dcd7-0355-4554-ae0d-250aa736487a,Assistant_Manger,17
f080ea18-8510-4067-a34a-99709c8d1fdf,Worker,13
5a81ed11-0ca2-4a1b-a720-5b74034cfae9,Assistant_Manger,17
594d0533-983c-40e4-b06d-05230ae6c5f5,Assistant_Manger,17
fadd2dd4-ed3b-4a18-8ef3-31d87dc56e38,Worker,13
fe8870a8-1685-46e8-a6cc-cbeac0905129,Employee,15
f3ba931f-1426-4e40-8d6b-0a05a9a7f01c,Employee,15
7398d32d-167c-4837-8596-0515367d833d,Employee,15
bc1f15b7-e2e1-4a9d-afc1-6575b27dee99,Employee,15
13758ed1-356d-4558-bbce-e508b181f973,Staff,10
3ef57764-85b0-46ba-85e5-1ca6d298d106,Assistant_Manger,17
8b04d54a-8720-4509-8e8d-df8ba56115f8,Staff,10
59d583e5-5aaf-4721-8d41-01b05e1e3d79,Manager,19
c3f98263-d06e-424b-bea1-177c50fe673c,Assistant_Manger,17
346fc161-2d0b-42f8-bec4-85c08c167d22,Assistant_Manger,17
5732b2f9-5ce4-4ab0-b296-fd1265990efd,Manager,19
fa7339f9-14f2-4af9-a118-b31013288668,Worker,13
5d447dd0-5eb3-49d4-9513-1b12ce52c3ea,Employee,15
996121ff-4d60-455a-a547-c1e179cc278f,Worker,13
64119a63-3a42-4267-a725-7648809aba69,Assistant_Manger,17
e3d9f0ac-3514-4a41-9adf-fffbbed0cd91,Assistant_Manger,17
2faab633-2e89-40bb-9dd6-cf5c656d1373,Manager,19
edfbb7fe-8195-48ea-b981-0ebd8bff763a,Employee,15
0b4b9807-f0f9-4b81-a603-0ff72ceeae11,Staff,10
be15000e-10b1-4bd5-a05d-8154bc2fc946,Assistant_Manger,17
5ce0f142-3d56-45af-97ae-15f97ca546fc,Worker,13
f29befe9-f981-49e7-9300-94285adb552f,Staff,10
dba1f272-bdde-4c04-a85c-7c6204852f16,Manager,19
dfe9931a-6168-4bac-81e4-068789f419df,Manager,19
254fb5c5-8f7e-42a4-a279-d96b67c1fc63,Employee,15
4dc4532a-5413-44ee-9a2e-0bd13cd1a319,Worker,13
1c90bc14-6338-4c4a-a765-8252bebe613c,Manager,19
208342a9-9313-4c9d-ad2f-0e9990a23641,Manager,19
d08689a6-66ad-4acd-bd24-28283a4f15cb,Employee,15
0990a0f8-010e-46ce-baf8-a1ea513827d9,Manager,19
31f61f1c-7967-420a-b851-a290c5cab17f,Manager,19
440d62f8-87ee-47da-a992-5649fc70c155,Staff,10
3a15feba-2d5f-464d-b6ed-64b8193bce7c,Assistant_Manger,17
06fcb5e8-f6c0-4877-85b0-8f72d86b38d9,Manager,19
e00d6063-485c-4918-8565-dfb1e8373d6f,Assistant_Manger,17
cbd3e821-f484-4501-9848-49d12f266f03,Employee,15
1d22eb1f-d98b-46ec-b4e4-e24976e28a97,Staff,10
ace0a0be-d1c5-443d-9df0-1a464c92a97d,Employee,15
fe6c1bcd-e059-4f40-9400-f57de0975eff,Staff,10
c3ead19a-dc8f-4f57-88a5-02f9481e213d,Manager,19
10157fec-61ff-4870-a1cb-144b746fa801,Worker,13
d4c8108e-ac16-435a-af5c-f0516fca6c84,Worker,13
72e78307-5124-4e9a-9ff4-046106f45be1,Employee,15
46e59169-b2d2-4387-af92-9fe8e13bb3dc,Staff,10
1c100d5d-884c-4973-8214-2ec4c9837c16,Worker,13
3d3420e2-97a1-494a-80c6-e00761505c0a,Worker,13
3204892a-2930-4fc2-84a8-c3ba1fed6386,Manager,19
395190e2-ce5c-4729-8088-e93a0b76c65c,Staff,10
493b3189-071b-495b-8c64-30e8803bfdbc,Manager,19
6c241223-62fb-4a4d-969c-6f0fb5d04503,Employee,15
d332ea5d-f914-43aa-bfd5-717b2e29103f,Employee,15
97d33ccd-5568-4e38-af2e-5bc9ba335aec,Manager,19
63c9f510-bc57-43d1-abc0-60fa653ee2b5,Employee,15
3315903d-1313-4d1c-8f10-e0187f549f2e,Staff,10
c6adedf2-fadd-427b-a53a-6fe1bd1a5f39,Staff,10
eddbe4ca-1fab-4725-8c20-77c6ec656745,Staff,10
32d37ffb-dc47-4e78-9ff8-d9682f95720a,Assistant_Manger,17
e1d45318-caea-43af-88d0-5decd9f596da,Manager,19
5a02234f-d317-48a9-9076-5082abfaf307,Employee,15
43399ff7-4b68-4743-b579-87af13aafa32,Assistant_Manger,17
2a5dd1e2-6d6d-4dd4-aba5-a0bff37f780c,Staff,10
1a8352ad-5a85-4229-814e-31a5febc0013,Employee,15
02c24756-869e-42e5-8ba8-6a68fc2fad7f,Manager,19
4494a738-1f4c-4da9-8d1c-0b594d18c3ba,Assistant_Manger,17
e9a99a0d-f73e-40a8-bb5f-7c72d51a60ba,Assistant_Manger,17
dabdb833-1120-48b3-b688-0fac503e0c53,Employee,15
19732682-36e4-415c-8088-823285101c38,Manager,19
eef90c00-7a28-4f28-b121-dc2de316d106,Assistant_Manger,17
4227ec96-f7ab-40f3-8ef8-0ca3ab6910c4,Staff,10
dd875ff5-689e-40f9-9568-eef75dd68a42,Worker,13
67620712-0943-48c9-bb29-413a40e0c3af,Worker,13
222e74f7-602e-4454-be43-fcfcba09f01c,Staff,10
dca7fca4-b788-42ae-9279-c4432a8aab66,Worker,13
8632dea8-608f-44ac-99e5-6094c82af24a,Assistant_Manger,17
15cb1b96-610a-4179-91d4-4113676ab59b,Worker,13
f725060b-505a-4aa8-980a-dda61ecdc0c9,Staff,10
e7f16d5c-b12f-4467-a4ee-849608edaf11,Worker,13
24aded27-15e5-4425-982b-ac8a8f349d99,Assistant_Manger,17
d0ac5796-8cfa-4c9f-9acd-fdf756fa6774,Assistant_Manger,17
abd7c028-3d07-4923-a583-6e736f5c2565,Manager,19
c49e8e9e-9fe9-478f-9415-d6fbf000fb0d,Worker,13
14548866-59e4-42ff-9ac2-bb3b1b22d42d,Worker,13
ce5ad5f5-58f6-4039-a734-516fe61ea3dc,Staff,10
824a8528-2575-4c6b-9b27-b164b3975652,Worker,13
098f0eef-8fa2-4767-a28c-99ce0868e48c,Manager,19
ce21aff1-6e46-4c16-b66d-f41af2a00b2f,Employee,15
31355d8b-0a2d-45ff-a94d-af4d6dff00c8,Staff,10
d62c2c2c-5808-4abc-8e86-4228da187bd0,Employee,15
1e7f1ff3-980c-4c53-beb8-06f7341aab5a,Staff,10
75db02e4-3290-421d-af31-bab7522ed05c,Employee,15
d7c90d9a-b4c3-4e72-9a46-0f7d8f33cdd4,Employee,15
0a0f3609-1050-480d-b40c-68f9c92d9906,Assistant_Manger,17
4f7da9df-caaa-4fc4-9b40-e1069fba8f7f,Worker,13
63dc661b-5717-4573-ac49-c7e7a2a224f1,Employee,15
6da3b845-a24f-4ce5-b245-9bbd8958c505,Employee,15
601359fb-5263-4271-b111-9287bf08079b,Employee,15
7f1f4106-fc38-4fb3-bec4-551d9a1f33c0,Worker,13
02e2294a-c4b9-46da-bc48-3daf6f266087,Worker,13
9d272d1f-7b93-4d20-8f12-dec9dddd9bc4,Staff,10
0a8cd73c-1ebb-475b-8dde-9a05a4e6964e,Staff,10
a48aab8c-9b24-44f5-a08f-70eedaa4d92e,Employee,15
2d8185f4-15d6-4be4-8863-f975b853cb35,Worker,13
decd6887-ba99-4e03-8e1f-1b937dfab9ec,Employee,15
01bcf329-7189-446f-bf0c-ff2981e8b939,Assistant_Manger,17
16534d5e-17a1-4a6a-863e-de2dbafdbb4a,Employee,15
cc045029-295d-4865-b57e-85d469011571,Employee,15
ad4deec3-aa5f-496a-88d5-16f71484ae16,Assistant_Manger,17
ed8fe79a-b4b3-46af-9d10-fc968a3792bd,Manager,19
3ac397c9-81b8-4d7f-8a8f-f3f11d551541,Employee,15
1d5828f4-3718-40c9-93ae-b32c37b26116,Manager,19
7c58470e-1b0e-4496-9738-1206447ccf41,Manager,19
7409a6e8-3fbc-4576-8bf9-be11878c7e14,Employee,15
e040aeba-362c-4993-9456-5a48c590e80b,Worker,13
639c25ab-709e-49f6-8609-3d6518cca2a2,Assistant_Manger,17
0f8c311d-3a16-437a-9f7d-723b8d24b045,Employee,15
eadb2f35-2659-4677-a1bd-a9a09a3e0fec,Assistant_Manger,17
658eb013-dc89-4031-87f1-aa576f5816aa,Staff,10
99a9f375-564b-47b2-9758-e20d4e5e7c8a,Assistant_Manger,17
6b5f73ce-e2b8-4381-98df-021777a955e0,Worker,13
4e8c39bd-e70e-40dd-b0cf-1071a33a1c7d,Manager,19
8159543e-2f1a-4cce-bf50-ffd576558a9b,Manager,19
9da5bb07-e5ef-46b3-a044-a72f8c2537fc,Staff,10
f8b27725-373d-4e84-9344-9cb5822ed434,Staff,10
7ebb1460-c770-49c2-9bdc-b246d94458fa,Staff,10
36715abf-02e9-4c8d-b512-7740ba4452d4,Assistant_Manger,17
b4615e74-3bf5-4ce7-8a18-6533f180088b,Worker,13
8b61bda0-dcbe-428d-a7ed-21964fc330c7,Assistant_Manger,17
5d35d4fa-4357-4743-a88e-46a5d9a09ccf,Staff,10
9443eaa1-4655-4221-96ba-420e01db8947,Assistant_Manger,17
5eaf5faa-c51d-4d8c-8421-0bb4c51854bb,Worker,13
e1725bac-cb78-4831-a077-e603c3f60f22,Manager,19
08d85df1-a655-44b3-a1d5-cb9ad86b95bc,Manager,19
712d1cc2-4e05-4066-b8e5-3c5103dc95ec,Manager,19
44432bb7-1ad8-4679-9b6e-a9f1d7cd4c1c,Assistant_Manger,17
e6ff1944-4ea5-415d-9ce6-bd462642376e,Employee,15
01f66b76-19e0-4162-abcd-31b3a85fa348,Manager,19
8bcb0cb8-1775-407a-bf7a-c92bd8a83ea7,Staff,10
651b18af-24cd-4193-a790-e5d79af19ef2,Employee,15
de6ea8e3-16d7-4442-8cce-6aa9d167b11b,Worker,13
e9f928cd-411b-4ea0-a1af-a038966084ef,Staff,10
2a78ef50-912e-4d13-9663-52e0941f8269,Staff,10
d8e33970-ebf9-45a0-82be-87195b6f5839,Manager,19
b4fabc9f-c7d4-4938-8fea-8d0d420a7a0b,Assistant_Manger,17
78f1d61f-6eca-49ef-af65-4d5b508361ba,Employee,15
08e461c6-2f1a-4ca6-ad25-d55b12b66c21,Assistant_Manger,17
20eecf28-1a46-43ba-a320-9b02a7817a3a,Assistant_Manger,17
b249b2eb-e319-436f-88a9-e98303428ae5,Staff,10
743fc038-6a49-468f-a312-fe7d11e5ff92,Manager,19
1dae6427-bef3-4480-aab0-a1fc3b8777e7,Manager,19
c926ce16-1b72-48f5-82d3-8ce6d388412d,Assistant_Manger,17
b2b0c669-969a-4adb-b6ce-e9429be0a74a,Staff,10
ec49f1e1-5d23-470f-b151-ba74a582d364,Manager,19
76e65238-1da6-4ca1-9d54-e62a3cf86421,Assistant_Manger,17
799ae79b-748e-4dad-ad69-62b0dd1a0433,Manager,19
e02453f3-d4fe-49ca-be88-5acaf95ade53,Assistant_Manger,17
18e8421c-e3c2-4534-b3c2-663a7a79f13f,Assistant_Manger,17
2e78f36c-db58-4369-b6db-387934ed35c2,Assistant_Manger,17
f9df1e1b-7821-4ec1-8f6d-c8aea180220f,Worker,13
63ac7b8e-8342-4a26-919a-d5a8a051623b,Employee,15
2ff7324f-1ae0-4733-90c4-954a58cf6ecd,Employee,15
6526b7a0-c219-4b54-9595-4b850294d6da,Manager,19
89daaf38-d9c9-4ca8-9b41-4cdc3ab1082b,Staff,10
9debfee0-c4b3-4fe2-a039-ad5ec47f21c3,Staff,10
27656374-cc74-4937-bf46-59fa3d370a7b,Assistant_Manger,17
89cc46d2-be7d-4e1e-9c98-f79e4dfe38d8,Worker,13
4b4c6912-8676-445b-acdb-c74e2caaa09f,Employee,15
c4fc0165-08aa-4e13-b98d-14b7e4aa4a90,Staff,10
f63390c2-0083-4a96-b988-e4292daaa5b9,Employee,15
00ce4d52-f53e-4c96-a61e-ef75015a9d1b,Staff,10
1c2ab72b-37e8-4daa-b807-a3832172ba48,Worker,13
653f718e-d760-48d9-98ec-b66c45a91c5f,Manager,19
d37cf934-458c-4dce-a12d-54685c611ec5,Manager,19
2c574700-1036-496d-ba00-bfebde942612,Assistant_Manger,17
e10c69be-aa9a-4e71-a4db-7360f026c0a0,Assistant_Manger,17
e989b60f-3df8-4593-91a9-2552c982fbf2,Staff,10
1a871e98-b742-4c4e-b15e-e02a8066e506,Staff,10
627d7826-40b0-4003-aadd-974c2398f9b9,Staff,10
dd1b825c-95bc-44fa-af2d-645090cfd95c,Staff,10
cf43798d-dee0-44b6-8870-f06683687e13,Staff,10
aba3b046-81c6-4b05-8c01-30c8aad24f88,Assistant_Manger,17
7975eec5-e9fa-4032-bd6d-c449d8c3cbec,Staff,10
029068f4-149b-4652-b0d3-c74acfa37717,Worker,13
300a2e82-d38b-4295-a1dd-9b0a736a41f8,Worker,13
46fc008b-fe56-4952-b6e5-d8860730102c,Worker,13
ec6e629f-783c-43b5-8ae2-b83f3b8aa960,Assistant_Manger,17
df99c363-7c9b-45c3-a4c3-c4a1f10e08f5,Employee,15
ce722d03-6750-4695-9060-6ffc1387d0f8,Employee,15
b655448f-0278-44e3-b01b-f457493ce613,Employee,15
3ff262f2-37bb-4688-8fe3-b39c52d988ce,Employee,15
c36d4286-a7b6-4df0-9d7d-d48415d52fd0,Employee,15
cb78befc-e9b2-4862-8ec1-43bc9ad72f35,Manager,19
a80d2ad5-d81e-417c-ad32-87609ebb90ea,Staff,10
a18e0c93-d81b-47d9-baea-15c94d9b60bd,Employee,15
393bb2d3-03fc-4f61-8f71-fa9a5309a167,Manager,19
7de92d4e-ad5a-421a-9742-f728773325b9,Manager,19
18958f13-d6cd-4f40-a6b3-667d84cf0e11,Employee,15
fa91c865-acca-405a-a173-836adb8d6122,Staff,10
29361b0b-3f43-4486-9a44-9e376207e06f,Assistant_Manger,17
36692f7c-d98e-4932-b09b-b07a8b1aea8b,Staff,10
5238b9e6-fb58-4fbf-87b2-a873eb728f37,Staff,10
69d58b75-db48-498c-8912-8cd1cef6315e,Employee,15
bf317d2f-8155-455c-b609-bae5ce236590,Assistant_Manger,17
db9f336a-2dd4-441a-a3fc-462445a378ec,Employee,15
138afc55-36c4-4854-adf9-30987653a9ee,Employee,15
9e082d9a-d50b-4ed7-a0a9-5ea31812d216,Staff,10
116e0bb7-1323-4e92-9962-d6e6c28715c3,Assistant_Manger,17
b9028c9b-f73c-4131-8673-ed2c5ba7bf21,Worker,13
debceca7-fe59-45e5-beac-8c154210e4d5,Manager,19
8aa40985-58f0-4de7-9bd9-41e6d801816f,Assistant_Manger,17
c4319555-6fdc-46d6-9635-5eb4dd2b48ba,Worker,13
c94e2fb3-68e7-4642-a2a7-83b93c47d2ab,Staff,10
b0fdb187-e7af-427f-b281-835f62adcee8,Manager,19
6b4f7111-2b37-40ca-8a31-45d77f4b2cab,Manager,19
2d040abf-6bd6-401f-9a96-9c2ba2007819,Worker,13
7a451bd2-c184-4ebe-b17f-9ddabce1027c,Staff,10
c16f655f-3440-4b92-9031-69e39bb452dd,Staff,10
c187a60b-0b7c-4d4e-a0bd-bee69605ee1e,Worker,13
e542d6d7-091c-4a2a-a1e0-e46e48ba767b,Assistant_Manger,17
8c722440-f55c-4e28-8f95-9b1bf45b1d94,Assistant_Manger,17
80988a19-db21-4cd2-bfee-c6264de6cd4a,Employee,15
e5b3f3b7-c305-45a6-aff5-431fcde8748b,Staff,10
ec959982-6273-47a8-a7dd-c6e5050ea9f5,Employee,15
40eb50ab-6893-4038-bf18-8653211c93af,Staff,10
404526c2-46b3-4e60-b56d-2ed8a0b7a392,Worker,13
9d2b324f-2a2b-4689-b2d8-92d4fbc1085c,Assistant_Manger,17
f938f07f-e623-48c9-8f03-4999d1e6a4e4,Assistant_Manger,17
75d58323-0806-4cf2-9e53-cc136d95b9ca,Employee,15
5aa8e8fd-1b4a-4b82-9ecf-2d6b5ba98a22,Assistant_Manger,17
3bfb384c-bb52-4a85-a48e-356e7afac68d,Assistant_Manger,17
72859087-818f-4988-b1f3-9c8a37630273,Manager,19
c0403b31-5536-4cf3-87c9-e7783f2fae61,Assistant_Manger,17
38c91e6d-22f0-43b2-91b9-ea5262d7ba8a,Employee,15
25cf93f8-e287-48da-9dcd-d97a22fc858d,Worker,13
f8fd38b8-e0cb-41f9-90e7-ca0aec25dcaa,Manager,19
3f806b63-b473-4441-abfe-9d833df043e9,Worker,13
96576532-acf1-424e-82b5-fb1e20a4897a,Worker,13
9a70c777-0644-40c4-8a5e-9b6b5d4a4063,Employee,15
e5494721-3340-4d8c-98dc-eb94d77d30f7,Manager,19
91d6de7d-9d6a-493c-9c98-d569c4a5048f,Staff,10
bfdd30c5-3ee6-4a63-88a8-83d5f514e142,Worker,13
a14b33d2-fb5e-4ee8-9179-1e9a87b8d457,Assistant_Manger,17
57b2727a-4b07-4b87-be50-f1545c0d0342,Worker,13
debd78f6-e4cf-40e2-931d-af186db63f1f,Staff,10
6fe59373-c6a4-483f-9084-551ba2bb38e1,Employee,15
e5c5bcd5-5f41-4c37-b3c0-ce2009f0deab,Employee,15
c1805955-10fc-4051-b4a4-538464167582,Employee,15
f4cd4e03-2c95-480a-989d-2dd7dc8802f0,Assistant_Manger,17
976f758e-f00a-469b-beef-327fbb55407d,Worker,13
644cc134-1901-4af0-b8e6-3c063a6a67be,Assistant_Manger,17
f49561f9-b0fd-4635-9d11-8e46337e16eb,Employee,15
1cb33d64-f396-4ee5-8d5d-ceb147c79c0f,Worker,13
7613f4db-5a59-4b0e-a0f2-4ff7c4619360,Staff,10
e25622e4-899a-4187-a2fc-8798c7d130d4,Staff,10
5270028e-48ef-4736-a954-7d9df1f220d6,Staff,10
efaae870-f9f6-4fed-915e-7fd52ee13af1,Staff,10
07e22350-6809-4ccd-b943-9f355bd26aae,Employee,15
4e596368-a5ce-444f-b719-eb55048ae22e,Assistant_Manger,17
2a0dfe90-9015-418d-a9e8-c85dad4e199f,Employee,15
0310b0c1-7ba7-49a6-a9a3-6dac2ef2c5b7,Manager,19
35187e2f-b36c-4723-9d73-73321b5009d8,Worker,13
235494e7-1a13-4b7a-a2b3-711001500f88,Worker,13
a1c63f26-2ce8-4fe1-85e8-27117d3afe48,Employee,15
5d6cc091-48c2-490b-9484-0dd5f598860e,Employee,15
b375522d-ad2e-4445-8b50-cecbafa1d0cb,Worker,13
a76ef135-51d3-491f-b931-ff89d2fcb340,Staff,10
7aab735d-fb87-46f3-999b-866c5a290e11,Staff,10
d9359ccd-4cb3-4514-815b-312577bf7b0b,Employee,15
00bbd74d-915c-4333-9fa1-f4c53d00234b,Staff,10
ebb51953-139c-4f7d-becd-2b3fa149edd0,Staff,10
c660db48-8891-4b95-abe7-c89901c95862,Worker,13
523e1f2d-f920-4e40-a9c4-2a746be6ff6f,Assistant_Manger,17
133d034d-a5aa-46e1-ad24-82014f1c7f78,Worker,13
f2189ce5-f1d3-4016-b8bb-3ba996ab15a8,Worker,13
a1ff29cc-1a97-4c6b-8e4c-e793c446f2c9,Manager,19
0d8b8298-a36a-4303-bd89-a3b5694d24e7,Assistant_Manger,17
3aee2b0f-d870-406b-afe4-52c58c826dc8,Assistant_Manger,17
a16c239a-ea5d-4297-9fe7-d574fc4cf21d,Assistant_Manger,17
12b78a7e-a7ed-4b46-a39d-6e14c9fb737f,Employee,15
4c25683a-4508-40b3-af50-f96b8a136a79,Staff,10
2fa43006-443c-41a6-9ebb-f9a46a23c691,Employee,15
e536d342-b413-470d-bb9b-af8943023bed,Employee,15
ae8a1bc2-f40a-478c-8c90-a9d0a9c8d10f,Worker,13
6d4ad517-2456-48e2-b9ba-04633a80bcb6,Assistant_Manger,17
c5b754db-ed0a-49a1-8b6c-05e83f9b952a,Worker,13
d0f5b5cf-fd12-49aa-a40e-dea32daaaab8,Assistant_Manger,17
6f0d2598-4be7-4cec-a704-50c65c2cec76,Worker,13
032c2926-9757-403d-b03c-8d8e3fb3c895,Employee,15
1f2ed4b2-83e8-465f-a369-48fed68e22bb,Staff,10
2c6257e4-7ade-4d4a-93bb-6102eea20299,Staff,10
15797b59-5017-4449-a67e-f7b2eb6d006d,Employee,15
ea316b35-5ab0-4935-9206-ab1563c7b459,Assistant_Manger,17
a161f3ba-50fb-42e5-b640-d9ae18b183cd,Staff,10
27383afc-a14f-41fa-905a-e207b01c4297,Staff,10
78488e2b-e96a-4454-92e3-457fa46e3c77,Worker,13
2ec04eaa-e4df-4b53-bd98-e9232182e667,Worker,13
2a736683-c120-4398-ab05-6ff52defc9c5,Employee,15
a8bae94f-c0e4-4154-b883-bafbad2b7338,Manager,19
dc767f54-a893-4d6c-bec0-5114ebbfe305,Employee,15
8f3dbfc8-c9b5-44f5-9bba-dcccb14afc06,Assistant_Manger,17
eada62f8-0cb1-44d6-a43d-534e0c793545,Manager,19
2f4a0d86-7ef7-4bb4-b490-576363c697ba,Assistant_Manger,17
f54c9b21-29b4-4182-a391-354914709108,Staff,10
996555db-ee7c-4530-81dc-01d3331bc043,Manager,19
5fcec1af-cf60-4388-bf47-7ec63c891498,Employee,15
69b72495-8f52-495e-aff3-f48b3c0625fa,Assistant_Manger,17
f37726f1-1432-41ca-a3f3-d7ffbaee1ac5,Assistant_Manger,17
82f939ba-9c86-413d-9bd3-a00d426bbb1f,Assistant_Manger,17
246e9514-4f6a-44f9-a0dc-0ffad17c51d8,Employee,15
fe834fdf-0755-4477-be16-5947f695ffa6,Staff,10
a85965c0-c218-4779-8b88-82dbb99d6c80,Manager,19
6be1f5a2-b394-441c-93f0-ee4bf3c1bfcb,Worker,13
7083e227-1187-45c6-bf9e-54dd1f84b632,Manager,19
73581625-9232-48eb-84fd-5d6d3d5f007a,Staff,10
da56722a-7033-4285-978e-20c5368dedd6,Worker,13
e1658ec3-0826-4d8f-818c-2bc76cd9fb0c,Assistant_Manger,17
b29d873d-ba7e-4b8f-8731-c9a1bbc78337,Manager,19
4d607250-7974-46b7-ba94-ed76c0cca360,Staff,10
8d61d160-f886-4a2d-a9cd-b6c3b14dab37,Employee,15
8ec1f56b-8a16-4b0c-9d6b-8c7833236f69,Assistant_Manger,17
2bf6920a-6bba-4362-b84d-c90e27e306b6,Staff,10
4cff9335-0721-43d8-b741-896ffaeec894,Employee,15
7f6f90e5-342a-411d-95b8-ef9d9df70a84,Worker,13
9aec8c69-76e2-4f14-880d-6104d6607471,Assistant_Manger,17
78802b91-a3a1-4a91-a629-bfefdce8590e,Staff,10
bcd792ab-faf4-4678-a9d6-0cb2f333d046,Employee,15
f6a51149-9e38-420a-80bb-ffc08f783ab0,Worker,13
729f1ad7-93c6-4150-b131-6844ef02a2c9,Worker,13
db66e19c-6092-44e3-88b6-02a87e8ad02e,Staff,10
7ea322d2-bfaf-4f9d-a647-644642be0c9e,Worker,13
750a1c9a-ab1e-4ef0-8b69-3477697eeb28,Worker,13
c0dcb683-d92f-4d41-be49-586fc95fea39,Manager,19
fad52bdb-a356-4bfb-94ad-328634a9cf9e,Worker,13
5dd0a782-1032-409b-9b0d-3263822c87d1,Employee,15
75e837d7-7b7d-4b8e-a30d-e1c4d548340b,Manager,19
5b411923-8398-4f9b-9933-3d90fad0dc60,Employee,15
216f2640-ebbb-455f-98ee-5b5820a3ecf9,Employee,15
bd235405-264c-4844-8864-13a1869d4342,Manager,19
7964094a-95cf-48fe-905d-75e9c62e18df,Manager,19
6f0b7c0c-f4c7-4075-af60-4570c067b231,Manager,19
b3b0c1c8-9295-467a-a35a-cce1ce689efb,Worker,13
598b7184-8370-402b-b83c-cf633730be83,Manager,19
afc75f39-f39a-4e8f-983d-dac65ebf50b2,Assistant_Manger,17
578af10e-5819-44fd-a74b-338a18c7a22a,Staff,10
5f9a7b98-3bb2-4f7d-b235-e3e217eee634,Employee,15
9cc7837a-fa88-4b29-82f8-7f9068324bd1,Manager,19
9304663b-0416-4d7e-9f0b-b2359c813974,Manager,19
a83591ec-b4ca-417f-8107-d7fe9d3140ec,Assistant_Manger,17
27c6f258-60fa-4186-bd74-468cc8fc3099,Assistant_Manger,17
e9f614df-f4ad-4459-9a21-cd5c1869ab8e,Staff,10
4f134d48-7e24-43ea-9616-589ba8d91cfb,Manager,19
f44aa838-a52c-49cc-ba51-6dc9f8fcf569,Staff,10
928d6780-f65c-44d1-9335-6802c6f5e201,Worker,13
e76076cc-a991-4468-8e5c-30a61c62e3ef,Employee,15
1696a6eb-7dbe-4060-8939-5a67294fed09,Manager,19
7023bb5d-2ed2-490d-97c2-a8c800b6f4a6,Manager,19
b2bad72b-5978-410a-a7a2-cc12b21a57b0,Employee,15
24a91040-50a5-411d-bb56-3d3d8e39dd5e,Staff,10
7f6d3942-c5b1-42f0-9fd9-9d8c472916ab,Worker,13
0ed12f27-71c6-4aff-ae78-afe80d8db285,Manager,19
34c22af8-8c60-4dc9-99b9-72db0fa8820e,Worker,13
187774e3-7833-4702-927a-85ef28afcd19,Employee,15
755239d5-d626-4208-be0b-56131951b558,Worker,13
54522065-3f5e-40f2-8c0f-a8ef59a4ae26,Assistant_Manger,17
ea6e71ee-b3bf-4f30-ae60-98c165708100,Worker,13
7d5f0eda-0ee5-4b23-9f69-05275bea2624,Assistant_Manger,17
13a3464d-05a3-44c9-9ffa-f98946c89615,Worker,13
524b6b46-1709-4ba7-8ee8-30161d518902,Staff,10
8059e00b-e712-4de3-86c2-1d8cb8641379,Staff,10
4896b986-5fcb-46d0-bc9f-759946913b9b,Manager,19
a7a94697-0ca9-43ad-9cb0-c2ca8eef0b0e,Manager,19
7b1e34f3-973b-48c3-bb05-fb1bf4ce5a5b,Employee,15
6d40efd7-5f27-4d9e-aafc-72a20d976da4,Manager,19
083f1f20-ad55-42e5-8b05-2447f788a63e,Manager,19
4b4f8395-578e-47f5-a627-7a4b3ad37575,Staff,10
891ecec3-04c3-41e9-a63f-8137d4749462,Staff,10
6038c1a7-092d-45b6-a8d5-370e13d061e6,Employee,15
4de26177-44cc-489a-b4a8-d4c2d65f85bb,Assistant_Manger,17
d143943d-84b4-4540-9177-b20c9f52e678,Worker,13
94a766c5-fd2a-402e-b067-ef71f932db24,Worker,13
205b295e-1f73-495a-b765-2f669252bb47,Worker,13
939f1527-9ead-4f94-88e6-7c19f1bf13d0,Worker,13
78c5809e-08a2-4d38-b39c-cfc1d314851e,Assistant_Manger,17
85fb5657-3463-427f-9a34-68c2545ed601,Employee,15
02a8c6d9-899c-4a13-97ed-d100c1d4a419,Manager,19
b53a0b0e-100b-443a-bca0-f5be2d0e2829,Worker,13
3811f590-8552-4bc7-9038-49adaccc846c,Assistant_Manger,17
b431ec0d-0d00-453d-961a-77aa44a73d3c,Employee,15
66ed8224-7ef0-4739-8ed8-dc5431a29fb8,Assistant_Manger,17
5afd7591-41c8-4a9a-8a11-71ca7867ae84,Employee,15
ae46baf5-e124-4491-bb86-70c1e4936884,Employee,15
57d8a2ff-13ec-4291-a521-79dbae644a17,Manager,19
40625de1-b50c-4031-a2af-3cec566de01a,Worker,13
e74d5fb7-752b-4338-8493-82321ec38cca,Worker,13
3ea801b0-cd45-4e9d-a229-231c283d3c4a,Employee,15
879d9772-203f-4d02-ab9b-6ecc202b9910,Manager,19
ef4cc72d-4bd8-484f-8019-ea9faafc6a9e,Employee,15
72f2bb2d-b6da-4e28-a855-c29b2a5e9be1,Staff,10
fc85325f-a651-49e4-8015-12cd4271118a,Employee,15
f4c0cf55-ab8f-4033-a129-1079eca2443d,Assistant_Manger,17
ee85655d-25d1-4887-b241-f5de6f227b38,Worker,13
0655f296-0c00-4521-aece-f2f88aba9abd,Worker,13
80755ecd-5855-4219-a305-e38f15aac957,Employee,15
af804784-ff2e-4fcb-ac0f-23e708be8a44,Worker,13
7c388a21-013e-4d4e-bfa5-2f27b4a0cea3,Assistant_Manger,17
a0ec8161-6bd5-414c-b475-42d5ad07f72f,Worker,13
c6d68380-0191-4c54-80d6-4aa202808cfd,Manager,19
498fca69-1b3c-47f8-aa7e-28a9bea8b9c0,Manager,19
2f146957-9324-41cf-a64c-afe149f3cb70,Manager,19
815aa02d-b0dc-4ba2-9cad-b8d90e74bfc3,Staff,10
c80e693b-2097-4041-984a-009f5e395d03,Manager,19
50f04d5c-321e-45df-9770-d8d0fecf7372,Employee,15
1a5c198f-c628-4e0c-b11b-8ca50b3733e1,Employee,15
a8f4a16a-04f0-4c5d-a869-5152c75c9b38,Employee,15
269ddc5f-4f57-4704-8c4e-5965c275724f,Employee,15
a58413cd-cd95-4a3e-95a4-fdebbb294cb8,Staff,10
ca6ec475-3939-4da4-b763-c0c4a28e7964,Assistant_Manger,17
24a2785b-6618-46f8-832d-fab27558f63b,Worker,13
1266dfaf-cbd3-4053-a96f-c788a3e9cf26,Employee,15
8ae6cafa-ab3c-453d-a4b0-ca35307b7f66,Manager,19
7fcc9166-4d4f-4577-8ebf-30d2eb07b32c,Manager,19
0d9d1caa-a8b7-4965-9b56-01d3a29f8c44,Assistant_Manger,17
f7b69d8b-8318-4033-88af-748d7c46ee78,Worker,13
09347fa1-bf66-4dfa-8cff-8c48318a542d,Employee,15
0fbad519-5e96-430c-861e-acade2fab033,Staff,10
c3d3fd1d-199e-4651-89b6-a5b66fc5e1ed,Staff,10
109dc788-beb6-42ab-b8a4-76e4e5f37873,Worker,13
bc89529f-52d1-46de-bbae-1842292832ac,Employee,15
9daa1f44-379f-4304-98d8-29804425e587,Assistant_Manger,17
c85bc849-2055-4e26-85b4-8d49eac0d894,Manager,19
e7a8cd7a-8867-41bd-bccf-bd625b650f6f,Assistant_Manger,17
fa80d68e-52c7-4e28-846a-703d74ffe381,Assistant_Manger,17
73722d03-eea9-4be7-9fbd-3735c044f1ff,Worker,13
8f732ec2-c02c-4888-a4d1-9249f5f7e995,Worker,13
c2045636-73f3-476a-b4e2-6281865c982f,Worker,13
af611742-4497-48fc-8f2d-2c7c139d58d8,Employee,15
42101d71-c73a-4f73-91f5-4a527b1a01d0,Assistant_Manger,17
b6722796-a053-4531-9b4a-ac794c0ba0ff,Manager,19
f71fb94c-51c8-4c38-86b7-9cbb628b11a0,Assistant_Manger,17
5384bee6-8f03-4bdb-86d5-a31bea82425f,Worker,13
58416988-5ac3-4b1f-b20f-8f9b6e87720f,Assistant_Manger,17
0c1d2326-1bcd-4baa-b911-86bea22ec6a2,Staff,10
543e50d4-aa06-44ca-bb97-62f613155ae6,Assistant_Manger,17
4801b860-a889-4599-b384-e7b2b4ff2b51,Employee,15
357509e4-2066-4736-aa12-80703c05ca14,Staff,10
67b8a1d4-839b-449f-a8ff-3453aa206334,Employee,15
16d566ef-0196-479f-bebf-1bcb956615b8,Employee,15
47bcd512-ad64-46f9-bed0-a6dd7b51d781,Employee,15
089a525b-0261-48b3-b999-f142273d30a6,Manager,19
0c8cf488-a89e-45a8-8795-9a3668d23e33,Employee,15
e10cf8c4-d4bb-4232-ba4f-e11028e250a5,Worker,13
d84723fb-73be-4969-bfba-3b11593d367d,Manager,19
c34bf21b-6dc2-4657-9019-e9e8a0f0950d,Worker,13
66adb2f8-99bb-4fcc-ac37-23a75d86d727,Staff,10
981daaa0-9e25-4b56-845a-854f1c3b5bb9,Manager,19
8566cf07-51d2-4bcd-8f58-d3dd847c805d,Assistant_Manger,17
9579d9fa-dc83-499f-9ffb-b4c6b1ddf32a,Worker,13
3ce62f1a-61d9-4c96-bf8d-e17ce277fa2d,Staff,10
b47ad0b3-07bc-4476-9ad8-fd61ada8f69f,Staff,10
438ea34b-82a3-4e93-94e0-877e466dd526,Assistant_Manger,17
9af64e99-6167-4b68-b202-1688210a6281,Worker,13
ff0bf9f2-4f79-4513-b498-d91fa487f2ce,Staff,10
91aafc45-8876-43ae-8fe5-82a4c0215f72,Worker,13
0bf2319f-2ed0-4f21-bff1-ec37909cc2fa,Manager,19
ac202156-fa45-4fdb-b001-0d81d29ac31a,Manager,19
dae77323-a231-4c2b-8f7e-998cf0d3dd24,Worker,13
1e8928e4-357f-4bec-a05d-5d41ecfe6cea,Manager,19
87470f97-ee13-4982-83d3-e74f89cd8df3,Assistant_Manger,17
f6bf63ae-4ec5-498c-b928-455e051a9150,Worker,13
7c154833-3cd5-4d0e-a5e2-fb3329ff5121,Staff,10
9d8c5397-d795-487d-9692-89663adb0ef1,Assistant_Manger,17
e5ac7cee-a557-42a1-a032-b28f17bf9c0b,Assistant_Manger,17
6e586894-c904-4bf2-a982-b0e9856101b4,Employee,15
464d665f-9351-4648-a91d-410473836d5e,Staff,10
5b9cc380-5076-4c3c-a657-1b829a18e218,Manager,19
12f825bf-a016-48b4-8d1b-5b1b8518e7b3,Manager,19
91fcfe94-068b-48f0-a648-0fee7a0f17e9,Employee,15
02f5961d-9762-42f1-a739-346dac323319,Staff,10
3e51bb23-ea3a-49c5-b3ea-db0c495e8756,Worker,13
f4c95a8d-4550-4d56-8a35-406395180101,Worker,13
ba91cb6f-fe68-4bd6-a2db-6103470ec39b,Employee,15
9d5852e0-30d4-45b9-84fc-bebf7a06b0ac,Employee,15
991e69d8-d8ae-4087-8c8d-1955a9d81a96,Staff,10
e584c6bf-213a-460c-80fa-dffaaf2c916b,Assistant_Manger,17
ed092cf6-d933-4df6-a381-cfbe07c946c5,Manager,19
90054700-491e-4fd9-a8bc-db57f3349385,Assistant_Manger,17
dd921195-ccd3-4e5e-ab9c-1a2c3840c4bd,Staff,10
0919ef23-17d7-48ef-a6d2-3802f8b7e93e,Employee,15
a42041dc-27f6-4cad-9441-cd561fe037a8,Assistant_Manger,17
cdeb8bd9-6e79-46d0-b3b8-44729803d94d,Employee,15
9e5477bf-708e-41dc-954d-847dc9219bbf,Assistant_Manger,17
0546edd6-0983-4ff9-9ff5-4ffcd82df97a,Manager,19
8fe969ea-5ff9-407f-a338-8520d097ac2f,Staff,10
9fb03e6c-e203-401e-a853-d498dc8ffe80,Employee,15
715c4968-ce5a-41d8-a390-6b6bdba21e7d,Manager,19
f665c0e8-1b2e-4416-9858-b83e2218f1e3,Worker,13
4475cd69-295f-4477-ade6-55a49b77e581,Worker,13
616df1b3-20c6-408b-becb-29047d8ac315,Employee,15
0947d061-0e66-44ce-a966-394f978f29ae,Employee,15
0e0124ab-ea90-469e-8bec-f1703ebac12b,Worker,13
e3e5698d-50fa-420b-a2ee-7026466dd29d,Employee,15
8296d4da-a03e-4e34-ae5e-061ab6093d26,Assistant_Manger,17
6f9f7a6e-66d2-4eb5-a5b3-93d88d7e6290,Staff,10
db833b9e-e138-4857-b505-185b18851575,Assistant_Manger,17
4d8dca8b-942e-4c16-9704-3306dd7df121,Assistant_Manger,17
31b3caae-49f4-46c8-becd-d1e5f2365269,Worker,13
3c3d4152-2498-4aa5-b50d-1fe70d13be39,Staff,10
44361e40-9b5b-4012-a61c-cde328680cc2,Staff,10
9d8e3245-bb36-4e76-93da-5546cf3bfef6,Staff,10
ecae308f-8ebf-4b6e-8c12-4a0f21cfa02c,Staff,10
03b2aa4b-61e1-4861-adb7-07efa46ed5e4,Staff,10
2a108b66-e3ff-4287-81c5-8cd9268d5d4d,Assistant_Manger,17
33d4280d-f44e-4940-92d5-4df8ac451f29,Manager,19
06dff6a4-1370-4bdb-b379-badfd4cfc173,Worker,13
32a9ef42-d95b-4108-b56c-57a040db21b7,Assistant_Manger,17
dc3654a7-0623-45ea-91d0-bf7b1e871fc2,Manager,19
ecab9161-51bc-42b7-a219-7dbb4abaa9e1,Worker,13
4549b799-afcd-4637-8df2-a41fde3ca314,Assistant_Manger,17
d7a8461f-ec41-4383-9211-047db278cf87,Worker,13
ac33f79d-0601-44ae-9b10-13706e14a799,Worker,13
ed71e085-099b-4cee-9c6a-6bfb9b42122e,Staff,10
7a230b07-1724-42f3-a90a-944ffcf5ddcf,Assistant_Manger,17
952f6eb2-c4d3-4579-baac-9209cbddc065,Worker,13
620a07e1-7eb6-4ec0-8a39-76a8a7d8aa3d,Worker,13
79c028fc-79c7-49a1-bac0-8d814e76c39f,Worker,13
dc14ef08-d09d-4eb0-881f-b24ad8ba8084,Staff,10
c055647e-b9fd-4a33-8ef0-a4e46a05bdcf,Worker,13
f12acc74-6cc3-4c70-93d7-af78321b5df4,Worker,13
696bc8c2-5014-43f0-98bb-5cfe5df1cdea,Manager,19
cc8a9ca6-18bd-49bf-be06-3b6e09c83a18,Assistant_Manger,17
81559b9e-3f0a-47e4-9bb1-8808b326cd3c,Employee,15
ae053a8c-cc66-4e96-a845-c1a1342b390e,Employee,15
bf32ea52-220f-4320-bcd6-11090bc3a0ed,Worker,13
a262e640-1312-4305-bb52-3c1cea11d518,Staff,10
c0e924a3-9809-48f6-b2e7-1cd7c6c468c6,Staff,10
152e12fa-4d44-474b-97f8-1a2924ff6dcd,Manager,19
19daefea-e9cb-479e-bc64-f0691067151b,Worker,13
8ab2fd31-7b2a-4494-bdd8-33fa01ada8dc,Staff,10
c5361111-74f7-4441-aaa9-72da1589081f,Assistant_Manger,17
29fdb88c-efed-4392-a0d3-1c7f7097b1e2,Assistant_Manger,17
fd18f235-b85d-4c57-a7bf-15372fb3ddbf,Employee,15
c5250997-fe58-4e3a-944d-547c3a217767,Worker,13
cda5e3fd-5b6b-47df-babb-2dee36bbc091,Worker,13
dfac66d3-76ab-40cf-8cde-c8a063c26a69,Employee,15
32d14abc-b364-4bcd-b274-3d494de36737,Worker,13
4913d134-8ee1-49b6-a183-396ab8933bb2,Employee,15
47538379-7866-4026-b881-9f648bd21068,Manager,19
b06490ca-2754-4aac-9764-6d0a6cbe05f8,Manager,19
eb30a2cb-e146-4cc0-bfe8-75298c904b18,Assistant_Manger,17
78382116-4bca-4e94-a521-6f1e707cef4a,Staff,10
9c3ab1b1-fc90-4faf-af4e-54c02ef96ab7,Assistant_Manger,17
024031d9-be4c-4d83-9c3d-211ab7dba589,Assistant_Manger,17
21cceede-8210-4c09-8cbc-4a0a5e92fe27,Worker,13
a037556b-6c29-4c0a-98f7-f2a67dead113,Staff,10
dbc79b19-882b-41b3-bd68-eb5390a3076d,Employee,15
9c483268-f02e-48d1-8665-b3b59b998c7f,Staff,10
1cc121bf-8539-4a32-b252-6fda2cc07d13,Worker,13
d6523a20-3eda-4554-b1a8-9f1bfdd8b6cb,Assistant_Manger,17
14a4dc00-fa67-4876-bf30-086942f5ddaa,Assistant_Manger,17
500f9179-1efe-4af1-9bdf-5e2d925f9a39,Staff,10
730f0408-63ab-4ac6-ae36-89ff134e6a7f,Assistant_Manger,17
f44a77df-8ebd-49b2-8f22-526b1dfcc998,Employee,15
ae7bb023-3b6a-4a5a-9036-7dff55c2988d,Manager,19
dd1e7cd8-7164-48c9-abc4-e9caf74ac19e,Staff,10
3a520130-eb64-4c9e-a7ad-6826c55ada21,Staff,10
7d1179e2-70ed-4480-84a7-f84ff8404614,Employee,15
9cdc8d7d-d8e4-4cd3-b0b9-ea6199eecb16,Employee,15
3ec5504c-9231-4eed-be7f-352c234c75f8,Staff,10
0c2d3737-39ba-4795-9644-84ff996a7d1c,Employee,15
126ede7f-d59b-45a0-b89d-bac3145f4fb5,Assistant_Manger,17
7d2ff629-a750-497f-a7a9-9aeb7006ad87,Staff,10
e919b0c2-ddcb-4116-bea2-dd47913095ec,Employee,15
bea3ac0c-93cc-4670-b68d-5edb50884946,Staff,10
17bebd06-7e65-420e-b427-683dfb599a3e,Assistant_Manger,17
0ee7d8ec-322a-4e4d-9be0-c5dd486cfc3c,Staff,10
b060dbc5-4203-487e-963a-981fd833a576,Employee,15
4613e6a3-3b7a-4918-abdc-9a45411d8239,Employee,15
cfb662f7-b5b2-44dd-873a-95244c4e78e1,Manager,19
a4a2d6f1-c33e-444e-b4f4-93f9fa37108f,Worker,13
fb32c408-9e3e-4686-8f2c-e9dba0346a99,Worker,13
0db40207-2fb4-44ab-885d-15a36e31ac84,Staff,10
2c6a60fd-5f48-4583-acbd-e60f653be590,Employee,15
423d52ce-f481-4f90-b788-a333f294d4d0,Staff,10
2249f589-d6a7-4ff7-ad4e-b919a408498c,Worker,13
b6935ffc-f141-4512-bb4e-9f45e719984b,Manager,19
5ed6aea3-4860-4758-b38d-e17bab9c137c,Manager,19
44dbf785-c4b8-4021-9a53-15ac25d02e10,Worker,13
94fed619-3b5c-45cb-9c2e-39de6e8cd09b,Worker,13
2ac61836-1890-4492-96db-ec64f2a7813c,Worker,13
d19724ff-e186-47c5-bcd8-0a6fc33f67f4,Manager,19
e194769c-0655-4710-bf86-dba79d3f127a,Worker,13
2bc0e4f9-ef99-4684-a036-f129d3c40dc3,Manager,19
a909f451-489d-4d6f-b51c-8654000286cd,Assistant_Manger,17
eb834f44-0d06-4257-83d4-51030d9dbfcb,Staff,10
92ec6763-10a8-44f3-b573-6b95d09e5499,Employee,15
1b18ea0b-aec0-4d8a-aed4-0970313b4b0c,Employee,15
472a8cfb-784a-4093-8e12-b68942db3a6b,Employee,15
9b5811ea-55ae-4380-b3d1-3e98976e92be,Manager,19
9b868365-0354-4658-94ed-2d76f52d54e0,Manager,19
7e0553ef-b538-417e-b86a-cf7b3a721eb8,Worker,13
e0d85bb0-d256-4e02-830e-e7391c99aabf,Manager,19
440d9e9a-0d9c-4d96-9e2e-aff671ff7734,Worker,13
a9e00a6f-d9e8-49e4-a2b7-bd19411a786f,Assistant_Manger,17
730a4573-ef80-4b5a-a19c-fef86347865f,Manager,19
2a27641e-085f-4027-836d-a15e65f0fdd3,Assistant_Manger,17
51b75334-9166-44e7-b5f9-815ee54868cb,Employee,15
c4e996b3-3b67-4e97-8dc2-c084e80027c1,Employee,15
be46ae97-3831-4dd1-9bd1-f0dfecc90719,Staff,10
246cbf13-795e-4080-bd11-b047279d31eb,Staff,10
0bf00176-4eaf-45c9-a18a-662a748cb18e,Assistant_Manger,17
b20cd12d-142a-4144-9369-97296236488c,Assistant_Manger,17
f2dcf0a9-df2d-472c-89bf-24b9e4a4a98c,Staff,10
3c66a02c-5d65-4223-b119-438fda4835ce,Manager,19
1c05f557-7434-491e-92a2-69fd98cef007,Worker,13
b5565521-bba1-429d-951a-4f8c1fce440e,Manager,19
72c0e744-1f83-4007-b4ef-e1dd195f1f87,Employee,15
f9dd933a-3d89-421c-9ce9-714c4c979e61,Worker,13
b9a5a4b2-b76d-406a-a2bf-bb3facc346f1,Worker,13
32008292-8d63-47d6-bde2-15ec4d580751,Manager,19
75a91c97-15d5-4649-9c6f-c0b9c4f383ce,Employee,15
155f8a34-b92f-4ad1-bc9a-bb02cdb25898,Employee,15
a41c60a0-77c8-4550-ad99-ed8dfde5d984,Worker,13
0787dec6-f8de-472e-a636-94db1f05deff,Worker,13
3fe6455f-f984-46a4-a6a5-56cfa336bcc0,Manager,19
2fc1974a-72e6-4ede-a5c8-f1ac37e93f52,Employee,15
e0f35a67-1c48-4e15-949b-87db2f1a9f66,Worker,13
c989b4ff-30d6-4d62-8e57-378480cd451f,Staff,10
8c84994f-f337-4ff4-9b72-670b035c0dd2,Worker,13
3fcd06ba-c175-45b6-9ee6-d002df143883,Assistant_Manger,17
7e02c230-a6b8-411c-887a-23b4bfb9b070,Staff,10
397a5368-982a-4782-a5f0-7d660afec85e,Worker,13
f052a2bf-cf66-4e24-916b-f86488ece168,Assistant_Manger,17
575c88ae-db94-4dd5-a6a1-631458e59614,Staff,10
37a20fff-068e-42c2-929b-17d12609d6ab,Assistant_Manger,17
4be34ab1-0da5-41d4-97fe-0b918a8472f1,Employee,15
86ec6a08-f819-41c3-aa1f-dc98d7e81ab1,Manager,19
2e0e6c5d-5915-4185-ba68-8579c9ac4582,Assistant_Manger,17
29f2c116-8617-4b64-a8d3-4be5fd783524,Assistant_Manger,17
151c6fa9-4abb-47e7-8f5e-9c20d20826e7,Manager,19
09b49e7a-0174-4563-83cd-ea91bd9c42de,Employee,15
9f686e08-6995-4d93-9506-6aacc4b9ea90,Staff,10
3fb30697-72f3-436a-a5d5-5c18110674eb,Employee,15
f4e5fe1e-3d98-4c43-bb4b-09d98bd13942,Manager,19
3b3ad70e-a437-44f5-a14f-f3ea6e8f1db0,Staff,10
2e64bd97-5938-4baa-b8cf-ab43e3d17dba,Employee,15
d949ac29-d402-4dfd-a2b8-0eba994524d1,Staff,10
f7126c73-2f2d-4caf-8943-be9ab6196b1a,Worker,13
7ec43821-0639-4ac1-a61a-fef4bde004bf,Employee,15
36444a4c-1b5f-4581-b747-6b7a167d4d27,Staff,10
7db50fc8-732e-48cd-bef0-61a355dffb51,Staff,10
53ff933a-057d-47fc-8ce2-988230e091fb,Assistant_Manger,17
19675daa-0b99-464f-8bba-8aa6c90f161c,Manager,19
e896286f-6da9-481c-91a9-7f5657c385d4,Employee,15
a131a90a-0374-4c6d-9dd8-988859c3e328,Employee,15
0cf2ba38-89be-414d-bc4c-b7fc663884e6,Worker,13
e49a2d72-636c-446d-8f66-8f0750612bf6,Assistant_Manger,17
ad48efe0-1293-4716-a1ad-31382363bbc8,Staff,10
40f7fd31-b752-4fad-8f82-999b1beee921,Staff,10
44b4b057-f77b-4aa2-8121-a032a6cda2b1,Staff,10
d4691c54-ddca-42f8-801f-ee7611fb6ceb,Manager,19
819335d8-90a3-4322-bafc-92b36d3f659c,Employee,15
b87ab9cf-f10c-46fa-953e-24beeb535898,Worker,13
86b59c32-54d8-47bf-9113-29ecfbfb9862,Staff,10
6c1180fd-ca78-4369-998d-c41b5c0588b1,Manager,19
bbad9afd-38af-477d-927d-26c4261f952c,Staff,10
0f22732f-be35-497c-bb7b-90db7da61975,Employee,15
3599cbb2-c2bc-4d1e-bbc2-a871eeb664b3,Worker,13
edbb8d28-08c8-4060-b64a-beef825196a8,Manager,19
c9d57d24-af17-46e1-a8f0-bd15c473856b,Assistant_Manger,17
697f1207-91d6-4de9-8ad9-b61dafff91b2,Employee,15
fbc00f4b-f1fa-490e-b457-45d0554c8757,Employee,15
3c0c9c15-6427-4308-9f4b-f4f3dbf6d21f,Assistant_Manger,17
e3b9d82c-d666-45e5-99bd-5bfffd4b657a,Manager,19
23d7f17d-340a-46f1-be7d-1c45a06c7d83,Manager,19
4f1fdcb4-34c7-48ee-9c5f-f755110bcc9a,Manager,19
5aae38ca-7d04-4cc3-b472-b825b1262983,Employee,15
c7c96478-21f2-4152-ab7f-69939a93896c,Manager,19
c22d5518-0181-4b02-87fb-ccc9b5e3fdaf,Worker,13
df1a96e9-924d-4faa-beee-5788d89fc402,Staff,10
09fd33f3-ea3e-427c-85e7-92669abab5fe,Assistant_Manger,17
350f0798-65b3-45c5-9f97-858c1b3f9ca7,Assistant_Manger,17
6c0da21f-2f10-4856-98d0-c1bce12d3295,Employee,15
8c024a75-5c81-46c6-9018-e97f0a503a79,Employee,15
81948aff-cab3-4dc4-b212-5fcc502f5db7,Manager,19
868b4857-4e2c-4534-be9f-2bcfbb707bba,Staff,10
1fa1d64e-a4fa-4634-b104-6f78365d2634,Worker,13
cb741e1a-0992-4cd3-8658-fee472484103,Employee,15
859a1a55-9cb9-4d52-994d-b9604d503c30,Employee,15
71aa8a48-88e7-4ac1-865b-982f83de7aa9,Manager,19
d0c51446-26aa-4cf6-bf73-19fc6b209a3c,Employee,15
f791094a-0f6b-4d31-8df2-edb1dd6aeb6d,Worker,13
d7c7aae8-b786-49aa-b032-3cd9711dbe8f,Employee,15
154ce6d1-2e60-4701-b5df-2ef56431a8c6,Employee,15
aa1849f3-d03f-4113-ae0c-999088caed98,Staff,10
28c00d8a-d640-49ec-9540-490488e51946,Worker,13
91990e87-e780-471f-b87e-54e3845cffec,Employee,15
864d9e20-52b6-44c7-86a3-677490c19043,Staff,10
06eaefbb-c27f-45f2-bdde-db7bff23959c,Manager,19
eaafb671-9c5e-45cb-b2cb-6b02b9a906ce,Staff,10
2db48ac4-b18a-47eb-bb30-69ea0a83a9b4,Manager,19
a7412290-ccf2-4124-91d9-e4b3357a35e6,Manager,19
562d4698-20d1-40c4-bde2-73d2ecbecfee,Worker,13
ab0b3f00-d128-4514-87c6-44b4fae3e59c,Manager,19
c2e84a66-b382-4015-bebd-46a0881947c0,Manager,19
9e4eed8a-6adb-457b-b7ef-86d3a0ae51f5,Worker,13
e5f65598-be2e-4925-a3af-7d9293669cdb,Manager,19
e73d84d5-65e0-4aef-bec0-b879812384da,Assistant_Manger,17
608d92d6-f4b6-4c68-9f73-17ed7751a0a6,Staff,10
d9a30291-e2e8-425c-90bf-41590464e369,Manager,19
ab882446-db15-4c13-aa7c-f9ef3dd07aa3,Staff,10
55608e44-51fb-4f62-884f-6611dd25721f,Worker,13
32ce9bfd-0679-41b6-b267-e00ef769d8a1,Manager,19
420be567-03a0-4739-855e-58b26ebc0a42,Worker,13
e10b31f5-b953-40fa-b2ad-a7f9f4031f66,Staff,10
21883d5d-e95c-4c0f-aed3-aafa73455e2a,Employee,15
f8736a3a-8a9c-4fb4-a79a-20790b33732c,Employee,15
e211eeb2-b253-4476-918f-88a21c235db4,Employee,15
69e1101e-8529-44a0-b604-a74b703ec0d2,Staff,10
42231ce5-000b-4cd0-b39a-3340424312dd,Staff,10
37d75e28-5dfe-42a1-b6c8-b61a2aa54d46,Worker,13
fc527ebc-7b3f-47e7-b15d-dbdfff55508f,Worker,13
130de81d-e93c-4ee9-9271-b92367e2a397,Manager,19
0d8e58fb-e401-4014-9519-d340304163be,Employee,15
f858493c-51b9-4ace-8ea2-0c0b88131a44,Staff,10
a1610916-8b4c-46e5-a652-b196e9c448d3,Employee,15
e54a94ec-fb03-4c42-a5ed-b964e51fbac6,Worker,13
69b0deb4-ee6e-4009-bbc3-c14309a8e727,Manager,19
6b7457d9-7b07-42fa-9dd9-59f9fe9a48cd,Employee,15
212c9e29-6e8b-4238-8ddd-c3642378dce3,Manager,19
ddab29a2-f985-4986-9c40-605dae2fb50b,Worker,13
e25d8e7e-4864-4415-bb7c-5428fb619804,Assistant_Manger,17
f8631a1d-c5b4-4116-87c3-b55ace245957,Assistant_Manger,17
eefde301-fb1a-4c86-b17a-7fbc7156f90c,Manager,19
726bfc5c-034d-4a76-b103-3c78d59e9bb7,Assistant_Manger,17
e6eb7346-0398-4a04-97a0-704b86ba1b00,Staff,10
e0ce60d5-c4df-4a10-a3eb-27dcc6884b96,Assistant_Manger,17
beaef104-1b85-4caf-acef-91ddc54f681c,Assistant_Manger,17
3fbe7f97-f08f-4cfc-a044-6bc27599be93,Worker,13
a5a680ee-aed4-4ff0-815b-b2a52cf189eb,Assistant_Manger,17
e8d4ee89-430c-42c7-b09d-71d94bf367ab,Manager,19
ef6ebcd0-ff7d-414b-b517-62094b6016b5,Employee,15
ed13e82d-59a1-43ca-ba19-ff46c4907ac6,Employee,15
19287a60-9d5c-42d8-9f9a-83bffc0aad1d,Worker,13
2e7956bd-afb7-4dc6-9681-ed02e8fd4243,Worker,13
8799a70d-1b90-4925-a7fe-94799da0b6c9,Worker,13
a6f4ab78-f419-407e-8a02-91d48f3b4add,Staff,10
0c636082-ccdd-42d4-896d-3df910db70b3,Assistant_Manger,17
520df9d7-a7ae-42c9-8274-e860f654f90a,Assistant_Manger,17
6d611c28-cc7a-47ff-90c8-376241701509,Worker,13
0c4b2c1f-b41c-4da5-aa8d-6cdd3d34961c,Employee,15
70f95de5-df96-4580-a752-bb4e01350c93,Employee,15
49fe0e30-5d7e-4b81-ae6d-3b0f27a6c046,Worker,13
3d0bc7f7-5924-42d3-aba3-ba9f5dea43e0,Manager,19
9257ba0f-e8f0-4457-b802-ea873d030828,Employee,15
b286a97c-49b9-4111-beb1-99cb0f863cf1,Manager,19
1e7bae57-8ff0-41cf-96d7-62fc03452add,Worker,13
38f28c86-eaee-440a-9b50-0235b2320e23,Worker,13
7c4e7ac3-f1d6-43cd-bc33-e1a8e7ce30a6,Assistant_Manger,17
330c1654-5233-4856-9039-dbdb2275cc10,Staff,10
db63be9f-6508-4ce0-8099-469887111649,Staff,10
d5fc9804-f6a7-49b8-aeb7-bb24b65368e2,Staff,10
e30f56c6-ef5e-41ba-9eb9-525d3848452c,Worker,13
7cc8ab21-7d13-41c4-97eb-7f4c008dc9dd,Employee,15
7bc1950f-3c5c-4988-9a0a-5af41478ee6f,Manager,19
d00e53db-206d-43e3-a274-0ce2641ed913,Staff,10
6ef4c479-db17-4d93-911d-08e5dfdb12ad,Manager,19
4fc1d215-c555-46ff-9fb1-29d432d5a2b6,Assistant_Manger,17
04de2270-0c60-428d-a9f1-1930bbb9d3b9,Worker,13
c34ffcc7-e12d-41e8-98c3-c9c7194f4827,Worker,13
1be869d7-2130-44e3-9ae2-a2f96a73035b,Manager,19
be6b562d-fa43-4deb-ad66-f6359d2983a9,Assistant_Manger,17
3ab3628e-9935-4893-87bc-77c156ad2fb4,Staff,10
7bf3e36f-87ea-4b92-b0ad-e76391917063,Staff,10
739f8f3e-e9d1-4489-8bb1-ad15296e1510,Assistant_Manger,17
844c75c9-7847-44a5-b720-2070c73d4fbc,Manager,19
c92ee3bb-eb3b-4aa2-b038-bb25de9ee926,Assistant_Manger,17
0294d3db-1e01-4afe-b3d9-5851f285a22b,Staff,10
97863c42-162e-4750-920c-1e733518f7e3,Worker,13
56547042-2973-43bf-979e-0b50c71343f5,Assistant_Manger,17
16227153-d624-44bc-b735-f556147bf2e5,Staff,10
ace8856b-7e8b-4d2e-ab15-748714d3854e,Manager,19
874520a6-97f5-48dc-879f-1bbc32bf237c,Assistant_Manger,17
54e9d3dc-46cc-4a9f-b4f8-fb2c2e1de130,Staff,10
06fb09ee-c7ea-467c-b7f5-1d4d8a650dfe,Manager,19
56b9a84e-cbcf-4fc1-af77-2f5ee60597d4,Assistant_Manger,17
1cff0230-66a0-4201-8a1d-6166a1355e31,Manager,19
c6dbe5ce-8648-40d4-9d08-9b3fb16390fe,Manager,19
20bfae4e-87df-49fe-91be-a0c994ff4cb0,Manager,19
0dc34622-2f12-4614-9d5c-dbd861687ab8,Worker,13
b704b512-22a1-4ec3-8fcd-bb0306f10b99,Staff,10
3e2034a6-2a02-4a3d-ad5b-5d2806e97259,Manager,19
d8eef997-d861-462c-8bbe-0a3e209ab13f,Staff,10
e94647ca-db00-49c3-88d2-6741781ff91e,Employee,15
0aa4166c-4571-4f6c-b19e-ed0820a7d097,Staff,10
2be0f3da-d3ce-40b2-a4bb-cfbf6383c852,Employee,15
919ae484-5ea2-4d01-9c3a-f05495de646a,Worker,13
6b200411-e622-40f5-a7a5-11b0912c95e1,Manager,19
6573dda9-6150-48bc-9df1-161c81590468,Worker,13
d334c8c2-25ed-4898-89c9-f2a81115d92e,Employee,15
abfb76ce-621d-48f0-85c6-43a6fe97a223,Assistant_Manger,17
fc55da31-46b8-43e0-93b7-aef400ec43df,Staff,10
15e72f5a-1d54-4eb4-9c7e-48337b248bc7,Employee,15
71c3839c-0430-44c9-90e7-00ac9b9963cf,Manager,19
2949dd35-c44e-46be-b88b-ac322f554308,Employee,15
f0843632-eb29-47f9-96e1-8442ec8bad07,Manager,19
ac0e4b24-c73d-467b-9943-ee37d0167360,Staff,10
e7a33e02-3b77-4365-ad4f-98d21177271e,Staff,10
c6ccec5e-966d-42c5-b476-09b0834c53d6,Manager,19
00afd266-ffae-4f40-a1af-719b72d8da6b,Staff,10
2e9d27d2-1540-41ce-9523-ecb862af0b9d,Employee,15
d4c4b8ac-35b3-4cb4-b707-a7249a2e03f3,Employee,15
c41a7ca1-0839-42f3-a913-1821a5ee6d6e,Worker,13
b63d32bb-3556-4791-9639-059c6c44d5f0,Worker,13
afa3aa4d-8def-4d56-9d39-7034666b31cc,Manager,19
e4e31cbb-0e72-4ad5-b53b-87e91af8f5ab,Worker,13
47033ccc-097c-4551-a8a8-dfe0b0a3046e,Staff,10
435b6923-5ca1-4a40-b0c7-40304ddead97,Employee,15
0f53a6dc-5018-4184-9606-671344c2d4de,Staff,10
8827012c-217b-4604-95a1-824c909cd3b0,Worker,13
1c2ab053-c0a8-46cc-b107-a55ff9016747,Staff,10
294ee4a9-1915-43a8-b702-b22cf7e9e6f0,Employee,15
ce1dcb59-8f31-44ba-813d-babb429d8d3f,Staff,10
c26e846d-7a7b-4bac-bb6b-ba92a22c20e6,Assistant_Manger,17
4c5b701d-34b0-4026-9ec1-92e0e836d801,Worker,13
02507bae-daf0-48a9-aadb-cbbd419a82a8,Employee,15
69790683-85d1-4e9e-a9fe-4f8b3763df5c,Manager,19
1885be38-eb56-4ce0-974a-7b5630a2a32a,Employee,15
3c3d0122-0dcc-4dc1-ada4-5c4a73cf6ba9,Manager,19
76dc646d-eca9-4460-8666-9e8f7c85945f,Manager,19
473ece9d-0899-4727-8805-387eb17bcdba,Assistant_Manger,17
383fca6e-6c8e-4046-9756-b56601a32391,Employee,15
b9b382fb-8a9a-4843-af8b-3bfdbb2cb723,Manager,19
a4b0d82d-bf21-416b-8acc-b97980ceabe5,Staff,10
b741e6d3-5191-4fd7-842b-992fb5678821,Assistant_Manger,17
23b8407d-4984-441f-8d80-a941ce53e606,Worker,13
57777af1-f39f-4b4c-a0ff-6389edf431e0,Employee,15
0863ce53-421d-4f87-b57f-de088d9bfde3,Worker,13
1879cc79-7251-427e-9748-5453e0b01214,Manager,19
8e135587-c1c6-4bdf-96e8-b03b044c3059,Manager,19
6bee1dcc-95c5-43d3-8c24-c9afa0ac3448,Employee,15
152ff19c-a49c-44b5-a180-02e7fb84b75f,Staff,10
7a0bb610-7c2b-4e41-b002-b0e7be764a2f,Manager,19
a34aa349-e597-474d-a02c-d5868c89351a,Staff,10
fe35e95b-4918-470e-a4cd-5860b57b06ad,Worker,13
31f41cf2-f737-467c-bbd6-13ee96d550cb,Worker,13
7e287a59-7f48-4be8-92f7-cd24c109767d,Employee,15
76c9349e-c0ea-43a3-96f1-8af451afae59,Assistant_Manger,17
af72fb98-9a57-4108-b0b2-b2d0ca6f80f0,Staff,10
7de8c602-02b9-477e-8ede-d2c94b316351,Employee,15
934a8cd4-ff3b-4506-8855-e47d184b13d0,Manager,19
349acea4-0c18-44a3-9f24-332bdcb2bc3f,Worker,13
93cf640e-b1e4-4228-b446-a073cda56445,Manager,19
dc785e8c-51e0-462c-9425-8624a9a308d6,Manager,19
5750d156-3580-4da3-99cd-2c6dbc6af5f0,Staff,10
72d87e81-2861-43c3-b1b9-ef75cf0cd304,Manager,19
afd8d637-7adc-42c8-b331-44134751684a,Assistant_Manger,17
5a036176-8ec0-476e-bc13-f0104847aa3d,Assistant_Manger,17
1d29bea1-cbad-4cf2-9e29-e47232b2e6de,Employee,15
323ed046-a41a-4e14-8f05-acffd30b4251,Employee,15
cd4634e9-1c3f-41ac-8c97-865fe16e769b,Employee,15
1d0f0d05-abcc-41f1-8f11-cc8e5dcdd4f6,Staff,10
3e15b4db-eab3-4e6d-b2fc-6aab95898765,Employee,15
83c2426a-0a54-4ffc-8a11-6fee6b7aeeef,Assistant_Manger,17
d8002353-594b-4c5c-9ca8-2c3352f24f97,Worker,13
bbf6bd42-a140-48e2-b113-b62c7b78fba3,Staff,10
5d2bfafd-db6e-4494-9a62-1a450b201593,Staff,10
2d2bb427-547b-4671-a998-68f2410d4d7e,Staff,10
4b7b9755-51d0-4d87-b216-fc87cc0fb3b3,Worker,13
4d212484-2d8d-4782-a0fa-ad49c9b1376d,Employee,15
ba9aecd6-21fa-4aea-9d00-3420d619416d,Staff,10
d2ae23ac-9f52-42c4-8e9a-3e2184d8a7b9,Worker,13
511f44bf-8456-4b78-8658-af7cbc7ef86d,Manager,19
d2c19d45-170b-4718-8b87-5a342fdad229,Assistant_Manger,17
683bda26-8e48-4373-963d-cbeb18c83117,Manager,19
a451b2c3-2a47-4ed9-954a-051dd0c6b5fc,Manager,19
d1db71eb-31e5-4a63-a11c-dade6b36415a,Employee,15
71e21893-fd02-4320-87dc-1359aa99da01,Staff,10
4ed58cbc-413d-46be-82e2-62de749db754,Employee,15
f5723021-59ef-4c7a-b950-ffc67ba1a3e0,Assistant_Manger,17
65739ea7-ee5a-4529-918f-6c91ad0a3aaa,Employee,15
98027383-8a1b-4219-94c9-83eafc92d643,Manager,19
9b28da88-b61a-4b1e-a328-de6a9eb6f32f,Manager,19
40efbfa3-dc4b-468e-937f-c46a5722cf67,Staff,10
d2d69a79-a3cb-4c8c-befc-202a047633ca,Assistant_Manger,17
09f2847a-ebdc-4371-b8be-85bf35c8707f,Staff,10
20a04ac8-3118-4a34-8cb9-bef40a9641e7,Employee,15
05f0f27d-ffee-4201-9dbe-cd91fc617f6a,Employee,15
752801f9-ce5a-4ad1-90c2-1d5880a29af3,Employee,15
cd70a49a-2d70-4047-8a25-9f3531f2a714,Worker,13
54ef2598-8116-458f-8b34-f24f55acbd37,Staff,10
1b824e6f-164c-4d17-89d4-56438c9aa92b,Assistant_Manger,17
aa6f84c3-57e2-4d09-b1d3-339b6702fe5b,Worker,13
5484ca0f-1a02-4f41-babb-fb30bec67e4b,Staff,10
2e54f00d-d83c-44e3-ae4a-55bf31fe7e7e,Assistant_Manger,17
865a65a9-6338-4be2-bae1-f8e7a230314d,Assistant_Manger,17
fbdfeb1b-686e-457d-854c-cc08afcec5cd,Staff,10
950da174-afe6-498f-b58b-6d5d01ad8900,Staff,10
4e43f16a-730f-4c3a-8802-24f0fe61dc6c,Worker,13
846ea5dd-af0d-4c7a-b609-95adae51837f,Manager,19
78d35864-6294-48ef-af6e-984bd18d7eec,Employee,15
78e1ee0e-3537-43a2-8ed6-977394e096e4,Employee,15
325f0cdf-6628-44ba-abdb-71bd934f6020,Worker,13
ad989783-3658-4cd2-a264-bab62dfa0786,Employee,15
2b867772-a3db-4993-b74c-23bfb613420d,Staff,10
49a96335-bc85-4d62-9cee-28a0e35d7959,Staff,10
ddca6f89-bc45-4e5e-8517-bf666c5048bd,Employee,15
062c36d8-a6bf-429d-a60b-95193eb663a6,Manager,19
e1c22942-5474-4969-9950-3a5d53ff8d55,Worker,13
62e79a09-2e7e-4a03-a77d-e8944af32e68,Employee,15
9cdce654-1110-4680-a69f-2ab5a2285a39,Assistant_Manger,17
05f9ce5f-7a71-4e87-bef1-77c2da0ebd1b,Staff,10
732a416a-05c0-4c09-bbf9-1126783d8fc4,Employee,15
f0e2db99-d303-4de5-b938-594f76775ec4,Manager,19
5cf303c5-19c7-490d-9e79-f31165ac5e68,Worker,13
3b9662e2-7666-4008-97d3-f84a66301141,Staff,10
52472153-fe43-42ee-ad15-25f7de522e1d,Staff,10
d22fd388-a372-43cf-a6a1-9c074aa23ef6,Assistant_Manger,17
995cc98f-aedb-4cf1-b2a6-0f2ca8de9fa3,Employee,15
5de12906-2de6-4985-9407-b7a05bc2fac6,Staff,10
73d01636-4f66-4da7-a6e3-1fcc1d07b4d7,Employee,15
de81069f-3ff7-4fa8-8a7d-037710ebe1ce,Employee,15
1dd1dbfa-ed3e-4a68-ad74-5eacf7f1b896,Worker,13
c2f65e8d-d7bb-458f-a745-bd1edfb9ec8e,Staff,10
a85041d0-7b1e-490b-b189-2ef737821393,Manager,19
ee1ce874-1631-4840-8bb3-b2ef6b7984e2,Assistant_Manger,17
f1cc2788-ed9a-42e4-ad06-4da36f629044,Employee,15
c8efe3ea-8a9d-4086-a5ed-cea41cbdace1,Employee,15
552ab796-6ede-416b-875a-aac173dbf1f8,Employee,15
58e21dfc-b38b-4c34-b335-06758ca64f9d,Employee,15
195691a2-e976-47ac-985c-feb17e4be531,Worker,13
0a1072a4-2a63-453e-b1dd-6658d79eedd5,Manager,19
ade3dd44-0f6d-4b16-b4e5-4d5ee6911a7c,Staff,10
5c0ac177-a18a-4206-a538-8ba408018c89,Manager,19
9986f933-39f1-4fcf-8b0d-bf3d2f7e065a,Employee,15
5a39a73c-4bd0-47ab-84e6-2b9658d734b5,Assistant_Manger,17
dc5de758-10a7-419e-9e26-f6639665b2fc,Employee,15
db027141-2a0c-4809-9ba9-aeb0ea7836de,Assistant_Manger,17
eb9d3a48-915c-4444-806f-bd94f1928712,Manager,19
4a0722cd-ba71-4473-b87f-827a6cb4e9e9,Employee,15
2e883592-d908-41be-92e4-3a6b1c107162,Worker,13
d19078cd-badb-4672-809e-00fee4086c8c,Employee,15
016e98aa-3db7-4154-868e-dd042102d34a,Assistant_Manger,17
99e186b7-4f9d-4e0d-bee7-8ba675c8d490,Manager,19
1f494f1e-9f50-40d3-95c9-3ffde0c7ada7,Employee,15
8444f67a-ccd9-45a1-95b4-8fe4ced02c5e,Manager,19
e47de2fa-18bd-4e0e-ba85-7978e9963e55,Staff,10
1b31f6a1-969f-45af-9819-8eea95d8ec66,Manager,19
f511bc2c-67e3-4bba-802a-09c19ecfd116,Assistant_Manger,17
8593c17f-6bbf-4ff8-9443-b3def864b549,Employee,15
f500e6cd-476f-465b-a5e2-f5b075dd9155,Employee,15
74bfe50b-9c2c-46d3-90e1-c51b4ac006e0,Assistant_Manger,17
53b840f5-a266-486c-9142-030f541bfcfe,Worker,13
cdbc107a-6890-4464-85a7-e7806fb6f439,Manager,19
29431e44-a9ce-46a3-b495-e3d9e83dd348,Staff,10
cc8e973b-b109-4f1c-b4c5-cd99ce6dfd52,Employee,15
b7b979e3-ab22-4264-8744-b3bd6e2ee9c3,Assistant_Manger,17
2ecc37d1-5720-4c89-baf0-04650495e236,Manager,19
6d1c1557-052d-4147-9a85-731a456af15b,Staff,10
4a828817-a770-449f-b253-863a982bb673,Staff,10
a1cbe729-ce92-4e28-9977-0af845256a35,Worker,13
ed1a8fda-c455-457a-b9c4-bcf94461fa91,Worker,13
3ce02257-3601-41ff-8285-6689c8fbe8a9,Manager,19
91565e84-f367-4b41-ad95-b9601a9bfbc1,Worker,13
c0553edb-0796-491b-95ab-e84c282a8963,Employee,15
39e9a614-4e72-4a59-a2c1-114fc70bd647,Employee,15
884230de-66c4-4929-b740-c86e5ed33428,Employee,15
5402a257-cac8-4d4a-9c09-9a17d0d1ecd2,Employee,15
f89ded6e-d94a-4568-90de-94d191a8cd0d,Assistant_Manger,17
0e9358eb-bc8b-4e07-9069-e6c15654c0bd,Staff,10
eb5e3ede-98ae-4fd1-9864-282895a69067,Employee,15
3eada262-9237-43e6-bf6f-a48ab1c09dae,Employee,15
1711ef7b-3c65-4b60-ab52-f041c46ece8e,Assistant_Manger,17
40b933ba-b96f-49d9-8061-6f4f22bedf23,Worker,13
85a26446-08ac-4736-943a-3176e49d5d7c,Assistant_Manger,17
875a7d4f-edb8-4620-a535-f7337a428091,Employee,15
5f1e1a7f-8785-4b8d-be1b-13bc7212848f,Worker,13
9ce79bb3-73c0-4b5d-b826-56644ddfd192,Manager,19
62f0595e-c03d-48af-a6b4-6e56f1ef83ab,Manager,19
b1451787-05ad-46d7-86b2-c5eba2bf8faf,Employee,15
612ac2d9-d57c-45c8-b42e-a73e5f18f53e,Assistant_Manger,17
cb36c410-d5b1-4f20-9b71-ec57995b01fe,Employee,15
e4f9a1a4-b4a5-409a-a252-c6907d636ee5,Assistant_Manger,17
9f3d04e2-8217-47c5-8c84-fae5e1f6c376,Staff,10
7a6615d8-6642-4070-b7c7-5138c129eec0,Employee,15
be840ece-2cc1-4987-9e89-75776423cba3,Staff,10
1aaa62cc-5b6f-4fe7-948d-a65dbaea46e0,Manager,19
8d67ab66-44ca-4336-9db7-38c31c423226,Manager,19
681579c0-300b-4224-94a0-4e702d415330,Assistant_Manger,17
515335b7-2754-4082-8b3d-686a81ba7b5a,Assistant_Manger,17
b0a1ef9b-e0cf-45f7-9464-cc0adafe7924,Manager,19
2cacf0ac-51bf-4745-8e2c-067758d52be9,Assistant_Manger,17
bf1028f9-f537-426c-9e2f-d3b6ba7cafbd,Employee,15
815795f4-c1e3-44f7-8c0d-1bcd4f4d6479,Assistant_Manger,17
2ac76c46-0a1a-4064-a65b-3bf50e73a507,Employee,15
e447864e-936b-4b98-8fb6-d81addf2e03d,Manager,19
65edd35b-b531-45d3-bcd0-3059f4725cd3,Manager,19
b9dcaf2a-a03f-4e5a-b820-01e64334c14b,Staff,10
264efed1-783f-4481-8040-32366880535f,Manager,19
89945055-c9c7-4f44-8064-a7bf2a5ae6a2,Employee,15
2d55e56e-ded4-4e26-affa-9f6cb099a63d,Staff,10
eebdd0c6-f47e-424d-a069-f4c7ed79c68e,Staff,10
0bf3208b-207d-432b-bb41-9af301234c0c,Staff,10
574aa14d-0f60-47cb-893f-3b79342a7acd,Assistant_Manger,17
45c18336-fe4d-4057-bf23-32e9a1faddea,Manager,19
0a16795f-5998-494c-892a-6534241d22af,Worker,13
f931e810-e541-4724-91c1-367224e8cabb,Employee,15
9502eb2b-571d-4c82-9c85-30bbbaaca48f,Staff,10
7ede01b0-df04-4c4b-b3b2-3062881db6a8,Assistant_Manger,17
31377f63-c1aa-478a-8b02-17ff8d1feac0,Staff,10
11a640a8-8acb-4599-9133-7dbc4baef37d,Staff,10
58fe33fd-2323-404c-a5b4-0939ffa691c9,Manager,19
01a840c8-2dd3-4971-8447-e1d1634257e4,Worker,13
ee94e858-c282-4d6e-b094-d07c204d2eef,Employee,15
3f16b68f-38b2-4d71-96a7-7660733bf1a0,Worker,13
0a5a4682-e8b5-4404-b938-20fb93bb2a22,Staff,10
ad8818e1-5090-45bc-810d-290eb802b489,Assistant_Manger,17
24b3e6f3-fd3a-4382-b45b-627a581b0de7,Employee,15
815cff87-2e5d-43c6-a4d3-32f21c209dc7,Staff,10
aa293713-d201-4904-9692-eaa5f883896a,Employee,15
3aa952f1-f212-4d79-9212-584e4324e4d5,Manager,19
8f1a1b3c-63bb-487c-b079-e84ae699c062,Manager,19
1597f824-028f-4e90-a335-5c55ca34cd5d,Employee,15
59d8c624-816b-498a-bc7b-01753086e976,Employee,15
81afed7c-8ade-4fb4-9415-d6d556c232b0,Worker,13
c299c505-2360-4d3e-8acd-b48bfe44c5db,Employee,15
52d33178-5003-4f83-ac2a-2a0a176fce94,Staff,10
e8dfc915-9e85-4e90-9640-bbb6bd3544da,Manager,19
73a19805-211b-4688-af66-018a929a698d,Manager,19
bd11d8de-66f3-4afd-976d-1f0c94d5056a,Staff,10
bed9c24a-7a52-4361-9c45-1836bee8776f,Manager,19
83b1253d-2aed-4976-9451-55d39d751f6e,Staff,10
77d5b892-f3e5-499f-85e3-b001a07e6b86,Worker,13
e1a72ada-3080-4a31-87c4-d2adf19afb59,Employee,15
fc0675d8-1efe-4456-9f39-85e3a8b49d08,Worker,13
27142e92-91c7-4aab-81c0-2f3bd90bf10e,Assistant_Manger,17
ab82b63c-70ae-4d82-bcdd-d6c5d7ae9eb5,Staff,10
f6fea20f-28df-4c79-9381-395e9fb85d45,Employee,15
72eb18fa-8988-4bfc-acec-640fbcb8a537,Staff,10
a40cca3d-85c6-42ea-b22c-7e9114573b90,Assistant_Manger,17
737df473-8a80-4eff-a19f-89a2fa760a49,Manager,19
bd1d747c-0f6e-4a92-893e-679c6cece9ce,Employee,15
775402dc-e815-4b1b-9a00-dd6d885cb7e2,Employee,15
fa82adcc-15af-4700-b93e-b4c940bc916c,Staff,10
6f477a79-8853-4e30-9e37-1f7e988916a8,Worker,13
9f1a5c7c-36db-49ea-a8d1-666de989d6cc,Employee,15
5965e281-333c-40c9-8f2e-b9e34edf36ba,Employee,15
89aebe19-ce10-489c-ae4a-d8dd7804fe0e,Employee,15
85c17c7c-6ef4-4899-85bd-3166c4b235e9,Assistant_Manger,17
4c808815-b60b-45e8-b63f-95550aacaae8,Manager,19
8d2b1b24-9ece-4e6c-b0c2-db616bd8b3c8,Assistant_Manger,17
2cd29f75-9c06-45df-b9e9-7e8c99f6d24e,Worker,13
eec4c481-1f19-43d0-a2e4-6cccfbcf96a6,Staff,10
eca7096b-3bfb-4829-8a65-9261cc4c0593,Manager,19
28e247a7-5df5-490c-a3bf-d5d7c663c673,Assistant_Manger,17
badec0df-cbac-4311-9afe-052f7e2f4278,Manager,19
dd6f926a-dccf-461a-aeec-df7a839acd8a,Manager,19
402c9625-81dd-4005-ad34-41ecfaf35cfd,Employee,15
7954adc7-1a49-48ce-93d5-13d5a9757b97,Assistant_Manger,17
32769148-481c-49f7-87ae-870a78672046,Assistant_Manger,17
1950f9fc-3e16-4467-a4b5-27355c4afc02,Worker,13
f2734c26-e7e6-4665-8320-4ce2b9e85572,Worker,13
1ba0099f-26af-40ef-b108-a5aee7327075,Assistant_Manger,17
b297c0ff-e1d2-4fd9-808e-e15012d55f3f,Assistant_Manger,17
beade76e-e2ca-4c0a-80cb-370710e36919,Employee,15
32954527-b2b7-4103-b092-4c4f2bb4f9d7,Assistant_Manger,17
feb86f84-02c3-481b-b7c3-3851ea688919,Employee,15
77a12fa8-13cc-4565-abb5-7e2795143193,Staff,10
d85e9831-811e-406e-bbc0-7da531cef1a2,Worker,13
8321b497-3dc0-489f-821d-44f91f0dc6e2,Manager,19
a9c75808-e063-4544-9619-9a18ce1ef936,Worker,13
efe99a77-008d-42f3-833f-8f05375d4013,Worker,13
f51894ac-c853-440f-aab5-ce6fde67360c,Staff,10
3aa6f8f4-ba27-46a9-95ca-3100342d3c85,Worker,13
951ec504-1e2b-4556-a8fc-788e4569a7a7,Employee,15
cc6ba49f-3453-434c-a0d6-50a9dd875eb6,Manager,19
c3a00c4a-029b-4392-b907-cf8dab5a2b75,Staff,10
469dee73-90e5-4f4c-99fb-7dcf6b213484,Manager,19
fae248e0-5ec2-4139-8227-813d46c16e71,Worker,13
0c085b77-7ae4-4073-9332-0f66207168d1,Worker,13
7a6337cc-4010-4caf-aad8-8051f4e5ad04,Staff,10
f198dba2-8a8c-4f1d-bb0a-a29cee5f58c1,Manager,19
de19e11b-3be5-4d62-9140-e0033059b213,Employee,15
6de8b749-6fe1-472b-9cf6-016ff15dac5b,Manager,19
affc265a-1f96-4d6e-b28e-7a1398cc5c5e,Assistant_Manger,17
a2f21e30-db23-439c-964d-e43b109e7943,Employee,15
ce02fecc-904c-47c3-a1e4-593d45ecf224,Assistant_Manger,17
a9e48e75-c28b-4f1b-9aca-12133db5d41e,Manager,19
6bd1d30a-15ce-4a07-aa27-294fb30d7774,Staff,10
2d21b7f3-e47a-48f7-84ec-21eabb10e0ad,Assistant_Manger,17
afa82ce9-d552-42f8-a0d8-2d37053e1115,Manager,19
bddcccf9-5a31-4c26-b277-2b034ab9047e,Employee,15
d995b23f-82e4-4191-8ae4-6b7b10505ec6,Employee,15
b3b22d12-0b3d-4095-a8c0-3673722048f0,Manager,19
d83fc483-ff0c-4b97-b00e-4d943cb3ab86,Staff,10
ee1e1c73-5786-4170-9be3-0c042b369ea3,Staff,10
e4723fc8-0e56-4466-b7b2-6987829de3aa,Assistant_Manger,17
87387757-4b4b-4a69-a54a-9ed773da4701,Assistant_Manger,17
4c540a86-f9dc-4d48-9b73-9f3ac7bfc478,Assistant_Manger,17
79a7658e-261d-457c-96f3-e4d3599f3c91,Employee,15
e2811586-350a-4032-b705-f9fb7cda18b7,Staff,10
80c7d724-f5bb-46e8-a7a6-86a5ca87392d,Staff,10
681e193a-de53-45f6-94f0-919a24009d6b,Employee,15
1cff7a99-d0ea-4755-af93-6386826c9373,Employee,15
b336765a-cf3e-46d4-b782-26eb2d9f4d4b,Assistant_Manger,17
683aca1d-f2b9-4de3-a253-573888aca54d,Employee,15
7376a6c6-3901-4359-a572-a3d386f77f4f,Manager,19
ca786bdf-be6a-4d4b-9353-b98635beca48,Staff,10
112c2e7d-d281-42aa-bdab-b546adf33cf6,Staff,10
1f7a1d38-9b1d-459e-a9a8-207cf8b4cc11,Employee,15
8f9fcfe4-41f8-4876-b89d-e414938fb841,Staff,10
c9e04cd8-9027-4941-b47f-65920d3ebb49,Staff,10
9874b7f7-6370-4ff6-8c60-b93582264b6c,Manager,19
b0ddc14b-a3e9-46e4-bec0-535fcc51cd53,Staff,10
e26da7fd-d13a-4e49-857b-5064862ba3a2,Worker,13
22e1108e-4225-40c6-9638-71361bb0f451,Staff,10
7fef4655-9dbb-42d0-b582-85242e32e541,Manager,19
056a4ca4-76ae-4f48-b598-733b315cb5c2,Worker,13
883c1e43-c700-4723-8126-7761f394751e,Worker,13
3a220f27-1134-4cf3-a9d3-ad106e50f661,Worker,13
b95246c6-26c1-4302-ab89-445e9f39e4fd,Staff,10
e572e3ce-2af0-49af-a8d6-048baa1ff404,Employee,15
045d8f69-d53b-415a-bc1f-e2eade5b6b7b,Manager,19
64b5e526-a991-45cc-9dbf-ac1f705533a0,Employee,15
16f4eb37-7c1f-43ec-aa73-e1585cea96f8,Manager,19
8d53b0cb-9097-4cce-b202-3ce52a56bdf0,Worker,13
b38daf28-2ab7-4ff1-a4bd-598fcc2776e1,Manager,19
8f4b92bf-1d1e-4afc-b35b-2458a73e9e10,Assistant_Manger,17
7388bb39-ae52-4e7c-a43c-318208be9daa,Employee,15
2df3eace-b32c-4574-a95a-ebedb61646ad,Employee,15
70c3bbae-b607-4901-a8ac-f6ecb8cb09e0,Assistant_Manger,17
eb43aab5-522c-46c0-8f84-217aed1a8317,Staff,10
a182509e-a1af-4f7d-8652-298572c2f281,Employee,15
e8a6830e-134e-41c0-ae93-1e12b13ed6d3,Employee,15
e73dac3e-df09-4408-9411-948b7d813922,Staff,10
d85dd26c-abd4-4738-acc4-cfd0c4845650,Assistant_Manger,17
79db3c03-125a-4150-8871-256ebe446854,Assistant_Manger,17
ba57de2c-4e2a-4bd6-8779-91f028230742,Manager,19
a5fa7f52-7266-4644-9303-83f825b0f320,Assistant_Manger,17
46cf5e3f-b1d7-4819-9cb7-cb84be6e6744,Worker,13
68758f79-4a3c-4bb9-b05f-77464dfa5a41,Employee,15
a650948d-5006-4fb0-806a-875187ab0e3d,Worker,13
d9cdc73c-e883-464d-97a5-627e869a5c00,Worker,13
ea31f171-ecae-4b65-8724-822e609ee2c3,Assistant_Manger,17
b1ba4a8c-de6f-4458-9873-1b8b0ee5255b,Worker,13
c4d370d5-a90f-419f-a505-15416f9b965d,Staff,10
a705c0d4-b678-41ad-af2f-4cad733709d3,Employee,15
4f1d4749-a595-4d25-a644-faefa8f0d321,Employee,15
70a0307a-7dee-4252-bea2-d6880a9c8746,Staff,10
1ca6377f-d271-46cb-a0a5-07fdbc4fd2c3,Manager,19
e5eb3bd8-ed1f-4b3b-9eb3-0d92bde540e6,Employee,15
58cc5860-b2a1-44c4-b8bb-f397e912ce05,Assistant_Manger,17
5d897597-deb4-4940-9990-081758488a76,Worker,13
cd6dfa3e-b403-49ca-8231-e57067deffec,Employee,15
24909570-32c3-4581-ac0a-8fd0f9bf0e0a,Employee,15
318efa22-6f0f-4669-86ae-b495b0ace62c,Staff,10
92809961-44ec-404b-80cf-c82956a3d770,Employee,15
d9c04cb2-95a9-4175-9c7c-bfedaa6ee3b0,Employee,15
038ae5d1-2496-4d91-ab9b-e2c2d757cfeb,Worker,13
c1001cd4-fcf8-4a45-a3ab-75dbf5b2d793,Assistant_Manger,17
66f313b0-f3df-4b93-9e24-793b2f7461be,Assistant_Manger,17
990cddf3-6921-4f21-915a-2ddc21d7be09,Worker,13
17012cde-2a72-490e-ab07-fac917e84c80,Worker,13
28cc5191-a33f-4e43-9c9d-14c8ad3ce7f0,Manager,19
fabe59f3-bb4e-4fc4-935e-4265c1ba4ae3,Employee,15
9a944285-1013-4c1c-a82c-0c8ca826d8e7,Employee,15
20c00146-6b87-4140-8439-a3bf2e6b0bcd,Worker,13
9093b445-86df-4c64-abef-1dc747b1bb46,Employee,15
c616354a-0fdc-43cb-a1ba-453c3d98239e,Staff,10
54712c80-f8f8-4ef6-a39e-26249fa54371,Assistant_Manger,17
e080bb0c-ca49-4b53-b506-36af4dbf7929,Employee,15
64472feb-c796-44c7-a2b1-7a37bb33289c,Worker,13
40e25193-7325-4313-86f8-c59e9ba64937,Worker,13
9720912a-74dc-443c-b0ff-81ac8a14355e,Manager,19
4aab80b1-dfd2-42f6-bd89-6ece2df1ce18,Staff,10
754b764d-528a-4ab7-bcf7-0cc839e00b50,Staff,10
a0982941-7da3-4bfd-aad4-e428b22b4266,Employee,15
ed5a60c1-3324-44c6-bada-d5076a778751,Worker,13
febd7bfc-8f84-4424-976f-e3c096f03e3b,Assistant_Manger,17
bc4687cb-c47d-4baa-a927-59ab421ecc09,Assistant_Manger,17
58780e78-c2a2-4eb1-83f3-dad096273d50,Assistant_Manger,17
8a5859dd-d5f5-4ada-949b-80ac5713fa8e,Worker,13
e76ea91b-fa91-44f6-b62b-2e0056139c20,Worker,13
f4f692b1-cf65-4137-974f-3ac08df7598e,Employee,15
d9718a57-7976-4bfb-8b34-65f47fc6c207,Employee,15
e473f8e2-fccb-4ae7-8736-0de926f2d1b1,Staff,10
810474b8-eb2f-4db8-87bc-c39a98271cbf,Staff,10
fe0801a9-d79c-4687-9558-a9dedb005491,Assistant_Manger,17
dfa2d548-5c06-4263-9538-96e96481d96d,Employee,15
9af52f07-f11d-493c-9985-695ae8f12708,Staff,10
bb28bba2-769f-44f2-88f1-324fb32a42f0,Assistant_Manger,17
4673db0a-b780-4b9a-b52e-23a58e49b844,Assistant_Manger,17
d3b36cde-f707-443e-9845-5f32e5cb31d0,Assistant_Manger,17
c9607fac-d9c9-4160-afce-88f6c46b9b97,Manager,19
f5ddde9e-6829-4f9d-b605-69831292a623,Staff,10
9db8005e-b802-4d83-a17d-f8409e6f8d76,Staff,10
ef305f51-450f-4582-ac39-5cdf08cd19a6,Employee,15
aeb32f34-3b9e-4d9a-a105-6975e7f0d536,Worker,13
e30296c8-c0b7-437c-86f7-944403478f4d,Worker,13
f2a54b03-96e3-45d3-993a-fec27fb5ed60,Staff,10
9aeab2c2-d160-4f70-aa5b-f07abc54381e,Worker,13
86662bef-5293-4367-a728-7613c870cd6a,Worker,13
d2a89e71-923a-4b6b-8986-e9413484f123,Assistant_Manger,17
2149d3bf-2297-4964-bb26-ce62f125ae61,Assistant_Manger,17
daf0cd10-c70c-44d6-8605-86203b8103eb,Worker,13
7f3588eb-117b-4ee9-bd33-43ef79ce65bf,Assistant_Manger,17
0143f3da-7651-4d09-859f-cb53440f4136,Staff,10
b3ea445d-6345-459b-ba63-5808af9df893,Manager,19
7dc1cec1-fbb1-4463-b651-6a6a2510f267,Staff,10
21c90225-4fa0-4d20-8808-44ce3f3a9484,Employee,15
e6412bd8-48b5-4730-953b-65be3b420270,Employee,15
a1fc1287-8be5-454b-a31a-6d1e43a2f72a,Staff,10
ea3b238f-cb04-4faf-9d78-20b0f295893d,Assistant_Manger,17
091fb525-da6c-4f79-aab7-fc84bf6de34c,Worker,13
cd296aef-3259-4d57-9077-be037be8e265,Worker,13
091533ae-ad2c-446b-a3d2-1965434405ea,Manager,19
2f062ccc-6540-4a0a-8499-1880df1b5e57,Staff,10
ab57002d-2855-4f09-ae71-fa5a9308b5c1,Assistant_Manger,17
8e6c02ac-8d68-426a-872f-b0ff2471311b,Worker,13
782d2be5-e3a2-41d2-a9b8-07dd67376ccb,Worker,13
33908b62-46c3-4371-b2ae-0c9b16ddbcbc,Worker,13
95f7555a-55ca-40f3-87b8-f5992312e342,Worker,13
b827f681-1c6a-4871-b8aa-2ff8b8449551,Assistant_Manger,17
6459e273-0bf6-4805-9a77-440c50a521b9,Assistant_Manger,17
9de34d0f-b19c-4a57-911a-cd8455f1525f,Worker,13
be9de5b4-374d-446e-a8e5-d396ac838eab,Manager,19
54e2d2ef-2e91-4621-8805-4142321f7dd9,Employee,15
260664f7-1b9e-4cbc-b724-0cd1b2df76d4,Staff,10
f8ee0781-52bb-4b2f-a005-8c345c32e1f5,Employee,15
b8704582-69e2-486d-aae1-fa20904f1276,Assistant_Manger,17
cade0a2c-e7e5-4862-90a5-1d43295219f0,Manager,19
f6314ebb-73ad-4426-b2e1-6375a70d74a3,Assistant_Manger,17
e65dd1a4-825c-47e7-8301-061772a8c94b,Employee,15
c8bfcf8c-9898-4319-8abd-796d84d48c84,Worker,13
fe12c00c-bfd2-40ec-a746-b0d2ad1f2965,Manager,19
ed688887-a937-410d-aa0d-c87f16e15394,Assistant_Manger,17
bc9d80e0-2dda-4f3a-a0e6-2bde26d9ce83,Assistant_Manger,17
de869e2e-017c-4e35-a484-a0bc4ffe6af3,Employee,15
766dd718-f7ba-40f2-9768-545deeec6a3f,Employee,15
d766be50-4c24-463c-b2b4-0b4bb57839e0,Staff,10
44965ad9-a71c-493c-a31b-b8f995a7e591,Assistant_Manger,17
578749e1-f4fe-45be-a67c-47cb30f3e805,Assistant_Manger,17
79a08c15-94ea-4141-8d2f-754626a5369c,Manager,19
cc4a8a2a-d4a8-4390-9d61-4cdc73ab08a0,Manager,19
5e7e76f6-691a-4154-8b4a-7e36cdff09d1,Employee,15
ebdec628-b821-460b-a9c8-94c9a7ae872c,Assistant_Manger,17
b3bbaf74-4c1e-4407-b912-3cc9ef813c95,Assistant_Manger,17
be128690-9fb4-4f5a-89da-8d4d0a4ec9e9,Staff,10
c4c6f8ac-a206-4490-bebb-912db9d4b904,Worker,13
f92790a2-e904-4b04-9dc6-75e2cbaf63f3,Manager,19
a4f04da2-8ded-42ba-a920-bbd3f9dae2ac,Assistant_Manger,17
ccd8d05b-e5a7-4a14-ba97-c0ec75bf52e3,Manager,19
e792e885-7633-49b0-bfa1-a3d777d24ab2,Employee,15
4d00631f-3add-4d50-8916-6acdb0bbe232,Manager,19
dc1b860c-c2b4-452a-85fa-94a2fe8c4117,Employee,15
d275add5-afbf-4272-9700-5e6929dbfbd8,Assistant_Manger,17
bb8fea4e-1e1f-418c-bb68-24a723e211b1,Worker,13
74f24216-c93a-4914-a4ef-c6eb3008e06b,Manager,19
ea7b54ad-f23f-4918-a7bf-8d290c30a306,Staff,10
5fa7426b-484e-453f-a1fb-5e9e69312012,Employee,15
4dd20d60-9166-4a55-b41e-12907d5d32c6,Staff,10
329f99ff-566f-41be-bbfc-f1f162fe1c6e,Staff,10
f1a2b040-b103-4db0-98eb-092743f6aa95,Worker,13
eb5740e8-ef4b-4942-8f49-29230858743e,Assistant_Manger,17
d86d9603-53c7-4d43-a1c0-e1122f552c4f,Staff,10
809be21b-329e-4404-9426-d95ba9d68aa7,Employee,15
8ca22b34-50cd-4bd5-9d4a-79f3c7f4ef3a,Assistant_Manger,17
ab238873-8579-431d-b8d9-9cb46a8857e0,Assistant_Manger,17
7c1af717-571c-4de1-8b7f-54093fcdfaae,Employee,15
d989935e-7e01-4257-b2ef-075479671520,Worker,13
a8e22422-51c6-4910-9d5e-8747352605a3,Manager,19
7046bd06-50c8-4a3a-99cb-e4a9ebaaa38b,Employee,15
4f0cd3a5-eb24-43cb-b80f-e77d87705195,Employee,15
7a0cad0f-08cb-436f-a494-7ced3381b187,Employee,15
97d62638-8eab-418f-b1da-e33dfc7d683d,Manager,19
7a12ab78-5fd2-4adf-b738-f3ba6b255e42,Worker,13
6f719f28-ed51-4a81-a208-9dd5f2ed5019,Staff,10
6b6e9842-f2c6-4d7b-9452-232d6f4064a3,Manager,19
b7e338cd-27c3-426e-84a1-a83612752db9,Manager,19
9351d8b2-16dc-4302-831e-01e6b144683f,Manager,19
c5247750-7c62-47aa-8594-6ca7dbb6bd1a,Staff,10
eae94be3-7f82-46df-ab89-fcda989acba4,Manager,19
ddfc18b9-3960-4bee-9e55-dc404d3e5e6b,Worker,13
5cc62ee4-a186-4c9a-b879-094618069b91,Staff,10
716c9a33-c32f-40ce-b025-009e62d82a94,Staff,10
ad59209d-204a-4948-a8ae-f120641b7396,Manager,19
555ebf9d-c0e5-4bf7-b4e6-21dae8d14bde,Manager,19
31ff1375-ce0f-4f4f-9c85-fe6fc5a9eeef,Assistant_Manger,17
3db604cf-da66-471a-b894-326086050685,Assistant_Manger,17
e4add68c-c809-4e0e-aa85-dd3b0919a258,Employee,15
565ccd60-1af3-463e-af82-453a4c2dacf5,Worker,13
44fc15e1-a492-47f0-9f10-815504583ee2,Staff,10
40a71614-c784-4def-878a-97287c46c778,Employee,15
bc76758e-56b3-4164-a837-55d3aaf32af2,Assistant_Manger,17
f390546f-3139-4744-8690-becddd8b4e37,Employee,15
8c4c2566-1a35-4988-867a-43f56cba6eeb,Worker,13
6fd8e87e-2b3d-4bf3-a223-4ef040872b36,Assistant_Manger,17
1a8e2175-6aff-4594-a9ea-dcb95ecf6f03,Worker,13
e44ade11-daef-4903-b99d-4b82cb1c917a,Manager,19
d1b9a6b8-bfce-4b2a-a970-8db27c15c3e9,Manager,19
0dff23d7-f826-40a7-bf2b-f12d8bbce7bc,Manager,19
fa2bc714-d175-49e7-b0df-51714f9e1700,Employee,15
66263f12-5e18-4d54-b495-ab590b608711,Worker,13
67ec8c31-57db-4fa5-8527-db75e3e39a36,Manager,19
8d1aea5c-b0ca-4b64-bf2b-38a07190496a,Assistant_Manger,17
b5eb40cc-7bea-4b45-b993-d375af4ba459,Manager,19
ab0c8509-4aa5-48d8-858f-40e980f7367a,Employee,15
b944b440-a92f-4966-9dab-b273f0133d0d,Staff,10
cc368075-e610-4a04-b68b-657091f92eb9,Assistant_Manger,17
8faa7381-d151-462b-a0b5-bd8722f2d4d3,Manager,19
307564de-ae4f-42e8-b2ad-65c8db8c7077,Manager,19
f6a15162-e402-42bc-9356-551bcd168604,Employee,15
2aef61ef-699e-4fee-a457-5718144d685d,Assistant_Manger,17
001a2148-42a3-448b-8f73-00f17f37f575,Worker,13
387a26dc-41cd-4668-8ea6-50543654dfc9,Employee,15
253fff69-fe59-431f-a59e-9c61c1e96582,Worker,13
e7e6be38-2184-48c0-980c-5200b7d2b505,Manager,19
d288c81e-ea60-48ca-95bf-975cbea01d68,Worker,13
96786b97-6031-4dd0-b2dd-99a6b773c53f,Assistant_Manger,17
f36fc84b-6c65-450b-9ca7-0e2e93e08d31,Staff,10
3d79ce29-1035-4846-85cd-9d0f542c9c92,Assistant_Manger,17
4a3e01ee-078d-4d61-8bc2-f5a443e8c0b3,Staff,10
32f59e96-29f6-4e2c-a3ed-6d5c6cff2d78,Manager,19
58ef039f-2f91-4715-854b-1ab6acb31b5d,Assistant_Manger,17
db220251-0c92-4c99-b420-b513c11ad47e,Assistant_Manger,17
62fffb53-0864-47fc-9950-0f323a6c9465,Staff,10
f21174c6-f1a5-4886-8324-29ec8b62a73c,Assistant_Manger,17
eed5c6f7-7f58-4f64-bc40-2ddeedbae917,Assistant_Manger,17
eb741ab5-dad3-4f2e-a0a4-4aae5b95d3f2,Employee,15
83802b88-ca35-4cde-b40f-994fd5d330bf,Manager,19
88fedc41-9235-42d5-bf39-af7aaed28dba,Manager,19
c1efa768-e845-4296-9d54-7a65372f4080,Assistant_Manger,17
56dac151-ccb1-463c-9a17-1400a215540f,Employee,15
2d23f9b6-3b10-4f86-867d-e368011ea18a,Assistant_Manger,17
c7d427e9-d3a1-4528-af9e-031024b53123,Employee,15
69f58d24-f57b-4e38-927c-e2b26d41536c,Staff,10
27bff5e9-a123-4580-ad38-0d7f08ab7885,Worker,13
66c30097-662e-495d-92ef-288651437d85,Worker,13
db8a5b35-2731-4017-9306-e77a38f940c1,Staff,10
ac10b086-e811-4071-a9d1-40fcebfd5eea,Assistant_Manger,17
3449cdac-9071-4ef4-8ce8-d038cd877610,Employee,15
ff79c777-a294-40f1-9708-93c8b311d28e,Employee,15
786ec20e-8fb7-42a2-80f0-a648db36c193,Worker,13
8669e86b-b387-48c4-a24b-7c0a1eeb0d38,Staff,10
db6315d0-4d86-49a0-a7cb-70524c96d656,Assistant_Manger,17
18226f67-0034-4ea9-a1ff-5ab364319951,Staff,10
7dd0a3e6-52fa-4910-bfc7-4bec4850f020,Staff,10
a6393f3a-543e-41ff-b50b-d9906f3aee6d,Employee,15
79699a03-1312-4bdc-be68-3c599e41d4d5,Manager,19
bc305dbd-4c98-47dd-b6a2-7b97d3f4564b,Worker,13
079a7e9d-1ae4-4768-93d6-777f12a9edf5,Worker,13
4735a334-2b0a-473d-8cb4-0cc7f4c80a1b,Staff,10
fd39c39a-1947-431f-8acb-dd5a02740c88,Staff,10
9be2beb2-0a3d-48aa-924f-8b5f17d27c72,Manager,19
845d9ad2-2ff9-4aa4-b9f0-af82deae966f,Staff,10
c1986088-b140-4902-bd4f-c9c97ada7666,Assistant_Manger,17
ab6d57fa-434d-4e46-ac16-2b026d4d4edb,Assistant_Manger,17
eccf56b3-591f-4b17-bac3-ce64eebcf93f,Worker,13
609313cb-9f02-4a87-b2e9-ff8b5643cfa0,Staff,10
c31fae06-e586-4b1b-98e2-4008d28f4183,Manager,19
65874f5e-36d8-42eb-a597-5a263de899e9,Employee,15
55d7fce6-6332-4130-be11-f50a47da537c,Assistant_Manger,17
fb36f45d-5714-42ab-949d-e04977c62e68,Staff,10
205b3ac8-2e93-42fb-b8aa-9f174727c0fb,Assistant_Manger,17
3a458069-8276-4505-96c3-d0e4ad55d8a5,Staff,10
e68f3105-98aa-4308-bdfc-5c0d34781f4c,Manager,19
1eac7826-1ce5-4fea-b16c-a8ee206a0140,Manager,19
f0ef1ef1-f225-4b66-8753-295719869334,Worker,13
38543e7f-d139-4727-91c3-e7641d41d0a5,Assistant_Manger,17
cf5309df-05e5-4fed-b011-fb366933112b,Manager,19
b3d8509c-cc36-41fd-b4af-c3ba286caa6f,Assistant_Manger,17
9caab33f-0b06-4405-b60d-6a8b7c2ee975,Worker,13
b5c6f64b-d5fe-4745-a261-0aa7bc3acfbe,Manager,19
180dac6a-89cb-4431-a7d4-4fca8e0172b9,Staff,10
bf871ce5-cbc1-46df-beaa-1e3ca84b8854,Assistant_Manger,17
027b9bc9-39a7-4354-9099-61803e960fef,Employee,15
b9627cf4-3d4f-4bda-a755-7784f20cdcb1,Worker,13
eb5ae370-d9d9-4527-bacd-5e3026342011,Manager,19
cc20911e-d9a5-4523-ac3e-14ed9925e7be,Assistant_Manger,17
4ecf78ce-4a15-4887-8601-ffaa20b4afa1,Employee,15
8090d6d6-d680-4cef-b6cc-7dd8bb96b685,Worker,13
6fae608d-6833-4053-8479-fb8c2dcb2e72,Assistant_Manger,17
52192e0a-63e0-412b-a258-00f4a9051099,Assistant_Manger,17
2c305dbe-ad31-4079-ae40-c0170886b3bc,Manager,19
f58dd61e-c9fd-444e-b404-c4673c3b3ea8,Worker,13
b6fe4c54-3ae3-4d8f-a01f-28d11487c6c4,Worker,13
56e8ee90-7a70-4e33-965b-3b6b426aecbb,Manager,19
89385044-0c54-4c5d-b9f1-9cf878f34d15,Staff,10
f965fd2f-d337-4cc5-9298-d508e788952f,Employee,15
6bf4137c-dc5a-4447-8e2b-5daf51026a1f,Assistant_Manger,17
1b9d3609-2822-4faa-88f8-00ec87b97ee1,Staff,10
5c9569b0-8c0c-41a0-a60b-20fcaf4347e7,Staff,10
45671a53-a359-4334-a6a2-b36071b6b5c6,Manager,19
dab27c75-f79d-4851-b871-1f5e331bdc39,Staff,10
705bea78-aa8b-4533-8569-cadcdff84991,Manager,19
8365c058-ca16-4bca-943f-32c4fa9d07a6,Worker,13
2abaddaf-9257-4027-9ea2-f4157c482ba6,Worker,13
e80052ac-f510-4e0e-907b-a928ea853a16,Assistant_Manger,17
275d8990-dc3e-403c-8669-d8c8d813541c,Employee,15
7a676286-33e5-45c5-9cfb-2719c8ae34ec,Assistant_Manger,17
a7f5af02-51f0-4905-bba0-fd08379cd4a6,Manager,19
7a79c119-85bc-4904-bbd6-8a3256a952b1,Staff,10
c17ff69c-52bd-421f-b275-41698b95d1a6,Staff,10
0de5c8ba-6013-49ef-9802-b9e6139bac0b,Assistant_Manger,17
88916f9a-b88a-42c4-b132-2d6b119ad3a7,Assistant_Manger,17
0a6d1df5-70f6-48fc-b23c-bce334e5c24b,Worker,13
4b0c1960-b973-4af4-9676-2489734eb486,Worker,13
6f5323eb-9412-4320-b040-3693718e1bd7,Worker,13
1a4c0d4a-015f-414c-9bb0-07fbe4d5fbe4,Staff,10
a30abaf8-d1d9-4252-9b04-af0d686a741f,Staff,10
52f874fd-ce42-4adb-a997-d3c6352ee711,Manager,19
50ccca5b-a465-41f3-a518-bde58f47c277,Manager,19
6d9ea2c0-0970-4e95-b6e4-c34f16296fdf,Staff,10
b0f3317d-01e1-4d08-8767-8a22eebdcae1,Employee,15
227fbfb1-acd9-4973-bb71-6994968fda45,Assistant_Manger,17
6e0940fe-0c27-46ca-89d5-3512c8588478,Worker,13
ee3ab8b1-c5b7-4ce9-a76e-2ce1681baddf,Staff,10
1cd8c6fb-c650-4e5d-83a2-8eccbcdaca99,Employee,15
6d78f628-4376-45a1-94e0-29d52d46e97c,Assistant_Manger,17
2813a2c0-7051-46f8-a11d-e2721c92a656,Staff,10
81414bd5-0780-4f03-b5e9-a6da5ecec9fd,Staff,10
e51d1820-19bb-4721-a1c9-5c184b2a8d1f,Employee,15
ded7587f-1b7b-4790-8ec7-6672c9f73233,Assistant_Manger,17
c047d081-2187-44b1-853d-fbb48c57d6d2,Staff,10
af1a3435-9ed0-4407-91b8-59537c9dac11,Employee,15
9e0389e6-ca6f-420b-9cf1-843a00b61fb0,Worker,13
24cff303-4f5a-43a1-8837-0e6f9f0c2248,Assistant_Manger,17
90a417cc-6151-49f6-a963-f50dda210929,Staff,10
9d2bca46-9396-4ff6-9640-c45dd20e5fb8,Worker,13
986e99fa-5713-4b7f-a78e-5fd3ba972bf2,Manager,19
f1095347-dd28-4d88-9d33-a8463b039bab,Manager,19
58129912-1029-4314-96aa-451a3283c0fb,Employee,15
ba850c80-0480-4e40-876b-f0bf9fe3de2e,Employee,15
3e5e4949-2114-4dfb-a3ef-2d707c68a9af,Staff,10
e748de0e-139f-4fda-a0d7-29d5df4180d9,Staff,10
255a1879-c4e0-4b55-80dd-0c3f8fd8ab84,Staff,10
28fd789b-bb63-41ca-958d-ba8b2b03d246,Employee,15
acc80407-0625-4fda-b45a-091fbea4ab30,Employee,15
e7ae2a46-3ab8-46b0-84e2-2e233ba0613a,Employee,15
391b72c0-d24b-46a3-a7a3-e73d21d77675,Employee,15
458a9afb-2f90-4a31-b0bd-641e6a298b37,Manager,19
b58a287d-5838-4772-adca-b2f7b8dea1da,Manager,19
69203215-de7d-4674-a5c4-0ec3619c2de6,Staff,10
2e8c18fe-6e57-4eab-9793-072e0b911f01,Employee,15
b925e5bb-4114-4137-b3c0-90ae0d9b366e,Assistant_Manger,17
0af84d93-1b09-46aa-9fd5-eb27216dcfc0,Worker,13
71972400-e5d5-4802-bc1c-05f896226206,Manager,19
eab88ae3-36ff-458a-a893-54da53119d0c,Assistant_Manger,17
33a5a40a-8b5f-4084-9447-b04caa19a548,Staff,10
5b776509-a83a-4858-99fa-1e371a70efa3,Staff,10
18b8bf74-9cc1-4528-97be-dfd3152c1a02,Worker,13
a7d99177-2da9-4d96-9ee5-8b968f91853d,Manager,19
db4b1b20-422f-4a12-aa7d-c1ecbf20abac,Staff,10
2e16cfed-3d88-4b0e-86b5-cd2aa650a65f,Assistant_Manger,17
4fe53555-f210-499e-93a0-9a83425cc7ce,Staff,10
5b5d293b-0385-4404-84b1-7f66461c2a64,Worker,13
ec1ef488-c84a-464d-843a-9e9fe53084ea,Staff,10
572a1ce1-4e59-4628-b1c2-cc783bd36db0,Worker,13
2691847b-b2db-471d-97f8-14e5cd7ea0c6,Employee,15
f75aa314-8d09-4123-91b0-58270ae1e29d,Assistant_Manger,17
bfb4b366-e022-4051-aa47-b50afbcf0399,Worker,13
96952076-fd76-4e11-a915-6284209df1ab,Assistant_Manger,17
a27bf2e9-fe60-42dc-ba94-efd630149f9e,Employee,15
df8b8e81-2bd8-477e-ad03-fe91dfe24ec9,Worker,13
2721f1ff-b89c-43aa-8f70-213e458e8418,Staff,10
df2344c4-e0c9-4a9d-8a37-7a64694f2855,Worker,13
ad84d260-5885-4875-a707-e0e333f2a86d,Assistant_Manger,17
046e83b5-8526-4c0a-94d1-6ea66e819283,Employee,15
30652ecb-100b-4230-bee7-4fa2892da96a,Worker,13
93076fa1-9f2c-4fa6-86d2-0e8382561a56,Manager,19
ff189e72-3b2c-4391-8faf-6912fe78455b,Worker,13
387529b6-326c-4eee-9600-e546847a17ce,Assistant_Manger,17
0601cdba-60ee-4be9-9542-0c203e072f05,Worker,13
7d066a62-c37f-41c1-a0a6-e64d8fdc895a,Manager,19
ce553553-0a05-430f-9f3a-286f6dbf02db,Manager,19
2a069f8e-8eec-4b97-a8a0-b38918e82020,Manager,19
cd88f93d-5b48-4947-a6b4-3bfca79d2cb6,Employee,15
4491fb40-f4de-463b-bebc-dc5d6294924d,Worker,13
65192360-5c37-4174-98fc-2c7409e778f0,Worker,13
509e9ace-7ed6-484e-a746-0f05a089f8cd,Worker,13
d5f509ff-4c9c-49ca-bceb-f4e014dfeb8e,Manager,19
4e1b48ee-9a1f-42aa-b194-b484076a7733,Staff,10
71591b89-af7c-4705-a093-b1d68e9bb3a5,Worker,13
b32892c2-35dd-4542-8870-5edbc46e7b76,Assistant_Manger,17
a85dff55-9207-4b0e-8b86-44244a19fa7f,Worker,13
43f943ad-e3bc-48ff-bb8c-27078edbd3db,Assistant_Manger,17
c4479e24-a958-4184-bbb7-b2209b516e61,Manager,19
f2f8ad88-d604-4455-bf43-060e6f541bf6,Assistant_Manger,17
5fefec43-f582-46a8-a477-34236fd4048b,Employee,15
029a83bb-3eee-4dcb-b14f-27267fde85f6,Worker,13
6655f55f-b079-46b8-966f-61e70e517207,Manager,19
8e02655d-7a16-45e2-b9dc-f18c4f72e06d,Employee,15
9925148f-d94f-4c6f-8f6f-fc1918c7b6ac,Worker,13
37f5c41f-4188-416d-b623-cd841049949d,Worker,13
2c6fc5f3-703f-4279-8159-aab50297354b,Manager,19
e1c32e9b-70de-43f6-b6ae-8744a727b9b2,Manager,19
77b9182e-0c5f-42ce-be13-af93b9b9f2a8,Worker,13
071991e5-3f8d-408f-a592-6f0a90f21453,Employee,15
015ed9bb-d101-4355-ac86-a62bd5fb2e37,Employee,15
d9558563-9e59-4e96-ac34-17a8007473e1,Worker,13
5021134c-4c79-46bf-a0ee-46091d67f08d,Assistant_Manger,17
febb2b11-2b98-44cd-a1a1-af4d7c2cd23d,Worker,13
8ea48d83-add8-420e-b125-9a8affe1152f,Manager,19
fab8b469-4c44-4552-b48b-90c32b108bee,Assistant_Manger,17
ad66c493-68f0-41db-8e6d-188a0aebdc03,Assistant_Manger,17
61a3a567-67bf-410c-befc-01cd3e3f4861,Staff,10
23752050-6c10-4010-81de-da9b7e0daae8,Staff,10
463d5f43-6ebc-4eb0-b5cc-02a8e18b10d8,Manager,19
3cdc3582-4834-4073-971b-702fe41df9c2,Worker,13
d32d1fe0-3166-41fa-8826-046a18df852f,Worker,13
904415ea-bef7-43cd-a49e-0369e9805796,Employee,15
9d538cd4-291d-45bd-ba53-a1a5f9caca72,Staff,10
5288a34f-b2f5-4916-b24f-1985955743d8,Staff,10
dd4a2227-cd41-4323-8e6a-1ba16c75ad3b,Employee,15
fd5ba878-3383-4bba-b27f-e7e51215e04e,Employee,15
f0b6258b-9ac7-46d8-a75b-b706de6d8555,Staff,10
4a8b1bb0-22dc-42ab-bcd9-6217515304d4,Staff,10
4907c70a-e026-4009-a3c6-f28a75e4f2dd,Assistant_Manger,17
aca2956d-3199-4d27-bb36-85d75c05a14f,Employee,15
0cafab42-322b-425c-8df3-4a32c020b440,Manager,19
659108d8-1a14-4ea9-9560-08069efc14ae,Assistant_Manger,17
0a2e6273-f3b3-4a9d-b368-823db53556b2,Worker,13
c11a38f2-1b17-4080-90a9-befc043f5b2a,Worker,13
4e0be851-0ef8-4af5-8014-c9624c4d6ea2,Worker,13
6745bfda-f410-4c8d-9e27-0b84499e360a,Manager,19
784f817e-31fd-45db-9c69-0410333e0feb,Worker,13
7dc625c8-bc34-48b5-9ce9-b7f976bf9d84,Manager,19
25a5f57f-03a8-4067-8efc-6f7d5ef91261,Staff,10
73499454-3182-4239-acf2-71f225c6bee3,Assistant_Manger,17
96cb8cb9-278e-4f00-8564-15aa2e5321b8,Assistant_Manger,17
58ea66c3-9b1c-48d1-b4ca-0bd53aa77c2d,Staff,10
7f8ccca6-44ea-40e1-b433-0d369f54fb30,Worker,13
e4eb2557-6f25-4269-9df2-662a20c85b9c,Staff,10
338a3610-f966-4d1a-814d-c83c6a847962,Employee,15
71429412-eeec-419e-be4d-13b9f99a84af,Assistant_Manger,17
88f3e727-1577-4c1e-9bf1-268234c17323,Assistant_Manger,17
a67b648d-8d50-409c-9521-9b31c61f4b2c,Manager,19
3c6b701a-333f-47ff-abe5-cecdcff6cdc7,Assistant_Manger,17
0aa05081-21fa-4c17-b067-ca2ec2a2bcdd,Worker,13
3a1cd023-b72a-4837-a58a-2f79b315fb21,Manager,19
2d814eea-904d-4981-aec5-0910b2087336,Assistant_Manger,17
521b6be3-d840-4733-9001-40116816f06a,Staff,10
66b58927-602c-479d-a598-26c4eb64730f,Assistant_Manger,17
84384e69-85d9-4fc9-acea-40a25c47e896,Staff,10
2ff858e3-d771-4bab-970c-7ac9d3155ed6,Assistant_Manger,17
c58261c4-8047-4316-b1b3-b321e55ab916,Employee,15
02c1d927-e9e6-477c-805f-c3ac40c17930,Manager,19
3ccb74fe-bc58-417d-9ba7-143b00603dd4,Employee,15
1bd076bd-8926-4e1c-ba69-0a6f835c0ccb,Employee,15
3405ca4c-b3c3-4b48-9878-f5ebc7528e0b,Worker,13
ff57b99f-7ae3-488c-a51b-47a768e5e2ee,Staff,10
5957af31-066d-4f3d-9476-d79022d2350c,Worker,13
2097dd43-d27e-4327-9158-92475dbfde54,Manager,19
082ef012-33d4-4b66-8d4a-d87b011ca7d6,Employee,15
8e266a78-9901-4ed7-957a-9d260b370e3c,Assistant_Manger,17
272c93fa-0bd3-49b5-ba31-7dd90fca4a5c,Manager,19
28032c46-2fb0-49f9-b56b-b9944fb831f5,Worker,13
86ab55a5-62c4-4abb-9e4f-fec65c625ed4,Worker,13
27c7a7c1-b0dc-43a5-b287-a07e51d88e99,Manager,19
b08f932c-f907-49ea-b011-2b3f42187ecb,Manager,19
53af2e60-093c-41b6-812a-f1726c457ab4,Assistant_Manger,17
4e9ce0e3-5371-4776-ad5a-8456886f09b0,Staff,10
9c3ac445-2780-406c-94e4-9a2684a610bb,Manager,19
aa6e2872-8a65-40a7-92a7-e32f64311a88,Employee,15
16c98ac9-9cda-4002-8ff3-318ac7fdc388,Assistant_Manger,17
b3057c43-47f1-477b-80c9-80e918b78f81,Manager,19
403ed828-9272-4b82-be5d-0ad1e18d733f,Manager,19
fcf2c2bc-0b18-46c4-a032-dcc01d1b4553,Staff,10
598dea1d-540f-4de4-b617-6bbf48841fe0,Manager,19
1e9141c4-1ca2-457c-9b91-3d2ba95f00a2,Staff,10
d025b70a-700f-489b-84b1-4d01f7fd6104,Manager,19
2e11539b-620e-4a92-9e59-83870116c691,Assistant_Manger,17
a0d46cb6-dd6d-40e9-902a-e72cf09ce6b5,Staff,10
e19b1922-f2c8-4b6d-b09f-3fd29ba09f78,Employee,15
909dbe00-8376-41da-9af6-acf72f4d8ebb,Employee,15
bb38b642-64bd-4f07-92da-aaeacff42949,Worker,13
bc87f772-d330-4e77-b79b-3a4970813966,Assistant_Manger,17
af907c1f-3dea-4127-843e-3ea3f7b24d6f,Staff,10
212ae641-745a-4283-9786-f915a9b0d807,Manager,19
1acdb722-5f75-4e30-bd6e-dd22e34a9d8c,Assistant_Manger,17
c6c473cf-4133-402c-9beb-0dc20dc69151,Employee,15
692940bd-f3bb-4a73-8ac1-6c21d31c61c2,Employee,15
13537ba9-c6d4-498f-a16d-749996b500fb,Worker,13
029cf00a-1fba-4f7f-a28f-bcf175682b80,Employee,15
3bf2e347-cb91-4fc0-890e-83b89f2ba8a9,Manager,19
72064218-a21a-45df-b294-05b48b16c8f1,Employee,15
c80c74de-1856-45de-972e-6dc05ddfb27d,Employee,15
fa94a4da-1674-4446-bfce-4c78f85925e9,Worker,13
72885349-32b9-4594-aecb-9347126ab803,Worker,13
d50f62f3-8cc6-41ee-be8f-9c369a07fe39,Employee,15
776c1dbe-3ef5-4825-a662-0707b2f8be2f,Assistant_Manger,17
3cb1b322-5857-4673-8fb2-8f61ad6092a1,Worker,13
e6518964-7ae3-4c37-a7ce-34352cf98b71,Employee,15
69fb157c-f7d0-4dea-b24f-011063c1f86b,Worker,13
70b87b49-5d49-4a4f-b0ff-43b854f4425f,Employee,15
de1abb68-cb32-4d73-b70e-5d911be78524,Worker,13
196effe7-ff64-43a6-85c3-9c9e7044fd4d,Manager,19
4dda0c38-8eee-4486-812d-2b7348a2ca46,Worker,13
88e9db93-c645-4b88-89ac-a5b51500f5cb,Employee,15
e94506c8-39ce-43ed-89c9-f7dd9a9b66e6,Staff,10
0e9fe35a-a8cf-4dc7-9bf0-15ab783f19e5,Staff,10
3b68b7a7-6989-4442-a65d-0b489a3dcbe2,Manager,19
433e27e2-78eb-405a-ad81-3b1133bef99c,Employee,15
13cb3b8e-4edb-465b-b1f7-a0181ba58a2d,Employee,15
04608a15-d3ec-48f6-b363-adb45cca1deb,Worker,13
1c3a47d2-e8d1-4cb8-a09b-73fe36b2f9b9,Worker,13
023edec8-146f-4c55-9519-0395978ecf0b,Worker,13
a158126b-2d5d-4698-b37e-ae504f5411eb,Manager,19
400a3b0a-0d61-47cd-a58c-366922a2c1f7,Employee,15
f0d8001b-b441-4eb1-8f75-2d10b0c5f4c3,Employee,15
8527747b-d4aa-4eec-8935-e2d16c1d078c,Assistant_Manger,17
c6c32df9-b7f2-438d-a453-54cbbffbde53,Staff,10
2740b0fa-2d9d-4cbf-9849-3cca09462f4f,Employee,15
29f8a48b-b11f-4c0b-9dcc-c5c5814e6c11,Employee,15
df76cc91-7710-4360-bd68-9701a872ccf3,Manager,19
b9eacf2d-c75b-48e9-8068-0a35662d077e,Staff,10
6fe8b50b-41f2-4e1f-ae9f-2e4f661518e7,Employee,15
914678bf-ed18-4241-bc1d-48634786dae2,Assistant_Manger,17
8cc66072-b30a-4737-96eb-9dd98d6272da,Staff,10
fd066361-4f1d-4109-b98d-2cf68a501498,Manager,19
91dbd62a-878a-4d03-915b-ad4229064b74,Worker,13
ebd83e01-61fe-4277-9dfe-1662cc0392cd,Worker,13
eccf4f15-8a8a-4406-8ead-8acf29f98efd,Worker,13
21c5d150-98fc-4905-8be3-0eef815e29aa,Manager,19
6f8ae961-48a3-4637-a956-ad2cef0da06a,Worker,13
0b4c0fc2-52f9-4354-a0c9-b5c30bf10beb,Assistant_Manger,17
29b0a6ba-e533-487e-80dd-c089910968ef,Staff,10
474cbd92-f9d9-4ba2-bc21-1b2341650a43,Worker,13
071f0866-0bcf-41bb-af0c-ecbf4f1a0bbc,Employee,15
06bfeafc-91ba-4018-9778-9168ea1a0e2a,Assistant_Manger,17
6c4f3f9b-6c63-47a0-9512-688db8dcdafb,Staff,10
a3550628-ff52-49fe-8029-5b9633d80d3b,Worker,13
d3beeafa-3361-4edb-b703-390d780d1bfa,Worker,13
4c435c0d-6093-4228-b40a-27c3446dbda7,Staff,10
e01c7151-1a55-4409-937f-40bcac60b9a4,Worker,13
19cc9ad3-b736-4ced-9175-85ef7cfdf80b,Employee,15
b572053b-3075-4bdb-811c-222627b40e30,Manager,19
c375807c-5844-4ad5-bf22-59c58c6320bb,Worker,13
59906f0f-a886-408f-afc3-5a62271abf04,Manager,19
bdac98a9-22b2-4aed-a3be-d2215991aad8,Assistant_Manger,17
0b604682-4b4f-48ed-9fe6-b553ae486e2b,Manager,19
4c90461f-709d-4370-b328-ee940aaeb7fc,Assistant_Manger,17
0518b9f6-744e-43b3-8d23-d52416cdce85,Manager,19
0ab9e803-b5ab-4cb9-b3f2-221bf1c584e2,Staff,10
f1cfd58a-a390-462c-998d-7fc3b6779911,Staff,10
06a2df5c-9174-4a90-8999-e2569d40aaa2,Staff,10
61cfc85f-d77c-4670-8594-e586f7e2feba,Worker,13
a73228a8-93b4-429d-b226-a44a5df13aff,Manager,19
9db59765-d80e-451e-941d-b7eeb7bfa60a,Worker,13
6fb9c751-39f3-4c31-ab42-219772b9b1ca,Employee,15
cb05551a-6f92-437d-873d-b9e7ff6ed4e7,Assistant_Manger,17
a958c08e-5cc5-4ed7-a645-d0576992a998,Manager,19
931e73c7-3f90-4de6-9906-62a71c35c8b2,Assistant_Manger,17
70e13371-0d59-41a4-b748-3e6b2ebcbbcb,Worker,13
a97f4261-8357-49f4-aa1a-e4502c449505,Employee,15
39aa35c8-055c-4a0b-8220-442ef34cdbc8,Employee,15
a2e0546b-b2af-4afa-9b2b-a6130f2627a3,Manager,19
49b831b1-a3c4-4fe7-b014-d3c42dc0fc4c,Manager,19
31927017-d9cb-4745-b3aa-d764c5fd3cde,Employee,15
ab0f20ba-44d0-4313-8b8f-d5a4608046d4,Assistant_Manger,17
dcae20d1-2806-4dcc-a6d3-ef27d4683d8e,Assistant_Manger,17
eec7a616-3e15-41be-8c82-ff54ede9471b,Manager,19
17e644b8-e59a-4768-9709-f6337cdf4858,Worker,13
baf4c331-a0d6-41a4-be0b-13bb4099a478,Employee,15
9b76f4d9-de3f-4fdf-a1c4-25c0d6353b07,Staff,10
caa97d7d-c0a3-4ec1-af42-6cf115af80db,Assistant_Manger,17
2d6ec6f5-28e5-4980-afd3-6f6a3ecdf5b8,Staff,10
f68cd651-2891-45ed-96b8-48d83219f666,Worker,13
9466579b-502c-4078-b101-ffd46033f99b,Staff,10
bc649288-6fe5-4e85-8a0a-9509dbfe59e6,Assistant_Manger,17
a103bb61-4a43-4373-88cd-bb3a950860ac,Manager,19
eeda8061-45e8-41f2-b763-233c248e6115,Staff,10
d0af7eea-5c5d-4516-86b9-a95c4adeac2b,Staff,10
f6b86542-3bc2-446b-a3f0-361637710a7c,Employee,15
5f04afd3-6ab9-4507-8e5e-45f18c85222f,Assistant_Manger,17
4b3da140-16f4-4f30-a671-2930015e57fb,Worker,13
7f7b3ce0-e8ec-4d66-aad3-1f86c0a92fdd,Manager,19
70a9875e-33e4-4d5e-b9fd-5fd1f7f6253e,Assistant_Manger,17
c96f2348-79ce-4121-bf2d-c013028c78db,Assistant_Manger,17
ea1d6c2c-7c74-4738-b910-f82f8e9377a6,Manager,19
bd018e36-3858-488b-966f-10215553de73,Manager,19
4587043c-8775-4169-9fc7-ba6f1ce3ec04,Manager,19
dc9ff681-5efa-4f13-a7c8-3b9c16e6791e,Manager,19
69a298a0-d347-49a7-8456-ce36c5af7bdb,Employee,15
b0d4fed5-604c-4138-85f2-202dca4878ee,Manager,19
487275cf-1af4-43f5-86f7-0b59c8593677,Worker,13
9758bc86-55ff-489c-8841-142587d17d9a,Worker,13
51ae752b-7ac7-4415-ac42-e0f3a6a1bd1f,Employee,15
19e74363-6e5e-4088-bf4b-9087214d37e0,Employee,15
4bda2f4c-dd97-48e1-8bf1-a03345b9af3a,Manager,19
51c89ce5-7806-4488-9d03-e29c06909e9b,Assistant_Manger,17
4a50c346-0870-4975-83c4-29221e04ed33,Assistant_Manger,17
f7bc563f-baa6-4571-91f0-74c35eecfd92,Employee,15
54e8165a-4019-40b4-925d-49ef9e46854a,Worker,13
f06c8d6d-e27f-4abb-8856-29f580f62c22,Staff,10
b3f1b09a-23e1-42b9-98f3-ea996a23a32b,Assistant_Manger,17
7033c3c7-5ca4-420e-813d-886243b8d0bd,Staff,10
d10bbac6-e5bf-404e-bd4f-38121ea302c4,Assistant_Manger,17
248dddfe-93c4-475a-82b1-75967d02c5d4,Worker,13
ea87e4fd-1147-4459-b67e-b6bfdb7e3bee,Worker,13
dd334b46-c184-43dd-af06-4d2ce4466dcb,Worker,13
022e955d-e8de-4df5-a0ef-9a5dae24aae0,Manager,19
a436e7cb-214e-4f4e-80a9-3f54db3b3390,Staff,10
5d11c239-47a6-4f18-8dd5-4aef6827fd72,Employee,15
9e3445bd-888e-4900-b726-8384dd15f04e,Manager,19
56103056-720b-42bc-8cde-6c99cc1727d2,Manager,19
adf73773-a591-4df8-abee-8d6369fbac81,Manager,19
780fd839-3a62-413c-b6b5-d11bd3659905,Worker,13
b6f22e8e-6615-4efe-a6ed-e6c9c4c6e16f,Employee,15
34d8ac44-6f7f-4907-a736-319821a31227,Employee,15
51fcfb7e-53ae-49c7-9df6-d937bb947fcf,Manager,19
5f36d68e-8dea-408b-8e84-c518fe16ff95,Staff,10
d55d59b5-497c-439c-a426-e20d200afbf6,Employee,15
6489db1e-c258-4d09-8274-3488ac7a55f7,Employee,15
6343df2b-0709-44e4-81bf-519478ce21fd,Employee,15
421e5533-94e3-4879-a9e9-07018145c7e3,Manager,19
2a43ceb1-ecf0-42e2-9052-e965979aefb0,Assistant_Manger,17
66fa5946-0164-4bc0-85e8-94aa990d0ce9,Employee,15
930faae9-bdea-4df3-babd-f35802b6016d,Manager,19
270d0018-68c1-45ba-8375-c4b861fc823a,Assistant_Manger,17
ceffd546-7123-436f-afc8-6163509ea209,Employee,15
9921a681-42e8-49bb-b30e-9b388c6a7deb,Worker,13
dc1c447c-1c81-4e5f-8bdd-ae4eb4ff3222,Manager,19
8943edf8-b27b-4f7c-acee-e09e84869e8a,Assistant_Manger,17
2d9b99aa-c86a-4a1a-b0a5-dbe6d4c45be7,Assistant_Manger,17
9861017c-082f-43c9-98cc-b44b76810da4,Staff,10
cfa29e53-00d3-466a-80f2-9bd78a4b0305,Staff,10
0b10cfaa-ad60-4ac6-8114-70c3921f7099,Manager,19
79dbc78e-f5ef-4d5d-81cb-b6622e968491,Worker,13
42ea6d11-1fc5-4aeb-befd-bf113f2e4b8b,Staff,10
d19ca00b-e99d-4b1e-82b1-94b8a240f148,Employee,15
6958609c-283f-464b-94be-7a59d79dc405,Worker,13
3d8c1edf-799d-4590-be76-683c2ec9b256,Staff,10
a36b00c1-0fcb-40b6-9f3f-7452d003ae45,Assistant_Manger,17
c3e339f9-34c1-46dc-a405-132c78c04c2a,Worker,13
a2c890e2-4668-437c-80e5-5e2b492e5f32,Worker,13
fa60fb46-0aac-41a5-8383-9afe331dfdae,Manager,19
734ecc5c-b800-4ec0-89fb-708c85a279d6,Employee,15
a8f3a8a8-cc80-4dbe-ae42-fb84dea984ff,Staff,10
2551f903-a79e-4256-b5e5-ce58cbe623d5,Manager,19
6ca1d82b-d291-48ea-af70-46656978c267,Employee,15
6c7155ec-6240-4db4-9deb-2da9a5161db2,Employee,15
570eb78d-0029-4af0-9539-14decc54c55b,Staff,10
d6510eaf-830b-4751-b095-a8cbf2fd4acd,Manager,19
bb2cc457-6fa6-4769-a6e3-890bf72307fc,Worker,13
871e0e7e-4780-4bef-b2f0-0f61aee5105d,Employee,15
6ac60dd8-4c14-4cb3-b899-f28f85788807,Staff,10
490bd918-f2ac-4fa6-b5d9-c756a3f60d2a,Worker,13
775cedab-c43b-4070-90d9-23c47c3d8854,Staff,10
3f4e05fc-8dfa-4245-9e4c-b442238793d4,Manager,19
0db58fbd-d7a4-48cf-b66c-7dd99dc551cf,Employee,15
9984d708-879c-4058-bdb9-5de2ab557cb3,Worker,13
dbc36819-8c6b-411e-8879-44409fe3bd1b,Employee,15
00633a5e-42bc-4f2b-9e22-23a6f76b9a88,Staff,10
b9ad4d80-a101-49ed-bcf5-54c7eec6e6a0,Staff,10
c380a437-9c9e-4aba-95fc-7129be036f27,Assistant_Manger,17
3f8f702f-3720-47d7-ac0a-9e3c2f2dfbe2,Staff,10
b9e75300-d8bc-41de-879c-e5349a06f609,Employee,15
9b0d1f59-ac6c-4835-aba7-85ab4df03d41,Worker,13
bab47b94-51eb-44c6-8cf2-563ccd585c3e,Assistant_Manger,17
31528fc8-6cde-48e4-9739-90b8f6378591,Employee,15
26239bfe-5d4f-4365-b539-be1c037f6b70,Worker,13
badcd181-f888-4db4-a016-e6d799cc7fa2,Staff,10
ae09defd-92f8-4da0-bdd4-5fb0d3bcada7,Staff,10
2636e705-f069-4838-b01d-ea4e10b807f9,Worker,13
cb490793-f0b9-4a95-a10f-7a381a1c7b7f,Staff,10
7d28a947-91c4-4a2c-ae5f-8cf02a82e9d0,Employee,15
73c2565e-9f8b-4390-a0ea-c385607f5a06,Assistant_Manger,17
d67ec342-f9fc-4e8a-b189-aaf4aa2c41af,Worker,13
861ab794-dab3-4aea-9a97-b447194d2e37,Assistant_Manger,17
e48f3f90-8faf-47b7-9e45-1c2690625fb1,Worker,13
aa30a9fb-fb33-4dcf-b60b-1ff618c699ae,Manager,19
4eb66a34-8763-4680-aea7-388eccb9bff1,Manager,19
31243c25-e14a-4dae-b6e4-ded150860626,Manager,19
09144b94-262d-4485-bb39-2953420c179e,Manager,19
2cf20e2f-c443-43b8-b95a-bf0c45d5e77d,Employee,15
be5dcbbf-1e3f-443f-a348-45d8949e2548,Staff,10
66b24868-3b41-4fe5-823d-441b9fb10d10,Staff,10
a243c947-3fa9-4091-8ca5-4c4d16a64d6e,Assistant_Manger,17
076490f2-67da-4775-810d-b442054ec30d,Staff,10
87c7d3fa-e96a-4477-9685-03af3fac0c4c,Employee,15
c4e820a6-8856-4186-b3c2-9ac23490c342,Worker,13
aa828e05-2178-43f6-ae88-1e2de5a032ac,Assistant_Manger,17
9f3d261a-429f-4d2e-8dd4-15f97c1a1667,Assistant_Manger,17
0888160b-f03d-43ba-be4a-fa04e208fce8,Manager,19
c0db0f3a-45f9-4e86-af27-4848293d3e84,Assistant_Manger,17
e730e25c-7d86-417d-a262-e07350016474,Worker,13
236b9803-e017-4389-bb66-7459cd5924c3,Worker,13
6900415e-b264-430a-847c-13e8e5e3d811,Staff,10
5445882c-6647-4733-97fa-2c10221d6bfa,Employee,15
eed39059-6b88-4d99-8f92-09830bbfba33,Manager,19
aa4bf524-20a4-49fe-8b83-0f44fa2f686c,Manager,19
3a98caaa-b416-4c53-9cb3-a9ef05200072,Worker,13
591f88c7-093d-4ad5-9802-4f371f278a39,Staff,10
101213d5-a275-41ad-a368-54a89fa60d6f,Worker,13
3ee2e849-2e22-4a13-80d8-9711a32627e0,Manager,19
8be45c6e-3768-434f-9313-45ec2aca8a47,Staff,10
78b6e52d-8bc5-485c-9b14-9be42442f9cb,Assistant_Manger,17
97a6721b-392f-4aae-837f-a2f8c1150740,Manager,19
b82937a3-f426-4758-afb8-3738ee03b96a,Assistant_Manger,17
9c0fdf4c-6084-45c2-9f2c-a9af0d900590,Employee,15
a3d15e6e-c3f4-48de-ba2a-2feb92a86f55,Employee,15
14edd51a-c773-4bf6-a987-bdfa71f06f27,Worker,13
383a5fec-9a68-4441-b280-318817ef836f,Manager,19
f39f5c0c-7769-4c99-b21e-fe278d1139c6,Manager,19
c9ac40c7-cb98-49ce-a115-3ce1fd94d963,Employee,15
c9f2b89d-7660-408b-80cb-1c3ed29b657a,Staff,10
ab02d7e8-2859-4da8-9e81-3827d1e41653,Assistant_Manger,17
9fc11a71-9473-4fb1-a23b-cb61cd625c2c,Assistant_Manger,17
bfe7652b-dcb6-4a3b-8510-88d847be8d02,Worker,13
f43e69c0-f425-4685-8f27-5c4147e3866f,Staff,10
9e6e5726-72ec-49d2-8a45-1767b52592c3,Employee,15
f3cbc674-57b7-417d-a384-2ee345bd0ddb,Employee,15
f87e93d9-adf6-404b-98dc-e1137e1af965,Employee,15
70d07af4-255a-47ef-a154-b85465d8ff12,Staff,10
aa262bcb-c053-41d3-a43e-8cab2b3847e7,Worker,13
d73d001f-fb73-4f8d-97cc-5b3bc3b7dbe4,Worker,13
b4710708-52af-4d7f-b971-83dc584190f4,Employee,15
a8c9e8b4-9549-4038-8a29-8cab583e68cf,Manager,19
a81fab39-aa24-4f09-83a4-deff507848da,Staff,10
dec82b54-f43b-45a2-adf3-b54e98f0c1ed,Staff,10
10b7c220-b230-4572-8f4d-bf91717b2704,Employee,15
a7436c46-5b60-4315-9550-3bc3b843b3d9,Manager,19
c3002568-66e5-4871-84e2-17abf3a402e4,Assistant_Manger,17
830eae44-fc69-4859-a7af-aaa6ee442fa4,Manager,19
ea002e16-d068-4bcb-a627-cbda37b508ee,Staff,10
c06b5c46-00da-41e3-afb7-dff30e415744,Staff,10
ce581cb6-1934-4cf2-a5f9-aad87c2a0983,Staff,10
e4e97d16-4ae1-4cc3-aea7-dbd7b1bdf0ef,Staff,10
57aa8269-f205-488b-b77d-b276c243ecc8,Assistant_Manger,17
f85f7d25-0d9d-42ba-b714-91158241de30,Staff,10
06c6c3d0-34c5-4e27-aea1-58303c02d427,Manager,19
1ddc2aa9-67e7-416b-b43a-fc262bb0c395,Employee,15
181d6a36-8bdf-4422-8b52-0cae55bac7ea,Staff,10
4f1a3836-8f8c-4dd4-8d55-c6e6c5aa8d29,Manager,19
efae64ae-3746-47a4-9ac0-37af08151f44,Assistant_Manger,17
b9280c89-25a6-4a82-ae95-e0cd78bc532f,Staff,10
038ca5fb-271e-4884-9f27-e86b761a9ca6,Worker,13
22b5e855-ac2d-4122-a8a5-c59252651622,Worker,13
4623eb3f-7ff9-412e-8294-66becbacce14,Staff,10
077a59c7-d38d-4ea4-a056-4753a0863827,Manager,19
8bdfedd1-9a55-4ba8-91c3-1b2c77a10832,Manager,19
5d7c1001-e364-43db-ba15-110b8be52c2b,Assistant_Manger,17
707ebc2e-b927-4621-b7a8-2d78e5071430,Staff,10
d2454d3b-0caf-4447-961a-147aa4b440a8,Assistant_Manger,17
acd8b6aa-fe7e-4951-b5a2-67694e0b5ec5,Employee,15
b7f1c273-0ddc-4c88-97c8-ef87a5aef547,Assistant_Manger,17
8967f915-5050-4116-bbc9-c0339513e6c6,Worker,13
52dad4d0-2e66-4f52-84a1-57a0166d3f91,Employee,15
d2f898f7-4cdc-4a0f-a571-cae037fc5320,Employee,15
1e4882f0-b280-46e0-9d6c-c4f14f3cc458,Assistant_Manger,17
c34bc8c1-4a06-49b0-915f-1b083b37c170,Employee,15
edb32ef5-42c7-48b0-9cba-7894c917d060,Manager,19
03018462-f3be-47da-a317-74787ca4ba6d,Employee,15
545cf29f-ee62-48f3-bfb5-4af52da28782,Staff,10
13c0248e-a9f4-46cb-8170-b58d26f59a23,Worker,13
81f18260-d93e-4a46-b272-26ad3739dfcc,Assistant_Manger,17
6e7f6a39-2df5-4cbd-8990-17cae67f49e9,Employee,15
00e22f77-3e35-42b3-8855-a6c7929ef5fe,Worker,13
e75785a2-cefd-458f-80e7-48a7f22279ae,Assistant_Manger,17
fbb52c83-bfb6-4c78-8caa-b82b12885275,Assistant_Manger,17
7ae09999-f949-4088-b49d-19ebcbbaad2c,Employee,15
40c9534b-b9f6-418c-8f42-4fa0534553cc,Assistant_Manger,17
ac1605fd-be23-4bb5-95d9-eb07a2daf168,Staff,10
b9f434bb-f336-48a2-9e3e-35c8a0390a48,Manager,19
cac2818c-aac4-4d16-ab40-b4f3e0f9c170,Worker,13
e36745df-092c-4ba7-ae86-d1c9d772caa1,Worker,13
63faf2a3-bf87-403f-af47-4e9c143fe120,Assistant_Manger,17
3b6d1ae1-45f0-4621-b0ea-64a2e153bb60,Worker,13
2be43d92-91a9-4efe-a803-5d9b332adff0,Staff,10
6bceb695-4958-4e8e-aee2-3f11ecad367e,Staff,10
f7eb7116-f38a-49d4-a579-36578b5441a6,Employee,15
58997e13-6b28-4556-b93b-3f675faae398,Staff,10
752cfaba-9eae-4a02-bf69-f4889cfb146e,Assistant_Manger,17
fe2d9d09-83f7-45cd-9f4a-3adf2c03cf85,Worker,13
8323e5f5-88ea-4acd-b55d-8d6701226521,Staff,10
ee021233-ed64-4ec9-89eb-04c7bfd3e0a9,Assistant_Manger,17
3bcf9499-0c59-4e05-b977-036beeea6b6c,Manager,19
3d89bb60-6e52-4de5-be8e-e64511c8095e,Manager,19
475bb68d-1cb6-447b-8f65-97826af6e413,Employee,15
b6249974-51e8-4e0f-9116-2460a9dbc4a0,Staff,10
ca5aa86d-b488-4590-9c10-8ab57950a016,Staff,10
c596aea8-05e9-44d1-a09a-aea0db963b5a,Employee,15
618ea66a-dad6-4bdc-8452-a19573ec8a8e,Manager,19
f1404bce-5822-4415-ae70-19d34647825d,Staff,10
ff644ef2-59c9-44af-9e88-2d7cf2232c3d,Staff,10
f7e8278a-84de-4a0d-9cac-ade12ca74165,Worker,13
29ff79a0-f1db-42f1-8b83-d82f116caab9,Staff,10
60bf6393-84d9-447e-86d8-5ee2a7a03a53,Manager,19
ce4b7de5-f9a6-4035-90af-6e4114a96151,Staff,10
0b6e97df-dce3-49eb-b356-f60a207b491e,Assistant_Manger,17
a51109b5-44ad-4503-af6e-83540b2660c3,Staff,10
84d39a18-aea7-4a03-832c-f759180e2d58,Employee,15
b3499409-ef7e-4045-b179-495625fbadfe,Staff,10
a387b16d-c307-4d3b-ab18-cd2f29f4d642,Employee,15
665a84eb-935d-40f6-9379-ea9418bc5ffe,Manager,19
af1809e9-da58-4079-aa57-e4cbfcf96042,Assistant_Manger,17
947f2347-4e7c-43f2-97bc-70d914d1457c,Employee,15
bde7f5c0-b15c-400b-8596-229d8299f110,Employee,15
82faff51-326d-4297-96a0-b701d2e06343,Worker,13
aa1a3262-f4ef-4f5a-b93b-ddfd1c7c0c5f,Worker,13
ae36a221-c48f-453f-826f-04f4b10445f5,Assistant_Manger,17
053a99dd-f62b-42f4-9e86-94e80fc5e3f8,Worker,13
6ff665ed-bd74-4172-aa8b-3f4e21002e20,Employee,15
56dbab11-45d3-4cb5-8b55-e47b774158c2,Assistant_Manger,17
d4dc03d5-cc66-42ff-b7e0-9284796fcc2c,Employee,15
71e272fd-7bfe-4341-81ca-30a8b9d489a6,Employee,15
6cc9132d-b2d7-4dea-8495-a06e5e9c20b7,Employee,15
891e2c92-0649-451b-a404-51c901e3fc5f,Employee,15
8e611cb3-af68-4ea2-b008-ab4986e8f270,Staff,10
ef049adb-6f42-4b37-b95f-2402a11729ed,Worker,13
ecfc4c1a-8cfc-4b20-961f-15ef008c30a9,Worker,13
752e9576-c601-4aea-acc9-329b42ec1b27,Worker,13
f71a84c1-7740-4cc1-8615-0e133213b43e,Staff,10
8e9f8622-3584-4416-9aaf-78111c6759b7,Staff,10
a05f0eda-e8dc-488a-aceb-d9d50f62cfcd,Manager,19
7c5a87d0-3756-4436-8cfb-8cd63bcaa0ae,Staff,10
61eadfa1-7dcb-4bf9-90ad-58bc68ef6908,Assistant_Manger,17
756792fc-9631-40bf-b221-a769c425d50a,Staff,10
4e17faa2-636b-4eba-b9d9-1da28cbdeab4,Employee,15
e00a4f72-76ab-4177-99e2-89ff91ed5e1e,Manager,19
86f48b69-5515-4c84-b2c5-0031f1b6385b,Staff,10
b61e5ddd-d41b-489a-8a4d-cc877f2677b6,Worker,13
f80ae3e2-48c2-41f8-86e9-0f689f0544ac,Manager,19
2b97967a-a4bf-49f3-a67c-d938449832e3,Staff,10
eeec944a-ad97-406e-a16e-b3cd8f07fae3,Staff,10
8f4949dc-22fb-482d-a1da-edf3202faef6,Worker,13
fbdaedb5-a857-490b-8794-a1b0cef10057,Staff,10
ab274f65-8800-4c2e-8a0f-84988300eeee,Employee,15
683d6be5-3c3e-4f31-b639-a09bf1b3755d,Staff,10
85d0dc70-69bb-436c-91c1-0c559a3995f1,Employee,15
d64dfb22-e7ec-40e7-8428-20e2ad5b287b,Worker,13
6a0f43bf-a6c0-4b76-ba29-310e9dcdb8e5,Worker,13
9975155f-473d-4649-95bd-ad42e334509c,Employee,15
e79b9b72-00d6-496c-943d-38859667a3bd,Manager,19
1fe6dcac-74cc-404b-bed0-dcb34f6d59b7,Staff,10
729299d8-4c95-4c45-8141-ea2edee99738,Staff,10
56e717e2-983f-4097-82c9-b8c0b62a2f73,Employee,15
bbc0e637-8daa-4754-8fd4-82ca30b9c636,Employee,15
77fa7fc5-beb6-42f5-b9f2-f67c28e341b0,Staff,10
7dca8853-09e5-40c7-a36b-cd1891848e57,Staff,10
2b7e03c8-c684-4fe1-bf7d-9a46fd209dd3,Staff,10
094eaf69-d61c-40e7-9a0a-862f006edb87,Assistant_Manger,17
38b9f518-9312-45f4-bdc4-9165b6cc198c,Assistant_Manger,17
65a835a6-6b19-41a3-930c-6597af5ace66,Employee,15
31e7c30d-0533-42d8-a35e-e044bafd0ab3,Staff,10
ee4748f9-f7e3-4697-97a7-0b735babadd5,Employee,15
f931c07c-8b4b-4316-9727-226e2a12c811,Worker,13
bc32b27e-47c1-4c11-9f1f-857c52ed00cf,Worker,13
9cf600bd-b453-4f00-9ead-bf25f26acf34,Employee,15
0b669842-8823-4dc1-ae45-c2bcc2ec9254,Assistant_Manger,17
1c5e0a46-a82d-453e-a143-ca95da957b6f,Assistant_Manger,17
334e6597-b3f3-492b-bc5e-9b185c77c71a,Employee,15
ad96c6af-6fc7-47c0-a7fe-7930675a8d39,Employee,15
868dc3cc-717b-49a6-8eaf-7d78ad374306,Assistant_Manger,17
82e6b72d-93f0-4bb1-ae0f-e43b6bafe155,Assistant_Manger,17
f0710c31-3fdd-45a8-a9b9-82ff9e2b506c,Worker,13
cc109e06-21f4-4ff4-b3d9-36fb19124a3e,Employee,15
a68404fe-7d70-4a63-9b40-cb1a6f206df3,Staff,10
79735130-711d-48e6-81fa-94b84a827224,Assistant_Manger,17
9c40a266-6424-49dd-b78f-36b5c579c93d,Manager,19
80c7ef16-d582-4293-9cfc-6ad36086aa67,Assistant_Manger,17
a6d00be4-2a94-4018-b830-9ea757f5561d,Staff,10
4155958a-af25-4577-9d8e-509e106127bd,Employee,15
c5b8fe4f-cf7e-4450-bcfe-7095b72683f8,Manager,19
508cc811-b2d2-469d-99c6-cf25bafa0177,Assistant_Manger,17
5589cf45-4edb-4204-8c3f-ad90654c3b94,Worker,13
edbfbe97-3776-44fb-9745-26807db2e916,Employee,15
46fb2e1c-c103-481a-bdc1-e72d4d6d8999,Assistant_Manger,17
23141e9c-18f4-4df5-8943-97a77268222a,Manager,19
4c2838bd-5dcb-404a-9ea3-e95d62116a6b,Employee,15
0a144e12-9198-4737-9300-04383816e558,Staff,10
115a5b98-6f7d-4342-8227-03a7adbfcbcf,Assistant_Manger,17
efe084f3-1bde-4f25-b1d7-b0599e28bce1,Assistant_Manger,17
183f526f-0046-4fac-90dd-cdaa0eb75818,Staff,10
77cc380f-fc28-45fb-bd1b-227e35e2a27b,Employee,15
e99d2146-c132-4066-a1e3-4f2156b9b644,Employee,15
c153e252-7190-4d4c-9fa5-55192cbf371b,Worker,13
923fd4e8-617c-4017-8e06-0b43ed5a8831,Manager,19
8b76c4d8-c904-4e47-9811-73494fc93a5b,Worker,13
a336dc4e-322b-436f-841d-e4a4ee1432e9,Manager,19
1d5f2ad1-c5d0-4283-9344-603285f8546b,Staff,10
a8a729e2-0192-45df-843a-514e30328c6c,Employee,15
d23475d5-842b-4028-96d4-b04a8afd7cca,Manager,19
5e8e525e-b0c7-4f16-9e07-d23d9ca94888,Worker,13
d5fcaa51-ad75-44dd-be62-6bb27f6a52b6,Employee,15
5c0877c7-7bf9-405c-92ef-334eb03d6028,Employee,15
5a0ffa03-5638-4b8e-a868-160a8f043914,Manager,19
5aa3216d-543a-4f02-8246-9c4cff817313,Employee,15
5781a58b-7b25-4a61-8ff3-e957aef9c477,Manager,19
d60449de-3413-4bdd-bcce-630b5f9c489c,Employee,15
df6d6310-ef8f-429e-8017-6448f3da1a38,Employee,15
2eeee2bc-5645-411d-84d1-4bf1dca08b7e,Worker,13
d7582c52-82d1-4196-8672-5ce1615d2ffd,Employee,15
cc5a74d7-85f5-443e-96cc-9aa9e46c710c,Assistant_Manger,17
34e55b83-e248-4f69-9735-5cbbdf5ad7e0,Staff,10
c7521336-6ada-42e5-bbb4-714ebceec442,Staff,10
0ff4fcad-1d88-4050-b1ec-1867c3d89981,Worker,13
a5027aa6-d2e3-420b-a1cf-596a6cf9ee97,Manager,19
f660dc25-4dba-4aa6-b5e8-60ed7874058d,Manager,19
41c9305f-9fdc-4151-91f3-73702f245eb5,Assistant_Manger,17
8f0f8d5a-0361-4678-a6f5-267a58f5afd7,Staff,10
20173e5a-0d12-4a97-99f9-e141c50a97d8,Assistant_Manger,17
5d672cd9-9870-407d-a3a5-f193c6f0b29c,Staff,10
3a7dda2b-375c-4b89-a111-8fa3f907ef36,Manager,19
2db99563-e3cf-49f4-942a-843a91e4b907,Employee,15
2c7458b8-6d02-4e77-a4ee-66cb94d6e3a8,Assistant_Manger,17
b75e2ad8-229e-4316-9e53-af03b5601218,Worker,13
c50856d8-f094-4cd1-83c9-625e4bc1fb9b,Assistant_Manger,17
5ce9a054-87d6-4ee6-8821-069fc26968af,Assistant_Manger,17
58404d15-1ca9-44bd-a475-694e14243fd1,Worker,13
4cbb7d40-b3dd-45d3-ad6c-50939a23e10d,Manager,19
f2eeeb02-e84b-4104-9ed0-17b2c1f139f1,Staff,10
3c0d0404-38ab-4372-8f85-740925cb9a1f,Manager,19
a8802e5d-8586-4383-ae26-4c5d8bade2d1,Employee,15
dacbc5ce-b07b-4238-9ecc-13f02cab8c6b,Employee,15
9942cf35-0df7-468b-b71d-ccd42b1887cd,Staff,10
da42466f-d668-42dc-93fb-2f57f3abbfa2,Worker,13
f2c191bb-99b6-4fe8-9bd6-8ba8bfb16468,Manager,19
e71b65c0-a645-4d35-a495-f01f937351b4,Staff,10
d80f8b17-a484-4718-9dd0-145c49fcff8d,Employee,15
3d0dd762-72fe-4d13-8a80-e1bb5e6519f5,Worker,13
7187359c-6de1-49ec-9828-b93701138239,Worker,13
9eee4b77-4edd-4196-83af-090ebb7bf7e9,Assistant_Manger,17
a290d738-b94b-40b8-b1b0-5412b6cb6d95,Worker,13
739e2b23-1884-461e-a7d4-55545bf9696a,Worker,13
e5930e42-2ed7-43ff-bacc-21d420a8d6d5,Manager,19
c2be1fa9-b180-41f3-ab75-fa1002e8dda2,Worker,13
62d8c248-32f8-4557-972e-25832324934b,Employee,15
65045dc4-c1d5-4e04-a0d5-171b246d4034,Worker,13
d95a78f8-4825-42e2-b368-2ba6248ed296,Worker,13
7e69db6a-be69-42cd-87d6-a1bbba7b52e0,Manager,19
5b641f30-3c86-42cb-b62f-e78bf60ba732,Employee,15
88f896f1-6e19-48c1-9df6-07aed75493bb,Assistant_Manger,17
0158fe73-5af4-4dd8-886d-15da5f5b1c2c,Staff,10
90334203-3ac3-47cd-a0d0-9bc24b8f93a0,Worker,13
9183472e-75ff-4f0f-b51c-13740b10f39e,Worker,13
6f293ab2-e846-4c65-80a1-699a65323b65,Manager,19
4d33c7c4-81b0-46cd-8f46-a6b71a5576c4,Employee,15
c8b9539f-d1ef-4d83-b6f3-5ca1ec691db6,Assistant_Manger,17
d4a0dc2f-a8b3-4f38-acea-b60c85d9b793,Assistant_Manger,17
65d39d45-d38a-4338-8aa8-690ecfc2714b,Staff,10
729f3016-eb6d-4b4c-a530-1d5b62a93e77,Assistant_Manger,17
1bf4039b-63cc-40a3-88a5-e81b826cda61,Staff,10
40b6e457-e8e8-46ca-88e0-b4df60595fb8,Staff,10
6a247be2-43d6-4182-9b68-5862de20e37c,Staff,10
d826955b-a92f-4214-b4cd-ce6491491c0b,Worker,13
9614c346-333a-47ed-b5b1-809b88190863,Manager,19
3b0c93a5-3c14-4941-bc9a-2e59687deacd,Manager,19
c0855b00-ce76-4bee-8632-50abf1727d7c,Assistant_Manger,17
c536b9aa-b764-4784-a210-c739870d377b,Assistant_Manger,17
a8faddfe-2283-4c6f-aed1-6b588942e05d,Worker,13
c86d54f8-a421-46e8-9e10-ced98cee9ec9,Staff,10
c940ea42-e85a-4b9d-bf3c-bc48d3f28dec,Worker,13
4b0cee9a-1909-48a0-8541-5dd1c94ad1b7,Employee,15
1107a4b5-5d32-4744-a9c7-347736a62997,Worker,13
09b3c80a-290f-45b8-86f6-03c97fbadffc,Staff,10
bdffca70-9daa-448e-9a0e-380d469ff4bd,Assistant_Manger,17
9a7848a3-c4df-4c68-9c25-674201716d21,Assistant_Manger,17
2ff4cf0a-803f-4439-ab7f-918b093c7b7f,Worker,13
f887160d-09e7-485d-9a17-68b7b4e31687,Employee,15
401f0f19-443e-4f66-9269-f32fbdd8f51a,Assistant_Manger,17
61f0c4fc-ee3f-4a51-b16c-7ee531ebd06b,Employee,15
a7b54854-3619-45cd-b897-003feb09196d,Manager,19
df2588e8-9190-42d5-bc52-2230824876d7,Worker,13
5b9c8583-8744-4041-bf67-b7101df8e84d,Manager,19
6c72ee9b-a439-4f68-9f15-e18a8d0a106f,Worker,13
f016bf4e-1dbd-4f15-a379-0253c4633653,Manager,19
2b084eaf-87fd-4390-8ebc-958ab39f36bb,Staff,10
808b567c-53bf-4074-8ef2-516c86918dff,Employee,15
340e0312-083d-4699-ad56-e4821ab7f77a,Manager,19
0716aa45-1b20-4fe1-80ee-f9fba533bf38,Manager,19
d1ec4ef6-3580-44f1-9148-8803205faa76,Worker,13
a2319617-fcad-40db-94d6-edd202173af9,Employee,15
3a467fbb-d695-4c39-a72f-ed7f55c04695,Staff,10
facd18f5-38cb-4d1b-bb0b-8dd52afd24a5,Employee,15
9101994a-93cb-4b2c-a03f-8d0b3b1f1cf1,Worker,13
b396ff7f-6f91-4d6d-b0fa-66eb5326a0be,Worker,13
de316fb8-bc21-4e04-867f-5265dd0e7e4a,Manager,19
2592e1cf-3e8d-49ae-824c-065513e1c6c5,Staff,10
ddbb8e42-f732-40fa-88b3-40bfe768f1ce,Assistant_Manger,17
6c0dbb40-ce80-4694-817b-258634996059,Staff,10
b4f46abf-7ffe-4b0a-ad66-7e85482ed04b,Worker,13
10ab43a9-5013-4135-aa49-1dafc88d7f47,Staff,10
bb628dca-bf5b-4e5a-ad6c-14843509ba7b,Assistant_Manger,17
44a2fc29-9c0a-4367-bc3c-d783237e491f,Staff,10
6455ed5a-88c3-4b0a-909b-38325ddd7dd6,Worker,13
19ec2718-0980-47a5-95e3-8025ec698180,Assistant_Manger,17
65676918-f4bd-4612-8fe1-76dcbc4184ce,Staff,10
724744ed-62d7-48ed-b40c-9f5dbee7bd60,Worker,13
81bca97e-eb80-4d52-a5a6-418688c2393a,Manager,19
bdb2d3ec-eeb9-41bb-9829-ba6bfa5ab7d9,Staff,10
da3aba5b-9aff-460c-8828-444a0a66ff11,Assistant_Manger,17
1c8fee57-0ff6-42a0-9bc0-86578de4911b,Staff,10
19663820-8edc-4ab5-a821-d38cf5e1251b,Worker,13
bd59352e-ec9a-4a00-aea7-98e07f582f2a,Worker,13
1aea6a1b-0054-43d3-8b33-a003bd94d699,Assistant_Manger,17
e84abc6c-4852-4bf2-9ab9-0172267f5474,Worker,13
a6778344-1017-46cc-b60c-d0eec5533972,Assistant_Manger,17
e717d2a8-6045-40b1-b907-4f5fbdf985ef,Manager,19
079009fd-d80e-4a0d-99bf-22f5d3a2a424,Employee,15
774fa4f2-b9eb-4c96-a95d-ee26b93bcea0,Assistant_Manger,17
44947557-83f1-41ee-b85d-b3839fc6bf4b,Manager,19
e876d1c8-5041-483f-b583-777b45497b52,Worker,13
e608f64f-ffef-46fc-8a99-070d22351af8,Worker,13
258c7cd6-ed3d-4ce9-958d-eea9342427f5,Worker,13
5f299b1d-65f6-4d02-9137-69f3539136be,Manager,19
3ef3c91f-7146-4369-b765-6666f231b19d,Manager,19
e46f15ec-f345-495c-8172-5da7609003d6,Manager,19
45f4a72a-5508-46f5-98de-81572916060d,Assistant_Manger,17
f090353f-5364-4225-9954-868e2861af47,Employee,15
b31ef900-1c11-4767-b7ee-8e1b41de9f12,Assistant_Manger,17
cc6e0648-2bcb-4ebd-b97b-2709fc41f617,Employee,15
07c67fc4-40fa-4a25-9f91-ed2d5a9af2ef,Staff,10
1b45cb1d-4734-4713-82ac-bc065b3a0555,Worker,13
6d4f82c6-1944-4e75-9ca6-6f99721afbca,Staff,10
1aa13b28-8d83-4eb3-adb6-fe94d4a1047f,Worker,13
d726d768-8b10-470c-8a23-aded35c6f6f9,Worker,13
f7f44f87-928b-4627-a934-d9997c8d15ac,Worker,13
15bd4949-5908-4a18-b239-de0bc5034664,Employee,15
9c370a76-aef9-4be0-b2bb-2eda07952540,Manager,19
7346bdc0-adbe-4adf-a6d4-b3f932aa4f0e,Manager,19
290fcdcc-3d3d-4dbc-99de-bbfba3af5070,Employee,15
ad8b5f0e-dfdb-4b2e-b967-d24caf68ac75,Worker,13
c15cead3-405b-40f8-975d-394973bec65c,Employee,15
3c551d1a-151f-401b-a7a8-7c452dcdd64d,Assistant_Manger,17
b045dbc5-ca38-4525-b931-1e760845a63f,Assistant_Manger,17
8168c815-0bdb-4924-b24d-2b291b39febf,Staff,10
5f64c02f-1b9a-4d8d-8663-47b3672e0a53,Assistant_Manger,17
81757c5b-dbb5-4fa3-b9c1-2454f6410951,Manager,19
caca4a9f-2b45-4dfd-b5cc-45035011bf27,Worker,13
13350299-ee39-426e-88ce-6c6d19baf9ef,Manager,19
67d27949-9b83-4433-a76d-a3d63d1e4b58,Manager,19
596b160d-7065-41f2-8441-2bfd9bfd5950,Employee,15
efef380f-c874-4bfb-86f8-f20c0196cea2,Assistant_Manger,17
75994baf-1e34-462c-8b93-ec02fae6eeec,Manager,19
b6e86a85-382a-49a0-b8b6-829518263030,Assistant_Manger,17
76b6d4e2-4378-464f-95ce-f496e74244f2,Manager,19
4dff4f45-38e4-41f4-943e-567787b0187e,Manager,19
d5a9758c-f067-4bcf-bc86-befd7efe6699,Manager,19
d9b2175d-5a72-41d3-a778-5ad391048fe4,Employee,15
cf47f84e-4fc5-4d42-95ca-5f491bf73623,Employee,15
e9d77829-bc2b-47a2-bbdf-fdb82d7a823a,Employee,15
cd503fda-5cb7-41eb-8000-9fb6d883ed0d,Worker,13
db2e936c-86c6-4572-b051-269511d3b064,Employee,15
b12b913a-287e-4b3c-838f-025aeb1a99c0,Manager,19
a3a2607c-4797-4fbd-8afe-74935b6f0066,Manager,19
9eaea321-9b5f-4bda-944a-67dcf14fe34c,Worker,13
683362d6-c697-4230-8ca0-009409cd48c0,Manager,19
c9c70b35-ef1b-48b1-80b5-acad962cd18e,Worker,13
5d6d395a-cc04-4b3b-bca9-68d7440b7632,Worker,13
b2eb32a8-3794-43c3-9278-a00da7b7d72e,Employee,15
bc94fe32-3741-47bb-b256-79d8447a728d,Assistant_Manger,17
df2a6f67-c61d-46ff-ac3d-7d2577ecdccc,Worker,13
4de920ba-0711-4533-8a1f-04645eda5f9b,Manager,19
e85445b0-2756-46d0-a484-9872118c34f2,Assistant_Manger,17
82f9f223-db4e-418e-be23-62d756990ad4,Manager,19
0c5fcf80-01a6-40e1-989e-c52788d91e8a,Employee,15
ba860fea-8264-4d19-9a94-5b3b770353dd,Manager,19
42859c13-5e09-4d0c-8fdf-12577b7882a6,Employee,15
3acb22b8-906e-4712-acc9-782c76c948db,Staff,10
d63c70c8-13ec-47af-8dff-faadfaaf6365,Assistant_Manger,17
ec6e7bfe-7180-49a9-93d2-48d6566c0379,Employee,15
3be0ad36-910c-4045-b26e-ad6ef5d69fe2,Manager,19
9ee02dcb-d09f-4d17-b6db-c4bf63dc655c,Manager,19
2cf70c60-9e71-4c3a-95e6-1b787e3cda0e,Worker,13
b51794ec-efd6-4e5c-a64f-794766b6b102,Worker,13
5ed77be3-7207-4f6f-8005-d9159302b26e,Assistant_Manger,17
e51e0027-b321-4823-a285-77605df6abfa,Employee,15
b6259cd4-f8c4-46f6-9d8e-bf25f643d8bc,Staff,10
cd9a5c0a-39c4-4aef-abda-bc38effe59f7,Assistant_Manger,17
1b00d3ee-ecd8-4935-9790-4aa7ba38d229,Staff,10
c81cb63a-43f7-40d4-8ab6-d68d4e369e64,Assistant_Manger,17
cf343765-dc5c-4a0d-83ce-eb8735216364,Assistant_Manger,17
c18fc342-0629-4178-bc3b-155d354b6a2a,Staff,10
55a7ed39-656f-47b4-afb7-079b22b32c8c,Employee,15
03273374-1d13-41ae-95b0-5a6c0d1f8664,Assistant_Manger,17
08914d7c-a6a7-43f9-b1ff-b35e88ed4afd,Employee,15
8c88d661-4f37-4b27-ac10-4b77f7c3209a,Assistant_Manger,17
650a06ea-513f-43dc-91df-992d1a956dcc,Staff,10
6eed8cbb-bfbe-422a-a1d5-361ffe335a45,Staff,10
e088bfe0-27a3-4cd3-b7ed-d9394aba23ff,Staff,10
acd7ab19-094f-4a22-a210-62e13a1511de,Employee,15
d1a7fd7e-385b-4528-8055-78281e1b5c13,Assistant_Manger,17
32b561ab-1d97-4683-8616-5331a9d6ac78,Employee,15
c609b24b-729d-423a-89e6-eab02e45f6a5,Assistant_Manger,17
d4486892-d4e1-44a5-8d80-dba740bb0f1a,Manager,19
9323a80e-c23a-479c-8943-d8ca9b7237c6,Manager,19
f195d13b-dd1b-4f02-aed2-638a18df9c4c,Staff,10
03cb95dc-ab45-4c94-8439-d522382fdd9c,Assistant_Manger,17
af83153e-df23-4527-8d5b-8bbec54e9eac,Employee,15
93b97593-e21c-4423-adf8-5499ba8fb023,Worker,13
044acd79-f54b-4a41-b24d-6911fd19372a,Worker,13
56c2d741-db85-4690-8a29-b07e52ce815e,Assistant_Manger,17
730421e3-ea9b-4d22-91c4-96f5f4536bb2,Assistant_Manger,17
2f054a19-d1e8-40cf-9be3-6690ff7a1800,Worker,13
59019e3c-9d34-4f37-96f6-1e1bd6b2c8e1,Employee,15
eb56de6b-ce3a-4ba8-85e2-0c35842bf95e,Assistant_Manger,17
f077d134-50e5-459c-abbc-2e3b9b445341,Staff,10
c6bfc02f-9f5c-4e13-ad8b-32c6f7441b13,Employee,15
239a1724-e447-48b5-9ec4-ad014c6157ec,Staff,10
ff00fcad-f9e2-4d3a-bfeb-943a1518346c,Employee,15
b6f044ef-df4d-45bb-8598-20e4ed9a8ce2,Assistant_Manger,17
7b74b2ce-bb0c-47db-b291-a02305ee58f4,Employee,15
d47de57f-96d9-485f-afee-7e68b2e49a1c,Assistant_Manger,17
450ad3df-2c0f-4dfc-a1df-d7d3243ba8fa,Manager,19
cc851360-4317-4909-a556-cd9545c48de0,Manager,19
2ca40877-abbc-48e4-907c-7901ea8ed9fd,Employee,15
0df5e3c0-7f15-4934-b4e3-1047a638eb8f,Assistant_Manger,17
6118353a-8922-454e-a566-98ec5df046af,Employee,15
53a0208b-6cff-4a48-b184-3e1682bcfb9e,Manager,19
aebfcf63-a130-4e1e-8214-27bfd5e44037,Worker,13
5643a1e2-3c49-4902-bd7a-0435544a5eb3,Staff,10
00236708-f532-4e8f-a41c-91e559efa137,Worker,13
ff3bebca-ec43-4d4c-a1bb-d2f3440ae144,Assistant_Manger,17
5e5dbe7c-d3d3-4c03-9ac7-0bbaf1ce8006,Employee,15
b2d183a9-9e7d-411d-88d7-149f3e785953,Assistant_Manger,17
946a4e12-e8f6-4a4d-b249-ef85bfd59028,Staff,10
1bc80d2c-dd6f-4a5e-b539-b008c95d9e0b,Employee,15
ee6e92b3-d0ec-49d4-8df7-1ac357ad0073,Manager,19
e5b77bb3-1013-4117-8ec7-3faf2f73389b,Assistant_Manger,17
2460ed5e-2f5f-4dce-add4-b43e5d656206,Manager,19
27eb0522-35c9-429d-8bef-04fc45b0cf3f,Staff,10
30261358-385d-4c60-b53f-642d44694a7d,Worker,13
2d4583d7-4420-4546-a03f-0b35b8201211,Assistant_Manger,17
53239fa9-48ab-470c-9811-634f4898df02,Worker,13
5f35f0b4-41ba-4117-a931-4622b7349d24,Employee,15
0561211d-773e-488b-93f5-e117bc736f2e,Employee,15
ee3370de-59e9-4b7d-8b6d-7e23c16bb9ba,Assistant_Manger,17
78fab999-1e7d-4337-ac8e-e4c7b80539b6,Employee,15
b8261526-761e-48f2-8a20-451631909410,Manager,19
ba807317-6abc-4ff2-bfc0-8e3613394de9,Worker,13
cc1702ef-6066-4151-b33e-cf7885d3b52d,Assistant_Manger,17
03718fd7-fd2a-4d3c-8773-0e6727d7c299,Manager,19
eb1e08dc-fe01-4c41-ab27-8fbd3108fb25,Manager,19
8b3f77c7-7ca5-4281-8171-1dbaa039164c,Manager,19
0b01f6d2-7a62-4778-8ce9-d41cd2d633bb,Employee,15
f1def58d-b48e-4bab-8989-8a184dd58f9c,Assistant_Manger,17
52fa2c99-a0dc-418c-9295-cf4ff159c7c4,Assistant_Manger,17
380273ad-d7f4-42cc-bd5d-d384c026c36f,Manager,19
01ff8611-0a8a-4a3e-b9d2-64e7123c30e9,Assistant_Manger,17
ab681605-e62a-44fa-825f-68edf59fcc78,Employee,15
cb3cb9b3-a4ad-4cc6-a34f-b77ce514727c,Assistant_Manger,17
04597ee7-9a9d-4743-bf05-5aab8fdf05d2,Staff,10
ccb323c4-9be3-47af-9bcf-8e8f5644404e,Staff,10
af913551-e707-4bba-bbd8-6b1b7e18c125,Manager,19
42468eda-10ab-4f7b-980b-036f47862602,Staff,10
42162350-0861-4762-bcdf-6dccff043d34,Assistant_Manger,17
0c47ea69-c37d-4b16-9685-57b5b4a1a6ae,Employee,15
c17957e8-b135-49ee-a95a-683908c5cc95,Employee,15
4117bef6-8c53-455a-955c-3a31ae588b39,Employee,15
fb6568d9-cab8-4934-813b-e8c24f731021,Worker,13
aaab7b58-15e1-4a6f-a7b4-19922da41ab8,Employee,15
0be1af24-4da7-4f59-99c1-72028063567b,Manager,19
513b3200-8889-4405-abda-316b2de85cf7,Worker,13
631e81bf-5404-4431-b654-4dd119920129,Employee,15
3be0b1a5-73f8-470b-b275-396efd176080,Staff,10
c7a1f417-c5e8-4f85-898b-500f1519daa9,Manager,19
d8345dcc-6c32-4512-9642-ebbe7664ade6,Assistant_Manger,17
16c830da-a085-49b8-b3cc-9ead4c1f2409,Assistant_Manger,17
1e03c1af-01b3-4325-8a06-0eedf9c40074,Worker,13
ab4c8568-c325-4fc4-a440-f66e0e893a85,Assistant_Manger,17
0e144fe6-6b48-4503-8412-c4453e611714,Worker,13
945dcae0-21ad-43dc-a548-d2cc7122cd9b,Manager,19
d496cf3b-03d9-494f-8e39-232d5994c469,Worker,13
e06e2202-04d8-48d3-b916-9aaf5d0a1e1a,Worker,13
0f576c9f-596c-4d54-b459-d14246b1da79,Employee,15
c1361c35-d75b-49d1-bb2f-8a3477d29faf,Manager,19
71ecf285-6296-4ca5-be68-d08c7404e48d,Employee,15
143cef6d-c621-44f2-9991-c24c90971e79,Worker,13
7af1d3e7-3fee-424c-9490-7f3f7ba5efce,Worker,13
97ad83b5-3528-4de9-a641-9f910cbcdc27,Employee,15
a391ddd1-491b-4f33-bd22-24ba2a843be7,Manager,19
140d4972-4d3d-4719-b36e-b60f6b92bc69,Manager,19
e7aed1f7-638b-48a7-8571-e7cf1547f00d,Manager,19
3f814d3f-d78a-4a80-b8eb-d610b7aec871,Assistant_Manger,17
637e6513-095a-488c-9028-b30b11cdf6d3,Staff,10
94aeb158-0d77-412f-8b60-0dc5991a6332,Assistant_Manger,17
267fd61d-f001-4a72-9de4-95ecb823ca25,Employee,15
d297a540-64bc-42a9-8fb2-a170f6a3e504,Manager,19
b1f39a24-ac65-4338-9542-f5e6349de56d,Worker,13
3f725431-5e01-4f2d-80cf-4e9933cafb9c,Manager,19
867f125c-7d37-4a40-8b0a-1f12cbab84ce,Employee,15
46466008-1ace-4feb-9b1a-ceaf6aa897ba,Staff,10
9dd14b34-e9c4-4012-8605-dca2f9fe3dd3,Manager,19
dfc45930-cccc-45ad-9a0b-7c944ae8b7c9,Manager,19
d9b309f6-d33a-4a4c-acb1-21ec65d7d96a,Assistant_Manger,17
7266018f-7ff7-4b93-bf58-2cff416d531b,Worker,13
6b683a4d-4d5c-405c-9a1e-d7761d7ce0bc,Worker,13
f7fb2495-35b7-4721-976c-5c3f29deb5b1,Staff,10
65c9aa65-07b8-4f09-9926-b0d1bb8e3c2e,Staff,10
1d7616ba-7118-4a7f-aa26-c7a1d4b50918,Employee,15
88ca07f6-03c4-430e-9144-58708408dc22,Worker,13
95bd88fe-5b63-4ce0-aec3-eee7a7e3f00b,Worker,13
ea70cec8-7a51-4ccb-9751-84c4b42c430b,Employee,15
50783286-7f0c-4072-94f4-c1aa1197d27f,Staff,10
681f8d82-9f23-4760-9c08-eb694197c57a,Assistant_Manger,17
9f0a002c-b6ec-4f56-9459-7cf5c8369afa,Worker,13
f937fae3-013d-4a80-ac38-03d188ed9dfd,Employee,15
ec7a5e47-ac8c-49de-a987-687bf9c218b6,Manager,19
ba889521-bae1-4c9b-ab07-9f6e8f3f8004,Worker,13
ba35c079-31af-4569-a2e9-57eca3015b80,Employee,15
cf027787-0b97-4abb-a6ad-0f7b3726f347,Assistant_Manger,17
5be8c914-6993-4473-a530-6d0a17eeade4,Staff,10
9b3d24b2-85de-4161-880b-fdb62e32aa44,Employee,15
27ad6aa4-82f5-4d2e-9792-c31e4a6e4111,Worker,13
857e2212-d23f-4524-b550-8aab1a293e4a,Assistant_Manger,17
4f9dba2f-ec11-4158-a32e-cc6c28b9e3c0,Assistant_Manger,17
2c2907bb-3b8d-49ca-9305-f575d7effaee,Staff,10
3158753a-4607-4846-b4bf-0040ad3b9d81,Manager,19
af9dc61d-2b0e-49f2-93ce-61b3f2855845,Assistant_Manger,17
3e194fa5-8005-47d6-8f37-804b06e12689,Worker,13
a495f768-4304-4e74-a241-1a59db75567d,Employee,15
6c5dded2-a552-4ade-8daa-6b19deba2598,Employee,15
c73c0af6-2e91-416e-bc5f-110e9a83b89c,Staff,10
7a1cb982-376f-4de8-a143-6899733c6f37,Employee,15
79742681-53b4-4ac8-8925-2128c8b45aa0,Worker,13
650f18a7-386c-4a76-8955-69f6af6f2c5c,Manager,19
759959f8-390c-4e31-bd1a-bf95997de701,Worker,13
00eb78da-279f-4135-a13f-0a32d9f15838,Worker,13
848a3e6c-9f46-4b8f-b52d-fd3e4eb304ef,Manager,19
dae36914-9e05-45fd-9ae7-96afa033c52d,Staff,10
a88a97ab-d358-4005-abfa-8b51f922ddd0,Staff,10
abfc6572-c334-4123-8bc1-06cc9197fcbe,Staff,10
bbc680f7-9b35-43be-95b2-f816b529d6ce,Staff,10
c548aeb9-0b81-49c4-a2eb-7d04aa18b375,Staff,10
0b9cc95d-80aa-48a5-92e9-e0bc174c75dd,Assistant_Manger,17
c44bbf3c-6307-487b-be66-15526a5c22c3,Employee,15
42481020-873c-49b2-ab32-e218cb71e15c,Assistant_Manger,17
44b2ad6f-8196-411c-b595-48810597f9b1,Employee,15
18692c76-1d43-4a59-aced-53539fbb1506,Employee,15
c2824a46-1f70-43a0-a2c2-b864cc762494,Manager,19
14d2e9b0-ce82-4f94-9825-d1c951d4e2d9,Worker,13
008c3029-915d-456b-b1a6-bb18910bedc2,Manager,19
e494cbc2-592d-42d9-a08d-64fdc4b33444,Assistant_Manger,17
539c110a-470d-4e91-a330-022239d83d44,Assistant_Manger,17
ffa6a389-e072-4e72-afd8-c5ac3c655e7d,Manager,19
a10e9e97-8559-48e1-bd27-5958e848f77f,Assistant_Manger,17
5032870d-00b1-499c-8308-a88dc6a9e111,Assistant_Manger,17
d79ff9d2-1971-436f-9458-708271254c62,Worker,13
4cb5d99b-3495-4008-9f3c-1415a6f1dcff,Manager,19
017f0fa8-7085-4747-9a6a-b0ca7deb0a97,Employee,15
3b433d1a-6d49-460c-9559-846187178ff1,Manager,19
e0981f1f-a5d0-45c4-bd86-7154c0ea5911,Manager,19
b00cbaf9-2b6c-4f66-8c89-05faf78efe64,Manager,19
25b00a4b-8706-4d8e-b5dd-6687c6b6560b,Staff,10
515b04e2-b76e-4ad6-9c04-099795474902,Manager,19
91d0a050-20ef-4d67-97a1-9d1e480b95b0,Employee,15
75469a8a-a3de-4dbb-895d-054ec41fb727,Assistant_Manger,17
0df8a19b-18ac-4383-9a02-faf6402b0d8f,Staff,10
2da1d078-ce7f-4896-95ef-e5e4d29e9c30,Employee,15
3022ca16-5ceb-4358-a62c-3d6ed38ae9c5,Worker,13
d0f36514-b03c-4b84-a777-bdefdb5d6fa4,Employee,15
92f500f6-1026-4594-9ab7-39728b5e2d2e,Employee,15
7c554151-f655-477c-ab0a-2bc109b4db83,Staff,10
44fd6b4b-51b6-4517-8ad0-be3a6add83c6,Assistant_Manger,17
22a533da-8c6d-471d-9c40-d751f22ccaf4,Assistant_Manger,17
6929b60e-cf10-46f5-a1f5-0f494c9fa8dd,Assistant_Manger,17
42905cd3-8539-4b98-8e68-e2490f3b26c0,Assistant_Manger,17
08667555-6e87-4422-bee7-e26ac967b5bf,Manager,19
710a4811-093a-4096-aa0c-4225222bdc23,Employee,15
216d6dd9-46be-42f3-97b4-8b3b0f8b9a68,Assistant_Manger,17
1547e709-083f-44ea-aaef-eaea0b8e47d9,Staff,10
b067f5fa-0f6d-4727-9630-3e75e0b4317f,Assistant_Manger,17
a76afc1b-90b4-41b1-a8af-1913b8da21cd,Staff,10
1b2da0e7-f97c-4d3a-ba8b-165a7dfe20ca,Staff,10
bfe13377-69b9-4ffe-aebd-df68663befdc,Staff,10
53db8ed3-237e-409f-9db8-3f8c992289d6,Employee,15
7a4f25d4-d17d-4061-932e-1520d7304cbc,Staff,10
2f7ba2d1-20d2-4d49-9f03-a227feb48419,Assistant_Manger,17
993983ed-3d3b-49d1-bf40-2609576e80e6,Staff,10
93b8dd52-27d4-4333-a327-9b74f23de7b0,Employee,15
2b871708-1738-4123-a920-5d7b54b6d40d,Staff,10
31219f17-e628-479d-aa65-67caf7d6b9bf,Assistant_Manger,17
84123d9d-b15b-43d7-913a-9306a6d7b515,Manager,19
f9835ac8-53b1-42f6-855f-b5757a74452c,Assistant_Manger,17
aa820785-58d0-4f9f-b798-6a26263c2090,Worker,13
25e41a8f-77f8-49bb-ac9f-b2dc0741b8d9,Staff,10
dac8d81d-fb34-4c42-abb1-d7bf3dbcf41a,Worker,13
7c74c44e-d2a0-46ad-87d2-08909a3f910f,Manager,19
56cf0087-19e0-4de6-93be-1029e45054c5,Manager,19
4029945e-8ed3-4766-8ce1-e0901824c4d9,Staff,10
3c5c1439-fb4f-4a34-9210-c102e78ffd40,Assistant_Manger,17
79cfb50b-9aad-408d-a172-67b07ea4642c,Staff,10
474fb5e1-b2ff-4ef6-bdca-a674345f68e9,Worker,13
ed64756c-0afc-4d21-b127-4589de03c509,Staff,10
cf85553b-5b76-4bf9-8d9e-148266d52765,Worker,13
2a0f44e7-0aa1-46fb-8b9d-c95d12b4ba5b,Assistant_Manger,17
71c301e8-6f05-41e9-b508-4b58fa1c17f2,Staff,10
96f3908b-4eba-4ec6-b55c-55359dda151d,Manager,19
aba4e0f5-74c9-4053-b62e-c17fd367a733,Worker,13
bba703ba-4069-4fd3-b18a-32e17ab8a0f3,Staff,10
b8ca5273-381d-48ae-88e5-2c5430e4e06d,Worker,13
0f46015f-733a-4780-ac09-1dd30a0b5729,Assistant_Manger,17
14a923ef-abfb-4b2f-a1cc-d36d704b8ae3,Staff,10
969f12bb-ee3e-4757-9c7a-d7a38982aa84,Employee,15
ec4c8ad4-7bc3-4953-bf81-536c5db3ec62,Employee,15
8ccccac7-44ec-4e1c-a3be-2daafecd48ea,Manager,19
ef17a26b-6f09-4c5a-9fc9-5c76890b3dff,Assistant_Manger,17
11c2733c-93a3-4f24-b036-5b714d656b90,Employee,15
a133ae31-9075-4dfc-889b-9d61fe2e3f6c,Staff,10
627302d8-32f2-4f80-a0a3-e861c86250f0,Worker,13
daf4a526-2a70-45a4-90bb-34d6e18fa7ff,Employee,15
c15e364c-1186-42c8-87ec-51ca307a9dd1,Staff,10
32554ef7-f3ca-4afe-9152-c8c9d3d9f880,Manager,19
a2ca7ebc-2dc4-402f-bff6-0ed92a5e1df0,Assistant_Manger,17
cca6b876-9907-40b0-a8b0-ed59b612b12f,Manager,19
2b8639a3-b28c-42d0-a41b-1e83bdd009b1,Manager,19
301f4cb4-c89b-454d-a301-e932e6ff4fec,Manager,19
6113c407-103e-4d72-9b73-e2aabedef59b,Staff,10
c3cf9de8-1332-4363-a4bd-8be5727ffbfc,Assistant_Manger,17
c4248ed9-a596-408d-ab88-a639678223c0,Assistant_Manger,17
607fbb91-c6c7-4fa5-bdd3-857ef4ffd41c,Manager,19
fc8bdb2c-895e-4a41-8a10-ef9277db27ef,Employee,15
454669f1-e401-4cc4-bcfb-7f9ffc129a24,Assistant_Manger,17
791310b5-8886-4097-aab8-d4fa068fbe44,Worker,13
b5485ac4-b740-4b77-bbc5-f936a27d9815,Worker,13
41bfc413-3b25-41e1-ab19-d0c9a12dddb5,Manager,19
19e67575-b583-4c74-b60d-22493a32e817,Worker,13
eeefbe77-b10b-4568-9436-648c9fbb3218,Staff,10
3f37b9d6-c035-4d23-bae9-68318619572e,Staff,10
3041f03e-4212-4d7c-9a91-3c8fadc1d1ed,Worker,13
7561da67-079d-4ff9-8545-2f32ad7e05a7,Assistant_Manger,17
d521efaa-d817-46ba-9f5c-fe70b4fbf83c,Employee,15
d8f2c093-0f20-45f6-8f6a-78c9bf61258d,Employee,15
511f314f-954b-4f80-ad38-971b1546bd24,Employee,15
175f5285-76ab-477f-80d0-ffe703f0d06e,Staff,10
8efd4897-a4b1-4167-9bbf-2ee04d27be03,Assistant_Manger,17
f6eb5870-4816-42ec-b659-893bc54785a8,Employee,15
7727d44b-0d1e-4d1e-baf2-2cf1a241f89e,Manager,19
a26d05e4-5786-4f2e-984d-db7dc651f417,Assistant_Manger,17
f4246848-3053-4e6e-b500-bf4ae73607c1,Staff,10
059ab426-896e-443b-964b-0ec2c26bbd47,Staff,10
40924dbe-1d7b-471b-9a31-68e9d1de1493,Worker,13
75917d85-4c15-49fe-a8cb-fceebf9f6e06,Employee,15
b413317f-e474-4fcd-bbe8-4ba45572fa46,Staff,10
2861e7f9-96a4-40aa-a110-b5185c1cef18,Worker,13
418731e5-a325-40aa-923d-5fbae824a4d4,Manager,19
39088b07-2384-4029-ba4e-1af71329d713,Assistant_Manger,17
2233f189-aad0-4248-b4c8-7b94b69b4c36,Manager,19
51d59f3f-4b1e-4cb0-bfbe-adbe1b946ce9,Staff,10
f79c05d4-8999-4d65-a5c2-09f6345706e6,Staff,10
f29f2d03-f11f-4b0c-8e67-730abfa3d228,Staff,10
09bb2639-61d1-4dd6-a789-fdb0de0d6cda,Worker,13
ba6cefaf-9a8f-4980-9094-756a219f752f,Staff,10
c91505ec-8a08-42e5-9eef-d437cb3c2d5a,Worker,13
a5827ee0-4229-4752-ad60-57f5741b51de,Manager,19
fa1456b7-fa13-430e-94c4-b4835d1b9a82,Assistant_Manger,17
a5fb624a-b941-4678-918c-378c9cea4eba,Manager,19
81836aba-1938-468e-9535-4e9edf9b9032,Assistant_Manger,17
95766a34-0f74-492b-8f67-5247208742d8,Worker,13
33f3d271-180c-4011-ae16-c6212b8be70c,Employee,15
a1bae6c3-e1c8-49ba-a9fa-1bd324eeeb33,Staff,10
24a4e086-06bb-40db-a87a-b1a87080f94a,Assistant_Manger,17
0f41187e-a7f1-4e74-baa0-36608013194e,Worker,13
cd521a2b-dff0-4ea3-b436-e95a035a28e9,Worker,13
88721f4b-bda4-4192-a03f-349fa38e1775,Manager,19
e8cd2954-d446-49c2-a818-ca8269a1de2e,Employee,15
ad7bc13a-4f97-4877-bfb5-7e82c3b7db58,Employee,15
4206f90b-f3cd-4c74-b579-3253e68d3f02,Staff,10
026718a3-a3a8-44bb-ad5b-b0f7307ab037,Manager,19
cb96a3b4-8f7b-46e2-898d-b7489b26531d,Manager,19
d5885366-5c79-4651-8291-4eb30c75c2b3,Employee,15
f5e423e6-e50e-4d20-a3be-2fcc6556bb8e,Manager,19
6db5c1fa-cf62-4296-9aae-d96d43a34eaf,Assistant_Manger,17
8632d08d-ca19-4cfc-992a-c83ed2677ebf,Worker,13
1167e747-1700-4821-b748-ea2e00bc407b,Manager,19
b25d1374-e4c5-4c79-b549-49b3b9abfe59,Worker,13
520706f5-9ec2-440e-88c4-fbaaf55dbed0,Assistant_Manger,17
e9c221af-5cb0-413a-9986-6ab54e8fc56a,Staff,10
5e07eb6d-fb13-4ba9-b750-fa595c757eb0,Manager,19
62dcdd17-31a4-43c7-8f35-038b187568c3,Manager,19
a1ba59b1-cf21-44bf-88aa-4b877fd3c002,Assistant_Manger,17
2c8774f5-c752-4645-94a6-e7cb5feb655a,Assistant_Manger,17
fdb1e2ff-6c2a-4232-8b60-c6f61a101e4b,Manager,19
212fdebd-0aa7-40be-a4be-76bd8ca26abd,Employee,15
548547e8-5760-4619-b3e0-cb1b42f59ac4,Staff,10
81348ae3-1489-4b33-8a8f-200f3dee7f3a,Assistant_Manger,17
0d2445a4-78c8-401a-b00c-6949dacd0a46,Staff,10
0002a15f-8102-46ea-8692-fb4403baaae5,Worker,13
8f06b7fa-299c-4a84-8fb9-a46b94db78f0,Employee,15
e1fa619c-db80-408b-b2cc-97616c255720,Staff,10
12eac6e8-8a70-4ce1-9c5e-b31296e11e88,Assistant_Manger,17
ffb80eae-6b7e-42f7-92ab-df806f24a0f6,Staff,10
6e7a7d2f-4824-485b-b7ff-8616aa26c5ef,Staff,10
b07ce9e8-6442-4825-acb6-bf1e911358ba,Worker,13
8a83152f-5950-4448-a396-dc1ef9b17d57,Staff,10
3500cb62-2105-440e-8d6f-88b8feb2f2c9,Assistant_Manger,17
4f7a91c8-ad82-4d7f-8301-f053c84993f5,Manager,19
abd6cfa2-afcb-495e-9634-adfa0f481fb7,Staff,10
4b39e7a9-1f5c-4d20-88c1-f6acd1ef790b,Assistant_Manger,17
4fed29e6-1a23-4955-8afe-4748cc70d814,Worker,13
58464ea0-a4da-43b2-8cdc-0de930655fcf,Manager,19
f1791c51-0447-4890-9333-3fc7e56206de,Worker,13
8d8116a6-0cc4-4711-9f87-af056e24a591,Worker,13
0ef047e0-a763-4923-93a2-dc887fc06fe1,Worker,13
f6c52629-e785-4693-8877-4631eff0f07a,Worker,13
793314bb-a9f4-4d9e-b5ba-1f845919893b,Manager,19
e2f30ebe-cdd9-42a5-b474-3277d569920f,Staff,10
78fa33a3-96e1-40da-a964-a000741b3cc0,Worker,13
288469b8-72e2-4a89-a0d1-f351afeb072f,Worker,13
4f59bb39-93b0-433b-956e-95ec1f2abcb4,Assistant_Manger,17
e0e9d3e0-53be-439e-82eb-3e811c9a984d,Employee,15
e11fe5e7-3d37-402d-b701-728bae2b9156,Assistant_Manger,17
8ffd84f9-1668-431c-a7a6-404ee65289d6,Assistant_Manger,17
4d6ddaaf-9c45-4d34-b9bc-5459180c8edf,Manager,19
e9fce5d1-7001-4b5c-a8c9-e6596aca4061,Worker,13
3093169e-2e34-4797-9489-10a1140324fd,Manager,19
6e3fc3c5-6fee-4112-b4d9-7412b821b38a,Assistant_Manger,17
4a17a6f0-3756-4e20-b452-20a1db733abb,Staff,10
d1a172b7-a10c-4688-90ed-2b9719842615,Manager,19
3d2c76b0-b100-4e26-a25b-905717dbb719,Staff,10
6ca6bfab-7e77-446f-9764-6fb270d854e6,Worker,13
afef6ccb-3c25-4b2f-b18e-3530691c8852,Assistant_Manger,17
c6e41323-b7e7-495c-983b-66f3113e74dc,Employee,15
e826b03c-498f-4781-885b-bec56cb6c56f,Employee,15
824fc9fe-722c-4116-beff-3e3e406a9584,Assistant_Manger,17
2370718c-8bcb-443e-847c-390eb69be553,Assistant_Manger,17
7fe35180-ac8b-44c2-a5c0-244e4e8a64eb,Staff,10
739e118d-2e86-4d13-999d-a1a9a9e90938,Worker,13
bda97714-b4df-4898-bbbf-d8836b15a4e8,Staff,10
0effcb11-5b55-43f4-aae5-bd38556724d1,Employee,15
6bcb1647-97bf-44b8-a278-e3511f8b2643,Staff,10
968a87db-9e9d-4cbc-b6cd-89831fc9a006,Assistant_Manger,17
4745e08a-4bad-4f21-ba85-819ad9584e8b,Staff,10
1edbeead-1259-41d9-b4b7-c36dac26ccfd,Assistant_Manger,17
647f3f35-d86f-4c50-8d62-f00b33a2fa5d,Employee,15
7dc49ded-5e7c-4b3b-bb3f-5e367d11400b,Manager,19
080b4c88-8d8c-4ec3-a5ca-de6a21a65207,Manager,19
a3887e85-fc57-43b2-aadc-9be138392bec,Manager,19
4507f322-5723-4cfc-b261-b2c453deda4b,Worker,13
9dae4b79-b791-4b6e-9591-3aa0c229ae0e,Employee,15
78f4714f-cd13-4629-8c77-9d278afdd4dc,Manager,19
ce4b33e5-e3f2-4efd-8f26-1739a3b00d16,Employee,15
ac964733-a00d-447b-9d09-1be52963c8e8,Worker,13
adc0be43-07c6-422d-b1e6-bb9215770a9a,Manager,19
8a336ea0-d8a2-4aa4-9c85-8e5506ea9411,Assistant_Manger,17
841c4f88-e179-4a77-8c4f-00b8f58eab6a,Assistant_Manger,17
6c334738-51b2-413e-bd22-8cd53f848033,Worker,13
ec1a7c27-58ad-4d37-98cd-28da874ad4ba,Staff,10
df5f82d5-521d-47b3-99dd-bb023804d8c1,Assistant_Manger,17
662e8ffd-3158-462d-9004-d6703764684f,Manager,19
407a497c-fd61-4571-ba50-0da14eebd595,Worker,13
0e9358fb-3843-44b1-b7fc-b8473da7f033,Staff,10
f12144a6-5faf-41b0-9368-709b0d74947b,Employee,15
e6770d4b-5ce2-4e63-af18-195f93de8a66,Staff,10
2dfb46f1-a8a5-4bd3-8596-d2085bf4a6f0,Worker,13
b0bd0c96-4563-499a-b3ee-76d67b98a6cb,Worker,13
2fcce252-2e29-4f7d-99b1-99e6b6f6b827,Assistant_Manger,17
3207931b-be29-4752-9988-3e6a5853aaef,Assistant_Manger,17
a96ab5ec-105f-40fd-87ee-eefb86fd19ef,Manager,19
cd03b1ec-88c2-467c-b6a2-f9bf1cc7fab7,Worker,13
f5a06b96-0bd2-4cd5-b41f-d07bc1815ceb,Employee,15
c01caaba-adde-4de9-8e1e-bb28f3333608,Worker,13
a0ca418f-b349-4d96-ba83-f48ae6a808ef,Employee,15
13acd4a8-5b6b-4c8e-bb46-ba0af2f0816c,Manager,19
b4507f97-7f79-4a95-b17a-7095396cb749,Staff,10
37073518-9bfa-4d37-9a6c-b0badb351c32,Employee,15
53c2b526-5d3b-4e64-a710-c6e03c4e66a4,Manager,19
deb7dac9-ec36-4463-9826-185ed6038881,Worker,13
6dfc1925-1b78-4a58-9141-c8ae925c45aa,Employee,15
7958e648-825b-46b4-85c3-c5ebdc0ed6d8,Staff,10
74b84ecb-2d95-4f08-a1d1-6e32660bc7df,Worker,13
e0e1c496-9c23-46c9-bb9f-5c17d3fbcb27,Employee,15
92510cf1-9a89-47c8-b7d3-e5cc08695089,Staff,10
0e32c692-2f7a-49fb-af1e-57d35624416d,Assistant_Manger,17
b06a8b9e-07ef-4067-82e9-0b650b690391,Assistant_Manger,17
61a3846f-4365-48ed-a539-95b43f2a7887,Manager,19
96d7a67c-d5a7-437f-a278-29d9bf8ae367,Assistant_Manger,17
23d03cd2-520c-47af-b831-632407281f46,Assistant_Manger,17
fbdaa474-af5e-42d1-ab71-8fca22629f92,Worker,13
47f4b086-5d6a-4bb0-8c51-115fa933902e,Employee,15
117c2569-bbae-4f9f-9652-0a949c28e785,Assistant_Manger,17
7187d0c6-4c3d-4332-b2f1-6dbb9a3a9c7b,Manager,19
60b8d358-e2a9-47a7-a8a2-7788179d1d62,Staff,10
c280be41-770c-49b7-a0ac-986e0cdd9f8a,Manager,19
7414fb99-509f-4ddd-8f04-4480cc005d3c,Assistant_Manger,17
0d23a6db-82bf-464f-b2e3-2eea6e221cb2,Employee,15
29680771-8839-40df-84a7-3a10752ba34b,Manager,19
8bb03a5a-3866-4a5c-b425-9e89d3f05bc0,Manager,19
9f7c9193-a0c4-4108-b6e9-72ef60512d9a,Staff,10
4bc9b4fe-ece1-4707-812c-fd25adee938d,Assistant_Manger,17
09453a15-a88e-4252-ab60-72a12fe8d849,Manager,19
7f8d9549-b3f1-4984-b7f8-a9121d174337,Assistant_Manger,17
22fc323c-0fd0-4d28-9268-2af22d193e53,Manager,19
1e5bb72d-9399-4291-a065-c24779757fee,Manager,19
1a4a36db-ccdd-4ccf-a4ff-c78e54333c73,Assistant_Manger,17
bae019b9-5f68-4663-91f7-ff31ef093b90,Staff,10
c97f82da-e7cd-418e-905c-822be524adb6,Worker,13
382dde56-f8fb-4d41-ab11-ed0827355351,Staff,10
830c5ee8-b09f-4907-862f-07f3f25c5d5b,Employee,15
8359e432-af3f-41c0-9f9b-661b2b9c93e1,Worker,13
b1cc1628-905d-4799-8d6d-fbd429de7151,Assistant_Manger,17
ce82d0d4-0b7b-427d-8ea7-5e194386d408,Worker,13
fc33dcee-0629-4b6f-a540-9bfade4429f5,Assistant_Manger,17
26561a9d-dc89-4de7-bc33-6b5641b0e478,Manager,19
f68d7937-32da-4b9d-87c2-5cda55f760d1,Assistant_Manger,17
e475d322-b394-4e74-aff4-212aa21979a3,Assistant_Manger,17
61d54db2-dc4b-4f3a-a233-b81c1fb9a6fd,Employee,15
90a084c6-a4c4-4ad4-bec1-8a34851c2882,Worker,13
4d4e1253-1761-423a-983d-0583f75a86f0,Employee,15
bf418464-5c4b-4712-82a3-7608723da270,Staff,10
06b6f9c9-0c2e-44d2-b739-d3fa8c6cc335,Worker,13
75f7b70f-fb72-4122-8704-05d40e7bccc7,Worker,13
afee2bfb-ab02-4a71-8d7c-f05235896c3b,Manager,19
40652f22-3c11-4470-bfa9-1ade11158e9f,Manager,19
2a506751-43c8-45c4-83b7-9d70b7aa8b8d,Worker,13
b5a855e0-1921-4db6-b5be-81c7cddaa4e9,Staff,10
5a5e77a2-0e5b-427e-b1a5-580c07a257ab,Staff,10
abcf770a-16d7-487a-a4a1-ddda87a1663f,Worker,13
eb0095ed-01be-4052-a7ca-79b277fe0eea,Staff,10
8439bca5-6ff8-42e3-a579-e6642649cf29,Staff,10
1784d9dc-40e6-4644-873c-5cef2c8a6de3,Employee,15
99f4e0a0-7ca5-47d2-a4df-f2c773fd892c,Manager,19
f99b9d78-0d32-48ce-ba9f-8d1e9ffe147a,Staff,10
0c5bce78-568c-49fe-b2e4-0ed94c6fd3e9,Worker,13
4642a588-d92f-4707-8740-ac628a48aaa3,Assistant_Manger,17
769af6f3-add4-4961-9167-621c8f5f1a3c,Manager,19
aaca213d-a620-4e5e-9b4a-16b1a2d332d1,Assistant_Manger,17
a9351afa-65be-4d1b-bcfa-d0489e277baa,Staff,10
d998ccf6-57d1-4fd5-9ff0-10a8a5379d94,Staff,10
8c6bda86-66aa-483b-9f2c-bb919af71e77,Manager,19
9c4c7b3b-cde9-465d-bb0c-e11ff5859543,Worker,13
eefc0a71-3dbd-453a-aea7-b1211b6a2c2e,Worker,13
d7dac7e0-88c0-41b5-bca5-729806949a8e,Manager,19
c76b4a68-6215-4c08-a078-9cac4548688a,Employee,15
7a830deb-af2a-4460-94fc-b3ae7c4372df,Staff,10
f1e1df39-b756-4abe-91c7-2bc8013970df,Worker,13
7f61b132-c163-4395-9a72-ed8a61e9112d,Worker,13
b96370c1-8e3e-4251-9b08-c2d07d22201e,Manager,19
33187f7a-1781-4f99-92df-96d27dbc3671,Staff,10
4f31f8a8-cdee-4a3c-94c8-ddc0d2299bef,Employee,15
9850557c-e5c5-439f-9204-2fc92bead909,Assistant_Manger,17
bac588fe-8b3d-48ca-b464-c3d1c2b226b7,Manager,19
796032de-896d-4eed-bcf2-97b2e44df6e1,Assistant_Manger,17
4fde59e0-aa96-4ba8-b9a7-e0c2535574ff,Employee,15
763f0aa7-1fb6-4364-acfa-d8af985adbb9,Staff,10
5451393c-cac6-44d9-bede-51997c18aafe,Worker,13
77291510-0e31-44a3-b2dd-a8b82b8b8e20,Assistant_Manger,17
8649ebe0-d60b-4066-adb2-e03c8872e79f,Staff,10
6354535a-1562-4ee3-8b8d-471bc7181f93,Manager,19
4588bf1d-b468-47ba-955e-2b55f28e46ab,Worker,13
83c1bcd3-ab95-47f2-b2c7-c0c9e4fbe4fa,Employee,15
f0572ef9-158c-4734-8641-aeb0fdac3ee1,Worker,13
81a30a29-1c05-43ee-bea6-12c05e6571ef,Employee,15
d6a8e88c-e2bc-41f7-a361-a0360f5a4922,Employee,15
1cf92280-d5c7-46bd-8aca-82a47279bf7f,Manager,19
6e173c1b-38a2-46d2-b0b1-6304d5375486,Employee,15
b9670fc8-8297-44d5-9677-f22741613a71,Assistant_Manger,17
e781ea45-63b4-4a76-a0c7-fc4a96a95853,Employee,15
cf4f8f57-461f-4a5a-9e87-39d23602f40f,Assistant_Manger,17
37d6e118-332f-4731-a5b7-3cddbe48a1ce,Manager,19
69258b28-80ff-4d69-b0b4-3a1ffd075b4b,Manager,19
ee73353b-dd5d-468a-8b3e-d49ffd4a3658,Manager,19
19e63751-1c24-4f76-ba83-abb1e393c42b,Staff,10
bfec573d-6d1e-4b8b-b82c-465e4f5dfe64,Staff,10
ba56a85e-8eda-4b07-b1f3-c7d65575a437,Staff,10
1bc1834c-0b03-4b3e-a7ca-4bc3876cc6ac,Worker,13
c87c5c65-9ba1-4dee-b992-e9fb09f9c6ca,Staff,10
cc2ed09f-3cd6-40f2-aba6-84e5af505df7,Staff,10
0d944c4f-e29e-42a7-ba45-e7be53617180,Assistant_Manger,17
fd52fc30-ad39-4ac4-9a5b-ad62c1709fd8,Worker,13
eb4fe8ac-3021-4ad4-be2c-382cc3be060d,Staff,10
7846c3cf-fd7e-4132-9323-c23d95f4218d,Staff,10
e54dd99d-0bda-43f0-8b8d-de450597392e,Staff,10
5d8fd3fc-4a3f-4824-bb1a-f203843a8764,Staff,10
b80d18b1-c2f8-4868-97dc-75ba65e1cce2,Manager,19
91c44588-59e6-4339-92d7-8f8b4b42c132,Staff,10
9019efab-c1e3-4ec8-b74c-1b7a38a9297a,Assistant_Manger,17
c187f76f-5d0e-4ad2-a3af-f7e94cebed5c,Staff,10
bee019fb-23e2-4364-9496-54e0f0065f62,Worker,13
e0c221f8-118a-477f-8e2c-ec2c61792599,Assistant_Manger,17
2f5b288e-89b1-437c-9258-4a23d413bfe4,Staff,10
cca35b81-aa4e-4453-92e0-7298e4504bdf,Assistant_Manger,17
0f94e565-258f-459b-9d89-162b07f25897,Staff,10
07df85ad-ac23-4b50-be36-3b2324dcea31,Employee,15
5b885c19-57a1-4590-b064-898a68888100,Assistant_Manger,17
0da9ff65-445f-4d70-8217-853160cde103,Staff,10
ab7cc6d1-565c-4cc9-9609-406eb19708c4,Worker,13
b8c8cdef-410f-4be7-94a0-16ac32a73371,Employee,15
9e676b3c-35fa-46fe-95f9-60e98c8ab0ca,Assistant_Manger,17
a6f5de52-5c9b-43ae-a232-bbd9df8f9368,Assistant_Manger,17
8487f83a-fdad-454a-abe7-0103947097ab,Staff,10
e06d773a-cd85-41fc-a12a-46fcaf23f3b3,Manager,19
35993ce6-9770-4232-bf04-e9680e09653b,Staff,10
03fbb47b-c435-4757-91af-acbb536945c2,Staff,10
e6265578-b592-4fa3-a2b1-bba377de01f0,Employee,15
c2f6504d-3a32-4a94-8ab0-77c898fc0f52,Assistant_Manger,17
95be034d-5397-4190-a682-aa503c8d7368,Employee,15
867e2440-a129-4de0-b63e-2921c3dd72e0,Worker,13
227cad8e-4289-4bd2-ba7f-6af8394c8f8c,Manager,19
17f3ba82-461e-4635-a068-32ece7e09538,Worker,13
fe9109a0-ffb0-4468-bc96-c99d9e2877c4,Employee,15
2e60f264-f506-4206-9a4f-964bec96597a,Worker,13
3a62f1f5-3c0b-48e0-8573-5179a86ea238,Manager,19
ce6b8edf-c866-4cf6-a120-3d8fb00b121f,Assistant_Manger,17
e75c710b-03ce-407c-893c-99b240441fe3,Employee,15
b90686f2-5f95-487f-b946-8b77cab76a8f,Staff,10
a63e1e4c-ee60-4a66-b5fc-a66daa502698,Worker,13
38bb43d9-c08a-47b0-a44d-d88a69af44cd,Assistant_Manger,17
fe463231-88ac-477c-a415-98a065b8e731,Staff,10
a2aae801-0b66-47e2-ac0f-86b7a0be6f41,Staff,10
643ce712-44bf-4fe8-bf48-6961ab549ef4,Employee,15
9381c8c7-4e75-48c2-a8f7-84e3b486a07b,Manager,19
59d28aff-52f8-4936-9051-be6e880ef484,Worker,13
4eba1223-41ac-401c-a429-71cd9ec72076,Worker,13
3730738e-45b2-4718-b53b-ea8104bbc6b0,Employee,15
095bc82e-432f-42d8-994a-3ae03611b483,Manager,19
cfad43e6-629a-4957-b06e-a5d2a28e5fc9,Staff,10
a889e64c-42b0-43ba-86d4-261a08362f61,Manager,19
622c0c9b-2c6e-4981-b067-9ebe31c188cc,Worker,13
485fd50e-68ff-4cef-8981-f76321a38e90,Worker,13
82c7faae-3588-42e9-aee9-c70c633f50c8,Manager,19
7e184e75-a8ee-46c5-b620-24ab5801b4fa,Employee,15
889e0f16-1235-40d6-b045-0a4d9f39bc55,Staff,10
bbbf482d-7324-4893-b3e3-2a0938710a64,Worker,13
3a9ce079-a885-43f3-babc-a1e94e334d9b,Staff,10
fe6688e4-8b03-419d-bc98-f9b22882d2af,Staff,10
a39285f1-670e-4bc8-bdda-db3fc0ee0de1,Assistant_Manger,17
31297df5-5e6e-4c6a-ba18-b863288c829f,Worker,13
f0debdf5-a69c-4f82-8883-bab3f47db70a,Worker,13
75525fd2-c54d-4a2e-91cd-2a909cd387a6,Staff,10
e6ac421a-5628-4373-a473-9f7c5ff6a457,Worker,13
db3e619c-fba7-4f0f-9ac8-2d5b152badc5,Staff,10
e5cdca77-9c6f-407d-a741-9895aeaf7102,Assistant_Manger,17
b93aa67c-e0bc-4e12-9eef-0081413b203a,Worker,13
89011949-c03d-419d-82e0-e58204082d79,Staff,10
b7e77fa3-c3f7-4112-b6d1-422bb8d7dfcd,Staff,10
9b948a05-6f11-4306-b641-4fb9b46b8bb4,Manager,19
98fbc5dc-07ac-42d3-8455-45d6dd04b737,Manager,19
11befbed-fe58-4476-8a2a-a1ef49f25860,Employee,15
d9cc259f-4c90-4da0-aff8-fe685d702c79,Worker,13
84cb1425-c3f9-48da-8c96-7a34010eb3bd,Staff,10
d9de4e2e-d6d1-471c-9418-76d0ae765202,Employee,15
8e9be0a7-2542-42c8-a6a2-711ed9018254,Employee,15
de3c7a2a-dba4-411b-abda-019c1f6ba15d,Staff,10
25741441-e717-4b43-a9f8-56d011afc9ea,Employee,15
ded7c798-424e-499e-828d-76c341bd2f3d,Employee,15
98d66ba8-9276-4283-96af-87fafac88a21,Worker,13
b481768e-2397-4210-80d6-0b674e5eda12,Employee,15
4d26ae5b-0468-4e0c-bc0d-974b6c6ec45e,Assistant_Manger,17
d6271ef5-e458-4d21-b472-717af69dac5b,Manager,19
7ce015b2-e490-4807-b3d9-35a4a6a21f60,Staff,10
1f3803d7-c8bf-4b14-b680-1e35f345f2a6,Worker,13
73085f2f-fc62-40f0-a86c-8a7acb005434,Worker,13
d61d127f-f239-4d91-82f0-44950913ffd1,Staff,10
0462f388-ed61-492d-b320-490a5156c29e,Worker,13
1636a9bb-4e0e-4899-85af-8b7dd9da7025,Staff,10
8caac53d-cfbc-46f4-bfe3-a605316c54eb,Staff,10
9f26d6d7-31b7-4099-9ef7-9322c4b7717f,Staff,10
11c34a4a-7467-40b7-a840-6be3314a93d1,Worker,13
34cde265-47d6-4ec3-9e38-ace34789545d,Worker,13
89458db6-2a40-4f31-8658-1db169cea1b8,Worker,13
2dd816d5-8507-4fca-976a-9bc91d51cad2,Assistant_Manger,17
88409064-e3ae-40d2-beeb-362bd9d83b02,Staff,10
a79bc896-afec-4f84-b0f3-1cd1ddd5327b,Worker,13
ccea90c7-50e6-4e86-bf7d-e94bf722f0c5,Employee,15
5aa073a4-10f1-4294-90c1-b47527fed447,Employee,15
fadb7971-6d6f-46d1-a370-e443a28cb4f2,Manager,19
b4b44c81-c55b-4324-aeeb-74c2db5d17e3,Employee,15
79fdd86c-6618-4b5a-9069-7a021d6b764a,Manager,19
031297fb-23e8-4a89-a69d-bbd7ad7a2a59,Assistant_Manger,17
e6811a37-528a-452e-bc2a-1c4b878ed89d,Assistant_Manger,17
01fa0d82-0c99-4c61-8625-07cfc64b0f21,Manager,19
fefa1df5-20b6-46fa-b00e-22b94c800261,Employee,15
e91c970d-cef7-4eeb-af03-b7280fa1a9c9,Manager,19
52d622e6-fcdc-4477-9e08-10a61d58b1cb,Staff,10
fea8150d-ecce-4de0-9790-b80122be8b39,Manager,19
0129fdd4-04e3-4d6e-8aa2-067e2da89614,Employee,15
6b7cc7c1-f1da-48e1-ba10-1e5f41f65d81,Worker,13
9248a21e-eea1-4f6d-9b24-36b7d799d513,Worker,13
a63a2217-707a-4d70-98f1-fc050555040d,Staff,10
b459d173-ef2a-4119-ba3c-d2287c0e312e,Staff,10
ca648d60-8636-4105-926d-87ad2eca9d71,Assistant_Manger,17
b90aff54-0eb7-4cf5-bd0f-5363ab632891,Employee,15
9906734b-7bdd-4e5e-bf06-cad7a37954d6,Assistant_Manger,17
c6aaf9b1-8899-47f4-a2ee-fa03ea0f040d,Employee,15
685ee1ef-1a2b-423c-ba8f-51d331cbbe01,Assistant_Manger,17
6d31261c-9fe5-4629-8588-f659f66bd452,Manager,19
31dc0e54-be4a-4be4-a14a-f9c7a2e050ab,Worker,13
a042d873-2c2e-4869-ba02-a2e3d4c32aa5,Assistant_Manger,17
1beffc13-a35b-4ced-b9d9-d16c08190fd0,Employee,15
07279696-ccda-4aa9-84c4-1dc46a28a087,Worker,13
ec13aa1b-b2e2-4c30-943d-9d357fab0096,Employee,15
cddf8b39-076b-4a71-b363-a21625d90b0e,Employee,15
5e18477c-16da-4a8c-b212-20c266d7166d,Manager,19
39ac5d2d-d314-4c31-9fbd-d726826cea02,Assistant_Manger,17
1fc495cc-2042-40f1-9ae6-d2d7d6358717,Worker,13
5c7d1723-e6b7-4132-8533-51618fcca9dc,Employee,15
4bdd181e-677b-464e-9c82-c5e82f99ec65,Assistant_Manger,17
127fad1c-18bf-49cd-8f44-790934e85992,Manager,19
71df45a6-9151-4633-b610-3128f276549d,Manager,19
d658d8b8-764a-484f-971d-ffa0cb8c681b,Worker,13
ad64296b-e1cd-4a5a-9a5a-eeb1c5be9c4c,Employee,15
5804e20a-f1e2-436a-b988-0263dbd179d5,Employee,15
a8eb388c-5bed-457c-9b34-b867ea49b0d4,Employee,15
446b6782-5ccc-496b-bdb9-19d7e4808b0b,Worker,13
d97ad22f-3f44-48d7-91dc-e3ea78a4ceac,Manager,19
bc7e5275-f647-40f3-a2cd-51edaae01c46,Staff,10
217da9f2-2931-4ed3-a891-5d10b58afe37,Manager,19
316c1325-e666-45f3-aeff-300ed9a9a8a8,Manager,19
eeae2632-fbef-49b3-bacc-538a814b6c8f,Staff,10
fbe858bb-c878-462b-9728-6f3f35a2ddb4,Staff,10
8758051a-258e-4602-8a6f-467d3d7d36af,Assistant_Manger,17
b6ad4128-81f5-4df4-b5e1-c69e74ffc8b2,Employee,15
c7f336c2-af85-4949-8232-de3293b03f36,Assistant_Manger,17
7c2986a0-4e4e-4f56-9182-00402299420a,Manager,19
c6cc93fc-2752-4f8e-884b-85c7661f36e4,Staff,10
8865956e-9d43-4809-98a8-49dfb0af8d99,Manager,19
952d1c3f-e666-4232-9949-8b025d2d8201,Staff,10
d2d6333f-3cf8-4552-888f-19bb3a9fcdca,Staff,10
a115471a-dfa2-4d91-b724-1849c051fa76,Worker,13
5399056f-4cdb-4c0c-8de1-fa2afdb7d7fb,Manager,19
d8cc0260-82dc-4849-8abe-048d14d15f6b,Manager,19
7a988ede-8a19-45bb-a5fa-01b9f579be0a,Employee,15
4d1d1044-fcc8-45e8-b0a2-44cfc7ded3b2,Staff,10
d2a12a98-3677-457f-8e72-b9916c33be8a,Worker,13
5cd8c4f8-0ef1-4a31-8eae-afb2709abe00,Worker,13
fa46ee95-134c-46a8-a995-a8e75bbec198,Assistant_Manger,17
ec57f158-0151-46ec-89b3-962a9e89086a,Assistant_Manger,17
7ba05450-7e55-44d6-9f95-c274a163001a,Worker,13
8ce78993-e2d3-47e8-a2e0-b46be0cf2fcb,Employee,15
9cd3c538-a127-4064-bdc0-565954fe2bf1,Worker,13
f58867f5-e718-4217-a451-b1fb08e624e2,Worker,13
8281809e-0b2e-46e2-9b7f-5bad18b20acd,Manager,19
0c3bad16-d4f0-4ba1-8dd2-cc70dd5256bf,Manager,19
f2d22647-9f40-4ba9-96f3-7cac8780729b,Assistant_Manger,17
a8a820c0-8413-41d7-9343-eb63432a903c,Assistant_Manger,17
85322ab7-ff1c-440c-abe9-54ed7c7682bb,Manager,19
9aacb0ef-8067-47fa-8e27-66bb157beea6,Worker,13
06cdd276-7c01-4505-984f-5fbd186d5989,Worker,13
330b0217-ff46-4410-bbbd-9d833b11ea3c,Assistant_Manger,17
c8f5af5f-b630-4abc-bb15-84e70827b75e,Staff,10
24d91a8f-3a36-4582-bb5c-02b58bbd22b9,Employee,15
92ec5550-6dd1-4a6b-878b-28b3ba08e602,Assistant_Manger,17
f37e3c29-f31a-4a82-809d-b969fe275b5b,Employee,15
49720732-4f39-4eaa-ad71-a7366a53ee8f,Manager,19
d520c534-e3fc-4a8a-9c65-867367ff54ff,Manager,19
35c05387-43f7-430a-bc8a-567c05e399c6,Assistant_Manger,17
654835d8-78c2-4bce-9849-b3b647a751fa,Manager,19
0e90a76c-48ed-4f96-b192-412df1391528,Staff,10
2b763c27-7199-4da2-b31e-b65cc8ac6251,Staff,10
e7f7d17e-103f-4c46-98bf-ad6d2debf7b8,Worker,13
90069fe6-5736-4146-80fb-a9081ec285f1,Worker,13
24a7917a-442e-42a2-8611-58eedef4d305,Staff,10
a30fdd38-ebc0-4bf7-8023-ed516c5c6cc6,Manager,19
a1e13b18-fd4e-42c5-b8dd-fe9b486cdd11,Worker,13
289514af-db86-4747-811c-b732dc3b41d9,Assistant_Manger,17
778c9cac-d205-4d8e-90d7-36c506588e14,Assistant_Manger,17
65a1ea0b-af98-455d-8076-a6d832654c59,Manager,19
b6ef9217-67f9-4ce4-a232-98e002165068,Assistant_Manger,17
d8ddc5ae-9163-467d-8046-ca868e59b4ed,Staff,10
b5960968-454b-460d-a67a-76934dd1a151,Employee,15
e2823fb0-b35b-4001-92f2-2462fea9d2dd,Employee,15
8f414cd7-82c0-42a1-b12c-64c1e8161f5a,Manager,19
6a60861d-9ad6-456e-9195-6a87875d8cb6,Assistant_Manger,17
f378df9c-569b-496c-a141-f947463cbec7,Manager,19
8a527d5a-1e9a-4135-9b9c-91c9ca2a6f45,Staff,10
a63d1738-9e33-4a9c-b419-f5b98761264f,Worker,13
7857d13c-5215-4d89-bee6-ab88be630bb8,Assistant_Manger,17
e4fe2517-0a41-49ff-b96b-775537637cc7,Assistant_Manger,17
082eaa41-336b-4fe8-aae1-e0f3eaed350f,Manager,19
e1cc3da7-2630-47fd-9202-657700b22ca7,Employee,15
bd7d1cc1-96c7-4a28-ae77-e9baecaca15a,Assistant_Manger,17
354ee983-ca64-4b3b-9bb1-74d973e91d7a,Staff,10
90092587-ab7b-46fa-a2af-3f9be67fa793,Assistant_Manger,17
2a385182-9442-40b9-a6a9-8da5ee329b8f,Manager,19
c33d1d1d-eb07-46e1-b724-26705ba639f8,Worker,13
7d19f927-b5c7-44ba-800f-9965303accd7,Staff,10
6123ce4f-7898-4643-8a6b-d2ed1df096bf,Worker,13
8d6b5205-d1cc-4c98-a0d7-1be02e5bb03d,Worker,13
c50ed42e-0fac-4eba-ae71-56e4d5f6f429,Manager,19
dc07fff5-b65a-4625-aad7-ae945c972eb4,Employee,15
09055a51-07de-49d9-8364-44b41c74f155,Worker,13
fc5859d9-e94e-4fa5-bd0e-827af235edbd,Employee,15
da189ca7-ae4a-4414-8762-2bf3fa7d9742,Staff,10
fd788fd4-3441-43ca-b220-c0d86bfb1392,Worker,13
3fa1974c-6072-4a79-bfb0-5d71b01c8c4d,Manager,19
e1047dcf-016c-4879-b426-243090b40ca7,Assistant_Manger,17
56e926e6-aa1d-4d3c-8461-6af4a78c2d23,Employee,15
3cc9b305-ac3a-4b9d-9b3a-ba2c37c679a1,Employee,15
4d1cacd3-5e8b-4cc2-aa1b-0bf3a7bd54be,Assistant_Manger,17
2f6069a4-5135-4948-aed8-24be30dfab5a,Staff,10
e3e6dd80-e305-44b8-a001-2718ce5a7c73,Manager,19
22e1cd7d-b11f-43a1-8fbe-50ed607d6bf8,Manager,19
881e5015-0fdc-4381-90af-ef159e19ecb3,Employee,15
98ce9501-654c-472c-918f-f34d019d0778,Assistant_Manger,17
873c25b3-12dc-4843-9ff5-fc2ec7f619e5,Employee,15
e19eae45-9d59-4c7c-95b4-b077e538232b,Worker,13
b4d0f6d5-ab74-4af1-868d-7047fb7a309f,Employee,15
1f821502-4372-4afc-a7c8-027dd4b77c5c,Manager,19
10cdd0c3-75ac-4486-b70a-c16aa7921c09,Assistant_Manger,17
090ec146-6690-4b84-96ab-ba27f4bf1d5d,Manager,19
4f817c7f-872d-40cd-8862-99196f3b483f,Staff,10
02b30180-0d5c-4ee5-8ea2-b10088477c30,Employee,15
3a6c26d8-4ad1-4da2-86cf-b1a6b2149ac8,Assistant_Manger,17
a1328aad-6656-43a4-9642-8c330b045871,Assistant_Manger,17
ebf75c63-6527-434b-9684-62ca9c9aa71d,Manager,19
814ca1b7-6638-4d78-99b6-37d4e20d61ab,Employee,15
ca11ecde-9c95-4178-a8b5-90613f0b3618,Manager,19
357bf023-0e37-4877-a499-76a40fc09edb,Staff,10
529157f0-f57b-4462-9c2e-defcd6362013,Worker,13
094e74bc-3309-4a8b-bb5f-0495b57249b6,Assistant_Manger,17
22ed0938-83a5-4750-ac4e-36ba12462936,Assistant_Manger,17
bbd4a607-c943-4b01-8ae7-28531fd158d6,Assistant_Manger,17
a4c8ea23-a2ef-4335-8139-5c3ab04c29a5,Staff,10
5e459888-9488-4dba-b909-438e77501d6f,Staff,10
f09c55db-b7cf-46fe-a23f-be61320d3c5c,Worker,13
db560ef0-ba14-4dfd-88f2-4dda969484a2,Employee,15
704b626e-3393-4bc2-a4bd-fed7a3bdf62c,Employee,15
caa66611-e5a2-4372-bff5-588cbe2e8127,Employee,15
4df83bbc-91c3-47c3-8973-0c2b18ec096b,Employee,15
c67f73c1-1dad-4903-ac42-a5029386f193,Employee,15
ee2cb3a4-64eb-425d-982f-72322c9795dd,Manager,19
adceaaa0-9c3b-412b-8373-294145fbf923,Staff,10
826a5a83-3826-4b62-b0a8-0ebf9082abca,Employee,15
72c6cc3c-7f68-4b36-ab7c-93fbce933a01,Manager,19
5b74ce8e-c99b-4cf8-8bac-0d29c231e514,Assistant_Manger,17
de671b7c-d096-44c6-990a-6729335d34eb,Staff,10
a3be33e5-9f0c-47f3-a716-e90259063eb8,Worker,13
ac2c3058-7f77-48aa-b27e-e974cc8b1323,Manager,19
de63dcd8-d4df-43ba-b443-ec4205c5014b,Assistant_Manger,17
afc643a0-16eb-413a-bb4f-c00b4f383485,Employee,15
6c43c318-6ac8-4d4c-ac83-abc3f9d7c9cd,Manager,19
2df0aefc-88fc-4f64-8010-97fa1d8c58c3,Employee,15
58540e23-e048-4132-bc3d-cda50b9863af,Staff,10
6ca416f8-7efa-4d9a-aab5-0670e1e44e2b,Manager,19
743f95a0-dbdb-4264-a08d-0358006a6112,Worker,13
2556cfa6-5664-4d0c-9240-9a4f989164af,Staff,10
fea5a845-7e1c-44b9-8c55-c66281b8d6e4,Staff,10
966d0b13-e353-49ab-ab14-9ce4fe5ba97c,Assistant_Manger,17
b2ad0e94-0040-40a7-b84d-682825bb04e9,Manager,19
035d75c6-6e30-4d17-b054-8658fc249df1,Manager,19
616cfc54-f34b-4ed1-8875-bbf2be3767a1,Staff,10
346555d8-e052-4d3c-867e-70ff71be6fc1,Staff,10
9d2d44ce-c6a2-4546-ba0b-56520633f198,Worker,13
acaa63f2-7a09-431e-b151-ecf9553061c6,Assistant_Manger,17
bdb385df-faad-42be-b66d-0003d826a473,Manager,19
ddf0ec33-874b-436a-a74f-21c5da2365cf,Assistant_Manger,17
c997ecfd-63ed-4724-99d3-5ea29e8ca6f3,Employee,15
9077064b-627c-4460-a5d4-1043bd60857d,Staff,10
813afd05-0a2c-46e2-a9d3-a8b6dba110c0,Staff,10
7abab624-7d0c-498a-a645-109ee069b4a4,Worker,13
1523a007-61b5-4c6d-8a8b-cbcd35ce3871,Employee,15
ebc0322a-6f4c-4a01-9e37-891c84fe0ab4,Worker,13
543df7b0-0dc7-45a9-8e7d-0491d67975eb,Manager,19
64475228-cea4-454d-9f68-b18883cdb895,Staff,10
6664527a-1231-48d1-8717-df35fb59254f,Manager,19
700feda6-30eb-4734-9a05-4523839db7c4,Assistant_Manger,17
fd03dfbe-8206-44f6-9b37-541f5fbcb580,Manager,19
f85fcfab-9718-4a57-99df-d732ce30926e,Assistant_Manger,17
9d9703a2-628b-4fb1-89b3-cecc5fdcebcc,Employee,15
a1d979f4-27a2-45ba-a5d5-86de0f402b81,Staff,10
70bef814-8410-4c3b-af9f-dd13b6952372,Employee,15
b867f72c-9e74-4161-b3dc-8a86270749b3,Manager,19
ce5a5701-d4aa-4a62-a235-927960baa7cf,Manager,19
02fe136c-0070-4de3-b176-19bc0f0f6f36,Staff,10
87154612-c186-41db-9d5e-cb05a404546a,Assistant_Manger,17
12f38b14-34f2-4a69-9089-4f4fd1af3e17,Staff,10
ca527171-6350-428b-be11-06feaf2fe755,Worker,13
d2e428d1-a2c5-412a-a109-74b7920bba2d,Assistant_Manger,17
13b4ee21-108d-4c86-9a22-622c3f2638e3,Assistant_Manger,17
165ac213-38f6-4946-b05c-76cc9556f964,Employee,15
0ebedd2f-41c1-4e4a-b5bf-4a1f062272ff,Worker,13
d2094669-9998-4882-83d1-04a0e51408bf,Employee,15
e0715e2e-0a07-41fb-bd99-4420aa0f6d93,Worker,13
48025792-b829-44d4-87ce-29ae46573c9e,Employee,15
ecb68c5f-7f87-43cf-a983-f658e3c29648,Manager,19
381c6a7c-2008-41b6-9d17-e5260d12c378,Staff,10
7659c831-cd10-4037-bff9-80c4caded7bd,Manager,19
b3c83fdd-ea44-4445-9a4c-f3f9a7003cce,Worker,13
31a271fc-936a-4522-b77b-61a33c4cb555,Worker,13
923b037b-551c-4ce1-898a-46e98d172159,Manager,19
aeb1e4f9-0da6-4b1a-aed8-5bc64b721a10,Assistant_Manger,17
68878547-9003-4eee-8c40-3fbf305fe442,Manager,19
601066d0-0aaa-48ae-84ce-132de5c37cc5,Worker,13
dd870d85-bb74-4b17-837a-80d2fbaea4f3,Manager,19
ec696cff-03ed-49be-956b-5e50f59a2085,Manager,19
477dcc61-7113-4a56-bb22-a12088cdb7a3,Assistant_Manger,17
62b0d462-6596-471d-bea0-88692c796504,Staff,10
29027473-c22d-4138-a71c-ce5c8537c38e,Manager,19
0fbb8875-44c2-4253-a843-b34b890bd805,Worker,13
de2bcb2f-5dfa-42f4-bb47-46f9895169a8,Assistant_Manger,17
ca3a7c50-61a8-4c20-af62-d5cd6e18d19d,Employee,15
73a1c539-ecdd-48a4-8c2f-7cbbbe359a70,Employee,15
bfb5867e-989a-45f0-8ce6-2b4fca8cd88b,Staff,10
f2614f02-10f4-4914-b50a-6f4503e5eb8b,Assistant_Manger,17
5822a42b-39e0-40db-8326-ef6a325f7364,Manager,19
2a24bc8e-1236-494f-a8ad-9c3c68bd6339,Manager,19
dc887fb8-9b5f-4795-a14f-7310bf196e75,Employee,15
ae3ab3d1-ddd2-428e-9451-60b2ab1f8424,Worker,13
a07ddb8e-3b42-42a2-bd2e-363b7bd29273,Manager,19
517570fd-9b4b-4f12-acdf-4e1f93387094,Assistant_Manger,17
267e982d-494e-4f7d-b241-91083f379892,Assistant_Manger,17
7c48194d-a998-484e-bdc1-e38e023b7287,Worker,13
d6a070f9-5009-438f-b7d3-b7438d046175,Assistant_Manger,17
5c2a8946-80c7-4527-b414-64b28bb5ae3a,Worker,13
1a44e081-4dd8-4061-b058-34e8e30a1f12,Worker,13
a51507e8-43d2-4f1b-bbb8-c21576afa359,Staff,10
1a4fcb71-e277-46da-ab46-a7c270faf461,Worker,13
bd4598e0-4a3e-4d54-941a-cdfe996ff0ad,Worker,13
07b9065d-81c1-4fe8-8fda-2adbfc789e91,Worker,13
33ea212d-38c6-4949-b519-e2aba67c07be,Employee,15
4abd0a3b-8738-4a2a-9cb3-0f5fc9f5ff3e,Assistant_Manger,17
0f1d0d79-8595-4790-8258-aeaec503654f,Assistant_Manger,17
5597ccf4-ec14-452c-9b35-029555611c9d,Worker,13
dfd0d841-f488-459d-bbff-fdcf27f662a6,Manager,19
181f861f-3187-4962-8505-6e9737017b2e,Staff,10
82ef9510-1fda-4845-9d5f-de0b7e28a892,Manager,19
550e4bd1-d50c-4d1c-ac9c-1856dc22fda7,Manager,19
0729a76d-7d5d-43bc-a995-c22022f9c1c7,Staff,10
29f333da-c2bc-48fd-9d84-cf1ae4ea2a40,Worker,13
a3854336-e920-4f95-b549-b737acbde898,Staff,10
f7a902f7-4339-4214-8a25-e4548e166d29,Manager,19
76a03c66-fbf1-470e-97f3-6e216272aa25,Assistant_Manger,17
a8256f95-fe52-4553-95ae-82778826cad2,Worker,13
e1af4e36-c899-4589-b2ac-f9412868f8ff,Employee,15
fc07ab80-6194-4a73-9eaa-96f111f7b263,Worker,13
792e5951-2a6f-46da-88cf-dce43e446e3c,Worker,13
aea3101d-89d3-4c32-b82c-1aea3d0da2f6,Staff,10
b05c650e-c0c4-4978-bb31-678b75938fa5,Manager,19
196c902a-bb70-4d61-bb81-bd1d7f6711d2,Staff,10
51430da0-9268-4cef-b0f0-659d0087e43a,Staff,10
c69de686-dc73-4882-8ed7-1f64dd65b5f5,Staff,10
8215037f-54ed-42a4-b7c4-8abadffaabc3,Assistant_Manger,17
a2c1efe2-f9ed-4455-a963-867f1466afa2,Assistant_Manger,17
b69ba75c-f2fe-40c7-916b-a14941f0db0b,Manager,19
e8e0b9ff-f608-4147-8dee-ce6e65262f65,Worker,13
c433955d-52d9-43a6-a879-cbacdcea4d57,Worker,13
d6c63743-c7a5-48a7-9ce3-26821cd5a238,Assistant_Manger,17
24076eea-fd4b-40ad-bbf9-c786a879d57d,Staff,10
e32cded1-f250-44b0-8ba7-f9900547f6e4,Worker,13
c3fc30a1-cf8b-44da-958b-fd4d0043f0cd,Employee,15
d2da6a6f-5cb9-4c34-a279-7d8bd8b71cae,Worker,13
bc06b58a-e00a-491e-8c1c-4a37e3cd7f4f,Employee,15
1562384a-23d8-4a54-a0e5-4bea547cc139,Manager,19
ce12fe66-d633-4bd0-96e5-6667056dbb7e,Staff,10
f80706ae-0b29-476f-ac85-2394e2c06954,Employee,15
c6335758-d493-41eb-ab66-0daca8effc5a,Manager,19
e7f70a33-e1c9-42e9-a080-b42a01ee0014,Manager,19
ffdea5c9-e3bd-4d46-ab7a-54e669108a01,Worker,13
85bc560e-c3d2-43fe-910b-fe3999b0eaf1,Employee,15
6c61b761-60c4-48d3-bb10-9cccb4c190e1,Staff,10
e5cd46d9-0bc9-417e-baa4-de5e5e3a1623,Manager,19
e91ae700-5a65-49cd-a145-757f1d17252f,Assistant_Manger,17
fc355c20-4d6f-4c6d-a05a-4e1f14b93aff,Worker,13
1c63c33f-59c0-4e71-b292-b816d8a08b90,Worker,13
f9d29818-c964-4334-8505-f621af3ef621,Manager,19
e45fe01a-37c1-46dc-8a39-107dcd99e59b,Worker,13
2619f8c5-958a-4a74-89db-4c3c18300816,Worker,13
eae04657-8f85-4462-adab-971e553b402f,Staff,10
3cc5bf80-3f17-42bc-9edb-c14f4401d2d6,Assistant_Manger,17
e30b165a-ff78-491f-89f8-aab418ff7206,Assistant_Manger,17
5a2dfa87-6f26-4b09-a58a-1610a86f8c4f,Staff,10
4d2f34c0-9bfd-4d86-8bd3-c13be3b197bb,Worker,13
f2e7ecab-9007-4235-bb36-7e256647be8a,Employee,15
1cc5dca1-e3f7-47d3-8f2f-5a1727588222,Assistant_Manger,17
44515646-edf4-4790-af2e-11bb45ac5c70,Worker,13
1be3d935-87bc-4c5c-9c26-b502b3f3224b,Assistant_Manger,17
c7461697-bd60-4a1a-b2cd-e4b73537270d,Employee,15
c3063846-4482-48c7-9ac1-b2e3e24ecbe7,Manager,19
aee8a865-546f-4d79-9b2c-8d86260c6c58,Manager,19
e54c5fab-ceff-4a75-8918-38d2b1f13401,Employee,15
3f753570-cb70-4897-8c12-228f712850c8,Employee,15
e323f6ef-df3a-4960-b5ad-c3a9892d54fb,Manager,19
32b1f8be-575e-4432-9801-eb800cf577df,Assistant_Manger,17
be3fc791-98b4-46b2-913d-c9278f412359,Worker,13
8a86c543-d292-4c06-a470-adaa96d58b89,Employee,15
863fd211-9bf9-4c9a-9f60-d5c33b0962ed,Worker,13
444c523f-bd5e-4c63-bbcf-8923f88af5d6,Worker,13
b389da27-e628-4448-b15b-cb95fa351a88,Assistant_Manger,17
80d7b54c-7e9a-4884-934b-acf032fd93bf,Employee,15
7a10ba1b-97a6-48a2-889a-36b11da1c887,Staff,10
60229bb9-c541-4e43-90ba-ca4a8ba290d8,Employee,15
7fd7a52d-3913-4ff9-b9df-47ecbceba9fe,Assistant_Manger,17
277e3a9c-e7af-40b3-8d2b-9fbe15bb18eb,Manager,19
ff531d2a-0981-4b51-b75a-5a397829063d,Staff,10
90045ee7-b673-4160-ad18-1d353967072e,Employee,15
d03f4ad0-f0fe-42ee-84ba-17ec3582e6e6,Assistant_Manger,17
8ee99e72-08e6-41ad-82e7-dc6d689047bc,Assistant_Manger,17
9238dc8a-5265-4011-af8b-4ad77b1e725c,Manager,19
5b20b660-dd74-437c-ba51-e89c398ee3ab,Staff,10
617178f4-5518-485b-9db1-6fc85a6efba0,Staff,10
657cdd47-53c1-4914-9295-4e707b60c039,Staff,10
b30c65d7-c81d-461e-af82-70909c2fc124,Staff,10
3fb5fa8b-56bb-45f7-ae47-5aabdc05ae5e,Assistant_Manger,17
b996c9f7-cd7c-4bd8-b02f-235c1a648899,Employee,15
39d40c90-0927-49fc-a8fb-4711cefae9f2,Worker,13
38759eef-af83-4680-a189-70684bba148e,Worker,13
2bd1eb80-82cf-4f92-9ac1-f53794984ab3,Employee,15
0502c28a-a3be-4f78-8c79-b1d03ddca4a5,Staff,10
c3d6e13f-f3d7-4375-abc8-eadb7d855fff,Worker,13
d09f5e5c-700d-44b8-beef-37d656a09110,Employee,15
82e72625-4c94-48e3-9a05-f242bc9b4a87,Employee,15
5177b99c-6253-4320-8853-1e0434a3bd01,Staff,10
ff525bd5-7268-4b98-9f56-1e49d32e48eb,Manager,19
7a40a6f5-f58e-4704-bb5f-6968ee2f94a1,Manager,19
a5a82def-ca5f-49c3-bca7-4d8615859afc,Assistant_Manger,17
9422764a-64c3-43fc-aa54-55351dd48989,Manager,19
3d2a5740-3f2b-4faa-8758-94cf762189a9,Staff,10
86d25ca2-6f2e-4df5-a77a-210b697369f3,Worker,13
35105fa0-c28d-4f1f-96db-32e56b9ea47d,Staff,10
46d5ed43-fd2a-4a37-b524-4201d847536d,Staff,10
3312b026-e1de-4fd4-af14-d15e02a8a03e,Employee,15
e6dbc56c-015f-49ef-b468-addb37cecfe0,Employee,15
dd7b5c6e-d3f7-4889-8670-89e8ad69d8bb,Assistant_Manger,17
d2e6ec78-dc3c-44a2-9269-aef30bc4afb8,Employee,15
20058775-eefc-4e1b-917c-48c61c59e1e7,Manager,19
4db189d4-56a9-43a1-8d71-11aa193bb68f,Manager,19
694f1d73-99bf-48ca-9236-6de79461c09b,Assistant_Manger,17
11fea6e3-9afb-489f-bdb6-1af0c3edf1b0,Manager,19
462ea63d-320b-47ab-ab64-4857b7ad11a0,Assistant_Manger,17
cb2f11a5-fa2d-48ad-9020-37fd2924ca1f,Manager,19
cca9b8ed-d250-44e0-90c1-1494de729e48,Worker,13
65585a60-1d7f-40f5-90a9-edca4671acba,Manager,19
b1cac0cd-fa18-49f6-9a18-fd60fae17a97,Manager,19
6d101d88-3cbd-4821-a132-3f1bad5ef534,Employee,15
1a4d0c7d-4618-407a-aecb-62c7b655bacd,Manager,19
31256b09-198e-44af-8b58-62b276fa44d3,Worker,13
bddd4c80-cd9d-496e-a2d8-58ee706f1b83,Assistant_Manger,17
ad8f0d28-9e0f-4846-9d95-2916366531c4,Staff,10
c073972e-e935-4945-a80e-7eeba7fe996f,Staff,10
c4cdcc85-dc2c-4edd-8bfc-4ad71dec05fb,Employee,15
0e241b0a-4686-4721-8984-6180c7690439,Worker,13
f9e5e315-308b-4185-9560-187dd28b9147,Employee,15
c83d9c3b-7f4c-4a02-b57f-129b129211a1,Worker,13
0b7faf2a-4bad-4ea9-a560-844c4b552cff,Manager,19
62ee2db4-348b-4eed-a41d-20307bb91c82,Assistant_Manger,17
519e3adf-1ffa-41f0-8acf-8a7a7addd84e,Staff,10
eb0d0880-45a2-4d73-b2b2-1eac37e0abb4,Assistant_Manger,17
081c9538-a782-4fd1-ba1a-75580b669cd0,Worker,13
302023a2-5451-4f64-b16d-71e014b7ab03,Manager,19
2fedff3f-c693-414e-9ce3-fc59f207a882,Staff,10
6bbfeb6d-35d4-4fe5-bd30-ccd1da07605b,Staff,10
49c6b326-3ba5-45e8-8456-c321b409bf59,Staff,10
6629d3ed-9c14-4cf5-a9bc-0cee33b213e2,Manager,19
4f3d405e-25ba-4d57-bd90-db3a975807e7,Manager,19
35f36f0e-e6d1-463b-a76b-057cbe538c60,Staff,10
3258de55-f141-4291-abf3-4703dcf38d32,Worker,13
c76c7b70-20e6-4e23-a8dc-78190da2251f,Staff,10
08af23cf-042c-4b72-b0e3-e2609b44c93a,Manager,19
55453537-557a-49f0-8176-04474e1d202e,Assistant_Manger,17
4a525613-4061-462b-b092-c7688fe5a3ea,Staff,10
c432455d-d300-4897-a897-e260d22c75ce,Assistant_Manger,17
42394c91-eb9d-4b26-b8ce-a1098cd4d97b,Employee,15
df331fbb-c83b-448b-8afb-193bcf09d9d3,Worker,13
15750166-064a-4f82-b75c-12db5680ccfb,Staff,10
3900c149-f070-423c-8769-656cfa8f6c74,Staff,10
36032803-2bbf-46c4-99ba-f50e758c048f,Staff,10
46e06b44-fdcf-48ca-a3b5-d0da11a0b3b9,Worker,13
fdcdc39d-b640-4ef2-bf7f-3786bcd0822f,Employee,15
915dcf21-80bf-4876-adb0-ce3a5f77d885,Worker,13
9658f372-9071-458d-b9c7-8c59d41ec323,Employee,15
f1afb5a2-1c5d-488e-868d-77a63ab1f09d,Worker,13
094f1bcf-b62a-4932-b9f3-b8b4579910c8,Staff,10
505bc2d8-d18a-443e-80c6-3d0ae959fde3,Staff,10
58637036-958a-4c91-bdec-b17745317a7d,Employee,15
efb2530c-eeb9-4fc7-8a63-3b1107d167dc,Staff,10
ec66e127-5ca2-4399-bfdb-4c40119132d4,Assistant_Manger,17
2350eaf3-fb8e-4dad-b98b-3a7e9f3cfa8a,Staff,10
50670d2d-0c2c-47c6-8dc1-b88ed73b72eb,Manager,19
d1a3ead2-0bbb-42aa-86e2-2bdeb24a2430,Employee,15
7a43ec77-63af-4efd-9459-5e7ece90d44a,Worker,13
07da71da-3158-44df-94be-60489a79f281,Assistant_Manger,17
5b04c1d3-df76-4c60-b0dc-3c8565a1b1e7,Manager,19
a63dfe72-a963-46ec-bed3-beeb3848ea32,Worker,13
03d94ef8-5c09-4198-93df-a40f3ffbc41f,Manager,19
887a2be8-6840-4176-b97d-43a658c54dc6,Assistant_Manger,17
d8ba896b-0112-4f65-91f2-0bfeef89c95f,Manager,19
e511248b-6a6a-4889-ab5b-af13c568eabd,Manager,19
d29991ac-ec35-4e59-83a7-4fff5050deee,Assistant_Manger,17
51526c84-2a14-463c-bb9f-693c9eaeefbd,Employee,15
42555fa1-b70f-4b42-864e-da72822924e2,Manager,19
d83757ba-8225-413a-b46f-2b692e1bbc5b,Staff,10
544db60d-af65-4407-bde0-0f6db8008e2f,Worker,13
55465fc5-cfea-4617-989c-7da053b2e44b,Manager,19
1a1d323d-252a-47cb-b875-e8e1f824b1f1,Assistant_Manger,17
f3ef0f79-0626-436b-a403-34a6e558846d,Assistant_Manger,17
99f871b3-1086-4db2-94fe-468d972fdfe1,Assistant_Manger,17
2bce3619-5358-4114-8669-0b2cc3bd95d9,Worker,13
1f00a42e-03aa-4824-9759-eef4e40e00b1,Manager,19
4fe98ed0-af9a-4b0a-a06f-5dc5f52db36f,Manager,19
342ffcec-191f-4aaf-a2ff-4eca9115f89b,Employee,15
a1c05952-032c-418d-9de6-e872cc98ff77,Staff,10
223a5043-16de-4161-878c-929c921fd6e1,Employee,15
4b82c907-ab95-41df-a568-37edec96b001,Assistant_Manger,17
beb5e030-90d5-4025-ab9a-7131e41ce075,Employee,15
7664428c-357e-4323-913d-5c79bcaa3568,Staff,10
fc814bbf-a0f6-41c2-a240-f1984acbc585,Worker,13
b4cd73a7-4611-47cb-8389-1c98cc6fab75,Employee,15
feef47bc-8754-4da4-93a2-90a02a06718a,Worker,13
bb36e4b0-ef47-4242-93df-2afdb0dc06b9,Staff,10
597433d9-dbbe-4550-a333-d3e8f5f3ac52,Manager,19
5f6b787a-48c1-4f35-ad52-52f903e1e3f4,Manager,19
b82fbf20-90af-4142-883b-81e0f391bc17,Staff,10
1bc8d84f-bfd8-4863-ba45-98c7020dbedd,Assistant_Manger,17
35b90bbc-f3ac-4469-86ef-e6dc08880948,Employee,15
57e1b3ef-87e1-49a5-b04d-fcaa277a3f24,Employee,15
1c525d6e-5e51-4a3b-95a6-e87344dc8d77,Manager,19
c89a5e11-9f3c-4cbc-bbd5-82fbafb2e986,Staff,10
f7ad04c6-4dec-4e1a-812f-0e51329b9121,Worker,13
50ec906c-575b-4149-831d-c6e1f778b643,Assistant_Manger,17
6d60e0ba-812f-414f-b9a5-e7bb1bb3222b,Employee,15
443dd467-646f-4330-bc0d-643e50509ff1,Assistant_Manger,17
1836816f-d3c6-4830-bb20-eb5bc116462d,Staff,10
b14bbf5e-6066-4d8f-9c13-b42971221842,Employee,15
d9baf2cd-b5c4-4a17-b541-9a840a23c8c3,Manager,19
cb67fcae-bbc6-46db-bdf8-eeac515fd23a,Employee,15
822b748c-d7fb-4f12-8950-a14b6ad54e65,Assistant_Manger,17
fb7ad6a4-675f-42ee-9768-f3df93c06969,Employee,15
fcfbe3ff-5f34-452d-bf92-418b7dcbdbbb,Assistant_Manger,17
0eb0ff10-9039-4ba2-aa47-a92fa4129873,Staff,10
aa64fa2a-8e4c-4299-9021-5d85b5b62da1,Staff,10
91ad4d16-9a15-47ce-9521-b8fe3fa26499,Employee,15
49a33cb0-2789-4b0c-baf9-2c3de1bf1536,Worker,13
a1b0e495-1240-4f98-a99d-0ce4fe7eb4ca,Employee,15
d8779fef-3b9a-43b6-85be-6177b56b8f2a,Manager,19
64c9a489-3134-4c8a-b227-f6d1afca8e7c,Worker,13
ec32ffaa-70d4-42ce-a932-1298ddfd71b5,Staff,10
c7a09b4f-91ca-497c-8b8a-11d9bfb7d429,Staff,10
43a169ed-bfd1-4fcd-854c-74ddcf20209c,Staff,10
a49f0765-13f4-47a9-9590-a5aea1dac64b,Manager,19
73afabd0-602e-4142-99d9-74815083fd78,Employee,15
cedaeb1c-2385-4e6d-acbd-9ea55a93cd24,Manager,19
48d88ddb-d01f-49bc-ba0e-2f18928ef985,Staff,10
3075d641-fd42-45e4-a1a6-ae6dff89fc0c,Assistant_Manger,17
b75b9741-6ccf-4ac3-aef7-e30d5e9a7ce3,Worker,13
97de1d3b-9c0e-4166-a9c1-8d8794f8aa13,Staff,10
314d4c75-13ae-4c5c-bc5d-0abc8a0052ab,Manager,19
031e81cd-fa2b-426f-ac08-49381a32cf5e,Manager,19
856b5f23-a217-4e07-89b4-ef57eeebcae4,Employee,15
40b1d5c6-79ca-43a6-9114-b145a06eba9b,Staff,10
0c06525f-e622-4cb5-b3e8-fc445190653a,Manager,19
bc5b2794-28b8-44da-8f5f-8a5c6bc34ca1,Assistant_Manger,17
7c56d7f7-6846-4538-8015-13cb22c60a3a,Manager,19
2bd59522-0cd3-402c-a0c9-e5cfaeeeac50,Assistant_Manger,17
2114ec63-510d-4eb7-9488-816bda306809,Assistant_Manger,17
b99e36ca-6183-44cc-b1e5-e45cb1cd4717,Employee,15
931fb783-639a-4771-8795-8aa2739dd76d,Staff,10
9049e990-2cde-46a6-9f45-451265c64524,Manager,19
c2820bb2-9a59-48c3-bf1f-5fc68ba4a3fe,Manager,19
03d7a98f-9aa8-4cb4-abb1-78ba01078a54,Employee,15
f434c858-1eea-408b-a4e8-4ce67c30885f,Employee,15
77eadc65-21bb-4c43-a209-31b3b3b509aa,Staff,10
8b4dc608-3de9-4bdb-9a29-63869c250321,Manager,19
0dc61e1b-1221-489e-bb61-76b76c80bbd6,Assistant_Manger,17
a4e659f4-57dd-41fc-87c4-5d01d96ddf2b,Assistant_Manger,17
cc9d70a3-0b57-41c2-b768-9b1452da33ff,Staff,10
b7559459-5ae6-4a44-94ae-fff976feff8a,Staff,10
13921723-3347-43fa-8e31-070966432424,Assistant_Manger,17
39e53b4b-0363-469e-99b2-3c1de34401ef,Staff,10
abcdf61d-82b7-4e88-972e-7f1d6f047736,Staff,10
6b566ea2-b053-43d5-b797-c2440f944165,Worker,13
cb20572d-fd76-464a-996f-a1547350fd8a,Employee,15
b00c47d5-91f9-43bf-a201-2fc7abede868,Assistant_Manger,17
5685b727-0d24-46e6-80fd-c37657849220,Worker,13
a7916800-5a48-4861-b9b2-d63b44fec189,Manager,19
671f6242-23ff-453a-865f-b2d54dc1cfc5,Manager,19
4c1fd6e9-c664-4a2f-8b53-010468d95720,Manager,19
88fa5dcd-833f-4af8-8d58-d740dba17d2c,Manager,19
8b2c0791-079a-4491-95dd-0ef9f4fbd0a0,Worker,13
0a02062d-0f85-4aca-a14d-b0dedef963f5,Manager,19
31723d3a-5dc6-494f-a815-b0f58fbb6c4f,Assistant_Manger,17
2cd0f4dd-97db-47a0-b594-c011ac9ad3bf,Worker,13
3a35ad3d-462d-43bb-8aaa-a4542b5e501e,Worker,13
31db11da-c06f-4270-a892-583e63df5434,Employee,15
3074ee89-c679-4043-b5e6-f0576a482eda,Assistant_Manger,17
975ee91f-d056-41eb-b47d-b5b6531928a1,Manager,19
4cab4c30-79e5-42d4-9db6-8c34d63e1709,Assistant_Manger,17
9b515069-057f-4b05-97a2-366995ceccce,Staff,10
98fabc1d-b0f9-4355-80ef-96fc7ff3e804,Employee,15
f3219127-4a12-4310-806f-3d3d99349138,Manager,19
a7689c5b-0346-40c5-82e0-37ba8473dfcd,Employee,15
3b2f65f4-83a4-47b7-a867-d97badd8c873,Staff,10
e10c4b5d-33f2-4e55-a7a6-e40ba5669c76,Manager,19
b98f5c21-a417-45a7-8307-30614c9e18d5,Assistant_Manger,17
6a5f86b0-4e7e-4b6d-8d1d-6c5618437d06,Assistant_Manger,17
3a7af50b-3a27-4fb7-930e-86a0da559686,Employee,15
d29b5e0d-2487-4389-80f1-3116689fc749,Assistant_Manger,17
07c4bc6a-9449-4b8e-bf25-62020412cb17,Assistant_Manger,17
bbd75cc0-608c-46a1-9709-2094eb0f9215,Employee,15
549fc5a1-5492-44f8-a950-3946200e5cba,Staff,10
b2ad3967-7182-4d04-b920-e4ed0e21f2c3,Employee,15
f7d833f9-77f1-4fa8-b6f0-a9be09bbc671,Manager,19
60d01380-f2a0-4839-98df-5dfa99335e6c,Assistant_Manger,17
a610c5a0-6746-4e9c-b40d-666de3205527,Manager,19
c92e6458-e6b6-470e-b6b4-4c963eb61765,Manager,19
2de0cebf-8ae6-4215-a9d4-5a5bfc645606,Manager,19
2dccb154-7ee7-4940-9f04-a7a137bd93d3,Staff,10
6a5b789f-9767-40cd-89ba-a5774faa2918,Staff,10
f268e8f8-7a14-4bca-bd35-237ae48bb351,Staff,10
011aed24-3a3c-465f-a034-19e57a8a36fa,Assistant_Manger,17
38c7ca40-3445-4b28-88af-788167124b68,Worker,13
bc80d32e-9cd0-4604-88d6-115a38b2f2b3,Assistant_Manger,17
b7706d9d-1800-44b9-9658-b0113b1a37e0,Staff,10
05da1996-0c0b-4721-a8ff-095fb46ad006,Employee,15
1b559c7c-ac2b-492a-840c-2ce96692389c,Manager,19
57e61a6e-2797-44f0-8799-9b546f974653,Staff,10
1d3604c7-a049-4780-985b-debcd6a945f5,Employee,15
979d0392-063a-4331-9d65-23483183fb74,Staff,10
0fd74df3-af4e-431b-a472-fe17b795ed8a,Assistant_Manger,17
1f5882ef-36b3-4616-a52b-8a63cab35a5c,Manager,19
db44f340-f6f8-4a3d-9392-cbfec56ad5cc,Staff,10
219cd6d1-589e-44ba-8636-77746c3176ef,Employee,15
be2517be-641f-4d0f-b62b-0e3a37df1740,Manager,19
c7ce6b51-cbc7-4260-a25f-6780e3ee5710,Employee,15
3d6645f8-133e-4b52-804e-81a2cf443cce,Manager,19
d2d6956f-fe95-45ec-9831-9e170d206327,Manager,19
acd533b1-4fe6-4d8c-be97-716e1b15fc02,Employee,15
52d9ac83-634e-4d3a-bed5-f24256615e6d,Worker,13
290973b7-0993-46e9-8fef-0db11ab4fbd9,Staff,10
86293f66-2a97-4898-b671-2e9d7b32e6a0,Assistant_Manger,17
37ca9a32-65df-4564-be97-040aafeb0323,Manager,19
3ec0ec1b-4119-4e00-acad-631b6445f3f5,Staff,10
e1c3a421-a92d-4c35-b354-9726242f7fac,Worker,13
e43f51af-1e26-4861-96d4-979dca212dfb,Staff,10
2bcf365d-8005-41b1-bd17-c75f56b719af,Manager,19
b4882e0f-daa4-451c-8f0b-cac274d74f8d,Staff,10
3be32cc1-87e7-4166-b3a5-4014fe1123fc,Staff,10
20b9e02b-5e58-4095-9eac-57f4378f2f4c,Manager,19
79c8d45f-3569-4479-ab66-50fec368ba12,Assistant_Manger,17
39f457a5-a8e2-4665-81e7-39ee8fd0c1b8,Worker,13
8d9db29f-9696-4de5-b044-37559adfd5e2,Assistant_Manger,17
32eb594a-728a-4318-8fb5-1a81ca5463e9,Employee,15
63aadc4b-4aa5-44b6-8e3b-a6f5d3b8d361,Assistant_Manger,17
ecee34f5-62d7-4979-8d02-070dc5bdba58,Staff,10
8a7a9081-9448-4b17-bf5b-42f400bede5b,Employee,15
ff82cc4c-d7cf-4329-afd4-353728d2677e,Manager,19
887efc61-1bcb-4f1a-851c-84492d526e6d,Manager,19
a404e474-27a9-4fc0-91f8-7349f2e37927,Employee,15
1853cd4f-7e79-4a0c-af9a-86b4d41750a3,Staff,10
f8780b09-c9ca-49f5-bb9b-ac4b5b2715b7,Staff,10
1f128eaf-4e3e-4a6a-8d5e-516781f2abce,Manager,19
95494cf2-d2f0-4a06-8f1c-6510dcc4700d,Staff,10
b64dc300-e2e9-4de2-9349-dbb69e9e0929,Assistant_Manger,17
8faf51f2-1dd5-474f-bf83-47a99e445356,Manager,19
73a3e9af-1b45-4f9c-86d0-91be7d62931d,Employee,15
1da64981-0c16-4fcf-b0e8-f86c0af8d4a7,Worker,13
7e0c03e2-58f2-4481-8f0f-28f26b711c13,Assistant_Manger,17
5f397f7b-87d5-497c-b001-63a917156fb0,Employee,15
033fc033-7e58-4a41-ad4c-612d06c4e1fd,Assistant_Manger,17
a9043ad3-9cde-4e6e-b7d9-a060beea324a,Worker,13
eee04ac0-5b97-4f80-8341-93f2f4185659,Employee,15
26a5ecb9-638c-4037-92a0-4e94e5b3a19b,Staff,10
131d57ec-531c-4210-983c-9aa50ea9d81a,Assistant_Manger,17
609f2b71-8b98-430a-bc09-dbba207c4ee5,Assistant_Manger,17
ec4cfe0a-6e4b-46b7-8a81-796e96ce0625,Assistant_Manger,17
4a1a552b-77ee-4c00-8707-fcf03b469ebb,Manager,19
4472f8bf-9ea5-44ca-a2da-1c26e0dc7fac,Manager,19
d76cee5a-df2c-4e19-95b8-cbcadebb83b1,Worker,13
1617f0c2-eb1f-41ae-9e09-b543ac408972,Assistant_Manger,17
087ab4d2-b3d0-4cda-9cd7-f33b96ab53bb,Assistant_Manger,17
1d4031a2-779a-4a65-a524-2c6af40b7078,Assistant_Manger,17
7af82749-2410-458c-ad0f-2aa9dc15c058,Assistant_Manger,17
436aceef-adda-4577-ba5a-98c3b2d07dbd,Manager,19
c94339eb-fe00-4370-9c6d-4938cfbe86dc,Manager,19
625cb80d-ccf1-4334-aa6e-5382e9b72476,Assistant_Manger,17
96dc5b10-e064-4a8a-8a37-f19ada5baf24,Worker,13
f8624562-80e0-44e8-90b7-bd4a3f98a365,Assistant_Manger,17
9000ba7c-d4fd-4e2d-b9e1-57fced5ab56c,Employee,15
36ca64fc-62cd-4b2d-8a16-1f7c490fcfde,Assistant_Manger,17
099d8c0f-9200-422a-a18d-f506fc156170,Staff,10
9f21bb11-c611-4760-b3b5-3e2d397faf38,Assistant_Manger,17
011401c3-aefc-43fa-a015-84e0df0b864e,Manager,19
555be071-f38b-4817-bdad-fe803ead72c8,Employee,15
e1468f63-6bc4-4e0e-a5b3-cd374f4a5bfd,Assistant_Manger,17
a99c185f-f959-4dc3-a3a0-8d0f3dc319d0,Manager,19
9ea6dffb-64ed-4917-908f-a484efd61e82,Assistant_Manger,17
a0e9c7d5-f5df-4e27-b816-8ed66f07c948,Assistant_Manger,17
2e3b5366-13de-4776-a06e-8b7bb1822c81,Employee,15
0149f4c6-e940-4e1d-8350-41aa6ccf0ff4,Assistant_Manger,17
e286182b-37be-4805-a7fe-2842a8554262,Assistant_Manger,17
82821907-1f63-4b74-87d4-1809da88412e,Employee,15
505a7bdc-3a54-4891-ae08-7195ba272255,Worker,13
20a5019c-1176-4f8c-aae3-30cc055a2ad6,Staff,10
c2292be1-fcc3-4a36-9c76-69d9e6e98b4e,Worker,13
d8b1234c-341e-46bb-8ea8-e0a3c7846938,Assistant_Manger,17
745d6c82-376b-4593-8479-6c32f063ff55,Manager,19
1a7f99f8-3a60-4066-a5a9-670e27f59a70,Worker,13
d3cbb42f-42bf-496f-8c4b-cf135a4a9803,Employee,15
5c6d691c-0f30-4d4e-ae06-c6305a130435,Employee,15
8231d787-d5b9-451e-8243-69b010096808,Staff,10
4eec38f0-755c-46f6-8181-ef7722ff5477,Staff,10
bb73bc06-bf34-4d64-8ff2-a414f4e5941e,Manager,19
4793b772-45fc-4fb1-a6b3-638a77261427,Assistant_Manger,17
67014444-85ac-4820-9d34-164cadbce935,Worker,13
97078c41-b01d-406b-99e8-69a127412b67,Manager,19
467d23d2-e488-469b-9dba-75112a8e3bfb,Worker,13
a04f0c68-f3b8-4bb8-a4a1-ea45fb493dfc,Employee,15
cf2a5517-b383-47a8-b9c7-5770891377c6,Manager,19
8be7be27-0888-4e4c-a6c0-cabe28f72432,Assistant_Manger,17
acff227d-3f5d-4249-8c71-e8d903639f49,Assistant_Manger,17
4d5bc0e5-720f-4e17-bf69-dd11fe371661,Staff,10
c7da1c65-adac-4125-ac52-cc22594e92f1,Manager,19
4f3e8b79-9fc4-4cf7-a161-dfd1f71b2bf6,Manager,19
56f8d770-1e26-4bfa-a049-37598d831ab2,Manager,19
44f1ac2e-c904-419b-9cdd-2b6e20fb3755,Worker,13
28d38add-edf1-4787-a4d9-e27e05073ec4,Manager,19
ba91ed05-371d-413d-8675-234b1fca651a,Worker,13
ca925f86-71d3-4ef2-a38d-95de10990ea9,Employee,15
7a4eb9eb-4a3d-4fb1-b91c-08190ae0a5d6,Staff,10
70c3fe7c-a8e9-4bbe-b7d2-e3708217601c,Staff,10
634cc0c3-819a-4675-928f-5499e8ef1734,Manager,19
d6bc69f0-5a8c-4421-8fa0-8a0307c9f264,Employee,15
69e707e4-b02f-4afb-ae1c-4ed2b8b16eb1,Employee,15
1baf149d-15b0-4a8c-8c57-3b4b55eb49a5,Worker,13
6af7089a-e846-4749-90e2-6b7b0edecfc1,Manager,19
16c27e11-3326-48d8-a049-068e880212db,Manager,19
747665ac-1e1f-4f4d-b9ab-520fe7ebef07,Employee,15
22f03507-19ea-4481-a116-0011808bffd5,Staff,10
11a6655b-2fc1-4dc2-9fed-e162443e46d0,Employee,15
48693b38-477d-4851-96ec-ab12c5b7d671,Worker,13
216662f7-b5f9-49be-bb6d-92cdd692e700,Assistant_Manger,17
134f1399-7613-43cf-a343-65bf82d20138,Assistant_Manger,17
f0c20406-faa4-4b1e-b429-01d105c81f97,Staff,10
9cbe0e5c-1452-4e19-9219-87823fa48ffd,Employee,15
3c0462bd-4456-4cec-9241-f10adb7d495d,Assistant_Manger,17
0af3ae5e-d4d1-4268-b5c4-3f5be26ee714,Worker,13
2f03aed8-4eff-4b6f-8186-98da2c1ceded,Manager,19
b01ab624-0a3e-4c37-84bc-5412f7990f30,Employee,15
590b2f8d-f2d9-42c6-9a2c-7e806f4dda19,Assistant_Manger,17
406119ba-797c-46f6-96b4-adee1df5cecd,Employee,15
5b68fefd-89de-4a35-b6c8-4e43c20bcfea,Assistant_Manger,17
7039cd8b-9d18-464c-b70f-a1e1afae5aa6,Assistant_Manger,17
bcbafec5-b2e1-48c0-86c2-00b5fca01096,Manager,19
99748013-c849-4c23-8d3e-4a32eef10dd0,Employee,15
017bd4f8-e448-44bb-96e9-5df209c21198,Employee,15
c18afd9b-b0ac-446f-b765-1fe37fce19c4,Staff,10
540ff7d3-cf23-4d2e-883d-93b4e32f4528,Staff,10
11194e05-f2b4-4c1c-93de-faad7af7c6ba,Employee,15
3dc7a36c-9522-40a0-a005-b660d4a43fb1,Employee,15
73c62eea-a184-43e5-8637-e6324272b423,Worker,13
fc62a445-6f4c-48b5-b1e9-fa123a923a38,Staff,10
a32861fd-daf7-42ec-86c9-607a095e7fa4,Staff,10
926d8847-623d-418a-98a7-5abb913d4171,Staff,10
dcb2ef36-2cb0-4ff0-b190-4f0e887cafbb,Manager,19
d37705a5-791a-4465-bc75-6c235d671c28,Employee,15
e90af216-0e7e-4d2d-89f1-81f6aff8209b,Employee,15
924e8f48-e8a7-4fa6-ab30-86efd9c0a5f6,Assistant_Manger,17
04d45c34-3219-4d5f-a6aa-f81cf41556e8,Worker,13
59e02cf4-786e-4095-beb8-cd2e016a083b,Assistant_Manger,17
df6ad143-e3d6-44f2-8895-663e2685035b,Manager,19
88de4df2-4ace-40f1-b16c-f83d428a67dd,Employee,15
da0417b8-813d-49d1-8cfd-9c40431c7bbf,Assistant_Manger,17
8fa272cb-57f6-4166-89f5-d21fbf65b451,Employee,15
a7eff226-2d13-4d1b-8b34-d94b9d39adea,Assistant_Manger,17
ba412b0e-2986-4ea9-9931-20483e185421,Employee,15
6dd6cb6b-e9d4-49dd-b9f9-f07a55ac4d06,Manager,19
f810f26f-12da-4188-a933-9e7c3eae7b30,Manager,19
e1a6f35d-37b1-4aaa-aa6d-41e8d98e5590,Worker,13
149dc5ba-b524-496b-94d0-052e5c141edf,Manager,19
b24bd623-b540-49e9-9d41-266f5a9a685b,Manager,19
831e31e8-2d73-467f-a60e-7aba0c604fff,Assistant_Manger,17
4bd9b9d3-7c1b-4f22-bbff-3373ea122562,Manager,19
480d98b5-fdfa-4717-b440-90063621b5cd,Worker,13
b8f80ce4-de35-4e18-8912-febaddc26044,Staff,10
a4a1a3a2-c4b6-4c26-8278-090243ef74eb,Worker,13
db348346-e8f0-40f2-b3f6-6d00886b347f,Staff,10
f3b75d84-6748-425c-838a-827a7d6fbdb8,Staff,10
9bccafbe-f9a4-45b6-9525-1318fc34c94e,Employee,15
dcab4abb-b13b-4d1f-b888-eea6b6777094,Staff,10
594d8092-f367-488e-8ab3-f71c6733721a,Worker,13
d1ff4bd9-8f6d-4ae2-a8ca-bb9ffbb0476c,Manager,19
6e2aa726-f78b-44a2-a5c4-fb3414b3a3f9,Employee,15
53ff0f6d-8e1d-4016-804a-6aa575e084c4,Employee,15
de665573-c11d-402f-9929-e418e7b2ede0,Worker,13
a9263355-6196-4020-b029-6aa40a206aef,Employee,15
768ea319-0724-4cd5-b2b1-690eb0fc960a,Worker,13
2a43dbbf-de52-44e2-8719-c5f15a3286fa,Employee,15
b92efc19-de1a-4fa4-895a-93caf2784e2c,Staff,10
30e0cc0d-c10d-49cc-86ef-d6cfc721785c,Employee,15
d7a63102-a5f0-4c27-93e6-87bf021eb48c,Worker,13
e3c15661-ed6e-4869-a3b8-9e0523fd7a0c,Assistant_Manger,17
fffd696b-27a8-4b16-ab17-9717ae5c1ff8,Staff,10
b6ee1249-2281-41c4-b1ff-50f0a44d90b6,Staff,10
d68d30b2-785f-4d56-a6cd-9cdfd16a8368,Employee,15
5df29244-a925-465a-b830-a8c70a81d1aa,Assistant_Manger,17
d7169939-dc57-4e5c-8441-ddce8bc4ef61,Assistant_Manger,17
2bf0c9f9-fa6f-4409-b08d-dd85653a3c9d,Assistant_Manger,17
1106eab3-3669-4e8e-81b0-97491a2aff1b,Assistant_Manger,17
94cd76de-e848-44bb-ab8f-a71217da25db,Staff,10
cd1e3c36-4f25-424d-856c-643cab0009bc,Staff,10
47a10546-62bd-4e10-9078-67b08aaf6cd3,Assistant_Manger,17
cb0c7426-8ec9-43c8-89d6-163e6b8cb6e9,Worker,13
55a72562-c62b-4f9c-9716-72fc183b715a,Employee,15
1cff572c-6bb5-4af0-9bd1-ba53365cc1b2,Staff,10
b24b0b7d-761f-4f93-a49b-06d3259a874f,Staff,10
c016eb4c-a524-4852-828a-011fb541408c,Staff,10
e1684b7c-b6f3-4fb7-b738-6ae8b1bbffde,Assistant_Manger,17
3a34e107-4752-415d-a99e-be6dc2131a01,Manager,19
417cff7c-304c-41db-931c-a1234d1d558f,Employee,15
c0718f83-33b3-4bcf-8e8f-3be620301e1d,Worker,13
393fa93c-8f96-4803-a043-780f3715ec59,Worker,13
a5786f90-1951-49e9-ad63-7b41cf1b2417,Worker,13
37851f99-4edf-4131-bad6-28978a017a02,Staff,10
5c5d21c9-025a-42e1-a2f2-2e9e33f227d7,Worker,13
2898c37d-384a-48e4-8917-596736a3b076,Employee,15
7441303c-8cd6-43aa-9d1b-d7668b3cdcb2,Employee,15
573c259c-53b6-4505-8f7d-df742fbad5e4,Staff,10
612a524f-6324-4c25-a5c7-7d0c8cd6739d,Worker,13
2ed59387-ebbd-4f86-ada4-e27b22f10c02,Worker,13
b286b70d-7275-4fa8-bdb0-b30ab63b27b8,Employee,15
023d9d9b-7d28-413f-8ba8-40f6ce44d3b7,Employee,15
486c068f-0418-49d3-9224-b478c2550abb,Assistant_Manger,17
0d12d927-bfea-4e64-a2ef-d6f08ab3d436,Staff,10
40365273-307f-42f2-be0c-4775b625174b,Assistant_Manger,17
a4aaaafc-3301-438d-9a62-8f3d031078f4,Worker,13
05794df1-9246-43c3-a61c-fed075c423c6,Assistant_Manger,17
df256716-9ffa-40dc-9528-9e2850e4e61f,Assistant_Manger,17
ce15e800-e155-48f1-b15d-705a0db6ea0e,Staff,10
3038e8be-8463-4ec6-94d2-0d3de259d2d9,Manager,19
323957ce-37a8-42f5-b582-ec68f79c35cf,Assistant_Manger,17
af7acd9c-64a6-40ae-898e-39d941b356cf,Assistant_Manger,17
fb7419c0-0e37-4e35-87f8-c43d6dd317e4,Employee,15
3e5bbf6a-2c08-4b5b-9eef-9b40d0c2cd5a,Manager,19
84501d6c-9549-406f-87a5-07b578001850,Manager,19
976b0eb3-d26f-4047-b9fd-4a395318765d,Manager,19
08e96e8b-62ef-4981-b286-d0045a9a5864,Employee,15
710da4bb-9b30-4e1f-b18b-66d1c26a90dc,Staff,10
beea7ad4-d7cf-4e8a-b9c8-01f8c9e4d490,Worker,13
1ac3e3a2-8cda-4253-8455-cbd6e36892e3,Worker,13
ae63d573-e66f-4157-be29-ade70f44e20b,Staff,10
620445c1-8420-4706-b7fc-6baba54eef99,Employee,15
aa75009d-4047-4df1-9ac9-cd72d3e73e1d,Staff,10
784fd793-4915-40f5-b3c4-5c92649ae3a3,Staff,10
a6cd53c1-bf36-447a-a4bc-07dce5f4e043,Assistant_Manger,17
0f037c75-76dd-4c49-85fa-8de5b49d2ab5,Staff,10
5643450d-84f1-416b-a6fb-4cbc0ddaba79,Worker,13
59f0d924-ac18-4728-9907-100987b0201a,Assistant_Manger,17
2c46e337-74f5-4b21-84a6-e497f087d26a,Staff,10
acfc8746-1397-49e4-8dc3-90c18c6a918c,Assistant_Manger,17
f5755be6-73fc-43dd-aae5-9f714f02e479,Staff,10
2f1cfa68-d304-4c44-989c-7896320e8c18,Worker,13
ccf80f5e-23d7-488a-9e37-d783392737df,Staff,10
872702e0-f976-47af-9905-596559596da3,Worker,13
cce95c68-2f14-4552-89fd-50159a802731,Staff,10
c33e570d-905d-4b27-b64c-7eddc5574f64,Staff,10
5a8836c7-6ed4-4446-afe8-9735011cdbde,Worker,13
96f2c883-9c32-484f-9940-f563d0b2ab17,Manager,19
94aeb42e-aa69-4927-ba88-af4b105e2b41,Worker,13
7eed404d-a7b9-455f-b1b8-3243efb0640b,Worker,13
726d5ce8-0ac4-4bcf-8edb-6a9b1862693c,Assistant_Manger,17
8a6184f7-cf65-4343-bb47-fb07f5f99a62,Staff,10
fc8525da-ea04-4f44-bbdb-631c274f643b,Manager,19
e138a252-9708-47ee-a8ee-def99f8b3946,Staff,10
e260a383-5ecb-46e5-b960-2a2b3abd6f5b,Worker,13
fa71e84d-7977-4d08-8f2c-a5e25a05b7de,Employee,15
7aa37ce7-4a3e-49ee-8cfd-a5b7157a156d,Assistant_Manger,17
e24322b0-ed3d-4697-a62f-b4dd65daf423,Worker,13
4eac1662-5045-4b1f-acd6-dc6aa7725f7b,Staff,10
314376df-d62c-4e52-b191-901d3155466b,Employee,15
1e93de76-4999-4c9e-93f3-23c2a5d56852,Employee,15
807489b6-e0e1-4e0d-a61a-ea2cde902670,Employee,15
87d044f6-84a3-471b-b337-4bee4b5297aa,Assistant_Manger,17
97af907e-8d0f-47b6-ae41-a6fd4fa437ae,Worker,13
584fabf9-4bc9-4c50-ac1b-3d92145ffcee,Worker,13
dfd6c3ea-1864-441c-bd40-a4be2d208ee2,Worker,13
031ca0a6-f7e7-457a-aadb-464378925eca,Staff,10
f71d4dd0-2e14-4670-82a5-53a6a47ff702,Worker,13
d173fed1-da89-4c7d-9d7d-af35471026f0,Assistant_Manger,17
3961b970-dda1-466e-8a97-ad16e9d39675,Manager,19
f8ea940e-b12c-4844-beda-a1c22cf535b7,Worker,13
462ea9ce-ed46-4269-9ed8-cf6ca18ff0af,Staff,10
fdf96da5-c888-4139-8ab0-51a38cb00c07,Manager,19
b37c711b-f012-4fcf-86dd-62cf07696aa7,Worker,13
248d25c5-104b-42e1-81c6-69697bce5b46,Worker,13
5dfbf0af-5df1-45e2-9c0a-afbb74026713,Employee,15
1b3252ec-5cbe-4f68-a4d7-d9662eacb7d4,Assistant_Manger,17
0c04787c-68aa-4b19-ac95-6a87b8214cad,Manager,19
b69fee33-9500-4483-8b65-459011f8b1b0,Worker,13
16352b09-2888-4eba-994f-15ee159615b9,Employee,15
894ef2c5-6ee2-46c2-934f-606775daccff,Assistant_Manger,17
d4204287-8361-4229-b777-d8fff82ecbe4,Staff,10
dfac9459-1264-406b-bdc6-2be7c07ce50f,Staff,10
78c4c286-ad76-4766-9d8a-d95d986d702e,Employee,15
9b657844-07fc-4117-91c9-68e697687fa1,Assistant_Manger,17
a7d91f76-4817-4a9f-875b-71a40e7764f4,Employee,15
93264437-044d-457d-84e0-d44ffbf9858b,Staff,10
f6a9b9e4-cac7-44a7-907e-ab003d08f836,Worker,13
37cf32f9-3062-44d8-9653-c17a1791e478,Employee,15
83dcbcf8-73b4-4247-a5f7-039f9233064d,Employee,15
99598fbe-ced6-431e-b5ae-b327a8440f51,Employee,15
9f1aebd2-80d5-4ad9-984e-c5f7c10b8566,Employee,15
81c68ad6-5d53-4d05-b632-55aa3e9c51eb,Manager,19
2fa4765a-fbe1-4252-849c-f2d245e882e3,Staff,10
a353a541-77e4-4cae-b648-aa692dfa5624,Employee,15
f7464658-2eed-47c6-a966-9a62313fd155,Employee,15
e0962359-fadd-4b13-a6d2-29b2dae071cd,Worker,13
c9b4336c-6aa8-440d-b746-6362c0e1baf6,Worker,13
eae88dc2-5f99-4a95-8be1-2f515105e4ce,Manager,19
9756d38c-c111-4f78-b4f5-c861bbbc3227,Worker,13
e8089672-a909-4d08-a595-4eb06bbe5c8d,Manager,19
7de25c93-a4d7-4314-94d1-8f9b6e3b2fd3,Assistant_Manger,17
a35aab26-88bf-4f5e-8c7c-51c098a02a1c,Staff,10
fed6c458-d47c-4076-a591-b62c34716666,Staff,10
9fa3b33f-b0ea-4c93-8ab1-318efa2827ae,Assistant_Manger,17
33f2ceb6-a04f-4bf0-8031-b23a4d0e83d8,Manager,19
9417e9c1-af4f-472a-b8af-ea4b70113ea2,Assistant_Manger,17
1c4f12f1-12ec-4960-b578-9118e54da912,Manager,19
08ce0cbc-11e2-4642-a7c3-7aae91ee0ccc,Employee,15
cdec22b1-edfc-4f62-9a20-49d3fd031a63,Staff,10
40a94028-45d2-4a0b-9eba-4d5f0b475d57,Assistant_Manger,17
3390e698-b499-4b4f-9661-d809af1bcc8c,Assistant_Manger,17
e4596ce7-2ffe-4021-972c-713c2d8466ee,Manager,19
2a89a31e-04fd-4f45-8f8a-0a88244a2cbd,Worker,13
d3209eec-1a93-4986-b8a9-4f5ef2aef7d2,Manager,19
86467516-5edf-458e-8bb8-c891eaaf7331,Employee,15
0d46bd70-6ea7-4db2-b2d4-dfb1ad1e07db,Worker,13
28580689-6785-4485-9d13-3415dfcade90,Assistant_Manger,17
80541d43-6e0f-431a-bcaa-15e80593f247,Staff,10
e3632fb4-7a5a-4a11-bc80-13614b1786f7,Employee,15
ff5c774e-d606-497b-bbec-f870a5bad959,Worker,13
ba810eb9-05b9-4753-a941-0df7f9a8c5a5,Staff,10
43c769e9-7045-4c46-915f-db8aa7ed5b97,Manager,19
a2e383a6-6537-466f-9a98-69444b499732,Assistant_Manger,17
4e58ebbd-88b8-43bb-9f31-d9e3b88ab1bd,Employee,15
9b03ba85-67ff-4575-8d5f-403c467c9fc5,Assistant_Manger,17
6f3aab50-2772-4ac8-a0b7-7df9f775cbb3,Employee,15
104f6282-2e65-4192-92f5-029dff169e58,Manager,19
550913f6-ed65-4d46-a01b-fffec2b79505,Staff,10
f85cda89-9a41-4966-b476-8950008f20b3,Assistant_Manger,17
0b3cf842-3898-4bb8-a092-4000a0967682,Manager,19
f285fe4a-c110-48e0-937a-2c84f355b9e4,Employee,15
b94aad40-d432-4cfb-8e6c-4b43b6169e05,Manager,19
997608ab-9bae-4541-9b00-12b34ccf85b7,Staff,10
fde20710-cb60-4a8f-b4bf-7fcc909c1396,Staff,10
04133b52-c598-4356-86f5-41572870c153,Assistant_Manger,17
4c5f9423-f18a-49c7-b3f7-13412f0f87a7,Assistant_Manger,17
87c5ca93-f17a-4502-90a6-ad06d4ebbb59,Employee,15
c1c5e5c2-5682-409a-a226-3f640c1a59ea,Staff,10
7c3f6afb-c1e0-4cfe-a64a-3ac51a3dfb86,Staff,10
ed10c51c-d52a-4831-9796-faea0d9a8e75,Worker,13
ffaad1ba-2128-433b-85d5-b23342cc9cd5,Staff,10
28e8a2bc-d8b6-41d8-b7b7-922eac324a48,Worker,13
a1ea6626-0bd8-4b26-aea0-da0551750a26,Worker,13
f3cf90b3-96d2-46b3-b198-00057182b886,Staff,10
12a6558f-c6a6-4e02-b74e-4b663c8f939c,Manager,19
c19aa65d-c726-47ce-aa74-7b8e228bc7a5,Worker,13
9cacf0b6-5134-4898-b254-a167b7cd6675,Manager,19
74d50bb0-cf83-4c28-b31e-1b35cd68ea7b,Employee,15
05a993f0-316c-41a5-92c1-c76a08f54575,Worker,13
c436b1bf-5d0f-40d0-a63b-1e75172cd92e,Manager,19
ca08e63c-e0cf-46aa-9184-c8b58da61d7d,Manager,19
8c90cdb3-e21b-42d0-a83d-e9437e6ec7ff,Employee,15
d732e126-fbcf-4aad-ac0e-f4c5fcd48f07,Worker,13
ba34cf40-ea5e-4ae4-91cc-f71f8b48a005,Assistant_Manger,17
269cef62-10d4-4cf2-a189-9be4ed14e39a,Staff,10
e6110676-34d4-4cd5-b497-5bf0239e6dfe,Employee,15
8d88ac93-a251-4132-8206-364232f5bac0,Assistant_Manger,17
0c13a3aa-fd5b-423a-88c5-b46bb04868a3,Manager,19
d89b71ed-59fa-4b24-9dd6-dfee6e761ad2,Assistant_Manger,17
49e1e3f6-c922-41a1-8c44-7c7c5f812beb,Employee,15
7ece909a-6d33-48cc-985b-f57b17d4070e,Worker,13
7bba9675-45f6-47f7-89de-14ca9fcc55bd,Manager,19
edd69915-1a33-4425-8d8e-318a8d926307,Employee,15
625b085a-d50e-43a9-b0e5-193c27cab3ce,Assistant_Manger,17
0bd7a74e-4903-4b7a-903e-ae784f9b6b81,Assistant_Manger,17
91458166-631c-4bba-9d08-0a8b9c4bc72b,Worker,13
cb5c2561-a0c2-4915-8da8-3ecfc5ad0744,Assistant_Manger,17
fdbf61f5-32ea-49df-a524-2fca2c35c0ca,Assistant_Manger,17
a6a4ca5f-5174-43d7-91e7-dcd9f6a11d99,Assistant_Manger,17
3e8c9c5f-3fb3-40d3-b17d-d5e8094a2fdf,Staff,10
0bc86ee1-3cd3-472b-9ba1-a197da4d5290,Employee,15
50ff1f26-88f7-498e-bc69-38a84c8f00ca,Assistant_Manger,17
53dd4c6f-c864-42a1-bb00-ebfcaba149fb,Manager,19
c028f33f-36d5-48b0-a6b8-1f5f42c5efd3,Staff,10
57384f57-a0e7-4dd2-970b-6007ca4b1c0c,Staff,10
dbab88c6-cb0f-44e1-8707-44e9e71cf272,Assistant_Manger,17
ecd22332-49c9-47fd-8ce4-993acba73289,Assistant_Manger,17
340224b6-b28f-46ab-9878-d5f9891e2cf6,Worker,13
2e215faa-712e-4e29-93eb-1e01a539a3c1,Worker,13
a3450eaf-2471-42a3-8d33-eb3628a9d43d,Staff,10
a45ef1ba-a68f-48d8-a544-851b4dda88d9,Employee,15
bd3f78f8-c103-4d95-ac4e-b04cfb2bbe76,Manager,19
b8309a6b-e022-4666-b389-8d90cde4956f,Manager,19
161be247-54bf-419a-a953-b8a44f2206eb,Manager,19
04be5cab-93a5-40f9-90de-b992a4c29e4f,Staff,10
774726f0-8eb3-42a8-b0b9-d761f2d37ac9,Assistant_Manger,17
5e78a2c0-1bef-47ee-ab88-a291b8ae083f,Worker,13
9411bbfb-c992-4e45-b0eb-4e5dda59b44a,Assistant_Manger,17
e034c3b9-8156-46c8-b1b8-0a72aebd00fb,Assistant_Manger,17
3b8de3a3-aa60-4d90-8a43-702b3f82d91f,Assistant_Manger,17
451d9ff9-c71e-4098-a702-2cd3688f5c0c,Worker,13
13038bb5-aaac-4d86-81b4-98609e0036fe,Employee,15
3fd8e6f5-3283-4358-842f-0cca13c156fa,Worker,13
5f34da8d-1914-4717-9cf8-0770ceb83c7c,Worker,13
90b41045-e565-4cc7-8dee-262573bc3cc0,Assistant_Manger,17
82ec1833-67a1-4724-bd67-694c862394d2,Assistant_Manger,17
1ed96d7a-f284-40f9-94de-225f268f42e0,Manager,19
a8e5ec36-6d0d-4574-a083-b4829ee1d001,Employee,15
c50c37c0-31b3-4534-a308-b5b39bb292f5,Worker,13
5d74c03f-a416-4fb8-a3f5-8a3cfb35ddba,Staff,10
fee5f89f-9a17-4b4c-928a-c5cfd42f0dd4,Employee,15
fb74bb18-7c9b-47fc-bd11-f7cfc453d91c,Manager,19
60c40940-fbb2-48ad-9210-845a99d74bcb,Employee,15
9376d119-745f-484d-b66f-55479f57cada,Assistant_Manger,17
9b40aebb-f8e4-4910-ab13-91df9e99bea5,Worker,13
b041fdae-c4be-4833-bb6c-817fe20f3497,Manager,19
579cea16-3725-46ad-8878-d5bee8d2d4fa,Worker,13
866a8a90-5005-4671-8669-6a1c5dda5f45,Employee,15
9ec1eb66-fa45-40ba-84cf-d4743b6a9fe2,Assistant_Manger,17
389f01c0-95b7-4e5a-83ff-6df692449977,Staff,10
5973403c-0e07-4f11-803e-7d1c7d48eee7,Assistant_Manger,17
f479507e-d5a3-4486-af34-c5af55266d19,Manager,19
77b5dc6b-30e8-40c6-a1d6-3f99f30229be,Manager,19
61888aff-fef5-45b0-a721-bf0d6ed4a6ff,Worker,13
4e6d931b-e41d-473a-b6fa-c605562d10c6,Manager,19
fb702827-494e-4f64-b022-6eb8b08a8f65,Assistant_Manger,17
33c81887-ce6a-4a8a-9adb-f4b1046826e0,Assistant_Manger,17
ca9db78f-7209-4772-b465-d0dda535fabc,Worker,13
399223a3-ad3a-429e-8401-93feb5f4f4dc,Manager,19
540012e2-eede-424c-8b40-e7b2fd4e56df,Staff,10
a3e93288-20f7-4b03-93cd-d8d7403776cb,Employee,15
4c907174-5ea5-4506-8245-6ec27a75f0bb,Employee,15
e9e29646-7df5-438a-bcf3-3cce43ea4f0d,Worker,13
5a031210-36da-428c-b17a-821a9230384b,Employee,15
7ef3aa20-b703-4a8c-a52a-b04a70c47f9f,Assistant_Manger,17
09d9ae6a-cb02-4bd1-a0c3-dc1068208564,Manager,19
e7d80ca6-8acd-464e-9cc9-25925e7d3417,Employee,15
d53416d6-e667-43d8-9f01-f0c37d9118a5,Staff,10
fe6cb706-ceee-4929-8344-7e53c902703e,Employee,15
75a2b2fd-d354-4184-b621-ab19adfffb26,Staff,10
76d1a25c-25ff-43e9-9098-085ed2b59dd0,Worker,13
b80d8d05-6546-498d-bd72-457a4fc7d355,Worker,13
97a41b7b-dc89-49b7-8273-bfd56c14d505,Manager,19
a97ec8bf-84d7-43e3-8478-487a382f7593,Employee,15
8a63bbed-172b-409e-93de-7bdb48d25d3d,Manager,19
6c827a77-785c-4b2d-a3a3-227e595a80ab,Staff,10
92c258e1-ecc3-47d9-8b90-c707a0206792,Worker,13
7f32a799-914e-463e-9b18-79c36333c7b0,Manager,19
69d051d1-a668-46eb-b74a-df2bbc1abbdf,Staff,10
d9b1eb0a-1155-4c94-b722-5202614e2a1d,Worker,13
8776f99a-9661-41ef-8b8e-0ece291981c8,Assistant_Manger,17
20340b91-74fe-4ed5-b33e-e8220c81dc28,Staff,10
259f5501-f0e7-457a-986e-16581d147871,Manager,19
781d88c9-6603-445d-81fa-11ab504b29a4,Manager,19
b733aa19-bb0d-418a-a0d5-70e6b069d18b,Manager,19
676b1aa1-8cbf-49a0-b402-63fc115bb3ee,Assistant_Manger,17
9b271733-4341-41cd-bab6-eee2aaf57927,Worker,13
3000d300-9054-4f87-8e65-fe61d07d70e9,Manager,19
0e3565c9-e3d3-45d8-992a-788754d6ee0a,Manager,19
6e28f617-6aff-459d-b436-b9391e581681,Staff,10
55f75196-febb-42da-88be-6c30f4ca2676,Worker,13
c86f2d7b-1149-4944-b44c-d0963c80c9d2,Worker,13
6ad8b4f3-d4bd-4115-9b4f-f2974671c8ce,Employee,15
61d3df88-3c7b-47db-a25b-3889464d73d2,Staff,10
7080de63-9e1f-4842-8b3a-983b57ec948d,Manager,19
2695a5ab-f3cf-4657-8203-81bde3b5a67c,Staff,10
f18680c5-27c4-4e06-8977-aea3ed47aa78,Employee,15
491e640e-6bda-422b-b9db-58b5193aba2c,Staff,10
8f15e339-34b6-4266-8513-5e49ba6ceafb,Assistant_Manger,17
21c879f3-d5af-419b-97a6-f2857cedd73c,Staff,10
046dcc72-b88b-4c3a-b118-6f293a0913cc,Manager,19
281f2b4b-52f8-4792-b8ee-0e72da5e6742,Staff,10
ed5777b7-767c-4013-84fe-3b157ff84016,Staff,10
45f5f048-957f-4790-83c8-ceb5be219c33,Manager,19
065b98bc-62ea-4bc4-951c-c0799e19e8dc,Staff,10
7df64ef6-682d-4471-a431-658844b35692,Employee,15
b5790487-c6bd-42f1-b9b2-886800fefc2f,Assistant_Manger,17
416f7407-f763-4d37-8e3a-fdf7f5b65df6,Assistant_Manger,17
02ba8dde-1d52-41fb-9f87-56426ed0113c,Staff,10
73fffbb6-ec51-4891-9e44-ed3da5b6ef03,Staff,10
a4fdb6d4-0460-469b-8e73-14cf37a36c57,Manager,19
80a3f512-0e0b-442a-9ded-c7fa499bb37b,Manager,19
446b4a35-9389-4071-98b2-050ae39f6115,Staff,10
ad7ccee6-0cdd-46b1-abfc-cb5c01a59a1d,Manager,19
3220a8fc-b044-4a6c-b2c2-cee2c5609d13,Manager,19
3d141b13-fa35-423d-9548-e0e557a36644,Manager,19
429c25c9-af92-4cbb-8015-2d1a34909d4f,Manager,19
eb11cc6a-7462-47b7-9bbf-b952a1ef0e91,Manager,19
0f5bd4f2-701c-4a4b-9f59-d073a7f36bcc,Staff,10
eb54b125-1f7e-4cfc-be6e-79f73ef610cf,Assistant_Manger,17
02de67a3-3326-43a9-ae4e-617b3f4c6a94,Assistant_Manger,17
b2211ebb-8a9a-4e59-8f29-60d18dc95e2c,Staff,10
7d10e468-3a9e-4b10-9f6a-d20c7f7b7b36,Staff,10
1c36e634-e9b6-4fc6-833c-06a11d7038ad,Staff,10
5c89988f-bd32-419c-bdc4-c5d76ebab691,Employee,15
004e9463-61b4-4f27-8edc-af595dfcb803,Assistant_Manger,17
1cee12f8-7827-4525-ae3c-4e649761c06f,Employee,15
9fb3a753-b2e3-451a-bc45-171e01cf9cae,Assistant_Manger,17
b0a8093d-d2f1-46cf-b761-585aae6cd57c,Employee,15
b61b3dc4-c0d5-4d13-8401-c79a152a7819,Staff,10
f3e4bd97-9453-4d80-842e-7ec77ab56d31,Assistant_Manger,17
9d9b04c2-89fb-4825-999c-eb9dcac15209,Worker,13
2fad97e8-2d71-4329-9aff-58ef7b326402,Assistant_Manger,17
93752b1d-7f95-4147-a00d-d0c613c796ce,Worker,13
27d690fd-4d3a-46d1-a6b8-a7ed0c70f2c1,Staff,10
188fee3d-6bfc-40b6-a6b9-d32bc8d801a8,Employee,15
b6721c61-c6d3-43df-8d87-bee8356a9f3b,Worker,13
12827f57-9863-4cc7-b620-6d1926c10aa8,Assistant_Manger,17
938c26fe-aa03-49ea-b1a7-366711a02bab,Assistant_Manger,17
8eccfcaa-df66-4c74-874b-20bc3f3c5127,Employee,15
63961cc8-d3c2-49f0-8e33-49553d4960a5,Assistant_Manger,17
02f63c14-d760-4206-b46b-6f8891c24edc,Manager,19
813d04f9-138f-4564-95c7-185c797a143e,Employee,15
a6ea3dec-67d7-4e98-a5ea-f859ec0a8b7b,Employee,15
0c27d133-75c9-4167-a33f-2f3977fe185b,Manager,19
f4f86f06-e876-4634-83d4-618acfedb466,Manager,19
2f7eb20b-6ec9-4545-bb7e-42acbfab1a3c,Worker,13
b0416acf-f652-4bcb-bdfc-43f6f54d9c8e,Staff,10
8f09813b-b7ee-46ed-8e46-d13d5740abf5,Employee,15
644e4c6a-2a73-422d-b257-93c13a91c053,Staff,10
130d1a2c-d5b3-4a13-aac1-7faff9aae15b,Staff,10
5cb0c182-1303-4a63-adf3-5fb0f9921912,Employee,15
53017901-b49e-4a8f-b2c5-48e417556c5c,Worker,13
9ca5d9d5-881b-4c45-89e3-8a7b002f551d,Manager,19
73b04ec2-f3f7-4c4d-a347-dc53ef89e870,Worker,13
6b5c8451-21f3-4a55-b400-46ece47973c5,Worker,13
254e0540-61ff-4638-9a53-a0bc48b7f197,Employee,15
c4fb6c65-6e09-406f-83e8-802020295dfb,Manager,19
cea29c8d-c8e1-456a-9906-c8ac04b8c669,Manager,19
24e804a0-9410-4220-b062-3fdceabc7d61,Employee,15
4e0c7147-b157-42bc-b758-076220ec06e9,Assistant_Manger,17
666367a5-1502-448e-b235-5bd47fead38a,Staff,10
31e03b9b-6e3a-4eb9-b681-a3e141050651,Assistant_Manger,17
3752fad3-8751-4029-ac39-46ea5f008b39,Employee,15
b47b3827-fcca-43d6-bcbd-e15d834de7bf,Employee,15
6e1aa3bd-36de-46fe-bd6a-3af372000039,Worker,13
d36232f7-7c70-405f-a8d9-edd0223eca9f,Manager,19
ed465b58-8ef8-47cc-aed2-155fbab46f7c,Staff,10
45c29485-bad5-44c9-8762-191844fd8ff4,Worker,13
8f29fad8-10fa-413b-adc6-55516753ceb7,Employee,15
13cbe82a-d131-44e1-bb3f-bc478298ae33,Manager,19
37bbed8a-4eed-4230-857e-1a2b27498c0d,Assistant_Manger,17
bfccbe0a-c535-4cd3-a107-fb84a74f6919,Assistant_Manger,17
c4ef8c59-28e7-4e5a-999b-b3f24146dabf,Employee,15
0a2b43c7-84c1-43aa-8123-ff40a7dd541a,Manager,19
69676991-f4e5-4044-a36f-a2132bd68fb0,Worker,13
0af2a6ad-8632-4d09-87ca-ffac46b5a164,Staff,10
4d0287b4-a57e-4ce0-8211-3dfdab823eef,Worker,13
dc94a8ce-4af6-4962-a76e-15f2b4513124,Worker,13
66a945d2-fc1e-4689-9f0d-4a2179990c0e,Assistant_Manger,17
58f8c511-a395-41c0-b20f-246d7a4be440,Staff,10
6ce08bf4-0b55-49d5-a3c4-69abfe3a2ea1,Employee,15
18ef7607-af76-4d41-801d-745279f57242,Worker,13
54d42406-a14a-4f85-a08e-5dc383c6aa79,Assistant_Manger,17
e923001d-a8d4-49b2-ae69-93a5636d259a,Employee,15
ae07efa6-3019-41f1-80f1-07699313b520,Assistant_Manger,17
b807e8b2-84b5-4714-aa76-a77cae97a1f2,Worker,13
a0110db8-6f11-4409-b305-eaa9296ff6e4,Assistant_Manger,17
03208232-8f5d-4bbd-8eb6-6ba3146edae5,Employee,15
44d77a58-ebe7-470f-84c0-587a32c963fa,Worker,13
a3e32cb9-d8cd-4d2a-9b31-051108378c7e,Employee,15
d6245ba3-52e4-44b7-ad34-9606730ce1d5,Worker,13
e524bd83-5f8b-4a93-b154-ac39615aa6b5,Employee,15
51e649be-0504-46a8-b4aa-4584b075383c,Manager,19
2b1d727c-32ea-48ca-8540-4ac4c824ea0c,Staff,10
9ec9b742-ae18-444d-b4f9-7b1eaf9cdb22,Assistant_Manger,17
dbb3e916-e4cf-44d2-a109-b9ae112c6d24,Staff,10
285cad70-4473-4934-9bca-ae6988f95eab,Manager,19
0ed03939-61db-4406-a7d7-b7f19fddad3d,Worker,13
cc3210ea-7574-46aa-b9cf-22f33bc1cb7c,Manager,19
16804f78-fde0-4194-bfda-e4b6bbc07962,Employee,15
bee2a2d7-ed5c-4734-96a6-b7786944b21f,Worker,13
0aeeed86-3b54-40dd-ab61-24d8ad7b8504,Manager,19
b88765d5-b5a9-4fce-8496-0e974af5c988,Manager,19
3da10cd7-6f1e-45f1-bc86-986740968946,Manager,19
098a8412-2b0d-4e67-ac73-6777919faab7,Employee,15
e230af5c-167c-49a0-ac0f-c13335e497a5,Employee,15
b88f6030-9a9f-446c-995f-6817774c1ec0,Worker,13
7d4ac5ca-b479-439a-9044-d5b75b221181,Employee,15
6a9185e1-d43c-40f7-a925-746a4edee95c,Manager,19
ce053af3-e3be-430c-92dd-4e0b1c2bd130,Employee,15
dcfcc04c-263c-4ac9-94ff-3093fa8b2b61,Manager,19
0829ae44-0ab1-4db1-9741-0bff28c94f8a,Assistant_Manger,17
2613a20a-a8e5-461e-a063-f751ae8c14b3,Assistant_Manger,17
ac2be41a-9c90-49d0-83d9-47f42dfb5347,Manager,19
23a8b14a-6751-426f-b2ef-37eb51e0f182,Manager,19
b8f3c5ed-971d-4984-823b-c0daf4d3b4a9,Manager,19
2ba61b9b-a5e2-4ea8-a15f-215aff65a708,Assistant_Manger,17
29995bbc-3749-4027-bb04-5bbdbfce2803,Employee,15
29b59e7c-d61a-4da5-b633-f93b5cb42d82,Worker,13
856950bf-1b99-4e94-8ef5-729cfcd7a150,Employee,15
b036fa56-a123-47a3-975d-74715b3076e7,Staff,10
c2f057b3-8b2d-4384-ad09-cf519399915f,Worker,13
e25e2ebb-8045-4a65-843b-7a4cbc0094a3,Employee,15
e47cfa58-c077-4d17-ba00-caaf66eb0e9d,Employee,15
a0b6ef1c-4fff-45d8-bab7-22869262ef31,Worker,13
60166421-7b68-40d0-aa0d-bdea64c79e92,Worker,13
bcb998a8-d570-4a71-a7dc-ea8b5e439914,Worker,13
2b8c6771-c4b0-4018-90ca-ed2103250213,Assistant_Manger,17
4c485a0f-2852-4c0d-b3dc-38db3fa6d6be,Manager,19
dc783c0c-f90d-4dd7-9680-816212083d69,Manager,19
d86aa7c7-664f-4c15-a5bf-f7bbd4696b73,Manager,19
28773b61-299e-42f4-9155-79f61cc7e7b9,Worker,13
c0584ec2-c81d-4e05-990d-e12b79a0530e,Manager,19
51e87f12-f75a-468f-bb25-2209838193bb,Staff,10
1abc9c0c-0f3a-46c9-9929-ca52636b39e6,Staff,10
083646f6-ec19-4209-a710-b23ff64f2850,Employee,15
cd3c5cd6-d49a-4c3f-88ed-24794dd45c81,Staff,10
90af9921-d6ca-48eb-a445-293757590249,Manager,19
6e63330a-d945-4c18-a990-930183bf2b4c,Staff,10
44d538cf-61f2-475b-a882-f0ec399b7e0b,Worker,13
ff6f1086-6114-47e2-82af-5dfef4d3bdfe,Manager,19
a13c4ae1-e5ab-4695-8d14-b59cef0803ed,Assistant_Manger,17
f7dd57a0-a9da-4e02-b236-767f77ad68c5,Employee,15
fa812101-0fca-4d01-8c16-6b7d2ba1eaa5,Employee,15
9ff17af6-2a04-4023-a48d-9838c4d93af3,Staff,10
1ef90536-0dcf-426e-8e40-654fa3eef1c1,Worker,13
7875eb0f-0414-494b-aefc-40d08847257b,Staff,10
6181341c-324d-4ba6-a085-9c8de6dbdc42,Staff,10
65664e49-121d-4c08-b57c-d77e38a7e626,Employee,15
aeef48f7-07a0-4d1c-a26d-f21de09113c5,Employee,15
953e94e1-3e78-4758-9585-ab99d458af7f,Assistant_Manger,17
5fb1ab5e-2a50-4a9c-a6a7-e69e1ab35c95,Worker,13
3e620dd7-de60-4be8-96c8-c64c611d572b,Staff,10
f23df88f-59e6-4d89-9eea-0adb40e62dd7,Employee,15
f821f642-82c3-4d74-a303-65d530805306,Worker,13
6292bf6e-2f96-46af-988b-b729d46aa8b3,Employee,15
cdb1e827-79c2-4ef6-ade9-3817ded4d2aa,Worker,13
55273b8a-bd39-4a56-bb27-3fbc09d7aed6,Assistant_Manger,17
91f7a264-0e8d-4cda-ae6d-43af55507afb,Manager,19
83e3b058-dfc7-4625-ad88-2b3c18724cf9,Manager,19
bad671e2-c525-4904-90de-1a847ecc91fc,Manager,19
83e77743-4e1e-4622-b375-d70b863ca9ec,Employee,15
85f44999-eec8-4da4-a901-91fd607db8b8,Employee,15
9fbf7a67-4422-4075-8ea4-0a39c68452e6,Manager,19
a1bbb62c-db31-4cb1-9c2e-ca810dcce95c,Assistant_Manger,17
ed9b231f-b7da-4e08-ba6d-bdbdc820e849,Staff,10
5626b530-ff60-4825-8646-c9f801abc393,Staff,10
e1d6bd2a-07aa-4492-866c-2878e0973d60,Assistant_Manger,17
3bccd0e3-fbd7-4528-a4da-6f05821af9f8,Assistant_Manger,17
efa2ddff-be27-4682-8cc3-0f8d2f2a1dcc,Employee,15
e2634fdc-3865-44ca-8647-65fce81c7536,Staff,10
67a195c5-12bb-41aa-8a9b-f2fb0e83635d,Assistant_Manger,17
7e74442f-c9ad-42d6-94d2-728b842e9341,Assistant_Manger,17
b7b8e75f-7586-4c60-a876-f7571400297f,Assistant_Manger,17
eb7ccd0b-8c9e-4a4d-a76d-2cb651efda4b,Worker,13
cc5134ba-fa4e-4a35-b668-c2b35b6ded49,Manager,19
de9cf6a0-ebbb-4cec-a5d5-f52b1e97b719,Employee,15
60829dcd-1482-45cb-8e25-019ea194a43e,Employee,15
28828e82-4e94-4bf6-a34b-e213544a86ad,Staff,10
b83a8d95-cd28-4f22-95f5-3bab75cb6de4,Assistant_Manger,17
664bb63b-f606-4809-8625-8d8a2f0b3d30,Worker,13
54fb9e5c-4663-4c73-9b57-12aeb75b8387,Employee,15
5664b5d7-abf2-49cc-8965-8ca4beeef525,Employee,15
7e0bead2-f91f-4eb5-a86e-77a28e1fa264,Manager,19
a3dac2f8-2435-4432-bd4d-2ae631853bce,Assistant_Manger,17
930027ac-dbe2-4164-96cc-36c19d6eef72,Employee,15
1444954f-bcff-486c-8ab7-3ec2c3ea2333,Assistant_Manger,17
1c51c8a0-15a4-411d-8f42-1597cc121a63,Staff,10
0a7f09c5-d277-420c-8d91-46b55f2da453,Manager,19
253a73bb-c741-454e-978e-98a70eeb7c67,Staff,10
31e5851c-7bbd-47f2-b4f9-7f7e0e03f0b0,Assistant_Manger,17
21463f4d-18b2-4efc-adc0-a48913947138,Staff,10
29d5cdc4-833d-4d84-820c-80f048891128,Staff,10
38383c93-0cff-4f50-9a5e-5a708b3b6911,Employee,15
76609c8f-b324-403a-9e3e-edc4bc7da476,Employee,15
766c0701-00c0-4521-8891-c5edf80efebf,Assistant_Manger,17
101e0d9c-8927-4703-b6e4-6e341517180a,Staff,10
19b3978e-d815-4c38-8232-3a3f476251a8,Worker,13
c9b8c99f-09ab-43fc-8a23-a4c516decaf9,Assistant_Manger,17
1a91b52a-8775-4416-86a5-b8ab1685d9fc,Assistant_Manger,17
09e3c3fd-a379-456d-ae1e-339d67da05b9,Manager,19
7bf86b5b-c59d-4daf-b048-b6a31b22b0fa,Employee,15
4f33524c-dc2f-4157-b6b9-fb5e69c89d56,Worker,13
f36f53e4-2315-4cb1-bec5-a67d7dce9ad3,Manager,19
c8d6f0a4-f7a9-4381-9877-c6cd9158292c,Employee,15
a90b983b-4d98-482b-862a-8388a19636bf,Worker,13
7807f7fd-b7bc-4323-bf79-15fd3b1fde3a,Staff,10
129d212e-b903-4eec-a192-06a2f36ad110,Assistant_Manger,17
cb102fbf-2f4d-43c9-baf2-05f975b41046,Worker,13
9a33e386-2d54-4e2e-b094-0b76cca6ceba,Assistant_Manger,17
404ceef8-818f-44c0-96f6-e2b06e06fb62,Worker,13
8b5ed08c-8739-462c-b1c7-b50cb1b09365,Manager,19
7627b347-3749-4adc-9943-8a387f53de82,Employee,15
e93eb29a-4109-4490-8c92-f2e6e6a53f18,Staff,10
b8b6bdbd-dcde-4fa9-a7e9-6d9fca2182aa,Worker,13
7e85493b-5b42-450c-946b-6e5f7ec6dda2,Assistant_Manger,17
f18b412b-6eba-4c50-9a86-9c7562d705aa,Staff,10
b81c23e2-9716-465c-817b-b3fd2a33ad8a,Manager,19
2c3ce640-465e-497a-8eda-28f7e7a20d1a,Staff,10
25623896-38f3-4bfd-bbbd-1bfc20d2b654,Manager,19
cd2fc083-7855-4d98-99da-3ced8bf95f56,Worker,13
e3232601-e132-4244-94a7-85a99a358066,Worker,13
c74409dc-790c-4263-a002-c7a50ecef986,Worker,13
1e9566cf-7f34-4318-a233-039d9c64fcb6,Assistant_Manger,17
77f361ce-b097-455c-bd44-0fb29f6acc29,Worker,13
efa4924c-7aae-4d2a-87a2-4610cd24c75f,Manager,19
a3c858be-37c9-4cc0-bfd9-5b8a1a52c4c9,Worker,13
af9b626f-620e-4329-b920-dfd877cc3da4,Assistant_Manger,17
ffb4ac51-172b-444f-9e4c-af9dd64a6f54,Staff,10
1e7b2d6e-3731-4efb-b519-0c4a961b155d,Worker,13
acd56daa-2309-400b-90b1-4d9d32d07818,Assistant_Manger,17
76e528f1-10dc-43ca-a2c6-2ecdc0d8d450,Manager,19
5659ca14-1baf-4a35-9495-b389e1ec0413,Assistant_Manger,17
eb3cfecf-c8bd-46e5-85c5-011018a9a808,Assistant_Manger,17
e09910bc-7067-40eb-a9fe-523a7fbeb930,Worker,13
d85b9180-e8be-4ab2-ab45-5bbb3aabaf5e,Staff,10
b7edc1b9-cce6-4885-85e3-f1e0768cb444,Employee,15
8c8b2b27-fd2f-4544-9ca3-13e3661f1e2d,Employee,15
8a59c061-2da5-495d-8595-12cf15a6e815,Worker,13
c5e7e784-7316-4f84-a391-ed53b4d4975e,Staff,10
e09115a7-a6ba-4373-b3e4-5f9a48480cd0,Manager,19
27c067dd-edf9-479c-b0ae-e76b19259fd7,Manager,19
84f7c044-30c6-446a-9709-a9020e0dec25,Manager,19
119f6623-c002-46df-bec0-3b2e1a198daf,Staff,10
8c1ea662-5bac-406b-9849-0b2385e74c7b,Worker,13
fa38e981-109c-48c5-8280-ebb4c10be0d2,Worker,13
51b7b758-96ff-41be-abe0-d0b59dee3c6c,Assistant_Manger,17
d0cfecc2-2687-46ca-9233-42a2728ec00d,Assistant_Manger,17
f459a027-35cf-4b0e-ba18-db6c4ff4b7b6,Employee,15
272136cf-fb4f-4698-8a56-213e5e25863c,Manager,19
a82a3125-debd-44e2-91c0-eee3fce85db9,Assistant_Manger,17
c4acb02b-c239-4457-ad03-c52bbbd70cc2,Employee,15
31a196fd-171c-4855-a0e7-22166af27c67,Worker,13
402fb465-8ae7-4c2d-9dba-05dde3276fad,Manager,19
9ae82832-f1f0-4b36-b740-a70884f55394,Employee,15
6ffcf58a-1055-4003-a6fb-09b99b516369,Staff,10
76d26f21-c049-4ded-ac6f-2ec46b5c6584,Worker,13
f2101989-678e-40c6-95de-392a19ea5b5e,Worker,13
fe0644bc-e211-4fcd-9139-13596fb14664,Assistant_Manger,17
450ec24b-b3b2-416e-a5e8-bd93ac487387,Staff,10
a40bf604-f818-44d3-af24-e457cc0ae18b,Worker,13
27ca8b59-0bfc-4f82-9083-50e406e6b580,Manager,19
77235af2-5c5c-4464-b093-925704dcfb8e,Manager,19
6ad1ef9f-0632-48b5-91fc-40a26024ed63,Assistant_Manger,17
593eb4be-e140-413b-9070-6a037e693347,Employee,15
ede50f0e-c59f-48d0-b3bc-16eabdf3c1aa,Worker,13
2a392b32-7460-4a8b-b975-18d3cbc0584a,Staff,10
0cab09e9-ab41-4745-9073-93e45d35da99,Employee,15
e6f0676d-be90-4f69-a2ec-ab22ed2235f7,Manager,19
eb7559ca-04b7-4555-8d9a-f2084928b690,Assistant_Manger,17
2e972e40-f3c3-40d8-a7e4-69a4d42de69c,Worker,13
845ca6f2-a190-4b09-9008-440592d23825,Assistant_Manger,17
6684a305-79f1-4dcc-9dc6-150122c86d2a,Worker,13
f3c25409-e06b-4faf-a21f-d936d9db5b34,Employee,15
9f54948e-f139-4bbc-b4f2-264ca10af1f2,Employee,15
cc3cda1c-81fd-4ee2-bee1-da0fbc90fefd,Assistant_Manger,17
6feba633-5212-4f5a-9a9c-971edd899f1f,Manager,19
5448b2ec-5cbc-4edd-bc57-d65a5bae2796,Manager,19
4df886ae-13c8-4bf3-ae3b-ba1cb0e9ad32,Assistant_Manger,17
6b79f8e6-0b62-4b45-838f-e4096abc5984,Worker,13
4486253a-9b15-4336-9c67-5762c106b2b9,Employee,15
dfa14945-ea01-415d-b12e-6332d15c6e6e,Employee,15
9d437fdb-ae27-496e-adaf-2dcde89e145b,Employee,15
0a68e508-d997-47d9-b29f-2e52736642ff,Worker,13
07b0d721-efeb-4d66-9671-7b97d01ad423,Employee,15
e2796ec7-f87f-4aaf-82d2-bd6e937916e8,Manager,19
e0c831a9-c1e7-42ca-ac81-135e139c0f0e,Employee,15
6f567f00-e144-4fa1-a08d-8c981c1473ba,Staff,10
ae712dc3-e437-4304-9772-35a632ca0a4c,Assistant_Manger,17
efd54b1c-1fff-44f1-af16-d142b9cb401d,Manager,19
16e47c7a-be83-4c59-99bb-093e7e9cc493,Staff,10
05b5b2db-dd91-409a-a135-a97e9ab20ceb,Assistant_Manger,17
c6af39e5-a06d-4ea1-a9d0-0581f1e09661,Employee,15
e75a9945-8741-42a4-94c9-61923f1e1ad3,Employee,15
c91e08e0-e154-46c7-9aaa-2ca6e6a79ad9,Manager,19
96c6b855-f36d-42e4-9197-9c941855a6d4,Staff,10
a183038c-4038-4886-8260-6ce96d036c32,Employee,15
e0a62d4e-618e-44a9-ac92-43cd7ae7be0e,Worker,13
2aeda578-cf37-4cd2-be4f-15ee1a3af018,Staff,10
5fe184aa-3426-4a4b-aeaf-eca6d840819a,Manager,19
517779ba-cd9a-4303-8a7c-77c185bd1ff2,Assistant_Manger,17
a160726d-7bc9-4278-b8b9-fcbf7f2a9d0e,Assistant_Manger,17
5235f8c2-38b3-4b56-9c72-6cfb34c6c890,Assistant_Manger,17
4265ffa6-f79e-4efb-9bcd-630c923d6368,Worker,13
ebbdd528-bffa-434b-8fb5-ce68e1ee494f,Employee,15
b57250ea-903c-4ee2-b8f4-889c64cd265d,Worker,13
f771953a-19d9-44bb-bf9c-73b60ae18a4e,Employee,15
5ed95fdd-8600-41ea-a92a-199500c2e3ea,Employee,15
cba67fa8-d37e-4607-b695-07d933128d0d,Employee,15
00d1c2f2-718f-439f-af47-82069d72e8aa,Manager,19
96a682d9-f489-49e4-8ca8-116980adccd9,Manager,19
a1614970-5224-4592-88be-d7936665d381,Staff,10
e5644b48-3ec6-4b6b-b38f-4ce31150f11a,Employee,15
e5312d10-bc1a-4c9c-960d-380f1450ffbe,Employee,15
627ee4b1-6859-41ad-b68a-554fbc926be5,Manager,19
f73c6b57-e090-4f15-a621-334fa64128d5,Worker,13
c4ba46b9-8355-484d-8449-e6b45528e5cd,Manager,19
2d974b3c-e762-4ee9-b019-3bc2da02be55,Employee,15
a254dd9f-2669-48ea-9a4c-893a0a1b5304,Worker,13
a2d36eab-7c25-421b-820a-78312364342f,Manager,19
c9718966-e390-45b6-93aa-1be153883fcf,Employee,15
760a631a-8316-4bee-8816-ce0c9bc00947,Worker,13
6eb3eac4-8424-46e8-8a2f-d006f66f7ffc,Assistant_Manger,17
ac989309-986f-43b3-8df1-9544653881ff,Staff,10
44a5b173-1ba1-48ba-9913-31bd69ef641b,Staff,10
2cea004a-d621-490b-8a38-2f26153aee9b,Worker,13
bb150773-0d85-469d-994b-2b4b6d15c77b,Manager,19
0332491c-6fbb-4632-b944-c9b1c2d3e4a9,Staff,10
49f24b42-e094-4036-be5f-cf28b3b8e67b,Employee,15
e8ddaa7e-5694-4a99-a2af-d872abb6bc7e,Staff,10
d7e1d89a-7eea-40e5-be5e-adb57ee318d1,Manager,19
b10b7db3-3a16-4617-ad25-249d5bc0d095,Manager,19
bae22eef-af3f-499d-b8ab-bbddfc923cda,Manager,19
9345b08e-5152-4eca-9323-e4ea821b9884,Worker,13
9715e879-22b6-4c25-976e-eb49c2849efa,Assistant_Manger,17
2d705fe1-45a2-4d80-bf49-061f1fdabf31,Staff,10
84fd816b-9c24-4b81-9c81-9ffbe25ae354,Worker,13
ea23cf7a-a3e1-4c43-8a05-f32c6bee8b6c,Manager,19
423f4c76-7b3f-435e-9ac1-017850c9e362,Worker,13
c8899ba7-6968-4e9c-899a-5f6ab3a1bfb3,Worker,13
3d25f62e-d893-41ea-8329-bf1bc3d8ece5,Employee,15
24225de1-00e3-496f-ade5-c1c8067bcad8,Assistant_Manger,17
55fd7105-8388-4e0b-a210-4dfffa2bf785,Employee,15
333bc5a0-58ea-455c-a8a3-39d90ea38667,Assistant_Manger,17
a46e68f3-dda0-45c8-b230-50b0ad97b121,Manager,19
e20402a4-6869-45f1-97bf-8d9b92a8c30d,Staff,10
8c716ca2-e2b3-43f7-a96e-d935f47ef7f7,Worker,13
ccc177cb-efcc-43f8-bc21-12725135f411,Employee,15
60666cbd-6a42-4e3a-8ffe-c78245aedd6e,Worker,13
1d87eaae-9643-4229-bbcd-17336ef83fef,Manager,19
303c1d98-e8a8-48a4-ba01-1961f53ce753,Staff,10
dfde3826-7824-40a0-bb57-1cc3d8cdd9ab,Staff,10
2922e97e-a462-40bb-93b4-df0b94030643,Manager,19
eb780578-db64-459b-90f2-c00b8efb1f77,Manager,19
bf9dffde-576d-45f9-90fb-d8babe64c44c,Manager,19
00f841dc-5822-4d09-8759-be63013cc032,Employee,15
6fe80fe3-604b-4eb6-aac1-137449fdaec4,Worker,13
5b317a03-5617-4d03-a19c-17a1b381a434,Worker,13
e9e68910-01ea-4f4c-946f-7eaf96389702,Staff,10
cfc849d5-bb3a-4ded-aa3b-cfc97807e4dd,Employee,15
f569a62d-8144-48c9-98f1-7e5291ceb90f,Worker,13
2fd757be-8d76-40c8-91ab-5c5b3ef08f31,Assistant_Manger,17
5ae4f078-f50e-4f40-bda9-4cdb9c7827e8,Employee,15
99e9a50a-96d2-44ed-8df3-afdb58e54f3a,Employee,15
8d174d12-1d5d-47fa-92dc-c0df3e80c0fc,Staff,10
641eb45f-5254-493f-ad9b-1688cadaa7a5,Staff,10
0c0bd7d2-d0f4-4861-aef9-1cec69a38856,Employee,15
60741792-2531-4301-9039-bf7fdf7e89f4,Worker,13
099a1ce0-1314-4749-bf7b-469df2456385,Manager,19
06d6fe88-094a-43de-966d-a0ec1a4d2e0b,Manager,19
b224cc0b-85a6-4616-aba8-07fee07ed193,Assistant_Manger,17
eb31df0f-114c-4d79-b634-94ec6d5d39dc,Staff,10
6599bd53-fd8b-4893-be39-fc721512abd6,Assistant_Manger,17
7798b4ef-3c4c-46f1-a6d7-5ccc8a51e84f,Manager,19
f6aadb1c-d038-44c2-b9b5-46639af2535c,Assistant_Manger,17
90ccc855-0c7b-4561-b5d7-4b9d4ecf5b1d,Assistant_Manger,17
19b336ec-1ae0-4596-ab89-decb8d4fca89,Manager,19
7c99027a-2794-4f91-acc8-ddca8a339724,Manager,19
c2d2c036-290a-4b42-b9b9-701b1beb26b5,Staff,10
a01409fe-7430-4079-9db1-c2fd5b1ed5ec,Manager,19
0807fd74-fe38-4d96-a5ff-cea72fca8074,Assistant_Manger,17
731edb3b-0cfc-4c5e-b061-7dba9ccc82b6,Assistant_Manger,17
693be0d3-2f0c-477d-b880-f2a9dbc8309a,Manager,19
700af660-44b4-43db-8ce3-abe22e1dc9eb,Staff,10
50707a63-97ac-45dc-9078-6161285b20c7,Manager,19
cdc29e87-2959-4e43-b9e4-2b4080074688,Employee,15
15492060-5b20-4ecb-91a9-ba85da38300c,Employee,15
a7799608-19f8-4262-b918-986286cf180b,Staff,10
77f47010-7089-4dfe-817a-8ced6350c61b,Worker,13
3687a62c-a48b-4323-919d-ebe866a75a62,Manager,19
58ff6c58-1ee5-4b05-b843-d759a15990df,Staff,10
146a4fc6-a2ec-432d-8a45-edb90ba63179,Assistant_Manger,17
de98a36d-b94e-451b-92e6-4620bafce38f,Assistant_Manger,17
ef0a2beb-a766-4153-9950-1e4fac702e39,Assistant_Manger,17
0f702936-a41d-41e7-b3c2-37af4316d546,Manager,19
8597e037-84d8-463c-a492-93f811df86cd,Assistant_Manger,17
c0d0b5e5-22b2-4078-b584-7ea197dded5f,Manager,19
c2992f0b-5c70-4716-857b-6ff25d8bc3f1,Manager,19
d78c4d82-a105-4a1b-8b54-8022d1564278,Employee,15
993a385e-4645-4bb9-a0c4-0d6d7c761265,Assistant_Manger,17
f84291e4-7ef5-4d9c-9cef-e0ff212dc756,Employee,15
555852eb-982f-4f52-8d58-91f9142d3433,Staff,10
e832a164-dee1-4885-bdd2-f558f4a464df,Employee,15
ce5060ae-4222-418a-a4b6-9c01ba58d35c,Staff,10
9af4103b-83b3-420b-b814-552c967a3de6,Assistant_Manger,17
b1c268b3-1732-4dc8-b89d-508f378eeec3,Worker,13
102d5396-0df3-4f86-9407-84b1c6e65ced,Assistant_Manger,17
23dcceae-d4a5-4ef1-aee9-7d923c9bfc48,Staff,10
d00b5234-7059-4132-abf0-8ee0f1944401,Employee,15
f63b8513-3c86-4640-8b24-36c20bc642cd,Staff,10
abfd75ca-0f2a-4ec1-a066-fde8afa13294,Staff,10
20779080-c535-44ce-bec5-b0914e2b2f96,Employee,15
2d6be6a0-d3cf-414c-b04f-0c08dae71a33,Staff,10
5bbc7392-b40b-446e-89e2-ca3ebe867d60,Manager,19
8aa2c04d-ee83-41aa-854c-1fe43fabde72,Worker,13
c52d0e43-6f48-4b50-9785-a9025d066410,Employee,15
76388101-0cd5-4fa1-a110-a9ff0344725f,Staff,10
9df50711-1196-4be6-b713-ca6603e8dde7,Employee,15
3c254fed-a85b-47bd-8be6-701b51bf6182,Employee,15
a55ef957-54fc-4513-aa89-41dbb7b7b07e,Employee,15
731ca3b5-d4a8-4d66-8c5c-5935f855faf9,Assistant_Manger,17
783d0fad-6d2b-4534-a896-f2f926404e39,Worker,13
51f30808-8443-4935-a765-53033e5bfb1b,Employee,15
a9e96dc7-deb2-439d-822c-0d28d1b892cb,Staff,10
6c33d486-28ff-4610-8609-e4fdfb3a3641,Assistant_Manger,17
59ba40b8-1641-4f32-a7bc-81b95ded4fb4,Staff,10
5e23b254-d375-4c7f-8445-dcbff2eff8ef,Manager,19
1f293959-b8bd-4cda-b226-d465036ba6ad,Employee,15
f63c9c4b-cdd3-4bfc-99e3-5e3761f29060,Assistant_Manger,17
af1c43df-6755-4c5d-8be0-82c1838b5e57,Worker,13
a0b2b6d6-9183-4cfc-a59b-6be3bbf08b87,Manager,19
293320f0-4a9b-4e7f-80c4-cba6a344665d,Manager,19
c41874cd-c9dc-40b0-8013-3e8e980356bd,Worker,13
00f89899-b35e-4489-85cf-7e380aba71e5,Manager,19
70dd9f4f-618f-4bdd-b0c8-2ba91e8591b2,Worker,13
530a50ff-0b2a-4ff1-8cbb-6ca180efae60,Assistant_Manger,17
2c484de8-b82b-4d0a-87ca-39d00a4316f9,Employee,15
c8d3f0bb-89d3-4686-94f5-bf27276b2cf8,Worker,13
5f19820a-a522-4fe9-9090-19bde52a8f14,Assistant_Manger,17
61d964b1-9630-44a8-9ef6-1f0720c70672,Assistant_Manger,17
600ba92c-54ed-4099-89c6-e4fe8cf019a5,Manager,19
f211afe2-f5f5-48b8-bd8d-109ca7cf53f8,Manager,19
1b459579-d667-40f4-89aa-018948544993,Manager,19
36c9734e-fb43-4ec5-a98e-cf28544f0e8f,Employee,15
5284aace-bf78-428f-a3ef-c20325dacda3,Employee,15
1bddf551-4e57-4999-a299-b8c50e97bf1e,Manager,19
28f5b095-4a37-4c14-b6af-ec88a3635195,Employee,15
34e32df2-b73a-4472-8634-81df63ab0846,Assistant_Manger,17
97623fa3-e0f0-4cea-887d-9bde79c48c1a,Staff,10
d8325216-fb5a-4262-940e-1ad9f23b5ee1,Worker,13
db37f385-3269-401a-a413-87147c1ef674,Manager,19
f0477ead-4d91-498d-a23c-6ca8c75495f2,Worker,13
4ed4c9b2-de4a-4d34-bdc9-24c58e7a321f,Employee,15
1b9a0595-7de3-4158-8e54-45087992a17d,Assistant_Manger,17
1a086d34-1330-4cc9-8516-dbf995ebca0e,Manager,19
202c5b6b-c6f4-47c8-a2c6-23125d701d2e,Assistant_Manger,17
dbba83ab-c1fb-4e07-ac11-a3b9cde3da41,Assistant_Manger,17
4457c857-2ff4-4fdb-80d3-d48365d8d308,Staff,10
2129fead-0ed2-46bb-9c92-8b309e7f25ee,Worker,13
1ff3c39c-2c0c-4d26-9198-35bdcefd2ad4,Worker,13
1fe0b7a8-b1f1-4418-807b-8c2b92b6807b,Manager,19
a9df1c68-020a-4bb0-b584-11cc02e050d9,Worker,13
6d237b5f-dd3d-4e0f-b582-d53dc2db3614,Staff,10
2d3f7204-d312-44b6-a1ce-8803a5f2f895,Manager,19
6b435dfb-283f-4b37-8904-1daa30cceac7,Assistant_Manger,17
0086d485-0b11-429f-9f80-791e48e77349,Employee,15
05328869-9909-4401-8b05-be800d8106a0,Staff,10
83ad6149-3516-437e-95da-9dd962f56e19,Staff,10
e5902417-408d-491b-a48d-daaa97b316a4,Employee,15
1b85b426-eb90-4f44-92ec-57259adacc9c,Assistant_Manger,17
dcd434cc-aacf-463a-b2b7-bcac0a0bf3a9,Worker,13
e084f392-e57e-47e5-bce7-9179d06f627b,Staff,10
4dfe774e-af16-453d-8ea1-838712149787,Staff,10
abddb8e2-3d63-4bca-b9d9-ed068a99d43f,Staff,10
acd833b9-9d6a-44a8-9438-2a5690a26dc5,Worker,13
c7564533-fca1-4a64-805b-905175b501f9,Employee,15
c6bef1b9-22a6-4af7-9534-8bb38c95d30a,Staff,10
c6141019-6d5e-4256-b057-cc064d2503e2,Worker,13
45cabc65-a256-4111-9a0b-ee438d16e731,Assistant_Manger,17
7e6ffd35-2f45-4bca-aba7-79e6ba7b04ca,Worker,13
f7a527fa-c33f-4304-9fa8-81d2c743a370,Manager,19
cea9a5e0-cebe-4e23-ae69-f7955e8cb99b,Manager,19
82a7dc15-92c4-4e21-9cac-a41c66f11ee6,Assistant_Manger,17
8777ef88-da34-4ff1-bfb2-fa14affebb0a,Assistant_Manger,17
81e8001f-6921-4076-8803-006e2bbdd55c,Manager,19
78b0d45b-7a68-4520-be2f-fb26d0dda19d,Worker,13
919369c2-37f2-453e-bf80-3264c27cc64a,Staff,10
faa7b61e-e768-4be2-b740-e7cf0db2c1e7,Staff,10
53862c92-f812-4805-8060-1fe14bd98f27,Staff,10
d4a754e9-5562-48f3-9cc6-8f5f4c6f64fb,Employee,15
e375195a-7ea0-41e0-97f4-8ddb22a5ee83,Employee,15
51b08b32-795f-4681-98ff-ace7c243a665,Staff,10
e3ecce66-36d1-479b-98fe-d228ca80b8d1,Worker,13
1339ddb1-939e-4752-ac0d-7cf8ce4a7fac,Worker,13
0ab32e6e-3cd5-4d4b-ba23-58ca8e997660,Manager,19
2f22e014-0769-44c4-8b90-bffc694fe3ed,Employee,15
425a0958-2d18-4e95-a2ee-a2262747f1b3,Staff,10
ab0e64a0-4a55-4cf0-ad27-653f91a0f524,Worker,13
9b7c1749-a957-4ab7-9100-405028b51d95,Staff,10
1cc1672f-3900-4037-81ae-b86cb273bab6,Assistant_Manger,17
745c35b1-a4ca-4175-a69d-ed04714ad01d,Employee,15
6c63bb4e-0deb-4ef7-a5cf-77b8235d944d,Staff,10
368be9bb-5a89-491f-8e91-4a23dd020cb1,Employee,15
4f559ee9-0415-4d07-ad26-3740df03488e,Manager,19
05b17939-9abe-4041-b06a-a4b9afe0d8e9,Worker,13
47fa9032-11ff-4d25-a272-34d2d4fb14aa,Worker,13
818053fd-3a39-4c1f-995b-88b729d9f1ed,Staff,10
d8d58237-9266-42d1-8b52-0857936ad76c,Assistant_Manger,17
cd20e3db-63a0-4a23-9b33-cc3d88af3b3c,Employee,15
4a5f5855-a289-4f20-8ca0-cc97743a9c72,Assistant_Manger,17
553ec674-57c8-4456-9fa3-ef3504b84a46,Worker,13
7a84c912-39ef-4a0b-af2d-dcbc63744b33,Worker,13
1a114752-fa4a-4551-84b1-e098a75f7ee3,Assistant_Manger,17
75af79f7-6677-45d0-92e9-80978fe2fd82,Manager,19
6e1e712c-bd0f-4e22-b8e3-286160bb0968,Manager,19
d6473a88-4457-4b1d-8734-7e10e2df8433,Assistant_Manger,17
741f9394-4512-42e4-8a65-3c72aab4520d,Manager,19
7a7e4534-8698-499b-8525-d75e60915700,Manager,19
9d33e1e8-590b-4c79-bfcd-987a327fc792,Employee,15
54291d93-6cf1-4d42-8830-dd7dd3c85edc,Manager,19
18417f6c-c8bc-4176-8ed3-5444ce5b345d,Staff,10
7ad56a12-d83e-4cca-a81a-2c9d87716f55,Staff,10
5b7250d6-a878-45c2-8eba-bfae5e2eff2c,Staff,10
53db0af6-104c-415b-8b17-1bde68d1cfb0,Worker,13
d8df1531-ac80-40ae-b2c9-2a1f13b94f6f,Manager,19
bac44a4e-af6f-4eb6-ae5c-dd100ffd903f,Worker,13
9e81de39-f5e0-4b1c-a8bd-eeb1f69cb559,Worker,13
cc6d661f-63c1-42d3-b538-78b574764313,Assistant_Manger,17
dd58ddec-e066-4c19-8d1d-8a649b09382c,Assistant_Manger,17
1a7c8fb5-3959-48d7-9db6-1dbee2eeadc4,Worker,13
47cab681-e2f9-43f1-b8a1-be2b1310f5f3,Employee,15
3992539e-6a7a-4996-a6e3-085d3b1ab234,Staff,10
f286b15e-22d1-4ed5-b3c2-4177e050d997,Worker,13
a1690bd0-db07-4b96-b4ce-c3d0d47df627,Assistant_Manger,17
8c4790ea-ed4c-4f56-a911-795bc0f2d208,Manager,19
635b8f93-8afc-4a5e-afbd-1a49366487d8,Manager,19
d5155707-0478-42a7-b9f9-d9ea711fbe90,Worker,13
1cdd148c-1448-4ace-a96e-c8638b993fd8,Employee,15
858e5dc0-8214-49f4-9ba2-56dd2eb28269,Employee,15
f1f39991-6b83-4cb0-8cf4-e2a23d2425f3,Staff,10
41578ea6-0678-40cc-9782-9f190c8fcef5,Manager,19
82b1a8fa-6390-498e-858d-4ed3fd76d49c,Employee,15
0545b67c-3432-44ea-ac51-5e480064bbc9,Manager,19
84e6052c-fd9e-4743-9913-b1be9e323cc9,Employee,15
9dc4bb08-2b7d-416f-8f59-fa63c85c7468,Worker,13
2b603e7a-0a13-45c9-b3d4-e356ff8e04d7,Employee,15
fc03538e-a29c-45d1-953e-dd53d1effed6,Staff,10
ede430bd-1a8f-40f7-9e54-ff0047358975,Employee,15
88de85d5-09d7-486e-8bb5-8f718688ba1d,Employee,15
cef7ff35-37a5-4b77-b37f-54f8d1dccac3,Employee,15
3f3395f2-c8a1-49fd-a6a3-0aeddb976c25,Employee,15
bf48da19-e6dc-4dc3-a251-8f6d2d15a7bf,Staff,10
c3fc8c69-fe03-428d-b125-2c8844bab6b1,Manager,19
b11a82af-08e8-4d5c-9af7-90524f0ef89e,Staff,10
c250e8cb-cfc5-4c67-8e67-6a236a84ef01,Staff,10
dc506d6e-20ba-4a1f-ae18-3cc03f96db43,Assistant_Manger,17
28e2a542-3342-4f6d-b6d0-19b3752e255b,Assistant_Manger,17
08555abf-895c-4d9b-ad10-42fa1e1b8e3c,Worker,13
27619ad2-5824-4a7e-90b4-57110efb0685,Worker,13
21da71f8-64a4-4e96-891d-4417114f64ce,Staff,10
5121e5b0-1b52-4859-8a05-8355b9863376,Employee,15
5eeb41c8-8930-4bcc-9d4e-db9878203bb4,Employee,15
fdf13056-cb48-42bb-8d14-980f69a036ba,Employee,15
0878f123-e235-4c9d-a7c4-966925d87f37,Manager,19
4d070ee6-9bf2-4766-a849-450eb1cbaa7a,Staff,10
9f3ee53f-6da3-4f6a-8939-f629619047ea,Employee,15
b71f0435-9577-4e88-8c38-b8fcf9a47036,Employee,15
7aacee27-5cca-45ed-8a1b-eb984db95198,Worker,13
eb8337dd-ba13-4608-83da-557238f13fdc,Employee,15
9eb3c9cb-b72d-4e60-b0c4-63d5cd88fff4,Staff,10
8fcaaa8d-9bf3-435f-9495-82fbe2a30380,Assistant_Manger,17
490aa635-afde-4117-b3c5-adb6af605bcd,Manager,19
fa294a8e-9d86-4901-9b8b-5c323e79fc26,Employee,15
bd9c8ab5-766f-4ab7-ba81-be257468bdf0,Assistant_Manger,17
f1c283a4-1422-48da-a926-559d87989840,Assistant_Manger,17
6588c34a-f8e0-4ae2-853e-a9cc6b911a8d,Manager,19
96a08046-46a7-44d9-8e20-a74d7c77d9e7,Employee,15
8d076245-4001-45b2-a9a1-05f40d5f6ad6,Assistant_Manger,17
3b7930ff-507e-43a5-ac3c-ec3793a49ef3,Manager,19
6221d51d-7b12-48b7-9e56-d3797f14659c,Worker,13
aa1387dc-aa53-42e6-93dd-aae3d4d3976b,Manager,19
08aee54e-495e-425c-b045-fec4f295b6eb,Manager,19
309e6b89-3d23-439f-a40b-aea3a09623d2,Assistant_Manger,17
7baba4c0-cf75-4600-be80-9c517c9a61be,Assistant_Manger,17
0f0ea1dc-9d76-42ed-8186-19b411e19ec8,Staff,10
36ad8e2e-cd7d-4d54-9e70-41ae60ac8508,Assistant_Manger,17
3c5bbbcb-341e-4855-8b3e-749acf1be0a4,Staff,10
bbe1fe71-e7d9-4320-9f0d-dc9ffb58a37f,Assistant_Manger,17
f3914a3b-cca6-4e58-be1f-240d68be12bd,Manager,19
1fd4a12c-eeb5-4a94-9689-949ff3e819d5,Worker,13
21acbb6d-b289-4d0c-b68e-21e17c21f5e8,Manager,19
cdcbca3b-103d-4dcd-ae62-e369dc490b69,Employee,15
99f77502-e093-4c06-9faf-3ffeba79e1a5,Assistant_Manger,17
59dd630f-c8fc-4f64-bb7f-6bbcc3bf72b4,Employee,15
4e6fde11-9571-405a-be7a-6775046ba4aa,Assistant_Manger,17
f85b3fe8-a198-485e-a465-184a2301dd26,Staff,10
60266e5f-1604-4d99-80e0-4c86dabab09f,Staff,10
98f04115-8bd0-4ba3-922f-c20451809f2e,Assistant_Manger,17
8da3d2ce-267f-47ef-bb40-4d5c2d620238,Employee,15
a545de95-67ac-4d65-b654-296ac5817ad3,Worker,13
297f4009-e6ba-43f3-a9b0-26bafc300c9a,Assistant_Manger,17
dcb64dd1-9889-465e-867f-546da61cc686,Worker,13
bab895c0-f1df-4eb9-a8dd-85cbc60999cd,Worker,13
534fbee4-d09d-4ea8-8d84-b05dbc4a357b,Employee,15
1f4c73a3-b859-4881-9583-32407e5c51ac,Worker,13
3c232cfc-f52a-4194-9571-7cbbbd14ffea,Assistant_Manger,17
85dfd18c-9dc7-4db0-bf5b-5337ee5a9bea,Employee,15
96ebda4f-fe43-4800-afd3-c107f6e667af,Manager,19
fe320acc-d223-4bc0-a7c0-895494541c17,Staff,10
1a40283f-c094-431d-aad6-4163767cb8ec,Manager,19
56ed1523-ed4a-414b-99b4-3761d7ca0547,Worker,13
44b95200-d957-4c84-bed6-8ec00948b251,Employee,15
cd235c64-760a-4570-90f8-58de40b8930d,Worker,13
e03d4648-49d9-46dc-9796-764c3d5d298f,Employee,15
0a497bf3-48ae-487e-95dd-743c8f53fdb5,Manager,19
3bb1251b-542f-48cc-b05a-ab3b73cd3aaf,Staff,10
cc739db6-6a2c-4208-aa7f-5ab968dff8c1,Employee,15
3bbe0d4b-e74f-4a7d-bce3-7b5a09972702,Assistant_Manger,17
4e56eb7c-13c6-4ee6-829a-497e00f5b011,Staff,10
8b227dca-fd02-4bd6-89f1-7e174bb92d0b,Assistant_Manger,17
fd9d46cb-52ce-4cbc-9214-58a66eb3507c,Employee,15
27c7f33a-b54f-4fff-b941-a698b3e0e401,Worker,13
b50c9af3-f65b-4063-9a62-efeb156603fe,Worker,13
d1b6ddcf-0b36-41b9-83bb-b01cd6527b9e,Worker,13
41f4cf8f-89ef-465b-a4a3-de0e2764b989,Staff,10
31a9d2b3-88c3-48f6-90c4-1f8f33729c85,Employee,15
4a772d47-bbc2-4d3f-8612-44ace812e651,Staff,10
2d02e7f7-c615-47a2-a23d-be53c7561569,Staff,10
6da3b0d7-6e83-48b5-b73c-bebb715b33ce,Staff,10
303acdd5-5fad-4fa9-9d23-ec450ddce7b8,Employee,15
779e56e4-0468-4512-86c4-c525b7b92c5e,Staff,10
f9983f8b-4fd3-4afa-86cc-c27b9bce3c67,Staff,10
68f29c04-cfae-46cd-b2dc-11430bb17cf2,Staff,10
f2260511-7854-4ea4-85b4-606772d408f5,Worker,13
76137d0b-c1f1-4a4c-b40d-33cfdd3fc81f,Assistant_Manger,17
65d5c1e4-e50b-4502-ae48-dc6b06861d63,Employee,15
a84c6dc0-b1e9-4574-957f-758f443f77e6,Employee,15
0db66aaf-da2e-4060-affa-ba8502d474e7,Manager,19
460ea9aa-b60d-4dbc-b49f-a6c31a5b3766,Manager,19
d77baf7b-e24e-4b37-95e9-89a15c512ee3,Staff,10
80c444c6-6e10-471d-a534-36f00c7f6557,Assistant_Manger,17
ea024e1a-1e75-4fa6-8565-13d563bf2998,Manager,19
4d936509-4717-45ec-a9ac-8f355c8e81a9,Employee,15
2e877844-df8a-4a65-9d25-dcb246843f36,Staff,10
16b2dcaf-1880-44d9-b538-d463bc597197,Manager,19
2adb2fc4-d643-4903-b3af-f4fbd9ad639f,Manager,19
84f22bdb-722e-4428-b947-7560695d20f7,Assistant_Manger,17
5a1f8ea9-6aea-4f27-be3e-5214eb2c1c46,Assistant_Manger,17
37ddd657-e95e-4ea7-8dbe-93d3ed67fa4e,Staff,10
8c349bc1-562b-4de9-84fd-da4366d6fea7,Manager,19
d78a62cf-0354-4f9b-8af4-af644ccd7c2a,Employee,15
2f43f7a2-48db-42b8-87c4-883110bc6386,Staff,10
77a47f76-dc76-4492-9fb3-31cba127be63,Employee,15
233cf4c4-96ae-4318-94b2-a17a278d0450,Worker,13
d73df48f-c6d3-4d82-be8e-a7c1212dcb8d,Employee,15
5626384c-2d19-4c07-982c-c27e740f5bc0,Manager,19
d657fbb3-d337-49b5-b574-65c7f6107149,Staff,10
030a3d97-ecdb-4d9c-bde0-8c3335d02faf,Worker,13
b66df5fb-5bc7-4684-9834-6cd0f783fc25,Employee,15
1ae8ec21-e003-4eb8-984b-bf02448e0aed,Staff,10
2241e3c9-7940-4eb9-9532-86533cee328a,Manager,19
53e0a3e6-4d13-43f8-8433-970dd022c28f,Staff,10
cbbbec7c-adbb-4232-ae23-00fc8485c81d,Worker,13
b0edbfb5-523f-435f-a039-cbde56ad207e,Assistant_Manger,17
271e1719-4201-4fb0-9f75-0cb02f7803a5,Assistant_Manger,17
89632e04-44d3-42ba-961c-033bf6ef3dca,Employee,15
c9595c3d-f93a-47fb-8c47-242c7e8a9fa1,Manager,19
01482911-2681-48e2-9844-8dea08d7c4b6,Staff,10
b5259da0-ca80-4f66-a3ac-fe382ccc23dc,Staff,10
b35c13db-95df-41ad-96e3-964f4b0ebd8a,Assistant_Manger,17
0d911751-9253-499a-9e04-1b0477d534b3,Manager,19
467d735a-aa6a-4754-9849-d1f826b5ecd7,Assistant_Manger,17
541a67d7-1263-49bd-8b42-108098df21d2,Staff,10
12088669-3721-4a8d-b5e0-24235ad5b3d7,Worker,13
5e60c259-7eca-417e-834d-946b4503f97d,Employee,15
7d32c1a4-09e3-45ff-b5fb-f92d7315c1c0,Manager,19
39472c9c-1a07-4f14-bcb4-c0701793d6ab,Worker,13
33cd6b38-f0b2-44d2-90ee-52df981fb19f,Employee,15
7ed73a29-4913-4a68-b574-86ef2ebd4828,Assistant_Manger,17
61a55891-a0a7-4c79-b07f-a8ead3641891,Employee,15
2c901643-98c9-4440-8687-509fbed4eb83,Worker,13
0e384f06-1320-4ecf-bbd0-fad605d384b6,Worker,13
583f6303-f29f-430c-8b41-50f58154e27f,Worker,13
522106f2-1168-4195-97b8-2e16722dcf1d,Manager,19
d617e474-f035-4b5f-9eea-764a094e6d98,Worker,13
a6bc55df-ecfb-424c-aebe-37e0b20f4568,Staff,10
f2618f3c-5656-4909-bd44-dc1daf13bb51,Manager,19
4710a86d-fe2e-43c3-b223-6935267b3768,Staff,10
705b6461-d767-4833-9f67-8ffef3e352d4,Worker,13
6529124d-29be-48a7-abea-2c064800ba4c,Worker,13
0eb32ad2-5eaa-46ef-9f65-f44397fb7bac,Manager,19
6ff102a3-f5ad-4148-bc08-f2b4faa60d91,Worker,13
59ce21eb-f6b5-4cc5-a1ee-024f0bb54fd4,Employee,15
801e0d1a-13dd-4f13-a4dd-a0a2d5a9947d,Assistant_Manger,17
d66002af-70a8-460e-a31c-36859fce7c2f,Assistant_Manger,17
87720b03-d572-48d6-bdef-58d4b182d6ed,Staff,10
92e31256-fc13-479e-a695-f44a68703e4b,Assistant_Manger,17
b47548e4-de1c-4f53-b55d-0bd482d6fe8d,Manager,19
6e18cc93-96ad-4720-8d9b-de31f873b3aa,Employee,15
f2ccb3b3-3e5e-4084-9238-25864138a7cb,Worker,13
ceb71eda-e20e-4716-ab88-28502518112d,Assistant_Manger,17
b5e56c31-a5fa-4365-b048-6874180c3710,Manager,19
322a47fa-04bc-463c-af47-4ae7ac24e580,Employee,15
c7a966ca-6d57-4cab-832f-60ede41e4a21,Worker,13
71d3ade2-fdf5-4534-8fc1-4ee41b0d1f75,Assistant_Manger,17
9970b3af-dc94-4443-bd0b-356dce86ed35,Manager,19
bc6b54e0-d4f4-46a7-afa1-0bce054eedf2,Employee,15
37cafd99-6252-440c-8243-ae3c369b0baa,Manager,19
a624ebf3-e5a6-4c0b-ba48-316cc8369b82,Staff,10
c95b16ef-a23f-45d2-939b-e9f434250bd8,Assistant_Manger,17
0be6f257-6130-404d-b073-38edc99e1ff0,Worker,13
c059a387-788c-4b18-abf6-52421bce907f,Employee,15
e2ecef32-a2fd-4c12-ae6c-91af1b090dc8,Employee,15
064e494c-c897-4959-9cd2-6c18d3aeefb2,Employee,15
39437b08-3a9b-4a5d-a7ee-83895f8c80c9,Worker,13
4a940091-0382-4ffa-9db7-c23ee3a6c9f5,Manager,19
f3f3e9cf-6a1d-47c3-b6ce-028362c80016,Staff,10
8a9f0129-5748-4904-a0d5-83828ab5442c,Assistant_Manger,17
41b6f96b-81ea-4930-ace3-eb65c1fcd371,Assistant_Manger,17
91d9d24c-b82a-40c8-993b-a7e7ba8863e8,Worker,13
b18deee3-160d-472c-ac33-0d78b5a4660d,Employee,15
cd8e87a4-8ba1-423d-9cb4-f05eaa7a5fd1,Staff,10
c2e013a0-e249-4410-b007-a73d949d24d1,Staff,10
c838ede9-3476-418d-b0e0-738766be3108,Staff,10
aef59a3e-731e-40e2-abcf-b65db6fbbb44,Employee,15
091fe676-228b-4e2d-894a-af2f65e31225,Assistant_Manger,17
a5605df6-9f87-4ccb-a019-f50d26fad6b1,Employee,15
35eae520-3b1c-4378-8038-afa17d52963e,Staff,10
cdd32ed1-e1c2-41ea-a6fa-4483129a51d6,Manager,19
3bddd231-e12a-4e41-9a28-834bda0941a0,Manager,19
21084086-27a2-47aa-9ddb-fd811f3f2fb4,Manager,19
a574c864-1fe7-4b7c-a81f-28f545771adb,Staff,10
3526833e-3b46-44e8-b853-913d7f416242,Assistant_Manger,17
96d20485-fc9f-4b0c-893d-8c3ceaaf9ed1,Worker,13
d05b7c00-a048-435b-85ae-4b3fb4975c82,Staff,10
5c4844d8-fefd-4b30-8d48-6fdc2cd52a23,Employee,15
4e358e82-f003-42b8-ae6a-310a38efd2da,Assistant_Manger,17
6b7e27b7-ab3c-4135-9a3c-591bc26965c7,Worker,13
d3b134a3-1f5f-4522-9e32-c97d0f918fdc,Worker,13
576aa103-7917-4b62-859c-b5e8ec0fc04a,Employee,15
1ebc786c-0f15-4f33-8632-4d0ce55f60e7,Staff,10
04145c89-2129-42cc-8813-0e2ede81f6e5,Employee,15
141a846d-8136-4b5c-8275-c6b0b2660df2,Assistant_Manger,17
6f21e525-3597-4e8f-9444-934c1b40b6fe,Worker,13
61f7d55d-e59d-48b3-a007-a0d342b4fc51,Employee,15
676164b3-e0ca-4e9f-9b95-f7a60a262ed0,Staff,10
35099d1b-e104-41b9-997a-092a97f41b42,Assistant_Manger,17
ee363cee-d069-4d4b-8ca3-c84555adfb59,Manager,19
c716640e-87bc-479e-8a1e-383718ec6433,Worker,13
bdf45069-2825-4066-b9c5-1da7fad983ef,Worker,13
f34bc337-a3bf-47a4-911c-bd8d33be63e1,Employee,15
9004d546-e3f9-4ac4-9b14-33ddf19273c7,Assistant_Manger,17
dddd3dcb-8a9e-4341-9926-471e5ab77377,Assistant_Manger,17
8000a811-ffca-4096-ab7d-0b6aa0bdb79d,Worker,13
dfa356c7-b87d-441b-a65d-d5169385d642,Worker,13
b1562e13-2421-4414-8bc5-9ee967e286e5,Assistant_Manger,17
f63be511-557d-45e8-aa2a-b19a4050e9f6,Worker,13
c2544e0e-ba6a-4f42-af5c-89a98a6f6fed,Assistant_Manger,17
56b2bc73-3b03-4b2f-8ae0-ebdab6b39799,Manager,19
8f9b121a-f59d-454f-9d45-15c945d122ef,Worker,13
717cf3d7-b677-4256-9afe-1d014fb671b8,Assistant_Manger,17
87d8a4d3-7a62-4870-b3f9-f41b2caaa598,Employee,15
c0543883-b9e5-4974-85e2-5b38c330a5a8,Assistant_Manger,17
b9d40249-e62f-48f6-9413-955cfa829188,Staff,10
8f8da130-fec5-478d-a694-cd4151b8d377,Employee,15
d8a74c98-51a9-4b8e-8e12-b841766c3994,Manager,19
b32f734c-d639-4527-8076-bdbc39618822,Manager,19
04ca2b3f-4a0a-47bd-9583-00ccbaca9d5b,Assistant_Manger,17
3092dc72-1ec4-4a53-a6c1-0fc678a3f480,Employee,15
b76ae68e-9b2e-47fc-ae09-fb5b35a9c664,Staff,10
9af6eda3-055e-44b6-9391-f770aae3d997,Assistant_Manger,17
48992b3e-2178-4ef8-ae3e-1acff255f691,Employee,15
822b322c-685e-49e0-a16f-e340897ecf8b,Worker,13
1276504b-34d9-4e7c-b981-a92e66890b0f,Assistant_Manger,17
38291fd2-f2a6-440a-815b-76b76806e562,Staff,10
f1c3067d-493b-4b90-909f-8f0c680703e0,Manager,19
3b87afd8-5973-4b4f-8ece-640ac52be20e,Worker,13
f9c84798-ad13-42d2-a6c2-4adca0712d66,Manager,19
93660822-8d88-463d-8578-c331ba681365,Manager,19
f3f2041e-0bd0-4e7e-9499-bc4c0d3c9cc1,Worker,13
92445e86-7b23-4951-8ef7-ca8a2e68fc69,Staff,10
fb8faea4-5188-47f3-abdc-f7967975ffc0,Worker,13
8910c95d-a37f-459f-846d-e1e340193a58,Assistant_Manger,17
426c7d74-4ffd-46a8-a8ae-693493dd4aa4,Manager,19
5318d6e7-47a1-4b03-b7f5-ac09022901b5,Employee,15
bc0c0bdb-5285-48d4-b8ea-8355c855ac8f,Worker,13
7ac8bb76-77bd-43e0-9b9d-e3b9c02fa325,Employee,15
669009c5-25c8-41b2-ba3b-787db7f5ef30,Employee,15
f33cb9b1-79d4-4a57-a1d1-7eb413455bec,Staff,10
789c9aae-4156-4662-b97f-fd7e5a522a54,Assistant_Manger,17
d518b919-9b7c-4680-ba22-88ba1ea45bbe,Staff,10
72692183-16aa-4cf4-aac7-10a6979185b1,Assistant_Manger,17
821d1c6d-131b-47bf-b703-be5c64e380dd,Employee,15
c72311db-c99a-460c-9922-4bd4f1085669,Worker,13
3da85040-6d7c-49de-aaae-afecd283f4f3,Assistant_Manger,17
3f3a5e6b-09cc-41a8-94d5-21c44552e283,Manager,19
1cfccd73-6f60-47dc-89a6-231200b2bd15,Assistant_Manger,17
e7c093c8-d5f6-40db-8741-4b7ea661654b,Employee,15
48809ecc-6831-42dc-88d9-f84fad8d8bdf,Assistant_Manger,17
6f39bda6-13f8-42b2-8802-a4617f6441a4,Assistant_Manger,17
5eb0ebe8-7939-4a51-9a26-d57117d4dd33,Manager,19
2d0326db-7768-4569-a20f-8d1ccdc3bd16,Manager,19
b42e0468-7101-4386-8d38-4de584ea0ae9,Manager,19
943c87d6-c9a2-45a4-a002-78565c049dcb,Worker,13
90a9a827-5678-4adb-9193-8f76e167de17,Manager,19
10eca6f4-c2ec-46de-a644-d6075fb8a6c9,Employee,15
a75ae290-c634-42be-a564-2171ae358821,Manager,19
3481085f-3334-4dfa-a6d4-e7179a675a1e,Worker,13
5c5c5f0b-3eea-4aee-b07a-2a2e1cd0ac63,Staff,10
ae351906-d23c-483e-9a09-94ca5886e8c5,Employee,15
3190e6cd-e12d-4dad-95a4-8ed7a6a3cd9d,Worker,13
87ec9623-3cce-45b0-82d1-b7e73dfc9436,Staff,10
33b28d36-b42f-44e3-8452-336125bd80bb,Employee,15
b6897384-607c-4816-a709-127d08f8b911,Employee,15
8c5712b5-c326-4993-bb27-68df6a695d30,Manager,19
d7739b1c-8ceb-420b-994d-c2d080387cb9,Manager,19
9b9a26dd-4904-44ae-9eed-07e20bd94637,Assistant_Manger,17
2fef6199-4a66-4c87-8df0-49e7b840373f,Assistant_Manger,17
a470bf92-cfbe-4f79-a24e-bc946245b30f,Employee,15
0a9681c8-d3a9-42d0-a45e-c03060f6b65f,Employee,15
b47f9a54-6011-4941-8a81-48ae7568165f,Manager,19
0f36c868-71bc-4cd3-8e4e-5947df2bc008,Employee,15
65bce836-69d8-48af-b3c5-ed25444bf037,Staff,10
811d1381-1d37-430c-96ab-319d5f0e0247,Assistant_Manger,17
8869d06b-fcff-460b-82c7-c02a918d2dc8,Worker,13
21c5e0dd-2b95-4d2f-966f-16b0788130cc,Staff,10
12d63444-214b-4870-a95a-e08e361ec2a1,Employee,15
0af6003b-4071-488f-a7b4-cb7a90a24e12,Staff,10
5cbc5608-128a-4a4f-9859-33983a6911bd,Assistant_Manger,17
ac290fbd-7328-41d6-9bb3-47739fa80943,Staff,10
12da9c54-0ea1-404d-b024-e7ea73c371dc,Manager,19
46126c65-1a24-4efb-a34d-e5e91637790b,Manager,19
d6cad5d6-3e00-495f-97b1-0286621f4e2c,Manager,19
1916a3d2-1649-4106-864e-026e3f7fb778,Worker,13
c9bcf64b-eebb-462e-b3f8-5928d207ffe2,Staff,10
c56bca21-7502-4f2d-9cec-1b9744ed4b8b,Assistant_Manger,17
fec8978d-3fe8-4c84-9a32-bcc21d8d054a,Staff,10
e9c80db3-9446-4a41-ac75-80b07623d83d,Staff,10
15465ff2-5e04-4d42-95e5-c6112e6e2af7,Assistant_Manger,17
9fe84942-5e66-402c-8d88-0df14278a06f,Employee,15
39b9f839-b62d-4b72-92d6-c462fec77a8e,Assistant_Manger,17
e8840ef0-4683-400f-beda-97be69cbe956,Assistant_Manger,17
cb3c5910-a3aa-4839-8f02-f224103fa19d,Employee,15
0acaf8b6-2985-4796-8503-2feba74db705,Manager,19
f482c43a-5a9c-4eca-ac6e-77437e408196,Manager,19
0fdac6ff-e825-4eed-aa35-a1d33d938af1,Manager,19
d54d1a97-6a8d-41db-8fe2-d5d6a3c73367,Worker,13
192de4c8-1913-4f39-8cc3-b6e3152e283e,Manager,19
a75bf479-5e46-435c-bb97-f0ea9b52adc7,Manager,19
93ad0c89-61eb-4ff6-857b-07925efeec8c,Worker,13
45e6ceef-171c-400c-b70f-ef827af2dc0e,Assistant_Manger,17
f9bbbcc7-1954-4869-9b04-d5ef2ee0b015,Manager,19
87172d97-ce3e-478c-8ed0-bf82c7f92cc4,Worker,13
ee1379cb-4a3e-4afd-a94a-e72634afa239,Worker,13
d8c03a12-9367-4248-9af6-9852a028cc6d,Assistant_Manger,17
79ceccfe-7cf1-4bc9-b8c0-9b80027c2c96,Employee,15
e996aa2e-a9ba-4e51-858a-84c815f898aa,Assistant_Manger,17
1e371cd0-4e73-4175-a73e-e8d77579fd7f,Manager,19
914470be-1275-4f3f-a050-f1973e1c21e5,Manager,19
e95ccbc6-c36d-4739-83ee-4768858522a3,Employee,15
ddf82d28-3ec9-43c8-8207-4202e47f5f4c,Worker,13
d1a30e6f-8c61-4490-90ee-aecc2f2c6268,Assistant_Manger,17
61bbe0bd-81f8-4095-ad93-f03124e90c98,Staff,10
592ab7d1-4c95-4f6e-b7be-35ab4c2d3572,Staff,10
b01e45dd-044c-4f64-bdb8-a23982f654a8,Employee,15
5fbba8aa-d7d8-4c95-8ef2-0245b13e7ad0,Assistant_Manger,17
e2f8355f-466b-478c-9250-f7eedab2f922,Employee,15
d430abee-2d11-4d72-925e-f896f0c12493,Staff,10
f581777c-a553-4adf-9365-3b167b103c1b,Staff,10
da8ce91f-97d7-4362-a838-a46f3641ef6d,Worker,13
209ea71c-bda3-4515-aeb7-92efe156cf6f,Employee,15
130d131b-09a9-4e26-89d7-526bbf38e87b,Staff,10
2f0542f3-1f7b-407f-8aa2-73c3f4bb8653,Staff,10
77a32c21-48a5-44f0-8a14-1812ecd305b0,Employee,15
9b817fd6-852d-4703-8280-dfee19b1947a,Assistant_Manger,17
64ce6088-21d5-428c-8ef6-fda78a2cc95c,Worker,13
cb2e284d-414b-427d-8b29-0b110642bd19,Manager,19
19d649e1-35cb-49a8-a2de-80a3659db51d,Assistant_Manger,17
8aa33827-05bc-4de2-ad69-a4267e257876,Manager,19
f054b7e7-aa31-4bd7-a298-d674bd24dc7e,Assistant_Manger,17
5088016c-a6cf-4379-85ed-f9d3b081998d,Manager,19
8fd7fff7-15cc-44d5-af76-c03d62365991,Worker,13
6c8bd6af-f88b-4900-bbbc-c821c006db0f,Staff,10
46db83f5-204b-4b10-a836-5d9d31e30b2d,Employee,15
82d7b035-3b94-4e05-bfda-d9f091154611,Staff,10
e863ae8c-f703-418a-9325-8fe239b24ab5,Worker,13
833e9c1f-65da-40c0-9fa0-c15819beee11,Worker,13
08851672-ffcd-4186-805e-7af0fe26b1fd,Staff,10
f20fb87c-950e-4d07-8c8a-f6bddb93e32f,Staff,10
5bc399f0-b492-499b-b79d-9a576963217c,Worker,13
4f013bff-8a0c-4e1d-be14-449784ab704f,Assistant_Manger,17
13c27579-a2ff-4fd9-ba6b-37f90b611f4d,Assistant_Manger,17
aa73da52-c742-4e22-9e6b-5363570b7522,Assistant_Manger,17
910cbf72-8c87-416f-a5aa-715150ed6583,Manager,19
ebd2d99d-7f64-486e-be0b-6c2a29f95e36,Employee,15
2044f38f-2347-47d8-b47b-d18b92a827d7,Worker,13
ba21b27a-87bd-46bc-8306-d298942ddc08,Manager,19
cb31258a-6286-45a0-bc5c-91b3d6413a4a,Employee,15
ea2baf42-4afe-4889-be21-8b0370255fcc,Assistant_Manger,17
47f9c4e3-42c7-47fc-a5bf-f9c6f9701b11,Worker,13
ac9469a4-644d-42de-a0ee-ac34c99487e7,Manager,19
d2878a8c-625c-449f-b13c-19b5612a0d6b,Worker,13
3cb63c4d-b809-4f77-8fcd-0bdd99fc61e5,Manager,19
de15cf4d-d656-42f3-875f-739b7c7b831e,Worker,13
83d79ca7-6cd3-44b2-83c7-1128f1247972,Assistant_Manger,17
0e069971-e325-4126-a22a-8512dc4cd392,Staff,10
e3ba5cd2-c730-4c13-9c62-347634e0cdf5,Staff,10
9815f52a-48d7-4733-a2d6-ddac881faf67,Assistant_Manger,17
a1d0e6bc-314f-4aab-aa95-dbaab7f2b159,Worker,13
df256cd3-641f-4f20-b5cd-655200674566,Staff,10
345f86f0-2374-4f44-8a76-49d528c77030,Employee,15
33795b5a-7dea-4549-9846-d2cd11fc7d33,Assistant_Manger,17
c4929bbd-497c-4777-8b32-4399daef4877,Manager,19
f146d718-9129-4650-9de2-c7bbe5dcb143,Staff,10
b0ad42b1-5e3d-49fb-88d0-49f3e6d23502,Manager,19
d27dcfe6-b49f-47cf-ac5f-401ce72d43df,Assistant_Manger,17
63553990-89ed-4072-ae1c-e0d5afd97a21,Assistant_Manger,17
9e93db4f-72fc-4f0b-92f2-6e8d05805724,Assistant_Manger,17
cfbd82a1-5da3-46c0-b6fa-235a721e86cb,Manager,19
10eedaa3-c06c-46f6-8734-611ae0d07d12,Assistant_Manger,17
63ced632-99c7-47ae-942c-e61f72fdd942,Employee,15
eb3ee45a-f676-434e-b66a-3d60df7ffd69,Employee,15
6b1d3d93-e3a5-431b-96ff-f242fc56dea5,Employee,15
abac1002-68b6-4342-847b-2394656e32fb,Assistant_Manger,17
052e203a-1cbb-41c6-844b-1cb5117f8b36,Staff,10
21c0e1d2-1191-43ef-98b6-7e6d66abe7f5,Manager,19
a42aab2d-0d1b-475b-9e23-a7b0666c8997,Staff,10
ed9bf40a-93e9-4bf3-aaec-bfe324409d86,Worker,13
a6cc127c-e92d-43e6-808e-c1a514c773b0,Employee,15
0e597b31-06a0-4034-b46e-cdfd7301f484,Assistant_Manger,17
d1b2d45b-d4db-4659-a321-d1b28676667f,Worker,13
3a53836e-9f4b-423e-9ea3-e79b32f4072e,Manager,19
ffdc0881-2df9-4a97-8402-b6dbc2de71ae,Employee,15
165cafe1-ed04-434d-8935-6c9e04c6db24,Staff,10
130682a6-d603-4712-9c7a-5b48d24a964e,Assistant_Manger,17
2e024ae9-73d8-47fe-a80f-3bfa112cbf0e,Manager,19
93687384-3171-4d69-a5f0-c9a224c6d374,Worker,13
007d9e0d-105d-47c2-8935-39565f721a76,Employee,15
abf0d969-4a39-47c3-8f15-6a9df4dbcaa9,Staff,10
47943885-d5c1-41ee-92f9-840f7cea28bc,Manager,19
04892e72-96dd-40dd-94e5-bcbdbc28bbaa,Staff,10
5b4cbe8b-dfcc-498b-b494-72493fbfbb9c,Staff,10
d6993c47-0724-4190-bd1a-b55a207f9803,Worker,13
0d50430b-716d-4753-bd9f-25def86e3e0b,Employee,15
6a2f5ba6-cc80-465f-a476-a659d9c62891,Manager,19
b6760568-1907-4525-a2dc-536b0cb43afe,Employee,15
63775cad-dc07-499e-a135-b381db0be60c,Manager,19
096b5c72-6b77-4b15-8e6e-941dcb0be3f1,Assistant_Manger,17
fc28b694-334b-4373-a207-948d0d808c6b,Staff,10
a760c08e-2fab-42d5-9311-6552b2ced3d7,Worker,13
8ec190ed-66f9-42d9-bf57-3518cb1588c9,Employee,15
bb22ec89-70ca-4dab-ac97-de7ef49395cb,Employee,15
2546c55b-708c-4b55-ba74-ab3752936919,Staff,10
54961444-d59b-4ab6-8386-a82bfbd6f8da,Employee,15
264e4c4b-149a-4239-83a9-2bf82043e6c1,Employee,15
ff89cdfd-fd73-4134-8c98-500688c2e3ae,Employee,15
13036218-4133-4d1c-8764-a85475d1830a,Assistant_Manger,17
172cb44e-74de-48ee-b969-b6a745f77ed8,Worker,13
2bd5db90-1fc2-45b2-9102-4925549b78ed,Assistant_Manger,17
4392546e-ab07-4b6e-a527-4877b769ddc2,Employee,15
a1b73500-57e4-48fa-80c4-27e5da2c1202,Employee,15
7877c033-25ad-4886-91c4-6809030ec81f,Staff,10
2c45e00e-b2fc-45b7-b5f4-39490967b013,Manager,19
eda1c32f-b1b7-4a06-ad3f-8280918284a7,Assistant_Manger,17
ec0eed2a-a465-4925-bedf-59f12f14d7fb,Staff,10
ea2327ef-ca33-415d-9845-6d8d7ac8a6f8,Manager,19
6b516732-1fa9-408c-9614-9971c72aa8f3,Assistant_Manger,17
329dacf5-d9be-40b4-bef0-50ecf1345b1a,Worker,13
999a1084-2527-49ee-b406-761fadc8e318,Staff,10
49224e4f-6b23-4897-ac18-8c3517d55ac8,Manager,19
67402eaa-b196-44b5-ad3a-0b0e4a1aa157,Worker,13
c05ac6c5-0bf9-41c0-8197-7a43ee4d9407,Worker,13
52f342cf-2e68-4757-a3cc-78c43364b1f5,Worker,13
4aa358ce-2e5d-410e-b7d2-cd3aa4cfa463,Worker,13
b4b92e58-c247-43ab-8021-bf90d32dfa68,Assistant_Manger,17
f15933bd-2ef2-455b-b5a9-d98db76430e9,Employee,15
a5ac15a9-cd10-451f-86a3-7f5bd35a8f99,Manager,19
00b65fba-f1de-4d35-96a0-a6130170a7f5,Assistant_Manger,17
e05d5009-e0b5-45ea-98e5-134fac38008f,Staff,10
ade3e8f7-ec25-4acc-8342-1b0414fe3a5c,Worker,13
350e4ca3-4723-4e73-a84b-b4342a669367,Assistant_Manger,17
da862d11-10c7-425c-baea-56e37f172cf2,Assistant_Manger,17
866f7786-6a39-446f-b219-f46f83c11767,Employee,15
732e409e-fdb3-47fe-b7d2-a30640df6e59,Manager,19
58bf4888-87e6-4e4a-8857-d07450482e75,Worker,13
e90a1062-ac11-4fbc-97e7-d21e9fc0ca39,Manager,19
e1f05561-c0d1-4fdf-bd5b-f05b577bb53f,Assistant_Manger,17
76e62b76-f110-4578-91f5-059a27043ffd,Assistant_Manger,17
748578ad-61d0-4571-bc60-3568c5b8a87e,Manager,19
a9b49dfb-774e-41c6-8503-739b146cdef3,Employee,15
7d9b2eaa-48f8-4d3b-87d9-792aa8897a91,Manager,19
325f151e-3b1e-4280-9b77-79b89867a716,Worker,13
7b6f51d5-9c49-421b-bbfb-3ce0af01b55b,Staff,10
20d42c22-a43f-46dd-ac6f-afcfcbd142c2,Assistant_Manger,17
c96a1794-7893-4be5-bc9f-223acc9d63af,Assistant_Manger,17
da174d69-8659-4388-bf3c-915af95af9fb,Worker,13
f166bc81-5876-440f-8f44-9bac84cfa975,Employee,15
0ea5114f-5290-4f96-8de3-7123a6b8e249,Worker,13
250a29c1-1b3d-4f8f-b757-32335d683cf0,Worker,13
e996fe12-a99f-47d9-8742-c0fd67396010,Staff,10
e1e8d77c-d668-4705-8480-cb11c6e56772,Assistant_Manger,17
abd32b8c-b25d-4837-80b5-5ab8dabea49a,Assistant_Manger,17
19411c92-b99a-4e61-b464-7b3133eab887,Assistant_Manger,17
e47f5e90-32c1-409d-b396-4d64f4136e41,Manager,19
ec3ebcb7-a37a-464e-beca-46c7c4df0a81,Manager,19
68b87389-3df2-4c5a-80cc-41c6d94b7770,Worker,13
2ef2c4cc-c24d-48cc-9037-ac0a3fb43ddc,Manager,19
0ea1469b-2055-4ec2-bc55-2a74303509e3,Staff,10
6f252425-7186-40f9-b98f-faf7e3b0c848,Worker,13
a80dcad2-8169-466d-8361-70f56c017d42,Employee,15
89075cb1-fd94-49fa-8454-9448e05fe0db,Assistant_Manger,17
dc89cc0d-9e7b-498a-9655-3ea08b8cd765,Assistant_Manger,17
8e218fe5-b47d-4d21-ae9f-0cf85337e82b,Assistant_Manger,17
d2de0051-67fd-46ce-bc0e-ea468d6ea7a0,Employee,15
eb56e2fa-9f4c-4368-9a36-b30054af4287,Employee,15
fb3e9291-7cb5-4f04-a361-fb9eb2d4fcaf,Assistant_Manger,17
1b4bdbcc-33e9-4a2c-a858-816a6a8e7a4a,Manager,19
e6320643-c15b-489d-ab85-388417c0a6b6,Assistant_Manger,17
a07034a1-6846-4545-a169-563503300b59,Staff,10
4f9b1337-7b20-40f6-823a-57523ff4105d,Employee,15
22f468ba-eb0d-4fab-a923-92b4c833ebea,Worker,13
3ed63e62-a5a3-4744-9b88-925b488383b5,Employee,15
4001cf69-adf8-476a-8215-9eaf9da777f4,Staff,10
552b09c0-9074-403e-982b-2703a9b2b94e,Staff,10
f9167580-805b-4a48-9a81-3762719f98dc,Manager,19
74b29c1b-8d77-40a1-a934-e97e737ad9d9,Assistant_Manger,17
449f4aec-8527-43fa-b8a0-752b1f12dec6,Worker,13
52e4ac7a-5442-4185-8829-15c91b1510b2,Worker,13
68601bec-3f8c-4357-b3d6-18090910848e,Manager,19
a6e63807-b7a1-4180-a7b4-95a2a541190a,Manager,19
ffa5e28e-99c7-4087-87f2-45922d3740da,Staff,10
eff5b763-e70b-408b-8d93-f6d9e382fa62,Manager,19
6de7660d-f260-401d-921b-d86867bd290e,Manager,19
20e31b7d-35a2-4895-9cd6-36d1215352ad,Assistant_Manger,17
b44f0dda-a538-4f26-b3e0-5dbca5ab4594,Manager,19
683288a8-a2a0-40e6-8db3-f772ecc2c8bf,Manager,19
47903f0a-4759-4533-8b49-40e3c8e2627d,Worker,13
8a01147e-b955-47f7-894b-da81c0c8cf51,Assistant_Manger,17
0e18f060-589d-4d07-bd0e-bd08637289a1,Worker,13
567e1f74-6df0-4f75-8c60-b7a481bb2592,Worker,13
0c3d0807-1df8-4dd2-8672-53f2fe5f9b3e,Assistant_Manger,17
0440bf43-2f07-4d93-8bfa-cf60019ef2c1,Worker,13
489fc975-b8e6-40e8-9a6a-b89ee38c255b,Staff,10
8bcd4a6b-35ae-4efb-8821-e657391d479d,Manager,19
386f057a-bcac-4c2d-8767-8fcb4454cd37,Manager,19
8ab217cb-d02a-4903-ab63-b02afea400c3,Assistant_Manger,17
a498ad80-4c9d-416e-a6e0-4be6ffc9abc2,Employee,15
b9693eb1-87f0-4433-9773-d5e4d82b2f60,Assistant_Manger,17
a5992879-9f3a-4f14-8d36-96d4dc4a33f9,Employee,15
01525692-6faf-4309-9ed0-f00e3fe2af7f,Worker,13
707e3800-939c-43e9-bfa8-72591a044dbb,Staff,10
8d3b8765-92ea-46e9-9901-02051c528820,Worker,13
cb470e3f-b24c-4e18-a61d-abd03517ef99,Staff,10
2e8b367f-3eb8-41aa-90b7-dd3b989808f3,Assistant_Manger,17
31183f8d-015f-40c5-b362-f1b6f6ff2d16,Staff,10
e81a6e38-e188-4f87-b381-726d9cadd399,Worker,13
b5913614-fd3b-41e7-996f-7a535590999e,Manager,19
788afa11-665a-410f-8245-5c75150d8c25,Manager,19
8e5420b1-ac97-4a32-b6f4-686dfd3dba4a,Assistant_Manger,17
9e81ec21-82e6-46a6-bb93-723226ac1eb9,Worker,13
ee074d8c-b8f7-4837-9f8e-da7850738411,Worker,13
fd751f9d-ea8e-4186-992b-311a27068fea,Manager,19
e309f25c-918e-4cdb-93ad-2e76e54a4fa1,Manager,19
17b1b06a-bd17-4c21-8893-65cc87112177,Worker,13
2573871f-cfbf-4715-96f2-096b6b03f5ff,Worker,13
a964a358-12ba-4fd3-a60a-7b79c399ea2f,Assistant_Manger,17
b21f767f-d75b-494b-bd84-b17bdd83c1c1,Employee,15
b7c99df7-277d-4093-b264-c236165140b2,Staff,10
b997d280-52b3-42ac-a897-2b90651aab98,Manager,19
0990e491-0c54-44a4-b95d-7056d676a279,Employee,15
af30679a-1b1a-4005-b522-ab489883065a,Employee,15
a22164b9-bdc8-41c6-b7a6-bbaed89e07cb,Employee,15
c4268de8-42fe-4d2d-8f06-c50e947b4743,Assistant_Manger,17
5773b05c-9234-49ed-ab6b-d97736600bf6,Assistant_Manger,17
b3ad0f83-4db0-4462-ab08-f80a36db2b23,Worker,13
1a4c5cf2-5389-4655-9b1b-cf118f24a0b1,Staff,10
52f3dbf7-1093-41a4-8948-285ee38fe0af,Worker,13
bad74c12-8e22-4b07-976a-df38cd184491,Worker,13
47277b3e-c07d-4caf-ac08-1e05354e1f28,Staff,10
a97a128a-dce9-428b-990e-e55d15e57a1e,Manager,19
b6fd4f9a-4262-4b0c-b193-bc24aac334dd,Assistant_Manger,17
4a143fda-2411-4906-a410-20023a87701d,Worker,13
7390bf84-739f-4ea4-942f-55185cd8d61c,Worker,13
6c61a2f9-bfdf-4513-a285-c73ceffddd86,Manager,19
3f95fdba-cee6-432a-8d03-d64febcfb641,Staff,10
ad510606-7863-47da-8722-5b1978709463,Manager,19
c96a5360-23cc-4486-a17b-36010c7336d0,Manager,19
8c6267f4-edeb-48e4-b496-1c248e01bf7b,Manager,19
8b9cff4f-7013-46ef-afde-c55540583dd5,Manager,19
43e55845-0a65-4a06-a336-88b17e615c3b,Manager,19
07c8608f-7263-4b0e-9d85-b22ec8e8db72,Worker,13
c7ab2aa4-9dda-436b-a720-de9859918d5f,Assistant_Manger,17
4eaac579-957c-428c-9bfe-bb445bdb497e,Manager,19
8bb52ebb-2b09-4490-aef6-0017796bde70,Manager,19
44cc00bc-3c68-4368-9921-ac02b649dc92,Employee,15
31ea9f7e-d5b7-493e-8c58-e9cc8cb934aa,Manager,19
36fddaad-99af-4bb2-8361-7437fb4663b6,Staff,10
c43ca043-2321-4976-8bc7-4af7aad38d49,Worker,13
0722217a-8402-4fa8-af84-a8c02be54fff,Assistant_Manger,17
a3a398d4-637e-4fa5-8937-3cb65d070a4c,Employee,15
5a64b95f-bb7e-46cb-8136-19e24969f94a,Assistant_Manger,17
9b7ebc23-8255-45b0-8889-1435c1859534,Assistant_Manger,17
a767dae4-02e5-4ba6-97db-2cb3a2f5ff57,Worker,13
27ac5bb6-ba01-4f0e-b0d5-209ce44160ac,Assistant_Manger,17
b53695f8-58ca-4e27-832b-0afd7836732e,Staff,10
ff383d99-8196-4e57-85d3-5f6f18e88e51,Worker,13
8a406ade-9a64-4dcd-9728-eac2b7d48567,Employee,15
0e3aed3d-36e0-4b0f-821b-96fe83140c65,Employee,15
e2fb8955-f216-4472-9b07-7fc29639c3a3,Manager,19
41d37a5c-9647-43e0-9924-7caeb90ce754,Worker,13
55e931e7-2d8f-4a24-b9b2-53ab6d3bc153,Assistant_Manger,17
76a16f15-9f05-4b1d-9f90-9cb6cfc552ee,Worker,13
334ad209-da6a-40ce-9d6d-18dfbf0c0e1b,Worker,13
9ca04a90-71a5-40dd-9285-f0df82c63bd0,Employee,15
0b6c392e-e48f-438a-8452-8e1dfe3e63f9,Manager,19
94d20b1f-b92b-4b13-89fb-0aa2697ec933,Staff,10
58fccca8-43eb-41ab-946d-e079b7ae56bc,Staff,10
47bfbd3e-eac4-404e-ad78-8bf181accaed,Staff,10
956f237c-1ddd-4afb-b9fa-9f7a852403b2,Worker,13
ce283e20-79ac-4f85-9106-57304aaf483a,Staff,10
68b37dc2-51ce-4aec-8036-0e7d6a3c57e5,Assistant_Manger,17
796d8636-7eb2-456d-89bb-dca594810bbf,Staff,10
b6822c2f-28f6-485e-8c4f-d64e75a4dab0,Staff,10
eb650354-5c3f-4831-a71a-b53099d75b7e,Assistant_Manger,17
191933e3-02f6-466e-902d-9adfde8db053,Employee,15
540d5936-5f32-4c60-8da7-8e75229c9692,Manager,19
3234e1b9-b836-41fd-8e69-e2e9b2476364,Worker,13
45a51ad2-e409-43f0-bdd3-73b58602a925,Staff,10
15ceffc2-4313-4345-b8a3-f1a851d41b2c,Employee,15
936aa06b-c34d-413d-9366-1745553d3ea6,Employee,15
c7e3828a-a616-4a84-a88c-293451085a1f,Employee,15
e1d85cb7-e063-4ffe-bc50-7aea0f4b8fd6,Employee,15
0521b091-0c8d-4ef0-9cd8-4d05af9dd3b1,Assistant_Manger,17
9a552eaf-b5a2-4d43-9b30-07afc7120ddd,Staff,10
a01dee03-e258-48d6-b07c-043aec61b9d1,Manager,19
8f85aacc-b16f-4f8c-9768-8aedd9e6baf5,Employee,15
22ffc557-d723-4043-9cab-1cfeeab30648,Employee,15
676f0285-731b-4ab2-ba2e-e4a68885230a,Employee,15
462852f2-959e-47b8-9b6b-ce7a5eba2723,Manager,19
6bf622db-b8f2-42fd-8209-9d6d3bb71799,Staff,10
86507bdb-ca35-4cd8-8edf-4015e3920403,Assistant_Manger,17
53564245-a6a5-4922-aeb9-8fbd19eecdc0,Manager,19
828bbb1b-9553-4610-bcd5-290baa181465,Worker,13
5ddc8b25-4429-4b82-81c1-c5bcf56ab204,Worker,13
1ad6ceda-4b86-44d7-9ed4-3f2ed38dc9bb,Employee,15
0829ebe2-a60c-4432-ad78-6e12a8da7f06,Assistant_Manger,17
c4343a75-dbe8-4f13-a996-f9e75bc55ff6,Assistant_Manger,17
a1f51241-71b7-4d32-9328-d29712d0c928,Staff,10
8ece2772-e56f-4549-a81a-52991b070055,Assistant_Manger,17
61068c44-c5bd-495d-bfe8-5e343772688f,Assistant_Manger,17
a59de7bf-c842-4fd8-8037-8ca06b5f4c9d,Employee,15
ce76d52f-5879-4f46-a3ae-96ab41476b82,Worker,13
36faff7a-7570-4bc9-bcba-5ad908e4bc69,Staff,10
1c55ace4-5436-4cd1-90d9-f32de4442bdd,Assistant_Manger,17
c9005605-ddf5-483b-a9d7-88733bfaa5f9,Staff,10
0602f9ae-6c52-45ec-856c-793a8b591c5f,Manager,19
8d6eb479-a141-4f99-9e10-cdf2318a9e8d,Worker,13
c6c05762-14a4-4018-b968-f24bffc3ed67,Staff,10
835d4563-e7dd-4a25-ba32-5a39f6110b80,Staff,10
d43a1d4a-b8b7-460b-a009-bf845f071688,Assistant_Manger,17
3f7a8e3a-8db0-4f84-900b-e8d7000248e8,Manager,19
948f416b-dbe6-461d-853b-1e92d80a3bdb,Staff,10
21a3d101-3428-4ae4-bcbb-5f25956ecaa4,Employee,15
38d9366b-c904-42b2-853d-8475011d9c71,Employee,15
a9685550-b90b-45de-b499-5484aba53e02,Assistant_Manger,17
ccf04137-8788-4042-ac0f-44ab7bfdecc3,Staff,10
