id,source,target,relation
1,USER_V1_79735130-711d-48e6-81fa-94b84a827224,PERSON_V1_9fa14d3f-be2f-4b71-abc1-c72b35ac6358,has_profile
1,PERSON_V1_9fa14d3f-be2f-4b71-abc1-c72b35ac6358,USER_V1_79735130-711d-48e6-81fa-94b84a827224,has_account
2,USER_V1_c34ffcc7-e12d-41e8-98c3-c9c7194f4827,PERSON_V1_3ae462e1-307f-45e2-9d07-395590a9a12c,has_profile
2,PERSON_V1_3ae462e1-307f-45e2-9d07-395590a9a12c,USER_V1_c34ffcc7-e12d-41e8-98c3-c9c7194f4827,has_account
3,USER_V1_34e1ed44-51c4-402b-aa81-32cdcf1c1461,PERSON_V1_70cb612c-0b05-49f5-b99a-8bb9940a890d,has_profile
3,PERSON_V1_70cb612c-0b05-49f5-b99a-8bb9940a890d,USER_V1_34e1ed44-51c4-402b-aa81-32cdcf1c1461,has_account
4,USER_V1_f22a2a33-e7bb-428c-a20b-a4cd0996c1e4,PERSON_V1_bc5105fb-6af8-4e26-9574-7271d7eebb22,has_profile
4,PERSON_V1_bc5105fb-6af8-4e26-9574-7271d7eebb22,USER_V1_f22a2a33-e7bb-428c-a20b-a4cd0996c1e4,has_account
5,USER_V1_580ec9a9-c207-4160-9136-17239502d2f0,PERSON_V1_f6dc35ab-d4a8-44b1-a09c-63e74068ccfa,has_profile
5,PERSON_V1_f6dc35ab-d4a8-44b1-a09c-63e74068ccfa,USER_V1_580ec9a9-c207-4160-9136-17239502d2f0,has_account
6,USER_V1_fbe3b2ae-4a5d-4450-b5f9-c3d1ca24061d,PERSON_V1_ea822fb1-d2c9-46fb-8a64-c1912dfff564,has_profile
6,PERSON_V1_ea822fb1-d2c9-46fb-8a64-c1912dfff564,USER_V1_fbe3b2ae-4a5d-4450-b5f9-c3d1ca24061d,has_account
7,USER_V1_e3ecce66-36d1-479b-98fe-d228ca80b8d1,PERSON_V1_e90bb76d-38e3-46e1-9fe4-e77fcde142bb,has_profile
7,PERSON_V1_e90bb76d-38e3-46e1-9fe4-e77fcde142bb,USER_V1_e3ecce66-36d1-479b-98fe-d228ca80b8d1,has_account
8,USER_V1_821d1c6d-131b-47bf-b703-be5c64e380dd,PERSON_V1_cca8ec55-7d46-4534-a9bc-d0861cae56c9,has_profile
8,PERSON_V1_cca8ec55-7d46-4534-a9bc-d0861cae56c9,USER_V1_821d1c6d-131b-47bf-b703-be5c64e380dd,has_account
9,USER_V1_5cc62ee4-a186-4c9a-b879-094618069b91,PERSON_V1_1f5d553c-7884-45fe-a042-0a257f86dd9b,has_profile
9,PERSON_V1_1f5d553c-7884-45fe-a042-0a257f86dd9b,USER_V1_5cc62ee4-a186-4c9a-b879-094618069b91,has_account
10,USER_V1_3f8f702f-3720-47d7-ac0a-9e3c2f2dfbe2,PERSON_V1_8ebac834-c631-4f42-b7ef-b36c16d76d98,has_profile
10,PERSON_V1_8ebac834-c631-4f42-b7ef-b36c16d76d98,USER_V1_3f8f702f-3720-47d7-ac0a-9e3c2f2dfbe2,has_account
11,USER_V1_6684a305-79f1-4dcc-9dc6-150122c86d2a,PERSON_V1_4952f4c1-a949-4a3b-b6a1-934147a853d9,has_profile
11,PERSON_V1_4952f4c1-a949-4a3b-b6a1-934147a853d9,USER_V1_6684a305-79f1-4dcc-9dc6-150122c86d2a,has_account
12,USER_V1_a34aa349-e597-474d-a02c-d5868c89351a,PERSON_V1_414d65da-b43b-4a63-b2d2-7bdf338472cf,has_profile
12,PERSON_V1_414d65da-b43b-4a63-b2d2-7bdf338472cf,USER_V1_a34aa349-e597-474d-a02c-d5868c89351a,has_account
13,USER_V1_ee1e1c73-5786-4170-9be3-0c042b369ea3,PERSON_V1_90827cba-2fe2-4bd9-8544-66637cc262e8,has_profile
13,PERSON_V1_90827cba-2fe2-4bd9-8544-66637cc262e8,USER_V1_ee1e1c73-5786-4170-9be3-0c042b369ea3,has_account
14,USER_V1_2f31b1e7-9a71-4619-a774-192d64933b4b,PERSON_V1_1842c2fc-493f-42b2-9e60-ac00c5193acf,has_profile
14,PERSON_V1_1842c2fc-493f-42b2-9e60-ac00c5193acf,USER_V1_2f31b1e7-9a71-4619-a774-192d64933b4b,has_account
15,USER_V1_71aa8a48-88e7-4ac1-865b-982f83de7aa9,PERSON_V1_50493922-90a3-48ba-9f82-1c6a1230b57f,has_profile
15,PERSON_V1_50493922-90a3-48ba-9f82-1c6a1230b57f,USER_V1_71aa8a48-88e7-4ac1-865b-982f83de7aa9,has_account
16,USER_V1_87de7cff-dee7-4e0a-8c85-d5a8afee40d4,PERSON_V1_cb584e69-1457-483e-b429-c070a6e17a42,has_profile
16,PERSON_V1_cb584e69-1457-483e-b429-c070a6e17a42,USER_V1_87de7cff-dee7-4e0a-8c85-d5a8afee40d4,has_account
17,USER_V1_80c7ef16-d582-4293-9cfc-6ad36086aa67,PERSON_V1_75fdcee4-2625-4097-be13-7e4c2a8737b6,has_profile
17,PERSON_V1_75fdcee4-2625-4097-be13-7e4c2a8737b6,USER_V1_80c7ef16-d582-4293-9cfc-6ad36086aa67,has_account
18,USER_V1_f4c0cf55-ab8f-4033-a129-1079eca2443d,PERSON_V1_5e457dc4-a3e8-464e-9fad-c1fc1216c236,has_profile
18,PERSON_V1_5e457dc4-a3e8-464e-9fad-c1fc1216c236,USER_V1_f4c0cf55-ab8f-4033-a129-1079eca2443d,has_account
19,USER_V1_8090d6d6-d680-4cef-b6cc-7dd8bb96b685,PERSON_V1_6a3cb335-5ff7-4a27-9e29-f882e4aabf67,has_profile
19,PERSON_V1_6a3cb335-5ff7-4a27-9e29-f882e4aabf67,USER_V1_8090d6d6-d680-4cef-b6cc-7dd8bb96b685,has_account
20,USER_V1_16b99323-a284-41db-a8a4-1a8fd8ba2ad0,PERSON_V1_f5a2af72-74c8-4c23-95d5-81f686a684cf,has_profile
20,PERSON_V1_f5a2af72-74c8-4c23-95d5-81f686a684cf,USER_V1_16b99323-a284-41db-a8a4-1a8fd8ba2ad0,has_account
21,USER_V1_dab27c75-f79d-4851-b871-1f5e331bdc39,PERSON_V1_54827268-0228-41ad-aac1-0f542df2ef92,has_profile
21,PERSON_V1_54827268-0228-41ad-aac1-0f542df2ef92,USER_V1_dab27c75-f79d-4851-b871-1f5e331bdc39,has_account
22,USER_V1_546dae0a-521b-4702-8a2c-9e4a0ac7301d,PERSON_V1_b108d54d-b745-4768-ae98-53e97ccc1d75,has_profile
22,PERSON_V1_b108d54d-b745-4768-ae98-53e97ccc1d75,USER_V1_546dae0a-521b-4702-8a2c-9e4a0ac7301d,has_account
23,USER_V1_b08856e3-5395-4eab-a01a-71b73c339c3e,PERSON_V1_a64abef8-d6c8-4858-801e-6cfb0f64fc29,has_profile
23,PERSON_V1_a64abef8-d6c8-4858-801e-6cfb0f64fc29,USER_V1_b08856e3-5395-4eab-a01a-71b73c339c3e,has_account
24,USER_V1_6730ccc7-2504-40e5-8899-a9207bab9876,PERSON_V1_9ea39ac8-9fca-497a-a431-c6d38777a702,has_profile
24,PERSON_V1_9ea39ac8-9fca-497a-a431-c6d38777a702,USER_V1_6730ccc7-2504-40e5-8899-a9207bab9876,has_account
25,USER_V1_756b0a89-be3c-4497-941e-d242130129cb,PERSON_V1_5714f2e6-d504-4a5e-9cb6-119b5e2c9ef6,has_profile
25,PERSON_V1_5714f2e6-d504-4a5e-9cb6-119b5e2c9ef6,USER_V1_756b0a89-be3c-4497-941e-d242130129cb,has_account
26,USER_V1_ffdc0881-2df9-4a97-8402-b6dbc2de71ae,PERSON_V1_360aca1e-bb8b-4415-bb49-0160d420116d,has_profile
26,PERSON_V1_360aca1e-bb8b-4415-bb49-0160d420116d,USER_V1_ffdc0881-2df9-4a97-8402-b6dbc2de71ae,has_account
27,USER_V1_9d90a93f-5856-47cc-b76e-cfc8ef435816,PERSON_V1_195b8600-69b8-4bd3-9d9f-2b2be66bf306,has_profile
27,PERSON_V1_195b8600-69b8-4bd3-9d9f-2b2be66bf306,USER_V1_9d90a93f-5856-47cc-b76e-cfc8ef435816,has_account
28,USER_V1_c759f8fd-9b5b-4c33-9dd5-f3a54bcf9829,PERSON_V1_f4be98f9-9270-421c-8a06-5ebe0d65a059,has_profile
28,PERSON_V1_f4be98f9-9270-421c-8a06-5ebe0d65a059,USER_V1_c759f8fd-9b5b-4c33-9dd5-f3a54bcf9829,has_account
29,USER_V1_2cb821c4-3947-4a3f-88da-7c174abd09af,PERSON_V1_e36e3a58-ffaf-4f97-9c72-f5b59f04ab31,has_profile
29,PERSON_V1_e36e3a58-ffaf-4f97-9c72-f5b59f04ab31,USER_V1_2cb821c4-3947-4a3f-88da-7c174abd09af,has_account
30,USER_V1_474e8ea5-b475-45f0-902b-d29fb8fadffe,PERSON_V1_339670ad-2fea-4b25-b883-4388fc6bc4fb,has_profile
30,PERSON_V1_339670ad-2fea-4b25-b883-4388fc6bc4fb,USER_V1_474e8ea5-b475-45f0-902b-d29fb8fadffe,has_account
31,USER_V1_58e7dfd4-bd8e-40c7-90a2-e1cc1ef5b259,PERSON_V1_3bc5f44d-6d0e-4aaa-a5f2-a3ef138ba7c1,has_profile
31,PERSON_V1_3bc5f44d-6d0e-4aaa-a5f2-a3ef138ba7c1,USER_V1_58e7dfd4-bd8e-40c7-90a2-e1cc1ef5b259,has_account
32,USER_V1_61a42100-0005-45f1-97cc-3126b5b1ff8e,PERSON_V1_a3bec8fc-c684-429b-aa04-e26cffdb6330,has_profile
32,PERSON_V1_a3bec8fc-c684-429b-aa04-e26cffdb6330,USER_V1_61a42100-0005-45f1-97cc-3126b5b1ff8e,has_account
33,USER_V1_caca4a9f-2b45-4dfd-b5cc-45035011bf27,PERSON_V1_5f07e568-74e0-47a7-a857-7e448b04a9a0,has_profile
33,PERSON_V1_5f07e568-74e0-47a7-a857-7e448b04a9a0,USER_V1_caca4a9f-2b45-4dfd-b5cc-45035011bf27,has_account
34,USER_V1_d9d3d187-8401-4350-92b4-4155d76ae6c9,PERSON_V1_8e101fb4-c673-475d-a4c9-c0c53a9e8912,has_profile
34,PERSON_V1_8e101fb4-c673-475d-a4c9-c0c53a9e8912,USER_V1_d9d3d187-8401-4350-92b4-4155d76ae6c9,has_account
35,USER_V1_ba0abd9b-890a-466a-b0d4-446798c12067,PERSON_V1_b178271d-35a9-4c56-ad79-ec16a5e040c2,has_profile
35,PERSON_V1_b178271d-35a9-4c56-ad79-ec16a5e040c2,USER_V1_ba0abd9b-890a-466a-b0d4-446798c12067,has_account
36,USER_V1_a9b1924c-1d36-48d3-b129-5bf29d1f063b,PERSON_V1_5bd22d19-d7e8-4b1c-ad26-ef105e7428c6,has_profile
36,PERSON_V1_5bd22d19-d7e8-4b1c-ad26-ef105e7428c6,USER_V1_a9b1924c-1d36-48d3-b129-5bf29d1f063b,has_account
37,USER_V1_5de12906-2de6-4985-9407-b7a05bc2fac6,PERSON_V1_74c633ab-1f22-40d7-a307-1e3f2b291726,has_profile
37,PERSON_V1_74c633ab-1f22-40d7-a307-1e3f2b291726,USER_V1_5de12906-2de6-4985-9407-b7a05bc2fac6,has_account
38,USER_V1_5f2010e2-78e6-4e88-ad02-9199ee4ff327,PERSON_V1_38022c5d-942b-4216-91b6-acb8877753af,has_profile
38,PERSON_V1_38022c5d-942b-4216-91b6-acb8877753af,USER_V1_5f2010e2-78e6-4e88-ad02-9199ee4ff327,has_account
39,USER_V1_01a840c8-2dd3-4971-8447-e1d1634257e4,PERSON_V1_268b13b7-139a-44dc-b9d6-b4162f385c0c,has_profile
39,PERSON_V1_268b13b7-139a-44dc-b9d6-b4162f385c0c,USER_V1_01a840c8-2dd3-4971-8447-e1d1634257e4,has_account
40,USER_V1_a2e6ea38-782d-4b64-b7b3-36bde6577f69,PERSON_V1_fc75d45c-7c74-4431-b632-1d7280ddea46,has_profile
40,PERSON_V1_fc75d45c-7c74-4431-b632-1d7280ddea46,USER_V1_a2e6ea38-782d-4b64-b7b3-36bde6577f69,has_account
41,USER_V1_7a27aef8-2286-4a56-b161-3000756b50a3,PERSON_V1_1e51d773-fff6-4c05-9ee9-278925dbe303,has_profile
41,PERSON_V1_1e51d773-fff6-4c05-9ee9-278925dbe303,USER_V1_7a27aef8-2286-4a56-b161-3000756b50a3,has_account
42,USER_V1_f9347096-fd4f-4ecf-95d2-387fb6c1dd82,PERSON_V1_6ca5a5d0-f1fa-437b-bfe1-1d922d35a529,has_profile
42,PERSON_V1_6ca5a5d0-f1fa-437b-bfe1-1d922d35a529,USER_V1_f9347096-fd4f-4ecf-95d2-387fb6c1dd82,has_account
43,USER_V1_6b494064-43e4-422d-9f58-2c5613afe75d,PERSON_V1_be74ab2e-5c69-40df-bd12-f4bfd424929a,has_profile
43,PERSON_V1_be74ab2e-5c69-40df-bd12-f4bfd424929a,USER_V1_6b494064-43e4-422d-9f58-2c5613afe75d,has_account
44,USER_V1_79dbc78e-f5ef-4d5d-81cb-b6622e968491,PERSON_V1_d0f4e4f2-0536-4aa8-ae2f-dd0daaa36173,has_profile
44,PERSON_V1_d0f4e4f2-0536-4aa8-ae2f-dd0daaa36173,USER_V1_79dbc78e-f5ef-4d5d-81cb-b6622e968491,has_account
45,USER_V1_029985c4-cd7a-4db0-a7df-c796117c7226,PERSON_V1_3770f839-bfcc-423f-8467-44d5a1bac8ed,has_profile
45,PERSON_V1_3770f839-bfcc-423f-8467-44d5a1bac8ed,USER_V1_029985c4-cd7a-4db0-a7df-c796117c7226,has_account
46,USER_V1_5a22c223-a299-462a-b128-e4848430cd6c,PERSON_V1_1ebc9112-607d-42f8-a579-7657ef6617ef,has_profile
46,PERSON_V1_1ebc9112-607d-42f8-a579-7657ef6617ef,USER_V1_5a22c223-a299-462a-b128-e4848430cd6c,has_account
47,USER_V1_47fa9032-11ff-4d25-a272-34d2d4fb14aa,PERSON_V1_3593dbc8-bc33-4f0a-bef9-51675e242815,has_profile
47,PERSON_V1_3593dbc8-bc33-4f0a-bef9-51675e242815,USER_V1_47fa9032-11ff-4d25-a272-34d2d4fb14aa,has_account
48,USER_V1_bcc99a58-443a-428d-b922-c28ce0a8fe35,PERSON_V1_907ab777-4d8c-45cb-bbd6-7355d7633eed,has_profile
48,PERSON_V1_907ab777-4d8c-45cb-bbd6-7355d7633eed,USER_V1_bcc99a58-443a-428d-b922-c28ce0a8fe35,has_account
49,USER_V1_91f7a264-0e8d-4cda-ae6d-43af55507afb,PERSON_V1_09b0e6d6-228e-47bf-b9b4-621ea6844fb1,has_profile
49,PERSON_V1_09b0e6d6-228e-47bf-b9b4-621ea6844fb1,USER_V1_91f7a264-0e8d-4cda-ae6d-43af55507afb,has_account
50,USER_V1_e79b9b72-00d6-496c-943d-38859667a3bd,PERSON_V1_546419ce-e534-421c-9a41-01baa2e4dd43,has_profile
50,PERSON_V1_546419ce-e534-421c-9a41-01baa2e4dd43,USER_V1_e79b9b72-00d6-496c-943d-38859667a3bd,has_account
51,USER_V1_c50001fb-a4ab-4868-8b55-67f532fb570a,PERSON_V1_3172d2fb-56f0-47bd-93ff-dfb8ac1208c7,has_profile
51,PERSON_V1_3172d2fb-56f0-47bd-93ff-dfb8ac1208c7,USER_V1_c50001fb-a4ab-4868-8b55-67f532fb570a,has_account
52,USER_V1_37bbed8a-4eed-4230-857e-1a2b27498c0d,PERSON_V1_984989f8-cb6b-4584-94bd-e176d8a8d75f,has_profile
52,PERSON_V1_984989f8-cb6b-4584-94bd-e176d8a8d75f,USER_V1_37bbed8a-4eed-4230-857e-1a2b27498c0d,has_account
53,USER_V1_0af2a6ad-8632-4d09-87ca-ffac46b5a164,PERSON_V1_70a53968-536d-4a8a-b4df-20731c3bd87e,has_profile
53,PERSON_V1_70a53968-536d-4a8a-b4df-20731c3bd87e,USER_V1_0af2a6ad-8632-4d09-87ca-ffac46b5a164,has_account
54,USER_V1_69101adf-fc8f-455e-86f4-81944b7cf5c4,PERSON_V1_3be34e46-a1d6-45fc-b371-64dff4f5eeb1,has_profile
54,PERSON_V1_3be34e46-a1d6-45fc-b371-64dff4f5eeb1,USER_V1_69101adf-fc8f-455e-86f4-81944b7cf5c4,has_account
55,USER_V1_8feaa398-8a38-437d-aee0-1b6511d7be08,PERSON_V1_8979534a-eed6-467d-88b2-60daaa027ab9,has_profile
55,PERSON_V1_8979534a-eed6-467d-88b2-60daaa027ab9,USER_V1_8feaa398-8a38-437d-aee0-1b6511d7be08,has_account
56,USER_V1_957dbb96-14f3-4974-948b-e48650ad7936,PERSON_V1_ff028de0-4b00-490b-805f-2660d8a1089b,has_profile
56,PERSON_V1_ff028de0-4b00-490b-805f-2660d8a1089b,USER_V1_957dbb96-14f3-4974-948b-e48650ad7936,has_account
57,USER_V1_101213d5-a275-41ad-a368-54a89fa60d6f,PERSON_V1_2fbee518-9e74-4732-9463-4d60f1651e24,has_profile
57,PERSON_V1_2fbee518-9e74-4732-9463-4d60f1651e24,USER_V1_101213d5-a275-41ad-a368-54a89fa60d6f,has_account
58,USER_V1_00ec89e4-0568-4b9a-8060-5f7a502ff133,PERSON_V1_f6b47ab1-9538-407b-8cc5-64259d6edffb,has_profile
58,PERSON_V1_f6b47ab1-9538-407b-8cc5-64259d6edffb,USER_V1_00ec89e4-0568-4b9a-8060-5f7a502ff133,has_account
59,USER_V1_1871ef60-684b-4e09-81f0-9e6d3f3fc0e6,PERSON_V1_a3fcafd9-6d7c-4143-b1c4-6262febd2f21,has_profile
59,PERSON_V1_a3fcafd9-6d7c-4143-b1c4-6262febd2f21,USER_V1_1871ef60-684b-4e09-81f0-9e6d3f3fc0e6,has_account
60,USER_V1_a32d06ae-78bf-4c8f-8eb2-63148f3325ea,PERSON_V1_5e3a6024-15da-4bc6-b52a-61a221754323,has_profile
60,PERSON_V1_5e3a6024-15da-4bc6-b52a-61a221754323,USER_V1_a32d06ae-78bf-4c8f-8eb2-63148f3325ea,has_account
61,USER_V1_2ec04eaa-e4df-4b53-bd98-e9232182e667,PERSON_V1_cf9060fa-4cef-4430-a75c-c5e59a892116,has_profile
61,PERSON_V1_cf9060fa-4cef-4430-a75c-c5e59a892116,USER_V1_2ec04eaa-e4df-4b53-bd98-e9232182e667,has_account
62,USER_V1_83e79b69-2602-468e-bc92-c0c7022ab0de,PERSON_V1_eb646b1c-eefb-4aff-9a31-400ebd4a14dc,has_profile
62,PERSON_V1_eb646b1c-eefb-4aff-9a31-400ebd4a14dc,USER_V1_83e79b69-2602-468e-bc92-c0c7022ab0de,has_account
63,USER_V1_ae351906-d23c-483e-9a09-94ca5886e8c5,PERSON_V1_efb00cd3-4e9d-40f3-af5f-e2ea0b4e43a5,has_profile
63,PERSON_V1_efb00cd3-4e9d-40f3-af5f-e2ea0b4e43a5,USER_V1_ae351906-d23c-483e-9a09-94ca5886e8c5,has_account
64,USER_V1_d6161cf1-dfdb-4e80-b076-19fccb29c830,PERSON_V1_c3cb9ffe-0731-43bf-b1c7-72de373b6413,has_profile
64,PERSON_V1_c3cb9ffe-0731-43bf-b1c7-72de373b6413,USER_V1_d6161cf1-dfdb-4e80-b076-19fccb29c830,has_account
65,USER_V1_3da85040-6d7c-49de-aaae-afecd283f4f3,PERSON_V1_14788495-d10c-4333-aa05-03dad904cd64,has_profile
65,PERSON_V1_14788495-d10c-4333-aa05-03dad904cd64,USER_V1_3da85040-6d7c-49de-aaae-afecd283f4f3,has_account
66,USER_V1_de9cf6a0-ebbb-4cec-a5d5-f52b1e97b719,PERSON_V1_d941795f-8d1e-4766-afa8-9c1bab3f6a62,has_profile
66,PERSON_V1_d941795f-8d1e-4766-afa8-9c1bab3f6a62,USER_V1_de9cf6a0-ebbb-4cec-a5d5-f52b1e97b719,has_account
67,USER_V1_8def3341-b479-4185-827c-8c1b902639d0,PERSON_V1_77bcc1eb-b6fa-42a2-a9be-8c533da3a026,has_profile
67,PERSON_V1_77bcc1eb-b6fa-42a2-a9be-8c533da3a026,USER_V1_8def3341-b479-4185-827c-8c1b902639d0,has_account
68,USER_V1_6a52a757-a57d-48b0-b50f-c631dc0931af,PERSON_V1_01aa3352-1aef-4dd0-8dc8-182f1cd0c5c4,has_profile
68,PERSON_V1_01aa3352-1aef-4dd0-8dc8-182f1cd0c5c4,USER_V1_6a52a757-a57d-48b0-b50f-c631dc0931af,has_account
69,USER_V1_0519ef61-6f9c-4b4f-aa2e-28582b07ac65,PERSON_V1_3c4142a6-8c64-4d3a-9630-9d1baf78bba5,has_profile
69,PERSON_V1_3c4142a6-8c64-4d3a-9630-9d1baf78bba5,USER_V1_0519ef61-6f9c-4b4f-aa2e-28582b07ac65,has_account
70,USER_V1_cb64b59b-928d-447d-b478-47ef62d58234,PERSON_V1_5fe9b112-4d52-4f52-8dae-bd096027427c,has_profile
70,PERSON_V1_5fe9b112-4d52-4f52-8dae-bd096027427c,USER_V1_cb64b59b-928d-447d-b478-47ef62d58234,has_account
71,USER_V1_d869ecee-19c6-49b4-a854-d8b4ff3120d2,PERSON_V1_5accf8af-d77a-47b3-9e34-03cd0344b70e,has_profile
71,PERSON_V1_5accf8af-d77a-47b3-9e34-03cd0344b70e,USER_V1_d869ecee-19c6-49b4-a854-d8b4ff3120d2,has_account
72,USER_V1_803a9789-e7ce-494a-bc07-e44d19fcbc73,PERSON_V1_aef820d1-d49c-48d2-8f1c-c02e3fee5857,has_profile
72,PERSON_V1_aef820d1-d49c-48d2-8f1c-c02e3fee5857,USER_V1_803a9789-e7ce-494a-bc07-e44d19fcbc73,has_account
73,USER_V1_8aff6ee9-0fa6-4eff-9197-8a94264f28f2,PERSON_V1_aca32cd3-a8aa-40ef-93c9-2b941e90a634,has_profile
73,PERSON_V1_aca32cd3-a8aa-40ef-93c9-2b941e90a634,USER_V1_8aff6ee9-0fa6-4eff-9197-8a94264f28f2,has_account
74,USER_V1_e3b62971-5ac2-4d25-b54f-52ce4ade4077,PERSON_V1_27284168-d026-49af-aab4-0f8ebca5248e,has_profile
74,PERSON_V1_27284168-d026-49af-aab4-0f8ebca5248e,USER_V1_e3b62971-5ac2-4d25-b54f-52ce4ade4077,has_account
75,USER_V1_636b7e07-aabf-47d0-9311-49994836d974,PERSON_V1_1448c95b-86c0-46e9-beea-67436adb5872,has_profile
75,PERSON_V1_1448c95b-86c0-46e9-beea-67436adb5872,USER_V1_636b7e07-aabf-47d0-9311-49994836d974,has_account
76,USER_V1_d6510eaf-830b-4751-b095-a8cbf2fd4acd,PERSON_V1_2db7dfa6-7888-4652-8cf3-07005c97be99,has_profile
76,PERSON_V1_2db7dfa6-7888-4652-8cf3-07005c97be99,USER_V1_d6510eaf-830b-4751-b095-a8cbf2fd4acd,has_account
77,USER_V1_8f685350-893c-4449-93da-5ca563818397,PERSON_V1_05852481-5617-47ab-847c-b4d0bfe6d3b1,has_profile
77,PERSON_V1_05852481-5617-47ab-847c-b4d0bfe6d3b1,USER_V1_8f685350-893c-4449-93da-5ca563818397,has_account
78,USER_V1_3a27bd36-fde7-422a-8e08-e3d27180d52f,PERSON_V1_7dc87c13-6d02-49ab-829d-4833b17751a4,has_profile
78,PERSON_V1_7dc87c13-6d02-49ab-829d-4833b17751a4,USER_V1_3a27bd36-fde7-422a-8e08-e3d27180d52f,has_account
79,USER_V1_f48dc2d2-f8c1-4b46-a971-ee28be3b097b,PERSON_V1_5e0824c5-ac2e-45bc-bf5c-1c67030b39a3,has_profile
79,PERSON_V1_5e0824c5-ac2e-45bc-bf5c-1c67030b39a3,USER_V1_f48dc2d2-f8c1-4b46-a971-ee28be3b097b,has_account
80,USER_V1_fea8150d-ecce-4de0-9790-b80122be8b39,PERSON_V1_c117efe6-9f89-4bd6-b447-697036d448d3,has_profile
80,PERSON_V1_c117efe6-9f89-4bd6-b447-697036d448d3,USER_V1_fea8150d-ecce-4de0-9790-b80122be8b39,has_account
81,USER_V1_8e30a137-7bc6-46a0-8d80-2cad55bbf71a,PERSON_V1_45f6cb68-057e-4000-ae95-5c0839bd3ddc,has_profile
81,PERSON_V1_45f6cb68-057e-4000-ae95-5c0839bd3ddc,USER_V1_8e30a137-7bc6-46a0-8d80-2cad55bbf71a,has_account
82,USER_V1_76a03c66-fbf1-470e-97f3-6e216272aa25,PERSON_V1_a709cd91-cc7c-4125-97c2-ff87442cd3f6,has_profile
82,PERSON_V1_a709cd91-cc7c-4125-97c2-ff87442cd3f6,USER_V1_76a03c66-fbf1-470e-97f3-6e216272aa25,has_account
83,USER_V1_c1bfe1dd-7a5b-477e-84a9-22c60914c4e8,PERSON_V1_3456e1ec-38eb-412a-9b30-bbd38aecd135,has_profile
83,PERSON_V1_3456e1ec-38eb-412a-9b30-bbd38aecd135,USER_V1_c1bfe1dd-7a5b-477e-84a9-22c60914c4e8,has_account
84,USER_V1_1cdcaf1c-8e76-476e-adf5-672ce60b2bdc,PERSON_V1_8dd3aaac-61ad-4d7e-82a5-1714be9ac083,has_profile
84,PERSON_V1_8dd3aaac-61ad-4d7e-82a5-1714be9ac083,USER_V1_1cdcaf1c-8e76-476e-adf5-672ce60b2bdc,has_account
85,USER_V1_64ec6aef-f463-4b5b-9ed5-7591d3f59af3,PERSON_V1_56d826a0-ca64-4a1e-a422-a5f1feaeb652,has_profile
85,PERSON_V1_56d826a0-ca64-4a1e-a422-a5f1feaeb652,USER_V1_64ec6aef-f463-4b5b-9ed5-7591d3f59af3,has_account
86,USER_V1_de670518-5645-4688-b39e-f545611a79fd,PERSON_V1_99e81c16-6fc7-453b-affc-f9fb46b511e3,has_profile
86,PERSON_V1_99e81c16-6fc7-453b-affc-f9fb46b511e3,USER_V1_de670518-5645-4688-b39e-f545611a79fd,has_account
87,USER_V1_6181341c-324d-4ba6-a085-9c8de6dbdc42,PERSON_V1_f4b328d3-518b-46bc-82a8-4ce2e23fbb32,has_profile
87,PERSON_V1_f4b328d3-518b-46bc-82a8-4ce2e23fbb32,USER_V1_6181341c-324d-4ba6-a085-9c8de6dbdc42,has_account
88,USER_V1_02e2294a-c4b9-46da-bc48-3daf6f266087,PERSON_V1_517f84fb-ae43-4166-9c9e-56f80b14e830,has_profile
88,PERSON_V1_517f84fb-ae43-4166-9c9e-56f80b14e830,USER_V1_02e2294a-c4b9-46da-bc48-3daf6f266087,has_account
89,USER_V1_9f686e08-6995-4d93-9506-6aacc4b9ea90,PERSON_V1_97d5fdec-c00d-4a62-8ad1-a5461d32c485,has_profile
89,PERSON_V1_97d5fdec-c00d-4a62-8ad1-a5461d32c485,USER_V1_9f686e08-6995-4d93-9506-6aacc4b9ea90,has_account
90,USER_V1_b4cd73a7-4611-47cb-8389-1c98cc6fab75,PERSON_V1_117d5b5f-1dd7-4cec-84e4-805d39fdd01d,has_profile
90,PERSON_V1_117d5b5f-1dd7-4cec-84e4-805d39fdd01d,USER_V1_b4cd73a7-4611-47cb-8389-1c98cc6fab75,has_account
91,USER_V1_914470be-1275-4f3f-a050-f1973e1c21e5,PERSON_V1_d4066f0f-7903-4eb5-921d-ab3522ad4cf8,has_profile
91,PERSON_V1_d4066f0f-7903-4eb5-921d-ab3522ad4cf8,USER_V1_914470be-1275-4f3f-a050-f1973e1c21e5,has_account
92,USER_V1_9eaea321-9b5f-4bda-944a-67dcf14fe34c,PERSON_V1_87cabbfc-d89b-4940-a8be-67b478e95da2,has_profile
92,PERSON_V1_87cabbfc-d89b-4940-a8be-67b478e95da2,USER_V1_9eaea321-9b5f-4bda-944a-67dcf14fe34c,has_account
93,USER_V1_5fefec43-f582-46a8-a477-34236fd4048b,PERSON_V1_6c908a75-dc73-4e97-9984-7cc45767dce5,has_profile
93,PERSON_V1_6c908a75-dc73-4e97-9984-7cc45767dce5,USER_V1_5fefec43-f582-46a8-a477-34236fd4048b,has_account
94,USER_V1_0d944c4f-e29e-42a7-ba45-e7be53617180,PERSON_V1_164363da-55cb-4d9d-8673-8455bc8a1f00,has_profile
94,PERSON_V1_164363da-55cb-4d9d-8673-8455bc8a1f00,USER_V1_0d944c4f-e29e-42a7-ba45-e7be53617180,has_account
95,USER_V1_7a1cb982-376f-4de8-a143-6899733c6f37,PERSON_V1_bdfa3084-d2b2-4115-9ad6-302702153387,has_profile
95,PERSON_V1_bdfa3084-d2b2-4115-9ad6-302702153387,USER_V1_7a1cb982-376f-4de8-a143-6899733c6f37,has_account
96,USER_V1_4dc4bfc0-068f-4094-9b59-a1cdfba329bc,PERSON_V1_3d511e80-ee7b-450d-8bf2-8fd639f53afc,has_profile
96,PERSON_V1_3d511e80-ee7b-450d-8bf2-8fd639f53afc,USER_V1_4dc4bfc0-068f-4094-9b59-a1cdfba329bc,has_account
97,USER_V1_a752cbac-1ffc-4602-81c6-e3a7fff0d5b2,PERSON_V1_ac0a86a7-746c-4c3d-9913-2f90af2bfa1d,has_profile
97,PERSON_V1_ac0a86a7-746c-4c3d-9913-2f90af2bfa1d,USER_V1_a752cbac-1ffc-4602-81c6-e3a7fff0d5b2,has_account
98,USER_V1_936aa06b-c34d-413d-9366-1745553d3ea6,PERSON_V1_6de607ce-6d0e-40e7-9552-bdea621a60df,has_profile
98,PERSON_V1_6de607ce-6d0e-40e7-9552-bdea621a60df,USER_V1_936aa06b-c34d-413d-9366-1745553d3ea6,has_account
99,USER_V1_6e18cc93-96ad-4720-8d9b-de31f873b3aa,PERSON_V1_0b9a6b6a-1cff-4ad5-8d95-e45efc290204,has_profile
99,PERSON_V1_0b9a6b6a-1cff-4ad5-8d95-e45efc290204,USER_V1_6e18cc93-96ad-4720-8d9b-de31f873b3aa,has_account
100,USER_V1_bd89397a-c948-4680-ba91-70f38dfcf16f,PERSON_V1_8fe44dc7-e836-42db-870d-2c023e99f16b,has_profile
100,PERSON_V1_8fe44dc7-e836-42db-870d-2c023e99f16b,USER_V1_bd89397a-c948-4680-ba91-70f38dfcf16f,has_account
101,USER_V1_d61d127f-f239-4d91-82f0-44950913ffd1,PERSON_V1_169c4b1d-a3bf-4a87-b958-1a09bb87da75,has_profile
101,PERSON_V1_169c4b1d-a3bf-4a87-b958-1a09bb87da75,USER_V1_d61d127f-f239-4d91-82f0-44950913ffd1,has_account
102,USER_V1_79cefba6-08aa-42a4-a018-a266b3057f94,PERSON_V1_5d8b0475-2651-44de-b266-074f6a09e144,has_profile
102,PERSON_V1_5d8b0475-2651-44de-b266-074f6a09e144,USER_V1_79cefba6-08aa-42a4-a018-a266b3057f94,has_account
103,USER_V1_bb73bc06-bf34-4d64-8ff2-a414f4e5941e,PERSON_V1_be655e1e-a506-4464-abc4-59a23587d252,has_profile
103,PERSON_V1_be655e1e-a506-4464-abc4-59a23587d252,USER_V1_bb73bc06-bf34-4d64-8ff2-a414f4e5941e,has_account
104,USER_V1_1f4c73a3-b859-4881-9583-32407e5c51ac,PERSON_V1_d17df12f-0709-4946-aaa7-227e8f2d9988,has_profile
104,PERSON_V1_d17df12f-0709-4946-aaa7-227e8f2d9988,USER_V1_1f4c73a3-b859-4881-9583-32407e5c51ac,has_account
105,USER_V1_789d3809-52e4-48be-a553-3b19eeea55e1,PERSON_V1_20dd49bf-1335-43c8-8c72-5646e48958ba,has_profile
105,PERSON_V1_20dd49bf-1335-43c8-8c72-5646e48958ba,USER_V1_789d3809-52e4-48be-a553-3b19eeea55e1,has_account
106,USER_V1_7cbd8b19-dccf-49fd-90ee-d50f7d53ab96,PERSON_V1_28e7c928-f632-4086-9877-0d0019843413,has_profile
106,PERSON_V1_28e7c928-f632-4086-9877-0d0019843413,USER_V1_7cbd8b19-dccf-49fd-90ee-d50f7d53ab96,has_account
107,USER_V1_d8298e3d-e9a6-4f99-807a-47839d5d0eb3,PERSON_V1_730b295f-aba4-4bae-8fa4-a7571ea5ddbc,has_profile
107,PERSON_V1_730b295f-aba4-4bae-8fa4-a7571ea5ddbc,USER_V1_d8298e3d-e9a6-4f99-807a-47839d5d0eb3,has_account
108,USER_V1_ccc61820-661a-46cf-8d7c-c80cfdf3550e,PERSON_V1_d9e27a95-ca8f-457a-be8f-a0a192d69c42,has_profile
108,PERSON_V1_d9e27a95-ca8f-457a-be8f-a0a192d69c42,USER_V1_ccc61820-661a-46cf-8d7c-c80cfdf3550e,has_account
109,USER_V1_d06120e2-33ff-4270-9f86-56dfe7f887e3,PERSON_V1_4b1142e1-f0c1-4787-a5e7-2b3106321365,has_profile
109,PERSON_V1_4b1142e1-f0c1-4787-a5e7-2b3106321365,USER_V1_d06120e2-33ff-4270-9f86-56dfe7f887e3,has_account
110,USER_V1_0651f765-b5d6-4896-9e80-16509448be2a,PERSON_V1_b7c0060b-19fb-4ee3-a633-c078a41b4bee,has_profile
110,PERSON_V1_b7c0060b-19fb-4ee3-a633-c078a41b4bee,USER_V1_0651f765-b5d6-4896-9e80-16509448be2a,has_account
111,USER_V1_6c8cdae6-e7a2-4975-a9f2-f9515b314785,PERSON_V1_c8e20e5d-e0c0-4eae-98de-d4d8c9ee6fdc,has_profile
111,PERSON_V1_c8e20e5d-e0c0-4eae-98de-d4d8c9ee6fdc,USER_V1_6c8cdae6-e7a2-4975-a9f2-f9515b314785,has_account
112,USER_V1_f63390c2-0083-4a96-b988-e4292daaa5b9,PERSON_V1_eba831d5-2c6d-4a0a-9907-fcb8fa89517f,has_profile
112,PERSON_V1_eba831d5-2c6d-4a0a-9907-fcb8fa89517f,USER_V1_f63390c2-0083-4a96-b988-e4292daaa5b9,has_account
113,USER_V1_22d0a3dc-6681-4c38-92fb-8fdccc845147,PERSON_V1_cf1a5824-e3c5-4742-8b78-599c97bc78b8,has_profile
113,PERSON_V1_cf1a5824-e3c5-4742-8b78-599c97bc78b8,USER_V1_22d0a3dc-6681-4c38-92fb-8fdccc845147,has_account
114,USER_V1_4815aeeb-7b32-4114-926a-0107e68a810c,PERSON_V1_1a3b35bf-bea4-48ae-9705-0457e830177a,has_profile
114,PERSON_V1_1a3b35bf-bea4-48ae-9705-0457e830177a,USER_V1_4815aeeb-7b32-4114-926a-0107e68a810c,has_account
115,USER_V1_ce553553-0a05-430f-9f3a-286f6dbf02db,PERSON_V1_9d78c03a-3ea1-42c9-9b83-62159fee0d9e,has_profile
115,PERSON_V1_9d78c03a-3ea1-42c9-9b83-62159fee0d9e,USER_V1_ce553553-0a05-430f-9f3a-286f6dbf02db,has_account
116,USER_V1_e7daec87-18d2-4c47-bee1-1a23fa8ca799,PERSON_V1_7c51e89e-24bf-4eec-8ee9-e3be602b8a3b,has_profile
116,PERSON_V1_7c51e89e-24bf-4eec-8ee9-e3be602b8a3b,USER_V1_e7daec87-18d2-4c47-bee1-1a23fa8ca799,has_account
117,USER_V1_8c1286b1-672d-4116-b969-71efbd5de67f,PERSON_V1_ddeac4aa-7459-494f-8303-5bf14327a096,has_profile
117,PERSON_V1_ddeac4aa-7459-494f-8303-5bf14327a096,USER_V1_8c1286b1-672d-4116-b969-71efbd5de67f,has_account
118,USER_V1_4c5b701d-34b0-4026-9ec1-92e0e836d801,PERSON_V1_1e21786c-dd59-4b30-8582-3150ad778215,has_profile
118,PERSON_V1_1e21786c-dd59-4b30-8582-3150ad778215,USER_V1_4c5b701d-34b0-4026-9ec1-92e0e836d801,has_account
119,USER_V1_8b592fa7-e11d-40fc-bf69-8f4aebc4b0ec,PERSON_V1_851cc187-767c-4c6e-921a-c6ac25e95a88,has_profile
119,PERSON_V1_851cc187-767c-4c6e-921a-c6ac25e95a88,USER_V1_8b592fa7-e11d-40fc-bf69-8f4aebc4b0ec,has_account
120,USER_V1_0d06d572-63e4-4efb-add5-09cc1d1d0fed,PERSON_V1_1f3d690d-e6e6-448a-a4b4-500fbe82af3d,has_profile
120,PERSON_V1_1f3d690d-e6e6-448a-a4b4-500fbe82af3d,USER_V1_0d06d572-63e4-4efb-add5-09cc1d1d0fed,has_account
121,USER_V1_a70721ac-0667-495f-834d-d10bc589fef9,PERSON_V1_e80c9583-8658-45ad-b2e9-7f4bdfebdb9a,has_profile
121,PERSON_V1_e80c9583-8658-45ad-b2e9-7f4bdfebdb9a,USER_V1_a70721ac-0667-495f-834d-d10bc589fef9,has_account
122,USER_V1_92f7898b-a337-4f48-b158-95d653bed77b,PERSON_V1_9a47b915-9fd0-43a8-beac-16682b1b03cd,has_profile
122,PERSON_V1_9a47b915-9fd0-43a8-beac-16682b1b03cd,USER_V1_92f7898b-a337-4f48-b158-95d653bed77b,has_account
123,USER_V1_476720a0-dffa-450a-aa85-6347b987cfa2,PERSON_V1_8411190c-2d55-4117-93ce-d7ce46823a5f,has_profile
123,PERSON_V1_8411190c-2d55-4117-93ce-d7ce46823a5f,USER_V1_476720a0-dffa-450a-aa85-6347b987cfa2,has_account
124,USER_V1_8c500221-d0e3-4432-a093-e56e2066f2ec,PERSON_V1_20bdbec8-756c-48b3-9fbf-81e54837afd4,has_profile
124,PERSON_V1_20bdbec8-756c-48b3-9fbf-81e54837afd4,USER_V1_8c500221-d0e3-4432-a093-e56e2066f2ec,has_account
125,USER_V1_f575748d-1769-425e-b39b-fc200d2c2ac9,PERSON_V1_cfa6c914-2f7f-43a0-973b-d14b49e550eb,has_profile
125,PERSON_V1_cfa6c914-2f7f-43a0-973b-d14b49e550eb,USER_V1_f575748d-1769-425e-b39b-fc200d2c2ac9,has_account
126,USER_V1_76e65238-1da6-4ca1-9d54-e62a3cf86421,PERSON_V1_0a46e794-b481-4b7c-879a-10d89146d996,has_profile
126,PERSON_V1_0a46e794-b481-4b7c-879a-10d89146d996,USER_V1_76e65238-1da6-4ca1-9d54-e62a3cf86421,has_account
127,USER_V1_739e2b23-1884-461e-a7d4-55545bf9696a,PERSON_V1_b3594279-c88c-48a2-9c50-5c528c759cde,has_profile
127,PERSON_V1_b3594279-c88c-48a2-9c50-5c528c759cde,USER_V1_739e2b23-1884-461e-a7d4-55545bf9696a,has_account
128,USER_V1_05a993f0-316c-41a5-92c1-c76a08f54575,PERSON_V1_4f2877fa-3afc-4fab-9e74-3a2ab8837ea6,has_profile
128,PERSON_V1_4f2877fa-3afc-4fab-9e74-3a2ab8837ea6,USER_V1_05a993f0-316c-41a5-92c1-c76a08f54575,has_account
129,USER_V1_fdd9fd02-3943-4740-8d3d-5f5aaca75fc8,PERSON_V1_aefb607f-8d14-41af-a05e-49f6f2d9b59c,has_profile
129,PERSON_V1_aefb607f-8d14-41af-a05e-49f6f2d9b59c,USER_V1_fdd9fd02-3943-4740-8d3d-5f5aaca75fc8,has_account
130,USER_V1_12f38b14-34f2-4a69-9089-4f4fd1af3e17,PERSON_V1_6598665d-506e-4e12-b195-7ba649f72d2d,has_profile
130,PERSON_V1_6598665d-506e-4e12-b195-7ba649f72d2d,USER_V1_12f38b14-34f2-4a69-9089-4f4fd1af3e17,has_account
131,USER_V1_2291b357-c88b-47d5-9004-ceabf01da105,PERSON_V1_37abe6af-3271-46b2-a99e-ed9af7e70ec1,has_profile
131,PERSON_V1_37abe6af-3271-46b2-a99e-ed9af7e70ec1,USER_V1_2291b357-c88b-47d5-9004-ceabf01da105,has_account
132,USER_V1_d0a3f78d-d6e6-4e47-849d-5cd08f1c7ef0,PERSON_V1_b8dc3849-e0a8-48ca-80b5-85b0ad30074d,has_profile
132,PERSON_V1_b8dc3849-e0a8-48ca-80b5-85b0ad30074d,USER_V1_d0a3f78d-d6e6-4e47-849d-5cd08f1c7ef0,has_account
133,USER_V1_c3d6e13f-f3d7-4375-abc8-eadb7d855fff,PERSON_V1_027d133e-65f5-4d61-990b-00bdd8fecccf,has_profile
133,PERSON_V1_027d133e-65f5-4d61-990b-00bdd8fecccf,USER_V1_c3d6e13f-f3d7-4375-abc8-eadb7d855fff,has_account
134,USER_V1_575bd69e-820f-40df-9258-ffc1b335a67e,PERSON_V1_35e2ba18-e536-4f82-8588-a442c4f0d3e5,has_profile
134,PERSON_V1_35e2ba18-e536-4f82-8588-a442c4f0d3e5,USER_V1_575bd69e-820f-40df-9258-ffc1b335a67e,has_account
135,USER_V1_956f237c-1ddd-4afb-b9fa-9f7a852403b2,PERSON_V1_578d1a4b-db7d-4389-99b3-300df2f4136e,has_profile
135,PERSON_V1_578d1a4b-db7d-4389-99b3-300df2f4136e,USER_V1_956f237c-1ddd-4afb-b9fa-9f7a852403b2,has_account
136,USER_V1_7e63a3ac-a392-4a85-aa12-214593dd85ab,PERSON_V1_ff3bb728-4fb8-4a12-a566-711bc1b119a6,has_profile
136,PERSON_V1_ff3bb728-4fb8-4a12-a566-711bc1b119a6,USER_V1_7e63a3ac-a392-4a85-aa12-214593dd85ab,has_account
137,USER_V1_3c232cfc-f52a-4194-9571-7cbbbd14ffea,PERSON_V1_049cd57d-0ef4-403e-8e79-7974b307655b,has_profile
137,PERSON_V1_049cd57d-0ef4-403e-8e79-7974b307655b,USER_V1_3c232cfc-f52a-4194-9571-7cbbbd14ffea,has_account
138,USER_V1_e542d6d7-091c-4a2a-a1e0-e46e48ba767b,PERSON_V1_8142acf0-2998-490c-ae91-5b2e03ba27f4,has_profile
138,PERSON_V1_8142acf0-2998-490c-ae91-5b2e03ba27f4,USER_V1_e542d6d7-091c-4a2a-a1e0-e46e48ba767b,has_account
139,USER_V1_b3bda211-476f-459a-ad3f-d51b3ac67329,PERSON_V1_630ac45d-a7ba-4649-b4e3-b7c3b705c3cc,has_profile
139,PERSON_V1_630ac45d-a7ba-4649-b4e3-b7c3b705c3cc,USER_V1_b3bda211-476f-459a-ad3f-d51b3ac67329,has_account
140,USER_V1_9323fc04-327d-4531-aac8-042210f4f909,PERSON_V1_0a7fabdb-9661-4661-8928-8109338422cd,has_profile
140,PERSON_V1_0a7fabdb-9661-4661-8928-8109338422cd,USER_V1_9323fc04-327d-4531-aac8-042210f4f909,has_account
141,USER_V1_b428e870-035f-4a8a-980f-931b8ffd6832,PERSON_V1_f0cc6884-5d9d-4fcc-875b-509f33783f72,has_profile
141,PERSON_V1_f0cc6884-5d9d-4fcc-875b-509f33783f72,USER_V1_b428e870-035f-4a8a-980f-931b8ffd6832,has_account
142,USER_V1_383a5fec-9a68-4441-b280-318817ef836f,PERSON_V1_afc24348-85af-4aee-bf91-0cfecb9aecb2,has_profile
142,PERSON_V1_afc24348-85af-4aee-bf91-0cfecb9aecb2,USER_V1_383a5fec-9a68-4441-b280-318817ef836f,has_account
143,USER_V1_fae1b9da-9cc6-4409-9d0c-6c391f08d8e2,PERSON_V1_41a06c6c-d0dd-49dc-b0c1-06542d344e82,has_profile
143,PERSON_V1_41a06c6c-d0dd-49dc-b0c1-06542d344e82,USER_V1_fae1b9da-9cc6-4409-9d0c-6c391f08d8e2,has_account
144,USER_V1_a1c98aa5-9060-447e-9db0-e89491f85730,PERSON_V1_91cd1928-2316-4a74-9ef8-9c06daa99fea,has_profile
144,PERSON_V1_91cd1928-2316-4a74-9ef8-9c06daa99fea,USER_V1_a1c98aa5-9060-447e-9db0-e89491f85730,has_account
145,USER_V1_fafad03c-77fb-4c92-84af-2dc50ccb5e32,PERSON_V1_7f913133-f675-401e-bbfe-5e57fadb9d01,has_profile
145,PERSON_V1_7f913133-f675-401e-bbfe-5e57fadb9d01,USER_V1_fafad03c-77fb-4c92-84af-2dc50ccb5e32,has_account
146,USER_V1_40a94028-45d2-4a0b-9eba-4d5f0b475d57,PERSON_V1_c7d95ff1-770a-4e66-80a7-e52d6fa786ff,has_profile
146,PERSON_V1_c7d95ff1-770a-4e66-80a7-e52d6fa786ff,USER_V1_40a94028-45d2-4a0b-9eba-4d5f0b475d57,has_account
147,USER_V1_d343e839-b5a7-4434-a1df-e76f9587f886,PERSON_V1_ca9718a1-b71b-4b19-8284-7a7d0926bdf9,has_profile
147,PERSON_V1_ca9718a1-b71b-4b19-8284-7a7d0926bdf9,USER_V1_d343e839-b5a7-4434-a1df-e76f9587f886,has_account
148,USER_V1_fe834fdf-0755-4477-be16-5947f695ffa6,PERSON_V1_54e1627d-284c-46bb-9921-26b89807c44a,has_profile
148,PERSON_V1_54e1627d-284c-46bb-9921-26b89807c44a,USER_V1_fe834fdf-0755-4477-be16-5947f695ffa6,has_account
149,USER_V1_38ce6c4a-3312-4ec9-bc39-42c24ee792eb,PERSON_V1_aa634911-3472-43d9-96b7-335ea3aced47,has_profile
149,PERSON_V1_aa634911-3472-43d9-96b7-335ea3aced47,USER_V1_38ce6c4a-3312-4ec9-bc39-42c24ee792eb,has_account
150,USER_V1_f4c95a8d-4550-4d56-8a35-406395180101,PERSON_V1_c0502e16-8400-44f1-8dd8-42ad791c89d3,has_profile
150,PERSON_V1_c0502e16-8400-44f1-8dd8-42ad791c89d3,USER_V1_f4c95a8d-4550-4d56-8a35-406395180101,has_account
151,USER_V1_520706f5-9ec2-440e-88c4-fbaaf55dbed0,PERSON_V1_ca78cb9f-f9ae-4544-9543-1cd28ffd56af,has_profile
151,PERSON_V1_ca78cb9f-f9ae-4544-9543-1cd28ffd56af,USER_V1_520706f5-9ec2-440e-88c4-fbaaf55dbed0,has_account
152,USER_V1_cf23b31c-cc73-4364-a171-603dea238afa,PERSON_V1_82eaf3e0-1876-41c0-bc2e-2bbd09645d0a,has_profile
152,PERSON_V1_82eaf3e0-1876-41c0-bc2e-2bbd09645d0a,USER_V1_cf23b31c-cc73-4364-a171-603dea238afa,has_account
153,USER_V1_68878547-9003-4eee-8c40-3fbf305fe442,PERSON_V1_a3644dad-f25d-4383-8bda-18af7d807a2e,has_profile
153,PERSON_V1_a3644dad-f25d-4383-8bda-18af7d807a2e,USER_V1_68878547-9003-4eee-8c40-3fbf305fe442,has_account
154,USER_V1_775cedab-c43b-4070-90d9-23c47c3d8854,PERSON_V1_52633c73-a1d7-40f4-a914-ec1641ce83f9,has_profile
154,PERSON_V1_52633c73-a1d7-40f4-a914-ec1641ce83f9,USER_V1_775cedab-c43b-4070-90d9-23c47c3d8854,has_account
155,USER_V1_7039cd8b-9d18-464c-b70f-a1e1afae5aa6,PERSON_V1_38d0af21-757b-439f-b5eb-e4bcba1206c7,has_profile
155,PERSON_V1_38d0af21-757b-439f-b5eb-e4bcba1206c7,USER_V1_7039cd8b-9d18-464c-b70f-a1e1afae5aa6,has_account
156,USER_V1_b78fb2b6-9fdc-4744-9b30-04c7b714acb0,PERSON_V1_133a0436-dc41-4542-b28c-98af1cf783d0,has_profile
156,PERSON_V1_133a0436-dc41-4542-b28c-98af1cf783d0,USER_V1_b78fb2b6-9fdc-4744-9b30-04c7b714acb0,has_account
157,USER_V1_13350299-ee39-426e-88ce-6c6d19baf9ef,PERSON_V1_e3f6d9fb-a04f-4217-8894-e381c8b0b4e0,has_profile
157,PERSON_V1_e3f6d9fb-a04f-4217-8894-e381c8b0b4e0,USER_V1_13350299-ee39-426e-88ce-6c6d19baf9ef,has_account
158,USER_V1_53e4aaa3-233b-474c-88b6-24cf8c0bb90e,PERSON_V1_af714b10-4e74-4bf4-a2a2-b327320d23a9,has_profile
158,PERSON_V1_af714b10-4e74-4bf4-a2a2-b327320d23a9,USER_V1_53e4aaa3-233b-474c-88b6-24cf8c0bb90e,has_account
159,USER_V1_a30fdd38-ebc0-4bf7-8023-ed516c5c6cc6,PERSON_V1_a8d10371-1fb8-4e2b-b8df-1e685259e0e7,has_profile
159,PERSON_V1_a8d10371-1fb8-4e2b-b8df-1e685259e0e7,USER_V1_a30fdd38-ebc0-4bf7-8023-ed516c5c6cc6,has_account
160,USER_V1_9d8a065d-fc35-430e-9a33-079a47b37b4d,PERSON_V1_3093a055-b30d-4740-852c-bbe84aed375b,has_profile
160,PERSON_V1_3093a055-b30d-4740-852c-bbe84aed375b,USER_V1_9d8a065d-fc35-430e-9a33-079a47b37b4d,has_account
161,USER_V1_a8e22422-51c6-4910-9d5e-8747352605a3,PERSON_V1_d78c7f90-0f31-49b1-943b-66a346bec727,has_profile
161,PERSON_V1_d78c7f90-0f31-49b1-943b-66a346bec727,USER_V1_a8e22422-51c6-4910-9d5e-8747352605a3,has_account
162,USER_V1_f5efa288-fa9b-4514-9376-b0c90e82b486,PERSON_V1_1ee6cd56-11f1-49bf-bd27-c575182931a8,has_profile
162,PERSON_V1_1ee6cd56-11f1-49bf-bd27-c575182931a8,USER_V1_f5efa288-fa9b-4514-9376-b0c90e82b486,has_account
163,USER_V1_77a47f76-dc76-4492-9fb3-31cba127be63,PERSON_V1_40fd14af-5833-42b4-9b95-6a304077993f,has_profile
163,PERSON_V1_40fd14af-5833-42b4-9b95-6a304077993f,USER_V1_77a47f76-dc76-4492-9fb3-31cba127be63,has_account
164,USER_V1_2b0287aa-2c0b-4473-983f-506edc8ba364,PERSON_V1_9df22263-0c54-41d6-874e-283b50a9e0d9,has_profile
164,PERSON_V1_9df22263-0c54-41d6-874e-283b50a9e0d9,USER_V1_2b0287aa-2c0b-4473-983f-506edc8ba364,has_account
165,USER_V1_c536b9aa-b764-4784-a210-c739870d377b,PERSON_V1_e9c80672-7fe7-455e-93d2-5f855e34954a,has_profile
165,PERSON_V1_e9c80672-7fe7-455e-93d2-5f855e34954a,USER_V1_c536b9aa-b764-4784-a210-c739870d377b,has_account
166,USER_V1_85895310-8c73-4251-a1cc-6fae23921102,PERSON_V1_0fb2bcf7-8786-4fe6-ab40-cbb72698eb2c,has_profile
166,PERSON_V1_0fb2bcf7-8786-4fe6-ab40-cbb72698eb2c,USER_V1_85895310-8c73-4251-a1cc-6fae23921102,has_account
167,USER_V1_971e0746-b44b-4bb3-a460-7275a87acd9e,PERSON_V1_e7f9d926-2455-483e-a954-e3d05d457732,has_profile
167,PERSON_V1_e7f9d926-2455-483e-a954-e3d05d457732,USER_V1_971e0746-b44b-4bb3-a460-7275a87acd9e,has_account
168,USER_V1_d9d39312-56c2-4dad-af7c-4db46740425e,PERSON_V1_746874fd-67f1-40b5-a420-6ce975b04116,has_profile
168,PERSON_V1_746874fd-67f1-40b5-a420-6ce975b04116,USER_V1_d9d39312-56c2-4dad-af7c-4db46740425e,has_account
169,USER_V1_659108d8-1a14-4ea9-9560-08069efc14ae,PERSON_V1_c3be6b42-cc90-4a66-a2a0-2fd88cbe8f75,has_profile
169,PERSON_V1_c3be6b42-cc90-4a66-a2a0-2fd88cbe8f75,USER_V1_659108d8-1a14-4ea9-9560-08069efc14ae,has_account
170,USER_V1_84cb1425-c3f9-48da-8c96-7a34010eb3bd,PERSON_V1_cfe73873-0d08-4d2d-b349-c73429a23d02,has_profile
170,PERSON_V1_cfe73873-0d08-4d2d-b349-c73429a23d02,USER_V1_84cb1425-c3f9-48da-8c96-7a34010eb3bd,has_account
171,USER_V1_c69613df-fb2e-4660-a11e-a377553d7154,PERSON_V1_4cbce56c-847e-46b6-850e-81cb9a639d6d,has_profile
171,PERSON_V1_4cbce56c-847e-46b6-850e-81cb9a639d6d,USER_V1_c69613df-fb2e-4660-a11e-a377553d7154,has_account
172,USER_V1_f1c283a4-1422-48da-a926-559d87989840,PERSON_V1_5157ffe2-3c3d-471f-9531-538c48b01856,has_profile
172,PERSON_V1_5157ffe2-3c3d-471f-9531-538c48b01856,USER_V1_f1c283a4-1422-48da-a926-559d87989840,has_account
173,USER_V1_adceaaa0-9c3b-412b-8373-294145fbf923,PERSON_V1_dc0e4d5f-80e9-4173-9670-4741e0500d80,has_profile
173,PERSON_V1_dc0e4d5f-80e9-4173-9670-4741e0500d80,USER_V1_adceaaa0-9c3b-412b-8373-294145fbf923,has_account
174,USER_V1_b286b70d-7275-4fa8-bdb0-b30ab63b27b8,PERSON_V1_9e2853a7-7a97-4c75-ac85-779e67ef020d,has_profile
174,PERSON_V1_9e2853a7-7a97-4c75-ac85-779e67ef020d,USER_V1_b286b70d-7275-4fa8-bdb0-b30ab63b27b8,has_account
175,USER_V1_aa28d692-b39a-41f2-9a21-f0cd732507df,PERSON_V1_41234ae6-0a3a-49c2-b30d-f589c9c7e015,has_profile
175,PERSON_V1_41234ae6-0a3a-49c2-b30d-f589c9c7e015,USER_V1_aa28d692-b39a-41f2-9a21-f0cd732507df,has_account
176,USER_V1_c3544896-6f42-4912-a568-e6b8930ef97e,PERSON_V1_2184d804-9e04-4587-9a64-6e2cc35fe8d1,has_profile
176,PERSON_V1_2184d804-9e04-4587-9a64-6e2cc35fe8d1,USER_V1_c3544896-6f42-4912-a568-e6b8930ef97e,has_account
177,USER_V1_e6e0ea7c-2353-41aa-b51a-28e22be95b48,PERSON_V1_2d386d5f-1b6e-4775-a0d3-9815c37d8411,has_profile
177,PERSON_V1_2d386d5f-1b6e-4775-a0d3-9815c37d8411,USER_V1_e6e0ea7c-2353-41aa-b51a-28e22be95b48,has_account
178,USER_V1_a5af1ee5-1534-4e0d-b39d-979b2c5aa208,PERSON_V1_c708d59b-f826-4f76-8661-b2e73c2e1892,has_profile
178,PERSON_V1_c708d59b-f826-4f76-8661-b2e73c2e1892,USER_V1_a5af1ee5-1534-4e0d-b39d-979b2c5aa208,has_account
179,USER_V1_11a640a8-8acb-4599-9133-7dbc4baef37d,PERSON_V1_7902eee8-64a2-485c-bc37-7892842961fe,has_profile
179,PERSON_V1_7902eee8-64a2-485c-bc37-7892842961fe,USER_V1_11a640a8-8acb-4599-9133-7dbc4baef37d,has_account
180,USER_V1_b8173f6a-1318-4c9d-ae65-09a10923ffa0,PERSON_V1_774f8e25-ed48-4681-97e8-1c158a5bbdd3,has_profile
180,PERSON_V1_774f8e25-ed48-4681-97e8-1c158a5bbdd3,USER_V1_b8173f6a-1318-4c9d-ae65-09a10923ffa0,has_account
181,USER_V1_acff227d-3f5d-4249-8c71-e8d903639f49,PERSON_V1_adacc56b-3ce6-48a9-b8f0-0dfd7a925ab9,has_profile
181,PERSON_V1_adacc56b-3ce6-48a9-b8f0-0dfd7a925ab9,USER_V1_acff227d-3f5d-4249-8c71-e8d903639f49,has_account
182,USER_V1_dee0cf63-30f6-4fef-9a36-8a50c70807a6,PERSON_V1_6b731e77-c2fd-4c53-9c53-e2946ebd28c8,has_profile
182,PERSON_V1_6b731e77-c2fd-4c53-9c53-e2946ebd28c8,USER_V1_dee0cf63-30f6-4fef-9a36-8a50c70807a6,has_account
183,USER_V1_5a80bffb-3324-4c7e-9dae-b5296b29db1d,PERSON_V1_a8098923-db2d-4e34-a7ee-9d8d4ffec832,has_profile
183,PERSON_V1_a8098923-db2d-4e34-a7ee-9d8d4ffec832,USER_V1_5a80bffb-3324-4c7e-9dae-b5296b29db1d,has_account
184,USER_V1_1879cc79-7251-427e-9748-5453e0b01214,PERSON_V1_6c298dbb-5209-48d1-9e2f-b384b865b3a7,has_profile
184,PERSON_V1_6c298dbb-5209-48d1-9e2f-b384b865b3a7,USER_V1_1879cc79-7251-427e-9748-5453e0b01214,has_account
185,USER_V1_53942974-ba20-464f-b352-c194d2c1214a,PERSON_V1_0fdb0463-0f1c-4ece-ae3f-c9bdea769d54,has_profile
185,PERSON_V1_0fdb0463-0f1c-4ece-ae3f-c9bdea769d54,USER_V1_53942974-ba20-464f-b352-c194d2c1214a,has_account
186,USER_V1_4c867f80-4fd6-434f-951d-e0f025fbbdd2,PERSON_V1_559d1a6a-52d8-4040-a920-73e78e0e15e2,has_profile
186,PERSON_V1_559d1a6a-52d8-4040-a920-73e78e0e15e2,USER_V1_4c867f80-4fd6-434f-951d-e0f025fbbdd2,has_account
187,USER_V1_5626b530-ff60-4825-8646-c9f801abc393,PERSON_V1_bdb9b4c3-cf7a-4a32-8052-1bec36e4b679,has_profile
187,PERSON_V1_bdb9b4c3-cf7a-4a32-8052-1bec36e4b679,USER_V1_5626b530-ff60-4825-8646-c9f801abc393,has_account
188,USER_V1_13d951f9-df9b-4ee8-b397-adbcc4c2eb0b,PERSON_V1_0ee806b6-0b7e-4d54-8153-d077322b75f2,has_profile
188,PERSON_V1_0ee806b6-0b7e-4d54-8153-d077322b75f2,USER_V1_13d951f9-df9b-4ee8-b397-adbcc4c2eb0b,has_account
189,USER_V1_931fb783-639a-4771-8795-8aa2739dd76d,PERSON_V1_3454ddcd-ced3-434c-b3f2-8202fde2c1cf,has_profile
189,PERSON_V1_3454ddcd-ced3-434c-b3f2-8202fde2c1cf,USER_V1_931fb783-639a-4771-8795-8aa2739dd76d,has_account
190,USER_V1_b045dbc5-ca38-4525-b931-1e760845a63f,PERSON_V1_05443c41-0184-492b-86ba-0a23a9d57089,has_profile
190,PERSON_V1_05443c41-0184-492b-86ba-0a23a9d57089,USER_V1_b045dbc5-ca38-4525-b931-1e760845a63f,has_account
191,USER_V1_00fe36c7-8c91-40c8-ab28-f685a589c6b8,PERSON_V1_76e5b48b-23ad-4dcb-9ce9-2377666eacce,has_profile
191,PERSON_V1_76e5b48b-23ad-4dcb-9ce9-2377666eacce,USER_V1_00fe36c7-8c91-40c8-ab28-f685a589c6b8,has_account
192,USER_V1_6232eaaa-7a83-46f6-aa00-d1704cd8c5e8,PERSON_V1_33b2557f-b418-4cb2-bb22-e310ee70155a,has_profile
192,PERSON_V1_33b2557f-b418-4cb2-bb22-e310ee70155a,USER_V1_6232eaaa-7a83-46f6-aa00-d1704cd8c5e8,has_account
193,USER_V1_1c63c33f-59c0-4e71-b292-b816d8a08b90,PERSON_V1_3db4502f-001e-4036-8375-641cc01c5410,has_profile
193,PERSON_V1_3db4502f-001e-4036-8375-641cc01c5410,USER_V1_1c63c33f-59c0-4e71-b292-b816d8a08b90,has_account
194,USER_V1_64131c73-5c66-4781-90d3-dc8ebe24cf1c,PERSON_V1_27ace7d2-c20f-4526-8368-b691c4b25935,has_profile
194,PERSON_V1_27ace7d2-c20f-4526-8368-b691c4b25935,USER_V1_64131c73-5c66-4781-90d3-dc8ebe24cf1c,has_account
195,USER_V1_a7f5af02-51f0-4905-bba0-fd08379cd4a6,PERSON_V1_0b18b284-d6d5-4b8a-803b-a82cdb3b3b19,has_profile
195,PERSON_V1_0b18b284-d6d5-4b8a-803b-a82cdb3b3b19,USER_V1_a7f5af02-51f0-4905-bba0-fd08379cd4a6,has_account
196,USER_V1_d732e126-fbcf-4aad-ac0e-f4c5fcd48f07,PERSON_V1_80f10864-2309-43d1-bd54-f8775a5987cc,has_profile
196,PERSON_V1_80f10864-2309-43d1-bd54-f8775a5987cc,USER_V1_d732e126-fbcf-4aad-ac0e-f4c5fcd48f07,has_account
197,USER_V1_2d6be6a0-d3cf-414c-b04f-0c08dae71a33,PERSON_V1_722bc8fd-fedb-43f5-aaee-4e5cc22540f8,has_profile
197,PERSON_V1_722bc8fd-fedb-43f5-aaee-4e5cc22540f8,USER_V1_2d6be6a0-d3cf-414c-b04f-0c08dae71a33,has_account
198,USER_V1_fdf13056-cb48-42bb-8d14-980f69a036ba,PERSON_V1_f6cd7024-d082-4626-be20-80b687724225,has_profile
198,PERSON_V1_f6cd7024-d082-4626-be20-80b687724225,USER_V1_fdf13056-cb48-42bb-8d14-980f69a036ba,has_account
199,USER_V1_1c6a9211-c100-4507-836b-dfb620dd8977,PERSON_V1_2ff08dbc-71ff-4875-ad4b-c719a21ae339,has_profile
199,PERSON_V1_2ff08dbc-71ff-4875-ad4b-c719a21ae339,USER_V1_1c6a9211-c100-4507-836b-dfb620dd8977,has_account
200,USER_V1_0c432c7f-968f-4e5e-9e3f-8066820fc32d,PERSON_V1_0fc6eb10-ed95-43a6-b040-d135b76b38a0,has_profile
200,PERSON_V1_0fc6eb10-ed95-43a6-b040-d135b76b38a0,USER_V1_0c432c7f-968f-4e5e-9e3f-8066820fc32d,has_account
201,USER_V1_c50ed42e-0fac-4eba-ae71-56e4d5f6f429,PERSON_V1_206c980e-2e79-42cd-90a3-a39398013dc7,has_profile
201,PERSON_V1_206c980e-2e79-42cd-90a3-a39398013dc7,USER_V1_c50ed42e-0fac-4eba-ae71-56e4d5f6f429,has_account
202,USER_V1_a1bbb62c-db31-4cb1-9c2e-ca810dcce95c,PERSON_V1_92510c65-60be-4717-af34-354e5e9d4303,has_profile
202,PERSON_V1_92510c65-60be-4717-af34-354e5e9d4303,USER_V1_a1bbb62c-db31-4cb1-9c2e-ca810dcce95c,has_account
203,USER_V1_795f5d10-4eb4-4117-bf22-f6e082b6011b,PERSON_V1_d3a4f130-b636-48e0-a5c1-13ae31bf6c1e,has_profile
203,PERSON_V1_d3a4f130-b636-48e0-a5c1-13ae31bf6c1e,USER_V1_795f5d10-4eb4-4117-bf22-f6e082b6011b,has_account
204,USER_V1_8e9be0a7-2542-42c8-a6a2-711ed9018254,PERSON_V1_3e447f68-bbe7-42e2-b5a0-86f72ae5f07f,has_profile
204,PERSON_V1_3e447f68-bbe7-42e2-b5a0-86f72ae5f07f,USER_V1_8e9be0a7-2542-42c8-a6a2-711ed9018254,has_account
205,USER_V1_e8b4c7eb-bd73-4881-ba3e-d99beaf32599,PERSON_V1_d3f6c2f4-c37e-4f05-a432-255231b5dff1,has_profile
205,PERSON_V1_d3f6c2f4-c37e-4f05-a432-255231b5dff1,USER_V1_e8b4c7eb-bd73-4881-ba3e-d99beaf32599,has_account
206,USER_V1_074c7201-097a-4f13-8c12-22d3016023ef,PERSON_V1_69729e16-1cc3-4592-aa3e-c20868a43eca,has_profile
206,PERSON_V1_69729e16-1cc3-4592-aa3e-c20868a43eca,USER_V1_074c7201-097a-4f13-8c12-22d3016023ef,has_account
207,USER_V1_92d8bb07-0b3b-422b-8392-965ca9764ea1,PERSON_V1_3f6e5fbd-b0d2-430f-be7a-1be31e055e13,has_profile
207,PERSON_V1_3f6e5fbd-b0d2-430f-be7a-1be31e055e13,USER_V1_92d8bb07-0b3b-422b-8392-965ca9764ea1,has_account
208,USER_V1_33ea212d-38c6-4949-b519-e2aba67c07be,PERSON_V1_16c819a0-56be-41a8-9360-082bd12063d9,has_profile
208,PERSON_V1_16c819a0-56be-41a8-9360-082bd12063d9,USER_V1_33ea212d-38c6-4949-b519-e2aba67c07be,has_account
209,USER_V1_0effcb11-5b55-43f4-aae5-bd38556724d1,PERSON_V1_5172df01-35c0-4c92-afe0-30059b86558b,has_profile
209,PERSON_V1_5172df01-35c0-4c92-afe0-30059b86558b,USER_V1_0effcb11-5b55-43f4-aae5-bd38556724d1,has_account
210,USER_V1_16ea3cce-bb0f-49fe-9145-c3b1ee65776d,PERSON_V1_2532ef77-8488-4560-bf71-cdf6b53b79bf,has_profile
210,PERSON_V1_2532ef77-8488-4560-bf71-cdf6b53b79bf,USER_V1_16ea3cce-bb0f-49fe-9145-c3b1ee65776d,has_account
211,USER_V1_c31b1a16-414a-4e01-b083-22af7c66a37e,PERSON_V1_c131afe9-2a05-43df-9e7d-fad457547988,has_profile
211,PERSON_V1_c131afe9-2a05-43df-9e7d-fad457547988,USER_V1_c31b1a16-414a-4e01-b083-22af7c66a37e,has_account
212,USER_V1_2613a20a-a8e5-461e-a063-f751ae8c14b3,PERSON_V1_3c227655-71ee-442b-b0f2-e9e127dc6986,has_profile
212,PERSON_V1_3c227655-71ee-442b-b0f2-e9e127dc6986,USER_V1_2613a20a-a8e5-461e-a063-f751ae8c14b3,has_account
213,USER_V1_b83e9a66-015d-4425-8114-33b4d0c15adb,PERSON_V1_9ad432c2-fe04-48cf-aecd-355387747eb6,has_profile
213,PERSON_V1_9ad432c2-fe04-48cf-aecd-355387747eb6,USER_V1_b83e9a66-015d-4425-8114-33b4d0c15adb,has_account
214,USER_V1_ddc12ca4-b094-4258-91c5-e171df52fd82,PERSON_V1_7c4542b8-6361-4dcd-9976-835f13a444f6,has_profile
214,PERSON_V1_7c4542b8-6361-4dcd-9976-835f13a444f6,USER_V1_ddc12ca4-b094-4258-91c5-e171df52fd82,has_account
215,USER_V1_730421e3-ea9b-4d22-91c4-96f5f4536bb2,PERSON_V1_5b243949-b22f-40ee-8835-77fd915974e0,has_profile
215,PERSON_V1_5b243949-b22f-40ee-8835-77fd915974e0,USER_V1_730421e3-ea9b-4d22-91c4-96f5f4536bb2,has_account
216,USER_V1_07e1922d-cba7-46d0-8ab5-88a0622f5a6b,PERSON_V1_27d9cb15-a0c4-4e8c-b87f-271a370bf9c7,has_profile
216,PERSON_V1_27d9cb15-a0c4-4e8c-b87f-271a370bf9c7,USER_V1_07e1922d-cba7-46d0-8ab5-88a0622f5a6b,has_account
217,USER_V1_0518b9f6-744e-43b3-8d23-d52416cdce85,PERSON_V1_d96dbb7f-d065-4682-969a-dec03b665802,has_profile
217,PERSON_V1_d96dbb7f-d065-4682-969a-dec03b665802,USER_V1_0518b9f6-744e-43b3-8d23-d52416cdce85,has_account
218,USER_V1_5ac6a17a-09fa-4995-ac49-b08ae23e98ff,PERSON_V1_f2b2c5dd-802e-454a-b367-533128a5aa09,has_profile
218,PERSON_V1_f2b2c5dd-802e-454a-b367-533128a5aa09,USER_V1_5ac6a17a-09fa-4995-ac49-b08ae23e98ff,has_account
219,USER_V1_45131176-ab78-4670-8cf3-63256f9b0cad,PERSON_V1_54cf5415-b0b3-4206-bbe7-0beb13d843d7,has_profile
219,PERSON_V1_54cf5415-b0b3-4206-bbe7-0beb13d843d7,USER_V1_45131176-ab78-4670-8cf3-63256f9b0cad,has_account
220,USER_V1_d559b0cd-ad00-489d-9309-f471cd646c62,PERSON_V1_eca84486-2df9-4b6c-a72c-5a190e421829,has_profile
220,PERSON_V1_eca84486-2df9-4b6c-a72c-5a190e421829,USER_V1_d559b0cd-ad00-489d-9309-f471cd646c62,has_account
221,USER_V1_4f1d4749-a595-4d25-a644-faefa8f0d321,PERSON_V1_20953536-4485-4f70-9597-55335e2e0c18,has_profile
221,PERSON_V1_20953536-4485-4f70-9597-55335e2e0c18,USER_V1_4f1d4749-a595-4d25-a644-faefa8f0d321,has_account
222,USER_V1_ad8f0d28-9e0f-4846-9d95-2916366531c4,PERSON_V1_c4aafd4b-2376-48b4-bdec-d683375f26a3,has_profile
222,PERSON_V1_c4aafd4b-2376-48b4-bdec-d683375f26a3,USER_V1_ad8f0d28-9e0f-4846-9d95-2916366531c4,has_account
223,USER_V1_24f9f02c-4e08-44b3-a097-f8b4768bd330,PERSON_V1_80c3965c-c54c-47e4-81d9-662a89cbcb32,has_profile
223,PERSON_V1_80c3965c-c54c-47e4-81d9-662a89cbcb32,USER_V1_24f9f02c-4e08-44b3-a097-f8b4768bd330,has_account
224,USER_V1_b49c00b3-b0c3-4e2d-985a-4661389741e5,PERSON_V1_bcb5e4ca-bb2b-42b6-9f93-d137cebef414,has_profile
224,PERSON_V1_bcb5e4ca-bb2b-42b6-9f93-d137cebef414,USER_V1_b49c00b3-b0c3-4e2d-985a-4661389741e5,has_account
225,USER_V1_1eec0471-db5e-47cc-a408-5973dcf523c1,PERSON_V1_deadf907-db52-45b8-be5b-0640abd5f385,has_profile
225,PERSON_V1_deadf907-db52-45b8-be5b-0640abd5f385,USER_V1_1eec0471-db5e-47cc-a408-5973dcf523c1,has_account
226,USER_V1_25a5f57f-03a8-4067-8efc-6f7d5ef91261,PERSON_V1_d9f5fe9a-deeb-416a-a69d-42ba69c68330,has_profile
226,PERSON_V1_d9f5fe9a-deeb-416a-a69d-42ba69c68330,USER_V1_25a5f57f-03a8-4067-8efc-6f7d5ef91261,has_account
227,USER_V1_7635befc-dd06-493c-9126-a9d26e1ae842,PERSON_V1_d0d12ea9-fa5f-4743-8982-2469201a55c5,has_profile
227,PERSON_V1_d0d12ea9-fa5f-4743-8982-2469201a55c5,USER_V1_7635befc-dd06-493c-9126-a9d26e1ae842,has_account
228,USER_V1_7b6019a3-1a6e-45d9-a5b9-d9090e4a91a1,PERSON_V1_19fd024a-e9f7-4e63-839c-a1dfca048420,has_profile
228,PERSON_V1_19fd024a-e9f7-4e63-839c-a1dfca048420,USER_V1_7b6019a3-1a6e-45d9-a5b9-d9090e4a91a1,has_account
229,USER_V1_9cbb2667-166b-4a7e-9265-7fb8c6b531d8,PERSON_V1_1eef75a7-1d36-4171-a2b8-65281bf09068,has_profile
229,PERSON_V1_1eef75a7-1d36-4171-a2b8-65281bf09068,USER_V1_9cbb2667-166b-4a7e-9265-7fb8c6b531d8,has_account
230,USER_V1_bc0fa479-a109-45f4-aad4-c96c069933cc,PERSON_V1_ba379cc6-d836-4896-81af-b7f45b432e51,has_profile
230,PERSON_V1_ba379cc6-d836-4896-81af-b7f45b432e51,USER_V1_bc0fa479-a109-45f4-aad4-c96c069933cc,has_account
231,USER_V1_8f9b121a-f59d-454f-9d45-15c945d122ef,PERSON_V1_633fd1db-d111-4363-b48f-96100d49a839,has_profile
231,PERSON_V1_633fd1db-d111-4363-b48f-96100d49a839,USER_V1_8f9b121a-f59d-454f-9d45-15c945d122ef,has_account
232,USER_V1_0da9ff65-445f-4d70-8217-853160cde103,PERSON_V1_e0806550-1c5f-42ab-8153-fb74923ff442,has_profile
232,PERSON_V1_e0806550-1c5f-42ab-8153-fb74923ff442,USER_V1_0da9ff65-445f-4d70-8217-853160cde103,has_account
233,USER_V1_96dc5b10-e064-4a8a-8a37-f19ada5baf24,PERSON_V1_1cdb3424-10bc-4d39-934f-cfd230496a85,has_profile
233,PERSON_V1_1cdb3424-10bc-4d39-934f-cfd230496a85,USER_V1_96dc5b10-e064-4a8a-8a37-f19ada5baf24,has_account
234,USER_V1_c0337e08-7bf9-4a64-922a-ac3a0ad90bcd,PERSON_V1_87d7011a-7b1b-43e0-aa0e-087963fca0e5,has_profile
234,PERSON_V1_87d7011a-7b1b-43e0-aa0e-087963fca0e5,USER_V1_c0337e08-7bf9-4a64-922a-ac3a0ad90bcd,has_account
235,USER_V1_f2614f02-10f4-4914-b50a-6f4503e5eb8b,PERSON_V1_f49b3776-beae-4323-a3e9-0ddf9ecf525e,has_profile
235,PERSON_V1_f49b3776-beae-4323-a3e9-0ddf9ecf525e,USER_V1_f2614f02-10f4-4914-b50a-6f4503e5eb8b,has_account
236,USER_V1_7964094a-95cf-48fe-905d-75e9c62e18df,PERSON_V1_b4f907c5-6586-42cf-a794-d72ee14b7568,has_profile
236,PERSON_V1_b4f907c5-6586-42cf-a794-d72ee14b7568,USER_V1_7964094a-95cf-48fe-905d-75e9c62e18df,has_account
237,USER_V1_13acd4a8-5b6b-4c8e-bb46-ba0af2f0816c,PERSON_V1_ca97a6a3-f7a6-460d-90a4-07aae9508a17,has_profile
237,PERSON_V1_ca97a6a3-f7a6-460d-90a4-07aae9508a17,USER_V1_13acd4a8-5b6b-4c8e-bb46-ba0af2f0816c,has_account
238,USER_V1_cfa9b7df-e4eb-4303-863f-95c713eaa8ce,PERSON_V1_2024e770-e4c6-4224-96a2-8d69a829a0ed,has_profile
238,PERSON_V1_2024e770-e4c6-4224-96a2-8d69a829a0ed,USER_V1_cfa9b7df-e4eb-4303-863f-95c713eaa8ce,has_account
239,USER_V1_c34bc8c1-4a06-49b0-915f-1b083b37c170,PERSON_V1_81303331-e822-4502-bd0e-a79de6835ebe,has_profile
239,PERSON_V1_81303331-e822-4502-bd0e-a79de6835ebe,USER_V1_c34bc8c1-4a06-49b0-915f-1b083b37c170,has_account
240,USER_V1_2740b0fa-2d9d-4cbf-9849-3cca09462f4f,PERSON_V1_bc9fe9c9-ddeb-45b4-8583-3e5f0c806557,has_profile
240,PERSON_V1_bc9fe9c9-ddeb-45b4-8583-3e5f0c806557,USER_V1_2740b0fa-2d9d-4cbf-9849-3cca09462f4f,has_account
241,USER_V1_1faaf2e4-c92b-4d83-a854-46ff38f58da3,PERSON_V1_74f0f06a-6e00-4711-959f-0910d741cfde,has_profile
241,PERSON_V1_74f0f06a-6e00-4711-959f-0910d741cfde,USER_V1_1faaf2e4-c92b-4d83-a854-46ff38f58da3,has_account
242,USER_V1_6f3f8d5f-7977-457a-85ea-c904d6bfd16d,PERSON_V1_1a2d51d4-a9d2-45d1-acf1-159ea2828627,has_profile
242,PERSON_V1_1a2d51d4-a9d2-45d1-acf1-159ea2828627,USER_V1_6f3f8d5f-7977-457a-85ea-c904d6bfd16d,has_account
243,USER_V1_caa09889-3532-4432-b01b-023f9726b73f,PERSON_V1_089df753-287d-4714-b821-dd60dd1c3b06,has_profile
243,PERSON_V1_089df753-287d-4714-b821-dd60dd1c3b06,USER_V1_caa09889-3532-4432-b01b-023f9726b73f,has_account
244,USER_V1_d61505d3-4df6-4d1a-b8aa-f6666d8e53a3,PERSON_V1_0b592d3d-fc0b-475f-b567-649fa7abb423,has_profile
244,PERSON_V1_0b592d3d-fc0b-475f-b567-649fa7abb423,USER_V1_d61505d3-4df6-4d1a-b8aa-f6666d8e53a3,has_account
245,USER_V1_c6347c9c-8f16-4ead-b974-9f2197557373,PERSON_V1_7b7c90f5-b047-4b5d-885c-48b15c00c7c9,has_profile
245,PERSON_V1_7b7c90f5-b047-4b5d-885c-48b15c00c7c9,USER_V1_c6347c9c-8f16-4ead-b974-9f2197557373,has_account
246,USER_V1_c95f3687-fa28-40dd-8e85-1d84fca73bcd,PERSON_V1_add104f3-4a7f-401e-bd2c-e16853eea8ac,has_profile
246,PERSON_V1_add104f3-4a7f-401e-bd2c-e16853eea8ac,USER_V1_c95f3687-fa28-40dd-8e85-1d84fca73bcd,has_account
247,USER_V1_87ec9623-3cce-45b0-82d1-b7e73dfc9436,PERSON_V1_f0910dad-dfb3-4533-b826-40191added19,has_profile
247,PERSON_V1_f0910dad-dfb3-4533-b826-40191added19,USER_V1_87ec9623-3cce-45b0-82d1-b7e73dfc9436,has_account
248,USER_V1_b431ec0d-0d00-453d-961a-77aa44a73d3c,PERSON_V1_71b0d7fe-8495-4d96-9d37-8c00f48048af,has_profile
248,PERSON_V1_71b0d7fe-8495-4d96-9d37-8c00f48048af,USER_V1_b431ec0d-0d00-453d-961a-77aa44a73d3c,has_account
249,USER_V1_b8ca5273-381d-48ae-88e5-2c5430e4e06d,PERSON_V1_2b1a3472-4453-4831-9449-e3beec6e302e,has_profile
249,PERSON_V1_2b1a3472-4453-4831-9449-e3beec6e302e,USER_V1_b8ca5273-381d-48ae-88e5-2c5430e4e06d,has_account
250,USER_V1_2b0f937a-e5d8-4783-9bbc-25ea8938dceb,PERSON_V1_feeb481b-78a9-46f8-b595-b82f01c4e341,has_profile
250,PERSON_V1_feeb481b-78a9-46f8-b595-b82f01c4e341,USER_V1_2b0f937a-e5d8-4783-9bbc-25ea8938dceb,has_account
251,USER_V1_c9c70b35-ef1b-48b1-80b5-acad962cd18e,PERSON_V1_37a625f9-95b9-4a28-8460-e349dd49b1a5,has_profile
251,PERSON_V1_37a625f9-95b9-4a28-8460-e349dd49b1a5,USER_V1_c9c70b35-ef1b-48b1-80b5-acad962cd18e,has_account
252,USER_V1_0ed3a6c8-93aa-413a-bec7-64bfcb4442c9,PERSON_V1_a2149c27-1b05-43af-bad4-1057a6cd4cac,has_profile
252,PERSON_V1_a2149c27-1b05-43af-bad4-1057a6cd4cac,USER_V1_0ed3a6c8-93aa-413a-bec7-64bfcb4442c9,has_account
253,USER_V1_bfb5867e-989a-45f0-8ce6-2b4fca8cd88b,PERSON_V1_0eae06b0-604e-420a-ae50-3799acf45c5a,has_profile
253,PERSON_V1_0eae06b0-604e-420a-ae50-3799acf45c5a,USER_V1_bfb5867e-989a-45f0-8ce6-2b4fca8cd88b,has_account
254,USER_V1_0c06525f-e622-4cb5-b3e8-fc445190653a,PERSON_V1_6559ab63-9e5b-43e4-8112-fdda8df8b9f2,has_profile
254,PERSON_V1_6559ab63-9e5b-43e4-8112-fdda8df8b9f2,USER_V1_0c06525f-e622-4cb5-b3e8-fc445190653a,has_account
255,USER_V1_a6e63807-b7a1-4180-a7b4-95a2a541190a,PERSON_V1_aca467a8-33c8-4784-9e0b-2c097c654aba,has_profile
255,PERSON_V1_aca467a8-33c8-4784-9e0b-2c097c654aba,USER_V1_a6e63807-b7a1-4180-a7b4-95a2a541190a,has_account
256,USER_V1_1b6f9782-4e61-42dc-9bc8-7cbd2838c6a3,PERSON_V1_20ae0a81-64f2-4646-af9d-ab003e98f62c,has_profile
256,PERSON_V1_20ae0a81-64f2-4646-af9d-ab003e98f62c,USER_V1_1b6f9782-4e61-42dc-9bc8-7cbd2838c6a3,has_account
257,USER_V1_cff603d3-3612-4995-8833-f0ed67bb8bd9,PERSON_V1_1bd2ced3-6628-4e41-b6f6-114f7ee569f5,has_profile
257,PERSON_V1_1bd2ced3-6628-4e41-b6f6-114f7ee569f5,USER_V1_cff603d3-3612-4995-8833-f0ed67bb8bd9,has_account
258,USER_V1_0ceb4097-edcf-4357-b625-6f550bcfa5ca,PERSON_V1_28633b09-b9bd-44b0-9e8a-e37f210204a4,has_profile
258,PERSON_V1_28633b09-b9bd-44b0-9e8a-e37f210204a4,USER_V1_0ceb4097-edcf-4357-b625-6f550bcfa5ca,has_account
259,USER_V1_ca925f86-71d3-4ef2-a38d-95de10990ea9,PERSON_V1_4d0e65e5-d3c5-4d0a-a7df-1f47cdd4529e,has_profile
259,PERSON_V1_4d0e65e5-d3c5-4d0a-a7df-1f47cdd4529e,USER_V1_ca925f86-71d3-4ef2-a38d-95de10990ea9,has_account
260,USER_V1_007d9e0d-105d-47c2-8935-39565f721a76,PERSON_V1_c73e26b3-0adc-43d6-8319-3d8a6519a8da,has_profile
260,PERSON_V1_c73e26b3-0adc-43d6-8319-3d8a6519a8da,USER_V1_007d9e0d-105d-47c2-8935-39565f721a76,has_account
261,USER_V1_8776f99a-9661-41ef-8b8e-0ece291981c8,PERSON_V1_24f8e03d-2f1a-486a-afba-9c8134358bb7,has_profile
261,PERSON_V1_24f8e03d-2f1a-486a-afba-9c8134358bb7,USER_V1_8776f99a-9661-41ef-8b8e-0ece291981c8,has_account
262,USER_V1_a3a77f87-8c65-4cbd-b54c-d3a4e3c3788c,PERSON_V1_6eb9a000-bea2-456b-bba7-e0bdbe0774ef,has_profile
262,PERSON_V1_6eb9a000-bea2-456b-bba7-e0bdbe0774ef,USER_V1_a3a77f87-8c65-4cbd-b54c-d3a4e3c3788c,has_account
263,USER_V1_27056100-3a98-4280-8847-c3499d57e75c,PERSON_V1_88579b78-18b1-4d2b-bf53-5218681e9d18,has_profile
263,PERSON_V1_88579b78-18b1-4d2b-bf53-5218681e9d18,USER_V1_27056100-3a98-4280-8847-c3499d57e75c,has_account
264,USER_V1_564da4fb-d6b7-43d8-b53e-3f058a9f9206,PERSON_V1_c5932a55-ec53-4003-a738-93c301574a0a,has_profile
264,PERSON_V1_c5932a55-ec53-4003-a738-93c301574a0a,USER_V1_564da4fb-d6b7-43d8-b53e-3f058a9f9206,has_account
265,USER_V1_d01ffa26-eb21-483e-b8db-8844ae07702b,PERSON_V1_e73d68f7-91f2-4b34-8cb4-9afba8d7c104,has_profile
265,PERSON_V1_e73d68f7-91f2-4b34-8cb4-9afba8d7c104,USER_V1_d01ffa26-eb21-483e-b8db-8844ae07702b,has_account
266,USER_V1_e773910e-cfd7-4e55-91c5-7b9021bde0d7,PERSON_V1_fdf60221-92c0-4d80-a15d-708b04e6efce,has_profile
266,PERSON_V1_fdf60221-92c0-4d80-a15d-708b04e6efce,USER_V1_e773910e-cfd7-4e55-91c5-7b9021bde0d7,has_account
267,USER_V1_466c8003-09a5-480a-92b8-785ca10e089c,PERSON_V1_87da70fb-79d6-478f-9462-1bfc36a742d3,has_profile
267,PERSON_V1_87da70fb-79d6-478f-9462-1bfc36a742d3,USER_V1_466c8003-09a5-480a-92b8-785ca10e089c,has_account
268,USER_V1_e996fe12-a99f-47d9-8742-c0fd67396010,PERSON_V1_80fb53dd-4e37-469c-aa9c-ad5b0ef324d7,has_profile
268,PERSON_V1_80fb53dd-4e37-469c-aa9c-ad5b0ef324d7,USER_V1_e996fe12-a99f-47d9-8742-c0fd67396010,has_account
269,USER_V1_e9a99a0d-f73e-40a8-bb5f-7c72d51a60ba,PERSON_V1_3d26d930-c062-4de7-aec9-401de5b81615,has_profile
269,PERSON_V1_3d26d930-c062-4de7-aec9-401de5b81615,USER_V1_e9a99a0d-f73e-40a8-bb5f-7c72d51a60ba,has_account
270,USER_V1_dee7d1e7-8701-48b6-b4ab-1658d3abaff9,PERSON_V1_0eb7f7fc-8e5c-4900-8770-34315b32181e,has_profile
270,PERSON_V1_0eb7f7fc-8e5c-4900-8770-34315b32181e,USER_V1_dee7d1e7-8701-48b6-b4ab-1658d3abaff9,has_account
271,USER_V1_b93983c2-72d8-4580-817a-26679efe1ef3,PERSON_V1_b4704807-07bc-4160-b0f0-258193c02743,has_profile
271,PERSON_V1_b4704807-07bc-4160-b0f0-258193c02743,USER_V1_b93983c2-72d8-4580-817a-26679efe1ef3,has_account
272,USER_V1_303c1d98-e8a8-48a4-ba01-1961f53ce753,PERSON_V1_9e9ef4cf-d46d-4d30-a981-9348375dbfdc,has_profile
272,PERSON_V1_9e9ef4cf-d46d-4d30-a981-9348375dbfdc,USER_V1_303c1d98-e8a8-48a4-ba01-1961f53ce753,has_account
273,USER_V1_3d2d99e0-59f1-4bb5-ba7d-039043879b7f,PERSON_V1_82510472-c594-442d-a0fa-2c8a3edf3405,has_profile
273,PERSON_V1_82510472-c594-442d-a0fa-2c8a3edf3405,USER_V1_3d2d99e0-59f1-4bb5-ba7d-039043879b7f,has_account
274,USER_V1_0c7cd640-699a-4000-a10f-3ad8b8eaed3c,PERSON_V1_b2b9ef0a-34e0-4bf1-b3d2-569e7b401a8f,has_profile
274,PERSON_V1_b2b9ef0a-34e0-4bf1-b3d2-569e7b401a8f,USER_V1_0c7cd640-699a-4000-a10f-3ad8b8eaed3c,has_account
275,USER_V1_bff1f935-c9f6-4ad9-af11-ea9582b208b7,PERSON_V1_e850f461-d7f4-4048-8c4c-d362820b2ea9,has_profile
275,PERSON_V1_e850f461-d7f4-4048-8c4c-d362820b2ea9,USER_V1_bff1f935-c9f6-4ad9-af11-ea9582b208b7,has_account
276,USER_V1_29680771-8839-40df-84a7-3a10752ba34b,PERSON_V1_33a6a091-60de-4464-97f7-8cc1eb55225f,has_profile
276,PERSON_V1_33a6a091-60de-4464-97f7-8cc1eb55225f,USER_V1_29680771-8839-40df-84a7-3a10752ba34b,has_account
277,USER_V1_fbfbed9c-9799-485f-8b94-c3aecc4354af,PERSON_V1_d48cbccb-e200-4aaf-bbef-a424d0c4984b,has_profile
277,PERSON_V1_d48cbccb-e200-4aaf-bbef-a424d0c4984b,USER_V1_fbfbed9c-9799-485f-8b94-c3aecc4354af,has_account
278,USER_V1_24e804a0-9410-4220-b062-3fdceabc7d61,PERSON_V1_ed1108a7-83d3-4379-b22d-f533242cb86c,has_profile
278,PERSON_V1_ed1108a7-83d3-4379-b22d-f533242cb86c,USER_V1_24e804a0-9410-4220-b062-3fdceabc7d61,has_account
279,USER_V1_095bc82e-432f-42d8-994a-3ae03611b483,PERSON_V1_7f3fba69-cc17-4617-b234-b7856b08d272,has_profile
279,PERSON_V1_7f3fba69-cc17-4617-b234-b7856b08d272,USER_V1_095bc82e-432f-42d8-994a-3ae03611b483,has_account
280,USER_V1_e6e2f5f2-1d68-4af1-b8f8-b836715b7ce1,PERSON_V1_62c46d03-5e97-4dcb-b39e-208a8dbea201,has_profile
280,PERSON_V1_62c46d03-5e97-4dcb-b39e-208a8dbea201,USER_V1_e6e2f5f2-1d68-4af1-b8f8-b836715b7ce1,has_account
281,USER_V1_6c61a2f9-bfdf-4513-a285-c73ceffddd86,PERSON_V1_0ef2d35f-bc49-4c4a-96c7-516cbd61c51c,has_profile
281,PERSON_V1_0ef2d35f-bc49-4c4a-96c7-516cbd61c51c,USER_V1_6c61a2f9-bfdf-4513-a285-c73ceffddd86,has_account
282,USER_V1_a4b0d82d-bf21-416b-8acc-b97980ceabe5,PERSON_V1_45f9cb6e-dd99-4fc8-90a0-c7a61a4db200,has_profile
282,PERSON_V1_45f9cb6e-dd99-4fc8-90a0-c7a61a4db200,USER_V1_a4b0d82d-bf21-416b-8acc-b97980ceabe5,has_account
283,USER_V1_03ce1918-c801-4ebb-96bf-b88efefc496b,PERSON_V1_199b17db-7497-4739-a13c-92165068722f,has_profile
283,PERSON_V1_199b17db-7497-4739-a13c-92165068722f,USER_V1_03ce1918-c801-4ebb-96bf-b88efefc496b,has_account
284,USER_V1_4d26ae5b-0468-4e0c-bc0d-974b6c6ec45e,PERSON_V1_36cdaad3-054d-4f62-b35f-d5bb84fc9764,has_profile
284,PERSON_V1_36cdaad3-054d-4f62-b35f-d5bb84fc9764,USER_V1_4d26ae5b-0468-4e0c-bc0d-974b6c6ec45e,has_account
285,USER_V1_00757aa8-694c-4be4-9c87-a2d337127988,PERSON_V1_934863c1-e745-43c3-a876-6e30a59690ff,has_profile
285,PERSON_V1_934863c1-e745-43c3-a876-6e30a59690ff,USER_V1_00757aa8-694c-4be4-9c87-a2d337127988,has_account
286,USER_V1_61ee5aaf-3a67-4d04-847b-bec5e8716a39,PERSON_V1_4c2be156-634f-4f13-b562-700cc348d979,has_profile
286,PERSON_V1_4c2be156-634f-4f13-b562-700cc348d979,USER_V1_61ee5aaf-3a67-4d04-847b-bec5e8716a39,has_account
287,USER_V1_4394d85b-b660-40c0-9b84-c94612aa735f,PERSON_V1_6cf58ad4-e628-43b3-ab7d-883bb692d793,has_profile
287,PERSON_V1_6cf58ad4-e628-43b3-ab7d-883bb692d793,USER_V1_4394d85b-b660-40c0-9b84-c94612aa735f,has_account
288,USER_V1_d33ae5fc-a9c9-4c77-a1af-a21a38a6dd65,PERSON_V1_271d90e7-f01a-4f5a-82df-33fb53c509fc,has_profile
288,PERSON_V1_271d90e7-f01a-4f5a-82df-33fb53c509fc,USER_V1_d33ae5fc-a9c9-4c77-a1af-a21a38a6dd65,has_account
289,USER_V1_c9a5c5fa-8bf7-49d3-883b-104d9ab2566e,PERSON_V1_f8b3eff0-9e59-42fb-b490-477100f4058a,has_profile
289,PERSON_V1_f8b3eff0-9e59-42fb-b490-477100f4058a,USER_V1_c9a5c5fa-8bf7-49d3-883b-104d9ab2566e,has_account
290,USER_V1_2359bbe5-0a7f-4c5f-a07e-702fca9ec0eb,PERSON_V1_e8255fb6-c0dc-4dd4-ac11-171d3036f513,has_profile
290,PERSON_V1_e8255fb6-c0dc-4dd4-ac11-171d3036f513,USER_V1_2359bbe5-0a7f-4c5f-a07e-702fca9ec0eb,has_account
291,USER_V1_34e32df2-b73a-4472-8634-81df63ab0846,PERSON_V1_4e015f16-f968-447f-b53f-4c466619ac05,has_profile
291,PERSON_V1_4e015f16-f968-447f-b53f-4c466619ac05,USER_V1_34e32df2-b73a-4472-8634-81df63ab0846,has_account
292,USER_V1_a48e38ff-ea3b-47c2-89f2-61de71cbb10c,PERSON_V1_08252c4b-0992-49ef-bd23-cef12c206297,has_profile
292,PERSON_V1_08252c4b-0992-49ef-bd23-cef12c206297,USER_V1_a48e38ff-ea3b-47c2-89f2-61de71cbb10c,has_account
293,USER_V1_abd6cfa2-afcb-495e-9634-adfa0f481fb7,PERSON_V1_8aa3f813-ec0e-4d46-9a4b-5bbe195b6245,has_profile
293,PERSON_V1_8aa3f813-ec0e-4d46-9a4b-5bbe195b6245,USER_V1_abd6cfa2-afcb-495e-9634-adfa0f481fb7,has_account
294,USER_V1_997608ab-9bae-4541-9b00-12b34ccf85b7,PERSON_V1_5bc70757-957a-4607-b646-aafe0e127386,has_profile
294,PERSON_V1_5bc70757-957a-4607-b646-aafe0e127386,USER_V1_997608ab-9bae-4541-9b00-12b34ccf85b7,has_account
295,USER_V1_04d45c34-3219-4d5f-a6aa-f81cf41556e8,PERSON_V1_7488e2d5-6fad-4708-9679-012e7488aa4e,has_profile
295,PERSON_V1_7488e2d5-6fad-4708-9679-012e7488aa4e,USER_V1_04d45c34-3219-4d5f-a6aa-f81cf41556e8,has_account
296,USER_V1_da862d11-10c7-425c-baea-56e37f172cf2,PERSON_V1_67a1b731-bf76-40ff-8524-5868d135629a,has_profile
296,PERSON_V1_67a1b731-bf76-40ff-8524-5868d135629a,USER_V1_da862d11-10c7-425c-baea-56e37f172cf2,has_account
297,USER_V1_6e8564a3-b5aa-4aa5-9515-bd35e107c186,PERSON_V1_8d5825af-600f-4603-a909-58557786a3fd,has_profile
297,PERSON_V1_8d5825af-600f-4603-a909-58557786a3fd,USER_V1_6e8564a3-b5aa-4aa5-9515-bd35e107c186,has_account
298,USER_V1_e06e2202-04d8-48d3-b916-9aaf5d0a1e1a,PERSON_V1_3d4e7273-0c72-4cda-9d89-a3f8d9c38677,has_profile
298,PERSON_V1_3d4e7273-0c72-4cda-9d89-a3f8d9c38677,USER_V1_e06e2202-04d8-48d3-b916-9aaf5d0a1e1a,has_account
299,USER_V1_05b17939-9abe-4041-b06a-a4b9afe0d8e9,PERSON_V1_0eade9e8-4003-4559-b96e-96a64f197936,has_profile
299,PERSON_V1_0eade9e8-4003-4559-b96e-96a64f197936,USER_V1_05b17939-9abe-4041-b06a-a4b9afe0d8e9,has_account
300,USER_V1_51430da0-9268-4cef-b0f0-659d0087e43a,PERSON_V1_0d4c1832-ee66-492f-b9c0-292683e1c2e3,has_profile
300,PERSON_V1_0d4c1832-ee66-492f-b9c0-292683e1c2e3,USER_V1_51430da0-9268-4cef-b0f0-659d0087e43a,has_account
301,USER_V1_9719d882-176d-4888-9612-91791466bcad,PERSON_V1_0565c684-c9aa-44e1-b8ad-84fe446f2bb2,has_profile
301,PERSON_V1_0565c684-c9aa-44e1-b8ad-84fe446f2bb2,USER_V1_9719d882-176d-4888-9612-91791466bcad,has_account
302,USER_V1_efdfa0ad-73d2-4988-8d1c-76f709932557,PERSON_V1_2af808d0-af8d-4133-91a2-7881091ebee6,has_profile
302,PERSON_V1_2af808d0-af8d-4133-91a2-7881091ebee6,USER_V1_efdfa0ad-73d2-4988-8d1c-76f709932557,has_account
303,USER_V1_459f1a34-8da1-4b2a-a29a-4216d00aa57d,PERSON_V1_a7c488d7-4fef-4844-a517-62becace760d,has_profile
303,PERSON_V1_a7c488d7-4fef-4844-a517-62becace760d,USER_V1_459f1a34-8da1-4b2a-a29a-4216d00aa57d,has_account
304,USER_V1_c595c21c-0c64-49c3-b038-faa82ba7bbba,PERSON_V1_033c62f8-0dd2-4517-a896-346ad28e0c2c,has_profile
304,PERSON_V1_033c62f8-0dd2-4517-a896-346ad28e0c2c,USER_V1_c595c21c-0c64-49c3-b038-faa82ba7bbba,has_account
305,USER_V1_f79c05d4-8999-4d65-a5c2-09f6345706e6,PERSON_V1_ce826132-85c3-4fc3-9376-6c9770ed6dab,has_profile
305,PERSON_V1_ce826132-85c3-4fc3-9376-6c9770ed6dab,USER_V1_f79c05d4-8999-4d65-a5c2-09f6345706e6,has_account
306,USER_V1_1d5c8f9f-8c5f-43ef-8227-9658bf95161b,PERSON_V1_7f5e4d82-73f9-4c72-8e5e-8f31975081a7,has_profile
306,PERSON_V1_7f5e4d82-73f9-4c72-8e5e-8f31975081a7,USER_V1_1d5c8f9f-8c5f-43ef-8227-9658bf95161b,has_account
307,USER_V1_a1c63f26-2ce8-4fe1-85e8-27117d3afe48,PERSON_V1_a57f5fc7-af67-49a3-bf27-44dba27660b0,has_profile
307,PERSON_V1_a57f5fc7-af67-49a3-bf27-44dba27660b0,USER_V1_a1c63f26-2ce8-4fe1-85e8-27117d3afe48,has_account
308,USER_V1_3acb22b8-906e-4712-acc9-782c76c948db,PERSON_V1_67a9e406-35c0-4b5c-b8e4-1e2c63126b38,has_profile
308,PERSON_V1_67a9e406-35c0-4b5c-b8e4-1e2c63126b38,USER_V1_3acb22b8-906e-4712-acc9-782c76c948db,has_account
309,USER_V1_7d19f927-b5c7-44ba-800f-9965303accd7,PERSON_V1_eeb48c54-1c89-4137-a1ac-48d666e2f833,has_profile
309,PERSON_V1_eeb48c54-1c89-4137-a1ac-48d666e2f833,USER_V1_7d19f927-b5c7-44ba-800f-9965303accd7,has_account
310,USER_V1_7769a0fd-6826-4005-ba2e-19d50c882c07,PERSON_V1_f894354a-b9cc-45da-8467-b2ac1cc6beb7,has_profile
310,PERSON_V1_f894354a-b9cc-45da-8467-b2ac1cc6beb7,USER_V1_7769a0fd-6826-4005-ba2e-19d50c882c07,has_account
311,USER_V1_6c827a77-785c-4b2d-a3a3-227e595a80ab,PERSON_V1_6700ac27-8442-4eb0-9dfd-587a08a15977,has_profile
311,PERSON_V1_6700ac27-8442-4eb0-9dfd-587a08a15977,USER_V1_6c827a77-785c-4b2d-a3a3-227e595a80ab,has_account
312,USER_V1_dd870d85-bb74-4b17-837a-80d2fbaea4f3,PERSON_V1_116584c3-a1f8-4699-af37-03f047cbbf42,has_profile
312,PERSON_V1_116584c3-a1f8-4699-af37-03f047cbbf42,USER_V1_dd870d85-bb74-4b17-837a-80d2fbaea4f3,has_account
313,USER_V1_cc45a050-41cb-4fbf-9a45-1876301963b7,PERSON_V1_a6fe7fa6-4ef5-4d2b-b1a3-fd66ad51e640,has_profile
313,PERSON_V1_a6fe7fa6-4ef5-4d2b-b1a3-fd66ad51e640,USER_V1_cc45a050-41cb-4fbf-9a45-1876301963b7,has_account
314,USER_V1_1bc8d84f-bfd8-4863-ba45-98c7020dbedd,PERSON_V1_c4f71e6d-dc6f-44c7-9a8f-4170acd998c2,has_profile
314,PERSON_V1_c4f71e6d-dc6f-44c7-9a8f-4170acd998c2,USER_V1_1bc8d84f-bfd8-4863-ba45-98c7020dbedd,has_account
315,USER_V1_72c9b71b-16f2-4a20-b6e2-423ba32f1f3f,PERSON_V1_035c6de2-2e06-4508-b1c4-79d38165cc0e,has_profile
315,PERSON_V1_035c6de2-2e06-4508-b1c4-79d38165cc0e,USER_V1_72c9b71b-16f2-4a20-b6e2-423ba32f1f3f,has_account
316,USER_V1_0149f4c6-e940-4e1d-8350-41aa6ccf0ff4,PERSON_V1_6589380b-80f7-4972-9c5e-d0cf874c693a,has_profile
316,PERSON_V1_6589380b-80f7-4972-9c5e-d0cf874c693a,USER_V1_0149f4c6-e940-4e1d-8350-41aa6ccf0ff4,has_account
317,USER_V1_ed9b231f-b7da-4e08-ba6d-bdbdc820e849,PERSON_V1_a124bdd7-250f-4c2b-a110-fd8110121fe4,has_profile
317,PERSON_V1_a124bdd7-250f-4c2b-a110-fd8110121fe4,USER_V1_ed9b231f-b7da-4e08-ba6d-bdbdc820e849,has_account
318,USER_V1_dd7b5c6e-d3f7-4889-8670-89e8ad69d8bb,PERSON_V1_df8d2541-dc73-4d2f-9844-c803c2932cfd,has_profile
318,PERSON_V1_df8d2541-dc73-4d2f-9844-c803c2932cfd,USER_V1_dd7b5c6e-d3f7-4889-8670-89e8ad69d8bb,has_account
319,USER_V1_0509e92e-49c1-4654-8136-2dc19e1e05ee,PERSON_V1_b601b250-f0d2-428a-9c56-821c15956630,has_profile
319,PERSON_V1_b601b250-f0d2-428a-9c56-821c15956630,USER_V1_0509e92e-49c1-4654-8136-2dc19e1e05ee,has_account
320,USER_V1_21e70da9-f402-4fc2-b8ea-b72d3c0481ad,PERSON_V1_add4b6a6-775e-40a4-9e27-a62e9d2591c8,has_profile
320,PERSON_V1_add4b6a6-775e-40a4-9e27-a62e9d2591c8,USER_V1_21e70da9-f402-4fc2-b8ea-b72d3c0481ad,has_account
321,USER_V1_f7a902f7-4339-4214-8a25-e4548e166d29,PERSON_V1_ca4f56da-6669-4819-94aa-09facadfa41e,has_profile
321,PERSON_V1_ca4f56da-6669-4819-94aa-09facadfa41e,USER_V1_f7a902f7-4339-4214-8a25-e4548e166d29,has_account
322,USER_V1_90069fe6-5736-4146-80fb-a9081ec285f1,PERSON_V1_a1d9d372-7b65-4f7b-96bd-74cbf450cbeb,has_profile
322,PERSON_V1_a1d9d372-7b65-4f7b-96bd-74cbf450cbeb,USER_V1_90069fe6-5736-4146-80fb-a9081ec285f1,has_account
323,USER_V1_69ff0216-163b-4a73-a6c3-1d3781894c33,PERSON_V1_8cd853d7-423b-4463-b727-0169e257e9c6,has_profile
323,PERSON_V1_8cd853d7-423b-4463-b727-0169e257e9c6,USER_V1_69ff0216-163b-4a73-a6c3-1d3781894c33,has_account
324,USER_V1_340224b6-b28f-46ab-9878-d5f9891e2cf6,PERSON_V1_65e62f44-87c2-4493-b79f-4827cb8edbb0,has_profile
324,PERSON_V1_65e62f44-87c2-4493-b79f-4827cb8edbb0,USER_V1_340224b6-b28f-46ab-9878-d5f9891e2cf6,has_account
325,USER_V1_977e38e6-a710-4008-966a-6e9d3a2c28a9,PERSON_V1_da0d75f6-9f5e-4c39-8324-0ab8c2fc1899,has_profile
325,PERSON_V1_da0d75f6-9f5e-4c39-8324-0ab8c2fc1899,USER_V1_977e38e6-a710-4008-966a-6e9d3a2c28a9,has_account
326,USER_V1_c8261dab-b237-4a98-89d0-86c74f58629f,PERSON_V1_1b135a73-4c94-48b2-880c-3c89420197a0,has_profile
326,PERSON_V1_1b135a73-4c94-48b2-880c-3c89420197a0,USER_V1_c8261dab-b237-4a98-89d0-86c74f58629f,has_account
327,USER_V1_f2eeeb02-e84b-4104-9ed0-17b2c1f139f1,PERSON_V1_834cebbd-6191-408d-b099-ea0ee1e01a61,has_profile
327,PERSON_V1_834cebbd-6191-408d-b099-ea0ee1e01a61,USER_V1_f2eeeb02-e84b-4104-9ed0-17b2c1f139f1,has_account
328,USER_V1_200540f9-49fb-407b-8348-e4fd15a32066,PERSON_V1_5b939e92-4fbf-4a76-b871-e333973f653b,has_profile
328,PERSON_V1_5b939e92-4fbf-4a76-b871-e333973f653b,USER_V1_200540f9-49fb-407b-8348-e4fd15a32066,has_account
329,USER_V1_b7c99df7-277d-4093-b264-c236165140b2,PERSON_V1_5cbb3be6-b6f9-4551-b17f-ab7bf9f53adb,has_profile
329,PERSON_V1_5cbb3be6-b6f9-4551-b17f-ab7bf9f53adb,USER_V1_b7c99df7-277d-4093-b264-c236165140b2,has_account
330,USER_V1_bf1cbd25-cabe-40ec-95b9-12bb1d440644,PERSON_V1_792907aa-85b3-4587-9fbc-a6e6f21d0757,has_profile
330,PERSON_V1_792907aa-85b3-4587-9fbc-a6e6f21d0757,USER_V1_bf1cbd25-cabe-40ec-95b9-12bb1d440644,has_account
331,USER_V1_e05d5009-e0b5-45ea-98e5-134fac38008f,PERSON_V1_4d859e6e-a3b1-41ad-8c42-9893fb486a91,has_profile
331,PERSON_V1_4d859e6e-a3b1-41ad-8c42-9893fb486a91,USER_V1_e05d5009-e0b5-45ea-98e5-134fac38008f,has_account
332,USER_V1_0097bc14-90c2-44cf-b22f-a5b094f5dacb,PERSON_V1_44fb4279-06b7-4fb1-a49b-0e6cf8019e58,has_profile
332,PERSON_V1_44fb4279-06b7-4fb1-a49b-0e6cf8019e58,USER_V1_0097bc14-90c2-44cf-b22f-a5b094f5dacb,has_account
333,USER_V1_84fd816b-9c24-4b81-9c81-9ffbe25ae354,PERSON_V1_42fdb156-e540-4e94-895b-9b5fe18efc6e,has_profile
333,PERSON_V1_42fdb156-e540-4e94-895b-9b5fe18efc6e,USER_V1_84fd816b-9c24-4b81-9c81-9ffbe25ae354,has_account
334,USER_V1_565ccfe0-7e3b-4cb4-ae95-23f6118330be,PERSON_V1_ab6808dd-ac6d-4f29-b337-4d90e66c4c48,has_profile
334,PERSON_V1_ab6808dd-ac6d-4f29-b337-4d90e66c4c48,USER_V1_565ccfe0-7e3b-4cb4-ae95-23f6118330be,has_account
335,USER_V1_bf45451c-0e2d-48c1-8e00-aa1b952a97f1,PERSON_V1_fba49b43-0f28-425e-b3fb-3cfd23c984e1,has_profile
335,PERSON_V1_fba49b43-0f28-425e-b3fb-3cfd23c984e1,USER_V1_bf45451c-0e2d-48c1-8e00-aa1b952a97f1,has_account
336,USER_V1_7664428c-357e-4323-913d-5c79bcaa3568,PERSON_V1_b97f0afa-ec83-40b9-9f38-6ccd5e78fb85,has_profile
336,PERSON_V1_b97f0afa-ec83-40b9-9f38-6ccd5e78fb85,USER_V1_7664428c-357e-4323-913d-5c79bcaa3568,has_account
337,USER_V1_4aea4589-8f0c-4996-953f-17286cfe1111,PERSON_V1_a262d5fd-041a-4761-b5f4-a91a760f606c,has_profile
337,PERSON_V1_a262d5fd-041a-4761-b5f4-a91a760f606c,USER_V1_4aea4589-8f0c-4996-953f-17286cfe1111,has_account
338,USER_V1_66fde969-d97a-43e6-a947-758088e9654f,PERSON_V1_f7aa7ad8-b4c9-4afe-aa3e-4f443a4d6e57,has_profile
338,PERSON_V1_f7aa7ad8-b4c9-4afe-aa3e-4f443a4d6e57,USER_V1_66fde969-d97a-43e6-a947-758088e9654f,has_account
339,USER_V1_ea23cf7a-a3e1-4c43-8a05-f32c6bee8b6c,PERSON_V1_e131c498-a3fa-4d53-bb8e-c5ddc90a74de,has_profile
339,PERSON_V1_e131c498-a3fa-4d53-bb8e-c5ddc90a74de,USER_V1_ea23cf7a-a3e1-4c43-8a05-f32c6bee8b6c,has_account
340,USER_V1_8eccfcaa-df66-4c74-874b-20bc3f3c5127,PERSON_V1_b95c6558-9125-482a-8e91-167423f6a1ea,has_profile
340,PERSON_V1_b95c6558-9125-482a-8e91-167423f6a1ea,USER_V1_8eccfcaa-df66-4c74-874b-20bc3f3c5127,has_account
341,USER_V1_62f641f6-6aea-415d-8315-d9a8e536d752,PERSON_V1_c1407224-5616-425d-aeda-f3bf9fbb513c,has_profile
341,PERSON_V1_c1407224-5616-425d-aeda-f3bf9fbb513c,USER_V1_62f641f6-6aea-415d-8315-d9a8e536d752,has_account
342,USER_V1_b0cb9a3a-f7bc-4934-8aad-964866a8c836,PERSON_V1_6d1367d4-ab29-4d6d-a7f9-2de7fcb23f3c,has_profile
342,PERSON_V1_6d1367d4-ab29-4d6d-a7f9-2de7fcb23f3c,USER_V1_b0cb9a3a-f7bc-4934-8aad-964866a8c836,has_account
343,USER_V1_79699a03-1312-4bdc-be68-3c599e41d4d5,PERSON_V1_fa3b1d86-e952-428a-b9f2-1687c5b09f7a,has_profile
343,PERSON_V1_fa3b1d86-e952-428a-b9f2-1687c5b09f7a,USER_V1_79699a03-1312-4bdc-be68-3c599e41d4d5,has_account
344,USER_V1_4fa0c1f9-c2cf-4d27-a25f-3e78e81a7e1a,PERSON_V1_5f989dbe-0696-4c3a-9e70-c1ac2d2c4786,has_profile
344,PERSON_V1_5f989dbe-0696-4c3a-9e70-c1ac2d2c4786,USER_V1_4fa0c1f9-c2cf-4d27-a25f-3e78e81a7e1a,has_account
345,USER_V1_60d5c483-9918-4b1e-b2c8-5978c2de432e,PERSON_V1_6b2c6f8c-1aad-43a2-91c8-ec5eca65fa3f,has_profile
345,PERSON_V1_6b2c6f8c-1aad-43a2-91c8-ec5eca65fa3f,USER_V1_60d5c483-9918-4b1e-b2c8-5978c2de432e,has_account
346,USER_V1_28f5b095-4a37-4c14-b6af-ec88a3635195,PERSON_V1_4576e36b-f915-41b7-ab5f-8bf1257763d0,has_profile
346,PERSON_V1_4576e36b-f915-41b7-ab5f-8bf1257763d0,USER_V1_28f5b095-4a37-4c14-b6af-ec88a3635195,has_account
347,USER_V1_30369905-137d-41c8-8f50-d61a4dd0f962,PERSON_V1_8f5981ed-4b7a-420f-b247-86173257009e,has_profile
347,PERSON_V1_8f5981ed-4b7a-420f-b247-86173257009e,USER_V1_30369905-137d-41c8-8f50-d61a4dd0f962,has_account
348,USER_V1_46cf5e3f-b1d7-4819-9cb7-cb84be6e6744,PERSON_V1_778803b2-73d3-468b-ad7b-d95110d5a9b1,has_profile
348,PERSON_V1_778803b2-73d3-468b-ad7b-d95110d5a9b1,USER_V1_46cf5e3f-b1d7-4819-9cb7-cb84be6e6744,has_account
349,USER_V1_aa4f0f26-a3e4-4bd5-b58b-9e91d7587999,PERSON_V1_dceef1ad-b011-47f3-8e5f-c4fa75a028a9,has_profile
349,PERSON_V1_dceef1ad-b011-47f3-8e5f-c4fa75a028a9,USER_V1_aa4f0f26-a3e4-4bd5-b58b-9e91d7587999,has_account
350,USER_V1_269cef62-10d4-4cf2-a189-9be4ed14e39a,PERSON_V1_e57185b3-43a1-46b3-b8f0-58615b537af0,has_profile
350,PERSON_V1_e57185b3-43a1-46b3-b8f0-58615b537af0,USER_V1_269cef62-10d4-4cf2-a189-9be4ed14e39a,has_account
351,USER_V1_91dbd62a-878a-4d03-915b-ad4229064b74,PERSON_V1_99855968-aaee-4a21-a013-733cf10eb941,has_profile
351,PERSON_V1_99855968-aaee-4a21-a013-733cf10eb941,USER_V1_91dbd62a-878a-4d03-915b-ad4229064b74,has_account
352,USER_V1_d1a7fd7e-385b-4528-8055-78281e1b5c13,PERSON_V1_6f7865ac-f478-45cc-8e10-5719fdb90f62,has_profile
352,PERSON_V1_6f7865ac-f478-45cc-8e10-5719fdb90f62,USER_V1_d1a7fd7e-385b-4528-8055-78281e1b5c13,has_account
353,USER_V1_ee1379cb-4a3e-4afd-a94a-e72634afa239,PERSON_V1_ecfa79f8-2611-49a6-8104-62bdd57880a5,has_profile
353,PERSON_V1_ecfa79f8-2611-49a6-8104-62bdd57880a5,USER_V1_ee1379cb-4a3e-4afd-a94a-e72634afa239,has_account
354,USER_V1_83e77743-4e1e-4622-b375-d70b863ca9ec,PERSON_V1_88e521a7-cdc4-472f-ba18-55bcf8af9940,has_profile
354,PERSON_V1_88e521a7-cdc4-472f-ba18-55bcf8af9940,USER_V1_83e77743-4e1e-4622-b375-d70b863ca9ec,has_account
355,USER_V1_521b6be3-d840-4733-9001-40116816f06a,PERSON_V1_08182d25-fa74-4eee-9255-07700b3e6b7a,has_profile
355,PERSON_V1_08182d25-fa74-4eee-9255-07700b3e6b7a,USER_V1_521b6be3-d840-4733-9001-40116816f06a,has_account
356,USER_V1_395190e2-ce5c-4729-8088-e93a0b76c65c,PERSON_V1_e5925f55-28ff-4995-83bf-07f06eb66093,has_profile
356,PERSON_V1_e5925f55-28ff-4995-83bf-07f06eb66093,USER_V1_395190e2-ce5c-4729-8088-e93a0b76c65c,has_account
357,USER_V1_5df29244-a925-465a-b830-a8c70a81d1aa,PERSON_V1_4e9af1a3-5cf6-4a44-8c26-553144dde731,has_profile
357,PERSON_V1_4e9af1a3-5cf6-4a44-8c26-553144dde731,USER_V1_5df29244-a925-465a-b830-a8c70a81d1aa,has_account
358,USER_V1_3c8618e9-b49b-4967-b736-017041aed747,PERSON_V1_79f09694-3a74-4605-95ac-04bb1d318604,has_profile
358,PERSON_V1_79f09694-3a74-4605-95ac-04bb1d318604,USER_V1_3c8618e9-b49b-4967-b736-017041aed747,has_account
359,USER_V1_5957af31-066d-4f3d-9476-d79022d2350c,PERSON_V1_e976f5a4-55e9-4d33-b97a-4dfb6af6b457,has_profile
359,PERSON_V1_e976f5a4-55e9-4d33-b97a-4dfb6af6b457,USER_V1_5957af31-066d-4f3d-9476-d79022d2350c,has_account
360,USER_V1_38bb43d9-c08a-47b0-a44d-d88a69af44cd,PERSON_V1_474c0af8-e42e-4e16-8c13-12be548d71bd,has_profile
360,PERSON_V1_474c0af8-e42e-4e16-8c13-12be548d71bd,USER_V1_38bb43d9-c08a-47b0-a44d-d88a69af44cd,has_account
361,USER_V1_e93eb29a-4109-4490-8c92-f2e6e6a53f18,PERSON_V1_601d4567-8e39-4a17-b28f-c54f5cdd4940,has_profile
361,PERSON_V1_601d4567-8e39-4a17-b28f-c54f5cdd4940,USER_V1_e93eb29a-4109-4490-8c92-f2e6e6a53f18,has_account
362,USER_V1_0f7d976a-ceb7-4fa8-ad9e-7975e9643ca9,PERSON_V1_3a5110ec-3635-47bd-8482-d09a7ad35538,has_profile
362,PERSON_V1_3a5110ec-3635-47bd-8482-d09a7ad35538,USER_V1_0f7d976a-ceb7-4fa8-ad9e-7975e9643ca9,has_account
363,USER_V1_8dae004c-a4f0-4512-aa9c-89319f390f56,PERSON_V1_193db27c-67db-434f-a218-dbb602a4e48d,has_profile
363,PERSON_V1_193db27c-67db-434f-a218-dbb602a4e48d,USER_V1_8dae004c-a4f0-4512-aa9c-89319f390f56,has_account
364,USER_V1_414c773f-0b38-4e04-90cb-ed496fab59d2,PERSON_V1_a4fd7c08-cb0c-45fb-97f7-012fa319b70f,has_profile
364,PERSON_V1_a4fd7c08-cb0c-45fb-97f7-012fa319b70f,USER_V1_414c773f-0b38-4e04-90cb-ed496fab59d2,has_account
365,USER_V1_e896286f-6da9-481c-91a9-7f5657c385d4,PERSON_V1_a4e38aab-4154-45e5-a862-963276f5f8c7,has_profile
365,PERSON_V1_a4e38aab-4154-45e5-a862-963276f5f8c7,USER_V1_e896286f-6da9-481c-91a9-7f5657c385d4,has_account
366,USER_V1_ade3e8f7-ec25-4acc-8342-1b0414fe3a5c,PERSON_V1_90dae9c9-6dbb-414c-9496-93f2e245f583,has_profile
366,PERSON_V1_90dae9c9-6dbb-414c-9496-93f2e245f583,USER_V1_ade3e8f7-ec25-4acc-8342-1b0414fe3a5c,has_account
367,USER_V1_c41a7ca1-0839-42f3-a913-1821a5ee6d6e,PERSON_V1_8be3ebe7-ee3a-4ae7-975f-18c63a1ce2ad,has_profile
367,PERSON_V1_8be3ebe7-ee3a-4ae7-975f-18c63a1ce2ad,USER_V1_c41a7ca1-0839-42f3-a913-1821a5ee6d6e,has_account
368,USER_V1_5517b2e2-1ce1-49b8-a997-31b60724164d,PERSON_V1_ed21bda6-1faf-4e44-83fb-ab5e5bb8a140,has_profile
368,PERSON_V1_ed21bda6-1faf-4e44-83fb-ab5e5bb8a140,USER_V1_5517b2e2-1ce1-49b8-a997-31b60724164d,has_account
369,USER_V1_47bfbd3e-eac4-404e-ad78-8bf181accaed,PERSON_V1_728e36e9-9e41-48de-9bf3-95d0a34d20ee,has_profile
369,PERSON_V1_728e36e9-9e41-48de-9bf3-95d0a34d20ee,USER_V1_47bfbd3e-eac4-404e-ad78-8bf181accaed,has_account
370,USER_V1_e06439b9-8d0e-4d01-9d41-483b90e7f4ed,PERSON_V1_4e43d5d2-e73f-4f49-a242-520d7fe57254,has_profile
370,PERSON_V1_4e43d5d2-e73f-4f49-a242-520d7fe57254,USER_V1_e06439b9-8d0e-4d01-9d41-483b90e7f4ed,has_account
371,USER_V1_3aa6f8f4-ba27-46a9-95ca-3100342d3c85,PERSON_V1_032e9651-fabf-40fa-ba63-8b65a091624e,has_profile
371,PERSON_V1_032e9651-fabf-40fa-ba63-8b65a091624e,USER_V1_3aa6f8f4-ba27-46a9-95ca-3100342d3c85,has_account
372,USER_V1_bd695191-7cde-4665-b96a-c45f3b78b15d,PERSON_V1_19dd8178-d03d-4336-9927-069cb99ea751,has_profile
372,PERSON_V1_19dd8178-d03d-4336-9927-069cb99ea751,USER_V1_bd695191-7cde-4665-b96a-c45f3b78b15d,has_account
373,USER_V1_ca9db78f-7209-4772-b465-d0dda535fabc,PERSON_V1_bf08e6a9-5c22-4c2b-bba2-28bf3dcd07bc,has_profile
373,PERSON_V1_bf08e6a9-5c22-4c2b-bba2-28bf3dcd07bc,USER_V1_ca9db78f-7209-4772-b465-d0dda535fabc,has_account
374,USER_V1_10569164-c5e7-46c9-8287-c2ccf14e37b0,PERSON_V1_aca6342a-d8ae-4275-9514-f2e851a447a2,has_profile
374,PERSON_V1_aca6342a-d8ae-4275-9514-f2e851a447a2,USER_V1_10569164-c5e7-46c9-8287-c2ccf14e37b0,has_account
375,USER_V1_22d8adbf-de7a-425b-81a5-726392c247d7,PERSON_V1_90e252ab-5bab-452d-830a-ac3581f08a14,has_profile
375,PERSON_V1_90e252ab-5bab-452d-830a-ac3581f08a14,USER_V1_22d8adbf-de7a-425b-81a5-726392c247d7,has_account
376,USER_V1_d4e5eb23-1289-4fc5-bcd1-58f02bbff2fd,PERSON_V1_82a4a38e-e710-44c7-9dbd-f026a3893721,has_profile
376,PERSON_V1_82a4a38e-e710-44c7-9dbd-f026a3893721,USER_V1_d4e5eb23-1289-4fc5-bcd1-58f02bbff2fd,has_account
377,USER_V1_29b73935-285f-4763-a086-b7cd8af5001e,PERSON_V1_ff7729f1-63f8-44ef-aaaa-d8881b6d88f6,has_profile
377,PERSON_V1_ff7729f1-63f8-44ef-aaaa-d8881b6d88f6,USER_V1_29b73935-285f-4763-a086-b7cd8af5001e,has_account
378,USER_V1_f2b47b06-5aa6-47d0-9c14-7917a5f79a63,PERSON_V1_87fe0938-6478-487e-8852-d99fb7fc3cd7,has_profile
378,PERSON_V1_87fe0938-6478-487e-8852-d99fb7fc3cd7,USER_V1_f2b47b06-5aa6-47d0-9c14-7917a5f79a63,has_account
379,USER_V1_d9f5db22-8abf-485b-ac50-01fc447867f4,PERSON_V1_b43fecb6-1e46-4756-84cf-a4a969fe32e7,has_profile
379,PERSON_V1_b43fecb6-1e46-4756-84cf-a4a969fe32e7,USER_V1_d9f5db22-8abf-485b-ac50-01fc447867f4,has_account
380,USER_V1_0477d95c-6969-4bc6-8678-9d1566b14daf,PERSON_V1_d1180d7c-175c-4b5b-8da3-f48cbe574f32,has_profile
380,PERSON_V1_d1180d7c-175c-4b5b-8da3-f48cbe574f32,USER_V1_0477d95c-6969-4bc6-8678-9d1566b14daf,has_account
381,USER_V1_117c2569-bbae-4f9f-9652-0a949c28e785,PERSON_V1_d603a413-42d5-4710-b142-cbc80924dafb,has_profile
381,PERSON_V1_d603a413-42d5-4710-b142-cbc80924dafb,USER_V1_117c2569-bbae-4f9f-9652-0a949c28e785,has_account
382,USER_V1_36fddaad-99af-4bb2-8361-7437fb4663b6,PERSON_V1_468002bd-6943-4bdb-b950-524939d5c632,has_profile
382,PERSON_V1_468002bd-6943-4bdb-b950-524939d5c632,USER_V1_36fddaad-99af-4bb2-8361-7437fb4663b6,has_account
383,USER_V1_16b2dcaf-1880-44d9-b538-d463bc597197,PERSON_V1_8e75e0a8-428e-47f1-8088-61d69c4bad1e,has_profile
383,PERSON_V1_8e75e0a8-428e-47f1-8088-61d69c4bad1e,USER_V1_16b2dcaf-1880-44d9-b538-d463bc597197,has_account
384,USER_V1_79cfb50b-9aad-408d-a172-67b07ea4642c,PERSON_V1_54c4ff59-9db4-46ba-970c-9dba13427017,has_profile
384,PERSON_V1_54c4ff59-9db4-46ba-970c-9dba13427017,USER_V1_79cfb50b-9aad-408d-a172-67b07ea4642c,has_account
385,USER_V1_9921a681-42e8-49bb-b30e-9b388c6a7deb,PERSON_V1_4a8923b5-3560-46ae-b97b-957c3885f812,has_profile
385,PERSON_V1_4a8923b5-3560-46ae-b97b-957c3885f812,USER_V1_9921a681-42e8-49bb-b30e-9b388c6a7deb,has_account
386,USER_V1_ed092cf6-d933-4df6-a381-cfbe07c946c5,PERSON_V1_da52b8fd-45af-4663-8da2-fb99612c4ba5,has_profile
386,PERSON_V1_da52b8fd-45af-4663-8da2-fb99612c4ba5,USER_V1_ed092cf6-d933-4df6-a381-cfbe07c946c5,has_account
387,USER_V1_dbb3e916-e4cf-44d2-a109-b9ae112c6d24,PERSON_V1_f7e73a2e-57eb-4c6a-8baf-4645f76d2172,has_profile
387,PERSON_V1_f7e73a2e-57eb-4c6a-8baf-4645f76d2172,USER_V1_dbb3e916-e4cf-44d2-a109-b9ae112c6d24,has_account
388,USER_V1_b75b9741-6ccf-4ac3-aef7-e30d5e9a7ce3,PERSON_V1_d163a07f-9bfe-4aea-abe8-885d52dcdf20,has_profile
388,PERSON_V1_d163a07f-9bfe-4aea-abe8-885d52dcdf20,USER_V1_b75b9741-6ccf-4ac3-aef7-e30d5e9a7ce3,has_account
389,USER_V1_c92e6458-e6b6-470e-b6b4-4c963eb61765,PERSON_V1_6cebab5b-c3ef-4c5a-a212-cd61706b4bbb,has_profile
389,PERSON_V1_6cebab5b-c3ef-4c5a-a212-cd61706b4bbb,USER_V1_c92e6458-e6b6-470e-b6b4-4c963eb61765,has_account
390,USER_V1_2813a2c0-7051-46f8-a11d-e2721c92a656,PERSON_V1_18701f30-aab4-4b0e-8491-1182a4eea872,has_profile
390,PERSON_V1_18701f30-aab4-4b0e-8491-1182a4eea872,USER_V1_2813a2c0-7051-46f8-a11d-e2721c92a656,has_account
391,USER_V1_09bc725c-b13d-4964-88dc-2cf7b697086f,PERSON_V1_44bed9fb-add9-4668-8a4c-adf60b30a87a,has_profile
391,PERSON_V1_44bed9fb-add9-4668-8a4c-adf60b30a87a,USER_V1_09bc725c-b13d-4964-88dc-2cf7b697086f,has_account
392,USER_V1_336196a7-1ffa-447d-b951-6b4a3dcc0d36,PERSON_V1_eef4f961-41c5-45e2-966d-d3c9fdefdfa8,has_profile
392,PERSON_V1_eef4f961-41c5-45e2-966d-d3c9fdefdfa8,USER_V1_336196a7-1ffa-447d-b951-6b4a3dcc0d36,has_account
393,USER_V1_ac0bd3f4-acd3-4e19-9b9e-2e8e8164da1e,PERSON_V1_f90d7932-6b92-4390-a071-8b1565cfeb89,has_profile
393,PERSON_V1_f90d7932-6b92-4390-a071-8b1565cfeb89,USER_V1_ac0bd3f4-acd3-4e19-9b9e-2e8e8164da1e,has_account
394,USER_V1_94d96187-8db1-4cbd-89d9-1f98f87af27c,PERSON_V1_6fcbc70d-bff4-4f1b-b010-ed7198ff4b2d,has_profile
394,PERSON_V1_6fcbc70d-bff4-4f1b-b010-ed7198ff4b2d,USER_V1_94d96187-8db1-4cbd-89d9-1f98f87af27c,has_account
395,USER_V1_956abf35-2f6b-4953-be57-068a71dc6a48,PERSON_V1_5a433d63-fa6b-4fbc-b74a-c0396cd33abb,has_profile
395,PERSON_V1_5a433d63-fa6b-4fbc-b74a-c0396cd33abb,USER_V1_956abf35-2f6b-4953-be57-068a71dc6a48,has_account
396,USER_V1_a8f3a8a8-cc80-4dbe-ae42-fb84dea984ff,PERSON_V1_f8672f2d-c6e6-416f-bd80-9c7ec8a6776c,has_profile
396,PERSON_V1_f8672f2d-c6e6-416f-bd80-9c7ec8a6776c,USER_V1_a8f3a8a8-cc80-4dbe-ae42-fb84dea984ff,has_account
397,USER_V1_ace18544-dd16-4dba-8082-95be47c32097,PERSON_V1_40f143d6-eb8e-4be0-9a4a-9a7f8fe81691,has_profile
397,PERSON_V1_40f143d6-eb8e-4be0-9a4a-9a7f8fe81691,USER_V1_ace18544-dd16-4dba-8082-95be47c32097,has_account
398,USER_V1_00a8b025-6349-4d34-adc5-3b682ea0fc8d,PERSON_V1_6990cafe-96d5-430c-bdb7-23914ba98c37,has_profile
398,PERSON_V1_6990cafe-96d5-430c-bdb7-23914ba98c37,USER_V1_00a8b025-6349-4d34-adc5-3b682ea0fc8d,has_account
399,USER_V1_b9b382fb-8a9a-4843-af8b-3bfdbb2cb723,PERSON_V1_27cb05a2-6ac8-4be7-a730-2c819053bc18,has_profile
399,PERSON_V1_27cb05a2-6ac8-4be7-a730-2c819053bc18,USER_V1_b9b382fb-8a9a-4843-af8b-3bfdbb2cb723,has_account
400,USER_V1_0fbb8875-44c2-4253-a843-b34b890bd805,PERSON_V1_4b68cabc-0e5c-46b1-ac06-ae9e70198d40,has_profile
400,PERSON_V1_4b68cabc-0e5c-46b1-ac06-ae9e70198d40,USER_V1_0fbb8875-44c2-4253-a843-b34b890bd805,has_account
401,USER_V1_c5eda5da-1a58-42b6-b6ad-7953a6d6034d,PERSON_V1_d88e544a-80b5-4e21-a469-18f5bb04b931,has_profile
401,PERSON_V1_d88e544a-80b5-4e21-a469-18f5bb04b931,USER_V1_c5eda5da-1a58-42b6-b6ad-7953a6d6034d,has_account
402,USER_V1_b630232e-31e7-47be-8c4f-1da5ccf8d8dd,PERSON_V1_fdf4cd69-6339-4d64-83bb-80aa525ed48f,has_profile
402,PERSON_V1_fdf4cd69-6339-4d64-83bb-80aa525ed48f,USER_V1_b630232e-31e7-47be-8c4f-1da5ccf8d8dd,has_account
403,USER_V1_2ecbb331-c97e-4bed-ad9d-da422d3f3f1c,PERSON_V1_a0f66c65-bd4c-4ee3-b583-3e9f60d9b8d5,has_profile
403,PERSON_V1_a0f66c65-bd4c-4ee3-b583-3e9f60d9b8d5,USER_V1_2ecbb331-c97e-4bed-ad9d-da422d3f3f1c,has_account
404,USER_V1_d227e053-31b7-4024-bad0-76562db03ee0,PERSON_V1_0f917945-41aa-45fd-b595-d9cce9019c23,has_profile
404,PERSON_V1_0f917945-41aa-45fd-b595-d9cce9019c23,USER_V1_d227e053-31b7-4024-bad0-76562db03ee0,has_account
405,USER_V1_40ea820d-e910-450e-b295-8a15d7d1a867,PERSON_V1_1c300f0a-0d98-4219-a724-b73f0e13acdc,has_profile
405,PERSON_V1_1c300f0a-0d98-4219-a724-b73f0e13acdc,USER_V1_40ea820d-e910-450e-b295-8a15d7d1a867,has_account
406,USER_V1_aa73da52-c742-4e22-9e6b-5363570b7522,PERSON_V1_80514694-8d08-4e5d-9857-62c3107b07ea,has_profile
406,PERSON_V1_80514694-8d08-4e5d-9857-62c3107b07ea,USER_V1_aa73da52-c742-4e22-9e6b-5363570b7522,has_account
407,USER_V1_d23475d5-842b-4028-96d4-b04a8afd7cca,PERSON_V1_80f7e289-3428-42ce-97c2-718713461373,has_profile
407,PERSON_V1_80f7e289-3428-42ce-97c2-718713461373,USER_V1_d23475d5-842b-4028-96d4-b04a8afd7cca,has_account
408,USER_V1_391b72c0-d24b-46a3-a7a3-e73d21d77675,PERSON_V1_36e19e80-844d-4742-9947-1b133cd854f3,has_profile
408,PERSON_V1_36e19e80-844d-4742-9947-1b133cd854f3,USER_V1_391b72c0-d24b-46a3-a7a3-e73d21d77675,has_account
409,USER_V1_8483c3ae-840b-4906-be8d-340e49e529cc,PERSON_V1_04993abc-2da1-4750-8cb7-cc22261d42fc,has_profile
409,PERSON_V1_04993abc-2da1-4750-8cb7-cc22261d42fc,USER_V1_8483c3ae-840b-4906-be8d-340e49e529cc,has_account
410,USER_V1_7ebb1460-c770-49c2-9bdc-b246d94458fa,PERSON_V1_4536a30f-7269-456a-a9fd-66f1029d38ec,has_profile
410,PERSON_V1_4536a30f-7269-456a-a9fd-66f1029d38ec,USER_V1_7ebb1460-c770-49c2-9bdc-b246d94458fa,has_account
411,USER_V1_a9685550-b90b-45de-b499-5484aba53e02,PERSON_V1_75424078-89d8-4615-bb74-fc3102d9fa29,has_profile
411,PERSON_V1_75424078-89d8-4615-bb74-fc3102d9fa29,USER_V1_a9685550-b90b-45de-b499-5484aba53e02,has_account
412,USER_V1_bcb998a8-d570-4a71-a7dc-ea8b5e439914,PERSON_V1_4a8118e2-094c-453b-8baa-9b1f64adccc3,has_profile
412,PERSON_V1_4a8118e2-094c-453b-8baa-9b1f64adccc3,USER_V1_bcb998a8-d570-4a71-a7dc-ea8b5e439914,has_account
413,USER_V1_a67b648d-8d50-409c-9521-9b31c61f4b2c,PERSON_V1_2829c49e-e5f2-44d0-87a1-37364cf09c3d,has_profile
413,PERSON_V1_2829c49e-e5f2-44d0-87a1-37364cf09c3d,USER_V1_a67b648d-8d50-409c-9521-9b31c61f4b2c,has_account
414,USER_V1_3a8d88bd-7d4c-4f7d-8e4a-be35fcdd6b97,PERSON_V1_3bc3c803-f2fb-4773-ae29-45cd1f495e3a,has_profile
414,PERSON_V1_3bc3c803-f2fb-4773-ae29-45cd1f495e3a,USER_V1_3a8d88bd-7d4c-4f7d-8e4a-be35fcdd6b97,has_account
415,USER_V1_a42041dc-27f6-4cad-9441-cd561fe037a8,PERSON_V1_84e8c665-14d8-4eee-bc4e-bf0b5682a484,has_profile
415,PERSON_V1_84e8c665-14d8-4eee-bc4e-bf0b5682a484,USER_V1_a42041dc-27f6-4cad-9441-cd561fe037a8,has_account
416,USER_V1_3cc5bf80-3f17-42bc-9edb-c14f4401d2d6,PERSON_V1_1bb12bdb-3825-4ea3-af4a-a3a483719d02,has_profile
416,PERSON_V1_1bb12bdb-3825-4ea3-af4a-a3a483719d02,USER_V1_3cc5bf80-3f17-42bc-9edb-c14f4401d2d6,has_account
417,USER_V1_604b44c8-940a-4dba-9e52-568e38b52c0b,PERSON_V1_f2001956-616f-4a63-95f4-f49127c09589,has_profile
417,PERSON_V1_f2001956-616f-4a63-95f4-f49127c09589,USER_V1_604b44c8-940a-4dba-9e52-568e38b52c0b,has_account
418,USER_V1_e94506c8-39ce-43ed-89c9-f7dd9a9b66e6,PERSON_V1_ad3c500b-abb8-40a4-8a80-e5c1c9da5e99,has_profile
418,PERSON_V1_ad3c500b-abb8-40a4-8a80-e5c1c9da5e99,USER_V1_e94506c8-39ce-43ed-89c9-f7dd9a9b66e6,has_account
419,USER_V1_e5902417-408d-491b-a48d-daaa97b316a4,PERSON_V1_7c3f4f1e-f385-435d-b259-03a85672678f,has_profile
419,PERSON_V1_7c3f4f1e-f385-435d-b259-03a85672678f,USER_V1_e5902417-408d-491b-a48d-daaa97b316a4,has_account
420,USER_V1_2b603e7a-0a13-45c9-b3d4-e356ff8e04d7,PERSON_V1_57c92492-e6c4-4a90-8449-e48c9a69cc2f,has_profile
420,PERSON_V1_57c92492-e6c4-4a90-8449-e48c9a69cc2f,USER_V1_2b603e7a-0a13-45c9-b3d4-e356ff8e04d7,has_account
421,USER_V1_fc63d704-ca31-4189-8072-c66f046c9ca8,PERSON_V1_44ce2219-2c6e-460d-87e4-69e664a3fdfe,has_profile
421,PERSON_V1_44ce2219-2c6e-460d-87e4-69e664a3fdfe,USER_V1_fc63d704-ca31-4189-8072-c66f046c9ca8,has_account
422,USER_V1_5be22607-fb54-43e3-808c-13ccb0b97e10,PERSON_V1_68f76251-5ca8-48eb-9a1c-5dddd697368c,has_profile
422,PERSON_V1_68f76251-5ca8-48eb-9a1c-5dddd697368c,USER_V1_5be22607-fb54-43e3-808c-13ccb0b97e10,has_account
423,USER_V1_bb36e4b0-ef47-4242-93df-2afdb0dc06b9,PERSON_V1_561a2d9f-12d4-48cc-bcd1-cce5bb68d691,has_profile
423,PERSON_V1_561a2d9f-12d4-48cc-bcd1-cce5bb68d691,USER_V1_bb36e4b0-ef47-4242-93df-2afdb0dc06b9,has_account
424,USER_V1_2893ba3b-3a57-4c18-a109-cb58a5a164ee,PERSON_V1_8331a456-9f63-47e9-9674-2ef11831053d,has_profile
424,PERSON_V1_8331a456-9f63-47e9-9674-2ef11831053d,USER_V1_2893ba3b-3a57-4c18-a109-cb58a5a164ee,has_account
425,USER_V1_de953a92-26c2-4830-a5ed-795ec50f4b51,PERSON_V1_4aabae2e-db70-4089-98ee-555819265cdc,has_profile
425,PERSON_V1_4aabae2e-db70-4089-98ee-555819265cdc,USER_V1_de953a92-26c2-4830-a5ed-795ec50f4b51,has_account
426,USER_V1_46e59169-b2d2-4387-af92-9fe8e13bb3dc,PERSON_V1_8b40feaa-2dfe-4bca-b08e-5d8a1e1c72ef,has_profile
426,PERSON_V1_8b40feaa-2dfe-4bca-b08e-5d8a1e1c72ef,USER_V1_46e59169-b2d2-4387-af92-9fe8e13bb3dc,has_account
427,USER_V1_c58261c4-8047-4316-b1b3-b321e55ab916,PERSON_V1_e4857801-e74c-4ead-b514-0fa471fbe38f,has_profile
427,PERSON_V1_e4857801-e74c-4ead-b514-0fa471fbe38f,USER_V1_c58261c4-8047-4316-b1b3-b321e55ab916,has_account
428,USER_V1_febb2b11-2b98-44cd-a1a1-af4d7c2cd23d,PERSON_V1_5d93ab72-ed85-4292-bf94-2fbafeb5870a,has_profile
428,PERSON_V1_5d93ab72-ed85-4292-bf94-2fbafeb5870a,USER_V1_febb2b11-2b98-44cd-a1a1-af4d7c2cd23d,has_account
429,USER_V1_01b6679f-accf-4dd8-8726-074149a2015e,PERSON_V1_47c2ef82-4f45-4fad-b3e8-dbc618b33af2,has_profile
429,PERSON_V1_47c2ef82-4f45-4fad-b3e8-dbc618b33af2,USER_V1_01b6679f-accf-4dd8-8726-074149a2015e,has_account
430,USER_V1_e9a8b0ab-43ec-46da-94cc-4af6c72b0c37,PERSON_V1_409b9ab3-0c97-48c5-bceb-bdb294975e59,has_profile
430,PERSON_V1_409b9ab3-0c97-48c5-bceb-bdb294975e59,USER_V1_e9a8b0ab-43ec-46da-94cc-4af6c72b0c37,has_account
431,USER_V1_7d472673-30fb-49e5-bdec-8c7772575815,PERSON_V1_b38083d6-e526-4c11-bd92-e9e458ec41b1,has_profile
431,PERSON_V1_b38083d6-e526-4c11-bd92-e9e458ec41b1,USER_V1_7d472673-30fb-49e5-bdec-8c7772575815,has_account
432,USER_V1_6da3b845-a24f-4ce5-b245-9bbd8958c505,PERSON_V1_684db549-1091-4b36-94de-4a7e54b5bd64,has_profile
432,PERSON_V1_684db549-1091-4b36-94de-4a7e54b5bd64,USER_V1_6da3b845-a24f-4ce5-b245-9bbd8958c505,has_account
433,USER_V1_67868253-ccef-4125-ae05-b94ef1de8003,PERSON_V1_ecac09b6-9eef-42b5-8c65-2ba8c584b304,has_profile
433,PERSON_V1_ecac09b6-9eef-42b5-8c65-2ba8c584b304,USER_V1_67868253-ccef-4125-ae05-b94ef1de8003,has_account
434,USER_V1_dd1b825c-95bc-44fa-af2d-645090cfd95c,PERSON_V1_19c470e9-435b-47ca-85c4-853d0700ebd9,has_profile
434,PERSON_V1_19c470e9-435b-47ca-85c4-853d0700ebd9,USER_V1_dd1b825c-95bc-44fa-af2d-645090cfd95c,has_account
435,USER_V1_4215d860-f514-4e23-98b6-5cd87fac5bdb,PERSON_V1_e76e1d52-53b3-4546-96e5-3302a699e599,has_profile
435,PERSON_V1_e76e1d52-53b3-4546-96e5-3302a699e599,USER_V1_4215d860-f514-4e23-98b6-5cd87fac5bdb,has_account
436,USER_V1_bee74f63-7393-4c11-b60e-2125f96ea423,PERSON_V1_3b1c99e5-af17-41b8-938a-c44b3a50f1f7,has_profile
436,PERSON_V1_3b1c99e5-af17-41b8-938a-c44b3a50f1f7,USER_V1_bee74f63-7393-4c11-b60e-2125f96ea423,has_account
437,USER_V1_b878f6a4-e88f-47ae-9eae-71b9dc27e1dd,PERSON_V1_866e8f73-aaba-428a-8f46-df6e7557e44a,has_profile
437,PERSON_V1_866e8f73-aaba-428a-8f46-df6e7557e44a,USER_V1_b878f6a4-e88f-47ae-9eae-71b9dc27e1dd,has_account
438,USER_V1_384aa332-ad2f-4f38-b84f-73e28836ab7c,PERSON_V1_7b945624-6775-4602-a6bc-faa2df5ee3ce,has_profile
438,PERSON_V1_7b945624-6775-4602-a6bc-faa2df5ee3ce,USER_V1_384aa332-ad2f-4f38-b84f-73e28836ab7c,has_account
439,USER_V1_fe6e5f62-867a-4104-a667-2b6ee81b1e57,PERSON_V1_883cf09c-b13e-4fed-8ceb-8485a209247e,has_profile
439,PERSON_V1_883cf09c-b13e-4fed-8ceb-8485a209247e,USER_V1_fe6e5f62-867a-4104-a667-2b6ee81b1e57,has_account
440,USER_V1_323d25a6-c78d-424d-a5da-a976917663f8,PERSON_V1_5b671698-93c3-4db1-bac8-74098910256c,has_profile
440,PERSON_V1_5b671698-93c3-4db1-bac8-74098910256c,USER_V1_323d25a6-c78d-424d-a5da-a976917663f8,has_account
441,USER_V1_eec4c481-1f19-43d0-a2e4-6cccfbcf96a6,PERSON_V1_b90d9ed7-035d-453a-a23e-58dea13af157,has_profile
441,PERSON_V1_b90d9ed7-035d-453a-a23e-58dea13af157,USER_V1_eec4c481-1f19-43d0-a2e4-6cccfbcf96a6,has_account
442,USER_V1_0a6778fc-1e7a-4a22-9949-ec4f83ed5746,PERSON_V1_4df4a7b3-760f-4b5f-ade2-e164be8a2118,has_profile
442,PERSON_V1_4df4a7b3-760f-4b5f-ade2-e164be8a2118,USER_V1_0a6778fc-1e7a-4a22-9949-ec4f83ed5746,has_account
443,USER_V1_f6a5cc23-0052-4840-a5ec-a3cc7726a937,PERSON_V1_b752e54a-7d8a-4274-a027-6db177e3c011,has_profile
443,PERSON_V1_b752e54a-7d8a-4274-a027-6db177e3c011,USER_V1_f6a5cc23-0052-4840-a5ec-a3cc7726a937,has_account
444,USER_V1_d4160299-3d6c-4834-9f30-d1ce0ed58afc,PERSON_V1_0094e99b-0772-4218-9b50-f536b948ed70,has_profile
444,PERSON_V1_0094e99b-0772-4218-9b50-f536b948ed70,USER_V1_d4160299-3d6c-4834-9f30-d1ce0ed58afc,has_account
445,USER_V1_4e0be851-0ef8-4af5-8014-c9624c4d6ea2,PERSON_V1_65b57bfb-1356-4f03-ba4a-02179b3034e5,has_profile
445,PERSON_V1_65b57bfb-1356-4f03-ba4a-02179b3034e5,USER_V1_4e0be851-0ef8-4af5-8014-c9624c4d6ea2,has_account
446,USER_V1_4de26177-44cc-489a-b4a8-d4c2d65f85bb,PERSON_V1_51b56982-0bd8-4049-9334-e174ee5c8530,has_profile
446,PERSON_V1_51b56982-0bd8-4049-9334-e174ee5c8530,USER_V1_4de26177-44cc-489a-b4a8-d4c2d65f85bb,has_account
447,USER_V1_c2884bbf-f139-46c3-8cd7-0765f56371ba,PERSON_V1_3cad5823-9d0b-43e0-8452-6e34cd84ff01,has_profile
447,PERSON_V1_3cad5823-9d0b-43e0-8452-6e34cd84ff01,USER_V1_c2884bbf-f139-46c3-8cd7-0765f56371ba,has_account
448,USER_V1_634a57c1-e456-4bbf-b183-1a9650a1734c,PERSON_V1_f635541c-988a-4677-bc9f-087c6e686cbe,has_profile
448,PERSON_V1_f635541c-988a-4677-bc9f-087c6e686cbe,USER_V1_634a57c1-e456-4bbf-b183-1a9650a1734c,has_account
449,USER_V1_b360b24d-64be-45ea-ae88-6537519137ad,PERSON_V1_2fc3e97e-bb2e-478a-9f56-65a46c5fa278,has_profile
449,PERSON_V1_2fc3e97e-bb2e-478a-9f56-65a46c5fa278,USER_V1_b360b24d-64be-45ea-ae88-6537519137ad,has_account
450,USER_V1_dc785e8c-51e0-462c-9425-8624a9a308d6,PERSON_V1_40145d01-f4ed-46fe-aa0d-d35225fcb1d2,has_profile
450,PERSON_V1_40145d01-f4ed-46fe-aa0d-d35225fcb1d2,USER_V1_dc785e8c-51e0-462c-9425-8624a9a308d6,has_account
451,USER_V1_7b54ba21-b064-42f7-9085-b8ff5c9e709c,PERSON_V1_ca71cb42-0d51-4513-a3bb-ff43dd8e3dcd,has_profile
451,PERSON_V1_ca71cb42-0d51-4513-a3bb-ff43dd8e3dcd,USER_V1_7b54ba21-b064-42f7-9085-b8ff5c9e709c,has_account
452,USER_V1_f7aaba4b-8348-4686-b233-78824dc71d2a,PERSON_V1_74f5f976-2a84-4ce8-a449-41e425fa5fb2,has_profile
452,PERSON_V1_74f5f976-2a84-4ce8-a449-41e425fa5fb2,USER_V1_f7aaba4b-8348-4686-b233-78824dc71d2a,has_account
453,USER_V1_6d3cb376-7b76-4cde-af8f-9819dcbf37b6,PERSON_V1_90902ebb-8da9-4cf0-ae41-ab40dac03c30,has_profile
453,PERSON_V1_90902ebb-8da9-4cf0-ae41-ab40dac03c30,USER_V1_6d3cb376-7b76-4cde-af8f-9819dcbf37b6,has_account
454,USER_V1_759604a6-ff62-4cd4-bf72-4addf0d0ac53,PERSON_V1_181df532-ca84-4f6b-bf42-25977b1c483c,has_profile
454,PERSON_V1_181df532-ca84-4f6b-bf42-25977b1c483c,USER_V1_759604a6-ff62-4cd4-bf72-4addf0d0ac53,has_account
455,USER_V1_1ef90536-0dcf-426e-8e40-654fa3eef1c1,PERSON_V1_347272a9-e361-4a72-b5ed-ed68c14eeded,has_profile
455,PERSON_V1_347272a9-e361-4a72-b5ed-ed68c14eeded,USER_V1_1ef90536-0dcf-426e-8e40-654fa3eef1c1,has_account
456,USER_V1_e3145741-0b78-4ef0-9e1b-1b7db08d5733,PERSON_V1_39dba419-d9e2-4274-8764-79259b595df0,has_profile
456,PERSON_V1_39dba419-d9e2-4274-8764-79259b595df0,USER_V1_e3145741-0b78-4ef0-9e1b-1b7db08d5733,has_account
457,USER_V1_da174d69-8659-4388-bf3c-915af95af9fb,PERSON_V1_58b1198a-09c6-4650-a37f-6f251ff7d158,has_profile
457,PERSON_V1_58b1198a-09c6-4650-a37f-6f251ff7d158,USER_V1_da174d69-8659-4388-bf3c-915af95af9fb,has_account
458,USER_V1_c8a96fe6-ca9a-4be3-b461-d12f339cfd5b,PERSON_V1_907e855a-83c0-4140-b42a-fa2b486dc5b7,has_profile
458,PERSON_V1_907e855a-83c0-4140-b42a-fa2b486dc5b7,USER_V1_c8a96fe6-ca9a-4be3-b461-d12f339cfd5b,has_account
459,USER_V1_730f0408-63ab-4ac6-ae36-89ff134e6a7f,PERSON_V1_35a2e5a8-f6a0-46a1-a445-ec4668b81d6c,has_profile
459,PERSON_V1_35a2e5a8-f6a0-46a1-a445-ec4668b81d6c,USER_V1_730f0408-63ab-4ac6-ae36-89ff134e6a7f,has_account
460,USER_V1_aeb32f34-3b9e-4d9a-a105-6975e7f0d536,PERSON_V1_332a80d3-26e7-4839-9a91-c11fe3ec6bf3,has_profile
460,PERSON_V1_332a80d3-26e7-4839-9a91-c11fe3ec6bf3,USER_V1_aeb32f34-3b9e-4d9a-a105-6975e7f0d536,has_account
461,USER_V1_ab238873-8579-431d-b8d9-9cb46a8857e0,PERSON_V1_b5255561-7b81-4e67-852f-6fdb49d05c9f,has_profile
461,PERSON_V1_b5255561-7b81-4e67-852f-6fdb49d05c9f,USER_V1_ab238873-8579-431d-b8d9-9cb46a8857e0,has_account
462,USER_V1_ad338a97-54cb-4a03-a400-47b918ab1f66,PERSON_V1_ba41224d-f850-4f87-ba10-c7962c40d45a,has_profile
462,PERSON_V1_ba41224d-f850-4f87-ba10-c7962c40d45a,USER_V1_ad338a97-54cb-4a03-a400-47b918ab1f66,has_account
463,USER_V1_6498ccc6-a330-4d87-bcb3-8e84608a7c3f,PERSON_V1_abae440e-0bd2-4662-aa10-e8fcfd5c1156,has_profile
463,PERSON_V1_abae440e-0bd2-4662-aa10-e8fcfd5c1156,USER_V1_6498ccc6-a330-4d87-bcb3-8e84608a7c3f,has_account
464,USER_V1_cc5134ba-fa4e-4a35-b668-c2b35b6ded49,PERSON_V1_b2217be4-d205-42b7-80d4-0aabe1d81658,has_profile
464,PERSON_V1_b2217be4-d205-42b7-80d4-0aabe1d81658,USER_V1_cc5134ba-fa4e-4a35-b668-c2b35b6ded49,has_account
465,USER_V1_a3dac2f8-2435-4432-bd4d-2ae631853bce,PERSON_V1_34819c5b-3fd4-4d14-a45a-48e3ca144710,has_profile
465,PERSON_V1_34819c5b-3fd4-4d14-a45a-48e3ca144710,USER_V1_a3dac2f8-2435-4432-bd4d-2ae631853bce,has_account
466,USER_V1_3145e93b-f11d-488e-8dd6-587cea86b938,PERSON_V1_e8ea51d7-491b-4206-8c12-0a7a16c514bd,has_profile
466,PERSON_V1_e8ea51d7-491b-4206-8c12-0a7a16c514bd,USER_V1_3145e93b-f11d-488e-8dd6-587cea86b938,has_account
467,USER_V1_b6822c2f-28f6-485e-8c4f-d64e75a4dab0,PERSON_V1_5dc15647-8c7f-470f-9bcc-a56e712fd1ad,has_profile
467,PERSON_V1_5dc15647-8c7f-470f-9bcc-a56e712fd1ad,USER_V1_b6822c2f-28f6-485e-8c4f-d64e75a4dab0,has_account
468,USER_V1_baaf7625-70e6-496b-ab75-d136c1c82dfb,PERSON_V1_5629b427-98ca-447f-abe3-353d72767d5e,has_profile
468,PERSON_V1_5629b427-98ca-447f-abe3-353d72767d5e,USER_V1_baaf7625-70e6-496b-ab75-d136c1c82dfb,has_account
469,USER_V1_abddb8e2-3d63-4bca-b9d9-ed068a99d43f,PERSON_V1_e507520f-88bf-4516-bc4a-26cf71a190fe,has_profile
469,PERSON_V1_e507520f-88bf-4516-bc4a-26cf71a190fe,USER_V1_abddb8e2-3d63-4bca-b9d9-ed068a99d43f,has_account
470,USER_V1_094e74bc-3309-4a8b-bb5f-0495b57249b6,PERSON_V1_6fd2efc2-515d-4619-90cb-b6f8ed6aee88,has_profile
470,PERSON_V1_6fd2efc2-515d-4619-90cb-b6f8ed6aee88,USER_V1_094e74bc-3309-4a8b-bb5f-0495b57249b6,has_account
471,USER_V1_aa30a9fb-fb33-4dcf-b60b-1ff618c699ae,PERSON_V1_8904e753-fba8-4bf0-9f95-0c01355a767d,has_profile
471,PERSON_V1_8904e753-fba8-4bf0-9f95-0c01355a767d,USER_V1_aa30a9fb-fb33-4dcf-b60b-1ff618c699ae,has_account
472,USER_V1_47ec8d25-e85b-4f81-aa36-615607086d66,PERSON_V1_1b4096be-7646-445e-8dbd-bfc607e7524f,has_profile
472,PERSON_V1_1b4096be-7646-445e-8dbd-bfc607e7524f,USER_V1_47ec8d25-e85b-4f81-aa36-615607086d66,has_account
473,USER_V1_15bd4949-5908-4a18-b239-de0bc5034664,PERSON_V1_216157b9-b8cf-4306-8a42-aa0d73dd1885,has_profile
473,PERSON_V1_216157b9-b8cf-4306-8a42-aa0d73dd1885,USER_V1_15bd4949-5908-4a18-b239-de0bc5034664,has_account
474,USER_V1_2591e211-4ea1-4609-90e5-d9a586e415b3,PERSON_V1_0f6763b4-47ea-4bd8-bb79-9779020a4406,has_profile
474,PERSON_V1_0f6763b4-47ea-4bd8-bb79-9779020a4406,USER_V1_2591e211-4ea1-4609-90e5-d9a586e415b3,has_account
475,USER_V1_85050bac-e180-41aa-aedd-0c8b13540fb6,PERSON_V1_870ed834-8fba-4dc2-8cfa-45e40fe529b7,has_profile
475,PERSON_V1_870ed834-8fba-4dc2-8cfa-45e40fe529b7,USER_V1_85050bac-e180-41aa-aedd-0c8b13540fb6,has_account
476,USER_V1_cb3c5910-a3aa-4839-8f02-f224103fa19d,PERSON_V1_a04e49c2-2130-4e3f-9200-91f29237a2bd,has_profile
476,PERSON_V1_a04e49c2-2130-4e3f-9200-91f29237a2bd,USER_V1_cb3c5910-a3aa-4839-8f02-f224103fa19d,has_account
477,USER_V1_f91c460f-93de-4199-9b20-12f0527371c3,PERSON_V1_04b54c27-2ee2-47ef-ab8c-70db3ced5e1e,has_profile
477,PERSON_V1_04b54c27-2ee2-47ef-ab8c-70db3ced5e1e,USER_V1_f91c460f-93de-4199-9b20-12f0527371c3,has_account
478,USER_V1_76e528f1-10dc-43ca-a2c6-2ecdc0d8d450,PERSON_V1_cc493df3-c6a3-4286-addb-4844583b5034,has_profile
478,PERSON_V1_cc493df3-c6a3-4286-addb-4844583b5034,USER_V1_76e528f1-10dc-43ca-a2c6-2ecdc0d8d450,has_account
479,USER_V1_24d7c7c4-a6e8-4e1a-bf21-f08f3411e5a7,PERSON_V1_a34674ed-5ec9-49c4-8bf7-49e11c1aa2ec,has_profile
479,PERSON_V1_a34674ed-5ec9-49c4-8bf7-49e11c1aa2ec,USER_V1_24d7c7c4-a6e8-4e1a-bf21-f08f3411e5a7,has_account
480,USER_V1_ac5c3270-2f60-410b-84dc-c4f4e5c44620,PERSON_V1_05a095e7-57de-48df-b6f9-b851e2d0f00b,has_profile
480,PERSON_V1_05a095e7-57de-48df-b6f9-b851e2d0f00b,USER_V1_ac5c3270-2f60-410b-84dc-c4f4e5c44620,has_account
481,USER_V1_cb79cafe-62a5-4921-8043-8ed96355c81f,PERSON_V1_90331902-b801-4981-982d-c6e23dab83d5,has_profile
481,PERSON_V1_90331902-b801-4981-982d-c6e23dab83d5,USER_V1_cb79cafe-62a5-4921-8043-8ed96355c81f,has_account
482,USER_V1_c073972e-e935-4945-a80e-7eeba7fe996f,PERSON_V1_2199750b-f21d-4e55-ae40-1fdc68e49651,has_profile
482,PERSON_V1_2199750b-f21d-4e55-ae40-1fdc68e49651,USER_V1_c073972e-e935-4945-a80e-7eeba7fe996f,has_account
483,USER_V1_97d62638-8eab-418f-b1da-e33dfc7d683d,PERSON_V1_90e84b7e-e9cd-41dd-a553-dfa58dd793cd,has_profile
483,PERSON_V1_90e84b7e-e9cd-41dd-a553-dfa58dd793cd,USER_V1_97d62638-8eab-418f-b1da-e33dfc7d683d,has_account
484,USER_V1_724744ed-62d7-48ed-b40c-9f5dbee7bd60,PERSON_V1_912c9cf5-ce38-4553-918c-385aca2e2541,has_profile
484,PERSON_V1_912c9cf5-ce38-4553-918c-385aca2e2541,USER_V1_724744ed-62d7-48ed-b40c-9f5dbee7bd60,has_account
485,USER_V1_4f134d48-7e24-43ea-9616-589ba8d91cfb,PERSON_V1_b585b694-6702-419b-8c2d-996658535b4b,has_profile
485,PERSON_V1_b585b694-6702-419b-8c2d-996658535b4b,USER_V1_4f134d48-7e24-43ea-9616-589ba8d91cfb,has_account
486,USER_V1_e923001d-a8d4-49b2-ae69-93a5636d259a,PERSON_V1_8bef9432-dfea-41e5-83cf-2b7d0f1420df,has_profile
486,PERSON_V1_8bef9432-dfea-41e5-83cf-2b7d0f1420df,USER_V1_e923001d-a8d4-49b2-ae69-93a5636d259a,has_account
487,USER_V1_cc867d0a-c2e4-4790-bd8e-42580667ff65,PERSON_V1_1c32c4d2-9f3a-42e1-a4ca-fecf92a46bf4,has_profile
487,PERSON_V1_1c32c4d2-9f3a-42e1-a4ca-fecf92a46bf4,USER_V1_cc867d0a-c2e4-4790-bd8e-42580667ff65,has_account
488,USER_V1_9befb4c3-54b8-4654-890f-4129dac8f197,PERSON_V1_912c6713-9865-45ce-a7d9-1ca8e8168c4d,has_profile
488,PERSON_V1_912c6713-9865-45ce-a7d9-1ca8e8168c4d,USER_V1_9befb4c3-54b8-4654-890f-4129dac8f197,has_account
489,USER_V1_565ccd60-1af3-463e-af82-453a4c2dacf5,PERSON_V1_8c17e20c-8bf3-48f8-9fa7-c2a542f03d0e,has_profile
489,PERSON_V1_8c17e20c-8bf3-48f8-9fa7-c2a542f03d0e,USER_V1_565ccd60-1af3-463e-af82-453a4c2dacf5,has_account
490,USER_V1_c4e820a6-8856-4186-b3c2-9ac23490c342,PERSON_V1_e4f407f6-f632-4070-b2cf-6fac5f0f9263,has_profile
490,PERSON_V1_e4f407f6-f632-4070-b2cf-6fac5f0f9263,USER_V1_c4e820a6-8856-4186-b3c2-9ac23490c342,has_account
491,USER_V1_caa66611-e5a2-4372-bff5-588cbe2e8127,PERSON_V1_8038e92e-46b7-4a2e-8ac2-9ce8fc5b33dc,has_profile
491,PERSON_V1_8038e92e-46b7-4a2e-8ac2-9ce8fc5b33dc,USER_V1_caa66611-e5a2-4372-bff5-588cbe2e8127,has_account
492,USER_V1_2757d3ae-a9e0-4cc6-b0e8-a6a2b31d8a41,PERSON_V1_3c2c1eac-a548-4c4a-8698-ed1a02d662b1,has_profile
492,PERSON_V1_3c2c1eac-a548-4c4a-8698-ed1a02d662b1,USER_V1_2757d3ae-a9e0-4cc6-b0e8-a6a2b31d8a41,has_account
493,USER_V1_56e926e6-aa1d-4d3c-8461-6af4a78c2d23,PERSON_V1_7fb893f2-5c6f-48b0-8e27-b0525c755603,has_profile
493,PERSON_V1_7fb893f2-5c6f-48b0-8e27-b0525c755603,USER_V1_56e926e6-aa1d-4d3c-8461-6af4a78c2d23,has_account
494,USER_V1_8c461139-916b-40c6-b8eb-5fe696ff3067,PERSON_V1_93572f3d-3290-4992-9e00-37b48f0e6581,has_profile
494,PERSON_V1_93572f3d-3290-4992-9e00-37b48f0e6581,USER_V1_8c461139-916b-40c6-b8eb-5fe696ff3067,has_account
495,USER_V1_08e461c6-2f1a-4ca6-ad25-d55b12b66c21,PERSON_V1_cfa0c73c-524d-4b87-a63c-60367413a94f,has_profile
495,PERSON_V1_cfa0c73c-524d-4b87-a63c-60367413a94f,USER_V1_08e461c6-2f1a-4ca6-ad25-d55b12b66c21,has_account
496,USER_V1_3093169e-2e34-4797-9489-10a1140324fd,PERSON_V1_b662981d-3a14-4a6d-be9f-e3e62dbe053d,has_profile
496,PERSON_V1_b662981d-3a14-4a6d-be9f-e3e62dbe053d,USER_V1_3093169e-2e34-4797-9489-10a1140324fd,has_account
497,USER_V1_a04f0c68-f3b8-4bb8-a4a1-ea45fb493dfc,PERSON_V1_0bddf2f3-e632-4cc5-a249-c37a3bef3a7a,has_profile
497,PERSON_V1_0bddf2f3-e632-4cc5-a249-c37a3bef3a7a,USER_V1_a04f0c68-f3b8-4bb8-a4a1-ea45fb493dfc,has_account
498,USER_V1_ac81bd51-f929-4c3d-8a07-403c68f2f5c7,PERSON_V1_17b26daf-9aef-4dca-9d6a-03118194e482,has_profile
498,PERSON_V1_17b26daf-9aef-4dca-9d6a-03118194e482,USER_V1_ac81bd51-f929-4c3d-8a07-403c68f2f5c7,has_account
499,USER_V1_867e2440-a129-4de0-b63e-2921c3dd72e0,PERSON_V1_9dc132be-60fa-4116-8296-0d4d16266af5,has_profile
499,PERSON_V1_9dc132be-60fa-4116-8296-0d4d16266af5,USER_V1_867e2440-a129-4de0-b63e-2921c3dd72e0,has_account
500,USER_V1_6de7660d-f260-401d-921b-d86867bd290e,PERSON_V1_f7180690-84aa-4381-b734-7bf0d4882343,has_profile
500,PERSON_V1_f7180690-84aa-4381-b734-7bf0d4882343,USER_V1_6de7660d-f260-401d-921b-d86867bd290e,has_account
501,USER_V1_5b74ce8e-c99b-4cf8-8bac-0d29c231e514,PERSON_V1_70b14e3f-8719-43f3-af74-57d4d74eac4b,has_profile
501,PERSON_V1_70b14e3f-8719-43f3-af74-57d4d74eac4b,USER_V1_5b74ce8e-c99b-4cf8-8bac-0d29c231e514,has_account
502,USER_V1_5c6ffe39-fb8d-466c-89b2-e454b5a830c3,PERSON_V1_b15a475f-cc0f-439b-bd48-252a12c16dfb,has_profile
502,PERSON_V1_b15a475f-cc0f-439b-bd48-252a12c16dfb,USER_V1_5c6ffe39-fb8d-466c-89b2-e454b5a830c3,has_account
503,USER_V1_05d6a679-d8a5-4e46-add7-5a08e2e78a1c,PERSON_V1_21210aaf-eb71-4235-8b2a-d2cb360f3b1a,has_profile
503,PERSON_V1_21210aaf-eb71-4235-8b2a-d2cb360f3b1a,USER_V1_05d6a679-d8a5-4e46-add7-5a08e2e78a1c,has_account
504,USER_V1_c7886f5b-42a4-4c0f-83e7-66a004aac02c,PERSON_V1_573e736d-0d65-4089-8da9-54deb3e2173c,has_profile
504,PERSON_V1_573e736d-0d65-4089-8da9-54deb3e2173c,USER_V1_c7886f5b-42a4-4c0f-83e7-66a004aac02c,has_account
505,USER_V1_423e7c10-d7a2-4c27-ba60-e5b272583c16,PERSON_V1_c0044e37-ba08-490b-814c-d115c3f1f241,has_profile
505,PERSON_V1_c0044e37-ba08-490b-814c-d115c3f1f241,USER_V1_423e7c10-d7a2-4c27-ba60-e5b272583c16,has_account
506,USER_V1_ce5060ae-4222-418a-a4b6-9c01ba58d35c,PERSON_V1_3f06aa41-bbae-44f3-ba41-f78af2c85462,has_profile
506,PERSON_V1_3f06aa41-bbae-44f3-ba41-f78af2c85462,USER_V1_ce5060ae-4222-418a-a4b6-9c01ba58d35c,has_account
507,USER_V1_1abc9c0c-0f3a-46c9-9929-ca52636b39e6,PERSON_V1_cce989d8-40b7-4141-a8b5-20db87543686,has_profile
507,PERSON_V1_cce989d8-40b7-4141-a8b5-20db87543686,USER_V1_1abc9c0c-0f3a-46c9-9929-ca52636b39e6,has_account
508,USER_V1_7111496a-6ea3-4c6e-82c9-9e980a560d5d,PERSON_V1_25e78489-4c4f-4606-b1b1-04355a25ec8c,has_profile
508,PERSON_V1_25e78489-4c4f-4606-b1b1-04355a25ec8c,USER_V1_7111496a-6ea3-4c6e-82c9-9e980a560d5d,has_account
509,USER_V1_c8132481-6a7b-4eb4-ac3a-c1ce042e8848,PERSON_V1_687b4907-ceca-4b9e-9303-bc33149609a3,has_profile
509,PERSON_V1_687b4907-ceca-4b9e-9303-bc33149609a3,USER_V1_c8132481-6a7b-4eb4-ac3a-c1ce042e8848,has_account
510,USER_V1_e2823fb0-b35b-4001-92f2-2462fea9d2dd,PERSON_V1_732d2687-d3cb-4a39-8dab-1e4563efcc9f,has_profile
510,PERSON_V1_732d2687-d3cb-4a39-8dab-1e4563efcc9f,USER_V1_e2823fb0-b35b-4001-92f2-2462fea9d2dd,has_account
511,USER_V1_f0843632-eb29-47f9-96e1-8442ec8bad07,PERSON_V1_7c49e2e6-e4ce-4b5d-bbd6-1a5691085fcf,has_profile
511,PERSON_V1_7c49e2e6-e4ce-4b5d-bbd6-1a5691085fcf,USER_V1_f0843632-eb29-47f9-96e1-8442ec8bad07,has_account
512,USER_V1_7dc1cec1-fbb1-4463-b651-6a6a2510f267,PERSON_V1_9b472c17-1ec9-45a6-baae-ee3ec7c5ff7e,has_profile
512,PERSON_V1_9b472c17-1ec9-45a6-baae-ee3ec7c5ff7e,USER_V1_7dc1cec1-fbb1-4463-b651-6a6a2510f267,has_account
513,USER_V1_da7d4248-59fa-4faa-885a-a04fcf9cd131,PERSON_V1_01f0e50d-d37c-4466-9242-221e237250ef,has_profile
513,PERSON_V1_01f0e50d-d37c-4466-9242-221e237250ef,USER_V1_da7d4248-59fa-4faa-885a-a04fcf9cd131,has_account
514,USER_V1_24cff303-4f5a-43a1-8837-0e6f9f0c2248,PERSON_V1_1c754c4c-99dd-489d-8c6b-1b991173492d,has_profile
514,PERSON_V1_1c754c4c-99dd-489d-8c6b-1b991173492d,USER_V1_24cff303-4f5a-43a1-8837-0e6f9f0c2248,has_account
515,USER_V1_e950a944-2097-4e9f-b5d5-3a68423c9300,PERSON_V1_b1b227a4-f3a2-4ca7-9eee-bd1d259d59d8,has_profile
515,PERSON_V1_b1b227a4-f3a2-4ca7-9eee-bd1d259d59d8,USER_V1_e950a944-2097-4e9f-b5d5-3a68423c9300,has_account
516,USER_V1_d9558563-9e59-4e96-ac34-17a8007473e1,PERSON_V1_06741ebe-098c-4892-b78c-a6b6816da17f,has_profile
516,PERSON_V1_06741ebe-098c-4892-b78c-a6b6816da17f,USER_V1_d9558563-9e59-4e96-ac34-17a8007473e1,has_account
517,USER_V1_aa6e2872-8a65-40a7-92a7-e32f64311a88,PERSON_V1_d7e7eadf-fd4a-4e09-8b4f-257c380577e3,has_profile
517,PERSON_V1_d7e7eadf-fd4a-4e09-8b4f-257c380577e3,USER_V1_aa6e2872-8a65-40a7-92a7-e32f64311a88,has_account
518,USER_V1_0baaf34d-1857-4a37-b72b-07b1694f7a3a,PERSON_V1_09553952-48ad-45cb-b1f5-85c4d935eb9a,has_profile
518,PERSON_V1_09553952-48ad-45cb-b1f5-85c4d935eb9a,USER_V1_0baaf34d-1857-4a37-b72b-07b1694f7a3a,has_account
519,USER_V1_e11fe5e7-3d37-402d-b701-728bae2b9156,PERSON_V1_4f45ab18-d896-43f3-a836-4e74b347b395,has_profile
519,PERSON_V1_4f45ab18-d896-43f3-a836-4e74b347b395,USER_V1_e11fe5e7-3d37-402d-b701-728bae2b9156,has_account
520,USER_V1_598c6e34-ee05-4b34-9e21-f34d582db181,PERSON_V1_d4510114-0bc5-4ec1-9dfc-f2037350d6a0,has_profile
520,PERSON_V1_d4510114-0bc5-4ec1-9dfc-f2037350d6a0,USER_V1_598c6e34-ee05-4b34-9e21-f34d582db181,has_account
521,USER_V1_eb11cc6a-7462-47b7-9bbf-b952a1ef0e91,PERSON_V1_b28efaf8-14c7-4de6-a156-502458cab7e8,has_profile
521,PERSON_V1_b28efaf8-14c7-4de6-a156-502458cab7e8,USER_V1_eb11cc6a-7462-47b7-9bbf-b952a1ef0e91,has_account
522,USER_V1_a2aae801-0b66-47e2-ac0f-86b7a0be6f41,PERSON_V1_3a6e0611-ba3d-49f6-b202-8130e4e45c99,has_profile
522,PERSON_V1_3a6e0611-ba3d-49f6-b202-8130e4e45c99,USER_V1_a2aae801-0b66-47e2-ac0f-86b7a0be6f41,has_account
523,USER_V1_f3cbc674-57b7-417d-a384-2ee345bd0ddb,PERSON_V1_3df6883e-cd4a-44af-a66d-f105e433b414,has_profile
523,PERSON_V1_3df6883e-cd4a-44af-a66d-f105e433b414,USER_V1_f3cbc674-57b7-417d-a384-2ee345bd0ddb,has_account
524,USER_V1_380273ad-d7f4-42cc-bd5d-d384c026c36f,PERSON_V1_5568e969-a891-4235-b03c-f754df0bd2af,has_profile
524,PERSON_V1_5568e969-a891-4235-b03c-f754df0bd2af,USER_V1_380273ad-d7f4-42cc-bd5d-d384c026c36f,has_account
525,USER_V1_33d13ba5-9ce4-4c73-aa6c-a698bd950f6b,PERSON_V1_7ff73642-f9c1-4664-b77c-0c550dde3bc5,has_profile
525,PERSON_V1_7ff73642-f9c1-4664-b77c-0c550dde3bc5,USER_V1_33d13ba5-9ce4-4c73-aa6c-a698bd950f6b,has_account
526,USER_V1_52be84f5-252c-4a1f-8aab-3b0002f0ba99,PERSON_V1_35e540cf-3692-4090-a534-6a0c3aecd0a5,has_profile
526,PERSON_V1_35e540cf-3692-4090-a534-6a0c3aecd0a5,USER_V1_52be84f5-252c-4a1f-8aab-3b0002f0ba99,has_account
527,USER_V1_a8a1b3a3-2fe0-407c-8421-47ef2e595fdb,PERSON_V1_c67539f1-9edb-4dba-bdc1-20cac4fe6600,has_profile
527,PERSON_V1_c67539f1-9edb-4dba-bdc1-20cac4fe6600,USER_V1_a8a1b3a3-2fe0-407c-8421-47ef2e595fdb,has_account
528,USER_V1_acd56daa-2309-400b-90b1-4d9d32d07818,PERSON_V1_1a0d9e92-cbc6-4b08-a396-3374a353160e,has_profile
528,PERSON_V1_1a0d9e92-cbc6-4b08-a396-3374a353160e,USER_V1_acd56daa-2309-400b-90b1-4d9d32d07818,has_account
529,USER_V1_ea5624c1-8bc8-4fe9-bc00-02bedb96862d,PERSON_V1_e54e8b58-4998-4d57-a56c-fc48912c25c5,has_profile
529,PERSON_V1_e54e8b58-4998-4d57-a56c-fc48912c25c5,USER_V1_ea5624c1-8bc8-4fe9-bc00-02bedb96862d,has_account
530,USER_V1_23dcceae-d4a5-4ef1-aee9-7d923c9bfc48,PERSON_V1_f4a9fe0b-1a5f-42bc-9c01-3adff455a679,has_profile
530,PERSON_V1_f4a9fe0b-1a5f-42bc-9c01-3adff455a679,USER_V1_23dcceae-d4a5-4ef1-aee9-7d923c9bfc48,has_account
531,USER_V1_090ec146-6690-4b84-96ab-ba27f4bf1d5d,PERSON_V1_f406ec94-48cc-4110-99d0-000faab4b4b3,has_profile
531,PERSON_V1_f406ec94-48cc-4110-99d0-000faab4b4b3,USER_V1_090ec146-6690-4b84-96ab-ba27f4bf1d5d,has_account
532,USER_V1_d50f62f3-8cc6-41ee-be8f-9c369a07fe39,PERSON_V1_213468f4-acf4-42eb-abbc-6bdd07f11117,has_profile
532,PERSON_V1_213468f4-acf4-42eb-abbc-6bdd07f11117,USER_V1_d50f62f3-8cc6-41ee-be8f-9c369a07fe39,has_account
533,USER_V1_4d252f8d-821a-425a-a89f-f54ec75be1e6,PERSON_V1_ea0d2f8c-4761-46e7-8d16-ad8930caf2c2,has_profile
533,PERSON_V1_ea0d2f8c-4761-46e7-8d16-ad8930caf2c2,USER_V1_4d252f8d-821a-425a-a89f-f54ec75be1e6,has_account
534,USER_V1_7371f10c-3ea5-4691-8fd0-ba92d32b568c,PERSON_V1_eafd27d2-b561-4250-842a-13dec2a2eb0d,has_profile
534,PERSON_V1_eafd27d2-b561-4250-842a-13dec2a2eb0d,USER_V1_7371f10c-3ea5-4691-8fd0-ba92d32b568c,has_account
535,USER_V1_34d77c1d-81a5-45d4-9c27-273849e6bccd,PERSON_V1_4a77b779-8119-4960-a0e8-bb5506580c67,has_profile
535,PERSON_V1_4a77b779-8119-4960-a0e8-bb5506580c67,USER_V1_34d77c1d-81a5-45d4-9c27-273849e6bccd,has_account
536,USER_V1_253a73bb-c741-454e-978e-98a70eeb7c67,PERSON_V1_7882776e-79f4-452d-9c3f-86f2da350485,has_profile
536,PERSON_V1_7882776e-79f4-452d-9c3f-86f2da350485,USER_V1_253a73bb-c741-454e-978e-98a70eeb7c67,has_account
537,USER_V1_12088669-3721-4a8d-b5e0-24235ad5b3d7,PERSON_V1_4397c4ef-a65f-4b62-9126-ca81e550b004,has_profile
537,PERSON_V1_4397c4ef-a65f-4b62-9126-ca81e550b004,USER_V1_12088669-3721-4a8d-b5e0-24235ad5b3d7,has_account
538,USER_V1_0863ce53-421d-4f87-b57f-de088d9bfde3,PERSON_V1_b1be1ccf-cf86-4d45-9f12-5b22328895c7,has_profile
538,PERSON_V1_b1be1ccf-cf86-4d45-9f12-5b22328895c7,USER_V1_0863ce53-421d-4f87-b57f-de088d9bfde3,has_account
539,USER_V1_f6aadb1c-d038-44c2-b9b5-46639af2535c,PERSON_V1_6b2baf06-5495-4436-9151-4979d81bba0a,has_profile
539,PERSON_V1_6b2baf06-5495-4436-9151-4979d81bba0a,USER_V1_f6aadb1c-d038-44c2-b9b5-46639af2535c,has_account
540,USER_V1_cc9d70a3-0b57-41c2-b768-9b1452da33ff,PERSON_V1_c202dee1-fff7-48da-830c-85e92509d9b7,has_profile
540,PERSON_V1_c202dee1-fff7-48da-830c-85e92509d9b7,USER_V1_cc9d70a3-0b57-41c2-b768-9b1452da33ff,has_account
541,USER_V1_8a25d800-bede-4626-a978-e95ef4f033ae,PERSON_V1_d3bbc95b-d825-4ed1-97b9-db3df49b64d8,has_profile
541,PERSON_V1_d3bbc95b-d825-4ed1-97b9-db3df49b64d8,USER_V1_8a25d800-bede-4626-a978-e95ef4f033ae,has_account
542,USER_V1_29431e44-a9ce-46a3-b495-e3d9e83dd348,PERSON_V1_90fc2d01-8ce3-4cfc-be8b-c6c89a0eff34,has_profile
542,PERSON_V1_90fc2d01-8ce3-4cfc-be8b-c6c89a0eff34,USER_V1_29431e44-a9ce-46a3-b495-e3d9e83dd348,has_account
543,USER_V1_bc5b2794-28b8-44da-8f5f-8a5c6bc34ca1,PERSON_V1_4b60e1eb-09b0-47f4-b261-c606a20cd22b,has_profile
543,PERSON_V1_4b60e1eb-09b0-47f4-b261-c606a20cd22b,USER_V1_bc5b2794-28b8-44da-8f5f-8a5c6bc34ca1,has_account
544,USER_V1_fbb52c83-bfb6-4c78-8caa-b82b12885275,PERSON_V1_935ab9eb-0ead-4cf8-a47c-d35929a537c9,has_profile
544,PERSON_V1_935ab9eb-0ead-4cf8-a47c-d35929a537c9,USER_V1_fbb52c83-bfb6-4c78-8caa-b82b12885275,has_account
545,USER_V1_d29b5e0d-2487-4389-80f1-3116689fc749,PERSON_V1_e28baffe-84a7-484b-8caf-672af088fd6a,has_profile
545,PERSON_V1_e28baffe-84a7-484b-8caf-672af088fd6a,USER_V1_d29b5e0d-2487-4389-80f1-3116689fc749,has_account
546,USER_V1_0062bea1-c7ca-473f-9b74-3974d054a001,PERSON_V1_4bb0f80c-f2e4-4c37-a067-2543ae19e1fe,has_profile
546,PERSON_V1_4bb0f80c-f2e4-4c37-a067-2543ae19e1fe,USER_V1_0062bea1-c7ca-473f-9b74-3974d054a001,has_account
547,USER_V1_63e4483e-a253-4c60-844c-e92857bb86f9,PERSON_V1_ae24d93a-6012-455a-8c76-def8e4f9b4b2,has_profile
547,PERSON_V1_ae24d93a-6012-455a-8c76-def8e4f9b4b2,USER_V1_63e4483e-a253-4c60-844c-e92857bb86f9,has_account
548,USER_V1_f9bbbcc7-1954-4869-9b04-d5ef2ee0b015,PERSON_V1_79763dec-63cf-4350-b8c9-4d31bd3ff01a,has_profile
548,PERSON_V1_79763dec-63cf-4350-b8c9-4d31bd3ff01a,USER_V1_f9bbbcc7-1954-4869-9b04-d5ef2ee0b015,has_account
549,USER_V1_0bf3208b-207d-432b-bb41-9af301234c0c,PERSON_V1_4145ae2d-4415-47b9-85bf-14309334bacc,has_profile
549,PERSON_V1_4145ae2d-4415-47b9-85bf-14309334bacc,USER_V1_0bf3208b-207d-432b-bb41-9af301234c0c,has_account
550,USER_V1_c75ac293-0d2d-4d19-848f-c6492e4e495d,PERSON_V1_27e27f0f-f832-47ed-a655-0b83cceab854,has_profile
550,PERSON_V1_27e27f0f-f832-47ed-a655-0b83cceab854,USER_V1_c75ac293-0d2d-4d19-848f-c6492e4e495d,has_account
551,USER_V1_5d897597-deb4-4940-9990-081758488a76,PERSON_V1_f3de05aa-7daf-47c2-94d5-458f91628cec,has_profile
551,PERSON_V1_f3de05aa-7daf-47c2-94d5-458f91628cec,USER_V1_5d897597-deb4-4940-9990-081758488a76,has_account
552,USER_V1_b67c30f8-12ef-4e0f-914b-586e5a9b513d,PERSON_V1_41fa4267-d87e-4d78-bc67-f6bc4b0ee9f7,has_profile
552,PERSON_V1_41fa4267-d87e-4d78-bc67-f6bc4b0ee9f7,USER_V1_b67c30f8-12ef-4e0f-914b-586e5a9b513d,has_account
553,USER_V1_8d3b8765-92ea-46e9-9901-02051c528820,PERSON_V1_0b8257fa-d01e-41ce-8db6-230f6a6ac14b,has_profile
553,PERSON_V1_0b8257fa-d01e-41ce-8db6-230f6a6ac14b,USER_V1_8d3b8765-92ea-46e9-9901-02051c528820,has_account
554,USER_V1_53cde19c-2b41-4507-ab10-f0f4b6d136a7,PERSON_V1_406870cd-0ebe-424d-8b6d-14a4ea37bf02,has_profile
554,PERSON_V1_406870cd-0ebe-424d-8b6d-14a4ea37bf02,USER_V1_53cde19c-2b41-4507-ab10-f0f4b6d136a7,has_account
555,USER_V1_bf1028f9-f537-426c-9e2f-d3b6ba7cafbd,PERSON_V1_1db228ec-0f7d-4b82-8540-cb004e4c103d,has_profile
555,PERSON_V1_1db228ec-0f7d-4b82-8540-cb004e4c103d,USER_V1_bf1028f9-f537-426c-9e2f-d3b6ba7cafbd,has_account
556,USER_V1_66fa5946-0164-4bc0-85e8-94aa990d0ce9,PERSON_V1_08b7d1fb-1645-47f2-9992-d3cd20fb0f59,has_profile
556,PERSON_V1_08b7d1fb-1645-47f2-9992-d3cd20fb0f59,USER_V1_66fa5946-0164-4bc0-85e8-94aa990d0ce9,has_account
557,USER_V1_8d53b0cb-9097-4cce-b202-3ce52a56bdf0,PERSON_V1_4fc394cb-d8a5-4c34-a23d-3d8a97561d64,has_profile
557,PERSON_V1_4fc394cb-d8a5-4c34-a23d-3d8a97561d64,USER_V1_8d53b0cb-9097-4cce-b202-3ce52a56bdf0,has_account
558,USER_V1_0187552e-4123-4038-859a-07c740f27082,PERSON_V1_d330e6f9-8d64-4b30-8a9c-4a8c9eb54511,has_profile
558,PERSON_V1_d330e6f9-8d64-4b30-8a9c-4a8c9eb54511,USER_V1_0187552e-4123-4038-859a-07c740f27082,has_account
559,USER_V1_d77baf7b-e24e-4b37-95e9-89a15c512ee3,PERSON_V1_088fe8e3-418f-4158-af5c-063b375bff32,has_profile
559,PERSON_V1_088fe8e3-418f-4158-af5c-063b375bff32,USER_V1_d77baf7b-e24e-4b37-95e9-89a15c512ee3,has_account
560,USER_V1_dcab4abb-b13b-4d1f-b888-eea6b6777094,PERSON_V1_9a5c111f-d393-4b85-b54c-615ebc2a78e3,has_profile
560,PERSON_V1_9a5c111f-d393-4b85-b54c-615ebc2a78e3,USER_V1_dcab4abb-b13b-4d1f-b888-eea6b6777094,has_account
561,USER_V1_ebf75c63-6527-434b-9684-62ca9c9aa71d,PERSON_V1_b90c9d06-f19c-4e85-9217-0896d6cdf749,has_profile
561,PERSON_V1_b90c9d06-f19c-4e85-9217-0896d6cdf749,USER_V1_ebf75c63-6527-434b-9684-62ca9c9aa71d,has_account
562,USER_V1_2149d3bf-2297-4964-bb26-ce62f125ae61,PERSON_V1_18371cdd-259a-4020-8750-f073fc6b090e,has_profile
562,PERSON_V1_18371cdd-259a-4020-8750-f073fc6b090e,USER_V1_2149d3bf-2297-4964-bb26-ce62f125ae61,has_account
563,USER_V1_84970cb9-c887-4227-b5cc-76b5f57ad65e,PERSON_V1_b0e65e79-fb34-4da4-bdfd-af0105d7865e,has_profile
563,PERSON_V1_b0e65e79-fb34-4da4-bdfd-af0105d7865e,USER_V1_84970cb9-c887-4227-b5cc-76b5f57ad65e,has_account
564,USER_V1_2e5460ef-1d34-4ddb-9aae-1622352c8133,PERSON_V1_7f349062-0b77-4547-96d9-003f888c52d6,has_profile
564,PERSON_V1_7f349062-0b77-4547-96d9-003f888c52d6,USER_V1_2e5460ef-1d34-4ddb-9aae-1622352c8133,has_account
565,USER_V1_a37f0bfc-2163-48e2-bca3-2d8970124d45,PERSON_V1_7cf89f2c-d785-4efd-97ae-71cc3bb8b5b8,has_profile
565,PERSON_V1_7cf89f2c-d785-4efd-97ae-71cc3bb8b5b8,USER_V1_a37f0bfc-2163-48e2-bca3-2d8970124d45,has_account
566,USER_V1_8321b497-3dc0-489f-821d-44f91f0dc6e2,PERSON_V1_f9b2b3cd-c9d4-4448-bd2f-8bd023769946,has_profile
566,PERSON_V1_f9b2b3cd-c9d4-4448-bd2f-8bd023769946,USER_V1_8321b497-3dc0-489f-821d-44f91f0dc6e2,has_account
567,USER_V1_8f9db5a3-1568-467c-915f-2e80e000d6b1,PERSON_V1_cf297e55-f2f4-4c14-8534-7948543cfbef,has_profile
567,PERSON_V1_cf297e55-f2f4-4c14-8534-7948543cfbef,USER_V1_8f9db5a3-1568-467c-915f-2e80e000d6b1,has_account
568,USER_V1_50707a63-97ac-45dc-9078-6161285b20c7,PERSON_V1_3a4a8407-8382-4991-8eeb-4fe8a61aaaa4,has_profile
568,PERSON_V1_3a4a8407-8382-4991-8eeb-4fe8a61aaaa4,USER_V1_50707a63-97ac-45dc-9078-6161285b20c7,has_account
569,USER_V1_cc8a1ea9-e6f1-4c27-893c-eb630d112a52,PERSON_V1_2ec5bb3b-e975-498a-a1a5-48d1ba7d9a73,has_profile
569,PERSON_V1_2ec5bb3b-e975-498a-a1a5-48d1ba7d9a73,USER_V1_cc8a1ea9-e6f1-4c27-893c-eb630d112a52,has_account
570,USER_V1_bd11d8de-66f3-4afd-976d-1f0c94d5056a,PERSON_V1_98a3e9b0-efec-41f6-8418-deab6ce4173b,has_profile
570,PERSON_V1_98a3e9b0-efec-41f6-8418-deab6ce4173b,USER_V1_bd11d8de-66f3-4afd-976d-1f0c94d5056a,has_account
571,USER_V1_63ce0196-5ffd-4a53-b7b5-e3b1662d91c2,PERSON_V1_a071dafc-a284-43ef-843c-17a530a99781,has_profile
571,PERSON_V1_a071dafc-a284-43ef-843c-17a530a99781,USER_V1_63ce0196-5ffd-4a53-b7b5-e3b1662d91c2,has_account
572,USER_V1_58ea66c3-9b1c-48d1-b4ca-0bd53aa77c2d,PERSON_V1_473476d1-6c0d-4f23-ac0a-c5eec82b7cab,has_profile
572,PERSON_V1_473476d1-6c0d-4f23-ac0a-c5eec82b7cab,USER_V1_58ea66c3-9b1c-48d1-b4ca-0bd53aa77c2d,has_account
573,USER_V1_2a78ef50-912e-4d13-9663-52e0941f8269,PERSON_V1_ebc20a4b-ff92-4581-8736-96828843052d,has_profile
573,PERSON_V1_ebc20a4b-ff92-4581-8736-96828843052d,USER_V1_2a78ef50-912e-4d13-9663-52e0941f8269,has_account
574,USER_V1_44a5b173-1ba1-48ba-9913-31bd69ef641b,PERSON_V1_21ea9963-7c6b-4a20-93b3-f7525a5105d2,has_profile
574,PERSON_V1_21ea9963-7c6b-4a20-93b3-f7525a5105d2,USER_V1_44a5b173-1ba1-48ba-9913-31bd69ef641b,has_account
575,USER_V1_259637dd-d2f8-42b6-b07b-0e497985ec34,PERSON_V1_b8c8ffaf-af43-4b22-8f4a-3ffadd48de05,has_profile
575,PERSON_V1_b8c8ffaf-af43-4b22-8f4a-3ffadd48de05,USER_V1_259637dd-d2f8-42b6-b07b-0e497985ec34,has_account
576,USER_V1_cfc849d5-bb3a-4ded-aa3b-cfc97807e4dd,PERSON_V1_57ff026a-985a-4440-90d2-a4ea838d70f1,has_profile
576,PERSON_V1_57ff026a-985a-4440-90d2-a4ea838d70f1,USER_V1_cfc849d5-bb3a-4ded-aa3b-cfc97807e4dd,has_account
577,USER_V1_7f32a799-914e-463e-9b18-79c36333c7b0,PERSON_V1_50a36f81-5513-4bd0-92fe-b1efbe4ebff7,has_profile
577,PERSON_V1_50a36f81-5513-4bd0-92fe-b1efbe4ebff7,USER_V1_7f32a799-914e-463e-9b18-79c36333c7b0,has_account
578,USER_V1_e9de3541-96a0-49cf-a3dc-bb22bd579a21,PERSON_V1_173b602e-3394-47e9-be56-2eee8197f18e,has_profile
578,PERSON_V1_173b602e-3394-47e9-be56-2eee8197f18e,USER_V1_e9de3541-96a0-49cf-a3dc-bb22bd579a21,has_account
579,USER_V1_023d9d9b-7d28-413f-8ba8-40f6ce44d3b7,PERSON_V1_e66c8b8d-66f8-4ed4-b1f2-a466d4b03edd,has_profile
579,PERSON_V1_e66c8b8d-66f8-4ed4-b1f2-a466d4b03edd,USER_V1_023d9d9b-7d28-413f-8ba8-40f6ce44d3b7,has_account
580,USER_V1_9497354e-02e6-4c4f-80e0-afd74a92faa7,PERSON_V1_ff34e47c-fe6a-4f60-bbad-8e125c5d8703,has_profile
580,PERSON_V1_ff34e47c-fe6a-4f60-bbad-8e125c5d8703,USER_V1_9497354e-02e6-4c4f-80e0-afd74a92faa7,has_account
581,USER_V1_421e5533-94e3-4879-a9e9-07018145c7e3,PERSON_V1_1a46b88f-68b9-45a0-988e-43a7319b1e54,has_profile
581,PERSON_V1_1a46b88f-68b9-45a0-988e-43a7319b1e54,USER_V1_421e5533-94e3-4879-a9e9-07018145c7e3,has_account
582,USER_V1_3b402b8b-e689-42a2-acb2-bb193d296012,PERSON_V1_7e91f42a-1bbd-4404-a149-b65e667d66d9,has_profile
582,PERSON_V1_7e91f42a-1bbd-4404-a149-b65e667d66d9,USER_V1_3b402b8b-e689-42a2-acb2-bb193d296012,has_account
583,USER_V1_515b04e2-b76e-4ad6-9c04-099795474902,PERSON_V1_f49b71bb-44e6-489c-b5f5-9e3a93a865d7,has_profile
583,PERSON_V1_f49b71bb-44e6-489c-b5f5-9e3a93a865d7,USER_V1_515b04e2-b76e-4ad6-9c04-099795474902,has_account
584,USER_V1_40eb50ab-6893-4038-bf18-8653211c93af,PERSON_V1_28e56b45-fcdd-4aae-9826-3f736edf5726,has_profile
584,PERSON_V1_28e56b45-fcdd-4aae-9826-3f736edf5726,USER_V1_40eb50ab-6893-4038-bf18-8653211c93af,has_account
585,USER_V1_1c15f5ab-123b-4430-9b62-e73cf740a092,PERSON_V1_64b2abbf-9975-484d-8808-59c67d9f7d0b,has_profile
585,PERSON_V1_64b2abbf-9975-484d-8808-59c67d9f7d0b,USER_V1_1c15f5ab-123b-4430-9b62-e73cf740a092,has_account
586,USER_V1_cbcc0b67-792f-4c0c-80db-e06dabb70abd,PERSON_V1_78608ecd-5c34-4a28-953e-7070c06215ce,has_profile
586,PERSON_V1_78608ecd-5c34-4a28-953e-7070c06215ce,USER_V1_cbcc0b67-792f-4c0c-80db-e06dabb70abd,has_account
587,USER_V1_fe35e95b-4918-470e-a4cd-5860b57b06ad,PERSON_V1_9ee01388-139d-4660-b000-b684cde529ac,has_profile
587,PERSON_V1_9ee01388-139d-4660-b000-b684cde529ac,USER_V1_fe35e95b-4918-470e-a4cd-5860b57b06ad,has_account
588,USER_V1_b0b5c261-6ff6-495d-a874-bc518a0c3627,PERSON_V1_53aa1e39-4c17-445d-8b96-57360630c837,has_profile
588,PERSON_V1_53aa1e39-4c17-445d-8b96-57360630c837,USER_V1_b0b5c261-6ff6-495d-a874-bc518a0c3627,has_account
589,USER_V1_c361487e-3a82-477b-b17f-991cd99de36f,PERSON_V1_b476e704-d4e8-4a12-a566-7408fa020639,has_profile
589,PERSON_V1_b476e704-d4e8-4a12-a566-7408fa020639,USER_V1_c361487e-3a82-477b-b17f-991cd99de36f,has_account
590,USER_V1_664bb63b-f606-4809-8625-8d8a2f0b3d30,PERSON_V1_dd11ad2c-8eef-416f-ad2c-80a7f771210e,has_profile
590,PERSON_V1_dd11ad2c-8eef-416f-ad2c-80a7f771210e,USER_V1_664bb63b-f606-4809-8625-8d8a2f0b3d30,has_account
591,USER_V1_361570e1-6fa1-46d8-84c3-22d87cce2df3,PERSON_V1_7845be1a-9b6e-43fe-b62e-7b1dfd47e804,has_profile
591,PERSON_V1_7845be1a-9b6e-43fe-b62e-7b1dfd47e804,USER_V1_361570e1-6fa1-46d8-84c3-22d87cce2df3,has_account
592,USER_V1_f36f53e4-2315-4cb1-bec5-a67d7dce9ad3,PERSON_V1_914dad4c-ebf3-4582-9a35-9d3cbb67f506,has_profile
592,PERSON_V1_914dad4c-ebf3-4582-9a35-9d3cbb67f506,USER_V1_f36f53e4-2315-4cb1-bec5-a67d7dce9ad3,has_account
593,USER_V1_e7c00bcb-ff91-401d-9ea7-306a076ca501,PERSON_V1_feb49414-72f5-496a-a356-357863288b14,has_profile
593,PERSON_V1_feb49414-72f5-496a-a356-357863288b14,USER_V1_e7c00bcb-ff91-401d-9ea7-306a076ca501,has_account
594,USER_V1_36692f7c-d98e-4932-b09b-b07a8b1aea8b,PERSON_V1_7394153d-928a-4d24-89e1-b8d243e298a1,has_profile
594,PERSON_V1_7394153d-928a-4d24-89e1-b8d243e298a1,USER_V1_36692f7c-d98e-4932-b09b-b07a8b1aea8b,has_account
595,USER_V1_4d7733b2-7795-4709-940e-bf0ac6277fe2,PERSON_V1_a99c5c97-d982-40b2-8799-9bc157b648fa,has_profile
595,PERSON_V1_a99c5c97-d982-40b2-8799-9bc157b648fa,USER_V1_4d7733b2-7795-4709-940e-bf0ac6277fe2,has_account
596,USER_V1_5f2992a4-fed4-42a1-bd35-6ad75596f532,PERSON_V1_51e620a1-2d64-4999-b864-3fb5c418fe4e,has_profile
596,PERSON_V1_51e620a1-2d64-4999-b864-3fb5c418fe4e,USER_V1_5f2992a4-fed4-42a1-bd35-6ad75596f532,has_account
597,USER_V1_61f32206-4001-41da-a50a-ec13afc84402,PERSON_V1_095ff627-a939-4ee6-b8c9-54853069aa2c,has_profile
597,PERSON_V1_095ff627-a939-4ee6-b8c9-54853069aa2c,USER_V1_61f32206-4001-41da-a50a-ec13afc84402,has_account
598,USER_V1_375a1e1d-8340-4a68-a9b8-3f52a6459f3e,PERSON_V1_31da20e1-bb1c-4f5e-a4ff-892e8d95f0a1,has_profile
598,PERSON_V1_31da20e1-bb1c-4f5e-a4ff-892e8d95f0a1,USER_V1_375a1e1d-8340-4a68-a9b8-3f52a6459f3e,has_account
599,USER_V1_247b00f8-8203-4365-9ec4-80cbd1163b87,PERSON_V1_4a35dca7-4a55-4124-82de-e5bd49b38a6f,has_profile
599,PERSON_V1_4a35dca7-4a55-4124-82de-e5bd49b38a6f,USER_V1_247b00f8-8203-4365-9ec4-80cbd1163b87,has_account
600,USER_V1_e6735851-a481-4b75-83bf-c98eda8ea0d7,PERSON_V1_fea6a4b5-7a1e-4e1d-9527-929c8447afb1,has_profile
600,PERSON_V1_fea6a4b5-7a1e-4e1d-9527-929c8447afb1,USER_V1_e6735851-a481-4b75-83bf-c98eda8ea0d7,has_account
601,USER_V1_a97ec8bf-84d7-43e3-8478-487a382f7593,PERSON_V1_961961c9-b9b6-44a9-a559-92123cce5e9c,has_profile
601,PERSON_V1_961961c9-b9b6-44a9-a559-92123cce5e9c,USER_V1_a97ec8bf-84d7-43e3-8478-487a382f7593,has_account
602,USER_V1_732e409e-fdb3-47fe-b7d2-a30640df6e59,PERSON_V1_ed33607c-cec2-427a-825a-7f2ba707c8df,has_profile
602,PERSON_V1_ed33607c-cec2-427a-825a-7f2ba707c8df,USER_V1_732e409e-fdb3-47fe-b7d2-a30640df6e59,has_account
603,USER_V1_329f99ff-566f-41be-bbfc-f1f162fe1c6e,PERSON_V1_5be43b27-e5d8-4156-af70-1cd11ec4c815,has_profile
603,PERSON_V1_5be43b27-e5d8-4156-af70-1cd11ec4c815,USER_V1_329f99ff-566f-41be-bbfc-f1f162fe1c6e,has_account
604,USER_V1_50815fc3-f2ee-4823-a3a8-4ed80017d0a1,PERSON_V1_017afb9a-f12e-4b75-a294-6243c08320df,has_profile
604,PERSON_V1_017afb9a-f12e-4b75-a294-6243c08320df,USER_V1_50815fc3-f2ee-4823-a3a8-4ed80017d0a1,has_account
605,USER_V1_b0cc5f3a-652e-47f5-a3b0-563ecf79cc2d,PERSON_V1_151e0667-d25e-41ec-8d64-fa6f16f76828,has_profile
605,PERSON_V1_151e0667-d25e-41ec-8d64-fa6f16f76828,USER_V1_b0cc5f3a-652e-47f5-a3b0-563ecf79cc2d,has_account
606,USER_V1_0b64518f-08d5-464a-ace8-d8a862497023,PERSON_V1_845ae11b-4322-4737-a0a7-cf3c99dd1bcf,has_profile
606,PERSON_V1_845ae11b-4322-4737-a0a7-cf3c99dd1bcf,USER_V1_0b64518f-08d5-464a-ace8-d8a862497023,has_account
607,USER_V1_dc783c0c-f90d-4dd7-9680-816212083d69,PERSON_V1_0b27c474-1967-4229-a79d-559c254aeabb,has_profile
607,PERSON_V1_0b27c474-1967-4229-a79d-559c254aeabb,USER_V1_dc783c0c-f90d-4dd7-9680-816212083d69,has_account
608,USER_V1_17fd173f-bb63-43cf-aa51-4be6e6727792,PERSON_V1_7ba3be6c-9fb6-4998-9ee0-ae5affc0e00c,has_profile
608,PERSON_V1_7ba3be6c-9fb6-4998-9ee0-ae5affc0e00c,USER_V1_17fd173f-bb63-43cf-aa51-4be6e6727792,has_account
609,USER_V1_330b0217-ff46-4410-bbbd-9d833b11ea3c,PERSON_V1_2273d0fc-02ea-4a5e-95fd-576d14e6216c,has_profile
609,PERSON_V1_2273d0fc-02ea-4a5e-95fd-576d14e6216c,USER_V1_330b0217-ff46-4410-bbbd-9d833b11ea3c,has_account
610,USER_V1_8d6b5205-d1cc-4c98-a0d7-1be02e5bb03d,PERSON_V1_b814bd4c-488d-41fd-9be1-9d242b7e2056,has_profile
610,PERSON_V1_b814bd4c-488d-41fd-9be1-9d242b7e2056,USER_V1_8d6b5205-d1cc-4c98-a0d7-1be02e5bb03d,has_account
611,USER_V1_9019efab-c1e3-4ec8-b74c-1b7a38a9297a,PERSON_V1_e6b841e1-ddd9-43f0-a2ff-185b14dca59d,has_profile
611,PERSON_V1_e6b841e1-ddd9-43f0-a2ff-185b14dca59d,USER_V1_9019efab-c1e3-4ec8-b74c-1b7a38a9297a,has_account
612,USER_V1_f5d20903-a6c6-41ed-a905-c15ee07504f2,PERSON_V1_bd8aac4d-e8d4-47e0-84fa-5d9e3cc04b4a,has_profile
612,PERSON_V1_bd8aac4d-e8d4-47e0-84fa-5d9e3cc04b4a,USER_V1_f5d20903-a6c6-41ed-a905-c15ee07504f2,has_account
613,USER_V1_4f3ca822-74df-46f5-b3e0-b7ab9a3fcffd,PERSON_V1_3650a020-a5d1-4210-9032-a13bba2ecd4d,has_profile
613,PERSON_V1_3650a020-a5d1-4210-9032-a13bba2ecd4d,USER_V1_4f3ca822-74df-46f5-b3e0-b7ab9a3fcffd,has_account
614,USER_V1_6346b3fb-a195-4d51-9568-29177b6ed1d0,PERSON_V1_6aa7876c-81d9-4347-a590-5a3b7b3755e6,has_profile
614,PERSON_V1_6aa7876c-81d9-4347-a590-5a3b7b3755e6,USER_V1_6346b3fb-a195-4d51-9568-29177b6ed1d0,has_account
615,USER_V1_96cb8cb9-278e-4f00-8564-15aa2e5321b8,PERSON_V1_f2330b6a-e73c-40d6-9751-e8be53c7a71f,has_profile
615,PERSON_V1_f2330b6a-e73c-40d6-9751-e8be53c7a71f,USER_V1_96cb8cb9-278e-4f00-8564-15aa2e5321b8,has_account
616,USER_V1_52f874fd-ce42-4adb-a997-d3c6352ee711,PERSON_V1_29a0bff6-64d5-4c3d-a346-80cb33cd2da3,has_profile
616,PERSON_V1_29a0bff6-64d5-4c3d-a346-80cb33cd2da3,USER_V1_52f874fd-ce42-4adb-a997-d3c6352ee711,has_account
617,USER_V1_c8353167-4a19-4001-917f-29652330f6c0,PERSON_V1_442d8ec5-5303-4998-a1af-6f8c628e016d,has_profile
617,PERSON_V1_442d8ec5-5303-4998-a1af-6f8c628e016d,USER_V1_c8353167-4a19-4001-917f-29652330f6c0,has_account
618,USER_V1_35854859-f330-4e33-8755-ef7fc318d998,PERSON_V1_7bebdf3d-4e0e-4932-ab10-1a32a6e806c2,has_profile
618,PERSON_V1_7bebdf3d-4e0e-4932-ab10-1a32a6e806c2,USER_V1_35854859-f330-4e33-8755-ef7fc318d998,has_account
619,USER_V1_a0982941-7da3-4bfd-aad4-e428b22b4266,PERSON_V1_01439e7e-cde5-4350-a0d1-907b0e1b2b6d,has_profile
619,PERSON_V1_01439e7e-cde5-4350-a0d1-907b0e1b2b6d,USER_V1_a0982941-7da3-4bfd-aad4-e428b22b4266,has_account
620,USER_V1_82faff51-326d-4297-96a0-b701d2e06343,PERSON_V1_e267ea05-3325-4802-b67c-323744b1611b,has_profile
620,PERSON_V1_e267ea05-3325-4802-b67c-323744b1611b,USER_V1_82faff51-326d-4297-96a0-b701d2e06343,has_account
621,USER_V1_acaa63f2-7a09-431e-b151-ecf9553061c6,PERSON_V1_f6f7adcc-66c1-4bb3-9fbf-631e6b3170cc,has_profile
621,PERSON_V1_f6f7adcc-66c1-4bb3-9fbf-631e6b3170cc,USER_V1_acaa63f2-7a09-431e-b151-ecf9553061c6,has_account
622,USER_V1_60aa7e56-1df3-410f-94d7-54be6c838fb7,PERSON_V1_a4c6c468-36f7-4f27-a6d0-c5305bdb463d,has_profile
622,PERSON_V1_a4c6c468-36f7-4f27-a6d0-c5305bdb463d,USER_V1_60aa7e56-1df3-410f-94d7-54be6c838fb7,has_account
623,USER_V1_515335b7-2754-4082-8b3d-686a81ba7b5a,PERSON_V1_550f5512-b748-4180-a2a3-5ba3a588bba6,has_profile
623,PERSON_V1_550f5512-b748-4180-a2a3-5ba3a588bba6,USER_V1_515335b7-2754-4082-8b3d-686a81ba7b5a,has_account
624,USER_V1_1f128eaf-4e3e-4a6a-8d5e-516781f2abce,PERSON_V1_d045f84f-4bfe-4c3f-8324-e54585098f3f,has_profile
624,PERSON_V1_d045f84f-4bfe-4c3f-8324-e54585098f3f,USER_V1_1f128eaf-4e3e-4a6a-8d5e-516781f2abce,has_account
625,USER_V1_6123ce4f-7898-4643-8a6b-d2ed1df096bf,PERSON_V1_2dfa8fb2-204e-4b77-b2c5-ce7c0bdb331b,has_profile
625,PERSON_V1_2dfa8fb2-204e-4b77-b2c5-ce7c0bdb331b,USER_V1_6123ce4f-7898-4643-8a6b-d2ed1df096bf,has_account
626,USER_V1_c76b4a68-6215-4c08-a078-9cac4548688a,PERSON_V1_fa21b369-503f-43db-91ef-d71fde5c949e,has_profile
626,PERSON_V1_fa21b369-503f-43db-91ef-d71fde5c949e,USER_V1_c76b4a68-6215-4c08-a078-9cac4548688a,has_account
627,USER_V1_824fc9fe-722c-4116-beff-3e3e406a9584,PERSON_V1_1bfc2d82-a90d-47f2-85a4-b1b1031b4bb9,has_profile
627,PERSON_V1_1bfc2d82-a90d-47f2-85a4-b1b1031b4bb9,USER_V1_824fc9fe-722c-4116-beff-3e3e406a9584,has_account
628,USER_V1_d29d10de-4b33-4945-b8df-35a14205e8b9,PERSON_V1_89c75b91-7822-4bad-af6b-ac6cebe0f17b,has_profile
628,PERSON_V1_89c75b91-7822-4bad-af6b-ac6cebe0f17b,USER_V1_d29d10de-4b33-4945-b8df-35a14205e8b9,has_account
629,USER_V1_dd3290db-4be2-488b-b6bb-f7d39ce3258c,PERSON_V1_24311eaa-c784-4702-a5d6-3e920181042c,has_profile
629,PERSON_V1_24311eaa-c784-4702-a5d6-3e920181042c,USER_V1_dd3290db-4be2-488b-b6bb-f7d39ce3258c,has_account
630,USER_V1_ae45cddf-80b4-455a-82f7-661dd66ffea2,PERSON_V1_14292b64-3ace-4203-b415-6b396a6903f1,has_profile
630,PERSON_V1_14292b64-3ace-4203-b415-6b396a6903f1,USER_V1_ae45cddf-80b4-455a-82f7-661dd66ffea2,has_account
631,USER_V1_831e31e8-2d73-467f-a60e-7aba0c604fff,PERSON_V1_5786c75c-dec8-49c0-94ab-aa9e753cdf92,has_profile
631,PERSON_V1_5786c75c-dec8-49c0-94ab-aa9e753cdf92,USER_V1_831e31e8-2d73-467f-a60e-7aba0c604fff,has_account
632,USER_V1_4ec1a62c-d698-4bec-8276-a0700c40e77c,PERSON_V1_b3aa513d-2235-4916-a0da-710296772069,has_profile
632,PERSON_V1_b3aa513d-2235-4916-a0da-710296772069,USER_V1_4ec1a62c-d698-4bec-8276-a0700c40e77c,has_account
633,USER_V1_0947d061-0e66-44ce-a966-394f978f29ae,PERSON_V1_795a6ea8-c327-4632-8975-ddfa57f679d6,has_profile
633,PERSON_V1_795a6ea8-c327-4632-8975-ddfa57f679d6,USER_V1_0947d061-0e66-44ce-a966-394f978f29ae,has_account
634,USER_V1_2cd0f4dd-97db-47a0-b594-c011ac9ad3bf,PERSON_V1_93113d7c-55f6-4c58-b8eb-0e969e6cdbfc,has_profile
634,PERSON_V1_93113d7c-55f6-4c58-b8eb-0e969e6cdbfc,USER_V1_2cd0f4dd-97db-47a0-b594-c011ac9ad3bf,has_account
635,USER_V1_dc1bc201-f11f-4b51-945f-b32fefec19e4,PERSON_V1_1f006df1-de4a-49db-ac39-12fb1082def3,has_profile
635,PERSON_V1_1f006df1-de4a-49db-ac39-12fb1082def3,USER_V1_dc1bc201-f11f-4b51-945f-b32fefec19e4,has_account
636,USER_V1_13cbe82a-d131-44e1-bb3f-bc478298ae33,PERSON_V1_9763b020-809c-4827-a958-f3414522aa0b,has_profile
636,PERSON_V1_9763b020-809c-4827-a958-f3414522aa0b,USER_V1_13cbe82a-d131-44e1-bb3f-bc478298ae33,has_account
637,USER_V1_b71f0435-9577-4e88-8c38-b8fcf9a47036,PERSON_V1_a84d20bc-0e00-420a-9146-176845981892,has_profile
637,PERSON_V1_a84d20bc-0e00-420a-9146-176845981892,USER_V1_b71f0435-9577-4e88-8c38-b8fcf9a47036,has_account
638,USER_V1_e98de56a-eabe-4ad7-b635-88bc23c1a7e1,PERSON_V1_3cf2892e-3ccc-438c-ade3-ce52fdd7c50e,has_profile
638,PERSON_V1_3cf2892e-3ccc-438c-ade3-ce52fdd7c50e,USER_V1_e98de56a-eabe-4ad7-b635-88bc23c1a7e1,has_account
639,USER_V1_c7e93af5-5862-4f7d-917a-557bc8f0e391,PERSON_V1_5365f965-2b06-47b3-b613-6a592cffcbbd,has_profile
639,PERSON_V1_5365f965-2b06-47b3-b613-6a592cffcbbd,USER_V1_c7e93af5-5862-4f7d-917a-557bc8f0e391,has_account
640,USER_V1_d4d84a5b-5cb4-4bea-84e3-3ee21eddb037,PERSON_V1_f2feb123-5691-42dd-afbf-09382f62a11a,has_profile
640,PERSON_V1_f2feb123-5691-42dd-afbf-09382f62a11a,USER_V1_d4d84a5b-5cb4-4bea-84e3-3ee21eddb037,has_account
641,USER_V1_fb08392a-3c4f-445d-8b5c-40a4b4832ed9,PERSON_V1_0a85600c-c9b6-4bbe-9cb6-9e8bece08c06,has_profile
641,PERSON_V1_0a85600c-c9b6-4bbe-9cb6-9e8bece08c06,USER_V1_fb08392a-3c4f-445d-8b5c-40a4b4832ed9,has_account
642,USER_V1_0b4a354b-ed3f-4883-aa0d-b5c8c824be88,PERSON_V1_3dcf3326-39e4-4f06-82fd-93838c68fa7b,has_profile
642,PERSON_V1_3dcf3326-39e4-4f06-82fd-93838c68fa7b,USER_V1_0b4a354b-ed3f-4883-aa0d-b5c8c824be88,has_account
643,USER_V1_fffd696b-27a8-4b16-ab17-9717ae5c1ff8,PERSON_V1_7ecf88b0-908d-4bb1-aaaa-f9e8685489ed,has_profile
643,PERSON_V1_7ecf88b0-908d-4bb1-aaaa-f9e8685489ed,USER_V1_fffd696b-27a8-4b16-ab17-9717ae5c1ff8,has_account
644,USER_V1_935614d9-a581-4355-b49c-c6c50dad1cce,PERSON_V1_e5f478ad-a3bc-4d90-8127-0f9adfbd2cfd,has_profile
644,PERSON_V1_e5f478ad-a3bc-4d90-8127-0f9adfbd2cfd,USER_V1_935614d9-a581-4355-b49c-c6c50dad1cce,has_account
645,USER_V1_01482911-2681-48e2-9844-8dea08d7c4b6,PERSON_V1_69837c16-3a91-4410-a66f-ba6f97a2524a,has_profile
645,PERSON_V1_69837c16-3a91-4410-a66f-ba6f97a2524a,USER_V1_01482911-2681-48e2-9844-8dea08d7c4b6,has_account
646,USER_V1_fbdaa474-af5e-42d1-ab71-8fca22629f92,PERSON_V1_a4a806d6-d781-412e-a005-cb8ed95594a6,has_profile
646,PERSON_V1_a4a806d6-d781-412e-a005-cb8ed95594a6,USER_V1_fbdaa474-af5e-42d1-ab71-8fca22629f92,has_account
647,USER_V1_3a1cd023-b72a-4837-a58a-2f79b315fb21,PERSON_V1_1b19aea9-a193-47c7-b72c-08e3f7ad4b80,has_profile
647,PERSON_V1_1b19aea9-a193-47c7-b72c-08e3f7ad4b80,USER_V1_3a1cd023-b72a-4837-a58a-2f79b315fb21,has_account
648,USER_V1_b6ef9217-67f9-4ce4-a232-98e002165068,PERSON_V1_df165ec7-9425-4ce0-8996-f5b5d4ab6e5b,has_profile
648,PERSON_V1_df165ec7-9425-4ce0-8996-f5b5d4ab6e5b,USER_V1_b6ef9217-67f9-4ce4-a232-98e002165068,has_account
649,USER_V1_54ed8ad5-03f1-42e5-b08b-ba595737f0f2,PERSON_V1_d875de43-f2e4-4111-a973-71a97542bf7f,has_profile
649,PERSON_V1_d875de43-f2e4-4111-a973-71a97542bf7f,USER_V1_54ed8ad5-03f1-42e5-b08b-ba595737f0f2,has_account
650,USER_V1_9a89679c-880c-48e6-995b-d4da949832d3,PERSON_V1_64ab80e4-fe00-45c2-b734-ec2d96a8da01,has_profile
650,PERSON_V1_64ab80e4-fe00-45c2-b734-ec2d96a8da01,USER_V1_9a89679c-880c-48e6-995b-d4da949832d3,has_account
651,USER_V1_94aeb42e-aa69-4927-ba88-af4b105e2b41,PERSON_V1_012e2428-68a2-4656-927a-afa0989a44ce,has_profile
651,PERSON_V1_012e2428-68a2-4656-927a-afa0989a44ce,USER_V1_94aeb42e-aa69-4927-ba88-af4b105e2b41,has_account
652,USER_V1_5e8ad214-98f5-4ff6-a833-6ff5f92d8514,PERSON_V1_4ad89b17-9a0d-44f2-b020-a7e754c8d494,has_profile
652,PERSON_V1_4ad89b17-9a0d-44f2-b020-a7e754c8d494,USER_V1_5e8ad214-98f5-4ff6-a833-6ff5f92d8514,has_account
653,USER_V1_ecea9fe5-8b2c-4a42-bb09-000fb44c3fc1,PERSON_V1_803a2686-86d1-403a-b347-89d331c93426,has_profile
653,PERSON_V1_803a2686-86d1-403a-b347-89d331c93426,USER_V1_ecea9fe5-8b2c-4a42-bb09-000fb44c3fc1,has_account
654,USER_V1_863fd211-9bf9-4c9a-9f60-d5c33b0962ed,PERSON_V1_54a29d79-1eb8-4359-b829-b4811086b177,has_profile
654,PERSON_V1_54a29d79-1eb8-4359-b829-b4811086b177,USER_V1_863fd211-9bf9-4c9a-9f60-d5c33b0962ed,has_account
655,USER_V1_a310eba6-cf1b-4261-94e1-f03a34668a0d,PERSON_V1_9d1712bb-26c0-49ac-8bf9-ac9d35118ce3,has_profile
655,PERSON_V1_9d1712bb-26c0-49ac-8bf9-ac9d35118ce3,USER_V1_a310eba6-cf1b-4261-94e1-f03a34668a0d,has_account
656,USER_V1_fa49b770-3a1a-412f-aae8-ef59abee595d,PERSON_V1_04b85034-6eb4-4390-bb0c-733005c849ba,has_profile
656,PERSON_V1_04b85034-6eb4-4390-bb0c-733005c849ba,USER_V1_fa49b770-3a1a-412f-aae8-ef59abee595d,has_account
657,USER_V1_ab82b63c-70ae-4d82-bcdd-d6c5d7ae9eb5,PERSON_V1_bbb11a87-746b-4f8a-8754-d071145eb628,has_profile
657,PERSON_V1_bbb11a87-746b-4f8a-8754-d071145eb628,USER_V1_ab82b63c-70ae-4d82-bcdd-d6c5d7ae9eb5,has_account
658,USER_V1_393d12f5-be77-47db-ad31-c4a9d61c096e,PERSON_V1_eb3ace72-3644-4bc1-a43f-869e44557473,has_profile
658,PERSON_V1_eb3ace72-3644-4bc1-a43f-869e44557473,USER_V1_393d12f5-be77-47db-ad31-c4a9d61c096e,has_account
659,USER_V1_524feb05-b17f-41a4-89af-6a52e4b9bef3,PERSON_V1_f9d4d1da-bcc2-4cdf-bca9-d1f11904c6c8,has_profile
659,PERSON_V1_f9d4d1da-bcc2-4cdf-bca9-d1f11904c6c8,USER_V1_524feb05-b17f-41a4-89af-6a52e4b9bef3,has_account
660,USER_V1_a39285f1-670e-4bc8-bdda-db3fc0ee0de1,PERSON_V1_63b53b99-0a52-4d25-9c5b-7a46d9ce42e1,has_profile
660,PERSON_V1_63b53b99-0a52-4d25-9c5b-7a46d9ce42e1,USER_V1_a39285f1-670e-4bc8-bdda-db3fc0ee0de1,has_account
661,USER_V1_5dfb8f4e-56f9-4958-81a2-2a9ba2fc5feb,PERSON_V1_dbb5b738-d5e1-461e-94a2-c0da3a227c74,has_profile
661,PERSON_V1_dbb5b738-d5e1-461e-94a2-c0da3a227c74,USER_V1_5dfb8f4e-56f9-4958-81a2-2a9ba2fc5feb,has_account
662,USER_V1_9e5477bf-708e-41dc-954d-847dc9219bbf,PERSON_V1_16cfa12d-4fa1-425a-8762-55c854284d84,has_profile
662,PERSON_V1_16cfa12d-4fa1-425a-8762-55c854284d84,USER_V1_9e5477bf-708e-41dc-954d-847dc9219bbf,has_account
663,USER_V1_6f3aab50-2772-4ac8-a0b7-7df9f775cbb3,PERSON_V1_e564d128-1425-4e76-9ac3-4b90bb1c66fe,has_profile
663,PERSON_V1_e564d128-1425-4e76-9ac3-4b90bb1c66fe,USER_V1_6f3aab50-2772-4ac8-a0b7-7df9f775cbb3,has_account
664,USER_V1_9c652dab-d311-43ff-922f-78b2402d5a92,PERSON_V1_d7aaa08f-f577-4127-bfd3-ed35fb257a3a,has_profile
664,PERSON_V1_d7aaa08f-f577-4127-bfd3-ed35fb257a3a,USER_V1_9c652dab-d311-43ff-922f-78b2402d5a92,has_account
665,USER_V1_136c1e6f-364c-407a-b0b3-9f590ff4b0f5,PERSON_V1_d3e4ebef-b6a2-4fbf-9018-822475160e97,has_profile
665,PERSON_V1_d3e4ebef-b6a2-4fbf-9018-822475160e97,USER_V1_136c1e6f-364c-407a-b0b3-9f590ff4b0f5,has_account
666,USER_V1_22f5035c-b146-4213-993f-b7fcc078a978,PERSON_V1_e02f9504-59fe-41de-9df5-7aea1a8ba102,has_profile
666,PERSON_V1_e02f9504-59fe-41de-9df5-7aea1a8ba102,USER_V1_22f5035c-b146-4213-993f-b7fcc078a978,has_account
667,USER_V1_254e0540-61ff-4638-9a53-a0bc48b7f197,PERSON_V1_8299f036-9060-40d3-9149-b07a37c4786a,has_profile
667,PERSON_V1_8299f036-9060-40d3-9149-b07a37c4786a,USER_V1_254e0540-61ff-4638-9a53-a0bc48b7f197,has_account
668,USER_V1_bd7d1cc1-96c7-4a28-ae77-e9baecaca15a,PERSON_V1_99753fbf-fe57-4bb3-95f1-953dfea10e7b,has_profile
668,PERSON_V1_99753fbf-fe57-4bb3-95f1-953dfea10e7b,USER_V1_bd7d1cc1-96c7-4a28-ae77-e9baecaca15a,has_account
669,USER_V1_1dee2c95-2467-45ac-9fbf-8e5a442f2ac6,PERSON_V1_05b0486f-db57-4d93-acb3-752ab21252ce,has_profile
669,PERSON_V1_05b0486f-db57-4d93-acb3-752ab21252ce,USER_V1_1dee2c95-2467-45ac-9fbf-8e5a442f2ac6,has_account
670,USER_V1_760ff0cf-344d-406a-b6f0-7d5628763277,PERSON_V1_4b8b1018-e20f-472c-b9db-46b1e00d623a,has_profile
670,PERSON_V1_4b8b1018-e20f-472c-b9db-46b1e00d623a,USER_V1_760ff0cf-344d-406a-b6f0-7d5628763277,has_account
671,USER_V1_2f0542f3-1f7b-407f-8aa2-73c3f4bb8653,PERSON_V1_8f150f54-5b16-4c61-a52b-5958e0e40b31,has_profile
671,PERSON_V1_8f150f54-5b16-4c61-a52b-5958e0e40b31,USER_V1_2f0542f3-1f7b-407f-8aa2-73c3f4bb8653,has_account
672,USER_V1_9443eaa1-4655-4221-96ba-420e01db8947,PERSON_V1_6157d182-0175-4320-9983-a57e2cd1a5f4,has_profile
672,PERSON_V1_6157d182-0175-4320-9983-a57e2cd1a5f4,USER_V1_9443eaa1-4655-4221-96ba-420e01db8947,has_account
673,USER_V1_0a7f09c5-d277-420c-8d91-46b55f2da453,PERSON_V1_b898409b-5edf-4b60-aa00-1d95b992ae21,has_profile
673,PERSON_V1_b898409b-5edf-4b60-aa00-1d95b992ae21,USER_V1_0a7f09c5-d277-420c-8d91-46b55f2da453,has_account
674,USER_V1_1f821502-4372-4afc-a7c8-027dd4b77c5c,PERSON_V1_9fbd50b6-e26e-43bb-891d-a59185b09cae,has_profile
674,PERSON_V1_9fbd50b6-e26e-43bb-891d-a59185b09cae,USER_V1_1f821502-4372-4afc-a7c8-027dd4b77c5c,has_account
675,USER_V1_782d2be5-e3a2-41d2-a9b8-07dd67376ccb,PERSON_V1_fbc70003-23b2-4f3c-85d3-5b803413a368,has_profile
675,PERSON_V1_fbc70003-23b2-4f3c-85d3-5b803413a368,USER_V1_782d2be5-e3a2-41d2-a9b8-07dd67376ccb,has_account
676,USER_V1_791310b5-8886-4097-aab8-d4fa068fbe44,PERSON_V1_ada446cf-65e1-4139-a26b-cf3fec773142,has_profile
676,PERSON_V1_ada446cf-65e1-4139-a26b-cf3fec773142,USER_V1_791310b5-8886-4097-aab8-d4fa068fbe44,has_account
677,USER_V1_1cffad45-3638-4c6f-a512-6a0885782de3,PERSON_V1_a3cc5290-4d6c-45c5-b9a5-f10b921eda29,has_profile
677,PERSON_V1_a3cc5290-4d6c-45c5-b9a5-f10b921eda29,USER_V1_1cffad45-3638-4c6f-a512-6a0885782de3,has_account
678,USER_V1_251d179b-4de2-417b-b1c8-9306dd048a77,PERSON_V1_5456635d-b1a6-4ec0-99e7-2617c2fa35a7,has_profile
678,PERSON_V1_5456635d-b1a6-4ec0-99e7-2617c2fa35a7,USER_V1_251d179b-4de2-417b-b1c8-9306dd048a77,has_account
679,USER_V1_c058a4a3-bf3c-43c1-ada6-a0e06cd93e9f,PERSON_V1_c711d972-259b-4ad5-b766-8867305f18f7,has_profile
679,PERSON_V1_c711d972-259b-4ad5-b766-8867305f18f7,USER_V1_c058a4a3-bf3c-43c1-ada6-a0e06cd93e9f,has_account
680,USER_V1_04133b52-c598-4356-86f5-41572870c153,PERSON_V1_db9d8965-012d-4b5b-b840-1c84fd9292d7,has_profile
680,PERSON_V1_db9d8965-012d-4b5b-b840-1c84fd9292d7,USER_V1_04133b52-c598-4356-86f5-41572870c153,has_account
681,USER_V1_930027ac-dbe2-4164-96cc-36c19d6eef72,PERSON_V1_60add1d0-8976-4346-8466-32548b184b8b,has_profile
681,PERSON_V1_60add1d0-8976-4346-8466-32548b184b8b,USER_V1_930027ac-dbe2-4164-96cc-36c19d6eef72,has_account
682,USER_V1_c99694c1-9598-4797-a0d1-3cf862515429,PERSON_V1_78bef7e9-6749-48bb-98e0-a18f3ae1af6d,has_profile
682,PERSON_V1_78bef7e9-6749-48bb-98e0-a18f3ae1af6d,USER_V1_c99694c1-9598-4797-a0d1-3cf862515429,has_account
683,USER_V1_5ff6c983-a0c4-4999-8286-00c311db77cf,PERSON_V1_ea78276d-524d-45b5-af07-44854762fcb1,has_profile
683,PERSON_V1_ea78276d-524d-45b5-af07-44854762fcb1,USER_V1_5ff6c983-a0c4-4999-8286-00c311db77cf,has_account
684,USER_V1_bab895c0-f1df-4eb9-a8dd-85cbc60999cd,PERSON_V1_4bee3b11-3108-439e-b0f3-fd8dad464b7d,has_profile
684,PERSON_V1_4bee3b11-3108-439e-b0f3-fd8dad464b7d,USER_V1_bab895c0-f1df-4eb9-a8dd-85cbc60999cd,has_account
685,USER_V1_2d3f7204-d312-44b6-a1ce-8803a5f2f895,PERSON_V1_b9593fdd-c597-4aad-8ca6-84f965efd578,has_profile
685,PERSON_V1_b9593fdd-c597-4aad-8ca6-84f965efd578,USER_V1_2d3f7204-d312-44b6-a1ce-8803a5f2f895,has_account
686,USER_V1_bc75906a-640a-4338-a911-fc4bed817d99,PERSON_V1_cc6e976d-6928-4df8-b251-0a8fe06cff18,has_profile
686,PERSON_V1_cc6e976d-6928-4df8-b251-0a8fe06cff18,USER_V1_bc75906a-640a-4338-a911-fc4bed817d99,has_account
687,USER_V1_729ca2da-64b7-4d57-9432-aed33b762293,PERSON_V1_b317633d-a04c-4222-b527-51ef84e5a74c,has_profile
687,PERSON_V1_b317633d-a04c-4222-b527-51ef84e5a74c,USER_V1_729ca2da-64b7-4d57-9432-aed33b762293,has_account
688,USER_V1_a7d91f76-4817-4a9f-875b-71a40e7764f4,PERSON_V1_31306ecc-73c7-4e28-a27e-7df5bc4e8675,has_profile
688,PERSON_V1_31306ecc-73c7-4e28-a27e-7df5bc4e8675,USER_V1_a7d91f76-4817-4a9f-875b-71a40e7764f4,has_account
689,USER_V1_ff383d99-8196-4e57-85d3-5f6f18e88e51,PERSON_V1_568630bb-0bf2-429e-b697-4b1479f1b957,has_profile
689,PERSON_V1_568630bb-0bf2-429e-b697-4b1479f1b957,USER_V1_ff383d99-8196-4e57-85d3-5f6f18e88e51,has_account
690,USER_V1_d3bee9e6-ff6a-43f2-a252-d52360d71359,PERSON_V1_4d8354c6-886d-4363-b2ee-db05c4d0290b,has_profile
690,PERSON_V1_4d8354c6-886d-4363-b2ee-db05c4d0290b,USER_V1_d3bee9e6-ff6a-43f2-a252-d52360d71359,has_account
691,USER_V1_a932871a-6139-4b7b-9996-e8d82e8fa9dd,PERSON_V1_4ecee23c-3dd7-4e8e-a9fc-ca70794df2be,has_profile
691,PERSON_V1_4ecee23c-3dd7-4e8e-a9fc-ca70794df2be,USER_V1_a932871a-6139-4b7b-9996-e8d82e8fa9dd,has_account
692,USER_V1_155f8a34-b92f-4ad1-bc9a-bb02cdb25898,PERSON_V1_9fbdfa90-a192-4625-b0ad-d7a10b5ae779,has_profile
692,PERSON_V1_9fbdfa90-a192-4625-b0ad-d7a10b5ae779,USER_V1_155f8a34-b92f-4ad1-bc9a-bb02cdb25898,has_account
693,USER_V1_1ddc2aa9-67e7-416b-b43a-fc262bb0c395,PERSON_V1_1f4cb07c-bd2d-4901-aff1-11e33cf3011e,has_profile
693,PERSON_V1_1f4cb07c-bd2d-4901-aff1-11e33cf3011e,USER_V1_1ddc2aa9-67e7-416b-b43a-fc262bb0c395,has_account
694,USER_V1_22427a59-307b-4a86-9b16-432a30b81b72,PERSON_V1_45cd7439-d6b0-49b0-80be-334d4eede795,has_profile
694,PERSON_V1_45cd7439-d6b0-49b0-80be-334d4eede795,USER_V1_22427a59-307b-4a86-9b16-432a30b81b72,has_account
695,USER_V1_30261358-385d-4c60-b53f-642d44694a7d,PERSON_V1_74d49601-ed55-4456-be4f-cbd5e6c42f2b,has_profile
695,PERSON_V1_74d49601-ed55-4456-be4f-cbd5e6c42f2b,USER_V1_30261358-385d-4c60-b53f-642d44694a7d,has_account
696,USER_V1_d276a568-8d99-4f4e-97e5-d3ba16e0f4fa,PERSON_V1_97ba1e2c-dff5-41f1-af66-bc2543b46b2e,has_profile
696,PERSON_V1_97ba1e2c-dff5-41f1-af66-bc2543b46b2e,USER_V1_d276a568-8d99-4f4e-97e5-d3ba16e0f4fa,has_account
697,USER_V1_58fe33fd-2323-404c-a5b4-0939ffa691c9,PERSON_V1_26de63a3-8bbe-4d36-8ed3-f8dd550e931e,has_profile
697,PERSON_V1_26de63a3-8bbe-4d36-8ed3-f8dd550e931e,USER_V1_58fe33fd-2323-404c-a5b4-0939ffa691c9,has_account
698,USER_V1_6bee1dcc-95c5-43d3-8c24-c9afa0ac3448,PERSON_V1_90544ad2-5fd4-4676-bb6d-57c4dd9dd48c,has_profile
698,PERSON_V1_90544ad2-5fd4-4676-bb6d-57c4dd9dd48c,USER_V1_6bee1dcc-95c5-43d3-8c24-c9afa0ac3448,has_account
699,USER_V1_966d0b13-e353-49ab-ab14-9ce4fe5ba97c,PERSON_V1_e07f3de5-0850-498c-89cb-7c6c1e1a8975,has_profile
699,PERSON_V1_e07f3de5-0850-498c-89cb-7c6c1e1a8975,USER_V1_966d0b13-e353-49ab-ab14-9ce4fe5ba97c,has_account
700,USER_V1_275d8990-dc3e-403c-8669-d8c8d813541c,PERSON_V1_4683b587-5776-427c-a8ca-5fd6905a57c2,has_profile
700,PERSON_V1_4683b587-5776-427c-a8ca-5fd6905a57c2,USER_V1_275d8990-dc3e-403c-8669-d8c8d813541c,has_account
701,USER_V1_6fd8e87e-2b3d-4bf3-a223-4ef040872b36,PERSON_V1_e36bd66b-65c2-478a-9c40-fbbda82fe22e,has_profile
701,PERSON_V1_e36bd66b-65c2-478a-9c40-fbbda82fe22e,USER_V1_6fd8e87e-2b3d-4bf3-a223-4ef040872b36,has_account
702,USER_V1_4eb66a34-8763-4680-aea7-388eccb9bff1,PERSON_V1_1c773cac-8165-4ef9-a3ca-999fed5fca44,has_profile
702,PERSON_V1_1c773cac-8165-4ef9-a3ca-999fed5fca44,USER_V1_4eb66a34-8763-4680-aea7-388eccb9bff1,has_account
703,USER_V1_591f88c7-093d-4ad5-9802-4f371f278a39,PERSON_V1_bd235a07-a4f5-45b8-9565-7c352af70372,has_profile
703,PERSON_V1_bd235a07-a4f5-45b8-9565-7c352af70372,USER_V1_591f88c7-093d-4ad5-9802-4f371f278a39,has_account
704,USER_V1_6cdd4411-f3f6-40fe-b3ef-edb5a0e2bf61,PERSON_V1_db82f532-3605-4123-978a-7a8577038622,has_profile
704,PERSON_V1_db82f532-3605-4123-978a-7a8577038622,USER_V1_6cdd4411-f3f6-40fe-b3ef-edb5a0e2bf61,has_account
705,USER_V1_a15362e6-8496-4d02-9017-8b8d220b04df,PERSON_V1_a9fb137b-41d5-410b-8023-3c82529c3be6,has_profile
705,PERSON_V1_a9fb137b-41d5-410b-8023-3c82529c3be6,USER_V1_a15362e6-8496-4d02-9017-8b8d220b04df,has_account
706,USER_V1_7a451bd2-c184-4ebe-b17f-9ddabce1027c,PERSON_V1_9f053cae-c853-4bce-8614-effbff7eac94,has_profile
706,PERSON_V1_9f053cae-c853-4bce-8614-effbff7eac94,USER_V1_7a451bd2-c184-4ebe-b17f-9ddabce1027c,has_account
707,USER_V1_70a0307a-7dee-4252-bea2-d6880a9c8746,PERSON_V1_6a7a65f5-2cca-4d79-8c3e-90ec73a95492,has_profile
707,PERSON_V1_6a7a65f5-2cca-4d79-8c3e-90ec73a95492,USER_V1_70a0307a-7dee-4252-bea2-d6880a9c8746,has_account
708,USER_V1_86d25ca2-6f2e-4df5-a77a-210b697369f3,PERSON_V1_316622a8-96eb-4cb6-bf55-fbec67c112a2,has_profile
708,PERSON_V1_316622a8-96eb-4cb6-bf55-fbec67c112a2,USER_V1_86d25ca2-6f2e-4df5-a77a-210b697369f3,has_account
709,USER_V1_b13be466-d6cd-476a-aeb0-75c15b1880a7,PERSON_V1_60a39b44-b4bf-4495-ba51-5f7aadfc97fe,has_profile
709,PERSON_V1_60a39b44-b4bf-4495-ba51-5f7aadfc97fe,USER_V1_b13be466-d6cd-476a-aeb0-75c15b1880a7,has_account
710,USER_V1_2c6257e4-7ade-4d4a-93bb-6102eea20299,PERSON_V1_617d29ee-9477-458d-a94f-3b241e8a2fd5,has_profile
710,PERSON_V1_617d29ee-9477-458d-a94f-3b241e8a2fd5,USER_V1_2c6257e4-7ade-4d4a-93bb-6102eea20299,has_account
711,USER_V1_acdf4f1c-cfed-4a24-b7c8-3bfd8da75985,PERSON_V1_61936b0b-2f0f-490f-b376-08662b73cb8a,has_profile
711,PERSON_V1_61936b0b-2f0f-490f-b376-08662b73cb8a,USER_V1_acdf4f1c-cfed-4a24-b7c8-3bfd8da75985,has_account
712,USER_V1_2bd5db90-1fc2-45b2-9102-4925549b78ed,PERSON_V1_992a770a-cc01-4b32-b06d-8b7c587887f6,has_profile
712,PERSON_V1_992a770a-cc01-4b32-b06d-8b7c587887f6,USER_V1_2bd5db90-1fc2-45b2-9102-4925549b78ed,has_account
713,USER_V1_3c2e4b94-75b4-4924-b415-ec070ab49a19,PERSON_V1_6913df6e-8733-402d-81c8-382e7023ee8b,has_profile
713,PERSON_V1_6913df6e-8733-402d-81c8-382e7023ee8b,USER_V1_3c2e4b94-75b4-4924-b415-ec070ab49a19,has_account
714,USER_V1_56c2d741-db85-4690-8a29-b07e52ce815e,PERSON_V1_d6c1766b-d799-4db1-9a0a-ae6db33478d7,has_profile
714,PERSON_V1_d6c1766b-d799-4db1-9a0a-ae6db33478d7,USER_V1_56c2d741-db85-4690-8a29-b07e52ce815e,has_account
715,USER_V1_9c70e8cf-9422-43a7-9d9c-a2b3f9441811,PERSON_V1_75ecfbda-9c3d-4fea-8c34-6e9c97e11202,has_profile
715,PERSON_V1_75ecfbda-9c3d-4fea-8c34-6e9c97e11202,USER_V1_9c70e8cf-9422-43a7-9d9c-a2b3f9441811,has_account
716,USER_V1_40625de1-b50c-4031-a2af-3cec566de01a,PERSON_V1_8fa7451f-efe0-4e94-b551-a885204ff0f9,has_profile
716,PERSON_V1_8fa7451f-efe0-4e94-b551-a885204ff0f9,USER_V1_40625de1-b50c-4031-a2af-3cec566de01a,has_account
717,USER_V1_f67423bd-677c-4a7f-92ac-36c560b05bc8,PERSON_V1_28a115b9-6695-4f50-9ebe-ddd30a36a784,has_profile
717,PERSON_V1_28a115b9-6695-4f50-9ebe-ddd30a36a784,USER_V1_f67423bd-677c-4a7f-92ac-36c560b05bc8,has_account
718,USER_V1_b11d4e29-e61b-4c6a-9c96-d097a7c46a5b,PERSON_V1_e64ec865-c053-4f70-ae03-602e871f2dd3,has_profile
718,PERSON_V1_e64ec865-c053-4f70-ae03-602e871f2dd3,USER_V1_b11d4e29-e61b-4c6a-9c96-d097a7c46a5b,has_account
719,USER_V1_bc305dbd-4c98-47dd-b6a2-7b97d3f4564b,PERSON_V1_f4c5a274-f40a-4ddf-ba45-3d82e4e341e6,has_profile
719,PERSON_V1_f4c5a274-f40a-4ddf-ba45-3d82e4e341e6,USER_V1_bc305dbd-4c98-47dd-b6a2-7b97d3f4564b,has_account
720,USER_V1_80516fad-5416-480e-9f3c-e6fb20801b5c,PERSON_V1_cc4f5003-7f8e-4d25-86ff-8fc2a0bcb0c7,has_profile
720,PERSON_V1_cc4f5003-7f8e-4d25-86ff-8fc2a0bcb0c7,USER_V1_80516fad-5416-480e-9f3c-e6fb20801b5c,has_account
721,USER_V1_982bcd0d-01f9-4469-8b15-dea59b8b3ac2,PERSON_V1_1ca63504-ce40-4ad9-b2b7-c0119e1ae011,has_profile
721,PERSON_V1_1ca63504-ce40-4ad9-b2b7-c0119e1ae011,USER_V1_982bcd0d-01f9-4469-8b15-dea59b8b3ac2,has_account
722,USER_V1_f940d367-ee46-4af3-8dd3-71e5ead7bc4d,PERSON_V1_7ee5edb8-b2af-4140-bb94-561eea4070f9,has_profile
722,PERSON_V1_7ee5edb8-b2af-4140-bb94-561eea4070f9,USER_V1_f940d367-ee46-4af3-8dd3-71e5ead7bc4d,has_account
723,USER_V1_adaab869-23c2-4100-a18b-bf4b211b570b,PERSON_V1_56e5cf1e-39e0-4c13-bb74-353a2ea1e954,has_profile
723,PERSON_V1_56e5cf1e-39e0-4c13-bb74-353a2ea1e954,USER_V1_adaab869-23c2-4100-a18b-bf4b211b570b,has_account
724,USER_V1_10e78a30-8008-48d4-855d-da65b53ff104,PERSON_V1_556dbf8b-4901-4c6e-b7e6-5d5714244ef3,has_profile
724,PERSON_V1_556dbf8b-4901-4c6e-b7e6-5d5714244ef3,USER_V1_10e78a30-8008-48d4-855d-da65b53ff104,has_account
725,USER_V1_9afddd7f-09fc-4703-b13e-9f46aea240fa,PERSON_V1_2ff7a056-cc9e-4f1a-95e0-4045e65adda3,has_profile
725,PERSON_V1_2ff7a056-cc9e-4f1a-95e0-4045e65adda3,USER_V1_9afddd7f-09fc-4703-b13e-9f46aea240fa,has_account
726,USER_V1_0711a966-10b4-4fea-b5d5-97a9fc9ef641,PERSON_V1_a0276f29-42c3-43b1-acb9-ae655dea3b8b,has_profile
726,PERSON_V1_a0276f29-42c3-43b1-acb9-ae655dea3b8b,USER_V1_0711a966-10b4-4fea-b5d5-97a9fc9ef641,has_account
727,USER_V1_3bf2e347-cb91-4fc0-890e-83b89f2ba8a9,PERSON_V1_5a743fb0-a336-4c2e-b64f-b3c0cfbfe883,has_profile
727,PERSON_V1_5a743fb0-a336-4c2e-b64f-b3c0cfbfe883,USER_V1_3bf2e347-cb91-4fc0-890e-83b89f2ba8a9,has_account
728,USER_V1_cd88f93d-5b48-4947-a6b4-3bfca79d2cb6,PERSON_V1_1c8ef1e2-0585-4849-ade4-d09b0ae4f0bd,has_profile
728,PERSON_V1_1c8ef1e2-0585-4849-ade4-d09b0ae4f0bd,USER_V1_cd88f93d-5b48-4947-a6b4-3bfca79d2cb6,has_account
729,USER_V1_aa262bcb-c053-41d3-a43e-8cab2b3847e7,PERSON_V1_f48962f1-0eec-49df-8072-96a36b38c677,has_profile
729,PERSON_V1_f48962f1-0eec-49df-8072-96a36b38c677,USER_V1_aa262bcb-c053-41d3-a43e-8cab2b3847e7,has_account
730,USER_V1_70a9875e-33e4-4d5e-b9fd-5fd1f7f6253e,PERSON_V1_8e5b027b-131c-46a7-8cae-04d3a3553905,has_profile
730,PERSON_V1_8e5b027b-131c-46a7-8cae-04d3a3553905,USER_V1_70a9875e-33e4-4d5e-b9fd-5fd1f7f6253e,has_account
731,USER_V1_eb780578-db64-459b-90f2-c00b8efb1f77,PERSON_V1_833ab5da-0d3c-430f-bfd4-418cf67270a9,has_profile
731,PERSON_V1_833ab5da-0d3c-430f-bfd4-418cf67270a9,USER_V1_eb780578-db64-459b-90f2-c00b8efb1f77,has_account
732,USER_V1_518a6da0-71fc-4bb7-a4e1-053b3abdf343,PERSON_V1_bd569193-c052-4fd7-9b67-3346c4dcf9b5,has_profile
732,PERSON_V1_bd569193-c052-4fd7-9b67-3346c4dcf9b5,USER_V1_518a6da0-71fc-4bb7-a4e1-053b3abdf343,has_account
733,USER_V1_8827ad78-e15b-49be-9508-d2b7aac512d5,PERSON_V1_0eb97a6b-547f-4f4b-bdc0-3f8e2ece86b7,has_profile
733,PERSON_V1_0eb97a6b-547f-4f4b-bdc0-3f8e2ece86b7,USER_V1_8827ad78-e15b-49be-9508-d2b7aac512d5,has_account
734,USER_V1_683aca1d-f2b9-4de3-a253-573888aca54d,PERSON_V1_12e6f8a9-c083-4560-8b19-85ee10a9cc3c,has_profile
734,PERSON_V1_12e6f8a9-c083-4560-8b19-85ee10a9cc3c,USER_V1_683aca1d-f2b9-4de3-a253-573888aca54d,has_account
735,USER_V1_67eccfb1-85a3-454e-a3b4-978206ad9de2,PERSON_V1_55844af4-27c1-4684-94d9-8aafa8b8aa97,has_profile
735,PERSON_V1_55844af4-27c1-4684-94d9-8aafa8b8aa97,USER_V1_67eccfb1-85a3-454e-a3b4-978206ad9de2,has_account
736,USER_V1_33d4280d-f44e-4940-92d5-4df8ac451f29,PERSON_V1_664ff845-1d03-48cb-af08-5cab80716119,has_profile
736,PERSON_V1_664ff845-1d03-48cb-af08-5cab80716119,USER_V1_33d4280d-f44e-4940-92d5-4df8ac451f29,has_account
737,USER_V1_45c29485-bad5-44c9-8762-191844fd8ff4,PERSON_V1_c55617e9-7fa7-4d74-a0e2-7d52becc5664,has_profile
737,PERSON_V1_c55617e9-7fa7-4d74-a0e2-7d52becc5664,USER_V1_45c29485-bad5-44c9-8762-191844fd8ff4,has_account
738,USER_V1_c05860b7-84c7-4813-83db-5ef6d1dde9dc,PERSON_V1_d313974a-ced4-475f-8054-e65585ef2148,has_profile
738,PERSON_V1_d313974a-ced4-475f-8054-e65585ef2148,USER_V1_c05860b7-84c7-4813-83db-5ef6d1dde9dc,has_account
739,USER_V1_26f367c3-dc79-49fa-914e-07a451d7a9b3,PERSON_V1_7a98afc5-475b-4f8c-928a-97be2b2e7d9e,has_profile
739,PERSON_V1_7a98afc5-475b-4f8c-928a-97be2b2e7d9e,USER_V1_26f367c3-dc79-49fa-914e-07a451d7a9b3,has_account
740,USER_V1_ce718240-fa7b-452a-99fa-9931c695d0a0,PERSON_V1_24d64479-94d4-43fa-a10f-d246774af533,has_profile
740,PERSON_V1_24d64479-94d4-43fa-a10f-d246774af533,USER_V1_ce718240-fa7b-452a-99fa-9931c695d0a0,has_account
741,USER_V1_a9c75808-e063-4544-9619-9a18ce1ef936,PERSON_V1_8a6ed207-9f8c-4073-b633-121c4c76fee1,has_profile
741,PERSON_V1_8a6ed207-9f8c-4073-b633-121c4c76fee1,USER_V1_a9c75808-e063-4544-9619-9a18ce1ef936,has_account
742,USER_V1_eb744622-c011-4d98-9397-546257f00a9d,PERSON_V1_8ba35d2a-420a-4be2-8b0a-5604f249a704,has_profile
742,PERSON_V1_8ba35d2a-420a-4be2-8b0a-5604f249a704,USER_V1_eb744622-c011-4d98-9397-546257f00a9d,has_account
743,USER_V1_6aa35873-1ce9-431b-9df8-1dc32975956c,PERSON_V1_d33693b3-2fcb-4e41-8e8f-a7b6f7a608c9,has_profile
743,PERSON_V1_d33693b3-2fcb-4e41-8e8f-a7b6f7a608c9,USER_V1_6aa35873-1ce9-431b-9df8-1dc32975956c,has_account
744,USER_V1_a07034a1-6846-4545-a169-563503300b59,PERSON_V1_749c0d06-786d-4d43-a793-8d7b8b8153c8,has_profile
744,PERSON_V1_749c0d06-786d-4d43-a793-8d7b8b8153c8,USER_V1_a07034a1-6846-4545-a169-563503300b59,has_account
745,USER_V1_2b4e1309-98c1-4ac0-b732-530ed1c7150e,PERSON_V1_2f1b9f0f-689b-4866-bdd5-d4c198f4aa89,has_profile
745,PERSON_V1_2f1b9f0f-689b-4866-bdd5-d4c198f4aa89,USER_V1_2b4e1309-98c1-4ac0-b732-530ed1c7150e,has_account
746,USER_V1_f6a51149-9e38-420a-80bb-ffc08f783ab0,PERSON_V1_584222f6-216e-4794-834c-3708803c22de,has_profile
746,PERSON_V1_584222f6-216e-4794-834c-3708803c22de,USER_V1_f6a51149-9e38-420a-80bb-ffc08f783ab0,has_account
747,USER_V1_fb0a54ef-1c6e-450b-8971-2889fd8e00af,PERSON_V1_e20c5ad2-bd62-488f-a266-e13d425ce3f9,has_profile
747,PERSON_V1_e20c5ad2-bd62-488f-a266-e13d425ce3f9,USER_V1_fb0a54ef-1c6e-450b-8971-2889fd8e00af,has_account
748,USER_V1_8ae89d55-4e45-4bcd-b19f-cb9fad86b715,PERSON_V1_d0f8b5ae-c844-4313-aa7b-1efbc8c9acec,has_profile
748,PERSON_V1_d0f8b5ae-c844-4313-aa7b-1efbc8c9acec,USER_V1_8ae89d55-4e45-4bcd-b19f-cb9fad86b715,has_account
749,USER_V1_2c574700-1036-496d-ba00-bfebde942612,PERSON_V1_7850589b-72e6-4722-846e-ff491522d2c6,has_profile
749,PERSON_V1_7850589b-72e6-4722-846e-ff491522d2c6,USER_V1_2c574700-1036-496d-ba00-bfebde942612,has_account
750,USER_V1_06eaefbb-c27f-45f2-bdde-db7bff23959c,PERSON_V1_8900a2a5-f60e-4116-b085-1659b39574ca,has_profile
750,PERSON_V1_8900a2a5-f60e-4116-b085-1659b39574ca,USER_V1_06eaefbb-c27f-45f2-bdde-db7bff23959c,has_account
751,USER_V1_08c6905b-eb4d-439f-ac4e-ba1ba7d982cf,PERSON_V1_32eda701-abd0-4ea3-a198-be96654eb277,has_profile
751,PERSON_V1_32eda701-abd0-4ea3-a198-be96654eb277,USER_V1_08c6905b-eb4d-439f-ac4e-ba1ba7d982cf,has_account
752,USER_V1_1547e709-083f-44ea-aaef-eaea0b8e47d9,PERSON_V1_c50b0fae-bd39-4c4f-8c76-89650db7ea3b,has_profile
752,PERSON_V1_c50b0fae-bd39-4c4f-8c76-89650db7ea3b,USER_V1_1547e709-083f-44ea-aaef-eaea0b8e47d9,has_account
753,USER_V1_86467516-5edf-458e-8bb8-c891eaaf7331,PERSON_V1_5e6225aa-0c34-47d0-a988-30d5d453d233,has_profile
753,PERSON_V1_5e6225aa-0c34-47d0-a988-30d5d453d233,USER_V1_86467516-5edf-458e-8bb8-c891eaaf7331,has_account
754,USER_V1_dcd434cc-aacf-463a-b2b7-bcac0a0bf3a9,PERSON_V1_90aa8337-3934-4dd7-a5fb-854717d09880,has_profile
754,PERSON_V1_90aa8337-3934-4dd7-a5fb-854717d09880,USER_V1_dcd434cc-aacf-463a-b2b7-bcac0a0bf3a9,has_account
755,USER_V1_fefa1df5-20b6-46fa-b00e-22b94c800261,PERSON_V1_a4790269-56fa-4bb6-aafc-d64945f39f51,has_profile
755,PERSON_V1_a4790269-56fa-4bb6-aafc-d64945f39f51,USER_V1_fefa1df5-20b6-46fa-b00e-22b94c800261,has_account
756,USER_V1_a182509e-a1af-4f7d-8652-298572c2f281,PERSON_V1_d4fb5376-42a6-4040-9dfb-6aadbd103105,has_profile
756,PERSON_V1_d4fb5376-42a6-4040-9dfb-6aadbd103105,USER_V1_a182509e-a1af-4f7d-8652-298572c2f281,has_account
757,USER_V1_fec8978d-3fe8-4c84-9a32-bcc21d8d054a,PERSON_V1_3a69e193-1984-474e-a6ee-e7bee2834b77,has_profile
757,PERSON_V1_3a69e193-1984-474e-a6ee-e7bee2834b77,USER_V1_fec8978d-3fe8-4c84-9a32-bcc21d8d054a,has_account
758,USER_V1_4155958a-af25-4577-9d8e-509e106127bd,PERSON_V1_80ef2afa-557e-4156-91f2-8d6aedbdd1c9,has_profile
758,PERSON_V1_80ef2afa-557e-4156-91f2-8d6aedbdd1c9,USER_V1_4155958a-af25-4577-9d8e-509e106127bd,has_account
759,USER_V1_1d55c459-a4c5-4c45-b738-18d792464a61,PERSON_V1_b45017fc-15d9-4bb3-8d0d-b11d1f895629,has_profile
759,PERSON_V1_b45017fc-15d9-4bb3-8d0d-b11d1f895629,USER_V1_1d55c459-a4c5-4c45-b738-18d792464a61,has_account
760,USER_V1_dbbc3247-f77c-46fc-84ac-13bb8dd68a24,PERSON_V1_197547e0-b50a-4a6b-9297-8cfc3fe0462a,has_profile
760,PERSON_V1_197547e0-b50a-4a6b-9297-8cfc3fe0462a,USER_V1_dbbc3247-f77c-46fc-84ac-13bb8dd68a24,has_account
761,USER_V1_1a6aea6d-2d46-4ef4-97c2-a63771d1f0ac,PERSON_V1_2d51d3fe-1144-4111-8b16-780be7b04ca3,has_profile
761,PERSON_V1_2d51d3fe-1144-4111-8b16-780be7b04ca3,USER_V1_1a6aea6d-2d46-4ef4-97c2-a63771d1f0ac,has_account
762,USER_V1_35b90bbc-f3ac-4469-86ef-e6dc08880948,PERSON_V1_6e6680c8-f9c0-4550-85ec-0b03961219f6,has_profile
762,PERSON_V1_6e6680c8-f9c0-4550-85ec-0b03961219f6,USER_V1_35b90bbc-f3ac-4469-86ef-e6dc08880948,has_account
763,USER_V1_4d95f89f-3ee6-4e18-8e63-cfbccde5ae52,PERSON_V1_aac263c6-ab30-4f69-8a49-7f5b6a41c434,has_profile
763,PERSON_V1_aac263c6-ab30-4f69-8a49-7f5b6a41c434,USER_V1_4d95f89f-3ee6-4e18-8e63-cfbccde5ae52,has_account
764,USER_V1_25c17f8a-8875-41f1-91d1-9b8eb6ceed25,PERSON_V1_cfad482c-e232-410c-ae51-dde866f8cfdd,has_profile
764,PERSON_V1_cfad482c-e232-410c-ae51-dde866f8cfdd,USER_V1_25c17f8a-8875-41f1-91d1-9b8eb6ceed25,has_account
765,USER_V1_a1cbe729-ce92-4e28-9977-0af845256a35,PERSON_V1_eefe8535-0a33-4a8a-9fa2-034db3a35a2a,has_profile
765,PERSON_V1_eefe8535-0a33-4a8a-9fa2-034db3a35a2a,USER_V1_a1cbe729-ce92-4e28-9977-0af845256a35,has_account
766,USER_V1_9323a80e-c23a-479c-8943-d8ca9b7237c6,PERSON_V1_11f35883-ace1-4df3-8877-259a6ef24a1e,has_profile
766,PERSON_V1_11f35883-ace1-4df3-8877-259a6ef24a1e,USER_V1_9323a80e-c23a-479c-8943-d8ca9b7237c6,has_account
767,USER_V1_9984d708-879c-4058-bdb9-5de2ab557cb3,PERSON_V1_dbf12936-9b3d-459a-bb72-d8fad3da6230,has_profile
767,PERSON_V1_dbf12936-9b3d-459a-bb72-d8fad3da6230,USER_V1_9984d708-879c-4058-bdb9-5de2ab557cb3,has_account
768,USER_V1_73499454-3182-4239-acf2-71f225c6bee3,PERSON_V1_e0337a74-4454-4de3-ac86-4e22b57de8ef,has_profile
768,PERSON_V1_e0337a74-4454-4de3-ac86-4e22b57de8ef,USER_V1_73499454-3182-4239-acf2-71f225c6bee3,has_account
769,USER_V1_70cbffed-ffdb-4407-b842-f714fc8c6d7d,PERSON_V1_71473199-0dc8-4ab8-b995-54db2135f579,has_profile
769,PERSON_V1_71473199-0dc8-4ab8-b995-54db2135f579,USER_V1_70cbffed-ffdb-4407-b842-f714fc8c6d7d,has_account
770,USER_V1_90bd3325-64c2-4f37-bd51-542692f414e2,PERSON_V1_100ae2aa-e8f8-47a6-8f73-e11c85d0ef13,has_profile
770,PERSON_V1_100ae2aa-e8f8-47a6-8f73-e11c85d0ef13,USER_V1_90bd3325-64c2-4f37-bd51-542692f414e2,has_account
771,USER_V1_27b8837c-7cb4-4655-b52f-8016505413ea,PERSON_V1_9f3ea16e-b8d8-4e18-8074-9a62f371011f,has_profile
771,PERSON_V1_9f3ea16e-b8d8-4e18-8074-9a62f371011f,USER_V1_27b8837c-7cb4-4655-b52f-8016505413ea,has_account
772,USER_V1_1e7bae57-8ff0-41cf-96d7-62fc03452add,PERSON_V1_c8e5e2b0-e6e7-425d-b611-ee6c863e2767,has_profile
772,PERSON_V1_c8e5e2b0-e6e7-425d-b611-ee6c863e2767,USER_V1_1e7bae57-8ff0-41cf-96d7-62fc03452add,has_account
773,USER_V1_65a1ea0b-af98-455d-8076-a6d832654c59,PERSON_V1_c8f794c7-257b-42d0-b17c-3e8fc993d1d6,has_profile
773,PERSON_V1_c8f794c7-257b-42d0-b17c-3e8fc993d1d6,USER_V1_65a1ea0b-af98-455d-8076-a6d832654c59,has_account
774,USER_V1_cd8e87a4-8ba1-423d-9cb4-f05eaa7a5fd1,PERSON_V1_f381690c-8dba-4200-aae8-b3771319e979,has_profile
774,PERSON_V1_f381690c-8dba-4200-aae8-b3771319e979,USER_V1_cd8e87a4-8ba1-423d-9cb4-f05eaa7a5fd1,has_account
775,USER_V1_3b0cc4ac-a9bb-440f-9a5a-9998e46aa385,PERSON_V1_5a9731b1-11ac-471a-9fd1-b815a0313c09,has_profile
775,PERSON_V1_5a9731b1-11ac-471a-9fd1-b815a0313c09,USER_V1_3b0cc4ac-a9bb-440f-9a5a-9998e46aa385,has_account
776,USER_V1_3d2a5740-3f2b-4faa-8758-94cf762189a9,PERSON_V1_9834ea3b-5b1c-4d60-96ce-3b5be453c11a,has_profile
776,PERSON_V1_9834ea3b-5b1c-4d60-96ce-3b5be453c11a,USER_V1_3d2a5740-3f2b-4faa-8758-94cf762189a9,has_account
777,USER_V1_7ce015b2-e490-4807-b3d9-35a4a6a21f60,PERSON_V1_7ce1b18b-c0b1-4ca8-ad71-3ebf5d06f55d,has_profile
777,PERSON_V1_7ce1b18b-c0b1-4ca8-ad71-3ebf5d06f55d,USER_V1_7ce015b2-e490-4807-b3d9-35a4a6a21f60,has_account
778,USER_V1_a561b14b-d167-4564-bdcb-79a1c1fb799c,PERSON_V1_4b151b93-1f3e-4342-b08c-f8d09be143db,has_profile
778,PERSON_V1_4b151b93-1f3e-4342-b08c-f8d09be143db,USER_V1_a561b14b-d167-4564-bdcb-79a1c1fb799c,has_account
779,USER_V1_9a2f5fd9-9a52-437e-90da-a74d82088b51,PERSON_V1_917ab40a-3018-4e6e-9d7a-cf0a6e7fe021,has_profile
779,PERSON_V1_917ab40a-3018-4e6e-9d7a-cf0a6e7fe021,USER_V1_9a2f5fd9-9a52-437e-90da-a74d82088b51,has_account
780,USER_V1_bd722d5e-2ae9-4325-9118-514a57908267,PERSON_V1_58b5dfb7-2c80-4a2c-895b-ed97099b82ca,has_profile
780,PERSON_V1_58b5dfb7-2c80-4a2c-895b-ed97099b82ca,USER_V1_bd722d5e-2ae9-4325-9118-514a57908267,has_account
781,USER_V1_fbf0877d-eaa5-4df3-83a0-beaddf98985f,PERSON_V1_c29ff6c2-0f2f-43aa-b17f-200b0f3cfdcf,has_profile
781,PERSON_V1_c29ff6c2-0f2f-43aa-b17f-200b0f3cfdcf,USER_V1_fbf0877d-eaa5-4df3-83a0-beaddf98985f,has_account
782,USER_V1_342ffcec-191f-4aaf-a2ff-4eca9115f89b,PERSON_V1_c755bedb-ad7c-455b-a447-0d27fb337a8b,has_profile
782,PERSON_V1_c755bedb-ad7c-455b-a447-0d27fb337a8b,USER_V1_342ffcec-191f-4aaf-a2ff-4eca9115f89b,has_account
783,USER_V1_d00b5234-7059-4132-abf0-8ee0f1944401,PERSON_V1_96cb2aa5-b0fa-40e3-903c-0b8bdcc6b87d,has_profile
783,PERSON_V1_96cb2aa5-b0fa-40e3-903c-0b8bdcc6b87d,USER_V1_d00b5234-7059-4132-abf0-8ee0f1944401,has_account
784,USER_V1_8aa33827-05bc-4de2-ad69-a4267e257876,PERSON_V1_b2152e10-4f4f-40fe-9301-3bf3776d9499,has_profile
784,PERSON_V1_b2152e10-4f4f-40fe-9301-3bf3776d9499,USER_V1_8aa33827-05bc-4de2-ad69-a4267e257876,has_account
785,USER_V1_3038e8be-8463-4ec6-94d2-0d3de259d2d9,PERSON_V1_6a491866-7b8c-4156-b43c-c6ab1e4ce68d,has_profile
785,PERSON_V1_6a491866-7b8c-4156-b43c-c6ab1e4ce68d,USER_V1_3038e8be-8463-4ec6-94d2-0d3de259d2d9,has_account
786,USER_V1_2922e97e-a462-40bb-93b4-df0b94030643,PERSON_V1_675e6c19-b380-456e-9999-73f5e507e5c9,has_profile
786,PERSON_V1_675e6c19-b380-456e-9999-73f5e507e5c9,USER_V1_2922e97e-a462-40bb-93b4-df0b94030643,has_account
787,USER_V1_6712a9fa-4032-444e-ab03-71aa5bbf6d15,PERSON_V1_07ac22d0-23b5-4b5e-a87e-3bb9e02767e3,has_profile
787,PERSON_V1_07ac22d0-23b5-4b5e-a87e-3bb9e02767e3,USER_V1_6712a9fa-4032-444e-ab03-71aa5bbf6d15,has_account
788,USER_V1_0ac4892e-e74c-4d72-890a-9d5d6c2922e6,PERSON_V1_68bf9e8e-62ee-42b3-8830-dac3136b9be8,has_profile
788,PERSON_V1_68bf9e8e-62ee-42b3-8830-dac3136b9be8,USER_V1_0ac4892e-e74c-4d72-890a-9d5d6c2922e6,has_account
789,USER_V1_61a42f77-9517-470a-9155-eb7774c6dd5d,PERSON_V1_12b1ff1e-5b89-4c34-91d8-f4dd5348ae3b,has_profile
789,PERSON_V1_12b1ff1e-5b89-4c34-91d8-f4dd5348ae3b,USER_V1_61a42f77-9517-470a-9155-eb7774c6dd5d,has_account
790,USER_V1_88de4df2-4ace-40f1-b16c-f83d428a67dd,PERSON_V1_098818b8-7081-46c7-bec6-ccca4f269a55,has_profile
790,PERSON_V1_098818b8-7081-46c7-bec6-ccca4f269a55,USER_V1_88de4df2-4ace-40f1-b16c-f83d428a67dd,has_account
791,USER_V1_0cafab42-322b-425c-8df3-4a32c020b440,PERSON_V1_7036918c-b216-446c-8e89-3e7e235af73b,has_profile
791,PERSON_V1_7036918c-b216-446c-8e89-3e7e235af73b,USER_V1_0cafab42-322b-425c-8df3-4a32c020b440,has_account
792,USER_V1_8a719d9d-e7b2-410f-9921-2714b0eddc34,PERSON_V1_20ac5c73-a0e0-4582-a241-e09d6906067e,has_profile
792,PERSON_V1_20ac5c73-a0e0-4582-a241-e09d6906067e,USER_V1_8a719d9d-e7b2-410f-9921-2714b0eddc34,has_account
793,USER_V1_d9b309f6-d33a-4a4c-acb1-21ec65d7d96a,PERSON_V1_4318ceb6-f17b-43b8-9071-62f1942e8992,has_profile
793,PERSON_V1_4318ceb6-f17b-43b8-9071-62f1942e8992,USER_V1_d9b309f6-d33a-4a4c-acb1-21ec65d7d96a,has_account
794,USER_V1_7388bb39-ae52-4e7c-a43c-318208be9daa,PERSON_V1_6dc8bcd7-5b60-4924-b7d4-84fb64e16982,has_profile
794,PERSON_V1_6dc8bcd7-5b60-4924-b7d4-84fb64e16982,USER_V1_7388bb39-ae52-4e7c-a43c-318208be9daa,has_account
795,USER_V1_58464ea0-a4da-43b2-8cdc-0de930655fcf,PERSON_V1_da390c53-d7cd-4349-9e63-273b23d88b28,has_profile
795,PERSON_V1_da390c53-d7cd-4349-9e63-273b23d88b28,USER_V1_58464ea0-a4da-43b2-8cdc-0de930655fcf,has_account
796,USER_V1_e5a7a35e-d07b-44e8-afa6-4511ec3f652a,PERSON_V1_9c3a28db-a214-4ba0-91d3-014e88dae3ae,has_profile
796,PERSON_V1_9c3a28db-a214-4ba0-91d3-014e88dae3ae,USER_V1_e5a7a35e-d07b-44e8-afa6-4511ec3f652a,has_account
797,USER_V1_18e8421c-e3c2-4534-b3c2-663a7a79f13f,PERSON_V1_e33c5065-ce2d-4718-9b61-9ea829a0df56,has_profile
797,PERSON_V1_e33c5065-ce2d-4718-9b61-9ea829a0df56,USER_V1_18e8421c-e3c2-4534-b3c2-663a7a79f13f,has_account
798,USER_V1_41bfc413-3b25-41e1-ab19-d0c9a12dddb5,PERSON_V1_da6ea479-3b56-4791-92af-2e10c7efc029,has_profile
798,PERSON_V1_da6ea479-3b56-4791-92af-2e10c7efc029,USER_V1_41bfc413-3b25-41e1-ab19-d0c9a12dddb5,has_account
799,USER_V1_1a7c8fb5-3959-48d7-9db6-1dbee2eeadc4,PERSON_V1_63fa3ecf-b268-4c03-bf39-77c21e1e8d45,has_profile
799,PERSON_V1_63fa3ecf-b268-4c03-bf39-77c21e1e8d45,USER_V1_1a7c8fb5-3959-48d7-9db6-1dbee2eeadc4,has_account
800,USER_V1_f9558464-6759-4638-b5d7-c2e4644ac061,PERSON_V1_237246d3-ecf9-4329-bfde-76be1b097906,has_profile
800,PERSON_V1_237246d3-ecf9-4329-bfde-76be1b097906,USER_V1_f9558464-6759-4638-b5d7-c2e4644ac061,has_account
801,USER_V1_5fe48509-c2b0-429c-abaa-9958a6823537,PERSON_V1_ec39ef56-1fc8-4ed7-8bdc-0a5ab81efb0c,has_profile
801,PERSON_V1_ec39ef56-1fc8-4ed7-8bdc-0a5ab81efb0c,USER_V1_5fe48509-c2b0-429c-abaa-9958a6823537,has_account
802,USER_V1_6f9b7774-4cde-481a-a61f-1701cfd92097,PERSON_V1_f2c71636-0ecc-4c91-b739-3f614c2b22ab,has_profile
802,PERSON_V1_f2c71636-0ecc-4c91-b739-3f614c2b22ab,USER_V1_6f9b7774-4cde-481a-a61f-1701cfd92097,has_account
803,USER_V1_a042d873-2c2e-4869-ba02-a2e3d4c32aa5,PERSON_V1_3d2e1432-e7dc-4b0d-85b2-b12646771bcf,has_profile
803,PERSON_V1_3d2e1432-e7dc-4b0d-85b2-b12646771bcf,USER_V1_a042d873-2c2e-4869-ba02-a2e3d4c32aa5,has_account
804,USER_V1_733ebcf8-5650-4dfb-9a04-00abb52d8c14,PERSON_V1_15c77786-c587-4673-8849-86ddefab7128,has_profile
804,PERSON_V1_15c77786-c587-4673-8849-86ddefab7128,USER_V1_733ebcf8-5650-4dfb-9a04-00abb52d8c14,has_account
805,USER_V1_9497faa2-a12b-450d-b2d8-e47745f0346c,PERSON_V1_4abd93d3-a548-473a-9ab7-1f724d2a84d3,has_profile
805,PERSON_V1_4abd93d3-a548-473a-9ab7-1f724d2a84d3,USER_V1_9497faa2-a12b-450d-b2d8-e47745f0346c,has_account
806,USER_V1_033fc033-7e58-4a41-ad4c-612d06c4e1fd,PERSON_V1_f5f75db3-cd3d-4602-8729-e0dfdc8a44b3,has_profile
806,PERSON_V1_f5f75db3-cd3d-4602-8729-e0dfdc8a44b3,USER_V1_033fc033-7e58-4a41-ad4c-612d06c4e1fd,has_account
807,USER_V1_2afdfe4f-9f49-42d7-99fa-5b09652e9c84,PERSON_V1_9061c2e0-2bfc-4d93-83a2-83c2ad27cb61,has_profile
807,PERSON_V1_9061c2e0-2bfc-4d93-83a2-83c2ad27cb61,USER_V1_2afdfe4f-9f49-42d7-99fa-5b09652e9c84,has_account
808,USER_V1_9e81de39-f5e0-4b1c-a8bd-eeb1f69cb559,PERSON_V1_7c957356-9b33-4968-bfd5-15e7e51b8d5b,has_profile
808,PERSON_V1_7c957356-9b33-4968-bfd5-15e7e51b8d5b,USER_V1_9e81de39-f5e0-4b1c-a8bd-eeb1f69cb559,has_account
809,USER_V1_f63c9c4b-cdd3-4bfc-99e3-5e3761f29060,PERSON_V1_6b92212a-ec5d-42a8-b3fb-13ca0747bdfb,has_profile
809,PERSON_V1_6b92212a-ec5d-42a8-b3fb-13ca0747bdfb,USER_V1_f63c9c4b-cdd3-4bfc-99e3-5e3761f29060,has_account
810,USER_V1_4cbb7d40-b3dd-45d3-ad6c-50939a23e10d,PERSON_V1_352384aa-7927-45ad-ab88-392b511a843b,has_profile
810,PERSON_V1_352384aa-7927-45ad-ab88-392b511a843b,USER_V1_4cbb7d40-b3dd-45d3-ad6c-50939a23e10d,has_account
811,USER_V1_912faaf1-1708-4c07-8abb-edb6e124e60e,PERSON_V1_7ebc158c-30d7-4ca8-88e4-cc97ff4d8ed8,has_profile
811,PERSON_V1_7ebc158c-30d7-4ca8-88e4-cc97ff4d8ed8,USER_V1_912faaf1-1708-4c07-8abb-edb6e124e60e,has_account
812,USER_V1_f00b97bd-b4fc-4586-b6bb-3c53f22aaa9b,PERSON_V1_3e992a9f-24e9-41a6-b71e-41cc9536d086,has_profile
812,PERSON_V1_3e992a9f-24e9-41a6-b71e-41cc9536d086,USER_V1_f00b97bd-b4fc-4586-b6bb-3c53f22aaa9b,has_account
813,USER_V1_7b73f51a-1e0d-441a-8192-0b50779d383a,PERSON_V1_08e999b4-bc50-4d65-8922-6b5b2c20a9cf,has_profile
813,PERSON_V1_08e999b4-bc50-4d65-8922-6b5b2c20a9cf,USER_V1_7b73f51a-1e0d-441a-8192-0b50779d383a,has_account
814,USER_V1_32b2cde4-b250-4f42-8018-7a90cca85627,PERSON_V1_83d37596-131b-4888-8120-a9d792811ac6,has_profile
814,PERSON_V1_83d37596-131b-4888-8120-a9d792811ac6,USER_V1_32b2cde4-b250-4f42-8018-7a90cca85627,has_account
815,USER_V1_b704b512-22a1-4ec3-8fcd-bb0306f10b99,PERSON_V1_106ab014-78d9-4a11-8b5c-a0b07fc3d008,has_profile
815,PERSON_V1_106ab014-78d9-4a11-8b5c-a0b07fc3d008,USER_V1_b704b512-22a1-4ec3-8fcd-bb0306f10b99,has_account
816,USER_V1_e3d9f0ac-3514-4a41-9adf-fffbbed0cd91,PERSON_V1_1f4e67c6-3e5d-45bd-bf1e-b63ab46a7d5b,has_profile
816,PERSON_V1_1f4e67c6-3e5d-45bd-bf1e-b63ab46a7d5b,USER_V1_e3d9f0ac-3514-4a41-9adf-fffbbed0cd91,has_account
817,USER_V1_e78de9ac-3c53-4468-90bc-8019932e5e7b,PERSON_V1_0fe3bc4d-d73b-42c4-a029-30d030a2b94f,has_profile
817,PERSON_V1_0fe3bc4d-d73b-42c4-a029-30d030a2b94f,USER_V1_e78de9ac-3c53-4468-90bc-8019932e5e7b,has_account
818,USER_V1_5ac24283-a6a4-49aa-aee4-fcf7fd6a00e8,PERSON_V1_eecf2fd0-ddd7-4e72-a6bb-ae0b8f6143bb,has_profile
818,PERSON_V1_eecf2fd0-ddd7-4e72-a6bb-ae0b8f6143bb,USER_V1_5ac24283-a6a4-49aa-aee4-fcf7fd6a00e8,has_account
819,USER_V1_cb36c410-d5b1-4f20-9b71-ec57995b01fe,PERSON_V1_ea15c607-2094-4841-b896-118130e95d20,has_profile
819,PERSON_V1_ea15c607-2094-4841-b896-118130e95d20,USER_V1_cb36c410-d5b1-4f20-9b71-ec57995b01fe,has_account
820,USER_V1_ceed9714-22b3-4d7c-876e-a446405b74c9,PERSON_V1_c2b15053-5e90-4fee-9f3f-ee66fc4f0df2,has_profile
820,PERSON_V1_c2b15053-5e90-4fee-9f3f-ee66fc4f0df2,USER_V1_ceed9714-22b3-4d7c-876e-a446405b74c9,has_account
821,USER_V1_7c12712d-ae77-415b-b139-26f8eaca9493,PERSON_V1_f36bef54-f51e-419e-9d36-75c9a638a182,has_profile
821,PERSON_V1_f36bef54-f51e-419e-9d36-75c9a638a182,USER_V1_7c12712d-ae77-415b-b139-26f8eaca9493,has_account
822,USER_V1_354ee983-ca64-4b3b-9bb1-74d973e91d7a,PERSON_V1_36fd5c8d-08bb-4570-a60b-93f2ba33e304,has_profile
822,PERSON_V1_36fd5c8d-08bb-4570-a60b-93f2ba33e304,USER_V1_354ee983-ca64-4b3b-9bb1-74d973e91d7a,has_account
823,USER_V1_8e9f8622-3584-4416-9aaf-78111c6759b7,PERSON_V1_353d6c01-f30a-4ff0-940c-6f8d72103fa5,has_profile
823,PERSON_V1_353d6c01-f30a-4ff0-940c-6f8d72103fa5,USER_V1_8e9f8622-3584-4416-9aaf-78111c6759b7,has_account
824,USER_V1_7621ce65-8b5f-4494-a295-d2484566512f,PERSON_V1_cb3c2180-9d38-4319-8fbb-8da2e3ab8288,has_profile
824,PERSON_V1_cb3c2180-9d38-4319-8fbb-8da2e3ab8288,USER_V1_7621ce65-8b5f-4494-a295-d2484566512f,has_account
825,USER_V1_4fb82a92-309f-4d9c-a9c1-ad67c6262f4e,PERSON_V1_48194646-b91b-4c1e-a2b6-c6b3c3a20e39,has_profile
825,PERSON_V1_48194646-b91b-4c1e-a2b6-c6b3c3a20e39,USER_V1_4fb82a92-309f-4d9c-a9c1-ad67c6262f4e,has_account
826,USER_V1_116a4816-5cd1-4f1f-a4fe-878f1e5d21ec,PERSON_V1_98846a1e-90f4-4136-b553-26a68bdd3e2f,has_profile
826,PERSON_V1_98846a1e-90f4-4136-b553-26a68bdd3e2f,USER_V1_116a4816-5cd1-4f1f-a4fe-878f1e5d21ec,has_account
827,USER_V1_c41874cd-c9dc-40b0-8013-3e8e980356bd,PERSON_V1_14fa9474-8984-43f6-9e2d-744932a4605e,has_profile
827,PERSON_V1_14fa9474-8984-43f6-9e2d-744932a4605e,USER_V1_c41874cd-c9dc-40b0-8013-3e8e980356bd,has_account
828,USER_V1_77f47010-7089-4dfe-817a-8ced6350c61b,PERSON_V1_67a75d1b-9bbe-4091-9c92-5e817804f79e,has_profile
828,PERSON_V1_67a75d1b-9bbe-4091-9c92-5e817804f79e,USER_V1_77f47010-7089-4dfe-817a-8ced6350c61b,has_account
829,USER_V1_c9fb6cb8-96aa-4159-90f4-ccf3bded35d1,PERSON_V1_dfe23db8-e485-46b8-93f7-71b91ea7eba4,has_profile
829,PERSON_V1_dfe23db8-e485-46b8-93f7-71b91ea7eba4,USER_V1_c9fb6cb8-96aa-4159-90f4-ccf3bded35d1,has_account
830,USER_V1_d7b9235b-bf07-4be7-9ab6-2cb9e66e3906,PERSON_V1_f16d2364-5da8-40f3-babd-3b082c2e259a,has_profile
830,PERSON_V1_f16d2364-5da8-40f3-babd-3b082c2e259a,USER_V1_d7b9235b-bf07-4be7-9ab6-2cb9e66e3906,has_account
831,USER_V1_08e96e8b-62ef-4981-b286-d0045a9a5864,PERSON_V1_1c80d22d-dda4-4d0b-a766-9ff2cf65c905,has_profile
831,PERSON_V1_1c80d22d-dda4-4d0b-a766-9ff2cf65c905,USER_V1_08e96e8b-62ef-4981-b286-d0045a9a5864,has_account
832,USER_V1_5a64b95f-bb7e-46cb-8136-19e24969f94a,PERSON_V1_2a7b28b8-0adf-4b5d-9731-9177b3395c8d,has_profile
832,PERSON_V1_2a7b28b8-0adf-4b5d-9731-9177b3395c8d,USER_V1_5a64b95f-bb7e-46cb-8136-19e24969f94a,has_account
833,USER_V1_a70c6c00-95f2-462d-9c9e-467505f8457a,PERSON_V1_3f0724f1-3a99-485f-a5b5-532dc3ae9fa8,has_profile
833,PERSON_V1_3f0724f1-3a99-485f-a5b5-532dc3ae9fa8,USER_V1_a70c6c00-95f2-462d-9c9e-467505f8457a,has_account
834,USER_V1_444767cc-3134-40f7-8265-39ae2c96ed30,PERSON_V1_4cc89c6b-bdbd-4730-9200-b63669e867aa,has_profile
834,PERSON_V1_4cc89c6b-bdbd-4730-9200-b63669e867aa,USER_V1_444767cc-3134-40f7-8265-39ae2c96ed30,has_account
835,USER_V1_8be7be27-0888-4e4c-a6c0-cabe28f72432,PERSON_V1_6bd1bf7a-335a-45b9-a448-ff8ec7a610e9,has_profile
835,PERSON_V1_6bd1bf7a-335a-45b9-a448-ff8ec7a610e9,USER_V1_8be7be27-0888-4e4c-a6c0-cabe28f72432,has_account
836,USER_V1_71c301e8-6f05-41e9-b508-4b58fa1c17f2,PERSON_V1_48f00c8a-7efc-4ab6-8f30-ee3ba76bb579,has_profile
836,PERSON_V1_48f00c8a-7efc-4ab6-8f30-ee3ba76bb579,USER_V1_71c301e8-6f05-41e9-b508-4b58fa1c17f2,has_account
837,USER_V1_de18f87b-2e2a-498c-9c85-719dd3bad689,PERSON_V1_3ef91d89-0dff-421a-a8fd-bd1e3431060e,has_profile
837,PERSON_V1_3ef91d89-0dff-421a-a8fd-bd1e3431060e,USER_V1_de18f87b-2e2a-498c-9c85-719dd3bad689,has_account
838,USER_V1_62e79a09-2e7e-4a03-a77d-e8944af32e68,PERSON_V1_7b370b43-5373-4cef-beaa-1b87748a09a4,has_profile
838,PERSON_V1_7b370b43-5373-4cef-beaa-1b87748a09a4,USER_V1_62e79a09-2e7e-4a03-a77d-e8944af32e68,has_account
839,USER_V1_340e0312-083d-4699-ad56-e4821ab7f77a,PERSON_V1_80107aea-585c-4f7b-91ea-d1188895c466,has_profile
839,PERSON_V1_80107aea-585c-4f7b-91ea-d1188895c466,USER_V1_340e0312-083d-4699-ad56-e4821ab7f77a,has_account
840,USER_V1_e080bb0c-ca49-4b53-b506-36af4dbf7929,PERSON_V1_0d23b570-2785-45ac-8c4a-350bc7cdab85,has_profile
840,PERSON_V1_0d23b570-2785-45ac-8c4a-350bc7cdab85,USER_V1_e080bb0c-ca49-4b53-b506-36af4dbf7929,has_account
841,USER_V1_67701cbe-ae4d-4636-bdab-41eb5639c8be,PERSON_V1_26bd549c-e549-43db-9863-c744ec468288,has_profile
841,PERSON_V1_26bd549c-e549-43db-9863-c744ec468288,USER_V1_67701cbe-ae4d-4636-bdab-41eb5639c8be,has_account
842,USER_V1_fa2bc714-d175-49e7-b0df-51714f9e1700,PERSON_V1_9a99caa7-2de2-4ba1-b754-2e15b73b8b9d,has_profile
842,PERSON_V1_9a99caa7-2de2-4ba1-b754-2e15b73b8b9d,USER_V1_fa2bc714-d175-49e7-b0df-51714f9e1700,has_account
843,USER_V1_6f618b2c-eac6-4841-ae2f-42ebade6eb69,PERSON_V1_83b3c521-279a-48b6-ad03-74480a66f8c8,has_profile
843,PERSON_V1_83b3c521-279a-48b6-ad03-74480a66f8c8,USER_V1_6f618b2c-eac6-4841-ae2f-42ebade6eb69,has_account
844,USER_V1_0f0ea1dc-9d76-42ed-8186-19b411e19ec8,PERSON_V1_db732850-850c-4f9a-a6bc-6518ced89262,has_profile
844,PERSON_V1_db732850-850c-4f9a-a6bc-6518ced89262,USER_V1_0f0ea1dc-9d76-42ed-8186-19b411e19ec8,has_account
845,USER_V1_819b0e55-0530-4519-beda-a741ac49eab8,PERSON_V1_04e8f4a9-1f1a-4834-91f0-a270e4ef5d80,has_profile
845,PERSON_V1_04e8f4a9-1f1a-4834-91f0-a270e4ef5d80,USER_V1_819b0e55-0530-4519-beda-a741ac49eab8,has_account
846,USER_V1_c0338c23-4745-49cf-a0fd-9885feb3070a,PERSON_V1_bc75bb66-2be7-45b6-b07c-80abe8c18b86,has_profile
846,PERSON_V1_bc75bb66-2be7-45b6-b07c-80abe8c18b86,USER_V1_c0338c23-4745-49cf-a0fd-9885feb3070a,has_account
847,USER_V1_7301a154-00a2-4d6b-90cb-66775feb3d83,PERSON_V1_be0d3c66-ceeb-4a61-ac0d-8324aaf5b88d,has_profile
847,PERSON_V1_be0d3c66-ceeb-4a61-ac0d-8324aaf5b88d,USER_V1_7301a154-00a2-4d6b-90cb-66775feb3d83,has_account
848,USER_V1_71e272fd-7bfe-4341-81ca-30a8b9d489a6,PERSON_V1_2d7c1794-6c08-406d-b95e-ff72cb623147,has_profile
848,PERSON_V1_2d7c1794-6c08-406d-b95e-ff72cb623147,USER_V1_71e272fd-7bfe-4341-81ca-30a8b9d489a6,has_account
849,USER_V1_7414fb99-509f-4ddd-8f04-4480cc005d3c,PERSON_V1_f71e6f58-e1a9-405e-bedc-3883062d673a,has_profile
849,PERSON_V1_f71e6f58-e1a9-405e-bedc-3883062d673a,USER_V1_7414fb99-509f-4ddd-8f04-4480cc005d3c,has_account
850,USER_V1_b90dcc58-f328-46ba-a5cb-576d08fa8523,PERSON_V1_7aa05a8b-b79a-4fe1-934b-727b3fef0782,has_profile
850,PERSON_V1_7aa05a8b-b79a-4fe1-934b-727b3fef0782,USER_V1_b90dcc58-f328-46ba-a5cb-576d08fa8523,has_account
851,USER_V1_e511248b-6a6a-4889-ab5b-af13c568eabd,PERSON_V1_dd39ee86-7ad8-46ff-bccf-53e04d39801a,has_profile
851,PERSON_V1_dd39ee86-7ad8-46ff-bccf-53e04d39801a,USER_V1_e511248b-6a6a-4889-ab5b-af13c568eabd,has_account
852,USER_V1_a7a990a7-3e78-4cfd-b68a-09a95aee18c0,PERSON_V1_6c461b97-20c8-4df4-b72f-aa06cf33a4b4,has_profile
852,PERSON_V1_6c461b97-20c8-4df4-b72f-aa06cf33a4b4,USER_V1_a7a990a7-3e78-4cfd-b68a-09a95aee18c0,has_account
853,USER_V1_c7564533-fca1-4a64-805b-905175b501f9,PERSON_V1_7d993296-b793-4d72-91b5-dea732676873,has_profile
853,PERSON_V1_7d993296-b793-4d72-91b5-dea732676873,USER_V1_c7564533-fca1-4a64-805b-905175b501f9,has_account
854,USER_V1_04de2270-0c60-428d-a9f1-1930bbb9d3b9,PERSON_V1_2f5d18c1-ebcb-4619-98ee-48b2d7e72146,has_profile
854,PERSON_V1_2f5d18c1-ebcb-4619-98ee-48b2d7e72146,USER_V1_04de2270-0c60-428d-a9f1-1930bbb9d3b9,has_account
855,USER_V1_8a29f151-98f3-41d8-8742-882f91aa00f1,PERSON_V1_ecf016e7-1cb5-43d4-afa8-38500a190632,has_profile
855,PERSON_V1_ecf016e7-1cb5-43d4-afa8-38500a190632,USER_V1_8a29f151-98f3-41d8-8742-882f91aa00f1,has_account
856,USER_V1_be2517be-641f-4d0f-b62b-0e3a37df1740,PERSON_V1_9ce3bc85-fe93-470e-b785-d8341a7a83b6,has_profile
856,PERSON_V1_9ce3bc85-fe93-470e-b785-d8341a7a83b6,USER_V1_be2517be-641f-4d0f-b62b-0e3a37df1740,has_account
857,USER_V1_a38222ba-3286-4ef2-af76-32cd33f37de1,PERSON_V1_bbd210cb-20dd-48e7-98c4-c8df435d219e,has_profile
857,PERSON_V1_bbd210cb-20dd-48e7-98c4-c8df435d219e,USER_V1_a38222ba-3286-4ef2-af76-32cd33f37de1,has_account
858,USER_V1_c1f500ef-2df4-4398-b186-65a9a8e2f8e8,PERSON_V1_f687eca7-ae2d-431d-9153-578e12ec7e3d,has_profile
858,PERSON_V1_f687eca7-ae2d-431d-9153-578e12ec7e3d,USER_V1_c1f500ef-2df4-4398-b186-65a9a8e2f8e8,has_account
859,USER_V1_4b39e7a9-1f5c-4d20-88c1-f6acd1ef790b,PERSON_V1_d023c46e-387b-4a0c-92e3-e23c83791d25,has_profile
859,PERSON_V1_d023c46e-387b-4a0c-92e3-e23c83791d25,USER_V1_4b39e7a9-1f5c-4d20-88c1-f6acd1ef790b,has_account
860,USER_V1_dd7a469d-cc92-435e-bca5-c6f62b09eb1e,PERSON_V1_decbb59e-038e-42c0-afb6-23286cd08ccc,has_profile
860,PERSON_V1_decbb59e-038e-42c0-afb6-23286cd08ccc,USER_V1_dd7a469d-cc92-435e-bca5-c6f62b09eb1e,has_account
861,USER_V1_d73d6080-8091-463b-bad0-36ee2310a053,PERSON_V1_3ca12c5a-cd21-46dd-8534-195d62fadec2,has_profile
861,PERSON_V1_3ca12c5a-cd21-46dd-8534-195d62fadec2,USER_V1_d73d6080-8091-463b-bad0-36ee2310a053,has_account
862,USER_V1_39af0d93-0e92-42b0-8634-f6f1baa94d75,PERSON_V1_ee765ebe-1f65-468a-9edb-d51a89db54e0,has_profile
862,PERSON_V1_ee765ebe-1f65-468a-9edb-d51a89db54e0,USER_V1_39af0d93-0e92-42b0-8634-f6f1baa94d75,has_account
863,USER_V1_1cc1672f-3900-4037-81ae-b86cb273bab6,PERSON_V1_586dad0a-442d-4f22-8fe3-afbd2f16a68f,has_profile
863,PERSON_V1_586dad0a-442d-4f22-8fe3-afbd2f16a68f,USER_V1_1cc1672f-3900-4037-81ae-b86cb273bab6,has_account
864,USER_V1_aa438db8-c292-4f33-af11-4610fa3e733f,PERSON_V1_01ba6d72-49d8-402a-a098-1b2596c06c93,has_profile
864,PERSON_V1_01ba6d72-49d8-402a-a098-1b2596c06c93,USER_V1_aa438db8-c292-4f33-af11-4610fa3e733f,has_account
865,USER_V1_7991c740-5b62-48d1-9092-b865a98e33ba,PERSON_V1_39c33fc4-3854-44f3-892e-4867f2bb1b2b,has_profile
865,PERSON_V1_39c33fc4-3854-44f3-892e-4867f2bb1b2b,USER_V1_7991c740-5b62-48d1-9092-b865a98e33ba,has_account
866,USER_V1_03b2aa4b-61e1-4861-adb7-07efa46ed5e4,PERSON_V1_f8a2e4de-90a6-4f72-a6e8-6a5084daf73c,has_profile
866,PERSON_V1_f8a2e4de-90a6-4f72-a6e8-6a5084daf73c,USER_V1_03b2aa4b-61e1-4861-adb7-07efa46ed5e4,has_account
867,USER_V1_f25ca1fc-ce6b-4e01-bf23-4a97eb65c3bd,PERSON_V1_1fd1cd2b-8dfc-416f-aa0c-35f9847b5520,has_profile
867,PERSON_V1_1fd1cd2b-8dfc-416f-aa0c-35f9847b5520,USER_V1_f25ca1fc-ce6b-4e01-bf23-4a97eb65c3bd,has_account
868,USER_V1_c1f5aae7-65cb-4221-be08-82fbb5633e2b,PERSON_V1_0a312935-cdd0-40ae-92f0-bfbb34796b85,has_profile
868,PERSON_V1_0a312935-cdd0-40ae-92f0-bfbb34796b85,USER_V1_c1f5aae7-65cb-4221-be08-82fbb5633e2b,has_account
869,USER_V1_04094fc1-1b31-4fcb-8aa8-ab8fec9486ff,PERSON_V1_84fa17f7-766a-42f2-a74e-85cc8568caf1,has_profile
869,PERSON_V1_84fa17f7-766a-42f2-a74e-85cc8568caf1,USER_V1_04094fc1-1b31-4fcb-8aa8-ab8fec9486ff,has_account
870,USER_V1_6b23e1e4-390b-479c-bb6a-ca59337ba88a,PERSON_V1_b9ab2217-14eb-43be-bbd9-96f617cb392f,has_profile
870,PERSON_V1_b9ab2217-14eb-43be-bbd9-96f617cb392f,USER_V1_6b23e1e4-390b-479c-bb6a-ca59337ba88a,has_account
871,USER_V1_017bd4f8-e448-44bb-96e9-5df209c21198,PERSON_V1_7b1eefe2-4adc-4b93-b4a7-bcfb1dd08573,has_profile
871,PERSON_V1_7b1eefe2-4adc-4b93-b4a7-bcfb1dd08573,USER_V1_017bd4f8-e448-44bb-96e9-5df209c21198,has_account
872,USER_V1_7c4e7ac3-f1d6-43cd-bc33-e1a8e7ce30a6,PERSON_V1_f0822a7b-7efb-4d46-b4f3-d8a3ed9c4dba,has_profile
872,PERSON_V1_f0822a7b-7efb-4d46-b4f3-d8a3ed9c4dba,USER_V1_7c4e7ac3-f1d6-43cd-bc33-e1a8e7ce30a6,has_account
873,USER_V1_612ac2d9-d57c-45c8-b42e-a73e5f18f53e,PERSON_V1_5bdb6b93-b577-4ce8-a58a-8d26af2949ec,has_profile
873,PERSON_V1_5bdb6b93-b577-4ce8-a58a-8d26af2949ec,USER_V1_612ac2d9-d57c-45c8-b42e-a73e5f18f53e,has_account
874,USER_V1_41578ea6-0678-40cc-9782-9f190c8fcef5,PERSON_V1_6c2bd98a-24e2-4841-90ee-749e1c719a5b,has_profile
874,PERSON_V1_6c2bd98a-24e2-4841-90ee-749e1c719a5b,USER_V1_41578ea6-0678-40cc-9782-9f190c8fcef5,has_account
875,USER_V1_094c764a-2e4d-43f2-b8bc-e11a9ae3e89f,PERSON_V1_07e2350c-3676-4e19-a5b8-346ab2ccbacf,has_profile
875,PERSON_V1_07e2350c-3676-4e19-a5b8-346ab2ccbacf,USER_V1_094c764a-2e4d-43f2-b8bc-e11a9ae3e89f,has_account
876,USER_V1_69e707e4-b02f-4afb-ae1c-4ed2b8b16eb1,PERSON_V1_d2a74ea8-7b50-44fe-87d3-157c0788d367,has_profile
876,PERSON_V1_d2a74ea8-7b50-44fe-87d3-157c0788d367,USER_V1_69e707e4-b02f-4afb-ae1c-4ed2b8b16eb1,has_account
877,USER_V1_b2bfc83f-9e51-4b2c-960f-dcd3427115d0,PERSON_V1_b529dace-14fb-49f6-bcf9-3c92b9bd969b,has_profile
877,PERSON_V1_b529dace-14fb-49f6-bcf9-3c92b9bd969b,USER_V1_b2bfc83f-9e51-4b2c-960f-dcd3427115d0,has_account
878,USER_V1_36faff7a-7570-4bc9-bcba-5ad908e4bc69,PERSON_V1_e82f6a0e-5d3f-4b91-9457-51183a312840,has_profile
878,PERSON_V1_e82f6a0e-5d3f-4b91-9457-51183a312840,USER_V1_36faff7a-7570-4bc9-bcba-5ad908e4bc69,has_account
879,USER_V1_ec9cdcc5-4b0d-4b43-b398-af9c6a7bc1a1,PERSON_V1_961d8862-59ab-49e6-b099-b0aeda09ff9f,has_profile
879,PERSON_V1_961d8862-59ab-49e6-b099-b0aeda09ff9f,USER_V1_ec9cdcc5-4b0d-4b43-b398-af9c6a7bc1a1,has_account
880,USER_V1_cc0e9f1f-814a-4af3-8bac-5322324f70ba,PERSON_V1_f4463565-787e-47d9-a3d8-f40f2fd3ebf7,has_profile
880,PERSON_V1_f4463565-787e-47d9-a3d8-f40f2fd3ebf7,USER_V1_cc0e9f1f-814a-4af3-8bac-5322324f70ba,has_account
881,USER_V1_2fcd7167-01c0-43ca-85df-804de2346245,PERSON_V1_870c1715-2e89-49e5-944d-79c6cbd9b458,has_profile
881,PERSON_V1_870c1715-2e89-49e5-944d-79c6cbd9b458,USER_V1_2fcd7167-01c0-43ca-85df-804de2346245,has_account
882,USER_V1_22fc323c-0fd0-4d28-9268-2af22d193e53,PERSON_V1_8939c60d-bd0f-41d6-866e-f04ccb1241c8,has_profile
882,PERSON_V1_8939c60d-bd0f-41d6-866e-f04ccb1241c8,USER_V1_22fc323c-0fd0-4d28-9268-2af22d193e53,has_account
883,USER_V1_8006c2a4-1f11-4cd1-a74b-3abcc360b687,PERSON_V1_f52984a9-955e-4fd1-996e-7277dd215d64,has_profile
883,PERSON_V1_f52984a9-955e-4fd1-996e-7277dd215d64,USER_V1_8006c2a4-1f11-4cd1-a74b-3abcc360b687,has_account
884,USER_V1_b2922bb1-d781-4e6c-9ed5-8ce865b4c5e1,PERSON_V1_c3959df9-d733-4c81-8dbf-c8ff3d00c126,has_profile
884,PERSON_V1_c3959df9-d733-4c81-8dbf-c8ff3d00c126,USER_V1_b2922bb1-d781-4e6c-9ed5-8ce865b4c5e1,has_account
885,USER_V1_ec42a799-eba1-4de7-9eb4-adca4039b935,PERSON_V1_3c23c525-d11d-4e6a-9635-1d95cfa0471b,has_profile
885,PERSON_V1_3c23c525-d11d-4e6a-9635-1d95cfa0471b,USER_V1_ec42a799-eba1-4de7-9eb4-adca4039b935,has_account
886,USER_V1_d0efb046-0903-4f84-baca-87dabd3d2744,PERSON_V1_139fae63-c396-410b-a6b2-29419f9e1198,has_profile
886,PERSON_V1_139fae63-c396-410b-a6b2-29419f9e1198,USER_V1_d0efb046-0903-4f84-baca-87dabd3d2744,has_account
887,USER_V1_2bf6920a-6bba-4362-b84d-c90e27e306b6,PERSON_V1_f1a34c57-322b-401c-b531-9984dfc6e644,has_profile
887,PERSON_V1_f1a34c57-322b-401c-b531-9984dfc6e644,USER_V1_2bf6920a-6bba-4362-b84d-c90e27e306b6,has_account
888,USER_V1_436aceef-adda-4577-ba5a-98c3b2d07dbd,PERSON_V1_e7968e81-8f47-47f4-82b8-a5413d338f4f,has_profile
888,PERSON_V1_e7968e81-8f47-47f4-82b8-a5413d338f4f,USER_V1_436aceef-adda-4577-ba5a-98c3b2d07dbd,has_account
889,USER_V1_4bb92e6f-b2c8-4620-b39e-b47174a6a768,PERSON_V1_881afe1e-8576-448d-b5c9-ce4eeca7213b,has_profile
889,PERSON_V1_881afe1e-8576-448d-b5c9-ce4eeca7213b,USER_V1_4bb92e6f-b2c8-4620-b39e-b47174a6a768,has_account
890,USER_V1_3258de55-f141-4291-abf3-4703dcf38d32,PERSON_V1_191690ba-482c-44a1-9cfa-d59e31dd899f,has_profile
890,PERSON_V1_191690ba-482c-44a1-9cfa-d59e31dd899f,USER_V1_3258de55-f141-4291-abf3-4703dcf38d32,has_account
891,USER_V1_6ff102a3-f5ad-4148-bc08-f2b4faa60d91,PERSON_V1_708dad09-b6ac-41c2-8b73-f32502c3776b,has_profile
891,PERSON_V1_708dad09-b6ac-41c2-8b73-f32502c3776b,USER_V1_6ff102a3-f5ad-4148-bc08-f2b4faa60d91,has_account
892,USER_V1_0df5e3c0-7f15-4934-b4e3-1047a638eb8f,PERSON_V1_a01974e6-4765-4bb7-9f7b-73b903e4a429,has_profile
892,PERSON_V1_a01974e6-4765-4bb7-9f7b-73b903e4a429,USER_V1_0df5e3c0-7f15-4934-b4e3-1047a638eb8f,has_account
893,USER_V1_db7daaf7-32f6-4f58-bcee-2b9441ef0ceb,PERSON_V1_59ff990f-994c-4fd4-a3ee-41b2c1d987cf,has_profile
893,PERSON_V1_59ff990f-994c-4fd4-a3ee-41b2c1d987cf,USER_V1_db7daaf7-32f6-4f58-bcee-2b9441ef0ceb,has_account
894,USER_V1_9a70c777-0644-40c4-8a5e-9b6b5d4a4063,PERSON_V1_0867b2ed-215d-40da-b818-37ffd1db6f31,has_profile
894,PERSON_V1_0867b2ed-215d-40da-b818-37ffd1db6f31,USER_V1_9a70c777-0644-40c4-8a5e-9b6b5d4a4063,has_account
895,USER_V1_3b1eb995-6857-48c8-bfb2-75a9cba4e235,PERSON_V1_a9d224de-3756-4cf3-aed5-00536096ea32,has_profile
895,PERSON_V1_a9d224de-3756-4cf3-aed5-00536096ea32,USER_V1_3b1eb995-6857-48c8-bfb2-75a9cba4e235,has_account
896,USER_V1_705e8530-81ff-4a37-82cd-9e1ce8bf0cba,PERSON_V1_e26b7aa2-6320-43c7-a43d-58ca3c02055b,has_profile
896,PERSON_V1_e26b7aa2-6320-43c7-a43d-58ca3c02055b,USER_V1_705e8530-81ff-4a37-82cd-9e1ce8bf0cba,has_account
897,USER_V1_9654ff56-cd3b-4cda-ab87-99305a457b27,PERSON_V1_2bce2bc8-a8ca-422b-9b4c-6955012c25c9,has_profile
897,PERSON_V1_2bce2bc8-a8ca-422b-9b4c-6955012c25c9,USER_V1_9654ff56-cd3b-4cda-ab87-99305a457b27,has_account
898,USER_V1_d178bcfc-18e2-4248-b5d6-f329ca61aaca,PERSON_V1_3072177f-df31-43b7-9ff3-8d2566a676a8,has_profile
898,PERSON_V1_3072177f-df31-43b7-9ff3-8d2566a676a8,USER_V1_d178bcfc-18e2-4248-b5d6-f329ca61aaca,has_account
899,USER_V1_5fa7426b-484e-453f-a1fb-5e9e69312012,PERSON_V1_d0bfdb55-7ebf-4dfc-a47e-e9c5392a948d,has_profile
899,PERSON_V1_d0bfdb55-7ebf-4dfc-a47e-e9c5392a948d,USER_V1_5fa7426b-484e-453f-a1fb-5e9e69312012,has_account
900,USER_V1_73eca016-7af6-4a43-97aa-d79f057fea87,PERSON_V1_8c1cf0bc-58b5-43ad-8f30-8937a98cb7e9,has_profile
900,PERSON_V1_8c1cf0bc-58b5-43ad-8f30-8937a98cb7e9,USER_V1_73eca016-7af6-4a43-97aa-d79f057fea87,has_account
901,USER_V1_4d8abea1-5533-4b07-90cd-fbf840cc0d5f,PERSON_V1_aaadeca7-266a-4b41-9729-eebdfdf7956c,has_profile
901,PERSON_V1_aaadeca7-266a-4b41-9729-eebdfdf7956c,USER_V1_4d8abea1-5533-4b07-90cd-fbf840cc0d5f,has_account
902,USER_V1_5eaf5faa-c51d-4d8c-8421-0bb4c51854bb,PERSON_V1_25e604b0-a292-4a3f-b407-315dfc1209bb,has_profile
902,PERSON_V1_25e604b0-a292-4a3f-b407-315dfc1209bb,USER_V1_5eaf5faa-c51d-4d8c-8421-0bb4c51854bb,has_account
903,USER_V1_ce053af3-e3be-430c-92dd-4e0b1c2bd130,PERSON_V1_41dcfbf9-1146-454d-9b1d-7e31a76778f1,has_profile
903,PERSON_V1_41dcfbf9-1146-454d-9b1d-7e31a76778f1,USER_V1_ce053af3-e3be-430c-92dd-4e0b1c2bd130,has_account
904,USER_V1_c6a34d7d-3f0d-4ad4-86a3-6c198b01dab3,PERSON_V1_2fefa5de-fceb-4e0c-a3ef-e5dd1813218c,has_profile
904,PERSON_V1_2fefa5de-fceb-4e0c-a3ef-e5dd1813218c,USER_V1_c6a34d7d-3f0d-4ad4-86a3-6c198b01dab3,has_account
905,USER_V1_303207e0-56d0-4e7f-aa8c-dff24a3fa8e8,PERSON_V1_c7884c2e-dcb8-452e-86f9-7b05028959b4,has_profile
905,PERSON_V1_c7884c2e-dcb8-452e-86f9-7b05028959b4,USER_V1_303207e0-56d0-4e7f-aa8c-dff24a3fa8e8,has_account
906,USER_V1_e034ec25-3262-48a5-a33a-7aedfe137030,PERSON_V1_19bdd752-7d0f-4f43-9e2c-8c745981287f,has_profile
906,PERSON_V1_19bdd752-7d0f-4f43-9e2c-8c745981287f,USER_V1_e034ec25-3262-48a5-a33a-7aedfe137030,has_account
907,USER_V1_d2454d3b-0caf-4447-961a-147aa4b440a8,PERSON_V1_4eb86bd0-0d10-40ac-b984-01ac8e9b1be9,has_profile
907,PERSON_V1_4eb86bd0-0d10-40ac-b984-01ac8e9b1be9,USER_V1_d2454d3b-0caf-4447-961a-147aa4b440a8,has_account
908,USER_V1_ee2cc8a2-6be8-4b44-8290-f319a851cbab,PERSON_V1_1aea7fa7-3114-47ba-81d8-dc183295892d,has_profile
908,PERSON_V1_1aea7fa7-3114-47ba-81d8-dc183295892d,USER_V1_ee2cc8a2-6be8-4b44-8290-f319a851cbab,has_account
909,USER_V1_b11a82af-08e8-4d5c-9af7-90524f0ef89e,PERSON_V1_456232dc-f883-490c-abc8-18af4f73c383,has_profile
909,PERSON_V1_456232dc-f883-490c-abc8-18af4f73c383,USER_V1_b11a82af-08e8-4d5c-9af7-90524f0ef89e,has_account
910,USER_V1_b98f5c21-a417-45a7-8307-30614c9e18d5,PERSON_V1_fb963e59-d7df-4e71-b759-13adf0d02d01,has_profile
910,PERSON_V1_fb963e59-d7df-4e71-b759-13adf0d02d01,USER_V1_b98f5c21-a417-45a7-8307-30614c9e18d5,has_account
911,USER_V1_9dae4b79-b791-4b6e-9591-3aa0c229ae0e,PERSON_V1_4c6d6da9-85a1-4f4b-a830-76216248f295,has_profile
911,PERSON_V1_4c6d6da9-85a1-4f4b-a830-76216248f295,USER_V1_9dae4b79-b791-4b6e-9591-3aa0c229ae0e,has_account
912,USER_V1_ce02fecc-904c-47c3-a1e4-593d45ecf224,PERSON_V1_ee78ad76-6909-401c-9786-60bd9a9573de,has_profile
912,PERSON_V1_ee78ad76-6909-401c-9786-60bd9a9573de,USER_V1_ce02fecc-904c-47c3-a1e4-593d45ecf224,has_account
913,USER_V1_ecb68c5f-7f87-43cf-a983-f658e3c29648,PERSON_V1_997c5d23-4a51-434d-82e7-7c5e6a7ef4e3,has_profile
913,PERSON_V1_997c5d23-4a51-434d-82e7-7c5e6a7ef4e3,USER_V1_ecb68c5f-7f87-43cf-a983-f658e3c29648,has_account
914,USER_V1_4e0fd2f7-52c5-47bd-b339-b7d8afbd5fc3,PERSON_V1_f676e11f-5e05-4f56-b183-f3b120e1f8f9,has_profile
914,PERSON_V1_f676e11f-5e05-4f56-b183-f3b120e1f8f9,USER_V1_4e0fd2f7-52c5-47bd-b339-b7d8afbd5fc3,has_account
915,USER_V1_d5f070ca-03de-41d7-abd5-332c5eb638e8,PERSON_V1_e168cc6f-9627-4ed1-8a2e-973fcf1122e7,has_profile
915,PERSON_V1_e168cc6f-9627-4ed1-8a2e-973fcf1122e7,USER_V1_d5f070ca-03de-41d7-abd5-332c5eb638e8,has_account
916,USER_V1_555ebf9d-c0e5-4bf7-b4e6-21dae8d14bde,PERSON_V1_91b44c68-e50b-4598-a8d3-a1f6fff8be4d,has_profile
916,PERSON_V1_91b44c68-e50b-4598-a8d3-a1f6fff8be4d,USER_V1_555ebf9d-c0e5-4bf7-b4e6-21dae8d14bde,has_account
917,USER_V1_31377f63-c1aa-478a-8b02-17ff8d1feac0,PERSON_V1_d1a70bc2-9508-48f9-a06c-93dfb2449a9d,has_profile
917,PERSON_V1_d1a70bc2-9508-48f9-a06c-93dfb2449a9d,USER_V1_31377f63-c1aa-478a-8b02-17ff8d1feac0,has_account
918,USER_V1_eef90c00-7a28-4f28-b121-dc2de316d106,PERSON_V1_3914d625-2ca5-40db-a6c4-325491f306f5,has_profile
918,PERSON_V1_3914d625-2ca5-40db-a6c4-325491f306f5,USER_V1_eef90c00-7a28-4f28-b121-dc2de316d106,has_account
919,USER_V1_cc351fc5-3fad-44f9-a68b-c706a726f7ec,PERSON_V1_0c1b8b0e-2ef0-4bae-9a33-e721d6bfb8bf,has_profile
919,PERSON_V1_0c1b8b0e-2ef0-4bae-9a33-e721d6bfb8bf,USER_V1_cc351fc5-3fad-44f9-a68b-c706a726f7ec,has_account
920,USER_V1_a5e41f51-5e18-4f14-a902-dc9cc67275d7,PERSON_V1_d7cbee11-071c-4ad7-b7b6-d40b6e654bcb,has_profile
920,PERSON_V1_d7cbee11-071c-4ad7-b7b6-d40b6e654bcb,USER_V1_a5e41f51-5e18-4f14-a902-dc9cc67275d7,has_account
921,USER_V1_c1dde6b4-9236-46e8-9829-99dc4f1af2bf,PERSON_V1_7ba83f78-de01-4f10-965c-4eab88be8909,has_profile
921,PERSON_V1_7ba83f78-de01-4f10-965c-4eab88be8909,USER_V1_c1dde6b4-9236-46e8-9829-99dc4f1af2bf,has_account
922,USER_V1_b5960968-454b-460d-a67a-76934dd1a151,PERSON_V1_e902d2a4-5ab4-4b4a-8e9a-651669437775,has_profile
922,PERSON_V1_e902d2a4-5ab4-4b4a-8e9a-651669437775,USER_V1_b5960968-454b-460d-a67a-76934dd1a151,has_account
923,USER_V1_b8f3c5ed-971d-4984-823b-c0daf4d3b4a9,PERSON_V1_1cf07a6b-ee14-42bd-b42b-a7b73b02b1e5,has_profile
923,PERSON_V1_1cf07a6b-ee14-42bd-b42b-a7b73b02b1e5,USER_V1_b8f3c5ed-971d-4984-823b-c0daf4d3b4a9,has_account
924,USER_V1_e1617fa3-7863-4e78-b7ee-602f7c6feb56,PERSON_V1_31236f5c-889e-43f1-833b-856cb947895d,has_profile
924,PERSON_V1_31236f5c-889e-43f1-833b-856cb947895d,USER_V1_e1617fa3-7863-4e78-b7ee-602f7c6feb56,has_account
925,USER_V1_bdf45069-2825-4066-b9c5-1da7fad983ef,PERSON_V1_6bd34f13-ab22-4aea-bcd3-fb6c544b32f0,has_profile
925,PERSON_V1_6bd34f13-ab22-4aea-bcd3-fb6c544b32f0,USER_V1_bdf45069-2825-4066-b9c5-1da7fad983ef,has_account
926,USER_V1_3a81ce06-2c7a-4335-afd2-da466b53138c,PERSON_V1_620c4854-fe01-4846-93df-9a365ad6c99a,has_profile
926,PERSON_V1_620c4854-fe01-4846-93df-9a365ad6c99a,USER_V1_3a81ce06-2c7a-4335-afd2-da466b53138c,has_account
927,USER_V1_062c36d8-a6bf-429d-a60b-95193eb663a6,PERSON_V1_44e73094-6dd5-43b6-801e-6eee81957936,has_profile
927,PERSON_V1_44e73094-6dd5-43b6-801e-6eee81957936,USER_V1_062c36d8-a6bf-429d-a60b-95193eb663a6,has_account
928,USER_V1_61a3a567-67bf-410c-befc-01cd3e3f4861,PERSON_V1_d6ff69e3-89ef-4beb-b918-7ec2b38d0682,has_profile
928,PERSON_V1_d6ff69e3-89ef-4beb-b918-7ec2b38d0682,USER_V1_61a3a567-67bf-410c-befc-01cd3e3f4861,has_account
929,USER_V1_14c0ed53-68c2-4677-92de-7f8bd010f995,PERSON_V1_1245a274-f55c-43fe-80cb-83e39d9518f7,has_profile
929,PERSON_V1_1245a274-f55c-43fe-80cb-83e39d9518f7,USER_V1_14c0ed53-68c2-4677-92de-7f8bd010f995,has_account
930,USER_V1_0b43b15b-59aa-480e-9095-a7313de3021a,PERSON_V1_8b0715cc-8945-4d69-86f9-d87bb2d2efb6,has_profile
930,PERSON_V1_8b0715cc-8945-4d69-86f9-d87bb2d2efb6,USER_V1_0b43b15b-59aa-480e-9095-a7313de3021a,has_account
931,USER_V1_dfed05cd-4264-417e-b6ce-6b6ddcac9a0b,PERSON_V1_21e3a5ee-9264-478d-b70c-0d70aad05cc9,has_profile
931,PERSON_V1_21e3a5ee-9264-478d-b70c-0d70aad05cc9,USER_V1_dfed05cd-4264-417e-b6ce-6b6ddcac9a0b,has_account
932,USER_V1_467d23d2-e488-469b-9dba-75112a8e3bfb,PERSON_V1_71b9429a-b119-4bb5-a04e-ca3cc94d227e,has_profile
932,PERSON_V1_71b9429a-b119-4bb5-a04e-ca3cc94d227e,USER_V1_467d23d2-e488-469b-9dba-75112a8e3bfb,has_account
933,USER_V1_4db189d4-56a9-43a1-8d71-11aa193bb68f,PERSON_V1_f02719e7-0af0-46fb-a9a6-1f3a7d4e2f87,has_profile
933,PERSON_V1_f02719e7-0af0-46fb-a9a6-1f3a7d4e2f87,USER_V1_4db189d4-56a9-43a1-8d71-11aa193bb68f,has_account
934,USER_V1_2d284558-4fe4-4dbc-be80-d2f6b81c62b3,PERSON_V1_eeadd9fa-7e9a-47ee-97e3-dcfbe953c61e,has_profile
934,PERSON_V1_eeadd9fa-7e9a-47ee-97e3-dcfbe953c61e,USER_V1_2d284558-4fe4-4dbc-be80-d2f6b81c62b3,has_account
935,USER_V1_fa38e981-109c-48c5-8280-ebb4c10be0d2,PERSON_V1_3871dcc1-12ed-419e-9a13-92e04dc0f66c,has_profile
935,PERSON_V1_3871dcc1-12ed-419e-9a13-92e04dc0f66c,USER_V1_fa38e981-109c-48c5-8280-ebb4c10be0d2,has_account
936,USER_V1_70ed9e6d-fdf9-4da1-9928-de053378d6c5,PERSON_V1_9df626f3-fd30-43ce-b33c-7e024b680d63,has_profile
936,PERSON_V1_9df626f3-fd30-43ce-b33c-7e024b680d63,USER_V1_70ed9e6d-fdf9-4da1-9928-de053378d6c5,has_account
937,USER_V1_2c631c8c-0025-40bf-8878-af133aa323a2,PERSON_V1_7c02c17b-52c0-41c4-a95a-7175b7e08ac8,has_profile
937,PERSON_V1_7c02c17b-52c0-41c4-a95a-7175b7e08ac8,USER_V1_2c631c8c-0025-40bf-8878-af133aa323a2,has_account
938,USER_V1_9cdce654-1110-4680-a69f-2ab5a2285a39,PERSON_V1_5f431552-e94b-466f-85d9-e8c503791221,has_profile
938,PERSON_V1_5f431552-e94b-466f-85d9-e8c503791221,USER_V1_9cdce654-1110-4680-a69f-2ab5a2285a39,has_account
939,USER_V1_92a67b8a-6032-475c-acf6-0d7791c41ef7,PERSON_V1_d97f4d82-55c1-46a1-9a09-ea81933a74cd,has_profile
939,PERSON_V1_d97f4d82-55c1-46a1-9a09-ea81933a74cd,USER_V1_92a67b8a-6032-475c-acf6-0d7791c41ef7,has_account
940,USER_V1_fb32c408-9e3e-4686-8f2c-e9dba0346a99,PERSON_V1_fa01ad17-2830-4113-a9d6-976cee034543,has_profile
940,PERSON_V1_fa01ad17-2830-4113-a9d6-976cee034543,USER_V1_fb32c408-9e3e-4686-8f2c-e9dba0346a99,has_account
941,USER_V1_08af23cf-042c-4b72-b0e3-e2609b44c93a,PERSON_V1_7d40d9df-dcb6-449e-bf16-c818bc3ff31f,has_profile
941,PERSON_V1_7d40d9df-dcb6-449e-bf16-c818bc3ff31f,USER_V1_08af23cf-042c-4b72-b0e3-e2609b44c93a,has_account
942,USER_V1_f16c1290-4356-415b-9310-9865606b48f2,PERSON_V1_6778a2c2-89bc-4b18-bec4-0baa85a7ff68,has_profile
942,PERSON_V1_6778a2c2-89bc-4b18-bec4-0baa85a7ff68,USER_V1_f16c1290-4356-415b-9310-9865606b48f2,has_account
943,USER_V1_7f4a305a-c879-41d3-82c3-239187356e6e,PERSON_V1_fb1f0ac5-4d26-45c2-be03-accba7b00b3d,has_profile
943,PERSON_V1_fb1f0ac5-4d26-45c2-be03-accba7b00b3d,USER_V1_7f4a305a-c879-41d3-82c3-239187356e6e,has_account
944,USER_V1_7851ad76-39a2-45ee-ae31-9e78f85d7d9f,PERSON_V1_f96ebb8d-e86b-4972-a71e-fb140a4d5a20,has_profile
944,PERSON_V1_f96ebb8d-e86b-4972-a71e-fb140a4d5a20,USER_V1_7851ad76-39a2-45ee-ae31-9e78f85d7d9f,has_account
945,USER_V1_37560cd1-44f8-4c5e-aa14-5ed736505d85,PERSON_V1_e8903499-3696-4f3e-9f7d-b6b04459f5a4,has_profile
945,PERSON_V1_e8903499-3696-4f3e-9f7d-b6b04459f5a4,USER_V1_37560cd1-44f8-4c5e-aa14-5ed736505d85,has_account
946,USER_V1_e118045f-5314-450e-8111-b38b87361aca,PERSON_V1_25f4d3b0-09d7-4fde-affa-a4b8cb1c3890,has_profile
946,PERSON_V1_25f4d3b0-09d7-4fde-affa-a4b8cb1c3890,USER_V1_e118045f-5314-450e-8111-b38b87361aca,has_account
947,USER_V1_3b8de3a3-aa60-4d90-8a43-702b3f82d91f,PERSON_V1_cad4938b-27ce-4508-864c-c6752dd53a92,has_profile
947,PERSON_V1_cad4938b-27ce-4508-864c-c6752dd53a92,USER_V1_3b8de3a3-aa60-4d90-8a43-702b3f82d91f,has_account
948,USER_V1_a889e64c-42b0-43ba-86d4-261a08362f61,PERSON_V1_e7b587c0-098a-4dc4-ab37-c000443d3102,has_profile
948,PERSON_V1_e7b587c0-098a-4dc4-ab37-c000443d3102,USER_V1_a889e64c-42b0-43ba-86d4-261a08362f61,has_account
949,USER_V1_65585a60-1d7f-40f5-90a9-edca4671acba,PERSON_V1_3cd70f44-5179-45c3-a19c-41df46b2811f,has_profile
949,PERSON_V1_3cd70f44-5179-45c3-a19c-41df46b2811f,USER_V1_65585a60-1d7f-40f5-90a9-edca4671acba,has_account
950,USER_V1_f2dcf0a9-df2d-472c-89bf-24b9e4a4a98c,PERSON_V1_adde4a12-2e3b-4102-8177-397b48a45ba6,has_profile
950,PERSON_V1_adde4a12-2e3b-4102-8177-397b48a45ba6,USER_V1_f2dcf0a9-df2d-472c-89bf-24b9e4a4a98c,has_account
951,USER_V1_ba386304-d25a-4f13-a458-07a9f576ec6d,PERSON_V1_e258f761-16de-43fc-be6f-59b68c297a38,has_profile
951,PERSON_V1_e258f761-16de-43fc-be6f-59b68c297a38,USER_V1_ba386304-d25a-4f13-a458-07a9f576ec6d,has_account
952,USER_V1_db4b1b20-422f-4a12-aa7d-c1ecbf20abac,PERSON_V1_be672553-34c2-4fca-b081-7ae896f1c051,has_profile
952,PERSON_V1_be672553-34c2-4fca-b081-7ae896f1c051,USER_V1_db4b1b20-422f-4a12-aa7d-c1ecbf20abac,has_account
953,USER_V1_302d7ed3-af26-4fc2-84e7-eb59c9db1648,PERSON_V1_323e7325-c988-4c11-97ca-a11e68f656ef,has_profile
953,PERSON_V1_323e7325-c988-4c11-97ca-a11e68f656ef,USER_V1_302d7ed3-af26-4fc2-84e7-eb59c9db1648,has_account
954,USER_V1_a131a90a-0374-4c6d-9dd8-988859c3e328,PERSON_V1_9b01e55e-9ed3-4433-a176-29139ef4d67b,has_profile
954,PERSON_V1_9b01e55e-9ed3-4433-a176-29139ef4d67b,USER_V1_a131a90a-0374-4c6d-9dd8-988859c3e328,has_account
955,USER_V1_226f5835-61a4-4f7c-be14-53596d0ae899,PERSON_V1_f12cf68c-5a95-4a5a-9965-d74d2e201c44,has_profile
955,PERSON_V1_f12cf68c-5a95-4a5a-9965-d74d2e201c44,USER_V1_226f5835-61a4-4f7c-be14-53596d0ae899,has_account
956,USER_V1_32be3d15-4171-423d-b87d-842374135305,PERSON_V1_13e307eb-ae76-4b24-9544-c481e98d58ee,has_profile
956,PERSON_V1_13e307eb-ae76-4b24-9544-c481e98d58ee,USER_V1_32be3d15-4171-423d-b87d-842374135305,has_account
957,USER_V1_17b90a5a-2917-4e12-9159-5ee0768b7abd,PERSON_V1_26284c49-1219-4c0b-b3d5-dfa409e97e22,has_profile
957,PERSON_V1_26284c49-1219-4c0b-b3d5-dfa409e97e22,USER_V1_17b90a5a-2917-4e12-9159-5ee0768b7abd,has_account
958,USER_V1_06bfeafc-91ba-4018-9778-9168ea1a0e2a,PERSON_V1_971e924b-f2eb-418d-9b7a-9999d2eac780,has_profile
958,PERSON_V1_971e924b-f2eb-418d-9b7a-9999d2eac780,USER_V1_06bfeafc-91ba-4018-9778-9168ea1a0e2a,has_account
959,USER_V1_f8ea940e-b12c-4844-beda-a1c22cf535b7,PERSON_V1_6fe579b4-1e21-44d1-a724-e7998a3352cb,has_profile
959,PERSON_V1_6fe579b4-1e21-44d1-a724-e7998a3352cb,USER_V1_f8ea940e-b12c-4844-beda-a1c22cf535b7,has_account
960,USER_V1_11686068-53bc-4dc2-b3d8-7cded0ae4158,PERSON_V1_281bcace-8a6a-4daf-a5f1-fd23370c83d0,has_profile
960,PERSON_V1_281bcace-8a6a-4daf-a5f1-fd23370c83d0,USER_V1_11686068-53bc-4dc2-b3d8-7cded0ae4158,has_account
961,USER_V1_545cf29f-ee62-48f3-bfb5-4af52da28782,PERSON_V1_0d317b8e-0c61-47f8-a8a2-f414d3016062,has_profile
961,PERSON_V1_0d317b8e-0c61-47f8-a8a2-f414d3016062,USER_V1_545cf29f-ee62-48f3-bfb5-4af52da28782,has_account
962,USER_V1_2ff4cf0a-803f-4439-ab7f-918b093c7b7f,PERSON_V1_752204be-04b9-4876-b6e2-48b072033560,has_profile
962,PERSON_V1_752204be-04b9-4876-b6e2-48b072033560,USER_V1_2ff4cf0a-803f-4439-ab7f-918b093c7b7f,has_account
963,USER_V1_c8d96350-9da1-4326-b9a0-c31542630935,PERSON_V1_d0cf2abd-9df8-4032-9748-d8e9242b358e,has_profile
963,PERSON_V1_d0cf2abd-9df8-4032-9748-d8e9242b358e,USER_V1_c8d96350-9da1-4326-b9a0-c31542630935,has_account
964,USER_V1_038ee3de-d551-4c0c-90ec-b1e06c06b502,PERSON_V1_23274f44-4bde-4332-9c46-624307a9d5b7,has_profile
964,PERSON_V1_23274f44-4bde-4332-9c46-624307a9d5b7,USER_V1_038ee3de-d551-4c0c-90ec-b1e06c06b502,has_account
965,USER_V1_3c0dbb6b-b10d-435f-ab03-5a56b4523346,PERSON_V1_d65e2e15-5666-483c-bae4-9c16283664ea,has_profile
965,PERSON_V1_d65e2e15-5666-483c-bae4-9c16283664ea,USER_V1_3c0dbb6b-b10d-435f-ab03-5a56b4523346,has_account
966,USER_V1_66263f12-5e18-4d54-b495-ab590b608711,PERSON_V1_2b06fd8a-621f-46ef-94d5-afafeaf22203,has_profile
966,PERSON_V1_2b06fd8a-621f-46ef-94d5-afafeaf22203,USER_V1_66263f12-5e18-4d54-b495-ab590b608711,has_account
967,USER_V1_57384f57-a0e7-4dd2-970b-6007ca4b1c0c,PERSON_V1_781fb20b-b10b-4ea5-9d08-a7d5ef57b4c4,has_profile
967,PERSON_V1_781fb20b-b10b-4ea5-9d08-a7d5ef57b4c4,USER_V1_57384f57-a0e7-4dd2-970b-6007ca4b1c0c,has_account
968,USER_V1_55608e44-51fb-4f62-884f-6611dd25721f,PERSON_V1_8cd8a10d-b187-44b6-b7e5-057836da2d7b,has_profile
968,PERSON_V1_8cd8a10d-b187-44b6-b7e5-057836da2d7b,USER_V1_55608e44-51fb-4f62-884f-6611dd25721f,has_account
969,USER_V1_7c182e98-8a35-47cc-b0b8-580af8e85853,PERSON_V1_93409327-1c54-4720-84b9-e41bf7d12996,has_profile
969,PERSON_V1_93409327-1c54-4720-84b9-e41bf7d12996,USER_V1_7c182e98-8a35-47cc-b0b8-580af8e85853,has_account
970,USER_V1_031ca0a6-f7e7-457a-aadb-464378925eca,PERSON_V1_51ab8f20-d3dc-4be2-baae-57c4d0fe5471,has_profile
970,PERSON_V1_51ab8f20-d3dc-4be2-baae-57c4d0fe5471,USER_V1_031ca0a6-f7e7-457a-aadb-464378925eca,has_account
971,USER_V1_6c72ee9b-a439-4f68-9f15-e18a8d0a106f,PERSON_V1_acffd0ff-9041-46c4-b4da-53cfdccce611,has_profile
971,PERSON_V1_acffd0ff-9041-46c4-b4da-53cfdccce611,USER_V1_6c72ee9b-a439-4f68-9f15-e18a8d0a106f,has_account
972,USER_V1_da189ca7-ae4a-4414-8762-2bf3fa7d9742,PERSON_V1_e973ac9d-509b-44b6-a83c-5cf5baad962f,has_profile
972,PERSON_V1_e973ac9d-509b-44b6-a83c-5cf5baad962f,USER_V1_da189ca7-ae4a-4414-8762-2bf3fa7d9742,has_account
973,USER_V1_52472153-fe43-42ee-ad15-25f7de522e1d,PERSON_V1_6928de01-c51a-4ff6-b40b-e6b368741643,has_profile
973,PERSON_V1_6928de01-c51a-4ff6-b40b-e6b368741643,USER_V1_52472153-fe43-42ee-ad15-25f7de522e1d,has_account
974,USER_V1_6d49379c-8288-4b18-a6f5-bed489cd3e42,PERSON_V1_bbe63691-14c7-4ba4-a244-6e637283a947,has_profile
974,PERSON_V1_bbe63691-14c7-4ba4-a244-6e637283a947,USER_V1_6d49379c-8288-4b18-a6f5-bed489cd3e42,has_account
975,USER_V1_77a12fa8-13cc-4565-abb5-7e2795143193,PERSON_V1_a125b587-dba7-486f-8893-91de4b34cf11,has_profile
975,PERSON_V1_a125b587-dba7-486f-8893-91de4b34cf11,USER_V1_77a12fa8-13cc-4565-abb5-7e2795143193,has_account
976,USER_V1_453c79e8-8cc2-4611-864a-069460036f23,PERSON_V1_567089b1-3506-469c-b5cc-edab21bebd37,has_profile
976,PERSON_V1_567089b1-3506-469c-b5cc-edab21bebd37,USER_V1_453c79e8-8cc2-4611-864a-069460036f23,has_account
977,USER_V1_091f1d87-3ed1-4990-b043-fc26318f7375,PERSON_V1_71f8d75c-7d01-4684-9e9e-44ad5b3eb044,has_profile
977,PERSON_V1_71f8d75c-7d01-4684-9e9e-44ad5b3eb044,USER_V1_091f1d87-3ed1-4990-b043-fc26318f7375,has_account
978,USER_V1_4206f90b-f3cd-4c74-b579-3253e68d3f02,PERSON_V1_05a011e0-ecc9-411a-8140-6098d7a8a8bc,has_profile
978,PERSON_V1_05a011e0-ecc9-411a-8140-6098d7a8a8bc,USER_V1_4206f90b-f3cd-4c74-b579-3253e68d3f02,has_account
979,USER_V1_b47f9a54-6011-4941-8a81-48ae7568165f,PERSON_V1_f2d788a5-0129-470d-8616-0a4238283536,has_profile
979,PERSON_V1_f2d788a5-0129-470d-8616-0a4238283536,USER_V1_b47f9a54-6011-4941-8a81-48ae7568165f,has_account
980,USER_V1_d1c31e0c-1deb-4d8d-afe7-78418c8a1379,PERSON_V1_30cb182c-f909-4036-ad58-68c796613063,has_profile
980,PERSON_V1_30cb182c-f909-4036-ad58-68c796613063,USER_V1_d1c31e0c-1deb-4d8d-afe7-78418c8a1379,has_account
981,USER_V1_2556cfa6-5664-4d0c-9240-9a4f989164af,PERSON_V1_8d7f5e8e-4722-455d-977b-d9f21eb34a57,has_profile
981,PERSON_V1_8d7f5e8e-4722-455d-977b-d9f21eb34a57,USER_V1_2556cfa6-5664-4d0c-9240-9a4f989164af,has_account
982,USER_V1_372338bb-7ad5-4fd0-a84e-afdbe54f0332,PERSON_V1_77de53fe-897e-445e-9766-397dcf4eba13,has_profile
982,PERSON_V1_77de53fe-897e-445e-9766-397dcf4eba13,USER_V1_372338bb-7ad5-4fd0-a84e-afdbe54f0332,has_account
983,USER_V1_7d4ac5ca-b479-439a-9044-d5b75b221181,PERSON_V1_043a6a8e-306f-4cef-94b4-4ec7fd530578,has_profile
983,PERSON_V1_043a6a8e-306f-4cef-94b4-4ec7fd530578,USER_V1_7d4ac5ca-b479-439a-9044-d5b75b221181,has_account
984,USER_V1_31297df5-5e6e-4c6a-ba18-b863288c829f,PERSON_V1_abeca7f7-8e35-492d-97b8-b2e2e1092be5,has_profile
984,PERSON_V1_abeca7f7-8e35-492d-97b8-b2e2e1092be5,USER_V1_31297df5-5e6e-4c6a-ba18-b863288c829f,has_account
985,USER_V1_ae65db80-8f44-4ad5-9578-65f972ad5352,PERSON_V1_bf49a10f-0337-42e1-9599-b91aebce5712,has_profile
985,PERSON_V1_bf49a10f-0337-42e1-9599-b91aebce5712,USER_V1_ae65db80-8f44-4ad5-9578-65f972ad5352,has_account
986,USER_V1_a1b73500-57e4-48fa-80c4-27e5da2c1202,PERSON_V1_74fbb866-1afb-4b4d-9653-346f1f7906d5,has_profile
986,PERSON_V1_74fbb866-1afb-4b4d-9653-346f1f7906d5,USER_V1_a1b73500-57e4-48fa-80c4-27e5da2c1202,has_account
987,USER_V1_88b28c38-6c40-4267-8313-f33e92a9f825,PERSON_V1_ace2158b-4965-488b-a73e-8b02bda52f0a,has_profile
987,PERSON_V1_ace2158b-4965-488b-a73e-8b02bda52f0a,USER_V1_88b28c38-6c40-4267-8313-f33e92a9f825,has_account
988,USER_V1_85d0dc70-69bb-436c-91c1-0c559a3995f1,PERSON_V1_f663c24f-a66a-4429-aa5a-7c34f7e94b3c,has_profile
988,PERSON_V1_f663c24f-a66a-4429-aa5a-7c34f7e94b3c,USER_V1_85d0dc70-69bb-436c-91c1-0c559a3995f1,has_account
989,USER_V1_c596aea8-05e9-44d1-a09a-aea0db963b5a,PERSON_V1_e75094ca-d47f-4510-9d58-8998ba9d2ebf,has_profile
989,PERSON_V1_e75094ca-d47f-4510-9d58-8998ba9d2ebf,USER_V1_c596aea8-05e9-44d1-a09a-aea0db963b5a,has_account
990,USER_V1_66d9e4d2-8eb3-427d-b427-fe38cade1937,PERSON_V1_54c2368a-5f42-472d-a658-52d3268c47ab,has_profile
990,PERSON_V1_54c2368a-5f42-472d-a658-52d3268c47ab,USER_V1_66d9e4d2-8eb3-427d-b427-fe38cade1937,has_account
991,USER_V1_8e39bd2c-1f49-4fd0-b218-7a491b4be340,PERSON_V1_752e85f2-d89c-4046-89f7-923aea801964,has_profile
991,PERSON_V1_752e85f2-d89c-4046-89f7-923aea801964,USER_V1_8e39bd2c-1f49-4fd0-b218-7a491b4be340,has_account
992,USER_V1_130de81d-e93c-4ee9-9271-b92367e2a397,PERSON_V1_874ef675-3731-4fe2-a562-d1d30145e44e,has_profile
992,PERSON_V1_874ef675-3731-4fe2-a562-d1d30145e44e,USER_V1_130de81d-e93c-4ee9-9271-b92367e2a397,has_account
993,USER_V1_77403b7d-ea7b-4535-a100-baa102334fb0,PERSON_V1_f2cf6476-a004-407c-b6f5-54df62820061,has_profile
993,PERSON_V1_f2cf6476-a004-407c-b6f5-54df62820061,USER_V1_77403b7d-ea7b-4535-a100-baa102334fb0,has_account
994,USER_V1_b6722796-a053-4531-9b4a-ac794c0ba0ff,PERSON_V1_573267d2-a1a6-4548-b700-b2f171e91d34,has_profile
994,PERSON_V1_573267d2-a1a6-4548-b700-b2f171e91d34,USER_V1_b6722796-a053-4531-9b4a-ac794c0ba0ff,has_account
995,USER_V1_6d40efd7-5f27-4d9e-aafc-72a20d976da4,PERSON_V1_91b4b7ad-c07f-4526-8988-75d16fb8a37a,has_profile
995,PERSON_V1_91b4b7ad-c07f-4526-8988-75d16fb8a37a,USER_V1_6d40efd7-5f27-4d9e-aafc-72a20d976da4,has_account
996,USER_V1_e4e31cbb-0e72-4ad5-b53b-87e91af8f5ab,PERSON_V1_030274a0-1c04-4de4-a102-48df1441e057,has_profile
996,PERSON_V1_030274a0-1c04-4de4-a102-48df1441e057,USER_V1_e4e31cbb-0e72-4ad5-b53b-87e91af8f5ab,has_account
