id,source_label,source_id,target_label,target_id,relation
1,USER,57fdc11d-1317-4840-85d1-2ff8da3aab6d,GROUP,c597b88c-14cd-4ee4-be28-2a15a9094072,belong_to
1,GROUP,c597b88c-14cd-4ee4-be28-2a15a9094072,USER,57fdc11d-1317-4840-85d1-2ff8da3aab6d,part_off
2,USER,b6fa4766-bc06-48ed-bd8b-d2d41e7f47d3,GROUP,4a09cfe4-93e7-4b68-8950-cc67f29817be,belong_to
2,GROUP,4a09cfe4-93e7-4b68-8950-cc67f29817be,USER,b6fa4766-bc06-48ed-bd8b-d2d41e7f47d3,part_off
3,USER,33b08cdc-f7de-4271-b631-3a77582adfc6,GROUP,525c75ad-38e7-434f-82ea-8e0bb2217cb2,belong_to
3,GROUP,525c75ad-38e7-434f-82ea-8e0bb2217cb2,USER,33b08cdc-f7de-4271-b631-3a77582adfc6,part_off
4,USER,89b77149-6911-4892-94fd-a3e13a568f48,GROUP,b78aa4a4-df05-484d-898b-c3efae135ffc,belong_to
4,GROUP,b78aa4a4-df05-484d-898b-c3efae135ffc,USER,89b77149-6911-4892-94fd-a3e13a568f48,part_off
5,USER,adc60fe5-fc81-4ff0-b8c9-76f148ce79e0,GROUP,307d96d6-150c-4dcb-8fb0-3d804dfbb1c6,belong_to
5,GROUP,307d96d6-150c-4dcb-8fb0-3d804dfbb1c6,USER,adc60fe5-fc81-4ff0-b8c9-76f148ce79e0,part_off
6,USER,a49d7d14-2786-4e2f-be89-1eee26a777ec,GROUP,c5f903c8-e27c-443d-8448-aac988151134,belong_to
6,GROUP,c5f903c8-e27c-443d-8448-aac988151134,USER,a49d7d14-2786-4e2f-be89-1eee26a777ec,part_off
7,USER,1110f8a8-0e2e-4001-91ee-f726607e9bcb,GROUP,56217bde-5670-4ea7-82b0-68214a26ef0c,belong_to
7,GROUP,56217bde-5670-4ea7-82b0-68214a26ef0c,USER,1110f8a8-0e2e-4001-91ee-f726607e9bcb,part_off
8,USER,f40a4017-506e-422e-b547-47a353235e6a,GROUP,73753c26-6b1a-4936-af96-87062680fe2a,belong_to
8,GROUP,73753c26-6b1a-4936-af96-87062680fe2a,USER,f40a4017-506e-422e-b547-47a353235e6a,part_off
9,USER,12d24ec9-7fe8-4272-b5f4-2049161fcb3c,GROUP,79931244-87ac-4f31-9766-d52a5ae31911,belong_to
9,GROUP,79931244-87ac-4f31-9766-d52a5ae31911,USER,12d24ec9-7fe8-4272-b5f4-2049161fcb3c,part_off
10,USER,44876cd8-1635-400e-b7c1-82ad23ce9b33,GROUP,fd517f2d-90c3-46e7-803f-76ba2739fb99,belong_to
10,GROUP,fd517f2d-90c3-46e7-803f-76ba2739fb99,USER,44876cd8-1635-400e-b7c1-82ad23ce9b33,part_off
11,USER,f22a1466-06b3-438f-8bb6-9ac61e8f51b4,GROUP,fb152e34-4a10-4100-9611-63efbf3a6ff4,belong_to
11,GROUP,fb152e34-4a10-4100-9611-63efbf3a6ff4,USER,f22a1466-06b3-438f-8bb6-9ac61e8f51b4,part_off
12,USER,5fd3d273-cd62-472b-bde8-5a6cee159a22,GROUP,e554a58f-ba2d-41e6-9005-061fc1bd05df,belong_to
12,GROUP,e554a58f-ba2d-41e6-9005-061fc1bd05df,USER,5fd3d273-cd62-472b-bde8-5a6cee159a22,part_off
13,USER,45870e67-100d-4007-b529-2a9f529d931f,GROUP,faf54799-e180-4b8c-ae30-ec6ee930147a,belong_to
13,GROUP,faf54799-e180-4b8c-ae30-ec6ee930147a,USER,45870e67-100d-4007-b529-2a9f529d931f,part_off
14,USER,3e00bc16-e6d7-4b91-ba87-32f5169453f4,GROUP,61c7e4c4-de44-466e-ac21-3ed197558149,belong_to
14,GROUP,61c7e4c4-de44-466e-ac21-3ed197558149,USER,3e00bc16-e6d7-4b91-ba87-32f5169453f4,part_off
15,USER,d4b8f212-a263-4462-87d9-1166215152a0,GROUP,2c97d73e-5464-40ce-9694-a7109f4c738c,belong_to
15,GROUP,2c97d73e-5464-40ce-9694-a7109f4c738c,USER,d4b8f212-a263-4462-87d9-1166215152a0,part_off
16,USER,4f3d1d7f-ee7d-48b5-be35-67b8be30d5ff,GROUP,94749ff9-0a1d-47a8-a2dc-3a5cb095f657,belong_to
16,GROUP,94749ff9-0a1d-47a8-a2dc-3a5cb095f657,USER,4f3d1d7f-ee7d-48b5-be35-67b8be30d5ff,part_off
17,USER,f63b0872-4352-48d1-b908-d31e14052484,GROUP,3f039ff8-bc3c-418d-ad02-14d790e56bf5,belong_to
17,GROUP,3f039ff8-bc3c-418d-ad02-14d790e56bf5,USER,f63b0872-4352-48d1-b908-d31e14052484,part_off
18,USER,6d5e9119-22b6-45d5-ae01-40508dd630da,GROUP,b0fd5230-e520-4e4a-a39f-5f873c7d7fa6,belong_to
18,GROUP,b0fd5230-e520-4e4a-a39f-5f873c7d7fa6,USER,6d5e9119-22b6-45d5-ae01-40508dd630da,part_off
19,USER,5ba1a20f-f702-445e-ab29-f6d76f755d74,GROUP,a7abc1fe-4fdc-45fe-af9c-1be767e90dea,belong_to
19,GROUP,a7abc1fe-4fdc-45fe-af9c-1be767e90dea,USER,5ba1a20f-f702-445e-ab29-f6d76f755d74,part_off
20,USER,9045c874-671b-4c40-b271-f2a85ebcb553,GROUP,0c6a183d-ab52-4dba-9d5a-61d39f394555,belong_to
20,GROUP,0c6a183d-ab52-4dba-9d5a-61d39f394555,USER,9045c874-671b-4c40-b271-f2a85ebcb553,part_off
21,USER,8da27fad-891e-44fd-9e9b-a78745e91048,GROUP,72b34414-c8cc-4aa8-a575-34ea9fd36816,belong_to
21,GROUP,72b34414-c8cc-4aa8-a575-34ea9fd36816,USER,8da27fad-891e-44fd-9e9b-a78745e91048,part_off
22,USER,766f4d4e-3f32-4f1f-a4b5-756b0451ecb3,GROUP,ec2a9d82-9719-492d-bd20-7058c12cbd1d,belong_to
22,GROUP,ec2a9d82-9719-492d-bd20-7058c12cbd1d,USER,766f4d4e-3f32-4f1f-a4b5-756b0451ecb3,part_off
23,USER,95e52d71-68fc-49fd-b9a1-85e8735b1839,GROUP,43511dc7-ea51-4108-89a8-08c14d6dbfb8,belong_to
23,GROUP,43511dc7-ea51-4108-89a8-08c14d6dbfb8,USER,95e52d71-68fc-49fd-b9a1-85e8735b1839,part_off
24,USER,f3731bb8-b524-4609-9c19-9cb4f0b0fde3,GROUP,f80aac9b-042e-44df-88cb-097de76ca1f9,belong_to
24,GROUP,f80aac9b-042e-44df-88cb-097de76ca1f9,USER,f3731bb8-b524-4609-9c19-9cb4f0b0fde3,part_off
25,USER,c5b209e9-5863-4150-95ba-9810c8bdfc44,GROUP,4e2e9f2b-2a4c-42f0-a1ed-b4178aecbd17,belong_to
25,GROUP,4e2e9f2b-2a4c-42f0-a1ed-b4178aecbd17,USER,c5b209e9-5863-4150-95ba-9810c8bdfc44,part_off
26,USER,017719ce-0530-45ca-918a-0dfb4e08d9ce,GROUP,70b60b4b-4132-4270-ad25-4e96595dc412,belong_to
26,GROUP,70b60b4b-4132-4270-ad25-4e96595dc412,USER,017719ce-0530-45ca-918a-0dfb4e08d9ce,part_off
27,USER,b89c6157-8ac5-415d-87ba-bdd45ae8ccda,GROUP,d5401706-d0da-4aa4-a43d-03b8ab958a73,belong_to
27,GROUP,d5401706-d0da-4aa4-a43d-03b8ab958a73,USER,b89c6157-8ac5-415d-87ba-bdd45ae8ccda,part_off
28,USER,97a3922b-5dae-49ac-92b0-7731190d0cbc,GROUP,72e1625b-669c-4497-864e-8d9e12d8c7b7,belong_to
28,GROUP,72e1625b-669c-4497-864e-8d9e12d8c7b7,USER,97a3922b-5dae-49ac-92b0-7731190d0cbc,part_off
29,USER,07a55460-85e5-460a-872e-3cc172301c3f,GROUP,8ec02f5e-d8a9-436d-902f-f624ba6bc3b8,belong_to
29,GROUP,8ec02f5e-d8a9-436d-902f-f624ba6bc3b8,USER,07a55460-85e5-460a-872e-3cc172301c3f,part_off
30,USER,c6753886-1f94-48e4-8192-446378f4a61f,GROUP,6316628d-5165-4c41-b205-edf5ae34c512,belong_to
30,GROUP,6316628d-5165-4c41-b205-edf5ae34c512,USER,c6753886-1f94-48e4-8192-446378f4a61f,part_off
31,USER,848a995b-689a-4d86-b37a-27ce4e72f9dc,GROUP,2c16580f-b9ab-412f-ae71-1dd719da4e4d,belong_to
31,GROUP,2c16580f-b9ab-412f-ae71-1dd719da4e4d,USER,848a995b-689a-4d86-b37a-27ce4e72f9dc,part_off
32,USER,c8d07c1a-f999-4ff5-969c-39943f0ae68f,GROUP,6a54693c-8cb4-457d-a6ac-dfe4356ce967,belong_to
32,GROUP,6a54693c-8cb4-457d-a6ac-dfe4356ce967,USER,c8d07c1a-f999-4ff5-969c-39943f0ae68f,part_off
33,USER,c49d8b72-be38-47a9-b0e0-42ce003a7e10,GROUP,30aae1e4-3df3-4f51-bd95-0edc9074d88e,belong_to
33,GROUP,30aae1e4-3df3-4f51-bd95-0edc9074d88e,USER,c49d8b72-be38-47a9-b0e0-42ce003a7e10,part_off
34,USER,39c6838f-5ac5-4e90-9e3f-9313c55899f8,GROUP,19e29aa1-29f9-4e0f-824f-0d60a0f7824e,belong_to
34,GROUP,19e29aa1-29f9-4e0f-824f-0d60a0f7824e,USER,39c6838f-5ac5-4e90-9e3f-9313c55899f8,part_off
35,USER,d0482ea2-0bcf-4d67-abe1-b2870c713cf3,GROUP,3245a225-8b64-4bf2-a983-26f7dcf5ca1c,belong_to
35,GROUP,3245a225-8b64-4bf2-a983-26f7dcf5ca1c,USER,d0482ea2-0bcf-4d67-abe1-b2870c713cf3,part_off
36,USER,8588d7db-f201-4df4-afea-a35191976b58,GROUP,27639473-af06-43f8-b5ab-638982ef7f90,belong_to
36,GROUP,27639473-af06-43f8-b5ab-638982ef7f90,USER,8588d7db-f201-4df4-afea-a35191976b58,part_off
37,USER,6b4085bc-8293-438c-b07b-f2555ad238f7,GROUP,f91eddc7-cbf8-4d34-bef5-b1ef16bd57a1,belong_to
37,GROUP,f91eddc7-cbf8-4d34-bef5-b1ef16bd57a1,USER,6b4085bc-8293-438c-b07b-f2555ad238f7,part_off
38,USER,6d785784-bf07-453a-a7d0-8ae8259f5e4d,GROUP,9601aa17-6544-40ab-aaee-188828a54f5c,belong_to
38,GROUP,9601aa17-6544-40ab-aaee-188828a54f5c,USER,6d785784-bf07-453a-a7d0-8ae8259f5e4d,part_off
39,USER,4e5bdf7c-9dcc-430e-a1b5-c3bca1ac8e19,GROUP,eb572219-156e-4e44-9836-11df7edb0482,belong_to
39,GROUP,eb572219-156e-4e44-9836-11df7edb0482,USER,4e5bdf7c-9dcc-430e-a1b5-c3bca1ac8e19,part_off
40,USER,6256092c-fe83-40b7-8a03-e31363d20c42,GROUP,907ab5a4-f927-4735-889e-c8f2879578f1,belong_to
40,GROUP,907ab5a4-f927-4735-889e-c8f2879578f1,USER,6256092c-fe83-40b7-8a03-e31363d20c42,part_off
41,USER,4c24cb93-7ea8-4583-88d1-8fbc849b2fc2,GROUP,0204a938-9c37-49d1-9ff2-ec9b8c9bd9af,belong_to
41,GROUP,0204a938-9c37-49d1-9ff2-ec9b8c9bd9af,USER,4c24cb93-7ea8-4583-88d1-8fbc849b2fc2,part_off
42,USER,99d1b0dc-0ccc-4177-9de9-f64eabc94ed2,GROUP,0b65859e-76ad-457c-b8de-37b519318cb1,belong_to
42,GROUP,0b65859e-76ad-457c-b8de-37b519318cb1,USER,99d1b0dc-0ccc-4177-9de9-f64eabc94ed2,part_off
43,USER,0cf5011c-86da-452d-aa19-49c1cc48a513,GROUP,7ebfa958-7dd1-439f-acda-c8e8db1026e2,belong_to
43,GROUP,7ebfa958-7dd1-439f-acda-c8e8db1026e2,USER,0cf5011c-86da-452d-aa19-49c1cc48a513,part_off
44,USER,be8441bd-9cca-4557-a606-8644edaff68f,GROUP,89f991f7-ace6-497d-a2e0-2104cd620b0d,belong_to
44,GROUP,89f991f7-ace6-497d-a2e0-2104cd620b0d,USER,be8441bd-9cca-4557-a606-8644edaff68f,part_off
45,USER,454a57b5-f0aa-47fd-b6e4-42acdbb935c0,GROUP,6494304d-c344-4987-97a1-6151d96cac93,belong_to
45,GROUP,6494304d-c344-4987-97a1-6151d96cac93,USER,454a57b5-f0aa-47fd-b6e4-42acdbb935c0,part_off
46,USER,77278769-bea1-4428-adb4-463b0fa57d18,GROUP,aa6f97c8-8823-482b-9cf3-9203d52aecdc,belong_to
46,GROUP,aa6f97c8-8823-482b-9cf3-9203d52aecdc,USER,77278769-bea1-4428-adb4-463b0fa57d18,part_off
47,USER,2c4a122c-2682-4d50-80f3-392d79e5d965,GROUP,7c02f22f-5902-46b6-b6e5-8678ce2ec2c4,belong_to
47,GROUP,7c02f22f-5902-46b6-b6e5-8678ce2ec2c4,USER,2c4a122c-2682-4d50-80f3-392d79e5d965,part_off
48,USER,c20aa049-ea80-4c11-85a1-748223076e2e,GROUP,e51795b0-41ac-4823-a5f6-f4bf68a1f38d,belong_to
48,GROUP,e51795b0-41ac-4823-a5f6-f4bf68a1f38d,USER,c20aa049-ea80-4c11-85a1-748223076e2e,part_off
49,USER,4ecde622-4e24-43d7-b00f-d64bf9c17417,GROUP,3904b366-2db6-4f20-b348-588300c3d5a8,belong_to
49,GROUP,3904b366-2db6-4f20-b348-588300c3d5a8,USER,4ecde622-4e24-43d7-b00f-d64bf9c17417,part_off
50,USER,0dfaf464-8321-4ac4-802f-f82ae9486489,GROUP,e14d25ac-a313-4645-8737-6701772094dd,belong_to
50,GROUP,e14d25ac-a313-4645-8737-6701772094dd,USER,0dfaf464-8321-4ac4-802f-f82ae9486489,part_off
51,USER,8935a12b-99fb-41ee-859a-3b6e27ba7e5d,GROUP,e2059c99-5acb-4530-aac2-3dddca118ac4,belong_to
51,GROUP,e2059c99-5acb-4530-aac2-3dddca118ac4,USER,8935a12b-99fb-41ee-859a-3b6e27ba7e5d,part_off
52,USER,e9e0fd68-b61c-45ab-81f7-f607a7376afe,GROUP,71bc24fe-9156-470f-b105-ac59953d6467,belong_to
52,GROUP,71bc24fe-9156-470f-b105-ac59953d6467,USER,e9e0fd68-b61c-45ab-81f7-f607a7376afe,part_off
53,USER,25012f5e-22cf-4953-b99b-550eae311d6d,GROUP,da182888-c4a2-447a-8596-44b132632dfb,belong_to
53,GROUP,da182888-c4a2-447a-8596-44b132632dfb,USER,25012f5e-22cf-4953-b99b-550eae311d6d,part_off
54,USER,9073582f-9a40-49fa-b41a-5e411f9811d1,GROUP,d6ac0930-3fc2-4578-9d22-0cec72bdc8a8,belong_to
54,GROUP,d6ac0930-3fc2-4578-9d22-0cec72bdc8a8,USER,9073582f-9a40-49fa-b41a-5e411f9811d1,part_off
55,USER,eafbb9f3-ca1a-4443-b92a-96eaf000c718,GROUP,8bc4ebc1-db85-41b2-a926-3b081c1dde68,belong_to
55,GROUP,8bc4ebc1-db85-41b2-a926-3b081c1dde68,USER,eafbb9f3-ca1a-4443-b92a-96eaf000c718,part_off
56,USER,25728231-412c-4c6b-ada2-e72286aed789,GROUP,458bcefe-13c5-41cf-bc85-b7530e4a1aca,belong_to
56,GROUP,458bcefe-13c5-41cf-bc85-b7530e4a1aca,USER,25728231-412c-4c6b-ada2-e72286aed789,part_off
57,USER,20f227dd-679e-49a3-9721-9ff7dfb36611,GROUP,02c19f7a-31ae-4923-b3a3-7f19ed94fa10,belong_to
57,GROUP,02c19f7a-31ae-4923-b3a3-7f19ed94fa10,USER,20f227dd-679e-49a3-9721-9ff7dfb36611,part_off
58,USER,bedd6253-7c09-47bd-b625-ce63fb80da5d,GROUP,1e6c43b2-d757-4f43-a095-6be230ae94d9,belong_to
58,GROUP,1e6c43b2-d757-4f43-a095-6be230ae94d9,USER,bedd6253-7c09-47bd-b625-ce63fb80da5d,part_off
59,USER,f4c11dbd-5919-498a-a3d0-fd5c7dd69af9,GROUP,6f9c0873-33ba-4ea5-adf5-843e255107b2,belong_to
59,GROUP,6f9c0873-33ba-4ea5-adf5-843e255107b2,USER,f4c11dbd-5919-498a-a3d0-fd5c7dd69af9,part_off
60,USER,2c30b5fa-c5c8-4525-9130-6ff100b69c4c,GROUP,eff5a17d-0a0d-4890-9fda-16b37c1e4146,belong_to
60,GROUP,eff5a17d-0a0d-4890-9fda-16b37c1e4146,USER,2c30b5fa-c5c8-4525-9130-6ff100b69c4c,part_off
61,USER,44618129-df2c-4e4a-a612-e3bb828b354a,GROUP,f9f00167-ca2c-4686-8331-af8fe3d10f3b,belong_to
61,GROUP,f9f00167-ca2c-4686-8331-af8fe3d10f3b,USER,44618129-df2c-4e4a-a612-e3bb828b354a,part_off
62,USER,eb020b90-8506-467a-a562-845bba69e06d,GROUP,076b6c32-ed61-4fe0-9f64-2374f999d393,belong_to
62,GROUP,076b6c32-ed61-4fe0-9f64-2374f999d393,USER,eb020b90-8506-467a-a562-845bba69e06d,part_off
63,USER,339e267a-9a1c-43fd-ba4a-696648bb759e,GROUP,9f15d2ef-c5fb-487b-a631-df434612941f,belong_to
63,GROUP,9f15d2ef-c5fb-487b-a631-df434612941f,USER,339e267a-9a1c-43fd-ba4a-696648bb759e,part_off
64,USER,b6e1d88e-951a-4554-a254-56adc9f5c35b,GROUP,97a77166-2bf8-4c95-8ec2-7c129e55a084,belong_to
64,GROUP,97a77166-2bf8-4c95-8ec2-7c129e55a084,USER,b6e1d88e-951a-4554-a254-56adc9f5c35b,part_off
65,USER,cf0ead72-c695-4136-ad38-01ca097bf784,GROUP,126bff18-d3d5-4fcc-91b4-0d13af6d43b7,belong_to
65,GROUP,126bff18-d3d5-4fcc-91b4-0d13af6d43b7,USER,cf0ead72-c695-4136-ad38-01ca097bf784,part_off
66,USER,655c8f76-5336-44ca-8a99-fd8d316d74ab,GROUP,618e174a-7981-49fa-b4d9-fa62067a1de8,belong_to
66,GROUP,618e174a-7981-49fa-b4d9-fa62067a1de8,USER,655c8f76-5336-44ca-8a99-fd8d316d74ab,part_off
67,USER,e9d15e0e-6ef7-4c94-a7e9-ba667b4160ea,GROUP,5d580af5-34e1-4c67-bb67-472fe5986bbf,belong_to
67,GROUP,5d580af5-34e1-4c67-bb67-472fe5986bbf,USER,e9d15e0e-6ef7-4c94-a7e9-ba667b4160ea,part_off
68,USER,65a0c3a8-1c08-411f-af43-7aba4b9b928f,GROUP,8407dcaf-2f3a-4c2a-b841-e0b26c4c64e3,belong_to
68,GROUP,8407dcaf-2f3a-4c2a-b841-e0b26c4c64e3,USER,65a0c3a8-1c08-411f-af43-7aba4b9b928f,part_off
69,USER,5c6d22f3-e4b4-4dc3-898c-31cf396c7e07,GROUP,cf94f677-5a5d-48ed-b4a7-d3a6831bf278,belong_to
69,GROUP,cf94f677-5a5d-48ed-b4a7-d3a6831bf278,USER,5c6d22f3-e4b4-4dc3-898c-31cf396c7e07,part_off
70,USER,81727ad1-998f-4dc0-81a5-b230a8da2491,GROUP,a5393206-b614-4b0f-8430-9aad7b3ec1c0,belong_to
70,GROUP,a5393206-b614-4b0f-8430-9aad7b3ec1c0,USER,81727ad1-998f-4dc0-81a5-b230a8da2491,part_off
71,USER,f5a0650e-ae1a-4dbe-a159-0b8fc42e14bb,GROUP,dee652a4-d85b-4faa-b54e-ebc4d400f9d6,belong_to
71,GROUP,dee652a4-d85b-4faa-b54e-ebc4d400f9d6,USER,f5a0650e-ae1a-4dbe-a159-0b8fc42e14bb,part_off
72,USER,d25df7e9-9f0c-4b4d-bde1-f76340e417ec,GROUP,a10db8af-70af-4f94-8966-eb5e52736452,belong_to
72,GROUP,a10db8af-70af-4f94-8966-eb5e52736452,USER,d25df7e9-9f0c-4b4d-bde1-f76340e417ec,part_off
73,USER,1047a578-89b8-484f-ba6d-b0040f774ff2,GROUP,cee6162b-7f10-4c6a-b30c-e9702421dc0f,belong_to
73,GROUP,cee6162b-7f10-4c6a-b30c-e9702421dc0f,USER,1047a578-89b8-484f-ba6d-b0040f774ff2,part_off
74,USER,5e30fab3-c36d-458f-b432-3622f20e8919,GROUP,72181e3a-e953-476a-96d4-54f595f82a00,belong_to
74,GROUP,72181e3a-e953-476a-96d4-54f595f82a00,USER,5e30fab3-c36d-458f-b432-3622f20e8919,part_off
75,USER,00bf3830-ff1a-456e-ad62-2ba4583e42e2,GROUP,14c7af64-4a66-46b2-b60e-e71843a1ddd7,belong_to
75,GROUP,14c7af64-4a66-46b2-b60e-e71843a1ddd7,USER,00bf3830-ff1a-456e-ad62-2ba4583e42e2,part_off
76,USER,4640e9dc-3d72-4c10-845a-e99a5acc0b2a,GROUP,09b89ab4-f858-493b-b822-a2cc8c61dae7,belong_to
76,GROUP,09b89ab4-f858-493b-b822-a2cc8c61dae7,USER,4640e9dc-3d72-4c10-845a-e99a5acc0b2a,part_off
77,USER,656ce4b1-aa2a-4038-a013-1105bbc35700,GROUP,8efa9079-6046-4049-9b80-7083af2776a9,belong_to
77,GROUP,8efa9079-6046-4049-9b80-7083af2776a9,USER,656ce4b1-aa2a-4038-a013-1105bbc35700,part_off
78,USER,d05e19f7-e335-4e64-aef9-daa5db9ff19b,GROUP,0b1ed6a7-f423-4c93-8418-91d45354f8e6,belong_to
78,GROUP,0b1ed6a7-f423-4c93-8418-91d45354f8e6,USER,d05e19f7-e335-4e64-aef9-daa5db9ff19b,part_off
79,USER,271fa59a-ca1c-466a-b2c8-aa50faa8c865,GROUP,789ed12c-1f1b-491c-b72f-eb05d401b971,belong_to
79,GROUP,789ed12c-1f1b-491c-b72f-eb05d401b971,USER,271fa59a-ca1c-466a-b2c8-aa50faa8c865,part_off
80,USER,459d1461-8fb2-4e7a-a5be-2f47585d6dce,GROUP,d2c18f9e-43b3-45be-82d2-cfc8388562e1,belong_to
80,GROUP,d2c18f9e-43b3-45be-82d2-cfc8388562e1,USER,459d1461-8fb2-4e7a-a5be-2f47585d6dce,part_off
81,USER,58ae11e6-2a6c-446c-888d-d6c92710bbd9,GROUP,4418dd14-9938-490f-929f-a6fedc26d284,belong_to
81,GROUP,4418dd14-9938-490f-929f-a6fedc26d284,USER,58ae11e6-2a6c-446c-888d-d6c92710bbd9,part_off
82,USER,c407d2f9-39f5-4980-8be4-dcdbedf21317,GROUP,534307f8-bbe9-4910-911c-83251bd62380,belong_to
82,GROUP,534307f8-bbe9-4910-911c-83251bd62380,USER,c407d2f9-39f5-4980-8be4-dcdbedf21317,part_off
83,USER,df6b6357-9673-4dd3-8a2e-43a44f7df564,GROUP,30482b0f-cb68-4c0b-9cf6-780d21b38b29,belong_to
83,GROUP,30482b0f-cb68-4c0b-9cf6-780d21b38b29,USER,df6b6357-9673-4dd3-8a2e-43a44f7df564,part_off
84,USER,cc942016-d7f6-4466-acae-76fff5429a8a,GROUP,351a42dd-91cf-445b-9c10-716e83504b11,belong_to
84,GROUP,351a42dd-91cf-445b-9c10-716e83504b11,USER,cc942016-d7f6-4466-acae-76fff5429a8a,part_off
85,USER,b573f7eb-1a3c-4314-baec-8a80997b266a,GROUP,c558a8ac-4a0e-4133-bcfe-76b1b225726a,belong_to
85,GROUP,c558a8ac-4a0e-4133-bcfe-76b1b225726a,USER,b573f7eb-1a3c-4314-baec-8a80997b266a,part_off
86,USER,c5b3bd9d-d749-45d1-9e0f-feaa1c5fcd5f,GROUP,29d83b26-f794-469a-ad32-36957858f79a,belong_to
86,GROUP,29d83b26-f794-469a-ad32-36957858f79a,USER,c5b3bd9d-d749-45d1-9e0f-feaa1c5fcd5f,part_off
87,USER,b44579aa-be7b-4394-92e5-f9b26ec602bb,GROUP,7cd644b9-6011-4e02-bfd3-23b4183cba5d,belong_to
87,GROUP,7cd644b9-6011-4e02-bfd3-23b4183cba5d,USER,b44579aa-be7b-4394-92e5-f9b26ec602bb,part_off
88,USER,6cf9982a-6ac6-4a76-82e1-64785b498718,GROUP,4c172470-ea75-4608-8323-3b83e14b6604,belong_to
88,GROUP,4c172470-ea75-4608-8323-3b83e14b6604,USER,6cf9982a-6ac6-4a76-82e1-64785b498718,part_off
89,USER,8a7713ed-9fff-4900-a0af-eb91655c1716,GROUP,1626d993-d4a2-472a-81ac-575dbcc412ec,belong_to
89,GROUP,1626d993-d4a2-472a-81ac-575dbcc412ec,USER,8a7713ed-9fff-4900-a0af-eb91655c1716,part_off
90,USER,9d26d98a-746b-4752-a121-403f04801e02,GROUP,0d6a55fa-cd01-480c-ac64-ccc2219d7c87,belong_to
90,GROUP,0d6a55fa-cd01-480c-ac64-ccc2219d7c87,USER,9d26d98a-746b-4752-a121-403f04801e02,part_off
91,USER,b73097b2-143a-4444-bc89-b7f03987af59,GROUP,050b854d-837b-4b1b-ae15-d7219421ccb5,belong_to
91,GROUP,050b854d-837b-4b1b-ae15-d7219421ccb5,USER,b73097b2-143a-4444-bc89-b7f03987af59,part_off
92,USER,39d64169-090a-470a-b7b2-672ef93f27a9,GROUP,3dad0e27-1e68-4cb5-9bdb-6b716673144e,belong_to
92,GROUP,3dad0e27-1e68-4cb5-9bdb-6b716673144e,USER,39d64169-090a-470a-b7b2-672ef93f27a9,part_off
93,USER,a189e7ce-df14-40d9-ae3b-5a473e861670,GROUP,6890b2f5-d640-42cd-b408-1860df6dd4a1,belong_to
93,GROUP,6890b2f5-d640-42cd-b408-1860df6dd4a1,USER,a189e7ce-df14-40d9-ae3b-5a473e861670,part_off
94,USER,4ad1c2a7-ee3f-42f4-ba41-064292918df9,GROUP,4e103e02-3736-4448-8789-9901f52a258a,belong_to
94,GROUP,4e103e02-3736-4448-8789-9901f52a258a,USER,4ad1c2a7-ee3f-42f4-ba41-064292918df9,part_off
95,USER,fac2dd06-17a3-418d-ab6a-92c444f3fcb0,GROUP,4d5d918a-a578-456d-8803-8d6e280729eb,belong_to
95,GROUP,4d5d918a-a578-456d-8803-8d6e280729eb,USER,fac2dd06-17a3-418d-ab6a-92c444f3fcb0,part_off
96,USER,ecfb9cc0-d7ac-4ebd-9fac-e1265268e6c4,GROUP,a4a62a02-c9aa-4159-834a-f496b1efb804,belong_to
96,GROUP,a4a62a02-c9aa-4159-834a-f496b1efb804,USER,ecfb9cc0-d7ac-4ebd-9fac-e1265268e6c4,part_off
97,USER,11888064-c386-45f2-ab8e-c6dccf102ac6,GROUP,e3ed77e6-b5e1-45d7-b430-7e19be0f1790,belong_to
97,GROUP,e3ed77e6-b5e1-45d7-b430-7e19be0f1790,USER,11888064-c386-45f2-ab8e-c6dccf102ac6,part_off
98,USER,d2136455-0e8c-4c88-ac30-34b0ba06aeda,GROUP,aaaf7be2-c8b6-42dd-8c93-b07fc169c519,belong_to
98,GROUP,aaaf7be2-c8b6-42dd-8c93-b07fc169c519,USER,d2136455-0e8c-4c88-ac30-34b0ba06aeda,part_off
99,USER,93d16824-6ce3-4dab-994c-6bad4581e695,GROUP,4ebaf345-2908-4188-9007-ffd8172c5333,belong_to
99,GROUP,4ebaf345-2908-4188-9007-ffd8172c5333,USER,93d16824-6ce3-4dab-994c-6bad4581e695,part_off
100,USER,f84fe021-91f5-4624-92ee-60620c146504,GROUP,37adc4d4-9932-494f-a413-759cbe87703c,belong_to
100,GROUP,37adc4d4-9932-494f-a413-759cbe87703c,USER,f84fe021-91f5-4624-92ee-60620c146504,part_off
101,USER,9ffa0de1-de76-474b-b4f5-f3e6042d3fd9,GROUP,9c363a6d-9195-4e6b-839f-f1ba2ab91147,belong_to
101,GROUP,9c363a6d-9195-4e6b-839f-f1ba2ab91147,USER,9ffa0de1-de76-474b-b4f5-f3e6042d3fd9,part_off
102,USER,1409e8d9-7223-4fc3-84bd-8b42f05844f2,GROUP,870d08a1-264a-4fab-b8a5-ed34c85a3ff7,belong_to
102,GROUP,870d08a1-264a-4fab-b8a5-ed34c85a3ff7,USER,1409e8d9-7223-4fc3-84bd-8b42f05844f2,part_off
103,USER,5100208e-d0a1-47b8-abb4-f4c66897529f,GROUP,47a31b0f-2d68-437d-a100-b16436b0fe18,belong_to
103,GROUP,47a31b0f-2d68-437d-a100-b16436b0fe18,USER,5100208e-d0a1-47b8-abb4-f4c66897529f,part_off
104,USER,49c83b6b-5805-4e6b-b525-2335701dc980,GROUP,84f4e37a-1fad-4dbd-ae10-c54bc6bb3270,belong_to
104,GROUP,84f4e37a-1fad-4dbd-ae10-c54bc6bb3270,USER,49c83b6b-5805-4e6b-b525-2335701dc980,part_off
105,USER,d5f4769e-1e4d-4e4c-abad-84bd03ada658,GROUP,d65b0824-0196-4976-bea4-5a1eaef775fd,belong_to
105,GROUP,d65b0824-0196-4976-bea4-5a1eaef775fd,USER,d5f4769e-1e4d-4e4c-abad-84bd03ada658,part_off
106,USER,fa557d2a-03a5-4fc4-9db6-df8f434c7c3d,GROUP,a5660e1d-e9f5-4191-bb7a-8e60c10d9bf8,belong_to
106,GROUP,a5660e1d-e9f5-4191-bb7a-8e60c10d9bf8,USER,fa557d2a-03a5-4fc4-9db6-df8f434c7c3d,part_off
107,USER,d849f377-60b7-4a6f-b52d-b75ec18a2177,GROUP,b6a0cb8d-beb0-4432-9770-4a676a25c535,belong_to
107,GROUP,b6a0cb8d-beb0-4432-9770-4a676a25c535,USER,d849f377-60b7-4a6f-b52d-b75ec18a2177,part_off
108,USER,5c94d88b-c335-4ff4-a2d7-abb5d20762af,GROUP,73e01513-df24-4b26-9711-e90a6b236630,belong_to
108,GROUP,73e01513-df24-4b26-9711-e90a6b236630,USER,5c94d88b-c335-4ff4-a2d7-abb5d20762af,part_off
109,USER,3706ec53-b39b-4a52-859a-0e17343d97ba,GROUP,da21b8bb-aff6-4bb1-b64f-cac486a97eaf,belong_to
109,GROUP,da21b8bb-aff6-4bb1-b64f-cac486a97eaf,USER,3706ec53-b39b-4a52-859a-0e17343d97ba,part_off
110,USER,a610d600-9ad6-4be3-bc5b-556b1d8cefa0,GROUP,11e1afe3-1c3a-466a-9c54-3befa0a6a73b,belong_to
110,GROUP,11e1afe3-1c3a-466a-9c54-3befa0a6a73b,USER,a610d600-9ad6-4be3-bc5b-556b1d8cefa0,part_off
111,USER,167dd042-088e-4ee5-a4b6-8fee792c6728,GROUP,d28a43ab-0fb8-4a3e-a465-904d1f116f9d,belong_to
111,GROUP,d28a43ab-0fb8-4a3e-a465-904d1f116f9d,USER,167dd042-088e-4ee5-a4b6-8fee792c6728,part_off
112,USER,06002bd8-bf97-402b-81c2-35f6f741e062,GROUP,af106a0c-2266-45c9-b343-a5369912e3c6,belong_to
112,GROUP,af106a0c-2266-45c9-b343-a5369912e3c6,USER,06002bd8-bf97-402b-81c2-35f6f741e062,part_off
113,USER,9ed3516d-0f6d-4abf-b1e1-30256cbe76b6,GROUP,414231b0-cca1-4df4-955c-b29c30f3ae19,belong_to
113,GROUP,414231b0-cca1-4df4-955c-b29c30f3ae19,USER,9ed3516d-0f6d-4abf-b1e1-30256cbe76b6,part_off
114,USER,afbba03d-f105-467b-8e9b-8087f46d9ee8,GROUP,fa714903-0dda-41f4-990d-ef75d0a611cd,belong_to
114,GROUP,fa714903-0dda-41f4-990d-ef75d0a611cd,USER,afbba03d-f105-467b-8e9b-8087f46d9ee8,part_off
115,USER,50d9ea1b-d95a-4033-9a75-0b49d760f9b6,GROUP,b0778b20-fb94-4539-8dea-abc2e2a6b44a,belong_to
115,GROUP,b0778b20-fb94-4539-8dea-abc2e2a6b44a,USER,50d9ea1b-d95a-4033-9a75-0b49d760f9b6,part_off
116,USER,9d36fe80-0ddb-48e7-b14a-ff79b53524c1,GROUP,2dbb1ed0-55b1-4341-bcad-dace7b67431d,belong_to
116,GROUP,2dbb1ed0-55b1-4341-bcad-dace7b67431d,USER,9d36fe80-0ddb-48e7-b14a-ff79b53524c1,part_off
117,USER,b308a421-56ae-47ac-972f-424032c948ed,GROUP,96960a5a-530a-4136-ac79-7a6ef03ebc28,belong_to
117,GROUP,96960a5a-530a-4136-ac79-7a6ef03ebc28,USER,b308a421-56ae-47ac-972f-424032c948ed,part_off
118,USER,000066d0-fded-4250-948f-f4e85a850689,GROUP,52a8d5f0-a708-46b4-a4cf-39850497040d,belong_to
118,GROUP,52a8d5f0-a708-46b4-a4cf-39850497040d,USER,000066d0-fded-4250-948f-f4e85a850689,part_off
119,USER,cbc6a043-8168-4bc6-9041-23cb8f9d4abc,GROUP,cae00c2e-9dd2-4104-b036-5489845d2173,belong_to
119,GROUP,cae00c2e-9dd2-4104-b036-5489845d2173,USER,cbc6a043-8168-4bc6-9041-23cb8f9d4abc,part_off
120,USER,d66463e6-8da8-4af8-8c87-24202555e0d7,GROUP,bb3606c0-6127-4303-a302-346a4b5e22dd,belong_to
120,GROUP,bb3606c0-6127-4303-a302-346a4b5e22dd,USER,d66463e6-8da8-4af8-8c87-24202555e0d7,part_off
121,USER,3d6e7c4c-6a77-4e00-8b19-2dd78c418ae5,GROUP,1cbc642f-961f-4307-a67b-c650427a180b,belong_to
121,GROUP,1cbc642f-961f-4307-a67b-c650427a180b,USER,3d6e7c4c-6a77-4e00-8b19-2dd78c418ae5,part_off
122,USER,9aa54e58-5e83-420f-a5ca-cc14d557fe31,GROUP,278b6a06-0ee4-44bf-8462-4748db373e44,belong_to
122,GROUP,278b6a06-0ee4-44bf-8462-4748db373e44,USER,9aa54e58-5e83-420f-a5ca-cc14d557fe31,part_off
123,USER,ef4a278e-da43-4823-bc73-491e8b2b3b47,GROUP,f9377e0e-c135-4d36-af0d-999d56d83ea2,belong_to
123,GROUP,f9377e0e-c135-4d36-af0d-999d56d83ea2,USER,ef4a278e-da43-4823-bc73-491e8b2b3b47,part_off
124,USER,317bb645-29b0-4372-a03a-9d47c8c94bbd,GROUP,3e19af41-4a29-46c6-8d45-1c6dcdc434d2,belong_to
124,GROUP,3e19af41-4a29-46c6-8d45-1c6dcdc434d2,USER,317bb645-29b0-4372-a03a-9d47c8c94bbd,part_off
125,USER,062f9182-ba98-4674-832e-72c260a30019,GROUP,1ecfa61a-2345-4aa3-80fb-59f9fc381359,belong_to
125,GROUP,1ecfa61a-2345-4aa3-80fb-59f9fc381359,USER,062f9182-ba98-4674-832e-72c260a30019,part_off
126,USER,f50961b2-7e6e-4af6-9525-03054c4fcd49,GROUP,60aeec48-4452-4fbf-9c4f-f080a5a3be03,belong_to
126,GROUP,60aeec48-4452-4fbf-9c4f-f080a5a3be03,USER,f50961b2-7e6e-4af6-9525-03054c4fcd49,part_off
127,USER,4fc648cc-36b0-4c46-90bd-f32704b8adc6,GROUP,b80fae8a-c3c6-4eb3-8fea-53a4f7440fcc,belong_to
127,GROUP,b80fae8a-c3c6-4eb3-8fea-53a4f7440fcc,USER,4fc648cc-36b0-4c46-90bd-f32704b8adc6,part_off
128,USER,0861fbca-776c-4002-b416-78a972bcb9e4,GROUP,1572ce28-b00a-41d4-8ec2-6b8df0bddba3,belong_to
128,GROUP,1572ce28-b00a-41d4-8ec2-6b8df0bddba3,USER,0861fbca-776c-4002-b416-78a972bcb9e4,part_off
129,USER,79310789-b518-4a0d-b1c9-694c4bbeb6c2,GROUP,ef0de5f2-1d6c-4c7a-88ba-bac712d4576d,belong_to
129,GROUP,ef0de5f2-1d6c-4c7a-88ba-bac712d4576d,USER,79310789-b518-4a0d-b1c9-694c4bbeb6c2,part_off
130,USER,212e4cd8-8c65-4bd8-afc0-f17ba72aa4c5,GROUP,863a328b-ce27-4c63-a00b-141e63c29aee,belong_to
130,GROUP,863a328b-ce27-4c63-a00b-141e63c29aee,USER,212e4cd8-8c65-4bd8-afc0-f17ba72aa4c5,part_off
131,USER,e8b7283c-c16c-4487-a29c-5502b4a1cd8c,GROUP,d358437c-52a9-4af3-a94c-52e9160dd121,belong_to
131,GROUP,d358437c-52a9-4af3-a94c-52e9160dd121,USER,e8b7283c-c16c-4487-a29c-5502b4a1cd8c,part_off
132,USER,e632ffd7-c29b-4c40-9f0e-d086613d88af,GROUP,42ab45f3-0edb-4bdc-ba4d-668286e2ec4e,belong_to
132,GROUP,42ab45f3-0edb-4bdc-ba4d-668286e2ec4e,USER,e632ffd7-c29b-4c40-9f0e-d086613d88af,part_off
133,USER,00252b69-18aa-4525-9558-82580de6befe,GROUP,f5d070fa-3c71-411c-bedc-5ef668884b25,belong_to
133,GROUP,f5d070fa-3c71-411c-bedc-5ef668884b25,USER,00252b69-18aa-4525-9558-82580de6befe,part_off
134,USER,473e35e6-46cf-4c0d-9093-884a34417dbe,GROUP,e8cb6829-471e-4bc1-b8d3-12befefecefc,belong_to
134,GROUP,e8cb6829-471e-4bc1-b8d3-12befefecefc,USER,473e35e6-46cf-4c0d-9093-884a34417dbe,part_off
135,USER,561efab6-89ee-46a4-974d-c18335510b05,GROUP,190f0845-6e73-4571-8689-4c31949ef79c,belong_to
135,GROUP,190f0845-6e73-4571-8689-4c31949ef79c,USER,561efab6-89ee-46a4-974d-c18335510b05,part_off
136,USER,5840ba87-fe25-40cc-94b2-fba3e6569aae,GROUP,cbd1e133-95bb-441f-9108-d2a891a997fb,belong_to
136,GROUP,cbd1e133-95bb-441f-9108-d2a891a997fb,USER,5840ba87-fe25-40cc-94b2-fba3e6569aae,part_off
137,USER,233e13d0-abb8-4089-ad8a-ab3d33cd26cc,GROUP,ed5208fc-b6b3-4958-959f-9941af9369b6,belong_to
137,GROUP,ed5208fc-b6b3-4958-959f-9941af9369b6,USER,233e13d0-abb8-4089-ad8a-ab3d33cd26cc,part_off
138,USER,da5c8290-103e-4a8f-a647-d43c54119896,GROUP,1dcfad61-992d-4632-bec8-689b1f8d11d9,belong_to
138,GROUP,1dcfad61-992d-4632-bec8-689b1f8d11d9,USER,da5c8290-103e-4a8f-a647-d43c54119896,part_off
139,USER,6fc06057-7e3e-4910-b947-38c723f3e30e,GROUP,537794a0-a64b-4ed4-953b-93c117e84247,belong_to
139,GROUP,537794a0-a64b-4ed4-953b-93c117e84247,USER,6fc06057-7e3e-4910-b947-38c723f3e30e,part_off
140,USER,30bea381-d715-49ba-a00d-77ebc111e7f3,GROUP,07c61aa3-60db-497e-8974-7d57e25a968e,belong_to
140,GROUP,07c61aa3-60db-497e-8974-7d57e25a968e,USER,30bea381-d715-49ba-a00d-77ebc111e7f3,part_off
141,USER,6d3c525d-dd32-4309-9531-088477d5da73,GROUP,3631432b-3439-4a66-a0c3-dcd8e731106c,belong_to
141,GROUP,3631432b-3439-4a66-a0c3-dcd8e731106c,USER,6d3c525d-dd32-4309-9531-088477d5da73,part_off
142,USER,96101638-9ef4-4cd0-a681-7af879f494b2,GROUP,67cf5f80-190c-407a-970f-e92e6de8e729,belong_to
142,GROUP,67cf5f80-190c-407a-970f-e92e6de8e729,USER,96101638-9ef4-4cd0-a681-7af879f494b2,part_off
143,USER,20efab6b-c7df-4227-8668-4dde71be73a9,GROUP,79334c76-72c7-4f39-af30-0084b6cd9f72,belong_to
143,GROUP,79334c76-72c7-4f39-af30-0084b6cd9f72,USER,20efab6b-c7df-4227-8668-4dde71be73a9,part_off
144,USER,4d39140f-b635-4199-836f-9401ebfde904,GROUP,367fde0c-a4dc-49e8-a04c-c36b16e8b58d,belong_to
144,GROUP,367fde0c-a4dc-49e8-a04c-c36b16e8b58d,USER,4d39140f-b635-4199-836f-9401ebfde904,part_off
145,USER,059b9740-5074-4f2d-be65-4202e1e34f74,GROUP,cb10909a-5bd7-4964-b278-336bdda0ebef,belong_to
145,GROUP,cb10909a-5bd7-4964-b278-336bdda0ebef,USER,059b9740-5074-4f2d-be65-4202e1e34f74,part_off
146,USER,bce0b77a-fefd-4a15-9c75-7814cd9f5bd8,GROUP,b6df9014-686e-4917-9fac-c3e33fbfd704,belong_to
146,GROUP,b6df9014-686e-4917-9fac-c3e33fbfd704,USER,bce0b77a-fefd-4a15-9c75-7814cd9f5bd8,part_off
147,USER,320a584c-1bcd-4567-8cc5-4deaa5520bf9,GROUP,979e8d0b-0cc7-42e9-98b6-df11bbd92b11,belong_to
147,GROUP,979e8d0b-0cc7-42e9-98b6-df11bbd92b11,USER,320a584c-1bcd-4567-8cc5-4deaa5520bf9,part_off
148,USER,a070bb9e-dce0-45a2-bb83-8393528fef64,GROUP,dae5da98-5ffe-4ce4-ba66-0af3ace3df7b,belong_to
148,GROUP,dae5da98-5ffe-4ce4-ba66-0af3ace3df7b,USER,a070bb9e-dce0-45a2-bb83-8393528fef64,part_off
149,USER,b5e72ab0-feff-4227-8a7a-21a53e464850,GROUP,9c8acb2f-275f-49d7-ba89-c8237497683f,belong_to
149,GROUP,9c8acb2f-275f-49d7-ba89-c8237497683f,USER,b5e72ab0-feff-4227-8a7a-21a53e464850,part_off
150,USER,4bf7005a-a665-4b74-af63-63ecf245e97f,GROUP,f3f1fb4c-b1f4-47a9-b04d-23c7f0acc3ae,belong_to
150,GROUP,f3f1fb4c-b1f4-47a9-b04d-23c7f0acc3ae,USER,4bf7005a-a665-4b74-af63-63ecf245e97f,part_off
151,USER,5604ed70-47ad-4f2b-85ed-5e85d40afbb2,GROUP,71badb86-2b83-4340-9369-21bb79299001,belong_to
151,GROUP,71badb86-2b83-4340-9369-21bb79299001,USER,5604ed70-47ad-4f2b-85ed-5e85d40afbb2,part_off
152,USER,a92a4289-e741-4354-88fd-7b547f5878b4,GROUP,c87db10f-8a71-451d-8a25-847c62f7abab,belong_to
152,GROUP,c87db10f-8a71-451d-8a25-847c62f7abab,USER,a92a4289-e741-4354-88fd-7b547f5878b4,part_off
153,USER,a4c04833-50ce-4a0e-bee0-f51be23c50f1,GROUP,abd5ade9-bacb-4ae3-9ce1-ea10b78dc9ba,belong_to
153,GROUP,abd5ade9-bacb-4ae3-9ce1-ea10b78dc9ba,USER,a4c04833-50ce-4a0e-bee0-f51be23c50f1,part_off
154,USER,4c89878e-c57e-4a9c-a084-e094ef24199d,GROUP,645879e4-0e06-4530-9e7b-936b0b033d48,belong_to
154,GROUP,645879e4-0e06-4530-9e7b-936b0b033d48,USER,4c89878e-c57e-4a9c-a084-e094ef24199d,part_off
155,USER,43120c7c-0761-43b0-8041-50e9b1e3f6ce,GROUP,50cec58c-23c0-4145-8f6e-10d8494c528b,belong_to
155,GROUP,50cec58c-23c0-4145-8f6e-10d8494c528b,USER,43120c7c-0761-43b0-8041-50e9b1e3f6ce,part_off
156,USER,0929c1ce-6b0d-41da-a28a-9858e1c1c629,GROUP,845d0baa-45c3-4712-8b6b-7f2097df6a43,belong_to
156,GROUP,845d0baa-45c3-4712-8b6b-7f2097df6a43,USER,0929c1ce-6b0d-41da-a28a-9858e1c1c629,part_off
157,USER,82884b9d-a2bc-45d7-9c90-8d16387e9329,GROUP,2bc04edd-671d-45ca-ae63-150f62a6d634,belong_to
157,GROUP,2bc04edd-671d-45ca-ae63-150f62a6d634,USER,82884b9d-a2bc-45d7-9c90-8d16387e9329,part_off
158,USER,0496121a-ef80-4cca-add2-8736990f098c,GROUP,7a94716b-95e4-4ef8-b58b-ee55219ec156,belong_to
158,GROUP,7a94716b-95e4-4ef8-b58b-ee55219ec156,USER,0496121a-ef80-4cca-add2-8736990f098c,part_off
159,USER,930fceb3-e7e0-4772-aee5-72063db169e1,GROUP,3a2aba5f-1ffb-40be-b26c-2b7532c5b9e0,belong_to
159,GROUP,3a2aba5f-1ffb-40be-b26c-2b7532c5b9e0,USER,930fceb3-e7e0-4772-aee5-72063db169e1,part_off
160,USER,d880d517-e423-43f2-9c7c-17d25ec43f6d,GROUP,eb4fa6a6-ee53-4d52-a5c7-42c394a01260,belong_to
160,GROUP,eb4fa6a6-ee53-4d52-a5c7-42c394a01260,USER,d880d517-e423-43f2-9c7c-17d25ec43f6d,part_off
161,USER,158f48ca-0f14-4616-bfa5-aac584eac9b2,GROUP,d5f79333-bd52-45ee-9c64-750980b47691,belong_to
161,GROUP,d5f79333-bd52-45ee-9c64-750980b47691,USER,158f48ca-0f14-4616-bfa5-aac584eac9b2,part_off
162,USER,a7e116ba-f82d-48de-92dd-88b0a39dbdcc,GROUP,26bf7815-4c63-4373-b7e1-c977701589fe,belong_to
162,GROUP,26bf7815-4c63-4373-b7e1-c977701589fe,USER,a7e116ba-f82d-48de-92dd-88b0a39dbdcc,part_off
163,USER,f82acc02-7f9e-4d4b-af26-2e3b643bdf3b,GROUP,f53e0b89-eae6-4131-98e5-eb44c9dc2b2e,belong_to
163,GROUP,f53e0b89-eae6-4131-98e5-eb44c9dc2b2e,USER,f82acc02-7f9e-4d4b-af26-2e3b643bdf3b,part_off
164,USER,f904a22f-67aa-42bc-b267-cede4c73347f,GROUP,847c17f6-ef8c-4fd0-9a6a-a72c876aab4a,belong_to
164,GROUP,847c17f6-ef8c-4fd0-9a6a-a72c876aab4a,USER,f904a22f-67aa-42bc-b267-cede4c73347f,part_off
165,USER,a8ad12ca-d5e4-4285-8839-68f6cfc8d8fd,GROUP,a8e05c6c-bd7c-47ab-8210-852bba7cb6f7,belong_to
165,GROUP,a8e05c6c-bd7c-47ab-8210-852bba7cb6f7,USER,a8ad12ca-d5e4-4285-8839-68f6cfc8d8fd,part_off
166,USER,e80ae5a5-a158-4ca0-8c0d-fb2dae8d90c8,GROUP,b2d0cf8f-5935-49cb-a0e6-e63bc4ca9b33,belong_to
166,GROUP,b2d0cf8f-5935-49cb-a0e6-e63bc4ca9b33,USER,e80ae5a5-a158-4ca0-8c0d-fb2dae8d90c8,part_off
167,USER,e2caa0ab-252b-4773-bf41-8316e0c869c0,GROUP,87713b36-ba15-46ee-ac5d-b22b2699b08e,belong_to
167,GROUP,87713b36-ba15-46ee-ac5d-b22b2699b08e,USER,e2caa0ab-252b-4773-bf41-8316e0c869c0,part_off
168,USER,4b18cdbc-45c8-4a47-9315-95ac8c6db62e,GROUP,5403be7a-719d-4767-9c5d-ac31232b83d2,belong_to
168,GROUP,5403be7a-719d-4767-9c5d-ac31232b83d2,USER,4b18cdbc-45c8-4a47-9315-95ac8c6db62e,part_off
169,USER,776c5013-bac1-401a-8d5b-23eca285c540,GROUP,5ba2e54a-0643-4f0b-8c7b-86ae0a8c4ed2,belong_to
169,GROUP,5ba2e54a-0643-4f0b-8c7b-86ae0a8c4ed2,USER,776c5013-bac1-401a-8d5b-23eca285c540,part_off
170,USER,1e18871f-4556-415b-bf5f-142367f9d2b0,GROUP,ebd9fb8b-52bc-4b6e-9506-3b5b3620f7d9,belong_to
170,GROUP,ebd9fb8b-52bc-4b6e-9506-3b5b3620f7d9,USER,1e18871f-4556-415b-bf5f-142367f9d2b0,part_off
171,USER,d0fd31c8-835c-4589-8e1b-3887aa095f72,GROUP,cb7c8906-ad84-43ce-919f-6323b42aaea1,belong_to
171,GROUP,cb7c8906-ad84-43ce-919f-6323b42aaea1,USER,d0fd31c8-835c-4589-8e1b-3887aa095f72,part_off
172,USER,29a7910e-2b8c-4cd4-887c-2db4288ef395,GROUP,2f98ead8-02e5-4eef-bffd-99d40c56677a,belong_to
172,GROUP,2f98ead8-02e5-4eef-bffd-99d40c56677a,USER,29a7910e-2b8c-4cd4-887c-2db4288ef395,part_off
173,USER,08ccc309-66a3-4f1f-b30c-e162046a9f69,GROUP,81d049ae-b3c8-40bb-8ba7-07545c28c99f,belong_to
173,GROUP,81d049ae-b3c8-40bb-8ba7-07545c28c99f,USER,08ccc309-66a3-4f1f-b30c-e162046a9f69,part_off
174,USER,e465801e-96ea-4acf-925e-5f689b2f760d,GROUP,08f7a382-a593-4b4a-a453-0087829e8550,belong_to
174,GROUP,08f7a382-a593-4b4a-a453-0087829e8550,USER,e465801e-96ea-4acf-925e-5f689b2f760d,part_off
175,USER,5a4ceb67-4052-402d-9dd4-356cfe9a9e90,GROUP,3a15e3b4-a0f2-49fa-ae09-b6d4ea79f122,belong_to
175,GROUP,3a15e3b4-a0f2-49fa-ae09-b6d4ea79f122,USER,5a4ceb67-4052-402d-9dd4-356cfe9a9e90,part_off
176,USER,ac5044fa-3738-4a6a-8335-24f66ed9d61f,GROUP,012f3520-1af7-410a-a940-8ddb842f9ba6,belong_to
176,GROUP,012f3520-1af7-410a-a940-8ddb842f9ba6,USER,ac5044fa-3738-4a6a-8335-24f66ed9d61f,part_off
177,USER,133468d8-92e6-435b-9a8f-72dd09fe05de,GROUP,735877d1-0276-4250-a110-4930cf2f1d58,belong_to
177,GROUP,735877d1-0276-4250-a110-4930cf2f1d58,USER,133468d8-92e6-435b-9a8f-72dd09fe05de,part_off
178,USER,464fd4a8-1baa-4627-8a31-7806aed8535b,GROUP,e9604743-75c0-493b-a21e-7cb60e7129c4,belong_to
178,GROUP,e9604743-75c0-493b-a21e-7cb60e7129c4,USER,464fd4a8-1baa-4627-8a31-7806aed8535b,part_off
179,USER,c57569c4-3bfb-4708-aa54-c6950e62c3ca,GROUP,c5495747-ff50-4895-a4a4-058c94b54e66,belong_to
179,GROUP,c5495747-ff50-4895-a4a4-058c94b54e66,USER,c57569c4-3bfb-4708-aa54-c6950e62c3ca,part_off
180,USER,0cb55fef-90f9-48c2-b982-3bd18f357cb2,GROUP,17ac9b09-cae4-475c-82a3-8f3c7f178ea9,belong_to
180,GROUP,17ac9b09-cae4-475c-82a3-8f3c7f178ea9,USER,0cb55fef-90f9-48c2-b982-3bd18f357cb2,part_off
181,USER,1f99cad0-8e67-4109-a58e-5ecddba2392f,GROUP,c3335b8e-6bca-4af1-a01c-ce6505630b84,belong_to
181,GROUP,c3335b8e-6bca-4af1-a01c-ce6505630b84,USER,1f99cad0-8e67-4109-a58e-5ecddba2392f,part_off
182,USER,be1e5109-d094-4561-a76e-814e1debaf2a,GROUP,8cb107c9-5c1b-427d-b557-a8d8092c494d,belong_to
182,GROUP,8cb107c9-5c1b-427d-b557-a8d8092c494d,USER,be1e5109-d094-4561-a76e-814e1debaf2a,part_off
183,USER,714cfaab-a0b6-4df4-9c3f-51daf8814940,GROUP,2890df8e-3849-4187-9616-420e02a418f9,belong_to
183,GROUP,2890df8e-3849-4187-9616-420e02a418f9,USER,714cfaab-a0b6-4df4-9c3f-51daf8814940,part_off
184,USER,42492b59-57fd-4daf-8cb3-d54bcc3512b4,GROUP,56231532-6111-4c8d-b11b-b31257b25e3b,belong_to
184,GROUP,56231532-6111-4c8d-b11b-b31257b25e3b,USER,42492b59-57fd-4daf-8cb3-d54bcc3512b4,part_off
185,USER,32aa35ca-cb83-4c36-8ad5-4a0731606315,GROUP,b05cb98a-217a-4fc8-a5b5-d9f06a33288f,belong_to
185,GROUP,b05cb98a-217a-4fc8-a5b5-d9f06a33288f,USER,32aa35ca-cb83-4c36-8ad5-4a0731606315,part_off
186,USER,04e1b111-fa5e-4db0-bd0d-a440b4507c5e,GROUP,85eefc25-5c71-4ebd-87a7-82339ff750ec,belong_to
186,GROUP,85eefc25-5c71-4ebd-87a7-82339ff750ec,USER,04e1b111-fa5e-4db0-bd0d-a440b4507c5e,part_off
187,USER,6720d754-4046-4a88-972f-7dd08cde87b8,GROUP,feb651cf-8be3-4af1-b69d-4984eb1a0c84,belong_to
187,GROUP,feb651cf-8be3-4af1-b69d-4984eb1a0c84,USER,6720d754-4046-4a88-972f-7dd08cde87b8,part_off
188,USER,0b62b0fb-9bec-4505-b5f5-a236aa22cc5b,GROUP,530e343a-b378-4e87-a6f3-2bf2b04ff35c,belong_to
188,GROUP,530e343a-b378-4e87-a6f3-2bf2b04ff35c,USER,0b62b0fb-9bec-4505-b5f5-a236aa22cc5b,part_off
189,USER,c0f0dee2-3039-44b8-801e-6f195a0eb3a5,GROUP,ab1638e4-03ab-464b-b122-8863f96373ea,belong_to
189,GROUP,ab1638e4-03ab-464b-b122-8863f96373ea,USER,c0f0dee2-3039-44b8-801e-6f195a0eb3a5,part_off
190,USER,cf6ad762-a926-45b0-a087-e9cf776d9641,GROUP,4b0f5bd5-d349-4213-be24-17b0cd282637,belong_to
190,GROUP,4b0f5bd5-d349-4213-be24-17b0cd282637,USER,cf6ad762-a926-45b0-a087-e9cf776d9641,part_off
191,USER,a163374b-d241-4413-8ee1-e35e1fb02228,GROUP,5bd9344a-588f-4d73-a54e-28f3a52c78b0,belong_to
191,GROUP,5bd9344a-588f-4d73-a54e-28f3a52c78b0,USER,a163374b-d241-4413-8ee1-e35e1fb02228,part_off
192,USER,16f852fc-ed41-43d3-8dbb-afbb5cc962b4,GROUP,991b410b-7dd0-4a8a-b203-b810c3f4cc19,belong_to
192,GROUP,991b410b-7dd0-4a8a-b203-b810c3f4cc19,USER,16f852fc-ed41-43d3-8dbb-afbb5cc962b4,part_off
193,USER,9845a184-bd35-4d5c-93dd-1b306de8a2ce,GROUP,79e0a7d2-5c3a-4d4e-801a-f2837b24e37e,belong_to
193,GROUP,79e0a7d2-5c3a-4d4e-801a-f2837b24e37e,USER,9845a184-bd35-4d5c-93dd-1b306de8a2ce,part_off
194,USER,32de314b-2b55-474a-94b4-f34e9bd1048e,GROUP,54b550ce-5287-427e-8a22-682d99f87e8a,belong_to
194,GROUP,54b550ce-5287-427e-8a22-682d99f87e8a,USER,32de314b-2b55-474a-94b4-f34e9bd1048e,part_off
195,USER,41094140-dd99-446d-b22d-9ba6cde23abc,GROUP,4c152627-7840-4852-a01e-961b75bf9c22,belong_to
195,GROUP,4c152627-7840-4852-a01e-961b75bf9c22,USER,41094140-dd99-446d-b22d-9ba6cde23abc,part_off
196,USER,7ed4a0db-73ad-4c3f-8383-7607fb5e9443,GROUP,76a523f7-ad71-4718-9a44-5ac55c6ef804,belong_to
196,GROUP,76a523f7-ad71-4718-9a44-5ac55c6ef804,USER,7ed4a0db-73ad-4c3f-8383-7607fb5e9443,part_off
197,USER,3efa0808-41b8-43c7-9e7b-6f337be1c0c7,GROUP,c9d4d22b-bf90-4bfa-a62f-9d9b47977d34,belong_to
197,GROUP,c9d4d22b-bf90-4bfa-a62f-9d9b47977d34,USER,3efa0808-41b8-43c7-9e7b-6f337be1c0c7,part_off
198,USER,febf5fc8-3a62-4491-a53f-f1b248d9ae21,GROUP,f5960755-1843-4174-95dc-065d960c5aed,belong_to
198,GROUP,f5960755-1843-4174-95dc-065d960c5aed,USER,febf5fc8-3a62-4491-a53f-f1b248d9ae21,part_off
199,USER,4bb13343-0293-40c5-a65d-99cc5b557296,GROUP,58ccccc0-7e38-46ba-a0d8-f8aad4a2612e,belong_to
199,GROUP,58ccccc0-7e38-46ba-a0d8-f8aad4a2612e,USER,4bb13343-0293-40c5-a65d-99cc5b557296,part_off
200,USER,cf489890-26ef-4a06-bea5-e7a815662c44,GROUP,21815971-49ec-4651-b74d-c315f00fe65f,belong_to
200,GROUP,21815971-49ec-4651-b74d-c315f00fe65f,USER,cf489890-26ef-4a06-bea5-e7a815662c44,part_off
201,USER,d56caa11-d3b9-484b-94fd-3b7e53d513c4,GROUP,6464b797-929e-417f-a065-5072541c5def,belong_to
201,GROUP,6464b797-929e-417f-a065-5072541c5def,USER,d56caa11-d3b9-484b-94fd-3b7e53d513c4,part_off
202,USER,7615ea91-ee09-4032-a2f4-dc40836604eb,GROUP,6a353432-7054-4409-80ff-41ab0ff38832,belong_to
202,GROUP,6a353432-7054-4409-80ff-41ab0ff38832,USER,7615ea91-ee09-4032-a2f4-dc40836604eb,part_off
203,USER,31d35afd-55d6-408a-ad2e-848b12960464,GROUP,27bf53fb-b7b1-45eb-987a-5c1fd6e484c7,belong_to
203,GROUP,27bf53fb-b7b1-45eb-987a-5c1fd6e484c7,USER,31d35afd-55d6-408a-ad2e-848b12960464,part_off
204,USER,1603f1f0-307a-4f2f-9d10-c1cc292704f1,GROUP,2d4d106f-8d6b-4be9-bcca-165d5035906e,belong_to
204,GROUP,2d4d106f-8d6b-4be9-bcca-165d5035906e,USER,1603f1f0-307a-4f2f-9d10-c1cc292704f1,part_off
205,USER,aca9787a-45a1-4886-9dc2-38f0316a2b2e,GROUP,03c719ae-d20e-4dad-b8fa-f77ebc1df8d5,belong_to
205,GROUP,03c719ae-d20e-4dad-b8fa-f77ebc1df8d5,USER,aca9787a-45a1-4886-9dc2-38f0316a2b2e,part_off
206,USER,f5671c37-dc8d-4743-ada6-df231841617d,GROUP,fa450d5e-3d75-4591-82df-77e131dfc5d2,belong_to
206,GROUP,fa450d5e-3d75-4591-82df-77e131dfc5d2,USER,f5671c37-dc8d-4743-ada6-df231841617d,part_off
207,USER,8a6e3264-0435-40a1-9732-fecd69c06bd3,GROUP,8c96cd4c-199d-4271-ace0-75d47901b1dd,belong_to
207,GROUP,8c96cd4c-199d-4271-ace0-75d47901b1dd,USER,8a6e3264-0435-40a1-9732-fecd69c06bd3,part_off
208,USER,c617db2b-b964-4652-a7fa-40da66fb9d09,GROUP,437f3b4f-3701-488f-b024-4e249a733093,belong_to
208,GROUP,437f3b4f-3701-488f-b024-4e249a733093,USER,c617db2b-b964-4652-a7fa-40da66fb9d09,part_off
209,USER,4978344c-896b-4d85-826a-f312f53c0512,GROUP,bd72ad1a-0919-40cb-8831-b427b4c5f214,belong_to
209,GROUP,bd72ad1a-0919-40cb-8831-b427b4c5f214,USER,4978344c-896b-4d85-826a-f312f53c0512,part_off
210,USER,4cac6b25-d460-4dc6-896b-c00867e892f8,GROUP,79038e46-c52d-4ef3-97bb-026c4e18ef62,belong_to
210,GROUP,79038e46-c52d-4ef3-97bb-026c4e18ef62,USER,4cac6b25-d460-4dc6-896b-c00867e892f8,part_off
211,USER,9fb05e20-fe39-47f3-83fc-bdc101ca3b41,GROUP,c2d44ce3-dfff-4e5d-8a39-9453913a08c4,belong_to
211,GROUP,c2d44ce3-dfff-4e5d-8a39-9453913a08c4,USER,9fb05e20-fe39-47f3-83fc-bdc101ca3b41,part_off
212,USER,90f5f9e5-a6c7-43b6-a258-ce7837c0ec84,GROUP,717e760e-088b-4a50-9b10-2dbf9381cd30,belong_to
212,GROUP,717e760e-088b-4a50-9b10-2dbf9381cd30,USER,90f5f9e5-a6c7-43b6-a258-ce7837c0ec84,part_off
213,USER,639498ef-1065-4754-b3ec-b9127acf0f5a,GROUP,b1ba965b-2329-4eaa-a1e5-4f802de18a15,belong_to
213,GROUP,b1ba965b-2329-4eaa-a1e5-4f802de18a15,USER,639498ef-1065-4754-b3ec-b9127acf0f5a,part_off
214,USER,776bddc5-450a-4b1a-81a6-14528dfb5b84,GROUP,507a1f13-68f6-47d2-a697-bbb0b2c889c3,belong_to
214,GROUP,507a1f13-68f6-47d2-a697-bbb0b2c889c3,USER,776bddc5-450a-4b1a-81a6-14528dfb5b84,part_off
215,USER,019e2146-8b42-45f0-bc5c-088bcd152a3e,GROUP,6521c081-3a1a-406c-863d-771ce6517935,belong_to
215,GROUP,6521c081-3a1a-406c-863d-771ce6517935,USER,019e2146-8b42-45f0-bc5c-088bcd152a3e,part_off
216,USER,f6bf9d41-5eec-4785-823d-6bfaa93b107a,GROUP,e6a44704-f346-4325-89eb-efd1cb2d0f2b,belong_to
216,GROUP,e6a44704-f346-4325-89eb-efd1cb2d0f2b,USER,f6bf9d41-5eec-4785-823d-6bfaa93b107a,part_off
217,USER,16a435ef-4ba2-40e7-bdb0-3d734f72c1d0,GROUP,605343e1-92c7-4338-8ce9-4639a2d430af,belong_to
217,GROUP,605343e1-92c7-4338-8ce9-4639a2d430af,USER,16a435ef-4ba2-40e7-bdb0-3d734f72c1d0,part_off
218,USER,5036bf6e-3825-431b-b462-84175bb3cef6,GROUP,497f0a46-909a-4ed7-84bd-ea5c9e342873,belong_to
218,GROUP,497f0a46-909a-4ed7-84bd-ea5c9e342873,USER,5036bf6e-3825-431b-b462-84175bb3cef6,part_off
219,USER,4733b6c2-f537-4910-b482-1d457e7c7367,GROUP,8615ee69-c798-44c8-b4de-520f6f64522d,belong_to
219,GROUP,8615ee69-c798-44c8-b4de-520f6f64522d,USER,4733b6c2-f537-4910-b482-1d457e7c7367,part_off
220,USER,2046690e-47aa-4bb7-9f08-2c1637f32d0b,GROUP,411b430b-08a9-439c-a49a-8de6ad0d5875,belong_to
220,GROUP,411b430b-08a9-439c-a49a-8de6ad0d5875,USER,2046690e-47aa-4bb7-9f08-2c1637f32d0b,part_off
221,USER,60ef3229-1c31-4007-86db-ad246af3b1d4,GROUP,586ac1d7-1026-4ea7-a31c-d0446ce336bf,belong_to
221,GROUP,586ac1d7-1026-4ea7-a31c-d0446ce336bf,USER,60ef3229-1c31-4007-86db-ad246af3b1d4,part_off
222,USER,eb4236de-7f94-41e2-905f-33f9007cbbb2,GROUP,27c31d9b-2409-48bb-bc06-b3a095b3082d,belong_to
222,GROUP,27c31d9b-2409-48bb-bc06-b3a095b3082d,USER,eb4236de-7f94-41e2-905f-33f9007cbbb2,part_off
223,USER,4d3ac5db-ee32-4009-9bc7-825b79618ecf,GROUP,693065ee-6850-49c3-b11b-7436aa36b595,belong_to
223,GROUP,693065ee-6850-49c3-b11b-7436aa36b595,USER,4d3ac5db-ee32-4009-9bc7-825b79618ecf,part_off
224,USER,948136de-0ef7-434f-bade-27d2c8b0dc87,GROUP,fec6e309-de7a-448a-99d6-6aead4365108,belong_to
224,GROUP,fec6e309-de7a-448a-99d6-6aead4365108,USER,948136de-0ef7-434f-bade-27d2c8b0dc87,part_off
225,USER,388492af-211a-4554-87f3-943c29368e8c,GROUP,dd482abb-fc48-432a-8937-b2d9e59cc876,belong_to
225,GROUP,dd482abb-fc48-432a-8937-b2d9e59cc876,USER,388492af-211a-4554-87f3-943c29368e8c,part_off
226,USER,f885300d-17f5-4a75-8d0c-f17554f1949a,GROUP,708107fb-0533-4573-9763-5f1ec7505753,belong_to
226,GROUP,708107fb-0533-4573-9763-5f1ec7505753,USER,f885300d-17f5-4a75-8d0c-f17554f1949a,part_off
227,USER,b1eca97b-f0ba-4ee1-9537-2e852ce223e3,GROUP,bb784f5c-3f80-44dc-a980-f4a7da358640,belong_to
227,GROUP,bb784f5c-3f80-44dc-a980-f4a7da358640,USER,b1eca97b-f0ba-4ee1-9537-2e852ce223e3,part_off
228,USER,c58297a2-1330-4f7a-9d70-e89348a74d89,GROUP,4f8d0faa-0812-40f9-953c-6349a9faee4c,belong_to
228,GROUP,4f8d0faa-0812-40f9-953c-6349a9faee4c,USER,c58297a2-1330-4f7a-9d70-e89348a74d89,part_off
229,USER,2adca4aa-3b4a-4965-9f06-5012880c9f9c,GROUP,f81062c9-5e66-40d1-8887-8ee1e96f7a4b,belong_to
229,GROUP,f81062c9-5e66-40d1-8887-8ee1e96f7a4b,USER,2adca4aa-3b4a-4965-9f06-5012880c9f9c,part_off
230,USER,f3229683-c768-4fee-9386-f0a7901d7ed2,GROUP,af503e14-2d1c-4c64-9cbe-6581a935c479,belong_to
230,GROUP,af503e14-2d1c-4c64-9cbe-6581a935c479,USER,f3229683-c768-4fee-9386-f0a7901d7ed2,part_off
231,USER,09d8a5fb-92d6-499f-8854-52ac5651cfb4,GROUP,ed8b4ccb-97c5-4708-9912-fe8297dab1c9,belong_to
231,GROUP,ed8b4ccb-97c5-4708-9912-fe8297dab1c9,USER,09d8a5fb-92d6-499f-8854-52ac5651cfb4,part_off
232,USER,2bfb779b-9e35-4e26-b291-17701a23ae26,GROUP,9a3592a5-0e56-4fd8-93bd-855f83b1d602,belong_to
232,GROUP,9a3592a5-0e56-4fd8-93bd-855f83b1d602,USER,2bfb779b-9e35-4e26-b291-17701a23ae26,part_off
233,USER,2f8c8dee-d2c8-476e-b0ec-4092c932e2db,GROUP,5cf04fd4-3952-4c5c-9693-72eacc18cede,belong_to
233,GROUP,5cf04fd4-3952-4c5c-9693-72eacc18cede,USER,2f8c8dee-d2c8-476e-b0ec-4092c932e2db,part_off
234,USER,d9a9d303-5421-49bb-bca1-08bff30f7473,GROUP,a08d6872-effb-4512-94a0-914b44d29abc,belong_to
234,GROUP,a08d6872-effb-4512-94a0-914b44d29abc,USER,d9a9d303-5421-49bb-bca1-08bff30f7473,part_off
235,USER,1cb5986e-7ca5-42e7-b68b-376a3d6c73e9,GROUP,86e1b707-1f15-4413-9746-42f4aa221ff2,belong_to
235,GROUP,86e1b707-1f15-4413-9746-42f4aa221ff2,USER,1cb5986e-7ca5-42e7-b68b-376a3d6c73e9,part_off
236,USER,ddfb7004-e997-482e-9fe7-9719f18d71b2,GROUP,c00b143b-196e-43f8-94d1-f86836d019cc,belong_to
236,GROUP,c00b143b-196e-43f8-94d1-f86836d019cc,USER,ddfb7004-e997-482e-9fe7-9719f18d71b2,part_off
237,USER,305c32e4-a696-46c7-9d60-a53d1c67fc17,GROUP,e90957b1-ea8a-45d3-a94e-7f65638651ea,belong_to
237,GROUP,e90957b1-ea8a-45d3-a94e-7f65638651ea,USER,305c32e4-a696-46c7-9d60-a53d1c67fc17,part_off
238,USER,ff274008-1097-43b8-a1f9-be03139a0cd6,GROUP,84e31d2a-f9b6-4604-b9b1-df29c47561eb,belong_to
238,GROUP,84e31d2a-f9b6-4604-b9b1-df29c47561eb,USER,ff274008-1097-43b8-a1f9-be03139a0cd6,part_off
239,USER,ff4ab8b0-f811-437c-abf6-56d309eb2d5c,GROUP,b86125d3-92c8-4438-8765-50e5f047c76c,belong_to
239,GROUP,b86125d3-92c8-4438-8765-50e5f047c76c,USER,ff4ab8b0-f811-437c-abf6-56d309eb2d5c,part_off
240,USER,ccd4b1e3-0ac9-4f6e-8368-2c27d6d29a21,GROUP,9fe95699-d1c5-45c7-bcba-2df24e0c42c0,belong_to
240,GROUP,9fe95699-d1c5-45c7-bcba-2df24e0c42c0,USER,ccd4b1e3-0ac9-4f6e-8368-2c27d6d29a21,part_off
241,USER,68a48a41-496a-4e55-aea1-0df9e8de2865,GROUP,57275c53-f7a8-4043-8990-8713a73365ae,belong_to
241,GROUP,57275c53-f7a8-4043-8990-8713a73365ae,USER,68a48a41-496a-4e55-aea1-0df9e8de2865,part_off
242,USER,d07545ea-baef-48e9-b2b5-e28aed74f7d7,GROUP,b0924992-c9a8-4dc3-8e99-7d1c6abc5760,belong_to
242,GROUP,b0924992-c9a8-4dc3-8e99-7d1c6abc5760,USER,d07545ea-baef-48e9-b2b5-e28aed74f7d7,part_off
243,USER,17dff782-fa7e-49fe-9b15-909581de0e0f,GROUP,e49de237-43c4-45bb-9776-af6b773ee830,belong_to
243,GROUP,e49de237-43c4-45bb-9776-af6b773ee830,USER,17dff782-fa7e-49fe-9b15-909581de0e0f,part_off
244,USER,22c090e6-d916-41fb-8f0e-74c0b7fe8240,GROUP,1dfd96da-19b4-46a7-a985-b0a6c972017a,belong_to
244,GROUP,1dfd96da-19b4-46a7-a985-b0a6c972017a,USER,22c090e6-d916-41fb-8f0e-74c0b7fe8240,part_off
245,USER,2730cb61-0766-4acc-8413-ed2f96a11715,GROUP,b6547bc6-fc2d-4213-a66c-259be934f110,belong_to
245,GROUP,b6547bc6-fc2d-4213-a66c-259be934f110,USER,2730cb61-0766-4acc-8413-ed2f96a11715,part_off
246,USER,cc6686d6-f62b-447b-b041-21e59114e76b,GROUP,0ffcf9a4-d4b8-49b1-91e3-b8a563cc1e1d,belong_to
246,GROUP,0ffcf9a4-d4b8-49b1-91e3-b8a563cc1e1d,USER,cc6686d6-f62b-447b-b041-21e59114e76b,part_off
247,USER,3d5f66af-6dd8-4b54-a8ed-1cbdf18a3ddf,GROUP,1ca5effa-6a5b-44da-86dc-4b21d851ed23,belong_to
247,GROUP,1ca5effa-6a5b-44da-86dc-4b21d851ed23,USER,3d5f66af-6dd8-4b54-a8ed-1cbdf18a3ddf,part_off
248,USER,8e853c41-3297-4244-978e-9361110a1d27,GROUP,a534fa34-d75e-451a-9ffc-bd894ec13ca0,belong_to
248,GROUP,a534fa34-d75e-451a-9ffc-bd894ec13ca0,USER,8e853c41-3297-4244-978e-9361110a1d27,part_off
249,USER,f1e5d1b1-0a4d-40ac-8341-6f08aabe0d0c,GROUP,1af551ca-409f-4c40-a336-7916c2385a4c,belong_to
249,GROUP,1af551ca-409f-4c40-a336-7916c2385a4c,USER,f1e5d1b1-0a4d-40ac-8341-6f08aabe0d0c,part_off
250,USER,1d584859-d067-4ea2-a32e-4a5edf324060,GROUP,23a45d05-4880-43a3-85ee-d1a5ba16b3fe,belong_to
250,GROUP,23a45d05-4880-43a3-85ee-d1a5ba16b3fe,USER,1d584859-d067-4ea2-a32e-4a5edf324060,part_off
251,USER,68ab2656-9315-419e-86c2-1b0bce5999f3,GROUP,67211eba-058f-4c97-89f0-2cb10a18beac,belong_to
251,GROUP,67211eba-058f-4c97-89f0-2cb10a18beac,USER,68ab2656-9315-419e-86c2-1b0bce5999f3,part_off
252,USER,edfca72d-7650-4d3b-8e68-3211af8756f3,GROUP,29808aee-47b9-46e0-8ceb-edaf51c6f9fe,belong_to
252,GROUP,29808aee-47b9-46e0-8ceb-edaf51c6f9fe,USER,edfca72d-7650-4d3b-8e68-3211af8756f3,part_off
253,USER,65a2af08-3f3e-4158-945c-f918dd5512f1,GROUP,54b85193-e030-48a1-9f30-faea8b809694,belong_to
253,GROUP,54b85193-e030-48a1-9f30-faea8b809694,USER,65a2af08-3f3e-4158-945c-f918dd5512f1,part_off
254,USER,1981ca11-1aa1-4195-a912-cade5a873630,GROUP,4825344c-ae5d-4c8b-b321-07bd8fcd1ebc,belong_to
254,GROUP,4825344c-ae5d-4c8b-b321-07bd8fcd1ebc,USER,1981ca11-1aa1-4195-a912-cade5a873630,part_off
255,USER,9b834409-549b-4b47-a54c-2fb2d105fcbd,GROUP,809a9a36-428a-4ae3-9b0b-36a94f7b8820,belong_to
255,GROUP,809a9a36-428a-4ae3-9b0b-36a94f7b8820,USER,9b834409-549b-4b47-a54c-2fb2d105fcbd,part_off
256,USER,f567699d-592a-448e-9488-b3fb203577bc,GROUP,582f4a96-3d26-4e5c-affa-aae0d20e772c,belong_to
256,GROUP,582f4a96-3d26-4e5c-affa-aae0d20e772c,USER,f567699d-592a-448e-9488-b3fb203577bc,part_off
257,USER,2bf3bd1f-009a-4149-9cf9-7ddabc9e5110,GROUP,1457b88a-3dd7-4ce2-925d-e5bfc34f9159,belong_to
257,GROUP,1457b88a-3dd7-4ce2-925d-e5bfc34f9159,USER,2bf3bd1f-009a-4149-9cf9-7ddabc9e5110,part_off
258,USER,abf42c7c-4d22-45e1-85b9-88f80b9142ff,GROUP,ca7b81c7-bb30-4942-8ff4-aae417e8fec6,belong_to
258,GROUP,ca7b81c7-bb30-4942-8ff4-aae417e8fec6,USER,abf42c7c-4d22-45e1-85b9-88f80b9142ff,part_off
259,USER,6413b15d-311c-495c-9420-dd4ef239248c,GROUP,a64781ec-49b7-4a82-b921-184c8c63d271,belong_to
259,GROUP,a64781ec-49b7-4a82-b921-184c8c63d271,USER,6413b15d-311c-495c-9420-dd4ef239248c,part_off
260,USER,6fb377c3-6071-4484-b219-3961ce7e556e,GROUP,8ef3d105-e9d6-46b8-a093-139e27dae674,belong_to
260,GROUP,8ef3d105-e9d6-46b8-a093-139e27dae674,USER,6fb377c3-6071-4484-b219-3961ce7e556e,part_off
261,USER,8a9a2bd9-bbb5-4f5a-941a-dfe96cbf3905,GROUP,5bc43141-f7c8-4d7a-a55c-158372ba607d,belong_to
261,GROUP,5bc43141-f7c8-4d7a-a55c-158372ba607d,USER,8a9a2bd9-bbb5-4f5a-941a-dfe96cbf3905,part_off
262,USER,ec069a21-8aef-4777-a20d-dc18fd744a23,GROUP,08cc8b98-a320-4a6b-b18b-ae842ea4c6ec,belong_to
262,GROUP,08cc8b98-a320-4a6b-b18b-ae842ea4c6ec,USER,ec069a21-8aef-4777-a20d-dc18fd744a23,part_off
263,USER,642ea3bc-9d38-4e28-8ac0-d23301966534,GROUP,be2e934f-4604-4982-a6e2-041b46c3348b,belong_to
263,GROUP,be2e934f-4604-4982-a6e2-041b46c3348b,USER,642ea3bc-9d38-4e28-8ac0-d23301966534,part_off
264,USER,7fec2442-b30c-4cc3-8460-78a3205262ee,GROUP,4eb77d29-4e10-40d3-ab75-909db3bf4b79,belong_to
264,GROUP,4eb77d29-4e10-40d3-ab75-909db3bf4b79,USER,7fec2442-b30c-4cc3-8460-78a3205262ee,part_off
265,USER,f1c2560b-6415-4438-9ba9-fb455c000c75,GROUP,21616285-2ae8-45d6-a145-c408fea97564,belong_to
265,GROUP,21616285-2ae8-45d6-a145-c408fea97564,USER,f1c2560b-6415-4438-9ba9-fb455c000c75,part_off
266,USER,af474bd7-7340-4259-8cab-e05d05575943,GROUP,9e319b64-4d56-4447-9eea-61dc38981f3e,belong_to
266,GROUP,9e319b64-4d56-4447-9eea-61dc38981f3e,USER,af474bd7-7340-4259-8cab-e05d05575943,part_off
267,USER,5b2f352e-d67a-4717-954f-19b6b4599d04,GROUP,3e3027f9-7975-4476-b2f0-819f3e231c3c,belong_to
267,GROUP,3e3027f9-7975-4476-b2f0-819f3e231c3c,USER,5b2f352e-d67a-4717-954f-19b6b4599d04,part_off
268,USER,1c6e14fc-b859-4cc6-b948-8eb0c5abb774,GROUP,c3f404d7-37c3-40df-a9a6-c5aa2775d8d8,belong_to
268,GROUP,c3f404d7-37c3-40df-a9a6-c5aa2775d8d8,USER,1c6e14fc-b859-4cc6-b948-8eb0c5abb774,part_off
269,USER,f9e240ef-14c4-4a1f-8d0d-d89cb7a7cdf6,GROUP,a239c0ac-6e40-4320-9cd3-7604c738ed8d,belong_to
269,GROUP,a239c0ac-6e40-4320-9cd3-7604c738ed8d,USER,f9e240ef-14c4-4a1f-8d0d-d89cb7a7cdf6,part_off
270,USER,345d22f6-478d-45d1-bde3-e398bff63904,GROUP,5c79c47c-69c5-4075-a9f0-4338bf336de4,belong_to
270,GROUP,5c79c47c-69c5-4075-a9f0-4338bf336de4,USER,345d22f6-478d-45d1-bde3-e398bff63904,part_off
271,USER,5607962d-a2ce-4a6c-a786-b9e2cfee738c,GROUP,07d5ad0d-67e6-4f3f-b3e0-95e213a0c402,belong_to
271,GROUP,07d5ad0d-67e6-4f3f-b3e0-95e213a0c402,USER,5607962d-a2ce-4a6c-a786-b9e2cfee738c,part_off
272,USER,6843fa61-542f-4198-8597-090ed6fda4a3,GROUP,e07b5fdd-117a-448c-be0e-fbe4d89cd683,belong_to
272,GROUP,e07b5fdd-117a-448c-be0e-fbe4d89cd683,USER,6843fa61-542f-4198-8597-090ed6fda4a3,part_off
273,USER,847b4166-4e2d-41ab-b310-865a8138f495,GROUP,f08ea991-035e-4f58-ae3d-690e9d12d847,belong_to
273,GROUP,f08ea991-035e-4f58-ae3d-690e9d12d847,USER,847b4166-4e2d-41ab-b310-865a8138f495,part_off
274,USER,c5e48bd5-51e6-404e-8cf7-786abc965aac,GROUP,f6242b6a-f287-49a2-9da7-ad4c5c646939,belong_to
274,GROUP,f6242b6a-f287-49a2-9da7-ad4c5c646939,USER,c5e48bd5-51e6-404e-8cf7-786abc965aac,part_off
275,USER,f6df4d59-f191-4335-8043-e91ea9cd2db3,GROUP,b5e3b0f2-cedd-48e9-adc4-8a460d84bc0a,belong_to
275,GROUP,b5e3b0f2-cedd-48e9-adc4-8a460d84bc0a,USER,f6df4d59-f191-4335-8043-e91ea9cd2db3,part_off
276,USER,a80120e4-8066-4a6b-ab83-585154b42b7a,GROUP,2d6bd959-1386-44d2-82d4-78a9f18b9c3d,belong_to
276,GROUP,2d6bd959-1386-44d2-82d4-78a9f18b9c3d,USER,a80120e4-8066-4a6b-ab83-585154b42b7a,part_off
277,USER,02e636b9-4544-4084-84af-d2272617e7c5,GROUP,2e81c09f-b8b5-4748-b69e-27ef0df1628d,belong_to
277,GROUP,2e81c09f-b8b5-4748-b69e-27ef0df1628d,USER,02e636b9-4544-4084-84af-d2272617e7c5,part_off
278,USER,254f1575-0069-421f-a115-5310344afbe3,GROUP,12c5da33-300a-4c45-a76d-4d3449fa55fb,belong_to
278,GROUP,12c5da33-300a-4c45-a76d-4d3449fa55fb,USER,254f1575-0069-421f-a115-5310344afbe3,part_off
279,USER,73600f15-2253-4670-be0d-7beabce8dbf3,GROUP,06ccb740-1f36-44f7-9688-1da5f0d6ad58,belong_to
279,GROUP,06ccb740-1f36-44f7-9688-1da5f0d6ad58,USER,73600f15-2253-4670-be0d-7beabce8dbf3,part_off
280,USER,4c19cc25-aad0-4c81-9811-d0238ddc826f,GROUP,d30c8f71-aa92-4f13-a2a8-f973d4fc50e6,belong_to
280,GROUP,d30c8f71-aa92-4f13-a2a8-f973d4fc50e6,USER,4c19cc25-aad0-4c81-9811-d0238ddc826f,part_off
281,USER,d3d05a43-2e27-4ed6-aedc-0335475483ed,GROUP,7bbc65bd-468a-48a0-a222-dbfc518eca7f,belong_to
281,GROUP,7bbc65bd-468a-48a0-a222-dbfc518eca7f,USER,d3d05a43-2e27-4ed6-aedc-0335475483ed,part_off
282,USER,329490ae-3fb2-4de0-9041-62743898bda1,GROUP,9e72d170-df10-4c0a-810e-32423c706435,belong_to
282,GROUP,9e72d170-df10-4c0a-810e-32423c706435,USER,329490ae-3fb2-4de0-9041-62743898bda1,part_off
283,USER,b20761cf-a62b-4e1f-b383-46cd03ae0df2,GROUP,3e62d23d-9bd9-4d25-911f-c3f8a7bf4ba8,belong_to
283,GROUP,3e62d23d-9bd9-4d25-911f-c3f8a7bf4ba8,USER,b20761cf-a62b-4e1f-b383-46cd03ae0df2,part_off
284,USER,bc0cc771-108a-4157-b6b7-942a3882b8aa,GROUP,83cc8101-d8d7-4ac3-8138-a7f93806614f,belong_to
284,GROUP,83cc8101-d8d7-4ac3-8138-a7f93806614f,USER,bc0cc771-108a-4157-b6b7-942a3882b8aa,part_off
285,USER,1739f7ae-57df-48ae-ab70-2ee664ba8b00,GROUP,06e7e128-bc67-4290-8fb5-2ef41fc01a64,belong_to
285,GROUP,06e7e128-bc67-4290-8fb5-2ef41fc01a64,USER,1739f7ae-57df-48ae-ab70-2ee664ba8b00,part_off
286,USER,d65772f1-5993-4a4c-a7ad-9e15a996f27a,GROUP,27a187f1-8247-444a-b62d-7784538014e0,belong_to
286,GROUP,27a187f1-8247-444a-b62d-7784538014e0,USER,d65772f1-5993-4a4c-a7ad-9e15a996f27a,part_off
287,USER,0861010f-aeb3-440b-85d7-20993006da21,GROUP,9f1dc0f8-f89f-48b7-a513-a3951b7fb7b4,belong_to
287,GROUP,9f1dc0f8-f89f-48b7-a513-a3951b7fb7b4,USER,0861010f-aeb3-440b-85d7-20993006da21,part_off
288,USER,1d8ee292-6399-4713-8a8f-37f7d2324927,GROUP,f8ef4b6e-5516-4a61-bfa3-3466955490bd,belong_to
288,GROUP,f8ef4b6e-5516-4a61-bfa3-3466955490bd,USER,1d8ee292-6399-4713-8a8f-37f7d2324927,part_off
289,USER,266c6fb9-33a3-49e4-a6e3-b71760b2714f,GROUP,ea69eaf4-59eb-41ee-a5c2-ef725955f833,belong_to
289,GROUP,ea69eaf4-59eb-41ee-a5c2-ef725955f833,USER,266c6fb9-33a3-49e4-a6e3-b71760b2714f,part_off
290,USER,4a924999-a9cc-47d9-bc73-6527848800ad,GROUP,0651e22a-9991-4055-8d31-0f0ee524ed0c,belong_to
290,GROUP,0651e22a-9991-4055-8d31-0f0ee524ed0c,USER,4a924999-a9cc-47d9-bc73-6527848800ad,part_off
291,USER,b5cb2e98-61db-4da4-a7cb-3e81d81304fa,GROUP,bc7f0630-558a-46d9-bc4c-902505185986,belong_to
291,GROUP,bc7f0630-558a-46d9-bc4c-902505185986,USER,b5cb2e98-61db-4da4-a7cb-3e81d81304fa,part_off
292,USER,ee472554-da91-401d-a2a4-e58937227a65,GROUP,f845f4ea-b2a2-428f-a20b-85b0e265d136,belong_to
292,GROUP,f845f4ea-b2a2-428f-a20b-85b0e265d136,USER,ee472554-da91-401d-a2a4-e58937227a65,part_off
293,USER,01b44d5f-29d5-4ae0-8da5-0585907a2327,GROUP,ebbed09a-1887-4125-8847-556020e3cf4e,belong_to
293,GROUP,ebbed09a-1887-4125-8847-556020e3cf4e,USER,01b44d5f-29d5-4ae0-8da5-0585907a2327,part_off
294,USER,b7640619-38b2-429c-aec0-baa20160c048,GROUP,7f437996-8981-408b-a3d1-353e0941c6e3,belong_to
294,GROUP,7f437996-8981-408b-a3d1-353e0941c6e3,USER,b7640619-38b2-429c-aec0-baa20160c048,part_off
295,USER,6f8a6e83-5e64-4fa7-83f9-ccdc0b37f01c,GROUP,6c7e375d-8153-4a55-b20c-e4113b615930,belong_to
295,GROUP,6c7e375d-8153-4a55-b20c-e4113b615930,USER,6f8a6e83-5e64-4fa7-83f9-ccdc0b37f01c,part_off
296,USER,e6c70303-a43f-48e4-a9e7-2d1c5de589eb,GROUP,04a2fd3b-629d-4f56-adac-98a4fce1add2,belong_to
296,GROUP,04a2fd3b-629d-4f56-adac-98a4fce1add2,USER,e6c70303-a43f-48e4-a9e7-2d1c5de589eb,part_off
297,USER,567b6a0a-2d42-4b2b-bd56-b910095532db,GROUP,334ffb5d-3ac2-4821-9293-6081a57fbf44,belong_to
297,GROUP,334ffb5d-3ac2-4821-9293-6081a57fbf44,USER,567b6a0a-2d42-4b2b-bd56-b910095532db,part_off
298,USER,c921dc2a-7baa-41b3-a7bb-e2237f3851c3,GROUP,92bd2986-1f96-40e0-b272-a0bc7021273f,belong_to
298,GROUP,92bd2986-1f96-40e0-b272-a0bc7021273f,USER,c921dc2a-7baa-41b3-a7bb-e2237f3851c3,part_off
299,USER,eaf91338-ce23-48bb-a626-84e6982973d9,GROUP,80f2f124-76de-44fa-a82b-cc9c58eac9a7,belong_to
299,GROUP,80f2f124-76de-44fa-a82b-cc9c58eac9a7,USER,eaf91338-ce23-48bb-a626-84e6982973d9,part_off
300,USER,48ca3170-ffa2-415d-9afa-ca13496dacb2,GROUP,ed118bb3-2707-4450-abb1-8d9f53591266,belong_to
300,GROUP,ed118bb3-2707-4450-abb1-8d9f53591266,USER,48ca3170-ffa2-415d-9afa-ca13496dacb2,part_off
301,USER,a0666935-ad7a-444e-817f-4a47d047d220,GROUP,7d3e5740-3a95-4694-9f94-0adb270819c8,belong_to
301,GROUP,7d3e5740-3a95-4694-9f94-0adb270819c8,USER,a0666935-ad7a-444e-817f-4a47d047d220,part_off
302,USER,293f65c2-b1cf-4469-94cf-8af10d51bcdd,GROUP,fd594f35-e4a2-4086-968b-e7a7a7d5f309,belong_to
302,GROUP,fd594f35-e4a2-4086-968b-e7a7a7d5f309,USER,293f65c2-b1cf-4469-94cf-8af10d51bcdd,part_off
303,USER,a6bfc005-5dd7-4d68-b0d8-7608eb8e90a9,GROUP,8a7ff5db-e1fc-41f9-a69e-a038570557da,belong_to
303,GROUP,8a7ff5db-e1fc-41f9-a69e-a038570557da,USER,a6bfc005-5dd7-4d68-b0d8-7608eb8e90a9,part_off
304,USER,f6c843be-faa4-46b3-a294-dc29c684093e,GROUP,ca7f557c-866d-4151-82f5-9ccd00952bd5,belong_to
304,GROUP,ca7f557c-866d-4151-82f5-9ccd00952bd5,USER,f6c843be-faa4-46b3-a294-dc29c684093e,part_off
305,USER,a4ab65c9-6162-4eec-9c84-ead567e3c48f,GROUP,14425feb-80b1-4182-87a8-1aeaa181a7e5,belong_to
305,GROUP,14425feb-80b1-4182-87a8-1aeaa181a7e5,USER,a4ab65c9-6162-4eec-9c84-ead567e3c48f,part_off
306,USER,3ef23df3-fbfc-4256-96e6-167508246d81,GROUP,ba3df507-c0ba-46b7-a162-e395edbc4fff,belong_to
306,GROUP,ba3df507-c0ba-46b7-a162-e395edbc4fff,USER,3ef23df3-fbfc-4256-96e6-167508246d81,part_off
307,USER,b93f9fc6-82e9-475b-90b1-14ca913cdd00,GROUP,2a7b367a-aaf3-4164-afc5-db477c8e7e9e,belong_to
307,GROUP,2a7b367a-aaf3-4164-afc5-db477c8e7e9e,USER,b93f9fc6-82e9-475b-90b1-14ca913cdd00,part_off
308,USER,e2793311-ffd9-40e4-87f6-b084e36c917d,GROUP,9c789def-07f2-4eec-9256-0453aad4932a,belong_to
308,GROUP,9c789def-07f2-4eec-9256-0453aad4932a,USER,e2793311-ffd9-40e4-87f6-b084e36c917d,part_off
309,USER,3dc92b0b-c73b-4d6a-b774-586aed681bbb,GROUP,e25125f5-93b7-45a3-938c-5983324a0d52,belong_to
309,GROUP,e25125f5-93b7-45a3-938c-5983324a0d52,USER,3dc92b0b-c73b-4d6a-b774-586aed681bbb,part_off
310,USER,715bba2f-9a50-41ce-86d1-384bb2c79665,GROUP,2773fd6d-3cd4-4156-aa33-3f51a8625b72,belong_to
310,GROUP,2773fd6d-3cd4-4156-aa33-3f51a8625b72,USER,715bba2f-9a50-41ce-86d1-384bb2c79665,part_off
311,USER,9bfb237c-fdbf-486a-841f-76f163e6e00d,GROUP,a21ff508-ef14-4d87-aeaa-a1f5a0bb779b,belong_to
311,GROUP,a21ff508-ef14-4d87-aeaa-a1f5a0bb779b,USER,9bfb237c-fdbf-486a-841f-76f163e6e00d,part_off
312,USER,202e1549-f226-406a-afc8-146a7528b37e,GROUP,8f82c76b-8c73-4a0d-981b-484b4089ec8c,belong_to
312,GROUP,8f82c76b-8c73-4a0d-981b-484b4089ec8c,USER,202e1549-f226-406a-afc8-146a7528b37e,part_off
313,USER,2f264b75-a68c-43e9-a4ea-5ca38f6846bd,GROUP,e0b5bc66-a4ca-4a73-af4f-76456bb4a91c,belong_to
313,GROUP,e0b5bc66-a4ca-4a73-af4f-76456bb4a91c,USER,2f264b75-a68c-43e9-a4ea-5ca38f6846bd,part_off
314,USER,c495098b-e553-4fa3-a3b6-33185b3c5957,GROUP,ea7bb4cd-c19d-4a0f-a780-44e4d020a828,belong_to
314,GROUP,ea7bb4cd-c19d-4a0f-a780-44e4d020a828,USER,c495098b-e553-4fa3-a3b6-33185b3c5957,part_off
315,USER,1f6a8a11-addb-417f-a710-a4c94fe08993,GROUP,dc2d93d9-9cc7-443c-862b-29c06d8100d7,belong_to
315,GROUP,dc2d93d9-9cc7-443c-862b-29c06d8100d7,USER,1f6a8a11-addb-417f-a710-a4c94fe08993,part_off
316,USER,f90938f2-3150-46ea-a6e2-e0e647e80db4,GROUP,53ed8d70-0b69-4c80-945b-8416df87af86,belong_to
316,GROUP,53ed8d70-0b69-4c80-945b-8416df87af86,USER,f90938f2-3150-46ea-a6e2-e0e647e80db4,part_off
317,USER,b2397271-fb5f-4108-b806-ea5319ac3555,GROUP,062553d1-b700-4aa6-b197-38d15c0d97e1,belong_to
317,GROUP,062553d1-b700-4aa6-b197-38d15c0d97e1,USER,b2397271-fb5f-4108-b806-ea5319ac3555,part_off
318,USER,f6548287-e836-4c4f-8a0b-bab24050a18a,GROUP,8200cf7a-2801-41df-b378-71c86cbcc5f8,belong_to
318,GROUP,8200cf7a-2801-41df-b378-71c86cbcc5f8,USER,f6548287-e836-4c4f-8a0b-bab24050a18a,part_off
319,USER,af8254f4-28d2-4435-9251-6caaad4e07b0,GROUP,145e2b15-7c96-46d7-8828-49a109cad5ef,belong_to
319,GROUP,145e2b15-7c96-46d7-8828-49a109cad5ef,USER,af8254f4-28d2-4435-9251-6caaad4e07b0,part_off
320,USER,9fee5c6a-8efb-4e0f-83a4-81fe57db0e1f,GROUP,abd90af1-d0da-4a49-93a3-cf7251ff3953,belong_to
320,GROUP,abd90af1-d0da-4a49-93a3-cf7251ff3953,USER,9fee5c6a-8efb-4e0f-83a4-81fe57db0e1f,part_off
321,USER,13b6fc2f-9b6c-4cea-b19f-a60c5eebbbc0,GROUP,a3ef19f3-0dd4-4a87-8644-f0339c5fe32c,belong_to
321,GROUP,a3ef19f3-0dd4-4a87-8644-f0339c5fe32c,USER,13b6fc2f-9b6c-4cea-b19f-a60c5eebbbc0,part_off
322,USER,a1e06605-a2d0-4ec8-b91f-4d8c7b014eea,GROUP,9885c0b0-ed42-4b22-8a47-21b04a884907,belong_to
322,GROUP,9885c0b0-ed42-4b22-8a47-21b04a884907,USER,a1e06605-a2d0-4ec8-b91f-4d8c7b014eea,part_off
323,USER,c2a775f4-f2e7-4772-bb19-26daf937c57a,GROUP,e79ce90e-c3a8-40ca-9f6b-734773b38463,belong_to
323,GROUP,e79ce90e-c3a8-40ca-9f6b-734773b38463,USER,c2a775f4-f2e7-4772-bb19-26daf937c57a,part_off
324,USER,ec75d763-96c4-4731-b9a7-6b809c7d010b,GROUP,3bbc0e35-b841-4ebe-bc3f-ad55027f6ac2,belong_to
324,GROUP,3bbc0e35-b841-4ebe-bc3f-ad55027f6ac2,USER,ec75d763-96c4-4731-b9a7-6b809c7d010b,part_off
325,USER,ba2be835-133a-4809-b4ab-4d6216be1371,GROUP,d2ae031a-2bf9-4838-87c3-3d7733a08894,belong_to
325,GROUP,d2ae031a-2bf9-4838-87c3-3d7733a08894,USER,ba2be835-133a-4809-b4ab-4d6216be1371,part_off
326,USER,e60aecee-7d8f-4086-b9e0-1276863f5b23,GROUP,be897c8d-f46d-461a-8f64-2bf11481aa47,belong_to
326,GROUP,be897c8d-f46d-461a-8f64-2bf11481aa47,USER,e60aecee-7d8f-4086-b9e0-1276863f5b23,part_off
327,USER,e511b8a9-b300-4cfe-ba27-6355815403d3,GROUP,f6656e70-6936-4611-86f2-19edd48a6778,belong_to
327,GROUP,f6656e70-6936-4611-86f2-19edd48a6778,USER,e511b8a9-b300-4cfe-ba27-6355815403d3,part_off
328,USER,e9388601-36ba-41b4-a233-f4e9a70aa1ae,GROUP,8df4c9e2-5281-4f27-b297-2937dc70ee67,belong_to
328,GROUP,8df4c9e2-5281-4f27-b297-2937dc70ee67,USER,e9388601-36ba-41b4-a233-f4e9a70aa1ae,part_off
329,USER,2ca2678b-54aa-4bff-a66c-12f384ea1bce,GROUP,4b25e27c-2095-4cb6-8416-4a4e764d82f6,belong_to
329,GROUP,4b25e27c-2095-4cb6-8416-4a4e764d82f6,USER,2ca2678b-54aa-4bff-a66c-12f384ea1bce,part_off
330,USER,1a1d5cd8-644e-444e-8f4f-faab3e51b6c8,GROUP,fd1dcf8c-8b86-4904-bac5-a65e82ce69d0,belong_to
330,GROUP,fd1dcf8c-8b86-4904-bac5-a65e82ce69d0,USER,1a1d5cd8-644e-444e-8f4f-faab3e51b6c8,part_off
331,USER,e635eedf-4f2e-4737-a927-bc9ad37ba6d3,GROUP,b5747c4c-de22-4ecc-b906-3a0746d7d315,belong_to
331,GROUP,b5747c4c-de22-4ecc-b906-3a0746d7d315,USER,e635eedf-4f2e-4737-a927-bc9ad37ba6d3,part_off
332,USER,094511d5-15db-4f8a-bdf6-b1e9ce6d0a8f,GROUP,f014c436-d5c3-4f96-90bf-6e428eed9660,belong_to
332,GROUP,f014c436-d5c3-4f96-90bf-6e428eed9660,USER,094511d5-15db-4f8a-bdf6-b1e9ce6d0a8f,part_off
333,USER,aa5aee0c-9d03-431f-b5b4-500bb21c6449,GROUP,e8421bff-2626-4fbc-9387-4c189cf3dbd8,belong_to
333,GROUP,e8421bff-2626-4fbc-9387-4c189cf3dbd8,USER,aa5aee0c-9d03-431f-b5b4-500bb21c6449,part_off
334,USER,d872cfc8-7835-4021-a649-e84825b5274d,GROUP,3c09b366-e241-430b-9a4b-9166a56893d5,belong_to
334,GROUP,3c09b366-e241-430b-9a4b-9166a56893d5,USER,d872cfc8-7835-4021-a649-e84825b5274d,part_off
335,USER,ddcb3568-d94a-484a-b8ae-0bd6f1d07e4c,GROUP,b1905f88-e85e-4801-9b30-790e97af0e39,belong_to
335,GROUP,b1905f88-e85e-4801-9b30-790e97af0e39,USER,ddcb3568-d94a-484a-b8ae-0bd6f1d07e4c,part_off
336,USER,b178afc0-a890-4786-948d-c4671081d175,GROUP,4dd66299-3809-482b-9f2e-9eef1747ccce,belong_to
336,GROUP,4dd66299-3809-482b-9f2e-9eef1747ccce,USER,b178afc0-a890-4786-948d-c4671081d175,part_off
337,USER,efcdba1b-f5a6-48c4-8db9-e9efe42d186f,GROUP,437a363e-5a59-41e4-94fd-7561676b78c6,belong_to
337,GROUP,437a363e-5a59-41e4-94fd-7561676b78c6,USER,efcdba1b-f5a6-48c4-8db9-e9efe42d186f,part_off
338,USER,a9d363d8-06c4-4328-a0da-cd1d3d084dce,GROUP,8b062e8a-dbc6-476c-8996-6cbe298bb53b,belong_to
338,GROUP,8b062e8a-dbc6-476c-8996-6cbe298bb53b,USER,a9d363d8-06c4-4328-a0da-cd1d3d084dce,part_off
339,USER,58c430e5-c34e-4b38-bc5a-f042d55370ea,GROUP,ea8dfa05-1b8a-4bee-a523-a71da182e1bb,belong_to
339,GROUP,ea8dfa05-1b8a-4bee-a523-a71da182e1bb,USER,58c430e5-c34e-4b38-bc5a-f042d55370ea,part_off
340,USER,1f3f7bee-1a9d-42ea-b656-cf9a2f7a9e0a,GROUP,0718c659-1f87-416d-86c3-b06822511731,belong_to
340,GROUP,0718c659-1f87-416d-86c3-b06822511731,USER,1f3f7bee-1a9d-42ea-b656-cf9a2f7a9e0a,part_off
341,USER,13019227-7b19-4db0-881e-9b4b27374000,GROUP,fd315c66-214b-4b28-b953-ee7ebcbf756d,belong_to
341,GROUP,fd315c66-214b-4b28-b953-ee7ebcbf756d,USER,13019227-7b19-4db0-881e-9b4b27374000,part_off
342,USER,4ec688d3-accf-440b-b1ec-de06840f3a65,GROUP,81bf064b-f563-40f8-a557-f76358028ec5,belong_to
342,GROUP,81bf064b-f563-40f8-a557-f76358028ec5,USER,4ec688d3-accf-440b-b1ec-de06840f3a65,part_off
343,USER,564e0c98-fd2d-4221-8682-03774689c772,GROUP,83dd218c-1c1a-4562-abce-5b4de8986276,belong_to
343,GROUP,83dd218c-1c1a-4562-abce-5b4de8986276,USER,564e0c98-fd2d-4221-8682-03774689c772,part_off
344,USER,9589ab7d-243b-4c26-88ff-478b6e5f3c54,GROUP,90c375a2-66f0-45fc-8e1c-7c366c3e0f45,belong_to
344,GROUP,90c375a2-66f0-45fc-8e1c-7c366c3e0f45,USER,9589ab7d-243b-4c26-88ff-478b6e5f3c54,part_off
345,USER,520af090-655a-4997-924f-574863fe3045,GROUP,450a24d9-1fb9-42c5-bd8f-1faf2ba5f7ec,belong_to
345,GROUP,450a24d9-1fb9-42c5-bd8f-1faf2ba5f7ec,USER,520af090-655a-4997-924f-574863fe3045,part_off
346,USER,15f8ee62-bf60-4b4f-bd32-c6de2b8a5955,GROUP,8050c696-1047-460b-9013-a6e5769573b9,belong_to
346,GROUP,8050c696-1047-460b-9013-a6e5769573b9,USER,15f8ee62-bf60-4b4f-bd32-c6de2b8a5955,part_off
347,USER,77e7ffa9-7d55-4ffe-bcd2-883b38fba860,GROUP,2709fde9-3cea-4419-8d72-bad071dfd67b,belong_to
347,GROUP,2709fde9-3cea-4419-8d72-bad071dfd67b,USER,77e7ffa9-7d55-4ffe-bcd2-883b38fba860,part_off
348,USER,46219666-afcd-433e-bbf2-18a347eb7e68,GROUP,62c2a643-bbad-410a-8bbc-09500319aaf6,belong_to
348,GROUP,62c2a643-bbad-410a-8bbc-09500319aaf6,USER,46219666-afcd-433e-bbf2-18a347eb7e68,part_off
349,USER,ce4ecb9e-1e63-4104-a844-82c69a77b305,GROUP,0b3ed3fc-1e52-4ddc-912c-8252e4480be9,belong_to
349,GROUP,0b3ed3fc-1e52-4ddc-912c-8252e4480be9,USER,ce4ecb9e-1e63-4104-a844-82c69a77b305,part_off
350,USER,4ededa9e-3749-4249-a68d-115dc6aba5dd,GROUP,ff19e680-2248-4d72-8e2d-9d77a691f8f4,belong_to
350,GROUP,ff19e680-2248-4d72-8e2d-9d77a691f8f4,USER,4ededa9e-3749-4249-a68d-115dc6aba5dd,part_off
351,USER,bcc751e3-afaf-4463-b1b1-d72defb1d1e0,GROUP,27253787-2b06-432a-bdab-02d925dfa6ec,belong_to
351,GROUP,27253787-2b06-432a-bdab-02d925dfa6ec,USER,bcc751e3-afaf-4463-b1b1-d72defb1d1e0,part_off
352,USER,24a4fe62-fbb9-441f-8e8a-56fe1d8a606e,GROUP,fe32c251-2772-4708-b472-53122037067f,belong_to
352,GROUP,fe32c251-2772-4708-b472-53122037067f,USER,24a4fe62-fbb9-441f-8e8a-56fe1d8a606e,part_off
353,USER,81910deb-87ea-46f4-b741-a616315f2a04,GROUP,87a4025d-f399-4921-980e-165602961f06,belong_to
353,GROUP,87a4025d-f399-4921-980e-165602961f06,USER,81910deb-87ea-46f4-b741-a616315f2a04,part_off
354,USER,9253dbb4-e5fb-4f58-8c21-054a83f17eb6,GROUP,c7d532ee-26a9-48a2-9af6-98a7a780a732,belong_to
354,GROUP,c7d532ee-26a9-48a2-9af6-98a7a780a732,USER,9253dbb4-e5fb-4f58-8c21-054a83f17eb6,part_off
355,USER,c1186cd6-8dab-4e60-b37a-e0be05482a71,GROUP,1c7db8f4-6379-4a13-8da5-7512ab46cd2a,belong_to
355,GROUP,1c7db8f4-6379-4a13-8da5-7512ab46cd2a,USER,c1186cd6-8dab-4e60-b37a-e0be05482a71,part_off
356,USER,70035ae8-d786-4a53-a90d-de9911f73ab6,GROUP,b9b7d81a-6266-4216-9eed-442746816c5b,belong_to
356,GROUP,b9b7d81a-6266-4216-9eed-442746816c5b,USER,70035ae8-d786-4a53-a90d-de9911f73ab6,part_off
357,USER,620baf88-da4a-4f28-9ebd-56c03e108a62,GROUP,9ed59b82-8c10-4260-8509-549cfbff5469,belong_to
357,GROUP,9ed59b82-8c10-4260-8509-549cfbff5469,USER,620baf88-da4a-4f28-9ebd-56c03e108a62,part_off
358,USER,cb02ed98-9abe-472a-a3df-c5d8cfb79618,GROUP,a817d62d-39d7-472e-8ee6-27266d19b5b1,belong_to
358,GROUP,a817d62d-39d7-472e-8ee6-27266d19b5b1,USER,cb02ed98-9abe-472a-a3df-c5d8cfb79618,part_off
359,USER,4d3f9525-8681-43a0-af79-826ca3a56533,GROUP,7ee8e750-3fe0-4451-bcf4-180606e19cff,belong_to
359,GROUP,7ee8e750-3fe0-4451-bcf4-180606e19cff,USER,4d3f9525-8681-43a0-af79-826ca3a56533,part_off
360,USER,d045390d-926a-4608-a267-c9d06e19772f,GROUP,c4d72ef0-8f57-4373-855b-f3400411b429,belong_to
360,GROUP,c4d72ef0-8f57-4373-855b-f3400411b429,USER,d045390d-926a-4608-a267-c9d06e19772f,part_off
361,USER,ba310ec5-a886-43b9-baba-036ab9dbbbcd,GROUP,4f2d1420-ac88-42f3-830d-f5c072fdf11d,belong_to
361,GROUP,4f2d1420-ac88-42f3-830d-f5c072fdf11d,USER,ba310ec5-a886-43b9-baba-036ab9dbbbcd,part_off
362,USER,f73736c7-d02f-44e0-a25e-53b8fc49cd8d,GROUP,73a0593d-e64c-4f47-b986-9e8a998ae027,belong_to
362,GROUP,73a0593d-e64c-4f47-b986-9e8a998ae027,USER,f73736c7-d02f-44e0-a25e-53b8fc49cd8d,part_off
363,USER,3f1ff95e-60a6-490b-86b4-1cfe54a769da,GROUP,48fd08b8-c40e-49f5-9453-8c7befe272a9,belong_to
363,GROUP,48fd08b8-c40e-49f5-9453-8c7befe272a9,USER,3f1ff95e-60a6-490b-86b4-1cfe54a769da,part_off
364,USER,92ab6a27-914c-40ec-84a4-276daf04b3b4,GROUP,93b0c380-6fa5-4256-b6e4-6f355aa97696,belong_to
364,GROUP,93b0c380-6fa5-4256-b6e4-6f355aa97696,USER,92ab6a27-914c-40ec-84a4-276daf04b3b4,part_off
365,USER,9fd02437-a046-4cb3-81e0-7ce3fd8b5e4f,GROUP,c12f9f52-4368-4eb6-8822-a94de2b957ad,belong_to
365,GROUP,c12f9f52-4368-4eb6-8822-a94de2b957ad,USER,9fd02437-a046-4cb3-81e0-7ce3fd8b5e4f,part_off
366,USER,58b3b018-68e2-4b19-8842-c2c6734d39a0,GROUP,3c1524a2-b20b-41d1-9079-bcbe9d12f5a5,belong_to
366,GROUP,3c1524a2-b20b-41d1-9079-bcbe9d12f5a5,USER,58b3b018-68e2-4b19-8842-c2c6734d39a0,part_off
367,USER,7ede9cd7-adbc-4dc2-bc83-d91db58239ec,GROUP,395af4c8-8719-4d6e-b261-a095b0aa8abd,belong_to
367,GROUP,395af4c8-8719-4d6e-b261-a095b0aa8abd,USER,7ede9cd7-adbc-4dc2-bc83-d91db58239ec,part_off
368,USER,8e052028-e96f-461d-bc10-af5e00ff72b7,GROUP,62bd690e-cc97-4435-aecb-186d07fb439b,belong_to
368,GROUP,62bd690e-cc97-4435-aecb-186d07fb439b,USER,8e052028-e96f-461d-bc10-af5e00ff72b7,part_off
369,USER,ec92d588-9814-42a2-bc71-fb37d61ccbcf,GROUP,1c77c504-5bf9-44d2-ba91-00b6d7589023,belong_to
369,GROUP,1c77c504-5bf9-44d2-ba91-00b6d7589023,USER,ec92d588-9814-42a2-bc71-fb37d61ccbcf,part_off
370,USER,1e5e47a7-3e62-4cc6-92ce-129b7408834e,GROUP,c174d4c6-2b3b-4fe9-a6d3-58be7c5c2695,belong_to
370,GROUP,c174d4c6-2b3b-4fe9-a6d3-58be7c5c2695,USER,1e5e47a7-3e62-4cc6-92ce-129b7408834e,part_off
371,USER,54d10b30-a1e4-4493-a0f2-3300ff15112a,GROUP,83cc38f4-77a7-4b36-bad5-642c295b59bd,belong_to
371,GROUP,83cc38f4-77a7-4b36-bad5-642c295b59bd,USER,54d10b30-a1e4-4493-a0f2-3300ff15112a,part_off
372,USER,745b9138-2a13-42c9-8dfc-c1a08048a9bf,GROUP,fc7d365e-51df-4a3d-a045-3584599a5af6,belong_to
372,GROUP,fc7d365e-51df-4a3d-a045-3584599a5af6,USER,745b9138-2a13-42c9-8dfc-c1a08048a9bf,part_off
373,USER,dbfb2b16-ac50-4750-bfda-cc72f34f5bab,GROUP,1db90af2-0bdc-4bb8-b05a-99d36628e59c,belong_to
373,GROUP,1db90af2-0bdc-4bb8-b05a-99d36628e59c,USER,dbfb2b16-ac50-4750-bfda-cc72f34f5bab,part_off
374,USER,a6282ea7-fda4-419a-83f9-9d6192ddbf13,GROUP,90ecc71a-1bd5-41d6-bd5d-fce19ccf90a9,belong_to
374,GROUP,90ecc71a-1bd5-41d6-bd5d-fce19ccf90a9,USER,a6282ea7-fda4-419a-83f9-9d6192ddbf13,part_off
375,USER,2bb5cd30-5fba-4a57-b230-1cca5f0fff49,GROUP,04cc4e87-7adb-478d-a896-baa017289b57,belong_to
375,GROUP,04cc4e87-7adb-478d-a896-baa017289b57,USER,2bb5cd30-5fba-4a57-b230-1cca5f0fff49,part_off
376,USER,fe657fca-2369-4412-a06e-499c59029fe6,GROUP,10c50dd0-717a-4b21-9070-d7167ab9afef,belong_to
376,GROUP,10c50dd0-717a-4b21-9070-d7167ab9afef,USER,fe657fca-2369-4412-a06e-499c59029fe6,part_off
377,USER,9dfb28bd-6602-4817-aef3-975627b47a0d,GROUP,52de9890-3710-4fdd-98fe-936e17336af8,belong_to
377,GROUP,52de9890-3710-4fdd-98fe-936e17336af8,USER,9dfb28bd-6602-4817-aef3-975627b47a0d,part_off
378,USER,8f07b1f1-e254-423a-a51c-1889b84c0259,GROUP,54c7408c-04ca-4788-b867-28f340c487fd,belong_to
378,GROUP,54c7408c-04ca-4788-b867-28f340c487fd,USER,8f07b1f1-e254-423a-a51c-1889b84c0259,part_off
379,USER,51ebbba6-5e15-42dc-8ea1-81a356d41ff5,GROUP,f4d9f80b-6afb-4350-886e-d729c8835f40,belong_to
379,GROUP,f4d9f80b-6afb-4350-886e-d729c8835f40,USER,51ebbba6-5e15-42dc-8ea1-81a356d41ff5,part_off
380,USER,f2038c5a-455c-4b8e-b588-ab43397472e8,GROUP,33e3af1e-3798-424c-a203-c01c30663a59,belong_to
380,GROUP,33e3af1e-3798-424c-a203-c01c30663a59,USER,f2038c5a-455c-4b8e-b588-ab43397472e8,part_off
381,USER,6ac8e3f2-0675-49f4-b68f-61542b7ef715,GROUP,eb7bb0d6-78db-4b43-abfc-80d4a65caf34,belong_to
381,GROUP,eb7bb0d6-78db-4b43-abfc-80d4a65caf34,USER,6ac8e3f2-0675-49f4-b68f-61542b7ef715,part_off
382,USER,59d63a20-f85e-4913-84ad-36e17e5485e1,GROUP,d87466cf-103f-4b89-9086-b440a7468576,belong_to
382,GROUP,d87466cf-103f-4b89-9086-b440a7468576,USER,59d63a20-f85e-4913-84ad-36e17e5485e1,part_off
383,USER,4334e5ed-90a9-49de-9df5-98df15b0f5e5,GROUP,0e813a58-7a59-4222-a905-b3e8ba4c46f2,belong_to
383,GROUP,0e813a58-7a59-4222-a905-b3e8ba4c46f2,USER,4334e5ed-90a9-49de-9df5-98df15b0f5e5,part_off
384,USER,1e05183c-16e2-43e4-9f6f-b28b0df7326e,GROUP,c9dfccde-41b3-432a-b5cf-2c021060fc69,belong_to
384,GROUP,c9dfccde-41b3-432a-b5cf-2c021060fc69,USER,1e05183c-16e2-43e4-9f6f-b28b0df7326e,part_off
385,USER,276a2c27-59c1-4012-ada7-50638a5a0823,GROUP,3d7b285e-f94b-40d9-bc99-6e59356ef908,belong_to
385,GROUP,3d7b285e-f94b-40d9-bc99-6e59356ef908,USER,276a2c27-59c1-4012-ada7-50638a5a0823,part_off
386,USER,a03909ad-1c60-40f6-a132-5b9b6839b8fe,GROUP,a625adf7-742c-4f63-8c3b-45dbe424ef1a,belong_to
386,GROUP,a625adf7-742c-4f63-8c3b-45dbe424ef1a,USER,a03909ad-1c60-40f6-a132-5b9b6839b8fe,part_off
387,USER,d82647bf-9d1e-4c7e-86f8-dc6381098e36,GROUP,49fc1931-5219-4f38-9597-aba741b6ff87,belong_to
387,GROUP,49fc1931-5219-4f38-9597-aba741b6ff87,USER,d82647bf-9d1e-4c7e-86f8-dc6381098e36,part_off
388,USER,2810051d-01d1-45c9-a3c1-111453d11370,GROUP,56aa92fe-953f-42df-9290-182d29c6d838,belong_to
388,GROUP,56aa92fe-953f-42df-9290-182d29c6d838,USER,2810051d-01d1-45c9-a3c1-111453d11370,part_off
389,USER,230d7482-1e2b-40d9-97f9-ce60b756ee97,GROUP,95352761-4252-4b52-80e5-e1d5ae676308,belong_to
389,GROUP,95352761-4252-4b52-80e5-e1d5ae676308,USER,230d7482-1e2b-40d9-97f9-ce60b756ee97,part_off
390,USER,f605d73b-6191-4196-8b06-413d293c86f0,GROUP,544daa45-aa6b-4b50-b2cc-3d86d7bc7d0b,belong_to
390,GROUP,544daa45-aa6b-4b50-b2cc-3d86d7bc7d0b,USER,f605d73b-6191-4196-8b06-413d293c86f0,part_off
391,USER,4bba20e0-1dc4-44a1-8b12-c957a01065d4,GROUP,9933f5d1-bf02-4a5e-ad55-99db44de8404,belong_to
391,GROUP,9933f5d1-bf02-4a5e-ad55-99db44de8404,USER,4bba20e0-1dc4-44a1-8b12-c957a01065d4,part_off
392,USER,01dc5921-2046-40f8-b49d-7a446ff7872c,GROUP,c9e9c476-b6f0-4955-b424-76f1622f71ea,belong_to
392,GROUP,c9e9c476-b6f0-4955-b424-76f1622f71ea,USER,01dc5921-2046-40f8-b49d-7a446ff7872c,part_off
393,USER,51c482fb-608a-4869-919b-45b04530a830,GROUP,6b693d50-6a91-4fd1-a7e7-cfc2661ac358,belong_to
393,GROUP,6b693d50-6a91-4fd1-a7e7-cfc2661ac358,USER,51c482fb-608a-4869-919b-45b04530a830,part_off
394,USER,f3fe2637-5fcb-4b4d-8252-f39369f4ad92,GROUP,7646f7e8-c104-4ada-a1f5-39422131b91b,belong_to
394,GROUP,7646f7e8-c104-4ada-a1f5-39422131b91b,USER,f3fe2637-5fcb-4b4d-8252-f39369f4ad92,part_off
395,USER,0c2b5f61-460e-410b-a282-a30779cbe097,GROUP,ed5f950f-efb1-4fa8-a8b0-f10b6a6c9aa5,belong_to
395,GROUP,ed5f950f-efb1-4fa8-a8b0-f10b6a6c9aa5,USER,0c2b5f61-460e-410b-a282-a30779cbe097,part_off
396,USER,3f1ea40f-a5b0-4aaf-a0be-a10b872f5288,GROUP,3ced4963-9fe9-4b56-9146-ee10d01b63ea,belong_to
396,GROUP,3ced4963-9fe9-4b56-9146-ee10d01b63ea,USER,3f1ea40f-a5b0-4aaf-a0be-a10b872f5288,part_off
397,USER,a4dcc8ec-6899-4a68-824f-a3df1a5bb84c,GROUP,d0a12b49-be0b-408e-a1fa-ea66315f29bd,belong_to
397,GROUP,d0a12b49-be0b-408e-a1fa-ea66315f29bd,USER,a4dcc8ec-6899-4a68-824f-a3df1a5bb84c,part_off
398,USER,bb009de4-d69d-4576-aff3-8cccabc868e2,GROUP,6c2e4e51-1180-4a4c-b027-c59539ed2e91,belong_to
398,GROUP,6c2e4e51-1180-4a4c-b027-c59539ed2e91,USER,bb009de4-d69d-4576-aff3-8cccabc868e2,part_off
399,USER,8b22ef0c-1ba9-4c90-b3fd-58582103e3b5,GROUP,a51a0875-d387-4224-b5a1-b9c864ddf80e,belong_to
399,GROUP,a51a0875-d387-4224-b5a1-b9c864ddf80e,USER,8b22ef0c-1ba9-4c90-b3fd-58582103e3b5,part_off
400,USER,bc26ce81-b94a-4208-848d-83bb051838ff,GROUP,af96c4ed-a94d-4719-bbf9-4b8565ba7931,belong_to
400,GROUP,af96c4ed-a94d-4719-bbf9-4b8565ba7931,USER,bc26ce81-b94a-4208-848d-83bb051838ff,part_off
401,USER,982b7740-2efa-4a23-bf72-5bda6a294492,GROUP,fab640c2-f060-49ac-8b42-c64a38bcd914,belong_to
401,GROUP,fab640c2-f060-49ac-8b42-c64a38bcd914,USER,982b7740-2efa-4a23-bf72-5bda6a294492,part_off
402,USER,1738c56e-1ff5-4d62-85dc-41c79fb75f44,GROUP,90947039-dd39-4758-8e1e-f13e8b45c8a1,belong_to
402,GROUP,90947039-dd39-4758-8e1e-f13e8b45c8a1,USER,1738c56e-1ff5-4d62-85dc-41c79fb75f44,part_off
403,USER,5b2d7a43-6e13-49a9-a631-422e2224dd7d,GROUP,2385c9aa-be96-462c-8365-5115f1945a50,belong_to
403,GROUP,2385c9aa-be96-462c-8365-5115f1945a50,USER,5b2d7a43-6e13-49a9-a631-422e2224dd7d,part_off
404,USER,13720968-a0ad-4cd5-bdf3-762f8a510fab,GROUP,3b10209b-0126-44a6-a5bb-68c2f44738cd,belong_to
404,GROUP,3b10209b-0126-44a6-a5bb-68c2f44738cd,USER,13720968-a0ad-4cd5-bdf3-762f8a510fab,part_off
405,USER,4ce2ff93-cc1a-43c6-a0be-9eaccaeb287f,GROUP,de361f4b-cf5e-4a3c-a94b-5c39118b2f7b,belong_to
405,GROUP,de361f4b-cf5e-4a3c-a94b-5c39118b2f7b,USER,4ce2ff93-cc1a-43c6-a0be-9eaccaeb287f,part_off
406,USER,2fd54baa-b8c8-42f7-a8c6-b21427b82be4,GROUP,2b95b79b-8644-4f19-9613-d0e00602aad2,belong_to
406,GROUP,2b95b79b-8644-4f19-9613-d0e00602aad2,USER,2fd54baa-b8c8-42f7-a8c6-b21427b82be4,part_off
407,USER,235c7727-5fdd-48b8-bc99-cd12f799441b,GROUP,aa6f64bf-d0bd-4c18-9bd7-b50d8653efc6,belong_to
407,GROUP,aa6f64bf-d0bd-4c18-9bd7-b50d8653efc6,USER,235c7727-5fdd-48b8-bc99-cd12f799441b,part_off
408,USER,9270df51-055e-4b25-b3e8-a23057d54333,GROUP,8989669c-819f-42d4-8de8-c3ac39a1d40b,belong_to
408,GROUP,8989669c-819f-42d4-8de8-c3ac39a1d40b,USER,9270df51-055e-4b25-b3e8-a23057d54333,part_off
409,USER,2ad78a7e-a111-41ec-a592-a8286bb046c5,GROUP,98310c41-b6f0-4e5d-9df5-00d27f4da4c7,belong_to
409,GROUP,98310c41-b6f0-4e5d-9df5-00d27f4da4c7,USER,2ad78a7e-a111-41ec-a592-a8286bb046c5,part_off
410,USER,5de290ee-0c03-43c6-83b5-e6297d3a5bdb,GROUP,a480feaf-d4fe-4ce8-9d9d-2c048097fe67,belong_to
410,GROUP,a480feaf-d4fe-4ce8-9d9d-2c048097fe67,USER,5de290ee-0c03-43c6-83b5-e6297d3a5bdb,part_off
411,USER,634d6392-82f6-4605-8532-159f0df8a8a7,GROUP,eb6c7f8e-0a18-4692-83dc-61a267540c97,belong_to
411,GROUP,eb6c7f8e-0a18-4692-83dc-61a267540c97,USER,634d6392-82f6-4605-8532-159f0df8a8a7,part_off
412,USER,16d4654f-4f1c-4fb2-b0fe-75c80fcc2405,GROUP,49437302-6cf0-45d2-ae7d-a432e87ac427,belong_to
412,GROUP,49437302-6cf0-45d2-ae7d-a432e87ac427,USER,16d4654f-4f1c-4fb2-b0fe-75c80fcc2405,part_off
413,USER,b0c907be-0427-4f8f-b0ac-d8b76d0ce13f,GROUP,f08d0bce-0c4d-4d15-970c-c1fd1ff83722,belong_to
413,GROUP,f08d0bce-0c4d-4d15-970c-c1fd1ff83722,USER,b0c907be-0427-4f8f-b0ac-d8b76d0ce13f,part_off
414,USER,216ff0e4-126d-417f-a319-ddacf6caf7dd,GROUP,332e2f66-a4a9-4d6d-98a7-cb9d7d452b31,belong_to
414,GROUP,332e2f66-a4a9-4d6d-98a7-cb9d7d452b31,USER,216ff0e4-126d-417f-a319-ddacf6caf7dd,part_off
415,USER,55093fca-4355-42e2-97d7-89b7ffadb779,GROUP,8196f062-b0b7-49d9-bbbc-102e18fb8f9a,belong_to
415,GROUP,8196f062-b0b7-49d9-bbbc-102e18fb8f9a,USER,55093fca-4355-42e2-97d7-89b7ffadb779,part_off
416,USER,5d4077f9-60f8-4540-88bc-cd517aab2b16,GROUP,2427c07d-5829-44cf-8069-91488e566bd3,belong_to
416,GROUP,2427c07d-5829-44cf-8069-91488e566bd3,USER,5d4077f9-60f8-4540-88bc-cd517aab2b16,part_off
417,USER,447af5b2-21c9-424a-8d2f-306702d1f62e,GROUP,d561b918-a43d-4f81-9908-443d5560847e,belong_to
417,GROUP,d561b918-a43d-4f81-9908-443d5560847e,USER,447af5b2-21c9-424a-8d2f-306702d1f62e,part_off
418,USER,064b1add-576d-4d06-b196-c0c4b5d0d373,GROUP,694de00a-a718-42a5-b94a-b32686dffc0d,belong_to
418,GROUP,694de00a-a718-42a5-b94a-b32686dffc0d,USER,064b1add-576d-4d06-b196-c0c4b5d0d373,part_off
419,USER,ec0185d9-3409-4921-a280-287b0b9de15f,GROUP,25271511-770b-4025-b472-b1a7ef5646a1,belong_to
419,GROUP,25271511-770b-4025-b472-b1a7ef5646a1,USER,ec0185d9-3409-4921-a280-287b0b9de15f,part_off
420,USER,3001faad-9044-42b9-a81d-359ea274c45f,GROUP,5c657333-0eb0-4ef3-b60f-5055a1a10688,belong_to
420,GROUP,5c657333-0eb0-4ef3-b60f-5055a1a10688,USER,3001faad-9044-42b9-a81d-359ea274c45f,part_off
421,USER,6e90783f-7f09-4133-877c-c2d9a0412efa,GROUP,152aa03c-1865-4850-8908-8a57334be822,belong_to
421,GROUP,152aa03c-1865-4850-8908-8a57334be822,USER,6e90783f-7f09-4133-877c-c2d9a0412efa,part_off
422,USER,6935feb3-cddf-49d3-9cbf-34ac41846d25,GROUP,ae4319f0-52db-42b4-b91c-714bc4ce17ee,belong_to
422,GROUP,ae4319f0-52db-42b4-b91c-714bc4ce17ee,USER,6935feb3-cddf-49d3-9cbf-34ac41846d25,part_off
423,USER,3f9cdcec-87c2-4949-9fdd-756a9c1e6a01,GROUP,ca223c09-13ae-4e34-89fa-ad9c49db3973,belong_to
423,GROUP,ca223c09-13ae-4e34-89fa-ad9c49db3973,USER,3f9cdcec-87c2-4949-9fdd-756a9c1e6a01,part_off
424,USER,14f27cb1-755c-43ce-80e6-d2e1b764c09d,GROUP,c232aa77-312f-4231-8b23-cf7f5725fbdb,belong_to
424,GROUP,c232aa77-312f-4231-8b23-cf7f5725fbdb,USER,14f27cb1-755c-43ce-80e6-d2e1b764c09d,part_off
425,USER,510c399d-04c3-498c-940a-8c1f5d3dcbc2,GROUP,10ae8fbe-3ebc-4bca-afe6-de9ce0831d64,belong_to
425,GROUP,10ae8fbe-3ebc-4bca-afe6-de9ce0831d64,USER,510c399d-04c3-498c-940a-8c1f5d3dcbc2,part_off
426,USER,28a33f0c-3737-4df7-8c8c-792fcda88217,GROUP,3f30a2da-2dc9-42e9-81ed-fda9888eb0fa,belong_to
426,GROUP,3f30a2da-2dc9-42e9-81ed-fda9888eb0fa,USER,28a33f0c-3737-4df7-8c8c-792fcda88217,part_off
427,USER,84427142-f3c8-48b0-9d1f-ba912493bed4,GROUP,8096550e-c91c-47db-97e1-81102508fd94,belong_to
427,GROUP,8096550e-c91c-47db-97e1-81102508fd94,USER,84427142-f3c8-48b0-9d1f-ba912493bed4,part_off
428,USER,df57877a-2c8b-4f50-9c69-bef61f2a111c,GROUP,87a2d671-3fef-4589-a618-8dd5b765bd33,belong_to
428,GROUP,87a2d671-3fef-4589-a618-8dd5b765bd33,USER,df57877a-2c8b-4f50-9c69-bef61f2a111c,part_off
429,USER,31af962b-63e3-47ba-9f09-427ee2acb6ce,GROUP,2d19b0a6-acaf-4e8f-b83e-37c6a9633429,belong_to
429,GROUP,2d19b0a6-acaf-4e8f-b83e-37c6a9633429,USER,31af962b-63e3-47ba-9f09-427ee2acb6ce,part_off
430,USER,233d4697-dfff-48c4-abdf-b59b5d4e50aa,GROUP,b7db5eae-6b92-44d0-b6ae-4701432e7a4d,belong_to
430,GROUP,b7db5eae-6b92-44d0-b6ae-4701432e7a4d,USER,233d4697-dfff-48c4-abdf-b59b5d4e50aa,part_off
431,USER,c743f1b0-9f62-42da-8a66-852d50d5cc33,GROUP,435a78f7-ba1f-446e-9854-34fcb0f58427,belong_to
431,GROUP,435a78f7-ba1f-446e-9854-34fcb0f58427,USER,c743f1b0-9f62-42da-8a66-852d50d5cc33,part_off
432,USER,4a1b78fe-55c4-4553-8351-f50697e5a4a0,GROUP,57b67a73-8910-4d66-b529-1081b7915973,belong_to
432,GROUP,57b67a73-8910-4d66-b529-1081b7915973,USER,4a1b78fe-55c4-4553-8351-f50697e5a4a0,part_off
433,USER,89c0b2d5-e655-4216-a914-befb2a3e2a48,GROUP,5eb792e1-52b7-465e-96c1-0a617f5f52c9,belong_to
433,GROUP,5eb792e1-52b7-465e-96c1-0a617f5f52c9,USER,89c0b2d5-e655-4216-a914-befb2a3e2a48,part_off
434,USER,734fccbe-67a4-438e-b027-3d7211c6b3e2,GROUP,4eadc723-5b44-4376-b5fb-5aaaf98681e4,belong_to
434,GROUP,4eadc723-5b44-4376-b5fb-5aaaf98681e4,USER,734fccbe-67a4-438e-b027-3d7211c6b3e2,part_off
435,USER,e5b09043-3521-4bc2-94f6-48737102d8cb,GROUP,ccc5f892-4217-4ac2-99c6-9a672109e18e,belong_to
435,GROUP,ccc5f892-4217-4ac2-99c6-9a672109e18e,USER,e5b09043-3521-4bc2-94f6-48737102d8cb,part_off
436,USER,a9706f86-f933-451e-94c8-153109e96107,GROUP,90ddeaaa-726c-4a68-8d90-91d34116af5d,belong_to
436,GROUP,90ddeaaa-726c-4a68-8d90-91d34116af5d,USER,a9706f86-f933-451e-94c8-153109e96107,part_off
437,USER,72b8152c-3805-4257-8461-f403b7d9cdbb,GROUP,dd4bef66-8562-4ccb-b865-714c6010284a,belong_to
437,GROUP,dd4bef66-8562-4ccb-b865-714c6010284a,USER,72b8152c-3805-4257-8461-f403b7d9cdbb,part_off
438,USER,4ae47857-5b10-42ce-98e8-37262de6226e,GROUP,e9228cee-8724-4c6f-82ec-8f13cf853e55,belong_to
438,GROUP,e9228cee-8724-4c6f-82ec-8f13cf853e55,USER,4ae47857-5b10-42ce-98e8-37262de6226e,part_off
439,USER,fa7dfe34-f7c0-4321-ab5f-713473ee44ea,GROUP,855eec9c-332b-4502-ba81-31b557c88c5f,belong_to
439,GROUP,855eec9c-332b-4502-ba81-31b557c88c5f,USER,fa7dfe34-f7c0-4321-ab5f-713473ee44ea,part_off
440,USER,2222d516-e23b-4b62-af66-e3741f22e109,GROUP,bafa046f-06e1-4b5a-8684-5a92eb5e0329,belong_to
440,GROUP,bafa046f-06e1-4b5a-8684-5a92eb5e0329,USER,2222d516-e23b-4b62-af66-e3741f22e109,part_off
441,USER,e32caf9c-2258-41a0-a3ee-214078e80e2f,GROUP,832cd1b5-28ca-4dc3-9f31-46ff3f5a4615,belong_to
441,GROUP,832cd1b5-28ca-4dc3-9f31-46ff3f5a4615,USER,e32caf9c-2258-41a0-a3ee-214078e80e2f,part_off
442,USER,c5b4bd3b-0776-4906-a233-81162e1a3b52,GROUP,17cdad4a-2d68-46b4-b8aa-8d822b1ab755,belong_to
442,GROUP,17cdad4a-2d68-46b4-b8aa-8d822b1ab755,USER,c5b4bd3b-0776-4906-a233-81162e1a3b52,part_off
443,USER,74ca1212-66a5-4b7b-bf5d-233a6ed121f1,GROUP,a4667ca1-a941-43d2-a4ba-8ad5ce37d548,belong_to
443,GROUP,a4667ca1-a941-43d2-a4ba-8ad5ce37d548,USER,74ca1212-66a5-4b7b-bf5d-233a6ed121f1,part_off
444,USER,a6eb597c-1ae9-40d2-8715-fa1eec20e04c,GROUP,947b59b0-e08f-4996-84a0-75565aa765ca,belong_to
444,GROUP,947b59b0-e08f-4996-84a0-75565aa765ca,USER,a6eb597c-1ae9-40d2-8715-fa1eec20e04c,part_off
445,USER,0a6b023c-999e-4f98-966c-90c74933439c,GROUP,e6967291-7d67-4401-b57e-6e12cdf4a497,belong_to
445,GROUP,e6967291-7d67-4401-b57e-6e12cdf4a497,USER,0a6b023c-999e-4f98-966c-90c74933439c,part_off
446,USER,875e4ae9-44a0-4f7d-b96c-3305a9f98d20,GROUP,219eee72-ee9a-4232-a845-a846114b3a46,belong_to
446,GROUP,219eee72-ee9a-4232-a845-a846114b3a46,USER,875e4ae9-44a0-4f7d-b96c-3305a9f98d20,part_off
447,USER,48ee4509-a913-4e6b-8e8f-9d9da4e49161,GROUP,e8df77f7-57af-43a7-b864-635305e0cb7c,belong_to
447,GROUP,e8df77f7-57af-43a7-b864-635305e0cb7c,USER,48ee4509-a913-4e6b-8e8f-9d9da4e49161,part_off
448,USER,7da8ca83-af98-49a2-a176-1cf38c3ed77f,GROUP,3d2274f2-92c2-4956-97d2-b34f428e4e17,belong_to
448,GROUP,3d2274f2-92c2-4956-97d2-b34f428e4e17,USER,7da8ca83-af98-49a2-a176-1cf38c3ed77f,part_off
449,USER,16d91c64-93dc-40ac-adc2-08ad6c6efdd7,GROUP,980fa239-d806-4a90-b742-1cf114ca4ec4,belong_to
449,GROUP,980fa239-d806-4a90-b742-1cf114ca4ec4,USER,16d91c64-93dc-40ac-adc2-08ad6c6efdd7,part_off
450,USER,d144a310-312a-41ae-95a7-7edf3b1c3f2f,GROUP,6888e4bb-aa8d-4880-80c8-b9a71952553a,belong_to
450,GROUP,6888e4bb-aa8d-4880-80c8-b9a71952553a,USER,d144a310-312a-41ae-95a7-7edf3b1c3f2f,part_off
451,USER,f3ddc4d0-9ffe-4faa-9b8f-794b30492d26,GROUP,6bd53c5a-6023-4b73-b1d7-d7c30915f72a,belong_to
451,GROUP,6bd53c5a-6023-4b73-b1d7-d7c30915f72a,USER,f3ddc4d0-9ffe-4faa-9b8f-794b30492d26,part_off
452,USER,96a17224-49e7-4520-bd6b-2328bbc8bf06,GROUP,83dadf14-3c11-49e4-8389-85d03b3f7414,belong_to
452,GROUP,83dadf14-3c11-49e4-8389-85d03b3f7414,USER,96a17224-49e7-4520-bd6b-2328bbc8bf06,part_off
453,USER,c3f222ed-2429-40d1-a9c6-2d1a85dfcbed,GROUP,1810ce95-71c1-4c36-a590-a224f1dbd7ba,belong_to
453,GROUP,1810ce95-71c1-4c36-a590-a224f1dbd7ba,USER,c3f222ed-2429-40d1-a9c6-2d1a85dfcbed,part_off
454,USER,b1481e4f-faca-45a4-8ac2-5e6a49e5d522,GROUP,317ed703-e0e5-4b6f-a87f-0f6e8dcd7078,belong_to
454,GROUP,317ed703-e0e5-4b6f-a87f-0f6e8dcd7078,USER,b1481e4f-faca-45a4-8ac2-5e6a49e5d522,part_off
455,USER,e22ede97-8262-4917-a3d6-cb32680744f7,GROUP,40e7b481-f1c5-4579-98fd-bc680d715e1f,belong_to
455,GROUP,40e7b481-f1c5-4579-98fd-bc680d715e1f,USER,e22ede97-8262-4917-a3d6-cb32680744f7,part_off
456,USER,05b08df7-075f-4185-b921-c510e0ca5549,GROUP,1b385c2d-3d33-4ce5-809e-606d04dad201,belong_to
456,GROUP,1b385c2d-3d33-4ce5-809e-606d04dad201,USER,05b08df7-075f-4185-b921-c510e0ca5549,part_off
457,USER,14a75026-5f64-4155-a5a4-5cf897117a55,GROUP,8c7dc947-6f4b-4e15-8547-89873ce411fd,belong_to
457,GROUP,8c7dc947-6f4b-4e15-8547-89873ce411fd,USER,14a75026-5f64-4155-a5a4-5cf897117a55,part_off
458,USER,8a443612-1679-4fa6-97b3-30555e483445,GROUP,e1bae1ae-7bd0-4431-8191-c9e6f1597048,belong_to
458,GROUP,e1bae1ae-7bd0-4431-8191-c9e6f1597048,USER,8a443612-1679-4fa6-97b3-30555e483445,part_off
459,USER,63df93b8-16b6-40d4-88a3-42410b5aaf9b,GROUP,61866f58-bea0-4da3-a27e-19cc1bb14c98,belong_to
459,GROUP,61866f58-bea0-4da3-a27e-19cc1bb14c98,USER,63df93b8-16b6-40d4-88a3-42410b5aaf9b,part_off
460,USER,f918b5e7-690b-46a0-80ba-a45e94f439ff,GROUP,8952f1d0-517f-4bab-ba1d-bd9aeb009c00,belong_to
460,GROUP,8952f1d0-517f-4bab-ba1d-bd9aeb009c00,USER,f918b5e7-690b-46a0-80ba-a45e94f439ff,part_off
461,USER,937a2bcf-a287-4fcc-9179-bf7156cb5234,GROUP,108af0e4-8cc3-4ec3-9135-04b5e30e6f6f,belong_to
461,GROUP,108af0e4-8cc3-4ec3-9135-04b5e30e6f6f,USER,937a2bcf-a287-4fcc-9179-bf7156cb5234,part_off
462,USER,12017359-69c5-41e0-989b-4c491848a122,GROUP,ba2bef26-98a5-4ac6-89a0-cfb5c1986ccd,belong_to
462,GROUP,ba2bef26-98a5-4ac6-89a0-cfb5c1986ccd,USER,12017359-69c5-41e0-989b-4c491848a122,part_off
463,USER,e5df725a-9a7b-4a3b-9d73-b1b04c4213ee,GROUP,28f30bdd-b5c2-4b8d-907b-dfa245fe0a04,belong_to
463,GROUP,28f30bdd-b5c2-4b8d-907b-dfa245fe0a04,USER,e5df725a-9a7b-4a3b-9d73-b1b04c4213ee,part_off
464,USER,bf775523-5c81-4193-936b-2ac2b08fc62d,GROUP,c0e50276-3fca-433b-b7ec-a249cd4098cb,belong_to
464,GROUP,c0e50276-3fca-433b-b7ec-a249cd4098cb,USER,bf775523-5c81-4193-936b-2ac2b08fc62d,part_off
465,USER,d9804c8b-bae8-4d21-b393-808d3aa4774a,GROUP,de92b986-4c3a-4ba1-81a1-c126b3c83962,belong_to
465,GROUP,de92b986-4c3a-4ba1-81a1-c126b3c83962,USER,d9804c8b-bae8-4d21-b393-808d3aa4774a,part_off
466,USER,db5b504f-bc95-40b6-90be-77a665aca3e7,GROUP,1605447f-b6db-4fc7-a001-9f35d7c5097d,belong_to
466,GROUP,1605447f-b6db-4fc7-a001-9f35d7c5097d,USER,db5b504f-bc95-40b6-90be-77a665aca3e7,part_off
467,USER,f93ec5ce-2771-49c9-84ad-944ed8d86f66,GROUP,94ce2376-8415-4332-a798-c013108edbfb,belong_to
467,GROUP,94ce2376-8415-4332-a798-c013108edbfb,USER,f93ec5ce-2771-49c9-84ad-944ed8d86f66,part_off
468,USER,4b694ddf-34fb-42ef-931a-98d4a9e955ab,GROUP,d6abb39c-5a67-4beb-ab2d-1a0f22da7054,belong_to
468,GROUP,d6abb39c-5a67-4beb-ab2d-1a0f22da7054,USER,4b694ddf-34fb-42ef-931a-98d4a9e955ab,part_off
469,USER,97d2a393-dd1a-4ff6-8c6b-a887030e73a6,GROUP,1423288a-a72e-4b68-8db1-d61477cf16b8,belong_to
469,GROUP,1423288a-a72e-4b68-8db1-d61477cf16b8,USER,97d2a393-dd1a-4ff6-8c6b-a887030e73a6,part_off
470,USER,677a5ef3-a535-4358-bdca-01d3185dc4ac,GROUP,624b9288-446c-40de-9aa8-0eeb7694b426,belong_to
470,GROUP,624b9288-446c-40de-9aa8-0eeb7694b426,USER,677a5ef3-a535-4358-bdca-01d3185dc4ac,part_off
471,USER,dbf2f6d3-829d-4a5d-96fc-09310f165e25,GROUP,85702ce3-abfe-4c56-b8d0-19c52386db25,belong_to
471,GROUP,85702ce3-abfe-4c56-b8d0-19c52386db25,USER,dbf2f6d3-829d-4a5d-96fc-09310f165e25,part_off
472,USER,5d561b37-b245-4992-9237-bf975f09ead1,GROUP,955b3e80-fad6-4d80-a73f-bd143a735d70,belong_to
472,GROUP,955b3e80-fad6-4d80-a73f-bd143a735d70,USER,5d561b37-b245-4992-9237-bf975f09ead1,part_off
473,USER,de32bb4c-24ed-4a88-b6a4-f434d3f2b837,GROUP,b6574d9b-c8d5-4e47-8c66-bbeff882f78a,belong_to
473,GROUP,b6574d9b-c8d5-4e47-8c66-bbeff882f78a,USER,de32bb4c-24ed-4a88-b6a4-f434d3f2b837,part_off
474,USER,f891e074-9db3-4243-92c5-d50fbf4762db,GROUP,55ed8429-5d48-437c-9142-ee0617026426,belong_to
474,GROUP,55ed8429-5d48-437c-9142-ee0617026426,USER,f891e074-9db3-4243-92c5-d50fbf4762db,part_off
475,USER,4ac73601-100f-4884-a3b5-84b32fb3b85e,GROUP,8ddaa79d-65d1-4114-a8a3-cbb3b896abf5,belong_to
475,GROUP,8ddaa79d-65d1-4114-a8a3-cbb3b896abf5,USER,4ac73601-100f-4884-a3b5-84b32fb3b85e,part_off
476,USER,adb53a45-e14a-44c6-acb4-69365401ecc1,GROUP,63df2aed-63b6-4844-8baa-6a8fc5bb2f03,belong_to
476,GROUP,63df2aed-63b6-4844-8baa-6a8fc5bb2f03,USER,adb53a45-e14a-44c6-acb4-69365401ecc1,part_off
477,USER,623b654d-15e8-468c-a82a-47efdf8b50ba,GROUP,c8645811-ddf0-476d-a16d-b50c63b18f1d,belong_to
477,GROUP,c8645811-ddf0-476d-a16d-b50c63b18f1d,USER,623b654d-15e8-468c-a82a-47efdf8b50ba,part_off
478,USER,c1dc88af-f30e-455e-b227-5b93c2d9b6f5,GROUP,706f67ed-78fc-457d-a177-ed155bc493a8,belong_to
478,GROUP,706f67ed-78fc-457d-a177-ed155bc493a8,USER,c1dc88af-f30e-455e-b227-5b93c2d9b6f5,part_off
479,USER,8a77e7e5-0f7c-49ba-a76a-abe30713dcc8,GROUP,c794b3f7-ba8c-4845-ac6f-66181fc21b5d,belong_to
479,GROUP,c794b3f7-ba8c-4845-ac6f-66181fc21b5d,USER,8a77e7e5-0f7c-49ba-a76a-abe30713dcc8,part_off
480,USER,bbcb0c4c-ec77-4c0d-8cfb-06d36229f143,GROUP,d9174d92-2603-414d-8e96-049fcd365f5b,belong_to
480,GROUP,d9174d92-2603-414d-8e96-049fcd365f5b,USER,bbcb0c4c-ec77-4c0d-8cfb-06d36229f143,part_off
481,USER,901b4e8f-731b-4889-ad2f-7caefcb67cf9,GROUP,f680269c-4572-4e02-a4eb-84a227b1eb2c,belong_to
481,GROUP,f680269c-4572-4e02-a4eb-84a227b1eb2c,USER,901b4e8f-731b-4889-ad2f-7caefcb67cf9,part_off
482,USER,b97c35ba-af5a-4e5e-8c78-74847b6d4acc,GROUP,7cb7f6b6-bf12-4680-8c1b-ad2cc8842c60,belong_to
482,GROUP,7cb7f6b6-bf12-4680-8c1b-ad2cc8842c60,USER,b97c35ba-af5a-4e5e-8c78-74847b6d4acc,part_off
483,USER,6a1d47ae-2de8-49a2-82d7-7b8493a10f3d,GROUP,99ec644e-0566-4e80-9d0d-8b6c9ecc658d,belong_to
483,GROUP,99ec644e-0566-4e80-9d0d-8b6c9ecc658d,USER,6a1d47ae-2de8-49a2-82d7-7b8493a10f3d,part_off
484,USER,03bd55d7-02cb-40ec-8073-7f280740798f,GROUP,d9a43cc4-f59e-4602-8a83-dd4e01410618,belong_to
484,GROUP,d9a43cc4-f59e-4602-8a83-dd4e01410618,USER,03bd55d7-02cb-40ec-8073-7f280740798f,part_off
485,USER,5d82bc46-2a33-4689-9a6b-2aced2274fea,GROUP,672d887d-276b-460a-a837-390bb5f9703b,belong_to
485,GROUP,672d887d-276b-460a-a837-390bb5f9703b,USER,5d82bc46-2a33-4689-9a6b-2aced2274fea,part_off
486,USER,c3a2470f-300b-48e9-a919-8cc068d9331b,GROUP,51461843-7ffb-43d5-8a40-d4bd780608d3,belong_to
486,GROUP,51461843-7ffb-43d5-8a40-d4bd780608d3,USER,c3a2470f-300b-48e9-a919-8cc068d9331b,part_off
487,USER,003d9bcc-91c5-4122-a334-e49614373373,GROUP,ec579b73-b89d-4921-8764-e7cfbe5cbcbd,belong_to
487,GROUP,ec579b73-b89d-4921-8764-e7cfbe5cbcbd,USER,003d9bcc-91c5-4122-a334-e49614373373,part_off
488,USER,463df12c-568b-4220-8571-65e0cd567faa,GROUP,62ef94b1-c1ae-43bb-b7a2-f1cce47ad55a,belong_to
488,GROUP,62ef94b1-c1ae-43bb-b7a2-f1cce47ad55a,USER,463df12c-568b-4220-8571-65e0cd567faa,part_off
489,USER,69a29b70-1ea4-448f-8992-d1be22c76f72,GROUP,39ded053-9a68-458f-90d4-153c5976e84f,belong_to
489,GROUP,39ded053-9a68-458f-90d4-153c5976e84f,USER,69a29b70-1ea4-448f-8992-d1be22c76f72,part_off
490,USER,db5ee26a-83dd-453f-ae06-932fccd0a64a,GROUP,33f24961-eee4-4a8e-82ed-d7e51e3755fa,belong_to
490,GROUP,33f24961-eee4-4a8e-82ed-d7e51e3755fa,USER,db5ee26a-83dd-453f-ae06-932fccd0a64a,part_off
491,USER,075995b4-7417-431b-8ec5-8bcec88a19e3,GROUP,c62fd16a-fc45-4bca-9fec-de9e6d123e36,belong_to
491,GROUP,c62fd16a-fc45-4bca-9fec-de9e6d123e36,USER,075995b4-7417-431b-8ec5-8bcec88a19e3,part_off
492,USER,5c3ca974-8c31-44fe-a3ac-03ff2f927609,GROUP,925b1f2e-5492-4f2a-8331-2e811ccc6056,belong_to
492,GROUP,925b1f2e-5492-4f2a-8331-2e811ccc6056,USER,5c3ca974-8c31-44fe-a3ac-03ff2f927609,part_off
493,USER,7e5f93ac-3722-403a-906f-6b3061045035,GROUP,93ada367-ffe6-4588-870f-712541282609,belong_to
493,GROUP,93ada367-ffe6-4588-870f-712541282609,USER,7e5f93ac-3722-403a-906f-6b3061045035,part_off
494,USER,4bb7e304-00ad-413d-8415-a26d5458973c,GROUP,8d4f33e5-e492-4df1-81b8-92044237f637,belong_to
494,GROUP,8d4f33e5-e492-4df1-81b8-92044237f637,USER,4bb7e304-00ad-413d-8415-a26d5458973c,part_off
495,USER,5a5745c3-9f74-46b1-b0ee-35ab2b5da40c,GROUP,065dc742-3d7d-43d1-b125-1b7d4189a45a,belong_to
495,GROUP,065dc742-3d7d-43d1-b125-1b7d4189a45a,USER,5a5745c3-9f74-46b1-b0ee-35ab2b5da40c,part_off
496,USER,da96490a-4a1d-4525-a116-c0c5a3bbe40e,GROUP,35adcc5c-1cc9-40a4-8731-e79154187ec4,belong_to
496,GROUP,35adcc5c-1cc9-40a4-8731-e79154187ec4,USER,da96490a-4a1d-4525-a116-c0c5a3bbe40e,part_off
497,USER,d04e6146-9046-41a2-afde-ff3852e25683,GROUP,35e4696a-3f89-4d56-8887-9944ae8cc7ee,belong_to
497,GROUP,35e4696a-3f89-4d56-8887-9944ae8cc7ee,USER,d04e6146-9046-41a2-afde-ff3852e25683,part_off
498,USER,0969c7b6-c714-4eaf-a6f9-36019a1da074,GROUP,98c39618-5cff-497e-a5e9-a1d25c3f1b72,belong_to
498,GROUP,98c39618-5cff-497e-a5e9-a1d25c3f1b72,USER,0969c7b6-c714-4eaf-a6f9-36019a1da074,part_off
499,USER,23e3b616-5db2-4e49-9a09-2aecfaf8e6c0,GROUP,063e67d8-43b7-4f33-88ae-39094798e455,belong_to
499,GROUP,063e67d8-43b7-4f33-88ae-39094798e455,USER,23e3b616-5db2-4e49-9a09-2aecfaf8e6c0,part_off
500,USER,7c83fcbb-9b73-45c8-be69-52d2f60f2d20,GROUP,d5297a3c-21e9-48d2-b2ec-2c1298214504,belong_to
500,GROUP,d5297a3c-21e9-48d2-b2ec-2c1298214504,USER,7c83fcbb-9b73-45c8-be69-52d2f60f2d20,part_off
501,USER,30b5fb98-c271-4de4-960f-bcf16a1b89ba,GROUP,a004cef4-0e39-4709-86ff-45806554da9f,belong_to
501,GROUP,a004cef4-0e39-4709-86ff-45806554da9f,USER,30b5fb98-c271-4de4-960f-bcf16a1b89ba,part_off
502,USER,8a640cf2-e899-4307-906c-b02d35130e1a,GROUP,8ac337c3-c3e3-42d1-b58d-76915d27284b,belong_to
502,GROUP,8ac337c3-c3e3-42d1-b58d-76915d27284b,USER,8a640cf2-e899-4307-906c-b02d35130e1a,part_off
503,USER,c1d00099-8ac4-4e99-a9f9-95e7094e31d9,GROUP,444c3ed3-d208-44c5-b992-75054f767e69,belong_to
503,GROUP,444c3ed3-d208-44c5-b992-75054f767e69,USER,c1d00099-8ac4-4e99-a9f9-95e7094e31d9,part_off
504,USER,3c15bfa6-c8ff-4231-a825-3b911c90015e,GROUP,d234130c-79dc-49e0-b7b9-684df3da6e6c,belong_to
504,GROUP,d234130c-79dc-49e0-b7b9-684df3da6e6c,USER,3c15bfa6-c8ff-4231-a825-3b911c90015e,part_off
505,USER,28c0804c-77be-49ae-8a32-2d89a1dc617a,GROUP,784fc39d-870c-4a96-b67b-f809d93c313c,belong_to
505,GROUP,784fc39d-870c-4a96-b67b-f809d93c313c,USER,28c0804c-77be-49ae-8a32-2d89a1dc617a,part_off
506,USER,eb2cdc61-27f9-4e7c-81fb-ab24866ca227,GROUP,11bf0fcb-f422-41c7-bca6-c72d001f4bd8,belong_to
506,GROUP,11bf0fcb-f422-41c7-bca6-c72d001f4bd8,USER,eb2cdc61-27f9-4e7c-81fb-ab24866ca227,part_off
507,USER,32a230ff-e134-415f-b866-8f612b0fcfec,GROUP,d89fe963-54a5-4cc5-9892-4a3cc8cd1b0f,belong_to
507,GROUP,d89fe963-54a5-4cc5-9892-4a3cc8cd1b0f,USER,32a230ff-e134-415f-b866-8f612b0fcfec,part_off
508,USER,40006eb9-434c-44d6-9f6d-e9de56061712,GROUP,e6b52ab5-c4d3-4226-aa5e-5d08311888ae,belong_to
508,GROUP,e6b52ab5-c4d3-4226-aa5e-5d08311888ae,USER,40006eb9-434c-44d6-9f6d-e9de56061712,part_off
509,USER,37e7f866-3af9-48db-9abf-a3a2113ce4e5,GROUP,60b76031-05f3-4623-a496-a54a357f9d80,belong_to
509,GROUP,60b76031-05f3-4623-a496-a54a357f9d80,USER,37e7f866-3af9-48db-9abf-a3a2113ce4e5,part_off
510,USER,2e0e55f6-ef71-47cd-8edf-9af014b69a1a,GROUP,b42ed86f-cf81-47b3-aa94-81dd652878c3,belong_to
510,GROUP,b42ed86f-cf81-47b3-aa94-81dd652878c3,USER,2e0e55f6-ef71-47cd-8edf-9af014b69a1a,part_off
511,USER,280fc328-7f21-430d-88b3-ec7fcd839335,GROUP,6f8654c7-e1cb-48bd-9c44-83fdb530680f,belong_to
511,GROUP,6f8654c7-e1cb-48bd-9c44-83fdb530680f,USER,280fc328-7f21-430d-88b3-ec7fcd839335,part_off
512,USER,4c11abf0-9955-4312-84d0-99ba53cb8a80,GROUP,496fb672-fb07-4483-9e30-67b3ebe59a0c,belong_to
512,GROUP,496fb672-fb07-4483-9e30-67b3ebe59a0c,USER,4c11abf0-9955-4312-84d0-99ba53cb8a80,part_off
513,USER,141d2244-c32c-4748-8b60-22f440424bfe,GROUP,a473313e-0d4b-4542-81ae-2c8343b382e5,belong_to
513,GROUP,a473313e-0d4b-4542-81ae-2c8343b382e5,USER,141d2244-c32c-4748-8b60-22f440424bfe,part_off
514,USER,16436f1e-730e-4854-8c33-c31df82efae9,GROUP,2573a518-9370-46d5-81a1-d70db18840fb,belong_to
514,GROUP,2573a518-9370-46d5-81a1-d70db18840fb,USER,16436f1e-730e-4854-8c33-c31df82efae9,part_off
515,USER,5acddcb7-17cb-4fc5-8eb8-551c528efc35,GROUP,81768013-5c23-4e66-ace0-b271dcfb25b3,belong_to
515,GROUP,81768013-5c23-4e66-ace0-b271dcfb25b3,USER,5acddcb7-17cb-4fc5-8eb8-551c528efc35,part_off
516,USER,acbd3f78-919a-4da6-bdc7-2abff08c1b88,GROUP,c84da18c-62ae-42da-ba8c-ddb03a90b4f3,belong_to
516,GROUP,c84da18c-62ae-42da-ba8c-ddb03a90b4f3,USER,acbd3f78-919a-4da6-bdc7-2abff08c1b88,part_off
517,USER,51a8cb39-07a6-442f-bfef-be09acbcf22f,GROUP,88f30c13-10d3-41bf-97c2-af93996eb22b,belong_to
517,GROUP,88f30c13-10d3-41bf-97c2-af93996eb22b,USER,51a8cb39-07a6-442f-bfef-be09acbcf22f,part_off
518,USER,1b4b434d-7c62-4f89-8ab6-22d26876a0bd,GROUP,ee6a2027-a45f-46cd-85bf-b982ccb12414,belong_to
518,GROUP,ee6a2027-a45f-46cd-85bf-b982ccb12414,USER,1b4b434d-7c62-4f89-8ab6-22d26876a0bd,part_off
519,USER,aa9d8282-e3d4-4b4c-9699-e6e0f241e9d0,GROUP,e2e627aa-f4bf-48f8-830a-da71d762bbcd,belong_to
519,GROUP,e2e627aa-f4bf-48f8-830a-da71d762bbcd,USER,aa9d8282-e3d4-4b4c-9699-e6e0f241e9d0,part_off
520,USER,ddea7f08-ba2f-42ce-ae1a-7de612c18684,GROUP,39365320-b690-469a-9a51-2148aad79098,belong_to
520,GROUP,39365320-b690-469a-9a51-2148aad79098,USER,ddea7f08-ba2f-42ce-ae1a-7de612c18684,part_off
521,USER,98dde3c6-bb2e-4f0a-95ec-733dd35d9ebd,GROUP,ba56f00d-1f2c-43d2-9858-d4451be16279,belong_to
521,GROUP,ba56f00d-1f2c-43d2-9858-d4451be16279,USER,98dde3c6-bb2e-4f0a-95ec-733dd35d9ebd,part_off
522,USER,42a017fe-92e1-4e2a-9ff5-1b2585cbb747,GROUP,6f6ba755-7615-4109-af7b-70ebdf1253d2,belong_to
522,GROUP,6f6ba755-7615-4109-af7b-70ebdf1253d2,USER,42a017fe-92e1-4e2a-9ff5-1b2585cbb747,part_off
523,USER,f2a668d2-a6f5-4b8f-89e7-5dcf8026e7d0,GROUP,59dee941-64e4-4c65-ad72-00d0b5da641c,belong_to
523,GROUP,59dee941-64e4-4c65-ad72-00d0b5da641c,USER,f2a668d2-a6f5-4b8f-89e7-5dcf8026e7d0,part_off
524,USER,e8cea368-7270-4a9d-b45f-e789fea19250,GROUP,72e92aa8-fc4b-4c6b-992b-f754069bdf97,belong_to
524,GROUP,72e92aa8-fc4b-4c6b-992b-f754069bdf97,USER,e8cea368-7270-4a9d-b45f-e789fea19250,part_off
525,USER,d27fa397-03e1-4b6f-bd40-c911c9f94437,GROUP,123d059e-023f-4d45-b3d3-6aa5b8ed2ae0,belong_to
525,GROUP,123d059e-023f-4d45-b3d3-6aa5b8ed2ae0,USER,d27fa397-03e1-4b6f-bd40-c911c9f94437,part_off
526,USER,88c0e553-a7da-4eec-a663-592b68c64279,GROUP,e4453428-b64c-48fd-9f16-064515952a68,belong_to
526,GROUP,e4453428-b64c-48fd-9f16-064515952a68,USER,88c0e553-a7da-4eec-a663-592b68c64279,part_off
527,USER,cb1241a1-0165-41f9-930a-729bbe3ac2ce,GROUP,bd1a11b3-c353-4454-8a35-c8406d6c4ad9,belong_to
527,GROUP,bd1a11b3-c353-4454-8a35-c8406d6c4ad9,USER,cb1241a1-0165-41f9-930a-729bbe3ac2ce,part_off
528,USER,70d4e37b-9b14-4c8e-9878-efbd21a6f793,GROUP,e5a56e5a-1235-4140-8644-3ee3f774594a,belong_to
528,GROUP,e5a56e5a-1235-4140-8644-3ee3f774594a,USER,70d4e37b-9b14-4c8e-9878-efbd21a6f793,part_off
529,USER,1cd1e652-16a6-435e-8168-97524c690e28,GROUP,a84dfc6e-b449-4a87-bb28-91d81490394c,belong_to
529,GROUP,a84dfc6e-b449-4a87-bb28-91d81490394c,USER,1cd1e652-16a6-435e-8168-97524c690e28,part_off
530,USER,55fce3e8-1414-4e7f-811c-805779d18b08,GROUP,daa1fa24-2695-466f-bc1c-0376232c5183,belong_to
530,GROUP,daa1fa24-2695-466f-bc1c-0376232c5183,USER,55fce3e8-1414-4e7f-811c-805779d18b08,part_off
531,USER,f17bb270-fefd-4812-9fad-2185b8ca728f,GROUP,7017a47d-95f1-4b69-93c7-dff483464fc2,belong_to
531,GROUP,7017a47d-95f1-4b69-93c7-dff483464fc2,USER,f17bb270-fefd-4812-9fad-2185b8ca728f,part_off
532,USER,d878550a-bf93-47ba-a5eb-3fb7006adddb,GROUP,539e6e65-a945-4c02-a640-82862118a919,belong_to
532,GROUP,539e6e65-a945-4c02-a640-82862118a919,USER,d878550a-bf93-47ba-a5eb-3fb7006adddb,part_off
533,USER,a758ef5e-dd8b-4f3b-9e0d-440a94de57d6,GROUP,505a2c4e-6867-4c71-bb67-3f14571aead2,belong_to
533,GROUP,505a2c4e-6867-4c71-bb67-3f14571aead2,USER,a758ef5e-dd8b-4f3b-9e0d-440a94de57d6,part_off
534,USER,c6686541-fdb0-43a3-85de-c2f3c1aa15df,GROUP,1354517d-a05e-4d7e-90e8-c54f047f8442,belong_to
534,GROUP,1354517d-a05e-4d7e-90e8-c54f047f8442,USER,c6686541-fdb0-43a3-85de-c2f3c1aa15df,part_off
535,USER,463df781-24bb-49c8-a609-1fa6159aba32,GROUP,c8b1c02a-9bef-4d3c-a5d5-2d6de406e146,belong_to
535,GROUP,c8b1c02a-9bef-4d3c-a5d5-2d6de406e146,USER,463df781-24bb-49c8-a609-1fa6159aba32,part_off
536,USER,57844959-b76d-474e-b371-19bb4df6ebe1,GROUP,742a8df9-6697-47d8-bf2f-fc585b0e76b9,belong_to
536,GROUP,742a8df9-6697-47d8-bf2f-fc585b0e76b9,USER,57844959-b76d-474e-b371-19bb4df6ebe1,part_off
537,USER,5cc1fc14-1876-4034-ba71-d012c6861872,GROUP,a205620c-2e89-41dd-9b85-a6cec97feafe,belong_to
537,GROUP,a205620c-2e89-41dd-9b85-a6cec97feafe,USER,5cc1fc14-1876-4034-ba71-d012c6861872,part_off
538,USER,57058dbb-e842-42c0-8430-2af33d96268c,GROUP,96b4b573-c8a6-44e5-89e2-e65e6028b0c1,belong_to
538,GROUP,96b4b573-c8a6-44e5-89e2-e65e6028b0c1,USER,57058dbb-e842-42c0-8430-2af33d96268c,part_off
539,USER,f9b51191-f9cf-4719-8537-11088da880fd,GROUP,08eb789a-06da-4691-9266-d0a5f2a5c293,belong_to
539,GROUP,08eb789a-06da-4691-9266-d0a5f2a5c293,USER,f9b51191-f9cf-4719-8537-11088da880fd,part_off
540,USER,d6629b02-e78d-407a-8a39-a9b5d0390b05,GROUP,2a649275-3928-4da7-8b7c-f63045af53b4,belong_to
540,GROUP,2a649275-3928-4da7-8b7c-f63045af53b4,USER,d6629b02-e78d-407a-8a39-a9b5d0390b05,part_off
541,USER,5720d488-ea9e-4890-b56b-cd84d49cca5b,GROUP,43cc4ada-ba17-4bf0-98d7-86f3be8e23bc,belong_to
541,GROUP,43cc4ada-ba17-4bf0-98d7-86f3be8e23bc,USER,5720d488-ea9e-4890-b56b-cd84d49cca5b,part_off
542,USER,26f63305-0c26-4e7f-ab21-48bbff076175,GROUP,a512273f-c383-454e-a59a-8713f43b338e,belong_to
542,GROUP,a512273f-c383-454e-a59a-8713f43b338e,USER,26f63305-0c26-4e7f-ab21-48bbff076175,part_off
543,USER,4763ea07-4e08-49f9-b9af-f2a99fd12acc,GROUP,58f4ad2f-6322-4b9b-81cf-a82a055cbb57,belong_to
543,GROUP,58f4ad2f-6322-4b9b-81cf-a82a055cbb57,USER,4763ea07-4e08-49f9-b9af-f2a99fd12acc,part_off
544,USER,e34a94d8-22dd-4997-b5e3-b0cd4da692f8,GROUP,b40a45a6-d7d0-41f8-a79b-853123e8c543,belong_to
544,GROUP,b40a45a6-d7d0-41f8-a79b-853123e8c543,USER,e34a94d8-22dd-4997-b5e3-b0cd4da692f8,part_off
545,USER,e1f1b463-3436-41a8-bd84-3daecd2c2f15,GROUP,6df41d35-7fa0-4af7-b07c-7881d3931215,belong_to
545,GROUP,6df41d35-7fa0-4af7-b07c-7881d3931215,USER,e1f1b463-3436-41a8-bd84-3daecd2c2f15,part_off
546,USER,6e5ee86b-15e3-4815-9321-9961d71dc8d2,GROUP,4387a4ec-1c06-44df-823b-ae6d09a6b2a6,belong_to
546,GROUP,4387a4ec-1c06-44df-823b-ae6d09a6b2a6,USER,6e5ee86b-15e3-4815-9321-9961d71dc8d2,part_off
547,USER,ab714591-8406-4e75-b27a-9fa0cbf5cc98,GROUP,d878eb61-c588-4664-953d-0f7a12fb93dd,belong_to
547,GROUP,d878eb61-c588-4664-953d-0f7a12fb93dd,USER,ab714591-8406-4e75-b27a-9fa0cbf5cc98,part_off
548,USER,887f94d1-cfde-4aec-9006-6c91e907b84d,GROUP,7eba09ef-c7e3-4385-9c26-7390012ea412,belong_to
548,GROUP,7eba09ef-c7e3-4385-9c26-7390012ea412,USER,887f94d1-cfde-4aec-9006-6c91e907b84d,part_off
549,USER,f33690f6-bd77-4ab3-85fd-af4a4c62cb96,GROUP,1715f11a-a971-4365-aafa-03bfb8c69bf5,belong_to
549,GROUP,1715f11a-a971-4365-aafa-03bfb8c69bf5,USER,f33690f6-bd77-4ab3-85fd-af4a4c62cb96,part_off
550,USER,29a7d519-276d-45f9-800e-b70e01b8968c,GROUP,76bb5663-9eb0-48b9-b1d5-34510a5288da,belong_to
550,GROUP,76bb5663-9eb0-48b9-b1d5-34510a5288da,USER,29a7d519-276d-45f9-800e-b70e01b8968c,part_off
551,USER,4f9616aa-97a6-4b9a-b7a2-cc4161f9efc0,GROUP,45f0aec9-33ea-4fe6-9944-f04b21b9754a,belong_to
551,GROUP,45f0aec9-33ea-4fe6-9944-f04b21b9754a,USER,4f9616aa-97a6-4b9a-b7a2-cc4161f9efc0,part_off
552,USER,2d19b3e4-d813-448e-874f-9644106e99b8,GROUP,156adde9-7128-4ba0-9cf2-81cf152cbca1,belong_to
552,GROUP,156adde9-7128-4ba0-9cf2-81cf152cbca1,USER,2d19b3e4-d813-448e-874f-9644106e99b8,part_off
553,USER,f1049ef0-95eb-4a15-ac27-53a638350334,GROUP,dda4aa71-36f3-4584-afbd-16a4c0c1d019,belong_to
553,GROUP,dda4aa71-36f3-4584-afbd-16a4c0c1d019,USER,f1049ef0-95eb-4a15-ac27-53a638350334,part_off
554,USER,93d0d17a-1c17-4d21-8217-384b5298bf87,GROUP,ffb940f7-3fd0-4259-85a9-fa06ac8f1a79,belong_to
554,GROUP,ffb940f7-3fd0-4259-85a9-fa06ac8f1a79,USER,93d0d17a-1c17-4d21-8217-384b5298bf87,part_off
555,USER,066809b3-d73c-4175-8e05-ffe7ce50d1d5,GROUP,e779ddc6-c557-4e4a-bad1-9f355e2b7ae4,belong_to
555,GROUP,e779ddc6-c557-4e4a-bad1-9f355e2b7ae4,USER,066809b3-d73c-4175-8e05-ffe7ce50d1d5,part_off
556,USER,5b10adfc-d43c-4cf7-8378-efadae826a9c,GROUP,9c7ef6f8-a472-4362-ab1d-578b71e1c0f2,belong_to
556,GROUP,9c7ef6f8-a472-4362-ab1d-578b71e1c0f2,USER,5b10adfc-d43c-4cf7-8378-efadae826a9c,part_off
557,USER,7883e83d-c26b-470d-b02f-630d194b20c7,GROUP,23320c0d-4974-412f-ad07-d8a04096aa1e,belong_to
557,GROUP,23320c0d-4974-412f-ad07-d8a04096aa1e,USER,7883e83d-c26b-470d-b02f-630d194b20c7,part_off
558,USER,7414d1e7-4cb2-4050-b6cc-a324e48ff546,GROUP,716e69bd-b20e-4b89-844a-686073b16f31,belong_to
558,GROUP,716e69bd-b20e-4b89-844a-686073b16f31,USER,7414d1e7-4cb2-4050-b6cc-a324e48ff546,part_off
559,USER,18483246-93cf-43a8-a826-1a582af1cbe5,GROUP,c85854a4-a6fd-4890-9fdc-628ab4a5317f,belong_to
559,GROUP,c85854a4-a6fd-4890-9fdc-628ab4a5317f,USER,18483246-93cf-43a8-a826-1a582af1cbe5,part_off
560,USER,62002752-78dd-4054-b3fb-071c8aefea3c,GROUP,95ed742f-7052-4cee-b049-c6212a41d75b,belong_to
560,GROUP,95ed742f-7052-4cee-b049-c6212a41d75b,USER,62002752-78dd-4054-b3fb-071c8aefea3c,part_off
561,USER,63d5e925-34e2-4e2a-8ef7-5d3637a9751a,GROUP,155f1798-0f9a-4255-900f-66f7fadc8f0b,belong_to
561,GROUP,155f1798-0f9a-4255-900f-66f7fadc8f0b,USER,63d5e925-34e2-4e2a-8ef7-5d3637a9751a,part_off
562,USER,77187240-9161-452c-b061-87c7d01af44d,GROUP,266ca2e5-7595-48bd-9e60-6d324a0cc3cd,belong_to
562,GROUP,266ca2e5-7595-48bd-9e60-6d324a0cc3cd,USER,77187240-9161-452c-b061-87c7d01af44d,part_off
563,USER,be4d3e6c-df22-44a4-ab67-a0f4da60c9ed,GROUP,1210921f-f1ce-4a47-a898-456bb8d32c95,belong_to
563,GROUP,1210921f-f1ce-4a47-a898-456bb8d32c95,USER,be4d3e6c-df22-44a4-ab67-a0f4da60c9ed,part_off
564,USER,a7f9ae84-6c52-4239-a7e9-dc1fb4407a16,GROUP,5ccf6370-5eb3-446d-8b68-8c9838ba2530,belong_to
564,GROUP,5ccf6370-5eb3-446d-8b68-8c9838ba2530,USER,a7f9ae84-6c52-4239-a7e9-dc1fb4407a16,part_off
565,USER,9d931b01-fa40-41c3-839d-af81d6df456a,GROUP,7a4869e7-22e0-4228-b5e5-8e49f7426f48,belong_to
565,GROUP,7a4869e7-22e0-4228-b5e5-8e49f7426f48,USER,9d931b01-fa40-41c3-839d-af81d6df456a,part_off
566,USER,fca6cb21-ad98-445b-a64a-e288863c1a9b,GROUP,ca6af8aa-0286-448f-9f1b-0730579dcb6e,belong_to
566,GROUP,ca6af8aa-0286-448f-9f1b-0730579dcb6e,USER,fca6cb21-ad98-445b-a64a-e288863c1a9b,part_off
567,USER,401c5f9b-1aa1-4e68-8519-8e9b04da8315,GROUP,9b0d583d-8b6a-4ff9-9a43-7e0065be12ce,belong_to
567,GROUP,9b0d583d-8b6a-4ff9-9a43-7e0065be12ce,USER,401c5f9b-1aa1-4e68-8519-8e9b04da8315,part_off
568,USER,18f0fc7f-54e9-48d3-a046-6f42eaeb3152,GROUP,73135139-3784-49de-92e7-5d375da7e438,belong_to
568,GROUP,73135139-3784-49de-92e7-5d375da7e438,USER,18f0fc7f-54e9-48d3-a046-6f42eaeb3152,part_off
569,USER,d5f9ec24-9d45-4b83-b406-2bd8d1b3fe46,GROUP,71bb82b0-d36d-426a-81a9-934e2d142bd0,belong_to
569,GROUP,71bb82b0-d36d-426a-81a9-934e2d142bd0,USER,d5f9ec24-9d45-4b83-b406-2bd8d1b3fe46,part_off
570,USER,e12bcd78-0498-4ecc-81a3-a956d446beb0,GROUP,44a956a5-458e-4c57-b969-76562145190b,belong_to
570,GROUP,44a956a5-458e-4c57-b969-76562145190b,USER,e12bcd78-0498-4ecc-81a3-a956d446beb0,part_off
571,USER,312b679a-5545-4218-94a6-63772ba8b0df,GROUP,e5dc5338-bec9-4d6b-95aa-8df7d850a070,belong_to
571,GROUP,e5dc5338-bec9-4d6b-95aa-8df7d850a070,USER,312b679a-5545-4218-94a6-63772ba8b0df,part_off
572,USER,fe752bc1-6819-4ca1-9692-1e51cbeaf25e,GROUP,871e6118-7678-43c2-acc8-3ad1dea4f83c,belong_to
572,GROUP,871e6118-7678-43c2-acc8-3ad1dea4f83c,USER,fe752bc1-6819-4ca1-9692-1e51cbeaf25e,part_off
573,USER,ff3b5d15-dab4-4772-8ce9-ee441f5a06fe,GROUP,0b3dcfcf-d69b-4b59-9db6-b817b8077645,belong_to
573,GROUP,0b3dcfcf-d69b-4b59-9db6-b817b8077645,USER,ff3b5d15-dab4-4772-8ce9-ee441f5a06fe,part_off
574,USER,2ec11f43-c5f3-4921-b4f2-a2ec2b2c6c75,GROUP,be34fcba-c05e-4382-988a-5d857f3e0149,belong_to
574,GROUP,be34fcba-c05e-4382-988a-5d857f3e0149,USER,2ec11f43-c5f3-4921-b4f2-a2ec2b2c6c75,part_off
575,USER,5b1852a1-a37f-489e-88de-635363371757,GROUP,302e6476-8f6f-4902-b295-410f353249f6,belong_to
575,GROUP,302e6476-8f6f-4902-b295-410f353249f6,USER,5b1852a1-a37f-489e-88de-635363371757,part_off
576,USER,bc838c6d-715e-44c3-9fee-d1cdc553395c,GROUP,a0e8c5a5-3486-446f-aec4-19bb25a54072,belong_to
576,GROUP,a0e8c5a5-3486-446f-aec4-19bb25a54072,USER,bc838c6d-715e-44c3-9fee-d1cdc553395c,part_off
577,USER,0a1f6dd0-0bb5-432e-b628-04a965174753,GROUP,b4acbf37-2bcf-4601-ae07-7a3c403d01de,belong_to
577,GROUP,b4acbf37-2bcf-4601-ae07-7a3c403d01de,USER,0a1f6dd0-0bb5-432e-b628-04a965174753,part_off
578,USER,ae449861-c8b2-4069-8480-8c004a7dd9d8,GROUP,c605f816-f61b-4261-a04a-b59716497aec,belong_to
578,GROUP,c605f816-f61b-4261-a04a-b59716497aec,USER,ae449861-c8b2-4069-8480-8c004a7dd9d8,part_off
579,USER,701b8623-dd89-496d-ab4a-d9a5de1bb58b,GROUP,f60b5d91-9dd7-41f3-9552-71dde89e2977,belong_to
579,GROUP,f60b5d91-9dd7-41f3-9552-71dde89e2977,USER,701b8623-dd89-496d-ab4a-d9a5de1bb58b,part_off
580,USER,3fa1e1d0-7dc4-4768-94be-d424d19bc0cc,GROUP,c846a510-0fb1-471b-b0f9-b6d7e44952d6,belong_to
580,GROUP,c846a510-0fb1-471b-b0f9-b6d7e44952d6,USER,3fa1e1d0-7dc4-4768-94be-d424d19bc0cc,part_off
581,USER,7977f210-576c-4d12-8bef-a35a6994e6c2,GROUP,b4e8efb5-560b-4621-811a-55489ec8d0bc,belong_to
581,GROUP,b4e8efb5-560b-4621-811a-55489ec8d0bc,USER,7977f210-576c-4d12-8bef-a35a6994e6c2,part_off
582,USER,9dfd988d-4a10-4ef7-8f6a-d9fe5b48836b,GROUP,0a6a206f-344a-4a13-a192-01f4f5c2d15f,belong_to
582,GROUP,0a6a206f-344a-4a13-a192-01f4f5c2d15f,USER,9dfd988d-4a10-4ef7-8f6a-d9fe5b48836b,part_off
583,USER,3001850d-1f18-4247-b841-9afec907614d,GROUP,92b24bf5-da63-4d56-b3aa-6a4c201c259f,belong_to
583,GROUP,92b24bf5-da63-4d56-b3aa-6a4c201c259f,USER,3001850d-1f18-4247-b841-9afec907614d,part_off
584,USER,876d64ec-9950-4e65-a7cc-b279debf04e5,GROUP,cb2a204b-36a3-41f3-a022-a1f3058f0004,belong_to
584,GROUP,cb2a204b-36a3-41f3-a022-a1f3058f0004,USER,876d64ec-9950-4e65-a7cc-b279debf04e5,part_off
585,USER,b3b029a0-916c-4cc5-9b59-19a56e97dd87,GROUP,4bdcbfe6-77c8-48f6-a5c1-316276398a79,belong_to
585,GROUP,4bdcbfe6-77c8-48f6-a5c1-316276398a79,USER,b3b029a0-916c-4cc5-9b59-19a56e97dd87,part_off
586,USER,95ee1b3e-a4e8-4726-a0a1-23a5af53aa25,GROUP,6d0bae46-f910-4a04-9bf6-1063e6e2a7e9,belong_to
586,GROUP,6d0bae46-f910-4a04-9bf6-1063e6e2a7e9,USER,95ee1b3e-a4e8-4726-a0a1-23a5af53aa25,part_off
587,USER,475fbcd3-21a3-43f1-bbb9-3926ab496e7a,GROUP,2d07e407-ff87-4328-b216-43ae2d126161,belong_to
587,GROUP,2d07e407-ff87-4328-b216-43ae2d126161,USER,475fbcd3-21a3-43f1-bbb9-3926ab496e7a,part_off
588,USER,1aef69b4-26ce-4c38-a918-16549826b91e,GROUP,a6fcbcbc-6e02-47a0-9020-481f754a8121,belong_to
588,GROUP,a6fcbcbc-6e02-47a0-9020-481f754a8121,USER,1aef69b4-26ce-4c38-a918-16549826b91e,part_off
589,USER,5edeb4da-2cc8-4c8a-bad8-5a17cee6fbf5,GROUP,d0719965-9024-463f-9804-7c485991bb8b,belong_to
589,GROUP,d0719965-9024-463f-9804-7c485991bb8b,USER,5edeb4da-2cc8-4c8a-bad8-5a17cee6fbf5,part_off
590,USER,41c1b00c-ad4d-41b3-8add-b5541a901cd3,GROUP,48ad8e90-f85d-46d6-9ab9-6df781c6b87e,belong_to
590,GROUP,48ad8e90-f85d-46d6-9ab9-6df781c6b87e,USER,41c1b00c-ad4d-41b3-8add-b5541a901cd3,part_off
591,USER,ca92eee5-1e47-490c-b94a-320dc376f503,GROUP,619b7ebd-d4ff-47dc-93d6-6ac0ae4a7fc5,belong_to
591,GROUP,619b7ebd-d4ff-47dc-93d6-6ac0ae4a7fc5,USER,ca92eee5-1e47-490c-b94a-320dc376f503,part_off
592,USER,79fed1a5-f908-47d1-8eb8-c7de7c37de75,GROUP,197fc30e-d631-4612-8198-d8c86ba6a432,belong_to
592,GROUP,197fc30e-d631-4612-8198-d8c86ba6a432,USER,79fed1a5-f908-47d1-8eb8-c7de7c37de75,part_off
593,USER,7c63d787-da1b-4062-97b5-3d60298148c8,GROUP,20549290-82ce-495d-8738-ae32278b0a63,belong_to
593,GROUP,20549290-82ce-495d-8738-ae32278b0a63,USER,7c63d787-da1b-4062-97b5-3d60298148c8,part_off
594,USER,6a8b47bc-51f8-400b-9aae-472b599baad1,GROUP,8edb50de-b6a1-4275-96fe-4f406c858e48,belong_to
594,GROUP,8edb50de-b6a1-4275-96fe-4f406c858e48,USER,6a8b47bc-51f8-400b-9aae-472b599baad1,part_off
595,USER,652683a7-0648-4956-85c9-1f951734754d,GROUP,f95e9247-4e68-41df-8259-ba4898a8a781,belong_to
595,GROUP,f95e9247-4e68-41df-8259-ba4898a8a781,USER,652683a7-0648-4956-85c9-1f951734754d,part_off
596,USER,bc2e7b6c-f946-4aeb-aeba-8b3056513754,GROUP,f63c45fb-6d7e-4929-bb42-4607a3094395,belong_to
596,GROUP,f63c45fb-6d7e-4929-bb42-4607a3094395,USER,bc2e7b6c-f946-4aeb-aeba-8b3056513754,part_off
597,USER,838630cc-ac1a-4357-87d4-e098d1ff1a01,GROUP,39f9bf7d-65bc-4262-ad00-abee675b15e6,belong_to
597,GROUP,39f9bf7d-65bc-4262-ad00-abee675b15e6,USER,838630cc-ac1a-4357-87d4-e098d1ff1a01,part_off
598,USER,587a6f5a-c3ab-49e7-a65a-15dd83ad6abf,GROUP,451e6251-7bec-4ece-985c-e12f8e54265d,belong_to
598,GROUP,451e6251-7bec-4ece-985c-e12f8e54265d,USER,587a6f5a-c3ab-49e7-a65a-15dd83ad6abf,part_off
599,USER,97900c15-2bf7-4c0b-831d-edce45047659,GROUP,3ab47c0e-71ab-4c25-8c81-919b07c3c243,belong_to
599,GROUP,3ab47c0e-71ab-4c25-8c81-919b07c3c243,USER,97900c15-2bf7-4c0b-831d-edce45047659,part_off
600,USER,208a04d8-e540-4583-ae5e-844f09ec6d6d,GROUP,c2862286-cc3c-4970-9b37-760217e04745,belong_to
600,GROUP,c2862286-cc3c-4970-9b37-760217e04745,USER,208a04d8-e540-4583-ae5e-844f09ec6d6d,part_off
601,USER,8ab60708-4d50-4606-9dd2-9bb1535504ea,GROUP,db3c6541-c543-4e13-a12e-6f2d42591a07,belong_to
601,GROUP,db3c6541-c543-4e13-a12e-6f2d42591a07,USER,8ab60708-4d50-4606-9dd2-9bb1535504ea,part_off
602,USER,39933ad2-5fc5-4504-b2f4-de53b70a0ede,GROUP,ebe8cd47-5a49-44eb-90a7-b9762bac2485,belong_to
602,GROUP,ebe8cd47-5a49-44eb-90a7-b9762bac2485,USER,39933ad2-5fc5-4504-b2f4-de53b70a0ede,part_off
603,USER,fd7ccc96-4cbc-4cfc-83bd-61c3a6a2fbd8,GROUP,02199c3c-4ed4-43ee-9260-e6c91c4f0a87,belong_to
603,GROUP,02199c3c-4ed4-43ee-9260-e6c91c4f0a87,USER,fd7ccc96-4cbc-4cfc-83bd-61c3a6a2fbd8,part_off
604,USER,e45fe0bb-4846-4e5f-a754-b143224e25a3,GROUP,b11b3608-4253-425c-9519-379b73b2140b,belong_to
604,GROUP,b11b3608-4253-425c-9519-379b73b2140b,USER,e45fe0bb-4846-4e5f-a754-b143224e25a3,part_off
605,USER,16cc648e-72cc-4ea4-b1b6-534401226fc3,GROUP,ba0046f9-f88d-4cde-a9b6-93dc1136fb99,belong_to
605,GROUP,ba0046f9-f88d-4cde-a9b6-93dc1136fb99,USER,16cc648e-72cc-4ea4-b1b6-534401226fc3,part_off
606,USER,61ec4664-4900-4049-8815-0e4e65534978,GROUP,bb2e672b-e27a-41c0-b661-ba500060b84a,belong_to
606,GROUP,bb2e672b-e27a-41c0-b661-ba500060b84a,USER,61ec4664-4900-4049-8815-0e4e65534978,part_off
607,USER,0f57b6c5-ae66-477b-a436-1caf8be81cba,GROUP,e38c90ec-292d-4dad-a7e6-45cecb6a6912,belong_to
607,GROUP,e38c90ec-292d-4dad-a7e6-45cecb6a6912,USER,0f57b6c5-ae66-477b-a436-1caf8be81cba,part_off
608,USER,5cde1dfd-2f72-4c00-aa7d-22735e689be0,GROUP,fa64daa1-e1c1-4bad-9870-fe22459be57b,belong_to
608,GROUP,fa64daa1-e1c1-4bad-9870-fe22459be57b,USER,5cde1dfd-2f72-4c00-aa7d-22735e689be0,part_off
609,USER,457a4890-eb48-412f-83c4-a6a20b361f98,GROUP,f108eaa0-02f5-44cb-a32f-4ce41fb91eaf,belong_to
609,GROUP,f108eaa0-02f5-44cb-a32f-4ce41fb91eaf,USER,457a4890-eb48-412f-83c4-a6a20b361f98,part_off
610,USER,83efd88f-dfda-4dbb-89fa-eaf405e3d0bb,GROUP,a78c116e-8b86-4b1a-9fca-3e62cee10f6f,belong_to
610,GROUP,a78c116e-8b86-4b1a-9fca-3e62cee10f6f,USER,83efd88f-dfda-4dbb-89fa-eaf405e3d0bb,part_off
611,USER,e30580cf-b059-47f6-9313-c477bfe00bff,GROUP,b3f464a5-c0e3-400d-8678-88a99806911a,belong_to
611,GROUP,b3f464a5-c0e3-400d-8678-88a99806911a,USER,e30580cf-b059-47f6-9313-c477bfe00bff,part_off
612,USER,4d600cb6-5390-4dbe-8dce-7d6388740702,GROUP,70e8edad-c69c-4ba7-be2b-b1a0061c7e5f,belong_to
612,GROUP,70e8edad-c69c-4ba7-be2b-b1a0061c7e5f,USER,4d600cb6-5390-4dbe-8dce-7d6388740702,part_off
613,USER,5d35a618-22e8-431f-890f-62713baf4882,GROUP,2a7edc58-e8b0-4cdc-b4d5-2688ef722c41,belong_to
613,GROUP,2a7edc58-e8b0-4cdc-b4d5-2688ef722c41,USER,5d35a618-22e8-431f-890f-62713baf4882,part_off
614,USER,50e152e6-0232-49f5-a2cd-76a4cff1a062,GROUP,268597a1-12b8-4774-bd59-be90b6f4c95b,belong_to
614,GROUP,268597a1-12b8-4774-bd59-be90b6f4c95b,USER,50e152e6-0232-49f5-a2cd-76a4cff1a062,part_off
615,USER,1268db13-aae0-4abe-a28e-36853b67fe8b,GROUP,d66099cf-517c-4c21-97c4-fd3a519ca854,belong_to
615,GROUP,d66099cf-517c-4c21-97c4-fd3a519ca854,USER,1268db13-aae0-4abe-a28e-36853b67fe8b,part_off
616,USER,1704df9f-5088-484b-8b04-74fe27f43afe,GROUP,d6bf88dd-c58f-4813-a431-63031d3a3ab0,belong_to
616,GROUP,d6bf88dd-c58f-4813-a431-63031d3a3ab0,USER,1704df9f-5088-484b-8b04-74fe27f43afe,part_off
617,USER,f825b4b1-8008-4192-89c4-9093b3da2835,GROUP,7d6570a8-4e53-429f-bd6b-8b2d49110700,belong_to
617,GROUP,7d6570a8-4e53-429f-bd6b-8b2d49110700,USER,f825b4b1-8008-4192-89c4-9093b3da2835,part_off
618,USER,dc9b4a2b-da64-42d0-830f-7025685e658d,GROUP,9fc86a98-0825-4704-9eff-c5f9a4086801,belong_to
618,GROUP,9fc86a98-0825-4704-9eff-c5f9a4086801,USER,dc9b4a2b-da64-42d0-830f-7025685e658d,part_off
619,USER,2bb19bdc-b252-4785-b68c-ce802b7cd018,GROUP,9c9512a6-c99d-4ad2-9a3b-f76139db7edb,belong_to
619,GROUP,9c9512a6-c99d-4ad2-9a3b-f76139db7edb,USER,2bb19bdc-b252-4785-b68c-ce802b7cd018,part_off
620,USER,1bc539ab-c18a-43f5-a81a-db8685d62fa3,GROUP,399caaf8-54a6-4b82-b5c5-fa8b51e426ff,belong_to
620,GROUP,399caaf8-54a6-4b82-b5c5-fa8b51e426ff,USER,1bc539ab-c18a-43f5-a81a-db8685d62fa3,part_off
621,USER,502af02a-087f-4abd-b62e-98804a95a40e,GROUP,0a5621e5-9cda-416b-a2e9-ead07c55f473,belong_to
621,GROUP,0a5621e5-9cda-416b-a2e9-ead07c55f473,USER,502af02a-087f-4abd-b62e-98804a95a40e,part_off
622,USER,d3a41de0-c57a-4929-83e6-add64d8fb1cd,GROUP,1579e7f0-65dd-48f6-b30a-dda9396cb2f5,belong_to
622,GROUP,1579e7f0-65dd-48f6-b30a-dda9396cb2f5,USER,d3a41de0-c57a-4929-83e6-add64d8fb1cd,part_off
623,USER,08318cd0-6ce6-4788-81d6-e1e14dd27606,GROUP,d354b9fc-6f37-45c5-9e94-d828506c6f29,belong_to
623,GROUP,d354b9fc-6f37-45c5-9e94-d828506c6f29,USER,08318cd0-6ce6-4788-81d6-e1e14dd27606,part_off
624,USER,122e6382-aa5b-4a7d-abca-2816fe4e35f0,GROUP,b47980b3-9781-4d68-aa69-1c0b0e1ab35b,belong_to
624,GROUP,b47980b3-9781-4d68-aa69-1c0b0e1ab35b,USER,122e6382-aa5b-4a7d-abca-2816fe4e35f0,part_off
625,USER,d64e7dc3-6379-4f06-b49d-119a76a8d87d,GROUP,e292f283-1fd7-441a-ab7d-2b007b53d2bd,belong_to
625,GROUP,e292f283-1fd7-441a-ab7d-2b007b53d2bd,USER,d64e7dc3-6379-4f06-b49d-119a76a8d87d,part_off
626,USER,90161553-0d69-4c0e-a848-ac4fbf2dfe51,GROUP,56ab4904-83d5-426a-bbac-fc28834a6337,belong_to
626,GROUP,56ab4904-83d5-426a-bbac-fc28834a6337,USER,90161553-0d69-4c0e-a848-ac4fbf2dfe51,part_off
627,USER,7656619f-bd45-4244-87b8-dd29088e6d2c,GROUP,14ffc265-2816-4767-9cd0-125920ce64d0,belong_to
627,GROUP,14ffc265-2816-4767-9cd0-125920ce64d0,USER,7656619f-bd45-4244-87b8-dd29088e6d2c,part_off
628,USER,8bb38af9-3e7e-461d-8a8e-30930363ccc2,GROUP,a859625a-d1d6-4ab3-b977-5cd5500fc98e,belong_to
628,GROUP,a859625a-d1d6-4ab3-b977-5cd5500fc98e,USER,8bb38af9-3e7e-461d-8a8e-30930363ccc2,part_off
629,USER,9d646469-aee3-4baa-af0b-3c0c88d62f09,GROUP,57a57944-fe6a-468c-83b5-eb3ded9549a3,belong_to
629,GROUP,57a57944-fe6a-468c-83b5-eb3ded9549a3,USER,9d646469-aee3-4baa-af0b-3c0c88d62f09,part_off
630,USER,e46802bb-8427-427d-b08d-8800bccc364e,GROUP,436c757e-591d-4532-8004-9e8246618fe5,belong_to
630,GROUP,436c757e-591d-4532-8004-9e8246618fe5,USER,e46802bb-8427-427d-b08d-8800bccc364e,part_off
631,USER,dbb80032-297d-4eac-b8db-1f944430785f,GROUP,8fa7538c-feba-46bf-a945-c8142028eaab,belong_to
631,GROUP,8fa7538c-feba-46bf-a945-c8142028eaab,USER,dbb80032-297d-4eac-b8db-1f944430785f,part_off
632,USER,a75b4f05-6d13-42d2-88d9-e8753dbf752b,GROUP,ed7f5b33-c8ed-44da-8ce3-c8c8acc8ec2f,belong_to
632,GROUP,ed7f5b33-c8ed-44da-8ce3-c8c8acc8ec2f,USER,a75b4f05-6d13-42d2-88d9-e8753dbf752b,part_off
633,USER,18be6ff5-8c88-4063-b228-6995637e2874,GROUP,2e047650-9535-4a0e-94e1-44172ed29d47,belong_to
633,GROUP,2e047650-9535-4a0e-94e1-44172ed29d47,USER,18be6ff5-8c88-4063-b228-6995637e2874,part_off
634,USER,1cea01da-28b9-4cb1-9b03-81f90fcf0405,GROUP,80f659c1-18d6-40c7-8b91-aef6d9a87986,belong_to
634,GROUP,80f659c1-18d6-40c7-8b91-aef6d9a87986,USER,1cea01da-28b9-4cb1-9b03-81f90fcf0405,part_off
635,USER,19501f3b-d245-4382-98d6-c29598f49bc3,GROUP,6d8bf7e7-f9e4-4112-9f7a-30599ccd4209,belong_to
635,GROUP,6d8bf7e7-f9e4-4112-9f7a-30599ccd4209,USER,19501f3b-d245-4382-98d6-c29598f49bc3,part_off
636,USER,0a3428c7-1d52-4c46-bf80-e0fad5e88b0c,GROUP,df02c9a2-0805-4b48-ae14-8a866909c285,belong_to
636,GROUP,df02c9a2-0805-4b48-ae14-8a866909c285,USER,0a3428c7-1d52-4c46-bf80-e0fad5e88b0c,part_off
637,USER,b7414341-af1a-4a6d-83e2-952d4d09b2d0,GROUP,a17cae83-40d7-400b-a6fb-31a320940217,belong_to
637,GROUP,a17cae83-40d7-400b-a6fb-31a320940217,USER,b7414341-af1a-4a6d-83e2-952d4d09b2d0,part_off
638,USER,33733c48-7266-4c61-9bed-1f0d4ba3df6f,GROUP,c52a2f81-df67-432f-b3f3-302d14ed29d0,belong_to
638,GROUP,c52a2f81-df67-432f-b3f3-302d14ed29d0,USER,33733c48-7266-4c61-9bed-1f0d4ba3df6f,part_off
639,USER,de705ba4-eacb-4132-968f-a6b5598cf198,GROUP,652daade-3265-4399-a48c-cb6d14137fed,belong_to
639,GROUP,652daade-3265-4399-a48c-cb6d14137fed,USER,de705ba4-eacb-4132-968f-a6b5598cf198,part_off
640,USER,b19f6567-b20d-4998-89c4-9fd3f0b56cf6,GROUP,54d62d41-43d9-4245-9472-9e329a101757,belong_to
640,GROUP,54d62d41-43d9-4245-9472-9e329a101757,USER,b19f6567-b20d-4998-89c4-9fd3f0b56cf6,part_off
641,USER,a0256c37-1a42-40f8-8627-5b9d13bca57c,GROUP,6068eabd-5454-41fe-8a1e-a49910fc6a52,belong_to
641,GROUP,6068eabd-5454-41fe-8a1e-a49910fc6a52,USER,a0256c37-1a42-40f8-8627-5b9d13bca57c,part_off
642,USER,041588eb-29d0-4758-890c-22d6c4eeb79c,GROUP,e7675171-0932-4cb4-9555-9e91d3c91b99,belong_to
642,GROUP,e7675171-0932-4cb4-9555-9e91d3c91b99,USER,041588eb-29d0-4758-890c-22d6c4eeb79c,part_off
643,USER,65c96714-2731-4e7b-8100-d82acb4c6e60,GROUP,c62a8eb1-e0f4-4949-a9bd-f7dcc6e07d07,belong_to
643,GROUP,c62a8eb1-e0f4-4949-a9bd-f7dcc6e07d07,USER,65c96714-2731-4e7b-8100-d82acb4c6e60,part_off
644,USER,c467ebbc-b4ee-4983-9260-6cb930735c06,GROUP,aff9829b-123b-4146-93a7-2993d364f1eb,belong_to
644,GROUP,aff9829b-123b-4146-93a7-2993d364f1eb,USER,c467ebbc-b4ee-4983-9260-6cb930735c06,part_off
645,USER,6b7d1788-f70e-4910-9691-4025ffd962a2,GROUP,08b311f8-3c08-4ced-a8df-fab99d445af9,belong_to
645,GROUP,08b311f8-3c08-4ced-a8df-fab99d445af9,USER,6b7d1788-f70e-4910-9691-4025ffd962a2,part_off
646,USER,314a53fa-6866-46e6-9d2b-092efc8a6679,GROUP,b4bcc8c1-3cd1-4441-aeb9-18e612b1fd65,belong_to
646,GROUP,b4bcc8c1-3cd1-4441-aeb9-18e612b1fd65,USER,314a53fa-6866-46e6-9d2b-092efc8a6679,part_off
647,USER,920f24a7-3e9d-49cd-8536-91d96a06b82b,GROUP,14541b50-9d8b-4866-a56a-6cb25530299c,belong_to
647,GROUP,14541b50-9d8b-4866-a56a-6cb25530299c,USER,920f24a7-3e9d-49cd-8536-91d96a06b82b,part_off
648,USER,e755c835-dbe5-46bf-8240-bb48c30cff5b,GROUP,7afd6af9-98a1-4414-8dfa-1d4002bfc62c,belong_to
648,GROUP,7afd6af9-98a1-4414-8dfa-1d4002bfc62c,USER,e755c835-dbe5-46bf-8240-bb48c30cff5b,part_off
649,USER,12f8b5fe-04d0-4ce3-8f91-91a0764858d9,GROUP,2d18787e-2b26-414d-b915-105a7cf67b97,belong_to
649,GROUP,2d18787e-2b26-414d-b915-105a7cf67b97,USER,12f8b5fe-04d0-4ce3-8f91-91a0764858d9,part_off
650,USER,a78341f4-5608-4169-aa1e-2662f28ba4e2,GROUP,9c656f5c-52be-4461-b554-c331f943dde4,belong_to
650,GROUP,9c656f5c-52be-4461-b554-c331f943dde4,USER,a78341f4-5608-4169-aa1e-2662f28ba4e2,part_off
651,USER,1f2b73b9-4f4c-4ab4-a227-c632df587805,GROUP,a36cc2b5-3c06-4fa9-b642-a1a6adb2006d,belong_to
651,GROUP,a36cc2b5-3c06-4fa9-b642-a1a6adb2006d,USER,1f2b73b9-4f4c-4ab4-a227-c632df587805,part_off
652,USER,b1edd9cb-1330-44ce-a580-0333b8d52d03,GROUP,4a895da3-cbbb-4a43-8a5b-0f012552e48c,belong_to
652,GROUP,4a895da3-cbbb-4a43-8a5b-0f012552e48c,USER,b1edd9cb-1330-44ce-a580-0333b8d52d03,part_off
653,USER,d3e80bd9-a859-4350-b85d-9095471bb90f,GROUP,cb3164b0-5675-49f2-84fc-d0d0535af425,belong_to
653,GROUP,cb3164b0-5675-49f2-84fc-d0d0535af425,USER,d3e80bd9-a859-4350-b85d-9095471bb90f,part_off
654,USER,af06d8a2-5ef0-4517-b5ca-ff0a097bb76c,GROUP,e664ba04-68c3-4d0f-976b-7cdbdbd8ea5c,belong_to
654,GROUP,e664ba04-68c3-4d0f-976b-7cdbdbd8ea5c,USER,af06d8a2-5ef0-4517-b5ca-ff0a097bb76c,part_off
655,USER,00a76ccc-8654-4621-a4df-94412eff0767,GROUP,3312771e-0947-4b83-8f18-76a54045231c,belong_to
655,GROUP,3312771e-0947-4b83-8f18-76a54045231c,USER,00a76ccc-8654-4621-a4df-94412eff0767,part_off
656,USER,8c993588-c176-4127-b7b0-0b36fe935100,GROUP,df1f3976-aec1-4b0f-9439-59a771d4a479,belong_to
656,GROUP,df1f3976-aec1-4b0f-9439-59a771d4a479,USER,8c993588-c176-4127-b7b0-0b36fe935100,part_off
657,USER,70602c34-b7eb-448b-80e6-244ab734a81f,GROUP,c2e5738b-f068-459b-b56c-94193de7ddd7,belong_to
657,GROUP,c2e5738b-f068-459b-b56c-94193de7ddd7,USER,70602c34-b7eb-448b-80e6-244ab734a81f,part_off
658,USER,293f3c2b-bafe-4733-b6b5-da36883e94f4,GROUP,0eb07558-bea2-4181-9616-0a02b132d666,belong_to
658,GROUP,0eb07558-bea2-4181-9616-0a02b132d666,USER,293f3c2b-bafe-4733-b6b5-da36883e94f4,part_off
659,USER,d357b55f-2811-435e-97ed-710f5b98519a,GROUP,6bcc12f3-601d-4716-a9eb-d288719aaf39,belong_to
659,GROUP,6bcc12f3-601d-4716-a9eb-d288719aaf39,USER,d357b55f-2811-435e-97ed-710f5b98519a,part_off
660,USER,e2c17631-457a-4a2e-85b3-e933414d7e41,GROUP,b8a2443a-4e42-4d60-aae7-afe43504f0ba,belong_to
660,GROUP,b8a2443a-4e42-4d60-aae7-afe43504f0ba,USER,e2c17631-457a-4a2e-85b3-e933414d7e41,part_off
661,USER,5e9bb8bf-bffd-40fd-bd83-dbb2b0047a37,GROUP,15ae09db-a6ff-4146-abc8-2b2dd3d8250a,belong_to
661,GROUP,15ae09db-a6ff-4146-abc8-2b2dd3d8250a,USER,5e9bb8bf-bffd-40fd-bd83-dbb2b0047a37,part_off
662,USER,15e3c8cd-2d00-40b5-96e9-7155b28d874f,GROUP,e8b400d2-14e0-4ed4-818d-5ad03b8cadf7,belong_to
662,GROUP,e8b400d2-14e0-4ed4-818d-5ad03b8cadf7,USER,15e3c8cd-2d00-40b5-96e9-7155b28d874f,part_off
663,USER,9baa934c-9544-41d4-9c23-0b7bb7669bc6,GROUP,ebc0eeb7-25eb-4ff0-baa1-b9f545770570,belong_to
663,GROUP,ebc0eeb7-25eb-4ff0-baa1-b9f545770570,USER,9baa934c-9544-41d4-9c23-0b7bb7669bc6,part_off
664,USER,109e1f3f-6bcb-4ab8-83d9-0c84fafaa861,GROUP,a7a73f69-75a9-4fa6-a69b-5dd39f083c29,belong_to
664,GROUP,a7a73f69-75a9-4fa6-a69b-5dd39f083c29,USER,109e1f3f-6bcb-4ab8-83d9-0c84fafaa861,part_off
665,USER,0080a1c5-4264-4385-8b93-cdbe964d6f0e,GROUP,564bde74-701d-4fdc-95ee-fdbd75ae9795,belong_to
665,GROUP,564bde74-701d-4fdc-95ee-fdbd75ae9795,USER,0080a1c5-4264-4385-8b93-cdbe964d6f0e,part_off
666,USER,43d5b461-2c74-48cd-8d55-514366fd050c,GROUP,24a2e683-0eaf-46ab-87a3-fbcddcfc895c,belong_to
666,GROUP,24a2e683-0eaf-46ab-87a3-fbcddcfc895c,USER,43d5b461-2c74-48cd-8d55-514366fd050c,part_off
667,USER,72a83ed8-7d99-4f4b-9a7a-8801f57d9e37,GROUP,143f6e8c-0f0d-45f6-9f9d-f67e4a322e22,belong_to
667,GROUP,143f6e8c-0f0d-45f6-9f9d-f67e4a322e22,USER,72a83ed8-7d99-4f4b-9a7a-8801f57d9e37,part_off
668,USER,b11f0d1d-6acb-479e-9823-80b74937befa,GROUP,b8851233-4601-4436-9f30-d8b9df1cd2be,belong_to
668,GROUP,b8851233-4601-4436-9f30-d8b9df1cd2be,USER,b11f0d1d-6acb-479e-9823-80b74937befa,part_off
669,USER,a6ef51d7-0e88-4fba-8c4e-66cd5f40e542,GROUP,53f83743-cdc8-420d-a8b6-838367b5250b,belong_to
669,GROUP,53f83743-cdc8-420d-a8b6-838367b5250b,USER,a6ef51d7-0e88-4fba-8c4e-66cd5f40e542,part_off
670,USER,232051b4-6a43-405e-9398-8c9eca586dc5,GROUP,ebb56bc3-ea2f-4aed-9b84-62479ecdb7ef,belong_to
670,GROUP,ebb56bc3-ea2f-4aed-9b84-62479ecdb7ef,USER,232051b4-6a43-405e-9398-8c9eca586dc5,part_off
671,USER,6f8fa9cb-18b5-4173-8a9d-6c906ca5b49a,GROUP,56f6523a-ee86-4e03-bf44-1b2945d7f693,belong_to
671,GROUP,56f6523a-ee86-4e03-bf44-1b2945d7f693,USER,6f8fa9cb-18b5-4173-8a9d-6c906ca5b49a,part_off
672,USER,bae27293-4f61-4fda-abd6-11a3682b8922,GROUP,209d9afa-8d56-4aba-a63b-4ecd85d6388f,belong_to
672,GROUP,209d9afa-8d56-4aba-a63b-4ecd85d6388f,USER,bae27293-4f61-4fda-abd6-11a3682b8922,part_off
673,USER,c17ab4e0-93ee-4927-b66d-c8928e1db605,GROUP,206a82dd-407e-4881-b817-5c0c76c2615c,belong_to
673,GROUP,206a82dd-407e-4881-b817-5c0c76c2615c,USER,c17ab4e0-93ee-4927-b66d-c8928e1db605,part_off
674,USER,a3d6220d-f8dd-48f3-bb78-7e5f4f64fb08,GROUP,7ba0d672-3365-45af-90ee-6f3a48bfb862,belong_to
674,GROUP,7ba0d672-3365-45af-90ee-6f3a48bfb862,USER,a3d6220d-f8dd-48f3-bb78-7e5f4f64fb08,part_off
675,USER,d79945e6-2c69-441a-85a0-b23bee5fa528,GROUP,8f53f2d1-ef72-4206-96b7-9a2971a405d8,belong_to
675,GROUP,8f53f2d1-ef72-4206-96b7-9a2971a405d8,USER,d79945e6-2c69-441a-85a0-b23bee5fa528,part_off
676,USER,62874087-17f4-44f8-8cdc-592867fbe7b0,GROUP,fb3cb33b-c1c0-4b79-be8c-1cbba8c9635f,belong_to
676,GROUP,fb3cb33b-c1c0-4b79-be8c-1cbba8c9635f,USER,62874087-17f4-44f8-8cdc-592867fbe7b0,part_off
677,USER,5869c723-8ad9-4a7b-ba7f-cf31fba7e8a0,GROUP,cdf442e2-39a0-482e-86cd-496decf46dfd,belong_to
677,GROUP,cdf442e2-39a0-482e-86cd-496decf46dfd,USER,5869c723-8ad9-4a7b-ba7f-cf31fba7e8a0,part_off
678,USER,c04af32f-7ef3-41f3-ae95-759076f70ea0,GROUP,36fb1633-52f0-4496-a260-38835244a99d,belong_to
678,GROUP,36fb1633-52f0-4496-a260-38835244a99d,USER,c04af32f-7ef3-41f3-ae95-759076f70ea0,part_off
679,USER,42742dfc-4270-48e9-8674-ce70b035dcfa,GROUP,cffc0120-037c-4e34-ba58-2e7c64c9ee13,belong_to
679,GROUP,cffc0120-037c-4e34-ba58-2e7c64c9ee13,USER,42742dfc-4270-48e9-8674-ce70b035dcfa,part_off
680,USER,ac5a7911-1f03-47c4-9299-176df4698c42,GROUP,b9e610ae-d7d0-4801-8408-89449dc9c3b6,belong_to
680,GROUP,b9e610ae-d7d0-4801-8408-89449dc9c3b6,USER,ac5a7911-1f03-47c4-9299-176df4698c42,part_off
681,USER,0e347615-3e4b-4fe3-b0af-8dbdd86bb2ce,GROUP,e1a12e3a-9139-4cab-bae0-1bde7c54880b,belong_to
681,GROUP,e1a12e3a-9139-4cab-bae0-1bde7c54880b,USER,0e347615-3e4b-4fe3-b0af-8dbdd86bb2ce,part_off
682,USER,161c64d6-1377-4b3f-a0ea-bc40a93a2e8b,GROUP,1ac4f8ba-f6ba-4e43-9fb8-41004042cf99,belong_to
682,GROUP,1ac4f8ba-f6ba-4e43-9fb8-41004042cf99,USER,161c64d6-1377-4b3f-a0ea-bc40a93a2e8b,part_off
683,USER,a9c7546a-21a5-40b3-8853-ebcb9cf9a144,GROUP,7baae4df-56be-4ec5-8ba9-9da063e68f22,belong_to
683,GROUP,7baae4df-56be-4ec5-8ba9-9da063e68f22,USER,a9c7546a-21a5-40b3-8853-ebcb9cf9a144,part_off
684,USER,c697da81-975b-4a4a-a49f-fd6c4f6dcfbf,GROUP,2b72ddb7-6d91-44f7-91d6-fffe1f1caf72,belong_to
684,GROUP,2b72ddb7-6d91-44f7-91d6-fffe1f1caf72,USER,c697da81-975b-4a4a-a49f-fd6c4f6dcfbf,part_off
685,USER,829c6639-0e1b-411a-8380-e457f6bcb6e6,GROUP,5f4c851f-3ca7-4ac8-956f-a63fcf37660e,belong_to
685,GROUP,5f4c851f-3ca7-4ac8-956f-a63fcf37660e,USER,829c6639-0e1b-411a-8380-e457f6bcb6e6,part_off
686,USER,6787eabb-a371-40b8-87b9-83fce3ffa6dc,GROUP,2dd52fde-9364-4bdb-bd04-1adc156cf18b,belong_to
686,GROUP,2dd52fde-9364-4bdb-bd04-1adc156cf18b,USER,6787eabb-a371-40b8-87b9-83fce3ffa6dc,part_off
687,USER,44cc61f1-66a5-4f47-800a-54ff2e7f4f51,GROUP,67ad93da-81a1-44e7-9029-210fff9fd187,belong_to
687,GROUP,67ad93da-81a1-44e7-9029-210fff9fd187,USER,44cc61f1-66a5-4f47-800a-54ff2e7f4f51,part_off
688,USER,909243b9-324c-4715-9828-a3f33d627ddd,GROUP,c50f2e9b-25e2-4ef5-b849-65a6784e6e15,belong_to
688,GROUP,c50f2e9b-25e2-4ef5-b849-65a6784e6e15,USER,909243b9-324c-4715-9828-a3f33d627ddd,part_off
689,USER,a49a5495-8af3-48ec-b3cd-8e24dafb4060,GROUP,d67fa094-b2df-48e0-8a92-83122b8cdb18,belong_to
689,GROUP,d67fa094-b2df-48e0-8a92-83122b8cdb18,USER,a49a5495-8af3-48ec-b3cd-8e24dafb4060,part_off
690,USER,71b7cec4-5bad-4a89-8810-9ae626cc6f18,GROUP,fbbf8869-f5ae-4608-9bca-8af6fc4bd1c7,belong_to
690,GROUP,fbbf8869-f5ae-4608-9bca-8af6fc4bd1c7,USER,71b7cec4-5bad-4a89-8810-9ae626cc6f18,part_off
691,USER,9cccef17-48b7-4e2a-ad3a-72a262250d31,GROUP,236b1897-1252-4ed9-aa37-8a61b99cf2e5,belong_to
691,GROUP,236b1897-1252-4ed9-aa37-8a61b99cf2e5,USER,9cccef17-48b7-4e2a-ad3a-72a262250d31,part_off
692,USER,7147fcb2-3b82-470b-ae30-5d930c73e59e,GROUP,b3be0e65-6587-4290-b807-23e2444390ac,belong_to
692,GROUP,b3be0e65-6587-4290-b807-23e2444390ac,USER,7147fcb2-3b82-470b-ae30-5d930c73e59e,part_off
693,USER,fe6cb7a0-436a-4c0e-a8bd-57aa6bca1134,GROUP,a53522c4-6ff5-45d4-85aa-e72f89a75d3c,belong_to
693,GROUP,a53522c4-6ff5-45d4-85aa-e72f89a75d3c,USER,fe6cb7a0-436a-4c0e-a8bd-57aa6bca1134,part_off
694,USER,d6c4fac2-1d1a-424c-966a-b81b44ebe61f,GROUP,4e692ac9-57d3-4a0b-99a2-c21df3c911ae,belong_to
694,GROUP,4e692ac9-57d3-4a0b-99a2-c21df3c911ae,USER,d6c4fac2-1d1a-424c-966a-b81b44ebe61f,part_off
695,USER,6fc03226-d2b6-45f6-b297-256e235b10f1,GROUP,9d10b8af-9fbd-4505-9732-a9e050750755,belong_to
695,GROUP,9d10b8af-9fbd-4505-9732-a9e050750755,USER,6fc03226-d2b6-45f6-b297-256e235b10f1,part_off
696,USER,a8f6dd29-c61d-447b-be11-d0ac6d3ae2bc,GROUP,7abd523b-fe8b-493e-8fd5-bb059d01c465,belong_to
696,GROUP,7abd523b-fe8b-493e-8fd5-bb059d01c465,USER,a8f6dd29-c61d-447b-be11-d0ac6d3ae2bc,part_off
697,USER,37fc0d6e-ea73-4505-862e-ddb77075d214,GROUP,56231379-5518-49ad-97a1-b20b494edbe8,belong_to
697,GROUP,56231379-5518-49ad-97a1-b20b494edbe8,USER,37fc0d6e-ea73-4505-862e-ddb77075d214,part_off
698,USER,f209d1c5-ea90-4f18-be86-c1d3239a8251,GROUP,3b4eeaf5-4432-4f6a-b0dd-bdc8c1c34425,belong_to
698,GROUP,3b4eeaf5-4432-4f6a-b0dd-bdc8c1c34425,USER,f209d1c5-ea90-4f18-be86-c1d3239a8251,part_off
699,USER,d621cdc3-0163-40a2-8039-9cb2b253c91e,GROUP,c4a12bb2-c626-46b8-8fb5-227ec1ea6af4,belong_to
699,GROUP,c4a12bb2-c626-46b8-8fb5-227ec1ea6af4,USER,d621cdc3-0163-40a2-8039-9cb2b253c91e,part_off
700,USER,220cd7ca-d78f-434b-ade1-9723c74960ce,GROUP,c3fb2d66-42b2-427c-8d3d-d2a099275f9d,belong_to
700,GROUP,c3fb2d66-42b2-427c-8d3d-d2a099275f9d,USER,220cd7ca-d78f-434b-ade1-9723c74960ce,part_off
701,USER,36e8ba71-3ee9-4eed-84f6-74e67bf85621,GROUP,e1ff4eab-c862-4139-8a2c-971a2224b2d4,belong_to
701,GROUP,e1ff4eab-c862-4139-8a2c-971a2224b2d4,USER,36e8ba71-3ee9-4eed-84f6-74e67bf85621,part_off
702,USER,68cc2df3-b6bb-4920-9136-c52ec0175bc5,GROUP,3ebaae38-f982-4cec-b41d-293b04b4f5de,belong_to
702,GROUP,3ebaae38-f982-4cec-b41d-293b04b4f5de,USER,68cc2df3-b6bb-4920-9136-c52ec0175bc5,part_off
703,USER,fd3783e9-0649-40ca-a190-513b94b2d895,GROUP,8532e872-b7c1-44bf-a3fc-1a656716d19d,belong_to
703,GROUP,8532e872-b7c1-44bf-a3fc-1a656716d19d,USER,fd3783e9-0649-40ca-a190-513b94b2d895,part_off
704,USER,f83612f7-554e-42e3-8ee3-1c8d8ff292f0,GROUP,c520a25a-8727-4af5-94e9-b7b2d37d7cad,belong_to
704,GROUP,c520a25a-8727-4af5-94e9-b7b2d37d7cad,USER,f83612f7-554e-42e3-8ee3-1c8d8ff292f0,part_off
705,USER,4c9fac7c-6988-408f-b525-63d6b6474868,GROUP,317d4511-6b1d-43cb-97a1-70f4d275fbc3,belong_to
705,GROUP,317d4511-6b1d-43cb-97a1-70f4d275fbc3,USER,4c9fac7c-6988-408f-b525-63d6b6474868,part_off
706,USER,f5235a38-cab5-4410-ad3d-be2cc8e186f4,GROUP,56a9bea9-09d8-4329-8231-faa8e2e3c32d,belong_to
706,GROUP,56a9bea9-09d8-4329-8231-faa8e2e3c32d,USER,f5235a38-cab5-4410-ad3d-be2cc8e186f4,part_off
707,USER,754891c6-b837-46de-97e8-895162a3652e,GROUP,dc832595-5263-4a14-8187-5097bc7f1e15,belong_to
707,GROUP,dc832595-5263-4a14-8187-5097bc7f1e15,USER,754891c6-b837-46de-97e8-895162a3652e,part_off
708,USER,ed3648c2-5817-4a35-be57-0235a7476dcb,GROUP,afd82813-4e3b-4719-8557-dea933a8cd4e,belong_to
708,GROUP,afd82813-4e3b-4719-8557-dea933a8cd4e,USER,ed3648c2-5817-4a35-be57-0235a7476dcb,part_off
709,USER,a15443c4-e96a-445e-bf75-17dac8d38a4a,GROUP,d58bb491-abf9-408f-83cc-03bf64260b99,belong_to
709,GROUP,d58bb491-abf9-408f-83cc-03bf64260b99,USER,a15443c4-e96a-445e-bf75-17dac8d38a4a,part_off
710,USER,01df0423-30d9-4909-b26d-4b894fd22858,GROUP,f0539db6-fc08-4f58-a4a5-26a0223deb51,belong_to
710,GROUP,f0539db6-fc08-4f58-a4a5-26a0223deb51,USER,01df0423-30d9-4909-b26d-4b894fd22858,part_off
711,USER,06224446-4159-43e6-9fde-6376a37d2d78,GROUP,e1fa7f30-3966-47d8-b551-91da3fb94a72,belong_to
711,GROUP,e1fa7f30-3966-47d8-b551-91da3fb94a72,USER,06224446-4159-43e6-9fde-6376a37d2d78,part_off
712,USER,56e6fa97-5e04-4aff-9bf8-2c3e01a1e621,GROUP,6f8bc0f3-3724-488c-96c0-b25782cf0d03,belong_to
712,GROUP,6f8bc0f3-3724-488c-96c0-b25782cf0d03,USER,56e6fa97-5e04-4aff-9bf8-2c3e01a1e621,part_off
713,USER,d324207b-7e5e-4987-86f9-27fdd3bb783c,GROUP,21faadde-53ff-40cb-9207-0ca9c2c1ebb1,belong_to
713,GROUP,21faadde-53ff-40cb-9207-0ca9c2c1ebb1,USER,d324207b-7e5e-4987-86f9-27fdd3bb783c,part_off
714,USER,c5d61940-4663-4a14-9d52-9742cb3afc95,GROUP,805c02fb-73fc-4aff-be8e-ea862914ac04,belong_to
714,GROUP,805c02fb-73fc-4aff-be8e-ea862914ac04,USER,c5d61940-4663-4a14-9d52-9742cb3afc95,part_off
715,USER,e5e23219-6753-45f7-b418-99d3c7eb7ca9,GROUP,acf8b60f-6c6e-44c5-96a2-22a4689890ac,belong_to
715,GROUP,acf8b60f-6c6e-44c5-96a2-22a4689890ac,USER,e5e23219-6753-45f7-b418-99d3c7eb7ca9,part_off
716,USER,e8b66dd3-a8d0-449d-9b22-9b149448437a,GROUP,b8b76fa4-7739-402e-8c38-31c4cef5b521,belong_to
716,GROUP,b8b76fa4-7739-402e-8c38-31c4cef5b521,USER,e8b66dd3-a8d0-449d-9b22-9b149448437a,part_off
717,USER,d44b912e-cdaa-4d7f-b2cc-f41bf9f7c294,GROUP,40c57e1f-7682-4e0f-9822-79207237cb73,belong_to
717,GROUP,40c57e1f-7682-4e0f-9822-79207237cb73,USER,d44b912e-cdaa-4d7f-b2cc-f41bf9f7c294,part_off
718,USER,e72875e1-e70e-400a-8c91-db38907585f5,GROUP,906fcb88-2351-4efa-a473-1d26fd128abb,belong_to
718,GROUP,906fcb88-2351-4efa-a473-1d26fd128abb,USER,e72875e1-e70e-400a-8c91-db38907585f5,part_off
719,USER,63014d05-3a26-4ec9-9236-4024b2718f8b,GROUP,9e268223-fdbf-499c-9c62-dde5bb5c772b,belong_to
719,GROUP,9e268223-fdbf-499c-9c62-dde5bb5c772b,USER,63014d05-3a26-4ec9-9236-4024b2718f8b,part_off
720,USER,6671fd50-c9ee-4633-9547-e76e93f7c7c9,GROUP,221fe714-b789-4e2a-ab7b-0960d0abf0ed,belong_to
720,GROUP,221fe714-b789-4e2a-ab7b-0960d0abf0ed,USER,6671fd50-c9ee-4633-9547-e76e93f7c7c9,part_off
721,USER,d481c71e-ff54-488e-bed0-4348be2a4d5e,GROUP,d8aeb184-9ead-4bec-9d55-4973abb46a12,belong_to
721,GROUP,d8aeb184-9ead-4bec-9d55-4973abb46a12,USER,d481c71e-ff54-488e-bed0-4348be2a4d5e,part_off
722,USER,88c4f385-f56f-47f8-9664-8c7021b5aeae,GROUP,53c2ecb2-edc6-4b39-a8e0-c454d5a0c3f3,belong_to
722,GROUP,53c2ecb2-edc6-4b39-a8e0-c454d5a0c3f3,USER,88c4f385-f56f-47f8-9664-8c7021b5aeae,part_off
723,USER,443f53ad-0840-4d7d-930f-bb2d12746a70,GROUP,4f668454-090d-45c6-981e-1712502d90ec,belong_to
723,GROUP,4f668454-090d-45c6-981e-1712502d90ec,USER,443f53ad-0840-4d7d-930f-bb2d12746a70,part_off
724,USER,264bbb0c-270a-4459-ab23-43227777578d,GROUP,f0b10f27-1a78-45c0-8dbf-00d2292ecd8e,belong_to
724,GROUP,f0b10f27-1a78-45c0-8dbf-00d2292ecd8e,USER,264bbb0c-270a-4459-ab23-43227777578d,part_off
725,USER,39d29b83-8953-4b15-98da-8afc7432078e,GROUP,2df237b5-3c75-4819-9539-c8849dac6154,belong_to
725,GROUP,2df237b5-3c75-4819-9539-c8849dac6154,USER,39d29b83-8953-4b15-98da-8afc7432078e,part_off
726,USER,240b913e-21a3-42a6-b0ac-f2b0c46c6517,GROUP,c10b6425-95a4-4f14-84d8-726510fdaf80,belong_to
726,GROUP,c10b6425-95a4-4f14-84d8-726510fdaf80,USER,240b913e-21a3-42a6-b0ac-f2b0c46c6517,part_off
727,USER,8408041f-424e-4fd5-bfca-6ea2c5725a74,GROUP,cc19c054-a414-4652-94a6-723df1e7a143,belong_to
727,GROUP,cc19c054-a414-4652-94a6-723df1e7a143,USER,8408041f-424e-4fd5-bfca-6ea2c5725a74,part_off
728,USER,102f7878-2065-4825-80ae-85554d7ff6e7,GROUP,d4cfb5a1-7892-462b-b28b-d4b73741cc74,belong_to
728,GROUP,d4cfb5a1-7892-462b-b28b-d4b73741cc74,USER,102f7878-2065-4825-80ae-85554d7ff6e7,part_off
729,USER,8d701998-8e58-49e0-bc2f-745314ac6413,GROUP,9a314d1c-aa45-4fdc-abeb-3c0bcb66d179,belong_to
729,GROUP,9a314d1c-aa45-4fdc-abeb-3c0bcb66d179,USER,8d701998-8e58-49e0-bc2f-745314ac6413,part_off
730,USER,9d9c941d-2fda-426b-87a9-dced23c85fb6,GROUP,724003a9-c43c-4a6a-8e37-e8cbbf5b5b09,belong_to
730,GROUP,724003a9-c43c-4a6a-8e37-e8cbbf5b5b09,USER,9d9c941d-2fda-426b-87a9-dced23c85fb6,part_off
731,USER,ad744490-30a1-4b48-ae80-7c8989402bac,GROUP,bec2f4bc-3590-4782-a7e5-f0131427a98a,belong_to
731,GROUP,bec2f4bc-3590-4782-a7e5-f0131427a98a,USER,ad744490-30a1-4b48-ae80-7c8989402bac,part_off
732,USER,28ea74da-f2b3-404f-aeca-53cd72bf7d6c,GROUP,7b3c1ce4-2406-4c00-8832-e7f0ec96cf1c,belong_to
732,GROUP,7b3c1ce4-2406-4c00-8832-e7f0ec96cf1c,USER,28ea74da-f2b3-404f-aeca-53cd72bf7d6c,part_off
733,USER,c5cb6afb-4ce4-424e-b9d9-aea81621b8fc,GROUP,33859528-4ba1-4f47-9892-4df6cc28eb37,belong_to
733,GROUP,33859528-4ba1-4f47-9892-4df6cc28eb37,USER,c5cb6afb-4ce4-424e-b9d9-aea81621b8fc,part_off
734,USER,5e92132d-10b9-4c15-a43a-c3f0440ea5dd,GROUP,71bfb11f-ab26-4434-9ad9-d456b3e82149,belong_to
734,GROUP,71bfb11f-ab26-4434-9ad9-d456b3e82149,USER,5e92132d-10b9-4c15-a43a-c3f0440ea5dd,part_off
735,USER,6dd9417b-ff0e-4d01-8f83-77c7adc4c056,GROUP,5f338646-2104-4bbb-8c2d-186e4aead3d2,belong_to
735,GROUP,5f338646-2104-4bbb-8c2d-186e4aead3d2,USER,6dd9417b-ff0e-4d01-8f83-77c7adc4c056,part_off
736,USER,f2f550cb-8e21-4c60-81a3-fbd9fafba0a3,GROUP,63c886f4-5055-4ca4-b7d7-f62e34803272,belong_to
736,GROUP,63c886f4-5055-4ca4-b7d7-f62e34803272,USER,f2f550cb-8e21-4c60-81a3-fbd9fafba0a3,part_off
737,USER,cda75586-6684-480c-ac13-5d1f36f785f6,GROUP,c619b189-8b12-40b2-a3c1-cc39fe6d2e84,belong_to
737,GROUP,c619b189-8b12-40b2-a3c1-cc39fe6d2e84,USER,cda75586-6684-480c-ac13-5d1f36f785f6,part_off
738,USER,aacf9fdb-7c5f-4a54-a68e-a8fb4404cf24,GROUP,76478c2e-7956-452c-b2ce-51574795648a,belong_to
738,GROUP,76478c2e-7956-452c-b2ce-51574795648a,USER,aacf9fdb-7c5f-4a54-a68e-a8fb4404cf24,part_off
739,USER,8152d29e-3caa-4117-a357-04df6935df92,GROUP,abac8218-d2cf-41e2-a7d1-f537b7437643,belong_to
739,GROUP,abac8218-d2cf-41e2-a7d1-f537b7437643,USER,8152d29e-3caa-4117-a357-04df6935df92,part_off
740,USER,df566130-5e68-4032-905a-26ec49431e19,GROUP,d5387adb-5be7-4ae8-b625-603f1519d347,belong_to
740,GROUP,d5387adb-5be7-4ae8-b625-603f1519d347,USER,df566130-5e68-4032-905a-26ec49431e19,part_off
741,USER,ce384ea2-5818-4b40-a926-2c6a1fea0e4e,GROUP,209290cd-5881-405c-821a-4dae99edbdad,belong_to
741,GROUP,209290cd-5881-405c-821a-4dae99edbdad,USER,ce384ea2-5818-4b40-a926-2c6a1fea0e4e,part_off
742,USER,d689a0bf-542e-43d9-9c2a-8f1a90fc676d,GROUP,f50ce9a3-7aa6-44b9-bbe4-0bcd0b70339c,belong_to
742,GROUP,f50ce9a3-7aa6-44b9-bbe4-0bcd0b70339c,USER,d689a0bf-542e-43d9-9c2a-8f1a90fc676d,part_off
743,USER,d4ac0369-f621-4c32-8988-a625ef309d5a,GROUP,e0edf616-e189-4ec9-b9f5-d36a25092515,belong_to
743,GROUP,e0edf616-e189-4ec9-b9f5-d36a25092515,USER,d4ac0369-f621-4c32-8988-a625ef309d5a,part_off
744,USER,bff3cc58-9726-4a23-a32f-4c4374d0c6bb,GROUP,d1b3e091-2a03-4912-9e60-02cc78cf6eaa,belong_to
744,GROUP,d1b3e091-2a03-4912-9e60-02cc78cf6eaa,USER,bff3cc58-9726-4a23-a32f-4c4374d0c6bb,part_off
745,USER,6dcda473-ed19-4378-a57f-a57f2ea2d621,GROUP,1bcd5d9f-7e80-40cc-80cc-7439664db50d,belong_to
745,GROUP,1bcd5d9f-7e80-40cc-80cc-7439664db50d,USER,6dcda473-ed19-4378-a57f-a57f2ea2d621,part_off
746,USER,c382fbba-4248-495e-a8fd-94686422725f,GROUP,85d9fbb0-2767-4be5-b8a3-db0a9987d763,belong_to
746,GROUP,85d9fbb0-2767-4be5-b8a3-db0a9987d763,USER,c382fbba-4248-495e-a8fd-94686422725f,part_off
747,USER,a37cb936-f56c-4358-b796-247d9202d249,GROUP,c6692cd1-f289-45c8-9c27-c69c1eff3d95,belong_to
747,GROUP,c6692cd1-f289-45c8-9c27-c69c1eff3d95,USER,a37cb936-f56c-4358-b796-247d9202d249,part_off
748,USER,b476e36b-5775-40d4-ac92-f123a3c363fa,GROUP,16a0e03e-2379-4b5a-b88d-434d182618af,belong_to
748,GROUP,16a0e03e-2379-4b5a-b88d-434d182618af,USER,b476e36b-5775-40d4-ac92-f123a3c363fa,part_off
749,USER,d9bc4548-9229-494b-8c78-087ee50243a3,GROUP,aa05a6d2-db9b-4deb-b302-2a0366ccfac5,belong_to
749,GROUP,aa05a6d2-db9b-4deb-b302-2a0366ccfac5,USER,d9bc4548-9229-494b-8c78-087ee50243a3,part_off
750,USER,799352b8-d80e-4798-b10f-e108a2a660d0,GROUP,e89212ae-f150-473a-a190-7624b7503651,belong_to
750,GROUP,e89212ae-f150-473a-a190-7624b7503651,USER,799352b8-d80e-4798-b10f-e108a2a660d0,part_off
751,USER,a340d32f-c7f7-466c-861e-280aae887170,GROUP,204ce920-679c-49e1-b2ec-5669eb7b3439,belong_to
751,GROUP,204ce920-679c-49e1-b2ec-5669eb7b3439,USER,a340d32f-c7f7-466c-861e-280aae887170,part_off
752,USER,a58011d6-90fe-453a-bc25-be33cfe68778,GROUP,17ecc999-89fc-4103-bcf5-f54ac9311c09,belong_to
752,GROUP,17ecc999-89fc-4103-bcf5-f54ac9311c09,USER,a58011d6-90fe-453a-bc25-be33cfe68778,part_off
753,USER,92d4b782-7054-43cc-adb5-8416eab8f2b8,GROUP,f5437848-56c4-4716-9742-f4da75f0d528,belong_to
753,GROUP,f5437848-56c4-4716-9742-f4da75f0d528,USER,92d4b782-7054-43cc-adb5-8416eab8f2b8,part_off
754,USER,674aefd4-ee41-422c-bfcd-ef498d71c804,GROUP,1ebbcab5-7d0e-4a0b-b747-573a4c430de3,belong_to
754,GROUP,1ebbcab5-7d0e-4a0b-b747-573a4c430de3,USER,674aefd4-ee41-422c-bfcd-ef498d71c804,part_off
755,USER,d75f5c29-a6d5-418a-8b4a-6b46ed450420,GROUP,36f8d7e6-64f3-4d42-9252-3e2533453b02,belong_to
755,GROUP,36f8d7e6-64f3-4d42-9252-3e2533453b02,USER,d75f5c29-a6d5-418a-8b4a-6b46ed450420,part_off
756,USER,b26798f4-40aa-4547-826e-bcaaf31c7a04,GROUP,3a40ffed-699c-41a4-8535-c633541b6105,belong_to
756,GROUP,3a40ffed-699c-41a4-8535-c633541b6105,USER,b26798f4-40aa-4547-826e-bcaaf31c7a04,part_off
757,USER,c32890ca-bb8f-4594-b9ad-918d6ac0033d,GROUP,122f4d4f-6f66-476a-b104-2f84a661172b,belong_to
757,GROUP,122f4d4f-6f66-476a-b104-2f84a661172b,USER,c32890ca-bb8f-4594-b9ad-918d6ac0033d,part_off
758,USER,d1864a4c-000a-43cd-925e-4c9faa8e7c7c,GROUP,38809de0-3d3a-496e-9bf7-6b3d29eb79a5,belong_to
758,GROUP,38809de0-3d3a-496e-9bf7-6b3d29eb79a5,USER,d1864a4c-000a-43cd-925e-4c9faa8e7c7c,part_off
759,USER,e5c78b3b-1dbf-42d8-accd-82094370d88d,GROUP,c1c833d8-3a3c-4717-bf04-fbfd2a882e38,belong_to
759,GROUP,c1c833d8-3a3c-4717-bf04-fbfd2a882e38,USER,e5c78b3b-1dbf-42d8-accd-82094370d88d,part_off
760,USER,40ce6057-5185-4a3c-9ba7-b4bf61bd7ab6,GROUP,4c24c416-7160-437a-8dfd-dc561cfae265,belong_to
760,GROUP,4c24c416-7160-437a-8dfd-dc561cfae265,USER,40ce6057-5185-4a3c-9ba7-b4bf61bd7ab6,part_off
761,USER,e7fccabd-6a1c-4729-97d9-08485066ae64,GROUP,116a7539-5b9d-4231-981e-a9519ba98207,belong_to
761,GROUP,116a7539-5b9d-4231-981e-a9519ba98207,USER,e7fccabd-6a1c-4729-97d9-08485066ae64,part_off
762,USER,b3905cc4-3ab5-4a59-95a5-0234c642ac05,GROUP,a5256cf0-efc8-4d91-9932-ac1f85f65088,belong_to
762,GROUP,a5256cf0-efc8-4d91-9932-ac1f85f65088,USER,b3905cc4-3ab5-4a59-95a5-0234c642ac05,part_off
763,USER,83bdcb7c-9ce8-4e85-83c2-c199e6c15949,GROUP,7bbec265-863d-4379-83f7-251e5bfa98e2,belong_to
763,GROUP,7bbec265-863d-4379-83f7-251e5bfa98e2,USER,83bdcb7c-9ce8-4e85-83c2-c199e6c15949,part_off
764,USER,823f0144-3fb9-4432-b0b2-92bdc7966f33,GROUP,2e557fdb-ade8-4b03-820e-5eb912cb66f0,belong_to
764,GROUP,2e557fdb-ade8-4b03-820e-5eb912cb66f0,USER,823f0144-3fb9-4432-b0b2-92bdc7966f33,part_off
765,USER,45318dea-8593-4b60-b4ca-7a7e28bd3c6f,GROUP,74fe4bd3-723e-4b61-92e0-b5a22bc5b506,belong_to
765,GROUP,74fe4bd3-723e-4b61-92e0-b5a22bc5b506,USER,45318dea-8593-4b60-b4ca-7a7e28bd3c6f,part_off
766,USER,c3803d63-4d7a-454d-b22f-f4fd37ecdc55,GROUP,fb262251-b316-4f36-aa65-fe4aa30b2644,belong_to
766,GROUP,fb262251-b316-4f36-aa65-fe4aa30b2644,USER,c3803d63-4d7a-454d-b22f-f4fd37ecdc55,part_off
767,USER,4097d576-876c-4e74-9ac2-8943380d0e5a,GROUP,2d4949c8-bf1e-43db-929f-4fddc70195b0,belong_to
767,GROUP,2d4949c8-bf1e-43db-929f-4fddc70195b0,USER,4097d576-876c-4e74-9ac2-8943380d0e5a,part_off
768,USER,8f41fb42-ca14-41d5-b91a-e7dbcbaf349a,GROUP,94417a35-6348-4416-9d47-d99438ac9f48,belong_to
768,GROUP,94417a35-6348-4416-9d47-d99438ac9f48,USER,8f41fb42-ca14-41d5-b91a-e7dbcbaf349a,part_off
769,USER,a2c054ac-961c-4a65-bd10-ba711a5c12a5,GROUP,55be1782-06c3-4d02-9fd4-a4d71ac710a1,belong_to
769,GROUP,55be1782-06c3-4d02-9fd4-a4d71ac710a1,USER,a2c054ac-961c-4a65-bd10-ba711a5c12a5,part_off
770,USER,6e3a6c52-f173-426c-a066-c3ddd9721e28,GROUP,4db747e1-c937-4b27-9a8b-53ba2b2bdac3,belong_to
770,GROUP,4db747e1-c937-4b27-9a8b-53ba2b2bdac3,USER,6e3a6c52-f173-426c-a066-c3ddd9721e28,part_off
771,USER,3c4127d3-0332-43b7-b08f-d7891797986c,GROUP,d0d0ef1c-9cdc-4364-8e38-afaa1250e4f7,belong_to
771,GROUP,d0d0ef1c-9cdc-4364-8e38-afaa1250e4f7,USER,3c4127d3-0332-43b7-b08f-d7891797986c,part_off
772,USER,22e73f3c-5d32-4c6b-8d33-ee34eee178a8,GROUP,6e810de8-2d61-4a87-86f8-37a78686a58f,belong_to
772,GROUP,6e810de8-2d61-4a87-86f8-37a78686a58f,USER,22e73f3c-5d32-4c6b-8d33-ee34eee178a8,part_off
773,USER,4eb97797-49eb-4942-b6e5-fc534ee8376b,GROUP,ba5b6e5a-8f1d-460c-aee3-4e22a9857578,belong_to
773,GROUP,ba5b6e5a-8f1d-460c-aee3-4e22a9857578,USER,4eb97797-49eb-4942-b6e5-fc534ee8376b,part_off
774,USER,ef118471-fd51-4df2-aebb-45acb7c0899d,GROUP,affd1781-e6ff-4020-86fc-e44b56636bc0,belong_to
774,GROUP,affd1781-e6ff-4020-86fc-e44b56636bc0,USER,ef118471-fd51-4df2-aebb-45acb7c0899d,part_off
775,USER,1da31133-45a2-4f00-98d0-45de948a40b3,GROUP,1ec845ef-a5f2-4402-8688-708ee3ea7c66,belong_to
775,GROUP,1ec845ef-a5f2-4402-8688-708ee3ea7c66,USER,1da31133-45a2-4f00-98d0-45de948a40b3,part_off
776,USER,769f433d-a1a3-4198-ba1d-d86cee941e68,GROUP,8ad1b49c-318b-4230-8d96-59647464ecee,belong_to
776,GROUP,8ad1b49c-318b-4230-8d96-59647464ecee,USER,769f433d-a1a3-4198-ba1d-d86cee941e68,part_off
777,USER,4ab6bcdd-3d51-4e6a-8c96-db1af6282d71,GROUP,8e6ca276-3d94-47e5-b6f5-ec8652ef54f5,belong_to
777,GROUP,8e6ca276-3d94-47e5-b6f5-ec8652ef54f5,USER,4ab6bcdd-3d51-4e6a-8c96-db1af6282d71,part_off
778,USER,0425638c-69ad-4106-8d7f-de62f9d87b4d,GROUP,20f634af-5e34-4a09-a7d4-65d630ab8759,belong_to
778,GROUP,20f634af-5e34-4a09-a7d4-65d630ab8759,USER,0425638c-69ad-4106-8d7f-de62f9d87b4d,part_off
779,USER,b9ea754a-38dd-412c-af01-e79883584fb3,GROUP,165fbc33-03e8-4302-8bc8-e32b4569a71c,belong_to
779,GROUP,165fbc33-03e8-4302-8bc8-e32b4569a71c,USER,b9ea754a-38dd-412c-af01-e79883584fb3,part_off
780,USER,cda0690a-82d2-48fb-8fc6-298b39c033d3,GROUP,acc0f4ae-eb37-46b7-96e5-10fe4abe33e1,belong_to
780,GROUP,acc0f4ae-eb37-46b7-96e5-10fe4abe33e1,USER,cda0690a-82d2-48fb-8fc6-298b39c033d3,part_off
781,USER,5b1c61c6-6232-438c-bd0e-49b9a70da6aa,GROUP,1e359891-9880-4639-bd9f-cf6349a75d8f,belong_to
781,GROUP,1e359891-9880-4639-bd9f-cf6349a75d8f,USER,5b1c61c6-6232-438c-bd0e-49b9a70da6aa,part_off
782,USER,883c7278-1c12-4d75-ab41-522afade62fb,GROUP,43cfa550-dfa2-4e9d-bb03-921f5e723a36,belong_to
782,GROUP,43cfa550-dfa2-4e9d-bb03-921f5e723a36,USER,883c7278-1c12-4d75-ab41-522afade62fb,part_off
783,USER,b20bbc36-74e0-4aa1-8d12-fa4a297bf027,GROUP,22829b00-9392-4297-a8c0-cb0c9703e6c1,belong_to
783,GROUP,22829b00-9392-4297-a8c0-cb0c9703e6c1,USER,b20bbc36-74e0-4aa1-8d12-fa4a297bf027,part_off
784,USER,9ed3dd37-ded0-46f2-87ae-dec52ce68bc0,GROUP,4a027190-6fb5-48fb-bcf8-087cc5524c85,belong_to
784,GROUP,4a027190-6fb5-48fb-bcf8-087cc5524c85,USER,9ed3dd37-ded0-46f2-87ae-dec52ce68bc0,part_off
785,USER,17f6c42c-23f7-4ad3-a2cc-8c41a30a8a9e,GROUP,635abad9-b712-4ec9-a5e4-ad9d61af6e6a,belong_to
785,GROUP,635abad9-b712-4ec9-a5e4-ad9d61af6e6a,USER,17f6c42c-23f7-4ad3-a2cc-8c41a30a8a9e,part_off
786,USER,7da13434-af7e-4581-a792-e7463984645c,GROUP,9c30a689-4bd4-46ea-b907-edf3f9fff5e2,belong_to
786,GROUP,9c30a689-4bd4-46ea-b907-edf3f9fff5e2,USER,7da13434-af7e-4581-a792-e7463984645c,part_off
787,USER,6d91b91c-58d8-4b62-8557-486396eadca3,GROUP,7e4454d0-4fb0-4ed2-937a-87e1aa4b2f73,belong_to
787,GROUP,7e4454d0-4fb0-4ed2-937a-87e1aa4b2f73,USER,6d91b91c-58d8-4b62-8557-486396eadca3,part_off
788,USER,668e2d97-78c3-4cfc-8cba-454e14eda0af,GROUP,f1f7ed5a-e133-4780-9403-df878e7ed8f9,belong_to
788,GROUP,f1f7ed5a-e133-4780-9403-df878e7ed8f9,USER,668e2d97-78c3-4cfc-8cba-454e14eda0af,part_off
789,USER,3729760c-2513-4421-aa63-cd26950918e9,GROUP,c67ba984-4760-4872-b07e-51a9d3466e76,belong_to
789,GROUP,c67ba984-4760-4872-b07e-51a9d3466e76,USER,3729760c-2513-4421-aa63-cd26950918e9,part_off
790,USER,f55d7853-1b92-4d93-b507-32ee501f74fe,GROUP,b70c335d-7647-4af1-9577-bce821df4ab3,belong_to
790,GROUP,b70c335d-7647-4af1-9577-bce821df4ab3,USER,f55d7853-1b92-4d93-b507-32ee501f74fe,part_off
791,USER,14bb9a98-cdad-40ed-9fc6-bfd2e8488a47,GROUP,5faa3b4d-6956-4cf3-abae-f7b8da80896b,belong_to
791,GROUP,5faa3b4d-6956-4cf3-abae-f7b8da80896b,USER,14bb9a98-cdad-40ed-9fc6-bfd2e8488a47,part_off
792,USER,763b9979-8451-4066-9281-04b2946336fc,GROUP,baa10094-8329-4619-8667-67d044ad2d7d,belong_to
792,GROUP,baa10094-8329-4619-8667-67d044ad2d7d,USER,763b9979-8451-4066-9281-04b2946336fc,part_off
793,USER,c98af795-33e3-46c7-bf94-8782c5436d52,GROUP,e56d2612-cbc7-4d74-a81f-aec5d25db002,belong_to
793,GROUP,e56d2612-cbc7-4d74-a81f-aec5d25db002,USER,c98af795-33e3-46c7-bf94-8782c5436d52,part_off
794,USER,c0206a1d-d9ec-4513-a5a9-20593624d21a,GROUP,92e20b5a-9e34-436c-b235-4ed72e5f2cdd,belong_to
794,GROUP,92e20b5a-9e34-436c-b235-4ed72e5f2cdd,USER,c0206a1d-d9ec-4513-a5a9-20593624d21a,part_off
795,USER,1b648115-fdae-4017-99f7-046cba4ad560,GROUP,5ea72b5e-a9b9-44e1-8100-a2c2afa61b9e,belong_to
795,GROUP,5ea72b5e-a9b9-44e1-8100-a2c2afa61b9e,USER,1b648115-fdae-4017-99f7-046cba4ad560,part_off
796,USER,3a740553-4630-48c8-a884-1ad86afb8c38,GROUP,4bc2f8a3-29a7-4e23-8d1b-032e2990aedf,belong_to
796,GROUP,4bc2f8a3-29a7-4e23-8d1b-032e2990aedf,USER,3a740553-4630-48c8-a884-1ad86afb8c38,part_off
797,USER,bbce72a9-4a0c-43ad-82b9-6e42857e2773,GROUP,1a8f58ef-aed1-4c31-b157-d4d2b8ed97ce,belong_to
797,GROUP,1a8f58ef-aed1-4c31-b157-d4d2b8ed97ce,USER,bbce72a9-4a0c-43ad-82b9-6e42857e2773,part_off
798,USER,2fe3afcb-dfa4-4668-8d18-104ccd2c123c,GROUP,49b53307-bc6e-40d9-81c6-bff16e8e5622,belong_to
798,GROUP,49b53307-bc6e-40d9-81c6-bff16e8e5622,USER,2fe3afcb-dfa4-4668-8d18-104ccd2c123c,part_off
799,USER,85e3af97-74dc-4699-8945-63042957f6c0,GROUP,07d373d6-a2d9-4482-ad05-2d8b9a234098,belong_to
799,GROUP,07d373d6-a2d9-4482-ad05-2d8b9a234098,USER,85e3af97-74dc-4699-8945-63042957f6c0,part_off
800,USER,dc29cada-5a92-47fc-8988-68b405e3fe20,GROUP,1540c18b-b46e-460d-b500-099ee1bab249,belong_to
800,GROUP,1540c18b-b46e-460d-b500-099ee1bab249,USER,dc29cada-5a92-47fc-8988-68b405e3fe20,part_off
801,USER,ac591c24-728a-435b-995d-2dc57f09d5a7,GROUP,68eba702-6f2f-4c63-a3a5-90bcd5207cff,belong_to
801,GROUP,68eba702-6f2f-4c63-a3a5-90bcd5207cff,USER,ac591c24-728a-435b-995d-2dc57f09d5a7,part_off
802,USER,316d7166-9118-40c9-a30b-71848fd32dd3,GROUP,c84b17a0-1ffe-4292-92f1-6c76db558f0b,belong_to
802,GROUP,c84b17a0-1ffe-4292-92f1-6c76db558f0b,USER,316d7166-9118-40c9-a30b-71848fd32dd3,part_off
803,USER,04f8c541-1072-48f1-8d78-a35a4900d8db,GROUP,94cbc416-3e4a-4cfe-b8c3-c7f5285a046a,belong_to
803,GROUP,94cbc416-3e4a-4cfe-b8c3-c7f5285a046a,USER,04f8c541-1072-48f1-8d78-a35a4900d8db,part_off
804,USER,f8c99258-1ad5-4c61-bf79-cd202d73225a,GROUP,4bc9db9e-df74-4f4a-b3d1-25579f6c480d,belong_to
804,GROUP,4bc9db9e-df74-4f4a-b3d1-25579f6c480d,USER,f8c99258-1ad5-4c61-bf79-cd202d73225a,part_off
805,USER,a41bcbbf-9de0-4184-aa0a-2a7a239414b3,GROUP,9c38e5a2-4b80-4c9f-9d6c-70328ddb191e,belong_to
805,GROUP,9c38e5a2-4b80-4c9f-9d6c-70328ddb191e,USER,a41bcbbf-9de0-4184-aa0a-2a7a239414b3,part_off
806,USER,ec1fc1d1-987b-4524-99bd-5a132c499492,GROUP,af8d1d96-f4ce-48d8-a2d9-fc9abb91ada1,belong_to
806,GROUP,af8d1d96-f4ce-48d8-a2d9-fc9abb91ada1,USER,ec1fc1d1-987b-4524-99bd-5a132c499492,part_off
807,USER,ce98d7b6-d60b-4674-810a-6e318e20a29b,GROUP,0e512e28-9a81-4f68-984d-3147cedde86f,belong_to
807,GROUP,0e512e28-9a81-4f68-984d-3147cedde86f,USER,ce98d7b6-d60b-4674-810a-6e318e20a29b,part_off
808,USER,fa410d45-3fd4-428a-bafd-708d8e558341,GROUP,22c4c941-9f56-4076-9311-5c2e60160e4a,belong_to
808,GROUP,22c4c941-9f56-4076-9311-5c2e60160e4a,USER,fa410d45-3fd4-428a-bafd-708d8e558341,part_off
809,USER,7b18d403-917a-4f89-b5a9-45710d13342a,GROUP,072ae58d-0eff-4e7c-8bd6-d26f1c35b35c,belong_to
809,GROUP,072ae58d-0eff-4e7c-8bd6-d26f1c35b35c,USER,7b18d403-917a-4f89-b5a9-45710d13342a,part_off
810,USER,7abef9ea-cd3a-48e8-a6d2-7b7619a4d224,GROUP,a85194ee-9d39-4179-abcc-b3b183e35106,belong_to
810,GROUP,a85194ee-9d39-4179-abcc-b3b183e35106,USER,7abef9ea-cd3a-48e8-a6d2-7b7619a4d224,part_off
811,USER,74231cfe-eded-4b89-95e6-abe495e63b61,GROUP,50c89f79-23b0-4130-8a66-edb7c9422ead,belong_to
811,GROUP,50c89f79-23b0-4130-8a66-edb7c9422ead,USER,74231cfe-eded-4b89-95e6-abe495e63b61,part_off
812,USER,15c5c972-c85a-4b82-8741-09931f34b144,GROUP,b2c7d47e-e31f-4408-aa3f-8786710a68db,belong_to
812,GROUP,b2c7d47e-e31f-4408-aa3f-8786710a68db,USER,15c5c972-c85a-4b82-8741-09931f34b144,part_off
813,USER,5e800e88-e693-4572-98c9-44804dad545e,GROUP,6254123d-490f-447e-87f8-2850106cb03b,belong_to
813,GROUP,6254123d-490f-447e-87f8-2850106cb03b,USER,5e800e88-e693-4572-98c9-44804dad545e,part_off
814,USER,ef175bb1-b20a-44de-aeee-f9c1efeabfd0,GROUP,2c59cf20-9b84-4990-93ce-f6d5b86fab2a,belong_to
814,GROUP,2c59cf20-9b84-4990-93ce-f6d5b86fab2a,USER,ef175bb1-b20a-44de-aeee-f9c1efeabfd0,part_off
815,USER,8de541b7-6605-4ab2-b913-b2566fcf5796,GROUP,73c0b099-53fb-4143-9623-3a1b1929973c,belong_to
815,GROUP,73c0b099-53fb-4143-9623-3a1b1929973c,USER,8de541b7-6605-4ab2-b913-b2566fcf5796,part_off
816,USER,564ab4bd-4d9e-4bdf-a6fb-883fca7fd4d8,GROUP,e7330b62-5753-4a44-9159-f2a952bd5a97,belong_to
816,GROUP,e7330b62-5753-4a44-9159-f2a952bd5a97,USER,564ab4bd-4d9e-4bdf-a6fb-883fca7fd4d8,part_off
817,USER,315e454c-8fdd-4594-88d3-c14c1844b316,GROUP,6cb2e3b3-4b13-4f0d-81b0-3530f7a195e0,belong_to
817,GROUP,6cb2e3b3-4b13-4f0d-81b0-3530f7a195e0,USER,315e454c-8fdd-4594-88d3-c14c1844b316,part_off
818,USER,9820c478-7624-4d28-9f2f-eb0665156bda,GROUP,8c68d6f2-ef6c-4918-8b2c-9f2abee09d3d,belong_to
818,GROUP,8c68d6f2-ef6c-4918-8b2c-9f2abee09d3d,USER,9820c478-7624-4d28-9f2f-eb0665156bda,part_off
819,USER,8027b648-f948-4cf5-84c4-e6c73a2d44bc,GROUP,61440bcd-4dde-4a50-b259-d79dfee5e597,belong_to
819,GROUP,61440bcd-4dde-4a50-b259-d79dfee5e597,USER,8027b648-f948-4cf5-84c4-e6c73a2d44bc,part_off
820,USER,aa735e50-4f34-461b-9f9a-662a006ee289,GROUP,5ea1203d-396e-4c75-83ab-fd77c98897f2,belong_to
820,GROUP,5ea1203d-396e-4c75-83ab-fd77c98897f2,USER,aa735e50-4f34-461b-9f9a-662a006ee289,part_off
821,USER,f2add115-bfb7-46b2-becc-2a4a03b9b2ae,GROUP,e27ffe10-ea58-4b47-b045-97aeb84e36c2,belong_to
821,GROUP,e27ffe10-ea58-4b47-b045-97aeb84e36c2,USER,f2add115-bfb7-46b2-becc-2a4a03b9b2ae,part_off
822,USER,43b21bf3-f414-414a-b0db-6e636d8d6b60,GROUP,cda1eb18-c956-45df-b225-e3d6278f5fdf,belong_to
822,GROUP,cda1eb18-c956-45df-b225-e3d6278f5fdf,USER,43b21bf3-f414-414a-b0db-6e636d8d6b60,part_off
823,USER,fad07281-7ed2-4458-b7ef-fb935f989da6,GROUP,50587965-7939-4f64-ab99-176a39060b24,belong_to
823,GROUP,50587965-7939-4f64-ab99-176a39060b24,USER,fad07281-7ed2-4458-b7ef-fb935f989da6,part_off
824,USER,f99908ee-901a-49c5-8825-277a40ac0ba2,GROUP,fb6746fa-602f-4097-970e-d51997de7991,belong_to
824,GROUP,fb6746fa-602f-4097-970e-d51997de7991,USER,f99908ee-901a-49c5-8825-277a40ac0ba2,part_off
825,USER,d6dd2ad5-6fd6-4c6f-a0b0-b18583cfc28a,GROUP,855405e4-02e2-40be-82d1-82a10a0d80cb,belong_to
825,GROUP,855405e4-02e2-40be-82d1-82a10a0d80cb,USER,d6dd2ad5-6fd6-4c6f-a0b0-b18583cfc28a,part_off
826,USER,f14daa42-f8e8-4d19-9f23-330317ba9dd2,GROUP,6398bd4f-170a-4726-88a3-7b8ac467efa6,belong_to
826,GROUP,6398bd4f-170a-4726-88a3-7b8ac467efa6,USER,f14daa42-f8e8-4d19-9f23-330317ba9dd2,part_off
827,USER,71c1e6e6-47de-4194-ba1e-9d444fd6608b,GROUP,83ba53a4-86aa-4f11-acf2-29eb3e50a975,belong_to
827,GROUP,83ba53a4-86aa-4f11-acf2-29eb3e50a975,USER,71c1e6e6-47de-4194-ba1e-9d444fd6608b,part_off
828,USER,93f47573-203a-4b95-8fb2-872c539bd7c6,GROUP,3b3a94e6-9ba1-488c-b9b1-3783c1d6d50b,belong_to
828,GROUP,3b3a94e6-9ba1-488c-b9b1-3783c1d6d50b,USER,93f47573-203a-4b95-8fb2-872c539bd7c6,part_off
829,USER,013c2641-c92a-4a70-9777-8b4c22b99097,GROUP,10c6d150-e774-40ec-8878-8dc33d3807fd,belong_to
829,GROUP,10c6d150-e774-40ec-8878-8dc33d3807fd,USER,013c2641-c92a-4a70-9777-8b4c22b99097,part_off
830,USER,58b1b3e5-8478-4016-abe8-046a39ff784b,GROUP,56efe128-530a-4166-ab52-bab8e1f1f31d,belong_to
830,GROUP,56efe128-530a-4166-ab52-bab8e1f1f31d,USER,58b1b3e5-8478-4016-abe8-046a39ff784b,part_off
831,USER,d6dd7e38-4461-4ea5-88ea-97c7e2e0c7a0,GROUP,88d7fd90-c162-4bf4-b3de-88b77d347fdf,belong_to
831,GROUP,88d7fd90-c162-4bf4-b3de-88b77d347fdf,USER,d6dd7e38-4461-4ea5-88ea-97c7e2e0c7a0,part_off
832,USER,b69c70e4-c5de-41c6-aac7-cbe267b62e5f,GROUP,c5953961-f34d-4eca-8459-0204c7e11771,belong_to
832,GROUP,c5953961-f34d-4eca-8459-0204c7e11771,USER,b69c70e4-c5de-41c6-aac7-cbe267b62e5f,part_off
833,USER,f2825934-52ad-4e29-850c-d755bb868428,GROUP,a528d697-cadd-44ea-8cd1-0f22003f3b3c,belong_to
833,GROUP,a528d697-cadd-44ea-8cd1-0f22003f3b3c,USER,f2825934-52ad-4e29-850c-d755bb868428,part_off
834,USER,d4d3eb88-ec39-422a-a5f8-79a47eb8b6ed,GROUP,d0915da6-4978-47be-be08-685eff2c5fb7,belong_to
834,GROUP,d0915da6-4978-47be-be08-685eff2c5fb7,USER,d4d3eb88-ec39-422a-a5f8-79a47eb8b6ed,part_off
835,USER,aceef600-0273-49a4-9697-0bcba2429af3,GROUP,73811791-d7b6-46f3-aaae-d6ae499e2edf,belong_to
835,GROUP,73811791-d7b6-46f3-aaae-d6ae499e2edf,USER,aceef600-0273-49a4-9697-0bcba2429af3,part_off
836,USER,4b86388c-8a4f-402d-abee-a8bab34e3d8d,GROUP,bb42cbfc-162b-4184-b95d-90c8020b76bc,belong_to
836,GROUP,bb42cbfc-162b-4184-b95d-90c8020b76bc,USER,4b86388c-8a4f-402d-abee-a8bab34e3d8d,part_off
837,USER,8db6ec28-4413-48c0-b938-7b6a7568e37f,GROUP,f8a43b3b-17a8-4756-83e7-a5f40ca3ab36,belong_to
837,GROUP,f8a43b3b-17a8-4756-83e7-a5f40ca3ab36,USER,8db6ec28-4413-48c0-b938-7b6a7568e37f,part_off
838,USER,1fcaf359-1400-4cdb-a0ab-2bac5326171a,GROUP,260cb15b-33b2-406b-bf6d-59631d6785f5,belong_to
838,GROUP,260cb15b-33b2-406b-bf6d-59631d6785f5,USER,1fcaf359-1400-4cdb-a0ab-2bac5326171a,part_off
839,USER,ee29fbd0-551a-427f-aa59-fb178914ba28,GROUP,98a93771-f38a-454a-a12d-f6fec21f984a,belong_to
839,GROUP,98a93771-f38a-454a-a12d-f6fec21f984a,USER,ee29fbd0-551a-427f-aa59-fb178914ba28,part_off
840,USER,a6698bfd-1156-417c-b4b2-020ae21ee04b,GROUP,623227f7-a76e-4269-b731-d4fd59de3daa,belong_to
840,GROUP,623227f7-a76e-4269-b731-d4fd59de3daa,USER,a6698bfd-1156-417c-b4b2-020ae21ee04b,part_off
841,USER,172e1053-d17b-4ad3-a3ae-8c0f0859e343,GROUP,882707a1-7cdf-495d-8d40-d849ec2ace48,belong_to
841,GROUP,882707a1-7cdf-495d-8d40-d849ec2ace48,USER,172e1053-d17b-4ad3-a3ae-8c0f0859e343,part_off
842,USER,04b34479-30d6-422c-a0bf-694737938b51,GROUP,57af8d4e-5515-4ef4-a077-d7e47c8ef4f7,belong_to
842,GROUP,57af8d4e-5515-4ef4-a077-d7e47c8ef4f7,USER,04b34479-30d6-422c-a0bf-694737938b51,part_off
843,USER,9f2c88bb-a4c7-4921-951e-180928fb7185,GROUP,5dabecc0-be32-4305-ad4d-9b290875952f,belong_to
843,GROUP,5dabecc0-be32-4305-ad4d-9b290875952f,USER,9f2c88bb-a4c7-4921-951e-180928fb7185,part_off
844,USER,7e991ced-990a-4893-a87b-3fab40866875,GROUP,55f9deed-50dd-4b2d-918c-240bc29583a4,belong_to
844,GROUP,55f9deed-50dd-4b2d-918c-240bc29583a4,USER,7e991ced-990a-4893-a87b-3fab40866875,part_off
845,USER,41e2880f-caf3-4bd5-a037-2d717d646509,GROUP,f4860698-8086-4aaf-b8fd-85189ee9f376,belong_to
845,GROUP,f4860698-8086-4aaf-b8fd-85189ee9f376,USER,41e2880f-caf3-4bd5-a037-2d717d646509,part_off
846,USER,02ac6bc8-7101-4cca-9d81-335075b798fd,GROUP,f5c9dfe5-7396-4413-a093-19ca4e62a9a4,belong_to
846,GROUP,f5c9dfe5-7396-4413-a093-19ca4e62a9a4,USER,02ac6bc8-7101-4cca-9d81-335075b798fd,part_off
847,USER,555d5955-bd1d-43a5-bfec-2b679af4a082,GROUP,e2d8c28c-79ab-448f-b8ea-5ae3470f9c79,belong_to
847,GROUP,e2d8c28c-79ab-448f-b8ea-5ae3470f9c79,USER,555d5955-bd1d-43a5-bfec-2b679af4a082,part_off
848,USER,20ab8d1f-a6bf-42f6-bcee-69c5cd4af9b0,GROUP,ceda1b8a-96c5-4439-a197-2736ec0bb4f5,belong_to
848,GROUP,ceda1b8a-96c5-4439-a197-2736ec0bb4f5,USER,20ab8d1f-a6bf-42f6-bcee-69c5cd4af9b0,part_off
849,USER,4b887640-8c8c-4b0f-afc3-3f6c5c98e3d5,GROUP,92b28df5-c509-4d65-9716-c81783086fef,belong_to
849,GROUP,92b28df5-c509-4d65-9716-c81783086fef,USER,4b887640-8c8c-4b0f-afc3-3f6c5c98e3d5,part_off
850,USER,c746b34b-71a1-4c7b-810a-cba2c5622c3d,GROUP,28fc2bd0-7727-4906-af63-04447590a878,belong_to
850,GROUP,28fc2bd0-7727-4906-af63-04447590a878,USER,c746b34b-71a1-4c7b-810a-cba2c5622c3d,part_off
851,USER,f00c636f-d38e-407e-9965-249d9574f9fc,GROUP,e00829f3-06cf-4309-b3c4-a40e51f2b0e3,belong_to
851,GROUP,e00829f3-06cf-4309-b3c4-a40e51f2b0e3,USER,f00c636f-d38e-407e-9965-249d9574f9fc,part_off
852,USER,28eaf658-9697-412f-a9e7-f56e149229c4,GROUP,777aea33-4abf-44f5-ad87-d2dcf54d4763,belong_to
852,GROUP,777aea33-4abf-44f5-ad87-d2dcf54d4763,USER,28eaf658-9697-412f-a9e7-f56e149229c4,part_off
853,USER,2ef029d4-e771-43cb-bf4c-eac66b93b3d0,GROUP,b3cd8b38-8be9-441e-abd3-f9a75c2289b5,belong_to
853,GROUP,b3cd8b38-8be9-441e-abd3-f9a75c2289b5,USER,2ef029d4-e771-43cb-bf4c-eac66b93b3d0,part_off
854,USER,32122ac7-d955-4055-842d-e534a80aa025,GROUP,54c86d9b-36ff-486e-b191-24b47e904b64,belong_to
854,GROUP,54c86d9b-36ff-486e-b191-24b47e904b64,USER,32122ac7-d955-4055-842d-e534a80aa025,part_off
855,USER,ef7bbfb7-7b29-4011-ae3f-9c3cbd974b02,GROUP,9418ab77-e93c-4cae-8ba0-dbcfa4b78f32,belong_to
855,GROUP,9418ab77-e93c-4cae-8ba0-dbcfa4b78f32,USER,ef7bbfb7-7b29-4011-ae3f-9c3cbd974b02,part_off
856,USER,84a440b9-d657-4ab7-baa6-0975db588071,GROUP,860361b2-fb1f-447a-9718-002723fb6916,belong_to
856,GROUP,860361b2-fb1f-447a-9718-002723fb6916,USER,84a440b9-d657-4ab7-baa6-0975db588071,part_off
857,USER,0804cb7a-bdcb-4d68-90d0-32ff7a148806,GROUP,83ee677c-f972-4bef-822e-e685b489c1d5,belong_to
857,GROUP,83ee677c-f972-4bef-822e-e685b489c1d5,USER,0804cb7a-bdcb-4d68-90d0-32ff7a148806,part_off
858,USER,bcec5204-68b0-49c8-8565-9e9653ecb31e,GROUP,f3b1c2b9-a771-4694-9143-4b1f417a8f15,belong_to
858,GROUP,f3b1c2b9-a771-4694-9143-4b1f417a8f15,USER,bcec5204-68b0-49c8-8565-9e9653ecb31e,part_off
859,USER,1fd81a1e-09aa-4eee-a3f0-44d0f21725f5,GROUP,4b28a6f7-0f7a-4d20-a654-1eff40d28242,belong_to
859,GROUP,4b28a6f7-0f7a-4d20-a654-1eff40d28242,USER,1fd81a1e-09aa-4eee-a3f0-44d0f21725f5,part_off
860,USER,f9bfeb11-f6ab-4283-b194-e38c174790be,GROUP,d459d754-8873-4e02-b8d1-59f61762efaa,belong_to
860,GROUP,d459d754-8873-4e02-b8d1-59f61762efaa,USER,f9bfeb11-f6ab-4283-b194-e38c174790be,part_off
861,USER,faac4676-2db6-469e-8f3d-b607e3d666b4,GROUP,2f509ee8-ec7b-4448-b7cb-c296a7a2bd61,belong_to
861,GROUP,2f509ee8-ec7b-4448-b7cb-c296a7a2bd61,USER,faac4676-2db6-469e-8f3d-b607e3d666b4,part_off
862,USER,67a42e48-6d47-4450-ab42-82dae51dca21,GROUP,2fd18902-17ad-4dab-a979-f24511d2b287,belong_to
862,GROUP,2fd18902-17ad-4dab-a979-f24511d2b287,USER,67a42e48-6d47-4450-ab42-82dae51dca21,part_off
863,USER,14ed960a-4a14-4b7d-b72a-e05a0f541fd5,GROUP,3fe50b12-6d33-47d9-b824-b11c6d6c68d4,belong_to
863,GROUP,3fe50b12-6d33-47d9-b824-b11c6d6c68d4,USER,14ed960a-4a14-4b7d-b72a-e05a0f541fd5,part_off
864,USER,6f2f7d0c-1af8-4533-b736-d05ea88d41f1,GROUP,46a64741-712c-46dd-8fdc-c066929e1e35,belong_to
864,GROUP,46a64741-712c-46dd-8fdc-c066929e1e35,USER,6f2f7d0c-1af8-4533-b736-d05ea88d41f1,part_off
865,USER,ee60369c-448e-4440-bb7c-2d0a60cab53a,GROUP,be559033-7857-4100-800f-0f7f1b7581da,belong_to
865,GROUP,be559033-7857-4100-800f-0f7f1b7581da,USER,ee60369c-448e-4440-bb7c-2d0a60cab53a,part_off
866,USER,68337eb0-1357-4a44-a7eb-1769d0e4e392,GROUP,f6095f8a-ae8c-4831-8f6f-1098758a73a1,belong_to
866,GROUP,f6095f8a-ae8c-4831-8f6f-1098758a73a1,USER,68337eb0-1357-4a44-a7eb-1769d0e4e392,part_off
867,USER,834833d8-a242-493e-80ab-ae4317902562,GROUP,6c91a8c5-c7ec-4bac-bf89-aeac308a70d4,belong_to
867,GROUP,6c91a8c5-c7ec-4bac-bf89-aeac308a70d4,USER,834833d8-a242-493e-80ab-ae4317902562,part_off
868,USER,6d5443a0-e8e7-4ca7-9cdd-37da68c79bb4,GROUP,3dbc99f3-e8b5-4900-b5f1-0cfdf1bff1eb,belong_to
868,GROUP,3dbc99f3-e8b5-4900-b5f1-0cfdf1bff1eb,USER,6d5443a0-e8e7-4ca7-9cdd-37da68c79bb4,part_off
869,USER,24ee8ef4-7263-421a-93cd-78ed660581fc,GROUP,cc5f5dc0-dd1b-485c-9235-280470418f43,belong_to
869,GROUP,cc5f5dc0-dd1b-485c-9235-280470418f43,USER,24ee8ef4-7263-421a-93cd-78ed660581fc,part_off
870,USER,e7ff3cc3-d74c-43fa-a615-14a09d25dbb8,GROUP,334a13c9-583e-49c7-b1ba-09c4fdcccea6,belong_to
870,GROUP,334a13c9-583e-49c7-b1ba-09c4fdcccea6,USER,e7ff3cc3-d74c-43fa-a615-14a09d25dbb8,part_off
871,USER,32bbe2f5-7269-44f7-95a3-802662ddbca4,GROUP,af1fe939-374c-4272-8865-07b889c6a52f,belong_to
871,GROUP,af1fe939-374c-4272-8865-07b889c6a52f,USER,32bbe2f5-7269-44f7-95a3-802662ddbca4,part_off
872,USER,1ef71b72-9e2d-4be3-83ae-dd6ba8313814,GROUP,accf4f78-9189-46d1-b243-a55821567f7e,belong_to
872,GROUP,accf4f78-9189-46d1-b243-a55821567f7e,USER,1ef71b72-9e2d-4be3-83ae-dd6ba8313814,part_off
873,USER,8d2c650d-cfee-4784-8586-da2b75c8ec6b,GROUP,2542f8f2-9a0a-47f1-b2d0-45be5745b7d9,belong_to
873,GROUP,2542f8f2-9a0a-47f1-b2d0-45be5745b7d9,USER,8d2c650d-cfee-4784-8586-da2b75c8ec6b,part_off
874,USER,573a4279-dd21-4f25-a824-bc6e4b72bee2,GROUP,836b014c-0d67-4683-8db6-89235fe09762,belong_to
874,GROUP,836b014c-0d67-4683-8db6-89235fe09762,USER,573a4279-dd21-4f25-a824-bc6e4b72bee2,part_off
875,USER,315a9c45-0e38-468a-a484-a4d9df72cdbe,GROUP,98ef7bbf-63b6-4035-a0df-0751a304defd,belong_to
875,GROUP,98ef7bbf-63b6-4035-a0df-0751a304defd,USER,315a9c45-0e38-468a-a484-a4d9df72cdbe,part_off
876,USER,4b33925d-c4bb-4090-ac30-87f56f7e5fa2,GROUP,8b3baf58-2c55-434e-8455-cfa8ccfc0567,belong_to
876,GROUP,8b3baf58-2c55-434e-8455-cfa8ccfc0567,USER,4b33925d-c4bb-4090-ac30-87f56f7e5fa2,part_off
877,USER,49428779-ff6a-4187-aec5-e22c0337a875,GROUP,9847fb2b-aaec-4fca-a82b-ae7303889b89,belong_to
877,GROUP,9847fb2b-aaec-4fca-a82b-ae7303889b89,USER,49428779-ff6a-4187-aec5-e22c0337a875,part_off
878,USER,bdb479ee-d878-4b0f-a2e7-abdfcaa2b889,GROUP,5c1d14bd-15f5-4e7b-88bd-2a9c717e257b,belong_to
878,GROUP,5c1d14bd-15f5-4e7b-88bd-2a9c717e257b,USER,bdb479ee-d878-4b0f-a2e7-abdfcaa2b889,part_off
879,USER,2c0ccb67-0e4d-4b85-989f-8e5f2b3f858a,GROUP,b4585a2b-7b6d-428f-a8d7-e15af5f41ac6,belong_to
879,GROUP,b4585a2b-7b6d-428f-a8d7-e15af5f41ac6,USER,2c0ccb67-0e4d-4b85-989f-8e5f2b3f858a,part_off
880,USER,f5e202f3-aa86-4a0f-a6dd-6930bdbfb628,GROUP,d4e37e65-aa3d-49bf-a850-6a149c3378de,belong_to
880,GROUP,d4e37e65-aa3d-49bf-a850-6a149c3378de,USER,f5e202f3-aa86-4a0f-a6dd-6930bdbfb628,part_off
881,USER,66563dd2-fd3d-49c4-899a-458b398ba3b9,GROUP,0749f81c-c57f-45d0-b31d-82a3fdf4f014,belong_to
881,GROUP,0749f81c-c57f-45d0-b31d-82a3fdf4f014,USER,66563dd2-fd3d-49c4-899a-458b398ba3b9,part_off
882,USER,8d0dd414-1781-41c7-84ef-8001fab11b18,GROUP,fea0e8fe-c7b6-44ec-9685-b850af135b1a,belong_to
882,GROUP,fea0e8fe-c7b6-44ec-9685-b850af135b1a,USER,8d0dd414-1781-41c7-84ef-8001fab11b18,part_off
883,USER,ce543efd-805c-44b5-a485-36fdb48eaf29,GROUP,02e1008d-cead-48f5-8f8c-6245e043ea68,belong_to
883,GROUP,02e1008d-cead-48f5-8f8c-6245e043ea68,USER,ce543efd-805c-44b5-a485-36fdb48eaf29,part_off
884,USER,cf77187e-2cba-4071-b34f-8201abe03d31,GROUP,91a59f5e-329a-4c68-a6a2-ac456dd68b05,belong_to
884,GROUP,91a59f5e-329a-4c68-a6a2-ac456dd68b05,USER,cf77187e-2cba-4071-b34f-8201abe03d31,part_off
885,USER,4bff36a4-8177-4a6d-a159-a0574cbf705f,GROUP,7c1a1e2f-bdd4-4b52-8d2d-a1579b743c40,belong_to
885,GROUP,7c1a1e2f-bdd4-4b52-8d2d-a1579b743c40,USER,4bff36a4-8177-4a6d-a159-a0574cbf705f,part_off
886,USER,1797713c-3a54-41a4-b4f5-55c606f4064c,GROUP,b652c978-3192-4955-b25a-2e0d8f28c213,belong_to
886,GROUP,b652c978-3192-4955-b25a-2e0d8f28c213,USER,1797713c-3a54-41a4-b4f5-55c606f4064c,part_off
887,USER,b791aa65-28f7-4b37-88c0-7c7d6383cd16,GROUP,38c3e445-b32d-4ba9-98ca-1882d9cf5d68,belong_to
887,GROUP,38c3e445-b32d-4ba9-98ca-1882d9cf5d68,USER,b791aa65-28f7-4b37-88c0-7c7d6383cd16,part_off
888,USER,273476d5-d746-48c5-b5da-1d93ea699654,GROUP,d689fe8e-e453-477e-81ac-8a4f96303813,belong_to
888,GROUP,d689fe8e-e453-477e-81ac-8a4f96303813,USER,273476d5-d746-48c5-b5da-1d93ea699654,part_off
889,USER,03871b4f-0e42-4102-91f5-279edf2b520b,GROUP,3b569d70-7045-4d62-956b-57ee7f20f45c,belong_to
889,GROUP,3b569d70-7045-4d62-956b-57ee7f20f45c,USER,03871b4f-0e42-4102-91f5-279edf2b520b,part_off
890,USER,87c35225-a0f9-4876-b8db-1d602fc01f5d,GROUP,f184fabd-47e2-4c44-9990-22b593a8fea0,belong_to
890,GROUP,f184fabd-47e2-4c44-9990-22b593a8fea0,USER,87c35225-a0f9-4876-b8db-1d602fc01f5d,part_off
891,USER,12dac280-c43c-44ab-b862-11b8042ac9c4,GROUP,4a834255-5db7-4e1b-88e0-6120e227e173,belong_to
891,GROUP,4a834255-5db7-4e1b-88e0-6120e227e173,USER,12dac280-c43c-44ab-b862-11b8042ac9c4,part_off
892,USER,22c5bb36-4c72-4044-9dbb-afd670f09baa,GROUP,857ff189-d437-44f4-92cf-a5b1f8eab83e,belong_to
892,GROUP,857ff189-d437-44f4-92cf-a5b1f8eab83e,USER,22c5bb36-4c72-4044-9dbb-afd670f09baa,part_off
893,USER,80dc8c02-e8ac-40a9-a5ef-f2fc9e264b54,GROUP,105d61ab-363d-464f-951d-92cef5cecdec,belong_to
893,GROUP,105d61ab-363d-464f-951d-92cef5cecdec,USER,80dc8c02-e8ac-40a9-a5ef-f2fc9e264b54,part_off
894,USER,c72a5361-0fdb-4ecf-88b5-81e981ad0dd8,GROUP,7175132f-138f-40d6-84d0-6e8a4c26a9a1,belong_to
894,GROUP,7175132f-138f-40d6-84d0-6e8a4c26a9a1,USER,c72a5361-0fdb-4ecf-88b5-81e981ad0dd8,part_off
895,USER,5cf66d0b-c9d3-431d-8724-21b0e06b8164,GROUP,e50e4b03-1b27-4d52-8ba4-dca430269741,belong_to
895,GROUP,e50e4b03-1b27-4d52-8ba4-dca430269741,USER,5cf66d0b-c9d3-431d-8724-21b0e06b8164,part_off
896,USER,41c30276-f189-4599-9cea-7444e1ee3db3,GROUP,5ffe559b-03e2-4f88-9109-141212892920,belong_to
896,GROUP,5ffe559b-03e2-4f88-9109-141212892920,USER,41c30276-f189-4599-9cea-7444e1ee3db3,part_off
897,USER,5b7717d9-80f9-4564-82c8-a3d85cd01cdd,GROUP,8054959c-c442-4648-ac73-378f360a0747,belong_to
897,GROUP,8054959c-c442-4648-ac73-378f360a0747,USER,5b7717d9-80f9-4564-82c8-a3d85cd01cdd,part_off
898,USER,836663e3-78d1-4a50-bf0b-8d85348d6ed6,GROUP,379151d1-4fef-43d1-9e7f-3eff40ef7fcd,belong_to
898,GROUP,379151d1-4fef-43d1-9e7f-3eff40ef7fcd,USER,836663e3-78d1-4a50-bf0b-8d85348d6ed6,part_off
899,USER,5ce81770-0858-4c5e-9323-d9d1f229de01,GROUP,ba7f0a80-1f02-49dc-9c2d-e05ae319b245,belong_to
899,GROUP,ba7f0a80-1f02-49dc-9c2d-e05ae319b245,USER,5ce81770-0858-4c5e-9323-d9d1f229de01,part_off
900,USER,46609007-7c57-4282-984b-a536750056b4,GROUP,1bb67fad-954e-43d2-801d-311135ead2b9,belong_to
900,GROUP,1bb67fad-954e-43d2-801d-311135ead2b9,USER,46609007-7c57-4282-984b-a536750056b4,part_off
901,USER,f56ede00-7d95-4555-af78-5fd8f32ac8cb,GROUP,1f3c9d65-273c-43d7-a69d-02911229b895,belong_to
901,GROUP,1f3c9d65-273c-43d7-a69d-02911229b895,USER,f56ede00-7d95-4555-af78-5fd8f32ac8cb,part_off
902,USER,224aa376-25b9-433d-8a4e-4a38c3358c67,GROUP,a125ebd1-da9d-43b8-ba79-edcf1ce95872,belong_to
902,GROUP,a125ebd1-da9d-43b8-ba79-edcf1ce95872,USER,224aa376-25b9-433d-8a4e-4a38c3358c67,part_off
903,USER,274d1d3d-b156-48cb-a353-943518a10946,GROUP,f59c0823-b704-441a-91da-95925ff1840e,belong_to
903,GROUP,f59c0823-b704-441a-91da-95925ff1840e,USER,274d1d3d-b156-48cb-a353-943518a10946,part_off
904,USER,06067966-21e9-4f15-8a1b-8772038940b5,GROUP,449654f5-173f-4d0b-9676-006abc1783ff,belong_to
904,GROUP,449654f5-173f-4d0b-9676-006abc1783ff,USER,06067966-21e9-4f15-8a1b-8772038940b5,part_off
905,USER,0363ef91-748e-4f77-baa4-cc37667255ab,GROUP,81b085cd-244c-41ac-ad61-b78c7c1dbce6,belong_to
905,GROUP,81b085cd-244c-41ac-ad61-b78c7c1dbce6,USER,0363ef91-748e-4f77-baa4-cc37667255ab,part_off
906,USER,883a143f-acd1-4bb4-964a-0516356133f3,GROUP,e34ff72b-1bf4-4e1d-b59c-1c50ce4b40fe,belong_to
906,GROUP,e34ff72b-1bf4-4e1d-b59c-1c50ce4b40fe,USER,883a143f-acd1-4bb4-964a-0516356133f3,part_off
907,USER,c685b03f-b8a5-4f13-85c3-9cf8c1395cab,GROUP,04fc1532-8182-4b74-90fc-e0e63f9911c6,belong_to
907,GROUP,04fc1532-8182-4b74-90fc-e0e63f9911c6,USER,c685b03f-b8a5-4f13-85c3-9cf8c1395cab,part_off
908,USER,c4013ccb-f140-465d-b54b-12e37ecfedb6,GROUP,75c98854-c511-4465-9f0e-f5f0a3a8808c,belong_to
908,GROUP,75c98854-c511-4465-9f0e-f5f0a3a8808c,USER,c4013ccb-f140-465d-b54b-12e37ecfedb6,part_off
909,USER,f0ea65d6-b3c9-400a-a5d5-63420a52ad31,GROUP,e73d6e54-b293-43c1-9a0d-ed66e5dc3fa4,belong_to
909,GROUP,e73d6e54-b293-43c1-9a0d-ed66e5dc3fa4,USER,f0ea65d6-b3c9-400a-a5d5-63420a52ad31,part_off
910,USER,f5acccd0-f037-41af-8682-7d1ce0baa87b,GROUP,21bfa440-f75f-4ef0-be22-a7e7ee9622ec,belong_to
910,GROUP,21bfa440-f75f-4ef0-be22-a7e7ee9622ec,USER,f5acccd0-f037-41af-8682-7d1ce0baa87b,part_off
911,USER,6e4cb4d7-ce4d-4aa7-a32f-00a83c060c30,GROUP,8995d594-fa78-43ab-bef0-3f8fb66b743a,belong_to
911,GROUP,8995d594-fa78-43ab-bef0-3f8fb66b743a,USER,6e4cb4d7-ce4d-4aa7-a32f-00a83c060c30,part_off
912,USER,19092d79-c718-4140-94c4-7dc1b692d165,GROUP,a9ecbc39-6fd1-45b3-85d5-afd7b35a1297,belong_to
912,GROUP,a9ecbc39-6fd1-45b3-85d5-afd7b35a1297,USER,19092d79-c718-4140-94c4-7dc1b692d165,part_off
913,USER,e05e6e1d-d713-48cc-acad-5bb19dcf5d52,GROUP,cbd29807-b828-4c27-8121-4b5c8639eeb6,belong_to
913,GROUP,cbd29807-b828-4c27-8121-4b5c8639eeb6,USER,e05e6e1d-d713-48cc-acad-5bb19dcf5d52,part_off
914,USER,b35ce728-2811-4d7f-9507-1efb99133573,GROUP,6c4ae014-626a-4b67-b043-345db7a6fbd0,belong_to
914,GROUP,6c4ae014-626a-4b67-b043-345db7a6fbd0,USER,b35ce728-2811-4d7f-9507-1efb99133573,part_off
915,USER,fbf76aae-361a-4786-bf81-a6738fbc056f,GROUP,dc0ab999-6deb-4bf2-a393-3200e9bfbc23,belong_to
915,GROUP,dc0ab999-6deb-4bf2-a393-3200e9bfbc23,USER,fbf76aae-361a-4786-bf81-a6738fbc056f,part_off
916,USER,6c2f5b84-0fe2-412b-876f-22e84fb7a172,GROUP,8dbd5992-5c43-41d8-8a8d-7753bd46fb33,belong_to
916,GROUP,8dbd5992-5c43-41d8-8a8d-7753bd46fb33,USER,6c2f5b84-0fe2-412b-876f-22e84fb7a172,part_off
917,USER,f226ab3b-ca94-43a7-b725-a51cd4e2fca8,GROUP,502d43a2-8c5f-4dc0-87cc-1794b1ed3783,belong_to
917,GROUP,502d43a2-8c5f-4dc0-87cc-1794b1ed3783,USER,f226ab3b-ca94-43a7-b725-a51cd4e2fca8,part_off
918,USER,5724fc79-a2b2-44bc-939d-da99fe8feea5,GROUP,78dd8962-c03d-4e86-b142-1c955eda1415,belong_to
918,GROUP,78dd8962-c03d-4e86-b142-1c955eda1415,USER,5724fc79-a2b2-44bc-939d-da99fe8feea5,part_off
919,USER,57f260a0-7347-4054-8f09-e714af433b1e,GROUP,76702cb2-4e81-4bb5-8834-5ad598e05933,belong_to
919,GROUP,76702cb2-4e81-4bb5-8834-5ad598e05933,USER,57f260a0-7347-4054-8f09-e714af433b1e,part_off
920,USER,eb81691c-fd7b-4c5e-831b-bd893177240c,GROUP,010ecd85-6131-4f89-bc37-67c4512945a5,belong_to
920,GROUP,010ecd85-6131-4f89-bc37-67c4512945a5,USER,eb81691c-fd7b-4c5e-831b-bd893177240c,part_off
921,USER,7a0e58bf-0b4c-4e85-85f3-e65b76818af9,GROUP,5f7e2d69-1344-41f5-8213-5c62a7ec0483,belong_to
921,GROUP,5f7e2d69-1344-41f5-8213-5c62a7ec0483,USER,7a0e58bf-0b4c-4e85-85f3-e65b76818af9,part_off
922,USER,8294b227-f344-40d0-ab54-071668df2b15,GROUP,8dee86a2-9cb8-481d-9bf1-c551e104857b,belong_to
922,GROUP,8dee86a2-9cb8-481d-9bf1-c551e104857b,USER,8294b227-f344-40d0-ab54-071668df2b15,part_off
923,USER,f6d6cf8f-7ac5-4d28-a3c2-12ad49d993d9,GROUP,2f76d795-2fc8-4556-9b09-da9ff1a7fe12,belong_to
923,GROUP,2f76d795-2fc8-4556-9b09-da9ff1a7fe12,USER,f6d6cf8f-7ac5-4d28-a3c2-12ad49d993d9,part_off
924,USER,217e09a9-981f-453e-8df8-f22239cc2f37,GROUP,15325f0b-6ba0-428e-988b-9682c6988773,belong_to
924,GROUP,15325f0b-6ba0-428e-988b-9682c6988773,USER,217e09a9-981f-453e-8df8-f22239cc2f37,part_off
925,USER,6c4a2416-c967-4053-b95a-f5c8d0af0e13,GROUP,b2a15de4-99be-471a-8579-e05151ae609d,belong_to
925,GROUP,b2a15de4-99be-471a-8579-e05151ae609d,USER,6c4a2416-c967-4053-b95a-f5c8d0af0e13,part_off
926,USER,ce5b6977-f1be-4188-9bff-72bee1536c3c,GROUP,1cb150f9-ee03-418b-9daa-d8549f6ece18,belong_to
926,GROUP,1cb150f9-ee03-418b-9daa-d8549f6ece18,USER,ce5b6977-f1be-4188-9bff-72bee1536c3c,part_off
927,USER,0fecfb01-b62b-48c1-a2d5-b51e4ea8983a,GROUP,56b686a0-0bb0-4a90-b1c0-899bc51be42a,belong_to
927,GROUP,56b686a0-0bb0-4a90-b1c0-899bc51be42a,USER,0fecfb01-b62b-48c1-a2d5-b51e4ea8983a,part_off
928,USER,283e4e3f-d271-41b7-a3f5-b50237d90e26,GROUP,ae08bbaf-f71f-4e88-ac14-c4a1b0d61675,belong_to
928,GROUP,ae08bbaf-f71f-4e88-ac14-c4a1b0d61675,USER,283e4e3f-d271-41b7-a3f5-b50237d90e26,part_off
929,USER,1114e6a1-7f5d-4874-8cba-c8fa1b39e945,GROUP,accc3cb4-ba6d-4931-89ca-a7cd3598dc45,belong_to
929,GROUP,accc3cb4-ba6d-4931-89ca-a7cd3598dc45,USER,1114e6a1-7f5d-4874-8cba-c8fa1b39e945,part_off
930,USER,7b65e762-eed2-4b7a-adcf-f2be71f8c65f,GROUP,b97f245e-5704-45aa-8595-435c488a5e7e,belong_to
930,GROUP,b97f245e-5704-45aa-8595-435c488a5e7e,USER,7b65e762-eed2-4b7a-adcf-f2be71f8c65f,part_off
931,USER,4b9ffd9f-64fe-4839-af5d-b0306e1fe2fc,GROUP,1175c372-a575-431c-8304-b63521b70187,belong_to
931,GROUP,1175c372-a575-431c-8304-b63521b70187,USER,4b9ffd9f-64fe-4839-af5d-b0306e1fe2fc,part_off
932,USER,b7c65786-7362-4f16-80c3-16d702c765db,GROUP,48915eb1-6296-4a95-9c7c-1f6b29445e32,belong_to
932,GROUP,48915eb1-6296-4a95-9c7c-1f6b29445e32,USER,b7c65786-7362-4f16-80c3-16d702c765db,part_off
933,USER,08047977-37bb-46dc-9b60-4689a3002fec,GROUP,abc16aa9-9924-4573-a2a4-147b88413947,belong_to
933,GROUP,abc16aa9-9924-4573-a2a4-147b88413947,USER,08047977-37bb-46dc-9b60-4689a3002fec,part_off
934,USER,d4b9b9b7-34aa-4551-9722-051a8482f50d,GROUP,906f9efa-08ae-4efe-99ea-75508f638e45,belong_to
934,GROUP,906f9efa-08ae-4efe-99ea-75508f638e45,USER,d4b9b9b7-34aa-4551-9722-051a8482f50d,part_off
935,USER,daf35022-55f7-4fb5-b5cd-3f7031d9b2df,GROUP,285e4282-72b8-45b5-9d32-44fe94b5488d,belong_to
935,GROUP,285e4282-72b8-45b5-9d32-44fe94b5488d,USER,daf35022-55f7-4fb5-b5cd-3f7031d9b2df,part_off
936,USER,4e01d588-f4f6-45ac-9bf0-743daf83077d,GROUP,35e6af30-d50b-4c8a-9123-b6a90724ddd2,belong_to
936,GROUP,35e6af30-d50b-4c8a-9123-b6a90724ddd2,USER,4e01d588-f4f6-45ac-9bf0-743daf83077d,part_off
937,USER,5ce07805-ef19-46a9-a7a2-efc3f7d6b0a1,GROUP,a548cd58-79ae-485c-bd11-b5a845d0f0e2,belong_to
937,GROUP,a548cd58-79ae-485c-bd11-b5a845d0f0e2,USER,5ce07805-ef19-46a9-a7a2-efc3f7d6b0a1,part_off
938,USER,c6bd7274-1f6a-4022-b940-ee7f6d09aa43,GROUP,6b9c57a1-d1ba-4b3e-9419-0f44cb60290c,belong_to
938,GROUP,6b9c57a1-d1ba-4b3e-9419-0f44cb60290c,USER,c6bd7274-1f6a-4022-b940-ee7f6d09aa43,part_off
939,USER,d6ae694e-36bf-456d-8351-7e294b69ac16,GROUP,01dd7ab2-eed6-4803-837a-8b82530712d0,belong_to
939,GROUP,01dd7ab2-eed6-4803-837a-8b82530712d0,USER,d6ae694e-36bf-456d-8351-7e294b69ac16,part_off
940,USER,a33e3e0f-a9a3-4d3e-8041-8af1a6fcf271,GROUP,de53c03f-9687-49dc-8f86-8be3942c25bf,belong_to
940,GROUP,de53c03f-9687-49dc-8f86-8be3942c25bf,USER,a33e3e0f-a9a3-4d3e-8041-8af1a6fcf271,part_off
941,USER,0f9becec-e526-4487-95f5-a6ef1d8a9e99,GROUP,499094d4-4174-4048-ba30-46cccde26f7f,belong_to
941,GROUP,499094d4-4174-4048-ba30-46cccde26f7f,USER,0f9becec-e526-4487-95f5-a6ef1d8a9e99,part_off
942,USER,4c54d64f-57cf-4931-b7cf-fabbc76e8ad6,GROUP,51208be7-b86a-46c6-81e0-6a935a3791e8,belong_to
942,GROUP,51208be7-b86a-46c6-81e0-6a935a3791e8,USER,4c54d64f-57cf-4931-b7cf-fabbc76e8ad6,part_off
943,USER,69491676-86a6-4829-baa5-229d3cea46e9,GROUP,667f2ebe-1993-4b2d-90f1-8f60ba5be876,belong_to
943,GROUP,667f2ebe-1993-4b2d-90f1-8f60ba5be876,USER,69491676-86a6-4829-baa5-229d3cea46e9,part_off
944,USER,2b86bd17-8973-4ae9-8396-f8b518da3193,GROUP,4628c999-1f5c-4745-bc69-099e3308da98,belong_to
944,GROUP,4628c999-1f5c-4745-bc69-099e3308da98,USER,2b86bd17-8973-4ae9-8396-f8b518da3193,part_off
945,USER,d95f8695-3820-4e05-911b-a8880698c386,GROUP,017f0ca2-9eec-4dff-9a34-b2941ec46b03,belong_to
945,GROUP,017f0ca2-9eec-4dff-9a34-b2941ec46b03,USER,d95f8695-3820-4e05-911b-a8880698c386,part_off
946,USER,c4833b93-c777-4a30-986d-699dc3183377,GROUP,039c280e-739a-45d6-8fb5-419a1f5774a2,belong_to
946,GROUP,039c280e-739a-45d6-8fb5-419a1f5774a2,USER,c4833b93-c777-4a30-986d-699dc3183377,part_off
947,USER,fe323644-473e-4966-9386-270d22386b95,GROUP,c5ecd486-e9ac-41e1-924f-f146b5f56590,belong_to
947,GROUP,c5ecd486-e9ac-41e1-924f-f146b5f56590,USER,fe323644-473e-4966-9386-270d22386b95,part_off
948,USER,f451416c-6144-4d29-a723-c0dd00638d5d,GROUP,c6b2354a-32d2-47e8-9e96-102de96f3659,belong_to
948,GROUP,c6b2354a-32d2-47e8-9e96-102de96f3659,USER,f451416c-6144-4d29-a723-c0dd00638d5d,part_off
949,USER,2b783d80-7c2b-4eff-b928-56b5eaccc2c8,GROUP,24f4ae15-001e-4d93-b6ae-b8a2f3665b24,belong_to
949,GROUP,24f4ae15-001e-4d93-b6ae-b8a2f3665b24,USER,2b783d80-7c2b-4eff-b928-56b5eaccc2c8,part_off
950,USER,50f0d74c-2ab2-4528-b190-2f24835c700e,GROUP,65672708-9d9a-4fe2-9147-9f7b968947ae,belong_to
950,GROUP,65672708-9d9a-4fe2-9147-9f7b968947ae,USER,50f0d74c-2ab2-4528-b190-2f24835c700e,part_off
951,USER,d971efb1-a148-45a0-aaaa-49c56e2e18ce,GROUP,b07e0abc-9b41-4c51-bc30-e27fc6c53f3a,belong_to
951,GROUP,b07e0abc-9b41-4c51-bc30-e27fc6c53f3a,USER,d971efb1-a148-45a0-aaaa-49c56e2e18ce,part_off
952,USER,cf6070c4-73fd-47a5-b5eb-e7c237148494,GROUP,8d9501a3-506e-4e3d-a50c-b14a6f19ea5d,belong_to
952,GROUP,8d9501a3-506e-4e3d-a50c-b14a6f19ea5d,USER,cf6070c4-73fd-47a5-b5eb-e7c237148494,part_off
953,USER,aecf12b7-b260-453c-99c3-4f68e8c0496d,GROUP,a9042e74-2582-4737-9a99-cce3fb2e9246,belong_to
953,GROUP,a9042e74-2582-4737-9a99-cce3fb2e9246,USER,aecf12b7-b260-453c-99c3-4f68e8c0496d,part_off
954,USER,bf2a391f-f09d-4fdc-84c2-92411e0f6489,GROUP,c7ec2f43-952b-41b8-b3d5-85d3ed430295,belong_to
954,GROUP,c7ec2f43-952b-41b8-b3d5-85d3ed430295,USER,bf2a391f-f09d-4fdc-84c2-92411e0f6489,part_off
955,USER,6ab1ef89-2a07-4400-9517-4a579d5c35ec,GROUP,99148cbc-f215-4de2-94cc-c0dea3aa9032,belong_to
955,GROUP,99148cbc-f215-4de2-94cc-c0dea3aa9032,USER,6ab1ef89-2a07-4400-9517-4a579d5c35ec,part_off
956,USER,3b3f4943-215a-4eed-a677-fc6c2099a115,GROUP,9ab08025-e81d-47cc-9cda-b9ab63810892,belong_to
956,GROUP,9ab08025-e81d-47cc-9cda-b9ab63810892,USER,3b3f4943-215a-4eed-a677-fc6c2099a115,part_off
957,USER,9562df3d-2afe-4e6d-8aa9-3665966d96bb,GROUP,e451b3a9-72e2-48bb-b668-d08fbe4c9f31,belong_to
957,GROUP,e451b3a9-72e2-48bb-b668-d08fbe4c9f31,USER,9562df3d-2afe-4e6d-8aa9-3665966d96bb,part_off
958,USER,48694573-32c4-47d8-88e8-e62a0912a3b8,GROUP,25dff49e-7432-46de-a0f4-21e82cd5aa04,belong_to
958,GROUP,25dff49e-7432-46de-a0f4-21e82cd5aa04,USER,48694573-32c4-47d8-88e8-e62a0912a3b8,part_off
959,USER,bf26196a-c3eb-40e9-bc8c-5fc6d2d0deaf,GROUP,385d8675-169a-4723-b7d5-e8f3706e5ce4,belong_to
959,GROUP,385d8675-169a-4723-b7d5-e8f3706e5ce4,USER,bf26196a-c3eb-40e9-bc8c-5fc6d2d0deaf,part_off
960,USER,2b81f494-59f8-4486-a07f-5a8049c0378b,GROUP,5469ab0b-b183-47ae-935e-dde473d9e6b1,belong_to
960,GROUP,5469ab0b-b183-47ae-935e-dde473d9e6b1,USER,2b81f494-59f8-4486-a07f-5a8049c0378b,part_off
961,USER,101ce8d5-cdf4-42f7-a838-54e0e1f43641,GROUP,afc92dd1-f3a3-417a-abca-bf26d74e0583,belong_to
961,GROUP,afc92dd1-f3a3-417a-abca-bf26d74e0583,USER,101ce8d5-cdf4-42f7-a838-54e0e1f43641,part_off
962,USER,6bb24719-6a98-4c05-9516-fe08b53623b3,GROUP,4f8dd03f-6600-4323-bc93-f203f6ed6426,belong_to
962,GROUP,4f8dd03f-6600-4323-bc93-f203f6ed6426,USER,6bb24719-6a98-4c05-9516-fe08b53623b3,part_off
963,USER,5f3ef42a-f0b4-4989-bb95-041aceed22db,GROUP,77312c10-35c4-406d-9f04-b112d98efb46,belong_to
963,GROUP,77312c10-35c4-406d-9f04-b112d98efb46,USER,5f3ef42a-f0b4-4989-bb95-041aceed22db,part_off
964,USER,5106ff78-ba7d-42d3-8cfb-450a96d2608d,GROUP,7a73c179-235e-4cc0-ae8c-a0761f4907e6,belong_to
964,GROUP,7a73c179-235e-4cc0-ae8c-a0761f4907e6,USER,5106ff78-ba7d-42d3-8cfb-450a96d2608d,part_off
965,USER,6c0dbe8b-7f4c-4b24-ac5b-5fa46b76d021,GROUP,4d098dda-ea6d-4007-8eb3-280d9f4330a6,belong_to
965,GROUP,4d098dda-ea6d-4007-8eb3-280d9f4330a6,USER,6c0dbe8b-7f4c-4b24-ac5b-5fa46b76d021,part_off
966,USER,12c34a5e-3d75-4aac-9f48-264415676049,GROUP,b9dbd8e1-4f54-4d69-a28d-ee0001f08204,belong_to
966,GROUP,b9dbd8e1-4f54-4d69-a28d-ee0001f08204,USER,12c34a5e-3d75-4aac-9f48-264415676049,part_off
967,USER,25a355f3-f565-4162-aa10-feeb22b1d602,GROUP,41ef0111-5b4c-45e8-841e-f602ef6b7c2f,belong_to
967,GROUP,41ef0111-5b4c-45e8-841e-f602ef6b7c2f,USER,25a355f3-f565-4162-aa10-feeb22b1d602,part_off
968,USER,83c9b17b-3f01-41fc-af80-1c7621546efc,GROUP,612a6f42-02dc-4598-a745-d9fc4438cd07,belong_to
968,GROUP,612a6f42-02dc-4598-a745-d9fc4438cd07,USER,83c9b17b-3f01-41fc-af80-1c7621546efc,part_off
969,USER,8af8320a-50d1-47b6-9fa4-4a5ecda4963a,GROUP,4065712a-84ae-4f86-a346-96012caf4f52,belong_to
969,GROUP,4065712a-84ae-4f86-a346-96012caf4f52,USER,8af8320a-50d1-47b6-9fa4-4a5ecda4963a,part_off
970,USER,fd9bb8ac-ca91-4e26-a7af-7ec9d1f96134,GROUP,13df1cad-3498-476b-9794-085cc014c97f,belong_to
970,GROUP,13df1cad-3498-476b-9794-085cc014c97f,USER,fd9bb8ac-ca91-4e26-a7af-7ec9d1f96134,part_off
971,USER,9f0f0121-df57-4ea2-937c-6e7532fd3f5d,GROUP,f33a05d4-bf39-4a29-a2da-4a49daba8cd3,belong_to
971,GROUP,f33a05d4-bf39-4a29-a2da-4a49daba8cd3,USER,9f0f0121-df57-4ea2-937c-6e7532fd3f5d,part_off
972,USER,c7e084ff-df38-4a64-ab11-12faf20f197f,GROUP,49928ac7-4889-43ee-a430-08d44c04cb93,belong_to
972,GROUP,49928ac7-4889-43ee-a430-08d44c04cb93,USER,c7e084ff-df38-4a64-ab11-12faf20f197f,part_off
973,USER,7414fdc2-9ad8-4119-90a4-1bf4de8095d0,GROUP,f17a1a19-56e6-495e-9575-e23d7e80a2e4,belong_to
973,GROUP,f17a1a19-56e6-495e-9575-e23d7e80a2e4,USER,7414fdc2-9ad8-4119-90a4-1bf4de8095d0,part_off
974,USER,4c400d55-181e-4a22-ad8d-8c9807f06967,GROUP,83222dac-61b4-4746-918a-c61527b90290,belong_to
974,GROUP,83222dac-61b4-4746-918a-c61527b90290,USER,4c400d55-181e-4a22-ad8d-8c9807f06967,part_off
975,USER,dda1abdd-d724-4804-9eca-e43c6cb84206,GROUP,346f0dca-e724-4dd7-b05e-b4f0b60438c4,belong_to
975,GROUP,346f0dca-e724-4dd7-b05e-b4f0b60438c4,USER,dda1abdd-d724-4804-9eca-e43c6cb84206,part_off
976,USER,91a33681-1fbd-4d9d-8b10-1697297cd461,GROUP,68ce7263-6ac5-4df2-869d-e3ef43d07520,belong_to
976,GROUP,68ce7263-6ac5-4df2-869d-e3ef43d07520,USER,91a33681-1fbd-4d9d-8b10-1697297cd461,part_off
977,USER,940a8950-bf43-439c-913e-682aa2c60176,GROUP,4469baa1-b931-438e-ad05-5593d3ef4f1b,belong_to
977,GROUP,4469baa1-b931-438e-ad05-5593d3ef4f1b,USER,940a8950-bf43-439c-913e-682aa2c60176,part_off
978,USER,82c95cbe-3449-48dd-b9ba-15f7ab4e9daa,GROUP,bdf9e4cd-6282-4c00-a4a2-5ca1b7273f14,belong_to
978,GROUP,bdf9e4cd-6282-4c00-a4a2-5ca1b7273f14,USER,82c95cbe-3449-48dd-b9ba-15f7ab4e9daa,part_off
979,USER,e4acadf7-a909-4649-af0b-16e32af1989d,GROUP,e6161cef-d29b-49d3-ad96-581be0a93b83,belong_to
979,GROUP,e6161cef-d29b-49d3-ad96-581be0a93b83,USER,e4acadf7-a909-4649-af0b-16e32af1989d,part_off
980,USER,2844fb0e-dd46-474a-83ec-ae86250fa834,GROUP,e326d646-4d84-47ca-aa15-39d05967168c,belong_to
980,GROUP,e326d646-4d84-47ca-aa15-39d05967168c,USER,2844fb0e-dd46-474a-83ec-ae86250fa834,part_off
981,USER,863a987b-207f-4743-8a58-2727d136ac68,GROUP,46cbab26-df16-4a49-9e9b-f210026d8529,belong_to
981,GROUP,46cbab26-df16-4a49-9e9b-f210026d8529,USER,863a987b-207f-4743-8a58-2727d136ac68,part_off
982,USER,7f88d50c-4bb8-4b0c-84f5-399d5a539ca0,GROUP,b78e12cb-4554-4547-9c6f-7fccb604f1d6,belong_to
982,GROUP,b78e12cb-4554-4547-9c6f-7fccb604f1d6,USER,7f88d50c-4bb8-4b0c-84f5-399d5a539ca0,part_off
983,USER,c32ca4cb-cfe6-4d72-96d9-8961f8ebb02e,GROUP,1da1c341-6575-4bd9-b172-7d292fbb7bb6,belong_to
983,GROUP,1da1c341-6575-4bd9-b172-7d292fbb7bb6,USER,c32ca4cb-cfe6-4d72-96d9-8961f8ebb02e,part_off
984,USER,8f048e89-4257-4aca-8171-d7ab3bb54d42,GROUP,2ee00cd4-a30c-48e9-8f54-7e7e21dcaa8d,belong_to
984,GROUP,2ee00cd4-a30c-48e9-8f54-7e7e21dcaa8d,USER,8f048e89-4257-4aca-8171-d7ab3bb54d42,part_off
985,USER,4840afff-4c8b-48d1-b65d-9c76ddc78cbd,GROUP,f67a6f23-4b2a-4b61-bcb6-008010045414,belong_to
985,GROUP,f67a6f23-4b2a-4b61-bcb6-008010045414,USER,4840afff-4c8b-48d1-b65d-9c76ddc78cbd,part_off
986,USER,4c1e7754-d022-471c-9935-590faa8cf973,GROUP,bedc63c8-cc1e-45a5-a758-ffd66f01bce2,belong_to
986,GROUP,bedc63c8-cc1e-45a5-a758-ffd66f01bce2,USER,4c1e7754-d022-471c-9935-590faa8cf973,part_off
987,USER,616abec6-0ebd-4449-8606-8d4958f127d8,GROUP,0fc4cb9f-e313-41e7-8904-8638e7350932,belong_to
987,GROUP,0fc4cb9f-e313-41e7-8904-8638e7350932,USER,616abec6-0ebd-4449-8606-8d4958f127d8,part_off
988,USER,204bfd67-3bff-47c2-9a99-eb937eac51f8,GROUP,079c0b49-164a-4371-a9c4-2fc6595a80d7,belong_to
988,GROUP,079c0b49-164a-4371-a9c4-2fc6595a80d7,USER,204bfd67-3bff-47c2-9a99-eb937eac51f8,part_off
989,USER,5c5f78ca-055b-4c67-a948-590481b821b9,GROUP,de26dcce-6347-4366-b930-7769ce0e30ce,belong_to
989,GROUP,de26dcce-6347-4366-b930-7769ce0e30ce,USER,5c5f78ca-055b-4c67-a948-590481b821b9,part_off
990,USER,7022b343-8f64-468c-a604-8ed78822794b,GROUP,dc1e3112-18bb-466b-b3ab-3bea9ed34990,belong_to
990,GROUP,dc1e3112-18bb-466b-b3ab-3bea9ed34990,USER,7022b343-8f64-468c-a604-8ed78822794b,part_off
991,USER,50d98247-ae58-4525-962d-3362c82fef95,GROUP,46a537df-f01d-475a-bfdb-ffd9b9711515,belong_to
991,GROUP,46a537df-f01d-475a-bfdb-ffd9b9711515,USER,50d98247-ae58-4525-962d-3362c82fef95,part_off
992,USER,6c74efec-78cf-407c-b4b0-9f7c5ef393b3,GROUP,d77cbb45-926d-48c7-a3cf-4b245dff0091,belong_to
992,GROUP,d77cbb45-926d-48c7-a3cf-4b245dff0091,USER,6c74efec-78cf-407c-b4b0-9f7c5ef393b3,part_off
993,USER,df71cb3f-a4cf-4dbb-9f90-1e7f3ce9a898,GROUP,9b4b18c9-0e8f-48cd-babe-7a6acb3b652d,belong_to
993,GROUP,9b4b18c9-0e8f-48cd-babe-7a6acb3b652d,USER,df71cb3f-a4cf-4dbb-9f90-1e7f3ce9a898,part_off
994,USER,f2a5f58b-6bc4-46b5-afd5-c4ab9f492065,GROUP,93567137-5977-4918-8476-63dae4abd138,belong_to
994,GROUP,93567137-5977-4918-8476-63dae4abd138,USER,f2a5f58b-6bc4-46b5-afd5-c4ab9f492065,part_off
995,USER,a4134a47-cac6-48b2-9bb5-17a71ef06a2d,GROUP,267ec664-ffb6-495c-bdd9-a1651c2f0de4,belong_to
995,GROUP,267ec664-ffb6-495c-bdd9-a1651c2f0de4,USER,a4134a47-cac6-48b2-9bb5-17a71ef06a2d,part_off
996,USER,20fad2f6-920c-4962-b03a-935bd6f92890,GROUP,804473a8-4354-4ba6-837e-c584d0fd20a9,belong_to
996,GROUP,804473a8-4354-4ba6-837e-c584d0fd20a9,USER,20fad2f6-920c-4962-b03a-935bd6f92890,part_off
997,USER,a8229117-2300-41cb-8501-cf2c22c8acf8,GROUP,e52237ef-3bf9-4740-8761-ccc2648a19ef,belong_to
997,GROUP,e52237ef-3bf9-4740-8761-ccc2648a19ef,USER,a8229117-2300-41cb-8501-cf2c22c8acf8,part_off
998,USER,10656861-9db4-4b90-8bc4-519266136a32,GROUP,5fdf009e-85f6-4df3-b387-9e3b37370aa9,belong_to
998,GROUP,5fdf009e-85f6-4df3-b387-9e3b37370aa9,USER,10656861-9db4-4b90-8bc4-519266136a32,part_off
999,USER,02831493-0cb2-417a-9964-afea06b36b54,GROUP,4aa36df1-cb69-465a-a005-cef489d1f339,belong_to
999,GROUP,4aa36df1-cb69-465a-a005-cef489d1f339,USER,02831493-0cb2-417a-9964-afea06b36b54,part_off
1000,USER,4a0c3e40-ed34-4f91-965f-e27c66a577e3,GROUP,4e7859a9-f17d-4bbd-81aa-d1dabb35c145,belong_to
1000,GROUP,4e7859a9-f17d-4bbd-81aa-d1dabb35c145,USER,4a0c3e40-ed34-4f91-965f-e27c66a577e3,part_off
1001,USER,84c55794-965d-4629-9b97-2e889b084fe0,GROUP,d8ba7211-00ff-4db2-82ed-539ebfc7d391,belong_to
1001,GROUP,d8ba7211-00ff-4db2-82ed-539ebfc7d391,USER,84c55794-965d-4629-9b97-2e889b084fe0,part_off
1002,USER,a33a55af-34bb-4330-8f0d-76ee818b53b4,GROUP,d6033fba-52a1-4f2e-9f83-dd67c9a12e95,belong_to
1002,GROUP,d6033fba-52a1-4f2e-9f83-dd67c9a12e95,USER,a33a55af-34bb-4330-8f0d-76ee818b53b4,part_off
1003,USER,472a0fb1-60a9-495d-aabe-ff6d19db9d93,GROUP,8323aada-29c6-4a8a-91bc-3ffd167ec7a0,belong_to
1003,GROUP,8323aada-29c6-4a8a-91bc-3ffd167ec7a0,USER,472a0fb1-60a9-495d-aabe-ff6d19db9d93,part_off
1004,USER,826f51fb-c365-48c6-8636-12c6352fcc09,GROUP,68a7d027-9267-429e-8aa8-ca7739b91c33,belong_to
1004,GROUP,68a7d027-9267-429e-8aa8-ca7739b91c33,USER,826f51fb-c365-48c6-8636-12c6352fcc09,part_off
1005,USER,36e30779-6e2c-46a1-ac2c-15681b91cc47,GROUP,04b708db-0253-474d-ac45-73e35aa3d3ba,belong_to
1005,GROUP,04b708db-0253-474d-ac45-73e35aa3d3ba,USER,36e30779-6e2c-46a1-ac2c-15681b91cc47,part_off
1006,USER,eade54c5-4c39-4dda-94ff-92c269f4a6d8,GROUP,fb99c19b-7fda-40e5-b63b-56ee978f99e5,belong_to
1006,GROUP,fb99c19b-7fda-40e5-b63b-56ee978f99e5,USER,eade54c5-4c39-4dda-94ff-92c269f4a6d8,part_off
1007,USER,7d512b20-3315-4589-a22f-86703d2a0a56,GROUP,7dfafc61-9c3a-4ea9-9d05-416cdb7a1b0f,belong_to
1007,GROUP,7dfafc61-9c3a-4ea9-9d05-416cdb7a1b0f,USER,7d512b20-3315-4589-a22f-86703d2a0a56,part_off
1008,USER,2dc06d98-0b0d-4e9c-bfd5-66cead0c1818,GROUP,4f024b76-c987-483c-bb95-38cc2c0ff5d9,belong_to
1008,GROUP,4f024b76-c987-483c-bb95-38cc2c0ff5d9,USER,2dc06d98-0b0d-4e9c-bfd5-66cead0c1818,part_off
1009,USER,ccd772db-3146-4e0f-84be-79b58963248b,GROUP,6380f2b8-bf22-42e9-a9da-9a172bc61afd,belong_to
1009,GROUP,6380f2b8-bf22-42e9-a9da-9a172bc61afd,USER,ccd772db-3146-4e0f-84be-79b58963248b,part_off
1010,USER,4539db14-3151-42c7-b162-54651289fb0f,GROUP,8e5b36be-0117-43b3-87bd-9252beb3278b,belong_to
1010,GROUP,8e5b36be-0117-43b3-87bd-9252beb3278b,USER,4539db14-3151-42c7-b162-54651289fb0f,part_off
1011,USER,ddbc8466-17e7-4713-b8f7-99f3aa94750c,GROUP,a299e509-ebeb-4f21-a259-89a2d9031921,belong_to
1011,GROUP,a299e509-ebeb-4f21-a259-89a2d9031921,USER,ddbc8466-17e7-4713-b8f7-99f3aa94750c,part_off
1012,USER,7b985720-0392-4963-a941-dca22117d618,GROUP,66e8e378-f434-4087-9ba8-2248fdcac8a0,belong_to
1012,GROUP,66e8e378-f434-4087-9ba8-2248fdcac8a0,USER,7b985720-0392-4963-a941-dca22117d618,part_off
1013,USER,f791ed59-1af5-4550-a6fc-a3299989ab1d,GROUP,6132c7c0-f645-48d7-984a-cc163d5b2043,belong_to
1013,GROUP,6132c7c0-f645-48d7-984a-cc163d5b2043,USER,f791ed59-1af5-4550-a6fc-a3299989ab1d,part_off
1014,USER,c3b64b11-c04e-4674-b979-547f31220386,GROUP,8a70779b-49cb-4251-b4ac-015425440d3c,belong_to
1014,GROUP,8a70779b-49cb-4251-b4ac-015425440d3c,USER,c3b64b11-c04e-4674-b979-547f31220386,part_off
1015,USER,e5bb1845-10b3-4a79-8a12-f30f78e5a4c1,GROUP,1de74e73-4a3c-4206-a5aa-c0605c20fa89,belong_to
1015,GROUP,1de74e73-4a3c-4206-a5aa-c0605c20fa89,USER,e5bb1845-10b3-4a79-8a12-f30f78e5a4c1,part_off
1016,USER,1e67f90c-3ab1-42bf-b048-15ac753d0a4c,GROUP,30a96d5d-ab52-4182-bcc0-9fc32c5af924,belong_to
1016,GROUP,30a96d5d-ab52-4182-bcc0-9fc32c5af924,USER,1e67f90c-3ab1-42bf-b048-15ac753d0a4c,part_off
1017,USER,787cc2e7-8610-49cd-80f7-7995be5aaef5,GROUP,ea0223fa-8044-4b91-afcb-2549f424d9ef,belong_to
1017,GROUP,ea0223fa-8044-4b91-afcb-2549f424d9ef,USER,787cc2e7-8610-49cd-80f7-7995be5aaef5,part_off
1018,USER,5c73cf7d-ef8a-4c00-b860-fa1435b37b7c,GROUP,d4fbcb94-6f64-4abc-9747-6cbba7ce313e,belong_to
1018,GROUP,d4fbcb94-6f64-4abc-9747-6cbba7ce313e,USER,5c73cf7d-ef8a-4c00-b860-fa1435b37b7c,part_off
1019,USER,fa1b8bbd-4304-4dd1-8a9d-166f141095ce,GROUP,f2ff8005-9f5f-4be1-8c90-cf4b2f50206f,belong_to
1019,GROUP,f2ff8005-9f5f-4be1-8c90-cf4b2f50206f,USER,fa1b8bbd-4304-4dd1-8a9d-166f141095ce,part_off
1020,USER,746eeb62-e419-47eb-a1bd-8a7b9f68471d,GROUP,ac79cb69-f9b4-45eb-a0d1-6b1f727cdc55,belong_to
1020,GROUP,ac79cb69-f9b4-45eb-a0d1-6b1f727cdc55,USER,746eeb62-e419-47eb-a1bd-8a7b9f68471d,part_off
1021,USER,8f8fd09b-85e7-4e39-8c7c-d91036a83068,GROUP,18f00ccf-7356-4ea5-86b7-a142a5d3fcb0,belong_to
1021,GROUP,18f00ccf-7356-4ea5-86b7-a142a5d3fcb0,USER,8f8fd09b-85e7-4e39-8c7c-d91036a83068,part_off
1022,USER,a030cca0-cc90-416b-b729-0734c4fe68ad,GROUP,ebf4fa03-5707-4250-af40-b0a519345b80,belong_to
1022,GROUP,ebf4fa03-5707-4250-af40-b0a519345b80,USER,a030cca0-cc90-416b-b729-0734c4fe68ad,part_off
1023,USER,c4bc277e-cede-41de-880f-2b34914a8268,GROUP,fe49f26c-31bd-48e7-977f-ba6d9a22ead9,belong_to
1023,GROUP,fe49f26c-31bd-48e7-977f-ba6d9a22ead9,USER,c4bc277e-cede-41de-880f-2b34914a8268,part_off
1024,USER,1a470940-70fe-46f3-af99-fab7f5f0d87b,GROUP,5f8c1d09-9831-4c12-ad35-efd62161f6f2,belong_to
1024,GROUP,5f8c1d09-9831-4c12-ad35-efd62161f6f2,USER,1a470940-70fe-46f3-af99-fab7f5f0d87b,part_off
1025,USER,89f8df38-c006-470c-b18b-98fe684e8c7a,GROUP,aaa1961a-e4fc-4585-aa9d-4e54db3409cf,belong_to
1025,GROUP,aaa1961a-e4fc-4585-aa9d-4e54db3409cf,USER,89f8df38-c006-470c-b18b-98fe684e8c7a,part_off
1026,USER,d84b330d-8d55-423e-8269-e82837436f46,GROUP,c82f1b29-5a68-4e8d-b4e8-4915f7f5d2d9,belong_to
1026,GROUP,c82f1b29-5a68-4e8d-b4e8-4915f7f5d2d9,USER,d84b330d-8d55-423e-8269-e82837436f46,part_off
1027,USER,e14f115d-0d12-4617-856a-d9a08a6fd098,GROUP,966017f8-1ed9-4eee-a997-310b0bd13567,belong_to
1027,GROUP,966017f8-1ed9-4eee-a997-310b0bd13567,USER,e14f115d-0d12-4617-856a-d9a08a6fd098,part_off
1028,USER,a24ae5ea-59fe-4a5b-a00c-edb34b6b876b,GROUP,ddcbdc96-62fe-4874-8692-27a6dbeca059,belong_to
1028,GROUP,ddcbdc96-62fe-4874-8692-27a6dbeca059,USER,a24ae5ea-59fe-4a5b-a00c-edb34b6b876b,part_off
1029,USER,20272025-3ca4-4d62-9074-d1b5741cd7f8,GROUP,4a62932c-1dd9-4480-aa62-0be3b8f33969,belong_to
1029,GROUP,4a62932c-1dd9-4480-aa62-0be3b8f33969,USER,20272025-3ca4-4d62-9074-d1b5741cd7f8,part_off
1030,USER,f76ec74f-6307-49f9-8d7a-93888c35ba5a,GROUP,170423a2-0fe0-47e1-929f-f4f8f3c3df1d,belong_to
1030,GROUP,170423a2-0fe0-47e1-929f-f4f8f3c3df1d,USER,f76ec74f-6307-49f9-8d7a-93888c35ba5a,part_off
1031,USER,53b4403b-0e73-4078-9c3c-4ecfe54dc7a1,GROUP,f719d3fe-71ce-426f-8f49-8cc591906ef1,belong_to
1031,GROUP,f719d3fe-71ce-426f-8f49-8cc591906ef1,USER,53b4403b-0e73-4078-9c3c-4ecfe54dc7a1,part_off
1032,USER,fa0bee3b-b28b-4e9d-9024-8f65af8ce2a7,GROUP,aedc61c6-130f-4df1-a5c8-5f06cb02ba8f,belong_to
1032,GROUP,aedc61c6-130f-4df1-a5c8-5f06cb02ba8f,USER,fa0bee3b-b28b-4e9d-9024-8f65af8ce2a7,part_off
1033,USER,0aa616d1-f2f8-490e-9a7a-f3a1189c11d6,GROUP,d9afe083-d5fa-4858-b22a-92168fa1552d,belong_to
1033,GROUP,d9afe083-d5fa-4858-b22a-92168fa1552d,USER,0aa616d1-f2f8-490e-9a7a-f3a1189c11d6,part_off
1034,USER,1bccdcf1-6059-4e97-8f66-e3277d5d8f62,GROUP,7936fa10-8535-42ed-b6ca-8eb07c0bc0bf,belong_to
1034,GROUP,7936fa10-8535-42ed-b6ca-8eb07c0bc0bf,USER,1bccdcf1-6059-4e97-8f66-e3277d5d8f62,part_off
1035,USER,7afaba25-e079-4346-8c73-ebaf51e3d340,GROUP,bf91abc4-f5c3-4229-a75c-100ec50d5677,belong_to
1035,GROUP,bf91abc4-f5c3-4229-a75c-100ec50d5677,USER,7afaba25-e079-4346-8c73-ebaf51e3d340,part_off
1036,USER,63366a57-3b12-4965-b8dd-bcc1b632b591,GROUP,d9c35dfa-540b-48be-83dd-d693565436fe,belong_to
1036,GROUP,d9c35dfa-540b-48be-83dd-d693565436fe,USER,63366a57-3b12-4965-b8dd-bcc1b632b591,part_off
1037,USER,757e69a4-a338-40d6-b82a-51a34303d281,GROUP,051e42ae-f8e3-4543-9757-dce9824780ad,belong_to
1037,GROUP,051e42ae-f8e3-4543-9757-dce9824780ad,USER,757e69a4-a338-40d6-b82a-51a34303d281,part_off
1038,USER,8da765fd-15da-4e2c-830a-c0d269390a9d,GROUP,c9a8618f-fa1f-4fe7-bf63-c65990869214,belong_to
1038,GROUP,c9a8618f-fa1f-4fe7-bf63-c65990869214,USER,8da765fd-15da-4e2c-830a-c0d269390a9d,part_off
1039,USER,90c8ebe9-1039-4bc4-afa8-46249c0710d7,GROUP,3788abf2-a51c-4906-8942-977768dcfb4a,belong_to
1039,GROUP,3788abf2-a51c-4906-8942-977768dcfb4a,USER,90c8ebe9-1039-4bc4-afa8-46249c0710d7,part_off
1040,USER,d71057a6-8560-47c0-ace2-9efef1062ddb,GROUP,a6d52ca9-94db-4fc8-91da-69e127231aad,belong_to
1040,GROUP,a6d52ca9-94db-4fc8-91da-69e127231aad,USER,d71057a6-8560-47c0-ace2-9efef1062ddb,part_off
1041,USER,6b405949-ff30-4df7-9b9c-510b817b3011,GROUP,f343ac50-5a03-441b-a4a4-1bdabcb3a5c5,belong_to
1041,GROUP,f343ac50-5a03-441b-a4a4-1bdabcb3a5c5,USER,6b405949-ff30-4df7-9b9c-510b817b3011,part_off
1042,USER,49a26725-1a03-4c3e-ab45-d763d83eee9e,GROUP,dd479146-9107-480d-926c-3ccdf7ac5c82,belong_to
1042,GROUP,dd479146-9107-480d-926c-3ccdf7ac5c82,USER,49a26725-1a03-4c3e-ab45-d763d83eee9e,part_off
1043,USER,e4324dd0-ba96-4d5c-9316-cbccce20f133,GROUP,249800e3-af86-4230-9d27-c919abd15487,belong_to
1043,GROUP,249800e3-af86-4230-9d27-c919abd15487,USER,e4324dd0-ba96-4d5c-9316-cbccce20f133,part_off
1044,USER,128d5e7e-166b-4f13-97f9-81137cc22107,GROUP,56750191-e588-4cae-b719-299195365d3f,belong_to
1044,GROUP,56750191-e588-4cae-b719-299195365d3f,USER,128d5e7e-166b-4f13-97f9-81137cc22107,part_off
1045,USER,f0cb08e1-cd50-45e3-adce-6e4b9b5f69ea,GROUP,90abba62-87a1-4942-8591-47400d0b2fe3,belong_to
1045,GROUP,90abba62-87a1-4942-8591-47400d0b2fe3,USER,f0cb08e1-cd50-45e3-adce-6e4b9b5f69ea,part_off
1046,USER,9670a071-e424-4bdb-b9f7-02ed123df13b,GROUP,f56d7131-c26f-4816-87ac-81f04dc60185,belong_to
1046,GROUP,f56d7131-c26f-4816-87ac-81f04dc60185,USER,9670a071-e424-4bdb-b9f7-02ed123df13b,part_off
1047,USER,7dc67cc4-811b-42c4-95fa-7eb4c3a6ccf6,GROUP,d7add2b4-c1bb-4f5d-952c-038d1f927b96,belong_to
1047,GROUP,d7add2b4-c1bb-4f5d-952c-038d1f927b96,USER,7dc67cc4-811b-42c4-95fa-7eb4c3a6ccf6,part_off
1048,USER,e18e9d85-c6b4-4bd2-9aab-9a013e5a92a7,GROUP,b306d49b-76ac-4bfd-a56a-514517286ff9,belong_to
1048,GROUP,b306d49b-76ac-4bfd-a56a-514517286ff9,USER,e18e9d85-c6b4-4bd2-9aab-9a013e5a92a7,part_off
1049,USER,bd0c990f-2f03-4d7b-8dbe-99ebaa213597,GROUP,11e48c70-43a9-438c-b596-f869b7f73097,belong_to
1049,GROUP,11e48c70-43a9-438c-b596-f869b7f73097,USER,bd0c990f-2f03-4d7b-8dbe-99ebaa213597,part_off
1050,USER,c19c1c0b-ea58-4f3c-80f4-ddd250ae2384,GROUP,cc7bf782-8ccc-4726-ad25-d2a4552b4d37,belong_to
1050,GROUP,cc7bf782-8ccc-4726-ad25-d2a4552b4d37,USER,c19c1c0b-ea58-4f3c-80f4-ddd250ae2384,part_off
1051,USER,54469c16-90e1-458f-8a8a-af034da090ca,GROUP,c35a0317-cc59-41be-9c1f-192e15aba479,belong_to
1051,GROUP,c35a0317-cc59-41be-9c1f-192e15aba479,USER,54469c16-90e1-458f-8a8a-af034da090ca,part_off
1052,USER,556c9ea9-6b99-4cb9-a00d-cd3fde81dc7b,GROUP,cfd07f55-04e0-4221-88b1-988a8e36f51e,belong_to
1052,GROUP,cfd07f55-04e0-4221-88b1-988a8e36f51e,USER,556c9ea9-6b99-4cb9-a00d-cd3fde81dc7b,part_off
1053,USER,f7a47cdb-f836-41e8-8ac4-b5368f97b915,GROUP,347e5c38-1f4f-4237-82e3-6d54bfe1697b,belong_to
1053,GROUP,347e5c38-1f4f-4237-82e3-6d54bfe1697b,USER,f7a47cdb-f836-41e8-8ac4-b5368f97b915,part_off
1054,USER,b8931f60-8f1e-40c3-9132-63668b358035,GROUP,d006cd36-e5ae-4613-a987-ce7449457011,belong_to
1054,GROUP,d006cd36-e5ae-4613-a987-ce7449457011,USER,b8931f60-8f1e-40c3-9132-63668b358035,part_off
1055,USER,45a260b9-386f-4096-add7-e5451fe62c23,GROUP,957edc75-64f5-42b6-8290-f18206874bfe,belong_to
1055,GROUP,957edc75-64f5-42b6-8290-f18206874bfe,USER,45a260b9-386f-4096-add7-e5451fe62c23,part_off
1056,USER,850d4a37-6bea-4b7e-a689-c90ba142b19f,GROUP,b8687495-d096-4ca1-b226-22c51031a3ae,belong_to
1056,GROUP,b8687495-d096-4ca1-b226-22c51031a3ae,USER,850d4a37-6bea-4b7e-a689-c90ba142b19f,part_off
1057,USER,10d72a9b-8344-4f5e-b557-2f21e9212d19,GROUP,6724c997-bfc0-4262-afee-47dd5a606e37,belong_to
1057,GROUP,6724c997-bfc0-4262-afee-47dd5a606e37,USER,10d72a9b-8344-4f5e-b557-2f21e9212d19,part_off
1058,USER,46219e76-0530-43c4-9c34-f7ebc312ee64,GROUP,5b9793b4-d8e5-4679-bacd-84fd54502bcd,belong_to
1058,GROUP,5b9793b4-d8e5-4679-bacd-84fd54502bcd,USER,46219e76-0530-43c4-9c34-f7ebc312ee64,part_off
1059,USER,f8447760-17a9-4133-998d-078010e774be,GROUP,a20b4e15-b4d0-4290-a3ba-0e8e10e97aad,belong_to
1059,GROUP,a20b4e15-b4d0-4290-a3ba-0e8e10e97aad,USER,f8447760-17a9-4133-998d-078010e774be,part_off
1060,USER,76973dd4-1d2a-4e4f-88bc-06917b033776,GROUP,a324fe8f-eca3-441e-a071-62e8607997b4,belong_to
1060,GROUP,a324fe8f-eca3-441e-a071-62e8607997b4,USER,76973dd4-1d2a-4e4f-88bc-06917b033776,part_off
1061,USER,fe70259f-4ab1-4858-ab3d-85cfe0b3de63,GROUP,0136841b-7c94-43c8-8b2c-464be47144d0,belong_to
1061,GROUP,0136841b-7c94-43c8-8b2c-464be47144d0,USER,fe70259f-4ab1-4858-ab3d-85cfe0b3de63,part_off
1062,USER,f73fad03-757f-41d0-8adc-89ad85ac0db2,GROUP,42ad5b20-6239-4777-a9ed-5059d0b8f0a3,belong_to
1062,GROUP,42ad5b20-6239-4777-a9ed-5059d0b8f0a3,USER,f73fad03-757f-41d0-8adc-89ad85ac0db2,part_off
1063,USER,6cf524c0-928d-4afd-b83a-679750b6cdf1,GROUP,b35ff4be-03e2-4c3b-bcbf-1ceaf16e8b46,belong_to
1063,GROUP,b35ff4be-03e2-4c3b-bcbf-1ceaf16e8b46,USER,6cf524c0-928d-4afd-b83a-679750b6cdf1,part_off
1064,USER,48bdc026-e9d3-47e5-bf2e-04317dd05982,GROUP,68440934-fb0d-4af4-8c42-4faacf6308c1,belong_to
1064,GROUP,68440934-fb0d-4af4-8c42-4faacf6308c1,USER,48bdc026-e9d3-47e5-bf2e-04317dd05982,part_off
1065,USER,822f6aeb-260d-4ea3-abe6-272aef602090,GROUP,0b74a907-3c0c-45e8-afa1-b8185eac513a,belong_to
1065,GROUP,0b74a907-3c0c-45e8-afa1-b8185eac513a,USER,822f6aeb-260d-4ea3-abe6-272aef602090,part_off
1066,USER,77f4386b-b1d4-4646-9188-9ce045adf6b6,GROUP,d7fe015c-4507-423b-a6bf-423f84ef50fc,belong_to
1066,GROUP,d7fe015c-4507-423b-a6bf-423f84ef50fc,USER,77f4386b-b1d4-4646-9188-9ce045adf6b6,part_off
1067,USER,6a1ce4df-0d70-4f47-a1db-ae5699358705,GROUP,28f6ff76-aede-44ab-b903-03312b21eae9,belong_to
1067,GROUP,28f6ff76-aede-44ab-b903-03312b21eae9,USER,6a1ce4df-0d70-4f47-a1db-ae5699358705,part_off
1068,USER,b0abe97a-6a43-474b-b20d-b61ea75db33c,GROUP,82010429-15e2-474e-a6ac-206d6f2208e1,belong_to
1068,GROUP,82010429-15e2-474e-a6ac-206d6f2208e1,USER,b0abe97a-6a43-474b-b20d-b61ea75db33c,part_off
1069,USER,2ffd0c39-c318-4f83-be17-14b6cd3285fa,GROUP,8435e782-6bc8-4673-9f45-f53fc0d695fb,belong_to
1069,GROUP,8435e782-6bc8-4673-9f45-f53fc0d695fb,USER,2ffd0c39-c318-4f83-be17-14b6cd3285fa,part_off
1070,USER,9bbdffb9-648d-44a7-aff4-fb34505d1e8d,GROUP,eb61a124-24f0-4c69-b6db-50fc7703c1ef,belong_to
1070,GROUP,eb61a124-24f0-4c69-b6db-50fc7703c1ef,USER,9bbdffb9-648d-44a7-aff4-fb34505d1e8d,part_off
1071,USER,349144b8-da54-49af-b941-fb00cf99daac,GROUP,e17098a1-aece-4508-b4d3-165527da9d34,belong_to
1071,GROUP,e17098a1-aece-4508-b4d3-165527da9d34,USER,349144b8-da54-49af-b941-fb00cf99daac,part_off
1072,USER,f5951130-2ab3-433c-b017-43cae469a229,GROUP,fb295175-555a-47d3-940c-4e6cd7815e7a,belong_to
1072,GROUP,fb295175-555a-47d3-940c-4e6cd7815e7a,USER,f5951130-2ab3-433c-b017-43cae469a229,part_off
1073,USER,9169712f-3ba7-4f28-abdc-9430b9fcadb1,GROUP,b53529cd-2f4c-433e-bb67-009b54204a4a,belong_to
1073,GROUP,b53529cd-2f4c-433e-bb67-009b54204a4a,USER,9169712f-3ba7-4f28-abdc-9430b9fcadb1,part_off
1074,USER,9d0d0e75-5a67-49f1-94db-dc2e02175475,GROUP,1d4f9388-59c4-4d49-a30c-de7276de96b5,belong_to
1074,GROUP,1d4f9388-59c4-4d49-a30c-de7276de96b5,USER,9d0d0e75-5a67-49f1-94db-dc2e02175475,part_off
1075,USER,60f844b1-84c6-491b-8ba5-a5b1287cac54,GROUP,70e97941-7fdc-4f35-9338-b0abee0890dd,belong_to
1075,GROUP,70e97941-7fdc-4f35-9338-b0abee0890dd,USER,60f844b1-84c6-491b-8ba5-a5b1287cac54,part_off
1076,USER,03a16bae-0fbb-46ec-88ce-ffff102428c1,GROUP,0d85f924-50a7-48bc-81e3-908fdd0687b7,belong_to
1076,GROUP,0d85f924-50a7-48bc-81e3-908fdd0687b7,USER,03a16bae-0fbb-46ec-88ce-ffff102428c1,part_off
1077,USER,bc5990f1-0be8-4be9-8ffc-153ab914732c,GROUP,de0efc15-eb05-47d1-8c29-ae4de3c13655,belong_to
1077,GROUP,de0efc15-eb05-47d1-8c29-ae4de3c13655,USER,bc5990f1-0be8-4be9-8ffc-153ab914732c,part_off
1078,USER,f5889cd1-c360-4882-9a0e-654f309e4ef5,GROUP,021eb669-c5c0-44fc-9465-441488873804,belong_to
1078,GROUP,021eb669-c5c0-44fc-9465-441488873804,USER,f5889cd1-c360-4882-9a0e-654f309e4ef5,part_off
1079,USER,8f850b9a-765b-41e4-be00-f261028cb2d1,GROUP,9ada7b42-b3d8-4900-a56c-d661a785f049,belong_to
1079,GROUP,9ada7b42-b3d8-4900-a56c-d661a785f049,USER,8f850b9a-765b-41e4-be00-f261028cb2d1,part_off
1080,USER,a2929a6d-1699-47b0-8cbb-9418b07734d6,GROUP,e1c6afbe-bc06-4e18-a6c3-31345f28b268,belong_to
1080,GROUP,e1c6afbe-bc06-4e18-a6c3-31345f28b268,USER,a2929a6d-1699-47b0-8cbb-9418b07734d6,part_off
1081,USER,0df1de3b-1f91-4d57-8868-01a6fee3bf00,GROUP,2da685bb-74ba-4372-a520-dfd5cba7d272,belong_to
1081,GROUP,2da685bb-74ba-4372-a520-dfd5cba7d272,USER,0df1de3b-1f91-4d57-8868-01a6fee3bf00,part_off
1082,USER,122cadb1-9224-4008-9cac-c557a1450b1b,GROUP,f2ac39d8-d785-427e-9e2a-58d6be596ac7,belong_to
1082,GROUP,f2ac39d8-d785-427e-9e2a-58d6be596ac7,USER,122cadb1-9224-4008-9cac-c557a1450b1b,part_off
1083,USER,ff7fa007-38a3-40dd-82d5-a0e1fffd1098,GROUP,7c230a2c-582b-4238-ad89-96bb90b2cbc2,belong_to
1083,GROUP,7c230a2c-582b-4238-ad89-96bb90b2cbc2,USER,ff7fa007-38a3-40dd-82d5-a0e1fffd1098,part_off
1084,USER,9d25388c-4d93-4a10-9451-edd8b1fcc86f,GROUP,6964a1b8-8a1c-4935-8d61-16e658a57f79,belong_to
1084,GROUP,6964a1b8-8a1c-4935-8d61-16e658a57f79,USER,9d25388c-4d93-4a10-9451-edd8b1fcc86f,part_off
1085,USER,25d0d8d0-0143-4acf-a9e7-3f40afa7a7b5,GROUP,61ab788b-5086-4bad-b852-d338c2195f37,belong_to
1085,GROUP,61ab788b-5086-4bad-b852-d338c2195f37,USER,25d0d8d0-0143-4acf-a9e7-3f40afa7a7b5,part_off
1086,USER,6bf269fe-0c6b-49cf-921f-55a86cfc1b19,GROUP,397dcf0f-8520-40bb-989d-53d89c8d2793,belong_to
1086,GROUP,397dcf0f-8520-40bb-989d-53d89c8d2793,USER,6bf269fe-0c6b-49cf-921f-55a86cfc1b19,part_off
1087,USER,4481198a-6d7e-4787-a3f7-c2b889363837,GROUP,dc3ae71b-39ed-4e82-b4fa-3ca221dcc633,belong_to
1087,GROUP,dc3ae71b-39ed-4e82-b4fa-3ca221dcc633,USER,4481198a-6d7e-4787-a3f7-c2b889363837,part_off
1088,USER,daea98a2-eed2-4b7a-b938-568d147341dd,GROUP,5bf3614b-21ae-406c-b1f2-b1390ffe85be,belong_to
1088,GROUP,5bf3614b-21ae-406c-b1f2-b1390ffe85be,USER,daea98a2-eed2-4b7a-b938-568d147341dd,part_off
1089,USER,53427252-0519-4695-bc86-a83ee144a028,GROUP,08014e09-d087-4695-bc4c-9371f6f7221d,belong_to
1089,GROUP,08014e09-d087-4695-bc4c-9371f6f7221d,USER,53427252-0519-4695-bc86-a83ee144a028,part_off
1090,USER,9a065053-5624-4c1d-869c-c5092a2c1e36,GROUP,3916c5a5-453b-449a-831d-e3dc7b2dc003,belong_to
1090,GROUP,3916c5a5-453b-449a-831d-e3dc7b2dc003,USER,9a065053-5624-4c1d-869c-c5092a2c1e36,part_off
1091,USER,4e3e10ec-6e65-4167-835e-a664370e7610,GROUP,e8d88036-894b-418e-995d-f6208dc2672f,belong_to
1091,GROUP,e8d88036-894b-418e-995d-f6208dc2672f,USER,4e3e10ec-6e65-4167-835e-a664370e7610,part_off
1092,USER,7aaa759e-0747-4f33-84d5-1c0ba875063c,GROUP,76fdca05-47d0-437f-8e60-f02994eb53fa,belong_to
1092,GROUP,76fdca05-47d0-437f-8e60-f02994eb53fa,USER,7aaa759e-0747-4f33-84d5-1c0ba875063c,part_off
1093,USER,7cc2548a-e8c5-4114-972d-683071bf1dec,GROUP,f4ff2adb-8cc7-4d1e-953e-bbca3ed7dbad,belong_to
1093,GROUP,f4ff2adb-8cc7-4d1e-953e-bbca3ed7dbad,USER,7cc2548a-e8c5-4114-972d-683071bf1dec,part_off
1094,USER,3db1e545-f156-497c-b969-50e6135a7d91,GROUP,a5d4bc5c-a8f4-4a5a-aa62-dfaba0fe6426,belong_to
1094,GROUP,a5d4bc5c-a8f4-4a5a-aa62-dfaba0fe6426,USER,3db1e545-f156-497c-b969-50e6135a7d91,part_off
1095,USER,35bf6f73-d2f8-4406-a3d8-e3b47ce1ef89,GROUP,d6d0525a-4b55-4fa6-8b89-84116f6f587c,belong_to
1095,GROUP,d6d0525a-4b55-4fa6-8b89-84116f6f587c,USER,35bf6f73-d2f8-4406-a3d8-e3b47ce1ef89,part_off
1096,USER,51bf8808-5e96-45f0-894e-c9624e038c17,GROUP,c8b33595-b27f-4e52-ae23-70710e63d4fe,belong_to
1096,GROUP,c8b33595-b27f-4e52-ae23-70710e63d4fe,USER,51bf8808-5e96-45f0-894e-c9624e038c17,part_off
1097,USER,647f76ca-ef7e-4a5a-b500-800151ce2a47,GROUP,38fe0389-edf3-4bac-a595-ee5c4848b042,belong_to
1097,GROUP,38fe0389-edf3-4bac-a595-ee5c4848b042,USER,647f76ca-ef7e-4a5a-b500-800151ce2a47,part_off
1098,USER,013e1a0f-d1be-4e94-886c-8b401e68a824,GROUP,78d0bf72-b6a4-4043-ac84-83eb5d02a0ee,belong_to
1098,GROUP,78d0bf72-b6a4-4043-ac84-83eb5d02a0ee,USER,013e1a0f-d1be-4e94-886c-8b401e68a824,part_off
1099,USER,6cb69ec1-c40c-41dc-a5e0-e747dd9f620d,GROUP,347b57fb-8f15-42c6-a302-daa7359198a2,belong_to
1099,GROUP,347b57fb-8f15-42c6-a302-daa7359198a2,USER,6cb69ec1-c40c-41dc-a5e0-e747dd9f620d,part_off
1100,USER,1e560fd6-1f78-4119-b106-99084b9bde35,GROUP,06c3c22f-0dcf-4d0b-a2cc-655f5918c886,belong_to
1100,GROUP,06c3c22f-0dcf-4d0b-a2cc-655f5918c886,USER,1e560fd6-1f78-4119-b106-99084b9bde35,part_off
1101,USER,e491c7a5-0f20-4bbe-ba78-568ded01182f,GROUP,daad76b9-2301-450d-b328-93d0583bc1fe,belong_to
1101,GROUP,daad76b9-2301-450d-b328-93d0583bc1fe,USER,e491c7a5-0f20-4bbe-ba78-568ded01182f,part_off
1102,USER,0eb8dc9c-0fdc-45d6-b3ad-d214f9b0d2e6,GROUP,0f91bd89-0938-44d9-9862-eea2daeffa01,belong_to
1102,GROUP,0f91bd89-0938-44d9-9862-eea2daeffa01,USER,0eb8dc9c-0fdc-45d6-b3ad-d214f9b0d2e6,part_off
1103,USER,4adcadc7-d47a-4dc3-8cb6-092302827ad4,GROUP,53bb41f6-f253-4d1d-a3e1-29a09ce1b6bb,belong_to
1103,GROUP,53bb41f6-f253-4d1d-a3e1-29a09ce1b6bb,USER,4adcadc7-d47a-4dc3-8cb6-092302827ad4,part_off
1104,USER,74d812a2-be4e-4c71-82fa-727a4f87a195,GROUP,6dc39a19-204f-4acd-a964-e8f1a76b6bae,belong_to
1104,GROUP,6dc39a19-204f-4acd-a964-e8f1a76b6bae,USER,74d812a2-be4e-4c71-82fa-727a4f87a195,part_off
1105,USER,e005a5cc-526e-4c78-b721-8c549deafd1e,GROUP,00694467-9c47-48bb-9736-e51067339c58,belong_to
1105,GROUP,00694467-9c47-48bb-9736-e51067339c58,USER,e005a5cc-526e-4c78-b721-8c549deafd1e,part_off
1106,USER,63e7230f-d3d4-4606-b33e-00a7fbe94e12,GROUP,620fc4c9-78cd-4aa3-83f0-964523e7e221,belong_to
1106,GROUP,620fc4c9-78cd-4aa3-83f0-964523e7e221,USER,63e7230f-d3d4-4606-b33e-00a7fbe94e12,part_off
1107,USER,6022e58a-c79e-4b09-92b5-8d022c347354,GROUP,861b2a6b-7596-4e44-abaa-293bd98db634,belong_to
1107,GROUP,861b2a6b-7596-4e44-abaa-293bd98db634,USER,6022e58a-c79e-4b09-92b5-8d022c347354,part_off
1108,USER,99e80277-574e-44dc-a0c0-a4b69d7a8a45,GROUP,3589ec29-c791-41f1-b069-61714f44f22b,belong_to
1108,GROUP,3589ec29-c791-41f1-b069-61714f44f22b,USER,99e80277-574e-44dc-a0c0-a4b69d7a8a45,part_off
1109,USER,73efc5ff-78b0-4364-a955-340c86009f1e,GROUP,71847d35-c3a6-49f9-9929-d2b4ef8b2268,belong_to
1109,GROUP,71847d35-c3a6-49f9-9929-d2b4ef8b2268,USER,73efc5ff-78b0-4364-a955-340c86009f1e,part_off
1110,USER,a6dbaa5d-0029-4ec4-ba62-4ae193dbd4ba,GROUP,ed0108a0-4ea2-473e-9ed8-c0ce182c385f,belong_to
1110,GROUP,ed0108a0-4ea2-473e-9ed8-c0ce182c385f,USER,a6dbaa5d-0029-4ec4-ba62-4ae193dbd4ba,part_off
1111,USER,d8c9bd4a-5206-408b-af73-0288640bf204,GROUP,bb515666-3bdd-40a1-bc22-2b9f48b193c1,belong_to
1111,GROUP,bb515666-3bdd-40a1-bc22-2b9f48b193c1,USER,d8c9bd4a-5206-408b-af73-0288640bf204,part_off
1112,USER,b74b1b39-73e5-4a63-81ef-97afdbaf84a9,GROUP,a5887d3e-828f-4d94-922e-a09d5387ee1b,belong_to
1112,GROUP,a5887d3e-828f-4d94-922e-a09d5387ee1b,USER,b74b1b39-73e5-4a63-81ef-97afdbaf84a9,part_off
1113,USER,79a73452-6c6b-4a36-aa6f-7cefa808edad,GROUP,54738f79-fba0-4497-898e-72a1157fa564,belong_to
1113,GROUP,54738f79-fba0-4497-898e-72a1157fa564,USER,79a73452-6c6b-4a36-aa6f-7cefa808edad,part_off
1114,USER,d36713fe-2d6a-49e2-9b3b-1b2733812ca6,GROUP,a5f47a14-09c7-49c3-bd92-56a727d2480d,belong_to
1114,GROUP,a5f47a14-09c7-49c3-bd92-56a727d2480d,USER,d36713fe-2d6a-49e2-9b3b-1b2733812ca6,part_off
1115,USER,0e3a6cdc-477f-4648-9388-ee5e7daabf38,GROUP,324d698a-f0a3-4ea7-8223-b711511b13bc,belong_to
1115,GROUP,324d698a-f0a3-4ea7-8223-b711511b13bc,USER,0e3a6cdc-477f-4648-9388-ee5e7daabf38,part_off
1116,USER,bc78474a-79ec-465e-8e03-e8d8f87f415b,GROUP,9ebc3f63-3976-4ee0-bba6-53202f31432c,belong_to
1116,GROUP,9ebc3f63-3976-4ee0-bba6-53202f31432c,USER,bc78474a-79ec-465e-8e03-e8d8f87f415b,part_off
1117,USER,f1ac1019-9288-45cf-b793-f27d5387bdf0,GROUP,6c2999cc-b5c6-4db2-8ad7-b15731f3029e,belong_to
1117,GROUP,6c2999cc-b5c6-4db2-8ad7-b15731f3029e,USER,f1ac1019-9288-45cf-b793-f27d5387bdf0,part_off
1118,USER,864a50fd-0f1b-4e25-9663-89e253466a30,GROUP,c5a25884-e204-42a2-ae12-51ed2b62231e,belong_to
1118,GROUP,c5a25884-e204-42a2-ae12-51ed2b62231e,USER,864a50fd-0f1b-4e25-9663-89e253466a30,part_off
1119,USER,149c7807-ea6e-44ea-8419-66fe0e38971c,GROUP,f22edae8-5f8c-4ff4-a20b-b109db20fdbb,belong_to
1119,GROUP,f22edae8-5f8c-4ff4-a20b-b109db20fdbb,USER,149c7807-ea6e-44ea-8419-66fe0e38971c,part_off
1120,USER,f18a2135-de7a-467a-b2a2-39132d976ce1,GROUP,b839c5fb-309e-4f2f-9ccd-ad6f2659ae22,belong_to
1120,GROUP,b839c5fb-309e-4f2f-9ccd-ad6f2659ae22,USER,f18a2135-de7a-467a-b2a2-39132d976ce1,part_off
1121,USER,74da9632-bdf4-43f6-97ac-d620fc57fcfe,GROUP,9ed89eed-4179-4a42-9009-ab9b4d8a51f9,belong_to
1121,GROUP,9ed89eed-4179-4a42-9009-ab9b4d8a51f9,USER,74da9632-bdf4-43f6-97ac-d620fc57fcfe,part_off
1122,USER,ab79505b-5cac-4637-8b72-09db8fc1acec,GROUP,0ca93c22-6888-4597-9182-951e17dd01f9,belong_to
1122,GROUP,0ca93c22-6888-4597-9182-951e17dd01f9,USER,ab79505b-5cac-4637-8b72-09db8fc1acec,part_off
1123,USER,2015d1e1-7bee-4516-bf94-1cce3335e952,GROUP,04660d49-fab6-435a-b966-1959aaed0b49,belong_to
1123,GROUP,04660d49-fab6-435a-b966-1959aaed0b49,USER,2015d1e1-7bee-4516-bf94-1cce3335e952,part_off
1124,USER,56de1abe-2c43-45bd-8c55-1a7780a74d3f,GROUP,a7f3eed5-b853-48d0-a496-c4628028240a,belong_to
1124,GROUP,a7f3eed5-b853-48d0-a496-c4628028240a,USER,56de1abe-2c43-45bd-8c55-1a7780a74d3f,part_off
1125,USER,a64ee5f4-6350-4ea8-b294-ef81e7fcfcf4,GROUP,b999dd4d-d860-4450-b631-24a57ddaa664,belong_to
1125,GROUP,b999dd4d-d860-4450-b631-24a57ddaa664,USER,a64ee5f4-6350-4ea8-b294-ef81e7fcfcf4,part_off
1126,USER,9599a12c-fda1-4dfc-940c-2c7cc9e10001,GROUP,9ca32b3c-b03b-45ae-967a-dea03a681594,belong_to
1126,GROUP,9ca32b3c-b03b-45ae-967a-dea03a681594,USER,9599a12c-fda1-4dfc-940c-2c7cc9e10001,part_off
1127,USER,5a96e79f-4e27-4e2a-87fd-cdad66f8746e,GROUP,884b336d-7f78-4420-a0d8-f755e06dcf20,belong_to
1127,GROUP,884b336d-7f78-4420-a0d8-f755e06dcf20,USER,5a96e79f-4e27-4e2a-87fd-cdad66f8746e,part_off
1128,USER,5be5ca3b-59ad-4ec2-8444-fb2c872bd27b,GROUP,3fdf4393-4910-4099-8d71-3562eb90518f,belong_to
1128,GROUP,3fdf4393-4910-4099-8d71-3562eb90518f,USER,5be5ca3b-59ad-4ec2-8444-fb2c872bd27b,part_off
1129,USER,03a7b626-db33-45cc-8b46-9c283b7f499b,GROUP,0d8b0f33-49f6-4189-84ed-e11f71ce7de2,belong_to
1129,GROUP,0d8b0f33-49f6-4189-84ed-e11f71ce7de2,USER,03a7b626-db33-45cc-8b46-9c283b7f499b,part_off
1130,USER,59d050eb-6521-4f72-9288-452b3731b7dd,GROUP,ad99755e-5075-4612-88f7-962d43b6221e,belong_to
1130,GROUP,ad99755e-5075-4612-88f7-962d43b6221e,USER,59d050eb-6521-4f72-9288-452b3731b7dd,part_off
1131,USER,a699a523-3478-40d0-9b31-d2c0a6407cca,GROUP,0b0e5884-1ff2-49cd-9a96-363ba1a9f33a,belong_to
1131,GROUP,0b0e5884-1ff2-49cd-9a96-363ba1a9f33a,USER,a699a523-3478-40d0-9b31-d2c0a6407cca,part_off
1132,USER,e17ffaf1-7840-4d38-bf3a-e6340f73d63e,GROUP,6eda5658-3a3f-4eaa-b23c-6934ebf38ed7,belong_to
1132,GROUP,6eda5658-3a3f-4eaa-b23c-6934ebf38ed7,USER,e17ffaf1-7840-4d38-bf3a-e6340f73d63e,part_off
1133,USER,72534ea3-763d-45e4-8716-ef50641848e8,GROUP,1016715d-4f6a-48ae-bc01-b5017d9e09c8,belong_to
1133,GROUP,1016715d-4f6a-48ae-bc01-b5017d9e09c8,USER,72534ea3-763d-45e4-8716-ef50641848e8,part_off
1134,USER,de6494e7-1528-465e-9e73-01944a3912c2,GROUP,7289b749-b071-40f9-9748-2996e38cf711,belong_to
1134,GROUP,7289b749-b071-40f9-9748-2996e38cf711,USER,de6494e7-1528-465e-9e73-01944a3912c2,part_off
1135,USER,ff23d49b-651a-42fa-80fa-0ff762e9e31e,GROUP,bf084b29-a8d4-4505-8b89-e75a34a47f41,belong_to
1135,GROUP,bf084b29-a8d4-4505-8b89-e75a34a47f41,USER,ff23d49b-651a-42fa-80fa-0ff762e9e31e,part_off
1136,USER,48af0346-dfab-4c1c-a066-7ecd8ae281ec,GROUP,dd008742-0baf-482e-9953-d0cd27bfdcac,belong_to
1136,GROUP,dd008742-0baf-482e-9953-d0cd27bfdcac,USER,48af0346-dfab-4c1c-a066-7ecd8ae281ec,part_off
1137,USER,117b5a7a-f8de-4d42-9812-53da4b6d7a0f,GROUP,7410546f-db34-45f8-8df1-dc2f663a12b0,belong_to
1137,GROUP,7410546f-db34-45f8-8df1-dc2f663a12b0,USER,117b5a7a-f8de-4d42-9812-53da4b6d7a0f,part_off
1138,USER,65cf81b3-aa7e-44ce-9e7a-f45c579c7b3b,GROUP,1756a095-eef2-495d-9650-42a2ceac7363,belong_to
1138,GROUP,1756a095-eef2-495d-9650-42a2ceac7363,USER,65cf81b3-aa7e-44ce-9e7a-f45c579c7b3b,part_off
1139,USER,e485f146-1841-4c9e-8681-4e5ee89e5315,GROUP,df4f4c08-6bec-41f3-aaca-d87cd2ef8b59,belong_to
1139,GROUP,df4f4c08-6bec-41f3-aaca-d87cd2ef8b59,USER,e485f146-1841-4c9e-8681-4e5ee89e5315,part_off
1140,USER,63044b8a-b516-4271-bb22-0d756a919bf3,GROUP,cc98e78a-87cd-4f8f-a421-32b68a29e867,belong_to
1140,GROUP,cc98e78a-87cd-4f8f-a421-32b68a29e867,USER,63044b8a-b516-4271-bb22-0d756a919bf3,part_off
1141,USER,01967c5d-fab9-4f9d-9a70-bd8f6f3243ca,GROUP,5f62d220-066b-4166-9224-7fee5b611873,belong_to
1141,GROUP,5f62d220-066b-4166-9224-7fee5b611873,USER,01967c5d-fab9-4f9d-9a70-bd8f6f3243ca,part_off
1142,USER,cf409e09-cef6-4141-98ed-9f901bc0c7f1,GROUP,1be551ef-0e4d-49ca-b991-4e603a0d59e9,belong_to
1142,GROUP,1be551ef-0e4d-49ca-b991-4e603a0d59e9,USER,cf409e09-cef6-4141-98ed-9f901bc0c7f1,part_off
1143,USER,ecb82e51-980f-452d-9c83-5a2ce3ea7c3f,GROUP,560c7c4a-73d5-4dcc-a3c7-65db10f52ccd,belong_to
1143,GROUP,560c7c4a-73d5-4dcc-a3c7-65db10f52ccd,USER,ecb82e51-980f-452d-9c83-5a2ce3ea7c3f,part_off
1144,USER,b3ec6b4a-31cd-4970-9fe3-6c6446274549,GROUP,ac975825-4b9b-4ab2-ad9a-15ae6875615b,belong_to
1144,GROUP,ac975825-4b9b-4ab2-ad9a-15ae6875615b,USER,b3ec6b4a-31cd-4970-9fe3-6c6446274549,part_off
1145,USER,c3dc863e-cdf7-457b-8090-14d1fe9183c0,GROUP,a5835129-ad27-40f4-9cb5-e154a08d0f5d,belong_to
1145,GROUP,a5835129-ad27-40f4-9cb5-e154a08d0f5d,USER,c3dc863e-cdf7-457b-8090-14d1fe9183c0,part_off
1146,USER,9ffc44f6-4c23-4aae-8f6b-5aa64e622fdd,GROUP,b568f58d-1dc8-4f7f-ac66-2859a1c264f0,belong_to
1146,GROUP,b568f58d-1dc8-4f7f-ac66-2859a1c264f0,USER,9ffc44f6-4c23-4aae-8f6b-5aa64e622fdd,part_off
1147,USER,fe5c1f58-0eba-4826-a16c-c682f75603d7,GROUP,7d18b2c3-c415-42ce-a16a-6ceac160a35f,belong_to
1147,GROUP,7d18b2c3-c415-42ce-a16a-6ceac160a35f,USER,fe5c1f58-0eba-4826-a16c-c682f75603d7,part_off
1148,USER,2c52c657-296c-40b4-bc5b-c8d224137b4d,GROUP,f2c005ec-19b2-4e60-815f-554f598ea851,belong_to
1148,GROUP,f2c005ec-19b2-4e60-815f-554f598ea851,USER,2c52c657-296c-40b4-bc5b-c8d224137b4d,part_off
1149,USER,c57643d0-51dc-465d-8aa3-2f75cb00f8be,GROUP,d03e29ac-3c71-43a5-a53a-f24a76430b89,belong_to
1149,GROUP,d03e29ac-3c71-43a5-a53a-f24a76430b89,USER,c57643d0-51dc-465d-8aa3-2f75cb00f8be,part_off
1150,USER,3cea4afa-46ab-4d45-bdbb-91e231951b5f,GROUP,e234b58e-106e-46ef-94d2-88b7f2132496,belong_to
1150,GROUP,e234b58e-106e-46ef-94d2-88b7f2132496,USER,3cea4afa-46ab-4d45-bdbb-91e231951b5f,part_off
1151,USER,10d78e26-e45e-4ae3-8559-a10147dfc193,GROUP,2bad3363-88fe-493d-a375-ffd4bf15e9d6,belong_to
1151,GROUP,2bad3363-88fe-493d-a375-ffd4bf15e9d6,USER,10d78e26-e45e-4ae3-8559-a10147dfc193,part_off
1152,USER,abf1e320-0aca-4efd-a5b1-4231ac296775,GROUP,fb5f97e5-a8d9-4f29-a2ba-4b0638b2eab2,belong_to
1152,GROUP,fb5f97e5-a8d9-4f29-a2ba-4b0638b2eab2,USER,abf1e320-0aca-4efd-a5b1-4231ac296775,part_off
1153,USER,8dddc57f-176e-4f5a-9e5c-5760db9943c3,GROUP,adf915ff-8c9f-4fd0-89d3-3717a80e2e98,belong_to
1153,GROUP,adf915ff-8c9f-4fd0-89d3-3717a80e2e98,USER,8dddc57f-176e-4f5a-9e5c-5760db9943c3,part_off
1154,USER,23dfe9f5-a395-4f1e-8e31-a09d08d0f913,GROUP,d2e29e4f-2668-4553-9a07-98f5f5f57dcf,belong_to
1154,GROUP,d2e29e4f-2668-4553-9a07-98f5f5f57dcf,USER,23dfe9f5-a395-4f1e-8e31-a09d08d0f913,part_off
1155,USER,e56ea6f7-8965-4af7-bc12-69db2a47f3d2,GROUP,bd1e865c-cecd-42bd-a258-e1595adb571e,belong_to
1155,GROUP,bd1e865c-cecd-42bd-a258-e1595adb571e,USER,e56ea6f7-8965-4af7-bc12-69db2a47f3d2,part_off
1156,USER,1c551b4b-3f54-461f-b013-12b2f99ea3d0,GROUP,586ae82f-2ba2-4ca3-bf67-45e9c0713922,belong_to
1156,GROUP,586ae82f-2ba2-4ca3-bf67-45e9c0713922,USER,1c551b4b-3f54-461f-b013-12b2f99ea3d0,part_off
1157,USER,0e898471-26ce-481b-999d-fd87a3999f59,GROUP,149244c6-5889-4c5d-b1c3-b0d05a293a73,belong_to
1157,GROUP,149244c6-5889-4c5d-b1c3-b0d05a293a73,USER,0e898471-26ce-481b-999d-fd87a3999f59,part_off
1158,USER,4731537b-c48c-45ef-a50f-a956ef321563,GROUP,446e0898-f953-41a4-901d-65c2da8375e9,belong_to
1158,GROUP,446e0898-f953-41a4-901d-65c2da8375e9,USER,4731537b-c48c-45ef-a50f-a956ef321563,part_off
1159,USER,f8177530-5e3a-4e58-85f2-b8271bf906d9,GROUP,ddc12db8-bc7e-4b91-8cc3-bfe0a1061815,belong_to
1159,GROUP,ddc12db8-bc7e-4b91-8cc3-bfe0a1061815,USER,f8177530-5e3a-4e58-85f2-b8271bf906d9,part_off
1160,USER,504bb4f8-de64-4d5b-8884-868034409ecd,GROUP,43c920f7-3fcc-40ff-a7b5-03ed7ecb8081,belong_to
1160,GROUP,43c920f7-3fcc-40ff-a7b5-03ed7ecb8081,USER,504bb4f8-de64-4d5b-8884-868034409ecd,part_off
1161,USER,35ef7739-0d66-495a-9f4f-42731b4764a4,GROUP,7ce99635-b1c5-415b-93dc-fe75992848d1,belong_to
1161,GROUP,7ce99635-b1c5-415b-93dc-fe75992848d1,USER,35ef7739-0d66-495a-9f4f-42731b4764a4,part_off
1162,USER,ae43a671-39de-468e-a1b5-d52ad8c68b68,GROUP,d0a476c4-f1e0-4972-b30f-619d60b24b4d,belong_to
1162,GROUP,d0a476c4-f1e0-4972-b30f-619d60b24b4d,USER,ae43a671-39de-468e-a1b5-d52ad8c68b68,part_off
1163,USER,2877a53f-23cd-4330-b7eb-3a333167e9ce,GROUP,874b8916-216b-4faa-a587-67b891dbbaf1,belong_to
1163,GROUP,874b8916-216b-4faa-a587-67b891dbbaf1,USER,2877a53f-23cd-4330-b7eb-3a333167e9ce,part_off
1164,USER,6da078c5-47e0-4225-8beb-a1161aa2d049,GROUP,df361f95-bb55-4848-9bc1-f3fe4dbb5048,belong_to
1164,GROUP,df361f95-bb55-4848-9bc1-f3fe4dbb5048,USER,6da078c5-47e0-4225-8beb-a1161aa2d049,part_off
1165,USER,423cae88-c64f-42d9-8ffd-0e22da0aa86b,GROUP,1ee75fab-00bf-4adf-826a-a5cacc8b09e4,belong_to
1165,GROUP,1ee75fab-00bf-4adf-826a-a5cacc8b09e4,USER,423cae88-c64f-42d9-8ffd-0e22da0aa86b,part_off
1166,USER,3ac9ff85-cd8e-47c7-9709-7dc65e7fb41e,GROUP,0622760f-4088-431f-a329-c4a6629d94f1,belong_to
1166,GROUP,0622760f-4088-431f-a329-c4a6629d94f1,USER,3ac9ff85-cd8e-47c7-9709-7dc65e7fb41e,part_off
1167,USER,05a48cc4-5209-4e17-a99b-d35cd0ea87f6,GROUP,1b90cd63-d758-41e3-b97f-7ad0373f5ad7,belong_to
1167,GROUP,1b90cd63-d758-41e3-b97f-7ad0373f5ad7,USER,05a48cc4-5209-4e17-a99b-d35cd0ea87f6,part_off
1168,USER,488c97a7-bc9e-4adc-ba38-46ddb13e2662,GROUP,cdf7fd37-1d79-4ea2-93ed-93cd618c4714,belong_to
1168,GROUP,cdf7fd37-1d79-4ea2-93ed-93cd618c4714,USER,488c97a7-bc9e-4adc-ba38-46ddb13e2662,part_off
1169,USER,00747355-d99e-455f-8c7f-9bf702ce76ee,GROUP,41cb0d66-621b-4393-abd4-77a03425bc81,belong_to
1169,GROUP,41cb0d66-621b-4393-abd4-77a03425bc81,USER,00747355-d99e-455f-8c7f-9bf702ce76ee,part_off
1170,USER,85f96013-d680-49d3-95b3-8dfd140aeda2,GROUP,e039b471-d541-47e2-bfae-a16b322dae79,belong_to
1170,GROUP,e039b471-d541-47e2-bfae-a16b322dae79,USER,85f96013-d680-49d3-95b3-8dfd140aeda2,part_off
1171,USER,b9a7f770-70b1-43ec-87f2-e2edd34a9c5a,GROUP,628e1c63-e927-4f58-97f9-62519651b2ca,belong_to
1171,GROUP,628e1c63-e927-4f58-97f9-62519651b2ca,USER,b9a7f770-70b1-43ec-87f2-e2edd34a9c5a,part_off
1172,USER,6af32183-a4f7-47d1-b47d-3973afdcfea0,GROUP,80a84f93-aebf-495a-be06-88ee32d21bd8,belong_to
1172,GROUP,80a84f93-aebf-495a-be06-88ee32d21bd8,USER,6af32183-a4f7-47d1-b47d-3973afdcfea0,part_off
1173,USER,b338f33e-6a2d-4f8c-b453-423f897f0723,GROUP,651cc3c9-02b9-45d2-be31-1bc940903a7a,belong_to
1173,GROUP,651cc3c9-02b9-45d2-be31-1bc940903a7a,USER,b338f33e-6a2d-4f8c-b453-423f897f0723,part_off
1174,USER,1d02287d-23c8-4a87-872c-bc8efe929098,GROUP,523815e6-2a44-47dd-8c34-2576ed268242,belong_to
1174,GROUP,523815e6-2a44-47dd-8c34-2576ed268242,USER,1d02287d-23c8-4a87-872c-bc8efe929098,part_off
1175,USER,c2ec1ea7-1403-4f10-9430-ec4933994102,GROUP,cbd09dbc-080d-4d98-a135-89f4bb93eefa,belong_to
1175,GROUP,cbd09dbc-080d-4d98-a135-89f4bb93eefa,USER,c2ec1ea7-1403-4f10-9430-ec4933994102,part_off
1176,USER,e3130c77-9140-4f18-ac04-0abbfe426761,GROUP,6429d764-3edb-4e73-a664-8e7ce3380ae6,belong_to
1176,GROUP,6429d764-3edb-4e73-a664-8e7ce3380ae6,USER,e3130c77-9140-4f18-ac04-0abbfe426761,part_off
1177,USER,3cb7b3b0-d14b-47ee-acdc-6a3412c4f4b6,GROUP,b82e39df-6f71-4f39-9894-10d605a16594,belong_to
1177,GROUP,b82e39df-6f71-4f39-9894-10d605a16594,USER,3cb7b3b0-d14b-47ee-acdc-6a3412c4f4b6,part_off
1178,USER,d8ee0472-35d6-490a-a070-a340d200a0df,GROUP,48befada-9d54-4da0-ba71-2997dab184f3,belong_to
1178,GROUP,48befada-9d54-4da0-ba71-2997dab184f3,USER,d8ee0472-35d6-490a-a070-a340d200a0df,part_off
1179,USER,ccf68a3c-80f7-4c4a-b2ca-24523f8d8b66,GROUP,ca4512a2-1c57-429f-a669-b5a6b6c0c119,belong_to
1179,GROUP,ca4512a2-1c57-429f-a669-b5a6b6c0c119,USER,ccf68a3c-80f7-4c4a-b2ca-24523f8d8b66,part_off
1180,USER,523463c2-5b1e-4d20-8af7-19f28ba92fbc,GROUP,186ea4ef-ab9c-4f47-b8d9-ae960a536209,belong_to
1180,GROUP,186ea4ef-ab9c-4f47-b8d9-ae960a536209,USER,523463c2-5b1e-4d20-8af7-19f28ba92fbc,part_off
1181,USER,151d005f-74d3-4278-b373-12ce530e8a7e,GROUP,ad6ff97b-8d0f-40fd-93a0-25e3222f0d3a,belong_to
1181,GROUP,ad6ff97b-8d0f-40fd-93a0-25e3222f0d3a,USER,151d005f-74d3-4278-b373-12ce530e8a7e,part_off
1182,USER,e84849a1-437e-433c-8b09-d459ebebe817,GROUP,d0fbc4f5-77ee-4179-834c-bb667419fb73,belong_to
1182,GROUP,d0fbc4f5-77ee-4179-834c-bb667419fb73,USER,e84849a1-437e-433c-8b09-d459ebebe817,part_off
1183,USER,57adebcc-ed99-454d-95b1-cedfc832e7f2,GROUP,4340a1d8-80dd-463a-ae9a-a3ffee69de80,belong_to
1183,GROUP,4340a1d8-80dd-463a-ae9a-a3ffee69de80,USER,57adebcc-ed99-454d-95b1-cedfc832e7f2,part_off
1184,USER,81eed088-fbdc-47e2-994a-6b050c077f55,GROUP,ed4c7ddd-5975-4661-ad7e-66cdd49d0b53,belong_to
1184,GROUP,ed4c7ddd-5975-4661-ad7e-66cdd49d0b53,USER,81eed088-fbdc-47e2-994a-6b050c077f55,part_off
1185,USER,bbbd534b-ba82-4bda-876b-78a4f4e64890,GROUP,31b4aab5-c13b-40a8-8b32-a31ae83263d4,belong_to
1185,GROUP,31b4aab5-c13b-40a8-8b32-a31ae83263d4,USER,bbbd534b-ba82-4bda-876b-78a4f4e64890,part_off
1186,USER,cdb1d4d9-f252-4a3b-b7e7-4c01442bfc30,GROUP,d2e1c80d-721a-4393-b37f-eaec55c830cc,belong_to
1186,GROUP,d2e1c80d-721a-4393-b37f-eaec55c830cc,USER,cdb1d4d9-f252-4a3b-b7e7-4c01442bfc30,part_off
1187,USER,6aa6ef49-42bd-4481-9665-d1f83216faa0,GROUP,7b174249-556f-4e7d-92de-65b14d18587c,belong_to
1187,GROUP,7b174249-556f-4e7d-92de-65b14d18587c,USER,6aa6ef49-42bd-4481-9665-d1f83216faa0,part_off
1188,USER,198c3bef-0774-449b-8960-6c244b9f5a11,GROUP,1e905cb9-4f9f-48d1-a126-c2b45de95e02,belong_to
1188,GROUP,1e905cb9-4f9f-48d1-a126-c2b45de95e02,USER,198c3bef-0774-449b-8960-6c244b9f5a11,part_off
1189,USER,fcc70179-372c-4a2a-87d3-ad2dc8f26c8d,GROUP,6dafb059-0c8a-43d7-9553-d63a457667d3,belong_to
1189,GROUP,6dafb059-0c8a-43d7-9553-d63a457667d3,USER,fcc70179-372c-4a2a-87d3-ad2dc8f26c8d,part_off
1190,USER,bd516884-ca28-40d8-a906-fd8259493061,GROUP,6371905f-1ceb-4a10-901f-ac9a54fd9f6d,belong_to
1190,GROUP,6371905f-1ceb-4a10-901f-ac9a54fd9f6d,USER,bd516884-ca28-40d8-a906-fd8259493061,part_off
1191,USER,4f3a43c1-200a-44d3-b2f1-6c976aa84b6e,GROUP,aca180b2-2f2e-43fd-9a32-88ec17e12a8a,belong_to
1191,GROUP,aca180b2-2f2e-43fd-9a32-88ec17e12a8a,USER,4f3a43c1-200a-44d3-b2f1-6c976aa84b6e,part_off
1192,USER,3c28cadb-c8d1-4a39-9621-4142329c6173,GROUP,d884bca0-20b1-4dca-a45c-a468ebc65094,belong_to
1192,GROUP,d884bca0-20b1-4dca-a45c-a468ebc65094,USER,3c28cadb-c8d1-4a39-9621-4142329c6173,part_off
1193,USER,20093adf-c8c3-4d3f-a259-fc05a82e169e,GROUP,fa5b00f2-0b9d-4c8c-b0d8-5977bbc0eab7,belong_to
1193,GROUP,fa5b00f2-0b9d-4c8c-b0d8-5977bbc0eab7,USER,20093adf-c8c3-4d3f-a259-fc05a82e169e,part_off
1194,USER,4d1b58dc-516e-4f39-bab1-6c4a076c5f48,GROUP,8545117c-0b00-4762-82da-817f2413bc44,belong_to
1194,GROUP,8545117c-0b00-4762-82da-817f2413bc44,USER,4d1b58dc-516e-4f39-bab1-6c4a076c5f48,part_off
1195,USER,6b8bee41-918a-45ef-b803-3e33dc1bc205,GROUP,5682839b-c10e-4a76-8ed3-47eb3b2a7ed2,belong_to
1195,GROUP,5682839b-c10e-4a76-8ed3-47eb3b2a7ed2,USER,6b8bee41-918a-45ef-b803-3e33dc1bc205,part_off
1196,USER,6c76e543-35c0-4162-bf6e-65bb9057879d,GROUP,60e73f1e-bcf8-41f5-8b32-6d783683ddc0,belong_to
1196,GROUP,60e73f1e-bcf8-41f5-8b32-6d783683ddc0,USER,6c76e543-35c0-4162-bf6e-65bb9057879d,part_off
1197,USER,7370c27f-fb9a-4d71-a024-ee6716fee49b,GROUP,ed291a08-d0c4-4092-956f-5baddc7befb1,belong_to
1197,GROUP,ed291a08-d0c4-4092-956f-5baddc7befb1,USER,7370c27f-fb9a-4d71-a024-ee6716fee49b,part_off
1198,USER,b68c8133-fe2e-48fd-adf4-47709baa125e,GROUP,f33690b6-928a-49f1-8617-3ac47d6d22e7,belong_to
1198,GROUP,f33690b6-928a-49f1-8617-3ac47d6d22e7,USER,b68c8133-fe2e-48fd-adf4-47709baa125e,part_off
1199,USER,c1396a0c-970a-47b1-96b0-05555816bf00,GROUP,e1a59c06-d800-47c2-89e9-969ec20fcc9f,belong_to
1199,GROUP,e1a59c06-d800-47c2-89e9-969ec20fcc9f,USER,c1396a0c-970a-47b1-96b0-05555816bf00,part_off
1200,USER,97668845-b14e-4851-902d-cc6a3cff78e1,GROUP,7becdc86-9158-43b0-bba9-597efb9ec3b0,belong_to
1200,GROUP,7becdc86-9158-43b0-bba9-597efb9ec3b0,USER,97668845-b14e-4851-902d-cc6a3cff78e1,part_off
1201,USER,d02a0bc7-a922-4a8f-8316-69cad36c1807,GROUP,e7c80c81-d2dd-490f-a6b9-771bddd73805,belong_to
1201,GROUP,e7c80c81-d2dd-490f-a6b9-771bddd73805,USER,d02a0bc7-a922-4a8f-8316-69cad36c1807,part_off
1202,USER,ef0b7459-c872-4cba-ae28-8860b964852c,GROUP,9f7bf682-06ba-4e07-afcb-621b2375ac31,belong_to
1202,GROUP,9f7bf682-06ba-4e07-afcb-621b2375ac31,USER,ef0b7459-c872-4cba-ae28-8860b964852c,part_off
1203,USER,cf26412e-9938-4635-b8b0-e4961cbb7aa6,GROUP,ebce421a-88a2-4a9f-bd9a-6f384b65d075,belong_to
1203,GROUP,ebce421a-88a2-4a9f-bd9a-6f384b65d075,USER,cf26412e-9938-4635-b8b0-e4961cbb7aa6,part_off
1204,USER,4d57e9b4-c595-4991-bcb4-b022d8628b95,GROUP,1591c7ec-72a3-4ac6-84a8-143608fcc445,belong_to
1204,GROUP,1591c7ec-72a3-4ac6-84a8-143608fcc445,USER,4d57e9b4-c595-4991-bcb4-b022d8628b95,part_off
1205,USER,cd1fb9d7-e9af-4b59-8a1c-0280dfc4bf62,GROUP,32c12c28-0a69-4f82-afd6-4675fd2fc153,belong_to
1205,GROUP,32c12c28-0a69-4f82-afd6-4675fd2fc153,USER,cd1fb9d7-e9af-4b59-8a1c-0280dfc4bf62,part_off
1206,USER,86e41d8d-1b32-4bb9-a96f-6f9772cf776a,GROUP,800f6b1f-0d02-4d8c-ba7e-c908478ff663,belong_to
1206,GROUP,800f6b1f-0d02-4d8c-ba7e-c908478ff663,USER,86e41d8d-1b32-4bb9-a96f-6f9772cf776a,part_off
1207,USER,165aaf58-db35-4350-933d-5dbdad4cb8a7,GROUP,439a7635-0b8e-4aed-995e-6f657c40cb4d,belong_to
1207,GROUP,439a7635-0b8e-4aed-995e-6f657c40cb4d,USER,165aaf58-db35-4350-933d-5dbdad4cb8a7,part_off
1208,USER,488d53b3-3926-43d9-8988-4616eff90661,GROUP,ea592422-bd1e-4779-9480-45fc8c25c16b,belong_to
1208,GROUP,ea592422-bd1e-4779-9480-45fc8c25c16b,USER,488d53b3-3926-43d9-8988-4616eff90661,part_off
1209,USER,e259e38e-8498-4342-809a-db5cb6e00de4,GROUP,a4b796c1-29db-4197-948b-b69a7148294b,belong_to
1209,GROUP,a4b796c1-29db-4197-948b-b69a7148294b,USER,e259e38e-8498-4342-809a-db5cb6e00de4,part_off
1210,USER,1c35f2c0-9ed3-4f72-b5d4-6d9b60f5cd9d,GROUP,3dba157f-7290-4f34-a44d-15672c1d4f1c,belong_to
1210,GROUP,3dba157f-7290-4f34-a44d-15672c1d4f1c,USER,1c35f2c0-9ed3-4f72-b5d4-6d9b60f5cd9d,part_off
1211,USER,caf1d0eb-ad87-46ec-bf8b-053d2a82bfff,GROUP,c343fd69-43f8-484c-be41-b50cdb430f3c,belong_to
1211,GROUP,c343fd69-43f8-484c-be41-b50cdb430f3c,USER,caf1d0eb-ad87-46ec-bf8b-053d2a82bfff,part_off
1212,USER,0e21b816-0354-436f-a0cf-98649895a88f,GROUP,65f9b267-8cb0-4962-a6e6-943379690135,belong_to
1212,GROUP,65f9b267-8cb0-4962-a6e6-943379690135,USER,0e21b816-0354-436f-a0cf-98649895a88f,part_off
1213,USER,66057be3-f7a5-4149-84c7-7e084735d2ef,GROUP,203012f5-52c3-4d8d-a176-d6c302099570,belong_to
1213,GROUP,203012f5-52c3-4d8d-a176-d6c302099570,USER,66057be3-f7a5-4149-84c7-7e084735d2ef,part_off
1214,USER,8435629e-6e28-4ed9-8de8-bd71984e78b6,GROUP,ea1016c7-0cfe-4727-8e11-12a7ed43cb77,belong_to
1214,GROUP,ea1016c7-0cfe-4727-8e11-12a7ed43cb77,USER,8435629e-6e28-4ed9-8de8-bd71984e78b6,part_off
1215,USER,56dc43e7-bfa9-4ae5-8c87-f69190d5e94e,GROUP,26508750-a11d-4946-bd6e-eccc22d67abe,belong_to
1215,GROUP,26508750-a11d-4946-bd6e-eccc22d67abe,USER,56dc43e7-bfa9-4ae5-8c87-f69190d5e94e,part_off
1216,USER,c66d16f8-a001-4f06-81ed-dc28228d767b,GROUP,6f17c0ca-57b8-46c5-a001-066ed414e10b,belong_to
1216,GROUP,6f17c0ca-57b8-46c5-a001-066ed414e10b,USER,c66d16f8-a001-4f06-81ed-dc28228d767b,part_off
1217,USER,b5f62fac-3ecf-4153-a118-7915eef93d7f,GROUP,85365aba-863b-4500-9c28-73b8a8a4b295,belong_to
1217,GROUP,85365aba-863b-4500-9c28-73b8a8a4b295,USER,b5f62fac-3ecf-4153-a118-7915eef93d7f,part_off
1218,USER,80f60f8d-f49d-4a2c-b295-147887d82c38,GROUP,2aa64bbf-31eb-4446-afb2-b290558175c7,belong_to
1218,GROUP,2aa64bbf-31eb-4446-afb2-b290558175c7,USER,80f60f8d-f49d-4a2c-b295-147887d82c38,part_off
1219,USER,f5d34e1a-93ca-4d67-b9f5-e3148cbf7a60,GROUP,a1f9343b-c690-4049-8c2d-af2f3c36fc6f,belong_to
1219,GROUP,a1f9343b-c690-4049-8c2d-af2f3c36fc6f,USER,f5d34e1a-93ca-4d67-b9f5-e3148cbf7a60,part_off
1220,USER,9f51298c-4442-4987-90d0-795976d143a6,GROUP,8b54255e-e862-413b-a307-14250f082dd5,belong_to
1220,GROUP,8b54255e-e862-413b-a307-14250f082dd5,USER,9f51298c-4442-4987-90d0-795976d143a6,part_off
1221,USER,b689a50f-f13a-43ca-9ccc-fad7d51827f2,GROUP,6d2711ca-cc5e-4259-bdd3-003a673b7068,belong_to
1221,GROUP,6d2711ca-cc5e-4259-bdd3-003a673b7068,USER,b689a50f-f13a-43ca-9ccc-fad7d51827f2,part_off
1222,USER,e3b37c71-2bf2-4e59-bbb9-4a616839a4d9,GROUP,d171d029-8bb7-4e4b-8a1c-870cbedc57cc,belong_to
1222,GROUP,d171d029-8bb7-4e4b-8a1c-870cbedc57cc,USER,e3b37c71-2bf2-4e59-bbb9-4a616839a4d9,part_off
1223,USER,6a390cca-2a9e-4399-b535-468fdd9484b3,GROUP,37f86eb1-ca9b-47b7-822d-91ef8493640a,belong_to
1223,GROUP,37f86eb1-ca9b-47b7-822d-91ef8493640a,USER,6a390cca-2a9e-4399-b535-468fdd9484b3,part_off
1224,USER,6a401a41-1052-45fb-a6da-4cb5164a6616,GROUP,30f8720d-fe6c-4d3a-a255-d556150f1136,belong_to
1224,GROUP,30f8720d-fe6c-4d3a-a255-d556150f1136,USER,6a401a41-1052-45fb-a6da-4cb5164a6616,part_off
1225,USER,60ef4860-2824-4134-9f91-abe9dd627161,GROUP,252c05a0-bb1e-45de-aabf-31efe52d0950,belong_to
1225,GROUP,252c05a0-bb1e-45de-aabf-31efe52d0950,USER,60ef4860-2824-4134-9f91-abe9dd627161,part_off
1226,USER,8412733a-9336-442e-8b7a-9fab2a83e81b,GROUP,17d4ad53-a9f1-4ea4-bfd9-0cb56952551c,belong_to
1226,GROUP,17d4ad53-a9f1-4ea4-bfd9-0cb56952551c,USER,8412733a-9336-442e-8b7a-9fab2a83e81b,part_off
1227,USER,dbc72ca0-a588-4b29-9f4c-d89d5d05f146,GROUP,ae4e15bd-f1aa-47cb-9fc9-24c9c52cdd6a,belong_to
1227,GROUP,ae4e15bd-f1aa-47cb-9fc9-24c9c52cdd6a,USER,dbc72ca0-a588-4b29-9f4c-d89d5d05f146,part_off
1228,USER,a0dd9516-6620-48ff-a55d-001adcf935ba,GROUP,603853db-bdcf-42ab-b9a2-217b90043110,belong_to
1228,GROUP,603853db-bdcf-42ab-b9a2-217b90043110,USER,a0dd9516-6620-48ff-a55d-001adcf935ba,part_off
1229,USER,0b036776-3d77-4456-86d5-d8c3840bf1fd,GROUP,87f232ab-3b85-4db8-9dc1-525abc9b23b0,belong_to
1229,GROUP,87f232ab-3b85-4db8-9dc1-525abc9b23b0,USER,0b036776-3d77-4456-86d5-d8c3840bf1fd,part_off
1230,USER,3ca0293a-4d6b-4923-9a2f-8ab6c7663a7f,GROUP,a4d93a6e-a8c7-4ce0-8c83-fd4e38e04941,belong_to
1230,GROUP,a4d93a6e-a8c7-4ce0-8c83-fd4e38e04941,USER,3ca0293a-4d6b-4923-9a2f-8ab6c7663a7f,part_off
1231,USER,5dc81635-e27d-4229-b617-40226495da73,GROUP,66045758-a1f0-405d-8cbe-6f1f97b0c568,belong_to
1231,GROUP,66045758-a1f0-405d-8cbe-6f1f97b0c568,USER,5dc81635-e27d-4229-b617-40226495da73,part_off
1232,USER,873687d4-4b25-427d-9abe-68cb7be8c1a9,GROUP,08dc3163-7b6b-470b-8365-353b64236453,belong_to
1232,GROUP,08dc3163-7b6b-470b-8365-353b64236453,USER,873687d4-4b25-427d-9abe-68cb7be8c1a9,part_off
1233,USER,5c494e89-7bb9-40d1-b339-ba2ae7a5ee94,GROUP,88c6afb8-b6f9-4d42-81a3-588b9f8b79ed,belong_to
1233,GROUP,88c6afb8-b6f9-4d42-81a3-588b9f8b79ed,USER,5c494e89-7bb9-40d1-b339-ba2ae7a5ee94,part_off
1234,USER,403c61f9-8a26-4be1-b927-06ed434019aa,GROUP,84dfec6b-d5d0-4ab6-9430-1a2b7b623de7,belong_to
1234,GROUP,84dfec6b-d5d0-4ab6-9430-1a2b7b623de7,USER,403c61f9-8a26-4be1-b927-06ed434019aa,part_off
1235,USER,145cbc79-d975-44d2-955c-8538c13712e5,GROUP,6932b38e-f6c4-49b5-bf98-c8e84e27c1c0,belong_to
1235,GROUP,6932b38e-f6c4-49b5-bf98-c8e84e27c1c0,USER,145cbc79-d975-44d2-955c-8538c13712e5,part_off
1236,USER,6a763a26-0515-4dd4-801c-c7bd5771b86f,GROUP,7eecc36b-ae50-42b4-b543-2ddf31ad69cc,belong_to
1236,GROUP,7eecc36b-ae50-42b4-b543-2ddf31ad69cc,USER,6a763a26-0515-4dd4-801c-c7bd5771b86f,part_off
1237,USER,7a9af40b-bbde-44cd-977a-366047065e20,GROUP,eeeeb94b-9c94-4c1d-84f7-437a6f659d55,belong_to
1237,GROUP,eeeeb94b-9c94-4c1d-84f7-437a6f659d55,USER,7a9af40b-bbde-44cd-977a-366047065e20,part_off
1238,USER,2f36bbf9-fcb0-4da9-88cf-819622654832,GROUP,23379293-9499-46e9-9bfd-c8997d7d2036,belong_to
1238,GROUP,23379293-9499-46e9-9bfd-c8997d7d2036,USER,2f36bbf9-fcb0-4da9-88cf-819622654832,part_off
1239,USER,e14051c4-c797-4a61-ac34-42799b976477,GROUP,c4066f23-52af-437b-8495-148afe50abc3,belong_to
1239,GROUP,c4066f23-52af-437b-8495-148afe50abc3,USER,e14051c4-c797-4a61-ac34-42799b976477,part_off
1240,USER,99123be5-ed6e-425d-82dc-b33f8e57b290,GROUP,1304910f-cd50-45eb-9fd8-d0f509d7dcf6,belong_to
1240,GROUP,1304910f-cd50-45eb-9fd8-d0f509d7dcf6,USER,99123be5-ed6e-425d-82dc-b33f8e57b290,part_off
1241,USER,16c8755a-770b-4f9f-899e-256dba1a48cd,GROUP,6492f2b9-b346-4bfa-b062-76caf0ab2687,belong_to
1241,GROUP,6492f2b9-b346-4bfa-b062-76caf0ab2687,USER,16c8755a-770b-4f9f-899e-256dba1a48cd,part_off
1242,USER,044df357-6520-4144-8cc9-152647dcb0f2,GROUP,f310ad3d-2ba3-4062-aec7-1ab4744f0880,belong_to
1242,GROUP,f310ad3d-2ba3-4062-aec7-1ab4744f0880,USER,044df357-6520-4144-8cc9-152647dcb0f2,part_off
1243,USER,976a81f6-e65d-4840-8111-9888e149dd5a,GROUP,232494ac-ba64-4a1a-a3c3-e97b0447bfdf,belong_to
1243,GROUP,232494ac-ba64-4a1a-a3c3-e97b0447bfdf,USER,976a81f6-e65d-4840-8111-9888e149dd5a,part_off
1244,USER,3b497e97-29cf-4944-bd6d-9a1c77a630d8,GROUP,d26c8a52-9fd7-4e7a-af54-2f017420eb97,belong_to
1244,GROUP,d26c8a52-9fd7-4e7a-af54-2f017420eb97,USER,3b497e97-29cf-4944-bd6d-9a1c77a630d8,part_off
1245,USER,a5d21558-7977-448a-89d1-66ed9afb61cc,GROUP,5051a1e5-6574-4595-8844-b69608411c97,belong_to
1245,GROUP,5051a1e5-6574-4595-8844-b69608411c97,USER,a5d21558-7977-448a-89d1-66ed9afb61cc,part_off
1246,USER,6192020c-984d-45e7-a316-8f6c514ad481,GROUP,e7ec6f08-9269-446a-97f8-b6fb88a85cec,belong_to
1246,GROUP,e7ec6f08-9269-446a-97f8-b6fb88a85cec,USER,6192020c-984d-45e7-a316-8f6c514ad481,part_off
1247,USER,0f0ec908-3a30-44cb-a4af-b1e861d5155e,GROUP,d90fadc8-a932-4e00-be75-2c6b9ce31888,belong_to
1247,GROUP,d90fadc8-a932-4e00-be75-2c6b9ce31888,USER,0f0ec908-3a30-44cb-a4af-b1e861d5155e,part_off
1248,USER,21bdc354-756a-45ad-a630-4b94a30b3b5d,GROUP,09491d64-b423-4bd2-b83d-bb24f0805701,belong_to
1248,GROUP,09491d64-b423-4bd2-b83d-bb24f0805701,USER,21bdc354-756a-45ad-a630-4b94a30b3b5d,part_off
1249,USER,99f93689-b348-4fd3-bbef-1fd8d8e17115,GROUP,7704f7ea-8c73-4883-9d55-6371db345009,belong_to
1249,GROUP,7704f7ea-8c73-4883-9d55-6371db345009,USER,99f93689-b348-4fd3-bbef-1fd8d8e17115,part_off
1250,USER,15f7c2d1-1cd3-4313-ac11-fee0d8c83f2d,GROUP,38da25a6-60d9-4216-ac2e-e2c997fd2abb,belong_to
1250,GROUP,38da25a6-60d9-4216-ac2e-e2c997fd2abb,USER,15f7c2d1-1cd3-4313-ac11-fee0d8c83f2d,part_off
1251,USER,e60157a8-b266-4f6e-a144-979e5d521091,GROUP,be8afd52-3aa2-47e5-b56c-87895e53310f,belong_to
1251,GROUP,be8afd52-3aa2-47e5-b56c-87895e53310f,USER,e60157a8-b266-4f6e-a144-979e5d521091,part_off
1252,USER,2a029ba8-856d-405d-8dde-434d6ab86cbf,GROUP,a0fbc966-1f11-4afc-9f6a-0fb111e50374,belong_to
1252,GROUP,a0fbc966-1f11-4afc-9f6a-0fb111e50374,USER,2a029ba8-856d-405d-8dde-434d6ab86cbf,part_off
1253,USER,c1f89279-7c87-4c74-9481-446953968e43,GROUP,85ff89b5-f36d-43c3-8fec-410ec13ef2d8,belong_to
1253,GROUP,85ff89b5-f36d-43c3-8fec-410ec13ef2d8,USER,c1f89279-7c87-4c74-9481-446953968e43,part_off
1254,USER,20457d53-0e66-45fe-a259-0b79612de576,GROUP,8a1cd128-c888-47ad-bb7e-a0a8f3e6b41d,belong_to
1254,GROUP,8a1cd128-c888-47ad-bb7e-a0a8f3e6b41d,USER,20457d53-0e66-45fe-a259-0b79612de576,part_off
1255,USER,c8c39c8e-39c2-4524-9731-874056e8640d,GROUP,6e3ab759-f29f-45d0-ab7d-f0b1f316000d,belong_to
1255,GROUP,6e3ab759-f29f-45d0-ab7d-f0b1f316000d,USER,c8c39c8e-39c2-4524-9731-874056e8640d,part_off
1256,USER,99515035-ee3a-418f-9cad-9971de6caa37,GROUP,6b3281a5-9aa9-40c7-b62b-afa23a2657ab,belong_to
1256,GROUP,6b3281a5-9aa9-40c7-b62b-afa23a2657ab,USER,99515035-ee3a-418f-9cad-9971de6caa37,part_off
1257,USER,59965ce5-268f-4f03-bdf3-1e3c29c27dc6,GROUP,0bf8d6af-acba-43fe-ac00-71bd32235c63,belong_to
1257,GROUP,0bf8d6af-acba-43fe-ac00-71bd32235c63,USER,59965ce5-268f-4f03-bdf3-1e3c29c27dc6,part_off
1258,USER,d600829d-a5c4-46f8-b2c1-21dcb92bc4c4,GROUP,0ef8c3d4-d9ca-46c3-9d06-e74b4d890430,belong_to
1258,GROUP,0ef8c3d4-d9ca-46c3-9d06-e74b4d890430,USER,d600829d-a5c4-46f8-b2c1-21dcb92bc4c4,part_off
1259,USER,53532a59-f877-40f8-a7de-f3a8d55aa532,GROUP,ebda20de-bf0d-4ab3-a24f-4fed807981f8,belong_to
1259,GROUP,ebda20de-bf0d-4ab3-a24f-4fed807981f8,USER,53532a59-f877-40f8-a7de-f3a8d55aa532,part_off
1260,USER,33faef9d-2cb8-45ff-b02f-582ff987bb9e,GROUP,279314e6-cf3b-42f2-aa40-a67ea185b5b9,belong_to
1260,GROUP,279314e6-cf3b-42f2-aa40-a67ea185b5b9,USER,33faef9d-2cb8-45ff-b02f-582ff987bb9e,part_off
1261,USER,bbd005a5-87ae-4eab-a034-7a00096dd4a0,GROUP,4cb71b74-3a7a-40b6-a898-1c370bf1e8fe,belong_to
1261,GROUP,4cb71b74-3a7a-40b6-a898-1c370bf1e8fe,USER,bbd005a5-87ae-4eab-a034-7a00096dd4a0,part_off
1262,USER,7e604b64-2819-461d-ad16-53db0748bdfc,GROUP,77c51a76-efd9-41fd-906a-101f05c1dc5f,belong_to
1262,GROUP,77c51a76-efd9-41fd-906a-101f05c1dc5f,USER,7e604b64-2819-461d-ad16-53db0748bdfc,part_off
1263,USER,b7cc2593-2a9c-48af-af8d-41cc54363c39,GROUP,967cf1cc-d74e-40d7-b0bc-033055a731cb,belong_to
1263,GROUP,967cf1cc-d74e-40d7-b0bc-033055a731cb,USER,b7cc2593-2a9c-48af-af8d-41cc54363c39,part_off
1264,USER,fe24f6f1-4d10-41c7-b754-7d545bedcc63,GROUP,bfe05443-ae10-4b1a-bd4b-135a611d297f,belong_to
1264,GROUP,bfe05443-ae10-4b1a-bd4b-135a611d297f,USER,fe24f6f1-4d10-41c7-b754-7d545bedcc63,part_off
1265,USER,b47a7743-c663-40eb-b8ae-ea2c51f88e2a,GROUP,723030ba-360d-4795-b184-1db6470a388c,belong_to
1265,GROUP,723030ba-360d-4795-b184-1db6470a388c,USER,b47a7743-c663-40eb-b8ae-ea2c51f88e2a,part_off
1266,USER,b614ae38-6af4-460b-93ea-0479d4d2008d,GROUP,fa606a56-b1f4-451d-9d84-886f34eda41c,belong_to
1266,GROUP,fa606a56-b1f4-451d-9d84-886f34eda41c,USER,b614ae38-6af4-460b-93ea-0479d4d2008d,part_off
1267,USER,57f9867e-93ef-46ea-92cf-565fbf33e3ac,GROUP,cb362198-4103-4481-a91c-0885736d50ed,belong_to
1267,GROUP,cb362198-4103-4481-a91c-0885736d50ed,USER,57f9867e-93ef-46ea-92cf-565fbf33e3ac,part_off
1268,USER,80079b60-d88b-4701-b52c-4514dc931de1,GROUP,aeb196c7-4567-442c-bd8f-10cbf4019b98,belong_to
1268,GROUP,aeb196c7-4567-442c-bd8f-10cbf4019b98,USER,80079b60-d88b-4701-b52c-4514dc931de1,part_off
1269,USER,ee20d557-b625-4e61-881c-b2c68aa7161c,GROUP,6637330c-3cb0-4079-9c3c-c5dd32e179f5,belong_to
1269,GROUP,6637330c-3cb0-4079-9c3c-c5dd32e179f5,USER,ee20d557-b625-4e61-881c-b2c68aa7161c,part_off
1270,USER,e66ee174-d5d1-45e2-a6e1-471c4f929c56,GROUP,6903f3a3-412a-4f79-90ee-f731cf8e3a10,belong_to
1270,GROUP,6903f3a3-412a-4f79-90ee-f731cf8e3a10,USER,e66ee174-d5d1-45e2-a6e1-471c4f929c56,part_off
1271,USER,e2f6ee38-0bf3-4c07-bbd2-d3b1d52af340,GROUP,9a6c8371-2e61-4912-9179-df80c290f19c,belong_to
1271,GROUP,9a6c8371-2e61-4912-9179-df80c290f19c,USER,e2f6ee38-0bf3-4c07-bbd2-d3b1d52af340,part_off
1272,USER,15a90e5d-8462-4111-a778-4a4ba6be5160,GROUP,2629e0de-4769-41c4-9883-e69fb1136c2c,belong_to
1272,GROUP,2629e0de-4769-41c4-9883-e69fb1136c2c,USER,15a90e5d-8462-4111-a778-4a4ba6be5160,part_off
1273,USER,35a510cd-f107-40ea-bf9f-01e3d2d9a406,GROUP,23ba155a-50a9-4ce1-b0f0-88975d11c62c,belong_to
1273,GROUP,23ba155a-50a9-4ce1-b0f0-88975d11c62c,USER,35a510cd-f107-40ea-bf9f-01e3d2d9a406,part_off
1274,USER,89c4ddb1-9bd0-4b7a-8a35-1246b0001959,GROUP,0e0d337b-cfe4-4668-9083-76065c4e9a56,belong_to
1274,GROUP,0e0d337b-cfe4-4668-9083-76065c4e9a56,USER,89c4ddb1-9bd0-4b7a-8a35-1246b0001959,part_off
1275,USER,0a45b736-464f-4a19-bac4-e5b92be1f6c2,GROUP,1ad668da-6753-47c9-bf58-5a5548e0458c,belong_to
1275,GROUP,1ad668da-6753-47c9-bf58-5a5548e0458c,USER,0a45b736-464f-4a19-bac4-e5b92be1f6c2,part_off
1276,USER,e1b11e36-1f3f-44b8-8e2d-d479f857f8b2,GROUP,e782fefc-6a33-4d8c-b09a-698ab41efd87,belong_to
1276,GROUP,e782fefc-6a33-4d8c-b09a-698ab41efd87,USER,e1b11e36-1f3f-44b8-8e2d-d479f857f8b2,part_off
1277,USER,fd01cf4f-9702-4497-a051-54920b9e4cd3,GROUP,0068179c-0fbe-42ce-b8cf-ab58e7ac93ec,belong_to
1277,GROUP,0068179c-0fbe-42ce-b8cf-ab58e7ac93ec,USER,fd01cf4f-9702-4497-a051-54920b9e4cd3,part_off
1278,USER,82cc0b1f-54fd-40e3-b562-5b2d7c9dddd7,GROUP,94b62035-6044-4a6d-b374-484af832f8ef,belong_to
1278,GROUP,94b62035-6044-4a6d-b374-484af832f8ef,USER,82cc0b1f-54fd-40e3-b562-5b2d7c9dddd7,part_off
1279,USER,7ae08349-424f-491a-866a-43d1aaa99803,GROUP,a28fa92c-6d51-43c1-adfe-090d468c86d6,belong_to
1279,GROUP,a28fa92c-6d51-43c1-adfe-090d468c86d6,USER,7ae08349-424f-491a-866a-43d1aaa99803,part_off
1280,USER,78e22469-235a-4df0-b73b-2d68e159d111,GROUP,e90cac4f-054a-4cec-bd9b-ed55b5729646,belong_to
1280,GROUP,e90cac4f-054a-4cec-bd9b-ed55b5729646,USER,78e22469-235a-4df0-b73b-2d68e159d111,part_off
1281,USER,22eb88ad-c799-4fbf-a959-f806d60b7659,GROUP,02fc21bf-5a3e-4cf6-87a5-82a8fdb532d5,belong_to
1281,GROUP,02fc21bf-5a3e-4cf6-87a5-82a8fdb532d5,USER,22eb88ad-c799-4fbf-a959-f806d60b7659,part_off
1282,USER,81deabd8-50df-415b-ae53-2b3cbdbd5aac,GROUP,f03760f7-4a3e-4af5-a1ae-543c4d656ca1,belong_to
1282,GROUP,f03760f7-4a3e-4af5-a1ae-543c4d656ca1,USER,81deabd8-50df-415b-ae53-2b3cbdbd5aac,part_off
1283,USER,b96e4819-ca0a-4f07-8222-88beb2f36c14,GROUP,6c743200-cbcb-49e4-afa0-01de6d62f569,belong_to
1283,GROUP,6c743200-cbcb-49e4-afa0-01de6d62f569,USER,b96e4819-ca0a-4f07-8222-88beb2f36c14,part_off
1284,USER,abb3b21a-9f7c-425b-8394-fa05b2ab8de3,GROUP,10cfbfca-67c9-48e6-b1a2-2c2cec68675c,belong_to
1284,GROUP,10cfbfca-67c9-48e6-b1a2-2c2cec68675c,USER,abb3b21a-9f7c-425b-8394-fa05b2ab8de3,part_off
1285,USER,48d5e568-1d23-45a0-b641-abbe25776247,GROUP,a66bd14a-0476-4a3c-b916-02422bba2093,belong_to
1285,GROUP,a66bd14a-0476-4a3c-b916-02422bba2093,USER,48d5e568-1d23-45a0-b641-abbe25776247,part_off
1286,USER,69a5ce08-1cef-4797-a1bd-74dbba984318,GROUP,ed42dc77-c5e5-4c01-bca7-bfe49402ef15,belong_to
1286,GROUP,ed42dc77-c5e5-4c01-bca7-bfe49402ef15,USER,69a5ce08-1cef-4797-a1bd-74dbba984318,part_off
1287,USER,59cdf1d4-b5d5-4306-b0d9-b4003f61157e,GROUP,853334cf-c923-42de-b9a9-9b3a2be10e7b,belong_to
1287,GROUP,853334cf-c923-42de-b9a9-9b3a2be10e7b,USER,59cdf1d4-b5d5-4306-b0d9-b4003f61157e,part_off
1288,USER,f2bea550-0ad9-4796-a5a1-1828bf1b483b,GROUP,125ad23f-4d80-459e-873b-2eebecb260df,belong_to
1288,GROUP,125ad23f-4d80-459e-873b-2eebecb260df,USER,f2bea550-0ad9-4796-a5a1-1828bf1b483b,part_off
1289,USER,cfa6c2e9-b9ed-4d62-aac5-933ad6d4bbcd,GROUP,c6bd8cfb-3165-4fc4-a8ff-4b0a08c8f037,belong_to
1289,GROUP,c6bd8cfb-3165-4fc4-a8ff-4b0a08c8f037,USER,cfa6c2e9-b9ed-4d62-aac5-933ad6d4bbcd,part_off
1290,USER,948c28e6-5640-4c43-b3b0-bebec0e7a723,GROUP,2552a3db-3902-4c2c-8a59-dff6d491cb2d,belong_to
1290,GROUP,2552a3db-3902-4c2c-8a59-dff6d491cb2d,USER,948c28e6-5640-4c43-b3b0-bebec0e7a723,part_off
1291,USER,90c46383-3d46-48f6-acf6-703e127db835,GROUP,e26993ed-2397-4f47-a666-2a0e11c241e2,belong_to
1291,GROUP,e26993ed-2397-4f47-a666-2a0e11c241e2,USER,90c46383-3d46-48f6-acf6-703e127db835,part_off
1292,USER,139a3bc4-0bce-4ff0-99c4-a7d0ef346636,GROUP,1b402a5a-a39e-4f5b-a4e7-cd585b4905cd,belong_to
1292,GROUP,1b402a5a-a39e-4f5b-a4e7-cd585b4905cd,USER,139a3bc4-0bce-4ff0-99c4-a7d0ef346636,part_off
1293,USER,93d2860b-58ad-42c8-b591-902d8bff6f90,GROUP,d3808930-0cb7-49fd-ba2b-156af84fd953,belong_to
1293,GROUP,d3808930-0cb7-49fd-ba2b-156af84fd953,USER,93d2860b-58ad-42c8-b591-902d8bff6f90,part_off
1294,USER,aad8b3b5-6d08-4989-9dff-792e89266902,GROUP,324d3e2c-491d-47c7-872d-7d9f158c92f4,belong_to
1294,GROUP,324d3e2c-491d-47c7-872d-7d9f158c92f4,USER,aad8b3b5-6d08-4989-9dff-792e89266902,part_off
1295,USER,13207733-627b-46a0-899d-dba500900fb2,GROUP,52fc4ea6-b2fe-4fbd-bc44-99e9b928ae8d,belong_to
1295,GROUP,52fc4ea6-b2fe-4fbd-bc44-99e9b928ae8d,USER,13207733-627b-46a0-899d-dba500900fb2,part_off
1296,USER,97768c5a-8dd6-4294-9dab-5357214b12db,GROUP,e3846235-6801-4c9b-b6c7-41166dfc2080,belong_to
1296,GROUP,e3846235-6801-4c9b-b6c7-41166dfc2080,USER,97768c5a-8dd6-4294-9dab-5357214b12db,part_off
1297,USER,818dd757-7740-4677-afd2-6b9744e10637,GROUP,09c38378-5b72-4299-b800-c8e1db1b204d,belong_to
1297,GROUP,09c38378-5b72-4299-b800-c8e1db1b204d,USER,818dd757-7740-4677-afd2-6b9744e10637,part_off
1298,USER,c4df44fb-6197-4f8a-9cc7-18d4eceb023d,GROUP,74507f4d-0eac-4b34-ba43-de88874f8bf5,belong_to
1298,GROUP,74507f4d-0eac-4b34-ba43-de88874f8bf5,USER,c4df44fb-6197-4f8a-9cc7-18d4eceb023d,part_off
1299,USER,8cd78368-7bf2-4065-9ae9-9ced844d7871,GROUP,ea3e6594-783e-4ec2-a3a2-6f411b1c948c,belong_to
1299,GROUP,ea3e6594-783e-4ec2-a3a2-6f411b1c948c,USER,8cd78368-7bf2-4065-9ae9-9ced844d7871,part_off
1300,USER,c4205e67-c8aa-43f7-8ff4-2813579f0d30,GROUP,65d49a82-a222-48f0-8a97-8cb437229e4d,belong_to
1300,GROUP,65d49a82-a222-48f0-8a97-8cb437229e4d,USER,c4205e67-c8aa-43f7-8ff4-2813579f0d30,part_off
1301,USER,9c4b1511-040a-4537-97c9-021d17274373,GROUP,113f958d-a755-4b11-bdee-63a095cb0ac7,belong_to
1301,GROUP,113f958d-a755-4b11-bdee-63a095cb0ac7,USER,9c4b1511-040a-4537-97c9-021d17274373,part_off
1302,USER,dcf77a88-0d8f-4d85-87d7-699182273bde,GROUP,296581b1-1997-4dbd-ad4f-d7c4cc311ff0,belong_to
1302,GROUP,296581b1-1997-4dbd-ad4f-d7c4cc311ff0,USER,dcf77a88-0d8f-4d85-87d7-699182273bde,part_off
1303,USER,58a65dd2-309e-41ba-b50b-cc6d4d851245,GROUP,1b150920-f3be-43d5-9a13-0bf1b082e55f,belong_to
1303,GROUP,1b150920-f3be-43d5-9a13-0bf1b082e55f,USER,58a65dd2-309e-41ba-b50b-cc6d4d851245,part_off
1304,USER,28f951b2-2275-42d0-9969-dcb70f481379,GROUP,9afa638c-0533-4ad0-ae32-01285e0b4f45,belong_to
1304,GROUP,9afa638c-0533-4ad0-ae32-01285e0b4f45,USER,28f951b2-2275-42d0-9969-dcb70f481379,part_off
1305,USER,9e43c976-c91e-414a-bad3-a67c77437806,GROUP,0803517e-3ab6-4b6d-85aa-9e848da70c1e,belong_to
1305,GROUP,0803517e-3ab6-4b6d-85aa-9e848da70c1e,USER,9e43c976-c91e-414a-bad3-a67c77437806,part_off
1306,USER,82e1063f-a7b5-4e3a-9536-be8aac01492a,GROUP,16cce969-9d59-4da7-af31-133f31e28671,belong_to
1306,GROUP,16cce969-9d59-4da7-af31-133f31e28671,USER,82e1063f-a7b5-4e3a-9536-be8aac01492a,part_off
1307,USER,a5de896f-92b1-473c-8836-498da2e8e312,GROUP,de5e1659-bf34-4516-8bec-6e66e1109720,belong_to
1307,GROUP,de5e1659-bf34-4516-8bec-6e66e1109720,USER,a5de896f-92b1-473c-8836-498da2e8e312,part_off
1308,USER,4ae54689-82f7-4b27-b911-eb0ddbf5d71b,GROUP,50796ea9-7394-4c20-9b9d-c23f1691d42a,belong_to
1308,GROUP,50796ea9-7394-4c20-9b9d-c23f1691d42a,USER,4ae54689-82f7-4b27-b911-eb0ddbf5d71b,part_off
1309,USER,dc0a7801-bc6f-43c0-ad99-1347ce232ef3,GROUP,e3f68a18-bb95-436b-8ea9-dfe768f3f297,belong_to
1309,GROUP,e3f68a18-bb95-436b-8ea9-dfe768f3f297,USER,dc0a7801-bc6f-43c0-ad99-1347ce232ef3,part_off
1310,USER,7eb7313a-77ca-4342-9f4e-3774b15a13a9,GROUP,704eca46-218a-4aee-924b-e9b558465f77,belong_to
1310,GROUP,704eca46-218a-4aee-924b-e9b558465f77,USER,7eb7313a-77ca-4342-9f4e-3774b15a13a9,part_off
1311,USER,99d354ca-b693-4b56-bae5-d25e4a952837,GROUP,7015361e-4cea-4694-9240-9a081f6cf654,belong_to
1311,GROUP,7015361e-4cea-4694-9240-9a081f6cf654,USER,99d354ca-b693-4b56-bae5-d25e4a952837,part_off
1312,USER,feede72b-9b52-4ad3-99bd-ba23e943fa62,GROUP,36077694-d2e0-4c33-be08-5c3aa50affbe,belong_to
1312,GROUP,36077694-d2e0-4c33-be08-5c3aa50affbe,USER,feede72b-9b52-4ad3-99bd-ba23e943fa62,part_off
1313,USER,bc5b6353-286b-479b-ad64-4bb8a1fdd6c2,GROUP,13a7b1cd-774a-4e15-b751-a0aed891916c,belong_to
1313,GROUP,13a7b1cd-774a-4e15-b751-a0aed891916c,USER,bc5b6353-286b-479b-ad64-4bb8a1fdd6c2,part_off
1314,USER,c3a82f4f-6111-4bf0-a5b9-6c2e94bbc7f6,GROUP,e8bf4ffb-446c-411f-bcf4-dcfc878e77a2,belong_to
1314,GROUP,e8bf4ffb-446c-411f-bcf4-dcfc878e77a2,USER,c3a82f4f-6111-4bf0-a5b9-6c2e94bbc7f6,part_off
1315,USER,0ebcba73-7189-4481-a69e-30403c6def07,GROUP,b1360757-d287-4907-8bd4-2ac31ef2debf,belong_to
1315,GROUP,b1360757-d287-4907-8bd4-2ac31ef2debf,USER,0ebcba73-7189-4481-a69e-30403c6def07,part_off
1316,USER,ded65efa-69cc-4ddb-9cbe-bbef0fd1c841,GROUP,cc7dce48-36ef-4adc-8c89-08f775bd824d,belong_to
1316,GROUP,cc7dce48-36ef-4adc-8c89-08f775bd824d,USER,ded65efa-69cc-4ddb-9cbe-bbef0fd1c841,part_off
1317,USER,bfd7a9d7-81fe-4d86-ad1e-06823f70dc55,GROUP,f0f8e276-6554-4825-b25f-250c0e904332,belong_to
1317,GROUP,f0f8e276-6554-4825-b25f-250c0e904332,USER,bfd7a9d7-81fe-4d86-ad1e-06823f70dc55,part_off
1318,USER,3158e49c-8074-4afe-a8e8-a5c07e5b430e,GROUP,b50cf674-1b22-4284-919d-cfd0eb7f968f,belong_to
1318,GROUP,b50cf674-1b22-4284-919d-cfd0eb7f968f,USER,3158e49c-8074-4afe-a8e8-a5c07e5b430e,part_off
1319,USER,c1100a53-6fe6-4718-9264-268a1d677c87,GROUP,a8a55911-7784-40f9-82bc-0a1b050d444a,belong_to
1319,GROUP,a8a55911-7784-40f9-82bc-0a1b050d444a,USER,c1100a53-6fe6-4718-9264-268a1d677c87,part_off
1320,USER,74e4e417-a9a2-458f-8cb2-8625d47d0e6c,GROUP,717e8eea-1fd4-4686-ab0a-41ac76df656b,belong_to
1320,GROUP,717e8eea-1fd4-4686-ab0a-41ac76df656b,USER,74e4e417-a9a2-458f-8cb2-8625d47d0e6c,part_off
1321,USER,acf694e9-f047-4b37-bb55-66c3cc0c7306,GROUP,d6b2ba62-2ab3-492b-bf49-d23e82ba9eb9,belong_to
1321,GROUP,d6b2ba62-2ab3-492b-bf49-d23e82ba9eb9,USER,acf694e9-f047-4b37-bb55-66c3cc0c7306,part_off
1322,USER,9269b14c-dd06-45cf-b6ef-774d85d803fb,GROUP,3841fdd6-767e-40a6-aea5-d073bb5f4feb,belong_to
1322,GROUP,3841fdd6-767e-40a6-aea5-d073bb5f4feb,USER,9269b14c-dd06-45cf-b6ef-774d85d803fb,part_off
1323,USER,c14ccba6-d278-4527-a3c8-366c10d53f10,GROUP,05e428ab-6d85-4563-b2b5-df3cc0364bcb,belong_to
1323,GROUP,05e428ab-6d85-4563-b2b5-df3cc0364bcb,USER,c14ccba6-d278-4527-a3c8-366c10d53f10,part_off
1324,USER,f7d44e35-0740-4c11-9114-d44e754f845c,GROUP,1b1da1f0-2c33-4c60-b50b-f65723720613,belong_to
1324,GROUP,1b1da1f0-2c33-4c60-b50b-f65723720613,USER,f7d44e35-0740-4c11-9114-d44e754f845c,part_off
1325,USER,a6793fe3-dfcc-4ed3-9985-423fab0f9ca3,GROUP,5755bd6a-51b0-4dac-9c2f-eae2770590c7,belong_to
1325,GROUP,5755bd6a-51b0-4dac-9c2f-eae2770590c7,USER,a6793fe3-dfcc-4ed3-9985-423fab0f9ca3,part_off
1326,USER,08715b4e-5e33-4aa7-8917-47d4c8fc037f,GROUP,0aefac17-0dcd-4dc7-8c65-b9c50d19b722,belong_to
1326,GROUP,0aefac17-0dcd-4dc7-8c65-b9c50d19b722,USER,08715b4e-5e33-4aa7-8917-47d4c8fc037f,part_off
1327,USER,447e0cb2-c80c-49b7-951f-3abd6e950949,GROUP,39d02902-48e4-4cfa-8f87-da9ab9ba11dd,belong_to
1327,GROUP,39d02902-48e4-4cfa-8f87-da9ab9ba11dd,USER,447e0cb2-c80c-49b7-951f-3abd6e950949,part_off
1328,USER,5796873e-c59e-4b84-9498-cd6f1d423ca4,GROUP,2d8dca74-fe9a-4f95-a2d0-70c62f014129,belong_to
1328,GROUP,2d8dca74-fe9a-4f95-a2d0-70c62f014129,USER,5796873e-c59e-4b84-9498-cd6f1d423ca4,part_off
1329,USER,c5b7d134-01f4-4f06-aec7-a6345f3ff159,GROUP,a814b0a2-ef30-41be-9a31-c1e7b49444ef,belong_to
1329,GROUP,a814b0a2-ef30-41be-9a31-c1e7b49444ef,USER,c5b7d134-01f4-4f06-aec7-a6345f3ff159,part_off
1330,USER,e64cef4a-febf-495e-93f7-8aec9fde0755,GROUP,c77f6a31-8cbf-4ee2-952a-fb71f7631c2f,belong_to
1330,GROUP,c77f6a31-8cbf-4ee2-952a-fb71f7631c2f,USER,e64cef4a-febf-495e-93f7-8aec9fde0755,part_off
1331,USER,c584ad71-888e-4b36-a2bb-f74a9479f3c5,GROUP,30b4c837-1444-4e63-9f22-1d6a3cb4a188,belong_to
1331,GROUP,30b4c837-1444-4e63-9f22-1d6a3cb4a188,USER,c584ad71-888e-4b36-a2bb-f74a9479f3c5,part_off
1332,USER,e087f384-887c-4efe-886e-ec0039ccfda0,GROUP,6dd51847-097f-4d09-93c9-ef36a759d471,belong_to
1332,GROUP,6dd51847-097f-4d09-93c9-ef36a759d471,USER,e087f384-887c-4efe-886e-ec0039ccfda0,part_off
1333,USER,77b85907-a609-4621-81eb-fbcfdba42381,GROUP,207fa701-b370-4309-82f1-8d08242c380b,belong_to
1333,GROUP,207fa701-b370-4309-82f1-8d08242c380b,USER,77b85907-a609-4621-81eb-fbcfdba42381,part_off
1334,USER,676079e2-1d77-4ecd-81eb-6f3cc037819d,GROUP,30ec89cc-53f1-497a-bf0b-dcf19ab47483,belong_to
1334,GROUP,30ec89cc-53f1-497a-bf0b-dcf19ab47483,USER,676079e2-1d77-4ecd-81eb-6f3cc037819d,part_off
1335,USER,873a807e-c141-464d-8292-c4e8740e2672,GROUP,a7178b72-e2bc-490b-9627-89668a92c9b8,belong_to
1335,GROUP,a7178b72-e2bc-490b-9627-89668a92c9b8,USER,873a807e-c141-464d-8292-c4e8740e2672,part_off
1336,USER,68614e08-a855-45a2-9c41-10ced8521e51,GROUP,a952d7e1-2659-46d9-afb9-3c85c82a38ec,belong_to
1336,GROUP,a952d7e1-2659-46d9-afb9-3c85c82a38ec,USER,68614e08-a855-45a2-9c41-10ced8521e51,part_off
1337,USER,d8895932-3d74-46dd-a81c-e2af4538a9d3,GROUP,634d88b4-1543-4518-85cd-5ad62be0a0b7,belong_to
1337,GROUP,634d88b4-1543-4518-85cd-5ad62be0a0b7,USER,d8895932-3d74-46dd-a81c-e2af4538a9d3,part_off
1338,USER,81d76d8b-1510-4e5e-b24d-5a2b64ca9a0f,GROUP,e55ee14e-06c3-4c3d-abd3-9a0a24d0f7d2,belong_to
1338,GROUP,e55ee14e-06c3-4c3d-abd3-9a0a24d0f7d2,USER,81d76d8b-1510-4e5e-b24d-5a2b64ca9a0f,part_off
1339,USER,93778b06-c23a-414c-9e0e-6de843803de7,GROUP,726f56fb-296f-4e71-a128-d6d0bfdcaed7,belong_to
1339,GROUP,726f56fb-296f-4e71-a128-d6d0bfdcaed7,USER,93778b06-c23a-414c-9e0e-6de843803de7,part_off
1340,USER,7a68b895-d633-4e88-876e-cf4067c21e46,GROUP,d6473b9a-f6e5-477b-8d91-398c63be7a57,belong_to
1340,GROUP,d6473b9a-f6e5-477b-8d91-398c63be7a57,USER,7a68b895-d633-4e88-876e-cf4067c21e46,part_off
1341,USER,0f867fa5-ce04-4891-a3f0-d18a8d8e738d,GROUP,dc22cef4-597c-4a95-af06-da137c385fe6,belong_to
1341,GROUP,dc22cef4-597c-4a95-af06-da137c385fe6,USER,0f867fa5-ce04-4891-a3f0-d18a8d8e738d,part_off
1342,USER,90fe3250-23c0-4a62-b323-f04a9ebf6ec0,GROUP,5d5c0969-549e-4ecb-84c9-4da6e0668b7c,belong_to
1342,GROUP,5d5c0969-549e-4ecb-84c9-4da6e0668b7c,USER,90fe3250-23c0-4a62-b323-f04a9ebf6ec0,part_off
1343,USER,5224d774-3387-4730-97a2-1ef8654d0a65,GROUP,220faf89-48bf-4c1c-a063-2ed75bb65c71,belong_to
1343,GROUP,220faf89-48bf-4c1c-a063-2ed75bb65c71,USER,5224d774-3387-4730-97a2-1ef8654d0a65,part_off
1344,USER,f6191c12-5ac2-4906-878c-f48337571329,GROUP,3404f590-c8f7-46a0-af5b-68a72bf694a1,belong_to
1344,GROUP,3404f590-c8f7-46a0-af5b-68a72bf694a1,USER,f6191c12-5ac2-4906-878c-f48337571329,part_off
1345,USER,f7866c75-c701-42d4-a581-1758fc911937,GROUP,1f1db933-b8e9-4ce8-9441-8d74c8b00e59,belong_to
1345,GROUP,1f1db933-b8e9-4ce8-9441-8d74c8b00e59,USER,f7866c75-c701-42d4-a581-1758fc911937,part_off
1346,USER,374a7e61-852a-4302-a351-207c4500eec7,GROUP,35d23608-c9fb-4d64-8246-6fe7643c0f83,belong_to
1346,GROUP,35d23608-c9fb-4d64-8246-6fe7643c0f83,USER,374a7e61-852a-4302-a351-207c4500eec7,part_off
1347,USER,ef7056ef-3d98-4c2d-8cfe-0daa2f7d01ef,GROUP,6dfa9cb9-5c02-4fda-9eef-fde9e7393b58,belong_to
1347,GROUP,6dfa9cb9-5c02-4fda-9eef-fde9e7393b58,USER,ef7056ef-3d98-4c2d-8cfe-0daa2f7d01ef,part_off
1348,USER,3607acbd-76d7-4385-802e-c303511a9a88,GROUP,9832e49a-7544-4470-b5b9-f0d5501ae082,belong_to
1348,GROUP,9832e49a-7544-4470-b5b9-f0d5501ae082,USER,3607acbd-76d7-4385-802e-c303511a9a88,part_off
1349,USER,6dda0074-570a-40d2-baff-3c1123fe63fc,GROUP,cbb37ae6-be78-44c0-b113-41df910d5a0e,belong_to
1349,GROUP,cbb37ae6-be78-44c0-b113-41df910d5a0e,USER,6dda0074-570a-40d2-baff-3c1123fe63fc,part_off
1350,USER,345f7f96-1643-41ba-916a-27d887e211fb,GROUP,fe2a1060-5c7b-4757-917e-0a6dc42f23d1,belong_to
1350,GROUP,fe2a1060-5c7b-4757-917e-0a6dc42f23d1,USER,345f7f96-1643-41ba-916a-27d887e211fb,part_off
1351,USER,c14d832e-321b-40a0-8654-9cf44b15c845,GROUP,badf6167-fa4f-4529-8045-28ec9b72c8da,belong_to
1351,GROUP,badf6167-fa4f-4529-8045-28ec9b72c8da,USER,c14d832e-321b-40a0-8654-9cf44b15c845,part_off
1352,USER,d29c7164-8e4c-4d74-a5a0-9ffe40e3b3ab,GROUP,a1bc8009-e130-43aa-97e1-a26f41b4a06d,belong_to
1352,GROUP,a1bc8009-e130-43aa-97e1-a26f41b4a06d,USER,d29c7164-8e4c-4d74-a5a0-9ffe40e3b3ab,part_off
1353,USER,bb6e310a-bb2f-4ef8-8830-8cc4573f41ca,GROUP,aee5705b-b058-4b3d-8b23-73612e083d69,belong_to
1353,GROUP,aee5705b-b058-4b3d-8b23-73612e083d69,USER,bb6e310a-bb2f-4ef8-8830-8cc4573f41ca,part_off
1354,USER,1c2b0ab9-2cec-424d-8b1d-8090c74fc13d,GROUP,66b5d92d-0496-4437-bb74-74aeda956eb0,belong_to
1354,GROUP,66b5d92d-0496-4437-bb74-74aeda956eb0,USER,1c2b0ab9-2cec-424d-8b1d-8090c74fc13d,part_off
1355,USER,063050d8-d11f-4595-b8f0-1a7304dadf2b,GROUP,3bbcfb64-0d8c-4f99-9120-5e78d6c6dfc6,belong_to
1355,GROUP,3bbcfb64-0d8c-4f99-9120-5e78d6c6dfc6,USER,063050d8-d11f-4595-b8f0-1a7304dadf2b,part_off
1356,USER,222ac73b-b00b-453c-a3fc-6013c7bd0f0b,GROUP,a82e97c7-d8ed-43d6-906e-abcc8071fbd8,belong_to
1356,GROUP,a82e97c7-d8ed-43d6-906e-abcc8071fbd8,USER,222ac73b-b00b-453c-a3fc-6013c7bd0f0b,part_off
1357,USER,496c9e95-d93f-4ef2-9834-a7df721f2066,GROUP,768476d7-69da-4d9b-a67c-0861fbb26642,belong_to
1357,GROUP,768476d7-69da-4d9b-a67c-0861fbb26642,USER,496c9e95-d93f-4ef2-9834-a7df721f2066,part_off
1358,USER,b2a6c4c3-1977-4a35-97c1-6fd1aa7d599e,GROUP,b0daf3e2-5710-47dc-bcc0-28228f1779fb,belong_to
1358,GROUP,b0daf3e2-5710-47dc-bcc0-28228f1779fb,USER,b2a6c4c3-1977-4a35-97c1-6fd1aa7d599e,part_off
1359,USER,08950fd5-016d-49eb-9e8a-58293a361561,GROUP,a50d74d2-c475-427e-b5fa-c4a38ff43125,belong_to
1359,GROUP,a50d74d2-c475-427e-b5fa-c4a38ff43125,USER,08950fd5-016d-49eb-9e8a-58293a361561,part_off
1360,USER,430bf4a0-cfe9-4d35-a37d-16f234676535,GROUP,d933d6ab-b28a-4c94-92f7-4e830aae4d2d,belong_to
1360,GROUP,d933d6ab-b28a-4c94-92f7-4e830aae4d2d,USER,430bf4a0-cfe9-4d35-a37d-16f234676535,part_off
1361,USER,9870c62d-b1b0-44e5-9e8d-4a4ae1c7ceaa,GROUP,9e55426c-8de1-49d7-be67-89a0ae1a01b8,belong_to
1361,GROUP,9e55426c-8de1-49d7-be67-89a0ae1a01b8,USER,9870c62d-b1b0-44e5-9e8d-4a4ae1c7ceaa,part_off
1362,USER,2f831336-ed8b-4529-b120-ef142534bfc3,GROUP,109f5062-9228-4d36-8fa3-096f79b935d7,belong_to
1362,GROUP,109f5062-9228-4d36-8fa3-096f79b935d7,USER,2f831336-ed8b-4529-b120-ef142534bfc3,part_off
1363,USER,07b9bd1f-6c3a-4333-b12d-b4484d029fe1,GROUP,df9f06fb-48ea-44a9-b2cb-8944ffa5109c,belong_to
1363,GROUP,df9f06fb-48ea-44a9-b2cb-8944ffa5109c,USER,07b9bd1f-6c3a-4333-b12d-b4484d029fe1,part_off
1364,USER,6259b995-2307-4823-a57c-f987eb2ef846,GROUP,4b824433-a28d-466f-9160-51ddc17828d6,belong_to
1364,GROUP,4b824433-a28d-466f-9160-51ddc17828d6,USER,6259b995-2307-4823-a57c-f987eb2ef846,part_off
1365,USER,db5c0bc4-eac8-46d3-b70a-4a6aba61ec88,GROUP,64b4ca28-eaf8-4335-9bd2-4af7d82001a6,belong_to
1365,GROUP,64b4ca28-eaf8-4335-9bd2-4af7d82001a6,USER,db5c0bc4-eac8-46d3-b70a-4a6aba61ec88,part_off
1366,USER,de451505-0237-4469-b919-625b8af1aa4d,GROUP,53eaae99-b908-404b-b03b-edaf713b5da7,belong_to
1366,GROUP,53eaae99-b908-404b-b03b-edaf713b5da7,USER,de451505-0237-4469-b919-625b8af1aa4d,part_off
1367,USER,254e8872-90a8-4b97-9aae-ac1d1ae5b76f,GROUP,79c140a0-1e56-4824-b55d-47f757c05fc2,belong_to
1367,GROUP,79c140a0-1e56-4824-b55d-47f757c05fc2,USER,254e8872-90a8-4b97-9aae-ac1d1ae5b76f,part_off
1368,USER,a76b58ed-c58a-4515-80c5-e5867c3d3a2b,GROUP,eff16e55-dd62-460e-892c-a9b88e5ea4d5,belong_to
1368,GROUP,eff16e55-dd62-460e-892c-a9b88e5ea4d5,USER,a76b58ed-c58a-4515-80c5-e5867c3d3a2b,part_off
1369,USER,fdf3debf-fe4a-44e1-bba6-c4d9a264d5b4,GROUP,a664d3cb-5fbe-4d4e-8bf0-ed49e7e9bf47,belong_to
1369,GROUP,a664d3cb-5fbe-4d4e-8bf0-ed49e7e9bf47,USER,fdf3debf-fe4a-44e1-bba6-c4d9a264d5b4,part_off
1370,USER,2159795f-2b17-4f97-b55f-288580252774,GROUP,54f028b0-e830-4c21-b356-0dae102df555,belong_to
1370,GROUP,54f028b0-e830-4c21-b356-0dae102df555,USER,2159795f-2b17-4f97-b55f-288580252774,part_off
1371,USER,44d1cbf6-f2a3-4001-9795-6a4ff0b20a10,GROUP,61e504cd-163b-4528-8374-e60c3f013a1e,belong_to
1371,GROUP,61e504cd-163b-4528-8374-e60c3f013a1e,USER,44d1cbf6-f2a3-4001-9795-6a4ff0b20a10,part_off
1372,USER,1f832802-572b-4585-b6f9-848375727915,GROUP,165d0299-eeaa-4619-bdbf-8594e2e904f0,belong_to
1372,GROUP,165d0299-eeaa-4619-bdbf-8594e2e904f0,USER,1f832802-572b-4585-b6f9-848375727915,part_off
1373,USER,104369a6-51c9-42de-b2fb-ccf0a48dc6f7,GROUP,1cfa3b6a-33c3-4629-8b49-a70a70d8c483,belong_to
1373,GROUP,1cfa3b6a-33c3-4629-8b49-a70a70d8c483,USER,104369a6-51c9-42de-b2fb-ccf0a48dc6f7,part_off
1374,USER,90712846-660c-4639-9845-93b7fe65ab7d,GROUP,2fb65f13-1692-4649-bf90-6523b5b19e31,belong_to
1374,GROUP,2fb65f13-1692-4649-bf90-6523b5b19e31,USER,90712846-660c-4639-9845-93b7fe65ab7d,part_off
1375,USER,c466f23e-7b78-4a56-8833-bf1806ff6693,GROUP,39bca8a7-59b2-4164-9734-f6210ffaf6c4,belong_to
1375,GROUP,39bca8a7-59b2-4164-9734-f6210ffaf6c4,USER,c466f23e-7b78-4a56-8833-bf1806ff6693,part_off
1376,USER,c53ef70c-cf9d-44f9-aaf8-5204118f4e4d,GROUP,1d5c67fd-ffb7-4214-bd01-a78306df108f,belong_to
1376,GROUP,1d5c67fd-ffb7-4214-bd01-a78306df108f,USER,c53ef70c-cf9d-44f9-aaf8-5204118f4e4d,part_off
1377,USER,46bca941-0a08-4762-8829-7babad3c664c,GROUP,d5d63900-4a7b-492e-a6ad-8afc3f343497,belong_to
1377,GROUP,d5d63900-4a7b-492e-a6ad-8afc3f343497,USER,46bca941-0a08-4762-8829-7babad3c664c,part_off
1378,USER,638e511f-913e-4fd3-b773-8993ecba9d65,GROUP,536bc5ad-c348-4a42-a75f-284b0c2a4e6c,belong_to
1378,GROUP,536bc5ad-c348-4a42-a75f-284b0c2a4e6c,USER,638e511f-913e-4fd3-b773-8993ecba9d65,part_off
1379,USER,4f77f850-a76a-43a6-aa1e-ecd514d9c41c,GROUP,1cc007a1-efb8-4e30-beb4-a1e1b30791a3,belong_to
1379,GROUP,1cc007a1-efb8-4e30-beb4-a1e1b30791a3,USER,4f77f850-a76a-43a6-aa1e-ecd514d9c41c,part_off
1380,USER,668c5ff4-4170-473d-aaa1-fcc0ad348d71,GROUP,09811dc3-3fc9-452a-90ab-a11e6a9f2447,belong_to
1380,GROUP,09811dc3-3fc9-452a-90ab-a11e6a9f2447,USER,668c5ff4-4170-473d-aaa1-fcc0ad348d71,part_off
1381,USER,ecc5597a-3bb1-4f52-9b86-6dcd4f88a3e2,GROUP,ce428ddd-13d2-41a6-9662-29e8a7a03e02,belong_to
1381,GROUP,ce428ddd-13d2-41a6-9662-29e8a7a03e02,USER,ecc5597a-3bb1-4f52-9b86-6dcd4f88a3e2,part_off
1382,USER,ee2ec4e2-62f2-4bdb-9f1d-4fbd74100b7f,GROUP,84638245-ae4d-4bac-913c-92535dafdc96,belong_to
1382,GROUP,84638245-ae4d-4bac-913c-92535dafdc96,USER,ee2ec4e2-62f2-4bdb-9f1d-4fbd74100b7f,part_off
1383,USER,865dde5b-9257-443f-b667-8e530e19bdc1,GROUP,4b3eb330-8c5c-4ccd-b75c-750a3e6d4aae,belong_to
1383,GROUP,4b3eb330-8c5c-4ccd-b75c-750a3e6d4aae,USER,865dde5b-9257-443f-b667-8e530e19bdc1,part_off
1384,USER,cac1458d-31ba-4f77-a485-1de79e04fc2c,GROUP,092c6a90-64ba-4fb6-81ae-99c0a1ea97e3,belong_to
1384,GROUP,092c6a90-64ba-4fb6-81ae-99c0a1ea97e3,USER,cac1458d-31ba-4f77-a485-1de79e04fc2c,part_off
1385,USER,5d95d9c1-9313-4675-b51f-34f3145cea1c,GROUP,67584720-7598-4a8d-b820-1597f4fcc3b8,belong_to
1385,GROUP,67584720-7598-4a8d-b820-1597f4fcc3b8,USER,5d95d9c1-9313-4675-b51f-34f3145cea1c,part_off
1386,USER,a33d7e2d-53ed-4b7e-88eb-6f20a64878a3,GROUP,90cbfc29-d479-40ef-b970-7d85e49ddad0,belong_to
1386,GROUP,90cbfc29-d479-40ef-b970-7d85e49ddad0,USER,a33d7e2d-53ed-4b7e-88eb-6f20a64878a3,part_off
1387,USER,074c1b8f-71af-475c-b2a6-fd5b55865ef6,GROUP,41ab2591-e171-48a1-811a-dac4d38cf10a,belong_to
1387,GROUP,41ab2591-e171-48a1-811a-dac4d38cf10a,USER,074c1b8f-71af-475c-b2a6-fd5b55865ef6,part_off
1388,USER,84597739-fcf9-4027-8378-d24b0476b93f,GROUP,5d410e09-5597-4a15-bc7b-e0baa82c68de,belong_to
1388,GROUP,5d410e09-5597-4a15-bc7b-e0baa82c68de,USER,84597739-fcf9-4027-8378-d24b0476b93f,part_off
1389,USER,a62100f4-b57f-4da5-ac5c-8936557fe2da,GROUP,3cedf6aa-6cee-4e6b-bf2d-1cd07bab606b,belong_to
1389,GROUP,3cedf6aa-6cee-4e6b-bf2d-1cd07bab606b,USER,a62100f4-b57f-4da5-ac5c-8936557fe2da,part_off
1390,USER,6d63010c-231f-4575-8254-dc9496bf14eb,GROUP,93d305f3-8051-4508-861c-547d7bfe15eb,belong_to
1390,GROUP,93d305f3-8051-4508-861c-547d7bfe15eb,USER,6d63010c-231f-4575-8254-dc9496bf14eb,part_off
1391,USER,36025c46-4510-48f8-b984-377cef612ec9,GROUP,3ce8bc57-7948-4363-a625-3a3f1426ff10,belong_to
1391,GROUP,3ce8bc57-7948-4363-a625-3a3f1426ff10,USER,36025c46-4510-48f8-b984-377cef612ec9,part_off
1392,USER,5b177283-c787-4ef8-ab2a-b53957a35fbb,GROUP,f6b2b437-0530-4834-aaf6-aaa51bf065af,belong_to
1392,GROUP,f6b2b437-0530-4834-aaf6-aaa51bf065af,USER,5b177283-c787-4ef8-ab2a-b53957a35fbb,part_off
1393,USER,9b79aa11-7a1f-437c-922b-833f6609102a,GROUP,b4042468-35e3-42bf-9428-77d58ae33426,belong_to
1393,GROUP,b4042468-35e3-42bf-9428-77d58ae33426,USER,9b79aa11-7a1f-437c-922b-833f6609102a,part_off
1394,USER,d4c5da90-2c06-4a6a-9223-e7ee01bc8e83,GROUP,fa61b692-953e-4977-bbb4-495e9fa029cc,belong_to
1394,GROUP,fa61b692-953e-4977-bbb4-495e9fa029cc,USER,d4c5da90-2c06-4a6a-9223-e7ee01bc8e83,part_off
1395,USER,77467dbc-7b83-4ecb-8b70-1084431a5822,GROUP,47d28be0-1f7a-4a24-a9cf-fa106b2b98c4,belong_to
1395,GROUP,47d28be0-1f7a-4a24-a9cf-fa106b2b98c4,USER,77467dbc-7b83-4ecb-8b70-1084431a5822,part_off
1396,USER,d837ec5b-4c9e-401e-a848-a16b245ea7ba,GROUP,1c3bf384-be4f-4602-96bb-0d749464709c,belong_to
1396,GROUP,1c3bf384-be4f-4602-96bb-0d749464709c,USER,d837ec5b-4c9e-401e-a848-a16b245ea7ba,part_off
1397,USER,55799152-14a4-4068-9ff2-6075ec0bced5,GROUP,b25669d2-0f9e-47b6-a05a-01cbf8e10389,belong_to
1397,GROUP,b25669d2-0f9e-47b6-a05a-01cbf8e10389,USER,55799152-14a4-4068-9ff2-6075ec0bced5,part_off
1398,USER,f0c81ce0-102b-47cc-9579-d2f2ea2531fd,GROUP,f62b151b-6af9-440d-8d6a-dfd2994e97f7,belong_to
1398,GROUP,f62b151b-6af9-440d-8d6a-dfd2994e97f7,USER,f0c81ce0-102b-47cc-9579-d2f2ea2531fd,part_off
1399,USER,81b932a7-73c7-4a81-a3a5-c68d37c1447b,GROUP,5bc7caee-77bd-49fb-b998-3eadf1350e5a,belong_to
1399,GROUP,5bc7caee-77bd-49fb-b998-3eadf1350e5a,USER,81b932a7-73c7-4a81-a3a5-c68d37c1447b,part_off
1400,USER,2bc63c81-aec8-475c-88f7-9ea1fce01eeb,GROUP,edfe58dd-08e0-4bf3-8cb0-3103ef2a0d13,belong_to
1400,GROUP,edfe58dd-08e0-4bf3-8cb0-3103ef2a0d13,USER,2bc63c81-aec8-475c-88f7-9ea1fce01eeb,part_off
1401,USER,7052cf57-b5ae-4d9e-8d5c-946facdad703,GROUP,3752e72b-28f0-4824-8f5c-abaabfffb12f,belong_to
1401,GROUP,3752e72b-28f0-4824-8f5c-abaabfffb12f,USER,7052cf57-b5ae-4d9e-8d5c-946facdad703,part_off
1402,USER,d3b361b9-3be6-40c2-b42f-24bfa729a47e,GROUP,dc1484ef-2131-4f3c-9ceb-4b330040d57e,belong_to
1402,GROUP,dc1484ef-2131-4f3c-9ceb-4b330040d57e,USER,d3b361b9-3be6-40c2-b42f-24bfa729a47e,part_off
1403,USER,09eabeba-3f14-4ad5-a2c2-763090fcdefd,GROUP,c33bd5af-9435-44eb-9042-35b83aa38816,belong_to
1403,GROUP,c33bd5af-9435-44eb-9042-35b83aa38816,USER,09eabeba-3f14-4ad5-a2c2-763090fcdefd,part_off
1404,USER,ff8f6616-58f6-4de9-b676-3b07fcc60684,GROUP,464b11cf-2177-4201-905f-8474892b15eb,belong_to
1404,GROUP,464b11cf-2177-4201-905f-8474892b15eb,USER,ff8f6616-58f6-4de9-b676-3b07fcc60684,part_off
1405,USER,50b88e7d-1083-49ce-91d0-a18e1e3a4c2b,GROUP,b57ca7db-9579-4ac3-a48a-a9236bc70b9a,belong_to
1405,GROUP,b57ca7db-9579-4ac3-a48a-a9236bc70b9a,USER,50b88e7d-1083-49ce-91d0-a18e1e3a4c2b,part_off
1406,USER,af8c025c-ac06-4bc6-8346-d2f15dbf05e5,GROUP,443c7809-a18d-4c67-b3da-576d6fe2e115,belong_to
1406,GROUP,443c7809-a18d-4c67-b3da-576d6fe2e115,USER,af8c025c-ac06-4bc6-8346-d2f15dbf05e5,part_off
1407,USER,67ce2cce-33d4-4267-bc8f-29f9a5927b13,GROUP,e195c5ca-0d4c-4c81-9787-68060fa3b978,belong_to
1407,GROUP,e195c5ca-0d4c-4c81-9787-68060fa3b978,USER,67ce2cce-33d4-4267-bc8f-29f9a5927b13,part_off
1408,USER,771b53f9-0992-4dba-b209-5d2fb8d36927,GROUP,94327744-ec3a-4030-9078-0f447806a05c,belong_to
1408,GROUP,94327744-ec3a-4030-9078-0f447806a05c,USER,771b53f9-0992-4dba-b209-5d2fb8d36927,part_off
1409,USER,7856973d-a715-45b1-8a86-3aed2f8de750,GROUP,f1be668e-5181-4194-9c14-18e62a1ecbc3,belong_to
1409,GROUP,f1be668e-5181-4194-9c14-18e62a1ecbc3,USER,7856973d-a715-45b1-8a86-3aed2f8de750,part_off
1410,USER,ceaa5562-fc0f-4ec2-9ece-b32cf31d1eb9,GROUP,04ad2322-7765-48a9-ba2c-b06f7ee9b044,belong_to
1410,GROUP,04ad2322-7765-48a9-ba2c-b06f7ee9b044,USER,ceaa5562-fc0f-4ec2-9ece-b32cf31d1eb9,part_off
1411,USER,b5182b64-4485-4498-b02e-f5320b522213,GROUP,015927d6-180b-424d-b6f2-3726317247db,belong_to
1411,GROUP,015927d6-180b-424d-b6f2-3726317247db,USER,b5182b64-4485-4498-b02e-f5320b522213,part_off
1412,USER,b3be5b02-126f-4b45-a503-ff33964cd710,GROUP,271a33d9-a37d-4ed0-b857-a3c37532770f,belong_to
1412,GROUP,271a33d9-a37d-4ed0-b857-a3c37532770f,USER,b3be5b02-126f-4b45-a503-ff33964cd710,part_off
1413,USER,7b0e3af8-eb44-445f-98a0-ceb1b034aa78,GROUP,0ec78422-511f-4e77-b696-537840d1a70c,belong_to
1413,GROUP,0ec78422-511f-4e77-b696-537840d1a70c,USER,7b0e3af8-eb44-445f-98a0-ceb1b034aa78,part_off
1414,USER,80e1f584-15cd-42ce-8cfd-8ceecc47831c,GROUP,6f06dd64-7e0c-4b03-9e90-2dbb23e600b6,belong_to
1414,GROUP,6f06dd64-7e0c-4b03-9e90-2dbb23e600b6,USER,80e1f584-15cd-42ce-8cfd-8ceecc47831c,part_off
1415,USER,33b7ecf6-2f02-4f18-876e-5ce2cc8ccc7d,GROUP,c0ce04a0-7d9e-4644-a5ec-351d7fab3693,belong_to
1415,GROUP,c0ce04a0-7d9e-4644-a5ec-351d7fab3693,USER,33b7ecf6-2f02-4f18-876e-5ce2cc8ccc7d,part_off
1416,USER,90fad517-d38b-4b71-924e-df81650976df,GROUP,6d9e4d23-d329-493b-8396-e2bca3baf486,belong_to
1416,GROUP,6d9e4d23-d329-493b-8396-e2bca3baf486,USER,90fad517-d38b-4b71-924e-df81650976df,part_off
1417,USER,6d642d93-2971-4afe-a94f-8207afcb169c,GROUP,72fdd878-3422-458c-b2ee-ce3b1dd2a4bf,belong_to
1417,GROUP,72fdd878-3422-458c-b2ee-ce3b1dd2a4bf,USER,6d642d93-2971-4afe-a94f-8207afcb169c,part_off
1418,USER,ef4258c3-b974-46d0-800e-2781baa110bc,GROUP,5a92cfcd-5b39-467f-8c3d-6788b477ae13,belong_to
1418,GROUP,5a92cfcd-5b39-467f-8c3d-6788b477ae13,USER,ef4258c3-b974-46d0-800e-2781baa110bc,part_off
1419,USER,be319ebb-380b-477a-bdbc-29da2eabe814,GROUP,d77bef8e-8b34-47d3-bda2-d94bc111302a,belong_to
1419,GROUP,d77bef8e-8b34-47d3-bda2-d94bc111302a,USER,be319ebb-380b-477a-bdbc-29da2eabe814,part_off
1420,USER,fbebadf0-15a3-4f8a-ae71-6d73c45b4fb0,GROUP,ac323c8f-cdac-4bc7-8c80-bbff84e99079,belong_to
1420,GROUP,ac323c8f-cdac-4bc7-8c80-bbff84e99079,USER,fbebadf0-15a3-4f8a-ae71-6d73c45b4fb0,part_off
1421,USER,4cbe336d-2f63-4b03-87d3-9bcb86d142d9,GROUP,14cccc0e-28e6-4599-8fb9-37823bf381c4,belong_to
1421,GROUP,14cccc0e-28e6-4599-8fb9-37823bf381c4,USER,4cbe336d-2f63-4b03-87d3-9bcb86d142d9,part_off
1422,USER,00f798ec-6203-4125-9032-a082acd95531,GROUP,3671a96b-c388-4620-99fd-8a93b70d44f4,belong_to
1422,GROUP,3671a96b-c388-4620-99fd-8a93b70d44f4,USER,00f798ec-6203-4125-9032-a082acd95531,part_off
1423,USER,9b0b3dee-1db0-4b73-a441-572cadf074c6,GROUP,85254dde-d856-41ce-a601-e63fe22fc85b,belong_to
1423,GROUP,85254dde-d856-41ce-a601-e63fe22fc85b,USER,9b0b3dee-1db0-4b73-a441-572cadf074c6,part_off
1424,USER,2f210fdb-cccd-4700-8747-f2832ce55ffe,GROUP,343c3eb8-9d66-44c5-b995-514001a5f042,belong_to
1424,GROUP,343c3eb8-9d66-44c5-b995-514001a5f042,USER,2f210fdb-cccd-4700-8747-f2832ce55ffe,part_off
1425,USER,f68808d2-1c21-4460-bb30-5e8392e4b5ea,GROUP,85e523d7-113f-4329-b7b3-35820648812c,belong_to
1425,GROUP,85e523d7-113f-4329-b7b3-35820648812c,USER,f68808d2-1c21-4460-bb30-5e8392e4b5ea,part_off
1426,USER,eeaf9edb-af44-4ddc-be91-3f4d443c0bd0,GROUP,4716b470-0d3e-438e-a0e2-c05ef1a8b45e,belong_to
1426,GROUP,4716b470-0d3e-438e-a0e2-c05ef1a8b45e,USER,eeaf9edb-af44-4ddc-be91-3f4d443c0bd0,part_off
1427,USER,8119f927-ed05-4d76-8ec8-408289f3f384,GROUP,05f1d871-75d4-4a1d-9ebb-19d3fe178d32,belong_to
1427,GROUP,05f1d871-75d4-4a1d-9ebb-19d3fe178d32,USER,8119f927-ed05-4d76-8ec8-408289f3f384,part_off
1428,USER,384e973f-5066-403e-a2e6-966cb8e1cb37,GROUP,220823c9-6c3e-44c2-9383-1ee8347db8fa,belong_to
1428,GROUP,220823c9-6c3e-44c2-9383-1ee8347db8fa,USER,384e973f-5066-403e-a2e6-966cb8e1cb37,part_off
1429,USER,bc620d27-6143-43a6-bb15-a0b9e1d9750c,GROUP,118b94bc-f392-45e6-a52d-2011a19d355b,belong_to
1429,GROUP,118b94bc-f392-45e6-a52d-2011a19d355b,USER,bc620d27-6143-43a6-bb15-a0b9e1d9750c,part_off
1430,USER,d5cd7b41-3fe0-4eac-9431-65a4afdf5dfa,GROUP,0c10971c-dd01-4b14-a2ff-939447127a40,belong_to
1430,GROUP,0c10971c-dd01-4b14-a2ff-939447127a40,USER,d5cd7b41-3fe0-4eac-9431-65a4afdf5dfa,part_off
1431,USER,92f35cab-f770-4981-a0bd-c0d574cbddf8,GROUP,94a0589a-7382-4f22-8366-379ce3d97f0f,belong_to
1431,GROUP,94a0589a-7382-4f22-8366-379ce3d97f0f,USER,92f35cab-f770-4981-a0bd-c0d574cbddf8,part_off
1432,USER,da4ac28c-d85e-4ca8-81c9-1d58a4f01d5c,GROUP,9bd42850-422c-4f46-a44a-cbb650a4298c,belong_to
1432,GROUP,9bd42850-422c-4f46-a44a-cbb650a4298c,USER,da4ac28c-d85e-4ca8-81c9-1d58a4f01d5c,part_off
1433,USER,5e6b80af-787b-4b7b-a6d4-f2f35d1b83b7,GROUP,32e67980-c760-4765-8c1b-688a667ecb2c,belong_to
1433,GROUP,32e67980-c760-4765-8c1b-688a667ecb2c,USER,5e6b80af-787b-4b7b-a6d4-f2f35d1b83b7,part_off
1434,USER,ccd3ad3c-3285-4a68-ae86-6b85979035ad,GROUP,218c6432-616f-4d27-9109-5b8bba5e66de,belong_to
1434,GROUP,218c6432-616f-4d27-9109-5b8bba5e66de,USER,ccd3ad3c-3285-4a68-ae86-6b85979035ad,part_off
1435,USER,8d035280-8b9e-4d88-8d9f-a99e4473154e,GROUP,6bae71d1-89cd-47da-b5bd-e7bb4cbc76e9,belong_to
1435,GROUP,6bae71d1-89cd-47da-b5bd-e7bb4cbc76e9,USER,8d035280-8b9e-4d88-8d9f-a99e4473154e,part_off
1436,USER,27e95fbf-23e1-4755-a008-47e821a8391b,GROUP,b27164a6-30a8-40e8-8dfc-223ecde8a90e,belong_to
1436,GROUP,b27164a6-30a8-40e8-8dfc-223ecde8a90e,USER,27e95fbf-23e1-4755-a008-47e821a8391b,part_off
1437,USER,083a17f8-6e02-497e-aeb3-9d91d4411619,GROUP,55faa953-b3e9-4d98-9051-319680c1fc11,belong_to
1437,GROUP,55faa953-b3e9-4d98-9051-319680c1fc11,USER,083a17f8-6e02-497e-aeb3-9d91d4411619,part_off
1438,USER,20f3a124-1a3c-4a98-aaa8-b3d004b8d92e,GROUP,e08c60c1-e8ca-40b5-9ed1-14878b87daab,belong_to
1438,GROUP,e08c60c1-e8ca-40b5-9ed1-14878b87daab,USER,20f3a124-1a3c-4a98-aaa8-b3d004b8d92e,part_off
1439,USER,c338a3c6-c736-4dc2-a28c-253f5d54be97,GROUP,a90f40e5-0ec3-464d-842d-4c08f2493518,belong_to
1439,GROUP,a90f40e5-0ec3-464d-842d-4c08f2493518,USER,c338a3c6-c736-4dc2-a28c-253f5d54be97,part_off
1440,USER,f64f5998-7f5a-45f4-bc18-e05c3e5a1a64,GROUP,79b1f230-6289-4296-8e4e-ecbc2bd4a87a,belong_to
1440,GROUP,79b1f230-6289-4296-8e4e-ecbc2bd4a87a,USER,f64f5998-7f5a-45f4-bc18-e05c3e5a1a64,part_off
1441,USER,52ba23f8-6e4b-422e-a8e6-3f7fa2f6a492,GROUP,0f5cf9c3-fba1-46a1-b6d3-bd933032933e,belong_to
1441,GROUP,0f5cf9c3-fba1-46a1-b6d3-bd933032933e,USER,52ba23f8-6e4b-422e-a8e6-3f7fa2f6a492,part_off
1442,USER,741b7d25-fa8c-473d-b1c3-1de4d29944c5,GROUP,8fcbcea2-5211-41d5-9b59-51ff968b0db9,belong_to
1442,GROUP,8fcbcea2-5211-41d5-9b59-51ff968b0db9,USER,741b7d25-fa8c-473d-b1c3-1de4d29944c5,part_off
1443,USER,529d6762-0a03-4a7f-af27-be9acd7907c1,GROUP,9c192dd5-2b9e-45c4-9409-8258ad8c733b,belong_to
1443,GROUP,9c192dd5-2b9e-45c4-9409-8258ad8c733b,USER,529d6762-0a03-4a7f-af27-be9acd7907c1,part_off
1444,USER,ed836ac5-f757-4b08-bcf3-eb28d12a603e,GROUP,edfcdbc9-7d0f-4046-8ebe-1230fe1fa6b0,belong_to
1444,GROUP,edfcdbc9-7d0f-4046-8ebe-1230fe1fa6b0,USER,ed836ac5-f757-4b08-bcf3-eb28d12a603e,part_off
1445,USER,808877a2-3eeb-4500-9bcf-88c99c8eac4d,GROUP,231f1c21-bd05-4f56-a5d0-c63f418aee26,belong_to
1445,GROUP,231f1c21-bd05-4f56-a5d0-c63f418aee26,USER,808877a2-3eeb-4500-9bcf-88c99c8eac4d,part_off
1446,USER,9cbf437c-fbfe-499d-92d5-953284e2d524,GROUP,edce3931-088e-48d3-bd87-c866183e339f,belong_to
1446,GROUP,edce3931-088e-48d3-bd87-c866183e339f,USER,9cbf437c-fbfe-499d-92d5-953284e2d524,part_off
1447,USER,69fbd965-70f3-407e-8b01-4d59f74307e0,GROUP,7350cd8e-587d-4c92-9d04-72fdf7bbf801,belong_to
1447,GROUP,7350cd8e-587d-4c92-9d04-72fdf7bbf801,USER,69fbd965-70f3-407e-8b01-4d59f74307e0,part_off
1448,USER,4fff487a-c2d0-435b-99a0-0c9f41f3b80a,GROUP,c544f9d4-0a44-4383-956b-3bfccb086c2a,belong_to
1448,GROUP,c544f9d4-0a44-4383-956b-3bfccb086c2a,USER,4fff487a-c2d0-435b-99a0-0c9f41f3b80a,part_off
1449,USER,3fc0614c-3b4d-4bbc-b43e-6518dd605a62,GROUP,28b14121-0053-4987-ad82-a0baf1101419,belong_to
1449,GROUP,28b14121-0053-4987-ad82-a0baf1101419,USER,3fc0614c-3b4d-4bbc-b43e-6518dd605a62,part_off
1450,USER,efea595a-1509-4c10-862e-eb8f2b1d158c,GROUP,f7f912ac-6127-45ba-9f5a-1b7002102418,belong_to
1450,GROUP,f7f912ac-6127-45ba-9f5a-1b7002102418,USER,efea595a-1509-4c10-862e-eb8f2b1d158c,part_off
1451,USER,2920421e-9f75-4354-b9ea-c98583211887,GROUP,6afddd2d-5e5f-4505-a912-3760933f6ef7,belong_to
1451,GROUP,6afddd2d-5e5f-4505-a912-3760933f6ef7,USER,2920421e-9f75-4354-b9ea-c98583211887,part_off
1452,USER,16d9a51d-1d39-480e-9bbc-1bc3cc14b516,GROUP,769b4a42-f59f-478b-8fc7-7fd140699536,belong_to
1452,GROUP,769b4a42-f59f-478b-8fc7-7fd140699536,USER,16d9a51d-1d39-480e-9bbc-1bc3cc14b516,part_off
1453,USER,20dfc2da-61d8-488a-a337-877f62e40e1e,GROUP,efad650d-4e85-46ea-b82f-db6ecbfabd1b,belong_to
1453,GROUP,efad650d-4e85-46ea-b82f-db6ecbfabd1b,USER,20dfc2da-61d8-488a-a337-877f62e40e1e,part_off
1454,USER,ff811065-8a8c-4c77-8d02-7c8a1de8f4dc,GROUP,8ec5f68e-3089-41b0-aa42-4864c44c9499,belong_to
1454,GROUP,8ec5f68e-3089-41b0-aa42-4864c44c9499,USER,ff811065-8a8c-4c77-8d02-7c8a1de8f4dc,part_off
1455,USER,d75dda8a-5e8c-4025-bda1-0d30f8030eca,GROUP,e1b67bad-a992-4a9d-938f-3e31ee9ba43c,belong_to
1455,GROUP,e1b67bad-a992-4a9d-938f-3e31ee9ba43c,USER,d75dda8a-5e8c-4025-bda1-0d30f8030eca,part_off
1456,USER,7ca398c5-d4b4-4f17-bfa9-fe129692277f,GROUP,5c2c6b6b-e28a-4459-a42c-3c51c3753aa0,belong_to
1456,GROUP,5c2c6b6b-e28a-4459-a42c-3c51c3753aa0,USER,7ca398c5-d4b4-4f17-bfa9-fe129692277f,part_off
1457,USER,81949331-49e0-4be9-9c2d-dbc2b627d1fb,GROUP,46e605dd-4a2c-4399-a565-b9936f358036,belong_to
1457,GROUP,46e605dd-4a2c-4399-a565-b9936f358036,USER,81949331-49e0-4be9-9c2d-dbc2b627d1fb,part_off
1458,USER,84be0797-6b90-4f2c-b229-7be22dc2036f,GROUP,ca850eaf-7624-44a7-ace9-556f32b80760,belong_to
1458,GROUP,ca850eaf-7624-44a7-ace9-556f32b80760,USER,84be0797-6b90-4f2c-b229-7be22dc2036f,part_off
1459,USER,431df116-4e0a-4307-8f37-da399c0a98bc,GROUP,45a09312-8eae-4aa6-9043-975415555353,belong_to
1459,GROUP,45a09312-8eae-4aa6-9043-975415555353,USER,431df116-4e0a-4307-8f37-da399c0a98bc,part_off
1460,USER,02a56e93-475e-46d8-9fc9-3a759994ad77,GROUP,5fdd4eb6-896e-408d-a8d3-4ea7c09fb842,belong_to
1460,GROUP,5fdd4eb6-896e-408d-a8d3-4ea7c09fb842,USER,02a56e93-475e-46d8-9fc9-3a759994ad77,part_off
1461,USER,e71a4f7f-51b3-43c7-a6da-8f7e4b41df4e,GROUP,8c1d0ab5-3bcf-4ee4-983f-b46c2b91af91,belong_to
1461,GROUP,8c1d0ab5-3bcf-4ee4-983f-b46c2b91af91,USER,e71a4f7f-51b3-43c7-a6da-8f7e4b41df4e,part_off
1462,USER,11b9f716-e207-4366-9c08-854f601866cb,GROUP,19dd85e7-2d28-4d13-8071-d24504858017,belong_to
1462,GROUP,19dd85e7-2d28-4d13-8071-d24504858017,USER,11b9f716-e207-4366-9c08-854f601866cb,part_off
1463,USER,61c825df-cc08-4302-8fb6-d9d3c3035888,GROUP,c2928d43-c54d-4191-b792-376ed6b6ea97,belong_to
1463,GROUP,c2928d43-c54d-4191-b792-376ed6b6ea97,USER,61c825df-cc08-4302-8fb6-d9d3c3035888,part_off
1464,USER,cf8a2e46-b5b2-49e7-b188-5df456e31ce2,GROUP,25e4765b-13ec-4ffa-91c3-8e6cac706f47,belong_to
1464,GROUP,25e4765b-13ec-4ffa-91c3-8e6cac706f47,USER,cf8a2e46-b5b2-49e7-b188-5df456e31ce2,part_off
1465,USER,4ddd5edd-9568-42ce-8982-2b06c0a13d19,GROUP,b221b65c-2b1b-4825-928f-ea6eb9b23f31,belong_to
1465,GROUP,b221b65c-2b1b-4825-928f-ea6eb9b23f31,USER,4ddd5edd-9568-42ce-8982-2b06c0a13d19,part_off
1466,USER,4894123b-b3ff-478c-9d8e-46a813edf223,GROUP,35316085-d340-4c8e-ae88-61ae55184593,belong_to
1466,GROUP,35316085-d340-4c8e-ae88-61ae55184593,USER,4894123b-b3ff-478c-9d8e-46a813edf223,part_off
1467,USER,8cf745e4-23d2-42e3-ae30-53025e38b2ca,GROUP,b17f435f-9aba-4bb5-921b-7abb670916a9,belong_to
1467,GROUP,b17f435f-9aba-4bb5-921b-7abb670916a9,USER,8cf745e4-23d2-42e3-ae30-53025e38b2ca,part_off
1468,USER,da972c1c-5bea-4137-8a46-865ef0481e59,GROUP,e078e525-905e-4570-9a90-e01f9560aea3,belong_to
1468,GROUP,e078e525-905e-4570-9a90-e01f9560aea3,USER,da972c1c-5bea-4137-8a46-865ef0481e59,part_off
1469,USER,6afbff91-cf6a-44e0-a186-9ef29998ece5,GROUP,6e839a26-db6a-4b34-bd62-7aaf77033575,belong_to
1469,GROUP,6e839a26-db6a-4b34-bd62-7aaf77033575,USER,6afbff91-cf6a-44e0-a186-9ef29998ece5,part_off
1470,USER,608dc539-f1bf-4db1-9391-504af009f534,GROUP,417ab234-3a67-49c7-b633-ae3f1ed7e9ff,belong_to
1470,GROUP,417ab234-3a67-49c7-b633-ae3f1ed7e9ff,USER,608dc539-f1bf-4db1-9391-504af009f534,part_off
1471,USER,8ce9a0fa-4796-488d-b786-6327f47d0faa,GROUP,635d926f-15a5-4eef-85a6-2235be914f7b,belong_to
1471,GROUP,635d926f-15a5-4eef-85a6-2235be914f7b,USER,8ce9a0fa-4796-488d-b786-6327f47d0faa,part_off
1472,USER,1ae04d18-156f-4a60-8d9b-45192a19de89,GROUP,f06d20d0-1537-4d38-a194-39f326592f85,belong_to
1472,GROUP,f06d20d0-1537-4d38-a194-39f326592f85,USER,1ae04d18-156f-4a60-8d9b-45192a19de89,part_off
1473,USER,6bf9710e-89e8-46fc-bb40-2b55f300965a,GROUP,dda1e735-2a5b-45b5-98c4-9453e1576224,belong_to
1473,GROUP,dda1e735-2a5b-45b5-98c4-9453e1576224,USER,6bf9710e-89e8-46fc-bb40-2b55f300965a,part_off
1474,USER,7ed75dd4-33d4-4c93-801c-ca4e54517364,GROUP,7681ca40-ff9f-458f-bf1f-e42d6259b3c8,belong_to
1474,GROUP,7681ca40-ff9f-458f-bf1f-e42d6259b3c8,USER,7ed75dd4-33d4-4c93-801c-ca4e54517364,part_off
1475,USER,b6f1eb32-9549-4e67-bc08-f57930c5cc90,GROUP,8b21cf2c-5aff-4e13-acff-5a9dd13813c8,belong_to
1475,GROUP,8b21cf2c-5aff-4e13-acff-5a9dd13813c8,USER,b6f1eb32-9549-4e67-bc08-f57930c5cc90,part_off
1476,USER,b71a5816-ecd0-44d8-98be-eabed99e4bad,GROUP,2dd7190d-ca3b-41a4-9642-b8e4b968a6dd,belong_to
1476,GROUP,2dd7190d-ca3b-41a4-9642-b8e4b968a6dd,USER,b71a5816-ecd0-44d8-98be-eabed99e4bad,part_off
1477,USER,dda19010-9ed4-49dd-8a03-1829f842f7d9,GROUP,13493cf6-4005-46b7-8fa9-01c3ce476f71,belong_to
1477,GROUP,13493cf6-4005-46b7-8fa9-01c3ce476f71,USER,dda19010-9ed4-49dd-8a03-1829f842f7d9,part_off
1478,USER,107731ea-a228-4081-a3bb-2831eae4b6e0,GROUP,7672a724-8452-415d-a044-0f8a81e77c96,belong_to
1478,GROUP,7672a724-8452-415d-a044-0f8a81e77c96,USER,107731ea-a228-4081-a3bb-2831eae4b6e0,part_off
1479,USER,294828f8-66b4-4e81-856c-65c2a82f04b8,GROUP,d4a7d418-b365-438e-8a50-d642c365fe7a,belong_to
1479,GROUP,d4a7d418-b365-438e-8a50-d642c365fe7a,USER,294828f8-66b4-4e81-856c-65c2a82f04b8,part_off
1480,USER,2d2deac8-0d2f-4249-872a-4073c1991cda,GROUP,5c705bfd-bcd8-447e-aea4-748e531162bf,belong_to
1480,GROUP,5c705bfd-bcd8-447e-aea4-748e531162bf,USER,2d2deac8-0d2f-4249-872a-4073c1991cda,part_off
1481,USER,b90377a8-417f-4ad3-8886-f3011e5aa983,GROUP,ccb6b98a-634a-4c65-876b-85a42223248b,belong_to
1481,GROUP,ccb6b98a-634a-4c65-876b-85a42223248b,USER,b90377a8-417f-4ad3-8886-f3011e5aa983,part_off
1482,USER,b201275d-4632-4d8e-874b-5e5bcc70668b,GROUP,3a72fa73-cab1-49e9-973e-2f4b378944c0,belong_to
1482,GROUP,3a72fa73-cab1-49e9-973e-2f4b378944c0,USER,b201275d-4632-4d8e-874b-5e5bcc70668b,part_off
1483,USER,28d79052-519d-4db3-8fa2-8a7a3a0aa5f6,GROUP,b621f0e1-fd70-49a6-8d5d-c5438bc79cc7,belong_to
1483,GROUP,b621f0e1-fd70-49a6-8d5d-c5438bc79cc7,USER,28d79052-519d-4db3-8fa2-8a7a3a0aa5f6,part_off
1484,USER,1b1f36fb-d939-416f-a34c-783478d6d8cb,GROUP,23742940-931a-4e2e-8aa7-00035d2a9e73,belong_to
1484,GROUP,23742940-931a-4e2e-8aa7-00035d2a9e73,USER,1b1f36fb-d939-416f-a34c-783478d6d8cb,part_off
1485,USER,f422e3bb-7f93-4308-9cb9-4fbe247cfbd1,GROUP,3abf9911-e102-4741-88c0-b27275826db3,belong_to
1485,GROUP,3abf9911-e102-4741-88c0-b27275826db3,USER,f422e3bb-7f93-4308-9cb9-4fbe247cfbd1,part_off
1486,USER,6707c849-b32b-4ff9-b1f8-018d3929b500,GROUP,00ccd09b-4e67-4270-8520-6f1d82091036,belong_to
1486,GROUP,00ccd09b-4e67-4270-8520-6f1d82091036,USER,6707c849-b32b-4ff9-b1f8-018d3929b500,part_off
1487,USER,16f5057d-fa37-42da-a8e1-66b07d64ab93,GROUP,59a89caf-b789-4ba6-b275-2a6cf1f57080,belong_to
1487,GROUP,59a89caf-b789-4ba6-b275-2a6cf1f57080,USER,16f5057d-fa37-42da-a8e1-66b07d64ab93,part_off
1488,USER,effee107-a494-45f5-b5b9-48f83e843131,GROUP,dc54a630-bc49-4e03-b1c1-402ff0b19d1d,belong_to
1488,GROUP,dc54a630-bc49-4e03-b1c1-402ff0b19d1d,USER,effee107-a494-45f5-b5b9-48f83e843131,part_off
1489,USER,fb9c9a9f-f3e9-4a37-9d03-9b20f59d19f4,GROUP,564670e9-947a-4502-aa13-a06da2d011e1,belong_to
1489,GROUP,564670e9-947a-4502-aa13-a06da2d011e1,USER,fb9c9a9f-f3e9-4a37-9d03-9b20f59d19f4,part_off
1490,USER,be77f3b2-3baf-4532-a651-ece8abe34100,GROUP,d1394908-5d27-47f7-9657-034fbab8f459,belong_to
1490,GROUP,d1394908-5d27-47f7-9657-034fbab8f459,USER,be77f3b2-3baf-4532-a651-ece8abe34100,part_off
1491,USER,4ec2b594-b3ad-4c99-b690-6f972f9f1228,GROUP,3d66b996-82af-43dc-ac6e-9650349fd2b6,belong_to
1491,GROUP,3d66b996-82af-43dc-ac6e-9650349fd2b6,USER,4ec2b594-b3ad-4c99-b690-6f972f9f1228,part_off
1492,USER,4aef297c-421d-4b73-8dd5-205638499dd7,GROUP,807c2e23-83a0-4e10-8270-9c166eee33b5,belong_to
1492,GROUP,807c2e23-83a0-4e10-8270-9c166eee33b5,USER,4aef297c-421d-4b73-8dd5-205638499dd7,part_off
1493,USER,09541e77-e72c-44af-aad6-792798bc2c72,GROUP,450ef0cc-46b6-43d2-b768-e993bbb91274,belong_to
1493,GROUP,450ef0cc-46b6-43d2-b768-e993bbb91274,USER,09541e77-e72c-44af-aad6-792798bc2c72,part_off
1494,USER,d27109d1-f7be-41f0-874f-26eda034a7fe,GROUP,498c7097-b27a-42a4-a06d-900111e887dc,belong_to
1494,GROUP,498c7097-b27a-42a4-a06d-900111e887dc,USER,d27109d1-f7be-41f0-874f-26eda034a7fe,part_off
1495,USER,a3d86a88-4e5f-4eeb-bdb4-060b64bcbfa9,GROUP,c50fea0b-5f73-40bf-bff7-b197d4b2640a,belong_to
1495,GROUP,c50fea0b-5f73-40bf-bff7-b197d4b2640a,USER,a3d86a88-4e5f-4eeb-bdb4-060b64bcbfa9,part_off
1496,USER,ae5f5fae-fe08-487b-b171-3809ed0615cc,GROUP,5b50c629-2ce5-4f96-b184-9a4fe4e09f1d,belong_to
1496,GROUP,5b50c629-2ce5-4f96-b184-9a4fe4e09f1d,USER,ae5f5fae-fe08-487b-b171-3809ed0615cc,part_off
1497,USER,b0af5aae-a432-4a68-a1e5-b440984739d3,GROUP,c0eb092d-4db1-4c71-ba4f-867ff1c8c08a,belong_to
1497,GROUP,c0eb092d-4db1-4c71-ba4f-867ff1c8c08a,USER,b0af5aae-a432-4a68-a1e5-b440984739d3,part_off
1498,USER,b3112b99-2c74-41d5-9609-e81aee991d8c,GROUP,e94c492c-f9b8-446d-b0a3-33e09ffc5728,belong_to
1498,GROUP,e94c492c-f9b8-446d-b0a3-33e09ffc5728,USER,b3112b99-2c74-41d5-9609-e81aee991d8c,part_off
1499,USER,108ecea9-65b6-4c42-ab92-8e3163871acb,GROUP,51b0b823-4f57-4674-a13f-507ff8f13842,belong_to
1499,GROUP,51b0b823-4f57-4674-a13f-507ff8f13842,USER,108ecea9-65b6-4c42-ab92-8e3163871acb,part_off
1500,USER,e3596b9a-db52-4007-884b-a04a50a92929,GROUP,a8b55804-280a-4586-bf5c-e78100c59e70,belong_to
1500,GROUP,a8b55804-280a-4586-bf5c-e78100c59e70,USER,e3596b9a-db52-4007-884b-a04a50a92929,part_off
1501,USER,df7691d6-1f08-4454-a3ec-2b40ea935ca7,GROUP,5e4d996b-58d3-40f7-ab7d-733e457b14d8,belong_to
1501,GROUP,5e4d996b-58d3-40f7-ab7d-733e457b14d8,USER,df7691d6-1f08-4454-a3ec-2b40ea935ca7,part_off
1502,USER,da944c20-f24d-4139-bd93-6010edc2d0b3,GROUP,f7d4d176-02f5-49cc-95e2-8e3502df01d9,belong_to
1502,GROUP,f7d4d176-02f5-49cc-95e2-8e3502df01d9,USER,da944c20-f24d-4139-bd93-6010edc2d0b3,part_off
1503,USER,a412de45-da52-439e-92b9-68cf20bb4b50,GROUP,2236162d-2d0d-4803-a902-9c2f0fcda535,belong_to
1503,GROUP,2236162d-2d0d-4803-a902-9c2f0fcda535,USER,a412de45-da52-439e-92b9-68cf20bb4b50,part_off
1504,USER,7c57fe8e-cd27-408a-b7f5-6812fa58d7bd,GROUP,bcbf435b-afed-44f4-81c1-361b2773374e,belong_to
1504,GROUP,bcbf435b-afed-44f4-81c1-361b2773374e,USER,7c57fe8e-cd27-408a-b7f5-6812fa58d7bd,part_off
1505,USER,ef35b009-3f2f-4ac3-9802-088f8f30961b,GROUP,c668aba1-3bb6-485f-8108-4ae5434f0d6b,belong_to
1505,GROUP,c668aba1-3bb6-485f-8108-4ae5434f0d6b,USER,ef35b009-3f2f-4ac3-9802-088f8f30961b,part_off
1506,USER,98e6787b-4db9-4441-8c20-1875cfa3b990,GROUP,d03d025b-a979-4a1b-9b5e-bbcba4961334,belong_to
1506,GROUP,d03d025b-a979-4a1b-9b5e-bbcba4961334,USER,98e6787b-4db9-4441-8c20-1875cfa3b990,part_off
1507,USER,fc92f8ac-8676-4961-a4e7-333bac535161,GROUP,f3fd240b-53ba-4b61-8455-6a8d3e95eef5,belong_to
1507,GROUP,f3fd240b-53ba-4b61-8455-6a8d3e95eef5,USER,fc92f8ac-8676-4961-a4e7-333bac535161,part_off
1508,USER,c84dc9eb-bec4-4841-b43b-2ea3a6ad5455,GROUP,5d9cd59f-3398-4c05-b0ce-f40fb433e34f,belong_to
1508,GROUP,5d9cd59f-3398-4c05-b0ce-f40fb433e34f,USER,c84dc9eb-bec4-4841-b43b-2ea3a6ad5455,part_off
1509,USER,b75d3d89-de4b-420f-befd-4507734b9a5e,GROUP,f61251d8-34e3-4c7a-aae4-22db9aa6d673,belong_to
1509,GROUP,f61251d8-34e3-4c7a-aae4-22db9aa6d673,USER,b75d3d89-de4b-420f-befd-4507734b9a5e,part_off
1510,USER,6455fb30-a885-4551-b28f-4d923430ed91,GROUP,d1cdfc12-b1b7-4c6d-9590-b1cf4f2f1cb9,belong_to
1510,GROUP,d1cdfc12-b1b7-4c6d-9590-b1cf4f2f1cb9,USER,6455fb30-a885-4551-b28f-4d923430ed91,part_off
1511,USER,122643a9-cd9f-4002-82e9-1e7f7afa63ef,GROUP,cf35b9f5-efc8-4a4e-839f-5a01a88f197e,belong_to
1511,GROUP,cf35b9f5-efc8-4a4e-839f-5a01a88f197e,USER,122643a9-cd9f-4002-82e9-1e7f7afa63ef,part_off
1512,USER,6c32d18a-ad5a-4503-8a69-ad4f66362b40,GROUP,f91a1dfb-8895-4b87-93cb-54c7c41a243e,belong_to
1512,GROUP,f91a1dfb-8895-4b87-93cb-54c7c41a243e,USER,6c32d18a-ad5a-4503-8a69-ad4f66362b40,part_off
1513,USER,9eea9509-23b3-4596-a105-053fe6578cee,GROUP,25b4ec41-d781-4a30-851a-e9d0812e5248,belong_to
1513,GROUP,25b4ec41-d781-4a30-851a-e9d0812e5248,USER,9eea9509-23b3-4596-a105-053fe6578cee,part_off
1514,USER,d26a0391-f409-4fd4-9ed7-b6c6bbcdfb62,GROUP,8f9a95ec-82e7-47e7-8852-8c8e62ff6a1e,belong_to
1514,GROUP,8f9a95ec-82e7-47e7-8852-8c8e62ff6a1e,USER,d26a0391-f409-4fd4-9ed7-b6c6bbcdfb62,part_off
1515,USER,dc98c5a5-eefc-40b6-ae58-846ccb253fae,GROUP,75ec3bbc-5e32-49ba-8b1e-0ba0e99a5a9a,belong_to
1515,GROUP,75ec3bbc-5e32-49ba-8b1e-0ba0e99a5a9a,USER,dc98c5a5-eefc-40b6-ae58-846ccb253fae,part_off
1516,USER,8a642a3e-4d97-4a21-83c6-0da3f8ccab26,GROUP,d8b45d2a-f653-4237-bcc7-3bac52f75d37,belong_to
1516,GROUP,d8b45d2a-f653-4237-bcc7-3bac52f75d37,USER,8a642a3e-4d97-4a21-83c6-0da3f8ccab26,part_off
1517,USER,900eb4e8-ade3-4d03-90b3-a7302fb48f05,GROUP,e5a255c0-cb09-4319-be0f-bd45e936611d,belong_to
1517,GROUP,e5a255c0-cb09-4319-be0f-bd45e936611d,USER,900eb4e8-ade3-4d03-90b3-a7302fb48f05,part_off
1518,USER,25fbe862-547d-4dc0-a11c-f28a5b41f27a,GROUP,cca84d1c-2fed-44d1-86ea-28d149453584,belong_to
1518,GROUP,cca84d1c-2fed-44d1-86ea-28d149453584,USER,25fbe862-547d-4dc0-a11c-f28a5b41f27a,part_off
1519,USER,da99c786-199a-4f68-8f57-c4fa13abd015,GROUP,b1ec78f5-0ad1-4be5-8452-35ddf6e53a7c,belong_to
1519,GROUP,b1ec78f5-0ad1-4be5-8452-35ddf6e53a7c,USER,da99c786-199a-4f68-8f57-c4fa13abd015,part_off
1520,USER,cd35da28-5e64-42df-99db-2718b6e81323,GROUP,bcf6bccf-24e7-4ce6-86d9-9674af9612c2,belong_to
1520,GROUP,bcf6bccf-24e7-4ce6-86d9-9674af9612c2,USER,cd35da28-5e64-42df-99db-2718b6e81323,part_off
1521,USER,8e753a35-4cbc-4055-a566-ec0431681bd9,GROUP,6bbd3d52-27b9-4fad-a724-cb2f44e7b114,belong_to
1521,GROUP,6bbd3d52-27b9-4fad-a724-cb2f44e7b114,USER,8e753a35-4cbc-4055-a566-ec0431681bd9,part_off
1522,USER,b2b6272d-dfb5-45f7-b256-067ff0155ea6,GROUP,f008c1ee-d8c0-478b-873a-3ceb46440eff,belong_to
1522,GROUP,f008c1ee-d8c0-478b-873a-3ceb46440eff,USER,b2b6272d-dfb5-45f7-b256-067ff0155ea6,part_off
1523,USER,a41b8bf1-b3b5-4c89-b63d-c0f7e50dd4c4,GROUP,2eb18b42-86a8-44d1-b85d-3c6bdbfdcb5f,belong_to
1523,GROUP,2eb18b42-86a8-44d1-b85d-3c6bdbfdcb5f,USER,a41b8bf1-b3b5-4c89-b63d-c0f7e50dd4c4,part_off
1524,USER,a29b6aea-a114-4a19-bd49-48f3dc51d1a9,GROUP,074ae1d8-227e-4d4a-82bc-d29ba51088ff,belong_to
1524,GROUP,074ae1d8-227e-4d4a-82bc-d29ba51088ff,USER,a29b6aea-a114-4a19-bd49-48f3dc51d1a9,part_off
1525,USER,b1db82af-ad5f-4146-a5fa-0296ff96f6aa,GROUP,632ac1c8-9a0e-4e0d-ab87-2a2b5ca2280b,belong_to
1525,GROUP,632ac1c8-9a0e-4e0d-ab87-2a2b5ca2280b,USER,b1db82af-ad5f-4146-a5fa-0296ff96f6aa,part_off
1526,USER,6c479305-fa4c-4b2c-be38-592f1a992e5f,GROUP,694d9930-51b7-4624-98b3-e506a3ba977b,belong_to
1526,GROUP,694d9930-51b7-4624-98b3-e506a3ba977b,USER,6c479305-fa4c-4b2c-be38-592f1a992e5f,part_off
1527,USER,66b24d4e-0e4d-443b-be17-90879e200310,GROUP,5bc6f026-22ba-417c-86d3-fcd57f3de90f,belong_to
1527,GROUP,5bc6f026-22ba-417c-86d3-fcd57f3de90f,USER,66b24d4e-0e4d-443b-be17-90879e200310,part_off
1528,USER,b7488cae-dd03-455f-8bc1-1ec52bf8dfe9,GROUP,92e7c427-9c51-4735-8834-73c007996246,belong_to
1528,GROUP,92e7c427-9c51-4735-8834-73c007996246,USER,b7488cae-dd03-455f-8bc1-1ec52bf8dfe9,part_off
1529,USER,26730aee-33df-4134-9e3f-24b3a1466f14,GROUP,ccca53b3-ef34-41fb-8458-2ac18504c4b2,belong_to
1529,GROUP,ccca53b3-ef34-41fb-8458-2ac18504c4b2,USER,26730aee-33df-4134-9e3f-24b3a1466f14,part_off
1530,USER,87babbe5-b7e5-40c7-8a36-6152a155b205,GROUP,abd8e964-6541-4e52-9907-20fdeab096ff,belong_to
1530,GROUP,abd8e964-6541-4e52-9907-20fdeab096ff,USER,87babbe5-b7e5-40c7-8a36-6152a155b205,part_off
1531,USER,adc9d3fc-a61e-402c-8b77-6b376498c05b,GROUP,7db4f6e5-0f45-47d5-aa64-d87a4c52bfbb,belong_to
1531,GROUP,7db4f6e5-0f45-47d5-aa64-d87a4c52bfbb,USER,adc9d3fc-a61e-402c-8b77-6b376498c05b,part_off
1532,USER,64cd6eeb-7cb0-4069-b8d4-e9377574e07a,GROUP,2eaf571a-f2a2-4708-8c1d-07041637007a,belong_to
1532,GROUP,2eaf571a-f2a2-4708-8c1d-07041637007a,USER,64cd6eeb-7cb0-4069-b8d4-e9377574e07a,part_off
1533,USER,568a75e6-0dbb-410b-9b13-31d496185347,GROUP,7cde025e-4432-4ac7-9ca2-1ff01719ffdf,belong_to
1533,GROUP,7cde025e-4432-4ac7-9ca2-1ff01719ffdf,USER,568a75e6-0dbb-410b-9b13-31d496185347,part_off
1534,USER,67dda248-0343-41b2-a962-18cc020e9c24,GROUP,b23a8571-4fe2-4cb2-a9aa-8186dcfb8074,belong_to
1534,GROUP,b23a8571-4fe2-4cb2-a9aa-8186dcfb8074,USER,67dda248-0343-41b2-a962-18cc020e9c24,part_off
1535,USER,0ffc218e-9172-414c-b012-3c4566c5e6a9,GROUP,639b0f0f-b172-4cb6-9d9c-d5883ddd3ab3,belong_to
1535,GROUP,639b0f0f-b172-4cb6-9d9c-d5883ddd3ab3,USER,0ffc218e-9172-414c-b012-3c4566c5e6a9,part_off
1536,USER,bb42d44c-47b5-4702-beb6-11a20b0d853e,GROUP,fd2aedf9-951c-463c-9c0f-a9f4cd0dc52c,belong_to
1536,GROUP,fd2aedf9-951c-463c-9c0f-a9f4cd0dc52c,USER,bb42d44c-47b5-4702-beb6-11a20b0d853e,part_off
1537,USER,fd306fb0-c079-4ce4-93be-7d993b794b04,GROUP,4c55f1d4-2887-4a08-b6ba-1076599b1831,belong_to
1537,GROUP,4c55f1d4-2887-4a08-b6ba-1076599b1831,USER,fd306fb0-c079-4ce4-93be-7d993b794b04,part_off
1538,USER,a8aa00f9-8641-4a50-988d-a327c0f333d1,GROUP,3b6b0dd5-211e-4010-833a-05f80d06602d,belong_to
1538,GROUP,3b6b0dd5-211e-4010-833a-05f80d06602d,USER,a8aa00f9-8641-4a50-988d-a327c0f333d1,part_off
1539,USER,74088947-a129-45c7-aac3-1f3e5cd72d58,GROUP,0c600144-f394-4b5a-b311-6854816f12c7,belong_to
1539,GROUP,0c600144-f394-4b5a-b311-6854816f12c7,USER,74088947-a129-45c7-aac3-1f3e5cd72d58,part_off
1540,USER,fb1b6c43-613e-427c-80ce-29947d5046b2,GROUP,a639fbd4-0d4b-42b9-8653-b57a82b5b8d9,belong_to
1540,GROUP,a639fbd4-0d4b-42b9-8653-b57a82b5b8d9,USER,fb1b6c43-613e-427c-80ce-29947d5046b2,part_off
1541,USER,705e2c14-16e5-4327-92a8-0eedb12ca985,GROUP,1f0c16b5-a122-4342-b2c8-4bbb0abab6b4,belong_to
1541,GROUP,1f0c16b5-a122-4342-b2c8-4bbb0abab6b4,USER,705e2c14-16e5-4327-92a8-0eedb12ca985,part_off
1542,USER,40ff183f-e2b7-4687-bd8a-5a4bf102377a,GROUP,bc6d45c1-7120-4f9a-8b84-bceae76ac649,belong_to
1542,GROUP,bc6d45c1-7120-4f9a-8b84-bceae76ac649,USER,40ff183f-e2b7-4687-bd8a-5a4bf102377a,part_off
1543,USER,9049f91a-8482-43b1-b793-1671162b9ec4,GROUP,5f2e404c-3b22-4e58-b012-492a9cb319c3,belong_to
1543,GROUP,5f2e404c-3b22-4e58-b012-492a9cb319c3,USER,9049f91a-8482-43b1-b793-1671162b9ec4,part_off
1544,USER,5f1c1c78-8a96-42b7-8ccf-461ec8ec89d1,GROUP,6487a1bc-e573-4df5-9c13-001927099e74,belong_to
1544,GROUP,6487a1bc-e573-4df5-9c13-001927099e74,USER,5f1c1c78-8a96-42b7-8ccf-461ec8ec89d1,part_off
1545,USER,e5e29839-2d5c-442a-9fb3-94c05961428f,GROUP,c65c3bd9-f197-4c16-ac99-6b9fd633cb6f,belong_to
1545,GROUP,c65c3bd9-f197-4c16-ac99-6b9fd633cb6f,USER,e5e29839-2d5c-442a-9fb3-94c05961428f,part_off
1546,USER,c7ac0609-00a8-4372-8956-f6f28d0e4f14,GROUP,db3b25aa-aac7-47a9-a123-0ee4e7406b04,belong_to
1546,GROUP,db3b25aa-aac7-47a9-a123-0ee4e7406b04,USER,c7ac0609-00a8-4372-8956-f6f28d0e4f14,part_off
1547,USER,24c75040-ffd4-4d64-80e9-fb21198234af,GROUP,4c9d77da-226e-4260-abec-b84be863dba6,belong_to
1547,GROUP,4c9d77da-226e-4260-abec-b84be863dba6,USER,24c75040-ffd4-4d64-80e9-fb21198234af,part_off
1548,USER,f6c2c1ac-23c3-4e18-8a4c-992194d17240,GROUP,b0a5272e-bc43-4ec7-a900-0c6365d62c2b,belong_to
1548,GROUP,b0a5272e-bc43-4ec7-a900-0c6365d62c2b,USER,f6c2c1ac-23c3-4e18-8a4c-992194d17240,part_off
1549,USER,c696ec1b-a8ee-4084-9a2b-66eebea568ef,GROUP,2563f48a-3e78-4a94-b76f-5d8b675c0a68,belong_to
1549,GROUP,2563f48a-3e78-4a94-b76f-5d8b675c0a68,USER,c696ec1b-a8ee-4084-9a2b-66eebea568ef,part_off
1550,USER,31647aae-ad0c-47fe-8251-daff93cb0210,GROUP,23ef2434-a066-4397-9124-fca41bad9219,belong_to
1550,GROUP,23ef2434-a066-4397-9124-fca41bad9219,USER,31647aae-ad0c-47fe-8251-daff93cb0210,part_off
1551,USER,250082f7-4a25-48db-855b-b7619ca81891,GROUP,8e181d7a-519d-4df5-8170-77103355c6c8,belong_to
1551,GROUP,8e181d7a-519d-4df5-8170-77103355c6c8,USER,250082f7-4a25-48db-855b-b7619ca81891,part_off
1552,USER,82cfe5e4-9ae6-4a9a-93f8-920234c90ef0,GROUP,a754479a-329f-4f9f-8830-41bcb8a62b8c,belong_to
1552,GROUP,a754479a-329f-4f9f-8830-41bcb8a62b8c,USER,82cfe5e4-9ae6-4a9a-93f8-920234c90ef0,part_off
1553,USER,98a85d73-4311-415a-86a0-d116a0d47b35,GROUP,ed9d8a61-5f6d-4ebb-b06a-63647946d795,belong_to
1553,GROUP,ed9d8a61-5f6d-4ebb-b06a-63647946d795,USER,98a85d73-4311-415a-86a0-d116a0d47b35,part_off
1554,USER,211218be-510f-4301-8433-39bfc547b778,GROUP,b7765a72-ef32-4cb8-95da-8da9ac1b8782,belong_to
1554,GROUP,b7765a72-ef32-4cb8-95da-8da9ac1b8782,USER,211218be-510f-4301-8433-39bfc547b778,part_off
1555,USER,d6784bdf-e702-42cd-bc0b-727301632a15,GROUP,f39773b5-cb56-4ba9-b397-461c78a054aa,belong_to
1555,GROUP,f39773b5-cb56-4ba9-b397-461c78a054aa,USER,d6784bdf-e702-42cd-bc0b-727301632a15,part_off
1556,USER,bb36c061-38a0-4768-90ea-beb47ad4044d,GROUP,7bf13a19-b8a6-478a-aa6f-7f16b2dfaf61,belong_to
1556,GROUP,7bf13a19-b8a6-478a-aa6f-7f16b2dfaf61,USER,bb36c061-38a0-4768-90ea-beb47ad4044d,part_off
1557,USER,d48ff47e-6a02-4a33-b74c-cc8cf5d80403,GROUP,54851651-9bdb-4e31-afaa-3cf1293d797b,belong_to
1557,GROUP,54851651-9bdb-4e31-afaa-3cf1293d797b,USER,d48ff47e-6a02-4a33-b74c-cc8cf5d80403,part_off
1558,USER,78dc684d-042f-444b-a647-15fc2ace90f9,GROUP,5119e1f4-01f0-4be8-bb29-97a78527dc78,belong_to
1558,GROUP,5119e1f4-01f0-4be8-bb29-97a78527dc78,USER,78dc684d-042f-444b-a647-15fc2ace90f9,part_off
1559,USER,477cfab1-74c9-4772-a9b8-58232d6bbcd7,GROUP,d38eaa90-47d7-41a3-8ccc-e3db1698bd2a,belong_to
1559,GROUP,d38eaa90-47d7-41a3-8ccc-e3db1698bd2a,USER,477cfab1-74c9-4772-a9b8-58232d6bbcd7,part_off
1560,USER,e9962eac-a8ff-4e08-ac89-66befc6dee2a,GROUP,8b20dcf7-29b7-44b0-8cc1-8c973f364c3c,belong_to
1560,GROUP,8b20dcf7-29b7-44b0-8cc1-8c973f364c3c,USER,e9962eac-a8ff-4e08-ac89-66befc6dee2a,part_off
1561,USER,0684e6cb-6c4a-4089-87a1-6759e5c2d85f,GROUP,e4ea92c1-6d4b-46f0-b01f-9be903e51667,belong_to
1561,GROUP,e4ea92c1-6d4b-46f0-b01f-9be903e51667,USER,0684e6cb-6c4a-4089-87a1-6759e5c2d85f,part_off
1562,USER,6c8f9db3-680b-4d0c-9fd6-734ca8bcb1ab,GROUP,d9193de8-1c08-4dbe-83fa-9c218558d9a2,belong_to
1562,GROUP,d9193de8-1c08-4dbe-83fa-9c218558d9a2,USER,6c8f9db3-680b-4d0c-9fd6-734ca8bcb1ab,part_off
1563,USER,b754b982-001c-438c-97a8-43f03e378c1c,GROUP,3baad3e3-db40-40ac-8de3-481c1339a753,belong_to
1563,GROUP,3baad3e3-db40-40ac-8de3-481c1339a753,USER,b754b982-001c-438c-97a8-43f03e378c1c,part_off
1564,USER,cc2ce311-c6e3-41df-8f3a-6bb0944b7077,GROUP,590b2df6-46c2-443b-ab5a-3fe669a363bf,belong_to
1564,GROUP,590b2df6-46c2-443b-ab5a-3fe669a363bf,USER,cc2ce311-c6e3-41df-8f3a-6bb0944b7077,part_off
1565,USER,1b4d74f8-04d2-4de3-873e-f85403569877,GROUP,f1aa2d66-eff1-4ec3-b7d2-391388135187,belong_to
1565,GROUP,f1aa2d66-eff1-4ec3-b7d2-391388135187,USER,1b4d74f8-04d2-4de3-873e-f85403569877,part_off
1566,USER,a07d3ab8-9bb3-4d2c-9545-26e0a1cc722b,GROUP,f2af57f7-7e26-4e0e-9bb0-1572b0ca3b61,belong_to
1566,GROUP,f2af57f7-7e26-4e0e-9bb0-1572b0ca3b61,USER,a07d3ab8-9bb3-4d2c-9545-26e0a1cc722b,part_off
1567,USER,2d5ec70b-80cf-4d12-95db-64dd0c14df25,GROUP,06d33d5f-5854-4b8b-a2e3-fdf9a94b996e,belong_to
1567,GROUP,06d33d5f-5854-4b8b-a2e3-fdf9a94b996e,USER,2d5ec70b-80cf-4d12-95db-64dd0c14df25,part_off
1568,USER,99d8de38-e5c6-43d7-a98d-a61df1f7cbc7,GROUP,cf580ab1-bbdc-475f-b304-c8b485d98871,belong_to
1568,GROUP,cf580ab1-bbdc-475f-b304-c8b485d98871,USER,99d8de38-e5c6-43d7-a98d-a61df1f7cbc7,part_off
1569,USER,aac8237e-a3f8-48ae-9f3c-e0fb1e97f576,GROUP,a99a319b-9dcf-42bc-ae0f-7c5b98a6e57c,belong_to
1569,GROUP,a99a319b-9dcf-42bc-ae0f-7c5b98a6e57c,USER,aac8237e-a3f8-48ae-9f3c-e0fb1e97f576,part_off
1570,USER,6ca7f529-e756-4c02-a0cf-aceb01982d45,GROUP,980830a3-9d27-4bf8-b8bb-dd4e2499560e,belong_to
1570,GROUP,980830a3-9d27-4bf8-b8bb-dd4e2499560e,USER,6ca7f529-e756-4c02-a0cf-aceb01982d45,part_off
1571,USER,789b507a-20ae-41a8-be4c-4bb6a2524bc8,GROUP,09ed568d-5275-420b-9c08-4b45afd73dab,belong_to
1571,GROUP,09ed568d-5275-420b-9c08-4b45afd73dab,USER,789b507a-20ae-41a8-be4c-4bb6a2524bc8,part_off
1572,USER,efb6868f-a8b4-47e8-83fe-9cfc2293deb7,GROUP,e6a9ea79-82bb-416b-895c-b3513acada80,belong_to
1572,GROUP,e6a9ea79-82bb-416b-895c-b3513acada80,USER,efb6868f-a8b4-47e8-83fe-9cfc2293deb7,part_off
1573,USER,8b304ec1-1467-4528-978d-b3d46b0f72bf,GROUP,51d7509c-5a01-4cc4-83ee-5a1350779ef4,belong_to
1573,GROUP,51d7509c-5a01-4cc4-83ee-5a1350779ef4,USER,8b304ec1-1467-4528-978d-b3d46b0f72bf,part_off
1574,USER,65c3e3b0-280a-4ecf-b6c5-81d89c1c6c99,GROUP,5d33b6a8-c32e-4475-b9f6-6d726aef28d9,belong_to
1574,GROUP,5d33b6a8-c32e-4475-b9f6-6d726aef28d9,USER,65c3e3b0-280a-4ecf-b6c5-81d89c1c6c99,part_off
1575,USER,70cd757d-b24b-4283-9a46-674c1f22d0ba,GROUP,85a0094e-e635-4f21-8549-92f6d7ab5671,belong_to
1575,GROUP,85a0094e-e635-4f21-8549-92f6d7ab5671,USER,70cd757d-b24b-4283-9a46-674c1f22d0ba,part_off
1576,USER,8a3057c4-4f31-4f6a-b5d8-b3f612a7a659,GROUP,6872c3ac-6148-41da-ab20-8c3358e3747a,belong_to
1576,GROUP,6872c3ac-6148-41da-ab20-8c3358e3747a,USER,8a3057c4-4f31-4f6a-b5d8-b3f612a7a659,part_off
1577,USER,30177707-95e8-41e8-82b8-ac31eed2db87,GROUP,9f0dbd76-e280-4546-a157-0418e22508e3,belong_to
1577,GROUP,9f0dbd76-e280-4546-a157-0418e22508e3,USER,30177707-95e8-41e8-82b8-ac31eed2db87,part_off
1578,USER,d14838b8-0f39-4b07-88ce-a33e64f0f787,GROUP,7c8c9f37-bfc4-4d44-a30d-f96abc592599,belong_to
1578,GROUP,7c8c9f37-bfc4-4d44-a30d-f96abc592599,USER,d14838b8-0f39-4b07-88ce-a33e64f0f787,part_off
1579,USER,0e761045-8153-44f9-9e2e-285e1a278cef,GROUP,e7b98bc3-be08-4edb-995f-2ea932e5b9bf,belong_to
1579,GROUP,e7b98bc3-be08-4edb-995f-2ea932e5b9bf,USER,0e761045-8153-44f9-9e2e-285e1a278cef,part_off
1580,USER,814ab155-cc7c-4555-b5eb-8f915f877aa0,GROUP,92d0084f-7a8f-4e3e-ad31-90540a46662a,belong_to
1580,GROUP,92d0084f-7a8f-4e3e-ad31-90540a46662a,USER,814ab155-cc7c-4555-b5eb-8f915f877aa0,part_off
1581,USER,f48aeb79-b053-40e2-bcdf-cba929611317,GROUP,d6e70d1c-fdbb-4bf9-925b-333e842cbf62,belong_to
1581,GROUP,d6e70d1c-fdbb-4bf9-925b-333e842cbf62,USER,f48aeb79-b053-40e2-bcdf-cba929611317,part_off
1582,USER,6c2adea6-5a97-4606-9af1-4a8924b63b78,GROUP,886d5f05-0a2a-4dbf-a279-559fdd17bc80,belong_to
1582,GROUP,886d5f05-0a2a-4dbf-a279-559fdd17bc80,USER,6c2adea6-5a97-4606-9af1-4a8924b63b78,part_off
1583,USER,e9d18e13-5114-4d1a-89e5-f9dcbe0b7300,GROUP,fda08b6c-2773-4cd5-a7b8-f825659f23cd,belong_to
1583,GROUP,fda08b6c-2773-4cd5-a7b8-f825659f23cd,USER,e9d18e13-5114-4d1a-89e5-f9dcbe0b7300,part_off
1584,USER,41b6c7ac-e164-4913-889e-7d698486b955,GROUP,6df6e25d-240a-4ec7-978f-1639f49c8156,belong_to
1584,GROUP,6df6e25d-240a-4ec7-978f-1639f49c8156,USER,41b6c7ac-e164-4913-889e-7d698486b955,part_off
1585,USER,189a9b58-7ac0-400b-b330-4d0dac90c2ce,GROUP,f03f4b41-21da-429e-9305-7bb9f404029c,belong_to
1585,GROUP,f03f4b41-21da-429e-9305-7bb9f404029c,USER,189a9b58-7ac0-400b-b330-4d0dac90c2ce,part_off
1586,USER,ca04dbed-b154-43d2-85c1-94c267848e8c,GROUP,f573fb08-a36a-4047-b966-95684deff2db,belong_to
1586,GROUP,f573fb08-a36a-4047-b966-95684deff2db,USER,ca04dbed-b154-43d2-85c1-94c267848e8c,part_off
1587,USER,26c4f3fa-36a8-4bd1-b82f-506b4b52072f,GROUP,ba92552b-b259-4fc8-ae01-6e69d80a96fb,belong_to
1587,GROUP,ba92552b-b259-4fc8-ae01-6e69d80a96fb,USER,26c4f3fa-36a8-4bd1-b82f-506b4b52072f,part_off
1588,USER,bd2232bb-7225-4bac-9251-8a432b8b8387,GROUP,c6fa7f09-df46-4473-9092-74bbed9a8a51,belong_to
1588,GROUP,c6fa7f09-df46-4473-9092-74bbed9a8a51,USER,bd2232bb-7225-4bac-9251-8a432b8b8387,part_off
1589,USER,79d211ce-2767-4120-9d37-751b7f82da5b,GROUP,bcfa0d3e-59fc-4cde-80a3-2640b708812d,belong_to
1589,GROUP,bcfa0d3e-59fc-4cde-80a3-2640b708812d,USER,79d211ce-2767-4120-9d37-751b7f82da5b,part_off
1590,USER,a93be323-c143-4453-8b5a-f303eda491e8,GROUP,9de30247-a9ad-4ee4-ae83-d4800d7fe3f4,belong_to
1590,GROUP,9de30247-a9ad-4ee4-ae83-d4800d7fe3f4,USER,a93be323-c143-4453-8b5a-f303eda491e8,part_off
1591,USER,43a6fde7-a2ba-4141-9a7d-f6f3460c5d00,GROUP,7a3e5764-b6db-49bb-a707-bc8fc58f863c,belong_to
1591,GROUP,7a3e5764-b6db-49bb-a707-bc8fc58f863c,USER,43a6fde7-a2ba-4141-9a7d-f6f3460c5d00,part_off
1592,USER,2a0a6940-fc08-4141-af78-efa4f21760e3,GROUP,d1eac4ba-1d49-4e46-b789-0af70054a1d6,belong_to
1592,GROUP,d1eac4ba-1d49-4e46-b789-0af70054a1d6,USER,2a0a6940-fc08-4141-af78-efa4f21760e3,part_off
1593,USER,68096243-6d9c-4061-aa7f-939ed4267706,GROUP,5085d28f-1f3d-4bb2-9c1c-aa793353a628,belong_to
1593,GROUP,5085d28f-1f3d-4bb2-9c1c-aa793353a628,USER,68096243-6d9c-4061-aa7f-939ed4267706,part_off
1594,USER,f02f02b9-e4ff-4a36-9e92-531f8bd9c2c6,GROUP,f25a72fe-8e4b-48b3-bacd-2b88219dc95e,belong_to
1594,GROUP,f25a72fe-8e4b-48b3-bacd-2b88219dc95e,USER,f02f02b9-e4ff-4a36-9e92-531f8bd9c2c6,part_off
1595,USER,6386eb6c-0087-402f-a1f4-73508119c3a4,GROUP,6b168ca5-66ed-44ed-948e-d85fa36b6f7f,belong_to
1595,GROUP,6b168ca5-66ed-44ed-948e-d85fa36b6f7f,USER,6386eb6c-0087-402f-a1f4-73508119c3a4,part_off
1596,USER,3156b594-6072-4000-982d-898329e5b309,GROUP,8c1ebe9e-339c-403e-af3c-d861ac1ca018,belong_to
1596,GROUP,8c1ebe9e-339c-403e-af3c-d861ac1ca018,USER,3156b594-6072-4000-982d-898329e5b309,part_off
1597,USER,d23dfabc-6a72-4e65-a1b2-eb9cbe0043a3,GROUP,74f2e775-7c46-4633-a6b5-ff97a331040b,belong_to
1597,GROUP,74f2e775-7c46-4633-a6b5-ff97a331040b,USER,d23dfabc-6a72-4e65-a1b2-eb9cbe0043a3,part_off
1598,USER,25343696-a594-4a87-b8ee-4096eb7db3c1,GROUP,3f6edec5-d6a7-43ed-b513-bf3da620cb8f,belong_to
1598,GROUP,3f6edec5-d6a7-43ed-b513-bf3da620cb8f,USER,25343696-a594-4a87-b8ee-4096eb7db3c1,part_off
1599,USER,a8952f02-70b6-4420-8dd4-77a69a39e9f5,GROUP,d9fc6b40-4163-4bb9-8f5f-6c9e1ffbe46a,belong_to
1599,GROUP,d9fc6b40-4163-4bb9-8f5f-6c9e1ffbe46a,USER,a8952f02-70b6-4420-8dd4-77a69a39e9f5,part_off
1600,USER,89e15192-a9da-492e-bad9-54bd8dbfecb0,GROUP,4cd7eaee-543a-4bbc-84aa-2d1c88e6055a,belong_to
1600,GROUP,4cd7eaee-543a-4bbc-84aa-2d1c88e6055a,USER,89e15192-a9da-492e-bad9-54bd8dbfecb0,part_off
1601,USER,4e09bae3-5154-4c92-bcd6-b76475d202b4,GROUP,eb006678-278b-4754-aabe-c3cbb7408d78,belong_to
1601,GROUP,eb006678-278b-4754-aabe-c3cbb7408d78,USER,4e09bae3-5154-4c92-bcd6-b76475d202b4,part_off
1602,USER,ac923f4c-ccc5-43b4-9459-aefc694644e8,GROUP,bfc12739-f25c-40a3-a494-c1f5cee13be3,belong_to
1602,GROUP,bfc12739-f25c-40a3-a494-c1f5cee13be3,USER,ac923f4c-ccc5-43b4-9459-aefc694644e8,part_off
1603,USER,47bb1f7f-0713-4530-a613-05c614a92864,GROUP,b4a325ee-948f-4eff-9b00-d641f09d5198,belong_to
1603,GROUP,b4a325ee-948f-4eff-9b00-d641f09d5198,USER,47bb1f7f-0713-4530-a613-05c614a92864,part_off
1604,USER,ac0ef5c8-40a4-4341-8d0d-84ecc0fb4ec1,GROUP,5182d475-2b66-4e7b-9203-c9c12df7a937,belong_to
1604,GROUP,5182d475-2b66-4e7b-9203-c9c12df7a937,USER,ac0ef5c8-40a4-4341-8d0d-84ecc0fb4ec1,part_off
1605,USER,0a1dbaf0-f7e7-4cbb-ba8c-eb384c77686a,GROUP,9cbd1479-0100-4ce6-8acf-2afab86e4d6f,belong_to
1605,GROUP,9cbd1479-0100-4ce6-8acf-2afab86e4d6f,USER,0a1dbaf0-f7e7-4cbb-ba8c-eb384c77686a,part_off
1606,USER,1a5c4b52-58be-4013-8fbf-2b8a568a1068,GROUP,5c12baa6-471c-4f1a-ab58-4afdc71da42f,belong_to
1606,GROUP,5c12baa6-471c-4f1a-ab58-4afdc71da42f,USER,1a5c4b52-58be-4013-8fbf-2b8a568a1068,part_off
1607,USER,f978cba1-a094-4f10-8e2f-5912d28f765e,GROUP,10e32a93-548a-47d7-bc15-2b298bac59f5,belong_to
1607,GROUP,10e32a93-548a-47d7-bc15-2b298bac59f5,USER,f978cba1-a094-4f10-8e2f-5912d28f765e,part_off
1608,USER,f45a1024-df0e-40e1-9159-9fdd55559596,GROUP,cd9a7a14-19fd-42fb-ba0c-261b73bc8bc0,belong_to
1608,GROUP,cd9a7a14-19fd-42fb-ba0c-261b73bc8bc0,USER,f45a1024-df0e-40e1-9159-9fdd55559596,part_off
1609,USER,e099656b-c759-4370-8485-475a5895e5a4,GROUP,7282ff8e-f65b-4ca3-98e9-f041d465d3c4,belong_to
1609,GROUP,7282ff8e-f65b-4ca3-98e9-f041d465d3c4,USER,e099656b-c759-4370-8485-475a5895e5a4,part_off
1610,USER,07d33204-1810-4896-8cf4-8cc61d511cb1,GROUP,70e50ca8-71fd-4a8d-a672-de2139f364d5,belong_to
1610,GROUP,70e50ca8-71fd-4a8d-a672-de2139f364d5,USER,07d33204-1810-4896-8cf4-8cc61d511cb1,part_off
1611,USER,4de0017b-172f-4f07-a02c-76e2cdfb383b,GROUP,1bacdade-d725-47f8-ac7d-e780b8a7e60a,belong_to
1611,GROUP,1bacdade-d725-47f8-ac7d-e780b8a7e60a,USER,4de0017b-172f-4f07-a02c-76e2cdfb383b,part_off
1612,USER,0b3e2f6f-6dc4-45f4-81ed-e7d2a8381cca,GROUP,07edc728-f962-49c9-8fc4-12f8440f2810,belong_to
1612,GROUP,07edc728-f962-49c9-8fc4-12f8440f2810,USER,0b3e2f6f-6dc4-45f4-81ed-e7d2a8381cca,part_off
1613,USER,4c8ea432-5ce6-4290-be78-b20c31fae109,GROUP,e53ff90a-bab6-46c3-9189-5585e1fbfdc4,belong_to
1613,GROUP,e53ff90a-bab6-46c3-9189-5585e1fbfdc4,USER,4c8ea432-5ce6-4290-be78-b20c31fae109,part_off
1614,USER,40ab19a3-bf80-46fa-a30b-0e8091ecdc36,GROUP,049cfd77-e0d4-4dd1-9a5f-96b9af796ef7,belong_to
1614,GROUP,049cfd77-e0d4-4dd1-9a5f-96b9af796ef7,USER,40ab19a3-bf80-46fa-a30b-0e8091ecdc36,part_off
1615,USER,7d373e70-6dc4-467f-bce2-707f52520f52,GROUP,62dd6f35-0299-4d76-8d4c-4f066fac3f5c,belong_to
1615,GROUP,62dd6f35-0299-4d76-8d4c-4f066fac3f5c,USER,7d373e70-6dc4-467f-bce2-707f52520f52,part_off
1616,USER,4e782be2-77e8-488c-a00e-539966cbf49b,GROUP,66713057-85f3-4314-993e-31b2aa146215,belong_to
1616,GROUP,66713057-85f3-4314-993e-31b2aa146215,USER,4e782be2-77e8-488c-a00e-539966cbf49b,part_off
1617,USER,88b2ce18-ac3a-4e50-8318-b160007706aa,GROUP,77f32191-73a2-4903-bfe1-2143a8f9d330,belong_to
1617,GROUP,77f32191-73a2-4903-bfe1-2143a8f9d330,USER,88b2ce18-ac3a-4e50-8318-b160007706aa,part_off
1618,USER,569af393-0ae7-4937-915b-a48ba8b36ad8,GROUP,7bdeb257-106a-4bff-a460-2b5ae4f446e2,belong_to
1618,GROUP,7bdeb257-106a-4bff-a460-2b5ae4f446e2,USER,569af393-0ae7-4937-915b-a48ba8b36ad8,part_off
1619,USER,38f7e090-25e6-484c-b393-2e7e1c9200c8,GROUP,001b3483-9074-4687-9dc6-06c17da285ce,belong_to
1619,GROUP,001b3483-9074-4687-9dc6-06c17da285ce,USER,38f7e090-25e6-484c-b393-2e7e1c9200c8,part_off
1620,USER,f606341e-123b-4e6e-9d8d-0452db37c56b,GROUP,5a374e81-9207-435e-9bb3-4a84d25be665,belong_to
1620,GROUP,5a374e81-9207-435e-9bb3-4a84d25be665,USER,f606341e-123b-4e6e-9d8d-0452db37c56b,part_off
1621,USER,a7c86b46-2ca1-443a-9ccd-cd10e2c8316e,GROUP,2c098b06-e114-49e3-a2f6-af5cdb094980,belong_to
1621,GROUP,2c098b06-e114-49e3-a2f6-af5cdb094980,USER,a7c86b46-2ca1-443a-9ccd-cd10e2c8316e,part_off
1622,USER,3f7125e1-3043-4af0-b8c2-383431b01d83,GROUP,e2817234-ce57-4493-82cd-642df67076a8,belong_to
1622,GROUP,e2817234-ce57-4493-82cd-642df67076a8,USER,3f7125e1-3043-4af0-b8c2-383431b01d83,part_off
1623,USER,07920d14-6aa7-4708-87e6-d506e1debfea,GROUP,f94c7910-9cac-4135-8482-2f734b407a0b,belong_to
1623,GROUP,f94c7910-9cac-4135-8482-2f734b407a0b,USER,07920d14-6aa7-4708-87e6-d506e1debfea,part_off
1624,USER,68e84393-b3d6-466e-86e8-63389e2bedc4,GROUP,5e1ac651-5860-4b04-84b3-3d0d00e93318,belong_to
1624,GROUP,5e1ac651-5860-4b04-84b3-3d0d00e93318,USER,68e84393-b3d6-466e-86e8-63389e2bedc4,part_off
1625,USER,f36c0901-b741-4bf7-ae9a-ba67ac60c8ec,GROUP,47c9a08b-bae0-493b-9080-5977499260e8,belong_to
1625,GROUP,47c9a08b-bae0-493b-9080-5977499260e8,USER,f36c0901-b741-4bf7-ae9a-ba67ac60c8ec,part_off
1626,USER,b79a1b76-c47b-4235-9bf6-053c072bdf03,GROUP,d266e9a1-3b8d-4dff-b11d-8c386da5081e,belong_to
1626,GROUP,d266e9a1-3b8d-4dff-b11d-8c386da5081e,USER,b79a1b76-c47b-4235-9bf6-053c072bdf03,part_off
1627,USER,f82dc467-6301-4d86-b61e-d0af0b89309f,GROUP,4460c711-bda3-45ba-a042-15136c0c7506,belong_to
1627,GROUP,4460c711-bda3-45ba-a042-15136c0c7506,USER,f82dc467-6301-4d86-b61e-d0af0b89309f,part_off
1628,USER,3d6cf2a9-198f-4b31-87da-68ad2fa05651,GROUP,79368f03-21a1-4128-aab3-3614f10d91a0,belong_to
1628,GROUP,79368f03-21a1-4128-aab3-3614f10d91a0,USER,3d6cf2a9-198f-4b31-87da-68ad2fa05651,part_off
1629,USER,ebe8482b-5e0e-4da0-ba43-8c67b3894ad5,GROUP,7579e70d-9bef-40d3-bb1f-37c237486b1b,belong_to
1629,GROUP,7579e70d-9bef-40d3-bb1f-37c237486b1b,USER,ebe8482b-5e0e-4da0-ba43-8c67b3894ad5,part_off
1630,USER,fa8e2478-afa2-41cc-bf74-d155c00ae5bf,GROUP,9071a705-1d69-41c9-815f-95a48ad4f1d2,belong_to
1630,GROUP,9071a705-1d69-41c9-815f-95a48ad4f1d2,USER,fa8e2478-afa2-41cc-bf74-d155c00ae5bf,part_off
1631,USER,f56e4880-2d30-47f0-a539-18ff0900dd73,GROUP,cbbd2808-9abb-472f-bb76-9a97f5004f92,belong_to
1631,GROUP,cbbd2808-9abb-472f-bb76-9a97f5004f92,USER,f56e4880-2d30-47f0-a539-18ff0900dd73,part_off
1632,USER,3a6da709-a098-44ea-a4dd-ce017a3eee66,GROUP,bd71f81f-7884-4b23-ad40-3982aeaa5ca4,belong_to
1632,GROUP,bd71f81f-7884-4b23-ad40-3982aeaa5ca4,USER,3a6da709-a098-44ea-a4dd-ce017a3eee66,part_off
1633,USER,200ce3fa-e27c-42cd-96f6-6172d300842d,GROUP,05b37df1-5d15-41e3-9c33-f9659d77ad8b,belong_to
1633,GROUP,05b37df1-5d15-41e3-9c33-f9659d77ad8b,USER,200ce3fa-e27c-42cd-96f6-6172d300842d,part_off
1634,USER,6bf6c36a-88d7-466f-99f4-c191c589fcd3,GROUP,18116b68-fbb5-4ee8-bd82-1cb617a367b5,belong_to
1634,GROUP,18116b68-fbb5-4ee8-bd82-1cb617a367b5,USER,6bf6c36a-88d7-466f-99f4-c191c589fcd3,part_off
1635,USER,24e3256b-bab3-4654-9122-efbe30051803,GROUP,912b837b-f733-4655-afdc-3f87b36b1a52,belong_to
1635,GROUP,912b837b-f733-4655-afdc-3f87b36b1a52,USER,24e3256b-bab3-4654-9122-efbe30051803,part_off
1636,USER,49923812-5c23-4614-a63b-1cf09375dcea,GROUP,9ed3287b-8a7e-42d5-9c6b-e66ca5dd1701,belong_to
1636,GROUP,9ed3287b-8a7e-42d5-9c6b-e66ca5dd1701,USER,49923812-5c23-4614-a63b-1cf09375dcea,part_off
1637,USER,3c7bae80-053b-4ba9-9bff-bbc923dd84e7,GROUP,fdcfa0ea-5ef4-4649-89d1-391a913f98d8,belong_to
1637,GROUP,fdcfa0ea-5ef4-4649-89d1-391a913f98d8,USER,3c7bae80-053b-4ba9-9bff-bbc923dd84e7,part_off
1638,USER,6bcd78b3-c04a-4102-a2f2-55c684e55cee,GROUP,56ea0c0b-088b-4394-add5-bcfd4674e13d,belong_to
1638,GROUP,56ea0c0b-088b-4394-add5-bcfd4674e13d,USER,6bcd78b3-c04a-4102-a2f2-55c684e55cee,part_off
1639,USER,9a659200-86c9-48ed-a711-f02ed4c4f658,GROUP,972e22c0-b9ab-4890-ac0b-796ec5e0c490,belong_to
1639,GROUP,972e22c0-b9ab-4890-ac0b-796ec5e0c490,USER,9a659200-86c9-48ed-a711-f02ed4c4f658,part_off
1640,USER,94390f6a-9e24-4c60-a654-f4ac2495de8f,GROUP,11b3c14b-f71a-4786-aa9a-aa6d367e0a02,belong_to
1640,GROUP,11b3c14b-f71a-4786-aa9a-aa6d367e0a02,USER,94390f6a-9e24-4c60-a654-f4ac2495de8f,part_off
1641,USER,d469cdf6-4923-4044-9981-3a9a726fdd24,GROUP,943f5c1e-18f5-4820-bdda-ac13b506eeb0,belong_to
1641,GROUP,943f5c1e-18f5-4820-bdda-ac13b506eeb0,USER,d469cdf6-4923-4044-9981-3a9a726fdd24,part_off
1642,USER,82985edf-3292-473c-8054-d27abf7dfa1e,GROUP,06005dcb-2a21-4bfe-b674-55696881f467,belong_to
1642,GROUP,06005dcb-2a21-4bfe-b674-55696881f467,USER,82985edf-3292-473c-8054-d27abf7dfa1e,part_off
1643,USER,47bf79e3-5f5d-42db-abc5-d9817f88040a,GROUP,3e0f7df6-cd74-481f-8249-6ecedb40c226,belong_to
1643,GROUP,3e0f7df6-cd74-481f-8249-6ecedb40c226,USER,47bf79e3-5f5d-42db-abc5-d9817f88040a,part_off
1644,USER,38ead628-178a-441e-9f9c-1a24a3376fb2,GROUP,025a678e-a56e-4694-96ec-7d093253a14b,belong_to
1644,GROUP,025a678e-a56e-4694-96ec-7d093253a14b,USER,38ead628-178a-441e-9f9c-1a24a3376fb2,part_off
1645,USER,0a9e88da-bf12-49a2-b23b-6bf8d21282af,GROUP,cd6db5e2-c61d-4e60-b70c-2a72d6e1a940,belong_to
1645,GROUP,cd6db5e2-c61d-4e60-b70c-2a72d6e1a940,USER,0a9e88da-bf12-49a2-b23b-6bf8d21282af,part_off
1646,USER,db03c326-edc5-4a14-83f2-da00ebcf9bd6,GROUP,66a6b7cf-1d9b-4a4a-9d52-7a6ebb8dcdff,belong_to
1646,GROUP,66a6b7cf-1d9b-4a4a-9d52-7a6ebb8dcdff,USER,db03c326-edc5-4a14-83f2-da00ebcf9bd6,part_off
1647,USER,330b5f9d-95fd-4bfb-9b73-bf92913eb6ba,GROUP,334f57f1-2011-4418-88e1-43e0336a526e,belong_to
1647,GROUP,334f57f1-2011-4418-88e1-43e0336a526e,USER,330b5f9d-95fd-4bfb-9b73-bf92913eb6ba,part_off
1648,USER,f731ac7d-12b7-4462-a604-88a92d72e855,GROUP,b8f9be4c-5f5f-4eec-afb3-d94f201a8281,belong_to
1648,GROUP,b8f9be4c-5f5f-4eec-afb3-d94f201a8281,USER,f731ac7d-12b7-4462-a604-88a92d72e855,part_off
1649,USER,88b465f6-ce14-48d6-b62e-e7e537b7a472,GROUP,30d010dd-f71c-4d5d-b151-42b97dab8de0,belong_to
1649,GROUP,30d010dd-f71c-4d5d-b151-42b97dab8de0,USER,88b465f6-ce14-48d6-b62e-e7e537b7a472,part_off
1650,USER,81c49611-f87a-453e-8fbf-b54025b17fd9,GROUP,603c309a-e67e-4cea-9bce-c1fc4fe72813,belong_to
1650,GROUP,603c309a-e67e-4cea-9bce-c1fc4fe72813,USER,81c49611-f87a-453e-8fbf-b54025b17fd9,part_off
1651,USER,ace28612-3844-4fdc-be50-e38dc7594c27,GROUP,7b0ab129-d913-49cb-829c-59ca46a45845,belong_to
1651,GROUP,7b0ab129-d913-49cb-829c-59ca46a45845,USER,ace28612-3844-4fdc-be50-e38dc7594c27,part_off
1652,USER,e8e6e50d-febd-48b1-8e8a-3c965b37d95a,GROUP,2e698130-aaf6-4646-8086-115af4bb6ffa,belong_to
1652,GROUP,2e698130-aaf6-4646-8086-115af4bb6ffa,USER,e8e6e50d-febd-48b1-8e8a-3c965b37d95a,part_off
1653,USER,1bbfeade-2f98-427a-9cc0-a1437d777dbd,GROUP,c22c4e4c-2f68-4a3b-aabc-e6ba148d3cd1,belong_to
1653,GROUP,c22c4e4c-2f68-4a3b-aabc-e6ba148d3cd1,USER,1bbfeade-2f98-427a-9cc0-a1437d777dbd,part_off
1654,USER,981a3da8-84dd-44dd-85a0-7d13ccbe24fd,GROUP,ee54bc5d-3cb2-419a-8bf5-6a6f8825553a,belong_to
1654,GROUP,ee54bc5d-3cb2-419a-8bf5-6a6f8825553a,USER,981a3da8-84dd-44dd-85a0-7d13ccbe24fd,part_off
1655,USER,5c4aa8ac-c4c2-46f9-bb51-7ceb3e38acd7,GROUP,94f209bb-84bc-4353-95b9-48d089817bb8,belong_to
1655,GROUP,94f209bb-84bc-4353-95b9-48d089817bb8,USER,5c4aa8ac-c4c2-46f9-bb51-7ceb3e38acd7,part_off
1656,USER,276e2eeb-486e-4b3a-b69f-98359b818931,GROUP,d167943a-9cf1-44be-99f6-9b3d3d70e41b,belong_to
1656,GROUP,d167943a-9cf1-44be-99f6-9b3d3d70e41b,USER,276e2eeb-486e-4b3a-b69f-98359b818931,part_off
1657,USER,644e3684-1b39-4157-98c4-fa53cbf72ff3,GROUP,18331437-6360-413b-bfa5-f0ed9df54de0,belong_to
1657,GROUP,18331437-6360-413b-bfa5-f0ed9df54de0,USER,644e3684-1b39-4157-98c4-fa53cbf72ff3,part_off
1658,USER,e051cae9-272a-4938-b27d-c94746f3e886,GROUP,42452b85-707b-4207-b644-881da2fca9cf,belong_to
1658,GROUP,42452b85-707b-4207-b644-881da2fca9cf,USER,e051cae9-272a-4938-b27d-c94746f3e886,part_off
1659,USER,864641c8-3d14-4749-addd-25e48424a84a,GROUP,70c684af-8639-4c82-b9ca-1e6cf0b3e6a6,belong_to
1659,GROUP,70c684af-8639-4c82-b9ca-1e6cf0b3e6a6,USER,864641c8-3d14-4749-addd-25e48424a84a,part_off
1660,USER,47c62b3c-fd2d-497c-aa47-f711eaea84e1,GROUP,f189bb4b-92f2-44f6-93fa-ffe627e62648,belong_to
1660,GROUP,f189bb4b-92f2-44f6-93fa-ffe627e62648,USER,47c62b3c-fd2d-497c-aa47-f711eaea84e1,part_off
1661,USER,007dd30f-77e1-45fa-9d7c-a45147fa86e5,GROUP,6618d939-c800-45d3-bcb3-8d9f451b10f8,belong_to
1661,GROUP,6618d939-c800-45d3-bcb3-8d9f451b10f8,USER,007dd30f-77e1-45fa-9d7c-a45147fa86e5,part_off
1662,USER,090b1338-05ce-40c0-b4a2-ece40fd25e46,GROUP,b764d5d9-e748-47ad-8ec1-5dc06af95a94,belong_to
1662,GROUP,b764d5d9-e748-47ad-8ec1-5dc06af95a94,USER,090b1338-05ce-40c0-b4a2-ece40fd25e46,part_off
1663,USER,90a974b7-a739-4e97-903a-295e65852011,GROUP,a852f25a-7a0e-43ec-a3ad-202992997666,belong_to
1663,GROUP,a852f25a-7a0e-43ec-a3ad-202992997666,USER,90a974b7-a739-4e97-903a-295e65852011,part_off
1664,USER,2f0ba54c-fc6c-466c-8928-f84984357fd8,GROUP,2fe8c6fe-9722-4c90-af0e-ba956cd76774,belong_to
1664,GROUP,2fe8c6fe-9722-4c90-af0e-ba956cd76774,USER,2f0ba54c-fc6c-466c-8928-f84984357fd8,part_off
1665,USER,e604d1d4-4f0e-4ff0-9c79-b374ec4cddf3,GROUP,ce168484-c710-46be-8e1a-1f3e183ccbbd,belong_to
1665,GROUP,ce168484-c710-46be-8e1a-1f3e183ccbbd,USER,e604d1d4-4f0e-4ff0-9c79-b374ec4cddf3,part_off
1666,USER,4ec031a5-6c14-40d4-8f39-f81eab413b7f,GROUP,5aab0ed5-a8f2-4e04-9fc2-0ac3f5d421dd,belong_to
1666,GROUP,5aab0ed5-a8f2-4e04-9fc2-0ac3f5d421dd,USER,4ec031a5-6c14-40d4-8f39-f81eab413b7f,part_off
1667,USER,f19e65d1-7b5a-4271-9c20-276e1cd6366e,GROUP,cf345c82-9854-47cd-bb1d-f2339675e98a,belong_to
1667,GROUP,cf345c82-9854-47cd-bb1d-f2339675e98a,USER,f19e65d1-7b5a-4271-9c20-276e1cd6366e,part_off
1668,USER,b23e4696-18c2-43d3-b1aa-25e1ee081503,GROUP,eed238c8-b57f-4249-870e-d64f05b50dc4,belong_to
1668,GROUP,eed238c8-b57f-4249-870e-d64f05b50dc4,USER,b23e4696-18c2-43d3-b1aa-25e1ee081503,part_off
1669,USER,bcf90117-a004-484c-ac22-78f21cd0b590,GROUP,44ecff5f-d23b-4ff4-968b-c5ead4e171a5,belong_to
1669,GROUP,44ecff5f-d23b-4ff4-968b-c5ead4e171a5,USER,bcf90117-a004-484c-ac22-78f21cd0b590,part_off
1670,USER,40cbb5fc-323b-4e6a-b2b2-b7c7733c7091,GROUP,e37e6a31-818f-4b26-a092-920d4b52db9f,belong_to
1670,GROUP,e37e6a31-818f-4b26-a092-920d4b52db9f,USER,40cbb5fc-323b-4e6a-b2b2-b7c7733c7091,part_off
1671,USER,e5490d12-62c9-4716-807e-b3df6f92c3ee,GROUP,3f3dec30-e2fd-47ed-800e-aa5738a2905d,belong_to
1671,GROUP,3f3dec30-e2fd-47ed-800e-aa5738a2905d,USER,e5490d12-62c9-4716-807e-b3df6f92c3ee,part_off
1672,USER,7628ddc0-762a-4e2d-84f6-0e57fa0b2684,GROUP,24809995-af49-4d3f-8fa6-0a730f488d79,belong_to
1672,GROUP,24809995-af49-4d3f-8fa6-0a730f488d79,USER,7628ddc0-762a-4e2d-84f6-0e57fa0b2684,part_off
1673,USER,a663271c-0104-433e-8245-78030a6f40be,GROUP,e3c2d64e-82d6-4a0d-b00b-d4d718b411cd,belong_to
1673,GROUP,e3c2d64e-82d6-4a0d-b00b-d4d718b411cd,USER,a663271c-0104-433e-8245-78030a6f40be,part_off
1674,USER,d0dc70c9-688a-43dc-a08b-c643bf871972,GROUP,a869adc9-6b80-41e4-a76f-7a0d6cf3f47d,belong_to
1674,GROUP,a869adc9-6b80-41e4-a76f-7a0d6cf3f47d,USER,d0dc70c9-688a-43dc-a08b-c643bf871972,part_off
1675,USER,fad55823-5a7a-4d8d-9486-6b710465c9fa,GROUP,a8f95f61-c644-4ffb-8d37-81e58ede148a,belong_to
1675,GROUP,a8f95f61-c644-4ffb-8d37-81e58ede148a,USER,fad55823-5a7a-4d8d-9486-6b710465c9fa,part_off
1676,USER,5ca7d40f-8b03-4018-a517-34a757d2353f,GROUP,eb2861e7-ccfb-4b77-a554-0a437585caaf,belong_to
1676,GROUP,eb2861e7-ccfb-4b77-a554-0a437585caaf,USER,5ca7d40f-8b03-4018-a517-34a757d2353f,part_off
1677,USER,a168dde9-ebdc-4778-97a0-cf4d0139a58c,GROUP,85d4572d-868e-42ce-b82f-2477242458f9,belong_to
1677,GROUP,85d4572d-868e-42ce-b82f-2477242458f9,USER,a168dde9-ebdc-4778-97a0-cf4d0139a58c,part_off
1678,USER,4828018a-ec6f-4db0-9dae-b15076e1bdf0,GROUP,ea62b36c-dbca-43db-9c69-676710ad07c1,belong_to
1678,GROUP,ea62b36c-dbca-43db-9c69-676710ad07c1,USER,4828018a-ec6f-4db0-9dae-b15076e1bdf0,part_off
1679,USER,d681ed85-6401-43a4-9b82-96ed76268ab7,GROUP,66e29e1b-6254-4eb3-a1c9-19953d2ee40c,belong_to
1679,GROUP,66e29e1b-6254-4eb3-a1c9-19953d2ee40c,USER,d681ed85-6401-43a4-9b82-96ed76268ab7,part_off
1680,USER,37e6e5d2-c9fc-4710-b852-a7c842bbb79d,GROUP,4294144a-9b11-40c9-8eaf-81d1ca1d3783,belong_to
1680,GROUP,4294144a-9b11-40c9-8eaf-81d1ca1d3783,USER,37e6e5d2-c9fc-4710-b852-a7c842bbb79d,part_off
1681,USER,c5432a55-7e37-45a4-93ad-f15d2033400f,GROUP,21ec5e3e-671a-4704-b966-116e02ab48d9,belong_to
1681,GROUP,21ec5e3e-671a-4704-b966-116e02ab48d9,USER,c5432a55-7e37-45a4-93ad-f15d2033400f,part_off
1682,USER,ce4d6c54-c3cd-46ae-b3dd-a51ebc4a6b97,GROUP,a351905f-2240-4276-8118-547344ef47f7,belong_to
1682,GROUP,a351905f-2240-4276-8118-547344ef47f7,USER,ce4d6c54-c3cd-46ae-b3dd-a51ebc4a6b97,part_off
1683,USER,85b24e4c-5d40-4bcc-a7ba-cda0f6e99a5f,GROUP,826d9b7a-e348-4fa9-b26e-8300ac629c37,belong_to
1683,GROUP,826d9b7a-e348-4fa9-b26e-8300ac629c37,USER,85b24e4c-5d40-4bcc-a7ba-cda0f6e99a5f,part_off
1684,USER,5946138a-e6f9-4049-87e7-70b0124f5360,GROUP,975730cd-e727-4b94-aeeb-11a40f1330d0,belong_to
1684,GROUP,975730cd-e727-4b94-aeeb-11a40f1330d0,USER,5946138a-e6f9-4049-87e7-70b0124f5360,part_off
1685,USER,56b426dd-523e-40ff-b89f-f572b3210a84,GROUP,4a05efbd-989d-4ad3-850a-40a578d711ee,belong_to
1685,GROUP,4a05efbd-989d-4ad3-850a-40a578d711ee,USER,56b426dd-523e-40ff-b89f-f572b3210a84,part_off
1686,USER,155b63f6-e849-49e9-b0ff-48c19745a92f,GROUP,9186120c-c16e-4691-9f08-71b689a17c5d,belong_to
1686,GROUP,9186120c-c16e-4691-9f08-71b689a17c5d,USER,155b63f6-e849-49e9-b0ff-48c19745a92f,part_off
1687,USER,8292f540-f6c6-475d-82dd-f75609d95621,GROUP,1988540f-1953-4603-b894-a31f66a450ea,belong_to
1687,GROUP,1988540f-1953-4603-b894-a31f66a450ea,USER,8292f540-f6c6-475d-82dd-f75609d95621,part_off
1688,USER,ddd2d55e-895a-4083-a3a4-04781fa58a4a,GROUP,e156f9e5-e812-4ab1-88ef-df12a80f6a49,belong_to
1688,GROUP,e156f9e5-e812-4ab1-88ef-df12a80f6a49,USER,ddd2d55e-895a-4083-a3a4-04781fa58a4a,part_off
1689,USER,c5a7c794-cf7c-49cd-b177-8c0700f18bfa,GROUP,a890506c-3abf-4332-80ea-945931876c57,belong_to
1689,GROUP,a890506c-3abf-4332-80ea-945931876c57,USER,c5a7c794-cf7c-49cd-b177-8c0700f18bfa,part_off
1690,USER,c788457a-14ba-41be-90b5-1524cc5143e3,GROUP,6cc52e7e-b0f6-44e2-8ac1-db06e4c467d6,belong_to
1690,GROUP,6cc52e7e-b0f6-44e2-8ac1-db06e4c467d6,USER,c788457a-14ba-41be-90b5-1524cc5143e3,part_off
1691,USER,ca4cbc4f-7202-4715-9e0f-fe069eb4bfef,GROUP,3e663fc2-69b2-41e1-a7c3-f79cfb21bdc3,belong_to
1691,GROUP,3e663fc2-69b2-41e1-a7c3-f79cfb21bdc3,USER,ca4cbc4f-7202-4715-9e0f-fe069eb4bfef,part_off
1692,USER,39907346-71bc-4215-9b58-0410cfdcd520,GROUP,3914c9f6-47ce-43de-86ce-aafc8edaa655,belong_to
1692,GROUP,3914c9f6-47ce-43de-86ce-aafc8edaa655,USER,39907346-71bc-4215-9b58-0410cfdcd520,part_off
1693,USER,e3ccc108-4620-4432-9d66-8454e86c33cf,GROUP,8c2b393b-6d25-467b-af67-d91a281d9d8f,belong_to
1693,GROUP,8c2b393b-6d25-467b-af67-d91a281d9d8f,USER,e3ccc108-4620-4432-9d66-8454e86c33cf,part_off
1694,USER,165f8c09-292e-471f-ac5e-15a5a913dbee,GROUP,71d5b7a7-5263-45c9-94f0-60ecf5d84027,belong_to
1694,GROUP,71d5b7a7-5263-45c9-94f0-60ecf5d84027,USER,165f8c09-292e-471f-ac5e-15a5a913dbee,part_off
1695,USER,d94317da-806e-464d-b5c0-a2795f2f5ee5,GROUP,e3004054-408d-49ff-a641-188ea3133cee,belong_to
1695,GROUP,e3004054-408d-49ff-a641-188ea3133cee,USER,d94317da-806e-464d-b5c0-a2795f2f5ee5,part_off
1696,USER,2253df08-60b7-46d0-ab94-3f6177cabf2d,GROUP,49d89422-dff1-452f-9911-e579a64e407d,belong_to
1696,GROUP,49d89422-dff1-452f-9911-e579a64e407d,USER,2253df08-60b7-46d0-ab94-3f6177cabf2d,part_off
1697,USER,d5f7332c-44e8-4220-885c-f3cde39087b1,GROUP,0d3fbea4-360c-477d-954b-a674c486ecbf,belong_to
1697,GROUP,0d3fbea4-360c-477d-954b-a674c486ecbf,USER,d5f7332c-44e8-4220-885c-f3cde39087b1,part_off
1698,USER,d09a4468-a504-4015-9d3f-f69f21435ae5,GROUP,164d1db3-35be-4022-8e30-6104bb392348,belong_to
1698,GROUP,164d1db3-35be-4022-8e30-6104bb392348,USER,d09a4468-a504-4015-9d3f-f69f21435ae5,part_off
1699,USER,2e0be55d-4ca2-4b74-a067-0ba454c0d8fd,GROUP,3ee914ab-d273-48d6-bff7-9fb69e4e96de,belong_to
1699,GROUP,3ee914ab-d273-48d6-bff7-9fb69e4e96de,USER,2e0be55d-4ca2-4b74-a067-0ba454c0d8fd,part_off
1700,USER,9ad65e61-5d8c-4382-9e34-d9fcc743cdbf,GROUP,a31c7409-82cd-4655-8e32-2f3d3086768e,belong_to
1700,GROUP,a31c7409-82cd-4655-8e32-2f3d3086768e,USER,9ad65e61-5d8c-4382-9e34-d9fcc743cdbf,part_off
1701,USER,602c9fe0-4042-44e4-b659-a63730754558,GROUP,61979d66-a040-441f-887d-8563af2b5849,belong_to
1701,GROUP,61979d66-a040-441f-887d-8563af2b5849,USER,602c9fe0-4042-44e4-b659-a63730754558,part_off
1702,USER,7034455e-7010-4622-be53-2ce9669fb08b,GROUP,c7fa8395-0184-4eb8-bdfe-fd19e4f97c0e,belong_to
1702,GROUP,c7fa8395-0184-4eb8-bdfe-fd19e4f97c0e,USER,7034455e-7010-4622-be53-2ce9669fb08b,part_off
1703,USER,4c77de1f-dead-40e2-86c7-a1b76596cead,GROUP,cf1496aa-5d87-43d9-9ca7-d2841626b59f,belong_to
1703,GROUP,cf1496aa-5d87-43d9-9ca7-d2841626b59f,USER,4c77de1f-dead-40e2-86c7-a1b76596cead,part_off
1704,USER,eb153b5a-829a-4ddf-9767-ec72b19720e5,GROUP,c43084f4-59b2-4a48-8c39-98cb3b10e431,belong_to
1704,GROUP,c43084f4-59b2-4a48-8c39-98cb3b10e431,USER,eb153b5a-829a-4ddf-9767-ec72b19720e5,part_off
1705,USER,d0416c8d-f163-499e-bb30-79e5bbdfe467,GROUP,4b7edd67-81b1-4694-9824-05f5f1a2fbc0,belong_to
1705,GROUP,4b7edd67-81b1-4694-9824-05f5f1a2fbc0,USER,d0416c8d-f163-499e-bb30-79e5bbdfe467,part_off
1706,USER,2a046aba-c764-473c-911a-48ba0d2121c8,GROUP,df134b90-c46f-422f-a67c-409a0ae3a07f,belong_to
1706,GROUP,df134b90-c46f-422f-a67c-409a0ae3a07f,USER,2a046aba-c764-473c-911a-48ba0d2121c8,part_off
1707,USER,49dc415d-6260-4632-b239-7f0a537c6431,GROUP,6262869a-b7b3-4968-b36b-fcc8ad64d8da,belong_to
1707,GROUP,6262869a-b7b3-4968-b36b-fcc8ad64d8da,USER,49dc415d-6260-4632-b239-7f0a537c6431,part_off
1708,USER,056c8644-0014-4188-93e3-cd2e8a00f5cf,GROUP,5b51cfd5-fd55-4875-a03a-297abdf7f198,belong_to
1708,GROUP,5b51cfd5-fd55-4875-a03a-297abdf7f198,USER,056c8644-0014-4188-93e3-cd2e8a00f5cf,part_off
1709,USER,7c64e774-dd20-40df-b019-65cd6dc5cb64,GROUP,410ac925-8237-4da5-9b6e-7bc0c2b90413,belong_to
1709,GROUP,410ac925-8237-4da5-9b6e-7bc0c2b90413,USER,7c64e774-dd20-40df-b019-65cd6dc5cb64,part_off
1710,USER,b75bf599-29d1-48f9-b354-377b06d40aeb,GROUP,7bd295e2-8600-43b7-a11f-5632c2c0a7b0,belong_to
1710,GROUP,7bd295e2-8600-43b7-a11f-5632c2c0a7b0,USER,b75bf599-29d1-48f9-b354-377b06d40aeb,part_off
1711,USER,f8a70569-fde9-45de-bf71-6fa30198359f,GROUP,6972f6dd-e6eb-4cb3-9f63-99506ac4911e,belong_to
1711,GROUP,6972f6dd-e6eb-4cb3-9f63-99506ac4911e,USER,f8a70569-fde9-45de-bf71-6fa30198359f,part_off
1712,USER,691b1a16-cfd9-486e-8bf6-5bd4e24af7d9,GROUP,e62742d4-c895-4299-a548-b4673b317826,belong_to
1712,GROUP,e62742d4-c895-4299-a548-b4673b317826,USER,691b1a16-cfd9-486e-8bf6-5bd4e24af7d9,part_off
1713,USER,d99ee447-7f5e-4372-ab6e-12d51d026288,GROUP,c5666178-ed34-4db2-9ec5-4519f53e62b3,belong_to
1713,GROUP,c5666178-ed34-4db2-9ec5-4519f53e62b3,USER,d99ee447-7f5e-4372-ab6e-12d51d026288,part_off
1714,USER,08ccee36-2730-46a7-b053-1071216fbae5,GROUP,0ba9bc35-6e86-436c-9e01-3db47d54ab10,belong_to
1714,GROUP,0ba9bc35-6e86-436c-9e01-3db47d54ab10,USER,08ccee36-2730-46a7-b053-1071216fbae5,part_off
1715,USER,4dfd3493-669e-4ff1-9702-82a5d3bbe292,GROUP,71fd87c6-29c0-4e4d-8bea-a1e1c4196ca9,belong_to
1715,GROUP,71fd87c6-29c0-4e4d-8bea-a1e1c4196ca9,USER,4dfd3493-669e-4ff1-9702-82a5d3bbe292,part_off
1716,USER,bc3ff761-9dd1-4493-8154-281c677f552e,GROUP,1209b43d-f414-45bb-8cee-af856a6fd51d,belong_to
1716,GROUP,1209b43d-f414-45bb-8cee-af856a6fd51d,USER,bc3ff761-9dd1-4493-8154-281c677f552e,part_off
1717,USER,1f3e0050-6de0-4e87-8a84-f30c69b604b2,GROUP,d8adb800-cc37-4c38-a7c1-b692ce72deba,belong_to
1717,GROUP,d8adb800-cc37-4c38-a7c1-b692ce72deba,USER,1f3e0050-6de0-4e87-8a84-f30c69b604b2,part_off
1718,USER,3e6c589b-0076-4932-8e48-3197f03e6137,GROUP,9e99f61c-4ba0-4ac1-b5cb-b2b777c45548,belong_to
1718,GROUP,9e99f61c-4ba0-4ac1-b5cb-b2b777c45548,USER,3e6c589b-0076-4932-8e48-3197f03e6137,part_off
1719,USER,501a6a40-5677-4c0d-af95-73a4ba0baec0,GROUP,33dbba99-6c94-459e-9a78-a6b55c73d7b1,belong_to
1719,GROUP,33dbba99-6c94-459e-9a78-a6b55c73d7b1,USER,501a6a40-5677-4c0d-af95-73a4ba0baec0,part_off
1720,USER,fa4c235b-f795-42b0-afa5-5da88851e4a6,GROUP,340ffd47-1994-4646-83de-a79ff29d09dd,belong_to
1720,GROUP,340ffd47-1994-4646-83de-a79ff29d09dd,USER,fa4c235b-f795-42b0-afa5-5da88851e4a6,part_off
1721,USER,10130661-8f5f-43e7-8045-e1913ac2d273,GROUP,8f683b9d-59c9-4207-a028-301596585c1d,belong_to
1721,GROUP,8f683b9d-59c9-4207-a028-301596585c1d,USER,10130661-8f5f-43e7-8045-e1913ac2d273,part_off
1722,USER,36ec2b93-afcc-4592-82ad-8de876e1bef8,GROUP,484e3d37-c3ac-4ff6-96f7-3f60fa064b70,belong_to
1722,GROUP,484e3d37-c3ac-4ff6-96f7-3f60fa064b70,USER,36ec2b93-afcc-4592-82ad-8de876e1bef8,part_off
1723,USER,cd190ef2-a501-4322-808d-6adc25fbc0b0,GROUP,51e1ebc9-981a-48bf-9e9b-dae64cf11e77,belong_to
1723,GROUP,51e1ebc9-981a-48bf-9e9b-dae64cf11e77,USER,cd190ef2-a501-4322-808d-6adc25fbc0b0,part_off
1724,USER,9c895ab7-594f-4d27-a7e9-07b5deb87673,GROUP,28ac2b1e-8208-4ac7-88f8-3d1e797d0e16,belong_to
1724,GROUP,28ac2b1e-8208-4ac7-88f8-3d1e797d0e16,USER,9c895ab7-594f-4d27-a7e9-07b5deb87673,part_off
1725,USER,e0c6b84f-4097-4398-95b3-b82ed88b4179,GROUP,5771180c-648a-4c3d-a298-8fd5b9c370e1,belong_to
1725,GROUP,5771180c-648a-4c3d-a298-8fd5b9c370e1,USER,e0c6b84f-4097-4398-95b3-b82ed88b4179,part_off
1726,USER,a2d2ffa2-8fb8-4d93-865f-4ecbf6050b89,GROUP,dd8e6204-52b0-4fcb-966c-c2abf3396b76,belong_to
1726,GROUP,dd8e6204-52b0-4fcb-966c-c2abf3396b76,USER,a2d2ffa2-8fb8-4d93-865f-4ecbf6050b89,part_off
1727,USER,41844118-ee6b-45f3-912c-3d060c69b8e2,GROUP,56acd5b2-db7b-4d89-970b-db697432d2b1,belong_to
1727,GROUP,56acd5b2-db7b-4d89-970b-db697432d2b1,USER,41844118-ee6b-45f3-912c-3d060c69b8e2,part_off
1728,USER,c84e83d4-dc0c-4130-adee-ad56c59abbbc,GROUP,4d3ad2ff-53a9-44ca-9e86-74bb5dbe2246,belong_to
1728,GROUP,4d3ad2ff-53a9-44ca-9e86-74bb5dbe2246,USER,c84e83d4-dc0c-4130-adee-ad56c59abbbc,part_off
1729,USER,3a0afe4b-8e77-4191-8bcd-836ae81d72c3,GROUP,c58f5c40-4fa4-435f-a145-1245eee737d3,belong_to
1729,GROUP,c58f5c40-4fa4-435f-a145-1245eee737d3,USER,3a0afe4b-8e77-4191-8bcd-836ae81d72c3,part_off
1730,USER,836736bb-9267-447b-beae-2b0e67f001a6,GROUP,fa783b42-cb27-4413-99c6-4edb56d63a5b,belong_to
1730,GROUP,fa783b42-cb27-4413-99c6-4edb56d63a5b,USER,836736bb-9267-447b-beae-2b0e67f001a6,part_off
1731,USER,97e05c96-ff82-4a62-8fdf-327819715fea,GROUP,81d6401c-50df-47d4-972a-8ade987fcea3,belong_to
1731,GROUP,81d6401c-50df-47d4-972a-8ade987fcea3,USER,97e05c96-ff82-4a62-8fdf-327819715fea,part_off
1732,USER,aa2570b0-aee9-49c7-bdaa-e3f17a9854f1,GROUP,208b402b-9ad0-4692-8f31-3f2680f2ebc9,belong_to
1732,GROUP,208b402b-9ad0-4692-8f31-3f2680f2ebc9,USER,aa2570b0-aee9-49c7-bdaa-e3f17a9854f1,part_off
1733,USER,b0ec784a-dc9f-4680-8410-af08358535d2,GROUP,4d0ca65a-efb7-487c-bda6-c0ae2cd9d5f9,belong_to
1733,GROUP,4d0ca65a-efb7-487c-bda6-c0ae2cd9d5f9,USER,b0ec784a-dc9f-4680-8410-af08358535d2,part_off
1734,USER,9502d9cc-182b-4908-b318-c5c13705c111,GROUP,cfb8690c-8bb7-4721-8667-244202f7e687,belong_to
1734,GROUP,cfb8690c-8bb7-4721-8667-244202f7e687,USER,9502d9cc-182b-4908-b318-c5c13705c111,part_off
1735,USER,4c8901d4-0acf-4b7f-bffe-c019d0dcb3a8,GROUP,4e1bf4eb-0bbd-4159-a554-fafae4ae7076,belong_to
1735,GROUP,4e1bf4eb-0bbd-4159-a554-fafae4ae7076,USER,4c8901d4-0acf-4b7f-bffe-c019d0dcb3a8,part_off
1736,USER,dc861b74-9c80-4577-8ac2-9caedc6e5c44,GROUP,31d85c4d-ba72-4f60-a1ba-0ca65b413478,belong_to
1736,GROUP,31d85c4d-ba72-4f60-a1ba-0ca65b413478,USER,dc861b74-9c80-4577-8ac2-9caedc6e5c44,part_off
1737,USER,9fc6306f-99b5-4bf1-823f-eda812499bbe,GROUP,84748667-dc66-4175-9a01-83a20cb7801d,belong_to
1737,GROUP,84748667-dc66-4175-9a01-83a20cb7801d,USER,9fc6306f-99b5-4bf1-823f-eda812499bbe,part_off
1738,USER,e3597b22-735a-4f84-b834-8ec03c64c1fb,GROUP,14c8a619-5f4f-43a7-841b-ad06c7ca92b4,belong_to
1738,GROUP,14c8a619-5f4f-43a7-841b-ad06c7ca92b4,USER,e3597b22-735a-4f84-b834-8ec03c64c1fb,part_off
1739,USER,bf102713-472f-4d4a-9549-1e088450f096,GROUP,629d4465-0fd8-4976-9274-c2a7a7b5e254,belong_to
1739,GROUP,629d4465-0fd8-4976-9274-c2a7a7b5e254,USER,bf102713-472f-4d4a-9549-1e088450f096,part_off
1740,USER,9c2f9802-2105-47f0-8ee4-c3eaaf8b7eb7,GROUP,da71e3f1-b4d6-4aeb-9448-abd2a02e5cf9,belong_to
1740,GROUP,da71e3f1-b4d6-4aeb-9448-abd2a02e5cf9,USER,9c2f9802-2105-47f0-8ee4-c3eaaf8b7eb7,part_off
1741,USER,d4b8248b-9a1f-4cdd-a5a9-43fed7e14df9,GROUP,efc90903-8732-440b-a4d0-7a7a89205bfc,belong_to
1741,GROUP,efc90903-8732-440b-a4d0-7a7a89205bfc,USER,d4b8248b-9a1f-4cdd-a5a9-43fed7e14df9,part_off
1742,USER,59e2eb11-f8f3-42d1-8382-2330a657261e,GROUP,f1ec0a41-a637-4010-a8a1-413b6b6e34c8,belong_to
1742,GROUP,f1ec0a41-a637-4010-a8a1-413b6b6e34c8,USER,59e2eb11-f8f3-42d1-8382-2330a657261e,part_off
1743,USER,b44d6122-2ed0-461c-bb38-c3028ab8c03d,GROUP,d021aa8c-1df4-443f-bf54-81cb4454d81a,belong_to
1743,GROUP,d021aa8c-1df4-443f-bf54-81cb4454d81a,USER,b44d6122-2ed0-461c-bb38-c3028ab8c03d,part_off
1744,USER,8be2a8da-d03c-441f-9d52-d9145b15bf72,GROUP,3838aab3-9ab0-44aa-852d-3d7364d6c37f,belong_to
1744,GROUP,3838aab3-9ab0-44aa-852d-3d7364d6c37f,USER,8be2a8da-d03c-441f-9d52-d9145b15bf72,part_off
1745,USER,15702bd7-0c35-4b6a-a534-0098edc63d35,GROUP,f9254024-630e-4f4c-9908-968adbb7ebe9,belong_to
1745,GROUP,f9254024-630e-4f4c-9908-968adbb7ebe9,USER,15702bd7-0c35-4b6a-a534-0098edc63d35,part_off
1746,USER,fc5687f9-3b72-499a-b42b-5c6a0d2f64aa,GROUP,b05a0539-2948-4911-bed1-04b7101b3b15,belong_to
1746,GROUP,b05a0539-2948-4911-bed1-04b7101b3b15,USER,fc5687f9-3b72-499a-b42b-5c6a0d2f64aa,part_off
1747,USER,96b642bd-1f3b-45de-a8ab-82150f095b27,GROUP,51abaef8-0145-423c-a1e9-bf86f2a4dbb4,belong_to
1747,GROUP,51abaef8-0145-423c-a1e9-bf86f2a4dbb4,USER,96b642bd-1f3b-45de-a8ab-82150f095b27,part_off
1748,USER,cc42bc50-1abd-480b-8214-35b23629e852,GROUP,09ea6fff-ee8a-4080-b7c5-fedfc8351439,belong_to
1748,GROUP,09ea6fff-ee8a-4080-b7c5-fedfc8351439,USER,cc42bc50-1abd-480b-8214-35b23629e852,part_off
1749,USER,e2b35ce4-7984-4185-b28f-17d82d00c531,GROUP,d676ffa9-62b0-4ab9-a063-554df4a92821,belong_to
1749,GROUP,d676ffa9-62b0-4ab9-a063-554df4a92821,USER,e2b35ce4-7984-4185-b28f-17d82d00c531,part_off
1750,USER,c2c94cbb-7f93-44f6-8c92-800a8c81f7c6,GROUP,592f65eb-916c-4052-bb8e-eebdbaaaac47,belong_to
1750,GROUP,592f65eb-916c-4052-bb8e-eebdbaaaac47,USER,c2c94cbb-7f93-44f6-8c92-800a8c81f7c6,part_off
1751,USER,887f447c-191a-422a-8931-2b9586d40de2,GROUP,a7183087-5955-413f-a414-b635ba461b46,belong_to
1751,GROUP,a7183087-5955-413f-a414-b635ba461b46,USER,887f447c-191a-422a-8931-2b9586d40de2,part_off
1752,USER,7daf481d-e195-406f-a036-d69d548752ad,GROUP,082b1391-804f-40ae-99fa-5574b58bd05c,belong_to
1752,GROUP,082b1391-804f-40ae-99fa-5574b58bd05c,USER,7daf481d-e195-406f-a036-d69d548752ad,part_off
1753,USER,2139bbe9-8865-4f4a-bd2d-4760c19aaec2,GROUP,474f2e90-7a86-4e11-8163-d67429f811cb,belong_to
1753,GROUP,474f2e90-7a86-4e11-8163-d67429f811cb,USER,2139bbe9-8865-4f4a-bd2d-4760c19aaec2,part_off
1754,USER,d6b53ad3-b8fd-4fbc-9d10-8c68fe6036e6,GROUP,c8343ec8-287b-4fbe-b88b-e382eff54440,belong_to
1754,GROUP,c8343ec8-287b-4fbe-b88b-e382eff54440,USER,d6b53ad3-b8fd-4fbc-9d10-8c68fe6036e6,part_off
1755,USER,f803d63c-3abc-40e3-a486-32c9e9a6ff48,GROUP,0f6d41e5-306a-4eff-9b5d-b2b1645f9866,belong_to
1755,GROUP,0f6d41e5-306a-4eff-9b5d-b2b1645f9866,USER,f803d63c-3abc-40e3-a486-32c9e9a6ff48,part_off
1756,USER,29412548-33cf-4204-9661-198925b8bb43,GROUP,cd028441-0a4b-41e4-9a64-e7fdf6d22bb5,belong_to
1756,GROUP,cd028441-0a4b-41e4-9a64-e7fdf6d22bb5,USER,29412548-33cf-4204-9661-198925b8bb43,part_off
1757,USER,24661389-ffd2-4a34-a084-26a312aead30,GROUP,83920b13-bd5c-4c61-b910-0e76f7fc753a,belong_to
1757,GROUP,83920b13-bd5c-4c61-b910-0e76f7fc753a,USER,24661389-ffd2-4a34-a084-26a312aead30,part_off
1758,USER,69e41c8e-247e-4ce0-a24f-fe5b267e06e5,GROUP,d7e29b5f-6de3-4242-91ce-6672fe31ab83,belong_to
1758,GROUP,d7e29b5f-6de3-4242-91ce-6672fe31ab83,USER,69e41c8e-247e-4ce0-a24f-fe5b267e06e5,part_off
1759,USER,85d0593a-294d-4688-b23b-91ddccde0fba,GROUP,2a3a1fe9-cac8-464c-b246-92c7e8a5e3dc,belong_to
1759,GROUP,2a3a1fe9-cac8-464c-b246-92c7e8a5e3dc,USER,85d0593a-294d-4688-b23b-91ddccde0fba,part_off
1760,USER,3864fbc8-ee53-42c0-96ed-ec978cdfa324,GROUP,c227fff9-65fe-4c3e-8a8a-40b9c36b5b51,belong_to
1760,GROUP,c227fff9-65fe-4c3e-8a8a-40b9c36b5b51,USER,3864fbc8-ee53-42c0-96ed-ec978cdfa324,part_off
1761,USER,501e4e8c-e52f-4b24-8c76-8831713e372b,GROUP,1ec269d2-cf27-4204-ad39-78aefbf6fc88,belong_to
1761,GROUP,1ec269d2-cf27-4204-ad39-78aefbf6fc88,USER,501e4e8c-e52f-4b24-8c76-8831713e372b,part_off
1762,USER,2103f31e-9748-47be-8f83-27ae668c0f0f,GROUP,4fd26a8e-06c8-41b3-a86c-4611e88c9570,belong_to
1762,GROUP,4fd26a8e-06c8-41b3-a86c-4611e88c9570,USER,2103f31e-9748-47be-8f83-27ae668c0f0f,part_off
1763,USER,b028b005-45f0-4c28-9b28-87bddba9551a,GROUP,ff003c5e-e15b-4d77-8e8f-a3ecd2b0e8aa,belong_to
1763,GROUP,ff003c5e-e15b-4d77-8e8f-a3ecd2b0e8aa,USER,b028b005-45f0-4c28-9b28-87bddba9551a,part_off
1764,USER,0bc8f3fd-2cd0-4c01-b187-363d3b6fba29,GROUP,619131a0-981d-4cd7-a9c2-573083a67b15,belong_to
1764,GROUP,619131a0-981d-4cd7-a9c2-573083a67b15,USER,0bc8f3fd-2cd0-4c01-b187-363d3b6fba29,part_off
1765,USER,0b6ed94c-3d57-4012-9bd3-32fb9d81fa3e,GROUP,515b162a-7422-45e0-aabf-a7a805d2e28e,belong_to
1765,GROUP,515b162a-7422-45e0-aabf-a7a805d2e28e,USER,0b6ed94c-3d57-4012-9bd3-32fb9d81fa3e,part_off
1766,USER,925e99ed-9b78-4a37-8c19-67be776e85c7,GROUP,e4e43b7c-0f3e-4cb4-b974-c5ce5d63ed7c,belong_to
1766,GROUP,e4e43b7c-0f3e-4cb4-b974-c5ce5d63ed7c,USER,925e99ed-9b78-4a37-8c19-67be776e85c7,part_off
1767,USER,7b6d97d7-715e-49d3-aef7-8c5b022a682c,GROUP,c0e059c8-83a2-4b06-841e-eb019049163b,belong_to
1767,GROUP,c0e059c8-83a2-4b06-841e-eb019049163b,USER,7b6d97d7-715e-49d3-aef7-8c5b022a682c,part_off
1768,USER,b40ad113-7370-416d-b91e-4e0d7f36f21b,GROUP,da6ceedc-a28c-499c-893e-e4a59e41136c,belong_to
1768,GROUP,da6ceedc-a28c-499c-893e-e4a59e41136c,USER,b40ad113-7370-416d-b91e-4e0d7f36f21b,part_off
1769,USER,7c72317c-db6f-453f-904b-fc9d2d66c24b,GROUP,a438a9d1-7d82-4bc5-bdbd-3096abb08cad,belong_to
1769,GROUP,a438a9d1-7d82-4bc5-bdbd-3096abb08cad,USER,7c72317c-db6f-453f-904b-fc9d2d66c24b,part_off
1770,USER,c950f02b-77a7-4609-9418-6d1775e45cfd,GROUP,d9f0866c-053c-4f6e-9828-fa5f33e7a1f7,belong_to
1770,GROUP,d9f0866c-053c-4f6e-9828-fa5f33e7a1f7,USER,c950f02b-77a7-4609-9418-6d1775e45cfd,part_off
1771,USER,98d9a561-9660-481a-a817-cf0323741e4e,GROUP,c14f52d2-dbde-4826-a67c-73c893de2da2,belong_to
1771,GROUP,c14f52d2-dbde-4826-a67c-73c893de2da2,USER,98d9a561-9660-481a-a817-cf0323741e4e,part_off
1772,USER,1ab6a744-4008-4715-a6ad-198d343a76d5,GROUP,34f3ddb0-e652-4588-a812-6d0d039d4f2b,belong_to
1772,GROUP,34f3ddb0-e652-4588-a812-6d0d039d4f2b,USER,1ab6a744-4008-4715-a6ad-198d343a76d5,part_off
1773,USER,191d8505-0b5c-4cff-8293-51e004313251,GROUP,712790f4-66ba-46a7-9fe8-c0a28324f381,belong_to
1773,GROUP,712790f4-66ba-46a7-9fe8-c0a28324f381,USER,191d8505-0b5c-4cff-8293-51e004313251,part_off
1774,USER,7643d1f7-4150-4de6-be94-cc1487093d47,GROUP,565e7bc4-8b07-4ae3-affc-afffe38acb34,belong_to
1774,GROUP,565e7bc4-8b07-4ae3-affc-afffe38acb34,USER,7643d1f7-4150-4de6-be94-cc1487093d47,part_off
1775,USER,662e89e2-b1c1-4ffd-bf79-ba0dae20c387,GROUP,d0d1360c-c4af-4e68-9e91-198a107474be,belong_to
1775,GROUP,d0d1360c-c4af-4e68-9e91-198a107474be,USER,662e89e2-b1c1-4ffd-bf79-ba0dae20c387,part_off
1776,USER,640f48a4-2d9b-4aff-b833-850269553197,GROUP,156dd7ab-c3cd-41c0-9e3a-652b2f35d3bb,belong_to
1776,GROUP,156dd7ab-c3cd-41c0-9e3a-652b2f35d3bb,USER,640f48a4-2d9b-4aff-b833-850269553197,part_off
1777,USER,d01e196f-cd23-438e-900a-836bc682dc29,GROUP,de8595ef-1af6-4d68-baf2-ce7143d7983e,belong_to
1777,GROUP,de8595ef-1af6-4d68-baf2-ce7143d7983e,USER,d01e196f-cd23-438e-900a-836bc682dc29,part_off
1778,USER,e28c51a4-3164-45d2-b37d-672727cbc5b1,GROUP,bf4eddf1-4671-4e2b-b700-c7e0197e468a,belong_to
1778,GROUP,bf4eddf1-4671-4e2b-b700-c7e0197e468a,USER,e28c51a4-3164-45d2-b37d-672727cbc5b1,part_off
1779,USER,dffdcc9d-d7a9-4ff9-bac0-ce1d1048a4fd,GROUP,3babeb24-5468-46f4-8270-bc3b5b2d9ef6,belong_to
1779,GROUP,3babeb24-5468-46f4-8270-bc3b5b2d9ef6,USER,dffdcc9d-d7a9-4ff9-bac0-ce1d1048a4fd,part_off
1780,USER,b02715f6-a95c-438a-8609-f0a30346f0ca,GROUP,870dba76-cc97-4f35-8a24-ed5110ab9346,belong_to
1780,GROUP,870dba76-cc97-4f35-8a24-ed5110ab9346,USER,b02715f6-a95c-438a-8609-f0a30346f0ca,part_off
1781,USER,b1f4ea64-c059-4341-b69d-4ff4bc122d1d,GROUP,7212801a-8185-4d1a-ab0f-09edd65988ac,belong_to
1781,GROUP,7212801a-8185-4d1a-ab0f-09edd65988ac,USER,b1f4ea64-c059-4341-b69d-4ff4bc122d1d,part_off
1782,USER,56337b98-ff00-4024-8ffa-b7dc27e421da,GROUP,ec5e5fd8-5d5a-485d-b3bc-f6638437514d,belong_to
1782,GROUP,ec5e5fd8-5d5a-485d-b3bc-f6638437514d,USER,56337b98-ff00-4024-8ffa-b7dc27e421da,part_off
1783,USER,617fed90-cbf4-435b-95c2-7c1014f57d23,GROUP,c9b7e732-38fa-4e6a-9948-4047e6b315db,belong_to
1783,GROUP,c9b7e732-38fa-4e6a-9948-4047e6b315db,USER,617fed90-cbf4-435b-95c2-7c1014f57d23,part_off
1784,USER,03395fe8-6ee4-4e48-a8fa-2d007fa0b272,GROUP,3172c84f-b21f-46b7-88a6-72a0b2c5694f,belong_to
1784,GROUP,3172c84f-b21f-46b7-88a6-72a0b2c5694f,USER,03395fe8-6ee4-4e48-a8fa-2d007fa0b272,part_off
1785,USER,81569e5c-3de4-4171-9e70-fed7ec182d12,GROUP,2305f68c-d4dd-41c7-9d72-5c36e7cff40b,belong_to
1785,GROUP,2305f68c-d4dd-41c7-9d72-5c36e7cff40b,USER,81569e5c-3de4-4171-9e70-fed7ec182d12,part_off
1786,USER,7cc7bc27-2b42-489a-9418-eba3b2e2e7ef,GROUP,d9ff49b9-06d3-497f-95b6-cc09a1d8a400,belong_to
1786,GROUP,d9ff49b9-06d3-497f-95b6-cc09a1d8a400,USER,7cc7bc27-2b42-489a-9418-eba3b2e2e7ef,part_off
1787,USER,53effd12-b53a-4e81-872d-575a6ac2d137,GROUP,99d1d2eb-0ab7-45ba-be8b-b4ead03ba3cc,belong_to
1787,GROUP,99d1d2eb-0ab7-45ba-be8b-b4ead03ba3cc,USER,53effd12-b53a-4e81-872d-575a6ac2d137,part_off
1788,USER,faf1eb7d-f3a5-4eaa-90f7-30e49c74cc3d,GROUP,f3e48084-0c05-4cbe-b8c3-13e3ec1f11cc,belong_to
1788,GROUP,f3e48084-0c05-4cbe-b8c3-13e3ec1f11cc,USER,faf1eb7d-f3a5-4eaa-90f7-30e49c74cc3d,part_off
1789,USER,361c60fc-e107-4c54-b185-56e50ecd5f6b,GROUP,17e90f36-3cf5-4b05-bab9-b4e309aeaa5c,belong_to
1789,GROUP,17e90f36-3cf5-4b05-bab9-b4e309aeaa5c,USER,361c60fc-e107-4c54-b185-56e50ecd5f6b,part_off
1790,USER,5dddab05-90ef-4d9c-a365-9be1fd130580,GROUP,38935ff5-3f7f-4026-bc3a-28961ceafd93,belong_to
1790,GROUP,38935ff5-3f7f-4026-bc3a-28961ceafd93,USER,5dddab05-90ef-4d9c-a365-9be1fd130580,part_off
1791,USER,60c32743-a0a7-4b2e-b3c5-a13e7fc77453,GROUP,e3c0b674-dfbb-463a-99b1-598b596ed254,belong_to
1791,GROUP,e3c0b674-dfbb-463a-99b1-598b596ed254,USER,60c32743-a0a7-4b2e-b3c5-a13e7fc77453,part_off
1792,USER,66ee45d3-2f54-4b2d-863b-96776457b13e,GROUP,e0c2919c-493e-449e-ba86-dc7fa11e383c,belong_to
1792,GROUP,e0c2919c-493e-449e-ba86-dc7fa11e383c,USER,66ee45d3-2f54-4b2d-863b-96776457b13e,part_off
1793,USER,5a3a82b4-a527-4f37-a359-3f7d25afc29f,GROUP,2fbf5c99-bb67-43b9-ace0-e6b6ab0aa4fc,belong_to
1793,GROUP,2fbf5c99-bb67-43b9-ace0-e6b6ab0aa4fc,USER,5a3a82b4-a527-4f37-a359-3f7d25afc29f,part_off
1794,USER,71c69e84-d207-4e62-8e24-bbd32fcba377,GROUP,402858df-81bb-49c1-a4e4-98b401cc6a2e,belong_to
1794,GROUP,402858df-81bb-49c1-a4e4-98b401cc6a2e,USER,71c69e84-d207-4e62-8e24-bbd32fcba377,part_off
1795,USER,4915accc-a29c-4d30-9259-3339745d7e31,GROUP,adc05fd7-72bb-4948-9335-3589fc801f8a,belong_to
1795,GROUP,adc05fd7-72bb-4948-9335-3589fc801f8a,USER,4915accc-a29c-4d30-9259-3339745d7e31,part_off
1796,USER,82d05744-0349-4bbb-9731-e55f924c8c84,GROUP,e2d8b9da-5848-46d8-a38c-8fb4687becb8,belong_to
1796,GROUP,e2d8b9da-5848-46d8-a38c-8fb4687becb8,USER,82d05744-0349-4bbb-9731-e55f924c8c84,part_off
1797,USER,1141fd16-bdfc-4398-a395-81e4ccf499b2,GROUP,202b6e83-ef5e-4e33-b616-978177a8d0da,belong_to
1797,GROUP,202b6e83-ef5e-4e33-b616-978177a8d0da,USER,1141fd16-bdfc-4398-a395-81e4ccf499b2,part_off
1798,USER,b0af9857-3a4b-41d3-bce8-63123e6c6d52,GROUP,e43d1713-0b62-4608-9c97-315239acec0f,belong_to
1798,GROUP,e43d1713-0b62-4608-9c97-315239acec0f,USER,b0af9857-3a4b-41d3-bce8-63123e6c6d52,part_off
1799,USER,4a3f1831-22ec-4ec8-916c-b794f68b2e8d,GROUP,cea0281f-5616-4edd-aae9-265c189bc6de,belong_to
1799,GROUP,cea0281f-5616-4edd-aae9-265c189bc6de,USER,4a3f1831-22ec-4ec8-916c-b794f68b2e8d,part_off
1800,USER,a303b65a-a657-4b16-8abc-2f512e4c17ec,GROUP,6d91934d-1b3f-464f-ab5b-dc403bc478e2,belong_to
1800,GROUP,6d91934d-1b3f-464f-ab5b-dc403bc478e2,USER,a303b65a-a657-4b16-8abc-2f512e4c17ec,part_off
1801,USER,994d16e2-4eb5-4224-b972-112d3447f918,GROUP,79455edf-50f8-4172-ac50-cf960b575dee,belong_to
1801,GROUP,79455edf-50f8-4172-ac50-cf960b575dee,USER,994d16e2-4eb5-4224-b972-112d3447f918,part_off
1802,USER,59320691-72d5-41d9-a2d1-7caff458d294,GROUP,c30ceaa2-49c0-414e-8bb2-2f091c833dfe,belong_to
1802,GROUP,c30ceaa2-49c0-414e-8bb2-2f091c833dfe,USER,59320691-72d5-41d9-a2d1-7caff458d294,part_off
1803,USER,7f52e346-0c47-4bce-9a4b-7cc5fa50ef9e,GROUP,9f71e3c2-40d0-47ed-8f51-75e610f6175e,belong_to
1803,GROUP,9f71e3c2-40d0-47ed-8f51-75e610f6175e,USER,7f52e346-0c47-4bce-9a4b-7cc5fa50ef9e,part_off
1804,USER,18bc4b0a-d7cc-44eb-a471-d78fab3bf353,GROUP,56f94b17-cb6e-436c-b44d-3b74348c032e,belong_to
1804,GROUP,56f94b17-cb6e-436c-b44d-3b74348c032e,USER,18bc4b0a-d7cc-44eb-a471-d78fab3bf353,part_off
1805,USER,9f693a4f-f466-41ca-a1a9-92c266d3a954,GROUP,88dc5afe-5d89-4b0c-a2ea-9f12fc04ca17,belong_to
1805,GROUP,88dc5afe-5d89-4b0c-a2ea-9f12fc04ca17,USER,9f693a4f-f466-41ca-a1a9-92c266d3a954,part_off
1806,USER,6b15a97a-398e-4d44-8815-534106ddd6ee,GROUP,dc0bc26d-c414-4f5c-a69b-746b81c377f5,belong_to
1806,GROUP,dc0bc26d-c414-4f5c-a69b-746b81c377f5,USER,6b15a97a-398e-4d44-8815-534106ddd6ee,part_off
1807,USER,1d23945b-483b-4568-bc4a-6afb969a5dbd,GROUP,10644dca-7476-488d-95f2-f8eb5fb423e0,belong_to
1807,GROUP,10644dca-7476-488d-95f2-f8eb5fb423e0,USER,1d23945b-483b-4568-bc4a-6afb969a5dbd,part_off
1808,USER,4bbc22da-b745-405b-85e5-9f981ff9ea91,GROUP,2faad8f5-ed5b-4b04-b0e1-35b72b1f8ddd,belong_to
1808,GROUP,2faad8f5-ed5b-4b04-b0e1-35b72b1f8ddd,USER,4bbc22da-b745-405b-85e5-9f981ff9ea91,part_off
1809,USER,f1a89478-2aee-40cd-9c93-0fcea27ad84e,GROUP,833b62b4-9744-41c2-9f5f-6c96b745dcfc,belong_to
1809,GROUP,833b62b4-9744-41c2-9f5f-6c96b745dcfc,USER,f1a89478-2aee-40cd-9c93-0fcea27ad84e,part_off
1810,USER,2c477451-5bc3-4866-ae94-c5c2c5ed4121,GROUP,0f25f354-355e-41b1-8a1e-cad485d526cd,belong_to
1810,GROUP,0f25f354-355e-41b1-8a1e-cad485d526cd,USER,2c477451-5bc3-4866-ae94-c5c2c5ed4121,part_off
1811,USER,4e52433a-8f83-43bd-9fc7-b44c6afd428b,GROUP,03573f77-5704-4f2b-a55f-953c5a2af970,belong_to
1811,GROUP,03573f77-5704-4f2b-a55f-953c5a2af970,USER,4e52433a-8f83-43bd-9fc7-b44c6afd428b,part_off
1812,USER,6900e673-0ead-48df-94df-bc7c2e924fbe,GROUP,dbaaf54c-151a-455a-8540-ea5b2d83ae0f,belong_to
1812,GROUP,dbaaf54c-151a-455a-8540-ea5b2d83ae0f,USER,6900e673-0ead-48df-94df-bc7c2e924fbe,part_off
1813,USER,5b114793-3b06-47c4-bc78-68988c486ce4,GROUP,24fde412-010e-4854-be13-dffa8600c34e,belong_to
1813,GROUP,24fde412-010e-4854-be13-dffa8600c34e,USER,5b114793-3b06-47c4-bc78-68988c486ce4,part_off
1814,USER,5ea09047-1b01-4405-9c7e-d9735dd34cc5,GROUP,85688b5b-8236-43f1-8ada-e6dd4b3ca5c4,belong_to
1814,GROUP,85688b5b-8236-43f1-8ada-e6dd4b3ca5c4,USER,5ea09047-1b01-4405-9c7e-d9735dd34cc5,part_off
1815,USER,2d3ecb86-b1f9-4739-8751-1d45ffe36759,GROUP,a452bdd8-0924-4951-886d-0ad8e413b12f,belong_to
1815,GROUP,a452bdd8-0924-4951-886d-0ad8e413b12f,USER,2d3ecb86-b1f9-4739-8751-1d45ffe36759,part_off
1816,USER,f37a6820-e557-428d-932a-aff3a73266a9,GROUP,eef7a6f4-62e3-453a-ad9d-fdb281fc1325,belong_to
1816,GROUP,eef7a6f4-62e3-453a-ad9d-fdb281fc1325,USER,f37a6820-e557-428d-932a-aff3a73266a9,part_off
1817,USER,67334c15-cec7-46fd-bd85-602da7dd376f,GROUP,c6c9d5ef-aa7c-4218-bfd2-54141a82b4a1,belong_to
1817,GROUP,c6c9d5ef-aa7c-4218-bfd2-54141a82b4a1,USER,67334c15-cec7-46fd-bd85-602da7dd376f,part_off
1818,USER,7babadad-f8ce-4958-9023-8b41118cf1c7,GROUP,d5395f1c-829b-48a3-a340-741cd8f5f6c8,belong_to
1818,GROUP,d5395f1c-829b-48a3-a340-741cd8f5f6c8,USER,7babadad-f8ce-4958-9023-8b41118cf1c7,part_off
1819,USER,841249ac-571a-4c73-83c9-06398b21cf4f,GROUP,aae3e7ed-dd5e-4c61-9c47-9d256ba311e0,belong_to
1819,GROUP,aae3e7ed-dd5e-4c61-9c47-9d256ba311e0,USER,841249ac-571a-4c73-83c9-06398b21cf4f,part_off
1820,USER,8f33e44c-2fb5-47d2-8cf4-1243b40a7c13,GROUP,d33b5a80-56f5-4abc-b659-16ef963195ab,belong_to
1820,GROUP,d33b5a80-56f5-4abc-b659-16ef963195ab,USER,8f33e44c-2fb5-47d2-8cf4-1243b40a7c13,part_off
1821,USER,b04beabc-a0d1-4706-b448-5e57295f0143,GROUP,adbb3c47-a364-48d1-98ff-7ee8b641f730,belong_to
1821,GROUP,adbb3c47-a364-48d1-98ff-7ee8b641f730,USER,b04beabc-a0d1-4706-b448-5e57295f0143,part_off
1822,USER,2f3c305c-0dae-41f1-8151-1826983ae90b,GROUP,ca4ce48e-3cc0-4870-8516-db074c9d94cc,belong_to
1822,GROUP,ca4ce48e-3cc0-4870-8516-db074c9d94cc,USER,2f3c305c-0dae-41f1-8151-1826983ae90b,part_off
1823,USER,2b72eae4-8602-40be-bed5-0f0756bc243d,GROUP,7b345e78-6134-47d5-b134-3cb543c28e2f,belong_to
1823,GROUP,7b345e78-6134-47d5-b134-3cb543c28e2f,USER,2b72eae4-8602-40be-bed5-0f0756bc243d,part_off
1824,USER,0a523938-c783-4576-aa9d-6d4ef0e1f1d9,GROUP,77f45077-9ad3-4604-a828-80623a0748a8,belong_to
1824,GROUP,77f45077-9ad3-4604-a828-80623a0748a8,USER,0a523938-c783-4576-aa9d-6d4ef0e1f1d9,part_off
1825,USER,aee6e221-4692-4282-97db-4e9bdf6b00e4,GROUP,50ead131-43e3-40d7-a714-1aa7e8000af4,belong_to
1825,GROUP,50ead131-43e3-40d7-a714-1aa7e8000af4,USER,aee6e221-4692-4282-97db-4e9bdf6b00e4,part_off
1826,USER,897d3f9e-4759-42db-ae51-fd327bca3a7f,GROUP,886834bf-f407-4493-8cc7-ba9daa3f838e,belong_to
1826,GROUP,886834bf-f407-4493-8cc7-ba9daa3f838e,USER,897d3f9e-4759-42db-ae51-fd327bca3a7f,part_off
1827,USER,b9679aca-2ac8-446f-a7e1-fca0820089ec,GROUP,13125fc0-eec1-4c52-b998-10af23dbb3a3,belong_to
1827,GROUP,13125fc0-eec1-4c52-b998-10af23dbb3a3,USER,b9679aca-2ac8-446f-a7e1-fca0820089ec,part_off
1828,USER,f27f750b-02b9-4b35-8b29-64bed1cfcee2,GROUP,a8581eab-beeb-4f34-867b-6625e1708512,belong_to
1828,GROUP,a8581eab-beeb-4f34-867b-6625e1708512,USER,f27f750b-02b9-4b35-8b29-64bed1cfcee2,part_off
1829,USER,8d5acca1-e4d7-4d88-ab50-2dbd291dd658,GROUP,0c976590-8f2c-49c8-bc3c-c47eca5aa27f,belong_to
1829,GROUP,0c976590-8f2c-49c8-bc3c-c47eca5aa27f,USER,8d5acca1-e4d7-4d88-ab50-2dbd291dd658,part_off
1830,USER,1ea4a06d-50a7-4d59-b5af-89289e222a83,GROUP,ff7d85b6-2e2b-4213-84ce-b3f03f00f4d8,belong_to
1830,GROUP,ff7d85b6-2e2b-4213-84ce-b3f03f00f4d8,USER,1ea4a06d-50a7-4d59-b5af-89289e222a83,part_off
1831,USER,e74622b9-5b29-4bea-a366-d4d9d4ab2f81,GROUP,d56d4bbb-b533-46ca-b9e0-556204c69dae,belong_to
1831,GROUP,d56d4bbb-b533-46ca-b9e0-556204c69dae,USER,e74622b9-5b29-4bea-a366-d4d9d4ab2f81,part_off
1832,USER,58ed2b9a-5f41-4821-a27b-736929a1d614,GROUP,b6328d98-0768-4d15-98f1-4fe3afcbbf96,belong_to
1832,GROUP,b6328d98-0768-4d15-98f1-4fe3afcbbf96,USER,58ed2b9a-5f41-4821-a27b-736929a1d614,part_off
1833,USER,6c24b361-8861-46c9-99d3-f5b2b7657df4,GROUP,07f9b027-219c-4864-bad2-b489a9ab7f7f,belong_to
1833,GROUP,07f9b027-219c-4864-bad2-b489a9ab7f7f,USER,6c24b361-8861-46c9-99d3-f5b2b7657df4,part_off
1834,USER,c360c6ed-2c42-4b7f-8e7f-2a5bb47d9bb2,GROUP,e3570313-9088-4348-b443-eb09bb3438ef,belong_to
1834,GROUP,e3570313-9088-4348-b443-eb09bb3438ef,USER,c360c6ed-2c42-4b7f-8e7f-2a5bb47d9bb2,part_off
1835,USER,9c7766a6-18e9-4b9c-94bf-f3abb2953f9c,GROUP,f65bdf85-3175-4169-a127-8e4dabafae3c,belong_to
1835,GROUP,f65bdf85-3175-4169-a127-8e4dabafae3c,USER,9c7766a6-18e9-4b9c-94bf-f3abb2953f9c,part_off
1836,USER,c6083445-cc3c-40f9-b148-b94cafe4a485,GROUP,379b102d-108a-4bd8-b6d4-8f0d88c90dfa,belong_to
1836,GROUP,379b102d-108a-4bd8-b6d4-8f0d88c90dfa,USER,c6083445-cc3c-40f9-b148-b94cafe4a485,part_off
1837,USER,052e49f9-46c4-420e-932d-eb5293fbaa15,GROUP,a1f46593-aa82-46eb-b0e3-81676e2efcac,belong_to
1837,GROUP,a1f46593-aa82-46eb-b0e3-81676e2efcac,USER,052e49f9-46c4-420e-932d-eb5293fbaa15,part_off
1838,USER,a038a96f-dba6-4034-8972-9a2373d454a8,GROUP,55ff44fa-f3b2-48c8-9943-a25a4819dc2a,belong_to
1838,GROUP,55ff44fa-f3b2-48c8-9943-a25a4819dc2a,USER,a038a96f-dba6-4034-8972-9a2373d454a8,part_off
1839,USER,c56c3aea-ace8-4f9d-803f-b26dc8cbbb8d,GROUP,f70000c4-68d8-4703-9650-0a0642f73d38,belong_to
1839,GROUP,f70000c4-68d8-4703-9650-0a0642f73d38,USER,c56c3aea-ace8-4f9d-803f-b26dc8cbbb8d,part_off
1840,USER,a846a7fd-aec0-4a43-b597-231db546aae2,GROUP,8379a50f-9275-4960-904c-c8ae5701e273,belong_to
1840,GROUP,8379a50f-9275-4960-904c-c8ae5701e273,USER,a846a7fd-aec0-4a43-b597-231db546aae2,part_off
1841,USER,06106f10-914b-4a72-a11b-8524ad51f9ab,GROUP,e4f1d751-9fc1-452f-a50e-a1aafb9f8da7,belong_to
1841,GROUP,e4f1d751-9fc1-452f-a50e-a1aafb9f8da7,USER,06106f10-914b-4a72-a11b-8524ad51f9ab,part_off
1842,USER,6f67047a-2967-4fc4-8299-816f6e2f654e,GROUP,4c4b3e71-6c90-48b4-b20f-a58ea1b5ab83,belong_to
1842,GROUP,4c4b3e71-6c90-48b4-b20f-a58ea1b5ab83,USER,6f67047a-2967-4fc4-8299-816f6e2f654e,part_off
1843,USER,abba8b3b-c3d9-4876-9197-93cb393b21bf,GROUP,6f7ae378-b94b-4f43-ac24-5fdeb8c2bbb3,belong_to
1843,GROUP,6f7ae378-b94b-4f43-ac24-5fdeb8c2bbb3,USER,abba8b3b-c3d9-4876-9197-93cb393b21bf,part_off
1844,USER,72707f95-683e-46a7-a64f-27534928f993,GROUP,61cedf58-92dd-4c91-9e5f-eb9898baeed3,belong_to
1844,GROUP,61cedf58-92dd-4c91-9e5f-eb9898baeed3,USER,72707f95-683e-46a7-a64f-27534928f993,part_off
1845,USER,19e77273-390a-45a9-b12a-24b0d935ec1c,GROUP,8fe9d15e-759a-4df8-92d5-c857d21f50cc,belong_to
1845,GROUP,8fe9d15e-759a-4df8-92d5-c857d21f50cc,USER,19e77273-390a-45a9-b12a-24b0d935ec1c,part_off
1846,USER,08904eba-aef0-446f-b0bd-5cfd73cc0d41,GROUP,c5609e94-a67c-4d47-a2f9-97efbb67c14b,belong_to
1846,GROUP,c5609e94-a67c-4d47-a2f9-97efbb67c14b,USER,08904eba-aef0-446f-b0bd-5cfd73cc0d41,part_off
1847,USER,3e702125-baf4-4bee-adb9-a293e77df64b,GROUP,ff07f3f9-83f6-4b21-a06e-4602ffde0b95,belong_to
1847,GROUP,ff07f3f9-83f6-4b21-a06e-4602ffde0b95,USER,3e702125-baf4-4bee-adb9-a293e77df64b,part_off
1848,USER,0145e8ec-a7b1-4e60-96a8-c84ac521ea79,GROUP,da48df71-28bc-4c08-a686-a2dc377c89d7,belong_to
1848,GROUP,da48df71-28bc-4c08-a686-a2dc377c89d7,USER,0145e8ec-a7b1-4e60-96a8-c84ac521ea79,part_off
1849,USER,abdd40ea-9478-4f28-a0f0-c65c592993e1,GROUP,ccbe92d0-3551-419c-814c-2b6607859b94,belong_to
1849,GROUP,ccbe92d0-3551-419c-814c-2b6607859b94,USER,abdd40ea-9478-4f28-a0f0-c65c592993e1,part_off
1850,USER,deb255f6-8408-4f7c-b23c-6cc98d89a188,GROUP,55f0dac3-8bc5-4996-b23a-881befd15779,belong_to
1850,GROUP,55f0dac3-8bc5-4996-b23a-881befd15779,USER,deb255f6-8408-4f7c-b23c-6cc98d89a188,part_off
1851,USER,70d904ae-b58b-4591-95d0-78395141a1ed,GROUP,42c2a876-dd1e-4475-a135-264fe8bff516,belong_to
1851,GROUP,42c2a876-dd1e-4475-a135-264fe8bff516,USER,70d904ae-b58b-4591-95d0-78395141a1ed,part_off
1852,USER,5a2745b0-cb98-493a-85bd-8f965e25b3c5,GROUP,c1423530-d2e7-4964-b96d-7b845e7a1000,belong_to
1852,GROUP,c1423530-d2e7-4964-b96d-7b845e7a1000,USER,5a2745b0-cb98-493a-85bd-8f965e25b3c5,part_off
1853,USER,105df528-93e3-442d-a15f-5f6bfc352c31,GROUP,48dd6af3-ce76-41a2-ab4a-34cdc863c74d,belong_to
1853,GROUP,48dd6af3-ce76-41a2-ab4a-34cdc863c74d,USER,105df528-93e3-442d-a15f-5f6bfc352c31,part_off
1854,USER,449508ad-f230-4fe7-8f45-bafa1fe9a45a,GROUP,ec6ab547-eed0-4257-8652-029e1d08c8dd,belong_to
1854,GROUP,ec6ab547-eed0-4257-8652-029e1d08c8dd,USER,449508ad-f230-4fe7-8f45-bafa1fe9a45a,part_off
1855,USER,309569b1-5b80-4311-9260-f84a93a8d07e,GROUP,4afc911f-360b-49fb-b3de-669bb8f74f1e,belong_to
1855,GROUP,4afc911f-360b-49fb-b3de-669bb8f74f1e,USER,309569b1-5b80-4311-9260-f84a93a8d07e,part_off
1856,USER,26fa6d2c-db98-4ee3-97cb-19a93e640808,GROUP,ae1d7f79-5dfb-457e-923e-25c4948b34ac,belong_to
1856,GROUP,ae1d7f79-5dfb-457e-923e-25c4948b34ac,USER,26fa6d2c-db98-4ee3-97cb-19a93e640808,part_off
1857,USER,4e7d6169-7dda-4051-93c7-e09461c895fa,GROUP,1c4f4bbf-023b-447e-b057-233b8285159c,belong_to
1857,GROUP,1c4f4bbf-023b-447e-b057-233b8285159c,USER,4e7d6169-7dda-4051-93c7-e09461c895fa,part_off
1858,USER,007dd1fe-4f40-4d2e-9a0a-d5034f0eea9f,GROUP,5d7a26d5-c19c-4473-91c9-b77c63dd9426,belong_to
1858,GROUP,5d7a26d5-c19c-4473-91c9-b77c63dd9426,USER,007dd1fe-4f40-4d2e-9a0a-d5034f0eea9f,part_off
1859,USER,1e122e77-daf4-497c-92e5-1bc258062fe7,GROUP,ae126e45-6fe0-4184-9940-d157b4635cec,belong_to
1859,GROUP,ae126e45-6fe0-4184-9940-d157b4635cec,USER,1e122e77-daf4-497c-92e5-1bc258062fe7,part_off
1860,USER,652be431-c9d3-4d28-b3de-2a9284843681,GROUP,e7cf46e3-43d2-4737-83de-644f2f26614f,belong_to
1860,GROUP,e7cf46e3-43d2-4737-83de-644f2f26614f,USER,652be431-c9d3-4d28-b3de-2a9284843681,part_off
1861,USER,9a4afd7a-8553-4588-96e6-29ffc48abf71,GROUP,94f44bcf-8a6d-4062-8178-4590b18989ca,belong_to
1861,GROUP,94f44bcf-8a6d-4062-8178-4590b18989ca,USER,9a4afd7a-8553-4588-96e6-29ffc48abf71,part_off
1862,USER,94044050-d91b-4cee-8945-5e13b207f6dd,GROUP,58bae58d-08c4-455f-abc2-0d1964d701ae,belong_to
1862,GROUP,58bae58d-08c4-455f-abc2-0d1964d701ae,USER,94044050-d91b-4cee-8945-5e13b207f6dd,part_off
1863,USER,bb871e14-1068-42e7-a65a-36334e820ef3,GROUP,33539362-7487-4040-9208-2361200d1401,belong_to
1863,GROUP,33539362-7487-4040-9208-2361200d1401,USER,bb871e14-1068-42e7-a65a-36334e820ef3,part_off
1864,USER,15c1cac6-503f-4bbf-9e24-bf8193c4bccb,GROUP,f5f0e256-57ba-4f48-8691-eed7e4582be1,belong_to
1864,GROUP,f5f0e256-57ba-4f48-8691-eed7e4582be1,USER,15c1cac6-503f-4bbf-9e24-bf8193c4bccb,part_off
1865,USER,05d1bdfc-ebb1-4a47-a660-8e1980f99dc5,GROUP,7e4a9ad6-5c76-4c46-9dba-11f1bef7d87e,belong_to
1865,GROUP,7e4a9ad6-5c76-4c46-9dba-11f1bef7d87e,USER,05d1bdfc-ebb1-4a47-a660-8e1980f99dc5,part_off
1866,USER,042da4c0-6f7b-43e7-9c98-61db2800c05c,GROUP,0753628a-919f-4a90-a643-298e7fc9e977,belong_to
1866,GROUP,0753628a-919f-4a90-a643-298e7fc9e977,USER,042da4c0-6f7b-43e7-9c98-61db2800c05c,part_off
1867,USER,f4b19cb5-5d2f-4711-8b4c-143ce1748ffd,GROUP,24878cd4-1372-4aae-8271-5ab31fc31a5d,belong_to
1867,GROUP,24878cd4-1372-4aae-8271-5ab31fc31a5d,USER,f4b19cb5-5d2f-4711-8b4c-143ce1748ffd,part_off
1868,USER,6b9a890f-05e2-484e-bdb8-68c43d4644ca,GROUP,342636fb-ea93-4426-9e0b-b9eefd4ac48d,belong_to
1868,GROUP,342636fb-ea93-4426-9e0b-b9eefd4ac48d,USER,6b9a890f-05e2-484e-bdb8-68c43d4644ca,part_off
1869,USER,ee86d5ae-bf8a-4c08-87ce-614d4d81ac09,GROUP,fae448fd-68fe-4994-9324-970acded1e19,belong_to
1869,GROUP,fae448fd-68fe-4994-9324-970acded1e19,USER,ee86d5ae-bf8a-4c08-87ce-614d4d81ac09,part_off
1870,USER,d0a3c644-b394-4db1-b3c5-9b33ce6626fb,GROUP,de7353dd-9df0-4eb8-b326-64bb440d4d32,belong_to
1870,GROUP,de7353dd-9df0-4eb8-b326-64bb440d4d32,USER,d0a3c644-b394-4db1-b3c5-9b33ce6626fb,part_off
1871,USER,d6adb0d9-e416-4049-b0f6-ce19215d704a,GROUP,099ec18d-2a4a-44c2-b9db-74a848f942f1,belong_to
1871,GROUP,099ec18d-2a4a-44c2-b9db-74a848f942f1,USER,d6adb0d9-e416-4049-b0f6-ce19215d704a,part_off
1872,USER,f87af313-4da0-4b81-a53d-ff6272a01225,GROUP,ca8ba650-18c1-41ed-80a8-7285ed397ce3,belong_to
1872,GROUP,ca8ba650-18c1-41ed-80a8-7285ed397ce3,USER,f87af313-4da0-4b81-a53d-ff6272a01225,part_off
1873,USER,0c1c6e5c-331c-4d21-90a6-58f11fa5950f,GROUP,8a1ee878-66c6-4778-99a1-483d792efb25,belong_to
1873,GROUP,8a1ee878-66c6-4778-99a1-483d792efb25,USER,0c1c6e5c-331c-4d21-90a6-58f11fa5950f,part_off
1874,USER,61e197de-f39c-4d9d-8ef3-676d94c255ea,GROUP,c6afd78e-78aa-47bd-a8f7-f2de287716e0,belong_to
1874,GROUP,c6afd78e-78aa-47bd-a8f7-f2de287716e0,USER,61e197de-f39c-4d9d-8ef3-676d94c255ea,part_off
1875,USER,8c672f7f-3f2e-49c9-8de2-8997287385ad,GROUP,3ba0cd79-de39-4041-a410-860164f7560a,belong_to
1875,GROUP,3ba0cd79-de39-4041-a410-860164f7560a,USER,8c672f7f-3f2e-49c9-8de2-8997287385ad,part_off
1876,USER,b96d96f5-7fee-4006-8ae1-846c2c08343e,GROUP,f98a5c2e-404c-487c-8513-7e0d3b78a82d,belong_to
1876,GROUP,f98a5c2e-404c-487c-8513-7e0d3b78a82d,USER,b96d96f5-7fee-4006-8ae1-846c2c08343e,part_off
1877,USER,46230d34-de4f-49ec-873d-0fdb982e46f6,GROUP,18aefb84-3ef9-4ab5-a7fd-806d22d3d334,belong_to
1877,GROUP,18aefb84-3ef9-4ab5-a7fd-806d22d3d334,USER,46230d34-de4f-49ec-873d-0fdb982e46f6,part_off
1878,USER,e4e8df1d-a477-4836-a33c-e6733fdaa376,GROUP,f0a4e45d-b87b-4130-96d3-296d98eca32d,belong_to
1878,GROUP,f0a4e45d-b87b-4130-96d3-296d98eca32d,USER,e4e8df1d-a477-4836-a33c-e6733fdaa376,part_off
1879,USER,888f7ae1-16cc-492b-bf8e-7362e6485c75,GROUP,cea954f4-127f-4051-abe5-0dc14cacd67d,belong_to
1879,GROUP,cea954f4-127f-4051-abe5-0dc14cacd67d,USER,888f7ae1-16cc-492b-bf8e-7362e6485c75,part_off
1880,USER,104bee37-4439-4dd1-863a-5cc45fae87c6,GROUP,bae8036e-70d4-44b2-89d9-95c94e399001,belong_to
1880,GROUP,bae8036e-70d4-44b2-89d9-95c94e399001,USER,104bee37-4439-4dd1-863a-5cc45fae87c6,part_off
1881,USER,a78aef5e-12d4-4e0b-b59e-56dcd493c6f0,GROUP,3109d5fa-9ceb-449e-b332-7a92f6feff6f,belong_to
1881,GROUP,3109d5fa-9ceb-449e-b332-7a92f6feff6f,USER,a78aef5e-12d4-4e0b-b59e-56dcd493c6f0,part_off
1882,USER,047d105d-aecb-448f-96dd-ec60a4ba3e02,GROUP,e8c83446-f266-4468-9746-c77a68013d00,belong_to
1882,GROUP,e8c83446-f266-4468-9746-c77a68013d00,USER,047d105d-aecb-448f-96dd-ec60a4ba3e02,part_off
1883,USER,0d771f12-43e1-4123-b638-a12cca83e858,GROUP,c5e3f66e-699c-42c9-bbf3-a93307b96871,belong_to
1883,GROUP,c5e3f66e-699c-42c9-bbf3-a93307b96871,USER,0d771f12-43e1-4123-b638-a12cca83e858,part_off
1884,USER,eba72873-67d6-45c7-b041-64069b36f2ac,GROUP,668acff7-e4ba-4a56-a11d-e79e497abcea,belong_to
1884,GROUP,668acff7-e4ba-4a56-a11d-e79e497abcea,USER,eba72873-67d6-45c7-b041-64069b36f2ac,part_off
1885,USER,824a4b48-3d1b-41c8-bd67-facf6c03dd21,GROUP,9df6a71d-fdd3-4a40-b939-b18ecd42a97c,belong_to
1885,GROUP,9df6a71d-fdd3-4a40-b939-b18ecd42a97c,USER,824a4b48-3d1b-41c8-bd67-facf6c03dd21,part_off
1886,USER,6ab324c0-52b6-45f6-861c-5bf445fedc44,GROUP,2305481b-320c-4597-b56c-521be0ea115c,belong_to
1886,GROUP,2305481b-320c-4597-b56c-521be0ea115c,USER,6ab324c0-52b6-45f6-861c-5bf445fedc44,part_off
1887,USER,7381d963-549a-456a-9c4e-7384535f0ff4,GROUP,37f73962-9335-4aa7-b74c-a4da853d30d6,belong_to
1887,GROUP,37f73962-9335-4aa7-b74c-a4da853d30d6,USER,7381d963-549a-456a-9c4e-7384535f0ff4,part_off
1888,USER,2501dd70-963a-450d-9086-0e1f252662c0,GROUP,bb104d9d-e851-4447-ac3f-a7c2ec11c854,belong_to
1888,GROUP,bb104d9d-e851-4447-ac3f-a7c2ec11c854,USER,2501dd70-963a-450d-9086-0e1f252662c0,part_off
1889,USER,e8193650-dd0d-4eb4-8e3a-a5ce8dc72663,GROUP,c982c11d-f240-4aec-a5a2-97537392fe24,belong_to
1889,GROUP,c982c11d-f240-4aec-a5a2-97537392fe24,USER,e8193650-dd0d-4eb4-8e3a-a5ce8dc72663,part_off
1890,USER,17b76a5a-4f88-49e8-a98d-c998c70db06d,GROUP,ebb360af-1f4f-4220-9509-5bfdb7d9c203,belong_to
1890,GROUP,ebb360af-1f4f-4220-9509-5bfdb7d9c203,USER,17b76a5a-4f88-49e8-a98d-c998c70db06d,part_off
1891,USER,ea4bc91c-84ab-4d1f-affd-4b72f6806d56,GROUP,4d30a897-a325-4e6e-b77f-4a19abfdf908,belong_to
1891,GROUP,4d30a897-a325-4e6e-b77f-4a19abfdf908,USER,ea4bc91c-84ab-4d1f-affd-4b72f6806d56,part_off
1892,USER,4a046b06-425b-42b2-be6c-c2a3a430db14,GROUP,3265be69-b676-47c6-9773-8efbe62d452f,belong_to
1892,GROUP,3265be69-b676-47c6-9773-8efbe62d452f,USER,4a046b06-425b-42b2-be6c-c2a3a430db14,part_off
1893,USER,5b5c2f40-0cfa-418e-b9f2-b22c20c9b048,GROUP,aba1fca3-7618-4d94-853a-575b4d45bf78,belong_to
1893,GROUP,aba1fca3-7618-4d94-853a-575b4d45bf78,USER,5b5c2f40-0cfa-418e-b9f2-b22c20c9b048,part_off
1894,USER,d90f05f6-ee38-46a3-a9a8-849a71371dbb,GROUP,ce961c64-223a-4ac8-bda1-1d966e7e5e79,belong_to
1894,GROUP,ce961c64-223a-4ac8-bda1-1d966e7e5e79,USER,d90f05f6-ee38-46a3-a9a8-849a71371dbb,part_off
1895,USER,1a15e0fa-ff1c-43d6-a248-419b854de8a8,GROUP,0563496a-fc58-44fa-869c-15e523420e36,belong_to
1895,GROUP,0563496a-fc58-44fa-869c-15e523420e36,USER,1a15e0fa-ff1c-43d6-a248-419b854de8a8,part_off
1896,USER,2d8fae96-af9d-4195-bdce-9253d11f2afa,GROUP,ccb06c4a-75b1-4451-a127-f842e0cb815a,belong_to
1896,GROUP,ccb06c4a-75b1-4451-a127-f842e0cb815a,USER,2d8fae96-af9d-4195-bdce-9253d11f2afa,part_off
1897,USER,0631f9fd-01ac-42c8-a062-9cb24736f220,GROUP,97391a52-636e-497d-8b98-17064bcf6a23,belong_to
1897,GROUP,97391a52-636e-497d-8b98-17064bcf6a23,USER,0631f9fd-01ac-42c8-a062-9cb24736f220,part_off
1898,USER,5e8027e5-e53e-478b-bfe4-cdfb746dd08e,GROUP,fee38728-defc-4942-93d9-3c9ff178dc06,belong_to
1898,GROUP,fee38728-defc-4942-93d9-3c9ff178dc06,USER,5e8027e5-e53e-478b-bfe4-cdfb746dd08e,part_off
1899,USER,62d18e84-3a17-4d29-b9d4-17e894e19cd2,GROUP,3529e0bb-ef9c-4847-beaf-fb34c0524c1c,belong_to
1899,GROUP,3529e0bb-ef9c-4847-beaf-fb34c0524c1c,USER,62d18e84-3a17-4d29-b9d4-17e894e19cd2,part_off
1900,USER,4d0e90ee-ad42-413a-bb9d-577c473ed6ad,GROUP,db1cc1af-57bc-4a48-87cd-26a28b73aac8,belong_to
1900,GROUP,db1cc1af-57bc-4a48-87cd-26a28b73aac8,USER,4d0e90ee-ad42-413a-bb9d-577c473ed6ad,part_off
1901,USER,68113e79-eb73-4ba4-8b9b-9c49eb4a2e24,GROUP,5b1a0a5d-32d2-4829-98de-5d087c477482,belong_to
1901,GROUP,5b1a0a5d-32d2-4829-98de-5d087c477482,USER,68113e79-eb73-4ba4-8b9b-9c49eb4a2e24,part_off
1902,USER,cdbc6c8d-50fb-41ee-becc-c0b7229e22d1,GROUP,9ae0bf81-7496-40cb-8353-ecf95798b212,belong_to
1902,GROUP,9ae0bf81-7496-40cb-8353-ecf95798b212,USER,cdbc6c8d-50fb-41ee-becc-c0b7229e22d1,part_off
1903,USER,d9d57e72-9f8b-4270-b319-6a6d40810f9b,GROUP,6024c90a-ecb5-4bf7-a602-708574f06155,belong_to
1903,GROUP,6024c90a-ecb5-4bf7-a602-708574f06155,USER,d9d57e72-9f8b-4270-b319-6a6d40810f9b,part_off
1904,USER,d1b97d42-b103-46f4-96a7-90c61ed17fd6,GROUP,b1b27fc9-3657-42ae-9257-ebd53eb9a548,belong_to
1904,GROUP,b1b27fc9-3657-42ae-9257-ebd53eb9a548,USER,d1b97d42-b103-46f4-96a7-90c61ed17fd6,part_off
1905,USER,6002a4e1-1c39-4c34-ae8f-6d76902be0e1,GROUP,0169f48e-a995-496f-82e8-e42eabd724e5,belong_to
1905,GROUP,0169f48e-a995-496f-82e8-e42eabd724e5,USER,6002a4e1-1c39-4c34-ae8f-6d76902be0e1,part_off
1906,USER,9990071a-f006-4e69-8abf-0673f0f79b96,GROUP,cf933968-84e5-4382-8ff3-ec8f99d0e4f5,belong_to
1906,GROUP,cf933968-84e5-4382-8ff3-ec8f99d0e4f5,USER,9990071a-f006-4e69-8abf-0673f0f79b96,part_off
1907,USER,ab08dc36-68ea-4f82-ad01-d02386eb5c05,GROUP,45d16862-906f-4315-be6d-42aa866cab3e,belong_to
1907,GROUP,45d16862-906f-4315-be6d-42aa866cab3e,USER,ab08dc36-68ea-4f82-ad01-d02386eb5c05,part_off
1908,USER,aa171560-a868-48d9-8f63-9216c352d673,GROUP,f7ae91cb-648f-451d-9490-9bc009e02347,belong_to
1908,GROUP,f7ae91cb-648f-451d-9490-9bc009e02347,USER,aa171560-a868-48d9-8f63-9216c352d673,part_off
1909,USER,4ea6b45c-d2d9-4bc3-b799-90137f59e485,GROUP,39c7bad6-118c-426e-9a50-43a12ee7583f,belong_to
1909,GROUP,39c7bad6-118c-426e-9a50-43a12ee7583f,USER,4ea6b45c-d2d9-4bc3-b799-90137f59e485,part_off
1910,USER,ddde5c38-f6c6-4293-8131-02046d0ada81,GROUP,035e8fb6-93d4-4980-8615-de8fd5faadc3,belong_to
1910,GROUP,035e8fb6-93d4-4980-8615-de8fd5faadc3,USER,ddde5c38-f6c6-4293-8131-02046d0ada81,part_off
1911,USER,9a2125ed-b95e-4fb5-99a1-59ec1b4cddf0,GROUP,2d88be70-7945-4492-8a6d-d513024d2fbb,belong_to
1911,GROUP,2d88be70-7945-4492-8a6d-d513024d2fbb,USER,9a2125ed-b95e-4fb5-99a1-59ec1b4cddf0,part_off
1912,USER,f12e0c5a-52da-47ff-bcc6-496ac29ac1f9,GROUP,0da0911f-a13e-448c-b087-37dfa1f35381,belong_to
1912,GROUP,0da0911f-a13e-448c-b087-37dfa1f35381,USER,f12e0c5a-52da-47ff-bcc6-496ac29ac1f9,part_off
1913,USER,e006d29f-fd34-489a-a61d-d1992c09b555,GROUP,5411b1e7-6da3-462a-afa9-1d5ee043b5db,belong_to
1913,GROUP,5411b1e7-6da3-462a-afa9-1d5ee043b5db,USER,e006d29f-fd34-489a-a61d-d1992c09b555,part_off
1914,USER,0bbb3225-2396-45e9-bacd-d2771fb894f7,GROUP,eba01407-32af-48ac-8645-dd7f96e06b2c,belong_to
1914,GROUP,eba01407-32af-48ac-8645-dd7f96e06b2c,USER,0bbb3225-2396-45e9-bacd-d2771fb894f7,part_off
1915,USER,6ec29c22-1a13-4f6b-8e73-4a333ebfa0ba,GROUP,07abe3b4-d72e-4dc3-acf3-f6159be1e6a5,belong_to
1915,GROUP,07abe3b4-d72e-4dc3-acf3-f6159be1e6a5,USER,6ec29c22-1a13-4f6b-8e73-4a333ebfa0ba,part_off
1916,USER,b9b742ab-08c5-472a-a0a6-de350824b68e,GROUP,c2b0dfc6-807f-4f10-8c8a-5f642a93bdde,belong_to
1916,GROUP,c2b0dfc6-807f-4f10-8c8a-5f642a93bdde,USER,b9b742ab-08c5-472a-a0a6-de350824b68e,part_off
1917,USER,7166bd39-26cd-4fe5-857f-d5ccde6960dc,GROUP,839792a7-904f-4999-97cc-44f1f7e01d4d,belong_to
1917,GROUP,839792a7-904f-4999-97cc-44f1f7e01d4d,USER,7166bd39-26cd-4fe5-857f-d5ccde6960dc,part_off
1918,USER,37012151-f06b-4bfa-8cf2-c2bc88d87aea,GROUP,f3fafa3c-4e42-4c80-9d8b-a4844f7ece8f,belong_to
1918,GROUP,f3fafa3c-4e42-4c80-9d8b-a4844f7ece8f,USER,37012151-f06b-4bfa-8cf2-c2bc88d87aea,part_off
1919,USER,6eb0cd93-b2af-4e98-a41c-509259f958aa,GROUP,51ec0044-42d2-4873-bd27-f9b036aae13d,belong_to
1919,GROUP,51ec0044-42d2-4873-bd27-f9b036aae13d,USER,6eb0cd93-b2af-4e98-a41c-509259f958aa,part_off
1920,USER,7f189969-a026-4004-b835-ca0ae37d2fe6,GROUP,dc591ca1-73fb-4982-a331-d6ff30ca1783,belong_to
1920,GROUP,dc591ca1-73fb-4982-a331-d6ff30ca1783,USER,7f189969-a026-4004-b835-ca0ae37d2fe6,part_off
1921,USER,d2de46c8-9004-4937-912c-b6ed562fcd5e,GROUP,3991193b-c0a0-4979-9d17-7e7707ffbf40,belong_to
1921,GROUP,3991193b-c0a0-4979-9d17-7e7707ffbf40,USER,d2de46c8-9004-4937-912c-b6ed562fcd5e,part_off
1922,USER,63dfdd60-6045-47d5-bc0a-bf8329fe308b,GROUP,ba5bcea9-df2a-406d-a4a3-c9ce848707ed,belong_to
1922,GROUP,ba5bcea9-df2a-406d-a4a3-c9ce848707ed,USER,63dfdd60-6045-47d5-bc0a-bf8329fe308b,part_off
1923,USER,46c4ec4e-e625-4353-8e81-31348833e181,GROUP,51396b3a-a1ba-4028-81de-830ba53cdc22,belong_to
1923,GROUP,51396b3a-a1ba-4028-81de-830ba53cdc22,USER,46c4ec4e-e625-4353-8e81-31348833e181,part_off
1924,USER,b082d616-0ca0-4231-85f4-9adcdd34a1da,GROUP,50f8c477-e4bb-4bc3-94cf-14c8893061cf,belong_to
1924,GROUP,50f8c477-e4bb-4bc3-94cf-14c8893061cf,USER,b082d616-0ca0-4231-85f4-9adcdd34a1da,part_off
1925,USER,cb8a947c-de85-480b-870f-dbf48607447b,GROUP,b5ed10c8-68a7-4ea8-baed-c9907c17dc65,belong_to
1925,GROUP,b5ed10c8-68a7-4ea8-baed-c9907c17dc65,USER,cb8a947c-de85-480b-870f-dbf48607447b,part_off
1926,USER,9e1670b0-8b36-4b7c-8a86-6ec41c7ee158,GROUP,2ea64b34-75e8-48e4-80f5-dabcc56315cc,belong_to
1926,GROUP,2ea64b34-75e8-48e4-80f5-dabcc56315cc,USER,9e1670b0-8b36-4b7c-8a86-6ec41c7ee158,part_off
1927,USER,dc211dfd-1e36-46f9-9181-3bc41baa935c,GROUP,caefc8e0-d7cc-4411-8009-0a212dbda0a1,belong_to
1927,GROUP,caefc8e0-d7cc-4411-8009-0a212dbda0a1,USER,dc211dfd-1e36-46f9-9181-3bc41baa935c,part_off
1928,USER,3ce49451-86ca-4d6e-91b8-7241c82fa33d,GROUP,b53f015a-8807-4828-a9ea-6c61dc306bc9,belong_to
1928,GROUP,b53f015a-8807-4828-a9ea-6c61dc306bc9,USER,3ce49451-86ca-4d6e-91b8-7241c82fa33d,part_off
1929,USER,c890740e-d130-49ff-838e-5463d9cfaa4a,GROUP,4a1a14d1-4787-4a64-869a-86d3cac0e3de,belong_to
1929,GROUP,4a1a14d1-4787-4a64-869a-86d3cac0e3de,USER,c890740e-d130-49ff-838e-5463d9cfaa4a,part_off
1930,USER,b5859fd4-89d0-4db5-bc8d-d07df465c3e6,GROUP,ca8327dc-f17b-4e50-8a36-3841e630f323,belong_to
1930,GROUP,ca8327dc-f17b-4e50-8a36-3841e630f323,USER,b5859fd4-89d0-4db5-bc8d-d07df465c3e6,part_off
1931,USER,db44de15-fec7-40c2-b6b7-d9d65c146995,GROUP,f338b536-6ead-401a-b882-79f0570664da,belong_to
1931,GROUP,f338b536-6ead-401a-b882-79f0570664da,USER,db44de15-fec7-40c2-b6b7-d9d65c146995,part_off
1932,USER,52b5c976-707a-4d86-acb4-51055c3bd0d5,GROUP,d23130fd-03f3-4b62-9de3-16cfa8e81788,belong_to
1932,GROUP,d23130fd-03f3-4b62-9de3-16cfa8e81788,USER,52b5c976-707a-4d86-acb4-51055c3bd0d5,part_off
1933,USER,f198d456-ef62-44c8-b094-a2b48f72a28e,GROUP,2f5e2cfc-e9ec-42c1-a0c9-08436447789d,belong_to
1933,GROUP,2f5e2cfc-e9ec-42c1-a0c9-08436447789d,USER,f198d456-ef62-44c8-b094-a2b48f72a28e,part_off
1934,USER,383fb083-bf7b-4a02-9921-b3c128116d31,GROUP,05dfd481-6820-4b06-b8e2-366134c6acc3,belong_to
1934,GROUP,05dfd481-6820-4b06-b8e2-366134c6acc3,USER,383fb083-bf7b-4a02-9921-b3c128116d31,part_off
1935,USER,0798f453-0bdc-4eda-b847-2c1476c73721,GROUP,f6949397-487c-4314-bc17-b1eef8b99adb,belong_to
1935,GROUP,f6949397-487c-4314-bc17-b1eef8b99adb,USER,0798f453-0bdc-4eda-b847-2c1476c73721,part_off
1936,USER,fe36dd5f-e962-4486-a04d-03fd3e29542f,GROUP,0f7b3df2-4e24-4e79-9e4d-c0beeffb0423,belong_to
1936,GROUP,0f7b3df2-4e24-4e79-9e4d-c0beeffb0423,USER,fe36dd5f-e962-4486-a04d-03fd3e29542f,part_off
1937,USER,5f6cd5e4-c138-4021-8d75-79d413440d2f,GROUP,e4a32e8d-1ee4-4cd7-8aea-f398858f6377,belong_to
1937,GROUP,e4a32e8d-1ee4-4cd7-8aea-f398858f6377,USER,5f6cd5e4-c138-4021-8d75-79d413440d2f,part_off
1938,USER,d19ae028-acc9-4781-93b7-dcca02632176,GROUP,084c56cb-4498-4858-8a53-32b3635c31e5,belong_to
1938,GROUP,084c56cb-4498-4858-8a53-32b3635c31e5,USER,d19ae028-acc9-4781-93b7-dcca02632176,part_off
1939,USER,d4ff8db2-d74a-4772-a3d7-1325c80df56c,GROUP,0f5ecc8e-3959-4e6a-a8aa-71ac5f28eeab,belong_to
1939,GROUP,0f5ecc8e-3959-4e6a-a8aa-71ac5f28eeab,USER,d4ff8db2-d74a-4772-a3d7-1325c80df56c,part_off
1940,USER,ca4ab8e6-099c-47f9-a1c9-6e2102dab439,GROUP,3b7f6375-9763-45cc-b192-6a722db62102,belong_to
1940,GROUP,3b7f6375-9763-45cc-b192-6a722db62102,USER,ca4ab8e6-099c-47f9-a1c9-6e2102dab439,part_off
1941,USER,535a1956-31e3-4a43-9990-f9d679bd3afc,GROUP,5c2790b2-5575-48ef-aced-caeb0314ad51,belong_to
1941,GROUP,5c2790b2-5575-48ef-aced-caeb0314ad51,USER,535a1956-31e3-4a43-9990-f9d679bd3afc,part_off
1942,USER,23a6a021-666a-499f-8e73-6f644610c9f4,GROUP,57f8c389-8cce-4578-bb29-24449da90c3c,belong_to
1942,GROUP,57f8c389-8cce-4578-bb29-24449da90c3c,USER,23a6a021-666a-499f-8e73-6f644610c9f4,part_off
1943,USER,2ee2a893-163f-46b7-ac3c-fed63751c892,GROUP,cc4d9be7-411b-48cf-a94b-77577a5d8d0d,belong_to
1943,GROUP,cc4d9be7-411b-48cf-a94b-77577a5d8d0d,USER,2ee2a893-163f-46b7-ac3c-fed63751c892,part_off
1944,USER,19c372de-b4c8-4587-a696-49c53653c83a,GROUP,5b09f9ca-3cae-4d6a-aea1-655bc201ce9e,belong_to
1944,GROUP,5b09f9ca-3cae-4d6a-aea1-655bc201ce9e,USER,19c372de-b4c8-4587-a696-49c53653c83a,part_off
1945,USER,1dabcfdf-0485-4292-b582-cbb9a11400fa,GROUP,e094cfd9-f87a-456f-8140-f75831cea158,belong_to
1945,GROUP,e094cfd9-f87a-456f-8140-f75831cea158,USER,1dabcfdf-0485-4292-b582-cbb9a11400fa,part_off
1946,USER,9590a56e-fa9d-46b9-87a6-ec0fe23a2ea4,GROUP,bce59acd-e4ba-46f8-a181-bdb2be55cf4f,belong_to
1946,GROUP,bce59acd-e4ba-46f8-a181-bdb2be55cf4f,USER,9590a56e-fa9d-46b9-87a6-ec0fe23a2ea4,part_off
1947,USER,c680a7d0-79e4-49bb-ad13-b2920692f2ce,GROUP,42c9917d-db99-41fe-bf52-9d16dc68936d,belong_to
1947,GROUP,42c9917d-db99-41fe-bf52-9d16dc68936d,USER,c680a7d0-79e4-49bb-ad13-b2920692f2ce,part_off
1948,USER,4407ab4f-5b57-48d0-ba05-007ee7960e87,GROUP,61a44440-8db8-4b2b-b013-e1a2f10d67f2,belong_to
1948,GROUP,61a44440-8db8-4b2b-b013-e1a2f10d67f2,USER,4407ab4f-5b57-48d0-ba05-007ee7960e87,part_off
1949,USER,8145b071-ed6b-44d3-aa7c-c7d41911bf3d,GROUP,1a7b39f1-9e65-40ed-87d6-f54c99717537,belong_to
1949,GROUP,1a7b39f1-9e65-40ed-87d6-f54c99717537,USER,8145b071-ed6b-44d3-aa7c-c7d41911bf3d,part_off
1950,USER,cd006247-163c-4858-af15-20cff0c65959,GROUP,d90aa170-5490-4893-af87-013172c37cff,belong_to
1950,GROUP,d90aa170-5490-4893-af87-013172c37cff,USER,cd006247-163c-4858-af15-20cff0c65959,part_off
1951,USER,4067e93b-0135-41e4-9593-1f2425418b27,GROUP,01aa6e52-4653-48d6-8ff2-d5960c96a94c,belong_to
1951,GROUP,01aa6e52-4653-48d6-8ff2-d5960c96a94c,USER,4067e93b-0135-41e4-9593-1f2425418b27,part_off
1952,USER,c8a51c4d-2712-4aa4-a51b-f569c15d7aee,GROUP,8c812162-7978-40d8-89c9-da6b09d22494,belong_to
1952,GROUP,8c812162-7978-40d8-89c9-da6b09d22494,USER,c8a51c4d-2712-4aa4-a51b-f569c15d7aee,part_off
1953,USER,43b4269a-692d-4464-ac6d-ef19dec76e59,GROUP,05f17c08-ce32-4101-83eb-fa88943d086a,belong_to
1953,GROUP,05f17c08-ce32-4101-83eb-fa88943d086a,USER,43b4269a-692d-4464-ac6d-ef19dec76e59,part_off
1954,USER,d65e67dc-9e12-4601-b417-ac199ba30a98,GROUP,16ea3714-d5d0-4977-a784-bc3a39136654,belong_to
1954,GROUP,16ea3714-d5d0-4977-a784-bc3a39136654,USER,d65e67dc-9e12-4601-b417-ac199ba30a98,part_off
1955,USER,60f9a72e-2c41-4fe5-a08f-e00960ede5ca,GROUP,adbb7da5-4efc-4463-ae97-71af0baf9518,belong_to
1955,GROUP,adbb7da5-4efc-4463-ae97-71af0baf9518,USER,60f9a72e-2c41-4fe5-a08f-e00960ede5ca,part_off
1956,USER,88a241cc-c5b2-4c08-aada-a08e3273ea79,GROUP,49838ec4-4c5b-4507-ab97-147bc25fd309,belong_to
1956,GROUP,49838ec4-4c5b-4507-ab97-147bc25fd309,USER,88a241cc-c5b2-4c08-aada-a08e3273ea79,part_off
1957,USER,56be4a2a-b3db-4ac1-8277-aed41f98a646,GROUP,39e8fa9d-c947-48d4-8861-d4ac79f1d5b0,belong_to
1957,GROUP,39e8fa9d-c947-48d4-8861-d4ac79f1d5b0,USER,56be4a2a-b3db-4ac1-8277-aed41f98a646,part_off
1958,USER,e6d8e83b-4bce-4093-8809-f545abccf568,GROUP,cb3bc6fc-4e29-42ea-9aae-231a07c5199a,belong_to
1958,GROUP,cb3bc6fc-4e29-42ea-9aae-231a07c5199a,USER,e6d8e83b-4bce-4093-8809-f545abccf568,part_off
1959,USER,fe276c9f-dccd-4af2-b01a-5b0bf5355b08,GROUP,b1fc8bd7-0239-4f62-a0a4-3797e3bd63b3,belong_to
1959,GROUP,b1fc8bd7-0239-4f62-a0a4-3797e3bd63b3,USER,fe276c9f-dccd-4af2-b01a-5b0bf5355b08,part_off
1960,USER,efb48d53-58a5-42f3-8eb1-2fd243c826ad,GROUP,503ab7f5-eab7-4132-a46a-0d7bcb9a84df,belong_to
1960,GROUP,503ab7f5-eab7-4132-a46a-0d7bcb9a84df,USER,efb48d53-58a5-42f3-8eb1-2fd243c826ad,part_off
1961,USER,3843b999-b8bd-4cbb-a648-712cf7b80243,GROUP,1b3f1ed0-1fc9-45ac-ab1e-b953982b19e6,belong_to
1961,GROUP,1b3f1ed0-1fc9-45ac-ab1e-b953982b19e6,USER,3843b999-b8bd-4cbb-a648-712cf7b80243,part_off
1962,USER,fac14295-f1cc-4294-b144-2e92b3ac0ee6,GROUP,1714187c-8a81-4451-bc36-b7e0e7dc9ab2,belong_to
1962,GROUP,1714187c-8a81-4451-bc36-b7e0e7dc9ab2,USER,fac14295-f1cc-4294-b144-2e92b3ac0ee6,part_off
1963,USER,1539ec0b-d964-4fcf-9dd4-00619cbbf84d,GROUP,c008689d-7904-4138-a36e-75619f7b7cbd,belong_to
1963,GROUP,c008689d-7904-4138-a36e-75619f7b7cbd,USER,1539ec0b-d964-4fcf-9dd4-00619cbbf84d,part_off
1964,USER,e9b76dd2-e234-4a13-be6a-6c223c938ad5,GROUP,9e67f531-c91b-426b-a6ad-3aaffba9b350,belong_to
1964,GROUP,9e67f531-c91b-426b-a6ad-3aaffba9b350,USER,e9b76dd2-e234-4a13-be6a-6c223c938ad5,part_off
1965,USER,cbe3f93d-ffb4-4bc9-95dc-1622d25e5761,GROUP,deca88a6-2483-4271-838a-6066a9dca731,belong_to
1965,GROUP,deca88a6-2483-4271-838a-6066a9dca731,USER,cbe3f93d-ffb4-4bc9-95dc-1622d25e5761,part_off
1966,USER,298234bf-e5a7-40f0-8e47-3a2f489743cf,GROUP,9d5de333-92f1-41e1-a950-1bc14113030b,belong_to
1966,GROUP,9d5de333-92f1-41e1-a950-1bc14113030b,USER,298234bf-e5a7-40f0-8e47-3a2f489743cf,part_off
1967,USER,b4441f58-e042-4147-9de3-174d08d2e293,GROUP,aa7ed25c-f6de-4f2c-9289-bd80ac2d58f7,belong_to
1967,GROUP,aa7ed25c-f6de-4f2c-9289-bd80ac2d58f7,USER,b4441f58-e042-4147-9de3-174d08d2e293,part_off
1968,USER,19857063-12b9-4b99-9c2b-4ecfd3318a59,GROUP,58502b9a-e59c-4b21-8b90-7bf67b51f9a8,belong_to
1968,GROUP,58502b9a-e59c-4b21-8b90-7bf67b51f9a8,USER,19857063-12b9-4b99-9c2b-4ecfd3318a59,part_off
1969,USER,d37a183f-3331-4bee-b590-0f313903f990,GROUP,ebcbe22c-fa4e-473b-876d-782227633c90,belong_to
1969,GROUP,ebcbe22c-fa4e-473b-876d-782227633c90,USER,d37a183f-3331-4bee-b590-0f313903f990,part_off
1970,USER,10c4d651-e138-4f65-98ed-7783ca47b545,GROUP,c7f1ccb0-fd15-40e1-b05a-f8efd3bdeb6d,belong_to
1970,GROUP,c7f1ccb0-fd15-40e1-b05a-f8efd3bdeb6d,USER,10c4d651-e138-4f65-98ed-7783ca47b545,part_off
1971,USER,85951456-3ed8-4d18-a584-41b533c816fc,GROUP,00085a66-4e3f-4f1a-88f7-4d8bb8329d78,belong_to
1971,GROUP,00085a66-4e3f-4f1a-88f7-4d8bb8329d78,USER,85951456-3ed8-4d18-a584-41b533c816fc,part_off
1972,USER,80262fd7-fbca-4f8e-9070-f6a4e8fb3f78,GROUP,bf64e55f-cc8e-4797-81af-5bebcb28eee4,belong_to
1972,GROUP,bf64e55f-cc8e-4797-81af-5bebcb28eee4,USER,80262fd7-fbca-4f8e-9070-f6a4e8fb3f78,part_off
1973,USER,a544051f-6158-41cd-bdcf-94d5e10c7432,GROUP,20bbfb05-9a28-40bc-926d-591bdcffe756,belong_to
1973,GROUP,20bbfb05-9a28-40bc-926d-591bdcffe756,USER,a544051f-6158-41cd-bdcf-94d5e10c7432,part_off
1974,USER,9c687680-72f2-47b1-8714-fb4bbdca92a2,GROUP,ab9cd242-d5f6-4140-9a13-0de1735295ae,belong_to
1974,GROUP,ab9cd242-d5f6-4140-9a13-0de1735295ae,USER,9c687680-72f2-47b1-8714-fb4bbdca92a2,part_off
1975,USER,e9556428-f5d6-4946-aef8-3e13d3d3481e,GROUP,2730340a-8090-498e-9538-78135c92922b,belong_to
1975,GROUP,2730340a-8090-498e-9538-78135c92922b,USER,e9556428-f5d6-4946-aef8-3e13d3d3481e,part_off
1976,USER,6a009b2e-1155-4a95-86b3-a40f4de8c07a,GROUP,366b7ebd-e114-4542-b3e7-64d9e3713fae,belong_to
1976,GROUP,366b7ebd-e114-4542-b3e7-64d9e3713fae,USER,6a009b2e-1155-4a95-86b3-a40f4de8c07a,part_off
1977,USER,a38371a7-ff17-4eaa-9f56-6189942d7b1f,GROUP,8cbb75d7-b747-49c5-beb4-f6dac222e65a,belong_to
1977,GROUP,8cbb75d7-b747-49c5-beb4-f6dac222e65a,USER,a38371a7-ff17-4eaa-9f56-6189942d7b1f,part_off
1978,USER,7943084c-f81a-4072-87cc-34894053c136,GROUP,b07e3fe4-e558-4a33-968c-9dad367953c3,belong_to
1978,GROUP,b07e3fe4-e558-4a33-968c-9dad367953c3,USER,7943084c-f81a-4072-87cc-34894053c136,part_off
1979,USER,dd464991-b33c-48b9-bed6-2db949e9082f,GROUP,02b6cb4d-809e-448c-ac50-c75650ef93c2,belong_to
1979,GROUP,02b6cb4d-809e-448c-ac50-c75650ef93c2,USER,dd464991-b33c-48b9-bed6-2db949e9082f,part_off
1980,USER,e4983800-872c-4fdd-8eea-4b1cdf8eb99e,GROUP,35976488-a015-42bc-bb29-3f189eb6c1e2,belong_to
1980,GROUP,35976488-a015-42bc-bb29-3f189eb6c1e2,USER,e4983800-872c-4fdd-8eea-4b1cdf8eb99e,part_off
1981,USER,c237d445-202b-45bc-9487-4c46f9a511da,GROUP,e968a12f-db8d-4c8d-af05-4b136dec6931,belong_to
1981,GROUP,e968a12f-db8d-4c8d-af05-4b136dec6931,USER,c237d445-202b-45bc-9487-4c46f9a511da,part_off
1982,USER,a655fbdb-f31d-43cc-8729-a53c28abeef1,GROUP,25dda0a6-0f3d-4175-ab91-c24d40902113,belong_to
1982,GROUP,25dda0a6-0f3d-4175-ab91-c24d40902113,USER,a655fbdb-f31d-43cc-8729-a53c28abeef1,part_off
1983,USER,bc05a375-3b59-4ff4-b427-ed86a6ba35d8,GROUP,0903ba03-7019-40fd-8d0b-0cea1e9c9823,belong_to
1983,GROUP,0903ba03-7019-40fd-8d0b-0cea1e9c9823,USER,bc05a375-3b59-4ff4-b427-ed86a6ba35d8,part_off
1984,USER,284fd62e-1797-4737-b755-8489752587d6,GROUP,2664962b-8c4b-44e5-b181-acbfc56f32ef,belong_to
1984,GROUP,2664962b-8c4b-44e5-b181-acbfc56f32ef,USER,284fd62e-1797-4737-b755-8489752587d6,part_off
1985,USER,7dfdbf11-4773-42e7-b448-7ead30763dc4,GROUP,256c86d5-3a12-41b7-b853-406dfe9dff9b,belong_to
1985,GROUP,256c86d5-3a12-41b7-b853-406dfe9dff9b,USER,7dfdbf11-4773-42e7-b448-7ead30763dc4,part_off
1986,USER,b616d096-7837-4d9f-896b-8d47000d24cf,GROUP,98fd590c-71a5-4a65-bd53-4800e9cdd323,belong_to
1986,GROUP,98fd590c-71a5-4a65-bd53-4800e9cdd323,USER,b616d096-7837-4d9f-896b-8d47000d24cf,part_off
1987,USER,4f7a2b0f-1ab8-4cf1-a32c-ed12da540a85,GROUP,4e5ab1c0-cb1a-4a98-9221-12f4196371ae,belong_to
1987,GROUP,4e5ab1c0-cb1a-4a98-9221-12f4196371ae,USER,4f7a2b0f-1ab8-4cf1-a32c-ed12da540a85,part_off
1988,USER,d09409c1-8496-4175-beb7-ceb96a2d15a5,GROUP,9a01cd08-3969-476e-91db-8eccf6c88bb3,belong_to
1988,GROUP,9a01cd08-3969-476e-91db-8eccf6c88bb3,USER,d09409c1-8496-4175-beb7-ceb96a2d15a5,part_off
1989,USER,02404b7c-b231-40f9-a3c7-92dc5905435d,GROUP,dc8d347b-0266-4214-9435-5087917c0233,belong_to
1989,GROUP,dc8d347b-0266-4214-9435-5087917c0233,USER,02404b7c-b231-40f9-a3c7-92dc5905435d,part_off
1990,USER,4bc4d6aa-42ac-4de6-8f66-ba5bfbe91a85,GROUP,d52b9a52-6ff0-431d-8d54-fef315574521,belong_to
1990,GROUP,d52b9a52-6ff0-431d-8d54-fef315574521,USER,4bc4d6aa-42ac-4de6-8f66-ba5bfbe91a85,part_off
1991,USER,78254eba-be77-411b-bc59-7f17283da438,GROUP,9cf5dd1b-a365-4fcb-b9e6-94cfa5dc3543,belong_to
1991,GROUP,9cf5dd1b-a365-4fcb-b9e6-94cfa5dc3543,USER,78254eba-be77-411b-bc59-7f17283da438,part_off
1992,USER,a47876af-9109-4c15-b92e-9c8591b34b5a,GROUP,1768be97-0dd9-4eb4-9b31-b57a9d700a92,belong_to
1992,GROUP,1768be97-0dd9-4eb4-9b31-b57a9d700a92,USER,a47876af-9109-4c15-b92e-9c8591b34b5a,part_off
1993,USER,7ee2c2ca-ee83-4290-be46-aadcff11f001,GROUP,0094b4a7-5046-4c05-b562-ed1512ba8334,belong_to
1993,GROUP,0094b4a7-5046-4c05-b562-ed1512ba8334,USER,7ee2c2ca-ee83-4290-be46-aadcff11f001,part_off
1994,USER,8f5ba5e9-ab16-4465-a07a-1d03a934482e,GROUP,23b95605-b084-47b9-a66b-89e3bb286f8c,belong_to
1994,GROUP,23b95605-b084-47b9-a66b-89e3bb286f8c,USER,8f5ba5e9-ab16-4465-a07a-1d03a934482e,part_off
1995,USER,7e6f4406-b178-4a41-b3a0-fdfd809d4af4,GROUP,06614680-33a3-4890-bde0-c6b9dd5f541a,belong_to
1995,GROUP,06614680-33a3-4890-bde0-c6b9dd5f541a,USER,7e6f4406-b178-4a41-b3a0-fdfd809d4af4,part_off
1996,USER,fdd61591-c4ae-4bb6-865e-8cae3fb415f3,GROUP,e9d625ad-f62d-4b21-a41c-fbf01c50bab6,belong_to
1996,GROUP,e9d625ad-f62d-4b21-a41c-fbf01c50bab6,USER,fdd61591-c4ae-4bb6-865e-8cae3fb415f3,part_off
1997,USER,debcc46e-cae1-4d19-81de-78acf92be36d,GROUP,55b5cf8e-e70b-461f-8d83-b2ef90d05d2c,belong_to
1997,GROUP,55b5cf8e-e70b-461f-8d83-b2ef90d05d2c,USER,debcc46e-cae1-4d19-81de-78acf92be36d,part_off
1998,USER,aa982eac-ad79-442e-b744-01d3537f74b3,GROUP,1c71e162-822b-4f8d-8952-90f6e7e7f96a,belong_to
1998,GROUP,1c71e162-822b-4f8d-8952-90f6e7e7f96a,USER,aa982eac-ad79-442e-b744-01d3537f74b3,part_off
1999,USER,dabd78c5-3a63-40b4-91ea-49a7b661d7db,GROUP,9a2eb3b5-f6da-46f6-9632-5caaea85599c,belong_to
1999,GROUP,9a2eb3b5-f6da-46f6-9632-5caaea85599c,USER,dabd78c5-3a63-40b4-91ea-49a7b661d7db,part_off
2000,USER,9921dedc-73fb-4df7-8433-624b513d4d3f,GROUP,264de645-ae08-4020-a4aa-02fb9f424a87,belong_to
2000,GROUP,264de645-ae08-4020-a4aa-02fb9f424a87,USER,9921dedc-73fb-4df7-8433-624b513d4d3f,part_off
